BOR;AN;FI;FI_EJ;SITES;SALCHIR;SAL24CHIR;SALOBS;SAL24OBS;SALINT;SAL24INT;SALEND;SALEND24;SALAUT;SALAUT24;SALTOT;SALTOT24;SALAMBU;SURV;SURV24;SURVAMBU;POST;POST24;POSTAMBU;BLOCS_A10;BLOCS_B10;BLOCS_C10;BLOCS_D10;BLOCS_E10;BLOCS_F10;BLOCS_G10;BLOCS_H10;BLOCS_I10;BLOCS_A11;BLOCS_B11;BLOCS_C11;BLOCS_D11;BLOCS_E11;BLOCS_F11;BLOCS_G11;BLOCS_H11;BLOCS_I11;BLOCS_A12;BLOCS_B12;BLOCS_C12;BLOCS_D12;BLOCS_E12;BLOCS_F12;BLOCS_G12;BLOCS_H12;BLOCS_I12;BLOCS_A13;BLOCS_B13;BLOCS_C13;BLOCS_D13;BLOCS_E13;BLOCS_F13;BLOCS_G13;BLOCS_H13;BLOCS_I13;BLOCS_A14;BLOCS_B14;BLOCS_C14;BLOCS_D14;BLOCS_E14;BLOCS_F14;BLOCS_G14;BLOCS_H14;BLOCS_I14;BLOCS_A15;BLOCS_B15;BLOCS_C15;BLOCS_D15;BLOCS_E15;BLOCS_F15;BLOCS_G15;BLOCS_H15;BLOCS_I15
BLOCS;2014;010000024;010780054;3;9;;2;2;0;;1;;0;;12;2;;2;1;;19;4;;5090;2908;7998;6619;;;;;;811;681;1492;764;;;;;;363;5;368;1;;;;;;195;27;222;0;;;;;;2573;2578;5151;2614;;;;;;12;51;63;0;;;;;
BLOCS;2014;010000032;010780062;1;2;2;0;0;0;0;1;1;0;0;3;3;0;1;1;;6;6;;1176;664;1840;1587;1792;1;0;1;1;325;144;469;138;13;4;12;1;0;1;0;1;0;0;0;0;0;0;0;0;0;0;0;0;0;0;0;492;475;967;729;716;0;0;0;0;0;3;3;2;3;0;0;0;0
BLOCS;2014;010005239;010008407;1;3;1;1;;1;;2;;0;;7;1;;1;;;10;;;1522;1595;3117;2358;;;;;;479;208;687;273;;;;;;15;0;15;0;;;;;;24;0;24;0;;;;;;656;863;1519;882;;;;;;1;4;5;0;;;;;
BLOCS;2014;010007300;010007292;1;1;0;0;0;0;0;1;0;0;0;2;0;2;1;0;1;5;0;5;0;660;660;529;;0;0;0;0;0;0;0;0;;;;;;0;0;0;0;;;;;;0;0;0;0;;;;;;0;1859;1859;1009;;0;0;0;0;0;0;0;0;;;;;
BLOCS;2014;010780195;010000156;1;8;;0;;1;1;2;;0;;11;1;;1;;;14;;;6325;6301;12626;9552;;;;;;2;0;2;2;;;;;;809;3;812;699;;;;;;75;1;76;0;;;;;;1671;3568;5239;3188;;;;;;5;24;29;5;;;;;
BLOCS;2014;010780203;010006450;1;5;2;1;1;1;;1;;1;;9;3;;1;;;7;;;2803;2453;5256;4157;;0;0;18;3;280;67;347;255;;3;2;2;;0;0;0;0;;;;;;45;0;45;0;;;;;;882;1785;2667;1608;;;;;;0;20;20;4;;;;;
BLOCS;2014;020000162;020000063;3;13;13;1;1;2;2;6;1;0;0;22;17;0;1;1;0;24;24;0;7617;6384;14001;12312;3938;61;655;11;34;580;455;1035;631;47;5;20;0;2;726;8;734;479;0;4;4;2;4;265;407;672;0;2;0;62;0;1;3756;3175;6931;3136;2346;7;147;3;17;9;22;31;0;1817;0;1;0;0
BLOCS;2014;020000360;020014742;1;4;;;;;;1;;1;;6;;;1;;;8;;;1694;3784;5478;4004;;;;;;0;0;0;0;;;;;;0;0;0;0;;;;;;0;0;0;0;;;;;;488;1681;2169;1492;;;;;;2;2;4;1;;;;;
BLOCS;2014;020000394;020000253;1;4;1;1;;0;;0;;0;;5;1;2;1;1;;9;9;;2858;1451;4309;3263;3710;23;224;14;25;654;298;952;266;38;7;29;2;5;24;0;24;2;;;;;1;2;1;3;0;;;;;;1544;1004;2548;1449;1371;5;24;1;6;2;5;7;0;1;;;;
BLOCS;2014;020000519;020000261;2;4;1;1;1;1;1;2;;1;;9;3;;1;;;8;;;3961;1775;5736;4158;106;13;11;2;8;635;402;1037;334;0;48;52;19;12;132;0;132;0;;;;;;26;0;26;0;;;;;;1709;689;2398;1009;834;3;0;0;2;13;13;26;0;;;;;
BLOCS;2014;020000535;020000287;1;4;4;0;0;0;0;1;1;0;0;5;5;;2;2;;9;9;;1568;2599;4167;2707;;2;;;;427;289;716;295;;3;2;;;1;1;2;1;;;;;;1;0;1;0;;;;;;1158;1925;3083;1309;;;;;;2;39;41;1;;;;;
BLOCS;2014;020001061;020004404;1;3;1;1;1;;;1;0;;;5;2;;1;1;;6;4;;1355;1961;3316;2876;2321;17;14;3;11;336;139;475;266;24;7;12;1;1;47;0;47;0;;0;0;0;0;3;4;7;0;1;0;0;0;0;1065;773;1838;739;683;2;0;1;2;1;5;6;1;4;0;0;0;0
BLOCS;2014;020010047;020001632;;6;;1;;1;;2;;1;;11;;;1;;;15;;;4251;4514;8765;6797;;;;;;319;70;389;312;;;;;;35;0;35;0;;;;;;83;0;83;0;;;;;;1637;4655;6292;3893;;;;;;26;78;104;5;;;;;
BLOCS;2014;030000061;030780092;3;7;1;1;1;2;1;1;1;1;;12;4;0;1;1;0;10;;0;3545;1344;4889;4058;3247;8;17;5;10;690;215;905;375;;12;15;4;3;337;0;337;0;;0;0;0;0;124;0;124;98;;0;0;0;0;2156;647;2803;1507;981;2;5;2;1;32;81;113;1;127;0;0;0;0
BLOCS;2014;030000079;030780100;1;3;1;1;;0;;2;;0;;6;1;0;1;1;0;8;2;0;2209;830;3039;2456;3732;14;36;0;6;684;324;1008;348;19;5;16;4;3;45;1;46;29;;0;2;0;0;5;0;5;0;;0;1;0;0;1162;364;1526;481;951;1;8;2;0;7;7;14;1;275;0;0;0;0
BLOCS;2014;030000087;030780118;1;6;6;1;1;3;1;2;1;0;;12;9;;3;1;;15;1;;4758;2221;6979;5438;0;22;5;4;14;776;292;1068;479;0;0;5;1;3;1001;23;1024;9;;;;;;221;71;292;0;0;0;0;0;0;2023;3628;5651;3631;;;;;;7;16;23;4;;0;0;0;0
BLOCS;2014;030780548;030000194;1;6;;0;;1;;1;;1;;9;;;1;;;12;;;3899;5321;9220;6512;;;;;;6;12;18;18;;;;;;0;0;0;0;;;;;;104;2;106;0;;;;;;757;1093;1850;1368;;;;;;16;248;264;10;;;;;
BLOCS;2014;030781116;030000426;1;12;12;1;;1;1;1;1;1;;16;14;16;1;1;;20;20;;5832;6547;12379;8423;;;;;;3;41;44;43;;;;;;37;0;37;0;;;;;;194;0;194;0;;;;;;2211;3256;5467;3963;;;;;;12;44;56;6;;;;;
BLOCS;2014;030785430;030785422;1;6;0;0;0;0;0;1;0;0;0;7;0;0;1;0;0;11;0;0;2772;3706;6478;4506;;;;;;0;0;0;0;;;;;;4;0;4;0;;;;;;51;14;65;0;;;;;;545;2121;2666;2352;;;;;;2;8;10;3;;;;;
BLOCS;2014;040000093;040780215;1;5;5;1;1;0;;0;;0;;6;6;;1;1;;9;9;;2199;1252;3451;2391;;;;;;533;320;853;354;;;;;;1;0;1;0;;;;;;0;0;0;0;;;;;;982;565;1547;646;;;;;;1;3;4;0;;;;;
BLOCS;2014;040000135;050002948;;0;;;;;;0;;0;;0;;;0;;;0;;;32;7;39;0;;;;;;0;0;0;0;;;;;;0;0;0;0;;;;;;0;0;0;0;;;;;;51;319;370;252;;;;;;0;0;0;0;;;;;
BLOCS;2014;040000911;040788879;1;5;5;1;1;0;;1;1;0;;7;7;;1;1;;9;9;;1700;1243;2943;2300;;;;;;241;228;469;256;;;;;;27;0;27;0;;;;;;5;0;5;0;;;;;;695;1360;2055;1002;;;;;;5;5;10;0;;;;;
BLOCS;2014;040780470;040000192;1;3;0;0;0;0;0;1;0;0;0;4;0;0;1;0;0;6;0;0;1006;4326;5332;3486;;;;;;0;0;0;0;;;;;;0;0;0;0;;;;;;0;0;0;0;;;;;;251;2121;2372;1521;;;;;;0;0;0;0;;;;;
BLOCS;2014;050000041;130037815;;;;;;;;1;0;3;0;4;0;;;;;;;;;;;;;;;;;;;;;;;;;;;;;;;;;;;;;;;;;;;;;;;;;;;;;;;;;;;;;
BLOCS;2014;050000090;050006931;1;5;;0;;1;;1;;1;;8;;;1;;;12;;;2941;4302;7243;6201;;;;;;0;0;0;0;;;;;;14;0;14;0;;;;;;93;8;101;0;;;;;;1250;4767;6017;3797;;;;;;3;8;11;8;;;;;
BLOCS;2014;050000231;050000116;1;2;;1;;0;;1;;0;;4;;;1;;;8;;;2229;869;3098;2548;574;3;0;4;8;191;108;299;122;0;0;2;0;2;0;0;0;0;0;0;0;0;0;0;0;0;0;0;0;0;0;0;669;499;1168;627;60;0;0;0;0;8;14;22;0;0;0;0;0;0
BLOCS;2014;050000348;050002948;;6;1;1;;0;;0;;0;;7;1;;2;1;;11;;;4521;1468;5989;4875;3093;21;573;13;12;802;252;1054;537;39;6;16;1;2;45;0;45;0;0;0;9;0;0;26;0;26;0;713;0;0;0;0;1497;900;2397;1248;1349;0;59;0;0;35;11;46;1;;0;0;0;0
BLOCS;2014;060000478;060780897;;6;1;1;1;1;0;3;0;1;0;12;2;;2;;;9;;;4744;2070;6814;5565;;;;;;1123;440;1563;505;;;;;;2;0;2;0;;;;;;3;0;3;0;;;;;;2397;674;3071;1492;;;;;;6;17;23;2;;;;;
BLOCS;2014;060000510;060780954;5;5;0;4;4;1;1;2;0;1;0;13;5;;1;;;12;;;3927;1228;5155;3999;87;10;6;11;7;670;371;1041;444;3;23;50;16;8;817;3;820;71;0;5;2;1;1;106;2;108;0;0;0;0;0;0;1306;1366;2672;937;122;1;1;0;2;1;3;4;1;0;0;0;0;0
BLOCS;2014;060000528;060780962;1;5;0;0;0;0;0;0;0;0;0;5;0;0;1;0;0;4;0;0;3523;1331;4854;2727;;;;;;0;0;0;0;;;;;;0;0;0;0;;;;;;0;0;0;0;;;;;;406;370;776;480;;;;;;0;0;0;0;;;;;
BLOCS;2014;060000544;060780988;4;8;1;1;1;2;;3;;;;14;2;;1;;;10;;;5354;2289;7643;5270;;;;;;1050;480;1530;674;55;;;;;761;6;767;0;31;;;;;228;2;230;0;;;;;;3038;1546;4584;2405;1773;;;;;11;125;136;17;694;;;;
BLOCS;2014;060001450;060785011;1;10;2;0;;3;;1;;1;;15;2;2;2;1;1;15;4;5;9416;4170;13586;9915;7591;121;45;39;70;;0;0;;;;;;;8;0;8;1;;1;;;;696;60;756;0;5;5;5;;;265;9;274;57;9;4;;;;15;5;20;0;1879;;;1;
BLOCS;2014;060002102;060791761;1;3;;0;;;;1;;;;4;;4;1;;;6;;;1627;1126;2753;2007;;;;;;3;120;123;28;;;;;;0;0;0;0;;;;;;0;0;0;0;;;;;;465;1591;2056;1057;;;;;;0;0;0;0;;;;;
BLOCS;2014;060021417;060000221;3;8;;1;;1;;1;;1;;12;;;3;;;15;;;4776;13216;17992;13739;;;;;;4;160;164;164;;;;;;0;0;0;0;;;;;;9;1;10;0;;;;;;686;2995;3681;2129;;;;;;54;85;139;12;;;;;
BLOCS;2014;060780442;060000213;;5;;;;;;1;;1;;7;;0;1;;;9;;;2137;6067;8204;6270;;;;;;0;0;0;0;;;;;;0;0;0;0;;;;;;0;0;0;0;;;;;;152;71;223;194;;;;;;2;3;5;0;;;;;
BLOCS;2014;060780491;060790797;3;9;5;0;0;1;1;2;2;2;0;14;8;;3;1;;24;7;;3614;5302;8916;6303;;8;0;0;0;0;0;0;0;;;;;;0;0;0;0;;;;;;1077;129;1206;0;;0;0;0;0;3590;5734;9324;5192;;6;1;0;0;28;306;334;4;;0;0;0;0
BLOCS;2014;060780517;060000239;4;13;1;1;1;1;0;2;0;1;0;18;2;3;5;1;1;22;1;8;6922;9578;16500;13812;;;;;;309;420;729;593;;;;;;0;0;0;0;;;;;;4;0;4;0;;;;;;1129;7130;8259;4923;;;;;;2;116;118;3;;;;;
BLOCS;2014;060780590;060000270;1;5;0;0;0;0;0;2;0;0;0;7;0;;1;0;;11;0;;2143;2776;4919;3620;;1;0;1;0;0;40;40;40;;;;;;0;0;0;0;;;;;;0;0;0;0;;;;;;1276;4133;5409;3262;;;;;;11;10;21;17;;;;;
BLOCS;2014;060780665;060000312;;5;;0;;;;1;;0;;6;;;1;;;5;;;872;1916;2788;1746;;;;;;0;10;10;10;;;;;;0;0;0;0;;;;;;0;0;0;0;;;;;;302;2005;2307;1148;;;;;;1;14;15;5;;;;;
BLOCS;2014;060780699;060000346;1;0;;0;;;;0;;0;;0;;4;0;;2;0;;10;3;2197;2200;1404;;;;;;0;191;191;176;;;;;;0;0;0;0;;;;;;0;0;0;0;;;;;;0;240;240;182;;;;;;0;51;51;9;;;;;
BLOCS;2014;060780715;060000361;6;19;2;6;6;4;1;4;1;;;33;10;4;5;1;2;36;12;12;11666;14094;25760;21496;465;67;8;12;46;484;142;626;612;;7;9;0;2;1418;16;1434;1171;;;;;1;351;231;582;0;;;;;;2089;8700;10789;5726;408;1;;2;4;6;13;19;17;;;;;
BLOCS;2014;060780723;060004959;2;6;6;0;0;3;2;2;1;1;;12;9;;2;0;;18;;;3786;6757;10543;8149;;17;0;2;2;0;0;0;0;;;;;;109;3;112;40;0;;0;0;1;82;0;82;0;0;0;0;0;0;2220;6638;8858;4751;0;0;0;0;0;1;37;38;34;0;0;0;0;0
BLOCS;2014;060780756;060000403;2;6;;1;;;;2;;0;;9;;;1;;;13;;;2866;2448;5314;4584;;;;;;770;271;1041;1001;;;;;;0;0;0;0;;;;;;0;0;0;0;;;;;;659;5703;6362;3623;;;;;;7;138;145;14;;;;;
BLOCS;2014;060780947;060800174;1;5;;;;;;0;;0;;5;;;1;;;8;;;2866;2277;5143;4422;;;;;;0;0;0;0;;;;;;0;0;0;0;;;;;;0;0;0;0;;;;;;358;142;500;122;;;;;;1;3;4;0;;;;;
BLOCS;2014;060781200;060000635;3;7;2;;;;;2;;1;;10;2;1;2;;;12;;;2455;4596;7051;5791;;0;0;0;1;4;157;161;150;;;;;;1;0;1;1;;;;;;0;0;0;0;;;;;;2040;5527;7567;4437;;;;;;2;290;292;266;;;;;
BLOCS;2014;060785003;060785011;2;5;;;;3;;2;;0;;10;;;2;;;8;;;4288;763;5051;4126;115;10;28;4;0;0;0;0;0;;;;;;1233;5;1238;273;17;3;8;3;0;93;4;97;0;9;1;1;;;1044;362;1406;236;7834;4;;;1;1;3;4;1;;;;;
BLOCS;2014;060785219;060001468;2;1;0;;;1;0;1;0;0;;3;0;;2;0;;9;0;;295;0;295;24;;;;;;0;0;0;0;;;;;;1040;0;1040;2;;;;;;20;0;20;0;;;;;;948;;948;948;;;;;;6;0;6;0;;;;;
BLOCS;2014;060789195;060785011;1;10;;1;1;1;;5;1;1;;18;2;1;3;1;;23;2;;9124;2227;11351;8586;3939;36;24;;14;2197;1296;3493;1769;151;33;72;12;19;4;0;4;0;;;;;;390;5;395;0;57;;;;;6303;2899;9202;4781;2117;16;2;9;0;239;22;261;53;2094;;;;
BLOCS;2014;060791811;750826638;1;0;;0;;0;;1;;1;;2;;;1;;;4;;;19;0;19;11;;;;;;0;0;0;0;;;;;;0;0;0;0;;;;;;0;0;0;0;;;;;;380;13;393;70;;;;;;5;1;6;0;;;;;
BLOCS;2014;060794013;060790797;2;3;2;0;;3;3;0;0;0;0;6;5;;1;1;;10;10;;773;4;777;604;;0;0;0;0;0;0;0;0;;;;;;1796;1;1797;1350;;0;1;0;0;118;0;118;0;;0;0;0;0;181;0;181;34;;0;0;0;0;0;0;0;0;;;;;
BLOCS;2014;060800166;060780608;2;10;;;;1;;3;;0;;14;;;5;;;30;;;4785;6233;11018;7925;;;;;;;;;;;;;;;0;0;0;0;;;;;;75;0;75;0;;;;;;2350;8230;10580;6875;;;;;;2;43;45;16;;;;;
BLOCS;2014;070000013;070002878;1;1;1;0;;0;;1;;0;;2;1;2;1;;;6;;;893;612;1505;1225;687;7;3;5;3;122;105;227;90;;3;10;;1;1;0;1;0;;;;;;0;0;0;0;;;;;;999;495;1494;1016;815;;;;2;3;13;16;0;;9;;;
BLOCS;2014;070000096;070780184;;;;;;;;1;;;;1;;;1;;;2;;;0;0;0;0;;;;;;0;0;0;0;;;;;;0;0;0;0;;;;;;0;0;0;0;;;;;;74;312;386;284;;;;;;0;0;0;0;;;;;
BLOCS;2014;070000179;070780358;1;4;;0;;0;;1;;0;;5;;;1;;;6;;;2539;1867;4406;3093;;;;;;482;148;630;307;;;;;;91;4;95;0;;;;;;14;0;14;0;;;;;;1093;1450;2543;1327;;;;;;8;10;18;0;;;;;
BLOCS;2014;070000609;070005566;1;5;;1;;1;;1;;1;;9;;;1;;;6;;;2123;1568;3691;2765;;;;;;471;313;784;372;;;;;;61;0;61;0;;;;;;73;2;75;0;;;;;;1291;796;2087;900;;;;;;1;7;8;1;;;;;
BLOCS;2014;070780168;070000088;;2;;;;1;;1;;;;4;;;;;;1;;;1787;2344;4131;3156;;;;;;3;18;21;21;;;;;;5;0;5;0;;;;;;37;0;37;0;;;;;;449;2237;2686;1703;;;;;;2;15;17;3;;;;;
BLOCS;2014;070780408;070000229;1;4;;;;0;;0;;0;;4;;0;1;;;6;;;1188;1371;2559;1898;;;;;;0;0;0;0;;;;;;0;0;0;0;;;;;;2;4;6;0;;;;;;231;937;1168;839;;;;;;0;1;1;1;;;;;
BLOCS;2014;070780424;070000245;3;12;;2;;1;;1;;1;;17;;;1;;;22;;;8578;7107;15685;14130;;;;;;809;108;917;442;;;;;;24;0;24;1;;;;;;1204;119;1323;0;;;;;;1300;571;1871;1634;;;;;;14;55;69;17;;;;;
BLOCS;2014;080000110;080000037;2;2;;1;;1;;2;;1;;7;;;1;;;9;;;1579;1006;2585;2052;2175;3;3;3;4;436;181;617;215;30;19;34;10;13;0;0;0;0;0;0;0;0;0;8;38;46;0;0;0;0;0;0;757;527;1284;612;485;1;7;0;1;3;7;10;0;21;0;0;0;0
BLOCS;2014;080000219;080001969;1;3;1;0;;0;;1;1;;;4;2;4;1;;;6;6;;3552;797;4349;1941;444;2;0;3;8;0;0;0;0;0;0;0;0;0;5;1;6;4;0;0;0;0;0;0;0;0;0;0;0;0;0;0;487;1218;1705;907;728;0;0;0;0;3;3;6;1;0;0;0;0;0
BLOCS;2014;080000425;080000615;2;6;2;1;1;1;0;1;0;1;0;10;3;0;1;0;0;10;0;0;4730;2453;7183;5510;3134;6;1;12;2;1155;319;1474;562;95;39;79;7;9;88;1;89;0;0;0;0;0;0;140;0;140;0;5;0;0;0;0;2218;1771;3989;1913;2250;4;2;1;5;16;19;35;2;83;0;0;0;0
BLOCS;2014;080010465;080010242;;1;;;;;;1;;;;2;;1;1;;;2;;;0;0;0;0;;;;;;0;0;0;0;;;;;;0;0;0;0;;;;;;0;0;0;0;;;;;;0;0;0;0;;;;;;0;0;0;0;;;;;
BLOCS;2014;080010473;080010242;;4;;;;1;;1;;1;;7;;1;1;;;11;;;0;0;0;0;;;;;;0;0;0;0;;;;;;0;0;0;0;;;;;;0;0;0;0;;;;;;0;0;0;0;;;;;;0;0;0;0;;;;;
BLOCS;2014;090000175;090781774;1;6;;1;;0;;1;;0;;8;;0;1;;;12;;;3783;2681;6464;4463;;;;;;618;461;1079;544;;;;;;48;0;48;0;;;;;;10;0;10;0;;;;;;1518;1667;3185;1621;;;;;;2;4;6;0;;;;;
BLOCS;2014;090000183;090781816;1;1;1;1;1;;;1;1;;;3;3;;1;;;4;;;1147;1073;2220;1474;;;;;;108;101;209;85;;;;;;0;0;0;0;;;;;;0;0;0;0;;;;;;364;646;1010;559;;;;;;0;0;0;0;;;;;
BLOCS;2014;090001629;090780107;1;0;;;;;;1;;0;;1;;2;0;;1;0;;4;5;100;105;3;179;;;;;0;0;0;0;;;;;;0;0;0;0;;;;;;0;0;0;0;;;;;;48;1060;1108;651;83;;;;;0;0;0;0;;;;;
BLOCS;2014;100000082;100001148;1;3;;1;;;;1;;;;5;;5;1;;;9;;;1364;3312;4676;3358;;2;0;1;4;11;19;30;30;;;;;;6;3;9;0;;;;;;10;9;19;0;;;;;;144;1320;1464;715;;;;;;0;4;4;2;;;;;
BLOCS;2014;100000090;100000017;3;8;7;1;1;1;1;1;1;1;1;12;11;0;1;1;0;10;10;0;5888;2838;8726;6897;946;7;6;0;0;1770;702;2472;1206;0;0;2;0;0;647;3;650;0;0;0;3;0;0;448;32;480;0;0;0;1;0;0;2679;964;3643;1755;1009;0;0;0;0;18;33;51;4;11;0;0;0;0
BLOCS;2014;100000124;100009075;1;6;;0;;0;;0;;0;;6;;;1;;;12;;;5164;4169;9333;7894;;;;;;0;0;0;0;;;;;;90;0;90;0;;;;;;26;0;26;0;;;;;;244;146;390;315;;;;;;6;14;20;7;;;;;
BLOCS;2014;100000157;100009075;1;3;;;;;;1;;;;4;;;1;;;5;;;917;2902;3819;3301;;;;;;0;0;0;0;;;;;;0;0;0;0;;;;;;0;0;0;0;;;;;;155;2077;2232;1488;;;;;;0;0;0;0;;;;;
BLOCS;2014;100000199;100006279;1;0;;2;2;0;;1;;0;;3;2;;1;;;2;;;;;;;;;;;;299;75;374;137;;;;;;;;;;;;;;;9;0;9;0;;;;;;150;90;240;89;;;;;;0;0;0;0;;;;;
BLOCS;2014;100002351;100000561;1;5;;;;;;1;;1;;7;;;1;;;7;;;3407;2618;6025;5119;;;;;;207;43;250;156;;;;;;4;0;4;0;;;;;;0;0;0;0;;;;;;2248;5657;7905;5271;;;;;;6;94;100;8;;;;;
BLOCS;2014;110000023;110780061;2;6;;1;1;1;;3;;1;;12;1;;1;;;16;;;3600;1441;5041;3996;2364;15;4;3;12;1330;470;1800;862;76;20;27;3;8;360;4;364;4;;3;2;;2;245;57;302;0;;;;1;;2740;1384;4124;1516;876;;;1;1;27;11;38;5;401;;;;
BLOCS;2014;110000056;110780137;2;6;;1;;0;;1;;0;;8;;;1;;;12;;;3065;1625;4690;4380;293;18;25;8;34;417;553;970;432;;4;4;;4;70;0;70;0;;;;;;20;0;20;0;;;;;;1159;1569;2728;1222;69;;28;;;8;15;23;0;1;;;;
BLOCS;2014;110000247;110780772;1;0;0;0;0;0;0;1;0;0;0;1;0;0;1;0;0;4;0;0;0;0;0;0;0;;;;;0;0;0;0;;;;;;0;0;0;0;;;;;;0;0;0;0;;;;;;19;127;146;69;0;;;;;0;0;0;0;;;;;
BLOCS;2014;110780228;110000114;;6;;1;;0;;2;;0;;9;;;1;;;12;;;3749;7362;11111;7105;;6;;5;5;425;294;719;337;;;;0;1;;0;0;;;;;;;;;;0;;;;;;1912;4714;6626;4236;;;;;;;;;;;;;;
BLOCS;2014;110780483;110000155;1;9;;;;;;;;;;9;;;1;;;10;;;3316;8871;12187;8202;94;54;13;26;43;4;72;76;21;;;;;;13;0;13;0;;;;;;56;19;75;0;;;;;;1051;4125;5176;3248;104;2;3;1;1;6;7;13;6;;;;;
BLOCS;2014;120000039;120780044;1;7;;1;;1;;3;;1;;13;;;2;;;19;;;4521;4089;8610;6285;;12;4;9;18;754;351;1105;396;;;4;1;1;898;12;910;54;;;1;4;3;104;3;107;0;;;;;;2121;3139;5260;3121;;;;2;;12;9;21;1;;;;;
BLOCS;2014;120000054;120780069;2;2;2;1;1;1;1;1;;1;;6;4;;1;;;6;6;;2225;598;2823;2394;;;;;;379;192;571;164;;;;;;26;0;26;0;;;;;;74;0;74;0;;;;;;674;168;842;595;;;;;;4;5;9;0;;;;;
BLOCS;2014;120000070;120780085;1;3;1;1;1;0;0;1;0;0;0;5;2;0;1;1;0;4;4;0;778;401;1179;947;;;;;;168;97;265;129;;;;;;0;0;0;0;;;;;;0;0;0;0;;;;;;206;308;514;234;;;;;;0;0;0;0;;;;;
BLOCS;2014;120001128;120780069;2;1;;;;;;1;;1;;3;;;1;;;4;4;;725;2538;3263;2019;;;;;;0;0;0;0;;;;;;0;0;0;0;;;;;;0;0;0;0;;;;;;396;2265;2661;1794;;;;;;0;0;0;0;;;;;
BLOCS;2014;120004569;120004528;2;4;;1;;1;;0;;0;;6;;;1;;;8;;;2220;597;2817;2425;;5;0;3;4;175;82;257;105;;1;;;;0;0;0;0;;;;;;2;0;2;0;;;;;;610;230;840;480;;;;;;0;0;0;0;;;;;
BLOCS;2014;120004668;120004619;1;1;0;1;1;;;1;;;;3;1;2;1;;;3;;;211;1012;1223;688;;;;;;162;25;187;57;1;;;;1;0;0;0;0;;;;;;0;0;0;0;;;;;;180;466;646;346;;;;;;0;0;0;0;;;;;
BLOCS;2014;120780325;120004528;1;;;;;;;0;;;;0;;2;;;1;;;3;29;1519;1548;1034;1113;;;;;0;23;23;22;;;;;;0;0;0;0;;;;;;0;0;0;0;;;;;;10;1657;1667;1030;;;;;;0;41;41;1;;;;;
BLOCS;2014;130000409;130041916;3;12;;1;1;2;;2;;2;;19;1;;3;;;21;;;7917;2741;10658;8179;5792;33;32;20;33;1387;1120;2507;1138;21;18;34;6;10;1184;1;1185;66;0;3;4;1;2;265;7;272;172;0;1;0;0;0;4277;1309;5586;2109;3777;4;7;2;2;88;157;245;9;1036;1;0;0;0
BLOCS;2014;130000565;130781446;1;4;;1;;;;1;;1;;7;;;1;;;4;;;2007;1033;3040;2325;1643;6;1;8;5;663;264;927;391;;2;1;1;;2;0;2;1;;;;;;4;0;4;0;;;;;;668;748;1416;628;;;;3;;1;0;1;0;;;;;
BLOCS;2014;130001225;130782634;1;3;1;2;1;1;;2;1;1;;9;3;;1;1;;9;;;2401;922;3323;2838;1192;17;5;6;2;926;350;1276;456;313;5;3;2;0;22;0;22;0;64;0;0;0;0;4;0;4;0;;;;;;1381;2128;3509;1546;241;0;84;0;0;5;6;11;0;4;;;;
BLOCS;2014;130001647;130784127;2;6;1;;;1;1;3;1;0;;10;3;;1;;;10;;;5385;2195;7580;5009;;1;0;0;2;0;0;0;0;;;;;;1;0;1;1;;;;;;121;0;121;0;;;;;;2423;2251;4674;3023;;0;0;1;0;126;0;126;0;;;;;
BLOCS;2014;130002215;130785512;1;5;1;1;1;0;0;1;0;1;0;8;2;0;1;1;0;12;2;0;1066;337;1403;1264;104;3;0;1;5;352;595;947;401;;3;;;;0;0;0;0;;;;;;0;0;0;0;;;;;;275;277;552;376;177;;;;;1;4;5;0;;;;;
BLOCS;2014;130002827;130789274;2;4;;1;1;1;;1;;1;;8;1;;1;;;6;;;2411;2397;4808;2508;;;;;;718;305;1023;408;;;;;;72;0;72;0;;;;;;26;0;26;0;;;;;;1433;1123;2556;1074;;;;;;13;11;24;1;;;;;
BLOCS;2014;130002835;130789316;3;4;0;1;1;1;0;2;0;0;0;8;1;0;1;1;0;8;8;0;2379;1100;3479;2461;131;3;3;0;10;1180;774;1954;652;0;4;6;2;5;95;1;96;0;0;0;0;0;0;3;0;3;0;0;0;0;0;0;837;1507;2344;1250;19;0;0;0;0;0;13;13;2;0;0;0;0;0
BLOCS;2014;130008253;130001084;1;6;;0;;0;;0;;0;;6;;;1;;;10;;;1820;2633;4453;3497;;;;;;1076;168;1244;499;;;;;;0;0;0;0;;;;;;0;0;0;0;;;;;;24;161;185;155;;;;;;1;24;25;0;;;;;
BLOCS;2014;130037922;130037823;2;9;;;;1;;2;;1;;13;;;2;;;20;;;4406;3071;7477;6265;;22;83;52;1;0;0;0;0;;0;0;0;0;2;0;2;1;;0;0;0;0;378;45;423;0;;0;0;0;0;1139;3891;5030;2513;;1;17;2;1;0;6;6;4;;0;22;0;0
BLOCS;2014;130041767;130041262;1;0;;0;;2;;0;;0;;2;;;2;;;4;;;41;0;41;5;;;;;;0;0;0;0;;;;;;600;25;625;576;;;;;;127;1;128;0;;;;;;81;0;81;32;;;;;;1;0;1;0;;;;;
BLOCS;2014;130042096;130042062;1;;;;;2;;;;;;2;;;1;;;3;;;75;2;77;8;;;;;;0;0;0;0;;;;;;1196;30;1226;932;;1;1;;;40;3;43;0;;;;;;50;0;50;13;;;;;;0;0;0;0;;;;;
BLOCS;2014;130043664;130002157;;19;;0;;1;;6;;0;;26;;;2;;;44;;;12374;7702;20076;16942;;;;;;14;26;40;40;;;;;;27;3;30;14;;;;;;515;56;571;0;;;;;;4692;14636;19328;10037;;;;;;19;177;196;23;;;;;
BLOCS;2014;130780521;130786049;3;25;12;4;1;1;1;5;0;1;;36;14;;5;;;52;;;16049;4985;21034;15551;11240;;;;;1760;803;2563;1174;199;;;;;2176;67;2243;9;1;;;;;634;155;789;0;1;;;;;5230;2797;8027;4060;5909;;;;;110;47;157;35;761;;;;
BLOCS;2014;130781289;130002447;2;4;;0;;;;;;;;4;;;2;;;8;;;1893;3453;5346;4296;;;;;;1;8;9;9;;;;;;0;0;0;0;;;;;;0;0;0;0;;;;;;157;3117;3274;1882;;;;;;0;29;29;17;;;;;
BLOCS;2014;130781370;130000532;2;4;0;1;0;0;0;1;0;1;0;7;0;;2;0;;8;0;;2468;2484;4952;3552;;1;;;2;33;22;55;22;;;;;;0;0;0;0;;;;;;2;0;2;0;;;;;;846;3358;4204;2045;;;;;;1;3;4;1;;;;;
BLOCS;2014;130781479;130000599;5;12;;1;;2;;4;;1;;20;;6;2;;;29;;;6286;4363;10649;9248;3349;65;665;13;1;91;63;154;150;;0;2;0;0;930;1;931;702;;1;16;0;0;428;51;479;57;;0;0;0;0;1311;6395;7706;3792;;0;205;0;;5;54;59;2;;;;;
BLOCS;2014;130781867;130000813;2;6;2;;;1;;2;;1;;10;2;;2;;;16;;;1396;4104;5500;4124;;;;;;0;0;0;0;;;;;;0;0;0;0;;;;;;0;0;0;0;;;;;;193;1835;2028;1160;;;;;;6;25;31;7;;;;;
BLOCS;2014;130781917;130000847;;;;;;;;;;1;0;1;0;;;;;;;;;;;;;;;;;;;;;;;;;;;;;;;;;;;;;;;;;;;;;;;;;;;;;;;;;;;;;
BLOCS;2014;130782071;130002454;3;8;;0;;1;;1;;0;;10;;10;1;;;17;;;2525;4366;6891;5789;;20;17;12;10;1;0;1;1;;0;0;0;0;0;0;0;0;;0;0;0;0;231;11;242;0;;0;0;0;0;867;3140;4007;2159;;0;0;3;0;1;10;11;6;;0;0;0;0
BLOCS;2014;130782147;130000979;1;6;1;;;1;1;2;1;0;;9;3;;1;;;10;;;2690;4904;7594;6837;211;3;3;3;3;0;0;0;0;0;0;0;0;0;952;4;956;912;0;2;1;1;2;305;6;311;304;0;0;0;0;0;1103;3591;4694;4603;8;2;0;0;0;0;3;3;3;110;0;0;0;0
BLOCS;2014;130782162;130000987;1;5;0;0;0;1;0;1;0;1;1;8;1;;1;0;;12;0;;1794;6297;8091;8091;1312;;;;;0;0;0;0;;;;;;11;9;20;17;;;;;;155;196;351;277;;;;;;501;2836;3337;3337;63;;;;;87;195;282;282;1;;;;
BLOCS;2014;130782675;130001233;1;5;0;0;;1;0;1;0;1;0;8;0;;1;0;;9;0;;1117;4995;6112;3996;;0;0;21;0;0;0;0;0;;0;0;0;0;0;0;0;0;;0;0;0;0;108;2;110;0;;0;0;0;0;512;2898;3410;2087;;0;0;1;0;6;108;114;0;;0;0;1;0
BLOCS;2014;130783236;130786049;;17;;3;1;3;;2;;1;;26;1;;4;;;35;;;14407;2076;16483;11525;8767;;;;;1708;2390;4098;2054;96;;;;;7;3;10;6;0;;;;;243;6;249;0;1;;;;;4616;1211;5827;3005;2573;;;;;98;80;178;9;2124;;;;
BLOCS;2014;130783293;130786049;3;26;2;0;;9;4;3;;2;;40;6;;4;;;47;;;15088;4485;19573;12937;8778;;;;;1;4;5;5;1;;;;;1857;10;1867;89;5;;;;;1176;169;1345;0;236;;;;;7182;2088;9270;1892;24348;;;;;118;20;138;14;779;;;;
BLOCS;2014;130783327;130001415;5;7;;1;1;1;;4;;1;;14;1;;4;1;1;13;1;3;3992;3707;7699;6392;16;1;2;;;825;298;1123;828;;3;2;1;2;12;0;12;3;;;;;;72;70;142;0;;;;;;1305;4686;5991;3713;2;;;;1;1;16;17;9;;;;;
BLOCS;2014;130783665;130043722;1;6;6;0;0;1;1;1;1;0;0;8;8;;1;1;;8;8;;1100;2789;3889;2359;;;;;;2;492;494;147;;;;;;0;0;0;0;;;;;;3;0;3;0;;;;;;494;1667;2161;1279;;;;;;0;19;19;0;;;;;
BLOCS;2014;130783723;130001456;1;12;;0;;0;;1;;2;;15;;;1;;;18;;;6092;8457;14549;12257;;;;;;0;0;0;0;;;;;;0;0;0;0;;;;;;0;0;0;0;;;;;;81;2535;2616;1381;;;;;;0;0;0;0;;;;;
BLOCS;2014;130783772;130810336;1;6;;;;;;;;1;;7;;;1;;;8;;;4376;11097;15473;12510;;0;6;44;0;0;0;0;0;;0;0;0;0;0;0;0;0;;0;0;0;0;0;0;0;0;;0;0;0;0;0;0;0;0;;0;0;0;0;20;23;43;0;;0;0;0;0
BLOCS;2014;130783962;130001415;1;4;;;;;;1;;1;;6;;;1;;;9;;;1120;10167;11287;6415;1;;;;;0;0;0;0;;;;;;0;0;0;0;;;;;;0;0;0;0;;;;;;358;1968;2326;1086;3;;8;;;18;18;36;0;;;;;
BLOCS;2014;130784051;130037823;3;15;15;;;2;2;1;1;0;;18;18;;1;1;;20;20;;8940;1445;10385;9011;;10;56;0;66;0;0;0;0;;0;0;0;0;2100;3;2103;1595;;3;3;0;1;305;10;315;0;;0;0;0;0;3213;810;4023;1038;;0;0;0;58;375;39;414;0;;0;0;0;0
BLOCS;2014;130784234;130786049;1;4;0;;;0;;0;;1;;5;0;;1;;;8;;;2033;581;2614;2112;537;;;;;0;0;0;0;0;;;;;0;0;0;0;0;;;;;3;0;3;0;0;;;;;133;136;269;22;176;;;;;21;2;23;9;83;;;;
BLOCS;2014;130784713;130038847;5;13;1;1;1;3;1;2;1;2;;21;4;;5;;;23;;;5976;3297;9273;7944;;;;;;535;122;657;548;;;;;;1465;9;1474;1192;;;;;;248;5;253;0;;;;;;1265;4784;6049;3747;;;;;;4;5;9;3;;;;;
BLOCS;2014;130784903;130002041;;4;;;;;;1;;1;;6;;;1;;;4;;;1;4668;4669;2395;;;;;;0;0;0;0;;;;;;0;0;0;0;;;;;;0;0;0;0;;;;;;63;255;318;103;;;;;;0;4;4;0;;;;;
BLOCS;2014;130785389;130002173;1;9;;;;;;1;;2;;12;;0;2;2;;15;15;;1840;5667;7507;5403;;;;;;0;0;0;0;;;;;;0;0;0;0;;;;;;0;0;0;0;;;;;;650;3142;3792;2216;;;;;;12;493;505;0;;;;;
BLOCS;2014;130785652;130014228;6;19;;2;2;2;;3;;3;;29;2;;6;;;55;;;11799;6908;18707;15148;;27;;4;7;983;177;1160;1040;;10;11;2;1;1878;5;1883;1549;;;;;;1405;28;1433;0;;;;;;5433;6471;11904;6026;;;;;;42;123;165;77;;;;;
BLOCS;2014;130785678;130002249;3;5;;0;;1;;2;;1;;9;;;2;;;8;;;1630;1710;3340;2802;;;;;;28;14;42;14;;;;;;4;0;4;1;;;;;;55;0;55;46;;;;;;1495;3964;5459;2279;;;;;;3;1;4;4;;;;;
BLOCS;2014;130786361;130002447;1;12;;;;0;;3;;;;15;;;2;;;25;;;7571;8490;16061;12196;;;;;;3;3;6;6;;;;;;3;0;3;2;;;;;;359;54;413;0;;;;;;3458;8465;11923;7496;;;;;;19;23;42;20;;;;;
BLOCS;2014;130786445;130002488;1;2;1;1;1;1;0;1;0;1;0;6;2;;1;1;;5;1;;869;276;1145;1060;;;;;;669;140;809;783;;;;;;0;0;0;0;;;;;;1;5;6;0;;;;;;40;165;205;190;;;;;;0;3;3;1;;;;;
BLOCS;2014;130786742;750821092;1;3;3;0;0;1;1;2;2;1;1;7;7;0;1;1;0;10;10;0;3034;1486;4520;3589;2359;30;132;4;4;0;0;0;0;0;0;0;0;0;27;0;27;2;0;0;0;0;0;10;0;10;0;0;0;1;0;0;1188;313;1501;341;1314;2;18;0;2;6;1;7;1;377;0;0;0;0
BLOCS;2014;130804297;130786049;1;6;2;;;;;;;;;6;2;;2;;;19;;;4822;982;5804;4508;3203;;;;;0;0;0;0;438;;;;;187;0;187;141;0;;;;;79;0;79;0;0;;;;;1044;480;1524;528;1078;;;;;21;26;47;1;107;;;;
BLOCS;2014;130810740;130007362;;12;;0;;1;;2;;0;;15;;;3;;;30;;;5712;14338;20050;19056;81;24;;22;31;0;9;9;9;;;;;;20;1;21;18;;;;;;309;24;333;331;;;1;;;1215;5110;6325;5957;4;;;4;2;1;203;204;11;;;;;
BLOCS;2014;140000027;140000035;1;7;1;1;;1;;1;;;;10;1;;1;1;;10;;;2362;852;3214;2762;;5;6;3;24;897;350;1247;462;;32;46;9;19;15;0;15;15;;0;0;0;0;125;1;126;0;;0;0;0;0;899;704;1603;668;;;;;;10;8;18;0;;;;;
BLOCS;2014;140000076;140000084;1;;;;;;;1;;;;1;;;;;;;;;;;;;;;;;;;;;;;;;;;;;;;;;;;;0;0;0;;;;;;;90;1;91;0;122;0;0;0;0;;;;;;;;;
BLOCS;2014;140000209;140000100;5;25;4;1;1;6;2;7;0;0;;39;7;2;8;3;0;41;8;0;19099;6780;25879;20952;7886;142;262;20;35;2447;1207;3654;1450;432;40;52;7;10;2214;157;2371;163;2;8;6;5;7;1371;218;1589;0;69;2;1;0;2;4275;1539;5814;2706;5606;12;22;1;9;75;40;115;15;1749;0;5;0;0
BLOCS;2014;140000233;140000118;3;4;0;1;1;2;0;1;0;0;0;8;1;;1;1;;4;4;;1967;1075;3042;2589;530;2;0;5;3;273;140;413;148;;1;3;0;1;9;0;9;2;;;;;;2;0;2;0;;;;;;546;458;1004;640;1096;;;;;1;4;5;0;;;;;
BLOCS;2014;140000290;140000449;1;4;4;4;4;0;0;1;1;1;1;10;10;;1;;;8;;;3845;4027;7872;6448;;;;;;5;13;18;17;;;;;;0;0;0;0;;;;;;0;0;0;0;;;;;;221;929;1150;841;;;;;;2;1;3;1;;;;;
BLOCS;2014;140000373;140000159;1;0;;0;;0;;1;1;0;;1;1;;1;;;1;;;0;0;0;0;0;;;;;0;0;0;0;0;;;;;0;0;0;0;0;;;;;0;0;0;0;0;;;;;797;290;1087;439;267;0;2;0;1;0;0;0;0;0;;;;
BLOCS;2014;140000555;140000639;;5;;;;0;;0;;0;;5;;0;1;;;6;;;3671;1949;5620;3057;;;;;;0;0;0;0;;;;;;2;0;2;0;;;;;;2;0;2;0;;;;;;598;228;826;435;;;;;;0;6;6;0;;;;;
BLOCS;2014;140002452;140025800;1;0;0;0;0;1;0;1;0;0;0;2;0;5;1;0;;6;0;;68;3802;3870;2585;1500;;;;;0;0;0;0;;;;;;0;0;0;0;;;;;;0;8;8;0;;;;;;26;643;669;435;115;;;;;0;0;0;0;;;;;
BLOCS;2014;140016759;140003146;2;10;;1;1;0;0;1;1;1;;13;2;;2;2;;18;3;;9133;7904;17037;13748;;;;;;1063;158;1221;522;;;;;;0;0;0;0;;;;;;0;0;0;0;;;;;;1899;3310;5209;4068;;;;;;1;16;17;2;;;;;
BLOCS;2014;140017237;140003278;2;17;;0;;3;;1;;1;;22;;;3;;;33;;;10655;11683;22338;19081;;49;4;8;36;5;1;6;6;;;;;;2450;24;2474;1760;;;;;;788;3;791;0;;;;;;2084;7493;9577;4647;;;;;;40;29;69;6;;;;;
BLOCS;2014;140018730;140000423;1;4;;0;;0;;1;;0;;5;;;1;;;6;;;1924;3502;5426;3724;;;;;2;1;1;2;2;;;;;;0;0;0;0;;;;;;0;0;0;0;;;;;;760;1100;1860;1474;;;;;;1;11;12;1;;;;;
BLOCS;2014;140024886;140000092;1;5;1;0;;0;;0;;0;;5;1;;1;;;8;;;2031;2578;4609;3229;;14;5;4;8;407;177;584;229;;2;4;0;1;55;0;55;0;;;;;;14;4;18;0;;3;;;3;942;1054;1996;1077;;1;;;1;1;2;3;1;;;;;
BLOCS;2014;140026410;140026279;2;1;;1;;1;;1;;1;;5;;;1;;;1;;;104;35;139;111;;;;;;323;246;569;120;;;;;;21;0;21;19;;;;;;0;0;0;0;;;;;;180;25;205;22;;;;;;0;1;1;0;;;;;
BLOCS;2014;140026709;140000415;1;4;;1;;;;1;;;;6;;;1;;;10;;;1842;3014;4856;3582;;;;;;1;40;41;18;;;;;;0;0;0;0;;;;;;0;0;0;0;;;;;;683;959;1642;1016;;;;;;0;0;0;0;;;;;
BLOCS;2014;150000032;150780088;1;3;1;1;1;0;0;1;0;0;0;5;2;0;1;1;0;5;1;0;1463;425;1888;1627;0;5;1;5;0;217;88;305;140;0;0;3;0;0;0;0;0;0;0;0;0;0;0;0;0;0;0;0;0;0;0;0;378;511;889;562;0;0;0;0;0;0;0;0;0;0;0;0;0;0
BLOCS;2014;150000040;150780096;2;6;2;1;1;1;1;1;1;3;3;12;8;;2;2;;12;12;;4322;2299;6621;4537;;;;;;594;280;874;356;;;;;;281;5;286;0;;;;;;234;48;282;0;;;;;;1456;1156;2612;1258;;;;;;15;44;59;3;;;;;
BLOCS;2014;150780732;150000271;;9;;0;;0;;2;;0;;11;;;1;;;15;;;4276;4094;8370;6793;;;;;;0;10;10;10;;;;;;31;0;31;1;;;;;;160;26;186;0;;;;;;2122;2769;4891;2898;;;;;;1;129;130;130;;;;;
BLOCS;2014;160000170;160000204;2;8;;;;;;1;;;;9;;0;2;;;14;;;4786;6803;11589;9259;;;;7;17;0;0;0;0;;;;;;0;0;0;0;;;;;;259;100;359;0;;;;;;194;1599;1793;1041;;;;;;11;1;12;12;;;;;
BLOCS;2014;160000253;160000451;4;7;1;1;1;2;1;3;0;1;0;14;3;1;1;1;;12;12;;5578;2275;7853;1093;515;23;5;9;18;1089;554;1643;280;;39;66;8;9;1308;3;1311;0;0;2;0;0;2;127;10;137;0;57;8;1;0;0;2639;1377;4016;1092;1669;0;1;5;5;10;59;69;1;7;;;17;
BLOCS;2014;160000279;160000212;;4;;1;;1;;1;;1;;8;;;1;;;12;;;2373;3421;5794;4516;;;;;;;0;0;0;;;;;;1;0;1;0;;;;;;5;0;5;0;;;;;;198;1783;1981;1477;;;;;;1;7;8;3;;;;;
BLOCS;2014;160000303;160006037;1;1;;;;;;1;;;;2;;;1;;;3;;;42;14;56;55;;;;;;0;0;0;0;;;;;;0;0;0;0;;;;;;0;0;0;0;;;;;;118;129;247;109;;;;;;0;0;0;0;;;;;
BLOCS;2014;160000311;160000485;1;;;;;1;0;;;;;1;0;;;;;;;;;;;;;;;;;;;;;;;;;;;;;;;;;;;27;;27;;;;;;;;;;;;;;;;;;;;;;;;
BLOCS;2014;160000337;160000493;1;1;0;1;0;0;0;1;0;0;0;3;0;;1;0;;3;0;;52;37;89;3;;0;0;0;0;0;0;0;0;;0;0;0;0;0;0;0;0;;0;0;0;0;0;0;0;0;;0;0;0;0;55;154;209;153;;0;0;0;0;0;0;0;0;;0;0;0;0
BLOCS;2014;160013207;160001632;1;13;;1;;0;;3;;0;;17;;;1;;;32;;;4940;8844;13784;10487;;;;;;329;220;549;465;;;;;;0;0;0;0;;;;;;166;2;168;0;;;;;;2156;4647;6803;4855;;;;;;15;73;88;8;;;;;
BLOCS;2014;160015368;160014411;;;;1;1;;;1;0;;;2;1;;;;;;;;175;55;230;65;0;0;0;0;0;423;213;636;283;0;3;2;0;1;10;0;10;2;0;0;0;0;0;8;0;8;0;0;0;0;0;0;738;183;921;195;0;0;0;0;0;0;1;1;0;0;0;0;0;0
BLOCS;2014;170000038;170780050;3;3;;0;;1;;1;;1;;6;;1;1;;;4;;;1128;988;2116;1303;;;;;;1;31;32;17;;;;;;22;0;22;0;;;;;;15;0;15;0;;;;;;374;918;1292;710;;;;;;0;2;2;1;;;;;
BLOCS;2014;170000087;170023279;3;11;2;1;1;3;;4;1;0;;19;4;;2;;;18;;;9663;5463;15126;9884;164;36;18;17;15;1147;758;1905;727;;4;10;;;1997;10;2007;143;;;;;;388;76;464;0;;;;;;4178;1374;5552;2447;;2;2;;;47;56;103;2;;;;;
BLOCS;2014;170000095;170780167;1;3;0;1;0;1;0;1;0;1;0;7;0;0;1;0;0;6;0;0;979;650;1629;1197;1128;13;0;0;1;238;68;306;136;0;0;0;1;3;4;0;4;0;0;0;0;0;0;0;0;0;0;0;0;0;0;0;502;572;1074;560;767;16;0;0;0;1;2;3;0;438;0;0;0;0
BLOCS;2014;170000103;170780175;1;7;1;1;1;8;;2;2;0;;18;4;;1;;;15;;;4044;2377;6421;5064;1702;3;8;12;24;713;502;1215;491;60;0;1;0;2;552;2;554;8;0;3;4;1;1;32;0;32;0;0;0;0;0;0;2653;1188;3841;2580;2579;3;0;4;1;23;63;86;13;1;0;0;0;0
BLOCS;2014;170000129;170780191;1;0;0;0;0;0;0;1;0;2;0;3;0;0;1;0;0;6;0;0;190;48;238;7;;;;;;0;0;0;0;;;;;;66;1;67;0;;;;;;10;0;10;0;;;;;;627;102;729;99;;;;;;0;0;0;0;;;;;
BLOCS;2014;170000152;170780225;1;6;1;1;1;1;;1;;1;;10;2;;1;;;11;;;2958;3304;6262;4597;343;5;15;1;9;232;298;530;348;;3;4;;;67;0;67;5;;;;;;11;0;11;0;;;;;;1563;2449;4012;2488;1;9;;;;3;11;14;5;;;;;
BLOCS;2014;170780563;170000251;3;5;;1;;1;;3;;1;;11;;2;1;;;10;;;5369;3824;9193;7645;;;;;;259;98;357;222;;;;;;7;0;7;0;;;;;;303;8;311;0;;;;;;1336;2979;4315;3174;;;;;;6;20;26;13;;;;;
BLOCS;2014;170780613;170000277;2;7;;1;;0;;0;;0;;8;;;1;;;13;;;3956;3569;7525;6642;399;1;4;;1;177;81;258;233;;1;;;;0;0;0;0;;;;;;154;4;158;0;;;;;;866;699;1565;1289;1;;;;;11;27;38;14;1;;;;
BLOCS;2014;170780621;170000285;1;2;;0;;1;;1;;1;;5;;;1;;;11;;;2670;3949;6619;4807;;;;;;0;0;0;2;;;;;;53;2;55;1;;;;;;23;1;24;0;;;;;;443;2386;2829;1867;;;;;;1;13;14;4;;;;;
BLOCS;2014;170780647;170000301;;6;;;;0;;1;;0;;7;;;1;;;10;;;2079;4882;6961;4949;722;;2;;1;0;0;0;0;;;;;;0;0;0;0;;;;;;2;14;16;0;;;;;;281;2600;2881;1844;56;;;;;0;3;3;1;1;;;;
BLOCS;2014;170780662;170024053;3;8;;;;;;3;;0;;11;;;3;;;24;;;4396;11967;16363;11286;69;3;;;;0;0;0;0;;;;;;0;0;0;0;;;;;;0;0;0;0;;;;;;802;9225;10027;5411;2;2;;;;3;23;26;18;2;;;;
BLOCS;2014;180000010;180000028;2;8;1;2;1;8;1;1;0;1;0;20;3;0;1;0;0;10;0;0;4171;2755;6926;4546;4424;18;14;5;23;655;714;1369;618;0;23;28;1;5;1241;29;1270;0;0;1;10;3;3;71;3;74;0;0;0;0;0;1;2152;1833;3985;2247;2902;3;0;3;3;19;57;76;8;272;0;0;0;0
BLOCS;2014;180000200;180000051;1;3;1;1;1;0;0;1;0;0;0;5;2;;1;1;;6;1;;1580;1638;3218;2413;2579;7;7;6;19;244;193;437;222;8;1;4;;2;1;0;1;0;;;;;;0;0;0;0;;;;;;444;1013;1457;717;412;0;0;0;0;2;21;23;1;24;0;0;0;0
BLOCS;2014;180000358;180000739;1;4;4;1;1;1;;0;;;;6;5;;1;;;6;;;1513;2513;4026;2998;;5;0;1;6;0;0;0;0;;;;;;7;0;7;0;;;;;;2;0;2;0;;;;;;1286;1594;2880;1805;;;;;;0;0;0;0;;;;;
BLOCS;2014;180004145;180000887;2;11;;1;;0;;2;;0;;14;;;1;;;12;;;4623;3236;7859;6929;236;17;1;;;127;16;143;109;;;2;;;0;0;0;0;;;;;;276;0;276;0;;;;;;1440;2618;4058;3008;1;;;;;8;12;20;9;;;;;
BLOCS;2014;190000018;190000042;1;7;7;1;1;1;1;1;1;1;;11;10;;1;1;;12;12;;4091;1189;5280;3967;2374;;;;;353;428;781;387;47;;;;;862;11;873;0;1;;;;;370;17;387;0;0;;;;;2494;1281;3775;1680;1892;;;;;0;3;3;0;72;;;;
BLOCS;2014;190000026;190000059;2;3;1;1;1;1;1;0;0;0;0;5;3;;1;1;;6;;;2092;1482;3574;2961;;;;;;354;186;540;274;;;;;;149;0;149;0;;;;;;32;0;32;0;;;;;;1660;869;2529;1169;;;;;;3;39;42;0;;;;;
BLOCS;2014;190000091;190000075;1;3;3;0;0;0;0;2;0;0;0;5;3;;1;;;6;;;1283;1051;2334;2022;1193;15;28;9;19;175;76;251;106;6;1;3;4;0;30;0;30;0;0;;;;;28;0;28;0;0;;;;;772;974;1746;941;1401;;7;;;0;2;2;1;28;;;;
BLOCS;2014;190000224;190000901;2;7;7;;;1;1;4;4;4;4;16;16;;1;1;;14;14;;6331;6011;12342;9394;;;;;;0;0;0;0;;;;;;49;0;49;0;;;;;;5;3;8;0;;;;;;2142;5929;8071;5209;;;;;;5;55;60;4;;;;;
BLOCS;2014;190000257;190001131;1;5;1;;;;;1;;;;6;1;0;1;;;7;;;3128;2350;5478;4376;;;;;;516;148;664;379;;;;;;0;0;0;0;;;;;;26;0;26;0;;;;;;982;1533;2515;1803;;;;;;15;32;47;0;;;;;
BLOCS;2014;210011847;210011839;2;8;;1;;1;;2;;1;;13;;;1;;;15;;;3177;5778;8955;6462;;0;0;0;0;1;0;1;1;;;;;;0;0;0;0;;;;;;5;2;7;0;;;;;;1198;3287;4485;2628;;;;;;17;29;46;16;;;;;
BLOCS;2014;210780110;210000022;2;8;;2;2;;;1;;;;11;2;;2;1;;14;2;;2510;5404;7914;6713;;;;;;1044;130;1174;594;;;;;;0;0;0;0;;;;;;77;4;81;0;;;;;;263;2075;2338;1193;;;;;;3;5;8;1;;;;;
BLOCS;2014;210780136;210000030;1;6;1;;;;;1;1;;;7;2;;1;;;10;;;5274;2634;7908;7594;;;;;;0;0;0;0;;;;;;0;0;0;0;;;;;;0;0;0;0;;;;;;629;3000;3629;2021;;;;;;1;5;6;0;;;;;
BLOCS;2014;210780789;210003208;1;5;;;;1;;3;;1;;10;;;1;;;10;;;3422;2612;6034;4900;;0;0;0;1;0;0;0;0;;;;;;0;0;0;0;;;;;;102;83;185;0;;;;;;1967;2621;4588;2793;;0;0;0;0;1;17;18;13;;;;;
BLOCS;2014;210780979;210000295;1;7;1;;;2;1;1;;0;;10;2;;3;2;;24;;;3837;7823;11660;10795;;;;;;0;0;0;0;;;;;;1511;0;1511;1234;;;;;;607;49;656;0;;;;;;784;2360;3144;2096;;;;;;1;14;15;13;;;;;
BLOCS;2014;210987558;210780581;2;30;3;2;1;3;1;3;0;0;0;38;5;;2;2;;47;10;;18004;8505;26509;20265;;;;;;2283;1033;3316;1109;;;;;;2378;20;2398;60;;;;;;932;38;970;0;;;;;;6471;1909;8380;3237;;;;;;108;76;184;4;;;;;
BLOCS;2014;210987657;210780714;1;6;0;0;0;1;0;0;0;1;1;8;1;0;1;0;0;11;0;0;2502;1981;4483;3718;1388;5;1;1;8;459;236;695;259;0;0;0;0;0;30;0;30;0;0;0;0;0;0;7;0;7;0;0;0;0;0;0;620;1081;1701;913;0;0;0;0;0;1;4;5;0;0;0;0;0;0
BLOCS;2014;210987665;210010070;;0;;0;;;;1;;0;;1;;;1;;;4;;;23;26;49;0;;;;;;0;11;11;0;;;;;;0;0;0;0;;;;;;0;0;0;0;;;;;;127;424;551;414;;;;;;2;0;2;0;;;;;
BLOCS;2014;210987699;210780706;1;3;1;1;;0;;1;;0;;5;1;;2;1;;6;1;;2090;618;2708;2286;320;8;8;6;7;381;78;459;153;;;3;;;24;1;25;1;;;;;;13;0;13;0;;;;;;236;374;610;370;;;;;;2;3;5;0;;;;;
BLOCS;2014;210987731;210780417;2;4;;0;;1;;1;;0;;6;;0;1;;;10;;;2660;1369;4029;2056;;;;;;0;0;0;0;;;;;;0;0;0;0;;;;;;53;0;53;0;;;;;;372;202;574;306;;;;;;0;0;0;0;;;;;
BLOCS;2014;220000012;220000020;4;11;11;2;1;2;2;4;0;4;0;23;14;0;3;1;0;18;18;0;8458;3514;11972;9719;4824;;;;;1519;591;2110;840;0;;;;;1162;11;1173;0;0;;;;;565;56;621;0;0;;;;;4088;2380;6468;2377;2280;;;;;4;41;45;5;205;;;;
BLOCS;2014;220000095;220000046;1;1;1;1;1;1;;1;1;1;;5;3;;1;;;3;;;319;97;416;266;;;;;;455;291;746;247;;;;;;97;1;98;0;;;;;;24;0;24;0;;;;;;1044;248;1292;372;;;;;;2;6;8;1;;;;;
BLOCS;2014;220000111;220000376;1;5;5;0;0;0;0;;0;;0;5;5;;1;1;;8;8;;2140;2498;4638;3857;;;;;;0;0;0;0;;;;;;0;0;0;0;;;;;;0;0;0;0;;;;;;541;3036;3577;2298;;;;;;1;4;5;4;;;;;
BLOCS;2014;220000285;220000673;1;4;1;0;;0;;1;;1;;6;1;;1;;;12;;;4827;8131;12958;9716;;;;;;0;0;0;0;;;;;;0;0;0;0;;;;;;0;0;0;0;;;;;;240;125;365;213;;;;;;1;3;4;0;;;;;
BLOCS;2014;220000301;220000673;1;5;;1;1;1;;2;;1;;10;1;;1;;;12;;;4850;3012;7862;6907;;;;;;215;171;386;284;;;;;;1;0;1;1;;;;;;383;1;384;0;;;;;;2031;5669;7700;5137;;;;;;8;57;65;12;;;;;
BLOCS;2014;220000343;220000079;1;3;;1;;1;;1;;0;;6;;;1;;;9;;;2688;2911;5599;3965;;10;;2;1;383;280;663;197;;1;;;;4;0;4;0;;;;;;0;0;0;0;;;;;;1169;2502;3671;1957;;;1;;;3;32;35;3;;;;;
BLOCS;2014;220000368;220000103;1;4;4;1;1;0;0;2;1;1;;8;6;;1;1;;10;10;;2025;868;2893;2078;;3;;7;10;447;301;748;260;;;3;;;104;0;104;0;;;;;;39;0;39;0;;;;;;1216;609;1825;565;;;;;;6;12;18;2;;;;;
BLOCS;2014;220000541;220000152;1;0;;0;;0;;1;;0;;1;;;1;;;3;;;154;52;206;14;;;;;;0;32;32;0;;;;;;3;0;3;3;;;;;;2;0;2;0;;;;;;341;446;787;441;;;;;;1;0;1;0;;;;;
BLOCS;2014;220005599;220017842;;6;;0;;;;2;;0;;8;;;1;;;15;;;3668;5732;9400;6731;;;;;;1;0;1;1;;;;;;0;0;0;0;;;;;;0;0;0;0;;;;;;767;4098;4865;3462;;;;;;4;12;16;12;;;;;
BLOCS;2014;230000820;230780041;1;2;;1;;1;;1;;1;;6;;;1;;;5;;;2559;899;3458;2562;;;;;;301;220;521;227;;;;;;107;1;108;0;;;;;;51;0;51;0;;;;;;1605;912;2517;1074;;;;;;7;21;28;0;;;;;
BLOCS;2014;230004657;230780058;1;1;0;0;0;0;0;1;0;;;2;0;3;1;;;5;;;12;440;452;368;;;;;;0;0;0;0;;;;;;0;0;0;0;;;;;;0;0;0;0;;;;;;21;148;169;96;;;;;;0;0;0;0;;;;;
BLOCS;2014;230780082;750005068;;0;;0;;0;;1;;1;;2;;;;;;;;;26;60;86;0;;;;;;0;0;0;0;;;;;;0;0;0;0;;;;;;0;0;0;0;;;;;;379;73;452;0;;;;;;0;0;0;0;;;;;
BLOCS;2014;230780157;230000861;0;3;;;;3;;1;;;;7;;1;1;;;6;;;1006;1903;2909;2480;;;;;;0;0;0;0;;;;;;12;1;13;0;;;;;;5;0;5;0;;;;;;320;937;1257;861;;;;;;1;1;2;0;;;;;
BLOCS;2014;240000190;240000596;1;8;;;;;;1;;;;9;;;1;;;16;;;5315;5421;10736;8594;;;;;;3;48;51;23;;;;;;;0;0;;;;;;;371;32;403;0;;;;;;1741;2554;4295;3242;;;;;;16;13;29;0;;;;;
BLOCS;2014;240000208;240000612;1;5;;;;2;;1;;1;;9;;;1;;;12;;;1845;4794;6639;4697;;;;;;0;0;0;0;;;;;;0;0;0;0;;;;;;0;99;99;0;;;;;;1162;2748;3910;2639;;;;;;2;22;24;2;;;;;
BLOCS;2014;240000216;240000620;;7;7;;;;;1;1;0;0;8;8;;1;1;;6;6;;2018;2213;4231;4036;;;;;;0;0;0;0;;;;;;0;0;0;0;;;;;;0;0;0;0;;;;;;268;2244;2512;1724;;;;;;2;9;11;0;;;;;
BLOCS;2014;240000372;240000059;1;3;2;1;1;1;1;1;1;;;6;5;;1;1;;8;1;;2070;465;2535;1941;440;27;3;7;13;503;486;989;440;;2;6;2;;66;0;66;0;;;;;;20;1;21;0;;;;;;558;994;1552;807;88;;;;;1;1;2;0;;;;;
BLOCS;2014;240000489;240000117;1;7;1;1;1;1;;2;;1;;12;2;1;1;1;;18;18;;4830;2236;7066;5784;;4;14;15;30;817;586;1403;639;;4;4;;4;1062;12;1074;7;;;;;;208;4;212;0;;;;;;2310;1166;3476;1540;;1;;;;2;41;43;0;;;;;
BLOCS;2014;240000687;240000448;1;2;;1;;1;;1;;0;;5;;1;1;;;5;;;319;423;742;638;1523;4;;2;;221;185;406;177;2;;;;;6;0;6;0;;;;;;2;0;2;0;;;;;;171;326;497;269;100;1;;;;;;;;;;;;
BLOCS;2014;250000114;900000365;;9;2;1;1;2;;1;;1;;14;3;;2;1;;14;6;;4515;1939;6454;4702;;;;;;1088;527;1615;554;;;;;;574;4;578;2;;;;;;227;4;231;0;;;;;;3786;950;4736;2517;;;;;;12;10;22;1;;;;;
BLOCS;2014;250000270;250000643;5;11;;;;1;;4;;1;;17;;;2;;;28;;;9652;9930;19582;15584;167;6;200;;3;0;0;0;0;;;;;;775;4;779;509;;;;;1;454;63;517;0;;;5;;;1778;6600;8378;5714;1;;14;;4;36;107;143;16;;;1;;
BLOCS;2014;250000700;250000452;2;5;2;1;1;0;0;3;1;1;0;10;4;1;1;1;0;12;12;0;2630;1754;4384;3029;1930;4;3;1;12;967;301;1268;338;0;4;4;0;2;28;0;28;0;0;0;0;0;0;4;0;4;0;0;0;0;0;0;982;609;1591;984;434;0;0;0;0;7;43;50;0;0;0;0;0;0
BLOCS;2014;250006954;250000015;5;29;3;1;1;6;6;1;;3;;40;10;1;4;1;;44;12;;21213;6307;27520;19919;9180;10;92;14;17;1705;631;2336;888;280;;29;;;1527;10;1537;62;1;;6;;;1059;18;1077;0;34;;14;2;;6533;1214;7747;3421;4391;1;144;1;4;168;71;239;4;1243;;9;;
BLOCS;2014;250011723;250017126;1;3;;1;;1;;2;;1;;8;;;2;;;11;;;2852;3021;5873;5162;;;;;;181;25;206;78;;;;;;0;0;0;0;;;;;;12;0;12;0;;;;;;457;3598;4055;3045;;;;;;1;5;6;1;;;;;
BLOCS;2014;250011848;250017803;3;9;1;1;1;0;0;0;0;0;0;10;2;;1;0;;22;0;;6355;5395;11750;9395;;;;;;403;170;573;550;;;;;;6;0;6;0;;;;;;205;54;259;0;;;;;;865;4729;5594;3578;;;;;;25;64;89;19;;;;;
BLOCS;2014;260000013;260000021;2;10;1;1;1;;;1;;;;12;2;;2;1;;16;;;7919;5054;12973;9879;;;;;;1693;678;2371;885;;;;;;1274;6;1280;0;;;;;;125;14;139;0;;;;;;2927;1833;4760;2486;;;;;;45;116;161;3;;;;;
BLOCS;2014;260000120;260016910;2;7;1;1;;2;;3;;1;;14;1;;1;1;;10;2;;3537;2167;5704;4103;;;;;;822;393;1215;580;;;;;;11;0;11;0;;;;;;4;0;4;0;;;;;;765;471;1236;671;;;;;;6;14;20;0;;;;;
BLOCS;2014;260000138;260000047;1;5;1;1;;3;;1;;1;;11;1;11;1;;;10;;;4255;1720;5975;4678;3002;11;2;8;15;1212;477;1689;665;68;33;74;10;6;56;0;56;0;0;0;0;0;0;21;0;21;0;0;0;0;0;0;1502;1609;3111;1725;1036;4;7;2;4;9;9;18;1;85;0;0;0;0
BLOCS;2014;260000146;260000054;1;0;;0;;0;;1;;0;;1;;2;;;1;;;4;24;384;408;254;;;;;;0;106;106;84;;;;;;0;0;0;0;;;;;;0;0;0;0;;;;;;172;335;507;279;;;;;;0;1;1;0;;;;;
BLOCS;2014;260000195;260006770;1;0;;;;;;1;;;;1;;;;;;;;;0;0;0;0;;;;;;0;0;0;0;;;;;;0;0;0;0;;;;;;0;0;0;0;;;;;;39;0;39;0;;;;;;0;0;0;0;;;;;
BLOCS;2014;260000260;260000377;1;6;;0;;0;;1;;0;;7;;0;1;;;10;;;2590;3211;5801;4188;;;;;;0;0;0;0;;;;;;8;0;8;0;;;;;;1;0;1;0;;;;;;1235;3604;4839;3241;;;;;;19;51;70;70;;;;;
BLOCS;2014;260000286;260000104;1;2;2;1;1;;;1;;;;4;3;0;1;1;;2;2;;243;208;451;318;;;;;;50;38;88;36;;;;;;0;0;0;0;;;;;;0;0;0;0;;;;;;41;91;132;80;;;;;;1;0;1;0;;;;;
BLOCS;2014;260003017;260000781;1;6;;;;1;;1;;1;;9;;2;1;;;16;;;4213;9124;13337;10317;;;;;;0;0;0;0;;;;;;30;0;30;0;;;;;;64;0;64;0;;;;;;869;3128;3997;2481;;;;;;1;505;506;4;;;;;
BLOCS;2014;260006267;070000245;2;4;;;;;;3;;1;;8;;;1;;;8;;;1046;1355;2401;1532;;;;;;0;0;0;0;;;;;;0;0;0;0;;;;;;0;0;0;0;;;;;;740;4882;5622;3648;;;;;;2;8;10;3;;;;;
BLOCS;2014;260015276;260006770;;0;;0;;;;0;;1;0;1;0;;0;0;;0;0;;;;;;;;;;;;;;;;;;;;;;;;;;;;;;;;;;;;;;;;;;;;;;;;;;;;;;;
BLOCS;2014;270000045;270000060;1;1;1;1;1;0;;1;;1;;4;2;;1;1;;5;5;;1308;1642;2950;1715;;8;1;5;3;327;170;497;313;;2;1;;1;0;0;0;0;;;;;;0;0;0;0;;;;;;222;760;982;634;;;;;;0;1;1;0;;;;;
BLOCS;2014;270000326;270000680;1;4;2;0;;1;;2;;1;;8;2;;1;;;13;;;3326;3938;7264;5215;;32;6;7;34;0;0;0;0;;;;;;0;0;0;0;;;;;;6;0;6;0;;;;;;2991;4729;7720;5354;;5;;2;2;0;5;5;5;;;;;
BLOCS;2014;270000359;270023724;1;7;1;1;1;1;1;3;;0;0;12;3;0;1;1;0;12;;0;3861;1884;5745;3921;2689;13;20;3;9;1091;637;1728;701;125;30;87;6;13;241;1;242;81;0;0;1;0;0;48;0;48;0;0;0;0;0;0;1694;1024;2718;963;1751;1;9;1;1;23;28;51;4;550;0;0;0;0
BLOCS;2014;270000367;270000086;1;3;1;1;;0;;1;;;;5;1;;1;;;5;;;1013;537;1550;1271;0;0;0;2;3;254;190;444;181;0;2;0;1;0;0;0;0;0;;;;;;0;0;0;0;;;;;;426;769;1195;621;;;;;;0;0;0;0;;;;;
BLOCS;2014;270000425;270000102;1;0;;;;;;1;;;;1;;;1;;;2;;;3;17;20;2;;;;;;0;0;0;0;;;;;;0;0;0;0;;;;;;0;0;0;0;;;;;;11;539;550;444;;;;;;0;0;0;0;;;;;
BLOCS;2014;270000441;270000110;;1;0;;;;;1;0;;;2;0;0;0;;;0;;;49;10;59;59;;;;;;0;0;0;0;;;;;;0;0;0;0;;;;;;0;0;0;0;;;;;;13;0;13;0;;;;;;0;0;0;0;;;;;
BLOCS;2014;270000458;270023724;1;4;1;0;0;0;0;0;0;0;0;4;1;0;1;1;0;6;2;0;1471;725;2196;1852;1216;10;12;2;1;412;345;757;298;13;10;39;0;4;2;0;2;2;0;0;0;0;0;1;0;1;0;0;0;0;0;0;948;493;1441;784;841;0;18;0;0;4;2;6;2;10;0;0;0;0
BLOCS;2014;270000862;270000953;4;4;;;;1;1;1;;1;;7;1;;2;;;1;;;2019;3729;5748;4143;;;;;;0;0;0;0;;;;;;401;33;434;337;;;;;;259;135;394;0;;;;;;198;954;1152;747;;;;;;7;7;14;1;;;;;
BLOCS;2014;280000084;280000183;3;6;1;1;;;;1;;1;;9;1;;1;;;13;;;3314;2157;5471;4574;;12;3;4;11;1261;455;1716;727;;3;6;3;1;2;0;2;0;;;;;;3;0;3;0;;;;;;2235;1348;3583;1782;;3;;3;;16;32;48;6;;1;;;
BLOCS;2014;280000159;280000068;1;4;;0;;;;2;;1;;7;;;1;;;11;;;3709;4018;7727;5392;;;;;;0;0;0;0;;;;;;0;0;0;0;;;;;;0;0;0;0;;;;;;1455;2581;4036;3170;;;;;;7;70;77;3;;;;;
BLOCS;2014;280000662;280500075;1;2;2;1;1;;;1;1;;;4;4;2;1;1;;3;3;;175;747;922;333;;;;;;179;128;307;149;;;;;;0;0;0;0;;;;;;0;0;0;0;;;;;;310;491;801;468;;;;;;0;0;0;0;;;;;
BLOCS;2014;280502998;280000589;1;0;;;;;;1;;;;1;;2;0;;1;0;;5;43;1044;1087;738;75;0;0;0;0;0;0;0;0;;;;;;0;0;0;0;;;;;;0;0;0;0;;;;;;84;1294;1378;860;349;;;;;0;4;4;3;;;;;
BLOCS;2014;280504267;280000134;3;9;1;2;1;1;1;1;;1;;14;3;;2;;;18;;;4996;1534;6530;5260;269;22;3;5;17;1550;506;2056;715;134;8;9;2;3;1267;7;1274;0;1;2;5;0;1;312;26;338;0;0;0;0;0;0;2348;1155;3503;1473;1807;1;5;1;1;14;17;31;0;1;0;0;0;0
BLOCS;2014;280505777;280001199;;5;;1;;1;;2;;1;;10;;;2;;;13;;;3701;4679;8380;6543;;;;;;3;61;64;38;;;;;;95;1;96;2;;;;;;64;6;70;0;;;;;;1317;3296;4613;3216;;;;;;5;14;19;3;;;;;
BLOCS;2014;290000025;290020700;1;11;1;1;1;1;0;4;0;0;0;17;2;0;1;1;0;18;18;0;7591;3062;10653;8685;4881;;;;;1940;803;2743;995;315;;;;;569;5;574;0;;;;;;61;1;62;0;;;;;;3249;1615;4864;2267;3310;;;;;32;70;102;6;110;;;;
BLOCS;2014;290000033;290021542;3;5;1;2;1;2;;1;;2;;12;2;0;1;1;;13;13;;2474;1271;3745;3202;3297;19;2;6;10;537;177;714;265;46;9;10;4;1;62;0;62;1;;;;;;13;0;13;0;;;;;;2020;987;3007;1156;3140;7;2;;;2;9;11;0;;;;;
BLOCS;2014;290000058;290000017;4;10;;1;1;3;;0;;0;;14;1;0;3;1;0;18;16;0;4831;4096;8927;6223;;;;;;1290;573;1863;917;;;;;;0;0;0;0;;;;;;3;0;3;0;;;;;;678;379;1057;442;;;;;;138;686;824;0;;;;;
BLOCS;2014;290000140;290000447;1;9;;0;;0;;0;;0;;9;;;1;;;13;;;6102;10038;16140;11309;;;;;;197;189;386;177;;;;;;1;0;1;1;;;;;;374;35;409;0;;;;;;934;2876;3810;1881;;;;;;10;11;21;3;;;;;
BLOCS;2014;290000173;290000041;1;2;2;1;1;;;1;1;0;;4;4;;1;1;;4;4;;1350;866;2216;1771;423;;5;3;3;446;122;568;184;2;;;;;0;0;0;0;;;;;;0;0;0;0;;;;;;386;310;696;335;344;;;;;1;1;2;0;;;;;
BLOCS;2014;290000181;290000074;1;3;0;0;0;0;0;0;0;1;0;4;0;;1;0;0;5;0;0;493;1707;2200;436;1146;;;;;0;0;0;0;;;;;;62;0;62;0;;;;;;25;0;25;0;;;;;;526;717;1243;561;276;;;;;8;2;10;0;232;;;;
BLOCS;2014;290000207;290000520;1;7;;;;;;1;;1;;9;;;1;;;14;;;3460;10326;13786;9458;;;;;;1;17;18;18;;;;;;0;0;0;0;;;;;;0;0;0;0;;;;;;1186;2176;3362;2621;;;;;;0;89;89;2;;;;;
BLOCS;2014;290000215;290029974;1;7;;0;;0;;2;;1;;10;;;1;;;15;;;5348;5213;10561;8756;;;;;;0;0;0;0;;;;;;0;0;0;0;;;;;;224;3;227;0;;;;;;976;4009;4985;3570;;;;;;1;17;18;6;;;;;
BLOCS;2014;290000256;290000017;1;3;0;0;;0;;2;0;0;;5;0;;1;;;3;;;1335;274;1609;1256;;;;;;190;88;278;107;;;;;;2;0;2;0;;;;;;0;0;0;0;;;;;;438;221;659;215;;;;;;8;4;12;0;;;;;
BLOCS;2014;290000728;750821092;1;5;1;0;;0;;0;;0;;5;1;;1;1;;9;;;2167;1219;3386;2434;;;;;;0;0;0;0;;;;;;4;0;4;0;;;;;;0;0;0;0;;;;;;985;410;1395;463;;;;;;16;4;20;0;;;;;
BLOCS;2014;290000785;220020739;1;5;5;0;0;0;0;0;0;0;0;5;5;;1;1;;9;9;;200;52;252;47;;;;;;0;0;0;0;;;;;;47;0;47;2;;;;;;15;0;15;0;;;;;;658;587;1245;657;;;;;;1;0;1;0;;;;;
BLOCS;2014;290000934;290000306;1;;;;;;;2;;;;2;;;;;;;;;0;0;0;0;;;;;;0;0;0;0;;;;;;0;0;0;0;;;;;;0;0;0;0;;;;;;447;6;453;0;334;0;0;0;0;0;0;0;0;;;;;
BLOCS;2014;290004142;290022508;1;5;;0;;1;;1;;1;;8;;;1;;;8;;;3530;1994;5524;4855;;;;;;2;39;41;38;;;;;;0;0;0;0;;;;;;430;13;443;0;;;;;;970;5328;6298;3444;;;;;;7;60;67;13;;;;;
BLOCS;2014;290004324;290000017;;16;2;0;;5;;2;;0;;23;2;;3;1;;17;10;;11298;1589;12887;10882;;;;;;9;0;9;8;;;;;;1446;7;1453;10;;;;;;645;73;718;0;;;;;;5046;987;6033;2450;;;;;;37;10;47;5;;;;;
BLOCS;2014;290019777;290022508;2;7;1;1;1;1;1;2;;1;;12;3;;4;2;;18;2;;7455;5803;13258;10972;;;;;;439;350;789;572;;;;;;497;4;501;420;;;;;;41;0;41;0;;;;;;2213;4923;7136;4853;;;;;;4;92;96;14;;;;;
BLOCS;2014;290023431;290001049;1;5;;;;;;1;;0;;6;;;1;;;10;;;2644;4902;7546;5529;;;;;;0;0;0;0;;;;;;0;0;0;0;;;;;;0;0;0;0;;;;;;633;1403;2036;1445;;;;;;0;0;0;0;;;;;
BLOCS;2014;2A0000022;2A0000014;1;5;;0;;6;1;1;1;2;;14;2;;1;;;11;;;3878;1831;5709;4019;949;0;0;0;0;537;331;868;447;0;0;0;0;0;668;2;670;507;2;0;0;0;0;189;2;191;0;96;0;0;0;0;2540;376;2916;1299;311;0;0;0;0;22;9;31;0;66;0;0;0;0
BLOCS;2014;2A0000097;2A0000063;;0;;0;;1;;0;;;;1;;;1;;;2;;;0;0;0;0;;;;;;0;0;0;0;;;;;;33;0;33;33;;;;;;0;0;0;0;;;;;;0;0;0;0;;;;;;0;0;0;0;;;;;
BLOCS;2014;2A0000139;2A0000063;;5;;0;;1;;2;;0;;8;;;1;;;9;;;2701;5351;8052;5472;;;;;;2;0;2;2;;;;;;21;0;21;0;;;;;;149;1;150;0;;;;;;1729;5588;7317;4184;;;;;;91;454;545;5;;;;;
BLOCS;2014;2A0000154;2A0000204;2;2;2;0;;0;;1;1;;;3;3;;1;;;4;;;729;1142;1871;1587;;;;;;72;17;89;88;;;;;;9;0;9;0;;;;;;1;0;1;0;;;;;;589;1763;2352;1025;;;;;;0;0;0;0;;;;;
BLOCS;2014;2B0000012;2B0000020;1;4;1;1;;1;;1;;3;;10;1;;1;;;6;;;3805;1532;5337;4329;;13;6;7;15;763;543;1306;546;;6;5;0;4;870;1;871;12;;0;0;0;0;47;0;47;0;;7;2;4;5;1437;489;1926;583;;0;0;0;0;3;6;9;0;;0;0;0;0
BLOCS;2014;2B0000079;2B0000046;1;4;;;;;;0;;0;;4;;;1;;;4;;;291;5330;5621;3561;;;;;;0;0;0;0;;;;;;0;0;0;0;;;;;;0;0;0;0;;;;;;11;91;102;41;;;;;;1;6;7;1;;;;;
BLOCS;2014;2B0000145;2B0000053;2;3;;1;;1;;2;;1;;8;;;2;;;12;;;3608;3138;6746;5375;;;;;;326;45;371;230;;;;;;18;0;18;0;;;;;;100;1;101;0;;;;;;1181;5273;6454;3153;;;;;;0;14;14;2;;;;;
BLOCS;2014;2B0000160;2B0000087;1;4;;;;;;1;;;;5;;1;1;;1;2;;1;563;607;1170;993;;;;;;0;0;0;0;;;;;;0;0;0;0;;;;;;0;0;0;0;;;;;;121;1479;1600;715;;;;;;0;0;0;0;;;;;
BLOCS;2014;2B0000392;2B0000129;2;3;;;;1;;1;;1;;6;;;1;;;5;;;1933;884;2817;2437;;;;;;1;0;1;1;;;;;;6;0;6;0;;;;;;4;0;4;0;;;;;;2309;2392;4701;3244;;;;;;0;223;223;2;;;;;
BLOCS;2014;300000023;300780046;1;5;;5;;0;;3;;0;;13;;;1;;;10;;;6371;3090;9461;4364;356;67;265;40;25;2375;530;2905;627;0;4;45;6;2;38;0;38;0;0;0;0;0;0;20;0;20;0;0;0;0;0;0;3612;1497;5109;1536;653;6;79;5;11;6;92;98;2;0;0;0;0;0
BLOCS;2014;300000031;300780053;2;5;1;1;1;1;;1;;1;;9;2;0;1;;;7;;;2175;893;3068;2286;;;;;;599;274;873;297;;;;;;2;0;2;0;;;;;;36;1;37;0;;;;;;1324;1632;2956;1733;;;;;;6;19;25;5;;;;;
BLOCS;2014;300002508;300000213;1;3;;0;;0;;1;;0;;4;;4;1;;1;6;;6;0;2533;2533;2533;;;;;;0;0;0;0;;;;;;0;0;0;0;;;;;;0;0;0;0;;;;;;0;2571;2571;2571;;;;;;0;4;4;4;;;;;
BLOCS;2014;300780137;920028396;1;6;;1;;1;;2;;1;;11;;;1;;;18;;;3315;3993;7308;5631;;;;;;3;78;81;46;;;;;;57;0;57;0;;;;;;101;1;102;0;;;;;;915;3141;4056;2589;;;;;;0;9;9;1;;;;;
BLOCS;2014;300780152;300000114;3;11;0;0;0;3;0;1;0;1;0;16;0;4;2;0;;21;0;;6904;5213;12117;9680;;;;;;0;0;0;0;;;;;;1659;0;1659;1432;;;;;;589;27;616;0;;;;;;674;334;1008;123;;;;;;25;1;26;0;;;;;
BLOCS;2014;300780228;300000155;1;3;;0;0;0;;1;;1;0;5;0;;1;;;4;;;421;1878;2299;1883;;;;;;0;6;6;5;;;;;;0;0;0;0;;;;;;0;0;0;0;;;;;;167;1111;1278;679;;;;;;0;1;1;0;;;;;
BLOCS;2014;300781465;300000726;3;9;;1;1;;;2;;;;12;1;;1;;;12;;;3745;4296;8041;6098;;;;;;415;348;763;385;;;;;;0;0;0;0;;;;;;0;0;0;0;;;;;;1121;3567;4688;3137;;;;;;43;154;197;18;;;;;
BLOCS;2014;300782117;300780038;;20;2;2;2;4;2;2;;0;;28;6;;4;;;28;;;14498;4823;19321;16320;5794;85;199;18;47;1390;612;2002;1255;260;21;31;2;5;1890;15;1905;59;4;6;40;4;4;561;16;577;0;5;5;3;2;2;4854;2632;7486;4361;6474;23;48;1;13;72;57;129;10;953;0;4;0;1
BLOCS;2014;300788502;300788486;1;16;;1;;;;4;;1;;22;;;3;;;27;;;8855;8033;16888;13811;;;;;;1105;482;1587;514;;;;;;0;0;0;0;;;;;;0;0;0;0;;;;;;3859;9873;13732;8416;;;;;;14;86;100;7;;;;;
BLOCS;2014;310009279;310780671;1;4;;1;;0;;1;;0;;6;;;1;;;9;;;2106;2088;4194;3224;318;5;1;0;12;323;116;439;187;;7;15;;1;3;0;3;0;;;;;;0;0;0;0;;;;;;386;2967;3353;1844;;;;;;0;4;4;1;;;;;
BLOCS;2014;310016977;310781406;6;12;2;2;2;3;;0;;0;;17;4;;3;;;25;;;6367;3973;10340;7553;141;36;;22;8;3646;1157;4803;2292;;;;;;126;0;126;105;;;;;;30;6;36;0;;;;;;1009;649;1658;760;;;;;;20;107;127;0;;;;;
BLOCS;2014;310019351;310781406;1;6;0;;;1;;;;;;7;0;;1;;;9;;;3398;388;3786;2624;237;3;;4;0;0;0;0;0;;;;;;;0;0;0;;;;;;38;0;38;0;;;;;;3180;1304;4484;685;;;;;;58;242;300;0;;;;;
BLOCS;2014;310025333;310781406;;;;;;;;;;;;;;;;;;;;;918;268;1186;712;;;;;;0;0;0;0;;;;;;2;0;2;0;;;;;;2;0;2;0;;;;;;93;6;99;57;;;;;;4;3;7;0;;;;;
BLOCS;2014;310780085;310000021;1;4;;0;;0;;0;;0;;4;;;1;;;9;;;2356;5793;8149;5430;;;;;;0;0;0;0;;;;;;0;0;0;0;;;;;;0;0;0;0;;;;;;40;11;51;7;;;;;;3;6;9;0;;;;;
BLOCS;2014;310780101;310000039;2;13;;1;;1;;6;;1;;22;;;2;;;27;;;7477;10166;17643;11834;;55;38;17;35;285;376;661;431;;1;;;;23;1;24;0;;;;;;57;52;109;0;;;;;;3316;9640;12956;8128;;;;;2;23;225;248;129;;;;;
BLOCS;2014;310780135;310000054;2;8;;1;;1;;2;;0;;12;;;1;;;14;;;4991;5183;10174;9278;;;;;;2534;775;3309;1100;;;;;;25;0;25;0;;;;;;949;12;961;0;;;;;;552;4050;4602;2549;;;;;;7;31;38;20;;;;;
BLOCS;2014;310780150;310788799;1;12;;;;;;1;;1;;14;;;1;;;24;;;11110;13367;24477;22730;873;;;;;;;;12;;;;;;0;0;0;0;;;;;;0;0;0;0;;;;;;141;776;917;596;44;;;;;18;53;71;15;;;;;
BLOCS;2014;310780259;310000096;4;8;2;0;0;5;2;1;0;0;;14;4;8;2;0;1;13;0;16;6584;5589;12173;8597;1794;4;13;2;;0;0;0;0;;;;;;4918;436;5354;3839;;2;69;2;;717;182;899;0;;;;;;3327;5551;8878;4931;;1;13;1;;13;1040;1053;3;;;0;;
BLOCS;2014;310780283;310000112;4;12;1;2;1;2;;2;1;;;18;3;10;4;1;1;18;7;19;18009;14285;32294;26346;;;;;;236;100;336;314;;;;;;84;1;85;0;;;;;;328;28;356;0;;;;;;2763;6907;9670;5533;;;;;;76;960;1036;1;;;;;
BLOCS;2014;310780309;310000120;2;9;2;1;;1;1;2;1;1;;14;4;;2;;;28;;;4374;4887;9261;6858;206;2;;;1;2;118;120;84;;;;;;713;6;719;594;75;4;;;;125;1;126;0;;;;;;1391;3014;4405;2223;19;;3;;;17;90;107;21;;;;;
BLOCS;2014;310780366;310000153;;1;;0;;1;;1;0;0;0;3;0;;1;0;;3;0;;8;7;15;2;;;;;;0;0;0;0;;;;;;1;0;1;0;;;;;;0;0;0;0;;;;;;248;1195;1443;807;;;;;;0;0;0;0;;;;;
BLOCS;2014;310780382;310000179;3;9;1;2;2;1;1;2;0;1;;15;4;;2;;;14;;;6736;4728;11464;9945;;;;;;2461;768;3229;1263;;;;;;9;0;9;0;;;;;;5;4;9;0;;;;;;2882;3523;6405;4204;;;;;;8;48;56;4;;;;;
BLOCS;2014;310781000;310788880;2;16;;0;;2;;4;;0;;22;;0;2;;;34;;;12678;8198;20876;17792;;45;26;22;32;4;21;25;24;;;;;;961;8;969;858;;2;1;;;244;3;247;0;;;;;;3317;9362;12679;6115;;5;;2;;43;798;841;21;;;;;
BLOCS;2014;310781067;310788898;2;4;;1;;0;;1;;0;;6;;;1;;;7;;;2889;1451;4340;3843;128;4;31;0;9;1480;12990;14470;1151;;13;13;8;10;0;0;0;0;;;;;;0;;0;0;;;;;;297;1023;1320;728;38;;2;;;;;;1;;;;;
BLOCS;2014;310781505;310000492;1;7;7;1;1;0;;2;;0;;10;8;;2;;;18;;;6757;4464;11221;9043;;;;;;174;328;502;309;;;;;;145;0;145;80;;;;;;212;11;223;0;;;;;;2384;6120;8504;4983;;;;;;14;7;21;8;;;;;
BLOCS;2014;310782347;310789136;4;6;1;0;0;0;0;1;0;3;0;10;1;0;1;;;16;;;3481;1886;5367;3088;671;1;0;0;0;0;0;0;0;;;;;;0;0;0;0;;;;;;3;0;3;0;;;;;;245;155;400;315;453;;;;;13;2;15;0;;;;;
BLOCS;2014;310783048;310781406;2;27;2;;;11;2;3;;1;;42;4;;4;;;54;;;18382;5781;24163;18862;;;;;;;0;0;2;;;;;;6;0;6;0;;;;;;235;4;239;0;;;;;;3724;1528;5252;2242;;;;;;86;106;192;3;;;;;
BLOCS;2014;310783055;310781406;10;18;1;;;12;2;4;1;1;;35;4;;5;1;;34;12;;14722;2084;16806;13697;;;;;;;0;0;9;;;;;;4501;10;4511;124;;;;;;1415;119;1534;0;;;;;;4754;1952;6706;3823;;;;;;138;33;171;68;;;;;
BLOCS;2014;320000086;320780117;1;5;;2;;0;;0;;0;;7;;;1;;;10;;;3057;882;3939;3324;123;0;8;2;8;558;224;782;395;53;10;15;1;11;67;1;68;0;;;;;;12;0;12;0;;;;;;1349;1541;2890;1322;;;;;;1;0;1;0;;;;;
BLOCS;2014;320780067;320000052;1;4;4;0;;0;;1;0;;;5;4;0;1;1;0;8;8;0;1737;2542;4279;3636;;4;1;0;1;3;66;69;39;;;;;;0;0;0;0;;;;;;111;6;117;0;;;;;;1284;2670;3954;2699;;;;;;14;8;22;0;;;;;
BLOCS;2014;320784333;320000565;1;0;;0;;0;;1;;1;;2;;;0;;;0;;;;;;;0;0;0;0;0;;;;;0;0;0;0;0;;;;;0;0;0;0;0;;;;;0;0;0;0;0;;;;;0;0;0;0;0;;;;;0;0;0;0;0
BLOCS;2014;330000332;330780545;1;1;;;;0;;1;;0;;2;;;1;;;4;;;31;124;155;19;38;;;;;0;0;0;0;;;;;;0;0;0;0;;;;;;3;0;3;0;;;;;;863;875;1738;1070;127;;;;;0;0;0;0;;;;;
BLOCS;2014;330000340;330780552;4;6;;1;1;1;;2;;1;;11;1;0;1;;;15;;;4384;4640;9024;7714;;5;2;6;;1494;584;2078;1003;;6;5;3;2;45;0;45;0;;;;;;399;288;687;0;;;;;;659;4379;5038;3156;;;;;;15;113;128;80;;;;;
BLOCS;2014;330000555;330781204;1;3;;1;;0;;1;;0;;5;;;1;;;8;;;1966;737;2703;2420;0;5;4;2;3;589;494;1083;496;26;6;8;4;5;48;0;48;5;0;0;0;0;0;102;0;102;0;14;0;0;0;0;524;480;1004;655;3;0;1;0;6;3;11;14;0;1;0;0;0;0
BLOCS;2014;330000571;330781220;1;2;1;1;1;0;0;1;1;1;0;5;3;2;1;1;1;6;6;3;1229;2134;3363;2134;;;;;;240;210;450;268;;;;;;25;0;25;1;;;;;;0;0;0;0;;;;;;271;1314;1585;996;;;;;;0;3;3;0;;;;;
BLOCS;2014;330000589;330027509;1;2;1;1;1;0;;1;;0;;4;2;;1;;;7;;;1993;703;2696;2201;85;7;1;3;7;443;302;745;335;0;2;;;;3;0;3;1;0;;;;;87;23;110;0;0;;;;;532;612;1144;622;76;;;;;4;15;19;0;0;;;;
BLOCS;2014;330000605;330781253;2;9;2;1;1;1;1;11;0;24;0;46;4;;1;1;1;18;4;;7214;4062;11276;7658;1634;17;7;11;19;846;538;1384;739;6;3;3;1;3;907;36;943;67;;;;;;448;20;468;0;;;;;;3659;1163;4822;2090;359;3;;5;;35;31;66;0;21;;;;
BLOCS;2014;330000662;330781329;4;4;0;0;0;1;0;1;0;1;0;7;0;;1;;;6;;;5016;1848;6864;4176;;;;;;0;0;0;0;;;;;;6;7;13;2;;;;;;75;0;75;0;;;;;;389;279;668;307;;;;;;23;3;26;0;;;;;
BLOCS;2014;330780040;330000027;4;10;;0;;;;1;;2;;13;;;2;;;20;;;5977;12747;18724;12833;;;;;;0;0;0;0;;;;;;0;0;0;0;;;;;;0;0;0;0;;;;;;2385;158;2543;2365;;;;;;28;22;50;17;;;;;
BLOCS;2014;330780081;330000043;;10;;;;2;;1;;1;;14;;;2;;;20;;;6471;1822;8293;7464;;;;;;0;0;0;0;;;;;;1826;4;1830;1233;;;;;;301;89;390;0;;;;;;1833;1353;3186;2224;;;;;;15;16;31;10;;;;;
BLOCS;2014;330780115;330000076;1;9;;0;;0;;1;;0;;10;;;1;;;14;;;8344;7232;15576;12398;1091;;1;;;10;55;65;65;1;;;;;0;1;1;1;;;;;;402;67;469;0;;;;;;765;3661;4426;2934;100;;1;;;16;176;192;111;;;;;
BLOCS;2014;330780206;330000126;1;4;;;;0;;1;;0;;5;;;1;;;8;;;2286;4825;7111;5178;;;;;;0;0;0;0;;;;;;11;1;12;0;;;;;;74;2;76;0;;;;;;645;2168;2813;2096;;;;;;3;11;14;13;;;;;
BLOCS;2014;330780255;330010059;2;5;0;0;0;0;0;1;0;1;0;7;0;0;1;0;0;9;0;0;2901;8535;11436;9476;;;;;;0;0;0;0;;;;;;0;0;0;0;;;;;;0;0;0;0;;;;;;429;4126;4555;3102;;;;;;0;4;4;3;;;;;
BLOCS;2014;330780263;330000134;2;7;0;1;1;0;0;2;0;0;0;10;1;0;2;0;;15;0;;5757;5187;10944;9344;0;;;11;9;596;286;882;573;0;;;6;13;0;0;0;0;0;0;0;0;0;116;4;120;0;0;0;0;0;0;1597;6381;7978;5080;0;0;0;0;0;5;31;36;0;0;0;0;0;0
BLOCS;2014;330780271;330021429;1;8;;;;;;;;;;8;;;1;;;14;;;5236;6089;11325;11290;;;;;;0;0;0;0;;;;;;0;0;0;0;;;;;;0;0;0;0;;;;;;0;0;0;0;;;;;;0;0;0;0;;;;;
BLOCS;2014;330780354;330000225;1;0;;0;;2;1;2;;0;;4;1;;1;;;6;;;175;59;234;25;;;;;;0;0;0;0;;;;;;1759;255;2014;790;;;;;;60;1;61;0;;;;;;760;2770;3530;1835;;;;;;20;3;23;2;;;;;
BLOCS;2014;330780479;330000274;4;9;2;5;5;1;;2;;1;;18;7;0;2;;;30;;;6714;2856;9570;7590;;;;;;1378;420;1798;964;;;;;;135;2;137;73;;;;;;343;14;357;0;;;;;;2581;3721;6302;2872;;;;;;11;23;34;0;;;;;
BLOCS;2014;330780487;330000282;1;4;0;;;;;;;1;;5;0;0;1;0;0;8;0;0;1622;9374;10996;6535;1363;0;0;0;0;0;0;0;0;;;;;;0;0;0;0;;;;;;0;0;0;0;;;;;;0;0;0;0;;;;;;3;5;8;0;;;;;
BLOCS;2014;330780495;330796392;2;4;;;;;;1;;0;;5;;;1;;;6;;;1728;2234;3962;3253;;0;0;3;5;163;167;330;149;;1;1;0;0;0;0;0;0;;0;0;0;0;0;10;10;0;;0;0;0;0;272;704;976;439;;0;0;0;0;0;2;2;0;;0;0;0;0
BLOCS;2014;330780503;330000308;1;14;3;0;;1;1;1;1;;;16;5;;2;1;;29;6;;11522;13121;24643;22687;;;;;;162;61;223;160;;;;;;1254;1;1255;1172;;;;;;299;34;333;0;;;;;;655;1716;2371;1288;;;;;;1;2;3;0;;;;;
BLOCS;2014;330780511;330000316;;3;;;;;;1;;;;4;;;1;;;5;;;1760;2349;4109;2877;;;;;;0;0;0;0;;;;;;0;0;0;0;;;;;;0;0;0;0;;;;;;1116;3099;4215;2538;;;;;;0;3;3;0;;;;;
BLOCS;2014;330780529;330796392;2;8;;0;;0;;2;;0;;10;;;1;;;14;;;4270;4025;8295;7837;;3;0;3;10;1;0;1;1;;;0;0;0;0;0;0;0;;;0;0;0;10;0;10;0;;;0;0;0;1749;3476;5225;3373;;;0;0;0;2;1;3;0;;;0;0;0
BLOCS;2014;330780537;330000324;1;4;4;0;0;0;0;1;0;0;0;5;4;;1;1;0;8;8;0;2355;3188;5543;4163;57;1;83;1;23;195;140;335;225;0;2;5;2;3;43;0;43;0;0;0;0;0;0;7;0;7;0;0;0;0;0;0;880;1478;2358;1490;264;0;8;0;1;1;12;13;0;0;0;0;0;0
BLOCS;2014;330780560;330781386;1;;;;;;;;;1;;1;;;;;;;;;;;;;;;;;;;;;;;;;;;;;;;;;;;;;;;;;;;;;;;;;;;;;;;;;;;;;;
BLOCS;2014;330781303;750821092;1;6;;0;;0;;1;;0;;7;;;1;;;12;;;3017;1102;4119;2959;388;16;2;6;27;0;0;0;0;0;0;0;0;0;11;0;11;6;0;0;0;0;0;3;0;3;0;0;0;0;0;0;1459;640;2099;911;0;0;0;0;0;5;3;8;0;0;0;0;0;0
BLOCS;2014;330781352;330781196;;4;;0;;;;3;;;;7;;;3;;;;;;3125;565;3690;2082;;;;;;0;0;0;0;;;;;;128;1;129;0;;;;;;347;37;384;0;;;;;;2453;1308;3761;1691;;;;;;98;14;112;11;;;;;
BLOCS;2014;330781360;330781196;8;52;;;;;;;;;;52;;2;;;;73;;;31120;12301;43421;33301;;;;;;2810;1807;4617;2537;;;;;;5;1;6;1;;;;;;1080;153;1233;0;;;;;;4173;1024;5197;3116;;;;;;130;217;347;49;;;;;
BLOCS;2014;330781402;330000670;;6;;0;;1;;1;;1;;9;;;1;;;16;;;4352;3192;7544;6609;;1;0;1;0;;;;;;;;;;;;;;;;;;;131;85;216;;;;;;;411;1930;2341;1228;;;;;;33;1;34;3;;;;;
BLOCS;2014;330782582;330000928;1;7;;1;1;1;;3;;1;;13;1;12;1;;;19;;;5778;5534;11312;9877;;;;;;293;458;751;648;;;;;;0;0;0;0;;;;;;2;0;2;0;;;;;;2756;6164;8920;5712;;;;;;2;51;53;1;;;;;
BLOCS;2014;330783648;330781196;;15;;;;;;;;6;;21;;;16;;;;;;9596;738;10334;7783;;;;;;0;0;0;0;;;;;;4404;22;4426;386;;;;;;648;274;922;0;;;;;;5147;1682;6829;2086;;;;;;62;22;84;4;;;;;
BLOCS;2014;340000033;340780055;2;7;7;2;1;1;1;2;2;1;;13;11;1;2;2;;18;18;;6573;2149;8722;6885;;;;;;929;884;1813;727;;;;;;148;2;150;4;;;;;;438;113;551;0;;;;;;2625;1275;3900;1797;;;;;;9;8;17;4;;;;;
BLOCS;2014;340000207;340780493;1;9;0;0;0;0;0;1;0;0;0;10;0;2;1;0;0;15;0;0;5844;2075;7919;5047;;;;;;0;0;0;0;;;;;;0;0;0;0;;;;;;30;4;34;0;;;;;;438;405;843;378;;;;;;9;1;10;0;;;;;
BLOCS;2014;340000223;340011295;1;4;4;1;1;0;0;1;1;0;0;6;6;0;1;1;0;6;1;0;2883;984;3867;3439;0;2;31;3;12;617;480;1097;448;0;;;;;61;1;62;0;0;;;;;0;0;0;0;0;;;;;1038;1029;2067;1084;0;0;0;0;0;1;8;9;0;0;;;;
BLOCS;2014;340009885;340009877;1;5;5;1;1;1;1;1;1;1;1;9;9;;1;1;;12;12;;4806;5462;10268;7453;;0;0;0;3;349;316;665;570;;2;4;2;2;37;0;37;0;;1;;;;1;0;1;0;;;;;;266;2272;2538;1318;;;;;;1;24;25;6;;;;;
BLOCS;2014;340015502;340000512;2;9;1;0;;3;1;4;1;0;;16;3;7;2;;;20;;;6378;1121;7499;6642;;;;;;2;0;2;2;;;;;;1933;4;1937;1558;;;;;;660;113;773;0;;;;;;2196;7589;9785;5319;;;;;;40;432;472;24;;;;;
BLOCS;2014;340015965;340000074;1;12;;0;;0;;2;;0;;14;;;1;;;18;;;6723;5116;11839;9759;;;;;;6;0;6;6;;;;;;76;0;76;0;;;;;;184;11;195;0;;;;;;3785;5988;9773;6294;;;;;;27;80;107;24;;;;;
BLOCS;2014;340780139;340000090;2;10;;0;;0;;1;;1;;12;;;2;;;12;;;5546;4963;10509;8638;;;;;;0;0;0;0;;;;;;0;0;0;0;;;;;;0;0;0;0;;;;;;277;1107;1384;545;;;;;;2;12;14;0;;;;;
BLOCS;2014;340780147;340000108;1;3;1;0;;0;;1;;0;;4;1;1;2;;;6;;;788;992;1780;1006;;6;3;3;3;1;1;2;2;;;;;;0;0;0;0;;;;;;0;0;0;0;;;;;;378;711;1089;447;;;;;;0;0;0;0;;;;;
BLOCS;2014;340780154;340000116;1;3;1;;;;;1;;;;4;1;;2;;;7;;;1197;4334;5531;2678;;3;4;2;2;3;0;3;3;;;;;;0;0;0;0;;;;;;0;0;0;0;;;;;;597;2271;2868;1602;;;;;;18;196;214;5;;;;;
BLOCS;2014;340780436;340011295;1;0;0;0;0;0;0;1;0;0;0;1;0;0;1;0;0;4;0;0;0;0;0;0;0;0;0;0;0;0;0;0;0;0;0;0;0;0;0;0;0;0;0;0;0;0;0;0;0;0;0;0;0;0;0;0;4;89;93;36;0;0;0;0;0;0;0;0;0;0;0;0;0;0
BLOCS;2014;340780568;340000256;1;;;;;;;1;;;;1;;;1;;;1;;;0;0;0;0;;;;;;0;0;0;0;;;;;;0;0;0;0;;;;;;0;0;0;0;;;;;;18;0;18;0;;;;;;0;0;0;0;;;;;
BLOCS;2014;340780634;340000272;1;13;;0;;0;;1;;1;;15;;;2;;;19;;;8580;8769;17349;14349;1469;56;12;44;93;0;0;0;0;;;;;;0;0;0;0;;;;;;0;0;0;0;;;;;;691;3652;4343;2163;;;;;;18;494;512;10;;;;;1
BLOCS;2014;340780642;340785856;1;7;1;0;0;0;0;2;0;0;0;9;1;0;1;1;;12;1;;4698;3451;8149;5642;;;;;;3;0;3;3;;;;;;0;0;0;0;;;;;;0;0;0;0;;;;;;1488;6612;8100;4741;;;;;;59;173;232;35;;;;;
BLOCS;2014;340780667;340000280;3;9;0;0;0;4;0;4;0;1;;18;0;0;3;0;;18;0;;6192;3789;9981;7540;;;;;;0;0;0;0;;;;;;744;18;762;641;;;;;;525;281;806;0;;;;;;2185;4326;6511;3093;;;;;;12;54;66;21;;;;;
BLOCS;2014;340780675;340000298;2;9;;1;1;0;;1;;0;;11;1;;2;1;;12;1;;5246;7168;12414;10009;;;;;;1622;968;2590;976;;;;;;0;0;0;0;;;;;;1;0;1;0;;;;;;453;3735;4188;2498;;;;;;6;170;176;63;;;;;
BLOCS;2014;340780683;340000306;;16;;7;7;1;;1;;1;;26;7;;3;;;25;;;7180;14340;21520;15300;;;;;;1457;1087;2544;1100;;;;;;1;0;1;0;;;;;;2;0;2;0;;;;;;105;529;634;482;;;;;;14;167;181;19;;;;;
BLOCS;2014;340780717;340008150;1;3;;1;1;;;1;;;;5;1;;1;;;8;;;1630;2597;4227;3213;;;;;;155;117;272;85;;;;;;0;0;0;0;;;;;;0;0;0;0;;;;;;424;1305;1729;989;;;;;;0;;0;;;;;;
BLOCS;2014;340780725;340016864;1;4;;0;;0;;1;;0;;5;;;1;;;7;;;504;4694;5198;2899;;;;;;0;1;1;1;;;;;;0;0;0;0;;;;;;0;3;3;0;;;;;;95;3195;3290;1788;;;;;;0;5;5;0;;;;;
BLOCS;2014;340780741;340000348;3;5;1;1;1;1;0;0;0;0;;7;2;2;3;;;12;;;2150;5780;7930;4741;;;;;;101;235;336;196;;;;;;6;0;6;0;;;;;;6;0;6;0;;;;;;393;2695;3088;1765;;;;;;0;90;90;5;;;;;
BLOCS;2014;340782036;340780477;1;6;;0;;1;;6;;1;;14;;;1;;;10;;;4386;859;5245;3805;;;;;;0;0;0;0;;;;;;16;0;16;0;;;;;;353;6;359;0;;;;;;4010;2593;6603;2963;;;;;;84;6;90;3;;;;;
BLOCS;2014;340782085;340780477;1;15;;;;1;;1;;1;;18;;;1;;;17;;;7054;2358;9412;7564;;;;;;0;0;0;0;;;;;;4;0;4;1;;;;;;15;0;15;0;;;;;;1196;567;1763;885;;;;;;57;32;89;3;;;;;
BLOCS;2014;340785161;340780477;1;17;1;;;1;;1;;1;;20;1;;1;;;27;;;16538;4247;20785;16178;;;;;;0;0;0;0;;;;;;49;0;49;0;;;;;;163;1;164;0;;;;;;1973;457;2430;1578;;;;;;50;24;74;1;;;;;
BLOCS;2014;340796663;340780477;2;10;;2;;1;;2;;1;;16;;;2;;;14;;;4940;2131;7071;5503;;;;;;2855;1518;4373;1888;;;;;;2534;60;2594;261;;;;;;623;244;867;0;;;;;;1330;990;2320;479;;;;;;38;55;93;1;;;;;
BLOCS;2014;350000121;350000303;1;17;2;1;1;;;5;;3;;26;3;4;4;;;44;;;18611;16534;35145;30952;;;;;;632;281;913;804;;;;;;0;0;0;0;;;;;;473;239;712;0;;;;;;2846;7379;10225;8906;;;;;;17;127;144;60;;;;;
BLOCS;2014;350000139;350001137;1;10;;1;;0;;2;;0;;13;;2;1;;;15;;;5924;4648;10572;8762;;;;;;2359;223;2582;842;;;;;;0;0;0;0;;;;;;0;0;0;0;;;;;;549;2683;3232;2791;;;;;;3;91;94;0;;;;;
BLOCS;2014;350000147;350000022;3;7;1;1;1;1;;1;;0;;10;2;0;1;1;;12;12;;4356;1785;6141;4497;30;18;14;10;18;759;386;1145;415;;;;;;818;3;821;2;;;;;;43;1;44;0;;;;;;1638;920;2558;997;;;;;;7;6;13;2;;;;;
BLOCS;2014;350000154;350000030;1;3;1;1;;0;;1;0;0;;5;1;;1;;;7;;;2147;1268;3415;2594;281;17;7;7;13;650;108;758;124;;9;20;2;1;0;0;0;0;;;;;;0;0;0;0;;;;;;812;1465;2277;1166;882;;;;;0;0;0;0;;;;;
BLOCS;2014;350000162;350000048;1;3;3;1;1;0;0;1;0;1;1;6;5;0;1;1;0;5;5;0;1647;841;2488;1891;42;;;;;337;118;455;132;0;;;;;0;0;0;0;0;;;;;0;0;0;0;0;;;;;360;625;985;574;1;;;;;2;2;4;1;0;;;;
BLOCS;2014;350000188;350000055;1;3;;1;;0;;3;;0;;7;;;1;;;6;;;1336;707;2043;1855;;4;2;0;2;584;120;704;299;;1;3;0;0;0;0;0;0;;;;;;0;0;0;0;;;;;;400;967;1367;828;;;;;;9;46;55;0;;;;;
BLOCS;2014;350000196;350000311;1;3;;;;3;;1;;0;;7;;;1;;;10;;;2849;4933;7782;5972;;;;;;0;0;0;0;;;;;;0;0;0;0;;;;;;134;30;164;0;;;;;;1118;2175;3293;2541;;;;;;3;108;111;111;;;;;
BLOCS;2014;350000741;350005179;15;25;3;0;;8;2;5;;1;;39;5;3;6;1;;46;6;;17690;5230;22920;18717;4127;71;97;32;56;3;0;3;3;2;;;;;1879;9;1888;213;1;;3;1;4;1274;466;1740;0;125;3;4;;2;6227;1908;8135;4265;5093;14;26;9;11;116;265;381;28;718;;2;;
BLOCS;2014;350002192;220020739;1;4;;;;3;2;1;;1;;9;2;;1;;;8;;;2850;5565;8415;4807;;;;;;0;0;0;0;;;;;;1108;1;1109;903;;;;;;182;0;182;0;;;;;;658;1154;1812;812;;;;;;4;7;11;0;;;;;
BLOCS;2014;350002564;350046199;1;;;;;;;;;1;0;1;0;;;;;;;;;;;;112;;;;;;;;;;;;;;;;;;;;;;;;;;;;;;;;;;;;;;;;;;;;;;;;;
BLOCS;2014;350002812;350023503;2;3;0;0;0;1;0;0;0;0;0;4;0;0;1;0;0;4;0;0;1614;1433;3047;1174;;;;;;0;0;0;0;;;;;;2;0;2;0;;;;;;362;1;363;0;;;;;;42;2;44;24;;;;;;13;3;16;0;;;;;
BLOCS;2014;350005146;350000733;3;12;;0;;0;;2;;0;;14;;;2;;;24;;;7191;13598;20789;15698;;;;;;0;0;0;0;;;;;;72;0;72;0;;;;;;185;58;243;0;;;;;;1661;3858;5519;3887;;;;;;2;156;158;2;;;;;
BLOCS;2014;350007084;350005179;3;6;1;3;3;1;1;0;;0;;10;5;;3;1;;19;6;;5059;3562;8621;7155;2223;29;5;11;21;2901;2152;5053;1270;261;30;79;9;16;6;0;6;5;;;;;;14;6;20;0;;;;;;512;428;940;504;111;;1;;;30;71;101;0;89;;;;
BLOCS;2014;360000129;360000269;3;5;;;;1;;2;;;;8;;;2;;;12;;;2765;2982;5747;4693;;;;;;1;4;5;2;;;;;;10;0;10;0;;;;;;5;0;5;0;;;;;;1217;4983;6200;4205;;;;;;2;9;11;1;;;;;
BLOCS;2014;360000137;360000053;3;7;0;1;0;1;;3;;0;;12;0;0;1;1;;8;8;;4447;1773;6220;4974;;;;;;890;481;1371;423;;;;;;242;2;244;0;;;;;;196;7;203;0;;;;;;2128;1054;3182;1142;;;;;;9;2;11;0;;;;;
BLOCS;2014;360000160;360000079;1;3;0;1;0;0;0;1;0;0;0;5;0;0;1;0;0;6;0;0;533;330;863;648;;;;;;162;95;257;72;;;;;;0;0;0;0;;;;;;0;0;0;0;;;;;;206;555;761;497;;;;;;0;0;0;0;;;;;
BLOCS;2014;370000051;370000028;1;5;;1;;;;1;;;;7;;;1;;;12;;;1979;2384;4363;3410;;0;18;2;5;0;0;0;0;;;;;;0;0;0;0;;;;;;0;0;0;0;;;;;;143;3096;3239;1716;;0;0;0;0;0;3;3;0;;;;;
BLOCS;2014;370000085;370000077;1;10;3;;;2;2;1;;0;;13;5;;2;;;19;;;5169;8370;13539;9910;38;;;;;0;0;0;0;;;;;;1761;8;1769;1351;;;5;1;2;456;730;1186;0;;1;2;;;867;1585;2452;1327;;3;1;;;3;2;5;1;2;;;;
BLOCS;2014;370000093;370000192;1;10;4;0;;;;2;;0;;12;4;;1;;;18;7;;7328;3672;11000;9730;;85;14;16;32;2;0;2;2;;;;;;0;0;0;0;;;;;;0;0;0;0;;;;;;1894;4146;6040;4134;;;;1;;0;91;91;91;;;;;
BLOCS;2014;370000499;370000481;1;9;;;;2;;;;1;;12;;0;1;;;7;;;2846;1760;4606;3845;1751;;;;;0;0;0;0;;;;;;57;0;57;37;;;;;;7;0;7;0;;;;;;448;235;683;208;637;;;;;10;49;59;0;74;;;;
BLOCS;2014;370000531;370000606;1;0;0;1;1;0;0;0;0;0;0;1;1;0;1;1;0;1;;;;;;;;;;;;390;35;425;162;;3;9;0;6;;;;0;;;;;;;;;0;;;;;;;;;79;;;;;;0;0;0;0;;;;;
BLOCS;2014;370000861;370000481;2;15;4;6;;4;;;;;;25;4;;2;2;;30;10;;6719;5309;12028;9195;1556;28;82;3;7;2525;1520;4045;1280;191;5;10;5;2;22;0;22;15;;;;;;211;3;214;0;7;;;;;2763;787;3550;2032;4258;6;2;4;;30;70;100;0;1103;;;;
BLOCS;2014;370000879;370000564;1;3;;;;;;1;;;;4;;;1;;;6;;;1153;969;2122;1893;;;;;;0;56;56;36;;;;;;0;1;1;0;;;;;;0;0;0;0;;;;;;420;301;721;419;;;;;;0;2;2;0;;;;;
BLOCS;2014;370000903;370000614;1;3;3;0;;3;0;0;0;0;0;6;3;;1;1;;6;6;;757;1004;1761;1227;;;;;;0;0;0;0;;;;;;1;0;1;0;;;;;;0;0;0;0;;;;;;309;399;708;452;;;;;;2;2;4;1;;;;;
BLOCS;2014;370004467;370000481;4;19;6;;;8;2;4;0;2;0;33;8;4;2;1;1;21;5;6;17639;3696;21335;17927;4960;58;24;0;44;0;0;0;0;;;;;;2640;32;2672;1949;2;;;;;929;119;1048;0;2;;;1;;2827;1745;4572;2302;1009;1;;2;;40;37;77;17;414;;;;
BLOCS;2014;370007569;370007528;1;8;;1;1;1;;3;;1;;14;1;8;1;;;27;;;9248;12014;21262;16003;;4;2;2;9;1242;217;1459;790;;4;5;2;2;0;0;0;0;;;;;;1;0;1;0;;;;;;2472;9983;12455;7611;;;;;;14;113;127;9;;;;;
BLOCS;2014;380000026;380780031;1;0;;0;;0;;1;;0;;1;;0;;;;2;;0;30;2;32;0;;0;0;0;0;0;0;0;0;;;;;;0;0;0;0;;;;;;0;0;0;0;;;;;;206;418;624;313;284;0;0;0;0;3;0;3;0;;0;0;0;0
BLOCS;2014;380000034;380780049;1;7;7;1;1;1;;4;;0;;13;8;0;1;1;;12;12;;3193;1666;4859;3706;;;;;;811;370;1181;609;;;;;;71;0;71;0;;;;;;129;0;129;0;;;;;;2423;269;2692;1120;;;;;;23;26;49;0;;;;;
BLOCS;2014;380000042;380780056;1;;;;;;;1;;;;1;;;;;;3;;;45;4;49;1;;;;;;0;0;0;0;;;;;;0;0;0;0;;;;;;0;0;0;0;;;;;;98;360;458;244;;;;;;0;0;0;0;;;;;
BLOCS;2014;380000067;380780080;12;37;6;2;7;11;0;2;0;2;0;54;13;0;4;2;;33;10;;27644;9603;37247;21987;10100;280;200;38;82;1914;1694;3608;2083;224;24;61;3;7;2176;11;2187;406;6;5;6;1;2;1234;123;1357;0;21;4;2;2;0;7668;1300;8968;3067;4396;15;29;2;17;142;71;213;15;1460;0;1;0;1
BLOCS;2014;380000091;380780171;1;0;0;0;0;0;0;1;0;1;0;2;0;0;0;0;0;0;0;0;0;0;0;0;0;0;0;0;0;0;0;0;0;0;0;0;0;0;0;0;0;0;0;0;0;0;0;0;0;0;0;;0;0;0;0;1;0;1;0;29;0;1;0;0;0;0;0;0;0;0;0;0;0
BLOCS;2014;380000174;380781435;5;3;1;1;1;1;0;1;0;0;0;6;2;0;1;1;0;8;8;0;2533;1672;4205;2502;4610;4;1;3;3;1140;475;1615;540;55;3;4;1;2;32;0;32;0;;;;;;69;0;69;0;;;;;;1174;994;2168;801;1270;;;;;20;13;33;0;;;;;
BLOCS;2014;380000406;380784751;2;3;1;4;;1;;1;;1;;10;1;;2;1;;8;4;;2286;993;3279;2694;;;;;;1057;561;1618;575;;;;;;17;0;17;0;;;;;;5;0;5;0;;;;;;652;711;1363;698;;;;;;1;4;5;0;;;;;
BLOCS;2014;380012658;380012609;3;13;1;3;;3;1;4;0;1;;24;2;;2;;;30;;;8940;13130;22070;16648;;;;;;1174;286;1460;519;;;;;;1043;3;1046;25;;;;;;245;63;308;0;;;;;;1958;6954;8912;5511;;;;;;21;49;70;20;;;;;
BLOCS;2014;380013037;380013011;1;0;;;;0;;0;;0;;0;;4;0;;1;0;;8;0;187;187;69;;;;;;0;0;0;0;;;;;;0;0;0;0;;;;;;0;73;73;0;;;;;;0;5232;5232;3630;;;;;;0;1;1;1;;;;;
BLOCS;2014;380780197;380798173;1;5;;1;1;2;;1;;0;;9;1;;1;;;14;;;4201;5020;9221;8514;;9;10;1;3;862;84;946;420;;16;18;4;7;0;0;0;0;;;;;;20;32;52;0;;;;;;1036;325;1361;1174;;;;;;3;20;23;3;;;;;
BLOCS;2014;380780270;380798165;1;6;;0;;0;;0;;0;;6;;;1;;;9;;;2805;3524;6329;4908;;;;;;0;0;0;0;;;;;;0;0;0;0;;;;;;0;1;1;0;;;;;;82;61;143;75;;;;;;6;4;10;0;;;;;
BLOCS;2014;380780288;380795203;2;6;;0;;0;;2;;0;;8;;;2;;;11;;;1936;4352;6288;4792;1953;0;0;0;0;3;23;26;26;0;0;0;0;0;60;3;63;0;0;0;0;0;0;8;1;9;0;0;0;0;0;0;327;4362;4689;2627;410;0;0;0;0;1;92;93;4;1;0;0;0;0
BLOCS;2014;380781450;380798140;1;3;1;0;0;0;0;1;0;0;0;4;1;;1;;;6;;;1269;1371;2640;2128;;;;;;4;12;16;16;;;;;;0;0;0;0;;;;;;10;0;10;0;;;;;;407;862;1269;848;;;;;;0;14;14;0;;;;;
BLOCS;2014;380782722;380780080;;4;;;;0;;0;;;;4;;;1;;;5;;;3723;1451;5174;4526;655;;;1;1;0;0;0;0;;;;;;0;0;0;0;;;;;;0;0;0;0;;;;;;0;0;0;0;;;;;;0;0;0;0;;;;;
BLOCS;2014;380785956;380795211;1;12;12;1;1;0;0;3;3;0;0;16;16;;1;1;;14;14;;6325;5810;12135;10517;;;;;;554;128;682;436;;;;;;15;0;15;0;;;;;;3;0;3;0;;;;;;1855;7731;9586;5791;;;;;;4;22;26;10;;;;;
BLOCS;2014;380786442;380798025;3;12;2;2;1;2;2;2;;0;;18;5;;3;;;26;;;9758;8098;17856;14504;;;;;;1533;231;1764;741;;;;;;1485;11;1496;1255;;;;;;393;0;393;0;;;;;;1646;8718;10364;6258;;;;;;62;24;86;22;;;;;
BLOCS;2014;390000040;390780146;2;7;1;1;1;1;;3;;1;;13;2;;2;1;;15;8;;3559;1919;5478;4085;0;7;5;5;9;690;348;1038;284;0;0;2;1;0;48;0;48;0;0;0;0;0;0;7;0;7;0;0;0;0;0;0;1977;832;2809;1151;0;0;0;0;0;30;15;45;1;0;0;0;0;0
BLOCS;2014;390000065;390780161;1;3;3;1;1;0;;1;1;0;;5;5;5;1;1;;7;7;;1028;919;1947;1669;;;;;;235;80;315;83;;;;;;1;0;1;0;;;;;;1;0;1;0;;;;;;130;457;587;370;;;;;;2;2;4;1;;;;;
BLOCS;2014;390000222;390780609;1;5;1;1;;4;;1;;1;;12;1;;1;;;8;;;2438;2417;4855;3958;;;;;;735;309;1044;352;;;;;;36;0;36;2;;;;;;15;0;15;0;;;;;;679;257;936;298;;;;;;0;28;28;3;;;;;
BLOCS;2014;390780559;390000180;1;3;0;;;;;1;;;0;4;0;;1;;;5;;;906;868;1774;1581;;;;;;0;0;0;0;;;;;;0;0;0;0;;;;;;0;0;0;0;;;;;;184;791;975;764;;;;;;43;6;49;0;;;;;
BLOCS;2014;390780575;250017803;1;5;;;;;;;;;;5;;;1;;;12;;;1587;2922;4509;3390;;;;;;0;0;0;0;;;;;;0;0;0;0;;;;;;0;0;0;0;;;;;;1149;1664;2813;2201;;;;;;26;41;67;0;;;;;
BLOCS;2014;400000105;400780193;2;7;;1;;0;;2;;0;;10;;;1;;;10;;;5503;2361;7864;5373;5879;38;15;3;11;226;361;587;503;13;;;;1;187;2;189;3;;;;;;273;0;273;236;;;;;;2412;1351;3763;1766;1024;1;3;;2;9;64;73;3;102;;;;
BLOCS;2014;400000139;400011177;3;6;1;0;0;1;0;3;0;1;0;11;1;1;1;1;0;12;12;0;4552;1584;6136;4810;;18;9;12;17;763;379;1142;455;;4;5;2;;652;7;659;0;;;;;;270;6;276;0;;;;;;2652;1539;4191;2362;;;;;;3;8;11;2;;1;;;
BLOCS;2014;400780284;400000154;1;3;;;;;;3;;1;;7;;;1;;;5;;;1434;1210;2644;2223;;;;;;0;0;0;0;;;;;;0;0;0;0;;;;;;0;0;0;0;;;;;;489;119;608;548;;;;;;1;1;2;0;;;;;
BLOCS;2014;400780342;400000196;1;3;0;0;0;0;0;1;0;0;0;4;0;0;1;0;;7;0;;924;3346;4270;2665;0;;0;;;0;0;0;0;;;;;;0;0;0;0;;;;;;0;0;0;0;;;;;;435;2256;2691;1635;0;;0;;;4;11;15;10;;;;;
BLOCS;2014;400780359;400000204;1;6;;0;0;0;0;0;0;0;0;6;0;0;1;;;15;;;3517;5623;9140;7302;;;;;;7;33;40;39;;;;;;0;0;0;0;;;;;;19;1;20;0;;;;;;520;2510;3030;1934;;;;;;7;11;18;3;;;;;
BLOCS;2014;400782769;400001764;1;2;2;0;0;1;0;1;0;0;0;4;2;0;1;0;0;6;2;0;1308;2004;3312;2275;;3;;2;;0;0;0;0;;;;;;28;0;28;0;;;;;;12;0;12;0;;;;;;397;1372;1769;932;;;;;;;;;;;;;;
BLOCS;2014;410000020;410000087;2;8;8;1;1;0;;0;;0;;9;9;;1;1;;12;12;;5216;2961;8177;5440;;20;93;9;21;930;843;1773;476;;19;39;5;6;272;0;272;14;;;6;;1;70;0;70;0;;;;;;2256;1341;3597;1579;;;12;;;5;44;49;0;;;;;
BLOCS;2014;410000038;410000095;1;0;;;;;;1;;;;1;;;;;;;;;20;1;21;0;;;;;;0;0;0;0;;;;;;0;0;0;0;;;;;;0;0;0;0;;;;;;86;0;86;2;;;;;;0;0;0;0;;;;;
BLOCS;2014;410000046;410000103;2;3;1;0;0;0;0;1;0;2;0;6;1;;1;0;0;8;0;0;1352;1020;2372;1961;0;1;1;1;8;306;96;402;132;0;1;3;0;0;0;0;0;0;0;0;0;0;0;0;0;0;0;0;0;0;0;0;668;540;1208;754;0;0;0;0;0;0;8;8;0;0;0;0;0;0
BLOCS;2014;410000202;410000319;1;6;1;1;1;1;0;1;0;0;0;9;2;2;1;;;20;;;4597;7126;11723;8776;;;;;;145;20;165;144;;;;;;0;0;0;0;;;;;;500;0;500;0;;;;;;2393;5005;7398;5910;;;;;;14;139;153;153;;;;;
BLOCS;2014;410004998;410000871;1;5;5;1;1;;;2;;0;;8;6;5;1;1;;12;12;;3489;2896;6385;5128;;;;;;405;76;481;155;;;;;;0;0;0;0;;;;;;0;0;0;0;;;;;;1069;1424;2493;2022;;;;;;0;0;0;0;;;;;
BLOCS;2014;420000010;420780033;1;9;1;1;;1;;1;;4;;16;1;;1;1;;15;1;;4601;2645;7246;5435;2079;58;6;18;24;925;421;1346;710;;24;20;;8;164;3;167;19;;;;;;88;7;95;0;;;1;;;2342;1368;3710;1709;9407;2;;;;7;11;18;1;276;;;;
BLOCS;2014;420000226;420013831;1;3;3;1;1;0;0;1;0;0;0;5;4;;1;1;;6;;;2615;1058;3673;2807;;;;;;614;228;842;316;;;;;;20;1;21;0;;;;;;31;1;32;0;;;;;;1087;1212;2299;1127;;;;;;5;4;9;1;;;;;
BLOCS;2014;420000234;420780652;1;4;0;1;0;0;0;1;0;0;0;6;0;;1;0;;6;0;;2313;1450;3763;2428;2134;14;56;5;8;889;303;1192;462;56;14;43;1;4;54;1;55;1;0;0;0;0;0;38;0;38;0;0;0;0;0;0;776;1117;1893;1016;367;2;16;1;0;7;14;21;0;135;0;2;0;0
BLOCS;2014;420000267;420013831;1;4;;0;;0;;1;;;;5;;;1;;;7;;;914;489;1403;1086;158;;;;;3;36;39;13;;;;;;16;0;16;2;;;;;;23;0;23;0;;;;;;631;918;1549;875;;;;;;8;2;10;1;;;;;
BLOCS;2014;420010050;420787061;1;14;0;0;0;0;0;0;0;0;0;14;0;0;1;0;0;24;0;0;8118;2636;10754;9729;;;;;;0;0;0;0;;;;;;5;0;5;0;;;;;;461;10;471;0;;;;;;1843;2742;4585;3099;;;;;;15;2;17;0;;;;;
BLOCS;2014;420011413;420011405;1;13;0;1;0;1;0;2;0;1;;18;0;18;1;;;27;;;11604;10589;22193;17983;;;;;;495;199;694;581;;;;;;758;6;764;634;;;;;;441;24;465;0;;;;;;2831;8059;10890;6046;;;;;;300;286;586;9;;;;;
BLOCS;2014;420780504;420000135;2;11;1;;;;;1;1;;;12;2;;2;1;;18;3;;4869;11860;16729;12719;;;;;;1;3;4;4;;;;;;0;0;0;0;;;;;;0;0;0;0;;;;;;811;3907;4718;3174;;;;;;25;86;111;1;;;;;
BLOCS;2014;420780637;420002495;1;2;;1;;1;;1;;1;;6;;;1;;;8;;;1942;1597;3539;2865;;;;;;558;183;741;292;;;;;;31;0;31;0;;;;;;9;0;9;0;;;;;;1033;1612;2645;1635;;;;;;4;1;5;1;;;;;
BLOCS;2014;420782310;420000853;1;8;;0;;;;2;;;;10;;;2;;;15;;;4631;6181;10812;8240;;;;;;9;28;37;26;;;;;;28;0;28;0;;;;;;212;35;247;0;;;;;;1324;4868;6192;4224;;;;;;10;18;28;4;;;;;
BLOCS;2014;420782591;420000887;1;0;;;;;;0;;;;0;;3;0;;1;0;;7;0;2822;2822;1519;;;;;;0;0;0;0;;;;;;0;0;0;0;;;;;;0;0;0;0;;;;;;0;961;961;555;;;;;;0;5;5;0;;;;;
BLOCS;2014;420785354;420784878;6;26;2;3;2;9;3;7;2;;;45;9;;5;2;;42;8;;18185;6802;24987;18211;;53;21;15;33;2272;835;3107;1264;;;;;;2681;2;2683;5;;8;0;0;2;871;24;895;0;;;;;;5714;2623;8337;3822;1753;;1;;3;306;1081;1387;21;;;;;
BLOCS;2014;430000109;430000372;1;4;;;;;;1;;1;;6;;;1;;;5;;;1347;2443;3790;2652;;1;;;;0;0;0;0;;;;;;0;0;0;0;;;;;;0;0;0;0;;;;;;956;3285;4241;2913;;;;;;0;94;94;0;;;;;
BLOCS;2014;430000117;430000018;1;6;1;1;1;0;;1;0;0;0;8;2;1;1;;;10;;;4717;3432;8149;6232;50;26;28;7;19;714;352;1066;417;0;0;5;0;1;85;0;85;2;0;0;0;0;0;174;28;202;0;0;0;0;0;0;2386;1537;3923;1486;0;0;0;0;0;18;19;37;3;0;0;0;0;0
BLOCS;2014;430000190;430000034;1;3;0;0;0;0;0;1;0;0;0;4;0;1;1;0;0;6;0;0;797;442;1239;1090;615;;;;;0;0;0;0;0;;;;;0;0;0;0;0;;;;;0;0;0;0;0;;;;;278;786;1064;755;437;;;;;0;0;0;0;0;;;;
BLOCS;2014;440000016;440000057;1;7;1;1;1;1;0;2;0;;;11;2;;2;1;;14;9;;5108;3909;9017;7287;6832;63;68;13;23;1697;937;2634;1130;99;20;42;3;10;461;4;465;27;0;4;4;4;3;127;44;171;9;3;0;2;0;0;2963;1842;4805;1578;1364;1;10;0;1;13;156;169;87;53;0;1;0;0
BLOCS;2014;440000271;440000289;2;31;3;9;0;1;;1;0;2;0;44;3;;6;2;;52;10;;25540;9646;35186;27151;2079;;;;;2504;2008;4512;1611;;;;;;81;4;85;40;;;;;;336;42;378;0;70;;;;;6698;2267;8965;4368;;;;;;166;257;423;33;;;;;
BLOCS;2014;440000396;440000297;1;3;1;1;;0;;1;;0;;5;1;;1;;;6;;;1142;920;2062;1580;;;;;;463;164;627;179;;21;44;3;4;0;0;0;0;;;;;;1;0;1;0;;;;;;236;464;700;317;372;;;;;0;1;1;0;;;;;
BLOCS;2014;440000404;440000925;1;7;;;;;;1;;;;8;;;1;;;15;;;2293;2597;4890;4524;;;;;;0;0;0;0;;;;;;0;0;0;0;;;;;;0;0;0;0;;;;;;590;2294;2884;1833;;;;;;2;1;3;0;;;;;
BLOCS;2014;440000412;440000941;1;7;;1;1;;;1;;1;;10;1;0;2;;;15;;;6243;3160;9403;7582;;;;;;898;230;1128;498;;;;;;0;0;0;0;;;;;;0;0;0;0;;;;;;221;527;748;498;;;;;;85;260;345;0;;;;;
BLOCS;2014;440000453;440000289;;0;;;;0;;1;;;;1;;;;;;;;;9;0;9;1;;;;;;0;0;0;0;;;;;;1;0;1;0;;;;;;0;0;0;0;;;;;;239;0;239;0;;;;;;0;0;0;0;;;;;
BLOCS;2014;440000487;440001014;1;4;;;;;;0;;1;;5;;;1;;;8;;2;1188;1930;3118;2196;0;0;0;0;0;0;0;0;0;0;0;0;0;0;0;0;0;0;0;0;0;0;0;0;0;0;0;0;0;0;0;0;1937;327;2264;2029;0;0;0;0;0;99;116;215;215;0;0;0;0;0
BLOCS;2014;440000503;440000313;1;1;;1;1;1;;1;;1;;5;1;0;1;1;0;3;3;0;281;113;394;245;1426;23;20;14;25;354;163;517;171;29;8;7;;;39;0;39;1;;;;;;3;0;3;0;;;;;;733;661;1394;532;314;8;18;3;3;3;28;31;0;;;;;
BLOCS;2014;440000511;440000461;1;4;;;;;;;;;;4;;;1;;;3;;;3805;19095;22900;20713;;;;;;0;0;0;0;;;;;;0;0;0;0;;;;;;0;0;0;0;;;;;;0;0;0;0;;;;;;0;0;0;0;;;;;
BLOCS;2014;440000651;440001212;1;5;0;;;;;;;1;;6;0;;1;;;10;;;5110;17400;22510;13931;;0;0;0;0;0;0;0;0;;;;;;0;0;0;0;;;;;;0;0;0;0;;;;;;0;0;0;0;;;;;;20;177;197;0;;;;;
BLOCS;2014;440001113;490017258;1;5;0;0;;0;;0;;0;;5;0;0;1;0;0;7;0;0;2534;2167;4701;2648;368;0;0;1;0;0;0;0;0;;;;;;0;0;0;0;;;;;;38;3;41;0;;;;;;75;39;114;48;;;;;;3;7;10;0;;;;;
BLOCS;2014;440002020;440001386;1;6;6;0;;0;;1;1;0;;7;7;;1;1;;10;;;5505;7755;13260;9378;;2;;;;0;0;0;0;;;;;;244;0;244;0;;;;;;262;15;277;0;;;;;;1740;3947;5687;4193;;1;;;1;3;5;8;3;;;;;
BLOCS;2014;440017598;440000289;4;12;2;0;;4;;0;;0;;16;2;;1;1;;12;1;;4493;413;4906;4044;;;;;;;0;0;;;;;;;2143;47;2190;226;;;;;;1076;274;1350;0;;;;;;3360;502;3862;136;;;;;;20;1;21;0;;;;;
BLOCS;2014;440024982;440000461;1;13;;;;;;3;;0;;16;;;2;;;26;;;8025;4276;12301;10049;;;;;;0;0;0;0;;;;;;1;0;1;0;;;;;;242;88;330;0;;;;;;4039;8685;12724;8899;;;;;;45;194;239;206;;;;;
BLOCS;2014;440029338;440041895;2;6;;1;;;;;;;;7;;;1;;;9;;;4241;2687;6928;6009;;;;;;2105;809;2914;919;;;;;;0;0;0;0;;;;;;0;0;0;0;;;;;;1137;823;1960;1627;;;;;;34;82;116;1;;;;;
BLOCS;2014;440029379;440000974;1;10;;;;;;3;;;;13;;;2;;;18;;;7664;7832;15496;11420;;;;;;0;8;8;8;;;;;;0;0;0;0;;;;;;48;2;50;0;;;;;;2000;11909;13909;8910;;;;;;18;84;102;69;;;;;
BLOCS;2014;440033819;440006344;2;14;;2;;;;0;;0;;16;;;2;;;25;;;11057;14921;25978;21850;;;;;;3427;502;3929;1203;;;;;;0;0;0;0;;;;;;0;0;0;0;;;;;;303;1262;1565;1273;;;;;;51;204;255;5;;;;;
BLOCS;2014;440041580;440041572;1;20;0;0;0;3;0;6;0;0;0;29;0;;4;0;0;62;0;0;14773;13545;28318;22371;4561;55;18;12;30;1;0;1;1;0;0;0;0;0;3195;24;3219;2405;0;1;2;2;0;541;44;585;0;0;0;0;0;1;3129;9663;12792;9031;4396;2;4;1;3;21;10;31;1;4;0;0;0;0
BLOCS;2014;440050433;440041895;1;6;1;0;0;1;0;1;0;1;0;9;1;0;2;1;;12;8;;3492;3166;6658;5392;;4;1;3;6;0;0;0;0;;0;0;0;0;0;0;0;0;;0;0;0;0;37;5;42;0;;0;0;0;0;1790;3733;5523;4178;;1;0;0;0;5;23;28;11;;0;0;0;0
BLOCS;2014;450000021;450000088;1;2;;1;1;;;;;;;3;1;1;1;1;;8;8;;2922;2491;5413;4287;;;;;;2953;1416;4369;1268;;;;;;0;0;0;0;;;;;;0;0;0;0;;;;;;275;323;598;262;;;;;;15;32;47;0;;;;;
BLOCS;2014;450000047;450000096;1;0;0;2;1;;;1;0;0;0;3;1;;1;;;2;;;158;56;214;184;;;;;;391;244;635;356;;;;;;0;0;0;0;;;;;;0;0;0;0;;;;;;149;50;199;96;;;;;;0;1;1;0;;;;;
BLOCS;2014;450000062;450000104;1;4;1;1;1;0;;1;;0;;6;2;0;1;1;0;9;2;0;4479;1731;6210;4996;86;34;12;8;10;1041;238;1279;442;;7;1;1;2;97;0;97;0;;;;;;22;0;22;0;;;;;;1642;848;2490;1209;2;;;;;4;10;14;2;;;;;
BLOCS;2014;450000070;450000112;1;1;1;1;1;;;2;2;1;;5;4;;1;1;1;4;;;31;21;52;28;1607;0;4;0;0;307;179;486;164;0;3;4;0;0;0;0;0;0;;;;;;0;0;0;0;;;;;;140;576;716;495;382;0;1;0;0;0;1;1;0;;;;;
BLOCS;2014;450000237;450000534;1;5;1;;;1;;1;;1;;8;1;;1;1;;11;11;;2673;3221;5894;4532;;;;;;0;0;0;0;;;;;;1;0;1;0;;;;;;0;0;0;0;;;;;;848;2928;3776;2379;;;;;;0;1;1;0;;;;;
BLOCS;2014;450000245;450000542;1;8;;;;1;;1;;1;;11;;;1;;;17;;;7979;5868;13847;11513;121;10;13;;;0;0;0;0;;;;;;1;0;1;1;;;;;;282;0;282;0;;;;;;1061;4692;5753;3776;;2;;;;4;47;51;0;;;;;
BLOCS;2014;450000294;450000591;1;3;;;;3;;3;;;;9;;;3;;;7;;;341;2;343;49;;;;;;0;0;0;0;;;;;;1284;2;1286;959;;;;;;54;0;54;0;;;;;;425;1;426;144;;;;;;0;0;0;0;;;;;
BLOCS;2014;450002613;450000088;1;13;2;0;;0;;0;;0;;13;2;;2;;;20;;;9307;3326;12633;9389;;;;;;2;0;2;2;;;;;;1170;6;1176;3;;;;;;219;15;234;0;;;;;;3535;1205;4740;2038;;;;;;8;17;25;0;;;;;
BLOCS;2014;450010079;450000195;1;2;;1;1;14;4;2;1;0;;19;6;0;2;;;35;1;;10585;21158;31743;26193;415;47;20;66;99;307;44;351;303;;1;5;;2;1;2;3;2;;;;;;182;7;189;0;;;;;;1429;5788;7217;4413;21;;;;;6;64;70;7;20;;;;
BLOCS;2014;450012968;450001474;1;2;;;;1;;1;;1;;5;;;1;;;10;;;1875;2401;4276;3208;;;;;;0;0;0;0;;;;;;27;0;27;0;;;;;;3;0;3;0;;;;;;322;2171;2493;1567;;;;;;1;0;1;0;;;;;
BLOCS;2014;460000045;460780083;1;4;1;0;;0;;1;1;0;;5;2;;1;;;6;;;2339;1172;3511;2384;347;;;;;4;37;41;4;;;;;;5;0;5;1;;;;;;0;0;0;0;;;;;;612;1853;2465;1212;;;;;;0;2;2;0;;;;;
BLOCS;2014;460000052;460780091;;;;;;;;;;;;;;;;;;;;;35;10;45;1;;;;;;0;0;0;0;;;;;;0;0;0;0;;;;;;0;0;0;0;;;;;;0;0;0;0;;;;;;0;0;0;0;;;;;
BLOCS;2014;460000102;460780208;1;;;;;;;;;;;;;4;;;1;;;5;7;787;794;479;;;;;;0;8;8;5;;;;;;0;0;0;0;;;;;;0;0;0;0;;;;;;169;1064;1233;686;;;;;;2;2;4;1;;;;;
BLOCS;2014;460000110;460780216;5;6;0;1;0;0;0;3;0;3;0;13;0;;1;0;;9;0;;3478;1410;4888;4187;106;12;2;6;9;558;290;848;362;19;3;3;0;0;67;0;67;1;;0;0;0;0;339;136;475;0;;2;1;;1;1283;765;2048;1296;672;0;0;1;1;2;23;25;1;;0;0;0;0
BLOCS;2014;460780042;460000029;1;3;;;;;;1;;;;4;;;1;;1;7;;7;0;1572;1572;806;;;;;;0;0;0;0;;;;;;0;0;0;0;;;;;;0;0;0;0;;;;;;0;1538;1538;1061;;;;;;0;0;0;0;;;;;
BLOCS;2014;470000027;470014069;;12;1;1;1;2;1;3;;1;;19;3;;3;;;30;;;7071;8987;16058;12528;;;;;;382;210;592;392;;;;;;1311;44;1355;954;;;;;;493;22;515;0;;;;;;4191;6447;10638;7009;;;;;;10;62;72;13;;;;;
BLOCS;2014;470000076;470013301;1;1;;;;;;1;;;;2;;1;1;;;5;;;50;2659;2709;1579;;;;;;0;0;0;0;;;;;;0;0;0;0;;;;;;0;0;0;0;;;;;;85;699;784;506;;;;;;0;0;0;0;;;;;
BLOCS;2014;470000142;470000795;1;4;4;;0;;;1;;1;0;6;4;;1;1;;12;;;2427;2897;5324;4033;;;;;;0;0;0;0;;;;;;0;0;0;0;;;;;;0;0;0;0;;;;;;785;2989;3774;2055;;;;;;2;1;3;2;;;;;
BLOCS;2014;470000423;470000316;2;5;1;0;;0;;1;;0;;6;1;;2;1;;9;6;;3285;1669;4954;3952;;;;;;429;375;804;416;;;;;;36;0;36;22;;;;;;42;0;42;0;;;;;;1453;603;2056;751;;;;;;0;1;1;0;;;;;
BLOCS;2014;470000431;470000324;1;2;;1;;0;;1;;0;;4;;;1;;;5;;;1687;477;2164;1555;;10;1;3;12;473;298;771;327;;;;;;61;0;61;0;;;;;;21;1;22;0;;;;;;797;323;1120;411;;;;;;1;6;7;0;;;;;
BLOCS;2014;470000480;470001660;1;5;1;1;;0;;1;;0;;7;1;;1;;;12;;;2530;1179;3709;3205;1;10;4;3;3;474;159;633;305;;;;3;1;0;0;0;0;;;;;;0;2;2;0;;;;;;335;357;692;393;;;;;;4;14;18;1;;;;;
BLOCS;2014;480000017;480780097;1;3;;1;;1;;1;;0;;6;;;1;;;9;;;1889;949;2838;2258;;;;;;303;186;489;184;;;;;;12;0;12;0;;;;;;11;0;11;0;;;;;;490;756;1246;565;;;;;;7;25;32;0;;;;;
BLOCS;2014;480002948;480780097;1;2;;0;;0;;0;;;;2;;;1;;;7;;;114;351;465;316;;;;;;0;0;0;0;;;;;;1;0;1;0;;;;;;3;0;3;0;;;;;;55;292;347;202;;;;;;0;0;0;0;;;;;
BLOCS;2014;480780113;480001296;1;2;;0;;0;;0;;0;;2;;1;1;;;7;;;479;1061;1540;1001;;;;;;0;0;0;0;;;;;;4;0;4;0;;;;;;11;0;11;0;;;;;;194;720;914;559;;;;;;0;0;0;0;;;;;
BLOCS;2014;490000049;490000031;6;28;4;2;2;2;2;6;1;14;0;52;9;2;6;2;0;55;17;0;16946;7314;24260;19093;6717;498;291;11;27;2355;1476;3831;1174;364;59;75;8;16;1660;15;1675;406;5;48;2;4;6;898;110;1008;0;7;39;1;1;0;5025;2520;7545;4016;5196;176;177;1;7;121;125;246;7;1187;1;12;0;0
BLOCS;2014;490000155;490017258;1;3;;;;0;;0;;0;;3;;;1;;;6;;;2597;1853;4450;2403;229;;;;;0;0;0;0;;;;;;1;1;2;1;;;;;;9;0;9;0;;;;;;41;59;100;64;;;;;;20;1;21;0;;;;;
BLOCS;2014;490000262;490000171;;5;;;;1;;1;;0;;7;;;1;;;10;;;2396;2603;4999;4319;;;;;;0;0;0;0;;;;;;1242;3;1245;882;;;;;;447;210;657;0;;;;;;803;3915;4718;3368;;;;;;2;23;25;23;;;;;
BLOCS;2014;490000635;490000676;3;6;1;1;1;1;;3;;1;;12;2;3;3;3;1;20;;;5720;3426;9146;6744;8328;32;12;10;9;711;525;1236;579;90;20;23;2;2;43;0;43;0;;;;;;136;43;179;64;;;;;1;2472;2377;4849;2389;2172;;4;;2;9;20;29;4;177;;;;
BLOCS;2014;490001765;490528452;1;2;1;1;1;0;;1;1;0;;4;3;;1;1;;4;1;;653;600;1253;691;1915;;;1;;659;349;1008;393;54;;1;;;17;0;17;1;;;;;;2;0;2;0;;;;;;846;689;1535;630;636;;;;;2;17;19;0;113;;;;
BLOCS;2014;490002037;490000890;1;10;;4;;1;;4;;1;;20;;;1;;;15;;;7105;7678;14783;10670;13847;;;;;367;66;433;313;;;;;;33;0;33;3;;;;;;136;0;136;0;;;;;;2583;4361;6944;5146;;;;;;5;2;7;1;;;;;
BLOCS;2014;490007929;490000627;1;7;;;;;;1;;0;;8;;;1;;;14;;;4469;4171;8640;6318;1050;11;21;5;12;0;0;0;0;;;;;;0;0;0;0;;;;;;0;0;0;0;;;;;;925;3528;4453;3160;1322;1;3;;;0;6;6;0;;;;;
BLOCS;2014;490014909;490008109;2;16;0;1;1;1;0;3;0;1;0;22;1;0;1;0;0;32;0;0;12934;13011;25945;20532;;6;5;2;9;518;171;689;638;;28;49;11;7;49;0;49;1;;;;;;12;0;12;0;;;;;;3891;7213;11104;8331;;;;;;26;92;118;25;;;;;
BLOCS;2014;490015906;490000197;;7;;0;;0;;0;;0;;7;;;2;;;27;;;10197;5997;16194;15778;;;;;;0;0;0;0;;;;;;0;0;0;0;;;;;;1;0;1;0;;;;;;4;0;4;2;;;;;;0;0;0;0;;;;;
BLOCS;2014;490531910;490535093;1;0;;0;;0;;0;;1;0;1;0;;0;;;0;;;;;;;;;;;;;;;;;;;;;;;;;;;;;;;;;;;;;;;;;;;;;;;;;;;;;;;;
BLOCS;2014;490540440;490004330;1;2;0;;;;;;;;;2;0;;1;;;4;;;0;5882;5882;5262;;;;;;0;0;0;0;;;;;;0;0;0;0;;;;;;0;0;0;0;;;;;;0;0;0;0;;;;;;0;0;0;0;;;;;
BLOCS;2014;500000021;500000054;;3;;;;;;;;;;3;;;1;;;5;;;3376;339;3715;3015;;;;;;800;189;989;234;;;;;;7;0;7;1;;;;;;2;0;2;0;;;;;;800;8;808;582;;;;;;0;0;0;0;;;;;
BLOCS;2014;500000146;500000500;1;7;;0;;;;2;;;;9;;;1;;;20;;;3855;9326;13181;9566;;;;;;0;0;0;0;;;;;;0;0;0;0;;;;;;79;4;83;0;;;;;;550;2842;3392;2373;;;;;;8;14;22;0;;;;;
BLOCS;2014;500000187;500000013;2;4;1;2;2;0;;0;;;;6;3;;1;1;;11;;;3422;1419;4841;3650;;42;6;8;16;1360;402;1762;526;;;;;;168;2;170;1;;;;;;53;0;53;0;;;;;;2133;612;2745;716;;;;;1;0;0;0;0;;;;;
BLOCS;2014;500000203;500000542;1;4;0;;;;;1;0;0;;5;0;;1;0;;7;0;;2458;6240;8698;6061;31;;;;;0;0;0;0;;;;;;0;0;0;0;;;;;;0;0;0;0;;;;;;868;1397;2265;1803;;;;;;5;16;21;6;;;;;
BLOCS;2014;500000260;500000054;;;;;;;;;;;;;;3;1;;;4;;;166;1327;1493;834;;;;;;1;100;101;100;;;;;;6;0;6;3;;;;;;1;0;1;0;;;;;;1229;612;1841;618;;;;;;2;3;5;0;;;;;
BLOCS;2014;500000401;500000609;3;3;1;1;1;0;;1;;0;;5;2;;1;;;5;;;2744;2149;4893;3981;957;3;0;2;3;266;176;442;232;;2;2;0;1;0;0;0;0;;;;;;0;0;0;0;;;;;;496;1201;1697;1353;;;;;;4;60;64;0;;;;;
BLOCS;2014;500000450;500000112;1;5;5;1;1;2;2;1;1;0;0;9;9;0;1;1;0;12;12;0;3979;992;4971;3806;;;;;;778;269;1047;393;;;;;;183;0;183;19;;;;;;603;36;639;0;;;;;;1411;648;2059;700;;;;;;3;10;13;0;;;;;
BLOCS;2014;500002357;500002233;;1;;1;;1;;1;;1;;5;;3;1;;;9;;;4207;6243;10450;7318;1471;0;1;1;1;8;23;31;31;;;;;;0;0;0;0;;;;;;198;5;203;0;;;;;;941;2614;3555;2581;;;;;;0;64;64;64;;;;;
BLOCS;2014;510000169;510000037;1;3;1;3;1;0;0;2;0;0;0;8;2;4;1;1;;9;2;;2488;1421;3909;2767;141;43;53;6;7;634;311;945;330;1;14;47;6;11;17;0;17;1;0;0;0;0;0;13;0;13;0;0;0;0;0;0;2528;1884;4412;1688;18;2;6;0;0;23;17;40;2;0;0;0;0;0
BLOCS;2014;510000185;510000532;;10;;3;;1;;3;;;;17;;;3;;;25;;;11107;7245;18352;15329;;;;;;1070;334;1404;656;;;;;;1251;13;1264;983;;;;;;227;7;234;0;;;;;;3050;4885;7935;5283;;;;;;17;35;52;30;;;;;
BLOCS;2014;510000193;510000557;5;10;4;1;1;1;;2;;;;14;5;;4;;;15;;;8245;9353;17598;14750;;;;;;1311;329;1640;740;;;;;;228;1;229;124;;;;;;542;5;547;0;;;;;;1418;5572;6990;3994;;;;;;9;522;531;24;;;;;
BLOCS;2014;510000227;510000565;1;3;;0;;;;1;;0;;4;;;1;;;6;;;2377;1810;4187;3688;;;;;;3;3;6;6;;;;;;0;0;0;0;;;;;;0;0;0;0;;;;;;247;1507;1754;1130;;;;;;0;1;1;0;;;;;
BLOCS;2014;510000235;510000060;1;4;4;0;0;0;0;2;0;1;0;7;4;;1;1;;6;;;1742;786;2528;1750;29;5;0;3;6;18;178;196;64;0;0;0;0;0;19;0;19;0;0;0;0;0;0;9;0;9;0;0;0;0;0;0;981;546;1527;770;0;0;0;0;0;0;5;5;4;0;0;0;0;0
BLOCS;2014;510000243;510000573;1;5;1;1;1;0;0;5;0;0;0;11;2;0;1;0;0;8;0;0;1848;1860;3708;3358;;;;;;13;85;98;98;;;;;;0;0;0;0;;;;;;0;0;0;0;;;;;;641;2479;3120;1896;;;;;;2;16;18;0;;;;;
BLOCS;2014;510000250;510000078;1;4;1;1;1;0;0;2;0;0;0;7;2;0;1;1;0;4;1;0;715;422;1137;820;169;0;0;0;0;207;35;242;66;0;0;0;1;0;0;0;0;0;0;0;0;0;0;0;0;0;0;0;0;0;0;0;436;344;780;449;185;0;0;0;0;8;6;14;0;0;0;0;0;0
BLOCS;2014;510000268;520000100;1;1;;;;;;1;;;;2;;;1;;;2;;;0;1020;1020;613;;;;;;0;0;0;0;;;;;;0;0;0;0;;;;;;0;0;0;0;;;;;;0;529;529;352;;;;;;0;0;0;0;;;;;
BLOCS;2014;510000516;510000136;1;2;;;;;;1;;;;3;;;1;;;5;;;1864;607;2471;1618;621;0;0;0;0;0;0;0;0;;;;;;0;0;0;0;;;;;;0;0;0;0;;;;;;146;132;278;117;68;0;0;0;0;0;0;0;0;;;;;
BLOCS;2014;510002447;510000029;2;10;10;0;;4;1;1;0;1;0;16;11;2;1;1;;16;16;;7310;2141;9451;7667;;;;;;2;0;2;2;;;;;;1524;4;1528;107;;;;;;627;13;640;423;;;;;;3373;991;4364;1948;;;;;;60;142;202;18;;;;;
BLOCS;2014;510002470;510000029;1;3;3;0;0;2;0;0;0;1;1;6;4;0;1;1;0;5;5;0;1324;1136;2460;1946;;;;;;0;0;0;0;;;;;;26;0;26;13;;;;;;1;4;5;1;;;;;;177;129;306;97;;;;;;6;24;30;5;;;;;
BLOCS;2014;510004302;510000029;4;9;8;1;1;2;1;0;0;0;0;12;10;;3;3;;20;20;;7645;1172;8817;7156;;;;;;1116;721;1837;850;;;;;;29;0;29;6;;;;;;36;0;36;27;;;;;;1097;420;1517;334;;;;;;10;30;40;0;;;;;
BLOCS;2014;510012040;510000557;2;8;;;;1;;2;;2;;13;;;3;;;19;;;4167;8078;12245;9271;;;;;;0;0;0;0;;;;;;0;0;0;0;;;;;;1;0;1;0;;;;;;1449;3713;5162;3553;;;;;;6;13;19;10;;;;;
BLOCS;2014;510024300;510024284;1;0;;1;;;;0;;;;1;;;1;;;1;;;0;0;0;0;;;;;;286;1;287;146;;;;;;0;0;0;0;;;;;;0;0;0;0;;;;;;0;0;0;0;;;;;;0;0;0;0;;;;;
BLOCS;2014;520000027;520780032;1;4;1;4;1;1;;1;;1;;11;2;1;1;1;1;10;10;10;1640;590;2230;1750;;;;;;445;193;638;165;;;;;;105;1;106;1;;;;;;16;0;16;0;;;;;;601;244;845;439;;;;;;17;29;46;0;;;;;
BLOCS;2014;520000043;520780057;1;;;1;1;;;1;;0;;2;1;;1;;;1;;;;;;;;;;;;127;97;224;79;;;;;;;0;0;0;;;;;;;0;0;0;;;;;;463;429;892;298;;;;;;1;1;2;0;;;;;
BLOCS;2014;520000068;520780073;1;4;1;1;1;1;1;3;1;;;9;4;;1;1;;15;15;;2771;1037;3808;3197;1398;18;12;6;9;638;219;857;297;55;0;3;0;0;2;0;2;0;;;;;;91;0;91;0;;;;;;1335;421;1756;817;969;;;;0;1;1;2;0;;;;;
BLOCS;2014;520004060;520003781;;1;;;;;;;;;;1;;;1;;;1;;;84;0;84;84;;;;;;0;0;0;0;;;;;;0;0;0;0;;;;;;0;0;0;0;;;;;;0;0;0;0;;;;;;0;0;0;0;;;;;
BLOCS;2014;520780156;520000092;1;1;1;1;1;1;1;1;1;;;4;4;;1;;;6;;;1022;2325;3347;2859;;;;;;1;0;1;1;;;;;;3;0;3;0;;;;;;12;4;16;0;;;;;;26;276;302;226;;;;;;0;0;0;0;;;;;
BLOCS;2014;520780180;520000100;1;3;;;;0;;1;;0;;4;;;1;;;6;;;1868;2396;4264;3159;;;;;;0;0;0;0;;;;;;1;0;1;0;;;;;;40;0;40;0;;;;;;554;1236;1790;1338;;;;;;2;1;3;1;;;;;
BLOCS;2014;520780214;520000118;1;3;;;;1;;1;;0;;5;;;1;;;6;;;984;2518;3502;2591;37;;;;;0;0;0;0;;;;;;0;1;1;1;;;;;;51;3;54;0;;;;;;276;1125;1401;924;;;;;;2;4;6;3;;;;;
BLOCS;2014;530000017;530000025;;3;1;1;1;0;0;1;1;0;0;5;3;;1;;;12;;;1984;2080;4064;2997;;;;;;606;126;732;240;;;;;;2;0;2;1;;;;;;0;0;0;0;;;;;;772;1563;2335;1411;;;;;;2;10;12;4;;;;;
BLOCS;2014;530000173;530000074;2;5;1;1;1;0;0;1;0;0;0;7;2;0;1;1;1;14;14;14;2238;1293;3531;2936;930;5;35;7;9;413;235;648;274;25;3;7;0;1;47;0;47;0;0;0;0;0;0;35;0;35;0;0;0;0;0;0;709;1420;2129;1194;2222;0;2;0;0;1;5;6;0;0;0;0;0;0
BLOCS;2014;530000264;530000371;2;5;;1;;1;;1;;0;;8;;;1;;;10;;;2741;2862;5603;4365;692;15;2;5;20;755;454;1209;496;;2;3;1;;586;3;589;394;;;;;;15;0;15;0;;;;;;1579;2046;3625;1590;;;;;;3;10;13;2;;;;;
BLOCS;2014;530031962;530000975;1;7;0;0;0;0;0;1;0;0;0;8;0;0;1;;;11;;;4943;5583;10526;8142;229;1;;2;6;2;6;8;8;;;;;;0;0;0;0;;;;;;169;70;239;0;;;;;;1424;3478;4902;3673;;1;;;2;8;27;35;9;;;;;
BLOCS;2014;540000015;540023264;;6;2;2;1;1;0;1;0;1;0;11;3;;1;0;;10;0;;852;654;1506;1256;195;0;0;0;0;2571;1160;3731;1363;;76;125;19;12;4;0;4;1;;;;;;3;0;3;0;;;;;;115;318;433;319;31;;0;;0;15;22;37;0;37;;;;
BLOCS;2014;540000023;540000049;1;3;3;1;1;0;0;1;1;0;0;5;5;;1;1;0;5;5;0;1338;2170;3508;2478;;;;;;306;175;481;122;;;;;;0;0;0;0;;;;;;1;0;1;0;;;;;;411;1419;1830;1071;;;;;;0;26;26;3;;;;;
BLOCS;2014;540000155;540000080;1;2;0;1;0;;;1;;;;4;0;;1;;;11;;;1087;1003;2090;1371;;1;;1;1;276;207;483;195;;;2;;;55;0;55;3;;;;;;11;0;11;0;;;;;;815;315;1130;748;;;;;1;0;15;15;0;;;;;
BLOCS;2014;540000163;540020112;1;7;1;;;;;;;;;7;1;;1;;;20;;;9269;7840;17109;13977;6;66;6;320;344;0;0;0;0;;;;;;0;0;0;0;;;;;;0;0;0;0;;;;;;6;0;6;0;;;;;;3;0;3;3;;;;;
BLOCS;2014;540000361;540003928;1;5;0;;;0;;1;;0;;6;0;0;1;0;0;9;0;0;2160;4092;6252;4677;0;;;;;0;0;0;0;;;;;;61;0;61;0;;;;;;9;0;9;0;;;;;;625;3354;3979;2208;;;;;;2;10;12;11;;;;;
BLOCS;2014;540000445;540000890;1;4;;;;2;;1;;2;;9;;2;3;;;9;;;1061;2128;3189;2317;637;4;;;;0;0;0;0;;;;;;1545;20;1565;1083;;3;6;;;633;212;845;0;;;;;;259;2180;2439;1458;4;;;;;0;1;1;0;;;;;
BLOCS;2014;540000452;540000908;3;9;0;0;0;0;0;1;0;0;0;10;0;0;1;0;0;16;0;0;7135;10565;17700;13291;3117;;;;;0;0;0;0;;;;;;0;0;0;0;;;;;;0;0;0;0;;;;;;299;1385;1684;750;117;;;;;5;1;6;3;;;;;
BLOCS;2014;540000478;540003449;;12;12;;;3;3;3;3;0;0;18;18;;2;;;39;;;5429;6111;11540;9094;;;;;;0;0;0;0;;;;;;2245;4;2249;2018;;;;;;1658;37;1695;0;;;;;;1836;8809;10645;5522;;;;;;9;33;42;16;;;;;
BLOCS;2014;540000486;540000932;;14;;;;0;;3;;1;;18;;;3;;;34;;;11073;6681;17754;14819;;97;94;25;44;0;0;0;0;;;;;;0;0;0;0;;;;;;0;0;0;0;;;;;;3730;4668;8398;5209;;22;17;3;6;6;14;20;7;;;;;
BLOCS;2014;540001070;540000767;1;3;1;1;1;1;;2;;0;0;7;2;;1;1;;10;;;1913;1661;3574;2522;45;6;17;2;5;691;245;936;307;0;1;5;1;1;5;0;5;0;;;;;;1;0;1;0;;;;;;1304;1711;3015;1151;768;0;0;0;0;21;40;61;0;;;;;
BLOCS;2014;540001096;570010181;1;5;;1;;1;;1;;1;;9;;;2;;;13;;;1320;1382;2702;1543;;;;;;394;256;650;283;;;;;;0;1;1;0;;;;;;27;6;33;0;;;;;;739;879;1618;699;;;;;;3;17;20;0;;;;;
BLOCS;2014;540001138;540023264;5;14;4;;;4;;0;;1;;19;4;;3;;;22;;;10812;875;11687;9697;13;40;128;15;28;0;0;0;0;;;;;;7;0;7;1;;;;;;17;3;20;0;;2;1;5;2;542;20;562;51;;;;;;3;33;36;0;;;;;
BLOCS;2014;540001286;540003019;1;4;0;0;0;0;0;0;0;1;0;5;0;0;1;;0;8;;0;3202;1250;4452;2461;185;0;0;0;0;1;0;1;0;;;;;;2;0;2;2;;;;;;31;0;31;0;;;;;;981;318;1299;312;;;;;;12;8;20;1;;;;;
BLOCS;2014;540002698;540023264;5;22;7;0;;4;;3;;2;;31;7;0;5;;;38;;;15850;7990;23840;17331;11;32;117;12;21;0;0;0;0;;;;;;3295;24;3319;161;0;;;;;1169;62;1231;0;0;;;;;7962;1594;9556;4127;12;;;;;72;63;135;12;1;;;;
BLOCS;2014;540013224;540000536;2;4;;1;;;;1;;1;;7;;;1;;;9;;;4349;2647;6996;5877;;;133;;1;1121;534;1655;952;;9;28;2;7;0;0;0;0;;;;;;0;0;0;0;;;;;;184;502;686;559;;;3;;;18;175;193;23;;;;;
BLOCS;2014;550000012;550006795;1;7;1;1;;1;;1;;0;;10;1;0;2;0;;11;;;4183;3250;7433;5678;4016;7;7;4;13;581;261;842;241;;25;155;6;11;97;0;97;21;;;;;;24;0;24;0;;;;;;2444;3694;6138;2800;13164;15;13;8;0;43;9;52;1;;;;;
BLOCS;2014;550000178;550000293;1;7;7;0;0;0;0;1;1;0;0;8;8;0;1;1;0;12;12;0;4407;3656;8063;6848;1105;2;0;3;2;4;76;80;79;0;0;0;0;0;0;0;0;0;0;0;0;0;0;2;32;34;0;0;0;0;0;0;655;2841;3496;2221;526;0;0;1;0;1;18;19;5;1;0;0;0;0
BLOCS;2014;550000434;550003354;1;7;0;0;0;0;0;1;0;0;0;8;0;;1;0;;12;0;;319;82;401;117;108;;;;;416;161;577;219;0;2;1;2;;77;0;77;2;0;;;;;11;0;11;0;0;;;;;400;213;613;150;89;;;;;3;3;6;0;0;;;;
BLOCS;2014;560000127;560023210;4;10;1;1;1;1;1;2;0;0;0;14;3;5;2;1;1;21;6;12;8599;3699;12298;9219;6458;60;16;12;37;1397;688;2085;1034;136;26;30;4;3;1047;10;1057;0;0;1;1;0;1;243;1;244;0;7;1;0;0;1;3536;2221;5757;2443;4378;2;0;2;8;21;12;33;0;62;0;0;0;1
BLOCS;2014;560000135;560005746;1;8;1;2;1;3;;1;;;;14;2;;2;1;;19;;;6767;3791;10558;6983;776;19;5;15;23;1870;826;2696;953;;5;9;0;3;1258;6;1264;0;;;;;;110;22;132;0;;;;;;3298;1239;4537;1517;;2;2;0;2;31;49;80;2;20;;;;
BLOCS;2014;560000143;560014748;1;5;1;1;1;;;3;1;;;9;3;;1;1;;12;;;2819;1275;4094;3303;;;;;;520;258;778;343;;;;;;52;0;52;0;;;;;;20;0;20;0;;;;;;2103;505;2608;930;;;;;;3;21;24;2;;;;;
BLOCS;2014;560000184;560006017;1;0;0;0;0;0;0;1;0;0;0;1;0;0;0;0;0;0;0;0;;;;;;;;;;;;;;;;;;;;;;;;;;;;;;;;;;;;;207;0;207;0;0;0;0;0;0;;;;;;;;;
BLOCS;2014;560000192;560000044;1;3;3;1;1;0;0;1;1;1;1;6;6;1;1;1;;9;9;;2413;1734;4147;3412;1248;13;26;7;9;423;156;579;240;;215;48;5;9;0;0;0;0;;;;;;0;0;0;0;;;;;;1491;1343;2834;1402;905;1;7;;;13;31;44;1;;;;;
BLOCS;2014;560002511;560000689;1;11;;1;;0;;2;;2;;16;;;1;;;16;;;5026;9149;14175;9505;;;;;;1;73;74;38;;;;;;0;0;0;0;;;;;;1;0;1;0;;;;;;1465;3498;4963;3959;;;;;;2;20;22;4;;;;;
BLOCS;2014;560002933;560006074;1;8;;;;1;;2;;1;;12;;;1;;;15;;;4485;3607;8092;6814;;;;;;0;0;0;0;;;;;;1;0;1;0;;;;;;848;43;891;0;;;;;;1645;2934;4579;3730;;;;;;1;9;10;5;;;;;
BLOCS;2014;560007510;560001307;1;5;;0;;0;;2;;0;;7;;2;1;;;12;;6;2620;4852;7472;5247;;;;;;1;30;31;18;;;;;;7;0;7;0;;;;;;0;0;0;0;;;;;;616;2732;3348;2158;;;;;;2;10;12;8;;;;;
BLOCS;2014;560008799;560013989;2;14;3;1;1;0;;5;;5;;25;4;0;1;1;0;27;5;0;11699;13592;25291;20461;;;;;;243;86;329;294;;;;;;;0;0;;;;;;;472;10;482;1;;;;;;2666;7403;10069;7124;;;;;;13;74;87;11;;;;;
BLOCS;2014;570000059;570025254;2;4;3;1;1;3;3;1;1;0;;9;8;;1;1;;10;10;;2310;1087;3397;3019;1970;5;3;1;1;778;418;1196;542;29;0;1;0;0;37;0;37;4;;;;;;11;0;11;0;;;;;;1173;819;1992;790;;;;;;1;19;20;0;;;;;
BLOCS;2014;570000083;570000729;;4;1;0;;0;;1;;0;;5;1;;1;;1;6;;;2291;2428;4719;3903;;;;;;632;297;929;482;;;;;;0;0;0;0;;;;;;0;0;0;0;;;;;;481;4944;5425;3231;;;;;;0;17;17;6;;;;;
BLOCS;2014;570000117;570015099;2;5;5;1;1;;;2;2;;;8;8;;1;1;;12;12;;1847;2329;4176;2748;2943;19;54;3;9;290;96;386;149;4;5;11;;2;;0;0;;;;;;;;0;0;0;;;;;;1005;1250;2255;1038;240;8;10;;;;;;;;;;;
BLOCS;2014;570000125;570015099;;;;;;;;;;;;;;;;;;;;;;0;0;0;;;;;;0;0;0;0;;;;;;0;0;0;0;;;;;;0;0;0;0;;;;;;40;0;40;0;39;;;;;0;0;0;0;;;;;
BLOCS;2014;570000216;570010173;1;;;;;6;6;3;;;;9;6;;1;;;10;;;2114;1372;3486;2869;;;;;;0;0;0;0;;;;;;0;0;0;0;;;;;;69;3;72;0;;;;;;1577;1349;2926;1483;;;;;;2;1;3;1;;;;;
BLOCS;2014;570000281;570005165;1;0;;;;;;1;;;;1;;;;;;;;;25;0;25;2;;;;;;0;0;0;0;;;;;;0;0;0;0;;;;;;0;0;0;0;;;;;;291;23;314;1;;;;;;0;0;0;0;;;;;
BLOCS;2014;570000349;570005165;5;9;;2;1;1;;4;;1;;17;1;;2;;;18;;;7812;1778;9590;7114;8318;31;42;14;72;1853;466;2319;517;81;18;46;7;3;244;1;245;8;0;0;3;0;1;226;4;230;0;0;0;0;0;0;3545;1320;4865;2202;1183;5;36;1;3;24;58;82;1;82;0;2;0;0
BLOCS;2014;570000356;570000919;1;4;;;;1;;1;;1;;7;;;2;;1;13;;8;2860;4820;7680;4951;;;;;;0;0;0;0;;;;;;94;1;95;0;;;;;;14;0;14;0;;;;;;804;2901;3705;2399;;;;;;8;77;85;1;;;;;
BLOCS;2014;570000364;570011569;;6;;0;;;;0;;0;;6;;0;1;;1;9;;9;1623;7253;8876;6731;;;;;;1;114;115;53;;;;;;0;0;0;0;;;;;;0;0;0;0;;;;;;440;3164;3604;2374;;;;;;0;41;41;5;;;;;
BLOCS;2014;570000596;750821092;1;5;;0;;0;;1;;0;;6;;;1;;;9;;;1760;1127;2887;2092;;;;;;0;0;0;0;;;;;;0;0;0;0;;;;;;0;0;0;0;;;;;;1242;773;2015;894;;;;;;0;0;0;0;;;;;
BLOCS;2014;570000646;570001115;1;9;2;1;1;2;1;2;;1;;15;4;4;3;;;22;;;10381;12716;23097;16977;;9;0;8;5;1225;257;1482;550;;3;;;3;1380;16;1396;1081;;1;1;0;1;503;16;519;0;;;;;;1874;6330;8204;4299;;;;;;11;89;100;6;;;;;
BLOCS;2014;570000687;570025254;;0;;;;;;0;;;;0;;;;;;;;;11;0;11;1;;;;;;0;0;0;0;;;;;;0;0;0;0;;;;;;0;0;0;0;;;;;;79;0;79;0;;;;;;0;0;0;0;;;;;
BLOCS;2014;570000901;570000158;1;6;;1;;;;1;;0;;8;;1;1;;;12;;;3694;3217;6911;4955;;;;;;493;190;683;286;;;;;;;0;0;0;;;;;;;0;0;0;;;;;;2760;3217;5977;3398;;;;;;7;13;20;2;;;;;
BLOCS;2014;570000950;570000398;1;;;;;0;;1;;;;1;;;;;;;;;0;0;0;0;;;;;;0;0;0;0;;;;;;0;0;0;0;;;;;;0;0;0;0;;;;;;52;0;52;0;75;;;;;0;0;0;0;;;;;
BLOCS;2014;570001057;570023630;1;8;;;;0;;0;;;;8;;;1;;;12;;;3754;2929;6683;4381;;;;;;0;0;0;0;;;;;;0;0;0;0;;;;;;0;0;0;0;;;;;;0;0;0;0;;;;;;0;0;0;0;;;;;
BLOCS;2014;570026252;570023630;1;13;;;;1;;4;;1;;19;;;1;;;26;;;7759;3795;11554;9544;;;;;;0;0;0;0;;;;;;52;1;53;2;;;;;;755;247;1002;0;;;;;;4871;3247;8118;4523;;;;;;51;129;180;0;;;;;
BLOCS;2014;570026682;570005165;5;14;;2;1;3;;5;;7;7;31;8;;2;;;30;;;12802;8413;21215;13565;7008;106;216;37;93;2227;1383;3610;1270;207;37;62;13;18;2573;11;2584;76;17;2;11;0;13;347;17;364;0;0;0;0;0;0;5437;1908;7345;3568;6793;23;25;9;13;19;71;90;21;394;0;1;0;0
BLOCS;2014;580004836;580780039;;;;;;;;;;;;;;;;;;;;;0;0;0;0;;;;;;0;0;0;0;;;;;;0;0;0;0;;;;;;0;0;0;0;;;;;;48;0;48;1;;;;;;0;0;0;0;;;;;
BLOCS;2014;580780138;580000024;3;6;;;;;;2;;;;8;;2;1;;1;12;;12;2764;6862;9626;6934;;;;;;0;0;0;0;;;;;;0;0;0;0;;;;;;1;0;1;0;;;;;;746;3847;4593;2676;;;;;;3;3;6;3;;;;;
BLOCS;2014;580780195;580005148;1;4;4;1;1;0;0;1;1;0;0;6;6;;1;1;;6;6;;2516;1445;3961;3285;1;7;4;4;6;82;68;150;135;;;3;;;0;0;0;0;;;;;;0;0;0;0;;;;;;217;1632;1849;1122;;;;;;2;61;63;0;;;;;
BLOCS;2014;580972669;580780070;1;0;;;;;;1;;;;1;;;;;;;;;0;0;0;0;;;;;;0;0;0;0;;;;;;0;0;0;0;;;;;;0;0;0;0;;;;;;6;0;6;0;;;;;;0;0;0;0;;;;;
BLOCS;2014;580972677;580780088;;;;;;;;;;;;;;;;;;;;;41;13;54;6;;;;;;0;0;0;0;;;;;;0;0;0;0;;;;;;0;0;0;0;;;;;;100;1;101;37;;;;;;0;0;0;0;;;;;
BLOCS;2014;580972685;580780096;1;1;1;1;;1;;1;;0;;4;1;0;1;;;4;;;1051;895;1946;1191;460;1;37;5;6;8;254;262;115;;;;;;13;0;13;0;;;;;;0;0;0;0;;;;;;692;282;974;503;71;0;0;0;1;0;2;2;0;;;;;
BLOCS;2014;580972693;580780039;1;7;0;1;0;1;0;1;0;0;0;10;0;;1;0;0;10;0;0;4317;2192;6509;4993;50;;;;;710;209;919;442;;;;;;927;3;930;3;;;;;;210;2;212;0;;;;;;1814;472;2286;624;;;;;;13;9;22;1;;;;;
BLOCS;2014;590000014;590780052;1;;;;;;;1;0;;;1;0;;;;;;;;;0;0;;;;;;;0;0;0;0;;;;;;0;0;0;0;;;;;;0;0;0;0;;;;;;115;0;115;0;199;;;;;0;0;0;0;;;;;
BLOCS;2014;590000121;590780227;3;4;;1;1;1;;1;;1;;8;1;;1;;;8;;;2830;1373;4203;3503;;11;2;6;3;708;383;1091;448;;15;16;2;1;0;0;0;0;;;;;;1;1;2;0;;;;;;2392;2210;4602;2411;;1;0;0;2;9;14;23;0;;;;;
BLOCS;2014;590000188;590780334;1;6;0;0;0;1;0;1;0;1;0;9;0;0;1;0;0;9;0;0;5073;1852;6925;4201;886;0;0;0;1;0;0;0;0;0;0;0;0;0;0;0;0;0;0;0;0;0;0;2;0;2;1;0;0;0;0;0;800;363;1163;690;2163;0;0;0;0;10;0;10;2;0;0;0;0;0
BLOCS;2014;590000337;590781415;1;9;2;;;1;;1;;;;11;2;;1;;;15;;;7012;4174;11186;7887;;20;5;23;19;1;0;1;1;;;;;;732;6;738;6;;;;;;127;11;138;0;;;;;;3189;569;3758;1517;;;;;;19;32;51;2;;;;;
BLOCS;2014;590000428;590781605;;5;;1;;2;;2;;;;10;;;1;;;15;;;2817;1413;4230;3208;;;;;;299;417;716;205;;;;;;67;0;67;0;;;;;;10;0;10;0;;;;;;2384;1596;3980;1100;;;;;;2;7;9;0;;;;;
BLOCS;2014;590000436;590781621;;1;;1;;;;1;;;;3;;;1;;;1;;;40;19;59;8;;;;;;226;228;454;204;;;;;;0;0;0;0;;;;;;0;0;0;0;;;;;;142;14;156;3;;;;;;0;0;0;0;;;;;
BLOCS;2014;590000469;590781662;1;3;3;2;2;2;2;1;1;1;1;9;9;;1;;;4;;;785;362;1147;946;48;5;1;;2;470;72;542;220;;2;;;;4;0;4;0;;;;;;7;0;7;0;;;;;;545;247;792;415;;;;;;1;0;1;0;72;;;;
BLOCS;2014;590000535;590781803;2;5;1;2;1;0;;4;;2;;13;2;;1;1;;8;;;2581;850;3431;2608;5412;9;8;6;8;677;381;1058;439;30;7;9;2;3;79;2;81;25;0;1;0;0;0;25;0;25;0;0;0;0;0;0;1442;801;2243;823;736;0;1;0;1;1;2;3;1;43;0;0;0;0
BLOCS;2014;590000592;590782165;;6;1;7;2;1;;3;;1;;18;3;0;1;1;1;10;10;10;3477;2123;5600;4704;1177;4;4;4;5;682;428;1110;466;;1;1;1;1;0;0;0;0;;;;;;42;2;44;0;;;;;;1392;2023;3415;1488;1020;;;;;3;38;41;2;;;;;
BLOCS;2014;590000618;590782215;2;17;2;2;2;4;3;3;;1;;27;7;;2;2;;28;;;11739;5924;17663;13715;3797;54;57;19;61;2108;1153;3261;1048;0;11;8;4;3;1104;75;1179;0;0;3;3;2;3;579;170;749;0;0;4;4;0;0;3484;1735;5219;2585;1059;5;1;3;0;12;72;84;4;0;0;0;0;0
BLOCS;2014;590000758;590782637;3;4;1;2;1;;;2;;;;8;2;;2;;;12;;;2899;1943;4842;3924;;12;5;2;13;828;911;1739;1656;;;;;;;0;0;0;;;;;;0;0;0;0;;;;;;1505;777;2282;771;;1;1;;;0;;0;0;;;;;
BLOCS;2014;590000774;590782652;;2;;1;;0;;0;;0;;3;;;1;;;5;;;1249;1450;2699;2358;351;0;0;0;1;175;24;199;181;;6;4;0;0;0;0;0;0;;;;;;5;59;64;0;;;;;;681;179;860;330;;;;;;6;5;11;4;;;;;
BLOCS;2014;590001004;590783239;;10;10;1;1;0;;2;0;0;;13;11;0;1;;;16;;;4181;1637;5818;4695;479;79;28;26;50;601;674;1275;386;;10;14;2;1;223;1;224;0;;;;;;317;190;507;0;;;;;;2297;1063;3360;1340;;2;3;1;4;1;1;2;0;;;;;
BLOCS;2014;590001749;590788956;;;;;;;;;;;;;;;;;;;;;135;7;142;29;;;;;;0;0;0;0;;;;;;4;0;4;0;;;;;;0;0;0;0;;;;;;570;296;866;379;;;;;;1;0;1;0;;;;;
BLOCS;2014;590006607;590780193;3;4;0;2;2;0;0;0;0;0;0;6;2;3;2;0;1;9;0;2;6587;3897;10484;9313;;;;;;3447;1804;5251;2600;;;;;;7;0;7;7;;;;;;33;0;33;0;;;;;;1178;1398;2576;1476;;;;;;9;14;23;0;;;;;
BLOCS;2014;590006896;590000519;1;6;;;;0;;1;;0;;7;;;1;;;12;;;2856;3636;6492;5408;;;;;;0;0;0;0;;;;;;0;0;0;0;;;;;;80;0;80;0;;;;;;404;1636;2040;1222;;;;;;13;66;79;4;;;;;
BLOCS;2014;590008041;590008033;2;10;;;;1;;1;;;;12;;;3;;;23;;;5065;5786;10851;8157;;;;;;1;0;1;1;;;;;;1318;2;1320;998;;;;;;555;72;627;0;;;;;;1871;4665;6536;4128;;;;;;0;12;12;2;;;;;
BLOCS;2014;590046538;590781415;1;2;;1;1;;;1;;0;;4;1;;1;;;5;;;586;167;753;727;753;0;0;0;0;852;854;1706;390;;2;7;2;6;0;0;0;0;;;;;;0;0;0;0;;;;;;37;330;367;350;;;;;;2;14;16;0;;;;;
BLOCS;2014;590052056;590051801;3;3;;1;;1;;1;;1;;7;;2;1;;1;9;;4;2252;4565;6817;5640;;;;;;357;33;390;251;;;;;;0;0;0;0;;;;;;4;0;4;0;;;;;;981;5510;6491;3831;;;;;;29;13;42;5;;;;;
BLOCS;2014;590780060;590000022;;3;;;;;;;;1;;4;;;2;;;7;;;2984;11424;14408;7497;;;;;;0;0;0;0;;;;;;0;0;0;0;;;;;;0;0;0;0;;;;;;0;0;0;0;;;;;;209;7;216;0;;;;;
BLOCS;2014;590780250;590053955;1;9;;;;;;;;;;9;;;1;;;14;;;7979;21318;29297;25554;;;;;;0;4;4;4;;;;;;0;0;0;0;;;;;;1;0;1;0;;;;;;15;74;89;53;;;;;;58;43;101;1;;;;;
BLOCS;2014;590780268;590053955;6;14;;3;;1;;2;;0;;20;;;3;;;31;;;8979;5365;14344;12014;;;;;;1069;208;1277;712;;;;;;963;1;964;683;;;;;;435;34;469;0;;;;;;2535;11878;14413;8985;;;;;;6;24;30;13;;;;;
BLOCS;2014;590780284;590051801;1;6;;;;1;;1;;2;;10;;;1;;;10;;;3859;1547;5406;4755;;;;;;0;0;0;0;;;;;;1310;0;1310;327;;;;;;310;77;387;0;;;;;;2429;891;3320;1735;;;;;;10;3;13;0;;;;;
BLOCS;2014;590780342;590053955;1;5;;;;;;;;0;;5;;;1;;;8;;;499;10193;10692;5805;;;;;;0;0;0;0;;;;;;0;0;0;0;;;;;;0;0;0;0;;;;;;0;0;0;0;;;;;;1;7;8;0;;;;;
BLOCS;2014;590780383;590000204;5;9;;;;1;;2;;1;;13;;2;4;;1;26;;5;7456;10693;18149;14328;;;;;;0;0;0;0;;;;;;739;5;744;223;;;;;;357;39;396;0;;;;;;3070;8302;11372;7312;;;;;;94;195;289;67;;;;;
BLOCS;2014;590781571;590000402;1;4;1;0;;0;;0;;0;;4;1;0;1;;;8;;;2261;3077;5338;4412;;;;;;0;0;0;0;;;;;;0;0;0;0;;;;;;0;0;0;0;;;;;;;;;;;;;;;0;;0;;;;;;
BLOCS;2014;590781951;590053955;3;8;;;;;;;;;;8;;;1;;;14;;;7576;1797;9373;9212;;;;;;0;0;0;0;;;;;;0;0;0;0;;;;;;0;0;0;0;;;;;;23;1;24;0;;;;;;0;1;1;0;;;;;
BLOCS;2014;590782298;590000675;;11;;1;;;;1;;0;;13;;;1;;;23;;;7850;5442;13292;12364;;;;;;258;41;299;275;;;;;;0;0;0;0;;;;;;0;0;0;0;;;;;;370;2758;3128;1858;;;;;;8;40;48;16;;;;;
BLOCS;2014;590782546;590000733;1;;;;;;;;;;;;;2;;;1;;;4;4;765;769;752;;;;;;0;0;0;0;;;;;;0;0;0;0;;;;;;0;55;55;0;;;;;;67;1765;1832;934;;;;;;3;65;68;5;;;;;
BLOCS;2014;590782553;590000741;3;6;;1;;1;;2;;1;;11;;3;2;;1;14;;5;4794;6069;10863;9167;;;;;;576;145;721;549;;;;;;505;2;507;376;;;;;;811;1;812;0;;;;;;1434;8923;10357;5979;;;;;;5;32;37;7;;;;;
BLOCS;2014;590784864;590780193;1;3;0;0;0;0;;0;;0;;3;0;;1;;;5;;;1569;164;1733;1413;;;;;;0;0;0;0;;;;;;0;0;0;0;;;;;;21;0;21;0;;;;;;1493;604;2097;203;;;;;;0;0;0;0;;;;;
BLOCS;2014;590785374;620001834;1;0;;;;;;2;;4;;6;;;;;;;;;0;0;0;0;;;;;;0;0;0;0;;;;;;0;0;0;0;;;;;;0;0;0;0;;;;;;309;233;542;0;;;;;;0;0;0;0;;;;;
BLOCS;2014;590787586;590780193;3;6;0;0;0;4;0;0;0;0;0;10;0;0;1;0;0;6;0;0;3575;10;3585;3226;;;;;;0;0;0;0;;;;;;2553;10;2563;1847;;;;;;862;98;960;0;;;;;;437;1;438;66;;;;;;2;6;8;0;;;;;
BLOCS;2014;590788964;590001756;1;2;0;0;0;1;0;1;0;0;0;4;0;;1;0;;8;0;;1449;2620;4069;2700;;;;;;0;0;0;0;;;;;;16;0;16;0;;;;;;1;0;1;0;;;;;;835;2816;3651;1881;;;;;;0;4;4;2;;;;;
BLOCS;2014;590790655;590002218;;4;4;;;0;;1;;;;5;4;;1;;;8;;;1435;1524;2959;2892;428;;;;;0;0;0;0;;;;;;0;0;0;0;;;;;;;;;0;;;;;;247;43;290;184;9;;;;;;;;0;;;;;
BLOCS;2014;590791562;590782421;1;2;1;3;1;0;0;1;0;1;0;7;2;0;1;1;;5;;;1046;330;1376;1202;765;;;;;1609;1366;2975;733;81;;;;;0;0;0;0;0;;;;;0;0;0;0;0;;;;;49;319;368;206;133;;;;;0;35;35;0;118;;;;
BLOCS;2014;590796975;590780193;8;37;7;0;0;3;0;0;0;1;0;41;7;;7;1;;47;4;;17597;7854;25451;20632;;;;;;10;0;10;9;;;;;;15;1;16;15;;;;;;163;3;166;0;;;;;;2547;92;2639;524;;;;;;3;97;100;94;;;;;
BLOCS;2014;590797353;590051801;1;7;;1;;0;;1;;;;9;;0;4;;;13;;;3062;3974;7036;4905;;;;;;1286;103;1389;457;;;;;;0;0;0;0;;;;;;0;0;0;0;;;;;;1108;1038;2146;835;;;;;;15;47;62;6;;;;;
BLOCS;2014;590801106;590782421;;6;1;0;0;2;1;8;0;0;0;16;2;2;1;;;21;;;5100;3714;8814;6687;3965;;;;;0;0;0;0;0;;;;;567;4;571;0;7;;;;;526;15;541;0;0;;;;;3036;2671;5707;2441;5463;;;;;5;9;14;4;449;;;;
BLOCS;2014;590804696;590781902;1;6;;1;1;0;;1;;1;;9;1;;2;;1;7;;4;5576;2808;8384;6878;4235;17;4;4;11;1100;672;1772;390;67;4;1;;1;145;1;146;1;;;;;;85;5;90;0;;;;;;2361;1815;4176;1735;1383;;;;;12;13;25;0;1155;;;;
BLOCS;2014;590811279;590780193;5;23;0;0;0;3;0;0;0;0;0;26;0;;4;0;;28;0;;12925;5969;18894;13890;;;;;;0;0;0;0;;;;;;4;0;4;4;;;;;;744;75;819;0;;;;;;6813;3199;10012;4860;;;;;;138;446;584;57;;;;;
BLOCS;2014;590813176;590005278;1;5;;0;;0;;1;;0;;6;;;1;;;11;;;1663;1943;3606;2490;;;;;;4;10;14;14;;;;;;1;0;1;0;;;;;;0;0;0;0;;;;;;173;1842;2015;1076;;;;;;0;10;10;6;;;;;
BLOCS;2014;590813382;590000386;;6;;1;;;;;;;;7;;;1;;;12;;;3132;5153;8285;6297;;;;;;608;56;664;346;;;;;;0;0;0;0;;;;;;150;13;163;0;;;;;;398;308;706;592;;;;;;14;17;31;0;;;;;
BLOCS;2014;590813507;590000485;9;8;;0;;0;;1;;0;;9;;;1;;;14;;;2181;2711;4892;4220;;;;;;552;206;758;536;;;;;;41;0;41;0;;;;;;42;2;44;0;;;;;;572;1613;2185;1210;;;;;;1;4;5;0;;;;;
BLOCS;2014;590815056;590005492;;6;;;;0;;1;;0;;7;;;1;;;14;;;2579;1476;4055;3578;;;;;;0;0;0;0;;;;;;0;0;0;0;;;;;;102;16;118;0;;;;;;888;6648;7536;4862;;;;;;3;10;13;10;;;;;
BLOCS;2014;590816310;590000048;1;9;0;1;1;0;0;2;;1;;13;1;;1;;;18;;;4699;4906;9605;8011;;;;;;271;68;339;335;;;;;;0;0;0;0;;;;;;0;0;0;0;;;;;;1041;5803;6844;4178;;;;;;22;68;90;7;;;;;
BLOCS;2014;590817458;590053955;;5;;;;;;1;;2;;8;;;1;;;10;;;1889;4481;6370;4465;;;;;;0;0;0;0;;;;;;0;0;0;0;;;;;;0;0;0;0;;;;;;833;4515;5348;3105;;;;;;0;1;1;0;;;;;
BLOCS;2014;590817839;590053955;1;3;;1;;1;;3;;0;;8;;;1;;;5;;;1978;914;2892;2479;;;;;;198;43;241;229;;;;;;0;0;0;0;;;;;;226;1;227;0;;;;;;445;381;826;136;;;;;;0;10;10;2;;;;;
BLOCS;2014;600000053;600101984;1;3;1;1;;0;;0;;0;;4;1;0;1;;;8;;;1604;1043;2647;2210;2735;1;1;;1;1109;442;1551;484;92;5;;1;6;4;1;5;0;;;;;;5;0;5;0;;;;;;565;562;1127;449;176;;;;5;1;11;12;0;50;;;;
BLOCS;2014;600000186;600100648;1;1;0;1;1;0;0;1;0;0;0;3;1;5;1;1;1;4;4;4;734;479;1213;987;236;1;0;1;0;234;229;463;148;6;4;2;0;0;0;0;0;0;0;0;0;0;;0;0;0;0;0;0;0;0;0;244;426;670;394;136;0;0;0;0;;;;0;0;0;0;0;0
BLOCS;2014;600000194;600100713;1;8;1;3;1;0;0;2;0;0;0;13;2;0;1;1;0;18;16;0;4541;2779;7320;4980;1367;13;14;9;22;1430;721;2151;997;1882;1;13;2;2;30;0;30;10;0;0;0;0;0;4;1;5;0;384;0;0;0;0;2566;1328;3894;1748;697;1;0;0;0;24;5;29;0;0;0;0;0;0
BLOCS;2014;600000285;600100721;1;0;;0;;;;0;;;;0;;3;1;;;5;;;79;1122;1201;890;;;;;;0;38;38;0;;;;;;0;0;0;0;;;;;;0;0;0;0;;;;;;151;262;413;235;;;;;;0;0;0;0;;;;;
BLOCS;2014;600000467;600101984;2;3;1;1;1;1;;1;;0;;6;2;0;1;;;12;;;3903;2192;6095;5082;4073;23;2;4;21;797;380;1177;330;69;;15;1;;923;5;928;286;;3;;1;1;127;0;127;0;1;;;;;3019;799;3818;1687;1269;;1;3;2;20;3;23;0;219;;;;
BLOCS;2014;600008643;600008635;1;0;;;;;;1;0;;;1;0;;1;;;4;;;0;0;0;0;;;;;;0;0;0;0;;;;;;0;0;0;0;;;;;;0;0;0;0;;;;;;0;2567;2567;1678;804;0;0;0;0;0;0;0;0;;;;;
BLOCS;2014;600010862;600010854;;5;0;0;;;;;;3;;8;0;;1;;;11;;;1428;2612;4040;3199;;;;;;0;0;0;0;;;;;;0;0;0;0;;;;;;0;0;0;0;;;;;;205;845;1050;780;;;;;;1;1;2;1;;;;;
BLOCS;2014;600100168;600106629;1;5;0;0;;0;;0;;3;;8;0;;1;;;11;;;1590;2415;4005;3126;;;;;;0;0;0;0;;;;;;0;0;0;0;;;;;;0;0;0;0;;;;;;541;941;1482;1068;;;;;;13;6;19;14;;;;;
BLOCS;2014;600100176;600010581;1;0;0;0;0;0;0;1;0;0;0;1;0;;1;0;;4;0;;0;0;0;0;;;;;;0;0;0;0;;;;;;0;0;0;0;;;;;;0;0;0;0;;;;;;0;813;813;535;;;;;;0;0;0;0;;;;;
BLOCS;2014;600100754;600000228;1;6;6;1;1;0;0;3;2;0;0;10;9;4;1;1;1;18;4;;6040;6845;12885;10534;329;80;11;22;38;603;62;665;284;;5;3;;1;23;0;23;0;;;;;;193;0;193;0;;;;;2;1434;5389;6823;4961;2193;2;;;4;6;10;16;10;;;;;
BLOCS;2014;600110175;600001234;1;5;;;;1;;1;;1;;8;;;1;;;14;;;2774;4855;7629;5717;;;;;;0;0;0;0;;;;;;0;0;0;0;;;;;;37;0;37;0;;;;;;1279;5873;7152;6004;;;;;;1;23;24;12;;;;;
BLOCS;2014;600113476;600100721;;8;1;0;;2;;0;;0;;10;1;;1;1;;12;;;4236;2517;6753;5680;;37;7;6;12;1088;443;1531;570;;5;4;0;1;768;5;773;39;;0;0;0;0;90;13;103;0;;0;0;0;0;2154;1149;3303;1851;;0;0;0;0;3;9;12;1;;;;;
BLOCS;2014;610000044;610780074;1;3;0;1;;;;1;;0;;5;0;;1;;;7;;;1586;793;2379;1932;;0;0;5;6;370;74;444;266;;1;2;;;0;0;0;0;;;;;;0;0;0;0;;;;;;326;612;938;670;;;;;;1;3;4;0;;;;;
BLOCS;2014;610000051;610780082;2;6;;1;;0;;0;;7;;14;;;1;;;7;;;3347;2003;5350;4192;3748;29;7;12;20;762;297;1059;352;68;19;57;4;7;91;0;91;16;0;0;0;0;0;34;0;34;0;0;0;0;0;0;2284;970;3254;1834;1648;2;2;1;2;3;7;10;0;0;0;0;0;0
BLOCS;2014;610000069;610780090;1;5;;;;;;1;;1;;7;;1;1;;;9;;;2141;2502;4643;2114;1503;2;;3;4;384;117;501;150;;1;1;;;47;0;47;18;;;;;;16;0;16;0;;;;;;950;794;1744;892;661;;;;;4;5;9;2;;;;;
BLOCS;2014;610000077;610780124;;;;;;;;1;;;;1;;;;;;;;;33;4;37;0;;;;;;0;0;0;0;;;;;;0;0;0;0;;;;;;1;0;1;0;;;;;;23;0;23;0;70;;;;;0;0;0;0;;;;;
BLOCS;2014;610000119;610780165;;4;;1;;0;;1;;0;;6;;;1;;;8;;;2642;1072;3714;2892;;;;;;701;228;929;290;;;;;;9;0;9;8;;;;;;3;0;3;0;;;;;;1084;764;1848;845;;;;;;6;39;45;0;;;;;
BLOCS;2014;610006421;610006413;1;5;;;;1;;1;;1;;8;;;1;;;10;;;2152;2277;4429;3171;;;;;;0;0;0;0;;;;;;0;0;0;0;;;;;;26;0;26;0;;;;;;367;2029;2396;1993;;;;;;2;1;3;1;;;;;
BLOCS;2014;610780199;610000135;1;4;;;;;;1;;1;;6;;;1;;;8;;;1594;2195;3789;2817;;;;;;0;0;0;0;;;;;;0;0;0;0;;;;;;0;0;0;0;;;;;;706;1300;2006;1626;;;;;;1;33;34;34;;;;;
BLOCS;2014;620000026;620003814;3;8;;;;;;1;;1;;10;;;2;;;16;;;4942;1447;6389;5753;;2;;;;0;0;0;0;;;;;;0;0;0;0;;;;;;0;0;0;0;;;;;;385;375;760;301;;;;;;0;7;7;7;;;;;
BLOCS;2014;620000034;620100057;2;8;2;1;1;1;1;5;;0;;15;4;;1;1;;15;4;;3800;2044;5844;4636;;52;1;26;9;1348;1034;2382;696;;28;19;4;0;423;8;431;0;;;;;;440;94;534;0;;4;0;2;0;2482;1360;3842;1778;;;;;;3;24;27;1;;;;;
BLOCS;2014;620000224;620100651;1;4;1;1;;;;1;;;;6;1;0;1;;;8;1;;3486;1092;4578;3459;;;;;;379;608;987;356;;;;;;182;2;184;1;;;;;;174;11;185;0;;;;;;2367;1353;3720;1567;;;;;;7;21;28;5;;;;;
BLOCS;2014;620000257;620100685;2;10;1;3;1;1;;1;;1;;16;2;;4;;;20;;;6461;7636;14097;7511;;;;;;1452;934;2386;809;;;;;;1244;30;1274;11;;;;;;425;44;469;0;;;;;;3181;1065;4246;1331;;;;;;3;15;18;0;;;;;
BLOCS;2014;620000323;620101337;2;6;0;1;1;0;;2;0;0;;9;1;;2;1;;16;1;;3585;1889;5474;4547;;5;3;7;14;1103;385;1488;758;;;1;;;45;0;45;4;;;;;;20;0;20;0;;;;;;1666;869;2535;1097;783;;;;;4;22;26;1;;;;;
BLOCS;2014;620000349;620101360;;6;;1;;1;;1;;1;;10;;1;1;;;9;;;3371;1579;4950;4203;;;;;;611;393;1004;438;;;;;;67;0;67;9;;;;;;13;0;13;0;;;;;;1768;920;2688;1030;;;;;;7;48;55;3;;;;;
BLOCS;2014;620000653;620103440;1;9;0;1;0;2;0;1;0;1;0;14;0;;1;0;0;21;21;;6531;3432;9963;7022;247;33;7;7;21;745;638;1383;464;1;14;14;5;3;765;61;826;41;;7;5;0;1;273;5;278;50;;0;0;0;0;3188;879;4067;1570;152;5;2;1;2;140;46;186;164;3;0;0;0;0
BLOCS;2014;620003202;620103432;2;5;0;1;0;0;0;2;0;0;0;8;0;;1;0;0;10;0;0;3696;939;4635;3516;5821;108;34;33;59;1007;3;1010;452;34;9;18;3;1;2;0;2;0;0;0;0;0;0;493;0;493;492;0;0;0;0;0;1490;1393;2883;1273;364;0;3;0;0;26;22;48;29;0;0;0;0;0
BLOCS;2014;620003350;620001834;1;1;1;1;1;0;;1;;;;3;2;;1;;;4;;;31;10;41;27;;;;;;452;103;555;386;;;;;;0;0;0;0;;;;;;0;0;0;0;;;;;;209;4;213;1;1421;;;;;0;0;0;0;;;;;
BLOCS;2014;620003376;620001834;1;10;2;0;;0;;2;;0;;12;2;;1;;;15;;;5050;3737;8787;7752;2976;;;;;1;9;10;10;0;;;;;48;0;48;0;0;;;;;14;194;208;0;0;;;;;1706;5538;7244;4703;1064;;;;;6;127;133;21;50;;;;
BLOCS;2014;620006049;620000331;1;8;;0;;;;1;;0;;9;;;2;;;16;;;4934;5449;10383;8037;;;;;;1;0;1;1;;;;;;0;0;0;0;;;;;;0;0;0;0;;;;;;891;5998;6889;3903;;;;;;8;26;34;13;;;;;
BLOCS;2014;620025346;620001834;1;6;;1;;0;;1;;1;;9;;;1;;;12;;;2891;2860;5751;5141;;;;;;371;83;454;218;;;;;;0;0;0;0;;;;;;0;0;0;0;;;;;;897;2960;3857;1992;;;;;;6;39;45;2;;;;;
BLOCS;2014;620100099;620014779;1;14;3;1;;1;;2;;0;;18;3;0;1;;;23;;;7192;9849;17041;13424;;;;;;247;95;342;324;;;;;;0;0;0;0;;;;;;8;3;11;0;;;;;;1636;6508;8144;5721;;;;;;1;25;26;20;;;;;
BLOCS;2014;620100487;620000125;;4;4;0;0;0;0;1;0;0;0;5;4;;1;1;;8;8;;1660;1391;3051;2349;;;;;;0;0;0;0;0;;;;;0;0;0;0;0;;;;;0;0;0;0;0;;;;;616;1933;2549;1458;;;;;;0;0;0;0;0;;;;
BLOCS;2014;620100735;620000265;;8;8;1;1;1;1;1;1;;;11;11;;1;;;13;;;5311;4173;9484;7632;;;;;;329;59;388;373;;;;;;22;0;22;0;;;;;;28;82;110;0;;;;;;1121;4391;5512;3545;;;;;;28;72;100;9;;;;;
BLOCS;2014;620100750;620000273;1;5;;;;0;;1;;0;;6;;;1;;;9;;;2168;1698;3866;3127;;;;;;0;0;0;0;;;;;;41;0;41;0;;;;;;290;32;322;0;;;;;;287;2332;2619;1290;;;;;;2;5;7;1;;;;;
BLOCS;2014;620101311;620027763;1;3;1;1;;1;;1;;1;;7;1;0;1;;;11;;;3972;3438;7410;6721;33;5;;2;3;1;0;1;1;;;;;;21;0;21;0;;;;;;85;0;85;0;;;;;;945;4567;5512;3413;;1;;;;7;17;24;10;;;;;
BLOCS;2014;620101501;620000364;;9;;;;1;;2;;1;;13;;;1;;;21;;;6464;7298;13762;12350;;;;;;0;0;0;0;;;;;;1457;8;1465;971;;;;;;447;34;481;0;;;;;;1442;3663;5105;3340;;;;;;0;18;18;8;;;;;
BLOCS;2014;620105940;620000950;1;4;;;;;;;;;;4;;;1;;;5;;;1163;1452;2615;2124;642;3;;;2;0;0;0;0;;;;;;7;0;7;0;;;;;;7;0;7;0;;;;;;19;37;56;33;;;;;;1;0;1;0;;;;;
BLOCS;2014;620106088;620000976;1;7;7;0;;0;;1;1;;;8;8;;1;1;;9;9;;1789;3523;5312;4179;;;;;;1;0;1;1;;;;;;0;0;0;0;;;;;;0;6;6;0;;;;;;92;568;660;332;;;;;;0;0;0;0;;;;;
BLOCS;2014;620116046;620002311;1;;;;;;;;;;;;;3;;;1;;;5;0;2980;2980;2149;;;;;;0;0;0;0;;;;;;0;0;0;0;;;;;;0;0;0;0;;;;;;0;1318;1318;631;;;;;;0;6;6;6;;;;;
BLOCS;2014;620118513;620002915;1;5;1;1;1;1;1;1;;1;;9;3;0;1;1;;13;;;4879;5731;10610;8306;305;5;2;2;7;702;26;728;363;;3;3;1;5;543;1;544;309;;;;;;882;11;893;0;;3;2;;;1588;2278;3866;2399;;1;36;7;1;4;1;5;2;;;;;
BLOCS;2014;630000404;630780989;2;25;19;0;;5;1;1;;0;;31;20;0;1;1;0;26;20;0;13716;3623;17339;12853;;63;29;9;23;2;1;3;2;;;;;;2961;33;2994;558;;;;;;1305;120;1425;0;;;;;;2959;142;3101;1318;;;;;;175;67;242;1;;;;;
BLOCS;2014;630000412;630780997;;0;;;;;;1;;;;1;;1;1;;;4;;;0;70;70;17;;;;;;0;0;0;0;;;;;;0;0;0;0;;;;;;0;0;0;0;;;;;;218;661;879;512;;;;;;0;0;0;0;;;;;
BLOCS;2014;630000420;630781003;1;2;;1;1;0;;1;;0;;4;1;;1;;;5;;;1159;512;1671;1429;480;2;7;0;2;403;265;668;223;0;4;1;0;0;1;0;1;1;0;;;;;2;0;2;0;;;;;;630;1079;1709;977;;;;;;0;2;2;1;;;;;
BLOCS;2014;630000438;630781011;1;3;0;0;0;0;0;1;0;0;0;4;0;0;1;0;0;7;0;0;1257;1169;2426;1909;;;;;;0;0;0;0;;;;;;4;0;4;0;;;;;;0;0;0;0;;;;;;607;1211;1818;1034;;;;;;1;5;6;6;;;;;
BLOCS;2014;630000446;630781029;1;1;1;1;;0;;1;;0;;3;1;;1;;;5;;;989;271;1260;1125;;;;;;151;127;278;143;;;;;;0;0;0;0;;;;;;0;0;0;0;;;;;;411;778;1189;782;;;;;;1;0;1;0;;;;;
BLOCS;2014;630000479;630781110;1;4;0;0;0;1;0;1;0;1;0;7;0;0;1;;;7;;;4634;1168;5802;3716;1220;;;;;0;0;0;0;;;;;;1;0;1;1;;;;;;8;0;8;0;;;;;;429;48;477;119;467;;;;;8;0;8;0;;;;;
BLOCS;2014;630780211;630000107;3;9;;;;3;;3;;1;;16;;;3;;;26;;;7633;7330;14963;11957;;;;;;0;0;0;0;;;;;;1522;1;1523;1204;;;;;;397;4;401;0;;;;;;1218;5808;7026;4742;;;;;;17;24;41;4;;;;;
BLOCS;2014;630780369;630000164;2;3;1;;;;;3;;0;;6;1;;2;;;10;;;1688;524;2212;2007;;0;0;1;0;0;0;0;0;;;;;;0;0;0;0;;;;;;0;0;0;0;;;;;;609;7627;8236;5740;;;;;;0;13;13;10;;;;;
BLOCS;2014;630781268;630780989;3;10;2;2;2;1;0;3;0;0;0;16;4;;4;2;0;24;6;0;9370;3453;12823;9602;;28;865;3;24;2912;1850;4762;2061;;7;9;1;7;8;0;8;3;;0;0;0;0;264;1;265;0;;0;0;0;0;2797;2453;5250;2961;;1;0;3;1;49;109;158;14;;0;0;0;0
BLOCS;2014;630781839;630000826;3;9;1;1;1;1;;2;;1;;14;2;4;1;1;1;16;3;13;12909;18512;31421;29024;;;;;;1405;533;1938;877;;;;;;3;2;5;1;;;;;;237;0;237;0;;;;;;1723;3384;5107;4079;;;;;;10;15;25;2;;;;;
BLOCS;2014;630783108;630000867;2;4;;;;;;2;;;;6;;;2;;;12;;;1428;7760;9188;4836;;0;0;0;0;0;0;0;0;;;;;;0;0;0;0;;;;;;0;0;0;0;;;;;;97;1137;1234;1088;;;;;;0;0;0;0;;;;;
BLOCS;2014;640000162;640780417;;8;1;2;;1;;2;;1;;14;1;0;2;;;15;;;8408;4108;12516;8214;;;;;;1191;719;1910;940;116;;;;;254;9;263;122;;;;;;375;44;419;0;0;;;;;2573;1659;4232;2236;1120;;;;;39;16;55;3;5;;;;
BLOCS;2014;640000402;640780813;1;0;0;0;0;0;0;1;0;1;0;2;0;1;1;0;1;4;0;4;113;27;140;31;1052;0;0;0;0;166;67;233;86;;;;;;26;0;26;0;;;;;;8;0;8;0;;;;;;269;212;481;217;57;0;0;0;0;1;0;1;0;;;;;
BLOCS;2014;640000410;640780821;3;3;3;0;;0;;1;1;0;;4;4;;1;;;6;;;1681;1078;2759;1623;1873;;;;;4;0;4;4;0;;;;;;;;0;;;;;;22;0;22;0;;;;;;574;677;1251;624;1007;;;;;;;;0;;;;;
BLOCS;2014;640000600;640781290;3;12;2;1;1;4;;1;;4;;22;3;;1;;;15;;;9424;5118;14542;10101;5075;45;17;26;41;811;814;1625;762;0;;;;;1567;16;1583;179;0;3;2;0;1;484;33;517;0;1;;;;;2362;1585;3947;1748;4118;7;4;5;4;49;17;66;11;0;;;;
BLOCS;2014;640015921;640780821;1;3;3;1;1;0;0;1;0;0;0;5;4;;1;;;6;;;635;549;1184;1118;;;;;;139;101;240;116;;;;;;0;0;0;0;;;;;;0;0;0;0;;;;;;4;55;59;30;;;;;;0;0;0;0;;;;;
BLOCS;2014;640016580;640010658;1;;;;;1;;;;;;1;;;;;;;;;0;0;0;0;;;;;;0;0;0;0;;;;;;773;0;773;347;;;;;;0;0;0;0;;;;;;0;0;0;0;;;;;;0;0;0;0;;;;;
BLOCS;2014;640016598;640010658;1;;;;;2;;;;;;2;;;;;;;;;0;0;0;0;;;;;;0;0;0;0;;;;;;1252;30;1282;1057;;;;;;0;0;0;0;;;;;;0;0;0;0;;;;;;0;0;0;0;;;;;
BLOCS;2014;640017646;640017638;;3;1;1;0;;;1;;;;5;1;;1;;;6;;;944;1548;2492;1998;37;;1;1;;129;32;161;81;;;1;;;30;1;31;1;;;;;;8;0;8;0;;;;;;352;816;1168;649;68;;;;;0;2;2;0;;;;;
BLOCS;2014;640780185;640000089;;;;;;;;;;1;;1;;;;;;;;;;;;;;;;;;;;;;;;;;;;;;;;;;;;;;;;;;;;;;;;;;;;;;;;;;;;;;
BLOCS;2014;640780268;640000113;1;4;1;;;;;;;1;;5;1;4;1;;;10;;;782;9053;9835;2301;177;;;;2;0;0;0;0;;;;;;0;0;0;0;;;;;;37;12;49;0;;;;;;18;1;19;9;;;;;;0;1;1;0;13;;;;
BLOCS;2014;640780433;640012209;1;4;1;0;;1;;1;;1;;7;1;;1;;;12;;;5023;3246;8269;6154;;;;;;0;0;0;0;;;;;;11;0;11;2;;;;;;651;65;716;0;;;;;;4203;2497;6700;3747;;;;;;59;31;90;8;;;;;
BLOCS;2014;640780482;640012209;1;4;;1;;;;2;;0;;7;;;1;;;14;;;3538;2352;5890;4884;293;4;2;3;2;311;292;603;486;;3;4;1;1;0;0;0;0;;0;0;;0;334;0;334;0;;;;;;1099;6043;7142;4287;;;1;1;2;10;105;115;31;;;;;
BLOCS;2014;640780490;640000212;1;8;0;0;0;0;0;1;0;1;0;10;0;;1;;;15;;;4587;6415;11002;7670;;3;0;2;6;0;0;0;0;;;;;;0;0;0;0;;;;;;25;12;37;0;;;;;;546;2183;2729;1501;;;;;;5;3;8;2;;;;;
BLOCS;2014;640780557;640000238;;0;;0;;0;;1;;3;;4;;;0;;;0;;;0;0;0;0;;;;;;0;0;0;0;;;;;;0;0;0;0;;;;;;0;0;0;0;;;;;;13;0;13;0;;;;;;0;0;0;0;;;;;
BLOCS;2014;640780672;640000337;;;;;;;;;;1;;1;;;;;;;;;0;0;0;0;;;;;;0;0;0;0;;;;;;0;0;0;0;;;;;;0;0;0;0;;;;;;0;0;0;0;;;;;;0;0;0;0;;;;;
BLOCS;2014;640780748;640000360;2;5;2;0;0;0;0;1;0;0;0;6;2;3;2;1;0;15;1;0;3008;7217;10225;4782;;;;;;2;1;3;3;;;;;;38;0;38;0;;;;;;17;0;17;0;;;;;;962;2143;3105;1674;;;;;;3;8;11;1;;;;;
BLOCS;2014;640780789;640012209;1;3;0;0;0;0;0;0;0;0;0;3;0;;1;0;;6;;;2484;1378;3862;3699;;;;;;0;0;0;0;;;;;;0;0;0;0;;;;;;3;0;3;0;;;;;;8;0;8;2;;;;;;0;0;0;0;;;;;
BLOCS;2014;640780938;640000451;1;6;;0;;1;;2;;1;;10;;;1;;;13;;;5573;4435;10008;8398;;;;;;1;0;1;1;;;;;;0;0;0;0;;;;;;131;36;167;0;;;;;;1872;3152;5024;3459;;;;;;3;15;18;16;;;;;
BLOCS;2014;640780946;640000469;1;9;2;1;;1;;1;;1;;13;2;;1;;;19;;;7232;5291;12523;10334;;;;;;765;231;996;477;;;;;;1;0;1;0;;;;;;1;0;1;0;;;;;;2561;4286;6847;4793;;;;;;55;68;123;6;;;;;
BLOCS;2014;640780987;640000493;1;3;0;1;1;0;0;1;0;0;0;5;1;0;1;0;0;6;0;0;1404;1584;2988;2324;;;;;;0;0;0;0;;;;;;0;0;0;0;;;;;;0;0;0;0;;;;;;202;946;1148;784;;;;;;0;4;4;2;;;;;
BLOCS;2014;640781225;640000568;1;1;;;;2;2;2;;;;5;2;;1;;;3;;;132;2;134;5;;;;;;0;0;0;0;;;;;;682;4;686;464;;;;;;75;2;77;0;;;;;;61;25;86;7;;;;;;0;0;0;0;;;;;
BLOCS;2014;640787156;640001699;1;0;;0;;0;;1;;0;;1;;1;1;0;1;2;0;2;7;484;491;230;;;;;;0;0;0;0;;;;;;0;0;0;0;;;;;;0;0;0;0;;;;;;44;212;256;131;;;;;;0;0;0;0;;;;;
BLOCS;2014;650000045;650780158;1;4;;1;;4;;2;;1;;12;;;1;;;4;;;911;756;1667;1362;813;1;4;0;1;141;107;248;83;;6;10;1;1;109;0;109;1;;0;0;0;0;24;0;24;0;;0;0;0;0;372;607;979;567;452;0;0;0;0;1;4;5;0;;;;;
BLOCS;2014;650000417;650783160;4;9;2;1;;4;;2;;;;16;2;;1;;;12;;;5566;4183;9749;4792;4227;28;16;14;17;592;320;912;421;20;8;11;4;4;381;106;487;2;12;3;0;1;2;42;19;61;0;0;0;0;0;0;1600;1537;3137;757;1260;0;0;0;0;4;1;5;1;254;0;0;0;0
BLOCS;2014;650002579;650000243;1;8;;;;;;1;;;;9;;;1;;;12;;;4976;6487;11463;8020;539;9;;1;2;0;0;0;0;;;;;;0;0;0;0;;;;;;317;18;335;0;;1;;;;1753;1684;3437;2531;1;2;;4;6;0;3;3;0;;;;;
BLOCS;2014;650780679;650000243;2;4;4;;;1;1;1;1;;;6;6;;1;1;;8;8;;1659;888;2547;1714;6;11;7;3;4;1247;140;1387;222;;2;3;2;1;831;19;850;643;;4;2;;;79;8;87;0;;;1;;;848;1974;2822;1606;;;17;;;28;31;59;11;;;;;
BLOCS;2014;650784218;650780174;1;3;3;0;;1;;2;;1;;7;3;;1;;;5;;;1517;1701;3218;2247;168;2;0;5;17;5;38;43;17;;;;;;0;0;0;0;;;;;;1;0;1;0;;;;;;349;428;777;427;153;;;;;0;4;4;1;4;;;;
BLOCS;2014;660000084;660780180;2;13;1;1;1;2;1;1;;0;;17;3;;1;1;;17;3;;6804;2821;9625;7166;;;;;;1504;1520;3024;935;;;;;;1153;10;1163;179;;;;;;368;30;398;0;;;;;;3807;1492;5299;2209;;;;;;109;50;159;16;;;;;
BLOCS;2014;660006305;660006297;1;12;;;;;;2;;0;;14;;;2;;;21;;;5629;11295;16924;13151;;;;;;0;0;0;0;;;;;;0;0;0;0;;;;;;0;0;0;0;;;;;;1123;3969;5092;2792;;;;;;47;337;384;6;;;;;
BLOCS;2014;660780628;660000282;1;3;0;0;0;0;0;1;0;0;0;4;0;0;1;0;0;5;0;0;787;2196;2983;1704;906;1;0;3;0;0;0;0;0;;;;;;0;0;0;0;;;;;;0;0;0;0;;;;;;166;1019;1185;574;;;;;;0;0;0;0;;;;;
BLOCS;2014;660780669;660000324;;5;;1;1;;;1;;1;;8;1;;2;;;10;;;1439;2203;3642;2293;;;;;;349;369;718;546;;;;;;0;0;0;0;;;;;;0;0;0;0;;;;;;22;1800;1822;889;;;;;;1;8;9;0;;;;;
BLOCS;2014;660780776;660000399;1;3;3;;;0;;1;1;0;0;4;4;;1;1;;5;5;;1610;703;2313;2214;;;;;;0;0;0;0;;;;;;1;0;1;1;;;;;;0;0;0;0;;;;;;672;1219;1891;964;;;;;;1;0;1;0;;;;;
BLOCS;2014;660780784;660000407;3;8;;1;;3;;2;;1;;15;;2;3;;;16;;;7255;3477;10732;8591;;;;;;741;197;938;447;;;;;;2395;77;2472;2131;;;;;;658;43;701;0;;;;;;906;5714;6620;3734;;;;;;9;93;102;11;;;;;
BLOCS;2014;660790387;660790379;3;15;;;;1;;3;;1;;20;;;3;;;26;;;6728;9987;16715;12024;;;;;;0;0;0;0;;;;;;24;0;24;3;;;;;;22;0;22;0;;;;;;4579;4699;9278;5103;;;;;;6;9;15;6;;;;;
BLOCS;2014;670000025;670780055;;21;1;0;;7;0;9;0;0;;37;1;;3;1;;43;8;12;14506;3755;18261;13214;6028;22;267;5;18;0;0;0;0;0;0;0;0;0;2232;248;2480;305;5;7;19;2;2;934;190;1124;695;87;4;15;1;0;7568;917;8485;4037;2213;10;29;29;7;164;60;224;65;1259;0;0;0;0
BLOCS;2014;670000033;670780063;3;3;;0;;1;;1;;1;;6;;1;1;;;5;;;1104;484;1588;907;115;;;;;0;0;0;0;;;;;;2;0;2;2;;;;;;7;0;7;0;0;;;;;69;8;77;16;56;;;;;1;0;1;0;0;;;;
BLOCS;2014;670000082;670780147;1;5;1;1;1;1;;1;;1;;9;2;;2;;;11;;;2949;3836;6785;5460;22;;123;;1;997;330;1327;468;;;2;;;0;0;0;0;;;;;;1;0;1;0;;;;;;1818;4759;6577;3860;21;;25;;;92;92;184;35;;;2;;
BLOCS;2014;670000157;670780337;3;8;;1;;1;;1;;0;;11;;;1;;;14;;;5455;3291;8746;6739;;8;80;4;10;1300;432;1732;520;;22;32;5;3;1208;46;1254;2;;2;14;0;0;332;177;509;0;;0;5;1;0;2164;1826;3990;1755;;0;8;0;1;13;68;81;0;;0;0;0;0
BLOCS;2014;670000165;670780345;4;4;1;0;;0;;1;;0;;5;1;0;1;;;10;;;2790;2301;5091;3803;;;;;;637;239;876;304;;;;;;5;0;5;0;;;;;;1;0;1;0;;;;;;1286;751;2037;585;;;;;;6;8;14;2;;;;;
BLOCS;2014;670000272;670780543;1;2;1;1;1;0;;1;1;0;;4;3;;1;1;;5;1;;1138;1234;2372;1870;;8;2;2;5;249;77;326;103;;2;2;0;0;5;0;5;1;;0;0;0;0;1;0;1;0;;0;0;0;0;577;387;964;380;;0;0;0;0;1;16;17;0;;0;0;0;0
BLOCS;2014;670000397;670780691;3;4;1;1;1;0;0;2;1;0;0;7;3;;1;1;;12;1;;2458;1187;3645;3129;;5;21;2;8;855;285;1140;256;;2;5;0;2;0;0;0;0;;;;;;0;0;0;0;;;;;;892;1173;2065;1240;;;;;;2;13;15;2;;;;;
BLOCS;2014;670009109;670780055;;6;1;;;;;;;;;6;1;;1;1;;8;;;2961;3863;6824;5695;4003;8;21;5;11;0;0;0;0;0;0;0;0;0;0;0;0;0;0;0;0;0;0;0;0;0;0;0;0;0;0;0;;0;0;0;;0;0;0;0;0;0;0;0;0;0;0;0;0
BLOCS;2014;670013325;670013317;1;0;;;;;;2;;;;2;;;1;;;4;;;0;2;2;2;;;;;;0;0;0;0;;;;;;0;0;0;0;;;;;;0;0;0;0;;;;;;0;5219;5219;2953;;;;;;0;0;0;0;;;;;
BLOCS;2014;670013341;670013333;1;0;0;0;0;0;0;1;0;0;0;1;0;0;1;0;;4;0;;0;0;0;0;;;;;;0;0;0;0;;;;;;0;0;0;0;;;;;;0;0;0;0;;;;;;0;2369;2369;1524;;;;;;0;0;0;0;;;;;
BLOCS;2014;670014430;670001734;1;;;;;2;;;;;;2;;;;;;;;;0;0;0;0;;;;;;0;0;0;0;;;;;;1247;12;1259;1090;;;1;;3;0;0;0;0;2;12;;4;;0;0;0;0;;;;;;0;0;0;0;;;;;
BLOCS;2014;670016237;670016211;1;8;1;;;1;;2;;1;;12;1;;1;;;8;;;5996;10384;16380;12283;;3;237;1;1;0;0;0;0;;;;;;36;1;37;0;;;;;;9;0;9;0;;;;;;1817;7684;9501;4751;;;;;;14;54;68;39;;;;;
BLOCS;2014;670780113;670780055;1;4;;1;1;;;0;;0;;5;1;;1;1;;10;;;1198;1370;2568;1951;78;2;30;1;2;837;1212;2049;795;431;7;9;0;3;0;0;0;0;0;0;0;0;0;0;0;0;0;0;0;0;0;0;93;364;457;366;612;0;20;0;0;0;8;8;0;8;0;0;0;0
BLOCS;2014;670780121;670013754;;;;;;;;;;1;0;1;0;;;;;;;;;;;;;;;;;;;;;;;;;;;;;;;;;;;;;;;;;;;;;;;;;;;;;;;;;;;;;
BLOCS;2014;670780162;670000108;1;10;1;;;;;1;;;;11;1;;6;;;4;;;5944;13765;19709;17034;;49;159;43;32;0;0;0;0;;;;;;0;0;0;0;;;;;;0;0;0;0;;;;;;736;3725;4461;2395;;;20;;1;1;6;7;6;;;;;
BLOCS;2014;670780170;670000116;1;7;0;0;0;2;0;1;0;1;0;11;0;0;2;0;0;19;0;0;8500;3510;12010;10148;51;3;34;;;0;1;1;1;;;;;;1247;12;1259;1090;;1;1;;2;1417;60;1477;0;;1;;1;;520;5013;5533;2961;;;5;;;51;13;64;9;;;;;
BLOCS;2014;670780188;670014604;2;4;;;;0;;1;;1;;6;;;1;;;12;;;2986;2822;5808;3627;;;;;;0;0;0;0;;;;;;0;0;0;0;;;;;;1;0;1;0;;;;;;2224;2707;4931;2741;;;;;;46;7;53;2;;;;;
BLOCS;2014;670780212;670014604;2;4;;1;;1;;1;;1;;8;;;1;;;18;;;3881;2624;6505;5354;;;;;;923;93;1016;550;;;;;;4;0;4;4;;;;;;46;306;352;0;;;;;;1570;2988;4558;2769;;;;;;4;36;40;0;;;;;
BLOCS;2014;670780378;670000785;1;6;0;0;0;1;0;2;0;1;0;10;0;;2;0;1;20;0;0;2702;5831;8533;7516;353;1;4;3;3;0;0;0;0;;;;;;0;0;0;0;;;;;;0;46;46;0;;;;;;1322;5411;6733;3958;42;;;;;2;8;10;6;;;;;
BLOCS;2014;670780386;670000199;1;3;;0;;1;;0;;0;;4;;1;1;;;9;;;2420;6409;8829;6209;212;1;16;;;0;0;0;0;;;;;;4;0;4;0;;;;;;343;1;344;0;;;;;;943;1196;2139;1492;2;3;3;1;;2;9;11;7;1;;;;
BLOCS;2014;670783273;670780055;;24;1;2;1;1;1;3;;0;;30;3;;4;1;;41;16;;16369;3206;19575;15688;9962;51;188;10;26;895;889;1784;843;129;14;16;3;1;49;0;49;41;0;0;3;0;0;205;3;208;112;9;4;0;0;1;3755;1158;4913;1706;4254;3;8;0;1;54;49;103;0;27;0;1;0;0
BLOCS;2014;670798636;670014604;1;2;;;;;;1;;0;;3;;;1;;;4;;;124;443;567;526;;;;;;0;0;0;0;;;;;;0;0;0;0;;;;;;0;0;0;0;;;;;;308;1421;1729;952;;;;;;1;0;1;1;;;;;
BLOCS;2014;680000320;680000643;3;8;;1;;2;;1;;0;;12;;;2;;;16;;;3812;9865;13677;9406;;;;;;1075;83;1158;509;;;;;;1401;3;1404;1213;;;;;;51;1;52;0;;;;;;452;425;877;576;;;;;;16;70;86;1;;;;;
BLOCS;2014;680000494;680000643;3;10;;0;;1;;3;;0;;14;;;2;;;28;;;8798;8050;16848;15682;;;;;;0;0;0;0;;;;;;1;0;1;1;;;;;;558;6;564;0;;;;;;3702;7807;11509;7420;;;;;;36;49;85;7;;;;;
BLOCS;2014;680000544;680000395;1;2;1;1;1;0;;1;;0;;4;2;;1;;;6;;;1664;473;2137;1892;;4;2;0;4;318;109;427;161;;;;;;0;0;0;0;;;;;;0;0;0;0;;;;;;531;513;1044;559;;;;;;1;12;13;0;;;;;
BLOCS;2014;680000601;680000437;1;3;1;0;;0;;0;;0;;3;1;;1;1;;5;5;;863;1382;2245;1306;;;;;;309;133;442;138;;;;;;0;0;0;0;;;;;;0;0;0;0;;;;;;401;524;925;548;;;;;;1;3;4;1;;;;;
BLOCS;2014;680000627;680000486;2;3;1;1;1;;;;;;;4;2;;1;;;5;;;1208;440;1648;1284;;;;;;2208;1153;3361;956;;;;;;0;0;0;0;;;;;;0;0;0;0;;;;;;0;0;0;0;;;;;;0;0;0;0;;;;;
BLOCS;2014;680000684;680000973;2;18;2;;;6;;11;;6;;41;2;;3;1;;33;7;;13545;6916;20461;11449;14044;39;20;12;17;;;;0;0;0;0;0;0;523;8;531;10;0;4;9;1;4;317;7;324;0;57;2;0;4;2;5014;1554;6568;3199;3005;4;37;1;6;56;49;105;30;4;0;0;0;0
BLOCS;2014;680000700;680001005;1;;;;;;;;;;;;;2;1;;;5;;;7;714;721;626;;;;;;0;19;19;0;;;;;;0;0;0;0;;;;;;0;0;0;0;;;;;;47;8;55;9;;;;;;0;0;0;0;;;;;
BLOCS;2014;680001195;680016011;3;8;;1;;2;;2;;0;;13;;;1;;;14;;;3265;5850;9115;7277;7;5;6;;3;504;31;535;177;;;;;;1044;3;1047;58;;;;;;291;1;292;0;;;;;;572;5038;5610;3371;2457;;;;;;;;;;;;;
BLOCS;2014;680001245;680000973;1;4;1;1;1;;;;;;;5;2;;2;;;10;;;1631;1266;2897;2395;2261;4;0;0;1;1467;584;2051;674;0;5;9;0;2;0;0;0;0;;;;;;2;0;2;0;;;;;;168;352;520;317;;;;;;10;18;28;0;;;;;
BLOCS;2014;680004546;680000486;5;15;3;;;3;;1;;2;;21;3;;2;;;22;;;11466;5088;16554;11986;;;;;;0;0;0;0;;;;;;1210;7;1217;30;;;;;;414;5;419;0;;;;;;5041;2548;7589;4024;;;;;;34;66;100;13;;;;;
BLOCS;2014;680020088;680020062;1;4;;0;;0;;2;;0;;6;;0;1;;;8;;;2325;2316;4641;4027;;;;1;1;87;11;98;54;;;;2;;139;0;139;0;;;;;;6;0;6;0;;;;;;1042;1959;3001;2096;;;;;;7;35;42;4;;;;;
BLOCS;2014;690000013;690780036;1;1;;1;1;;;1;;;;3;1;;1;;;4;;;72;61;133;72;131;0;0;0;0;646;157;803;259;2;;;2;2;12;0;12;6;;;;;;0;0;0;0;;;;;;377;573;950;447;282;0;0;0;0;0;3;3;2;;;;;
BLOCS;2014;690000021;690780044;1;1;1;1;1;0;;0;;0;;2;2;;1;1;;4;4;;155;117;272;200;;;;;;809;326;1135;517;;;;;;0;0;0;0;;;;;;0;0;0;0;;;;;;44;129;173;122;;;;;;0;23;23;0;;;;;
BLOCS;2014;690000088;690780101;;;;;;;;;;1;;1;;;;;;;;;;;;;;;;;;;;;;;;;;;;;;;;;;;;;;;;;;;;;;;;;;;;;;;;;;;;;;
BLOCS;2014;690000427;750721334;1;3;;;;;;;;;;3;;;1;;;6;;;1402;17;1419;1349;;;;;;0;0;0;0;;;;;;0;0;0;0;;;;;;0;0;0;0;;;;;;0;0;0;0;;;;;;0;0;0;0;;;;;
BLOCS;2014;690000575;690782222;3;8;;1;;2;;2;;0;;13;;;1;;;12;;;5778;3804;9582;7584;;;;;;1136;365;1501;624;;;;;;637;8;645;2;;;;;;198;10;208;0;;;;;;2491;2255;4746;2616;;;;;;26;93;119;9;;;;;
BLOCS;2014;690000625;690782271;1;0;;0;;;;0;;;;0;;2;0;;1;0;;3;183;71;254;53;;;;;;0;80;80;44;;;;;;0;0;0;0;;;;;;0;0;0;0;;;;;;210;379;589;330;;;;;;0;0;0;0;;;;;
BLOCS;2014;690000880;690783220;3;10;0;0;0;2;0;1;0;2;0;15;0;0;2;;;11;;;5678;2054;7732;4851;;;;;;0;0;0;0;;;;;;12;11;23;0;;;;;;157;1;158;0;;;;;;1010;806;1816;883;;;;;;255;54;309;4;;;;;
BLOCS;2014;690007539;690781810;2;14;3;1;1;0;;0;;0;;15;4;;3;2;;22;10;;7823;4607;12430;10840;51;40;9;9;12;2338;1568;3906;1685;689;3;4;2;1;3;0;3;0;;;;;;15;16;31;0;;;;;;1567;1075;2642;1266;1661;;;;;49;119;168;3;254;;;;
BLOCS;2014;690022959;690000732;1;6;;2;2;0;;0;;0;;8;2;;1;;;14;;;2349;3866;6215;5447;;0;0;8;0;1328;829;2157;1888;;6;11;2;4;0;0;0;0;;;;;;4;10;14;0;;;;;;70;652;722;645;;;;;;6;61;67;2;;;;;
BLOCS;2014;690023239;690000146;3;11;0;0;0;0;0;1;;0;0;12;0;2;2;0;1;20;;5;11769;12283;24052;19452;;;;;;0;0;0;0;;;;;;0;0;0;0;;;;;;18;18;36;0;;;;;;94;954;1048;637;;;;;;26;2;28;3;;;;;
BLOCS;2014;690023411;690000252;1;15;1;0;;1;;4;;1;;21;1;;2;;;34;;;14246;8932;23178;20091;;;;;;2;11;13;12;;;;;;1;5;6;0;;;;;;356;117;473;0;;;;;;4149;10330;14479;9256;;;;;;13;103;116;19;;;;;
BLOCS;2014;690029186;690027099;1;0;0;0;0;0;0;2;0;0;0;2;0;;1;0;;4;;;0;0;0;0;;;;;;0;0;0;0;;;;;;0;0;0;0;;;;;;0;0;0;0;;;;;;0;3143;3143;2060;;;;;;0;0;0;0;;;;;
BLOCS;2014;690780093;750821092;1;4;;;;0;;1;;0;;5;;;1;;;11;;;3366;2258;5624;3861;;;;2;0;;;;;;;;;;25;1;26;15;;;;;;13;;13;;;;;;;850;303;1153;395;;;;;;20;12;32;2;;;;;
BLOCS;2014;690780200;690000112;1;5;;;;;;1;;;;6;;;1;;;6;;;762;761;1523;1448;;;;;;0;0;0;0;;;;;;0;0;0;0;;;;;;0;0;0;0;;;;;;2;0;2;0;;;;;;0;0;0;0;;;;;
BLOCS;2014;690780226;690039870;1;2;0;0;0;0;0;0;0;1;0;3;0;;1;0;;3;;;555;2979;3534;2542;;;;;;0;0;0;0;;;;;;0;0;0;0;;;;;;0;0;0;0;;;;;;0;0;0;0;;;;;;0;16;16;0;;;;;
BLOCS;2014;690780259;690030457;1;5;;;;;;;;0;;5;;;1;;;7;;;2964;7078;10042;8096;;;;;;0;0;0;0;;;;;;0;0;0;0;;;;;;0;0;0;0;;;;;;0;0;0;0;;;;;;0;3;3;0;;;;;
BLOCS;2014;690780358;690000195;1;10;0;1;1;1;0;2;0;0;;14;1;;1;0;;19;;;6378;8968;15346;12681;405;2;11;;1;1658;189;1847;755;;10;7;;10;0;0;0;0;;;;;;4;52;56;0;;;;;;1354;5737;7091;4321;1380;;1;;;47;23;70;55;;;;;
BLOCS;2014;690780366;690000203;1;10;;0;;0;;2;;0;;12;;;1;;;14;;;5183;8603;13786;9552;;;;;;4;4;8;6;;;;;;0;0;0;0;;;;;;63;3;66;0;;;;;;1356;2113;3469;2402;;;;;;2;16;18;10;;;;;
BLOCS;2014;690780382;690006598;1;4;;;;0;;0;;0;;4;;;1;;;6;;;3476;2916;6392;4899;;;;;;0;0;0;0;;;;;;0;0;0;0;;;;;;293;43;336;0;;;;;;532;2384;2916;2000;;;;;;4;27;31;0;;;;;
BLOCS;2014;690780390;690000229;;6;1;;;1;1;3;1;;;10;3;;1;;;12;;;4031;3797;7828;6894;;;;;;331;47;378;200;;;;;;611;0;611;387;;;;;;122;0;122;0;;;;;;1345;2894;4239;2194;;;;;;2;12;14;1;;;;;
BLOCS;2014;690780416;690031190;3;6;1;1;1;1;0;3;0;1;0;12;2;0;1;0;0;15;0;0;3434;2700;6134;4902;;;;;;1141;217;1358;497;;;;;;29;2;31;1;;;;;;311;12;323;0;;;;;;1540;2703;4243;2861;;;;;;10;46;56;0;;;;;
BLOCS;2014;690780648;690036900;2;10;;;;2;;2;;;;14;;2;1;;1;18;;6;9441;8894;18335;16386;368;54;193;26;43;0;3;3;3;;;;;;12308;35;12343;953;;3;2;;2;564;10;574;0;;;1;;;2364;5022;7386;3835;20;;16;1;;3;18;21;7;1;;1;;
BLOCS;2014;690780655;690000377;;4;;0;;0;;3;;0;;7;;;1;;;12;;;2099;1343;3442;3111;;;;;;0;0;0;0;;;;;;0;0;0;0;;;;;;2;27;29;0;;;;;;969;3374;4343;2283;;;;;;0;4;4;3;;;;;
BLOCS;2014;690780663;690000385;1;10;;1;;1;;1;;1;;14;;;1;;;12;;;5087;5348;10435;8260;;;;;;4;7;11;11;;;;;;1;0;1;1;;;;;;147;17;164;164;;;;;;1635;2479;4114;3402;;;;;;6;13;19;5;;;;;
BLOCS;2014;690781836;690006598;1;4;0;0;;0;;1;0;0;;5;0;0;2;0;0;6;0;0;1558;3093;4651;3452;;1;0;0;0;0;5;5;5;;;;;;1;0;1;0;;;;;;1;0;1;0;;;;;;547;2378;2925;1531;;;;;;2;9;11;8;;;;;
BLOCS;2014;690782834;690000724;4;13;;0;;3;;2;;0;;18;;;2;;;15;;;8070;12482;20552;18660;;47;118;47;95;172;39;211;202;;1;1;;;1915;55;1970;1643;;2;1;;1;796;235;1031;0;;1;10;;;1630;4805;6435;3901;;;57;4;3;14;154;168;27;;;2;;
BLOCS;2014;690783154;690781810;10;21;4;2;0;3;0;5;;6;0;37;4;4;9;1;;48;5;;26904;6245;33149;22827;94;71;39;23;44;4;1680;1684;9;2;;;;;6;2;8;1;4;;;;;954;196;1150;0;103;;;;;7674;1595;9269;4924;6024;;;;;253;52;305;171;2059;;;;
BLOCS;2014;690784137;690781810;7;20;2;2;1;4;3;4;0;0;0;30;6;4;8;1;;51;8;9;17457;7193;24650;16813;130;54;15;15;27;1412;523;1935;842;153;;;;;5;3;8;1;0;;;;;118;9;127;0;6;;;;;5739;2687;8426;3816;12018;;;;;114;118;232;10;677;;;;
BLOCS;2014;690784152;690781810;3;18;;2;2;2;1;4;0;2;0;28;3;0;5;0;0;38;0;0;9985;5779;15764;10049;123;9;3;2;1;2449;1226;3675;1493;282;;;;;1599;22;1621;219;6;;;;;284;5;289;0;3;;;;;6007;2604;8611;3493;7750;;;;;156;124;280;29;1194;;;;
BLOCS;2014;690784178;690781810;2;10;1;0;0;2;1;0;0;1;;13;2;0;1;1;;14;1;;2551;29;2580;1842;;8;1;2;3;0;0;0;0;;;;;;1;0;1;0;;;;;;10;0;10;0;;;;;;426;13;439;12;431;;;;;8;0;8;0;40;;;;
BLOCS;2014;690784186;690781810;1;6;0;0;0;2;0;1;0;0;0;9;0;;1;0;;8;0;;4491;70;4561;3807;6;10;6;;4;0;0;0;0;;;;;;2139;29;2168;515;5;;;;;761;5;766;0;7;;;;;1919;226;2145;103;201;;;;;14;3;17;0;;;;;
BLOCS;2014;690784194;690781810;;0;;;;0;;0;;0;;0;;;;;;;;;13;0;13;0;;;;;;0;0;0;0;;;;;;0;0;0;0;;;;;;2;0;2;0;;;;;;138;0;138;21;;;;;;1;0;1;0;;;;;
BLOCS;2014;690793468;690002068;3;9;9;0;;4;3;4;0;0;;17;12;;2;2;;20;20;;6478;2929;9407;8128;;;;;;3;5;8;8;;;;;;1517;14;1531;1102;;;;;;483;377;860;0;;;;;;2969;5497;8466;5618;;;;;;21;167;188;188;;;;;
BLOCS;2014;690805361;690805353;1;9;;1;0;2;;3;;1;;16;0;;1;;;10;;;10766;3296;14062;12014;483;4;52;2;9;910;63;973;336;30;3;0;0;0;1505;130;1635;45;0;0;0;0;0;199;58;257;0;0;0;1;0;0;2395;2153;4548;2393;2400;0;11;0;0;8;60;68;3;2;0;0;0;0
BLOCS;2014;690807367;690003447;1;8;8;1;1;1;1;1;1;1;1;12;12;2;1;1;;14;14;;3873;6285;10158;8145;320;57;6;14;23;608;54;662;289;;2;2;;1;2;1;3;2;;;;;;197;23;220;0;;;;;;1649;3240;4889;3620;;;;;;6;90;96;2;198;;;;
BLOCS;2014;690807599;690006598;1;0;;2;1;0;;0;;0;;2;1;;1;1;;3;;;7;4;11;8;0;;;;;708;158;866;306;0;17;31;4;11;0;0;0;0;0;;;;;0;0;0;0;0;;;;;0;1;1;0;0;;;;;0;1;1;0;0;;;;
BLOCS;2014;700000011;700780026;1;;;;;;;2;;;;2;;;;;;;;;106;18;124;0;;;;;;;;;;;;;;;;;;;;;;;;;;;;;;;;;286;145;431;;;;;;;;;;;;;;;
BLOCS;2014;700000029;700004591;1;8;1;1;;1;;1;;1;;12;1;0;1;0;0;14;;;3924;3732;7656;4842;;;;;;763;186;949;373;;;;;;98;0;98;0;;;;;;9;3;12;0;;;;;;2670;825;3495;1452;;;;;;8;47;55;2;;;;;
BLOCS;2014;700780042;250006335;;;;;;;;;;2;0;2;0;;;;;;;;;;;;;;;;;;;;;;;;;;;;;;;;;;;;;;;;;;;;;;;;;;;;;;;;;;;;;
BLOCS;2014;700780174;700000052;1;5;;;;2;;2;;;;9;;;1;;;10;;;2543;3203;5746;4310;;;;;;0;0;0;0;;;;;;0;0;0;0;;;;;;0;0;0;0;;;;;;487;3564;4051;2594;;;;;;2;16;18;7;;;;;
BLOCS;2014;710006859;710000118;1;9;;0;;0;;2;;0;;11;;;1;;;17;;;5128;5564;10692;7935;;;;;;4;27;31;31;;;;;;0;0;0;0;;;;;;14;0;14;0;;;;;;1798;2973;4771;3924;;;;;;8;90;98;12;;;;;
BLOCS;2014;710010067;710780644;1;3;1;1;1;0;0;1;0;0;0;5;2;;1;1;;7;;;2703;1517;4220;3353;;;;;;292;194;486;201;;;;;;13;0;13;1;;;;;;26;0;26;0;;;;;;1789;1864;3653;1690;;;;;;1;5;6;0;;;;;
BLOCS;2014;710010786;710781451;0;0;0;1;1;;;0;;;;1;1;;1;;;0;;;79;14;93;38;;;;;;187;88;275;128;;;;;;7;0;7;2;;;;;;5;0;5;0;;;;;;244;87;331;140;;;;;;0;0;0;0;;;;;
BLOCS;2014;710780917;710000274;1;9;;0;;0;;2;;3;;14;;;1;;;24;;;6333;10285;16618;11938;;;;;;0;;0;;;;;;;;;;;;;;;;128;0;128;0;;;;;;3377;3101;6478;4475;;;;;;22;82;104;4;;;;;
BLOCS;2014;710781410;710000373;1;4;1;0;;0;;1;;0;;5;1;;1;;;7;;;2191;2098;4289;3759;;;;;;0;0;0;0;;;;;;5;5;10;0;;;;;;13;6;19;0;;;;;;215;883;1098;875;;;;;;0;2;2;0;;;;;
BLOCS;2014;710781824;710000464;1;7;;;;;;;;;;7;;;1;;;16;;;5448;2831;8279;7882;;0;0;0;2;0;0;0;0;;;;;;0;0;0;0;;;;;;0;0;0;0;;;;;;0;0;0;0;;;;;;0;0;0;0;;;;;
BLOCS;2014;710978263;710780958;1;7;1;1;1;0;;0;;0;;8;2;;1;;;15;;;5647;1959;7606;5211;704;12;76;2;16;1340;513;1853;784;12;13;31;4;10;287;0;287;57;0;0;0;0;0;124;78;202;0;0;0;2;0;0;1825;815;2640;995;680;1;3;0;1;31;48;79;0;0;0;0;0;0
BLOCS;2014;710978289;710780263;3;7;;2;2;2;;3;;3;;17;2;;1;;;11;;;5764;2614;8378;7017;6412;90;38;40;72;1202;483;1685;360;;5;60;5;8;717;8;725;0;0;;2;;3;409;11;420;0;2;;2;;;2385;1262;3647;1440;;1;1;;;13;39;52;0;80;;;;
BLOCS;2014;710978313;710976705;1;5;5;1;;1;;1;1;2;;10;6;1;2;1;;10;10;;1769;1799;3568;2480;;;;;;3;97;100;37;;;;;;31;0;31;0;;;;;;16;0;16;0;;;;;;841;2046;2887;1377;;;;;;3;6;9;0;;;;;
BLOCS;2014;710978347;710781204;1;3;3;1;1;1;1;1;1;1;1;7;7;1;1;1;;9;9;;3195;1177;4372;3478;;2;1;3;6;610;131;741;307;;;2;;1;14;1;15;0;;;;;1;9;0;9;0;;;;;;1685;983;2668;1914;;;;;;13;10;23;0;;;;;1
BLOCS;2014;720000033;720000025;3;17;3;1;1;3;;0;;1;;22;4;5;3;2;1;23;;9;13779;7920;21699;14887;9181;84;189;16;29;2421;1270;3691;1051;208;36;75;6;12;1081;14;1095;1;1;4;1;1;3;383;11;394;0;0;0;1;0;0;5059;2399;7458;3920;5643;17;22;0;5;12;75;87;1;979;0;0;0;0
BLOCS;2014;720000199;720000595;1;9;;;;;;2;;;;11;;5;1;;;26;;;14013;10680;24693;21349;;;;;;0;0;0;0;;;;;;0;1;1;0;;;;;;626;67;693;0;;;;;;2099;3464;5563;3954;;;;;;62;59;121;5;;;;;
BLOCS;2014;720000231;720000637;2;4;;1;;;;1;;1;;7;;;1;;;6;;;1101;990;2091;1874;;;;;;1112;226;1338;758;;;;;;0;0;0;0;;;;;;0;0;0;0;;;;;;36;142;178;154;;;;;;1;15;16;0;;;;;
BLOCS;2014;720000389;720012749;1;0;;;;;;1;;;;1;;;0;;;0;;;0;0;0;0;;;;;;0;0;0;0;;;;;;0;0;0;0;;;;;;0;0;0;0;;;;;;22;80;102;0;;;;;;0;0;0;0;;;;;
BLOCS;2014;720001437;720006022;1;3;1;0;0;0;0;2;1;0;0;5;2;;1;1;;6;2;;1031;1550;2581;1681;;2;;3;4;1;0;1;1;;;;;;0;0;0;0;;;;;;0;0;0;0;;;;;;620;508;1128;667;;;;1;;0;2;2;0;;;;;
BLOCS;2014;720016179;720016724;2;4;;1;;0;;3;;0;;8;;;1;;;9;;;1802;1252;3054;2256;;4;;3;4;365;129;494;244;;3;2;;2;0;0;0;0;;;;;;0;0;0;0;;;;;;760;1312;2072;1226;533;;;;;2;3;5;1;;;;;
BLOCS;2014;720017748;720000561;1;13;;;;1;;1;;1;;16;;;2;;;23;;;10604;9477;20081;14727;;;;;;0;0;0;0;;;;;;1090;1;1091;717;;;;;;250;0;250;0;;;;;;2721;5415;8136;6183;;;;;;41;105;146;32;;;;;
BLOCS;2014;730000031;730000015;3;11;1;1;1;1;1;3;;1;;17;3;;2;1;2;20;4;14;10015;6645;16660;12209;417;19;288;9;14;2355;695;3050;1095;171;35;78;8;6;1073;5;1078;72;0;2;16;3;9;290;16;306;0;;0;8;0;0;4553;1139;5692;2878;5272;;;;;95;277;372;16;1023;;;;
BLOCS;2014;730000049;730002839;2;4;0;;;;;1;0;;;5;0;;1;;;5;;;990;139;1129;870;140;;;;;0;0;0;0;;;;;;0;0;0;0;;;;;;0;0;0;0;;;;;;66;16;82;11;84;;;;;0;0;0;0;;;;;
BLOCS;2014;730000080;730780103;1;3;0;0;0;0;0;0;0;0;0;3;0;;1;;;5;;;1644;1222;2866;2033;;3;0;2;5;195;121;316;102;;0;0;1;1;1;0;1;1;;;;;;2;37;39;0;;;;;;281;745;1026;541;;;;;;1;2;3;0;;;;;
BLOCS;2014;730000247;730780525;1;4;;0;;0;;0;;0;;4;;;1;;;6;;;1876;724;2600;2127;76;1;2;9;10;172;123;295;88;;0;1;1;0;0;0;0;0;;;;;;0;0;0;0;;;;;;61;0;61;0;;;;;;1;3;4;0;;;;;
BLOCS;2014;730000262;730002839;2;4;0;0;;0;;2;0;0;;6;0;;1;0;;6;0;;2564;1468;4032;2782;314;12;0;3;8;698;309;1007;396;48;8;23;1;1;1;0;1;0;0;0;0;0;0;0;0;0;0;0;0;0;0;0;725;515;1240;539;71;1;0;1;1;0;4;4;1;8;0;0;0;0
BLOCS;2014;730004298;730010048;1;14;;0;;1;;0;;0;;15;;;1;;;24;;;11550;14403;25953;21294;;115;1;10;4;4;0;4;4;;0;0;0;0;34;0;34;0;;0;0;0;0;295;35;330;0;;1;0;0;0;2495;7262;9757;7504;;24;0;1;0;15;49;64;21;;0;0;0;0
BLOCS;2014;730011061;730000015;1;0;;0;;0;;0;;0;;0;;4;0;;;0;;;0;811;811;566;184;;;;;0;21;21;21;;;;;;0;0;0;0;;;;;;0;0;0;0;;;;;;0;1410;1410;1067;1004;;;;;0;5;5;3;;;;;
BLOCS;2014;730780459;730000221;1;4;1;0;0;0;0;0;0;0;0;4;1;;1;;;9;;;3378;4481;7859;6404;;;;;;0;0;0;0;;;;;;0;0;0;0;;;;;;0;0;0;0;;;;;;0;0;0;0;;;;;;0;0;0;0;;;;;
BLOCS;2014;740000237;740781133;1;13;1;1;1;3;1;3;0;0;0;20;3;1;1;1;;19;;;9258;4730;13988;11192;1364;45;36;14;31;1411;770;2181;656;0;9;7;2;1;1116;56;1172;37;0;0;0;0;0;289;17;306;0;0;0;0;0;0;2560;1943;4503;2761;2768;1;0;3;11;23;176;199;2;404;0;0;0;0
BLOCS;2014;740000294;740781208;1;0;;;;;;1;;;;1;;;;;;;;;0;0;0;0;;;;;;0;0;0;0;;;;;;0;0;0;0;;;;;;0;0;0;0;;;;;;37;0;37;0;;;;;;0;0;0;0;;;;;
BLOCS;2014;740000302;740781133;1;5;1;1;1;0;;0;;1;;7;2;;1;;;9;;;1368;780;2148;1821;24;5;0;4;10;603;355;958;286;0;1;0;0;0;0;0;0;0;0;0;0;0;0;16;0;16;0;0;0;0;0;0;885;698;1583;750;1382;0;0;0;0;9;15;24;1;21;0;0;0;0
BLOCS;2014;740000328;740790381;1;5;1;1;1;1;0;1;0;1;0;9;2;1;1;1;0;12;12;0;4011;2781;6792;4862;;;;;;1175;539;1714;506;;;;;;80;1;81;0;;;;;;19;0;19;0;;;;;;1730;2732;4462;2648;;;;;;25;144;169;1;;;;;
BLOCS;2014;740014345;740000617;5;9;1;1;1;1;;3;;1;;15;2;2;1;;;21;2;;7374;15012;22386;17197;;;;;;402;294;696;569;;;;;;176;45;221;0;;;;;;232;48;280;0;;;;;;916;3464;4380;3133;;;;;;5;87;92;6;;;;;
BLOCS;2014;740780416;740000112;1;8;;0;;1;;1;;1;;11;;;1;;;20;;;6927;5476;12403;9874;;;;;;0;0;0;0;;;;;;285;37;322;0;;;;;;120;15;135;0;;;;;;1237;3250;4487;3076;;;;;;5;9;14;9;;;;;
BLOCS;2014;740780424;740000120;1;9;9;1;1;0;0;2;0;0;0;12;10;;1;;;16;;;7523;6081;13604;11505;;3;12;1;;890;146;1036;409;;14;51;;6;22;0;22;0;;;;;;256;16;272;0;;;;;;657;2429;3086;2216;;;;;;9;165;174;4;;;;;
BLOCS;2014;740780440;740015094;1;2;;;;;;;;;;2;;;1;;;8;;;420;716;1136;780;;;;;;3;4;7;6;;;;;;0;0;0;0;;;;;;0;0;0;0;;;;;;38;39;77;57;;;;;;1;16;17;0;;;;;
BLOCS;2014;740781141;740790258;2;4;;1;1;2;;3;;1;;11;1;;1;;;14;;;4617;3746;8363;6590;1107;24;12;10;16;1279;464;1743;575;;3;1;;1;125;0;125;0;;;;;;162;0;162;0;;;;;;2319;2182;4501;2242;1395;;3;1;;3;36;39;4;15;;;;
BLOCS;2014;740781224;740001839;2;4;1;1;1;0;;2;1;1;;8;3;;1;1;;9;2;;3509;1708;5217;3820;717;14;4;10;12;772;367;1139;407;29;8;25;1;5;0;0;0;0;0;;;;;8;9;17;15;0;0;0;0;0;1299;2576;3875;2383;1762;3;14;3;0;11;15;26;1;30;0;0;0;0
BLOCS;2014;750000481;750110025;2;8;1;;;;;1;;4;;13;1;;1;;;10;;;5178;13302;18480;16295;;;;;;0;0;0;0;;;;;;0;0;0;0;;;;;;0;0;0;0;;;;;;44;16;60;0;;;;;;72;39;111;0;;;;;
BLOCS;2014;750000499;750140014;1;3;3;0;0;1;1;;;1;0;5;4;;2;0;0;12;0;0;803;227;1030;755;;;;;;0;0;0;0;;;;;;0;0;0;0;;;;;;4;0;4;0;;;;;;8;0;8;3;;;;;;4;5;9;0;;;;;
BLOCS;2014;750000523;750150120;1;15;1;2;2;3;3;3;;1;;24;6;;3;1;;34;7;;11103;6613;17716;14373;;;;;;1740;129;1869;814;;;;;;881;4;885;321;;;;;;789;132;921;0;;;;;;4352;3566;7918;4978;;;;;;66;336;402;372;;;;;
BLOCS;2014;750000549;750150229;2;11;;;;2;;1;;1;;15;;4;2;;1;17;;6;4408;10072;14480;12770;;;;;;0;0;0;0;;;;;;1;0;1;1;;;;;;7;0;7;0;;;;;;259;196;455;265;;;;;;38;118;156;1;;;;;
BLOCS;2014;750100042;750712184;;15;2;2;1;2;0;2;;1;;22;3;;5;;;29;;;12274;4801;17075;13728;10185;96;45;25;26;1804;1131;2935;1240;93;18;33;4;7;839;19;858;29;0;;;;;269;4;273;0;18;3;2;0;1;3160;1209;4369;1877;8101;3;1;;;272;79;351;35;3978;;;;
BLOCS;2014;750100075;750712184;2;14;1;1;0;2;1;3;0;1;0;21;2;;1;1;;21;;;14056;3249;17305;11358;12844;21;262;3;3;5;613;618;429;2;0;0;0;0;3;0;3;0;3;0;0;0;0;1;0;1;0;3;0;0;0;0;3834;1261;5095;2776;927;7;37;2;6;73;14;87;2;1396;0;0;0;0
BLOCS;2014;750100091;750712184;3;7;2;0;;2;;3;;13;;25;2;3;4;;;21;;;10805;4234;15039;12446;97;66;85;15;25;4;0;4;4;;;;;;39;0;39;5;;;;;;138;0;138;0;;;;;;3963;2563;6526;2754;;;;;;65;0;65;0;;;;;
BLOCS;2014;750100109;750712184;2;7;1;2;1;;;1;;1;;11;2;0;2;;;22;;;16317;2080;18397;13641;201;41;11;9;16;2878;560;3438;1473;;19;22;1;5;0;0;0;0;;;;;;0;0;0;0;;;;;;704;1097;1801;286;0;;;;;11;65;76;3;;;;;
BLOCS;2014;750100125;750712184;5;42;4;1;1;16;3;5;1;1;;65;9;;9;5;;67;32;;29208;6187;35395;27467;;69;62;15;24;1619;1185;2804;1651;;;;;;2857;157;3014;715;;;;;;1078;1599;2677;0;;;;;;10051;3070;13121;4875;;;;;;139;91;230;43;;;;;
BLOCS;2014;750100166;750712184;1;16;2;2;1;2;;4;;3;;27;3;2;9;;1;63;2;4;17095;11578;28673;21405;12;36;15;8;12;4162;2304;6466;2721;;;;;;727;12;739;3;2;;;;;157;3;160;0;;;;;;8501;4609;13110;7133;;;;;;79;75;154;16;;;;;
BLOCS;2014;750100208;750712184;2;14;3;3;2;2;1;1;0;1;0;21;6;;3;3;;36;6;;13566;4106;17672;13518;;;;;;2441;117;2558;1372;;;;;;361;2;363;111;;;;;;109;39;148;0;;;;;;3496;776;4272;1234;;;;;;129;66;195;10;;;;;
BLOCS;2014;750100232;750712184;;20;;0;;0;;0;;0;;20;;;3;;;32;;;13583;2273;15856;13335;;;;;;1460;891;2351;1232;;;;;;1631;6;1637;348;;;;;;709;372;1081;0;;;;;;9325;2421;11746;2971;;;;;;32;104;136;16;;;;;
BLOCS;2014;750100273;750712184;2;13;1;1;1;2;;6;;1;;23;2;2;3;;;25;;;9977;2455;12432;10194;177;19;28;16;17;1584;762;2346;1096;;19;31;2;4;8;3;11;11;;;;;;329;148;477;0;;;;;;6783;2367;9150;5522;5367;;;;;27;101;128;1;;;;;
BLOCS;2014;750120016;750821092;1;8;8;;;1;;1;;1;;11;8;;1;;;7;;;2617;2208;4825;1809;;;;;;0;0;0;0;;;;;;316;1;317;0;;;;;;75;19;94;0;;;;;;2391;1164;3555;896;;;;;;15;1;16;0;;;;;
BLOCS;2014;750150013;750811887;;1;;2;1;0;;1;;0;;4;1;3;0;0;0;0;0;0;103;1263;1366;1101;;;;;;2011;1264;3275;1174;;;;;;0;0;0;0;;;;;;0;0;0;0;;;;;;10;106;116;102;;;;;;1;14;15;0;;;;;
BLOCS;2014;750150104;750720476;4;16;;1;;2;;2;;;;21;;;1;;;27;;;9036;6550;15586;12326;;;;;;1511;603;2114;851;;;;;;1773;4;1777;609;;;;;;751;13;764;0;;;;;;1917;3415;5332;3478;;;;;;68;56;124;56;;;;;
BLOCS;2014;750150237;750006728;1;7;;;;;;3;;1;;11;;;1;;;16;;;4705;2137;6842;6147;;;;;;0;0;0;0;;;;;;1;0;1;1;;;;;;11;0;11;0;;;;;;1520;4167;5687;3438;;;;;;6;74;80;73;;;;;
BLOCS;2014;750150260;750006728;1;5;;1;;;;;;;;6;;;1;;;8;;;3722;3207;6929;6202;;;;;;1705;172;1877;589;;;;;;0;0;0;0;;;;;;1;0;1;0;;;;;;765;602;1367;1233;;;;;;40;143;183;174;;;;;
BLOCS;2014;750160012;750813321;2;9;;;;;;1;;;;10;;0;3;;;20;;;7310;3496;10806;6002;1706;2;;;;0;0;0;0;;;;;;0;0;0;0;;;;;;;0;0;0;;;;;;333;663;996;551;317;;;;;0;0;0;0;0;;;;
BLOCS;2014;750300014;750000564;2;1;;;;;;5;;1;;7;;5;1;;;7;;;1417;1016;2433;1939;;;;;;0;0;0;0;;;;;;0;0;0;0;;;;;;0;0;0;0;;;;;;1197;13310;14507;7511;;;;;;19;204;223;161;;;;;
BLOCS;2014;750300071;750000598;1;12;0;0;0;8;0;4;0;0;0;24;0;12;4;0;4;25;0;25;8813;14298;23111;18172;;;;;;3;43;46;46;;;;;;5;0;5;0;;;;;;109;0;109;0;;;;;;564;10291;10855;5417;;;;;;15;681;696;4;;;;;
BLOCS;2014;750300089;750000606;1;8;;;;0;;;;;;8;;;1;;;12;;;4770;3560;8330;7353;;;;;;0;0;0;0;;;;;;0;0;0;0;;;;;;0;0;0;0;;;;;;0;0;0;0;;;;;;0;0;0;0;;;;;
BLOCS;2014;750300097;750813305;1;3;;;;;;0;;0;;3;;3;1;;;5;;;560;4691;5251;3415;;;;;;0;0;0;0;;;;;;0;0;0;0;;;;;;0;0;0;0;;;;;;70;239;309;108;;;;;;19;16;35;4;;;;;
BLOCS;2014;750300121;750052037;2;6;;0;;0;;1;;0;;7;;0;2;;;12;;;4630;5542;10172;8506;;;;;;0;0;0;0;;;;;;0;0;0;0;;;;;;0;0;0;0;;;;;;617;3484;4101;2521;;;;;;0;0;0;0;;;;;
BLOCS;2014;750300139;750000655;2;4;;0;;2;;2;;0;;8;;;2;;;12;;;2789;3152;5941;4751;;;;;;2;6;8;8;;;;;;0;0;0;0;;;;;;13;142;155;0;;;;;;2241;5552;7793;4478;;;;;;2;26;28;3;;;;;
BLOCS;2014;750300154;750000671;3;10;;0;;2;;4;;;;16;;;3;;;23;;;6797;7537;14334;12012;;;;;;1;2;3;3;;;;;;876;3;879;808;;;;;;412;40;452;0;;;;;;1075;8591;9666;5259;;;;;;113;94;207;12;;;;;
BLOCS;2014;750300220;750054827;;4;;;;;;1;;0;;5;;;2;;;10;;;425;4396;4821;2941;;;;;;0;0;0;0;;;;;;0;0;0;0;;;;;;0;0;0;0;;;;;;64;2654;2718;1177;;;;;;0;5;5;3;;;;;
BLOCS;2014;750300360;750026569;2;7;;0;;2;;4;;0;;13;;;2;;;23;;;4686;6807;11493;9464;;;;;;0;0;0;0;;;;;;371;0;371;2;;;;;;41;0;41;0;;;;;;3428;10712;14140;8308;;;;;;26;151;177;6;;;;;
BLOCS;2014;750300410;750000770;2;3;;1;1;;;1;;5;;10;1;1;1;;;6;;;1074;1439;2513;2142;;;;;;275;475;750;683;;;;;;0;0;0;0;;;;;;0;0;0;0;;;;;;106;2819;2925;1666;;;;;;0;20;20;2;;;;;
BLOCS;2014;750300493;750000796;1;3;0;;;0;;;;;;3;0;;1;;;4;;;2914;480;3394;3373;;;;;;0;0;0;0;;;;;;0;0;0;0;;;;;;0;0;0;0;;;;;;0;0;0;0;;;;;;0;0;0;0;;;;;
BLOCS;2014;750300550;750000812;;4;;;;;;1;;2;;7;;;2;;;11;;;2609;7051;9660;6119;;;;;;0;0;0;0;;;;;;0;0;0;0;;;;;;0;0;0;0;;;;;;149;1238;1387;701;;;;;;6;18;24;2;;;;;
BLOCS;2014;750300592;750000820;2;5;;0;;0;;2;;1;;8;;;2;;;12;;;3239;2362;5601;5236;;;;;;1;11;12;12;;;;;;0;0;0;0;;;;;;0;0;0;0;;;;;;603;3215;3818;2459;;;;;;10;13;23;20;;;;;
BLOCS;2014;750300667;750000838;;0;;2;2;;;;;;;2;2;;1;1;;2;2;;19;3;22;11;;;;;;773;64;837;830;;;;;;0;0;0;0;;;;;;0;0;0;0;;;;;;0;0;0;0;;;;;;0;0;0;0;;;;;
BLOCS;2014;750300741;750000861;;5;;0;;0;;1;;1;;7;;;2;;;7;;;3516;5434;8950;8157;;;;;;0;0;0;0;;;;;;0;0;0;0;;;;;;0;0;0;0;;;;;;8;1582;1590;762;;;;;;0;2;2;1;;;;;
BLOCS;2014;750300766;750056145;;7;;0;;0;;2;;0;;9;;0;2;;;14;;;3788;3589;7377;6088;;;;;;0;18;18;18;;;;;;0;0;0;0;;;;;;59;0;59;0;;;;;;514;3139;3653;2010;;;;;;1;10;11;3;;;;;
BLOCS;2014;750300774;750000895;2;12;;0;;0;;0;;0;;12;;;2;;;19;;;7365;14562;21927;17181;;;;;;0;0;0;0;;;;;;0;0;0;0;;;;;;0;0;0;0;;;;;;24;170;194;0;;;;;;1;2;3;0;;;;;
BLOCS;2014;750300840;750000903;3;7;0;1;1;0;0;1;0;2;0;11;1;;2;0;0;10;0;0;3461;10198;13659;9747;0;0;0;0;0;595;448;1043;986;0;;;;;0;0;0;0;0;0;0;0;0;0;0;0;0;0;0;0;0;0;131;1142;1273;1237;0;0;0;0;0;3;77;80;2;0;0;0;0;0
BLOCS;2014;750300857;750000911;;2;;0;;;;1;;1;;4;;2;1;;;4;;;1524;1078;2602;2308;;;;;;0;0;0;0;;;;;;0;0;0;0;;;;;;0;0;0;0;;;;;;23;12;35;9;;;;;;0;1;1;1;;;;;
BLOCS;2014;750300881;750000937;3;5;;0;;1;;4;;;;10;;;2;;;10;;;3612;5942;9554;8714;;;;;;5;60;65;65;;;;;;0;0;0;0;;;;;;565;0;565;565;;;;;;1809;9299;11108;5590;;;;;;9;130;139;51;;;;;
BLOCS;2014;750300915;750000960;;4;;1;;1;;1;;1;;8;;;1;;;12;;;5377;2821;8198;7751;;;;;;19;26;45;44;;;;;;16;0;16;0;;;;;;144;659;803;0;;;;;;443;2856;3299;2035;;;;;;5;6;11;7;;;;;
BLOCS;2014;750300931;750000978;1;1;0;1;1;0;0;0;0;0;0;2;1;1;1;1;;5;1;;114;257;371;279;;0;0;0;0;743;343;1086;822;;3;3;0;0;0;0;0;0;;0;0;0;0;0;0;0;0;;0;0;0;0;24;381;405;396;;0;0;0;0;1;113;114;0;;0;0;0;0
BLOCS;2014;750301137;750001034;1;10;0;0;0;2;0;2;0;1;0;15;0;;2;0;;14;;;3179;2194;5373;4672;;;;;;0;0;0;0;;;;;;860;12;872;624;;;;;;391;1402;1793;0;;;;;;572;1947;2519;1410;;;;;;12;3;15;0;;;;;
BLOCS;2014;750301145;750001042;2;6;;1;;1;;3;;1;;12;;;1;;;13;;;5232;8637;13869;11035;;;;;;1;295;296;174;;;;;;6;0;6;0;;;;;;120;0;120;0;;;;;;451;8159;8610;4214;;;;;;0;15;15;1;;;;;
BLOCS;2014;750301152;750047136;1;5;;1;;2;;1;;2;;11;;;1;;;9;;;729;2747;3476;2589;;;;;;1;13;14;14;;;;;;0;0;0;0;;;;;;13;0;13;0;;;;;;212;1769;1981;1078;;;;;;0;16;16;13;;;;;
BLOCS;2014;750301160;750001067;;11;;;;;;0;;;;11;;;1;;;19;;;6337;2696;9033;8984;;;;;;0;0;0;0;;;;;;0;0;0;0;;;;;;0;0;0;0;;;;;;30;1;31;31;;;;;;0;0;0;0;;;;;
BLOCS;2014;750790164;750008310;1;2;0;0;0;0;0;0;0;1;0;3;0;;1;0;;1;0;;0;362;362;178;;;;;;0;0;0;0;;;;;;0;0;0;0;;;;;;0;0;0;0;;;;;;0;0;0;0;;;;;;0;1;1;1;;;;;
BLOCS;2014;750803447;750712184;7;24;3;0;;7;;3;;1;;35;3;4;5;2;1;48;25;10;17429;4204;21633;17664;;;;;;31;309;340;340;;;;;;1659;32;1691;1222;;;;;;1431;393;1824;0;;;;;;6952;2937;9889;5321;;;;;;36;36;72;5;;;;;
BLOCS;2014;750803454;750712184;;6;1;2;;0;;2;;0;;10;1;3;2;1;1;23;8;15;6102;3086;9188;7383;;44;17;8;17;1796;368;2164;1029;;;;;;0;0;0;0;;;;;;1;0;1;0;;;;;;1625;723;2348;896;;;;;;15;13;28;3;;;;;
BLOCS;2014;750808578;750813032;;1;;;;;;1;;;;2;;;1;;;1;;;157;0;157;107;;;;;;0;0;0;0;;;;;;0;0;0;0;;;;;;0;0;0;0;;;;;;31;0;31;0;;;;;;0;0;0;0;;;;;
BLOCS;2014;760000018;760780023;1;4;1;1;1;1;0;1;0;0;0;7;2;0;1;1;0;7;1;0;2928;903;3831;3228;;;;;;610;202;812;347;;;;;;97;0;97;4;;;;;;74;0;74;0;;;;;;1906;623;2529;1084;;;;;;11;28;39;0;;;;;
BLOCS;2014;760000158;760780239;10;33;5;3;1;5;1;10;;0;;51;7;4;6;2;1;54;8;6;21642;7125;28767;22940;10506;;;;;1452;876;2328;1499;222;;;;;2193;33;2226;1430;;;;;;1167;354;1521;0;0;;;;;5767;2110;7877;3483;6569;;;;;110;206;316;20;1193;;;;
BLOCS;2014;760000166;760780247;1;4;1;0;0;0;0;0;0;0;0;4;1;0;1;1;0;4;4;0;1532;1066;2598;1425;;;;;;0;0;0;0;;;;;;0;0;0;0;;;;;;1;0;1;0;;;;;;257;108;365;196;;;;;;58;6;64;1;;;;;
BLOCS;2014;760000182;760780262;;1;1;1;1;;;1;;0;;3;2;;1;1;;3;3;;449;100;549;475;;;;;;2543;1069;3612;1192;;;;;;0;0;0;0;;;;;;0;0;0;0;;;;;;25;148;173;123;;;;;;8;24;32;0;;;;;
BLOCS;2014;760000364;760780734;1;1;1;1;1;0;0;0;0;0;0;2;2;;1;1;;3;3;;307;34;341;189;;;;;;384;137;521;278;;;;;;0;0;0;0;;;;;;0;0;0;0;;;;;;262;82;344;137;;;;;;3;5;8;0;;;;;
BLOCS;2014;760000372;760780742;;1;1;1;1;0;0;1;0;1;1;4;3;0;1;0;0;8;0;0;119;98;217;185;0;0;0;0;0;409;191;600;256;0;5;0;0;1;0;0;0;0;0;0;0;0;0;0;0;0;0;0;0;0;0;0;200;90;290;90;0;0;0;0;0;1;15;16;0;0;0;0;0;0
BLOCS;2014;760000463;760024042;1;7;1;1;;1;;0;;0;;9;1;;1;1;;11;;;3839;2368;6207;5310;732;;;;;1090;432;1522;557;;;;;;65;0;65;19;;;;;;185;5;190;0;;;;;;1706;1099;2805;1710;;;;;;5;19;24;2;;;;;
BLOCS;2014;760021329;760000448;1;18;18;1;1;1;1;2;2;0;0;22;22;0;2;2;0;26;26;0;8861;7438;16299;13087;12;16;2;6;3;499;130;629;314;;;2;2;6;625;2;627;86;;;2;;;379;78;457;0;;;;;;1971;6375;8346;5103;;;;;;11;151;162;10;;;;;
BLOCS;2014;760025312;760000315;1;19;;1;1;3;;3;;1;;27;1;;1;;;24;;;7847;17425;25272;17588;;;;;;655;109;764;666;;;;;;0;0;0;0;;;;;;83;5;88;0;;;;;;1343;9446;10789;6643;;;;;;19;45;64;16;;;;;
BLOCS;2014;760027292;760027300;1;6;6;0;0;1;0;2;2;1;0;10;8;;1;1;;18;18;;3821;4507;8328;6060;;;;;;0;0;0;0;;;;;;50;0;50;0;;;;;;259;11;270;0;;;;;;681;1684;2365;1652;;;;;;7;4;11;1;;;;;
BLOCS;2014;760780197;760000117;1;2;2;1;1;;;1;;1;1;5;4;;1;1;;5;;;613;331;944;771;;;;;;147;25;172;169;;;;;;0;0;0;0;;;;;;0;0;0;0;;;;;;32;177;209;203;;;;;;0;2;2;0;;;;;
BLOCS;2014;760780205;760000125;1;4;0;0;0;0;0;0;0;0;0;4;0;0;1;0;0;9;0;0;2384;1658;4042;2297;;;;;;0;0;0;0;;;;;;0;0;0;0;;;;;;1;10;11;0;;;;;;66;81;147;134;;;;;;0;0;0;0;;;;;
BLOCS;2014;760780510;760000257;;9;;;;;;1;;1;;11;;3;1;;;15;;;7694;5551;13245;12178;;31;9;10;33;0;0;0;0;;;;;;0;0;0;0;;;;;;0;0;0;0;;;;;;1381;3428;4809;3241;;;;;;0;3;3;1;;;;;
BLOCS;2014;760780619;760000307;1;9;2;0;;2;2;2;2;0;;13;6;;2;;;20;;;5705;7213;12918;9228;;;;;;1;0;1;1;;;;;;1658;8;1666;1258;;;;;;262;372;634;0;;;;;;1294;3919;5213;3604;;;;;;6;17;23;5;;;;;
BLOCS;2014;760780668;760000331;1;3;;0;;0;;2;;;;5;;;1;;;5;;;891;2104;2995;2338;;;;;;0;0;0;0;;;;;;0;0;0;0;;;;;;0;0;0;0;;;;;;139;834;973;728;;;;;;0;3;3;0;;;;;
BLOCS;2014;760780783;760000406;1;3;;;;;;1;;1;;5;;;1;;;8;;;1293;2133;3426;2239;;;;;;0;0;0;0;;;;;;0;0;0;0;;;;;;0;0;0;0;;;;;;476;1201;1677;783;;;;;;0;3;3;0;;;;;
BLOCS;2014;760780791;760000414;;10;;1;;1;;3;;1;;16;;0;1;;0;10;;0;4481;4384;8865;6455;;7;0;1;1;8;183;191;124;;;;;;0;0;0;0;;;;;;0;1;1;0;;;;;;1432;1400;2832;1880;;;;;;0;6;6;0;;;;;
BLOCS;2014;760780825;760000430;1;4;;;;;;1;;1;;6;;;1;;;12;;;2379;2577;4956;3534;;;;;;0;0;0;0;;;;;;0;0;0;0;;;;;;0;0;0;0;;;;;;289;767;1056;743;;;;;;0;3;3;1;;;;;
BLOCS;2014;760783522;760780239;;;;;;;;1;;;;1;;;;;;;;;314;39;353;5;19;;;;;0;0;0;0;;;;;;0;0;0;0;;;;;;0;0;0;0;;;;;;637;262;899;8;110;;;;;0;0;0;0;;;;;
BLOCS;2014;760805770;760780726;1;12;2;3;2;4;;2;;9;7;30;11;;3;;;23;;;6658;3871;10529;7711;779;21;8;7;20;2185;628;2813;993;;7;5;3;1;768;4;772;2;;;;;;79;0;79;0;;;;;;3707;1546;5253;1884;;;;;;29;125;154;0;;;;;
BLOCS;2014;760921809;760000273;2;8;6;0;0;1;0;2;;1;;12;6;4;1;1;1;14;14;15;11175;8177;19352;16809;;;;;;5;4;9;9;;;;;;1;0;1;0;;;;;;657;91;748;0;;;;;;1208;3298;4506;3354;;;;;;3;17;20;4;;;;;
BLOCS;2014;770000131;770110013;1;4;;1;1;;;1;;;;6;1;;1;;;6;;;1565;1746;3311;2589;;2;3;2;8;481;215;696;273;;3;;;2;;0;0;15;;;;;;;;;0;;;;;;749;710;1459;626;;;;;;;0;0;0;;;;;
BLOCS;2014;770000149;770110021;2;5;5;1;1;3;1;3;;0;;12;7;;1;1;;10;10;;2146;847;2993;2402;2242;10;7;5;20;881;319;1200;345;69;;;;;0;0;0;0;;;;;;0;0;0;0;;;;;;709;803;1512;776;1490;;;;;2;11;13;1;;;;;
BLOCS;2014;770000156;770110054;2;2;1;2;1;1;;1;;1;;7;2;;2;;;10;;;2716;1121;3837;3101;;16;8;9;19;1733;676;2409;978;;0;0;0;0;0;0;0;0;;0;0;0;0;90;1;91;0;;7;1;4;11;1403;606;2009;647;;0;0;0;0;5;5;10;1;;0;0;0;0
BLOCS;2014;770000164;770110062;3;3;;1;;4;;1;;1;;10;;;2;;;6;;;1558;1155;2713;2165;2311;1;;2;5;479;180;659;261;13;2;4;1;;5;0;5;1;;;;;;9;0;9;0;;;;;;718;885;1603;809;903;;;;;3;4;7;1;157;;;;
BLOCS;2014;770000172;770110070;1;5;1;1;1;0;;1;;0;;7;2;;1;1;1;7;7;7;1959;1194;3153;2754;;14;4;6;6;329;142;471;284;;2;2;;;35;;35;;;;;;;;;;;;;;;;1023;1266;2289;1184;;2;;;;9;68;77;77;;;;;
BLOCS;2014;770000214;770130052;1;0;;;;0;;1;;;;1;;;;;;;;;30;5;35;1;;;;;;0;0;0;0;;;;;;0;0;0;0;;;;;;0;0;0;0;;;;;;192;181;373;175;;;;;;0;0;0;0;;;;;
BLOCS;2014;770000446;770700185;2;6;;2;;0;;2;;0;;10;;;3;;;25;;;4546;3134;7680;6092;;;;;;2003;758;2761;1257;;;;;;0;0;0;0;;;;;;0;0;0;0;;;;;;2451;1443;3894;2046;;;;;;3;19;22;0;;;;;
BLOCS;2014;770019032;770170017;1;5;1;1;1;3;1;3;1;0;;12;4;;1;1;;16;;;3746;2087;5833;4688;29;12;8;11;15;2523;619;3142;1355;;6;3;3;4;2015;40;2055;133;13;3;2;8;2;260;10;270;0;42;;;;;2409;1574;3983;1708;1113;;1;6;2;8;15;23;4;;;;;
BLOCS;2014;770150019;770019792;;0;;;;;;1;;;;1;;;1;;;1;;;150;22;172;28;;;;;;0;0;0;0;;;;;;0;0;0;0;;;;;;0;0;0;0;;;;;;274;768;1042;501;;;;;;0;0;0;0;;;;;
BLOCS;2014;770300010;770004299;;5;;0;;0;;2;;0;;7;;;2;;;10;;;2532;3502;6034;4939;;;;;;9;363;372;197;;;;;;2;0;2;1;;;;;;26;1;27;0;;;;;;1150;4191;5341;3238;;;;;;1;36;37;7;;;;;
BLOCS;2014;770300135;770000289;7;5;;;;2;;1;;;;8;;;1;;;9;;;2613;1816;4429;3929;;;;;;0;0;0;0;;;;;;1148;14;1162;827;;;;;;383;190;573;0;;;;;;246;1038;1284;589;;;;;;0;3;3;0;;;;;
BLOCS;2014;770300143;770000362;1;7;;;;;;1;;;;8;;;1;;;10;;;3202;4038;7240;5603;;;;;;2;27;29;26;;;;;;0;0;0;0;;;;;;0;0;0;0;;;;;;1130;1816;2946;1902;;;;;;1;5;6;0;;;;;
BLOCS;2014;770300192;770000313;1;3;;0;;;;1;;0;;4;;4;1;;;6;;;1334;2484;3818;2766;;;;;;0;5;5;5;;;;;;0;0;0;0;;;;;;0;0;0;0;;;;;;398;2583;2981;1540;;;;;;1;4;5;3;;;;;
BLOCS;2014;770300275;770000354;1;6;;1;;0;;2;;0;;9;;;1;;;12;;;2937;4021;6958;5196;;;;;;227;79;306;190;;;;;;17;0;17;0;;;;;;25;3;28;0;;;;;;1055;3970;5025;3262;;;;;;2;42;44;2;;;;;
BLOCS;2014;770300283;770000362;;6;;;;;;1;;;;7;;;2;;;9;;;1772;3422;5194;3689;;;;;;0;2;2;2;;;;;;0;0;0;0;;;;;;0;0;0;0;;;;;;1131;5431;6562;3978;;;;;;0;4;4;3;;;;;
BLOCS;2014;770790707;770000719;2;4;;1;;1;;1;;1;;8;;;1;;;10;;;3120;4798;7918;6290;;62;13;16;22;484;244;728;397;;1;1;;1;21;0;21;0;;;;;;105;1;106;0;;;;;;442;2405;2847;1762;;;1;;;0;18;18;0;;;;;
BLOCS;2014;770813400;770001014;;8;;0;;1;;1;;0;;10;;;2;;;10;;;2659;3785;6444;4871;;;;;;0;1;1;1;;;;;;0;0;0;0;;;;;;74;29;103;0;;;;;;507;3768;4275;2731;;;;;;4;11;15;7;;;;;
BLOCS;2014;780000287;780110011;;6;1;1;1;1;;1;;1;;10;2;;2;1;;13;;;3348;4258;7606;4126;44;31;11;;;1472;744;2216;943;;;;;;11;0;11;0;;;;;;2;0;2;0;;;;;;1833;1231;3064;1244;;;;;;8;115;123;1;;;;;
BLOCS;2014;780000295;780002697;1;5;1;1;1;0;0;1;0;1;0;8;2;0;1;1;0;9;1;0;3880;1959;5839;4279;;;;;;1810;279;2089;418;;;;;;0;0;0;0;;;;;;0;0;0;0;;;;;;739;1121;1860;945;;;;;;3;3;6;0;;;;;
BLOCS;2014;780000303;780110037;1;;;;;;;2;;;;2;;;;;;;;;0;0;0;0;;;;;;0;0;0;0;;;;;;0;0;0;0;;;;;;0;0;0;0;;;;;;6;0;6;0;46;;;;;0;0;0;0;;;;;
BLOCS;2014;780000311;780001236;4;6;1;2;1;2;;3;;;;13;2;;1;;;12;;;6206;2620;8826;6000;;20;9;8;24;4284;457;4741;2253;;;;;;1184;2;1186;0;;;;;;130;8;138;0;;;;;;1572;589;2161;719;;;;;;19;24;43;12;;;;;
BLOCS;2014;780000329;780110052;1;5;1;1;1;0;0;1;1;0;0;7;3;0;1;1;;9;;;2918;2337;5255;4576;2724;7;0;4;8;966;345;1311;547;13;4;4;0;2;118;0;118;107;;;;;;5;27;32;0;;;;;;1204;2593;3797;2152;531;;1;;;2;0;2;1;147;;;;
BLOCS;2014;780000337;780001236;2;5;;0;;0;;2;;;;7;;;1;;;12;;;1028;4234;5262;1981;;;;;;4;1314;1318;207;;;;;;2;0;2;0;;;;;;2;0;2;0;;;;;;463;808;1271;666;;;;;;11;6;17;1;;;;;
BLOCS;2014;780000436;780150041;1;2;;;;;;1;;;;3;;;1;;;6;;;417;195;612;530;;;;;;0;0;0;0;;;;;;0;0;0;0;;;;;;0;0;0;0;;;;;;212;329;541;299;;;;;;1;0;1;0;;;;;
BLOCS;2014;780018727;780018719;1;5;0;1;1;0;0;1;0;0;0;7;1;;1;1;;9;9;;2353;2675;5028;4292;;;;;;479;33;512;243;;;;;;0;0;0;0;;;;;;0;0;0;0;;;;;;190;1744;1934;1227;;;;;;2;3;5;1;;;;;
BLOCS;2014;780300075;780000485;2;0;0;;;2;2;1;;;;3;2;;1;;;4;;;62;0;62;62;;;;;;0;0;0;0;;;;;;810;6;816;448;;;;;;194;1;195;0;;;;;;53;0;53;18;;;;;;0;0;0;0;;;;;
BLOCS;2014;780300125;780000535;1;4;4;0;;0;;1;;0;;5;4;;1;;;6;;;2206;4046;6252;4935;;;;;;0;4;4;4;;;;;;67;0;67;0;;;;;;88;1;89;0;;;;;;863;3720;4583;2875;;;;;;30;305;335;1;;;;;
BLOCS;2014;780300208;780000576;2;5;;1;1;;;1;;0;;7;1;;1;;;10;;;2475;5250;7725;5994;1;;2;;;217;64;281;259;;4;2;;1;0;0;0;0;;;;;;0;0;0;0;;;;;;504;3205;3709;2349;;;;;;0;11;11;0;;;;;
BLOCS;2014;780300323;780003679;2;6;;2;2;0;;1;;1;;10;2;;2;1;;16;;;5531;4644;10175;9013;;;;;;748;125;873;810;;;;;;0;0;0;0;;;;;;0;0;0;0;;;;;;1233;487;1720;1438;;;;;;8;86;94;5;;;;;
BLOCS;2014;780300364;780003679;;4;;;;1;;5;;1;;11;;;2;;;15;;;1219;4268;5487;2999;;;;;;0;0;0;0;;;;;;0;0;0;0;;;;;;2;46;48;0;;;;;;330;12354;12684;7141;;;;;;2;2;4;2;;;;;
BLOCS;2014;780300406;780018032;3;9;;1;1;3;;2;;1;;16;1;3;2;;;20;;;5147;3776;8923;7658;;1;2;;;654;192;846;489;;;7;;;1847;202;2049;1432;;;;;;941;275;1216;0;;;;;;941;5131;6072;3713;;;;;;3;60;63;0;;;;;
BLOCS;2014;780300414;780000675;3;9;;;;1;;1;;2;;13;;;2;;;20;;;5864;4399;10263;8566;;;;;;0;0;0;0;;;;;;102;0;102;0;;;;;;227;2666;2893;0;;;;;;2790;7689;10479;5522;;;;;;0;6;6;1;;;;;
BLOCS;2014;780300422;780002259;2;14;;1;;;;1;;;;16;;;2;;;23;;;6809;15858;22667;18719;;;;;;551;72;623;388;;;;;;170;0;170;120;;;;;;196;14;210;0;;;;;;1493;3146;4639;2643;;;;;;5;17;22;3;;;;;
BLOCS;2014;780300455;780000717;1;6;;0;;;;0;;0;;6;;1;2;;;12;;;3251;9121;12372;10384;;49;3;10;11;2;0;2;2;;;;;;0;0;0;0;;;;;;0;0;0;0;;;;;;344;2493;2837;1471;;;;;;1;0;1;0;;;;;
BLOCS;2014;780800256;780110078;5;8;1;1;1;3;1;1;;1;;14;3;;1;;;12;;;7469;4022;11491;9368;1105;20;5;11;17;1508;891;2399;709;;7;5;;2;855;9;864;4;4;0;15;0;0;27;2;29;0;;;;;;2940;1285;4225;1871;2386;3;;2;;11;24;35;0;327;;;;
BLOCS;2014;790000087;790000012;2;9;1;2;2;1;;1;;0;;13;3;;2;1;1;18;4;5;6596;2433;9029;3706;;18;29;12;15;957;543;1500;357;;;;;;1006;12;1018;0;;;;;;345;71;416;0;;;;;;2994;1673;4667;1543;;;;;;30;109;139;8;;;;;
BLOCS;2014;790000095;790006654;1;5;1;1;1;0;0;1;1;0;0;7;3;0;1;1;0;9;1;0;3330;829;4159;3309;283;7;3;6;13;543;247;790;229;;;;;;0;0;0;0;;;;;;0;0;0;0;;;;;;548;1975;2523;1727;200;0;0;0;0;1;2;3;0;;;;;
BLOCS;2014;790000103;790006654;1;2;0;0;0;0;0;1;0;0;0;3;0;;1;0;;3;0;;87;689;776;394;142;0;0;0;0;0;0;0;0;0;0;0;0;0;0;0;0;0;0;0;0;0;0;0;0;0;0;0;0;0;0;0;57;1021;1078;645;207;0;0;0;0;0;0;0;0;0;0;0;0;0
BLOCS;2014;790003537;790006654;1;3;1;0;0;0;0;1;1;0;0;4;2;;1;1;0;7;1;0;1002;1163;2165;1477;145;1;2;4;4;0;0;0;0;0;0;0;0;0;30;0;30;0;0;0;0;0;0;17;0;17;0;0;0;0;2;1;1629;1485;3114;1861;708;2;0;4;2;0;1;1;0;0;1;1;1;2
BLOCS;2014;790009948;790001242;1;10;0;0;0;0;0;2;0;0;0;12;0;;2;0;;12;0;;5862;8095;13957;10840;956;20;37;13;30;205;107;312;200;3;3;2;1;3;165;0;165;0;;;;;;307;9;316;0;;;2;;;1226;3528;4754;3660;1832;;3;1;;2;14;16;5;5;;;;
BLOCS;2014;800000143;800000028;1;6;6;0;;0;;1;1;0;;7;7;;1;1;;6;6;;2437;1213;3650;2663;3692;9;24;5;8;638;365;1003;307;81;6;37;2;4;114;0;114;17;0;0;0;0;0;12;0;12;0;0;0;0;0;0;2854;953;3807;1884;2205;3;22;4;0;0;2;2;0;54;0;0;0;0
BLOCS;2014;800000192;800000044;;0;0;0;0;0;0;0;0;0;0;0;0;;0;0;;0;0;;12191;3297;15488;12901;;;;;;7;0;7;3;;;;;;4;0;4;1;;;;;;97;2;99;0;;;;;;3617;1459;5076;2539;;;;;;49;4;53;8;;;;;
BLOCS;2014;800000200;800000051;0;;;;;;;1;;;;1;;;;;;;;;2;4;6;1;;;;;;0;0;0;0;;;;;;0;0;0;0;;;;;;0;0;0;0;;;;;;41;1;42;3;;;;;;0;0;0;0;;;;;
BLOCS;2014;800000226;800000069;1;0;;0;;;;1;;1;;2;;;1;;;1;;;12;34;46;9;21;0;0;0;0;0;29;29;0;6;0;0;0;0;0;0;0;0;;0;0;0;0;0;0;0;0;;0;0;0;0;262;900;1162;591;160;0;0;0;0;1;1;2;2;;0;0;0;0
BLOCS;2014;800000390;800000085;;;;;;;;;;;;;;;;;;;;;45;7;52;0;;0;0;0;0;0;0;0;0;;;;;;0;0;0;0;;;;;;0;0;0;0;;;;;;95;0;95;1;;0;0;0;0;0;0;0;0;;;;;
BLOCS;2014;800000432;800000093;1;3;3;1;1;1;0;1;0;1;0;7;4;;1;1;;4;4;;729;989;1718;1444;145;0;0;2;1;259;131;390;162;19;1;1;0;0;0;0;0;0;0;0;0;0;0;0;3;3;0;0;0;0;0;0;243;753;996;440;30;0;0;0;0;0;2;2;0;0;0;0;0;0
BLOCS;2014;800000614;800000044;1;3;;;;;;0;;0;;3;;;1;;;4;;;1587;3761;5348;3115;;;;;;0;0;0;0;;;;;;0;0;0;0;;;;;;0;0;0;0;;;;;;1;1;2;0;;;;;;7;10;17;0;;;;;
BLOCS;2014;800002503;800001141;1;6;;0;;4;;4;;0;;14;;;1;;;9;;;2911;3863;6774;5672;112;;;;;0;0;0;0;;;;;;35;0;35;0;;;;;;105;55;160;0;;;;;;777;2975;3752;2526;;;;;;9;9;18;14;;;;;
BLOCS;2014;800002610;800000044;4;4;;4;4;1;;1;;1;;11;4;;1;;;4;;;884;564;1448;1302;;;;;;938;1097;2035;711;;;;;;0;0;0;0;;;;;;7;0;7;0;;;;;;46;225;271;167;;;;;;3;19;22;0;;;;;
BLOCS;2014;800006124;800000044;1;26;4;2;2;1;1;4;1;1;1;34;9;4;3;1;;54;10;;9986;2088;12074;9313;;;;;;376;375;751;283;;;;;;1438;7;1445;394;;;;;;761;73;834;0;;;;;;3769;589;4358;2022;;;;;;18;25;43;2;;;;;
BLOCS;2014;800009466;800002982;1;14;;;;1;;1;;1;;17;;;1;;;1;;;5276;3255;8531;7740;;;;;;0;0;0;0;;;;;;0;0;0;0;;;;;;638;0;638;0;;;;;;1481;4868;6349;4109;;;;;;3;11;14;9;;;;;
BLOCS;2014;800009920;800003071;1;12;1;3;2;1;1;1;0;2;0;19;4;0;3;3;0;26;4;0;8859;8186;17045;14291;39;5;1;4;6;914;182;1096;841;0;5;5;1;3;1;0;1;1;0;0;0;0;0;167;15;182;0;0;0;0;0;0;1630;4260;5890;3434;107;3;0;0;1;4;27;31;13;0;0;0;0;0
BLOCS;2014;800013179;800013138;1;1;;;;1;;4;0;1;;7;0;;1;;;8;;;126;10;136;71;;;;;;0;0;0;0;;;;;;0;0;0;0;;;;;;4;0;4;0;;;;;;1401;4733;6134;3018;;;;;;2;4;6;0;;;;;
BLOCS;2014;800015729;800015679;;0;;;;2;;0;;;;2;;;1;;;4;;;83;13;96;5;;;;;;0;0;0;0;;;;;;1082;1;1083;849;;;;1;;76;1;77;0;;;;;;348;4;352;40;;;;;;0;0;0;0;;;;;
BLOCS;2014;800017253;800000044;;0;;;;;;;;;;0;;2;0;;1;0;;1;1;597;598;321;;;;;;0;0;0;0;;;;;;0;0;0;0;;;;;;0;0;0;0;;;;;;0;0;0;0;;;;;;0;0;0;0;;;;;
BLOCS;2014;800018491;800018483;1;6;;;;;;;;1;;7;;3;1;;1;7;;7;0;3390;3390;3390;1396;;;;;0;0;0;0;;;;;;0;0;0;0;;;;;;0;0;0;0;;;;;;0;0;0;0;;;;;;0;3;3;0;;;;;
BLOCS;2014;810000224;810000471;4;4;4;1;1;2;2;2;2;1;;10;9;4;1;;1;14;;;4539;2992;7531;5820;;;;;;230;194;424;86;;;;;;821;12;833;715;;;;;;132;0;132;0;;;;;;3003;4136;7139;3801;;;;;;1;0;1;0;;;;;
BLOCS;2014;810000505;810000331;4;5;;1;;2;;1;;1;;10;;0;1;;;12;;;3236;992;4228;3717;3290;27;9;7;17;850;444;1294;526;33;9;19;5;4;131;1;132;37;0;0;0;;0;15;0;15;1;0;0;0;;0;769;760;1529;1185;172;0;0;0;0;2;7;9;5;0;0;0;0;0
BLOCS;2014;810000521;810000380;1;7;1;1;1;1;;1;;0;;10;2;;1;;;15;;;4145;1726;5871;4523;744;5;34;5;7;870;572;1442;677;;;;;;155;0;155;13;;;;;;63;0;63;0;;;;;;1871;1017;2888;1293;206;;4;;;5;22;27;2;;;;;
BLOCS;2014;810000562;810000455;1;0;0;1;1;0;0;1;0;;;2;1;1;1;1;;4;4;;62;259;321;172;;;;;;465;196;661;234;;;;1;1;0;0;0;0;;;;;;1;0;1;0;;;;;;182;542;724;411;145;;;;;0;0;0;0;;;;;
BLOCS;2014;810101170;810101162;1;7;;0;0;1;;1;;1;;10;0;;1;;;10;;;3924;6878;10802;7914;;;;;;0;0;0;0;;;;;;0;0;0;0;;;;;;20;4;24;0;;;;;;1720;1660;3380;2529;;;;;;11;236;247;2;;;;;
BLOCS;2014;810101444;810000992;1;2;1;0;;3;;2;;1;;8;1;;1;;;12;;;4275;5490;9765;6837;;5;1;3;7;2;0;2;2;;;;;;71;3;74;2;;2;;;;99;0;99;0;;;;;;1411;3266;4677;2835;;;;;;4;28;32;4;;;;;
BLOCS;2014;820000032;820000016;1;5;0;1;1;1;0;2;0;0;0;9;1;0;1;1;0;9;1;0;3454;2159;5613;4239;3015;16;10;3;13;411;156;567;245;12;4;11;1;3;183;0;183;0;0;0;0;0;0;23;0;23;0;0;0;0;0;0;1145;803;1948;702;453;1;3;0;0;9;136;145;0;933;0;0;0;0
BLOCS;2014;820000040;820000081;1;3;;1;;1;;1;;1;;7;;;1;;;9;;;2210;2394;4604;3988;58;7;4;1;2;369;502;871;405;;;;;;4;0;4;2;;;;;;1;0;1;0;;;;;;1399;3071;4470;2898;1;2;;;2;24;68;92;2;;;;;
BLOCS;2014;820000057;820000131;2;9;1;0;0;1;1;3;0;1;0;14;2;;2;;;22;;;5367;3603;8970;7085;;11;4;1;9;224;233;457;331;;4;1;;1;995;76;1071;846;;7;1;1;1;186;0;186;0;;;;;;2456;4280;6736;4141;;2;3;;;28;76;104;92;;;;;
BLOCS;2014;820000065;820000156;1;6;;0;;0;;1;;3;;10;;;1;;;7;;;2237;6668;8905;5682;;;;;;0;0;0;0;;;;;;0;0;0;0;;;;;;0;0;0;0;;;;;;219;182;401;147;;;;;;164;44;208;0;;;;;
BLOCS;2014;820000883;820004950;1;3;0;0;0;0;0;1;0;0;0;4;0;1;1;;;4;;;892;630;1522;1274;443;0;0;0;3;0;0;0;0;;;;;;0;0;0;0;;;;;;0;0;0;0;;;;;;213;359;572;272;1;0;0;0;0;0;2;2;0;12;;;;
BLOCS;2014;830000279;830100517;1;4;1;0;;0;;1;1;0;;5;2;;1;1;;8;1;;1821;1008;2829;2269;;;;;;546;441;987;335;;;;;;0;0;0;0;;;;;;1;5;6;0;;;;;;779;1970;2749;1516;;;;;;1;5;6;2;;;;;
BLOCS;2014;830000287;830100525;2;5;1;1;1;0;;1;;1;;8;2;;2;;;12;;;3177;1592;4769;3838;748;16;22;6;24;627;601;1228;569;8;18;19;3;4;20;0;20;0;;;;;;55;0;55;0;;;;;;1178;1071;2249;958;97;1;4;;1;0;6;6;0;;;;;
BLOCS;2014;830000295;830100533;1;1;1;1;1;1;1;1;1;0;;4;4;0;1;1;0;7;7;0;2104;952;3056;2632;;;;;;695;221;916;418;;;;;;2;0;2;0;;;;;;2;0;2;0;;;;;;1214;607;1821;601;;;;;;4;1;5;0;;;;;
BLOCS;2014;830000303;830100541;1;0;;0;;0;;1;;1;;2;;0;1;;;1;;;14;0;14;0;;;;;;0;0;0;0;;;;;;44;0;44;0;;;;;;0;0;0;0;;;;;;0;32;32;0;;;;;;0;0;0;0;;;;;
BLOCS;2014;830000311;830100566;3;5;;1;;1;;1;;2;;10;;1;1;;1;10;;4;3203;1523;4726;3721;3185;10;1;5;13;914;393;1307;589;49;4;4;0;0;969;4;973;0;0;1;4;3;2;48;0;48;0;0;;;;;2216;1420;3636;1586;1340;0;0;0;0;6;5;11;0;130;;;;
BLOCS;2014;830000337;830100590;1;0;;1;1;;;0;;;;1;1;;1;;;1;;;44;5;49;9;;;;;;330;243;573;219;;;;;;0;0;0;0;;;;;;0;0;0;0;;;;;;83;2;85;21;;;;;;0;0;0;0;;;;;
BLOCS;2014;830000345;830100616;5;7;1;1;1;2;;7;3;6;6;23;11;2;1;1;;22;;;8557;2617;11174;8931;;;;;;1459;580;2039;1150;;;;;;1345;22;1367;17;;;;;;253;73;326;0;;;;;;3569;1876;5445;2805;;;;;;13;15;28;5;;;;;
BLOCS;2014;830100103;830000022;2;10;;0;;1;;3;;1;;15;;;3;;;18;;;3591;3843;7434;5465;;;;;;1;4;5;4;;;;;;13;0;13;0;;;;;;106;17;123;91;;;;;;1173;5221;6394;3903;;;;;;0;8;8;8;;;;;
BLOCS;2014;830100251;830000063;1;5;;1;;1;;1;;1;;9;;;1;;;6;;;3025;2373;5398;4522;;;;;;2;25;27;14;;;;;;0;0;0;0;;;;;;43;2;45;0;;;;;;996;3987;4983;2991;;;;;;4;32;36;17;;;;;
BLOCS;2014;830100319;750052425;3;7;1;;;4;;2;;2;;15;1;;3;;;21;;;3628;3539;7167;5620;;17;;2;;0;0;0;0;;;;;;2374;12;2386;1948;;;;2;2;1286;41;1327;0;;;;;;1331;2854;4185;2258;;;;;;1;7;8;4;;;;;
BLOCS;2014;830100327;830000105;1;6;;0;;;;1;;0;;7;;;1;;;11;;;2365;5999;8364;5920;;;;;;8;68;76;73;;;;;;0;0;0;0;;;;;;0;0;0;0;;;;;;481;3407;3888;2993;;;;;;0;84;84;7;;;;;
BLOCS;2014;830100368;830000147;1;6;;0;;1;;1;;0;;8;;;1;;;8;;;1961;3455;5416;3900;;;;;;10;4;14;14;;;;;;0;0;0;0;;;;;;0;0;0;0;;;;;;477;2713;3190;1628;;;;;;1;78;79;56;;;;;
BLOCS;2014;830100392;830000154;2;5;1;0;0;1;1;2;1;0;0;8;3;0;2;1;;13;2;;2501;4815;7316;5279;;;;;;0;0;0;0;;;;;;114;0;114;0;;;;;;754;48;802;0;;;;;;1812;5643;7455;4578;;;;;;1;14;15;6;;;;;
BLOCS;2014;830100418;830000170;1;3;;0;;0;;1;;0;;4;;0;1;;;6;;;1732;2940;4672;3603;;;;;;1;22;23;16;;;;;;0;0;0;0;;;;;;0;0;0;0;;;;;;109;3253;3362;2430;;;;;;2;11;13;1;;;;;
BLOCS;2014;830100434;830000196;4;13;;2;2;2;;2;;1;;20;2;;4;;;22;;;4660;13272;17932;14396;;;;;;842;1450;2292;1022;;;;;;1;0;1;1;;;;;;158;23;181;0;;;;;;1829;4975;6804;4351;;;;;;2;47;49;21;;;;;
BLOCS;2014;830100459;830000212;2;12;;0;;0;;2;;0;;14;;;2;;;18;;;3434;4175;7609;6135;;;;;;1;133;134;99;;;;;;0;0;0;0;;;;;;26;114;140;0;;;;;;995;3586;4581;2385;;;;;;20;12;32;16;;;;;
BLOCS;2014;830100475;830000238;2;6;;0;;0;;1;;0;;7;;;2;;;10;;;3315;4159;7474;6238;;;;;;1;1;2;2;;;;;;0;0;0;0;;;;;;0;0;0;0;;;;;;243;1148;1391;739;;;;;;1;12;13;9;;;;;
BLOCS;2014;830100491;830000212;;;;;;;;;;;;;;;;;;;;;1493;6335;7828;4522;;;;;;0;0;0;0;;;;;;0;0;0;0;;;;;;0;0;0;0;;;;;;0;0;0;0;;;;;;2;1;3;0;;;;;
BLOCS;2014;830100558;690781810;1;3;;;;;;1;;;;4;;;1;;;7;;;2073;248;2321;2307;;;;;;0;0;0;0;;;;;;0;0;0;0;;;;;;0;0;0;0;;;;;;9;24;33;0;;;;;;0;0;0;0;;;;;
BLOCS;2014;830100574;750821092;5;9;1;;;4;1;3;1;2;1;18;4;;1;1;;9;;;7565;1513;9078;6574;5385;46;206;14;28;;;;;;;;;;633;2;635;14;4;;7;;;172;20;192;;;;;;;1898;616;2514;1311;2108;4;38;;1;11;4;15;;;;;;
BLOCS;2014;830100608;830100616;;;;;;;;1;;;;1;;;;;;;;;0;0;0;0;;;;;;0;0;0;0;;;;;;0;0;0;0;;;;;;0;0;0;0;;;;;;242;0;242;4;;;;;;0;0;0;0;;;;;
BLOCS;2014;830200523;830210084;1;6;0;0;0;1;0;1;0;0;0;8;0;;2;0;;9;0;;1299;1378;2677;2333;;;;;;0;0;0;0;;;;;;0;0;0;0;;;;;;12;0;12;0;;;;;;716;1205;1921;1341;;;;;;8;72;80;80;;;;;
BLOCS;2014;840000285;840000608;2;7;;1;;;;1;;1;;10;;;2;;;16;;;5494;4138;9632;7844;;;;;;701;524;1225;759;;;;;;0;0;0;0;;;;;;0;0;0;0;;;;;;206;3434;3640;2471;;;;;;14;64;78;18;;;;;
BLOCS;2014;840000327;840000640;1;3;0;;;;;1;;;;4;0;;1;;;12;;;3090;574;3664;3427;;;;;;0;0;0;0;;;;;;0;0;0;0;;;;;;0;0;0;0;;;;;;1;0;1;0;;;;;;0;0;0;0;;;;;
BLOCS;2014;840000343;840000012;1;2;2;0;;;;1;;;;3;2;;1;1;1;4;4;4;106;49;155;61;;;;;;192;115;307;119;;;;;;0;0;0;0;;;;;;0;0;0;0;;;;;;240;922;1162;590;;;;;;0;0;0;0;;;;;
BLOCS;2014;840000350;840000657;1;0;0;0;0;0;0;0;0;1;0;1;0;;1;0;;0;0;;134;504;638;0;;;;;;0;0;0;0;;;;;;0;0;0;0;;;;;;0;0;0;0;;;;;;811;25;836;836;;;;;;;0;0;0;;;;;
BLOCS;2014;840000392;840000046;;1;;1;;0;;1;;3;;6;;;1;;;4;;;215;45;260;166;;;;;;826;315;1141;476;;;;;;1;0;1;1;;;;;;0;0;0;0;;;;;;126;95;221;120;;;;;;4;4;8;0;;;;;
BLOCS;2014;840000400;840000673;1;5;1;0;;;;2;;;;7;1;;1;;;11;;;3196;4018;7214;5461;168;12;8;4;5;0;0;0;0;;;;;;0;0;0;0;;;;;;131;0;131;0;;1;;;;347;3239;3586;2051;1;1;;;;0;1;1;1;;;;;
BLOCS;2014;840000418;840004659;1;1;;1;1;1;;1;;1;;5;1;;1;;;2;;;493;141;634;448;94;;;;;400;306;706;288;;;;;;23;0;23;0;;;;;;5;0;5;0;;;;;;291;438;729;333;;;;;;0;5;5;1;;;;;
BLOCS;2014;840000467;840003651;;3;;;;;;1;;0;;4;;;1;;;5;;;0;530;530;433;226;;;;;0;0;0;0;;;;;;0;0;0;0;;;;;;0;0;0;0;;;;;;0;4573;4573;2290;5;;;;;0;7;7;5;2;;;;
BLOCS;2014;840000483;840000087;;3;1;1;1;0;0;1;1;0;0;5;3;;1;1;;8;8;;2139;637;2776;2421;;9;3;3;5;802;383;1185;447;;7;5;1;4;26;0;26;1;;;;;;10;0;10;0;;;;;;804;748;1552;686;;2;0;1;1;0;3;3;0;;;;;
BLOCS;2014;840000491;130041916;1;1;;1;;;;;;;;2;;;1;;;3;;;102;53;155;71;1834;0;0;1;0;535;383;918;346;0;4;14;1;4;0;0;0;0;0;0;0;0;0;0;0;0;0;0;0;0;0;0;67;101;168;99;1;0;0;0;0;2;0;2;0;0;1;0;0;0
BLOCS;2014;840001861;840006597;4;11;1;2;1;4;2;1;;3;;21;4;3;3;2;;25;;;8581;5000;13581;10256;8671;41;124;14;10;1964;656;2620;1007;120;27;67;8;6;1976;43;2019;25;3;7;5;4;0;341;295;636;0;5;1;5;0;0;2953;1345;4298;1887;2638;6;26;1;1;50;12;62;1;998;0;0;0;0
BLOCS;2014;840013270;840003651;;5;;0;;;;0;;0;;5;;;1;;;6;;;2403;3716;6119;4690;307;1;;;1;2;4;6;6;;;;;;0;0;0;0;;;;;;0;0;0;0;;;;;;323;225;548;458;1;2;;;;2;5;7;5;;;;;
BLOCS;2014;840013312;840003685;2;3;3;;;3;3;3;0;1;;10;6;;2;2;;11;;;1078;825;1903;1383;;;;;;0;0;0;0;;;;;;2234;2;2236;1781;;;;;;1295;52;1347;0;;;;;;1138;136;1274;1223;;;;;;0;3;3;0;;;;;
BLOCS;2014;840013445;840014658;1;10;;;;;;1;;1;;12;;0;1;;;15;;;4625;11150;15775;12625;469;42;1;12;33;0;0;0;0;;;;;;0;0;0;0;;;;;;0;0;0;0;;;;;;303;3494;3797;2120;4;;1;;;0;9;9;7;;;;;
BLOCS;2014;840017172;840017164;1;6;0;0;;0;;2;0;0;;8;0;0;1;0;0;12;0;0;3866;4173;8039;6322;;7;2;15;7;0;0;0;0;;;;;;0;0;0;0;;;;;;118;0;118;0;;;;;;989;3115;4104;2475;;;;;;1;6;7;5;;;;;
BLOCS;2014;840018337;840006597;;;;;;;;;;;;;;;;;;;;;621;365;986;674;;;;;;0;0;0;0;;;;;;0;0;0;0;;;;;;0;0;0;0;;;;;;5;2;7;3;;;;;;0;1;1;1;;;;;
BLOCS;2014;840019079;840019053;0;0;;;;;;;;;;0;;;;;;;;;66;0;66;54;0;0;0;0;0;0;0;0;0;;;;;;0;0;0;0;;;;;;0;0;0;0;;;;;;0;0;0;0;;;;;;0;0;0;0;;;;;
BLOCS;2014;850000118;850013244;;11;;4;;11;;2;;1;;29;;;1;;;18;;;6141;6398;12539;9562;;62;14;14;32;175;42;217;211;;;2;;;0;0;0;0;;;;;;135;0;135;0;;1;;;;1637;5479;7116;5505;;1;2;;;12;25;37;10;;;;;
BLOCS;2014;850000126;850022948;1;2;;1;;1;;1;;1;;6;;;1;;;12;;;4289;5234;9523;7398;;6;0;5;8;7;6;13;13;;;;;;0;0;0;0;;;;;;0;0;0;0;;;;;;633;3002;3635;2469;;;;;;3;5;8;0;;;;;
BLOCS;2014;850000134;850013269;1;7;;;;;;;;;;7;;7;1;;;13;;;4532;5258;9790;6984;;;;;;0;0;0;0;;;;;;0;0;0;0;;;;;;181;19;200;0;;;;;;618;80;698;574;;;;;;0;7;7;3;;;;;
BLOCS;2014;850000142;850000019;1;18;2;2;1;2;1;1;;1;;24;4;1;2;2;;31;4;;9230;6236;15466;11866;3237;28;35;6;23;1755;865;2620;779;170;45;105;17;12;1395;10;1405;4;1;3;6;1;2;462;41;503;0;;;;;;3738;2184;5922;3453;5145;8;35;5;7;23;84;107;6;320;;2;;
BLOCS;2014;850000175;850009010;2;4;;0;;0;;1;;0;;5;;;1;;;6;;;2423;1321;3744;2690;3728;11;3;8;17;483;160;643;259;30;8;14;1;2;2;0;2;0;0;0;0;0;0;0;0;0;0;0;0;0;0;0;993;1452;2445;1402;1262;0;0;0;0;1;12;13;1;8;0;0;0;0
BLOCS;2014;850000209;850000019;1;2;0;0;;0;;1;0;0;;3;0;;1;0;;3;0;;68;230;298;23;1214;3;;;;0;5;5;5;;;;;;0;0;0;0;;;;;;0;0;0;0;;;;;;272;547;819;468;682;;5;;;0;1;1;0;;;;;
BLOCS;2014;850000225;850000019;;;;;;;;;;;;;;;;;;;;;50;1;51;7;;;;;;0;0;0;0;;;;;;1;0;1;0;;;;;;0;0;0;0;;;;;;74;0;74;3;;;;;;0;0;0;0;;;;;
BLOCS;2014;850000241;850000084;1;;;;;;;3;;;;3;;1;0;;;0;;;475;206;681;381;;;;;;341;146;487;217;;;;;;73;1;74;0;;;;;;18;0;18;0;;;;;;1364;2733;4097;2486;;;;;;9;33;42;1;;;;;
BLOCS;2014;850009630;850000035;1;0;;1;1;0;;0;;0;;1;1;;;;;;;;183;59;242;91;;;;;;437;200;637;291;;;;;;0;0;0;0;;;;;;0;0;0;0;;;;;;253;121;374;169;;;;;;0;25;25;0;;;;;
BLOCS;2014;860000025;860013382;1;4;;1;;0;;1;;1;;7;;0;1;;;8;;;2662;1535;4197;3568;470;10;1;3;2;708;242;950;193;84;2;2;1;0;0;0;0;0;0;0;0;0;0;0;0;0;0;0;0;0;0;0;1535;1268;2803;1382;526;1;0;0;0;1;53;54;40;8;0;0;0;0
BLOCS;2014;860000058;860780097;1;3;;0;;0;;1;;0;;4;;;1;;;4;;;659;801;1460;961;563;;;0;3;0;0;0;0;;;;;;;0;0;0;;;;;;;0;0;0;;;;;;145;235;380;232;66;;;;;0;0;0;0;;;;;
BLOCS;2014;860000223;860013077;4;25;3;1;1;1;1;5;0;2;0;34;5;1;1;1;;20;20;;19459;8193;27652;18779;8742;92;267;24;57;1794;700;2494;784;561;13;70;3;13;2261;6;2267;162;;2;2;2;1;913;2;915;0;13;1;3;1;2;6503;2474;8977;4037;10059;10;317;1;2;103;416;519;5;1663;;2;;
BLOCS;2014;860010321;860010313;1;10;;0;;0;;2;;0;;12;;2;1;;0;24;;8;8918;8246;17164;13959;;6;2;2;11;1;0;1;1;;0;0;0;0;47;0;47;1;;0;0;0;0;307;119;426;0;;0;0;0;0;2319;7626;9945;6918;;0;0;0;0;12;31;43;10;;0;0;0;0
BLOCS;2014;860780311;860010750;1;5;;0;;0;;0;;2;;7;;;1;;;11;;;3310;6899;10209;6797;;;;;;0;14;14;14;;;;;;51;0;51;0;;;;;;35;0;35;0;;;;;;480;2232;2712;1847;;;;;;13;21;34;1;;;;;
BLOCS;2014;860780568;860000140;1;2;1;1;1;;;1;;1;;5;2;2;2;1;;6;;;1669;958;2627;2239;;1;1;1;0;679;298;977;509;;4;2;;1;0;0;0;0;;;;;;0;0;0;0;;;;;;72;347;419;409;;;;;;6;45;51;0;;;;;
BLOCS;2014;870000064;870000015;6;23;2;0;0;4;;5;;6;;38;2;0;3;1;0;25;7;0;13977;4104;18081;13288;6294;4;1195;0;0;4;0;4;4;0;0;0;0;0;1663;4;1667;103;8;2;7;1;2;336;26;362;0;1;0;18;0;0;6890;2638;9528;4138;10830;2;330;1;0;192;417;609;14;1656;0;29;0;0
BLOCS;2014;870000098;870000023;2;4;4;1;1;0;;2;0;0;;7;5;;1;1;;7;7;;1740;1291;3031;2607;492;2;4;9;;200;47;247;89;3;;;;;22;0;22;0;;;;;;76;0;76;0;;;;;;453;1200;1653;1024;481;;;;;1;3;4;1;;;;;
BLOCS;2014;870000270;870000031;1;1;0;0;0;0;0;1;0;0;0;2;0;1;1;;;2;;;101;308;409;308;;;;;;0;6;6;0;;;;;;3;0;3;0;;;;;;0;0;0;0;;;;;;152;516;668;363;;;;;;0;0;0;0;;;;;
BLOCS;2014;870000288;870017415;2;13;;;;1;;3;;1;;18;;;2;0;;19;0;;10059;12062;22121;19544;;;;;;0;0;0;0;;;;;;145;1;146;0;;;;;;52;1;53;0;;;;;;3790;5207;8997;6070;;;;;;9;51;60;6;;;;;
BLOCS;2014;870000411;870017415;1;4;;6;6;1;;2;;1;;14;6;;1;;;12;;;3160;1412;4572;4159;;;;;;412;86;498;310;;;;;;40;1;41;1;;;;;;154;3;157;0;;;;;;887;1380;2267;1737;;;;;;10;28;38;15;;;;;
BLOCS;2014;870002060;870017415;1;8;;0;;1;;1;;0;;10;;;1;;;11;;;4177;4087;8264;7517;;;;;;0;4;4;4;;;;;;67;0;67;0;;;;;;406;11;417;0;;;;;;246;298;544;368;;;;;;0;10;10;1;;;;;
BLOCS;2014;870014859;870000015;3;5;;2;1;1;;1;;1;;10;1;0;2;0;0;12;0;0;3441;1839;5280;4209;2247;0;385;0;0;1740;1095;2835;1287;192;0;0;0;0;7;0;7;0;0;0;0;0;0;29;2;31;0;0;0;0;0;0;403;300;703;285;2543;0;0;0;0;6;7;13;0;70;0;0;0;0
BLOCS;2014;880000021;880007059;2;4;;1;;0;;1;;0;;6;;;1;;;7;1;;2599;1468;4067;3250;4932;;;;;376;202;578;214;24;;;;;110;0;110;6;0;;;;;30;0;30;0;0;;;;;2004;790;2794;1431;362;;;;;43;4;47;0;246;;;;
BLOCS;2014;880000047;880780077;1;5;2;1;1;0;;1;0;1;;8;3;0;1;1;0;12;12;0;2722;1440;4162;2714;;11;5;6;7;473;218;691;127;;;;;;0;0;0;0;;;;;;0;0;0;0;;;;;;1484;1080;2564;1196;;;;;;8;23;31;4;;;;;
BLOCS;2014;880000054;880007299;2;3;3;;;;;1;1;1;1;5;5;;1;;;8;;;1600;1850;3450;1923;11;0;31;0;0;293;102;395;108;0;0;0;0;0;3;0;3;0;0;0;0;0;0;0;0;0;0;0;0;0;0;0;486;660;1146;667;271;0;0;0;0;0;1;1;0;0;0;0;0;0
BLOCS;2014;880000062;880780093;3;6;1;1;1;0;0;1;;1;;9;2;6;2;;;13;;;3535;1304;4839;4185;1757;13;20;3;4;599;252;851;306;24;7;18;;3;0;0;0;0;;;;;;0;0;0;0;;;;;;1499;1023;2522;1297;1916;;;;;8;10;18;1;67;;;;
BLOCS;2014;880000070;880007299;1;0;;;;;;1;0;0;;1;0;1;0;0;0;0;0;0;30;9;39;0;;;;;;0;0;0;0;;;;;;0;0;0;0;;;;;;0;0;0;0;;;;;;11;2;13;0;65;0;0;0;0;0;0;0;0;;;;;
BLOCS;2014;880788591;880780150;1;15;1;3;1;12;;5;;0;;35;2;14;3;;;38;;;8560;6451;15011;12729;1363;3;172;2;1;912;431;1343;672;51;3;26;4;3;70;0;70;0;;;3;;;239;0;239;0;;;5;;;2299;5022;7321;4708;1521;;53;1;;10;59;69;11;8;;1;;
BLOCS;2014;890000169;890000151;1;5;0;1;;1;;1;;1;;9;0;;1;;;10;;;4411;6149;10560;8041;;;;;;1;5;6;6;;;;;;22;0;22;0;;;;;;6;0;6;0;;;;;;1225;3271;4496;2594;;;;;;5;65;70;2;;;;;
BLOCS;2014;890002389;890000730;1;6;;;;;;2;;;;8;;;1;;;14;;;2908;6090;8998;6512;;;;;;1;0;1;1;;;;;;5;24;29;0;;;;;;51;29;80;0;;;;;;933;2462;3395;2318;;;;;;0;13;13;4;;;;;
BLOCS;2014;890975527;890000037;6;8;0;1;1;3;0;4;0;1;0;17;1;;1;;;17;;;5694;2009;7703;6442;;;;;;1426;787;2213;919;;;;;;1135;9;1144;798;;;;;;85;2;87;0;;;;;;2256;1358;3614;2119;;;;;;10;143;153;0;;;;;
BLOCS;2014;890975535;890000409;1;0;;;;;;1;;;;1;;;;;;;;;74;34;108;5;;;;;;0;0;0;0;;;;;;0;0;0;0;;;;;;0;0;0;0;;;;;;198;73;271;75;;;;;;0;0;0;0;;;;;
BLOCS;2014;890975543;890000417;1;0;;0;;;;1;;;;1;;;0;;;0;;;47;12;59;0;1;;;;;0;79;79;0;;;;;;0;0;0;0;;;;;;0;0;0;0;;;;;;119;2;121;0;136;;;;;0;0;0;0;;;;;
BLOCS;2014;890975550;890970569;2;7;1;1;1;0;;1;;0;;9;2;;2;;;13;;;3723;1556;5279;4579;;16;3;4;10;865;422;1287;547;;3;5;3;5;3;2;5;1;;;;;;141;18;159;0;;;;;;1780;749;2529;1479;349;;1;1;;4;65;69;0;;;;;
BLOCS;2014;900000035;900003880;;7;;0;;0;;1;;0;;8;;;2;;;13;;;2881;3617;6498;5644;;;;;;0;0;0;0;;;;;;0;0;0;0;;;;;;74;1;75;0;;;;;;568;3978;4546;2646;;;;;;1;18;19;7;;;;;
BLOCS;2014;900000167;900000365;;10;1;1;1;1;;1;;1;;14;2;;1;1;;12;12;;5977;5853;11830;7672;;;;;;1565;640;2205;628;;;;;;697;7;704;0;;;;;;7;2;9;0;;;;;;1514;1232;2746;1294;;;;;;28;81;109;11;;;;;
BLOCS;2014;910000272;910110014;1;4;1;1;1;;;;;;;5;2;;1;;;5;;;1760;1243;3003;2570;;3;5;4;10;789;485;1274;641;;6;6;2;1;0;0;0;2;;;;;;1;0;1;0;;;;;;647;334;981;391;;;;;;0;1;1;0;;;;;
BLOCS;2014;910000280;910019447;2;3;1;0;0;0;0;1;0;0;0;4;1;0;1;1;1;4;4;0;576;1089;1665;1341;658;1;1;1;1;263;105;368;182;0;1;1;;1;0;0;0;0;0;;;;;0;0;0;0;0;;;;;259;437;696;379;313;;;;;0;;0;0;0;;;;
BLOCS;2014;910000298;910110055;2;7;1;0;0;0;0;2;0;0;0;9;1;;2;1;;14;10;;3580;1387;4967;3598;194;39;13;5;10;1174;734;1908;999;;11;13;;;57;0;57;0;;;;1;;13;0;13;0;;;;;;2158;544;2702;943;180;1;;;1;5;2;7;0;;;;;
BLOCS;2014;910000306;910110063;1;3;;1;;0;;1;;1;;6;;3;1;;;3;;;1608;715;2323;1809;287;1;0;1;5;493;123;616;352;6;3;2;1;1;0;0;0;0;;;;;;;0;0;0;;;;;;500;691;1191;643;;;;;;6;3;9;0;;;;;
BLOCS;2014;910001973;910019447;1;4;1;1;1;0;0;1;0;1;0;7;2;0;1;1;1;11;11;11;1750;786;2536;2233;261;8;2;4;12;361;264;625;401;;1;0;0;1;0;0;0;0;0;0;0;0;0;0;0;0;0;0;0;0;0;0;723;453;1176;572;286;0;0;0;0;0;34;34;0;91;0;0;0;0
BLOCS;2014;910018423;910019454;1;0;0;0;0;0;0;1;0;0;0;1;0;0;1;1;0;3;0;0;0;0;0;0;;;;;;0;0;0;0;;;;;;0;0;0;0;;;;;;0;0;0;0;;;;;;293;382;675;318;157;;;;;0;0;0;0;;;;;
BLOCS;2014;910020254;910002773;3;5;1;1;1;1;1;;;;;7;3;;1;1;1;11;5;8;6248;2646;8894;6628;;57;54;14;13;3326;868;4194;1622;;15;26;3;2;1295;22;1317;115;;;;;;375;31;406;0;;;;;;2549;1603;4152;1928;;;;;;22;97;119;15;;;;;
BLOCS;2014;910150010;910014919;;;;;;;;;;1;;1;;;;;;;;;0;0;0;0;;;;;;0;0;0;0;;;;;;0;0;0;0;;;;;;0;0;0;0;;;;;;0;0;0;0;;;;;;9;568;577;0;;;;;
BLOCS;2014;910150028;750811184;1;;;;;;;1;0;;;1;0;;;;;1;0;;;;;;;;;;;0;0;0;0;;;;;;0;0;0;0;;;;;;0;0;0;0;;;;;;742;1;743;42;65;0;0;0;0;0;0;0;0;;;;;
BLOCS;2014;910300011;910000348;1;4;;0;;1;;1;;0;;6;;;1;;;11;;;1540;6010;7550;4808;;;;;;1;0;1;1;;;;;;326;0;326;15;;;;;;9;0;9;0;;;;;;357;5709;6066;3373;;;;;;1;37;38;7;;;;;
BLOCS;2014;910300144;910000447;2;7;1;1;;0;;2;0;0;;10;1;;2;1;;20;3;;3975;4566;8541;7419;;;;;;381;355;736;357;;4;;;1;63;0;63;0;;;;;;93;1;94;0;;;;;;1399;5076;6475;3896;;;;;;0;6;6;1;;;;;
BLOCS;2014;910300177;910000462;1;8;1;1;;1;;1;;;;11;1;;1;;;17;;;6975;9297;16272;14780;;;;;;490;228;718;361;;;;;;0;0;0;0;;;;;;113;0;113;0;;;;;;1004;3741;4745;3119;;;;;;3;32;35;1;;;;;
BLOCS;2014;910300219;910003888;4;13;;1;;3;;2;;1;;20;;;3;;;16;;;6085;4775;10860;9171;;;;;;228;221;449;426;;;;;;2978;14;2992;2291;;;;;;536;95;631;0;;;;;;958;5990;6948;4211;;;;;;2;38;40;7;;;;;
BLOCS;2014;910300300;910000538;;4;1;;;1;;1;1;1;;7;2;;1;1;;6;1;;912;1137;2049;1614;;;;2;1;0;0;0;0;;;;;;9;0;9;1;;;;;;3;0;3;0;;;;;;389;1263;1652;684;;;;;;0;5;5;1;;;;;
BLOCS;2014;910300359;910000587;1;9;0;1;;1;;1;;1;;13;0;0;1;;;15;;;1671;1958;3629;3134;;7;2;;;263;315;578;301;;1;1;;1;0;0;0;0;;;;;;1;0;1;0;;;;;;308;1980;2288;1334;;;;;;2;27;29;1;;;;;
BLOCS;2014;910803543;910017615;2;9;9;1;1;1;1;1;1;2;2;14;14;;2;2;;17;17;;5815;6937;12752;11020;;;;;;304;428;732;562;;;;;;1125;12;1137;884;;;;;;276;77;353;0;;;;;;1582;3700;5282;3127;;;;;;48;67;115;2;;;;;
BLOCS;2014;910805357;910001643;;3;1;1;1;2;;2;;1;;9;2;3;1;1;;18;2;;2754;5881;8635;7255;;;;;;508;217;725;530;;;;;;25;0;25;0;;;;;;10;0;10;0;;;;;;258;3373;3631;2091;;;;;;9;15;24;14;;;;;
BLOCS;2014;910813732;750813321;1;;;;;;;;;;;;;;1;;;3;;;0;0;0;0;;;;;;0;0;0;0;;;;;;0;0;0;0;;;;;;0;0;0;0;;;;;;0;0;0;0;;;;;;0;0;0;0;;;;;
BLOCS;2014;920000460;750813321;1;5;;;;;;;;;;5;;0;1;;;7;;;4460;1670;6130;3523;707;1;;;1;0;0;0;0;;;;;;0;0;0;0;;;;;;0;0;0;0;;;;;;279;341;620;421;11;;;;;;;;0;;;;;
BLOCS;2014;920000577;920110020;3;4;1;1;1;1;;2;;1;;9;2;0;1;1;0;10;2;0;1479;1856;3335;2449;;;;;;653;425;1078;425;;;;;;13;0;13;0;;;;;;9;0;9;0;;;;;;1244;547;1791;822;;;;;;22;9;31;0;;;;;
BLOCS;2014;920000585;920026374;2;3;;1;1;1;;1;;1;;7;1;;2;;;11;;;1217;1269;2486;2199;;;;;;552;147;699;646;;;;;;34;0;34;0;;;;;;4;0;4;0;;;;;;517;534;1051;471;;;;;;0;25;25;0;;;;;
BLOCS;2014;920000619;920009909;6;2;2;1;1;0;;1;;1;;5;3;1;1;;;7;;;989;591;1580;1342;;;;;;1106;115;1221;392;;;;;;0;0;0;0;;;;;;1;0;1;0;;;;;;396;435;831;440;;;;;;2;9;11;1;;;;;
BLOCS;2014;920000627;920009909;4;1;1;1;1;;;1;;1;;4;2;;1;;;4;;;269;779;1048;1007;;;;;;766;344;1110;712;;;;;;0;0;0;0;;;;;;0;0;0;0;;;;;;341;318;659;250;;;;;;2;4;6;0;;;;;
BLOCS;2014;920000643;920150034;2;5;0;2;1;;;1;;;;8;1;;2;1;;12;2;;2514;1199;3713;3361;;;;;;1419;418;1837;930;;;;;;0;0;0;0;;;;;;0;0;0;0;;;;;;847;1079;1926;1180;;;;;;3;20;23;20;;;;;
BLOCS;2014;920000650;920150059;6;14;4;2;2;3;3;4;0;1;0;24;9;;4;2;;35;22;;7669;4138;11807;7366;3138;9;32;0;0;1998;90;2088;861;123;6;124;3;1;420;3;423;2;0;3;5;2;1;191;90;281;0;3;0;1;1;0;6812;2606;9418;4419;7860;14;51;8;11;61;192;253;9;556;0;1;0;0
BLOCS;2014;920000684;920150091;3;7;1;;;3;2;2;;1;;13;3;;1;;;12;;;4863;39;4902;4587;;111;4;1;7;0;0;0;0;;;;;;1502;106;1608;288;;2;;1;3;553;42;595;0;;3;2;2;2;1126;403;1529;127;622;1;;2;1;0;0;0;0;;;;;
BLOCS;2014;920100013;750712184;4;9;2;0;0;2;1;3;0;1;0;15;3;;1;1;;14;6;;7632;4140;11772;10188;;37;32;16;19;0;0;0;0;;;;;;378;74;452;3;;2;5;2;0;697;22;719;0;;1;1;0;1;1617;1265;2882;953;;0;0;0;0;28;18;46;3;;;;;
BLOCS;2014;920100021;750712184;4;7;1;1;1;1;1;2;0;1;0;12;3;;3;3;0;19;11;0;5258;2146;7404;5901;;21;17;9;15;2221;1159;3380;1708;;21;17;0;0;410;2;412;176;;;;;;120;0;120;0;;;;;;1783;1946;3729;1844;;0;1;0;0;4;42;46;1;;0;0;0;0
BLOCS;2014;920100039;750712184;;16;;;;;;;;;;16;;;4;;;29;;;8165;517;8682;7386;;;;;;899;555;1454;618;;;;;;9;1;10;10;;;;;;566;5;571;0;;;;;;2302;1535;3837;2057;;;;;;135;0;135;1;;;;;
BLOCS;2014;920100047;750712184;;7;;0;;;;0;;0;;7;;;1;;;11;;;2400;390;2790;2578;;;;;;2020;1414;3434;976;;;;;;0;0;0;0;;;;;;0;0;0;0;;;;;;1685;881;2566;1045;;;;;;4;26;30;1;;;;;
BLOCS;2014;920100054;750712184;2;5;0;0;0;0;0;1;0;0;0;6;0;0;1;1;0;8;8;0;4871;491;5362;3476;;;;;;0;0;0;0;;;;;;0;0;0;0;;;;;;0;0;0;0;;;;;;869;57;926;5;;;;;;0;0;0;0;;;;;
BLOCS;2014;920120011;750821092;11;7;1;0;0;2;2;4;;3;;16;3;0;1;1;0;8;8;0;8331;2077;10408;9294;3436;42;654;4;28;2;0;2;2;;;;;;285;0;285;30;6;;3;;1;85;8;93;0;19;;2;;;1953;674;2627;665;1873;1;26;1;;35;26;61;0;215;;1;;
BLOCS;2014;920300043;920001526;2;14;14;2;2;3;3;4;4;4;4;27;27;;2;2;;43;43;;10505;15542;26047;20747;;;;;;1917;785;2702;1035;;;;;;727;7;734;7;;;;;;599;253;852;0;;;;;;3169;11879;15048;8834;;;;;;5;121;126;7;;;;;
BLOCS;2014;920300183;920000759;2;3;;;;;;4;;1;;8;;;2;;;9;;;860;3499;4359;1528;;;;;;0;0;0;0;;;;;;0;0;0;0;;;;;;0;0;0;0;;;;;;117;9918;10035;5781;;;;;;3;8;11;10;;;;;
BLOCS;2014;920300191;920000767;2;5;;;;;;1;;1;;7;;;2;;;9;;;2256;4802;7058;6409;;;;;;0;0;0;0;;;;;;0;0;0;0;;;;;;0;0;0;0;;;;;;610;3192;3802;1836;;;;;;1;1;2;1;;;;;
BLOCS;2014;920300209;920000775;1;4;4;1;1;0;0;1;0;1;0;7;5;4;1;0;1;4;0;4;655;675;1330;1184;0;0;0;0;0;589;492;1081;454;0;2;0;0;1;0;0;0;0;0;0;0;0;0;0;0;0;0;0;0;0;0;0;57;441;498;479;0;0;0;0;0;1;6;7;0;0;0;0;0;0
BLOCS;2014;920300365;920815388;1;5;0;0;0;0;0;1;0;1;0;7;0;;2;0;;17;0;;3417;8429;11846;10507;;;;;;3;338;341;340;;;;;;3;1;4;0;;;;;;0;0;0;0;;;;;;422;2758;3180;1872;;;;;;1;9;10;6;;;;;
BLOCS;2014;920300415;920000890;2;5;5;1;1;1;;1;;1;;9;6;6;2;1;1;14;12;12;2116;4067;6183;4835;;;;;;326;145;471;375;;;;;;1;1;2;1;;;;;;3;0;3;0;;;;;;766;3341;4107;2391;;;;;;3;33;36;7;;;;;
BLOCS;2014;920300597;920000940;1;8;8;1;1;0;;2;;0;;11;9;;1;;;9;;;3508;5967;9475;7194;199;3;0;1;0;112;98;210;144;;;;;;0;0;0;0;;;;;;1;0;1;0;;;;;;1415;6401;7816;4590;;;;;;5;47;52;25;;;;;
BLOCS;2014;920300670;920000965;2;5;;1;;;;0;;0;;6;;;1;;;4;;;1912;2140;4052;3379;;;;;;228;97;325;321;;;;;;0;0;0;0;;;;;;0;0;0;0;;;;;;294;471;765;496;;;;;;1;53;54;16;;;;;
BLOCS;2014;920300712;920810736;;6;;1;;;;0;;2;;9;;;2;;;14;;;2307;9693;12000;9334;;;;;;3;23;26;26;;;;;;0;0;0;0;;;;;;0;0;0;0;;;;;;;;;96;;;;;;10;1;11;0;;;;;
BLOCS;2014;920300753;920810736;1;10;;;;4;;1;;1;;16;;;1;;;10;;;7191;1099;8290;7565;;;;;;;;;2;;;;;;2780;8;2788;2022;;;;;;658;626;1284;0;;;;;;1059;56;1115;803;;;;;;0;30;30;0;;;;;
BLOCS;2014;920300761;920000973;;8;;1;;;;2;;1;;12;;;3;;;29;;;4829;3148;7977;6747;;;;;;4;20;24;24;;;;;;0;0;0;0;;;;;;0;0;0;0;;;;;;395;4084;4479;2719;;;;;;4;591;595;51;;;;;
BLOCS;2014;920300787;920000981;4;5;1;;;;;4;0;;;9;1;4;1;1;1;8;1;6;3529;3567;7096;5076;;22;3;19;14;393;103;496;490;;7;3;;1;537;16;553;513;;;;;;120;36;156;0;;;;;;1251;3358;4609;2449;;376;;;;9;221;230;5;;28;;;
BLOCS;2014;920300837;920001005;1;4;;1;;;;2;;0;;7;;;1;;;9;;;1543;5060;6603;4648;;;;;;326;157;483;353;;;;;;0;0;0;0;;;;;;0;0;0;0;;;;;;175;3459;3634;2173;;;;;;1;8;9;0;;;;;
BLOCS;2014;920300936;920006848;1;4;4;0;;1;1;1;1;1;1;7;7;2;1;1;;6;6;;3747;1132;4879;3957;67;1;0;0;0;0;0;0;0;;;;;;101;3;104;0;;;;;;232;0;232;0;;;;;;942;1840;2782;1254;594;;;;;2;2;4;1;;;;;
BLOCS;2014;920803798;920002037;1;4;0;0;0;0;0;1;0;0;0;5;0;;2;;;9;;;537;1165;1702;1361;;;;;;0;0;0;0;;;;;;0;0;0;0;;;;;;0;0;0;0;;;;;;96;604;700;370;;;;;;1;2;3;3;;;;;
BLOCS;2014;930000286;930021480;4;4;1;1;1;1;0;4;0;3;0;13;2;3;2;1;1;12;3;1;3593;3565;7158;3412;2460;20;4;10;20;657;400;1057;769;0;5;9;0;4;1002;10;1012;48;85;3;3;1;1;112;1;113;0;2;0;0;0;0;2091;1544;3635;1083;1780;3;1;0;1;6;14;20;3;510;0;0;0;0
BLOCS;2014;930000302;930110036;2;5;;2;1;1;;1;;0;;9;1;0;1;1;0;11;5;0;2653;1687;4340;3444;;10;3;7;9;2004;1072;3076;1437;;12;25;2;4;605;60;665;0;;;;;;55;1;56;0;;;;;;989;471;1460;664;;;;;;36;6;42;1;;;;;
BLOCS;2014;930000328;930110051;1;7;1;2;1;0;;1;;0;;10;2;;1;;;18;;;4364;2459;6823;5558;;21;8;5;21;2707;1145;3852;2033;;20;22;7;12;1;1;2;1;;;;;;9;0;9;0;;;;;;1868;1095;2963;995;;;;;;15;40;55;6;;;;;
BLOCS;2014;930000336;930110069;;8;;1;;1;;5;;1;;16;;;1;;;10;;;4300;2443;6743;5529;;;;;;1549;815;2364;1065;;;;;;465;9;474;0;;;;;;9;4;13;0;;;;;;1944;789;2733;1246;;;;;;5;9;14;1;;;;;
BLOCS;2014;930100037;750712184;1;7;1;1;;1;;2;;0;;11;1;;1;1;;12;12;;6453;2926;9379;6948;;;;;;5;543;548;396;;;;;;126;1;127;43;;;;;;213;0;213;0;;;;;;3842;1364;5206;1381;;;;;;12;8;20;4;;;;;
BLOCS;2014;930100045;750712184;;4;1;2;1;1;0;1;0;1;0;9;2;;1;1;;12;1;;2068;1492;3560;2369;;57;14;14;27;1661;703;2364;960;;39;27;12;28;0;0;0;0;;;;;;115;2;117;0;;;;;;1494;784;2278;710;;;;;;194;1;195;0;;;;;
BLOCS;2014;930150032;930000815;1;0;0;2;1;0;;0;0;0;;2;1;;1;1;;3;3;;6;35;41;11;;5;7;;;929;1057;1986;778;;;;;;0;0;0;0;;;;;;0;0;0;0;;;;;;0;42;42;0;;;;;;0;0;0;0;;;;;
BLOCS;2014;930300025;930000393;1;9;9;1;1;0;0;3;3;0;0;13;13;;1;0;;15;15;;3307;4611;7918;7129;;;;2;2;354;136;490;460;;2;10;0;1;780;7;787;669;;;;1;1;447;128;575;0;;;;0;0;1086;2249;3335;1674;;;;0;0;1;10;11;1;;;;0;0
BLOCS;2014;930300066;930000401;1;9;;0;;1;;2;;0;;12;;;1;;;18;;;2677;6263;8940;6203;;;;;;1;0;1;1;;;;;;80;1;81;1;;;;;;233;472;705;0;;;;;;2048;4723;6771;3869;;;;;;2;5;7;3;;;;;
BLOCS;2014;930300082;930000419;1;3;3;1;0;1;1;1;0;1;0;7;4;;1;1;;11;3;;2161;7105;9266;7504;;;;;;1;53;54;24;;;;;;66;0;66;1;;;;;;42;0;42;0;;;;;;580;2464;3044;1762;;;;;;20;433;453;6;;;;;
BLOCS;2014;930300116;930000427;2;9;9;2;2;0;0;3;3;0;0;14;14;;2;2;;22;22;;4831;7127;11958;10079;;;;;;782;716;1498;1129;;;;;;9;0;9;0;;;;;;1;0;1;0;;;;;;968;5278;6246;3416;;;;;;1;84;85;9;;;;;
BLOCS;2014;930300264;930000492;1;6;;;;;;1;;0;;7;;;1;;;13;;;4393;1940;6333;6105;;;;;;0;0;0;0;;;;;;0;0;0;0;;;;;;0;0;0;0;;;;;;111;1957;2068;1103;;;;;;0;1;1;0;;;;;
BLOCS;2014;930300298;930025523;1;6;0;1;1;;;2;0;;0;9;1;;1;1;;14;14;;2099;4077;6176;5219;;;;;;747;460;1207;752;;;;;;0;0;0;0;;;;;;0;0;0;0;;;;;;702;4279;4981;2873;;;;;;2;19;21;8;;;;;
BLOCS;2014;930300504;930000609;1;6;;0;;1;;1;;0;;8;;;1;;;12;;;912;3109;4021;3016;;1;;1;;0;0;0;0;;;;;;0;0;0;0;;;;;;0;1;1;0;;;;;;696;1815;2511;1435;;;;;;0;4;4;4;;;;;
BLOCS;2014;930300553;930000633;1;7;7;1;1;1;;2;2;1;;12;10;25;1;1;1;9;9;6;3196;4258;7454;6582;;0;0;4;7;806;625;1431;1258;;4;2;1;1;1;0;1;0;;;;;;6;0;6;0;;;;;;1542;3981;5523;2588;;;;;;1;63;64;4;;;;;
BLOCS;2014;930300587;930000641;1;6;;;;;;3;;1;;10;;;2;;;17;;;1101;5922;7023;4782;;;;;;0;0;0;0;;;;;;0;0;0;0;;;;;;3;0;3;0;;;;;;669;4450;5119;2557;;;;;;3;7;10;4;;;;;
BLOCS;2014;930300595;930000658;1;5;5;0;0;1;1;1;1;;;7;7;0;1;1;0;8;8;0;3670;5034;8704;7605;;21;0;7;8;388;293;681;436;;1;6;4;0;7;0;7;0;;;;;;3;0;3;0;;;;;;1053;3724;4777;2738;;;;;;0;5;5;2;;;;;
BLOCS;2014;930300629;930000666;1;2;;1;;1;;1;;1;;6;;1;1;;;10;;;896;3206;4102;3831;;;;;;2;64;66;65;;;;;;183;0;183;0;;;;;;31;0;31;0;;;;;;177;487;664;232;;;;;;0;1;1;1;;;;;
BLOCS;2014;930300645;930000682;;5;0;0;;3;0;2;0;0;;10;0;;4;;;19;;;3892;895;4787;3957;;;;;;0;1;1;1;;;;;;2790;24;2814;1397;;;;;;2100;1138;3238;0;;;;;;686;2341;3027;1226;;;;;;0;1;1;1;;;;;
BLOCS;2014;940000573;940110018;4;16;1;3;2;1;0;4;0;0;0;24;3;20;3;1;20;24;12;20;7073;6716;13789;10039;610;50;13;9;28;1963;410;2373;1562;0;13;24;3;3;0;0;0;0;0;0;0;0;0;3;0;3;0;0;0;0;0;0;2884;2508;5392;2251;1153;0;0;0;0;18;34;52;3;0;0;0;0;0
BLOCS;2014;940000599;940110042;1;8;1;1;1;1;0;1;0;1;;12;2;;1;;;1;;;5182;4231;9413;5681;;;;;;1815;431;2246;1000;;;;;;444;2;446;26;;;;;;46;0;46;0;;;;;;1313;925;2238;985;;;;;;28;13;41;2;;;;;
BLOCS;2014;940000649;940150014;2;4;1;;;1;;1;;0;;6;1;;1;1;;9;9;;4087;1858;5945;4921;;19;1;6;23;;0;0;;;;;;;152;0;152;84;;;;;;9;0;9;0;;;;;;1375;631;2006;934;;;;;;;;;;;;;;
BLOCS;2014;940000656;940150022;1;0;;;;0;;1;0;;;1;0;;;;;;;;48;2;50;0;;;;;;0;0;0;0;;;;;;0;0;0;0;;;;;;1;0;1;0;;;;;;98;36;134;0;;;;;;0;0;0;0;;;;;
BLOCS;2014;940000664;940160013;1;10;;;;2;;1;;1;;14;;;1;;;22;;;10607;3116;13723;7883;5558;2;175;2;2;0;0;0;0;;;;;;2;2;4;4;2;;;;;256;4;260;0;13;3;2;1;1;1909;992;2901;1591;8204;;1;;;289;18;307;0;329;;;;
BLOCS;2014;940006679;940017338;2;8;;1;;1;;1;;1;;12;;0;2;;;21;;;3469;6213;9682;7477;;;;;;548;288;836;785;;;;;;0;0;0;0;;;;;;18;47;65;0;;;;;;461;3195;3656;2047;;;;;;10;9;19;1;;;;;
BLOCS;2014;940016868;940016819;1;1;;1;1;;;1;;1;;4;1;;1;;;4;;;174;67;241;208;;;;;;1800;537;2337;1074;;;;;;0;0;0;0;;;;;;0;0;0;0;;;;;;21;174;195;160;;;;;;1;13;14;0;;;;;
BLOCS;2014;940100027;750712184;1;18;2;;;5;;3;;2;;28;2;2;4;2;14;20;;14;13883;1994;15877;12275;;45;29;18;19;0;0;0;0;;;;;;1913;139;2052;23;;;;;;1860;23;1883;0;;;;;;6959;1416;8375;3851;;;;;;48;18;66;14;;;;;
BLOCS;2014;940100043;750712184;4;14;3;2;1;4;0;2;0;0;0;22;4;3;2;2;1;36;30;6;12156;4168;16324;11516;;69;119;17;31;2599;1112;3711;1744;;10;31;0;0;5;0;5;3;;;;;;263;7;270;0;;;;;;5403;1867;7270;3635;;0;8;0;0;70;84;154;3;;;;;
BLOCS;2014;940100068;750712184;3;5;4;;;1;1;3;0;1;;10;5;;3;;;7;;;2319;530;2849;1596;;;;;;0;0;0;0;;;;;;2;0;2;2;;;;;;269;2;271;0;4;2;1;0;0;1422;623;2045;847;;;;;;47;0;47;0;;;;;
BLOCS;2014;940120017;750821092;1;7;;1;1;1;1;1;;1;;11;2;7;1;;;12;;;3420;1053;4473;3674;;20;8;6;6;805;82;887;292;;6;3;1;1;83;1;84;3;;2;;;;48;15;63;0;;;;;;1187;821;2008;1039;;;;;;8;14;22;3;;;;;
BLOCS;2014;940300031;940000706;1;14;14;0;;0;0;2;2;0;;16;16;;1;;;24;;;6626;17928;24554;21088;;;;;;9;55;64;63;;;;;;110;0;110;1;;;;;;110;13;123;0;;;;;;824;6379;7203;4352;;;;;;3;8;11;3;;;;;
BLOCS;2014;940300270;940000771;2;8;;1;;;;3;;;;12;;;1;;;17;;;3947;4287;8234;7114;;;;;;821;699;1520;1099;;;;;;45;0;45;0;;;;;;145;1;146;0;;;;;;1495;6272;7767;4939;;;;;;3;16;19;6;;;;;
BLOCS;2014;940300379;940000805;2;6;0;1;1;0;0;1;0;0;0;8;1;;2;0;;14;0;;2518;5100;7618;5452;;;;;;423;335;758;543;;;;;;44;0;44;0;;;;;;6;6;12;0;;;;;;450;1838;2288;1577;;;;;;0;14;14;2;;;;;
BLOCS;2014;940300445;940000854;1;5;2;0;0;1;1;1;1;0;0;7;4;0;1;1;0;12;3;0;1773;3566;5339;3911;;;;;;0;0;0;0;;;;;;0;0;0;0;;;;;;1;0;1;0;;;;;;358;1712;2070;1138;;;;;;1;0;1;0;;;;;
BLOCS;2014;940300494;940000896;1;6;;;;0;;1;;0;;7;;;1;;;11;;;2733;3186;5919;4609;;;;;;0;0;0;0;;;;;;0;0;0;0;;;;;;102;0;102;0;;;;;;817;2730;3547;1942;;;;;;2;0;2;2;;;;;
BLOCS;2014;940300551;940000912;2;1;0;1;1;;;0;;0;;2;1;2;1;1;;2;2;4;377;2136;2513;1703;;;;;;776;600;1376;844;;;;;;0;0;0;0;;;;;;0;0;0;0;;;;;;29;159;188;171;;;;;;1;4;5;0;;;;;
BLOCS;2014;940300569;940000912;1;3;;0;;1;;1;;;;5;;;1;;;9;;;2651;3023;5674;4912;;;;;;3;0;3;3;;;;;;6;0;6;0;;;;;;2;0;2;0;;;;;;1421;4018;5439;2832;;;;;;0;5;5;2;;;;;
BLOCS;2014;940813033;940001894;1;6;;0;;0;;5;;;;11;;;2;;;15;;;2393;3012;5405;4478;;;;;;1;50;51;5;;;;;;0;0;0;0;;;;;;0;1;1;0;;;;;;1362;10463;11825;6610;;;;;;2;11;13;5;;;;;
BLOCS;2014;950000307;950110015;2;7;1;2;1;2;1;1;1;2;1;14;5;2;2;1;1;17;6;4;4196;2310;6506;4926;;;;;;1951;589;2540;1120;;;;;;708;4;712;0;;;;;;301;9;310;0;;;;;;2837;1345;4182;1814;;;;;;13;19;32;4;;;;;
BLOCS;2014;950000315;950001370;1;2;1;1;1;0;;2;0;3;0;8;2;0;1;1;0;8;1;0;986;661;1647;1493;;;;;;613;331;944;434;;;;;;1;0;1;0;;;;;;0;0;0;0;;;;;;421;374;795;297;;;;;;1;30;31;0;;;;;
BLOCS;2014;950000323;950013870;1;8;1;0;;0;;0;;0;;8;1;;1;;;7;7;;4795;2048;6843;6047;546;14;4;0;0;132;216;348;273;;;;;;754;0;754;5;;;;;;20;0;20;0;;;;;;3095;665;3760;1284;;;;;;9;7;16;2;;;;;
BLOCS;2014;950000331;950110049;7;6;1;2;1;10;4;2;;0;;20;6;2;2;2;1;12;5;5;4937;2034;6971;5878;;;;;;1157;501;1658;930;;;;;;569;3;572;0;;;;;;10;1;11;0;;;;;;1893;715;2608;1300;;;;;;10;18;28;0;;;;;
BLOCS;2014;950000356;950013870;1;;;2;1;;;;;;;2;1;;1;;;2;;;64;2;66;61;;;;;;1248;100;1348;493;;4;5;2;4;0;0;0;0;;;;;;0;0;0;0;;;;;;1;1;2;1;;;;;;0;0;0;0;;;;;
BLOCS;2014;950000364;950110080;2;16;1;2;1;2;;5;;;;25;2;1;2;1;;31;6;;8281;4720;13001;9492;;;;;;3449;858;4307;1895;;;;;;1003;4;1007;43;;;;;;414;30;444;0;;;;;;3054;1988;5042;2367;;;;;;23;43;66;1;;;;;
BLOCS;2014;950300095;950000455;;3;0;0;0;1;0;1;0;0;0;5;0;;1;0;;8;0;;1915;4363;6278;5387;;;;;;0;14;14;14;;;;;;0;0;0;0;;;;;;3;0;3;0;;;;;;194;1786;1980;1099;;;;;;1;2;3;0;;;;;
BLOCS;2014;950300137;950000471;1;5;;1;;;;2;;0;;8;;;1;;;10;;;2408;8435;10843;8492;;;;;;0;10;10;10;;;;;;0;0;0;0;;;;;;0;0;0;0;;;;;;135;4024;4159;2392;;;;;;0;16;16;6;;;;;
BLOCS;2014;950300202;950000521;1;5;;1;;;;1;;1;;8;;;1;;;15;;;4423;11961;16384;13494;;;;;;560;176;736;463;;;;;;0;0;0;0;;;;;;0;0;0;0;;;;;;502;3363;3865;2368;;;;;;1;14;15;4;;;;;
BLOCS;2014;950300244;950000539;1;7;7;0;0;1;1;2;2;1;0;11;10;;1;;;17;;;4674;10597;15271;11559;;;;;;0;0;0;0;;;;;;28;1;29;1;;;;;;104;5;109;0;;;;;;1596;6927;8523;5217;;;;;;1;28;29;17;;;;;
BLOCS;2014;950300277;950000547;2;4;0;1;1;1;0;2;0;0;0;8;1;3;1;1;1;8;8;8;4097;6559;10656;8586;;3;;10;4;906;579;1485;767;;4;11;;5;27;3;30;11;;;;;;238;34;272;0;;;;;;706;6284;6990;3350;;;;;;8;85;93;3;;;;;
BLOCS;2014;950300350;950015438;2;2;1;1;1;0;0;1;0;0;;4;2;;1;1;;4;;;656;2551;3207;2537;;;;;;306;258;564;415;;;;;;0;0;0;0;;;;;;0;0;0;0;;;;;;228;1742;1970;1164;;;;;;0;11;11;0;;;;;
BLOCS;2014;950807982;950001636;3;10;1;1;1;;;5;;;;16;2;;3;;;22;;;4392;9445;13837;10885;;120;17;48;58;1153;557;1710;1147;;5;8;1;1;33;0;33;0;;;;;;65;103;168;0;;;;;;1294;9587;10881;6418;;;;1;;3;27;30;7;;;;;
BLOCS;2014;970100012;970100103;3;4;;;;1;;1;;;;6;;;2;;;15;;;722;5914;6636;3551;;;;;1;159;169;328;151;;;1;;1;0;0;0;0;;;;;;14;0;14;0;;;;;;886;2739;3625;2084;;;;;;1;6;7;1;;;;;
BLOCS;2014;970100020;970100152;;0;;;;;;2;;0;;2;;;;;;;;;8;22;30;18;;;;;;0;0;0;0;;;;;;0;0;0;0;;;;;;0;0;0;0;;;;;;1615;3775;5390;2409;;;;;;2;1;3;1;;;;;
BLOCS;2014;970100392;970100178;3;4;4;1;1;1;1;1;0;1;0;8;6;1;1;1;0;5;5;0;2333;1292;3625;2962;;6;6;4;10;428;413;841;310;;0;4;0;0;66;0;66;2;;0;;;;9;0;9;0;;0;;;;384;131;515;228;;0;;;;1;1;2;0;;0;;;
BLOCS;2014;970100400;970100186;;3;0;1;0;1;0;1;;0;;6;0;1;1;;;6;;;1200;755;1955;1514;;;;;;417;130;547;352;;;;;;2;2;4;0;;;;;;0;0;0;0;;;;;;212;307;519;318;;;;;;0;0;0;0;;;;;
BLOCS;2014;970100442;970100228;1;9;2;2;2;1;1;2;0;2;0;16;5;;1;1;0;18;18;0;8972;2367;11339;9252;;;;;;1683;1080;2763;1083;;;;;;480;3;483;2;;1;3;0;1;70;1;71;0;;;;;;3314;314;3628;1615;;;;;;23;81;104;7;;;;;
BLOCS;2014;970107249;970100731;1;14;;1;;1;;1;;1;;18;;;4;;;24;;;6870;10351;17221;12055;;;;;;626;463;1089;560;;;;;;8;0;8;0;;;;;;372;186;558;0;;;;;;2025;4564;6589;3817;;;;;;23;180;203;5;;;;;
BLOCS;2014;970202313;970200168;2;8;0;1;0;1;0;1;0;1;0;12;0;0;2;0;;15;0;;3855;7420;11275;8622;405;30;22;;;229;59;288;257;23;1;4;2;3;0;0;0;0;;;;;;306;240;546;5;;;2;;;676;3678;4354;3399;2794;4;112;;;6;45;51;26;;;;;
BLOCS;2014;970202321;970210423;1;6;;1;;;;1;;1;;9;;;1;;;9;;;2158;2409;4567;3231;;;;;;344;35;379;171;;;;;;0;0;0;0;;;;;;0;0;0;0;;;;;;363;2115;2478;1738;;;;;;0;3;3;0;;;;;
BLOCS;2014;970211215;970211207;;6;;;;3;;1;;1;;11;;;10;;;16;;;8566;1474;10040;8067;;;;;;0;0;0;0;;;;;;577;1;578;12;;;;;;394;3;397;0;;;;;;2022;130;2152;672;;;;;;30;3;33;4;;;;;
BLOCS;2014;970211223;970211207;;1;;1;;0;;1;;0;;3;;;1;;;3;;;184;78;262;225;;;;;;362;647;1009;448;;;;;;2;0;2;0;;;;;;5;0;5;0;;;;;;381;452;833;505;;;;;;1;7;8;0;;;;;
BLOCS;2014;970211231;970211207;;6;;0;;0;;0;;0;;6;;;1;;;9;;;2253;1465;3718;2426;;;;;;1;137;138;138;;;;;;0;0;0;0;;;;;;1;15;16;0;;;;;;1401;1053;2454;1832;;;;;;6;28;34;0;;;;;
BLOCS;2014;970211256;970211207;1;4;1;1;1;0;;0;;0;;5;2;;1;1;;6;6;;1453;495;1948;1544;;9;0;1;8;1238;3456;4694;2039;;6;5;0;5;30;0;30;26;;;;;;40;0;40;0;;;;;;152;154;306;225;;;;;;2;4;6;0;;;;;
BLOCS;2014;970300026;970302022;2;4;4;1;1;3;3;2;1;1;;11;9;;1;1;;1;1;;3719;617;4336;3355;;;;;;1892;457;2349;1383;;;;;;7;0;7;0;;;;;;30;0;30;0;;;;;;1348;513;1861;603;;;;;;5;2;7;1;;;;;
BLOCS;2014;970300083;970302121;1;2;1;0;;;;0;;0;;2;1;;1;;;3;;;2158;113;2271;2219;113;;;;;948;;948;948;;;;;;0;0;0;0;;;;;;0;0;0;0;;;;;;70;1;71;45;;;;;;1;0;1;0;;;;;
BLOCS;2014;970300265;750721334;1;3;;1;;;;;;;;4;;;1;;;8;;;1699;581;2280;1165;;;;;;268;376;644;182;;;;;;0;0;0;0;;;;;;34;2;36;0;;;;;;477;122;599;274;;;;;;9;10;19;1;;;;;
BLOCS;2014;970302055;970303285;1;2;1;1;1;1;0;1;0;1;0;6;2;0;1;1;0;6;6;0;1773;1348;3121;2705;;;;;;219;5;224;138;;;;;;1;0;1;1;;;;;;79;2;81;0;;;;;;302;2710;3012;1320;;;;;;1;7;8;1;;;;;
BLOCS;2014;970400024;970408589;1;13;2;1;1;2;;1;;;;17;3;;3;;;25;;;10865;3477;14342;11778;107;48;170;25;51;1624;732;2356;1148;0;57;117;8;17;950;10;960;232;0;2;4;0;0;274;21;295;0;0;0;3;0;0;3335;629;3964;1623;2369;3;23;2;4;137;70;207;10;0;0;8;0;0
BLOCS;2014;970400057;970408589;1;10;1;2;1;1;;0;;0;;13;2;0;1;1;0;19;3;0;7991;2233;10224;7955;;19;15;16;19;2840;1071;3911;1528;;8;16;0;5;588;0;588;127;;0;0;0;0;264;2;266;0;;0;0;0;0;3519;831;4350;2022;;0;0;0;0;14;18;32;0;;0;0;0;0
BLOCS;2014;970400065;970421038;1;3;3;1;1;1;0;2;;1;;8;4;0;1;1;;6;6;;2522;1125;3647;2991;3540;25;5;6;7;1046;913;1959;885;29;31;21;;11;0;0;0;0;3;;;;;110;3;113;0;4;;;;;1197;480;1677;713;433;4;;;;5;4;9;0;15;;;;
BLOCS;2014;970400073;970403606;1;3;;1;1;0;;1;;1;;6;1;;1;;;9;;;2421;1556;3977;3089;;;;;;897;649;1546;752;;;;;;0;0;0;0;;;;;;1;0;1;0;;;;;;953;2467;3420;1747;;;;;;4;7;11;0;;;;;
BLOCS;2014;970404844;970404836;1;4;;0;;;;0;;0;;4;;;1;;;6;;;1857;6126;7983;5328;;;;;;3;156;159;157;;;;;;0;0;0;0;;;;;;0;0;0;0;;;;;;364;2068;2432;1398;;;;;;25;59;84;2;;;;;
BLOCS;2014;970462024;970400255;1;2;;1;;;;;;;;3;;;1;;;3;;;54;766;820;807;;;;;;373;109;482;442;;;;;;0;0;0;0;;;;;;0;0;0;0;;;;;;7;163;170;142;;;;;;0;5;5;1;;;;;
BLOCS;2014;970462073;970400271;;7;;1;;;;1;;1;;10;;;3;;;16;;;3514;6723;10237;7672;;;;;;600;78;678;285;;;;;;0;0;0;0;;;;;;0;0;0;0;;;;;;665;4634;5299;4087;;;;;;1;22;23;6;;;;;
BLOCS;2014;970462081;970400255;1;6;;;;1;;1;;;;8;;;1;;;11;;;2870;4032;6902;5675;;;;;;3;20;23;19;;;;;;0;0;0;0;;;;;;15;80;95;0;;;;;;1388;2778;4166;3081;;;;;;2;13;15;3;;;;;
BLOCS;2014;970462107;970400305;1;7;;1;;2;;1;;0;;11;;;1;;;11;;;6496;1791;8287;7211;;;;;;524;519;1043;535;;;;;;654;5;659;580;;;;;;4353;294;4647;0;;;;;;3189;4170;7359;5133;;;;;;5;18;23;0;;;;;
BLOCS;2014;970466751;970400446;;4;;;;;;;;1;;5;;5;1;;;4;;;0;5652;5652;3278;;;;;;0;0;0;0;;;;;;0;0;0;0;;;;;;0;0;0;0;;;;;;0;0;0;0;;;;;;0;9;9;0;;;;;
BLOCS;2014;980500011;980500003;1;4;1;2;1;0;;0;;;;6;2;;1;1;1;9;9;9;3736;3394;7130;6298;;;;;;3257;1477;4734;2086;;;;;;0;0;0;0;;;;;;0;0;0;0;;;;;;479;161;640;365;;;;;;1;2;3;2;;;;;
