BOR;AN;FI;FI_EJ;PERSO;EFFPL;EFFPAS;ETP;GAR;AST
BLOCS_P;2014;010000024;010780054;M100H;4;;0.8;0;0
BLOCS_P;2014;010000024;010780054;M1030;7;2;4.6;1;0
BLOCS_P;2014;010000024;010780054;M200H;20;2;7.64;0;1
BLOCS_P;2014;010000024;010780054;N2200;14;4;15.49;0;0
BLOCS_P;2014;010000024;010780054;N2310;17;7;21.82;1;1
BLOCS_P;2014;010000024;010780054;N2320;15;3;17.06;0;1
BLOCS_P;2014;010000024;010780054;N2510;11;3;12.82;0;0
BLOCS_P;2014;010000024;010780054;NAUT;2;0;2;0;0
BLOCS_P;2014;010000032;010780062;M1030;1;;0.47;0;1
BLOCS_P;2014;010000032;010780062;M200H;2;;2.5;0;1
BLOCS_P;2014;010000032;010780062;N2200;4;5;8.34;0;1
BLOCS_P;2014;010000032;010780062;N2310;3;1;3.49;0;1
BLOCS_P;2014;010000032;010780062;NAUT;5;1;5.63;0;0
BLOCS_P;2014;010005239;010008407;M1030;5;0;4.44;;
BLOCS_P;2014;010005239;010008407;M200H;6;0;2.6;;
BLOCS_P;2014;010005239;010008407;N2200;5;4;7.89;;
BLOCS_P;2014;010005239;010008407;N2310;6;1;6.9;;
BLOCS_P;2014;010005239;010008407;N2320;3;0;3;;
BLOCS_P;2014;010005239;010008407;N2510;1;0;1;;
BLOCS_P;2014;010005239;010008407;NAUT;4;0;3.35;;
BLOCS_P;2014;010007300;010007292;N2200;0;3;2.47;;
BLOCS_P;2014;010007300;010007292;N2310;0;1;0.54;;
BLOCS_P;2014;010007300;010007292;NAUT;0;1;0.54;;
BLOCS_P;2014;010780195;010000156;M100H;10;28;13.85;0;1
BLOCS_P;2014;010780195;010000156;M1030;11;1;11.5;0;1
BLOCS_P;2014;010780195;010000156;M200H;15;9;20;0;1
BLOCS_P;2014;010780195;010000156;N2200;23;5;27.55;0;1
BLOCS_P;2014;010780195;010000156;N2310;1;1;1.92;0;1
BLOCS_P;2014;010780195;010000156;N4130;6;0;6;0;1
BLOCS_P;2014;010780195;010000156;N4160;1;;1;0;0
BLOCS_P;2014;010780195;010000156;NAUT;10;1;11.28;0;0
BLOCS_P;2014;010780203;010006450;M100H;10;16;26;0;1
BLOCS_P;2014;010780203;010006450;M1030;2;2;4.26;0;1
BLOCS_P;2014;010780203;010006450;M200H;4;15;19;0;1
BLOCS_P;2014;010780203;010006450;N2200;;;;;1
BLOCS_P;2014;010780203;010006450;N2320;;;;;1
BLOCS_P;2014;010780203;010006450;N4160;1;;1;;
BLOCS_P;2014;020000162;020000063;M100H;0;3;0.5;0;0
BLOCS_P;2014;020000162;020000063;M1030;5;3;7.1;1;1
BLOCS_P;2014;020000162;020000063;M200H;17;6;20.2;0;1
BLOCS_P;2014;020000162;020000063;N2200;18;9;25.1;1;0
BLOCS_P;2014;020000162;020000063;N2310;18;11;25.03;1;0
BLOCS_P;2014;020000162;020000063;N2320;11;4;13.95;1;0
BLOCS_P;2014;020000162;020000063;N2510;13;0;12.54;1;0
BLOCS_P;2014;020000162;020000063;NAUT;43;24;54.74;1;0
BLOCS_P;2014;020000360;020014742;M100H;0;6;;0;1
BLOCS_P;2014;020000360;020014742;M1030;2;;;0;1
BLOCS_P;2014;020000360;020014742;M200H;4;19;;0;1
BLOCS_P;2014;020000360;020014742;N2200;6;1;6.9;0;1
BLOCS_P;2014;020000360;020014742;N2320;1;;1;0;0
BLOCS_P;2014;020000360;020014742;N2510;3;;3;0;0
BLOCS_P;2014;020000360;020014742;NAUT;3;;3;0;0
BLOCS_P;2014;020000394;020000253;M100H;0;1;0.03;0;1
BLOCS_P;2014;020000394;020000253;M1030;6;2;6.92;1;0
BLOCS_P;2014;020000394;020000253;M200H;0;0;0;0;1
BLOCS_P;2014;020000394;020000253;N2200;16;4;19.54;0;1
BLOCS_P;2014;020000394;020000253;N2310;8;0;8.74;1;0
BLOCS_P;2014;020000394;020000253;N2320;2;2;2.97;1;0
BLOCS_P;2014;020000394;020000253;N2510;6;3;8.64;0;0
BLOCS_P;2014;020000394;020000253;N4130;0;0;0;1;0
BLOCS_P;2014;020000394;020000253;N4160;0;0;0;0;1
BLOCS_P;2014;020000394;020000253;NAUT;5;2;5.32;0;0
BLOCS_P;2014;020000519;020000261;M100H;7;2;0.9;1;1
BLOCS_P;2014;020000519;020000261;M1030;8;1;8.5;1;1
BLOCS_P;2014;020000519;020000261;M200H;13;7;5.6;1;1
BLOCS_P;2014;020000519;020000261;N2200;10;5;13.4;1;0
BLOCS_P;2014;020000519;020000261;N2310;5;6;9.8;1;0
BLOCS_P;2014;020000519;020000261;N2320;6;3;8.39;1;0
BLOCS_P;2014;020000519;020000261;N2510;11;;11;0;0
BLOCS_P;2014;020000519;020000261;N4160;2;;2;0;0
BLOCS_P;2014;020000519;020000261;NAUT;3;2;4.2;0;0
BLOCS_P;2014;020000535;020000287;M100H;0;0;0;1;1
BLOCS_P;2014;020000535;020000287;M1030;;3;1.63;1;0
BLOCS_P;2014;020000535;020000287;M200H;0;0;0;;1
BLOCS_P;2014;020000535;020000287;N2200;4;2;5.43;0;0
BLOCS_P;2014;020000535;020000287;N2310;2;4;5.2;1;0
BLOCS_P;2014;020000535;020000287;N2320;10;;9.5;0;0
BLOCS_P;2014;020000535;020000287;N2510;11;;10.37;0;0
BLOCS_P;2014;020000535;020000287;N4160;;1;0.2;0;0
BLOCS_P;2014;020000535;020000287;NAUT;;2;1.3;0;0
BLOCS_P;2014;020001061;020004404;M100H;4;3;0.1;0;1
BLOCS_P;2014;020001061;020004404;M1030;5;0;1.5;1;0
BLOCS_P;2014;020001061;020004404;M200H;5;5;1.9;0;1
BLOCS_P;2014;020001061;020004404;N2200;3;;3;0;0
BLOCS_P;2014;020001061;020004404;N2310;5;;4.5;1;0
BLOCS_P;2014;020001061;020004404;N2320;6;;6;;1
BLOCS_P;2014;020001061;020004404;N2510;1;;1;0;0
BLOCS_P;2014;020001061;020004404;NAUT;3;1;3;0;0
BLOCS_P;2014;020010047;020001632;M100H;18;13;28.4;0;1
BLOCS_P;2014;020010047;020001632;M1030;6;1;6.5;;1
BLOCS_P;2014;020010047;020001632;M200H;11;7;16.6;0;1
BLOCS_P;2014;020010047;020001632;N2200;15;2;16.3;0;1
BLOCS_P;2014;020010047;020001632;N2320;3;;3;0;1
BLOCS_P;2014;020010047;020001632;N2510;16;2;17;0;0
BLOCS_P;2014;020010047;020001632;N4160;1;;1;0;0
BLOCS_P;2014;020010047;020001632;NAUT;6;;6;0;0
BLOCS_P;2014;030000061;030780092;M100H;;;;0;1
BLOCS_P;2014;030000061;030780092;M1030;5;2;4.89;1;0
BLOCS_P;2014;030000061;030780092;M200H;;;;0;1
BLOCS_P;2014;030000061;030780092;N2200;7;3;9.85;1;1
BLOCS_P;2014;030000061;030780092;N2310;12;3;12.87;1;0
BLOCS_P;2014;030000061;030780092;N2320;12;0;11.5;1;1
BLOCS_P;2014;030000061;030780092;N2510;8;1;9.5;0;1
BLOCS_P;2014;030000061;030780092;N4130;0;0;0;0;1
BLOCS_P;2014;030000061;030780092;NAUT;6;0;6.29;0;0
BLOCS_P;2014;030000079;030780100;M1030;3;;1.26;1;
BLOCS_P;2014;030000079;030780100;N2200;5;;5;;1
BLOCS_P;2014;030000079;030780100;N2310;10;;10;;1
BLOCS_P;2014;030000079;030780100;N2320;10;;10;;1
BLOCS_P;2014;030000079;030780100;N2510;7;;7;;0
BLOCS_P;2014;030000087;030780118;M100H;7;1;7.1;0;1
BLOCS_P;2014;030000087;030780118;M1030;5;1;5.8;0;1
BLOCS_P;2014;030000087;030780118;M200H;15;10;14.77;0;1
BLOCS_P;2014;030000087;030780118;N2200;11;2;8.86;;
BLOCS_P;2014;030000087;030780118;N2310;17;0;16.89;;
BLOCS_P;2014;030000087;030780118;N2320;8;4;13.3;;
BLOCS_P;2014;030000087;030780118;N2510;2;0;1.82;;
BLOCS_P;2014;030000087;030780118;NAUT;7;0;7.97;;
BLOCS_P;2014;030780548;030000194;M100H;2;2;2.3;0;1
BLOCS_P;2014;030780548;030000194;M1030;3;;3;0;1
BLOCS_P;2014;030780548;030000194;M200H;15;4;15.83;0;1
BLOCS_P;2014;030780548;030000194;N2200;11;3;12.34;0;1
BLOCS_P;2014;030780548;030000194;N2320;1;;1;0;1
BLOCS_P;2014;030780548;030000194;N2510;4;3;5.76;0;1
BLOCS_P;2014;030780548;030000194;N4160;1;;1;0;1
BLOCS_P;2014;030780548;030000194;NAUT;8;;8;;
BLOCS_P;2014;030781116;030000426;M100H;18;;18;0;0
BLOCS_P;2014;030781116;030000426;M1030;6;;6;0;1
BLOCS_P;2014;030781116;030000426;M200H;20;;20;0;0
BLOCS_P;2014;030781116;030000426;N2200;20;1;20.8;0;1
BLOCS_P;2014;030781116;030000426;N2320;1;;1;0;1
BLOCS_P;2014;030781116;030000426;N2510;8;;8;0;0
BLOCS_P;2014;030781116;030000426;N4160;2;;2;0;1
BLOCS_P;2014;030785430;030785422;M100H;5;0;5;0;0
BLOCS_P;2014;030785430;030785422;M1030;4;;4;0;0
BLOCS_P;2014;030785430;030785422;M200H;16;4;18;0;0
BLOCS_P;2014;030785430;030785422;N2200;5;;4.97;0;1
BLOCS_P;2014;030785430;030785422;N2320;6;;5.93;0;1
BLOCS_P;2014;030785430;030785422;N2510;5;;4.92;0;0
BLOCS_P;2014;030785430;030785422;N4160;1;;1;0;0
BLOCS_P;2014;040000093;040780215;M100H;;1;1;0;1
BLOCS_P;2014;040000093;040780215;M1030;7;1;7.99;1;
BLOCS_P;2014;040000093;040780215;M200H;4;6;12.44;0;1
BLOCS_P;2014;040000093;040780215;N2200;12;3;11.82;0;1
BLOCS_P;2014;040000093;040780215;N2310;10;2;11.78;0;1
BLOCS_P;2014;040000093;040780215;N2320;4;3;5.35;0;1
BLOCS_P;2014;040000093;040780215;N2510;1;;1;0;
BLOCS_P;2014;040000093;040780215;N4160;1;;1;;
BLOCS_P;2014;040000093;040780215;NAUT;7;1;7.67;0;1
BLOCS_P;2014;040000135;050002948;M1030;1;0;0.5;;
BLOCS_P;2014;040000135;050002948;N2200;0;1;0.74;;
BLOCS_P;2014;040000135;050002948;N2310;1;0;0.28;;
BLOCS_P;2014;040000135;050002948;N2320;0;1;0.74;;
BLOCS_P;2014;040000135;050002948;NAUT;4;0;1.54;;
BLOCS_P;2014;040000911;040788879;M100H;;2;0.64;0;1
BLOCS_P;2014;040000911;040788879;M1030;3;;2.34;0;1
BLOCS_P;2014;040000911;040788879;M200H;5;1;5.15;0;1
BLOCS_P;2014;040000911;040788879;N2200;12;2;13;0;1
BLOCS_P;2014;040000911;040788879;N2310;7;2;8.72;0;1
BLOCS_P;2014;040000911;040788879;N2320;3;1;3.86;0;1
BLOCS_P;2014;040000911;040788879;N2510;7;;7;0;1
BLOCS_P;2014;040000911;040788879;N4160;1;;1;0;0
BLOCS_P;2014;040000911;040788879;NAUT;9;4;7.03;0;0
BLOCS_P;2014;040780470;040000192;M100H;0;2;1;0;0
BLOCS_P;2014;040780470;040000192;M1030;0;3;2;0;0
BLOCS_P;2014;040780470;040000192;M200H;3;14;6.3;0;0
BLOCS_P;2014;040780470;040000192;N2200;6;1;6.8;0;0
BLOCS_P;2014;040780470;040000192;N2310;2;0;2;0;0
BLOCS_P;2014;040780470;040000192;N2320;1;0;1;0;0
BLOCS_P;2014;040780470;040000192;N2510;0;1;0.5;0;0
BLOCS_P;2014;040780470;040000192;N4160;1;0;1;0;0
BLOCS_P;2014;040780470;040000192;NAUT;2;2;3;;
BLOCS_P;2014;050000041;130037815;M100H;;2;0.2;;
BLOCS_P;2014;050000041;130037815;N2200;2;;1.75;;
BLOCS_P;2014;050000041;130037815;N2510;;1;0.75;;
BLOCS_P;2014;050000090;050006931;M100H;14;;14;0;0
BLOCS_P;2014;050000090;050006931;M1030;6;;6;0;0
BLOCS_P;2014;050000090;050006931;M200H;23;;23;0;0
BLOCS_P;2014;050000090;050006931;N2310;;1;0.86;0;0
BLOCS_P;2014;050000090;050006931;N2320;1;;1;0;0
BLOCS_P;2014;050000090;050006931;N4160;1;;1;0;1
BLOCS_P;2014;050000231;050000116;M100H;1;1;0.36;;
BLOCS_P;2014;050000231;050000116;M1030;2;2;2.91;;
BLOCS_P;2014;050000231;050000116;M200H;6;4;1.94;;
BLOCS_P;2014;050000231;050000116;N2200;6;2;8.95;;
BLOCS_P;2014;050000231;050000116;N2310;6;2;7.69;;
BLOCS_P;2014;050000231;050000116;N2320;6;3;7.85;;
BLOCS_P;2014;050000231;050000116;N2510;2;2;3.4;;
BLOCS_P;2014;050000231;050000116;NAUT;4;1;4.7;;
BLOCS_P;2014;050000348;050002948;M1030;6;5;7.16;;
BLOCS_P;2014;050000348;050002948;N2200;7;2;8.38;;
BLOCS_P;2014;050000348;050002948;N2310;14;8;19;;
BLOCS_P;2014;050000348;050002948;N2320;13;6;16.47;;
BLOCS_P;2014;050000348;050002948;N2510;13;2;13.11;;
BLOCS_P;2014;050000348;050002948;NAUT;5;1;5.57;;
BLOCS_P;2014;060000478;060780897;M100H;;;0.61;1;
BLOCS_P;2014;060000478;060780897;M1030;13;2;11.01;1;
BLOCS_P;2014;060000478;060780897;M200H;9;10;3.6;1;
BLOCS_P;2014;060000478;060780897;N2200;8;2;9.7;;0
BLOCS_P;2014;060000478;060780897;N2310;10;5;14.1;;1
BLOCS_P;2014;060000478;060780897;N2320;11;2;12.8;;1
BLOCS_P;2014;060000478;060780897;N2510;2;1;2.9;;0
BLOCS_P;2014;060000478;060780897;N4130;;;;;1
BLOCS_P;2014;060000478;060780897;NAUT;13;4;16.45;;
BLOCS_P;2014;060000510;060780954;M100H;3;;2.5;;1
BLOCS_P;2014;060000510;060780954;M1030;6;4;9.63;1;
BLOCS_P;2014;060000510;060780954;M200H;12;17;10.86;0;1
BLOCS_P;2014;060000510;060780954;N2200;12;1;4.84;0;0
BLOCS_P;2014;060000510;060780954;N2310;10;5;13.24;1;0
BLOCS_P;2014;060000510;060780954;N2320;10;0;8.97;1;0
BLOCS_P;2014;060000510;060780954;N2510;4;1;4.84;0;0
BLOCS_P;2014;060000510;060780954;NAUT;14;0;13.52;0;0
BLOCS_P;2014;060000528;060780962;M100H;3;7;5.81;0;1
BLOCS_P;2014;060000528;060780962;M1030;6;1;5.7;0;1
BLOCS_P;2014;060000528;060780962;M200H;12;2;9.58;0;1
BLOCS_P;2014;060000528;060780962;N2200;13;;11.66;0;0
BLOCS_P;2014;060000528;060780962;N2310;11;1;10.24;0;1
BLOCS_P;2014;060000528;060780962;N2320;6;;6.41;0;1
BLOCS_P;2014;060000528;060780962;N2510;6;;4.61;0;1
BLOCS_P;2014;060000528;060780962;N4160;1;1;1.51;0;0
BLOCS_P;2014;060000528;060780962;NAUT;8;;8.82;0;0
BLOCS_P;2014;060000544;060780988;M100H;16;5;16.7;1;1
BLOCS_P;2014;060000544;060780988;M1030;10;5;11.98;;
BLOCS_P;2014;060000544;060780988;M200H;20;14;22.69;;1
BLOCS_P;2014;060000544;060780988;N2200;16;5;15.68;;0
BLOCS_P;2014;060000544;060780988;N2310;14;7;17.37;;0
BLOCS_P;2014;060000544;060780988;N2320;9;2;9.07;;0
BLOCS_P;2014;060000544;060780988;N2510;8;3;10.72;;
BLOCS_P;2014;060000544;060780988;NAUT;13;2;10.17;;
BLOCS_P;2014;060001450;060785011;M100H;0;1;0.5;1;1
BLOCS_P;2014;060001450;060785011;M1030;1;14;11.46;1;1
BLOCS_P;2014;060001450;060785011;M200H;3;29;7.59;1;1
BLOCS_P;2014;060001450;060785011;N2200;34;4;32.15;1;1
BLOCS_P;2014;060001450;060785011;N2310;25;1;25.82;1;1
BLOCS_P;2014;060001450;060785011;N2320;8;2;9.95;1;1
BLOCS_P;2014;060001450;060785011;N2510;26;5;27.78;1;1
BLOCS_P;2014;060001450;060785011;N4130;0;0;0;1;1
BLOCS_P;2014;060001450;060785011;N4160;0;0;0;1;1
BLOCS_P;2014;060001450;060785011;NAUT;24;0;17.52;1;1
BLOCS_P;2014;060002102;060791761;M100H;5;5;6.4;;
BLOCS_P;2014;060002102;060791761;M1030;4;1;4.5;;
BLOCS_P;2014;060002102;060791761;M200H;6;2;6.4;;
BLOCS_P;2014;060002102;060791761;N2200;6;2;7.6;;
BLOCS_P;2014;060002102;060791761;N2310;5;2;6.6;;
BLOCS_P;2014;060002102;060791761;N2320;2;;2;;
BLOCS_P;2014;060002102;060791761;N2510;5;;5;;
BLOCS_P;2014;060002102;060791761;NAUT;1;;1;;
BLOCS_P;2014;060021417;060000221;N2200;19;5;21.11;;
BLOCS_P;2014;060021417;060000221;N2320;;2;0.74;;
BLOCS_P;2014;060021417;060000221;N2510;6;;6.13;;
BLOCS_P;2014;060021417;060000221;N4160;3;;3;;
BLOCS_P;2014;060021417;060000221;NAUT;9;2;10.5;;
BLOCS_P;2014;060780442;060000213;M100H;;13;2;0;1
BLOCS_P;2014;060780442;060000213;M1030;4;;4;0;1
BLOCS_P;2014;060780442;060000213;M200H;3;42;10;0;1
BLOCS_P;2014;060780442;060000213;N2200;8;1;9;;
BLOCS_P;2014;060780442;060000213;N2310;1;;1;;
BLOCS_P;2014;060780442;060000213;N2320;1;;1;;
BLOCS_P;2014;060780442;060000213;N2510;2;;2;;
BLOCS_P;2014;060780442;060000213;N4130;1;;1;;
BLOCS_P;2014;060780442;060000213;NAUT;4;;4;;
BLOCS_P;2014;060780491;060790797;M100H;;11;5.5;0;1
BLOCS_P;2014;060780491;060790797;M1030;;10;5;1;1
BLOCS_P;2014;060780491;060790797;M200H;;27;13.5;0;1
BLOCS_P;2014;060780491;060790797;N2200;16;19;29.12;0;1
BLOCS_P;2014;060780491;060790797;N2510;8;2;9.1;0;1
BLOCS_P;2014;060780491;060790797;N4160;2;1;2.73;0;1
BLOCS_P;2014;060780491;060790797;NAUT;4;8;9.27;;
BLOCS_P;2014;060780517;060000239;M100H;0;3;1.5;;
BLOCS_P;2014;060780517;060000239;M1030;12;0;12;;1
BLOCS_P;2014;060780517;060000239;M200H;26;15;33;;1
BLOCS_P;2014;060780517;060000239;N2200;31;;31;;1
BLOCS_P;2014;060780517;060000239;N2310;7;;7;;1
BLOCS_P;2014;060780517;060000239;N2510;7;;7;;1
BLOCS_P;2014;060780517;060000239;N4130;4;;4;;1
BLOCS_P;2014;060780517;060000239;N4160;1;;1;;0
BLOCS_P;2014;060780517;060000239;NAUT;13;;13;;1
BLOCS_P;2014;060780590;060000270;M100H;4;2;4.4;0;1
BLOCS_P;2014;060780590;060000270;M1030;2;2;3;0;1
BLOCS_P;2014;060780590;060000270;M200H;11;5;12;0;1
BLOCS_P;2014;060780590;060000270;N2200;8;2;9.3;0;1
BLOCS_P;2014;060780590;060000270;N2310;1;3;2.2;0;0
BLOCS_P;2014;060780590;060000270;N2320;1;1;1.96;0;1
BLOCS_P;2014;060780590;060000270;N2510;1;1;1.74;0;0
BLOCS_P;2014;060780590;060000270;N4160;1;0;1;0;0
BLOCS_P;2014;060780590;060000270;NAUT;3;;3.76;0;0
BLOCS_P;2014;060780665;060000312;M1030;2;;2;0;1
BLOCS_P;2014;060780665;060000312;M200H;;30;15;0;1
BLOCS_P;2014;060780665;060000312;N2200;4;2;5.6;0;1
BLOCS_P;2014;060780665;060000312;N2510;1;;1;0;
BLOCS_P;2014;060780665;060000312;N4160;1;;1;0;
BLOCS_P;2014;060780665;060000312;NAUT;4;;4;0;
BLOCS_P;2014;060780699;060000346;M1030;;2;1;0;0
BLOCS_P;2014;060780699;060000346;N2200;3;;2.5;0;0
BLOCS_P;2014;060780699;060000346;N2310;;2;1;0;0
BLOCS_P;2014;060780699;060000346;N2320;1;;1;0;0
BLOCS_P;2014;060780699;060000346;N2510;1;;1;0;0
BLOCS_P;2014;060780699;060000346;NAUT;1;;1;0;0
BLOCS_P;2014;060780715;060000361;M100H;12;53;22.6;;1
BLOCS_P;2014;060780715;060000361;M1030;26;1;26.2;1;1
BLOCS_P;2014;060780715;060000361;M200H;27;33;33.6;;1
BLOCS_P;2014;060780715;060000361;N2200;20;2;20.8;1;0
BLOCS_P;2014;060780715;060000361;N2510;7;;7;0;0
BLOCS_P;2014;060780715;060000361;N4130;11;;11;0;1
BLOCS_P;2014;060780715;060000361;N4160;2;;2;0;0
BLOCS_P;2014;060780715;060000361;NAUT;33;;33;;0
BLOCS_P;2014;060780723;060004959;M100H;;22;1.5;;
BLOCS_P;2014;060780723;060004959;M1030;8;2;9;;
BLOCS_P;2014;060780723;060004959;M200H;;60;25.5;;
BLOCS_P;2014;060780723;060004959;N2320;4;3;6.22;;
BLOCS_P;2014;060780723;060004959;N2510;2;;2;;
BLOCS_P;2014;060780723;060004959;N4160;1;;1;;
BLOCS_P;2014;060780723;060004959;NAUT;5;1;5.5;;
BLOCS_P;2014;060780756;060000403;M1030;4;2;0;;
BLOCS_P;2014;060780756;060000403;M200H;5;;0;;
BLOCS_P;2014;060780756;060000403;N4160;1;;1;;
BLOCS_P;2014;060780947;060800174;M100H;1;1;0.4;0;0
BLOCS_P;2014;060780947;060800174;M1030;5;;3.48;1;0
BLOCS_P;2014;060780947;060800174;M200H;9;3;2.73;;1
BLOCS_P;2014;060780947;060800174;N2200;15;;11.3;0;1
BLOCS_P;2014;060780947;060800174;N2310;11;3;11.32;0;1
BLOCS_P;2014;060780947;060800174;N2320;5;1;4.7;0;1
BLOCS_P;2014;060780947;060800174;N2510;6;;5.5;0;1
BLOCS_P;2014;060780947;060800174;N4160;1;;1;1;0
BLOCS_P;2014;060780947;060800174;NAUT;8;;7.4;0;1
BLOCS_P;2014;060781200;060000635;M100H;;48;6;0;1
BLOCS_P;2014;060781200;060000635;M1030;5;2;6.2;0;1
BLOCS_P;2014;060781200;060000635;M200H;;39;8.5;0;1
BLOCS_P;2014;060781200;060000635;N2200;10;1;10.5;0;1
BLOCS_P;2014;060781200;060000635;N2510;6;;6;0;0
BLOCS_P;2014;060781200;060000635;N4130;2;;2;0;1
BLOCS_P;2014;060781200;060000635;N4160;1;;1;0;0
BLOCS_P;2014;060781200;060000635;NAUT;5;;5;0;0
BLOCS_P;2014;060785003;060785011;M100H;0;0;0;1;1
BLOCS_P;2014;060785003;060785011;M1030;0;9;3.18;1;1
BLOCS_P;2014;060785003;060785011;M200H;0;19;4.52;1;1
BLOCS_P;2014;060785003;060785011;N2200;29;9;33.78;1;1
BLOCS_P;2014;060785003;060785011;N2310;13;6;17.28;0;1
BLOCS_P;2014;060785003;060785011;N2320;5;0;5;1;1
BLOCS_P;2014;060785003;060785011;N2510;24;1;23.41;1;1
BLOCS_P;2014;060785003;060785011;N4130;2;2;3.7;1;1
BLOCS_P;2014;060785003;060785011;N4160;2;2;3.7;1;1
BLOCS_P;2014;060785003;060785011;NAUT;23;0;12.99;1;1
BLOCS_P;2014;060785219;060001468;M100H;1;3;2;0;1
BLOCS_P;2014;060785219;060001468;M1030;;10;0.2;0;1
BLOCS_P;2014;060785219;060001468;N2200;1;1;1.8;0;1
BLOCS_P;2014;060785219;060001468;N4130;;2;0.8;0;1
BLOCS_P;2014;060785219;060001468;N4160;;2;0.2;0;0
BLOCS_P;2014;060785219;060001468;NAUT;2;1;2.5;0;0
BLOCS_P;2014;060789195;060785011;M100H;0;6;1.41;1;1
BLOCS_P;2014;060789195;060785011;M1030;1;26;20.8;1;1
BLOCS_P;2014;060789195;060785011;M200H;0;31;8.12;1;1
BLOCS_P;2014;060789195;060785011;N2200;45;8;44.81;1;1
BLOCS_P;2014;060789195;060785011;N2310;22;15;31.37;1;1
BLOCS_P;2014;060789195;060785011;N2320;13;1;14.06;1;1
BLOCS_P;2014;060789195;060785011;N2510;47;1;43.93;1;1
BLOCS_P;2014;060789195;060785011;N4130;1;0;0.29;1;1
BLOCS_P;2014;060789195;060785011;N4160;1;0;0.29;1;1
BLOCS_P;2014;060789195;060785011;NAUT;33;6;28.2;1;1
BLOCS_P;2014;060791811;750826638;M100H;;1;0.36;;
BLOCS_P;2014;060791811;750826638;M1030;;2;0.21;;
BLOCS_P;2014;060791811;750826638;N2200;1;1;1.96;;
BLOCS_P;2014;060791811;750826638;N2510;;1;0.3;;
BLOCS_P;2014;060791811;750826638;N4160;1;;0.4;;
BLOCS_P;2014;060794013;060790797;M100H;10;2;10.55;0;1
BLOCS_P;2014;060794013;060790797;M1030;5;;5;1;1
BLOCS_P;2014;060794013;060790797;M200H;3;;3;0;1
BLOCS_P;2014;060794013;060790797;N2200;3;15;8.46;;
BLOCS_P;2014;060794013;060790797;N2310;2;1;3.05;0;1
BLOCS_P;2014;060794013;060790797;N2510;;;;0;1
BLOCS_P;2014;060794013;060790797;N4160;;1;0.27;0;1
BLOCS_P;2014;060794013;060790797;NAUT;;4;1.09;0;1
BLOCS_P;2014;060800166;060780608;M1030;10;;10;0;1
BLOCS_P;2014;060800166;060780608;M200H;21;16;29;0;1
BLOCS_P;2014;060800166;060780608;N2200;10;1;10.87;0;1
BLOCS_P;2014;060800166;060780608;N2320;3;1;2.8;0;1
BLOCS_P;2014;060800166;060780608;N2510;2;;2;0;1
BLOCS_P;2014;060800166;060780608;N4130;;3;1.8;0;1
BLOCS_P;2014;060800166;060780608;N4160;1;1;1.8;0;0
BLOCS_P;2014;060800166;060780608;NAUT;13;;13;0;0
BLOCS_P;2014;070000013;070002878;M100H;1;;0.4;0;1
BLOCS_P;2014;070000013;070002878;M1030;2;;2;;1
BLOCS_P;2014;070000013;070002878;M200H;9;;2;0;1
BLOCS_P;2014;070000013;070002878;N2200;4;1;4.8;0;1
BLOCS_P;2014;070000013;070002878;N2310;4;;3.29;0;1
BLOCS_P;2014;070000013;070002878;N2320;7;;7;0;1
BLOCS_P;2014;070000013;070002878;N4160;1;;1;0;0
BLOCS_P;2014;070000013;070002878;NAUT;5;;4.51;;
BLOCS_P;2014;070000096;070780184;M1030;1;1;1.8;1;
BLOCS_P;2014;070000096;070780184;N2200;1;;0.2;;
BLOCS_P;2014;070000096;070780184;N2510;1;;0.2;;
BLOCS_P;2014;070000179;070780358;M100H;1;0;0.19;0;0
BLOCS_P;2014;070000179;070780358;M1030;6;0;5.66;1;0
BLOCS_P;2014;070000179;070780358;M200H;6;0;6;0;1
BLOCS_P;2014;070000179;070780358;N2200;5;7;9.76;0;0
BLOCS_P;2014;070000179;070780358;N2310;5;4;6.77;0;0
BLOCS_P;2014;070000179;070780358;N2320;3;7;8.6;0;0
BLOCS_P;2014;070000179;070780358;N2510;7;1;5.79;0;0
BLOCS_P;2014;070000179;070780358;NAUT;8;3;2.79;0;0
BLOCS_P;2014;070000609;070005566;M100H;0;0;0.02;;
BLOCS_P;2014;070000609;070005566;M1030;5;1;6.21;;
BLOCS_P;2014;070000609;070005566;N2200;8;3;10.61;;
BLOCS_P;2014;070000609;070005566;N2310;7;1;8.36;;
BLOCS_P;2014;070000609;070005566;N2320;7;1;8.17;;
BLOCS_P;2014;070000609;070005566;N2510;3;1;4.06;;
BLOCS_P;2014;070000609;070005566;NAUT;0;0;0.03;;
BLOCS_P;2014;070780168;070000088;M100H;;11;1.74;;
BLOCS_P;2014;070780168;070000088;M1030;1;4;3;;1
BLOCS_P;2014;070780168;070000088;M200H;4;1;4.5;;1
BLOCS_P;2014;070780168;070000088;N2200;7;;7;;1
BLOCS_P;2014;070780168;070000088;N2310;1;1;1.8;;1
BLOCS_P;2014;070780168;070000088;N2320;2;;2;;1
BLOCS_P;2014;070780168;070000088;N2510;3;1;3.5;1;1
BLOCS_P;2014;070780168;070000088;N4160;1;;1;;1
BLOCS_P;2014;070780168;070000088;NAUT;2;;2;0;0
BLOCS_P;2014;070780408;070000229;N2200;5;;5.8;0;1
BLOCS_P;2014;070780408;070000229;N2310;;1;0.64;0;0
BLOCS_P;2014;070780408;070000229;N2320;1;;1;0;1
BLOCS_P;2014;070780408;070000229;N2510;2;;2.5;0;0
BLOCS_P;2014;070780408;070000229;N4160;1;;1;;0
BLOCS_P;2014;070780408;070000229;NAUT;1;2;2.7;0;0
BLOCS_P;2014;070780424;070000245;M100H;21;11;23.5;0;1
BLOCS_P;2014;070780424;070000245;M1030;11;3;12.5;1;1
BLOCS_P;2014;070780424;070000245;M200H;22;;22;0;1
BLOCS_P;2014;070780424;070000245;N2200;34;11;39.78;0;1
BLOCS_P;2014;070780424;070000245;N2310;;1;0.59;0;
BLOCS_P;2014;070780424;070000245;N2320;;;0.43;0;
BLOCS_P;2014;070780424;070000245;N2510;5;6;9.12;0;1
BLOCS_P;2014;070780424;070000245;N4160;2;;2;0;
BLOCS_P;2014;070780424;070000245;NAUT;11;;10.84;0;
BLOCS_P;2014;080000110;080000037;M100H;5;8;9.2;0;1
BLOCS_P;2014;080000110;080000037;M1030;5;0;5;1;0
BLOCS_P;2014;080000110;080000037;M200H;4;2;5;0;1
BLOCS_P;2014;080000110;080000037;N2200;3;3;5.4;0;0
BLOCS_P;2014;080000110;080000037;N2310;7;7;7.8;0;1
BLOCS_P;2014;080000110;080000037;N2320;9;2;10.6;0;1
BLOCS_P;2014;080000110;080000037;N2510;3;0;3;0;0
BLOCS_P;2014;080000110;080000037;N4160;1;;1;0;0
BLOCS_P;2014;080000219;080001969;M100H;;1;0.2;;
BLOCS_P;2014;080000219;080001969;M1030;;3;0.2;;
BLOCS_P;2014;080000219;080001969;M200H;;7;1.3;;
BLOCS_P;2014;080000219;080001969;N2200;6;3;7.5;;
BLOCS_P;2014;080000219;080001969;N2310;4;;4;;
BLOCS_P;2014;080000219;080001969;N2320;2;2;3.29;;
BLOCS_P;2014;080000219;080001969;N2510;3;;2.21;;
BLOCS_P;2014;080000219;080001969;NAUT;1;;0.5;;
BLOCS_P;2014;080000425;080000615;M1030;6;;7.38;1;1
BLOCS_P;2014;080000425;080000615;M200H;13;4;4.3;0;1
BLOCS_P;2014;080000425;080000615;N2200;6;12;14.78;0;0
BLOCS_P;2014;080000425;080000615;N2310;14;1;14.6;0;1
BLOCS_P;2014;080000425;080000615;N2320;12;4;15.43;0;1
BLOCS_P;2014;080000425;080000615;N2510;3;1;3.86;0;0
BLOCS_P;2014;080000425;080000615;NAUT;20;1;21.36;0;0
BLOCS_P;2014;090000175;090781774;M100H;2;3;0.66;0;1
BLOCS_P;2014;090000175;090781774;M1030;9;2;6.16;1;0
BLOCS_P;2014;090000175;090781774;M200H;8;4;3.33;0;1
BLOCS_P;2014;090000175;090781774;N2200;12;10;19.94;;
BLOCS_P;2014;090000175;090781774;N2310;10;7;12.9;;
BLOCS_P;2014;090000175;090781774;N2320;16;4;19.34;;
BLOCS_P;2014;090000175;090781774;N2510;2;;1.19;;
BLOCS_P;2014;090000175;090781774;NAUT;6;4;7.17;;
BLOCS_P;2014;090000183;090781816;M100H;;4;0.61;0;
BLOCS_P;2014;090000183;090781816;M1030;1;;1;1;0
BLOCS_P;2014;090000183;090781816;M200H;2;1;0.82;0;1
BLOCS_P;2014;090000183;090781816;N2200;4;1;4.36;;1
BLOCS_P;2014;090000183;090781816;N2320;5;;5.77;;1
BLOCS_P;2014;090000183;090781816;N2510;2;1;2.88;0;0
BLOCS_P;2014;090000183;090781816;NAUT;3;;1.6;0;0
BLOCS_P;2014;090001629;090780107;M1030;;1;0.39;0;0
BLOCS_P;2014;090001629;090780107;M200H;;3;0.56;0;0
BLOCS_P;2014;090001629;090780107;N2200;1;2;2.4;0;0
BLOCS_P;2014;090001629;090780107;N2310;;1;0.12;0;0
BLOCS_P;2014;090001629;090780107;N2320;;1;0.33;0;0
BLOCS_P;2014;090001629;090780107;N2510;1;;1;0;0
BLOCS_P;2014;090001629;090780107;NAUT;;1;0.7;0;0
BLOCS_P;2014;100000082;100001148;M100H;;4;2;0;0
BLOCS_P;2014;100000082;100001148;M1030;2;;2;0;1
BLOCS_P;2014;100000082;100001148;M200H;1;13;7;0;1
BLOCS_P;2014;100000082;100001148;N2200;5;;5;0;1
BLOCS_P;2014;100000082;100001148;N2510;2;;2;0;1
BLOCS_P;2014;100000082;100001148;N4160;1;;1;0;1
BLOCS_P;2014;100000082;100001148;NAUT;2;;2;0;0
BLOCS_P;2014;100000090;100000017;M100H;;10;1.31;0;1
BLOCS_P;2014;100000090;100000017;M1030;;10;6.66;1;0
BLOCS_P;2014;100000090;100000017;M200H;;25;8.49;0;1
BLOCS_P;2014;100000090;100000017;N2200;19;6;23.61;1;0
BLOCS_P;2014;100000090;100000017;N2310;12;4;13.42;1;0
BLOCS_P;2014;100000090;100000017;N2320;9;7;14.45;1;0
BLOCS_P;2014;100000090;100000017;N2510;23;0;21.88;1;0
BLOCS_P;2014;100000090;100000017;N4130;0;0;0;0;1
BLOCS_P;2014;100000090;100000017;N4160;;;;0;1
BLOCS_P;2014;100000090;100000017;NAUT;6;1;6.77;0;0
BLOCS_P;2014;100000124;100009075;N2200;16;4;18.44;0;0
BLOCS_P;2014;100000124;100009075;N2510;4;1;4.88;0;0
BLOCS_P;2014;100000124;100009075;N4160;;1;0.5;0;0
BLOCS_P;2014;100000124;100009075;NAUT;13;1;13.5;0;0
BLOCS_P;2014;100000157;100009075;N2200;6;2;7.04;;0
BLOCS_P;2014;100000157;100009075;N2510;3;;3;0;0
BLOCS_P;2014;100000157;100009075;N4160;;1;0.5;0;0
BLOCS_P;2014;100000199;100006279;M1030;1;1;1.5;0;1
BLOCS_P;2014;100002351;100000561;M100H;19;13;25;;1
BLOCS_P;2014;100002351;100000561;M1030;5;;5;;1
BLOCS_P;2014;100002351;100000561;M200H;26;17;34;;1
BLOCS_P;2014;100002351;100000561;N2200;24;;22.8;;1
BLOCS_P;2014;100002351;100000561;N2510;10;;9.11;;
BLOCS_P;2014;100002351;100000561;N4160;1;;1;;
BLOCS_P;2014;100002351;100000561;NAUT;12;;12;;
BLOCS_P;2014;110000023;110780061;M100H;;10;2.52;0;1
BLOCS_P;2014;110000023;110780061;M1030;;9;8.41;1;1
BLOCS_P;2014;110000023;110780061;M200H;;15;5.38;0;1
BLOCS_P;2014;110000023;110780061;N2200;22;8;26.3;0;1
BLOCS_P;2014;110000023;110780061;N2310;14;3;15.58;1;0
BLOCS_P;2014;110000023;110780061;N2320;11;4;13.95;0;1
BLOCS_P;2014;110000023;110780061;N2510;10;1;11.78;0;1
BLOCS_P;2014;110000023;110780061;N4130;;12;5.51;0;1
BLOCS_P;2014;110000023;110780061;N4160;2;1;2.29;0;0
BLOCS_P;2014;110000023;110780061;NAUT;;3;1.04;0;0
BLOCS_P;2014;110000056;110780137;M100H;1;3;1.2;0;1
BLOCS_P;2014;110000056;110780137;M1030;8;1;9.07;1;0
BLOCS_P;2014;110000056;110780137;M200H;10;3;10.28;0;1
BLOCS_P;2014;110000056;110780137;N2200;21;2;22.6;0;1
BLOCS_P;2014;110000056;110780137;N2310;10;3;11.99;0;1
BLOCS_P;2014;110000056;110780137;N2320;10;1;10.57;0;1
BLOCS_P;2014;110000056;110780137;N2510;12;;10.4;0;1
BLOCS_P;2014;110000056;110780137;N4130;1;;1;0;0
BLOCS_P;2014;110000056;110780137;N4160;2;;1.25;0;1
BLOCS_P;2014;110000056;110780137;NAUT;1;1;1.15;0;0
BLOCS_P;2014;110000247;110780772;M100H;;1;0.2;;
BLOCS_P;2014;110000247;110780772;M1030;;2;0.2;;
BLOCS_P;2014;110000247;110780772;N2200;2;;0.74;;
BLOCS_P;2014;110000247;110780772;N2310;1;;0.2;;
BLOCS_P;2014;110000247;110780772;N2510;1;;0.4;;
BLOCS_P;2014;110780228;110000114;M100H;4;1;4.5;0;1
BLOCS_P;2014;110780228;110000114;M1030;6;;6;0;1
BLOCS_P;2014;110780228;110000114;M200H;16;6;18.15;0;1
BLOCS_P;2014;110780228;110000114;N2200;15;9;21.5;0;1
BLOCS_P;2014;110780228;110000114;N2320;1;;1;0;1
BLOCS_P;2014;110780228;110000114;N2510;1;2;2.25;0;0
BLOCS_P;2014;110780228;110000114;N4160;2;;2;0;0
BLOCS_P;2014;110780228;110000114;NAUT;2;;2;0;0
BLOCS_P;2014;110780483;110000155;M1030;8;;8;;
BLOCS_P;2014;110780483;110000155;M200H;42;;42;;
BLOCS_P;2014;110780483;110000155;N2200;27;1;24.96;;
BLOCS_P;2014;110780483;110000155;N2510;5;2;4.21;;
BLOCS_P;2014;110780483;110000155;NAUT;22;6;17.43;;
BLOCS_P;2014;120000039;120780044;M1030;3;7;5.2;1;0
BLOCS_P;2014;120000039;120780044;M200H;11;16;13.32;0;1
BLOCS_P;2014;120000039;120780044;N2200;21;6;27.15;0;1
BLOCS_P;2014;120000039;120780044;N2310;13;3;15.52;0;1
BLOCS_P;2014;120000039;120780044;N2320;6;6;10.56;0;1
BLOCS_P;2014;120000039;120780044;N2510;16;7;20;0;1
BLOCS_P;2014;120000039;120780044;NAUT;1;24;15.21;0;0
BLOCS_P;2014;120000054;120780069;M1030;4;3;5.63;;
BLOCS_P;2014;120000054;120780069;N2200;12;4;7.41;;
BLOCS_P;2014;120000054;120780069;N2310;6;4;5.36;;
BLOCS_P;2014;120000054;120780069;N2320;11;1;6.34;;
BLOCS_P;2014;120000054;120780069;N2510;7;1;3.99;;
BLOCS_P;2014;120000054;120780069;NAUT;7;1;3.9;;
BLOCS_P;2014;120000070;120780085;M100H;;1;0.2;0;1
BLOCS_P;2014;120000070;120780085;M1030;;2;1.34;0;1
BLOCS_P;2014;120000070;120780085;M200H;;5;1.1;0;1
BLOCS_P;2014;120000070;120780085;N2200;4;;4;0;1
BLOCS_P;2014;120000070;120780085;N2310;3;1;3.96;0;1
BLOCS_P;2014;120000070;120780085;N2320;2;1;3.8;0;1
BLOCS_P;2014;120000070;120780085;N2510;4;1;4.42;0;1
BLOCS_P;2014;120000070;120780085;N4160;;1;0.5;0;0
BLOCS_P;2014;120000070;120780085;NAUT;1;;1;0;0
BLOCS_P;2014;120001128;120780069;N2200;0;0;7.07;0;1
BLOCS_P;2014;120001128;120780069;N2310;0;0;3.97;0;1
BLOCS_P;2014;120001128;120780069;N2320;0;0;5.27;0;1
BLOCS_P;2014;120001128;120780069;N2510;0;0;3.5;0;0
BLOCS_P;2014;120001128;120780069;NAUT;0;0;3.9;0;0
BLOCS_P;2014;120004569;120004528;M100H;2;3;0.82;0;1
BLOCS_P;2014;120004569;120004528;M1030;;4;3.23;0;1
BLOCS_P;2014;120004569;120004528;M200H;10;;1.86;0;1
BLOCS_P;2014;120004569;120004528;N2200;11;;11.48;0;1
BLOCS_P;2014;120004569;120004528;N2310;8;2;8.48;0;1
BLOCS_P;2014;120004569;120004528;N2320;4;;4.33;0;1
BLOCS_P;2014;120004569;120004528;N2510;6;;6;0;1
BLOCS_P;2014;120004569;120004528;N4160;1;;0.8;0;1
BLOCS_P;2014;120004668;120004619;M100H;7;;0.63;0;0
BLOCS_P;2014;120004668;120004619;M1030;2;;1.02;0;1
BLOCS_P;2014;120004668;120004619;M200H;2;;0.41;0;1
BLOCS_P;2014;120004668;120004619;N2200;5;2;5.31;0;1
BLOCS_P;2014;120004668;120004619;N2310;4;;3.7;0;1
BLOCS_P;2014;120004668;120004619;N2320;1;;0.75;0;1
BLOCS_P;2014;120004668;120004619;N2510;1;;3.43;0;1
BLOCS_P;2014;120004668;120004619;NAUT;1;;0.2;0;0
BLOCS_P;2014;120780325;120004528;M100H;2;2;0.4;0;0
BLOCS_P;2014;120780325;120004528;M1030;;1;0.8;0;0
BLOCS_P;2014;120780325;120004528;M200H;10;3;1;0;0
BLOCS_P;2014;120780325;120004528;N2200;4;;5.08;0;0
BLOCS_P;2014;120780325;120004528;N2310;1;;1;0;0
BLOCS_P;2014;120780325;120004528;N2320;1;;1;0;0
BLOCS_P;2014;120780325;120004528;N2510;3;;3;0;0
BLOCS_P;2014;130000409;130041916;M1030;2;19;11.78;1;1
BLOCS_P;2014;130000409;130041916;M200H;;25;7.81;0;1
BLOCS_P;2014;130000409;130041916;N2200;12;10;18.84;0;1
BLOCS_P;2014;130000409;130041916;N2310;16;5;17.86;0;1
BLOCS_P;2014;130000409;130041916;N2320;9;3;11.92;0;1
BLOCS_P;2014;130000409;130041916;N2510;5;2;5.68;0;0
BLOCS_P;2014;130000409;130041916;N4130;1;;1;0;0
BLOCS_P;2014;130000409;130041916;NAUT;17;4;19.62;0;0
BLOCS_P;2014;130000565;130781446;M100H;0;6;2.37;0;0
BLOCS_P;2014;130000565;130781446;M1030;11;2;6.3;1;0
BLOCS_P;2014;130000565;130781446;M200H;7;3;7.7;0;1
BLOCS_P;2014;130000565;130781446;N2200;5;2;6.83;0;1
BLOCS_P;2014;130000565;130781446;N2310;7;4;9.5;0;1
BLOCS_P;2014;130000565;130781446;N2320;6;2;7.5;0;1
BLOCS_P;2014;130000565;130781446;N2510;6;2;5.31;0;0
BLOCS_P;2014;130000565;130781446;N4160;1;2;1.62;0;0
BLOCS_P;2014;130000565;130781446;NAUT;2;2;4.27;0;0
BLOCS_P;2014;130001225;130782634;M100H;2;;0.7;0;1
BLOCS_P;2014;130001225;130782634;M1030;6;1;4.88;1;0
BLOCS_P;2014;130001225;130782634;M200H;2;4;1.48;0;1
BLOCS_P;2014;130001225;130782634;N2200;8;5;12.3;1;1
BLOCS_P;2014;130001225;130782634;N2310;8;2;8.79;1;1
BLOCS_P;2014;130001225;130782634;N2320;3;4;6.51;1;1
BLOCS_P;2014;130001225;130782634;N2510;7;3;7.72;;
BLOCS_P;2014;130001225;130782634;N4160;;;;0;1
BLOCS_P;2014;130001225;130782634;NAUT;6;1;4.95;;
BLOCS_P;2014;130001647;130784127;M100H;4;;3.17;1;1
BLOCS_P;2014;130001647;130784127;M1030;15;5;18.35;1;1
BLOCS_P;2014;130001647;130784127;M200H;17;4;18.9;1;1
BLOCS_P;2014;130001647;130784127;N2200;18;8;23.03;0;1
BLOCS_P;2014;130001647;130784127;N2310;12;5;15.47;0;1
BLOCS_P;2014;130001647;130784127;N2320;9;3;11.29;0;1
BLOCS_P;2014;130001647;130784127;N2510;9;2;9.75;0;0
BLOCS_P;2014;130001647;130784127;N4130;2;;2.17;0;0
BLOCS_P;2014;130001647;130784127;N4160;1;;1;0;
BLOCS_P;2014;130001647;130784127;NAUT;5;4;9.12;0;0
BLOCS_P;2014;130002215;130785512;M1030;6;1;6.1;0;1
BLOCS_P;2014;130002215;130785512;M200H;3;3;4;0;1
BLOCS_P;2014;130002215;130785512;N2200;3;1;3.5;;
BLOCS_P;2014;130002215;130785512;N2310;5;;5;;
BLOCS_P;2014;130002215;130785512;N2320;4;;4;;
BLOCS_P;2014;130002215;130785512;N4160;1;;1;;
BLOCS_P;2014;130002215;130785512;NAUT;1;;1;;
BLOCS_P;2014;130002827;130789274;M100H;7;7;10.1;;1
BLOCS_P;2014;130002827;130789274;M1030;5;;5;1;
BLOCS_P;2014;130002827;130789274;M200H;12;4;13.8;;1
BLOCS_P;2014;130002827;130789274;N2200;6;2;5.83;;
BLOCS_P;2014;130002827;130789274;N2310;1;;0.5;;1
BLOCS_P;2014;130002827;130789274;N2320;9;;9;;1
BLOCS_P;2014;130002827;130789274;N2510;17;2;19.05;;1
BLOCS_P;2014;130002827;130789274;NAUT;4;1;3.1;;
BLOCS_P;2014;130002835;130789316;M100H;0;10;0.65;0;0
BLOCS_P;2014;130002835;130789316;M1030;4;3;6.38;1;0
BLOCS_P;2014;130002835;130789316;M200H;0;17;3.5;0;1
BLOCS_P;2014;130002835;130789316;N2200;14;1;14.27;;
BLOCS_P;2014;130002835;130789316;N2310;9;5;12.26;1;0
BLOCS_P;2014;130002835;130789316;N2320;10;4;12.93;;
BLOCS_P;2014;130002835;130789316;N2510;8;4;10.25;0;0
BLOCS_P;2014;130002835;130789316;N4160;0;1;0.8;0;0
BLOCS_P;2014;130002835;130789316;NAUT;5;3;7.69;0;0
BLOCS_P;2014;130008253;130001084;M1030;7;;7;1;0
BLOCS_P;2014;130008253;130001084;M200H;16;;16;0;0
BLOCS_P;2014;130008253;130001084;N2200;10;4;11.58;0;1
BLOCS_P;2014;130008253;130001084;N2310;2;;2;0;0
BLOCS_P;2014;130008253;130001084;N2510;4;;4;0;0
BLOCS_P;2014;130008253;130001084;N4160;1;;1;0;0
BLOCS_P;2014;130037922;130037823;M100H;9;39;;0;1
BLOCS_P;2014;130037922;130037823;M1030;6;4;;0;1
BLOCS_P;2014;130037922;130037823;M200H;8;23;;0;1
BLOCS_P;2014;130037922;130037823;N2200;17;3;17.41;0;1
BLOCS_P;2014;130037922;130037823;N2310;;4;;0;0
BLOCS_P;2014;130037922;130037823;N2510;2;;2;0;0
BLOCS_P;2014;130037922;130037823;N4130;1;;1;0;0
BLOCS_P;2014;130037922;130037823;N4160;2;;2;0;0
BLOCS_P;2014;130037922;130037823;NAUT;10;;10;0;0
BLOCS_P;2014;130041767;130041262;M100H;;;;;1
BLOCS_P;2014;130041767;130041262;M1030;;;;;1
BLOCS_P;2014;130041767;130041262;N2200;3;;3;;1
BLOCS_P;2014;130041767;130041262;N4130;3;2;4.13;;1
BLOCS_P;2014;130041767;130041262;N4160;1;;1;;1
BLOCS_P;2014;130042096;130042062;M100H;8;;8;1;1
BLOCS_P;2014;130042096;130042062;M1030;6;;6;0;1
BLOCS_P;2014;130042096;130042062;N2200;5;1;5.77;;1
BLOCS_P;2014;130042096;130042062;N4130;2;;1.77;;
BLOCS_P;2014;130042096;130042062;N4160;1;;1;;
BLOCS_P;2014;130042096;130042062;NAUT;2;;2;;
BLOCS_P;2014;130043664;130002157;M100H;;;;0;1
BLOCS_P;2014;130043664;130002157;M1030;1;;0.7;0;1
BLOCS_P;2014;130043664;130002157;M200H;;;;0;1
BLOCS_P;2014;130043664;130002157;N2200;97;9;88.41;;1
BLOCS_P;2014;130043664;130002157;N2310;4;;3.11;;0
BLOCS_P;2014;130043664;130002157;N2320;5;;5;;1
BLOCS_P;2014;130043664;130002157;N2510;34;1;30.23;;0
BLOCS_P;2014;130043664;130002157;N4160;;;;;1
BLOCS_P;2014;130043664;130002157;NAUT;14;;14;;
BLOCS_P;2014;130780521;130786049;M100H;1;0;0.2;;
BLOCS_P;2014;130780521;130786049;M1030;26;9;25.64;;
BLOCS_P;2014;130780521;130786049;M200H;43;7;13.38;;
BLOCS_P;2014;130780521;130786049;N2200;62;9;72.28;1;1
BLOCS_P;2014;130780521;130786049;N2310;59;27;76.45;1;1
BLOCS_P;2014;130780521;130786049;N2320;23;14;34.1;1;1
BLOCS_P;2014;130780521;130786049;N2510;51;7;55.67;;
BLOCS_P;2014;130780521;130786049;NAUT;92;9;90;;
BLOCS_P;2014;130781289;130002447;N2200;7;3;7.83;0;0
BLOCS_P;2014;130781289;130002447;N2510;2;;1.37;0;0
BLOCS_P;2014;130781289;130002447;NAUT;5;;4.4;0;0
BLOCS_P;2014;130781370;130000532;M100H;5;2;6;0;1
BLOCS_P;2014;130781370;130000532;M1030;4;;4;0;1
BLOCS_P;2014;130781370;130000532;M200H;12;8;16;0;1
BLOCS_P;2014;130781370;130000532;N2200;10;2;1.3;0;1
BLOCS_P;2014;130781370;130000532;N2310;;;;0;1
BLOCS_P;2014;130781370;130000532;N2320;;;;0;1
BLOCS_P;2014;130781370;130000532;N2510;2;2;1.3;0;1
BLOCS_P;2014;130781370;130000532;N4130;;;;0;1
BLOCS_P;2014;130781370;130000532;N4160;2;;2;0;1
BLOCS_P;2014;130781370;130000532;NAUT;;;;0;1
BLOCS_P;2014;130781479;130000599;M100H;;25;25;0;1
BLOCS_P;2014;130781479;130000599;M1030;;9;9;0;1
BLOCS_P;2014;130781479;130000599;M200H;;35;35;0;1
BLOCS_P;2014;130781479;130000599;N2200;20;2;21;0;1
BLOCS_P;2014;130781479;130000599;N2310;;2;2;0;1
BLOCS_P;2014;130781479;130000599;N2320;18;;18;0;1
BLOCS_P;2014;130781479;130000599;N2510;12;;12;0;1
BLOCS_P;2014;130781479;130000599;N4130;9;;9;0;1
BLOCS_P;2014;130781479;130000599;N4160;4;;4;0;1
BLOCS_P;2014;130781479;130000599;NAUT;5;2;6;0;1
BLOCS_P;2014;130781867;130000813;M100H;5;17;13.5;0;1
BLOCS_P;2014;130781867;130000813;M1030;3;4;5;0;1
BLOCS_P;2014;130781867;130000813;M200H;7;29;21.5;0;1
BLOCS_P;2014;130781867;130000813;N2200;14;4;16.37;0;1
BLOCS_P;2014;130781867;130000813;N2310;1;;0.25;0;1
BLOCS_P;2014;130781867;130000813;N2510;1;;1;0;0
BLOCS_P;2014;130781867;130000813;N4160;1;;1;0;1
BLOCS_P;2014;130781867;130000813;NAUT;3;2;3.02;0;0
BLOCS_P;2014;130781917;130000847;M100H;;1;0.05;0;0
BLOCS_P;2014;130782071;130002454;M1030;2;5;5;0;1
BLOCS_P;2014;130782071;130002454;M200H;2;31;15;0;1
BLOCS_P;2014;130782071;130002454;N2200;12;4;14.5;0;1
BLOCS_P;2014;130782071;130002454;N2510;5;3;6.66;0;0
BLOCS_P;2014;130782071;130002454;N4160;1;;1;0;1
BLOCS_P;2014;130782071;130002454;NAUT;9;1;9.5;0;0
BLOCS_P;2014;130782147;130000979;M100H;6;5;8.5;0;1
BLOCS_P;2014;130782147;130000979;M1030;4;4;6;0;1
BLOCS_P;2014;130782147;130000979;M200H;5;22;16;0;1
BLOCS_P;2014;130782147;130000979;N2200;10;2;12;0;1
BLOCS_P;2014;130782147;130000979;N2310;3;;3;0;0
BLOCS_P;2014;130782147;130000979;N2510;3;1;3.5;0;0
BLOCS_P;2014;130782147;130000979;N4130;1;;1;1;0
BLOCS_P;2014;130782147;130000979;N4160;1;;1;0;0
BLOCS_P;2014;130782162;130000987;M100H;;34;14;;
BLOCS_P;2014;130782162;130000987;M1030;4;;4;;
BLOCS_P;2014;130782162;130000987;M200H;;26;2.08;;
BLOCS_P;2014;130782162;130000987;N2200;10;4;12.08;1;1
BLOCS_P;2014;130782162;130000987;N2310;2;;2;1;1
BLOCS_P;2014;130782162;130000987;N2320;;1;0.17;1;1
BLOCS_P;2014;130782162;130000987;N2510;4;;3.25;1;1
BLOCS_P;2014;130782162;130000987;N4160;1;;1;1;1
BLOCS_P;2014;130782675;130001233;M100H;;5;1.6;0;1
BLOCS_P;2014;130782675;130001233;M1030;3;3;3.6;0;1
BLOCS_P;2014;130782675;130001233;M200H;;16;6.2;0;1
BLOCS_P;2014;130782675;130001233;N2200;10;3;12.37;;
BLOCS_P;2014;130782675;130001233;N4160;1;;1;;
BLOCS_P;2014;130782675;130001233;NAUT;7;;7;;
BLOCS_P;2014;130783236;130786049;M1030;26;1;22.2;;
BLOCS_P;2014;130783236;130786049;M200H;16;4;4.62;;
BLOCS_P;2014;130783236;130786049;N2200;23;4;28.82;;
BLOCS_P;2014;130783236;130786049;N2310;28;7;48.08;;
BLOCS_P;2014;130783236;130786049;N2320;13;5;17.08;;
BLOCS_P;2014;130783236;130786049;N2510;23;4;28.82;;
BLOCS_P;2014;130783236;130786049;NAUT;43;9;52.5;;
BLOCS_P;2014;130783293;130786049;M100H;4;0;2.71;;
BLOCS_P;2014;130783293;130786049;M1030;34;5;25.82;;
BLOCS_P;2014;130783293;130786049;M200H;33;3;7.64;;
BLOCS_P;2014;130783293;130786049;N2200;63;4;56.67;;
BLOCS_P;2014;130783293;130786049;N2310;61;18;59.79;;
BLOCS_P;2014;130783293;130786049;N2320;46;15;50.06;;
BLOCS_P;2014;130783293;130786049;N2510;38;2;28.89;;
BLOCS_P;2014;130783293;130786049;NAUT;22;3;35.98;;
BLOCS_P;2014;130783327;130001415;M100H;;2;0.4;0;0
BLOCS_P;2014;130783327;130001415;M1030;;19;4;1;0
BLOCS_P;2014;130783327;130001415;M200H;;36;7.2;0;0
BLOCS_P;2014;130783327;130001415;N2200;22;5;25;0;1
BLOCS_P;2014;130783327;130001415;N2320;1;1;1.9;0;1
BLOCS_P;2014;130783327;130001415;N2510;1;1;1.3;0;0
BLOCS_P;2014;130783327;130001415;N4130;;1;0.2;0;0
BLOCS_P;2014;130783327;130001415;N4160;2;;1.5;0;1
BLOCS_P;2014;130783665;130043722;M1030;1;6;1.48;;1
BLOCS_P;2014;130783665;130043722;N2200;6;2;7.3;;1
BLOCS_P;2014;130783665;130043722;N2320;2;;2;;1
BLOCS_P;2014;130783665;130043722;N4130;;;;;1
BLOCS_P;2014;130783665;130043722;N4160;1;;1;;
BLOCS_P;2014;130783723;130001456;M100H;0;15;4.5;;
BLOCS_P;2014;130783723;130001456;M1030;7;8;11;0;1
BLOCS_P;2014;130783723;130001456;M200H;1;62;31.5;0;1
BLOCS_P;2014;130783723;130001456;N2200;20;6;23.83;0;1
BLOCS_P;2014;130783723;130001456;N4130;2;1;2.94;0;0
BLOCS_P;2014;130783723;130001456;N4160;2;0;2;0;0
BLOCS_P;2014;130783723;130001456;NAUT;2;0;2;0;0
BLOCS_P;2014;130783772;130810336;M200H;11;8;17;;0
BLOCS_P;2014;130783962;130001415;N2200;14;6;18.6;0;0
BLOCS_P;2014;130783962;130001415;N2320;;1;0.5;0;1
BLOCS_P;2014;130783962;130001415;N2510;1;;1;0;0
BLOCS_P;2014;130784051;130037823;M100H;5;19;8.8;0;1
BLOCS_P;2014;130784051;130037823;M1030;9;7;10.4;0;1
BLOCS_P;2014;130784051;130037823;M200H;15;13;17.6;0;1
BLOCS_P;2014;130784051;130037823;N2200;32;6;32.24;0;1
BLOCS_P;2014;130784051;130037823;N2320;2;2;3.6;0;1
BLOCS_P;2014;130784051;130037823;N2510;3;;2.88;0;0
BLOCS_P;2014;130784051;130037823;N4130;6;;6.35;0;1
BLOCS_P;2014;130784051;130037823;N4160;4;;4;0;0
BLOCS_P;2014;130784051;130037823;NAUT;5;;3.89;0;0
BLOCS_P;2014;130784234;130786049;M1030;2;1;2.16;;
BLOCS_P;2014;130784234;130786049;M200H;5;4;1.16;;
BLOCS_P;2014;130784234;130786049;N2200;1;0;1;;
BLOCS_P;2014;130784234;130786049;N2310;4;2;6.31;;
BLOCS_P;2014;130784234;130786049;N2320;11;1;11.8;;
BLOCS_P;2014;130784234;130786049;N2510;7;0;6.08;;
BLOCS_P;2014;130784234;130786049;NAUT;5;0;6.13;;
BLOCS_P;2014;130784713;130038847;M100H;13;99;62.5;0;1
BLOCS_P;2014;130784713;130038847;M1030;9;10;14;1;1
BLOCS_P;2014;130784713;130038847;M200H;9;32;25;0;1
BLOCS_P;2014;130784713;130038847;N2200;30;7;35.15;0;1
BLOCS_P;2014;130784713;130038847;N2320;1;;1;0;1
BLOCS_P;2014;130784713;130038847;N2510;5;;5;0;0
BLOCS_P;2014;130784713;130038847;N4130;1;;1.09;0;1
BLOCS_P;2014;130784713;130038847;N4160;3;;2.33;1;0
BLOCS_P;2014;130784713;130038847;NAUT;16;1;16.91;0;1
BLOCS_P;2014;130784903;130002041;N2200;4;4;6;0;1
BLOCS_P;2014;130784903;130002041;N2510;;1;0.5;0;0
BLOCS_P;2014;130784903;130002041;N4160;1;;1;0;1
BLOCS_P;2014;130784903;130002041;NAUT;2;;2;0;0
BLOCS_P;2014;130785389;130002173;M100H;1;1;1.5;1;1
BLOCS_P;2014;130785389;130002173;M1030;4;4;6;1;1
BLOCS_P;2014;130785389;130002173;M200H;;67;16;1;1
BLOCS_P;2014;130785389;130002173;N2200;19;1;19.8;1;0
BLOCS_P;2014;130785389;130002173;N2320;0;0;;0;1
BLOCS_P;2014;130785389;130002173;N2510;3;;3;0;0
BLOCS_P;2014;130785389;130002173;N4130;2;;2;0;1
BLOCS_P;2014;130785389;130002173;N4160;1;;1;0;1
BLOCS_P;2014;130785652;130014228;M100H;22;137;72.5;1;1
BLOCS_P;2014;130785652;130014228;M1030;8;33;19.2;1;
BLOCS_P;2014;130785652;130014228;M200H;4;69;28.23;1;1
BLOCS_P;2014;130785652;130014228;N2200;57;20;63.09;1;1
BLOCS_P;2014;130785652;130014228;N2310;8;6;10.29;1;1
BLOCS_P;2014;130785652;130014228;N2320;3;1;4.69;0;1
BLOCS_P;2014;130785652;130014228;N2510;4;3;5.9;0;0
BLOCS_P;2014;130785652;130014228;N4130;;;;1;1
BLOCS_P;2014;130785652;130014228;N4160;2;1;2.14;1;0
BLOCS_P;2014;130785652;130014228;NAUT;44;4;34.86;0;0
BLOCS_P;2014;130785678;130002249;M100H;;83;41.5;0;1
BLOCS_P;2014;130785678;130002249;M1030;7;7;10.5;1;
BLOCS_P;2014;130785678;130002249;M200H;;19;9.5;0;1
BLOCS_P;2014;130785678;130002249;N2200;14;1;12.67;0;1
BLOCS_P;2014;130785678;130002249;N2510;1;;1.01;0;0
BLOCS_P;2014;130785678;130002249;N4160;1;;1;0;1
BLOCS_P;2014;130785678;130002249;NAUT;3;;3.3;0;0
BLOCS_P;2014;130786361;130002447;N2200;18;6;18.06;0;0
BLOCS_P;2014;130786361;130002447;N2320;1;;1.37;0;0
BLOCS_P;2014;130786361;130002447;N2510;3;1;1.95;0;0
BLOCS_P;2014;130786361;130002447;NAUT;7;3;9.49;0;0
BLOCS_P;2014;130786445;130002488;M100H;7;3;6;1;1
BLOCS_P;2014;130786445;130002488;M1030;3;1;3.5;1;
BLOCS_P;2014;130786445;130002488;N2200;4;5;8.5;;1
BLOCS_P;2014;130786445;130002488;N2310;1;;1;0;
BLOCS_P;2014;130786445;130002488;N2510;2;;2;0;
BLOCS_P;2014;130786445;130002488;N4160;1;;1;0;
BLOCS_P;2014;130786445;130002488;NAUT;1;1;1.5;0;
BLOCS_P;2014;130786742;750821092;M100H;9;0;1.17;0;1
BLOCS_P;2014;130786742;750821092;M1030;6;0;7.12;1;0
BLOCS_P;2014;130786742;750821092;M200H;17;0;3.5;1;1
BLOCS_P;2014;130786742;750821092;N2200;8;0;5.63;1;0
BLOCS_P;2014;130786742;750821092;N2310;19;2;14.8;1;0
BLOCS_P;2014;130786742;750821092;N2320;15;0;12.37;1;0
BLOCS_P;2014;130786742;750821092;N2510;5;1;6.38;1;0
BLOCS_P;2014;130786742;750821092;N4130;0;0;0;1;0
BLOCS_P;2014;130786742;750821092;N4160;2;1;2.13;0;0
BLOCS_P;2014;130786742;750821092;NAUT;6;0;5.78;0;0
BLOCS_P;2014;130804297;130786049;M100H;0;1;0.87;;
BLOCS_P;2014;130804297;130786049;M1030;8;0;6.29;;
BLOCS_P;2014;130804297;130786049;M200H;23;3;6.78;;
BLOCS_P;2014;130804297;130786049;N2200;20;3;18.56;;
BLOCS_P;2014;130804297;130786049;N2310;28;0;26.67;;
BLOCS_P;2014;130804297;130786049;N2320;11;4;14.7;;
BLOCS_P;2014;130804297;130786049;N2510;10;1;6.95;;
BLOCS_P;2014;130804297;130786049;NAUT;8;2;14.59;;
BLOCS_P;2014;140000027;140000035;M100H;3;0;0.2;0;1
BLOCS_P;2014;140000027;140000035;M1030;1;3;1.58;1;0
BLOCS_P;2014;140000027;140000035;M200H;9;5;3.86;0;1
BLOCS_P;2014;140000027;140000035;N2200;9;2;8.08;1;0
BLOCS_P;2014;140000027;140000035;N2310;9;4;12.06;1;0
BLOCS_P;2014;140000027;140000035;N2320;10;0;10.25;1;0
BLOCS_P;2014;140000027;140000035;N2510;7;0;7;0;0
BLOCS_P;2014;140000027;140000035;NAUT;4;0;2;0;0
BLOCS_P;2014;140000076;140000084;M100H;;2;0.2;0;0
BLOCS_P;2014;140000076;140000084;N2200;;1;0.2;0;0
BLOCS_P;2014;140000209;140000100;M100H;8;1;1.92;1;1
BLOCS_P;2014;140000209;140000100;M1030;36;3;33.46;1;1
BLOCS_P;2014;140000209;140000100;M200H;29;9;9.53;1;1
BLOCS_P;2014;140000209;140000100;N2200;47;18;65.14;0;0
BLOCS_P;2014;140000209;140000100;N2310;58;19;70.25;0;0
BLOCS_P;2014;140000209;140000100;N2320;43;15;49.76;0;0
BLOCS_P;2014;140000209;140000100;N2510;58;9;62.1;0;0
BLOCS_P;2014;140000209;140000100;N4130;3;1;3;0;0
BLOCS_P;2014;140000209;140000100;NAUT;39;6;41.89;0;0
BLOCS_P;2014;140000233;140000118;M1030;3;1;3.96;1;0
BLOCS_P;2014;140000233;140000118;M200H;5;1;6.01;0;1
BLOCS_P;2014;140000233;140000118;N2200;10;2;11.13;0;0
BLOCS_P;2014;140000233;140000118;N2310;10;;9.95;1;0
BLOCS_P;2014;140000233;140000118;N2320;2;1;2.83;0;1
BLOCS_P;2014;140000233;140000118;N2510;1;;1.67;0;0
BLOCS_P;2014;140000233;140000118;N4160;;1;0.1;0;0
BLOCS_P;2014;140000233;140000118;NAUT;3;;3;0;0
BLOCS_P;2014;140000290;140000449;M100H;3;;3;;
BLOCS_P;2014;140000290;140000449;N2200;4;2;4.74;;
BLOCS_P;2014;140000290;140000449;N2310;1;;1;;0
BLOCS_P;2014;140000290;140000449;N2320;1;;0.77;;0
BLOCS_P;2014;140000373;140000159;M1030;1;3;1.22;0;1
BLOCS_P;2014;140000373;140000159;N2200;2;1;2.76;;1
BLOCS_P;2014;140000373;140000159;N2310;1;;0.78;;0
BLOCS_P;2014;140000373;140000159;N2320;1;;1;;1
BLOCS_P;2014;140000373;140000159;N2510;1;1;1.86;;0
BLOCS_P;2014;140000555;140000639;M1030;7;;5.2;;1
BLOCS_P;2014;140000555;140000639;M200H;8;2;9.9;;1
BLOCS_P;2014;140000555;140000639;N2200;9;2;8.95;0;1
BLOCS_P;2014;140000555;140000639;N2310;7;3;8.43;0;1
BLOCS_P;2014;140000555;140000639;N2320;5;2;7.46;0;1
BLOCS_P;2014;140000555;140000639;N2510;6;1;6.64;0;1
BLOCS_P;2014;140002452;140025800;M1030;3;2;3.49;0;0
BLOCS_P;2014;140002452;140025800;M200H;;24;3.22;0;0
BLOCS_P;2014;140002452;140025800;N2200;5;2;6.7;0;0
BLOCS_P;2014;140002452;140025800;N2310;5;4;6.1;0;0
BLOCS_P;2014;140002452;140025800;N2320;2;4;3.28;0;0
BLOCS_P;2014;140002452;140025800;NAUT;4;3;6.15;0;0
BLOCS_P;2014;140016759;140003146;M100H;6;0;6;0;1
BLOCS_P;2014;140016759;140003146;M1030;2;9;12.44;1;1
BLOCS_P;2014;140016759;140003146;M200H;32;0;32;0;1
BLOCS_P;2014;140016759;140003146;N2200;23;11;30.19;;1
BLOCS_P;2014;140016759;140003146;N2510;8;1;8.8;0;0
BLOCS_P;2014;140016759;140003146;N4160;1;0;1;0;0
BLOCS_P;2014;140016759;140003146;NAUT;6;4;8.02;0;0
BLOCS_P;2014;140017237;140003278;M100H;14;4;18;0;1
BLOCS_P;2014;140017237;140003278;M1030;18;;18;1;1
BLOCS_P;2014;140017237;140003278;M200H;33;9;42;0;1
BLOCS_P;2014;140017237;140003278;N2200;41;10;48.15;;1
BLOCS_P;2014;140017237;140003278;N2320;4;7;9.15;;1
BLOCS_P;2014;140017237;140003278;N2510;3;1;3.78;;0
BLOCS_P;2014;140017237;140003278;N4160;6;;6;;0
BLOCS_P;2014;140018730;140000423;M100H;;;;0;1
BLOCS_P;2014;140018730;140000423;M1030;2;;2;0;1
BLOCS_P;2014;140018730;140000423;M200H;6;8;10;0;1
BLOCS_P;2014;140018730;140000423;N2200;5;2;6.6;0;1
BLOCS_P;2014;140018730;140000423;N2310;2;;2;0;0
BLOCS_P;2014;140018730;140000423;N2510;3;;3;0;1
BLOCS_P;2014;140018730;140000423;N4130;;1;0.1;0;1
BLOCS_P;2014;140018730;140000423;N4160;1;;1;0;0
BLOCS_P;2014;140018730;140000423;NAUT;4;2;5.22;0;1
BLOCS_P;2014;140024886;140000092;M100H;4;2;2;0;1
BLOCS_P;2014;140024886;140000092;M1030;4;2;4.96;0;1
BLOCS_P;2014;140024886;140000092;M200H;7;5;3.51;0;1
BLOCS_P;2014;140024886;140000092;N2200;3;1;2.76;0;0
BLOCS_P;2014;140024886;140000092;N2310;11;2;11.8;1;0
BLOCS_P;2014;140024886;140000092;N2320;9;5;12.74;0;1
BLOCS_P;2014;140024886;140000092;N2510;7;2;8.6;0;0
BLOCS_P;2014;140024886;140000092;N4160;1;;1;0;0
BLOCS_P;2014;140026410;140026279;M1030;1;1;2.62;1;0
BLOCS_P;2014;140026410;140026279;N2310;5;;4.13;0;1
BLOCS_P;2014;140026410;140026279;N2320;2;;1.7;0;1
BLOCS_P;2014;140026709;140000415;M100H;2;;2;0;1
BLOCS_P;2014;140026709;140000415;M1030;2;1;2.9;0;1
BLOCS_P;2014;140026709;140000415;M200H;8;6;11;0;1
BLOCS_P;2014;140026709;140000415;N2200;9;1;9.7;0;1
BLOCS_P;2014;140026709;140000415;N2320;1;;1;0;1
BLOCS_P;2014;140026709;140000415;N2510;2;;2;0;0
BLOCS_P;2014;140026709;140000415;N4160;1;;1;0;0
BLOCS_P;2014;140026709;140000415;NAUT;2;;2;0;0
BLOCS_P;2014;150000032;150780088;M100H;2;2;0.5;;1
BLOCS_P;2014;150000032;150780088;M1030;4;0;2.43;0;1
BLOCS_P;2014;150000032;150780088;M200H;5;3;2;0;1
BLOCS_P;2014;150000032;150780088;N2200;14;3;12.96;0;0
BLOCS_P;2014;150000032;150780088;N2310;7;;6.81;0;0
BLOCS_P;2014;150000032;150780088;N2320;1;;1.9;0;0
BLOCS_P;2014;150000032;150780088;N2510;5;;3.97;0;0
BLOCS_P;2014;150000032;150780088;N4160;1;;1;0;0
BLOCS_P;2014;150000032;150780088;NAUT;1;4;1.18;0;0
BLOCS_P;2014;150000040;150780096;M100H;11;6;4.41;;1
BLOCS_P;2014;150000040;150780096;M1030;7;1;6.05;1;
BLOCS_P;2014;150000040;150780096;M200H;15;4;4.65;;1
BLOCS_P;2014;150000040;150780096;N2200;15;8;20.59;0;1
BLOCS_P;2014;150000040;150780096;N2310;7;10;12.29;0;1
BLOCS_P;2014;150000040;150780096;N2320;9;;9;0;1
BLOCS_P;2014;150000040;150780096;N2510;10;1;10.21;0;1
BLOCS_P;2014;150000040;150780096;N4130;;1;0.8;1;0
BLOCS_P;2014;150000040;150780096;N4160;2;1;2.1;0;0
BLOCS_P;2014;150000040;150780096;NAUT;;2;1.3;0;1
BLOCS_P;2014;150780732;150000271;M100H;13;12;19.1;0;1
BLOCS_P;2014;150780732;150000271;M1030;7;1;7.5;1;1
BLOCS_P;2014;150780732;150000271;M200H;11;6;14.1;0;1
BLOCS_P;2014;150780732;150000271;N2200;12;4;14.97;;
BLOCS_P;2014;150780732;150000271;N2310;3;3;4.8;;
BLOCS_P;2014;150780732;150000271;N2320;3;1;3.8;;
BLOCS_P;2014;150780732;150000271;N2510;4;2;5.3;;
BLOCS_P;2014;150780732;150000271;N4160;1;;1;;
BLOCS_P;2014;150780732;150000271;NAUT;12;2;13.3;;
BLOCS_P;2014;160000170;160000204;M100H;6;15;7.95;;
BLOCS_P;2014;160000170;160000204;M1030;7;;7;;
BLOCS_P;2014;160000170;160000204;M200H;11;5;11.05;;
BLOCS_P;2014;160000170;160000204;N2200;19;5;19.33;;1
BLOCS_P;2014;160000170;160000204;N2320;1;;1;;1
BLOCS_P;2014;160000170;160000204;N2510;3;1;3.57;;0
BLOCS_P;2014;160000170;160000204;N4160;1;;1;0;0
BLOCS_P;2014;160000170;160000204;NAUT;11;;8.9;;1
BLOCS_P;2014;160000253;160000451;M100H;11;;0.82;;1
BLOCS_P;2014;160000253;160000451;M1030;4;2;2.94;1;
BLOCS_P;2014;160000253;160000451;M200H;15;30;5.74;;1
BLOCS_P;2014;160000253;160000451;N2200;13;4;15.32;;
BLOCS_P;2014;160000253;160000451;N2310;18;0;17.2;;
BLOCS_P;2014;160000253;160000451;N2320;12;0;13.97;;
BLOCS_P;2014;160000253;160000451;N2510;9;1;11.04;;
BLOCS_P;2014;160000253;160000451;NAUT;5;1;6.19;;
BLOCS_P;2014;160000279;160000212;M100H;6;5;7.8;0;0
BLOCS_P;2014;160000279;160000212;M1030;2;3;3.3;0;1
BLOCS_P;2014;160000279;160000212;M200H;5;1;5.25;0;1
BLOCS_P;2014;160000279;160000212;N2200;11;4;11.64;;1
BLOCS_P;2014;160000279;160000212;N2310;0;1;0.62;0;1
BLOCS_P;2014;160000279;160000212;N2320;0;1;0.5;0;0
BLOCS_P;2014;160000279;160000212;N2510;2;;2;;0
BLOCS_P;2014;160000279;160000212;N4160;1;0;1;0;0
BLOCS_P;2014;160000279;160000212;NAUT;2;8;8.2;;0
BLOCS_P;2014;160000303;160006037;M100H;;5;0.25;0;0
BLOCS_P;2014;160000303;160006037;M1030;;3;0.21;0;0
BLOCS_P;2014;160000303;160006037;M200H;;4;0.23;0;0
BLOCS_P;2014;160000303;160006037;N2310;;1;0.9;0;0
BLOCS_P;2014;160000303;160006037;N2320;1;;0.5;0;0
BLOCS_P;2014;160000303;160006037;N4160;1;;0.2;0;0
BLOCS_P;2014;160000311;160000485;M100H;1;;0.03;;
BLOCS_P;2014;160000337;160000493;M100H;;1;0.05;0;0
BLOCS_P;2014;160000337;160000493;M1030;1;;0.35;0;0
BLOCS_P;2014;160000337;160000493;N2200;1;;0.4;0;0
BLOCS_P;2014;160000337;160000493;N2310;1;;0.1;0;0
BLOCS_P;2014;160000337;160000493;N2320;1;;0.2;0;0
BLOCS_P;2014;160000337;160000493;NAUT;3;;0.5;0;0
BLOCS_P;2014;160013207;160001632;M100H;7;0;7;0;1
BLOCS_P;2014;160013207;160001632;M1030;8;;8;0;1
BLOCS_P;2014;160013207;160001632;M200H;35;2;36.2;0;1
BLOCS_P;2014;160013207;160001632;N2200;34;7;38.84;0;1
BLOCS_P;2014;160013207;160001632;N2310;6;;6;0;0
BLOCS_P;2014;160013207;160001632;N2510;4;;4;0;1
BLOCS_P;2014;160013207;160001632;N4130;2;1;2.8;0;0
BLOCS_P;2014;160013207;160001632;N4160;3;;3;0;1
BLOCS_P;2014;160013207;160001632;NAUT;12;5;16.13;0;0
BLOCS_P;2014;160015368;160014411;M1030;;6;2.15;1;0
BLOCS_P;2014;160015368;160014411;N2200;;3;1.49;0;0
BLOCS_P;2014;160015368;160014411;N2310;3;1;3.5;0;1
BLOCS_P;2014;160015368;160014411;N2320;2;;2;0;1
BLOCS_P;2014;160015368;160014411;N4160;;1;0.2;1;0
BLOCS_P;2014;170000038;170780050;M100H;2;2;0.72;0;1
BLOCS_P;2014;170000038;170780050;M1030;2;1;2;0;1
BLOCS_P;2014;170000038;170780050;M200H;4;3;2.18;0;1
BLOCS_P;2014;170000038;170780050;N2200;4;2;6.3;0;1
BLOCS_P;2014;170000038;170780050;N2310;5;1;6.17;0;1
BLOCS_P;2014;170000038;170780050;N2320;5;;5.25;0;1
BLOCS_P;2014;170000038;170780050;N2510;2;1;2.88;0;1
BLOCS_P;2014;170000087;170023279;M100H;55;28;60.64;0;1
BLOCS_P;2014;170000087;170023279;M1030;14;2;15.18;1;
BLOCS_P;2014;170000087;170023279;M200H;27;7;26.1;1;1
BLOCS_P;2014;170000087;170023279;N2200;15;7;19.09;1;1
BLOCS_P;2014;170000087;170023279;N2310;23;5;27.84;1;1
BLOCS_P;2014;170000087;170023279;N2320;11;8;17.47;1;1
BLOCS_P;2014;170000087;170023279;N2510;29;6;33.62;0;1
BLOCS_P;2014;170000087;170023279;N4160;4;;3.85;0;0
BLOCS_P;2014;170000087;170023279;NAUT;21;3;22.85;0;0
BLOCS_P;2014;170000095;170780167;M1030;0;3;0.25;0;1
BLOCS_P;2014;170000095;170780167;M200H;0;8;1.32;0;1
BLOCS_P;2014;170000095;170780167;N2200;3;4;5.36;0;0
BLOCS_P;2014;170000095;170780167;N2310;4;4;7.27;0;1
BLOCS_P;2014;170000095;170780167;N2320;4;4;5.89;0;1
BLOCS_P;2014;170000095;170780167;N2510;1;2;1.55;0;0
BLOCS_P;2014;170000095;170780167;N4160;0;1;0.5;0;0
BLOCS_P;2014;170000095;170780167;NAUT;1;2;3.46;0;0
BLOCS_P;2014;170000103;170780175;M1030;9;1;9.75;1;0
BLOCS_P;2014;170000103;170780175;M200H;0;17;1.7;0;1
BLOCS_P;2014;170000103;170780175;N2200;19;8;20.8;;1
BLOCS_P;2014;170000103;170780175;N2310;15;4;17.12;;1
BLOCS_P;2014;170000103;170780175;N2320;9;3;11.1;;1
BLOCS_P;2014;170000103;170780175;N2510;18;6;12.19;;0
BLOCS_P;2014;170000103;170780175;N4130;;1;0.8;;0
BLOCS_P;2014;170000103;170780175;NAUT;3;;2.37;;0
BLOCS_P;2014;170000129;170780191;M100H;3;3;0.1;0;0
BLOCS_P;2014;170000129;170780191;M1030;2;;1.08;0;0
BLOCS_P;2014;170000129;170780191;M200H;;2;0.04;0;0
BLOCS_P;2014;170000129;170780191;N2200;2;;2.28;0;
BLOCS_P;2014;170000129;170780191;N2310;1;;1;0;
BLOCS_P;2014;170000129;170780191;N2510;2;;2;0;
BLOCS_P;2014;170000129;170780191;NAUT;1;;1;0;
BLOCS_P;2014;170000152;170780225;M100H;3;;3.01;0;1
BLOCS_P;2014;170000152;170780225;M1030;7;;8.15;1;0
BLOCS_P;2014;170000152;170780225;M200H;8;2;8.75;0;1
BLOCS_P;2014;170000152;170780225;N2200;20;14;30.91;;
BLOCS_P;2014;170000152;170780225;N2310;14;5;17.2;1;1
BLOCS_P;2014;170000152;170780225;N2320;6;7;11.03;1;1
BLOCS_P;2014;170000152;170780225;N2510;13;1;15.28;;1
BLOCS_P;2014;170000152;170780225;NAUT;4;1;4.55;;
BLOCS_P;2014;170780563;170000251;M100H;3;1;1.5;0;1
BLOCS_P;2014;170780563;170000251;M1030;4;2;2;0;1
BLOCS_P;2014;170780563;170000251;M200H;16;8;10;0;1
BLOCS_P;2014;170780563;170000251;N2200;21;6;25.5;0;1
BLOCS_P;2014;170780563;170000251;N2310;7;;7;0;1
BLOCS_P;2014;170780563;170000251;N2510;4;;4;0;0
BLOCS_P;2014;170780563;170000251;N4160;2;;2;0;0
BLOCS_P;2014;170780613;170000277;N2200;18;4;19.12;;
BLOCS_P;2014;170780613;170000277;N2320;1;;1;;
BLOCS_P;2014;170780613;170000277;N2510;3;1;3.97;;
BLOCS_P;2014;170780613;170000277;NAUT;10;;10;;
BLOCS_P;2014;170780621;170000285;M1030;4;;4;0;1
BLOCS_P;2014;170780621;170000285;M200H;12;5;17;0;1
BLOCS_P;2014;170780621;170000285;N2200;11;;10.36;0;1
BLOCS_P;2014;170780621;170000285;N2310;0;1;0.92;0;1
BLOCS_P;2014;170780621;170000285;N2320;2;0;1.13;0;1
BLOCS_P;2014;170780621;170000285;N2510;1;2;1.12;0;0
BLOCS_P;2014;170780621;170000285;N4160;1;;1;0;0
BLOCS_P;2014;170780621;170000285;NAUT;5;;4.88;0;0
BLOCS_P;2014;170780647;170000301;M100H;3;;2;0;1
BLOCS_P;2014;170780647;170000301;M1030;3;;3;0;1
BLOCS_P;2014;170780647;170000301;M200H;15;;12;0;1
BLOCS_P;2014;170780647;170000301;N2200;2;1;2.86;0;0
BLOCS_P;2014;170780647;170000301;N2320;13;3;15.45;0;1
BLOCS_P;2014;170780647;170000301;N2510;7;2;7.54;0;0
BLOCS_P;2014;170780647;170000301;N4160;1;;1;0;1
BLOCS_P;2014;170780647;170000301;NAUT;5;1;6.12;0;0
BLOCS_P;2014;170780662;170024053;N2200;15;4;15.97;;
BLOCS_P;2014;170780662;170024053;N2510;5;;4.87;;
BLOCS_P;2014;170780662;170024053;NAUT;10;2;11.41;;
BLOCS_P;2014;180000010;180000028;M100H;3;0;3.95;0;1
BLOCS_P;2014;180000010;180000028;M1030;11;0;10.22;1;0
BLOCS_P;2014;180000010;180000028;M200H;18;5;20.8;0;1
BLOCS_P;2014;180000010;180000028;N2200;13;0;13;1;1
BLOCS_P;2014;180000010;180000028;N2310;14;2;15.6;1;1
BLOCS_P;2014;180000010;180000028;N2320;14;5;18;1;1
BLOCS_P;2014;180000010;180000028;N2510;10;2;11.4;1;0
BLOCS_P;2014;180000010;180000028;N4160;;1;0.5;0;0
BLOCS_P;2014;180000010;180000028;NAUT;;2;1.25;0;0
BLOCS_P;2014;180000200;180000051;M1030;3;;1.43;0;1
BLOCS_P;2014;180000200;180000051;M200H;2;1;2.02;0;1
BLOCS_P;2014;180000200;180000051;N2200;14;1;15.62;1;0
BLOCS_P;2014;180000200;180000051;N2310;9;;7.96;1;0
BLOCS_P;2014;180000200;180000051;N2320;4;;4.44;1;0
BLOCS_P;2014;180000200;180000051;N2510;6;1;5.14;0;0
BLOCS_P;2014;180000200;180000051;NAUT;;;0.3;0;0
BLOCS_P;2014;180000358;180000739;M100H;3;;3;0;0
BLOCS_P;2014;180000358;180000739;M1030;2;;2;0;1
BLOCS_P;2014;180000358;180000739;M200H;4;;4;0;1
BLOCS_P;2014;180000358;180000739;N2200;9;2;9.5;;1
BLOCS_P;2014;180000358;180000739;N2310;2;1;2;0;0
BLOCS_P;2014;180000358;180000739;N2510;3;3;2.5;;
BLOCS_P;2014;180000358;180000739;N4130;1;0;1;;0
BLOCS_P;2014;180000358;180000739;N4160;1;;0.9;0;0
BLOCS_P;2014;180000358;180000739;NAUT;3;0;2.8;;0
BLOCS_P;2014;180004145;180000887;M100H;2;;2;;
BLOCS_P;2014;180004145;180000887;N2200;35;30;62.47;;
BLOCS_P;2014;180004145;180000887;N2310;2;2;1.97;;
BLOCS_P;2014;180004145;180000887;N2320;11;3;13.47;;
BLOCS_P;2014;180004145;180000887;N2510;21;18;37.23;;
BLOCS_P;2014;180004145;180000887;NAUT;17;8;24.8;;
BLOCS_P;2014;190000018;190000042;M1030;4;1;4.8;1;0
BLOCS_P;2014;190000018;190000042;M200H;15;5;5.17;0;0
BLOCS_P;2014;190000018;190000042;N2200;7;4;10.41;1;1
BLOCS_P;2014;190000018;190000042;N2310;10;2;10.97;1;0
BLOCS_P;2014;190000018;190000042;N2320;12;1;12.54;1;1
BLOCS_P;2014;190000018;190000042;N2510;13;1;13.65;0;0
BLOCS_P;2014;190000018;190000042;N4160;2;;1.2;0;0
BLOCS_P;2014;190000018;190000042;NAUT;11;2;11.21;0;0
BLOCS_P;2014;190000026;190000059;M100H;3;;0.28;1;
BLOCS_P;2014;190000026;190000059;M1030;3;1;4.08;1;
BLOCS_P;2014;190000026;190000059;M200H;6;2;2.25;1;
BLOCS_P;2014;190000026;190000059;N2200;6;;4.59;1;
BLOCS_P;2014;190000026;190000059;N2310;8;;8.78;;
BLOCS_P;2014;190000026;190000059;N2320;6;3;8.45;1;
BLOCS_P;2014;190000026;190000059;N2510;9;;9.23;;1
BLOCS_P;2014;190000026;190000059;NAUT;2;;1.13;;
BLOCS_P;2014;190000091;190000075;M100H;3;0;3;0;1
BLOCS_P;2014;190000091;190000075;M1030;2;;2;0;1
BLOCS_P;2014;190000091;190000075;M200H;6;0;6;0;1
BLOCS_P;2014;190000091;190000075;N2200;8;;8;0;0
BLOCS_P;2014;190000091;190000075;N2310;2;2;3.71;0;1
BLOCS_P;2014;190000091;190000075;N2320;3;1;3.86;0;1
BLOCS_P;2014;190000091;190000075;N2510;6;1;6.7;0;0
BLOCS_P;2014;190000091;190000075;N4130;0;0;0;0;1
BLOCS_P;2014;190000091;190000075;N4160;1;;1;0;0
BLOCS_P;2014;190000091;190000075;NAUT;4;1;4.5;0;0
BLOCS_P;2014;190000224;190000901;M100H;21;18;28;0;1
BLOCS_P;2014;190000224;190000901;M1030;7;;7;0;1
BLOCS_P;2014;190000224;190000901;M200H;20;2;20.5;0;1
BLOCS_P;2014;190000224;190000901;N2200;25;6;30.24;0;1
BLOCS_P;2014;190000224;190000901;N2310;2;5;4.23;0;1
BLOCS_P;2014;190000224;190000901;N2320;1;;1;0;1
BLOCS_P;2014;190000224;190000901;N2510;9;1;9.85;0;1
BLOCS_P;2014;190000224;190000901;N4160;2;;2;0;1
BLOCS_P;2014;190000224;190000901;NAUT;12;3;12.71;0;1
BLOCS_P;2014;190000257;190001131;M1030;3;;3;0;1
BLOCS_P;2014;190000257;190001131;N2200;9;1;9.8;0;1
BLOCS_P;2014;190000257;190001131;N2310;2;1;2.5;0;0
BLOCS_P;2014;190000257;190001131;N2320;3;;3;0;1
BLOCS_P;2014;190000257;190001131;N2510;5;;5;0;1
BLOCS_P;2014;190000257;190001131;N4130;;1;0.5;0;1
BLOCS_P;2014;190000257;190001131;N4160;1;;1;0;0
BLOCS_P;2014;190000257;190001131;NAUT;3;;3;0;0
BLOCS_P;2014;210011847;210011839;M100H;4;26;17;0;1
BLOCS_P;2014;210011847;210011839;M1030;4;;4;0;1
BLOCS_P;2014;210011847;210011839;M200H;19;12;25;0;1
BLOCS_P;2014;210011847;210011839;N2200;17;;14.6;;0
BLOCS_P;2014;210011847;210011839;N2310;2;1;2.4;;0
BLOCS_P;2014;210011847;210011839;N2320;1;;1;;1
BLOCS_P;2014;210011847;210011839;N2510;4;;4.4;;
BLOCS_P;2014;210011847;210011839;N4160;1;;1;;0
BLOCS_P;2014;210011847;210011839;NAUT;8;;8.3;;0
BLOCS_P;2014;210780110;210000022;M100H;11;3;12.5;0;1
BLOCS_P;2014;210780110;210000022;M1030;5;3;6.5;0;1
BLOCS_P;2014;210780110;210000022;M200H;23;17;31.5;0;1
BLOCS_P;2014;210780110;210000022;N2200;13;4;15.25;0;0
BLOCS_P;2014;210780110;210000022;N2320;;1;0.5;0;0
BLOCS_P;2014;210780110;210000022;N2510;5;;5.23;0;0
BLOCS_P;2014;210780110;210000022;N4160;1;1;1.5;0;0
BLOCS_P;2014;210780110;210000022;NAUT;8;;8;0;0
BLOCS_P;2014;210780136;210000030;M100H;2;16;11;0;1
BLOCS_P;2014;210780136;210000030;M1030;6;;6;0;1
BLOCS_P;2014;210780136;210000030;M200H;;26;12;0;1
BLOCS_P;2014;210780136;210000030;N2200;10;2;11.01;0;1
BLOCS_P;2014;210780136;210000030;N2310;1;4;3;0;0
BLOCS_P;2014;210780136;210000030;N2510;2;;2;0;0
BLOCS_P;2014;210780136;210000030;N4160;1;;1;0;0
BLOCS_P;2014;210780136;210000030;NAUT;2;;2;0;0
BLOCS_P;2014;210780789;210003208;M100H;7;2;8;0;1
BLOCS_P;2014;210780789;210003208;M1030;5;;5;0;1
BLOCS_P;2014;210780789;210003208;M200H;5;10;10;0;1
BLOCS_P;2014;210780789;210003208;N2200;13;4;15.81;0;1
BLOCS_P;2014;210780789;210003208;N2310;4;;4;0;1
BLOCS_P;2014;210780789;210003208;N2510;6;;6;0;0
BLOCS_P;2014;210780789;210003208;N4160;1;;1;0;1
BLOCS_P;2014;210780789;210003208;NAUT;13;1;13.5;0;0
BLOCS_P;2014;210780979;210000295;M100H;26;;26;0;1
BLOCS_P;2014;210780979;210000295;M1030;5;;5;0;1
BLOCS_P;2014;210780979;210000295;M200H;18;;18;1;1
BLOCS_P;2014;210780979;210000295;N2200;9;11;15.59;0;1
BLOCS_P;2014;210780979;210000295;N2320;;;;0;1
BLOCS_P;2014;210780979;210000295;N2510;5;;5;0;1
BLOCS_P;2014;210780979;210000295;N4130;1;;1;0;0
BLOCS_P;2014;210780979;210000295;N4160;1;;1;0;0
BLOCS_P;2014;210780979;210000295;NAUT;3;;3;0;0
BLOCS_P;2014;210987558;210780581;M100H;;;;1;0
BLOCS_P;2014;210987558;210780581;M1030;47;5;34.4;1;0
BLOCS_P;2014;210987558;210780581;M200H;66;;17.67;1;1
BLOCS_P;2014;210987558;210780581;N2200;70;15;68.59;0;1
BLOCS_P;2014;210987558;210780581;N2310;55;12;54;0;1
BLOCS_P;2014;210987558;210780581;N2320;23;7;29.95;0;1
BLOCS_P;2014;210987558;210780581;N2510;19;2;17.7;0;0
BLOCS_P;2014;210987558;210780581;N4160;8;;6.3;0;0
BLOCS_P;2014;210987558;210780581;NAUT;46;3;42;0;0
BLOCS_P;2014;210987657;210780714;M100H;;2;1.05;0;1
BLOCS_P;2014;210987657;210780714;M1030;2;;2;1;0
BLOCS_P;2014;210987657;210780714;M200H;1;;0.2;0;1
BLOCS_P;2014;210987657;210780714;N2200;19;;18.01;0;1
BLOCS_P;2014;210987657;210780714;N2310;12;;11.09;1;0
BLOCS_P;2014;210987657;210780714;N2320;3;;3;0;1
BLOCS_P;2014;210987657;210780714;N2510;2;;2;0;0
BLOCS_P;2014;210987657;210780714;NAUT;8;;6.91;0;0
BLOCS_P;2014;210987699;210780706;M100H;1;0;0.1;0;1
BLOCS_P;2014;210987699;210780706;M1030;4;1;4.02;1;0
BLOCS_P;2014;210987699;210780706;M200H;6;1;1.87;0;1
BLOCS_P;2014;210987699;210780706;N2200;9;1;8.65;1;0
BLOCS_P;2014;210987699;210780706;N2310;7;1;7.2;1;0
BLOCS_P;2014;210987699;210780706;N2320;2;1;3.08;1;0
BLOCS_P;2014;210987699;210780706;N2510;1;0;0.49;0;0
BLOCS_P;2014;210987699;210780706;NAUT;8;0;4.34;0;0
BLOCS_P;2014;210987731;210780417;M1030;4;2;5.6;;1
BLOCS_P;2014;210987731;210780417;M200H;5;3;5.9;;1
BLOCS_P;2014;210987731;210780417;N2200;13;1;13.41;;1
BLOCS_P;2014;210987731;210780417;N2310;7;2;7.7;;1
BLOCS_P;2014;210987731;210780417;N2320;;2;1.2;;1
BLOCS_P;2014;210987731;210780417;N2510;1;;1;;0
BLOCS_P;2014;210987731;210780417;N4160;3;;3;;1
BLOCS_P;2014;210987731;210780417;NAUT;8;2;9.4;;0
BLOCS_P;2014;220000012;220000020;M100H;;;;0;1
BLOCS_P;2014;220000012;220000020;M1030;13;8;19.68;1;0
BLOCS_P;2014;220000012;220000020;M200H;20;8;25.16;0;1
BLOCS_P;2014;220000012;220000020;N2200;13;2;10.63;0;0
BLOCS_P;2014;220000012;220000020;N2310;22;15;30.11;1;1
BLOCS_P;2014;220000012;220000020;N2320;18;19;29.63;1;1
BLOCS_P;2014;220000012;220000020;N2510;24;8;27.18;0;0
BLOCS_P;2014;220000012;220000020;NAUT;7;;8.87;0;0
BLOCS_P;2014;220000095;220000046;M100H;8;4;0.66;0;1
BLOCS_P;2014;220000095;220000046;M1030;3;;2.5;1;0
BLOCS_P;2014;220000095;220000046;N2200;13;2;15.49;;
BLOCS_P;2014;220000095;220000046;N2310;3;1;3.59;;
BLOCS_P;2014;220000095;220000046;N2320;1;1;1.97;;
BLOCS_P;2014;220000095;220000046;N2510;10;4;11.88;;
BLOCS_P;2014;220000095;220000046;NAUT;3;0;3.12;;
BLOCS_P;2014;220000111;220000376;M100H;;;;0;1
BLOCS_P;2014;220000111;220000376;M1030;2;2;3.2;0;1
BLOCS_P;2014;220000111;220000376;M200H;11;4;12;0;1
BLOCS_P;2014;220000111;220000376;N2200;12;2;13;0;1
BLOCS_P;2014;220000111;220000376;N2310;1;2;2;0;0
BLOCS_P;2014;220000111;220000376;N2320;1;0;1;0;1
BLOCS_P;2014;220000111;220000376;N2510;2;0;2;0;1
BLOCS_P;2014;220000111;220000376;N4130;2;1;2.2;0;0
BLOCS_P;2014;220000111;220000376;N4160;1;1;1.5;0;0
BLOCS_P;2014;220000111;220000376;NAUT;2;1;2.5;0;0
BLOCS_P;2014;220000285;220000673;M1030;13;;13;0;0
BLOCS_P;2014;220000285;220000673;M200H;28;;28;0;0
BLOCS_P;2014;220000285;220000673;N2200;13;6;17.47;;
BLOCS_P;2014;220000285;220000673;N2310;1;1;1.8;;1
BLOCS_P;2014;220000285;220000673;N2320;4;;4;;1
BLOCS_P;2014;220000285;220000673;N2510;5;;5;;0
BLOCS_P;2014;220000285;220000673;NAUT;6;1;6.8;;0
BLOCS_P;2014;220000301;220000673;M100H;11;;11;;
BLOCS_P;2014;220000301;220000673;M1030;13;;14;;
BLOCS_P;2014;220000301;220000673;M200H;20;;21;;
BLOCS_P;2014;220000301;220000673;N2200;20;5;23.7;;
BLOCS_P;2014;220000301;220000673;N2310;4;2;5.6;;
BLOCS_P;2014;220000301;220000673;N2510;1;1;1.8;;
BLOCS_P;2014;220000301;220000673;N4160;1;;1;;
BLOCS_P;2014;220000301;220000673;NAUT;12;1;12.8;;
BLOCS_P;2014;220000343;220000079;M100H;2;2;2.5;0;1
BLOCS_P;2014;220000343;220000079;M1030;3;2;4;0;1
BLOCS_P;2014;220000343;220000079;M200H;10;10;3.7;0;1
BLOCS_P;2014;220000343;220000079;N2200;9;6;13.8;0;1
BLOCS_P;2014;220000343;220000079;N2310;12;1;12.6;1;0
BLOCS_P;2014;220000343;220000079;N2320;6;1;6.8;0;1
BLOCS_P;2014;220000343;220000079;N2510;6;2;7.6;0;0
BLOCS_P;2014;220000343;220000079;N4160;1;;1;0;0
BLOCS_P;2014;220000343;220000079;NAUT;1;;1;0;0
BLOCS_P;2014;220000368;220000103;M100H;4;2;0.28;0;1
BLOCS_P;2014;220000368;220000103;M1030;6;;2.59;1;0
BLOCS_P;2014;220000368;220000103;M200H;5;0;1.7;0;1
BLOCS_P;2014;220000368;220000103;N2200;10;3;11.64;0;0
BLOCS_P;2014;220000368;220000103;N2310;10;2;11.4;1;0
BLOCS_P;2014;220000368;220000103;N2320;9;2;10.41;1;0
BLOCS_P;2014;220000368;220000103;N2510;13;3;13.43;0;0
BLOCS_P;2014;220000368;220000103;NAUT;14;23;16.11;0;0
BLOCS_P;2014;220000541;220000152;M100H;;1;0.2;0;0
BLOCS_P;2014;220000541;220000152;M1030;;;0.44;0;0
BLOCS_P;2014;220000541;220000152;N2200;2;1;1.7;0;0
BLOCS_P;2014;220000541;220000152;N2510;2;;0.43;0;0
BLOCS_P;2014;220000541;220000152;N4160;1;;0.23;0;0
BLOCS_P;2014;220000541;220000152;NAUT;;;0.09;0;0
BLOCS_P;2014;220005599;220017842;M1030;6;;;0;0
BLOCS_P;2014;220005599;220017842;M200H;18;;;0;0
BLOCS_P;2014;220005599;220017842;N2200;12;8;18.1;0;1
BLOCS_P;2014;220005599;220017842;N2310;2;;2;0;0
BLOCS_P;2014;220005599;220017842;N2320;0;;;0;1
BLOCS_P;2014;220005599;220017842;N2510;1;;1;0;1
BLOCS_P;2014;220005599;220017842;N4160;1;;1;0;0
BLOCS_P;2014;230000820;230780041;M100H;3;;0.5;0;0
BLOCS_P;2014;230000820;230780041;M1030;3;3;3.95;1;0
BLOCS_P;2014;230000820;230780041;M200H;9;2;2.23;0;1
BLOCS_P;2014;230000820;230780041;N2200;10;;9.07;;
BLOCS_P;2014;230000820;230780041;N2310;4;2;5.67;;
BLOCS_P;2014;230000820;230780041;N2320;4;;4;;
BLOCS_P;2014;230000820;230780041;N2510;;;0.26;;
BLOCS_P;2014;230000820;230780041;NAUT;3;;3.62;;
BLOCS_P;2014;230004657;230780058;M1030;;1;0.8;0;0
BLOCS_P;2014;230004657;230780058;M200H;1;1;1.2;0;0
BLOCS_P;2014;230004657;230780058;N2200;4;;3.67;0;0
BLOCS_P;2014;230004657;230780058;N2510;2;;1.67;0;0
BLOCS_P;2014;230004657;230780058;N4160;;1;0.25;0;0
BLOCS_P;2014;230004657;230780058;NAUT;3;;3;0;0
BLOCS_P;2014;230780082;750005068;N2200;;2;0.99;0;0
BLOCS_P;2014;230780157;230000861;M100H;1;7;1.7;;
BLOCS_P;2014;230780157;230000861;M1030;2;;2;;
BLOCS_P;2014;230780157;230000861;M200H;3;;3;;
BLOCS_P;2014;230780157;230000861;N2200;6;;6;;
BLOCS_P;2014;230780157;230000861;N2310;1;;1;;
BLOCS_P;2014;230780157;230000861;N2320;1;;0.9;;
BLOCS_P;2014;230780157;230000861;N2510;2;;2;;
BLOCS_P;2014;240000190;240000596;M1030;6;;6;0;1
BLOCS_P;2014;240000190;240000596;M200H;16;3;18;0;1
BLOCS_P;2014;240000190;240000596;N2200;27;;23.7;0;1
BLOCS_P;2014;240000190;240000596;N2310;4;;4;0;
BLOCS_P;2014;240000190;240000596;N2510;4;;3.6;0;
BLOCS_P;2014;240000190;240000596;N4160;2;;2;0;
BLOCS_P;2014;240000190;240000596;NAUT;18;;17;0;
BLOCS_P;2014;240000208;240000612;M1030;3;;3;0;1
BLOCS_P;2014;240000208;240000612;M200H;20;;20;;1
BLOCS_P;2014;240000208;240000612;N2320;10;6;13.61;;1
BLOCS_P;2014;240000208;240000612;N2510;4;1;4.68;;
BLOCS_P;2014;240000208;240000612;N4160;1;;1;;
BLOCS_P;2014;240000216;240000620;M1030;3;;3;1;1
BLOCS_P;2014;240000216;240000620;M200H;;19;19;1;1
BLOCS_P;2014;240000216;240000620;N2200;6;3;6.96;0;0
BLOCS_P;2014;240000216;240000620;N2310;2;;2;0;0
BLOCS_P;2014;240000216;240000620;N2320;1;;1;0;0
BLOCS_P;2014;240000216;240000620;NAUT;9;3;11.81;0;0
BLOCS_P;2014;240000372;240000059;M1030;3;;3.3;1;1
BLOCS_P;2014;240000372;240000059;N2200;9;1;9.3;;
BLOCS_P;2014;240000372;240000059;N2310;7;2;7.9;0;1
BLOCS_P;2014;240000372;240000059;N2320;4;;3.73;0;1
BLOCS_P;2014;240000372;240000059;N2510;2;2;3.26;0;0
BLOCS_P;2014;240000372;240000059;N4160;1;;1;0;0
BLOCS_P;2014;240000372;240000059;NAUT;2;2;2.66;0;0
BLOCS_P;2014;240000489;240000117;M1030;4;4;7.89;1;1
BLOCS_P;2014;240000489;240000117;M200H;14;1;4.43;0;1
BLOCS_P;2014;240000489;240000117;N2200;32;6;34.41;0;0
BLOCS_P;2014;240000489;240000117;N2310;25;1;24.55;0;1
BLOCS_P;2014;240000489;240000117;N2320;11;0;11;0;1
BLOCS_P;2014;240000489;240000117;N2510;37;2;38.88;0;0
BLOCS_P;2014;240000489;240000117;N4130;1;0;1;0;1
BLOCS_P;2014;240000489;240000117;N4160;2;0;2;0;0
BLOCS_P;2014;240000489;240000117;NAUT;31;0;25.93;0;0
BLOCS_P;2014;240000687;240000448;M100H;;1;0.15;0;0
BLOCS_P;2014;240000687;240000448;M1030;;9;0.49;0;1
BLOCS_P;2014;240000687;240000448;M200H;3;1;2.5;0;1
BLOCS_P;2014;240000687;240000448;N2200;2;1;2.36;0;1
BLOCS_P;2014;240000687;240000448;N2310;4;;4;1;
BLOCS_P;2014;240000687;240000448;N2320;6;1;5.43;0;1
BLOCS_P;2014;240000687;240000448;N2510;3;1;3.21;0;0
BLOCS_P;2014;240000687;240000448;NAUT;;5;1.4;0;0
BLOCS_P;2014;250000114;900000365;N2200;18;5;22.02;;
BLOCS_P;2014;250000114;900000365;N2310;16;9;18.55;;
BLOCS_P;2014;250000114;900000365;N2320;15;2;17.45;;
BLOCS_P;2014;250000114;900000365;N2510;12;1;11.23;;
BLOCS_P;2014;250000114;900000365;NAUT;5;3;8.7;;
BLOCS_P;2014;250000270;250000643;N2200;19;11;25.33;;
BLOCS_P;2014;250000270;250000643;N2320;1;2;3.59;;
BLOCS_P;2014;250000270;250000643;N2510;14;3;16.35;;
BLOCS_P;2014;250000270;250000643;NAUT;6;;6.21;;
BLOCS_P;2014;250000700;250000452;M100H;1;;1;;1
BLOCS_P;2014;250000700;250000452;M1030;5;3;5.94;1;
BLOCS_P;2014;250000700;250000452;M200H;6;3;7.85;;1
BLOCS_P;2014;250000700;250000452;N2200;11;8;17.82;0;1
BLOCS_P;2014;250000700;250000452;N2310;6;7;10.51;1;
BLOCS_P;2014;250000700;250000452;N2320;4;1;5.23;1;
BLOCS_P;2014;250000700;250000452;N2510;3;4;6.36;0;0
BLOCS_P;2014;250000700;250000452;N4160;1;;1;0;0
BLOCS_P;2014;250000700;250000452;NAUT;4;2;4.45;0;0
BLOCS_P;2014;250006954;250000015;M100H;;10;0.15;1;1
BLOCS_P;2014;250006954;250000015;M1030;23;16;30.8;1;1
BLOCS_P;2014;250006954;250000015;M200H;;136;29.2;1;1
BLOCS_P;2014;250006954;250000015;N2200;42;30;71.9;0;
BLOCS_P;2014;250006954;250000015;N2310;36;33;54.17;1;
BLOCS_P;2014;250006954;250000015;N2320;30;14;36.48;1;
BLOCS_P;2014;250006954;250000015;N2510;49;16;63.97;;
BLOCS_P;2014;250006954;250000015;N4160;8;1;7.39;;
BLOCS_P;2014;250006954;250000015;NAUT;19;7;19.48;;
BLOCS_P;2014;250011723;250017126;M100H;32;;32;0;0
BLOCS_P;2014;250011723;250017126;M1030;5;;5;0;1
BLOCS_P;2014;250011723;250017126;M200H;3;;3;0;1
BLOCS_P;2014;250011723;250017126;N2200;14;4;16.65;0;0
BLOCS_P;2014;250011723;250017126;N2310;1;;1;0;0
BLOCS_P;2014;250011723;250017126;N2320;1;;1;0;0
BLOCS_P;2014;250011723;250017126;N2510;4;1;5.75;0;0
BLOCS_P;2014;250011723;250017126;N4130;4;4;4;0;0
BLOCS_P;2014;250011723;250017126;N4160;1;;1;0;0
BLOCS_P;2014;250011723;250017126;NAUT;3;3;3;0;0
BLOCS_P;2014;250011848;250017803;N2200;25;35;42.72;0;1
BLOCS_P;2014;250011848;250017803;N2310;2;6;4.82;0;0
BLOCS_P;2014;250011848;250017803;N2320;4;0;3.06;0;1
BLOCS_P;2014;250011848;250017803;N2510;1;1;1.87;0;0
BLOCS_P;2014;250011848;250017803;N4160;1;1;1.34;0;1
BLOCS_P;2014;250011848;250017803;NAUT;9;20;15.32;0;0
BLOCS_P;2014;260000013;260000021;M1030;10;0;9.47;1;1
BLOCS_P;2014;260000013;260000021;M200H;34;9;34.63;0;1
BLOCS_P;2014;260000013;260000021;N2200;26;11;32.56;0;0
BLOCS_P;2014;260000013;260000021;N2310;17;9;20.43;0;0
BLOCS_P;2014;260000013;260000021;N2320;11;2;13.04;0;0
BLOCS_P;2014;260000013;260000021;N2510;9;;9.12;0;0
BLOCS_P;2014;260000013;260000021;N4160;2;;1.58;0;0
BLOCS_P;2014;260000013;260000021;NAUT;7;;7.64;0;0
BLOCS_P;2014;260000120;260016910;M100H;5;2;2.2;;1
BLOCS_P;2014;260000120;260016910;M1030;2;3;4.4;1;
BLOCS_P;2014;260000120;260016910;M200H;8;;4;;1
BLOCS_P;2014;260000120;260016910;N2200;31;16;45.4;1;0
BLOCS_P;2014;260000120;260016910;N2310;10;6;13.86;1;0
BLOCS_P;2014;260000120;260016910;N2320;8;4;10.56;1;0
BLOCS_P;2014;260000120;260016910;N2510;31;16;44.09;0;0
BLOCS_P;2014;260000120;260016910;N4160;2;2;2.72;0;0
BLOCS_P;2014;260000120;260016910;NAUT;13;9;17.74;0;0
BLOCS_P;2014;260000138;260000047;M100H;;13;0.91;0;1
BLOCS_P;2014;260000138;260000047;M1030;;6;5.69;1;
BLOCS_P;2014;260000138;260000047;M200H;;25;5.09;0;1
BLOCS_P;2014;260000138;260000047;N2200;11;8;16.64;1;1
BLOCS_P;2014;260000138;260000047;N2310;13;5;14.37;1;1
BLOCS_P;2014;260000138;260000047;N2320;4;3;6.8;1;1
BLOCS_P;2014;260000138;260000047;N2510;7;2;7.53;0;1
BLOCS_P;2014;260000138;260000047;N4160;2;;2;0;0
BLOCS_P;2014;260000138;260000047;NAUT;1;1;1.75;0;0
BLOCS_P;2014;260000146;260000054;M100H;;;1;0;0
BLOCS_P;2014;260000146;260000054;M1030;3;;1;0;0
BLOCS_P;2014;260000146;260000054;M200H;1;2;0.7;0;0
BLOCS_P;2014;260000146;260000054;N2200;1;6;4.8;0;0
BLOCS_P;2014;260000146;260000054;N2310;;;1;0;0
BLOCS_P;2014;260000146;260000054;N2510;1;1;1;0;0
BLOCS_P;2014;260000146;260000054;N4160;;;0.25;0;0
BLOCS_P;2014;260000195;260006770;M100H;;1;0.02;;
BLOCS_P;2014;260000195;260006770;N2200;;1;0.02;;
BLOCS_P;2014;260000260;260000377;M1030;4;;4;0;1
BLOCS_P;2014;260000260;260000377;M200H;21;;21;0;1
BLOCS_P;2014;260000260;260000377;N2200;8;3;9.1;1;1
BLOCS_P;2014;260000260;260000377;N2310;2;1;2.57;;
BLOCS_P;2014;260000260;260000377;N2320;1;;1;1;1
BLOCS_P;2014;260000260;260000377;N2510;11;1;11.8;1;1
BLOCS_P;2014;260000260;260000377;NAUT;6;;6;0;0
BLOCS_P;2014;260000286;260000104;M1030;;;;1;0
BLOCS_P;2014;260000286;260000104;M200H;;;;1;0
BLOCS_P;2014;260000286;260000104;N2310;2;;2;0;0
BLOCS_P;2014;260000286;260000104;N2320;2;;2;0;0
BLOCS_P;2014;260000286;260000104;N2510;1;;1;0;0
BLOCS_P;2014;260000286;260000104;N4160;1;;1;0;0
BLOCS_P;2014;260000286;260000104;NAUT;1;;0.3;0;0
BLOCS_P;2014;260003017;260000781;M100H;15;;15;;1
BLOCS_P;2014;260003017;260000781;M1030;8;;8;;1
BLOCS_P;2014;260003017;260000781;M200H;20;;20;;1
BLOCS_P;2014;260003017;260000781;N2200;20;15;28.14;0;1
BLOCS_P;2014;260003017;260000781;N2310;2;;2.29;0;0
BLOCS_P;2014;260003017;260000781;N2320;1;;1.04;0;0
BLOCS_P;2014;260003017;260000781;N2510;2;3;3.62;0;0
BLOCS_P;2014;260003017;260000781;N4160;1;;1;0;1
BLOCS_P;2014;260003017;260000781;NAUT;7;5;11.64;0;0
BLOCS_P;2014;260006267;070000245;M100H;15;12;20.5;0;1
BLOCS_P;2014;260006267;070000245;M1030;11;3;12.5;0;1
BLOCS_P;2014;260006267;070000245;M200H;10;3;11.5;0;1
BLOCS_P;2014;260006267;070000245;N2200;4;3;3.81;0;0
BLOCS_P;2014;260006267;070000245;N2320;1;;0.42;;
BLOCS_P;2014;260006267;070000245;N2510;3;;0.27;0;0
BLOCS_P;2014;260006267;070000245;NAUT;5;;5.64;0;0
BLOCS_P;2014;260015276;260006770;M100H;;5;1.2;0;0
BLOCS_P;2014;260015276;260006770;N4130;;1;0.4;0;0
BLOCS_P;2014;260015276;260006770;NAUT;;4;2.47;0;0
BLOCS_P;2014;270000045;270000060;M100H;2;9;2.4;;1
BLOCS_P;2014;270000045;270000060;M1030;2;2;2.02;;1
BLOCS_P;2014;270000045;270000060;M200H;4;3;1.52;;1
BLOCS_P;2014;270000045;270000060;N2200;9;;8.47;0;1
BLOCS_P;2014;270000045;270000060;N2310;5;;4.62;1;0
BLOCS_P;2014;270000045;270000060;N2320;3;;3.11;0;1
BLOCS_P;2014;270000045;270000060;N2510;3;2;5.03;0;1
BLOCS_P;2014;270000045;270000060;N4160;1;;1;0;0
BLOCS_P;2014;270000045;270000060;NAUT;2;1;2.35;0;0
BLOCS_P;2014;270000326;270000680;M100H;4;;3;;
BLOCS_P;2014;270000326;270000680;M1030;6;1;5.5;;
BLOCS_P;2014;270000326;270000680;M200H;8;;8;;
BLOCS_P;2014;270000326;270000680;N2200;75;7;80.5;0;1
BLOCS_P;2014;270000326;270000680;N2310;3;0;3;0;1
BLOCS_P;2014;270000326;270000680;N2320;2;0;2;0;1
BLOCS_P;2014;270000326;270000680;N2510;53;7;58.7;0;1
BLOCS_P;2014;270000326;270000680;N4130;;;;0;1
BLOCS_P;2014;270000326;270000680;N4160;6;0;6;0;1
BLOCS_P;2014;270000326;270000680;NAUT;33;0;33;0;
BLOCS_P;2014;270000359;270023724;M1030;5;4;7.4;1;0
BLOCS_P;2014;270000359;270023724;M200H;20;5;20.05;0;1
BLOCS_P;2014;270000359;270023724;N2200;21;2;21.59;;
BLOCS_P;2014;270000359;270023724;N2310;13;2;14.48;;
BLOCS_P;2014;270000359;270023724;N2320;3;;2.58;;
BLOCS_P;2014;270000359;270023724;N2510;12;4;14.1;;
BLOCS_P;2014;270000359;270023724;NAUT;1;;1.08;;
BLOCS_P;2014;270000367;270000086;M100H;;2;0.6;0;1
BLOCS_P;2014;270000367;270000086;M1030;;4;1.67;1;0
BLOCS_P;2014;270000367;270000086;M200H;;14;2.27;;
BLOCS_P;2014;270000367;270000086;N2200;5;3;7.43;;1
BLOCS_P;2014;270000367;270000086;N2310;5;;5;1;
BLOCS_P;2014;270000367;270000086;N2320;2;1;3;;1
BLOCS_P;2014;270000425;270000102;M100H;;1;0.2;0;0
BLOCS_P;2014;270000425;270000102;M1030;1;;0.3;0;0
BLOCS_P;2014;270000425;270000102;M200H;1;3;2;0;0
BLOCS_P;2014;270000425;270000102;N2200;;1;0.53;0;0
BLOCS_P;2014;270000425;270000102;N2320;;1;0.6;0;0
BLOCS_P;2014;270000425;270000102;N2510;;1;0.6;0;0
BLOCS_P;2014;270000425;270000102;N4160;;1;0.27;0;0
BLOCS_P;2014;270000441;270000110;M200H;;2;0.4;;
BLOCS_P;2014;270000458;270023724;M1030;4;3;3.93;;
BLOCS_P;2014;270000458;270023724;M200H;5;3;6.85;0;1
BLOCS_P;2014;270000458;270023724;N2200;6;2;6.02;;
BLOCS_P;2014;270000458;270023724;N2310;6;2;6.82;;
BLOCS_P;2014;270000458;270023724;N2320;7;1;7.78;;
BLOCS_P;2014;270000458;270023724;N2510;4;1;4.97;;
BLOCS_P;2014;270000458;270023724;NAUT;4;;4.03;;
BLOCS_P;2014;270000862;270000953;M1030;;6;5;0;1
BLOCS_P;2014;270000862;270000953;M200H;0;21;21;0;0
BLOCS_P;2014;280000084;280000183;M100H;7;;0.46;;1
BLOCS_P;2014;280000084;280000183;M1030;7;8;9.8;1;0
BLOCS_P;2014;280000084;280000183;M200H;18;8;3.61;;1
BLOCS_P;2014;280000084;280000183;N2200;11;2;13.31;0;0
BLOCS_P;2014;280000084;280000183;N2310;14;1;13.87;1;0
BLOCS_P;2014;280000084;280000183;N2320;12;4;13.91;;1
BLOCS_P;2014;280000084;280000183;N2510;13;2;15.18;;
BLOCS_P;2014;280000084;280000183;N4160;2;;1.85;0;0
BLOCS_P;2014;280000084;280000183;NAUT;8;;8.59;;
BLOCS_P;2014;280000159;280000068;M100H;3;17;10.3;;
BLOCS_P;2014;280000159;280000068;M1030;4;;4;;
BLOCS_P;2014;280000159;280000068;M200H;10;13;14.3;;
BLOCS_P;2014;280000159;280000068;N2200;9;4;11.4;;
BLOCS_P;2014;280000159;280000068;N2510;1;1;1.9;;
BLOCS_P;2014;280000159;280000068;N4160;1;;0.67;;
BLOCS_P;2014;280000159;280000068;NAUT;7;;7;;
BLOCS_P;2014;280000662;280500075;M1030;5;1;3.96;1;0
BLOCS_P;2014;280000662;280500075;N2200;1;3;3.4;0;0
BLOCS_P;2014;280000662;280500075;N2310;2;0;2;0;1
BLOCS_P;2014;280000662;280500075;N2320;2;1;2.8;0;1
BLOCS_P;2014;280000662;280500075;NAUT;2;0;1.86;0;0
BLOCS_P;2014;280502998;280000589;M100H;;1;0;0;0
BLOCS_P;2014;280502998;280000589;M1030;;2;1.14;0;0
BLOCS_P;2014;280502998;280000589;M200H;;18;0.56;0;0
BLOCS_P;2014;280502998;280000589;N2200;1;3;2.36;0;0
BLOCS_P;2014;280502998;280000589;N2310;1;;0.92;0;0
BLOCS_P;2014;280502998;280000589;N2320;1;;0.87;0;0
BLOCS_P;2014;280502998;280000589;N2510;4;;2.07;0;0
BLOCS_P;2014;280502998;280000589;N4160;;;0.09;0;0
BLOCS_P;2014;280504267;280000134;M100H;14;1;0.45;0;0
BLOCS_P;2014;280504267;280000134;M1030;12;4;4.54;1;0
BLOCS_P;2014;280504267;280000134;M200H;18;3;3.27;0;1
BLOCS_P;2014;280504267;280000134;N2200;18;14;29.03;1;0
BLOCS_P;2014;280504267;280000134;N2310;18;3;20.43;1;0
BLOCS_P;2014;280504267;280000134;N2320;14;4;17.2;1;0
BLOCS_P;2014;280504267;280000134;N2510;13;8;19.33;0;0
BLOCS_P;2014;280504267;280000134;NAUT;11;6;12.39;0;0
BLOCS_P;2014;280505777;280001199;M1030;4;;4;0;0
BLOCS_P;2014;280505777;280001199;M200H;6;14;10;0;0
BLOCS_P;2014;280505777;280001199;N2200;10;2;11.22;0;0
BLOCS_P;2014;280505777;280001199;N2310;3;;3;0;0
BLOCS_P;2014;280505777;280001199;N2320;1;1;1.86;0;0
BLOCS_P;2014;280505777;280001199;N2510;1;1;1.4;0;0
BLOCS_P;2014;280505777;280001199;N4160;2;;2;0;0
BLOCS_P;2014;280505777;280001199;NAUT;9;;8;0;0
BLOCS_P;2014;290000025;290020700;M100H;12;0;0.39;1;1
BLOCS_P;2014;290000025;290020700;M1030;11;5;13.93;1;0
BLOCS_P;2014;290000025;290020700;M200H;23;7;1.47;1;1
BLOCS_P;2014;290000025;290020700;N2200;6;1;7.75;0;0
BLOCS_P;2014;290000025;290020700;N2310;34;2;34.55;0;0
BLOCS_P;2014;290000025;290020700;N2320;26;12;35.75;0;0
BLOCS_P;2014;290000025;290020700;N2510;41;26;61.93;0;0
BLOCS_P;2014;290000025;290020700;NAUT;49;28;70.89;0;0
BLOCS_P;2014;290000033;290021542;M100H;6;;0.74;0;1
BLOCS_P;2014;290000033;290021542;M1030;6;1;3.71;1;0
BLOCS_P;2014;290000033;290021542;M200H;9;3;2.6;0;1
BLOCS_P;2014;290000033;290021542;N2200;8;1;11.28;0;1
BLOCS_P;2014;290000033;290021542;N2310;18;2;19.19;0;1
BLOCS_P;2014;290000033;290021542;N2320;11;2;11.89;0;1
BLOCS_P;2014;290000033;290021542;N2510;13;0;10.99;0;1
BLOCS_P;2014;290000033;290021542;N4130;0;0;0;0;1
BLOCS_P;2014;290000033;290021542;N4160;1;0;0.25;0;1
BLOCS_P;2014;290000033;290021542;NAUT;2;1;2.95;0;1
BLOCS_P;2014;290000058;290000017;M100H;;1;0.2;1;0
BLOCS_P;2014;290000058;290000017;M1030;16;61;8.9;1;1
BLOCS_P;2014;290000058;290000017;M200H;22;7;5.82;1;1
BLOCS_P;2014;290000058;290000017;N2200;7;3;9.4;1;0
BLOCS_P;2014;290000058;290000017;N2310;17;15;26;1;0
BLOCS_P;2014;290000058;290000017;N2320;19;2;20.7;1;0
BLOCS_P;2014;290000058;290000017;N2510;7;3;8.75;0;0
BLOCS_P;2014;290000058;290000017;N4130;;;;1;0
BLOCS_P;2014;290000058;290000017;NAUT;9;1;9.5;0;0
BLOCS_P;2014;290000140;290000447;M100H;7;;7;;1
BLOCS_P;2014;290000140;290000447;M1030;10;;10;;1
BLOCS_P;2014;290000140;290000447;M200H;32;;32;;1
BLOCS_P;2014;290000140;290000447;N2200;22;6;26.02;;
BLOCS_P;2014;290000140;290000447;N2320;2;;2;;
BLOCS_P;2014;290000140;290000447;N2510;3;2;4.27;;
BLOCS_P;2014;290000140;290000447;N4160;2;;2;;
BLOCS_P;2014;290000173;290000041;M100H;;2;0.08;;
BLOCS_P;2014;290000173;290000041;M1030;3;1;0.81;1;0
BLOCS_P;2014;290000173;290000041;M200H;4;2;1.23;;
BLOCS_P;2014;290000173;290000041;N2200;2;;1.69;;
BLOCS_P;2014;290000173;290000041;N2310;9;;9.26;;
BLOCS_P;2014;290000173;290000041;N2320;8;2;9.7;;
BLOCS_P;2014;290000173;290000041;N2510;2;;2.09;;
BLOCS_P;2014;290000181;290000074;M100H;;6;0.85;0;1
BLOCS_P;2014;290000181;290000074;M1030;;12;2.45;0;1
BLOCS_P;2014;290000181;290000074;M200H;;13;1.25;0;1
BLOCS_P;2014;290000181;290000074;N2200;;1;0.8;0;0
BLOCS_P;2014;290000181;290000074;N2310;4;1;4.68;0;1
BLOCS_P;2014;290000181;290000074;N2320;3;1;4.46;0;1
BLOCS_P;2014;290000181;290000074;N2510;2;3;3.96;0;0
BLOCS_P;2014;290000181;290000074;N4160;;1;0.36;0;0
BLOCS_P;2014;290000207;290000520;N2200;15;3;17.5;0;0
BLOCS_P;2014;290000207;290000520;N2320;1;1;1.8;0;0
BLOCS_P;2014;290000207;290000520;N4160;1;0;1;0;0
BLOCS_P;2014;290000207;290000520;NAUT;5;0;5;0;0
BLOCS_P;2014;290000215;290029974;M1030;6;;6;0;1
BLOCS_P;2014;290000215;290029974;N2200;22;6;26.8;0;1
BLOCS_P;2014;290000215;290029974;N2310;4;;4;0;0
BLOCS_P;2014;290000215;290029974;N2320;3;;3;0;1
BLOCS_P;2014;290000215;290029974;N2510;1;;1;0;0
BLOCS_P;2014;290000215;290029974;N4160;1;;1;;
BLOCS_P;2014;290000256;290000017;M100H;2;;0.3;0;0
BLOCS_P;2014;290000256;290000017;M1030;;2;0.8;0;1
BLOCS_P;2014;290000256;290000017;M200H;9;4;1.33;0;1
BLOCS_P;2014;290000256;290000017;N2200;7;;7;0;1
BLOCS_P;2014;290000256;290000017;N2310;7;1;7.8;0;0
BLOCS_P;2014;290000256;290000017;N2320;3;1;3.8;0;1
BLOCS_P;2014;290000256;290000017;N2510;4;1;4.5;0;0
BLOCS_P;2014;290000256;290000017;NAUT;;3;1.4;0;0
BLOCS_P;2014;290000728;750821092;M100H;3;1;2.69;0;0
BLOCS_P;2014;290000728;750821092;M1030;8;5;6.99;1;0
BLOCS_P;2014;290000728;750821092;M200H;13;2;13.39;1;1
BLOCS_P;2014;290000728;750821092;N2200;10;1;9.41;0;1
BLOCS_P;2014;290000728;750821092;N2310;12;2;10.87;0;1
BLOCS_P;2014;290000728;750821092;N2320;11;;10.08;0;1
BLOCS_P;2014;290000728;750821092;N2510;2;;1.77;0;0
BLOCS_P;2014;290000728;750821092;N4160;3;;2.5;0;1
BLOCS_P;2014;290000728;750821092;NAUT;7;;7.9;0;1
BLOCS_P;2014;290000785;220020739;M100H;;5;0.75;;
BLOCS_P;2014;290000785;220020739;M1030;4;;0.55;;
BLOCS_P;2014;290000785;220020739;M200H;2;1;0.15;;
BLOCS_P;2014;290000785;220020739;N2200;2;;1.82;;
BLOCS_P;2014;290000785;220020739;N2310;6;2;1.1;;
BLOCS_P;2014;290000934;290000306;M200H;;;0.05;0;0
BLOCS_P;2014;290004142;290022508;M100H;;19;4.75;0;0
BLOCS_P;2014;290004142;290022508;M1030;4;;4;0;1
BLOCS_P;2014;290004142;290022508;M200H;9;8;13;0;1
BLOCS_P;2014;290004142;290022508;N2200;11;6;15.25;0;1
BLOCS_P;2014;290004142;290022508;N2310;3;1;3.6;0;0
BLOCS_P;2014;290004142;290022508;N2320;3;;3;0;1
BLOCS_P;2014;290004142;290022508;N2510;3;1;3.75;0;0
BLOCS_P;2014;290004142;290022508;N4130;1;;1;0;1
BLOCS_P;2014;290004142;290022508;N4160;1;;1;0;0
BLOCS_P;2014;290004142;290022508;NAUT;6;2;7.16;0;0
BLOCS_P;2014;290004324;290000017;M100H;13;3;3.93;1;0
BLOCS_P;2014;290004324;290000017;M1030;28;4;12.73;1;1
BLOCS_P;2014;290004324;290000017;M200H;42;;11.79;1;1
BLOCS_P;2014;290004324;290000017;N2200;24;8;29.55;1;1
BLOCS_P;2014;290004324;290000017;N2310;42;8;47.9;1;1
BLOCS_P;2014;290004324;290000017;N2320;40;8;45.9;1;1
BLOCS_P;2014;290004324;290000017;N2510;18;4;21.6;0;0
BLOCS_P;2014;290004324;290000017;N4130;4;1;4.8;1;0
BLOCS_P;2014;290004324;290000017;N4160;;;;1;0
BLOCS_P;2014;290004324;290000017;NAUT;19;3;20.8;0;0
BLOCS_P;2014;290019777;290022508;M100H;2;16;6;1;
BLOCS_P;2014;290019777;290022508;M1030;7;3;8.5;1;1
BLOCS_P;2014;290019777;290022508;M200H;17;6;20;0;1
BLOCS_P;2014;290019777;290022508;N2200;5;5;8.7;0;1
BLOCS_P;2014;290019777;290022508;N2310;7;4;9.91;0;0
BLOCS_P;2014;290019777;290022508;N2320;25;12;31.3;0;1
BLOCS_P;2014;290019777;290022508;N2510;8;1;8.8;0;0
BLOCS_P;2014;290019777;290022508;N4130;2;;2;0;1
BLOCS_P;2014;290019777;290022508;N4160;2;;2;0;0
BLOCS_P;2014;290019777;290022508;NAUT;10;;10;0;0
BLOCS_P;2014;290023431;290001049;M100H;2;2;3;;
BLOCS_P;2014;290023431;290001049;M1030;4;;4;;
BLOCS_P;2014;290023431;290001049;M200H;7;6;10.4;;
BLOCS_P;2014;290023431;290001049;N2200;11;3;13.4;;
BLOCS_P;2014;290023431;290001049;N2310;1;;1;;
BLOCS_P;2014;290023431;290001049;N2510;1;1;1.8;;
BLOCS_P;2014;290023431;290001049;N4160;1;;1;;
BLOCS_P;2014;290023431;290001049;NAUT;4;;4;;
BLOCS_P;2014;2A0000022;2A0000014;M100H;2;;1.78;;
BLOCS_P;2014;2A0000022;2A0000014;M1030;1;;0.82;;
BLOCS_P;2014;2A0000022;2A0000014;M200H;8;2;8.86;;
BLOCS_P;2014;2A0000022;2A0000014;N2200;57;4;60.03;;
BLOCS_P;2014;2A0000022;2A0000014;N2310;14;2;15.6;;
BLOCS_P;2014;2A0000022;2A0000014;N2320;9;0;8.49;;
BLOCS_P;2014;2A0000022;2A0000014;N2510;27;0;25.53;;
BLOCS_P;2014;2A0000022;2A0000014;NAUT;31;1;31.79;;
BLOCS_P;2014;2A0000097;2A0000063;M1030;1;;1;;
BLOCS_P;2014;2A0000097;2A0000063;M200H;7;;7;;
BLOCS_P;2014;2A0000139;2A0000063;M1030;6;;6;;
BLOCS_P;2014;2A0000139;2A0000063;M200H;9;10;19;;
BLOCS_P;2014;2A0000139;2A0000063;N2200;13;3;15.08;;
BLOCS_P;2014;2A0000139;2A0000063;N2510;4;1;4.71;;
BLOCS_P;2014;2A0000139;2A0000063;N4160;1;;1;;
BLOCS_P;2014;2A0000139;2A0000063;NAUT;10;;10;;
BLOCS_P;2014;2A0000154;2A0000204;M100H;;2;1;;1
BLOCS_P;2014;2A0000154;2A0000204;M1030;2;;2;;1
BLOCS_P;2014;2A0000154;2A0000204;M200H;;5;2;;1
BLOCS_P;2014;2A0000154;2A0000204;N2320;1;;1;;
BLOCS_P;2014;2A0000154;2A0000204;N4160;1;;1;;
BLOCS_P;2014;2B0000012;2B0000020;M100H;0;0;0;0;1
BLOCS_P;2014;2B0000012;2B0000020;M1030;8;0;4.67;1;1
BLOCS_P;2014;2B0000012;2B0000020;M200H;0;0;0;0;1
BLOCS_P;2014;2B0000012;2B0000020;N2200;19;0;18.32;1;1
BLOCS_P;2014;2B0000012;2B0000020;N2310;12;2;13.77;0;1
BLOCS_P;2014;2B0000012;2B0000020;N2320;5;0;6.22;1;1
BLOCS_P;2014;2B0000012;2B0000020;N2510;13;0;11.79;0;0
BLOCS_P;2014;2B0000079;2B0000046;M100H;;;;0;1
BLOCS_P;2014;2B0000079;2B0000046;M1030;2;;2;0;1
BLOCS_P;2014;2B0000079;2B0000046;M200H;;14;14;0;1
BLOCS_P;2014;2B0000079;2B0000046;N2200;4;;4;0;1
BLOCS_P;2014;2B0000079;2B0000046;N2310;1;;1;0;1
BLOCS_P;2014;2B0000079;2B0000046;N2320;5;;5;0;1
BLOCS_P;2014;2B0000079;2B0000046;N2510;3;;2.2;0;1
BLOCS_P;2014;2B0000079;2B0000046;N4160;1;;1;0;1
BLOCS_P;2014;2B0000079;2B0000046;NAUT;8;;7.6;0;1
BLOCS_P;2014;2B0000145;2B0000053;M100H;0;10;2.9;0;1
BLOCS_P;2014;2B0000145;2B0000053;M1030;5;1;5.5;0;1
BLOCS_P;2014;2B0000145;2B0000053;M200H;3;10;6.8;0;1
BLOCS_P;2014;2B0000145;2B0000053;N2200;13;;13;;1
BLOCS_P;2014;2B0000145;2B0000053;N2310;3;1;3.5;0;1
BLOCS_P;2014;2B0000145;2B0000053;N2510;9;1;9.5;;1
BLOCS_P;2014;2B0000145;2B0000053;N4160;2;;2;0;0
BLOCS_P;2014;2B0000145;2B0000053;NAUT;14;;14;;0
BLOCS_P;2014;2B0000160;2B0000087;M1030;;2;0.5;1;
BLOCS_P;2014;2B0000160;2B0000087;M200H;;6;0.65;0;0
BLOCS_P;2014;2B0000160;2B0000087;N2200;8;;4;;
BLOCS_P;2014;2B0000160;2B0000087;N2310;1;;0.5;;
BLOCS_P;2014;2B0000160;2B0000087;N2320;1;;0.1;;
BLOCS_P;2014;2B0000160;2B0000087;NAUT;5;;2.5;;
BLOCS_P;2014;2B0000392;2B0000129;M100H;;5;3;0;0
BLOCS_P;2014;2B0000392;2B0000129;M1030;3;;3;0;1
BLOCS_P;2014;2B0000392;2B0000129;M200H;6;1;5.2;0;1
BLOCS_P;2014;2B0000392;2B0000129;N2200;8;;8;0;1
BLOCS_P;2014;2B0000392;2B0000129;N2310;2;;1.2;0;0
BLOCS_P;2014;2B0000392;2B0000129;N2320;1;;1;0;1
BLOCS_P;2014;2B0000392;2B0000129;N4130;3;;3;0;1
BLOCS_P;2014;2B0000392;2B0000129;N4160;2;;2;0;1
BLOCS_P;2014;2B0000392;2B0000129;NAUT;2;;2;0;0
BLOCS_P;2014;300000023;300780046;M100H;3;0;0.82;0;1
BLOCS_P;2014;300000023;300780046;M1030;4;1;3.92;1;0
BLOCS_P;2014;300000023;300780046;M200H;14;4;8.75;0;1
BLOCS_P;2014;300000023;300780046;N2200;8;1;10.62;;
BLOCS_P;2014;300000023;300780046;N2310;11;1;11.66;;
BLOCS_P;2014;300000023;300780046;N2320;9;4;12.05;;
BLOCS_P;2014;300000023;300780046;N2510;13;1;12.64;;
BLOCS_P;2014;300000023;300780046;NAUT;3;5;4.81;;
BLOCS_P;2014;300000031;300780053;M100H;5;;0.42;;1
BLOCS_P;2014;300000031;300780053;M1030;5;;5.56;1;
BLOCS_P;2014;300000031;300780053;M200H;12;2;5.79;;1
BLOCS_P;2014;300000031;300780053;N2200;5;3;6.78;0;1
BLOCS_P;2014;300000031;300780053;N2310;11;1;10.43;1;1
BLOCS_P;2014;300000031;300780053;N2320;4;3;6.57;0;1
BLOCS_P;2014;300000031;300780053;N2510;1;0;1;0;0
BLOCS_P;2014;300000031;300780053;N4160;1;0;1;0;0
BLOCS_P;2014;300000031;300780053;NAUT;4;1;4.86;0;1
BLOCS_P;2014;300002508;300000213;M100H;2;5;0.9;0;1
BLOCS_P;2014;300002508;300000213;M1030;3;1;1.75;0;1
BLOCS_P;2014;300002508;300000213;M200H;0;25;3.23;0;1
BLOCS_P;2014;300002508;300000213;N2200;5;2;6.1;0;0
BLOCS_P;2014;300002508;300000213;N2310;1;1;1.5;0;0
BLOCS_P;2014;300002508;300000213;N2510;1;1;1.9;0;0
BLOCS_P;2014;300002508;300000213;N4160;2;0;2;0;0
BLOCS_P;2014;300780137;920028396;M100H;1;6;4;0;1
BLOCS_P;2014;300780137;920028396;M1030;4;;4;0;1
BLOCS_P;2014;300780137;920028396;M200H;8;20;18;0;1
BLOCS_P;2014;300780137;920028396;N2200;20;8;22.4;0;1
BLOCS_P;2014;300780137;920028396;N2310;2;;2;0;1
BLOCS_P;2014;300780137;920028396;N2510;2;2;3.6;0;1
BLOCS_P;2014;300780137;920028396;N4160;1;;1;0;1
BLOCS_P;2014;300780137;920028396;NAUT;7;;6.7;0;1
BLOCS_P;2014;300780152;300000114;M100H;15;28;20;0;1
BLOCS_P;2014;300780152;300000114;M1030;12;1;10.6;1;1
BLOCS_P;2014;300780152;300000114;M200H;16;11;19;0;1
BLOCS_P;2014;300780152;300000114;N2200;29;18;38.1;0;1
BLOCS_P;2014;300780152;300000114;N2320;1;;1;;1
BLOCS_P;2014;300780152;300000114;N2510;1;;1;0;
BLOCS_P;2014;300780152;300000114;N4130;1;;1;0;0
BLOCS_P;2014;300780152;300000114;N4160;2;;1.8;0;0
BLOCS_P;2014;300780152;300000114;NAUT;9;;8.2;;0
BLOCS_P;2014;300780228;300000155;M100H;;2;1;0;1
BLOCS_P;2014;300780228;300000155;M1030;2;;2;0;1
BLOCS_P;2014;300780228;300000155;M200H;3;6;5.7;0;1
BLOCS_P;2014;300780228;300000155;N2200;4;1;4.4;0;1
BLOCS_P;2014;300780228;300000155;N2310;1;;1;0;0
BLOCS_P;2014;300780228;300000155;N2320;;1;0.8;0;1
BLOCS_P;2014;300780228;300000155;N2510;1;2;2;0;0
BLOCS_P;2014;300780228;300000155;N4160;1;;1;0;0
BLOCS_P;2014;300781465;300000726;M100H;;9;2;0;1
BLOCS_P;2014;300781465;300000726;M1030;;4;3.5;0;1
BLOCS_P;2014;300781465;300000726;M200H;;32;11;0;1
BLOCS_P;2014;300782117;300780038;M100H;;10;10;0;0
BLOCS_P;2014;300782117;300780038;M1030;50;16;54.54;1;1
BLOCS_P;2014;300782117;300780038;M200H;64;34;49.78;1;0
BLOCS_P;2014;300782117;300780038;N2200;60;15;69.68;0;0
BLOCS_P;2014;300782117;300780038;N2310;61;11;64.45;0;1
BLOCS_P;2014;300782117;300780038;N2320;33;5;36.15;0;1
BLOCS_P;2014;300782117;300780038;N2510;40;7;43.85;0;0
BLOCS_P;2014;300782117;300780038;NAUT;14;4;16.38;0;0
BLOCS_P;2014;300788502;300788486;M100H;9;5;12;0;1
BLOCS_P;2014;300788502;300788486;M1030;13;14;15.2;1;1
BLOCS_P;2014;300788502;300788486;M200H;17;28;31;0;1
BLOCS_P;2014;300788502;300788486;N2200;34;12;41.9;0;1
BLOCS_P;2014;300788502;300788486;N2510;7;3;8.6;0;1
BLOCS_P;2014;300788502;300788486;NAUT;20;6;22.5;;
BLOCS_P;2014;310009279;310780671;M100H;;1;0.02;;1
BLOCS_P;2014;310009279;310780671;M1030;4;;3.46;;1
BLOCS_P;2014;310009279;310780671;M200H;3;;3;;1
BLOCS_P;2014;310009279;310780671;N2200;4;8;10.64;;
BLOCS_P;2014;310009279;310780671;N2310;7;;7;;1
BLOCS_P;2014;310009279;310780671;N2320;2;2;3.64;;1
BLOCS_P;2014;310009279;310780671;N4160;1;;0.9;;
BLOCS_P;2014;310009279;310780671;NAUT;6;1;6.24;;
BLOCS_P;2014;310016977;310781406;M1030;22;;18.6;1;1
BLOCS_P;2014;310016977;310781406;N2200;39;18;45.08;1;
BLOCS_P;2014;310016977;310781406;N2310;24;7;25.79;1;
BLOCS_P;2014;310016977;310781406;N2320;18;3;19.89;1;
BLOCS_P;2014;310016977;310781406;N2510;42;10;42.67;1;1
BLOCS_P;2014;310016977;310781406;N4130;14;;2.79;1;1
BLOCS_P;2014;310016977;310781406;N4160;;;;1;0
BLOCS_P;2014;310016977;310781406;NAUT;14;6;16.94;1;1
BLOCS_P;2014;310019351;310781406;M1030;6;0;6;;
BLOCS_P;2014;310019351;310781406;N2200;6;;4.79;0;0
BLOCS_P;2014;310019351;310781406;N2310;9;1;3.27;0;0
BLOCS_P;2014;310019351;310781406;N2320;12;7;12.18;;
BLOCS_P;2014;310019351;310781406;N2510;10;1;9.8;0;0
BLOCS_P;2014;310019351;310781406;N4130;1;1;0.2;;
BLOCS_P;2014;310019351;310781406;N4160;1;;1;0;0
BLOCS_P;2014;310780085;310000021;M100H;;37;18.5;;0
BLOCS_P;2014;310780085;310000021;M1030;4;;4;0;1
BLOCS_P;2014;310780085;310000021;M200H;26;4;28;0;1
BLOCS_P;2014;310780085;310000021;N2310;2;;2;;
BLOCS_P;2014;310780085;310000021;N2320;8;1;8.86;0;1
BLOCS_P;2014;310780085;310000021;N2510;1;0;1;0;0
BLOCS_P;2014;310780085;310000021;N4160;1;1;1.5;0;1
BLOCS_P;2014;310780085;310000021;NAUT;6;;6;;
BLOCS_P;2014;310780101;310000039;M1030;;;;;1
BLOCS_P;2014;310780101;310000039;M200H;;;;;1
BLOCS_P;2014;310780101;310000039;N2200;34;10;38.6;;1
BLOCS_P;2014;310780101;310000039;N2510;15;1;16.16;;0
BLOCS_P;2014;310780101;310000039;N4160;2;1;2.76;;0
BLOCS_P;2014;310780101;310000039;NAUT;14;1;12.35;;0
BLOCS_P;2014;310780135;310000054;M100H;39;26;52;0;1
BLOCS_P;2014;310780135;310000054;M1030;10;;10;0;1
BLOCS_P;2014;310780135;310000054;M200H;16;3;17.5;0;1
BLOCS_P;2014;310780135;310000054;N2310;4;;4;0;0
BLOCS_P;2014;310780135;310000054;N2320;20;3;21.41;0;1
BLOCS_P;2014;310780135;310000054;N2510;7;2;8.03;0;0
BLOCS_P;2014;310780135;310000054;N4130;2;;2;0;0
BLOCS_P;2014;310780135;310000054;N4160;1;1;1.5;0;1
BLOCS_P;2014;310780150;310788799;M1030;10;3;11.5;;
BLOCS_P;2014;310780150;310788799;M200H;49;13;55.5;1;1
BLOCS_P;2014;310780150;310788799;N2200;9;1;11.33;;
BLOCS_P;2014;310780150;310788799;N2310;1;1;1.7;;
BLOCS_P;2014;310780150;310788799;N2320;17;10;26.01;;1
BLOCS_P;2014;310780150;310788799;N2510;8;;7.65;;
BLOCS_P;2014;310780150;310788799;N4160;3;;2.78;;1
BLOCS_P;2014;310780150;310788799;NAUT;23;3;21.9;;
BLOCS_P;2014;310780259;310000096;M100H;41;3;42.5;0;1
BLOCS_P;2014;310780259;310000096;M1030;4;18;13;0;1
BLOCS_P;2014;310780259;310000096;M200H;21;1;21.5;0;1
BLOCS_P;2014;310780259;310000096;N2200;89;2;84.72;0;1
BLOCS_P;2014;310780259;310000096;N2310;;2;1.39;0;1
BLOCS_P;2014;310780259;310000096;N2320;10;;9.79;0;1
BLOCS_P;2014;310780259;310000096;N2510;10;;9.98;0;1
BLOCS_P;2014;310780259;310000096;N4130;;;;0;1
BLOCS_P;2014;310780259;310000096;N4160;5;;5;0;1
BLOCS_P;2014;310780259;310000096;NAUT;28;;23.1;0;0
BLOCS_P;2014;310780283;310000112;M100H;70;;70;0;1
BLOCS_P;2014;310780283;310000112;M1030;16;;16;1;1
BLOCS_P;2014;310780283;310000112;M200H;41;;41;0;1
BLOCS_P;2014;310780283;310000112;N2200;62;20;50;0;1
BLOCS_P;2014;310780283;310000112;N2510;51;7;40;0;1
BLOCS_P;2014;310780283;310000112;N4160;4;;4;0;0
BLOCS_P;2014;310780309;310000120;M100H;39;;39;0;1
BLOCS_P;2014;310780309;310000120;M1030;14;;14;1;1
BLOCS_P;2014;310780309;310000120;M200H;40;;40;0;1
BLOCS_P;2014;310780309;310000120;N2200;3;;2.71;;
BLOCS_P;2014;310780309;310000120;N2320;23;6;26.73;;
BLOCS_P;2014;310780309;310000120;N2510;8;2;7.99;;
BLOCS_P;2014;310780309;310000120;NAUT;2;;2;;
BLOCS_P;2014;310780366;310000153;M100H;2;1;2.5;0;1
BLOCS_P;2014;310780366;310000153;M1030;;1;0.5;0;1
BLOCS_P;2014;310780366;310000153;N2200;;1;0.71;0;0
BLOCS_P;2014;310780366;310000153;N2510;;2;1.63;0;0
BLOCS_P;2014;310780382;310000179;M100H;;;;0;1
BLOCS_P;2014;310780382;310000179;M1030;10;5;12.5;1;1
BLOCS_P;2014;310780382;310000179;M200H;;;;0;1
BLOCS_P;2014;310781000;310788880;M100H;32;;32;0;1
BLOCS_P;2014;310781000;310788880;M1030;20;;20;0;1
BLOCS_P;2014;310781000;310788880;M200H;47;;47;0;1
BLOCS_P;2014;310781000;310788880;N2200;40;25;56.04;0;1
BLOCS_P;2014;310781000;310788880;N2510;3;3;4.76;;
BLOCS_P;2014;310781000;310788880;N4160;3;0;3;0;1
BLOCS_P;2014;310781000;310788880;NAUT;6;0;4.42;;
BLOCS_P;2014;310781067;310788898;M100H;;2;0.4;0;1
BLOCS_P;2014;310781067;310788898;M1030;5;5;3.6;1;
BLOCS_P;2014;310781067;310788898;M200H;6;2;2.49;0;1
BLOCS_P;2014;310781067;310788898;N2200;11;5;12.81;0;1
BLOCS_P;2014;310781067;310788898;N2310;3;;2.92;0;1
BLOCS_P;2014;310781067;310788898;N2320;4;1;4.68;0;1
BLOCS_P;2014;310781067;310788898;N2510;2;;1.74;0;0
BLOCS_P;2014;310781067;310788898;N4160;1;;0.95;0;0
BLOCS_P;2014;310781067;310788898;NAUT;7;2;5.9;0;0
BLOCS_P;2014;310781505;310000492;M100H;15;4;;0;1
BLOCS_P;2014;310781505;310000492;M1030;5;2;;0;1
BLOCS_P;2014;310781505;310000492;M200H;22;14;;0;1
BLOCS_P;2014;310781505;310000492;N2200;9;5;13.85;;
BLOCS_P;2014;310781505;310000492;N2320;2;0;2;;
BLOCS_P;2014;310781505;310000492;N2510;5;0;5;;
BLOCS_P;2014;310781505;310000492;N4160;1;1;1.5;;
BLOCS_P;2014;310781505;310000492;NAUT;6;0;6;;
BLOCS_P;2014;310782347;310789136;M100H;;;;0;1
BLOCS_P;2014;310782347;310789136;M1030;7;5;8.03;0;1
BLOCS_P;2014;310782347;310789136;M200H;7;3;8.52;0;1
BLOCS_P;2014;310782347;310789136;N2200;17;1;14.74;0;1
BLOCS_P;2014;310782347;310789136;N2310;10;;9.25;0;1
BLOCS_P;2014;310782347;310789136;N2320;2;3;4.13;0;1
BLOCS_P;2014;310782347;310789136;N2510;13;;10.02;0;1
BLOCS_P;2014;310782347;310789136;N4130;;;;0;1
BLOCS_P;2014;310782347;310789136;N4160;1;;1;0;1
BLOCS_P;2014;310783048;310781406;M100H;;;;1;1
BLOCS_P;2014;310783048;310781406;M1030;30;6;26.6;1;1
BLOCS_P;2014;310783048;310781406;M200H;;;;1;1
BLOCS_P;2014;310783048;310781406;N2200;67;9;67.5;;
BLOCS_P;2014;310783048;310781406;N2310;35;9;38;;
BLOCS_P;2014;310783048;310781406;N2320;57;7;56;;
BLOCS_P;2014;310783048;310781406;N2510;78;9;75.7;;
BLOCS_P;2014;310783048;310781406;N4130;27;4;7.4;;
BLOCS_P;2014;310783048;310781406;N4160;8;;8.3;;
BLOCS_P;2014;310783048;310781406;NAUT;2;5;4.5;;
BLOCS_P;2014;310783055;310781406;M1030;32;;27.9;1;1
BLOCS_P;2014;310783055;310781406;N2200;68;18;90;;
BLOCS_P;2014;310783055;310781406;N2310;56;14;46.03;;
BLOCS_P;2014;310783055;310781406;N2320;32;10;43.75;;
BLOCS_P;2014;310783055;310781406;N2510;84;7;108.6;;
BLOCS_P;2014;310783055;310781406;N4130;21;2;6.98;;
BLOCS_P;2014;310783055;310781406;N4160;7;;4.13;0;
BLOCS_P;2014;320000086;320780117;M100H;3;;0.3;;
BLOCS_P;2014;320000086;320780117;M1030;4;;7;;
BLOCS_P;2014;320000086;320780117;M200H;5;;5;;
BLOCS_P;2014;320000086;320780117;N2200;11;1;13.89;;
BLOCS_P;2014;320000086;320780117;N2310;8;1;8.03;;
BLOCS_P;2014;320000086;320780117;N2320;10;;9.91;;
BLOCS_P;2014;320000086;320780117;N2510;9;4;12.2;;
BLOCS_P;2014;320000086;320780117;N4160;0;;0.83;;
BLOCS_P;2014;320000086;320780117;NAUT;1;3;3.4;;
BLOCS_P;2014;320780067;320000052;M1030;3;;3;0;1
BLOCS_P;2014;320780067;320000052;M200H;10;11;12.2;0;1
BLOCS_P;2014;320780067;320000052;N2200;9;1;10.95;0;1
BLOCS_P;2014;320780067;320000052;N2510;4;0;4;0;0
BLOCS_P;2014;320780067;320000052;N4160;1;;1;0;0
BLOCS_P;2014;320784333;320000565;M100H;1;;0.05;0;0
BLOCS_P;2014;320784333;320000565;N4160;1;;0.18;0;0
BLOCS_P;2014;330000332;330780545;M100H;2;7;0.6;0;0
BLOCS_P;2014;330000332;330780545;M1030;1;;1;0;0
BLOCS_P;2014;330000332;330780545;M200H;;3;0.1;0;0
BLOCS_P;2014;330000332;330780545;N2200;3;1;2.9;0;0
BLOCS_P;2014;330000332;330780545;N2320;;1;0.5;0;0
BLOCS_P;2014;330000332;330780545;N2510;1;;1;0;0
BLOCS_P;2014;330000332;330780545;N4160;1;;0.2;0;0
BLOCS_P;2014;330000332;330780545;NAUT;1;;0.5;0;0
BLOCS_P;2014;330000340;330780552;M100H;4;;4;;
BLOCS_P;2014;330000340;330780552;M1030;14;3;16.67;1;
BLOCS_P;2014;330000340;330780552;M200H;14;12;17.43;;
BLOCS_P;2014;330000340;330780552;N2200;26;12;35.75;;
BLOCS_P;2014;330000340;330780552;N2310;8;3;12.29;;
BLOCS_P;2014;330000340;330780552;N2320;12;1;12.76;;
BLOCS_P;2014;330000340;330780552;N2510;9;0;10.18;;
BLOCS_P;2014;330000340;330780552;N4160;1;;1;;
BLOCS_P;2014;330000555;330781204;M100H;;;;;1
BLOCS_P;2014;330000555;330781204;M1030;3;4;4.02;1;
BLOCS_P;2014;330000555;330781204;M200H;5;;6.1;;1
BLOCS_P;2014;330000555;330781204;N2200;14;;12.9;;
BLOCS_P;2014;330000555;330781204;N2310;7;;7.09;0;1
BLOCS_P;2014;330000555;330781204;N2320;4;;4;;1
BLOCS_P;2014;330000555;330781204;N2510;3;1;3.7;;
BLOCS_P;2014;330000555;330781204;NAUT;1;1;1.15;;
BLOCS_P;2014;330000571;330781220;M1030;;7;5.1;1;0
BLOCS_P;2014;330000571;330781220;M200H;3;7;6.37;0;1
BLOCS_P;2014;330000571;330781220;N2200;9;;9.48;;
BLOCS_P;2014;330000571;330781220;N2310;8;1;8.59;;
BLOCS_P;2014;330000571;330781220;N2320;3;;2.5;;
BLOCS_P;2014;330000571;330781220;N2510;6;1;5.8;;
BLOCS_P;2014;330000571;330781220;NAUT;1;2;1.2;;
BLOCS_P;2014;330000589;330027509;M100H;2;0;0.54;;
BLOCS_P;2014;330000589;330027509;M1030;4;0;2.1;;
BLOCS_P;2014;330000589;330027509;M200H;5;1;1.72;;
BLOCS_P;2014;330000589;330027509;N2200;6;1;6.39;;
BLOCS_P;2014;330000589;330027509;N2310;6;2;7.6;;
BLOCS_P;2014;330000589;330027509;N2320;6;0;6.67;;
BLOCS_P;2014;330000589;330027509;N2510;4;0;4.53;;
BLOCS_P;2014;330000589;330027509;N4130;0;0;0;1;
BLOCS_P;2014;330000589;330027509;NAUT;5;1;5.83;;
BLOCS_P;2014;330000605;330781253;M100H;3;;0.5;0;1
BLOCS_P;2014;330000605;330781253;M1030;13;;11.38;1;0
BLOCS_P;2014;330000605;330781253;M200H;21;6;8.52;0;1
BLOCS_P;2014;330000605;330781253;N2200;12;11;19.71;;
BLOCS_P;2014;330000605;330781253;N2310;11;14;22.4;;
BLOCS_P;2014;330000605;330781253;N2320;10;4;14.9;;
BLOCS_P;2014;330000605;330781253;N2510;7;7;11.32;;
BLOCS_P;2014;330000605;330781253;N4130;;2;0.99;;
BLOCS_P;2014;330000605;330781253;N4160;1;2;1.9;;
BLOCS_P;2014;330000605;330781253;NAUT;17;1;16.98;;
BLOCS_P;2014;330000662;330781329;M100H;1;3;1.7;0;0
BLOCS_P;2014;330000662;330781329;M1030;6;1;6.8;1;
BLOCS_P;2014;330000662;330781329;M200H;4;9;6.23;0;1
BLOCS_P;2014;330000662;330781329;N2200;9;1;10.53;0;0
BLOCS_P;2014;330000662;330781329;N2310;16;4;14.71;0;1
BLOCS_P;2014;330000662;330781329;N2320;6;2;6.19;0;1
BLOCS_P;2014;330000662;330781329;N2510;1;;0.96;0;0
BLOCS_P;2014;330000662;330781329;N4130;1;;1;0;0
BLOCS_P;2014;330000662;330781329;N4160;2;;2.03;0;0
BLOCS_P;2014;330000662;330781329;NAUT;15;;13.59;0;0
BLOCS_P;2014;330780040;330000027;M100H;16;;16;0;0
BLOCS_P;2014;330780040;330000027;M1030;12;;12;;1
BLOCS_P;2014;330780040;330000027;M200H;86;;86;;1
BLOCS_P;2014;330780040;330000027;N2200;15;6;19.61;;
BLOCS_P;2014;330780040;330000027;N2320;;;;;1
BLOCS_P;2014;330780040;330000027;N2510;4;1;4.72;;
BLOCS_P;2014;330780081;330000043;M100H;7;35;10;0;1
BLOCS_P;2014;330780081;330000043;M1030;6;7;12;0;1
BLOCS_P;2014;330780081;330000043;M200H;8;8;12;0;1
BLOCS_P;2014;330780081;330000043;N2200;27;4;31;0;1
BLOCS_P;2014;330780081;330000043;N2310;1;;1;0;0
BLOCS_P;2014;330780081;330000043;N2510;2;1;2.5;0;0
BLOCS_P;2014;330780081;330000043;N4130;2;;2;0;1
BLOCS_P;2014;330780081;330000043;N4160;;3;1.5;0;1
BLOCS_P;2014;330780081;330000043;NAUT;2;;2;0;1
BLOCS_P;2014;330780115;330000076;M100H;;12;6;0;1
BLOCS_P;2014;330780115;330000076;M1030;8;;8;0;1
BLOCS_P;2014;330780115;330000076;M200H;15;23;29;0;0
BLOCS_P;2014;330780115;330000076;N2200;21;2;20.29;0;1
BLOCS_P;2014;330780115;330000076;N2310;4;3;5.5;0;1
BLOCS_P;2014;330780115;330000076;N2320;1;;1;0;1
BLOCS_P;2014;330780115;330000076;N4130;1;;1;0;1
BLOCS_P;2014;330780115;330000076;N4160;1;;1;0;1
BLOCS_P;2014;330780115;330000076;NAUT;7;;6.95;0;1
BLOCS_P;2014;330780206;330000126;M100H;;14;2.8;0;1
BLOCS_P;2014;330780206;330000126;M1030;3;;3;0;1
BLOCS_P;2014;330780206;330000126;M200H;6;13;11;0;1
BLOCS_P;2014;330780206;330000126;N2200;;;;0;1
BLOCS_P;2014;330780206;330000126;N2310;2;;2;0;0
BLOCS_P;2014;330780206;330000126;N2320;10;3;12.23;;
BLOCS_P;2014;330780206;330000126;N2510;4;3;6.11;0;0
BLOCS_P;2014;330780255;330010059;M1030;3;;3;;0
BLOCS_P;2014;330780255;330010059;M200H;8;17;25;;0
BLOCS_P;2014;330780255;330010059;N2200;13;;10.93;;1
BLOCS_P;2014;330780255;330010059;N2310;3;;3;0;0
BLOCS_P;2014;330780255;330010059;N2320;1;;0.93;;1
BLOCS_P;2014;330780255;330010059;N2510;5;;3.99;;0
BLOCS_P;2014;330780255;330010059;N4160;1;;1;;1
BLOCS_P;2014;330780255;330010059;NAUT;10;;8.93;;0
BLOCS_P;2014;330780263;330000134;M100H;;10;2;0;1
BLOCS_P;2014;330780263;330000134;M1030;;11;6.2;1;0
BLOCS_P;2014;330780263;330000134;M200H;;31;6.2;1;0
BLOCS_P;2014;330780263;330000134;N2200;19;2;20;0;1
BLOCS_P;2014;330780263;330000134;N4160;1;1;1.6;0;0
BLOCS_P;2014;330780263;330000134;NAUT;9;1;9.4;0;0
BLOCS_P;2014;330780271;330021429;M1030;;7;5;0;1
BLOCS_P;2014;330780271;330021429;M200H;;16;3.6;0;1
BLOCS_P;2014;330780271;330021429;N2200;11;17;16.75;0;1
BLOCS_P;2014;330780271;330021429;N2310;3;;3;0;0
BLOCS_P;2014;330780271;330021429;N2510;4;;3;0;0
BLOCS_P;2014;330780271;330021429;N4160;1;;1;0;0
BLOCS_P;2014;330780354;330000225;M100H;5;9;7;;1
BLOCS_P;2014;330780354;330000225;M1030;1;13;2;0;1
BLOCS_P;2014;330780354;330000225;N2200;6;;6;0;1
BLOCS_P;2014;330780354;330000225;N2510;2;;2;0;0
BLOCS_P;2014;330780354;330000225;N4130;1;;1;0;1
BLOCS_P;2014;330780354;330000225;N4160;1;;1;0;0
BLOCS_P;2014;330780354;330000225;NAUT;1;;1;0;0
BLOCS_P;2014;330780479;330000274;M1030;14;;;1;
BLOCS_P;2014;330780479;330000274;M200H;37;;;;
BLOCS_P;2014;330780479;330000274;N2200;25;4;27.96;;1
BLOCS_P;2014;330780479;330000274;N2510;14;;14;;
BLOCS_P;2014;330780479;330000274;N4160;2;;2;;
BLOCS_P;2014;330780487;330000282;M1030;3;;3;0;1
BLOCS_P;2014;330780487;330000282;M200H;;19;3.8;0;1
BLOCS_P;2014;330780487;330000282;N2200;7;;6;0;0
BLOCS_P;2014;330780487;330000282;N2510;3;1;3.72;0;0
BLOCS_P;2014;330780487;330000282;N4160;1;;0.3;0;0
BLOCS_P;2014;330780487;330000282;NAUT;4;;2.5;0;0
BLOCS_P;2014;330780495;330796392;M100H;;1;0.2;0;0
BLOCS_P;2014;330780495;330796392;M1030;1;1;2.35;0;1
BLOCS_P;2014;330780495;330796392;M200H;5;1;4.85;0;1
BLOCS_P;2014;330780495;330796392;N2200;7;;6.91;0;1
BLOCS_P;2014;330780495;330796392;N2310;3;;3.42;0;1
BLOCS_P;2014;330780495;330796392;N2320;2;;2;0;1
BLOCS_P;2014;330780495;330796392;N2510;3;;3;0;0
BLOCS_P;2014;330780495;330796392;N4160;2;;2;0;1
BLOCS_P;2014;330780495;330796392;NAUT;2;;2.02;0;0
BLOCS_P;2014;330780503;330000308;M1030;15;;15;1;
BLOCS_P;2014;330780503;330000308;M200H;19;38;38;0;1
BLOCS_P;2014;330780503;330000308;N2200;34;8;39.61;;
BLOCS_P;2014;330780503;330000308;N2510;12;;12;;
BLOCS_P;2014;330780503;330000308;N4160;3;;3;;
BLOCS_P;2014;330780511;330000316;M100H;5;4;6;0;1
BLOCS_P;2014;330780511;330000316;M1030;5;;5;0;1
BLOCS_P;2014;330780511;330000316;M200H;11;3;11.5;0;1
BLOCS_P;2014;330780511;330000316;N2200;5;7;8.85;0;1
BLOCS_P;2014;330780511;330000316;N2310;;1;0.62;0;0
BLOCS_P;2014;330780511;330000316;N2510;6;;5.84;0;1
BLOCS_P;2014;330780511;330000316;N4160;;1;0.8;0;0
BLOCS_P;2014;330780511;330000316;NAUT;3;;2.81;;
BLOCS_P;2014;330780529;330796392;M100H;;6;2.4;0;1
BLOCS_P;2014;330780529;330796392;M1030;9;6;10.45;0;1
BLOCS_P;2014;330780529;330796392;M200H;5;21;10.08;0;1
BLOCS_P;2014;330780529;330796392;N2200;17;3;18.21;0;0
BLOCS_P;2014;330780529;330796392;N2310;6;2;8.34;0;1
BLOCS_P;2014;330780529;330796392;N2320;9;1;9.01;0;1
BLOCS_P;2014;330780529;330796392;N2510;10;2;10.95;0;0
BLOCS_P;2014;330780529;330796392;N4130;1;;1;0;0
BLOCS_P;2014;330780529;330796392;N4160;1;;0.5;0;0
BLOCS_P;2014;330780529;330796392;NAUT;7;;7.87;0;0
BLOCS_P;2014;330780537;330000324;M100H;6;2;7;0;1
BLOCS_P;2014;330780537;330000324;M1030;4;;4;0;1
BLOCS_P;2014;330780537;330000324;M200H;15;2;15.5;0;1
BLOCS_P;2014;330780537;330000324;N2200;11;3;12.99;0;1
BLOCS_P;2014;330780537;330000324;N2310;2;;2;0;0
BLOCS_P;2014;330780537;330000324;N4160;1;0;1;0;
BLOCS_P;2014;330780537;330000324;NAUT;7;;6.15;0;
BLOCS_P;2014;330780560;330781386;M100H;3;;3;1;1
BLOCS_P;2014;330781303;750821092;M100H;3;0;2.81;0;0
BLOCS_P;2014;330781303;750821092;M1030;8;0;7.12;1;0
BLOCS_P;2014;330781303;750821092;M200H;12;2;15.09;1;1
BLOCS_P;2014;330781303;750821092;N2200;4;0;3.88;0;0
BLOCS_P;2014;330781303;750821092;N2310;14;1;12.68;0;1
BLOCS_P;2014;330781303;750821092;N2320;12;0;11.5;0;1
BLOCS_P;2014;330781303;750821092;N4160;1;0;1;0;0
BLOCS_P;2014;330781303;750821092;NAUT;8;0;8;0;0
BLOCS_P;2014;330781352;330781196;M100H;;;0.13;;
BLOCS_P;2014;330781352;330781196;M1030;3;4;5.28;;
BLOCS_P;2014;330781352;330781196;M200H;4;;2.2;;
BLOCS_P;2014;330781352;330781196;N2200;17;11;19.02;;
BLOCS_P;2014;330781352;330781196;N2310;13;4;16.03;;
BLOCS_P;2014;330781352;330781196;N2320;1;3;3.18;;
BLOCS_P;2014;330781352;330781196;N2510;7;5;11.74;;
BLOCS_P;2014;330781352;330781196;NAUT;;;0.3;;
BLOCS_P;2014;330781360;330781196;M100H;2;;1.01;;
BLOCS_P;2014;330781360;330781196;M1030;69;2;56.67;1;
BLOCS_P;2014;330781360;330781196;M200H;56;23;48.7;1;
BLOCS_P;2014;330781360;330781196;N2200;16;5;23.69;;
BLOCS_P;2014;330781360;330781196;N2310;118;31;144.06;;
BLOCS_P;2014;330781360;330781196;N2320;1;;0.5;;
BLOCS_P;2014;330781360;330781196;N2510;34;6;37.86;;
BLOCS_P;2014;330781360;330781196;NAUT;23;2;24.65;;
BLOCS_P;2014;330781402;330000670;M1030;4;;4;0;1
BLOCS_P;2014;330781402;330000670;N2200;10;2;11.4;0;0
BLOCS_P;2014;330781402;330000670;N2510;3;1;3.5;0;0
BLOCS_P;2014;330781402;330000670;N4160;1;;1;0;0
BLOCS_P;2014;330781402;330000670;NAUT;7;0;7;0;0
BLOCS_P;2014;330782582;330000928;M100H;38;;38;0;1
BLOCS_P;2014;330782582;330000928;M1030;10;;10;1;0
BLOCS_P;2014;330782582;330000928;M200H;7;;7;1;0
BLOCS_P;2014;330782582;330000928;N2320;37;6;38.59;0;1
BLOCS_P;2014;330782582;330000928;N4160;1;;1;0;0
BLOCS_P;2014;330783648;330781196;M100H;3;9;6.3;;
BLOCS_P;2014;330783648;330781196;M1030;27;2;22.82;1;1
BLOCS_P;2014;330783648;330781196;M200H;18;9;17.6;1;1
BLOCS_P;2014;330783648;330781196;N2200;1;;1.7;;
BLOCS_P;2014;330783648;330781196;N2310;35;5;40.12;;
BLOCS_P;2014;330783648;330781196;N2510;6;;5.64;;
BLOCS_P;2014;330783648;330781196;NAUT;6;;5.49;;
BLOCS_P;2014;340000033;340780055;M100H;12;8;2.23;0;1
BLOCS_P;2014;340000033;340780055;M1030;11;3;12.02;1;0
BLOCS_P;2014;340000033;340780055;M200H;20;4;8.27;0;1
BLOCS_P;2014;340000033;340780055;N2200;22;2;21.04;;1
BLOCS_P;2014;340000033;340780055;N2310;18;4;19.29;;1
BLOCS_P;2014;340000033;340780055;N2320;14;4;16.93;;1
BLOCS_P;2014;340000033;340780055;N2510;17;4;19.83;;1
BLOCS_P;2014;340000033;340780055;N4130;0;0;0;1;
BLOCS_P;2014;340000033;340780055;N4160;2;0;0.99;;1
BLOCS_P;2014;340000033;340780055;NAUT;11;3;7.22;0;0
BLOCS_P;2014;340000207;340780493;M100H;3;;1.13;;
BLOCS_P;2014;340000207;340780493;M1030;8;;6.5;;
BLOCS_P;2014;340000207;340780493;M200H;7;4;3.71;;
BLOCS_P;2014;340000207;340780493;N2200;13;2;14.89;;
BLOCS_P;2014;340000207;340780493;N2310;14;3;14.59;;
BLOCS_P;2014;340000207;340780493;N2320;6;2;6.08;;
BLOCS_P;2014;340000207;340780493;N2510;6;;4.92;;
BLOCS_P;2014;340000207;340780493;NAUT;19;2;15.87;;
BLOCS_P;2014;340000223;340011295;M100H;3;3;0.67;;
BLOCS_P;2014;340000223;340011295;M1030;7;0;4.55;;
BLOCS_P;2014;340000223;340011295;M200H;8;0;2.45;;
BLOCS_P;2014;340000223;340011295;N2200;6;1;6.47;;
BLOCS_P;2014;340000223;340011295;N2310;10;2;11.51;;
BLOCS_P;2014;340000223;340011295;N2320;7;1;7.72;;
BLOCS_P;2014;340000223;340011295;N2510;13;4;15.63;;
BLOCS_P;2014;340000223;340011295;NAUT;0;0;0.08;;
BLOCS_P;2014;340009885;340009877;M100H;1;34;15;0;0
BLOCS_P;2014;340009885;340009877;M1030;;6;5;1;0
BLOCS_P;2014;340009885;340009877;M200H;;22;10;0;1
BLOCS_P;2014;340009885;340009877;N2200;23;;23;;
BLOCS_P;2014;340015502;340000512;M1030;14;;14;;
BLOCS_P;2014;340015502;340000512;M200H;16;;16;;
BLOCS_P;2014;340015965;340000074;M100H;42;3;43.5;0;1
BLOCS_P;2014;340015965;340000074;M1030;11;;11;0;1
BLOCS_P;2014;340015965;340000074;M200H;13;;13;0;1
BLOCS_P;2014;340015965;340000074;N2200;19;6;22.4;0;1
BLOCS_P;2014;340015965;340000074;N2310;3;1;3.5;0;0
BLOCS_P;2014;340015965;340000074;N2320;3;1;3.8;0;1
BLOCS_P;2014;340015965;340000074;N2510;4;4;7.3;0;0
BLOCS_P;2014;340015965;340000074;N4160;3;;3;0;1
BLOCS_P;2014;340015965;340000074;NAUT;5;4;6.59;0;0
BLOCS_P;2014;340780139;340000090;M100H;;12;2.4;;1
BLOCS_P;2014;340780139;340000090;M1030;4;;4;;1
BLOCS_P;2014;340780139;340000090;M200H;;32;11.8;;1
BLOCS_P;2014;340780139;340000090;N2200;23;5;26.52;;1
BLOCS_P;2014;340780139;340000090;N2510;3;2;4.07;;1
BLOCS_P;2014;340780139;340000090;N4160;;1;0.5;;1
BLOCS_P;2014;340780147;340000108;M100H;;4;3;0;
BLOCS_P;2014;340780147;340000108;M1030;2;;2;0;
BLOCS_P;2014;340780147;340000108;M200H;;10;5;0;
BLOCS_P;2014;340780147;340000108;N2200;5;;5;0;1
BLOCS_P;2014;340780147;340000108;N2310;1;;1;0;0
BLOCS_P;2014;340780147;340000108;N4160;1;;1;0;1
BLOCS_P;2014;340780147;340000108;NAUT;3;;3;0;0
BLOCS_P;2014;340780154;340000116;M100H;;2;1.5;0;1
BLOCS_P;2014;340780154;340000116;M1030;2;1;2.2;0;1
BLOCS_P;2014;340780154;340000116;M200H;;16;10;0;1
BLOCS_P;2014;340780154;340000116;N2200;5;1;5.8;0;1
BLOCS_P;2014;340780154;340000116;N2310;1;1;1.4;0;0
BLOCS_P;2014;340780154;340000116;N2510;2;;2;0;0
BLOCS_P;2014;340780154;340000116;N4160;;1;0.75;0;1
BLOCS_P;2014;340780154;340000116;NAUT;1;;1;0;0
BLOCS_P;2014;340780436;340011295;M100H;1;1;0.12;;
BLOCS_P;2014;340780436;340011295;N2200;1;0;0.25;;
BLOCS_P;2014;340780436;340011295;N2310;1;0;0.2;;
BLOCS_P;2014;340780436;340011295;N2510;1;0;0.23;;
BLOCS_P;2014;340780568;340000256;M100H;1;;0.01;;
BLOCS_P;2014;340780568;340000256;N2200;1;;0.03;;
BLOCS_P;2014;340780634;340000272;M100H;;10;2;0;1
BLOCS_P;2014;340780634;340000272;M1030;13;1;13.2;0;1
BLOCS_P;2014;340780634;340000272;M200H;26;10;28;0;1
BLOCS_P;2014;340780634;340000272;N2200;24;8;28.3;0;1
BLOCS_P;2014;340780634;340000272;N2310;4;2;5.5;0;1
BLOCS_P;2014;340780634;340000272;N2510;2;1;2.1;0;0
BLOCS_P;2014;340780634;340000272;N4160;2;;2;0;1
BLOCS_P;2014;340780634;340000272;NAUT;17;8;22.5;0;1
BLOCS_P;2014;340780642;340785856;M100H;8;29;18.55;0;1
BLOCS_P;2014;340780642;340785856;M1030;8;;8;0;1
BLOCS_P;2014;340780642;340785856;M200H;18;11;23.15;0;1
BLOCS_P;2014;340780642;340785856;N2200;15;6;18.75;0;0
BLOCS_P;2014;340780642;340785856;N2310;8;2;9;0;1
BLOCS_P;2014;340780642;340785856;N2320;5;4;7.5;0;1
BLOCS_P;2014;340780642;340785856;N2510;6;;6;0;0
BLOCS_P;2014;340780642;340785856;N4160;;2;1;0;1
BLOCS_P;2014;340780667;340000280;M100H;10;;10;0;1
BLOCS_P;2014;340780667;340000280;M1030;7;;7;0;1
BLOCS_P;2014;340780667;340000280;M200H;39;;39;0;1
BLOCS_P;2014;340780667;340000280;N2200;37;2;39.07;0;1
BLOCS_P;2014;340780667;340000280;N2310;9;0;9;0;1
BLOCS_P;2014;340780667;340000280;N2320;0;1;0.92;0;0
BLOCS_P;2014;340780667;340000280;N2510;4;0;3.8;0;0
BLOCS_P;2014;340780667;340000280;N4130;3;1;3.5;1;1
BLOCS_P;2014;340780667;340000280;N4160;4;0;4;0;0
BLOCS_P;2014;340780667;340000280;NAUT;20;1;20.28;0;0
BLOCS_P;2014;340780675;340000298;M100H;;9;2;0;1
BLOCS_P;2014;340780675;340000298;M1030;;7;5;1;0
BLOCS_P;2014;340780675;340000298;M200H;;26;10.5;0;1
BLOCS_P;2014;340780675;340000298;N2200;10;2;11.4;0;0
BLOCS_P;2014;340780675;340000298;N2320;2;;2;0;1
BLOCS_P;2014;340780675;340000298;N2510;2;;2;0;0
BLOCS_P;2014;340780675;340000298;N4160;1;1;1.25;0;0
BLOCS_P;2014;340780675;340000298;NAUT;11;;11;0;0
BLOCS_P;2014;340780683;340000306;M100H;;25;12.5;1;0
BLOCS_P;2014;340780683;340000306;M1030;9;4;11;1;1
BLOCS_P;2014;340780683;340000306;M200H;;58;29;1;0
BLOCS_P;2014;340780683;340000306;N2200;18;5;21.52;;1
BLOCS_P;2014;340780683;340000306;N2310;;;;;1
BLOCS_P;2014;340780683;340000306;N2320;4;;4;;1
BLOCS_P;2014;340780683;340000306;N2510;1;;1;;0
BLOCS_P;2014;340780683;340000306;N4160;3;;2;;
BLOCS_P;2014;340780683;340000306;NAUT;20;1;20.8;;
BLOCS_P;2014;340780717;340008150;M100H;2;1;2.5;;0
BLOCS_P;2014;340780717;340008150;M1030;2;2;3;;1
BLOCS_P;2014;340780717;340008150;M200H;8;1;8.5;;1
BLOCS_P;2014;340780717;340008150;N2310;1;2;2.06;;
BLOCS_P;2014;340780717;340008150;N2320;9;8;13.7;;1
BLOCS_P;2014;340780717;340008150;N2510;5;;5;;
BLOCS_P;2014;340780717;340008150;N4160;1;;1;;
BLOCS_P;2014;340780725;340016864;M1030;3;2;4;;
BLOCS_P;2014;340780725;340016864;N2200;7;2;8.14;;
BLOCS_P;2014;340780725;340016864;N2310;;1;0.84;;
BLOCS_P;2014;340780725;340016864;N2510;1;;1;;
BLOCS_P;2014;340780725;340016864;N4160;1;;1;;
BLOCS_P;2014;340780725;340016864;NAUT;5;1;5.86;;
BLOCS_P;2014;340780741;340000348;M100H;12;9;16.5;0;1
BLOCS_P;2014;340780741;340000348;M1030;3;;;;1
BLOCS_P;2014;340780741;340000348;M200H;8;16;16;0;1
BLOCS_P;2014;340780741;340000348;N2200;10;2;;0;1
BLOCS_P;2014;340780741;340000348;N2310;2;;;0;0
BLOCS_P;2014;340780741;340000348;N2510;1;;;0;0
BLOCS_P;2014;340780741;340000348;N4160;1;;;0;0
BLOCS_P;2014;340780741;340000348;NAUT;6;;;0;0
BLOCS_P;2014;340782036;340780477;M100H;;15;3.9;0;1
BLOCS_P;2014;340782036;340780477;M1030;6;7;10;1;1
BLOCS_P;2014;340782036;340780477;M200H;;17;4.13;0;1
BLOCS_P;2014;340782036;340780477;N2200;28;;23.95;0;1
BLOCS_P;2014;340782036;340780477;N2310;26;1;22.69;0;1
BLOCS_P;2014;340782036;340780477;N2320;17;;15.29;0;1
BLOCS_P;2014;340782036;340780477;N2510;27;1;26.22;0;1
BLOCS_P;2014;340782036;340780477;N4160;4;1;4.75;1;0
BLOCS_P;2014;340782036;340780477;NAUT;1;;1.14;0;0
BLOCS_P;2014;340782085;340780477;M100H;5;6;3.74;1;1
BLOCS_P;2014;340782085;340780477;M1030;;3;1.89;1;1
BLOCS_P;2014;340782085;340780477;M200H;;19;3.39;1;1
BLOCS_P;2014;340782085;340780477;N2200;53;1;46.41;1;1
BLOCS_P;2014;340782085;340780477;N2310;43;1;35.45;1;1
BLOCS_P;2014;340782085;340780477;N2320;22;;19.04;1;1
BLOCS_P;2014;340782085;340780477;N2510;26;;24.4;1;1
BLOCS_P;2014;340782085;340780477;N4130;2;;1.8;0;0
BLOCS_P;2014;340782085;340780477;N4160;4;1;4.3;1;1
BLOCS_P;2014;340782085;340780477;NAUT;5;;3.97;0;0
BLOCS_P;2014;340785161;340780477;M100H;;;;1;1
BLOCS_P;2014;340785161;340780477;M1030;;18;10.98;1;1
BLOCS_P;2014;340785161;340780477;M200H;;23;8.92;1;1
BLOCS_P;2014;340785161;340780477;N2200;35;;36.3;1;1
BLOCS_P;2014;340785161;340780477;N2310;52;;48.21;1;1
BLOCS_P;2014;340785161;340780477;N2320;38;;35.06;1;1
BLOCS_P;2014;340785161;340780477;N2510;47;1;48.16;1;1
BLOCS_P;2014;340785161;340780477;N4130;5;;5;1;0
BLOCS_P;2014;340785161;340780477;N4160;5;;3.97;1;1
BLOCS_P;2014;340785161;340780477;NAUT;3;;2.16;0;0
BLOCS_P;2014;340796663;340780477;M100H;;12;2.06;;
BLOCS_P;2014;340796663;340780477;M1030;7;13;14.26;;
BLOCS_P;2014;340796663;340780477;M200H;1;10;3.95;;
BLOCS_P;2014;340796663;340780477;N2200;23;4;22.13;;
BLOCS_P;2014;340796663;340780477;N2310;33;;29.97;;
BLOCS_P;2014;340796663;340780477;N2320;27;;22.98;;
BLOCS_P;2014;340796663;340780477;N2510;39;2;39.54;;
BLOCS_P;2014;340796663;340780477;N4160;2;;1;;
BLOCS_P;2014;340796663;340780477;NAUT;28;6;25.52;;
BLOCS_P;2014;350000121;350000303;M1030;27;;27;1;1
BLOCS_P;2014;350000121;350000303;M200H;75;;75;0;1
BLOCS_P;2014;350000121;350000303;N2200;39;49;76.83;0;1
BLOCS_P;2014;350000121;350000303;N2320;2;3;3.8;0;1
BLOCS_P;2014;350000121;350000303;N2510;2;2;3.34;0;0
BLOCS_P;2014;350000121;350000303;NAUT;23;;23;0;0
BLOCS_P;2014;350000139;350001137;M1030;11;5;11.8;1;1
BLOCS_P;2014;350000139;350001137;M200H;11;4;12.6;;1
BLOCS_P;2014;350000139;350001137;N2200;5;9;12.63;;1
BLOCS_P;2014;350000139;350001137;N2310;9;3;10.8;;1
BLOCS_P;2014;350000139;350001137;N2320;10;14;20.42;;1
BLOCS_P;2014;350000139;350001137;N2510;6;2;7.75;;1
BLOCS_P;2014;350000139;350001137;NAUT;10;5;12.81;;
BLOCS_P;2014;350000147;350000022;M100H;12;2;3.3;0;1
BLOCS_P;2014;350000147;350000022;M1030;7;2;6.34;1;0
BLOCS_P;2014;350000147;350000022;M200H;12;7;5.68;0;1
BLOCS_P;2014;350000147;350000022;N2200;5;4;8.4;1;1
BLOCS_P;2014;350000147;350000022;N2310;14;4;16.2;1;1
BLOCS_P;2014;350000147;350000022;N2320;12;6;16.5;;
BLOCS_P;2014;350000147;350000022;N2510;10;9;17.8;0;1
BLOCS_P;2014;350000147;350000022;N4160;1;1;1.8;0;0
BLOCS_P;2014;350000147;350000022;NAUT;;1;0.5;0;0
BLOCS_P;2014;350000154;350000030;M1030;5;2;3.29;1;0
BLOCS_P;2014;350000154;350000030;M200H;11;;2.95;0;1
BLOCS_P;2014;350000154;350000030;N2200;5;8;8.1;0;0
BLOCS_P;2014;350000154;350000030;N2310;8;2;9.3;1;0
BLOCS_P;2014;350000154;350000030;N2320;6;7;9.33;0;1
BLOCS_P;2014;350000154;350000030;N2510;6;1;4.84;0;0
BLOCS_P;2014;350000154;350000030;N4160;1;1;0.64;0;0
BLOCS_P;2014;350000154;350000030;NAUT;1;;1;0;0
BLOCS_P;2014;350000162;350000048;M100H;1;;0.08;0;1
BLOCS_P;2014;350000162;350000048;M1030;6;;6.71;1;0
BLOCS_P;2014;350000162;350000048;M200H;3;1;1.11;0;1
BLOCS_P;2014;350000162;350000048;N2200;1;1;2.71;1;1
BLOCS_P;2014;350000162;350000048;N2310;6;;5.87;1;0
BLOCS_P;2014;350000162;350000048;N2320;4;5;8;1;1
BLOCS_P;2014;350000162;350000048;N2510;5;1;4.37;0;1
BLOCS_P;2014;350000162;350000048;N4160;1;;0.57;0;0
BLOCS_P;2014;350000162;350000048;NAUT;2;1;1.38;0;0
BLOCS_P;2014;350000188;350000055;M100H;3;1;4;0;1
BLOCS_P;2014;350000188;350000055;M1030;5;1;5.1;0;1
BLOCS_P;2014;350000188;350000055;M200H;4;;4;0;1
BLOCS_P;2014;350000188;350000055;N2200;4;1;4.6;0;1
BLOCS_P;2014;350000188;350000055;N2310;11;2;8.28;0;1
BLOCS_P;2014;350000188;350000055;N2320;3;5;6.95;0;1
BLOCS_P;2014;350000188;350000055;N2510;4;;3;0;1
BLOCS_P;2014;350000188;350000055;N4130;;;;0;1
BLOCS_P;2014;350000188;350000055;N4160;1;;1;0;0
BLOCS_P;2014;350000188;350000055;NAUT;;;;0;1
BLOCS_P;2014;350000196;350000311;M100H;4;38;;0;0
BLOCS_P;2014;350000196;350000311;M1030;6;;;0;
BLOCS_P;2014;350000196;350000311;M200H;18;5;;0;0
BLOCS_P;2014;350000196;350000311;N2200;13;9;19.8;;0
BLOCS_P;2014;350000196;350000311;N2510;1;1;1.7;;0
BLOCS_P;2014;350000196;350000311;N4160;1;;1;;0
BLOCS_P;2014;350000741;350005179;M100H;22;1;6.18;1;
BLOCS_P;2014;350000741;350005179;M1030;49;1;42.86;1;0
BLOCS_P;2014;350000741;350005179;M200H;63;1;33.42;0;1
BLOCS_P;2014;350000741;350005179;N2200;41;6;43;0;1
BLOCS_P;2014;350000741;350005179;N2310;6;;6.09;0;1
BLOCS_P;2014;350000741;350005179;N2320;49;21;65.68;0;1
BLOCS_P;2014;350000741;350005179;N2510;57;8;60.53;0;0
BLOCS_P;2014;350000741;350005179;NAUT;14;;14.86;0;0
BLOCS_P;2014;350002192;220020739;M100H;;46;;0;1
BLOCS_P;2014;350002192;220020739;M1030;3;1;;0;1
BLOCS_P;2014;350002192;220020739;M200H;;32;;0;1
BLOCS_P;2014;350002192;220020739;N2200;10;3;13.13;0;1
BLOCS_P;2014;350002192;220020739;N2310;2;2;2.11;0;1
BLOCS_P;2014;350002192;220020739;N2320;2;2;2.72;0;1
BLOCS_P;2014;350002192;220020739;N2510;1;;0.72;0;0
BLOCS_P;2014;350002192;220020739;N4160;1;;1;0;0
BLOCS_P;2014;350002192;220020739;NAUT;7;1;7.33;0;0
BLOCS_P;2014;350002564;350046199;M100H;;6;0.25;;
BLOCS_P;2014;350002564;350046199;N2200;;3;0.3;;
BLOCS_P;2014;350002564;350046199;N2510;;1;0.15;;
BLOCS_P;2014;350002812;350023503;M1030;0;10;2;0;0
BLOCS_P;2014;350002812;350023503;M200H;1;9;3.9;0;1
BLOCS_P;2014;350002812;350023503;N2200;1;4;3.71;0;0
BLOCS_P;2014;350002812;350023503;N2310;1;3;2.18;0;0
BLOCS_P;2014;350002812;350023503;N2320;0;4;2.97;0;0
BLOCS_P;2014;350002812;350023503;N2510;3;0;1.81;0;0
BLOCS_P;2014;350002812;350023503;N4160;1;0;0.7;0;0
BLOCS_P;2014;350002812;350023503;NAUT;2;0;0.91;0;0
BLOCS_P;2014;350005146;350000733;M100H;6;1;6.5;;1
BLOCS_P;2014;350005146;350000733;M1030;10;3;11.5;;1
BLOCS_P;2014;350005146;350000733;M200H;28;4;28.8;;1
BLOCS_P;2014;350005146;350000733;N2200;24;9;30.5;;1
BLOCS_P;2014;350005146;350000733;N2310;2;;2;;
BLOCS_P;2014;350005146;350000733;N2320;4;2;5.36;;1
BLOCS_P;2014;350005146;350000733;N2510;2;2;3;;
BLOCS_P;2014;350005146;350000733;N4160;1;;1;;
BLOCS_P;2014;350005146;350000733;NAUT;5;;4.5;;
BLOCS_P;2014;350007084;350005179;M100H;1;;0.67;;1
BLOCS_P;2014;350007084;350005179;M1030;15;;5.13;1;0
BLOCS_P;2014;350007084;350005179;M200H;15;;6.84;0;1
BLOCS_P;2014;350007084;350005179;N2200;5;3;10.77;0;1
BLOCS_P;2014;350007084;350005179;N2320;7;7;13.21;0;1
BLOCS_P;2014;350007084;350005179;N2510;11;;11.23;0;0
BLOCS_P;2014;350007084;350005179;NAUT;6;;6.2;0;0
BLOCS_P;2014;360000129;360000269;M100H;;14;5.1;;
BLOCS_P;2014;360000129;360000269;M1030;5;;5;;
BLOCS_P;2014;360000129;360000269;M200H;6;1;6.1;;
BLOCS_P;2014;360000129;360000269;N2200;12;2;13.6;;
BLOCS_P;2014;360000129;360000269;N2310;2;3;3.7;;
BLOCS_P;2014;360000129;360000269;N2320;1;;1;;
BLOCS_P;2014;360000129;360000269;N2510;7;1;6.5;;
BLOCS_P;2014;360000129;360000269;N4160;1;;1;;
BLOCS_P;2014;360000137;360000053;M100H;;;0.45;;
BLOCS_P;2014;360000137;360000053;M1030;9;;4.05;;
BLOCS_P;2014;360000137;360000053;M200H;;;4.88;;
BLOCS_P;2014;360000137;360000053;N2200;26;11;29.14;0;1
BLOCS_P;2014;360000137;360000053;N2310;13;1;13.8;;1
BLOCS_P;2014;360000137;360000053;N2320;4;1;4.8;0;1
BLOCS_P;2014;360000137;360000053;N2510;3;1;3.8;0;0
BLOCS_P;2014;360000137;360000053;N4130;33;5;35.07;0;1
BLOCS_P;2014;360000137;360000053;N4160;2;;2;0;0
BLOCS_P;2014;360000137;360000053;NAUT;45;11;43.85;0;0
BLOCS_P;2014;360000160;360000079;M100H;;1;0.2;0;0
BLOCS_P;2014;360000160;360000079;M1030;1;4;2;0;1
BLOCS_P;2014;360000160;360000079;M200H;;4;0.6;0;1
BLOCS_P;2014;360000160;360000079;N2200;2;6;5.16;0;1
BLOCS_P;2014;360000160;360000079;N2310;5;3;5.17;0;1
BLOCS_P;2014;360000160;360000079;N2320;1;3;2.55;0;1
BLOCS_P;2014;360000160;360000079;N2510;1;1;1.01;0;0
BLOCS_P;2014;360000160;360000079;N4160;;1;0.5;0;0
BLOCS_P;2014;360000160;360000079;NAUT;;2;0.02;0;0
BLOCS_P;2014;370000051;370000028;M100H;3;1;3.1;0;1
BLOCS_P;2014;370000051;370000028;M1030;2;0;2;0;1
BLOCS_P;2014;370000051;370000028;M200H;7;5;7.5;0;1
BLOCS_P;2014;370000051;370000028;N2200;11;1;11.2;0;1
BLOCS_P;2014;370000051;370000028;N2310;2;;2;0;1
BLOCS_P;2014;370000051;370000028;N4160;1;;1;0;0
BLOCS_P;2014;370000051;370000028;NAUT;3;;3;0;0
BLOCS_P;2014;370000085;370000077;M100H;7;7;10.5;;
BLOCS_P;2014;370000085;370000077;M1030;13;;6.5;0;1
BLOCS_P;2014;370000085;370000077;N2200;27;9;33.28;0;
BLOCS_P;2014;370000085;370000077;N2310;3;3;4.75;;1
BLOCS_P;2014;370000085;370000077;N2320;;3;2.46;0;1
BLOCS_P;2014;370000085;370000077;N2510;13;2;14.08;0;0
BLOCS_P;2014;370000085;370000077;N4160;1;;1;;1
BLOCS_P;2014;370000085;370000077;NAUT;;1;0.5;0;0
BLOCS_P;2014;370000093;370000192;M100H;;9;4.5;0;1
BLOCS_P;2014;370000093;370000192;M1030;13;;6.5;0;1
BLOCS_P;2014;370000093;370000192;M200H;17;13;24.7;0;1
BLOCS_P;2014;370000093;370000192;N2200;23;5;25.81;0;1
BLOCS_P;2014;370000093;370000192;N2310;2;2;3.75;0;1
BLOCS_P;2014;370000093;370000192;N2320;;;0.68;0;1
BLOCS_P;2014;370000093;370000192;N2510;11;1;11.53;0;0
BLOCS_P;2014;370000093;370000192;N4160;1;;1;0;1
BLOCS_P;2014;370000093;370000192;NAUT;6;;5.92;0;0
BLOCS_P;2014;370000499;370000481;M1030;8;;8.1;0;1
BLOCS_P;2014;370000499;370000481;N2200;4;5;8.24;;
BLOCS_P;2014;370000499;370000481;N2310;8;0;9.9;;
BLOCS_P;2014;370000499;370000481;N2320;5;5;8.41;;
BLOCS_P;2014;370000499;370000481;NAUT;11;3;13.95;;
BLOCS_P;2014;370000531;370000606;M100H;;;;1;
BLOCS_P;2014;370000531;370000606;M1030;3;;2.89;1;
BLOCS_P;2014;370000531;370000606;M200H;;;;;1
BLOCS_P;2014;370000531;370000606;N2200;3;0;1.77;;1
BLOCS_P;2014;370000531;370000606;N2310;3;0;2.64;1;
BLOCS_P;2014;370000531;370000606;N2320;0;0;0;;1
BLOCS_P;2014;370000531;370000606;N2510;2;0;2;;
BLOCS_P;2014;370000531;370000606;NAUT;1;0;1;;
BLOCS_P;2014;370000861;370000481;M1030;9;3;12.23;1;0
BLOCS_P;2014;370000861;370000481;N2200;13;10;21.88;;
BLOCS_P;2014;370000861;370000481;N2310;30;5;32.12;;
BLOCS_P;2014;370000861;370000481;N2320;16;9;22.9;;
BLOCS_P;2014;370000861;370000481;N2510;9;1;9.91;;
BLOCS_P;2014;370000861;370000481;NAUT;37;2;37.69;;
BLOCS_P;2014;370000879;370000564;M1030;1;3;3.35;0;1
BLOCS_P;2014;370000879;370000564;M200H;5;7;2.33;0;0
BLOCS_P;2014;370000879;370000564;N2200;3;3;5.92;0;0
BLOCS_P;2014;370000879;370000564;N2310;4;1;4.66;0;0
BLOCS_P;2014;370000879;370000564;N2320;3;1;3.86;0;0
BLOCS_P;2014;370000879;370000564;N2510;3;2;4.72;0;0
BLOCS_P;2014;370000879;370000564;N4130;;1;0.2;0;0
BLOCS_P;2014;370000879;370000564;NAUT;;2;0.35;0;0
BLOCS_P;2014;370000903;370000614;M1030;2;;2;0;1
BLOCS_P;2014;370000903;370000614;M200H;3;4;4.24;0;1
BLOCS_P;2014;370000903;370000614;N2200;1;5;4.39;;
BLOCS_P;2014;370000903;370000614;N2310;6;1;5.88;;
BLOCS_P;2014;370000903;370000614;N2320;4;2;5.45;;
BLOCS_P;2014;370000903;370000614;N2510;5;1;4.24;;
BLOCS_P;2014;370000903;370000614;N4160;1;;0.8;;
BLOCS_P;2014;370000903;370000614;NAUT;;1;0.2;;
BLOCS_P;2014;370004467;370000481;M1030;22;5;28.07;1;1
BLOCS_P;2014;370004467;370000481;N2200;50;31;74.59;;
BLOCS_P;2014;370004467;370000481;N2310;35;10;39.62;;
BLOCS_P;2014;370004467;370000481;N2320;24;13;33.2;;
BLOCS_P;2014;370004467;370000481;N2510;28;5;29.81;;
BLOCS_P;2014;370004467;370000481;N4130;6;0;6.25;;
BLOCS_P;2014;370004467;370000481;NAUT;40;7;47.22;;
BLOCS_P;2014;370007569;370007528;M1030;13;;13;1;
BLOCS_P;2014;370007569;370007528;M200H;19;22;30;0;1
BLOCS_P;2014;370007569;370007528;N2200;34;10;40.07;0;1
BLOCS_P;2014;370007569;370007528;N2320;2;;2;0;1
BLOCS_P;2014;370007569;370007528;N2510;20;2;20.7;;
BLOCS_P;2014;370007569;370007528;N4160;4;;4;0;
BLOCS_P;2014;370007569;370007528;NAUT;16;1;16.34;;
BLOCS_P;2014;380000026;380780031;M100H;2;;0.75;0;0
BLOCS_P;2014;380000026;380780031;N2310;;1;0.62;0;0
BLOCS_P;2014;380000034;380780049;M100H;;;0.29;;
BLOCS_P;2014;380000034;380780049;M1030;4;3;4.55;;
BLOCS_P;2014;380000034;380780049;M200H;12;5;3.28;;
BLOCS_P;2014;380000034;380780049;N2200;11;3;12.83;0;1
BLOCS_P;2014;380000034;380780049;N2310;7;6;11.79;0;1
BLOCS_P;2014;380000034;380780049;N2320;6;2;7.53;0;1
BLOCS_P;2014;380000034;380780049;N2510;7;4;9.67;0;1
BLOCS_P;2014;380000034;380780049;NAUT;1;;1;0;0
BLOCS_P;2014;380000042;380780056;M100H;;1;0.45;0;
BLOCS_P;2014;380000042;380780056;M1030;;;0.21;0;
BLOCS_P;2014;380000042;380780056;N2200;;1;0.43;0;0
BLOCS_P;2014;380000042;380780056;N2510;;1;1.08;0;0
BLOCS_P;2014;380000042;380780056;N4160;;;0.12;0;0
BLOCS_P;2014;380000067;380780080;M100H;;;;1;1
BLOCS_P;2014;380000067;380780080;M1030;46;14;52.72;1;1
BLOCS_P;2014;380000067;380780080;M200H;88;9;30.18;1;1
BLOCS_P;2014;380000067;380780080;N2200;100;47;132.48;;
BLOCS_P;2014;380000067;380780080;N2310;65;22;76.42;;
BLOCS_P;2014;380000067;380780080;N2320;34;9;39.95;;
BLOCS_P;2014;380000067;380780080;N2510;13;3;15.58;;
BLOCS_P;2014;380000067;380780080;N4130;11;1;11.6;;
BLOCS_P;2014;380000067;380780080;NAUT;134;17;141;;
BLOCS_P;2014;380000091;380780171;M200H;0;;0.1;0;0
BLOCS_P;2014;380000091;380780171;N2310;;;0.2;0;0
BLOCS_P;2014;380000174;380781435;M100H;12;10;4.68;0;1
BLOCS_P;2014;380000174;380781435;M1030;5;3;4.76;1;0
BLOCS_P;2014;380000174;380781435;M200H;6;4;2.04;0;1
BLOCS_P;2014;380000174;380781435;N2200;11;9;14.54;0;0
BLOCS_P;2014;380000174;380781435;N2310;8;;7.9;1;0
BLOCS_P;2014;380000174;380781435;N2320;4;2;5.1;0;1
BLOCS_P;2014;380000174;380781435;N2510;12;3;10.33;0;0
BLOCS_P;2014;380000174;380781435;N4160;1;;1;0;
BLOCS_P;2014;380000174;380781435;NAUT;4;;5.86;0;0
BLOCS_P;2014;380000406;380784751;M100H;1;2;0.51;0;1
BLOCS_P;2014;380000406;380784751;M1030;7;2;5.66;1;0
BLOCS_P;2014;380000406;380784751;M200H;4;1;2.25;1;0
BLOCS_P;2014;380000406;380784751;N2200;9;10;15.44;1;0
BLOCS_P;2014;380000406;380784751;N2310;8;2;9.61;1;0
BLOCS_P;2014;380000406;380784751;N2320;1;8;7.28;1;0
BLOCS_P;2014;380000406;380784751;N2510;4;;3.27;1;0
BLOCS_P;2014;380000406;380784751;NAUT;19;7;21.45;1;0
BLOCS_P;2014;380012658;380012609;M100H;9;13;9;1;1
BLOCS_P;2014;380012658;380012609;M1030;8;16;12.4;1;1
BLOCS_P;2014;380012658;380012609;M200H;6;44;6;1;1
BLOCS_P;2014;380012658;380012609;N2200;28;12;37.4;0;1
BLOCS_P;2014;380012658;380012609;N2310;8;1;8.8;1;0
BLOCS_P;2014;380012658;380012609;N2320;5;4;8.2;1;1
BLOCS_P;2014;380012658;380012609;N2510;;1;0.8;0;0
BLOCS_P;2014;380012658;380012609;N4130;5;1;0.8;0;1
BLOCS_P;2014;380012658;380012609;N4160;5;;5;0;0
BLOCS_P;2014;380012658;380012609;NAUT;23;1;23.5;0;1
BLOCS_P;2014;380013037;380013011;M100H;;8;4;;0
BLOCS_P;2014;380013037;380013011;M1030;;2;1.9;;0
BLOCS_P;2014;380013037;380013011;M200H;;2;0.03;;0
BLOCS_P;2014;380013037;380013011;N2200;;8;5.35;;
BLOCS_P;2014;380013037;380013011;N2510;;3;2.4;;
BLOCS_P;2014;380780197;380798173;M100H;3;4;4;0;1
BLOCS_P;2014;380780197;380798173;M1030;10;1;10.5;1;0
BLOCS_P;2014;380780197;380798173;M200H;15;5;18;0;1
BLOCS_P;2014;380780197;380798173;N2200;;11;4.5;0;1
BLOCS_P;2014;380780197;380798173;N2310;1;5;2.98;0;1
BLOCS_P;2014;380780197;380798173;N2320;15;8;18.65;0;1
BLOCS_P;2014;380780197;380798173;N2510;2;5;3.42;0;0
BLOCS_P;2014;380780197;380798173;NAUT;4;5;6.79;0;0
BLOCS_P;2014;380780270;380798165;M100H;;;0;0;1
BLOCS_P;2014;380780270;380798165;M1030;3;18;12;0;1
BLOCS_P;2014;380780270;380798165;M200H;33;22;33.4;0;1
BLOCS_P;2014;380780270;380798165;N2200;16;7;16.02;0;1
BLOCS_P;2014;380780270;380798165;N2310;;3;3;0;0
BLOCS_P;2014;380780270;380798165;N2510;3;1;3.55;;
BLOCS_P;2014;380780270;380798165;N4160;;1;0.8;0;0
BLOCS_P;2014;380780288;380795203;M100H;4;;4;0;1
BLOCS_P;2014;380780288;380795203;M1030;5;;5;0;1
BLOCS_P;2014;380780288;380795203;M200H;11;9;15.5;0;1
BLOCS_P;2014;380780288;380795203;N2200;5;2;6.71;0;0
BLOCS_P;2014;380780288;380795203;N2310;3;6;6.65;0;0
BLOCS_P;2014;380780288;380795203;N2320;1;2;2.51;0;1
BLOCS_P;2014;380780288;380795203;N2510;1;;1;0;0
BLOCS_P;2014;380780288;380795203;N4160;1;;1;0;0
BLOCS_P;2014;380781450;380798140;M100H;1;3;1.5;0;0
BLOCS_P;2014;380781450;380798140;M1030;;4;2;0;1
BLOCS_P;2014;380781450;380798140;M200H;5;;5;0;1
BLOCS_P;2014;380781450;380798140;N2200;2;4;5;0;1
BLOCS_P;2014;380781450;380798140;N2310;;3;1.8;0;0
BLOCS_P;2014;380781450;380798140;N2320;1;;1;0;1
BLOCS_P;2014;380781450;380798140;N2510;1;1;1.7;0;1
BLOCS_P;2014;380781450;380798140;N4160;1;;1;0;0
BLOCS_P;2014;380781450;380798140;NAUT;;1;0.5;0;0
BLOCS_P;2014;380782722;380780080;M1030;4;2;5.3;0;1
BLOCS_P;2014;380782722;380780080;M200H;6;;1.79;0;1
BLOCS_P;2014;380782722;380780080;N2200;12;3;14.29;;
BLOCS_P;2014;380782722;380780080;N2310;6;2;7.62;;
BLOCS_P;2014;380782722;380780080;N2320;4;;4.46;;
BLOCS_P;2014;380782722;380780080;N2510;5;;4.28;;
BLOCS_P;2014;380782722;380780080;NAUT;9;;9.85;;
BLOCS_P;2014;380785956;380795211;M1030;13;;13;0;1
BLOCS_P;2014;380786442;380798025;M100H;36;41;56.5;1;1
BLOCS_P;2014;380786442;380798025;M1030;20;;20;1;1
BLOCS_P;2014;380786442;380798025;M200H;23;12;29;0;1
BLOCS_P;2014;380786442;380798025;N2200;23;26;42.29;1;
BLOCS_P;2014;380786442;380798025;N2310;9;7;13.95;;
BLOCS_P;2014;380786442;380798025;N2320;;1;0.86;1;
BLOCS_P;2014;380786442;380798025;N2510;10;;10;;
BLOCS_P;2014;380786442;380798025;N4130;2;;2;0;1
BLOCS_P;2014;380786442;380798025;N4160;2;1;2.9;0;0
BLOCS_P;2014;380786442;380798025;NAUT;20;1;20.8;;
BLOCS_P;2014;390000040;390780146;M1030;;6;4.9;1;0
BLOCS_P;2014;390000040;390780146;M200H;;13;3.2;0;1
BLOCS_P;2014;390000040;390780146;N2200;8;4;11.05;0;0
BLOCS_P;2014;390000040;390780146;N2310;11;3;13.35;0;1
BLOCS_P;2014;390000040;390780146;N2320;9;5;12.75;0;1
BLOCS_P;2014;390000040;390780146;N2510;6;2;7.45;0;0
BLOCS_P;2014;390000040;390780146;N4160;2;;2;0;0
BLOCS_P;2014;390000040;390780146;NAUT;5;1;5.5;0;0
BLOCS_P;2014;390000065;390780161;M1030;2;;3.65;1;0
BLOCS_P;2014;390000065;390780161;M200H;4;2;5.15;0;1
BLOCS_P;2014;390000065;390780161;N2200;3;;2.51;0;1
BLOCS_P;2014;390000065;390780161;N2310;4;;4.68;0;1
BLOCS_P;2014;390000065;390780161;N2320;3;1;4.34;0;1
BLOCS_P;2014;390000065;390780161;N2510;2;;1.97;0;1
BLOCS_P;2014;390000065;390780161;NAUT;;;0.32;0;0
BLOCS_P;2014;390000222;390780609;M100H;;;0.01;1;0
BLOCS_P;2014;390000222;390780609;M1030;;;0.5;1;0
BLOCS_P;2014;390000222;390780609;N2200;4;3;5.17;0;1
BLOCS_P;2014;390000222;390780609;N2310;12;2;12.1;0;1
BLOCS_P;2014;390000222;390780609;N2320;6;5;11.08;0;1
BLOCS_P;2014;390000222;390780609;N2510;2;;2;0;0
BLOCS_P;2014;390000222;390780609;NAUT;5;;4.07;0;0
BLOCS_P;2014;390780559;390000180;M100H;;5;1;0;1
BLOCS_P;2014;390780559;390000180;M1030;1;1;1.5;0;1
BLOCS_P;2014;390780559;390000180;M200H;2;1;2.1;0;1
BLOCS_P;2014;390780559;390000180;N2200;;5;4.8;0;1
BLOCS_P;2014;390780559;390000180;N2310;;1;0.5;0;0
BLOCS_P;2014;390780559;390000180;N2320;;2;1.5;0;1
BLOCS_P;2014;390780559;390000180;N2510;;1;0.8;0;0
BLOCS_P;2014;390780575;250017803;M100H;5;2;6.8;0;0
BLOCS_P;2014;390780575;250017803;M1030;3;;3;0;0
BLOCS_P;2014;390780575;250017803;M200H;8;5;9.7;0;0
BLOCS_P;2014;390780575;250017803;N2200;11;7;11.51;0;0
BLOCS_P;2014;390780575;250017803;N2320;2;;2;0;1
BLOCS_P;2014;390780575;250017803;N2510;1;1;1.6;0;0
BLOCS_P;2014;390780575;250017803;N4160;1;;0.75;0;0
BLOCS_P;2014;390780575;250017803;NAUT;5;1;5.75;0;0
BLOCS_P;2014;400000105;400780193;M100H;;11;2.54;0;1
BLOCS_P;2014;400000105;400780193;M1030;;11;4.16;1;0
BLOCS_P;2014;400000105;400780193;M200H;;11;4.07;0;1
BLOCS_P;2014;400000105;400780193;N2200;9;;9.38;0;1
BLOCS_P;2014;400000105;400780193;N2310;14;2;15.62;0;1
BLOCS_P;2014;400000105;400780193;N2320;14;3;16.59;0;1
BLOCS_P;2014;400000105;400780193;N2510;12;1;12.97;0;0
BLOCS_P;2014;400000105;400780193;NAUT;8;1;7.59;0;0
BLOCS_P;2014;400000139;400011177;M100H;;;;0;1
BLOCS_P;2014;400000139;400011177;M1030;7;3;9.5;1;0
BLOCS_P;2014;400000139;400011177;M200H;13;5;15.06;0;1
BLOCS_P;2014;400000139;400011177;N2200;9;6;15.8;1;1
BLOCS_P;2014;400000139;400011177;N2310;13;6;17.09;0;1
BLOCS_P;2014;400000139;400011177;N2320;12;2;12.06;1;1
BLOCS_P;2014;400000139;400011177;N2510;12;1;11.88;0;0
BLOCS_P;2014;400000139;400011177;N4130;1;0;0.1;0;0
BLOCS_P;2014;400000139;400011177;NAUT;9;1;8.92;0;1
BLOCS_P;2014;400780284;400000154;M100H;;2;0.1;;
BLOCS_P;2014;400780284;400000154;M1030;3;;3;;1
BLOCS_P;2014;400780284;400000154;M200H;5;3;5.7;;1
BLOCS_P;2014;400780284;400000154;N2200;6;1;6.48;;1
BLOCS_P;2014;400780284;400000154;N2310;;1;0.29;;0
BLOCS_P;2014;400780284;400000154;N4160;1;;1;;1
BLOCS_P;2014;400780284;400000154;NAUT;4;;4;;0
BLOCS_P;2014;400780342;400000196;M100H;3;7;4.25;0;1
BLOCS_P;2014;400780342;400000196;M1030;3;0;3;0;1
BLOCS_P;2014;400780342;400000196;M200H;11;3;9.52;0;1
BLOCS_P;2014;400780342;400000196;N2200;9;;9.2;;
BLOCS_P;2014;400780342;400000196;N2310;;1;0.5;;
BLOCS_P;2014;400780359;400000204;N2200;19;;17.39;0;
BLOCS_P;2014;400780359;400000204;N2510;3;1;3.8;0;
BLOCS_P;2014;400780359;400000204;N4160;1;;1;0;
BLOCS_P;2014;400782769;400001764;M1030;2;;2;;1
BLOCS_P;2014;400782769;400001764;M200H;10;;7.1;;1
BLOCS_P;2014;400782769;400001764;N2200;5;1;5.8;;1
BLOCS_P;2014;400782769;400001764;N2310;3;;3;;1
BLOCS_P;2014;400782769;400001764;N2510;5;1;5.8;;0
BLOCS_P;2014;400782769;400001764;N4160;1;;1;;
BLOCS_P;2014;410000020;410000087;M100H;14;2;1.85;1;1
BLOCS_P;2014;410000020;410000087;M1030;4;4;7.01;1;1
BLOCS_P;2014;410000020;410000087;M200H;15;5;5.85;1;1
BLOCS_P;2014;410000020;410000087;N2200;5;3;7.25;0;0
BLOCS_P;2014;410000020;410000087;N2310;12;6;16.85;0;1
BLOCS_P;2014;410000020;410000087;N2320;13;9;19.73;0;1
BLOCS_P;2014;410000020;410000087;N2510;9;3;10.63;0;0
BLOCS_P;2014;410000020;410000087;N4160;0;1;1.14;0;0
BLOCS_P;2014;410000020;410000087;NAUT;5;1;5.7;0;0
BLOCS_P;2014;410000046;410000103;M100H;;;;1;1
BLOCS_P;2014;410000046;410000103;M1030;2;3;3.59;1;1
BLOCS_P;2014;410000046;410000103;M200H;6;;5.31;1;1
BLOCS_P;2014;410000046;410000103;N2200;9;;9.01;0;1
BLOCS_P;2014;410000046;410000103;N2310;5;;5;1;0
BLOCS_P;2014;410000046;410000103;N2320;5;;4.58;0;1
BLOCS_P;2014;410000046;410000103;N2510;7;;5.47;0;0
BLOCS_P;2014;410000046;410000103;NAUT;2;;2;0;0
BLOCS_P;2014;410000202;410000319;M100H;8;28;18.55;0;1
BLOCS_P;2014;410000202;410000319;M1030;4;2;5.5;0;1
BLOCS_P;2014;410000202;410000319;M200H;11;19;20;0;1
BLOCS_P;2014;410000202;410000319;N2200;29;4;32.17;0;0
BLOCS_P;2014;410000202;410000319;N2310;3;4;5.3;0;0
BLOCS_P;2014;410000202;410000319;N2320;1;;1;0;0
BLOCS_P;2014;410000202;410000319;N2510;7;1;7.75;0;0
BLOCS_P;2014;410000202;410000319;N4130;11;;11;0;1
BLOCS_P;2014;410000202;410000319;N4160;4;;4;0;0
BLOCS_P;2014;410000202;410000319;NAUT;15;6;17.15;0;0
BLOCS_P;2014;410004998;410000871;M100H;2;;2;1;
BLOCS_P;2014;410004998;410000871;M1030;4;1;4.5;1;
BLOCS_P;2014;410004998;410000871;M200H;9;3;9.6;1;
BLOCS_P;2014;410004998;410000871;N2200;3;13;12.88;1;1
BLOCS_P;2014;410004998;410000871;N2320;1;2;2.6;;
BLOCS_P;2014;410004998;410000871;N2510;;1;0.8;;
BLOCS_P;2014;410004998;410000871;N4160;1;;1;;
BLOCS_P;2014;410004998;410000871;NAUT;6;2;7.2;;
BLOCS_P;2014;420000010;420780033;M100H;18;6;9.66;0;1
BLOCS_P;2014;420000010;420780033;M1030;8;0;7.33;0;1
BLOCS_P;2014;420000010;420780033;M200H;16;7;6.5;0;1
BLOCS_P;2014;420000010;420780033;N2200;19;11;25.8;0;0
BLOCS_P;2014;420000010;420780033;N2310;20;4;21.04;0;0
BLOCS_P;2014;420000010;420780033;N2320;9;4;13.09;0;0
BLOCS_P;2014;420000010;420780033;N2510;15;3;14.99;0;0
BLOCS_P;2014;420000010;420780033;NAUT;9;6;9.87;0;0
BLOCS_P;2014;420000226;420013831;M1030;0;0;0;1;0
BLOCS_P;2014;420000226;420013831;M200H;3;0;1.5;0;1
BLOCS_P;2014;420000226;420013831;N2200;1;3;3.53;0;1
BLOCS_P;2014;420000226;420013831;N2310;0;0;0;0;1
BLOCS_P;2014;420000226;420013831;N2320;3;4;6.18;0;1
BLOCS_P;2014;420000226;420013831;N2510;1;1;1.8;0;0
BLOCS_P;2014;420000226;420013831;N4160;1;0;1;0;0
BLOCS_P;2014;420000226;420013831;NAUT;2;1;2.82;0;0
BLOCS_P;2014;420000234;420780652;M1030;2;;2;1;0
BLOCS_P;2014;420000234;420780652;N2310;6;2;7.5;0;1
BLOCS_P;2014;420000234;420780652;N2320;9;2;10.38;0;1
BLOCS_P;2014;420000234;420780652;N4160;1;;1;0;0
BLOCS_P;2014;420000234;420780652;NAUT;3;;3;0;0
BLOCS_P;2014;420000267;420013831;M1030;1;4;2.35;0;1
BLOCS_P;2014;420000267;420013831;M200H;3;3;2.24;0;1
BLOCS_P;2014;420000267;420013831;N2200;1;2;3.56;0;1
BLOCS_P;2014;420000267;420013831;N2310;3;2;4.35;;1
BLOCS_P;2014;420000267;420013831;N2320;1;3;4.34;0;1
BLOCS_P;2014;420000267;420013831;N2510;0;2;2.25;0;0
BLOCS_P;2014;420000267;420013831;N4160;1;0;1;0;0
BLOCS_P;2014;420000267;420013831;NAUT;0;1;0.7;0;0
BLOCS_P;2014;420010050;420787061;M100H;0;20;0.43;0;1
BLOCS_P;2014;420010050;420787061;M1030;0;19;14.63;1;1
BLOCS_P;2014;420010050;420787061;M200H;0;38;10.77;0;1
BLOCS_P;2014;420010050;420787061;N2200;26;7;24.68;0;1
BLOCS_P;2014;420010050;420787061;N2310;12;8;12.95;0;1
BLOCS_P;2014;420010050;420787061;N2320;7;5;8.04;0;1
BLOCS_P;2014;420010050;420787061;N2510;2;0;1.45;0;1
BLOCS_P;2014;420010050;420787061;N4130;0;0;0;0;1
BLOCS_P;2014;420010050;420787061;N4160;2;0;1.89;0;1
BLOCS_P;2014;420010050;420787061;NAUT;10;2;8.75;0;1
BLOCS_P;2014;420011413;420011405;M100H;82;2;83.5;0;1
BLOCS_P;2014;420011413;420011405;M1030;18;;18;1;1
BLOCS_P;2014;420011413;420011405;M200H;53;;53;0;1
BLOCS_P;2014;420011413;420011405;N2200;21;17;37.24;0;1
BLOCS_P;2014;420011413;420011405;N2310;1;;1;0;0
BLOCS_P;2014;420011413;420011405;N2320;5;;5;0;1
BLOCS_P;2014;420011413;420011405;N2510;5;;5;0;1
BLOCS_P;2014;420011413;420011405;N4160;1;;1;0;0
BLOCS_P;2014;420011413;420011405;NAUT;1;;1;0;0
BLOCS_P;2014;420780504;420000135;M100H;;18;9;;1
BLOCS_P;2014;420780504;420000135;M1030;2;7;5.5;;1
BLOCS_P;2014;420780504;420000135;M200H;34;4;36;;1
BLOCS_P;2014;420780504;420000135;N2200;8;11;16.75;;1
BLOCS_P;2014;420780504;420000135;N2310;5;;5;;1
BLOCS_P;2014;420780504;420000135;N2320;3;2;4.5;;1
BLOCS_P;2014;420780504;420000135;N2510;3;2;3.5;;0
BLOCS_P;2014;420780504;420000135;N4160;2;;2;;1
BLOCS_P;2014;420780637;420002495;M100H;;1;0.2;0;0
BLOCS_P;2014;420780637;420002495;M1030;6;;6;1;0
BLOCS_P;2014;420780637;420002495;M200H;5;4;7;0;1
BLOCS_P;2014;420780637;420002495;N2200;3;;3;0;0
BLOCS_P;2014;420780637;420002495;N2310;8;6;11.2;0;1
BLOCS_P;2014;420780637;420002495;N2320;7;6;11.1;0;1
BLOCS_P;2014;420780637;420002495;N2510;;4;2.8;0;0
BLOCS_P;2014;420780637;420002495;N4160;1;;1;0;0
BLOCS_P;2014;420780637;420002495;NAUT;;4;3.25;0;0
BLOCS_P;2014;420782310;420000853;M100H;9;;9;;
BLOCS_P;2014;420782310;420000853;M1030;8;1;8.5;;
BLOCS_P;2014;420782310;420000853;M200H;26;;26;;
BLOCS_P;2014;420782310;420000853;N2200;37;;27.9;0;1
BLOCS_P;2014;420782310;420000853;N2310;3;;3.94;0;1
BLOCS_P;2014;420782310;420000853;N2320;1;;1;0;0
BLOCS_P;2014;420782310;420000853;N2510;9;1;9.32;0;0
BLOCS_P;2014;420782310;420000853;N4160;1;;1;0;0
BLOCS_P;2014;420782591;420000887;M1030;;3;1;;
BLOCS_P;2014;420782591;420000887;M200H;4;4;6;0;0
BLOCS_P;2014;420782591;420000887;N2200;4;;3.79;;1
BLOCS_P;2014;420782591;420000887;N2320;;1;0.27;;0
BLOCS_P;2014;420782591;420000887;N4160;1;;1;0;0
BLOCS_P;2014;420785354;420784878;M100H;34;5;7.15;1;1
BLOCS_P;2014;420785354;420784878;M1030;42;4;31.41;1;1
BLOCS_P;2014;420785354;420784878;M200H;52;7;15.77;1;1
BLOCS_P;2014;420785354;420784878;N2200;97;39;104.86;0;1
BLOCS_P;2014;420785354;420784878;N2310;59;10;66.32;1;1
BLOCS_P;2014;420785354;420784878;N2320;24;11;33.35;1;0
BLOCS_P;2014;420785354;420784878;N2510;28;6;23.63;0;0
BLOCS_P;2014;420785354;420784878;NAUT;75;6;52.93;0;0
BLOCS_P;2014;430000109;430000372;M100H;;7;7;0;1
BLOCS_P;2014;430000109;430000372;M1030;4;;4;0;1
BLOCS_P;2014;430000109;430000372;M200H;5;;5;0;1
BLOCS_P;2014;430000109;430000372;N2200;7;7;12.36;0;1
BLOCS_P;2014;430000109;430000372;N2310;1;;1.07;0;0
BLOCS_P;2014;430000109;430000372;N2320;;1;0.21;0;1
BLOCS_P;2014;430000109;430000372;N2510;2;;2.68;0;0
BLOCS_P;2014;430000109;430000372;N4160;;2;1;0;1
BLOCS_P;2014;430000109;430000372;NAUT;;6;3.33;0;0
BLOCS_P;2014;430000117;430000018;M100H;0;1;0.33;0;1
BLOCS_P;2014;430000117;430000018;M1030;0;8;4.88;1;0
BLOCS_P;2014;430000117;430000018;M200H;0;33;7.66;0;1
BLOCS_P;2014;430000117;430000018;N2200;5;4;7.33;0;0
BLOCS_P;2014;430000117;430000018;N2310;10;6;14.12;0;1
BLOCS_P;2014;430000117;430000018;N2320;11;9;17.27;0;1
BLOCS_P;2014;430000117;430000018;N2510;10;1;11.72;0;0
BLOCS_P;2014;430000117;430000018;NAUT;2;0;2.18;0;0
BLOCS_P;2014;430000190;430000034;M1030;2;;2;;
BLOCS_P;2014;430000190;430000034;M200H;2;10;5.11;1;
BLOCS_P;2014;430000190;430000034;N2200;1;4;3.3;;
BLOCS_P;2014;430000190;430000034;N2310;2;1;2.5;;
BLOCS_P;2014;430000190;430000034;N2320;4;;4;;
BLOCS_P;2014;430000190;430000034;N2510;2;1;2.5;;
BLOCS_P;2014;430000190;430000034;N4160;;1;0.5;;
BLOCS_P;2014;440000016;440000057;M100H;3;;0.3;0;1
BLOCS_P;2014;440000016;440000057;M1030;10;;10;1;0
BLOCS_P;2014;440000016;440000057;M200H;14;5;4.6;0;1
BLOCS_P;2014;440000271;440000289;M100H;12;;3.75;0;0
BLOCS_P;2014;440000271;440000289;M1030;61;;4.7;1;1
BLOCS_P;2014;440000271;440000289;M200H;91;6;25.9;1;1
BLOCS_P;2014;440000271;440000289;N2200;112;42;111.57;;
BLOCS_P;2014;440000271;440000289;N2310;53;44;80.58;;
BLOCS_P;2014;440000271;440000289;N2320;37;12;40.12;;
BLOCS_P;2014;440000271;440000289;N2510;88;31;92.28;;
BLOCS_P;2014;440000271;440000289;N4130;3;1;2.96;;
BLOCS_P;2014;440000271;440000289;N4160;4;3;4.75;;
BLOCS_P;2014;440000271;440000289;NAUT;12;3;7.67;;
BLOCS_P;2014;440000396;440000297;M1030;3;;2.01;1;0
BLOCS_P;2014;440000396;440000297;M200H;2;4;3.35;0;1
BLOCS_P;2014;440000396;440000297;N2200;2;;2.63;;
BLOCS_P;2014;440000396;440000297;N2310;6;2;7.83;;
BLOCS_P;2014;440000396;440000297;N2320;5;1;5.76;;
BLOCS_P;2014;440000396;440000297;N2510;3;1;4.01;;
BLOCS_P;2014;440000396;440000297;N4130;5;1;5.94;;
BLOCS_P;2014;440000396;440000297;N4160;1;;1;;
BLOCS_P;2014;440000404;440000925;M1030;;4;2.31;0;1
BLOCS_P;2014;440000404;440000925;M200H;;24;2.31;0;1
BLOCS_P;2014;440000404;440000925;N2200;5;7;10.3;0;1
BLOCS_P;2014;440000404;440000925;N2310;;2;1.4;0;0
BLOCS_P;2014;440000404;440000925;N2320;2;1;3;0;1
BLOCS_P;2014;440000404;440000925;N2510;2;1;3.2;0;0
BLOCS_P;2014;440000412;440000941;M100H;3;;3;0;1
BLOCS_P;2014;440000412;440000941;M1030;6;;6;1;0
BLOCS_P;2014;440000412;440000941;M200H;19;5;24;0;1
BLOCS_P;2014;440000412;440000941;N2200;20;11;26.81;;1
BLOCS_P;2014;440000412;440000941;N2310;3;;3;0;0
BLOCS_P;2014;440000412;440000941;N2320;;1;0.8;0;1
BLOCS_P;2014;440000412;440000941;N2510;4;;4;0;0
BLOCS_P;2014;440000412;440000941;N4160;1;;1;0;1
BLOCS_P;2014;440000412;440000941;NAUT;9;3;11.1;0;0
BLOCS_P;2014;440000453;440000289;M100H;;2;0.2;0;0
BLOCS_P;2014;440000487;440001014;M1030;2;;2;0;1
BLOCS_P;2014;440000487;440001014;M200H;5;;5;0;1
BLOCS_P;2014;440000487;440001014;N2200;8;;8.33;0;1
BLOCS_P;2014;440000487;440001014;N4160;1;;1;0;0
BLOCS_P;2014;440000487;440001014;NAUT;4;;3.7;0;0
BLOCS_P;2014;440000503;440000313;M100H;5;2;1.2;0;1
BLOCS_P;2014;440000503;440000313;M1030;1;;0.6;0;1
BLOCS_P;2014;440000503;440000313;N2200;2;2;2.2;;
BLOCS_P;2014;440000503;440000313;N2310;4;1;4.79;;
BLOCS_P;2014;440000503;440000313;N2320;1;;0.6;;
BLOCS_P;2014;440000503;440000313;NAUT;1;1;1.25;;
BLOCS_P;2014;440000511;440000461;N2200;11;;11;;
BLOCS_P;2014;440000511;440000461;N2510;7;;7;;
BLOCS_P;2014;440000511;440000461;N4160;1;;1;;
BLOCS_P;2014;440000651;440001212;M1030;;;;0;1
BLOCS_P;2014;440000651;440001212;M200H;26;;25;0;1
BLOCS_P;2014;440000651;440001212;N2200;;;;0;1
BLOCS_P;2014;440000651;440001212;N2320;;;;0;1
BLOCS_P;2014;440000651;440001212;N4160;;;;0;1
BLOCS_P;2014;440001113;490017258;M1030;4;3;6.52;0;1
BLOCS_P;2014;440001113;490017258;M200H;7;3;6.12;0;1
BLOCS_P;2014;440001113;490017258;N2200;3;1;2.72;0;0
BLOCS_P;2014;440001113;490017258;N2310;5;5;8.59;0;0
BLOCS_P;2014;440001113;490017258;N2320;7;2;7.53;0;1
BLOCS_P;2014;440001113;490017258;N2510;5;3;7.17;0;0
BLOCS_P;2014;440001113;490017258;N4160;1;;1;0;0
BLOCS_P;2014;440001113;490017258;NAUT;4;;3.69;0;0
BLOCS_P;2014;440002020;440001386;M100H;18;21;;0;1
BLOCS_P;2014;440002020;440001386;M1030;6;;;;1
BLOCS_P;2014;440002020;440001386;M200H;;;;0;1
BLOCS_P;2014;440002020;440001386;N2200;13;3;13.27;0;1
BLOCS_P;2014;440002020;440001386;N4160;1;;1;0;0
BLOCS_P;2014;440002020;440001386;NAUT;8;;8.3;0;0
BLOCS_P;2014;440017598;440000289;M100H;33;;10.46;1;1
BLOCS_P;2014;440017598;440000289;M1030;30;;14.79;1;1
BLOCS_P;2014;440017598;440000289;M200H;22;;10.05;1;1
BLOCS_P;2014;440017598;440000289;N2200;42;18;52.97;;
BLOCS_P;2014;440017598;440000289;N2310;18;6;23.12;;
BLOCS_P;2014;440017598;440000289;N2320;8;4;11.37;;
BLOCS_P;2014;440017598;440000289;N2510;18;7;22.74;;
BLOCS_P;2014;440017598;440000289;N4130;4;3;6.46;;
BLOCS_P;2014;440017598;440000289;N4160;4;3;6.46;;
BLOCS_P;2014;440017598;440000289;NAUT;11;1;10.78;;
BLOCS_P;2014;440024982;440000461;M1030;18;0;18;1;1
BLOCS_P;2014;440024982;440000461;M200H;48;3;49.5;0;0
BLOCS_P;2014;440024982;440000461;N2200;25;9;32.3;;
BLOCS_P;2014;440024982;440000461;N2320;1;3;3.1;;
BLOCS_P;2014;440024982;440000461;N2510;9;3;11.2;;
BLOCS_P;2014;440024982;440000461;N4160;4;;4;;
BLOCS_P;2014;440024982;440000461;NAUT;13;4;16;;
BLOCS_P;2014;440029338;440041895;M1030;10;1;10.8;1;0
BLOCS_P;2014;440029338;440041895;M200H;10;;10;0;1
BLOCS_P;2014;440029338;440041895;N2200;28;5;34.44;0;1
BLOCS_P;2014;440029338;440041895;N2310;7;2;8.86;0;1
BLOCS_P;2014;440029338;440041895;N2320;1;0;1;0;1
BLOCS_P;2014;440029338;440041895;N2510;23;4;26.76;0;1
BLOCS_P;2014;440029338;440041895;N4160;3;0;3;0;0
BLOCS_P;2014;440029338;440041895;NAUT;2;2;3.51;0;0
BLOCS_P;2014;440029379;440000974;M100H;10;11;15.5;0;0
BLOCS_P;2014;440029379;440000974;M1030;9;;9;0;0
BLOCS_P;2014;440029379;440000974;M200H;28;9;32.5;0;0
BLOCS_P;2014;440029379;440000974;N2200;33;4;40.83;0;1
BLOCS_P;2014;440029379;440000974;N2320;1;1;1.6;0;1
BLOCS_P;2014;440029379;440000974;N2510;6;1;6.9;0;1
BLOCS_P;2014;440029379;440000974;N4160;1;;1;0;0
BLOCS_P;2014;440029379;440000974;NAUT;9;;9;0;0
BLOCS_P;2014;440033819;440006344;M1030;16;1;16.74;;
BLOCS_P;2014;440033819;440006344;M200H;35;;35;;
BLOCS_P;2014;440033819;440006344;N2200;17;19;30.59;0;1
BLOCS_P;2014;440033819;440006344;N2320;1;0;1;0;1
BLOCS_P;2014;440033819;440006344;N2510;17;4;19.59;0;0
BLOCS_P;2014;440033819;440006344;N4160;2;0;2;0;0
BLOCS_P;2014;440033819;440006344;NAUT;8;3;10.53;0;0
BLOCS_P;2014;440041580;440041572;M100H;24;10;25.6;1;1
BLOCS_P;2014;440041580;440041572;M1030;20;1;19;0;1
BLOCS_P;2014;440041580;440041572;M200H;40;10;41.08;0;1
BLOCS_P;2014;440041580;440041572;N2200;102;28;104.22;0;1
BLOCS_P;2014;440041580;440041572;N2310;3;4;5.57;0;0
BLOCS_P;2014;440041580;440041572;N2320;3;1;3.42;0;1
BLOCS_P;2014;440041580;440041572;N2510;20;3;19.81;0;1
BLOCS_P;2014;440041580;440041572;N4160;7;0;6.56;0;0
BLOCS_P;2014;440041580;440041572;NAUT;1;;1.18;0;0
BLOCS_P;2014;440050433;440041895;M100H;5;0;1;1;0
BLOCS_P;2014;440050433;440041895;M1030;12;11;8.87;1;1
BLOCS_P;2014;440050433;440041895;M200H;10;0;3.25;1;1
BLOCS_P;2014;440050433;440041895;N2200;9;4;5.73;0;0
BLOCS_P;2014;440050433;440041895;N2310;24;6;13.3;1;0
BLOCS_P;2014;440050433;440041895;N2320;33;15;19.85;1;0
BLOCS_P;2014;440050433;440041895;N2510;18;5;9.41;0;0
BLOCS_P;2014;440050433;440041895;N4160;2;0;1.06;0;0
BLOCS_P;2014;440050433;440041895;NAUT;13;6;8.41;0;0
BLOCS_P;2014;450000021;450000088;M100H;11;2;3.33;1;1
BLOCS_P;2014;450000021;450000088;M1030;8;;6.7;1;1
BLOCS_P;2014;450000021;450000088;M200H;3;7;3.48;0;0
BLOCS_P;2014;450000021;450000088;N2200;10;9;16.84;0;0
BLOCS_P;2014;450000021;450000088;N2310;19;9;8.62;0;0
BLOCS_P;2014;450000021;450000088;N2320;5;5;7.99;0;0
BLOCS_P;2014;450000021;450000088;N2510;26;6;26.14;0;0
BLOCS_P;2014;450000021;450000088;NAUT;85;22;40.35;0;0
BLOCS_P;2014;450000047;450000096;M1030;1;3;3.4;0;1
BLOCS_P;2014;450000047;450000096;N2310;3;;3;0;1
BLOCS_P;2014;450000062;450000104;M100H;;5;0.9;0;1
BLOCS_P;2014;450000062;450000104;M1030;;8;4.41;1;0
BLOCS_P;2014;450000062;450000104;M200H;;20;8.07;0;1
BLOCS_P;2014;450000062;450000104;N2200;25;;19.97;0;0
BLOCS_P;2014;450000062;450000104;N2310;20;;18.25;1;0
BLOCS_P;2014;450000062;450000104;N2320;13;1;13.31;1;0
BLOCS_P;2014;450000062;450000104;N2510;11;2;11.5;0;0
BLOCS_P;2014;450000062;450000104;N4130;1;;0.73;0;0
BLOCS_P;2014;450000062;450000104;N4160;1;;1.03;0;0
BLOCS_P;2014;450000062;450000104;NAUT;9;;8.16;0;0
BLOCS_P;2014;450000070;450000112;M100H;;1;0.4;0;0
BLOCS_P;2014;450000070;450000112;M1030;3;2;5.16;1;0
BLOCS_P;2014;450000070;450000112;N2200;2;;2.72;0;1
BLOCS_P;2014;450000070;450000112;N2310;4;;4;0;1
BLOCS_P;2014;450000070;450000112;N2320;2;;2;0;1
BLOCS_P;2014;450000070;450000112;N2510;1;;1.63;0;0
BLOCS_P;2014;450000070;450000112;NAUT;1;;0.46;0;0
BLOCS_P;2014;450000237;450000534;M1030;4;;4;0;1
BLOCS_P;2014;450000237;450000534;M200H;5;17;8;0;1
BLOCS_P;2014;450000237;450000534;N2200;12;2;12.8;0;1
BLOCS_P;2014;450000237;450000534;N2310;;1;0.43;0;0
BLOCS_P;2014;450000237;450000534;N2320;1;;1;0;1
BLOCS_P;2014;450000237;450000534;N2510;3;;3;0;0
BLOCS_P;2014;450000237;450000534;N4160;1;;1;0;1
BLOCS_P;2014;450000237;450000534;NAUT;6;3;7.6;0;0
BLOCS_P;2014;450000245;450000542;M100H;14;14;21;;
BLOCS_P;2014;450000245;450000542;M1030;7;;7;;
BLOCS_P;2014;450000245;450000542;M200H;27;5;29.5;;
BLOCS_P;2014;450000245;450000542;N2200;11;5;15.83;;
BLOCS_P;2014;450000245;450000542;N2310;5;;5;;
BLOCS_P;2014;450000245;450000542;N2320;1;1;1.04;;
BLOCS_P;2014;450000245;450000542;N2510;1;;1;;
BLOCS_P;2014;450000245;450000542;NAUT;16;;16.61;;
BLOCS_P;2014;450000294;450000591;M100H;7;2;8;1;
BLOCS_P;2014;450000294;450000591;M1030;14;2;15;1;
BLOCS_P;2014;450000294;450000591;N2200;7;;6.5;0;1
BLOCS_P;2014;450000294;450000591;N2510;1;;1.33;;1
BLOCS_P;2014;450000294;450000591;N4160;1;;0.2;0;1
BLOCS_P;2014;450002613;450000088;M1030;12;6;10.28;1;
BLOCS_P;2014;450002613;450000088;M200H;28;8;8.41;1;
BLOCS_P;2014;450002613;450000088;N2200;17;5;16.42;1;
BLOCS_P;2014;450002613;450000088;N2310;26;14;29.68;1;
BLOCS_P;2014;450002613;450000088;N2320;15;13;26.07;1;
BLOCS_P;2014;450002613;450000088;N2510;13;5;17.84;0;
BLOCS_P;2014;450002613;450000088;NAUT;14;1;14.98;0;
BLOCS_P;2014;450010079;450000195;M100H;11;;11;;
BLOCS_P;2014;450010079;450000195;M1030;14;2;15;;
BLOCS_P;2014;450010079;450000195;M200H;40;;40;;
BLOCS_P;2014;450010079;450000195;N2200;31;19;42.38;0;1
BLOCS_P;2014;450010079;450000195;N2310;1;;1.03;0;1
BLOCS_P;2014;450010079;450000195;N2320;1;1;1.9;0;1
BLOCS_P;2014;450010079;450000195;N2510;;;0.15;0;0
BLOCS_P;2014;450010079;450000195;N4160;2;;2.05;0;0
BLOCS_P;2014;450010079;450000195;NAUT;23;6;29.18;0;1
BLOCS_P;2014;450012968;450001474;M100H;5;;5;0;0
BLOCS_P;2014;450012968;450001474;M1030;2;;2;0;0
BLOCS_P;2014;450012968;450001474;M200H;7;8;9.8;0;0
BLOCS_P;2014;450012968;450001474;N2200;10;;10;0;0
BLOCS_P;2014;450012968;450001474;N2310;2;;2;0;0
BLOCS_P;2014;450012968;450001474;N2510;1;;1;0;0
BLOCS_P;2014;450012968;450001474;N4160;1;;1;0;0
BLOCS_P;2014;460000045;460780083;M200H;1;0;1;1;1
BLOCS_P;2014;460000045;460780083;N2200;11;2;11.92;1;1
BLOCS_P;2014;460000045;460780083;N2320;1;0;1.4;1;1
BLOCS_P;2014;460000045;460780083;N2510;5;3;7.2;1;1
BLOCS_P;2014;460000045;460780083;NAUT;1;0;1;;
BLOCS_P;2014;460000102;460780208;M100H;;4;1;0;0
BLOCS_P;2014;460000102;460780208;M1030;2;;2;0;0
BLOCS_P;2014;460000102;460780208;M200H;;6;1.2;0;0
BLOCS_P;2014;460000102;460780208;N2200;;3;2.42;0;0
BLOCS_P;2014;460000102;460780208;N2310;1;;1.42;0;0
BLOCS_P;2014;460000102;460780208;N2320;2;;1.29;0;0
BLOCS_P;2014;460000102;460780208;N2510;1;2;2.27;0;0
BLOCS_P;2014;460000110;460780216;M1030;5;3;7.38;1;0
BLOCS_P;2014;460000110;460780216;N2200;18;7;24.29;0;1
BLOCS_P;2014;460000110;460780216;N2310;8;3;10.89;0;1
BLOCS_P;2014;460000110;460780216;N2320;4;1;4.25;0;1
BLOCS_P;2014;460000110;460780216;N2510;7;2;8.15;0;0
BLOCS_P;2014;460000110;460780216;N4160;1;0;1;0;0
BLOCS_P;2014;460000110;460780216;NAUT;6;0;5.58;0;0
BLOCS_P;2014;460780042;460000029;M1030;;1;1;0;0
BLOCS_P;2014;460780042;460000029;M200H;0;11;8.5;0;0
BLOCS_P;2014;460780042;460000029;N2200;4;1;4.5;0;0
BLOCS_P;2014;460780042;460000029;N2310;;1;0.79;0;0
BLOCS_P;2014;460780042;460000029;N2510;2;;2;0;0
BLOCS_P;2014;460780042;460000029;N4160;1;;1;0;0
BLOCS_P;2014;460780042;460000029;NAUT;;1;0.85;0;0
BLOCS_P;2014;470000027;470014069;M100H;19;;19;1;1
BLOCS_P;2014;470000027;470014069;M1030;8;3;10.1;1;0
BLOCS_P;2014;470000027;470014069;M200H;25;;29;0;1
BLOCS_P;2014;470000027;470014069;N2200;36;13;46.93;;
BLOCS_P;2014;470000027;470014069;N2310;5;3;7.95;;
BLOCS_P;2014;470000027;470014069;N2510;11;1;9.46;;
BLOCS_P;2014;470000027;470014069;N4130;13;;13;;
BLOCS_P;2014;470000027;470014069;N4160;3;;2.92;;
BLOCS_P;2014;470000027;470014069;NAUT;17;2;20.03;;
BLOCS_P;2014;470000076;470013301;M100H;;1;0.2;;
BLOCS_P;2014;470000076;470013301;M1030;1;;1;0;1
BLOCS_P;2014;470000076;470013301;M200H;4;2;4.23;;
BLOCS_P;2014;470000076;470013301;N2200;5;;4.8;;
BLOCS_P;2014;470000076;470013301;N2310;;1;0.36;;
BLOCS_P;2014;470000076;470013301;N2510;1;;1;;
BLOCS_P;2014;470000076;470013301;NAUT;2;;2;;
BLOCS_P;2014;470000142;470000795;M100H;7;7;9;0;1
BLOCS_P;2014;470000142;470000795;M1030;4;0;4;0;
BLOCS_P;2014;470000142;470000795;M200H;6;1;5;0;1
BLOCS_P;2014;470000142;470000795;N2200;11;3;12.8;0;1
BLOCS_P;2014;470000142;470000795;N2310;2;;2;0;0
BLOCS_P;2014;470000142;470000795;N2320;2;;2;0;1
BLOCS_P;2014;470000142;470000795;N2510;8;;8;0;0
BLOCS_P;2014;470000142;470000795;N4160;1;;1;0;0
BLOCS_P;2014;470000142;470000795;NAUT;4;1;4.5;0;0
BLOCS_P;2014;470000423;470000316;M100H;;;;0;1
BLOCS_P;2014;470000423;470000316;M1030;7;2;6.45;1;0
BLOCS_P;2014;470000423;470000316;M200H;11;1;4.27;0;1
BLOCS_P;2014;470000423;470000316;N2200;10;2;12.14;0;0
BLOCS_P;2014;470000423;470000316;N2310;12;6;14.85;1;0
BLOCS_P;2014;470000423;470000316;N2320;10;3;12.56;1;0
BLOCS_P;2014;470000423;470000316;N2510;6;0;4.2;1;0
BLOCS_P;2014;470000423;470000316;N4160;1;0;1;0;
BLOCS_P;2014;470000423;470000316;NAUT;3;3;3.11;0;0
BLOCS_P;2014;470000431;470000324;M1030;2;2;3.79;0;1
BLOCS_P;2014;470000431;470000324;M200H;1;;0.5;0;1
BLOCS_P;2014;470000431;470000324;N2200;7;;7.07;0;1
BLOCS_P;2014;470000431;470000324;N2310;7;;7.33;0;1
BLOCS_P;2014;470000431;470000324;N2320;2;;2.68;0;1
BLOCS_P;2014;470000431;470000324;N2510;4;;4.06;0;0
BLOCS_P;2014;470000431;470000324;N4130;;1;0.19;0;1
BLOCS_P;2014;470000431;470000324;NAUT;2;;1.55;0;0
BLOCS_P;2014;470000480;470001660;M100H;1;1;0.13;;
BLOCS_P;2014;470000480;470001660;M1030;5;2;4.71;;
BLOCS_P;2014;470000480;470001660;M200H;5;0;1.25;;
BLOCS_P;2014;470000480;470001660;N2200;10;0;9.64;;
BLOCS_P;2014;470000480;470001660;N2310;9;0;9;;
BLOCS_P;2014;470000480;470001660;N2320;6;2;6.77;;
BLOCS_P;2014;470000480;470001660;N2510;4;0;3.2;;
BLOCS_P;2014;470000480;470001660;NAUT;12;10;15.7;;
BLOCS_P;2014;480000017;480780097;M100H;4;5;6.12;0;1
BLOCS_P;2014;480000017;480780097;M1030;2;3;4;1;1
BLOCS_P;2014;480000017;480780097;M200H;5;3;5.61;0;1
BLOCS_P;2014;480000017;480780097;N2200;18;4;20.61;0;1
BLOCS_P;2014;480000017;480780097;N2310;8;3;10.48;0;1
BLOCS_P;2014;480000017;480780097;N2320;3;;3.77;0;1
BLOCS_P;2014;480000017;480780097;N2510;10;3;12.67;0;0
BLOCS_P;2014;480000017;480780097;N4130;8;4;11.36;0;1
BLOCS_P;2014;480000017;480780097;N4160;2;1;2.15;0;0
BLOCS_P;2014;480000017;480780097;NAUT;5;8;11.75;0;0
BLOCS_P;2014;480002948;480780097;M1030;;;;;1
BLOCS_P;2014;480002948;480780097;N2200;5;3;1.56;0;0
BLOCS_P;2014;480002948;480780097;N2310;1;;0.26;0;1
BLOCS_P;2014;480002948;480780097;N2320;1;;0.25;0;0
BLOCS_P;2014;480002948;480780097;N2510;1;;0.08;0;0
BLOCS_P;2014;480780113;480001296;M100H;;10;2.05;0;0
BLOCS_P;2014;480780113;480001296;M1030;1;;1;0;1
BLOCS_P;2014;480780113;480001296;M200H;4;;4;0;1
BLOCS_P;2014;480780113;480001296;N2200;5;2;6.3;0;0
BLOCS_P;2014;480780113;480001296;N2310;1;;1;0;0
BLOCS_P;2014;480780113;480001296;N2510;2;1;2.8;0;0
BLOCS_P;2014;480780113;480001296;N4160;1;;1;0;0
BLOCS_P;2014;480780113;480001296;NAUT;1;;1;0;0
BLOCS_P;2014;490000049;490000031;M1030;21;3;17.2;1;1
BLOCS_P;2014;490000049;490000031;M200H;51;6;23.68;1;1
BLOCS_P;2014;490000049;490000031;N2200;38;21;56.07;0;1
BLOCS_P;2014;490000049;490000031;N2310;4;0;3.96;0;1
BLOCS_P;2014;490000049;490000031;N2320;29;13;38.99;0;1
BLOCS_P;2014;490000049;490000031;N2510;48;12;56.43;0;0
BLOCS_P;2014;490000049;490000031;NAUT;7;1;5.65;0;0
BLOCS_P;2014;490000155;490017258;M100H;2;0;1.71;0;0
BLOCS_P;2014;490000155;490017258;M1030;5;1;4.23;0;0
BLOCS_P;2014;490000155;490017258;M200H;5;1;4.03;0;0
BLOCS_P;2014;490000155;490017258;N2200;7;5;8.46;0;0
BLOCS_P;2014;490000155;490017258;N2310;3;1;3.04;0;0
BLOCS_P;2014;490000155;490017258;N2320;1;3;2.77;0;0
BLOCS_P;2014;490000155;490017258;N2510;5;1;4.49;0;0
BLOCS_P;2014;490000155;490017258;N4130;2;2;3.12;0;0
BLOCS_P;2014;490000155;490017258;N4160;2;0;1.69;0;0
BLOCS_P;2014;490000155;490017258;NAUT;2;1;2.48;0;0
BLOCS_P;2014;490000262;490000171;M100H;13;;13;1;0
BLOCS_P;2014;490000262;490000171;M1030;5;;5;0;1
BLOCS_P;2014;490000262;490000171;M200H;11;;11;;1
BLOCS_P;2014;490000262;490000171;N2200;11;5;14.55;0;1
BLOCS_P;2014;490000262;490000171;N2310;3;;3;0;
BLOCS_P;2014;490000262;490000171;N2320;;;;0;1
BLOCS_P;2014;490000262;490000171;N2510;2;;1.5;0;0
BLOCS_P;2014;490000262;490000171;N4160;1;;1;0;1
BLOCS_P;2014;490000262;490000171;NAUT;6;3;8.5;0;0
BLOCS_P;2014;490000635;490000676;M100H;5;;0.71;0;1
BLOCS_P;2014;490000635;490000676;M1030;11;1;8.02;1;0
BLOCS_P;2014;490000635;490000676;M200H;11;;3.45;1;1
BLOCS_P;2014;490000635;490000676;N2200;14;11;22.95;0;0
BLOCS_P;2014;490000635;490000676;N2310;17;10;24.91;1;0
BLOCS_P;2014;490000635;490000676;N2320;12;4;17.3;1;0
BLOCS_P;2014;490000635;490000676;N2510;16;4;18.63;0;0
BLOCS_P;2014;490000635;490000676;N4160;2;;2.2;0;0
BLOCS_P;2014;490000635;490000676;NAUT;7;2;7.46;0;0
BLOCS_P;2014;490001765;490528452;M100H;;2;0.29;0;1
BLOCS_P;2014;490001765;490528452;M1030;;;;1;0
BLOCS_P;2014;490001765;490528452;M200H;;3;0.41;1;0
BLOCS_P;2014;490001765;490528452;N2200;7;1;5.72;0;0
BLOCS_P;2014;490001765;490528452;N2310;;1;0.6;1;0
BLOCS_P;2014;490001765;490528452;N2320;3;;3.34;1;0
BLOCS_P;2014;490001765;490528452;N2510;1;;0.5;0;0
BLOCS_P;2014;490001765;490528452;NAUT;1;4;2.02;0;0
BLOCS_P;2014;490002037;490000890;N2200;36;5;33.63;0;0
BLOCS_P;2014;490002037;490000890;N2510;15;3;13.9;0;0
BLOCS_P;2014;490002037;490000890;NAUT;11;3;9.42;0;0
BLOCS_P;2014;490007929;490000627;M100H;5;;5;0;0
BLOCS_P;2014;490007929;490000627;M1030;4;;4;0;1
BLOCS_P;2014;490007929;490000627;M200H;;;;0;1
BLOCS_P;2014;490007929;490000627;N2200;13;;15.9;1;1
BLOCS_P;2014;490007929;490000627;N2310;3;;3;0;0
BLOCS_P;2014;490007929;490000627;N2320;1;;1;1;1
BLOCS_P;2014;490007929;490000627;N2510;9;;8.5;0;0
BLOCS_P;2014;490007929;490000627;N4130;5;;5;1;1
BLOCS_P;2014;490007929;490000627;N4160;2;2;1.5;0;0
BLOCS_P;2014;490007929;490000627;NAUT;3;;3;1;1
BLOCS_P;2014;490014909;490008109;M1030;14;3;16.8;1;0
BLOCS_P;2014;490014909;490008109;M200H;56;15;67;0;1
BLOCS_P;2014;490014909;490008109;N2200;31;21;43.35;0;1
BLOCS_P;2014;490014909;490008109;N2310;;;;0;1
BLOCS_P;2014;490014909;490008109;N2320;1;0;1;0;1
BLOCS_P;2014;490014909;490008109;N2510;2;1;2.51;0;0
BLOCS_P;2014;490014909;490008109;N4130;;;;0;1
BLOCS_P;2014;490014909;490008109;N4160;3;0;2.76;0;0
BLOCS_P;2014;490014909;490008109;NAUT;10;1;9.31;0;0
BLOCS_P;2014;490015906;490000197;M1030;8;;8;;
BLOCS_P;2014;490015906;490000197;M200H;12;9;16;;
BLOCS_P;2014;490540440;490004330;M1030;2;1;2.5;0;0
BLOCS_P;2014;490540440;490004330;M200H;8;;8;0;1
BLOCS_P;2014;490540440;490004330;N2200;9;4;11.74;0;0
BLOCS_P;2014;490540440;490004330;N4130;0;2;1.5;0;
BLOCS_P;2014;490540440;490004330;NAUT;2;1;2.49;0;0
BLOCS_P;2014;500000021;500000054;M100H;;3;0.4;0;0
BLOCS_P;2014;500000021;500000054;M1030;6;;6;1;
BLOCS_P;2014;500000021;500000054;M200H;;11;1.05;;1
BLOCS_P;2014;500000021;500000054;N2200;22;7;28.61;1;1
BLOCS_P;2014;500000021;500000054;N2310;21;1;9.58;1;1
BLOCS_P;2014;500000021;500000054;N2320;11;3;11.33;1;1
BLOCS_P;2014;500000021;500000054;N2510;23;6;25.91;0;0
BLOCS_P;2014;500000021;500000054;NAUT;4;1;4.95;0;0
BLOCS_P;2014;500000146;500000500;M100H;5;;5;;1
BLOCS_P;2014;500000146;500000500;M1030;5;;5;;1
BLOCS_P;2014;500000146;500000500;M200H;15;9;19.5;;1
BLOCS_P;2014;500000146;500000500;N2200;14;8;20.8;;1
BLOCS_P;2014;500000146;500000500;N2320;1;3;2.48;;1
BLOCS_P;2014;500000146;500000500;N2510;5;1;5.8;;0
BLOCS_P;2014;500000146;500000500;NAUT;10;2;10.96;;0
BLOCS_P;2014;500000187;500000013;M100H;16;8;22.69;0;1
BLOCS_P;2014;500000187;500000013;M1030;13;1;13.4;1;0
BLOCS_P;2014;500000187;500000013;M200H;12;6;12.48;0;1
BLOCS_P;2014;500000187;500000013;N2200;7;1;9.71;0;0
BLOCS_P;2014;500000187;500000013;N2320;12;1;13.24;0;0
BLOCS_P;2014;500000187;500000013;N2510;9;2;11.79;0;0
BLOCS_P;2014;500000187;500000013;NAUT;4;2;5.48;0;0
BLOCS_P;2014;500000203;500000542;M100H;;4;0.8;0;1
BLOCS_P;2014;500000203;500000542;M1030;3;;3;0;1
BLOCS_P;2014;500000203;500000542;M200H;7;7;8.4;0;1
BLOCS_P;2014;500000203;500000542;N2200;9;7;14.42;0;1
BLOCS_P;2014;500000203;500000542;N2310;3;;3;0;1
BLOCS_P;2014;500000203;500000542;N2320;1;1;1.75;0;1
BLOCS_P;2014;500000203;500000542;N2510;;2;1.55;0;0
BLOCS_P;2014;500000203;500000542;NAUT;4;3;6.41;0;0
BLOCS_P;2014;500000260;500000054;M100H;;8;2.7;0;0
BLOCS_P;2014;500000260;500000054;M200H;;7;0.6;0;1
BLOCS_P;2014;500000260;500000054;NAUT;1;0;0.5;0;0
BLOCS_P;2014;500000401;500000609;M100H;1;1;1.2;;1
BLOCS_P;2014;500000401;500000609;M1030;3;0;3;;1
BLOCS_P;2014;500000401;500000609;M200H;4;9;7;;1
BLOCS_P;2014;500000401;500000609;N2200;7;3;9.1;;1
BLOCS_P;2014;500000401;500000609;N2310;;2;1.43;;0
BLOCS_P;2014;500000401;500000609;N2320;1;0;1;;1
BLOCS_P;2014;500000401;500000609;N4160;1;;1;;0
BLOCS_P;2014;500000401;500000609;NAUT;2;;2;;0
BLOCS_P;2014;500000450;500000112;M100H;5;1;0.54;1;1
BLOCS_P;2014;500000450;500000112;M1030;4;2;4.75;1;0
BLOCS_P;2014;500000450;500000112;M200H;8;5;10.8;1;1
BLOCS_P;2014;500000450;500000112;N2200;6;;4.99;0;0
BLOCS_P;2014;500000450;500000112;N2310;23;;13.42;0;0
BLOCS_P;2014;500000450;500000112;N2320;14;;13.27;0;0
BLOCS_P;2014;500000450;500000112;N2510;10;1;11.42;0;0
BLOCS_P;2014;500000450;500000112;N4160;2;;1.74;0;0
BLOCS_P;2014;500000450;500000112;NAUT;1;;0.25;0;0
BLOCS_P;2014;500002357;500002233;M100H;2;1;2.5;0;1
BLOCS_P;2014;500002357;500002233;M1030;6;;6;0;1
BLOCS_P;2014;500002357;500002233;M200H;19;;19;0;1
BLOCS_P;2014;500002357;500002233;N2200;16;4;18.6;0;1
BLOCS_P;2014;500002357;500002233;N2310;3;;3;0;0
BLOCS_P;2014;500002357;500002233;N4160;1;;1;0;0
BLOCS_P;2014;500002357;500002233;NAUT;1;1;1.85;0;0
BLOCS_P;2014;510000169;510000037;M1030;5;1;3.85;1;0
BLOCS_P;2014;510000169;510000037;M200H;12;6;4.97;0;1
BLOCS_P;2014;510000169;510000037;N2200;4;6;7.18;0;0
BLOCS_P;2014;510000169;510000037;N2310;9;3;11.54;0;0
BLOCS_P;2014;510000169;510000037;N2320;6;3;8.23;0;0
BLOCS_P;2014;510000169;510000037;N2510;1;0;1;0;0
BLOCS_P;2014;510000169;510000037;NAUT;5;0;5;0;0
BLOCS_P;2014;510000185;510000532;M100H;21;61;;0;1
BLOCS_P;2014;510000185;510000532;M1030;10;13;;1;1
BLOCS_P;2014;510000185;510000532;M200H;22;2;;0;1
BLOCS_P;2014;510000185;510000532;N2200;45;3;42.26;0;1
BLOCS_P;2014;510000185;510000532;N2320;1;3;2.55;0;1
BLOCS_P;2014;510000185;510000532;N2510;9;1;8.65;0;0
BLOCS_P;2014;510000193;510000557;M100H;8;7;;0;1
BLOCS_P;2014;510000193;510000557;M1030;;16;;1;0
BLOCS_P;2014;510000193;510000557;M200H;9;14;;0;1
BLOCS_P;2014;510000193;510000557;N2200;33;2;;1;1
BLOCS_P;2014;510000193;510000557;N2310;;13;;0;1
BLOCS_P;2014;510000193;510000557;N2320;;2;;0;1
BLOCS_P;2014;510000193;510000557;N2510;3;;;0;0
BLOCS_P;2014;510000193;510000557;N4130;;1;;0;1
BLOCS_P;2014;510000193;510000557;N4160;1;;;0;0
BLOCS_P;2014;510000193;510000557;NAUT;2;;;0;0
BLOCS_P;2014;510000227;510000565;M100H;1;;1;0;0
BLOCS_P;2014;510000227;510000565;M1030;1;;1;0;0
BLOCS_P;2014;510000227;510000565;M200H;3;10;5;0;0
BLOCS_P;2014;510000227;510000565;N2200;8;4;8;0;1
BLOCS_P;2014;510000227;510000565;N2510;1;2;2.5;0;0
BLOCS_P;2014;510000227;510000565;N4160;1;;1;0;0
BLOCS_P;2014;510000227;510000565;NAUT;3;1;3.5;0;0
BLOCS_P;2014;510000235;510000060;M100H;3;3;0.61;0;1
BLOCS_P;2014;510000235;510000060;M1030;3;2;3.61;0;1
BLOCS_P;2014;510000235;510000060;M200H;6;1;1.76;0;1
BLOCS_P;2014;510000235;510000060;N2200;6;6;7.34;0;0
BLOCS_P;2014;510000235;510000060;N2310;2;;3.37;1;0
BLOCS_P;2014;510000235;510000060;N2320;3;;3;0;1
BLOCS_P;2014;510000235;510000060;N2510;1;;1;0;0
BLOCS_P;2014;510000235;510000060;NAUT;2;1;1.4;0;0
BLOCS_P;2014;510000243;510000573;M100H;7;12;10.5;0;1
BLOCS_P;2014;510000243;510000573;M1030;2;;2;0;1
BLOCS_P;2014;510000243;510000573;M200H;6;4;6.8;0;1
BLOCS_P;2014;510000243;510000573;N2200;4;1;4.8;0;1
BLOCS_P;2014;510000243;510000573;N2310;0;1;0.15;0;0
BLOCS_P;2014;510000243;510000573;N2320;2;1;2.8;0;1
BLOCS_P;2014;510000243;510000573;N2510;2;0;2;0;0
BLOCS_P;2014;510000243;510000573;N4160;1;0;1;0;0
BLOCS_P;2014;510000243;510000573;NAUT;6;1;6.5;0;0
BLOCS_P;2014;510000250;510000078;M100H;1;1;0.2;0;1
BLOCS_P;2014;510000250;510000078;M1030;2;1;2.5;0;1
BLOCS_P;2014;510000250;510000078;M200H;1;1;1.8;0;1
BLOCS_P;2014;510000250;510000078;N2200;3;1;3.75;0;1
BLOCS_P;2014;510000250;510000078;N2310;3;1;3.8;0;1
BLOCS_P;2014;510000250;510000078;N2320;3;0;3;0;1
BLOCS_P;2014;510000250;510000078;N2510;1;1;1.25;0;0
BLOCS_P;2014;510000250;510000078;N4160;0;1;0.5;0;1
BLOCS_P;2014;510000250;510000078;NAUT;0;1;0.4;0;0
BLOCS_P;2014;510000268;520000100;M200H;;5;1;0;0
BLOCS_P;2014;510000516;510000136;M100H;0;0;0;0;1
BLOCS_P;2014;510000516;510000136;M1030;1;1;1.8;0;1
BLOCS_P;2014;510000516;510000136;M200H;1;1;1.15;0;1
BLOCS_P;2014;510000516;510000136;N2200;15;3;17.1;0;1
BLOCS_P;2014;510000516;510000136;N2310;3;1;3.5;0;1
BLOCS_P;2014;510000516;510000136;N2320;1;0;1;0;1
BLOCS_P;2014;510000516;510000136;N2510;6;0;6;0;0
BLOCS_P;2014;510000516;510000136;N4160;1;0;1;0;1
BLOCS_P;2014;510002447;510000029;M100H;6;0;0.48;0;0
BLOCS_P;2014;510002447;510000029;M1030;3;0;0.4;0;0
BLOCS_P;2014;510002447;510000029;M200H;22;0;4.47;0;0
BLOCS_P;2014;510002447;510000029;N2200;28;5;30.2;0;0
BLOCS_P;2014;510002447;510000029;N2310;1;0;1;0;1
BLOCS_P;2014;510002447;510000029;N2320;13;6;17.8;0;1
BLOCS_P;2014;510002447;510000029;N2510;4;0;4;0;0
BLOCS_P;2014;510002447;510000029;N4130;0;0;0;0;1
BLOCS_P;2014;510002447;510000029;NAUT;6;1;6.6;0;0
BLOCS_P;2014;510002470;510000029;M100H;1;0;0.2;0;0
BLOCS_P;2014;510002470;510000029;M200H;4;0;0.9;0;0
BLOCS_P;2014;510002470;510000029;N2200;2;1;2.8;0;
BLOCS_P;2014;510002470;510000029;N2310;0;0;0;1;
BLOCS_P;2014;510002470;510000029;N2320;2;0;2;1;
BLOCS_P;2014;510002470;510000029;N2510;0;1;0.8;0;
BLOCS_P;2014;510002470;510000029;NAUT;4;0;4;0;
BLOCS_P;2014;510004302;510000029;M100H;0;1;0.1;0;0
BLOCS_P;2014;510004302;510000029;M200H;7;0;2.7;0;0
BLOCS_P;2014;510004302;510000029;N2200;27;10;33.48;0;
BLOCS_P;2014;510004302;510000029;N2310;14;0;14;0;
BLOCS_P;2014;510004302;510000029;N2320;11;0;11;0;
BLOCS_P;2014;510004302;510000029;N2510;4;1;4.8;0;0
BLOCS_P;2014;510004302;510000029;NAUT;12;18;20.54;0;0
BLOCS_P;2014;510012040;510000557;M1030;;24;;0;1
BLOCS_P;2014;510012040;510000557;M200H;;45;;0;1
BLOCS_P;2014;510012040;510000557;N2200;24;1;24.8;0;1
BLOCS_P;2014;510012040;510000557;N2310;5;;5;0;0
BLOCS_P;2014;510012040;510000557;N2320;1;;1.02;0;1
BLOCS_P;2014;510012040;510000557;N2510;5;1;5.65;0;0
BLOCS_P;2014;510012040;510000557;NAUT;10;1;10.77;0;0
BLOCS_P;2014;510024300;510024284;M1030;3;1;3;0;1
BLOCS_P;2014;520000027;520780032;M100H;1;2;0.67;;
BLOCS_P;2014;520000027;520780032;M1030;3;0;3;;
BLOCS_P;2014;520000027;520780032;M200H;6;2;7.1;;
BLOCS_P;2014;520000027;520780032;N2200;8;0;7.65;0;1
BLOCS_P;2014;520000027;520780032;N2310;3;3;6.4;0;1
BLOCS_P;2014;520000027;520780032;N2320;5;0;4.92;0;1
BLOCS_P;2014;520000027;520780032;N2510;4;0;4;0;1
BLOCS_P;2014;520000027;520780032;N4130;0;0;0;0;1
BLOCS_P;2014;520000027;520780032;N4160;0;0;0;0;1
BLOCS_P;2014;520000027;520780032;NAUT;0;0;0;0;1
BLOCS_P;2014;520000043;520780057;M100H;1;;1;;1
BLOCS_P;2014;520000043;520780057;M1030;1;1;1.5;;1
BLOCS_P;2014;520000043;520780057;M200H;;;;;1
BLOCS_P;2014;520000068;520780073;M100H;1;1;0.98;0;1
BLOCS_P;2014;520000068;520780073;M1030;6;;6.21;1;0
BLOCS_P;2014;520000068;520780073;M200H;;8;3.58;0;1
BLOCS_P;2014;520000068;520780073;N2200;6;3;8.61;0;1
BLOCS_P;2014;520000068;520780073;N2310;8;1;8.83;0;1
BLOCS_P;2014;520000068;520780073;N2320;7;0;7.58;0;1
BLOCS_P;2014;520000068;520780073;N2510;0;1;0.8;0;1
BLOCS_P;2014;520000068;520780073;NAUT;15;5;19.73;0;0
BLOCS_P;2014;520004060;520003781;M1030;;1;0.12;;
BLOCS_P;2014;520004060;520003781;M200H;;6;0.32;;
BLOCS_P;2014;520004060;520003781;N2310;;1;0.15;;
BLOCS_P;2014;520004060;520003781;N2320;;1;0.39;;
BLOCS_P;2014;520004060;520003781;N2510;;1;0.1;;
BLOCS_P;2014;520004060;520003781;N4160;;1;0.05;;
BLOCS_P;2014;520780156;520000092;M100H;;1;0.5;0;0
BLOCS_P;2014;520780156;520000092;M1030;;3;1.5;0;1
BLOCS_P;2014;520780156;520000092;M200H;3;2;3.7;0;1
BLOCS_P;2014;520780156;520000092;N2200;5;3;7;;1
BLOCS_P;2014;520780156;520000092;N2310;1;0;1;0;0
BLOCS_P;2014;520780156;520000092;N2320;1;;1;0;1
BLOCS_P;2014;520780156;520000092;N2510;1;;1;;1
BLOCS_P;2014;520780156;520000092;N4160;1;;1;0;1
BLOCS_P;2014;520780156;520000092;NAUT;3;;3;;
BLOCS_P;2014;520780180;520000100;M100H;;2;0.4;0;1
BLOCS_P;2014;520780180;520000100;M1030;1;2;2.2;0;1
BLOCS_P;2014;520780180;520000100;M200H;2;9;3.8;0;1
BLOCS_P;2014;520780180;520000100;N2200;8;1;8.8;0;1
BLOCS_P;2014;520780180;520000100;N2310;1;;1;0;0
BLOCS_P;2014;520780180;520000100;N2320;1;;1;0;1
BLOCS_P;2014;520780180;520000100;N2510;2;1;2.8;0;0
BLOCS_P;2014;520780180;520000100;N4160;1;;1;0;0
BLOCS_P;2014;520780180;520000100;NAUT;3;1;3.5;;
BLOCS_P;2014;520780214;520000118;N2200;4;3;6.1;;1
BLOCS_P;2014;520780214;520000118;N2310;2;;2;;0
BLOCS_P;2014;520780214;520000118;N2510;2;1;2.8;;0
BLOCS_P;2014;520780214;520000118;N4160;1;;1;;1
BLOCS_P;2014;530000017;530000025;M1030;2;2;4.6;;
BLOCS_P;2014;530000017;530000025;N2200;15;5;19.09;;1
BLOCS_P;2014;530000017;530000025;N2320;2;0;2;1;
BLOCS_P;2014;530000017;530000025;N2510;7;1;8.11;;1
BLOCS_P;2014;530000017;530000025;N4130;7;2;8.91;;
BLOCS_P;2014;530000017;530000025;N4160;2;1;2.5;;
BLOCS_P;2014;530000173;530000074;M1030;3;1;3.73;1;0
BLOCS_P;2014;530000173;530000074;M200H;7;2;7.25;0;1
BLOCS_P;2014;530000173;530000074;N2200;6;7;11.13;0;0
BLOCS_P;2014;530000173;530000074;N2310;16;1;8.75;1;0
BLOCS_P;2014;530000173;530000074;N2320;6;3;7.84;0;1
BLOCS_P;2014;530000173;530000074;N2510;5;3;7.51;0;1
BLOCS_P;2014;530000173;530000074;NAUT;;1;0.55;0;0
BLOCS_P;2014;530000264;530000371;M100H;4;0;4;0;1
BLOCS_P;2014;530000264;530000371;M1030;5;0;6.53;1;0
BLOCS_P;2014;530000264;530000371;M200H;12;2;14.58;0;1
BLOCS_P;2014;530000264;530000371;N2200;26;8;32.22;0;1
BLOCS_P;2014;530000264;530000371;N2310;19;0;18.4;1;1
BLOCS_P;2014;530000264;530000371;N2320;8;3;9.6;0;1
BLOCS_P;2014;530000264;530000371;N2510;23;4;23.47;0;1
BLOCS_P;2014;530000264;530000371;NAUT;5;0;5.32;0;0
BLOCS_P;2014;530031962;530000975;M100H;12;;6.4;0;0
BLOCS_P;2014;530031962;530000975;M1030;5;;5;;1
BLOCS_P;2014;530031962;530000975;M200H;12;;12;0;1
BLOCS_P;2014;530031962;530000975;N2200;18;5;21.6;0;1
BLOCS_P;2014;530031962;530000975;N2320;1;;1;;
BLOCS_P;2014;530031962;530000975;N4130;3;;3;0;1
BLOCS_P;2014;530031962;530000975;NAUT;4;;4;0;0
BLOCS_P;2014;540000015;540023264;M1030;11;2;3.24;1;1
BLOCS_P;2014;540000015;540023264;N2200;1;0;1.44;0;0
BLOCS_P;2014;540000015;540023264;N2310;;;;0;1
BLOCS_P;2014;540000015;540023264;N2320;5;;4.68;0;1
BLOCS_P;2014;540000015;540023264;N2510;1;0;0.23;0;0
BLOCS_P;2014;540000015;540023264;N4130;;;;0;1
BLOCS_P;2014;540000015;540023264;NAUT;15;1;4.67;0;0
BLOCS_P;2014;540000023;540000049;M100H;1;0;0.1;0;1
BLOCS_P;2014;540000023;540000049;M1030;4;1;3.5;1;0
BLOCS_P;2014;540000023;540000049;M200H;6;0;1.93;0;1
BLOCS_P;2014;540000023;540000049;N2200;9;1;9.3;0;0
BLOCS_P;2014;540000023;540000049;N2310;5;5;6.89;1;1
BLOCS_P;2014;540000023;540000049;N2320;2;1;3.17;0;1
BLOCS_P;2014;540000023;540000049;N2510;10;5;7.2;0;0
BLOCS_P;2014;540000023;540000049;N4130;0;0;0;0;1
BLOCS_P;2014;540000023;540000049;N4160;1;0;0.75;0;0
BLOCS_P;2014;540000023;540000049;NAUT;6;2;4.22;0;0
BLOCS_P;2014;540000155;540000080;M100H;;2;0.25;0;1
BLOCS_P;2014;540000155;540000080;M1030;;5;3.47;1;0
BLOCS_P;2014;540000155;540000080;M200H;;8;1.8;0;1
BLOCS_P;2014;540000155;540000080;N2200;9;3;11.41;0;1
BLOCS_P;2014;540000155;540000080;N2310;4;1;4.05;0;1
BLOCS_P;2014;540000155;540000080;N2320;1;2;3.14;0;1
BLOCS_P;2014;540000155;540000080;N4160;1;;1;0;0
BLOCS_P;2014;540000155;540000080;NAUT;3;4;5.4;0;0
BLOCS_P;2014;540000163;540020112;M1030;7;3;8.3;0;1
BLOCS_P;2014;540000163;540020112;M200H;2;4;3.8;0;1
BLOCS_P;2014;540000163;540020112;N2200;21;4;24.2;0;1
BLOCS_P;2014;540000163;540020112;N2310;10;2;11.6;0;1
BLOCS_P;2014;540000163;540020112;N2320;6;1;6.2;0;1
BLOCS_P;2014;540000163;540020112;N2510;13;4;15.9;0;0
BLOCS_P;2014;540000163;540020112;N4160;1;1;1.8;0;0
BLOCS_P;2014;540000163;540020112;NAUT;13;0;13;0;0
BLOCS_P;2014;540000361;540003928;M100H;0;20;4.2;0;1
BLOCS_P;2014;540000361;540003928;M1030;2;5;3.6;0;1
BLOCS_P;2014;540000361;540003928;M200H;6;12;9.1;0;1
BLOCS_P;2014;540000361;540003928;N2200;10;5;13.3;0;1
BLOCS_P;2014;540000361;540003928;N2310;1;2;1.8;0;0
BLOCS_P;2014;540000361;540003928;N2320;1;;1;0;0
BLOCS_P;2014;540000361;540003928;N2510;2;;2;0;0
BLOCS_P;2014;540000361;540003928;N4160;;;;0;1
BLOCS_P;2014;540000361;540003928;NAUT;7;1;7.5;0;0
BLOCS_P;2014;540000445;540000890;M100H;;5;2.5;0;0
BLOCS_P;2014;540000445;540000890;M1030;;4;2;0;0
BLOCS_P;2014;540000445;540000890;M200H;;3;1.5;0;0
BLOCS_P;2014;540000445;540000890;N2200;5;2;6.54;0;1
BLOCS_P;2014;540000445;540000890;N2320;;2;1.07;0;1
BLOCS_P;2014;540000445;540000890;N2510;3;2;2.89;0;0
BLOCS_P;2014;540000445;540000890;N4160;1;;1;0;0
BLOCS_P;2014;540000445;540000890;NAUT;5;;5;0;0
BLOCS_P;2014;540000452;540000908;M1030;9;0;9;0;1
BLOCS_P;2014;540000452;540000908;M200H;3;51;28;0;1
BLOCS_P;2014;540000452;540000908;N2200;12;2;13.1;0;1
BLOCS_P;2014;540000452;540000908;N2310;0;1;0.09;0;0
BLOCS_P;2014;540000452;540000908;N2320;1;0;1;0;1
BLOCS_P;2014;540000452;540000908;N2510;1;0;1;0;0
BLOCS_P;2014;540000452;540000908;N4160;2;0;2;0;0
BLOCS_P;2014;540000452;540000908;NAUT;5;1;5.5;0;0
BLOCS_P;2014;540000478;540003449;M100H;20;16;36;1;1
BLOCS_P;2014;540000478;540003449;M1030;15;15;15;1;1
BLOCS_P;2014;540000478;540003449;M200H;26;14;40;1;1
BLOCS_P;2014;540000478;540003449;N2200;27;7;32.4;0;1
BLOCS_P;2014;540000478;540003449;N2310;;;;0;1
BLOCS_P;2014;540000478;540003449;N2320;;1;0.57;0;1
BLOCS_P;2014;540000478;540003449;N2510;3;1;3.8;0;0
BLOCS_P;2014;540000478;540003449;N4130;5;;5;0;1
BLOCS_P;2014;540000478;540003449;N4160;2;2;2.66;0;1
BLOCS_P;2014;540000478;540003449;NAUT;;;;0;1
BLOCS_P;2014;540000486;540000932;M100H;;17;8.5;;
BLOCS_P;2014;540000486;540000932;M1030;;9;4.5;;
BLOCS_P;2014;540000486;540000932;M200H;;36;18;;
BLOCS_P;2014;540000486;540000932;N2200;21;6;23.53;0;0
BLOCS_P;2014;540000486;540000932;N2510;5;;5;0;0
BLOCS_P;2014;540000486;540000932;N4160;2;;2;1;0
BLOCS_P;2014;540000486;540000932;NAUT;5;5;7.16;0;0
BLOCS_P;2014;540001070;540000767;M1030;;5;4.6;1;1
BLOCS_P;2014;540001070;540000767;M200H;3;2;3.5;0;1
BLOCS_P;2014;540001070;540000767;N2200;6;4;8.7;0;1
BLOCS_P;2014;540001070;540000767;N2310;7;1;7.24;0;1
BLOCS_P;2014;540001070;540000767;N2320;5;1;5.8;0;1
BLOCS_P;2014;540001070;540000767;N2510;;6;1.31;0;0
BLOCS_P;2014;540001070;540000767;N4160;1;;0.5;0;1
BLOCS_P;2014;540001070;540000767;NAUT;2;7;5.76;0;0
BLOCS_P;2014;540001096;570010181;M1030;2;1;1.4;0;0
BLOCS_P;2014;540001096;570010181;M200H;3;0;1.5;0;0
BLOCS_P;2014;540001096;570010181;N2310;10;1;11.39;0;
BLOCS_P;2014;540001096;570010181;N2320;11;3;12.72;0;0
BLOCS_P;2014;540001138;540023264;M100H;8;2;1.78;1;1
BLOCS_P;2014;540001138;540023264;M1030;27;2;18.68;1;1
BLOCS_P;2014;540001138;540023264;M200H;23;3;7.62;1;1
BLOCS_P;2014;540001138;540023264;N2200;41;30;55.06;1;1
BLOCS_P;2014;540001138;540023264;N2310;28;10;30.6;1;1
BLOCS_P;2014;540001138;540023264;N2320;10;4;12.16;1;1
BLOCS_P;2014;540001138;540023264;N2510;32;11;31.49;1;1
BLOCS_P;2014;540001138;540023264;N4130;;;;1;1
BLOCS_P;2014;540001138;540023264;N4160;;;;0;1
BLOCS_P;2014;540001138;540023264;NAUT;33;8;25.02;1;1
BLOCS_P;2014;540001286;540003019;M1030;5;3;6.07;0;1
BLOCS_P;2014;540001286;540003019;M200H;11;2;9.18;0;1
BLOCS_P;2014;540001286;540003019;N2200;5;7;9.4;0;1
BLOCS_P;2014;540001286;540003019;N2310;6;4;8.83;0;1
BLOCS_P;2014;540001286;540003019;N2320;2;4;5.3;0;1
BLOCS_P;2014;540001286;540003019;N2510;2;1;2.5;0;0
BLOCS_P;2014;540001286;540003019;N4160;1;;1.5;0;0
BLOCS_P;2014;540002698;540023264;M100H;44;18;16.71;1;1
BLOCS_P;2014;540002698;540023264;M1030;48;3;35.71;1;1
BLOCS_P;2014;540002698;540023264;M200H;74;11;18.48;1;1
BLOCS_P;2014;540002698;540023264;N2200;79;42;91.45;1;1
BLOCS_P;2014;540002698;540023264;N2310;31;12;34.95;1;1
BLOCS_P;2014;540002698;540023264;N2320;15;9;18.82;1;1
BLOCS_P;2014;540002698;540023264;N2510;26;6;21.96;1;1
BLOCS_P;2014;540002698;540023264;N4130;5;1;4.33;1;1
BLOCS_P;2014;540002698;540023264;N4160;4;0;1.42;0;1
BLOCS_P;2014;540002698;540023264;NAUT;92;32;86.11;1;1
BLOCS_P;2014;540013224;540000536;M100H;4;;4;1;0
BLOCS_P;2014;540013224;540000536;M1030;6;;6;1;0
BLOCS_P;2014;540013224;540000536;M200H;0;18;9;0;0
BLOCS_P;2014;540013224;540000536;N2200;13;1;13.5;0;1
BLOCS_P;2014;540013224;540000536;NAUT;9;;9;0;0
BLOCS_P;2014;550000012;550006795;M1030;6;10;4.56;1;1
BLOCS_P;2014;550000012;550006795;M200H;13;4;13.63;0;1
BLOCS_P;2014;550000012;550006795;N2200;11;2;11.89;0;1
BLOCS_P;2014;550000012;550006795;N2310;13;1;12.03;1;0
BLOCS_P;2014;550000012;550006795;N2320;4;2;4.83;0;1
BLOCS_P;2014;550000012;550006795;N2510;3;;3.04;0;0
BLOCS_P;2014;550000012;550006795;NAUT;6;;6;0;0
BLOCS_P;2014;550000178;550000293;M100H;0;2;1;0;1
BLOCS_P;2014;550000178;550000293;M1030;2;2;3;0;1
BLOCS_P;2014;550000178;550000293;M200H;6;6;8;0;1
BLOCS_P;2014;550000178;550000293;N2200;19;2;19.27;0;0
BLOCS_P;2014;550000178;550000293;N2310;2;;2;0;1
BLOCS_P;2014;550000178;550000293;N2320;1;;1;0;1
BLOCS_P;2014;550000178;550000293;N2510;3;;2.67;0;1
BLOCS_P;2014;550000178;550000293;N4160;1;;1;0;0
BLOCS_P;2014;550000178;550000293;NAUT;3;5;7.69;0;0
BLOCS_P;2014;550000434;550003354;M100H;;5;0.45;0;1
BLOCS_P;2014;550000434;550003354;M1030;1;3;0.91;1;0
BLOCS_P;2014;550000434;550003354;M200H;;1;0.15;0;1
BLOCS_P;2014;550000434;550003354;N2310;4;;4;0;1
BLOCS_P;2014;550000434;550003354;N2510;;12;4.49;0;0
BLOCS_P;2014;550000434;550003354;NAUT;;15;5.81;1;0
BLOCS_P;2014;560000127;560023210;M100H;8;5;1.3;0;
BLOCS_P;2014;560000127;560023210;M1030;17;;17;1;
BLOCS_P;2014;560000127;560023210;M200H;22;6;10.03;0;
BLOCS_P;2014;560000127;560023210;N2200;13;7;18.41;1;1
BLOCS_P;2014;560000127;560023210;N2310;26;10;32.79;1;0
BLOCS_P;2014;560000127;560023210;N2320;15;11;23.75;0;1
BLOCS_P;2014;560000127;560023210;N2510;27;4;26.51;0;0
BLOCS_P;2014;560000127;560023210;N4130;9;1;2.95;0;0
BLOCS_P;2014;560000127;560023210;N4160;2;0;0.14;0;0
BLOCS_P;2014;560000127;560023210;NAUT;8;0;8.61;0;0
BLOCS_P;2014;560000135;560005746;M100H;20;9;7.57;0;1
BLOCS_P;2014;560000135;560005746;M1030;14;2;15.84;1;0
BLOCS_P;2014;560000135;560005746;M200H;19;5;20.35;0;1
BLOCS_P;2014;560000135;560005746;N2200;12;3;13.34;;
BLOCS_P;2014;560000135;560005746;N2310;31;5;33.22;;
BLOCS_P;2014;560000135;560005746;N2320;35;7;42.75;;
BLOCS_P;2014;560000135;560005746;N2510;31;4;31.38;;
BLOCS_P;2014;560000135;560005746;N4130;13;2;6.5;;
BLOCS_P;2014;560000135;560005746;N4160;1;;1;;
BLOCS_P;2014;560000135;560005746;NAUT;1;;1;;
BLOCS_P;2014;560000143;560014748;N2200;1;;;0;0
BLOCS_P;2014;560000143;560014748;N2310;12;;;1;0
BLOCS_P;2014;560000143;560014748;N2320;15;;;0;1
BLOCS_P;2014;560000143;560014748;N2510;5;;;0;0
BLOCS_P;2014;560000143;560014748;N4160;1;;;0;0
BLOCS_P;2014;560000184;560006017;M100H;;1;0.25;0;0
BLOCS_P;2014;560000184;560006017;N2200;;1;0.14;0;0
BLOCS_P;2014;560000184;560006017;N2510;;1;0.14;0;0
BLOCS_P;2014;560000192;560000044;M100H;2;2;1.1;;1
BLOCS_P;2014;560000192;560000044;M1030;4;1;3.9;1;0
BLOCS_P;2014;560000192;560000044;M200H;6;9;8.8;0;1
BLOCS_P;2014;560000192;560000044;N2200;4;;5.2;0;0
BLOCS_P;2014;560000192;560000044;N2310;14;;13.74;1;0
BLOCS_P;2014;560000192;560000044;N2320;11;4;14.82;1;1
BLOCS_P;2014;560000192;560000044;N2510;9;;8.48;0;0
BLOCS_P;2014;560000192;560000044;N4160;;1;0.8;;
BLOCS_P;2014;560000192;560000044;NAUT;2;2;2.33;0;0
BLOCS_P;2014;560002511;560000689;M100H;;11;6;0;1
BLOCS_P;2014;560002511;560000689;M1030;4;;4;;1
BLOCS_P;2014;560002511;560000689;M200H;24;;24;0;
BLOCS_P;2014;560002511;560000689;N2200;;;;;1
BLOCS_P;2014;560002511;560000689;N2310;4;;4;;
BLOCS_P;2014;560002511;560000689;N2320;2;;2;;1
BLOCS_P;2014;560002511;560000689;N4160;1;1;1.9;;
BLOCS_P;2014;560002933;560006074;M100H;;;;0;1
BLOCS_P;2014;560002933;560006074;M1030;6;6;11.41;0;1
BLOCS_P;2014;560002933;560006074;M200H;18;3;20.5;0;1
BLOCS_P;2014;560002933;560006074;N2200;23;14;33.19;0;1
BLOCS_P;2014;560002933;560006074;N2310;9;4;10.99;0;1
BLOCS_P;2014;560002933;560006074;N2320;2;3;4.55;0;1
BLOCS_P;2014;560002933;560006074;N2510;9;8;15.94;0;1
BLOCS_P;2014;560002933;560006074;N4130;;;;0;1
BLOCS_P;2014;560002933;560006074;N4160;2;;2;0;1
BLOCS_P;2014;560002933;560006074;NAUT;;;;0;1
BLOCS_P;2014;560007510;560001307;M100H;2;1;2.1;0;0
BLOCS_P;2014;560007510;560001307;M1030;4;;4;0;0
BLOCS_P;2014;560007510;560001307;M200H;10;3;10.6;0;0
BLOCS_P;2014;560007510;560001307;N2200;12;1;13.97;0;1
BLOCS_P;2014;560007510;560001307;N2320;0;0;0.15;0;0
BLOCS_P;2014;560007510;560001307;N2510;3;1;2.38;0;0
BLOCS_P;2014;560007510;560001307;N4160;1;0;1;0;0
BLOCS_P;2014;560007510;560001307;NAUT;2;0;2;0;0
BLOCS_P;2014;560008799;560013989;N2200;38;17;52.37;;
BLOCS_P;2014;560008799;560013989;N2310;2;1;2.5;;
BLOCS_P;2014;560008799;560013989;N2320;2;1;2.65;;
BLOCS_P;2014;560008799;560013989;N2510;6;1;6.13;;
BLOCS_P;2014;560008799;560013989;N4160;2;;2;;
BLOCS_P;2014;570000059;570025254;M1030;5;;4.48;1;0
BLOCS_P;2014;570000059;570025254;M200H;7;1;5.6;0;0
BLOCS_P;2014;570000059;570025254;N2200;9;4;11.55;0;0
BLOCS_P;2014;570000059;570025254;N2310;5;4;8.23;0;0
BLOCS_P;2014;570000059;570025254;N2320;6;5;10.59;0;0
BLOCS_P;2014;570000059;570025254;N2510;;2;0.19;0;0
BLOCS_P;2014;570000059;570025254;NAUT;8;3;8.84;0;0
BLOCS_P;2014;570000083;570000729;M100H;2;4;4;0;0
BLOCS_P;2014;570000083;570000729;M1030;;8;4;0;1
BLOCS_P;2014;570000083;570000729;M200H;7;2;8;0;1
BLOCS_P;2014;570000083;570000729;N2200;3;1;3.8;0;1
BLOCS_P;2014;570000083;570000729;N2310;;4;1;0;1
BLOCS_P;2014;570000083;570000729;N2320;11;5;14.7;0;1
BLOCS_P;2014;570000083;570000729;N2510;1;1;1.5;0;1
BLOCS_P;2014;570000083;570000729;N4160;1;;1;0;1
BLOCS_P;2014;570000117;570015099;M100H;3;3;2.05;0;1
BLOCS_P;2014;570000117;570015099;M1030;;4;3.43;1;0
BLOCS_P;2014;570000117;570015099;M200H;7;;6.67;0;1
BLOCS_P;2014;570000117;570015099;N2200;7;5;11.85;1;1
BLOCS_P;2014;570000117;570015099;N2310;7;;6.98;0;1
BLOCS_P;2014;570000117;570015099;N2320;6;;6;1;1
BLOCS_P;2014;570000117;570015099;N4160;2;;1.5;0;0
BLOCS_P;2014;570000117;570015099;NAUT;3;1;3.5;0;0
BLOCS_P;2014;570000125;570015099;N2200;;;0.22;0;0
BLOCS_P;2014;570000125;570015099;N4130;;;0.46;0;0
BLOCS_P;2014;570000216;570010173;M100H;;6;1.02;0;0
BLOCS_P;2014;570000216;570010173;M1030;2;;2;1;0
BLOCS_P;2014;570000216;570010173;M200H;9;2;9.02;1;0
BLOCS_P;2014;570000216;570010173;N2200;8;1;8.1;0;1
BLOCS_P;2014;570000216;570010173;N2310;9;;8.46;0;1
BLOCS_P;2014;570000216;570010173;N2320;5;1;6.85;0;1
BLOCS_P;2014;570000216;570010173;N4160;1;;1;0;0
BLOCS_P;2014;570000216;570010173;NAUT;4;;4;0;0
BLOCS_P;2014;570000349;570005165;M1030;13;1;13.5;1;1
BLOCS_P;2014;570000349;570005165;M200H;18;3;19.2;0;1
BLOCS_P;2014;570000349;570005165;N2200;11;4;15.23;0;1
BLOCS_P;2014;570000349;570005165;N2310;28;2;27.99;1;1
BLOCS_P;2014;570000349;570005165;N2320;16;7;21.51;1;1
BLOCS_P;2014;570000349;570005165;N2510;7;3;9.73;0;0
BLOCS_P;2014;570000349;570005165;NAUT;5;3;8.13;0;0
BLOCS_P;2014;570000356;570000919;M1030;3;;3;0;1
BLOCS_P;2014;570000356;570000919;M200H;17;;17;0;1
BLOCS_P;2014;570000356;570000919;N2200;20;6;24.2;0;1
BLOCS_P;2014;570000356;570000919;N2310;2;1;2.3;0;
BLOCS_P;2014;570000356;570000919;N2320;1;;1;0;1
BLOCS_P;2014;570000356;570000919;N2510;7;1;7.15;0;
BLOCS_P;2014;570000356;570000919;NAUT;2;2;3.6;0;
BLOCS_P;2014;570000364;570011569;M200H;10;;10;0;0
BLOCS_P;2014;570000596;750821092;M1030;8;1;8.09;1;0
BLOCS_P;2014;570000596;750821092;M200H;10;4;10.56;1;1
BLOCS_P;2014;570000596;750821092;N2200;7;;3.6;0;0
BLOCS_P;2014;570000596;750821092;N2310;11;2;10.83;0;1
BLOCS_P;2014;570000596;750821092;N2320;5;;4.75;0;1
BLOCS_P;2014;570000596;750821092;N2510;2;;1.89;0;0
BLOCS_P;2014;570000596;750821092;N4160;1;;1.3;0;0
BLOCS_P;2014;570000596;750821092;NAUT;6;;3.92;0;0
BLOCS_P;2014;570000646;570001115;M100H;13;15;19.5;1;1
BLOCS_P;2014;570000646;570001115;M1030;12;0;12;1;1
BLOCS_P;2014;570000646;570001115;M200H;20;5;21;1;1
BLOCS_P;2014;570000646;570001115;N2200;43;18;52.88;0;1
BLOCS_P;2014;570000646;570001115;N2320;5;1;5.8;0;1
BLOCS_P;2014;570000646;570001115;N2510;2;1;2.78;0;0
BLOCS_P;2014;570000646;570001115;N4130;;;;0;1
BLOCS_P;2014;570000646;570001115;N4160;3;;3;0;0
BLOCS_P;2014;570000646;570001115;NAUT;1;;1;0;0
BLOCS_P;2014;570000687;570025254;N2200;1;;0.22;;
BLOCS_P;2014;570000901;570000158;M100H;7;;1;;1
BLOCS_P;2014;570000901;570000158;M1030;12;;7;1;
BLOCS_P;2014;570000901;570000158;M200H;12;6;11;;1
BLOCS_P;2014;570000901;570000158;N2200;9;14;19.62;1;1
BLOCS_P;2014;570000901;570000158;N2310;9;4;13.17;1;0
BLOCS_P;2014;570000901;570000158;N2320;12;6;17.26;1;0
BLOCS_P;2014;570000901;570000158;N2510;6;4;8.63;0;0
BLOCS_P;2014;570000901;570000158;NAUT;14;6;18.85;0;0
BLOCS_P;2014;570000950;570000398;M100H;;1;0.2;0;0
BLOCS_P;2014;570000950;570000398;N2200;;1;0.5;0;0
BLOCS_P;2014;570001057;570023630;M100H;;;;0;1
BLOCS_P;2014;570001057;570023630;M1030;4;;4;0;1
BLOCS_P;2014;570001057;570023630;M200H;;11;5.94;0;1
BLOCS_P;2014;570001057;570023630;N2200;16;4;17.58;0;0
BLOCS_P;2014;570001057;570023630;N2310;10;2;10.51;1;1
BLOCS_P;2014;570001057;570023630;N2320;4;3;6.2;0;1
BLOCS_P;2014;570001057;570023630;N2510;1;;1;0;0
BLOCS_P;2014;570001057;570023630;N4160;1;;1;0;1
BLOCS_P;2014;570026252;570023630;M1030;15;2;16.5;0;1
BLOCS_P;2014;570026252;570023630;M200H;21;5;18.95;0;1
BLOCS_P;2014;570026252;570023630;N2200;31;9;34.88;0;1
BLOCS_P;2014;570026252;570023630;N2310;20;3;22.4;0;1
BLOCS_P;2014;570026252;570023630;N2320;10;4;13.2;0;1
BLOCS_P;2014;570026252;570023630;N2510;2;;2;0;0
BLOCS_P;2014;570026252;570023630;NAUT;4;1;3.14;0;1
BLOCS_P;2014;570026682;570005165;M100H;8;4;10.1;0;1
BLOCS_P;2014;570026682;570005165;M1030;24;3;25.1;1;1
BLOCS_P;2014;570026682;570005165;M200H;24;10;27.3;0;1
BLOCS_P;2014;570026682;570005165;N2200;28;9;35.88;0;1
BLOCS_P;2014;570026682;570005165;N2310;41;13;49.78;1;1
BLOCS_P;2014;570026682;570005165;N2320;20;19;33.9;1;1
BLOCS_P;2014;570026682;570005165;N2510;17;4;18.73;0;0
BLOCS_P;2014;570026682;570005165;NAUT;7;6;12.83;0;0
BLOCS_P;2014;580780138;580000024;M100H;8;;8;0;1
BLOCS_P;2014;580780138;580000024;M1030;4;;4;0;1
BLOCS_P;2014;580780138;580000024;M200H;22;;22;0;1
BLOCS_P;2014;580780138;580000024;N2200;25;2;26.88;0;1
BLOCS_P;2014;580780138;580000024;N2310;1;2;2.25;0;1
BLOCS_P;2014;580780138;580000024;N2320;1;0;1;0;1
BLOCS_P;2014;580780138;580000024;N2510;2;;2;0;0
BLOCS_P;2014;580780138;580000024;N4160;1;0;1;0;0
BLOCS_P;2014;580780138;580000024;NAUT;18;;18;0;0
BLOCS_P;2014;580780195;580005148;M100H;;1;0.1;0;0
BLOCS_P;2014;580780195;580005148;M1030;2;0;2;0;1
BLOCS_P;2014;580780195;580005148;M200H;4;11;6;0;1
BLOCS_P;2014;580780195;580005148;N2200;4;1;4.86;0;1
BLOCS_P;2014;580780195;580005148;N2310;1;;1;0;0
BLOCS_P;2014;580780195;580005148;N2320;1;1;1.57;0;1
BLOCS_P;2014;580780195;580005148;N2510;2;;2;0;0
BLOCS_P;2014;580780195;580005148;N4160;1;;1;0;0
BLOCS_P;2014;580972685;580780096;M100H;3;1;0.5;0;1
BLOCS_P;2014;580972685;580780096;M1030;;3;2.33;0;1
BLOCS_P;2014;580972685;580780096;M200H;3;5;1.28;0;1
BLOCS_P;2014;580972685;580780096;N2200;3;2;4.6;0;1
BLOCS_P;2014;580972685;580780096;N2310;5;;3.54;0;1
BLOCS_P;2014;580972685;580780096;N2320;4;1;4.5;0;1
BLOCS_P;2014;580972685;580780096;N2510;1;;0.25;;0
BLOCS_P;2014;580972685;580780096;NAUT;4;;3;0;0
BLOCS_P;2014;580972693;580780039;M100H;9;4;2.2;;
BLOCS_P;2014;580972693;580780039;M1030;5;;7.15;1;
BLOCS_P;2014;580972693;580780039;M200H;15;2;5.2;;1
BLOCS_P;2014;580972693;580780039;N2200;28;5;25.2;0;0
BLOCS_P;2014;580972693;580780039;N2310;15;1;15.07;1;1
BLOCS_P;2014;580972693;580780039;N2320;5;;4.53;0;1
BLOCS_P;2014;580972693;580780039;N2510;2;;2;0;0
BLOCS_P;2014;580972693;580780039;N4130;;;;1;1
BLOCS_P;2014;580972693;580780039;NAUT;14;1;13.2;;
BLOCS_P;2014;590000014;590780052;M100H;;4;0.5;0;0
BLOCS_P;2014;590000014;590780052;N2200;6;;0.5;0;0
BLOCS_P;2014;590000121;590780227;M100H;4;1;0.5;;
BLOCS_P;2014;590000121;590780227;M200H;10;9;13.77;0;1
BLOCS_P;2014;590000121;590780227;N2200;1;;1.95;;
BLOCS_P;2014;590000121;590780227;N2310;10;3;12.66;;
BLOCS_P;2014;590000121;590780227;N2320;11;4;14.59;;
BLOCS_P;2014;590000121;590780227;N2510;10;;10.23;;
BLOCS_P;2014;590000121;590780227;N4160;1;;1;;
BLOCS_P;2014;590000121;590780227;NAUT;2;;1.1;;
BLOCS_P;2014;590000188;590780334;M1030;8;0;7.92;;
BLOCS_P;2014;590000188;590780334;M200H;9;0;7.5;;
BLOCS_P;2014;590000188;590780334;N2200;4;2;6.53;;
BLOCS_P;2014;590000188;590780334;N2310;10;1;11.42;;
BLOCS_P;2014;590000188;590780334;N2320;8;2;9.3;;
BLOCS_P;2014;590000188;590780334;N2510;6;0;5.18;;
BLOCS_P;2014;590000188;590780334;N4160;1;0;1;;
BLOCS_P;2014;590000188;590780334;NAUT;4;0;4;;
BLOCS_P;2014;590000337;590781415;M1030;6;1;6.94;0;1
BLOCS_P;2014;590000337;590781415;M200H;21;5;21.9;0;1
BLOCS_P;2014;590000337;590781415;N2200;22;6;26.18;;
BLOCS_P;2014;590000337;590781415;N2310;12;5;16.18;;1
BLOCS_P;2014;590000337;590781415;N2320;14;10;20.52;;1
BLOCS_P;2014;590000337;590781415;N2510;3;1;2.66;;
BLOCS_P;2014;590000337;590781415;NAUT;12;2;11.68;;
BLOCS_P;2014;590000428;590781605;M1030;4;3;5.42;1;0
BLOCS_P;2014;590000428;590781605;M200H;7;11;9.82;0;1
BLOCS_P;2014;590000428;590781605;N2200;3;;2.51;;1
BLOCS_P;2014;590000428;590781605;N2310;6;;5.61;1;
BLOCS_P;2014;590000428;590781605;N2320;7;1;7.07;;1
BLOCS_P;2014;590000428;590781605;N2510;5;1;6.05;;
BLOCS_P;2014;590000428;590781605;NAUT;4;;2.58;;
BLOCS_P;2014;590000436;590781621;M1030;4;;1.4;;
BLOCS_P;2014;590000436;590781621;N2310;1;0;2.87;1;
BLOCS_P;2014;590000469;590781662;M100H;5;8;7.4;0;1
BLOCS_P;2014;590000469;590781662;M1030;3;1;3.5;0;1
BLOCS_P;2014;590000469;590781662;M200H;4;3;5.5;0;1
BLOCS_P;2014;590000469;590781662;N2200;1;0;0.25;;
BLOCS_P;2014;590000469;590781662;N2310;3;0;3;;
BLOCS_P;2014;590000469;590781662;N2510;1;0;1;;
BLOCS_P;2014;590000469;590781662;NAUT;1;0;1.06;;
BLOCS_P;2014;590000535;590781803;M100H;5;;0.43;0;1
BLOCS_P;2014;590000535;590781803;M1030;5;6;6.05;1;0
BLOCS_P;2014;590000535;590781803;M200H;6;1;2.73;0;1
BLOCS_P;2014;590000535;590781803;N2200;10;1;9.95;0;0
BLOCS_P;2014;590000535;590781803;N2310;8;3;10.17;0;1
BLOCS_P;2014;590000535;590781803;N2320;5;3;7.49;0;1
BLOCS_P;2014;590000535;590781803;N2510;8;1;7.35;0;0
BLOCS_P;2014;590000535;590781803;N4160;1;;1;0;0
BLOCS_P;2014;590000535;590781803;NAUT;18;7;20.6;0;0
BLOCS_P;2014;590000592;590782165;M1030;5;3;6.16;1;0
BLOCS_P;2014;590000592;590782165;M200H;3;5;7;0;1
BLOCS_P;2014;590000592;590782165;N2200;10;3;11.8;0;0
BLOCS_P;2014;590000592;590782165;N2310;9;0;9;0;1
BLOCS_P;2014;590000592;590782165;N2320;6;1;6.8;0;1
BLOCS_P;2014;590000592;590782165;N2510;2;0;2;0;0
BLOCS_P;2014;590000592;590782165;NAUT;3;0;3;0;0
BLOCS_P;2014;590000618;590782215;M100H;;26;8.52;0;0
BLOCS_P;2014;590000618;590782215;M1030;22;10;22.05;1;0
BLOCS_P;2014;590000618;590782215;M200H;35;11;35.19;0;1
BLOCS_P;2014;590000618;590782215;N2200;29;6;30.13;1;1
BLOCS_P;2014;590000618;590782215;N2310;27;10;32.36;1;0
BLOCS_P;2014;590000618;590782215;N2320;10;10;16.97;1;1
BLOCS_P;2014;590000618;590782215;N2510;25;14;34.09;1;1
BLOCS_P;2014;590000618;590782215;N4130;;;;0;1
BLOCS_P;2014;590000618;590782215;N4160;1;;0.21;0;0
BLOCS_P;2014;590000618;590782215;NAUT;36;12;48.94;0;0
BLOCS_P;2014;590000758;590782637;M100H;2;1;2.8;0;0
BLOCS_P;2014;590000758;590782637;M1030;3;5;5.28;1;0
BLOCS_P;2014;590000758;590782637;M200H;11;3;11.03;0;1
BLOCS_P;2014;590000758;590782637;N2200;8;1;8.8;0;0
BLOCS_P;2014;590000758;590782637;N2310;7;2;8.3;0;1
BLOCS_P;2014;590000758;590782637;N2320;10;1;10.8;0;1
BLOCS_P;2014;590000758;590782637;N2510;3;2;4.6;0;0
BLOCS_P;2014;590000758;590782637;N4160;1;;1;0;0
BLOCS_P;2014;590000758;590782637;NAUT;2;;2;0;0
BLOCS_P;2014;590000774;590782652;M100H;2;;1.39;0;0
BLOCS_P;2014;590000774;590782652;M1030;2;;3.05;1;0
BLOCS_P;2014;590000774;590782652;M200H;2;;1.75;0;1
BLOCS_P;2014;590000774;590782652;N2200;6;;6.14;0;1
BLOCS_P;2014;590000774;590782652;N2310;6;;5.84;0;1
BLOCS_P;2014;590000774;590782652;N2320;9;;8.64;0;1
BLOCS_P;2014;590000774;590782652;N2510;4;;3.88;0;0
BLOCS_P;2014;590000774;590782652;NAUT;1;;0.58;0;0
BLOCS_P;2014;590001004;590783239;M100H;4;4;7.7;0;1
BLOCS_P;2014;590001004;590783239;M1030;4;9;7.98;1;0
BLOCS_P;2014;590001004;590783239;M200H;19;4;20.25;;1
BLOCS_P;2014;590001004;590783239;N2200;9;;7.2;;
BLOCS_P;2014;590001004;590783239;N2310;10;6;13.88;;
BLOCS_P;2014;590001004;590783239;N2320;9;8;15.14;;
BLOCS_P;2014;590001004;590783239;N2510;11;1;11.08;;
BLOCS_P;2014;590001004;590783239;NAUT;6;1;5.03;;
BLOCS_P;2014;590006607;590780193;M100H;11;;6.79;;
BLOCS_P;2014;590006607;590780193;M1030;6;3;10.27;;
BLOCS_P;2014;590006607;590780193;M200H;7;;4.24;;
BLOCS_P;2014;590006607;590780193;N2200;7;5;11.7;;
BLOCS_P;2014;590006607;590780193;N2310;11;7;15.95;;
BLOCS_P;2014;590006607;590780193;N2320;5;6;9.68;;
BLOCS_P;2014;590006607;590780193;N2510;18;10;23.86;;
BLOCS_P;2014;590006607;590780193;NAUT;44;12;57.97;;
BLOCS_P;2014;590006896;590000519;M1030;3;;3;;
BLOCS_P;2014;590006896;590000519;M200H;10;;10;;
BLOCS_P;2014;590006896;590000519;N2200;9;1;9.5;;
BLOCS_P;2014;590006896;590000519;N2310;1;1;1.25;;
BLOCS_P;2014;590006896;590000519;N2510;7;5;10.29;;
BLOCS_P;2014;590006896;590000519;NAUT;2;1;2.66;;
BLOCS_P;2014;590008041;590008033;M100H;;24;12;1;
BLOCS_P;2014;590008041;590008033;M1030;9;;8;;1
BLOCS_P;2014;590008041;590008033;M200H;35;28;49;;1
BLOCS_P;2014;590008041;590008033;N2200;40;7;46.56;;1
BLOCS_P;2014;590008041;590008033;N2510;11;1;11.51;;
BLOCS_P;2014;590008041;590008033;N4160;1;;1;;
BLOCS_P;2014;590008041;590008033;NAUT;5;1;5.37;;
BLOCS_P;2014;590046538;590781415;M1030;;10;1.29;1;0
BLOCS_P;2014;590046538;590781415;N2200;6;1;6.6;;
BLOCS_P;2014;590046538;590781415;N2310;3;1;3.8;;
BLOCS_P;2014;590046538;590781415;N2320;3;;3;;
BLOCS_P;2014;590046538;590781415;N2510;1;1;1.5;;
BLOCS_P;2014;590052056;590051801;M1030;;15;3.17;0;0
BLOCS_P;2014;590052056;590051801;M200H;;19;9.5;0;0
BLOCS_P;2014;590052056;590051801;N2200;18;7;21.48;0;0
BLOCS_P;2014;590052056;590051801;N2310;1;9;3.32;0;0
BLOCS_P;2014;590052056;590051801;N2510;1;;1;0;0
BLOCS_P;2014;590052056;590051801;N4160;1;;1;0;0
BLOCS_P;2014;590052056;590051801;NAUT;10;3;11.07;0;0
BLOCS_P;2014;590780060;590000022;M1030;;5;2.5;;1
BLOCS_P;2014;590780060;590000022;M200H;10;12;16;;1
BLOCS_P;2014;590780060;590000022;N2200;6;1;6.9;;
BLOCS_P;2014;590780060;590000022;N2510;1;2;2.1;;
BLOCS_P;2014;590780060;590000022;N4160;;1;0.1;;
BLOCS_P;2014;590780060;590000022;NAUT;1;;1;;
BLOCS_P;2014;590780250;590053955;M1030;8;3;;0;1
BLOCS_P;2014;590780250;590053955;M200H;;23;;0;1
BLOCS_P;2014;590780250;590053955;N2200;18;12;27.2;0;1
BLOCS_P;2014;590780250;590053955;N4160;1;1;1.9;0;1
BLOCS_P;2014;590780250;590053955;NAUT;8;3;9.59;0;0
BLOCS_P;2014;590780268;590053955;M100H;;35;;1;1
BLOCS_P;2014;590780268;590053955;M1030;19;2;;1;1
BLOCS_P;2014;590780268;590053955;M200H;;44;;0;1
BLOCS_P;2014;590780268;590053955;N2200;43;16;53.16;0;1
BLOCS_P;2014;590780268;590053955;N2310;1;;1;0;1
BLOCS_P;2014;590780268;590053955;N2320;3;;3;0;1
BLOCS_P;2014;590780268;590053955;N2510;1;;1;0;0
BLOCS_P;2014;590780268;590053955;N4160;3;;3;0;1
BLOCS_P;2014;590780268;590053955;NAUT;12;;12;0;0
BLOCS_P;2014;590780284;590051801;M1030;14;;12.87;0;1
BLOCS_P;2014;590780284;590051801;M200H;16;13;20.88;0;1
BLOCS_P;2014;590780284;590051801;N2200;6;;4.81;;
BLOCS_P;2014;590780284;590051801;N2310;8;4;10.95;;
BLOCS_P;2014;590780284;590051801;N2320;9;6;14.13;;
BLOCS_P;2014;590780284;590051801;N2510;1;2;2.87;;
BLOCS_P;2014;590780284;590051801;NAUT;12;8;15.43;;
BLOCS_P;2014;590780342;590053955;M100H;;3;;0;1
BLOCS_P;2014;590780342;590053955;M1030;;6;;0;1
BLOCS_P;2014;590780342;590053955;M200H;;21;;0;1
BLOCS_P;2014;590780342;590053955;N2200;8;2;9.3;0;1
BLOCS_P;2014;590780342;590053955;N4160;1;;1;;
BLOCS_P;2014;590780342;590053955;NAUT;2;;2;0;0
BLOCS_P;2014;590780383;590000204;N2200;40;19;47.3;;
BLOCS_P;2014;590780383;590000204;N2320;;2;0.89;;
BLOCS_P;2014;590780383;590000204;N2510;1;2;2;;
BLOCS_P;2014;590780383;590000204;N4160;2;;2;;
BLOCS_P;2014;590781571;590000402;M100H;0;5;2;;
BLOCS_P;2014;590781571;590000402;M1030;1;2;2;;
BLOCS_P;2014;590781571;590000402;M200H;1;8;6;;
BLOCS_P;2014;590781571;590000402;N2200;8;2;9;;
BLOCS_P;2014;590781571;590000402;N2510;3;;3;;
BLOCS_P;2014;590781571;590000402;N4160;1;;1;;
BLOCS_P;2014;590781571;590000402;NAUT;2;;2;;
BLOCS_P;2014;590781951;590053955;M1030;7;6;;0;1
BLOCS_P;2014;590781951;590053955;M200H;;21;;0;1
BLOCS_P;2014;590781951;590053955;N2200;19;8;23.91;0;1
BLOCS_P;2014;590781951;590053955;N4160;1;;1;0;1
BLOCS_P;2014;590781951;590053955;NAUT;8;;8;0;0
BLOCS_P;2014;590782298;590000675;M100H;;2;1;0;1
BLOCS_P;2014;590782298;590000675;M1030;5;4;7;0;1
BLOCS_P;2014;590782298;590000675;M200H;25;4;27;0;1
BLOCS_P;2014;590782298;590000675;N2200;35;3;36.04;0;0
BLOCS_P;2014;590782298;590000675;N2310;;4;3;0;0
BLOCS_P;2014;590782298;590000675;N2320;;2;2;0;0
BLOCS_P;2014;590782298;590000675;N2510;10;3;11.76;0;0
BLOCS_P;2014;590782298;590000675;N4160;1;;1;0;0
BLOCS_P;2014;590782298;590000675;NAUT;3;1;3.58;0;0
BLOCS_P;2014;590782546;590000733;M100H;;8;3.7;;1
BLOCS_P;2014;590782546;590000733;M1030;3;;3;;1
BLOCS_P;2014;590782546;590000733;M200H;;1;0.5;;1
BLOCS_P;2014;590782546;590000733;N2200;5;4;6.9;;0
BLOCS_P;2014;590782546;590000733;N2320;1;;1;;0
BLOCS_P;2014;590782546;590000733;N2510;1;;1;;0
BLOCS_P;2014;590782546;590000733;N4130;1;;1;;0
BLOCS_P;2014;590782546;590000733;N4160;;1;0.03;;0
BLOCS_P;2014;590782553;590000741;M100H;22;;22;;
BLOCS_P;2014;590782553;590000741;M1030;16;;16;;
BLOCS_P;2014;590782553;590000741;M200H;35;;35;;
BLOCS_P;2014;590782553;590000741;N2200;19;0;16.81;;
BLOCS_P;2014;590782553;590000741;N2510;3;;2.3;;
BLOCS_P;2014;590782553;590000741;N4160;2;;2;;
BLOCS_P;2014;590782553;590000741;NAUT;8;;7.65;;
BLOCS_P;2014;590784864;590780193;M1030;4;;3.64;;
BLOCS_P;2014;590784864;590780193;M200H;;;1.18;;
BLOCS_P;2014;590784864;590780193;N2200;4;1;4;;
BLOCS_P;2014;590784864;590780193;N2310;4;1;4.8;;
BLOCS_P;2014;590784864;590780193;N2320;4;0;4.01;;
BLOCS_P;2014;590784864;590780193;N2510;4;0;4.28;;
BLOCS_P;2014;590784864;590780193;NAUT;1;;0.92;;
BLOCS_P;2014;590785374;620001834;M100H;;;;0;1
BLOCS_P;2014;590787586;590780193;M100H;1;1;4.94;;
BLOCS_P;2014;590787586;590780193;M1030;12;1;7.01;;
BLOCS_P;2014;590787586;590780193;M200H;;;4.98;;
BLOCS_P;2014;590787586;590780193;N2200;22;13;32.66;;
BLOCS_P;2014;590787586;590780193;N2310;6;2;8.54;;
BLOCS_P;2014;590787586;590780193;N2320;8;2;9.1;;
BLOCS_P;2014;590787586;590780193;N2510;19;2;18.63;;
BLOCS_P;2014;590787586;590780193;N4130;3;4;6.25;;
BLOCS_P;2014;590787586;590780193;NAUT;12;5;15.14;;
BLOCS_P;2014;590788964;590001756;M100H;0;11;8;0;1
BLOCS_P;2014;590788964;590001756;M1030;2;0;2;0;1
BLOCS_P;2014;590788964;590001756;M200H;6;4;8.25;0;1
BLOCS_P;2014;590788964;590001756;N2200;7;;7;0;1
BLOCS_P;2014;590788964;590001756;N2310;;1;0.5;0;0
BLOCS_P;2014;590788964;590001756;N2510;4;;4;0;1
BLOCS_P;2014;590788964;590001756;NAUT;1;1;1.5;0;0
BLOCS_P;2014;590790655;590002218;M100H;;16;8;0;1
BLOCS_P;2014;590790655;590002218;M1030;2;1;2.5;0;1
BLOCS_P;2014;590790655;590002218;M200H;9;2;10;0;1
BLOCS_P;2014;590790655;590002218;N2200;5;1;5.8;0;1
BLOCS_P;2014;590790655;590002218;N2310;;1;0.69;0;1
BLOCS_P;2014;590790655;590002218;N2320;;1;0.5;0;1
BLOCS_P;2014;590790655;590002218;N2510;2;;2;0;0
BLOCS_P;2014;590790655;590002218;N4160;1;1;1.8;0;1
BLOCS_P;2014;590790655;590002218;NAUT;8;;8;0;0
BLOCS_P;2014;590791562;590782421;M1030;4;2;3.79;1;0
BLOCS_P;2014;590791562;590782421;M200H;;1;0.1;0;0
BLOCS_P;2014;590791562;590782421;N2200;0;3;2.4;;
BLOCS_P;2014;590791562;590782421;N2320;3;1;3.65;;
BLOCS_P;2014;590791562;590782421;N2510;7;3;7.56;;
BLOCS_P;2014;590791562;590782421;NAUT;10;36;26;;
BLOCS_P;2014;590796975;590780193;M100H;;;0.45;;
BLOCS_P;2014;590796975;590780193;M1030;36;5;22.4;;
BLOCS_P;2014;590796975;590780193;M200H;32;2;18.84;;
BLOCS_P;2014;590796975;590780193;N2200;60;18;73.34;;
BLOCS_P;2014;590796975;590780193;N2310;39;18;47.48;;
BLOCS_P;2014;590796975;590780193;N2320;17;8;22.32;;
BLOCS_P;2014;590796975;590780193;N2510;61;3;58.54;;
BLOCS_P;2014;590796975;590780193;NAUT;16;1;15.64;;
BLOCS_P;2014;590797353;590051801;N2200;7;6;9.94;;
BLOCS_P;2014;590797353;590051801;N2310;9;1;9.6;;
BLOCS_P;2014;590797353;590051801;N2320;4;6;8.02;;
BLOCS_P;2014;590797353;590051801;N2510;1;1;1.95;;
BLOCS_P;2014;590797353;590051801;N4160;1;;1.62;;
BLOCS_P;2014;590797353;590051801;NAUT;7;10;12.56;;
BLOCS_P;2014;590801106;590782421;M1030;12;4;11.14;;
BLOCS_P;2014;590801106;590782421;M200H;23;11;25.66;0;1
BLOCS_P;2014;590801106;590782421;N2200;5;2;7.85;;
BLOCS_P;2014;590801106;590782421;N2320;17;5;20.13;;
BLOCS_P;2014;590801106;590782421;N2510;5;1;5.8;;
BLOCS_P;2014;590801106;590782421;NAUT;7;1;7.52;;
BLOCS_P;2014;590804696;590781902;M100H;4;2;0.3;0;1
BLOCS_P;2014;590804696;590781902;M1030;9;2;11.38;1;
BLOCS_P;2014;590804696;590781902;M200H;10;7;12.01;0;1
BLOCS_P;2014;590804696;590781902;N2200;10;3;11.29;0;0
BLOCS_P;2014;590804696;590781902;N2310;16;3;18.56;0;1
BLOCS_P;2014;590804696;590781902;N2320;10;7;15.01;0;1
BLOCS_P;2014;590804696;590781902;N2510;11;0;11.58;0;0
BLOCS_P;2014;590811279;590780193;M100H;;1;0.72;;
BLOCS_P;2014;590811279;590780193;M1030;30;3;15.51;;
BLOCS_P;2014;590811279;590780193;M200H;2;;14.08;;
BLOCS_P;2014;590811279;590780193;N2200;30;19;46.15;;
BLOCS_P;2014;590811279;590780193;N2310;28;15;37.6;;
BLOCS_P;2014;590811279;590780193;N2320;12;3;13.93;;
BLOCS_P;2014;590811279;590780193;N2510;37;14;44.97;;
BLOCS_P;2014;590811279;590780193;NAUT;11;5;14.4;;
BLOCS_P;2014;590813176;590005278;M100H;1;4;1.5;0;1
BLOCS_P;2014;590813176;590005278;M1030;;3;1;0;0
BLOCS_P;2014;590813176;590005278;M200H;2;6;3.78;0;1
BLOCS_P;2014;590813176;590005278;N2200;11;;10.8;0;0
BLOCS_P;2014;590813176;590005278;N2310;9;;5.53;1;0
BLOCS_P;2014;590813176;590005278;N2510;1;;1;0;0
BLOCS_P;2014;590813176;590005278;N4160;1;;1;0;1
BLOCS_P;2014;590813382;590000386;M1030;4;;4;;
BLOCS_P;2014;590813382;590000386;M200H;17;1;17.5;;
BLOCS_P;2014;590813382;590000386;N2200;18;3;14.19;;
BLOCS_P;2014;590813382;590000386;N2510;4;;3.53;;
BLOCS_P;2014;590813382;590000386;N4160;1;;1;;
BLOCS_P;2014;590813382;590000386;NAUT;4;1;4.76;;
BLOCS_P;2014;590813507;590000485;M100H;7;;7;0;1
BLOCS_P;2014;590813507;590000485;M1030;0;5;3;1;0
BLOCS_P;2014;590813507;590000485;M200H;7;7;10.5;0;1
BLOCS_P;2014;590813507;590000485;N2200;8;6;13.32;0;1
BLOCS_P;2014;590813507;590000485;N2310;2;1;2.51;0;1
BLOCS_P;2014;590813507;590000485;N2510;7;4;9.96;0;0
BLOCS_P;2014;590813507;590000485;N4160;1;;1;0;0
BLOCS_P;2014;590813507;590000485;NAUT;6;1;6.5;0;0
BLOCS_P;2014;590815056;590005492;M1030;3;;3;;
BLOCS_P;2014;590815056;590005492;M200H;14;2;15;0;1
BLOCS_P;2014;590815056;590005492;N2200;15;2;16.57;;
BLOCS_P;2014;590815056;590005492;N2510;3;1;3.94;;
BLOCS_P;2014;590815056;590005492;N4160;1;;1;;
BLOCS_P;2014;590815056;590005492;NAUT;1;2;2.51;;
BLOCS_P;2014;590816310;590000048;M1030;;5;5;;1
BLOCS_P;2014;590816310;590000048;M200H;;24;24;;1
BLOCS_P;2014;590816310;590000048;N2200;15;9;0.82;;
BLOCS_P;2014;590816310;590000048;N2320;0;2;0.56;;
BLOCS_P;2014;590816310;590000048;N2510;3;6;0.9;;
BLOCS_P;2014;590817458;590053955;M1030;3;2;;0;1
BLOCS_P;2014;590817458;590053955;M200H;1;28;;0;1
BLOCS_P;2014;590817458;590053955;N2200;13;5;16.7;0;1
BLOCS_P;2014;590817458;590053955;N4160;;1;0.5;0;1
BLOCS_P;2014;590817458;590053955;NAUT;5;;5;0;1
BLOCS_P;2014;590817839;590053955;M1030;;9;;0;1
BLOCS_P;2014;590817839;590053955;M200H;;12;;0;1
BLOCS_P;2014;590817839;590053955;N2200;3;9;11.1;0;1
BLOCS_P;2014;590817839;590053955;N4160;;1;0.5;0;1
BLOCS_P;2014;590817839;590053955;NAUT;2;;2;0;0
BLOCS_P;2014;600000053;600101984;M1030;8;7;4.82;1;0
BLOCS_P;2014;600000053;600101984;M200H;2;2;1.06;0;0
BLOCS_P;2014;600000053;600101984;N2200;7;1;6.92;0;0
BLOCS_P;2014;600000053;600101984;N2310;6;2;8.27;0;0
BLOCS_P;2014;600000053;600101984;N2320;5;1;5.8;0;0
BLOCS_P;2014;600000053;600101984;N2510;7;2;8.47;0;0
BLOCS_P;2014;600000053;600101984;NAUT;3;0;2.43;0;0
BLOCS_P;2014;600000186;600100648;M1030;3;1;3.84;0;1
BLOCS_P;2014;600000186;600100648;M200H;3;10;4;0;1
BLOCS_P;2014;600000186;600100648;N2200;1;2;2.7;0;0
BLOCS_P;2014;600000186;600100648;N2310;6;;6;0;1
BLOCS_P;2014;600000186;600100648;N2320;1;4;4.3;0;1
BLOCS_P;2014;600000186;600100648;N2510;4;;4;0;0
BLOCS_P;2014;600000186;600100648;N4160;1;;1;0;0
BLOCS_P;2014;600000194;600100713;M100H;2;2;3;1;0
BLOCS_P;2014;600000194;600100713;M1030;12;3;13.6;1;1
BLOCS_P;2014;600000194;600100713;M200H;20;6;23.8;0;1
BLOCS_P;2014;600000194;600100713;N2200;28;9;36.5;0;0
BLOCS_P;2014;600000194;600100713;N2310;18;2;19.02;0;0
BLOCS_P;2014;600000194;600100713;N2320;6;1;8.85;0;0
BLOCS_P;2014;600000194;600100713;N2510;2;;3.13;0;0
BLOCS_P;2014;600000194;600100713;NAUT;26;3;28.01;0;0
BLOCS_P;2014;600000285;600100721;N2200;1;2;2.48;0;0
BLOCS_P;2014;600000285;600100721;N2310;2;2;2.12;0;0
BLOCS_P;2014;600000285;600100721;N2320;3;0;2.94;0;0
BLOCS_P;2014;600000285;600100721;N2510;2;0;2.12;0;0
BLOCS_P;2014;600000467;600101984;M1030;7;;4.66;1;0
BLOCS_P;2014;600000467;600101984;M200H;16;3;5.04;1;1
BLOCS_P;2014;600000467;600101984;N2200;14;2;14.82;0;0
BLOCS_P;2014;600000467;600101984;N2310;14;1;19.01;0;0
BLOCS_P;2014;600000467;600101984;N2320;7;0;6.32;0;0
BLOCS_P;2014;600000467;600101984;N2510;22;2;14.05;0;0
BLOCS_P;2014;600000467;600101984;NAUT;23;1;12.57;0;0
BLOCS_P;2014;600008643;600008635;M100H;;4;1;0;1
BLOCS_P;2014;600008643;600008635;M1030;;2;1;0;0
BLOCS_P;2014;600008643;600008635;N2200;;4;3;0;0
BLOCS_P;2014;600008643;600008635;N2510;1;;1;0;0
BLOCS_P;2014;600008643;600008635;NAUT;;3;2.5;0;0
BLOCS_P;2014;600100168;600106629;M100H;;4;1.58;0;1
BLOCS_P;2014;600100168;600106629;M1030;4;1;3.99;0;1
BLOCS_P;2014;600100168;600106629;M200H;2;14;8.72;0;1
BLOCS_P;2014;600100168;600106629;N2200;;;;0;1
BLOCS_P;2014;600100168;600106629;N2310;3;1;3.99;0;1
BLOCS_P;2014;600100168;600106629;N2320;6;0;5.88;0;1
BLOCS_P;2014;600100168;600106629;N2510;2;;2;0;1
BLOCS_P;2014;600100168;600106629;N4130;;;;0;1
BLOCS_P;2014;600100168;600106629;N4160;1;;1;0;1
BLOCS_P;2014;600100168;600106629;NAUT;4;3;5.5;0;1
BLOCS_P;2014;600100176;600010581;M100H;0;3;0.8;0;0
BLOCS_P;2014;600100176;600010581;M1030;0;1;0.8;0;0
BLOCS_P;2014;600100176;600010581;N2200;0;3;0.8;0;0
BLOCS_P;2014;600100176;600010581;N2510;0;2;0.5;0;0
BLOCS_P;2014;600100176;600010581;NAUT;0;1;0.3;0;0
BLOCS_P;2014;600100754;600000228;M100H;25;18;32;;
BLOCS_P;2014;600100754;600000228;M1030;8;0;8;;
BLOCS_P;2014;600100754;600000228;M200H;13;16;21;1;0
BLOCS_P;2014;600100754;600000228;N2200;16;31;28.96;;
BLOCS_P;2014;600100754;600000228;N2320;1;3;2.13;;
BLOCS_P;2014;600100754;600000228;N2510;12;21;19.45;;
BLOCS_P;2014;600100754;600000228;NAUT;2;39;29.49;;
BLOCS_P;2014;600110175;600001234;M1030;2;2;4;;
BLOCS_P;2014;600110175;600001234;M200H;8;13;21;;
BLOCS_P;2014;600110175;600001234;N2200;19;1;20;;
BLOCS_P;2014;600110175;600001234;N2510;;1;1;;
BLOCS_P;2014;600110175;600001234;N4160;1;;1;;
BLOCS_P;2014;600110175;600001234;NAUT;10;;10;;
BLOCS_P;2014;600113476;600100721;M100H;5;2;0.58;0;1
BLOCS_P;2014;600113476;600100721;M1030;11;4;9.09;1;0
BLOCS_P;2014;600113476;600100721;M200H;19;4;2.25;1;1
BLOCS_P;2014;600113476;600100721;N2200;12;7;15.37;1;0
BLOCS_P;2014;600113476;600100721;N2310;12;3;15.18;1;0
BLOCS_P;2014;600113476;600100721;N2320;7;1;7.38;1;0
BLOCS_P;2014;600113476;600100721;N2510;11;2;11;0;0
BLOCS_P;2014;600113476;600100721;N4130;0;0;0;1;1
BLOCS_P;2014;600113476;600100721;NAUT;7;1;6.37;1;0
BLOCS_P;2014;610000044;610780074;M100H;0;0;0.12;;1
BLOCS_P;2014;610000044;610780074;M1030;2;0;2.7;;1
BLOCS_P;2014;610000044;610780074;M200H;0;0;0;;1
BLOCS_P;2014;610000044;610780074;N2200;10;1;9.6;0;1
BLOCS_P;2014;610000044;610780074;N2310;6;1;6.84;1;0
BLOCS_P;2014;610000044;610780074;N2320;2;0;2;0;1
BLOCS_P;2014;610000044;610780074;N2510;6;0;6.17;0;1
BLOCS_P;2014;610000044;610780074;NAUT;2;0;0.73;0;0
BLOCS_P;2014;610000051;610780082;M100H;6;;6;0;1
BLOCS_P;2014;610000051;610780082;M1030;7;;7;1;0
BLOCS_P;2014;610000051;610780082;M200H;13;1;13.6;1;1
BLOCS_P;2014;610000051;610780082;N2200;12;2;13.23;0;
BLOCS_P;2014;610000051;610780082;N2310;21;1;12.09;0;
BLOCS_P;2014;610000051;610780082;N2320;11;;11.79;0;
BLOCS_P;2014;610000051;610780082;N2510;11;;11.36;0;0
BLOCS_P;2014;610000051;610780082;N4160;2;;2;0;0
BLOCS_P;2014;610000051;610780082;NAUT;3;;1.88;0;0
BLOCS_P;2014;610000069;610780090;M100H;9;1;9.6;0;1
BLOCS_P;2014;610000069;610780090;M1030;5;;5;1;0
BLOCS_P;2014;610000069;610780090;M200H;11;1;11.5;0;1
BLOCS_P;2014;610000069;610780090;N2200;8;7;13;0;0
BLOCS_P;2014;610000069;610780090;N2310;5;;5;0;1
BLOCS_P;2014;610000069;610780090;N2320;3;1;3.9;0;1
BLOCS_P;2014;610000069;610780090;N2510;;1;0.5;0;0
BLOCS_P;2014;610000069;610780090;N4130;;;;0;1
BLOCS_P;2014;610000069;610780090;N4160;1;;1;0;0
BLOCS_P;2014;610000069;610780090;NAUT;3;2;4.6;0;0
BLOCS_P;2014;610000119;610780165;M100H;0;0;0;;1
BLOCS_P;2014;610000119;610780165;M1030;6;3;6.47;1;
BLOCS_P;2014;610000119;610780165;M200H;0;0;0;;1
BLOCS_P;2014;610000119;610780165;N2200;4;1;7.42;1;
BLOCS_P;2014;610000119;610780165;N2310;11;0;10.55;1;
BLOCS_P;2014;610000119;610780165;N2320;9;3;10.65;1;
BLOCS_P;2014;610000119;610780165;N2510;4;1;3.9;;
BLOCS_P;2014;610000119;610780165;NAUT;2;2;3.27;;
BLOCS_P;2014;610006421;610006413;M1030;2;;2;;
BLOCS_P;2014;610006421;610006413;N2200;9;;9;;
BLOCS_P;2014;610006421;610006413;N2310;2;;2;;
BLOCS_P;2014;610006421;610006413;N2510;6;;6;;
BLOCS_P;2014;610006421;610006413;N4160;1;;1;;
BLOCS_P;2014;610780199;610000135;M1030;2;;2;;1
BLOCS_P;2014;610780199;610000135;M200H;8;4;9.4;;1
BLOCS_P;2014;610780199;610000135;N2200;5;2;5.11;;1
BLOCS_P;2014;610780199;610000135;N2310;1;4;1.66;;
BLOCS_P;2014;610780199;610000135;N2510;3;;2.94;;1
BLOCS_P;2014;610780199;610000135;N4160;1;;1;;
BLOCS_P;2014;610780199;610000135;NAUT;8;;6.08;;
BLOCS_P;2014;620000026;620003814;M100H;;;;0;1
BLOCS_P;2014;620000026;620003814;M1030;3;5;4.84;0;1
BLOCS_P;2014;620000026;620003814;M200H;9;3;10;0;1
BLOCS_P;2014;620000026;620003814;N2200;17;2;16.53;0;1
BLOCS_P;2014;620000026;620003814;N2310;6;;6;0;1
BLOCS_P;2014;620000026;620003814;N2320;4;1;4.19;0;1
BLOCS_P;2014;620000026;620003814;N2510;5;;5;0;1
BLOCS_P;2014;620000026;620003814;N4130;;;;0;1
BLOCS_P;2014;620000026;620003814;N4160;1;;1;0;1
BLOCS_P;2014;620000026;620003814;NAUT;4;;4;0;0
BLOCS_P;2014;620000034;620100057;M100H;;16;2.3;;
BLOCS_P;2014;620000034;620100057;M1030;;11;1.7;1;0
BLOCS_P;2014;620000034;620100057;M200H;;16;3.4;0;1
BLOCS_P;2014;620000034;620100057;N2200;8;4;6.28;1;
BLOCS_P;2014;620000034;620100057;N2310;13;4;16.1;1;
BLOCS_P;2014;620000034;620100057;N2320;14;1;16.63;1;
BLOCS_P;2014;620000034;620100057;N2510;1;1;1.5;0;
BLOCS_P;2014;620000034;620100057;N4160;;1;0.91;1;
BLOCS_P;2014;620000034;620100057;NAUT;3;2;3.44;0;
BLOCS_P;2014;620000224;620100651;M100H;15;6;18.3;1;
BLOCS_P;2014;620000224;620100651;M1030;4;6;8.21;1;
BLOCS_P;2014;620000224;620100651;M200H;7;10;10.5;1;
BLOCS_P;2014;620000224;620100651;N2200;8;4;11.11;0;1
BLOCS_P;2014;620000224;620100651;N2310;8;;8;1;1
BLOCS_P;2014;620000224;620100651;N2320;9;3;11.15;1;1
BLOCS_P;2014;620000224;620100651;N2510;6;1;6.9;;0
BLOCS_P;2014;620000224;620100651;N4160;1;;1;0;0
BLOCS_P;2014;620000224;620100651;NAUT;5;3;6;0;0
BLOCS_P;2014;620000257;620100685;M100H;;3;1.3;0;1
BLOCS_P;2014;620000257;620100685;M1030;8;4;9.66;1;0
BLOCS_P;2014;620000257;620100685;M200H;23;24;26.87;1;0
BLOCS_P;2014;620000257;620100685;N2200;17;0;15.88;1;0
BLOCS_P;2014;620000257;620100685;N2310;24;1;21.56;1;0
BLOCS_P;2014;620000257;620100685;N2320;14;4;17.3;1;0
BLOCS_P;2014;620000257;620100685;N2510;19;1;20.63;0;0
BLOCS_P;2014;620000257;620100685;NAUT;7;0;6.44;0;0
BLOCS_P;2014;620000323;620101337;M100H;10;5;12.2;0;1
BLOCS_P;2014;620000323;620101337;M1030;6;1;6.2;1;0
BLOCS_P;2014;620000323;620101337;M200H;9;6;10.4;0;1
BLOCS_P;2014;620000323;620101337;N2200;6;;6;0;0
BLOCS_P;2014;620000323;620101337;N2310;15;;15.5;1;0
BLOCS_P;2014;620000323;620101337;N2320;9;3;11.28;0;1
BLOCS_P;2014;620000323;620101337;N2510;13;3;15.4;0;1
BLOCS_P;2014;620000323;620101337;N4160;1;;1;0;0
BLOCS_P;2014;620000323;620101337;NAUT;1;;1;0;0
BLOCS_P;2014;620000349;620101360;M100H;1;3;0.54;;
BLOCS_P;2014;620000349;620101360;M1030;13;2;6.09;;
BLOCS_P;2014;620000349;620101360;M200H;9;2;2.18;;
BLOCS_P;2014;620000349;620101360;N2200;6;2;7.06;;
BLOCS_P;2014;620000349;620101360;N2310;11;2;13.2;;1
BLOCS_P;2014;620000349;620101360;N2320;8;3;10.2;;1
BLOCS_P;2014;620000349;620101360;N2510;7;1;7.77;;
BLOCS_P;2014;620000349;620101360;NAUT;1;1;1.8;;
BLOCS_P;2014;620000653;620103440;M100H;20;11;5.22;1;1
BLOCS_P;2014;620000653;620103440;M1030;4;5;7.4;1;1
BLOCS_P;2014;620000653;620103440;M200H;20;10;16.55;0;1
BLOCS_P;2014;620000653;620103440;N2200;14;12;21.39;0;0
BLOCS_P;2014;620000653;620103440;N2310;19;6;20.51;1;0
BLOCS_P;2014;620000653;620103440;N2320;11;13;21.49;1;0
BLOCS_P;2014;620000653;620103440;N2510;13;1;13.38;0;0
BLOCS_P;2014;620003202;620103432;M100H;0;5;0.95;0;0
BLOCS_P;2014;620003202;620103432;M1030;4;1;4.94;1;
BLOCS_P;2014;620003202;620103432;M200H;9;1;8.98;1;0
BLOCS_P;2014;620003202;620103432;N2200;7;1;9.3;0;1
BLOCS_P;2014;620003202;620103432;N2310;6;5;9.86;0;1
BLOCS_P;2014;620003202;620103432;N2320;4;5;7.15;0;1
BLOCS_P;2014;620003202;620103432;N2510;3;0;4.06;0;1
BLOCS_P;2014;620003202;620103432;NAUT;1;3;3.16;0;0
BLOCS_P;2014;620003350;620001834;M1030;1;5;3.3;1;0
BLOCS_P;2014;620003350;620001834;N2310;;5;5;1;1
BLOCS_P;2014;620003350;620001834;N2320;;10;10;1;1
BLOCS_P;2014;620003350;620001834;N2510;2;2;3;;
BLOCS_P;2014;620003350;620001834;NAUT;11;1;11.75;;
BLOCS_P;2014;620003376;620001834;M1030;6;9;10.5;0;1
BLOCS_P;2014;620003376;620001834;M200H;13;2;13.26;0;1
BLOCS_P;2014;620003376;620001834;N2200;12;2;13.3;0;0
BLOCS_P;2014;620003376;620001834;N2310;15;8;20.44;0;1
BLOCS_P;2014;620003376;620001834;N2320;24;3;26.1;0;1
BLOCS_P;2014;620003376;620001834;N2510;8;0;8;0;0
BLOCS_P;2014;620003376;620001834;N4130;;;;0;1
BLOCS_P;2014;620003376;620001834;N4160;1;0;1;0;0
BLOCS_P;2014;620003376;620001834;NAUT;10;4;12;0;0
BLOCS_P;2014;620006049;620000331;M100H;;7;1.4;;
BLOCS_P;2014;620006049;620000331;M1030;6;;6;;1
BLOCS_P;2014;620006049;620000331;M200H;9;8;10.6;;1
BLOCS_P;2014;620006049;620000331;N2200;23;2;24.6;1;
BLOCS_P;2014;620006049;620000331;N2320;2;1;2.8;1;
BLOCS_P;2014;620006049;620000331;N2510;2;;2;;0
BLOCS_P;2014;620006049;620000331;NAUT;7;;6.4;;
BLOCS_P;2014;620025346;620001834;M1030;6;;6;0;1
BLOCS_P;2014;620025346;620001834;M200H;5;2;5.93;0;1
BLOCS_P;2014;620025346;620001834;N2200;5;1;1.8;0;1
BLOCS_P;2014;620025346;620001834;N2310;8;;8;0;1
BLOCS_P;2014;620025346;620001834;N2320;14;;14;0;1
BLOCS_P;2014;620025346;620001834;N2510;2;;2;0;0
BLOCS_P;2014;620025346;620001834;N4160;1;;1;0;0
BLOCS_P;2014;620025346;620001834;NAUT;24;10;30.57;0;1
BLOCS_P;2014;620100099;620014779;N2200;33;5;36.4;;
BLOCS_P;2014;620100099;620014779;N2320;3;;3;;
BLOCS_P;2014;620100099;620014779;N2510;8;1;8.7;;
BLOCS_P;2014;620100099;620014779;N4160;1;;1;;
BLOCS_P;2014;620100099;620014779;NAUT;9;2;10.6;;
BLOCS_P;2014;620100487;620000125;M100H;4;3;5.5;0;1
BLOCS_P;2014;620100487;620000125;M1030;3;;3;0;1
BLOCS_P;2014;620100487;620000125;M200H;5;10;10;0;1
BLOCS_P;2014;620100487;620000125;N2200;10;1;10.8;;
BLOCS_P;2014;620100487;620000125;N2310;;5;2.6;;
BLOCS_P;2014;620100487;620000125;N2510;1;;1;;
BLOCS_P;2014;620100487;620000125;NAUT;1;3;2.8;;
BLOCS_P;2014;620100735;620000265;N2200;3;1;3.55;0;1
BLOCS_P;2014;620100735;620000265;N2310;;10;1.5;0;0
BLOCS_P;2014;620100735;620000265;N2320;13;;11.2;0;0
BLOCS_P;2014;620100735;620000265;N2510;1;1;1.87;0;0
BLOCS_P;2014;620100735;620000265;N4160;1;;1;0;0
BLOCS_P;2014;620100750;620000273;M100H;;6;0.8;;1
BLOCS_P;2014;620100750;620000273;M1030;;6;1.5;;1
BLOCS_P;2014;620100750;620000273;M200H;0;11;2.7;;1
BLOCS_P;2014;620100750;620000273;N2200;11;2;10.48;;
BLOCS_P;2014;620100750;620000273;N2310;;11;1.65;;
BLOCS_P;2014;620100750;620000273;N2320;2;;2;;
BLOCS_P;2014;620100750;620000273;N2510;3;1;2.66;;
BLOCS_P;2014;620100750;620000273;N4160;1;;1;;
BLOCS_P;2014;620101311;620027763;M100H;;23;7.3;0;1
BLOCS_P;2014;620101311;620027763;M1030;5;;5;0;1
BLOCS_P;2014;620101311;620027763;M200H;10;16;17.1;0;1
BLOCS_P;2014;620101311;620027763;N2200;25;2;24.71;;
BLOCS_P;2014;620101311;620027763;N2510;3;1;4.03;;
BLOCS_P;2014;620101311;620027763;NAUT;8;1;8.94;;
BLOCS_P;2014;620101501;620000364;M1030;7;;7;0;1
BLOCS_P;2014;620101501;620000364;N2200;21;;26.2;0;1
BLOCS_P;2014;620101501;620000364;N2320;4;;4;0;1
BLOCS_P;2014;620101501;620000364;N2510;4;;4;0;1
BLOCS_P;2014;620101501;620000364;NAUT;6;;6;0;0
BLOCS_P;2014;620105940;620000950;M1030;1;1;1.5;0;1
BLOCS_P;2014;620105940;620000950;M200H;3;8;4.7;0;1
BLOCS_P;2014;620105940;620000950;N2200;8;2;10;0;1
BLOCS_P;2014;620105940;620000950;N2310;1;;1.64;0;1
BLOCS_P;2014;620105940;620000950;N2510;1;;1;0;0
BLOCS_P;2014;620105940;620000950;NAUT;;;0.76;0;0
BLOCS_P;2014;620106088;620000976;N2200;9;;7.33;;
BLOCS_P;2014;620106088;620000976;N2510;3;;1.3;;
BLOCS_P;2014;620106088;620000976;N4160;1;;1;;
BLOCS_P;2014;620116046;620002311;M1030;;2;1;0;0
BLOCS_P;2014;620116046;620002311;M200H;;16;5;0;0
BLOCS_P;2014;620116046;620002311;N2200;6;;6;0;0
BLOCS_P;2014;620116046;620002311;N2510;4;;4;0;0
BLOCS_P;2014;620118513;620002915;M100H;6;7;9;;
BLOCS_P;2014;620118513;620002915;M1030;8;;8;;
BLOCS_P;2014;620118513;620002915;M200H;17;13;22;;
BLOCS_P;2014;620118513;620002915;N2200;31;1;26.96;;
BLOCS_P;2014;620118513;620002915;N2510;2;;2;;
BLOCS_P;2014;620118513;620002915;NAUT;9;1;10.44;;
BLOCS_P;2014;630000404;630780989;M100H;1;0;1;0;
BLOCS_P;2014;630000404;630780989;M1030;25;1;22.3;1;0
BLOCS_P;2014;630000404;630780989;M200H;19;0;9.38;1;0
BLOCS_P;2014;630000404;630780989;N2200;30;11;35.64;;1
BLOCS_P;2014;630000404;630780989;N2320;25;7;33.67;;1
BLOCS_P;2014;630000404;630780989;N2510;23;3;24.45;;1
BLOCS_P;2014;630000404;630780989;N4160;3;1;2.88;;
BLOCS_P;2014;630000404;630780989;NAUT;14;0;13.91;;
BLOCS_P;2014;630000412;630780997;N2200;;1;0.8;;
BLOCS_P;2014;630000412;630780997;N2320;;2;1.72;;
BLOCS_P;2014;630000412;630780997;N2510;;3;1.6;;
BLOCS_P;2014;630000412;630780997;N4160;;1;0.1;;
BLOCS_P;2014;630000412;630780997;NAUT;;1;0.2;;
BLOCS_P;2014;630000420;630781003;M1030;5;;5;1;1
BLOCS_P;2014;630000420;630781003;M200H;1;;1;1;1
BLOCS_P;2014;630000420;630781003;N2200;5;;4;;
BLOCS_P;2014;630000420;630781003;N2320;7;;6.52;;
BLOCS_P;2014;630000420;630781003;N4160;1;;1;;
BLOCS_P;2014;630000420;630781003;NAUT;3;;2.58;;
BLOCS_P;2014;630000438;630781011;M1030;2;0;2;0;0
BLOCS_P;2014;630000438;630781011;M200H;5;0;5;0;1
BLOCS_P;2014;630000438;630781011;N2200;3;2;4.66;0;0
BLOCS_P;2014;630000438;630781011;N2310;4;3;6.44;0;0
BLOCS_P;2014;630000438;630781011;N2320;4;0;4.33;0;0
BLOCS_P;2014;630000438;630781011;N2510;10;1;12.69;0;0
BLOCS_P;2014;630000438;630781011;N4130;1;0;1;0;0
BLOCS_P;2014;630000438;630781011;N4160;1;0;1;0;0
BLOCS_P;2014;630000438;630781011;NAUT;1;0;0.99;0;0
BLOCS_P;2014;630000446;630781029;M200H;3;1;0.5;;1
BLOCS_P;2014;630000446;630781029;N2200;1;;1;;
BLOCS_P;2014;630000446;630781029;N2320;8;;7.86;;
BLOCS_P;2014;630000446;630781029;N2510;1;2;2.48;;
BLOCS_P;2014;630000446;630781029;N4160;1;;1;;
BLOCS_P;2014;630000479;630781110;M1030;7;2;4.44;0;1
BLOCS_P;2014;630000479;630781110;M200H;5;6;7.58;0;1
BLOCS_P;2014;630000479;630781110;N2200;8;;6.77;0;1
BLOCS_P;2014;630000479;630781110;N2310;5;2;7.06;0;1
BLOCS_P;2014;630000479;630781110;N2320;6;1;6.87;0;1
BLOCS_P;2014;630000479;630781110;N2510;2;;2.07;0;1
BLOCS_P;2014;630000479;630781110;N4160;1;;1;0;0
BLOCS_P;2014;630000479;630781110;NAUT;8;;8.23;0;1
BLOCS_P;2014;630780369;630000164;M1030;3;2;3;;
BLOCS_P;2014;630780369;630000164;M200H;4;;3.25;;
BLOCS_P;2014;630780369;630000164;N2200;6;7;10.96;;
BLOCS_P;2014;630780369;630000164;N2310;2;;2;;
BLOCS_P;2014;630780369;630000164;N2510;;1;0.8;;
BLOCS_P;2014;630780369;630000164;N4160;2;;2;;
BLOCS_P;2014;630780369;630000164;NAUT;6;2;6.95;;
BLOCS_P;2014;630781268;630780989;M100H;;1;1;0;0
BLOCS_P;2014;630781268;630780989;M1030;18;;17.2;1;0
BLOCS_P;2014;630781268;630780989;M200H;7;1;4.49;1;0
BLOCS_P;2014;630781268;630780989;N2200;16;6;19.6;;0
BLOCS_P;2014;630781268;630780989;N2310;;;;;1
BLOCS_P;2014;630781268;630780989;N2320;12;6;17.17;;1
BLOCS_P;2014;630781268;630780989;N2510;17;6;19.81;;1
BLOCS_P;2014;630781268;630780989;N4160;1;;1;;0
BLOCS_P;2014;630781268;630780989;NAUT;5;2;7;;0
BLOCS_P;2014;630781839;630000826;M100H;14;15;18.6;;
BLOCS_P;2014;630781839;630000826;M1030;15;;15;;
BLOCS_P;2014;630781839;630000826;M200H;27;2;28.3;;
BLOCS_P;2014;630781839;630000826;N2310;;1;0.34;;
BLOCS_P;2014;630781839;630000826;N2320;42;;39.9;;1
BLOCS_P;2014;630781839;630000826;N2510;4;;3.56;;
BLOCS_P;2014;630781839;630000826;N4160;2;;2;;
BLOCS_P;2014;630781839;630000826;NAUT;3;;3;;
BLOCS_P;2014;630783108;630000867;M1030;2;;2;;
BLOCS_P;2014;630783108;630000867;M200H;;12;10;;
BLOCS_P;2014;630783108;630000867;N2200;7;;7;;
BLOCS_P;2014;630783108;630000867;N2510;1;;1;;
BLOCS_P;2014;630783108;630000867;N4160;1;;1;;
BLOCS_P;2014;630783108;630000867;NAUT;4;;4;;
BLOCS_P;2014;640000162;640780417;M100H;0;0;0;;1
BLOCS_P;2014;640000162;640780417;M1030;17;2;17.38;;1
BLOCS_P;2014;640000162;640780417;M200H;12;0;4.36;;1
BLOCS_P;2014;640000162;640780417;N2200;38;10;44.37;;
BLOCS_P;2014;640000162;640780417;N2310;25;6;28.68;;
BLOCS_P;2014;640000162;640780417;N2320;11;2;13.6;;
BLOCS_P;2014;640000162;640780417;N2510;25;4;28.02;;
BLOCS_P;2014;640000162;640780417;NAUT;16;4;16.08;;
BLOCS_P;2014;640000402;640780813;M100H;;8;1.5;0;
BLOCS_P;2014;640000402;640780813;M1030;;1;0.56;0;
BLOCS_P;2014;640000402;640780813;M200H;;1;0.1;0;
BLOCS_P;2014;640000402;640780813;N2200;2;3;3.5;0;0
BLOCS_P;2014;640000402;640780813;N2320;;1;0.1;0;0
BLOCS_P;2014;640000402;640780813;N2510;1;2;1.8;0;0
BLOCS_P;2014;640000410;640780821;M100H;2;2;1.2;0;1
BLOCS_P;2014;640000410;640780821;M1030;5;1;5.6;1;1
BLOCS_P;2014;640000410;640780821;M200H;8;1;8;0;1
BLOCS_P;2014;640000410;640780821;N2200;7;5;12.25;0;1
BLOCS_P;2014;640000410;640780821;N2310;6;2;7.4;0;1
BLOCS_P;2014;640000410;640780821;N2320;1;1;1.8;0;1
BLOCS_P;2014;640000410;640780821;N2510;1;;1;0;0
BLOCS_P;2014;640000410;640780821;N4160;1;;0.6;0;0
BLOCS_P;2014;640000410;640780821;NAUT;1;;1;0;0
BLOCS_P;2014;640000600;640781290;M100H;11;;1.34;0;1
BLOCS_P;2014;640000600;640781290;M1030;15;1;8.9;1;1
BLOCS_P;2014;640000600;640781290;M200H;17;5;7.39;0;1
BLOCS_P;2014;640000600;640781290;N2200;22;4;25.7;1;1
BLOCS_P;2014;640000600;640781290;N2310;22;4;27.98;1;1
BLOCS_P;2014;640000600;640781290;N2320;22;2;22.76;1;1
BLOCS_P;2014;640000600;640781290;N2510;25;10;35.8;;
BLOCS_P;2014;640000600;640781290;N4160;2;;3.63;0;0
BLOCS_P;2014;640000600;640781290;NAUT;15;;26.73;;
BLOCS_P;2014;640015921;640780821;M100H;1;;1;0;0
BLOCS_P;2014;640015921;640780821;M1030;2;1;2.5;;1
BLOCS_P;2014;640015921;640780821;M200H;1;1;1.2;0;0
BLOCS_P;2014;640015921;640780821;N2200;3;1;3.75;;0
BLOCS_P;2014;640015921;640780821;N2310;2;;2;0;1
BLOCS_P;2014;640015921;640780821;N4160;1;;0.2;0;0
BLOCS_P;2014;640015921;640780821;NAUT;1;1;1.5;0;0
BLOCS_P;2014;640016580;640010658;N2200;4;;3.57;;
BLOCS_P;2014;640016598;640010658;M100H;;8;2.64;;
BLOCS_P;2014;640016598;640010658;N2200;5;0;5.13;;
BLOCS_P;2014;640016598;640010658;N2510;1;1;1.89;;
BLOCS_P;2014;640017646;640017638;M100H;;;;;1
BLOCS_P;2014;640017646;640017638;M1030;;2;1.66;;1
BLOCS_P;2014;640017646;640017638;M200H;;;;;1
BLOCS_P;2014;640017646;640017638;N2200;8;;6.87;;1
BLOCS_P;2014;640017646;640017638;N2310;3;1;2.72;;1
BLOCS_P;2014;640017646;640017638;N2320;1;;0.74;;1
BLOCS_P;2014;640017646;640017638;N2510;4;1;4.64;;1
BLOCS_P;2014;640017646;640017638;NAUT;3;;2.23;;0
BLOCS_P;2014;640780268;640000113;M100H;;2;0.4;0;1
BLOCS_P;2014;640780268;640000113;M1030;5;;5;0;1
BLOCS_P;2014;640780268;640000113;N2200;9;2;11.42;0;1
BLOCS_P;2014;640780268;640000113;NAUT;9;;9.39;0;0
BLOCS_P;2014;640780433;640012209;M100H;19;;9.5;;
BLOCS_P;2014;640780433;640012209;M1030;6;;6;;
BLOCS_P;2014;640780433;640012209;M200H;25;;12.5;;
BLOCS_P;2014;640780433;640012209;N2200;5;;5;;
BLOCS_P;2014;640780433;640012209;N2320;13;1;12;;
BLOCS_P;2014;640780433;640012209;N2510;1;;1;;
BLOCS_P;2014;640780433;640012209;N4160;1;;1;;
BLOCS_P;2014;640780433;640012209;NAUT;8;;8;;
BLOCS_P;2014;640780482;640012209;M100H;6;13;19;;
BLOCS_P;2014;640780482;640012209;M1030;;11;11;;
BLOCS_P;2014;640780482;640012209;M200H;8;2;12;;
BLOCS_P;2014;640780482;640012209;N2200;20;4;21.6;;
BLOCS_P;2014;640780482;640012209;N2510;1;1;2.43;;
BLOCS_P;2014;640780482;640012209;NAUT;7;1;8.79;;
BLOCS_P;2014;640780490;640000212;M100H;;;;0;1
BLOCS_P;2014;640780490;640000212;M1030;6;1;5.5;0;1
BLOCS_P;2014;640780490;640000212;M200H;;;;0;1
BLOCS_P;2014;640780490;640000212;N2200;19;1;17.93;0;1
BLOCS_P;2014;640780490;640000212;N2310;3;;3;0;1
BLOCS_P;2014;640780490;640000212;N2320;1;;1.07;0;1
BLOCS_P;2014;640780490;640000212;N2510;1;;1;0;0
BLOCS_P;2014;640780490;640000212;N4160;1;;1;0;0
BLOCS_P;2014;640780490;640000212;NAUT;9;;6.97;0;0
BLOCS_P;2014;640780557;640000238;M100H;;10;1;1;0
BLOCS_P;2014;640780557;640000238;N2200;1;1;1.13;0;0
BLOCS_P;2014;640780557;640000238;NAUT;1;;0.96;0;0
BLOCS_P;2014;640780672;640000337;M100H;1;;0.06;0;0
BLOCS_P;2014;640780672;640000337;N2200;1;;0.06;0;0
BLOCS_P;2014;640780748;640000360;M100H;;;;0;1
BLOCS_P;2014;640780748;640000360;M1030;4;;4;0;1
BLOCS_P;2014;640780748;640000360;M200H;;;;0;1
BLOCS_P;2014;640780748;640000360;N2200;14;2;14.68;;
BLOCS_P;2014;640780748;640000360;N2320;2;;1.67;;
BLOCS_P;2014;640780748;640000360;NAUT;1;;0.98;;
BLOCS_P;2014;640780789;640012209;M100H;1;4;5;;
BLOCS_P;2014;640780789;640012209;M1030;;3;3;;
BLOCS_P;2014;640780789;640012209;M200H;;9;9;;
BLOCS_P;2014;640780789;640012209;N2200;9;;9.06;;
BLOCS_P;2014;640780789;640012209;N2310;1;;1.05;;
BLOCS_P;2014;640780789;640012209;N2510;3;;3;;
BLOCS_P;2014;640780789;640012209;NAUT;1;;1.02;;
BLOCS_P;2014;640780938;640000451;M100H;25;;25;0;1
BLOCS_P;2014;640780938;640000451;M1030;7;;7;0;1
BLOCS_P;2014;640780938;640000451;M200H;19;;19;0;1
BLOCS_P;2014;640780938;640000451;N2200;;;;0;1
BLOCS_P;2014;640780938;640000451;N2310;2;;2;0;0
BLOCS_P;2014;640780938;640000451;N2320;1;;1;0;1
BLOCS_P;2014;640780938;640000451;N2510;;;;0;1
BLOCS_P;2014;640780938;640000451;N4160;1;;1;0;1
BLOCS_P;2014;640780946;640000469;M100H;;18;3;0;1
BLOCS_P;2014;640780946;640000469;M1030;12;4;10.2;0;1
BLOCS_P;2014;640780946;640000469;M200H;34;7;20.4;0;1
BLOCS_P;2014;640780946;640000469;N2200;20;17;32.2;0;1
BLOCS_P;2014;640780946;640000469;N2510;6;1;7.3;;0
BLOCS_P;2014;640780946;640000469;N4160;1;;1;0;1
BLOCS_P;2014;640780946;640000469;NAUT;14;1;14.3;;0
BLOCS_P;2014;640780987;640000493;M1030;1;;3.06;0;1
BLOCS_P;2014;640780987;640000493;M200H;2;7;4.4;0;1
BLOCS_P;2014;640780987;640000493;N2200;7;;9.23;0;1
BLOCS_P;2014;640780987;640000493;N2310;1;;1;0;0
BLOCS_P;2014;640780987;640000493;N2510;2;;2;0;0
BLOCS_P;2014;640780987;640000493;N4160;1;;1;0;0
BLOCS_P;2014;640780987;640000493;NAUT;1;2;2;0;0
BLOCS_P;2014;640781225;640000568;M100H;;12;12;;1
BLOCS_P;2014;640781225;640000568;M1030;;2;2;;0
BLOCS_P;2014;640781225;640000568;N2200;9;;6;;1
BLOCS_P;2014;640781225;640000568;N4160;1;;1;;1
BLOCS_P;2014;640781225;640000568;NAUT;3;;2.5;;
BLOCS_P;2014;640787156;640001699;M100H;0;6;0.6;0;0
BLOCS_P;2014;640787156;640001699;M1030;1;0;1;0;0
BLOCS_P;2014;640787156;640001699;N2200;0;1;0.7;0;0
BLOCS_P;2014;640787156;640001699;N2510;0;2;0.9;0;0
BLOCS_P;2014;640787156;640001699;N4160;0;1;0.25;0;0
BLOCS_P;2014;650000045;650780158;M1030;4;0;2.13;1;0
BLOCS_P;2014;650000045;650780158;M200H;5;0;2.16;0;1
BLOCS_P;2014;650000045;650780158;N2200;2;0;0.6;0;1
BLOCS_P;2014;650000045;650780158;N2310;6;0;5.5;0;1
BLOCS_P;2014;650000045;650780158;N2320;6;1;6.1;0;1
BLOCS_P;2014;650000045;650780158;N2510;4;1;4.75;0;1
BLOCS_P;2014;650000045;650780158;N4160;0;0;0.85;0;1
BLOCS_P;2014;650000045;650780158;NAUT;3;0;2.3;0;0
BLOCS_P;2014;650000417;650783160;M1030;8;1;8.4;1;
BLOCS_P;2014;650000417;650783160;M200H;14;10;17.65;;1
BLOCS_P;2014;650000417;650783160;N2200;11;12;20.44;0;0
BLOCS_P;2014;650000417;650783160;N2310;10;8;16.6;1;1
BLOCS_P;2014;650000417;650783160;N2320;4;6;8.94;0;0
BLOCS_P;2014;650000417;650783160;N2510;12;4;15.44;0;0
BLOCS_P;2014;650000417;650783160;N4160;1;0;1;0;0
BLOCS_P;2014;650000417;650783160;NAUT;9;2;6.53;0;0
BLOCS_P;2014;650002579;650000243;N2200;12;4;14.47;0;1
BLOCS_P;2014;650002579;650000243;N2320;2;;2;0;1
BLOCS_P;2014;650002579;650000243;N2510;7;2;8.21;0;1
BLOCS_P;2014;650002579;650000243;N4160;1;1;1.5;0;0
BLOCS_P;2014;650002579;650000243;NAUT;3;1;3.85;0;0
BLOCS_P;2014;650780679;650000243;M100H;;;;0;1
BLOCS_P;2014;650780679;650000243;M1030;;;;0;1
BLOCS_P;2014;650780679;650000243;M200H;;15;6.25;0;1
BLOCS_P;2014;650780679;650000243;N2200;4;7;5.24;0;1
BLOCS_P;2014;650780679;650000243;N2310;2;;2;0;0
BLOCS_P;2014;650780679;650000243;N2320;;1;0.57;0;1
BLOCS_P;2014;650780679;650000243;N2510;4;;4;0;1
BLOCS_P;2014;650780679;650000243;N4160;;1;0.5;0;0
BLOCS_P;2014;650780679;650000243;NAUT;2;4;3;0;0
BLOCS_P;2014;650784218;650780174;M1030;1;1;0.7;0;1
BLOCS_P;2014;650784218;650780174;M200H;1;;0.5;0;1
BLOCS_P;2014;650784218;650780174;N2200;10;;9.03;0;0
BLOCS_P;2014;650784218;650780174;N2310;5;;5.04;0;1
BLOCS_P;2014;650784218;650780174;N2320;3;;2.86;0;1
BLOCS_P;2014;650784218;650780174;N2510;1;;1;0;0
BLOCS_P;2014;650784218;650780174;N4130;;;;0;1
BLOCS_P;2014;650784218;650780174;N4160;1;;1.27;0;0
BLOCS_P;2014;650784218;650780174;NAUT;2;1;1.76;0;0
BLOCS_P;2014;660000084;660780180;M1030;30;1;30.8;1;1
BLOCS_P;2014;660000084;660780180;M200H;40;13;45.3;0;0
BLOCS_P;2014;660000084;660780180;N2200;24;8;30.65;1;1
BLOCS_P;2014;660000084;660780180;N2310;35;2;35.33;1;1
BLOCS_P;2014;660000084;660780180;N2320;26;4;29.7;1;1
BLOCS_P;2014;660000084;660780180;N2510;27;3;30.28;;
BLOCS_P;2014;660000084;660780180;N4130;;;;;1
BLOCS_P;2014;660000084;660780180;N4160;;;1.38;0;0
BLOCS_P;2014;660000084;660780180;NAUT;1;1;1.8;;
BLOCS_P;2014;660006305;660006297;M100H;;12;;0;
BLOCS_P;2014;660006305;660006297;M1030;11;;11;0;1
BLOCS_P;2014;660006305;660006297;M200H;;21;;0;1
BLOCS_P;2014;660006305;660006297;N2200;46;;46;;1
BLOCS_P;2014;660006305;660006297;N2320;2;;2;0;0
BLOCS_P;2014;660006305;660006297;N2510;11;;11;0;0
BLOCS_P;2014;660006305;660006297;N4160;1;;1;0;0
BLOCS_P;2014;660006305;660006297;NAUT;7;;7;0;0
BLOCS_P;2014;660780628;660000282;M1030;2;0;2;0;
BLOCS_P;2014;660780628;660000282;M200H;4;12;8.03;0;
BLOCS_P;2014;660780628;660000282;N2200;5;0;5;0;1
BLOCS_P;2014;660780628;660000282;N2310;1;0;1;0;0
BLOCS_P;2014;660780628;660000282;N2320;1;0;1;0;0
BLOCS_P;2014;660780628;660000282;N2510;4;1;4.56;0;0
BLOCS_P;2014;660780628;660000282;N4160;1;0;1;0;0
BLOCS_P;2014;660780628;660000282;NAUT;2;0;2;0;0
BLOCS_P;2014;660780669;660000324;M100H;4;4;6;0;1
BLOCS_P;2014;660780669;660000324;M1030;4;;4;1;0
BLOCS_P;2014;660780669;660000324;M200H;6;3;7;0;1
BLOCS_P;2014;660780669;660000324;N2200;14;;13;0;
BLOCS_P;2014;660780669;660000324;N2310;2;;2;0;0
BLOCS_P;2014;660780669;660000324;N2510;1;;1;0;0
BLOCS_P;2014;660780669;660000324;N4160;1;;1;0;0
BLOCS_P;2014;660780776;660000399;M100H;5;1;5;0;1
BLOCS_P;2014;660780776;660000399;M1030;2;;2;0;
BLOCS_P;2014;660780776;660000399;M200H;5;3;5;0;1
BLOCS_P;2014;660780776;660000399;N2200;7;0;7;0;1
BLOCS_P;2014;660780776;660000399;N2310;;2;1;0;0
BLOCS_P;2014;660780776;660000399;N2320;0;0;0;0;1
BLOCS_P;2014;660780776;660000399;N2510;5;0;5;0;1
BLOCS_P;2014;660780776;660000399;N4130;4;0;4;0;1
BLOCS_P;2014;660780776;660000399;N4160;3;;3;0;1
BLOCS_P;2014;660780784;660000407;M100H;11;1;11.5;1;1
BLOCS_P;2014;660780784;660000407;M1030;11;2;12;1;1
BLOCS_P;2014;660780784;660000407;M200H;11;1;11.2;0;1
BLOCS_P;2014;660780784;660000407;N2200;39;19;52.4;0;1
BLOCS_P;2014;660780784;660000407;N2310;7;;7;0;1
BLOCS_P;2014;660780784;660000407;N2320;4;1;4.8;0;1
BLOCS_P;2014;660780784;660000407;N2510;16;6;19.6;0;0
BLOCS_P;2014;660780784;660000407;N4160;5;;5;0;1
BLOCS_P;2014;660780784;660000407;NAUT;15;;15;0;0
BLOCS_P;2014;660790387;660790379;M1030;9;;9;;1
BLOCS_P;2014;660790387;660790379;M200H;29;;29;;1
BLOCS_P;2014;660790387;660790379;N2200;46;13;52.7;;1
BLOCS_P;2014;660790387;660790379;N2310;2;;2;;1
BLOCS_P;2014;660790387;660790379;N2320;4;;4;;1
BLOCS_P;2014;660790387;660790379;N2510;7;3;9.2;;1
BLOCS_P;2014;660790387;660790379;N4160;4;;4;;1
BLOCS_P;2014;660790387;660790379;NAUT;8;;8;;
BLOCS_P;2014;670000025;670780055;M100H;9;16;8.9;;
BLOCS_P;2014;670000025;670780055;M1030;;;;1;1
BLOCS_P;2014;670000025;670780055;M200H;16;3;5.67;1;1
BLOCS_P;2014;670000025;670780055;N2200;81;23;96.24;1;1
BLOCS_P;2014;670000025;670780055;N2310;41;14;52.12;1;1
BLOCS_P;2014;670000025;670780055;N2320;24;8;29.83;1;1
BLOCS_P;2014;670000025;670780055;N2510;33;7;36.85;0;0
BLOCS_P;2014;670000025;670780055;N4130;19;5;23.84;1;1
BLOCS_P;2014;670000025;670780055;N4160;1;0;0.5;1;1
BLOCS_P;2014;670000025;670780055;NAUT;54;9;39.04;1;0
BLOCS_P;2014;670000033;670780063;M100H;;;;0;1
BLOCS_P;2014;670000033;670780063;M1030;3;2;2.77;0;1
BLOCS_P;2014;670000033;670780063;M200H;2;2;1.89;0;1
BLOCS_P;2014;670000033;670780063;N2200;21;4;24.4;0;0
BLOCS_P;2014;670000033;670780063;N2310;5;0;5;0;1
BLOCS_P;2014;670000033;670780063;N2320;1;1;1.9;0;1
BLOCS_P;2014;670000033;670780063;N2510;3;1;4.38;0;0
BLOCS_P;2014;670000033;670780063;N4160;2;;2;0;1
BLOCS_P;2014;670000033;670780063;NAUT;6;;7.33;0;0
BLOCS_P;2014;670000082;670780147;M100H;2;26;2;;1
BLOCS_P;2014;670000082;670780147;M200H;;38;;;1
BLOCS_P;2014;670000082;670780147;N2200;14;4;16.3;0;1
BLOCS_P;2014;670000082;670780147;N2320;2;;2;0;1
BLOCS_P;2014;670000082;670780147;N2510;1;1;1.5;0;0
BLOCS_P;2014;670000082;670780147;N4160;1;1;1.5;0;0
BLOCS_P;2014;670000082;670780147;NAUT;7;;6.5;0;0
BLOCS_P;2014;670000157;670780337;M100H;;8;2.8;0;1
BLOCS_P;2014;670000157;670780337;M1030;8;;7.32;1;0
BLOCS_P;2014;670000157;670780337;M200H;;17;5.07;0;1
BLOCS_P;2014;670000157;670780337;N2200;24;10;32.68;1;
BLOCS_P;2014;670000157;670780337;N2310;18;3;19.15;1;
BLOCS_P;2014;670000157;670780337;N2320;9;3;11.19;1;
BLOCS_P;2014;670000157;670780337;N2510;6;3;7.64;1;
BLOCS_P;2014;670000157;670780337;N4130;2;;2;1;
BLOCS_P;2014;670000157;670780337;N4160;2;;2;1;
BLOCS_P;2014;670000157;670780337;NAUT;19;6;18.58;1;
BLOCS_P;2014;670000165;670780345;M100H;;;0.45;0;1
BLOCS_P;2014;670000165;670780345;M1030;7;;6.25;0;1
BLOCS_P;2014;670000165;670780345;M200H;12;;12;0;1
BLOCS_P;2014;670000165;670780345;N2200;12;;12.7;1;0
BLOCS_P;2014;670000165;670780345;N2310;6;1;6.85;0;1
BLOCS_P;2014;670000165;670780345;N2320;6;;5.75;1;0
BLOCS_P;2014;670000165;670780345;N2510;4;1;5.3;0;0
BLOCS_P;2014;670000165;670780345;NAUT;5;2;7.73;0;0
BLOCS_P;2014;670000272;670780543;M100H;;1;0.5;0;0
BLOCS_P;2014;670000272;670780543;M1030;;2;1.1;0;1
BLOCS_P;2014;670000272;670780543;M200H;2;1;2.5;0;1
BLOCS_P;2014;670000272;670780543;N2200;6;2;6.22;1;0
BLOCS_P;2014;670000272;670780543;N2310;5;2;6.24;1;0
BLOCS_P;2014;670000272;670780543;N2320;2;2;2.71;1;0
BLOCS_P;2014;670000272;670780543;N2510;2;;1.37;0;0
BLOCS_P;2014;670000272;670780543;NAUT;1;2;1.88;0;0
BLOCS_P;2014;670000397;670780691;M100H;3;2;3.12;;
BLOCS_P;2014;670000397;670780691;M1030;6;;6;;
BLOCS_P;2014;670000397;670780691;M200H;6;1;3.27;0;1
BLOCS_P;2014;670000397;670780691;N2200;5;4;7.7;;
BLOCS_P;2014;670000397;670780691;N2310;10;2;11.4;;
BLOCS_P;2014;670000397;670780691;N2320;10;1;10.8;;
BLOCS_P;2014;670000397;670780691;N2510;1;1;1.5;;
BLOCS_P;2014;670000397;670780691;N4130;1;0;1;;
BLOCS_P;2014;670000397;670780691;N4160;1;0;1;;
BLOCS_P;2014;670000397;670780691;NAUT;3;2;4.3;;
BLOCS_P;2014;670009109;670780055;M1030;8;1;6.17;1;0
BLOCS_P;2014;670009109;670780055;M200H;17;0;3.7;0;1
BLOCS_P;2014;670009109;670780055;N2200;8;3;9.21;;
BLOCS_P;2014;670009109;670780055;N2310;12;3;14.51;;
BLOCS_P;2014;670009109;670780055;N2320;5;1;7.03;;
BLOCS_P;2014;670009109;670780055;N2510;7;1;8.13;;
BLOCS_P;2014;670009109;670780055;NAUT;7;1;7.49;;
BLOCS_P;2014;670013325;670013317;M100H;;8;1.3;0;0
BLOCS_P;2014;670013325;670013317;M1030;;3;1.6;0;0
BLOCS_P;2014;670013325;670013317;N2200;3;3;5.07;0;0
BLOCS_P;2014;670013325;670013317;N2510;;1;0.24;0;0
BLOCS_P;2014;670013341;670013333;M100H;0;5;1;0;1
BLOCS_P;2014;670013341;670013333;M1030;;1;0.5;0;1
BLOCS_P;2014;670013341;670013333;N2200;;3;1.6;0;
BLOCS_P;2014;670013341;670013333;N2510;;2;1;0;
BLOCS_P;2014;670014430;670001734;M100H;10;;10;0;1
BLOCS_P;2014;670014430;670001734;N2200;4;;1;0;1
BLOCS_P;2014;670014430;670001734;N4130;;4;3.25;0;1
BLOCS_P;2014;670014430;670001734;N4160;1;;1;0;1
BLOCS_P;2014;670014430;670001734;NAUT;2;;2;0;0
BLOCS_P;2014;670016237;670016211;N2200;15;6;21.5;0;1
BLOCS_P;2014;670016237;670016211;N2320;5;2;6.1;0;1
BLOCS_P;2014;670016237;670016211;N4160;1;;1;0;0
BLOCS_P;2014;670016237;670016211;NAUT;11;1;11.5;0;0
BLOCS_P;2014;670780113;670780055;M1030;6;;6.36;1;0
BLOCS_P;2014;670780113;670780055;N2200;3;1;3.69;1;0
BLOCS_P;2014;670780113;670780055;N2310;8;1;8.93;1;0
BLOCS_P;2014;670780113;670780055;N2320;9;1;9.61;1;0
BLOCS_P;2014;670780113;670780055;N2510;3;1;3.6;0;0
BLOCS_P;2014;670780113;670780055;NAUT;1;0;1.88;0;0
BLOCS_P;2014;670780121;670013754;M100H;;3;0.35;0;0
BLOCS_P;2014;670780121;670013754;N2200;3;;0.9;0;0
BLOCS_P;2014;670780121;670013754;NAUT;2;;0.1;0;0
BLOCS_P;2014;670780162;670000108;M100H;;24;;0;1
BLOCS_P;2014;670780162;670000108;M1030;;2;;0;1
BLOCS_P;2014;670780162;670000108;M200H;;35;;0;1
BLOCS_P;2014;670780162;670000108;N2200;14;5;16;0;1
BLOCS_P;2014;670780162;670000108;N2320;2;;2;0;1
BLOCS_P;2014;670780162;670000108;N2510;2;;2;0;0
BLOCS_P;2014;670780162;670000108;N4160;1;;1;0;0
BLOCS_P;2014;670780162;670000108;NAUT;4;1;5.9;0;0
BLOCS_P;2014;670780170;670000116;M100H;0;27;5.4;1;1
BLOCS_P;2014;670780170;670000116;M1030;8;0;8;0;1
BLOCS_P;2014;670780170;670000116;M200H;2;25;7;0;1
BLOCS_P;2014;670780170;670000116;N2200;22;5;25.2;0;1
BLOCS_P;2014;670780170;670000116;N2310;5;;5;0;1
BLOCS_P;2014;670780170;670000116;N2510;2;1;2.6;0;0
BLOCS_P;2014;670780170;670000116;N4160;2;;2;0;0
BLOCS_P;2014;670780170;670000116;NAUT;16;3;18.45;0;0
BLOCS_P;2014;670780188;670014604;M100H;;12;7.96;0;1
BLOCS_P;2014;670780188;670014604;M1030;8;1;10.07;1;1
BLOCS_P;2014;670780188;670014604;M200H;3;27;13.75;0;1
BLOCS_P;2014;670780188;670014604;N2200;14;5;17.03;0;0
BLOCS_P;2014;670780188;670014604;N2310;6;3;8.18;0;1
BLOCS_P;2014;670780188;670014604;N2320;5;1;5.15;0;1
BLOCS_P;2014;670780188;670014604;N2510;4;1;5.68;0;
BLOCS_P;2014;670780188;670014604;N4160;2;;2;0;0
BLOCS_P;2014;670780188;670014604;NAUT;4;1;4.41;0;0
BLOCS_P;2014;670780212;670014604;M100H;;21;10;0;1
BLOCS_P;2014;670780212;670014604;M1030;9;1;9.31;1;1
BLOCS_P;2014;670780212;670014604;M200H;;21;10;0;1
BLOCS_P;2014;670780212;670014604;N2200;18;7;23.43;0;0
BLOCS_P;2014;670780212;670014604;N2310;12;3;13.98;1;1
BLOCS_P;2014;670780212;670014604;N2320;5;3;6.98;1;1
BLOCS_P;2014;670780212;670014604;N2510;3;5;5.88;0;0
BLOCS_P;2014;670780212;670014604;N4130;;;;;1
BLOCS_P;2014;670780212;670014604;N4160;3;;3.52;0;1
BLOCS_P;2014;670780212;670014604;NAUT;8;1;7.19;0;0
BLOCS_P;2014;670780378;670000785;M100H;2;0;2;0;1
BLOCS_P;2014;670780378;670000785;M1030;5;0;5;0;1
BLOCS_P;2014;670780378;670000785;M200H;18;22;22.4;0;1
BLOCS_P;2014;670780378;670000785;N2200;9;7;14.52;0;1
BLOCS_P;2014;670780378;670000785;N2310;4;0;4;0;1
BLOCS_P;2014;670780378;670000785;N2320;4;2;4.89;0;1
BLOCS_P;2014;670780378;670000785;N2510;1;0;1;0;0
BLOCS_P;2014;670780378;670000785;N4160;;;;0;1
BLOCS_P;2014;670780378;670000785;NAUT;5;1;5.64;0;1
BLOCS_P;2014;670780386;670000199;N2200;1;;0.76;;
BLOCS_P;2014;670780386;670000199;N2320;7;7;13.73;;
BLOCS_P;2014;670780386;670000199;N2510;5;1;5.59;;
BLOCS_P;2014;670780386;670000199;NAUT;3;1;3.84;;
BLOCS_P;2014;670783273;670780055;M100H;4;9;3;0;1
BLOCS_P;2014;670783273;670780055;M1030;41;3;37.51;1;1
BLOCS_P;2014;670783273;670780055;M200H;22;2;8.76;;
BLOCS_P;2014;670783273;670780055;N2200;75;20;89.26;1;1
BLOCS_P;2014;670783273;670780055;N2310;36;22;52.2;1;1
BLOCS_P;2014;670783273;670780055;N2320;25;11;32.99;1;1
BLOCS_P;2014;670783273;670780055;N2510;18;1;18.98;1;0
BLOCS_P;2014;670783273;670780055;NAUT;29;3;32.17;1;1
BLOCS_P;2014;670798636;670014604;M100H;;;;;1
BLOCS_P;2014;670798636;670014604;M1030;2;;2.92;;1
BLOCS_P;2014;670798636;670014604;M200H;;7;0.5;;1
BLOCS_P;2014;670798636;670014604;N2200;6;;6.08;;
BLOCS_P;2014;670798636;670014604;N4160;1;;0.5;;
BLOCS_P;2014;680000320;680000643;N2200;25;7;28.5;;
BLOCS_P;2014;680000320;680000643;N2310;6;4;8;;
BLOCS_P;2014;680000320;680000643;N2320;5;5;7.5;;
BLOCS_P;2014;680000320;680000643;N2510;3;;3;;
BLOCS_P;2014;680000320;680000643;N4130;6;;6;;
BLOCS_P;2014;680000320;680000643;N4160;3;;3;;
BLOCS_P;2014;680000320;680000643;NAUT;2;;2;;
BLOCS_P;2014;680000494;680000643;N2200;48;13;54.5;;
BLOCS_P;2014;680000494;680000643;N2310;11;7;14.5;;
BLOCS_P;2014;680000494;680000643;N2320;5;5;7.5;;
BLOCS_P;2014;680000494;680000643;N2510;10;2;11;;
BLOCS_P;2014;680000494;680000643;N4160;5;;5;;
BLOCS_P;2014;680000494;680000643;NAUT;6;;6;;
BLOCS_P;2014;680000544;680000395;M100H;0;1;0.4;0;0
BLOCS_P;2014;680000544;680000395;M1030;3;1;3.3;0;1
BLOCS_P;2014;680000544;680000395;M200H;4;1;4.1;0;1
BLOCS_P;2014;680000544;680000395;N2200;0;4;1.94;0;0
BLOCS_P;2014;680000544;680000395;N2310;6;3;8.31;1;0
BLOCS_P;2014;680000544;680000395;N2320;1;5;6.34;0;1
BLOCS_P;2014;680000544;680000395;N2510;1;0;1;0;0
BLOCS_P;2014;680000544;680000395;N4160;2;0;2;0;0
BLOCS_P;2014;680000544;680000395;NAUT;0;1;0.27;0;0
BLOCS_P;2014;680000601;680000437;M100H;;2;0.65;;0
BLOCS_P;2014;680000601;680000437;M1030;4;;1.6;;1
BLOCS_P;2014;680000601;680000437;M200H;1;;2.02;;1
BLOCS_P;2014;680000601;680000437;N2200;5;1;3.96;0;1
BLOCS_P;2014;680000601;680000437;N2310;6;1;7.2;1;0
BLOCS_P;2014;680000601;680000437;N2320;9;;9.24;0;1
BLOCS_P;2014;680000601;680000437;NAUT;3;;3;0;0
BLOCS_P;2014;680000627;680000486;M1030;4;0;2.24;1;0
BLOCS_P;2014;680000627;680000486;M200H;12;2;1.55;1;1
BLOCS_P;2014;680000627;680000486;N2200;6;1;5.91;0;0
BLOCS_P;2014;680000627;680000486;N2310;8;2;9.34;0;0
BLOCS_P;2014;680000627;680000486;N2320;5;3;7.8;0;0
BLOCS_P;2014;680000627;680000486;N2510;4;1;4.3;0;0
BLOCS_P;2014;680000627;680000486;N4160;1;0;1;0;0
BLOCS_P;2014;680000627;680000486;NAUT;5;3;4.39;0;0
BLOCS_P;2014;680000684;680000973;M1030;17;3;12.34;1;0
BLOCS_P;2014;680000684;680000973;M200H;12;1;12.4;0;1
BLOCS_P;2014;680000684;680000973;N2200;41;10;48.86;;
BLOCS_P;2014;680000684;680000973;N2310;31;20;44.99;;
BLOCS_P;2014;680000684;680000973;N2320;22;17;34.26;;
BLOCS_P;2014;680000684;680000973;N2510;10;2;11.39;;
BLOCS_P;2014;680000684;680000973;N4160;4;;4;;
BLOCS_P;2014;680000684;680000973;NAUT;22;1;21.88;;
BLOCS_P;2014;680000700;680001005;M1030;;5;1.09;0;0
BLOCS_P;2014;680000700;680001005;M200H;;9;1.31;0;0
BLOCS_P;2014;680000700;680001005;N2200;2;9;8.32;0;0
BLOCS_P;2014;680000700;680001005;N2310;;2;0.5;0;0
BLOCS_P;2014;680000700;680001005;N2510;1;;1;0;0
BLOCS_P;2014;680000700;680001005;NAUT;1;1;1.86;0;0
BLOCS_P;2014;680001195;680016011;M100H;14;22;15.97;0;1
BLOCS_P;2014;680001195;680016011;M1030;6;2;7;0;1
BLOCS_P;2014;680001195;680016011;M200H;4;31;9.73;0;1
BLOCS_P;2014;680001195;680016011;N2200;19;15;26.03;0;0
BLOCS_P;2014;680001195;680016011;N2310;8;7;11.38;0;1
BLOCS_P;2014;680001195;680016011;N2320;9;3;11.53;0;1
BLOCS_P;2014;680001195;680016011;N4130;18;6;22.11;0;0
BLOCS_P;2014;680001195;680016011;N4160;3;1;3.69;0;0
BLOCS_P;2014;680001195;680016011;NAUT;7;3;8.81;0;0
BLOCS_P;2014;680001245;680000973;M100H;1;;0.1;1;
BLOCS_P;2014;680001245;680000973;M1030;6;1;6.5;1;0
BLOCS_P;2014;680001245;680000973;M200H;3;1;3.3;0;1
BLOCS_P;2014;680001245;680000973;N2200;4;2;4.76;;
BLOCS_P;2014;680001245;680000973;N2310;10;2;11.6;;
BLOCS_P;2014;680001245;680000973;N2320;4;6;9.15;;
BLOCS_P;2014;680001245;680000973;N2510;1;;0.96;;
BLOCS_P;2014;680001245;680000973;N4160;1;;1;;
BLOCS_P;2014;680001245;680000973;NAUT;12;3;12.94;;
BLOCS_P;2014;680004546;680000486;M100H;26;15;8.94;;
BLOCS_P;2014;680004546;680000486;M1030;15;2;12.02;0;1
BLOCS_P;2014;680004546;680000486;M200H;39;8;12.14;1;1
BLOCS_P;2014;680004546;680000486;N2200;28;6;32.79;1;1
BLOCS_P;2014;680004546;680000486;N2310;24;15;35.07;1;1
BLOCS_P;2014;680004546;680000486;N2320;21;7;26.53;1;1
BLOCS_P;2014;680004546;680000486;N2510;22;3;24.1;1;1
BLOCS_P;2014;680004546;680000486;N4130;;;;1;1
BLOCS_P;2014;680004546;680000486;N4160;;;;1;1
BLOCS_P;2014;680004546;680000486;NAUT;25;3;24.16;1;1
BLOCS_P;2014;680020088;680020062;M100H;1;1;1.5;;1
BLOCS_P;2014;680020088;680020062;M1030;3;;3;;1
BLOCS_P;2014;680020088;680020062;M200H;5;2;5.7;;1
BLOCS_P;2014;680020088;680020062;N2200;7;3;8.86;;1
BLOCS_P;2014;680020088;680020062;N2310;3;;3;;1
BLOCS_P;2014;680020088;680020062;N2320;2;1;2.4;;1
BLOCS_P;2014;680020088;680020062;N2510;2;1;2.8;;1
BLOCS_P;2014;680020088;680020062;N4160;;1;0.4;;
BLOCS_P;2014;680020088;680020062;NAUT;2;;2;;
BLOCS_P;2014;690000013;690780036;M100H;;1;0.38;;
BLOCS_P;2014;690000013;690780036;M200H;1;4;4.21;0;1
BLOCS_P;2014;690000013;690780036;N2200;;3;2.54;0;0
BLOCS_P;2014;690000013;690780036;N2310;1;3;1.95;0;1
BLOCS_P;2014;690000013;690780036;N2320;1;1;0.93;0;1
BLOCS_P;2014;690000013;690780036;N2510;3;1;2.58;0;0
BLOCS_P;2014;690000013;690780036;NAUT;3;;1.09;0;0
BLOCS_P;2014;690000021;690780044;M100H;;5;2.7;1;1
BLOCS_P;2014;690000021;690780044;M1030;;4;2.4;1;1
BLOCS_P;2014;690000021;690780044;N2200;2;;2;;
BLOCS_P;2014;690000021;690780044;N2310;2;;1.92;;
BLOCS_P;2014;690000021;690780044;N2510;1;;1;;
BLOCS_P;2014;690000088;690780101;M100H;3;3;1.65;;
BLOCS_P;2014;690000088;690780101;N2200;2;4;3.37;;
BLOCS_P;2014;690000088;690780101;NAUT;2;;0.86;;
BLOCS_P;2014;690000427;750721334;M100H;4;1;5.76;;
BLOCS_P;2014;690000427;750721334;M1030;3;1;3.52;;
BLOCS_P;2014;690000427;750721334;N2200;9;;7.63;;
BLOCS_P;2014;690000427;750721334;N2310;3;;2.51;;
BLOCS_P;2014;690000427;750721334;N2320;;;0.68;;
BLOCS_P;2014;690000427;750721334;N2510;4;;3.01;;
BLOCS_P;2014;690000427;750721334;N4160;1;;1;;
BLOCS_P;2014;690000427;750721334;NAUT;2;;3.39;;
BLOCS_P;2014;690000575;690782222;M1030;12;3;10.64;;
BLOCS_P;2014;690000575;690782222;M200H;23;5;9.6;;
BLOCS_P;2014;690000575;690782222;N2310;15;5;16.97;1;0
BLOCS_P;2014;690000575;690782222;N2320;20;17;27.85;1;0
BLOCS_P;2014;690000575;690782222;N2510;10;1;8.78;0;0
BLOCS_P;2014;690000575;690782222;NAUT;4;;4;0;0
BLOCS_P;2014;690000625;690782271;M100H;;4;0.42;0;0
BLOCS_P;2014;690000625;690782271;M1030;;10;0.77;0;0
BLOCS_P;2014;690000625;690782271;M200H;;10;1.36;0;0
BLOCS_P;2014;690000625;690782271;N2200;1;;0.53;0;0
BLOCS_P;2014;690000625;690782271;N2310;2;;1.38;0;0
BLOCS_P;2014;690000625;690782271;N2320;2;;1.42;0;0
BLOCS_P;2014;690000625;690782271;N2510;1;1;1.49;0;0
BLOCS_P;2014;690000625;690782271;NAUT;;1;0.8;0;0
BLOCS_P;2014;690000880;690783220;M100H;4;1;1.1;0;0
BLOCS_P;2014;690000880;690783220;M1030;9;5;11.9;0;1
BLOCS_P;2014;690000880;690783220;M200H;16;13;18;0;1
BLOCS_P;2014;690000880;690783220;N2200;7;2;7.5;;0
BLOCS_P;2014;690000880;690783220;N2310;10;5;13.5;;1
BLOCS_P;2014;690000880;690783220;N2320;13;3;15.8;;1
BLOCS_P;2014;690000880;690783220;N4160;2;0;1.8;;0
BLOCS_P;2014;690000880;690783220;NAUT;27;4;25.1;;0
BLOCS_P;2014;690007539;690781810;M100H;;;1.48;0;0
BLOCS_P;2014;690007539;690781810;M1030;23;2;18.86;1;0
BLOCS_P;2014;690007539;690781810;M200H;1;3;6.14;1;1
BLOCS_P;2014;690007539;690781810;N2200;31;11;39.03;0;0
BLOCS_P;2014;690007539;690781810;N2310;41;8;44.45;0;1
BLOCS_P;2014;690007539;690781810;N2320;19;4;21.67;0;1
BLOCS_P;2014;690007539;690781810;N2510;23;;23.47;0;0
BLOCS_P;2014;690007539;690781810;NAUT;8;1;14.41;0;0
BLOCS_P;2014;690022959;690000732;M100H;;2;;0;0
BLOCS_P;2014;690022959;690000732;M1030;;8;;1;0
BLOCS_P;2014;690022959;690000732;M200H;;37;;0;0
BLOCS_P;2014;690022959;690000732;N2200;12;2;13.8;0;1
BLOCS_P;2014;690022959;690000732;N2310;1;;1;0;0
BLOCS_P;2014;690022959;690000732;N2320;1;;0.8;0;0
BLOCS_P;2014;690022959;690000732;N2510;1;;1;0;0
BLOCS_P;2014;690022959;690000732;N4130;;;;0;1
BLOCS_P;2014;690022959;690000732;N4160;1;;1;0;0
BLOCS_P;2014;690023239;690000146;M100H;;;;0;1
BLOCS_P;2014;690023239;690000146;M1030;8;5;;0;1
BLOCS_P;2014;690023239;690000146;M200H;33;38;;;1
BLOCS_P;2014;690023239;690000146;N2200;20;12;27.88;0;
BLOCS_P;2014;690023239;690000146;N2310;9;;9;0;
BLOCS_P;2014;690023239;690000146;N2320;3;0;2.68;0;
BLOCS_P;2014;690023239;690000146;NAUT;6;1;5.86;0;
BLOCS_P;2014;690023411;690000252;M100H;42;17;51;0;0
BLOCS_P;2014;690023411;690000252;M1030;23;0;23;0;1
BLOCS_P;2014;690023411;690000252;M200H;44;20;69;0;1
BLOCS_P;2014;690023411;690000252;N2200;37;24;56.7;0;0
BLOCS_P;2014;690023411;690000252;N2510;2;2;3.6;0;0
BLOCS_P;2014;690023411;690000252;N4160;6;1;6.4;0;0
BLOCS_P;2014;690029186;690027099;M100H;;6;6;0;1
BLOCS_P;2014;690029186;690027099;M1030;;4;0.8;0;0
BLOCS_P;2014;690029186;690027099;N2200;2;2;3.37;0;0
BLOCS_P;2014;690029186;690027099;N2510;;1;0.6;0;0
BLOCS_P;2014;690029186;690027099;NAUT;;1;0.6;0;0
BLOCS_P;2014;690780093;750821092;M1030;8;;4.59;;
BLOCS_P;2014;690780093;750821092;N2310;16;;16;;
BLOCS_P;2014;690780093;750821092;N2320;10;;10;;
BLOCS_P;2014;690780093;750821092;N2510;3;;2.15;;
BLOCS_P;2014;690780093;750821092;N4160;4;;1.67;;
BLOCS_P;2014;690780093;750821092;NAUT;6;;5.33;;
BLOCS_P;2014;690780200;690000112;M100H;;5;0.2;0;1
BLOCS_P;2014;690780200;690000112;M1030;2;1;2;0;1
BLOCS_P;2014;690780200;690000112;M200H;2;15;4;0;1
BLOCS_P;2014;690780200;690000112;N2200;2;3;3;0;0
BLOCS_P;2014;690780200;690000112;N2310;1;;1;0;0
BLOCS_P;2014;690780200;690000112;N4160;;1;1;0;0
BLOCS_P;2014;690780200;690000112;NAUT;3;;3;0;0
BLOCS_P;2014;690780226;690039870;M1030;0;4;0.8;1;1
BLOCS_P;2014;690780226;690039870;M200H;0;14;7.4;1;1
BLOCS_P;2014;690780226;690039870;N2200;2;0;2;0;0
BLOCS_P;2014;690780226;690039870;N4160;1;;1;0;0
BLOCS_P;2014;690780259;690030457;M1030;2;5;7;;
BLOCS_P;2014;690780259;690030457;M200H;12;21;33;;
BLOCS_P;2014;690780259;690030457;N2200;10;4;12.4;;
BLOCS_P;2014;690780259;690030457;N2320;1;;1;;
BLOCS_P;2014;690780259;690030457;N4160;1;;1;;
BLOCS_P;2014;690780358;690000195;M100H;55;;55;0;0
BLOCS_P;2014;690780358;690000195;M1030;13;;13;1;0
BLOCS_P;2014;690780358;690000195;M200H;42;;42;0;0
BLOCS_P;2014;690780358;690000195;N2200;32;13;41.5;0;1
BLOCS_P;2014;690780358;690000195;N2320;1;1;1.71;0;0
BLOCS_P;2014;690780358;690000195;N2510;1;1;1.8;0;0
BLOCS_P;2014;690780358;690000195;N4160;1;;1;0;0
BLOCS_P;2014;690780358;690000195;NAUT;5;;5;0;0
BLOCS_P;2014;690780366;690000203;M1030;9;;9;;
BLOCS_P;2014;690780366;690000203;M200H;24;5;27;;
BLOCS_P;2014;690780366;690000203;N2200;20;3;22.3;;
BLOCS_P;2014;690780366;690000203;N2510;4;;4;;
BLOCS_P;2014;690780366;690000203;N4160;1;;1;;
BLOCS_P;2014;690780366;690000203;NAUT;8;;8;;
BLOCS_P;2014;690780382;690006598;M100H;1;3;1.3;0;1
BLOCS_P;2014;690780382;690006598;M1030;5;0;5;0;1
BLOCS_P;2014;690780382;690006598;M200H;7;12;9;0;1
BLOCS_P;2014;690780382;690006598;N2200;5;2;5.6;0;1
BLOCS_P;2014;690780382;690006598;N2310;1;;1;0;0
BLOCS_P;2014;690780382;690006598;N2320;2;;2;0;1
BLOCS_P;2014;690780382;690006598;N2510;5;1;5.8;0;0
BLOCS_P;2014;690780382;690006598;N4130;;1;0.1;0;1
BLOCS_P;2014;690780382;690006598;N4160;1;;1;0;0
BLOCS_P;2014;690780382;690006598;NAUT;3;10;10.9;0;0
BLOCS_P;2014;690780390;690000229;M100H;4;;4;1;1
BLOCS_P;2014;690780390;690000229;M1030;6;;6;1;0
BLOCS_P;2014;690780390;690000229;M200H;6;23;10.5;0;1
BLOCS_P;2014;690780390;690000229;N2200;4;14;14.75;0;1
BLOCS_P;2014;690780390;690000229;N2510;1;;1;0;0
BLOCS_P;2014;690780390;690000229;N4160;1;;1;0;0
BLOCS_P;2014;690780390;690000229;NAUT;8;;7.61;0;0
BLOCS_P;2014;690780416;690031190;M100H;;5;2.55;1;1
BLOCS_P;2014;690780416;690031190;M1030;5;4;9;1;1
BLOCS_P;2014;690780416;690031190;M200H;9;4;11.2;1;1
BLOCS_P;2014;690780416;690031190;N2200;18;9;29.23;0;1
BLOCS_P;2014;690780416;690031190;N2310;;1;0.91;0;0
BLOCS_P;2014;690780416;690031190;N2320;2;1;2.86;0;1
BLOCS_P;2014;690780416;690031190;N2510;1;;1;0;0
BLOCS_P;2014;690780416;690031190;N4130;;;;0;1
BLOCS_P;2014;690780416;690031190;N4160;1;0;1;0;0
BLOCS_P;2014;690780416;690031190;NAUT;10;4;11.53;0;1
BLOCS_P;2014;690780648;690036900;M100H;28;34;62;;
BLOCS_P;2014;690780648;690036900;M1030;17;;17;;
BLOCS_P;2014;690780648;690036900;M200H;21;19;40;;
BLOCS_P;2014;690780648;690036900;N2200;23;19;36.25;;
BLOCS_P;2014;690780648;690036900;N2320;3;;3;;
BLOCS_P;2014;690780648;690036900;N2510;4;;4;;
BLOCS_P;2014;690780648;690036900;N4160;2;;2;;
BLOCS_P;2014;690780648;690036900;NAUT;17;4;17.71;;
BLOCS_P;2014;690780655;690000377;M100H;;8;8;;1
BLOCS_P;2014;690780655;690000377;M1030;;5;5;;1
BLOCS_P;2014;690780655;690000377;M200H;;22;22;;1
BLOCS_P;2014;690780655;690000377;N2200;8;7;12.84;;1
BLOCS_P;2014;690780655;690000377;N2320;2;;2;;1
BLOCS_P;2014;690780655;690000377;N2510;6;;6;;0
BLOCS_P;2014;690780655;690000377;N4160;1;;1;;1
BLOCS_P;2014;690780655;690000377;NAUT;5;;5;;0
BLOCS_P;2014;690780663;690000385;M100H;;8;4;0;0
BLOCS_P;2014;690780663;690000385;M1030;7;;7;0;0
BLOCS_P;2014;690780663;690000385;M200H;14;12;20;0;0
BLOCS_P;2014;690780663;690000385;N2200;25;7;29.8;0;1
BLOCS_P;2014;690780663;690000385;N2310;2;1;2.5;0;0
BLOCS_P;2014;690780663;690000385;N2320;1;;1;0;1
BLOCS_P;2014;690780663;690000385;N2510;2;1;2.8;0;1
BLOCS_P;2014;690780663;690000385;N4160;1;;1;0;0
BLOCS_P;2014;690780663;690000385;NAUT;11;5;15.5;0;0
BLOCS_P;2014;690781836;690006598;M100H;8;23;20.24;0;1
BLOCS_P;2014;690781836;690006598;M1030;2;3;5.07;0;1
BLOCS_P;2014;690781836;690006598;M200H;5;10;11.22;0;1
BLOCS_P;2014;690781836;690006598;N2200;11;2;12.37;0;0
BLOCS_P;2014;690781836;690006598;N2310;7;;5.01;0;1
BLOCS_P;2014;690781836;690006598;N2320;3;2;2.55;0;1
BLOCS_P;2014;690781836;690006598;N2510;3;1;3.9;0;0
BLOCS_P;2014;690781836;690006598;N4160;1;;1;0;0
BLOCS_P;2014;690781836;690006598;NAUT;10;;9.83;0;1
BLOCS_P;2014;690782834;690000724;M100H;7;30;22;1;1
BLOCS_P;2014;690782834;690000724;M1030;17;;17;1;1
BLOCS_P;2014;690782834;690000724;M200H;17;36;35;0;1
BLOCS_P;2014;690782834;690000724;N2200;;;;0;1
BLOCS_P;2014;690782834;690000724;N2310;;;;0;1
BLOCS_P;2014;690782834;690000724;N2320;29;;29;0;1
BLOCS_P;2014;690782834;690000724;N2510;4;;4;0;0
BLOCS_P;2014;690782834;690000724;N4160;;;;0;1
BLOCS_P;2014;690783154;690781810;M100H;;1;0.63;0;0
BLOCS_P;2014;690783154;690781810;M1030;26;4;31.87;1;1
BLOCS_P;2014;690783154;690781810;M200H;6;26;17.04;1;1
BLOCS_P;2014;690783154;690781810;N2200;50;11;61.35;1;1
BLOCS_P;2014;690783154;690781810;N2310;58;12;63.54;1;1
BLOCS_P;2014;690783154;690781810;N2320;26;4;28.96;1;1
BLOCS_P;2014;690783154;690781810;N2510;43;;43.33;1;1
BLOCS_P;2014;690783154;690781810;NAUT;11;4;16.75;0;0
BLOCS_P;2014;690784137;690781810;M100H;3;4;3.39;0;0
BLOCS_P;2014;690784137;690781810;M1030;32;4;27.03;1;0
BLOCS_P;2014;690784137;690781810;M200H;7;25;24.1;1;1
BLOCS_P;2014;690784137;690781810;N2200;56;17;60.24;;
BLOCS_P;2014;690784137;690781810;N2310;54;14;66.04;;
BLOCS_P;2014;690784137;690781810;N2320;28;19;41.18;;
BLOCS_P;2014;690784137;690781810;N2510;48;1;47.96;;
BLOCS_P;2014;690784137;690781810;NAUT;16;3;16.32;;
BLOCS_P;2014;690784152;690781810;M100H;;3;0.42;0;0
BLOCS_P;2014;690784152;690781810;M1030;28;4;27.38;0;1
BLOCS_P;2014;690784152;690781810;M200H;3;19;10.77;0;1
BLOCS_P;2014;690784152;690781810;N2200;23;6;24.93;0;1
BLOCS_P;2014;690784152;690781810;N2310;42;9;46.09;0;
BLOCS_P;2014;690784152;690781810;N2320;23;4;25.37;0;1
BLOCS_P;2014;690784152;690781810;N2510;24;3;26.65;0;1
BLOCS_P;2014;690784152;690781810;NAUT;11;7;16.89;0;0
BLOCS_P;2014;690784178;690781810;M100H;1;;0.17;1;0
BLOCS_P;2014;690784178;690781810;M1030;11;2;13.78;1;0
BLOCS_P;2014;690784178;690781810;M200H;2;;1.97;1;0
BLOCS_P;2014;690784178;690781810;N2200;17;4;20.6;0;1
BLOCS_P;2014;690784178;690781810;N2310;19;4;22.64;0;1
BLOCS_P;2014;690784178;690781810;N2320;9;2;10.7;0;1
BLOCS_P;2014;690784178;690781810;N2510;22;1;22.75;0;1
BLOCS_P;2014;690784178;690781810;N4130;0;0;0;0;1
BLOCS_P;2014;690784178;690781810;N4160;2;0;2;0;0
BLOCS_P;2014;690784178;690781810;NAUT;6;0;6;0;1
BLOCS_P;2014;690784186;690781810;M100H;;;0.18;0;0
BLOCS_P;2014;690784186;690781810;M1030;14;2;13.08;0;1
BLOCS_P;2014;690784186;690781810;M200H;2;2;6.75;0;1
BLOCS_P;2014;690784186;690781810;N2200;31;3;33.5;0;1
BLOCS_P;2014;690784186;690781810;N2310;15;8;20.89;0;1
BLOCS_P;2014;690784186;690781810;N2320;5;;5.96;0;1
BLOCS_P;2014;690784186;690781810;N2510;15;;14.84;0;1
BLOCS_P;2014;690784186;690781810;NAUT;6;;6.59;0;1
BLOCS_P;2014;690793468;690002068;M100H;10;16;;0;1
BLOCS_P;2014;690793468;690002068;M1030;10;2;;1;1
BLOCS_P;2014;690793468;690002068;M200H;20;19;;0;1
BLOCS_P;2014;690793468;690002068;N2200;17;37;42.5;0;1
BLOCS_P;2014;690793468;690002068;N2310;0;0;0;;1
BLOCS_P;2014;690793468;690002068;N2320;3;2;4.2;0;1
BLOCS_P;2014;690793468;690002068;N2510;5;8;8.27;0;1
BLOCS_P;2014;690793468;690002068;N4160;3;0;2.5;0;1
BLOCS_P;2014;690793468;690002068;NAUT;5;4;7;0;1
BLOCS_P;2014;690805361;690805353;M100H;8;16;4.84;0;1
BLOCS_P;2014;690805361;690805353;M1030;13;7;13.53;0;1
BLOCS_P;2014;690805361;690805353;M200H;15;26;9.26;0;1
BLOCS_P;2014;690805361;690805353;N2200;37;7;31.16;0;0
BLOCS_P;2014;690805361;690805353;N2310;14;2;11.75;0;1
BLOCS_P;2014;690805361;690805353;N2320;5;4;7.24;0;1
BLOCS_P;2014;690805361;690805353;N2510;13;;11.95;0;0
BLOCS_P;2014;690805361;690805353;N4130;;4;2.73;0;1
BLOCS_P;2014;690805361;690805353;N4160;1;;0.88;0;0
BLOCS_P;2014;690805361;690805353;NAUT;10;3;9.2;0;0
BLOCS_P;2014;690807367;690003447;M100H;3;;3;1;1
BLOCS_P;2014;690807367;690003447;M1030;8;2;9;1;1
BLOCS_P;2014;690807367;690003447;M200H;4;;4;1;1
BLOCS_P;2014;690807367;690003447;N2200;20;5;23.7;0;1
BLOCS_P;2014;690807367;690003447;N2310;2;2;3;0;1
BLOCS_P;2014;690807367;690003447;N2320;5;;5;0;1
BLOCS_P;2014;690807367;690003447;N2510;6;2;7.6;0;1
BLOCS_P;2014;690807367;690003447;N4130;;;;0;1
BLOCS_P;2014;690807367;690003447;N4160;1;1;1.5;0;1
BLOCS_P;2014;690807367;690003447;NAUT;;;;0;1
BLOCS_P;2014;690807599;690006598;M100H;;6;3.04;0;0
BLOCS_P;2014;690807599;690006598;M1030;3;1;3.55;0;1
BLOCS_P;2014;690807599;690006598;N2310;;;0.82;0;1
BLOCS_P;2014;690807599;690006598;N2320;;;0.99;0;1
BLOCS_P;2014;690807599;690006598;N2510;1;;1.36;0;0
BLOCS_P;2014;700000011;700780026;M100H;;;1.4;;
BLOCS_P;2014;700000011;700780026;N2200;;;1;;
BLOCS_P;2014;700000011;700780026;N2510;;;1;;
BLOCS_P;2014;700000029;700004591;M1030;8;1;8.5;0;0
BLOCS_P;2014;700000029;700004591;M200H;;6;5.2;;
BLOCS_P;2014;700000029;700004591;N2200;2;1;2.8;0;0
BLOCS_P;2014;700000029;700004591;N2310;7;11;13.91;1;0
BLOCS_P;2014;700000029;700004591;N2320;20;9;26.6;1;1
BLOCS_P;2014;700000029;700004591;N2510;5;4;9;0;0
BLOCS_P;2014;700000029;700004591;N4160;2;;2;0;0
BLOCS_P;2014;700000029;700004591;NAUT;4;0;4;0;0
BLOCS_P;2014;700780042;250006335;N4130;;1;0.11;0;0
BLOCS_P;2014;700780174;700000052;M100H;4;;4;;0
BLOCS_P;2014;700780174;700000052;M1030;4;;4;;1
BLOCS_P;2014;700780174;700000052;M200H;10;;10;;1
BLOCS_P;2014;700780174;700000052;N2200;;;;0;1
BLOCS_P;2014;700780174;700000052;N2310;2;;2;0;0
BLOCS_P;2014;700780174;700000052;N2320;1;1;1.46;;1
BLOCS_P;2014;700780174;700000052;N4160;1;;1;0;0
BLOCS_P;2014;710006859;710000118;M100H;2;2;3;;
BLOCS_P;2014;710006859;710000118;M1030;6;;6;;
BLOCS_P;2014;710006859;710000118;M200H;13;15;20.5;;
BLOCS_P;2014;710006859;710000118;N2200;20;4;22.84;;
BLOCS_P;2014;710006859;710000118;N2310;1;;1.77;;
BLOCS_P;2014;710006859;710000118;N2510;6;2;7.54;;
BLOCS_P;2014;710006859;710000118;N4160;1;;1;;
BLOCS_P;2014;710010067;710780644;M100H;;3;1.05;0;0
BLOCS_P;2014;710010067;710780644;M1030;2;;1.4;0;1
BLOCS_P;2014;710010067;710780644;M200H;5;5;3.06;0;1
BLOCS_P;2014;710010067;710780644;N2200;4;;3.72;0;1
BLOCS_P;2014;710010067;710780644;N2310;5;2;7.6;0;1
BLOCS_P;2014;710010067;710780644;N2320;8;6;7.77;0;1
BLOCS_P;2014;710010067;710780644;N4160;1;;0.5;0;0
BLOCS_P;2014;710010786;710781451;M100H;;2;0.4;0;0
BLOCS_P;2014;710010786;710781451;N2200;;18;1.95;0;1
BLOCS_P;2014;710010786;710781451;N2310;3;;3;0;1
BLOCS_P;2014;710010786;710781451;N2320;1;;1;0;1
BLOCS_P;2014;710010786;710781451;N4130;;;;0;1
BLOCS_P;2014;710780917;710000274;M100H;;3;0.78;;1
BLOCS_P;2014;710780917;710000274;M1030;10;;10;;1
BLOCS_P;2014;710780917;710000274;M200H;31;6;31;;1
BLOCS_P;2014;710780917;710000274;N2200;104;38;132.99;;1
BLOCS_P;2014;710780917;710000274;N2310;;;;;1
BLOCS_P;2014;710780917;710000274;N2320;;4;2.34;;1
BLOCS_P;2014;710780917;710000274;N2510;76;20;91.47;;0
BLOCS_P;2014;710780917;710000274;N4130;;;;;1
BLOCS_P;2014;710780917;710000274;N4160;11;;11;;1
BLOCS_P;2014;710780917;710000274;NAUT;;;;;1
BLOCS_P;2014;710781410;710000373;M1030;3;;3;0;1
BLOCS_P;2014;710781410;710000373;M200H;5;7;8.5;0;1
BLOCS_P;2014;710781410;710000373;N2200;11;1;11.8;0;1
BLOCS_P;2014;710781410;710000373;N2510;2;;2;0;0
BLOCS_P;2014;710781410;710000373;NAUT;5;;5;0;0
BLOCS_P;2014;710781824;710000464;M1030;6;;6;;
BLOCS_P;2014;710781824;710000464;M200H;12;3;12.6;;
BLOCS_P;2014;710781824;710000464;N2200;19;1;16.61;;
BLOCS_P;2014;710781824;710000464;N2320;2;;2;;
BLOCS_P;2014;710781824;710000464;N2510;6;;6;;
BLOCS_P;2014;710781824;710000464;N4160;1;;1;;
BLOCS_P;2014;710781824;710000464;NAUT;11;1;11.5;;
BLOCS_P;2014;710978263;710780958;M100H;3;4;0.9;;1
BLOCS_P;2014;710978263;710780958;M1030;11;1;9.3;1;
BLOCS_P;2014;710978263;710780958;M200H;9;6;4.2;;1
BLOCS_P;2014;710978263;710780958;N2200;20;4;22.81;;
BLOCS_P;2014;710978263;710780958;N2310;17;2;16.24;;
BLOCS_P;2014;710978263;710780958;N2320;9;4;12.38;;
BLOCS_P;2014;710978263;710780958;N2510;1;;1.01;;
BLOCS_P;2014;710978263;710780958;N4160;1;;1;;
BLOCS_P;2014;710978263;710780958;NAUT;13;2;14.91;;
BLOCS_P;2014;710978289;710780263;M100H;46;19;65.9;;
BLOCS_P;2014;710978289;710780263;M1030;7;5;10.7;;
BLOCS_P;2014;710978289;710780263;M200H;18;12;20.73;;
BLOCS_P;2014;710978289;710780263;N2200;15;12;23.51;;
BLOCS_P;2014;710978289;710780263;N2310;9;10;14.92;;
BLOCS_P;2014;710978289;710780263;N2320;6;4;8.9;;
BLOCS_P;2014;710978289;710780263;N2510;9;2;10.97;;
BLOCS_P;2014;710978289;710780263;NAUT;19;14;28.6;;
BLOCS_P;2014;710978313;710976705;M1030;4;;4.36;;
BLOCS_P;2014;710978313;710976705;M200H;8;1;7.45;;
BLOCS_P;2014;710978313;710976705;N2200;8;3;11.55;;
BLOCS_P;2014;710978313;710976705;N2320;5;;5.31;;
BLOCS_P;2014;710978313;710976705;N4160;1;;0.67;;
BLOCS_P;2014;710978313;710976705;NAUT;3;2;4.66;;
BLOCS_P;2014;710978347;710781204;M100H;;;;;1
BLOCS_P;2014;710978347;710781204;M1030;;;;;1
BLOCS_P;2014;710978347;710781204;M200H;4;3;6.19;;1
BLOCS_P;2014;710978347;710781204;N2200;16;5;19.01;;1
BLOCS_P;2014;710978347;710781204;N2320;3;;3;;1
BLOCS_P;2014;710978347;710781204;NAUT;1146;2;13.1;;
BLOCS_P;2014;720000033;720000025;M200H;0;30;10.25;0;1
BLOCS_P;2014;720000033;720000025;N2200;34;17;47.46;1;1
BLOCS_P;2014;720000033;720000025;N2310;0;0;0;1;1
BLOCS_P;2014;720000033;720000025;N2320;13;10;20.42;1;1
BLOCS_P;2014;720000033;720000025;N2510;37;16;48.96;1;1
BLOCS_P;2014;720000033;720000025;N4130;0;0;0;0;1
BLOCS_P;2014;720000033;720000025;NAUT;29;24;39.14;0;0
BLOCS_P;2014;720000199;720000595;M1030;6;1;6.2;;
BLOCS_P;2014;720000199;720000595;M200H;23;8;24.6;;
BLOCS_P;2014;720000199;720000595;N2200;26;5;28.5;;
BLOCS_P;2014;720000199;720000595;N2310;5;3;6.5;;
BLOCS_P;2014;720000199;720000595;N2320;12;;12;;
BLOCS_P;2014;720000199;720000595;N2510;2;;2;;
BLOCS_P;2014;720000199;720000595;N4160;1;;1;;
BLOCS_P;2014;720000231;720000637;M1030;5;;5;1;
BLOCS_P;2014;720000231;720000637;M200H;1;;1;0;1
BLOCS_P;2014;720000231;720000637;N2200;6;1;5.03;;1
BLOCS_P;2014;720000231;720000637;N2310;1;;0.5;;0
BLOCS_P;2014;720000231;720000637;N2320;1;;0.3;;0
BLOCS_P;2014;720000231;720000637;N2510;1;1;1.04;;0
BLOCS_P;2014;720000231;720000637;N4160;1;;0.5;;0
BLOCS_P;2014;720000231;720000637;NAUT;3;;2.48;;
BLOCS_P;2014;720000389;720012749;M200H;;1;0.12;0;0
BLOCS_P;2014;720000389;720012749;N2200;;1;0.7;0;0
BLOCS_P;2014;720000389;720012749;NAUT;;1;0.1;0;0
BLOCS_P;2014;720001437;720006022;M100H;1;7;0.63;;
BLOCS_P;2014;720001437;720006022;M1030;3;1;3.16;0;1
BLOCS_P;2014;720001437;720006022;M200H;5;1;5.2;0;1
BLOCS_P;2014;720001437;720006022;N2200;3;2;4.72;0;1
BLOCS_P;2014;720001437;720006022;N2310;2;1;4.15;0;1
BLOCS_P;2014;720001437;720006022;N2320;1;2;2.5;0;1
BLOCS_P;2014;720001437;720006022;N2510;1;2;2.51;0;0
BLOCS_P;2014;720001437;720006022;N4160;1;0;1;0;0
BLOCS_P;2014;720016179;720016724;M1030;1;2;5.96;1;
BLOCS_P;2014;720016179;720016724;M200H;;17;8.1;;
BLOCS_P;2014;720016179;720016724;N2200;9;5;12.31;0;
BLOCS_P;2014;720016179;720016724;N2310;9;;6.23;1;
BLOCS_P;2014;720016179;720016724;N2320;2;2;3.85;1;
BLOCS_P;2014;720016179;720016724;N2510;2;5;4.31;0;
BLOCS_P;2014;720016179;720016724;NAUT;2;1;2.42;0;
BLOCS_P;2014;720017748;720000561;M100H;19;4;23;;1
BLOCS_P;2014;720017748;720000561;M1030;11;;11;;1
BLOCS_P;2014;720017748;720000561;M200H;22;29;51;;1
BLOCS_P;2014;720017748;720000561;N2200;58;17;62.04;;1
BLOCS_P;2014;720017748;720000561;N2310;1;;0.93;;0
BLOCS_P;2014;720017748;720000561;N2320;2;2;3.74;;1
BLOCS_P;2014;720017748;720000561;N2510;10;3;11.32;;0
BLOCS_P;2014;720017748;720000561;N4130;;;;;1
BLOCS_P;2014;720017748;720000561;N4160;3;;2.8;;0
BLOCS_P;2014;720017748;720000561;NAUT;21;12;31.03;;1
BLOCS_P;2014;730000031;730000015;M1030;15;6;17.95;;
BLOCS_P;2014;730000031;730000015;M200H;28;3;4.81;;
BLOCS_P;2014;730000031;730000015;N2200;31;8;33.27;;
BLOCS_P;2014;730000031;730000015;N2310;28;10;31.82;;
BLOCS_P;2014;730000031;730000015;N2320;12;9;18.7;;
BLOCS_P;2014;730000031;730000015;N2510;6;8;8.73;;
BLOCS_P;2014;730000031;730000015;NAUT;6;1;5.81;;
BLOCS_P;2014;730000049;730002839;M1030;2;1;0.53;0;1
BLOCS_P;2014;730000049;730002839;M200H;3;;0.79;0;1
BLOCS_P;2014;730000049;730002839;N2200;2;2;2.38;0;1
BLOCS_P;2014;730000049;730002839;N2320;2;1;0.53;0;1
BLOCS_P;2014;730000049;730002839;N2510;1;;0.38;0;0
BLOCS_P;2014;730000049;730002839;NAUT;3;1;1.22;0;0
BLOCS_P;2014;730000080;730780103;M1030;3;;3;0;1
BLOCS_P;2014;730000080;730780103;M200H;7;5;7.7;0;1
BLOCS_P;2014;730000080;730780103;N2200;10;2;7.3;1;0
BLOCS_P;2014;730000080;730780103;N2310;3;;3;1;0
BLOCS_P;2014;730000080;730780103;N2320;3;;2.08;1;0
BLOCS_P;2014;730000080;730780103;N4160;1;;1;0;0
BLOCS_P;2014;730000080;730780103;NAUT;5;1;5.6;0;0
BLOCS_P;2014;730000247;730780525;M100H;;2;0.35;0;0
BLOCS_P;2014;730000247;730780525;M1030;3;;3.59;0;1
BLOCS_P;2014;730000247;730780525;M200H;3;;3.95;0;1
BLOCS_P;2014;730000247;730780525;N2200;13;3;10.27;0;1
BLOCS_P;2014;730000247;730780525;N2310;3;1;3.75;0;1
BLOCS_P;2014;730000247;730780525;N2320;0;1;0.8;0;1
BLOCS_P;2014;730000247;730780525;N2510;3;;2.37;;
BLOCS_P;2014;730000247;730780525;N4160;;1;0.5;0;0
BLOCS_P;2014;730000247;730780525;NAUT;1;;1;0;1
BLOCS_P;2014;730000262;730002839;M100H;;5;0.27;0;1
BLOCS_P;2014;730000262;730002839;M1030;7;1;5.08;1;0
BLOCS_P;2014;730000262;730002839;M200H;8;;1.43;0;1
BLOCS_P;2014;730000262;730002839;N2200;3;6;10.28;0;1
BLOCS_P;2014;730000262;730002839;N2320;2;2;6.02;0;1
BLOCS_P;2014;730000262;730002839;NAUT;4;4;6.79;0;0
BLOCS_P;2014;730004298;730010048;M100H;10;;10;;
BLOCS_P;2014;730004298;730010048;M1030;15;1;15.5;;
BLOCS_P;2014;730004298;730010048;M200H;46;;46;;
BLOCS_P;2014;730004298;730010048;N2200;40;9;47.89;;
BLOCS_P;2014;730004298;730010048;N2310;5;10;12.58;;
BLOCS_P;2014;730004298;730010048;N2320;1;1;1.8;;
BLOCS_P;2014;730004298;730010048;N2510;7;;7;;
BLOCS_P;2014;730004298;730010048;N4160;3;1;3.8;;
BLOCS_P;2014;730004298;730010048;NAUT;10;;10;;
BLOCS_P;2014;730011061;730000015;M100H;;3;0.42;0;0
BLOCS_P;2014;730011061;730000015;M1030;;5;1.54;0;0
BLOCS_P;2014;730011061;730000015;M200H;;11;1.33;0;0
BLOCS_P;2014;730011061;730000015;N2200;9;5;16.83;;
BLOCS_P;2014;730011061;730000015;N2310;1;1;1.13;;
BLOCS_P;2014;730011061;730000015;N2320;;1;1;;
BLOCS_P;2014;730011061;730000015;N2510;4;2;5.44;;
BLOCS_P;2014;730011061;730000015;NAUT;5;3;7.51;;
BLOCS_P;2014;730780459;730000221;M1030;2;4;4;;1
BLOCS_P;2014;730780459;730000221;M200H;12;4;14;;1
BLOCS_P;2014;730780459;730000221;N2200;8;8;14.09;0;0
BLOCS_P;2014;730780459;730000221;N4160;;1;0.5;0;0
BLOCS_P;2014;730780459;730000221;NAUT;7;3;8.7;0;0
BLOCS_P;2014;740000237;740781133;M100H;4;0;0.81;1;1
BLOCS_P;2014;740000237;740781133;M1030;22;2;18.26;1;1
BLOCS_P;2014;740000237;740781133;M200H;22;7;12.56;1;1
BLOCS_P;2014;740000237;740781133;N2200;37;17;47.67;1;1
BLOCS_P;2014;740000237;740781133;N2310;23;15;33.46;1;1
BLOCS_P;2014;740000237;740781133;N2320;14;6;18.94;1;1
BLOCS_P;2014;740000237;740781133;N2510;8;1;8.07;0;0
BLOCS_P;2014;740000237;740781133;N4160;2;0;1.17;0;0
BLOCS_P;2014;740000237;740781133;NAUT;41;0;37.6;0;0
BLOCS_P;2014;740000294;740781208;M100H;;1;0.2;0;0
BLOCS_P;2014;740000294;740781208;N2200;1;;0.5;0;0
BLOCS_P;2014;740000302;740781133;M100H;0;0;0;0;1
BLOCS_P;2014;740000302;740781133;M1030;1;4;2.45;1;0
BLOCS_P;2014;740000302;740781133;M200H;1;3;0.22;0;1
BLOCS_P;2014;740000302;740781133;N2200;3;4;6.63;1;0
BLOCS_P;2014;740000302;740781133;N2310;4;0;3.75;1;0
BLOCS_P;2014;740000302;740781133;N2320;1;0;1;1;0
BLOCS_P;2014;740000302;740781133;N2510;0;1;1.39;0;0
BLOCS_P;2014;740000302;740781133;N4160;1;0;1;0;0
BLOCS_P;2014;740000302;740781133;NAUT;12;3;12.36;0;0
BLOCS_P;2014;740000328;740790381;M100H;15;0;13.04;;
BLOCS_P;2014;740000328;740790381;M1030;8;0;7.18;;
BLOCS_P;2014;740000328;740790381;M200H;22;0;10.43;;
BLOCS_P;2014;740014345;740000617;M100H;112;;112;;
BLOCS_P;2014;740014345;740000617;M1030;13;;13;;
BLOCS_P;2014;740014345;740000617;M200H;67;;67;;
BLOCS_P;2014;740014345;740000617;N2200;31;10;22.02;1;1
BLOCS_P;2014;740014345;740000617;N2510;1;5;2.42;0;0
BLOCS_P;2014;740014345;740000617;N4160;1;1;1.8;0;0
BLOCS_P;2014;740014345;740000617;NAUT;38;1;23.05;0;0
BLOCS_P;2014;740780416;740000112;M100H;10;12;16;0;0
BLOCS_P;2014;740780416;740000112;M1030;10;0;10;0;0
BLOCS_P;2014;740780416;740000112;M200H;24;3;25.5;0;0
BLOCS_P;2014;740780416;740000112;N2200;13;20;23.12;1;0
BLOCS_P;2014;740780416;740000112;N2310;0;13;2.41;0;0
BLOCS_P;2014;740780416;740000112;N2320;0;1;0.14;0;0
BLOCS_P;2014;740780416;740000112;N2510;1;3;2.5;0;0
BLOCS_P;2014;740780416;740000112;N4160;1;;1;0;0
BLOCS_P;2014;740780416;740000112;NAUT;6;5;8.84;0;0
BLOCS_P;2014;740780424;740000120;M100H;16;23;23;1;1
BLOCS_P;2014;740780424;740000120;M1030;8;;8;1;1
BLOCS_P;2014;740780424;740000120;M200H;21;8;25;0;1
BLOCS_P;2014;740780424;740000120;N2200;32;13;33.53;;1
BLOCS_P;2014;740780424;740000120;N2310;3;4;6.08;;0
BLOCS_P;2014;740780424;740000120;N2320;;1;0.17;;1
BLOCS_P;2014;740780424;740000120;N2510;1;3;2.57;;0
BLOCS_P;2014;740780424;740000120;N4130;5;3;7.2;;0
BLOCS_P;2014;740780424;740000120;N4160;2;;2;;0
BLOCS_P;2014;740780424;740000120;NAUT;;1;0.5;;0
BLOCS_P;2014;740781141;740790258;M1030;;;;1;
BLOCS_P;2014;740781141;740790258;M200H;;;;0;1
BLOCS_P;2014;740781141;740790258;N2200;20;16;31.68;0;1
BLOCS_P;2014;740781141;740790258;N2310;11;9;15.86;0;1
BLOCS_P;2014;740781141;740790258;N2320;4;1;4.53;0;1
BLOCS_P;2014;740781141;740790258;N2510;11;4;13.96;0;0
BLOCS_P;2014;740781141;740790258;N4160;2;0;2.76;0;0
BLOCS_P;2014;740781141;740790258;NAUT;4;4;6.72;0;0
BLOCS_P;2014;740781224;740001839;M1030;3;3;3.54;1;1
BLOCS_P;2014;740781224;740001839;M200H;1;6;5.86;0;1
BLOCS_P;2014;740781224;740001839;N2200;15;10;21;1;0
BLOCS_P;2014;740781224;740001839;N2310;9;1;11.39;1;0
BLOCS_P;2014;740781224;740001839;N2320;5;;6.58;1;0
BLOCS_P;2014;740781224;740001839;N2510;3;3;4.21;0;0
BLOCS_P;2014;740781224;740001839;N4160;1;0;0.25;0;0
BLOCS_P;2014;740781224;740001839;NAUT;8;4;9.06;0;0
BLOCS_P;2014;750000481;750110025;M1030;10;2;11.91;;
BLOCS_P;2014;750000481;750110025;M200H;22;27;8.52;;
BLOCS_P;2014;750000481;750110025;N2200;10;4;12.85;;
BLOCS_P;2014;750000481;750110025;N2310;13;1;13.37;;
BLOCS_P;2014;750000481;750110025;N2320;6;1;7.84;;
BLOCS_P;2014;750000481;750110025;N2510;10;1;10.51;;
BLOCS_P;2014;750000481;750110025;N4160;1;;1;;
BLOCS_P;2014;750000481;750110025;NAUT;17;;16.45;;
BLOCS_P;2014;750000499;750140014;M100H;6;0;3.7;;1
BLOCS_P;2014;750000499;750140014;M1030;9;5;11.6;1;1
BLOCS_P;2014;750000499;750140014;M200H;7;16;10.1;1;1
BLOCS_P;2014;750000499;750140014;N2200;12;0;12.73;0;0
BLOCS_P;2014;750000499;750140014;N2310;4;4;7.18;0;1
BLOCS_P;2014;750000499;750140014;N2320;0;0;0;0;1
BLOCS_P;2014;750000499;750140014;N2510;13;0;14.67;0;0
BLOCS_P;2014;750000499;750140014;N4130;1;0;1;0;0
BLOCS_P;2014;750000499;750140014;NAUT;3;0;2.2;0;0
BLOCS_P;2014;750000523;750150120;M1030;23;26;41.87;1;1
BLOCS_P;2014;750000523;750150120;M200H;23;35;37.79;1;1
BLOCS_P;2014;750000523;750150120;N2200;35;6;39.1;0;0
BLOCS_P;2014;750000523;750150120;N2310;25;17;44.08;1;1
BLOCS_P;2014;750000523;750150120;N2320;9;10;19.19;1;1
BLOCS_P;2014;750000523;750150120;N2510;3;2;4.42;0;0
BLOCS_P;2014;750000523;750150120;N4160;5;1;5.4;0;0
BLOCS_P;2014;750000523;750150120;NAUT;38;2;43.12;0;0
BLOCS_P;2014;750000549;750150229;M1030;18;3;18.64;1;1
BLOCS_P;2014;750000549;750150229;M200H;44;41;38.89;1;1
BLOCS_P;2014;750000549;750150229;N2200;11;2;10.26;0;0
BLOCS_P;2014;750000549;750150229;N2310;13;22;18.81;0;1
BLOCS_P;2014;750000549;750150229;N2320;21;13;25.35;0;1
BLOCS_P;2014;750000549;750150229;N2510;4;;2;0;0
BLOCS_P;2014;750000549;750150229;N4130;4;;4;0;1
BLOCS_P;2014;750000549;750150229;N4160;4;;4;0;0
BLOCS_P;2014;750000549;750150229;NAUT;23;5;26.8;0;
BLOCS_P;2014;750100042;750712184;M100H;2;4;2.2;0;0
BLOCS_P;2014;750100042;750712184;N2200;35;;35;0;0
BLOCS_P;2014;750100042;750712184;N2320;27;7;22.6;0;0
BLOCS_P;2014;750100042;750712184;N2510;24;;24;0;0
BLOCS_P;2014;750100042;750712184;N4130;6;;6;0;0
BLOCS_P;2014;750100042;750712184;N4160;5;0;4.5;0;0
BLOCS_P;2014;750100042;750712184;NAUT;35;3;37.4;0;0
BLOCS_P;2014;750100075;750712184;M100H;;10;5.9;0;0
BLOCS_P;2014;750100075;750712184;M1030;;10;5.9;0;0
BLOCS_P;2014;750100075;750712184;N2200;17;5;21.59;0;0
BLOCS_P;2014;750100075;750712184;N2310;0;5;0.5;0;0
BLOCS_P;2014;750100075;750712184;N2320;18;4;21.68;0;0
BLOCS_P;2014;750100075;750712184;N2510;23;4;26.41;0;0
BLOCS_P;2014;750100075;750712184;N4130;0;1;0.1;0;0
BLOCS_P;2014;750100075;750712184;N4160;4;0;3.83;0;0
BLOCS_P;2014;750100075;750712184;NAUT;13;3;14.15;0;0
BLOCS_P;2014;750100091;750712184;N2200;17;5;18.4;1;1
BLOCS_P;2014;750100091;750712184;N2320;15;4;17.94;1;1
BLOCS_P;2014;750100091;750712184;N2510;25;0;24.85;1;
BLOCS_P;2014;750100091;750712184;N4160;4;0;4;0;
BLOCS_P;2014;750100091;750712184;NAUT;5;1;5.33;1;
BLOCS_P;2014;750100109;750712184;N2200;10;3;11.3;1;
BLOCS_P;2014;750100109;750712184;N2320;13;4;15.88;1;
BLOCS_P;2014;750100109;750712184;N2510;17;1;17.57;1;
BLOCS_P;2014;750100109;750712184;N4160;3;0;3;0;
BLOCS_P;2014;750100109;750712184;NAUT;6;0;6.93;1;
BLOCS_P;2014;750100125;750712184;M100H;7;3;8.5;1;
BLOCS_P;2014;750100125;750712184;M1030;117;13;111.22;1;
BLOCS_P;2014;750100125;750712184;M200H;12;114;62.66;1;
BLOCS_P;2014;750100125;750712184;N2200;128;14;138.2;;
BLOCS_P;2014;750100125;750712184;N2310;82;;81;;
BLOCS_P;2014;750100125;750712184;N2320;31;6;36;;
BLOCS_P;2014;750100125;750712184;N2510;94;7;99.7;;
BLOCS_P;2014;750100125;750712184;N4130;3;;3;;
BLOCS_P;2014;750100125;750712184;N4160;16;2;8.6;;
BLOCS_P;2014;750100125;750712184;NAUT;30;1;30.4;;
BLOCS_P;2014;750100166;750712184;M100H;19;10;12.15;;1
BLOCS_P;2014;750100166;750712184;M1030;54;10;60.34;;
BLOCS_P;2014;750100166;750712184;M200H;57;11;52.77;1;1
BLOCS_P;2014;750100166;750712184;N2200;67;;60.12;1;0
BLOCS_P;2014;750100166;750712184;N2310;55;;49.8;1;0
BLOCS_P;2014;750100166;750712184;N2320;47;1;50.7;1;0
BLOCS_P;2014;750100166;750712184;N2510;93;2;94.98;1;0
BLOCS_P;2014;750100166;750712184;N4160;12;1;15.15;1;0
BLOCS_P;2014;750100166;750712184;NAUT;5;;6.01;;0
BLOCS_P;2014;750100208;750712184;M100H;1;1;1.5;0;0
BLOCS_P;2014;750100208;750712184;M1030;14;1;13.7;1;1
BLOCS_P;2014;750100208;750712184;M200H;109;;77;1;1
BLOCS_P;2014;750100208;750712184;N2200;43;5;47;;1
BLOCS_P;2014;750100208;750712184;N2310;9;;9;1;0
BLOCS_P;2014;750100208;750712184;N2320;28;3;30.5;1;1
BLOCS_P;2014;750100208;750712184;N2510;47;2;48.6;1;0
BLOCS_P;2014;750100208;750712184;N4130;1;0;1;0;0
BLOCS_P;2014;750100208;750712184;N4160;9;;9;0;0
BLOCS_P;2014;750100208;750712184;NAUT;4;0;4;0;0
BLOCS_P;2014;750100273;750712184;N2200;21;1;21.17;1;
BLOCS_P;2014;750100273;750712184;N2320;9;1;8.29;1;
BLOCS_P;2014;750100273;750712184;N2510;13;;13.24;1;
BLOCS_P;2014;750100273;750712184;N4160;4;;4;0;
BLOCS_P;2014;750100273;750712184;NAUT;10;1;10.89;1;
BLOCS_P;2014;750120016;750821092;M1030;11;;9.7;1;1
BLOCS_P;2014;750120016;750821092;M200H;25;3;21;;
BLOCS_P;2014;750120016;750821092;N2200;8;;7.49;1;0
BLOCS_P;2014;750120016;750821092;N2310;18;;17.34;1;0
BLOCS_P;2014;750120016;750821092;N2320;8;;8;1;0
BLOCS_P;2014;750120016;750821092;N2510;5;;4.82;0;0
BLOCS_P;2014;750120016;750821092;N4160;2;;2;0;0
BLOCS_P;2014;750120016;750821092;NAUT;6;;6;0;0
BLOCS_P;2014;750150104;750720476;M1030;18;8;22.08;1;0
BLOCS_P;2014;750150104;750720476;M200H;26;5;28.04;0;
BLOCS_P;2014;750150104;750720476;N2200;20;3;28.21;0;0
BLOCS_P;2014;750150104;750720476;N2310;23;5;29.51;1;0
BLOCS_P;2014;750150104;750720476;N2320;19;8;26.1;0;1
BLOCS_P;2014;750150104;750720476;N2510;2;;1.33;0;0
BLOCS_P;2014;750150104;750720476;N4160;3;;2.58;0;0
BLOCS_P;2014;750150104;750720476;NAUT;16;;16.63;0;0
BLOCS_P;2014;750150237;750006728;M100H;1;15;5.79;0;1
BLOCS_P;2014;750150237;750006728;M1030;9;2;11.36;0;1
BLOCS_P;2014;750150237;750006728;M200H;13;5;13.86;0;1
BLOCS_P;2014;750150237;750006728;N2200;16;2;14.18;0;1
BLOCS_P;2014;750150237;750006728;N2310;10;1;12.53;0;1
BLOCS_P;2014;750150237;750006728;N2320;9;3;12.55;0;1
BLOCS_P;2014;750150237;750006728;N2510;6;;6.72;0;0
BLOCS_P;2014;750150237;750006728;NAUT;18;;20.03;0;
BLOCS_P;2014;750150260;750006728;M100H;;;2.45;0;1
BLOCS_P;2014;750150260;750006728;M1030;10;;9.84;1;1
BLOCS_P;2014;750150260;750006728;M200H;9;5;10.49;0;1
BLOCS_P;2014;750150260;750006728;N2200;10;1;12.8;0;1
BLOCS_P;2014;750150260;750006728;N2310;8;1;8.34;0;1
BLOCS_P;2014;750150260;750006728;N2320;3;1;5.51;0;1
BLOCS_P;2014;750150260;750006728;N2510;6;;3.56;0;0
BLOCS_P;2014;750150260;750006728;NAUT;14;2;14.81;0;
BLOCS_P;2014;750160012;750813321;M100H;0;2;0.19;0;1
BLOCS_P;2014;750160012;750813321;M1030;11;0;11;1;1
BLOCS_P;2014;750160012;750813321;M200H;10;8;15.02;0;1
BLOCS_P;2014;750160012;750813321;N2200;18;10;24.14;0;0
BLOCS_P;2014;750160012;750813321;N2310;10;7;12.79;0;1
BLOCS_P;2014;750160012;750813321;N2320;5;6;7;0;1
BLOCS_P;2014;750160012;750813321;N2510;6;1;6.92;0;0
BLOCS_P;2014;750160012;750813321;NAUT;23;0;25.33;0;0
BLOCS_P;2014;750300014;750000564;M100H;;52;7;1;1
BLOCS_P;2014;750300014;750000564;M1030;4;2;5;1;1
BLOCS_P;2014;750300014;750000564;M200H;;15;2;1;1
BLOCS_P;2014;750300014;750000564;N2200;18;8;25;1;1
BLOCS_P;2014;750300014;750000564;N2510;7;0;6;0;0
BLOCS_P;2014;750300014;750000564;N4160;1;0;1;1;1
BLOCS_P;2014;750300014;750000564;NAUT;5;1;5.8;0;0
BLOCS_P;2014;750300071;750000598;M1030;13;3;16;;1
BLOCS_P;2014;750300071;750000598;M200H;2;151;153;;1
BLOCS_P;2014;750300071;750000598;N2200;23;34;29.03;;1
BLOCS_P;2014;750300071;750000598;N2320;2;;1.54;;1
BLOCS_P;2014;750300071;750000598;N4160;1;;1;;1
BLOCS_P;2014;750300071;750000598;NAUT;18;3;20.77;;1
BLOCS_P;2014;750300089;750000606;M1030;5;;5;;1
BLOCS_P;2014;750300089;750000606;M200H;11;7;;;
BLOCS_P;2014;750300089;750000606;N2200;9;10;11;0;1
BLOCS_P;2014;750300089;750000606;N2320;5;1;4.8;0;1
BLOCS_P;2014;750300089;750000606;N2510;1;;1;0;0
BLOCS_P;2014;750300089;750000606;N4160;1;;1;0;0
BLOCS_P;2014;750300089;750000606;NAUT;7;3;8.7;0;0
BLOCS_P;2014;750300097;750813305;M100H;;;;0;1
BLOCS_P;2014;750300097;750813305;M1030;0;6;2.59;0;1
BLOCS_P;2014;750300097;750813305;M200H;0;31;7.15;;1
BLOCS_P;2014;750300097;750813305;N2200;;;;1;1
BLOCS_P;2014;750300097;750813305;N2320;;;;0;1
BLOCS_P;2014;750300097;750813305;N4160;;;;0;1
BLOCS_P;2014;750300097;750813305;NAUT;;;;0;1
BLOCS_P;2014;750300121;750052037;M100H;;28;4.2;0;1
BLOCS_P;2014;750300121;750052037;M1030;;14;6.4;0;1
BLOCS_P;2014;750300121;750052037;M200H;2;47;11.3;0;1
BLOCS_P;2014;750300121;750052037;N2200;11;3;11.02;0;1
BLOCS_P;2014;750300121;750052037;N2320;5;1;4.72;0;1
BLOCS_P;2014;750300121;750052037;N2510;2;;2.02;0;1
BLOCS_P;2014;750300121;750052037;NAUT;6;;6.12;0;1
BLOCS_P;2014;750300139;750000655;M100H;;6;;1;0
BLOCS_P;2014;750300139;750000655;M1030;4;3;5.05;0;1
BLOCS_P;2014;750300139;750000655;M200H;;136;;0;1
BLOCS_P;2014;750300139;750000655;N2200;6;;;0;0
BLOCS_P;2014;750300139;750000655;N2320;5;;;0;1
BLOCS_P;2014;750300139;750000655;N4130;5;2;;0;1
BLOCS_P;2014;750300139;750000655;N4160;;;0.25;0;0
BLOCS_P;2014;750300139;750000655;NAUT;7;1;;0;0
BLOCS_P;2014;750300154;750000671;M100H;20;21;17.2;0;1
BLOCS_P;2014;750300154;750000671;M1030;14;;14;0;1
BLOCS_P;2014;750300154;750000671;M200H;29;38;26.6;0;1
BLOCS_P;2014;750300154;750000671;N2200;25;;12.68;0;0
BLOCS_P;2014;750300154;750000671;N2320;39;2;16.06;0;1
BLOCS_P;2014;750300154;750000671;N2510;8;;5.97;0;0
BLOCS_P;2014;750300154;750000671;N4160;2;;2;0;1
BLOCS_P;2014;750300154;750000671;NAUT;27;;15.95;0;0
BLOCS_P;2014;750300220;750054827;N2200;;4;2.6;;
BLOCS_P;2014;750300220;750054827;N2510;1;2;2.82;;
BLOCS_P;2014;750300220;750054827;N4130;;1;0.45;;
BLOCS_P;2014;750300220;750054827;N4160;;1;0.58;;
BLOCS_P;2014;750300360;750026569;M100H;;27;12.36;0;1
BLOCS_P;2014;750300360;750026569;M1030;;11;9;0;1
BLOCS_P;2014;750300360;750026569;M200H;;40;4.62;0;1
BLOCS_P;2014;750300360;750026569;N2200;15;1;14.85;0;1
BLOCS_P;2014;750300360;750026569;N2310;;;;0;1
BLOCS_P;2014;750300360;750026569;N2320;3;1;3.7;0;1
BLOCS_P;2014;750300360;750026569;N2510;2;;2;0;0
BLOCS_P;2014;750300360;750026569;N4160;5;;5;0;0
BLOCS_P;2014;750300360;750026569;NAUT;20;;20;0;0
BLOCS_P;2014;750300410;750000770;M100H;;6;4;0;1
BLOCS_P;2014;750300410;750000770;M1030;4;1;4.5;1;0
BLOCS_P;2014;750300410;750000770;M200H;;22;10;0;1
BLOCS_P;2014;750300410;750000770;N2200;4;;4;;
BLOCS_P;2014;750300410;750000770;N2320;1;;1;;1
BLOCS_P;2014;750300410;750000770;N2510;2;;2;;
BLOCS_P;2014;750300410;750000770;N4130;;1;0.5;;
BLOCS_P;2014;750300410;750000770;N4160;1;;1;;0
BLOCS_P;2014;750300410;750000770;NAUT;8;;8;;
BLOCS_P;2014;750300493;750000796;M200H;7;9;0.5;;
BLOCS_P;2014;750300493;750000796;N4130;1;;1;;
BLOCS_P;2014;750300550;750000812;N2200;16;5;15.7;0;0
BLOCS_P;2014;750300550;750000812;N2320;1;;1;0;0
BLOCS_P;2014;750300550;750000812;N2510;6;;6;0;0
BLOCS_P;2014;750300550;750000812;N4160;1;;1;;1
BLOCS_P;2014;750300550;750000812;NAUT;8;4;8;0;0
BLOCS_P;2014;750300592;750000820;M100H;;6;1.5;;1
BLOCS_P;2014;750300592;750000820;M1030;4;1;4.8;;1
BLOCS_P;2014;750300592;750000820;M200H;1;40;15;;1
BLOCS_P;2014;750300592;750000820;N2200;4;3;3.6;0;0
BLOCS_P;2014;750300592;750000820;N2310;5;;5;;0
BLOCS_P;2014;750300592;750000820;N2320;7;16;12.73;;1
BLOCS_P;2014;750300592;750000820;N2510;4;;4;0;0
BLOCS_P;2014;750300592;750000820;N4130;;2;0.7;0;0
BLOCS_P;2014;750300592;750000820;N4160;1;1;1.8;0;0
BLOCS_P;2014;750300592;750000820;NAUT;5;;5;0;0
BLOCS_P;2014;750300667;750000838;M1030;;8;8;;
BLOCS_P;2014;750300667;750000838;N2200;2;3;3.94;1;
BLOCS_P;2014;750300667;750000838;NAUT;5;;4.87;1;
BLOCS_P;2014;750300741;750000861;M100H;1;4;2;0;0
BLOCS_P;2014;750300741;750000861;M1030;4;4;6;0;1
BLOCS_P;2014;750300741;750000861;M200H;3;23;10.5;0;1
BLOCS_P;2014;750300741;750000861;N2200;18;1;18.5;0;1
BLOCS_P;2014;750300741;750000861;N2320;1;0;1;0;1
BLOCS_P;2014;750300741;750000861;N2510;2;0;2;0;1
BLOCS_P;2014;750300741;750000861;N4130;0;0;0;0;1
BLOCS_P;2014;750300741;750000861;N4160;1;0;1;0;1
BLOCS_P;2014;750300741;750000861;NAUT;4;0;4;0;1
BLOCS_P;2014;750300766;750056145;N2320;6;6;9.1;1;1
BLOCS_P;2014;750300766;750056145;N4160;1;;1;0;0
BLOCS_P;2014;750300774;750000895;M100H;;9;;0;1
BLOCS_P;2014;750300774;750000895;M1030;10;5;;0;1
BLOCS_P;2014;750300774;750000895;M200H;8;49;;0;1
BLOCS_P;2014;750300774;750000895;N2200;25;8;24.18;0;0
BLOCS_P;2014;750300774;750000895;N2310;;1;0.6;0;0
BLOCS_P;2014;750300774;750000895;N2320;15;4;1.97;0;1
BLOCS_P;2014;750300774;750000895;N2510;1;;1;0;0
BLOCS_P;2014;750300774;750000895;N4160;3;;3;0;0
BLOCS_P;2014;750300774;750000895;NAUT;1;;1;0;0
BLOCS_P;2014;750300840;750000903;M100H;14;24;6;0;1
BLOCS_P;2014;750300840;750000903;M1030;8;1;9;0;1
BLOCS_P;2014;750300840;750000903;M200H;6;18;4;0;1
BLOCS_P;2014;750300840;750000903;N2200;12;1;13.52;;1
BLOCS_P;2014;750300840;750000903;N2320;;;;;1
BLOCS_P;2014;750300840;750000903;N2510;2;;2;;0
BLOCS_P;2014;750300840;750000903;N4160;2;0;2;;1
BLOCS_P;2014;750300840;750000903;NAUT;12;2;12.83;;0
BLOCS_P;2014;750300857;750000911;M1030;4;;4;0;1
BLOCS_P;2014;750300857;750000911;M200H;2;28;18;0;1
BLOCS_P;2014;750300857;750000911;N2200;4;;4;0;1
BLOCS_P;2014;750300857;750000911;N2310;1;;2;0;0
BLOCS_P;2014;750300857;750000911;N2320;1;;1;0;1
BLOCS_P;2014;750300857;750000911;N2510;2;;2;0;0
BLOCS_P;2014;750300857;750000911;N4160;1;;1;0;0
BLOCS_P;2014;750300857;750000911;NAUT;2;;2;0;0
BLOCS_P;2014;750300881;750000937;M100H;1;34;7.9;;1
BLOCS_P;2014;750300881;750000937;M1030;6;1;6.2;;1
BLOCS_P;2014;750300881;750000937;M200H;0;43;8.7;;1
BLOCS_P;2014;750300881;750000937;N2200;16;4;18.84;;0
BLOCS_P;2014;750300881;750000937;N2310;;4;3;;0
BLOCS_P;2014;750300881;750000937;N2320;2;;2;;1
BLOCS_P;2014;750300881;750000937;N4130;;2;1.66;;1
BLOCS_P;2014;750300881;750000937;NAUT;7;;7;;0
BLOCS_P;2014;750300915;750000960;M1030;5;;5;;0
BLOCS_P;2014;750300915;750000960;N2200;24;;24;;1
BLOCS_P;2014;750300915;750000960;N2320;1;;1;;1
BLOCS_P;2014;750300915;750000960;N2510;3;;3;;1
BLOCS_P;2014;750300915;750000960;N4160;1;;1;;0
BLOCS_P;2014;750300915;750000960;NAUT;4;;4;;0
BLOCS_P;2014;750300931;750000978;M100H;1;3;2.5;0;1
BLOCS_P;2014;750300931;750000978;M1030;2;1;2.75;1;0
BLOCS_P;2014;750300931;750000978;M200H;0;2;0.25;0;1
BLOCS_P;2014;750300931;750000978;N2200;5;3;5.43;1;0
BLOCS_P;2014;750301137;750001034;M1030;5;2;5.4;;
BLOCS_P;2014;750301137;750001034;M200H;1;32;23.2;;
BLOCS_P;2014;750301137;750001034;N2200;33;18;40.49;;
BLOCS_P;2014;750301137;750001034;N2320;4;1;4.78;;
BLOCS_P;2014;750301137;750001034;N2510;18;26;34.15;;
BLOCS_P;2014;750301145;750001042;M100H;5;23;17;;
BLOCS_P;2014;750301145;750001042;M1030;5;;5;;
BLOCS_P;2014;750301145;750001042;M200H;1;67;35;;
BLOCS_P;2014;750301145;750001042;N2200;32;1;32.69;;
BLOCS_P;2014;750301145;750001042;N2310;1;3;3.3;;
BLOCS_P;2014;750301145;750001042;N2320;11;2;12.16;;
BLOCS_P;2014;750301145;750001042;N2510;19;3;20.6;;
BLOCS_P;2014;750301160;750001067;M200H;20;;20;0;0
BLOCS_P;2014;750790164;750008310;M1030;0;3;1.5;0;0
BLOCS_P;2014;750790164;750008310;M200H;1;1;2;0;0
BLOCS_P;2014;750790164;750008310;N2320;0;1;0.5;0;0
BLOCS_P;2014;750803447;750712184;M1030;43;;43;1;1
BLOCS_P;2014;750803447;750712184;N2200;105;;105;1;
BLOCS_P;2014;750803447;750712184;N2310;44;;45;1;
BLOCS_P;2014;750803447;750712184;N2320;58;;58;1;
BLOCS_P;2014;750803447;750712184;N2510;81;;81;1;
BLOCS_P;2014;750803447;750712184;N4160;7;;7;1;
BLOCS_P;2014;750803454;750712184;M100H;9;;9;;
BLOCS_P;2014;750803454;750712184;M1030;14;6;16.7;1;
BLOCS_P;2014;750803454;750712184;M200H;6;39;19.9;1;1
BLOCS_P;2014;750803454;750712184;N2200;26;7;31.6;1;
BLOCS_P;2014;750803454;750712184;N2310;15;7;20.2;1;
BLOCS_P;2014;750803454;750712184;N2320;16;3;18.4;1;1
BLOCS_P;2014;750803454;750712184;N2510;28;5;31.8;1;
BLOCS_P;2014;750803454;750712184;N4160;3;;3;0;0
BLOCS_P;2014;750808578;750813032;M1030;1;;0.5;0;
BLOCS_P;2014;750808578;750813032;M200H;1;;0.5;0;
BLOCS_P;2014;750808578;750813032;N2200;2;1;2.1;0;0
BLOCS_P;2014;750808578;750813032;N2310;;1;0.6;0;0
BLOCS_P;2014;750808578;750813032;N2510;1;;1;0;0
BLOCS_P;2014;760000018;760780023;M1030;4;2;5.5;1;
BLOCS_P;2014;760000018;760780023;M200H;10;4;11.7;;
BLOCS_P;2014;760000018;760780023;N2200;8;5;11.66;;
BLOCS_P;2014;760000018;760780023;N2310;9;5;12.38;;
BLOCS_P;2014;760000018;760780023;N2320;6;1;6.23;;
BLOCS_P;2014;760000018;760780023;N2510;8;1;9.47;;
BLOCS_P;2014;760000018;760780023;NAUT;2;0;1.96;;
BLOCS_P;2014;760000158;760780239;N2200;86;11;91.89;;1
BLOCS_P;2014;760000158;760780239;N2310;68;24;84.64;;1
BLOCS_P;2014;760000158;760780239;N2320;47;6;51.9;;1
BLOCS_P;2014;760000158;760780239;N2510;93;24;111.91;;1
BLOCS_P;2014;760000158;760780239;N4130;;;;;1
BLOCS_P;2014;760000158;760780239;NAUT;59;14;60.69;;1
BLOCS_P;2014;760000166;760780247;M1030;2;3;4.14;0;1
BLOCS_P;2014;760000166;760780247;M200H;7;3;8.17;0;1
BLOCS_P;2014;760000166;760780247;N2200;6;2;6.49;0;1
BLOCS_P;2014;760000166;760780247;N2310;3;2;4.06;0;0
BLOCS_P;2014;760000166;760780247;N2320;1;;1;0;1
BLOCS_P;2014;760000166;760780247;N2510;4;;3.46;0;0
BLOCS_P;2014;760000166;760780247;N4130;1;;0.1;0;0
BLOCS_P;2014;760000166;760780247;N4160;1;;1;0;0
BLOCS_P;2014;760000166;760780247;NAUT;2;;1.94;0;0
BLOCS_P;2014;760000182;760780262;M1030;;7;4.3;;
BLOCS_P;2014;760000182;760780262;M200H;1;;1;0;0
BLOCS_P;2014;760000182;760780262;N2200;1;;1;0;1
BLOCS_P;2014;760000182;760780262;N2310;6;1;6.8;0;1
BLOCS_P;2014;760000182;760780262;N2320;6;1;6.8;0;1
BLOCS_P;2014;760000182;760780262;N2510;3;;3;0;0
BLOCS_P;2014;760000364;760780734;M100H;0;0;0;0;1
BLOCS_P;2014;760000364;760780734;M1030;3;1;2.4;1;0
BLOCS_P;2014;760000364;760780734;M200H;0;2;0.41;0;1
BLOCS_P;2014;760000364;760780734;N2200;6;2;7.41;;
BLOCS_P;2014;760000364;760780734;N2310;4;2;5.34;;
BLOCS_P;2014;760000364;760780734;N2320;1;0;1;;
BLOCS_P;2014;760000364;760780734;NAUT;1;0;0.37;;
BLOCS_P;2014;760000372;760780742;M1030;3;1;1.96;1;
BLOCS_P;2014;760000372;760780742;M200H;0;2;0.8;0;1
BLOCS_P;2014;760000372;760780742;N2310;4;1;0.14;1;0
BLOCS_P;2014;760000463;760024042;M100H;22;16;27.9;0;1
BLOCS_P;2014;760000463;760024042;M1030;12;2;13.3;1;0
BLOCS_P;2014;760000463;760024042;M200H;14;1;14.6;0;1
BLOCS_P;2014;760000463;760024042;N2200;6;2;6.55;;0
BLOCS_P;2014;760000463;760024042;N2310;20;1;20.8;1;0
BLOCS_P;2014;760000463;760024042;N2320;18;1;18.41;1;0
BLOCS_P;2014;760000463;760024042;N2510;9;3;9.28;0;0
BLOCS_P;2014;760000463;760024042;N4160;1;;1;0;0
BLOCS_P;2014;760000463;760024042;NAUT;7;5;7.3;;0
BLOCS_P;2014;760021329;760000448;M100H;16;;16;0;1
BLOCS_P;2014;760021329;760000448;M1030;12;;12;1;0
BLOCS_P;2014;760021329;760000448;M200H;34;;34;1;0
BLOCS_P;2014;760021329;760000448;N2200;23;30;42.25;0;1
BLOCS_P;2014;760021329;760000448;N2320;1;2;2.31;0;0
BLOCS_P;2014;760021329;760000448;N2510;2;7;8.07;0;0
BLOCS_P;2014;760021329;760000448;N4160;2;;2;0;0
BLOCS_P;2014;760021329;760000448;NAUT;11;9;14.88;0;0
BLOCS_P;2014;760025312;760000315;M100H;24;;24;0;
BLOCS_P;2014;760025312;760000315;M1030;12;;12;0;
BLOCS_P;2014;760025312;760000315;M200H;53;;53;0;
BLOCS_P;2014;760025312;760000315;N2200;31;29;48.03;0;1
BLOCS_P;2014;760025312;760000315;N2310;;;;;1
BLOCS_P;2014;760025312;760000315;N2320;2;2;3.4;0;1
BLOCS_P;2014;760025312;760000315;N2510;8;6;12.9;;1
BLOCS_P;2014;760025312;760000315;N4160;1;;1;0;1
BLOCS_P;2014;760025312;760000315;NAUT;10;2;11.49;;
BLOCS_P;2014;760027292;760027300;M100H;16;1;17;;1
BLOCS_P;2014;760027292;760027300;M1030;4;;4;;1
BLOCS_P;2014;760027292;760027300;M200H;10;12;22;;1
BLOCS_P;2014;760027292;760027300;N2200;13;;13;;1
BLOCS_P;2014;760027292;760027300;N2310;2;1;3;;1
BLOCS_P;2014;760027292;760027300;N2320;1;;1;;1
BLOCS_P;2014;760027292;760027300;N4130;;;;;1
BLOCS_P;2014;760027292;760027300;N4160;;;;;1
BLOCS_P;2014;760027292;760027300;NAUT;14;;14;;
BLOCS_P;2014;760780197;760000117;M1030;2;;1.5;;
BLOCS_P;2014;760780197;760000117;M200H;2;;0.2;;
BLOCS_P;2014;760780197;760000117;N2200;4;;4;;1
BLOCS_P;2014;760780197;760000117;N2310;1;;1;;
BLOCS_P;2014;760780197;760000117;N2510;1;;1;;
BLOCS_P;2014;760780197;760000117;NAUT;1;;1;;
BLOCS_P;2014;760780205;760000125;M100H;0;0;0;0;1
BLOCS_P;2014;760780205;760000125;M1030;2;0;2;0;1
BLOCS_P;2014;760780205;760000125;M200H;6;6;9;0;1
BLOCS_P;2014;760780205;760000125;N2200;5;1;5.8;0;1
BLOCS_P;2014;760780205;760000125;N2310;1;;1;0;0
BLOCS_P;2014;760780205;760000125;N2320;1;;1;0;1
BLOCS_P;2014;760780205;760000125;N4160;1;;1;0;0
BLOCS_P;2014;760780205;760000125;NAUT;4;1;4.8;0;0
BLOCS_P;2014;760780510;760000257;N2200;;;0.05;;
BLOCS_P;2014;760780510;760000257;N2310;;;;;1
BLOCS_P;2014;760780510;760000257;N2320;29;10;35.73;;1
BLOCS_P;2014;760780510;760000257;N2510;1;;1.06;;0
BLOCS_P;2014;760780510;760000257;N4160;1;;1;;0
BLOCS_P;2014;760780510;760000257;NAUT;22;1;22.12;;
BLOCS_P;2014;760780619;760000307;M100H;12;;;1;0
BLOCS_P;2014;760780619;760000307;M1030;8;;8;0;1
BLOCS_P;2014;760780619;760000307;M200H;27;;;0;1
BLOCS_P;2014;760780619;760000307;N2200;27;;;;1
BLOCS_P;2014;760780619;760000307;N2310;5;;;;
BLOCS_P;2014;760780619;760000307;N2320;2;;;;
BLOCS_P;2014;760780619;760000307;N2510;6;;;;
BLOCS_P;2014;760780619;760000307;N4130;1;;;;
BLOCS_P;2014;760780619;760000307;N4160;1;;;;
BLOCS_P;2014;760780619;760000307;NAUT;28;;;;
BLOCS_P;2014;760780668;760000331;M100H;;3;0.9;0;1
BLOCS_P;2014;760780668;760000331;M1030;;3;1;0;1
BLOCS_P;2014;760780668;760000331;M200H;2;14;7.8;0;1
BLOCS_P;2014;760780668;760000331;N2200;3;2;4.6;0;0
BLOCS_P;2014;760780668;760000331;N2310;;4;0.73;0;0
BLOCS_P;2014;760780668;760000331;N2510;3;;3;0;0
BLOCS_P;2014;760780668;760000331;N4130;;1;0.27;0;0
BLOCS_P;2014;760780668;760000331;NAUT;;2;1.3;0;0
BLOCS_P;2014;760780783;760000406;M1030;2;;2;0;0
BLOCS_P;2014;760780783;760000406;M200H;14;;14;0;1
BLOCS_P;2014;760780783;760000406;N2200;4;8;6.22;0;0
BLOCS_P;2014;760780783;760000406;N2310;2;;2;0;0
BLOCS_P;2014;760780783;760000406;N2320;1;;1;0;0
BLOCS_P;2014;760780783;760000406;N2510;1;;1.98;0;0
BLOCS_P;2014;760780783;760000406;N4160;1;;1;0;0
BLOCS_P;2014;760780783;760000406;NAUT;2;5;4.06;0;0
BLOCS_P;2014;760780791;760000414;M1030;5;0;5;0;1
BLOCS_P;2014;760780791;760000414;M200H;26;1;26.5;0;1
BLOCS_P;2014;760780791;760000414;N2200;16;7;20.7;0;1
BLOCS_P;2014;760780791;760000414;N2510;4;;4;0;0
BLOCS_P;2014;760780791;760000414;N4160;1;2;2;0;0
BLOCS_P;2014;760780825;760000430;M1030;2;;2;0;0
BLOCS_P;2014;760780825;760000430;M200H;8;3;9;0;0
BLOCS_P;2014;760805770;760780726;M100H;150;44;176.82;;0
BLOCS_P;2014;760805770;760780726;M1030;7;3;12.85;1;0
BLOCS_P;2014;760805770;760780726;M200H;27;12;32.91;0;1
BLOCS_P;2014;760805770;760780726;N2200;9;9;15.39;0;0
BLOCS_P;2014;760805770;760780726;N2310;21;7;25.74;1;0
BLOCS_P;2014;760805770;760780726;N2320;30;3;31.6;1;1
BLOCS_P;2014;760805770;760780726;N2510;21;14;24.88;0;0
BLOCS_P;2014;760805770;760780726;NAUT;43;14;45.89;0;0
BLOCS_P;2014;760921809;760000273;M100H;5;5;5.2;;1
BLOCS_P;2014;760921809;760000273;M1030;12;;12;0;1
BLOCS_P;2014;760921809;760000273;M200H;29;7;32.5;;1
BLOCS_P;2014;760921809;760000273;N2200;30;4;29.79;;1
BLOCS_P;2014;760921809;760000273;N2510;4;0;3.22;;1
BLOCS_P;2014;760921809;760000273;N4160;1;;1;;1
BLOCS_P;2014;760921809;760000273;NAUT;7;0;5.4;;0
BLOCS_P;2014;770000131;770110013;M100H;2;;0.5;0;0
BLOCS_P;2014;770000131;770110013;M1030;2;;1.8;1;0
BLOCS_P;2014;770000131;770110013;M200H;7;7;2.45;0;1
BLOCS_P;2014;770000131;770110013;N2200;7;;6.5;;
BLOCS_P;2014;770000131;770110013;N2310;8;;8.42;;
BLOCS_P;2014;770000131;770110013;N2320;6;2;7.6;;
BLOCS_P;2014;770000131;770110013;N2510;2;;2.75;;
BLOCS_P;2014;770000131;770110013;N4160;1;;1;;
BLOCS_P;2014;770000131;770110013;NAUT;3;1;3.36;;
BLOCS_P;2014;770000149;770110021;M100H;3;;3;0;0
BLOCS_P;2014;770000149;770110021;M1030;5;8;5.01;1;0
BLOCS_P;2014;770000149;770110021;M200H;9;2;9.4;0;1
BLOCS_P;2014;770000149;770110021;N2200;2;6;6.68;;
BLOCS_P;2014;770000149;770110021;N2310;7;4;9.62;;
BLOCS_P;2014;770000149;770110021;N2320;10;;10;;
BLOCS_P;2014;770000149;770110021;N2510;6;1;6.04;;
BLOCS_P;2014;770000149;770110021;NAUT;36;7;35.23;;
BLOCS_P;2014;770000156;770110054;M1030;6;7;10;1;0
BLOCS_P;2014;770000156;770110054;M200H;9;5;11;1;0
BLOCS_P;2014;770000156;770110054;N2200;9;1;8.64;0;1
BLOCS_P;2014;770000156;770110054;N2310;4;4;5.4;0;1
BLOCS_P;2014;770000156;770110054;N2320;3;;2.75;0;1
BLOCS_P;2014;770000156;770110054;N2510;11;8;15.79;;0
BLOCS_P;2014;770000156;770110054;N4160;1;;1;0;0
BLOCS_P;2014;770000156;770110054;NAUT;2;5;2.61;;0
BLOCS_P;2014;770000164;770110062;M1030;2;2;3.61;;
BLOCS_P;2014;770000164;770110062;M200H;6;5;5.13;;
BLOCS_P;2014;770000164;770110062;N2200;5;;4.5;;
BLOCS_P;2014;770000164;770110062;N2310;7;;7.5;;
BLOCS_P;2014;770000164;770110062;N2320;8;;8.58;;
BLOCS_P;2014;770000164;770110062;N2510;2;;2;;
BLOCS_P;2014;770000172;770110070;M1030;5;2;5.7;1;
BLOCS_P;2014;770000172;770110070;M200H;8;3;7.78;;1
BLOCS_P;2014;770000172;770110070;N2200;9;;9;;
BLOCS_P;2014;770000172;770110070;N2310;8;3;9.7;;
BLOCS_P;2014;770000172;770110070;N2320;5;1;5.85;;
BLOCS_P;2014;770000172;770110070;N2510;10;;9.7;;
BLOCS_P;2014;770000172;770110070;NAUT;9;1;9.77;;
BLOCS_P;2014;770000214;770130052;M100H;1;1;0.2;0;0
BLOCS_P;2014;770000214;770130052;M1030;;1;0.2;0;0
BLOCS_P;2014;770000214;770130052;N2310;;1;0.5;0;0
BLOCS_P;2014;770000446;770700185;M100H;1;;0.1;0;1
BLOCS_P;2014;770000446;770700185;M1030;15;1;14.63;1;
BLOCS_P;2014;770000446;770700185;M200H;20;15;8.45;1;
BLOCS_P;2014;770000446;770700185;N2200;25;16;37.65;;
BLOCS_P;2014;770000446;770700185;N2310;8;35;22.72;;
BLOCS_P;2014;770000446;770700185;N2320;8;0;8.55;;
BLOCS_P;2014;770000446;770700185;N2510;16;5;19.53;;
BLOCS_P;2014;770000446;770700185;N4130;1;0;1;;
BLOCS_P;2014;770000446;770700185;NAUT;41;9;49.92;;
BLOCS_P;2014;770019032;770170017;M100H;17;5;8.47;;
BLOCS_P;2014;770019032;770170017;M1030;14;2;8.44;;
BLOCS_P;2014;770019032;770170017;M200H;18;14;15.63;;
BLOCS_P;2014;770019032;770170017;N2200;23;4;23.78;;
BLOCS_P;2014;770019032;770170017;N2310;17;2;17.14;;
BLOCS_P;2014;770019032;770170017;N2320;7;2;9.6;;
BLOCS_P;2014;770019032;770170017;N2510;22;5;25.86;;
BLOCS_P;2014;770019032;770170017;N4130;1;;0.85;;
BLOCS_P;2014;770019032;770170017;NAUT;4;;2.94;;
BLOCS_P;2014;770150019;770019792;M1030;2;2;5.36;1;0
BLOCS_P;2014;770150019;770019792;M200H;1;4;1.18;0;0
BLOCS_P;2014;770150019;770019792;N2200;1;;1;;
BLOCS_P;2014;770150019;770019792;N4160;1;;1;;
BLOCS_P;2014;770300010;770004299;N2200;6;5;10.36;;
BLOCS_P;2014;770300010;770004299;N2320;1;;1;;
BLOCS_P;2014;770300010;770004299;N2510;5;;5;;
BLOCS_P;2014;770300010;770004299;N4160;1;;1;;
BLOCS_P;2014;770300010;770004299;NAUT;13;;13;;
BLOCS_P;2014;770300135;770000289;N2200;17;1;17;;1
BLOCS_P;2014;770300135;770000289;N2310;2;;2;;
BLOCS_P;2014;770300135;770000289;N2510;2;;2;;0
BLOCS_P;2014;770300135;770000289;N4130;1;;1;;
BLOCS_P;2014;770300135;770000289;N4160;2;;2;;0
BLOCS_P;2014;770300135;770000289;NAUT;14;3;15.47;;0
BLOCS_P;2014;770300143;770000362;M100H;3;7;6.5;;1
BLOCS_P;2014;770300143;770000362;M1030;3;5;5.5;;1
BLOCS_P;2014;770300143;770000362;M200H;16;;16;;1
BLOCS_P;2014;770300143;770000362;N2200;17;2;18;0;1
BLOCS_P;2014;770300143;770000362;N2310;2;2;3.41;0;0
BLOCS_P;2014;770300143;770000362;N2320;3;1;3.5;1;0
BLOCS_P;2014;770300143;770000362;N2510;1;;1;0;0
BLOCS_P;2014;770300143;770000362;N4160;1;;1;1;1
BLOCS_P;2014;770300143;770000362;NAUT;15;1;15.5;0;0
BLOCS_P;2014;770300192;770000313;M100H;;2;2;0;0
BLOCS_P;2014;770300192;770000313;M1030;3;;3;0;1
BLOCS_P;2014;770300192;770000313;M200H;2;21;11;0;1
BLOCS_P;2014;770300192;770000313;N2200;6;2;7.13;0;1
BLOCS_P;2014;770300192;770000313;N2310;1;;1;0;0
BLOCS_P;2014;770300192;770000313;N2510;6;2;6.63;0;1
BLOCS_P;2014;770300192;770000313;N4160;1;;1;0;1
BLOCS_P;2014;770300192;770000313;NAUT;3;2;3.5;0;0
BLOCS_P;2014;770300275;770000354;M100H;3;5;6;0;1
BLOCS_P;2014;770300275;770000354;M1030;5;0;5;0;1
BLOCS_P;2014;770300275;770000354;M200H;16;12;22;0;1
BLOCS_P;2014;770300275;770000354;N2200;7;2;8.3;0;1
BLOCS_P;2014;770300275;770000354;N2310;4;3;5;0;0
BLOCS_P;2014;770300275;770000354;N2320;1;0;1;0;1
BLOCS_P;2014;770300275;770000354;N2510;2;0;2;0;0
BLOCS_P;2014;770300275;770000354;N4160;1;0;1;0;0
BLOCS_P;2014;770300275;770000354;NAUT;11;5;13.34;0;1
BLOCS_P;2014;770300283;770000362;M100H;1;6;4;;
BLOCS_P;2014;770300283;770000362;M200H;7;7;10.5;;
BLOCS_P;2014;770300283;770000362;N2310;2;;0.5;;
BLOCS_P;2014;770300283;770000362;N2320;14;;13.2;;
BLOCS_P;2014;770300283;770000362;N4160;1;;1;;
BLOCS_P;2014;770300283;770000362;NAUT;11;;11;;
BLOCS_P;2014;770790707;770000719;M100H;2;6;5;0;1
BLOCS_P;2014;770790707;770000719;M1030;4;0;3.25;0;1
BLOCS_P;2014;770790707;770000719;M200H;11;8;15.7;0;1
BLOCS_P;2014;770790707;770000719;N2200;;;0.46;0;0
BLOCS_P;2014;770790707;770000719;N2310;3;;2.85;0;0
BLOCS_P;2014;770790707;770000719;N2320;8;8;10.77;0;1
BLOCS_P;2014;770790707;770000719;N2510;3;;2.95;0;0
BLOCS_P;2014;770790707;770000719;NAUT;13;1;13.24;0;0
BLOCS_P;2014;770813400;770001014;M100H;;;;0;1
BLOCS_P;2014;770813400;770001014;M1030;3;1;3.5;0;1
BLOCS_P;2014;770813400;770001014;M200H;;;;0;1
BLOCS_P;2014;770813400;770001014;N2200;2;1;2.8;0;1
BLOCS_P;2014;770813400;770001014;N2310;1;1;1.36;0;0
BLOCS_P;2014;770813400;770001014;N2320;10;5;13.51;0;1
BLOCS_P;2014;770813400;770001014;N2510;2;1;2.29;0;0
BLOCS_P;2014;770813400;770001014;N4160;;;;0;1
BLOCS_P;2014;770813400;770001014;NAUT;9;1;9.55;0;0
BLOCS_P;2014;780000287;780110011;M100H;8;;1.65;;
BLOCS_P;2014;780000287;780110011;M1030;6;;8.77;1;0
BLOCS_P;2014;780000287;780110011;M200H;15;6;5.01;;1
BLOCS_P;2014;780000287;780110011;N2200;16;2;17.09;;
BLOCS_P;2014;780000287;780110011;N2310;18;4;21.07;1;
BLOCS_P;2014;780000287;780110011;N2320;13;1;13.1;1;
BLOCS_P;2014;780000287;780110011;N2510;2;0;2.05;;
BLOCS_P;2014;780000287;780110011;N4130;10;8;1.62;;
BLOCS_P;2014;780000287;780110011;N4160;2;0;2;;
BLOCS_P;2014;780000287;780110011;NAUT;16;1;16.32;;
BLOCS_P;2014;780000295;780002697;M100H;2;3;3.32;0;1
BLOCS_P;2014;780000295;780002697;M1030;6;6;6.79;1;
BLOCS_P;2014;780000295;780002697;M200H;10;2;10.1;1;
BLOCS_P;2014;780000295;780002697;N2200;12;3;13.8;1;0
BLOCS_P;2014;780000295;780002697;N2310;8;2;9.82;1;0
BLOCS_P;2014;780000295;780002697;N2320;3;;3.75;1;0
BLOCS_P;2014;780000295;780002697;N2510;6;;6;0;0
BLOCS_P;2014;780000295;780002697;N4130;14;;12.57;1;0
BLOCS_P;2014;780000295;780002697;N4160;1;;1;0;0
BLOCS_P;2014;780000295;780002697;NAUT;3;;2.4;0;0
BLOCS_P;2014;780000303;780110037;M100H;;1;0.1;0;0
BLOCS_P;2014;780000303;780110037;N2200;;1;0.1;0;0
BLOCS_P;2014;780000303;780110037;N2510;;1;0.1;0;0
BLOCS_P;2014;780000303;780110037;NAUT;;1;0.1;0;0
BLOCS_P;2014;780000311;780001236;M100H;;2;2.09;;
BLOCS_P;2014;780000311;780001236;M1030;12;3;14.86;1;0
BLOCS_P;2014;780000311;780001236;N2200;21;6;25.05;;
BLOCS_P;2014;780000311;780001236;N2310;22;9;31.29;;
BLOCS_P;2014;780000311;780001236;N2320;12;3;20.16;;
BLOCS_P;2014;780000311;780001236;N2510;21;2;25.22;;
BLOCS_P;2014;780000311;780001236;NAUT;25;1;25.84;;
BLOCS_P;2014;780000329;780110052;M100H;;3;0.4;0;1
BLOCS_P;2014;780000329;780110052;M1030;7;;6;1;0
BLOCS_P;2014;780000329;780110052;M200H;8;6;3.18;0;1
BLOCS_P;2014;780000329;780110052;N2200;15;4;18.1;1;1
BLOCS_P;2014;780000329;780110052;N2310;14;1;14.75;1;0
BLOCS_P;2014;780000329;780110052;N2320;6;1;6.4;1;1
BLOCS_P;2014;780000329;780110052;N2510;10;;9.17;0;0
BLOCS_P;2014;780000329;780110052;N4160;1;;1;0;0
BLOCS_P;2014;780000329;780110052;NAUT;4;;4;0;0
BLOCS_P;2014;780000337;780001236;M100H;;;0.62;;
BLOCS_P;2014;780000337;780001236;M1030;3;2;4.26;0;0
BLOCS_P;2014;780000337;780001236;N2200;7;1;7.56;;
BLOCS_P;2014;780000337;780001236;N2310;5;3;8;;
BLOCS_P;2014;780000337;780001236;N2320;2;;5.96;;
BLOCS_P;2014;780000337;780001236;N2510;10;2;12.75;;
BLOCS_P;2014;780000337;780001236;NAUT;3;;3.77;;
BLOCS_P;2014;780018727;780018719;M100H;1;3;2.15;0;1
BLOCS_P;2014;780018727;780018719;M1030;4;2;4.4;0;1
BLOCS_P;2014;780018727;780018719;M200H;5;23;12.25;0;1
BLOCS_P;2014;780018727;780018719;N2200;8;1;8.5;0;1
BLOCS_P;2014;780018727;780018719;N2320;;1;0.77;0;1
BLOCS_P;2014;780018727;780018719;N2510;3;1;3.81;0;0
BLOCS_P;2014;780018727;780018719;N4160;1;;1;0;0
BLOCS_P;2014;780018727;780018719;NAUT;7;1;7.8;0;0
BLOCS_P;2014;780300075;780000485;M100H;;4;2;1;0
BLOCS_P;2014;780300075;780000485;M1030;2;;1;0;1
BLOCS_P;2014;780300075;780000485;N2200;5;2;6;0;1
BLOCS_P;2014;780300075;780000485;N4130;2;;2;0;1
BLOCS_P;2014;780300075;780000485;N4160;1;;1;0;0
BLOCS_P;2014;780300075;780000485;NAUT;2;;2;;
BLOCS_P;2014;780300125;780000535;M1030;3;;3;1;
BLOCS_P;2014;780300125;780000535;M200H;6;12;12;1;
BLOCS_P;2014;780300125;780000535;N2310;1;;1;;
BLOCS_P;2014;780300125;780000535;N2320;12;;10.45;;1
BLOCS_P;2014;780300125;780000535;N4160;1;;1;;
BLOCS_P;2014;780300208;780000576;M100H;;6;1.33;0;1
BLOCS_P;2014;780300208;780000576;M1030;4;2;4.6;1;0
BLOCS_P;2014;780300208;780000576;M200H;8;15;11;;1
BLOCS_P;2014;780300208;780000576;N2200;8;9;10.85;0;1
BLOCS_P;2014;780300208;780000576;N2310;1;2;1.25;0;0
BLOCS_P;2014;780300208;780000576;N2320;2;2;2.35;0;1
BLOCS_P;2014;780300208;780000576;N2510;2;;2.73;0;0
BLOCS_P;2014;780300208;780000576;N4160;1;;1;0;1
BLOCS_P;2014;780300208;780000576;NAUT;11;;11;;
BLOCS_P;2014;780300323;780003679;M1030;6;3;7;1;1
BLOCS_P;2014;780300323;780003679;M200H;11;13;17.5;1;1
BLOCS_P;2014;780300323;780003679;N2200;16;9;18;0;1
BLOCS_P;2014;780300323;780003679;N2310;3;;3;0;1
BLOCS_P;2014;780300323;780003679;N2320;5;;3;0;1
BLOCS_P;2014;780300323;780003679;N4160;1;;1;0;0
BLOCS_P;2014;780300323;780003679;NAUT;4;;4;0;0
BLOCS_P;2014;780300364;780003679;M1030;7;;7;;1
BLOCS_P;2014;780300406;780018032;M100H;;25;;0;1
BLOCS_P;2014;780300406;780018032;M1030;8;;;1;1
BLOCS_P;2014;780300406;780018032;M200H;;42;;0;1
BLOCS_P;2014;780300406;780018032;N2200;16;;13.35;0;1
BLOCS_P;2014;780300406;780018032;N2320;11;;10.61;0;1
BLOCS_P;2014;780300406;780018032;N2510;2;;2;0;0
BLOCS_P;2014;780300406;780018032;N4130;1;;1;0;1
BLOCS_P;2014;780300406;780018032;N4160;4;;3.86;0;0
BLOCS_P;2014;780300414;780000675;N2200;5;1;5.53;;
BLOCS_P;2014;780300414;780000675;N2320;16;1;16.8;;
BLOCS_P;2014;780300414;780000675;N2510;4;;4;;
BLOCS_P;2014;780300414;780000675;N4160;3;0;3;;
BLOCS_P;2014;780300414;780000675;NAUT;20;;20;;
BLOCS_P;2014;780300422;780002259;M100H;33;4;33.8;0;1
BLOCS_P;2014;780300422;780002259;M1030;8;5;10.5;1;1
BLOCS_P;2014;780300422;780002259;M200H;17;16;20.8;0;1
BLOCS_P;2014;780300422;780002259;N2200;23;3;24.28;0;1
BLOCS_P;2014;780300422;780002259;N2310;;2;1;0;0
BLOCS_P;2014;780300422;780002259;N2320;3;2;5.41;0;1
BLOCS_P;2014;780300422;780002259;N4160;3;;3;0;0
BLOCS_P;2014;780300422;780002259;NAUT;19;;19;0;0
BLOCS_P;2014;780300455;780000717;M1030;5;;5;0;1
BLOCS_P;2014;780300455;780000717;M200H;;25;25;0;1
BLOCS_P;2014;780300455;780000717;N2200;12;;10;0;1
BLOCS_P;2014;780300455;780000717;N2320;3;;3;0;1
BLOCS_P;2014;780300455;780000717;N4160;1;;1;0;0
BLOCS_P;2014;780300455;780000717;NAUT;17;;17;0;1
BLOCS_P;2014;780800256;780110078;M1030;19;;16.73;1;
BLOCS_P;2014;780800256;780110078;M200H;31;15;10.2;;
BLOCS_P;2014;780800256;780110078;N2200;34;8;39.3;;
BLOCS_P;2014;780800256;780110078;N2310;19;8;17.18;;
BLOCS_P;2014;780800256;780110078;N2320;9;3;10.67;;
BLOCS_P;2014;780800256;780110078;N2510;8;3;9.81;;
BLOCS_P;2014;780800256;780110078;NAUT;19;5;22.97;;
BLOCS_P;2014;790000087;790000012;M100H;5;3;6.2;0;1
BLOCS_P;2014;790000087;790000012;M1030;9;5;11.49;1;1
BLOCS_P;2014;790000087;790000012;M200H;24;2;24.22;0;0
BLOCS_P;2014;790000087;790000012;N2200;24;11;31.88;0;
BLOCS_P;2014;790000087;790000012;N2310;23;5;25.75;0;1
BLOCS_P;2014;790000087;790000012;N2320;23;4;25.46;0;1
BLOCS_P;2014;790000087;790000012;N2510;26;3;27.26;0;0
BLOCS_P;2014;790000087;790000012;N4160;3;;2.31;0;0
BLOCS_P;2014;790000087;790000012;NAUT;10;5;12.48;0;0
BLOCS_P;2014;790000095;790006654;M100H;2;0;0.3;0;1
BLOCS_P;2014;790000095;790006654;M1030;2;2;3.85;0;1
BLOCS_P;2014;790000095;790006654;M200H;6;0;1.9;0;1
BLOCS_P;2014;790000095;790006654;N2200;;;;0;1
BLOCS_P;2014;790000095;790006654;N2310;5;3;6.12;1;1
BLOCS_P;2014;790000095;790006654;N2320;10;6;16.87;0;1
BLOCS_P;2014;790000095;790006654;N2510;6;1;6.75;0;0
BLOCS_P;2014;790000095;790006654;N4160;1;0;0.95;0;0
BLOCS_P;2014;790000095;790006654;NAUT;2;2;1.01;0;0
BLOCS_P;2014;790000103;790006654;M100H;2;0;0.3;0;0
BLOCS_P;2014;790000103;790006654;M1030;2;0;0.29;0;0
BLOCS_P;2014;790000103;790006654;M200H;3;0;0.17;0;0
BLOCS_P;2014;790000103;790006654;N2310;1;1;1;;
BLOCS_P;2014;790000103;790006654;N2320;0;2;1.93;0;0
BLOCS_P;2014;790000103;790006654;N2510;0;2;2.15;0;0
BLOCS_P;2014;790000103;790006654;N4160;1;0;0.15;0;0
BLOCS_P;2014;790003537;790006654;M100H;3;0;0.61;0;1
BLOCS_P;2014;790003537;790006654;M1030;5;0;1.24;0;1
BLOCS_P;2014;790003537;790006654;M200H;4;0;1.42;0;1
BLOCS_P;2014;790003537;790006654;N2200;0;1;0.86;0;1
BLOCS_P;2014;790003537;790006654;N2310;5;1;5;1;1
BLOCS_P;2014;790003537;790006654;N2320;8;0;8.82;1;1
BLOCS_P;2014;790003537;790006654;N2510;6;1;7.19;0;0
BLOCS_P;2014;790003537;790006654;N4160;1;0;0.7;0;0
BLOCS_P;2014;790009948;790001242;M100H;;9;1;0;1
BLOCS_P;2014;790009948;790001242;M1030;;;;0;1
BLOCS_P;2014;790009948;790001242;M200H;;21;8;0;1
BLOCS_P;2014;790009948;790001242;N2200;34;2;34.92;0;1
BLOCS_P;2014;790009948;790001242;N2310;4;;3.37;0;0
BLOCS_P;2014;790009948;790001242;N2320;;;;0;1
BLOCS_P;2014;790009948;790001242;N2510;2;1;2.25;0;0
BLOCS_P;2014;790009948;790001242;N4160;2;;2;0;0
BLOCS_P;2014;790009948;790001242;NAUT;17;1;16.95;0;0
BLOCS_P;2014;800000143;800000028;M100H;7;5;0.9;0;0
BLOCS_P;2014;800000143;800000028;M1030;6;0;5.5;1;0
BLOCS_P;2014;800000143;800000028;M200H;8;6;9.9;0;1
BLOCS_P;2014;800000143;800000028;N2200;1;1;1.3;0;0
BLOCS_P;2014;800000143;800000028;N2310;11;1;12.61;1;0
BLOCS_P;2014;800000143;800000028;N2320;15;1;15.61;1;0
BLOCS_P;2014;800000143;800000028;N2510;5;2;6.48;0;0
BLOCS_P;2014;800000143;800000028;NAUT;5;2;6.99;0;0
BLOCS_P;2014;800000192;800000044;M100H;;;;1;1
BLOCS_P;2014;800000192;800000044;M1030;;;;1;1
BLOCS_P;2014;800000192;800000044;M200H;;;;1;1
BLOCS_P;2014;800000192;800000044;N2200;;;29.15;1;1
BLOCS_P;2014;800000192;800000044;N2310;;;35.49;1;1
BLOCS_P;2014;800000192;800000044;N2320;;;25.1;1;1
BLOCS_P;2014;800000192;800000044;N2510;;;12.03;0;0
BLOCS_P;2014;800000192;800000044;N4130;;;;1;1
BLOCS_P;2014;800000192;800000044;NAUT;;;33.85;0;0
BLOCS_P;2014;800000226;800000069;M100H;;1;0.8;0;0
BLOCS_P;2014;800000226;800000069;M1030;;1;0.15;1;0
BLOCS_P;2014;800000226;800000069;M200H;;;0.1;;0
BLOCS_P;2014;800000226;800000069;N2200;1;;0.75;0;0
BLOCS_P;2014;800000226;800000069;N2310;2;;0.8;0;0
BLOCS_P;2014;800000226;800000069;N2320;1;;0.4;0;0
BLOCS_P;2014;800000226;800000069;N2510;1;;0.75;0;0
BLOCS_P;2014;800000226;800000069;N4160;1;;0.05;0;0
BLOCS_P;2014;800000432;800000093;M100H;1;;0.3;0;1
BLOCS_P;2014;800000432;800000093;M1030;1;2;2.14;1;0
BLOCS_P;2014;800000432;800000093;M200H;1;8;2.11;0;1
BLOCS_P;2014;800000432;800000093;N2200;3;2;4.6;0;1
BLOCS_P;2014;800000432;800000093;N2310;7;;4.85;1;0
BLOCS_P;2014;800000432;800000093;N2320;3;1;3.6;0;1
BLOCS_P;2014;800000432;800000093;N2510;1;;1;0;0
BLOCS_P;2014;800000432;800000093;N4160;1;;0.5;0;0
BLOCS_P;2014;800000432;800000093;NAUT;;1;0.4;0;0
BLOCS_P;2014;800000614;800000044;M1030;;;;1;0
BLOCS_P;2014;800000614;800000044;M200H;;;;1;0
BLOCS_P;2014;800000614;800000044;N2200;;;0.87;1;1
BLOCS_P;2014;800000614;800000044;N2310;;;2.92;1;1
BLOCS_P;2014;800000614;800000044;N2320;;;4.3;1;1
BLOCS_P;2014;800000614;800000044;N2510;;;0.81;0;0
BLOCS_P;2014;800000614;800000044;NAUT;;;3.93;0;0
BLOCS_P;2014;800002503;800001141;N2200;34;2;34.88;;
BLOCS_P;2014;800002503;800001141;N2510;11;;11.71;;
BLOCS_P;2014;800002503;800001141;NAUT;7;;9.04;;
BLOCS_P;2014;800002610;800000044;M100H;;;;1;1
BLOCS_P;2014;800002610;800000044;M1030;;;;1;1
BLOCS_P;2014;800002610;800000044;M200H;;;;1;1
BLOCS_P;2014;800002610;800000044;N2200;;;0.72;1;1
BLOCS_P;2014;800002610;800000044;N2310;;;5.65;1;1
BLOCS_P;2014;800002610;800000044;N2320;;;3.58;1;1
BLOCS_P;2014;800002610;800000044;N2510;;;6.77;0;0
BLOCS_P;2014;800002610;800000044;N4130;;;;1;1
BLOCS_P;2014;800002610;800000044;NAUT;;;24.49;0;0
BLOCS_P;2014;800006124;800000044;M100H;6;2;1.48;0;0
BLOCS_P;2014;800006124;800000044;M1030;40;12;37;1;1
BLOCS_P;2014;800006124;800000044;M200H;56;17;19.91;1;1
BLOCS_P;2014;800006124;800000044;N2200;70;8;24.51;1;1
BLOCS_P;2014;800006124;800000044;N2310;72;8;31.98;1;1
BLOCS_P;2014;800006124;800000044;N2320;51;14;29.04;1;1
BLOCS_P;2014;800006124;800000044;N2510;35;5;11.05;0;0
BLOCS_P;2014;800006124;800000044;NAUT;83;10;33.45;0;0
BLOCS_P;2014;800009466;800002982;M1030;9;;7;;
BLOCS_P;2014;800009466;800002982;M200H;16;;13;;
BLOCS_P;2014;800009466;800002982;N2200;90;;65.97;;
BLOCS_P;2014;800009466;800002982;N2510;47;;34.55;;
BLOCS_P;2014;800009466;800002982;N4160;2;;1.51;;
BLOCS_P;2014;800009466;800002982;NAUT;16;;14.12;;
BLOCS_P;2014;800009920;800003071;M100H;9;4;11;0;1
BLOCS_P;2014;800009920;800003071;M1030;13;1;13.5;1;1
BLOCS_P;2014;800009920;800003071;M200H;29;6;32;0;1
BLOCS_P;2014;800009920;800003071;N2200;24;17;37.37;0;1
BLOCS_P;2014;800009920;800003071;N2310;0;0;0.07;0;0
BLOCS_P;2014;800009920;800003071;N2320;1;0;1;0;0
BLOCS_P;2014;800009920;800003071;N2510;1;0;1;0;0
BLOCS_P;2014;800009920;800003071;NAUT;19;2;25.76;0;0
BLOCS_P;2014;800013179;800013138;M100H;7;2;7;0;0
BLOCS_P;2014;800013179;800013138;M1030;;17;0.71;0;0
BLOCS_P;2014;800013179;800013138;N2200;6;1;6.8;0;0
BLOCS_P;2014;800013179;800013138;N2510;4;1;4.75;0;0
BLOCS_P;2014;800013179;800013138;N4130;;1;0.2;0;0
BLOCS_P;2014;800013179;800013138;N4160;1;;1;0;0
BLOCS_P;2014;800015729;800015679;M100H;;9;2;0;0
BLOCS_P;2014;800015729;800015679;M1030;;4;1;0;0
BLOCS_P;2014;800015729;800015679;N2200;2;;2;0;0
BLOCS_P;2014;800015729;800015679;N4130;4;1;4.23;0;1
BLOCS_P;2014;800015729;800015679;N4160;1;;1;0;0
BLOCS_P;2014;800017253;800000044;NAUT;0;1;0.8;0;0
BLOCS_P;2014;800018491;800018483;M1030;;9;1.4;0;0
BLOCS_P;2014;800018491;800018483;M200H;;14;2.8;0;0
BLOCS_P;2014;800018491;800018483;N2200;5;1;5.65;0;0
BLOCS_P;2014;800018491;800018483;N2310;;6;0.8;0;0
BLOCS_P;2014;800018491;800018483;N2320;;9;0.8;0;0
BLOCS_P;2014;800018491;800018483;N2510;2;1;0.8;0;0
BLOCS_P;2014;800018491;800018483;NAUT;2;1;2.6;0;0
BLOCS_P;2014;810000224;810000471;M100H;7;1;7.5;0;1
BLOCS_P;2014;810000224;810000471;M1030;7;1;7.5;1;0
BLOCS_P;2014;810000224;810000471;M200H;12;1;12.5;0;1
BLOCS_P;2014;810000224;810000471;N2200;21;2;19.51;0;1
BLOCS_P;2014;810000224;810000471;N2510;7;;6.85;0;0
BLOCS_P;2014;810000224;810000471;N4160;1;;1;0;1
BLOCS_P;2014;810000224;810000471;NAUT;2;;1.2;0;0
BLOCS_P;2014;810000505;810000331;M100H;10;14;2.48;0;1
BLOCS_P;2014;810000505;810000331;M1030;9;28;4.97;1;1
BLOCS_P;2014;810000505;810000331;M200H;9;18;5.87;0;1
BLOCS_P;2014;810000505;810000331;N2200;12;1;13.65;0;
BLOCS_P;2014;810000505;810000331;N2310;10;2;10.39;0;
BLOCS_P;2014;810000505;810000331;N2320;8;;8.6;0;
BLOCS_P;2014;810000505;810000331;N2510;10;;9.94;0;
BLOCS_P;2014;810000505;810000331;NAUT;5;;2.85;0;
BLOCS_P;2014;810000521;810000380;M100H;27;6;6.77;0;1
BLOCS_P;2014;810000521;810000380;M1030;8;11;15.99;1;0
BLOCS_P;2014;810000521;810000380;M200H;16;13;15.02;1;0
BLOCS_P;2014;810000521;810000380;N2200;11;6;15.18;0;1
BLOCS_P;2014;810000521;810000380;N2310;18;3;14.3;0;1
BLOCS_P;2014;810000521;810000380;N2320;11;10;19.56;0;1
BLOCS_P;2014;810000521;810000380;N2510;14;4;15.81;0;1
BLOCS_P;2014;810000521;810000380;NAUT;9;;5.52;0;0
BLOCS_P;2014;810000562;810000455;M1030;1;4;2.48;;
BLOCS_P;2014;810000562;810000455;M200H;;2;0.2;0;0
BLOCS_P;2014;810000562;810000455;N2200;4;;2.4;0;
BLOCS_P;2014;810000562;810000455;N2310;2;;2;0;1
BLOCS_P;2014;810000562;810000455;N2320;1;1;1.8;0;1
BLOCS_P;2014;810000562;810000455;N2510;4;;2.75;;
BLOCS_P;2014;810000562;810000455;N4160;1;;0.5;0;0
BLOCS_P;2014;810101170;810101162;N2200;25;1;24.49;0;1
BLOCS_P;2014;810101170;810101162;N2510;6;1;6.5;0;1
BLOCS_P;2014;810101170;810101162;N4160;1;;1;0;0
BLOCS_P;2014;810101170;810101162;NAUT;2;1;2.81;0;0
BLOCS_P;2014;810101444;810000992;M100H;30;;30;0;1
BLOCS_P;2014;810101444;810000992;M1030;6;;6;0;1
BLOCS_P;2014;810101444;810000992;M200H;23;;23;0;1
BLOCS_P;2014;810101444;810000992;N2200;18;7;22.23;0;1
BLOCS_P;2014;810101444;810000992;N2310;;;;0;1
BLOCS_P;2014;810101444;810000992;N2320;1;;1;0;1
BLOCS_P;2014;810101444;810000992;N2510;16;1;6.3;0;1
BLOCS_P;2014;810101444;810000992;N4130;;;;0;1
BLOCS_P;2014;810101444;810000992;N4160;1;1;1;0;1
BLOCS_P;2014;810101444;810000992;NAUT;9;1;9.2;0;1
BLOCS_P;2014;820000032;820000016;M100H;3;1;0.7;0;1
BLOCS_P;2014;820000032;820000016;M1030;3;1;2.99;1;0
BLOCS_P;2014;820000032;820000016;M200H;8;;2.23;0;1
BLOCS_P;2014;820000032;820000016;N2200;11;2;13.92;0;1
BLOCS_P;2014;820000032;820000016;N2310;7;4;10.2;0;1
BLOCS_P;2014;820000032;820000016;N2320;7;1;7.15;0;1
BLOCS_P;2014;820000032;820000016;N2510;6;;6.8;0;0
BLOCS_P;2014;820000032;820000016;NAUT;4;1;2.52;0;1
BLOCS_P;2014;820000040;820000081;M100H;9;0;9;0;1
BLOCS_P;2014;820000040;820000081;M1030;3;1;3.5;0;1
BLOCS_P;2014;820000040;820000081;M200H;13;3;14.5;0;1
BLOCS_P;2014;820000040;820000081;N2200;11;6;15.12;0;1
BLOCS_P;2014;820000040;820000081;N2310;1;;1.04;0;0
BLOCS_P;2014;820000040;820000081;N2320;;;;0;1
BLOCS_P;2014;820000040;820000081;N2510;6;1;7.92;0;0
BLOCS_P;2014;820000040;820000081;N4160;1;;1;0;1
BLOCS_P;2014;820000040;820000081;NAUT;4;4;7.18;0;1
BLOCS_P;2014;820000057;820000131;M100H;15;;15;;1
BLOCS_P;2014;820000057;820000131;M1030;9;;9;;1
BLOCS_P;2014;820000057;820000131;M200H;14;;14;;1
BLOCS_P;2014;820000057;820000131;N2200;20;24;39.21;;1
BLOCS_P;2014;820000057;820000131;N2320;1;;1;;1
BLOCS_P;2014;820000057;820000131;N2510;5;1;5.62;;1
BLOCS_P;2014;820000057;820000131;N4160;2;;2;;
BLOCS_P;2014;820000057;820000131;NAUT;22;5;27;;
BLOCS_P;2014;820000065;820000156;M100H;4;;3;0;1
BLOCS_P;2014;820000065;820000156;M1030;4;;4;0;1
BLOCS_P;2014;820000065;820000156;M200H;15;;15;0;1
BLOCS_P;2014;820000065;820000156;N2200;6;2;7.2;1;1
BLOCS_P;2014;820000065;820000156;N2510;2;;2;0;0
BLOCS_P;2014;820000065;820000156;N4160;2;1;2.71;0;0
BLOCS_P;2014;820000065;820000156;NAUT;1;1;1.83;0;1
BLOCS_P;2014;820000883;820004950;M1030;2;1;2.09;0;1
BLOCS_P;2014;820000883;820004950;M200H;1;6;1.5;0;0
BLOCS_P;2014;820000883;820004950;N2200;7;;7.42;0;0
BLOCS_P;2014;820000883;820004950;N2310;1;1;1.5;0;0
BLOCS_P;2014;820000883;820004950;N2320;2;;1.42;0;0
BLOCS_P;2014;820000883;820004950;N2510;4;1;4.2;0;0
BLOCS_P;2014;820000883;820004950;NAUT;;2;1;0;0
BLOCS_P;2014;830000279;830100517;M200H;6;7;2.65;0;1
BLOCS_P;2014;830000279;830100517;N2200;10;;8.55;0;1
BLOCS_P;2014;830000279;830100517;N2310;8;4;10.4;0;1
BLOCS_P;2014;830000279;830100517;N2320;5;;5.09;0;1
BLOCS_P;2014;830000279;830100517;N2510;10;;7.98;0;0
BLOCS_P;2014;830000279;830100517;N4130;;;;0;1
BLOCS_P;2014;830000279;830100517;N4160;2;;1.05;0;0
BLOCS_P;2014;830000279;830100517;NAUT;4;;3.42;0;0
BLOCS_P;2014;830000287;830100525;M100H;9;2;9.8;0;1
BLOCS_P;2014;830000287;830100525;M1030;4;4;6.17;1;0
BLOCS_P;2014;830000287;830100525;M200H;11;1;11.61;0;1
BLOCS_P;2014;830000287;830100525;N2200;10;2;10.07;0;1
BLOCS_P;2014;830000287;830100525;N2310;11;3;13.32;0;1
BLOCS_P;2014;830000287;830100525;N2320;11;2;12.48;0;1
BLOCS_P;2014;830000287;830100525;N2510;10;;10.32;0;1
BLOCS_P;2014;830000287;830100525;N4160;;1;0.01;;1
BLOCS_P;2014;830000287;830100525;NAUT;6;17;13.1;0;1
BLOCS_P;2014;830000295;830100533;M1030;5;3;3.39;1;0
BLOCS_P;2014;830000295;830100533;M200H;5;9;2.13;0;1
BLOCS_P;2014;830000295;830100533;N2200;5;;5.25;1;0
BLOCS_P;2014;830000295;830100533;N2310;9;;9;1;0
BLOCS_P;2014;830000295;830100533;N2320;7;;8.08;1;0
BLOCS_P;2014;830000295;830100533;N2510;7;1;7.33;0;0
BLOCS_P;2014;830000295;830100533;N4160;1;;1;0;0
BLOCS_P;2014;830000295;830100533;NAUT;1;2;1.9;0;0
BLOCS_P;2014;830000303;830100541;M100H;1;;0.1;0;0
BLOCS_P;2014;830000303;830100541;M1030;1;;0.3;0;0
BLOCS_P;2014;830000303;830100541;N2200;;1;0.51;0;0
BLOCS_P;2014;830000311;830100566;M100H;5;1;1.08;1;0
BLOCS_P;2014;830000311;830100566;M1030;6;2;3.26;1;0
BLOCS_P;2014;830000311;830100566;M200H;24;3;9.94;0;1
BLOCS_P;2014;830000311;830100566;N2200;9;2;10.22;;
BLOCS_P;2014;830000311;830100566;N2310;16;3;18.62;0;1
BLOCS_P;2014;830000311;830100566;N2320;12;3;14.16;0;1
BLOCS_P;2014;830000311;830100566;N2510;12;;10.88;0;1
BLOCS_P;2014;830000311;830100566;NAUT;12;3;15.12;;
BLOCS_P;2014;830000337;830100590;M100H;0;4;2.18;1;1
BLOCS_P;2014;830000337;830100590;M1030;3;0;2.33;;1
BLOCS_P;2014;830000337;830100590;N2310;4;0;4;0;
BLOCS_P;2014;830000345;830100616;M100H;3;2;1.25;;
BLOCS_P;2014;830000345;830100616;M1030;20;;16.72;1;
BLOCS_P;2014;830000345;830100616;M200H;29;7;31.1;;
BLOCS_P;2014;830000345;830100616;N2200;25;6;30.5;1;1
BLOCS_P;2014;830000345;830100616;N2310;27;5;32.05;1;1
BLOCS_P;2014;830000345;830100616;N2320;23;5;27.94;1;1
BLOCS_P;2014;830000345;830100616;N2510;11;20;32.93;0;0
BLOCS_P;2014;830000345;830100616;NAUT;21;22;42.03;1;1
BLOCS_P;2014;830100103;830000022;M100H;6;39;25.5;0;1
BLOCS_P;2014;830100103;830000022;M1030;8;;8;0;1
BLOCS_P;2014;830100103;830000022;M200H;4;25;16.5;0;1
BLOCS_P;2014;830100103;830000022;N2200;30;4;30.44;0;1
BLOCS_P;2014;830100103;830000022;N2310;1;;0.75;0;1
BLOCS_P;2014;830100103;830000022;N2320;3;;2.83;0;1
BLOCS_P;2014;830100103;830000022;N2510;5;;5.67;0;0
BLOCS_P;2014;830100103;830000022;N4160;2;;2.5;0;1
BLOCS_P;2014;830100103;830000022;NAUT;15;;16.44;0;0
BLOCS_P;2014;830100251;830000063;N2320;11;;11;0;1
BLOCS_P;2014;830100251;830000063;N2510;2;;2;;
BLOCS_P;2014;830100251;830000063;N4160;1;;1;0;0
BLOCS_P;2014;830100319;750052425;M100H;6;12;8.4;0;1
BLOCS_P;2014;830100319;750052425;M1030;9;1;9.5;1;1
BLOCS_P;2014;830100319;750052425;M200H;10;16;13.2;0;1
BLOCS_P;2014;830100319;750052425;N2200;12;7;15.89;;
BLOCS_P;2014;830100319;750052425;N2510;3;;3;;
BLOCS_P;2014;830100319;750052425;N4160;1;;1;;
BLOCS_P;2014;830100327;830000105;N2200;11;1;11.5;0;1
BLOCS_P;2014;830100327;830000105;N2310;3;1;3.4;0;
BLOCS_P;2014;830100327;830000105;N2510;4;;4;0;
BLOCS_P;2014;830100327;830000105;N4160;1;1;1.5;0;1
BLOCS_P;2014;830100327;830000105;NAUT;9;;9;0;
BLOCS_P;2014;830100368;830000147;M100H;0;20;10;0;1
BLOCS_P;2014;830100368;830000147;M1030;3;;3;1;
BLOCS_P;2014;830100368;830000147;M200H;9;16;17;1;
BLOCS_P;2014;830100368;830000147;N2200;9;1;9.96;0;1
BLOCS_P;2014;830100368;830000147;N4160;2;;1.93;0;1
BLOCS_P;2014;830100368;830000147;NAUT;6;;5.05;0;0
BLOCS_P;2014;830100392;830000154;M100H;;;;0;1
BLOCS_P;2014;830100392;830000154;M1030;;;;0;1
BLOCS_P;2014;830100392;830000154;M200H;;;;0;1
BLOCS_P;2014;830100392;830000154;N2200;11;3;14.2;0;1
BLOCS_P;2014;830100392;830000154;N2320;;1;0.4;0;0
BLOCS_P;2014;830100392;830000154;N2510;4;;4;0;0
BLOCS_P;2014;830100392;830000154;N4160;2;;2;0;1
BLOCS_P;2014;830100392;830000154;NAUT;4;;4;0;0
BLOCS_P;2014;830100418;830000170;M1030;4;0;4;0;1
BLOCS_P;2014;830100418;830000170;M200H;0;17;3.35;0;1
BLOCS_P;2014;830100418;830000170;N2200;7;1;7.25;0;1
BLOCS_P;2014;830100418;830000170;N2510;1;0;1;0;0
BLOCS_P;2014;830100418;830000170;N4160;2;0;2;0;0
BLOCS_P;2014;830100418;830000170;NAUT;2;0;2;0;0
BLOCS_P;2014;830100434;830000196;M100H;3;53;30.5;0;1
BLOCS_P;2014;830100434;830000196;M1030;7;4;9;1;
BLOCS_P;2014;830100434;830000196;M200H;8;42;29;0;1
BLOCS_P;2014;830100434;830000196;N2200;49;2;49.41;0;1
BLOCS_P;2014;830100434;830000196;N2310;2;1;1.24;0;0
BLOCS_P;2014;830100434;830000196;N2510;10;;11.87;0;0
BLOCS_P;2014;830100434;830000196;N4160;6;;6;0;1
BLOCS_P;2014;830100434;830000196;NAUT;21;;20.07;0;1
BLOCS_P;2014;830100459;830000212;N2200;12;3;13.46;;
BLOCS_P;2014;830100459;830000212;N2510;3;1;4.18;;
BLOCS_P;2014;830100459;830000212;N4160;1;;1;;
BLOCS_P;2014;830100475;830000238;M100H;3;30;18;0;1
BLOCS_P;2014;830100475;830000238;M1030;4;;4;0;1
BLOCS_P;2014;830100475;830000238;M200H;20;4;22;0;1
BLOCS_P;2014;830100475;830000238;N2200;16;2;18.36;0;1
BLOCS_P;2014;830100475;830000238;N2510;2;;2;0;0
BLOCS_P;2014;830100475;830000238;N4160;1;;1;0;1
BLOCS_P;2014;830100475;830000238;NAUT;9;;9.43;0;0
BLOCS_P;2014;830100491;830000212;N2200;9;;7.59;;
BLOCS_P;2014;830100491;830000212;N2510;2;;2;;
BLOCS_P;2014;830100491;830000212;N4160;1;;1;;
BLOCS_P;2014;830100558;690781810;M1030;4;;2.2;1;1
BLOCS_P;2014;830100558;690781810;M200H;5;;2.88;1;1
BLOCS_P;2014;830100558;690781810;N2200;8;1;8.81;0;0
BLOCS_P;2014;830100558;690781810;N2310;6;1;7.85;0;0
BLOCS_P;2014;830100558;690781810;N2320;9;;6.89;0;0
BLOCS_P;2014;830100558;690781810;N2510;6;;5.88;0;0
BLOCS_P;2014;830100558;690781810;NAUT;2;;1.7;0;0
BLOCS_P;2014;830100574;750821092;M100H;10;;9.42;1;1
BLOCS_P;2014;830100574;750821092;M1030;11;;8.44;1;0
BLOCS_P;2014;830100574;750821092;M200H;43;1;32.42;1;1
BLOCS_P;2014;830100574;750821092;N2200;15;;15;1;1
BLOCS_P;2014;830100574;750821092;N2310;29;;28.17;1;1
BLOCS_P;2014;830100574;750821092;N2320;16;;14.67;1;1
BLOCS_P;2014;830100574;750821092;N2510;7;;7;0;0
BLOCS_P;2014;830100574;750821092;N4130;3;;3;1;1
BLOCS_P;2014;830100574;750821092;N4160;5;;5;0;1
BLOCS_P;2014;830100574;750821092;NAUT;11;;10.8;1;1
BLOCS_P;2014;830100608;830100616;M100H;4;4;1.79;0;0
BLOCS_P;2014;830100608;830100616;N2200;3;3;5.2;;
BLOCS_P;2014;830100608;830100616;NAUT;2;2;3.25;;
BLOCS_P;2014;830200523;830210084;M100H;2;7;4.43;0;1
BLOCS_P;2014;830200523;830210084;M1030;3;1;3.52;0;1
BLOCS_P;2014;830200523;830210084;M200H;4;8;6.12;0;1
BLOCS_P;2014;830200523;830210084;N2200;10;2;10.62;0;1
BLOCS_P;2014;830200523;830210084;N2310;4;;4;0;1
BLOCS_P;2014;830200523;830210084;N2320;2;;2;0;1
BLOCS_P;2014;830200523;830210084;N4130;1;;1;0;1
BLOCS_P;2014;830200523;830210084;N4160;1;;1;0;1
BLOCS_P;2014;830200523;830210084;NAUT;4;;4;0;0
BLOCS_P;2014;840000285;840000608;N2200;15;7;19.36;;
BLOCS_P;2014;840000285;840000608;N2510;5;2;6.63;;
BLOCS_P;2014;840000285;840000608;N4160;2;;2;;0
BLOCS_P;2014;840000285;840000608;NAUT;11;;11;;
BLOCS_P;2014;840000327;840000640;M1030;2;;2;0;1
BLOCS_P;2014;840000327;840000640;M200H;5;;5;0;1
BLOCS_P;2014;840000327;840000640;N2200;4;;4;0;1
BLOCS_P;2014;840000327;840000640;N2310;1;0;1;0;0
BLOCS_P;2014;840000327;840000640;N2510;1;0;1;0;0
BLOCS_P;2014;840000327;840000640;N4130;0;1;0.4;0;0
BLOCS_P;2014;840000327;840000640;N4160;1;;1;0;1
BLOCS_P;2014;840000327;840000640;NAUT;4;0;4;0;0
BLOCS_P;2014;840000343;840000012;M100H;2;1;2.8;0;1
BLOCS_P;2014;840000343;840000012;M1030;;3;1.13;1;0
BLOCS_P;2014;840000343;840000012;M200H;;5;3.3;0;1
BLOCS_P;2014;840000343;840000012;N2200;3;1;4.5;0;1
BLOCS_P;2014;840000343;840000012;N2310;1;2;2.85;0;1
BLOCS_P;2014;840000343;840000012;N2320;1;2;2.85;0;1
BLOCS_P;2014;840000343;840000012;N2510;3;1;3.8;0;0
BLOCS_P;2014;840000343;840000012;N4130;3;1;3.85;0;1
BLOCS_P;2014;840000343;840000012;N4160;;1;0.5;0;0
BLOCS_P;2014;840000350;840000657;M100H;;1;0.5;0;0
BLOCS_P;2014;840000350;840000657;N2200;;2;1.2;0;0
BLOCS_P;2014;840000350;840000657;N2510;;2;0.6;0;0
BLOCS_P;2014;840000350;840000657;NAUT;;2;0.2;0;0
BLOCS_P;2014;840000392;840000046;M1030;2;1;2.41;1;0
BLOCS_P;2014;840000392;840000046;N2200;3;;3;;1
BLOCS_P;2014;840000392;840000046;N2310;4;;4;;1
BLOCS_P;2014;840000392;840000046;N2320;1;;1;;1
BLOCS_P;2014;840000392;840000046;NAUT;1;1;0.7;;1
BLOCS_P;2014;840000400;840000673;M100H;1;21;5.8;;1
BLOCS_P;2014;840000400;840000673;M1030;6;;6;;1
BLOCS_P;2014;840000400;840000673;M200H;8;18;12.2;;1
BLOCS_P;2014;840000400;840000673;N2200;9;;9;;1
BLOCS_P;2014;840000400;840000673;N2310;1;;1;;
BLOCS_P;2014;840000400;840000673;N2320;;1;0.83;;
BLOCS_P;2014;840000400;840000673;N4160;1;1;1;;
BLOCS_P;2014;840000400;840000673;NAUT;9;1;9.51;;1
BLOCS_P;2014;840000418;840004659;M1030;;;;;1
BLOCS_P;2014;840000418;840004659;M200H;3;;3;0;1
BLOCS_P;2014;840000418;840004659;N2200;3;;3;0;
BLOCS_P;2014;840000418;840004659;N2310;4;2;5.65;0;1
BLOCS_P;2014;840000418;840004659;N2320;4;;4;;1
BLOCS_P;2014;840000418;840004659;N2510;2;1;2.5;0;1
BLOCS_P;2014;840000467;840003651;N2200;11;5;15.62;;
BLOCS_P;2014;840000467;840003651;N2310;1;;1.62;;
BLOCS_P;2014;840000467;840003651;N2510;3;2;4.33;;
BLOCS_P;2014;840000467;840003651;NAUT;2;;2;;
BLOCS_P;2014;840000483;840000087;M100H;1;3;2;0;1
BLOCS_P;2014;840000483;840000087;M1030;2;5;5.6;1;0
BLOCS_P;2014;840000483;840000087;M200H;7;2;8;0;1
BLOCS_P;2014;840000483;840000087;N2200;12;5;15.85;0;0
BLOCS_P;2014;840000483;840000087;N2310;7;3;8.9;0;1
BLOCS_P;2014;840000483;840000087;N2320;4;2;5.6;0;1
BLOCS_P;2014;840000483;840000087;N2510;1;1;1.5;0;0
BLOCS_P;2014;840000483;840000087;N4130;10;2;11;0;1
BLOCS_P;2014;840000483;840000087;N4160;1;;1;0;0
BLOCS_P;2014;840000483;840000087;NAUT;4;1;4.54;0;0
BLOCS_P;2014;840001861;840006597;M100H;13;2;2.08;;
BLOCS_P;2014;840001861;840006597;M1030;14;5;16.63;1;0
BLOCS_P;2014;840001861;840006597;M200H;10;3;5.01;0;1
BLOCS_P;2014;840001861;840006597;N2200;13;4;16.41;1;
BLOCS_P;2014;840001861;840006597;N2310;33;10;38.52;1;
BLOCS_P;2014;840001861;840006597;N2320;23;6;26.47;1;
BLOCS_P;2014;840001861;840006597;N2510;36;11;26.08;1;
BLOCS_P;2014;840001861;840006597;N4160;2;1;3.02;0;0
BLOCS_P;2014;840001861;840006597;NAUT;68;32;107.54;1;
BLOCS_P;2014;840013270;840003651;N2200;8;3;9.79;;
BLOCS_P;2014;840013270;840003651;N2310;;;0.02;;
BLOCS_P;2014;840013270;840003651;N2510;1;2;2.25;;
BLOCS_P;2014;840013270;840003651;NAUT;1;;1;;
BLOCS_P;2014;840013312;840003685;M100H;10;5;10;1;1
BLOCS_P;2014;840013312;840003685;M1030;4;0;4;0;1
BLOCS_P;2014;840013312;840003685;M200H;7;1;7;0;1
BLOCS_P;2014;840013312;840003685;N2200;16;1;19.62;0;1
BLOCS_P;2014;840013312;840003685;N2310;1;0;1.13;0;0
BLOCS_P;2014;840013312;840003685;N2510;6;1;7.23;0;0
BLOCS_P;2014;840013312;840003685;N4130;4;0;4.7;0;1
BLOCS_P;2014;840013312;840003685;N4160;1;0;1;0;0
BLOCS_P;2014;840013312;840003685;NAUT;3;0;3.9;0;0
BLOCS_P;2014;840013445;840014658;M1030;6;;6;;
BLOCS_P;2014;840013445;840014658;M200H;39;;39;;
BLOCS_P;2014;840013445;840014658;N2200;10;13;18.28;;
BLOCS_P;2014;840013445;840014658;N2320;1;2;1.9;;
BLOCS_P;2014;840013445;840014658;N2510;3;2;4.42;;
BLOCS_P;2014;840013445;840014658;N4160;2;;2;;
BLOCS_P;2014;840013445;840014658;NAUT;4;8;10.16;;
BLOCS_P;2014;840017172;840017164;M100H;11;9;13.8;0;0
BLOCS_P;2014;840017172;840017164;M1030;5;;5;0;1
BLOCS_P;2014;840017172;840017164;M200H;;15;4.8;0;1
BLOCS_P;2014;840017172;840017164;N2200;16;11;19.35;0;1
BLOCS_P;2014;840017172;840017164;N2310;1;2;2.75;0;0
BLOCS_P;2014;840017172;840017164;N2320;1;0;1;0;0
BLOCS_P;2014;840017172;840017164;N2510;1;4;2.5;0;0
BLOCS_P;2014;840017172;840017164;N4160;2;0;2;0;0
BLOCS_P;2014;840019079;840019053;M1030;;2;0.2;;
BLOCS_P;2014;840019079;840019053;M200H;;2;0.2;;
BLOCS_P;2014;840019079;840019053;N2310;;1;0.2;;
BLOCS_P;2014;840019079;840019053;N2320;;1;0.2;;
BLOCS_P;2014;840019079;840019053;N4160;;1;0.2;;
BLOCS_P;2014;840019079;840019053;NAUT;;1;0.2;;
BLOCS_P;2014;850000118;850013244;M100H;5;37;23.5;0;1
BLOCS_P;2014;850000118;850013244;M1030;10;;10;0;1
BLOCS_P;2014;850000118;850013244;M200H;17;7;20.5;0;1
BLOCS_P;2014;850000118;850013244;N2200;16;3;18.2;;
BLOCS_P;2014;850000118;850013244;N2310;3;1;3.5;;
BLOCS_P;2014;850000118;850013244;N2320;1;2;2.6;;
BLOCS_P;2014;850000118;850013244;N2510;3;2;4.8;;
BLOCS_P;2014;850000118;850013244;N4160;2;;2;;
BLOCS_P;2014;850000126;850022948;M100H;;;;0;1
BLOCS_P;2014;850000126;850022948;M1030;5;;5;0;1
BLOCS_P;2014;850000126;850022948;M200H;10;;10;0;1
BLOCS_P;2014;850000126;850022948;N2200;19;3;22.42;0;1
BLOCS_P;2014;850000126;850022948;N2310;1;;1;0;0
BLOCS_P;2014;850000126;850022948;N2320;1;;1;0;1
BLOCS_P;2014;850000126;850022948;N2510;1;1;1;0;0
BLOCS_P;2014;850000126;850022948;N4160;1;;1;0;0
BLOCS_P;2014;850000126;850022948;NAUT;7;3;9;0;0
BLOCS_P;2014;850000134;850013269;M1030;3;;3;0;1
BLOCS_P;2014;850000134;850013269;M200H;14;7;;0;1
BLOCS_P;2014;850000134;850013269;N2200;27;;18.01;0;1
BLOCS_P;2014;850000134;850013269;N2310;13;;3.11;0;1
BLOCS_P;2014;850000134;850013269;N2320;1;;1;0;1
BLOCS_P;2014;850000134;850013269;N2510;2;;2;0;0
BLOCS_P;2014;850000134;850013269;N4160;1;;1;0;
BLOCS_P;2014;850000134;850013269;NAUT;3;;3;0;0
BLOCS_P;2014;850000142;850000019;M100H;;8;0.75;0;1
BLOCS_P;2014;850000142;850000019;M1030;3;28;13.92;1;0
BLOCS_P;2014;850000142;850000019;M200H;;26;11.65;0;1
BLOCS_P;2014;850000142;850000019;N2200;25;16;36.53;0;
BLOCS_P;2014;850000142;850000019;N2310;13;29;32.46;0;0
BLOCS_P;2014;850000142;850000019;N2320;15;10;23.65;0;0
BLOCS_P;2014;850000142;850000019;N2510;26;6;30.24;0;0
BLOCS_P;2014;850000142;850000019;N4130;1;4;3.98;0;0
BLOCS_P;2014;850000142;850000019;NAUT;12;4;13.26;0;0
BLOCS_P;2014;850000175;850009010;M100H;;3;1.3;0;1
BLOCS_P;2014;850000175;850009010;M1030;;6;4.47;1;0
BLOCS_P;2014;850000175;850009010;M200H;;7;2.96;0;1
BLOCS_P;2014;850000175;850009010;N2200;13;5;15;0;1
BLOCS_P;2014;850000175;850009010;N2310;7;;7;0;1
BLOCS_P;2014;850000175;850009010;N2320;9;;9;0;1
BLOCS_P;2014;850000175;850009010;N2510;8;;8;0;1
BLOCS_P;2014;850000175;850009010;NAUT;3;;2.87;0;1
BLOCS_P;2014;850000209;850000019;M1030;;2;0.23;0;0
BLOCS_P;2014;850000209;850000019;M200H;;1;0.07;0;0
BLOCS_P;2014;850000209;850000019;N2200;;2;0.67;0;0
BLOCS_P;2014;850000209;850000019;N2510;;4;1.5;0;0
BLOCS_P;2014;850000209;850000019;N4160;;1;0.3;0;0
BLOCS_P;2014;850000241;850000084;M100H;0;5;1.5;0;0
BLOCS_P;2014;850000241;850000084;M1030;4;0;4.67;0;0
BLOCS_P;2014;850000241;850000084;N2200;4;0;4;0;0
BLOCS_P;2014;850000241;850000084;N2310;6;1;7.48;0;0
BLOCS_P;2014;850000241;850000084;N2510;5;0;4.91;0;0
BLOCS_P;2014;850000241;850000084;N4160;1;0;0.5;0;0
BLOCS_P;2014;850009630;850000035;M1030;1;1;0.75;;1
BLOCS_P;2014;850009630;850000035;N2310;6;;5.76;;
BLOCS_P;2014;850009630;850000035;N4130;2;1;2.75;;
BLOCS_P;2014;860000025;860013382;M100H;;4;0.65;0;1
BLOCS_P;2014;860000025;860013382;M1030;7;;3.32;1;0
BLOCS_P;2014;860000025;860013382;M200H;9;2;3.56;0;1
BLOCS_P;2014;860000025;860013382;N2200;7;3;10.26;0;0
BLOCS_P;2014;860000025;860013382;N2310;5;6;10.21;0;1
BLOCS_P;2014;860000025;860013382;N2320;11;4;13.76;0;1
BLOCS_P;2014;860000025;860013382;N2510;10;;8.99;0;1
BLOCS_P;2014;860000025;860013382;NAUT;4;;3.47;0;0
BLOCS_P;2014;860000058;860780097;M1030;2;;1;0;1
BLOCS_P;2014;860000058;860780097;M200H;2;2;1.1;0;0
BLOCS_P;2014;860000058;860780097;N2200;2;;2;0;0
BLOCS_P;2014;860000058;860780097;N2310;2;1;2.43;0;0
BLOCS_P;2014;860000058;860780097;N2320;4;;4;0;0
BLOCS_P;2014;860000058;860780097;N2510;2;;2;0;0
BLOCS_P;2014;860000223;860013077;M100H;10;;3;0;1
BLOCS_P;2014;860000223;860013077;M1030;33;4;27.2;1;0
BLOCS_P;2014;860000223;860013077;M200H;75;8;47.75;0;1
BLOCS_P;2014;860000223;860013077;N2200;70;27;87.93;0;1
BLOCS_P;2014;860000223;860013077;N2310;45;6;44.16;0;1
BLOCS_P;2014;860000223;860013077;N2320;15;3;16.06;0;1
BLOCS_P;2014;860000223;860013077;N2510;80;8;77.57;0;1
BLOCS_P;2014;860000223;860013077;N4160;7;;6.3;0;0
BLOCS_P;2014;860000223;860013077;NAUT;11;3;14.65;0;1
BLOCS_P;2014;860010321;860010313;M100H;3;;3;;1
BLOCS_P;2014;860010321;860010313;M1030;10;;10;;1
BLOCS_P;2014;860010321;860010313;M200H;30;;30;;1
BLOCS_P;2014;860010321;860010313;N2200;31;10;37.33;0;1
BLOCS_P;2014;860010321;860010313;N2510;8;;8.08;0;0
BLOCS_P;2014;860010321;860010313;N4160;;1;0.5;;1
BLOCS_P;2014;860010321;860010313;NAUT;6;1;6.8;0;0
BLOCS_P;2014;860780311;860010750;M100H;6;1;5.6;0;1
BLOCS_P;2014;860780311;860010750;M1030;4;;4;0;1
BLOCS_P;2014;860780311;860010750;M200H;18;1;18;0;1
BLOCS_P;2014;860780311;860010750;N2200;22;;22;0;1
BLOCS_P;2014;860780311;860010750;N2510;1;;1;;
BLOCS_P;2014;860780311;860010750;N4160;1;;1;0;0
BLOCS_P;2014;860780568;860000140;M1030;4;4;4;;1
BLOCS_P;2014;860780568;860000140;M200H;7;2;8;;1
BLOCS_P;2014;860780568;860000140;N2200;6;;6;;
BLOCS_P;2014;860780568;860000140;N2310;2;;2;;
BLOCS_P;2014;860780568;860000140;N2320;;;;;1
BLOCS_P;2014;860780568;860000140;N4160;1;;1;;
BLOCS_P;2014;870000064;870000015;M100H;0;2;0.3;0;0
BLOCS_P;2014;870000064;870000015;M1030;41;2;24.44;1;1
BLOCS_P;2014;870000064;870000015;M200H;54;4;16.06;1;1
BLOCS_P;2014;870000064;870000015;N2200;77;20;66.63;0;1
BLOCS_P;2014;870000064;870000015;N2310;46;1;44.22;0;1
BLOCS_P;2014;870000064;870000015;N2320;36;4;37.22;0;1
BLOCS_P;2014;870000064;870000015;N2510;33;7;37.66;0;0
BLOCS_P;2014;870000064;870000015;N4160;7;0;4.01;0;1
BLOCS_P;2014;870000064;870000015;NAUT;31;0;27.77;0;0
BLOCS_P;2014;870000098;870000023;M100H;3;2;0.91;0;1
BLOCS_P;2014;870000098;870000023;M1030;4;0;2.91;0;1
BLOCS_P;2014;870000098;870000023;M200H;6;2;2.88;0;1
BLOCS_P;2014;870000098;870000023;N2200;10;1;10.12;0;1
BLOCS_P;2014;870000098;870000023;N2310;9;1;9.8;1;0
BLOCS_P;2014;870000098;870000023;N2320;3;1;3.5;0;1
BLOCS_P;2014;870000098;870000023;N2510;1;;1;0;1
BLOCS_P;2014;870000098;870000023;N4160;;1;0.75;0;0
BLOCS_P;2014;870000098;870000023;NAUT;2;1;2.2;0;0
BLOCS_P;2014;870000270;870000031;M1030;;1;0.5;0;0
BLOCS_P;2014;870000270;870000031;N2200;1;1;1.02;0;
BLOCS_P;2014;870000270;870000031;N2310;;1;0.2;0;
BLOCS_P;2014;870000270;870000031;N2510;1;;1;0;
BLOCS_P;2014;870000270;870000031;N4160;1;;0.5;0;
BLOCS_P;2014;870000288;870017415;M100H;14;1;11.5;1;1
BLOCS_P;2014;870000288;870017415;M1030;11;8;12;0;1
BLOCS_P;2014;870000288;870017415;M200H;34;;32.4;0;1
BLOCS_P;2014;870000288;870017415;N2200;42;9;46.73;0;1
BLOCS_P;2014;870000288;870017415;N2310;7;1;7.04;0;0
BLOCS_P;2014;870000288;870017415;N2320;7;2;7.77;0;1
BLOCS_P;2014;870000288;870017415;N2510;11;1;11.55;0;0
BLOCS_P;2014;870000288;870017415;N4160;6;;4;0;0
BLOCS_P;2014;870000288;870017415;NAUT;8;;8;0;0
BLOCS_P;2014;870000411;870017415;M100H;3;;3;;
BLOCS_P;2014;870000411;870017415;M1030;3;;3;;
BLOCS_P;2014;870000411;870017415;M200H;6;1;6;;
BLOCS_P;2014;870000411;870017415;N2200;15;6;17.67;;
BLOCS_P;2014;870000411;870017415;N2310;4;;4.29;;
BLOCS_P;2014;870000411;870017415;N2320;2;1;2.46;;
BLOCS_P;2014;870000411;870017415;N2510;2;;1.92;;
BLOCS_P;2014;870000411;870017415;N4160;2;;1.5;;
BLOCS_P;2014;870000411;870017415;NAUT;2;;5.13;;
BLOCS_P;2014;870002060;870017415;N2200;10;1;11.4;;
BLOCS_P;2014;870002060;870017415;N4160;2;;2;;
BLOCS_P;2014;870002060;870017415;NAUT;7;;8;;
BLOCS_P;2014;870014859;870000015;M1030;10;0;7.14;1;1
BLOCS_P;2014;870014859;870000015;M200H;5;1;0.83;0;1
BLOCS_P;2014;870014859;870000015;N2200;15;5;18.44;0;1
BLOCS_P;2014;870014859;870000015;N2310;19;;18.13;0;1
BLOCS_P;2014;870014859;870000015;N2320;5;;4.34;0;1
BLOCS_P;2014;870014859;870000015;N2510;23;6;27.74;0;0
BLOCS_P;2014;870014859;870000015;N4160;;;;0;1
BLOCS_P;2014;870014859;870000015;NAUT;29;15;37.88;0;0
BLOCS_P;2014;880000021;880007059;M100H;2;1;2.2;0;1
BLOCS_P;2014;880000021;880007059;M1030;1;9;5;1;0
BLOCS_P;2014;880000021;880007059;M200H;7;6;8.35;0;1
BLOCS_P;2014;880000021;880007059;N2200;7;4;11.01;0;1
BLOCS_P;2014;880000021;880007059;N2310;2;6;4.79;0;1
BLOCS_P;2014;880000021;880007059;N2320;5;3;7.51;0;1
BLOCS_P;2014;880000021;880007059;N2510;5;1;5.6;0;1
BLOCS_P;2014;880000021;880007059;NAUT;2;1;2.26;0;0
BLOCS_P;2014;880000047;880780077;M100H;5;;1.8;0;0
BLOCS_P;2014;880000047;880780077;M1030;5;1;4.97;0;
BLOCS_P;2014;880000047;880780077;M200H;9;2;4.8;0;1
BLOCS_P;2014;880000047;880780077;N2310;6;2;7;;1
BLOCS_P;2014;880000047;880780077;N2320;12;4;12;;1
BLOCS_P;2014;880000047;880780077;N4160;1;;0.6;;0
BLOCS_P;2014;880000054;880007299;M100H;1;4;2.52;;
BLOCS_P;2014;880000054;880007299;M1030;4;1;4.63;1;0
BLOCS_P;2014;880000054;880007299;M200H;5;2;5.03;1;1
BLOCS_P;2014;880000054;880007299;N2200;4;6;8.52;;
BLOCS_P;2014;880000054;880007299;N2310;6;1;6.23;0;1
BLOCS_P;2014;880000054;880007299;N2320;2;1;3.3;0;1
BLOCS_P;2014;880000054;880007299;N2510;3;2;2.89;0;0
BLOCS_P;2014;880000054;880007299;N4160;1;1;1.36;0;0
BLOCS_P;2014;880000054;880007299;NAUT;6;0;5.8;0;0
BLOCS_P;2014;880000062;880780093;M100H;;14;1.61;0;1
BLOCS_P;2014;880000062;880780093;M1030;6;0;6;1;0
BLOCS_P;2014;880000062;880780093;M200H;;12;5.14;0;1
BLOCS_P;2014;880000062;880780093;N2200;11;4;13.94;0;1
BLOCS_P;2014;880000062;880780093;N2310;10;3;12.31;0;1
BLOCS_P;2014;880000062;880780093;N2320;6;2;7.3;0;1
BLOCS_P;2014;880000062;880780093;N2510;2;0;1.49;0;0
BLOCS_P;2014;880000062;880780093;NAUT;14;0;10.9;0;0
BLOCS_P;2014;880000070;880007299;M100H;;1;0.1;0;0
BLOCS_P;2014;880000070;880007299;N2200;;2;0.81;0;0
BLOCS_P;2014;880000070;880007299;NAUT;;1;0.5;0;0
BLOCS_P;2014;880788591;880780150;N2200;38;6;41.38;;1
BLOCS_P;2014;880788591;880780150;N2310;6;4;9.1;;0
BLOCS_P;2014;880788591;880780150;N2320;4;1;5;;1
BLOCS_P;2014;880788591;880780150;N2510;3;2;4.64;;0
BLOCS_P;2014;880788591;880780150;N4160;1;;1;;1
BLOCS_P;2014;880788591;880780150;NAUT;11;;9.36;;0
BLOCS_P;2014;890000169;890000151;M1030;5;;5;0;0
BLOCS_P;2014;890000169;890000151;M200H;23;;23;0;0
BLOCS_P;2014;890000169;890000151;N2200;11;4;13.67;0;1
BLOCS_P;2014;890000169;890000151;N2310;1;;1;0;0
BLOCS_P;2014;890000169;890000151;N2320;2;;2;0;0
BLOCS_P;2014;890000169;890000151;N2510;3;;3;0;0
BLOCS_P;2014;890000169;890000151;N4160;1;;1;0;1
BLOCS_P;2014;890000169;890000151;NAUT;4;;4;0;0
BLOCS_P;2014;890002389;890000730;N2200;15;5;18.29;0;1
BLOCS_P;2014;890002389;890000730;N2320;1;2;2.54;0;1
BLOCS_P;2014;890002389;890000730;N2510;5;;5;0;1
BLOCS_P;2014;890002389;890000730;N4160;1;;1;;
BLOCS_P;2014;890002389;890000730;NAUT;11;2;12.44;;
BLOCS_P;2014;890975527;890000037;M1030;9;2;9.75;1;1
BLOCS_P;2014;890975527;890000037;M200H;12;7;14.75;1;1
BLOCS_P;2014;890975527;890000037;N2200;19;3;21.22;;
BLOCS_P;2014;890975527;890000037;N2310;18;4;21.43;;
BLOCS_P;2014;890975527;890000037;N2320;6;3;8.57;;
BLOCS_P;2014;890975527;890000037;N2510;2;;2;;
BLOCS_P;2014;890975527;890000037;N4160;1;;1;;
BLOCS_P;2014;890975527;890000037;NAUT;18;1;18.86;;
BLOCS_P;2014;890975535;890000409;M100H;1;;0.6;1;0
BLOCS_P;2014;890975535;890000409;N2200;1;;0.43;0;0
BLOCS_P;2014;890975535;890000409;NAUT;1;;0.15;0;0
BLOCS_P;2014;890975543;890000417;M100H;1;;0.12;0;0
BLOCS_P;2014;890975543;890000417;N2200;;1;0.86;0;0
BLOCS_P;2014;890975543;890000417;N2510;1;;1;0;0
BLOCS_P;2014;890975543;890000417;NAUT;;1;0.61;0;0
BLOCS_P;2014;890975550;890970569;M100H;;;;0;1
BLOCS_P;2014;890975550;890970569;M1030;11;4;13.1;1;0
BLOCS_P;2014;890975550;890970569;M200H;11;8;14.96;0;1
BLOCS_P;2014;890975550;890970569;N2200;10;3;12.33;0;1
BLOCS_P;2014;890975550;890970569;N2310;9;6;14.52;1;1
BLOCS_P;2014;890975550;890970569;N2320;6;3;8.58;0;1
BLOCS_P;2014;890975550;890970569;N2510;7;;7.33;0;1
BLOCS_P;2014;890975550;890970569;N4160;1;;1;0;1
BLOCS_P;2014;890975550;890970569;NAUT;12;;11.15;0;0
BLOCS_P;2014;900000035;900003880;M100H;3;1;3.2;1;0
BLOCS_P;2014;900000035;900003880;M1030;3;1;3.8;1;1
BLOCS_P;2014;900000035;900003880;M200H;12;3;12.6;1;0
BLOCS_P;2014;900000035;900003880;N2200;13;6;16.67;1;1
BLOCS_P;2014;900000035;900003880;N2320;2;2;3.03;1;1
BLOCS_P;2014;900000035;900003880;N2510;1;;1;0;0
BLOCS_P;2014;900000035;900003880;N4160;1;;1;0;0
BLOCS_P;2014;900000167;900000365;M100H;6;2;7.05;;
BLOCS_P;2014;900000167;900000365;M1030;9;2;10.59;;
BLOCS_P;2014;900000167;900000365;M200H;16;12;22.04;;
BLOCS_P;2014;900000167;900000365;N2200;32;12;38.21;;
BLOCS_P;2014;900000167;900000365;N2310;21;3;20.07;;
BLOCS_P;2014;900000167;900000365;N2320;7;5;10.27;;
BLOCS_P;2014;900000167;900000365;N2510;10;1;9.2;;
BLOCS_P;2014;900000167;900000365;NAUT;7;3;9.2;;
BLOCS_P;2014;910000272;910110014;M100H;;8;1.51;0;0
BLOCS_P;2014;910000272;910110014;M1030;;7;4.81;1;0
BLOCS_P;2014;910000272;910110014;M200H;;10;2.39;0;1
BLOCS_P;2014;910000272;910110014;N2200;10;;10.17;0;0
BLOCS_P;2014;910000272;910110014;N2310;7;1;7.94;1;0
BLOCS_P;2014;910000272;910110014;N2320;2;;2;1;0
BLOCS_P;2014;910000272;910110014;N2510;3;;3;0;0
BLOCS_P;2014;910000272;910110014;N4160;1;;0.92;0;0
BLOCS_P;2014;910000272;910110014;NAUT;3;;3.08;0;0
BLOCS_P;2014;910000280;910019447;M100H;1;1;0.2;0;1
BLOCS_P;2014;910000280;910019447;M1030;3;;0.95;1;0
BLOCS_P;2014;910000280;910019447;M200H;3;3;1.2;0;1
BLOCS_P;2014;910000280;910019447;N2200;1;;1;0;0
BLOCS_P;2014;910000280;910019447;N2310;7;;5.8;1;
BLOCS_P;2014;910000280;910019447;N2320;9;;8.75;1;0
BLOCS_P;2014;910000280;910019447;N2510;4;;4;0;0
BLOCS_P;2014;910000280;910019447;N4160;2;1;1;0;0
BLOCS_P;2014;910000298;910110055;M100H;;;0.19;;
BLOCS_P;2014;910000298;910110055;M1030;5;7;10.69;;
BLOCS_P;2014;910000298;910110055;M200H;20;;3.7;;
BLOCS_P;2014;910000298;910110055;N2200;6;5;11.07;0;0
BLOCS_P;2014;910000298;910110055;N2310;14;;13.08;1;0
BLOCS_P;2014;910000298;910110055;N2320;9;2;10.3;1;0
BLOCS_P;2014;910000298;910110055;N2510;15;2;16.91;0;0
BLOCS_P;2014;910000298;910110055;N4160;3;;2.83;0;0
BLOCS_P;2014;910000298;910110055;NAUT;10;1;10.9;0;0
BLOCS_P;2014;910000306;910110063;M1030;4;3;6.18;1;0
BLOCS_P;2014;910000306;910110063;M200H;;;;0;1
BLOCS_P;2014;910000306;910110063;N2200;3;;3.04;0;0
BLOCS_P;2014;910000306;910110063;N2310;4;5;8.89;1;0
BLOCS_P;2014;910000306;910110063;N2320;7;2;8.67;1;0
BLOCS_P;2014;910000306;910110063;N2510;2;;2.83;0;0
BLOCS_P;2014;910000306;910110063;N4160;;;0.92;0;0
BLOCS_P;2014;910000306;910110063;NAUT;4;1;4.81;0;0
BLOCS_P;2014;910001973;910019447;M1030;6;;6;1;0
BLOCS_P;2014;910001973;910019447;M200H;8;;2.15;1;1
BLOCS_P;2014;910001973;910019447;N2200;3;;2.02;0;0
BLOCS_P;2014;910001973;910019447;N2310;10;;8.55;1;0
BLOCS_P;2014;910001973;910019447;N2320;11;1;9.42;1;0
BLOCS_P;2014;910001973;910019447;N2510;5;1;5.2;0;0
BLOCS_P;2014;910001973;910019447;N4160;1;;0.95;0;0
BLOCS_P;2014;910001973;910019447;NAUT;2;;2;0;0
BLOCS_P;2014;910018423;910019454;M100H;;6;2.8;0;0
BLOCS_P;2014;910018423;910019454;M1030;1;1;1.5;0;0
BLOCS_P;2014;910018423;910019454;N2200;1;3;3.1;;
BLOCS_P;2014;910018423;910019454;N2510;1;;1;;
BLOCS_P;2014;910018423;910019454;NAUT;1;1;0.84;;
BLOCS_P;2014;910020254;910002773;N2200;14;5;15.5;1;0
BLOCS_P;2014;910020254;910002773;N2310;;;;1;0
BLOCS_P;2014;910020254;910002773;N2320;12;6;16.1;1;0
BLOCS_P;2014;910020254;910002773;N2510;14;8;19;1;0
BLOCS_P;2014;910020254;910002773;N4160;2;;2;0;0
BLOCS_P;2014;910020254;910002773;NAUT;12;2;13;0;0
BLOCS_P;2014;910150010;910014919;M1030;;2;0.51;0;0
BLOCS_P;2014;910150010;910014919;N2200;;1;0.5;0;0
BLOCS_P;2014;910150028;750811184;M100H;6;;0.8;0;0
BLOCS_P;2014;910150028;750811184;M1030;;;0.1;0;0
BLOCS_P;2014;910150028;750811184;N2200;2;1;2.5;0;0
BLOCS_P;2014;910150028;750811184;N4160;1;;0.2;0;0
BLOCS_P;2014;910300011;910000348;M1030;3;;3;;1
BLOCS_P;2014;910300011;910000348;M200H;4;31;24.5;;1
BLOCS_P;2014;910300011;910000348;N2200;6;2;7.25;;
BLOCS_P;2014;910300011;910000348;N2320;;1;0.49;;
BLOCS_P;2014;910300011;910000348;N2510;;1;0.57;;
BLOCS_P;2014;910300144;910000447;M100H;7;1;7.5;0;1
BLOCS_P;2014;910300144;910000447;M1030;6;;6;1;0
BLOCS_P;2014;910300144;910000447;M200H;18;8;22;0;1
BLOCS_P;2014;910300144;910000447;N2200;19;;17.94;0;0
BLOCS_P;2014;910300144;910000447;N2310;3;3;4.75;0;1
BLOCS_P;2014;910300144;910000447;N2320;5;;4.24;0;1
BLOCS_P;2014;910300144;910000447;N2510;11;;9.82;0;0
BLOCS_P;2014;910300144;910000447;N4160;1;;1;0;0
BLOCS_P;2014;910300144;910000447;NAUT;18;;17.22;0;0
BLOCS_P;2014;910300177;910000462;M100H;6;14;13;0;0
BLOCS_P;2014;910300177;910000462;M1030;6;;6;0;0
BLOCS_P;2014;910300177;910000462;M200H;16;10;21;0;0
BLOCS_P;2014;910300177;910000462;N2200;59;16;43.12;1;1
BLOCS_P;2014;910300177;910000462;N2310;;6;2.1;;1
BLOCS_P;2014;910300177;910000462;N2320;32;7;20.15;1;1
BLOCS_P;2014;910300177;910000462;N2510;40;21;33.22;1;
BLOCS_P;2014;910300177;910000462;N4160;3;;3;;1
BLOCS_P;2014;910300177;910000462;NAUT;;;;;1
BLOCS_P;2014;910300219;910003888;M100H;57;2;59;;
BLOCS_P;2014;910300219;910003888;M1030;21;2;22;;
BLOCS_P;2014;910300219;910003888;M200H;26;6;29;;
BLOCS_P;2014;910300219;910003888;N2200;42;6;42.17;;
BLOCS_P;2014;910300219;910003888;N2310;7;1;6.65;;
BLOCS_P;2014;910300219;910003888;N2320;11;1;11.03;;
BLOCS_P;2014;910300219;910003888;N2510;13;1;13.47;;
BLOCS_P;2014;910300219;910003888;N4130;5;;5;;
BLOCS_P;2014;910300219;910003888;N4160;3;;3;;
BLOCS_P;2014;910300219;910003888;NAUT;8;3;9.55;;
BLOCS_P;2014;910300300;910000538;M100H;1;3;2;;1
BLOCS_P;2014;910300300;910000538;M1030;1;;1;;1
BLOCS_P;2014;910300300;910000538;M200H;2;11;5;;1
BLOCS_P;2014;910300300;910000538;N2200;6;;6;1;1
BLOCS_P;2014;910300300;910000538;N2310;1;;1;0;0
BLOCS_P;2014;910300300;910000538;N4160;1;;1;0;0
BLOCS_P;2014;910300300;910000538;NAUT;4;;4;0;0
BLOCS_P;2014;910300359;910000587;M100H;3;;3;0;1
BLOCS_P;2014;910300359;910000587;M1030;;6;4;1;0
BLOCS_P;2014;910300359;910000587;M200H;;30;15;0;1
BLOCS_P;2014;910300359;910000587;N2200;7;2;7.83;0;1
BLOCS_P;2014;910300359;910000587;N2320;3;;3;0;1
BLOCS_P;2014;910300359;910000587;N2510;2;;2;0;0
BLOCS_P;2014;910300359;910000587;N4160;1;;1;0;0
BLOCS_P;2014;910300359;910000587;NAUT;9;;9;0;0
BLOCS_P;2014;910803543;910017615;N2200;5;2;4.1;0;1
BLOCS_P;2014;910803543;910017615;N2320;9;4;13.65;0;1
BLOCS_P;2014;910803543;910017615;N2510;2;0;2;0;0
BLOCS_P;2014;910803543;910017615;NAUT;2;0;2;0;0
BLOCS_P;2014;910805357;910001643;M100H;;7;2.5;0;1
BLOCS_P;2014;910805357;910001643;M1030;4;3;6.5;1;1
BLOCS_P;2014;910805357;910001643;M200H;10;21;11.2;0;1
BLOCS_P;2014;910805357;910001643;N2200;10;7;15.35;0;1
BLOCS_P;2014;910805357;910001643;N2510;;1;0.5;;
BLOCS_P;2014;910805357;910001643;N4130;5;;5;;
BLOCS_P;2014;910805357;910001643;N4160;1;;1;;1
BLOCS_P;2014;910805357;910001643;NAUT;9;;9;;
BLOCS_P;2014;920000460;750813321;M1030;3;3;5.22;1;1
BLOCS_P;2014;920000460;750813321;M200H;4;11;6.35;0;1
BLOCS_P;2014;920000460;750813321;N2200;8;3;10.25;0;0
BLOCS_P;2014;920000460;750813321;N2310;3;15;7.62;0;1
BLOCS_P;2014;920000460;750813321;N2320;4;2;5.12;0;1
BLOCS_P;2014;920000460;750813321;N2510;7;0;7.5;0;0
BLOCS_P;2014;920000460;750813321;NAUT;10;0;9.7;0;0
BLOCS_P;2014;920000577;920110020;M1030;10;;2.49;0;0
BLOCS_P;2014;920000577;920110020;M200H;29;;4.56;0;0
BLOCS_P;2014;920000577;920110020;N2200;14;;11.54;0;0
BLOCS_P;2014;920000577;920110020;N2310;8;;7;0;0
BLOCS_P;2014;920000577;920110020;N2320;5;;4.32;0;0
BLOCS_P;2014;920000577;920110020;N2510;16;;14.05;0;0
BLOCS_P;2014;920000577;920110020;N4160;3;;2.01;0;0
BLOCS_P;2014;920000577;920110020;NAUT;6;;6;0;0
BLOCS_P;2014;920000585;920026374;M1030;4;5;5.96;1;0
BLOCS_P;2014;920000585;920026374;M200H;2;4;1.31;0;1
BLOCS_P;2014;920000585;920026374;N2200;4;6;5.91;;
BLOCS_P;2014;920000585;920026374;N2310;6;8;8.7;;
BLOCS_P;2014;920000585;920026374;N2320;3;2;4.76;;
BLOCS_P;2014;920000585;920026374;N2510;3;;3;;
BLOCS_P;2014;920000585;920026374;NAUT;4;2;4.89;;
BLOCS_P;2014;920000619;920009909;M100H;;7;1.02;;1
BLOCS_P;2014;920000619;920009909;M1030;1;4;2.07;1;
BLOCS_P;2014;920000619;920009909;M200H;3;6;3.5;;1
BLOCS_P;2014;920000619;920009909;N2200;8;0;7.93;;1
BLOCS_P;2014;920000619;920009909;N2310;5;1;6.8;1;
BLOCS_P;2014;920000619;920009909;N2320;3;3;3.51;1;
BLOCS_P;2014;920000619;920009909;N2510;8;0;7.33;;1
BLOCS_P;2014;920000619;920009909;N4130;0;0;0;;1
BLOCS_P;2014;920000619;920009909;N4160;1;0;1.5;0;0
BLOCS_P;2014;920000619;920009909;NAUT;6;0;6.17;0;0
BLOCS_P;2014;920000627;920009909;M1030;2;1;4.19;;
BLOCS_P;2014;920000627;920009909;N2200;5;;6.92;0;0
BLOCS_P;2014;920000627;920009909;N2310;4;;5.64;1;
BLOCS_P;2014;920000627;920009909;N2320;4;;3.75;1;
BLOCS_P;2014;920000627;920009909;N2510;1;;1;0;0
BLOCS_P;2014;920000627;920009909;N4130;;;;;1
BLOCS_P;2014;920000627;920009909;NAUT;6;;5.45;0;0
BLOCS_P;2014;920000643;920150034;M1030;11;12;11.64;1;0
BLOCS_P;2014;920000643;920150034;M200H;10;19;18.9;1;1
BLOCS_P;2014;920000643;920150034;N2200;9;;8.46;0;0
BLOCS_P;2014;920000643;920150034;N2310;8;;7.97;0;1
BLOCS_P;2014;920000643;920150034;N2320;9;1;9.53;0;1
BLOCS_P;2014;920000643;920150034;N2510;5;;5.6;0;0
BLOCS_P;2014;920000643;920150034;N4160;1;;0.78;0;0
BLOCS_P;2014;920000643;920150034;NAUT;17;1;16.11;0;0
BLOCS_P;2014;920000650;920150059;M1030;21;18;31.06;1;1
BLOCS_P;2014;920000650;920150059;M200H;;;;0;1
BLOCS_P;2014;920000650;920150059;N2200;46;10;52.47;1;1
BLOCS_P;2014;920000650;920150059;N2310;29;5;32.57;1;1
BLOCS_P;2014;920000650;920150059;N2320;8;4;10.93;1;1
BLOCS_P;2014;920000650;920150059;N2510;15;;15;1;1
BLOCS_P;2014;920000650;920150059;N4130;;;;1;1
BLOCS_P;2014;920000650;920150059;N4160;6;;6.5;1;1
BLOCS_P;2014;920000650;920150059;NAUT;39;4;38.48;1;1
BLOCS_P;2014;920000684;920150091;M100H;15;5;17.28;0;0
BLOCS_P;2014;920000684;920150091;M1030;14;7;16.8;1;1
BLOCS_P;2014;920000684;920150091;M200H;15;2;17.51;0;1
BLOCS_P;2014;920000684;920150091;N2200;38;4;43.91;0;1
BLOCS_P;2014;920000684;920150091;N2310;13;2;19.44;0;1
BLOCS_P;2014;920000684;920150091;N2320;3;2;5.78;0;1
BLOCS_P;2014;920000684;920150091;N2510;10;;9.88;0;0
BLOCS_P;2014;920000684;920150091;N4130;;;;0;1
BLOCS_P;2014;920000684;920150091;NAUT;21;;18.57;0;0
BLOCS_P;2014;920100013;750712184;M100H;;;;0;1
BLOCS_P;2014;920100013;750712184;M1030;14;7;17.7;1;1
BLOCS_P;2014;920100013;750712184;M200H;5;48;18.6;1;
BLOCS_P;2014;920100013;750712184;N2200;11;2;13.11;1;0
BLOCS_P;2014;920100013;750712184;N2310;;;;1;1
BLOCS_P;2014;920100013;750712184;N2320;15;3;17.98;1;0
BLOCS_P;2014;920100013;750712184;N2510;20;;18.77;1;0
BLOCS_P;2014;920100013;750712184;N4130;;;;1;0
BLOCS_P;2014;920100013;750712184;N4160;4;0;4;0;0
BLOCS_P;2014;920100013;750712184;NAUT;7;;7.25;;
BLOCS_P;2014;920100021;750712184;M100H;2;4;4.7;1;1
BLOCS_P;2014;920100021;750712184;M1030;18;0;18;1;1
BLOCS_P;2014;920100021;750712184;M200H;7;9;10.3;1;1
BLOCS_P;2014;920100021;750712184;N2200;28;1;28.04;1;1
BLOCS_P;2014;920100021;750712184;N2310;12;4;15.86;1;1
BLOCS_P;2014;920100021;750712184;N2320;5;2;6.65;1;1
BLOCS_P;2014;920100021;750712184;N2510;18;1;18.15;1;1
BLOCS_P;2014;920100021;750712184;N4130;;;;1;
BLOCS_P;2014;920100021;750712184;N4160;3;1;3.75;0;0
BLOCS_P;2014;920100021;750712184;NAUT;3;1;3.74;0;0
BLOCS_P;2014;920100054;750712184;M100H;;;;1;1
BLOCS_P;2014;920100054;750712184;M1030;4;4;7;1;0
BLOCS_P;2014;920100054;750712184;M200H;0;11;9.5;0;0
BLOCS_P;2014;920100054;750712184;N2200;8;7;12.9;1;0
BLOCS_P;2014;920100054;750712184;N2310;6;2;8.18;0;0
BLOCS_P;2014;920100054;750712184;N2320;1;1;3.12;0;0
BLOCS_P;2014;920100054;750712184;N2510;5;1;5.9;1;0
BLOCS_P;2014;920100054;750712184;N4160;2;;2;0;0
BLOCS_P;2014;920100054;750712184;NAUT;7;1;7.15;1;
BLOCS_P;2014;920120011;750821092;M100H;19;3;19;0;1
BLOCS_P;2014;920120011;750821092;M1030;8;1;7.7;1;1
BLOCS_P;2014;920120011;750821092;M200H;26;4;25.3;1;0
BLOCS_P;2014;920120011;750821092;N2200;8;;8;1;0
BLOCS_P;2014;920120011;750821092;N2310;28;;28;1;0
BLOCS_P;2014;920120011;750821092;N2320;10;;10;1;0
BLOCS_P;2014;920120011;750821092;N2510;5;;5;1;0
BLOCS_P;2014;920120011;750821092;N4130;3;;2.4;1;0
BLOCS_P;2014;920120011;750821092;N4160;1;;1;0;0
BLOCS_P;2014;920300043;920001526;M100H;;32;32;0;1
BLOCS_P;2014;920300043;920001526;M1030;;21;21;1;1
BLOCS_P;2014;920300043;920001526;M200H;;76;76;0;1
BLOCS_P;2014;920300043;920001526;N2200;20;15;25.05;0;1
BLOCS_P;2014;920300043;920001526;N2320;8;;7.7;0;1
BLOCS_P;2014;920300043;920001526;N2510;3;7;5.59;0;1
BLOCS_P;2014;920300043;920001526;N4130;2;;2;0;1
BLOCS_P;2014;920300043;920001526;N4160;3;2;4.1;0;0
BLOCS_P;2014;920300043;920001526;NAUT;3;;3;0;1
BLOCS_P;2014;920300183;920000759;M100H;3;28;8.6;0;0
BLOCS_P;2014;920300183;920000759;M1030;4;4;4.8;0;0
BLOCS_P;2014;920300183;920000759;M200H;;25;5;0;0
BLOCS_P;2014;920300183;920000759;N2200;18;2;18.3;;0
BLOCS_P;2014;920300183;920000759;N2320;2;;2;;1
BLOCS_P;2014;920300183;920000759;N2510;6;;6;;0
BLOCS_P;2014;920300191;920000767;M100H;1;2;3;1;0
BLOCS_P;2014;920300191;920000767;M1030;5;;5;0;1
BLOCS_P;2014;920300191;920000767;M200H;;;;0;1
BLOCS_P;2014;920300191;920000767;N2200;17;7;21.06;1;1
BLOCS_P;2014;920300191;920000767;N2320;;;;0;1
BLOCS_P;2014;920300191;920000767;N2510;7;6;12.85;1;0
BLOCS_P;2014;920300191;920000767;N4160;;1;0.23;0;1
BLOCS_P;2014;920300209;920000775;M1030;2;1;2;;1
BLOCS_P;2014;920300209;920000775;M200H;0;20;10;0;0
BLOCS_P;2014;920300209;920000775;N2200;1;0;1;0;0
BLOCS_P;2014;920300209;920000775;N2310;1;0;1;0;0
BLOCS_P;2014;920300209;920000775;N2320;2;2;4;0;1
BLOCS_P;2014;920300209;920000775;NAUT;3;0;3;0;0
BLOCS_P;2014;920300365;920815388;M100H;2;15;13;0;0
BLOCS_P;2014;920300365;920815388;M1030;4;1;4.5;0;0
BLOCS_P;2014;920300365;920815388;M200H;9;32;11;0;0
BLOCS_P;2014;920300365;920815388;N2200;10;2;11.4;0;1
BLOCS_P;2014;920300365;920815388;N2320;2;0;2;0;1
BLOCS_P;2014;920300365;920815388;N2510;6;1;6.65;0;0
BLOCS_P;2014;920300365;920815388;N4160;1;0;1;0;
BLOCS_P;2014;920300365;920815388;NAUT;9;2;8.78;0;0
BLOCS_P;2014;920300415;920000890;M100H;3;;2;;1
BLOCS_P;2014;920300415;920000890;M1030;6;;6;1;
BLOCS_P;2014;920300415;920000890;N2200;13;;11.36;;
BLOCS_P;2014;920300415;920000890;N2320;2;;2.04;;
BLOCS_P;2014;920300415;920000890;N2510;2;;1.55;;
BLOCS_P;2014;920300415;920000890;N4160;1;;1;;
BLOCS_P;2014;920300415;920000890;NAUT;8;;8.05;;
BLOCS_P;2014;920300597;920000940;M100H;;11;1.75;0;1
BLOCS_P;2014;920300597;920000940;M1030;6;2;3;0;1
BLOCS_P;2014;920300597;920000940;M200H;2;34;5.7;0;1
BLOCS_P;2014;920300597;920000940;N2200;10;6;13.39;0;1
BLOCS_P;2014;920300597;920000940;N2320;;;0.03;0;1
BLOCS_P;2014;920300597;920000940;N2510;1;2;2.78;0;0
BLOCS_P;2014;920300597;920000940;N4160;1;;1.41;0;0
BLOCS_P;2014;920300597;920000940;NAUT;6;;5.77;0;0
BLOCS_P;2014;920300670;920000965;M1030;;;;1;0
BLOCS_P;2014;920300670;920000965;M200H;0;55;11;0;1
BLOCS_P;2014;920300670;920000965;N2320;7;;7;0;1
BLOCS_P;2014;920300670;920000965;N4160;1;;1;0;0
BLOCS_P;2014;920300670;920000965;NAUT;6;;6;0;1
BLOCS_P;2014;920300712;920810736;M1030;;17;;0;1
BLOCS_P;2014;920300712;920810736;M200H;;57;;0;1
BLOCS_P;2014;920300712;920810736;N2200;11;;10.22;0;
BLOCS_P;2014;920300712;920810736;N2320;1;;0.97;0;
BLOCS_P;2014;920300712;920810736;N2510;2;;1.99;0;0
BLOCS_P;2014;920300712;920810736;N4160;1;1;1.26;0;
BLOCS_P;2014;920300712;920810736;NAUT;12;;11.63;0;0
BLOCS_P;2014;920300753;920810736;M100H;1;1;;0;1
BLOCS_P;2014;920300753;920810736;M1030;;19;;0;1
BLOCS_P;2014;920300753;920810736;M200H;13;19;;;1
BLOCS_P;2014;920300753;920810736;N2200;27;5;28.95;0;1
BLOCS_P;2014;920300753;920810736;N2320;;4;3.07;0;1
BLOCS_P;2014;920300753;920810736;N2510;6;;5.9;;
BLOCS_P;2014;920300753;920810736;NAUT;24;1;25.82;;
BLOCS_P;2014;920300761;920000973;M100H;;30;;0;1
BLOCS_P;2014;920300761;920000973;M1030;1;18;;0;1
BLOCS_P;2014;920300761;920000973;M200H;2;57;;0;1
BLOCS_P;2014;920300761;920000973;N2200;16;3;11.3;0;1
BLOCS_P;2014;920300761;920000973;N2320;;2;0.97;0;0
BLOCS_P;2014;920300761;920000973;N2510;2;;1.95;0;0
BLOCS_P;2014;920300761;920000973;N4160;1;;1;0;0
BLOCS_P;2014;920300761;920000973;NAUT;15;;12.25;0;0
BLOCS_P;2014;920300787;920000981;M100H;;4;1.2;0;0
BLOCS_P;2014;920300787;920000981;M1030;12;4;12.8;1;0
BLOCS_P;2014;920300787;920000981;M200H;;84;16.8;0;0
BLOCS_P;2014;920300787;920000981;N2200;20;2;20.8;1;
BLOCS_P;2014;920300787;920000981;N2320;12;5;15.19;1;
BLOCS_P;2014;920300787;920000981;N2510;1;;1;;
BLOCS_P;2014;920300787;920000981;N4160;1;;1;;
BLOCS_P;2014;920300787;920000981;NAUT;15;1;15.5;1;
BLOCS_P;2014;920300837;920001005;M100H;1;24;0.5;;1
BLOCS_P;2014;920300837;920001005;M1030;2;1;2.5;;1
BLOCS_P;2014;920300837;920001005;M200H;;62;0.5;;1
BLOCS_P;2014;920300837;920001005;N2320;5;;4.74;;1
BLOCS_P;2014;920300837;920001005;N4130;3;;3;;0
BLOCS_P;2014;920300837;920001005;N4160;1;;1;;1
BLOCS_P;2014;920300936;920006848;M100H;11;12;17;0;1
BLOCS_P;2014;920300936;920006848;M1030;7;1;7.5;1;1
BLOCS_P;2014;920300936;920006848;M200H;6;26;19;0;1
BLOCS_P;2014;920300936;920006848;N2200;6;2;6.81;0;1
BLOCS_P;2014;920300936;920006848;N2310;3;2;4;0;1
BLOCS_P;2014;920300936;920006848;N2320;1;1;1;0;1
BLOCS_P;2014;920300936;920006848;N4160;1;;1;0;1
BLOCS_P;2014;920300936;920006848;NAUT;10;;9.98;0;0
BLOCS_P;2014;920803798;920002037;M100H;;2;0.5;0;
BLOCS_P;2014;920803798;920002037;M1030;3;1;2.5;0;
BLOCS_P;2014;920803798;920002037;M200H;;13;2.68;0;
BLOCS_P;2014;920803798;920002037;N2200;3;4;4.1;0;1
BLOCS_P;2014;920803798;920002037;N2320;1;;1;0;1
BLOCS_P;2014;920803798;920002037;N2510;2;;2;0;0
BLOCS_P;2014;930000286;930021480;M100H;16;12;20.5;1;1
BLOCS_P;2014;930000286;930021480;M1030;12;2;11.6;1;1
BLOCS_P;2014;930000286;930021480;M200H;19;16;24.7;1;1
BLOCS_P;2014;930000286;930021480;N2200;19;5;21.55;;
BLOCS_P;2014;930000286;930021480;N2310;1;;0.33;;
BLOCS_P;2014;930000286;930021480;N2320;6;;5.5;;
BLOCS_P;2014;930000286;930021480;N2510;17;;12.5;;
BLOCS_P;2014;930000286;930021480;NAUT;43;8;37.71;;
BLOCS_P;2014;930000302;930110036;M100H;46;31;64.37;0;0
BLOCS_P;2014;930000302;930110036;M1030;20;2;4;1;
BLOCS_P;2014;930000302;930110036;M200H;14;26;23.02;1;1
BLOCS_P;2014;930000302;930110036;N2200;8;5;12.03;0;0
BLOCS_P;2014;930000302;930110036;N2310;9;9;10.77;1;0
BLOCS_P;2014;930000302;930110036;N2320;7;2;8.09;;
BLOCS_P;2014;930000302;930110036;N2510;8;6;13.01;;
BLOCS_P;2014;930000302;930110036;N4160;1;;2;;
BLOCS_P;2014;930000302;930110036;NAUT;8;5;12.8;;
BLOCS_P;2014;930000328;930110051;M1030;11;11;12.8;1;
BLOCS_P;2014;930000328;930110051;M200H;16;17;22;1;1
BLOCS_P;2014;930000328;930110051;N2200;23;;22.09;0;0
BLOCS_P;2014;930000328;930110051;N2310;17;1;17.12;1;0
BLOCS_P;2014;930000328;930110051;N2320;7;1;7.9;1;0
BLOCS_P;2014;930000328;930110051;N2510;14;1;15.11;0;0
BLOCS_P;2014;930000328;930110051;N4160;2;;1.26;0;0
BLOCS_P;2014;930000328;930110051;NAUT;16;5;18.33;0;0
BLOCS_P;2014;930000336;930110069;N2200;12;;11.8;;
BLOCS_P;2014;930000336;930110069;N2310;21;;20.3;;
BLOCS_P;2014;930000336;930110069;N2320;11;;11;;
BLOCS_P;2014;930000336;930110069;N4160;1;;1;;
BLOCS_P;2014;930100037;750712184;M100H;5;8;5.8;1;1
BLOCS_P;2014;930100037;750712184;M1030;15;3;18.3;1;0
BLOCS_P;2014;930100037;750712184;M200H;22;11;16.8;1;1
BLOCS_P;2014;930100037;750712184;N2200;21;6;21.4;0;0
BLOCS_P;2014;930100037;750712184;N2310;17;3;17.3;1;0
BLOCS_P;2014;930100037;750712184;N2320;11;1;11.9;0;0
BLOCS_P;2014;930100037;750712184;N2510;22;7;23.2;0;0
BLOCS_P;2014;930100037;750712184;N4160;1;;1;0;0
BLOCS_P;2014;930100037;750712184;NAUT;7;1;7.4;0;0
BLOCS_P;2014;930100045;750712184;M100H;;0;;1;
BLOCS_P;2014;930100045;750712184;M1030;11;6;14.3;1;
BLOCS_P;2014;930100045;750712184;M200H;3;7;7.2;1;
BLOCS_P;2014;930100045;750712184;N2200;10;2;14;1;
BLOCS_P;2014;930100045;750712184;N2310;10;4;13.2;0;0
BLOCS_P;2014;930100045;750712184;N2320;3;0;3;1;
BLOCS_P;2014;930100045;750712184;N2510;10;1;10.5;1;
BLOCS_P;2014;930100045;750712184;N4160;6;;6;0;
BLOCS_P;2014;930100045;750712184;NAUT;1;1;1.5;0;
BLOCS_P;2014;930150032;930000815;M100H;5;9;12.88;1;1
BLOCS_P;2014;930150032;930000815;M1030;3;11;7.18;1;1
BLOCS_P;2014;930150032;930000815;M200H;;4;0.5;;1
BLOCS_P;2014;930150032;930000815;N2200;5;5;5.57;0;0
BLOCS_P;2014;930150032;930000815;N2310;;7;1.16;0;0
BLOCS_P;2014;930150032;930000815;N4160;1;;1;0;1
BLOCS_P;2014;930150032;930000815;NAUT;;;1;0;0
BLOCS_P;2014;930300025;930000393;M100H;1;;1;0;
BLOCS_P;2014;930300025;930000393;M1030;8;;7;1;
BLOCS_P;2014;930300025;930000393;M200H;4;0;4;1;
BLOCS_P;2014;930300025;930000393;N2200;8;0;8;;
BLOCS_P;2014;930300025;930000393;N2320;2;1;2.71;;
BLOCS_P;2014;930300025;930000393;N2510;5;0;5;;
BLOCS_P;2014;930300025;930000393;N4160;2;0;2;;
BLOCS_P;2014;930300025;930000393;NAUT;18;0;18;;
BLOCS_P;2014;930300066;930000401;M100H;10;;10;;
BLOCS_P;2014;930300066;930000401;M1030;6;;5;;
BLOCS_P;2014;930300066;930000401;M200H;20;13;26.5;;
BLOCS_P;2014;930300066;930000401;N2200;13;12;13.73;;
BLOCS_P;2014;930300066;930000401;N2320;3;;3.22;;
BLOCS_P;2014;930300066;930000401;N2510;6;1;6.05;;
BLOCS_P;2014;930300066;930000401;N4130;1;;1;;
BLOCS_P;2014;930300066;930000401;N4160;1;;1;;
BLOCS_P;2014;930300066;930000401;NAUT;13;;10.43;;
BLOCS_P;2014;930300082;930000419;M100H;34;;28;0;1
BLOCS_P;2014;930300082;930000419;M1030;4;;4;0;1
BLOCS_P;2014;930300082;930000419;M200H;38;;39;0;1
BLOCS_P;2014;930300082;930000419;N2200;11;;9;0;1
BLOCS_P;2014;930300082;930000419;N2320;2;;2;0;1
BLOCS_P;2014;930300082;930000419;N2510;2;;2;0;0
BLOCS_P;2014;930300082;930000419;N4130;4;;4;0;1
BLOCS_P;2014;930300082;930000419;N4160;1;;1;0;1
BLOCS_P;2014;930300116;930000427;M100H;;0;;1;1
BLOCS_P;2014;930300116;930000427;M1030;;7;7;1;1
BLOCS_P;2014;930300116;930000427;M200H;;30;30;0;1
BLOCS_P;2014;930300116;930000427;N4160;;;;;1
BLOCS_P;2014;930300264;930000492;M1030;4;;4;;
BLOCS_P;2014;930300264;930000492;N2200;12;3;12.8;0;1
BLOCS_P;2014;930300264;930000492;N2310;1;1;1.25;0;0
BLOCS_P;2014;930300264;930000492;N2320;2;;2;0;0
BLOCS_P;2014;930300264;930000492;N2510;8;1;8.75;0;0
BLOCS_P;2014;930300264;930000492;N4130;5;;1;0;1
BLOCS_P;2014;930300264;930000492;N4160;1;;1;0;1
BLOCS_P;2014;930300264;930000492;NAUT;12;2;13;0;0
BLOCS_P;2014;930300298;930025523;M1030;5;;5;1;0
BLOCS_P;2014;930300298;930025523;M200H;1;25;13;0;1
BLOCS_P;2014;930300298;930025523;N2200;9;;9;;
BLOCS_P;2014;930300298;930025523;N2320;1;1;1.5;;1
BLOCS_P;2014;930300298;930025523;N2510;4;;4;;
BLOCS_P;2014;930300298;930025523;N4160;2;;2;0;1
BLOCS_P;2014;930300298;930025523;NAUT;10;;10;;
BLOCS_P;2014;930300504;930000609;M100H;;2;;;1
BLOCS_P;2014;930300504;930000609;M1030;3;;;;1
BLOCS_P;2014;930300504;930000609;M200H;;25;;;1
BLOCS_P;2014;930300504;930000609;N2200;3;;3;;1
BLOCS_P;2014;930300504;930000609;N2320;4;2;4;;1
BLOCS_P;2014;930300504;930000609;N2510;1;;1;;
BLOCS_P;2014;930300504;930000609;NAUT;6;1;5.5;;
BLOCS_P;2014;930300553;930000633;M100H;;6;0.6;0;1
BLOCS_P;2014;930300553;930000633;M1030;6;;6;1;
BLOCS_P;2014;930300553;930000633;M200H;1;20;7.66;0;1
BLOCS_P;2014;930300553;930000633;N2200;22;5;30.73;0;1
BLOCS_P;2014;930300553;930000633;N2320;1;1;1.8;0;1
BLOCS_P;2014;930300553;930000633;N2510;1;;1;0;1
BLOCS_P;2014;930300553;930000633;NAUT;7;;7.96;0;1
BLOCS_P;2014;930300587;930000641;M100H;;8;;0;1
BLOCS_P;2014;930300587;930000641;M1030;;5;5;0;1
BLOCS_P;2014;930300587;930000641;M200H;;26;;0;1
BLOCS_P;2014;930300587;930000641;N2200;9;;8.64;0;1
BLOCS_P;2014;930300587;930000641;N2320;1;;0.8;0;1
BLOCS_P;2014;930300587;930000641;N2510;3;;3;0;0
BLOCS_P;2014;930300587;930000641;N4160;1;;1;0;1
BLOCS_P;2014;930300587;930000641;NAUT;8;;8;0;0
BLOCS_P;2014;930300595;930000658;M100H;4;3;7;1;1
BLOCS_P;2014;930300595;930000658;M1030;5;;5;0;1
BLOCS_P;2014;930300595;930000658;M200H;6;11;17;0;1
BLOCS_P;2014;930300595;930000658;N2200;5;;5;0;1
BLOCS_P;2014;930300595;930000658;N2320;3;;3;0;1
BLOCS_P;2014;930300595;930000658;N2510;5;;5;;
BLOCS_P;2014;930300595;930000658;N4160;1;;1;0;0
BLOCS_P;2014;930300595;930000658;NAUT;9;;9;0;0
BLOCS_P;2014;930300629;930000666;M100H;;5;4;0;1
BLOCS_P;2014;930300629;930000666;M1030;2;;2;0;1
BLOCS_P;2014;930300629;930000666;M200H;6;5;3;0;1
BLOCS_P;2014;930300629;930000666;N2200;4;2;5;0;1
BLOCS_P;2014;930300629;930000666;N2320;1;;0.82;0;0
BLOCS_P;2014;930300629;930000666;N2510;2;;2;0;0
BLOCS_P;2014;930300645;930000682;M100H;9;;9;;1
BLOCS_P;2014;930300645;930000682;M1030;6;2;7;;1
BLOCS_P;2014;930300645;930000682;N2200;18;1;18.39;;1
BLOCS_P;2014;930300645;930000682;N2310;6;;5.25;;1
BLOCS_P;2014;930300645;930000682;N2320;2;1;2.94;;1
BLOCS_P;2014;930300645;930000682;N2510;4;;4;;
BLOCS_P;2014;930300645;930000682;N4160;1;;1;;
BLOCS_P;2014;930300645;930000682;NAUT;17;1;15.59;;
BLOCS_P;2014;940000573;940110018;M1030;17;4;15.25;1;1
BLOCS_P;2014;940000573;940110018;M200H;10;19;5.2;0;1
BLOCS_P;2014;940000573;940110018;N2200;57;2;46.67;1;
BLOCS_P;2014;940000573;940110018;N2310;28;2;26.28;1;
BLOCS_P;2014;940000573;940110018;N2320;15;1;12.71;1;
BLOCS_P;2014;940000573;940110018;N2510;17;13;26.8;1;
BLOCS_P;2014;940000573;940110018;N4160;2;3;2.7;1;
BLOCS_P;2014;940000573;940110018;NAUT;24;2;19.55;0;
BLOCS_P;2014;940000599;940110042;M100H;;;;1;1
BLOCS_P;2014;940000599;940110042;M1030;21;;20.2;1;1
BLOCS_P;2014;940000599;940110042;M200H;28;29;36.3;1;1
BLOCS_P;2014;940000599;940110042;N2200;13;;13;0;0
BLOCS_P;2014;940000599;940110042;N2310;;;;1;0
BLOCS_P;2014;940000599;940110042;N2320;9;;9;1;0
BLOCS_P;2014;940000599;940110042;N2510;8;;8;0;0
BLOCS_P;2014;940000599;940110042;N4130;;;;1;0
BLOCS_P;2014;940000599;940110042;N4160;1;;1;0;1
BLOCS_P;2014;940000599;940110042;NAUT;19;;19;1;0
BLOCS_P;2014;940000649;940150014;M100H;;5;0.7;0;0
BLOCS_P;2014;940000649;940150014;M1030;6;5;8.5;1;0
BLOCS_P;2014;940000649;940150014;M200H;12;11;19.2;1;1
BLOCS_P;2014;940000649;940150014;N2200;16;2;14.7;0;0
BLOCS_P;2014;940000649;940150014;N2310;10;3;10.85;1;0
BLOCS_P;2014;940000649;940150014;N2320;1;1;1.8;1;0
BLOCS_P;2014;940000649;940150014;NAUT;9;1;9.5;0;0
BLOCS_P;2014;940000656;940150022;M100H;;4;;;
BLOCS_P;2014;940000656;940150022;N2200;1;1;2;0;0
BLOCS_P;2014;940000664;940160013;M1030;16;;14.82;1;1
BLOCS_P;2014;940000664;940160013;M200H;28;13;26.45;;1
BLOCS_P;2014;940000664;940160013;N2200;17;5;20.59;;
BLOCS_P;2014;940000664;940160013;N2310;16;6;20.08;;
BLOCS_P;2014;940000664;940160013;N2320;13;3;16.81;;
BLOCS_P;2014;940000664;940160013;N2510;6;2;7.37;;
BLOCS_P;2014;940000664;940160013;N4130;6;;5.52;;
BLOCS_P;2014;940000664;940160013;N4160;2;;2;;
BLOCS_P;2014;940000664;940160013;NAUT;32;5;31.02;;
BLOCS_P;2014;940006679;940017338;M1030;5;3;6;1;1
BLOCS_P;2014;940006679;940017338;M200H;2;60;30;0;1
BLOCS_P;2014;940006679;940017338;N2200;16;2;17.73;;1
BLOCS_P;2014;940006679;940017338;N2320;;1;0.86;;1
BLOCS_P;2014;940006679;940017338;N2510;6;;5.1;;
BLOCS_P;2014;940006679;940017338;NAUT;11;;10.01;;
BLOCS_P;2014;940016868;940016819;M1030;6;;6;;
BLOCS_P;2014;940016868;940016819;M200H;3;;1.26;;
BLOCS_P;2014;940016868;940016819;N2200;1;0;1;;
BLOCS_P;2014;940016868;940016819;N2310;2;0;2;;
BLOCS_P;2014;940016868;940016819;N2510;1;1;1.86;;
BLOCS_P;2014;940016868;940016819;NAUT;10;3;11.06;;
BLOCS_P;2014;940100027;750712184;M1030;36;10;41.1;1;1
BLOCS_P;2014;940100027;750712184;M200H;47;;47;1;1
BLOCS_P;2014;940100027;750712184;N2200;54;4;57;1;1
BLOCS_P;2014;940100027;750712184;N2310;36;7;40.7;1;1
BLOCS_P;2014;940100027;750712184;N2320;37;5;40;1;1
BLOCS_P;2014;940100027;750712184;N2510;50;1;49;0;0
BLOCS_P;2014;940100027;750712184;N4130;4;1;4.5;1;0
BLOCS_P;2014;940100027;750712184;N4160;9;;9;0;0
BLOCS_P;2014;940100027;750712184;NAUT;19;;18.51;0;0
BLOCS_P;2014;940100043;750712184;M100H;3;10;6.5;;
BLOCS_P;2014;940100043;750712184;M1030;35;1;35.9;1;1
BLOCS_P;2014;940100043;750712184;M200H;19;77;44.4;1;1
BLOCS_P;2014;940100043;750712184;N2200;84;13;41.65;1;1
BLOCS_P;2014;940100043;750712184;N2310;37;9;39.47;1;1
BLOCS_P;2014;940100043;750712184;N2320;15;2;19.08;1;1
BLOCS_P;2014;940100043;750712184;N2510;38;13;41.68;1;1
BLOCS_P;2014;940100043;750712184;N4160;6;2;7.3;0;1
BLOCS_P;2014;940100043;750712184;NAUT;18;1;17.87;0;0
BLOCS_P;2014;940100068;750712184;M1030;5;2;6;1;
BLOCS_P;2014;940100068;750712184;M200H;5;5;7.5;;
BLOCS_P;2014;940100068;750712184;N2200;8;0;7.5;;
BLOCS_P;2014;940100068;750712184;N2310;11;0;11;;
BLOCS_P;2014;940100068;750712184;N2320;12;0;12;;
BLOCS_P;2014;940100068;750712184;N2510;11;2;10.5;;
BLOCS_P;2014;940100068;750712184;N4130;11;2;12.6;;
BLOCS_P;2014;940100068;750712184;N4160;3;0;3;;
BLOCS_P;2014;940100068;750712184;NAUT;12;1;12.8;;
BLOCS_P;2014;940120017;750821092;M1030;7;;7;1;1
BLOCS_P;2014;940120017;750821092;M200H;13;;13;1;1
BLOCS_P;2014;940120017;750821092;N2200;11;;11;0;0
BLOCS_P;2014;940120017;750821092;N2310;20;;20;1;0
BLOCS_P;2014;940120017;750821092;N2320;5;;5;1;0
BLOCS_P;2014;940120017;750821092;N2510;2;;2;0;0
BLOCS_P;2014;940120017;750821092;N4160;2;;2;0;0
BLOCS_P;2014;940120017;750821092;NAUT;4;;4;0;0
BLOCS_P;2014;940300031;940000706;M1030;12;;12;;
BLOCS_P;2014;940300031;940000706;M200H;;47;40;;
BLOCS_P;2014;940300031;940000706;N2200;14;1;14.69;;
BLOCS_P;2014;940300031;940000706;N2320;3;;3;;
BLOCS_P;2014;940300031;940000706;N4130;5;;5;;
BLOCS_P;2014;940300031;940000706;N4160;2;0;2;;
BLOCS_P;2014;940300031;940000706;NAUT;5;0;5;;
BLOCS_P;2014;940300379;940000805;M100H;4;41;;0;1
BLOCS_P;2014;940300379;940000805;M1030;4;1;;0;1
BLOCS_P;2014;940300379;940000805;M200H;6;26;;0;1
BLOCS_P;2014;940300379;940000805;N2200;4;1;4.8;0;0
BLOCS_P;2014;940300379;940000805;N2320;4;7;6.35;0;1
BLOCS_P;2014;940300379;940000805;N2510;1;;1;0;0
BLOCS_P;2014;940300379;940000805;N4160;1;;1;0;0
BLOCS_P;2014;940300379;940000805;NAUT;7;2;9.36;0;0
BLOCS_P;2014;940300445;940000854;N2200;2;;2.82;0;1
BLOCS_P;2014;940300445;940000854;N2510;3;;3.11;0;0
BLOCS_P;2014;940300445;940000854;NAUT;3;1;3.78;0;1
BLOCS_P;2014;940300494;940000896;M100H;13;8;17;0;1
BLOCS_P;2014;940300494;940000896;M1030;4;;4;0;1
BLOCS_P;2014;940300494;940000896;M200H;6;5;8.5;0;1
BLOCS_P;2014;940300494;940000896;N2200;8;14;16.01;0;1
BLOCS_P;2014;940300494;940000896;N2320;1;1;1.21;0;1
BLOCS_P;2014;940300494;940000896;N2510;1;;1;0;0
BLOCS_P;2014;940300494;940000896;N4160;1;;1;0;0
BLOCS_P;2014;940300551;940000912;M1030;;5;3;1;0
BLOCS_P;2014;940300551;940000912;M200H;;10;7;0;0
BLOCS_P;2014;940300551;940000912;N2310;;3;0.5;0;0
BLOCS_P;2014;940300551;940000912;N2320;;5;2.5;0;1
BLOCS_P;2014;940300551;940000912;N4160;;1;0.8;0;0
BLOCS_P;2014;940300569;940000912;M100H;;8;6;1;1
BLOCS_P;2014;940300569;940000912;M1030;;5;4;1;1
BLOCS_P;2014;940300569;940000912;M200H;1;16;12;1;1
BLOCS_P;2014;940300569;940000912;N2200;5;5;7.7;1;1
BLOCS_P;2014;940300569;940000912;N2310;1;3;1.1;;
BLOCS_P;2014;940300569;940000912;N2320;5;2;5.4;1;1
BLOCS_P;2014;940300569;940000912;N2510;3;3;3;1;
BLOCS_P;2014;940300569;940000912;N4160;1;;1;1;
BLOCS_P;2014;940300569;940000912;NAUT;9;3;9.5;1;
BLOCS_P;2014;940310022;940022163;M1030;;1;0.2;0;0
BLOCS_P;2014;940813033;940001894;M100H;;40;20;0;0
BLOCS_P;2014;940813033;940001894;M1030;7;;7;0;0
BLOCS_P;2014;940813033;940001894;M200H;1;31;16.5;0;0
BLOCS_P;2014;940813033;940001894;N2200;11;1;12.75;0;0
BLOCS_P;2014;940813033;940001894;N2320;9;;9.41;0;0
BLOCS_P;2014;940813033;940001894;N2510;5;;4.9;0;0
BLOCS_P;2014;940813033;940001894;NAUT;11;;11.62;0;0
BLOCS_P;2014;950000307;950110015;M100H;4;3;2.49;0;0
BLOCS_P;2014;950000307;950110015;M1030;16;0;15.1;1;
BLOCS_P;2014;950000307;950110015;M200H;8;4;3.12;1;1
BLOCS_P;2014;950000307;950110015;N2200;27;3;27.91;1;0
BLOCS_P;2014;950000307;950110015;N2310;16;1;16.62;1;0
BLOCS_P;2014;950000307;950110015;N2320;12;2;14.96;1;0
BLOCS_P;2014;950000307;950110015;N2510;28;1;27.83;1;0
BLOCS_P;2014;950000307;950110015;N4130;2;1;2.55;0;1
BLOCS_P;2014;950000307;950110015;NAUT;20;1;21.44;0;0
BLOCS_P;2014;950000315;950001370;M1030;;5;3.02;1;0
BLOCS_P;2014;950000315;950001370;M200H;3;;3;0;1
BLOCS_P;2014;950000315;950001370;N2200;6;2;8.03;0;0
BLOCS_P;2014;950000315;950001370;N2310;5;1;5.5;0;0
BLOCS_P;2014;950000315;950001370;N2320;4;2;5.06;0;0
BLOCS_P;2014;950000315;950001370;N2510;6;;6;0;0
BLOCS_P;2014;950000315;950001370;NAUT;3;;3.39;0;0
BLOCS_P;2014;950000323;950013870;M100H;2;1;2.33;1;1
BLOCS_P;2014;950000323;950013870;M1030;12;3;11.86;1;1
BLOCS_P;2014;950000323;950013870;M200H;4;7;9;1;1
BLOCS_P;2014;950000323;950013870;N2200;18;6;23.32;1;0
BLOCS_P;2014;950000323;950013870;N2310;18;2;17.84;1;1
BLOCS_P;2014;950000323;950013870;N2320;7;;6.96;1;0
BLOCS_P;2014;950000323;950013870;N2510;25;3;25.28;0;1
BLOCS_P;2014;950000323;950013870;NAUT;19;14;27.48;;0
BLOCS_P;2014;950000331;950110049;M100H;2;5;0.56;1;
BLOCS_P;2014;950000331;950110049;M1030;18;1;16.04;1;
BLOCS_P;2014;950000331;950110049;M200H;19;11;8.78;1;
BLOCS_P;2014;950000331;950110049;N2200;23;1;22.98;;
BLOCS_P;2014;950000331;950110049;N2310;15;4;18.25;;
BLOCS_P;2014;950000331;950110049;N2320;8;1;7;;
BLOCS_P;2014;950000331;950110049;N2510;28;1;28.49;;
BLOCS_P;2014;950000331;950110049;N4160;1;;1;;
BLOCS_P;2014;950000364;950110080;M200H;17;6;20.35;;
BLOCS_P;2014;950000364;950110080;N2200;25;14;32.68;;
BLOCS_P;2014;950000364;950110080;N2310;24;17;32.52;;
BLOCS_P;2014;950000364;950110080;N2320;13;8;17.51;;
BLOCS_P;2014;950000364;950110080;N2510;12;0;11.24;;
BLOCS_P;2014;950000364;950110080;N4160;4;0;3.27;;
BLOCS_P;2014;950000364;950110080;NAUT;39;1;38.83;;
BLOCS_P;2014;950300095;950000455;M100H;;18;9.5;0;0
BLOCS_P;2014;950300095;950000455;M1030;;4;4;0;0
BLOCS_P;2014;950300095;950000455;M200H;;12;10;0;0
BLOCS_P;2014;950300095;950000455;N2200;4;2;4.17;0;0
BLOCS_P;2014;950300095;950000455;N2320;2;1;2.72;0;0
BLOCS_P;2014;950300095;950000455;N2510;3;3;3.81;0;0
BLOCS_P;2014;950300095;950000455;N4160;1;1;1.66;0;0
BLOCS_P;2014;950300095;950000455;NAUT;3;1;3.97;0;0
BLOCS_P;2014;950300137;950000471;M100H;;5;2.2;0;0
BLOCS_P;2014;950300137;950000471;M1030;2;3;3.2;0;1
BLOCS_P;2014;950300137;950000471;M200H;3;29;6.4;0;1
BLOCS_P;2014;950300137;950000471;N2200;3;4;6.81;0;1
BLOCS_P;2014;950300137;950000471;N2320;;1;0.64;0;1
BLOCS_P;2014;950300137;950000471;N2510;3;;3;0;0
BLOCS_P;2014;950300137;950000471;N4160;1;1;1.8;0;0
BLOCS_P;2014;950300202;950000521;M1030;4;;4;;
BLOCS_P;2014;950300202;950000521;N2200;10;7;13.56;;
BLOCS_P;2014;950300202;950000521;N2320;2;4;3.5;;
BLOCS_P;2014;950300202;950000521;N2510;2;;2.44;;
BLOCS_P;2014;950300202;950000521;N4160;2;;2;;
BLOCS_P;2014;950300202;950000521;NAUT;10;6;10.41;;
BLOCS_P;2014;950300244;950000539;N2200;21;8;27.3;;1
BLOCS_P;2014;950300244;950000539;N2320;8;0;8;;1
BLOCS_P;2014;950300244;950000539;N2510;5;1;5.05;;
BLOCS_P;2014;950300244;950000539;N4160;2;;2;;
BLOCS_P;2014;950300244;950000539;NAUT;13;;13;0;0
BLOCS_P;2014;950300277;950000547;M1030;6;1;6;1;1
BLOCS_P;2014;950300277;950000547;M200H;3;22;14.2;0;1
BLOCS_P;2014;950300277;950000547;N2200;16;13;19.55;0;1
BLOCS_P;2014;950300277;950000547;N2310;2;4;3.52;0;0
BLOCS_P;2014;950300277;950000547;N2320;1;2;1.75;0;0
BLOCS_P;2014;950300277;950000547;N2510;2;1;2.27;0;0
BLOCS_P;2014;950300277;950000547;N4160;1;;1;0;0
BLOCS_P;2014;950300277;950000547;NAUT;12;1;12.62;;
BLOCS_P;2014;950300350;950015438;N2200;7;;7;;
BLOCS_P;2014;950300350;950015438;N2310;;5;1;;
BLOCS_P;2014;950300350;950015438;N2510;2;;2;;
BLOCS_P;2014;950300350;950015438;N4160;1;;1;;
BLOCS_P;2014;950300350;950015438;NAUT;2;;2;;
BLOCS_P;2014;950807982;950001636;M100H;16;24;28;1;1
BLOCS_P;2014;950807982;950001636;M1030;10;0;10;1;1
BLOCS_P;2014;950807982;950001636;M200H;19;23;31;0;1
BLOCS_P;2014;950807982;950001636;N2200;10;5;16.5;0;1
BLOCS_P;2014;950807982;950001636;N2310;4;0;4;0;0
BLOCS_P;2014;950807982;950001636;N2320;2;2;5.26;0;1
BLOCS_P;2014;950807982;950001636;N2510;3;0;3.21;0;0
BLOCS_P;2014;950807982;950001636;N4130;13;0;13;0;1
BLOCS_P;2014;950807982;950001636;N4160;2;0;2;0;1
BLOCS_P;2014;950807982;950001636;NAUT;20;8;24.44;0;0
BLOCS_P;2014;970100012;970100103;N2200;2;1;2.94;;
BLOCS_P;2014;970100012;970100103;N2310;1;1;1.24;;
BLOCS_P;2014;970100012;970100103;N2320;7;;8.41;;
BLOCS_P;2014;970100012;970100103;N2510;8;;8.17;;
BLOCS_P;2014;970100012;970100103;NAUT;6;1;7.29;;
BLOCS_P;2014;970100020;970100152;M100H;3;;1.58;;
BLOCS_P;2014;970100020;970100152;M1030;1;1;1.5;;
BLOCS_P;2014;970100020;970100152;N2200;4;;2.9;;
BLOCS_P;2014;970100020;970100152;N2310;1;;0.59;;
BLOCS_P;2014;970100020;970100152;N2510;4;;2.74;;
BLOCS_P;2014;970100020;970100152;NAUT;9;;9.64;;
BLOCS_P;2014;970100392;970100178;M1030;5;2;5.06;1;0
BLOCS_P;2014;970100392;970100178;M200H;6;3;3.19;0;1
BLOCS_P;2014;970100392;970100178;N2200;4;0;3.83;1;
BLOCS_P;2014;970100392;970100178;N2310;9;2;11.41;1;
BLOCS_P;2014;970100392;970100178;N2320;8;0;7.46;;
BLOCS_P;2014;970100392;970100178;N2510;4;0;4.25;1;
BLOCS_P;2014;970100392;970100178;N4160;0;0;0;0;1
BLOCS_P;2014;970100392;970100178;NAUT;4;1;3.9;1;
BLOCS_P;2014;970100400;970100186;M100H;2;;2;;1
BLOCS_P;2014;970100400;970100186;M1030;4;;4;;1
BLOCS_P;2014;970100400;970100186;M200H;3;;3;;1
BLOCS_P;2014;970100400;970100186;N2200;6;;6;0;1
BLOCS_P;2014;970100400;970100186;N2310;8;;8;0;1
BLOCS_P;2014;970100400;970100186;N2320;4;;4;0;1
BLOCS_P;2014;970100400;970100186;N2510;4;;4;0;0
BLOCS_P;2014;970100400;970100186;N4160;1;;1;0;1
BLOCS_P;2014;970100400;970100186;NAUT;1;;1;0;
BLOCS_P;2014;970100442;970100228;M100H;4;3;1.3;0;1
BLOCS_P;2014;970100442;970100228;N2200;41;1;42.9;1;0
BLOCS_P;2014;970100442;970100228;N2310;43;2;44.55;1;0
BLOCS_P;2014;970100442;970100228;N2320;22;0;22.95;1;0
BLOCS_P;2014;970100442;970100228;N2510;43;0;43;1;0
BLOCS_P;2014;970100442;970100228;N4160;6;0;6;0;0
BLOCS_P;2014;970100442;970100228;NAUT;38;1;38.5;1;0
BLOCS_P;2014;970107249;970100731;M100H;14;9;18;0;0
BLOCS_P;2014;970107249;970100731;M1030;8;;8;0;0
BLOCS_P;2014;970107249;970100731;M200H;6;30;21;0;0
BLOCS_P;2014;970107249;970100731;N2200;20;3;22.46;0;1
BLOCS_P;2014;970107249;970100731;N2310;1;;1;0;1
BLOCS_P;2014;970107249;970100731;N2320;6;1;6;0;1
BLOCS_P;2014;970107249;970100731;N2510;9;;9;0;1
BLOCS_P;2014;970107249;970100731;N4130;1;;0.94;0;1
BLOCS_P;2014;970107249;970100731;N4160;1;;1;0;1
BLOCS_P;2014;970107249;970100731;NAUT;14;;14;0;1
BLOCS_P;2014;970202313;970200168;M100H;7;11;12.5;0;1
BLOCS_P;2014;970202313;970200168;M1030;5;2;6;0;1
BLOCS_P;2014;970202313;970200168;M200H;12;13;18.5;0;1
BLOCS_P;2014;970202313;970200168;N2200;24;8;27.18;0;1
BLOCS_P;2014;970202313;970200168;N2320;2;;1.9;0;1
BLOCS_P;2014;970202313;970200168;N2510;2;;1.99;0;0
BLOCS_P;2014;970202313;970200168;N4160;;;;0;1
BLOCS_P;2014;970202313;970200168;NAUT;9;3;12;0;0
BLOCS_P;2014;970202321;970210423;M100H;8;;8;;1
BLOCS_P;2014;970202321;970210423;M1030;4;2;4;;1
BLOCS_P;2014;970202321;970210423;M200H;23;;23;;1
BLOCS_P;2014;970202321;970210423;N2200;3;;3;;1
BLOCS_P;2014;970202321;970210423;N2310;;3;1;;0
BLOCS_P;2014;970202321;970210423;N2320;2;;2;;1
BLOCS_P;2014;970202321;970210423;N2510;1;;1;;1
BLOCS_P;2014;970202321;970210423;N4160;1;;1;;1
BLOCS_P;2014;970202321;970210423;NAUT;15;;15;;1
BLOCS_P;2014;970211231;970211207;M1030;6;;6;;
BLOCS_P;2014;970211231;970211207;N2310;16;;16;;
BLOCS_P;2014;970211231;970211207;N2510;3;;3;;
BLOCS_P;2014;970211231;970211207;N4160;1;;1;;
BLOCS_P;2014;970211231;970211207;NAUT;1;;1;;
BLOCS_P;2014;970211256;970211207;N2200;10;0;9.66;0;0
BLOCS_P;2014;970211256;970211207;N2310;12;0;12.4;0;1
BLOCS_P;2014;970211256;970211207;N2320;12;0;12;0;0
BLOCS_P;2014;970211256;970211207;N2510;9;0;8.75;0;0
BLOCS_P;2014;970211256;970211207;N4160;2;0;2;0;
BLOCS_P;2014;970211256;970211207;NAUT;9;0;8.2;0;0
BLOCS_P;2014;970300026;970302022;M100H;5;;5;1;1
BLOCS_P;2014;970300026;970302022;M1030;7;3;8.25;1;1
BLOCS_P;2014;970300026;970302022;M200H;16;2;15.5;1;1
BLOCS_P;2014;970300026;970302022;N2200;7;;7;1;0
BLOCS_P;2014;970300026;970302022;N2310;17;;17;1;1
BLOCS_P;2014;970300026;970302022;N2320;27;;27;1;1
BLOCS_P;2014;970300026;970302022;N2510;15;;15;0;1
BLOCS_P;2014;970300083;970302121;M1030;6;0;4.84;1;0
BLOCS_P;2014;970300083;970302121;M200H;0;0;0;0;1
BLOCS_P;2014;970300083;970302121;N2200;9;0;9.03;1;0
BLOCS_P;2014;970300083;970302121;N2310;6;2;6.92;1;0
BLOCS_P;2014;970300083;970302121;N2320;2;0;2;1;0
BLOCS_P;2014;970300083;970302121;N2510;6;0;4.47;0;1
BLOCS_P;2014;970300083;970302121;NAUT;0;0;0.46;0;0
BLOCS_P;2014;970300265;750721334;M1030;3;3;2.5;;
BLOCS_P;2014;970300265;750721334;M200H;4;6;4.3;;
BLOCS_P;2014;970300265;750721334;N2200;11;1;10.9;;
BLOCS_P;2014;970300265;750721334;N2310;8;2;8.5;;
BLOCS_P;2014;970300265;750721334;N2320;4;;3.3;;
BLOCS_P;2014;970300265;750721334;N2510;5;;4.65;;
BLOCS_P;2014;970300265;750721334;N4160;1;;0.5;;
BLOCS_P;2014;970302055;970303285;M100H;6;0;6;0;1
BLOCS_P;2014;970302055;970303285;M1030;2;0;2;0;1
BLOCS_P;2014;970302055;970303285;M200H;4;0;4;0;1
BLOCS_P;2014;970302055;970303285;N2200;6;2;7.5;0;1
BLOCS_P;2014;970302055;970303285;N2310;1;3;2.54;0;1
BLOCS_P;2014;970302055;970303285;N2320;0;1;0.35;0;1
BLOCS_P;2014;970302055;970303285;N4160;1;0;1;0;1
BLOCS_P;2014;970302055;970303285;NAUT;3;2;4.7;0;0
BLOCS_P;2014;970400024;970408589;M1030;21;;21;1;0
BLOCS_P;2014;970400024;970408589;M200H;;25;8.41;0;1
BLOCS_P;2014;970400024;970408589;N2200;22;;22;0;0
BLOCS_P;2014;970400024;970408589;N2310;26;4;26.8;0;1
BLOCS_P;2014;970400024;970408589;N2320;15;;15;0;1
BLOCS_P;2014;970400024;970408589;N2510;14;;14;0;0
BLOCS_P;2014;970400024;970408589;N4160;2;;2;0;0
BLOCS_P;2014;970400024;970408589;NAUT;8;;8;0;0
BLOCS_P;2014;970400057;970408589;M1030;23;3;25.91;1;1
BLOCS_P;2014;970400057;970408589;M200H;;;;1;0
BLOCS_P;2014;970400057;970408589;N2200;25;3;26.76;1;1
BLOCS_P;2014;970400057;970408589;N2310;39;4;42.54;1;1
BLOCS_P;2014;970400057;970408589;N2320;26;8;32.49;1;1
BLOCS_P;2014;970400057;970408589;N2510;36;2;37.62;1;0
BLOCS_P;2014;970400057;970408589;N4160;2;;2;0;0
BLOCS_P;2014;970400057;970408589;NAUT;3;1;3.92;;
BLOCS_P;2014;970400065;970421038;M100H;0;0;0;1;
BLOCS_P;2014;970400065;970421038;M1030;13;0;10.54;1;
BLOCS_P;2014;970400065;970421038;M200H;6;0;1.82;1;
BLOCS_P;2014;970400065;970421038;N2200;11;;10.62;1;
BLOCS_P;2014;970400065;970421038;N2320;7;;6.95;1;
BLOCS_P;2014;970400065;970421038;N2510;8;;8;0;
BLOCS_P;2014;970400065;970421038;N4160;2;0;1.12;0;
BLOCS_P;2014;970400065;970421038;NAUT;6;;3.39;0;
BLOCS_P;2014;970400073;970403606;M1030;7;;7.31;;
BLOCS_P;2014;970400073;970403606;M200H;3;;1.8;;
BLOCS_P;2014;970400073;970403606;N2200;16;;18.96;;
BLOCS_P;2014;970400073;970403606;N2310;10;;9.25;;
BLOCS_P;2014;970400073;970403606;N2320;4;;3.94;;
BLOCS_P;2014;970400073;970403606;N2510;5;;4.97;;
BLOCS_P;2014;970400073;970403606;N4160;1;;1;;
BLOCS_P;2014;970400073;970403606;NAUT;8;;7;;
BLOCS_P;2014;970404844;970404836;N2200;13;1;13.9;;
BLOCS_P;2014;970404844;970404836;N2310;2;;2;;
BLOCS_P;2014;970404844;970404836;N2510;5;1;5.5;;
BLOCS_P;2014;970404844;970404836;N4160;1;;1;;
BLOCS_P;2014;970462073;970400271;M100H;2;8;5;;1
BLOCS_P;2014;970462073;970400271;M1030;6;;6;1;0
BLOCS_P;2014;970462073;970400271;M200H;13;5;15;0;1
BLOCS_P;2014;970462073;970400271;N2200;25;;25;;1
BLOCS_P;2014;970462073;970400271;N2310;7;;7;;0
BLOCS_P;2014;970462073;970400271;N2510;2;;2;;
BLOCS_P;2014;970462081;970400255;M200H;34;;34;;
BLOCS_P;2014;970462107;970400305;M200H;13;8;17;;
BLOCS_P;2014;970466751;970400446;N2200;8;;7;0;0
BLOCS_P;2014;980500011;980500003;M1030;9;;11.41;1;
BLOCS_P;2014;980500011;980500003;M200H;9;;12.12;;1
BLOCS_P;2014;980500011;980500003;N2200;25;0;25;1;
BLOCS_P;2014;980500011;980500003;N2310;19;0;19;1;
BLOCS_P;2014;980500011;980500003;N2320;9;;9;1;
BLOCS_P;2014;980500011;980500003;N2510;10;;;1;
BLOCS_P;2014;980500011;980500003;N4160;2;0;2;;
BLOCS_P;2014;980500011;980500003;NAUT;3;0;3;0;
