BOR;AN;FI;FI_EJ;STATUT;HEB_MED;HEB_CHIR;HEB_PERINAT;HEB_PSY;HEB_SSR;HEB_SLD;MED;CHIRAMBU;PSY;RTH;CHIMIO;IRC;IVGAMP;CPP;HAD;REEDU;URG;SMURSAMU;BLOC;IMAG;BIO;EXPLO;ANEST;MEDIC;STERIL;DIM;TELEMED;EMSP;DOULEUR;PALIA;MSOCIAL;CARDIO_INT;REA;CHIRCANCER;NEUROCHIR;NEURO_INT;GREFFE;BRULE;CHIRCAR;HEP_PERINAT
FILTRE;2014;010000024;010780054;DECLA;1;1;1;0;1;0;1;1;0;1;1;1;1;0;1;0;1;1;1;1;1;1;1;1;1;1;1;1;1;1;0;1;1;1;0;0;0;0;0;
FILTRE;2014;010000024;010780054;INIT;1;1;1;0;0;0;1;1;0;1;1;1;1;0;1;;1;1;1;;;;;;;;;;;;;1;1;1;0;0;0;0;0;
FILTRE;2014;010000032;010780062;DECLA;1;1;1;0;1;0;1;1;0;0;1;0;1;0;0;1;1;1;1;1;0;1;1;1;1;1;0;0;0;0;1;0;1;1;0;0;0;0;0;
FILTRE;2014;010000032;010780062;INIT;1;1;1;0;1;0;1;1;0;0;1;0;1;0;0;;1;1;1;;;;;;;;;;;;;0;0;1;0;0;0;0;0;
FILTRE;2014;010000065;010780096;DECLA;1;0;0;0;1;1;0;0;0;0;1;0;0;0;0;0;0;0;0;1;0;0;0;1;0;0;0;0;0;1;1;0;0;0;0;0;0;0;0;
FILTRE;2014;010000065;010780096;INIT;1;0;0;0;1;1;1;0;0;0;1;0;0;0;0;;0;0;0;;;;;;;;;;;;;0;0;0;0;0;0;0;0;
FILTRE;2014;010000081;010780112;DECLA;0;0;0;0;1;1;0;0;0;0;0;0;0;0;0;0;0;0;0;0;0;0;0;1;0;1;0;0;0;0;1;0;0;0;0;0;0;0;0;
FILTRE;2014;010000081;010780112;INIT;0;0;0;0;1;1;0;0;0;0;0;0;0;0;0;;0;0;0;;;;;;;;;;;;;0;0;0;0;0;0;0;0;
FILTRE;2014;010000099;010780120;DECLA;1;0;0;0;1;0;0;0;0;0;0;0;0;0;0;0;0;0;0;0;0;0;0;1;0;1;0;0;0;0;0;0;0;0;0;0;0;0;0;
FILTRE;2014;010000099;010780120;INIT;1;0;0;0;1;0;1;0;0;0;0;0;0;0;0;;0;0;0;;;;;;;;;;;;;0;0;0;0;0;0;0;0;
FILTRE;2014;010000107;010780138;DECLA;1;0;0;0;1;0;0;0;0;0;0;0;0;0;0;0;0;0;0;0;0;0;0;1;0;1;0;0;0;0;1;0;0;0;0;0;0;0;0;
FILTRE;2014;010000107;010780138;INIT;1;0;0;0;1;0;1;0;0;0;0;0;0;0;0;;0;0;0;;;;;;;;;;;;;0;0;0;0;0;0;0;0;
FILTRE;2014;010000115;010009132;DECLA;1;0;0;0;1;1;1;0;0;0;0;0;0;0;0;0;0;0;0;0;0;0;0;1;0;1;0;0;0;0;1;0;0;0;0;0;0;0;0;
FILTRE;2014;010000115;010009132;INIT;1;0;0;0;1;1;1;0;0;0;0;0;0;0;0;;0;0;0;;;;;;;;;;;;;0;0;0;0;0;0;0;0;
FILTRE;2014;010000131;010009132;DECLA;1;0;0;0;1;0;1;0;0;0;0;0;0;0;0;0;0;0;0;0;0;0;0;1;1;1;0;0;0;0;1;0;0;0;0;0;0;0;0;
FILTRE;2014;010000131;010009132;INIT;1;0;0;0;1;0;1;0;0;0;0;0;0;0;0;;0;0;0;;;;;;;;;;;;;0;0;0;0;0;0;0;0;
FILTRE;2014;010000180;010007987;DECLA;0;0;0;0;1;0;0;0;0;0;0;0;0;0;0;0;0;0;0;0;0;0;0;1;0;1;0;0;0;0;0;0;0;0;0;0;0;0;0;
FILTRE;2014;010000180;010007987;INIT;0;0;0;0;1;0;0;0;0;0;0;0;0;0;0;;0;0;0;;;;;;;;;;;;;0;0;0;0;0;0;0;0;
FILTRE;2014;010000198;010007987;DECLA;0;0;0;0;1;0;0;0;0;0;0;0;0;0;0;0;0;0;0;1;0;0;0;1;0;1;0;0;0;0;0;0;0;0;0;0;0;0;0;
FILTRE;2014;010000198;010007987;INIT;0;0;0;0;1;0;0;0;0;0;0;0;0;0;0;;0;0;0;;;;;;;;;;;;;0;0;0;0;0;0;0;0;
FILTRE;2014;010000214;010007987;DECLA;1;0;0;0;1;0;0;0;0;0;0;0;0;0;0;0;0;0;0;1;0;0;0;1;0;1;1;0;0;1;1;0;0;0;0;0;0;0;0;
FILTRE;2014;010000214;010007987;INIT;1;0;0;0;1;0;1;0;0;0;0;0;0;0;0;;0;0;0;;;;;;;;;;;;;0;0;0;0;0;0;0;0;
FILTRE;2014;010000495;010783009;DECLA;0;0;0;1;0;0;0;0;1;0;0;0;0;0;0;0;0;0;0;0;0;0;0;1;0;1;0;0;0;0;1;0;0;0;0;0;0;0;0;
FILTRE;2014;010000495;010783009;INIT;0;0;0;1;0;0;0;0;1;0;0;0;0;0;0;;0;0;0;;;;;;;;;;;;;0;0;0;0;0;0;0;0;
FILTRE;2014;010002129;750056335;DECLA;0;0;0;0;1;0;0;0;0;0;0;0;0;0;0;0;0;0;0;0;0;0;0;0;0;0;0;0;0;0;0;0;0;0;0;0;0;0;0;
FILTRE;2014;010002129;750056335;INIT;0;0;0;0;1;0;0;0;0;0;0;0;0;0;0;;0;0;0;;;;;;;;;;;;;0;0;0;0;0;0;0;0;
FILTRE;2014;010005239;010008407;DECLA;1;1;1;0;1;0;1;1;0;0;1;0;1;0;0;0;1;1;1;1;1;1;1;1;1;1;1;1;0;0;1;0;1;0;0;0;0;0;0;
FILTRE;2014;010005239;010008407;INIT;1;1;1;0;1;0;1;1;0;0;1;0;1;0;0;;1;1;1;;;;;;;;;;;;;0;0;0;0;0;0;0;0;
FILTRE;2014;010005379;690006598;DECLA;0;0;0;0;0;0;0;0;0;0;0;0;0;0;1;0;0;0;0;0;0;0;0;0;0;0;0;0;0;0;0;0;0;0;0;0;0;0;0;
FILTRE;2014;010005379;690006598;INIT;0;0;0;0;0;0;0;0;0;0;0;0;0;0;1;;0;0;0;;;;;;;;;;;;;0;0;0;0;0;0;0;0;
FILTRE;2014;010006526;690796552;DECLA;0;0;0;0;0;0;0;0;0;0;0;1;0;0;0;0;0;0;0;0;0;0;0;0;0;1;1;0;0;0;0;0;0;0;0;0;0;0;0;
FILTRE;2014;010006526;690796552;INIT;0;0;0;0;0;0;0;0;0;0;0;1;0;0;0;;0;0;0;;;;;;;;;;;;;0;0;0;0;0;0;0;0;
FILTRE;2014;010007300;010007292;DECLA;0;0;0;0;0;0;0;1;0;0;0;0;0;0;0;0;0;0;1;0;0;1;0;0;0;0;0;0;0;0;0;0;0;0;0;0;0;0;0;
FILTRE;2014;010007300;010007292;INIT;0;0;0;0;0;0;0;1;0;0;0;0;0;0;0;;0;0;1;;;;;;;;;;;;;0;0;0;0;0;0;0;0;
FILTRE;2014;010009314;010780054;DECLA;0;0;0;0;1;1;0;0;0;0;0;0;0;0;0;0;0;0;0;0;0;0;0;0;0;0;0;0;0;0;0;0;0;0;0;0;0;0;0;
FILTRE;2014;010009314;010780054;INIT;0;0;0;0;1;1;0;0;0;0;0;0;0;0;0;;0;0;0;;;;;;;;;;;;;0;0;0;0;0;0;0;0;
FILTRE;2014;010009702;010780054;DECLA;0;0;0;0;0;1;0;0;0;0;0;0;0;0;0;0;0;0;0;0;0;0;0;0;0;0;0;0;0;0;0;0;0;0;0;0;0;0;0;
FILTRE;2014;010009702;010780054;INIT;0;0;0;0;0;1;0;0;0;0;0;0;0;0;0;;0;0;0;;;;;;;;;;;;;0;0;0;0;0;0;0;0;
FILTRE;2014;010780195;010000156;DECLA;1;1;0;0;0;0;1;1;0;0;1;0;0;0;0;0;1;0;1;1;0;0;0;1;0;1;0;0;0;1;0;1;1;1;0;0;0;0;0;
FILTRE;2014;010780195;010000156;INIT;1;1;0;0;0;0;1;1;0;0;1;0;0;0;0;;1;0;1;;;;;;;;;;;;;1;1;1;0;0;0;0;0;
FILTRE;2014;010780203;010006450;DECLA;1;1;1;0;0;0;1;1;0;0;1;0;0;0;0;0;1;1;1;0;0;1;0;1;1;1;0;0;0;0;0;0;1;1;0;0;0;0;0;
FILTRE;2014;010780203;010006450;INIT;1;1;1;0;0;0;1;1;0;0;1;0;0;0;0;;1;1;1;;;;;;;;;;;;;0;0;1;0;0;0;0;0;
FILTRE;2014;010780252;010783009;DECLA;0;0;0;0;1;0;0;0;0;0;0;0;0;0;0;0;0;0;0;0;0;0;0;1;0;0;0;0;0;0;0;0;0;0;0;0;0;0;0;
FILTRE;2014;010780252;010783009;INIT;0;0;0;0;1;0;0;0;0;0;0;0;0;0;0;;0;0;0;;;;;;;;;;;;;0;0;0;0;0;0;0;0;
FILTRE;2014;010780278;010783009;DECLA;0;0;0;0;1;0;0;0;0;0;0;0;0;0;0;0;0;0;0;1;0;0;0;1;0;1;0;0;0;0;0;0;0;0;0;0;0;0;0;
FILTRE;2014;010780278;010783009;INIT;0;0;0;0;1;0;0;0;0;0;0;0;0;0;0;;0;0;0;;;;;;;;;;;;;0;0;0;0;0;0;0;0;
FILTRE;2014;010780294;690000278;DECLA;0;0;0;0;0;0;0;0;0;0;0;1;0;0;0;0;0;0;0;0;0;0;0;1;0;1;0;0;0;0;1;0;0;0;0;0;0;0;0;
FILTRE;2014;010780294;690000278;INIT;0;0;0;0;0;0;0;0;0;0;0;1;0;0;0;;0;0;0;;;;;;;;;;;;;0;0;0;0;0;0;0;0;
FILTRE;2014;010780310;010000222;DECLA;0;0;0;0;1;0;0;0;0;0;0;0;0;0;0;0;0;0;0;0;0;0;0;1;0;1;0;0;0;0;0;0;0;0;0;0;0;0;0;
FILTRE;2014;010780310;010000222;INIT;0;0;0;0;1;0;0;0;0;0;0;0;0;0;0;;0;0;0;;;;;;;;;;;;;0;0;0;0;0;0;0;0;
FILTRE;2014;010780328;010000222;DECLA;0;0;0;0;1;0;0;0;0;0;0;0;0;0;0;0;0;0;0;0;0;0;0;1;0;1;0;0;0;0;0;0;0;0;0;0;0;0;0;
FILTRE;2014;010780328;010000222;INIT;0;0;0;0;1;0;0;0;0;0;0;0;0;0;0;;0;0;0;;;;;;;;;;;;;0;0;0;0;0;0;0;0;
FILTRE;2014;010780476;750005068;DECLA;0;0;0;0;1;0;0;0;0;0;0;0;0;0;0;0;0;0;0;0;0;0;0;1;0;1;0;0;0;0;0;0;0;0;0;0;0;0;0;
FILTRE;2014;010780476;750005068;INIT;0;0;0;0;1;0;0;0;0;0;0;0;0;0;0;;0;0;0;;;;;;;;;;;;;0;0;0;0;0;0;0;0;
FILTRE;2014;010780492;360000707;DECLA;0;0;0;0;1;0;0;0;0;0;0;0;0;0;0;0;0;0;0;0;0;0;0;1;0;1;0;0;0;0;0;0;0;0;0;0;0;0;0;
FILTRE;2014;010780492;360000707;INIT;0;0;0;0;1;0;0;0;0;0;0;0;0;0;0;;0;0;0;;;;;;;;;;;;;0;0;0;0;0;0;0;0;
FILTRE;2014;010780708;310021381;DECLA;0;0;0;0;1;0;0;0;0;0;0;0;0;0;0;0;0;0;0;0;0;0;0;1;0;1;0;0;0;0;0;0;0;0;0;0;0;0;0;
FILTRE;2014;010780708;310021381;INIT;0;0;0;0;1;0;0;0;0;0;0;0;0;0;0;;0;0;0;;;;;;;;;;;;;0;0;0;0;0;0;0;0;
FILTRE;2014;010780799;750721334;DECLA;0;0;0;0;1;0;0;0;0;0;0;0;0;0;0;0;0;0;0;0;0;0;0;1;0;1;0;0;0;0;0;0;0;0;0;0;0;0;0;
FILTRE;2014;010780799;750721334;INIT;0;0;0;0;1;0;0;0;0;0;0;0;0;0;0;;0;0;0;;;;;;;;;;;;;0;0;0;0;0;0;0;0;
FILTRE;2014;010786259;010008407;DECLA;0;0;0;0;0;1;0;0;0;0;0;0;0;0;0;0;0;0;0;0;0;0;0;0;0;0;0;0;0;0;0;0;0;0;0;0;0;0;0;
FILTRE;2014;010786259;010008407;INIT;0;0;0;0;0;1;0;0;0;0;0;0;0;0;0;;0;0;0;;;;;;;;;;;;;0;0;0;0;0;0;0;0;
FILTRE;2014;010789006;670005834;DECLA;0;0;0;0;0;0;0;0;0;0;0;1;0;0;0;0;0;0;0;0;0;0;0;0;0;0;0;0;0;0;0;0;0;0;0;0;0;0;0;
FILTRE;2014;010789006;670005834;INIT;0;0;0;0;0;0;0;0;0;0;0;1;0;0;0;;0;0;0;;;;;;;;;;;;;0;0;0;0;0;0;0;0;
FILTRE;2014;010789717;010008407;DECLA;0;0;0;0;0;1;0;0;0;0;0;0;0;0;0;0;0;0;0;0;0;0;0;0;0;0;0;0;0;0;0;0;0;0;0;0;0;0;0;
FILTRE;2014;010789717;010008407;INIT;0;0;0;0;0;1;0;0;0;0;0;0;0;0;0;;0;0;0;;;;;;;;;;;;;0;0;0;0;0;0;0;0;
FILTRE;2014;020000089;020000022;DECLA;1;0;0;0;1;1;1;0;0;0;1;0;0;1;1;0;0;1;0;1;0;0;0;1;1;1;1;0;0;1;0;0;0;0;0;0;0;0;0;
FILTRE;2014;020000089;020000022;INIT;1;0;0;0;1;1;1;0;0;0;0;0;0;0;1;;0;0;0;;;;;;;;;;;;;0;0;0;0;0;0;0;0;
FILTRE;2014;020000097;020000048;DECLA;1;0;0;0;1;0;1;0;0;0;0;0;0;0;0;0;0;0;0;0;0;0;0;1;0;1;0;0;0;1;1;0;0;0;0;0;0;0;0;
FILTRE;2014;020000097;020000048;INIT;1;0;0;0;1;0;1;0;0;0;0;0;0;0;0;;0;0;0;;;;;;;;;;;;;0;0;0;0;0;0;0;0;
FILTRE;2014;020000105;020000055;DECLA;1;0;0;0;1;0;1;0;0;0;0;0;0;0;1;0;0;0;0;1;0;0;0;0;0;1;0;1;0;1;0;0;0;0;0;0;0;0;0;
FILTRE;2014;020000105;020000055;INIT;1;0;0;0;1;0;1;0;0;0;0;0;0;0;1;;0;0;0;;;;;;;;;;;;;0;0;0;0;0;0;0;0;
FILTRE;2014;020000162;020000063;DECLA;1;1;1;0;1;1;1;1;0;1;1;1;1;0;0;1;1;1;1;1;1;1;0;1;0;1;1;1;1;1;1;1;1;1;0;0;0;0;0;
FILTRE;2014;020000162;020000063;INIT;1;1;1;0;1;1;1;1;0;1;1;1;1;0;0;;1;1;1;;;;;;;;;;;;;1;1;1;0;0;0;0;0;
FILTRE;2014;020000246;020000071;DECLA;1;0;0;0;1;0;1;0;0;0;0;0;0;0;0;0;0;0;0;0;0;0;0;1;1;1;0;0;0;0;1;0;0;0;0;0;0;0;0;
FILTRE;2014;020000246;020000071;INIT;1;0;0;0;1;0;1;0;0;0;0;0;0;0;0;;0;0;0;;;;;;;;;;;;;0;0;0;0;0;0;0;0;
FILTRE;2014;020000303;750814030;DECLA;0;0;0;0;1;0;0;0;0;0;0;0;0;0;0;1;0;0;0;1;0;1;0;1;0;1;0;1;0;1;1;0;1;0;0;0;0;0;0;
FILTRE;2014;020000303;750814030;INIT;1;0;0;0;1;0;1;0;0;0;0;0;0;0;0;;0;0;0;;;;;;;;;;;;;0;1;0;0;0;0;0;0;
FILTRE;2014;020000360;020014742;DECLA;1;1;0;0;0;0;1;1;0;0;0;0;0;0;0;0;0;0;1;1;0;0;0;1;0;1;0;0;0;0;0;0;0;1;0;0;0;0;0;
FILTRE;2014;020000360;020014742;INIT;1;1;0;0;0;0;1;1;0;0;0;0;0;0;0;;0;0;1;;;;;;;;;;;;;0;0;1;0;0;0;0;0;
FILTRE;2014;020000386;020000600;DECLA;0;0;0;1;0;0;0;0;1;0;0;0;0;0;0;0;0;0;0;0;0;0;0;0;0;0;0;0;0;0;0;0;0;0;0;0;0;0;0;
FILTRE;2014;020000386;020000600;INIT;0;0;0;1;0;0;0;0;1;0;0;0;0;0;0;;0;0;0;;;;;;;;;;;;;0;0;0;0;0;0;0;0;
FILTRE;2014;020000394;020000253;DECLA;1;1;1;0;0;0;1;1;0;0;1;1;1;0;0;0;1;1;1;1;1;1;1;1;0;1;0;1;1;1;1;0;1;1;0;0;0;0;0;
FILTRE;2014;020000394;020000253;INIT;1;1;0;0;0;0;1;1;0;0;1;1;1;0;0;;1;1;1;;;;;;;;;;;;;0;1;1;0;0;0;0;0;
FILTRE;2014;020000519;020000261;DECLA;1;1;1;0;1;0;1;1;0;0;1;1;1;0;0;0;1;1;1;1;1;1;0;1;1;1;0;1;1;1;1;1;1;1;0;0;0;0;0;
FILTRE;2014;020000519;020000261;INIT;1;1;1;0;1;0;1;1;0;0;1;1;1;0;0;;1;1;1;;;;;;;;;;;;;1;1;1;0;0;0;0;0;
FILTRE;2014;020000535;020000287;DECLA;1;1;1;0;1;1;1;1;0;0;1;0;1;0;0;0;1;1;1;1;1;1;0;1;0;1;1;1;0;1;1;0;1;1;0;0;0;0;0;
FILTRE;2014;020000535;020000287;INIT;1;1;1;0;1;1;1;1;0;0;1;0;1;0;0;;1;1;1;;;;;;;;;;;;;0;0;0;0;0;0;0;0;
FILTRE;2014;020000543;020000295;DECLA;0;0;0;1;0;0;0;0;1;0;0;0;0;0;0;0;0;0;0;1;0;0;0;1;0;1;0;0;0;0;0;0;0;0;0;0;0;0;0;
FILTRE;2014;020000543;020000295;INIT;0;0;0;1;0;0;0;0;1;0;0;0;0;0;0;;0;0;0;;;;;;;;;;;;;0;0;0;0;0;0;0;0;
FILTRE;2014;020000915;020003620;DECLA;0;0;0;0;1;0;0;0;0;0;0;0;0;0;0;0;0;0;0;1;0;0;0;1;1;1;0;0;0;0;0;0;0;0;0;0;0;0;0;
FILTRE;2014;020000915;020003620;INIT;0;0;0;0;1;0;0;0;0;0;0;0;0;0;0;;0;0;0;;;;;;;;;;;;;0;0;0;0;0;0;0;0;
FILTRE;2014;020001061;020004404;DECLA;1;1;1;0;0;0;1;1;0;0;1;0;1;0;0;1;1;1;1;1;1;1;0;1;1;1;1;1;1;1;0;0;1;0;0;0;0;0;0;
FILTRE;2014;020001061;020004404;INIT;1;1;1;0;0;1;1;1;0;0;0;0;1;0;0;;1;1;1;;;;;;;;;;;;;0;1;0;0;0;0;0;0;
FILTRE;2014;020001087;020004495;DECLA;1;1;1;0;1;0;1;0;0;0;0;0;1;1;0;0;1;1;0;1;1;0;0;1;0;1;0;0;0;0;1;0;0;0;0;0;0;0;0;
FILTRE;2014;020001087;020004495;INIT;1;1;1;0;1;0;1;0;0;0;0;0;1;0;0;;1;1;1;;;;;;;;;;;;;0;0;0;0;0;0;0;0;
FILTRE;2014;020001772;590799995;DECLA;0;0;0;0;0;0;0;0;0;0;0;1;0;0;0;0;0;0;0;0;0;0;0;0;0;0;0;0;0;0;0;0;0;0;0;0;0;0;0;
FILTRE;2014;020001772;590799995;INIT;0;0;0;0;0;0;0;0;0;0;0;1;0;0;0;;0;0;0;;;;;;;;;;;;;0;0;0;0;0;0;0;0;
FILTRE;2014;020001913;590799995;DECLA;0;0;0;0;0;0;0;0;0;0;0;1;0;0;0;0;0;0;0;0;0;0;0;0;0;0;0;0;0;0;0;0;0;0;0;0;0;0;0;
FILTRE;2014;020001913;590799995;INIT;0;0;0;0;0;0;0;0;0;0;0;1;0;0;0;;0;0;0;;;;;;;;;;;;;0;0;0;0;0;0;0;0;
FILTRE;2014;020003877;020000253;DECLA;0;0;0;0;1;0;0;0;0;0;0;0;0;0;0;1;0;0;0;0;0;0;0;0;0;0;0;0;0;0;0;0;0;0;0;0;0;0;0;
FILTRE;2014;020003877;020000253;INIT;0;0;0;0;1;0;0;0;0;0;0;0;0;0;0;;0;0;0;;;;;;;;;;;;;0;0;0;0;0;0;0;0;
FILTRE;2014;020004156;590805065;DECLA;0;0;0;1;0;0;0;0;1;0;0;0;0;0;0;0;0;0;0;0;0;0;0;1;0;1;0;0;0;0;0;0;0;0;0;0;0;0;0;
FILTRE;2014;020004156;590805065;INIT;0;0;0;1;0;0;0;0;1;0;0;0;0;0;0;;0;0;0;;;;;;;;;;;;;0;0;0;0;0;0;0;0;
FILTRE;2014;020004297;020005179;DECLA;0;0;0;0;0;0;0;0;0;0;0;0;0;0;1;0;0;0;0;0;0;0;0;0;0;1;0;0;0;0;1;0;0;0;0;0;0;0;0;
FILTRE;2014;020004297;020005179;INIT;0;0;0;0;0;0;0;0;0;0;0;0;0;0;1;;0;0;0;;;;;;;;;;;;;0;0;0;0;0;0;0;0;
FILTRE;2014;020004677;020000261;DECLA;0;0;0;0;0;1;0;0;0;0;0;0;0;0;0;0;0;0;0;0;0;0;0;0;0;0;0;0;0;0;0;0;0;0;0;0;0;0;0;
FILTRE;2014;020004677;020000261;INIT;0;0;0;0;0;1;0;0;0;0;0;0;0;0;0;;0;0;0;;;;;;;;;;;;;0;0;0;0;0;0;0;0;
FILTRE;2014;020005476;020000253;DECLA;0;0;0;0;0;1;0;0;0;0;0;0;0;0;0;0;0;0;0;0;0;0;0;0;0;0;0;0;0;0;0;0;0;0;0;0;0;0;0;
FILTRE;2014;020005476;020000253;INIT;0;0;0;0;0;1;0;0;0;0;0;0;0;0;0;;0;0;0;;;;;;;;;;;;;0;0;0;0;0;0;0;0;
FILTRE;2014;020006441;590799995;DECLA;0;0;0;0;0;0;0;0;0;0;0;1;0;0;0;0;0;0;0;0;0;0;0;0;0;0;0;0;0;0;0;0;0;0;0;0;0;0;0;
FILTRE;2014;020006441;590799995;INIT;0;0;0;0;0;0;0;0;0;0;0;1;0;0;0;;0;0;0;;;;;;;;;;;;;0;0;0;0;0;0;0;0;
FILTRE;2014;020006664;020000063;DECLA;0;0;0;1;0;0;0;0;1;0;0;0;0;0;0;0;0;0;0;0;0;0;0;0;0;0;0;0;0;0;0;0;0;0;0;0;0;0;0;
FILTRE;2014;020006664;020000063;INIT;0;0;0;1;0;0;0;0;1;0;0;0;0;0;0;;0;0;0;;;;;;;;;;;;;0;0;0;0;0;0;0;0;
FILTRE;2014;020009684;020002085;DECLA;0;0;0;0;0;1;0;0;0;0;0;0;0;0;0;0;0;0;0;0;0;0;0;0;0;0;0;0;0;0;0;0;0;0;0;0;0;0;0;
FILTRE;2014;020009684;020002085;INIT;0;0;0;0;0;1;0;0;0;0;0;0;0;0;0;;0;0;0;;;;;;;;;;;;;0;0;0;0;0;0;0;0;
FILTRE;2014;020010047;020001632;DECLA;1;1;1;0;0;0;1;1;0;0;1;0;0;0;0;0;1;0;1;0;0;1;1;0;0;1;0;0;0;1;0;0;1;1;0;0;0;0;0;
FILTRE;2014;020010047;020001632;INIT;1;1;1;0;1;0;1;1;0;0;1;0;0;0;0;;1;0;1;;;;;;;;;;;;;0;0;1;0;0;0;0;0;
FILTRE;2014;020010310;750719361;DECLA;0;0;0;0;1;0;0;0;0;0;0;0;0;0;0;0;0;0;0;0;0;0;0;0;0;0;0;0;0;0;1;0;0;0;0;0;0;0;0;
FILTRE;2014;020010310;750719361;INIT;0;0;0;0;1;0;0;0;0;0;0;0;0;0;0;;0;0;0;;;;;;;;;;;;;0;0;0;0;0;0;0;0;
FILTRE;2014;020010898;750721334;DECLA;0;0;0;0;0;0;0;0;0;0;0;0;0;0;1;0;0;0;0;0;0;0;0;0;0;0;0;0;0;0;0;0;0;0;0;0;0;0;0;
FILTRE;2014;020010898;750721334;INIT;0;0;0;0;0;0;0;0;0;0;0;0;0;0;1;;0;0;0;;;;;;;;;;;;;0;0;0;0;0;0;0;0;
FILTRE;2014;020011698;020006318;DECLA;0;0;0;0;0;0;0;0;0;0;0;0;0;0;1;0;0;0;0;0;0;0;0;0;0;0;0;0;0;0;0;0;0;0;0;0;0;0;0;
FILTRE;2014;020011698;020006318;INIT;0;0;0;0;0;0;0;0;0;0;0;0;0;0;1;;0;0;0;;;;;;;;;;;;;0;0;0;0;0;0;0;0;
FILTRE;2014;020012613;590799995;DECLA;0;0;0;0;0;0;0;0;0;0;0;1;0;0;0;0;0;0;0;0;0;0;0;0;0;0;0;0;0;0;0;0;0;0;0;0;0;0;0;
FILTRE;2014;020012613;590799995;INIT;0;0;0;0;0;0;0;0;0;0;0;1;0;0;0;;0;0;0;;;;;;;;;;;;;0;0;0;0;0;0;0;0;
FILTRE;2014;020012860;590799995;DECLA;0;0;0;0;0;0;0;0;0;0;0;1;0;0;0;0;0;0;0;0;0;0;0;0;0;0;0;0;0;0;0;0;0;0;0;0;0;0;0;
FILTRE;2014;020012860;590799995;INIT;0;0;0;0;0;0;0;0;0;0;0;1;0;0;0;;0;0;0;;;;;;;;;;;;;0;0;0;0;0;0;0;0;
FILTRE;2014;020014767;590805065;DECLA;0;0;0;0;0;0;0;0;0;0;0;0;0;0;1;0;0;0;0;0;0;0;0;0;0;1;0;0;0;0;0;0;0;0;0;0;0;0;0;
FILTRE;2014;020014767;590805065;INIT;0;0;0;0;0;0;0;0;0;0;0;0;0;0;1;;0;0;0;;;;;;;;;;;;;0;0;0;0;0;0;0;0;
FILTRE;2014;030000012;030180020;DECLA;0;0;0;0;1;0;0;0;0;0;0;0;0;0;0;1;0;0;0;0;0;0;0;1;0;1;0;0;0;0;0;0;0;0;0;0;0;0;0;
FILTRE;2014;030000012;030180020;INIT;0;0;0;0;1;0;0;0;0;0;0;0;0;0;0;;0;0;0;;;;;;;;;;;;;0;0;0;0;0;0;0;0;
FILTRE;2014;030000061;030780092;DECLA;1;1;1;1;1;1;1;1;1;1;1;1;1;0;1;0;1;1;1;1;1;1;1;1;1;1;1;1;1;1;1;1;1;1;0;0;0;0;0;
FILTRE;2014;030000061;030780092;INIT;1;1;1;0;1;1;1;1;0;1;1;1;1;0;1;;1;1;1;;;;;;;;;;;;;1;1;1;0;0;0;0;0;
FILTRE;2014;030000079;030780100;DECLA;1;1;1;0;1;1;1;1;0;0;1;1;1;0;1;0;1;1;1;1;1;1;1;1;1;1;1;1;1;1;1;0;1;1;0;0;0;0;0;
FILTRE;2014;030000079;030780100;INIT;1;1;1;0;1;1;1;1;0;0;1;1;1;0;1;;1;1;1;;;;;;;;;;;;;0;1;1;0;0;0;0;0;
FILTRE;2014;030000087;030780118;DECLA;1;1;1;1;1;1;1;1;1;0;1;1;1;0;1;0;1;1;1;1;1;1;0;1;1;1;1;1;1;1;1;1;1;1;0;0;0;0;0;
FILTRE;2014;030000087;030780118;INIT;1;1;1;1;1;1;1;1;1;0;1;1;1;0;1;;1;1;1;;;;;;;;;;;;;1;1;1;0;0;0;0;0;
FILTRE;2014;030000095;030780126;DECLA;1;0;0;0;1;0;0;0;0;0;0;0;0;0;0;0;0;0;0;0;0;0;0;1;0;1;0;0;0;1;0;0;0;0;0;0;0;0;0;
FILTRE;2014;030000095;030780126;INIT;1;0;0;0;1;0;0;0;0;0;0;0;0;0;1;;0;0;0;;;;;;;;;;;;;0;0;0;0;0;0;0;0;
FILTRE;2014;030000160;030780282;DECLA;0;0;0;1;0;1;0;0;1;0;0;0;0;0;0;0;0;0;0;0;0;0;0;1;0;1;0;1;0;0;0;0;0;0;0;0;0;0;0;
FILTRE;2014;030000160;030780282;INIT;0;0;0;1;0;1;0;0;1;0;0;0;0;0;0;;0;0;0;;;;;;;;;;;;;0;0;0;0;0;0;0;0;
FILTRE;2014;030001689;030005821;DECLA;0;0;0;0;0;0;0;0;0;1;0;0;0;0;0;0;0;0;0;0;0;0;0;0;0;0;0;0;0;0;0;0;0;0;0;0;0;0;0;
FILTRE;2014;030001689;030005821;INIT;0;0;0;0;0;0;0;0;0;1;0;0;0;0;0;;0;0;0;;;;;;;;;;;;;0;0;0;0;0;0;0;0;
FILTRE;2014;030002208;030002158;DECLA;1;0;0;0;1;0;0;0;0;0;0;0;0;0;0;0;0;0;0;0;0;0;0;1;0;1;1;0;0;0;1;0;0;0;0;0;0;0;0;
FILTRE;2014;030002208;030002158;INIT;1;0;0;0;1;0;0;0;0;0;0;0;0;0;0;;0;0;0;;;;;;;;;;;;;0;0;0;0;0;0;0;0;
FILTRE;2014;030003669;630000990;DECLA;0;0;0;0;0;0;0;0;0;0;0;1;0;0;0;0;0;0;0;0;0;0;0;0;0;0;0;0;0;0;0;0;0;0;0;0;0;0;0;
FILTRE;2014;030003669;630000990;INIT;0;0;0;0;0;0;0;0;0;0;0;1;0;0;0;;0;0;0;;;;;;;;;;;;;0;0;0;0;0;0;0;0;
FILTRE;2014;030003719;630000990;DECLA;0;0;0;0;0;0;0;0;0;0;0;1;0;0;0;0;0;0;0;0;0;0;0;0;0;0;0;0;0;0;0;0;0;0;0;0;0;0;0;
FILTRE;2014;030003719;630000990;INIT;0;0;0;0;0;0;0;0;0;0;0;1;0;0;0;;0;0;0;;;;;;;;;;;;;0;0;0;0;0;0;0;0;
FILTRE;2014;030003768;630000990;DECLA;0;0;0;0;0;0;0;0;0;0;0;1;0;0;0;0;0;0;0;0;0;0;0;0;0;0;0;0;0;0;0;0;0;0;0;0;0;0;0;
FILTRE;2014;030003768;630000990;INIT;0;0;0;0;0;0;0;0;0;0;0;1;0;0;0;;0;0;0;;;;;;;;;;;;;0;0;0;0;0;0;0;0;
FILTRE;2014;030780548;030000194;DECLA;1;1;0;0;1;0;1;1;0;0;0;0;1;0;0;0;0;0;1;1;0;0;0;1;1;1;0;0;0;0;1;0;0;1;0;0;0;0;0;
FILTRE;2014;030780548;030000194;INIT;1;1;0;0;1;0;1;1;0;0;0;0;1;0;0;;0;0;1;;;;;;;;;;;;;0;0;1;0;0;0;0;0;
FILTRE;2014;030781116;030000426;DECLA;1;1;0;0;1;0;1;1;0;0;1;0;1;0;0;0;1;0;1;0;0;0;0;1;1;1;0;0;0;1;0;0;1;1;0;0;0;0;0;
FILTRE;2014;030781116;030000426;INIT;1;1;0;0;1;0;1;1;0;0;1;0;1;0;0;;1;0;1;;;;;;;;;;;;;0;0;1;0;0;0;0;0;
FILTRE;2014;030781637;030780100;DECLA;0;0;0;1;0;0;0;0;1;0;0;0;0;0;0;0;0;0;0;0;0;0;0;0;0;1;0;0;0;0;1;0;0;0;0;0;0;0;0;
FILTRE;2014;030781637;030780100;INIT;0;0;0;1;0;0;0;0;1;0;0;0;0;0;0;;0;0;0;;;;;;;;;;;;;0;0;0;0;0;0;0;0;
FILTRE;2014;030785430;030785422;DECLA;1;1;0;0;0;0;1;1;0;0;1;0;0;0;0;0;0;0;1;0;0;0;0;1;1;1;0;0;0;1;0;0;0;1;0;0;0;0;0;
FILTRE;2014;030785430;030785422;INIT;1;1;0;0;0;0;1;1;0;0;1;0;0;0;0;;0;0;1;;;;;;;;;;;;;0;0;1;0;0;0;0;0;
FILTRE;2014;040000028;040780124;DECLA;0;0;0;0;1;0;0;0;0;0;0;0;0;0;0;0;0;0;0;0;0;0;0;0;0;0;0;0;0;0;1;0;0;0;0;0;0;0;0;
FILTRE;2014;040000028;040780124;INIT;0;0;0;0;1;0;0;0;0;0;0;0;0;0;0;;0;0;0;;;;;;;;;;;;;0;0;0;0;0;0;0;0;
FILTRE;2014;040000036;040780132;DECLA;1;0;0;0;1;0;0;0;0;0;0;0;0;0;0;0;0;0;0;0;0;0;0;0;0;0;0;0;0;0;1;0;0;0;0;0;0;0;0;
FILTRE;2014;040000036;040780132;INIT;1;0;0;0;1;0;1;0;0;0;0;0;0;0;0;;0;0;0;;;;;;;;;;;;;0;0;0;0;0;0;0;0;
FILTRE;2014;040000044;040780140;DECLA;1;0;0;0;1;0;1;0;0;0;0;0;0;0;0;0;0;0;0;0;0;0;0;0;0;0;0;0;0;0;1;0;0;0;0;0;0;0;0;
FILTRE;2014;040000044;040780140;INIT;1;0;0;0;1;0;1;0;0;0;0;0;0;0;0;;0;0;0;;;;;;;;;;;;;0;0;0;0;0;0;0;0;
FILTRE;2014;040000051;040780173;DECLA;0;0;0;0;1;0;0;0;0;0;0;0;0;0;0;0;0;0;0;0;0;0;0;1;0;1;0;0;0;0;1;0;0;0;0;0;0;0;0;
FILTRE;2014;040000051;040780173;INIT;0;0;0;0;1;0;0;0;0;0;0;0;0;0;0;;0;0;0;;;;;;;;;;;;;0;0;0;0;0;0;0;0;
FILTRE;2014;040000069;040780181;DECLA;0;0;0;0;1;0;0;0;0;0;0;0;0;0;0;0;0;0;0;0;0;0;0;0;0;0;0;0;0;0;1;0;0;0;0;0;0;0;0;
FILTRE;2014;040000069;040780181;INIT;0;0;0;0;1;0;0;0;0;0;0;0;0;0;0;;0;0;0;;;;;;;;;;;;;0;0;0;0;0;0;0;0;
FILTRE;2014;040000077;040780199;DECLA;0;0;0;0;1;0;0;0;0;0;0;0;0;0;0;0;0;0;0;0;0;0;0;0;0;0;0;0;0;0;0;0;0;0;0;0;0;0;0;
FILTRE;2014;040000077;040780199;INIT;0;0;0;0;1;0;0;0;0;0;0;0;0;0;0;;0;0;0;;;;;;;;;;;;;0;0;0;0;0;0;0;0;
FILTRE;2014;040000085;040780207;DECLA;0;0;0;0;1;0;0;0;0;0;0;0;0;0;0;0;0;0;0;0;0;0;0;0;0;0;0;0;0;0;0;0;0;0;0;0;0;0;0;
FILTRE;2014;040000085;040780207;INIT;0;0;0;0;1;0;0;0;0;0;0;0;0;0;0;;0;0;0;;;;;;;;;;;;;0;0;0;0;0;0;0;0;
FILTRE;2014;040000093;040780215;DECLA;1;1;1;0;0;1;1;1;0;0;1;0;1;0;0;0;1;1;1;1;0;0;0;1;0;1;0;1;0;1;1;0;1;1;0;0;0;0;0;
FILTRE;2014;040000093;040780215;INIT;1;1;1;0;0;1;1;1;0;0;0;0;1;0;0;;1;1;1;;;;;;;;;;;;;0;0;1;0;0;0;0;0;
FILTRE;2014;040000119;040780231;DECLA;1;0;0;0;1;0;1;0;0;0;0;0;0;0;0;0;0;0;0;0;0;0;0;1;0;1;0;0;0;0;1;0;0;0;0;0;0;0;0;
FILTRE;2014;040000119;040780231;INIT;1;0;0;0;1;0;1;0;0;0;0;0;0;0;0;;0;0;0;;;;;;;;;;;;;0;0;0;0;0;0;0;0;
FILTRE;2014;040000127;040780249;DECLA;1;0;0;0;0;0;1;0;0;0;0;0;0;0;0;0;0;0;0;0;0;0;0;0;0;0;0;0;0;0;0;0;0;0;0;0;0;0;0;
FILTRE;2014;040000127;040780249;INIT;1;0;0;0;0;0;1;0;0;0;0;0;0;0;0;;0;0;0;;;;;;;;;;;;;0;0;0;0;0;0;0;0;
FILTRE;2014;040000135;050002948;DECLA;1;0;1;0;1;0;1;0;0;0;1;0;0;1;0;0;1;1;1;1;1;1;1;1;0;1;0;0;0;0;1;0;0;0;0;0;0;0;0;
FILTRE;2014;040000135;050002948;INIT;1;1;0;0;1;0;1;1;0;0;0;0;0;0;0;;1;1;1;;;;;;;;;;;;;0;0;0;0;0;0;0;0;
FILTRE;2014;040000911;040788879;DECLA;1;1;1;1;0;0;1;1;1;0;1;0;1;0;0;0;1;1;1;1;1;1;1;1;0;1;0;1;1;1;0;0;1;0;0;0;0;0;0;
FILTRE;2014;040000911;040788879;INIT;1;1;1;0;0;0;1;1;0;0;1;0;1;0;1;;1;0;1;;;;;;;;;;;;;0;1;0;0;0;0;0;0;
FILTRE;2014;040003113;330029208;DECLA;0;0;0;0;0;0;0;0;0;0;0;1;0;0;0;0;0;0;0;0;0;0;0;0;0;0;1;0;0;0;0;0;0;0;0;0;0;0;0;
FILTRE;2014;040003113;330029208;INIT;0;0;0;0;0;0;0;0;0;0;0;1;0;0;0;;0;0;0;;;;;;;;;;;;;0;0;0;0;0;0;0;0;
FILTRE;2014;040780389;040000150;DECLA;0;0;0;0;1;0;0;0;0;0;0;0;0;0;0;0;0;0;0;0;0;0;0;1;0;1;0;0;0;0;1;0;0;0;0;0;0;0;0;
FILTRE;2014;040780389;040000150;INIT;0;0;0;0;1;0;0;0;0;0;0;0;0;0;0;;0;0;0;;;;;;;;;;;;;0;0;0;0;0;0;0;0;
FILTRE;2014;040780405;040000168;DECLA;0;0;0;0;1;1;0;0;0;0;0;0;0;0;0;0;0;0;0;0;0;0;0;1;0;1;0;0;0;0;1;0;0;0;0;0;0;0;0;
FILTRE;2014;040780405;040000168;INIT;0;0;0;0;1;1;0;0;0;0;0;0;0;0;0;;0;0;0;;;;;;;;;;;;;0;0;0;0;0;0;0;0;
FILTRE;2014;040780470;040000192;DECLA;0;1;0;0;0;0;0;1;0;0;0;0;0;0;0;0;0;0;1;0;0;0;0;1;1;1;0;0;0;0;0;0;0;1;0;0;0;0;0;
FILTRE;2014;040780470;040000192;INIT;0;1;0;0;0;0;0;1;0;0;0;0;0;0;0;;0;0;1;;;;;;;;;;;;;0;0;1;0;0;0;0;0;
FILTRE;2014;040780488;040000200;DECLA;0;0;0;0;1;0;0;0;0;0;0;0;0;0;0;0;0;0;0;1;0;0;0;1;0;1;0;0;0;0;1;0;0;0;0;0;0;0;0;
FILTRE;2014;040780488;040000200;INIT;0;0;0;0;1;0;0;0;0;0;0;0;0;0;0;;0;0;0;;;;;;;;;;;;;0;0;0;0;0;0;0;0;
FILTRE;2014;040780520;920000395;DECLA;0;0;0;0;1;0;0;0;0;0;0;0;0;0;0;0;0;0;0;0;0;0;0;0;0;0;0;0;0;0;0;0;0;0;0;0;0;0;0;
FILTRE;2014;040780520;920000395;INIT;0;0;0;0;1;0;0;0;0;0;0;0;0;0;0;;0;0;0;;;;;;;;;;;;;0;0;0;0;0;0;0;0;
FILTRE;2014;040782021;130037815;DECLA;0;0;0;0;1;0;0;0;0;0;0;0;0;0;0;0;0;0;0;0;0;0;0;1;0;1;0;0;0;0;0;0;0;0;0;0;0;0;0;
FILTRE;2014;040782021;130037815;INIT;0;0;0;0;1;0;0;0;0;0;0;0;0;0;0;;0;0;0;;;;;;;;;;;;;0;0;0;0;0;0;0;0;
FILTRE;2014;040784860;330029208;DECLA;1;0;0;0;0;0;1;0;0;0;0;1;0;0;0;0;0;0;0;0;0;0;0;1;0;1;1;0;0;0;0;0;0;0;0;0;0;0;0;
FILTRE;2014;040784860;330029208;INIT;1;0;0;0;0;0;1;0;0;0;0;1;0;0;0;;0;0;0;;;;;;;;;;;;;0;0;0;0;0;0;0;0;
FILTRE;2014;040787541;330029208;DECLA;0;0;0;0;0;0;0;0;0;0;0;1;0;0;0;0;0;0;0;0;0;0;0;0;0;0;1;0;0;0;0;0;0;0;0;0;0;0;0;
FILTRE;2014;040787541;330029208;INIT;0;0;0;0;0;0;0;0;0;0;0;1;0;0;0;;0;0;0;;;;;;;;;;;;;0;0;0;0;0;0;0;0;
FILTRE;2014;050000041;130037815;DECLA;0;0;0;0;1;0;0;0;0;0;0;0;0;0;0;0;0;0;0;0;0;1;0;0;0;0;0;0;0;0;0;0;0;0;0;0;0;0;0;
FILTRE;2014;050000041;130037815;INIT;0;0;0;0;1;0;0;0;0;0;0;0;0;0;0;;0;0;0;;;;;;;;;;;;;0;0;0;0;0;0;0;0;
FILTRE;2014;050000058;050000033;DECLA;0;0;0;0;1;0;0;0;0;0;0;0;0;0;0;0;0;0;0;0;0;0;0;0;0;0;0;0;0;0;0;0;0;0;0;0;0;0;0;
FILTRE;2014;050000058;050000033;INIT;0;0;0;0;1;0;0;0;0;0;0;0;0;0;0;;0;0;0;;;;;;;;;;;;;0;0;0;0;0;0;0;0;
FILTRE;2014;050000066;050000082;DECLA;0;0;0;0;1;0;0;0;0;0;0;0;0;0;0;0;0;0;0;0;0;0;0;1;0;1;0;0;0;0;1;0;0;0;0;0;0;0;0;
FILTRE;2014;050000066;050000082;INIT;0;0;0;0;1;0;0;0;0;0;0;0;0;0;0;;0;0;0;;;;;;;;;;;;;0;0;0;0;0;0;0;0;
FILTRE;2014;050000090;050006931;DECLA;1;1;0;0;0;0;1;1;0;0;0;0;0;0;0;0;0;0;1;0;0;0;1;1;1;1;1;0;0;0;0;0;1;1;0;0;0;0;0;
FILTRE;2014;050000090;050006931;INIT;1;1;0;0;0;0;1;1;0;0;0;0;0;0;0;;0;0;1;;;;;;;;;;;;;0;0;1;0;0;0;0;0;
FILTRE;2014;050000132;050007145;DECLA;0;0;0;1;0;1;0;0;1;0;0;0;0;0;0;0;0;0;0;0;0;0;0;1;0;1;0;0;0;0;1;0;0;0;0;0;0;0;0;
FILTRE;2014;050000132;050007145;INIT;0;0;0;1;0;1;0;0;1;0;0;0;0;0;0;;0;0;0;;;;;;;;;;;;;0;0;0;0;0;0;0;0;
FILTRE;2014;050000223;050000108;DECLA;1;0;0;0;0;0;1;0;0;0;0;0;0;0;0;0;0;0;0;0;0;0;0;1;0;0;1;0;0;0;1;0;0;0;0;0;0;0;0;
FILTRE;2014;050000223;050000108;INIT;1;0;0;0;0;0;1;0;0;0;0;0;0;0;0;;0;0;0;;;;;;;;;;;;;0;0;0;0;0;0;0;0;
FILTRE;2014;050000231;050000116;DECLA;1;1;1;1;0;1;1;1;1;0;1;1;1;0;0;0;1;1;1;1;1;1;1;1;1;1;1;1;1;1;1;0;1;1;0;0;0;0;0;
FILTRE;2014;050000231;050000116;INIT;1;1;1;1;0;1;1;1;1;0;0;1;1;0;0;;1;1;1;;;;;;;;;;;;;0;1;1;0;0;0;0;0;
FILTRE;2014;050000256;050000124;DECLA;1;0;0;0;1;1;1;0;0;0;0;0;0;0;0;0;1;0;0;1;0;0;0;1;0;1;1;1;0;1;1;0;0;0;0;0;0;0;0;
FILTRE;2014;050000256;050000124;INIT;1;0;0;0;1;1;1;0;0;0;0;0;0;0;0;;1;0;0;;;;;;;;;;;;;0;0;0;0;0;0;0;0;
FILTRE;2014;050000298;050000496;DECLA;0;0;0;0;1;0;0;0;0;0;0;0;0;0;0;0;0;0;0;0;0;0;0;0;0;0;0;0;0;0;0;0;0;0;0;0;0;0;0;
FILTRE;2014;050000298;050000496;INIT;0;0;0;0;1;0;0;0;0;0;0;0;0;0;0;;0;0;0;;;;;;;;;;;;;0;0;0;0;0;0;0;0;
FILTRE;2014;050000306;050000538;DECLA;0;0;0;0;1;0;0;0;0;0;0;0;0;0;0;0;0;0;0;0;0;0;0;0;0;1;0;0;0;0;0;0;0;0;0;0;0;0;0;
FILTRE;2014;050000306;050000538;INIT;0;0;0;0;1;0;0;0;0;0;0;0;0;0;0;;0;0;0;;;;;;;;;;;;;0;0;0;0;0;0;0;0;
FILTRE;2014;050000330;050007145;DECLA;1;0;0;0;1;0;1;0;0;0;0;0;0;0;0;0;0;0;0;0;0;0;0;1;0;1;0;0;0;0;0;0;0;0;0;0;0;0;0;
FILTRE;2014;050000330;050007145;INIT;1;0;0;0;1;0;1;0;0;0;0;0;0;0;0;;0;0;0;;;;;;;;;;;;;0;0;0;0;0;0;0;0;
FILTRE;2014;050000348;050002948;DECLA;1;1;1;0;1;1;1;1;0;0;1;1;1;0;0;0;1;1;1;1;1;1;1;1;1;1;0;1;1;1;1;0;1;1;0;0;0;0;0;
FILTRE;2014;050000348;050002948;INIT;1;1;1;0;0;0;1;1;0;0;1;1;1;0;0;;1;1;1;;;;;;;;;;;;;0;1;1;0;0;0;0;0;
FILTRE;2014;050000371;050003508;DECLA;0;0;0;0;1;0;0;0;0;0;0;0;0;0;0;0;0;0;0;0;0;1;0;0;0;1;0;0;0;0;0;0;0;0;0;0;0;0;0;
FILTRE;2014;050000371;050003508;INIT;0;0;0;0;1;0;0;0;0;0;0;0;0;0;0;;0;0;0;;;;;;;;;;;;;0;0;0;0;0;0;0;0;
FILTRE;2014;050000454;050000645;DECLA;0;0;0;1;0;0;0;0;0;0;0;0;0;0;0;0;0;0;0;0;0;0;0;0;0;0;0;0;0;0;0;0;0;0;0;0;0;0;0;
FILTRE;2014;050000454;050000645;INIT;0;0;0;1;0;0;0;0;0;0;0;0;0;0;0;;0;0;0;;;;;;;;;;;;;0;0;0;0;0;0;0;0;
FILTRE;2014;050000488;050000678;DECLA;0;0;0;0;1;0;0;0;0;0;0;0;0;0;0;0;0;0;0;0;0;1;0;1;0;1;0;0;0;0;1;0;0;0;0;0;0;0;0;
FILTRE;2014;050000488;050000678;INIT;0;0;0;0;1;0;0;0;0;0;0;0;0;0;0;;0;0;0;;;;;;;;;;;;;0;0;0;0;0;0;0;0;
FILTRE;2014;050000637;050001163;DECLA;0;0;0;0;1;0;0;0;0;0;0;0;0;0;0;0;0;0;0;0;0;1;0;1;1;1;0;0;0;0;0;0;0;0;0;0;0;0;0;
FILTRE;2014;050000637;050001163;INIT;0;0;0;0;1;0;0;0;0;0;0;0;0;0;0;;0;0;0;;;;;;;;;;;;;0;0;0;0;0;0;0;0;
FILTRE;2014;050000991;050000546;DECLA;0;0;0;1;1;0;0;0;0;0;0;0;0;0;0;0;0;0;0;0;0;0;0;1;0;1;0;0;0;0;1;0;0;0;0;0;0;0;0;
FILTRE;2014;050000991;050000546;INIT;0;0;0;1;1;0;0;0;0;0;0;0;0;0;0;;0;0;0;;;;;;;;;;;;;0;0;0;0;0;0;0;0;
FILTRE;2014;050001064;050000561;DECLA;0;0;0;0;1;0;0;0;0;0;0;0;0;0;0;0;0;0;0;0;0;0;0;1;0;1;0;0;0;0;0;0;0;0;0;0;0;0;0;
FILTRE;2014;050001064;050000561;INIT;0;0;0;0;1;0;0;0;0;0;0;0;0;0;0;;0;0;0;;;;;;;;;;;;;0;0;0;0;0;0;0;0;
FILTRE;2014;050002351;130037815;DECLA;0;0;0;0;1;0;0;0;0;0;0;0;0;0;0;0;0;0;0;0;0;0;0;0;0;1;0;0;0;0;0;0;0;0;0;0;0;0;0;
FILTRE;2014;050002351;130037815;INIT;0;0;0;0;1;0;0;0;0;0;0;0;0;0;0;;0;0;0;;;;;;;;;;;;;0;0;0;0;0;0;0;0;
FILTRE;2014;050003359;380793802;DECLA;0;0;0;0;0;0;0;0;0;0;0;1;0;0;0;0;0;0;0;0;0;0;0;0;0;1;0;0;0;0;0;0;0;0;0;0;0;0;0;
FILTRE;2014;050003359;380793802;INIT;0;0;0;0;0;0;0;0;0;0;0;1;0;0;0;;0;0;0;;;;;;;;;;;;;0;0;0;0;0;0;0;0;
FILTRE;2014;050006022;380793802;DECLA;0;0;0;0;0;0;0;0;0;0;0;1;0;0;0;0;0;0;0;0;0;0;0;0;0;1;0;0;0;0;0;0;0;0;0;0;0;0;0;
FILTRE;2014;050006022;380793802;INIT;0;0;0;0;0;0;0;0;0;0;0;1;0;0;0;;0;0;0;;;;;;;;;;;;;0;0;0;0;0;0;0;0;
FILTRE;2014;050006436;050002948;DECLA;1;0;0;0;1;1;1;0;0;0;1;0;0;0;0;0;0;0;0;0;0;0;0;0;0;0;0;0;0;0;1;0;0;0;0;0;0;0;0;
FILTRE;2014;050006436;050002948;INIT;1;0;0;0;1;1;1;0;0;0;0;0;0;0;0;;0;0;0;;;;;;;;;;;;;0;0;0;0;0;0;0;0;
FILTRE;2014;050007368;050007343;DECLA;0;0;0;0;0;0;0;0;0;0;0;0;0;0;1;0;0;0;0;0;0;0;0;0;0;1;0;0;0;0;0;0;0;0;0;0;0;0;0;
FILTRE;2014;050007368;050007343;INIT;0;0;0;0;0;0;0;0;0;0;0;0;0;0;1;;0;0;0;;;;;;;;;;;;;0;0;0;0;0;0;0;0;
FILTRE;2014;050007533;130784127;DECLA;0;0;0;0;0;0;1;0;0;1;0;0;0;0;0;0;0;0;0;0;0;0;0;0;0;0;0;0;0;0;0;0;0;0;0;0;0;0;0;
FILTRE;2014;050007533;130784127;INIT;0;0;0;0;0;0;0;0;0;1;0;0;0;0;0;;0;0;0;;;;;;;;;;;;;0;0;0;0;0;0;0;0;
FILTRE;2014;060000163;060780327;DECLA;1;0;0;0;1;0;0;0;0;0;0;0;0;0;0;0;0;0;0;0;0;0;0;0;0;0;1;1;0;0;1;0;0;0;0;0;0;0;0;
FILTRE;2014;060000163;060780327;INIT;1;0;0;0;1;0;1;0;0;0;0;0;0;0;0;;0;0;0;;;;;;;;;;;;;0;0;0;0;0;0;0;0;
FILTRE;2014;060000296;060780640;DECLA;0;0;0;0;1;0;0;0;0;0;0;0;0;0;0;0;0;0;0;1;0;1;0;1;0;1;0;0;0;0;0;0;0;0;0;0;0;0;0;
FILTRE;2014;060000296;060780640;INIT;0;0;0;0;1;0;0;0;0;0;0;0;0;0;0;;0;0;0;;;;;;;;;;;;;0;0;0;0;0;0;0;0;
FILTRE;2014;060000304;060780657;DECLA;1;0;0;0;1;0;0;0;0;0;0;0;0;0;0;0;0;0;0;1;0;1;0;1;0;0;1;0;0;0;1;0;0;0;0;0;0;0;0;
FILTRE;2014;060000304;060780657;INIT;1;0;0;0;1;0;1;0;0;0;0;0;0;0;0;;0;0;0;;;;;;;;;;;;;0;0;0;0;0;0;0;0;
FILTRE;2014;060000411;060780780;DECLA;1;0;0;0;0;0;0;0;0;0;0;0;0;0;0;0;0;0;0;0;0;0;0;1;0;1;0;0;0;0;1;0;0;0;0;0;0;0;0;
FILTRE;2014;060000411;060780780;INIT;1;0;0;0;0;0;1;0;0;0;0;0;0;0;0;;0;0;0;;;;;;;;;;;;;0;0;0;0;0;0;0;0;
FILTRE;2014;060000445;060780814;DECLA;0;0;0;0;1;0;0;0;0;0;0;0;0;0;0;0;0;0;0;0;0;0;0;1;0;1;0;0;0;0;0;0;0;0;0;0;0;0;0;
FILTRE;2014;060000445;060780814;INIT;0;0;0;0;1;0;0;0;0;0;0;0;0;0;0;;0;0;0;;;;;;;;;;;;;0;0;0;0;0;0;0;0;
FILTRE;2014;060000478;060780897;DECLA;1;1;1;1;1;0;1;1;1;0;1;0;1;0;1;0;1;1;1;1;1;1;1;1;1;1;1;1;0;1;1;0;1;1;0;0;0;0;0;
FILTRE;2014;060000478;060780897;INIT;1;1;1;1;1;0;1;1;1;0;1;0;1;0;1;;1;1;1;;;;;;;;;;;;;0;1;1;0;0;0;0;0;
FILTRE;2014;060000486;060780905;DECLA;1;0;0;0;1;0;0;0;0;0;0;0;0;0;0;0;0;0;0;1;0;0;0;1;0;1;0;0;0;0;1;0;0;0;0;0;0;0;0;
FILTRE;2014;060000486;060780905;INIT;1;0;0;0;1;0;1;0;0;0;0;0;0;0;0;;0;0;0;;;;;;;;;;;;;0;0;0;0;0;0;0;0;
FILTRE;2014;060000494;060780921;DECLA;1;0;0;0;0;0;0;0;0;0;0;0;0;0;0;0;0;0;0;0;0;0;0;1;0;1;0;0;0;0;1;0;0;0;0;0;0;0;0;
FILTRE;2014;060000494;060780921;INIT;1;0;0;0;0;0;1;0;0;0;0;0;0;0;0;;0;0;0;;;;;;;;;;;;;0;0;0;0;0;0;0;0;
FILTRE;2014;060000510;060780954;DECLA;1;1;1;1;1;1;1;1;1;0;1;0;1;0;0;1;1;1;1;1;1;1;1;1;1;1;0;1;1;1;1;1;1;1;0;0;0;0;0;
FILTRE;2014;060000510;060780954;INIT;1;1;1;1;1;1;1;1;1;0;1;0;1;0;0;;1;1;1;;;;;;;;;;;;;1;1;1;0;0;0;0;0;
FILTRE;2014;060000528;060780962;DECLA;1;1;0;0;0;0;1;1;0;1;1;0;0;0;0;0;0;0;1;1;1;1;0;1;0;1;0;1;0;1;0;0;1;1;0;0;0;0;0;
FILTRE;2014;060000528;060780962;INIT;1;1;0;0;0;0;1;1;0;1;1;0;0;0;0;;0;0;1;;;;;;;;;;;;;0;0;1;0;0;0;0;0;
FILTRE;2014;060000536;060006889;DECLA;1;0;0;0;1;0;0;0;0;0;0;0;0;0;0;0;0;0;0;0;0;0;0;1;0;0;1;0;0;1;1;0;0;0;0;0;0;0;0;
FILTRE;2014;060000536;060006889;INIT;1;0;0;0;1;1;1;0;0;0;0;0;0;0;0;;0;0;0;;;;;;;;;;;;;0;0;0;0;0;0;0;0;
FILTRE;2014;060000544;060780988;DECLA;1;1;1;1;0;0;1;1;1;0;1;1;1;0;1;0;1;1;1;1;1;1;1;1;0;1;0;1;0;1;1;1;1;1;0;0;0;0;0;
FILTRE;2014;060000544;060780988;INIT;1;1;1;1;0;0;1;1;1;0;1;1;1;0;1;;1;1;1;;;;;;;;;;;;;1;1;1;0;0;0;0;0;
FILTRE;2014;060000551;060781010;DECLA;0;0;0;0;0;1;0;0;0;0;0;0;0;0;0;0;0;0;0;0;0;0;0;1;0;0;0;0;0;0;1;0;0;0;0;0;0;0;0;
FILTRE;2014;060000551;060781010;INIT;0;0;0;0;0;1;0;0;0;0;0;0;0;0;0;;0;0;0;;;;;;;;;;;;;0;0;0;0;0;0;0;0;
FILTRE;2014;060001450;060785011;DECLA;1;1;0;0;0;0;1;1;0;0;1;0;0;0;0;0;1;1;1;1;1;1;0;1;0;0;1;0;0;0;0;0;1;1;0;0;0;0;0;
FILTRE;2014;060001450;060785011;INIT;1;1;0;0;0;0;1;1;0;0;0;0;0;0;0;;1;1;1;;;;;;;;;;;;;0;1;1;0;0;0;0;0;
FILTRE;2014;060002102;060791761;DECLA;1;1;1;0;1;0;1;1;0;0;0;0;1;1;0;1;1;1;1;1;0;1;0;1;1;1;0;0;0;1;1;0;0;0;0;0;0;0;0;
FILTRE;2014;060002102;060791761;INIT;1;1;0;0;1;0;1;1;0;0;0;0;1;0;0;;1;0;1;;;;;;;;;;;;;0;0;0;0;0;0;0;0;
FILTRE;2014;060005469;750043994;DECLA;0;0;0;0;1;0;0;0;0;0;0;0;0;0;0;0;0;0;0;0;0;0;0;1;0;1;0;0;0;0;0;0;0;0;0;0;0;0;0;
FILTRE;2014;060005469;750043994;INIT;0;0;0;0;1;0;0;0;0;0;0;0;0;0;0;;0;0;0;;;;;;;;;;;;;0;0;0;0;0;0;0;0;
FILTRE;2014;060006558;060798865;DECLA;0;0;0;0;0;0;0;0;0;0;0;0;0;0;1;0;0;0;0;0;0;0;0;1;0;0;0;0;0;0;0;0;0;0;0;0;0;0;0;
FILTRE;2014;060006558;060798865;INIT;0;0;0;0;0;0;0;0;0;0;0;0;0;0;1;;0;0;0;;;;;;;;;;;;;0;0;0;0;0;0;0;0;
FILTRE;2014;060010188;060000221;DECLA;0;0;0;0;1;0;0;0;0;0;0;0;0;0;0;0;0;0;0;0;0;0;0;0;0;0;0;0;0;0;0;0;0;0;0;0;0;0;0;
FILTRE;2014;060010188;060000221;INIT;0;0;0;0;1;0;0;0;0;0;0;0;0;0;0;;0;0;0;;;;;;;;;;;;;0;0;0;0;0;0;0;0;
FILTRE;2014;060010949;060790540;DECLA;0;0;0;0;0;0;0;0;0;0;0;1;0;0;0;0;0;0;0;0;0;0;0;1;0;0;0;0;0;0;0;0;0;0;0;0;0;0;0;
FILTRE;2014;060010949;060790540;INIT;0;0;0;0;0;0;0;0;0;0;0;1;0;0;0;;0;0;0;;;;;;;;;;;;;0;0;0;0;0;0;0;0;
FILTRE;2014;060015328;060015278;DECLA;0;0;0;0;1;0;0;0;0;0;0;0;0;0;0;0;0;0;0;0;0;0;0;0;0;1;0;0;0;0;0;0;0;0;0;0;0;0;0;
FILTRE;2014;060015328;060015278;INIT;0;0;0;0;1;0;0;0;0;0;0;0;0;0;0;;0;0;0;;;;;;;;;;;;;0;0;0;0;0;0;0;0;
FILTRE;2014;060019213;060005188;DECLA;0;0;0;0;0;1;0;0;0;0;0;0;0;0;0;0;0;0;0;0;0;0;0;0;0;0;0;0;0;0;0;0;0;0;0;0;0;0;0;
FILTRE;2014;060019213;060005188;INIT;0;0;0;0;0;1;0;0;0;0;0;0;0;0;0;;0;0;0;;;;;;;;;;;;;0;0;0;0;0;0;0;0;
FILTRE;2014;060019627;060019551;DECLA;0;0;0;0;0;0;0;0;0;1;0;0;0;0;0;0;0;0;0;0;0;0;0;0;0;0;0;0;0;0;0;0;0;0;0;0;0;0;0;
FILTRE;2014;060019627;060019551;INIT;0;0;0;0;0;0;0;0;0;1;0;0;0;0;0;;0;0;0;;;;;;;;;;;;;0;0;0;0;0;0;0;0;
FILTRE;2014;060019676;060790540;DECLA;0;0;0;0;0;0;0;0;0;0;0;1;0;0;0;0;0;0;0;0;0;0;0;1;0;0;0;0;0;0;0;0;0;0;0;0;0;0;0;
FILTRE;2014;060019676;060790540;INIT;0;0;0;0;0;0;0;0;0;0;0;1;0;0;0;;0;0;0;;;;;;;;;;;;;0;0;0;0;0;0;0;0;
FILTRE;2014;060019684;060790540;DECLA;0;0;0;0;0;0;0;0;0;0;0;1;0;0;0;0;0;0;0;0;0;0;0;1;0;0;0;0;0;0;0;0;0;0;0;0;0;0;0;
FILTRE;2014;060019684;060790540;INIT;0;0;0;0;0;0;0;0;0;0;0;1;0;0;0;;0;0;0;;;;;;;;;;;;;0;0;0;0;0;0;0;0;
FILTRE;2014;060021201;060000155;DECLA;0;0;0;0;1;0;0;0;0;0;0;0;0;0;0;0;0;0;0;0;0;0;0;1;0;1;0;0;0;0;0;0;0;0;0;0;0;0;0;
FILTRE;2014;060021201;060000155;INIT;0;0;0;0;1;0;0;0;0;0;0;0;0;0;0;;0;0;0;;;;;;;;;;;;;0;0;0;0;0;0;0;0;
FILTRE;2014;060021276;060790540;DECLA;0;0;0;0;0;0;0;0;0;0;0;1;0;0;0;0;0;0;0;0;0;0;0;1;0;0;0;0;0;0;0;0;0;0;0;0;0;0;0;
FILTRE;2014;060021276;060790540;INIT;0;0;0;0;0;0;0;0;0;0;0;1;0;0;0;;0;0;0;;;;;;;;;;;;;0;0;0;0;0;0;0;0;
FILTRE;2014;060021342;060003621;DECLA;0;0;0;0;0;0;0;0;0;1;0;0;0;0;0;0;0;0;0;1;0;0;0;0;0;0;0;0;0;0;0;0;0;0;0;0;0;0;0;
FILTRE;2014;060021342;060003621;INIT;0;0;0;0;0;0;0;0;0;1;0;0;0;0;0;;0;0;0;;;;;;;;;;;;;0;0;0;0;0;0;0;0;
FILTRE;2014;060021417;060000221;DECLA;1;1;1;0;0;0;1;1;0;0;1;0;1;0;0;0;0;0;1;0;0;0;0;1;0;1;0;0;0;0;0;0;1;1;0;0;0;0;0;
FILTRE;2014;060021417;060000221;INIT;1;1;0;0;0;0;1;1;0;0;0;0;1;0;0;;0;0;1;;;;;;;;;;;;;0;0;1;0;0;0;0;0;
FILTRE;2014;060022845;060790797;DECLA;0;0;0;0;0;0;0;0;0;0;0;1;0;0;0;0;0;0;0;0;0;0;0;0;0;0;0;0;0;0;0;0;0;0;0;0;0;0;0;
FILTRE;2014;060022845;060790797;INIT;0;0;0;0;0;0;0;0;0;0;0;1;0;0;0;;0;0;0;;;;;;;;;;;;;0;0;0;0;0;0;0;0;
FILTRE;2014;060780145;060000049;DECLA;0;0;0;0;1;0;0;0;0;0;0;0;0;0;0;0;0;0;0;0;0;0;0;0;0;0;0;0;0;1;0;0;0;0;0;0;0;0;0;
FILTRE;2014;060780145;060000049;INIT;0;0;0;0;1;0;0;0;0;0;0;0;0;0;0;;0;0;0;;;;;;;;;;;;;0;0;0;0;0;0;0;0;
FILTRE;2014;060780186;060006939;DECLA;0;0;0;0;1;0;0;0;0;0;0;0;0;0;0;0;0;0;0;0;0;0;0;0;0;1;0;0;0;1;0;0;0;0;0;0;0;0;0;
FILTRE;2014;060780186;060006939;INIT;0;0;0;0;1;0;0;0;0;0;0;0;0;0;0;;0;0;0;;;;;;;;;;;;;0;0;0;0;0;0;0;0;
FILTRE;2014;060780277;750043994;DECLA;0;0;0;0;1;0;0;0;0;0;0;0;0;0;0;0;0;0;0;0;0;0;0;1;1;1;0;0;0;0;0;0;0;0;0;0;0;0;0;
FILTRE;2014;060780277;750043994;INIT;0;0;0;0;1;0;0;0;0;0;0;0;0;0;0;;0;0;0;;;;;;;;;;;;;0;0;0;0;0;0;0;0;
FILTRE;2014;060780343;060000171;DECLA;0;0;0;0;1;0;0;0;0;0;0;0;0;0;0;1;0;0;0;1;1;0;0;1;0;1;0;0;1;0;1;0;0;0;0;0;0;0;0;
FILTRE;2014;060780343;060000171;INIT;0;0;0;0;1;0;0;0;0;0;0;0;0;0;0;;0;0;0;;;;;;;;;;;;;0;0;0;0;0;0;0;0;
FILTRE;2014;060780350;920000395;DECLA;0;0;0;0;1;0;0;0;0;0;0;0;0;0;0;0;0;0;0;0;0;0;0;0;0;0;0;0;0;0;1;0;0;0;0;0;0;0;0;
FILTRE;2014;060780350;920000395;INIT;0;0;0;0;1;0;0;0;0;0;0;0;0;0;0;;0;0;0;;;;;;;;;;;;;0;0;0;0;0;0;0;0;
FILTRE;2014;060780392;060000205;DECLA;0;0;0;0;1;0;0;0;0;0;0;0;0;0;0;1;0;0;0;1;0;0;0;1;0;1;0;0;0;0;1;0;0;0;0;0;0;0;0;
FILTRE;2014;060780392;060000205;INIT;0;0;0;0;1;0;0;0;0;0;0;0;0;0;0;;0;0;0;;;;;;;;;;;;;0;0;0;0;0;0;0;0;
FILTRE;2014;060780442;060000213;DECLA;0;1;0;1;0;0;0;1;1;0;0;0;0;0;0;0;0;0;1;1;0;0;1;1;1;1;0;0;0;0;0;0;0;1;0;0;0;0;0;
FILTRE;2014;060780442;060000213;INIT;0;1;0;1;0;0;0;1;1;0;0;0;0;0;0;;0;0;1;;;;;;;;;;;;;0;0;1;0;0;0;0;0;
FILTRE;2014;060780459;010783009;DECLA;0;0;0;0;1;0;0;0;0;0;0;0;0;0;0;0;0;0;0;1;0;0;0;1;0;1;0;0;0;0;0;0;0;0;0;0;0;0;0;
FILTRE;2014;060780459;010783009;INIT;0;0;0;0;1;0;0;0;0;0;0;0;0;0;0;;0;0;0;;;;;;;;;;;;;0;0;0;0;0;0;0;0;
FILTRE;2014;060780491;060790797;DECLA;1;1;0;0;0;0;1;1;0;0;0;0;0;0;0;0;1;0;1;1;0;1;0;1;1;1;1;0;0;0;1;0;1;1;0;0;0;0;0;
FILTRE;2014;060780491;060790797;INIT;1;1;0;0;0;0;1;0;0;0;0;0;0;0;0;;1;0;1;;;;;;;;;;;;;0;1;1;0;0;0;0;0;
FILTRE;2014;060780517;060000239;DECLA;1;1;1;0;0;0;1;1;0;0;1;0;1;0;0;0;1;0;1;1;1;0;1;1;1;1;0;0;0;1;1;0;0;1;0;0;0;0;0;
FILTRE;2014;060780517;060000239;INIT;1;1;1;0;0;0;1;1;0;0;1;0;1;0;0;;1;0;1;;;;;;;;;;;;;0;0;1;0;0;0;0;0;
FILTRE;2014;060780525;060000247;DECLA;0;0;0;1;0;0;0;0;0;0;0;0;0;0;0;0;0;0;0;0;0;0;0;1;0;1;0;0;0;0;1;0;0;0;0;0;0;0;0;
FILTRE;2014;060780525;060000247;INIT;0;0;0;1;0;0;0;0;0;0;0;0;0;0;0;;0;0;0;;;;;;;;;;;;;0;0;0;0;0;0;0;0;
FILTRE;2014;060780541;060000262;DECLA;0;0;0;1;0;0;0;0;0;0;0;0;0;0;0;0;0;0;0;0;0;0;0;0;0;0;0;0;0;0;0;0;0;0;0;0;0;0;0;
FILTRE;2014;060780541;060000262;INIT;0;0;0;1;0;0;0;0;0;0;0;0;0;0;0;;0;0;0;;;;;;;;;;;;;0;0;0;0;0;0;0;0;
FILTRE;2014;060780558;750720575;DECLA;0;0;0;0;1;0;0;0;0;0;0;0;0;0;0;0;0;0;0;0;0;0;0;1;0;1;0;0;0;0;0;0;0;0;0;0;0;0;0;
FILTRE;2014;060780558;750720575;INIT;0;0;0;0;1;0;0;0;0;0;0;0;0;0;0;;0;0;0;;;;;;;;;;;;;0;0;0;0;0;0;0;0;
FILTRE;2014;060780590;060000270;DECLA;0;1;0;0;0;0;0;1;0;0;0;0;1;0;0;0;0;0;1;1;1;0;0;1;0;1;0;0;0;0;0;0;0;1;0;0;0;0;0;
FILTRE;2014;060780590;060000270;INIT;0;1;0;0;0;0;0;1;0;0;0;0;1;0;0;;0;0;1;;;;;;;;;;;;;0;0;1;0;0;0;0;0;
FILTRE;2014;060780665;060000312;DECLA;1;1;0;0;1;0;1;1;0;0;0;0;0;0;0;0;0;0;1;0;0;0;0;1;0;1;0;0;0;0;0;0;0;1;0;0;0;0;0;
FILTRE;2014;060780665;060000312;INIT;1;1;0;0;1;0;1;1;0;0;0;0;0;0;0;;0;0;1;;;;;;;;;;;;;0;0;1;0;0;0;0;0;
FILTRE;2014;060780699;060000346;DECLA;0;0;0;0;0;0;1;1;0;0;0;0;1;0;0;0;0;0;1;0;0;0;1;1;1;1;0;0;0;0;0;0;0;0;0;0;0;0;0;
FILTRE;2014;060780699;060000346;INIT;0;0;0;0;0;0;0;1;0;0;0;0;1;0;0;;0;0;1;;;;;;;;;;;;;0;0;0;0;0;0;0;0;
FILTRE;2014;060780715;060000361;DECLA;1;1;1;0;0;0;1;1;0;0;1;0;1;0;0;0;1;0;1;1;0;1;1;1;1;1;0;0;0;1;0;1;1;1;0;0;0;0;0;
FILTRE;2014;060780715;060000361;INIT;1;1;1;0;0;0;1;1;0;0;1;0;1;0;0;;1;0;1;;;;;;;;;;;;;1;0;1;0;0;0;0;0;
FILTRE;2014;060780723;060004959;DECLA;1;1;0;0;0;0;1;1;0;0;1;0;0;0;0;0;1;0;1;1;0;1;1;1;0;1;0;0;0;0;1;0;1;1;0;0;0;0;0;
FILTRE;2014;060780723;060004959;INIT;1;1;0;0;0;0;1;1;0;0;1;0;0;0;0;;1;0;1;;;;;;;;;;;;;0;0;1;0;0;0;0;0;
FILTRE;2014;060780749;060000395;DECLA;0;0;0;1;1;0;0;0;0;0;0;0;0;0;0;0;0;0;0;0;0;0;0;1;0;1;0;0;0;0;0;0;0;0;0;0;0;0;0;
FILTRE;2014;060780749;060000395;INIT;0;0;0;1;1;0;0;0;0;0;0;0;0;0;0;;0;0;0;;;;;;;;;;;;;0;0;0;0;0;0;0;0;
FILTRE;2014;060780756;060000403;DECLA;1;1;1;0;0;0;1;1;0;0;0;0;1;0;0;0;0;0;1;0;0;0;0;0;0;0;0;0;0;0;0;0;1;1;0;0;0;0;0;
FILTRE;2014;060780756;060000403;INIT;0;1;1;0;0;0;0;1;0;0;0;0;1;0;0;;0;0;1;;;;;;;;;;;;;0;0;1;0;0;0;0;0;
FILTRE;2014;060780947;060800174;DECLA;1;1;0;0;0;0;1;1;0;0;0;0;0;0;0;0;1;0;1;1;0;1;0;1;1;1;0;1;0;0;0;0;1;0;0;0;0;0;0;
FILTRE;2014;060780947;060800174;INIT;1;1;0;1;0;0;1;1;1;0;0;0;0;0;0;;1;0;1;;;;;;;;;;;;;0;1;0;0;0;0;0;0;
FILTRE;2014;060780996;630786754;DECLA;0;0;0;1;0;0;0;0;1;0;0;0;0;0;0;0;0;0;0;1;0;0;0;1;0;1;1;0;0;0;1;0;0;0;0;0;0;0;0;
FILTRE;2014;060780996;630786754;INIT;0;0;0;1;0;0;0;0;1;0;0;0;0;0;0;;0;0;0;;;;;;;;;;;;;0;0;0;0;0;0;0;0;
FILTRE;2014;060781200;060000635;DECLA;1;1;1;0;0;0;1;1;0;0;0;0;1;0;0;0;0;0;1;1;0;1;0;1;1;1;0;0;0;0;1;0;1;1;0;0;0;0;0;
FILTRE;2014;060781200;060000635;INIT;1;1;0;0;0;0;1;1;0;0;0;0;1;0;0;;0;0;1;;;;;;;;;;;;;0;0;1;0;0;0;0;0;
FILTRE;2014;060781374;060000718;DECLA;0;0;0;0;1;0;0;0;0;0;0;0;0;0;0;0;0;0;0;0;0;0;0;1;0;1;0;0;0;0;0;0;0;0;0;0;0;0;0;
FILTRE;2014;060781374;060000718;INIT;0;0;0;0;1;0;0;0;0;0;0;0;0;0;0;;0;0;0;;;;;;;;;;;;;0;0;0;0;0;0;0;0;
FILTRE;2014;060781929;060000858;DECLA;0;0;0;1;0;0;0;0;1;0;0;0;0;0;0;0;0;0;0;0;0;0;0;1;0;1;0;0;0;0;0;0;0;0;0;0;0;0;0;
FILTRE;2014;060781929;060000858;INIT;0;0;0;1;0;0;0;0;1;0;0;0;0;0;0;;0;0;0;;;;;;;;;;;;;0;0;0;0;0;0;0;0;
FILTRE;2014;060785003;060785011;DECLA;1;1;0;1;0;0;1;1;1;0;1;1;0;0;0;0;0;0;1;1;1;1;0;1;1;0;1;0;0;0;0;1;1;1;1;1;0;0;0;
FILTRE;2014;060785003;060785011;INIT;1;1;0;1;0;0;1;1;1;0;0;1;1;0;0;;0;0;1;;;;;;;;;;;;;1;1;1;1;1;0;0;0;
FILTRE;2014;060785219;060001468;DECLA;1;1;0;0;0;0;1;0;0;0;1;0;0;0;0;0;0;0;1;0;0;1;0;1;1;1;0;0;0;1;0;1;1;0;0;0;0;0;0;
FILTRE;2014;060785219;060001468;INIT;1;0;0;0;0;0;1;0;0;0;1;0;0;0;0;;0;0;0;;;;;;;;;;;;;1;0;0;0;0;0;0;0;
FILTRE;2014;060785227;060001476;DECLA;0;0;0;0;1;0;0;0;0;0;0;0;0;0;0;0;0;0;0;0;0;1;0;1;1;1;0;0;0;1;1;0;0;0;0;0;0;0;0;
FILTRE;2014;060785227;060001476;INIT;0;0;0;0;1;0;0;0;0;0;0;0;0;0;0;;0;0;0;;;;;;;;;;;;;0;0;0;0;0;0;0;0;
FILTRE;2014;060785243;060001484;DECLA;0;0;0;0;0;0;0;0;0;0;0;0;0;0;1;1;0;0;0;0;0;0;0;0;0;0;0;0;0;0;0;0;0;0;0;0;0;0;0;
FILTRE;2014;060785243;060001484;INIT;0;0;0;0;0;0;0;0;0;0;0;0;0;0;1;;0;0;0;;;;;;;;;;;;;0;0;0;0;0;0;0;0;
FILTRE;2014;060788957;060785011;DECLA;1;0;0;0;1;1;1;0;0;0;0;1;0;0;0;0;0;0;0;1;0;0;0;0;0;1;1;0;1;0;0;0;0;0;0;0;0;0;0;
FILTRE;2014;060788957;060785011;INIT;0;0;0;0;1;1;0;0;0;1;0;0;0;0;0;;0;0;0;;;;;;;;;;;;;0;0;0;0;0;0;0;0;
FILTRE;2014;060789195;060785011;DECLA;1;1;1;0;1;0;1;1;0;0;1;1;1;0;0;1;0;1;1;1;1;1;0;1;1;0;1;1;0;1;0;0;1;1;0;0;1;0;0;
FILTRE;2014;060789195;060785011;INIT;1;1;1;0;1;0;1;1;0;1;1;1;1;0;0;;0;1;1;;;;;;;;;;;;;0;1;1;0;0;1;0;0;
FILTRE;2014;060789674;130037815;DECLA;0;0;0;0;1;0;0;0;0;0;0;0;0;0;0;0;0;0;0;1;0;0;0;1;0;1;0;0;0;0;1;0;0;0;0;0;0;0;0;
FILTRE;2014;060789674;130037815;INIT;0;0;0;0;1;0;0;0;0;0;0;0;0;0;0;;0;0;0;;;;;;;;;;;;;0;0;0;0;0;0;0;0;
FILTRE;2014;060790177;060785011;DECLA;0;0;0;0;1;1;0;0;0;0;0;0;0;0;0;0;0;0;0;0;0;0;0;1;0;0;0;0;0;0;1;0;0;0;0;0;0;0;0;
FILTRE;2014;060790177;060785011;INIT;0;0;0;0;1;1;0;0;0;0;0;0;0;0;0;;0;0;0;;;;;;;;;;;;;0;0;0;0;0;0;0;0;
FILTRE;2014;060790631;060791761;DECLA;0;0;0;0;0;1;0;0;0;0;0;0;0;0;0;1;0;0;0;0;0;0;0;0;0;0;0;0;0;0;1;0;0;0;0;0;0;0;0;
FILTRE;2014;060790631;060791761;INIT;0;0;0;0;0;1;0;0;0;0;0;0;0;0;0;;0;0;0;;;;;;;;;;;;;0;0;0;0;0;0;0;0;
FILTRE;2014;060790680;060780897;DECLA;0;0;0;0;0;1;0;0;0;0;0;0;0;0;0;0;0;0;0;0;0;0;0;0;0;0;0;0;0;0;1;0;0;0;0;0;0;0;0;
FILTRE;2014;060790680;060780897;INIT;0;0;0;0;0;1;0;0;0;0;0;0;0;0;0;;0;0;0;;;;;;;;;;;;;0;0;0;0;0;0;0;0;
FILTRE;2014;060790862;060001997;DECLA;0;0;0;0;1;0;0;0;0;0;0;0;0;0;0;0;0;0;0;0;0;0;0;1;0;0;0;0;0;0;0;0;0;0;0;0;0;0;0;
FILTRE;2014;060790862;060001997;INIT;0;0;0;0;1;0;0;0;0;0;0;0;0;0;0;;0;0;0;;;;;;;;;;;;;0;0;0;0;0;0;0;0;
FILTRE;2014;060791811;750826638;DECLA;1;0;0;0;1;1;1;0;0;0;0;0;0;0;0;0;0;0;1;1;0;1;0;1;0;1;0;0;0;0;0;0;1;0;0;0;0;0;0;
FILTRE;2014;060791811;750826638;INIT;1;0;0;0;1;1;1;0;0;0;0;0;0;0;0;;0;0;0;;;;;;;;;;;;;0;1;0;0;0;0;0;0;
FILTRE;2014;060791860;060790797;DECLA;0;0;0;0;0;0;1;0;0;0;0;1;0;0;0;0;0;0;0;0;0;0;0;1;0;0;0;0;0;0;0;0;0;0;0;0;0;0;0;
FILTRE;2014;060791860;060790797;INIT;0;0;0;0;0;0;0;0;0;0;0;1;0;0;0;;0;0;0;;;;;;;;;;;;;0;0;0;0;0;0;0;0;
FILTRE;2014;060792090;060790540;DECLA;0;0;0;0;0;0;0;0;0;0;0;1;0;0;0;0;0;0;0;0;0;0;0;1;0;0;0;0;0;0;0;0;0;0;0;0;0;0;0;
FILTRE;2014;060792090;060790540;INIT;0;0;0;0;0;0;0;0;0;0;0;1;0;0;0;;0;0;0;;;;;;;;;;;;;0;0;0;0;0;0;0;0;
FILTRE;2014;060792736;060790540;DECLA;0;0;0;0;0;0;0;0;0;0;0;1;0;0;0;0;0;0;0;0;0;0;0;1;0;0;0;0;0;0;0;0;0;0;0;0;0;0;0;
FILTRE;2014;060792736;060790540;INIT;0;0;0;0;0;0;0;0;0;0;0;1;0;0;0;;0;0;0;;;;;;;;;;;;;0;0;0;0;0;0;0;0;
FILTRE;2014;060792850;060790797;DECLA;0;0;0;0;0;0;1;0;0;0;0;1;0;0;0;0;0;0;0;0;0;0;0;1;0;0;0;0;0;0;0;0;0;0;0;0;0;0;0;
FILTRE;2014;060792850;060790797;INIT;0;0;0;0;0;0;0;0;0;0;0;1;0;0;0;;0;0;0;;;;;;;;;;;;;0;0;0;0;0;0;0;0;
FILTRE;2014;060792900;060790797;DECLA;0;0;0;0;0;0;0;0;0;0;0;1;0;0;0;0;0;0;0;0;0;0;0;1;0;0;0;0;0;0;0;0;0;0;0;0;0;0;0;
FILTRE;2014;060792900;060790797;INIT;0;0;0;0;0;0;0;0;0;0;0;1;0;0;0;;0;0;0;;;;;;;;;;;;;0;0;0;0;0;0;0;0;
FILTRE;2014;060792926;060022951;DECLA;0;0;0;0;0;0;1;0;0;0;0;1;0;0;0;0;0;0;0;0;0;0;0;1;0;0;0;0;0;0;0;0;0;0;0;0;0;0;0;
FILTRE;2014;060792926;060022951;INIT;0;0;0;0;0;0;0;0;0;0;0;1;0;0;0;;0;0;0;;;;;;;;;;;;;0;0;0;0;0;0;0;0;
FILTRE;2014;060794013;060790797;DECLA;1;1;0;0;0;0;1;1;0;0;0;0;0;0;0;0;0;0;1;1;0;1;0;1;1;1;1;0;0;0;1;1;1;0;0;0;0;0;1;
FILTRE;2014;060794013;060790797;INIT;1;1;0;0;0;0;1;1;0;0;0;0;0;0;0;;0;0;1;;;;;;;;;;;;;1;1;0;0;0;0;0;0;
FILTRE;2014;060794021;060780988;DECLA;0;0;0;0;1;1;0;0;0;0;0;0;0;0;0;0;0;0;0;0;0;0;0;0;0;0;0;0;0;0;1;0;0;0;0;0;0;0;0;
FILTRE;2014;060794021;060780988;INIT;0;0;0;0;1;1;0;0;0;0;0;0;0;0;0;;0;0;0;;;;;;;;;;;;;0;0;0;0;0;0;0;0;
FILTRE;2014;060798881;060798873;DECLA;0;0;0;0;1;0;0;0;0;0;0;0;0;0;0;0;0;0;0;1;0;0;0;1;0;1;0;0;0;0;0;0;0;0;0;0;0;0;0;
FILTRE;2014;060798881;060798873;INIT;0;0;0;0;1;0;0;0;0;0;0;0;0;0;0;;0;0;0;;;;;;;;;;;;;0;0;0;0;0;0;0;0;
FILTRE;2014;060800166;060780608;DECLA;1;1;0;0;0;0;0;1;0;0;0;0;0;0;0;0;0;0;1;0;0;0;0;1;1;1;0;0;0;0;0;0;1;1;0;0;0;0;0;
FILTRE;2014;060800166;060780608;INIT;0;1;0;0;0;0;0;1;0;0;0;0;0;0;0;;0;0;1;;;;;;;;;;;;;0;0;1;0;0;0;0;0;
FILTRE;2014;060800174;060800174;DECLA;0;0;0;1;0;0;0;0;1;0;0;0;0;0;0;0;0;0;0;1;0;0;0;0;0;0;0;0;0;0;0;0;0;0;0;0;0;0;0;
FILTRE;2014;060800174;060800174;INIT;0;0;0;1;0;0;0;0;0;0;0;0;0;0;0;;0;0;0;;;;;;;;;;;;;0;0;0;0;0;0;0;0;
FILTRE;2014;060800182;060002912;DECLA;0;0;0;0;1;0;0;0;0;0;0;0;0;0;0;0;0;0;0;0;0;0;0;1;0;1;0;0;0;0;0;0;0;0;0;0;0;0;0;
FILTRE;2014;060800182;060002912;INIT;0;0;0;0;1;0;0;0;0;0;0;0;0;0;0;;0;0;0;;;;;;;;;;;;;0;0;0;0;0;0;0;0;
FILTRE;2014;060800687;060000221;DECLA;0;0;0;0;1;0;0;0;0;0;0;0;0;0;0;0;0;0;0;0;0;0;0;0;0;0;0;0;0;0;0;0;0;0;0;0;0;0;0;
FILTRE;2014;060800687;060000221;INIT;0;0;0;0;1;0;0;0;0;0;0;0;0;0;0;;0;0;0;;;;;;;;;;;;;0;0;0;0;0;0;0;0;
FILTRE;2014;060801016;060790540;DECLA;0;0;0;0;0;0;0;0;0;0;0;1;0;0;0;0;0;0;0;0;0;0;0;1;0;0;0;0;0;0;0;0;0;0;0;0;0;0;0;
FILTRE;2014;060801016;060790540;INIT;0;0;0;0;0;0;0;0;0;0;0;1;0;0;0;;0;0;0;;;;;;;;;;;;;0;0;0;0;0;0;0;0;
FILTRE;2014;070000013;070002878;DECLA;1;1;1;0;0;0;1;1;0;0;1;0;1;0;0;0;1;1;1;1;1;1;0;1;1;1;1;1;0;1;1;0;1;1;0;0;0;0;0;
FILTRE;2014;070000013;070002878;INIT;1;1;1;0;0;0;1;1;0;0;1;0;1;0;0;;1;1;1;;;;;;;;;;;;;0;0;1;0;0;0;0;0;
FILTRE;2014;070000021;070780101;DECLA;1;0;0;0;1;0;1;0;0;0;0;0;0;0;0;0;0;0;0;0;0;0;0;1;0;0;0;0;0;0;1;0;0;0;0;0;0;0;0;
FILTRE;2014;070000021;070780101;INIT;1;0;0;0;1;0;1;0;0;0;0;0;0;0;0;;0;0;0;;;;;;;;;;;;;0;0;0;0;0;0;0;0;
FILTRE;2014;070000039;070780119;DECLA;1;0;0;0;1;0;1;0;0;0;0;0;0;0;0;1;0;0;0;0;0;0;0;1;0;0;0;1;0;0;1;0;0;0;0;0;0;0;0;
FILTRE;2014;070000039;070780119;INIT;1;0;0;0;1;0;1;0;0;0;0;0;0;0;0;;0;0;0;;;;;;;;;;;;;0;0;0;0;0;0;0;0;
FILTRE;2014;070000047;070780127;DECLA;1;0;0;0;1;1;0;0;0;0;0;0;0;0;0;0;0;0;0;0;0;0;0;1;0;1;0;0;0;0;1;0;0;0;0;0;0;0;0;
FILTRE;2014;070000047;070780127;INIT;1;0;0;0;1;1;1;0;0;0;0;0;0;0;0;;0;0;0;;;;;;;;;;;;;0;0;0;0;0;0;0;0;
FILTRE;2014;070000062;070005558;DECLA;1;0;0;0;1;0;1;0;0;0;0;0;0;0;0;0;0;0;0;0;0;0;0;1;0;1;0;0;0;0;1;0;0;0;0;0;0;0;0;
FILTRE;2014;070000062;070005558;INIT;1;0;0;0;1;0;1;0;0;0;0;0;0;0;0;;0;0;0;;;;;;;;;;;;;0;0;0;0;0;0;0;0;
FILTRE;2014;070000070;070780150;DECLA;1;0;0;0;1;0;1;0;0;0;0;0;0;0;0;0;0;0;0;1;0;0;0;1;0;0;0;0;0;0;1;0;0;0;0;0;0;0;0;
FILTRE;2014;070000070;070780150;INIT;1;0;0;0;1;0;1;0;0;0;0;0;0;0;0;;0;0;0;;;;;;;;;;;;;0;0;0;0;0;0;0;0;
FILTRE;2014;070000096;070780184;DECLA;1;0;0;0;1;0;1;0;0;0;0;0;0;1;0;0;0;0;0;0;0;0;1;1;0;1;0;0;0;0;1;0;0;0;0;0;0;0;0;
FILTRE;2014;070000096;070780184;INIT;1;0;0;0;1;0;1;0;0;0;0;0;0;1;0;;0;0;0;;;;;;;;;;;;;0;0;0;0;0;0;0;0;
FILTRE;2014;070000112;070780218;DECLA;1;0;0;0;0;0;0;0;0;0;0;0;0;0;0;0;0;0;0;0;0;0;0;1;0;0;0;0;0;0;1;0;0;0;0;0;0;0;0;
FILTRE;2014;070000112;070780218;INIT;1;0;0;0;0;0;1;0;0;0;0;0;0;0;0;;0;0;0;;;;;;;;;;;;;0;0;0;0;0;0;0;0;
FILTRE;2014;070000146;070004742;DECLA;1;0;0;0;1;0;1;0;0;0;0;0;0;0;0;0;0;0;0;0;0;0;0;1;0;0;0;0;0;0;1;0;0;0;0;0;0;0;0;
FILTRE;2014;070000146;070004742;INIT;1;0;0;0;1;0;1;0;0;0;0;0;0;0;0;;0;0;0;;;;;;;;;;;;;0;0;0;0;0;0;0;0;
FILTRE;2014;070000179;070780358;DECLA;1;1;1;0;1;0;1;1;0;0;1;1;1;0;0;1;1;1;1;1;1;1;0;1;1;1;1;1;0;1;1;0;1;1;0;0;0;0;0;
FILTRE;2014;070000179;070780358;INIT;1;1;1;0;1;0;1;1;0;0;1;1;1;0;0;;1;1;1;;;;;;;;;;;;;0;1;1;0;0;0;0;0;
FILTRE;2014;070000187;070780366;DECLA;1;0;0;0;1;0;1;0;0;0;1;0;0;0;0;0;0;0;0;0;0;0;0;1;0;1;0;0;0;0;0;0;0;0;0;0;0;0;0;
FILTRE;2014;070000187;070780366;INIT;1;0;0;0;1;0;1;0;0;0;0;0;0;0;0;;0;0;0;;;;;;;;;;;;;0;0;0;0;0;0;0;0;
FILTRE;2014;070000195;070780374;DECLA;1;0;0;0;1;0;1;0;0;0;0;0;0;1;0;0;0;0;0;1;0;0;0;1;0;1;0;0;0;1;1;0;0;0;0;0;0;0;0;
FILTRE;2014;070000195;070780374;INIT;1;0;0;0;1;0;1;0;0;0;0;0;0;1;0;;0;0;0;;;;;;;;;;;;;0;0;0;0;0;0;0;0;
FILTRE;2014;070000203;070780382;DECLA;1;0;0;0;1;0;0;0;0;0;0;0;0;0;0;0;0;0;0;0;0;0;0;1;0;0;0;0;0;0;1;0;0;0;0;0;0;0;0;
FILTRE;2014;070000203;070780382;INIT;1;0;0;0;1;0;1;0;0;0;0;0;0;0;0;;0;0;0;;;;;;;;;;;;;0;0;0;0;0;0;0;0;
FILTRE;2014;070000484;070005566;DECLA;1;0;0;0;1;0;0;0;0;0;0;0;0;0;0;0;0;0;0;0;0;0;0;0;0;0;0;0;0;0;0;0;0;0;0;0;0;0;0;
FILTRE;2014;070000484;070005566;INIT;1;0;0;0;1;0;1;0;0;0;0;0;0;0;0;;0;0;0;;;;;;;;;;;;;0;0;0;0;0;0;0;0;
FILTRE;2014;070000609;070005566;DECLA;1;1;1;0;0;0;1;1;0;0;1;0;1;0;1;0;1;1;1;1;1;1;0;1;1;1;0;1;1;1;0;0;1;1;0;0;0;0;0;
FILTRE;2014;070000609;070005566;INIT;1;1;1;0;0;0;1;1;0;0;1;0;1;0;1;;1;1;1;;;;;;;;;;;;;0;0;1;0;0;0;0;0;
FILTRE;2014;070004726;380793802;DECLA;0;0;0;0;0;0;0;0;0;0;0;1;0;0;0;0;0;0;0;0;0;0;0;0;0;1;0;0;0;0;0;0;0;0;0;0;0;0;0;
FILTRE;2014;070004726;380793802;INIT;0;0;0;0;0;0;0;0;0;0;0;1;0;0;0;;0;0;0;;;;;;;;;;;;;0;0;0;0;0;0;0;0;
FILTRE;2014;070006168;300016847;DECLA;0;0;0;0;1;0;0;0;0;0;0;0;0;0;0;0;0;0;0;0;0;0;0;0;0;1;0;0;0;0;0;0;0;0;0;0;0;0;0;
FILTRE;2014;070006168;300016847;INIT;0;0;0;0;1;0;0;0;0;0;0;0;0;0;0;;0;0;0;;;;;;;;;;;;;0;0;0;0;0;0;0;0;
FILTRE;2014;070006804;070005566;DECLA;0;0;0;0;1;0;0;0;0;0;0;0;0;0;0;0;0;0;0;0;0;0;0;0;0;0;0;0;0;0;0;0;0;0;0;0;0;0;0;
FILTRE;2014;070006804;070005566;INIT;0;0;0;0;1;0;0;0;0;0;0;0;0;0;0;;0;0;0;;;;;;;;;;;;;0;0;0;0;0;0;0;0;
FILTRE;2014;070780168;070000088;DECLA;1;1;0;0;0;0;1;1;0;0;0;0;0;0;0;0;0;0;1;0;0;0;0;1;0;0;0;0;0;0;0;0;1;1;0;0;0;0;0;
FILTRE;2014;070780168;070000088;INIT;0;1;0;0;0;0;0;1;0;0;0;0;0;0;0;;0;0;1;;;;;;;;;;;;;0;0;1;0;0;0;0;0;
FILTRE;2014;070780226;300016847;DECLA;0;0;0;0;1;0;0;0;0;0;0;0;0;0;0;0;0;0;0;0;0;0;0;1;0;1;0;0;0;0;0;0;0;0;0;0;0;0;0;
FILTRE;2014;070780226;300016847;INIT;0;0;0;0;1;0;0;0;0;0;0;0;0;0;0;;0;0;0;;;;;;;;;;;;;0;0;0;0;0;0;0;0;
FILTRE;2014;070780234;750721300;DECLA;0;0;0;0;1;0;0;0;0;0;0;0;0;0;0;0;0;0;0;0;0;0;0;0;0;1;0;0;0;0;0;0;0;0;0;0;0;0;0;
FILTRE;2014;070780234;750721300;INIT;0;0;0;0;1;0;0;0;0;0;0;0;0;0;0;;0;0;0;;;;;;;;;;;;;0;0;0;0;0;0;0;0;
FILTRE;2014;070780242;070000120;DECLA;0;0;0;0;1;0;0;0;0;0;0;0;0;0;0;0;0;0;0;0;0;0;0;0;0;1;0;1;0;0;1;0;0;0;0;0;0;0;0;
FILTRE;2014;070780242;070000120;INIT;0;0;0;0;1;0;0;0;0;0;0;0;0;0;0;;0;0;0;;;;;;;;;;;;;0;0;0;0;0;0;0;0;
FILTRE;2014;070780317;630786754;DECLA;0;0;0;1;0;0;0;0;1;0;0;0;0;0;0;1;0;0;0;0;0;0;0;1;0;1;0;0;0;0;0;0;0;0;0;0;0;0;0;
FILTRE;2014;070780317;630786754;INIT;0;0;0;1;0;0;0;0;1;0;0;0;0;0;0;;0;0;0;;;;;;;;;;;;;0;0;0;0;0;0;0;0;
FILTRE;2014;070780390;070000211;DECLA;0;0;0;0;1;0;0;0;0;0;0;0;0;0;0;0;0;0;0;0;0;0;0;1;0;1;0;0;0;0;1;0;0;0;0;0;0;0;0;
FILTRE;2014;070780390;070000211;INIT;0;0;0;0;1;0;0;0;0;0;0;0;0;0;0;;0;0;0;;;;;;;;;;;;;0;0;0;0;0;0;0;0;
FILTRE;2014;070780408;070000229;DECLA;1;1;0;0;0;0;0;1;0;0;0;0;0;0;0;0;0;0;1;0;0;1;0;1;1;1;0;0;0;0;0;0;1;1;0;0;0;0;0;
FILTRE;2014;070780408;070000229;INIT;0;1;0;0;0;0;0;1;0;0;0;0;0;0;0;;0;0;1;;;;;;;;;;;;;0;0;1;0;0;0;0;0;
FILTRE;2014;070780424;070000245;DECLA;1;1;1;0;0;0;0;1;0;0;1;0;1;0;0;0;1;0;1;1;0;0;0;1;1;1;0;0;0;0;0;0;1;1;0;0;0;0;0;
FILTRE;2014;070780424;070000245;INIT;1;1;1;0;0;0;1;1;0;0;1;0;1;0;0;;1;0;1;;;;;;;;;;;;;0;0;1;0;0;0;0;0;
FILTRE;2014;070783824;070002878;DECLA;0;0;0;0;1;0;0;0;0;0;0;0;0;0;0;0;0;0;0;0;0;0;0;0;0;0;0;0;0;0;0;0;0;0;0;0;0;0;0;
FILTRE;2014;070783824;070002878;INIT;0;0;0;0;1;0;0;0;0;0;0;0;0;0;0;;0;0;0;;;;;;;;;;;;;0;0;0;0;0;0;0;0;
FILTRE;2014;070784517;070002878;DECLA;0;0;0;0;0;1;0;0;0;0;0;0;0;0;0;0;0;0;0;0;0;0;0;0;0;0;0;0;0;0;0;0;0;0;0;0;0;0;0;
FILTRE;2014;070784517;070002878;INIT;0;0;0;0;0;1;0;0;0;0;0;0;0;0;0;;0;0;0;;;;;;;;;;;;;0;0;0;0;0;0;0;0;
FILTRE;2014;070784897;750820680;DECLA;0;0;0;0;1;0;0;0;0;0;0;0;0;0;0;0;0;0;0;0;0;0;0;0;0;0;0;0;0;0;0;0;0;0;0;0;0;0;0;
FILTRE;2014;070784897;750820680;INIT;0;0;0;0;1;0;0;0;0;0;0;0;0;0;0;;0;0;0;;;;;;;;;;;;;0;0;0;0;0;0;0;0;
FILTRE;2014;070786231;690796552;DECLA;0;0;0;0;0;0;0;0;0;0;0;1;0;0;0;0;0;0;0;0;0;0;0;0;0;1;0;0;0;0;0;0;0;0;0;0;0;0;0;
FILTRE;2014;070786231;690796552;INIT;0;0;0;0;0;0;0;0;0;0;0;1;0;0;0;;0;0;0;;;;;;;;;;;;;0;0;0;0;0;0;0;0;
FILTRE;2014;070786249;690796552;DECLA;0;0;0;0;0;0;0;0;0;0;0;1;0;0;0;0;0;0;0;0;0;0;0;0;0;1;0;0;0;0;0;0;0;0;0;0;0;0;0;
FILTRE;2014;070786249;690796552;INIT;0;0;0;0;0;0;0;0;0;0;0;1;0;0;0;;0;0;0;;;;;;;;;;;;;0;0;0;0;0;0;0;0;
FILTRE;2014;080000110;080000037;DECLA;1;1;1;0;1;1;1;1;0;0;1;0;1;0;0;1;1;1;1;1;0;1;1;1;1;1;1;1;0;1;1;0;1;0;0;0;0;0;0;
FILTRE;2014;080000110;080000037;INIT;1;1;1;0;1;1;1;1;0;0;1;0;1;0;0;;1;1;1;;;;;;;;;;;;;0;0;0;0;0;0;0;0;
FILTRE;2014;080000136;750055311;DECLA;0;0;0;0;1;0;0;0;0;0;0;0;0;0;0;0;0;0;0;0;0;0;0;0;0;0;0;0;0;0;0;0;0;0;0;0;0;0;0;
FILTRE;2014;080000136;750055311;INIT;0;0;0;0;1;0;0;0;0;0;0;0;0;0;0;;0;0;0;;;;;;;;;;;;;0;0;0;0;0;0;0;0;
FILTRE;2014;080000219;080001969;DECLA;1;1;1;0;1;1;1;1;0;0;0;0;0;1;0;0;1;1;1;1;0;1;0;1;0;1;1;0;0;1;1;0;1;0;0;0;0;0;0;
FILTRE;2014;080000219;080001969;INIT;1;1;0;0;1;1;1;1;0;0;0;0;0;0;0;;1;1;1;;;;;;;;;;;;;0;0;0;0;0;0;0;0;
FILTRE;2014;080000250;540019726;DECLA;0;0;0;0;1;0;0;0;0;0;0;0;0;0;0;0;0;0;0;0;0;0;0;1;0;1;0;0;0;0;1;0;0;0;0;0;0;0;0;
FILTRE;2014;080000250;540019726;INIT;0;0;0;0;1;0;0;0;0;0;0;0;0;0;0;;0;0;0;;;;;;;;;;;;;0;0;0;0;0;0;0;0;
FILTRE;2014;080000268;540019726;DECLA;0;0;0;0;1;0;0;0;0;0;0;0;0;0;0;0;0;0;0;0;0;0;0;0;0;1;0;0;0;0;1;0;0;0;0;0;0;0;0;
FILTRE;2014;080000268;540019726;INIT;0;0;0;0;1;0;0;0;0;0;0;0;0;0;0;;0;0;0;;;;;;;;;;;;;0;0;0;0;0;0;0;0;
FILTRE;2014;080000276;080001969;DECLA;1;0;0;0;1;1;1;0;0;0;0;0;0;1;0;0;1;1;0;1;0;0;0;0;0;1;1;0;0;1;1;0;0;0;0;0;0;0;0;
FILTRE;2014;080000276;080001969;INIT;1;0;0;0;1;0;1;0;0;0;0;0;0;1;0;;1;1;0;;;;;;;;;;;;;0;0;0;0;0;0;0;0;
FILTRE;2014;080000284;080000060;DECLA;1;0;0;0;1;0;0;0;0;0;0;0;0;0;0;0;0;0;0;1;0;0;0;1;0;1;0;0;0;0;0;0;0;0;0;0;0;0;0;
FILTRE;2014;080000284;080000060;INIT;1;0;0;0;1;0;1;0;0;0;0;0;0;0;0;;0;0;0;;;;;;;;;;;;;0;0;0;0;0;0;0;0;
FILTRE;2014;080000300;080000078;DECLA;1;0;0;0;1;0;1;0;0;0;0;0;0;0;0;0;0;0;0;0;0;0;0;1;0;0;0;0;0;0;0;0;0;0;0;0;0;0;0;
FILTRE;2014;080000300;080000078;INIT;1;0;0;0;1;0;1;0;0;0;0;0;0;0;0;;0;0;0;;;;;;;;;;;;;0;0;0;0;0;0;0;0;
FILTRE;2014;080000318;080000086;DECLA;0;0;0;1;0;0;0;0;1;0;0;0;0;0;0;0;0;0;0;0;0;0;0;1;0;1;0;0;0;0;1;0;0;0;0;0;0;0;0;
FILTRE;2014;080000318;080000086;INIT;0;0;0;1;0;0;0;0;1;0;0;0;0;0;0;;0;0;0;;;;;;;;;;;;;0;0;0;0;0;0;0;0;
FILTRE;2014;080000425;080000615;DECLA;1;1;1;0;0;0;1;1;0;0;1;1;1;0;0;1;1;1;1;1;1;1;0;1;1;1;1;1;0;1;0;1;1;1;0;0;0;0;0;
FILTRE;2014;080000425;080000615;INIT;1;1;1;0;0;0;1;1;0;0;1;1;1;0;0;;1;1;1;;;;;;;;;;;;;0;1;1;0;0;0;0;0;
FILTRE;2014;080002140;540019726;DECLA;0;0;0;0;1;0;0;0;0;0;0;0;0;0;0;0;0;0;0;0;0;0;0;0;0;1;0;0;0;0;1;0;0;0;0;0;0;0;0;
FILTRE;2014;080002140;540019726;INIT;0;0;0;0;1;0;0;0;0;0;0;0;0;0;0;;0;0;0;;;;;;;;;;;;;0;0;0;0;0;0;0;0;
FILTRE;2014;080005846;510000953;DECLA;0;0;0;0;0;0;0;0;0;0;0;1;0;0;0;0;0;0;0;0;0;0;0;0;0;0;0;0;0;0;0;0;0;0;0;0;0;0;0;
FILTRE;2014;080005846;510000953;INIT;0;0;0;0;0;0;0;0;0;0;0;1;0;0;0;;0;0;0;;;;;;;;;;;;;0;0;0;0;0;0;0;0;
FILTRE;2014;080005960;080000615;DECLA;0;0;0;0;0;1;0;0;0;0;0;0;0;0;0;0;0;0;0;0;0;0;0;0;0;0;0;0;0;0;0;0;0;0;0;0;0;0;0;
FILTRE;2014;080005960;080000615;INIT;0;0;0;0;0;1;0;0;0;0;0;0;0;0;0;;0;0;0;;;;;;;;;;;;;0;0;0;0;0;0;0;0;
FILTRE;2014;080006034;510000953;DECLA;0;0;0;0;0;0;0;0;0;0;0;1;0;0;0;0;0;0;0;0;0;0;0;0;0;0;0;0;0;0;0;0;0;0;0;0;0;0;0;
FILTRE;2014;080006034;510000953;INIT;0;0;0;0;0;0;0;0;0;0;0;1;0;0;0;;0;0;0;;;;;;;;;;;;;0;0;0;0;0;0;0;0;
FILTRE;2014;080008279;080001969;DECLA;0;0;0;0;0;0;0;0;0;0;0;0;0;0;1;0;0;0;0;0;0;0;0;0;0;1;0;0;0;0;0;0;0;0;0;0;0;0;0;
FILTRE;2014;080008279;080001969;INIT;0;0;0;0;0;0;0;0;0;0;0;0;0;0;1;;0;0;0;;;;;;;;;;;;;0;0;0;0;0;0;0;0;
FILTRE;2014;080008568;510000953;DECLA;0;0;0;0;0;0;0;0;0;0;0;1;0;0;0;0;0;0;0;0;0;0;0;0;0;0;0;0;0;0;0;0;0;0;0;0;0;0;0;
FILTRE;2014;080008568;510000953;INIT;0;0;0;0;0;0;0;0;0;0;0;1;0;0;0;;0;0;0;;;;;;;;;;;;;0;0;0;0;0;0;0;0;
FILTRE;2014;080009350;080000086;DECLA;0;0;0;0;1;0;0;0;0;0;0;0;0;0;0;0;0;0;0;0;0;0;0;0;0;0;0;0;0;0;0;0;0;0;0;0;0;0;0;
FILTRE;2014;080009350;080000086;INIT;0;0;0;1;1;0;0;0;0;0;0;0;0;0;0;;0;0;0;;;;;;;;;;;;;0;0;0;0;0;0;0;0;
FILTRE;2014;080009392;510007081;DECLA;0;0;0;0;0;0;0;0;0;1;0;0;0;0;0;0;0;0;0;0;0;0;0;0;0;0;0;0;0;0;0;0;0;0;0;0;0;0;0;
FILTRE;2014;080009392;510007081;INIT;0;0;0;0;0;0;0;0;0;1;0;0;0;0;0;;0;0;0;;;;;;;;;;;;;0;0;0;0;0;0;0;0;
FILTRE;2014;080009814;080000615;DECLA;0;0;0;0;0;0;0;0;0;0;0;0;0;0;0;0;0;1;0;0;0;0;0;0;0;0;0;0;0;0;0;0;0;0;0;0;0;0;0;
FILTRE;2014;080010267;080010242;DECLA;0;0;0;0;0;0;1;0;0;0;1;0;0;0;1;0;0;0;0;0;0;0;0;1;0;0;0;0;0;0;0;0;1;1;0;0;0;0;0;
FILTRE;2014;080010267;080010242;INIT;0;1;0;0;0;0;0;0;0;0;1;0;0;0;1;;0;0;1;;;;;;;;;;;;;0;0;1;0;0;0;0;0;
FILTRE;2014;080010465;080010242;DECLA;1;1;0;0;0;0;1;1;0;0;0;0;0;0;0;0;0;0;1;0;0;0;0;0;0;0;0;0;0;0;0;0;0;0;0;0;0;0;0;
FILTRE;2014;080010465;080010242;INIT;1;1;0;0;0;0;1;1;0;0;0;0;0;0;0;;0;0;1;;;;;;;;;;;;;0;0;0;0;0;0;0;0;
FILTRE;2014;080010473;080010242;DECLA;1;1;0;0;0;0;1;1;0;0;0;0;0;0;0;0;0;0;1;0;0;0;0;1;0;1;0;0;0;0;0;0;1;1;0;0;0;0;0;
FILTRE;2014;080010473;080010242;INIT;1;1;0;0;0;0;1;1;0;0;0;0;0;0;0;;0;0;1;;;;;;;;;;;;;0;0;1;0;0;0;0;0;
FILTRE;2014;080010523;750043994;DECLA;0;0;0;0;1;0;0;0;0;0;0;0;0;0;0;0;0;0;0;0;0;0;0;0;0;0;0;0;0;0;0;0;0;0;0;0;0;0;0;
FILTRE;2014;080010523;750043994;INIT;0;0;0;0;1;0;0;0;0;0;0;0;0;0;0;;0;0;0;;;;;;;;;;;;;0;0;0;0;0;0;0;0;
FILTRE;2014;090000019;090180019;DECLA;0;0;0;0;1;0;0;0;0;0;0;0;0;0;0;0;0;0;0;1;0;0;0;1;0;1;0;0;0;0;1;0;0;0;0;0;0;0;0;
FILTRE;2014;090000019;090180019;INIT;0;0;0;0;1;0;0;0;0;0;0;0;0;0;0;;0;0;0;;;;;;;;;;;;;0;0;0;0;0;0;0;0;
FILTRE;2014;090000175;090781774;DECLA;1;1;1;0;1;0;1;1;0;0;1;1;1;0;1;0;1;1;1;1;1;1;0;1;1;1;1;1;1;1;1;0;1;1;0;0;0;0;0;
FILTRE;2014;090000175;090781774;INIT;1;1;1;0;1;0;1;1;0;0;1;1;1;0;1;;1;1;1;;;;;;;;;;;;;0;1;1;0;0;0;0;0;
FILTRE;2014;090000183;090781816;DECLA;1;1;1;1;1;0;1;1;1;0;1;0;1;0;0;1;1;1;1;1;0;1;0;1;1;1;1;1;0;0;1;0;1;0;0;0;0;0;0;
FILTRE;2014;090000183;090781816;INIT;1;1;1;1;1;0;1;1;1;0;1;0;1;0;0;;1;1;1;;;;;;;;;;;;;0;0;0;0;0;0;0;0;
FILTRE;2014;090000217;090782251;DECLA;0;0;0;0;1;0;0;0;0;0;0;0;0;0;0;0;0;0;0;0;0;0;0;1;0;1;0;0;0;0;1;0;0;0;0;0;0;0;0;
FILTRE;2014;090000217;090782251;INIT;0;0;0;0;1;0;0;0;0;0;0;0;0;0;0;;0;0;0;;;;;;;;;;;;;0;0;0;0;0;0;0;0;
FILTRE;2014;090001629;090780107;DECLA;1;0;0;0;1;0;0;1;0;0;0;0;0;1;0;0;1;0;1;1;0;1;0;1;0;1;1;1;0;1;1;0;0;0;0;0;0;0;0;
FILTRE;2014;090001629;090780107;INIT;1;0;0;0;1;0;1;1;0;0;0;0;0;1;0;;1;0;1;;;;;;;;;;;;;0;0;0;0;0;0;0;0;
FILTRE;2014;090002478;090002429;DECLA;0;0;0;0;0;0;0;0;0;0;0;0;0;0;1;0;0;0;0;0;0;0;0;0;0;0;1;0;0;0;0;0;0;0;0;0;0;0;0;
FILTRE;2014;090002478;090002429;INIT;0;0;0;0;0;0;0;0;0;0;0;0;0;0;1;;0;0;0;;;;;;;;;;;;;0;0;0;0;0;0;0;0;
FILTRE;2014;090002833;310000633;DECLA;0;0;0;0;0;0;0;0;0;0;0;1;0;0;0;0;0;0;0;0;0;0;0;0;0;0;0;0;0;0;0;0;0;0;0;0;0;0;0;
FILTRE;2014;090002833;310000633;INIT;0;0;0;0;0;0;0;0;0;0;0;1;0;0;0;;0;0;0;;;;;;;;;;;;;0;0;0;0;0;0;0;0;
FILTRE;2014;090002841;090781774;DECLA;0;0;0;0;1;0;0;0;0;0;0;0;0;0;0;0;0;0;0;0;0;0;0;0;0;0;0;0;0;0;0;0;0;0;0;0;0;0;0;
FILTRE;2014;090002841;090781774;INIT;0;0;0;0;1;0;0;0;0;0;0;0;0;0;0;;0;0;0;;;;;;;;;;;;;0;0;0;0;0;0;0;0;
FILTRE;2014;090780404;090000126;DECLA;0;0;0;0;1;0;0;0;0;0;0;0;0;0;0;0;0;0;0;0;0;0;0;0;0;0;0;0;0;0;0;0;0;0;0;0;0;0;0;
FILTRE;2014;090780404;090000126;INIT;0;0;0;0;1;0;0;0;0;0;0;0;0;0;0;;0;0;0;;;;;;;;;;;;;0;0;0;0;0;0;0;0;
FILTRE;2014;090784125;310000633;DECLA;0;0;0;0;0;0;0;0;0;0;0;1;0;0;0;0;0;0;0;0;0;0;0;0;0;0;0;0;0;0;0;0;0;0;0;0;0;0;0;
FILTRE;2014;090784125;310000633;INIT;0;0;0;0;0;0;0;0;0;0;0;1;0;0;0;;0;0;0;;;;;;;;;;;;;0;0;0;0;0;0;0;0;
FILTRE;2014;090784679;310000633;DECLA;0;0;0;0;0;0;0;0;0;0;0;1;0;0;0;0;0;0;0;0;0;0;0;0;0;0;0;0;0;0;0;0;0;0;0;0;0;0;0;
FILTRE;2014;090784679;310000633;INIT;0;0;0;0;0;0;0;0;0;0;0;1;0;0;0;;0;0;0;;;;;;;;;;;;;0;0;0;0;0;0;0;0;
FILTRE;2014;100000082;100001148;DECLA;1;1;0;0;0;0;0;1;0;0;0;0;1;0;0;0;0;0;1;0;0;0;0;1;1;1;0;0;0;0;0;0;0;0;0;0;0;0;0;
FILTRE;2014;100000082;100001148;INIT;0;1;0;0;0;0;0;1;0;0;0;0;1;0;0;;0;0;1;;;;;;;;;;;;;0;0;0;0;0;0;0;0;
FILTRE;2014;100000090;100000017;DECLA;1;1;1;0;0;0;1;1;0;1;1;1;1;0;0;1;1;1;1;1;1;1;1;1;1;1;1;0;1;0;0;1;1;1;0;0;0;0;0;
FILTRE;2014;100000090;100000017;INIT;1;1;1;0;0;0;1;1;0;1;1;1;1;0;0;;1;1;1;;;;;;;;;;;;;1;1;1;0;0;0;0;0;
FILTRE;2014;100000108;100000033;DECLA;0;0;0;1;0;0;0;0;1;0;0;0;0;0;0;0;0;0;0;0;0;0;0;1;0;1;0;0;0;0;0;0;0;0;0;0;0;0;0;
FILTRE;2014;100000108;100000033;INIT;0;0;0;1;0;0;0;0;1;0;0;0;0;0;0;;0;0;0;;;;;;;;;;;;;0;0;0;0;0;0;0;0;
FILTRE;2014;100000116;100000041;DECLA;1;0;0;0;1;1;1;0;0;0;0;0;0;0;0;0;0;0;0;0;0;0;0;1;0;0;0;0;0;0;0;0;0;0;0;0;0;0;0;0
FILTRE;2014;100000116;100000041;INIT;1;0;0;0;1;1;1;0;0;0;0;0;0;1;0;;0;0;0;;;;;;;;;;;;;0;0;0;0;0;0;0;0;
FILTRE;2014;100000124;100009075;DECLA;1;1;0;0;0;0;1;1;0;0;0;0;0;0;0;0;0;0;1;1;0;0;0;1;1;1;0;1;0;0;0;0;1;1;0;0;0;0;0;
FILTRE;2014;100000124;100009075;INIT;1;1;0;0;0;0;1;1;0;0;0;0;0;0;0;;0;0;1;;;;;;;;;;;;;0;0;1;0;0;0;0;0;
FILTRE;2014;100000140;100000058;DECLA;1;0;0;0;1;1;0;0;0;0;0;0;0;0;0;0;0;0;0;0;0;0;0;1;0;0;0;0;0;0;1;0;0;0;0;0;0;0;0;
FILTRE;2014;100000140;100000058;INIT;1;0;0;0;1;1;1;0;0;0;0;0;0;0;0;;0;0;0;;;;;;;;;;;;;0;0;0;0;0;0;0;0;
FILTRE;2014;100000157;100009075;DECLA;0;1;0;0;0;0;0;1;0;0;0;0;0;0;0;0;0;0;1;0;0;0;0;1;1;1;0;1;0;0;0;0;0;1;0;0;0;0;0;
FILTRE;2014;100000157;100009075;INIT;0;1;0;0;0;0;0;1;0;0;0;0;0;0;0;;0;0;1;;;;;;;;;;;;;0;0;1;0;0;0;0;0;
FILTRE;2014;100000199;100006279;DECLA;1;0;1;0;0;0;1;0;0;0;0;0;1;0;0;0;1;1;1;1;1;1;0;1;0;1;0;1;0;1;1;0;1;0;0;0;0;0;0;
FILTRE;2014;100000199;100006279;INIT;1;0;1;0;0;0;1;0;0;0;0;0;1;0;0;;1;1;0;;;;;;;;;;;;;0;0;0;0;0;0;0;0;
FILTRE;2014;100000801;100006279;DECLA;1;0;0;0;1;1;1;0;0;0;0;0;0;0;0;0;0;0;0;0;0;0;0;0;0;0;0;0;0;0;0;0;0;0;0;0;0;0;0;
FILTRE;2014;100000801;100006279;INIT;1;0;0;0;1;1;1;0;0;0;0;0;0;0;0;;0;0;0;;;;;;;;;;;;;0;0;0;0;0;0;0;0;
FILTRE;2014;100002351;100000561;DECLA;1;1;1;0;0;0;1;1;0;0;1;0;1;0;0;0;0;0;1;1;0;1;0;1;1;1;0;0;0;1;0;0;1;1;0;0;0;0;0;
FILTRE;2014;100002351;100000561;INIT;1;1;1;0;0;0;1;1;0;0;1;0;1;0;0;;0;0;1;;;;;;;;;;;;;0;0;1;0;0;0;0;0;
FILTRE;2014;100005958;510000953;DECLA;0;0;0;0;0;0;0;0;0;0;0;1;0;0;0;0;0;0;0;0;0;0;0;0;0;0;0;0;0;0;0;0;0;0;0;0;0;0;0;
FILTRE;2014;100005958;510000953;INIT;0;0;0;0;0;0;0;0;0;0;0;1;0;0;0;;0;0;0;;;;;;;;;;;;;0;0;0;0;0;0;0;0;
FILTRE;2014;100006493;100000017;DECLA;0;0;0;0;1;1;0;0;0;0;0;0;0;0;0;0;0;0;0;0;0;0;0;0;0;0;0;0;0;0;0;0;0;0;0;0;0;0;0;
FILTRE;2014;100006493;100000017;INIT;0;0;0;0;1;1;0;0;0;0;0;0;0;0;0;;0;0;0;;;;;;;;;;;;;0;0;0;0;0;0;0;0;
FILTRE;2014;100006550;510000953;DECLA;0;0;0;0;0;0;0;0;0;0;0;1;0;0;0;0;0;0;0;0;0;0;0;0;0;0;0;0;0;0;0;0;0;0;0;0;0;0;0;
FILTRE;2014;100006550;510000953;INIT;0;0;0;0;0;0;0;0;0;0;0;1;0;0;0;;0;0;0;;;;;;;;;;;;;0;0;0;0;0;0;0;0;
FILTRE;2014;100007285;140017617;DECLA;0;0;0;0;1;0;0;0;0;0;0;0;0;0;0;1;0;0;0;0;0;0;0;0;0;0;0;0;0;0;0;0;0;0;0;0;0;0;0;
FILTRE;2014;100007285;140017617;INIT;0;0;0;0;1;0;0;0;0;0;0;0;0;0;0;;0;0;0;;;;;;;;;;;;;0;0;0;0;0;0;0;0;
FILTRE;2014;100007699;100006279;DECLA;0;0;0;0;0;0;0;0;0;0;0;0;0;0;1;0;0;0;0;0;0;0;0;0;0;0;0;0;0;0;0;0;0;0;0;0;0;0;0;
FILTRE;2014;100007699;100006279;INIT;0;0;0;0;0;0;0;0;0;0;0;0;0;0;1;;0;0;0;;;;;;;;;;;;;0;0;0;0;0;0;0;0;
FILTRE;2014;100008903;100007335;DECLA;0;0;0;0;0;0;0;0;0;0;0;0;0;0;1;0;0;0;0;0;0;0;0;1;0;1;0;0;0;0;0;0;0;0;0;0;0;0;0;
FILTRE;2014;100008903;100007335;INIT;0;0;0;0;0;0;0;0;0;0;0;0;0;0;1;;0;0;0;;;;;;;;;;;;;0;0;0;0;0;0;0;0;
FILTRE;2014;100009083;750721235;DECLA;0;0;0;0;1;0;0;0;0;0;0;0;0;0;0;1;0;0;0;0;0;0;0;1;0;1;0;0;0;0;0;0;0;0;0;0;0;0;0;
FILTRE;2014;100009083;750721235;INIT;0;0;0;0;1;0;0;0;0;0;0;0;0;0;0;;0;0;0;;;;;;;;;;;;;0;0;0;0;0;0;0;0;
FILTRE;2014;100009133;510000953;DECLA;0;0;0;0;0;0;0;0;0;0;0;1;0;0;0;0;0;0;0;0;0;0;0;0;0;0;0;0;0;0;0;0;0;0;0;0;0;0;0;
FILTRE;2014;100009133;510000953;INIT;0;0;0;0;0;0;0;0;0;0;0;1;0;0;0;;0;0;0;;;;;;;;;;;;;0;0;0;0;0;0;0;0;
FILTRE;2014;100009364;100000017;DECLA;1;0;0;0;0;0;1;0;0;0;0;0;0;0;0;0;0;0;0;0;0;0;0;0;0;0;0;0;0;1;0;0;0;0;0;0;0;0;0;
FILTRE;2014;100009380;100000017;DECLA;1;0;0;0;0;0;1;0;0;0;0;0;0;0;0;0;0;0;0;0;0;0;0;0;0;0;0;0;0;0;0;0;0;0;0;0;0;0;0;
FILTRE;2014;100009380;100000017;INIT;1;0;0;0;0;0;1;0;0;0;0;0;0;0;0;;0;0;0;;;;;;;;;;;;;0;0;0;0;0;0;0;0;
FILTRE;2014;100010206;100000017;DECLA;0;0;0;0;0;0;0;0;0;0;0;0;0;0;0;0;0;1;0;0;0;0;0;0;0;0;0;0;0;0;0;0;0;0;0;0;0;0;0;
FILTRE;2014;100010206;100000017;INIT;0;0;0;0;0;0;0;0;0;0;0;0;0;0;0;;0;1;0;;;;;;;;;;;;;0;0;0;0;0;0;0;0;
FILTRE;2014;110000023;110780061;DECLA;1;1;1;0;0;0;1;1;0;1;1;1;1;0;0;0;1;1;1;1;1;1;0;0;1;1;1;0;1;1;1;1;1;1;0;0;0;0;0;
FILTRE;2014;110000023;110780061;INIT;1;1;1;0;0;0;1;1;0;1;1;1;1;0;0;;1;1;1;;;;;;;;;;;;;1;1;1;0;0;0;0;0;
FILTRE;2014;110000049;110780087;DECLA;1;0;0;0;1;1;1;0;0;0;0;0;0;1;0;0;1;1;0;1;0;0;0;1;0;1;1;0;0;1;1;0;0;0;0;0;0;0;0;
FILTRE;2014;110000049;110780087;INIT;1;0;0;0;1;1;1;0;0;0;0;0;0;0;0;;1;0;0;;;;;;;;;;;;;0;0;0;0;0;0;0;0;
FILTRE;2014;110000056;110780137;DECLA;1;1;1;0;0;0;1;1;0;0;1;0;1;0;0;0;1;1;1;1;1;1;0;1;1;1;0;1;1;1;1;1;1;1;0;0;0;0;0;
FILTRE;2014;110000056;110780137;INIT;1;1;1;0;0;0;1;1;0;0;1;0;1;0;0;;1;1;1;;;;;;;;;;;;;0;1;1;0;0;0;0;0;
FILTRE;2014;110000189;110780707;DECLA;1;0;0;0;1;0;1;0;0;0;0;0;0;0;0;0;0;0;0;1;0;0;0;1;0;1;0;0;0;0;1;0;0;0;0;0;0;0;0;
FILTRE;2014;110000189;110780707;INIT;1;0;0;0;1;0;1;0;0;0;0;0;0;0;0;;0;0;0;;;;;;;;;;;;;0;0;0;0;0;0;0;0;
FILTRE;2014;110000247;110780772;DECLA;1;0;0;0;1;1;1;0;0;0;0;0;0;0;1;0;0;0;1;0;0;1;1;1;0;1;0;0;0;0;1;0;0;0;0;0;0;0;0;
FILTRE;2014;110000247;110780772;INIT;1;0;0;0;1;1;1;0;0;0;0;0;0;0;1;;0;0;0;;;;;;;;;;;;;0;0;0;0;0;0;0;0;
FILTRE;2014;110000262;110781010;DECLA;0;0;0;0;1;0;0;0;0;0;0;0;0;0;0;0;0;0;0;0;0;0;0;1;0;1;0;0;0;0;1;0;0;0;0;0;0;0;0;
FILTRE;2014;110000262;110781010;INIT;0;0;0;0;1;0;0;0;0;0;0;0;0;0;0;;0;0;0;;;;;;;;;;;;;0;0;0;0;0;0;0;0;
FILTRE;2014;110002953;110780137;DECLA;0;0;0;1;0;0;0;0;1;0;0;0;0;0;0;0;0;0;0;0;0;0;0;0;0;0;0;0;0;0;0;0;0;0;0;0;0;0;0;
FILTRE;2014;110002953;110780137;INIT;0;0;0;0;0;0;0;0;1;0;0;0;0;0;0;;0;0;0;;;;;;;;;;;;;0;0;0;0;0;0;0;0;
FILTRE;2014;110003118;110007341;DECLA;0;0;0;0;1;0;0;0;0;0;0;0;0;0;0;0;0;0;0;0;0;0;0;1;0;1;0;0;0;0;1;0;0;0;0;0;0;0;0;
FILTRE;2014;110003118;110007341;INIT;0;0;0;0;1;0;0;0;0;0;0;0;0;0;0;;0;0;0;;;;;;;;;;;;;0;0;0;0;0;0;0;0;
FILTRE;2014;110004413;340000264;DECLA;0;0;0;0;0;0;0;0;0;0;0;1;0;0;0;0;0;0;0;0;0;0;0;1;0;1;0;0;0;0;0;0;0;0;0;0;0;0;0;
FILTRE;2014;110004413;340000264;INIT;0;0;0;0;0;0;0;0;0;0;0;1;0;0;0;;0;0;0;;;;;;;;;;;;;0;0;0;0;0;0;0;0;
FILTRE;2014;110004421;340000264;DECLA;0;0;0;0;0;0;0;0;0;0;0;1;0;0;0;0;0;0;0;0;0;0;0;1;0;1;0;0;0;0;0;0;0;0;0;0;0;0;0;
FILTRE;2014;110004421;340000264;INIT;0;0;0;0;0;0;0;0;0;0;0;1;0;0;0;;0;0;0;;;;;;;;;;;;;0;0;0;0;0;0;0;0;
FILTRE;2014;110004439;340000264;DECLA;0;0;0;0;0;0;0;0;0;0;0;1;0;0;0;0;0;0;0;0;0;0;0;1;0;1;0;0;0;0;0;0;0;0;0;0;0;0;0;
FILTRE;2014;110004439;340000264;INIT;0;0;0;0;0;0;0;0;0;0;0;1;0;0;0;;0;0;0;;;;;;;;;;;;;0;0;0;0;0;0;0;0;
FILTRE;2014;110004942;310021324;DECLA;0;0;0;0;1;0;0;0;0;0;0;0;0;0;0;0;0;0;0;0;0;0;0;1;0;0;0;0;0;0;0;0;0;0;0;0;0;0;0;
FILTRE;2014;110004942;310021324;INIT;0;0;0;0;1;0;0;0;0;0;0;0;0;0;0;;0;0;0;;;;;;;;;;;;;0;0;0;0;0;0;0;0;
FILTRE;2014;110005048;110000114;DECLA;0;0;0;0;0;0;0;0;0;0;0;0;0;0;1;0;0;0;0;0;0;0;0;0;0;0;0;0;0;0;0;0;0;0;0;0;0;0;0;
FILTRE;2014;110005048;110000114;INIT;0;0;0;0;0;0;0;0;0;0;0;0;0;0;1;;0;0;0;;;;;;;;;;;;;0;0;0;0;0;0;0;0;
FILTRE;2014;110005246;110780137;DECLA;0;0;0;0;1;0;0;0;0;0;0;0;0;0;0;0;0;0;0;0;0;0;0;0;0;0;0;0;0;0;0;0;0;0;0;0;0;0;0;
FILTRE;2014;110005246;110780137;INIT;0;0;0;0;1;0;0;0;1;0;0;0;0;0;0;;0;0;0;;;;;;;;;;;;;0;0;0;0;0;0;0;0;
FILTRE;2014;110005311;340000264;DECLA;0;0;0;0;0;0;0;0;0;0;0;1;0;0;0;0;0;0;0;0;0;0;0;1;0;1;0;0;0;0;0;0;0;0;0;0;0;0;0;
FILTRE;2014;110005311;340000264;INIT;0;0;0;0;0;0;0;0;0;0;0;1;0;0;0;;0;0;0;;;;;;;;;;;;;0;0;0;0;0;0;0;0;
FILTRE;2014;110005394;750047367;DECLA;0;0;0;0;0;0;0;0;0;0;0;0;0;0;1;0;0;0;0;0;0;0;0;0;0;0;0;0;0;0;1;0;0;0;0;0;0;0;0;
FILTRE;2014;110005394;750047367;INIT;0;0;0;0;0;0;0;0;0;0;0;0;0;0;1;;0;0;0;;;;;;;;;;;;;0;0;0;0;0;0;0;0;
FILTRE;2014;110006137;110780061;DECLA;0;0;0;0;0;1;0;0;0;0;0;0;0;0;0;0;0;0;0;0;0;0;0;0;0;0;0;0;0;0;0;0;0;0;0;0;0;0;0;
FILTRE;2014;110006137;110780061;INIT;0;0;0;0;0;1;0;0;0;0;0;0;0;0;0;;0;0;0;;;;;;;;;;;;;0;0;0;0;0;0;0;0;
FILTRE;2014;110007259;110000114;DECLA;0;0;0;0;0;0;0;0;0;0;0;1;0;0;0;0;0;0;0;0;0;0;0;0;0;0;0;0;0;0;0;0;0;0;0;0;0;0;0;
FILTRE;2014;110007259;110000114;INIT;0;0;0;0;0;0;0;0;0;0;0;1;0;0;0;;0;0;0;;;;;;;;;;;;;0;0;0;0;0;0;0;0;
FILTRE;2014;110780152;110000064;DECLA;0;0;0;1;0;0;0;0;0;0;0;0;0;0;0;0;0;0;0;0;0;0;0;1;0;0;0;0;0;0;0;0;0;0;0;0;0;0;0;
FILTRE;2014;110780152;110000064;INIT;0;0;0;1;0;0;0;0;0;0;0;0;0;0;0;;0;0;0;;;;;;;;;;;;;0;0;0;0;0;0;0;0;
FILTRE;2014;110780186;110000072;DECLA;0;0;0;0;1;0;0;0;0;0;0;0;0;0;0;0;0;0;0;0;0;0;0;0;0;1;0;0;0;0;0;0;0;0;0;0;0;0;0;
FILTRE;2014;110780186;110000072;INIT;0;0;0;0;1;0;0;0;0;0;0;0;0;0;0;;0;0;0;;;;;;;;;;;;;0;0;0;0;0;0;0;0;
FILTRE;2014;110780194;110000080;DECLA;0;0;0;0;1;0;0;0;0;0;0;0;0;0;0;0;0;0;0;0;0;0;0;1;0;1;1;0;0;0;0;0;0;0;0;0;0;0;0;
FILTRE;2014;110780194;110000080;INIT;0;0;0;0;1;0;0;0;0;0;0;0;0;0;0;;0;0;0;;;;;;;;;;;;;0;0;0;0;0;0;0;0;
FILTRE;2014;110780202;310021316;DECLA;0;0;0;0;1;0;0;0;0;0;0;0;0;0;0;0;0;0;0;0;0;0;0;1;0;0;0;0;0;0;0;0;0;0;0;0;0;0;0;
FILTRE;2014;110780202;310021316;INIT;0;0;0;0;1;0;0;0;0;0;0;0;0;0;0;;0;0;0;;;;;;;;;;;;;0;0;0;0;0;0;0;0;
FILTRE;2014;110780228;110000114;DECLA;1;1;1;0;1;0;0;1;0;0;1;1;1;0;0;0;1;0;1;1;0;0;0;1;1;1;0;1;0;1;0;0;1;1;0;0;0;0;0;
FILTRE;2014;110780228;110000114;INIT;1;1;1;0;1;0;1;1;0;0;1;1;1;0;0;;1;0;1;;;;;;;;;;;;;0;0;1;0;0;0;0;0;
FILTRE;2014;110780236;110780707;DECLA;1;0;0;0;1;0;1;0;0;0;0;0;0;0;0;0;0;1;0;0;0;0;0;1;0;1;0;0;0;0;1;0;0;0;0;0;0;0;0;
FILTRE;2014;110780236;110780707;INIT;1;0;0;0;1;0;1;0;0;0;0;0;0;0;0;;0;0;0;;;;;;;;;;;;;0;0;0;0;0;0;0;0;
FILTRE;2014;110780483;110000155;DECLA;1;1;1;0;0;0;1;1;0;0;1;0;1;0;0;0;1;0;1;0;0;0;0;1;1;0;0;1;0;1;0;0;1;1;0;0;0;0;0;
FILTRE;2014;110780483;110000155;INIT;1;1;0;0;0;0;1;1;0;0;1;0;1;0;0;;1;0;1;;;;;;;;;;;;;0;0;1;0;0;0;0;0;
FILTRE;2014;110781283;110780137;DECLA;0;0;0;0;0;1;0;0;0;0;0;0;0;0;0;0;0;0;0;0;0;0;0;0;0;0;0;0;0;0;0;0;0;0;0;0;0;0;0;
FILTRE;2014;110781283;110780137;INIT;0;0;0;0;0;1;0;0;0;0;0;0;0;0;0;;0;0;0;;;;;;;;;;;;;0;0;0;0;0;0;0;0;
FILTRE;2014;110786324;110786324;DECLA;0;0;0;0;0;0;0;0;1;0;0;0;0;0;0;0;0;0;0;1;0;0;0;1;0;1;0;0;0;1;0;0;0;0;0;0;0;0;0;
FILTRE;2014;110786324;110786324;INIT;0;0;0;0;0;0;0;0;1;0;0;0;0;0;0;;0;0;0;;;;;;;;;;;;;0;0;0;0;0;0;0;0;
FILTRE;2014;110786746;110786324;DECLA;0;0;0;0;1;1;0;0;0;0;0;0;0;0;0;0;0;0;0;0;0;0;0;0;0;0;0;0;0;1;0;0;0;0;0;0;0;0;0;
FILTRE;2014;110786746;110786324;INIT;0;0;0;0;1;1;0;0;0;0;0;0;0;0;0;;0;0;0;;;;;;;;;;;;;0;0;0;0;0;0;0;0;
FILTRE;2014;120000039;120780044;DECLA;1;1;1;1;1;0;1;1;1;1;1;1;1;0;0;1;1;1;1;1;1;1;1;1;1;1;0;1;1;0;1;1;1;1;0;0;0;0;0;
FILTRE;2014;120000039;120780044;INIT;1;1;1;1;1;0;1;1;1;1;1;1;1;0;0;;1;1;1;;;;;;;;;;;;;1;1;1;0;0;0;0;0;
FILTRE;2014;120000054;120780069;DECLA;1;1;1;0;1;0;1;0;0;0;1;0;1;0;0;0;1;1;1;1;1;1;0;1;1;1;1;0;0;1;1;0;1;1;0;0;0;0;0;
FILTRE;2014;120000054;120780069;INIT;1;1;1;0;1;0;1;0;0;0;1;0;1;0;0;;1;1;1;;;;;;;;;;;;;0;0;1;0;0;0;0;0;
FILTRE;2014;120000070;120780085;DECLA;1;1;1;0;1;1;1;1;0;0;0;0;1;0;0;0;1;1;1;1;1;0;1;0;1;1;0;0;0;0;1;0;1;0;0;0;0;0;0;
FILTRE;2014;120000070;120780085;INIT;1;1;1;0;1;1;1;1;0;0;0;0;1;0;0;;1;1;1;;;;;;;;;;;;;0;0;0;0;0;0;0;0;
FILTRE;2014;120000088;120780093;DECLA;1;0;0;0;1;1;0;0;0;0;0;0;0;0;0;1;0;0;0;1;0;0;0;1;0;1;0;0;0;0;1;0;0;0;0;0;0;0;0;
FILTRE;2014;120000088;120780093;INIT;1;0;0;0;1;1;1;0;0;0;0;0;0;0;0;;0;0;0;;;;;;;;;;;;;0;0;0;0;0;0;0;0;
FILTRE;2014;120000096;120780101;DECLA;1;0;0;0;1;1;1;0;0;0;0;0;0;0;0;0;0;0;0;1;0;0;0;1;0;1;0;0;0;1;1;0;0;0;0;0;0;0;0;
FILTRE;2014;120000096;120780101;INIT;1;0;0;0;1;1;1;0;0;0;0;0;0;0;0;;0;0;0;;;;;;;;;;;;;0;0;0;0;0;0;0;0;
FILTRE;2014;120000153;120780291;DECLA;0;0;0;0;1;1;0;0;0;0;0;0;0;0;0;0;0;0;0;0;0;0;0;1;0;1;0;0;0;0;1;0;0;0;0;0;0;0;0;
FILTRE;2014;120000153;120780291;INIT;0;0;0;0;1;1;0;0;0;0;0;0;0;0;0;;0;0;0;;;;;;;;;;;;;0;0;0;0;0;0;0;0;
FILTRE;2014;120000237;120780481;DECLA;0;0;0;0;1;0;0;0;0;0;0;0;0;0;0;0;0;0;0;0;0;0;0;1;0;1;0;0;0;1;0;0;0;0;0;0;0;0;0;
FILTRE;2014;120000237;120780481;INIT;0;0;0;0;1;0;0;0;0;0;0;0;0;0;0;;0;0;0;;;;;;;;;;;;;0;0;0;0;0;0;0;0;
FILTRE;2014;120001128;120780069;DECLA;1;1;0;0;0;0;1;1;0;0;0;0;0;0;0;0;0;0;1;0;0;0;0;0;0;0;0;0;0;0;0;0;0;0;0;0;0;0;0;
FILTRE;2014;120001128;120780069;INIT;1;1;0;0;0;0;1;1;0;0;0;0;0;0;0;;0;0;1;;;;;;;;;;;;;0;0;0;0;0;0;0;0;
FILTRE;2014;120001748;340000264;DECLA;0;0;0;0;0;0;0;0;0;0;0;1;0;0;0;0;0;0;0;0;0;0;0;1;0;1;1;0;0;0;0;0;0;0;0;0;0;0;0;
FILTRE;2014;120001748;340000264;INIT;0;0;0;0;0;0;0;0;0;0;0;1;0;0;0;;0;0;0;;;;;;;;;;;;;0;0;0;0;0;0;0;0;
FILTRE;2014;120004569;120004528;DECLA;1;1;1;1;1;0;1;0;1;0;1;0;1;0;0;0;1;1;1;1;1;0;0;1;1;1;1;0;1;1;1;0;1;1;0;0;0;0;0;
FILTRE;2014;120004569;120004528;INIT;1;1;1;1;1;0;1;0;1;0;0;0;1;0;0;;1;1;1;;;;;;;;;;;;;0;0;1;0;0;0;0;0;
FILTRE;2014;120004668;120004619;DECLA;1;1;1;0;1;1;1;1;0;0;0;0;1;0;0;0;1;1;1;1;1;1;1;1;0;1;1;0;1;1;1;0;1;0;0;0;0;0;0;
FILTRE;2014;120004668;120004619;INIT;1;0;1;0;1;1;1;1;0;0;0;0;1;0;0;;1;1;1;;;;;;;;;;;;;0;0;0;0;0;0;0;0;
FILTRE;2014;120005228;310000633;DECLA;0;0;0;0;0;0;0;0;0;0;0;1;0;0;0;0;0;0;0;0;0;0;0;0;0;0;0;0;0;0;0;0;0;0;0;0;0;0;0;
FILTRE;2014;120005228;310000633;INIT;0;0;0;0;0;0;0;0;0;0;0;1;0;0;0;;0;0;0;;;;;;;;;;;;;0;0;0;0;0;0;0;0;
FILTRE;2014;120780135;120000104;DECLA;0;0;0;0;1;0;0;0;0;0;0;0;0;0;0;0;0;0;0;0;0;0;0;1;0;1;1;0;0;1;0;0;0;0;0;0;0;0;0;
FILTRE;2014;120780135;120000104;INIT;0;0;0;0;1;0;0;0;0;0;0;0;0;0;0;;0;0;0;;;;;;;;;;;;;0;0;0;0;0;0;0;0;
FILTRE;2014;120780143;120000112;DECLA;0;0;0;0;1;0;0;0;0;0;0;0;0;0;0;0;0;0;0;0;0;0;0;0;0;0;0;0;0;1;0;0;0;0;0;0;0;0;0;
FILTRE;2014;120780143;120000112;INIT;0;0;0;0;1;0;0;0;0;0;0;0;0;0;0;;0;0;0;;;;;;;;;;;;;0;0;0;0;0;0;0;0;
FILTRE;2014;120780283;630786754;DECLA;0;0;0;1;0;0;0;0;1;0;0;0;0;0;0;0;0;0;0;0;0;0;0;1;0;1;0;0;0;0;1;0;0;0;0;0;0;0;0;
FILTRE;2014;120780283;630786754;INIT;0;0;0;1;0;0;0;0;1;0;0;0;0;0;0;;0;0;0;;;;;;;;;;;;;0;0;0;0;0;0;0;0;
FILTRE;2014;120780325;120004528;DECLA;0;0;0;0;1;0;0;1;0;0;0;0;0;0;0;0;0;0;1;0;0;0;0;0;0;0;0;0;0;0;0;0;0;0;0;0;0;0;0;
FILTRE;2014;120780325;120004528;INIT;0;1;0;0;1;0;0;1;0;0;1;0;0;0;0;;0;0;1;;;;;;;;;;;;;0;0;0;0;0;0;0;0;
FILTRE;2014;120782263;120780069;DECLA;0;0;0;0;0;1;0;0;0;0;0;0;0;0;0;0;0;0;0;0;0;0;0;0;0;0;0;0;0;0;0;0;0;0;0;0;0;0;0;
FILTRE;2014;120782263;120780069;INIT;0;0;0;0;0;1;0;0;0;0;0;0;0;0;0;;0;0;0;;;;;;;;;;;;;0;0;0;0;0;0;0;0;
FILTRE;2014;120783097;120004528;DECLA;0;0;0;0;0;1;0;0;0;0;0;0;0;0;0;0;0;0;0;0;0;0;0;0;0;0;0;0;0;0;0;0;0;0;0;0;0;0;0;
FILTRE;2014;120783097;120004528;INIT;0;0;0;0;0;1;0;0;0;0;0;0;0;0;0;;0;0;0;;;;;;;;;;;;;0;0;0;0;0;0;0;0;
FILTRE;2014;120783618;120784616;DECLA;0;0;0;0;0;0;0;0;0;0;0;0;0;0;1;0;0;0;0;0;0;0;0;0;0;0;0;0;0;0;0;0;0;0;0;0;0;0;0;
FILTRE;2014;120783618;120784616;INIT;0;0;0;0;0;0;0;0;0;0;0;0;0;0;1;;0;0;0;;;;;;;;;;;;;0;0;0;0;0;0;0;0;
FILTRE;2014;120786959;120780044;DECLA;0;0;0;0;0;1;0;0;0;0;0;0;0;0;0;0;0;0;0;0;0;0;0;0;0;0;0;0;0;0;0;0;0;0;0;0;0;0;0;
FILTRE;2014;120786959;120780044;INIT;0;0;0;0;0;1;0;0;0;0;0;0;0;0;0;;0;0;0;;;;;;;;;;;;;0;0;0;0;0;0;0;0;
FILTRE;2014;120787254;340000264;DECLA;0;0;0;0;0;0;0;0;0;0;0;1;0;0;0;0;0;0;0;0;0;0;0;1;0;1;0;0;0;0;0;0;0;0;0;0;0;0;0;
FILTRE;2014;120787254;340000264;INIT;0;0;0;0;0;0;0;0;0;0;0;1;0;0;0;;0;0;0;;;;;;;;;;;;;0;0;0;0;0;0;0;0;
FILTRE;2014;120787429;310000633;DECLA;0;0;0;0;0;0;0;0;0;0;0;1;0;0;0;0;0;0;0;0;0;0;0;0;0;0;0;0;0;0;0;0;0;0;0;0;0;0;0;
FILTRE;2014;120787429;310000633;INIT;0;0;0;0;0;0;0;0;0;0;0;1;0;0;0;;0;0;0;;;;;;;;;;;;;0;0;0;0;0;0;0;0;
FILTRE;2014;120788088;310000633;DECLA;0;0;0;0;0;0;0;0;0;0;0;1;0;0;0;0;0;0;0;0;0;0;0;0;0;0;0;0;0;0;0;0;0;0;0;0;0;0;0;
FILTRE;2014;120788088;310000633;INIT;0;0;0;0;0;0;0;0;0;0;0;1;0;0;0;;0;0;0;;;;;;;;;;;;;0;0;0;0;0;0;0;0;
FILTRE;2014;130000235;130780554;DECLA;0;0;0;1;0;0;0;0;1;0;0;0;0;0;0;0;0;0;0;0;1;0;0;1;0;1;0;0;0;0;1;0;0;0;0;0;0;0;0;
FILTRE;2014;130000235;130780554;INIT;0;0;0;1;0;0;0;0;1;0;0;0;0;0;0;;0;0;0;;;;;;;;;;;;;0;0;0;0;0;0;0;0;
FILTRE;2014;130000409;130041916;DECLA;1;1;1;0;1;0;1;1;0;0;1;1;1;0;1;0;1;1;1;1;1;1;1;1;1;1;0;1;1;0;0;1;1;1;0;0;1;0;0;
FILTRE;2014;130000409;130041916;INIT;1;1;1;0;1;0;1;1;0;0;1;1;1;0;1;;1;1;1;;;;;;;;;;;;;1;1;1;0;0;0;0;0;
FILTRE;2014;130000433;130781131;DECLA;0;0;0;1;0;0;0;0;1;0;0;0;0;0;0;0;0;0;0;1;1;0;0;1;0;1;0;0;0;0;1;0;0;0;0;0;0;0;0;
FILTRE;2014;130000433;130781131;INIT;0;0;0;1;0;0;0;0;1;0;0;0;0;0;0;;0;0;0;;;;;;;;;;;;;0;0;0;0;0;0;0;0;
FILTRE;2014;130000516;130781339;DECLA;1;0;0;0;1;1;1;0;0;0;0;0;0;0;0;0;0;0;0;1;0;1;0;1;0;1;0;1;0;1;1;0;0;0;0;0;0;0;0;
FILTRE;2014;130000516;130781339;INIT;1;0;0;0;1;1;1;0;0;0;0;0;0;0;0;;0;0;0;;;;;;;;;;;;;0;0;0;0;0;0;0;0;
FILTRE;2014;130000565;130781446;DECLA;1;1;1;0;1;1;1;1;0;0;1;0;1;0;1;0;1;1;1;1;1;1;1;1;1;1;0;1;0;1;1;0;1;0;0;0;0;0;0;
FILTRE;2014;130000565;130781446;INIT;1;1;1;0;1;1;1;1;0;0;1;0;1;0;1;;1;1;1;;;;;;;;;;;;;0;1;0;0;0;0;0;0;
FILTRE;2014;130001225;130782634;DECLA;1;1;1;0;1;1;1;1;0;0;1;0;1;0;0;0;1;1;1;1;1;1;0;1;1;1;1;1;1;1;1;0;1;1;0;0;0;0;0;
FILTRE;2014;130001225;130782634;INIT;1;1;1;0;1;1;1;1;0;0;1;0;1;0;0;;1;0;1;;;;;;;;;;;;;0;1;1;0;0;0;0;0;
FILTRE;2014;130001258;130028228;DECLA;1;0;0;0;1;1;0;0;0;0;0;0;0;0;0;0;0;0;0;1;0;0;0;1;0;1;0;0;0;0;1;0;0;0;0;0;0;0;0;
FILTRE;2014;130001258;130028228;INIT;1;0;0;0;1;1;1;0;0;0;0;0;0;0;0;;0;0;0;;;;;;;;;;;;;0;0;0;0;0;0;0;0;
FILTRE;2014;130001647;130784127;DECLA;1;1;0;0;0;0;1;1;0;1;1;0;0;0;1;0;0;0;1;1;1;1;1;1;1;1;1;1;1;1;1;0;1;1;0;0;1;0;0;
FILTRE;2014;130001647;130784127;INIT;1;1;0;0;0;0;1;1;0;1;1;0;0;0;1;;0;0;1;;;;;;;;;;;;;0;1;1;0;0;1;0;0;
FILTRE;2014;130002215;130785512;DECLA;1;1;1;0;0;0;1;0;0;0;0;0;1;0;1;0;1;0;1;1;1;1;0;1;0;1;0;1;0;0;1;0;1;0;0;0;0;0;0;
FILTRE;2014;130002215;130785512;INIT;1;1;1;0;0;1;1;0;0;0;0;0;1;0;1;;1;0;1;;;;;;;;;;;;;0;0;1;0;0;0;0;0;
FILTRE;2014;130002496;130786494;DECLA;0;0;0;1;0;0;0;0;1;0;0;0;0;0;0;0;0;0;0;0;0;0;0;1;0;1;0;0;0;0;0;0;0;0;0;0;0;0;0;
FILTRE;2014;130002496;130786494;INIT;0;0;0;1;0;0;0;0;1;0;0;0;0;0;0;;0;0;0;;;;;;;;;;;;;0;0;0;0;0;0;0;0;
FILTRE;2014;130002694;040000481;DECLA;1;0;0;0;1;0;0;0;0;0;0;0;0;0;0;0;0;0;0;0;0;0;0;1;0;1;0;0;0;0;0;0;0;0;0;0;0;0;0;
FILTRE;2014;130002694;040000481;INIT;1;0;0;0;1;0;1;0;0;0;0;0;0;0;0;;0;0;0;;;;;;;;;;;;;0;0;0;0;0;0;0;0;
FILTRE;2014;130002827;130789274;DECLA;1;1;1;1;1;0;1;1;1;0;1;0;1;0;0;0;1;1;1;1;1;1;1;1;1;1;0;0;0;1;1;1;1;1;0;0;0;0;0;
FILTRE;2014;130002827;130789274;INIT;1;1;1;1;1;1;1;1;1;0;1;0;1;0;0;;1;1;1;;;;;;;;;;;;;0;1;1;0;0;0;0;0;
FILTRE;2014;130002835;130789316;DECLA;1;1;1;0;0;0;1;1;0;0;1;1;0;0;0;0;1;1;1;1;1;1;0;1;1;1;0;1;0;1;0;1;1;1;0;0;0;0;0;
FILTRE;2014;130002835;130789316;INIT;1;1;1;0;0;0;1;1;0;0;1;1;1;0;0;;1;1;1;;;;;;;;;;;;;0;1;1;0;0;0;0;0;
FILTRE;2014;130008048;130043169;DECLA;0;0;0;0;1;0;0;0;0;0;0;0;0;0;0;0;0;0;0;0;0;0;0;1;0;0;0;0;0;0;1;0;0;0;0;0;0;0;0;
FILTRE;2014;130008048;130043169;INIT;0;0;0;0;1;0;0;0;0;0;0;0;0;0;0;;0;0;0;;;;;;;;;;;;;0;0;0;0;0;0;0;0;
FILTRE;2014;130008238;130044118;DECLA;0;0;0;0;1;0;0;0;0;0;0;0;0;0;0;0;0;0;0;0;0;0;0;1;0;1;0;0;0;0;0;0;0;0;0;0;0;0;0;
FILTRE;2014;130008238;130044118;INIT;0;0;0;0;1;0;0;0;0;0;0;0;0;0;0;;0;0;0;;;;;;;;;;;;;0;0;0;0;0;0;0;0;
FILTRE;2014;130008253;130001084;DECLA;0;1;1;0;0;0;0;1;0;0;0;0;1;0;0;0;0;0;1;0;0;0;1;1;1;1;0;0;0;0;0;0;0;1;0;0;0;0;0;
FILTRE;2014;130008253;130001084;INIT;0;1;1;0;0;0;0;1;0;0;0;0;1;0;0;;0;0;1;;;;;;;;;;;;;0;0;1;0;0;0;0;0;
FILTRE;2014;130008287;130006810;DECLA;0;0;0;0;0;0;0;0;0;0;0;1;0;0;0;0;0;0;0;0;0;0;0;0;0;0;0;0;0;0;0;0;0;0;0;0;0;0;0;
FILTRE;2014;130008287;130006810;INIT;0;0;0;0;0;0;0;0;0;0;0;1;0;0;0;;0;0;0;;;;;;;;;;;;;0;0;0;0;0;0;0;0;
FILTRE;2014;130021488;130021439;DECLA;0;0;0;0;0;0;0;0;0;0;0;0;0;0;1;0;0;0;0;0;0;0;0;1;0;1;0;0;0;0;0;0;0;0;0;0;0;0;0;
FILTRE;2014;130021488;130021439;INIT;0;0;0;0;0;0;0;0;0;0;0;0;0;0;1;;0;0;0;;;;;;;;;;;;;0;0;0;0;0;0;0;0;
FILTRE;2014;130021819;130021769;DECLA;0;0;0;0;0;0;0;0;0;0;0;0;0;0;1;0;0;0;0;0;0;0;0;0;0;1;0;0;0;0;0;0;0;0;0;0;0;0;0;
FILTRE;2014;130021819;130021769;INIT;0;0;0;0;0;0;0;0;0;0;0;0;0;0;1;;0;0;0;;;;;;;;;;;;;0;0;0;0;0;0;0;0;
FILTRE;2014;130022619;130810161;DECLA;0;0;0;0;0;0;0;0;0;0;0;0;0;0;1;0;0;0;0;0;0;0;0;0;0;1;0;0;0;0;0;0;0;0;0;0;0;0;0;
FILTRE;2014;130022619;130810161;INIT;0;0;0;0;0;0;0;0;0;0;0;0;0;0;1;;0;0;0;;;;;;;;;;;;;0;0;0;0;0;0;0;0;
FILTRE;2014;130024268;130006794;DECLA;0;0;0;0;0;0;0;0;0;0;0;1;0;0;0;0;0;0;0;0;0;0;0;1;0;0;0;0;0;0;0;0;0;0;0;0;0;0;0;
FILTRE;2014;130024268;130006794;INIT;0;0;0;0;0;0;0;0;0;0;0;1;0;0;0;;0;0;0;;;;;;;;;;;;;0;0;0;0;0;0;0;0;
FILTRE;2014;130024458;130804396;DECLA;0;0;0;0;0;0;0;0;0;0;0;0;0;0;1;0;0;0;0;0;0;0;0;0;0;0;0;0;0;0;1;0;0;0;0;0;0;0;0;
FILTRE;2014;130024458;130804396;INIT;0;0;0;0;0;0;0;0;0;0;0;0;0;0;1;;0;0;0;;;;;;;;;;;;;0;0;0;0;0;0;0;0;
FILTRE;2014;130034002;130006562;DECLA;0;0;0;0;0;0;0;0;0;0;0;1;0;0;0;0;0;0;0;0;0;0;0;1;0;0;0;0;0;0;0;0;0;0;0;0;0;0;0;
FILTRE;2014;130034002;130006562;INIT;0;0;0;0;0;0;0;0;0;0;0;1;0;0;0;;0;0;0;;;;;;;;;;;;;0;0;0;0;0;0;0;0;
FILTRE;2014;130034044;130006562;DECLA;0;0;0;0;0;0;0;0;0;0;0;1;0;0;0;0;0;0;0;0;0;0;0;1;0;0;0;0;0;0;0;0;0;0;0;0;0;0;0;
FILTRE;2014;130034044;130006562;INIT;0;0;0;0;0;0;0;0;0;0;0;1;0;0;0;;0;0;0;;;;;;;;;;;;;0;0;0;0;0;0;0;0;
FILTRE;2014;130034077;130007156;DECLA;0;0;0;0;0;0;0;0;0;0;0;1;0;0;0;0;0;0;0;0;0;0;0;1;0;0;0;0;0;0;0;0;0;0;0;0;0;0;0;
FILTRE;2014;130034077;130007156;INIT;0;0;0;0;0;0;0;0;0;0;0;1;0;0;0;;0;0;0;;;;;;;;;;;;;0;0;0;0;0;0;0;0;
FILTRE;2014;130034093;130006562;DECLA;0;0;0;0;0;0;0;0;0;0;0;1;0;0;0;0;0;0;0;0;0;0;0;1;0;0;0;0;0;0;0;0;0;0;0;0;0;0;0;
FILTRE;2014;130034093;130006562;INIT;0;0;0;0;0;0;0;0;0;0;0;1;0;0;0;;0;0;0;;;;;;;;;;;;;0;0;0;0;0;0;0;0;
FILTRE;2014;130034531;130001787;DECLA;0;0;0;0;0;0;0;0;0;0;0;1;0;0;0;0;0;0;0;0;0;0;0;1;0;0;0;0;0;0;0;0;0;0;0;0;0;0;0;
FILTRE;2014;130034531;130001787;INIT;0;0;0;0;0;0;0;0;0;0;0;1;0;0;0;;0;0;0;;;;;;;;;;;;;0;0;0;0;0;0;0;0;
FILTRE;2014;130034556;130016058;DECLA;0;0;0;0;0;0;0;0;0;0;0;1;0;0;0;0;0;0;0;0;0;0;0;0;0;0;0;0;0;0;0;0;0;0;0;0;0;0;0;
FILTRE;2014;130034556;130016058;INIT;0;0;0;0;0;0;0;0;0;0;0;1;0;0;0;;0;0;0;;;;;;;;;;;;;0;0;0;0;0;0;0;0;
FILTRE;2014;130034580;130034572;DECLA;0;0;0;0;0;0;0;0;0;1;0;0;0;0;0;0;0;0;0;0;0;0;0;0;0;0;0;0;0;0;0;0;0;0;0;0;0;0;0;
FILTRE;2014;130034580;130034572;INIT;0;0;0;0;0;0;0;0;0;1;0;0;0;0;0;;0;0;0;;;;;;;;;;;;;0;0;0;0;0;0;0;0;
FILTRE;2014;130034614;130006810;DECLA;0;0;0;0;0;0;0;0;0;0;0;1;0;0;0;0;0;0;0;0;0;0;0;1;0;0;0;0;0;0;0;0;0;0;0;0;0;0;0;
FILTRE;2014;130034614;130006810;INIT;0;0;0;0;0;0;0;0;0;0;0;1;0;0;0;;0;0;0;;;;;;;;;;;;;0;0;0;0;0;0;0;0;
FILTRE;2014;130035215;130001415;DECLA;0;0;0;0;0;0;0;0;0;0;0;1;0;0;0;0;0;0;0;0;0;0;0;0;0;0;0;0;0;0;0;0;0;0;0;0;0;0;0;
FILTRE;2014;130035215;130001415;INIT;0;0;0;0;0;0;0;0;0;0;0;1;0;0;0;;0;0;0;;;;;;;;;;;;;0;0;0;0;0;0;0;0;
FILTRE;2014;130035223;130001415;DECLA;0;0;0;0;0;0;0;0;0;0;0;1;0;0;0;0;0;0;0;0;0;0;0;0;0;0;0;0;0;0;0;0;0;0;0;0;0;0;0;
FILTRE;2014;130035223;130001415;INIT;0;0;0;0;0;0;0;0;0;0;0;1;0;0;0;;0;0;0;;;;;;;;;;;;;0;0;0;0;0;0;0;0;
FILTRE;2014;130035793;130013139;DECLA;0;0;0;0;1;0;0;0;0;0;0;0;0;0;0;0;0;0;0;0;0;0;0;1;1;1;0;0;0;0;0;0;0;0;0;0;0;0;0;
FILTRE;2014;130035793;130013139;INIT;0;0;0;0;1;0;0;0;0;0;0;0;0;0;0;;0;0;0;;;;;;;;;;;;;0;0;0;0;0;0;0;0;
FILTRE;2014;130035959;130006810;DECLA;0;0;0;0;0;0;0;0;0;0;0;1;0;0;0;0;0;0;0;0;0;0;0;0;0;0;0;0;0;0;0;0;0;0;0;0;0;0;0;
FILTRE;2014;130035959;130006810;INIT;0;0;0;0;0;0;0;0;0;0;0;1;0;0;0;;0;0;0;;;;;;;;;;;;;0;0;0;0;0;0;0;0;
FILTRE;2014;130036650;130016058;DECLA;0;0;0;0;0;0;0;0;0;0;0;1;0;0;0;0;0;0;0;0;0;0;0;0;0;0;0;0;0;0;0;0;0;0;0;0;0;0;0;
FILTRE;2014;130036650;130016058;INIT;0;0;0;0;0;0;0;0;0;0;0;1;0;0;0;;0;0;0;;;;;;;;;;;;;0;0;0;0;0;0;0;0;
FILTRE;2014;130037674;130789316;DECLA;0;0;0;0;0;1;0;0;0;0;0;0;0;0;0;0;0;0;0;0;0;0;0;0;0;0;0;0;0;0;1;0;0;0;0;0;0;0;0;
FILTRE;2014;130037674;130789316;INIT;0;0;0;0;0;1;0;0;0;0;0;0;0;0;0;;0;0;0;;;;;;;;;;;;;0;0;0;0;0;0;0;0;
FILTRE;2014;130037922;130037823;DECLA;1;1;0;0;0;0;1;1;0;0;1;0;0;0;0;0;0;0;1;1;1;1;1;1;1;1;0;0;0;0;1;0;1;1;0;0;0;0;0;
FILTRE;2014;130037922;130037823;INIT;1;1;0;0;0;0;1;1;0;0;0;0;0;0;0;;0;0;1;;;;;;;;;;;;;0;1;1;1;0;0;0;1;
FILTRE;2014;130038003;130029218;DECLA;0;0;0;0;0;0;0;0;0;0;0;1;0;0;0;0;0;0;0;0;0;0;0;1;0;0;0;0;0;0;0;0;0;0;0;0;0;0;0;
FILTRE;2014;130038003;130029218;INIT;0;0;0;0;0;0;0;0;0;0;0;1;0;0;0;;0;0;0;;;;;;;;;;;;;0;0;0;0;0;0;0;0;
FILTRE;2014;130038045;130006562;DECLA;0;0;0;0;0;0;0;0;0;0;0;1;0;0;0;0;0;0;0;0;0;0;0;1;0;0;0;0;0;0;0;0;0;0;0;0;0;0;0;
FILTRE;2014;130038045;130006562;INIT;0;0;0;0;0;0;0;0;0;0;0;1;0;0;0;;0;0;0;;;;;;;;;;;;;0;0;0;0;0;0;0;0;
FILTRE;2014;130041767;130041262;DECLA;1;0;0;0;0;0;0;0;0;0;0;0;0;0;0;1;0;0;1;1;0;1;1;1;1;1;0;0;0;0;0;1;1;0;0;0;0;0;0;
FILTRE;2014;130042096;130042062;DECLA;1;0;0;0;0;0;0;0;0;0;0;0;0;0;0;0;0;0;1;1;0;1;1;1;1;0;0;0;0;0;0;1;1;0;0;0;0;0;0;
FILTRE;2014;130042096;130042062;INIT;1;0;0;0;0;0;1;0;0;0;0;0;0;0;0;;0;0;0;;;;;;;;;;;;;1;0;0;0;0;0;0;0;
FILTRE;2014;130042526;310021399;DECLA;0;0;0;0;1;0;0;0;0;0;0;0;0;0;0;1;0;0;0;1;0;0;0;1;0;1;0;0;0;0;1;0;0;0;0;0;0;0;0;
FILTRE;2014;130042526;310021399;INIT;0;0;0;0;1;0;0;0;0;0;0;0;0;0;0;;0;0;0;;;;;;;;;;;;;0;0;0;0;0;0;0;0;
FILTRE;2014;130043318;130043300;DECLA;0;0;0;0;1;0;0;0;0;0;0;0;0;0;0;0;0;0;0;0;0;0;0;0;0;0;0;0;0;0;0;0;0;0;0;0;0;0;0;
FILTRE;2014;130043318;130043300;INIT;0;0;0;0;1;0;0;0;0;0;0;0;0;0;0;;0;0;0;;;;;;;;;;;;;0;0;0;0;0;0;0;0;
FILTRE;2014;130043508;250002284;DECLA;0;0;0;0;1;0;0;0;0;0;0;0;0;0;0;0;0;0;0;0;0;0;0;1;0;1;0;0;0;0;0;0;0;0;0;0;0;0;0;
FILTRE;2014;130043508;250002284;INIT;0;0;0;0;1;0;0;0;0;0;0;0;0;0;0;;0;0;0;;;;;;;;;;;;;0;0;0;0;0;0;0;0;
FILTRE;2014;130043664;130002157;DECLA;1;1;0;0;0;1;1;1;0;0;1;0;0;0;0;0;1;0;1;1;0;1;1;1;1;1;0;1;1;1;0;0;1;1;0;0;0;0;0;
FILTRE;2014;130043664;130002157;INIT;1;1;0;0;0;1;1;1;0;0;1;0;0;0;0;;1;0;1;;;;;;;;;;;;;1;1;1;0;0;0;0;0;
FILTRE;2014;130043854;130037815;DECLA;0;0;0;0;1;0;0;0;0;0;0;0;0;0;0;0;0;0;0;0;0;0;0;1;0;1;0;0;0;0;0;0;0;0;0;0;0;0;0;
FILTRE;2014;130043854;130037815;INIT;0;0;0;0;1;0;0;0;0;0;0;0;0;0;0;;0;0;0;;;;;;;;;;;;;0;0;0;0;0;0;0;0;
FILTRE;2014;130780083;130000060;DECLA;0;0;0;0;1;0;0;0;0;0;0;0;0;0;0;0;0;0;0;0;0;0;0;1;0;1;0;0;0;0;1;0;0;0;0;0;0;0;0;
FILTRE;2014;130780083;130000060;INIT;0;0;0;0;1;0;0;0;0;0;0;0;0;0;0;;0;0;0;;;;;;;;;;;;;0;0;0;0;0;0;0;0;
FILTRE;2014;130780273;130000151;DECLA;0;0;0;1;0;0;0;0;1;0;0;0;0;0;0;0;0;0;0;0;0;0;0;0;0;0;0;0;0;0;0;0;0;0;0;0;0;0;0;
FILTRE;2014;130780273;130000151;INIT;0;0;0;1;0;0;0;0;1;0;0;0;0;0;0;;0;0;0;;;;;;;;;;;;;0;0;0;0;0;0;0;0;
FILTRE;2014;130780521;130786049;DECLA;1;1;1;0;0;0;1;1;0;1;1;0;1;1;0;0;1;0;1;1;1;1;1;1;1;1;0;1;0;1;0;1;1;1;1;1;1;1;0;
FILTRE;2014;130780521;130786049;INIT;1;1;1;1;0;0;1;1;0;1;1;0;1;0;1;;1;0;1;;;;;;;;;;;;;1;1;1;1;0;1;0;0;
FILTRE;2014;130781065;130000417;DECLA;0;0;0;1;0;0;0;0;1;0;0;0;0;0;0;0;0;0;0;0;0;0;0;1;0;0;0;0;0;0;0;0;0;0;0;0;0;0;0;
FILTRE;2014;130781065;130000417;INIT;0;0;0;1;0;0;0;0;1;0;0;0;0;0;0;;0;0;0;;;;;;;;;;;;;0;0;0;0;0;0;0;0;
FILTRE;2014;130781255;220020739;DECLA;1;0;0;0;0;0;1;0;0;0;0;0;0;0;0;0;0;0;0;0;0;0;0;0;0;0;0;1;0;1;1;0;0;0;0;0;0;0;0;
FILTRE;2014;130781255;220020739;INIT;1;0;0;0;0;0;1;0;0;0;0;0;0;0;0;;0;0;0;;;;;;;;;;;;;0;0;0;0;0;0;0;0;
FILTRE;2014;130781289;130002447;DECLA;1;1;0;0;0;0;1;1;0;0;1;0;0;0;0;0;0;0;1;0;0;1;0;1;1;1;0;0;0;1;0;0;0;0;0;0;0;0;0;
FILTRE;2014;130781289;130002447;INIT;1;1;0;0;0;0;1;1;0;0;1;0;0;0;0;;0;0;1;;;;;;;;;;;;;0;0;1;0;0;0;0;0;
FILTRE;2014;130781370;130000532;DECLA;1;1;1;0;0;0;1;1;0;0;0;0;1;0;0;0;0;0;1;0;0;1;0;1;1;1;0;0;0;0;0;0;1;1;0;0;0;0;0;
FILTRE;2014;130781370;130000532;INIT;1;1;0;0;0;0;1;1;0;0;0;0;1;0;0;;0;0;1;;;;;;;;;;;;;0;0;1;0;0;0;0;0;
FILTRE;2014;130781438;130000557;DECLA;0;0;0;0;1;0;0;0;0;0;0;0;0;0;0;0;0;0;0;1;0;0;0;1;0;1;0;0;0;0;0;0;0;0;0;0;0;0;0;
FILTRE;2014;130781438;130000557;INIT;0;0;0;0;1;0;0;0;0;0;0;0;0;0;0;;0;0;0;;;;;;;;;;;;;0;0;0;0;0;0;0;0;
FILTRE;2014;130781479;130000599;DECLA;1;1;1;0;1;0;1;1;0;0;1;0;1;0;0;1;1;0;1;1;1;1;0;1;1;1;0;0;0;0;0;1;1;1;0;0;0;0;0;
FILTRE;2014;130781479;130000599;INIT;1;1;1;0;1;0;1;1;0;0;1;0;1;0;0;;1;0;1;;;;;;;;;;;;;1;1;1;0;0;0;0;1;
FILTRE;2014;130781594;130010648;DECLA;0;0;0;1;0;0;0;0;1;0;0;0;0;0;0;0;0;0;0;0;0;0;0;1;0;1;0;0;0;0;0;0;0;0;0;0;0;0;0;
FILTRE;2014;130781594;130010648;INIT;0;0;0;1;0;0;0;0;0;0;0;0;0;0;0;;0;0;0;;;;;;;;;;;;;0;0;0;0;0;0;0;0;
FILTRE;2014;130781768;130000763;DECLA;0;0;0;0;1;0;0;0;0;0;0;0;0;0;0;0;0;0;0;0;0;0;0;0;0;1;0;0;0;0;0;0;0;0;0;0;0;0;0;
FILTRE;2014;130781768;130000763;INIT;0;0;0;0;1;0;0;0;0;0;0;0;0;0;0;;0;0;0;;;;;;;;;;;;;0;0;0;0;0;0;0;0;
FILTRE;2014;130781834;130000805;DECLA;0;0;0;0;1;0;0;0;0;0;0;0;0;0;0;0;0;0;0;0;0;0;0;1;0;1;0;0;0;0;0;0;0;0;0;0;0;0;0;
FILTRE;2014;130781834;130000805;INIT;0;0;0;0;1;0;0;0;0;0;0;0;0;0;0;;0;0;0;;;;;;;;;;;;;0;0;0;0;0;0;0;0;
FILTRE;2014;130781867;130000813;DECLA;0;1;0;0;0;0;0;1;0;0;0;1;0;0;0;0;0;0;1;0;0;0;0;1;1;1;0;0;0;0;0;0;0;0;0;0;0;0;0;
FILTRE;2014;130781867;130000813;INIT;0;1;0;0;0;0;0;1;0;0;0;1;0;0;0;;0;0;1;;;;;;;;;;;;;0;0;0;0;0;0;0;0;
FILTRE;2014;130781917;130000847;DECLA;0;0;0;0;1;0;0;0;0;0;0;0;0;0;0;0;0;0;0;0;0;1;0;1;0;1;0;0;0;0;1;0;0;0;0;0;0;0;0;
FILTRE;2014;130781917;130000847;INIT;0;0;0;0;1;0;0;0;0;0;0;0;0;0;0;;0;0;0;;;;;;;;;;;;;0;0;0;0;0;0;0;0;
FILTRE;2014;130781925;750043994;DECLA;0;0;0;0;1;0;0;0;0;0;0;0;0;0;0;0;0;0;0;0;0;0;0;1;0;1;0;0;0;0;0;0;0;0;0;0;0;0;0;
FILTRE;2014;130781925;750043994;INIT;0;0;0;0;1;0;0;0;0;0;0;0;0;0;0;;0;0;0;;;;;;;;;;;;;0;0;0;0;0;0;0;0;
FILTRE;2014;130782071;130002454;DECLA;1;1;0;0;1;0;0;1;0;0;0;0;0;0;1;0;1;0;1;1;0;1;0;1;0;1;0;0;0;0;0;0;1;1;0;0;0;0;0;
FILTRE;2014;130782071;130002454;INIT;1;1;0;0;1;0;1;1;0;0;0;0;0;0;1;;1;0;1;;;;;;;;;;;;;0;0;1;0;0;0;0;0;
FILTRE;2014;130782097;130000938;DECLA;0;0;0;0;1;1;0;0;0;0;0;0;0;0;0;0;0;0;0;0;0;0;0;1;0;1;0;0;0;0;0;0;0;0;0;0;0;0;0;
FILTRE;2014;130782097;130000938;INIT;0;0;0;0;1;1;0;0;0;0;0;0;0;0;0;;0;0;0;;;;;;;;;;;;;0;0;0;0;0;0;0;0;
FILTRE;2014;130782147;130000979;DECLA;1;1;0;0;0;0;1;1;0;0;0;0;0;0;0;0;1;0;1;1;1;1;1;1;1;1;0;0;0;0;0;1;1;1;0;0;0;0;0;
FILTRE;2014;130782147;130000979;INIT;1;1;0;0;0;0;1;1;0;0;0;0;0;0;0;;1;0;1;;;;;;;;;;;;;1;0;1;0;0;0;0;0;
FILTRE;2014;130782162;130000987;DECLA;1;1;0;0;0;0;1;1;0;0;0;0;0;0;0;0;0;0;1;1;0;1;1;1;1;1;0;0;0;0;0;0;1;1;0;0;0;0;0;
FILTRE;2014;130782162;130000987;INIT;1;1;0;0;0;0;1;1;0;0;0;0;0;0;0;;0;0;1;;;;;;;;;;;;;0;0;1;0;0;0;0;0;
FILTRE;2014;130782303;920000395;DECLA;0;0;0;0;1;0;0;0;0;0;0;0;0;0;0;0;0;0;0;0;0;0;0;1;0;1;0;0;0;0;0;0;0;0;0;0;0;0;0;
FILTRE;2014;130782303;920000395;INIT;0;0;0;0;1;0;0;0;0;0;0;0;0;0;0;;0;0;0;;;;;;;;;;;;;0;0;0;0;0;0;0;0;
FILTRE;2014;130782444;130001100;DECLA;0;0;0;0;1;0;0;0;0;0;0;0;0;0;0;0;0;0;0;0;0;0;0;1;0;1;0;0;0;0;0;0;0;0;0;0;0;0;0;
FILTRE;2014;130782444;130001100;INIT;0;0;0;0;1;0;0;0;0;0;0;0;0;0;0;;0;0;0;;;;;;;;;;;;;0;0;0;0;0;0;0;0;
FILTRE;2014;130782451;130001118;DECLA;0;0;0;0;1;0;0;0;0;0;0;0;0;0;0;0;0;0;0;0;0;0;0;1;0;0;0;0;0;1;0;0;0;0;0;0;0;0;0;
FILTRE;2014;130782451;130001118;INIT;0;0;0;0;1;0;0;0;0;0;0;0;0;0;0;;0;0;0;;;;;;;;;;;;;0;0;0;0;0;0;0;0;
FILTRE;2014;130782493;130001134;DECLA;0;0;0;0;1;0;0;0;0;0;0;0;0;0;0;0;0;0;0;0;0;0;0;1;0;1;0;0;0;0;0;0;0;0;0;0;0;0;0;
FILTRE;2014;130782493;130001134;INIT;0;0;0;0;1;0;0;0;0;0;0;0;0;0;0;;0;0;0;;;;;;;;;;;;;0;0;0;0;0;0;0;0;
FILTRE;2014;130782675;130001233;DECLA;1;1;0;0;0;0;1;1;0;0;0;0;0;0;0;0;0;0;1;0;0;1;0;1;0;1;0;0;0;0;0;0;0;1;0;0;0;0;0;
FILTRE;2014;130782675;130001233;INIT;1;1;0;0;0;0;1;1;0;0;0;0;0;0;0;;0;0;1;;;;;;;;;;;;;0;0;1;0;0;0;0;0;
FILTRE;2014;130783152;130001365;DECLA;1;0;0;0;1;0;1;0;0;0;0;0;0;0;0;0;0;0;0;0;0;0;0;1;0;1;0;1;0;1;1;0;0;0;0;0;0;0;0;
FILTRE;2014;130783152;130001365;INIT;1;0;0;0;1;0;1;0;0;0;0;0;0;0;0;;0;0;0;;;;;;;;;;;;;0;0;0;0;0;0;0;0;
FILTRE;2014;130783236;130786049;DECLA;1;1;1;1;0;0;1;1;1;1;1;1;1;1;1;0;1;0;1;1;1;1;1;1;0;1;0;0;0;1;0;0;1;1;0;0;1;1;0;
FILTRE;2014;130783236;130786049;INIT;1;1;1;1;0;0;1;1;1;0;1;1;1;0;1;;1;0;1;;;;;;;;;;;;;0;1;1;0;0;1;1;0;
FILTRE;2014;130783293;130786049;DECLA;1;1;0;0;0;0;1;1;0;1;1;1;0;0;0;1;1;1;1;1;1;1;1;1;1;1;0;1;1;1;0;1;1;1;1;1;1;0;1;
FILTRE;2014;130783293;130786049;INIT;1;1;0;0;0;0;1;1;0;1;1;0;0;0;0;;1;1;1;;;;;;;;;;;;;1;1;1;1;1;1;0;1;
FILTRE;2014;130783327;130001415;DECLA;1;1;1;0;0;0;1;1;0;0;0;1;1;0;0;0;0;0;1;1;0;1;1;1;1;1;0;0;0;0;0;0;1;1;0;0;0;0;0;
FILTRE;2014;130783327;130001415;INIT;1;1;1;0;0;0;1;1;0;0;0;0;1;0;0;;0;0;1;;;;;;;;;;;;;0;1;1;0;0;0;0;0;
FILTRE;2014;130783475;130001431;DECLA;0;0;0;0;1;0;0;0;0;0;0;0;0;0;0;0;0;0;0;0;0;0;0;1;0;0;0;0;0;1;0;0;0;0;0;0;0;0;0;
FILTRE;2014;130783475;130001431;INIT;0;0;0;0;1;0;0;0;0;0;0;0;0;0;0;;0;0;0;;;;;;;;;;;;;0;0;0;0;0;0;0;0;
FILTRE;2014;130783665;130043722;DECLA;1;1;1;0;1;0;1;1;0;0;1;0;1;0;0;0;0;0;1;1;1;1;0;1;1;1;0;0;0;0;0;0;1;1;0;0;0;0;0;
FILTRE;2014;130783665;130043722;INIT;1;1;0;0;1;0;1;1;0;0;1;0;1;0;0;;0;0;1;;;;;;;;;;;;;0;0;1;0;0;0;0;0;
FILTRE;2014;130783723;130001456;DECLA;0;1;0;0;0;0;0;1;0;0;0;0;0;0;0;0;0;0;1;1;0;1;0;1;1;1;0;0;0;0;0;0;0;1;0;0;0;0;0;
FILTRE;2014;130783723;130001456;INIT;0;1;0;0;0;0;0;1;0;0;0;0;0;0;0;;0;0;1;;;;;;;;;;;;;0;0;1;0;0;0;0;0;
FILTRE;2014;130783764;750043994;DECLA;0;0;0;1;0;0;0;0;1;0;0;0;0;0;0;0;0;0;0;0;0;0;0;0;0;0;0;0;0;0;0;0;0;0;0;0;0;0;0;
FILTRE;2014;130783764;750043994;INIT;0;0;0;1;0;0;0;0;1;0;0;0;0;0;0;;0;0;0;;;;;;;;;;;;;0;0;0;0;0;0;0;0;
FILTRE;2014;130783772;130810336;DECLA;0;1;0;0;0;0;0;1;0;0;0;0;0;0;0;0;0;0;1;0;0;0;0;1;1;1;0;0;0;0;0;0;0;1;0;0;0;0;0;
FILTRE;2014;130783772;130810336;INIT;0;1;0;0;0;0;0;1;0;0;0;0;0;0;0;;0;0;1;;;;;;;;;;;;;0;0;1;0;0;0;0;0;
FILTRE;2014;130783830;130001514;DECLA;0;0;0;0;1;1;0;0;0;0;0;0;0;0;0;0;0;0;0;0;0;0;0;1;0;1;0;0;0;0;0;0;0;0;0;0;0;0;0;
FILTRE;2014;130783830;130001514;INIT;0;0;0;0;0;1;0;0;0;0;0;0;0;0;0;;0;0;0;;;;;;;;;;;;;0;0;0;0;0;0;0;0;
FILTRE;2014;130783871;130001548;DECLA;0;0;0;0;1;0;0;0;0;0;0;0;0;0;0;0;0;0;0;0;0;0;0;1;0;1;0;0;0;0;0;0;0;0;0;0;0;0;0;
FILTRE;2014;130783871;130001548;INIT;0;0;0;0;1;0;0;0;0;0;0;0;0;0;0;;0;0;0;;;;;;;;;;;;;0;0;0;0;0;0;0;0;
FILTRE;2014;130783962;130001415;DECLA;1;1;0;0;0;0;1;1;0;0;0;0;0;0;0;0;0;0;1;0;0;0;0;1;0;1;0;0;0;0;0;0;0;0;0;0;0;0;0;
FILTRE;2014;130783962;130001415;INIT;1;1;0;0;0;0;1;1;0;0;0;0;0;0;0;;0;0;1;;;;;;;;;;;;;0;0;0;0;0;0;0;0;
FILTRE;2014;130784051;130037823;DECLA;1;1;0;0;1;0;1;1;0;1;1;0;0;0;0;1;0;0;1;1;1;1;0;1;0;1;0;0;1;1;1;1;1;1;1;1;0;0;1;
FILTRE;2014;130784051;130037823;INIT;1;1;0;0;1;0;1;1;0;1;1;0;0;0;0;;0;0;1;;;;;;;;;;;;;1;1;1;1;1;0;0;1;
FILTRE;2014;130784226;130804032;DECLA;1;0;0;0;0;0;1;0;0;0;0;0;0;0;0;0;0;0;0;0;0;1;0;0;0;0;0;0;0;0;0;0;0;0;0;0;0;0;0;
FILTRE;2014;130784234;130786049;DECLA;1;1;0;1;1;0;1;1;1;0;0;0;0;0;0;1;0;0;1;1;1;1;1;1;0;1;0;0;0;0;0;0;0;0;0;0;0;0;0;
FILTRE;2014;130784234;130786049;INIT;1;1;0;1;1;1;1;1;1;0;1;0;0;0;1;;0;0;1;;;;;;;;;;;;;0;1;1;0;0;0;0;0;
FILTRE;2014;130784291;130001696;DECLA;0;0;0;1;0;0;0;0;0;0;0;0;0;0;0;0;0;0;0;0;0;0;0;1;0;1;0;0;0;0;1;0;0;0;0;0;0;0;0;
FILTRE;2014;130784291;130001696;INIT;0;0;0;1;0;0;0;0;0;0;0;0;0;0;0;;0;0;0;;;;;;;;;;;;;0;0;0;0;0;0;0;0;
FILTRE;2014;130784481;130001787;DECLA;0;0;0;0;0;0;0;0;0;0;0;1;0;0;0;0;0;0;0;0;0;0;0;1;0;0;0;0;0;0;0;0;0;0;0;0;0;0;0;
FILTRE;2014;130784481;130001787;INIT;0;0;0;0;0;0;0;0;0;0;0;1;0;0;0;;0;0;0;;;;;;;;;;;;;0;0;0;0;0;0;0;0;
FILTRE;2014;130784549;130001811;DECLA;0;0;0;1;0;0;0;0;0;0;0;0;0;0;0;0;0;0;0;0;0;0;0;1;0;1;0;0;0;0;0;0;0;0;0;0;0;0;0;
FILTRE;2014;130784549;130001811;INIT;0;0;0;1;0;0;0;0;0;0;0;0;0;0;0;;0;0;0;;;;;;;;;;;;;0;0;0;0;0;0;0;0;
FILTRE;2014;130784580;750043994;DECLA;0;0;0;0;1;0;0;0;0;0;0;0;0;0;0;0;0;0;0;0;0;0;0;0;0;0;0;0;0;0;0;0;0;0;0;0;0;0;0;
FILTRE;2014;130784580;750043994;INIT;0;0;0;0;1;0;0;0;0;0;0;0;0;0;0;;0;0;0;;;;;;;;;;;;;0;0;0;0;0;0;0;0;
FILTRE;2014;130784598;130001852;DECLA;0;0;0;0;1;0;0;0;0;0;0;0;0;0;0;0;0;0;0;1;0;0;0;1;0;1;0;0;0;0;0;0;0;0;0;0;0;0;0;
FILTRE;2014;130784598;130001852;INIT;0;0;0;0;1;0;0;0;0;0;0;0;0;0;0;;0;0;0;;;;;;;;;;;;;0;0;0;0;0;0;0;0;
FILTRE;2014;130784606;130001860;DECLA;0;0;0;1;0;0;0;0;1;0;0;0;0;0;0;0;0;0;0;0;0;0;0;1;0;0;0;0;0;0;0;0;0;0;0;0;0;0;0;
FILTRE;2014;130784606;130001860;INIT;0;0;0;1;0;0;0;0;1;0;0;0;0;0;0;;0;0;0;;;;;;;;;;;;;0;0;0;0;0;0;0;0;
FILTRE;2014;130784697;130001902;DECLA;0;0;0;1;0;0;0;0;1;0;0;0;0;0;0;0;0;0;0;0;0;0;0;1;0;1;0;0;0;0;0;0;0;0;0;0;0;0;0;
FILTRE;2014;130784697;130001902;INIT;0;0;0;1;0;0;0;0;1;0;0;0;0;0;0;;0;0;0;;;;;;;;;;;;;0;0;0;0;0;0;0;0;
FILTRE;2014;130784713;130038847;DECLA;1;1;1;0;0;0;1;1;0;1;1;0;1;0;0;0;1;0;1;1;0;0;0;1;1;1;0;0;0;0;0;1;1;1;0;0;0;0;0;
FILTRE;2014;130784713;130038847;INIT;1;1;1;0;0;0;1;1;0;1;1;0;1;0;0;;1;0;1;;;;;;;;;;;;;1;1;1;0;0;0;0;0;
FILTRE;2014;130784812;130001985;DECLA;0;0;0;0;1;0;0;0;0;0;0;0;0;0;0;0;0;0;0;0;0;0;0;0;0;1;0;0;0;0;1;0;0;0;0;0;0;0;0;
FILTRE;2014;130784812;130001985;INIT;0;0;0;0;1;0;0;0;0;0;0;0;0;0;0;;0;0;0;;;;;;;;;;;;;0;0;0;0;0;0;0;0;
FILTRE;2014;130784903;130002041;DECLA;1;0;0;0;1;0;1;1;0;0;0;0;0;0;0;0;0;0;1;0;0;0;0;1;1;1;0;0;1;0;0;0;0;0;0;0;0;0;0;
FILTRE;2014;130784903;130002041;INIT;1;0;0;0;1;0;1;1;0;0;0;0;0;0;0;;0;0;1;;;;;;;;;;;;;0;0;0;0;0;0;0;0;
FILTRE;2014;130784911;750052375;DECLA;0;0;0;0;1;0;0;0;0;0;0;0;0;0;0;0;0;0;0;0;0;0;0;1;0;1;0;0;0;0;0;0;0;0;0;0;0;0;0;
FILTRE;2014;130784911;750052375;INIT;0;0;0;0;1;0;0;0;0;0;0;0;0;0;0;;0;0;0;;;;;;;;;;;;;0;0;0;0;0;0;0;0;
FILTRE;2014;130784952;130014228;DECLA;0;0;0;0;1;0;0;0;0;0;0;0;0;0;0;0;0;0;0;0;0;0;0;0;0;0;0;0;0;0;0;0;0;0;0;0;0;0;0;
FILTRE;2014;130784952;130014228;INIT;0;0;0;0;1;0;0;0;0;0;0;0;0;0;0;;0;0;0;;;;;;;;;;;;;0;0;0;0;0;0;0;0;
FILTRE;2014;130785389;130002173;DECLA;0;1;0;0;1;0;0;1;0;0;0;0;0;0;0;0;0;0;1;1;0;1;0;1;1;1;0;0;0;0;0;0;0;1;0;0;0;0;0;
FILTRE;2014;130785389;130002173;INIT;0;1;0;0;1;0;0;1;0;0;0;0;0;0;0;;0;0;1;;;;;;;;;;;;;0;0;1;0;0;0;0;0;
FILTRE;2014;130785462;130002207;DECLA;0;0;0;0;1;0;0;0;0;0;0;0;0;0;0;0;0;0;0;0;0;0;0;1;0;1;0;0;0;0;0;0;0;0;0;0;0;0;0;
FILTRE;2014;130785462;130002207;INIT;0;0;0;0;1;0;0;0;0;0;0;0;0;0;0;;0;0;0;;;;;;;;;;;;;0;0;0;0;0;0;0;0;
FILTRE;2014;130785652;130014228;DECLA;1;1;1;0;0;0;1;1;0;0;1;0;1;0;1;0;1;0;1;1;1;1;1;1;0;1;0;1;1;1;0;1;1;1;0;0;0;0;1;
FILTRE;2014;130785652;130014228;INIT;1;1;1;0;0;0;1;1;0;0;1;0;1;0;1;;1;0;1;;;;;;;;;;;;;1;1;1;0;0;0;0;1;
FILTRE;2014;130785678;130002249;DECLA;1;1;0;0;0;0;1;1;0;0;1;0;0;0;0;0;0;0;1;1;0;0;0;1;1;1;0;0;0;0;0;0;1;1;0;0;0;0;0;
FILTRE;2014;130785678;130002249;INIT;1;1;0;0;0;0;1;0;0;0;1;0;0;0;0;;0;0;1;;;;;;;;;;;;;0;1;1;0;0;0;0;0;
FILTRE;2014;130785975;310021340;DECLA;0;0;0;0;1;0;0;0;0;0;0;0;0;0;0;0;0;0;0;0;0;0;0;0;0;0;0;0;0;1;0;0;0;0;0;0;0;0;0;
FILTRE;2014;130785975;310021340;INIT;0;0;0;0;1;0;0;0;0;0;0;0;0;0;0;;0;0;0;;;;;;;;;;;;;0;0;0;0;0;0;0;0;
FILTRE;2014;130785983;130002306;DECLA;0;0;0;0;1;0;0;0;0;0;0;0;0;0;0;0;0;0;0;0;0;0;0;1;0;1;0;0;0;1;0;0;0;0;0;0;0;0;0;
FILTRE;2014;130785983;130002306;INIT;0;0;0;0;1;0;0;0;0;0;0;0;0;0;0;;0;0;0;;;;;;;;;;;;;0;0;0;0;0;0;0;0;
FILTRE;2014;130786015;130002322;DECLA;0;0;0;1;0;0;0;0;0;0;0;0;0;0;0;0;0;0;0;0;0;0;0;1;0;1;0;0;0;0;1;0;0;0;0;0;0;0;0;
FILTRE;2014;130786015;130002322;INIT;0;0;0;1;0;0;0;0;0;0;0;0;0;0;0;;0;0;0;;;;;;;;;;;;;0;0;0;0;0;0;0;0;
FILTRE;2014;130786023;130002330;DECLA;0;0;0;0;1;0;0;0;0;0;0;0;0;0;0;0;0;0;0;0;0;0;0;1;0;0;0;0;0;0;0;0;0;0;0;0;0;0;0;
FILTRE;2014;130786023;130002330;INIT;0;0;0;0;1;0;0;0;0;0;0;0;0;0;0;;0;0;0;;;;;;;;;;;;;0;0;0;0;0;0;0;0;
FILTRE;2014;130786296;130002421;DECLA;0;0;0;0;1;0;0;0;0;0;0;0;0;0;0;0;0;0;0;0;0;0;0;1;0;1;0;0;0;0;0;0;0;0;0;0;0;0;0;
FILTRE;2014;130786296;130002421;INIT;0;0;0;0;1;0;0;0;0;0;0;0;0;0;0;;0;0;0;;;;;;;;;;;;;0;0;0;0;0;0;0;0;
FILTRE;2014;130786361;130002447;DECLA;1;1;0;0;0;0;1;1;0;0;0;0;0;0;0;0;1;0;1;1;0;1;0;1;1;1;0;0;0;0;0;0;1;0;0;0;0;0;0;
FILTRE;2014;130786361;130002447;INIT;1;1;0;0;0;0;1;1;0;0;0;0;0;0;0;;1;0;1;;;;;;;;;;;;;0;1;1;0;0;0;0;0;
FILTRE;2014;130786445;130002488;DECLA;1;1;1;0;0;0;1;1;0;0;0;0;0;0;0;0;0;0;1;1;0;0;0;1;0;1;0;0;0;0;0;0;0;1;0;0;0;0;0;
FILTRE;2014;130786445;130002488;INIT;0;1;1;0;0;0;0;1;0;0;0;0;0;0;0;;0;0;1;;;;;;;;;;;;;0;0;1;0;0;0;0;0;
FILTRE;2014;130786742;750821092;DECLA;1;1;0;1;1;0;1;1;0;0;0;0;0;0;0;1;1;1;1;1;1;1;0;1;1;1;0;0;0;1;0;0;1;1;0;0;0;0;0;
FILTRE;2014;130786742;750821092;INIT;1;1;0;1;1;0;1;1;0;0;1;0;0;0;0;;1;0;1;;;;;;;;;;;;;0;1;1;0;0;0;1;0;
FILTRE;2014;130786890;130001688;DECLA;0;0;0;1;0;0;0;0;1;0;0;0;0;0;0;0;0;0;0;0;0;0;0;1;0;0;0;0;0;0;0;0;0;0;0;0;0;0;0;
FILTRE;2014;130786890;130001688;INIT;0;0;0;1;0;0;0;0;1;0;0;0;0;0;0;;0;0;0;;;;;;;;;;;;;0;0;0;0;0;0;0;0;
FILTRE;2014;130786924;130037815;DECLA;0;0;0;0;1;0;0;0;0;0;0;0;0;0;0;0;0;0;0;1;0;0;0;1;0;1;0;0;0;0;0;0;0;0;0;0;0;0;0;
FILTRE;2014;130786924;130037815;INIT;0;0;0;0;1;0;0;0;0;0;0;0;0;0;0;;0;0;0;;;;;;;;;;;;;0;0;0;0;0;0;0;0;
FILTRE;2014;130786932;130002660;DECLA;0;0;0;0;1;0;0;0;0;0;0;0;0;0;0;0;0;0;0;1;0;0;0;1;0;1;0;0;0;0;0;0;0;0;0;0;0;0;0;
FILTRE;2014;130786932;130002660;INIT;0;0;0;0;1;0;0;0;0;0;0;0;0;0;0;;0;0;0;;;;;;;;;;;;;0;0;0;0;0;0;0;0;
FILTRE;2014;130786973;130002702;DECLA;0;0;0;1;0;0;0;0;0;0;0;0;0;0;0;0;0;0;0;0;0;0;0;0;0;0;0;0;0;0;0;0;0;0;0;0;0;0;0;
FILTRE;2014;130786973;130002702;INIT;0;0;0;1;0;0;0;0;0;0;0;0;0;0;0;;0;0;0;;;;;;;;;;;;;0;0;0;0;0;0;0;0;
FILTRE;2014;130787369;130002777;DECLA;0;0;0;0;1;0;0;0;0;0;0;0;0;0;0;0;0;0;0;0;0;0;0;0;0;0;0;0;0;0;0;0;0;0;0;0;0;0;0;
FILTRE;2014;130787369;130002777;INIT;0;0;0;0;1;0;0;0;0;0;0;0;0;0;0;;0;0;0;;;;;;;;;;;;;0;0;0;0;0;0;0;0;
FILTRE;2014;130789159;750043994;DECLA;1;0;0;0;1;0;1;0;0;0;0;0;0;0;0;0;0;0;0;0;0;0;0;1;0;0;0;0;0;0;0;0;0;0;0;0;0;0;0;
FILTRE;2014;130789159;750043994;INIT;1;0;0;0;1;0;1;0;0;0;0;0;0;0;0;;0;0;0;;;;;;;;;;;;;0;0;0;0;0;0;0;0;
FILTRE;2014;130789357;130002843;DECLA;0;0;0;0;1;0;0;0;0;0;0;0;0;0;0;0;0;0;0;1;0;0;0;1;0;1;0;0;0;0;1;0;0;0;0;0;0;0;0;
FILTRE;2014;130789357;130002843;INIT;0;0;0;0;1;0;0;0;0;0;0;0;0;0;0;;0;0;0;;;;;;;;;;;;;0;0;0;0;0;0;0;0;
FILTRE;2014;130790157;130789316;DECLA;0;0;0;1;1;0;0;0;1;0;0;0;0;0;0;0;0;0;0;0;0;0;0;0;0;0;0;0;0;0;0;0;0;0;0;0;0;0;0;
FILTRE;2014;130790157;130789316;INIT;0;0;0;1;1;0;0;0;1;0;0;0;0;0;0;;0;0;0;;;;;;;;;;;;;0;0;0;0;0;0;0;0;
FILTRE;2014;130798002;130004807;DECLA;0;0;0;1;0;0;0;0;0;0;0;0;0;0;0;0;0;0;0;0;0;0;0;1;0;1;0;0;0;0;0;0;0;0;0;0;0;0;0;
FILTRE;2014;130798002;130004807;INIT;0;0;0;1;0;0;0;0;0;0;0;0;0;0;0;;0;0;0;;;;;;;;;;;;;0;0;0;0;0;0;0;0;
FILTRE;2014;130798358;130041916;DECLA;0;0;0;0;0;1;0;0;0;0;0;0;0;0;0;0;0;0;0;0;0;0;0;0;0;0;0;0;0;0;1;0;0;0;0;0;0;0;0;
FILTRE;2014;130798358;130041916;INIT;0;0;0;0;0;1;0;0;0;0;0;0;0;0;0;;0;0;0;;;;;;;;;;;;;0;0;0;0;0;0;0;0;
FILTRE;2014;130802143;130804396;DECLA;0;0;0;0;0;0;0;0;0;0;0;0;0;0;1;0;0;0;0;0;0;0;0;0;0;0;0;0;0;0;1;0;0;0;0;0;0;0;0;
FILTRE;2014;130802143;130804396;INIT;0;0;0;0;0;0;0;0;0;0;0;0;0;0;1;;0;0;0;;;;;;;;;;;;;0;0;0;0;0;0;0;0;
FILTRE;2014;130802549;130006562;DECLA;0;0;0;0;0;0;0;0;0;0;0;1;0;0;0;0;0;0;0;0;0;0;0;1;0;0;0;0;0;0;0;0;0;0;0;0;0;0;0;
FILTRE;2014;130802549;130006562;INIT;0;0;0;0;0;0;0;0;0;0;0;1;0;0;0;;0;0;0;;;;;;;;;;;;;0;0;0;0;0;0;0;0;
FILTRE;2014;130804032;130804032;DECLA;0;0;0;1;0;0;0;0;1;0;0;0;0;0;0;0;0;0;0;0;0;0;0;0;0;0;0;0;0;0;0;0;0;0;0;0;0;0;0;
FILTRE;2014;130804032;130804032;INIT;0;0;0;1;0;0;0;0;1;0;0;0;0;0;0;;0;0;0;;;;;;;;;;;;;0;0;0;0;0;0;0;0;
FILTRE;2014;130804297;130786049;DECLA;1;1;0;0;0;0;1;1;0;1;1;1;0;0;0;0;1;0;1;1;1;1;1;1;0;1;0;1;0;1;0;1;1;1;1;0;1;0;1;
FILTRE;2014;130804297;130786049;INIT;1;1;0;0;0;0;1;1;0;0;0;1;0;0;0;;1;0;1;;;;;;;;;;;;;1;1;1;1;0;1;0;1;
FILTRE;2014;130806011;130001183;DECLA;0;0;0;1;0;0;0;0;0;0;0;0;0;0;0;0;0;0;0;0;0;0;0;1;0;1;0;0;0;0;1;0;0;0;0;0;0;0;0;
FILTRE;2014;130806011;130001183;INIT;0;0;0;1;0;0;0;0;0;0;0;0;0;0;0;;0;0;0;;;;;;;;;;;;;0;0;0;0;0;0;0;0;
FILTRE;2014;130806029;130006794;DECLA;0;0;0;0;0;0;0;0;0;0;0;1;0;0;0;0;0;0;0;0;0;0;0;1;0;0;0;0;0;0;0;0;0;0;0;0;0;0;0;
FILTRE;2014;130806029;130006794;INIT;0;0;0;0;0;0;0;0;0;0;0;1;0;0;0;;0;0;0;;;;;;;;;;;;;0;0;0;0;0;0;0;0;
FILTRE;2014;130806078;130016058;DECLA;0;0;0;0;0;0;0;0;0;0;0;1;0;0;0;0;0;0;0;0;0;0;0;1;0;1;1;0;0;0;0;0;0;0;0;0;0;0;0;
FILTRE;2014;130806078;130016058;INIT;0;0;0;0;0;0;0;0;0;0;0;1;0;0;0;;0;0;0;;;;;;;;;;;;;0;0;0;0;0;0;0;0;
FILTRE;2014;130806318;130006794;DECLA;0;0;0;0;0;0;0;0;0;0;0;1;0;0;0;0;0;0;0;0;0;0;0;1;0;0;0;0;0;0;0;0;0;0;0;0;0;0;0;
FILTRE;2014;130806318;130006794;INIT;0;0;0;0;0;0;0;0;0;0;0;1;0;0;0;;0;0;0;;;;;;;;;;;;;0;0;0;0;0;0;0;0;
FILTRE;2014;130806417;130006810;DECLA;0;0;0;0;0;0;0;0;0;0;0;1;0;0;0;0;0;0;0;0;0;0;0;0;0;0;0;0;0;0;0;0;0;0;0;0;0;0;0;
FILTRE;2014;130806417;130006810;INIT;0;0;0;0;0;0;0;0;0;0;0;1;0;0;0;;0;0;0;;;;;;;;;;;;;0;0;0;0;0;0;0;0;
FILTRE;2014;130809015;130001928;DECLA;1;0;0;0;1;1;1;0;0;0;0;0;0;0;1;1;0;0;0;1;0;0;0;1;1;1;0;1;0;0;1;0;0;0;0;0;0;0;0;
FILTRE;2014;130809015;130001928;INIT;1;0;0;1;1;1;1;0;0;0;0;0;0;0;1;;0;0;0;;;;;;;;;;;;;0;0;0;0;0;0;0;0;
FILTRE;2014;130809809;130007156;DECLA;0;0;0;0;0;0;0;0;0;0;0;1;0;0;0;0;0;0;0;0;0;0;0;1;0;0;0;0;0;0;0;0;0;0;0;0;0;0;0;
FILTRE;2014;130809809;130007156;INIT;0;0;0;0;0;0;0;0;0;0;0;1;0;0;0;;0;0;0;;;;;;;;;;;;;0;0;0;0;0;0;0;0;
FILTRE;2014;130809981;920000395;DECLA;0;0;0;0;1;0;0;0;0;0;0;0;0;0;0;0;0;0;0;0;0;0;0;1;0;1;0;0;0;0;1;0;0;0;0;0;0;0;0;
FILTRE;2014;130809981;920000395;INIT;0;0;0;0;1;0;0;0;0;0;0;0;0;0;0;;0;0;0;;;;;;;;;;;;;0;0;0;0;0;0;0;0;
FILTRE;2014;130810104;130001415;DECLA;0;0;0;0;0;0;0;0;0;0;0;1;0;0;0;0;0;0;0;0;0;0;0;0;0;0;0;0;0;0;0;0;0;0;0;0;0;0;0;
FILTRE;2014;130810104;130001415;INIT;0;0;0;0;0;0;0;0;0;0;0;1;0;0;0;;0;0;0;;;;;;;;;;;;;0;0;0;0;0;0;0;0;
FILTRE;2014;130810740;130007362;DECLA;1;1;0;0;0;0;0;1;0;0;0;0;0;0;0;0;0;0;1;1;0;1;1;1;1;1;0;0;0;0;0;0;1;1;0;0;0;0;0;
FILTRE;2014;130810740;130007362;INIT;1;1;0;0;0;0;1;1;0;0;0;0;0;0;0;;0;0;1;;;;;;;;;;;;;0;1;1;0;0;0;0;0;
FILTRE;2014;130811102;130007487;DECLA;1;0;0;0;0;0;1;0;0;0;0;0;0;0;0;0;0;0;0;0;0;0;0;0;0;0;0;1;0;1;0;0;0;0;0;0;0;0;0;
FILTRE;2014;130811102;130007487;INIT;1;0;0;0;1;1;1;0;0;0;0;0;0;0;0;;0;0;0;;;;;;;;;;;;;0;0;0;0;0;0;0;0;
FILTRE;2014;130811680;130029218;DECLA;0;0;0;0;0;0;0;0;0;0;0;1;0;0;0;0;0;0;0;0;0;0;0;1;0;0;0;0;0;0;0;0;0;0;0;0;0;0;0;
FILTRE;2014;130811680;130029218;INIT;0;0;0;0;0;0;0;0;0;0;0;1;0;0;0;;0;0;0;;;;;;;;;;;;;0;0;0;0;0;0;0;0;
FILTRE;2014;130811797;130006562;DECLA;0;0;0;0;0;0;0;0;0;0;0;1;0;0;0;0;0;0;0;0;0;0;0;1;0;0;0;0;0;0;0;0;0;0;0;0;0;0;0;
FILTRE;2014;130811797;130006562;INIT;0;0;0;0;0;0;0;0;0;0;0;1;0;0;0;;0;0;0;;;;;;;;;;;;;0;0;0;0;0;0;0;0;
FILTRE;2014;140000027;140000035;DECLA;1;1;1;0;1;1;1;1;0;0;1;1;1;0;1;1;1;1;1;1;1;1;0;1;1;1;1;1;1;1;1;0;1;0;0;0;0;0;0;
FILTRE;2014;140000027;140000035;INIT;1;1;1;0;1;1;1;1;0;0;1;1;1;0;1;;1;1;1;;;;;;;;;;;;;0;1;0;0;0;0;0;0;
FILTRE;2014;140000076;140000084;DECLA;1;0;0;0;1;0;1;0;0;0;0;0;0;1;1;0;1;0;1;1;0;0;0;1;0;1;1;1;0;1;1;0;0;0;0;0;0;0;0;
FILTRE;2014;140000076;140000084;INIT;1;0;0;0;1;0;1;0;0;0;0;0;0;0;1;;1;0;0;;;;;;;;;;;;;0;0;0;0;0;0;0;0;
FILTRE;2014;140000209;140000100;DECLA;1;1;1;1;1;0;1;1;1;0;1;0;1;0;1;0;1;1;1;1;1;1;1;1;1;1;1;1;0;1;1;1;1;1;1;1;1;0;1;
FILTRE;2014;140000209;140000100;INIT;1;1;1;1;1;0;1;1;1;0;1;1;1;0;1;;1;1;1;;;;;;;;;;;;;1;1;1;1;1;1;0;1;
FILTRE;2014;140000233;140000118;DECLA;1;1;1;0;1;0;1;1;1;0;1;0;1;0;1;1;1;1;1;1;1;1;1;1;1;1;1;1;1;1;1;0;1;1;0;0;0;0;0;
FILTRE;2014;140000233;140000118;INIT;1;1;1;0;1;0;1;1;1;0;0;0;1;0;1;;1;1;1;;;;;;;;;;;;;0;0;1;0;0;0;0;0;
FILTRE;2014;140000241;140026279;DECLA;0;0;0;0;1;1;0;0;0;0;0;0;0;0;0;0;0;0;0;0;0;0;0;0;0;0;0;0;0;0;1;0;0;0;0;0;0;0;0;
FILTRE;2014;140000241;140026279;INIT;0;0;0;0;1;1;0;0;0;0;0;0;0;0;0;;0;0;0;;;;;;;;;;;;;0;0;0;0;0;0;0;0;
FILTRE;2014;140000258;140000415;DECLA;0;0;0;0;0;0;0;0;0;0;0;0;0;0;1;0;0;0;0;0;0;0;0;1;0;1;0;0;0;0;1;0;0;0;0;0;0;0;0;
FILTRE;2014;140000258;140000415;INIT;1;0;0;0;1;0;1;0;0;0;0;0;0;0;1;;1;0;0;;;;;;;;;;;;;0;0;0;0;0;0;0;0;
FILTRE;2014;140000290;140000449;DECLA;1;1;0;0;0;0;1;1;0;0;0;0;0;0;0;0;0;0;1;1;1;0;0;1;1;1;0;0;0;0;0;0;1;1;0;0;0;0;0;
FILTRE;2014;140000290;140000449;INIT;0;1;0;0;0;0;0;1;0;0;0;0;0;0;0;;0;0;1;;;;;;;;;;;;;0;0;1;0;0;0;0;0;
FILTRE;2014;140000308;140000134;DECLA;0;0;0;0;1;0;0;0;0;0;0;0;0;0;0;0;0;0;0;0;0;0;0;1;0;1;0;0;0;0;1;0;0;0;0;0;0;0;0;
FILTRE;2014;140000308;140000134;INIT;0;0;0;0;1;0;0;0;0;0;0;0;0;0;0;;0;0;0;;;;;;;;;;;;;0;0;0;0;0;0;0;0;
FILTRE;2014;140000324;140026279;DECLA;0;0;0;0;0;0;0;0;1;0;0;0;0;0;0;0;0;0;0;0;0;0;0;0;0;0;0;0;0;0;1;0;0;0;0;0;0;0;0;
FILTRE;2014;140000324;140026279;INIT;0;0;0;0;0;0;0;0;1;0;0;0;0;0;0;;0;0;0;;;;;;;;;;;;;0;0;0;0;0;0;0;0;
FILTRE;2014;140000340;140025800;DECLA;1;0;0;0;1;0;0;0;0;0;0;0;0;0;0;0;0;0;0;0;0;0;0;0;0;1;0;0;0;1;0;0;0;0;0;0;0;0;0;
FILTRE;2014;140000340;140025800;INIT;1;0;0;0;1;0;1;0;0;0;0;0;0;0;0;;0;0;0;;;;;;;;;;;;;0;0;0;0;0;0;0;0;
FILTRE;2014;140000373;140000159;DECLA;1;0;0;1;1;1;1;0;1;0;1;0;0;1;1;0;1;1;1;1;0;1;0;1;1;1;0;1;0;1;1;0;1;0;0;0;0;0;0;
FILTRE;2014;140000373;140000159;INIT;1;0;0;1;1;1;1;0;1;0;1;0;1;0;1;;1;1;0;;;;;;;;;;;;;0;0;0;0;0;0;0;0;
FILTRE;2014;140000456;140000316;DECLA;0;0;0;1;0;0;0;0;1;0;0;0;0;0;0;0;0;0;0;0;1;0;0;1;0;1;0;0;0;0;1;0;0;0;0;0;0;0;0;
FILTRE;2014;140000456;140000316;INIT;0;0;0;1;0;0;0;0;1;0;0;0;0;0;0;;0;0;0;;;;;;;;;;;;;0;0;0;0;0;0;0;0;
FILTRE;2014;140000555;140000639;DECLA;1;1;0;0;0;0;1;1;0;1;1;0;0;0;0;0;0;0;1;1;1;0;0;1;1;1;0;1;1;1;1;0;1;1;0;0;0;0;0;
FILTRE;2014;140000555;140000639;INIT;1;1;0;0;0;0;1;1;0;1;1;0;0;0;0;;0;0;1;;;;;;;;;;;;;0;0;1;0;0;0;0;0;
FILTRE;2014;140002239;140000415;DECLA;0;0;0;0;1;0;0;0;0;0;0;0;0;0;0;1;0;0;0;0;0;0;0;0;0;0;0;0;0;0;0;0;0;0;0;0;0;0;0;
FILTRE;2014;140002254;140000852;DECLA;0;0;0;0;0;0;0;0;0;0;0;1;0;0;0;0;0;0;0;0;0;0;0;0;0;0;0;0;0;0;0;0;0;0;0;0;0;0;0;
FILTRE;2014;140002254;140000852;INIT;0;0;0;0;0;0;0;0;0;0;0;1;0;0;0;;0;0;0;;;;;;;;;;;;;0;0;0;0;0;0;0;0;
FILTRE;2014;140002452;140025800;DECLA;1;0;0;0;1;0;0;1;0;0;0;0;0;0;0;0;1;0;1;1;0;1;0;1;1;1;0;0;0;0;0;0;0;0;0;0;0;0;0;
FILTRE;2014;140002452;140025800;INIT;1;0;0;0;1;0;1;1;0;0;0;0;0;0;0;;1;0;1;;;;;;;;;;;;;0;0;0;0;0;0;0;0;
FILTRE;2014;140002619;750721334;DECLA;0;0;0;0;0;0;0;0;0;0;0;0;0;0;1;0;0;0;0;0;0;0;0;0;0;0;0;0;0;0;0;0;0;0;0;0;0;0;0;
FILTRE;2014;140002619;750721334;INIT;0;0;0;0;0;0;0;0;0;0;0;0;0;0;1;;0;0;0;;;;;;;;;;;;;0;0;0;0;0;0;0;0;
FILTRE;2014;140004136;140000092;DECLA;0;0;0;1;0;0;0;0;1;0;0;0;0;0;0;0;0;0;0;0;0;0;0;0;0;0;0;0;0;0;0;0;0;0;0;0;0;0;0;
FILTRE;2014;140004136;140000092;INIT;0;0;0;1;0;0;0;0;1;0;0;0;0;0;0;;0;0;0;;;;;;;;;;;;;0;0;0;0;0;0;0;0;
FILTRE;2014;140004383;140000100;DECLA;1;0;0;1;0;0;1;0;1;0;1;1;0;0;0;0;0;0;0;0;1;0;0;0;0;0;1;0;1;1;0;0;1;0;0;0;0;0;0;
FILTRE;2014;140004383;140000100;INIT;0;0;0;1;0;0;0;0;0;0;0;1;1;0;0;;0;0;0;;;;;;;;;;;;;0;0;0;0;0;0;0;0;
FILTRE;2014;140012196;140000100;DECLA;0;0;0;0;0;1;0;0;0;0;0;0;0;0;0;0;0;0;0;0;0;0;0;0;0;0;0;0;0;0;0;0;0;0;0;0;0;0;0;
FILTRE;2014;140012196;140000100;INIT;0;0;0;0;0;1;0;0;0;0;0;0;0;0;0;;0;0;0;;;;;;;;;;;;;0;0;0;0;0;0;0;0;
FILTRE;2014;140013830;140000118;DECLA;0;0;0;0;0;1;0;0;0;0;0;0;0;0;0;0;0;0;0;0;0;0;0;0;0;0;0;0;0;0;0;0;0;0;0;0;0;0;0;
FILTRE;2014;140013830;140000118;INIT;0;0;0;0;0;1;0;0;0;0;0;0;0;0;0;;0;0;0;;;;;;;;;;;;;0;0;0;0;0;0;0;0;
FILTRE;2014;140015975;310021092;DECLA;0;0;0;0;1;0;0;0;0;0;0;0;0;0;0;0;0;0;0;0;0;0;0;1;0;1;1;0;0;0;1;0;0;0;0;0;0;0;0;
FILTRE;2014;140016106;140000035;DECLA;0;0;0;0;0;0;0;0;1;0;0;0;0;0;0;0;0;0;0;0;0;0;0;0;0;0;0;0;0;0;0;0;0;0;0;0;0;0;0;
FILTRE;2014;140016106;140000035;INIT;0;0;0;0;0;0;0;0;1;0;0;0;0;0;0;;0;0;0;;;;;;;;;;;;;0;0;0;0;0;0;0;0;
FILTRE;2014;140016155;140027426;DECLA;0;0;0;0;0;0;0;0;0;0;0;0;0;0;1;0;0;0;0;0;0;0;0;0;0;0;1;0;0;0;0;0;0;0;0;0;0;0;0;
FILTRE;2014;140016155;140027426;INIT;0;0;0;0;0;0;0;0;0;0;0;0;0;0;1;;0;0;0;;;;;;;;;;;;;0;0;0;0;0;0;0;0;
FILTRE;2014;140016759;140003146;DECLA;1;1;1;0;0;0;1;1;0;0;1;0;1;0;0;0;1;0;1;1;1;1;1;1;1;1;1;0;1;1;1;0;1;1;0;0;0;0;0;
FILTRE;2014;140016759;140003146;INIT;1;1;1;0;0;0;1;1;0;0;1;0;1;0;0;;1;0;1;;;;;;;;;;;;;0;0;1;0;0;0;0;0;
FILTRE;2014;140017237;140003278;DECLA;1;1;0;0;0;0;1;1;0;0;0;1;0;0;0;0;1;0;1;1;0;0;0;1;1;1;0;0;0;0;0;1;1;1;1;0;0;0;1;
FILTRE;2014;140017237;140003278;INIT;1;1;0;0;0;0;1;1;0;0;0;1;0;0;0;;1;0;1;;;;;;;;;;;;;1;1;1;1;0;0;0;1;
FILTRE;2014;140017278;610787285;DECLA;0;0;0;0;1;0;0;0;0;0;0;0;0;0;0;1;0;0;0;0;0;0;0;1;0;1;0;0;0;0;0;0;0;0;0;0;0;0;0;
FILTRE;2014;140017278;610787285;INIT;0;0;0;0;1;0;0;0;0;0;0;0;0;0;0;;0;0;0;;;;;;;;;;;;;0;0;0;0;0;0;0;0;
FILTRE;2014;140017401;140000092;DECLA;0;0;0;0;0;1;0;0;0;0;0;0;0;0;0;0;0;0;0;0;0;0;0;0;0;0;0;0;0;0;0;0;0;0;0;0;0;0;0;
FILTRE;2014;140017401;140000092;INIT;0;0;0;0;0;1;0;0;0;0;0;0;0;0;0;;0;0;0;;;;;;;;;;;;;0;0;0;0;0;0;0;0;
FILTRE;2014;140018730;140000423;DECLA;0;1;0;0;0;0;0;1;0;0;0;0;0;0;0;0;0;0;1;0;0;0;0;1;1;1;1;0;0;0;0;0;1;1;0;0;0;0;0;
FILTRE;2014;140018730;140000423;INIT;0;1;0;0;0;0;0;1;0;0;0;0;0;0;0;;0;0;1;;;;;;;;;;;;;0;0;1;0;0;0;0;0;
FILTRE;2014;140019175;930019484;DECLA;0;0;0;0;1;0;0;0;0;0;0;0;0;0;0;0;0;0;0;0;0;0;0;0;0;0;0;0;0;0;1;0;0;0;0;0;0;0;0;
FILTRE;2014;140019175;930019484;INIT;0;0;0;0;1;0;0;0;0;0;0;0;0;0;0;;0;0;0;;;;;;;;;;;;;0;0;0;0;0;0;0;0;
FILTRE;2014;140024886;140000092;DECLA;1;1;1;0;1;0;1;1;0;0;1;0;1;0;0;1;1;1;1;1;1;1;1;1;1;1;0;1;1;1;1;0;1;1;0;0;0;0;0;
FILTRE;2014;140024886;140000092;INIT;1;1;1;0;0;1;1;1;0;0;1;0;1;0;0;;1;1;1;;;;;;;;;;;;;0;1;1;0;0;0;0;0;
FILTRE;2014;140025123;310021126;DECLA;0;0;0;0;1;0;0;0;0;0;0;0;0;0;0;0;0;0;0;0;0;0;0;1;0;1;0;0;0;0;0;0;0;0;0;0;0;0;0;
FILTRE;2014;140025123;310021126;INIT;0;0;0;0;1;0;0;0;0;0;0;0;0;0;0;;0;0;0;;;;;;;;;;;;;0;0;0;0;0;0;0;0;
FILTRE;2014;140025255;310020383;DECLA;0;0;0;0;1;0;0;0;0;0;0;0;0;0;0;0;0;0;0;0;0;0;0;1;0;1;1;0;0;0;1;0;0;0;0;0;0;0;0;
FILTRE;2014;140025255;310020383;INIT;0;0;0;0;1;0;0;0;0;0;0;0;0;0;0;;0;0;0;;;;;;;;;;;;;0;0;0;0;0;0;0;0;
FILTRE;2014;140025362;140000092;DECLA;0;0;0;0;1;0;0;0;0;0;0;0;0;0;0;0;0;0;0;0;0;0;0;0;0;0;0;0;0;0;0;0;0;0;0;0;0;0;0;
FILTRE;2014;140025362;140000092;INIT;0;0;0;0;1;0;0;0;0;0;0;0;0;0;0;;0;0;0;;;;;;;;;;;;;0;0;0;0;0;0;0;0;
FILTRE;2014;140025487;140000092;DECLA;0;0;0;0;1;0;0;0;0;0;0;0;0;0;0;0;0;0;0;0;0;0;0;0;0;0;0;0;0;0;0;0;0;0;0;0;0;0;0;
FILTRE;2014;140025487;140000092;INIT;0;0;0;0;1;0;0;0;0;0;0;0;0;0;0;;0;0;0;;;;;;;;;;;;;0;0;0;0;0;0;0;0;
FILTRE;2014;140026410;140026279;DECLA;1;0;1;0;1;0;1;0;0;0;1;0;1;0;0;0;1;1;1;0;0;1;0;1;0;1;1;0;0;0;1;0;1;0;0;0;0;0;0;
FILTRE;2014;140026410;140026279;INIT;1;0;1;0;1;0;1;0;0;0;0;0;1;0;0;;1;1;0;;;;;;;;;;;;;0;0;0;0;0;0;0;0;
FILTRE;2014;140026709;140000415;DECLA;0;1;0;0;0;0;0;1;0;0;0;0;0;1;0;0;0;0;1;0;0;0;0;1;0;1;0;0;0;0;0;0;1;1;0;0;0;0;0;
FILTRE;2014;140026709;140000415;INIT;0;1;0;0;0;0;0;1;0;0;0;0;1;0;0;;0;0;1;;;;;;;;;;;;;0;0;1;0;0;0;0;0;
FILTRE;2014;140027434;140000852;DECLA;0;0;0;0;0;0;0;0;0;0;0;1;0;0;0;0;0;0;0;0;0;0;0;0;0;0;0;0;0;0;0;0;0;0;0;0;0;0;0;
FILTRE;2014;140027434;140000852;INIT;0;0;0;0;0;0;0;0;0;0;0;1;0;0;0;;0;0;0;;;;;;;;;;;;;0;0;0;0;0;0;0;0;
FILTRE;2014;140027681;610004939;DECLA;0;0;0;0;1;0;0;0;0;0;0;0;0;0;0;0;0;0;0;0;0;0;0;1;0;1;0;0;0;0;0;0;0;0;0;0;0;0;0;
FILTRE;2014;140027681;610004939;INIT;0;0;0;0;1;0;0;0;0;0;0;0;0;0;0;;0;0;0;;;;;;;;;;;;;0;0;0;0;0;0;0;0;
FILTRE;2014;140027731;720020171;DECLA;0;0;0;0;0;0;0;0;0;1;0;0;0;0;0;0;0;0;0;0;0;0;0;0;0;0;0;0;0;0;0;0;0;0;0;0;0;0;0;
FILTRE;2014;140027731;720020171;INIT;0;0;0;0;0;0;0;0;0;1;0;0;0;0;0;;0;0;0;;;;;;;;;;;;;0;0;0;0;0;0;0;0;
FILTRE;2014;150000024;150780047;DECLA;1;0;0;0;0;0;0;0;0;0;0;0;0;0;0;0;0;0;0;0;0;0;0;1;0;1;0;1;0;0;0;0;0;0;0;0;0;0;0;
FILTRE;2014;150000024;150780047;INIT;1;0;0;0;0;0;0;0;0;0;0;0;0;0;0;;0;0;0;;;;;;;;;;;;;0;0;0;0;0;0;0;0;
FILTRE;2014;150000032;150780088;DECLA;1;1;1;0;0;1;1;1;0;0;1;0;1;1;0;0;1;1;1;1;0;1;1;1;1;1;1;0;0;1;0;0;1;1;0;0;0;0;0;
FILTRE;2014;150000032;150780088;INIT;1;1;1;0;0;1;1;1;0;0;0;0;1;0;1;;1;1;1;;;;;;;;;;;;;0;0;1;0;0;0;0;0;
FILTRE;2014;150000040;150780096;DECLA;1;1;1;1;1;1;1;1;1;0;1;0;1;0;1;1;1;1;1;1;1;1;1;1;1;1;1;1;1;1;1;1;1;1;0;0;0;0;0;
FILTRE;2014;150000040;150780096;INIT;1;1;1;1;1;1;1;1;1;0;1;0;1;0;1;;1;1;1;;;;;;;;;;;;;1;1;1;0;0;0;0;0;
FILTRE;2014;150000149;150780393;DECLA;0;0;0;0;1;0;0;0;0;0;0;0;0;0;0;0;0;0;0;0;0;0;0;1;0;0;0;0;0;0;0;0;0;0;0;0;0;0;0;
FILTRE;2014;150000149;150780393;INIT;0;0;0;0;1;0;0;0;0;0;0;0;0;0;0;;0;0;0;;;;;;;;;;;;;0;0;0;0;0;0;0;0;
FILTRE;2014;150000164;150780468;DECLA;1;0;0;0;1;1;1;0;0;0;0;0;0;1;0;0;1;1;0;1;0;0;0;1;0;1;1;0;0;1;1;0;0;0;0;0;0;0;0;
FILTRE;2014;150000164;150780468;INIT;1;0;0;0;1;1;0;0;0;0;0;1;0;1;0;;1;0;0;;;;;;;;;;;;;0;0;0;0;0;0;0;0;
FILTRE;2014;150000180;150780500;DECLA;1;0;0;0;1;1;0;0;0;0;0;0;0;0;0;0;0;0;0;1;0;0;0;1;0;1;1;0;0;0;1;0;0;0;0;0;0;0;0;
FILTRE;2014;150000180;150780500;INIT;1;0;0;0;1;1;0;0;0;0;0;0;0;0;0;;0;0;0;;;;;;;;;;;;;0;0;0;0;0;0;0;0;
FILTRE;2014;150001758;630000990;DECLA;0;0;0;0;0;0;0;0;0;0;0;1;0;0;0;0;0;0;0;0;0;0;0;0;0;0;0;0;0;0;0;0;0;0;0;0;0;0;0;
FILTRE;2014;150001758;630000990;INIT;0;0;0;0;0;0;0;0;0;0;0;1;0;0;0;;0;0;0;;;;;;;;;;;;;0;0;0;0;0;0;0;0;
FILTRE;2014;150002608;660006370;DECLA;0;0;0;0;1;0;0;0;0;0;0;0;0;0;0;0;0;0;0;0;0;1;0;1;0;1;1;0;0;0;0;0;0;0;0;0;0;0;0;
FILTRE;2014;150002608;660006370;INIT;0;0;0;0;1;0;0;0;0;0;0;0;0;0;0;;0;0;0;;;;;;;;;;;;;0;0;0;0;0;0;0;0;
FILTRE;2014;150002921;150780468;DECLA;0;0;0;0;0;1;0;0;0;0;0;0;0;0;0;0;0;0;0;0;0;0;0;1;0;0;0;0;0;0;1;0;0;0;0;0;0;0;0;
FILTRE;2014;150002921;150780468;INIT;0;0;0;0;0;1;0;0;0;0;0;0;0;0;0;;0;0;0;;;;;;;;;;;;;0;0;0;0;0;0;0;0;
FILTRE;2014;150780120;150000065;DECLA;1;0;0;0;1;0;0;0;0;0;0;0;0;0;0;0;0;0;0;1;0;0;0;1;0;1;1;0;0;0;1;0;0;0;0;0;0;0;0;
FILTRE;2014;150780120;150000065;INIT;1;0;0;0;1;0;0;0;0;0;0;0;0;0;0;;0;0;0;;;;;;;;;;;;;0;0;0;0;0;0;0;0;
FILTRE;2014;150780708;870015336;DECLA;0;0;0;0;1;0;0;0;0;0;0;0;0;0;0;0;0;0;0;0;0;0;0;0;0;0;0;0;0;0;0;0;0;0;0;0;0;0;0;
FILTRE;2014;150780708;870015336;INIT;0;0;0;0;1;0;0;0;0;0;0;0;0;0;0;;0;0;0;;;;;;;;;;;;;0;0;0;0;0;0;0;0;
FILTRE;2014;150780732;150000271;DECLA;1;1;1;0;1;0;1;1;0;1;1;1;1;0;0;0;0;0;1;1;0;1;0;1;1;1;0;0;0;0;0;0;1;1;0;0;0;0;0;
FILTRE;2014;150780732;150000271;INIT;1;1;0;0;1;0;0;1;0;1;1;1;1;0;0;;0;0;1;;;;;;;;;;;;;0;1;1;0;0;0;0;0;
FILTRE;2014;150780773;150780088;DECLA;0;0;0;1;0;0;0;0;1;0;0;0;0;0;0;0;0;0;0;0;0;0;0;0;0;0;0;0;0;0;0;0;0;0;0;0;0;0;0;
FILTRE;2014;150780773;150780088;INIT;0;0;0;1;0;0;0;0;1;0;0;0;0;0;0;;0;0;0;;;;;;;;;;;;;0;0;0;0;0;0;0;0;
FILTRE;2014;150780823;150780096;DECLA;0;0;0;1;0;0;0;0;1;0;0;0;0;0;0;0;0;0;0;0;0;0;0;0;0;0;0;0;0;0;0;0;0;0;0;0;0;0;0;
FILTRE;2014;150780823;150780096;INIT;0;0;0;1;0;0;0;0;1;0;0;0;0;0;0;;0;0;0;;;;;;;;;;;;;0;0;0;0;0;0;0;0;
FILTRE;2014;150782944;150002566;DECLA;0;0;0;1;0;0;0;0;1;0;0;0;0;0;0;0;0;0;0;0;0;0;0;0;0;0;0;0;0;0;0;0;0;0;0;0;0;0;0;
FILTRE;2014;150782944;150002566;INIT;0;0;0;1;0;0;0;0;1;0;0;0;0;0;0;;0;0;0;;;;;;;;;;;;;0;0;0;0;0;0;0;0;
FILTRE;2014;160000154;160006037;DECLA;0;0;0;0;1;0;0;0;0;0;0;0;0;0;0;0;0;0;0;0;0;0;0;0;0;0;0;0;0;0;0;0;0;0;0;0;0;0;0;
FILTRE;2014;160000154;160006037;INIT;0;0;0;0;1;0;0;0;0;0;0;0;0;0;0;;0;0;0;;;;;;;;;;;;;0;0;0;0;0;0;0;0;
FILTRE;2014;160000170;160000204;DECLA;0;1;0;0;0;0;0;1;0;0;0;0;0;0;0;0;0;0;1;1;0;0;1;1;1;1;0;0;0;0;0;0;1;1;0;0;0;0;0;
FILTRE;2014;160000170;160000204;INIT;0;1;0;0;0;0;0;1;0;0;0;0;0;0;0;;0;0;1;;;;;;;;;;;;;0;0;1;0;0;0;0;0;
FILTRE;2014;160000188;160000121;DECLA;1;0;0;0;1;1;1;0;0;0;0;0;0;0;0;0;0;0;0;0;0;0;0;1;0;1;0;0;0;0;1;0;0;0;0;0;0;0;0;
FILTRE;2014;160000188;160000121;INIT;1;0;0;0;1;1;1;0;0;0;0;0;0;0;0;;0;0;0;;;;;;;;;;;;;0;0;0;0;0;0;0;0;
FILTRE;2014;160000253;160000451;DECLA;1;1;1;0;1;1;1;1;0;0;1;1;1;0;0;1;1;1;1;1;1;1;1;1;1;1;1;1;1;1;1;1;1;1;0;0;0;0;0;
FILTRE;2014;160000253;160000451;INIT;1;1;1;0;1;1;1;1;0;0;1;1;1;0;0;;1;1;1;;;;;;;;;;;;;1;1;1;0;0;0;0;0;
FILTRE;2014;160000261;160014411;DECLA;0;0;0;0;1;0;0;0;0;0;0;0;0;0;0;0;0;0;0;0;0;0;0;0;0;0;0;0;0;0;0;0;0;0;0;0;0;0;0;
FILTRE;2014;160000261;160014411;INIT;0;0;0;0;1;0;0;0;0;0;0;0;0;0;0;;0;0;0;;;;;;;;;;;;;0;0;0;0;0;0;0;0;
FILTRE;2014;160000279;160000212;DECLA;1;1;0;0;0;0;0;1;0;0;0;0;0;0;0;0;0;0;1;0;0;0;0;1;1;1;0;0;0;0;0;0;0;1;0;0;0;0;0;
FILTRE;2014;160000279;160000212;INIT;0;1;0;0;0;0;0;1;0;0;0;0;0;0;0;;0;0;1;;;;;;;;;;;;;0;0;1;0;0;0;0;0;
FILTRE;2014;160000303;160006037;DECLA;1;0;0;0;1;1;1;0;0;0;0;0;0;1;0;0;1;1;1;1;1;1;0;1;0;1;0;1;0;1;1;0;1;0;0;0;0;0;0;
FILTRE;2014;160000303;160006037;INIT;1;0;0;0;1;1;1;0;0;0;0;0;0;0;0;;1;1;0;;;;;;;;;;;;;0;0;0;0;0;0;0;0;
FILTRE;2014;160000311;160000485;DECLA;1;0;0;0;1;0;1;0;0;0;0;0;0;0;0;0;1;1;1;1;0;0;0;1;1;1;0;0;0;1;0;0;1;0;0;0;0;0;0;
FILTRE;2014;160000311;160000485;INIT;1;0;0;0;1;0;1;0;0;0;0;0;0;0;0;;1;1;0;;;;;;;;;;;;;0;0;0;0;0;0;0;0;
FILTRE;2014;160000337;160000493;DECLA;1;0;0;0;1;0;1;0;0;0;0;0;1;0;0;0;1;1;1;1;0;1;1;1;1;1;1;1;0;1;1;0;1;0;0;0;0;0;0;
FILTRE;2014;160000337;160000493;INIT;1;0;0;0;1;0;1;1;0;0;0;0;1;0;0;;1;1;1;;;;;;;;;;;;;0;0;0;0;0;0;0;0;
FILTRE;2014;160000345;160000501;DECLA;0;0;0;1;0;0;0;0;1;0;0;0;0;0;0;0;0;0;0;0;0;0;0;1;0;1;0;0;0;0;1;0;0;0;0;0;0;0;0;
FILTRE;2014;160000345;160000501;INIT;0;0;0;1;0;0;0;0;1;0;0;0;0;0;0;;0;0;0;;;;;;;;;;;;;0;0;0;0;0;0;0;0;
FILTRE;2014;160000360;160000519;DECLA;1;0;0;0;1;1;0;0;0;0;0;0;0;0;0;0;0;0;0;0;0;0;0;1;0;1;0;1;0;1;1;0;0;0;0;0;0;0;0;
FILTRE;2014;160000360;160000519;INIT;1;0;0;0;1;1;1;0;0;0;0;0;0;0;0;;0;0;0;;;;;;;;;;;;;0;0;0;0;0;0;0;0;
FILTRE;2014;160002036;160009908;DECLA;0;0;0;0;0;0;0;0;0;0;0;0;0;0;1;0;0;0;0;0;0;0;0;0;0;1;0;0;0;0;0;0;0;0;0;0;0;0;0;
FILTRE;2014;160002036;160009908;INIT;0;0;0;0;0;0;0;0;0;0;0;0;0;0;1;;0;0;0;;;;;;;;;;;;;0;0;0;0;0;0;0;0;
FILTRE;2014;160006110;860000348;DECLA;0;0;0;0;0;0;0;0;0;0;0;1;0;0;0;0;0;0;0;0;0;0;0;1;0;0;0;0;0;0;0;0;0;0;0;0;0;0;0;
FILTRE;2014;160006110;860000348;INIT;0;0;0;0;0;0;0;0;0;0;0;1;0;0;0;;0;0;0;;;;;;;;;;;;;0;0;0;0;0;0;0;0;
FILTRE;2014;160006391;160000485;DECLA;0;0;0;0;0;1;0;0;0;0;0;0;0;0;0;0;0;0;0;0;0;0;0;0;0;0;0;0;0;0;0;0;0;0;0;0;0;0;0;
FILTRE;2014;160006391;160000485;INIT;0;0;0;0;0;1;0;0;0;0;0;0;0;0;0;;0;0;0;;;;;;;;;;;;;0;0;0;0;0;0;0;0;
FILTRE;2014;160006409;160014411;DECLA;0;0;0;0;0;1;0;0;0;0;0;0;0;0;0;0;0;0;0;0;0;0;0;0;0;0;0;0;0;0;0;0;0;0;0;0;0;0;0;
FILTRE;2014;160006409;160014411;INIT;0;0;0;0;0;1;0;0;0;0;0;0;0;0;0;;0;0;0;;;;;;;;;;;;;0;0;0;0;0;0;0;0;
FILTRE;2014;160008231;160001038;DECLA;0;0;0;1;0;0;0;0;0;0;0;0;0;0;0;0;0;0;0;0;0;0;0;1;0;1;0;0;0;0;0;0;0;0;0;0;0;0;0;
FILTRE;2014;160008231;160001038;INIT;0;0;0;1;0;0;0;0;0;0;0;0;0;0;0;;0;0;0;;;;;;;;;;;;;0;0;0;0;0;0;0;0;
FILTRE;2014;160009080;160001574;DECLA;0;0;0;0;1;0;0;0;0;0;0;0;0;0;0;0;0;0;0;0;0;0;0;1;0;1;0;0;0;0;0;0;0;0;0;0;0;0;0;
FILTRE;2014;160009080;160001574;INIT;0;0;0;0;1;0;0;0;0;0;0;0;0;0;0;;0;0;0;;;;;;;;;;;;;0;0;0;0;0;0;0;0;
FILTRE;2014;160012159;860000348;DECLA;0;0;0;0;0;0;0;0;0;0;0;1;0;0;0;0;0;0;0;0;0;0;0;1;0;0;0;0;0;0;0;0;0;0;0;0;0;0;0;
FILTRE;2014;160012159;860000348;INIT;0;0;0;0;0;0;0;0;0;0;0;1;0;0;0;;0;0;0;;;;;;;;;;;;;0;0;0;0;0;0;0;0;
FILTRE;2014;160012209;160012191;DECLA;0;0;0;0;1;0;0;0;0;0;0;0;0;0;0;0;0;0;0;0;0;0;0;0;0;0;0;0;0;0;0;0;0;0;0;0;0;0;0;
FILTRE;2014;160012209;160012191;INIT;0;0;0;0;1;0;0;0;0;0;0;0;0;0;0;;0;0;0;;;;;;;;;;;;;0;0;0;0;0;0;0;0;
FILTRE;2014;160013207;160001632;DECLA;1;1;1;0;0;0;1;1;0;0;1;0;1;0;0;0;0;0;1;0;0;0;0;1;1;1;0;0;1;1;1;0;1;1;0;0;0;0;0;
FILTRE;2014;160013207;160001632;INIT;1;1;1;0;0;0;1;1;0;0;1;0;1;0;0;;0;0;1;;;;;;;;;;;;;0;0;1;0;0;0;0;0;
FILTRE;2014;160014650;160014643;DECLA;0;0;0;0;0;0;1;0;0;1;0;0;0;0;0;0;0;0;0;0;0;0;0;0;0;0;0;0;0;0;0;0;0;0;0;0;0;0;0;
FILTRE;2014;160014650;160014643;INIT;0;0;0;0;0;0;0;0;0;1;0;0;0;0;0;;0;0;0;;;;;;;;;;;;;0;0;0;0;0;0;0;0;
FILTRE;2014;160015368;160014411;DECLA;1;0;1;0;0;0;1;0;0;0;1;0;1;0;0;0;1;1;1;1;0;1;0;1;0;1;0;0;0;1;1;0;1;0;0;0;0;0;0;
FILTRE;2014;160015368;160014411;INIT;1;0;1;0;0;0;1;0;0;0;1;0;1;0;0;;1;1;0;;;;;;;;;;;;;0;0;0;0;0;0;0;0;
FILTRE;2014;170000038;170780050;DECLA;1;1;1;0;1;0;1;1;0;0;1;0;1;1;0;1;1;1;1;1;1;1;0;1;1;1;0;0;0;1;1;0;1;1;0;0;0;0;0;
FILTRE;2014;170000038;170780050;INIT;1;1;0;0;1;0;1;1;1;0;0;0;1;0;0;;1;1;1;;;;;;;;;;;;;0;0;1;0;0;0;0;0;
FILTRE;2014;170000061;170780118;DECLA;0;0;0;0;1;0;0;0;0;0;0;0;0;0;0;0;0;0;0;0;0;0;0;1;0;0;0;0;0;1;0;0;0;0;0;0;0;0;0;
FILTRE;2014;170000061;170780118;INIT;0;0;0;0;1;0;0;0;0;0;0;0;0;0;0;;0;0;0;;;;;;;;;;;;;0;0;0;0;0;0;0;0;
FILTRE;2014;170000079;170780142;DECLA;1;0;0;0;1;0;1;0;0;0;0;0;0;0;0;0;0;1;0;0;0;0;0;1;0;1;0;0;0;0;1;0;0;0;0;0;0;0;0;
FILTRE;2014;170000079;170780142;INIT;1;0;0;0;1;0;1;0;0;0;0;0;0;0;0;;0;0;0;;;;;;;;;;;;;0;0;0;0;0;0;0;0;
FILTRE;2014;170000087;170023279;DECLA;1;1;1;0;0;0;1;1;0;0;1;1;1;0;1;0;1;1;1;1;1;1;1;1;1;1;0;1;1;1;1;1;1;1;0;0;0;0;0;
FILTRE;2014;170000087;170023279;INIT;1;1;1;0;0;0;1;1;0;0;1;1;1;0;1;;1;1;1;;;;;;;;;;;;;1;1;1;0;0;0;0;0;
FILTRE;2014;170000095;170780167;DECLA;1;1;1;0;1;0;1;1;0;0;0;0;1;0;0;1;1;1;1;1;0;1;0;1;1;1;1;0;0;1;0;0;1;1;0;0;0;0;0;
FILTRE;2014;170000095;170780167;INIT;1;1;1;0;1;0;1;1;0;0;0;0;1;0;0;;1;1;1;;;;;;;;;;;;;0;0;1;0;0;0;0;0;
FILTRE;2014;170000103;170780175;DECLA;1;1;1;1;0;0;1;1;1;1;1;1;1;0;1;0;1;1;1;1;0;1;0;1;1;1;0;1;0;1;0;1;1;1;0;0;0;0;0;
FILTRE;2014;170000103;170780175;INIT;1;1;1;1;0;0;1;1;1;1;1;1;1;0;1;;1;1;1;;;;;;;;;;;;;1;1;1;0;0;0;0;0;
FILTRE;2014;170000111;170023279;DECLA;1;0;0;0;1;0;1;0;0;0;0;0;0;0;0;0;0;0;0;0;0;0;0;1;1;1;0;0;0;0;0;0;0;0;0;0;0;0;0;
FILTRE;2014;170000111;170023279;INIT;1;0;0;0;1;0;1;0;0;0;0;0;0;0;0;;0;0;0;;;;;;;;;;;;;0;0;0;0;0;0;0;0;
FILTRE;2014;170000129;170780191;DECLA;1;0;0;0;1;0;1;0;0;0;1;0;0;0;0;0;0;1;1;1;0;1;1;1;0;1;1;0;0;1;1;0;1;0;0;0;0;0;0;
FILTRE;2014;170000129;170780191;INIT;1;0;0;0;1;0;1;0;0;0;0;0;0;0;0;;0;1;0;;;;;;;;;;;;;0;0;0;0;0;0;0;0;
FILTRE;2014;170000137;170780209;DECLA;0;0;0;0;1;0;0;0;0;0;0;0;0;0;0;0;0;0;0;0;0;0;0;0;1;0;0;0;0;0;1;0;0;0;0;0;0;0;0;
FILTRE;2014;170000137;170780209;INIT;0;0;0;0;1;0;0;0;0;0;0;0;0;0;0;;0;0;0;;;;;;;;;;;;;0;0;0;0;0;0;0;0;
FILTRE;2014;170000152;170780225;DECLA;1;1;1;0;1;1;1;1;0;0;1;0;1;0;0;1;1;1;1;1;1;1;0;1;1;1;1;1;1;1;0;0;1;1;0;0;0;0;0;
FILTRE;2014;170000152;170780225;INIT;1;1;1;0;1;1;1;1;0;0;1;0;1;0;0;;1;1;1;;;;;;;;;;;;;0;0;1;0;0;0;0;0;
FILTRE;2014;170000178;170780266;DECLA;1;0;0;0;1;0;1;0;0;0;0;0;0;0;0;0;0;0;0;1;0;0;0;1;1;1;0;0;0;0;1;0;0;0;0;0;0;0;0;
FILTRE;2014;170000178;170780266;INIT;1;0;0;0;1;0;1;0;0;0;0;0;0;0;0;;0;0;0;;;;;;;;;;;;;0;0;0;0;0;0;0;0;
FILTRE;2014;170020994;170780175;DECLA;0;0;0;0;0;0;0;0;1;0;0;0;0;0;0;0;0;0;0;0;0;0;0;0;0;0;0;0;0;0;0;0;0;0;0;0;0;0;0;
FILTRE;2014;170020994;170780175;INIT;0;0;0;0;0;0;0;0;1;0;0;0;0;0;0;;0;0;0;;;;;;;;;;;;;0;0;0;0;0;0;0;0;
FILTRE;2014;170021661;170020432;DECLA;0;0;0;0;0;0;0;0;0;0;0;0;0;0;1;0;0;0;0;0;0;0;0;0;0;0;0;0;0;0;0;0;0;0;0;0;0;0;0;
FILTRE;2014;170021661;170020432;INIT;0;0;0;0;0;0;0;0;0;0;0;0;0;0;1;;0;0;0;;;;;;;;;;;;;0;0;0;0;0;0;0;0;
FILTRE;2014;170022065;170022057;DECLA;1;0;0;0;0;0;0;0;0;0;0;0;0;0;0;0;1;0;0;0;0;0;0;0;0;0;0;0;0;0;0;0;0;0;0;0;0;0;0;
FILTRE;2014;170022065;170022057;INIT;1;0;0;0;0;0;1;0;0;0;0;0;0;0;0;;1;0;0;;;;;;;;;;;;;0;0;0;0;0;0;0;0;
FILTRE;2014;170022818;170022057;DECLA;0;0;0;0;0;0;0;0;0;0;0;0;0;0;0;0;1;0;0;0;0;0;0;0;0;0;1;0;0;0;0;;;;;;;;;
FILTRE;2014;170022818;170022057;INIT;1;0;0;0;0;0;1;0;0;0;0;0;0;0;0;;1;0;0;;;;;;;;;;;;;0;0;0;0;0;0;0;0;
FILTRE;2014;170022826;170022057;DECLA;0;0;0;0;0;0;0;0;0;0;0;0;0;0;0;0;1;0;0;0;0;0;0;0;0;0;0;0;0;0;0;0;0;0;0;0;0;0;0;
FILTRE;2014;170022826;170022057;INIT;1;0;0;0;0;0;1;0;0;0;0;0;0;0;0;;1;0;0;;;;;;;;;;;;;0;0;0;0;0;0;0;0;
FILTRE;2014;170780043;750721334;DECLA;0;0;0;0;1;0;0;0;0;0;0;0;0;0;0;0;0;0;0;0;0;0;0;1;0;0;0;0;0;0;0;0;0;0;0;0;0;0;0;
FILTRE;2014;170780043;750721334;INIT;0;0;0;0;1;0;0;0;0;0;0;0;0;0;0;;0;0;0;;;;;;;;;;;;;0;0;0;0;0;0;0;0;
FILTRE;2014;170780068;170000046;DECLA;0;0;0;0;1;0;0;0;0;0;0;0;0;0;0;0;0;0;0;0;0;0;0;0;0;0;0;0;0;0;0;0;0;0;0;0;0;0;0;
FILTRE;2014;170780068;170000046;INIT;0;0;0;0;1;0;0;0;0;0;0;0;0;0;0;;0;0;0;;;;;;;;;;;;;0;0;0;0;0;0;0;0;
FILTRE;2014;170780100;310021357;DECLA;0;0;0;0;1;0;0;0;0;0;0;0;0;0;0;0;0;0;0;0;0;0;0;1;0;0;0;0;0;0;0;0;0;0;0;0;0;0;0;
FILTRE;2014;170780100;310021357;INIT;0;0;0;0;1;0;0;0;0;0;0;0;0;0;0;;0;0;0;;;;;;;;;;;;;0;0;0;0;0;0;0;0;
FILTRE;2014;170780282;170000186;DECLA;0;0;0;1;0;0;0;0;0;0;0;0;0;0;0;0;0;0;0;0;0;0;0;1;0;1;0;0;0;0;0;0;0;0;0;0;0;0;0;
FILTRE;2014;170780282;170000186;INIT;0;0;0;1;0;0;0;0;0;0;0;0;0;0;0;;0;0;0;;;;;;;;;;;;;0;0;0;0;0;0;0;0;
FILTRE;2014;170780290;170000194;DECLA;0;0;0;1;0;0;0;0;0;0;0;0;0;0;0;0;0;0;0;0;0;0;0;1;0;1;0;0;0;0;0;0;0;0;0;0;0;0;0;
FILTRE;2014;170780290;170000194;INIT;0;0;0;1;0;0;0;0;0;0;0;0;0;0;0;;0;0;0;;;;;;;;;;;;;0;0;0;0;0;0;0;0;
FILTRE;2014;170780563;170000251;DECLA;0;1;1;0;0;0;0;1;0;0;0;0;1;0;0;0;0;0;1;1;0;1;0;1;1;1;0;0;0;0;0;0;0;1;0;0;0;0;0;
FILTRE;2014;170780563;170000251;INIT;0;1;1;0;0;0;0;1;0;0;0;0;1;0;0;;0;0;1;;;;;;;;;;;;;0;0;1;0;0;0;0;0;
FILTRE;2014;170780613;170000277;DECLA;0;1;1;0;0;0;0;1;0;0;1;0;1;0;0;0;0;0;1;0;0;0;0;1;1;1;0;0;0;0;0;0;1;1;0;0;0;0;0;
FILTRE;2014;170780613;170000277;INIT;0;1;1;0;0;0;0;1;0;0;0;0;1;0;0;;0;0;1;;;;;;;;;;;;;0;0;1;0;0;0;0;0;
FILTRE;2014;170780621;170000285;DECLA;0;1;0;0;1;0;0;1;0;0;0;0;0;0;0;0;0;0;1;1;0;0;0;1;1;1;1;0;0;0;0;0;0;1;0;0;0;0;0;
FILTRE;2014;170780621;170000285;INIT;0;1;0;0;1;0;0;1;0;0;0;0;0;0;0;;0;0;1;;;;;;;;;;;;;0;0;1;0;0;0;0;0;
FILTRE;2014;170780647;170000301;DECLA;0;1;0;0;0;0;0;1;0;0;0;0;0;0;0;0;0;0;1;1;0;1;0;1;1;1;0;1;0;0;0;0;0;1;0;0;0;0;0;
FILTRE;2014;170780647;170000301;INIT;0;1;0;0;0;0;0;1;0;0;0;0;0;0;0;;0;0;1;;;;;;;;;;;;;0;0;1;0;0;0;0;0;
FILTRE;2014;170780662;170024053;DECLA;0;1;0;0;0;0;0;1;0;0;0;0;0;0;0;0;0;0;1;0;0;0;0;1;1;1;0;0;0;0;0;0;0;1;0;0;0;0;0;
FILTRE;2014;170780662;170024053;INIT;0;1;0;0;0;0;0;1;0;0;0;0;0;0;0;;0;0;1;;;;;;;;;;;;;0;0;1;0;0;0;0;0;
FILTRE;2014;170780803;170017321;DECLA;0;0;0;0;1;0;0;0;0;0;0;0;0;0;0;0;0;0;0;1;0;0;0;1;0;1;0;0;0;0;0;0;0;0;0;0;0;0;0;
FILTRE;2014;170780803;170017321;INIT;0;0;0;0;1;0;0;0;0;0;0;0;0;0;0;;0;0;0;;;;;;;;;;;;;0;0;0;0;0;0;0;0;
FILTRE;2014;170781199;170000400;DECLA;0;0;0;0;1;0;0;0;0;0;0;0;0;0;0;0;0;0;0;0;0;0;0;1;0;1;0;0;0;0;1;0;0;0;0;0;0;0;0;
FILTRE;2014;170781199;170000400;INIT;0;0;0;0;1;0;0;0;0;0;0;0;0;0;0;;0;0;0;;;;;;;;;;;;;0;0;0;0;0;0;0;0;
FILTRE;2014;170782981;170023279;DECLA;0;0;0;1;0;0;0;0;1;0;0;0;0;0;0;0;0;0;0;0;0;0;0;1;1;1;0;0;0;0;0;0;0;0;0;0;0;0;0;
FILTRE;2014;170782981;170023279;INIT;0;0;0;1;0;0;0;0;1;0;0;0;0;0;0;;0;0;0;;;;;;;;;;;;;0;0;0;0;0;0;0;0;
FILTRE;2014;170783138;170000723;DECLA;0;0;0;0;0;0;0;0;0;1;0;0;0;0;0;0;0;0;0;0;0;0;0;0;0;0;0;0;0;0;0;0;0;0;0;0;0;0;0;
FILTRE;2014;170783138;170000723;INIT;0;0;0;0;0;0;0;0;0;1;0;0;0;0;0;;0;0;0;;;;;;;;;;;;;0;0;0;0;0;0;0;0;
FILTRE;2014;170783146;170780050;DECLA;0;0;0;1;0;0;0;0;1;0;0;0;0;0;0;0;0;0;0;0;0;0;0;0;0;0;0;0;0;0;0;0;0;0;0;0;0;0;0;
FILTRE;2014;170783146;170780050;INIT;0;0;0;1;0;0;0;0;1;0;0;0;0;0;0;;0;0;0;;;;;;;;;;;;;0;0;0;0;0;0;0;0;
FILTRE;2014;170784086;330785072;DECLA;0;0;0;1;0;0;0;0;0;0;0;0;0;0;0;0;0;0;0;0;0;0;0;0;0;1;0;0;0;0;0;0;0;0;0;0;0;0;0;
FILTRE;2014;170784086;330785072;INIT;0;0;0;1;0;0;0;0;0;0;0;0;0;0;0;;0;0;0;;;;;;;;;;;;;0;0;0;0;0;0;0;0;
FILTRE;2014;170784110;170023279;DECLA;0;0;0;0;1;0;0;0;0;0;0;0;0;0;0;0;0;0;0;0;0;0;0;1;1;1;0;0;0;0;0;0;0;0;0;0;0;0;0;
FILTRE;2014;170784110;170023279;INIT;0;0;0;0;1;0;0;0;0;0;0;0;0;0;0;;0;0;0;;;;;;;;;;;;;0;0;0;0;0;0;0;0;
FILTRE;2014;170785059;170000988;DECLA;0;0;0;0;0;0;0;0;0;0;0;1;0;0;0;0;0;0;0;0;0;0;0;1;0;0;0;0;0;0;0;0;0;0;0;0;0;0;0;
FILTRE;2014;170785059;170000988;INIT;0;0;0;0;0;0;0;0;0;0;0;1;0;0;0;;0;0;0;;;;;;;;;;;;;0;0;0;0;0;0;0;0;
FILTRE;2014;170791321;170023279;DECLA;0;0;0;0;0;1;0;0;0;0;0;0;0;0;0;0;0;0;0;0;0;0;0;1;1;0;0;0;0;0;0;0;0;0;0;0;0;0;0;
FILTRE;2014;170791321;170023279;INIT;0;0;0;0;0;1;0;0;0;0;0;0;0;0;0;;0;0;0;;;;;;;;;;;;;0;0;0;0;0;0;0;0;
FILTRE;2014;170792212;170000988;DECLA;0;0;0;0;0;0;0;0;0;0;0;1;0;0;0;0;0;0;0;0;0;0;0;1;0;0;0;0;0;0;0;0;0;0;0;0;0;0;0;
FILTRE;2014;170792212;170000988;INIT;0;0;0;0;0;0;0;0;0;0;0;1;0;0;0;;0;0;0;;;;;;;;;;;;;0;0;0;0;0;0;0;0;
FILTRE;2014;170792220;170780175;DECLA;0;0;0;0;1;1;0;0;0;0;0;0;0;0;0;0;0;0;0;0;0;0;0;0;0;0;0;0;0;0;0;0;0;0;0;0;0;0;0;
FILTRE;2014;170792220;170780175;INIT;0;0;0;0;1;1;0;0;0;0;0;0;0;0;0;;0;0;0;;;;;;;;;;;;;0;0;0;0;0;0;0;0;
FILTRE;2014;170794929;170000988;DECLA;0;0;0;0;0;0;0;0;0;0;0;1;0;0;0;0;0;0;0;0;0;0;0;1;0;0;0;0;0;0;0;0;0;0;0;0;0;0;0;
FILTRE;2014;170794929;170000988;INIT;0;0;0;0;0;0;0;0;0;0;0;1;0;0;0;;0;0;0;;;;;;;;;;;;;0;0;0;0;0;0;0;0;
FILTRE;2014;170795165;170000988;DECLA;0;0;0;0;0;0;0;0;0;0;0;1;0;0;0;0;0;0;0;0;0;0;0;1;0;0;0;0;0;0;0;0;0;0;0;0;0;0;0;
FILTRE;2014;170795165;170000988;INIT;0;0;0;0;0;0;0;0;0;0;0;1;0;0;0;;0;0;0;;;;;;;;;;;;;0;0;0;0;0;0;0;0;
FILTRE;2014;170802656;170000988;DECLA;0;0;0;0;0;0;0;0;0;0;0;1;0;0;0;0;0;0;0;0;0;0;0;1;0;0;0;0;0;0;0;0;0;0;0;0;0;0;0;
FILTRE;2014;170802656;170000988;INIT;0;0;0;0;0;0;0;0;0;0;0;1;0;0;0;;0;0;0;;;;;;;;;;;;;0;0;0;0;0;0;0;0;
FILTRE;2014;170802789;170780191;DECLA;0;0;0;0;0;1;0;0;0;0;0;0;0;0;0;0;0;0;0;0;0;0;0;0;0;0;0;0;0;0;0;0;0;0;0;0;0;0;0;
FILTRE;2014;170802789;170780191;INIT;0;0;0;0;0;1;0;0;0;0;0;0;0;0;0;;0;0;0;;;;;;;;;;;;;0;0;0;0;0;0;0;0;
FILTRE;2014;170803431;750043994;DECLA;0;0;0;0;1;0;0;0;0;0;0;0;0;0;0;0;0;0;0;0;0;0;0;1;0;0;0;0;0;0;0;0;0;0;0;0;0;0;0;
FILTRE;2014;170803431;750043994;INIT;0;0;0;0;1;0;0;0;0;0;0;0;0;0;0;;0;0;0;;;;;;;;;;;;;0;0;0;0;0;0;0;0;
FILTRE;2014;170804090;170000988;DECLA;0;0;0;0;0;0;0;0;0;0;0;1;0;0;0;0;0;0;0;0;0;0;0;1;0;0;0;0;0;0;0;0;0;0;0;0;0;0;0;
FILTRE;2014;170804090;170000988;INIT;0;0;0;0;0;0;0;0;0;0;0;1;0;0;0;;0;0;0;;;;;;;;;;;;;0;0;0;0;0;0;0;0;
FILTRE;2014;180000010;180000028;DECLA;1;1;1;0;1;0;1;1;0;0;1;1;1;0;1;0;1;1;1;1;1;1;1;1;1;1;1;1;1;1;1;1;1;1;0;0;0;0;1;
FILTRE;2014;180000010;180000028;INIT;1;1;1;0;1;0;1;1;0;0;1;1;1;0;1;;1;1;1;;;;;;;;;;;;;1;1;1;0;0;0;0;0;
FILTRE;2014;180000176;180001158;DECLA;0;0;0;1;0;1;0;0;1;0;0;0;0;0;0;0;0;0;0;0;0;0;0;1;0;1;1;0;0;0;1;0;0;0;0;0;0;0;0;
FILTRE;2014;180000176;180001158;INIT;0;0;0;1;0;1;0;0;1;0;0;0;0;0;0;;0;0;0;;;;;;;;;;;;;0;0;0;0;0;0;0;0;
FILTRE;2014;180000200;180000051;DECLA;1;1;1;0;0;1;1;1;0;0;1;0;1;0;0;1;1;1;1;1;1;1;0;1;1;1;1;1;0;1;1;0;1;0;0;0;0;0;0;
FILTRE;2014;180000200;180000051;INIT;1;1;1;0;0;1;1;1;0;0;0;0;1;0;0;;1;1;1;;;;;;;;;;;;;0;0;0;0;0;0;0;0;
FILTRE;2014;180000283;180000069;DECLA;1;0;1;0;1;0;1;0;0;0;1;0;1;0;0;0;1;1;0;1;0;0;0;1;0;1;1;1;0;1;1;0;0;0;0;0;0;0;0;
FILTRE;2014;180000283;180000069;INIT;1;0;1;0;1;0;1;0;0;0;0;0;1;0;0;;1;1;0;;;;;;;;;;;;;0;0;0;0;0;0;0;0;
FILTRE;2014;180000333;180000093;DECLA;0;0;0;0;1;1;0;0;0;0;0;0;0;0;0;0;0;0;0;0;0;0;0;1;0;1;0;0;0;1;1;0;0;0;0;0;0;0;0;
FILTRE;2014;180000333;180000093;INIT;0;0;0;0;1;1;0;0;0;0;0;0;0;0;0;;0;0;0;;;;;;;;;;;;;0;0;0;0;0;0;0;0;
FILTRE;2014;180000358;180000739;DECLA;1;1;0;0;0;0;1;1;0;0;1;0;0;0;0;0;0;0;1;0;0;0;0;1;1;1;0;0;0;1;0;0;1;1;0;0;0;0;0;
FILTRE;2014;180000358;180000739;INIT;0;1;0;0;0;0;0;1;0;0;0;0;0;0;0;;0;0;1;;;;;;;;;;;;;0;0;1;0;0;0;0;0;
FILTRE;2014;180000382;180008518;DECLA;0;0;0;1;0;0;0;0;1;0;0;0;0;0;0;0;0;0;0;0;0;0;0;0;0;0;0;0;0;0;0;0;0;0;0;0;0;0;0;
FILTRE;2014;180000382;180008518;INIT;0;0;0;1;0;0;0;0;1;0;0;0;0;0;0;;0;0;0;;;;;;;;;;;;;0;0;0;0;0;0;0;0;
FILTRE;2014;180000598;180000887;DECLA;0;0;0;0;1;0;0;0;0;0;0;0;0;0;0;0;0;0;0;1;0;0;0;1;0;1;0;0;0;0;0;0;0;0;0;0;0;0;0;
FILTRE;2014;180000598;180000887;INIT;0;0;0;0;1;0;0;0;0;0;0;0;0;0;0;;0;0;0;;;;;;;;;;;;;0;0;0;0;0;0;0;0;
FILTRE;2014;180003287;180000028;DECLA;0;0;0;0;1;1;0;0;0;0;0;0;0;0;0;0;0;0;0;0;0;0;0;0;0;0;0;0;0;1;1;0;0;0;0;0;0;0;0;
FILTRE;2014;180003287;180000028;INIT;0;0;0;0;1;1;0;0;0;0;0;0;0;0;0;;0;0;0;;;;;;;;;;;;;0;0;0;0;0;0;0;0;
FILTRE;2014;180003345;180000051;DECLA;0;0;0;0;1;0;0;0;0;0;0;0;0;0;0;1;0;0;0;0;0;0;0;0;0;0;0;0;0;0;0;0;0;0;0;0;0;0;0;
FILTRE;2014;180003345;180000051;INIT;0;0;0;0;1;0;0;0;0;0;0;0;0;0;0;;0;0;0;;;;;;;;;;;;;0;0;0;0;0;0;0;0;
FILTRE;2014;180003386;180000069;DECLA;0;0;0;0;1;1;0;0;0;0;0;0;0;0;0;0;0;0;0;0;0;0;0;0;0;0;0;0;0;0;0;0;0;0;0;0;0;0;0;
FILTRE;2014;180003386;180000069;INIT;0;0;0;0;1;1;0;0;0;0;0;0;0;0;0;;0;0;0;;;;;;;;;;;;;0;0;0;0;0;0;0;0;
FILTRE;2014;180004145;180000887;DECLA;1;1;1;0;0;0;1;1;0;1;1;0;1;0;0;0;0;0;1;1;0;0;0;1;1;1;0;0;0;0;0;0;1;1;0;0;0;0;0;
FILTRE;2014;180004145;180000887;INIT;1;1;1;0;0;0;1;1;0;1;1;0;0;0;0;;0;0;1;;;;;;;;;;;;;0;0;1;0;0;0;0;0;
FILTRE;2014;180004533;580780971;DECLA;0;0;0;1;0;0;0;0;1;0;0;0;0;0;0;0;0;0;0;0;0;0;0;0;0;1;0;0;0;0;0;0;0;0;0;0;0;0;0;
FILTRE;2014;180004533;580780971;INIT;0;0;0;1;0;0;0;0;1;0;0;0;0;0;0;;0;0;0;;;;;;;;;;;;;0;0;0;0;0;0;0;0;
FILTRE;2014;180005662;370001067;DECLA;0;0;0;0;0;0;0;0;0;0;0;1;0;0;0;0;0;0;0;0;0;0;0;1;0;0;0;0;0;0;0;0;0;0;0;0;0;0;0;
FILTRE;2014;180005662;370001067;INIT;0;0;0;0;0;0;0;0;0;0;0;1;0;0;0;;0;0;0;;;;;;;;;;;;;0;0;0;0;0;0;0;0;
FILTRE;2014;180005811;370001067;DECLA;0;0;0;0;0;0;0;0;0;0;0;1;0;0;0;0;0;0;0;0;0;0;0;1;0;0;0;0;0;0;0;0;0;0;0;0;0;0;0;
FILTRE;2014;180005811;370001067;INIT;0;0;0;0;0;0;0;0;0;0;0;1;0;0;0;;0;0;0;;;;;;;;;;;;;0;0;0;0;0;0;0;0;
FILTRE;2014;180005829;370001067;DECLA;0;0;0;0;0;0;0;0;0;0;0;1;0;0;0;0;0;0;0;0;0;0;0;1;0;0;0;0;0;0;0;0;0;0;0;0;0;0;0;
FILTRE;2014;180005829;370001067;INIT;0;0;0;0;0;0;0;0;0;0;0;1;0;0;0;;0;0;0;;;;;;;;;;;;;0;0;0;0;0;0;0;0;
FILTRE;2014;180006397;370001067;DECLA;0;0;0;0;0;0;0;0;0;0;0;1;0;0;0;0;0;0;0;0;0;0;0;1;0;0;0;0;0;0;0;0;0;0;0;0;0;0;0;
FILTRE;2014;180006397;370001067;INIT;0;0;0;0;0;0;0;0;0;0;0;1;0;0;0;;0;0;0;;;;;;;;;;;;;0;0;0;0;0;0;0;0;
FILTRE;2014;180007825;180001158;DECLA;0;0;0;0;0;1;0;0;0;0;0;0;0;0;0;0;0;0;0;0;0;0;0;0;0;0;0;0;0;0;0;0;0;0;0;0;0;0;0;
FILTRE;2014;180007825;180001158;INIT;0;0;0;0;0;1;0;0;0;0;0;0;0;0;0;;0;0;0;;;;;;;;;;;;;0;0;0;0;0;0;0;0;
FILTRE;2014;180008278;750047367;DECLA;0;0;0;0;0;0;0;0;0;0;1;0;0;0;1;0;0;0;0;0;0;0;0;0;0;0;0;0;0;0;1;0;0;0;0;0;0;0;0;
FILTRE;2014;180008278;750047367;INIT;0;0;0;0;0;0;0;0;0;0;0;0;0;0;1;;0;0;0;;;;;;;;;;;;;0;0;0;0;0;0;0;0;
FILTRE;2014;180008476;330057597;DECLA;0;0;0;0;0;0;0;0;0;0;0;1;0;0;0;0;0;0;0;0;0;0;0;0;0;0;0;0;0;0;0;0;0;0;0;0;0;0;0;
FILTRE;2014;180008476;330057597;INIT;0;0;0;0;0;0;0;0;0;0;0;1;0;0;0;;0;0;0;;;;;;;;;;;;;0;0;0;0;0;0;0;0;
FILTRE;2014;190000018;190000042;DECLA;1;1;1;0;1;1;1;1;0;1;1;1;1;0;0;0;1;1;1;1;1;1;1;0;1;1;1;1;1;1;1;1;1;1;0;0;0;0;0;
FILTRE;2014;190000018;190000042;INIT;1;1;1;0;1;1;1;1;1;1;1;1;1;0;0;;1;1;1;;;;;;;;;;;;;1;1;1;0;0;0;0;0;
FILTRE;2014;190000026;190000059;DECLA;1;1;1;1;0;0;1;1;1;0;1;1;1;0;1;0;1;1;1;1;1;1;0;1;1;1;1;1;0;1;1;1;1;1;0;0;0;0;0;
FILTRE;2014;190000026;190000059;INIT;1;1;1;1;0;0;1;1;1;0;1;0;1;0;1;;1;1;1;;;;;;;;;;;;;0;0;1;0;0;0;0;0;
FILTRE;2014;190000034;190000067;DECLA;1;0;0;0;1;1;0;0;0;0;0;0;0;0;0;0;0;0;0;0;0;0;0;1;0;1;0;0;0;1;1;0;0;0;0;0;0;0;0;
FILTRE;2014;190000034;190000067;INIT;1;0;0;0;1;1;1;0;0;0;0;0;0;0;0;;0;0;0;;;;;;;;;;;;;0;0;0;0;0;0;0;0;
FILTRE;2014;190000091;190000075;DECLA;1;1;1;1;1;1;1;1;1;0;1;0;1;0;0;0;1;1;1;1;0;1;0;1;1;1;1;0;0;1;1;1;1;1;0;0;0;0;0;
FILTRE;2014;190000091;190000075;INIT;1;1;1;1;1;1;1;1;1;0;1;0;1;0;0;;1;0;1;;;;;;;;;;;;;0;0;1;0;0;0;0;0;
FILTRE;2014;190000117;190000117;DECLA;0;0;0;1;0;0;0;0;1;0;0;0;0;0;0;0;0;0;0;0;0;0;0;1;0;1;0;0;0;0;1;0;0;0;0;0;0;0;0;
FILTRE;2014;190000117;190000117;INIT;0;0;0;1;0;0;0;0;1;0;0;0;0;0;0;;0;0;0;;;;;;;;;;;;;0;0;0;0;0;0;0;0;
FILTRE;2014;190000224;190000901;DECLA;1;1;0;0;0;0;1;1;0;0;0;0;0;0;0;0;0;0;1;1;0;1;0;1;1;1;0;0;0;1;0;0;1;1;0;0;0;0;0;
FILTRE;2014;190000224;190000901;INIT;1;1;0;0;0;0;1;1;0;0;0;0;0;0;0;;0;0;1;;;;;;;;;;;;;0;0;1;0;0;0;0;0;
FILTRE;2014;190000257;190001131;DECLA;1;1;1;0;0;0;1;1;0;0;1;0;1;0;0;0;0;0;1;0;0;0;0;1;1;1;0;0;0;0;0;0;1;1;0;0;0;0;0;
FILTRE;2014;190000257;190001131;INIT;0;1;1;0;0;0;0;1;0;0;0;0;1;0;0;;0;0;1;;;;;;;;;;;;;0;0;1;0;0;0;0;0;
FILTRE;2014;190002493;190000059;DECLA;0;0;0;0;1;1;0;0;0;0;0;0;0;0;0;0;0;0;0;0;0;0;0;0;0;0;0;0;0;1;0;0;0;0;0;0;0;0;0;
FILTRE;2014;190002493;190000059;INIT;0;0;0;0;1;1;0;0;0;0;0;0;0;0;0;;0;0;0;;;;;;;;;;;;;0;0;0;0;0;0;0;0;
FILTRE;2014;190005140;190002485;DECLA;0;0;0;0;0;1;0;0;0;0;0;0;0;0;0;0;0;0;0;0;0;0;0;1;0;0;0;0;0;0;1;0;0;0;0;0;0;0;0;
FILTRE;2014;190005140;190002485;INIT;0;0;0;0;0;1;0;0;0;0;0;0;0;0;0;;0;0;0;;;;;;;;;;;;;0;0;0;0;0;0;0;0;
FILTRE;2014;190005165;190002519;DECLA;0;0;0;0;0;1;0;0;0;0;0;0;0;0;0;0;0;0;0;0;0;0;0;1;1;0;0;0;0;0;1;0;0;0;0;0;0;0;0;
FILTRE;2014;190005165;190002519;INIT;0;0;0;0;0;1;0;0;0;0;0;0;0;0;0;;0;0;0;;;;;;;;;;;;;0;0;0;0;0;0;0;0;
FILTRE;2014;190005694;750056335;DECLA;0;0;0;0;1;0;0;0;0;0;0;0;0;0;0;0;0;0;0;0;0;0;0;1;0;1;0;0;0;1;0;0;0;0;0;0;0;0;0;
FILTRE;2014;190005694;750056335;INIT;0;0;0;0;1;0;0;0;0;0;0;0;0;0;0;;0;0;0;;;;;;;;;;;;;0;0;0;0;0;0;0;0;
FILTRE;2014;190010512;870000700;DECLA;0;0;0;0;0;0;0;0;0;0;0;1;0;0;0;0;0;0;0;0;0;0;0;0;0;0;0;0;0;0;0;0;0;0;0;0;0;0;0;
FILTRE;2014;190010512;870000700;INIT;0;0;0;0;0;0;0;0;0;0;0;1;0;0;0;;0;0;0;;;;;;;;;;;;;0;0;0;0;0;0;0;0;
FILTRE;2014;190010553;870000700;DECLA;0;0;0;0;0;0;0;0;0;0;0;1;0;0;0;0;0;0;0;0;0;0;0;0;0;0;0;0;0;0;0;0;0;0;0;0;0;0;0;
FILTRE;2014;190010553;870000700;INIT;0;0;0;0;0;0;0;0;0;0;0;1;0;0;0;;0;0;0;;;;;;;;;;;;;0;0;0;0;0;0;0;0;
FILTRE;2014;190010629;190010579;DECLA;0;0;0;0;0;0;0;0;0;0;1;0;0;0;1;0;0;0;0;0;0;0;0;0;0;0;0;0;0;0;0;0;0;0;0;0;0;0;0;
FILTRE;2014;190010629;190010579;INIT;0;0;0;0;0;0;0;0;0;0;1;0;0;0;1;;0;0;0;;;;;;;;;;;;;0;0;0;0;0;0;0;0;
FILTRE;2014;190011197;190000059;DECLA;0;0;0;0;1;0;0;0;0;0;0;0;0;0;0;1;0;0;0;0;0;0;0;0;0;0;0;0;0;0;0;0;0;0;0;0;0;0;0;
FILTRE;2014;190011197;190000059;INIT;0;0;0;0;1;0;0;0;0;0;0;0;0;0;0;;0;0;0;;;;;;;;;;;;;0;0;0;0;0;0;0;0;
FILTRE;2014;190011601;190000042;DECLA;0;0;0;1;0;0;0;0;1;0;0;0;0;0;0;0;0;0;0;0;0;0;0;0;0;0;0;0;0;0;0;0;0;0;0;0;0;0;0;
FILTRE;2014;190011601;190000042;INIT;0;0;0;1;0;0;0;0;1;0;0;0;0;0;0;;0;0;0;;;;;;;;;;;;;0;0;0;0;0;0;0;0;
FILTRE;2014;210001483;670005834;DECLA;0;0;0;0;0;0;0;0;0;0;0;1;0;0;0;0;0;0;0;0;0;0;0;0;0;0;0;0;0;0;0;0;0;0;0;0;0;0;0;
FILTRE;2014;210001483;670005834;INIT;0;0;0;0;0;0;0;0;0;0;0;1;0;0;0;;0;0;0;;;;;;;;;;;;;0;0;0;0;0;0;0;0;
FILTRE;2014;210001889;670005834;DECLA;0;0;0;0;0;0;0;0;0;0;0;1;0;0;0;0;0;0;0;0;0;0;0;0;0;0;0;0;0;0;0;0;0;0;0;0;0;0;0;
FILTRE;2014;210001889;670005834;INIT;0;0;0;0;0;0;0;0;0;0;0;1;0;0;0;;0;0;0;;;;;;;;;;;;;0;0;0;0;0;0;0;0;
FILTRE;2014;210001939;670005834;DECLA;0;0;0;0;0;0;0;0;0;0;0;1;0;0;0;0;0;0;0;0;0;0;0;0;0;0;0;0;0;0;0;0;0;0;0;0;0;0;0;
FILTRE;2014;210001939;670005834;INIT;0;0;0;0;0;0;0;0;0;0;0;1;0;0;0;;0;0;0;;;;;;;;;;;;;0;0;0;0;0;0;0;0;
FILTRE;2014;210003059;210987400;DECLA;0;0;0;0;0;0;0;0;0;0;1;0;0;0;1;0;0;0;0;0;0;0;0;1;0;1;0;0;0;0;1;0;0;0;0;0;0;0;0;
FILTRE;2014;210003059;210987400;INIT;0;0;0;0;0;0;0;0;0;0;0;0;0;0;1;;0;0;0;;;;;;;;;;;;;0;0;0;0;0;0;0;0;
FILTRE;2014;210005559;210010773;DECLA;0;0;0;0;0;0;0;0;0;1;0;0;0;0;0;0;0;0;0;0;0;0;0;0;0;0;0;0;0;0;0;0;0;0;0;0;0;0;0;
FILTRE;2014;210005559;210010773;INIT;0;0;0;0;0;0;0;0;0;1;0;0;0;0;0;;0;0;0;;;;;;;;;;;;;0;0;0;0;0;0;0;0;
FILTRE;2014;210007399;210007308;DECLA;0;0;0;0;1;0;0;0;0;0;0;0;0;0;0;0;0;0;0;0;0;0;0;1;0;0;0;0;0;0;0;0;0;0;0;0;0;0;0;
FILTRE;2014;210007399;210007308;INIT;0;0;0;0;1;0;0;0;0;0;0;0;0;0;0;;0;0;0;;;;;;;;;;;;;0;0;0;0;0;0;0;0;
FILTRE;2014;210007555;670005834;INIT;0;0;0;0;0;0;0;0;0;0;0;1;0;0;0;;0;0;0;;;;;;;;;;;;;0;0;0;0;0;0;0;0;
FILTRE;2014;210010443;210000337;DECLA;0;0;0;0;1;0;0;0;0;0;0;0;0;0;0;0;0;0;0;0;0;0;0;0;0;1;0;0;0;0;0;0;0;0;0;0;0;0;0;
FILTRE;2014;210010443;210000337;INIT;0;0;0;0;1;0;0;0;0;0;0;0;0;0;0;;0;0;0;;;;;;;;;;;;;0;0;0;0;0;0;0;0;
FILTRE;2014;210010484;670005834;INIT;0;0;0;0;0;0;0;0;0;0;0;1;0;0;0;;0;0;0;;;;;;;;;;;;;0;0;0;0;0;0;0;0;
FILTRE;2014;210011847;210011839;DECLA;1;1;0;0;0;0;1;1;0;1;1;0;0;0;0;0;0;0;1;0;0;0;0;1;1;1;0;0;0;0;0;0;1;1;0;0;0;0;0;
FILTRE;2014;210011847;210011839;INIT;1;1;0;0;0;0;1;1;0;0;1;0;0;0;0;;0;0;1;;;;;;;;;;;;;0;0;1;0;0;0;0;0;
FILTRE;2014;210780110;210000022;DECLA;1;1;1;0;0;0;1;1;0;0;0;0;0;0;0;0;0;0;1;0;0;1;0;1;0;1;0;0;0;0;0;0;1;1;0;0;0;0;0;
FILTRE;2014;210780110;210000022;INIT;1;1;1;0;0;0;1;1;0;0;0;0;0;0;0;;0;0;1;;;;;;;;;;;;;0;0;1;0;0;0;0;0;
FILTRE;2014;210780136;210000030;DECLA;1;1;0;0;0;0;1;1;0;0;0;0;0;0;0;0;1;0;1;0;0;0;0;1;0;1;0;0;0;0;0;0;1;1;0;0;0;0;0;
FILTRE;2014;210780136;210000030;INIT;1;1;0;0;0;0;1;1;0;0;0;0;0;0;0;;1;0;1;;;;;;;;;;;;;0;0;1;0;0;0;0;0;
FILTRE;2014;210780144;750721235;DECLA;0;0;0;0;1;0;0;0;0;0;0;0;0;0;0;0;0;0;0;0;0;0;0;1;0;1;0;0;0;0;1;0;0;0;0;0;0;0;0;
FILTRE;2014;210780144;750721235;INIT;0;0;0;0;1;0;0;0;0;0;0;0;0;0;0;;0;0;0;;;;;;;;;;;;;0;0;0;0;0;0;0;0;
FILTRE;2014;210780276;210003208;DECLA;0;0;0;0;1;0;0;0;0;0;0;0;0;0;0;0;0;0;0;0;0;0;0;1;0;1;0;0;0;0;0;0;0;0;0;0;0;0;0;
FILTRE;2014;210780276;210003208;INIT;0;0;0;0;1;0;0;0;0;0;0;0;0;0;0;;0;0;0;;;;;;;;;;;;;0;0;0;0;0;0;0;0;
FILTRE;2014;210780292;210000105;DECLA;0;0;0;0;1;0;0;0;0;0;0;0;0;0;0;0;0;0;0;0;0;0;0;0;0;0;0;0;0;0;0;0;0;0;0;0;0;0;0;
FILTRE;2014;210780292;210000105;INIT;0;0;0;0;1;0;0;0;0;0;0;0;0;0;0;;0;0;0;;;;;;;;;;;;;0;0;0;0;0;0;0;0;
FILTRE;2014;210780425;210781282;DECLA;0;0;0;1;0;0;0;0;1;0;0;0;0;0;0;0;0;0;0;0;0;0;0;0;0;0;0;0;0;0;0;0;0;0;0;0;0;0;0;
FILTRE;2014;210780425;210781282;INIT;0;0;0;1;0;0;0;0;1;0;0;0;0;0;0;;0;0;0;;;;;;;;;;;;;0;0;0;0;0;0;0;0;
FILTRE;2014;210780789;210003208;DECLA;1;1;0;0;0;0;1;1;0;0;1;1;0;0;1;0;0;0;1;1;0;1;0;1;0;1;0;0;0;1;0;0;1;1;0;0;0;0;0;
FILTRE;2014;210780789;210003208;INIT;1;1;0;0;0;0;1;1;0;0;1;1;0;0;1;;0;0;1;;;;;;;;;;;;;0;0;1;0;0;0;0;0;
FILTRE;2014;210780979;210000295;DECLA;1;1;0;0;0;0;1;1;0;0;0;0;0;0;0;0;0;0;1;1;0;0;0;1;1;1;0;0;0;0;0;1;1;1;0;0;0;0;0;
FILTRE;2014;210780979;210000295;INIT;1;1;0;0;0;0;1;1;0;0;0;0;0;0;0;;0;0;1;;;;;;;;;;;;;1;0;1;0;0;0;0;0;
FILTRE;2014;210781621;210780581;DECLA;0;0;0;1;0;0;0;0;1;0;0;0;0;0;0;0;0;0;0;0;0;0;0;0;0;0;0;0;0;0;0;0;0;0;0;0;0;0;0;
FILTRE;2014;210781621;210780581;INIT;1;1;0;1;0;0;1;0;1;0;0;0;0;0;0;;0;1;1;;;;;;;;;;;;;0;0;0;0;0;0;0;0;
FILTRE;2014;210983466;210011482;DECLA;0;0;0;0;0;1;0;0;0;0;0;0;0;0;0;0;0;0;0;0;0;0;0;1;0;0;0;0;0;0;1;0;0;0;0;0;0;0;0;
FILTRE;2014;210983466;210011482;INIT;0;0;0;0;0;1;0;0;0;0;0;0;0;0;0;;0;0;0;;;;;;;;;;;;;0;0;0;0;0;0;0;0;
FILTRE;2014;210983565;210011482;DECLA;0;0;0;0;0;1;0;0;0;0;0;0;0;0;0;0;0;0;0;0;0;0;0;0;0;0;0;0;0;0;0;0;0;0;0;0;0;0;0;
FILTRE;2014;210983565;210011482;INIT;0;0;0;0;0;1;0;0;0;0;0;0;0;0;0;;0;0;0;;;;;;;;;;;;;0;0;0;0;0;0;0;0;
FILTRE;2014;210986089;210780581;DECLA;1;0;0;0;1;0;1;0;0;0;0;0;0;0;0;0;0;0;0;0;0;0;0;0;0;0;0;0;0;0;1;0;0;0;0;0;0;0;0;
FILTRE;2014;210986089;210780581;INIT;1;0;0;0;1;0;1;0;0;0;0;0;0;0;0;;0;0;0;;;;;;;;;;;;;0;0;0;0;0;0;0;0;
FILTRE;2014;210986329;750043713;DECLA;0;0;0;0;0;1;0;0;0;0;0;0;0;0;0;0;0;0;0;0;0;0;0;0;0;0;0;0;0;0;0;0;0;0;0;0;0;0;0;
FILTRE;2014;210986329;750043713;INIT;0;0;0;0;0;1;0;0;0;0;0;0;0;0;0;;0;0;0;;;;;;;;;;;;;0;0;0;0;0;0;0;0;
FILTRE;2014;210986360;670005834;DECLA;0;0;0;0;0;0;0;0;0;0;0;1;0;0;0;0;0;0;0;0;0;0;0;0;0;0;0;0;0;0;0;0;0;0;0;0;0;0;0;
FILTRE;2014;210986360;670005834;INIT;0;0;0;0;0;0;0;0;0;0;0;1;0;0;0;;0;0;0;;;;;;;;;;;;;0;0;0;0;0;0;0;0;
FILTRE;2014;210986378;670005834;INIT;0;0;0;0;0;0;0;0;0;0;0;1;0;0;0;;0;0;0;;;;;;;;;;;;;0;0;0;0;0;0;0;0;
FILTRE;2014;210986725;210986717;DECLA;0;0;0;0;1;0;0;0;0;0;0;0;0;0;0;0;0;0;0;0;0;0;0;1;0;1;0;0;0;0;0;0;0;0;0;0;0;0;0;
FILTRE;2014;210986725;210986717;INIT;0;0;0;0;1;0;0;0;0;0;0;0;0;0;0;;0;0;0;;;;;;;;;;;;;0;0;0;0;0;0;0;0;
FILTRE;2014;210986741;210986733;DECLA;0;0;0;0;1;0;0;0;0;0;0;0;0;0;0;0;0;0;0;0;0;0;0;1;0;0;0;0;0;0;0;0;0;0;0;0;0;0;0;
FILTRE;2014;210986741;210986733;INIT;0;0;0;0;1;0;0;0;0;0;0;0;0;0;0;;0;0;0;;;;;;;;;;;;;0;0;0;0;0;0;0;0;
FILTRE;2014;210987046;210987038;DECLA;0;0;0;0;1;0;0;0;0;0;0;0;0;0;0;0;0;0;0;0;0;0;0;1;0;0;0;0;0;0;0;0;0;0;0;0;0;0;0;
FILTRE;2014;210987046;210987038;INIT;0;0;0;0;1;0;0;0;0;0;0;0;0;0;0;;0;0;0;;;;;;;;;;;;;0;0;0;0;0;0;0;0;
FILTRE;2014;210987558;210780581;DECLA;1;1;1;1;1;0;1;1;1;0;1;1;1;0;0;0;1;1;1;1;1;1;0;1;0;1;1;1;1;1;0;1;1;1;1;1;1;0;1;
FILTRE;2014;210987558;210780581;INIT;1;1;1;1;1;0;1;1;1;0;1;1;1;0;0;;1;1;1;;;;;;;;;;;;;1;1;1;1;1;1;0;1;
FILTRE;2014;210987574;210780623;DECLA;1;0;0;0;0;1;0;0;0;0;0;0;0;0;0;0;0;0;0;0;0;0;0;1;0;0;0;1;0;1;1;0;0;0;0;0;0;0;0;
FILTRE;2014;210987574;210780623;INIT;1;0;0;0;0;1;1;0;0;0;0;0;0;0;0;;0;0;0;;;;;;;;;;;;;0;0;0;0;0;0;0;0;
FILTRE;2014;210987582;210780631;DECLA;1;0;0;0;1;0;1;0;0;0;0;0;0;0;0;0;0;0;0;0;0;0;0;1;0;0;0;0;0;1;1;0;0;0;0;0;0;0;0;
FILTRE;2014;210987582;210780631;INIT;1;0;0;0;1;0;1;0;0;0;0;0;0;0;1;;0;0;0;;;;;;;;;;;;;0;0;0;0;0;0;0;0;
FILTRE;2014;210987590;210780649;DECLA;1;0;0;0;1;0;1;0;0;0;0;0;0;0;0;0;0;0;0;0;0;0;0;0;0;0;0;0;0;1;1;0;0;0;0;0;0;0;0;
FILTRE;2014;210987590;210780649;INIT;1;0;0;0;0;0;1;0;0;0;0;0;0;0;0;;0;0;0;;;;;;;;;;;;;0;0;0;0;0;0;0;0;
FILTRE;2014;210987608;210011482;DECLA;1;0;0;0;0;0;1;0;0;0;0;0;0;0;0;0;0;0;0;0;0;0;0;1;0;0;0;0;0;1;1;0;0;0;0;0;0;0;0;
FILTRE;2014;210987608;210011482;INIT;1;0;0;0;0;0;1;0;0;0;0;0;0;0;0;;0;0;0;;;;;;;;;;;;;0;0;0;0;0;0;0;0;
FILTRE;2014;210987616;210780656;DECLA;1;0;0;0;0;1;1;0;0;0;0;0;0;0;0;0;0;0;0;0;0;0;0;1;1;0;0;1;0;0;0;0;0;0;0;0;0;0;0;
FILTRE;2014;210987616;210780656;INIT;1;0;0;0;0;1;1;0;0;0;0;0;0;0;0;;0;0;0;;;;;;;;;;;;;0;0;0;0;0;0;0;0;
FILTRE;2014;210987632;210780607;DECLA;1;0;0;1;0;0;1;0;1;0;0;0;0;0;0;0;0;0;0;1;1;0;0;1;0;1;0;0;0;0;0;0;0;0;0;0;0;0;0;
FILTRE;2014;210987632;210780607;INIT;1;0;0;1;0;0;1;0;1;0;0;0;0;0;0;;0;0;0;;;;;;;;;;;;;0;0;0;0;0;0;0;0;
FILTRE;2014;210987640;210780672;DECLA;0;0;0;0;1;0;0;0;0;0;0;0;0;0;0;0;0;0;0;0;0;0;0;1;0;1;0;0;0;0;1;0;0;0;0;0;0;0;0;
FILTRE;2014;210987640;210780672;INIT;0;0;0;0;1;0;0;0;0;0;0;0;0;0;1;;0;0;0;;;;;;;;;;;;;0;0;0;0;0;0;0;0;
FILTRE;2014;210987657;210780714;DECLA;1;1;1;0;1;0;1;1;0;0;1;0;1;0;1;0;1;1;1;1;1;1;0;1;1;1;1;1;0;0;1;0;1;1;0;0;0;0;0;
FILTRE;2014;210987657;210780714;INIT;1;1;1;0;1;0;1;1;0;0;1;0;1;0;1;;1;1;1;;;;;;;;;;;;;0;0;1;0;0;0;0;0;
FILTRE;2014;210987665;210010070;DECLA;1;0;0;0;1;0;1;0;0;0;0;0;0;1;0;0;1;1;0;1;1;0;1;1;0;0;1;1;0;1;0;0;1;0;0;0;0;0;0;
FILTRE;2014;210987665;210010070;INIT;1;0;0;0;1;0;1;0;0;0;0;0;1;1;0;;1;1;0;;;;;;;;;;;;;0;0;0;0;0;0;0;0;
FILTRE;2014;210987673;210010070;DECLA;1;0;0;0;1;0;1;0;0;0;0;0;0;0;0;0;1;1;0;1;0;0;0;0;0;0;1;1;0;1;0;0;1;0;0;0;0;0;0;
FILTRE;2014;210987673;210010070;INIT;1;0;0;0;1;0;1;0;0;0;0;0;0;0;1;;1;1;0;;;;;;;;;;;;;0;0;0;0;0;0;0;0;
FILTRE;2014;210987681;210011482;DECLA;1;0;0;0;1;0;1;0;0;0;0;0;0;0;0;0;0;0;0;1;0;0;0;1;0;0;0;0;0;1;1;0;0;0;0;0;0;0;0;
FILTRE;2014;210987681;210011482;INIT;1;0;0;0;1;0;1;0;0;0;0;0;0;0;0;;0;0;0;;;;;;;;;;;;;0;0;0;0;0;0;0;0;
FILTRE;2014;210987699;210780706;DECLA;1;1;1;1;0;0;1;1;1;0;1;0;1;0;0;1;1;1;1;1;1;1;1;1;1;1;1;0;0;1;1;0;1;0;0;0;0;0;0;
FILTRE;2014;210987699;210780706;INIT;1;1;1;1;0;0;1;1;1;0;0;0;1;0;0;;1;1;1;;;;;;;;;;;;;0;0;1;0;0;0;0;0;
FILTRE;2014;210987731;210780417;DECLA;1;1;0;0;0;0;1;1;0;1;1;0;0;0;1;0;0;0;1;1;1;0;0;1;1;1;1;0;1;1;1;0;1;1;0;0;0;0;0;
FILTRE;2014;210987731;210780417;INIT;1;1;0;0;0;0;1;1;0;1;1;0;0;0;1;;0;0;1;;;;;;;;;;;;;0;0;1;0;0;0;0;0;
FILTRE;2014;210987939;210780607;DECLA;0;0;0;0;0;1;0;0;0;0;0;0;0;0;0;0;0;0;0;0;0;0;0;0;0;0;0;0;0;0;0;0;0;0;0;0;0;0;0;
FILTRE;2014;210987939;210780607;INIT;0;0;0;0;0;1;0;0;0;0;0;0;0;0;0;;0;0;0;;;;;;;;;;;;;0;0;0;0;0;0;0;0;
FILTRE;2014;220000012;220000020;DECLA;1;1;1;0;1;0;1;1;0;0;1;1;1;0;0;0;1;1;1;1;1;1;1;1;1;1;1;1;1;1;1;1;1;1;0;0;0;0;0;
FILTRE;2014;220000012;220000020;INIT;1;1;1;0;1;0;1;1;0;0;1;1;1;0;0;;1;1;1;;;;;;;;;;;;;1;1;1;0;0;0;0;0;
FILTRE;2014;220000095;220000046;DECLA;1;1;1;0;1;1;1;0;0;0;1;0;1;0;0;1;1;1;1;1;1;1;0;1;1;1;1;1;1;1;1;1;1;0;0;0;0;0;0;
FILTRE;2014;220000095;220000046;INIT;1;1;1;0;1;1;1;0;0;0;0;0;1;0;0;;1;1;1;;;;;;;;;;;;;0;0;0;0;0;0;0;0;
FILTRE;2014;220000111;220000376;DECLA;1;1;0;0;0;0;1;1;0;0;1;0;0;0;0;0;0;0;1;1;0;1;0;1;1;1;0;1;0;0;0;0;1;1;0;0;0;0;0;
FILTRE;2014;220000111;220000376;INIT;0;1;0;0;0;0;0;1;0;0;0;0;0;0;0;;0;0;1;;;;;;;;;;;;;0;0;1;0;0;0;0;0;
FILTRE;2014;220000194;560014748;DECLA;0;0;0;0;1;0;0;0;0;0;0;0;0;0;0;1;0;0;0;0;0;0;0;0;0;0;0;0;0;0;0;0;0;0;0;0;0;0;0;
FILTRE;2014;220000194;560014748;INIT;0;0;0;0;1;0;0;0;0;0;0;0;0;0;0;;0;0;0;;;;;;;;;;;;;0;0;0;0;0;0;0;0;
FILTRE;2014;220000210;220000210;DECLA;0;0;0;1;0;0;0;0;1;0;0;0;0;0;0;0;0;0;0;0;0;0;0;1;1;1;0;0;0;0;1;0;0;0;0;0;0;0;0;
FILTRE;2014;220000210;220000210;INIT;0;0;0;1;0;0;0;0;1;0;0;0;0;0;0;;0;0;0;;;;;;;;;;;;;0;0;0;0;0;0;0;0;
FILTRE;2014;220000236;220017974;DECLA;1;0;0;1;1;0;0;0;1;0;0;0;0;0;0;0;0;0;0;0;0;0;0;1;0;1;0;0;0;0;0;0;0;0;0;0;0;0;0;
FILTRE;2014;220000236;220017974;INIT;1;0;0;1;1;0;1;0;1;0;0;0;0;0;0;;0;0;0;;;;;;;;;;;;;0;0;0;0;0;0;0;0;
FILTRE;2014;220000269;220000640;DECLA;1;0;0;0;0;0;1;0;0;1;1;0;0;0;0;0;0;0;0;0;0;0;0;1;0;1;0;0;0;1;0;0;0;0;0;0;0;0;0;
FILTRE;2014;220000269;220000640;INIT;1;0;0;0;0;0;1;0;0;1;1;0;0;0;0;;0;0;0;;;;;;;;;;;;;0;0;0;0;0;0;0;0;
FILTRE;2014;220000285;220000673;DECLA;0;1;0;0;0;0;0;1;0;0;0;0;0;0;0;0;0;0;1;0;0;0;0;1;1;1;0;0;0;0;0;0;0;0;0;0;0;0;0;
FILTRE;2014;220000285;220000673;INIT;0;1;0;0;0;0;0;1;0;0;0;0;0;0;0;;0;0;1;;;;;;;;;;;;;0;0;0;0;0;0;0;0;
FILTRE;2014;220000301;220000673;DECLA;1;1;1;0;0;0;0;1;0;0;0;0;1;0;0;0;0;0;1;0;0;0;0;1;1;1;0;0;0;0;0;0;1;1;0;0;0;0;0;
FILTRE;2014;220000301;220000673;INIT;0;1;1;0;0;0;0;1;0;0;0;0;1;0;0;;0;0;1;;;;;;;;;;;;;0;0;1;0;0;0;0;0;
FILTRE;2014;220000319;220000681;DECLA;0;0;0;1;0;0;0;0;0;0;0;0;0;0;0;0;0;0;0;0;0;0;0;1;0;0;0;0;0;0;0;0;0;0;0;0;0;0;0;
FILTRE;2014;220000319;220000681;INIT;0;0;0;1;0;0;0;0;0;0;0;0;0;0;0;;0;0;0;;;;;;;;;;;;;0;0;0;0;0;0;0;0;
FILTRE;2014;220000327;220000699;DECLA;0;0;0;1;0;0;0;0;1;0;0;0;0;0;0;0;0;0;0;0;0;0;1;1;0;0;0;0;0;0;1;0;0;0;0;0;0;0;0;
FILTRE;2014;220000327;220000699;INIT;0;0;0;1;0;0;0;0;1;0;0;0;0;0;0;;0;0;0;;;;;;;;;;;;;0;0;0;0;0;0;0;0;
FILTRE;2014;220000343;220000079;DECLA;1;1;1;0;1;1;1;1;0;0;1;0;1;0;0;0;1;1;1;1;1;0;0;1;1;1;1;0;0;1;1;0;1;1;0;0;0;0;0;
FILTRE;2014;220000343;220000079;INIT;1;1;1;0;1;1;1;1;0;0;0;0;1;0;0;;1;1;1;;;;;;;;;;;;;0;0;1;0;0;0;0;0;
FILTRE;2014;220000368;220000103;DECLA;1;1;1;0;1;1;1;1;0;0;1;0;1;0;1;0;1;1;1;1;1;1;0;1;1;1;1;1;0;0;1;0;1;0;0;0;0;0;0;
FILTRE;2014;220000368;220000103;INIT;1;1;1;0;1;1;1;1;0;0;1;0;1;0;1;;1;1;1;;;;;;;;;;;;;0;0;1;0;0;0;0;0;
FILTRE;2014;220000467;750043994;DECLA;0;0;0;0;1;0;0;0;0;0;0;0;0;0;0;0;0;0;0;0;0;0;0;1;0;1;0;0;0;0;0;0;0;0;0;0;0;0;0;
FILTRE;2014;220000467;750043994;INIT;0;0;0;0;1;0;0;0;0;0;0;0;0;0;0;;0;0;0;;;;;;;;;;;;;0;0;0;0;0;0;0;0;
FILTRE;2014;220000475;220020531;DECLA;0;0;0;0;1;0;0;0;0;0;0;0;0;0;0;0;0;0;0;0;0;0;0;0;0;0;0;0;0;0;0;0;0;0;0;0;0;0;0;
FILTRE;2014;220000475;220020531;INIT;0;0;0;0;1;0;0;0;0;0;0;0;0;0;0;;0;0;0;;;;;;;;;;;;;0;0;0;0;0;0;0;0;
FILTRE;2014;220000483;560014748;DECLA;0;0;0;0;1;0;0;0;0;0;0;0;0;0;0;0;0;0;0;0;0;0;0;0;0;0;0;0;0;1;0;0;0;0;0;0;0;0;0;
FILTRE;2014;220000483;560014748;INIT;0;0;0;0;1;0;0;0;0;0;0;0;0;0;0;;0;0;0;;;;;;;;;;;;;0;0;0;0;0;0;0;0;
FILTRE;2014;220000541;220000152;DECLA;1;0;1;0;1;0;1;0;0;0;0;0;1;1;1;0;1;1;1;1;1;0;0;1;1;1;1;1;0;1;1;0;1;0;0;0;0;0;0;
FILTRE;2014;220000541;220000152;INIT;1;0;0;0;1;0;1;0;0;0;0;0;1;0;0;;1;1;0;;;;;;;;;;;;;0;0;0;0;0;0;0;0;
FILTRE;2014;220000566;220021968;DECLA;1;0;0;0;1;1;0;0;0;0;0;0;0;0;0;1;0;0;0;0;0;0;0;1;0;1;0;0;0;0;1;0;0;0;0;0;0;0;0;
FILTRE;2014;220000566;220021968;INIT;1;0;0;0;1;1;1;0;0;0;0;0;0;0;0;;0;0;0;;;;;;;;;;;;;0;0;0;0;0;0;0;0;
FILTRE;2014;220000574;220000186;DECLA;1;0;0;0;1;0;0;0;0;0;0;0;0;0;0;0;0;0;0;0;0;0;0;1;0;1;0;0;0;1;1;0;0;0;0;0;0;0;0;
FILTRE;2014;220000574;220000186;INIT;1;0;0;0;1;0;1;0;0;0;0;0;0;0;0;;0;0;0;;;;;;;;;;;;;0;0;0;0;0;0;0;0;
FILTRE;2014;220000590;220000202;DECLA;0;0;0;0;1;0;0;0;0;0;0;0;0;0;0;0;0;0;0;0;0;0;0;0;0;0;0;0;0;0;0;0;0;0;0;0;0;0;0;
FILTRE;2014;220000590;220000202;INIT;0;0;0;0;1;0;0;0;0;0;0;0;0;0;0;;0;0;0;;;;;;;;;;;;;0;0;0;0;0;0;0;0;
FILTRE;2014;220001259;220005045;DECLA;1;0;0;0;1;1;1;0;0;0;0;0;0;0;0;0;0;0;0;1;0;0;0;1;0;1;0;0;0;1;1;0;0;0;0;0;0;0;0;
FILTRE;2014;220001259;220005045;INIT;1;0;0;0;1;1;1;0;0;0;0;0;0;0;0;;0;0;0;;;;;;;;;;;;;0;0;0;0;0;0;0;0;
FILTRE;2014;220005599;220017842;DECLA;1;1;0;0;0;0;1;1;0;0;1;0;0;0;0;0;0;0;1;0;0;1;0;1;1;1;0;0;0;0;0;0;1;1;0;0;0;0;0;
FILTRE;2014;220005599;220017842;INIT;0;1;0;0;0;0;0;1;0;0;0;0;0;0;0;;0;0;1;;;;;;;;;;;;;0;0;1;0;0;0;0;0;
FILTRE;2014;220006423;220000152;DECLA;0;0;0;0;0;1;0;0;0;0;0;0;0;0;0;0;0;0;0;0;0;0;0;0;0;0;0;0;0;0;0;0;0;0;0;0;0;0;0;
FILTRE;2014;220006423;220000152;INIT;0;0;0;0;0;1;0;0;0;0;0;0;0;0;0;;0;0;0;;;;;;;;;;;;;0;0;0;0;0;0;0;0;
FILTRE;2014;220012751;220017974;DECLA;0;0;0;1;0;0;0;0;1;0;0;0;0;0;0;0;0;0;0;0;0;0;0;1;1;1;0;0;0;0;0;0;0;0;0;0;0;0;0;
FILTRE;2014;220012751;220017974;INIT;0;0;0;1;0;0;0;0;1;0;0;0;0;0;0;;0;0;0;;;;;;;;;;;;;0;0;0;0;0;0;0;0;
FILTRE;2014;220012884;220000103;DECLA;0;0;0;0;1;0;0;0;0;0;0;0;0;0;0;0;0;0;0;0;0;0;0;0;0;1;0;0;1;0;1;0;0;0;0;0;0;0;0;
FILTRE;2014;220012884;220000103;INIT;0;0;0;0;1;0;0;0;0;0;0;0;0;0;0;;0;0;0;;;;;;;;;;;;;0;0;0;0;0;0;0;0;
FILTRE;2014;220013106;350000626;DECLA;0;0;0;0;0;0;0;0;0;0;0;1;0;0;0;0;0;0;0;0;0;0;0;0;0;0;0;0;0;0;0;0;0;0;0;0;0;0;0;
FILTRE;2014;220013106;350000626;INIT;0;0;0;0;0;0;0;0;0;0;0;1;0;0;0;;0;0;0;;;;;;;;;;;;;0;0;0;0;0;0;0;0;
FILTRE;2014;220013122;350000626;DECLA;0;0;0;0;0;0;0;0;0;0;0;1;0;0;0;0;0;0;0;0;0;0;0;0;0;0;0;0;0;0;0;0;0;0;0;0;0;0;0;
FILTRE;2014;220013122;350000626;INIT;0;0;0;0;0;0;0;0;0;0;0;1;0;0;0;;0;0;0;;;;;;;;;;;;;0;0;0;0;0;0;0;0;
FILTRE;2014;220013130;350000626;DECLA;0;0;0;0;0;0;0;0;0;0;0;1;0;0;0;0;0;0;0;0;0;0;0;0;0;0;0;0;0;0;0;0;0;0;0;0;0;0;0;
FILTRE;2014;220013130;350000626;INIT;0;0;0;0;0;0;0;0;0;0;0;1;0;0;0;;0;0;0;;;;;;;;;;;;;0;0;0;0;0;0;0;0;
FILTRE;2014;220013155;350000626;DECLA;0;0;0;0;0;0;0;0;0;0;0;1;0;0;0;0;0;0;0;0;0;0;0;0;0;0;0;0;0;0;0;0;0;0;0;0;0;0;0;
FILTRE;2014;220013155;350000626;INIT;0;0;0;0;0;0;0;0;0;0;0;1;0;0;0;;0;0;0;;;;;;;;;;;;;0;0;0;0;0;0;0;0;
FILTRE;2014;220014138;220017974;DECLA;0;0;0;0;0;1;0;0;0;0;0;0;0;0;0;0;0;0;0;0;0;0;0;1;0;0;0;0;0;0;1;0;0;0;0;0;0;0;0;
FILTRE;2014;220014138;220017974;INIT;0;0;0;0;0;1;0;0;0;0;0;0;0;0;0;;0;0;0;;;;;;;;;;;;;0;0;0;0;0;0;0;0;
FILTRE;2014;220014286;350000626;DECLA;0;0;0;0;0;0;0;0;0;0;0;1;0;0;0;0;0;0;0;0;0;0;0;0;0;0;0;0;0;0;0;0;0;0;0;0;0;0;0;
FILTRE;2014;220014286;350000626;INIT;0;0;0;0;0;0;0;0;0;0;0;1;0;0;0;;0;0;0;;;;;;;;;;;;;0;0;0;0;0;0;0;0;
FILTRE;2014;220014708;220017974;DECLA;0;0;0;0;1;0;0;0;0;0;0;0;0;0;0;0;0;0;0;0;0;0;0;1;1;1;0;0;0;0;0;0;0;0;0;0;0;0;0;
FILTRE;2014;220014708;220017974;INIT;0;0;0;0;1;0;0;0;0;0;0;0;0;0;0;;0;0;0;;;;;;;;;;;;;0;0;0;0;0;0;0;0;
FILTRE;2014;220016430;350000626;DECLA;0;0;0;0;0;0;0;0;0;0;0;1;0;0;0;0;0;0;0;0;0;0;0;0;0;0;0;0;0;0;0;0;0;0;0;0;0;0;0;
FILTRE;2014;220016430;350000626;INIT;0;0;0;0;0;0;0;0;0;0;0;1;0;0;0;;0;0;0;;;;;;;;;;;;;0;0;0;0;0;0;0;0;
FILTRE;2014;220016778;350000626;DECLA;0;0;0;0;0;0;0;0;0;0;0;1;0;0;0;0;0;0;0;0;0;0;0;0;0;0;0;0;0;0;0;0;0;0;0;0;0;0;0;
FILTRE;2014;220016778;350000626;INIT;0;0;0;0;0;0;0;0;0;0;0;1;0;0;0;;0;0;0;;;;;;;;;;;;;0;0;0;0;0;0;0;0;
FILTRE;2014;220018899;350000626;DECLA;0;0;0;0;0;0;0;0;0;0;0;1;0;0;0;0;0;0;0;0;0;0;0;0;0;0;0;0;0;0;0;0;0;0;0;0;0;0;0;
FILTRE;2014;220018899;350000626;INIT;0;0;0;0;0;0;0;0;0;0;0;1;0;0;0;;0;0;0;;;;;;;;;;;;;0;0;0;0;0;0;0;0;
FILTRE;2014;220019061;220000020;DECLA;0;0;0;0;1;0;0;0;0;0;0;0;0;0;0;0;0;0;0;0;0;0;0;0;0;0;0;0;0;0;0;0;0;0;0;0;0;0;0;
FILTRE;2014;220019061;220000020;INIT;0;0;0;0;1;1;0;0;0;0;0;0;0;0;0;;0;0;0;;;;;;;;;;;;;0;0;0;0;0;0;0;0;
FILTRE;2014;220019558;350000626;DECLA;0;0;0;0;0;0;1;0;0;0;0;1;0;0;0;0;0;0;0;0;0;0;0;0;0;0;0;0;0;0;0;0;0;0;0;0;0;0;0;
FILTRE;2014;220019558;350000626;INIT;0;0;0;0;0;0;0;0;0;0;0;1;0;0;0;;0;0;0;;;;;;;;;;;;;0;0;0;0;0;0;0;0;
FILTRE;2014;220019616;220019608;DECLA;0;0;0;0;0;0;0;0;0;0;0;0;0;0;1;0;0;0;0;0;0;0;0;0;0;0;0;0;0;0;0;0;0;0;0;0;0;0;0;
FILTRE;2014;220019616;220019608;INIT;0;0;0;0;0;0;0;0;0;0;0;0;0;0;1;;0;0;0;;;;;;;;;;;;;0;0;0;0;0;0;0;0;
FILTRE;2014;220019848;350000626;DECLA;0;0;0;0;0;0;0;0;0;0;0;1;0;0;0;0;0;0;0;0;0;0;0;0;0;0;0;0;0;0;0;0;0;0;0;0;0;0;0;
FILTRE;2014;220019848;350000626;INIT;0;0;0;0;0;0;0;0;0;0;0;1;0;0;0;;0;0;0;;;;;;;;;;;;;0;0;0;0;0;0;0;0;
FILTRE;2014;220020101;220000020;DECLA;0;0;0;0;0;0;0;0;0;0;0;1;0;0;0;0;0;0;0;0;0;0;0;0;0;0;1;0;0;0;0;0;0;0;0;0;0;0;0;
FILTRE;2014;220020101;220000020;INIT;0;0;0;0;0;0;0;0;0;0;0;1;0;0;0;;0;0;0;;;;;;;;;;;;;0;0;0;0;0;0;0;0;
FILTRE;2014;220020119;220000020;DECLA;0;0;0;0;0;0;0;0;0;0;0;1;0;0;0;0;0;0;0;0;0;0;0;0;0;0;1;0;0;0;0;0;0;0;0;0;0;0;0;
FILTRE;2014;220020119;220000020;INIT;0;0;0;0;0;0;0;0;0;0;0;1;0;0;0;;0;0;0;;;;;;;;;;;;;0;0;0;0;0;0;0;0;
FILTRE;2014;220020341;350000626;DECLA;0;0;0;0;0;0;0;0;0;0;0;0;0;0;1;0;0;0;0;0;0;0;0;0;0;0;0;0;0;0;0;0;0;0;0;0;0;0;0;
FILTRE;2014;220020341;350000626;INIT;0;0;0;0;0;0;0;0;0;0;0;0;0;0;1;;0;0;0;;;;;;;;;;;;;0;0;0;0;0;0;0;0;
FILTRE;2014;220020507;350000626;DECLA;0;0;0;0;0;0;1;0;0;0;0;1;0;0;0;0;0;0;0;0;0;0;0;0;0;0;0;0;0;0;0;0;0;0;0;0;0;0;0;
FILTRE;2014;220020507;350000626;INIT;0;0;0;0;0;0;0;0;0;0;0;1;0;0;0;;0;0;0;;;;;;;;;;;;;0;0;0;0;0;0;0;0;
FILTRE;2014;220020697;220020895;DECLA;0;0;0;0;0;0;0;0;0;1;0;0;0;0;0;0;0;0;0;0;0;0;0;0;0;0;0;0;0;0;0;0;0;0;0;0;0;0;0;
FILTRE;2014;220020697;220020895;INIT;0;0;0;0;0;0;0;0;0;1;0;0;0;0;0;;0;0;0;;;;;;;;;;;;;0;0;0;0;0;0;0;0;
FILTRE;2014;220022149;220000020;DECLA;0;0;0;0;0;0;0;0;0;0;0;1;0;0;0;0;0;0;0;0;0;0;0;0;0;0;1;0;0;0;0;0;0;0;0;0;0;0;0;
FILTRE;2014;220022149;220000020;INIT;0;0;0;0;0;0;0;0;0;0;0;1;0;0;0;;0;0;0;;;;;;;;;;;;;0;0;0;0;0;0;0;0;
FILTRE;2014;230000259;230780041;DECLA;0;0;0;0;0;1;0;0;0;0;0;0;0;0;0;0;0;0;0;0;0;0;0;0;0;0;0;0;0;0;0;0;0;0;0;0;0;0;0;
FILTRE;2014;230000259;230780041;INIT;0;0;0;0;0;1;0;0;0;0;0;0;0;0;0;;0;0;0;;;;;;;;;;;;;0;0;0;0;0;0;0;0;
FILTRE;2014;230000820;230780041;DECLA;1;1;1;0;1;0;1;1;0;1;1;0;1;0;0;0;1;1;1;1;1;1;0;1;1;1;1;1;1;1;1;1;1;1;0;0;0;0;0;
FILTRE;2014;230000820;230780041;INIT;1;1;1;0;1;0;1;1;0;1;1;0;1;0;0;;1;1;1;;;;;;;;;;;;;0;1;1;0;0;0;0;0;
FILTRE;2014;230000838;230780058;DECLA;0;0;0;0;1;1;0;0;0;0;0;0;0;0;0;0;0;0;0;0;0;0;0;1;0;0;0;0;0;0;1;0;0;0;0;0;0;0;0;
FILTRE;2014;230000838;230780058;INIT;0;0;0;0;1;1;0;0;0;0;0;0;0;0;0;;0;0;0;;;;;;;;;;;;;0;0;0;0;0;0;0;0;
FILTRE;2014;230000846;230780066;DECLA;1;0;0;0;1;1;1;0;0;0;0;0;0;0;0;0;0;0;0;1;0;0;0;1;0;1;0;0;0;1;1;0;0;0;0;0;0;0;0;
FILTRE;2014;230000846;230780066;INIT;1;0;0;0;1;1;1;0;0;0;0;0;0;0;0;;0;0;0;;;;;;;;;;;;;0;0;0;0;0;0;0;0;
FILTRE;2014;230000853;230780074;DECLA;0;0;0;1;0;0;0;0;1;0;0;0;0;0;0;0;0;0;0;0;0;0;0;1;0;1;1;0;0;0;1;0;0;0;0;0;0;0;0;
FILTRE;2014;230000853;230780074;INIT;0;0;0;1;1;0;0;0;1;0;0;0;0;0;0;;0;0;0;;;;;;;;;;;;;0;0;0;0;0;0;0;0;
FILTRE;2014;230000952;230780512;DECLA;0;0;0;0;1;1;0;0;0;0;0;0;0;0;0;0;0;0;0;0;0;0;0;1;0;0;0;0;0;0;0;0;0;0;0;0;0;0;0;
FILTRE;2014;230000952;230780512;INIT;0;0;0;0;1;1;0;0;0;0;0;0;0;0;0;;0;0;0;;;;;;;;;;;;;0;0;0;0;0;0;0;0;
FILTRE;2014;230000960;230780520;DECLA;0;0;0;0;1;1;0;0;0;0;0;0;0;0;0;0;0;0;0;0;0;0;0;1;0;0;0;0;0;0;1;0;0;0;0;0;0;0;0;
FILTRE;2014;230000960;230780520;INIT;0;0;0;0;1;1;0;0;0;0;0;0;0;0;0;;0;0;0;;;;;;;;;;;;;0;0;0;0;0;0;0;0;
FILTRE;2014;230003576;870000700;DECLA;0;0;0;0;0;0;0;0;0;0;0;1;0;0;0;0;0;0;0;0;0;0;0;0;0;0;0;0;0;0;0;0;0;0;0;0;0;0;0;
FILTRE;2014;230003576;870000700;INIT;0;0;0;0;0;0;0;0;0;0;0;1;0;0;0;;0;0;0;;;;;;;;;;;;;0;0;0;0;0;0;0;0;
FILTRE;2014;230004657;230780058;DECLA;1;0;0;0;0;0;0;1;0;0;0;0;0;0;0;0;1;0;1;1;0;0;0;1;1;1;0;0;0;1;0;0;0;0;0;0;0;0;0;
FILTRE;2014;230004657;230780058;INIT;1;0;0;0;0;0;1;1;0;0;0;0;0;0;0;;1;0;1;;;;;;;;;;;;;0;0;0;0;0;0;0;0;
FILTRE;2014;230780082;750005068;DECLA;1;0;0;0;1;0;1;0;0;0;1;0;0;0;0;0;0;0;1;1;0;1;0;1;0;1;1;0;0;1;1;0;1;0;0;0;0;0;0;
FILTRE;2014;230780082;750005068;INIT;1;0;0;0;1;0;1;0;0;0;1;0;0;0;0;;0;0;0;;;;;;;;;;;;;0;0;0;0;0;0;0;0;
FILTRE;2014;230780157;230000861;DECLA;1;1;0;0;0;0;1;1;0;0;1;0;0;0;0;0;0;0;1;0;0;1;0;1;0;0;0;0;0;1;0;0;1;1;0;0;0;0;0;
FILTRE;2014;230780157;230000861;INIT;1;1;0;0;0;0;1;1;0;0;0;0;0;0;0;;0;0;1;;;;;;;;;;;;;0;0;1;0;0;0;0;0;
FILTRE;2014;230780181;230000879;DECLA;0;0;0;1;0;0;0;0;0;0;0;0;0;0;0;0;0;0;0;0;0;0;0;1;0;0;0;0;0;0;0;0;0;0;0;0;0;0;0;
FILTRE;2014;230780181;230000879;INIT;0;0;0;1;0;0;0;0;0;0;0;0;0;0;0;;0;0;0;;;;;;;;;;;;;0;0;0;0;0;0;0;0;
FILTRE;2014;230782617;750000218;DECLA;0;0;0;0;1;0;0;0;0;0;1;0;0;0;1;0;0;0;0;1;0;0;0;1;1;1;0;1;0;1;1;0;0;0;0;0;0;0;0;
FILTRE;2014;230782617;750000218;INIT;0;0;0;0;1;0;0;0;0;0;1;0;0;0;1;;0;0;0;;;;;;;;;;;;;0;0;0;0;0;0;0;0;
FILTRE;2014;240000091;240000034;DECLA;0;0;0;0;1;0;0;0;0;0;0;0;0;0;0;0;0;0;0;0;0;0;0;1;0;1;0;0;0;1;1;0;0;0;0;0;0;0;0;
FILTRE;2014;240000091;240000034;INIT;0;0;0;0;1;0;0;0;0;0;0;0;0;0;0;;0;0;0;;;;;;;;;;;;;0;0;0;0;0;0;0;0;
FILTRE;2014;240000174;240000042;DECLA;1;0;0;0;1;0;0;0;0;0;0;0;0;0;0;0;0;0;0;0;0;0;0;1;0;1;0;0;0;0;1;0;0;0;0;0;0;0;0;
FILTRE;2014;240000174;240000042;INIT;1;0;0;0;1;0;0;0;0;0;0;0;0;0;0;;0;0;0;;;;;;;;;;;;;0;0;0;0;0;0;0;0;
FILTRE;2014;240000190;240000596;DECLA;1;1;1;0;0;0;0;1;0;0;1;0;1;0;0;0;1;0;1;0;0;0;0;1;1;1;0;0;0;1;0;0;1;1;0;0;0;0;0;
FILTRE;2014;240000190;240000596;INIT;1;1;0;0;0;0;0;1;0;1;1;0;1;0;0;;1;0;1;;;;;;;;;;;;;0;0;1;0;0;0;0;0;
FILTRE;2014;240000208;240000612;DECLA;1;1;0;0;1;0;1;1;0;0;0;0;0;0;0;0;0;0;1;0;0;1;1;1;1;1;0;0;0;0;0;0;1;1;0;0;0;0;0;
FILTRE;2014;240000208;240000612;INIT;0;1;0;0;1;0;0;1;0;0;0;0;0;0;0;;0;0;1;;;;;;;;;;;;;0;0;1;0;0;0;0;0;
FILTRE;2014;240000216;240000620;DECLA;0;1;0;0;0;0;0;1;0;0;0;0;0;0;0;0;0;0;1;1;0;1;0;1;1;1;0;0;0;0;0;0;0;0;0;0;0;0;0;
FILTRE;2014;240000216;240000620;INIT;0;1;0;0;0;0;0;1;0;0;0;0;0;0;0;;0;0;1;;;;;;;;;;;;;0;0;0;0;0;0;0;0;
FILTRE;2014;240000273;750043994;DECLA;0;0;0;0;1;0;0;0;0;0;0;0;0;0;0;0;0;0;0;0;0;0;0;0;0;0;0;0;0;0;0;0;0;0;0;0;0;0;0;
FILTRE;2014;240000273;750043994;INIT;0;0;0;0;1;0;0;0;0;0;0;0;0;0;0;;0;0;0;;;;;;;;;;;;;0;0;0;0;0;0;0;0;
FILTRE;2014;240000307;330056540;DECLA;0;0;0;0;1;0;0;0;0;0;0;0;0;0;0;0;0;0;0;0;0;0;0;1;0;1;0;0;0;1;0;0;0;0;0;0;0;0;0;
FILTRE;2014;240000307;330056540;INIT;0;0;0;0;1;0;0;0;0;0;0;0;0;0;0;;0;0;0;;;;;;;;;;;;;0;0;0;0;0;0;0;0;
FILTRE;2014;240000372;240000059;DECLA;1;1;1;0;0;1;1;1;0;0;1;0;1;0;0;0;1;1;1;1;1;1;0;1;1;1;1;1;1;0;1;0;1;1;0;0;0;0;0;
FILTRE;2014;240000372;240000059;INIT;1;1;1;0;0;1;0;1;0;0;0;0;1;0;0;;1;1;1;;;;;;;;;;;;;0;0;1;0;0;0;0;0;
FILTRE;2014;240000414;240000067;DECLA;1;0;0;0;1;0;1;0;0;0;0;0;0;0;0;0;0;0;0;0;0;0;0;1;0;1;0;0;0;0;1;0;0;0;0;0;0;0;0;
FILTRE;2014;240000414;240000067;INIT;1;0;0;0;1;0;1;0;0;0;0;0;0;0;0;;0;0;0;;;;;;;;;;;;;0;0;0;0;0;0;0;0;
FILTRE;2014;240000455;240000075;DECLA;1;0;0;0;1;0;0;0;0;0;0;0;0;0;0;0;0;0;0;0;0;0;0;1;0;1;0;0;0;0;1;0;0;0;0;0;0;0;0;
FILTRE;2014;240000455;240000075;INIT;1;0;0;0;1;0;0;0;0;0;0;0;0;0;0;;0;0;0;;;;;;;;;;;;;0;0;0;0;0;0;0;0;
FILTRE;2014;240000463;240000083;DECLA;1;0;0;1;1;0;0;0;1;0;0;0;0;0;0;0;0;0;0;0;0;0;0;1;0;1;0;0;0;0;1;0;0;0;0;0;0;0;0;
FILTRE;2014;240000463;240000083;INIT;0;0;0;1;1;0;0;0;1;0;0;0;0;0;0;;0;0;0;;;;;;;;;;;;;0;0;0;0;0;0;0;0;
FILTRE;2014;240000471;240000109;DECLA;1;0;0;0;1;1;0;0;0;0;0;0;0;0;0;0;0;0;0;0;0;0;0;1;1;1;0;0;0;0;0;0;0;0;0;0;0;0;0;
FILTRE;2014;240000471;240000109;INIT;1;0;0;0;1;1;0;0;0;0;0;0;0;0;0;;0;0;0;;;;;;;;;;;;;0;0;0;0;0;0;0;0;
FILTRE;2014;240000489;240000117;DECLA;1;1;1;0;1;1;1;1;0;0;1;0;1;0;1;1;1;1;1;1;1;1;0;1;1;1;0;1;1;1;1;1;1;1;0;0;0;0;0;
FILTRE;2014;240000489;240000117;INIT;1;1;1;1;1;1;1;1;1;0;1;0;1;0;1;;1;1;1;;;;;;;;;;;;;1;1;1;0;0;0;0;0;
FILTRE;2014;240000505;240000133;DECLA;1;0;0;0;1;0;0;0;0;0;0;0;0;0;0;0;0;0;0;0;0;0;0;1;0;1;0;0;0;0;0;0;0;0;0;0;0;0;0;
FILTRE;2014;240000505;240000133;INIT;1;0;0;0;1;0;0;0;0;0;0;0;0;0;0;;0;0;0;;;;;;;;;;;;;0;0;0;0;0;0;0;0;
FILTRE;2014;240000513;240000141;DECLA;1;0;0;0;1;0;0;0;0;0;0;0;0;0;0;0;0;0;0;0;0;0;0;1;1;1;0;0;0;0;1;0;0;0;0;0;0;0;0;
FILTRE;2014;240000513;240000141;INIT;1;0;0;0;1;0;0;0;0;0;0;0;0;0;0;;0;0;0;;;;;;;;;;;;;0;0;0;0;0;0;0;0;
FILTRE;2014;240000521;240000158;DECLA;1;0;0;0;1;0;0;0;0;0;0;0;0;0;0;0;0;0;0;0;0;0;0;1;1;1;0;0;0;0;1;0;0;0;0;0;0;0;0;
FILTRE;2014;240000521;240000158;INIT;1;0;0;0;1;0;0;0;0;0;0;0;0;0;0;;0;0;0;;;;;;;;;;;;;0;0;0;0;0;0;0;0;
FILTRE;2014;240000539;240000166;DECLA;0;0;0;0;1;1;0;0;0;0;0;0;0;0;0;0;0;0;0;0;0;0;0;1;0;1;0;0;0;0;0;0;0;0;0;0;0;0;0;
FILTRE;2014;240000539;240000166;INIT;0;0;0;0;1;1;0;0;0;0;0;0;0;0;0;;0;0;0;;;;;;;;;;;;;0;0;0;0;0;0;0;0;
FILTRE;2014;240000646;240000265;DECLA;0;0;0;1;0;0;0;0;1;0;0;0;0;0;0;0;0;0;0;0;0;0;0;1;0;0;0;0;0;0;1;0;0;0;0;0;0;0;0;
FILTRE;2014;240000646;240000265;INIT;0;0;0;1;0;0;0;0;1;0;0;0;0;0;0;;0;0;0;;;;;;;;;;;;;0;0;0;0;0;0;0;0;
FILTRE;2014;240000661;240000281;DECLA;0;0;0;0;1;0;0;0;0;0;0;0;0;0;0;0;0;0;0;0;0;0;0;0;0;0;0;0;0;0;0;0;0;0;0;0;0;0;0;
FILTRE;2014;240000661;240000281;INIT;0;0;0;0;1;0;0;0;0;0;0;0;0;0;0;;0;0;0;;;;;;;;;;;;;0;0;0;0;0;0;0;0;
FILTRE;2014;240000687;240000448;DECLA;1;1;1;1;1;1;1;1;1;0;0;0;1;0;1;1;1;1;1;1;0;1;0;1;1;1;0;0;0;0;0;0;1;0;0;0;0;0;0;
FILTRE;2014;240000687;240000448;INIT;1;1;1;1;1;1;1;1;1;0;0;0;1;0;1;;1;1;1;;;;;;;;;;;;;0;0;0;0;0;0;0;0;
FILTRE;2014;240002402;240003251;DECLA;0;0;0;0;1;0;0;0;0;0;0;0;0;0;0;0;0;0;0;0;0;0;0;1;0;1;0;0;0;0;0;0;0;0;0;0;0;0;0;
FILTRE;2014;240002402;240003251;INIT;0;0;0;0;1;0;0;0;0;0;0;0;0;0;0;;0;0;0;;;;;;;;;;;;;0;0;0;0;0;0;0;0;
FILTRE;2014;240002691;330000266;DECLA;0;0;0;0;0;0;0;0;0;0;0;1;0;0;0;0;0;0;0;0;0;0;0;0;0;0;0;0;0;0;0;0;0;0;0;0;0;0;0;
FILTRE;2014;240002691;330000266;INIT;0;0;0;0;0;0;0;0;0;0;0;1;0;0;0;;0;0;0;;;;;;;;;;;;;0;0;0;0;0;0;0;0;
FILTRE;2014;240002725;330000266;DECLA;0;0;0;0;0;0;0;0;0;0;0;1;0;0;0;0;0;0;0;0;0;0;0;0;0;0;0;0;0;0;0;0;0;0;0;0;0;0;0;
FILTRE;2014;240002725;330000266;INIT;0;0;0;0;0;0;0;0;0;0;0;1;0;0;0;;0;0;0;;;;;;;;;;;;;0;0;0;0;0;0;0;0;
FILTRE;2014;240003293;240013417;DECLA;0;0;0;0;0;0;0;0;0;0;0;1;0;0;0;0;0;0;0;0;0;0;0;0;0;0;0;0;0;0;0;0;0;0;0;0;0;0;0;
FILTRE;2014;240003293;240013417;INIT;0;0;0;0;0;0;0;0;0;0;0;1;0;0;0;;0;0;0;;;;;;;;;;;;;0;0;0;0;0;0;0;0;
FILTRE;2014;240003301;240013417;DECLA;0;0;0;0;0;0;0;0;0;0;0;1;0;0;0;0;0;0;0;0;0;0;0;0;0;0;0;0;0;0;0;0;0;0;0;0;0;0;0;
FILTRE;2014;240003301;240013417;INIT;0;0;0;0;0;0;0;0;0;0;0;1;0;0;0;;0;0;0;;;;;;;;;;;;;0;0;0;0;0;0;0;0;
FILTRE;2014;240003392;240000117;DECLA;0;0;0;1;0;0;0;0;1;0;0;0;0;0;0;0;0;0;0;0;0;0;0;0;0;0;0;0;0;0;0;0;1;1;0;0;0;0;0;
FILTRE;2014;240003392;240000117;INIT;0;0;0;0;0;0;0;0;1;0;0;0;0;0;0;;0;0;0;;;;;;;;;;;;;0;0;0;0;0;0;0;0;
FILTRE;2014;240006734;240000596;DECLA;0;0;0;0;0;0;1;0;0;0;0;1;0;0;0;0;0;0;0;0;0;0;0;0;0;0;0;0;0;0;0;0;0;0;0;0;0;0;0;
FILTRE;2014;240006734;240000596;INIT;0;0;0;0;0;0;0;0;0;0;0;1;0;0;0;;0;0;0;;;;;;;;;;;;;0;0;0;0;0;0;0;0;
FILTRE;2014;240008318;240002428;DECLA;0;0;0;0;1;0;0;0;0;0;0;0;0;0;0;0;0;0;0;0;0;0;0;1;0;1;0;0;0;0;1;0;0;0;0;0;0;0;0;
FILTRE;2014;240008318;240002428;INIT;0;0;0;0;1;0;0;0;0;0;0;0;0;0;0;;0;0;0;;;;;;;;;;;;;0;0;0;0;0;0;0;0;
FILTRE;2014;240011668;240000612;DECLA;0;0;0;0;0;0;0;0;0;0;1;0;0;0;1;0;0;0;0;0;0;0;0;0;0;1;0;0;0;0;0;0;0;0;0;0;0;0;0;
FILTRE;2014;240011668;240000612;INIT;0;0;0;0;0;0;0;0;0;0;0;0;0;0;1;;0;0;0;;;;;;;;;;;;;0;0;0;0;0;0;0;0;
FILTRE;2014;240013219;240013417;DECLA;0;0;0;0;0;0;0;0;0;0;0;1;0;0;0;0;0;0;0;0;0;0;0;0;0;0;0;0;0;0;0;0;0;0;0;0;0;0;0;
FILTRE;2014;240013219;240013417;INIT;0;0;0;0;0;0;0;0;0;0;0;1;0;0;0;;0;0;0;;;;;;;;;;;;;0;0;0;0;0;0;0;0;
FILTRE;2014;240013466;240013417;DECLA;0;0;0;0;0;0;0;0;0;0;0;1;0;0;0;0;0;0;0;0;0;0;0;0;0;0;0;0;0;0;0;0;0;0;0;0;0;0;0;
FILTRE;2014;240013466;240013417;INIT;0;0;0;0;0;0;0;0;0;0;0;1;0;0;0;;0;0;0;;;;;;;;;;;;;0;0;0;0;0;0;0;0;
FILTRE;2014;250000023;250000015;DECLA;1;0;0;1;0;0;0;0;1;0;0;0;0;0;0;0;0;0;0;0;1;0;0;0;0;0;0;0;0;0;0;0;0;0;0;0;0;0;0;
FILTRE;2014;250000023;250000015;INIT;1;0;0;1;0;0;1;0;1;0;0;0;0;0;0;;0;0;0;;;;;;;;;;;;;0;0;0;0;0;0;0;0;
FILTRE;2014;250000114;900000365;DECLA;1;1;1;0;0;0;1;1;0;0;0;1;1;0;0;1;1;1;1;1;0;1;1;0;0;0;0;1;1;1;0;1;1;1;0;0;0;0;0;
FILTRE;2014;250000114;900000365;INIT;1;1;1;0;0;0;1;1;0;0;0;1;1;0;1;;1;1;1;;;;;;;;;;;;;1;1;1;0;0;0;0;0;
FILTRE;2014;250000270;250000643;DECLA;1;1;0;0;1;0;1;1;0;0;0;0;0;0;0;0;0;0;1;1;0;1;0;1;1;1;0;1;0;0;0;1;1;1;0;0;0;0;0;
FILTRE;2014;250000270;250000643;INIT;1;1;0;0;1;0;1;1;0;0;0;0;0;0;0;;0;0;1;;;;;;;;;;;;;1;0;1;0;0;0;0;0;
FILTRE;2014;250000288;250000643;DECLA;0;0;0;0;1;0;0;0;0;0;0;0;0;0;0;0;0;0;0;0;0;0;0;1;0;1;0;0;0;0;0;0;0;0;0;0;0;0;0;
FILTRE;2014;250000288;250000643;INIT;0;0;0;0;1;0;0;0;0;0;0;0;0;0;0;;0;0;0;;;;;;;;;;;;;0;0;0;0;0;0;0;0;
FILTRE;2014;250000544;250002284;DECLA;0;0;0;0;1;0;0;0;0;0;0;0;0;0;0;0;0;0;0;0;0;0;0;1;0;1;0;0;0;0;0;0;0;0;0;0;0;0;0;
FILTRE;2014;250000544;250002284;INIT;0;0;0;0;1;0;0;0;0;0;0;0;0;0;0;;0;0;0;;;;;;;;;;;;;0;0;0;0;0;0;0;0;
FILTRE;2014;250000619;250000452;DECLA;0;0;0;1;0;0;0;0;1;0;0;0;0;0;0;0;0;0;0;0;0;0;0;0;0;0;0;0;0;0;1;0;0;0;0;0;0;0;0;
FILTRE;2014;250000619;250000452;INIT;0;0;0;1;0;0;0;0;1;0;0;0;0;0;0;;0;0;0;;;;;;;;;;;;;0;0;0;0;0;0;0;0;
FILTRE;2014;250000627;250000221;DECLA;1;0;0;0;1;1;1;0;0;0;0;0;0;0;0;0;0;0;0;0;0;0;0;1;0;0;0;1;0;0;1;0;0;0;0;0;0;0;0;
FILTRE;2014;250000627;250000221;INIT;1;0;0;0;1;1;1;0;0;0;0;0;0;0;0;;0;0;0;;;;;;;;;;;;;0;0;0;0;0;0;0;0;
FILTRE;2014;250000635;250000239;DECLA;1;0;0;0;1;1;0;0;0;0;0;0;0;0;0;0;0;0;0;0;0;0;0;1;0;1;1;0;0;0;1;0;0;0;0;0;0;0;0;
FILTRE;2014;250000635;250000239;INIT;1;0;0;0;1;1;1;0;0;0;0;0;0;0;0;;0;0;0;;;;;;;;;;;;;0;0;0;0;0;0;0;0;
FILTRE;2014;250000700;250000452;DECLA;1;1;1;0;0;0;1;1;0;0;1;0;1;0;0;0;1;1;1;1;1;1;0;1;1;1;1;1;1;1;1;0;1;1;0;0;0;0;0;
FILTRE;2014;250000700;250000452;INIT;1;1;1;0;0;0;1;1;0;0;1;0;1;0;0;;1;1;1;;;;;;;;;;;;;0;0;1;0;0;0;0;0;
FILTRE;2014;250000718;250000460;DECLA;0;0;0;1;0;0;0;0;1;0;0;0;0;0;0;0;0;0;0;1;0;1;0;1;1;1;1;0;0;0;1;0;0;0;0;0;0;0;0;
FILTRE;2014;250000718;250000460;INIT;0;0;0;1;0;0;0;0;1;0;0;0;0;0;0;;0;0;0;;;;;;;;;;;;;0;0;0;0;0;0;0;0;
FILTRE;2014;250000726;250000478;DECLA;1;0;0;0;1;0;1;0;0;0;0;0;0;0;0;0;0;0;0;0;0;0;0;1;0;1;1;0;0;0;1;0;0;0;0;0;0;0;0;
FILTRE;2014;250000726;250000478;INIT;1;0;0;0;1;0;1;0;0;0;0;0;0;0;0;;0;0;0;;;;;;;;;;;;;0;0;0;0;0;0;0;0;
FILTRE;2014;250000734;250000452;DECLA;1;0;0;0;1;0;1;0;0;0;0;0;0;0;0;0;0;0;0;0;0;0;0;0;0;0;0;0;0;1;0;0;0;0;0;0;0;0;0;
FILTRE;2014;250000734;250000452;INIT;1;0;0;0;1;0;1;0;0;0;0;0;0;0;0;;0;0;0;;;;;;;;;;;;;0;0;0;0;0;0;0;0;
FILTRE;2014;250000759;250000569;DECLA;0;0;0;0;1;0;0;0;0;0;0;0;0;0;0;0;0;0;0;0;0;0;0;1;0;0;0;0;0;0;0;0;0;0;0;0;0;0;0;
FILTRE;2014;250000759;250000569;INIT;0;0;0;0;1;0;0;0;0;0;0;0;0;0;0;;0;0;0;;;;;;;;;;;;;0;0;0;0;0;0;0;0;
FILTRE;2014;250000882;250002839;DECLA;0;0;0;0;1;1;0;0;0;0;0;0;0;0;0;1;0;0;0;0;0;0;0;1;1;1;0;0;0;0;1;0;0;0;0;0;0;0;0;
FILTRE;2014;250000882;250002839;INIT;0;0;0;0;1;1;0;0;0;0;0;0;0;0;0;;0;0;0;;;;;;;;;;;;;0;0;0;0;0;0;0;0;
FILTRE;2014;250001237;250007598;DECLA;0;0;0;0;0;1;0;0;0;0;0;0;0;0;0;0;0;0;0;0;0;0;0;1;0;0;0;0;0;0;1;0;0;0;0;0;0;0;0;
FILTRE;2014;250001237;250007598;INIT;0;0;0;0;0;1;0;0;0;0;0;0;0;0;0;;0;0;0;;;;;;;;;;;;;0;0;0;0;0;0;0;0;
FILTRE;2014;250001252;250007788;DECLA;0;0;0;0;0;1;0;0;0;0;0;0;0;0;0;0;0;0;0;0;0;0;0;1;0;0;0;0;0;0;1;0;0;0;0;0;0;0;0;
FILTRE;2014;250001252;250007788;INIT;0;0;0;0;0;1;0;0;0;0;0;0;0;0;0;;0;0;0;;;;;;;;;;;;;0;0;0;0;0;0;0;0;
FILTRE;2014;250004009;900000365;DECLA;1;0;0;0;1;1;1;0;0;1;1;0;0;0;0;1;0;0;0;0;0;0;0;0;0;0;0;0;0;1;0;0;0;0;0;0;0;0;0;
FILTRE;2014;250004009;900000365;INIT;1;0;0;0;1;1;1;0;0;1;1;0;0;0;0;;0;0;0;;;;;;;;;;;;;0;0;0;0;0;0;0;0;
FILTRE;2014;250005196;250001013;DECLA;0;0;0;1;0;0;0;0;1;0;0;0;0;0;0;0;0;0;0;0;0;0;0;0;0;0;0;0;0;0;0;0;0;0;0;0;0;0;0;
FILTRE;2014;250005196;250001013;INIT;0;0;0;1;0;0;0;0;1;0;0;0;0;0;0;;0;0;0;;;;;;;;;;;;;0;0;0;0;0;0;0;0;
FILTRE;2014;250006954;250000015;DECLA;1;1;1;0;1;0;1;1;1;1;1;1;1;1;0;1;1;1;1;1;1;1;1;1;1;1;1;1;1;1;0;1;1;1;1;1;1;0;1;
FILTRE;2014;250006954;250000015;INIT;1;1;1;0;1;0;1;1;0;1;1;1;1;0;0;;1;1;1;;;;;;;;;;;;;1;1;1;1;1;1;0;1;
FILTRE;2014;250007234;250000452;DECLA;0;0;0;0;0;1;0;0;0;0;0;0;0;0;0;0;0;0;0;0;0;0;0;0;0;0;0;0;0;0;1;0;0;0;0;0;0;0;0;
FILTRE;2014;250007234;250000452;INIT;0;0;0;0;0;1;0;0;0;0;0;0;0;0;0;;0;0;0;;;;;;;;;;;;;0;0;0;0;0;0;0;0;
FILTRE;2014;250011723;250017126;DECLA;1;1;1;0;0;0;0;1;0;0;0;0;1;0;0;0;0;0;1;1;0;0;0;1;1;0;0;0;0;0;0;0;0;1;0;0;0;0;0;
FILTRE;2014;250011723;250017126;INIT;0;1;1;0;0;0;0;1;0;0;0;0;1;0;0;;0;0;1;;;;;;;;;;;;;0;0;1;0;0;0;0;0;
FILTRE;2014;250011848;250017803;DECLA;1;1;1;0;0;0;1;1;0;0;1;0;1;0;0;0;0;0;1;0;0;0;0;1;1;1;0;0;0;0;0;0;1;1;0;0;0;0;0;
FILTRE;2014;250011848;250017803;INIT;0;1;1;0;0;0;0;1;0;0;0;0;1;0;0;;0;0;1;;;;;;;;;;;;;0;0;1;0;0;0;0;0;
FILTRE;2014;250012069;250017803;DECLA;0;0;0;0;0;0;0;0;0;0;0;0;0;0;1;0;0;0;0;0;0;0;0;0;0;0;0;0;0;0;0;0;0;0;0;0;0;0;0;
FILTRE;2014;250012838;250017803;DECLA;0;0;0;0;0;0;0;0;0;0;0;0;0;0;1;0;0;0;0;0;0;0;0;0;0;0;0;0;0;0;0;0;0;0;0;0;0;0;0;
FILTRE;2014;250012838;250017803;INIT;0;0;0;0;0;0;0;0;0;0;0;0;0;0;1;;0;0;0;;;;;;;;;;;;;0;0;0;0;0;0;0;0;
FILTRE;2014;250013448;670005834;DECLA;0;0;0;0;0;0;0;0;0;0;0;1;0;0;0;0;0;0;0;0;0;0;0;0;0;0;0;0;0;0;0;0;0;0;0;0;0;0;0;
FILTRE;2014;250013448;670005834;INIT;0;0;0;0;0;0;0;0;0;0;0;1;0;0;0;;0;0;0;;;;;;;;;;;;;0;0;0;0;0;0;0;0;
FILTRE;2014;250014008;700004096;DECLA;0;0;0;1;0;0;0;0;1;0;0;0;0;0;0;0;0;0;0;0;0;0;0;0;0;1;0;0;0;0;0;0;0;0;0;0;0;0;0;
FILTRE;2014;250014008;700004096;INIT;0;0;0;1;0;0;0;0;1;0;0;0;0;0;0;;0;0;0;;;;;;;;;;;;;0;0;0;0;0;0;0;0;
FILTRE;2014;250015526;670005834;DECLA;0;0;0;0;0;0;0;0;0;0;0;1;0;0;0;0;0;0;0;0;0;0;0;0;0;0;0;0;0;0;0;0;0;0;0;0;0;0;0;
FILTRE;2014;250015526;670005834;INIT;0;0;0;0;0;0;0;0;0;0;0;1;0;0;0;;0;0;0;;;;;;;;;;;;;0;0;0;0;0;0;0;0;
FILTRE;2014;250015534;670005834;DECLA;0;0;0;0;0;0;0;0;0;0;0;1;0;0;0;0;0;0;0;0;0;0;0;0;0;0;0;0;0;0;0;0;0;0;0;0;0;0;0;
FILTRE;2014;250015534;670005834;INIT;0;0;0;0;0;0;0;0;0;0;0;1;0;0;0;;0;0;0;;;;;;;;;;;;;0;0;0;0;0;0;0;0;
FILTRE;2014;250016003;250006335;DECLA;0;0;0;0;1;0;0;0;0;0;0;0;0;0;0;0;0;0;0;0;0;0;0;0;0;0;0;0;0;0;0;0;0;0;0;0;0;0;0;
FILTRE;2014;250016003;250006335;INIT;0;0;0;0;1;0;0;0;0;0;0;0;0;0;0;;0;0;0;;;;;;;;;;;;;0;0;0;0;0;0;0;0;
FILTRE;2014;250016037;250017803;DECLA;0;0;0;0;0;0;0;0;0;0;0;0;0;0;1;0;0;0;0;0;0;0;0;0;0;0;0;0;0;0;0;0;0;0;0;0;0;0;0;
FILTRE;2014;250016045;250017803;DECLA;0;0;0;0;0;0;0;0;0;0;0;0;0;0;1;0;0;0;0;0;0;0;0;0;0;0;0;0;0;0;0;0;0;0;0;0;0;0;0;
FILTRE;2014;250016045;250017803;INIT;0;0;0;0;0;0;0;0;0;0;0;0;0;0;1;;0;0;0;;;;;;;;;;;;;0;0;0;0;0;0;0;0;
FILTRE;2014;250019478;250000015;DECLA;0;0;0;0;1;0;0;0;0;0;0;0;0;0;0;0;0;0;0;0;0;0;0;0;0;0;0;0;0;0;0;0;0;0;0;0;0;0;0;
FILTRE;2014;250019478;250000015;INIT;0;0;0;0;1;0;0;0;0;0;0;0;0;0;0;;0;0;0;;;;;;;;;;;;;0;0;0;0;0;0;0;0;
FILTRE;2014;260000013;260000021;DECLA;1;1;1;0;1;1;1;1;0;0;1;0;1;1;0;0;1;1;1;1;1;1;1;1;1;1;1;1;1;1;1;1;1;1;1;0;0;0;0;
FILTRE;2014;260000013;260000021;INIT;1;1;1;0;1;1;1;1;0;0;1;0;1;0;0;;1;1;1;;;;;;;;;;;;;1;1;1;1;0;0;0;0;
FILTRE;2014;260000120;260016910;DECLA;1;1;1;0;1;0;1;1;0;0;1;1;1;0;0;1;1;1;1;1;1;1;1;1;1;1;0;1;0;1;1;0;1;1;0;0;0;0;0;
FILTRE;2014;260000120;260016910;INIT;1;1;1;0;1;0;1;1;0;0;1;1;1;0;0;;1;1;1;;;;;;;;;;;;;0;0;1;0;0;0;0;0;
FILTRE;2014;260000138;260000047;DECLA;1;1;1;0;1;1;1;1;0;1;1;0;1;0;1;1;1;1;1;1;1;1;0;1;1;1;1;1;0;1;1;0;1;1;0;0;0;0;0;
FILTRE;2014;260000138;260000047;INIT;1;1;1;0;1;1;1;1;0;1;1;0;1;0;1;;1;1;1;;;;;;;;;;;;;0;1;1;0;0;0;0;0;
FILTRE;2014;260000146;260000054;DECLA;1;0;0;0;0;0;1;1;0;0;1;0;1;1;1;0;1;0;1;1;0;0;1;1;0;1;1;1;0;1;1;0;0;0;0;0;0;0;0;
FILTRE;2014;260000146;260000054;INIT;1;0;0;0;0;0;1;1;0;0;1;0;1;1;1;;1;0;1;;;;;;;;;;;;;0;0;0;0;0;0;0;0;
FILTRE;2014;260000153;690795331;DECLA;0;0;0;0;1;0;0;0;0;0;0;0;0;0;0;0;0;0;0;0;0;0;0;1;0;1;0;0;0;0;1;0;0;0;0;0;0;0;0;
FILTRE;2014;260000153;690795331;INIT;0;0;0;0;1;0;0;0;0;0;0;0;0;0;0;;0;0;0;;;;;;;;;;;;;0;0;0;0;0;0;0;0;
FILTRE;2014;260000195;260006770;DECLA;1;0;0;0;1;1;1;0;0;0;0;0;0;0;0;0;0;0;0;1;0;1;0;1;0;1;0;0;0;0;0;0;0;0;0;0;0;0;0;
FILTRE;2014;260000195;260006770;INIT;1;0;0;0;1;1;1;0;0;0;0;0;0;0;0;;0;0;0;;;;;;;;;;;;;0;0;0;0;0;0;0;0;
FILTRE;2014;260000203;260016910;DECLA;1;0;0;1;1;0;1;0;1;0;0;0;0;0;0;1;1;1;0;1;0;0;0;0;0;0;0;0;0;0;0;0;0;0;0;0;0;0;0;
FILTRE;2014;260000203;260016910;INIT;1;0;0;1;1;0;1;0;1;0;0;0;1;0;0;;1;0;0;;;;;;;;;;;;;0;0;0;0;0;0;0;0;
FILTRE;2014;260000229;260000070;DECLA;0;0;0;0;1;0;0;0;0;0;0;0;0;0;0;0;0;0;0;0;0;0;0;1;0;1;0;1;0;0;1;0;0;0;0;0;0;0;0;
FILTRE;2014;260000229;260000070;INIT;0;0;0;0;1;0;0;0;0;0;0;0;0;0;0;;0;0;0;;;;;;;;;;;;;0;0;0;0;0;0;0;0;
FILTRE;2014;260000237;260000088;DECLA;1;0;0;0;1;0;1;0;0;0;0;0;0;0;0;0;0;0;0;1;0;0;0;1;0;0;1;0;0;0;1;0;0;0;0;0;0;0;0;
FILTRE;2014;260000237;260000088;INIT;1;0;0;0;1;0;1;0;0;0;0;0;0;0;0;;0;0;0;;;;;;;;;;;;;0;0;0;0;0;0;0;0;
FILTRE;2014;260000260;260000377;DECLA;1;1;0;0;0;0;0;1;0;0;0;0;0;0;0;0;0;0;1;1;0;1;0;1;1;1;0;0;0;0;0;0;1;1;0;0;0;0;0;
FILTRE;2014;260000260;260000377;INIT;0;1;0;0;0;0;0;1;0;0;0;0;0;0;0;;0;0;1;;;;;;;;;;;;;0;0;1;0;0;0;0;0;
FILTRE;2014;260000278;260000096;DECLA;1;0;0;0;1;0;0;0;0;0;0;0;0;0;0;0;0;0;0;1;0;0;0;1;0;0;1;0;0;0;1;0;0;0;0;0;0;0;0;
FILTRE;2014;260000278;260000096;INIT;1;0;0;0;1;0;1;0;0;0;0;0;0;0;0;;0;0;0;;;;;;;;;;;;;0;0;0;0;0;0;0;0;
FILTRE;2014;260000286;260000104;DECLA;1;1;1;0;1;0;1;0;0;0;1;0;1;0;0;0;1;0;1;1;0;0;1;1;1;1;1;0;0;0;1;0;0;0;0;0;0;0;0;
FILTRE;2014;260000286;260000104;INIT;1;1;1;0;1;0;1;0;0;0;1;0;1;0;0;;1;0;1;;;;;;;;;;;;;0;0;0;0;0;0;0;0;
FILTRE;2014;260000302;260000161;DECLA;0;0;0;1;0;0;0;0;0;0;0;0;0;0;0;0;0;0;0;1;0;0;0;1;0;1;0;0;0;0;0;0;0;0;0;0;0;0;0;
FILTRE;2014;260000302;260000161;INIT;0;0;0;1;0;0;0;0;0;0;0;0;0;0;0;;0;0;0;;;;;;;;;;;;;0;0;0;0;0;0;0;0;
FILTRE;2014;260000682;930019484;DECLA;0;0;0;0;1;0;0;0;0;0;0;0;0;0;0;0;0;0;0;0;0;1;0;1;0;1;0;0;0;0;1;0;0;0;0;0;0;0;0;
FILTRE;2014;260000682;930019484;INIT;0;0;0;0;1;0;0;0;0;0;0;0;0;0;0;;0;0;0;;;;;;;;;;;;;0;0;0;0;0;0;0;0;
FILTRE;2014;260000823;260003264;DECLA;0;0;0;1;0;1;0;0;1;0;0;0;0;0;0;0;0;0;0;0;0;0;0;1;0;1;0;0;0;0;1;0;0;0;0;0;0;0;0;
FILTRE;2014;260000823;260003264;INIT;0;0;0;1;0;1;0;0;1;0;0;0;0;0;0;;0;0;0;;;;;;;;;;;;;0;0;0;0;0;0;0;0;
FILTRE;2014;260001631;380793802;DECLA;0;0;0;0;0;0;0;0;0;0;0;1;0;0;0;0;0;0;0;0;0;0;0;0;0;1;0;0;0;0;0;0;0;0;0;0;0;0;0;
FILTRE;2014;260001631;380793802;INIT;0;0;0;0;0;0;0;0;0;0;0;1;0;0;0;;0;0;0;;;;;;;;;;;;;0;0;0;0;0;0;0;0;
FILTRE;2014;260003017;260000781;DECLA;1;1;0;0;0;0;0;1;0;0;0;0;0;0;0;0;0;0;1;1;0;1;0;1;1;1;0;0;0;1;0;0;1;1;0;0;0;0;0;
FILTRE;2014;260003017;260000781;INIT;1;1;0;0;0;0;1;1;0;0;0;0;0;0;0;;0;0;1;;;;;;;;;;;;;0;0;1;0;0;0;0;0;
FILTRE;2014;260003140;380793802;DECLA;0;0;0;0;0;0;0;0;0;0;0;1;0;0;0;0;0;0;0;0;0;0;0;0;0;1;0;0;0;0;0;0;0;0;0;0;0;0;0;
FILTRE;2014;260003140;380793802;INIT;0;0;0;0;0;0;0;0;0;0;0;1;0;0;0;;0;0;0;;;;;;;;;;;;;0;0;0;0;0;0;0;0;
FILTRE;2014;260003157;070001649;DECLA;0;0;0;0;0;0;0;0;0;1;0;0;0;0;0;0;0;0;0;0;0;0;0;0;0;0;0;0;0;0;0;0;0;0;0;0;0;0;0;
FILTRE;2014;260003157;070001649;INIT;0;0;0;0;0;0;0;0;0;1;0;0;0;0;0;;0;0;0;;;;;;;;;;;;;0;0;0;0;0;0;0;0;
FILTRE;2014;260003215;380793802;DECLA;0;0;0;0;0;0;0;0;0;0;0;1;0;0;0;0;0;0;0;0;0;0;0;0;0;1;0;0;0;0;0;0;0;0;0;0;0;0;0;
FILTRE;2014;260003215;380793802;INIT;0;0;0;0;0;0;0;0;0;0;0;1;0;0;0;;0;0;0;;;;;;;;;;;;;0;0;0;0;0;0;0;0;
FILTRE;2014;260003280;260016910;DECLA;0;0;0;1;0;0;0;0;1;0;0;0;0;0;0;0;0;0;0;0;0;0;0;0;0;0;0;0;0;0;0;0;0;0;0;0;0;0;0;
FILTRE;2014;260003280;260016910;INIT;0;0;0;1;0;0;0;0;1;0;0;0;0;0;0;;0;0;0;;;;;;;;;;;;;0;0;0;0;0;0;0;0;
FILTRE;2014;260006267;070000245;DECLA;1;1;0;0;1;0;1;1;0;0;1;0;0;0;0;1;0;0;1;1;0;1;0;1;0;1;0;0;0;1;0;0;0;0;0;0;0;0;0;
FILTRE;2014;260006267;070000245;INIT;1;1;0;0;1;0;1;1;0;0;1;0;0;0;0;;0;0;1;;;;;;;;;;;;;0;0;0;0;0;0;0;0;
FILTRE;2014;260006655;260000047;DECLA;0;0;0;1;0;0;0;0;1;0;0;0;0;0;0;0;0;0;0;0;0;0;0;0;0;0;0;0;0;0;0;0;0;0;0;0;0;0;0;
FILTRE;2014;260006655;260000047;INIT;0;0;0;0;0;0;0;0;1;0;0;0;0;0;0;;0;0;0;;;;;;;;;;;;;0;0;0;0;0;0;0;0;
FILTRE;2014;260006820;380793802;DECLA;0;0;0;0;0;0;0;0;0;0;0;1;0;0;0;0;0;0;0;0;0;0;0;0;0;1;0;0;0;0;0;0;0;0;0;0;0;0;0;
FILTRE;2014;260006820;380793802;INIT;0;0;0;0;0;0;0;0;0;0;0;1;0;0;0;;0;0;0;;;;;;;;;;;;;0;0;0;0;0;0;0;0;
FILTRE;2014;260006838;380793802;DECLA;0;0;0;0;0;0;0;0;0;0;0;1;0;0;0;0;0;0;0;0;0;0;0;0;0;1;0;0;0;0;0;0;0;0;0;0;0;0;0;
FILTRE;2014;260006838;380793802;INIT;0;0;0;0;0;0;0;0;0;0;0;1;0;0;0;;0;0;0;;;;;;;;;;;;;0;0;0;0;0;0;0;0;
FILTRE;2014;260010418;690796552;DECLA;0;0;0;0;0;0;0;0;0;0;0;1;0;0;0;0;0;0;0;0;0;0;0;0;0;1;0;0;0;0;0;0;0;0;0;0;0;0;0;
FILTRE;2014;260010418;690796552;INIT;0;0;0;0;0;0;0;0;0;0;0;1;0;0;0;;0;0;0;;;;;;;;;;;;;0;0;0;0;0;0;0;0;
FILTRE;2014;260012760;690796552;DECLA;0;0;0;0;0;0;0;0;0;0;0;1;0;0;0;0;0;0;0;0;0;0;0;0;0;1;0;0;0;0;0;0;0;0;0;0;0;0;0;
FILTRE;2014;260012760;690796552;INIT;0;0;0;0;0;0;0;0;0;0;0;1;0;0;0;;0;0;0;;;;;;;;;;;;;0;0;0;0;0;0;0;0;
FILTRE;2014;260015276;260006770;DECLA;1;0;0;0;0;0;0;0;0;0;0;0;0;0;0;0;0;0;0;1;0;1;0;0;0;0;0;0;0;0;0;0;0;0;0;0;0;0;0;
FILTRE;2014;260015276;260006770;INIT;0;0;0;0;1;0;0;0;0;0;0;0;0;0;0;;0;0;0;;;;;;;;;;;;;0;0;0;0;0;0;0;0;
FILTRE;2014;260016993;380793802;DECLA;0;0;0;0;0;0;0;0;0;0;0;1;0;0;0;0;0;0;0;0;0;0;0;0;0;1;0;0;0;0;0;0;0;0;0;0;0;0;0;
FILTRE;2014;260016993;380793802;INIT;0;0;0;0;0;0;0;0;0;0;0;1;0;0;0;;0;0;0;;;;;;;;;;;;;0;0;0;0;0;0;0;0;
FILTRE;2014;260017454;260016761;DECLA;0;0;0;0;1;0;0;0;0;0;0;0;0;0;0;0;0;0;0;0;0;0;0;1;0;1;0;0;0;0;0;0;0;0;0;0;0;0;0;
FILTRE;2014;260017454;260016761;INIT;0;0;0;0;1;0;0;0;0;0;0;0;0;0;0;;0;0;0;;;;;;;;;;;;;0;0;0;0;0;0;0;0;
FILTRE;2014;270000045;270000060;DECLA;1;1;1;0;1;0;1;1;0;0;0;0;1;0;0;0;1;1;1;1;0;1;0;1;1;1;0;0;0;1;1;0;0;0;0;0;0;0;0;
FILTRE;2014;270000045;270000060;INIT;1;1;1;0;1;0;1;1;1;0;0;0;1;0;0;;1;1;1;;;;;;;;;;;;;0;0;0;0;0;0;0;0;
FILTRE;2014;270000326;270000680;DECLA;1;1;0;0;0;0;1;1;0;0;1;0;0;0;0;1;1;0;1;1;0;0;0;1;1;0;0;0;0;1;0;0;1;1;0;0;0;0;0;
FILTRE;2014;270000326;270000680;INIT;1;1;0;0;0;0;1;1;0;0;1;0;0;0;0;;1;0;1;;;;;;;;;;;;;0;0;1;0;0;0;0;0;
FILTRE;2014;270000342;270000698;DECLA;0;0;0;0;1;0;0;0;0;0;0;0;0;0;0;0;0;0;0;0;0;0;0;0;0;0;0;0;0;0;0;0;0;0;0;0;0;0;0;
FILTRE;2014;270000342;270000698;INIT;0;0;0;0;1;0;0;0;0;0;0;0;0;0;0;;0;0;0;;;;;;;;;;;;;0;0;0;0;0;0;0;0;
FILTRE;2014;270000359;270023724;DECLA;1;1;1;0;0;0;1;1;0;0;1;1;1;0;0;1;1;1;1;1;1;1;0;1;1;1;1;1;1;1;0;1;1;1;0;0;0;0;0;
FILTRE;2014;270000359;270023724;INIT;1;1;1;0;1;0;1;1;0;0;1;1;1;0;1;;1;1;1;;;;;;;;;;;;;1;1;1;0;0;0;0;0;
FILTRE;2014;270000367;270000086;DECLA;1;1;1;0;1;1;1;1;0;0;0;0;1;0;0;1;1;1;1;1;1;0;1;1;1;1;1;0;0;1;1;0;0;0;0;0;0;0;0;
FILTRE;2014;270000367;270000086;INIT;1;1;1;0;1;1;1;1;0;0;0;0;1;0;0;;1;1;1;;;;;;;;;;;;;0;0;0;0;0;0;0;0;
FILTRE;2014;270000391;760024042;DECLA;1;1;0;0;1;0;0;0;0;0;0;0;0;1;0;1;1;0;0;1;0;0;0;0;0;0;0;0;1;1;1;0;0;0;0;0;0;0;0;
FILTRE;2014;270000391;760024042;INIT;1;1;1;0;1;0;1;0;0;0;0;0;0;0;0;;1;0;1;;;;;;;;;;;;;0;0;0;0;0;0;0;0;
FILTRE;2014;270000417;760025734;DECLA;0;0;0;0;1;0;0;0;0;0;0;0;0;0;0;0;0;0;0;0;0;0;0;1;1;1;0;0;0;0;0;0;0;0;0;0;0;0;0;
FILTRE;2014;270000417;760025734;INIT;0;0;0;0;1;0;0;0;0;0;0;0;0;0;0;;0;0;0;;;;;;;;;;;;;0;0;0;0;0;0;0;0;
FILTRE;2014;270000425;270000102;DECLA;1;0;0;0;1;1;1;1;0;0;0;0;0;1;0;0;1;1;1;1;0;0;0;1;0;1;0;0;0;1;1;0;0;0;0;0;0;0;0;
FILTRE;2014;270000425;270000102;INIT;1;1;1;0;1;1;1;1;0;0;0;0;0;0;0;;1;1;1;;;;;;;;;;;;;0;0;0;0;0;0;0;0;
FILTRE;2014;270000433;750043994;DECLA;0;0;0;0;1;0;0;0;0;0;0;0;0;0;0;0;0;0;0;0;0;0;0;0;0;0;0;0;0;0;0;0;0;0;0;0;0;0;0;
FILTRE;2014;270000433;750043994;INIT;0;0;0;0;1;0;0;0;0;0;0;0;0;0;0;;0;0;0;;;;;;;;;;;;;0;0;0;0;0;0;0;0;
FILTRE;2014;270000441;270000110;DECLA;1;0;0;0;1;1;1;0;0;0;0;0;0;1;1;0;1;1;0;1;0;1;0;1;0;1;1;0;0;1;1;0;0;0;0;0;0;0;0;
FILTRE;2014;270000441;270000110;INIT;1;0;0;0;1;1;1;0;0;0;0;0;0;1;1;;1;1;0;;;;;;;;;;;;;0;0;0;0;0;0;0;0;
FILTRE;2014;270000458;270023724;DECLA;1;1;1;0;1;0;1;1;0;0;1;1;1;0;0;0;1;1;1;1;1;1;1;1;1;1;1;1;1;1;0;0;1;1;0;0;0;0;0;
FILTRE;2014;270000458;270023724;INIT;1;1;1;1;1;0;1;1;0;0;0;1;1;0;0;;1;1;1;;;;;;;;;;;;;0;0;1;0;0;0;0;0;
FILTRE;2014;270000474;270000136;DECLA;0;0;0;0;1;0;0;0;0;0;0;0;0;0;0;0;0;0;0;0;0;0;0;0;0;0;0;0;0;0;0;0;0;0;0;0;0;0;0;
FILTRE;2014;270000474;270000136;INIT;0;0;0;0;1;0;0;0;0;0;0;0;0;0;0;;0;0;0;;;;;;;;;;;;;0;0;0;0;0;0;0;0;
FILTRE;2014;270000482;270000144;DECLA;0;0;0;0;1;0;0;0;0;0;0;0;0;0;0;1;0;0;0;0;0;0;0;1;0;1;1;0;0;0;1;0;0;0;0;0;0;0;0;
FILTRE;2014;270000482;270000144;INIT;0;0;0;0;1;0;0;0;0;0;0;0;0;0;0;;0;0;0;;;;;;;;;;;;;0;0;0;0;0;0;0;0;
FILTRE;2014;270000516;270000177;DECLA;0;0;0;0;1;1;0;0;0;0;0;0;0;0;0;0;0;0;0;0;0;0;0;1;0;0;0;0;0;0;1;0;0;0;0;0;0;0;0;
FILTRE;2014;270000516;270000177;INIT;0;0;0;0;1;1;0;0;0;0;0;0;0;0;0;;0;0;0;;;;;;;;;;;;;0;0;0;0;0;0;0;0;
FILTRE;2014;270000532;270000185;DECLA;1;0;0;0;0;0;0;0;0;0;0;0;0;0;0;0;0;0;0;0;0;0;0;1;0;1;1;0;0;0;1;0;0;0;0;0;0;0;0;
FILTRE;2014;270000532;270000185;INIT;1;0;0;0;0;0;1;0;0;0;0;0;0;0;0;;0;0;0;;;;;;;;;;;;;0;0;0;0;0;0;0;0;
FILTRE;2014;270000573;270000219;DECLA;0;0;0;1;0;0;0;0;1;0;0;0;0;0;0;0;0;0;0;0;0;0;0;1;0;1;1;0;0;0;1;0;0;0;0;0;0;0;0;
FILTRE;2014;270000573;270000219;INIT;0;0;0;1;0;0;0;0;1;0;0;0;0;0;0;;0;0;0;;;;;;;;;;;;;0;0;0;0;0;0;0;0;
FILTRE;2014;270000862;270000953;DECLA;1;1;0;0;0;0;0;1;0;0;0;0;0;0;0;0;0;0;1;1;0;1;1;0;0;0;0;0;0;0;0;1;1;0;0;0;0;0;0;
FILTRE;2014;270000870;270000987;DECLA;0;0;0;0;1;0;0;0;0;0;0;0;0;0;0;0;0;0;0;0;0;0;0;1;0;1;0;0;0;0;0;0;0;0;0;0;0;0;0;
FILTRE;2014;270000870;270000987;INIT;0;0;0;0;1;0;0;0;0;0;0;0;0;0;0;;0;0;0;;;;;;;;;;;;;0;0;0;0;0;0;0;0;
FILTRE;2014;270000896;930019484;DECLA;0;0;0;0;1;0;0;0;0;0;0;0;0;0;0;0;0;0;0;0;0;0;0;1;0;1;0;0;0;0;0;0;0;0;0;0;0;0;0;
FILTRE;2014;270000896;930019484;INIT;0;0;0;0;1;0;0;0;0;0;0;0;0;0;0;;0;0;0;;;;;;;;;;;;;0;0;0;0;0;0;0;0;
FILTRE;2014;270000912;750814030;DECLA;0;0;0;0;1;0;0;0;0;0;0;0;0;0;0;0;0;0;0;1;1;1;0;1;0;1;0;0;0;0;0;0;0;0;0;0;0;0;0;
FILTRE;2014;270000912;750814030;INIT;0;0;0;0;1;0;0;0;0;0;0;0;0;0;0;;0;0;0;;;;;;;;;;;;;0;0;0;0;0;0;0;0;
FILTRE;2014;270003924;760024042;DECLA;0;0;0;0;1;0;0;0;0;0;0;0;0;0;0;0;0;0;0;0;0;0;0;0;0;0;0;0;0;1;1;0;0;0;0;0;0;0;0;
FILTRE;2014;270003924;760024042;INIT;0;0;0;0;1;0;0;0;0;0;0;0;0;0;0;;0;0;0;;;;;;;;;;;;;0;0;0;0;0;0;0;0;
FILTRE;2014;270016058;270016009;DECLA;0;0;0;0;0;0;0;0;0;0;1;0;0;0;1;0;0;0;0;0;0;0;0;0;0;0;0;0;0;0;1;0;0;0;0;0;0;0;0;
FILTRE;2014;270016058;270016009;INIT;0;0;0;0;0;0;0;0;0;0;0;0;0;0;1;;0;0;0;;;;;;;;;;;;;0;0;0;0;0;0;0;0;
FILTRE;2014;270017338;140000852;DECLA;0;0;0;0;0;0;0;0;0;0;0;1;0;0;0;0;0;0;0;0;0;0;0;0;0;0;0;0;0;0;0;0;0;0;0;0;0;0;0;
FILTRE;2014;270017338;140000852;INIT;0;0;0;0;0;0;0;0;0;0;0;1;0;0;0;;0;0;0;;;;;;;;;;;;;0;0;0;0;0;0;0;0;
FILTRE;2014;270017379;140000852;DECLA;0;0;0;0;0;0;0;0;0;0;0;1;0;0;0;0;0;0;0;0;0;0;0;0;0;0;0;0;0;0;0;0;0;0;0;0;0;0;0;
FILTRE;2014;270017379;140000852;INIT;0;0;0;0;0;0;0;0;0;0;0;1;0;0;0;;0;0;0;;;;;;;;;;;;;0;0;0;0;0;0;0;0;
FILTRE;2014;270017429;140000852;DECLA;0;0;0;0;0;0;0;0;0;0;0;1;0;0;0;0;0;0;0;0;0;0;0;0;0;0;0;0;0;0;0;0;0;0;0;0;0;0;0;
FILTRE;2014;270017429;140000852;INIT;0;0;0;0;0;0;0;0;0;0;0;1;0;0;0;;0;0;0;;;;;;;;;;;;;0;0;0;0;0;0;0;0;
FILTRE;2014;270017478;140000852;DECLA;0;0;0;0;0;0;0;0;0;0;0;1;0;0;0;0;0;0;0;0;0;0;0;0;0;0;0;0;0;0;0;0;0;0;0;0;0;0;0;
FILTRE;2014;270017478;140000852;INIT;0;0;0;0;0;0;0;0;0;0;0;1;0;0;0;;0;0;0;;;;;;;;;;;;;0;0;0;0;0;0;0;0;
FILTRE;2014;270019649;270019508;DECLA;0;0;0;0;0;0;0;0;0;0;1;0;0;0;1;0;0;0;0;0;0;0;0;0;0;0;0;0;0;0;0;0;0;0;0;0;0;0;0;
FILTRE;2014;270019649;270019508;INIT;0;0;0;0;0;0;0;0;0;0;0;0;0;0;1;;0;0;0;;;;;;;;;;;;;0;0;0;0;0;0;0;0;
FILTRE;2014;270021439;270002652;DECLA;0;0;0;0;0;0;0;0;0;1;0;0;0;0;0;0;0;0;0;0;0;0;0;0;0;0;0;0;0;0;0;0;0;0;0;0;0;0;0;
FILTRE;2014;270021439;270002652;INIT;0;0;0;0;0;0;0;0;0;1;0;0;0;0;0;;0;0;0;;;;;;;;;;;;;0;0;0;0;0;0;0;0;
FILTRE;2014;270025984;310021175;DECLA;0;0;0;1;0;0;0;0;1;0;0;0;0;0;0;0;0;0;0;0;0;0;0;1;0;1;0;0;0;0;1;0;0;0;0;0;0;0;0;
FILTRE;2014;270025984;310021175;INIT;0;0;0;1;0;0;0;0;1;0;0;0;0;0;0;;0;0;0;;;;;;;;;;;;;0;0;0;0;0;0;0;0;
FILTRE;2014;270026107;270023724;DECLA;0;0;0;0;0;1;0;0;0;0;0;0;0;0;0;0;0;0;0;0;0;0;0;0;0;0;0;0;0;0;0;0;0;0;0;0;0;0;0;
FILTRE;2014;270026107;270023724;INIT;0;0;0;0;0;1;0;0;0;0;0;0;0;0;0;;0;0;0;;;;;;;;;;;;;0;0;0;0;0;0;0;0;
FILTRE;2014;280000035;750043994;DECLA;0;0;0;0;1;0;0;0;0;0;0;0;0;0;0;0;0;0;0;0;0;0;0;0;0;0;0;0;0;0;0;0;0;0;0;0;0;0;0;
FILTRE;2014;280000035;750043994;INIT;0;0;0;0;1;0;0;0;0;0;0;0;0;0;0;;0;0;0;;;;;;;;;;;;;0;0;0;0;0;0;0;0;
FILTRE;2014;280000043;280000134;DECLA;0;0;0;0;1;0;0;0;0;0;0;0;0;0;0;1;0;0;0;0;0;0;0;0;0;0;0;0;0;1;1;0;0;0;0;0;0;0;0;
FILTRE;2014;280000043;280000134;INIT;0;0;0;0;1;0;0;0;0;0;0;0;0;0;0;;0;0;0;;;;;;;;;;;;;0;0;0;0;0;0;0;0;
FILTRE;2014;280000050;280000142;DECLA;0;0;0;1;0;1;0;0;1;0;0;0;0;0;0;0;0;0;0;0;0;0;0;1;0;1;0;0;0;0;1;0;0;0;0;0;0;0;0;
FILTRE;2014;280000050;280000142;INIT;0;0;0;1;0;1;0;0;1;0;0;0;0;0;0;;0;0;0;;;;;;;;;;;;;0;0;0;0;0;0;0;0;
FILTRE;2014;280000084;280000183;DECLA;1;1;1;1;1;1;1;1;1;0;1;0;1;0;0;1;1;1;1;1;1;1;0;1;1;1;1;1;1;1;1;0;1;1;0;0;0;0;0;
FILTRE;2014;280000084;280000183;INIT;1;1;1;1;1;1;1;1;1;0;1;0;1;0;0;;1;1;1;;;;;;;;;;;;;0;1;1;0;0;0;0;0;
FILTRE;2014;280000100;280000225;DECLA;1;0;0;0;1;1;1;0;0;0;0;0;0;0;0;0;0;0;0;0;0;0;0;1;0;1;0;0;0;1;1;0;0;0;0;0;0;0;0;
FILTRE;2014;280000100;280000225;INIT;1;0;0;0;1;1;1;0;0;0;0;0;0;0;0;;0;0;0;;;;;;;;;;;;;0;0;0;0;0;0;0;0;
FILTRE;2014;280000159;280000068;DECLA;1;1;0;0;0;0;0;1;0;0;1;0;0;0;0;0;0;0;1;1;0;1;1;1;1;1;0;0;0;0;0;0;1;1;0;0;0;0;0;
FILTRE;2014;280000159;280000068;INIT;0;1;0;0;0;0;0;1;0;0;1;0;0;0;0;;0;0;1;;;;;;;;;;;;;0;0;1;0;0;0;0;0;
FILTRE;2014;280000266;450018106;DECLA;0;0;0;0;1;0;0;0;0;0;0;0;0;0;0;1;0;0;0;0;0;0;0;1;0;1;0;0;0;0;0;0;0;0;0;0;0;0;0;
FILTRE;2014;280000266;450018106;INIT;0;0;0;0;1;0;0;0;0;0;0;0;0;0;0;;0;0;0;;;;;;;;;;;;;0;0;0;0;0;0;0;0;
FILTRE;2014;280000431;310021167;DECLA;0;0;0;0;1;0;0;0;0;0;0;0;0;0;0;0;0;0;0;0;0;0;0;1;0;1;0;0;0;0;0;0;0;0;0;0;0;0;0;
FILTRE;2014;280000431;310021167;INIT;0;0;0;0;1;0;0;0;0;0;0;0;0;0;0;;0;0;0;;;;;;;;;;;;;0;0;0;0;0;0;0;0;
FILTRE;2014;280000449;750055634;DECLA;1;0;0;0;1;0;1;0;0;0;0;0;0;0;0;0;0;0;0;1;0;1;0;1;0;1;0;0;0;0;1;0;1;0;0;0;0;0;0;
FILTRE;2014;280000449;750055634;INIT;1;0;0;0;1;0;1;0;0;0;0;0;0;0;0;;0;0;0;;;;;;;;;;;;;0;0;0;0;0;0;0;0;
FILTRE;2014;280000662;280500075;DECLA;1;0;1;0;1;1;1;1;0;0;1;0;1;0;0;1;1;1;1;1;0;1;1;1;1;1;1;0;0;1;1;0;1;0;0;0;0;0;0;
FILTRE;2014;280000662;280500075;INIT;1;0;1;0;1;1;1;1;0;0;0;0;1;0;0;;1;1;1;;;;;;;;;;;;;0;0;0;0;0;0;0;0;
FILTRE;2014;280000696;280000134;DECLA;0;0;0;1;0;0;0;0;1;0;0;0;0;0;0;0;0;0;0;0;0;0;0;0;0;0;0;0;0;0;1;0;0;0;0;0;0;0;0;
FILTRE;2014;280000696;280000134;INIT;0;0;0;1;0;0;0;0;1;0;0;0;0;0;0;;0;0;0;;;;;;;;;;;;;0;0;0;0;0;0;0;0;
FILTRE;2014;280001678;450011150;DECLA;0;0;0;0;0;0;0;0;0;0;1;0;0;0;1;0;0;0;0;0;0;0;0;0;0;1;0;0;0;0;0;0;0;0;0;0;0;0;0;
FILTRE;2014;280001678;450011150;INIT;0;0;0;0;0;0;0;0;0;0;0;0;0;0;1;;0;0;0;;;;;;;;;;;;;0;0;0;0;0;0;0;0;
FILTRE;2014;280003898;450011150;DECLA;0;0;0;0;0;0;0;0;0;0;0;0;0;0;1;0;0;0;0;0;0;0;0;0;0;1;0;0;0;0;0;0;0;0;0;0;0;0;0;
FILTRE;2014;280003898;450011150;INIT;0;0;0;0;0;0;0;0;0;0;0;0;0;0;1;;0;0;0;;;;;;;;;;;;;0;0;0;0;0;0;0;0;
FILTRE;2014;280003948;450011150;DECLA;0;0;0;0;0;0;0;0;0;0;1;0;0;0;1;0;0;0;0;0;0;0;0;0;0;1;0;0;0;0;0;0;0;0;0;0;0;0;0;
FILTRE;2014;280003948;450011150;INIT;0;0;0;0;0;0;0;0;0;0;0;0;0;0;1;;0;0;0;;;;;;;;;;;;;0;0;0;0;0;0;0;0;
FILTRE;2014;280006594;280000852;DECLA;0;0;0;0;0;0;0;0;0;0;0;1;0;0;0;0;0;0;0;0;0;0;0;0;0;0;0;0;0;0;0;0;0;0;0;0;0;0;0;
FILTRE;2014;280006594;280000852;INIT;0;0;0;0;0;0;0;0;0;0;0;1;0;0;0;;0;0;0;;;;;;;;;;;;;0;0;0;0;0;0;0;0;
FILTRE;2014;280007121;720002294;DECLA;0;0;0;0;0;0;0;0;0;1;0;0;0;0;0;0;0;0;0;1;0;0;0;0;0;0;0;0;0;0;0;0;0;0;0;0;0;0;0;
FILTRE;2014;280007121;720002294;INIT;0;0;0;0;0;0;0;0;0;1;0;0;0;0;0;;0;0;0;;;;;;;;;;;;;0;0;0;0;0;0;0;0;
FILTRE;2014;280502741;280000852;DECLA;0;0;0;0;0;0;0;0;0;0;0;1;0;0;0;0;0;0;0;0;0;0;0;1;1;0;0;0;0;0;0;0;0;0;0;0;0;0;0;
FILTRE;2014;280502741;280000852;INIT;0;0;0;0;0;0;0;0;0;0;0;1;0;0;0;;0;0;0;;;;;;;;;;;;;0;0;0;0;0;0;0;0;
FILTRE;2014;280502998;280000589;DECLA;1;0;0;0;1;0;1;1;0;0;0;0;0;1;0;0;1;1;1;1;0;1;0;1;0;1;0;0;0;1;1;0;0;0;0;0;0;0;0;
FILTRE;2014;280502998;280000589;INIT;1;0;0;0;1;0;1;1;0;0;0;0;0;1;0;;1;1;1;;;;;;;;;;;;;0;0;0;0;0;0;0;0;
FILTRE;2014;280503848;280000852;DECLA;0;0;0;0;0;0;0;0;0;0;0;1;0;0;0;0;0;0;0;0;0;0;0;0;0;0;0;0;0;0;0;0;0;0;0;0;0;0;0;
FILTRE;2014;280503848;280000852;INIT;0;0;0;0;0;0;0;0;0;0;0;1;0;0;0;;0;0;0;;;;;;;;;;;;;0;0;0;0;0;0;0;0;
FILTRE;2014;280504267;280000134;DECLA;1;1;1;0;1;0;1;1;0;1;1;1;1;1;0;1;1;1;1;1;1;1;1;1;1;1;1;1;1;1;0;1;1;1;0;0;0;0;0;
FILTRE;2014;280504267;280000134;INIT;1;1;1;0;1;0;1;1;0;1;1;1;1;0;0;;1;1;1;;;;;;;;;;;;;1;1;1;0;0;0;0;0;
FILTRE;2014;280504309;280000852;DECLA;0;0;0;0;0;0;0;0;0;0;0;1;0;0;0;0;0;0;0;0;0;0;0;0;0;0;0;0;0;0;0;0;0;0;0;0;0;0;0;
FILTRE;2014;280504309;280000852;INIT;0;0;0;0;0;0;0;0;0;0;0;1;0;0;0;;0;0;0;;;;;;;;;;;;;0;0;0;0;0;0;0;0;
FILTRE;2014;280504689;750055626;DECLA;0;0;0;0;0;0;0;0;0;0;0;1;0;0;0;0;0;0;0;0;0;0;0;1;0;0;0;0;0;0;0;0;0;0;0;0;0;0;0;
FILTRE;2014;280504689;750055626;INIT;0;0;0;0;0;0;0;0;0;0;0;1;0;0;0;;0;0;0;;;;;;;;;;;;;0;0;0;0;0;0;0;0;
FILTRE;2014;280505223;280001132;DECLA;0;0;0;0;1;0;0;0;0;0;0;0;0;0;0;0;0;0;0;0;0;0;0;0;0;0;0;0;0;0;0;0;0;0;0;0;0;0;0;
FILTRE;2014;280505223;280001132;INIT;0;0;0;0;1;0;0;0;0;0;0;0;0;0;0;;0;0;0;;;;;;;;;;;;;0;0;0;0;0;0;0;0;
FILTRE;2014;280505264;280006370;DECLA;0;0;0;0;1;0;0;0;0;0;0;0;0;0;0;0;0;0;0;0;0;0;0;0;0;0;0;0;0;0;0;0;0;0;0;0;0;0;0;
FILTRE;2014;280505264;280006370;INIT;0;0;0;0;1;0;0;0;0;0;0;0;0;0;0;;0;0;0;;;;;;;;;;;;;0;0;0;0;0;0;0;0;
FILTRE;2014;280505777;280001199;DECLA;1;1;1;0;0;0;1;1;0;0;1;0;1;0;0;0;1;0;1;0;0;0;0;1;1;1;0;0;0;1;1;0;1;1;0;0;0;0;0;
FILTRE;2014;280505777;280001199;INIT;1;1;0;0;0;0;1;1;0;0;1;0;1;0;0;;1;0;1;;;;;;;;;;;;;0;0;1;0;0;0;0;0;
FILTRE;2014;280506015;280001264;DECLA;0;0;0;0;1;0;0;0;0;0;0;0;0;0;0;0;0;0;0;0;0;0;0;1;0;1;0;0;0;0;0;0;0;0;0;0;0;0;0;
FILTRE;2014;280506015;280001264;INIT;0;0;0;0;1;0;0;0;0;0;0;0;0;0;0;;0;0;0;;;;;;;;;;;;;0;0;0;0;0;0;0;0;
FILTRE;2014;290000025;290020700;DECLA;1;1;1;0;0;0;1;1;0;1;1;1;1;0;1;0;1;1;1;1;1;1;1;1;1;1;1;1;1;1;1;1;1;1;0;0;0;0;0;
FILTRE;2014;290000025;290020700;INIT;1;1;1;0;0;0;1;1;0;1;1;1;1;0;1;;1;1;1;;;;;;;;;;;;;1;1;1;0;0;0;0;0;
FILTRE;2014;290000033;290021542;DECLA;1;1;1;1;1;0;1;1;1;0;1;0;1;0;0;0;1;1;1;1;1;1;1;1;1;1;1;1;1;1;1;0;1;1;0;0;0;0;0;
FILTRE;2014;290000033;290021542;INIT;1;1;1;1;1;0;1;1;1;0;1;0;1;0;0;;1;1;1;;;;;;;;;;;;;0;1;1;0;0;0;0;0;
FILTRE;2014;290000058;290000017;DECLA;1;1;1;0;1;0;1;1;0;1;1;0;1;0;0;0;1;0;1;1;0;1;1;1;1;1;0;0;0;1;1;0;1;1;0;0;1;0;0;
FILTRE;2014;290000058;290000017;INIT;1;1;1;1;1;0;1;1;0;1;1;0;1;0;0;;1;0;1;;;;;;;;;;;;;0;1;1;0;0;1;0;0;
FILTRE;2014;290000066;290020700;DECLA;1;0;0;0;1;1;1;0;0;0;1;0;0;1;0;0;1;1;0;1;0;0;0;1;0;0;1;0;0;1;1;0;0;0;0;0;0;0;0;
FILTRE;2014;290000066;290020700;INIT;1;0;0;0;1;1;1;0;0;0;0;0;0;0;0;;1;1;0;;;;;;;;;;;;;0;0;0;0;0;0;0;0;
FILTRE;2014;290000140;290000447;DECLA;1;1;1;0;0;0;1;1;0;1;1;0;1;0;1;0;0;0;1;1;1;0;0;1;1;1;0;0;0;1;0;0;1;1;0;0;0;0;0;
FILTRE;2014;290000140;290000447;INIT;1;1;0;0;0;0;1;1;0;0;1;0;1;0;1;;0;0;1;;;;;;;;;;;;;0;0;1;0;0;0;0;0;
FILTRE;2014;290000165;290030592;DECLA;0;0;0;0;1;0;0;0;0;0;0;0;0;0;0;0;0;0;0;0;0;0;0;1;0;1;0;0;0;0;1;0;0;0;0;0;0;0;0;
FILTRE;2014;290000165;290030592;INIT;0;0;0;0;1;0;0;0;0;0;0;0;0;0;0;;0;0;0;;;;;;;;;;;;;0;0;0;0;0;0;0;0;
FILTRE;2014;290000173;290000041;DECLA;1;1;1;1;1;0;1;1;1;0;1;0;1;0;0;0;1;0;1;1;1;1;0;1;1;1;1;0;0;1;0;0;0;0;0;0;0;0;0;
FILTRE;2014;290000173;290000041;INIT;1;1;1;1;1;0;1;1;1;0;0;0;1;0;0;;1;0;1;;;;;;;;;;;;;0;0;0;0;0;0;0;0;
FILTRE;2014;290000181;290000074;DECLA;1;1;0;0;1;0;1;1;0;0;1;0;0;1;0;1;1;0;1;1;1;1;0;1;0;1;1;0;0;1;1;0;1;0;0;0;0;0;0;
FILTRE;2014;290000181;290000074;INIT;1;1;0;0;1;0;1;1;0;0;0;0;0;0;1;;1;0;1;;;;;;;;;;;;;0;0;0;0;0;0;0;0;
FILTRE;2014;290000207;290000520;DECLA;1;1;0;0;0;0;1;1;0;0;1;0;1;0;0;0;0;0;1;1;0;1;0;1;1;1;0;0;0;0;0;0;1;1;0;0;0;0;0;
FILTRE;2014;290000207;290000520;INIT;1;1;0;0;0;0;1;1;0;0;0;0;1;0;0;;0;0;1;;;;;;;;;;;;;0;0;1;0;0;0;0;0;
FILTRE;2014;290000215;290029974;DECLA;1;1;0;0;0;0;1;1;0;0;0;0;0;0;0;0;0;0;1;1;0;1;1;1;1;1;0;0;0;0;0;0;1;1;0;0;0;0;0;
FILTRE;2014;290000215;290029974;INIT;0;1;0;0;0;0;0;1;0;0;0;0;0;0;0;;0;0;1;;;;;;;;;;;;;0;0;1;0;0;0;0;0;
FILTRE;2014;290000256;290000017;DECLA;1;1;1;0;1;0;1;1;0;0;0;0;1;0;0;0;1;1;1;1;0;1;0;1;1;1;1;0;0;1;1;0;1;0;0;0;0;0;0;
FILTRE;2014;290000256;290000017;INIT;1;1;1;0;1;0;1;1;0;0;0;0;1;0;0;;1;1;1;;;;;;;;;;;;;0;0;0;0;0;0;0;0;
FILTRE;2014;290000272;290000090;DECLA;1;0;0;0;1;0;1;0;0;0;0;0;0;0;0;0;0;0;0;0;0;0;0;1;0;1;0;0;0;1;1;0;0;0;0;0;0;0;0;
FILTRE;2014;290000272;290000090;INIT;1;0;0;0;1;0;1;0;0;0;0;0;0;0;0;;0;0;0;;;;;;;;;;;;;0;0;0;0;0;0;0;0;
FILTRE;2014;290000322;290000108;DECLA;1;0;0;0;1;0;1;0;0;0;0;0;0;0;0;0;0;0;0;0;0;0;0;1;0;0;0;0;0;1;1;0;0;0;0;0;0;0;0;
FILTRE;2014;290000322;290000108;INIT;1;0;0;0;1;0;1;0;0;0;0;0;0;0;0;;0;0;0;;;;;;;;;;;;;0;0;0;0;0;0;0;0;
FILTRE;2014;290000363;750043994;DECLA;0;0;0;1;0;0;0;0;1;0;0;0;0;0;0;0;0;0;0;0;0;0;0;1;0;1;0;0;0;0;0;0;0;0;0;0;0;0;0;
FILTRE;2014;290000363;750043994;INIT;0;0;0;1;0;0;0;0;1;0;0;0;0;0;0;;0;0;0;;;;;;;;;;;;;0;0;0;0;0;0;0;0;
FILTRE;2014;290000371;750043994;DECLA;0;0;0;0;1;0;0;0;0;0;0;0;0;0;0;0;0;0;0;0;0;0;0;1;0;1;0;0;0;0;1;0;0;0;0;0;0;0;0;
FILTRE;2014;290000371;750043994;INIT;0;0;0;0;1;0;0;0;0;0;0;0;0;0;0;;0;0;0;;;;;;;;;;;;;0;0;0;0;0;0;0;0;
FILTRE;2014;290000389;290000116;DECLA;1;0;0;0;1;0;1;0;0;0;0;0;0;0;0;0;0;0;0;0;0;0;0;1;1;1;0;0;0;1;1;0;0;0;0;0;0;0;0;
FILTRE;2014;290000389;290000116;INIT;1;0;0;0;1;0;1;0;0;0;0;0;0;0;0;;0;0;0;;;;;;;;;;;;;0;0;0;0;0;0;0;0;
FILTRE;2014;290000413;290009752;DECLA;0;0;0;0;1;0;0;0;0;0;0;0;0;0;0;0;0;0;0;0;0;0;0;0;0;1;0;0;0;0;0;0;0;0;0;0;0;0;0;
FILTRE;2014;290000413;290009752;INIT;0;0;0;0;1;0;0;0;0;0;0;0;0;0;0;;0;0;0;;;;;;;;;;;;;0;0;0;0;0;0;0;0;
FILTRE;2014;290000553;290021542;DECLA;0;0;0;0;1;1;0;0;0;0;0;0;0;0;0;0;0;0;0;0;0;0;0;0;0;0;0;0;0;0;0;0;0;0;0;0;0;0;0;
FILTRE;2014;290000553;290021542;INIT;0;0;0;0;1;1;0;0;0;0;0;0;0;0;0;;0;0;0;;;;;;;;;;;;;0;0;0;0;0;0;0;0;
FILTRE;2014;290000686;440042844;DECLA;0;0;0;0;1;0;0;0;0;0;0;0;0;0;0;0;0;0;0;0;0;0;0;1;0;1;0;0;0;1;1;0;0;0;0;0;0;0;0;
FILTRE;2014;290000686;440042844;INIT;0;0;0;0;1;0;0;0;0;0;0;0;0;0;0;;0;0;0;;;;;;;;;;;;;0;0;0;0;0;0;0;0;
FILTRE;2014;290000728;750821092;DECLA;1;1;0;1;1;0;1;1;1;0;1;0;0;0;0;1;1;0;1;1;1;1;0;1;1;1;1;1;1;1;0;0;1;1;0;0;0;0;0;
FILTRE;2014;290000728;750821092;INIT;1;1;0;1;1;0;1;1;1;0;1;0;0;0;0;;1;0;1;;;;;;;;;;;;;0;1;1;0;0;0;0;0;
FILTRE;2014;290000736;290000991;DECLA;0;0;0;1;0;0;0;0;0;0;0;0;0;0;0;0;0;0;0;0;0;0;0;1;0;0;0;0;0;0;0;0;0;0;0;0;0;0;0;
FILTRE;2014;290000736;290000991;INIT;0;0;0;1;0;0;0;0;0;0;0;0;0;0;0;;0;0;0;;;;;;;;;;;;;0;0;0;0;0;0;0;0;
FILTRE;2014;290000744;290001007;DECLA;0;0;0;1;0;0;0;0;1;0;0;0;0;0;0;0;0;0;0;0;0;0;0;1;0;1;0;0;0;0;0;0;0;0;0;0;0;0;0;
FILTRE;2014;290000744;290001007;INIT;0;0;0;1;0;0;0;0;1;0;0;0;0;0;0;;0;0;0;;;;;;;;;;;;;0;0;0;0;0;0;0;0;
FILTRE;2014;290000785;220020739;DECLA;1;1;0;1;1;1;1;1;0;0;1;0;0;1;0;0;1;1;1;1;0;1;1;1;1;1;1;0;0;1;0;0;1;0;0;0;0;0;0;
FILTRE;2014;290000785;220020739;INIT;1;0;0;1;1;1;1;0;0;0;0;0;0;0;0;;1;1;0;;;;;;;;;;;;;0;0;0;0;0;0;0;0;
FILTRE;2014;290000793;290000546;DECLA;0;0;0;0;1;0;0;0;0;0;0;0;0;0;0;0;0;0;0;0;0;0;0;0;0;0;0;0;0;0;0;0;0;0;0;0;0;0;0;
FILTRE;2014;290000793;290000546;INIT;0;0;0;0;1;0;0;0;0;0;0;0;0;0;0;;0;0;0;;;;;;;;;;;;;0;0;0;0;0;0;0;0;
FILTRE;2014;290000819;290001023;DECLA;0;0;0;0;1;0;0;0;0;0;0;0;0;0;0;0;0;0;0;0;0;0;0;0;0;0;0;0;0;1;0;0;0;0;0;0;0;0;0;
FILTRE;2014;290000819;290001023;INIT;0;0;0;0;1;0;0;0;0;0;0;0;0;0;0;;0;0;0;;;;;;;;;;;;;0;0;0;0;0;0;0;0;
FILTRE;2014;290000827;290000546;DECLA;0;0;0;0;1;0;0;0;0;0;0;0;0;0;0;0;0;0;0;0;0;0;0;0;0;0;0;0;0;0;0;0;0;0;0;0;0;0;0;
FILTRE;2014;290000827;290000546;INIT;0;0;0;0;1;0;0;0;0;0;0;0;0;0;0;;0;0;0;;;;;;;;;;;;;0;0;0;0;0;0;0;0;
FILTRE;2014;290000850;330031089;DECLA;0;0;0;0;0;0;0;0;0;0;0;1;0;0;0;0;0;0;0;0;0;0;0;1;0;1;0;0;0;0;0;0;0;0;0;0;0;0;0;
FILTRE;2014;290000850;330031089;INIT;0;0;0;0;0;0;0;0;0;0;0;1;0;0;0;;0;0;0;;;;;;;;;;;;;0;0;0;0;0;0;0;0;
FILTRE;2014;290000918;290000298;DECLA;0;0;0;1;0;0;0;0;1;0;0;0;0;0;0;0;0;0;0;1;0;1;0;1;0;1;0;0;0;0;1;0;0;0;0;0;0;0;0;
FILTRE;2014;290000918;290000298;INIT;0;0;0;1;0;0;0;0;1;0;0;0;0;0;0;;0;0;0;;;;;;;;;;;;;0;0;0;0;0;0;0;0;
FILTRE;2014;290000934;290000306;DECLA;1;0;0;1;1;0;1;0;1;0;0;0;0;1;0;1;1;1;1;1;1;1;0;1;0;1;0;0;0;1;1;0;0;0;0;0;0;0;0;
FILTRE;2014;290000934;290000306;INIT;1;0;0;1;1;0;1;0;1;0;0;0;0;0;0;;1;1;0;;;;;;;;;;;;;0;0;0;0;0;0;0;0;
FILTRE;2014;290000975;290000546;DECLA;0;0;0;0;1;0;0;0;0;0;0;1;0;0;0;0;0;0;0;1;0;0;0;1;0;1;0;1;0;1;0;0;0;0;0;0;0;0;0;
FILTRE;2014;290000975;290000546;INIT;1;0;0;0;1;0;1;0;0;0;0;1;0;0;0;;0;0;0;;;;;;;;;;;;;0;0;0;0;0;0;0;0;
FILTRE;2014;290000983;290000546;DECLA;0;0;0;0;1;0;0;0;0;0;0;0;0;0;0;0;0;0;0;0;0;0;0;1;0;0;0;0;0;0;0;0;0;0;0;0;0;0;0;
FILTRE;2014;290000983;290000546;INIT;0;0;0;0;1;0;0;0;0;0;0;0;0;0;0;;0;0;0;;;;;;;;;;;;;0;0;0;0;0;0;0;0;
FILTRE;2014;290001015;290000751;DECLA;1;0;0;0;1;0;0;0;0;0;0;0;0;0;0;0;0;0;0;0;0;0;0;0;0;1;0;0;0;1;1;0;0;0;0;0;0;0;0;
FILTRE;2014;290001015;290000751;INIT;1;0;0;0;1;0;1;0;0;0;0;0;0;0;0;;0;0;0;;;;;;;;;;;;;0;0;0;0;0;0;0;0;
FILTRE;2014;290002344;440042844;DECLA;0;0;0;0;1;0;0;0;0;0;0;0;0;0;0;0;0;0;0;0;0;0;0;1;0;1;0;0;0;1;0;0;0;0;0;0;0;0;0;
FILTRE;2014;290002344;440042844;INIT;0;0;0;0;1;0;0;0;0;0;0;0;0;0;0;;0;0;0;;;;;;;;;;;;;0;0;0;0;0;0;0;0;
FILTRE;2014;290003953;750043994;DECLA;0;0;0;0;1;0;0;0;0;0;0;0;0;0;0;0;0;0;0;0;0;0;0;1;0;1;0;0;0;0;1;0;0;0;0;0;0;0;0;
FILTRE;2014;290003953;750043994;INIT;0;0;0;0;1;0;0;0;0;0;0;0;0;0;0;;0;0;0;;;;;;;;;;;;;0;0;0;0;0;0;0;0;
FILTRE;2014;290003995;290000306;DECLA;0;0;0;1;0;0;0;0;1;0;0;0;0;0;0;0;0;0;0;0;0;0;0;0;0;0;0;0;0;0;0;0;0;0;0;0;0;0;0;
FILTRE;2014;290003995;290000306;INIT;0;0;0;1;0;0;0;0;1;0;0;0;0;0;0;;0;0;0;;;;;;;;;;;;;0;0;0;0;0;0;0;0;
FILTRE;2014;290004142;290022508;DECLA;1;1;0;0;0;0;0;1;0;0;0;0;0;0;0;0;0;0;1;0;0;1;0;1;1;1;0;0;0;0;0;0;1;1;0;0;0;0;0;
FILTRE;2014;290004142;290022508;INIT;1;1;0;0;0;0;1;1;0;0;0;0;0;0;0;;0;0;1;;;;;;;;;;;;;0;0;1;0;0;0;0;0;
FILTRE;2014;290004324;290000017;DECLA;1;1;0;0;0;0;1;1;1;0;0;1;0;0;0;0;1;1;1;1;1;1;1;1;1;1;1;0;1;1;0;1;1;1;1;1;1;0;1;
FILTRE;2014;290004324;290000017;INIT;1;1;0;0;0;0;1;1;0;0;0;1;0;0;0;;1;1;1;;;;;;;;;;;;;1;1;1;1;1;1;0;1;
FILTRE;2014;290004340;290000017;DECLA;0;0;0;1;0;0;0;0;1;0;0;0;0;0;0;0;0;0;0;0;0;0;0;1;0;1;0;0;0;0;1;0;0;0;0;0;0;0;0;
FILTRE;2014;290004340;290000017;INIT;0;0;0;1;0;0;0;0;1;0;0;0;0;0;0;;0;0;0;;;;;;;;;;;;;0;0;0;0;0;0;0;0;
FILTRE;2014;290004365;290000017;DECLA;0;0;0;0;1;0;0;0;0;0;0;0;0;0;0;0;0;0;0;0;0;0;0;1;0;1;0;1;0;1;1;0;0;0;0;0;0;0;0;
FILTRE;2014;290004365;290000017;INIT;0;0;0;0;1;0;0;0;0;0;0;0;0;0;0;;0;0;0;;;;;;;;;;;;;0;0;0;0;0;0;0;0;
FILTRE;2014;290005131;350000626;DECLA;0;0;0;0;0;0;1;0;0;0;0;1;0;0;0;0;0;0;0;0;0;0;0;0;0;0;0;0;0;0;0;0;0;0;0;0;0;0;0;
FILTRE;2014;290005131;350000626;INIT;0;0;0;0;0;0;0;0;0;0;0;1;0;0;0;;0;0;0;;;;;;;;;;;;;0;0;0;0;0;0;0;0;
FILTRE;2014;290005172;350000626;DECLA;0;0;0;0;0;0;0;0;0;0;0;1;0;0;0;0;0;0;0;0;0;0;0;0;0;0;0;0;0;0;0;0;0;0;0;0;0;0;0;
FILTRE;2014;290005172;350000626;INIT;0;0;0;0;0;0;0;0;0;0;0;1;0;0;0;;0;0;0;;;;;;;;;;;;;0;0;0;0;0;0;0;0;
FILTRE;2014;290005230;350000626;DECLA;0;0;0;0;0;0;0;0;0;0;0;1;0;0;0;0;0;0;0;0;0;0;0;0;0;0;0;0;0;0;0;0;0;0;0;0;0;0;0;
FILTRE;2014;290005230;350000626;INIT;0;0;0;0;0;0;0;0;0;0;0;1;0;0;0;;0;0;0;;;;;;;;;;;;;0;0;0;0;0;0;0;0;
FILTRE;2014;290005826;290020700;DECLA;0;0;0;0;1;0;0;0;0;0;0;0;0;0;0;0;0;0;0;0;0;0;0;0;0;0;0;0;0;0;1;0;0;0;0;0;0;0;0;
FILTRE;2014;290005826;290020700;INIT;0;0;0;0;1;0;0;0;0;0;0;0;0;0;0;;0;0;0;;;;;;;;;;;;;0;0;0;0;0;0;0;0;
FILTRE;2014;290008291;290021542;DECLA;0;0;0;0;0;1;0;0;0;0;0;0;0;0;0;0;0;0;0;0;0;0;0;0;0;0;0;0;0;0;0;0;0;0;0;0;0;0;0;
FILTRE;2014;290008291;290021542;INIT;0;0;0;0;0;1;0;0;0;0;0;0;0;0;0;;0;0;0;;;;;;;;;;;;;0;0;0;0;0;0;0;0;
FILTRE;2014;290008853;290000074;DECLA;0;0;0;0;0;1;0;0;0;0;0;0;0;0;0;0;0;0;0;0;0;0;0;0;0;0;0;0;0;0;1;0;0;0;0;0;0;0;0;
FILTRE;2014;290008853;290000074;INIT;0;0;0;0;0;1;0;0;0;0;0;0;0;0;0;;0;0;0;;;;;;;;;;;;;0;0;0;0;0;0;0;0;
FILTRE;2014;290014687;290000306;DECLA;0;0;0;0;0;1;0;0;0;0;0;0;0;0;0;0;0;0;0;0;0;0;0;0;0;0;0;0;0;0;0;0;0;0;0;0;0;0;0;
FILTRE;2014;290014687;290000306;INIT;0;0;0;0;0;1;0;0;0;0;0;0;0;0;0;;0;0;0;;;;;;;;;;;;;0;0;0;0;0;0;0;0;
FILTRE;2014;290016286;350000626;DECLA;0;0;0;0;0;0;0;0;0;0;0;1;0;0;0;0;0;0;0;0;0;0;0;0;0;0;0;0;0;0;0;0;0;0;0;0;0;0;0;
FILTRE;2014;290016286;350000626;INIT;0;0;0;0;0;0;0;0;0;0;0;1;0;0;0;;0;0;0;;;;;;;;;;;;;0;0;0;0;0;0;0;0;
FILTRE;2014;290016294;350000626;DECLA;0;0;0;0;0;0;0;0;0;0;0;1;0;0;0;0;0;0;0;0;0;0;0;0;0;0;0;0;0;0;0;0;0;0;0;0;0;0;0;
FILTRE;2014;290016294;350000626;INIT;0;0;0;0;0;0;0;0;0;0;0;1;0;0;0;;0;0;0;;;;;;;;;;;;;0;0;0;0;0;0;0;0;
FILTRE;2014;290017946;290000017;DECLA;0;0;0;0;0;1;0;0;0;0;0;0;0;0;0;0;0;0;0;0;0;0;0;1;0;0;0;0;0;0;1;0;0;0;0;0;0;0;0;
FILTRE;2014;290017946;290000017;INIT;0;0;0;0;0;1;0;0;0;0;0;0;0;0;0;;0;0;0;;;;;;;;;;;;;0;0;0;0;0;0;0;0;
FILTRE;2014;290018548;350000626;DECLA;0;0;0;0;0;0;0;0;0;0;0;1;0;0;0;0;0;0;0;0;0;0;0;0;0;0;0;0;0;0;0;0;0;0;0;0;0;0;0;
FILTRE;2014;290018548;350000626;INIT;0;0;0;0;0;0;0;0;0;0;0;1;0;0;0;;0;0;0;;;;;;;;;;;;;0;0;0;0;0;0;0;0;
FILTRE;2014;290018555;350000626;DECLA;0;0;0;0;0;0;0;0;0;0;0;1;0;0;0;0;0;0;0;0;0;0;0;0;0;0;0;0;0;0;0;0;0;0;0;0;0;0;0;
FILTRE;2014;290018555;350000626;INIT;0;0;0;0;0;0;0;0;0;0;0;1;0;0;0;;0;0;0;;;;;;;;;;;;;0;0;0;0;0;0;0;0;
FILTRE;2014;290018563;350000626;DECLA;0;0;0;0;0;0;0;0;0;0;0;1;0;0;0;0;0;0;0;0;0;0;0;0;0;0;0;0;0;0;0;0;0;0;0;0;0;0;0;
FILTRE;2014;290018563;350000626;INIT;0;0;0;0;0;0;0;0;0;0;0;1;0;0;0;;0;0;0;;;;;;;;;;;;;0;0;0;0;0;0;0;0;
FILTRE;2014;290019777;290022508;DECLA;1;1;1;0;0;0;1;1;0;0;0;0;1;0;0;0;1;0;1;1;0;1;0;1;1;1;0;0;0;0;0;1;1;1;0;0;0;0;0;
FILTRE;2014;290019777;290022508;INIT;1;1;1;0;0;0;1;1;0;0;0;0;1;0;0;;1;0;1;;;;;;;;;;;;;0;0;1;0;0;0;0;0;
FILTRE;2014;290020841;290000298;DECLA;0;0;0;0;0;1;0;0;0;0;0;0;0;0;0;0;0;0;0;0;0;0;0;0;0;0;0;0;0;0;1;0;0;0;0;0;0;0;0;
FILTRE;2014;290020841;290000298;INIT;0;0;0;0;0;1;0;0;0;0;0;0;0;0;0;;0;0;0;;;;;;;;;;;;;0;0;0;0;0;0;0;0;
FILTRE;2014;290021070;350000626;DECLA;0;0;0;0;0;0;0;0;0;0;0;1;0;0;0;0;0;0;0;0;0;0;0;0;0;0;0;0;0;0;0;0;0;0;0;0;0;0;0;
FILTRE;2014;290021070;350000626;INIT;0;0;0;0;0;0;0;0;0;0;0;1;0;0;0;;0;0;0;;;;;;;;;;;;;0;0;0;0;0;0;0;0;
FILTRE;2014;290023431;290001049;DECLA;1;1;0;0;0;0;1;1;0;0;1;0;0;0;0;0;0;0;1;1;0;0;0;1;1;1;0;0;0;1;0;0;1;1;0;0;0;0;0;
FILTRE;2014;290023431;290001049;INIT;1;1;0;0;0;0;1;1;0;0;0;0;0;0;0;;0;0;1;;;;;;;;;;;;;0;0;1;0;0;0;0;0;
FILTRE;2014;290023498;950030247;DECLA;0;0;0;0;0;0;0;0;0;1;0;0;0;0;0;0;0;0;0;0;0;0;0;0;0;0;0;0;0;0;0;0;0;0;0;0;0;0;0;
FILTRE;2014;290023498;950030247;INIT;0;0;0;0;0;0;0;0;0;1;0;0;0;0;0;;0;0;0;;;;;;;;;;;;;0;0;0;0;0;0;0;0;
FILTRE;2014;290023779;350000626;DECLA;0;0;0;0;0;0;1;0;0;0;0;1;0;0;0;0;0;0;0;0;0;0;0;0;0;0;0;0;0;0;0;0;0;0;0;0;0;0;0;
FILTRE;2014;290023779;350000626;INIT;0;0;0;0;0;0;0;0;0;0;0;1;0;0;0;;0;0;0;;;;;;;;;;;;;0;0;0;0;0;0;0;0;
FILTRE;2014;290023787;350000626;DECLA;0;0;0;0;0;0;0;0;0;0;0;1;0;0;0;0;0;0;0;0;0;0;0;0;0;0;0;0;0;0;0;0;0;0;0;0;0;0;0;
FILTRE;2014;290023787;350000626;INIT;0;0;0;0;0;0;0;0;0;0;0;1;0;0;0;;0;0;0;;;;;;;;;;;;;0;0;0;0;0;0;0;0;
FILTRE;2014;290023795;350000626;DECLA;0;0;0;0;0;0;0;0;0;0;0;1;0;0;0;0;0;0;0;0;0;0;0;0;0;0;0;0;0;0;0;0;0;0;0;0;0;0;0;
FILTRE;2014;290023795;350000626;INIT;0;0;0;0;0;0;0;0;0;0;0;1;0;0;0;;0;0;0;;;;;;;;;;;;;0;0;0;0;0;0;0;0;
FILTRE;2014;290023811;350000626;DECLA;0;0;0;0;0;0;0;0;0;0;0;1;0;0;0;0;0;0;0;0;0;0;0;0;0;0;0;0;0;0;0;0;0;0;0;0;0;0;0;
FILTRE;2014;290023811;350000626;INIT;0;0;0;0;0;0;0;0;0;0;0;1;0;0;0;;0;0;0;;;;;;;;;;;;;0;0;0;0;0;0;0;0;
FILTRE;2014;290024025;350000626;DECLA;0;0;0;0;0;0;0;0;0;0;0;1;0;0;0;0;0;0;0;0;0;0;0;0;0;0;0;0;0;0;0;0;0;0;0;0;0;0;0;
FILTRE;2014;290024025;350000626;INIT;0;0;0;0;0;0;0;0;0;0;0;1;0;0;0;;0;0;0;;;;;;;;;;;;;0;0;0;0;0;0;0;0;
FILTRE;2014;290024462;290000298;DECLA;0;0;0;0;0;1;0;0;0;0;0;0;0;0;0;0;0;0;0;0;0;0;0;0;0;0;0;0;0;0;1;0;0;;;;;;;
FILTRE;2014;290024462;290000298;INIT;0;0;0;0;0;1;0;0;0;0;0;0;0;0;0;;0;0;0;;;;;;;;;;;;;0;0;0;0;0;0;0;0;
FILTRE;2014;290024579;350000626;DECLA;0;0;0;0;0;0;0;0;0;0;0;1;0;0;0;0;0;0;0;0;0;0;0;0;0;0;0;0;0;0;0;0;0;0;0;0;0;0;0;
FILTRE;2014;290024579;350000626;INIT;0;0;0;0;0;0;0;0;0;0;0;1;0;0;0;;0;0;0;;;;;;;;;;;;;0;0;0;0;0;0;0;0;
FILTRE;2014;290025113;290020700;DECLA;0;0;0;0;0;1;0;0;0;0;0;0;0;0;0;0;0;0;0;0;0;0;0;0;0;0;0;0;0;0;1;0;0;0;0;0;0;0;0;
FILTRE;2014;290025113;290020700;INIT;0;0;0;0;0;1;0;0;0;0;0;0;0;0;0;;0;0;0;;;;;;;;;;;;;0;0;0;0;0;0;0;0;
FILTRE;2014;290025147;290020700;DECLA;0;0;0;0;0;1;0;0;0;0;0;0;0;0;0;0;0;0;0;0;0;0;0;0;0;0;0;0;0;0;1;0;0;0;0;0;0;0;0;
FILTRE;2014;290025147;290020700;INIT;0;0;0;0;0;1;0;0;0;0;0;0;0;0;0;;0;0;0;;;;;;;;;;;;;0;0;0;0;0;0;0;0;
FILTRE;2014;290025337;350000626;DECLA;0;0;0;0;0;0;0;0;0;0;0;1;0;0;0;0;0;0;0;0;0;0;0;0;0;0;0;0;0;0;0;0;0;0;0;0;0;0;0;
FILTRE;2014;290025337;350000626;INIT;0;0;0;0;0;0;0;0;0;0;0;1;0;0;0;;0;0;0;;;;;;;;;;;;;0;0;0;0;0;0;0;0;
FILTRE;2014;290028539;350000626;DECLA;0;0;0;0;0;0;0;0;0;0;0;1;0;0;0;0;0;0;0;0;0;0;0;0;0;0;0;0;0;0;0;0;0;0;0;0;0;0;0;
FILTRE;2014;290028539;350000626;INIT;0;0;0;0;0;0;0;0;0;0;0;1;0;0;0;;0;0;0;;;;;;;;;;;;;0;0;0;0;0;0;0;0;
FILTRE;2014;290029669;350000626;DECLA;0;0;0;0;0;0;1;0;0;0;0;1;0;0;0;0;0;0;0;0;0;0;0;0;0;0;0;0;0;0;0;0;0;0;0;0;0;0;0;
FILTRE;2014;290029669;350000626;INIT;0;0;0;0;0;0;0;0;0;0;0;1;0;0;0;;0;0;0;;;;;;;;;;;;;0;0;0;0;0;0;0;0;
FILTRE;2014;290029982;290020700;DECLA;0;0;0;0;0;0;0;0;0;0;0;0;0;0;0;0;0;1;0;0;0;0;0;0;0;0;0;0;0;0;0;0;0;0;0;0;0;0;0;
FILTRE;2014;290029982;290020700;INIT;0;0;0;0;0;0;0;0;0;0;0;0;0;0;0;;0;1;0;;;;;;;;;;;;;0;0;0;0;0;0;0;0;
FILTRE;2014;290030808;350000626;DECLA;0;0;0;0;0;0;0;0;0;0;0;1;0;0;0;0;0;0;0;0;0;0;0;0;0;0;0;0;0;0;0;0;0;0;0;0;0;0;0;
FILTRE;2014;290030808;350000626;INIT;0;0;0;0;0;0;0;0;0;0;0;1;0;0;0;;0;0;0;;;;;;;;;;;;;0;0;0;0;0;0;0;0;
FILTRE;2014;290031541;350000626;DECLA;0;0;0;0;0;0;0;0;0;0;0;1;0;0;0;0;0;0;0;0;0;0;0;0;0;0;0;0;0;0;0;0;0;0;0;0;0;0;0;
FILTRE;2014;290031541;350000626;INIT;0;0;0;0;0;0;0;0;0;0;0;1;0;0;0;;0;0;0;;;;;;;;;;;;;0;0;0;0;0;0;0;0;
FILTRE;2014;290032028;350000626;DECLA;0;0;0;0;0;0;1;0;0;0;0;1;0;0;0;0;0;0;0;0;0;0;0;0;0;0;0;0;0;0;0;0;0;0;0;0;0;0;0;
FILTRE;2014;290032028;350000626;INIT;0;0;0;0;0;0;0;0;0;0;0;1;0;0;0;;0;0;0;;;;;;;;;;;;;0;0;0;0;0;0;0;0;
FILTRE;2014;290032655;350000626;DECLA;0;0;0;0;0;0;1;0;0;0;0;1;0;0;0;0;0;0;0;0;0;0;0;0;0;0;0;0;0;0;0;0;0;0;0;0;0;0;0;
FILTRE;2014;290032655;350000626;INIT;0;0;0;0;0;0;0;0;0;0;0;1;0;0;0;;0;0;0;;;;;;;;;;;;;0;0;0;0;0;0;0;0;
FILTRE;2014;290032713;350000626;DECLA;0;0;0;0;0;0;1;0;0;0;0;1;0;0;0;0;0;0;0;0;0;0;0;0;0;0;0;0;0;0;0;0;0;0;0;0;0;0;0;
FILTRE;2014;290032713;350000626;INIT;0;0;0;0;0;0;0;0;0;0;0;1;0;0;0;;0;0;0;;;;;;;;;;;;;0;0;0;0;0;0;0;0;
FILTRE;2014;290032838;290032820;DECLA;0;0;0;0;0;0;0;0;0;0;0;0;0;0;1;0;0;0;0;0;0;0;0;0;0;0;0;0;0;0;0;0;0;0;0;0;0;0;0;
FILTRE;2014;290032838;290032820;INIT;0;0;0;0;0;0;0;0;0;0;0;0;0;0;1;;0;0;0;;;;;;;;;;;;;0;0;0;0;0;0;0;0;
FILTRE;2014;290033679;350000626;DECLA;0;0;0;0;0;0;0;0;0;0;0;0;0;0;1;0;0;0;0;0;0;0;0;0;0;0;0;0;0;0;0;0;0;0;0;0;0;0;0;
FILTRE;2014;290033679;350000626;INIT;0;0;0;0;0;0;0;0;0;0;0;0;0;0;1;;0;0;0;;;;;;;;;;;;;0;0;0;0;0;0;0;0;
FILTRE;2014;290034610;290000306;DECLA;0;0;0;0;1;0;0;0;0;0;0;0;0;0;0;0;0;0;0;0;0;0;0;0;0;0;0;0;0;0;0;0;0;0;0;0;0;0;0;
FILTRE;2014;290034610;290000306;INIT;0;0;0;0;1;0;0;0;0;0;0;0;0;0;0;;0;0;0;;;;;;;;;;;;;0;0;0;0;0;0;0;0;
FILTRE;2014;2A0000022;2A0000014;DECLA;1;1;1;0;1;0;1;1;0;0;0;1;1;0;0;0;1;1;1;1;1;1;0;1;1;1;0;1;1;1;1;1;1;1;0;0;0;0;1;
FILTRE;2014;2A0000022;2A0000014;INIT;1;1;1;0;0;0;1;1;0;0;0;1;1;0;0;;1;1;1;;;;;;;;;;;;;1;1;1;0;0;0;0;0;
FILTRE;2014;2A0000030;2A0000048;DECLA;0;0;0;0;1;0;0;0;0;0;0;0;0;0;0;0;0;0;0;0;0;0;0;1;0;0;0;0;0;0;0;0;0;0;0;0;0;0;0;
FILTRE;2014;2A0000030;2A0000048;INIT;0;0;0;0;1;0;0;0;0;0;0;0;0;0;0;;0;0;0;;;;;;;;;;;;;0;0;0;0;0;0;0;0;
FILTRE;2014;2A0000097;2A0000063;DECLA;1;0;0;0;0;0;1;1;0;0;0;0;0;0;0;0;0;0;1;1;0;1;0;0;0;1;0;0;0;0;0;1;1;0;0;0;0;0;0;
FILTRE;2014;2A0000097;2A0000063;INIT;1;1;0;0;0;0;1;1;0;0;0;0;0;0;0;;0;0;1;;;;;;;;;;;;;1;0;0;0;0;0;0;0;
FILTRE;2014;2A0000139;2A0000063;DECLA;1;1;0;0;0;0;1;1;0;0;0;0;0;0;0;0;0;0;1;1;0;1;1;1;1;1;0;0;0;1;0;0;1;1;0;0;0;0;0;
FILTRE;2014;2A0000139;2A0000063;INIT;1;1;0;0;0;0;1;1;0;0;0;0;0;0;0;;0;0;1;;;;;;;;;;;;;0;0;1;0;0;0;0;0;
FILTRE;2014;2A0000154;2A0000204;DECLA;1;1;1;0;0;0;1;1;0;0;0;1;1;0;0;0;1;0;1;1;0;0;0;1;1;1;0;0;0;0;0;0;1;0;0;0;0;0;0;
FILTRE;2014;2A0000154;2A0000204;INIT;1;1;1;0;0;0;1;1;0;0;0;1;0;0;0;;1;0;1;;;;;;;;;;;;;0;0;0;0;0;0;0;0;
FILTRE;2014;2A0000212;2A0000170;DECLA;1;0;0;0;1;1;1;0;0;0;0;0;0;0;0;;0;0;0;;;;;;;;;;;;;0;0;0;0;0;0;0;0;
FILTRE;2014;2A0000212;2A0000170;INIT;1;0;0;0;1;1;1;0;0;0;0;0;0;0;0;;0;0;0;;;;;;;;;;;;;0;0;0;0;0;0;0;0;
FILTRE;2014;2A0000261;2A0000279;DECLA;0;0;0;0;1;0;0;0;0;0;0;0;0;0;0;0;0;0;0;0;0;0;0;0;0;1;0;0;0;0;0;0;0;0;0;0;0;0;0;
FILTRE;2014;2A0000261;2A0000279;INIT;0;0;0;0;1;0;0;0;0;0;0;0;0;0;0;;0;0;0;;;;;;;;;;;;;0;0;0;0;0;0;0;0;
FILTRE;2014;2A0000287;2A0000386;DECLA;1;0;0;1;1;0;1;0;1;1;1;0;0;0;0;0;0;0;0;0;1;0;0;1;0;1;0;0;0;1;0;0;0;0;0;0;0;0;0;
FILTRE;2014;2A0000287;2A0000386;INIT;1;0;0;1;1;0;1;0;1;1;1;0;0;0;1;;0;0;0;;;;;;;;;;;;;0;0;0;0;0;0;0;0;
FILTRE;2014;2A0001988;2A0001848;DECLA;0;0;0;0;0;0;0;0;0;0;0;0;0;0;1;0;0;0;0;0;0;0;0;0;0;0;0;0;0;0;0;0;0;0;0;0;0;0;0;
FILTRE;2014;2A0001988;2A0001848;INIT;0;0;0;0;0;0;0;0;0;0;0;0;0;0;1;;0;0;0;;;;;;;;;;;;;0;0;0;0;0;0;0;0;
FILTRE;2014;2A0002051;2A0000303;DECLA;0;0;0;0;1;0;0;0;0;0;0;0;0;0;0;0;0;0;0;0;0;0;0;1;0;1;0;0;0;0;0;0;0;0;0;0;0;0;0;
FILTRE;2014;2A0002051;2A0000303;INIT;0;0;0;0;1;0;0;0;0;0;0;0;0;0;0;;0;0;0;;;;;;;;;;;;;0;0;0;0;0;0;0;0;
FILTRE;2014;2A0002614;2A0002606;DECLA;1;0;0;0;1;1;1;0;0;0;0;0;0;0;1;0;0;0;0;1;0;0;0;1;0;0;0;1;0;1;0;0;0;0;0;0;0;0;0;
FILTRE;2014;2A0002614;2A0002606;INIT;1;0;0;0;1;1;1;0;0;0;0;0;0;0;1;;0;0;0;;;;;;;;;;;;;0;0;0;0;0;0;0;0;
FILTRE;2014;2A0003125;2A0000014;DECLA;0;0;0;0;0;0;0;0;0;0;0;0;0;0;0;0;0;1;0;0;0;0;0;0;0;0;0;0;0;0;0;0;0;0;0;0;0;0;0;
FILTRE;2014;2A0003133;2A0000014;DECLA;0;0;0;0;0;0;0;0;0;0;0;0;0;0;0;0;0;1;0;0;0;0;0;0;0;0;0;0;0;0;0;0;0;0;0;0;0;0;0;
FILTRE;2014;2A0003141;2A0000014;DECLA;0;0;0;0;0;0;0;0;0;0;0;0;0;0;0;0;0;1;0;0;0;0;0;0;0;0;0;0;0;0;0;0;0;0;0;0;0;0;0;
FILTRE;2014;2A0003174;2A0003166;DECLA;0;0;0;0;0;0;0;0;0;0;0;1;0;0;0;0;0;0;0;0;0;0;0;0;0;0;0;0;0;0;0;0;0;0;0;0;0;0;0;
FILTRE;2014;2A0003174;2A0003166;INIT;0;0;0;0;0;0;0;0;0;0;0;1;0;0;0;;0;0;0;;;;;;;;;;;;;0;0;0;0;0;0;0;0;
FILTRE;2014;2A0022554;2A0000311;DECLA;0;0;0;0;1;0;0;0;0;0;0;0;0;0;0;0;0;0;0;0;0;0;0;0;0;0;0;0;0;0;0;0;0;0;0;0;0;0;0;
FILTRE;2014;2A0022554;2A0000311;INIT;0;0;0;0;1;0;0;0;0;0;0;0;0;0;0;;0;0;0;;;;;;;;;;;;;0;0;0;0;0;0;0;0;
FILTRE;2014;2A0023271;2A0000014;DECLA;0;0;0;0;0;1;0;0;0;0;0;0;0;0;0;0;0;0;0;0;0;0;0;0;0;0;0;0;0;0;0;0;0;0;0;0;0;0;0;
FILTRE;2014;2A0023271;2A0000014;INIT;0;0;0;0;1;1;0;0;0;0;0;0;0;0;0;;0;0;0;;;;;;;;;;;;;0;0;0;0;0;0;0;0;
FILTRE;2014;2B0000012;2B0000020;DECLA;1;1;1;1;1;0;1;1;1;0;1;1;1;0;0;1;1;1;1;1;1;1;1;1;1;1;0;1;0;1;1;1;1;1;1;1;0;0;0;
FILTRE;2014;2B0000012;2B0000020;INIT;1;1;1;1;1;0;1;1;1;0;1;1;1;0;0;;1;1;1;;;;;;;;;;;;;1;1;1;1;0;0;0;0;
FILTRE;2014;2B0000038;2B0004246;DECLA;1;0;0;0;1;0;1;0;0;0;1;0;0;0;1;0;0;0;0;1;0;0;0;1;0;1;0;0;0;0;0;0;0;0;0;0;0;0;0;
FILTRE;2014;2B0000038;2B0004246;INIT;1;0;0;0;1;1;1;0;0;0;1;0;0;0;1;;0;0;0;;;;;;;;;;;;;0;0;0;0;0;0;0;0;
FILTRE;2014;2B0000079;2B0000046;DECLA;1;1;0;0;0;0;0;1;0;0;0;0;0;0;0;0;0;0;1;0;0;0;0;1;1;1;0;0;0;0;0;0;0;0;0;0;0;0;0;
FILTRE;2014;2B0000079;2B0000046;INIT;0;1;0;0;0;0;0;1;0;0;0;0;0;0;0;;0;0;1;;;;;;;;;;;;;0;0;0;0;0;0;0;0;
FILTRE;2014;2B0000145;2B0000053;DECLA;1;1;1;0;0;0;1;1;0;0;1;0;1;0;0;0;0;0;1;0;0;1;0;1;1;1;0;1;0;1;1;0;0;1;0;0;0;0;0;
FILTRE;2014;2B0000145;2B0000053;INIT;1;1;1;0;1;0;1;1;0;0;1;0;1;0;0;;0;0;1;;;;;;;;;;;;;0;0;1;0;0;0;0;0;
FILTRE;2014;2B0000160;2B0000087;DECLA;1;1;0;0;0;0;0;1;0;0;0;1;0;0;0;0;0;0;1;0;0;0;0;1;0;0;0;0;0;0;0;0;1;1;0;0;0;0;0;
FILTRE;2014;2B0000160;2B0000087;INIT;0;0;0;0;0;0;0;0;0;0;0;0;0;0;0;;0;0;0;;;;;;;;;;;;;0;0;1;0;0;0;0;0;
FILTRE;2014;2B0000392;2B0000129;DECLA;1;1;0;0;0;0;1;1;0;0;0;0;0;0;0;0;0;0;1;1;0;1;0;1;1;1;0;0;0;0;1;0;1;1;0;0;0;0;0;
FILTRE;2014;2B0000392;2B0000129;INIT;1;1;0;0;0;0;1;1;0;0;0;0;0;0;0;;0;0;1;;;;;;;;;;;;;0;0;1;0;0;0;0;0;
FILTRE;2014;2B0000400;2B0000137;DECLA;0;0;0;0;1;0;0;0;0;0;0;0;0;0;0;0;0;0;0;0;0;0;0;0;0;0;0;0;0;0;1;0;0;0;0;0;0;0;0;
FILTRE;2014;2B0000400;2B0000137;INIT;0;0;0;0;1;0;0;0;0;0;0;0;0;0;0;;0;0;0;;;;;;;;;;;;;0;0;0;0;0;0;0;0;
FILTRE;2014;2B0001739;2B0001689;DECLA;0;0;0;0;0;0;0;0;0;0;0;0;0;0;1;0;0;0;0;0;0;0;0;0;0;0;0;1;0;0;0;0;0;0;0;0;0;0;0;
FILTRE;2014;2B0001739;2B0001689;INIT;0;0;0;0;0;0;0;0;0;0;0;0;0;0;1;;0;0;0;;;;;;;;;;;;;0;0;0;0;0;0;0;0;
FILTRE;2014;2B0003016;2B0003990;DECLA;0;0;0;1;0;0;0;0;0;0;0;0;0;0;0;0;0;0;0;0;0;0;0;1;0;1;0;0;0;0;0;0;0;0;0;0;0;0;0;
FILTRE;2014;2B0003016;2B0003990;INIT;0;0;0;1;0;0;0;0;0;0;0;0;0;0;0;;0;0;0;;;;;;;;;;;;;0;0;0;0;0;0;0;0;
FILTRE;2014;2B0003289;2B0003198;DECLA;0;0;0;0;0;0;0;0;0;0;0;0;0;0;1;0;0;0;0;0;0;0;0;1;0;1;0;0;0;0;1;0;0;0;0;0;0;0;0;
FILTRE;2014;2B0003289;2B0003198;INIT;0;0;0;0;0;0;0;0;0;0;0;0;0;0;1;;0;0;0;;;;;;;;;;;;;0;0;0;0;0;0;0;0;
FILTRE;2014;2B0003420;2B0000020;DECLA;0;0;0;0;0;0;0;0;0;0;0;0;0;0;0;0;0;1;0;0;0;0;0;0;0;0;0;0;0;0;0;0;0;0;0;0;0;0;0;
FILTRE;2014;2B0003917;2B0003891;DECLA;0;0;0;1;0;0;0;0;1;0;0;0;0;0;0;0;0;0;0;0;0;0;0;0;0;1;0;0;0;0;0;0;0;0;0;0;0;;;
FILTRE;2014;2B0003917;2B0003891;INIT;0;0;0;1;0;0;0;0;1;0;0;0;0;0;0;;0;0;0;;;;;;;;;;;;;0;0;0;0;0;0;0;0;
FILTRE;2014;2B0004071;130006810;DECLA;0;0;0;0;0;0;0;0;0;0;0;1;0;0;0;0;0;0;0;0;0;0;0;0;0;0;0;0;0;0;0;0;0;0;0;0;0;0;0;
FILTRE;2014;2B0004071;130006810;INIT;0;0;0;0;0;0;0;0;0;0;0;1;0;0;0;;0;0;0;;;;;;;;;;;;;0;0;0;0;0;0;0;0;
FILTRE;2014;2B0004089;2B0000020;DECLA;0;0;0;0;0;1;0;0;0;0;0;0;0;0;0;0;0;0;0;0;0;0;0;0;0;0;0;0;0;0;0;0;0;0;0;0;0;0;0;
FILTRE;2014;2B0004089;2B0000020;INIT;0;0;0;0;0;1;0;0;0;0;0;0;0;0;0;;0;0;0;;;;;;;;;;;;;0;0;0;0;0;0;0;0;
FILTRE;2014;2B0004113;2B0000467;DECLA;0;0;0;1;0;0;0;0;0;0;0;0;0;0;0;0;0;0;0;0;0;0;0;1;0;1;0;0;0;0;0;0;0;0;0;0;0;0;0;
FILTRE;2014;2B0004113;2B0000467;INIT;0;0;0;1;0;0;0;0;0;0;0;0;0;0;0;;0;0;0;;;;;;;;;;;;;0;0;0;0;0;0;0;0;
FILTRE;2014;2B0004212;130006810;DECLA;0;0;0;0;0;0;0;0;0;0;0;1;0;0;0;0;0;0;0;0;0;0;0;0;0;0;0;0;0;0;0;0;0;0;0;0;0;0;0;
FILTRE;2014;2B0004212;130006810;INIT;0;0;0;0;0;0;0;0;0;0;0;1;0;0;0;;0;0;0;;;;;;;;;;;;;0;0;0;0;0;0;0;0;
FILTRE;2014;2B0004584;130016058;DECLA;0;0;0;0;0;0;0;0;0;0;0;1;0;0;0;0;0;0;0;0;0;0;0;0;0;0;0;0;0;0;0;0;0;0;0;0;0;0;0;
FILTRE;2014;2B0004584;130016058;INIT;0;0;0;0;0;0;0;0;0;0;0;1;0;0;0;;0;0;0;;;;;;;;;;;;;0;0;0;0;0;0;0;0;
FILTRE;2014;2B0004907;2B0000020;DECLA;0;0;0;0;0;0;0;0;0;0;0;0;0;0;0;0;0;1;0;0;0;0;0;0;0;0;0;0;0;0;0;0;0;0;0;0;0;0;0;
FILTRE;2014;2B0005359;2B0005342;DECLA;1;0;0;0;0;1;1;0;0;0;0;0;0;0;0;0;1;0;0;1;0;0;0;1;0;1;0;0;0;0;0;0;0;0;0;0;0;0;0;
FILTRE;2014;2B0005359;2B0005342;INIT;1;0;0;0;0;1;1;0;0;0;0;0;0;0;0;;1;0;0;;;;;;;;;;;;;0;0;0;0;0;0;0;0;
FILTRE;2014;2B0005409;2B0000020;DECLA;0;0;0;0;0;0;0;0;0;0;0;0;0;0;0;0;0;1;0;0;0;0;0;0;0;0;0;0;0;0;0;0;0;0;0;0;0;0;0;
FILTRE;2014;300000023;300780046;DECLA;1;1;1;1;1;0;1;1;1;0;1;0;1;1;0;0;1;1;1;1;1;1;0;1;1;1;0;1;1;1;1;0;1;1;0;0;0;0;0;
FILTRE;2014;300000023;300780046;INIT;1;1;1;0;1;0;1;1;1;0;1;0;1;0;0;;1;1;1;;;;;;;;;;;;;0;1;1;0;0;0;0;0;
FILTRE;2014;300000031;300780053;DECLA;1;1;1;0;0;1;1;1;0;0;1;0;1;0;1;0;1;1;1;1;1;1;1;1;1;1;1;1;0;1;1;0;1;1;0;0;0;0;0;
FILTRE;2014;300000031;300780053;INIT;1;1;1;0;0;1;1;1;0;0;1;0;1;0;1;;1;1;1;;;;;;;;;;;;;0;0;1;0;0;0;0;0;
FILTRE;2014;300000049;130028228;DECLA;0;0;0;0;1;0;0;0;0;0;0;0;0;0;0;0;0;0;0;0;0;0;0;1;0;1;0;0;0;0;1;0;0;0;0;0;0;0;0;
FILTRE;2014;300000049;130028228;INIT;0;0;0;0;1;0;0;0;0;0;0;0;0;0;0;;0;0;0;;;;;;;;;;;;;0;0;0;0;0;0;0;0;
FILTRE;2014;300000056;300780079;DECLA;1;0;0;0;1;0;0;0;0;0;0;0;0;0;1;0;0;0;0;0;0;0;0;1;0;1;0;0;0;1;1;0;0;0;0;0;0;0;0;
FILTRE;2014;300000056;300780079;INIT;1;0;0;0;1;0;1;0;0;0;0;0;0;0;0;;0;0;0;;;;;;;;;;;;;0;0;0;0;0;0;0;0;
FILTRE;2014;300000064;300780087;DECLA;1;0;0;0;1;1;1;0;0;0;0;0;0;0;1;0;0;0;0;0;0;0;0;1;0;0;0;0;0;1;1;0;0;0;0;0;0;0;0;
FILTRE;2014;300000064;300780087;INIT;1;0;0;0;1;1;1;0;0;0;0;0;0;0;0;;0;0;0;;;;;;;;;;;;;0;0;0;0;0;0;0;0;
FILTRE;2014;300000072;300780095;DECLA;1;0;0;0;1;1;1;0;0;0;0;0;0;0;0;0;0;0;0;0;0;0;0;1;0;0;0;1;0;1;1;0;0;0;0;0;0;0;0;
FILTRE;2014;300000072;300780095;INIT;1;0;0;0;1;1;1;0;0;0;0;0;0;0;0;;0;0;0;;;;;;;;;;;;;0;0;0;0;0;0;0;0;
FILTRE;2014;300000080;300780103;DECLA;0;0;0;1;0;0;0;0;1;0;0;0;0;0;0;0;0;0;0;0;0;0;0;1;0;1;0;0;0;0;1;0;0;0;0;0;0;0;0;
FILTRE;2014;300000080;300780103;INIT;0;0;0;1;0;0;0;0;1;0;0;0;0;0;0;;0;0;0;;;;;;;;;;;;;0;0;0;0;0;0;0;0;
FILTRE;2014;300000296;300000296;DECLA;0;0;0;1;0;0;0;0;1;0;0;0;0;0;0;0;0;0;0;0;0;0;0;0;0;1;0;0;0;0;0;0;0;0;0;0;0;0;0;
FILTRE;2014;300000296;300000296;INIT;0;0;0;1;0;0;0;0;1;0;0;0;0;0;0;;0;0;0;;;;;;;;;;;;;0;0;0;0;0;0;0;0;
FILTRE;2014;300000478;300781010;DECLA;1;0;0;0;1;0;1;0;0;0;0;0;0;0;0;0;0;0;0;1;1;0;0;1;0;1;1;0;0;1;1;0;0;0;0;0;0;0;0;
FILTRE;2014;300000478;300781010;INIT;1;0;0;0;1;0;1;0;0;0;0;0;0;0;0;;0;0;0;;;;;;;;;;;;;0;0;0;0;0;0;0;0;
FILTRE;2014;300002128;300000247;DECLA;0;0;0;1;0;0;0;0;0;0;0;0;0;0;0;0;0;0;0;0;0;0;0;0;0;0;0;0;0;0;0;0;0;0;0;0;0;0;0;
FILTRE;2014;300002128;300000247;INIT;0;0;0;1;0;0;0;0;1;0;0;0;0;0;0;;0;0;0;;;;;;;;;;;;;0;0;0;0;0;0;0;0;
FILTRE;2014;300002169;780020715;DECLA;0;0;0;0;1;0;0;0;0;0;0;0;0;0;0;0;0;0;0;0;0;0;0;0;0;1;0;1;0;1;0;0;0;0;0;0;0;0;0;
FILTRE;2014;300002169;780020715;INIT;0;0;0;0;1;0;0;0;0;0;0;0;0;0;0;;0;0;0;;;;;;;;;;;;;0;0;0;0;0;0;0;0;
FILTRE;2014;300002508;300000213;DECLA;0;0;0;0;0;0;0;1;0;0;0;0;0;0;0;0;0;0;1;0;0;0;0;1;1;1;0;0;0;0;0;0;0;0;0;0;0;0;0;
FILTRE;2014;300002508;300000213;INIT;0;0;0;0;0;0;0;1;0;0;0;0;0;0;0;;0;0;1;;;;;;;;;;;;;0;0;0;0;0;0;0;0;
FILTRE;2014;300002805;300780038;DECLA;1;0;0;0;1;0;0;0;0;0;0;0;0;0;0;0;0;0;0;0;0;0;0;0;0;0;0;0;0;0;0;0;0;0;0;0;0;0;0;
FILTRE;2014;300002805;300780038;INIT;0;0;0;0;1;1;0;0;0;0;0;0;0;0;0;;0;0;0;;;;;;;;;;;;;0;0;0;0;0;0;0;0;
FILTRE;2014;300003308;300780038;DECLA;0;0;0;1;0;0;0;0;1;0;0;0;0;0;0;0;0;0;0;0;0;0;0;0;0;0;0;0;0;0;0;0;0;0;0;0;0;0;0;
FILTRE;2014;300003308;300780038;INIT;0;0;0;1;0;0;0;0;0;0;0;0;0;0;0;;0;0;0;;;;;;;;;;;;;0;0;0;0;0;0;0;0;
FILTRE;2014;300007119;340000264;DECLA;0;0;0;0;0;0;0;0;0;0;0;1;0;0;0;0;0;0;0;0;0;0;0;1;0;1;0;0;0;0;0;0;0;0;0;0;0;0;0;
FILTRE;2014;300007119;340000264;INIT;0;0;0;0;0;0;0;0;0;0;0;1;0;0;0;;0;0;0;;;;;;;;;;;;;0;0;0;0;0;0;0;0;
FILTRE;2014;300007168;340000264;DECLA;0;0;0;0;0;0;0;0;0;0;0;1;0;0;0;0;0;0;0;0;0;0;0;1;0;1;0;0;0;0;0;0;0;0;0;0;0;0;0;
FILTRE;2014;300007168;340000264;INIT;0;0;0;0;0;0;0;0;0;0;0;1;0;0;0;;0;0;0;;;;;;;;;;;;;0;0;0;0;0;0;0;0;
FILTRE;2014;300008588;340000413;DECLA;0;0;0;0;0;0;1;0;0;0;0;1;0;0;0;0;0;0;0;0;0;0;0;1;0;1;1;0;0;0;0;0;0;0;0;0;0;0;0;
FILTRE;2014;300008588;340000413;INIT;0;0;0;0;0;0;0;0;0;0;0;1;0;0;0;;0;0;0;;;;;;;;;;;;;0;0;0;0;0;0;0;0;
FILTRE;2014;300008638;340000413;DECLA;0;0;0;0;0;0;1;0;0;0;0;1;0;0;0;0;0;0;0;0;0;0;0;0;0;1;1;0;0;0;0;0;0;0;0;0;0;0;0;
FILTRE;2014;300008638;340000413;INIT;0;0;0;0;0;0;0;0;0;0;0;1;0;0;0;;0;0;0;;;;;;;;;;;;;0;0;0;0;0;0;0;0;
FILTRE;2014;300010964;300010931;DECLA;0;0;0;0;0;0;0;0;0;1;0;0;0;0;0;0;0;0;0;0;0;0;0;0;0;0;0;0;0;0;0;0;0;0;0;0;0;0;0;
FILTRE;2014;300010964;300010931;INIT;0;0;0;0;0;0;0;0;0;1;0;0;0;0;0;;0;0;0;;;;;;;;;;;;;0;0;0;0;0;0;0;0;
FILTRE;2014;300012309;340784933;DECLA;0;0;0;0;0;0;0;0;0;0;0;0;0;0;1;0;0;0;0;0;0;0;0;1;0;0;1;0;0;0;0;0;0;0;0;0;0;0;0;
FILTRE;2014;300012309;340784933;INIT;0;0;0;0;0;0;0;0;0;0;0;0;0;0;1;;0;0;0;;;;;;;;;;;;;0;0;0;0;0;0;0;0;
FILTRE;2014;300012481;300780046;DECLA;0;0;0;0;0;1;0;0;0;0;0;0;0;0;0;0;0;0;0;0;0;0;0;0;0;0;0;0;0;0;0;0;0;0;0;0;0;0;0;
FILTRE;2014;300012481;300780046;INIT;0;0;0;0;0;1;0;0;0;0;0;0;0;0;0;;0;0;0;;;;;;;;;;;;;0;0;0;0;0;0;0;0;
FILTRE;2014;300012499;300780046;DECLA;0;0;0;0;0;1;0;0;0;0;0;0;0;0;0;0;0;0;0;0;0;0;0;0;0;0;0;0;0;0;0;0;0;0;0;0;0;0;0;
FILTRE;2014;300012499;300780046;INIT;0;0;0;0;0;1;0;0;0;0;0;0;0;0;0;;0;0;0;;;;;;;;;;;;;0;0;0;0;0;0;0;0;
FILTRE;2014;300013745;340784933;DECLA;0;0;0;0;0;0;0;0;0;0;0;0;0;0;1;0;0;0;0;0;0;0;0;1;0;0;1;0;0;0;0;0;0;0;0;0;0;0;0;
FILTRE;2014;300013745;340784933;INIT;0;0;0;0;0;0;0;0;0;0;0;0;0;0;1;;0;0;0;;;;;;;;;;;;;0;0;0;0;0;0;0;0;
FILTRE;2014;300013778;300013760;DECLA;0;0;0;0;0;0;0;0;0;0;0;0;0;0;1;0;0;0;0;0;0;0;0;0;0;1;0;0;0;0;0;0;0;0;0;0;0;0;0;
FILTRE;2014;300013778;300013760;INIT;0;0;0;0;0;0;0;0;0;0;0;0;0;0;1;;0;0;0;;;;;;;;;;;;;0;0;0;0;0;0;0;0;
FILTRE;2014;300013786;300780038;DECLA;0;0;0;0;0;0;0;0;0;0;0;0;0;0;1;0;0;0;0;0;0;0;0;0;0;0;0;0;0;0;0;0;0;0;0;0;0;0;0;
FILTRE;2014;300013786;300780038;INIT;0;0;0;0;0;0;0;0;0;0;0;0;0;0;1;;0;0;0;;;;;;;;;;;;;0;0;0;0;0;0;0;0;
FILTRE;2014;300014040;300014024;DECLA;0;0;0;0;1;0;0;0;0;0;0;0;0;0;0;0;0;0;0;0;0;0;0;1;0;1;0;0;0;0;0;0;0;0;0;0;0;0;0;
FILTRE;2014;300014040;300014024;INIT;0;0;0;0;1;0;0;0;0;0;0;0;0;0;0;;0;0;0;;;;;;;;;;;;;0;0;0;0;0;0;0;0;
FILTRE;2014;300780111;300016847;DECLA;0;0;0;0;1;0;0;0;0;0;0;0;0;0;0;0;0;0;0;0;0;0;0;1;0;1;0;0;0;0;0;0;0;0;0;0;0;0;0;
FILTRE;2014;300780111;300016847;INIT;0;0;0;0;1;0;0;0;0;0;0;0;0;0;0;;0;0;0;;;;;;;;;;;;;0;0;0;0;0;0;0;0;
FILTRE;2014;300780137;920028396;DECLA;1;1;1;0;0;0;1;1;0;0;0;0;1;0;0;0;1;0;1;1;0;1;0;1;1;1;0;0;0;1;0;0;1;1;0;0;0;0;0;
FILTRE;2014;300780137;920028396;INIT;1;1;0;0;0;0;1;1;0;0;0;0;1;0;0;;1;0;1;;;;;;;;;;;;;0;0;1;0;0;0;0;0;
FILTRE;2014;300780152;300000114;DECLA;1;1;0;0;0;0;1;1;0;0;0;0;0;0;0;0;0;0;1;1;0;0;0;1;1;1;0;0;1;1;0;1;1;1;1;0;0;0;1;
FILTRE;2014;300780152;300000114;INIT;1;1;0;0;0;0;1;1;0;0;0;0;0;0;0;;0;0;1;;;;;;;;;;;;;1;1;1;1;0;0;0;1;
FILTRE;2014;300780210;300000148;DECLA;0;0;0;1;0;0;0;0;1;0;0;0;0;0;0;0;0;0;0;0;0;0;0;1;0;0;0;0;0;0;1;0;0;0;0;0;0;0;0;
FILTRE;2014;300780210;300000148;INIT;0;0;0;1;0;0;0;0;1;0;0;0;0;0;0;;0;0;0;;;;;;;;;;;;;0;0;0;0;0;0;0;0;
FILTRE;2014;300780228;300000155;DECLA;0;1;0;0;0;0;0;1;0;0;0;0;1;0;0;0;0;0;1;0;0;0;0;1;1;1;0;0;0;0;0;0;0;0;0;0;0;0;0;
FILTRE;2014;300780228;300000155;INIT;0;1;0;0;0;0;0;1;0;0;0;0;1;0;0;;0;0;1;;;;;;;;;;;;;0;0;0;0;0;0;0;0;
FILTRE;2014;300780244;300000171;DECLA;0;0;0;1;0;0;0;0;0;0;0;0;0;0;0;0;0;0;0;0;0;0;0;0;0;0;0;0;0;0;0;0;0;0;0;0;0;0;0;
FILTRE;2014;300780244;300000171;INIT;0;0;0;1;0;0;0;0;0;0;0;0;0;0;0;;0;0;0;;;;;;;;;;;;;0;0;0;0;0;0;0;0;
FILTRE;2014;300780251;300000189;DECLA;0;0;0;1;0;0;0;0;0;0;0;0;0;0;0;0;0;0;0;0;0;0;0;1;0;0;0;0;0;0;0;0;0;0;0;0;0;0;0;
FILTRE;2014;300780251;300000189;INIT;0;0;0;1;0;0;0;0;0;0;0;0;0;0;0;;0;0;0;;;;;;;;;;;;;0;0;0;0;0;0;0;0;
FILTRE;2014;300780269;300000197;DECLA;0;0;0;1;0;0;0;0;1;0;0;0;0;0;0;0;0;0;0;0;0;0;0;1;0;0;0;0;0;0;0;0;0;0;0;0;0;0;0;
FILTRE;2014;300780269;300000197;INIT;0;0;0;1;0;0;0;0;1;0;0;0;0;0;0;;0;0;0;;;;;;;;;;;;;0;0;0;0;0;0;0;0;
FILTRE;2014;300780285;300000726;DECLA;1;0;0;0;1;0;1;0;0;0;1;0;0;0;0;0;0;0;0;0;0;0;0;1;0;1;0;0;0;1;1;0;0;0;0;0;0;0;0;
FILTRE;2014;300780285;300000726;INIT;1;0;0;0;1;0;1;0;0;0;1;0;0;0;0;;0;0;0;;;;;;;;;;;;;0;0;0;0;0;0;0;0;
FILTRE;2014;300780384;750721334;DECLA;0;0;0;0;0;0;0;0;1;0;0;0;0;0;0;0;0;0;0;0;0;0;0;0;0;0;0;0;0;0;0;0;0;0;0;0;0;0;0;
FILTRE;2014;300780384;750721334;INIT;0;0;0;0;0;0;0;0;1;0;0;0;0;0;0;;0;0;0;;;;;;;;;;;;;0;0;0;0;0;0;0;0;
FILTRE;2014;300780400;380804542;DECLA;0;0;0;0;1;0;0;0;0;0;0;0;0;0;0;0;0;0;0;0;0;1;0;1;0;0;0;0;0;0;0;0;0;0;0;0;0;0;0;
FILTRE;2014;300780400;380804542;INIT;0;0;0;0;1;0;0;0;0;0;0;0;0;0;0;;0;0;0;;;;;;;;;;;;;0;0;0;0;0;0;0;0;
FILTRE;2014;300780442;300000254;DECLA;0;0;0;0;1;0;0;0;0;0;0;0;0;0;0;0;0;0;0;0;0;0;0;1;0;1;0;0;0;0;0;0;0;0;0;0;0;0;0;
FILTRE;2014;300780442;300000254;INIT;0;0;0;0;1;0;0;0;0;0;0;0;0;0;0;;0;0;0;;;;;;;;;;;;;0;0;0;0;0;0;0;0;
FILTRE;2014;300780475;340015171;DECLA;0;0;0;0;1;0;0;0;0;0;0;0;0;0;0;0;0;0;0;0;0;0;0;1;0;1;0;0;0;1;0;0;0;0;0;0;0;0;0;
FILTRE;2014;300780475;340015171;INIT;0;0;0;0;1;0;0;0;0;0;0;0;0;0;0;;0;0;0;;;;;;;;;;;;;0;0;0;0;0;0;0;0;
FILTRE;2014;300780491;340016963;DECLA;0;0;0;0;1;0;0;0;0;0;0;0;0;0;0;0;0;0;0;0;0;0;0;0;0;0;0;0;0;0;0;0;0;0;0;0;0;0;0;
FILTRE;2014;300780491;340016963;INIT;0;0;0;0;1;0;0;0;0;0;0;0;0;0;0;;0;0;0;;;;;;;;;;;;;0;0;0;0;0;0;0;0;
FILTRE;2014;300780764;300000429;DECLA;0;0;0;1;0;0;0;0;1;0;0;0;0;0;0;0;0;0;0;0;0;0;0;0;0;1;0;0;0;0;1;0;0;0;0;0;0;0;0;
FILTRE;2014;300780764;300000429;INIT;0;0;0;1;0;0;0;0;1;0;0;0;0;0;0;;0;0;0;;;;;;;;;;;;;0;0;0;0;0;0;0;0;
FILTRE;2014;300781424;300000692;DECLA;0;0;0;1;0;0;0;0;1;0;0;0;0;0;0;0;0;0;0;0;0;0;0;1;0;0;0;0;0;0;0;0;0;0;0;0;0;0;0;
FILTRE;2014;300781424;300000692;INIT;0;0;0;1;0;0;0;0;1;0;0;0;0;0;0;;0;0;0;;;;;;;;;;;;;0;0;0;0;0;0;0;0;
FILTRE;2014;300781440;300000700;DECLA;0;0;0;0;1;0;0;0;0;0;0;0;0;0;0;0;0;0;0;0;0;0;0;1;0;0;0;0;0;0;0;0;0;0;0;0;0;0;0;
FILTRE;2014;300781440;300000700;INIT;0;0;0;0;1;0;0;0;0;0;0;0;0;0;0;;0;0;0;;;;;;;;;;;;;0;0;0;0;0;0;0;0;
FILTRE;2014;300781465;300000726;DECLA;1;1;1;0;0;0;0;1;0;0;0;0;1;0;0;0;0;0;1;0;0;1;1;1;1;1;1;0;0;0;0;0;1;1;0;0;0;0;0;
FILTRE;2014;300781465;300000726;INIT;0;1;1;0;0;0;0;1;0;0;0;0;1;0;0;;0;0;1;;;;;;;;;;;;;0;0;1;0;0;0;0;0;
FILTRE;2014;300782117;300780038;DECLA;1;1;1;1;1;0;1;1;1;1;1;1;1;0;1;0;1;1;1;1;1;1;0;1;1;1;1;1;1;1;0;1;1;1;1;0;0;0;0;
FILTRE;2014;300782117;300780038;INIT;1;1;1;1;1;0;1;1;1;1;1;1;1;0;1;;1;1;1;;;;;;;;;;;;;1;1;1;1;0;0;0;0;
FILTRE;2014;300782125;300780038;DECLA;0;0;0;0;1;1;0;0;0;0;0;0;0;0;0;0;0;0;0;0;0;0;0;0;0;0;0;0;0;0;0;0;0;0;0;0;0;0;0;
FILTRE;2014;300782125;300780038;INIT;0;0;0;0;1;1;0;0;0;0;0;0;0;0;0;;0;0;0;;;;;;;;;;;;;0;0;0;0;0;0;0;0;
FILTRE;2014;300782141;300780038;DECLA;1;0;0;0;1;0;0;0;0;0;0;0;0;0;0;0;0;0;0;0;0;0;0;0;0;0;0;0;0;0;0;0;0;0;0;0;0;0;0;
FILTRE;2014;300782141;300780038;INIT;0;0;0;0;1;0;0;0;0;0;0;0;0;0;0;;0;0;0;;;;;;;;;;;;;0;0;0;0;0;0;0;0;
FILTRE;2014;300786274;300786266;DECLA;0;0;0;0;1;0;0;0;0;0;0;0;0;0;0;0;0;0;0;0;0;0;0;0;0;1;0;0;0;0;0;0;0;0;0;0;0;0;0;
FILTRE;2014;300786274;300786266;INIT;0;0;0;0;1;0;0;0;0;0;0;0;0;0;0;;0;0;0;;;;;;;;;;;;;0;0;0;0;0;0;0;0;
FILTRE;2014;300786787;300000387;DECLA;0;0;0;0;0;0;0;0;1;0;0;0;0;0;0;0;0;0;0;0;0;0;0;0;0;0;0;0;0;0;0;0;0;0;0;0;0;0;0;
FILTRE;2014;300786787;300000387;INIT;0;0;0;0;0;0;0;0;1;0;0;0;0;0;0;;0;0;0;;;;;;;;;;;;;0;0;0;0;0;0;0;0;
FILTRE;2014;300787421;340000264;DECLA;0;0;0;0;0;0;0;0;0;0;0;1;0;0;0;0;0;0;0;0;0;0;0;1;0;1;0;0;0;0;0;0;0;0;0;0;0;0;0;
FILTRE;2014;300787421;340000264;INIT;0;0;0;0;0;0;0;0;0;0;0;1;0;0;0;;0;0;0;;;;;;;;;;;;;0;0;0;0;0;0;0;0;
FILTRE;2014;300788502;300788486;DECLA;1;1;1;0;0;0;1;1;0;0;0;0;1;0;0;0;1;0;1;0;0;0;0;1;1;1;0;0;0;0;0;0;1;1;0;0;0;0;0;
FILTRE;2014;300788502;300788486;INIT;1;1;1;0;0;0;1;1;0;0;0;0;1;0;0;;1;0;1;;;;;;;;;;;;;0;0;1;0;0;0;0;0;
FILTRE;2014;310000013;310180013;DECLA;0;0;0;0;1;0;0;0;0;0;0;0;0;0;0;0;0;0;0;0;0;0;0;0;0;0;0;0;0;0;0;0;0;0;0;0;0;0;0;
FILTRE;2014;310000013;310180013;INIT;0;0;0;0;1;0;0;0;0;0;0;0;0;0;0;;0;0;0;;;;;;;;;;;;;0;0;0;0;0;0;0;0;
FILTRE;2014;310000310;310780671;DECLA;1;0;0;0;1;1;1;0;0;0;1;0;0;0;1;0;1;1;0;1;1;0;0;1;1;1;1;1;1;1;1;0;1;0;0;0;0;0;0;
FILTRE;2014;310000310;310780671;INIT;1;1;0;0;1;1;1;0;0;0;1;0;0;0;1;;1;1;1;;;;;;;;;;;;;0;1;1;0;0;0;0;0;
FILTRE;2014;310000336;310780713;DECLA;1;0;0;0;1;1;1;0;0;0;0;0;0;0;0;0;0;0;0;1;0;0;0;1;0;1;0;0;0;0;0;0;0;0;0;0;0;0;0;
FILTRE;2014;310000336;310780713;INIT;1;0;0;0;1;1;1;0;0;0;0;0;0;0;0;;0;0;0;;;;;;;;;;;;;0;0;0;0;0;0;0;0;
FILTRE;2014;310000369;310780754;DECLA;0;0;0;1;0;0;0;0;1;0;0;0;0;0;0;0;0;0;0;0;0;0;0;1;0;1;0;0;0;0;0;0;0;0;0;0;0;0;0;
FILTRE;2014;310000369;310780754;INIT;0;0;0;1;0;0;0;0;1;0;0;0;0;0;0;;0;0;0;;;;;;;;;;;;;0;0;0;0;0;0;0;0;
FILTRE;2014;310005459;310021886;DECLA;0;0;0;0;0;0;0;0;0;0;1;0;0;0;1;0;0;0;0;0;0;0;0;0;0;0;0;0;0;0;0;0;0;0;0;0;0;0;0;
FILTRE;2014;310005459;310021886;INIT;0;0;0;0;0;0;0;0;0;0;0;0;0;0;1;;0;0;0;;;;;;;;;;;;;0;0;0;0;0;0;0;0;
FILTRE;2014;310006473;310002712;DECLA;0;0;0;0;0;0;0;0;0;0;0;1;0;0;0;0;0;0;0;0;0;0;0;0;0;0;0;0;0;0;0;0;0;0;0;0;0;0;0;
FILTRE;2014;310006473;310002712;INIT;0;0;0;0;0;0;0;0;0;0;0;1;0;0;0;;0;0;0;;;;;;;;;;;;;0;0;0;0;0;0;0;0;
FILTRE;2014;310006481;310000617;DECLA;0;0;0;0;0;0;0;0;0;0;0;1;0;0;0;0;0;0;0;0;0;0;0;0;0;0;0;0;0;0;0;0;0;0;0;0;0;0;0;
FILTRE;2014;310006481;310000617;INIT;0;0;0;0;0;0;0;0;0;0;0;1;0;0;0;;0;0;0;;;;;;;;;;;;;0;0;0;0;0;0;0;0;
FILTRE;2014;310009279;310780671;DECLA;1;1;1;0;0;0;1;1;0;0;0;0;1;0;0;0;0;0;1;0;0;0;0;0;0;0;0;0;0;0;0;0;0;1;0;0;0;0;0;
FILTRE;2014;310009279;310780671;INIT;0;1;1;0;0;0;0;1;0;0;0;0;1;0;0;;0;0;1;;;;;;;;;;;;;0;0;0;0;0;0;0;0;
FILTRE;2014;310011788;310002712;DECLA;0;0;0;0;0;0;0;0;0;0;0;1;0;0;0;0;0;0;0;0;0;0;0;0;0;0;0;0;0;0;0;0;0;0;0;0;0;0;0;
FILTRE;2014;310011788;310002712;INIT;0;0;0;0;0;0;0;0;0;0;0;1;0;0;0;;0;0;0;;;;;;;;;;;;;0;0;0;0;0;0;0;0;
FILTRE;2014;310011838;310002712;DECLA;0;0;0;0;0;0;0;0;0;0;0;1;0;0;0;0;0;0;0;0;0;0;0;0;0;0;0;0;0;0;0;0;0;0;0;0;0;0;0;
FILTRE;2014;310011838;310002712;INIT;0;0;0;0;0;0;0;0;0;0;0;1;0;0;0;;0;0;0;;;;;;;;;;;;;0;0;0;0;0;0;0;0;
FILTRE;2014;310013628;310786256;DECLA;1;0;0;0;1;1;1;0;0;0;0;0;0;0;0;0;0;0;0;0;0;0;0;1;0;1;1;0;0;1;1;0;0;0;0;0;0;0;0;
FILTRE;2014;310013628;310786256;INIT;1;0;0;0;1;1;1;0;0;0;0;0;0;0;0;;0;0;0;;;;;;;;;;;;;0;0;0;0;0;0;0;0;
FILTRE;2014;310014329;310781562;DECLA;0;0;0;0;1;0;0;0;0;0;0;0;0;0;0;0;0;0;0;0;0;0;0;0;0;0;0;0;0;0;0;0;0;0;0;0;0;0;0;
FILTRE;2014;310014329;310781562;INIT;0;0;0;0;1;0;0;0;0;0;0;0;0;0;0;;0;0;0;;;;;;;;;;;;;0;0;0;0;0;0;0;0;
FILTRE;2014;310016977;310781406;DECLA;1;1;1;0;0;0;1;1;0;0;1;1;1;0;1;0;1;1;1;1;1;1;1;0;0;0;1;1;1;1;1;1;1;1;0;0;0;1;1;
FILTRE;2014;310016977;310781406;INIT;1;1;1;0;0;0;1;1;0;0;0;1;1;0;1;;1;1;1;;;;;;;;;;;;;1;1;0;0;0;1;1;1;
FILTRE;2014;310018650;310781562;DECLA;0;0;0;1;0;0;0;0;0;0;0;0;0;0;0;0;0;0;0;0;0;0;0;0;0;0;0;0;0;0;0;0;0;0;0;0;0;0;0;
FILTRE;2014;310018650;310781562;INIT;0;0;0;1;0;0;0;0;0;0;0;0;0;0;0;;0;0;0;;;;;;;;;;;;;0;0;0;0;0;0;0;0;
FILTRE;2014;310018684;310000617;DECLA;0;0;0;0;0;0;0;0;0;0;0;1;0;0;0;0;0;0;0;0;0;0;0;0;0;0;0;0;0;0;0;0;0;0;0;0;0;0;0;
FILTRE;2014;310018684;310000617;INIT;0;0;0;0;0;0;0;0;0;0;0;1;0;0;0;;0;0;0;;;;;;;;;;;;;0;0;0;0;0;0;0;0;
FILTRE;2014;310019351;310781406;DECLA;1;1;0;0;0;0;1;0;0;0;1;1;0;0;0;0;0;0;1;1;0;1;1;0;0;0;1;0;0;1;0;0;1;1;0;0;1;0;0;
FILTRE;2014;310019351;310781406;INIT;1;1;0;0;0;0;1;0;0;0;1;1;0;0;0;;0;0;1;;;;;;;;;;;;;0;0;1;0;0;1;0;0;
FILTRE;2014;310019880;310002712;DECLA;0;0;0;0;0;0;0;0;0;0;0;1;0;0;0;0;0;0;0;0;0;0;0;0;0;0;0;0;0;0;0;0;0;0;0;0;0;0;0;
FILTRE;2014;310019880;310002712;INIT;0;0;0;0;0;0;0;0;0;0;0;1;0;0;0;;0;0;0;;;;;;;;;;;;;0;0;0;0;0;0;0;0;
FILTRE;2014;310020169;310000633;DECLA;0;0;0;0;0;0;0;0;0;0;0;1;0;0;0;0;0;0;0;0;0;0;0;0;0;0;0;0;0;0;0;0;0;0;0;0;0;0;0;
FILTRE;2014;310020169;310000633;INIT;0;0;0;0;0;0;0;0;0;0;0;1;0;0;0;;0;0;0;;;;;;;;;;;;;0;0;0;0;0;0;0;0;
FILTRE;2014;310020938;920000395;DECLA;0;0;0;0;1;0;0;0;0;0;0;0;0;0;0;0;0;0;0;0;0;0;0;1;0;1;0;0;0;1;0;0;0;0;0;0;0;0;0;
FILTRE;2014;310020938;920000395;INIT;0;0;0;0;1;0;0;0;0;0;0;0;0;0;0;;0;0;0;;;;;;;;;;;;;0;0;0;0;0;0;0;0;
FILTRE;2014;310021571;310021563;DECLA;0;0;0;0;1;1;0;0;0;0;0;0;0;0;0;0;0;0;0;0;0;0;0;1;0;1;0;0;0;0;1;0;0;0;0;0;0;0;0;
FILTRE;2014;310021571;310021563;INIT;0;0;0;0;1;1;0;0;0;0;0;0;0;0;0;;0;0;0;;;;;;;;;;;;;0;0;0;0;0;0;0;0;
FILTRE;2014;310022298;310781406;DECLA;0;0;0;0;1;1;0;0;0;0;0;0;0;0;0;0;0;0;0;0;0;0;0;0;0;0;1;0;0;0;0;0;0;0;0;0;0;0;0;
FILTRE;2014;310022298;310781406;INIT;0;0;0;0;1;1;0;0;0;0;0;0;0;0;0;;0;0;0;;;;;;;;;;;;;0;0;0;0;0;0;0;0;
FILTRE;2014;310022330;310022322;DECLA;0;0;0;0;0;0;0;0;0;0;0;1;0;0;0;0;0;0;0;0;0;0;0;0;0;0;1;0;0;0;0;0;0;0;0;0;0;0;0;
FILTRE;2014;310022330;310022322;INIT;0;0;0;0;0;0;0;0;0;0;0;1;0;0;0;;0;0;0;;;;;;;;;;;;;0;0;0;0;0;0;0;0;
FILTRE;2014;310025333;310781406;DECLA;1;1;0;0;0;0;1;1;0;1;1;1;0;0;0;0;0;0;0;0;1;0;0;1;0;0;1;0;0;0;0;0;1;1;0;0;0;0;0;
FILTRE;2014;310025333;310781406;INIT;1;1;0;0;0;0;1;0;0;1;1;0;0;0;0;;0;0;1;;;;;;;;;;;;;0;1;1;0;0;0;0;0;
FILTRE;2014;310025606;310000633;DECLA;0;0;0;0;0;0;0;0;0;0;0;1;0;0;0;0;0;0;0;0;0;0;0;0;0;0;0;0;0;0;0;0;0;0;0;0;0;0;0;
FILTRE;2014;310025606;310000633;INIT;0;0;0;0;0;0;0;0;0;0;0;1;0;0;0;;0;0;0;;;;;;;;;;;;;0;0;0;0;0;0;0;0;
FILTRE;2014;310780085;310000021;DECLA;0;1;0;0;0;0;0;1;0;0;0;0;0;0;0;0;0;0;1;0;0;0;0;1;0;1;1;0;0;0;0;0;0;0;0;0;0;0;0;
FILTRE;2014;310780085;310000021;INIT;0;1;0;0;0;0;0;1;0;0;0;0;0;0;0;;0;0;1;;;;;;;;;;;;;0;0;0;0;0;0;0;0;
FILTRE;2014;310780101;310000039;DECLA;1;1;1;0;0;0;1;1;0;0;1;0;1;0;0;0;1;0;1;1;0;0;0;1;1;1;0;0;0;0;1;0;1;1;0;0;0;0;0;
FILTRE;2014;310780101;310000039;INIT;1;1;1;0;0;0;1;1;0;0;1;0;1;0;0;;1;0;1;;;;;;;;;;;;;0;0;1;0;0;0;0;0;
FILTRE;2014;310780119;310000047;DECLA;0;0;0;1;0;0;0;0;1;0;0;0;0;0;0;0;0;0;0;0;0;0;0;1;0;1;0;0;0;0;0;0;0;0;0;0;0;0;0;
FILTRE;2014;310780119;310000047;INIT;0;0;0;1;0;0;0;0;1;0;0;0;0;0;0;;0;0;0;;;;;;;;;;;;;0;0;0;0;0;0;0;0;
FILTRE;2014;310780135;310000054;DECLA;1;1;1;0;0;0;1;1;0;0;0;0;1;0;0;0;0;0;1;1;0;1;1;1;1;1;1;0;0;0;0;0;1;1;0;0;0;0;0;
FILTRE;2014;310780135;310000054;INIT;1;1;1;0;0;0;1;1;0;0;0;0;1;0;0;;0;0;1;;;;;;;;;;;;;0;0;1;0;0;0;0;0;
FILTRE;2014;310780143;310000062;DECLA;0;0;0;1;0;0;0;0;1;0;0;0;0;0;0;0;0;0;0;0;0;0;0;0;0;0;0;0;0;0;0;0;0;0;0;0;0;0;0;
FILTRE;2014;310780143;310000062;INIT;0;0;0;1;0;0;0;0;1;0;0;0;0;0;0;;0;0;0;;;;;;;;;;;;;0;0;0;0;0;0;0;0;
FILTRE;2014;310780150;310788799;DECLA;1;1;0;0;1;0;1;1;0;0;0;0;0;0;0;1;0;0;1;1;0;1;1;1;1;1;0;0;0;0;0;0;1;1;0;0;0;0;0;
FILTRE;2014;310780150;310788799;INIT;1;1;0;0;1;0;1;1;0;0;0;0;0;0;0;;0;0;1;;;;;;;;;;;;;0;0;1;0;0;0;0;0;
FILTRE;2014;310780234;310000591;DECLA;0;0;0;0;1;0;0;0;0;0;0;0;0;0;0;0;0;0;0;1;0;0;0;1;0;1;0;0;0;0;0;0;0;0;0;0;0;0;0;
FILTRE;2014;310780234;310000591;INIT;0;0;0;0;1;0;0;0;0;0;0;0;0;0;0;;0;0;0;;;;;;;;;;;;;0;0;0;0;0;0;0;0;
FILTRE;2014;310780259;310000096;DECLA;1;1;0;0;0;0;1;1;0;1;1;0;0;0;1;1;0;0;1;1;0;1;1;1;1;1;1;1;1;1;0;1;1;1;0;0;0;0;1;
FILTRE;2014;310780259;310000096;INIT;1;1;0;0;0;0;1;1;0;0;1;0;0;0;1;;0;0;1;;;;;;;;;;;;;1;1;1;0;0;0;0;1;
FILTRE;2014;310780283;310000112;DECLA;1;1;1;0;0;0;1;1;0;0;1;0;1;0;0;0;1;0;1;1;1;1;0;1;1;1;1;1;1;1;0;0;1;1;1;0;0;0;0;
FILTRE;2014;310780283;310000112;INIT;1;1;1;0;0;0;1;1;0;0;1;0;1;0;0;;1;0;1;;;;;;;;;;;;;0;1;1;1;0;0;0;0;
FILTRE;2014;310780309;310000120;DECLA;1;1;1;0;0;0;1;1;0;0;1;0;1;0;0;0;0;0;1;1;1;1;0;1;1;1;0;0;1;0;1;1;1;1;0;0;0;0;0;
FILTRE;2014;310780309;310000120;INIT;1;1;0;0;0;0;1;1;0;0;0;0;1;0;0;;0;0;1;;;;;;;;;;;;;1;1;1;0;0;0;0;0;
FILTRE;2014;310780358;310000146;DECLA;0;0;0;1;0;0;0;0;0;0;0;0;0;0;0;0;0;0;0;0;0;0;0;1;0;0;0;0;0;0;0;0;0;0;0;0;0;0;0;
FILTRE;2014;310780358;310000146;INIT;0;0;0;1;0;0;0;0;1;0;0;0;0;0;0;;0;0;0;;;;;;;;;;;;;0;0;0;0;0;0;0;0;
FILTRE;2014;310780366;310000153;DECLA;1;0;0;0;1;0;1;0;0;0;0;0;0;0;0;1;0;0;0;1;0;1;1;1;0;1;0;0;0;1;0;0;0;0;0;0;0;0;0;
FILTRE;2014;310780366;310000153;INIT;1;0;0;0;1;0;1;0;0;0;0;0;0;0;0;;0;0;0;;;;;;;;;;;;;0;0;0;0;0;0;0;0;
FILTRE;2014;310780374;310000161;DECLA;0;0;0;0;1;0;0;0;0;0;0;0;0;0;0;0;0;0;0;1;0;0;0;1;0;1;0;0;0;0;0;0;0;0;0;0;0;0;0;
FILTRE;2014;310780374;310000161;INIT;0;0;0;0;1;0;0;0;0;0;0;0;0;0;0;;0;0;0;;;;;;;;;;;;;0;0;0;0;0;0;0;0;
FILTRE;2014;310780382;310000179;DECLA;1;1;1;0;0;0;1;1;0;0;0;0;1;0;0;0;1;0;1;1;0;1;1;1;1;1;0;0;0;0;1;0;1;0;0;0;0;0;0;
FILTRE;2014;310780382;310000179;INIT;1;1;1;0;0;0;1;1;0;0;0;0;1;0;0;;1;0;1;;;;;;;;;;;;;0;0;1;0;0;0;0;0;
FILTRE;2014;310780390;310000187;DECLA;0;0;0;1;0;0;0;0;0;0;0;0;0;0;0;0;0;0;0;0;0;0;0;1;0;1;0;0;0;0;0;0;0;0;0;0;0;0;0;
FILTRE;2014;310780390;310000187;INIT;0;0;0;1;0;0;0;0;0;0;0;0;0;0;0;;0;0;0;;;;;;;;;;;;;0;0;0;0;0;0;0;0;
FILTRE;2014;310780481;340015171;DECLA;0;0;0;0;1;0;0;0;0;0;0;0;0;0;0;0;0;0;0;0;0;0;0;1;0;1;0;0;0;0;0;0;0;0;0;0;0;0;0;
FILTRE;2014;310780481;340015171;INIT;0;0;0;0;1;0;0;0;0;0;0;0;0;0;0;;0;0;0;;;;;;;;;;;;;0;0;0;0;0;0;0;0;
FILTRE;2014;310781000;310788880;DECLA;1;1;1;1;0;0;1;1;1;0;1;0;1;0;0;0;1;0;1;1;0;1;1;1;1;1;0;1;0;1;0;1;1;1;1;1;0;0;0;
FILTRE;2014;310781000;310788880;INIT;1;1;0;1;0;0;1;1;1;0;1;0;1;0;0;;1;0;1;;;;;;;;;;;;;1;1;1;1;1;0;0;0;
FILTRE;2014;310781067;310788898;DECLA;1;1;1;0;0;0;1;1;0;0;1;0;1;0;0;0;1;0;1;1;0;0;0;1;1;1;1;1;1;1;0;0;1;1;0;0;0;0;0;
FILTRE;2014;310781067;310788898;INIT;1;1;1;0;0;0;1;1;0;0;1;0;1;0;0;;1;0;1;;;;;;;;;;;;;0;0;1;0;0;0;0;0;
FILTRE;2014;310781083;310788716;DECLA;0;0;0;0;1;0;0;0;0;0;0;0;0;0;0;0;0;0;0;0;0;0;0;1;1;1;0;0;0;0;1;0;0;0;0;0;0;0;0;
FILTRE;2014;310781083;310788716;INIT;0;0;0;0;1;0;0;0;0;0;0;0;0;0;0;;0;0;0;;;;;;;;;;;;;0;0;0;0;0;0;0;0;
FILTRE;2014;310781125;310000419;DECLA;0;0;0;0;1;0;0;0;0;0;0;0;0;0;0;0;0;0;0;0;0;0;0;0;0;1;0;0;1;1;1;0;0;0;0;0;0;0;0;
FILTRE;2014;310781125;310000419;INIT;0;0;0;0;1;0;0;0;0;0;0;0;0;0;0;;0;0;0;;;;;;;;;;;;;0;0;0;0;0;0;0;0;
FILTRE;2014;310781133;310000427;DECLA;0;0;0;1;0;0;0;0;1;0;0;0;0;0;0;0;0;0;0;0;0;0;0;1;0;1;0;0;0;0;0;0;0;0;0;0;0;0;0;
FILTRE;2014;310781133;310000427;INIT;0;0;0;1;0;0;0;0;1;0;0;0;0;0;0;;0;0;0;;;;;;;;;;;;;0;0;0;0;0;0;0;0;
FILTRE;2014;310781141;310000435;DECLA;0;0;0;1;0;0;0;0;0;0;0;0;0;0;0;0;0;0;0;0;0;0;0;0;0;0;0;0;0;0;0;0;0;0;0;0;0;0;0;
FILTRE;2014;310781141;310000435;INIT;0;0;0;1;0;0;0;0;0;0;0;0;0;0;0;;0;0;0;;;;;;;;;;;;;0;0;0;0;0;0;0;0;
FILTRE;2014;310781158;310000443;DECLA;0;0;0;1;0;0;0;0;1;0;0;0;0;0;0;0;0;0;0;0;0;0;0;0;0;0;0;0;0;0;0;0;0;0;0;0;0;0;0;
FILTRE;2014;310781158;310000443;INIT;0;0;0;1;0;0;0;0;1;0;0;0;0;0;0;;0;0;0;;;;;;;;;;;;;0;0;0;0;0;0;0;0;
FILTRE;2014;310781174;310000450;DECLA;0;0;0;0;1;0;0;0;0;0;0;0;0;0;0;0;0;0;0;0;0;0;0;1;0;1;0;0;0;0;0;0;0;0;0;0;0;0;0;
FILTRE;2014;310781174;310000450;INIT;0;0;0;0;1;0;0;0;0;0;0;0;0;0;0;;0;0;0;;;;;;;;;;;;;0;0;0;0;0;0;0;0;
FILTRE;2014;310781422;310781562;DECLA;0;0;0;0;1;0;0;0;0;0;0;0;0;0;0;0;0;0;0;1;0;0;0;0;0;1;0;0;0;0;0;0;0;0;0;0;0;0;0;
FILTRE;2014;310781422;310781562;INIT;0;0;0;0;1;0;0;0;0;0;0;0;0;0;0;;0;0;0;;;;;;;;;;;;;0;0;0;0;0;0;0;0;
FILTRE;2014;310781505;310000492;DECLA;1;1;1;0;0;0;1;1;0;0;1;0;1;0;0;0;1;0;1;1;0;1;1;1;1;1;1;0;0;0;0;0;1;1;0;0;0;0;0;
FILTRE;2014;310781505;310000492;INIT;1;1;1;0;0;0;1;1;0;0;1;0;1;0;0;;1;0;1;;;;;;;;;;;;;0;1;1;0;0;0;0;0;
FILTRE;2014;310781521;310000500;DECLA;0;0;0;1;0;0;0;0;1;0;0;0;0;0;0;0;0;0;0;0;0;0;1;1;0;1;0;0;0;0;0;0;0;0;0;0;0;0;0;
FILTRE;2014;310781521;310000500;INIT;0;0;0;1;0;0;0;0;1;0;0;0;0;0;0;;0;0;0;;;;;;;;;;;;;0;0;0;0;0;0;0;0;
FILTRE;2014;310781695;750043994;DECLA;1;0;0;0;1;0;0;0;0;0;0;0;0;0;0;0;0;0;0;1;0;0;0;1;0;1;0;1;0;1;0;0;0;0;0;0;0;0;0;
FILTRE;2014;310781695;750043994;INIT;1;0;0;0;1;0;1;0;0;0;0;0;0;0;0;;0;0;0;;;;;;;;;;;;;0;0;0;0;0;0;0;0;
FILTRE;2014;310781984;310014378;DECLA;0;0;0;0;1;0;0;0;0;0;0;0;0;0;0;0;0;0;0;1;0;0;0;1;0;1;1;0;0;0;0;0;0;0;0;0;0;0;0;
FILTRE;2014;310781984;310014378;INIT;0;0;0;0;1;0;0;0;0;0;0;0;0;0;0;;0;0;0;;;;;;;;;;;;;0;0;0;0;0;0;0;0;
FILTRE;2014;310782016;310000617;DECLA;1;0;0;0;0;0;0;0;0;0;0;1;0;0;0;0;0;0;0;0;0;0;0;1;0;1;1;0;0;0;0;0;1;0;0;0;0;0;0;
FILTRE;2014;310782016;310000617;INIT;1;0;0;0;0;0;1;0;0;0;0;1;0;0;0;;0;0;0;;;;;;;;;;;;;0;0;0;0;0;0;0;0;
FILTRE;2014;310782065;310000633;DECLA;0;0;0;0;0;0;0;0;0;0;0;1;0;0;0;0;0;0;0;0;0;0;0;0;0;0;0;0;0;0;0;0;0;0;0;0;0;0;0;
FILTRE;2014;310782065;310000633;INIT;0;0;0;0;0;0;0;0;0;0;0;1;0;0;0;;0;0;0;;;;;;;;;;;;;0;0;0;0;0;0;0;0;
FILTRE;2014;310782339;310781406;DECLA;0;0;0;0;1;0;0;0;0;0;0;0;0;0;0;0;0;0;0;0;0;0;0;0;0;0;1;0;0;1;0;0;0;0;0;0;0;0;0;
FILTRE;2014;310782339;310781406;INIT;0;0;0;0;1;0;0;0;0;0;0;0;0;0;0;;0;0;0;;;;;;;;;;;;;0;0;0;0;0;0;0;0;
FILTRE;2014;310782347;310789136;DECLA;1;1;0;0;0;0;1;1;0;1;1;0;0;0;0;0;0;0;1;1;1;1;1;1;0;1;1;1;1;1;0;0;1;1;0;0;0;0;0;
FILTRE;2014;310782347;310789136;INIT;1;1;0;0;0;0;1;1;0;1;1;0;0;0;0;;0;0;1;;;;;;;;;;;;;0;0;1;0;0;0;0;0;
FILTRE;2014;310782396;920000395;DECLA;0;0;0;0;1;0;0;0;0;0;0;0;0;0;0;0;0;0;0;0;0;0;0;1;0;1;0;0;0;0;1;0;0;0;0;0;0;0;0;
FILTRE;2014;310782396;920000395;INIT;0;0;0;0;1;0;0;0;0;0;0;0;0;0;0;;0;0;0;;;;;;;;;;;;;0;0;0;0;0;0;0;0;
FILTRE;2014;310782446;310782446;DECLA;0;0;0;0;0;0;0;0;1;0;0;0;0;0;0;0;0;0;0;0;0;0;0;0;0;1;0;0;0;0;0;0;0;0;0;0;0;0;0;
FILTRE;2014;310782446;310782446;INIT;0;0;0;0;0;0;0;0;1;0;0;0;0;0;0;;0;0;0;;;;;;;;;;;;;0;0;0;0;0;0;0;0;
FILTRE;2014;310783048;310781406;DECLA;1;1;0;0;0;0;1;1;1;0;1;0;0;0;0;0;1;1;1;1;1;1;1;0;0;1;1;0;1;1;0;0;1;1;1;1;0;0;0;
FILTRE;2014;310783048;310781406;INIT;1;1;0;0;1;0;1;1;0;0;1;0;0;0;0;;1;1;1;;;;;;;;;;;;;0;1;1;1;1;1;0;0;
FILTRE;2014;310783055;310781406;DECLA;1;1;0;0;1;0;1;1;0;1;1;0;0;0;0;1;1;0;1;1;1;1;1;1;1;0;1;0;0;1;0;1;1;1;1;1;1;1;1;
FILTRE;2014;310783055;310781406;INIT;1;1;0;0;1;0;1;1;0;0;1;0;0;0;0;;1;0;1;;;;;;;;;;;;;1;1;1;1;1;1;1;1;
FILTRE;2014;310783063;310781406;DECLA;0;0;0;1;0;0;1;0;1;0;0;0;0;0;0;0;0;0;0;0;0;0;0;0;0;0;0;0;0;0;1;0;0;0;0;0;0;0;0;
FILTRE;2014;310783063;310781406;INIT;0;0;0;0;0;0;1;0;1;0;0;0;0;0;0;;0;0;0;;;;;;;;;;;;;0;0;0;0;0;0;0;0;
FILTRE;2014;310783097;750005068;DECLA;0;0;0;0;0;0;0;0;1;0;0;0;0;0;0;0;0;0;0;0;0;0;0;0;0;1;0;0;0;0;0;0;0;;;;;;;
FILTRE;2014;310783097;750005068;INIT;0;0;0;1;0;0;0;0;1;0;0;0;0;0;0;;0;0;0;;;;;;;;;;;;;0;0;0;0;0;0;0;0;
FILTRE;2014;310784558;310180013;DECLA;0;0;0;0;1;0;0;0;0;0;0;0;0;0;0;0;0;0;0;1;0;0;0;1;0;1;1;0;0;0;1;0;0;0;0;0;0;0;0;
FILTRE;2014;310784558;310180013;INIT;0;0;0;0;1;0;0;0;0;0;0;0;0;0;0;;0;0;0;;;;;;;;;;;;;0;0;0;0;0;0;0;0;
FILTRE;2014;310784830;310788880;DECLA;0;0;0;0;1;0;0;0;0;0;0;0;0;0;0;0;0;0;0;0;0;0;0;1;0;1;0;1;0;0;1;0;0;0;0;0;0;0;0;
FILTRE;2014;310784830;310788880;INIT;0;0;0;0;1;0;0;0;0;0;0;0;0;0;0;;0;0;0;;;;;;;;;;;;;0;0;0;0;0;0;0;0;
FILTRE;2014;310786389;310001433;DECLA;1;0;0;0;1;0;0;0;0;0;0;0;0;0;0;1;0;0;0;1;0;0;0;1;0;1;0;0;0;0;0;0;0;0;0;0;0;0;0;
FILTRE;2014;310786389;310001433;INIT;1;0;0;0;1;0;1;0;0;0;0;0;0;0;0;;0;0;0;;;;;;;;;;;;;0;0;0;0;0;0;0;0;
FILTRE;2014;310786702;750043713;DECLA;0;0;0;0;1;1;0;0;0;0;0;0;0;0;0;0;0;0;0;0;0;0;0;1;0;1;1;0;0;1;1;;;;;;;;;
FILTRE;2014;310786702;750043713;INIT;0;0;0;0;1;1;0;0;0;0;0;0;0;0;0;;0;0;0;;;;;;;;;;;;;0;0;0;0;0;0;0;0;
FILTRE;2014;310787304;310781406;DECLA;1;0;0;1;1;0;1;0;1;0;1;0;0;0;0;0;0;0;0;1;0;0;0;0;0;0;1;1;0;1;0;0;0;1;0;0;0;0;0;
FILTRE;2014;310787304;310781406;INIT;1;0;0;1;1;0;1;0;0;0;0;0;0;0;0;;0;0;0;;;;;;;;;;;;;0;0;0;0;0;0;0;0;
FILTRE;2014;310787965;310788898;DECLA;0;0;0;0;1;0;0;0;0;0;0;0;0;0;0;0;0;0;0;0;0;0;0;0;0;1;0;0;0;0;1;0;0;0;0;0;0;0;0;
FILTRE;2014;310787965;310788898;INIT;0;0;0;0;1;0;0;0;0;0;0;0;0;0;0;;0;0;0;;;;;;;;;;;;;0;0;0;0;0;0;0;0;
FILTRE;2014;310788906;310788906;DECLA;0;0;0;1;0;0;0;0;1;0;0;0;0;0;0;0;0;0;0;0;0;0;0;0;0;0;0;0;0;0;0;0;0;0;0;0;0;0;0;
FILTRE;2014;310788906;310788906;INIT;0;0;0;1;0;0;0;0;1;0;0;0;0;0;0;;0;0;0;;;;;;;;;;;;;0;0;0;0;0;0;0;0;
FILTRE;2014;310790472;310790464;DECLA;0;0;0;0;1;0;0;0;0;0;0;0;0;0;0;0;0;0;0;1;0;0;0;1;0;1;0;0;0;0;0;0;0;0;0;0;0;0;0;
FILTRE;2014;310790472;310790464;INIT;0;0;0;0;1;0;0;0;0;0;0;0;0;0;0;;0;0;0;;;;;;;;;;;;;0;0;0;0;0;0;0;0;
FILTRE;2014;310792635;310002191;DECLA;0;0;0;0;1;0;0;0;0;0;0;0;0;0;0;0;0;0;0;0;0;0;0;1;1;1;0;1;0;1;0;0;0;0;0;0;0;0;0;
FILTRE;2014;310792635;310002191;INIT;0;0;0;0;1;0;0;0;0;0;0;0;0;0;0;;0;0;0;;;;;;;;;;;;;0;0;0;0;0;0;0;0;
FILTRE;2014;310792874;310788997;DECLA;0;0;0;0;1;0;0;0;0;0;0;0;0;0;0;0;0;0;0;0;0;0;0;0;0;1;0;0;0;0;1;0;0;0;0;0;0;0;0;
FILTRE;2014;310792874;310788997;INIT;0;0;0;0;1;0;0;0;0;0;0;0;0;0;0;;0;0;0;;;;;;;;;;;;;0;0;0;0;0;0;0;0;
FILTRE;2014;310793401;310000617;DECLA;0;0;0;0;0;0;0;0;0;0;0;1;0;0;0;0;0;0;0;0;0;0;0;0;0;0;0;0;0;0;0;0;0;0;0;0;0;0;0;
FILTRE;2014;310793401;310000617;INIT;0;0;0;0;0;0;0;0;0;0;0;1;0;0;0;;0;0;0;;;;;;;;;;;;;0;0;0;0;0;0;0;0;
FILTRE;2014;310793419;310000617;DECLA;0;0;0;0;0;0;0;0;0;0;0;1;0;0;0;0;0;0;0;0;0;0;0;0;0;0;0;0;0;0;0;0;0;0;0;0;0;0;0;
FILTRE;2014;310793419;310000617;INIT;0;0;0;0;0;0;0;0;0;0;0;1;0;0;0;;0;0;0;;;;;;;;;;;;;0;0;0;0;0;0;0;0;
FILTRE;2014;310793435;310000617;DECLA;0;0;0;0;0;0;0;0;0;0;0;1;0;0;0;0;0;0;0;0;0;0;0;0;0;0;0;0;0;0;0;0;0;0;0;0;0;0;0;
FILTRE;2014;310793435;310000617;INIT;0;0;0;0;0;0;0;0;0;0;0;1;0;0;0;;0;0;0;;;;;;;;;;;;;0;0;0;0;0;0;0;0;
FILTRE;2014;310793542;310000633;DECLA;0;0;0;0;0;0;0;0;0;0;0;1;0;0;0;0;0;0;0;0;0;0;0;0;0;0;0;0;0;0;0;0;0;0;0;0;0;0;0;
FILTRE;2014;310793542;310000633;INIT;0;0;0;0;0;0;0;0;0;0;0;1;0;0;0;;0;0;0;;;;;;;;;;;;;0;0;0;0;0;0;0;0;
FILTRE;2014;310793559;310000633;DECLA;0;0;0;0;0;0;0;0;0;0;0;1;0;0;0;0;0;0;0;0;0;0;0;0;0;0;0;0;0;0;0;0;0;0;0;0;0;0;0;
FILTRE;2014;310793559;310000633;INIT;0;0;0;0;0;0;0;0;0;0;0;1;0;0;0;;0;0;0;;;;;;;;;;;;;0;0;0;0;0;0;0;0;
FILTRE;2014;310793567;310000633;DECLA;0;0;0;0;0;0;0;0;0;0;0;1;0;0;0;0;0;0;0;0;0;0;0;0;0;0;0;0;0;0;0;0;0;0;0;0;0;0;0;
FILTRE;2014;310793567;310000633;INIT;0;0;0;0;0;0;0;0;0;0;0;1;0;0;0;;0;0;0;;;;;;;;;;;;;0;0;0;0;0;0;0;0;
FILTRE;2014;310793575;310000633;DECLA;0;0;0;0;0;0;0;0;0;0;0;1;0;0;0;0;0;0;0;0;0;0;0;0;0;0;0;0;0;0;0;0;0;0;0;0;0;0;0;
FILTRE;2014;310793575;310000633;INIT;0;0;0;0;0;0;0;0;0;0;0;1;0;0;0;;0;0;0;;;;;;;;;;;;;0;0;0;0;0;0;0;0;
FILTRE;2014;310793617;310000039;DECLA;0;0;0;0;1;0;0;0;0;0;0;0;0;0;0;0;0;0;0;0;0;0;0;1;0;0;0;0;0;0;1;0;0;0;0;0;0;0;0;
FILTRE;2014;310793617;310000039;INIT;0;0;0;0;1;0;0;0;0;0;0;0;0;0;0;;0;0;0;;;;;;;;;;;;;0;0;0;0;0;0;0;0;
FILTRE;2014;310793807;310000617;DECLA;0;0;0;0;0;0;0;0;0;0;0;1;0;0;0;0;0;0;0;0;0;0;0;0;0;0;1;0;0;0;0;0;0;0;0;0;0;0;0;
FILTRE;2014;310793807;310000617;INIT;0;0;0;0;0;0;0;0;0;0;0;1;0;0;0;;0;0;0;;;;;;;;;;;;;0;0;0;0;0;0;0;0;
FILTRE;2014;310793849;310000633;DECLA;0;0;0;0;0;0;0;0;0;0;0;1;0;0;0;0;0;0;0;0;0;0;0;0;0;0;0;0;0;0;0;0;0;0;0;0;0;0;0;
FILTRE;2014;310793849;310000633;INIT;0;0;0;0;0;0;0;0;0;0;0;1;0;0;0;;0;0;0;;;;;;;;;;;;;0;0;0;0;0;0;0;0;
FILTRE;2014;310794094;310780754;DECLA;0;0;0;0;0;1;0;0;0;0;0;0;0;0;0;0;0;0;0;0;0;0;0;0;0;1;0;0;0;0;0;0;0;0;0;0;0;0;0;
FILTRE;2014;310794094;310780754;INIT;0;0;0;0;0;1;0;0;0;0;0;0;0;0;0;;0;0;0;;;;;;;;;;;;;0;0;0;0;0;0;0;0;
FILTRE;2014;310794417;310002712;DECLA;0;0;0;0;0;0;1;0;0;0;0;1;0;0;0;0;0;0;0;0;0;0;0;1;0;0;0;0;0;0;0;0;0;0;0;0;0;0;0;
FILTRE;2014;310794417;310002712;INIT;1;0;0;0;0;0;1;0;0;0;0;1;0;0;0;;0;0;0;;;;;;;;;;;;;0;0;0;0;0;0;0;0;
FILTRE;2014;310794524;310000633;DECLA;0;0;0;0;0;0;0;0;0;0;0;1;0;0;0;0;0;0;0;0;0;0;0;0;0;0;0;0;0;0;0;0;0;0;0;0;0;0;0;
FILTRE;2014;310794524;310000633;INIT;0;0;0;0;0;0;0;0;0;0;0;1;0;0;0;;0;0;0;;;;;;;;;;;;;0;0;0;0;0;0;0;0;
FILTRE;2014;310794532;310000617;DECLA;0;0;0;0;0;0;0;0;0;0;0;1;0;0;0;0;0;0;0;0;0;0;0;0;0;0;0;0;0;0;0;0;0;0;0;0;0;0;0;
FILTRE;2014;310794532;310000617;INIT;0;0;0;0;0;0;0;0;0;0;0;1;0;0;0;;0;0;0;;;;;;;;;;;;;0;0;0;0;0;0;0;0;
FILTRE;2014;310795463;310785068;DECLA;0;0;0;1;0;0;0;0;1;0;0;0;0;0;0;0;0;0;0;0;0;0;0;0;0;0;0;0;0;0;0;0;0;0;0;0;0;0;0;
FILTRE;2014;310795463;310785068;INIT;0;0;0;1;0;0;0;0;1;0;0;0;0;0;0;;0;0;0;;;;;;;;;;;;;0;0;0;0;0;0;0;0;
FILTRE;2014;310796768;310000617;DECLA;0;0;0;0;0;0;0;0;0;0;0;1;0;0;0;0;0;0;0;0;0;0;0;0;0;0;0;0;0;0;0;0;0;0;0;0;0;0;0;
FILTRE;2014;310796768;310000617;INIT;0;0;0;0;0;0;0;0;0;0;0;1;0;0;0;;0;0;0;;;;;;;;;;;;;0;0;0;0;0;0;0;0;
FILTRE;2014;310796776;310000617;DECLA;0;0;0;0;0;0;0;0;0;0;0;1;0;0;0;0;0;0;0;0;0;0;0;0;0;0;0;0;0;0;0;0;0;0;0;0;0;0;0;
FILTRE;2014;310796776;310000617;INIT;0;0;0;0;0;0;0;0;0;0;0;1;0;0;0;;0;0;0;;;;;;;;;;;;;0;0;0;0;0;0;0;0;
FILTRE;2014;310797527;310797519;DECLA;0;0;0;0;0;0;0;0;0;1;0;0;0;0;0;0;0;0;0;0;0;0;0;0;0;0;0;0;0;0;0;0;0;0;0;0;0;0;0;
FILTRE;2014;310797527;310797519;INIT;0;0;0;0;0;0;0;0;0;1;0;0;0;0;0;;0;0;0;;;;;;;;;;;;;0;0;0;0;0;0;0;0;
FILTRE;2014;310797535;310000633;DECLA;0;0;0;0;0;0;0;0;0;0;0;1;0;0;0;0;0;0;0;0;0;0;0;0;0;0;0;0;0;0;0;0;0;0;0;0;0;0;0;
FILTRE;2014;310797535;310000633;INIT;0;0;0;0;0;0;0;0;0;0;0;1;0;0;0;;0;0;0;;;;;;;;;;;;;0;0;0;0;0;0;0;0;
FILTRE;2014;320000086;320780117;DECLA;1;1;1;0;1;1;1;1;0;0;1;1;1;0;0;1;1;1;1;1;1;1;0;1;1;1;0;1;1;1;1;0;1;1;0;0;1;0;0;
FILTRE;2014;320000086;320780117;INIT;1;1;1;0;1;1;1;1;0;0;1;1;1;0;0;;1;1;1;;;;;;;;;;;;;0;1;1;0;0;0;0;0;
FILTRE;2014;320000094;320780125;DECLA;0;0;0;1;0;0;0;0;1;0;0;0;0;0;0;0;0;0;0;0;0;0;0;1;0;1;0;0;0;0;1;0;0;0;0;0;0;0;0;
FILTRE;2014;320000094;320780125;INIT;0;0;0;1;0;0;0;0;1;0;0;0;0;0;0;;0;0;0;;;;;;;;;;;;;0;0;0;0;0;0;0;0;
FILTRE;2014;320000102;320780133;DECLA;1;0;0;0;1;1;1;0;0;0;0;0;0;0;0;0;1;1;0;1;0;0;0;1;0;1;0;0;0;1;1;0;0;0;0;0;0;0;0;
FILTRE;2014;320000102;320780133;INIT;1;0;0;0;1;1;1;0;0;0;0;0;0;0;0;;1;0;0;;;;;;;;;;;;;0;0;0;0;0;0;0;0;
FILTRE;2014;320000110;320004310;DECLA;1;0;0;0;1;0;0;0;0;0;0;1;0;0;0;0;0;0;0;0;0;0;0;1;0;1;1;0;0;0;1;0;0;0;0;0;0;0;0;
FILTRE;2014;320000110;320004310;INIT;1;0;0;0;1;0;1;0;0;0;0;0;0;0;0;;0;0;0;;;;;;;;;;;;;0;0;0;0;0;0;0;0;
FILTRE;2014;320000128;320780158;DECLA;1;0;0;0;1;1;0;0;0;0;0;0;0;0;0;0;0;0;0;0;0;0;0;1;0;1;0;0;0;1;1;0;0;0;0;0;0;0;0;
FILTRE;2014;320000128;320780158;INIT;1;0;0;0;1;1;1;0;0;0;0;0;0;0;0;;0;0;0;;;;;;;;;;;;;0;0;0;0;0;0;0;0;
FILTRE;2014;320000144;320780174;DECLA;1;0;0;0;1;1;0;0;0;0;0;0;0;0;0;0;0;0;0;0;0;0;0;1;0;1;1;0;0;1;1;0;0;0;0;0;0;0;0;
FILTRE;2014;320000144;320780174;INIT;1;0;0;0;1;1;1;0;0;0;0;0;0;0;0;;0;0;0;;;;;;;;;;;;;0;0;0;0;0;0;0;0;
FILTRE;2014;320000151;320780182;DECLA;1;0;0;0;1;0;0;0;0;0;0;0;0;0;0;0;0;0;0;0;0;0;0;1;0;1;1;0;0;1;1;0;0;0;0;0;0;0;0;
FILTRE;2014;320000151;320780182;INIT;1;0;0;0;1;0;1;0;0;0;0;0;0;0;0;;0;0;0;;;;;;;;;;;;;0;0;0;0;0;0;0;0;
FILTRE;2014;320000169;320780190;DECLA;0;0;0;0;1;0;0;0;0;0;0;0;0;0;0;0;0;0;0;0;0;0;0;0;0;0;0;1;0;0;1;0;0;0;0;0;0;0;0;
FILTRE;2014;320000169;320780190;INIT;0;0;0;0;1;0;0;0;0;0;0;0;0;0;0;;0;0;0;;;;;;;;;;;;;0;0;0;0;0;0;0;0;
FILTRE;2014;320000177;320780208;DECLA;1;0;0;0;1;1;0;0;0;0;0;0;0;0;0;0;0;0;0;0;0;0;0;1;0;0;0;1;0;1;1;0;0;0;0;0;0;0;0;
FILTRE;2014;320000177;320780208;INIT;1;0;0;0;1;1;1;0;0;0;0;0;0;0;0;;0;0;0;;;;;;;;;;;;;0;0;0;0;0;0;0;0;
FILTRE;2014;320000185;320780216;DECLA;0;0;0;0;1;0;0;0;0;0;0;0;0;0;0;0;0;0;0;0;0;0;0;1;0;1;0;0;0;1;1;0;0;0;0;0;0;0;0;
FILTRE;2014;320000185;320780216;INIT;0;0;0;0;1;0;0;0;0;0;0;0;0;0;0;;0;0;0;;;;;;;;;;;;;0;0;0;0;0;0;0;0;
FILTRE;2014;320000680;310000633;DECLA;0;0;0;0;0;0;0;0;0;0;0;1;0;0;0;0;0;0;0;0;0;0;0;0;0;0;0;0;0;0;0;0;0;0;0;0;0;0;0;
FILTRE;2014;320000680;310000633;INIT;0;0;0;0;0;0;0;0;0;0;0;1;0;0;0;;0;0;0;;;;;;;;;;;;;0;0;0;0;0;0;0;0;
FILTRE;2014;320001050;310000633;DECLA;0;0;0;0;0;0;0;0;0;0;0;1;0;0;0;0;0;0;0;0;0;0;0;0;0;0;0;0;0;0;0;0;0;0;0;0;0;0;0;
FILTRE;2014;320001050;310000633;INIT;0;0;0;0;0;0;0;0;0;0;0;1;0;0;0;;0;0;0;;;;;;;;;;;;;0;0;0;0;0;0;0;0;
FILTRE;2014;320001076;330000266;DECLA;0;0;0;0;0;0;0;0;0;0;0;1;0;0;0;0;0;0;0;0;0;0;0;0;0;0;0;0;0;0;0;0;0;0;0;0;0;0;0;
FILTRE;2014;320001076;330000266;INIT;0;0;0;0;0;0;0;0;0;0;0;1;0;0;0;;0;0;0;;;;;;;;;;;;;0;0;0;0;0;0;0;0;
FILTRE;2014;320001688;310000633;DECLA;0;0;0;0;0;0;0;0;0;0;0;1;0;0;0;0;0;0;0;0;0;0;0;0;0;0;0;0;0;0;0;0;0;0;0;0;0;0;0;
FILTRE;2014;320001688;310000633;INIT;0;0;0;0;0;0;0;0;0;0;0;1;0;0;0;;0;0;0;;;;;;;;;;;;;0;0;0;0;0;0;0;0;
FILTRE;2014;320004328;750721334;DECLA;0;0;0;0;0;0;0;0;0;0;0;0;0;0;1;0;0;0;0;0;0;0;0;0;0;0;0;0;0;0;0;0;0;0;0;0;0;0;0;
FILTRE;2014;320004328;750721334;INIT;0;0;0;0;0;0;0;0;0;0;0;0;0;0;1;;0;0;0;;;;;;;;;;;;;0;0;0;0;0;0;0;0;
FILTRE;2014;320780067;320000052;DECLA;1;1;0;0;0;0;1;1;0;0;0;0;1;0;0;0;0;0;1;1;0;1;1;1;1;1;1;0;0;0;0;0;0;1;0;0;0;0;0;
FILTRE;2014;320780067;320000052;INIT;1;1;0;0;0;0;1;1;0;0;0;0;1;0;0;;0;0;1;;;;;;;;;;;;;0;0;1;0;0;0;0;0;
FILTRE;2014;320780109;320000078;DECLA;0;0;0;1;0;0;0;0;0;0;0;0;0;0;0;0;0;0;0;0;0;0;0;1;0;1;0;0;0;0;0;0;0;0;0;0;0;0;0;
FILTRE;2014;320780109;320000078;INIT;0;0;0;1;0;0;0;0;0;0;0;0;0;0;0;;0;0;0;;;;;;;;;;;;;0;0;0;0;0;0;0;0;
FILTRE;2014;320780323;750810590;DECLA;0;0;0;0;1;0;0;0;0;0;0;0;0;0;0;0;0;0;0;0;0;0;0;0;0;1;0;0;0;0;0;0;0;0;0;0;0;0;0;
FILTRE;2014;320780323;750810590;INIT;0;0;0;0;1;0;0;0;0;0;0;0;0;0;0;;0;0;0;;;;;;;;;;;;;0;0;0;0;0;0;0;0;
FILTRE;2014;320784333;320000565;DECLA;0;0;0;0;1;0;0;0;0;0;0;0;0;0;0;0;0;0;0;1;0;1;0;1;0;1;1;0;0;1;0;0;0;0;0;0;0;0;0;
FILTRE;2014;320784333;320000565;INIT;0;0;0;0;1;0;0;0;0;0;0;0;0;0;0;;0;0;0;;;;;;;;;;;;;0;0;0;0;0;0;0;0;
FILTRE;2014;320784515;310000633;DECLA;0;0;0;0;0;0;0;0;0;0;0;1;0;0;0;0;0;0;0;0;0;0;0;0;0;0;0;0;0;0;0;0;0;0;0;0;0;0;0;
FILTRE;2014;320784515;310000633;INIT;0;0;0;0;0;0;0;0;0;0;0;1;0;0;0;;0;0;0;;;;;;;;;;;;;0;0;0;0;0;0;0;0;
FILTRE;2014;320785587;310000633;DECLA;0;0;0;0;0;0;0;0;0;0;0;1;0;0;0;0;0;0;0;0;0;0;0;0;0;0;0;0;0;0;0;0;0;0;0;0;0;0;0;
FILTRE;2014;320785587;310000633;INIT;0;0;0;0;0;0;0;0;0;0;0;1;0;0;0;;0;0;0;;;;;;;;;;;;;0;0;0;0;0;0;0;0;
FILTRE;2014;330000217;330780347;DECLA;1;0;0;0;1;0;1;0;0;0;0;0;0;0;0;0;0;0;0;0;0;0;0;1;0;0;0;1;0;1;0;0;0;0;0;0;0;0;0;
FILTRE;2014;330000217;330780347;INIT;1;0;0;0;1;0;1;0;0;0;0;0;0;0;0;;0;0;0;;;;;;;;;;;;;0;0;0;0;0;0;0;0;
FILTRE;2014;330000332;330780545;DECLA;1;0;0;0;0;0;1;1;0;0;1;0;0;0;1;1;0;0;1;1;0;1;1;1;0;1;0;0;0;0;0;0;0;0;0;0;0;0;0;
FILTRE;2014;330000332;330780545;INIT;1;0;0;0;0;0;1;1;0;0;0;0;0;0;1;;0;0;1;;;;;;;;;;;;;0;0;0;0;0;0;0;0;
FILTRE;2014;330000340;330780552;DECLA;1;1;1;0;1;0;1;1;0;0;1;0;1;0;1;0;0;0;1;1;0;1;0;1;1;1;0;1;0;1;0;0;1;1;0;0;0;0;0;
FILTRE;2014;330000340;330780552;INIT;1;1;1;0;1;0;1;1;0;0;1;0;1;0;1;;0;0;1;;;;;;;;;;;;;0;0;1;0;0;0;0;0;
FILTRE;2014;330000431;330000431;DECLA;0;0;0;0;0;0;0;0;1;0;0;0;0;0;0;0;0;0;0;0;0;0;0;1;0;1;0;0;0;0;0;0;0;0;0;0;0;0;0;
FILTRE;2014;330000431;330000431;INIT;0;0;0;0;0;0;0;0;1;0;0;0;0;0;0;;0;0;0;;;;;;;;;;;;;0;0;0;0;0;0;0;0;
FILTRE;2014;330000555;330781204;DECLA;1;1;1;0;1;0;1;1;0;0;0;0;1;0;0;1;1;1;1;1;1;1;1;1;1;1;0;1;1;0;1;0;1;1;0;0;0;0;0;
FILTRE;2014;330000555;330781204;INIT;1;1;1;0;1;0;1;1;0;0;0;0;1;0;0;;1;1;1;;;;;;;;;;;;;0;0;1;0;0;0;0;0;
FILTRE;2014;330000571;330781220;DECLA;1;1;1;0;1;1;1;1;0;0;0;0;1;0;0;0;1;1;1;1;0;1;0;1;1;1;1;0;0;1;1;0;1;0;0;0;0;0;0;
FILTRE;2014;330000571;330781220;INIT;1;1;1;0;1;1;1;1;0;0;0;0;1;0;0;;1;1;1;;;;;;;;;;;;;0;0;0;0;0;0;0;0;
FILTRE;2014;330000589;330027509;DECLA;1;1;1;0;0;0;1;1;0;0;1;0;1;0;1;0;1;1;1;1;1;1;0;1;1;1;0;1;1;0;1;0;1;1;0;0;0;0;0;
FILTRE;2014;330000589;330027509;INIT;1;1;1;0;0;0;1;1;0;0;0;0;1;0;1;;1;1;1;;;;;;;;;;;;;0;0;1;0;0;0;0;0;
FILTRE;2014;330000597;330027509;DECLA;1;0;0;0;1;0;1;0;0;0;0;0;1;1;0;0;1;0;0;1;0;0;0;1;0;0;0;0;1;1;1;0;0;0;0;0;0;0;0;
FILTRE;2014;330000597;330027509;INIT;1;0;0;0;1;0;1;0;0;0;0;0;1;1;0;;1;0;0;;;;;;;;;;;;;0;0;0;0;0;0;0;0;
FILTRE;2014;330000605;330781253;DECLA;1;1;1;0;1;0;1;1;0;1;1;1;1;0;0;1;1;1;1;1;1;1;1;1;1;1;1;1;1;1;1;1;1;1;0;0;0;0;0;
FILTRE;2014;330000605;330781253;INIT;1;1;1;0;1;0;1;1;0;1;1;1;1;0;0;;1;1;1;;;;;;;;;;;;;1;1;1;0;0;0;0;0;
FILTRE;2014;330000613;330781261;DECLA;1;0;0;0;1;1;0;0;0;0;0;0;0;0;0;0;1;1;0;1;0;0;0;1;1;1;0;0;0;0;1;0;0;0;0;0;0;0;0;
FILTRE;2014;330000613;330781261;INIT;1;0;0;0;1;1;0;0;0;0;0;0;0;0;0;;1;0;0;;;;;;;;;;;;;0;0;0;0;0;0;0;0;
FILTRE;2014;330000621;330781279;DECLA;1;0;0;0;1;0;0;0;0;0;0;0;0;0;0;0;0;0;0;0;0;0;0;1;0;1;0;0;0;0;1;0;0;0;0;0;0;0;0;
FILTRE;2014;330000621;330781279;INIT;1;0;0;0;1;0;0;0;0;0;0;0;0;0;0;;0;0;0;;;;;;;;;;;;;0;0;0;0;0;0;0;0;
FILTRE;2014;330000639;330781287;DECLA;0;0;0;1;0;0;0;0;1;0;0;0;0;0;0;0;0;0;0;0;0;0;0;1;1;1;0;0;0;0;1;0;0;0;0;0;0;0;0;
FILTRE;2014;330000639;330781287;INIT;0;0;0;1;0;0;0;0;1;0;0;0;0;0;0;;0;0;0;;;;;;;;;;;;;0;0;0;0;0;0;0;0;
FILTRE;2014;330000647;330781295;DECLA;0;0;0;1;0;0;0;0;1;0;0;0;0;0;0;0;0;0;0;0;0;0;0;1;0;1;0;0;0;0;1;0;0;0;0;0;0;0;0;
FILTRE;2014;330000647;330781295;INIT;0;0;0;1;0;0;0;0;1;0;0;0;0;0;0;;0;0;0;;;;;;;;;;;;;0;0;0;0;0;0;0;0;
FILTRE;2014;330000662;330781329;DECLA;1;1;0;0;0;0;1;1;0;1;1;0;0;0;0;0;0;0;1;1;1;0;0;1;0;1;0;1;1;1;0;0;1;1;0;0;0;0;0;
FILTRE;2014;330000662;330781329;INIT;1;1;0;0;0;0;1;1;0;1;1;0;0;0;0;;0;0;1;;;;;;;;;;;;;0;0;1;0;0;0;0;0;
FILTRE;2014;330000779;330000779;DECLA;0;0;0;0;0;0;0;0;1;0;0;0;0;0;0;0;0;0;0;0;0;0;0;1;0;1;0;0;0;0;1;0;0;0;0;0;0;0;0;
FILTRE;2014;330000779;330000779;INIT;0;0;0;0;0;0;0;0;1;0;0;0;0;0;0;;0;0;0;;;;;;;;;;;;;0;0;0;0;0;0;0;0;
FILTRE;2014;330005182;330792862;DECLA;0;0;0;0;0;1;0;0;0;0;0;0;0;0;0;0;0;0;0;0;0;0;0;1;1;0;0;0;0;0;1;0;0;0;0;0;0;0;0;
FILTRE;2014;330005182;330792862;INIT;0;0;0;0;0;1;0;0;0;0;0;0;0;0;0;;0;0;0;;;;;;;;;;;;;0;0;0;0;0;0;0;0;
FILTRE;2014;330007410;330007386;DECLA;0;0;0;0;0;0;0;0;0;0;0;1;0;0;0;0;0;0;0;0;0;0;0;1;0;0;0;0;0;0;0;0;0;0;0;0;0;0;0;
FILTRE;2014;330007410;330007386;INIT;0;0;0;0;0;0;0;0;0;0;0;1;0;0;0;;0;0;0;;;;;;;;;;;;;0;0;0;0;0;0;0;0;
FILTRE;2014;330007436;330000274;DECLA;0;0;0;0;0;0;0;0;0;0;0;1;0;0;0;0;0;0;0;0;0;0;0;0;0;0;0;0;0;0;0;0;0;0;0;0;0;0;0;
FILTRE;2014;330007436;330000274;INIT;0;0;0;0;0;0;0;0;0;0;0;1;0;0;0;;0;0;0;;;;;;;;;;;;;0;0;0;0;0;0;0;0;
FILTRE;2014;330007550;330000266;DECLA;0;0;0;0;0;0;0;0;0;0;0;1;0;0;0;0;0;0;0;0;0;0;0;0;0;0;0;0;0;0;0;0;0;0;0;0;0;0;0;
FILTRE;2014;330007550;330000266;INIT;0;0;0;0;0;0;0;0;0;0;0;1;0;0;0;;0;0;0;;;;;;;;;;;;;0;0;0;0;0;0;0;0;
FILTRE;2014;330007584;330000266;DECLA;0;0;0;0;0;0;0;0;0;0;0;1;0;0;0;0;0;0;0;0;0;0;0;0;0;0;0;0;0;0;0;0;0;0;0;0;0;0;0;
FILTRE;2014;330007584;330000266;INIT;0;0;0;0;0;0;0;0;0;0;0;1;0;0;0;;0;0;0;;;;;;;;;;;;;0;0;0;0;0;0;0;0;
FILTRE;2014;330007634;330000266;DECLA;0;0;0;0;0;0;0;0;0;0;0;1;0;0;0;0;0;0;0;0;0;0;0;0;0;0;0;0;0;0;0;0;0;0;0;0;0;0;0;
FILTRE;2014;330007634;330000266;INIT;0;0;0;0;0;0;0;0;0;0;0;1;0;0;0;;0;0;0;;;;;;;;;;;;;0;0;0;0;0;0;0;0;
FILTRE;2014;330007642;330000266;DECLA;0;0;0;0;0;0;0;0;0;0;0;1;0;0;0;0;0;0;0;0;0;0;0;0;0;0;0;0;0;0;0;0;0;0;0;0;0;0;0;
FILTRE;2014;330007642;330000266;INIT;0;0;0;0;0;0;0;0;0;0;0;1;0;0;0;;0;0;0;;;;;;;;;;;;;0;0;0;0;0;0;0;0;
FILTRE;2014;330007667;330000266;DECLA;0;0;0;0;0;0;0;0;0;0;0;1;0;0;0;0;0;0;0;0;0;0;0;0;0;0;0;0;0;0;0;0;0;0;0;0;0;0;0;
FILTRE;2014;330007667;330000266;INIT;0;0;0;0;0;0;0;0;0;0;0;1;0;0;0;;0;0;0;;;;;;;;;;;;;0;0;0;0;0;0;0;0;
FILTRE;2014;330007683;330000266;DECLA;0;0;0;0;0;0;0;0;0;0;0;1;0;0;0;0;0;0;0;0;0;0;0;0;0;0;0;0;0;0;0;0;0;0;0;0;0;0;0;
FILTRE;2014;330007683;330000266;INIT;0;0;0;0;0;0;0;0;0;0;0;1;0;0;0;;0;0;0;;;;;;;;;;;;;0;0;0;0;0;0;0;0;
FILTRE;2014;330007725;330000266;DECLA;0;0;0;0;0;0;0;0;0;0;0;1;0;0;0;0;0;0;0;0;0;0;0;0;0;0;0;0;0;0;0;0;0;0;0;0;0;0;0;
FILTRE;2014;330007725;330000266;INIT;0;0;0;0;0;0;0;0;0;0;0;1;0;0;0;;0;0;0;;;;;;;;;;;;;0;0;0;0;0;0;0;0;
FILTRE;2014;330008012;330000274;DECLA;0;0;0;0;0;0;0;0;0;0;0;1;0;0;0;0;0;0;0;0;0;0;0;0;0;0;0;0;0;0;0;0;0;0;0;0;0;0;0;
FILTRE;2014;330008012;330000274;INIT;0;0;0;0;0;0;0;0;0;0;0;1;0;0;0;;0;0;0;;;;;;;;;;;;;0;0;0;0;0;0;0;0;
FILTRE;2014;330017989;330000134;DECLA;0;0;0;0;0;0;1;0;0;0;0;1;0;0;0;0;0;0;0;0;0;0;0;0;0;0;0;0;0;0;0;0;0;0;0;0;0;0;0;
FILTRE;2014;330017989;330000134;INIT;0;0;0;0;0;0;0;0;0;0;0;1;0;0;0;;0;0;0;;;;;;;;;;;;;0;0;0;0;0;0;0;0;
FILTRE;2014;330024639;330000266;DECLA;0;0;0;0;0;0;0;0;0;0;0;1;0;0;0;0;0;0;0;0;0;0;0;0;0;0;0;0;0;0;0;0;0;0;0;0;0;0;0;
FILTRE;2014;330024639;330000266;INIT;0;0;0;0;0;0;0;0;0;0;0;1;0;0;0;;0;0;0;;;;;;;;;;;;;0;0;0;0;0;0;0;0;
FILTRE;2014;330025958;330025859;DECLA;0;0;0;0;0;0;0;0;0;0;0;0;0;0;1;0;0;0;0;0;0;0;0;0;0;1;0;0;0;0;0;0;0;0;0;0;0;0;0;
FILTRE;2014;330025958;330025859;INIT;0;0;0;0;0;0;0;0;0;0;0;0;0;0;1;;0;0;0;;;;;;;;;;;;;0;0;0;0;0;0;0;0;
FILTRE;2014;330054453;330000258;DECLA;0;0;0;0;0;0;0;0;0;0;0;1;0;0;0;0;0;0;0;0;0;0;0;0;0;0;0;0;0;0;0;0;0;0;0;0;0;0;0;
FILTRE;2014;330054453;330000258;INIT;0;0;0;0;0;0;0;0;0;0;0;1;0;0;0;;0;0;0;;;;;;;;;;;;;0;0;0;0;0;0;0;0;
FILTRE;2014;330054461;330000274;DECLA;0;0;0;0;0;0;0;0;0;0;0;1;0;0;0;0;0;0;0;0;0;0;0;0;0;0;0;0;0;0;0;0;0;0;0;0;0;0;0;
FILTRE;2014;330054461;330000274;INIT;0;0;0;0;0;0;0;0;0;0;0;1;0;0;0;;0;0;0;;;;;;;;;;;;;0;0;0;0;0;0;0;0;
FILTRE;2014;330056227;330007386;DECLA;0;0;0;0;0;0;0;0;0;0;0;1;0;0;0;0;0;0;0;0;0;0;0;1;0;0;0;0;0;0;0;0;0;0;0;0;0;0;0;
FILTRE;2014;330056227;330007386;INIT;0;0;0;0;0;0;0;0;0;0;0;1;0;0;0;;0;0;0;;;;;;;;;;;;;0;0;0;0;0;0;0;0;
FILTRE;2014;330056516;330000258;DECLA;0;0;0;0;0;0;0;0;0;0;0;1;0;0;0;0;0;0;0;0;0;0;0;0;0;0;0;0;0;0;0;0;0;0;0;0;0;0;0;
FILTRE;2014;330056516;330000258;INIT;0;0;0;0;0;0;0;0;0;0;0;1;0;0;0;;0;0;0;;;;;;;;;;;;;0;0;0;0;0;0;0;0;
FILTRE;2014;330056680;330000274;DECLA;0;0;0;0;0;0;0;0;0;0;0;1;0;0;0;0;0;0;0;0;0;0;0;0;0;0;0;0;0;0;0;0;0;0;0;0;0;0;0;
FILTRE;2014;330056680;330000274;INIT;0;0;0;0;0;0;0;0;0;0;0;1;0;0;0;;0;0;0;;;;;;;;;;;;;0;0;0;0;0;0;0;0;
FILTRE;2014;330057449;330000266;DECLA;0;0;0;0;0;0;0;0;0;0;0;1;0;0;0;0;0;0;0;0;0;0;0;0;0;0;0;0;0;0;0;0;0;0;0;0;0;0;0;
FILTRE;2014;330057449;330000266;INIT;0;0;0;0;0;0;0;0;0;0;0;1;0;0;0;;0;0;0;;;;;;;;;;;;;0;0;0;0;0;0;0;0;
FILTRE;2014;330057654;310024732;DECLA;0;0;0;0;1;0;0;0;0;0;0;0;0;0;0;0;0;0;0;0;0;0;0;0;0;1;0;0;0;0;0;0;0;0;0;0;0;0;0;
FILTRE;2014;330057654;310024732;INIT;0;0;0;0;1;0;0;0;0;0;0;0;0;0;0;;0;0;0;;;;;;;;;;;;;0;0;0;0;0;0;0;0;
FILTRE;2014;330780040;330000027;DECLA;1;1;0;0;0;0;1;1;0;0;1;0;0;0;0;0;0;0;1;0;0;1;1;1;1;1;0;0;0;0;0;0;0;1;0;0;0;0;0;
FILTRE;2014;330780040;330000027;INIT;1;1;0;0;0;0;0;1;0;0;0;0;0;0;0;;0;0;1;;;;;;;;;;;;;0;0;1;0;0;0;0;0;
FILTRE;2014;330780081;330000043;DECLA;1;1;0;0;1;0;1;1;0;0;0;0;0;0;0;1;0;0;1;0;0;1;1;1;1;1;0;1;0;0;0;1;1;1;0;0;0;0;1;
FILTRE;2014;330780081;330000043;INIT;1;1;0;0;1;0;0;1;0;0;0;0;0;0;0;;0;0;1;;;;;;;;;;;;;1;1;1;0;0;0;0;1;
FILTRE;2014;330780115;330000076;DECLA;1;1;0;0;0;0;1;1;0;1;1;0;0;0;0;0;0;0;1;0;0;1;0;1;1;1;0;0;0;1;0;0;1;1;0;0;0;0;0;
FILTRE;2014;330780115;330000076;INIT;1;1;0;0;0;0;0;1;0;1;1;0;0;0;0;;0;0;1;;;;;;;;;;;;;0;0;1;0;0;0;0;0;
FILTRE;2014;330780206;330000126;DECLA;1;1;0;0;1;0;0;1;0;0;1;0;0;0;0;0;0;0;1;0;0;1;0;1;0;1;0;0;0;0;0;0;0;1;0;0;0;0;0;
FILTRE;2014;330780206;330000126;INIT;1;1;0;0;1;0;1;1;0;0;0;0;0;0;0;;0;0;1;;;;;;;;;;;;;0;0;1;0;0;0;0;0;
FILTRE;2014;330780255;330010059;DECLA;0;1;0;0;0;0;0;1;0;0;0;0;0;0;0;0;0;0;1;0;0;1;1;1;1;1;0;0;0;0;0;0;0;1;0;0;0;0;0;
FILTRE;2014;330780255;330010059;INIT;0;1;0;0;0;0;0;1;0;0;0;0;0;0;0;;0;0;1;;;;;;;;;;;;;0;0;1;0;0;0;0;0;
FILTRE;2014;330780263;330000134;DECLA;1;1;1;0;1;0;1;1;0;0;1;0;1;0;0;0;1;0;1;1;0;1;0;1;1;1;0;0;0;1;1;0;1;1;0;0;0;0;0;
FILTRE;2014;330780263;330000134;INIT;1;1;1;0;1;0;1;1;0;0;1;0;1;0;0;;1;0;1;;;;;;;;;;;;;0;0;1;0;0;0;0;0;
FILTRE;2014;330780271;330021429;DECLA;0;1;0;0;0;0;0;1;0;0;0;0;0;0;0;0;0;0;1;0;0;0;0;1;1;1;0;0;0;0;0;0;0;0;0;0;0;0;0;
FILTRE;2014;330780271;330021429;INIT;0;1;0;0;0;0;0;1;0;0;0;0;0;0;0;;0;0;1;;;;;;;;;;;;;0;0;0;0;0;0;0;0;
FILTRE;2014;330780289;330790809;DECLA;0;0;0;0;0;0;0;0;1;0;0;0;0;0;0;0;0;0;0;0;0;0;0;0;0;0;0;0;0;0;0;0;0;0;0;0;0;0;0;
FILTRE;2014;330780289;330790809;INIT;0;0;0;0;0;0;0;0;1;0;0;0;0;0;0;;0;0;0;;;;;;;;;;;;;0;0;0;0;0;0;0;0;
FILTRE;2014;330780297;330000175;DECLA;0;0;0;1;0;0;0;0;1;0;0;0;0;0;0;0;0;0;0;0;0;0;0;1;0;1;0;0;0;0;1;0;0;0;0;0;0;0;0;
FILTRE;2014;330780297;330000175;INIT;0;0;0;1;0;0;0;0;1;0;0;0;0;0;0;;0;0;0;;;;;;;;;;;;;0;0;0;0;0;0;0;0;
FILTRE;2014;330780313;330000191;DECLA;0;0;0;1;0;0;0;0;0;0;0;0;0;0;0;0;0;0;0;0;0;0;0;1;0;0;0;0;0;0;0;0;0;0;0;0;0;0;0;
FILTRE;2014;330780313;330000191;INIT;0;0;0;1;0;0;0;0;0;0;0;0;0;0;0;;0;0;0;;;;;;;;;;;;;0;0;0;0;0;0;0;0;
FILTRE;2014;330780321;330000209;DECLA;0;0;0;1;0;0;0;0;0;0;0;0;0;0;0;0;0;0;0;0;0;0;0;1;0;1;0;0;0;0;0;0;0;0;0;0;0;0;0;
FILTRE;2014;330780321;330000209;INIT;0;0;0;1;0;0;0;0;0;0;0;0;0;0;0;;0;0;0;;;;;;;;;;;;;0;0;0;0;0;0;0;0;
FILTRE;2014;330780354;330000225;DECLA;1;1;0;0;0;0;1;1;0;0;0;0;0;0;0;0;0;0;1;1;0;0;0;1;0;1;0;0;0;0;0;1;1;0;0;0;0;0;0;
FILTRE;2014;330780354;330000225;INIT;1;1;0;0;0;0;1;1;0;0;0;0;0;0;0;;0;0;1;;;;;;;;;;;;;1;0;0;0;0;0;0;0;
FILTRE;2014;330780370;750034589;DECLA;0;0;0;0;1;0;1;0;0;0;0;0;0;0;0;0;0;0;0;0;0;0;0;0;0;0;0;0;0;0;1;0;0;0;0;0;0;0;0;
FILTRE;2014;330780370;750034589;INIT;0;0;0;0;1;0;1;0;0;0;0;0;0;0;0;;0;0;0;;;;;;;;;;;;;0;0;0;0;0;0;0;0;
FILTRE;2014;330780446;330000258;DECLA;0;0;0;0;0;0;0;0;0;0;0;1;0;0;0;0;0;0;0;0;0;0;0;1;0;0;0;0;0;0;0;0;0;0;0;0;0;0;0;
FILTRE;2014;330780446;330000258;INIT;0;0;0;0;0;0;0;0;0;0;0;1;0;0;0;;0;0;0;;;;;;;;;;;;;0;0;0;0;0;0;0;0;
FILTRE;2014;330780453;330000308;DECLA;0;0;0;0;0;0;1;0;0;0;0;1;0;0;0;0;0;0;0;0;0;0;0;1;1;1;0;0;0;0;0;0;0;0;0;0;0;0;0;
FILTRE;2014;330780453;330000308;INIT;0;0;0;0;0;0;0;0;0;0;0;1;0;0;0;;0;0;0;;;;;;;;;;;;;0;0;0;0;0;0;0;0;
FILTRE;2014;330780461;330000266;DECLA;0;0;0;0;0;0;0;0;0;0;0;1;0;0;0;0;0;0;0;0;0;0;0;0;0;0;0;0;0;0;0;0;0;0;0;0;0;0;0;
FILTRE;2014;330780461;330000266;INIT;0;0;0;0;0;0;0;0;0;0;0;1;0;0;0;;0;0;0;;;;;;;;;;;;;0;0;0;0;0;0;0;0;
FILTRE;2014;330780479;330000274;DECLA;1;1;1;0;1;0;1;1;0;1;1;0;1;0;0;0;1;0;1;1;0;1;1;1;1;1;0;0;0;1;0;0;1;1;0;0;0;0;0;
FILTRE;2014;330780479;330000274;INIT;1;1;1;0;1;0;1;1;0;1;1;0;1;0;0;;1;0;1;;;;;;;;;;;;;0;1;1;0;0;0;0;0;
FILTRE;2014;330780487;330000282;DECLA;0;1;0;0;0;0;0;1;0;0;0;0;0;0;0;0;0;0;1;0;0;0;0;1;1;1;0;0;0;0;0;0;0;0;0;0;0;0;0;
FILTRE;2014;330780487;330000282;INIT;0;1;0;0;0;0;0;1;0;0;0;0;0;0;0;;0;0;1;;;;;;;;;;;;;0;0;0;0;0;0;0;0;
FILTRE;2014;330780495;330796392;DECLA;1;1;1;0;1;0;1;1;0;0;1;0;1;0;0;0;1;1;1;1;0;1;0;1;1;1;0;0;0;0;0;0;1;1;0;0;0;0;0;
FILTRE;2014;330780495;330796392;INIT;1;1;1;0;1;0;1;1;0;0;0;0;1;0;0;;1;1;1;;;;;;;;;;;;;0;0;1;0;0;0;0;0;
FILTRE;2014;330780503;330000308;DECLA;1;1;1;0;1;0;1;1;0;0;0;0;1;0;0;0;0;0;1;0;0;0;0;1;1;1;0;0;0;0;0;1;1;1;0;0;0;0;0;
FILTRE;2014;330780503;330000308;INIT;1;1;1;0;1;0;0;1;0;0;0;0;0;0;0;;0;0;1;;;;;;;;;;;;;1;0;1;0;0;0;0;0;
FILTRE;2014;330780511;330000316;DECLA;1;1;0;0;0;0;1;1;0;0;1;0;0;0;0;0;0;0;1;0;0;1;0;1;1;1;0;0;0;0;0;0;0;1;0;0;0;0;0;
FILTRE;2014;330780511;330000316;INIT;1;1;0;0;0;0;0;1;0;0;1;0;0;0;0;;0;0;1;;;;;;;;;;;;;0;0;1;0;0;0;0;0;
FILTRE;2014;330780529;330796392;DECLA;1;1;0;0;1;0;1;1;0;0;1;0;0;0;0;0;1;0;1;1;0;0;0;1;1;1;0;0;0;0;0;0;1;1;0;0;0;0;0;
FILTRE;2014;330780529;330796392;INIT;1;1;0;0;1;0;0;1;0;0;0;0;0;0;0;;1;0;1;;;;;;;;;;;;;0;0;1;0;0;0;0;0;
FILTRE;2014;330780537;330000324;DECLA;1;1;1;0;0;0;1;1;0;0;0;0;1;0;0;0;1;1;1;1;0;0;0;1;1;1;0;1;0;0;1;0;1;1;0;0;0;0;0;
FILTRE;2014;330780537;330000324;INIT;1;1;1;0;0;0;0;1;0;0;0;0;1;0;0;;1;1;1;;;;;;;;;;;;;0;0;1;0;0;0;0;0;
FILTRE;2014;330780560;330781386;DECLA;0;0;0;0;1;0;0;0;0;0;0;0;0;0;0;0;0;0;0;1;0;1;0;1;0;1;0;0;0;0;0;0;0;0;0;0;0;0;0;
FILTRE;2014;330780560;330781386;INIT;0;0;0;0;1;0;0;0;0;0;0;0;0;0;0;;0;0;0;;;;;;;;;;;;;0;0;0;0;0;0;0;0;
FILTRE;2014;330780636;330785072;DECLA;0;0;0;0;0;0;0;0;1;0;0;0;0;0;0;0;0;0;0;0;0;0;0;0;0;0;0;0;0;0;0;0;0;0;0;0;0;0;0;
FILTRE;2014;330780636;330785072;INIT;0;0;0;0;0;0;0;0;1;0;0;0;0;0;0;;0;0;0;;;;;;;;;;;;;0;0;0;0;0;0;0;0;
FILTRE;2014;330780719;310020383;DECLA;0;0;0;0;1;0;0;0;0;0;0;0;0;0;0;0;0;0;0;0;0;0;0;1;0;1;0;0;0;0;0;0;0;0;0;0;0;0;0;
FILTRE;2014;330780719;310020383;INIT;0;0;0;0;1;0;0;0;0;0;0;0;0;0;0;;0;0;0;;;;;;;;;;;;;0;0;0;0;0;0;0;0;
FILTRE;2014;330780735;310021035;DECLA;0;0;0;0;1;0;0;0;0;0;0;0;0;0;0;0;0;0;0;0;0;0;0;0;0;0;0;0;0;0;0;0;0;0;0;0;0;0;0;
FILTRE;2014;330780735;310021035;INIT;0;0;0;0;1;0;0;0;0;0;0;0;0;0;0;;0;0;0;;;;;;;;;;;;;0;0;0;0;0;0;0;0;
FILTRE;2014;330780743;330056540;DECLA;0;0;0;0;1;0;0;0;0;0;0;0;0;0;0;0;0;0;0;0;0;0;0;1;0;0;0;0;0;1;0;0;0;0;0;0;0;0;0;
FILTRE;2014;330780743;330056540;INIT;0;0;0;0;1;0;0;0;0;0;0;0;0;0;0;;0;0;0;;;;;;;;;;;;;0;0;0;0;0;0;0;0;
FILTRE;2014;330780750;330056540;DECLA;0;0;0;0;1;0;0;0;0;0;0;0;0;0;0;0;0;0;0;0;0;0;0;1;0;1;0;0;0;1;0;0;0;0;0;0;0;0;0;
FILTRE;2014;330780750;330056540;INIT;0;0;0;0;1;0;0;0;0;0;0;0;0;0;0;;0;0;0;;;;;;;;;;;;;0;0;0;0;0;0;0;0;
FILTRE;2014;330780768;330780552;DECLA;0;0;0;0;1;0;0;0;0;0;0;0;0;0;0;0;0;0;0;0;0;0;0;0;0;0;0;0;0;0;0;0;0;0;0;0;0;0;0;
FILTRE;2014;330780768;330780552;INIT;0;0;0;0;1;0;0;0;0;0;0;0;0;0;0;;0;0;0;;;;;;;;;;;;;0;0;0;0;0;0;0;0;
FILTRE;2014;330780776;330056839;DECLA;0;0;0;1;0;0;0;0;1;0;0;0;0;0;0;0;0;0;0;0;0;0;0;1;0;0;0;0;0;0;0;0;0;0;0;0;0;0;0;
FILTRE;2014;330780776;330056839;INIT;0;0;0;1;0;0;0;0;1;0;0;0;0;0;0;;0;0;0;;;;;;;;;;;;;0;0;0;0;0;0;0;0;
FILTRE;2014;330781121;930019484;DECLA;0;0;0;0;1;0;0;0;0;0;0;0;0;0;0;0;0;0;0;0;0;0;0;0;0;0;0;0;0;0;0;0;0;0;0;0;0;0;0;
FILTRE;2014;330781121;930019484;INIT;0;0;0;0;1;0;0;0;0;0;0;0;0;0;0;;0;0;0;;;;;;;;;;;;;0;0;0;0;0;0;0;0;
FILTRE;2014;330781139;330056540;DECLA;0;0;0;0;1;0;1;0;0;0;0;0;0;0;0;1;0;0;0;1;0;0;0;1;1;1;0;0;1;0;1;0;0;0;0;0;0;0;0;
FILTRE;2014;330781139;330056540;INIT;0;0;0;0;1;0;1;0;0;0;0;0;0;0;0;;0;0;0;;;;;;;;;;;;;0;0;0;0;0;0;0;0;
FILTRE;2014;330781154;330055542;DECLA;0;0;0;0;1;0;0;0;0;0;0;0;0;0;0;0;0;0;0;1;0;0;0;0;0;0;0;0;0;0;0;0;0;0;0;0;0;0;0;
FILTRE;2014;330781154;330055542;INIT;0;0;0;0;1;0;0;0;0;0;0;0;0;0;0;;0;0;0;;;;;;;;;;;;;0;0;0;0;0;0;0;0;
FILTRE;2014;330781170;330785072;DECLA;0;0;0;1;0;0;0;0;1;0;0;0;0;0;0;0;0;0;0;0;0;0;0;0;0;0;0;0;0;0;0;0;0;0;0;0;0;0;0;
FILTRE;2014;330781170;330785072;INIT;0;0;0;1;0;0;0;0;1;0;0;0;0;0;0;;0;0;0;;;;;;;;;;;;;0;0;0;0;0;0;0;0;
FILTRE;2014;330781188;330056540;DECLA;0;0;0;1;0;0;0;0;1;0;0;0;0;0;0;0;0;0;0;0;0;0;0;1;1;1;0;0;0;0;1;0;0;0;0;0;0;0;0;
FILTRE;2014;330781188;330056540;INIT;0;0;0;1;0;0;0;0;1;0;0;0;0;0;0;;0;0;0;;;;;;;;;;;;;0;0;0;0;0;0;0;0;
FILTRE;2014;330781303;750821092;DECLA;1;1;0;1;1;0;1;1;0;0;1;0;0;0;0;0;1;0;1;1;1;1;0;1;1;1;0;0;0;1;0;0;1;1;0;0;0;0;0;
FILTRE;2014;330781303;750821092;INIT;1;1;0;1;1;0;1;1;0;0;1;0;0;0;0;;1;0;1;;;;;;;;;;;;;0;1;1;0;0;0;0;0;
FILTRE;2014;330781337;330781196;DECLA;1;0;0;0;1;1;1;0;0;0;0;0;0;0;0;0;0;0;0;0;0;0;0;0;0;0;1;0;0;1;1;0;0;0;0;0;0;0;0;
FILTRE;2014;330781337;330781196;INIT;1;0;0;0;1;1;1;0;0;0;0;0;0;0;0;;0;0;0;;;;;;;;;;;;;0;0;0;0;0;0;0;0;
FILTRE;2014;330781352;330781196;DECLA;1;1;0;0;0;0;1;1;0;0;1;0;0;0;0;0;1;0;1;1;1;1;0;1;0;1;1;1;0;1;0;1;1;1;0;0;0;0;0;
FILTRE;2014;330781352;330781196;INIT;1;1;0;0;0;0;1;1;0;0;1;0;0;0;0;;1;0;1;;;;;;;;;;;;;1;1;1;0;0;0;0;0;
FILTRE;2014;330781360;330781196;DECLA;1;1;1;0;1;0;1;1;0;0;1;1;1;0;0;0;1;1;1;1;1;1;0;1;0;1;1;1;1;1;0;0;1;1;1;1;1;1;0;
FILTRE;2014;330781360;330781196;INIT;1;1;1;0;1;0;1;1;1;0;1;1;1;0;0;;1;1;1;;;;;;;;;;;;;0;1;1;1;1;1;1;1;
FILTRE;2014;330781402;330000670;DECLA;1;1;0;0;1;0;1;1;0;0;1;0;0;0;0;0;0;0;1;1;0;1;0;1;1;1;0;0;0;0;0;0;1;0;0;0;0;0;0;
FILTRE;2014;330781402;330000670;INIT;1;1;0;0;1;0;1;1;0;0;0;0;0;0;0;;0;0;1;;;;;;;;;;;;;0;0;0;0;0;0;0;0;
FILTRE;2014;330781626;750043994;DECLA;0;0;0;0;1;0;0;0;0;0;0;0;0;0;0;0;0;0;0;0;0;0;0;0;0;0;0;0;0;0;0;0;0;0;0;0;0;0;0;
FILTRE;2014;330781626;750043994;INIT;0;0;0;0;1;0;0;0;0;0;0;0;0;0;0;;0;0;0;;;;;;;;;;;;;0;0;0;0;0;0;0;0;
FILTRE;2014;330781691;330781691;DECLA;0;0;0;0;0;0;0;0;1;0;0;0;0;0;0;0;0;0;0;0;0;0;0;0;0;0;0;0;0;0;0;0;0;0;0;0;0;0;0;
FILTRE;2014;330781691;330781691;INIT;0;0;0;0;0;0;0;0;1;0;0;0;0;0;0;;0;0;0;;;;;;;;;;;;;0;0;0;0;0;0;0;0;
FILTRE;2014;330782350;330000480;DECLA;0;0;0;0;0;0;0;0;1;0;0;0;0;0;0;0;0;0;0;0;0;0;0;0;0;0;0;0;0;0;0;0;0;0;0;0;0;0;0;
FILTRE;2014;330782350;330000480;INIT;0;0;0;0;0;0;0;0;1;0;0;0;0;0;0;;0;0;0;;;;;;;;;;;;;0;0;0;0;0;0;0;0;
FILTRE;2014;330782582;330000928;DECLA;1;1;1;0;0;0;0;1;0;0;1;0;1;0;0;0;0;0;1;1;0;1;0;1;1;1;0;0;0;0;0;0;1;1;0;0;0;0;0;
FILTRE;2014;330782582;330000928;INIT;1;1;1;0;0;0;1;1;0;0;0;0;1;0;0;;0;0;1;;;;;;;;;;;;;0;1;1;0;0;0;0;0;
FILTRE;2014;330783374;330000274;DECLA;0;0;0;0;0;0;0;0;0;0;0;1;0;0;0;0;0;0;0;0;0;0;0;0;0;0;0;0;0;0;0;0;0;0;0;0;0;0;0;
FILTRE;2014;330783374;330000274;INIT;0;0;0;0;0;0;0;0;0;0;0;1;0;0;0;;0;0;0;;;;;;;;;;;;;0;0;0;0;0;0;0;0;
FILTRE;2014;330783614;330785072;DECLA;0;0;0;0;0;0;0;0;1;0;0;0;0;0;0;0;0;0;0;0;0;0;0;0;0;1;0;0;0;0;0;0;0;0;0;0;0;0;0;
FILTRE;2014;330783614;330785072;INIT;0;0;0;0;0;0;0;0;1;0;0;0;0;0;0;;0;0;0;;;;;;;;;;;;;0;0;0;0;0;0;0;0;
FILTRE;2014;330783648;330781196;DECLA;1;1;0;0;1;0;1;1;0;1;1;0;0;0;0;0;0;0;1;1;1;1;0;1;1;1;1;0;0;1;0;1;1;1;0;0;1;0;1;
FILTRE;2014;330783648;330781196;INIT;1;1;0;0;1;0;1;1;0;1;1;0;0;0;0;;1;0;1;;;;;;;;;;;;;1;1;1;0;0;1;0;1;
FILTRE;2014;330783721;330781253;DECLA;0;0;0;1;1;0;0;0;1;0;0;0;0;0;0;0;0;0;0;0;0;0;0;0;0;0;0;0;0;0;0;0;0;0;0;0;0;0;0;
FILTRE;2014;330783721;330781253;INIT;1;0;0;1;1;0;0;0;1;0;0;0;0;0;0;;0;0;0;;;;;;;;;;;;;0;0;0;0;0;0;0;0;
FILTRE;2014;330783960;750005068;DECLA;0;0;0;0;0;0;0;0;1;0;0;0;0;0;0;0;0;0;0;0;0;0;0;1;0;0;0;0;0;0;0;0;0;0;0;0;0;0;0;
FILTRE;2014;330783960;750005068;INIT;0;0;0;0;0;0;0;0;1;0;0;0;0;0;0;;0;0;0;;;;;;;;;;;;;0;0;0;0;0;0;0;0;
FILTRE;2014;330785064;330785064;DECLA;0;0;0;0;0;0;0;0;1;0;0;0;0;0;0;0;0;0;0;0;0;0;0;0;0;1;0;0;0;0;0;0;0;0;0;0;0;0;0;
FILTRE;2014;330785064;330785064;INIT;0;0;0;0;0;0;0;0;1;0;0;0;0;0;0;;0;0;0;;;;;;;;;;;;;0;0;0;0;0;0;0;0;
FILTRE;2014;330791641;330056540;DECLA;0;0;0;0;0;1;0;0;0;0;0;0;0;0;0;0;0;0;0;0;0;0;0;0;0;0;0;0;0;0;0;0;0;0;0;0;0;0;0;
FILTRE;2014;330791641;330056540;INIT;0;0;0;0;0;1;0;0;0;0;0;0;0;0;0;;0;0;0;;;;;;;;;;;;;0;0;0;0;0;0;0;0;
FILTRE;2014;330795295;330007386;DECLA;0;0;0;0;0;0;0;0;0;0;0;1;0;0;0;0;0;0;0;0;0;0;0;1;0;0;0;0;0;0;0;0;0;0;0;0;0;0;0;
FILTRE;2014;330795295;330007386;INIT;0;0;0;0;0;0;0;0;0;0;0;1;0;0;0;;0;0;0;;;;;;;;;;;;;0;0;0;0;0;0;0;0;
FILTRE;2014;330795303;330007386;DECLA;0;0;0;0;0;0;0;0;0;0;0;1;0;0;0;0;0;0;0;0;0;0;0;1;0;0;0;0;0;0;0;0;0;0;0;0;0;0;0;
FILTRE;2014;330795303;330007386;INIT;0;0;0;0;0;0;0;0;0;0;0;1;0;0;0;;0;0;0;;;;;;;;;;;;;0;0;0;0;0;0;0;0;
FILTRE;2014;330802364;330007386;DECLA;0;0;0;0;0;0;0;0;0;0;0;1;0;0;0;0;0;0;0;0;0;0;0;1;0;0;0;0;0;0;0;0;0;0;0;0;0;0;0;
FILTRE;2014;330802364;330007386;INIT;0;0;0;0;0;0;0;0;0;0;0;1;0;0;0;;0;0;0;;;;;;;;;;;;;0;0;0;0;0;0;0;0;
FILTRE;2014;330802752;330781196;DECLA;1;0;0;1;0;0;1;0;1;0;0;0;0;0;0;0;0;0;0;0;0;0;0;0;0;0;0;0;0;0;0;0;0;0;0;0;0;0;0;
FILTRE;2014;330802752;330781196;INIT;1;0;0;1;0;0;0;0;1;0;0;0;0;0;0;;0;0;0;;;;;;;;;;;;;0;0;0;0;0;0;0;0;
FILTRE;2014;330802778;310020383;DECLA;0;0;0;0;1;0;0;0;0;0;0;0;0;0;0;0;0;0;0;1;0;0;0;1;0;1;0;0;0;0;0;0;0;0;0;0;0;0;0;
FILTRE;2014;330802778;310020383;INIT;0;0;0;0;1;0;0;0;0;0;0;0;0;0;0;;0;0;0;;;;;;;;;;;;;0;0;0;0;0;0;0;0;
FILTRE;2014;330804501;330781212;DECLA;1;0;0;0;1;0;0;0;0;0;0;0;0;0;0;0;0;0;0;1;0;0;0;1;0;1;0;0;0;0;1;0;0;0;0;0;0;0;0;
FILTRE;2014;330804501;330781212;INIT;1;0;0;0;1;0;0;0;0;0;0;0;0;0;0;;0;0;0;;;;;;;;;;;;;0;0;0;0;0;0;0;0;
FILTRE;2014;340000025;340780048;DECLA;0;0;0;0;1;0;1;0;0;0;0;0;0;0;0;0;0;0;0;1;0;0;0;1;0;1;0;0;0;1;1;0;0;0;0;0;0;0;0;
FILTRE;2014;340000025;340780048;INIT;0;0;0;0;1;0;0;0;0;0;0;0;0;0;0;;0;0;0;;;;;;;;;;;;;0;0;0;0;0;0;0;0;
FILTRE;2014;340000033;340780055;DECLA;1;1;1;1;0;1;1;1;1;0;1;0;1;0;0;0;1;1;1;1;1;1;1;1;1;1;1;1;1;1;1;0;1;1;0;1;0;0;0;
FILTRE;2014;340000033;340780055;INIT;1;1;1;1;0;1;1;1;1;0;1;0;1;0;0;;1;1;1;;;;;;;;;;;;;0;1;1;0;0;0;0;0;
FILTRE;2014;340000173;340780451;DECLA;1;0;0;0;0;0;1;0;0;0;0;0;0;0;0;0;0;0;0;0;0;0;0;1;0;1;0;0;0;1;1;0;0;0;0;0;0;0;0;
FILTRE;2014;340000173;340780451;INIT;1;0;0;0;0;0;1;0;0;0;0;0;0;0;0;;0;0;0;;;;;;;;;;;;;0;0;0;0;0;0;0;0;
FILTRE;2014;340000181;340780469;DECLA;0;0;0;0;1;0;0;0;0;0;0;0;0;0;0;0;0;0;0;0;0;0;0;1;0;1;0;0;0;0;1;0;0;0;0;0;0;0;0;
FILTRE;2014;340000181;340780469;INIT;0;0;0;0;1;0;0;0;0;0;0;0;0;0;0;;0;0;0;;;;;;;;;;;;;0;0;0;0;0;0;0;0;
FILTRE;2014;340000207;340780493;DECLA;1;1;0;0;0;0;1;1;0;1;1;0;0;0;0;0;0;0;1;1;1;1;1;1;0;1;0;1;0;1;0;0;1;1;0;0;0;0;0;
FILTRE;2014;340000207;340780493;INIT;1;1;0;0;0;0;1;1;0;1;1;0;0;0;0;;0;0;1;;;;;;;;;;;;;0;0;1;0;0;0;0;0;
FILTRE;2014;340000215;340780519;DECLA;1;0;0;0;1;1;0;0;0;0;0;0;0;0;0;0;0;0;0;1;0;0;0;1;0;1;0;0;0;0;1;0;0;0;0;0;0;0;0;
FILTRE;2014;340000215;340780519;INIT;1;0;0;0;1;1;1;0;0;0;0;0;0;0;0;;0;0;0;;;;;;;;;;;;;0;0;0;0;0;0;0;0;
FILTRE;2014;340000223;340011295;DECLA;1;1;1;0;1;0;1;1;0;0;1;0;1;0;0;1;1;1;1;1;1;0;1;1;1;1;1;1;1;1;1;0;1;1;0;0;0;0;0;
FILTRE;2014;340000223;340011295;INIT;1;1;1;1;1;0;1;1;0;0;1;0;1;0;0;;1;1;1;;;;;;;;;;;;;0;1;1;0;0;0;0;0;
FILTRE;2014;340000231;340780535;DECLA;1;0;0;0;1;1;1;0;0;0;0;0;0;0;0;0;0;1;0;0;0;0;0;1;0;1;0;0;0;1;1;0;0;0;0;0;0;0;0;
FILTRE;2014;340000231;340780535;INIT;1;0;0;0;1;1;1;0;0;0;0;0;0;0;0;;0;0;0;;;;;;;;;;;;;0;0;0;0;0;0;0;0;
FILTRE;2014;340000249;340780543;DECLA;1;0;0;0;1;0;1;0;0;0;0;0;0;0;0;0;0;0;0;0;0;0;0;1;0;1;0;0;0;1;1;0;0;0;0;0;0;0;0;
FILTRE;2014;340000249;340780543;INIT;1;0;0;0;1;0;1;0;0;0;0;0;0;0;0;;0;0;0;;;;;;;;;;;;;0;0;0;0;0;0;0;0;
FILTRE;2014;340000439;340780881;DECLA;0;0;0;0;1;0;0;0;0;0;0;0;0;0;0;1;0;0;0;1;0;0;0;1;0;1;0;0;0;0;0;0;0;0;0;0;0;0;0;
FILTRE;2014;340000439;340780881;INIT;0;0;0;0;1;0;0;0;0;0;0;0;0;0;0;;0;0;0;;;;;;;;;;;;;0;0;0;0;0;0;0;0;
FILTRE;2014;340001064;340013028;DECLA;0;0;0;0;1;0;0;0;0;0;0;0;0;0;0;0;0;0;0;1;0;1;0;1;0;1;0;0;0;0;0;0;0;0;0;0;0;0;0;
FILTRE;2014;340001064;340013028;INIT;0;0;0;0;1;0;0;0;0;0;0;0;0;0;0;;0;0;0;;;;;;;;;;;;;0;0;0;0;0;0;0;0;
FILTRE;2014;340008176;340780469;DECLA;0;0;0;0;1;0;0;0;0;0;0;0;0;0;0;0;0;0;0;0;0;0;0;1;0;1;0;0;0;0;1;0;0;0;0;0;0;0;0;
FILTRE;2014;340008176;340780469;INIT;0;0;0;0;1;0;0;0;0;0;0;0;0;0;0;;0;0;0;;;;;;;;;;;;;0;0;0;0;0;0;0;0;
FILTRE;2014;340008275;340780477;DECLA;1;0;0;0;1;1;1;0;0;0;0;0;0;0;0;0;0;0;0;0;0;0;0;0;0;0;1;0;0;1;0;0;0;0;0;0;0;0;0;
FILTRE;2014;340008275;340780477;INIT;1;0;0;0;1;1;1;0;0;0;0;0;0;0;0;;0;0;0;;;;;;;;;;;;;0;0;0;0;0;0;0;0;
FILTRE;2014;340009018;340008978;DECLA;0;0;0;0;1;0;0;0;0;0;0;0;0;0;0;0;0;0;0;0;0;0;0;1;0;1;1;0;0;1;0;0;0;0;0;0;0;0;0;
FILTRE;2014;340009018;340008978;INIT;0;0;0;0;1;0;0;0;0;0;0;0;0;0;0;;0;0;0;;;;;;;;;;;;;0;0;0;0;0;0;0;0;
FILTRE;2014;340009539;340009489;DECLA;0;0;0;0;0;0;1;0;0;0;0;1;0;0;0;0;0;0;0;0;0;0;0;1;0;0;0;0;0;0;0;0;0;0;0;0;0;0;0;
FILTRE;2014;340009539;340009489;INIT;0;0;0;0;0;0;0;0;0;0;0;1;0;0;0;;0;0;0;;;;;;;;;;;;;0;0;0;0;0;0;0;0;
FILTRE;2014;340009885;340009877;DECLA;1;1;1;0;0;0;1;1;0;0;1;0;1;0;0;0;0;0;1;1;0;1;0;1;1;1;0;0;0;1;0;0;1;1;0;0;0;0;0;
FILTRE;2014;340009885;340009877;INIT;1;1;1;0;0;0;1;1;0;0;1;0;1;0;0;;0;0;1;;;;;;;;;;;;;0;0;1;0;0;0;0;0;
FILTRE;2014;340010149;340010099;DECLA;0;0;0;1;0;0;0;0;1;0;0;0;0;0;0;0;0;0;0;0;0;0;0;1;0;1;0;0;0;0;0;0;0;0;0;0;0;0;0;
FILTRE;2014;340010149;340010099;INIT;0;0;0;1;0;0;0;0;1;0;0;0;0;0;0;;0;0;0;;;;;;;;;;;;;0;0;0;0;0;0;0;0;
FILTRE;2014;340011386;340787399;DECLA;0;0;0;1;0;0;0;0;1;0;0;0;0;0;0;0;0;0;0;0;0;0;0;0;0;0;0;0;0;0;1;0;0;0;0;0;0;0;0;
FILTRE;2014;340011386;340787399;INIT;0;0;0;0;0;0;0;0;1;0;0;0;0;0;0;;0;0;0;;;;;;;;;;;;;0;0;0;0;0;0;0;0;
FILTRE;2014;340013119;340000264;DECLA;0;0;0;0;0;0;0;0;0;0;0;1;0;0;0;0;0;0;0;0;0;0;0;1;0;1;0;0;0;0;0;0;0;0;0;0;0;0;0;
FILTRE;2014;340013119;340000264;INIT;0;0;0;0;0;0;0;0;0;0;0;1;0;0;0;;0;0;0;;;;;;;;;;;;;0;0;0;0;0;0;0;0;
FILTRE;2014;340013168;340000264;DECLA;0;0;0;0;0;0;0;0;0;0;0;1;0;0;0;0;0;0;0;0;0;0;0;1;0;1;1;0;0;0;0;0;0;0;0;0;0;0;0;
FILTRE;2014;340013168;340000264;INIT;0;0;0;0;0;0;0;0;0;0;0;1;0;0;0;;0;0;0;;;;;;;;;;;;;0;0;0;0;0;0;0;0;
FILTRE;2014;340013218;340000264;DECLA;0;0;0;0;0;0;0;0;0;0;0;1;0;0;0;0;0;0;0;0;0;0;0;1;0;1;1;0;0;0;0;0;0;0;0;0;0;0;0;
FILTRE;2014;340013218;340000264;INIT;0;0;0;0;0;0;0;0;0;0;0;1;0;0;0;;0;0;0;;;;;;;;;;;;;0;0;0;0;0;0;0;0;
FILTRE;2014;340013259;340000264;DECLA;0;0;0;0;0;0;0;0;0;0;0;1;0;0;0;0;0;0;0;0;0;0;0;1;0;1;0;0;0;0;0;0;0;0;0;0;0;0;0;
FILTRE;2014;340013259;340000264;INIT;0;0;0;0;0;0;0;0;0;0;0;1;0;0;0;;0;0;0;;;;;;;;;;;;;0;0;0;0;0;0;0;0;
FILTRE;2014;340013309;340000264;DECLA;0;0;0;0;0;0;0;0;0;0;0;1;0;0;0;0;0;0;0;0;0;0;0;1;0;1;0;0;0;0;0;0;0;0;0;0;0;0;0;
FILTRE;2014;340013309;340000264;INIT;0;0;0;0;0;0;0;0;0;0;0;1;0;0;0;;0;0;0;;;;;;;;;;;;;0;0;0;0;0;0;0;0;
FILTRE;2014;340013358;340000264;DECLA;0;0;0;0;0;0;0;0;0;0;0;1;0;0;0;0;0;0;0;0;0;0;0;1;0;1;0;0;0;0;0;0;0;0;0;0;0;0;0;
FILTRE;2014;340013358;340000264;INIT;0;0;0;0;0;0;0;0;0;0;0;1;0;0;0;;0;0;0;;;;;;;;;;;;;0;0;0;0;0;0;0;0;
FILTRE;2014;340013408;340000264;DECLA;0;0;0;0;0;0;0;0;0;0;0;1;0;0;0;0;0;0;0;0;0;0;0;1;0;1;0;0;0;0;0;0;0;0;0;0;0;0;0;
FILTRE;2014;340013408;340000264;INIT;0;0;0;0;0;0;0;0;0;0;0;1;0;0;0;;0;0;0;;;;;;;;;;;;;0;0;0;0;0;0;0;0;
FILTRE;2014;340013499;340000264;DECLA;0;0;0;0;0;0;0;0;0;0;0;1;0;0;0;0;0;0;0;0;0;0;0;1;0;1;0;0;0;0;0;0;0;0;0;0;0;0;0;
FILTRE;2014;340013499;340000264;INIT;0;0;0;0;0;0;0;0;0;0;0;1;0;0;0;;0;0;0;;;;;;;;;;;;;0;0;0;0;0;0;0;0;
FILTRE;2014;340015502;340000512;DECLA;1;1;0;0;0;0;1;1;0;0;1;0;0;0;0;0;1;0;1;0;0;0;0;1;1;1;0;0;0;0;0;1;1;1;1;0;0;0;1;
FILTRE;2014;340015502;340000512;INIT;1;1;0;0;0;0;1;1;0;0;0;0;0;0;0;;1;0;1;;;;;;;;;;;;;1;1;1;1;0;0;0;1;
FILTRE;2014;340015965;340000074;DECLA;1;1;0;0;0;0;1;1;0;0;1;0;0;0;0;0;1;0;1;1;1;0;1;1;1;1;0;0;0;1;0;0;1;1;0;0;0;0;0;
FILTRE;2014;340015965;340000074;INIT;1;1;0;0;0;0;1;1;0;0;1;0;0;0;0;;1;0;1;;;;;;;;;;;;;0;0;1;0;0;0;0;0;
FILTRE;2014;340015999;340000413;DECLA;0;0;0;0;0;0;1;0;0;0;0;1;0;0;0;0;0;0;0;0;0;0;0;0;0;1;0;0;0;0;0;0;0;0;0;0;0;0;0;
FILTRE;2014;340015999;340000413;INIT;0;0;0;0;0;0;0;0;0;0;0;1;0;0;0;;0;0;0;;;;;;;;;;;;;0;0;0;0;0;0;0;0;
FILTRE;2014;340016005;340000413;DECLA;0;0;0;0;0;0;0;0;0;0;0;1;0;0;0;0;0;0;0;0;0;0;0;0;0;1;0;0;0;0;0;0;0;0;0;0;0;0;0;
FILTRE;2014;340016005;340000413;INIT;0;0;0;0;0;0;0;0;0;0;0;1;0;0;0;;0;0;0;;;;;;;;;;;;;0;0;0;0;0;0;0;0;
FILTRE;2014;340016476;340016468;DECLA;0;0;0;0;0;0;0;0;0;0;0;0;0;0;1;0;0;0;0;0;0;0;0;0;0;1;0;0;0;0;0;0;0;0;0;0;0;0;0;
FILTRE;2014;340016476;340016468;INIT;0;0;0;0;0;0;0;0;0;0;0;0;0;0;1;;0;0;0;;;;;;;;;;;;;0;0;0;0;0;0;0;0;
FILTRE;2014;340016732;340780055;DECLA;0;0;0;0;0;0;0;0;1;0;0;0;0;0;0;0;0;0;0;0;0;0;0;0;0;0;0;0;0;0;0;0;0;0;0;0;0;0;0;
FILTRE;2014;340016732;340780055;INIT;0;0;0;0;0;0;0;0;1;0;0;0;0;0;0;;0;0;0;;;;;;;;;;;;;0;0;0;0;0;0;0;0;
FILTRE;2014;340017086;340000413;DECLA;0;0;0;0;0;0;0;0;0;0;0;1;0;0;0;0;0;0;0;0;0;0;0;0;0;1;0;0;0;0;0;0;0;0;0;0;0;0;0;
FILTRE;2014;340017086;340000413;INIT;0;0;0;0;0;0;0;0;0;0;0;1;0;0;0;;0;0;0;;;;;;;;;;;;;0;0;0;0;0;0;0;0;
FILTRE;2014;340017292;340009489;DECLA;0;0;0;0;0;0;1;0;0;0;0;1;0;0;0;0;0;0;0;0;0;0;0;0;0;0;0;0;0;0;0;0;0;0;0;0;0;0;0;
FILTRE;2014;340017292;340009489;INIT;0;0;0;0;0;0;0;0;0;0;0;1;0;0;0;;0;0;0;;;;;;;;;;;;;0;0;0;0;0;0;0;0;
FILTRE;2014;340017490;340000413;DECLA;0;0;0;0;0;0;1;0;0;0;0;1;0;0;0;0;0;0;0;0;0;0;0;0;0;1;0;0;0;0;0;0;0;0;0;0;0;0;0;
FILTRE;2014;340017490;340000413;INIT;0;0;0;0;0;0;0;0;0;0;0;1;0;0;0;;0;0;0;;;;;;;;;;;;;0;0;0;0;0;0;0;0;
FILTRE;2014;340017771;340780055;DECLA;0;0;0;0;1;0;0;0;0;0;0;0;0;0;0;0;0;0;0;0;0;0;0;0;0;0;0;0;0;0;0;0;0;0;0;0;0;0;0;
FILTRE;2014;340017771;340780055;INIT;0;0;0;0;1;0;0;0;0;0;0;0;0;0;0;;0;0;0;;;;;;;;;;;;;0;0;0;0;0;0;0;0;
FILTRE;2014;340017839;340784933;DECLA;0;0;0;0;0;0;0;0;0;0;1;0;0;0;1;0;0;0;0;0;0;0;0;1;0;0;1;0;0;0;0;0;0;0;0;0;0;0;0;
FILTRE;2014;340017839;340784933;INIT;0;0;0;0;0;0;0;0;0;0;0;0;0;0;1;;0;0;0;;;;;;;;;;;;;0;0;0;0;0;0;0;0;
FILTRE;2014;340017847;340018175;DECLA;0;0;0;0;0;0;0;0;0;0;0;0;0;0;1;0;0;0;0;0;0;0;0;0;0;0;1;0;0;0;0;0;0;0;0;0;0;0;0;
FILTRE;2014;340017847;340018175;INIT;0;0;0;0;0;0;0;0;0;0;0;0;0;0;1;;0;0;0;;;;;;;;;;;;;0;0;0;0;0;0;0;0;
FILTRE;2014;340019090;340019082;DECLA;0;0;0;0;1;0;0;0;0;0;0;0;0;0;0;1;0;0;0;0;0;0;0;1;0;1;0;0;0;0;0;0;0;0;0;0;0;0;0;
FILTRE;2014;340019090;340019082;INIT;0;0;0;0;1;0;0;0;0;0;0;0;0;0;0;;0;0;0;;;;;;;;;;;;;0;0;0;0;0;0;0;0;
FILTRE;2014;340019173;340019165;DECLA;0;0;0;0;0;0;0;0;0;0;0;0;0;0;1;0;0;0;0;0;0;0;0;0;0;0;1;0;0;0;0;0;0;0;0;0;0;0;0;
FILTRE;2014;340019173;340019165;INIT;0;0;0;0;0;0;0;0;0;0;0;0;0;0;1;;0;0;0;;;;;;;;;;;;;0;0;0;0;0;0;0;0;
FILTRE;2014;340019603;340019587;DECLA;0;0;0;0;0;0;0;0;0;0;0;1;0;0;0;0;0;0;0;0;0;0;0;0;0;0;0;0;0;0;0;0;0;0;0;0;0;0;0;
FILTRE;2014;340019603;340019587;INIT;0;0;0;0;0;0;0;0;0;0;0;1;0;0;0;;0;0;0;;;;;;;;;;;;;0;0;0;0;0;0;0;0;
FILTRE;2014;340020221;340000264;DECLA;0;0;0;0;0;0;0;0;0;0;0;1;0;0;0;0;0;0;0;0;0;0;0;1;0;1;0;0;0;0;0;0;0;0;0;0;0;0;0;
FILTRE;2014;340020221;340000264;INIT;0;0;0;0;0;0;0;0;0;0;0;1;0;0;0;;0;0;0;;;;;;;;;;;;;0;0;0;0;0;0;0;0;
FILTRE;2014;340020445;340021559;DECLA;0;0;0;0;0;0;0;0;0;1;0;0;0;0;0;0;0;0;0;0;0;0;0;0;0;0;0;0;0;0;0;0;0;0;0;0;0;0;0;
FILTRE;2014;340020445;340021559;INIT;0;0;0;0;0;0;0;0;0;1;0;0;0;0;0;;0;0;0;;;;;;;;;;;;;0;0;0;0;0;0;0;0;
FILTRE;2014;340021211;340780055;DECLA;0;0;0;0;0;0;0;0;0;0;1;0;0;0;1;0;0;0;0;0;0;0;0;0;0;0;0;0;0;0;0;0;0;0;0;0;0;0;0;
FILTRE;2014;340021211;340780055;INIT;0;0;0;0;0;0;0;0;0;0;0;0;0;0;1;;0;0;0;;;;;;;;;;;;;0;0;0;0;0;0;0;0;
FILTRE;2014;340780121;340000082;DECLA;0;0;0;1;0;0;0;0;1;0;0;0;0;0;0;0;0;0;0;0;0;0;0;0;0;0;0;0;0;0;0;0;0;0;0;0;0;0;0;
FILTRE;2014;340780121;340000082;INIT;0;0;0;1;0;0;0;0;1;0;0;0;0;0;0;;0;0;0;;;;;;;;;;;;;0;0;0;0;0;0;0;0;
FILTRE;2014;340780139;340000090;DECLA;0;1;0;0;0;0;0;1;0;0;0;0;0;0;0;0;0;0;1;0;0;1;0;1;1;1;1;0;0;0;0;0;0;1;0;0;0;0;0;
FILTRE;2014;340780139;340000090;INIT;0;1;0;0;0;0;0;1;0;0;0;0;0;0;0;;0;0;1;;;;;;;;;;;;;0;0;1;0;0;0;0;0;
FILTRE;2014;340780147;340000108;DECLA;1;1;0;0;0;0;1;1;0;0;0;0;0;0;0;0;1;0;1;1;0;1;1;1;1;1;0;0;0;0;0;0;0;0;0;0;0;0;0;
FILTRE;2014;340780147;340000108;INIT;1;1;0;0;0;0;1;1;0;0;0;0;0;0;0;;1;0;1;;;;;;;;;;;;;0;0;0;0;0;0;0;0;
FILTRE;2014;340780154;340000116;DECLA;1;1;0;0;0;0;1;1;0;0;0;0;0;0;1;0;1;0;1;1;0;1;1;1;1;1;0;0;0;0;0;0;0;0;0;0;0;0;0;
FILTRE;2014;340780154;340000116;INIT;1;1;0;0;0;0;1;1;0;0;0;0;0;0;1;;1;0;1;;;;;;;;;;;;;0;0;0;0;0;0;0;0;
FILTRE;2014;340780196;340798123;DECLA;0;0;0;0;1;0;0;0;0;0;0;0;0;0;0;0;0;0;0;1;0;0;0;1;0;1;0;0;0;0;1;0;0;0;0;0;0;0;0;
FILTRE;2014;340780196;340798123;INIT;0;0;0;0;1;0;0;0;0;0;0;0;0;0;0;;0;0;0;;;;;;;;;;;;;0;0;0;0;0;0;0;0;
FILTRE;2014;340780204;340015171;DECLA;0;0;0;0;1;0;0;0;0;0;0;0;0;0;0;0;0;0;0;0;0;0;0;0;0;1;0;0;0;0;0;0;0;0;0;0;0;0;0;
FILTRE;2014;340780204;340015171;INIT;0;0;0;0;1;0;0;0;0;0;0;0;0;0;0;;0;0;0;;;;;;;;;;;;;0;0;0;0;0;0;0;0;
FILTRE;2014;340780212;340796069;DECLA;0;0;0;0;1;0;0;0;0;0;0;0;0;0;0;0;0;0;0;1;0;0;0;1;0;1;1;0;0;0;1;0;0;0;0;0;0;0;0;
FILTRE;2014;340780212;340796069;INIT;0;0;0;0;1;0;0;0;0;0;0;0;0;0;0;;0;0;0;;;;;;;;;;;;;0;0;0;0;0;0;0;0;
FILTRE;2014;340780220;340796358;DECLA;0;0;0;0;1;0;0;0;0;0;0;0;0;0;0;1;0;0;0;1;0;0;0;1;0;1;0;0;0;0;1;0;0;0;0;0;0;0;0;
FILTRE;2014;340780220;340796358;INIT;0;0;0;0;1;0;0;0;0;0;0;0;0;0;0;;0;0;0;;;;;;;;;;;;;0;0;0;0;0;0;0;0;
FILTRE;2014;340780253;340001387;DECLA;0;0;0;0;1;0;0;0;0;0;0;0;0;0;0;0;0;0;0;0;0;0;0;0;0;0;0;0;0;0;0;0;0;0;0;0;0;0;0;
FILTRE;2014;340780253;340001387;INIT;0;0;0;0;1;0;0;0;0;0;0;0;0;0;0;;0;0;0;;;;;;;;;;;;;0;0;0;0;0;0;0;0;
FILTRE;2014;340780436;340011295;DECLA;1;0;1;0;1;1;1;0;0;0;0;0;0;0;0;1;0;1;1;1;0;0;0;1;0;1;1;1;0;1;1;0;0;0;0;0;0;0;0;
FILTRE;2014;340780436;340011295;INIT;1;0;0;0;1;1;1;0;0;0;0;0;0;0;0;;0;0;0;;;;;;;;;;;;;0;0;0;0;0;0;0;0;
FILTRE;2014;340780444;340009893;DECLA;1;0;0;0;1;1;0;0;0;0;0;0;0;0;0;0;0;0;0;0;0;0;0;1;0;1;0;0;0;1;1;0;0;0;0;0;0;0;0;
FILTRE;2014;340780444;340009893;INIT;1;0;0;0;1;1;1;0;0;0;0;0;0;0;0;;0;0;0;;;;;;;;;;;;;0;0;0;0;0;0;0;0;
FILTRE;2014;340780485;340780477;DECLA;0;0;0;1;0;0;0;0;1;0;0;0;0;0;0;0;0;0;0;0;0;0;0;0;0;0;0;0;0;0;0;0;0;0;0;0;0;0;0;
FILTRE;2014;340780485;340780477;INIT;0;0;0;1;0;0;0;0;1;0;0;0;0;0;0;;0;0;0;;;;;;;;;;;;;0;0;0;0;0;0;0;0;
FILTRE;2014;340780568;340000256;DECLA;1;0;0;0;1;0;0;0;0;0;0;0;0;0;0;0;0;0;0;1;0;1;0;1;0;1;0;0;0;0;0;0;0;0;0;0;0;0;0;
FILTRE;2014;340780568;340000256;INIT;1;0;0;0;1;0;1;0;0;0;0;0;0;0;0;;0;0;0;;;;;;;;;;;;;0;0;0;0;0;0;0;0;
FILTRE;2014;340780634;340000272;DECLA;1;1;0;0;0;0;1;1;0;0;1;0;0;0;0;0;1;0;1;1;0;0;1;1;1;1;0;1;0;0;1;0;1;1;0;0;0;0;0;
FILTRE;2014;340780634;340000272;INIT;1;1;0;0;0;0;1;1;0;0;0;0;0;0;0;;1;0;1;;;;;;;;;;;;;0;0;1;0;0;0;0;0;
FILTRE;2014;340780642;340785856;DECLA;1;1;0;0;0;0;1;1;0;0;1;0;0;0;0;0;1;0;1;1;0;1;0;1;1;1;0;0;0;0;0;0;1;1;0;0;0;0;0;
FILTRE;2014;340780642;340785856;INIT;1;1;0;0;0;0;1;1;0;0;0;0;0;0;0;;1;0;1;;;;;;;;;;;;;0;0;1;0;0;0;0;0;
FILTRE;2014;340780667;340000280;DECLA;1;1;0;0;0;0;1;1;0;0;1;0;0;0;0;0;1;0;1;1;0;0;0;1;1;1;1;0;0;1;0;1;1;1;0;0;0;0;0;
FILTRE;2014;340780667;340000280;INIT;1;1;0;0;0;0;1;1;0;0;1;0;0;0;0;;1;0;1;;;;;;;;;;;;;1;1;1;0;0;0;0;0;
FILTRE;2014;340780675;340000298;DECLA;1;1;1;0;0;0;1;1;0;1;1;0;1;1;0;0;0;0;1;0;0;0;0;1;1;1;0;0;1;1;0;0;1;1;0;0;0;0;0;
FILTRE;2014;340780675;340000298;INIT;1;1;1;0;0;0;1;1;0;0;1;0;1;0;0;;0;0;1;;;;;;;;;;;;;0;0;1;0;0;0;0;0;
FILTRE;2014;340780683;340000306;DECLA;1;1;1;0;0;0;1;1;0;0;0;0;1;0;0;0;1;0;1;0;0;0;0;1;1;1;0;0;0;1;0;0;1;1;0;0;0;0;0;
FILTRE;2014;340780683;340000306;INIT;1;1;1;0;0;0;1;1;0;0;0;0;1;0;0;;1;0;1;;;;;;;;;;;;;0;0;1;0;0;0;0;0;
FILTRE;2014;340780717;340008150;DECLA;1;1;1;0;0;0;1;1;0;0;1;1;1;0;0;0;1;1;1;0;0;1;0;1;1;1;0;0;0;0;0;0;1;1;0;0;0;0;0;
FILTRE;2014;340780717;340008150;INIT;1;1;1;0;0;0;1;1;0;0;0;0;1;0;0;;1;0;1;;;;;;;;;;;;;0;0;1;0;0;0;0;0;
FILTRE;2014;340780725;340016864;DECLA;1;1;0;0;0;0;1;1;0;0;0;0;0;0;0;0;1;0;1;1;0;0;0;1;0;1;1;0;0;0;0;0;0;0;0;0;0;0;0;
FILTRE;2014;340780725;340016864;INIT;1;1;0;0;0;0;1;1;0;0;0;0;0;0;0;;1;0;1;;;;;;;;;;;;;0;0;0;0;0;0;0;0;
FILTRE;2014;340780741;340000348;DECLA;0;1;1;0;0;0;1;1;0;0;0;0;1;0;0;0;0;0;1;0;0;0;0;1;1;1;0;0;0;0;0;0;0;1;0;0;0;0;0;
FILTRE;2014;340780741;340000348;INIT;0;1;1;0;0;0;0;1;0;0;0;0;1;0;0;;0;0;1;;;;;;;;;;;;;0;0;1;0;0;0;0;0;
FILTRE;2014;340780758;340000355;DECLA;0;0;0;1;0;0;0;0;1;0;0;0;0;0;0;0;0;0;0;0;0;0;0;1;0;1;0;0;0;0;1;0;0;0;0;0;0;0;0;
FILTRE;2014;340780758;340000355;INIT;0;0;0;1;0;0;0;0;1;0;0;0;0;0;0;;0;0;0;;;;;;;;;;;;;0;0;0;0;0;0;0;0;
FILTRE;2014;340780766;340000363;DECLA;0;0;0;1;0;0;0;0;0;0;0;0;0;0;0;0;0;0;0;0;0;0;0;0;0;0;0;0;0;0;0;0;0;0;0;0;0;0;0;
FILTRE;2014;340780766;340000363;INIT;0;0;0;1;0;0;0;0;0;0;0;0;0;0;0;;0;0;0;;;;;;;;;;;;;0;0;0;0;0;0;0;0;
FILTRE;2014;340780782;340000371;DECLA;0;0;0;1;0;0;0;0;0;0;0;0;0;0;0;0;0;0;0;0;0;0;0;0;0;0;0;0;0;0;0;0;0;0;0;0;0;0;0;
FILTRE;2014;340780782;340000371;INIT;0;0;0;1;0;0;0;0;0;0;0;0;0;0;0;;0;0;0;;;;;;;;;;;;;0;0;0;0;0;0;0;0;
FILTRE;2014;340780790;340000389;DECLA;0;0;0;1;0;0;0;0;0;0;0;0;0;0;0;0;0;0;0;0;0;0;0;1;0;1;0;0;0;0;1;0;0;0;0;0;0;0;0;
FILTRE;2014;340780790;340000389;INIT;0;0;0;1;0;0;0;0;0;0;0;0;0;0;0;;0;0;0;;;;;;;;;;;;;0;0;0;0;0;0;0;0;
FILTRE;2014;340780816;340008291;DECLA;0;0;0;0;1;0;0;0;0;0;0;0;0;0;0;0;0;0;0;0;0;0;0;1;0;1;0;0;0;1;0;0;0;0;0;0;0;0;0;
FILTRE;2014;340780816;340008291;INIT;0;0;0;0;1;0;0;0;0;0;0;0;0;0;0;;0;0;0;;;;;;;;;;;;;0;0;0;0;0;0;0;0;
FILTRE;2014;340780824;340000405;DECLA;0;0;0;0;1;0;0;0;0;0;0;0;0;0;0;0;0;0;0;0;0;0;0;0;0;0;1;0;0;0;0;0;0;0;0;0;0;0;0;
FILTRE;2014;340780824;340000405;INIT;0;0;0;0;1;0;0;0;0;0;0;0;0;0;0;;0;0;0;;;;;;;;;;;;;0;0;0;0;0;0;0;0;
FILTRE;2014;340780840;340000413;DECLA;0;0;0;0;0;0;1;0;0;0;0;1;0;0;0;0;0;0;0;0;0;0;0;1;0;1;0;0;0;0;0;0;0;0;0;0;0;0;0;
FILTRE;2014;340780840;340000413;INIT;0;0;0;0;0;0;0;0;0;0;0;1;0;0;0;;0;0;0;;;;;;;;;;;;;0;0;0;0;0;0;0;0;
FILTRE;2014;340780857;340000421;DECLA;0;0;0;0;1;0;0;0;0;0;0;0;0;0;0;0;0;0;0;0;0;0;0;1;0;1;0;0;0;0;0;0;0;0;0;0;0;0;0;
FILTRE;2014;340780857;340000421;INIT;0;0;0;0;1;0;0;0;0;0;0;0;0;0;0;;0;0;0;;;;;;;;;;;;;0;0;0;0;0;0;0;0;
FILTRE;2014;340780931;340000454;DECLA;0;0;0;1;0;0;0;0;1;0;0;0;0;0;0;0;0;0;0;0;0;0;0;1;0;1;0;0;0;0;0;0;0;0;0;0;0;0;0;
FILTRE;2014;340780931;340000454;INIT;0;0;0;1;0;0;0;0;1;0;0;0;0;0;0;;0;0;0;;;;;;;;;;;;;0;0;0;0;0;0;0;0;
FILTRE;2014;340781608;340015171;DECLA;1;0;0;0;1;0;1;0;0;0;1;1;0;0;0;0;0;0;0;1;0;0;0;1;0;1;1;1;1;1;0;0;1;0;0;0;0;0;0;
FILTRE;2014;340781608;340015171;INIT;1;0;0;0;1;0;1;0;0;0;0;0;0;0;0;;0;0;0;;;;;;;;;;;;;0;0;0;0;0;0;0;0;
FILTRE;2014;340782002;340000629;DECLA;0;0;0;0;1;0;0;0;0;0;0;0;0;0;0;1;0;0;0;0;0;0;0;1;0;1;0;0;0;0;0;0;0;0;0;0;0;0;0;
FILTRE;2014;340782002;340000629;INIT;0;0;0;0;1;0;0;0;0;0;0;0;0;0;0;;0;0;0;;;;;;;;;;;;;0;0;0;0;0;0;0;0;
FILTRE;2014;340782036;340780477;DECLA;1;1;0;1;0;0;1;1;1;0;1;0;0;0;1;0;0;0;1;1;1;1;1;0;0;0;0;1;1;1;0;0;1;1;0;0;1;0;0;
FILTRE;2014;340782036;340780477;INIT;1;1;0;1;0;0;1;1;1;0;1;0;0;0;1;;0;0;1;;;;;;;;;;;;;0;1;1;0;0;1;0;0;
FILTRE;2014;340782085;340780477;DECLA;1;1;0;0;0;0;1;1;0;0;1;0;0;0;0;0;0;0;1;1;1;1;1;0;0;0;1;0;0;0;0;0;1;1;1;1;0;0;0;
FILTRE;2014;340782085;340780477;INIT;1;1;0;0;1;0;1;1;0;0;0;0;0;0;0;;0;0;1;;;;;;;;;;;;;0;1;1;1;1;0;0;0;
FILTRE;2014;340782481;340780477;DECLA;0;0;0;0;1;1;0;0;0;0;0;0;0;0;0;0;0;0;0;0;0;0;0;0;0;0;0;0;0;0;0;0;0;0;0;0;0;0;0;
FILTRE;2014;340782481;340780477;INIT;0;0;0;0;1;1;0;0;0;0;0;0;0;0;0;;0;0;0;;;;;;;;;;;;;0;0;0;0;0;0;0;0;
FILTRE;2014;340785161;340780477;DECLA;1;1;0;0;1;0;1;1;0;0;1;0;0;0;0;1;1;1;1;1;1;1;1;1;1;0;0;0;1;0;0;0;1;1;0;0;1;1;0;
FILTRE;2014;340785161;340780477;INIT;1;1;0;1;1;0;1;1;0;1;0;0;1;0;0;;1;1;1;;;;;;;;;;;;;0;1;1;0;0;1;1;0;
FILTRE;2014;340787266;340011295;DECLA;0;0;0;1;0;0;0;0;1;0;0;0;0;0;0;0;0;0;0;0;0;0;0;0;0;1;0;0;0;0;0;0;0;0;0;0;0;0;0;
FILTRE;2014;340787266;340011295;INIT;0;0;0;0;0;0;0;0;1;0;0;0;0;0;0;;0;0;0;;;;;;;;;;;;;0;0;0;0;0;0;0;0;
FILTRE;2014;340789379;340001825;DECLA;0;0;0;0;1;1;0;0;0;0;0;0;0;0;0;0;0;0;0;0;0;0;0;1;0;0;0;0;0;0;0;0;0;0;0;0;0;0;0;
FILTRE;2014;340789379;340001825;INIT;0;0;0;0;1;1;0;0;0;0;0;0;0;0;0;;0;0;0;;;;;;;;;;;;;0;0;0;0;0;0;0;0;
FILTRE;2014;340789981;340001866;DECLA;0;0;0;0;1;0;0;0;0;0;0;0;0;0;0;0;0;0;0;0;0;0;0;1;0;0;0;0;0;0;0;0;0;0;0;0;0;0;0;
FILTRE;2014;340789981;340001866;INIT;0;0;0;0;1;0;0;0;0;0;0;0;0;0;0;;0;0;0;;;;;;;;;;;;;0;0;0;0;0;0;0;0;
FILTRE;2014;340796051;340011295;DECLA;0;0;0;0;0;1;0;0;0;0;0;0;0;0;0;0;0;0;0;0;0;0;0;0;0;0;0;0;0;0;0;0;0;0;0;0;0;0;0;
FILTRE;2014;340796051;340011295;INIT;0;0;0;0;1;1;0;0;0;0;0;0;0;0;0;;0;0;0;;;;;;;;;;;;;0;0;0;0;0;0;0;0;
FILTRE;2014;340796093;340796069;DECLA;0;0;0;0;1;0;0;0;0;0;0;0;0;0;0;0;0;0;0;1;0;0;0;1;0;1;0;0;0;0;1;0;0;0;0;0;0;0;0;
FILTRE;2014;340796093;340796069;INIT;0;0;0;0;1;0;0;0;0;0;0;0;0;0;0;;0;0;0;;;;;;;;;;;;;0;0;0;0;0;0;0;0;
FILTRE;2014;340796663;340780477;DECLA;1;1;1;0;0;0;1;1;0;0;1;1;1;0;0;0;0;0;1;1;1;1;1;0;0;0;1;0;0;0;0;1;1;1;0;0;1;0;1;
FILTRE;2014;340796663;340780477;INIT;1;1;1;0;0;0;1;1;0;0;1;1;1;0;1;;0;0;1;;;;;;;;;;;;;1;1;1;0;0;1;0;1;
FILTRE;2014;340798511;340798503;DECLA;0;0;0;0;0;0;0;0;0;1;0;0;0;0;0;0;0;0;0;1;0;0;0;0;0;0;0;0;0;0;0;0;0;0;0;0;0;0;0;
FILTRE;2014;340798511;340798503;INIT;0;0;0;0;0;0;0;0;0;1;0;0;0;0;0;;0;0;0;;;;;;;;;;;;;0;0;0;0;0;0;0;0;
FILTRE;2014;340798552;340798545;DECLA;0;0;0;0;1;0;0;0;0;0;0;0;0;0;0;0;0;0;0;0;0;0;0;1;0;1;1;0;0;1;0;0;0;0;0;0;0;0;0;
FILTRE;2014;340798552;340798545;INIT;0;0;0;0;1;0;0;0;0;0;0;0;0;0;0;;0;0;0;;;;;;;;;;;;;0;0;0;0;0;0;0;0;
FILTRE;2014;350000014;350005179;DECLA;1;0;0;0;1;0;1;0;0;0;0;0;0;0;0;0;0;0;0;0;0;0;0;0;0;0;1;1;0;0;0;0;0;0;0;0;0;0;0;
FILTRE;2014;350000014;350005179;INIT;0;0;0;0;1;0;0;0;0;0;0;0;0;0;0;;0;0;0;;;;;;;;;;;;;0;0;0;0;0;0;0;0;
FILTRE;2014;350000063;220020739;DECLA;1;0;0;0;1;0;1;0;0;0;0;0;0;0;0;0;0;0;0;0;0;0;0;1;0;1;0;0;0;0;0;0;0;0;0;0;0;0;0;
FILTRE;2014;350000063;220020739;INIT;1;0;0;0;1;0;1;0;0;0;0;0;0;0;0;;0;0;0;;;;;;;;;;;;;0;0;0;0;0;0;0;0;
FILTRE;2014;350000071;750000218;DECLA;1;0;0;0;1;0;1;0;0;0;0;0;0;0;0;0;0;0;0;0;0;0;0;1;0;1;0;0;0;1;0;0;0;0;0;0;0;0;0;
FILTRE;2014;350000071;750000218;INIT;1;0;0;0;1;0;1;0;0;0;0;0;0;0;0;;0;0;0;;;;;;;;;;;;;0;0;0;0;0;0;0;0;
FILTRE;2014;350000121;350000303;DECLA;1;1;1;0;0;0;1;1;0;1;1;0;1;0;0;0;1;0;1;0;0;1;1;1;1;1;0;0;0;1;0;0;1;1;0;0;0;0;0;
FILTRE;2014;350000121;350000303;INIT;1;1;1;0;0;0;1;1;0;0;1;0;1;0;0;;1;0;1;;;;;;;;;;;;;0;0;1;0;0;0;0;0;
FILTRE;2014;350000139;350001137;DECLA;1;1;1;0;0;0;1;1;0;0;0;0;1;0;0;0;0;0;1;0;0;0;0;1;1;1;0;0;1;0;0;0;1;1;0;0;0;0;0;
FILTRE;2014;350000139;350001137;INIT;0;1;1;0;0;0;0;1;0;0;0;0;1;0;0;;0;0;1;;;;;;;;;;;;;0;0;1;0;0;0;0;0;
FILTRE;2014;350000147;350000022;DECLA;1;1;1;1;1;0;1;1;1;0;1;1;1;0;0;0;1;1;1;1;1;1;1;1;1;1;1;1;1;1;1;1;1;1;0;0;0;0;0;
FILTRE;2014;350000147;350000022;INIT;1;1;1;1;1;0;1;1;1;0;1;1;1;0;0;;1;1;1;;;;;;;;;;;;;1;1;1;0;0;0;0;0;
FILTRE;2014;350000154;350000030;DECLA;1;1;1;0;1;1;1;1;0;0;1;0;1;0;0;0;1;1;1;1;1;1;0;1;1;1;1;1;0;1;1;0;1;1;0;0;0;0;0;
FILTRE;2014;350000154;350000030;INIT;1;1;1;0;1;1;1;1;0;0;0;0;1;0;0;;1;1;1;;;;;;;;;;;;;0;0;1;0;0;0;0;0;
FILTRE;2014;350000162;350000048;DECLA;1;1;1;1;1;1;1;1;1;0;0;0;1;0;0;0;1;1;1;1;0;1;0;1;1;1;0;1;0;0;1;0;1;0;0;0;0;0;0;
FILTRE;2014;350000162;350000048;INIT;1;1;1;1;1;1;1;1;1;0;0;0;1;0;0;;1;1;1;;;;;;;;;;;;;0;0;0;0;0;0;0;0;
FILTRE;2014;350000188;350000055;DECLA;1;1;1;0;0;0;1;1;0;0;1;0;1;0;0;0;1;1;1;1;0;1;0;1;0;1;0;0;0;0;1;0;1;1;0;0;0;0;0;
FILTRE;2014;350000188;350000055;INIT;1;1;1;0;0;0;1;1;0;0;0;0;1;0;0;;1;1;1;;;;;;;;;;;;;0;0;1;0;0;0;0;0;
FILTRE;2014;350000196;350000311;DECLA;1;1;0;0;0;0;1;1;0;0;1;0;0;0;0;0;0;0;1;0;0;0;0;1;1;1;0;0;0;0;0;0;1;1;0;0;0;0;0;
FILTRE;2014;350000196;350000311;INIT;0;1;0;0;0;0;0;1;0;0;1;0;0;0;0;;0;0;1;;;;;;;;;;;;;0;0;1;0;0;0;0;0;
FILTRE;2014;350000204;350023248;DECLA;1;0;0;0;1;0;0;0;0;0;0;0;0;0;0;0;0;0;0;0;0;0;0;1;1;1;1;0;0;1;0;0;0;0;0;0;0;0;0;
FILTRE;2014;350000204;350023248;INIT;1;0;0;0;1;0;1;0;0;0;0;0;0;0;0;;0;0;0;;;;;;;;;;;;;0;0;0;0;0;0;0;0;
FILTRE;2014;350000212;350000089;DECLA;1;0;0;0;1;0;1;0;0;0;0;0;0;0;0;0;0;0;0;0;0;0;0;1;0;1;0;0;0;0;1;0;0;0;0;0;0;0;0;
FILTRE;2014;350000212;350000089;INIT;1;0;0;0;1;0;1;0;0;0;0;0;0;0;0;;0;0;0;;;;;;;;;;;;;0;0;0;0;0;0;0;0;
FILTRE;2014;350000337;350000246;DECLA;0;0;0;1;0;0;0;0;1;0;0;0;0;0;0;1;0;0;0;1;1;0;0;1;1;1;0;0;0;0;1;0;0;0;0;0;0;0;0;
FILTRE;2014;350000337;350000246;INIT;0;0;0;1;0;0;0;0;1;0;0;0;0;0;0;;0;0;0;;;;;;;;;;;;;0;0;0;0;0;0;0;0;
FILTRE;2014;350000360;350048518;DECLA;0;0;0;0;1;0;0;0;0;0;0;0;0;0;0;0;0;0;0;0;0;0;0;0;0;0;0;0;0;0;1;0;0;0;0;0;0;0;0;
FILTRE;2014;350000360;350048518;INIT;0;0;0;0;1;0;0;0;0;0;0;0;0;0;0;;0;0;0;;;;;;;;;;;;;0;0;0;0;0;0;0;0;
FILTRE;2014;350000402;350000402;DECLA;0;0;0;1;0;0;0;0;1;0;0;0;0;0;0;0;0;0;0;0;0;0;0;1;0;1;0;0;0;0;0;0;0;0;0;0;0;0;0;
FILTRE;2014;350000402;350000402;INIT;0;0;0;1;0;0;0;0;0;0;0;0;0;0;0;;0;0;0;;;;;;;;;;;;;0;0;0;0;0;0;0;0;
FILTRE;2014;350000410;350002291;DECLA;1;0;0;0;1;0;1;0;0;0;0;0;0;0;0;0;0;0;0;0;0;0;0;1;0;1;1;0;0;1;1;0;0;0;0;0;0;0;0;
FILTRE;2014;350000410;350002291;INIT;1;0;0;0;1;0;1;0;0;0;0;0;0;0;0;;0;0;0;;;;;;;;;;;;;0;0;0;0;0;0;0;0;
FILTRE;2014;350000428;350002309;DECLA;0;0;0;0;1;0;0;0;0;0;0;0;0;0;0;0;0;0;0;0;0;0;0;1;1;1;0;0;0;0;0;0;0;0;0;0;0;0;0;
FILTRE;2014;350000428;350002309;INIT;0;0;0;0;1;0;0;0;0;0;0;0;0;0;0;;0;0;0;;;;;;;;;;;;;0;0;0;0;0;0;0;0;
FILTRE;2014;350000436;350002317;DECLA;1;0;0;0;1;1;0;0;0;0;0;0;0;0;0;0;0;0;0;0;0;0;0;1;0;1;1;0;0;1;1;0;0;0;0;0;0;0;0;
FILTRE;2014;350000436;350002317;INIT;1;0;0;0;1;1;1;0;0;0;0;0;0;0;0;;0;0;0;;;;;;;;;;;;;0;0;0;0;0;0;0;0;
FILTRE;2014;350000444;350048518;DECLA;1;0;0;0;1;0;0;0;0;0;0;0;0;0;0;1;0;0;0;0;0;0;0;1;0;1;1;0;0;1;1;0;0;0;0;0;0;0;0;
FILTRE;2014;350000444;350048518;INIT;1;0;0;0;1;0;1;0;0;0;0;0;0;0;0;;0;0;0;;;;;;;;;;;;;0;0;0;0;0;0;0;0;
FILTRE;2014;350000451;350002333;DECLA;1;0;0;0;1;0;1;0;0;0;0;0;0;0;0;0;0;0;0;0;0;0;0;1;0;1;0;0;0;0;1;0;0;0;0;0;0;0;0;
FILTRE;2014;350000451;350002333;INIT;1;0;0;0;1;0;1;0;0;0;0;0;0;0;0;;0;0;0;;;;;;;;;;;;;0;0;0;0;0;0;0;0;
FILTRE;2014;350000741;350005179;DECLA;1;1;1;0;1;0;1;1;0;0;1;1;1;0;0;0;1;1;1;1;1;1;1;1;1;1;1;1;1;1;1;1;1;1;1;1;1;0;1;
FILTRE;2014;350000741;350005179;INIT;1;1;0;0;1;0;1;1;0;0;1;1;1;0;0;;1;1;1;;;;;;;;;;;;;1;1;1;1;1;1;0;1;
FILTRE;2014;350002119;350000386;DECLA;0;0;0;1;0;0;0;0;1;0;0;0;0;0;0;0;0;0;0;0;0;0;0;1;1;1;0;0;0;0;1;0;0;0;0;0;0;0;0;
FILTRE;2014;350002119;350000386;INIT;0;0;0;1;0;0;0;0;1;0;0;0;0;0;0;;0;0;0;;;;;;;;;;;;;0;0;0;0;0;0;0;0;
FILTRE;2014;350002192;220020739;DECLA;1;1;0;1;1;0;1;1;0;0;1;0;0;0;0;0;0;0;1;1;0;1;1;1;1;1;0;0;0;1;0;1;1;1;0;0;0;0;0;
FILTRE;2014;350002192;220020739;INIT;1;1;0;1;1;0;1;1;0;0;1;0;0;0;0;;0;0;1;;;;;;;;;;;;;1;0;1;0;0;0;0;0;
FILTRE;2014;350002200;350029948;DECLA;1;0;0;0;1;0;0;0;0;0;1;0;0;0;0;0;0;0;0;1;0;0;0;1;0;1;1;0;0;0;0;0;0;0;0;0;0;0;0;
FILTRE;2014;350002200;350029948;INIT;1;0;0;0;1;0;1;0;0;0;0;0;0;0;0;;0;0;0;;;;;;;;;;;;;0;0;0;0;0;0;0;0;
FILTRE;2014;350002234;750720575;DECLA;0;0;0;1;1;0;0;0;1;0;0;0;0;0;0;0;0;0;0;0;0;0;0;1;0;1;0;0;0;0;1;0;0;0;0;0;0;0;0;
FILTRE;2014;350002234;750720575;INIT;0;0;0;1;1;0;0;0;0;0;0;0;0;0;0;;0;0;0;;;;;;;;;;;;;0;0;0;0;0;0;0;0;
FILTRE;2014;350002564;350046199;DECLA;0;0;0;0;1;0;0;0;0;0;0;0;0;0;0;0;0;0;0;0;0;1;0;1;0;1;1;0;0;0;0;0;0;0;0;0;0;0;0;
FILTRE;2014;350002564;350046199;INIT;0;0;0;0;1;0;0;0;0;0;0;0;0;0;0;;0;0;0;;;;;;;;;;;;;0;0;0;0;0;0;0;0;
FILTRE;2014;350002747;440042844;DECLA;0;0;0;0;1;0;0;0;0;0;0;0;0;0;0;0;0;0;0;0;0;0;0;1;0;0;0;0;0;0;1;0;0;0;0;0;0;0;0;
FILTRE;2014;350002747;440042844;INIT;0;0;0;0;1;0;0;0;0;0;0;0;0;0;0;;0;0;0;;;;;;;;;;;;;0;0;0;0;0;0;0;0;
FILTRE;2014;350002754;440042844;DECLA;0;0;0;1;0;0;0;0;1;0;0;0;0;0;0;0;0;0;0;0;0;0;0;1;0;1;0;0;0;0;0;0;0;0;0;0;0;0;0;
FILTRE;2014;350002754;440042844;INIT;0;0;0;1;0;0;0;0;1;0;0;0;0;0;0;;0;0;0;;;;;;;;;;;;;0;0;0;0;0;0;0;0;
FILTRE;2014;350002804;350000626;DECLA;0;0;0;0;0;0;1;0;0;0;0;1;0;0;0;0;0;0;0;0;0;0;0;0;0;0;0;0;0;0;0;0;0;0;0;0;0;0;0;
FILTRE;2014;350002804;350000626;INIT;0;0;0;0;0;0;0;0;0;0;0;1;0;0;0;;0;0;0;;;;;;;;;;;;;0;0;0;0;0;0;0;0;
FILTRE;2014;350002812;350023503;DECLA;1;1;0;0;0;0;1;1;0;1;1;0;0;0;0;0;0;0;1;1;1;1;0;1;0;1;1;0;1;1;1;0;0;1;0;0;0;0;0;
FILTRE;2014;350002812;350023503;INIT;1;1;0;0;0;0;1;1;0;1;1;0;0;0;0;;0;0;1;;;;;;;;;;;;;0;0;1;0;0;0;0;0;
FILTRE;2014;350002911;220020739;DECLA;0;0;0;0;1;0;0;0;0;0;0;0;0;0;0;0;0;0;0;0;0;0;0;0;0;0;0;0;0;0;0;0;0;0;0;0;0;0;0;
FILTRE;2014;350002911;220020739;INIT;0;0;0;0;1;0;0;0;0;0;0;0;0;0;0;;0;0;0;;;;;;;;;;;;;0;0;0;0;0;0;0;0;
FILTRE;2014;350002929;440042844;DECLA;0;0;0;0;1;0;0;0;0;0;0;0;0;0;0;0;0;0;0;0;0;0;0;1;0;0;0;0;0;0;0;0;0;0;0;0;0;0;0;
FILTRE;2014;350002929;440042844;INIT;0;0;0;0;1;0;0;0;0;0;0;0;0;0;0;;0;0;0;;;;;;;;;;;;;0;0;0;0;0;0;0;0;
FILTRE;2014;350005021;440042844;DECLA;1;0;0;0;1;1;1;0;0;0;0;0;0;0;0;0;0;0;0;0;0;0;0;1;1;1;0;1;0;1;0;0;0;0;0;0;0;0;0;
FILTRE;2014;350005021;440042844;INIT;1;0;0;0;1;1;1;0;0;0;0;0;0;0;0;;0;0;0;;;;;;;;;;;;;0;0;0;0;0;0;0;0;
FILTRE;2014;350005146;350000733;DECLA;1;1;0;0;0;0;1;1;0;0;1;0;0;0;0;0;1;0;1;1;0;1;0;1;1;1;0;0;0;1;1;0;1;1;0;0;0;0;0;
FILTRE;2014;350005146;350000733;INIT;1;1;0;0;0;0;1;1;0;0;1;0;0;0;0;;1;0;1;;;;;;;;;;;;;0;0;1;0;0;0;0;0;
FILTRE;2014;350005278;350023586;DECLA;0;0;0;0;1;0;0;0;0;0;0;0;0;0;0;0;0;0;0;0;0;0;0;1;0;1;0;0;0;0;0;0;0;0;0;0;0;0;0;
FILTRE;2014;350005278;350023586;INIT;0;0;0;0;1;0;0;0;0;0;0;0;0;0;0;;0;0;0;;;;;;;;;;;;;0;0;0;0;0;0;0;0;
FILTRE;2014;350006771;350005179;DECLA;1;0;0;0;0;1;1;0;0;0;0;0;0;0;0;0;0;0;0;1;0;0;0;0;0;0;1;0;0;0;0;0;0;0;0;0;0;0;0;
FILTRE;2014;350006771;350005179;INIT;1;0;0;0;1;1;1;0;0;0;0;0;0;0;0;;0;0;0;;;;;;;;;;;;;0;0;0;0;0;0;0;0;
FILTRE;2014;350007084;350005179;DECLA;1;1;1;0;1;0;1;1;0;0;1;0;1;0;0;0;1;0;1;1;1;1;1;1;1;1;1;0;0;0;0;0;1;1;1;0;1;0;0;
FILTRE;2014;350007084;350005179;INIT;1;1;1;0;1;0;1;1;0;0;1;0;1;0;0;;1;0;1;;;;;;;;;;;;;0;1;1;1;0;1;0;0;
FILTRE;2014;350008579;350039673;DECLA;0;0;0;0;1;0;0;0;0;0;0;0;0;0;0;0;0;0;0;0;0;0;0;0;0;0;0;0;0;0;0;0;0;0;0;0;0;0;0;
FILTRE;2014;350008579;350039673;INIT;0;0;0;0;1;0;0;0;0;0;0;0;0;0;0;;0;0;0;;;;;;;;;;;;;0;0;0;0;0;0;0;0;
FILTRE;2014;350013629;350000022;DECLA;0;0;0;0;0;1;0;0;0;0;0;0;0;0;0;0;0;0;0;0;0;0;0;0;0;0;0;0;0;0;0;0;0;0;0;0;0;0;0;
FILTRE;2014;350013629;350000022;INIT;0;0;0;1;0;1;0;0;0;0;0;0;0;0;0;;0;0;0;;;;;;;;;;;;;0;0;0;0;0;0;0;0;
FILTRE;2014;350016135;350000055;DECLA;0;0;0;0;1;1;0;0;0;0;0;0;0;0;0;0;0;0;0;0;0;0;0;0;0;0;0;0;0;1;0;0;0;0;0;0;0;0;0;
FILTRE;2014;350016135;350000055;INIT;0;0;0;0;1;1;0;0;0;0;0;0;0;0;0;;0;0;0;;;;;;;;;;;;;0;0;0;0;0;0;0;0;
FILTRE;2014;350030748;350000626;DECLA;0;0;0;0;0;0;0;0;0;0;0;1;0;0;0;0;0;0;0;0;0;0;0;0;0;0;0;0;0;0;0;0;0;0;0;0;0;0;0;
FILTRE;2014;350030748;350000626;INIT;0;0;0;0;0;0;0;0;0;0;0;1;0;0;0;;0;0;0;;;;;;;;;;;;;0;0;0;0;0;0;0;0;
FILTRE;2014;350030763;350000626;DECLA;0;0;0;0;0;0;0;0;0;0;0;1;0;0;0;0;0;0;0;0;0;0;0;0;0;0;0;0;0;0;0;0;0;0;0;0;0;0;0;
FILTRE;2014;350030763;350000626;INIT;0;0;0;0;0;0;0;0;0;0;0;1;0;0;0;;0;0;0;;;;;;;;;;;;;0;0;0;0;0;0;0;0;
FILTRE;2014;350032280;350000246;DECLA;0;0;0;0;0;1;0;0;0;0;0;0;0;0;0;0;0;0;0;0;0;0;0;0;0;0;0;0;0;0;0;0;0;0;0;0;0;0;0;
FILTRE;2014;350032280;350000246;INIT;0;0;0;0;0;1;0;0;0;0;0;0;0;0;0;;0;0;0;;;;;;;;;;;;;0;0;0;0;0;0;0;0;
FILTRE;2014;350032934;350000626;DECLA;0;0;0;0;0;0;1;0;0;0;0;1;0;0;0;0;0;0;0;0;0;0;0;0;0;0;0;0;0;0;0;0;0;0;0;0;0;0;0;
FILTRE;2014;350032934;350000626;INIT;0;0;0;0;0;0;0;0;0;0;0;1;0;0;0;;0;0;0;;;;;;;;;;;;;0;0;0;0;0;0;0;0;
FILTRE;2014;350036299;350036281;DECLA;0;0;0;0;0;0;0;0;0;1;0;0;0;0;0;0;0;0;0;0;0;0;0;0;0;0;0;0;0;0;0;0;0;0;0;0;0;0;0;
FILTRE;2014;350036299;350036281;INIT;0;0;0;0;0;0;0;0;0;1;0;0;0;0;0;;0;0;0;;;;;;;;;;;;;0;0;0;0;0;0;0;0;
FILTRE;2014;350039418;350000626;DECLA;0;0;0;0;0;0;0;0;0;0;0;1;0;0;0;0;0;0;0;0;0;0;0;0;0;0;0;0;0;0;0;0;0;0;0;0;0;0;0;
FILTRE;2014;350039418;350000626;INIT;0;0;0;0;0;0;0;0;0;0;0;1;0;0;0;;0;0;0;;;;;;;;;;;;;0;0;0;0;0;0;0;0;
FILTRE;2014;350039574;350023495;DECLA;0;0;0;0;0;0;0;0;1;0;0;0;0;0;0;0;0;0;0;0;0;0;0;0;0;0;0;0;0;0;0;0;0;0;0;0;0;0;0;
FILTRE;2014;350039574;350023495;INIT;0;0;0;1;0;0;0;0;1;0;0;0;0;0;0;;0;0;0;;;;;;;;;;;;;0;0;0;0;0;0;0;0;
FILTRE;2014;350039707;350000626;DECLA;0;0;0;0;0;0;0;0;0;0;0;1;0;0;0;0;0;0;0;0;0;0;0;0;0;0;0;0;0;0;0;0;0;0;0;0;0;0;0;
FILTRE;2014;350039707;350000626;INIT;0;0;0;0;0;0;0;0;0;0;0;1;0;0;0;;0;0;0;;;;;;;;;;;;;0;0;0;0;0;0;0;0;
FILTRE;2014;350039715;350000626;DECLA;0;0;0;0;0;0;0;0;0;0;0;1;0;0;0;0;0;0;0;0;0;0;0;0;0;0;0;0;0;0;0;0;0;0;0;0;0;0;0;
FILTRE;2014;350039715;350000626;INIT;0;0;0;0;0;0;0;0;0;0;0;1;0;0;0;;0;0;0;;;;;;;;;;;;;0;0;0;0;0;0;0;0;
FILTRE;2014;350040044;350000626;DECLA;0;0;0;0;0;0;1;0;0;0;0;1;0;0;0;0;0;0;0;0;0;0;0;0;0;0;0;0;0;0;0;0;0;0;0;0;0;0;0;
FILTRE;2014;350040044;350000626;INIT;0;0;0;0;0;0;0;0;0;0;0;1;0;0;0;;0;0;0;;;;;;;;;;;;;0;0;0;0;0;0;0;0;
FILTRE;2014;350040499;350040291;DECLA;0;0;0;0;1;0;0;0;0;0;0;0;0;0;0;0;0;0;0;0;0;0;0;1;0;1;0;0;0;0;1;0;0;0;0;0;0;0;0;
FILTRE;2014;350040499;350040291;INIT;0;0;0;0;1;0;0;0;0;0;0;0;0;0;0;;0;0;0;;;;;;;;;;;;;0;0;0;0;0;0;0;0;
FILTRE;2014;350041059;350000626;DECLA;0;0;0;0;0;0;0;0;0;0;0;1;0;0;0;0;0;0;0;0;0;0;0;0;0;0;0;0;0;0;0;0;0;0;0;0;0;0;0;
FILTRE;2014;350041059;350000626;INIT;0;0;0;0;0;0;0;0;0;0;0;1;0;0;0;;0;0;0;;;;;;;;;;;;;0;0;0;0;0;0;0;0;
FILTRE;2014;350042131;350000626;DECLA;0;0;0;0;0;0;1;0;0;0;0;1;0;0;0;0;0;0;0;0;0;0;0;0;0;0;0;0;0;0;0;0;0;0;0;0;0;0;0;
FILTRE;2014;350042131;350000626;INIT;0;0;0;0;0;0;0;0;0;0;0;1;0;0;0;;0;0;0;;;;;;;;;;;;;0;0;0;0;0;0;0;0;
FILTRE;2014;350042602;350000626;DECLA;0;0;0;0;0;0;1;0;0;0;0;1;0;0;0;0;0;0;0;0;0;0;0;0;0;0;0;0;0;0;0;0;0;0;0;0;0;0;0;
FILTRE;2014;350042602;350000626;INIT;0;0;0;0;0;0;0;0;0;0;0;1;0;0;0;;0;0;0;;;;;;;;;;;;;0;0;0;0;0;0;0;0;
FILTRE;2014;350042628;350042578;DECLA;0;0;0;0;0;0;0;0;0;0;1;0;0;0;1;0;0;0;0;0;0;0;0;0;0;0;0;0;0;0;0;0;0;0;0;0;0;0;0;
FILTRE;2014;350042628;350042578;INIT;0;0;0;0;0;0;0;0;0;0;0;0;0;0;1;;0;0;0;;;;;;;;;;;;;0;0;0;0;0;0;0;0;
FILTRE;2014;350044756;350044749;DECLA;0;0;0;0;1;0;0;0;0;0;0;0;0;0;0;0;0;0;0;0;0;0;0;0;0;1;0;0;0;0;0;0;0;0;0;0;0;0;0;
FILTRE;2014;350044756;350044749;INIT;0;0;0;0;1;0;0;0;0;0;0;0;0;0;0;;0;0;0;;;;;;;;;;;;;0;0;0;0;0;0;0;0;
FILTRE;2014;350044764;350036281;DECLA;0;0;0;0;0;0;0;0;0;1;0;0;0;0;0;0;0;0;0;0;0;0;0;0;0;0;0;0;0;0;0;0;0;0;0;0;0;0;0;
FILTRE;2014;350044764;350036281;INIT;0;0;0;0;0;0;0;0;0;1;0;0;0;0;0;;0;0;0;;;;;;;;;;;;;0;0;0;0;0;0;0;0;
FILTRE;2014;350044772;350000626;DECLA;0;0;0;0;0;0;0;0;0;0;0;0;0;0;1;0;0;0;0;0;0;0;0;0;0;0;0;0;0;0;0;0;0;0;0;0;0;0;0;
FILTRE;2014;350044772;350000626;INIT;0;0;0;0;0;0;0;0;0;0;0;0;0;0;1;;0;0;0;;;;;;;;;;;;;0;0;0;0;0;0;0;0;
FILTRE;2014;350045779;350000626;DECLA;0;0;0;0;0;0;1;0;0;0;0;1;0;0;0;0;0;0;0;0;0;0;0;0;0;0;0;0;0;0;0;0;0;0;0;0;0;0;0;
FILTRE;2014;350045779;350000626;INIT;0;0;0;0;0;0;0;0;0;0;0;1;0;0;0;;0;0;0;;;;;;;;;;;;;0;0;0;0;0;0;0;0;
FILTRE;2014;350046744;350000626;DECLA;0;0;0;0;0;0;1;0;0;0;0;1;0;0;0;0;0;0;0;0;0;0;0;0;0;0;0;0;0;0;0;0;0;0;0;0;0;0;0;
FILTRE;2014;350046744;350000626;INIT;0;0;0;0;0;0;0;0;0;0;0;1;0;0;0;;0;0;0;;;;;;;;;;;;;0;0;0;0;0;0;0;0;
FILTRE;2014;350046751;350000626;DECLA;0;0;0;0;0;0;1;0;0;0;0;1;0;0;0;0;0;0;0;0;0;0;0;0;0;0;0;0;0;0;0;0;0;0;0;0;0;0;0;
FILTRE;2014;350046751;350000626;INIT;0;0;0;0;0;0;0;0;0;0;0;1;0;0;0;;0;0;0;;;;;;;;;;;;;0;0;0;0;0;0;0;0;
FILTRE;2014;360000038;360000046;DECLA;1;0;0;0;1;0;1;0;0;0;1;0;1;1;0;1;1;0;0;1;0;0;0;1;0;1;1;0;0;1;1;0;0;0;0;0;0;0;0;
FILTRE;2014;360000038;360000046;INIT;1;0;0;0;1;0;1;0;0;0;0;0;1;0;0;;1;0;0;;;;;;;;;;;;;0;0;0;0;0;0;0;0;
FILTRE;2014;360000129;360000269;DECLA;1;1;1;0;0;0;1;1;0;0;0;0;1;0;0;0;0;0;1;0;0;1;1;1;1;1;0;0;1;1;0;0;1;1;0;0;0;0;0;
FILTRE;2014;360000129;360000269;INIT;1;1;0;0;0;0;1;1;0;0;0;0;1;0;0;;0;0;1;;;;;;;;;;;;;0;0;1;0;0;0;0;0;
FILTRE;2014;360000137;360000053;DECLA;1;1;1;1;0;0;1;1;1;0;1;0;1;0;1;0;1;1;1;1;0;1;1;1;1;1;1;1;1;0;0;1;1;1;0;0;0;0;0;
FILTRE;2014;360000137;360000053;INIT;1;1;1;1;0;0;1;1;1;0;1;0;1;0;1;;1;1;1;;;;;;;;;;;;;1;1;1;0;0;0;0;0;
FILTRE;2014;360000145;360000061;DECLA;1;0;0;1;1;0;1;0;1;0;0;0;0;0;0;0;0;0;0;0;0;0;0;1;0;1;0;0;0;1;1;0;0;0;0;0;0;0;0;
FILTRE;2014;360000145;360000061;INIT;1;0;0;1;1;0;1;0;1;0;0;0;0;0;0;;0;0;0;;;;;;;;;;;;;0;0;0;0;0;0;0;0;
FILTRE;2014;360000160;360000079;DECLA;1;1;1;0;1;1;1;1;0;0;0;0;1;0;0;1;1;1;1;1;0;1;0;1;1;1;1;0;0;1;1;0;1;0;0;0;0;0;0;
FILTRE;2014;360000160;360000079;INIT;1;1;1;0;1;1;1;1;0;0;0;0;1;0;1;;1;0;1;;;;;;;;;;;;;0;0;0;0;0;0;0;0;
FILTRE;2014;360000178;360000087;DECLA;0;0;0;0;1;0;0;0;0;0;0;0;0;0;0;0;0;0;0;0;0;0;0;1;0;1;0;0;0;0;0;0;0;0;0;0;0;0;0;
FILTRE;2014;360000178;360000087;INIT;0;0;0;0;1;0;0;0;0;0;0;0;0;0;0;;0;0;0;;;;;;;;;;;;;0;0;0;0;0;0;0;0;
FILTRE;2014;360000186;360000095;DECLA;0;0;0;0;1;0;0;0;0;0;0;0;0;0;0;0;0;0;0;0;0;0;0;1;0;0;0;0;0;0;1;0;0;0;0;0;0;0;0;
FILTRE;2014;360000186;360000095;INIT;0;0;0;0;1;0;0;0;0;0;0;0;0;0;0;;0;0;0;;;;;;;;;;;;;0;0;0;0;0;0;0;0;
FILTRE;2014;360000202;360000103;DECLA;0;0;0;0;1;1;0;0;0;0;0;0;0;0;0;0;0;0;0;0;0;0;0;1;0;1;0;0;0;0;1;0;0;0;0;0;0;0;0;
FILTRE;2014;360000202;360000103;INIT;0;0;0;0;1;1;0;0;0;0;0;0;0;0;1;;0;0;0;;;;;;;;;;;;;0;0;0;0;0;0;0;0;
FILTRE;2014;360000210;750052243;DECLA;0;0;0;1;0;0;0;0;1;0;0;0;0;0;0;0;0;0;0;0;0;0;0;0;0;0;0;0;0;0;0;0;0;0;0;0;0;0;0;
FILTRE;2014;360000210;750052243;INIT;0;0;0;1;0;0;0;0;1;0;0;0;0;0;0;;0;0;0;;;;;;;;;;;;;0;0;0;0;0;0;0;0;
FILTRE;2014;360000251;360000111;DECLA;0;0;0;0;1;0;0;0;0;0;0;0;0;0;0;0;0;0;0;0;0;0;0;1;0;1;0;0;0;0;1;0;0;0;0;0;0;0;0;
FILTRE;2014;360000251;360000111;INIT;0;0;0;0;1;0;0;0;0;0;0;0;0;0;0;;0;0;0;;;;;;;;;;;;;0;0;0;0;0;0;0;0;
FILTRE;2014;360000962;330031048;DECLA;0;0;0;0;0;0;0;0;0;0;0;1;0;0;0;0;0;0;0;0;0;0;0;0;0;0;0;0;0;0;0;0;0;0;0;0;0;0;0;
FILTRE;2014;360000962;330031048;INIT;0;0;0;0;0;0;0;0;0;0;0;1;0;0;0;;0;0;0;;;;;;;;;;;;;0;0;0;0;0;0;0;0;
FILTRE;2014;360002133;330031048;DECLA;0;0;0;0;0;0;1;0;0;0;0;1;0;0;0;0;0;0;0;0;0;0;0;1;0;0;0;0;0;0;0;0;0;0;0;0;0;0;0;
FILTRE;2014;360002133;330031048;INIT;0;0;0;0;0;0;0;0;0;0;0;1;0;0;0;;0;0;0;;;;;;;;;;;;;0;0;0;0;0;0;0;0;
FILTRE;2014;360002232;360000541;DECLA;1;0;0;0;1;0;0;0;0;0;0;0;0;0;0;0;0;0;0;0;0;0;0;1;0;0;1;0;0;0;0;0;0;0;0;0;0;0;0;
FILTRE;2014;360002232;360000541;INIT;1;0;0;0;1;0;1;0;0;0;0;0;0;0;0;;0;0;0;;;;;;;;;;;;;0;0;0;0;0;0;0;0;
FILTRE;2014;360003149;360000053;DECLA;0;0;0;0;1;0;0;0;0;0;0;0;0;0;0;0;0;0;0;0;0;0;0;0;0;0;0;0;0;0;0;0;0;0;0;0;0;0;0;
FILTRE;2014;360003149;360000053;INIT;0;0;0;0;1;0;0;0;0;0;0;0;0;0;0;;0;0;0;;;;;;;;;;;;;0;0;0;0;0;0;0;0;
FILTRE;2014;360004527;330031048;DECLA;0;0;0;0;0;0;0;0;0;0;0;1;0;0;0;0;0;0;0;0;0;0;0;0;0;0;0;0;0;0;0;0;0;0;0;0;0;0;0;
FILTRE;2014;360004527;330031048;INIT;0;0;0;0;0;0;0;0;0;0;0;1;0;0;0;;0;0;0;;;;;;;;;;;;;0;0;0;0;0;0;0;0;
FILTRE;2014;360004618;360000046;DECLA;0;0;0;0;0;1;0;0;0;0;0;0;0;0;0;0;0;0;0;0;0;0;0;1;0;0;0;0;0;0;0;0;0;0;0;0;0;0;0;
FILTRE;2014;360004618;360000046;INIT;0;0;0;0;0;1;0;0;0;0;0;0;0;0;0;;0;0;0;;;;;;;;;;;;;0;0;0;0;0;0;0;0;
FILTRE;2014;360006688;360000392;DECLA;0;0;0;0;0;1;0;0;0;0;0;0;0;0;0;0;0;0;0;0;0;0;0;1;0;0;0;0;0;0;1;0;0;0;0;0;0;0;0;
FILTRE;2014;360006688;360000392;INIT;0;0;0;0;0;1;0;0;0;0;0;0;0;0;0;;0;0;0;;;;;;;;;;;;;0;0;0;0;0;0;0;0;
FILTRE;2014;370000051;370000028;DECLA;0;1;0;0;0;0;0;1;0;0;0;0;0;0;0;0;0;0;1;0;0;0;0;1;1;1;0;0;0;0;0;0;1;1;0;0;0;0;0;
FILTRE;2014;370000051;370000028;INIT;0;1;0;0;0;0;0;1;0;0;0;0;0;0;0;;0;0;1;;;;;;;;;;;;;0;0;1;0;0;0;0;0;
FILTRE;2014;370000085;370000077;DECLA;1;1;0;0;0;0;1;1;0;0;0;1;0;0;0;0;0;0;1;1;0;1;0;1;1;1;0;0;0;0;0;1;1;1;0;0;0;0;1;
FILTRE;2014;370000085;370000077;INIT;1;1;0;0;0;0;1;1;0;0;0;1;0;0;0;;0;0;1;;;;;;;;;;;;;1;1;1;0;0;0;0;1;
FILTRE;2014;370000093;370000192;DECLA;1;1;0;0;0;0;1;1;0;0;1;0;0;0;0;0;1;0;1;1;0;0;0;1;1;1;0;0;0;1;0;0;1;1;0;0;0;0;0;
FILTRE;2014;370000093;370000192;INIT;1;1;0;0;0;0;1;1;0;0;1;0;0;0;0;;1;0;1;;;;;;;;;;;;;0;0;1;0;0;0;0;0;
FILTRE;2014;370000127;370000259;DECLA;0;0;0;1;0;0;0;0;1;0;0;0;0;0;0;0;0;0;0;0;0;0;0;1;0;1;0;0;0;0;0;0;0;0;0;0;0;0;0;
FILTRE;2014;370000127;370000259;INIT;0;0;0;1;0;0;0;0;1;0;0;0;0;0;0;;0;0;0;;;;;;;;;;;;;0;0;0;0;0;0;0;0;
FILTRE;2014;370000143;370000291;DECLA;0;0;0;1;0;0;0;0;1;0;0;0;0;0;0;0;0;0;0;0;0;0;0;1;0;0;0;0;0;0;0;0;0;0;0;0;0;0;0;
FILTRE;2014;370000143;370000291;INIT;0;0;0;1;0;0;0;0;1;0;0;0;0;0;0;;0;0;0;;;;;;;;;;;;;0;0;0;0;0;0;0;0;
FILTRE;2014;370000150;370000333;DECLA;0;0;0;0;1;0;0;0;0;0;0;0;0;0;0;0;0;0;0;0;0;0;0;1;0;1;0;0;0;0;0;0;0;0;0;0;0;0;0;
FILTRE;2014;370000150;370000333;INIT;0;0;0;0;1;0;0;0;0;0;0;0;0;0;0;;0;0;0;;;;;;;;;;;;;0;0;0;0;0;0;0;0;
FILTRE;2014;370000184;940805963;DECLA;0;0;0;0;1;0;0;0;0;0;0;0;0;0;0;0;0;0;0;0;0;0;0;1;0;1;0;0;0;0;1;0;0;0;0;0;0;0;0;
FILTRE;2014;370000184;940805963;INIT;0;0;0;0;1;0;0;0;0;0;0;0;0;0;0;;0;0;0;;;;;;;;;;;;;0;0;0;0;0;0;0;0;
FILTRE;2014;370000218;450018106;DECLA;0;0;0;0;1;0;0;0;0;0;0;0;0;0;0;1;0;0;0;0;0;0;0;1;0;1;0;0;0;0;0;0;0;0;0;0;0;0;0;
FILTRE;2014;370000218;450018106;INIT;0;0;0;0;1;0;0;0;0;0;0;0;0;0;0;;0;0;0;;;;;;;;;;;;;0;0;0;0;0;0;0;0;
FILTRE;2014;370000341;750804114;DECLA;0;0;0;0;1;0;0;0;0;0;0;0;0;0;0;0;0;0;0;0;0;0;0;0;0;0;0;0;0;0;0;0;0;0;0;0;0;0;0;
FILTRE;2014;370000341;750804114;INIT;0;0;0;0;1;0;0;0;0;0;0;0;0;0;0;;0;0;0;;;;;;;;;;;;;0;0;0;0;0;0;0;0;
FILTRE;2014;370000374;750721334;DECLA;0;0;0;0;1;0;0;0;0;0;0;0;0;0;0;0;0;0;0;0;0;0;0;1;0;1;0;0;0;0;0;0;0;0;0;0;0;0;0;
FILTRE;2014;370000374;750721334;INIT;0;0;0;0;1;0;0;0;0;0;0;0;0;0;0;;0;0;0;;;;;;;;;;;;;0;0;0;0;0;0;0;0;
FILTRE;2014;370000499;370000481;DECLA;1;1;1;1;1;0;1;1;0;1;1;1;0;0;0;1;1;1;1;1;0;1;0;1;0;0;0;0;0;0;1;1;1;1;1;0;1;0;1;
FILTRE;2014;370000499;370000481;INIT;1;1;1;0;1;0;1;1;0;0;1;1;0;0;0;;1;1;1;;;;;;;;;;;;;1;1;1;1;0;1;0;1;
FILTRE;2014;370000515;370000481;DECLA;0;0;0;0;1;0;0;0;0;0;0;0;0;0;0;1;0;0;0;1;0;0;0;0;0;0;0;0;0;0;0;0;0;0;0;0;0;0;0;
FILTRE;2014;370000515;370000481;INIT;0;0;0;0;1;0;0;0;0;0;0;0;0;0;0;;0;0;0;;;;;;;;;;;;;0;0;0;0;0;0;0;0;
FILTRE;2014;370000531;370000606;DECLA;1;0;1;1;1;1;1;0;1;0;1;0;1;0;0;0;1;1;1;1;0;0;0;1;0;1;0;1;1;1;1;0;1;0;0;0;0;0;0;
FILTRE;2014;370000531;370000606;INIT;1;0;1;1;1;1;1;0;1;0;0;0;1;0;0;;1;1;0;;;;;;;;;;;;;0;0;0;0;0;0;0;0;
FILTRE;2014;370000580;370000564;DECLA;1;0;0;1;1;0;0;0;1;0;0;0;0;0;0;0;0;0;0;1;0;0;0;0;0;0;0;0;0;0;1;0;0;0;0;0;0;0;0;
FILTRE;2014;370000580;370000564;INIT;0;0;0;1;1;0;0;0;1;0;0;0;0;0;0;;0;0;0;;;;;;;;;;;;;0;0;0;0;0;0;0;0;
FILTRE;2014;370000861;370000481;DECLA;1;1;1;1;0;0;1;1;1;1;1;1;1;0;0;1;0;0;1;1;1;1;1;1;1;1;1;1;1;1;0;0;1;1;1;1;1;0;0;
FILTRE;2014;370000861;370000481;INIT;1;1;1;1;0;0;1;1;1;1;1;1;1;0;0;;0;0;1;;;;;;;;;;;;;0;1;1;1;1;1;0;0;
FILTRE;2014;370000879;370000564;DECLA;1;1;1;0;1;0;1;1;1;0;0;0;1;1;0;0;1;1;1;1;1;1;0;1;1;1;0;0;0;0;1;0;0;0;0;0;0;0;0;
FILTRE;2014;370000879;370000564;INIT;1;1;0;0;1;0;1;1;0;0;0;0;1;1;0;;1;1;1;;;;;;;;;;;;;0;0;0;0;0;0;0;0;
FILTRE;2014;370000903;370000614;DECLA;1;1;0;0;0;0;1;1;1;0;1;0;0;0;0;0;1;1;1;1;0;0;1;1;1;1;0;0;0;0;0;0;0;0;0;0;0;0;0;
FILTRE;2014;370000903;370000614;INIT;1;1;0;0;0;0;1;1;1;0;0;0;0;0;0;;1;0;1;;;;;;;;;;;;;0;0;0;0;0;0;0;0;
FILTRE;2014;370000986;370000713;DECLA;0;0;0;0;1;0;0;0;0;0;0;0;0;0;0;0;0;0;0;0;0;0;0;1;0;1;0;0;0;0;0;0;0;0;0;0;0;0;0;
FILTRE;2014;370000986;370000713;INIT;0;0;0;0;1;0;0;0;0;0;0;0;0;0;0;;0;0;0;;;;;;;;;;;;;0;0;0;0;0;0;0;0;
FILTRE;2014;370001109;370002701;DECLA;1;0;0;0;1;0;0;0;0;0;0;0;0;0;0;1;0;0;0;0;0;0;0;1;0;1;0;0;0;1;1;0;0;0;0;0;0;0;0;
FILTRE;2014;370001109;370002701;INIT;1;0;0;0;1;0;1;0;0;0;0;0;0;0;0;;0;0;0;;;;;;;;;;;;;0;0;0;0;0;0;0;0;
FILTRE;2014;370001158;370004327;DECLA;1;0;0;0;0;0;0;0;0;0;0;0;0;0;0;0;0;0;0;0;0;0;0;1;0;0;0;0;0;0;1;0;0;0;0;0;0;0;0;
FILTRE;2014;370001158;370004327;INIT;1;0;0;0;0;0;1;0;0;0;0;0;0;0;0;;0;0;0;;;;;;;;;;;;;0;0;0;0;0;0;0;0;
FILTRE;2014;370002040;370001067;DECLA;0;0;0;0;0;0;0;0;0;0;0;1;0;0;0;0;0;0;0;0;0;0;0;1;0;0;0;0;0;0;0;0;0;0;0;0;0;0;0;
FILTRE;2014;370002040;370001067;INIT;0;0;0;0;0;0;0;0;0;0;0;1;0;0;0;;0;0;0;;;;;;;;;;;;;0;0;0;0;0;0;0;0;
FILTRE;2014;370004301;370000614;DECLA;0;0;0;0;1;0;0;0;0;0;0;0;0;0;0;0;0;0;0;0;0;0;0;0;0;0;0;0;0;0;0;0;0;0;0;0;0;0;0;
FILTRE;2014;370004301;370000614;INIT;0;0;0;0;1;0;0;0;0;0;0;0;0;0;0;;0;0;0;;;;;;;;;;;;;0;0;0;0;0;0;0;0;
FILTRE;2014;370004467;370000481;DECLA;1;1;0;1;0;0;1;1;1;1;1;0;0;0;0;1;1;1;1;1;1;1;1;1;1;1;1;1;0;1;0;1;1;1;0;0;1;1;1;
FILTRE;2014;370004467;370000481;INIT;1;1;0;1;0;0;1;1;1;0;1;0;0;0;0;;1;1;1;;;;;;;;;;;;;1;1;1;0;0;1;1;1;
FILTRE;2014;370005050;370000481;DECLA;0;0;0;1;0;0;0;0;1;0;0;0;0;0;0;0;0;0;0;0;0;0;0;0;0;0;0;0;0;0;0;0;0;0;0;0;0;0;0;
FILTRE;2014;370005050;370000481;INIT;0;0;0;1;0;0;0;0;1;0;0;0;0;0;0;;0;0;0;;;;;;;;;;;;;0;0;0;0;0;0;0;0;
FILTRE;2014;370007569;370007528;DECLA;1;1;1;0;1;0;1;1;0;1;1;0;1;0;0;0;1;0;1;1;0;1;1;1;1;1;0;1;0;1;0;0;1;1;0;0;0;0;0;
FILTRE;2014;370007569;370007528;INIT;1;1;1;0;1;0;1;1;0;1;1;0;1;0;0;;1;0;1;;;;;;;;;;;;;0;0;1;0;0;0;0;0;
FILTRE;2014;370009938;370001299;DECLA;0;0;0;0;0;0;0;0;0;0;1;0;0;0;1;0;0;0;0;0;0;0;0;1;0;0;0;0;0;0;1;0;0;0;0;0;0;0;0;
FILTRE;2014;370009938;370001299;INIT;0;0;0;0;0;0;0;0;0;0;0;0;0;0;1;;0;0;0;;;;;;;;;;;;;0;0;0;0;0;0;0;0;
FILTRE;2014;370013062;370013062;DECLA;0;0;0;1;0;0;0;0;0;0;0;0;0;0;0;0;0;0;0;0;0;0;0;1;0;0;0;0;0;0;0;0;0;0;0;0;0;0;0;
FILTRE;2014;370013062;370013062;INIT;0;0;0;1;0;0;0;0;0;0;0;0;0;0;0;;0;0;0;;;;;;;;;;;;;0;0;0;0;0;0;0;0;
FILTRE;2014;370100539;370100935;DECLA;0;0;0;0;1;0;0;0;0;0;0;0;0;0;0;0;0;0;0;0;0;0;0;1;0;1;0;0;0;0;0;0;0;0;0;0;0;0;0;
FILTRE;2014;370100539;370100935;INIT;0;0;0;0;1;0;0;0;0;0;0;0;0;0;0;;0;0;0;;;;;;;;;;;;;0;0;0;0;0;0;0;0;
FILTRE;2014;370100885;370001067;DECLA;0;0;0;0;0;0;0;0;0;0;0;1;0;0;0;0;0;0;0;0;0;0;0;1;0;0;0;0;0;0;0;0;0;0;0;0;0;0;0;
FILTRE;2014;370100885;370001067;INIT;0;0;0;0;0;0;0;0;0;0;0;1;0;0;0;;0;0;0;;;;;;;;;;;;;0;0;0;0;0;0;0;0;
FILTRE;2014;370102659;370013054;DECLA;0;0;0;0;0;1;0;0;0;0;0;0;0;0;0;0;0;0;0;0;0;0;0;1;0;0;0;0;0;0;0;0;0;0;0;0;0;0;0;
FILTRE;2014;370102659;370013054;INIT;0;0;0;0;0;1;0;0;0;0;0;0;0;0;0;;0;0;0;;;;;;;;;;;;;0;0;0;0;0;0;0;0;
FILTRE;2014;370102832;370001067;DECLA;0;0;0;0;0;0;0;0;0;0;0;1;0;0;0;0;0;0;0;0;0;0;0;1;0;0;0;0;0;0;0;0;0;0;0;0;0;0;0;
FILTRE;2014;370102832;370001067;INIT;0;0;0;0;0;0;0;0;0;0;0;1;0;0;0;;0;0;0;;;;;;;;;;;;;0;0;0;0;0;0;0;0;
FILTRE;2014;370103152;370001067;DECLA;0;0;0;0;0;0;0;0;0;0;0;1;0;0;0;0;0;0;0;0;0;0;0;1;0;0;0;0;0;0;0;0;0;0;0;0;0;0;0;
FILTRE;2014;370103152;370001067;INIT;0;0;0;0;0;0;0;0;0;0;0;1;0;0;0;;0;0;0;;;;;;;;;;;;;0;0;0;0;0;0;0;0;
FILTRE;2014;370103673;370001638;DECLA;0;0;0;0;0;0;0;0;0;0;0;0;0;0;1;0;0;0;0;0;0;0;0;1;0;1;0;0;0;0;0;0;0;0;0;0;0;0;0;
FILTRE;2014;370103673;370001638;INIT;0;0;0;0;0;0;0;0;0;0;0;0;0;0;1;;0;0;0;;;;;;;;;;;;;0;0;0;0;0;0;0;0;
FILTRE;2014;370104002;370001067;DECLA;0;0;0;0;0;0;0;0;0;0;0;1;0;0;0;0;0;0;0;0;0;0;0;1;0;0;0;0;0;0;0;0;0;0;0;0;0;0;0;
FILTRE;2014;370104002;370001067;INIT;0;0;0;0;0;0;0;0;0;0;0;1;0;0;0;;0;0;0;;;;;;;;;;;;;0;0;0;0;0;0;0;0;
FILTRE;2014;370104572;370001067;DECLA;0;0;0;0;0;0;0;0;0;0;0;1;0;0;0;0;0;0;0;0;0;0;0;1;0;0;0;0;0;0;0;0;0;0;0;0;0;0;0;
FILTRE;2014;370104572;370001067;INIT;0;0;0;0;0;0;0;0;0;0;0;1;0;0;0;;0;0;0;;;;;;;;;;;;;0;0;0;0;0;0;0;0;
FILTRE;2014;370104804;370001067;DECLA;0;0;0;0;0;0;0;0;0;0;0;1;0;0;0;0;0;0;0;0;0;0;0;1;0;0;0;0;0;0;0;0;0;0;0;0;0;0;0;
FILTRE;2014;370104804;370001067;INIT;0;0;0;0;0;0;0;0;0;0;0;1;0;0;0;;0;0;0;;;;;;;;;;;;;0;0;0;0;0;0;0;0;
FILTRE;2014;380000018;380780023;DECLA;1;0;0;0;1;0;1;0;0;0;0;0;0;0;0;0;0;0;0;1;0;0;0;1;1;1;0;0;1;0;0;0;0;0;0;0;0;0;0;
FILTRE;2014;380000018;380780023;INIT;1;0;0;0;1;0;1;0;0;0;0;0;0;0;0;;0;0;0;;;;;;;;;;;;;0;0;0;0;0;0;0;0;
FILTRE;2014;380000026;380780031;DECLA;1;0;0;0;1;1;1;0;0;0;0;0;0;1;0;1;1;0;1;1;0;1;0;1;0;1;0;0;0;0;1;0;0;0;0;0;0;0;0;
FILTRE;2014;380000026;380780031;INIT;1;0;0;0;1;1;1;0;0;0;0;0;0;1;0;;1;0;0;;;;;;;;;;;;;0;0;0;0;0;0;0;0;
FILTRE;2014;380000034;380780049;DECLA;1;1;1;1;0;0;1;1;0;0;1;0;1;0;0;1;1;1;1;1;1;1;0;1;1;1;0;1;1;1;0;1;1;1;0;0;0;0;0;
FILTRE;2014;380000034;380780049;INIT;1;1;1;1;0;0;1;1;0;0;1;0;1;0;0;;1;1;1;;;;;;;;;;;;;0;1;1;0;0;0;0;0;
FILTRE;2014;380000042;380780056;DECLA;1;0;0;0;1;0;1;0;0;0;0;0;0;1;0;0;1;0;0;1;0;0;1;1;0;1;0;0;0;1;1;0;0;0;0;0;0;0;0;
FILTRE;2014;380000042;380780056;INIT;1;0;0;0;1;0;1;0;0;0;0;0;0;1;0;;1;0;0;;;;;;;;;;;;;0;0;0;0;0;0;0;0;
FILTRE;2014;380000059;380780072;DECLA;1;0;0;0;1;0;0;0;0;0;0;0;0;0;0;0;0;0;0;1;0;0;0;1;0;1;0;0;0;1;1;0;0;0;0;0;0;0;0;
FILTRE;2014;380000059;380780072;INIT;1;0;0;0;1;0;1;0;0;0;0;0;0;0;0;;0;0;0;;;;;;;;;;;;;0;0;0;0;0;0;0;0;
FILTRE;2014;380000067;380780080;DECLA;1;1;1;1;1;0;1;1;1;1;1;1;1;0;1;0;1;1;1;1;1;1;1;1;1;1;1;1;1;1;1;1;1;1;1;1;1;0;1;
FILTRE;2014;380000067;380780080;INIT;1;1;1;1;1;0;1;1;1;1;1;1;1;0;1;;1;1;1;;;;;;;;;;;;;1;1;1;1;1;1;0;1;
FILTRE;2014;380000075;380780098;DECLA;0;0;0;0;1;1;0;0;0;0;0;0;0;0;0;0;0;0;0;0;0;0;0;0;0;1;0;0;0;0;1;0;0;0;0;0;0;0;0;
FILTRE;2014;380000075;380780098;INIT;0;0;0;0;1;1;0;0;0;0;0;0;0;0;0;;0;0;0;;;;;;;;;;;;;0;0;0;0;0;0;0;0;
FILTRE;2014;380000091;380780171;DECLA;1;0;0;0;1;0;1;0;0;0;1;0;0;1;0;0;0;0;0;1;0;1;0;1;1;1;0;0;0;1;1;0;0;0;0;0;0;0;0;
FILTRE;2014;380000091;380780171;INIT;1;0;0;0;1;0;1;0;0;0;1;0;0;1;0;;0;0;0;;;;;;;;;;;;;0;0;0;0;0;0;0;0;
FILTRE;2014;380000109;380780213;DECLA;1;0;0;0;1;1;0;0;0;0;0;0;0;0;0;0;0;0;0;1;0;0;0;1;0;1;0;0;0;0;1;0;0;0;0;0;0;0;0;
FILTRE;2014;380000109;380780213;INIT;1;0;0;0;1;1;1;0;0;0;1;0;0;0;0;;0;0;0;;;;;;;;;;;;;0;0;0;0;0;0;0;0;
FILTRE;2014;380000125;380780239;DECLA;0;0;0;0;1;0;0;0;0;0;0;0;0;0;0;0;0;0;0;0;0;0;0;1;0;1;0;0;0;0;1;0;0;0;0;0;0;0;0;
FILTRE;2014;380000125;380780239;INIT;0;0;0;0;1;0;0;0;0;0;0;0;0;0;0;;0;0;0;;;;;;;;;;;;;0;0;0;0;0;0;0;0;
FILTRE;2014;380000133;380780247;DECLA;0;0;0;1;0;0;0;0;1;0;0;0;0;0;0;0;0;0;0;1;0;1;0;1;1;1;0;0;0;0;1;0;0;0;0;0;0;0;0;
FILTRE;2014;380000133;380780247;INIT;0;0;0;1;0;0;0;0;1;0;0;0;0;0;0;;0;0;0;;;;;;;;;;;;;0;0;0;0;0;0;0;0;
FILTRE;2014;380000166;380781351;DECLA;0;0;0;0;1;0;0;0;0;0;0;0;0;0;0;0;0;0;0;0;0;0;0;1;0;1;0;1;0;0;1;0;0;0;0;0;0;0;0;
FILTRE;2014;380000166;380781351;INIT;0;0;0;0;1;0;0;0;0;0;0;0;0;0;0;;0;0;0;;;;;;;;;;;;;0;0;0;0;0;0;0;0;
FILTRE;2014;380000174;380781435;DECLA;1;1;1;1;1;0;1;1;1;0;1;0;1;0;1;0;1;1;1;1;1;1;0;1;1;1;1;1;1;1;1;0;1;1;0;0;0;0;0;
FILTRE;2014;380000174;380781435;INIT;1;1;1;1;1;0;1;1;1;0;1;0;1;0;1;;1;1;1;;;;;;;;;;;;;0;0;1;0;0;0;0;0;
FILTRE;2014;380000356;380782698;DECLA;0;0;0;0;1;1;0;0;0;0;0;0;0;0;0;0;0;0;0;0;0;0;0;1;0;0;0;0;0;0;1;0;0;0;0;0;0;0;0;
FILTRE;2014;380000356;380782698;INIT;0;0;0;0;1;1;0;0;0;0;0;0;0;0;0;;0;0;0;;;;;;;;;;;;;0;0;0;0;0;0;0;0;
FILTRE;2014;380000364;380782771;DECLA;0;0;0;0;1;0;0;0;0;0;0;0;0;0;0;0;0;0;0;0;0;0;0;0;0;0;0;0;0;0;0;0;0;0;0;0;0;0;0;
FILTRE;2014;380000364;380782771;INIT;0;0;0;0;1;0;0;0;0;0;0;0;0;0;0;;0;0;0;;;;;;;;;;;;;0;0;0;0;0;0;0;0;
FILTRE;2014;380000406;380784751;DECLA;1;1;1;0;0;0;1;1;0;0;1;0;1;0;0;1;1;1;1;1;1;1;1;1;1;1;0;1;1;1;1;0;1;1;0;0;0;0;0;
FILTRE;2014;380000406;380784751;INIT;1;1;1;0;0;0;1;1;0;0;1;1;1;0;0;;1;1;1;;;;;;;;;;;;;0;0;1;0;0;0;0;0;
FILTRE;2014;380000729;690796552;DECLA;0;0;0;0;0;0;0;0;0;0;0;1;0;0;0;0;0;0;0;0;0;0;0;0;0;1;0;0;0;0;0;0;0;0;0;0;0;0;0;
FILTRE;2014;380000729;690796552;INIT;0;0;0;0;0;0;0;0;0;0;0;1;0;0;0;;0;0;0;;;;;;;;;;;;;0;0;0;0;0;0;0;0;
FILTRE;2014;380000828;690002225;DECLA;0;0;0;0;0;0;0;0;0;0;0;1;0;0;0;0;0;0;0;0;0;0;0;1;0;0;1;0;0;0;0;0;0;0;0;0;0;0;0;
FILTRE;2014;380000828;690002225;INIT;0;0;0;0;0;0;0;0;0;0;0;1;0;0;0;;0;0;0;;;;;;;;;;;;;0;0;0;0;0;0;0;0;
FILTRE;2014;380000968;690796552;DECLA;0;0;0;0;0;0;0;0;0;0;0;1;0;0;0;0;0;0;0;0;0;0;0;0;0;1;0;0;0;0;0;0;0;0;0;0;0;0;0;
FILTRE;2014;380000968;690796552;INIT;0;0;0;0;0;0;0;0;0;0;0;1;0;0;0;;0;0;0;;;;;;;;;;;;;0;0;0;0;0;0;0;0;
FILTRE;2014;380005868;010783009;DECLA;0;0;0;0;1;0;0;0;0;0;0;0;0;0;0;0;0;0;0;0;0;0;0;0;0;1;0;0;0;0;0;0;0;0;0;0;0;0;0;
FILTRE;2014;380005868;010783009;INIT;0;0;0;0;1;0;0;0;0;0;0;0;0;0;0;;0;0;0;;;;;;;;;;;;;0;0;0;0;0;0;0;0;
FILTRE;2014;380005918;750056335;DECLA;0;0;0;0;1;0;0;0;0;0;0;0;0;0;0;0;0;0;0;0;0;0;0;1;0;1;0;0;0;0;0;0;0;0;0;0;0;0;0;
FILTRE;2014;380005918;750056335;INIT;0;0;0;0;1;0;0;0;0;0;0;0;0;0;0;;0;0;0;;;;;;;;;;;;;0;0;0;0;0;0;0;0;
FILTRE;2014;380006288;380780080;DECLA;0;0;0;0;0;1;0;0;0;0;0;0;0;0;0;0;0;0;0;0;0;0;0;0;0;0;0;0;0;0;0;0;0;0;0;0;0;0;0;
FILTRE;2014;380006288;380780080;INIT;0;0;0;0;0;1;0;0;0;0;0;0;0;0;0;;0;0;0;;;;;;;;;;;;;0;0;0;0;0;0;0;0;
FILTRE;2014;380007468;380017723;DECLA;0;0;0;0;0;0;0;0;0;0;0;0;0;0;1;;0;0;0;;;;;;;;;;;;;0;0;0;0;0;0;0;0;
FILTRE;2014;380007468;380017723;INIT;0;0;0;0;0;0;0;0;0;0;0;0;0;0;1;;0;0;0;;;;;;;;;;;;;0;0;0;0;0;0;0;0;
FILTRE;2014;380009928;380804542;DECLA;0;0;0;0;1;0;0;0;0;0;0;0;0;0;0;0;0;0;0;0;0;0;0;1;0;1;0;0;0;1;0;0;0;0;0;0;0;0;0;
FILTRE;2014;380009928;380804542;INIT;0;0;0;0;1;0;0;0;0;0;0;0;0;0;0;;0;0;0;;;;;;;;;;;;;0;0;0;0;0;0;0;0;
FILTRE;2014;380012658;380012609;DECLA;1;1;1;0;1;0;1;1;0;1;1;0;1;0;0;0;1;0;1;0;1;1;0;1;1;1;0;1;1;0;0;1;1;1;0;0;0;0;0;
FILTRE;2014;380012658;380012609;INIT;1;1;1;0;1;0;1;1;0;1;1;0;1;0;0;;1;0;1;;;;;;;;;;;;;1;0;1;0;0;0;0;0;
FILTRE;2014;380013037;380013011;DECLA;0;0;0;0;0;0;1;1;0;0;0;0;0;0;0;0;0;0;1;0;0;0;0;0;0;0;0;0;0;0;0;0;0;0;0;0;0;0;0;
FILTRE;2014;380013037;380013011;INIT;0;0;0;0;0;0;0;1;0;0;0;0;0;0;0;;0;0;1;;;;;;;;;;;;;0;0;0;0;0;0;0;0;
FILTRE;2014;380017095;380017087;DECLA;0;0;0;0;1;0;0;0;0;0;0;0;0;0;0;1;0;0;0;0;0;0;0;0;0;1;0;0;0;0;1;0;0;0;0;0;0;0;0;
FILTRE;2014;380017095;380017087;INIT;0;0;0;0;1;0;0;0;0;0;0;0;0;0;0;;0;0;0;;;;;;;;;;;;;0;0;0;0;0;0;0;0;
FILTRE;2014;380780197;380798173;DECLA;1;1;1;0;0;0;0;1;0;0;0;0;0;0;0;0;0;0;1;1;0;0;0;1;1;1;0;0;1;0;1;0;0;1;0;0;0;0;0;
FILTRE;2014;380780197;380798173;INIT;0;1;1;0;0;0;0;1;0;0;1;0;0;0;0;;0;0;1;;;;;;;;;;;;;0;0;1;0;0;0;0;0;
FILTRE;2014;380780270;380798165;DECLA;0;1;0;0;0;0;0;1;0;0;0;0;0;0;0;0;0;0;1;0;0;0;0;1;1;1;0;0;0;0;0;0;0;0;0;0;0;0;0;
FILTRE;2014;380780270;380798165;INIT;0;1;0;0;0;0;0;1;0;0;0;0;0;0;0;;0;0;1;;;;;;;;;;;;;0;0;0;0;0;0;0;0;
FILTRE;2014;380780288;380795203;DECLA;1;1;1;0;0;0;1;1;0;0;0;0;1;0;0;0;0;0;1;1;1;1;0;1;1;1;0;0;0;0;0;0;0;1;0;0;0;0;0;
FILTRE;2014;380780288;380795203;INIT;1;1;0;0;0;0;1;1;0;0;0;0;0;0;0;;0;0;1;;;;;;;;;;;;;0;0;1;0;0;0;0;0;
FILTRE;2014;380780296;920019718;DECLA;0;0;0;1;0;0;0;0;0;0;0;0;0;0;0;0;0;0;0;0;0;0;0;1;0;1;0;0;0;0;0;0;0;0;0;0;0;0;0;
FILTRE;2014;380780296;920019718;INIT;0;0;0;1;0;0;0;0;0;0;0;0;0;0;0;;0;0;0;;;;;;;;;;;;;0;0;0;0;0;0;0;0;
FILTRE;2014;380780312;750720575;DECLA;0;0;0;1;1;0;0;0;1;0;0;0;0;0;0;0;0;0;0;0;0;0;0;1;0;1;0;0;0;0;0;0;0;0;0;0;0;0;0;
FILTRE;2014;380780312;750720575;INIT;0;0;0;1;1;0;0;0;1;0;0;0;0;0;0;;0;0;0;;;;;;;;;;;;;0;0;0;0;0;0;0;0;
FILTRE;2014;380780379;380798249;DECLA;0;0;0;0;1;0;0;0;0;0;0;0;0;0;0;0;0;0;0;1;0;1;0;1;0;1;0;0;0;1;1;0;0;0;0;0;0;0;0;
FILTRE;2014;380780379;380798249;INIT;0;0;0;0;1;0;0;0;0;0;0;0;0;0;0;;0;0;0;;;;;;;;;;;;;0;0;0;0;0;0;0;0;
FILTRE;2014;380781138;010783009;DECLA;0;0;0;0;1;0;0;0;0;0;0;0;0;0;0;0;0;0;0;0;0;0;0;1;0;1;0;0;0;0;0;0;0;0;0;0;0;0;0;
FILTRE;2014;380781138;010783009;INIT;0;0;0;0;1;0;0;0;0;0;0;0;0;0;0;;0;0;0;;;;;;;;;;;;;0;0;0;0;0;0;0;0;
FILTRE;2014;380781369;010783009;DECLA;0;0;0;0;1;0;0;0;0;0;0;0;0;0;0;0;0;0;0;0;0;0;0;1;1;1;0;1;0;0;0;0;0;0;0;0;0;0;0;
FILTRE;2014;380781369;010783009;INIT;0;0;0;0;1;0;0;0;0;0;0;0;0;0;0;;0;0;0;;;;;;;;;;;;;0;0;0;0;0;0;0;0;
FILTRE;2014;380781450;380798140;DECLA;1;1;1;0;0;0;0;1;0;0;0;0;0;1;0;0;1;0;1;0;0;0;0;1;1;1;0;0;0;0;0;0;1;1;0;0;0;0;0;
FILTRE;2014;380781450;380798140;INIT;1;1;0;0;0;0;1;1;0;0;0;0;0;1;0;;1;0;1;;;;;;;;;;;;;0;0;1;0;0;0;0;0;
FILTRE;2014;380782722;380780080;DECLA;1;1;0;0;1;0;1;1;0;0;0;0;0;0;0;1;1;0;1;1;0;1;0;0;0;0;0;0;0;0;0;0;0;0;0;0;0;0;0;
FILTRE;2014;380782722;380780080;INIT;1;1;0;0;1;0;1;1;0;0;0;0;0;0;0;;1;0;1;;;;;;;;;;;;;0;0;0;0;0;0;0;0;
FILTRE;2014;380784462;750005068;DECLA;0;0;0;1;0;0;0;0;1;0;0;0;0;0;0;0;0;0;0;0;0;0;0;0;0;0;0;0;0;0;0;0;0;0;0;0;0;0;0;
FILTRE;2014;380784462;750005068;INIT;0;0;0;1;0;0;0;0;1;0;0;0;0;0;0;;0;0;0;;;;;;;;;;;;;0;0;0;0;0;0;0;0;
FILTRE;2014;380784736;380780049;DECLA;0;0;0;0;0;0;0;0;1;0;0;0;0;0;0;0;0;0;0;0;0;0;0;0;0;0;0;0;0;0;0;0;0;0;0;0;0;0;0;
FILTRE;2014;380784736;380780049;INIT;0;0;0;0;0;0;0;0;1;0;0;0;0;0;0;;0;0;0;;;;;;;;;;;;;0;0;0;0;0;0;0;0;
FILTRE;2014;380784801;380793802;DECLA;0;0;0;0;0;0;0;0;0;0;0;1;0;0;0;0;0;0;0;0;0;0;0;1;0;1;0;0;0;0;0;0;0;0;0;0;0;0;0;
FILTRE;2014;380784801;380793802;INIT;0;0;0;0;0;0;0;0;0;0;0;1;0;0;0;;0;0;0;;;;;;;;;;;;;0;0;0;0;0;0;0;0;
FILTRE;2014;380785840;380780049;DECLA;0;0;0;0;0;1;0;0;0;0;0;0;0;0;0;0;0;0;0;0;0;0;0;0;0;0;0;0;0;0;0;0;0;0;0;0;0;0;0;
FILTRE;2014;380785840;380780049;INIT;0;0;0;0;0;1;0;0;0;0;0;0;0;0;0;;0;0;0;;;;;;;;;;;;;0;0;0;0;0;0;0;0;
FILTRE;2014;380785956;380795211;DECLA;1;1;1;0;0;0;1;1;0;0;0;0;1;0;0;0;1;0;1;1;0;1;0;1;1;1;1;0;0;1;1;0;1;1;0;0;0;0;0;
FILTRE;2014;380785956;380795211;INIT;1;1;1;0;0;0;1;1;0;0;0;0;1;0;0;;1;0;1;;;;;;;;;;;;;0;0;1;0;0;0;0;0;
FILTRE;2014;380786442;380798025;DECLA;1;1;1;0;0;0;0;1;0;0;0;0;1;0;0;0;0;0;1;1;1;0;0;1;1;1;0;0;0;0;0;1;1;1;0;0;0;0;0;
FILTRE;2014;380786442;380798025;INIT;1;1;1;0;0;0;1;1;0;0;0;0;1;0;0;;0;0;1;;;;;;;;;;;;;1;1;1;0;0;0;0;0;
FILTRE;2014;380793810;380793802;DECLA;0;0;0;0;0;0;0;0;0;0;0;1;0;0;0;0;0;0;0;0;0;0;0;0;0;1;0;0;0;0;0;0;0;0;0;0;0;0;0;
FILTRE;2014;380793810;380793802;INIT;0;0;0;0;0;0;0;0;0;0;0;1;0;0;0;;0;0;0;;;;;;;;;;;;;0;0;0;0;0;0;0;0;
FILTRE;2014;380794297;380794297;DECLA;0;0;0;1;0;0;0;0;1;0;0;0;0;0;0;0;0;0;0;0;0;0;0;1;0;1;0;0;0;0;1;0;0;0;0;0;0;0;0;
FILTRE;2014;380794297;380794297;INIT;0;0;0;1;0;0;0;0;1;0;0;0;0;0;0;;0;0;0;;;;;;;;;;;;;0;0;0;0;0;0;0;0;
FILTRE;2014;380795021;380780098;DECLA;0;0;0;0;1;0;0;0;0;0;0;0;0;0;0;0;0;0;0;0;0;0;0;1;0;1;0;0;0;0;0;0;0;0;0;0;0;0;0;
FILTRE;2014;380795021;380780098;INIT;0;0;0;0;1;0;0;0;0;0;0;0;0;0;0;;0;0;0;;;;;;;;;;;;;0;0;0;0;0;0;0;0;
FILTRE;2014;380795773;380795765;DECLA;0;0;0;0;0;0;0;0;1;0;0;0;0;0;0;0;0;0;0;0;0;0;0;0;0;0;0;0;0;0;0;0;0;0;0;0;0;0;0;
FILTRE;2014;380795773;380795765;INIT;0;0;0;0;0;0;0;0;1;0;0;0;0;0;0;;0;0;0;;;;;;;;;;;;;0;0;0;0;0;0;0;0;
FILTRE;2014;380797217;380793802;DECLA;0;0;0;0;0;0;0;0;0;0;0;1;0;0;0;0;0;0;0;0;0;0;0;0;0;1;0;0;0;0;0;0;0;0;0;0;0;0;0;
FILTRE;2014;380797217;380793802;INIT;0;0;0;0;0;0;0;0;0;0;0;1;0;0;0;;0;0;0;;;;;;;;;;;;;0;0;0;0;0;0;0;0;
FILTRE;2014;380797233;380793802;DECLA;0;0;0;0;0;0;0;0;0;0;0;1;0;0;0;0;0;0;0;0;0;0;0;0;0;1;0;0;0;0;0;0;0;0;0;0;0;0;0;
FILTRE;2014;380797233;380793802;INIT;0;0;0;0;0;0;0;0;0;0;0;1;0;0;0;;0;0;0;;;;;;;;;;;;;0;0;0;0;0;0;0;0;
FILTRE;2014;380798520;380780049;DECLA;0;0;0;0;0;1;0;0;0;0;0;0;0;0;0;0;0;0;0;0;0;0;0;0;0;0;0;0;0;0;0;0;0;0;0;0;0;0;0;
FILTRE;2014;380798520;380780049;INIT;0;0;0;0;0;1;0;0;0;0;0;0;0;0;0;;0;0;0;;;;;;;;;;;;;0;0;0;0;0;0;0;0;
FILTRE;2014;380802512;380793265;DECLA;0;0;0;0;0;1;0;0;0;0;0;0;0;0;0;0;0;0;0;0;0;0;0;1;0;0;0;0;0;0;1;0;0;0;0;0;0;0;0;
FILTRE;2014;380802512;380793265;INIT;0;0;0;0;0;1;0;0;0;0;0;0;0;0;0;;0;0;0;;;;;;;;;;;;;0;0;0;0;0;0;0;0;
FILTRE;2014;380802702;380780080;DECLA;0;0;0;0;0;1;0;0;0;0;0;0;0;0;0;0;0;0;0;0;0;0;0;0;0;0;0;0;0;0;0;0;0;0;0;0;0;0;0;
FILTRE;2014;380802702;380780080;INIT;0;0;0;0;0;1;0;0;0;0;0;0;0;0;0;;0;0;0;;;;;;;;;;;;;0;0;0;0;0;0;0;0;
FILTRE;2014;380802728;380784751;DECLA;0;0;0;0;0;1;0;0;0;0;0;0;0;0;0;1;0;0;0;0;0;0;0;0;0;0;0;0;0;0;1;0;0;0;0;0;0;0;0;
FILTRE;2014;380802728;380784751;INIT;0;0;0;0;0;1;0;0;0;0;0;0;0;0;0;;0;0;0;;;;;;;;;;;;;0;0;0;0;0;0;0;0;
FILTRE;2014;380804203;380793802;DECLA;0;0;0;0;0;0;0;0;0;0;0;1;0;0;0;0;0;0;0;0;0;0;0;0;0;1;0;0;0;0;0;0;0;0;0;0;0;0;0;
FILTRE;2014;380804203;380793802;INIT;0;0;0;0;0;0;0;0;0;0;0;1;0;0;0;;0;0;0;;;;;;;;;;;;;0;0;0;0;0;0;0;0;
FILTRE;2014;390000040;390780146;DECLA;1;1;1;0;1;1;1;1;0;0;1;0;1;0;0;1;1;1;1;1;1;1;1;1;1;1;1;1;1;1;1;0;1;1;0;0;0;0;0;
FILTRE;2014;390000040;390780146;INIT;1;1;1;0;1;1;1;1;0;0;1;0;1;0;0;;1;1;1;;;;;;;;;;;;;0;1;1;0;0;0;0;0;
FILTRE;2014;390000057;390780153;DECLA;1;0;0;0;1;0;0;0;0;0;0;0;0;0;0;0;0;0;0;1;0;0;0;1;0;1;0;0;0;1;1;0;0;0;0;0;0;0;0;
FILTRE;2014;390000057;390780153;INIT;1;0;0;0;1;0;1;0;0;0;0;0;0;0;0;;0;0;0;;;;;;;;;;;;;0;0;0;0;0;0;0;0;
FILTRE;2014;390000065;390780161;DECLA;1;1;1;0;1;1;1;1;0;0;0;1;1;0;0;0;1;1;1;1;1;1;0;1;1;1;1;1;0;1;1;0;1;0;0;0;0;0;0;
FILTRE;2014;390000065;390780161;INIT;1;1;1;0;1;1;1;1;0;0;0;1;1;0;0;;1;1;1;;;;;;;;;;;;;0;0;0;0;0;0;0;0;
FILTRE;2014;390000073;390780179;DECLA;0;0;0;0;1;0;0;0;0;0;0;0;0;0;0;0;0;0;0;1;0;0;0;1;0;1;0;0;0;0;1;0;0;0;0;0;0;0;0;
FILTRE;2014;390000073;390780179;INIT;0;0;0;0;1;0;0;0;0;0;0;0;0;0;0;;0;0;0;;;;;;;;;;;;;0;0;0;0;0;0;0;0;
FILTRE;2014;390000081;390780187;DECLA;1;0;0;0;1;0;1;0;0;0;0;0;0;0;0;0;0;0;0;0;0;0;0;1;0;0;1;0;0;0;1;0;0;0;0;0;0;0;0;
FILTRE;2014;390000081;390780187;INIT;1;0;0;0;1;0;1;0;0;0;0;0;0;0;0;;0;0;0;;;;;;;;;;;;;0;0;0;0;0;0;0;0;
FILTRE;2014;390000131;390780377;DECLA;0;0;0;0;1;0;0;0;0;0;0;0;0;0;0;0;0;0;0;0;0;0;0;1;0;1;0;0;0;0;0;0;0;0;0;0;0;0;0;
FILTRE;2014;390000131;390780377;INIT;0;0;0;0;1;0;0;0;0;0;0;0;0;0;0;;0;0;0;;;;;;;;;;;;;0;0;0;0;0;0;0;0;
FILTRE;2014;390000164;390780476;DECLA;0;0;0;1;0;0;0;0;1;0;0;0;0;0;0;0;0;0;0;0;0;0;0;1;1;1;0;0;0;0;1;0;0;0;0;0;0;0;0;
FILTRE;2014;390000164;390780476;INIT;0;0;0;1;0;0;0;0;1;0;0;0;0;0;0;;0;0;0;;;;;;;;;;;;;0;0;0;0;0;0;0;0;
FILTRE;2014;390000172;250006335;DECLA;0;0;0;0;1;0;0;0;0;0;0;0;0;0;0;0;0;0;0;1;0;0;0;1;0;1;0;0;0;0;0;0;0;0;0;0;0;0;0;
FILTRE;2014;390000172;250006335;INIT;0;0;0;0;1;0;0;0;0;0;0;0;0;0;0;;0;0;0;;;;;;;;;;;;;0;0;0;0;0;0;0;0;
FILTRE;2014;390000214;390780591;DECLA;1;0;0;0;1;1;0;0;0;0;0;0;0;0;0;1;1;1;0;1;0;0;0;1;1;1;0;1;0;0;0;0;0;0;0;0;0;0;0;
FILTRE;2014;390000214;390780591;INIT;1;0;0;0;1;1;1;0;0;0;0;0;0;0;0;;1;1;0;;;;;;;;;;;;;0;0;0;0;0;0;0;0;
FILTRE;2014;390000222;390780609;DECLA;1;1;1;0;1;0;1;1;0;0;1;1;1;0;0;0;1;1;1;1;1;1;1;1;1;1;1;1;1;1;1;0;1;1;0;0;0;0;0;
FILTRE;2014;390000222;390780609;INIT;1;1;1;0;1;0;1;1;0;0;1;1;1;0;0;;1;1;1;;;;;;;;;;;;;0;0;1;0;0;0;0;0;
FILTRE;2014;390004349;390004299;DECLA;0;0;0;0;0;0;0;0;0;0;1;0;0;0;1;0;0;0;0;0;0;0;0;0;0;0;0;0;0;0;0;0;0;0;0;0;0;0;0;
FILTRE;2014;390004349;390004299;INIT;0;0;0;0;0;0;0;0;0;0;0;0;0;0;1;;0;0;0;;;;;;;;;;;;;0;0;0;0;0;0;0;0;
FILTRE;2014;390005742;390780146;DECLA;0;0;0;0;0;0;0;0;0;0;0;0;0;0;0;0;0;1;0;0;0;0;0;0;0;0;0;0;0;0;0;0;0;0;0;0;0;0;0;
FILTRE;2014;390006161;390781177;DECLA;0;0;0;0;1;0;0;0;0;0;0;0;0;0;0;0;0;0;0;0;0;0;0;1;0;0;0;0;0;0;1;0;0;0;0;0;0;0;0;
FILTRE;2014;390006161;390781177;INIT;0;0;0;0;1;0;0;0;0;0;0;0;0;0;0;;0;0;0;;;;;;;;;;;;;0;0;0;0;0;0;0;0;
FILTRE;2014;390780369;210010294;DECLA;0;0;0;0;1;0;0;0;0;0;0;0;0;0;0;0;0;0;0;0;0;0;0;0;0;1;0;0;0;0;0;0;0;0;0;0;0;0;0;
FILTRE;2014;390780369;210010294;INIT;0;0;0;0;1;0;0;0;0;0;0;0;0;0;0;;0;0;0;;;;;;;;;;;;;0;0;0;0;0;0;0;0;
FILTRE;2014;390780559;390000180;DECLA;0;1;0;0;0;0;0;1;0;0;0;0;0;0;0;0;0;0;1;0;0;0;0;1;1;1;0;0;0;0;0;0;0;0;0;0;0;0;0;
FILTRE;2014;390780559;390000180;INIT;0;1;0;0;0;0;0;1;0;0;0;0;0;0;0;;0;0;1;;;;;;;;;;;;;0;0;0;0;0;0;0;0;
FILTRE;2014;390780575;250017803;DECLA;1;1;0;0;0;0;1;1;0;0;0;0;0;0;0;0;0;0;1;0;0;0;0;1;1;1;0;0;0;0;0;0;1;1;0;0;0;0;0;
FILTRE;2014;390780575;250017803;INIT;0;1;0;0;0;0;0;1;0;0;0;0;0;0;0;;0;0;1;;;;;;;;;;;;;0;0;1;0;0;0;0;0;
FILTRE;2014;390781193;390000768;DECLA;1;0;0;0;1;0;1;0;0;0;0;0;0;0;0;0;0;0;0;0;0;0;0;0;0;0;0;0;0;0;0;0;0;0;0;0;0;0;0;
FILTRE;2014;390781193;390000768;INIT;1;0;0;0;1;0;1;0;0;0;0;0;0;0;0;;0;0;0;;;;;;;;;;;;;0;0;0;0;0;0;0;0;
FILTRE;2014;390784833;390780609;DECLA;0;0;0;0;0;1;0;0;0;0;0;0;0;0;0;0;0;0;0;0;0;0;0;0;0;0;0;0;0;0;0;0;0;0;0;0;0;0;0;
FILTRE;2014;390784833;390780609;INIT;0;0;0;0;0;1;0;0;0;0;0;0;0;0;0;;0;0;0;;;;;;;;;;;;;0;0;0;0;0;0;0;0;
FILTRE;2014;390786408;670005834;DECLA;0;0;0;0;0;0;0;0;0;0;0;1;0;0;0;0;0;0;0;0;0;0;0;0;0;0;0;0;0;0;0;0;0;0;0;0;0;0;0;
FILTRE;2014;390786408;670005834;INIT;0;0;0;0;0;0;0;0;0;0;0;1;0;0;0;;0;0;0;;;;;;;;;;;;;0;0;0;0;0;0;0;0;
FILTRE;2014;400000105;400780193;DECLA;1;1;1;1;0;0;1;1;0;1;1;0;1;0;0;0;1;1;1;1;1;1;0;1;1;1;1;1;1;1;1;1;1;0;0;0;0;0;0;
FILTRE;2014;400000105;400780193;INIT;1;1;1;1;0;0;1;1;0;1;1;0;1;0;0;;1;1;1;;;;;;;;;;;;;1;1;1;0;0;0;0;0;
FILTRE;2014;400000113;400011177;DECLA;0;0;0;1;0;0;0;0;1;0;0;0;0;0;0;0;0;0;0;0;0;0;0;0;0;1;0;0;0;0;1;0;0;0;0;0;0;0;0;
FILTRE;2014;400000113;400011177;INIT;0;0;0;1;0;0;0;0;1;0;0;0;0;0;0;;0;0;0;;;;;;;;;;;;;0;0;0;0;0;0;0;0;
FILTRE;2014;400000139;400011177;DECLA;1;1;1;0;0;0;1;1;0;0;1;1;1;0;0;1;1;1;1;1;1;1;0;1;1;1;0;1;1;1;1;1;1;1;0;0;0;0;0;
FILTRE;2014;400000139;400011177;INIT;1;1;1;0;0;0;1;1;0;0;1;1;1;0;0;;1;1;1;;;;;;;;;;;;;1;1;1;0;0;0;0;0;
FILTRE;2014;400000147;400780268;DECLA;1;0;0;0;1;1;1;0;0;0;0;0;0;0;0;0;0;0;0;0;0;0;0;1;0;1;0;0;0;1;1;0;0;0;0;0;0;0;0;
FILTRE;2014;400000147;400780268;INIT;1;0;0;0;1;1;1;0;0;0;0;0;0;0;0;;0;0;0;;;;;;;;;;;;;0;0;0;0;0;0;0;0;
FILTRE;2014;400000261;400780458;DECLA;0;0;0;0;1;1;1;0;0;0;0;0;0;0;0;0;0;0;0;0;0;0;0;1;0;1;0;0;0;1;1;0;0;0;0;0;0;0;0;
FILTRE;2014;400000261;400780458;INIT;0;0;0;0;1;1;0;0;0;0;0;0;0;0;0;;0;0;0;;;;;;;;;;;;;0;0;0;0;0;0;0;0;
FILTRE;2014;400006607;400790663;DECLA;0;0;0;0;0;1;0;0;0;0;0;0;0;0;0;0;0;0;0;0;0;0;0;1;1;0;0;0;0;0;1;0;0;0;0;0;0;0;0;
FILTRE;2014;400006607;400790663;INIT;0;0;0;0;0;1;0;0;0;0;0;0;0;0;0;;0;0;0;;;;;;;;;;;;;0;0;0;0;0;0;0;0;
FILTRE;2014;400006706;330000266;DECLA;0;0;0;0;0;0;0;0;0;0;0;1;0;0;0;0;0;0;0;0;0;0;0;0;0;0;0;0;0;0;0;0;0;0;0;0;0;0;0;
FILTRE;2014;400006706;330000266;INIT;0;0;0;0;0;0;0;0;0;0;0;1;0;0;0;;0;0;0;;;;;;;;;;;;;0;0;0;0;0;0;0;0;
FILTRE;2014;400006730;330000266;DECLA;0;0;0;0;0;0;0;0;0;0;0;1;0;0;0;0;0;0;0;0;0;0;0;0;0;0;0;0;0;0;0;0;0;0;0;0;0;0;0;
FILTRE;2014;400006730;330000266;INIT;0;0;0;0;0;0;0;0;0;0;0;1;0;0;0;;0;0;0;;;;;;;;;;;;;0;0;0;0;0;0;0;0;
FILTRE;2014;400006797;330000266;DECLA;0;0;0;0;0;0;0;0;0;0;0;1;0;0;0;0;0;0;0;0;0;0;0;0;0;0;0;0;0;0;0;0;0;0;0;0;0;0;0;
FILTRE;2014;400006797;330000266;INIT;0;0;0;0;0;0;0;0;0;0;0;1;0;0;0;;0;0;0;;;;;;;;;;;;;0;0;0;0;0;0;0;0;
FILTRE;2014;400007043;640000113;DECLA;0;0;0;0;0;0;0;0;0;0;0;1;0;0;0;0;0;0;0;0;0;0;0;0;0;0;0;0;0;0;0;0;0;0;0;0;0;0;0;
FILTRE;2014;400007043;640000113;INIT;0;0;0;0;0;0;0;0;0;0;0;1;0;0;0;;0;0;0;;;;;;;;;;;;;0;0;0;0;0;0;0;0;
FILTRE;2014;400007332;330000266;DECLA;0;0;0;0;0;0;0;0;0;0;0;1;0;0;0;0;0;0;0;0;0;0;0;0;0;0;0;0;0;0;0;0;0;0;0;0;0;0;0;
FILTRE;2014;400007332;330000266;INIT;0;0;0;0;0;0;0;0;0;0;0;1;0;0;0;;0;0;0;;;;;;;;;;;;;0;0;0;0;0;0;0;0;
FILTRE;2014;400008199;400008108;DECLA;0;0;0;0;0;0;0;0;0;0;1;0;0;0;1;0;0;0;0;0;0;0;0;1;0;1;0;0;0;0;0;0;0;0;0;0;0;0;0;
FILTRE;2014;400008199;400008108;INIT;0;0;0;0;0;0;0;0;0;0;0;0;0;0;1;;0;0;0;;;;;;;;;;;;;0;0;0;0;0;0;0;0;
FILTRE;2014;400010906;330000266;DECLA;0;0;0;0;0;0;0;0;0;0;0;1;0;0;0;0;0;0;0;0;0;0;0;0;0;0;0;0;0;0;0;0;0;0;0;0;0;0;0;
FILTRE;2014;400010906;330000266;INIT;0;0;0;0;0;0;0;0;0;0;0;1;0;0;0;;0;0;0;;;;;;;;;;;;;0;0;0;0;0;0;0;0;
FILTRE;2014;400011201;640017612;DECLA;0;0;0;0;0;0;0;0;0;0;0;1;0;0;0;0;0;0;0;0;0;0;0;0;0;1;0;0;0;0;0;0;0;0;0;0;0;0;0;
FILTRE;2014;400011201;640017612;INIT;0;0;0;0;0;0;0;0;0;0;0;1;0;0;0;;0;0;0;;;;;;;;;;;;;0;0;0;0;0;0;0;0;
FILTRE;2014;400011383;400780193;DECLA;0;0;0;0;0;0;0;0;0;0;0;0;0;0;0;0;0;1;0;0;0;0;0;0;0;0;0;0;0;0;0;0;0;0;0;0;0;0;0;
FILTRE;2014;400011391;400780193;DECLA;0;0;0;0;0;0;0;0;0;0;0;0;0;0;0;0;0;1;0;0;0;0;0;0;0;0;0;0;0;0;0;0;0;0;0;0;0;0;0;
FILTRE;2014;400012506;400011177;DECLA;0;0;0;0;0;0;0;0;0;0;0;0;0;0;0;0;0;1;0;0;0;0;0;0;0;0;0;0;0;0;0;0;0;0;0;0;0;0;0;
FILTRE;2014;400012514;400011177;DECLA;0;0;0;0;0;0;0;0;0;0;0;0;0;0;0;0;0;1;0;0;0;0;0;0;0;0;0;0;0;0;0;0;0;0;0;0;0;0;0;
FILTRE;2014;400012522;400011177;DECLA;0;0;0;0;0;0;0;0;0;0;0;0;0;0;0;0;0;1;0;0;0;0;0;0;0;0;0;0;0;0;0;0;0;0;0;0;0;0;0;
FILTRE;2014;400780102;400000055;DECLA;0;0;0;0;1;0;0;0;0;0;0;0;0;0;0;0;0;0;0;0;0;0;0;1;0;0;0;0;0;0;1;0;0;0;0;0;0;0;0;
FILTRE;2014;400780102;400000055;INIT;0;0;0;0;1;0;0;0;0;0;0;0;0;0;0;;0;0;0;;;;;;;;;;;;;0;0;0;0;0;0;0;0;
FILTRE;2014;400780250;400011177;DECLA;0;0;0;0;1;1;0;0;0;0;0;0;0;0;0;0;0;0;0;1;0;0;0;0;0;1;0;0;0;0;1;0;0;0;0;0;0;0;0;
FILTRE;2014;400780250;400011177;INIT;0;0;0;0;1;1;0;0;0;0;0;0;0;0;0;;0;0;0;;;;;;;;;;;;;0;0;0;0;0;0;0;0;
FILTRE;2014;400780284;400000154;DECLA;1;1;0;0;0;0;0;1;0;0;0;0;0;0;0;0;0;0;1;0;0;0;0;1;1;1;0;0;0;0;0;0;0;1;0;0;0;0;0;
FILTRE;2014;400780284;400000154;INIT;1;1;0;0;0;0;0;1;0;0;0;0;0;0;0;;0;0;1;;;;;;;;;;;;;0;0;1;0;0;0;0;0;
FILTRE;2014;400780342;400000196;DECLA;1;1;0;0;0;0;1;1;0;0;0;0;0;0;0;0;0;0;1;0;0;1;0;1;1;1;0;0;0;0;0;0;0;0;0;0;0;0;0;
FILTRE;2014;400780342;400000196;INIT;1;1;0;0;0;0;1;1;0;0;0;0;0;0;0;;0;0;1;;;;;;;;;;;;;0;0;0;0;0;0;0;0;
FILTRE;2014;400780359;400000204;DECLA;1;1;0;0;0;0;1;1;0;0;0;0;0;0;0;0;0;0;1;1;1;1;0;1;1;1;0;0;0;0;0;0;1;1;0;0;0;0;0;
FILTRE;2014;400780359;400000204;INIT;0;1;0;0;0;0;1;1;0;0;0;0;0;0;0;;0;0;1;;;;;;;;;;;;;0;0;1;0;0;0;0;0;
FILTRE;2014;400780367;750720575;DECLA;0;0;0;1;0;0;0;0;1;0;0;0;0;0;0;0;0;0;0;0;0;0;0;1;0;1;0;0;0;0;0;0;0;0;0;0;0;0;0;
FILTRE;2014;400780367;750720575;INIT;0;0;0;1;0;0;0;0;1;0;0;0;0;0;0;;0;0;0;;;;;;;;;;;;;0;0;0;0;0;0;0;0;
FILTRE;2014;400780375;400013801;DECLA;0;0;0;1;1;0;0;0;0;0;0;0;0;0;0;0;0;0;0;0;0;0;0;1;0;1;0;0;0;0;0;0;0;0;0;0;0;0;0;
FILTRE;2014;400780375;400013801;INIT;0;0;0;1;1;0;0;0;1;0;0;0;0;0;0;;0;0;0;;;;;;;;;;;;;0;0;0;0;0;0;0;0;
FILTRE;2014;400780383;640010328;DECLA;0;0;0;0;1;0;0;0;0;0;0;0;0;0;0;0;0;0;0;0;0;0;0;0;0;0;0;0;0;0;1;0;0;0;0;0;0;0;0;
FILTRE;2014;400780383;640010328;INIT;0;0;0;0;1;0;0;0;0;0;0;0;0;0;0;;0;0;0;;;;;;;;;;;;;0;0;0;0;0;0;0;0;
FILTRE;2014;400780425;400000246;DECLA;0;0;0;0;1;0;0;0;0;0;0;0;0;0;0;0;0;0;0;0;0;0;0;1;0;1;0;0;0;0;0;0;0;0;0;0;0;0;0;
FILTRE;2014;400780425;400000246;INIT;0;0;0;0;1;0;0;0;0;0;0;0;0;0;0;;0;0;0;;;;;;;;;;;;;0;0;0;0;0;0;0;0;
FILTRE;2014;400780466;400000279;DECLA;0;0;0;0;1;0;0;0;0;0;0;0;0;0;0;0;0;0;0;0;0;0;0;0;0;0;0;0;0;0;0;0;0;0;0;0;0;0;0;
FILTRE;2014;400780466;400000279;INIT;0;0;0;0;1;0;0;0;0;0;0;0;0;0;0;;0;0;0;;;;;;;;;;;;;0;0;0;0;0;0;0;0;
FILTRE;2014;400780482;310021068;DECLA;0;0;0;0;1;0;0;0;0;0;0;0;0;0;0;0;0;0;0;0;0;0;0;1;0;1;0;0;0;0;0;0;0;0;0;0;0;0;0;
FILTRE;2014;400780482;310021068;INIT;0;0;0;0;1;0;0;0;0;0;0;0;0;0;0;;0;0;0;;;;;;;;;;;;;0;0;0;0;0;0;0;0;
FILTRE;2014;400780888;400000535;DECLA;0;0;0;0;0;0;0;0;0;0;0;0;0;0;1;0;0;0;0;0;0;0;0;0;0;1;0;0;0;0;1;0;0;0;0;0;0;0;0;
FILTRE;2014;400780888;400000535;INIT;0;0;0;0;0;0;0;0;0;0;0;0;0;0;1;;0;0;0;;;;;;;;;;;;;0;0;0;0;0;0;0;0;
FILTRE;2014;400781043;400780193;DECLA;0;0;0;0;0;1;0;0;0;0;0;0;0;0;0;0;0;0;0;0;0;0;0;0;0;0;0;0;0;0;0;0;0;0;0;0;0;0;0;
FILTRE;2014;400781043;400780193;INIT;0;0;0;0;0;1;0;0;0;0;0;0;0;0;0;;0;0;0;;;;;;;;;;;;;0;0;0;0;0;0;0;0;
FILTRE;2014;400782769;400001764;DECLA;1;1;0;0;1;0;1;1;0;0;0;0;0;1;0;0;1;1;1;1;1;1;0;1;1;1;0;0;0;0;0;0;1;1;0;0;0;0;0;
FILTRE;2014;400782769;400001764;INIT;1;1;0;0;1;0;1;1;0;0;0;0;0;1;0;;1;0;1;;;;;;;;;;;;;0;0;1;0;0;0;0;0;
FILTRE;2014;400782777;400780193;DECLA;0;0;0;0;1;0;0;0;0;0;0;0;0;0;0;0;0;0;0;0;0;0;0;0;0;0;0;0;0;0;0;0;0;0;0;0;0;0;0;
FILTRE;2014;400782777;400780193;INIT;0;0;0;0;1;0;0;0;0;0;0;0;0;0;0;;0;0;0;;;;;;;;;;;;;0;0;0;0;0;0;0;0;
FILTRE;2014;400787354;400780193;DECLA;0;0;0;0;1;0;1;0;0;0;0;0;0;0;0;0;0;0;0;0;0;0;0;0;0;0;0;0;0;0;0;0;0;0;0;0;0;0;0;
FILTRE;2014;400787354;400780193;INIT;0;0;0;0;1;0;0;0;1;0;0;0;0;0;0;;0;0;0;;;;;;;;;;;;;0;0;0;0;0;0;0;0;
FILTRE;2014;400789715;330007386;DECLA;0;0;0;0;0;0;0;0;0;0;0;1;0;0;0;0;0;0;0;0;0;0;0;1;0;0;0;0;0;0;0;0;0;0;0;0;0;0;0;
FILTRE;2014;400789715;330007386;INIT;0;0;0;0;0;0;0;0;0;0;0;1;0;0;0;;0;0;0;;;;;;;;;;;;;0;0;0;0;0;0;0;0;
FILTRE;2014;400790986;640000113;DECLA;0;0;0;0;0;0;0;0;0;0;0;1;0;0;0;0;0;0;0;0;0;0;0;0;0;0;0;0;0;0;0;0;0;0;0;0;0;0;0;
FILTRE;2014;400790986;640000113;INIT;0;0;0;0;0;0;0;0;0;0;0;1;0;0;0;;0;0;0;;;;;;;;;;;;;0;0;0;0;0;0;0;0;
FILTRE;2014;400791018;400790994;DECLA;0;0;0;0;1;0;0;0;0;0;0;0;0;0;0;1;0;0;0;1;0;0;0;1;0;1;0;0;0;0;0;0;0;0;0;0;0;0;0;
FILTRE;2014;400791018;400790994;INIT;0;0;0;0;1;0;0;0;0;0;0;0;0;0;0;;0;0;0;;;;;;;;;;;;;0;0;0;0;0;0;0;0;
FILTRE;2014;410000020;410000087;DECLA;1;1;1;1;1;1;1;1;1;0;1;0;1;0;0;1;1;1;1;1;1;1;0;1;1;1;1;1;1;1;1;1;1;1;0;0;0;0;0;
FILTRE;2014;410000020;410000087;INIT;1;1;1;1;1;1;1;1;1;0;1;1;1;0;0;;1;1;1;;;;;;;;;;;;;1;1;1;0;0;0;0;0;
FILTRE;2014;410000038;410000095;DECLA;1;0;0;0;0;0;1;0;0;0;1;0;0;0;0;1;1;1;0;1;0;1;0;1;0;1;0;1;0;1;0;0;1;0;0;0;0;0;0;
FILTRE;2014;410000038;410000095;INIT;1;0;0;0;0;0;1;0;0;0;0;0;0;0;0;;1;1;0;;;;;;;;;;;;;0;0;0;0;0;0;0;0;
FILTRE;2014;410000046;410000103;DECLA;1;1;1;1;1;1;1;1;1;0;1;0;1;0;0;0;1;1;1;1;1;1;0;1;1;1;0;0;0;1;1;0;0;1;0;0;0;0;0;
FILTRE;2014;410000046;410000103;INIT;1;1;1;1;1;1;1;1;1;0;0;0;1;0;0;;1;1;1;;;;;;;;;;;;;0;0;1;0;0;0;0;0;
FILTRE;2014;410000053;410000111;DECLA;1;0;0;0;1;0;1;0;0;0;0;0;0;0;0;0;0;0;0;1;0;0;0;1;0;1;0;0;0;1;1;0;0;0;0;0;0;0;0;
FILTRE;2014;410000053;410000111;INIT;1;0;0;0;1;0;1;0;0;0;0;0;0;0;0;;0;0;0;;;;;;;;;;;;;0;0;0;0;0;0;0;0;
FILTRE;2014;410000178;410000137;DECLA;0;0;0;0;1;0;0;0;0;0;0;0;0;0;0;0;0;0;0;0;0;0;0;1;0;0;1;0;0;1;1;0;0;0;0;0;0;0;0;
FILTRE;2014;410000178;410000137;INIT;0;0;0;0;1;0;0;0;0;0;0;0;0;0;0;;0;0;0;;;;;;;;;;;;;0;0;0;0;0;0;0;0;
FILTRE;2014;410000202;410000319;DECLA;1;1;1;0;0;0;1;1;0;0;1;1;0;0;0;0;0;0;1;1;0;1;0;1;1;1;0;0;0;1;0;0;1;1;0;0;0;0;0;
FILTRE;2014;410000202;410000319;INIT;1;1;1;0;0;0;1;1;0;0;1;1;0;0;0;;0;0;1;;;;;;;;;;;;;0;0;1;0;0;0;0;0;
FILTRE;2014;410000210;410000145;DECLA;0;0;0;0;1;0;0;0;0;0;0;0;0;0;0;0;0;0;0;0;0;0;0;0;0;0;0;0;0;1;1;0;0;0;0;0;0;0;0;
FILTRE;2014;410000210;410000145;INIT;0;0;0;0;1;0;0;0;0;0;0;0;0;0;0;;0;0;0;;;;;;;;;;;;;0;0;0;0;0;0;0;0;
FILTRE;2014;410000244;410000152;DECLA;0;0;0;0;1;0;0;0;0;0;0;0;0;0;0;0;0;0;0;0;0;0;0;1;0;0;0;0;0;0;0;0;0;0;0;0;0;0;0;
FILTRE;2014;410000244;410000152;INIT;0;0;0;0;1;0;0;0;0;0;0;0;0;0;0;;0;0;0;;;;;;;;;;;;;0;0;0;0;0;0;0;0;
FILTRE;2014;410000277;410000467;DECLA;0;0;0;1;0;0;0;0;1;0;0;0;0;0;0;0;0;0;0;0;0;0;0;1;0;1;0;0;0;0;0;0;0;0;0;0;0;0;0;
FILTRE;2014;410000277;410000467;INIT;0;0;0;1;0;0;0;0;1;0;0;0;0;0;0;;0;0;0;;;;;;;;;;;;;0;0;0;0;0;0;0;0;
FILTRE;2014;410000285;410000475;DECLA;0;0;0;1;0;0;0;0;1;0;0;0;0;0;0;0;0;0;0;0;0;0;0;0;0;0;0;0;0;0;0;0;0;0;0;0;0;0;0;
FILTRE;2014;410000285;410000475;INIT;0;0;0;1;0;0;0;0;1;0;0;0;0;0;0;;0;0;0;;;;;;;;;;;;;0;0;0;0;0;0;0;0;
FILTRE;2014;410000293;410000491;DECLA;0;0;0;1;0;0;0;0;1;0;0;0;0;0;0;0;0;0;0;0;0;0;0;0;0;0;0;0;0;0;0;0;0;0;0;0;0;0;0;
FILTRE;2014;410000293;410000491;INIT;0;0;0;1;0;0;0;0;1;0;0;0;0;0;0;;0;0;0;;;;;;;;;;;;;0;0;0;0;0;0;0;0;
FILTRE;2014;410000418;440052041;DECLA;0;0;0;0;1;0;0;0;0;0;0;0;0;0;0;0;0;0;0;1;0;0;0;1;0;1;0;0;0;0;0;0;0;0;0;0;0;0;0;
FILTRE;2014;410000418;440052041;INIT;0;0;0;0;1;0;0;0;0;0;0;0;0;0;0;;0;0;0;;;;;;;;;;;;;0;0;0;0;0;0;0;0;
FILTRE;2014;410000442;750005068;DECLA;0;0;0;0;1;0;0;0;0;0;0;0;0;0;0;1;0;0;0;0;0;0;0;1;0;1;0;0;0;1;0;0;0;0;0;0;0;0;0;
FILTRE;2014;410000442;750005068;INIT;0;0;0;0;1;0;0;0;0;0;0;0;0;0;0;;0;0;0;;;;;;;;;;;;;0;0;0;0;0;0;0;0;
FILTRE;2014;410003768;410000095;DECLA;0;0;0;1;0;0;0;0;1;0;0;0;0;0;0;0;0;0;0;0;0;0;0;0;0;0;0;0;0;0;0;0;0;0;0;0;0;0;0;
FILTRE;2014;410003768;410000095;INIT;0;0;0;1;0;0;0;0;1;0;0;0;0;0;0;;0;0;0;;;;;;;;;;;;;0;0;0;0;0;0;0;0;
FILTRE;2014;410004063;410000095;DECLA;0;0;0;0;1;0;0;0;0;0;0;0;0;0;0;1;0;0;0;0;0;0;0;0;0;0;0;0;0;0;1;0;0;0;0;0;0;0;0;
FILTRE;2014;410004063;410000095;INIT;0;0;0;0;1;0;0;0;0;0;0;0;0;0;0;;0;0;0;;;;;;;;;;;;;0;0;0;0;0;0;0;0;
FILTRE;2014;410004998;410000871;DECLA;1;1;1;0;0;0;0;1;0;0;0;0;1;0;0;0;0;0;1;0;0;0;0;1;1;1;0;0;0;0;0;0;1;1;0;0;0;0;0;
FILTRE;2014;410004998;410000871;INIT;0;1;1;0;0;0;0;1;0;0;0;0;1;0;0;;0;0;1;;;;;;;;;;;;;0;0;1;0;0;0;0;0;
FILTRE;2014;410005003;370001299;DECLA;0;0;0;0;0;0;0;0;0;0;1;0;0;0;1;0;0;0;0;0;0;0;0;1;0;0;0;0;0;0;1;0;0;0;0;0;0;0;0;
FILTRE;2014;410005003;370001299;INIT;0;0;0;0;0;0;0;0;0;0;0;0;0;0;1;;0;0;0;;;;;;;;;;;;;0;0;0;0;0;0;0;0;
FILTRE;2014;410005011;330030958;DECLA;0;0;0;0;0;0;0;0;0;0;0;1;0;0;0;0;0;0;0;0;0;0;0;0;0;0;0;0;0;0;0;0;0;0;0;0;0;0;0;
FILTRE;2014;410005011;330030958;INIT;0;0;0;0;0;0;0;0;0;0;0;1;0;0;0;;0;0;0;;;;;;;;;;;;;0;0;0;0;0;0;0;0;
FILTRE;2014;410005284;410000947;DECLA;0;0;0;0;1;0;0;0;0;0;0;0;0;0;0;0;0;0;0;0;0;0;0;0;0;1;0;0;0;0;1;0;0;0;0;0;0;0;0;
FILTRE;2014;410005284;410000947;INIT;0;0;0;0;1;0;0;0;0;0;0;0;0;0;0;;0;0;0;;;;;;;;;;;;;0;0;0;0;0;0;0;0;
FILTRE;2014;410005391;410000905;DECLA;0;0;0;0;1;0;0;0;0;0;0;0;0;0;0;0;0;0;0;0;0;0;0;1;0;1;0;0;0;0;1;0;0;0;0;0;0;0;0;
FILTRE;2014;410005391;410000905;INIT;0;0;0;0;1;0;0;0;0;0;0;0;0;0;0;;0;0;0;;;;;;;;;;;;;0;0;0;0;0;0;0;0;
FILTRE;2014;410005953;330030958;DECLA;0;0;0;0;0;0;0;0;0;0;0;1;0;0;0;0;0;0;0;0;0;0;0;0;0;0;0;0;0;0;0;0;0;0;0;0;0;0;0;
FILTRE;2014;410005953;330030958;INIT;0;0;0;0;0;0;0;0;0;0;0;1;0;0;0;;0;0;0;;;;;;;;;;;;;0;0;0;0;0;0;0;0;
FILTRE;2014;410007371;410007363;DECLA;0;0;0;0;0;0;0;0;0;1;0;0;0;0;0;0;0;0;0;0;0;0;0;0;0;0;0;0;0;0;0;0;0;0;0;0;0;0;0;
FILTRE;2014;410007371;410007363;INIT;0;0;0;0;0;0;0;0;0;1;0;0;0;0;0;;0;0;0;;;;;;;;;;;;;0;0;0;0;0;0;0;0;
FILTRE;2014;410007553;330030958;DECLA;0;0;0;0;0;0;0;0;0;0;0;1;0;0;0;0;0;0;0;0;0;0;0;1;0;0;0;0;0;0;0;0;0;0;0;0;0;0;0;
FILTRE;2014;410007553;330030958;INIT;0;0;0;0;0;0;0;0;0;0;0;1;0;0;0;;0;0;0;;;;;;;;;;;;;0;0;0;0;0;0;0;0;
FILTRE;2014;420000010;420780033;DECLA;1;1;1;1;0;0;1;1;1;1;1;1;1;0;1;1;1;1;1;1;1;1;0;1;1;1;0;1;1;0;1;1;1;1;0;0;0;0;0;
FILTRE;2014;420000010;420780033;INIT;1;1;1;1;0;0;1;1;1;1;1;1;1;0;1;;1;1;1;;;;;;;;;;;;;1;1;1;0;0;0;0;0;
FILTRE;2014;420000028;420780041;DECLA;0;0;0;0;1;0;0;0;0;0;0;0;0;0;0;0;0;0;0;0;0;0;0;0;0;0;0;0;0;0;1;0;0;0;0;0;0;0;0;
FILTRE;2014;420000028;420780041;INIT;0;0;0;0;1;0;0;0;0;0;0;0;0;0;0;;0;0;0;;;;;;;;;;;;;0;0;0;0;0;0;0;0;
FILTRE;2014;420000036;420780058;DECLA;0;0;0;0;1;0;0;0;0;0;0;0;0;0;0;0;0;0;0;0;0;0;0;1;0;0;0;1;0;0;1;0;0;0;0;0;0;0;0;
FILTRE;2014;420000036;420780058;INIT;0;0;0;0;1;0;0;0;0;0;0;0;0;0;0;;0;0;0;;;;;;;;;;;;;0;0;0;0;0;0;0;0;
FILTRE;2014;420000192;750034589;DECLA;1;0;0;0;1;0;0;0;0;0;0;0;0;0;0;0;0;0;0;0;0;0;0;0;0;0;0;0;0;0;1;0;0;0;0;0;0;0;0;
FILTRE;2014;420000192;750034589;INIT;1;0;0;0;1;0;1;0;0;0;0;0;0;0;0;;0;0;0;;;;;;;;;;;;;0;0;0;0;0;0;0;0;
FILTRE;2014;420000226;420013831;DECLA;1;1;1;0;1;0;1;1;1;0;1;0;1;0;0;0;1;1;1;1;1;1;0;1;1;1;0;0;1;1;1;0;1;1;0;0;0;0;0;
FILTRE;2014;420000226;420013831;INIT;1;1;1;1;1;0;1;1;1;0;1;0;1;0;0;;1;1;1;;;;;;;;;;;;;0;0;1;0;0;0;0;0;
FILTRE;2014;420000234;420780652;DECLA;1;1;1;0;1;1;1;1;0;0;1;0;1;0;0;0;1;0;1;1;1;1;0;1;1;1;0;1;0;0;1;0;1;1;0;0;0;0;0;
FILTRE;2014;420000234;420780652;INIT;1;1;1;0;1;1;1;1;0;0;0;0;1;0;0;;1;0;1;;;;;;;;;;;;;0;0;1;0;0;0;0;0;
FILTRE;2014;420000242;420780660;DECLA;0;0;0;0;1;0;0;0;0;0;0;0;0;0;0;0;0;0;0;1;0;0;0;1;0;1;0;1;0;1;1;0;0;0;0;0;0;0;0;
FILTRE;2014;420000242;420780660;INIT;0;0;0;0;1;0;0;0;0;0;0;0;0;0;0;;0;0;0;;;;;;;;;;;;;0;0;0;0;0;0;0;0;
FILTRE;2014;420000267;420013831;DECLA;1;1;1;0;1;0;1;1;0;0;1;0;1;1;0;1;1;1;1;1;0;1;0;1;1;1;0;1;0;1;1;0;1;1;0;0;0;0;0;
FILTRE;2014;420000267;420013831;INIT;1;1;0;0;1;0;1;1;0;0;1;0;1;1;0;;1;1;1;;;;;;;;;;;;;0;0;1;0;0;0;0;0;
FILTRE;2014;420000275;420780694;DECLA;0;0;0;0;1;1;0;0;0;0;0;0;0;0;0;0;0;0;0;0;0;0;0;1;0;1;0;0;0;0;1;0;0;0;0;0;0;0;0;
FILTRE;2014;420000275;420780694;INIT;0;0;0;0;1;1;0;0;0;0;0;0;0;0;0;;0;0;0;;;;;;;;;;;;;0;0;0;0;0;0;0;0;
FILTRE;2014;420000283;420780702;DECLA;0;0;0;0;1;0;0;0;0;0;0;0;0;0;0;0;0;0;0;0;0;0;0;1;0;0;0;0;0;0;1;0;0;0;0;0;0;0;0;
FILTRE;2014;420000283;420780702;INIT;0;0;0;0;1;0;0;0;0;0;0;0;0;0;0;;0;0;0;;;;;;;;;;;;;0;0;0;0;0;0;0;0;
FILTRE;2014;420000317;420780736;DECLA;1;0;0;0;1;0;0;0;0;0;0;0;0;0;0;0;0;0;0;0;0;0;0;1;0;1;0;0;0;0;0;0;0;0;0;0;0;0;0;
FILTRE;2014;420000317;420780736;INIT;1;0;0;0;1;0;1;0;0;0;0;0;0;0;0;;0;0;0;;;;;;;;;;;;;0;0;0;0;0;0;0;0;
FILTRE;2014;420000440;420784878;DECLA;1;0;0;0;1;0;0;0;0;0;0;0;0;0;0;0;0;0;0;0;0;0;0;0;0;0;0;0;0;0;0;0;0;0;0;0;0;0;0;
FILTRE;2014;420000440;420784878;INIT;1;0;0;0;0;0;1;0;0;0;0;0;0;0;0;;0;0;0;;;;;;;;;;;;;0;0;0;0;0;0;0;0;
FILTRE;2014;420000556;420781791;DECLA;0;0;0;0;1;0;0;0;0;0;0;0;0;0;0;0;0;0;0;0;0;0;0;1;0;1;0;0;0;0;1;0;0;0;0;0;0;0;0;
FILTRE;2014;420000556;420781791;INIT;0;0;0;0;1;0;0;0;0;0;0;0;0;0;0;;0;0;0;;;;;;;;;;;;;0;0;0;0;0;0;0;0;
FILTRE;2014;420002479;420002438;DECLA;0;0;0;0;0;0;0;0;0;0;0;0;0;0;1;1;0;0;0;0;0;0;0;1;0;1;0;0;0;0;0;0;0;0;0;0;0;0;0;
FILTRE;2014;420002479;420002438;INIT;0;0;0;0;0;0;0;0;0;0;1;0;0;0;1;;0;0;0;;;;;;;;;;;;;0;0;0;0;0;0;0;0;
FILTRE;2014;420002669;420784878;DECLA;0;0;0;1;0;0;0;0;1;0;0;0;0;0;0;0;0;0;0;0;0;0;0;0;0;0;0;0;0;0;0;0;0;0;0;0;0;0;0;
FILTRE;2014;420002669;420784878;INIT;0;0;0;0;0;0;0;0;1;0;0;0;0;0;0;;0;0;0;;;;;;;;;;;;;0;0;0;0;0;0;0;0;
FILTRE;2014;420002677;420787061;DECLA;0;0;0;0;1;0;0;0;0;0;0;0;0;0;0;0;0;0;0;0;0;0;0;0;0;0;0;0;0;0;0;0;0;0;0;0;0;0;0;
FILTRE;2014;420002677;420787061;INIT;0;0;0;0;1;0;0;0;0;0;0;0;0;0;0;;0;0;0;;;;;;;;;;;;;0;0;0;0;0;0;0;0;
FILTRE;2014;420009599;420002495;DECLA;1;0;0;0;1;0;0;0;0;0;0;0;0;0;0;1;0;0;0;0;0;0;0;0;0;0;0;0;0;0;1;0;0;0;0;0;0;0;0;
FILTRE;2014;420009599;420002495;INIT;1;0;0;0;1;0;1;0;0;0;0;0;0;0;0;;0;0;0;;;;;;;;;;;;;0;0;0;0;0;0;0;0;
FILTRE;2014;420010050;420787061;DECLA;1;1;0;0;0;0;1;1;0;0;1;0;0;0;0;0;1;0;1;0;0;0;0;1;1;1;0;0;0;0;0;0;1;1;0;0;0;0;0;
FILTRE;2014;420010050;420787061;INIT;1;1;0;0;0;0;1;1;0;0;1;0;0;0;0;;1;0;1;;;;;;;;;;;;;0;1;1;0;0;0;0;0;
FILTRE;2014;420010241;420013492;DECLA;1;0;0;0;0;0;1;0;0;1;1;0;0;0;0;0;0;0;0;1;0;0;0;1;0;0;0;0;0;0;0;0;1;0;0;0;1;0;0;
FILTRE;2014;420010241;420013492;INIT;1;0;0;0;0;0;1;0;0;1;1;0;0;0;0;;0;0;0;;;;;;;;;;;;;0;0;0;0;0;1;0;0;
FILTRE;2014;420010258;420010209;DECLA;0;0;0;0;0;0;0;0;0;0;0;0;0;0;1;0;0;0;0;0;0;0;0;1;0;1;0;0;0;0;0;0;0;0;0;0;0;0;0;
FILTRE;2014;420010258;420010209;INIT;0;0;0;0;0;0;0;0;0;0;0;0;0;0;1;;0;0;0;;;;;;;;;;;;;0;0;0;0;0;0;0;0;
FILTRE;2014;420010308;420010209;DECLA;0;0;0;0;0;0;0;0;0;0;0;0;0;0;1;0;0;0;0;0;0;0;0;1;0;1;0;0;0;0;0;0;0;0;0;0;0;0;0;
FILTRE;2014;420010308;420010209;INIT;0;0;0;0;0;0;0;0;0;0;0;0;0;0;1;;0;0;0;;;;;;;;;;;;;0;0;0;0;0;0;0;0;
FILTRE;2014;420011413;420011405;DECLA;1;1;1;0;0;0;1;1;0;0;1;0;1;0;0;0;1;0;1;1;1;1;0;1;1;1;0;0;0;0;1;1;1;1;0;0;0;0;0;
FILTRE;2014;420011413;420011405;INIT;1;1;1;0;0;0;1;1;0;0;1;0;1;0;0;;1;0;1;;;;;;;;;;;;;1;1;1;0;0;0;0;0;
FILTRE;2014;420011512;420011504;DECLA;0;0;0;0;1;0;0;0;0;0;0;0;0;0;0;1;0;0;0;0;0;0;0;1;0;1;0;0;0;0;0;0;0;0;0;0;0;0;0;
FILTRE;2014;420011512;420011504;INIT;0;0;0;0;1;0;0;0;0;0;0;0;0;0;0;;0;0;0;;;;;;;;;;;;;0;0;0;0;0;0;0;0;
FILTRE;2014;420011603;420001752;DECLA;0;0;0;0;0;0;0;0;0;0;0;1;0;0;0;0;0;0;0;0;0;0;0;1;0;0;0;0;0;0;0;0;0;0;0;0;0;0;0;
FILTRE;2014;420011603;420001752;INIT;0;0;0;0;0;0;0;0;0;0;0;1;0;0;0;;0;0;0;;;;;;;;;;;;;0;0;0;0;0;0;0;0;
FILTRE;2014;420011660;420011652;DECLA;0;0;0;0;1;0;0;0;0;0;0;0;0;0;0;0;0;0;0;0;0;0;0;0;0;1;0;0;0;0;0;0;0;0;0;0;0;0;0;
FILTRE;2014;420011660;420011652;INIT;0;0;0;0;1;0;0;0;0;0;0;0;0;0;0;;0;0;0;;;;;;;;;;;;;0;0;0;0;0;0;0;0;
FILTRE;2014;420011728;920028560;DECLA;0;0;0;0;1;0;0;0;0;0;0;0;0;0;0;0;0;0;0;0;0;0;0;1;0;1;0;0;0;0;0;0;0;0;0;0;0;0;0;
FILTRE;2014;420011728;920028560;INIT;0;0;0;0;1;0;0;0;0;0;0;0;0;0;0;;0;0;0;;;;;;;;;;;;;0;0;0;0;0;0;0;0;
FILTRE;2014;420012320;420013831;DECLA;0;0;0;0;0;0;0;0;1;0;0;0;0;0;0;0;0;0;0;0;0;0;0;0;0;0;0;0;0;0;0;0;0;0;0;0;0;0;0;
FILTRE;2014;420012320;420013831;INIT;0;0;0;0;0;0;0;0;1;0;0;0;0;0;0;;0;0;0;;;;;;;;;;;;;0;0;0;0;0;0;0;0;
FILTRE;2014;420012536;420001752;DECLA;0;0;0;0;0;0;0;0;0;0;0;1;0;0;0;0;0;0;0;0;0;0;0;1;0;0;0;0;0;0;0;0;0;0;0;0;0;0;0;
FILTRE;2014;420012536;420001752;INIT;0;0;0;0;0;0;0;0;0;0;0;1;0;0;0;;0;0;0;;;;;;;;;;;;;0;0;0;0;0;0;0;0;
FILTRE;2014;420013005;690007182;DECLA;0;0;0;0;0;0;0;0;0;0;0;0;0;0;1;0;0;0;0;0;0;0;0;0;0;1;0;0;0;0;0;0;0;0;0;0;0;0;0;
FILTRE;2014;420013005;690007182;INIT;0;0;0;0;0;0;0;0;0;0;0;0;0;0;1;;0;0;0;;;;;;;;;;;;;0;0;0;0;0;0;0;0;
FILTRE;2014;420014110;420007098;DECLA;0;0;0;0;1;0;0;0;0;0;0;0;0;0;0;0;0;0;0;0;0;0;0;0;0;1;0;0;0;0;0;0;0;0;0;0;0;0;0;
FILTRE;2014;420014110;420007098;INIT;0;0;0;0;1;0;0;0;0;0;0;0;0;0;0;;0;0;0;;;;;;;;;;;;;0;0;0;0;0;0;0;0;
FILTRE;2014;420780348;440051910;DECLA;0;0;0;0;1;0;0;0;0;0;0;0;0;0;0;1;0;0;0;0;0;0;0;1;0;1;0;0;0;0;0;0;0;0;0;0;0;0;0;
FILTRE;2014;420780348;440051910;INIT;0;0;0;0;1;0;0;0;0;0;0;0;0;0;0;;0;0;0;;;;;;;;;;;;;0;0;0;0;0;0;0;0;
FILTRE;2014;420780504;420000135;DECLA;1;1;0;0;0;0;1;1;0;0;0;0;0;0;0;1;1;0;1;0;0;1;0;1;1;1;0;0;0;0;1;0;1;1;0;0;0;0;0;
FILTRE;2014;420780504;420000135;INIT;1;1;0;0;0;0;1;1;0;0;0;0;0;0;0;;1;0;1;;;;;;;;;;;;;0;0;1;0;0;0;0;0;
FILTRE;2014;420780546;420000168;DECLA;0;0;0;0;0;1;0;0;0;0;0;0;0;0;0;0;0;0;0;0;0;0;0;0;0;0;0;0;0;1;0;0;0;0;0;0;0;0;0;
FILTRE;2014;420780546;420000168;INIT;0;0;0;0;0;1;0;0;0;0;0;0;0;0;0;;0;0;0;;;;;;;;;;;;;0;0;0;0;0;0;0;0;
FILTRE;2014;420780637;420002495;DECLA;1;1;1;0;0;0;1;1;0;0;1;0;1;0;0;0;1;0;1;1;0;1;0;1;1;1;0;1;0;0;1;0;1;1;0;0;0;0;0;
FILTRE;2014;420780637;420002495;INIT;1;1;1;0;0;0;1;1;0;0;1;0;1;0;0;;1;0;1;;;;;;;;;;;;;0;0;1;0;0;0;0;0;
FILTRE;2014;420780678;420002495;DECLA;0;0;0;0;1;0;0;0;0;0;0;0;0;0;0;0;0;0;0;1;0;0;0;0;0;0;0;0;0;0;1;0;0;0;0;0;0;0;0;
FILTRE;2014;420780678;420002495;INIT;0;0;0;0;1;0;0;0;0;0;0;0;0;0;0;;0;0;0;;;;;;;;;;;;;0;0;0;0;0;0;0;0;
FILTRE;2014;420780744;420000325;DECLA;0;0;0;0;1;0;0;0;0;0;0;0;0;0;0;0;0;0;0;0;0;0;0;0;0;1;0;0;0;0;1;0;0;0;0;0;0;0;0;
FILTRE;2014;420780744;420000325;INIT;0;0;0;0;1;0;0;0;0;0;0;0;0;0;0;;0;0;0;;;;;;;;;;;;;0;0;0;0;0;0;0;0;
FILTRE;2014;420781767;420000523;DECLA;0;0;0;1;0;0;0;0;0;0;0;0;0;0;0;0;0;0;0;0;0;0;0;1;0;0;0;0;0;0;0;0;0;0;0;0;0;0;0;
FILTRE;2014;420781767;420000523;INIT;0;0;0;1;0;0;0;0;0;0;0;0;0;0;0;;0;0;0;;;;;;;;;;;;;0;0;0;0;0;0;0;0;
FILTRE;2014;420782096;420787061;DECLA;0;0;0;0;1;0;0;0;0;0;0;0;0;0;0;0;0;0;0;0;0;0;0;1;0;1;0;0;0;0;1;0;0;0;0;0;0;0;0;
FILTRE;2014;420782096;420787061;INIT;0;0;0;0;1;0;0;0;0;0;0;0;0;0;0;;0;0;0;;;;;;;;;;;;;0;0;0;0;0;0;0;0;
FILTRE;2014;420782310;420000853;DECLA;1;1;1;0;0;0;1;1;0;0;1;0;1;0;0;0;1;0;1;0;0;0;0;1;1;1;0;0;0;0;0;0;1;1;0;0;0;0;0;
FILTRE;2014;420782310;420000853;INIT;1;1;0;0;0;0;1;1;0;0;1;0;1;0;0;;1;0;1;;;;;;;;;;;;;0;0;1;0;0;0;0;0;
FILTRE;2014;420782559;420784878;DECLA;1;0;0;1;1;1;1;0;1;0;0;0;0;0;0;1;0;0;0;1;0;0;0;1;1;0;0;1;0;1;0;0;0;0;0;0;0;0;0;
FILTRE;2014;420782559;420784878;INIT;1;0;0;1;1;1;1;0;1;0;0;0;0;0;0;;0;1;0;;;;;;;;;;;;;0;0;0;0;0;0;0;0;
FILTRE;2014;420782567;420784878;DECLA;1;0;0;0;1;1;1;0;1;0;0;0;0;0;0;1;0;0;0;1;0;0;0;0;0;0;0;0;0;1;0;0;0;0;0;0;0;0;0;
FILTRE;2014;420782567;420784878;INIT;1;0;0;0;1;1;1;0;1;0;0;0;0;0;0;;0;0;0;;;;;;;;;;;;;0;0;0;0;0;0;0;0;
FILTRE;2014;420782591;420000887;DECLA;0;0;0;0;1;0;1;1;0;0;0;0;0;0;0;0;0;0;1;0;0;0;0;1;1;1;0;0;0;0;1;0;0;0;0;0;0;0;0;
FILTRE;2014;420782591;420000887;INIT;0;0;0;0;1;0;0;1;0;0;0;0;0;0;0;;0;0;1;;;;;;;;;;;;;0;0;0;0;0;0;0;0;
FILTRE;2014;420783102;420000929;DECLA;0;0;0;1;0;0;0;0;1;0;0;0;0;0;0;0;0;0;0;0;0;0;0;0;0;0;0;0;0;0;0;0;0;0;0;0;0;0;0;
FILTRE;2014;420783102;420000929;INIT;0;0;0;1;0;0;0;0;1;0;0;0;0;0;0;;0;0;0;;;;;;;;;;;;;0;0;0;0;0;0;0;0;
FILTRE;2014;420784845;420780033;DECLA;0;0;0;0;1;1;0;0;0;0;0;0;0;0;0;0;0;0;0;0;0;0;0;0;0;0;0;0;0;0;0;0;0;0;0;0;0;0;0;
FILTRE;2014;420784845;420780033;INIT;0;0;0;0;1;1;0;0;0;0;0;0;0;0;0;;0;0;0;;;;;;;;;;;;;0;0;0;0;0;0;0;0;
FILTRE;2014;420785354;420784878;DECLA;1;1;1;1;0;0;1;1;1;0;1;1;1;0;0;1;1;1;1;1;1;1;1;1;1;1;1;0;1;1;0;1;1;1;1;1;1;0;1;
FILTRE;2014;420785354;420784878;INIT;1;1;1;1;1;0;1;1;1;0;1;1;1;0;0;;1;1;1;;;;;;;;;;;;;1;1;1;1;1;1;0;1;
FILTRE;2014;420786808;420001752;DECLA;0;0;0;0;0;0;0;0;0;0;0;1;0;0;0;0;0;0;0;0;0;0;0;1;0;0;0;0;0;0;0;0;0;0;0;0;0;0;0;
FILTRE;2014;420786808;420001752;INIT;0;0;0;0;0;0;0;0;0;0;0;1;0;0;0;;0;0;0;;;;;;;;;;;;;0;0;0;0;0;0;0;0;
FILTRE;2014;420787525;420001752;DECLA;0;0;0;0;0;0;0;0;0;0;0;1;0;0;0;0;0;0;0;0;0;0;0;1;0;0;0;0;0;0;0;0;0;0;0;0;0;0;0;
FILTRE;2014;420787525;420001752;INIT;0;0;0;0;0;0;0;0;0;0;0;1;0;0;0;;0;0;0;;;;;;;;;;;;;0;0;0;0;0;0;0;0;
FILTRE;2014;420788440;420001794;DECLA;0;0;0;1;0;0;0;0;1;0;0;0;0;0;0;0;0;0;0;0;0;0;0;1;0;1;0;0;0;0;0;0;0;0;0;0;0;0;0;
FILTRE;2014;420788440;420001794;INIT;0;0;0;1;0;0;0;0;1;0;0;0;0;0;0;;0;0;0;;;;;;;;;;;;;0;0;0;0;0;0;0;0;
FILTRE;2014;420788689;420001752;DECLA;0;0;0;0;0;0;0;0;0;0;0;1;0;0;0;0;0;0;0;0;0;0;0;1;0;0;0;0;0;0;0;0;0;0;0;0;0;0;0;
FILTRE;2014;420788689;420001752;INIT;0;0;0;0;0;0;0;0;0;0;0;1;0;0;0;;0;0;0;;;;;;;;;;;;;0;0;0;0;0;0;0;0;
FILTRE;2014;420789067;420780710;DECLA;0;0;0;0;0;1;0;0;0;0;0;0;0;0;0;0;0;0;0;0;0;0;0;1;0;0;0;0;0;0;1;0;0;0;0;0;0;0;0;
FILTRE;2014;420789067;420780710;INIT;0;0;0;0;0;1;0;0;0;0;0;0;0;0;0;;0;0;0;;;;;;;;;;;;;0;0;0;0;0;0;0;0;
FILTRE;2014;420789968;420001752;DECLA;0;0;0;0;0;0;0;0;0;0;0;1;0;0;0;0;0;0;0;0;0;0;0;1;0;0;0;0;0;0;0;0;0;0;0;0;0;0;0;
FILTRE;2014;420789968;420001752;INIT;0;0;0;0;0;0;0;0;0;0;0;1;0;0;0;;0;0;0;;;;;;;;;;;;;0;0;0;0;0;0;0;0;
FILTRE;2014;420790081;750056335;DECLA;0;0;0;1;0;0;0;0;0;0;0;0;0;0;0;0;0;0;0;0;0;0;0;1;0;1;0;0;0;0;1;0;0;0;0;0;0;0;0;
FILTRE;2014;420790081;750056335;INIT;0;0;0;1;0;0;0;0;0;0;0;0;0;0;0;;0;0;0;;;;;;;;;;;;;0;0;0;0;0;0;0;0;
FILTRE;2014;420793697;420793689;DECLA;0;0;0;0;1;0;0;0;0;0;0;0;0;0;0;0;0;0;0;0;0;0;0;1;0;0;0;0;0;0;0;0;0;0;0;0;0;0;0;
FILTRE;2014;420793697;420793689;INIT;0;0;0;0;1;0;0;0;0;0;0;0;0;0;0;;0;0;0;;;;;;;;;;;;;0;0;0;0;0;0;0;0;
FILTRE;2014;430000026;630786754;DECLA;0;0;0;1;0;0;0;0;1;0;0;0;0;0;0;0;0;0;0;0;0;0;0;1;0;1;0;0;0;0;0;0;0;0;0;0;0;0;0;
FILTRE;2014;430000026;630786754;INIT;0;0;0;1;0;0;0;0;1;0;0;0;0;0;0;;0;0;0;;;;;;;;;;;;;0;0;0;0;0;0;0;0;
FILTRE;2014;430000109;430000372;DECLA;1;1;0;0;0;0;0;1;0;0;0;0;0;0;0;0;0;0;1;0;0;0;0;1;0;1;0;0;0;0;0;0;1;1;0;0;0;0;0;
FILTRE;2014;430000109;430000372;INIT;1;1;0;0;0;0;1;1;0;0;0;0;0;0;0;;0;0;1;;;;;;;;;;;;;0;0;1;0;0;0;0;0;
FILTRE;2014;430000117;430000018;DECLA;1;1;1;0;1;1;1;1;0;1;1;1;1;0;1;0;1;1;1;1;1;1;0;1;1;1;0;1;1;1;1;1;1;1;0;0;0;0;0;
FILTRE;2014;430000117;430000018;INIT;1;1;1;0;1;1;1;1;0;1;1;1;1;0;1;;1;1;1;;;;;;;;;;;;;0;1;1;0;0;0;0;0;
FILTRE;2014;430000141;430005843;DECLA;0;0;0;0;1;0;0;0;0;0;0;0;0;0;0;0;0;0;0;0;0;0;0;1;0;1;0;0;0;0;0;0;0;0;0;0;0;0;0;
FILTRE;2014;430000141;430005843;INIT;0;0;0;0;1;0;0;0;0;0;0;0;0;0;0;;0;0;0;;;;;;;;;;;;;0;0;0;0;0;0;0;0;
FILTRE;2014;430000158;430000380;DECLA;0;0;0;0;1;0;0;0;0;0;0;0;0;0;0;0;0;0;0;0;0;0;0;1;0;0;0;0;0;0;0;0;0;0;0;0;0;0;0;
FILTRE;2014;430000158;430000380;INIT;0;0;0;0;1;0;0;0;0;0;0;0;0;0;0;;0;0;0;;;;;;;;;;;;;0;0;0;0;0;0;0;0;
FILTRE;2014;430000166;430005843;DECLA;0;0;0;0;1;0;0;0;0;0;0;0;0;0;0;0;0;0;0;0;0;0;0;0;0;0;0;0;0;0;0;0;0;0;0;0;0;0;0;
FILTRE;2014;430000166;430005843;INIT;0;0;0;0;1;0;0;0;0;0;0;0;0;0;0;;0;0;0;;;;;;;;;;;;;0;0;0;0;0;0;0;0;
FILTRE;2014;430000182;430007708;DECLA;0;0;0;0;1;0;0;0;0;0;0;0;0;0;0;0;0;0;0;0;0;0;0;0;0;0;0;0;0;0;0;0;0;0;0;0;0;0;0;
FILTRE;2014;430000182;430007708;INIT;0;0;0;0;1;0;0;0;0;0;0;0;0;0;0;;0;0;0;;;;;;;;;;;;;0;0;0;0;0;0;0;0;
FILTRE;2014;430000190;430000034;DECLA;1;1;0;0;1;1;1;1;0;0;1;0;0;1;0;0;1;1;1;1;0;1;0;1;0;1;0;0;0;1;1;0;1;0;0;0;0;0;0;
FILTRE;2014;430000190;430000034;INIT;1;1;0;0;1;1;1;1;0;0;0;0;0;1;1;;1;1;1;;;;;;;;;;;;;0;0;0;0;0;0;0;0;
FILTRE;2014;430000216;750811820;DECLA;0;0;0;0;1;0;0;0;0;0;0;0;0;0;0;0;0;0;0;0;0;0;0;1;0;1;0;0;0;1;0;0;0;0;0;0;0;0;0;
FILTRE;2014;430000216;750811820;INIT;0;0;0;0;1;0;0;0;0;0;0;0;0;0;0;;0;0;0;;;;;;;;;;;;;0;0;0;0;0;0;0;0;
FILTRE;2014;430000299;430000059;DECLA;1;0;0;0;1;0;1;0;0;0;0;0;0;0;0;0;0;0;0;0;0;0;0;1;0;1;0;0;0;0;1;0;0;0;0;0;0;0;0;
FILTRE;2014;430000299;430000059;INIT;1;0;0;0;1;0;0;0;0;0;0;0;0;0;0;;0;0;0;;;;;;;;;;;;;0;0;0;0;0;0;0;0;
FILTRE;2014;430000307;430000067;DECLA;1;0;0;0;1;1;0;0;0;0;0;0;0;0;0;0;0;0;0;1;0;0;0;1;0;1;0;1;1;1;1;0;0;0;0;0;0;0;0;
FILTRE;2014;430000307;430000067;INIT;1;0;0;0;0;1;0;0;0;0;0;0;0;0;0;;0;0;0;;;;;;;;;;;;;0;0;0;0;0;0;0;0;
FILTRE;2014;430000356;430000091;DECLA;1;0;0;0;1;1;0;0;0;0;0;0;0;0;0;0;0;0;0;0;0;0;0;1;0;0;0;0;0;1;1;0;0;0;0;0;0;0;0;
FILTRE;2014;430000356;430000091;INIT;1;0;0;0;1;1;0;0;0;0;0;0;0;0;0;;0;0;0;;;;;;;;;;;;;0;0;0;0;0;0;0;0;
FILTRE;2014;430003475;420001752;DECLA;0;0;0;0;0;0;0;0;0;0;0;1;0;0;0;0;0;0;0;0;0;0;0;1;0;0;0;0;0;0;0;0;0;0;0;0;0;0;0;
FILTRE;2014;430003475;420001752;INIT;0;0;0;0;0;0;0;0;0;0;0;1;0;0;0;;0;0;0;;;;;;;;;;;;;0;0;0;0;0;0;0;0;
FILTRE;2014;430004309;630000990;DECLA;0;0;0;0;0;0;0;0;0;0;0;1;0;0;0;0;0;0;0;0;0;0;0;0;0;0;0;0;0;0;0;0;0;0;0;0;0;0;0;
FILTRE;2014;430004309;630000990;INIT;0;0;0;0;0;0;0;0;0;0;0;1;0;0;0;;0;0;0;;;;;;;;;;;;;0;0;0;0;0;0;0;0;
FILTRE;2014;430004358;630000990;DECLA;0;0;0;0;0;0;0;0;0;0;0;1;0;0;0;0;0;0;0;0;0;0;0;0;0;0;0;0;0;0;0;0;0;0;0;0;0;0;0;
FILTRE;2014;430004358;630000990;INIT;0;0;0;0;0;0;0;0;0;0;0;1;0;0;0;;0;0;0;;;;;;;;;;;;;0;0;0;0;0;0;0;0;
FILTRE;2014;430004408;630000990;DECLA;0;0;0;0;0;0;0;0;0;0;0;1;0;0;0;0;0;0;0;0;0;0;0;0;0;0;0;0;0;0;0;0;0;0;0;0;0;0;0;
FILTRE;2014;430004408;630000990;INIT;0;0;0;0;0;0;0;0;0;0;0;1;0;0;0;;0;0;0;;;;;;;;;;;;;0;0;0;0;0;0;0;0;
FILTRE;2014;430007419;630786754;DECLA;0;0;0;0;0;1;0;0;0;0;0;0;0;0;0;1;0;0;0;0;0;0;0;1;0;0;0;0;0;0;0;0;0;0;0;0;0;0;0;
FILTRE;2014;430007419;630786754;INIT;0;0;0;0;0;1;0;0;0;0;0;0;0;0;0;;0;0;0;;;;;;;;;;;;;0;0;0;0;0;0;0;0;
FILTRE;2014;430007450;690030069;DECLA;1;0;0;0;1;0;1;0;0;0;0;0;0;0;0;0;0;0;0;0;0;0;0;1;0;0;0;0;0;0;1;0;0;0;0;0;0;0;0;
FILTRE;2014;430007450;690030069;INIT;1;0;0;0;1;0;1;0;0;0;0;0;0;0;0;;0;0;0;;;;;;;;;;;;;0;0;0;0;0;0;0;0;
FILTRE;2014;440000016;440000057;DECLA;1;1;1;0;1;1;1;1;0;0;1;1;1;0;0;0;1;1;1;1;1;1;1;1;1;1;0;0;1;1;0;1;1;1;0;0;0;0;0;
FILTRE;2014;440000016;440000057;INIT;1;1;1;1;1;0;1;1;0;0;0;1;1;0;1;;1;1;1;;;;;;;;;;;;;1;1;1;0;0;0;0;0;
FILTRE;2014;440000024;440000065;DECLA;0;0;0;0;1;0;0;0;0;0;0;0;0;0;0;0;0;0;0;0;0;0;0;0;0;0;0;0;0;0;0;0;0;0;0;0;0;0;0;
FILTRE;2014;440000024;440000065;INIT;0;0;0;0;1;0;0;0;0;0;0;0;0;0;0;;0;0;0;;;;;;;;;;;;;0;0;0;0;0;0;0;0;
FILTRE;2014;440000180;440000263;DECLA;0;0;0;1;0;1;0;0;1;0;0;0;0;0;0;0;0;0;0;1;0;0;0;1;1;1;0;0;0;0;1;0;0;0;0;0;0;0;0;
FILTRE;2014;440000180;440000263;INIT;0;0;0;1;0;1;0;0;1;0;0;0;0;0;0;;0;0;0;;;;;;;;;;;;;0;0;0;0;0;0;0;0;
FILTRE;2014;440000255;440042844;DECLA;0;0;0;0;1;0;0;0;0;0;0;0;0;0;0;0;0;0;0;0;0;1;0;1;0;1;0;0;0;0;1;0;0;0;0;0;0;0;0;
FILTRE;2014;440000255;440042844;INIT;0;0;0;0;1;0;0;0;0;0;0;0;0;0;0;;0;0;0;;;;;;;;;;;;;0;0;0;0;0;0;0;0;
FILTRE;2014;440000271;440000289;DECLA;1;1;1;0;0;0;1;1;0;0;1;1;1;0;1;0;1;1;1;1;1;1;1;0;0;1;1;1;1;1;0;1;1;1;0;0;1;1;1;
FILTRE;2014;440000271;440000289;INIT;1;1;1;0;0;0;1;1;0;1;1;1;1;0;1;;1;1;1;;;;;;;;;;;;;1;1;1;1;0;1;1;1;
FILTRE;2014;440000396;440000297;DECLA;1;1;1;0;1;0;1;1;0;0;0;0;1;0;0;0;1;0;1;1;0;0;0;1;1;1;0;1;0;1;1;0;0;0;0;0;0;0;0;
FILTRE;2014;440000396;440000297;INIT;1;1;1;0;1;0;1;1;0;0;0;0;1;0;0;;1;0;1;;;;;;;;;;;;;0;0;0;0;0;0;0;0;
FILTRE;2014;440000404;440000925;DECLA;0;1;0;0;0;0;0;1;0;0;0;0;0;0;0;0;0;0;1;0;0;1;0;1;1;1;0;0;0;0;0;0;1;1;0;0;0;0;0;
FILTRE;2014;440000404;440000925;INIT;0;1;0;0;0;0;0;1;0;0;0;0;0;0;0;;0;0;1;;;;;;;;;;;;;0;0;1;0;0;0;0;0;
FILTRE;2014;440000412;440000941;DECLA;1;1;1;0;1;0;1;1;0;0;0;0;1;0;0;1;0;0;1;1;0;1;1;1;1;1;0;0;1;0;0;0;1;1;0;0;0;0;0;
FILTRE;2014;440000412;440000941;INIT;1;1;1;0;1;0;1;1;0;0;0;0;1;0;0;;0;0;1;;;;;;;;;;;;;0;0;1;0;0;0;0;0;
FILTRE;2014;440000453;440000289;DECLA;1;0;0;0;1;0;1;0;0;0;0;0;0;0;0;0;0;0;1;1;0;1;0;0;0;0;0;0;1;0;1;0;0;0;0;0;0;0;0;
FILTRE;2014;440000453;440000289;INIT;1;0;0;0;1;0;1;0;0;0;0;0;0;0;0;;0;0;0;;;;;;;;;;;;;0;0;0;0;0;0;0;0;
FILTRE;2014;440000487;440001014;DECLA;0;1;0;0;0;0;0;1;0;0;0;0;0;0;0;0;0;0;1;1;0;0;1;1;1;1;0;0;0;0;0;0;0;1;0;0;0;0;0;
FILTRE;2014;440000487;440001014;INIT;0;1;0;0;0;0;0;1;0;0;0;0;1;0;0;;0;0;1;;;;;;;;;;;;;0;0;1;0;0;0;0;0;
FILTRE;2014;440000503;440000313;DECLA;1;1;1;0;1;1;1;0;0;0;1;0;1;0;0;1;1;1;1;1;0;1;0;1;0;1;1;1;0;1;1;0;1;0;0;0;0;0;0;
FILTRE;2014;440000503;440000313;INIT;1;0;1;0;1;0;1;0;0;0;0;0;1;0;0;;1;1;0;;;;;;;;;;;;;0;0;0;0;0;0;0;0;
FILTRE;2014;440000511;440000461;DECLA;0;1;0;0;0;0;0;1;0;0;0;0;0;0;0;0;0;0;1;0;0;0;0;0;0;0;0;0;0;0;0;0;0;0;0;0;0;0;0;
FILTRE;2014;440000511;440000461;INIT;0;1;0;0;0;0;0;1;0;0;0;0;0;0;0;;0;0;1;;;;;;;;;;;;;0;0;0;0;0;0;0;0;
FILTRE;2014;440000552;440042141;DECLA;0;0;0;0;1;1;1;0;0;0;0;0;0;0;0;0;0;0;0;0;0;0;0;1;0;1;0;0;0;1;1;0;0;0;0;0;0;0;0;
FILTRE;2014;440000552;440042141;INIT;1;0;0;0;1;0;1;0;0;0;0;0;0;0;0;;0;0;0;;;;;;;;;;;;;0;0;0;0;0;0;0;0;
FILTRE;2014;440000560;850009010;DECLA;1;0;0;0;1;0;1;0;0;0;0;0;0;0;0;0;0;0;0;1;0;0;0;0;0;0;0;1;0;1;0;0;0;0;0;0;0;0;0;
FILTRE;2014;440000560;850009010;INIT;1;0;0;0;1;0;1;0;0;0;0;0;0;0;0;;0;0;0;;;;;;;;;;;;;0;0;0;0;0;0;0;0;
FILTRE;2014;440000644;440000347;DECLA;0;0;0;0;1;1;0;0;0;0;0;0;0;0;0;0;0;0;0;0;0;0;0;1;0;1;0;0;0;1;1;0;0;0;0;0;0;0;0;
FILTRE;2014;440000644;440000347;INIT;0;0;0;0;1;1;0;0;0;0;0;0;0;0;0;;0;0;0;;;;;;;;;;;;;0;0;0;0;0;0;0;0;
FILTRE;2014;440000651;440001212;DECLA;0;1;0;0;0;0;0;1;0;0;0;0;0;0;0;0;0;0;1;0;0;0;1;1;1;1;0;0;0;0;0;0;0;1;0;0;0;0;0;
FILTRE;2014;440000651;440001212;INIT;0;1;0;0;0;0;0;1;0;0;0;0;0;0;0;;0;0;1;;;;;;;;;;;;;0;0;1;0;0;0;0;0;
FILTRE;2014;440000677;440000313;DECLA;0;0;0;0;1;0;1;0;0;0;0;0;0;0;0;0;0;0;0;0;0;0;0;1;0;0;0;0;0;0;1;0;0;0;0;0;0;0;0;
FILTRE;2014;440000677;440000313;INIT;0;0;0;0;1;0;0;0;0;0;0;0;0;0;0;;0;0;0;;;;;;;;;;;;;0;0;0;0;0;0;0;0;
FILTRE;2014;440000693;440041895;DECLA;0;0;0;0;1;0;0;0;0;0;0;0;0;0;0;0;0;0;0;0;0;0;0;1;0;1;0;0;0;1;0;0;0;0;0;0;0;0;0;
FILTRE;2014;440000693;440041895;INIT;0;0;0;0;1;0;0;0;0;0;0;0;0;0;0;;0;0;0;;;;;;;;;;;;;0;0;0;0;0;0;0;0;
FILTRE;2014;440000701;440001220;DECLA;0;0;0;0;1;0;0;0;0;0;0;0;0;0;0;0;0;0;0;0;0;0;0;1;0;0;0;0;0;0;0;0;0;0;0;0;0;0;0;
FILTRE;2014;440000701;440001220;INIT;0;0;0;0;1;0;0;0;0;0;0;0;0;0;0;;0;0;0;;;;;;;;;;;;;0;0;0;0;0;0;0;0;
FILTRE;2014;440000719;440018729;DECLA;0;0;0;0;1;0;0;0;0;0;0;0;0;0;0;0;0;0;0;0;0;0;0;0;0;0;0;0;0;0;0;0;0;0;0;0;0;0;0;
FILTRE;2014;440000719;440018729;INIT;0;0;0;0;1;0;0;0;0;0;0;0;0;0;0;;0;0;0;;;;;;;;;;;;;0;0;0;0;0;0;0;0;
FILTRE;2014;440000800;440001246;DECLA;0;0;0;1;0;0;0;0;1;0;0;0;0;0;0;0;0;0;0;0;0;0;0;1;0;1;0;0;0;0;0;0;0;0;0;0;0;0;0;
FILTRE;2014;440000800;440001246;INIT;0;0;0;1;0;0;0;0;1;0;0;0;0;0;0;;0;0;0;;;;;;;;;;;;;0;0;0;0;0;0;0;0;
FILTRE;2014;440000883;440042141;DECLA;1;0;0;0;1;1;1;0;0;0;0;0;0;0;0;0;0;0;0;0;0;0;0;1;0;1;0;0;0;1;1;0;0;0;0;0;0;0;0;
FILTRE;2014;440000883;440042141;INIT;1;0;0;0;1;1;1;0;0;0;0;0;0;0;0;;0;0;0;;;;;;;;;;;;;0;0;0;0;0;0;0;0;
FILTRE;2014;440001113;490017258;DECLA;1;1;0;0;0;0;1;1;0;1;1;0;0;0;0;0;0;0;1;1;1;0;0;1;0;1;0;0;1;1;0;0;1;1;0;0;0;0;0;
FILTRE;2014;440001113;490017258;INIT;1;1;0;0;0;0;1;1;0;1;1;0;0;0;0;;0;0;1;;;;;;;;;;;;;0;0;1;0;0;0;0;0;
FILTRE;2014;440001188;440018661;DECLA;0;0;0;0;1;0;0;0;0;0;0;0;0;0;0;0;0;0;0;1;0;0;0;1;0;1;0;0;0;0;0;0;0;0;0;0;0;0;0;
FILTRE;2014;440001188;440018661;INIT;0;0;0;0;1;0;0;0;0;0;0;0;0;0;0;;0;0;0;;;;;;;;;;;;;0;0;0;0;0;0;0;0;
FILTRE;2014;440001253;440028538;DECLA;1;0;0;0;1;1;1;0;0;0;0;0;0;0;0;0;0;0;0;0;0;0;0;1;1;1;0;1;0;1;1;0;0;0;0;0;0;0;0;
FILTRE;2014;440001253;440028538;INIT;1;0;0;0;1;1;1;0;0;0;0;0;0;0;0;;0;0;0;;;;;;;;;;;;;0;0;0;0;0;0;0;0;
FILTRE;2014;440001261;440028538;DECLA;0;0;0;0;1;0;0;0;0;0;0;0;0;0;0;0;0;0;0;0;0;0;0;1;1;1;0;1;0;0;1;0;0;0;0;0;0;0;0;
FILTRE;2014;440001261;440028538;INIT;1;0;0;0;1;0;1;0;0;0;0;0;0;0;0;;0;0;0;;;;;;;;;;;;;0;0;0;0;0;0;0;0;
FILTRE;2014;440001279;440041531;DECLA;0;0;0;0;1;0;0;0;0;0;0;0;0;0;0;0;0;0;0;0;0;0;0;0;0;1;0;0;0;0;0;0;0;0;0;0;0;0;0;
FILTRE;2014;440001279;440041531;INIT;0;0;0;0;1;0;0;0;0;0;0;0;0;0;0;;0;0;0;;;;;;;;;;;;;0;0;0;0;0;0;0;0;
FILTRE;2014;440001287;440041531;DECLA;1;0;0;0;1;0;0;0;0;0;0;0;0;0;0;0;0;0;0;0;0;0;0;1;0;1;0;0;0;1;0;0;0;0;0;0;0;0;0;
FILTRE;2014;440001287;440041531;INIT;1;0;0;0;1;0;1;0;0;0;0;0;0;0;0;;0;0;0;;;;;;;;;;;;;0;0;0;0;0;0;0;0;
FILTRE;2014;440001295;440000859;DECLA;1;0;0;0;1;1;0;0;0;0;0;0;0;0;0;0;0;0;0;0;0;0;0;1;0;1;0;0;0;0;1;0;0;0;0;0;0;0;0;
FILTRE;2014;440001295;440000859;INIT;1;0;0;0;1;1;1;0;0;0;0;0;0;0;0;;0;0;0;;;;;;;;;;;;;0;0;0;0;0;0;0;0;
FILTRE;2014;440001964;440003267;DECLA;0;0;0;0;1;1;0;0;0;0;0;0;0;0;0;0;0;0;0;0;0;0;0;1;1;1;0;0;0;0;0;0;0;0;0;0;0;0;0;
FILTRE;2014;440001964;440003267;INIT;0;0;0;0;1;1;0;0;0;0;0;0;0;0;0;;0;0;0;;;;;;;;;;;;;0;0;0;0;0;0;0;0;
FILTRE;2014;440001972;440003309;DECLA;0;0;0;1;0;0;0;0;1;0;0;0;0;0;0;0;0;0;0;0;0;0;0;1;0;1;0;0;0;0;0;0;0;0;0;0;0;0;0;
FILTRE;2014;440001972;440003309;INIT;0;0;0;1;0;0;0;0;1;0;0;0;0;0;0;;0;0;0;;;;;;;;;;;;;0;0;0;0;0;0;0;0;
FILTRE;2014;440002020;440001386;DECLA;1;1;0;0;0;0;0;1;0;0;0;0;0;0;0;0;0;0;1;0;0;1;0;1;1;1;0;0;0;0;0;0;1;1;0;0;0;0;0;
FILTRE;2014;440002020;440001386;INIT;1;1;0;0;0;0;1;1;0;0;0;0;0;0;0;;0;0;1;;;;;;;;;;;;;0;0;1;0;0;0;0;0;
FILTRE;2014;440002459;440001501;DECLA;0;0;0;0;1;0;0;0;0;0;0;0;0;0;0;0;0;0;0;0;0;0;0;1;0;1;0;0;0;1;0;0;0;0;0;0;0;0;0;
FILTRE;2014;440002459;440001501;INIT;0;0;0;0;1;0;0;0;0;0;0;0;0;0;0;;0;0;0;;;;;;;;;;;;;0;0;0;0;0;0;0;0;
FILTRE;2014;440002939;440001758;DECLA;0;0;0;0;0;1;0;0;0;0;0;0;0;0;0;0;0;0;0;0;0;0;0;1;0;0;0;0;0;0;1;0;0;0;0;0;0;0;0;
FILTRE;2014;440002939;440001758;INIT;0;0;0;0;0;1;0;0;0;0;0;0;0;0;0;;0;0;0;;;;;;;;;;;;;0;0;0;0;0;0;0;0;
FILTRE;2014;440003291;440000289;DECLA;0;0;0;0;1;0;0;0;0;0;0;0;0;0;0;0;0;0;0;1;0;0;0;1;1;0;0;0;0;0;1;0;0;0;0;0;0;0;0;
FILTRE;2014;440003291;440000289;INIT;0;0;0;0;1;0;0;0;0;0;0;0;0;0;0;;0;0;0;;;;;;;;;;;;;0;0;0;0;0;0;0;0;
FILTRE;2014;440003390;440001998;DECLA;0;0;0;1;0;0;0;0;1;0;0;0;0;0;0;0;0;0;0;0;0;0;0;1;0;1;0;0;0;0;0;0;0;0;0;0;0;0;0;
FILTRE;2014;440003390;440001998;INIT;0;0;0;1;0;0;0;0;1;0;0;0;0;0;0;;0;0;0;;;;;;;;;;;;;0;0;0;0;0;0;0;0;
FILTRE;2014;440005080;440002590;DECLA;0;0;0;0;0;0;0;0;0;0;0;1;0;0;0;0;0;0;0;0;0;0;0;1;0;0;0;0;0;0;1;0;0;0;0;0;0;0;0;
FILTRE;2014;440005080;440002590;INIT;0;0;0;0;0;0;0;0;0;0;0;1;0;0;0;;0;0;0;;;;;;;;;;;;;0;0;0;0;0;0;0;0;
FILTRE;2014;440007482;440007482;DECLA;0;0;0;1;0;0;0;0;0;0;0;0;0;0;0;0;0;0;0;0;0;0;0;0;0;0;0;0;0;0;0;0;0;0;0;0;0;0;0;
FILTRE;2014;440007482;440007482;INIT;0;0;0;1;0;0;0;0;1;0;0;0;0;0;0;;0;0;0;;;;;;;;;;;;;0;0;0;0;0;0;0;0;
FILTRE;2014;440007607;440000057;DECLA;0;0;0;1;0;0;0;0;1;0;0;0;0;0;0;0;0;0;0;0;0;0;0;0;0;0;0;0;0;0;0;0;0;0;0;0;0;0;0;
FILTRE;2014;440007607;440000057;INIT;0;0;0;1;0;1;0;0;1;0;0;0;0;0;0;;0;0;0;;;;;;;;;;;;;0;0;0;0;0;0;0;0;
FILTRE;2014;440012128;440003960;DECLA;0;0;0;0;0;0;0;0;0;0;0;0;0;0;1;0;0;0;0;0;0;0;0;0;0;1;0;0;0;0;1;0;0;0;0;0;0;0;0;
FILTRE;2014;440012128;440003960;INIT;0;0;0;0;0;0;0;0;0;0;0;0;0;0;1;;0;0;0;;;;;;;;;;;;;0;0;0;0;0;0;0;0;
FILTRE;2014;440017440;440000057;DECLA;0;0;0;0;0;0;0;0;0;0;0;0;0;0;1;0;0;0;0;0;0;0;0;0;0;0;0;0;0;0;0;0;0;0;0;0;0;0;0;
FILTRE;2014;440017440;440000057;INIT;0;0;0;0;0;0;0;0;0;0;0;0;0;0;1;;0;0;0;;;;;;;;;;;;;0;0;0;0;0;0;0;0;
FILTRE;2014;440017598;440000289;DECLA;1;1;0;0;0;0;1;1;0;0;1;1;0;0;0;0;0;0;1;1;1;1;1;0;0;0;1;0;1;1;0;1;1;1;1;1;1;0;1;
FILTRE;2014;440017598;440000289;INIT;1;1;0;0;0;0;1;0;0;0;1;0;0;0;0;;0;0;1;;;;;;;;;;;;;1;1;1;1;1;1;0;1;
FILTRE;2014;440018729;440018729;DECLA;0;0;0;1;0;0;0;0;1;0;0;0;0;0;0;0;0;0;0;0;0;0;0;0;0;0;0;0;0;0;0;0;0;0;0;0;0;0;0;
FILTRE;2014;440018729;440018729;INIT;0;0;0;0;0;0;0;0;1;0;0;0;0;0;0;;0;0;0;;;;;;;;;;;;;0;0;0;0;0;0;0;0;
FILTRE;2014;440021202;850009010;DECLA;0;0;0;0;0;1;0;0;0;0;0;0;0;0;0;0;0;0;0;0;0;0;0;0;0;0;0;0;0;0;0;0;0;0;0;0;0;0;0;
FILTRE;2014;440021202;850009010;INIT;0;0;0;0;0;1;0;0;0;0;0;0;0;0;0;;0;0;0;;;;;;;;;;;;;0;0;0;0;0;0;0;0;
FILTRE;2014;440021285;440000297;DECLA;0;0;0;0;0;1;0;0;0;0;0;0;0;0;0;0;0;0;0;0;0;0;0;0;0;0;0;1;0;0;1;0;0;0;0;0;0;0;0;
FILTRE;2014;440021285;440000297;INIT;0;0;0;0;0;1;0;0;0;0;0;0;0;0;0;;0;0;0;;;;;;;;;;;;;0;0;0;0;0;0;0;0;
FILTRE;2014;440021392;440000289;DECLA;0;0;0;1;0;0;0;0;1;0;0;0;0;0;0;0;0;0;0;0;0;0;0;0;0;0;0;0;0;0;0;0;0;0;0;0;0;0;0;
FILTRE;2014;440021392;440000289;INIT;0;0;0;1;0;0;0;0;1;0;0;0;0;0;0;;0;0;0;;;;;;;;;;;;;0;0;0;0;0;0;0;0;
FILTRE;2014;440023364;440006377;DECLA;1;0;0;0;0;0;1;0;0;1;1;0;0;0;0;0;0;0;0;1;0;0;0;1;0;1;0;1;1;1;0;0;0;0;0;0;0;0;0;
FILTRE;2014;440023364;440006377;INIT;1;0;0;0;0;0;1;0;0;1;1;0;0;0;0;;0;0;0;;;;;;;;;;;;;0;0;0;0;0;0;0;0;
FILTRE;2014;440024669;440042844;DECLA;0;0;0;0;1;0;0;0;0;0;0;0;0;0;0;0;0;0;0;0;0;0;0;1;0;1;0;0;0;1;0;0;0;0;0;0;0;0;0;
FILTRE;2014;440024669;440042844;INIT;0;0;0;0;1;0;0;0;0;0;0;0;0;0;0;;0;0;0;;;;;;;;;;;;;0;0;0;0;0;0;0;0;
FILTRE;2014;440024982;440000461;DECLA;1;1;0;0;0;0;1;1;0;0;1;0;0;0;0;0;0;0;1;0;0;0;0;1;1;1;0;1;0;1;0;0;1;1;0;0;0;0;0;
FILTRE;2014;440024982;440000461;INIT;1;1;0;0;0;0;1;1;0;0;0;0;0;0;0;;0;0;1;;;;;;;;;;;;;0;0;1;0;0;0;0;0;
FILTRE;2014;440027589;440002590;DECLA;0;0;0;0;0;0;0;0;0;0;0;1;0;0;0;0;0;0;0;0;0;0;0;0;0;0;0;0;0;0;0;0;0;0;0;0;0;0;0;
FILTRE;2014;440027589;440002590;INIT;0;0;0;0;0;0;0;0;0;0;0;1;0;0;0;;0;0;0;;;;;;;;;;;;;0;0;0;0;0;0;0;0;
FILTRE;2014;440029338;440041895;DECLA;1;1;1;0;0;0;0;1;0;0;0;0;1;0;0;0;0;0;1;1;0;1;0;1;0;1;0;0;0;0;0;0;1;1;0;0;0;0;0;
FILTRE;2014;440029338;440041895;INIT;1;1;1;0;0;0;1;1;0;0;0;0;1;0;0;;0;0;1;;;;;;;;;;;;;0;0;1;0;0;0;0;0;
FILTRE;2014;440029379;440000974;DECLA;1;1;0;0;0;0;1;1;0;0;0;0;0;0;0;0;0;0;1;1;0;1;1;1;0;1;0;0;0;0;0;0;1;1;0;0;0;0;0;
FILTRE;2014;440029379;440000974;INIT;0;1;0;0;0;0;0;1;0;0;0;0;0;0;0;;0;0;1;;;;;;;;;;;;;0;0;1;0;0;0;0;0;
FILTRE;2014;440032399;440041531;DECLA;0;0;0;0;0;1;0;0;0;0;0;0;0;0;0;0;0;0;0;0;0;0;0;0;0;0;0;0;0;0;0;0;0;0;0;0;0;0;0;
FILTRE;2014;440032399;440041531;INIT;0;0;0;0;0;1;0;0;0;0;0;0;0;0;0;;0;0;0;;;;;;;;;;;;;0;0;0;0;0;0;0;0;
FILTRE;2014;440033819;440006344;DECLA;0;1;1;0;0;0;0;1;0;0;0;0;1;0;0;0;0;0;1;0;0;0;0;1;1;1;0;0;0;0;0;0;0;1;0;0;0;0;0;
FILTRE;2014;440033819;440006344;INIT;0;1;1;0;0;0;0;1;0;0;0;0;1;0;0;;0;0;1;;;;;;;;;;;;;0;0;1;0;0;0;0;0;
FILTRE;2014;440036176;440002590;DECLA;0;0;0;0;0;0;0;0;0;0;0;1;0;0;0;0;0;0;0;0;0;0;0;0;0;0;0;0;0;0;0;0;0;0;0;0;0;0;0;
FILTRE;2014;440036176;440002590;INIT;0;0;0;0;0;0;0;0;0;0;0;1;0;0;0;;0;0;0;;;;;;;;;;;;;0;0;0;0;0;0;0;0;
FILTRE;2014;440036218;440002590;DECLA;0;0;0;0;0;0;0;0;0;0;0;1;0;0;0;0;0;0;0;0;0;0;0;0;0;0;0;0;0;0;0;0;0;0;0;0;0;0;0;
FILTRE;2014;440036218;440002590;INIT;0;0;0;0;0;0;0;0;0;0;0;1;0;0;0;;0;0;0;;;;;;;;;;;;;0;0;0;0;0;0;0;0;
FILTRE;2014;440036473;440002590;DECLA;0;0;0;0;0;0;0;0;0;0;0;1;0;0;0;0;0;0;0;0;0;0;0;0;0;0;0;0;0;0;0;0;0;0;0;0;0;0;0;
FILTRE;2014;440036473;440002590;INIT;0;0;0;0;0;0;0;0;0;0;0;1;0;0;0;;0;0;0;;;;;;;;;;;;;0;0;0;0;0;0;0;0;
FILTRE;2014;440036499;440002590;DECLA;0;0;0;0;0;0;0;0;0;0;0;1;0;0;0;0;0;0;0;0;0;0;0;0;0;0;0;0;0;0;0;0;0;0;0;0;0;0;0;
FILTRE;2014;440036499;440002590;INIT;0;0;0;0;0;0;0;0;0;0;0;1;0;0;0;;0;0;0;;;;;;;;;;;;;0;0;0;0;0;0;0;0;
FILTRE;2014;440039568;440002590;DECLA;0;0;0;0;0;0;0;0;0;0;0;1;0;0;0;0;0;0;0;0;0;0;0;0;0;0;1;0;0;0;0;0;0;0;0;0;0;0;0;
FILTRE;2014;440039568;440002590;INIT;0;0;0;0;0;0;0;0;0;0;0;1;0;0;0;;0;0;0;;;;;;;;;;;;;0;0;0;0;0;0;0;0;
FILTRE;2014;440041580;440041572;DECLA;1;1;0;0;0;0;1;1;0;0;0;0;0;0;0;0;1;0;1;1;0;0;0;1;1;1;1;0;0;0;0;1;1;1;0;0;0;0;0;
FILTRE;2014;440041580;440041572;INIT;1;1;0;0;0;0;1;1;0;0;0;0;0;0;0;;1;0;1;;;;;;;;;;;;;1;0;1;0;0;0;0;0;
FILTRE;2014;440042513;440002590;DECLA;0;0;0;0;0;0;0;0;0;0;0;1;0;0;0;0;0;0;0;0;0;0;0;0;0;0;0;0;0;0;0;0;0;0;0;0;0;0;0;
FILTRE;2014;440042513;440002590;INIT;0;0;0;0;0;0;0;0;0;0;0;1;0;0;0;;0;0;0;;;;;;;;;;;;;0;0;0;0;0;0;0;0;
FILTRE;2014;440043123;440043115;DECLA;0;0;0;0;1;0;0;0;0;0;0;0;0;0;0;0;0;0;0;0;0;0;0;1;0;1;0;0;0;0;0;0;0;0;0;0;0;0;0;
FILTRE;2014;440043123;440043115;INIT;0;0;0;0;1;0;0;0;0;0;0;0;0;0;0;;0;0;0;;;;;;;;;;;;;0;0;0;0;0;0;0;0;
FILTRE;2014;440044451;750721334;DECLA;0;0;0;0;1;0;0;0;0;0;0;0;0;0;0;0;0;0;0;0;0;0;0;1;0;0;0;0;0;0;0;0;0;0;0;0;0;0;0;
FILTRE;2014;440044451;750721334;INIT;0;0;0;0;1;0;0;0;0;0;0;0;0;0;0;;0;0;0;;;;;;;;;;;;;0;0;0;0;0;0;0;0;
FILTRE;2014;440046910;440002590;DECLA;0;0;0;0;0;0;0;0;0;0;0;1;0;0;0;0;0;0;0;0;0;0;0;0;0;0;0;0;0;0;0;0;0;0;0;0;0;0;0;
FILTRE;2014;440046910;440002590;INIT;0;0;0;0;0;0;0;0;0;0;0;1;0;0;0;;0;0;0;;;;;;;;;;;;;0;0;0;0;0;0;0;0;
FILTRE;2014;440046944;750721334;DECLA;0;0;0;0;1;0;0;0;0;0;0;0;0;0;0;0;0;0;0;0;0;0;0;0;0;0;0;0;0;0;0;0;0;0;0;0;0;0;0;
FILTRE;2014;440046944;750721334;INIT;0;0;0;0;1;0;0;0;0;0;0;0;0;0;0;;0;0;0;;;;;;;;;;;;;0;0;0;0;0;0;0;0;
FILTRE;2014;440048239;440041895;DECLA;0;0;0;0;1;0;0;0;0;0;0;0;0;0;0;0;0;0;0;0;0;0;0;1;0;1;0;0;0;1;0;0;0;0;0;0;0;0;0;
FILTRE;2014;440048239;440041895;INIT;0;0;0;0;1;0;0;0;0;0;0;0;0;0;0;;0;0;0;;;;;;;;;;;;;0;0;0;0;0;0;0;0;
FILTRE;2014;440048676;750721334;DECLA;0;0;0;0;1;0;0;0;0;0;0;0;0;0;0;0;0;0;0;0;0;0;0;0;0;0;0;0;0;0;0;0;0;0;0;0;0;0;0;
FILTRE;2014;440048676;750721334;INIT;0;0;0;0;1;0;0;0;0;0;0;0;0;0;0;;0;0;0;;;;;;;;;;;;;0;0;0;0;0;0;0;0;
FILTRE;2014;440048700;490017258;DECLA;1;0;0;0;0;0;0;0;0;0;1;0;0;0;0;0;0;0;0;0;0;0;0;0;0;0;0;0;0;0;0;0;0;0;0;0;0;0;0;
FILTRE;2014;440048700;490017258;INIT;0;0;0;0;0;0;0;0;0;0;1;0;0;0;0;;0;0;0;;;;;;;;;;;;;0;0;0;0;0;0;0;0;
FILTRE;2014;440048718;440006377;DECLA;0;0;0;0;0;0;1;0;0;0;1;0;0;0;0;0;0;0;0;0;0;0;0;0;0;0;0;0;0;0;0;0;0;0;0;0;0;0;0;
FILTRE;2014;440048718;440006377;INIT;0;0;0;0;0;0;0;0;0;0;1;0;0;0;0;;0;0;0;;;;;;;;;;;;;0;0;0;0;0;0;0;0;
FILTRE;2014;440050433;440041895;DECLA;1;1;0;0;1;0;1;1;0;1;1;0;0;0;0;0;0;0;1;1;0;1;0;0;0;1;0;0;1;1;0;0;0;1;0;0;0;0;0;
FILTRE;2014;440050433;440041895;INIT;1;1;0;0;1;0;1;1;0;1;1;0;0;0;0;;0;0;1;;;;;;;;;;;;;0;0;1;0;0;0;0;0;
FILTRE;2014;440050441;440002590;DECLA;0;0;0;0;0;0;0;0;0;0;0;1;0;0;0;0;0;0;0;0;0;0;0;0;0;0;1;0;0;0;0;0;0;0;0;0;0;0;0;
FILTRE;2014;440050441;440002590;INIT;0;0;0;0;0;0;0;0;0;0;0;1;0;0;0;;0;0;0;;;;;;;;;;;;;0;0;0;0;0;0;0;0;
FILTRE;2014;440050458;440000289;DECLA;0;0;0;0;1;1;0;0;0;0;0;0;0;0;0;1;0;0;0;0;0;0;0;0;0;0;0;0;0;0;1;0;0;0;0;0;0;0;0;
FILTRE;2014;440050458;440000289;INIT;0;0;0;0;1;1;0;0;0;0;0;0;0;0;0;;0;0;0;;;;;;;;;;;;;0;0;0;0;0;0;0;0;
FILTRE;2014;440050466;440000289;DECLA;0;0;0;0;1;1;0;0;0;0;0;0;0;0;0;0;0;0;0;0;0;0;0;0;0;0;0;0;0;0;1;0;0;0;0;0;0;0;0;
FILTRE;2014;440050466;440000289;INIT;0;0;0;0;1;1;0;0;0;0;0;0;0;0;0;;0;0;0;;;;;;;;;;;;;0;0;0;0;0;0;0;0;
FILTRE;2014;450000021;450000088;DECLA;1;1;1;0;0;0;1;1;0;1;1;1;1;0;0;0;1;1;1;1;1;0;0;1;0;0;0;1;1;1;1;0;1;1;0;0;0;0;0;
FILTRE;2014;450000021;450000088;INIT;1;1;1;0;0;0;1;1;0;0;1;0;1;0;0;;1;1;1;;;;;;;;;;;;;0;0;1;0;0;0;0;0;
FILTRE;2014;450000047;450000096;DECLA;1;0;1;0;1;0;1;0;0;0;1;0;1;0;0;0;1;1;1;0;1;0;0;1;1;0;0;0;0;1;1;0;1;0;0;0;0;0;0;
FILTRE;2014;450000047;450000096;INIT;1;0;1;0;1;0;1;0;0;0;0;0;1;0;0;;1;1;0;;;;;;;;;;;;;0;0;0;0;0;0;0;0;
FILTRE;2014;450000062;450000104;DECLA;1;1;1;1;1;1;1;1;1;0;1;0;1;0;0;0;1;1;1;1;1;1;0;1;1;1;1;1;0;1;1;0;1;1;0;0;0;0;0;
FILTRE;2014;450000062;450000104;INIT;1;1;1;1;1;1;1;1;1;0;1;0;1;0;0;;1;1;1;;;;;;;;;;;;;0;1;1;0;0;0;0;0;
FILTRE;2014;450000070;450000112;DECLA;1;0;1;0;1;1;1;1;0;0;1;0;1;0;0;0;1;1;1;1;1;1;1;1;1;1;0;0;0;1;1;0;0;0;0;0;0;0;0;
FILTRE;2014;450000070;450000112;INIT;1;0;1;0;1;1;1;0;0;0;0;0;1;0;0;;1;1;0;;;;;;;;;;;;;0;0;0;0;0;0;0;0;
FILTRE;2014;450000120;450000138;DECLA;1;0;0;0;1;0;1;0;0;0;0;0;0;0;0;0;0;0;0;0;0;0;0;1;0;1;0;0;0;0;1;0;0;0;0;0;0;0;0;
FILTRE;2014;450000120;450000138;INIT;1;0;0;0;1;0;1;0;0;0;0;0;0;0;0;;0;0;0;;;;;;;;;;;;;0;0;0;0;0;0;0;0;
FILTRE;2014;450000187;450000146;DECLA;0;0;0;0;1;0;0;0;0;0;0;0;0;0;0;0;0;0;0;0;0;0;0;1;0;1;0;0;0;0;1;0;0;0;0;0;0;0;0;
FILTRE;2014;450000187;450000146;INIT;0;0;0;0;1;0;0;0;0;0;0;0;0;0;0;;0;0;0;;;;;;;;;;;;;0;0;0;0;0;0;0;0;
FILTRE;2014;450000211;450000153;DECLA;1;0;0;0;1;0;1;0;0;0;0;0;0;0;0;0;0;0;0;0;0;0;0;0;0;0;1;0;0;1;1;0;0;0;0;0;0;0;0;
FILTRE;2014;450000211;450000153;INIT;1;0;0;0;1;0;1;0;0;0;0;0;0;0;0;;0;0;0;;;;;;;;;;;;;0;0;0;0;0;0;0;0;
FILTRE;2014;450000237;450000534;DECLA;1;1;0;0;0;0;1;1;0;0;1;0;0;0;0;0;0;0;1;0;0;0;0;1;1;1;0;0;0;0;0;0;1;1;0;0;0;0;0;
FILTRE;2014;450000237;450000534;INIT;1;1;0;0;0;0;1;1;0;0;1;0;0;0;0;;0;0;1;;;;;;;;;;;;;0;0;1;0;0;0;0;0;
FILTRE;2014;450000245;450000542;DECLA;0;1;0;0;0;0;0;1;0;0;1;0;0;0;0;0;0;0;1;1;0;0;0;1;1;1;0;0;0;0;0;0;1;1;0;0;0;0;0;
FILTRE;2014;450000245;450000542;INIT;0;1;0;0;0;0;0;1;0;0;0;0;0;0;0;;0;0;1;;;;;;;;;;;;;0;0;1;0;0;0;0;0;
FILTRE;2014;450000252;450000559;DECLA;0;0;0;1;0;0;0;0;0;0;0;0;0;0;0;0;0;0;0;0;0;0;0;1;0;1;0;0;0;0;1;0;0;0;0;0;0;0;0;
FILTRE;2014;450000252;450000559;INIT;0;0;0;1;0;0;0;0;0;0;0;0;0;0;0;;0;0;0;;;;;;;;;;;;;0;0;0;0;0;0;0;0;
FILTRE;2014;450000260;450000161;DECLA;1;0;0;0;1;0;0;0;0;0;0;0;0;0;0;0;0;0;0;0;0;0;0;1;0;0;1;0;0;1;1;0;0;0;0;0;0;0;0;
FILTRE;2014;450000260;450000161;INIT;1;0;0;0;1;0;1;0;0;0;0;0;0;0;0;;0;0;0;;;;;;;;;;;;;0;0;0;0;0;0;0;0;
FILTRE;2014;450000278;450000195;DECLA;1;0;0;0;0;0;1;0;0;0;1;0;0;0;0;0;0;0;0;0;0;0;0;0;0;1;0;1;0;1;0;0;0;0;0;0;0;0;0;
FILTRE;2014;450000286;750052417;DECLA;0;0;0;0;1;0;0;0;0;0;0;0;0;0;0;1;0;0;0;0;0;0;0;1;0;1;0;0;0;0;0;0;0;0;0;0;0;0;0;
FILTRE;2014;450000286;750052417;INIT;0;0;0;0;1;0;0;0;0;0;0;0;0;0;0;;0;0;0;;;;;;;;;;;;;0;0;0;0;0;0;0;0;
FILTRE;2014;450000294;450000591;DECLA;1;1;0;0;1;0;1;0;0;0;1;0;0;0;0;0;1;0;1;1;1;1;1;1;1;1;0;0;0;1;0;1;1;0;0;0;0;0;0;
FILTRE;2014;450000294;450000591;INIT;1;0;0;0;1;0;1;0;0;0;0;0;0;0;0;;1;0;0;;;;;;;;;;;;;1;0;0;0;0;0;0;0;
FILTRE;2014;450000336;450000179;DECLA;1;0;0;0;1;1;1;0;0;0;0;0;0;0;0;0;0;0;0;0;0;0;0;1;0;1;0;0;0;0;0;0;0;0;0;0;0;0;0;
FILTRE;2014;450000336;450000179;INIT;1;0;0;0;1;1;1;0;0;0;0;0;0;0;0;;0;0;0;;;;;;;;;;;;;0;0;0;0;0;0;0;0;
FILTRE;2014;450000526;930019484;DECLA;0;0;0;0;1;0;0;0;0;0;0;0;0;0;0;0;0;0;0;0;0;0;0;1;0;0;0;0;0;0;0;0;0;0;0;0;0;0;0;
FILTRE;2014;450000526;930019484;INIT;0;0;0;0;1;0;0;0;0;0;0;0;0;0;0;;0;0;0;;;;;;;;;;;;;0;0;0;0;0;0;0;0;
FILTRE;2014;450000930;450002423;DECLA;0;0;0;1;0;0;0;0;1;0;0;0;0;0;0;0;0;0;0;0;0;0;0;0;0;1;0;0;0;0;0;0;0;0;0;0;0;0;0;
FILTRE;2014;450000930;450002423;INIT;0;0;0;1;0;0;0;0;1;0;0;0;0;0;0;;0;0;0;;;;;;;;;;;;;0;0;0;0;0;0;0;0;
FILTRE;2014;450002456;450018106;DECLA;0;0;0;0;1;0;0;0;0;0;0;0;0;0;0;0;0;0;0;0;0;0;0;1;0;1;0;0;0;0;1;0;0;0;0;0;0;0;0;
FILTRE;2014;450002456;450018106;INIT;0;0;0;0;1;0;0;0;0;0;0;0;0;0;0;;0;0;0;;;;;;;;;;;;;0;0;0;0;0;0;0;0;
FILTRE;2014;450002613;450000088;DECLA;1;1;0;0;1;0;1;1;0;1;1;1;0;0;0;1;1;1;1;1;1;1;1;1;1;1;0;0;0;1;0;1;1;1;1;1;0;0;0;
FILTRE;2014;450002613;450000088;INIT;1;1;0;0;1;0;1;1;0;1;1;1;0;0;0;;1;1;1;;;;;;;;;;;;;1;1;1;1;1;0;0;0;
FILTRE;2014;450005798;370001299;DECLA;0;0;0;0;0;0;0;0;0;0;0;0;0;0;1;0;0;0;0;0;0;0;0;1;0;0;0;0;0;0;1;0;0;0;0;0;0;0;0;
FILTRE;2014;450005798;370001299;INIT;0;0;0;0;0;0;0;0;0;0;0;0;0;0;1;;0;0;0;;;;;;;;;;;;;0;0;0;0;0;0;0;0;
FILTRE;2014;450010079;450000195;DECLA;0;1;1;0;0;0;0;1;0;0;1;0;0;0;0;0;0;0;1;0;0;0;0;1;1;1;0;0;0;0;0;0;1;1;0;0;0;0;0;
FILTRE;2014;450010079;450000195;INIT;1;1;1;0;0;0;1;1;0;1;1;0;0;0;0;;0;0;1;;;;;;;;;;;;;0;0;1;0;0;0;0;0;
FILTRE;2014;450010442;450000088;DECLA;0;0;0;0;0;1;0;0;0;0;0;0;0;0;0;0;0;0;0;0;0;0;0;0;0;0;0;0;0;0;0;0;0;0;0;0;0;0;0;
FILTRE;2014;450010442;450000088;INIT;0;0;0;0;0;1;0;0;0;0;0;0;0;0;0;;0;0;0;;;;;;;;;;;;;0;0;0;0;0;0;0;0;
FILTRE;2014;450010475;450000088;DECLA;0;0;0;0;0;1;0;0;0;0;0;0;0;0;0;0;0;0;0;0;0;0;0;0;0;0;0;0;0;0;0;0;0;0;0;0;0;0;0;
FILTRE;2014;450010475;450000088;INIT;0;0;0;0;0;1;0;0;0;0;0;0;0;0;0;;0;0;0;;;;;;;;;;;;;0;0;0;0;0;0;0;0;
FILTRE;2014;450010772;450001201;DECLA;0;0;0;0;0;0;0;0;0;0;0;1;0;0;0;0;0;0;0;0;0;0;0;0;0;0;0;0;0;0;0;0;0;0;0;0;0;0;0;
FILTRE;2014;450010772;450001201;INIT;0;0;0;0;0;0;0;0;0;0;0;1;0;0;0;;0;0;0;;;;;;;;;;;;;0;0;0;0;0;0;0;0;
FILTRE;2014;450011507;450011507;DECLA;0;0;0;1;0;0;0;0;1;0;0;0;0;0;0;0;0;0;0;0;0;0;0;0;0;0;0;0;0;0;0;0;0;0;0;0;0;0;0;
FILTRE;2014;450011507;450011507;INIT;0;0;0;1;0;0;0;0;1;0;0;0;0;0;0;;0;0;0;;;;;;;;;;;;;0;0;0;0;0;0;0;0;
FILTRE;2014;450011549;450001201;DECLA;0;0;0;0;0;0;0;0;0;0;0;1;0;0;0;0;0;0;0;0;0;0;0;0;0;0;0;0;0;0;0;0;0;0;0;0;0;0;0;
FILTRE;2014;450011549;450001201;INIT;0;0;0;0;0;0;0;0;0;0;0;1;0;0;0;;0;0;0;;;;;;;;;;;;;0;0;0;0;0;0;0;0;
FILTRE;2014;450012935;450001466;DECLA;0;0;0;0;0;0;1;0;0;0;0;1;0;0;0;0;0;0;0;0;0;0;0;1;0;1;0;0;0;0;0;0;0;0;0;0;0;0;0;
FILTRE;2014;450012935;450001466;INIT;0;0;0;0;0;0;0;0;0;0;0;1;0;0;0;;0;0;0;;;;;;;;;;;;;0;0;0;0;0;0;0;0;
FILTRE;2014;450012968;450001474;DECLA;1;1;0;0;1;0;1;1;0;0;1;0;0;0;0;0;0;0;1;0;0;0;0;1;1;1;0;0;0;0;0;0;0;0;0;0;0;0;0;
FILTRE;2014;450012968;450001474;INIT;0;1;0;0;1;0;0;1;0;0;0;0;0;0;0;;0;0;1;;;;;;;;;;;;;0;0;0;0;0;0;0;0;
FILTRE;2014;450013081;450001490;DECLA;0;0;0;0;1;0;0;0;0;0;0;0;0;0;0;0;0;0;0;0;0;0;0;1;0;1;0;0;0;0;0;0;0;0;0;0;0;0;0;
FILTRE;2014;450013081;450001490;INIT;0;0;0;0;1;0;0;0;0;0;0;0;0;0;0;;0;0;0;;;;;;;;;;;;;0;0;0;0;0;0;0;0;
FILTRE;2014;450013719;450011150;DECLA;0;0;0;0;0;0;0;0;0;0;1;0;0;0;1;0;0;0;0;0;0;0;0;0;0;1;0;0;0;0;0;0;0;0;0;0;0;0;0;
FILTRE;2014;450013719;450011150;INIT;0;0;0;0;0;0;0;0;0;0;0;0;0;0;1;;0;0;0;;;;;;;;;;;;;0;0;0;0;0;0;0;0;
FILTRE;2014;450013818;330057597;DECLA;0;0;0;0;0;0;1;0;0;0;0;1;0;0;0;0;0;0;0;0;0;0;0;0;0;0;0;0;0;0;0;0;0;0;0;0;0;0;0;
FILTRE;2014;450013818;330057597;INIT;0;0;0;0;0;0;0;0;0;0;0;1;0;0;0;;0;0;0;;;;;;;;;;;;;0;0;0;0;0;0;0;0;
FILTRE;2014;450014048;450011150;DECLA;0;0;0;0;0;0;0;0;0;0;1;0;0;0;1;0;0;0;0;0;0;0;0;0;0;1;0;0;0;0;0;0;0;0;0;0;0;0;0;
FILTRE;2014;450014048;450011150;INIT;0;0;0;0;0;0;0;0;0;0;0;0;0;0;1;;0;0;0;;;;;;;;;;;;;0;0;0;0;0;0;0;0;
FILTRE;2014;450014956;450000849;DECLA;0;0;0;0;1;0;0;0;0;0;0;0;0;0;0;0;0;0;0;0;0;0;0;1;0;0;0;0;0;0;0;0;0;0;0;0;0;0;0;
FILTRE;2014;450014956;450000849;INIT;0;0;0;0;1;0;0;0;0;0;0;0;0;0;0;;0;0;0;;;;;;;;;;;;;0;0;0;0;0;0;0;0;
FILTRE;2014;450015144;450015136;DECLA;0;0;0;0;1;0;0;0;0;0;0;0;0;0;0;0;0;0;0;0;0;0;0;1;0;1;0;0;0;0;1;0;0;0;0;0;0;0;0;
FILTRE;2014;450015144;450015136;INIT;0;0;0;0;1;0;0;0;0;0;0;0;0;0;0;;0;0;0;;;;;;;;;;;;;0;0;0;0;0;0;0;0;
FILTRE;2014;450017694;450001201;DECLA;0;0;0;0;0;0;0;0;0;0;0;1;0;0;0;0;0;0;0;0;0;0;0;1;0;0;0;0;0;0;0;0;0;0;0;0;0;0;0;
FILTRE;2014;450017694;450001201;INIT;0;0;0;0;0;0;0;0;0;0;0;1;0;0;0;;0;0;0;;;;;;;;;;;;;0;0;0;0;0;0;0;0;
FILTRE;2014;450018312;450018296;DECLA;0;0;0;0;0;0;0;0;0;0;0;1;0;0;0;0;0;0;0;0;0;0;0;1;1;1;0;0;0;0;0;0;0;0;0;0;0;0;0;
FILTRE;2014;450018312;450018296;INIT;0;0;0;0;0;0;0;0;0;0;0;1;0;0;0;;0;0;0;;;;;;;;;;;;;0;0;0;0;0;0;0;0;
FILTRE;2014;450018395;450001466;DECLA;0;0;0;0;0;0;0;0;0;0;0;1;0;0;0;0;0;0;0;0;0;0;0;1;0;0;0;0;0;0;0;0;0;0;0;0;0;0;0;
FILTRE;2014;450018395;450001466;INIT;0;0;0;0;0;0;0;0;0;0;0;1;0;0;0;;0;0;0;;;;;;;;;;;;;0;0;0;0;0;0;0;0;
FILTRE;2014;450018460;330057597;DECLA;0;0;0;0;0;0;1;0;0;0;0;1;0;0;0;0;0;0;0;0;0;0;0;0;0;0;0;0;0;0;0;0;0;0;0;0;0;0;0;
FILTRE;2014;450018460;330057597;INIT;0;0;0;0;0;0;0;0;0;0;0;1;0;0;0;;0;0;0;;;;;;;;;;;;;0;0;0;0;0;0;0;0;
FILTRE;2014;450018528;450011150;DECLA;0;0;0;0;0;0;0;0;0;0;1;0;0;0;1;0;0;0;0;0;0;0;0;0;0;1;0;0;0;0;0;0;0;0;0;0;0;0;0;
FILTRE;2014;450018528;450011150;INIT;0;0;0;0;0;0;0;0;0;0;0;0;0;0;1;;0;0;0;;;;;;;;;;;;;0;0;0;0;0;0;0;0;
FILTRE;2014;450018536;370001299;DECLA;0;0;0;0;0;0;0;0;0;0;1;0;0;0;1;0;0;0;0;0;0;0;0;1;0;0;0;0;0;0;1;0;0;0;0;0;0;0;0;
FILTRE;2014;450018536;370001299;INIT;0;0;0;0;0;0;0;0;0;0;0;0;0;0;1;;0;0;0;;;;;;;;;;;;;0;0;0;0;0;0;0;0;
FILTRE;2014;450018924;450015409;DECLA;0;0;0;1;0;0;0;0;0;0;0;0;0;0;0;0;0;0;0;0;0;0;0;1;0;1;0;0;0;0;1;0;0;0;0;0;0;0;0;
FILTRE;2014;450018924;450015409;INIT;0;0;0;1;0;0;0;0;0;0;0;0;0;0;0;;0;0;0;;;;;;;;;;;;;0;0;0;0;0;0;0;0;
FILTRE;2014;450019336;450018478;DECLA;0;0;0;0;0;0;0;0;0;1;0;0;0;0;0;0;0;0;0;0;0;0;0;0;0;0;0;0;0;0;0;0;0;0;0;0;0;0;0;
FILTRE;2014;450019336;450018478;INIT;0;0;0;0;0;0;0;0;0;1;0;0;0;0;0;;0;0;0;;;;;;;;;;;;;0;0;0;0;0;0;0;0;
FILTRE;2014;450019799;450000104;DECLA;0;0;0;0;0;1;0;0;0;0;0;0;0;0;0;0;0;0;0;0;0;0;0;0;0;0;0;0;0;0;0;0;0;0;0;0;0;0;0;
FILTRE;2014;450019799;450000104;INIT;0;0;0;0;0;1;0;0;0;0;0;0;0;0;0;;0;0;0;;;;;;;;;;;;;0;0;0;0;0;0;0;0;
FILTRE;2014;460000045;460780083;DECLA;1;1;0;0;0;0;1;1;0;0;0;0;1;1;0;0;1;1;1;1;0;0;0;1;1;1;0;0;0;0;0;0;1;1;0;0;0;0;0;
FILTRE;2014;460000045;460780083;INIT;1;1;0;0;0;0;1;1;0;0;0;0;1;1;0;;1;1;1;;;;;;;;;;;;;0;0;1;0;0;0;0;0;
FILTRE;2014;460000052;460780091;DECLA;1;0;0;0;1;1;1;0;0;0;0;0;0;1;0;0;1;1;1;1;0;0;0;1;1;1;0;1;0;1;1;0;0;0;0;0;0;0;0;
FILTRE;2014;460000052;460780091;INIT;1;0;0;0;1;1;1;1;0;0;0;0;0;1;0;;1;1;1;;;;;;;;;;;;;0;0;0;0;0;0;0;0;
FILTRE;2014;460000060;460780117;DECLA;0;0;0;0;1;0;0;0;0;0;0;0;0;0;0;0;0;0;0;1;0;0;0;1;0;1;0;0;0;0;1;0;0;0;0;0;0;0;0;
FILTRE;2014;460000060;460780117;INIT;0;0;0;0;1;0;0;0;0;0;0;0;0;0;0;;0;0;0;;;;;;;;;;;;;0;0;0;0;0;0;0;0;
FILTRE;2014;460000102;460780208;DECLA;1;0;0;0;1;0;1;1;0;0;0;0;1;1;1;0;1;1;0;1;1;1;0;1;0;1;0;0;0;1;0;0;0;0;0;0;0;0;0;
FILTRE;2014;460000102;460780208;INIT;1;0;0;0;1;0;1;1;0;0;0;0;1;1;1;;1;1;1;;;;;;;;;;;;;0;0;0;0;0;0;0;0;
FILTRE;2014;460000110;460780216;DECLA;1;1;1;0;1;0;1;1;0;0;1;1;1;0;1;0;1;1;1;1;1;1;0;1;1;1;1;1;1;1;1;0;1;1;0;0;0;0;0;
FILTRE;2014;460000110;460780216;INIT;1;1;1;0;1;0;1;1;0;0;1;1;1;0;1;;1;1;1;;;;;;;;;;;;;0;1;1;0;0;0;0;0;
FILTRE;2014;460000227;460780430;DECLA;1;0;0;0;0;0;1;0;0;0;0;0;0;0;0;0;0;0;0;0;0;0;0;1;0;1;0;0;0;0;1;0;0;0;0;0;0;0;0;
FILTRE;2014;460000227;460780430;INIT;1;0;0;0;0;0;1;0;0;0;0;0;0;0;0;;0;0;0;;;;;;;;;;;;;0;0;0;0;0;0;0;0;
FILTRE;2014;460004641;310000633;DECLA;0;0;0;0;0;0;0;0;0;0;0;1;0;0;0;0;0;0;0;0;0;0;0;0;0;0;0;0;0;0;0;0;0;0;0;0;0;0;0;
FILTRE;2014;460004641;310000633;INIT;0;0;0;0;0;0;0;0;0;0;0;1;0;0;0;;0;0;0;;;;;;;;;;;;;0;0;0;0;0;0;0;0;
FILTRE;2014;460006075;460006067;DECLA;1;0;0;0;0;0;0;0;0;0;1;0;0;0;1;0;0;0;0;0;0;0;0;1;0;1;0;0;0;1;0;0;0;0;0;0;0;0;0;
FILTRE;2014;460006075;460006067;INIT;1;0;0;0;0;0;1;0;0;0;1;0;0;0;1;;0;0;0;;;;;;;;;;;;;0;0;0;0;0;0;0;0;
FILTRE;2014;460006083;460785090;DECLA;0;0;0;0;1;0;0;0;0;0;0;0;0;0;0;0;0;0;0;0;0;0;0;1;0;1;0;1;0;1;0;0;0;0;0;0;0;0;0;
FILTRE;2014;460006083;460785090;INIT;0;0;0;0;1;0;0;0;0;0;0;0;0;0;0;;0;0;0;;;;;;;;;;;;;0;0;0;0;0;0;0;0;
FILTRE;2014;460006091;460785090;DECLA;0;0;0;0;0;0;0;0;0;0;0;0;0;0;1;0;0;0;0;0;0;0;0;1;0;1;0;0;0;0;0;0;0;0;0;0;0;0;0;
FILTRE;2014;460006091;460785090;INIT;0;0;0;0;0;0;0;0;0;0;0;0;0;0;1;;0;0;0;;;;;;;;;;;;;0;0;0;0;0;0;0;0;
FILTRE;2014;460006109;460780083;DECLA;0;0;0;0;1;0;0;0;0;0;0;0;0;0;0;0;0;0;0;0;0;0;0;1;1;1;0;0;0;0;0;0;0;0;0;0;0;0;0;
FILTRE;2014;460006109;460780083;INIT;0;0;0;0;1;0;0;0;0;0;0;0;0;0;0;;0;0;0;;;;;;;;;;;;;0;0;0;0;0;0;0;0;
FILTRE;2014;460780042;460000029;DECLA;0;0;0;0;1;0;0;1;0;0;0;0;0;0;0;0;0;0;1;0;0;0;0;1;1;1;0;0;0;0;1;0;0;0;0;0;0;0;0;
FILTRE;2014;460780042;460000029;INIT;0;0;0;0;1;0;0;1;0;0;0;0;0;0;0;;0;0;1;;;;;;;;;;;;;0;0;0;0;0;0;0;0;
FILTRE;2014;460780133;460000086;DECLA;0;0;0;0;1;0;0;0;0;0;0;0;0;0;0;0;0;0;0;0;0;0;0;0;0;1;0;0;0;0;1;0;0;0;0;0;0;0;0;
FILTRE;2014;460780133;460000086;INIT;0;0;0;0;1;0;0;0;0;0;0;0;0;0;0;;0;0;0;;;;;;;;;;;;;0;0;0;0;0;0;0;0;
FILTRE;2014;460785090;460785090;DECLA;0;0;0;1;0;0;0;0;1;0;0;0;0;0;0;0;0;0;0;0;0;0;0;1;0;1;1;0;0;0;1;0;0;0;0;0;0;0;0;
FILTRE;2014;460785090;460785090;INIT;0;0;0;1;0;0;0;0;0;0;0;0;0;0;0;;0;0;0;;;;;;;;;;;;;0;0;0;0;0;0;0;0;
FILTRE;2014;460785595;460780216;DECLA;0;0;0;0;0;1;0;0;0;0;0;0;0;0;0;0;0;0;0;0;0;0;0;0;0;0;0;0;0;0;0;0;0;0;0;0;0;0;0;
FILTRE;2014;460785595;460780216;INIT;0;0;0;0;0;1;0;0;0;0;0;0;0;0;0;;0;0;0;;;;;;;;;;;;;0;0;0;0;0;0;0;0;
FILTRE;2014;460785900;460002207;DECLA;0;0;0;0;1;0;0;0;0;0;0;0;0;0;0;0;0;0;0;0;0;0;0;0;0;0;0;0;0;0;0;0;0;0;0;0;0;0;0;
FILTRE;2014;460785900;460002207;INIT;0;0;0;0;1;0;0;0;0;0;0;0;0;0;0;;0;0;0;;;;;;;;;;;;;0;0;0;0;0;0;0;0;
FILTRE;2014;460786346;310000633;DECLA;0;0;0;0;0;0;0;0;0;0;0;1;0;0;0;0;0;0;0;0;0;0;0;0;0;0;0;0;0;0;0;0;0;0;0;0;0;0;0;
FILTRE;2014;460786346;310000633;INIT;0;0;0;0;0;0;0;0;0;0;0;1;0;0;0;;0;0;0;;;;;;;;;;;;;0;0;0;0;0;0;0;0;
FILTRE;2014;460786353;310000633;DECLA;0;0;0;0;0;0;0;0;0;0;0;1;0;0;0;0;0;0;0;0;0;0;0;0;0;0;0;0;0;0;0;0;0;0;0;0;0;0;0;
FILTRE;2014;460786353;310000633;INIT;0;0;0;0;0;0;0;0;0;0;0;1;0;0;0;;0;0;0;;;;;;;;;;;;;0;0;0;0;0;0;0;0;
FILTRE;2014;460786478;310000633;DECLA;0;0;0;0;0;0;0;0;0;0;0;1;0;0;0;0;0;0;0;0;0;0;0;0;0;0;0;0;0;0;0;0;0;0;0;0;0;0;0;
FILTRE;2014;460786478;310000633;INIT;0;0;0;0;0;0;0;0;0;0;0;1;0;0;0;;0;0;0;;;;;;;;;;;;;0;0;0;0;0;0;0;0;
FILTRE;2014;470000027;470014069;DECLA;1;1;1;0;1;0;1;1;0;0;1;0;1;0;0;0;1;0;1;1;0;1;0;1;1;1;1;1;0;1;0;1;1;1;0;0;0;0;0;
FILTRE;2014;470000027;470014069;INIT;1;1;1;0;1;0;1;1;0;0;0;0;1;0;0;;1;0;1;;;;;;;;;;;;;1;0;1;0;0;0;0;0;
FILTRE;2014;470000076;470013301;DECLA;1;1;0;0;0;0;0;1;0;0;0;0;0;0;0;0;0;0;1;0;0;1;1;0;0;0;0;0;0;0;0;0;0;0;0;0;0;0;0;
FILTRE;2014;470000076;470013301;INIT;1;1;0;0;0;0;0;1;0;0;0;0;0;0;0;;0;0;1;;;;;;;;;;;;;0;0;0;0;0;0;0;0;
FILTRE;2014;470000142;470000795;DECLA;1;1;0;0;1;0;0;1;0;0;0;0;0;0;0;0;0;0;1;0;0;0;0;0;0;0;0;0;0;0;0;0;1;1;0;0;0;0;0;
FILTRE;2014;470000142;470000795;INIT;0;1;0;0;1;0;0;1;0;0;0;0;0;0;0;;0;0;1;;;;;;;;;;;;;0;0;1;0;0;0;0;0;
FILTRE;2014;470000159;470014069;DECLA;0;0;0;0;0;0;1;0;0;0;1;0;0;0;0;0;0;0;0;0;0;0;0;1;0;1;0;0;0;0;0;0;0;0;0;0;0;0;0;
FILTRE;2014;470000159;470014069;INIT;0;0;0;0;0;0;0;0;0;0;1;0;0;0;0;;0;0;0;;;;;;;;;;;;;0;0;0;0;0;0;0;0;
FILTRE;2014;470000175;750826604;DECLA;0;0;0;0;1;0;0;0;0;0;0;0;0;0;0;0;0;0;0;0;0;0;0;0;0;1;0;0;0;0;1;0;0;0;0;0;0;0;0;
FILTRE;2014;470000175;750826604;INIT;0;0;0;0;1;0;0;0;0;0;0;0;0;0;0;;0;0;0;;;;;;;;;;;;;0;0;0;0;0;0;0;0;
FILTRE;2014;470000308;930019484;DECLA;0;0;0;0;1;0;0;0;0;0;0;0;0;0;0;1;0;0;0;0;0;0;0;1;0;0;0;0;0;0;1;0;0;0;0;0;0;0;0;
FILTRE;2014;470000308;930019484;INIT;0;0;0;0;1;0;0;0;0;0;0;0;0;0;0;;0;0;0;;;;;;;;;;;;;0;0;0;0;0;0;0;0;
FILTRE;2014;470000423;470000316;DECLA;1;1;1;1;1;0;1;1;0;0;1;1;1;0;0;0;1;1;1;1;1;0;0;1;1;1;0;0;1;0;1;0;1;1;0;0;0;0;0;
FILTRE;2014;470000423;470000316;INIT;1;1;1;1;1;0;1;1;0;0;1;1;1;0;0;;1;1;1;;;;;;;;;;;;;0;1;1;0;0;0;0;0;
FILTRE;2014;470000431;470000324;DECLA;1;1;1;0;1;0;1;1;0;0;1;0;1;0;0;0;1;1;1;1;1;1;0;0;1;1;0;1;1;1;1;0;1;1;0;0;0;0;0;
FILTRE;2014;470000431;470000324;INIT;1;1;1;0;1;0;1;1;0;0;1;0;1;0;0;;1;1;1;;;;;;;;;;;;;0;0;1;0;0;0;0;0;
FILTRE;2014;470000480;470001660;DECLA;1;1;1;0;0;0;1;1;0;0;1;0;1;0;0;0;1;1;1;1;1;0;1;1;1;1;0;1;0;1;1;0;1;1;0;0;0;0;0;
FILTRE;2014;470000480;470001660;INIT;1;1;1;0;0;0;1;1;0;0;0;0;1;0;0;;1;1;1;;;;;;;;;;;;;0;0;1;0;0;0;0;0;
FILTRE;2014;470000522;470000340;DECLA;1;0;0;0;1;0;0;0;0;0;0;0;0;0;0;0;0;1;0;1;0;0;0;1;0;0;0;0;0;0;1;0;0;0;0;0;0;0;0;
FILTRE;2014;470000522;470000340;INIT;1;0;0;0;1;0;0;0;0;0;0;0;0;0;0;;0;0;0;;;;;;;;;;;;;0;0;0;0;0;0;0;0;
FILTRE;2014;470000530;470000357;DECLA;1;0;0;0;1;0;0;0;0;0;0;0;0;0;0;0;0;0;0;0;0;0;0;1;1;1;0;0;0;0;1;0;0;0;0;0;0;0;0;
FILTRE;2014;470000530;470000357;INIT;1;0;0;0;1;0;0;0;0;0;0;0;0;0;0;;0;0;0;;;;;;;;;;;;;0;0;0;0;0;0;0;0;
FILTRE;2014;470000548;470000365;DECLA;1;0;0;0;1;0;0;0;0;0;0;0;0;0;0;0;0;0;0;0;0;0;0;1;0;0;0;0;0;0;0;0;0;0;0;0;0;0;0;
FILTRE;2014;470000548;470000365;INIT;1;0;0;0;1;0;0;0;0;0;0;0;0;0;0;;0;0;0;;;;;;;;;;;;;0;0;0;0;0;0;0;0;
FILTRE;2014;470000555;470001660;DECLA;0;0;0;0;1;0;0;0;0;0;0;0;0;0;0;0;0;0;0;1;0;0;0;0;0;0;0;1;0;0;0;0;0;0;0;0;0;0;0;
FILTRE;2014;470000555;470001660;INIT;0;0;0;0;1;0;0;0;0;0;0;0;0;0;0;;0;0;0;;;;;;;;;;;;;0;0;0;0;0;0;0;0;
FILTRE;2014;470000563;470000381;DECLA;1;0;0;1;1;0;1;0;1;0;0;0;0;0;0;1;0;0;0;0;0;0;0;1;0;1;0;0;0;0;1;0;0;0;0;0;0;0;0;
FILTRE;2014;470000563;470000381;INIT;1;0;0;1;1;0;1;0;1;0;0;0;0;0;0;;0;0;0;;;;;;;;;;;;;0;0;0;0;0;0;0;0;
FILTRE;2014;470000571;470000407;DECLA;1;0;0;0;1;1;0;0;0;0;0;0;0;0;0;0;0;0;0;0;0;0;0;1;0;1;0;0;0;0;1;0;0;0;0;0;0;0;0;
FILTRE;2014;470000571;470000407;INIT;1;0;0;0;1;1;0;0;0;0;0;0;0;0;0;;0;0;0;;;;;;;;;;;;;0;0;0;0;0;0;0;0;
FILTRE;2014;470001868;330000266;DECLA;0;0;0;0;0;0;0;0;0;0;0;1;0;0;0;0;0;0;0;0;0;0;0;0;0;0;0;0;0;0;0;0;0;0;0;0;0;0;0;
FILTRE;2014;470001868;330000266;INIT;0;0;0;0;0;0;0;0;0;0;0;1;0;0;0;;0;0;0;;;;;;;;;;;;;0;0;0;0;0;0;0;0;
FILTRE;2014;470002262;330000266;DECLA;0;0;0;0;0;0;0;0;0;0;0;1;0;0;0;0;0;0;0;0;0;0;0;0;0;0;0;0;0;0;0;0;0;0;0;0;0;0;0;
FILTRE;2014;470002262;330000266;INIT;0;0;0;0;0;0;0;0;0;0;0;1;0;0;0;;0;0;0;;;;;;;;;;;;;0;0;0;0;0;0;0;0;
FILTRE;2014;470002320;330000266;DECLA;0;0;0;0;0;0;0;0;0;0;0;1;0;0;0;0;0;0;0;0;0;0;0;0;0;0;0;0;0;0;0;0;0;0;0;0;0;0;0;
FILTRE;2014;470002320;330000266;INIT;0;0;0;0;0;0;0;0;0;0;0;1;0;0;0;;0;0;0;;;;;;;;;;;;;0;0;0;0;0;0;0;0;
FILTRE;2014;470002346;330000266;DECLA;0;0;0;0;0;0;0;0;0;0;0;1;0;0;0;0;0;0;0;0;0;0;0;0;0;0;0;0;0;0;0;0;0;0;0;0;0;0;0;
FILTRE;2014;470002346;330000266;INIT;0;0;0;0;0;0;0;0;0;0;0;1;0;0;0;;0;0;0;;;;;;;;;;;;;0;0;0;0;0;0;0;0;
FILTRE;2014;470002361;330000266;DECLA;0;0;0;0;0;0;0;0;0;0;0;1;0;0;0;0;0;0;0;0;0;0;0;0;0;0;0;0;0;0;0;0;0;0;0;0;0;0;0;
FILTRE;2014;470002361;330000266;INIT;0;0;0;0;0;0;0;0;0;0;0;1;0;0;0;;0;0;0;;;;;;;;;;;;;0;0;0;0;0;0;0;0;
FILTRE;2014;470002387;330000266;DECLA;0;0;0;0;0;0;0;0;0;0;0;1;0;0;0;0;0;0;0;0;0;0;0;0;0;0;0;0;0;0;0;0;0;0;0;0;0;0;0;
FILTRE;2014;470002387;330000266;INIT;0;0;0;0;0;0;0;0;0;0;0;1;0;0;0;;0;0;0;;;;;;;;;;;;;0;0;0;0;0;0;0;0;
FILTRE;2014;470002403;330000266;DECLA;0;0;0;0;0;0;0;0;0;0;0;1;0;0;0;0;0;0;0;0;0;0;0;0;0;0;0;0;0;0;0;0;0;0;0;0;0;0;0;
FILTRE;2014;470002403;330000266;INIT;0;0;0;0;0;0;0;0;0;0;0;1;0;0;0;;0;0;0;;;;;;;;;;;;;0;0;0;0;0;0;0;0;
FILTRE;2014;470002411;330000266;DECLA;0;0;0;0;0;0;0;0;0;0;0;1;0;0;0;0;0;0;0;0;0;0;0;0;0;0;0;0;0;0;0;0;0;0;0;0;0;0;0;
FILTRE;2014;470002411;330000266;INIT;0;0;0;0;0;0;0;0;0;0;0;1;0;0;0;;0;0;0;;;;;;;;;;;;;0;0;0;0;0;0;0;0;
FILTRE;2014;470005406;470000316;DECLA;1;0;0;0;1;0;1;0;0;0;0;0;0;0;0;0;0;0;0;0;0;0;0;0;0;0;0;1;0;1;0;0;0;0;0;0;0;0;0;
FILTRE;2014;470005406;470000316;INIT;1;0;0;0;1;0;0;0;0;0;0;0;0;0;0;;0;0;0;;;;;;;;;;;;;0;0;0;0;0;0;0;0;
FILTRE;2014;470008780;470000316;DECLA;0;0;0;0;0;1;0;0;0;0;0;0;0;0;0;0;0;0;0;0;0;0;0;0;0;0;0;0;0;0;1;0;0;0;0;0;0;0;0;
FILTRE;2014;470008780;470000316;INIT;0;0;0;0;0;1;0;0;0;0;0;0;0;0;0;;0;0;0;;;;;;;;;;;;;0;0;0;0;0;0;0;0;
FILTRE;2014;470009143;470009143;DECLA;0;0;0;0;0;0;0;0;1;0;0;0;0;0;0;0;0;0;0;0;0;0;0;0;0;0;0;0;0;0;0;0;0;0;0;0;0;0;0;
FILTRE;2014;470009143;470009143;INIT;0;0;0;0;0;0;0;0;1;0;0;0;0;0;0;;0;0;0;;;;;;;;;;;;;0;0;0;0;0;0;0;0;
FILTRE;2014;470009358;470009309;DECLA;0;0;0;0;0;0;0;0;0;0;0;0;0;0;1;0;0;0;0;0;0;0;0;1;0;0;0;0;0;0;0;0;0;0;0;0;0;0;0;
FILTRE;2014;470009358;470009309;INIT;0;0;0;0;0;0;0;0;0;0;0;0;0;0;1;;0;0;0;;;;;;;;;;;;;0;0;0;0;0;0;0;0;
FILTRE;2014;470010349;470010331;DECLA;0;0;0;0;0;0;0;0;0;1;0;0;0;0;0;0;0;0;0;0;0;0;0;0;0;0;0;0;0;0;0;0;0;0;0;0;0;0;0;
FILTRE;2014;470010349;470010331;INIT;0;0;0;0;0;0;0;0;0;1;0;0;0;0;0;;0;0;0;;;;;;;;;;;;;0;0;0;0;0;0;0;0;
FILTRE;2014;470010364;470010356;DECLA;0;0;0;0;1;0;0;0;0;0;0;0;0;0;0;0;0;0;0;0;0;0;0;1;0;1;0;0;0;0;0;0;0;0;0;0;0;0;0;
FILTRE;2014;470010364;470010356;INIT;0;0;0;0;1;0;0;0;0;0;0;0;0;0;0;;0;0;0;;;;;;;;;;;;;0;0;0;0;0;0;0;0;
FILTRE;2014;470012931;470001660;DECLA;0;0;0;0;0;1;0;0;0;0;0;0;0;0;0;0;0;0;0;0;0;0;0;0;0;0;0;1;0;0;0;0;0;0;0;0;0;0;0;
FILTRE;2014;470012931;470001660;INIT;0;0;0;0;0;1;0;0;0;0;0;0;0;0;0;;0;0;0;;;;;;;;;;;;;0;0;0;0;0;0;0;0;
FILTRE;2014;470013558;330000266;DECLA;0;0;0;0;0;0;0;0;0;0;0;1;0;0;0;0;0;0;0;0;0;0;0;0;0;0;0;0;0;0;0;0;0;0;0;0;0;0;0;
FILTRE;2014;470013558;330000266;INIT;0;0;0;0;0;0;0;0;0;0;0;1;0;0;0;;0;0;0;;;;;;;;;;;;;0;0;0;0;0;0;0;0;
FILTRE;2014;480000017;480780097;DECLA;1;1;1;0;1;1;1;1;0;0;1;0;1;0;0;0;1;1;1;1;1;0;1;1;1;1;1;1;0;1;1;0;1;1;0;0;0;0;0;
FILTRE;2014;480000017;480780097;INIT;1;1;1;0;1;1;1;1;0;0;1;0;1;0;0;;1;1;1;;;;;;;;;;;;;0;1;1;0;0;0;0;0;
FILTRE;2014;480000033;480780121;DECLA;1;0;0;0;1;0;1;0;0;0;0;0;0;0;0;0;0;0;0;0;0;0;0;1;0;1;0;0;0;0;0;0;0;0;0;0;0;0;0;
FILTRE;2014;480000033;480780121;INIT;1;0;0;0;1;0;1;0;0;0;0;0;0;0;0;;0;0;0;;;;;;;;;;;;;0;0;0;0;0;0;0;0;
FILTRE;2014;480000041;480780139;DECLA;1;0;0;0;1;1;0;0;0;0;0;0;0;0;0;0;0;0;0;0;0;0;0;1;0;1;0;0;0;1;1;0;0;0;0;0;0;0;0;
FILTRE;2014;480000041;480780139;INIT;1;0;0;0;1;1;1;0;0;0;0;0;0;0;0;;0;0;0;;;;;;;;;;;;;0;0;0;0;0;0;0;0;
FILTRE;2014;480000058;480780147;DECLA;0;0;0;1;0;0;0;0;1;0;0;0;0;0;0;0;0;0;0;0;0;0;0;1;0;1;0;0;0;0;0;0;0;;;;;;;
FILTRE;2014;480000058;480780147;INIT;0;0;0;1;0;0;0;0;1;0;0;0;0;0;0;;0;0;0;;;;;;;;;;;;;0;0;0;0;0;0;0;0;
FILTRE;2014;480000066;480780154;DECLA;1;0;0;0;1;0;1;0;0;0;0;0;0;0;0;0;0;0;0;0;0;0;0;1;0;1;0;0;0;0;0;0;0;0;0;0;0;0;0;
FILTRE;2014;480000066;480780154;INIT;1;0;0;0;1;0;1;0;0;0;0;0;0;0;0;;0;0;0;;;;;;;;;;;;;0;0;0;0;0;0;0;0;
FILTRE;2014;480000074;480780162;DECLA;1;0;0;0;0;1;1;0;0;0;0;0;0;0;0;0;0;0;0;1;0;0;0;1;0;1;1;0;0;0;1;0;0;0;0;0;0;0;0;
FILTRE;2014;480000074;480780162;INIT;1;0;0;0;0;1;1;0;0;0;0;0;0;0;0;;0;0;0;;;;;;;;;;;;;0;0;0;0;0;0;0;0;
FILTRE;2014;480000793;480782101;DECLA;0;0;0;0;1;0;0;0;0;0;0;0;0;0;0;0;0;0;0;0;0;1;0;0;0;0;0;0;0;0;0;0;0;0;0;0;0;0;0;
FILTRE;2014;480000793;480782101;INIT;0;0;0;0;1;0;0;0;0;0;0;0;0;0;0;;0;0;0;;;;;;;;;;;;;0;0;0;0;0;0;0;0;
FILTRE;2014;480000835;480000827;DECLA;0;0;0;0;1;0;0;0;0;0;0;0;0;0;0;0;0;0;0;0;0;0;0;0;0;0;0;0;0;0;0;0;0;0;0;0;0;0;0;
FILTRE;2014;480000835;480000827;INIT;0;0;0;0;1;0;0;0;1;0;0;0;0;0;0;;0;0;0;;;;;;;;;;;;;0;0;0;0;0;0;0;0;
FILTRE;2014;480001403;340000264;DECLA;0;0;0;0;0;0;0;0;0;0;0;1;0;0;0;0;0;0;0;0;0;0;0;1;0;1;1;0;0;0;0;0;0;0;0;0;0;0;0;
FILTRE;2014;480001403;340000264;INIT;0;0;0;0;0;0;0;0;0;0;0;1;0;0;0;;0;0;0;;;;;;;;;;;;;0;0;0;0;0;0;0;0;
FILTRE;2014;480001783;340000264;DECLA;0;0;0;0;0;0;1;0;0;0;0;1;0;0;0;0;0;0;0;0;0;0;0;1;0;1;1;0;0;0;0;0;0;0;0;0;0;0;0;
FILTRE;2014;480001783;340000264;INIT;0;0;0;0;0;0;0;0;0;0;0;1;0;0;0;;0;0;0;;;;;;;;;;;;;0;0;0;0;0;0;0;0;
FILTRE;2014;480001825;750047367;DECLA;0;0;0;0;0;0;0;0;0;0;0;0;0;0;1;0;0;0;0;0;0;0;0;0;0;0;0;0;0;0;1;0;0;0;0;0;0;0;0;
FILTRE;2014;480001825;750047367;INIT;0;0;0;0;0;0;0;0;0;0;0;0;0;0;1;;0;0;0;;;;;;;;;;;;;0;0;0;0;0;0;0;0;
FILTRE;2014;480002948;480780097;DECLA;1;1;0;0;0;0;1;1;0;0;0;0;0;0;0;0;0;0;1;0;0;0;0;1;1;1;0;0;0;0;0;0;0;0;0;0;0;0;0;
FILTRE;2014;480002948;480780097;INIT;1;1;0;0;0;0;1;1;0;0;0;0;0;0;0;;0;0;1;;;;;;;;;;;;;0;0;0;0;0;0;0;0;
FILTRE;2014;480780113;480001296;DECLA;1;1;0;0;0;0;1;1;0;0;0;0;0;0;0;0;0;0;1;0;0;0;0;1;1;1;0;0;0;0;0;0;0;0;0;0;0;0;0;
FILTRE;2014;480780113;480001296;INIT;1;1;0;0;0;0;1;1;0;0;0;0;0;0;0;;0;0;1;;;;;;;;;;;;;0;0;0;0;0;0;0;0;
FILTRE;2014;480780212;480782168;DECLA;0;0;0;0;1;0;0;0;0;0;0;0;0;0;0;0;0;0;0;0;0;0;0;0;0;1;0;0;0;0;0;0;0;0;0;0;0;0;0;
FILTRE;2014;480780212;480782168;INIT;0;0;0;0;1;0;0;0;0;0;0;0;0;0;0;;0;0;0;;;;;;;;;;;;;0;0;0;0;0;0;0;0;
FILTRE;2014;480780287;480001635;DECLA;0;0;0;0;1;0;0;0;0;0;0;0;0;0;0;0;0;0;0;0;0;0;0;0;0;0;0;0;0;0;0;0;0;0;0;0;0;0;0;
FILTRE;2014;480780287;480001635;INIT;0;0;0;0;1;0;0;0;0;0;0;0;0;0;0;;0;0;0;;;;;;;;;;;;;0;0;0;0;0;0;0;0;
FILTRE;2014;480780543;480782101;DECLA;0;0;0;0;1;0;0;0;0;0;0;0;0;0;0;0;0;0;0;0;0;0;0;0;0;1;0;0;0;0;0;0;0;0;0;0;0;0;0;
FILTRE;2014;480780543;480782101;INIT;0;0;0;0;1;0;0;0;0;0;0;0;0;0;0;;0;0;0;;;;;;;;;;;;;0;0;0;0;0;0;0;0;
FILTRE;2014;480783034;480782101;DECLA;0;0;0;0;1;0;0;0;0;0;0;0;0;0;0;0;0;0;0;1;0;0;0;1;0;1;0;0;0;0;0;0;0;0;0;0;0;0;0;
FILTRE;2014;480783034;480782101;INIT;0;0;0;0;1;0;0;0;0;0;0;0;0;0;0;;0;0;0;;;;;;;;;;;;;0;0;0;0;0;0;0;0;
FILTRE;2014;490000049;490000031;DECLA;1;1;1;0;0;0;1;1;0;0;1;1;1;0;0;1;1;1;1;1;1;1;1;1;1;1;1;1;1;1;1;1;1;1;1;1;1;0;1;
FILTRE;2014;490000049;490000031;INIT;1;1;1;0;0;0;1;1;0;0;1;1;1;0;0;;1;1;1;;;;;;;;;;;;;1;1;1;1;1;1;0;1;
FILTRE;2014;490000106;490000163;DECLA;0;0;0;1;0;0;0;0;1;0;0;0;0;0;0;0;0;0;0;1;0;0;0;1;0;1;0;0;0;0;1;0;0;0;0;0;0;0;0;
FILTRE;2014;490000106;490000163;INIT;0;0;0;1;0;0;0;0;1;0;0;0;0;0;0;;0;0;0;;;;;;;;;;;;;0;0;0;0;0;0;0;0;
FILTRE;2014;490000155;490017258;DECLA;1;1;0;0;0;0;1;1;0;1;1;0;0;0;0;0;0;0;1;1;1;0;0;1;1;1;0;0;1;1;0;0;1;1;0;0;0;0;0;
FILTRE;2014;490000155;490017258;INIT;1;1;0;0;0;0;1;1;0;1;1;0;0;0;0;;0;0;1;;;;;;;;;;;;;0;0;1;0;0;0;0;0;
FILTRE;2014;490000239;490015765;DECLA;0;0;0;0;1;0;0;0;0;0;0;0;0;0;0;0;0;0;0;0;0;0;0;1;0;1;0;0;0;1;1;0;0;0;0;0;0;0;0;
FILTRE;2014;490000239;490015765;INIT;0;0;0;0;1;0;0;0;0;0;0;0;0;0;0;;0;0;0;;;;;;;;;;;;;0;0;0;0;0;0;0;0;
FILTRE;2014;490000247;490000130;DECLA;0;0;0;1;0;0;0;0;0;0;0;0;0;0;0;0;0;0;0;0;0;0;0;1;0;0;0;0;0;0;0;0;0;0;0;0;0;0;0;
FILTRE;2014;490000247;490000130;INIT;0;0;0;1;0;0;0;0;0;0;0;0;0;0;0;;0;0;0;;;;;;;;;;;;;0;0;0;0;0;0;0;0;
FILTRE;2014;490000254;490015765;DECLA;1;0;0;0;1;0;1;0;0;0;0;0;0;0;0;0;0;0;0;0;0;0;0;0;0;0;0;0;0;1;1;0;0;0;0;0;0;0;0;
FILTRE;2014;490000254;490015765;INIT;1;0;0;0;1;0;1;0;0;0;0;0;0;0;0;;0;0;0;;;;;;;;;;;;;0;0;0;0;0;0;0;0;
FILTRE;2014;490000262;490000171;DECLA;1;1;0;0;1;0;1;1;0;0;1;0;0;0;0;0;0;0;1;1;0;1;0;1;1;1;0;0;0;1;1;1;1;1;0;0;0;0;0;
FILTRE;2014;490000262;490000171;INIT;1;1;0;0;1;0;1;1;0;0;1;0;0;0;0;;0;0;1;;;;;;;;;;;;;1;0;1;0;0;0;0;0;
FILTRE;2014;490000296;490000387;DECLA;1;0;0;0;1;0;0;0;0;0;0;0;0;0;0;0;0;0;0;0;0;0;0;1;0;1;0;0;0;0;1;0;0;0;0;0;0;0;0;
FILTRE;2014;490000296;490000387;INIT;1;0;0;0;1;0;1;0;0;0;0;0;0;0;0;;0;0;0;;;;;;;;;;;;;0;0;0;0;0;0;0;0;
FILTRE;2014;490000312;490012176;DECLA;0;0;0;0;0;0;0;0;0;0;1;0;0;0;1;0;0;0;0;0;0;0;0;1;1;1;0;0;0;0;0;0;0;0;0;0;0;0;0;
FILTRE;2014;490000312;490012176;INIT;0;0;0;0;0;0;0;0;0;0;0;0;0;0;1;;0;0;0;;;;;;;;;;;;;0;0;0;0;0;0;0;0;
FILTRE;2014;490000320;490000395;DECLA;1;0;0;0;1;0;1;0;0;0;0;0;0;0;0;0;0;0;0;0;0;0;0;1;0;1;0;0;0;1;1;0;0;0;0;0;0;0;0;
FILTRE;2014;490000320;490000395;INIT;1;0;0;0;1;0;1;0;0;0;0;0;0;0;0;;0;0;0;;;;;;;;;;;;;0;0;0;0;0;0;0;0;
FILTRE;2014;490000338;490000403;DECLA;1;0;0;0;1;0;0;0;0;0;0;0;0;0;0;0;0;0;0;0;0;0;0;1;0;0;0;0;0;0;1;0;0;0;0;0;0;0;0;
FILTRE;2014;490000338;490000403;INIT;1;0;0;0;1;0;1;0;0;0;0;0;0;0;0;;0;0;0;;;;;;;;;;;;;0;0;0;0;0;0;0;0;
FILTRE;2014;490000353;490000411;DECLA;0;0;0;0;1;1;0;0;0;0;0;0;0;0;0;0;0;0;0;0;0;0;0;1;0;1;0;0;0;0;1;0;0;0;0;0;0;0;0;
FILTRE;2014;490000353;490000411;INIT;0;0;0;0;1;1;0;0;0;0;0;0;0;0;0;;0;0;0;;;;;;;;;;;;;0;0;0;0;0;0;0;0;
FILTRE;2014;490000494;490000429;DECLA;1;0;0;0;1;0;0;0;0;0;0;0;0;0;0;0;0;0;0;0;0;0;0;0;0;1;0;0;0;1;1;0;0;0;0;0;0;0;0;
FILTRE;2014;490000494;490000429;INIT;0;0;0;0;1;0;0;0;0;0;0;0;0;0;0;;0;0;0;;;;;;;;;;;;;0;0;0;0;0;0;0;0;
FILTRE;2014;490000569;440000313;DECLA;1;0;0;0;1;1;1;0;0;0;0;0;0;0;0;0;0;0;0;0;0;0;0;1;0;0;0;0;0;1;1;0;0;0;0;0;0;0;0;
FILTRE;2014;490000569;440000313;INIT;1;0;0;0;1;0;1;0;0;0;0;0;0;0;0;;0;0;0;;;;;;;;;;;;;0;0;0;0;0;0;0;0;
FILTRE;2014;490000601;490015856;DECLA;0;0;0;0;1;0;0;0;0;0;0;0;0;0;0;0;0;0;0;0;0;0;0;1;0;0;0;1;0;1;0;0;0;0;0;0;0;0;0;
FILTRE;2014;490000601;490015856;INIT;0;0;0;0;1;0;0;0;0;0;0;0;0;0;0;;0;0;0;;;;;;;;;;;;;0;0;0;0;0;0;0;0;
FILTRE;2014;490000635;490000676;DECLA;1;1;1;1;1;0;1;1;1;0;1;1;1;0;0;1;1;1;1;1;1;0;0;1;1;1;0;1;1;1;1;0;1;1;0;0;0;0;0;
FILTRE;2014;490000635;490000676;INIT;1;1;1;1;1;0;1;1;1;0;1;1;1;0;0;;1;1;1;;;;;;;;;;;;;0;1;1;0;0;0;0;0;
FILTRE;2014;490000643;440042844;DECLA;0;0;0;0;1;0;0;0;0;0;0;0;0;0;0;0;0;0;0;0;0;0;0;1;0;1;0;0;0;1;1;0;0;0;0;0;0;0;0;
FILTRE;2014;490000643;440042844;INIT;0;0;0;0;1;0;0;0;0;0;0;0;0;0;0;;0;0;0;;;;;;;;;;;;;0;0;0;0;0;0;0;0;
FILTRE;2014;490000650;490007689;DECLA;1;0;0;0;1;0;1;0;0;0;0;0;0;0;0;0;0;0;0;0;0;0;0;1;0;1;0;1;0;0;1;0;0;0;0;0;0;0;0;
FILTRE;2014;490000650;490007689;INIT;1;0;0;0;1;0;1;0;0;0;0;0;0;0;0;;0;0;0;;;;;;;;;;;;;0;0;0;0;0;0;0;0;
FILTRE;2014;490000700;490000692;DECLA;1;0;0;0;1;0;1;0;0;0;0;0;0;0;0;0;0;0;0;0;0;0;0;0;0;0;0;0;0;0;0;0;0;0;0;0;0;0;0;
FILTRE;2014;490000700;490000692;INIT;1;0;0;0;1;0;1;0;0;0;0;0;0;0;0;;0;0;0;;;;;;;;;;;;;0;0;0;0;0;0;0;0;
FILTRE;2014;490000817;490000759;DECLA;0;0;0;0;1;0;0;0;0;0;0;0;0;0;0;0;0;0;0;0;0;0;0;0;0;0;0;0;0;0;0;0;0;0;0;0;0;0;0;
FILTRE;2014;490000817;490000759;INIT;0;0;0;0;1;0;0;0;0;0;0;0;0;0;0;;0;0;0;;;;;;;;;;;;;0;0;0;0;0;0;0;0;
FILTRE;2014;490001765;490528452;DECLA;1;1;1;1;1;0;1;1;1;0;1;0;1;0;0;1;1;1;1;1;1;1;1;1;1;1;1;1;0;1;1;0;1;1;0;0;0;0;0;
FILTRE;2014;490001765;490528452;INIT;1;1;1;1;1;0;1;1;1;0;0;0;1;0;0;;1;1;1;;;;;;;;;;;;;0;0;1;0;0;0;0;0;
FILTRE;2014;490001831;490007689;DECLA;0;0;0;0;1;1;0;0;0;0;0;0;0;0;0;0;0;0;0;0;0;0;0;1;0;1;0;1;0;0;1;0;0;0;0;0;0;0;0;
FILTRE;2014;490001831;490007689;INIT;0;0;0;0;1;1;0;0;0;0;0;0;0;0;0;;0;0;0;;;;;;;;;;;;;0;0;0;0;0;0;0;0;
FILTRE;2014;490002037;490000890;DECLA;1;1;1;0;0;0;1;1;0;0;1;0;0;0;0;1;0;0;1;1;1;0;0;1;1;1;0;0;0;0;0;0;1;1;0;0;0;0;0;
FILTRE;2014;490002037;490000890;INIT;1;1;1;0;0;0;1;1;0;0;1;0;0;0;0;;0;0;1;;;;;;;;;;;;;0;0;1;0;0;0;0;0;
FILTRE;2014;490002979;490535705;DECLA;0;0;0;1;0;0;0;0;0;0;0;0;0;0;0;0;0;0;0;0;0;0;0;0;0;0;0;0;0;0;0;0;0;0;0;0;0;0;0;
FILTRE;2014;490002979;490535705;INIT;0;0;0;1;0;0;0;0;0;0;0;0;0;0;0;;0;0;0;;;;;;;;;;;;;0;0;0;0;0;0;0;0;
FILTRE;2014;490004256;490001716;DECLA;1;0;0;0;1;0;0;0;0;0;0;0;0;0;0;0;0;0;0;0;0;0;0;1;0;1;0;0;0;1;0;0;0;0;0;0;0;0;0;
FILTRE;2014;490004256;490001716;INIT;1;0;0;0;1;0;1;0;0;0;0;0;0;0;0;;0;0;0;;;;;;;;;;;;;0;0;0;0;0;0;0;0;
FILTRE;2014;490007499;440002590;DECLA;0;0;0;0;0;0;0;0;0;0;0;1;0;0;0;0;0;0;0;0;0;0;0;0;0;0;1;0;0;0;0;0;0;0;0;0;0;0;0;
FILTRE;2014;490007499;440002590;INIT;0;0;0;0;0;0;0;0;0;0;0;1;0;0;0;;0;0;0;;;;;;;;;;;;;0;0;0;0;0;0;0;0;
FILTRE;2014;490007549;490535168;DECLA;0;0;0;0;1;0;0;0;0;0;0;0;0;0;0;0;0;0;0;0;0;0;0;0;0;1;0;0;0;0;0;0;0;0;0;0;0;0;0;
FILTRE;2014;490007549;490535168;INIT;0;0;0;0;1;0;0;0;0;0;0;0;0;0;0;;0;0;0;;;;;;;;;;;;;0;0;0;0;0;0;0;0;
FILTRE;2014;490007929;490000627;DECLA;0;1;0;0;0;0;0;1;0;0;0;0;0;0;0;0;0;0;1;0;0;0;0;1;0;1;0;0;0;0;0;0;0;1;0;0;0;0;0;
FILTRE;2014;490007929;490000627;INIT;0;1;0;0;0;0;0;1;0;0;0;0;0;0;0;;0;0;1;;;;;;;;;;;;;0;0;1;0;0;0;0;0;
FILTRE;2014;490008224;440002590;DECLA;0;0;0;0;0;0;0;0;0;0;0;1;0;0;0;0;0;0;0;0;0;0;0;0;0;0;0;0;0;0;0;0;0;0;0;0;0;0;0;
FILTRE;2014;490008224;440002590;INIT;0;0;0;0;0;0;0;0;0;0;0;1;0;0;0;;0;0;0;;;;;;;;;;;;;0;0;0;0;0;0;0;0;
FILTRE;2014;490008604;490001070;DECLA;0;0;0;0;0;1;0;0;0;0;0;0;0;0;0;0;0;0;0;0;0;0;0;1;0;0;0;0;0;0;1;0;0;0;0;0;0;0;0;
FILTRE;2014;490008604;490001070;INIT;0;0;0;0;0;1;0;0;0;0;0;0;0;0;0;;0;0;0;;;;;;;;;;;;;0;0;0;0;0;0;0;0;
FILTRE;2014;490009008;440002590;DECLA;0;0;0;0;0;0;0;0;0;0;0;1;0;0;0;0;0;0;0;0;0;0;0;0;0;0;0;0;0;0;0;0;0;0;0;0;0;0;0;
FILTRE;2014;490009008;440002590;INIT;0;0;0;0;0;0;0;0;0;0;0;1;0;0;0;;0;0;0;;;;;;;;;;;;;0;0;0;0;0;0;0;0;
FILTRE;2014;490009248;490535168;DECLA;0;0;0;0;1;0;0;0;0;0;0;0;0;0;0;0;0;0;0;0;0;0;0;0;0;0;0;0;0;0;0;0;0;0;0;0;0;0;0;
FILTRE;2014;490009248;490535168;INIT;0;0;0;0;1;0;0;0;0;0;0;0;0;0;0;;0;0;0;;;;;;;;;;;;;0;0;0;0;0;0;0;0;
FILTRE;2014;490011350;440002590;DECLA;0;0;0;0;0;0;0;0;0;0;0;1;0;0;0;0;0;0;0;0;0;0;0;0;0;0;0;0;0;0;0;0;0;0;0;0;0;0;0;
FILTRE;2014;490011350;440002590;INIT;0;0;0;0;0;0;0;0;0;0;0;1;0;0;0;;0;0;0;;;;;;;;;;;;;0;0;0;0;0;0;0;0;
FILTRE;2014;490014909;490008109;DECLA;1;1;1;0;0;0;1;1;0;0;1;0;0;0;0;0;1;0;1;1;0;1;0;1;1;1;0;0;0;0;0;0;1;1;0;0;0;0;0;
FILTRE;2014;490014909;490008109;INIT;1;1;1;0;0;0;1;1;0;0;0;0;0;0;0;;1;0;1;;;;;;;;;;;;;0;0;1;0;0;0;0;0;
FILTRE;2014;490015435;490011384;DECLA;0;0;0;0;0;0;0;0;0;0;0;1;0;0;0;0;0;0;0;0;0;0;0;0;0;0;0;0;0;0;0;0;0;0;0;0;0;0;0;
FILTRE;2014;490015435;490011384;INIT;0;0;0;0;0;0;0;0;0;0;0;1;0;0;0;;0;0;0;;;;;;;;;;;;;0;0;0;0;0;0;0;0;
FILTRE;2014;490015906;490000197;DECLA;1;1;0;0;0;0;1;1;0;0;0;0;0;0;0;0;0;0;1;1;1;1;0;1;1;1;0;0;1;0;1;0;0;0;0;0;0;0;0;
FILTRE;2014;490015906;490000197;INIT;1;1;0;0;0;0;1;1;0;0;0;0;0;0;0;;0;0;1;;;;;;;;;;;;;0;0;0;0;0;0;0;0;
FILTRE;2014;490016235;440002590;DECLA;0;0;0;0;0;0;0;0;0;0;0;1;0;0;0;0;0;0;0;0;0;0;0;0;0;0;0;0;0;0;0;0;0;0;0;0;0;0;0;
FILTRE;2014;490016235;440002590;INIT;0;0;0;0;0;0;0;0;0;0;0;1;0;0;0;;0;0;0;;;;;;;;;;;;;0;0;0;0;0;0;0;0;
FILTRE;2014;490016334;490016326;DECLA;0;0;0;0;0;0;0;0;0;0;0;0;0;0;1;0;0;0;0;0;0;0;0;0;0;1;0;0;0;0;0;0;0;0;0;0;0;0;0;
FILTRE;2014;490016334;490016326;INIT;0;0;0;0;0;0;0;0;0;0;0;0;0;0;1;;0;0;0;;;;;;;;;;;;;0;0;0;0;0;0;0;0;
FILTRE;2014;490016870;440048643;DECLA;0;0;0;0;0;0;0;0;0;0;1;0;0;0;1;0;0;0;0;0;0;0;0;1;0;1;0;0;0;0;0;0;0;0;0;0;0;0;0;
FILTRE;2014;490016870;440048643;INIT;0;0;0;0;0;0;0;0;0;0;0;0;0;0;1;;0;0;0;;;;;;;;;;;;;0;0;0;0;0;0;0;0;
FILTRE;2014;490017613;440002590;DECLA;0;0;0;0;0;0;0;0;0;0;0;1;0;0;0;0;0;0;0;0;0;0;0;0;0;0;1;0;0;0;0;0;0;0;0;0;0;0;0;
FILTRE;2014;490017613;440002590;INIT;0;0;0;0;0;0;0;0;0;0;0;1;0;0;0;;0;0;0;;;;;;;;;;;;;0;0;0;0;0;0;0;0;
FILTRE;2014;490018769;440042844;DECLA;0;0;0;0;1;0;0;0;0;0;0;0;0;0;0;0;0;0;0;0;0;0;0;0;0;0;0;0;0;0;1;0;0;0;0;0;0;0;0;
FILTRE;2014;490018769;440042844;INIT;0;0;0;0;1;0;0;0;0;0;0;0;0;0;0;;0;0;0;;;;;;;;;;;;;0;0;0;0;0;0;0;0;
FILTRE;2014;490018785;440042844;DECLA;0;0;0;0;1;0;0;0;0;0;0;0;0;0;0;0;0;0;0;0;0;0;0;0;0;0;0;0;0;0;1;0;0;0;0;0;0;0;0;
FILTRE;2014;490018785;440042844;INIT;0;0;0;0;1;0;0;0;0;0;0;0;0;0;0;;0;0;0;;;;;;;;;;;;;0;0;0;0;0;0;0;0;
FILTRE;2014;490529005;490000031;DECLA;0;0;0;0;1;0;0;0;0;0;0;0;0;0;0;0;0;0;0;0;0;0;0;0;0;0;0;0;0;0;0;0;0;0;0;0;0;0;0;
FILTRE;2014;490529005;490000031;INIT;0;0;0;0;1;0;0;0;0;0;0;0;0;0;0;;0;0;0;;;;;;;;;;;;;0;0;0;0;0;0;0;0;
FILTRE;2014;490531910;490535093;DECLA;0;0;0;0;1;1;0;0;0;0;0;0;0;0;0;0;0;0;0;0;0;1;0;1;0;1;0;0;0;0;1;0;0;0;0;0;0;0;0;
FILTRE;2014;490531910;490535093;INIT;0;0;0;0;1;0;0;0;0;0;0;0;0;0;0;;0;0;0;;;;;;;;;;;;;0;0;0;0;0;0;0;0;
FILTRE;2014;490532173;530000025;DECLA;1;0;0;0;1;0;1;0;0;0;0;0;0;0;0;0;0;0;0;1;0;0;0;0;0;0;0;0;0;1;0;0;0;0;0;0;0;0;0;
FILTRE;2014;490532173;530000025;INIT;1;0;0;0;1;0;1;0;0;0;0;0;0;0;0;;0;0;0;;;;;;;;;;;;;0;0;0;0;0;0;0;0;
FILTRE;2014;490534922;490000890;DECLA;0;0;0;0;1;0;0;0;0;0;0;0;0;0;0;0;0;0;0;0;0;0;0;0;0;0;0;0;0;0;0;0;0;0;0;0;0;0;0;
FILTRE;2014;490534922;490000890;INIT;0;0;0;0;1;0;0;0;0;0;0;0;0;0;0;;0;0;0;;;;;;;;;;;;;0;0;0;0;0;0;0;0;
FILTRE;2014;490536224;490000031;DECLA;0;0;0;0;0;1;0;0;0;0;0;0;0;0;0;0;0;0;0;0;0;0;0;0;0;0;0;0;0;0;0;0;0;0;0;0;0;0;0;
FILTRE;2014;490536224;490000031;INIT;0;0;0;0;0;1;0;0;0;0;0;0;0;0;0;;0;0;0;;;;;;;;;;;;;0;0;0;0;0;0;0;0;
FILTRE;2014;490537818;490011384;DECLA;0;0;0;0;0;0;0;0;0;0;0;1;0;0;0;0;0;0;0;0;0;0;0;1;0;0;0;1;0;0;0;0;0;0;0;0;0;0;0;
FILTRE;2014;490537818;490011384;INIT;0;0;0;0;0;0;0;0;0;0;0;1;0;0;0;;0;0;0;;;;;;;;;;;;;0;0;0;0;0;0;0;0;
FILTRE;2014;490540440;490004330;DECLA;0;0;0;0;0;0;0;1;0;0;0;0;0;0;0;0;0;0;1;1;0;0;0;1;1;1;0;0;1;0;0;0;0;0;0;0;0;0;0;
FILTRE;2014;490540440;490004330;INIT;0;0;0;0;0;0;0;1;0;0;0;0;0;0;0;;0;0;1;;;;;;;;;;;;;0;0;0;0;0;0;0;0;
FILTRE;2014;490543675;490009529;DECLA;0;0;0;0;1;0;0;0;0;0;0;0;0;0;0;1;0;0;0;0;0;0;0;1;0;0;0;0;0;1;1;0;0;0;0;0;0;0;0;
FILTRE;2014;490543675;490009529;INIT;0;0;0;0;1;0;0;0;0;0;0;0;0;0;0;;0;0;0;;;;;;;;;;;;;0;0;0;0;0;0;0;0;
FILTRE;2014;500000021;500000054;DECLA;1;1;1;0;1;1;1;0;0;0;1;0;1;0;0;0;1;1;1;1;1;0;0;1;1;1;1;1;1;0;1;0;1;1;0;0;0;0;0;
FILTRE;2014;500000021;500000054;INIT;1;1;1;0;1;1;1;0;0;0;0;0;1;0;0;;1;1;1;;;;;;;;;;;;;0;1;1;0;0;0;0;0;
FILTRE;2014;500000146;500000500;DECLA;1;1;0;0;1;0;1;1;0;0;1;0;0;0;0;0;0;0;1;1;1;1;0;1;1;1;0;0;0;1;0;0;1;1;0;0;0;0;0;
FILTRE;2014;500000146;500000500;INIT;1;1;0;0;1;0;1;1;0;0;1;0;0;0;0;;0;0;1;;;;;;;;;;;;;0;0;1;0;0;0;0;0;
FILTRE;2014;500000187;500000013;DECLA;1;1;1;0;0;0;1;1;0;1;1;1;1;0;1;1;1;1;1;1;1;1;0;1;1;1;1;1;1;1;1;0;1;0;0;0;0;0;0;
FILTRE;2014;500000187;500000013;INIT;1;1;1;0;1;0;1;1;0;0;1;1;1;0;1;;1;1;1;;;;;;;;;;;;;0;1;1;0;0;0;0;0;
FILTRE;2014;500000195;500000039;DECLA;1;0;0;0;1;0;1;0;0;0;0;0;0;0;0;0;0;0;0;0;0;0;0;1;0;1;0;0;0;0;0;0;0;0;0;0;0;0;0;
FILTRE;2014;500000195;500000039;INIT;1;0;0;0;1;0;1;0;0;0;0;0;0;0;0;;0;0;0;;;;;;;;;;;;;0;0;0;0;0;0;0;0;
FILTRE;2014;500000203;500000542;DECLA;0;1;0;0;1;0;0;1;0;0;0;0;0;0;0;0;0;0;1;0;0;0;0;1;0;1;0;0;0;0;0;0;1;1;0;0;0;0;0;
FILTRE;2014;500000203;500000542;INIT;0;1;0;0;1;0;0;1;0;0;0;0;0;0;0;;0;0;1;;;;;;;;;;;;;0;0;1;0;0;0;0;0;
FILTRE;2014;500000229;500000567;DECLA;0;0;0;0;1;0;0;0;0;0;0;0;0;0;0;0;0;0;0;1;0;0;0;1;0;1;0;0;0;0;1;0;0;0;0;0;0;0;0;
FILTRE;2014;500000229;500000567;INIT;0;0;0;0;1;0;0;0;0;0;0;0;0;0;0;;0;0;0;;;;;;;;;;;;;0;0;0;0;0;0;0;0;
FILTRE;2014;500000260;500000054;DECLA;1;0;0;0;1;1;1;1;0;0;1;0;1;1;1;0;1;1;1;1;0;1;0;1;0;1;1;1;1;0;1;0;0;0;0;0;0;0;0;
FILTRE;2014;500000260;500000054;INIT;1;0;0;0;1;1;1;1;0;0;1;0;1;0;1;;1;1;1;;;;;;;;;;;;;0;0;0;0;0;0;0;0;
FILTRE;2014;500000278;500010384;DECLA;0;0;0;0;1;0;0;0;0;0;0;0;0;0;0;0;0;0;0;0;0;0;0;0;0;1;0;0;0;0;0;0;0;0;0;0;0;0;0;
FILTRE;2014;500000278;500010384;INIT;0;0;0;0;1;0;0;0;0;0;0;0;0;0;0;;0;0;0;;;;;;;;;;;;;0;0;0;0;0;0;0;0;
FILTRE;2014;500000302;500000062;DECLA;1;0;0;0;1;0;0;0;0;0;0;0;0;0;0;0;0;0;0;0;0;0;0;1;0;1;0;0;0;1;1;0;0;0;0;0;0;0;0;
FILTRE;2014;500000302;500000062;INIT;1;0;0;0;1;0;1;0;0;0;0;0;0;0;0;;0;0;0;;;;;;;;;;;;;0;0;0;0;0;0;0;0;
FILTRE;2014;500000401;500000609;DECLA;0;1;1;0;0;0;1;1;0;0;1;0;1;0;0;0;0;0;1;1;0;0;0;1;1;1;0;0;0;0;0;0;0;0;0;0;0;0;0;
FILTRE;2014;500000401;500000609;INIT;0;1;1;0;0;0;0;1;0;0;0;0;1;0;0;;0;0;1;;;;;;;;;;;;;0;0;0;0;0;0;0;0;
FILTRE;2014;500000419;310021084;DECLA;0;0;0;0;1;0;0;0;0;0;0;0;0;0;0;1;0;0;0;0;0;0;0;1;0;1;0;0;0;0;0;0;0;0;0;0;0;0;0;
FILTRE;2014;500000419;310021084;INIT;0;0;0;0;1;0;0;0;0;0;0;0;0;0;0;;0;0;0;;;;;;;;;;;;;0;0;0;0;0;0;0;0;
FILTRE;2014;500000427;500000096;DECLA;1;0;0;0;1;0;1;0;0;0;0;0;0;0;0;0;1;1;0;1;0;0;0;1;0;1;0;0;0;0;1;0;0;0;0;0;0;0;0;
FILTRE;2014;500000427;500000096;INIT;1;0;0;0;1;0;1;0;0;0;0;0;0;0;0;;1;1;0;;;;;;;;;;;;;0;0;0;0;0;0;0;0;
FILTRE;2014;500000435;500000104;DECLA;1;0;0;0;1;0;1;0;0;0;0;0;0;0;0;0;0;0;0;0;0;0;0;1;0;1;0;0;0;1;1;0;0;0;0;0;0;0;0;
FILTRE;2014;500000435;500000104;INIT;1;0;0;0;1;0;1;0;0;0;0;0;0;0;0;;0;0;0;;;;;;;;;;;;;0;0;0;0;0;0;0;0;
FILTRE;2014;500000450;500000112;DECLA;1;1;1;0;1;1;1;1;0;0;1;1;1;0;1;1;1;1;1;1;1;1;1;1;1;1;1;1;1;1;1;0;1;1;0;0;0;0;0;
FILTRE;2014;500000450;500000112;INIT;1;1;1;0;1;0;1;1;0;0;1;1;1;0;1;;1;1;1;;;;;;;;;;;;;0;1;1;0;0;0;0;0;
FILTRE;2014;500000468;500000013;DECLA;1;0;1;0;1;0;1;0;0;0;0;0;0;1;0;1;1;1;0;1;0;0;0;0;0;0;0;0;1;0;1;0;0;0;0;0;0;0;0;
FILTRE;2014;500000468;500000013;INIT;1;0;0;0;1;0;1;0;0;0;0;0;0;0;0;;1;1;0;;;;;;;;;;;;;0;0;0;0;0;0;0;0;
FILTRE;2014;500000476;500000138;DECLA;1;0;0;0;1;0;0;0;0;0;0;0;0;0;0;0;0;0;0;0;0;0;0;1;0;1;0;0;0;1;1;0;0;0;0;0;0;0;0;
FILTRE;2014;500000476;500000138;INIT;1;0;0;0;1;0;1;0;0;0;0;0;0;0;0;;0;0;0;;;;;;;;;;;;;0;0;0;0;0;0;0;0;
FILTRE;2014;500000575;500000245;DECLA;0;0;0;1;1;0;0;0;1;0;0;0;0;0;0;0;0;0;0;0;0;0;0;1;0;1;0;0;0;0;1;0;0;0;0;0;0;0;0;
FILTRE;2014;500000575;500000245;INIT;0;0;0;1;1;0;0;0;1;0;0;0;0;0;0;;0;0;0;;;;;;;;;;;;;0;0;0;0;0;0;0;0;
FILTRE;2014;500000591;500000393;DECLA;1;0;0;0;1;1;1;0;0;0;0;0;0;0;0;0;1;1;0;1;0;0;0;1;0;1;1;1;0;0;1;0;0;0;0;0;0;0;0;
FILTRE;2014;500000591;500000393;INIT;1;0;0;0;1;0;1;0;0;0;0;0;0;0;0;;1;1;0;;;;;;;;;;;;;0;0;0;0;0;0;0;0;
FILTRE;2014;500002357;500002233;DECLA;0;1;1;0;1;0;0;1;0;0;0;0;1;0;0;0;0;0;1;1;1;1;0;1;1;1;0;0;0;0;1;0;1;1;0;0;0;0;0;
FILTRE;2014;500002357;500002233;INIT;0;1;0;0;1;0;0;1;0;0;0;0;1;0;0;;0;0;1;;;;;;;;;;;;;0;0;1;0;0;0;0;0;
FILTRE;2014;500010384;500010384;DECLA;0;0;0;1;0;0;0;0;1;0;0;0;0;0;0;0;0;0;0;0;0;0;0;1;0;1;0;0;0;0;1;0;0;0;0;0;0;0;0;
FILTRE;2014;500010384;500010384;INIT;0;0;0;1;0;0;0;0;1;0;0;0;0;0;0;;0;0;0;;;;;;;;;;;;;0;0;0;0;0;0;0;0;
FILTRE;2014;500012687;310021118;DECLA;0;0;0;0;1;0;0;0;0;0;0;0;0;0;0;1;0;0;0;0;0;0;0;1;0;1;1;0;0;0;1;0;0;0;0;0;0;0;0;
FILTRE;2014;500012687;310021118;INIT;0;0;0;0;1;0;0;0;0;0;0;0;0;0;0;;0;0;0;;;;;;;;;;;;;0;0;0;0;0;0;0;0;
FILTRE;2014;500012968;750826307;DECLA;0;0;0;0;1;0;0;0;0;0;0;0;0;0;0;0;0;0;0;0;0;0;0;0;0;1;0;0;0;0;0;0;0;0;0;0;0;0;0;
FILTRE;2014;500012968;750826307;INIT;0;0;0;0;1;0;0;0;0;0;0;0;0;0;0;;0;0;0;;;;;;;;;;;;;0;0;0;0;0;0;0;0;
FILTRE;2014;500015185;500015185;DECLA;0;0;0;1;0;0;0;0;1;0;0;0;0;0;0;0;0;0;0;0;0;0;0;1;0;1;0;0;0;0;1;0;0;0;0;0;0;0;0;
FILTRE;2014;500015185;500015185;INIT;0;0;0;1;0;0;0;0;1;0;0;0;0;0;0;;0;0;0;;;;;;;;;;;;;0;0;0;0;0;0;0;0;
FILTRE;2014;500021274;140000159;DECLA;0;0;0;0;0;0;0;0;0;0;0;0;0;0;1;0;0;0;0;0;0;0;0;0;0;0;0;0;0;0;0;0;0;0;0;0;0;0;0;
FILTRE;2014;500021274;140000159;INIT;0;0;0;0;0;0;0;0;0;0;0;0;0;0;1;;0;0;0;;;;;;;;;;;;;0;0;0;0;0;0;0;0;
FILTRE;2014;500021282;140000159;DECLA;0;0;0;0;0;0;0;0;0;0;0;0;0;0;1;0;0;0;0;0;0;0;0;0;0;0;0;0;0;0;0;0;0;0;0;0;0;0;0;
FILTRE;2014;500021282;140000159;INIT;0;0;0;0;0;0;0;0;0;0;0;0;0;0;1;;0;0;0;;;;;;;;;;;;;0;0;0;0;0;0;0;0;
FILTRE;2014;500021316;350000626;DECLA;0;0;0;0;0;0;1;0;0;0;0;1;0;0;0;0;0;0;0;0;0;0;0;0;0;0;0;0;0;0;0;0;0;0;0;0;0;0;0;
FILTRE;2014;500021316;350000626;INIT;0;0;0;0;0;0;0;0;0;0;0;1;0;0;0;;0;0;0;;;;;;;;;;;;;0;0;0;0;0;0;0;0;
FILTRE;2014;500021373;140000852;DECLA;0;0;0;0;0;0;0;0;0;0;0;1;0;0;0;0;0;0;0;0;0;0;0;0;0;0;0;0;0;0;0;0;0;0;0;0;0;0;0;
FILTRE;2014;500021373;140000852;INIT;0;0;0;0;0;0;0;0;0;0;0;1;0;0;0;;0;0;0;;;;;;;;;;;;;0;0;0;0;0;0;0;0;
FILTRE;2014;500021381;140000852;DECLA;0;0;0;0;0;0;0;0;0;0;0;1;0;0;0;0;0;0;0;0;0;0;0;0;0;0;0;0;0;0;0;0;0;0;0;0;0;0;0;
FILTRE;2014;500021381;140000852;INIT;0;0;0;0;0;0;0;0;0;0;0;1;0;0;0;;0;0;0;;;;;;;;;;;;;0;0;0;0;0;0;0;0;
FILTRE;2014;500021399;140000852;DECLA;0;0;0;0;0;0;0;0;0;0;0;1;0;0;0;0;0;0;0;0;0;0;0;0;0;0;0;0;0;0;0;0;0;0;0;0;0;0;0;
FILTRE;2014;500021399;140000852;INIT;0;0;0;0;0;0;0;0;0;0;0;1;0;0;0;;0;0;0;;;;;;;;;;;;;0;0;0;0;0;0;0;0;
FILTRE;2014;500021415;140000852;DECLA;0;0;0;0;0;0;0;0;0;0;0;1;0;0;0;0;0;0;0;0;0;0;0;0;0;0;0;0;0;0;0;0;0;0;0;0;0;0;0;
FILTRE;2014;500021415;140000852;INIT;0;0;0;0;0;0;0;0;0;0;0;1;0;0;0;;0;0;0;;;;;;;;;;;;;0;0;0;0;0;0;0;0;
FILTRE;2014;500021423;500000567;DECLA;0;0;0;0;1;0;0;0;0;0;0;0;0;0;0;0;0;0;0;0;0;0;0;1;0;1;0;0;0;0;1;0;0;0;0;0;0;0;0;
FILTRE;2014;500021423;500000567;INIT;0;0;0;0;1;0;0;0;0;0;0;0;0;0;0;;0;0;0;;;;;;;;;;;;;0;0;0;0;0;0;0;0;
FILTRE;2014;500021449;500018296;DECLA;0;0;0;0;0;0;0;0;0;1;0;0;0;0;0;0;0;0;0;0;0;0;0;0;0;0;0;0;0;0;0;0;0;0;0;0;0;0;0;
FILTRE;2014;500021449;500018296;INIT;0;0;0;0;0;0;0;0;0;1;0;0;0;0;0;;0;0;0;;;;;;;;;;;;;0;0;0;0;0;0;0;0;
FILTRE;2014;500021944;140000639;DECLA;0;0;0;0;0;0;0;0;0;1;0;0;0;0;0;0;0;0;0;0;0;0;0;0;0;0;0;0;0;0;0;0;0;0;0;0;0;0;0;
FILTRE;2014;500021944;140000639;INIT;0;0;0;0;0;0;0;0;0;1;0;0;0;0;0;;0;0;0;;;;;;;;;;;;;0;0;0;0;0;0;0;0;
FILTRE;2014;510000169;510000037;DECLA;1;1;1;0;1;1;1;1;0;0;0;0;1;0;0;0;1;1;1;1;1;1;0;1;1;1;0;1;0;1;1;0;1;0;0;0;0;0;0;
FILTRE;2014;510000169;510000037;INIT;1;1;1;0;1;1;1;1;0;0;0;0;1;0;0;;1;1;1;;;;;;;;;;;;;0;1;0;0;0;0;0;0;
FILTRE;2014;510000177;100006279;DECLA;1;0;0;0;1;0;1;0;0;0;0;0;0;0;0;0;0;0;0;1;0;0;0;1;0;0;0;0;0;0;1;0;0;0;0;0;0;0;0;
FILTRE;2014;510000177;100006279;INIT;1;0;0;0;1;0;1;0;0;0;0;0;0;0;0;;0;0;0;;;;;;;;;;;;;0;0;0;0;0;0;0;0;
FILTRE;2014;510000185;510000532;DECLA;1;1;1;0;0;0;1;1;0;1;1;0;1;0;0;0;1;0;1;0;0;0;0;1;1;1;0;0;0;1;0;1;1;1;0;0;0;0;0;
FILTRE;2014;510000185;510000532;INIT;1;1;1;0;0;0;1;1;0;1;1;0;1;0;0;;1;0;1;;;;;;;;;;;;;1;0;1;0;0;0;0;0;
FILTRE;2014;510000193;510000557;DECLA;1;1;1;0;0;0;1;1;0;0;0;0;1;0;0;0;1;0;1;1;0;1;0;1;1;1;0;0;0;0;0;0;1;1;0;0;0;0;0;
FILTRE;2014;510000193;510000557;INIT;1;1;1;0;0;0;1;1;0;0;1;0;1;0;0;;1;0;1;;;;;;;;;;;;;0;1;1;0;0;0;0;0;
FILTRE;2014;510000201;750034589;DECLA;0;0;0;0;1;0;0;0;0;0;0;0;0;0;0;0;0;0;0;0;0;0;0;1;0;1;0;0;0;0;1;0;0;0;0;0;0;0;0;
FILTRE;2014;510000201;750034589;INIT;0;0;0;0;1;0;0;0;0;0;0;0;0;0;0;;0;0;0;;;;;;;;;;;;;0;0;0;0;0;0;0;0;
FILTRE;2014;510000219;510000052;DECLA;0;0;0;1;1;0;0;0;1;0;0;0;0;0;0;0;0;0;0;0;0;0;0;1;0;1;0;0;0;0;1;0;0;0;0;0;0;0;0;
FILTRE;2014;510000219;510000052;INIT;0;0;0;1;1;0;0;0;1;0;0;0;0;0;0;;0;0;0;;;;;;;;;;;;;0;0;0;0;0;0;0;0;
FILTRE;2014;510000227;510000565;DECLA;1;1;0;0;1;0;0;1;0;0;1;0;0;0;0;0;0;0;1;1;0;0;0;1;1;1;0;0;0;0;0;0;0;1;0;0;0;0;0;
FILTRE;2014;510000227;510000565;INIT;0;1;0;0;1;0;0;1;0;0;0;0;0;0;0;;0;0;1;;;;;;;;;;;;;0;0;0;0;0;0;0;0;
FILTRE;2014;510000235;510000060;DECLA;1;1;1;0;0;1;1;1;0;0;1;0;1;0;0;0;1;1;1;1;1;1;1;1;1;1;0;0;0;1;1;0;1;0;0;0;0;0;0;
FILTRE;2014;510000235;510000060;INIT;1;1;0;0;0;1;1;1;0;0;1;0;1;0;0;;1;1;1;;;;;;;;;;;;;0;0;0;0;0;0;0;0;
FILTRE;2014;510000243;510000573;DECLA;1;1;1;0;0;0;1;1;0;0;0;0;1;0;0;0;0;0;1;0;0;0;0;1;1;1;0;0;0;0;0;0;0;0;0;0;0;0;0;
FILTRE;2014;510000243;510000573;INIT;1;1;0;0;0;0;1;1;0;0;0;0;1;0;0;;0;0;1;;;;;;;;;;;;;0;0;0;0;0;0;0;0;
FILTRE;2014;510000250;510000078;DECLA;1;1;1;0;1;0;1;0;0;0;0;0;1;0;0;0;1;1;1;1;1;1;0;1;0;1;0;0;1;1;0;0;1;0;0;0;0;0;0;
FILTRE;2014;510000250;510000078;INIT;1;1;1;0;1;0;1;0;0;0;0;0;1;0;0;;1;1;1;;;;;;;;;;;;;0;0;0;0;0;0;0;0;
FILTRE;2014;510000268;520000100;DECLA;0;1;0;0;0;0;0;1;0;0;0;0;0;0;0;0;0;0;1;0;0;0;0;1;0;1;0;0;0;0;0;0;0;0;0;0;0;0;0;
FILTRE;2014;510000268;520000100;INIT;0;1;0;0;0;0;0;1;0;0;0;0;0;0;0;;0;0;1;;;;;;;;;;;;;0;0;0;0;0;0;0;0;
FILTRE;2014;510000284;510000615;DECLA;0;0;0;1;0;0;0;0;0;0;0;0;0;0;0;0;0;0;0;0;0;0;0;1;0;1;0;0;0;0;0;0;0;0;0;0;0;0;0;
FILTRE;2014;510000284;510000615;INIT;0;0;0;1;0;0;0;0;0;0;0;0;0;0;0;;0;0;0;;;;;;;;;;;;;0;0;0;0;0;0;0;0;
FILTRE;2014;510000292;750720534;DECLA;0;0;0;0;1;0;0;0;0;0;0;0;0;0;0;0;0;0;0;0;0;0;0;1;0;1;0;0;0;0;0;0;0;0;0;0;0;0;0;
FILTRE;2014;510000292;750720534;INIT;0;0;0;0;1;0;0;0;0;0;0;0;0;0;0;;0;0;0;;;;;;;;;;;;;0;0;0;0;0;0;0;0;
FILTRE;2014;510000359;510000086;DECLA;0;0;0;0;1;0;0;0;0;0;0;0;0;0;0;0;0;0;0;0;0;0;0;1;0;1;0;0;0;0;1;0;0;0;0;0;0;0;0;
FILTRE;2014;510000359;510000086;INIT;0;0;0;0;1;0;0;0;0;0;0;0;0;0;0;;0;0;0;;;;;;;;;;;;;0;0;0;0;0;0;0;0;
FILTRE;2014;510000466;510000102;DECLA;1;0;0;0;1;1;0;0;0;0;0;0;0;0;0;0;0;0;0;1;0;0;0;1;0;0;0;0;0;1;1;0;0;0;0;0;0;0;0;
FILTRE;2014;510000466;510000102;INIT;1;0;0;0;1;1;1;0;0;0;0;0;0;0;0;;0;0;0;;;;;;;;;;;;;0;0;0;0;0;0;0;0;
FILTRE;2014;510000516;510000136;DECLA;1;1;0;0;0;0;1;1;0;1;1;0;0;0;0;1;0;0;1;1;1;1;0;1;0;1;1;1;0;1;0;0;1;1;0;0;0;0;0;
FILTRE;2014;510000516;510000136;INIT;1;1;0;0;0;0;1;1;0;1;1;0;0;0;0;;0;0;1;;;;;;;;;;;;;0;0;1;0;0;0;0;0;
FILTRE;2014;510000813;510000854;DECLA;0;0;0;1;0;0;0;0;0;0;0;0;0;0;0;0;0;0;0;0;0;0;0;0;0;0;0;0;0;0;0;0;0;0;0;0;0;0;0;
FILTRE;2014;510000813;510000854;INIT;0;0;0;1;0;0;0;0;1;0;0;0;0;0;0;;0;0;0;;;;;;;;;;;;;0;0;0;0;0;0;0;0;
FILTRE;2014;510002298;750721334;DECLA;0;0;0;0;0;0;0;0;0;0;0;0;0;0;1;0;0;0;0;0;0;0;0;0;0;0;0;0;0;0;0;0;0;0;0;0;0;0;0;
FILTRE;2014;510002298;750721334;INIT;0;0;0;0;0;0;0;0;0;0;0;0;0;0;1;;0;0;0;;;;;;;;;;;;;0;0;0;0;0;0;0;0;
FILTRE;2014;510002447;510000029;DECLA;1;1;0;1;1;0;1;1;1;0;1;0;0;0;0;0;0;0;1;1;1;1;1;1;1;0;1;0;1;1;1;1;1;1;0;0;0;0;1;
FILTRE;2014;510002447;510000029;INIT;1;1;0;1;1;0;1;1;1;0;1;0;0;0;0;;0;0;1;;;;;;;;;;;;;1;1;1;0;0;0;0;1;
FILTRE;2014;510002454;510000029;DECLA;1;0;0;0;1;0;1;0;0;0;1;1;0;0;0;1;0;0;0;0;0;0;0;0;0;0;0;1;0;1;1;0;0;0;0;0;0;0;0;
FILTRE;2014;510002454;510000029;INIT;1;0;0;0;1;0;1;0;0;0;0;0;0;0;0;;0;0;0;;;;;;;;;;;;;0;0;0;0;0;0;0;0;
FILTRE;2014;510002470;510000029;DECLA;1;1;0;0;1;0;1;1;0;0;1;0;0;0;0;0;1;0;1;1;0;1;0;0;0;0;0;0;0;1;1;0;1;1;0;0;0;0;0;
FILTRE;2014;510002470;510000029;INIT;1;1;0;0;1;0;1;1;0;0;1;1;0;0;0;;1;1;1;;;;;;;;;;;;;0;0;1;0;0;0;0;0;
FILTRE;2014;510004302;510000029;DECLA;1;1;1;0;0;0;1;0;0;0;1;1;1;0;0;0;1;1;1;1;0;1;1;0;0;1;1;0;0;1;1;0;1;1;1;1;1;0;0;
FILTRE;2014;510004302;510000029;INIT;1;1;1;0;0;0;1;0;0;0;1;1;1;0;0;;1;1;1;;;;;;;;;;;;;0;1;1;0;1;1;0;0;
FILTRE;2014;510009491;510000953;DECLA;0;0;0;0;0;0;0;0;0;0;0;1;0;0;0;0;0;0;0;0;0;0;0;1;0;0;0;0;0;0;0;0;0;0;0;0;0;0;0;
FILTRE;2014;510009491;510000953;INIT;0;0;0;0;0;0;0;0;0;0;0;1;0;0;0;;0;0;0;;;;;;;;;;;;;0;0;0;0;0;0;0;0;
FILTRE;2014;510010184;510000953;DECLA;0;0;0;0;0;0;0;0;0;0;0;1;0;0;0;0;0;0;0;0;0;0;0;0;0;0;0;0;0;0;0;0;0;0;0;0;0;0;0;
FILTRE;2014;510010184;510000953;INIT;0;0;0;0;0;0;0;0;0;0;0;1;0;0;0;;0;0;0;;;;;;;;;;;;;0;0;0;0;0;0;0;0;
FILTRE;2014;510010192;510000953;DECLA;0;0;0;0;0;0;0;0;0;0;0;1;0;0;0;0;0;0;0;0;0;0;0;0;0;0;0;0;0;0;0;0;0;0;0;0;0;0;0;
FILTRE;2014;510010192;510000953;INIT;0;0;0;0;0;0;0;0;0;0;0;1;0;0;0;;0;0;0;;;;;;;;;;;;;0;0;0;0;0;0;0;0;
FILTRE;2014;510010754;510000953;DECLA;0;0;0;0;0;0;0;0;0;0;0;1;0;0;0;0;0;0;0;0;0;0;0;0;0;0;0;0;0;0;0;0;0;0;0;0;0;0;0;
FILTRE;2014;510010754;510000953;INIT;0;0;0;0;0;0;0;0;0;0;0;1;0;0;0;;0;0;0;;;;;;;;;;;;;0;0;0;0;0;0;0;0;
FILTRE;2014;510011463;510000953;DECLA;0;0;0;0;0;0;0;0;0;0;0;1;0;0;0;0;0;0;0;0;0;0;0;0;0;0;0;0;0;0;0;0;0;0;0;0;0;0;0;
FILTRE;2014;510011463;510000953;INIT;0;0;0;0;0;0;0;0;0;0;0;1;0;0;0;;0;0;0;;;;;;;;;;;;;0;0;0;0;0;0;0;0;
FILTRE;2014;510011679;510000029;DECLA;0;0;0;0;0;1;0;0;0;0;0;0;0;0;0;0;0;0;0;0;0;0;0;0;0;0;0;0;0;0;1;0;0;0;0;0;0;0;0;
FILTRE;2014;510011679;510000029;INIT;0;0;0;0;0;1;0;0;0;0;0;0;0;0;0;;0;0;0;;;;;;;;;;;;;0;0;0;0;0;0;0;0;
FILTRE;2014;510012040;510000557;DECLA;1;1;0;0;1;0;1;1;0;0;0;0;0;0;0;0;0;0;1;1;0;0;0;1;0;1;0;0;0;1;0;0;0;1;0;0;0;0;0;
FILTRE;2014;510012040;510000557;INIT;1;1;0;0;1;0;1;1;0;0;1;0;0;0;0;;0;0;1;;;;;;;;;;;;;0;0;1;0;0;0;0;0;
FILTRE;2014;510017098;510000060;DECLA;0;0;0;0;0;0;0;0;0;0;0;0;0;0;1;0;0;0;0;0;0;0;0;0;0;0;0;0;0;0;0;0;0;0;0;0;0;0;0;
FILTRE;2014;510017098;510000060;INIT;0;0;0;0;0;0;0;0;0;0;0;0;0;0;1;;0;0;0;;;;;;;;;;;;;0;0;0;0;0;0;0;0;
FILTRE;2014;510019979;510019938;DECLA;0;0;0;0;0;0;0;0;0;0;0;0;0;0;1;0;0;0;0;0;0;0;0;0;0;0;0;0;0;0;0;0;0;0;0;0;0;0;0;
FILTRE;2014;510019979;510019938;INIT;0;0;0;0;0;0;0;0;0;0;0;0;0;0;1;;0;0;0;;;;;;;;;;;;;0;0;0;0;0;0;0;0;
FILTRE;2014;510020548;750047367;DECLA;0;0;0;0;0;0;0;0;0;0;1;0;0;0;1;0;0;0;0;0;0;0;0;0;0;1;0;0;0;0;1;0;0;0;0;0;0;0;0;
FILTRE;2014;510020548;750047367;INIT;0;0;0;0;0;0;0;0;0;0;0;0;0;0;1;;0;0;0;;;;;;;;;;;;;0;0;0;0;0;0;0;0;
FILTRE;2014;510022908;510018559;DECLA;1;0;0;0;0;0;1;0;0;0;1;0;0;0;0;0;0;0;0;0;0;0;0;0;0;0;0;0;0;0;0;0;0;1;0;0;0;0;0;
FILTRE;2014;510022908;510018559;INIT;0;1;0;0;0;0;0;0;0;0;1;0;0;0;0;;0;0;1;;;;;;;;;;;;;0;0;1;0;0;0;0;0;
FILTRE;2014;510023914;510000037;DECLA;0;0;0;0;0;0;0;0;0;0;0;0;0;0;0;0;0;1;0;0;0;0;0;0;0;0;0;0;0;0;0;0;0;0;0;0;0;0;0;
FILTRE;2014;510023922;100006279;DECLA;0;0;0;0;0;0;0;0;0;0;0;0;0;0;0;0;0;1;0;0;0;0;0;0;0;0;0;0;0;0;0;0;0;0;0;0;0;0;0;
FILTRE;2014;510024300;510024284;DECLA;0;0;1;0;0;0;0;0;0;0;0;0;0;0;0;0;0;0;1;0;0;0;0;0;0;0;0;0;0;0;0;0;0;0;0;0;0;0;0;
FILTRE;2014;510024300;510024284;INIT;0;0;1;0;0;0;0;0;0;0;0;0;0;0;0;;0;0;0;;;;;;;;;;;;;0;0;0;0;0;0;0;0;
FILTRE;2014;510024359;750043994;DECLA;0;0;0;0;1;0;0;0;0;0;0;0;0;0;0;0;0;0;0;0;0;0;0;1;0;1;0;0;0;0;0;0;0;0;0;0;0;0;0;
FILTRE;2014;510024359;750043994;INIT;0;0;0;0;1;0;0;0;0;0;0;0;0;0;0;;0;0;0;;;;;;;;;;;;;0;0;0;0;0;0;0;0;
FILTRE;2014;510024466;510000128;DECLA;0;0;0;0;1;1;0;0;0;0;0;0;0;0;0;0;0;0;0;0;0;0;0;1;1;0;0;0;0;0;0;0;0;0;0;0;0;0;0;
FILTRE;2014;510024466;510000128;INIT;0;0;0;0;1;1;0;0;0;0;0;0;0;0;0;;0;0;0;;;;;;;;;;;;;0;0;0;0;0;0;0;0;
FILTRE;2014;510024490;510007081;DECLA;0;0;0;0;0;0;0;0;0;1;0;0;0;0;0;0;0;0;0;0;0;0;0;0;0;0;0;0;0;0;0;0;0;0;0;0;0;0;0;
FILTRE;2014;510024490;510007081;INIT;0;0;0;0;0;0;0;0;0;1;0;0;0;0;0;;0;0;0;;;;;;;;;;;;;0;0;0;0;0;0;0;0;
FILTRE;2014;520000019;520780024;DECLA;1;0;0;0;1;1;0;0;0;0;0;0;0;0;0;1;0;0;0;1;0;0;0;1;0;1;1;0;0;0;1;0;0;0;0;0;0;0;0;
FILTRE;2014;520000019;520780024;INIT;1;0;0;0;1;1;1;0;0;0;0;0;0;0;0;;0;0;0;;;;;;;;;;;;;0;0;0;0;0;0;0;0;
FILTRE;2014;520000027;520780032;DECLA;1;1;1;0;1;0;1;1;0;0;0;0;1;0;0;1;1;1;1;1;1;1;1;1;1;1;1;1;0;1;1;0;1;0;0;0;0;0;0;
FILTRE;2014;520000027;520780032;INIT;1;1;1;0;1;0;1;1;0;0;0;0;1;0;0;;1;1;1;;;;;;;;;;;;;0;1;0;0;0;0;0;0;
FILTRE;2014;520000035;520780040;DECLA;1;0;0;0;1;0;0;0;0;0;0;0;0;0;0;0;0;0;0;0;0;0;0;1;0;1;0;0;0;0;1;0;0;0;0;0;0;0;0;
FILTRE;2014;520000035;520780040;INIT;1;0;0;0;1;0;1;0;0;0;0;0;0;0;0;;0;0;0;;;;;;;;;;;;;0;0;0;0;0;0;0;0;
FILTRE;2014;520000043;520780057;DECLA;1;0;1;0;1;0;1;0;0;0;0;0;1;0;0;0;1;1;1;0;1;1;0;1;1;1;0;1;0;1;1;0;1;0;0;0;0;0;0;
FILTRE;2014;520000043;520780057;INIT;1;0;1;0;1;0;1;0;0;0;0;0;1;0;0;;1;1;0;;;;;;;;;;;;;0;0;0;0;0;0;0;0;
FILTRE;2014;520000050;520780065;DECLA;1;0;0;0;1;0;0;0;0;0;0;0;0;0;0;0;0;0;0;0;0;0;0;1;0;0;0;0;0;0;0;0;0;0;0;0;0;0;0;
FILTRE;2014;520000050;520780065;INIT;1;0;0;0;1;0;1;0;0;0;0;0;0;0;0;;0;0;0;;;;;;;;;;;;;0;0;0;0;0;0;0;0;
FILTRE;2014;520000068;520780073;DECLA;1;1;1;0;0;0;1;1;0;0;1;0;1;0;0;0;1;1;1;1;0;1;0;1;1;1;1;1;1;1;1;0;1;1;0;0;0;0;0;
FILTRE;2014;520000068;520780073;INIT;1;1;1;0;0;0;1;1;0;0;1;0;1;0;0;;1;1;1;;;;;;;;;;;;;0;1;1;0;0;0;0;0;
FILTRE;2014;520000076;520780081;DECLA;0;0;0;1;1;1;0;0;1;0;0;0;0;0;0;0;0;0;0;0;0;0;0;1;0;1;0;0;0;0;1;0;0;0;0;0;0;0;0;
FILTRE;2014;520000076;520780081;INIT;0;0;0;1;1;1;0;0;1;0;0;0;0;0;0;;0;0;0;;;;;;;;;;;;;0;0;0;0;0;0;0;0;
FILTRE;2014;520000084;520780099;DECLA;1;0;0;0;1;0;1;0;0;0;0;0;0;0;0;0;0;0;0;0;0;0;0;1;0;1;0;0;0;0;1;0;0;0;0;0;0;0;0;
FILTRE;2014;520000084;520780099;INIT;1;0;0;0;1;0;1;0;0;0;0;0;0;0;0;;0;0;0;;;;;;;;;;;;;0;0;0;0;0;0;0;0;
FILTRE;2014;520000753;510000953;DECLA;0;0;0;0;0;0;0;0;0;0;0;1;0;0;0;0;0;0;0;0;0;0;0;0;0;0;0;0;0;0;0;0;0;0;0;0;0;0;0;
FILTRE;2014;520000753;510000953;INIT;0;0;0;0;0;0;0;0;0;0;0;1;0;0;0;;0;0;0;;;;;;;;;;;;;0;0;0;0;0;0;0;0;
FILTRE;2014;520003161;510000953;DECLA;0;0;0;0;0;0;0;0;0;0;0;1;0;0;0;0;0;0;0;0;0;0;0;0;0;0;0;0;0;0;0;0;0;0;0;0;0;0;0;
FILTRE;2014;520003161;510000953;INIT;0;0;0;0;0;0;0;0;0;0;0;1;0;0;0;;0;0;0;;;;;;;;;;;;;0;0;0;0;0;0;0;0;
FILTRE;2014;520003823;750047367;DECLA;0;0;0;0;0;0;0;0;0;0;0;0;0;0;1;0;0;0;0;0;0;0;0;0;0;0;0;0;0;0;1;0;0;0;0;0;0;0;0;
FILTRE;2014;520003823;750047367;INIT;0;0;0;0;0;0;0;0;0;0;0;0;0;0;1;;0;0;0;;;;;;;;;;;;;0;0;0;0;0;0;0;0;
FILTRE;2014;520004052;510000953;DECLA;0;0;0;0;0;0;0;0;0;0;0;1;0;0;0;0;0;0;0;0;0;0;0;0;0;0;0;0;0;0;0;0;0;0;0;0;0;0;0;
FILTRE;2014;520004052;510000953;INIT;0;0;0;0;0;0;0;0;0;0;0;1;0;0;0;;0;0;0;;;;;;;;;;;;;0;0;0;0;0;0;0;0;
FILTRE;2014;520004060;520003781;DECLA;0;1;0;0;0;0;0;0;0;0;1;0;0;0;0;0;0;0;1;0;0;0;0;0;0;0;0;0;0;0;0;0;0;1;0;0;0;0;0;
FILTRE;2014;520004060;520003781;INIT;0;1;0;0;0;0;0;0;0;0;1;0;0;0;0;;0;0;1;;;;;;;;;;;;;0;0;1;0;0;0;0;0;
FILTRE;2014;520004086;520003781;DECLA;0;0;0;0;0;0;0;0;0;0;1;0;0;0;0;;0;0;0;;;;;;;;;;;;;0;0;0;0;0;0;0;0;
FILTRE;2014;520004086;520003781;INIT;0;0;0;0;0;0;0;0;0;0;1;0;0;0;0;;0;0;0;;;;;;;;;;;;;0;0;0;0;0;0;0;0;
FILTRE;2014;520780156;520000092;DECLA;0;1;0;0;1;0;0;1;0;0;0;0;0;0;0;0;0;0;1;0;0;1;1;1;0;1;0;0;0;0;0;0;0;0;0;0;0;0;0;
FILTRE;2014;520780156;520000092;INIT;0;1;0;0;1;0;0;1;0;0;0;0;0;0;0;;0;0;1;;;;;;;;;;;;;0;0;0;0;0;0;0;0;
FILTRE;2014;520780180;520000100;DECLA;1;1;0;0;0;0;1;1;0;0;1;0;0;0;0;0;0;0;1;1;0;0;0;1;1;1;0;0;0;0;0;0;1;1;0;0;0;0;0;
FILTRE;2014;520780180;520000100;INIT;0;1;0;0;0;0;0;1;0;0;1;0;0;0;0;;0;0;1;;;;;;;;;;;;;0;0;1;0;0;0;0;0;
FILTRE;2014;520780214;520000118;DECLA;1;1;0;0;0;0;1;1;0;1;1;1;0;0;0;0;0;0;1;1;0;0;0;1;0;1;0;0;0;0;0;0;1;0;0;0;0;0;0;
FILTRE;2014;520780214;520000118;INIT;1;1;0;0;0;0;1;1;0;1;0;1;0;0;0;;0;0;1;;;;;;;;;;;;;0;0;0;0;0;0;0;0;
FILTRE;2014;520782939;520780032;DECLA;0;0;0;0;0;1;0;0;0;0;0;0;0;0;0;0;0;0;0;0;0;0;0;0;0;0;0;0;0;0;0;0;0;0;0;0;0;0;0;
FILTRE;2014;520782939;520780032;INIT;0;0;0;0;0;1;0;0;0;0;0;0;0;0;0;;0;0;0;;;;;;;;;;;;;0;0;0;0;0;0;0;0;
FILTRE;2014;530000017;530000025;DECLA;1;1;1;1;1;0;1;1;1;0;1;0;1;0;0;0;1;1;1;1;0;1;1;1;1;1;1;1;1;1;1;0;0;1;0;0;0;0;0;
FILTRE;2014;530000017;530000025;INIT;1;1;1;1;1;0;1;1;1;0;0;0;1;0;0;;1;1;1;;;;;;;;;;;;;0;0;1;0;0;0;0;0;
FILTRE;2014;530000124;530000249;DECLA;0;0;0;1;0;0;0;0;0;0;0;0;0;0;0;0;0;0;0;0;0;0;0;1;0;0;0;0;0;0;1;0;0;0;0;0;0;0;0;
FILTRE;2014;530000124;530000249;INIT;0;0;0;1;0;0;0;0;0;0;0;0;0;0;0;;0;0;0;;;;;;;;;;;;;0;0;0;0;0;0;0;0;
FILTRE;2014;530000132;530007202;DECLA;1;0;0;0;1;1;0;0;0;0;0;0;0;0;0;0;0;0;0;0;0;0;0;1;0;1;0;1;0;1;1;0;0;0;0;0;0;0;0;
FILTRE;2014;530000132;530007202;INIT;1;0;0;0;1;1;1;0;0;0;0;0;0;0;0;;0;0;0;;;;;;;;;;;;;0;0;0;0;0;0;0;0;
FILTRE;2014;530000140;530000058;DECLA;1;0;0;0;1;0;1;0;0;0;0;0;0;0;0;0;0;0;0;0;0;0;0;1;0;1;0;0;0;0;1;0;0;0;0;0;0;0;0;
FILTRE;2014;530000140;530000058;INIT;1;0;0;0;1;0;1;0;0;0;0;0;0;0;0;;0;0;0;;;;;;;;;;;;;0;0;0;0;0;0;0;0;
FILTRE;2014;530000165;530000066;DECLA;1;0;0;0;1;0;0;0;0;0;0;0;0;0;0;0;0;0;0;0;0;0;0;1;0;1;0;0;0;1;1;0;0;0;0;0;0;0;0;
FILTRE;2014;530000165;530000066;INIT;1;0;0;0;1;0;1;0;0;0;0;0;0;0;0;;0;0;0;;;;;;;;;;;;;0;0;0;0;0;0;0;0;
FILTRE;2014;530000173;530000074;DECLA;1;1;1;1;1;0;1;1;1;0;0;0;1;0;0;1;1;1;1;1;1;1;1;1;1;1;0;1;0;1;1;0;1;1;0;0;0;0;0;
FILTRE;2014;530000173;530000074;INIT;1;1;1;1;1;0;1;1;1;0;0;0;1;0;0;;1;1;1;;;;;;;;;;;;;0;0;1;0;0;0;0;0;
FILTRE;2014;530000181;530007202;DECLA;1;0;0;0;1;0;0;0;0;0;0;0;0;0;0;0;0;0;0;0;0;0;0;1;0;1;0;1;0;1;1;0;0;0;0;0;0;0;0;
FILTRE;2014;530000181;530007202;INIT;1;0;0;0;1;0;1;0;0;0;0;0;0;0;0;;0;0;0;;;;;;;;;;;;;0;0;0;0;0;0;0;0;
FILTRE;2014;530000264;530000371;DECLA;1;1;1;1;1;1;1;1;0;0;1;1;1;0;1;1;1;1;1;1;0;1;0;1;1;1;0;1;0;1;1;1;1;0;0;0;0;0;0;
FILTRE;2014;530000264;530000371;INIT;1;1;1;1;1;1;1;1;0;0;1;1;1;0;1;;1;1;1;;;;;;;;;;;;;1;1;1;0;0;0;0;0;
FILTRE;2014;530000611;530002591;DECLA;0;0;0;0;1;0;0;0;0;0;0;0;0;0;0;0;0;0;0;0;0;0;0;1;0;1;0;0;0;0;1;0;0;0;0;0;0;0;0;
FILTRE;2014;530000611;530002591;INIT;0;0;0;0;1;0;0;0;0;0;0;0;0;0;0;;0;0;0;;;;;;;;;;;;;0;0;0;0;0;0;0;0;
FILTRE;2014;530002898;440002590;DECLA;0;0;0;0;0;0;0;0;0;0;0;1;0;0;0;0;0;0;0;0;0;0;0;0;0;0;0;0;0;0;0;0;0;0;0;0;0;0;0;
FILTRE;2014;530002898;440002590;INIT;0;0;0;0;0;0;0;0;0;0;0;1;0;0;0;;0;0;0;;;;;;;;;;;;;0;0;0;0;0;0;0;0;
FILTRE;2014;530005628;720002294;DECLA;0;0;0;0;0;0;0;0;0;1;0;0;0;0;0;0;0;0;0;0;0;0;0;0;0;0;0;0;0;0;0;0;0;0;0;0;0;0;0;
FILTRE;2014;530005628;720002294;INIT;0;0;0;0;0;0;0;0;0;1;0;0;0;0;0;;0;0;0;;;;;;;;;;;;;0;0;0;0;0;0;0;0;
FILTRE;2014;530006188;440002590;DECLA;0;0;0;0;0;0;0;0;0;0;0;1;0;0;0;0;0;0;0;0;0;0;0;0;0;0;0;0;0;0;0;0;0;0;0;0;0;0;0;
FILTRE;2014;530006188;440002590;INIT;0;0;0;0;0;0;0;0;0;0;0;1;0;0;0;;0;0;0;;;;;;;;;;;;;0;0;0;0;0;0;0;0;
FILTRE;2014;530007285;530007210;DECLA;0;0;0;0;0;0;0;0;1;0;0;0;0;0;0;0;0;0;0;0;0;0;0;0;0;1;0;0;0;0;1;0;0;0;0;0;0;0;0;
FILTRE;2014;530007285;530007210;INIT;0;0;0;0;0;0;0;0;1;0;0;0;0;0;0;;0;0;0;;;;;;;;;;;;;0;0;0;0;0;0;0;0;
FILTRE;2014;530031384;530000074;DECLA;0;0;0;0;0;1;0;0;0;0;0;0;0;0;0;0;0;0;0;0;0;0;0;0;0;0;0;0;0;0;0;0;0;0;0;0;0;0;0;
FILTRE;2014;530031384;530000074;INIT;0;0;0;0;0;1;0;0;0;0;0;0;0;0;0;;0;0;0;;;;;;;;;;;;;0;0;0;0;0;0;0;0;
FILTRE;2014;530031509;530000868;DECLA;0;0;0;0;1;0;0;0;0;0;0;0;0;0;0;0;0;0;0;0;0;0;0;0;0;0;0;0;0;0;0;0;0;0;0;0;0;0;0;
FILTRE;2014;530031509;530000868;INIT;0;0;0;0;1;0;0;0;0;0;0;0;0;0;0;;0;0;0;;;;;;;;;;;;;0;0;0;0;0;0;0;0;
FILTRE;2014;530031962;530000975;DECLA;1;1;0;0;1;0;0;1;0;0;1;0;0;0;0;0;0;0;1;1;0;1;0;1;1;1;0;1;0;0;0;0;1;1;0;0;0;0;0;
FILTRE;2014;530031962;530000975;INIT;1;1;0;0;1;0;1;1;0;0;1;0;0;0;0;;0;0;1;;;;;;;;;;;;;0;0;1;0;0;0;0;0;
FILTRE;2014;530032788;530000025;DECLA;0;0;0;0;0;1;0;0;0;0;0;0;0;0;0;0;0;0;0;0;0;0;0;0;0;0;0;0;0;0;0;0;0;0;0;0;0;0;0;
FILTRE;2014;530032788;530000025;INIT;0;0;0;0;0;1;0;0;0;0;0;0;0;0;0;;0;0;0;;;;;;;;;;;;;0;0;0;0;0;0;0;0;
FILTRE;2014;540000015;540023264;DECLA;1;1;1;0;0;0;1;0;0;0;1;0;1;0;0;0;0;1;1;1;1;1;1;1;1;1;0;0;0;0;1;0;1;1;0;0;0;0;0;
FILTRE;2014;540000015;540023264;INIT;1;1;1;0;0;0;1;0;0;0;0;0;1;0;0;;1;1;1;;;;;;;;;;;;;0;0;1;0;0;0;0;0;
FILTRE;2014;540000023;540000049;DECLA;1;1;1;0;0;0;1;1;0;0;0;0;1;0;0;0;1;1;1;1;0;1;0;1;0;1;0;1;0;0;1;0;1;1;0;0;0;0;0;
FILTRE;2014;540000023;540000049;INIT;1;1;1;0;1;0;1;1;0;0;0;0;1;0;0;;1;1;1;;;;;;;;;;;;;0;0;1;0;0;0;0;0;
FILTRE;2014;540000072;540014081;DECLA;1;0;0;0;0;1;0;0;0;0;0;0;0;0;0;0;0;0;0;0;0;0;0;1;0;1;0;0;0;1;1;0;0;0;0;0;0;0;0;
FILTRE;2014;540000072;540014081;INIT;1;0;0;0;0;1;1;0;0;0;0;0;0;0;0;;0;0;0;;;;;;;;;;;;;0;0;0;0;0;0;0;0;
FILTRE;2014;540000148;540019007;DECLA;0;0;0;0;1;0;0;0;0;0;0;0;0;0;0;0;0;0;0;0;0;0;0;0;0;1;0;0;0;1;1;0;0;0;0;0;0;0;0;
FILTRE;2014;540000148;540019007;INIT;0;0;0;0;1;1;0;0;0;0;0;0;0;0;0;;0;0;0;;;;;;;;;;;;;0;0;0;0;0;0;0;0;
FILTRE;2014;540000155;540000080;DECLA;1;1;1;0;0;1;1;1;0;0;1;0;1;0;0;1;1;1;1;1;0;1;1;1;0;1;1;1;0;0;1;0;1;1;0;0;0;0;0;
FILTRE;2014;540000155;540000080;INIT;1;1;1;0;0;1;1;1;0;0;0;0;1;0;1;;1;1;1;;;;;;;;;;;;;0;0;1;0;0;0;0;0;
FILTRE;2014;540000163;540020112;DECLA;1;1;0;0;0;0;0;1;0;0;0;1;0;0;0;0;0;0;1;1;1;0;0;1;0;1;0;0;0;0;0;0;1;1;0;0;0;0;0;
FILTRE;2014;540000163;540020112;INIT;0;1;0;0;0;0;0;1;0;0;0;0;0;0;0;;0;0;1;;;;;;;;;;;;;0;0;1;0;0;0;0;0;
FILTRE;2014;540000270;540003399;DECLA;0;0;0;0;1;0;0;0;0;0;0;0;0;0;0;0;0;0;0;0;0;0;0;1;0;1;0;1;0;1;1;0;0;0;0;0;0;0;0;
FILTRE;2014;540000270;540003399;INIT;0;0;0;0;1;0;0;0;0;0;0;0;0;0;0;;0;0;0;;;;;;;;;;;;;0;0;0;0;0;0;0;0;
FILTRE;2014;540000288;540018710;DECLA;0;0;0;0;1;0;0;0;0;0;0;0;0;0;0;0;0;0;0;0;0;0;0;0;0;1;0;0;0;0;0;0;0;0;0;0;0;0;0;
FILTRE;2014;540000288;540018710;INIT;0;0;0;0;1;0;0;0;0;0;0;0;0;0;0;;0;0;0;;;;;;;;;;;;;0;0;0;0;0;0;0;0;
FILTRE;2014;540000296;540000106;DECLA;1;0;0;0;1;0;1;0;0;0;0;0;0;1;0;0;1;1;0;1;0;0;0;1;0;1;1;0;0;0;1;0;0;0;0;0;0;0;0;
FILTRE;2014;540000296;540000106;INIT;1;0;0;0;1;0;1;0;0;0;0;0;0;0;0;;1;1;0;;;;;;;;;;;;;0;0;0;0;0;0;0;0;
FILTRE;2014;540000312;540000114;DECLA;0;0;0;1;1;1;0;0;1;0;0;0;0;0;0;0;0;0;0;0;0;0;0;1;0;1;0;0;0;0;1;0;0;0;0;0;0;0;0;
FILTRE;2014;540000312;540000114;INIT;0;0;0;1;1;1;0;0;1;0;0;0;0;0;0;;0;0;0;;;;;;;;;;;;;0;0;0;0;0;0;0;0;
FILTRE;2014;540000361;540003928;DECLA;1;1;0;0;0;0;0;1;0;0;0;0;0;0;0;1;0;0;1;1;0;1;0;1;1;1;1;0;0;0;0;0;1;1;0;0;0;0;0;
FILTRE;2014;540000361;540003928;INIT;0;1;0;0;0;0;0;1;0;0;0;0;0;0;0;;0;0;1;;;;;;;;;;;;;0;0;1;0;0;0;0;0;
FILTRE;2014;540000395;540000122;DECLA;1;0;0;0;1;1;0;0;0;0;1;0;0;0;0;0;0;0;0;0;0;0;0;1;0;1;0;0;0;0;0;0;0;0;0;0;0;0;0;
FILTRE;2014;540000395;540000122;INIT;1;0;0;0;1;1;1;0;0;0;0;0;0;0;0;;0;0;0;;;;;;;;;;;;;0;0;0;0;0;0;0;0;
FILTRE;2014;540000445;540000890;DECLA;1;1;0;0;0;0;1;1;0;0;0;0;0;0;0;0;0;0;1;0;0;0;0;1;1;1;0;0;0;0;0;1;1;0;0;0;0;0;0;
FILTRE;2014;540000445;540000890;INIT;1;1;0;0;0;0;1;1;0;0;0;0;0;0;0;;0;0;1;;;;;;;;;;;;;1;0;0;0;0;0;0;0;
FILTRE;2014;540000452;540000908;DECLA;1;1;0;0;0;0;1;1;0;0;0;0;0;0;0;0;0;0;1;0;0;1;0;1;1;1;0;0;0;0;0;0;1;0;0;0;0;0;0;
FILTRE;2014;540000452;540000908;INIT;1;1;0;0;0;0;1;1;0;0;0;0;0;0;0;;0;0;1;;;;;;;;;;;;;0;0;0;0;0;0;0;0;
FILTRE;2014;540000460;540000916;DECLA;0;0;0;0;1;0;0;0;0;0;0;0;0;0;0;0;0;0;0;0;0;0;0;1;0;1;0;0;0;0;0;0;0;0;0;0;0;0;0;
FILTRE;2014;540000460;540000916;INIT;0;0;0;0;1;0;0;0;0;0;0;0;0;0;0;;0;0;0;;;;;;;;;;;;;0;0;0;0;0;0;0;0;
FILTRE;2014;540000478;540003449;DECLA;1;1;0;0;1;0;1;1;0;0;1;1;0;0;0;0;0;0;1;1;0;1;1;1;1;1;0;0;0;0;0;1;1;1;0;0;0;0;0;
FILTRE;2014;540000478;540003449;INIT;1;1;0;0;1;0;1;1;0;0;1;1;0;0;0;;0;0;1;;;;;;;;;;;;;1;1;1;0;0;0;0;0;
FILTRE;2014;540000486;540000932;DECLA;1;1;0;0;1;0;1;1;0;0;1;1;0;0;0;1;1;0;1;0;0;1;0;1;1;1;0;1;0;1;1;0;1;1;0;0;0;0;0;
FILTRE;2014;540000486;540000932;INIT;1;1;0;0;1;0;1;1;0;0;1;1;0;0;0;;1;0;1;;;;;;;;;;;;;0;1;1;0;0;0;0;0;
FILTRE;2014;540000585;540006707;DECLA;0;0;0;0;1;0;0;0;0;0;0;0;0;0;0;0;0;0;0;0;0;0;0;1;0;1;0;0;0;1;1;0;0;0;0;0;0;0;0;
FILTRE;2014;540000585;540006707;INIT;0;0;0;0;1;0;0;0;0;0;0;0;0;0;0;;0;0;0;;;;;;;;;;;;;0;0;0;0;0;0;0;0;
FILTRE;2014;540000668;540006707;DECLA;0;0;0;0;1;1;0;0;0;0;0;0;0;0;0;0;0;0;0;1;0;0;0;1;0;1;0;0;0;0;1;0;0;0;0;0;0;0;0;
FILTRE;2014;540000668;540006707;INIT;0;0;0;0;1;1;0;0;0;0;0;0;0;0;0;;0;0;0;;;;;;;;;;;;;0;0;0;0;0;0;0;0;
FILTRE;2014;540000726;750721334;DECLA;0;0;0;0;1;0;0;0;0;0;0;0;0;0;0;0;0;0;0;0;0;0;0;1;0;1;0;0;0;0;0;0;0;0;0;0;0;0;0;
FILTRE;2014;540000726;750721334;INIT;0;0;0;0;1;0;0;0;0;0;0;0;0;0;0;;0;0;0;;;;;;;;;;;;;0;0;0;0;0;0;0;0;
FILTRE;2014;540000858;540000437;DECLA;0;0;0;0;1;0;0;0;0;0;0;0;0;0;0;0;0;0;0;0;0;0;0;1;0;1;0;0;0;0;1;0;0;0;0;0;0;0;0;
FILTRE;2014;540000858;540000437;INIT;0;0;0;0;1;0;0;0;0;0;0;0;0;0;0;;0;0;0;;;;;;;;;;;;;0;0;0;0;0;0;0;0;
FILTRE;2014;540000973;540006707;DECLA;0;0;0;0;1;0;0;0;0;0;0;0;0;0;0;0;0;0;0;0;0;0;0;1;0;1;0;0;0;0;1;0;0;0;0;0;0;0;0;
FILTRE;2014;540000973;540006707;INIT;0;0;0;0;1;0;0;0;0;0;0;0;0;0;0;;0;0;0;;;;;;;;;;;;;0;0;0;0;0;0;0;0;
FILTRE;2014;540000981;540001112;DECLA;0;0;0;0;0;0;0;0;0;0;0;1;0;0;0;0;0;0;0;0;0;0;0;1;0;1;1;0;0;0;0;0;0;0;0;0;0;0;0;
FILTRE;2014;540000981;540001112;INIT;0;0;0;0;0;0;0;0;0;0;0;1;0;0;0;;0;0;0;;;;;;;;;;;;;0;0;0;0;0;0;0;0;
FILTRE;2014;540001070;540000767;DECLA;1;1;1;1;1;0;1;1;0;0;1;0;1;0;0;0;1;1;1;1;1;0;0;1;0;1;1;0;0;0;1;0;1;1;0;0;0;0;0;
FILTRE;2014;540001070;540000767;INIT;1;1;1;1;1;0;1;1;0;0;1;0;1;0;0;;1;1;1;;;;;;;;;;;;;0;0;1;0;0;0;0;0;
FILTRE;2014;540001096;570010181;DECLA;1;1;1;1;1;0;1;1;1;0;1;1;1;0;1;1;1;1;1;0;0;1;1;1;1;1;0;1;0;1;1;0;1;0;0;0;0;0;0;
FILTRE;2014;540001096;570010181;INIT;1;1;1;1;1;0;1;1;1;0;1;1;1;0;1;;1;1;1;;;;;;;;;;;;;0;0;0;0;0;0;0;0;
FILTRE;2014;540001104;540000882;DECLA;1;0;0;0;1;0;1;0;0;0;0;0;0;0;1;0;0;0;0;0;0;0;0;1;0;1;0;1;0;1;1;0;0;0;0;0;0;0;0;
FILTRE;2014;540001104;540000882;INIT;1;0;0;0;1;0;1;0;0;0;0;0;0;0;1;;0;0;0;;;;;;;;;;;;;0;0;0;0;0;0;0;0;
FILTRE;2014;540001138;540023264;DECLA;1;1;0;0;0;0;0;1;0;0;1;0;0;0;0;0;1;1;1;1;1;1;1;1;1;1;1;1;1;1;1;0;1;1;1;1;0;0;0;
FILTRE;2014;540001138;540023264;INIT;1;1;0;0;0;0;1;1;0;0;1;0;0;0;0;;1;1;1;;;;;;;;;;;;;0;1;1;1;1;0;0;0;
FILTRE;2014;540001286;540003019;DECLA;1;1;0;0;0;0;1;1;0;1;1;0;0;0;0;0;0;0;1;1;1;1;1;1;1;1;1;1;1;1;0;0;1;1;0;0;0;0;0;
FILTRE;2014;540001286;540003019;INIT;1;1;0;0;0;0;1;1;0;1;1;0;0;0;0;;0;0;1;;;;;;;;;;;;;0;0;1;0;0;0;0;0;
FILTRE;2014;540002698;540023264;DECLA;1;1;0;1;1;0;1;1;1;0;1;1;0;0;0;1;1;1;1;1;1;1;1;1;1;1;1;0;1;1;0;1;1;1;1;0;1;0;1;
FILTRE;2014;540002698;540023264;INIT;1;1;0;1;1;0;1;1;1;1;1;1;0;0;0;;1;1;1;;;;;;;;;;;;;1;1;1;1;0;1;1;1;
FILTRE;2014;540003043;540023264;DECLA;0;0;0;0;1;0;0;0;0;0;0;0;0;0;0;0;0;0;0;0;0;0;0;0;0;1;0;0;0;0;0;0;0;0;0;0;0;0;0;
FILTRE;2014;540003043;540023264;INIT;0;0;0;0;1;0;0;0;0;0;0;0;0;0;0;;0;0;0;;;;;;;;;;;;;0;0;0;0;0;0;0;0;
FILTRE;2014;540005196;540008398;DECLA;0;0;0;0;1;0;0;0;0;0;0;0;0;0;0;0;0;0;0;0;0;0;0;0;0;1;0;0;0;0;0;0;0;0;0;0;0;0;0;
FILTRE;2014;540005196;540008398;INIT;0;0;0;0;1;0;0;0;0;0;0;0;0;0;0;;0;0;0;;;;;;;;;;;;;0;0;0;0;0;0;0;0;
FILTRE;2014;540006459;540023264;DECLA;0;0;0;0;0;1;0;0;0;0;0;0;0;0;0;0;0;0;0;0;0;0;0;0;0;0;0;0;0;0;0;0;0;0;0;0;0;0;0;
FILTRE;2014;540006459;540023264;INIT;0;0;0;0;0;1;0;0;0;0;0;0;0;0;0;;0;0;0;;;;;;;;;;;;;0;0;0;0;0;0;0;0;
FILTRE;2014;540006665;540019007;DECLA;0;0;0;0;0;1;0;0;0;0;0;0;0;0;0;0;0;0;0;0;0;0;0;1;0;1;0;0;0;1;1;0;0;0;0;0;0;0;0;
FILTRE;2014;540006665;540019007;INIT;0;0;0;0;0;1;0;0;0;0;0;0;0;0;0;;0;0;0;;;;;;;;;;;;;0;0;0;0;0;0;0;0;
FILTRE;2014;540006830;540000767;DECLA;0;0;0;0;0;0;0;0;1;0;0;0;0;0;0;0;0;0;0;0;0;0;0;0;0;0;0;0;0;0;0;0;0;0;0;0;0;0;0;
FILTRE;2014;540006830;540000767;INIT;0;0;0;0;0;0;0;0;1;0;0;0;0;0;0;;0;0;0;;;;;;;;;;;;;0;0;0;0;0;0;0;0;
FILTRE;2014;540008364;540000049;DECLA;0;0;0;0;0;1;0;0;0;0;0;0;0;0;0;1;0;0;0;0;0;0;0;0;0;0;0;0;0;0;0;0;0;0;0;0;0;0;0;
FILTRE;2014;540008364;540000049;INIT;0;0;0;0;0;1;0;0;0;0;0;0;0;0;0;;0;0;0;;;;;;;;;;;;;0;0;0;0;0;0;0;0;
FILTRE;2014;540008380;540001112;DECLA;0;0;0;0;0;0;0;0;0;0;0;1;0;0;0;0;0;0;0;0;0;0;0;0;0;0;0;0;0;0;0;0;0;0;0;0;0;0;0;
FILTRE;2014;540008380;540001112;INIT;0;0;0;0;0;0;0;0;0;0;0;1;0;0;0;;0;0;0;;;;;;;;;;;;;0;0;0;0;0;0;0;0;
FILTRE;2014;540009412;540019726;DECLA;0;0;0;0;1;0;0;0;0;0;0;0;0;0;0;0;0;0;0;1;0;0;0;0;0;1;0;0;0;0;0;0;0;0;0;0;0;0;0;
FILTRE;2014;540009412;540019726;INIT;0;0;0;0;1;0;0;0;0;0;0;0;0;0;0;;0;0;0;;;;;;;;;;;;;0;0;0;0;0;0;0;0;
FILTRE;2014;540009701;540019726;DECLA;0;0;0;0;1;0;0;0;0;0;0;0;0;0;0;0;0;0;0;0;0;0;0;1;1;1;0;0;0;0;0;0;0;0;0;0;0;0;0;
FILTRE;2014;540009701;540019726;INIT;0;0;0;0;1;0;0;0;0;0;0;0;0;0;0;;0;0;0;;;;;;;;;;;;;0;0;0;0;0;0;0;0;
FILTRE;2014;540009859;570010181;DECLA;0;0;0;0;0;1;0;0;0;0;0;0;0;0;0;0;0;0;0;0;0;0;0;0;0;0;1;0;0;0;1;0;0;0;0;0;0;0;0;
FILTRE;2014;540009859;570010181;INIT;0;0;0;0;0;1;0;0;0;0;0;0;0;0;0;;0;0;0;;;;;;;;;;;;;0;0;0;0;0;0;0;0;
FILTRE;2014;540010568;540010519;DECLA;0;0;0;0;0;0;0;0;0;0;1;0;0;0;1;0;0;0;0;0;0;0;0;0;0;1;0;0;0;0;1;0;0;0;0;0;0;0;0;
FILTRE;2014;540010568;540010519;INIT;0;0;0;0;0;0;0;0;0;0;0;0;0;0;1;;0;0;0;;;;;;;;;;;;;0;0;0;0;0;0;0;0;
FILTRE;2014;540013224;540000536;DECLA;1;1;1;0;0;0;1;1;0;0;0;0;1;0;0;0;0;0;1;0;0;0;0;1;1;1;0;0;0;0;0;0;1;1;0;0;0;0;0;
FILTRE;2014;540013224;540000536;INIT;0;1;1;0;0;0;0;1;0;0;0;0;1;0;0;;0;0;1;;;;;;;;;;;;;0;0;1;0;0;0;0;0;
FILTRE;2014;540013232;540023264;DECLA;0;0;0;0;0;1;0;0;0;0;0;0;0;0;0;0;0;0;0;0;0;0;0;0;0;0;0;0;0;0;0;0;0;0;0;0;0;0;0;
FILTRE;2014;540013232;540023264;INIT;0;0;0;0;0;1;0;0;0;0;0;0;0;0;0;;0;0;0;;;;;;;;;;;;;0;0;0;0;0;0;0;0;
FILTRE;2014;540013737;540019726;DECLA;0;0;0;0;1;0;0;0;0;0;0;0;0;0;0;0;0;0;0;1;0;0;0;0;0;1;0;0;0;0;0;0;0;0;0;0;0;0;0;
FILTRE;2014;540013737;540019726;INIT;0;0;0;0;1;0;0;0;0;0;0;0;0;0;0;;0;0;0;;;;;;;;;;;;;0;0;0;0;0;0;0;0;
FILTRE;2014;540014073;540000056;DECLA;0;0;0;1;0;0;0;0;1;0;0;0;0;0;0;0;0;0;0;0;0;0;0;1;1;1;0;0;0;0;1;0;0;0;0;0;0;0;0;
FILTRE;2014;540014073;540000056;INIT;0;0;0;1;0;0;0;0;1;0;0;0;0;0;0;;0;0;0;;;;;;;;;;;;;0;0;0;0;0;0;0;0;
FILTRE;2014;540014149;540000122;DECLA;1;0;0;0;0;0;1;0;0;0;0;0;0;0;0;0;0;0;0;0;0;0;0;0;0;0;0;0;0;0;0;0;0;0;0;0;0;0;0;
FILTRE;2014;540018876;540001112;DECLA;0;0;0;0;0;0;0;0;0;0;0;1;0;0;0;0;0;0;0;0;0;0;0;0;0;0;0;0;0;0;0;0;0;0;0;0;0;0;0;
FILTRE;2014;540018876;540001112;INIT;0;0;0;0;0;0;0;0;0;0;0;1;0;0;0;;0;0;0;;;;;;;;;;;;;0;0;0;0;0;0;0;0;
FILTRE;2014;540019023;540001112;DECLA;0;0;0;0;0;0;0;0;0;0;0;1;0;0;0;0;0;0;0;0;0;0;0;0;0;0;0;0;0;0;0;0;0;0;0;0;0;0;0;
FILTRE;2014;540019023;540001112;INIT;0;0;0;0;0;0;0;0;0;0;0;1;0;0;0;;0;0;0;;;;;;;;;;;;;0;0;0;0;0;0;0;0;
FILTRE;2014;540020054;540023264;DECLA;0;0;0;0;0;0;0;0;1;0;0;0;0;0;0;0;0;0;0;0;0;0;0;0;0;0;0;0;0;0;0;0;0;0;0;0;0;0;0;
FILTRE;2014;540020054;540023264;INIT;0;0;0;0;0;0;0;0;1;0;0;0;0;0;0;;0;0;0;;;;;;;;;;;;;0;0;0;0;0;0;0;0;
FILTRE;2014;540020146;540006707;DECLA;0;0;0;0;1;0;0;0;0;0;0;0;0;0;1;0;0;0;0;0;0;0;0;0;0;1;0;0;0;0;1;0;0;0;0;0;0;0;0;
FILTRE;2014;540020146;540006707;INIT;0;0;0;0;1;0;0;0;0;0;0;0;0;0;1;;0;0;0;;;;;;;;;;;;;0;0;0;0;0;0;0;0;
FILTRE;2014;540023256;540020963;DECLA;0;0;0;0;0;0;0;0;0;1;0;0;0;0;0;0;0;0;0;0;0;0;0;0;0;0;0;0;0;0;0;0;0;0;0;0;0;0;0;
FILTRE;2014;540023256;540020963;INIT;0;0;0;0;0;0;0;0;0;1;0;0;0;0;0;;0;0;0;;;;;;;;;;;;;0;0;0;0;0;0;0;0;
FILTRE;2014;550000012;550006795;DECLA;1;1;1;0;1;0;1;1;0;0;1;1;1;0;1;0;1;1;1;1;1;1;1;1;1;1;1;1;1;1;1;1;1;1;0;0;0;0;0;
FILTRE;2014;550000012;550006795;INIT;1;1;1;1;1;0;1;1;0;0;1;1;1;0;1;;1;1;1;;;;;;;;;;;;;0;1;1;0;0;0;0;0;
FILTRE;2014;550000038;550000046;DECLA;1;0;0;0;1;1;1;0;0;0;0;0;0;1;0;0;0;0;0;1;0;0;0;1;0;1;0;0;0;0;1;0;0;0;0;0;0;0;0;
FILTRE;2014;550000038;550000046;INIT;1;0;0;0;1;1;1;0;0;0;0;0;0;0;0;;0;0;0;;;;;;;;;;;;;0;0;0;0;0;0;0;0;
FILTRE;2014;550000178;550000293;DECLA;1;1;1;0;0;0;0;1;0;0;0;0;1;0;0;0;0;0;1;0;0;0;0;1;0;1;0;0;0;0;0;0;0;0;0;0;0;0;0;
FILTRE;2014;550000178;550000293;INIT;1;1;0;0;0;0;1;1;0;0;0;0;1;0;0;;0;0;1;;;;;;;;;;;;;0;0;1;0;0;0;0;0;
FILTRE;2014;550000186;550006795;DECLA;0;0;0;1;0;0;0;0;1;0;0;0;0;0;0;0;0;0;0;0;0;0;0;0;0;0;0;0;0;0;0;0;0;0;0;0;0;0;0;
FILTRE;2014;550000186;550006795;INIT;0;0;0;1;0;0;0;0;1;0;0;0;0;0;0;;0;0;0;;;;;;;;;;;;;0;0;0;0;0;0;0;0;
FILTRE;2014;550000202;550006795;DECLA;0;0;0;0;1;0;0;0;0;0;0;0;0;0;0;0;0;0;0;1;0;0;0;1;0;0;0;0;0;0;0;0;0;0;0;0;0;0;0;
FILTRE;2014;550000202;550006795;INIT;0;0;0;0;1;0;0;0;0;0;0;0;0;0;0;;0;0;0;;;;;;;;;;;;;0;0;0;0;0;0;0;0;
FILTRE;2014;550000251;550000095;DECLA;0;0;0;1;0;1;0;0;1;0;0;0;0;0;0;0;0;0;0;0;0;0;0;1;0;1;0;0;0;0;1;0;0;0;0;0;0;0;0;
FILTRE;2014;550000251;550000095;INIT;0;0;0;1;0;1;0;0;1;0;0;0;0;0;0;;0;0;0;;;;;;;;;;;;;0;0;0;0;0;0;0;0;
FILTRE;2014;550000434;550003354;DECLA;1;1;1;0;1;1;1;0;0;0;1;0;1;0;1;1;1;1;1;1;0;0;0;1;1;1;1;1;0;1;1;0;1;0;0;0;0;0;0;
FILTRE;2014;550000434;550003354;INIT;1;1;1;0;1;1;1;0;0;0;1;0;1;0;1;;1;1;1;;;;;;;;;;;;;0;0;0;0;0;0;0;0;
FILTRE;2014;550002885;540001112;DECLA;0;0;0;0;0;0;0;0;0;0;0;1;0;0;0;0;0;0;0;0;0;0;0;0;0;0;0;0;0;0;0;0;0;0;0;0;0;0;0;
FILTRE;2014;550002885;540001112;INIT;0;0;0;0;0;0;0;0;0;0;0;1;0;0;0;;0;0;0;;;;;;;;;;;;;0;0;0;0;0;0;0;0;
FILTRE;2014;550003362;550006795;DECLA;0;0;0;1;1;0;0;0;1;0;0;0;0;0;0;0;0;0;0;0;0;0;0;0;0;0;0;0;0;1;0;0;0;0;0;0;0;0;0;
FILTRE;2014;550003362;550006795;INIT;0;0;0;1;1;0;0;0;1;0;0;0;0;0;0;;0;0;0;;;;;;;;;;;;;0;0;0;0;0;0;0;0;
FILTRE;2014;550003370;550006795;DECLA;0;0;0;0;0;1;0;0;0;0;0;0;0;0;0;0;0;0;0;0;0;0;0;0;0;0;0;0;0;0;0;0;0;0;0;0;0;0;0;
FILTRE;2014;550003370;550006795;INIT;0;0;0;0;0;1;0;0;0;0;0;0;0;0;0;;0;0;0;;;;;;;;;;;;;0;0;0;0;0;0;0;0;
FILTRE;2014;550005219;540001112;DECLA;0;0;0;0;0;0;0;0;0;0;0;1;0;0;0;0;0;0;0;0;0;0;0;0;0;0;1;0;0;0;0;0;0;0;0;0;0;0;0;
FILTRE;2014;550005219;540001112;INIT;0;0;0;0;0;0;0;0;0;0;0;1;0;0;0;;0;0;0;;;;;;;;;;;;;0;0;0;0;0;0;0;0;
FILTRE;2014;560000127;560023210;DECLA;1;1;1;0;1;1;1;1;0;0;1;1;1;0;0;1;1;1;1;1;1;1;1;1;1;1;1;1;1;1;1;1;1;1;0;0;0;0;0;
FILTRE;2014;560000127;560023210;INIT;1;1;1;0;1;1;1;1;0;0;1;1;1;0;0;;1;1;1;;;;;;;;;;;;;1;1;1;0;0;0;0;0;
FILTRE;2014;560000135;560005746;DECLA;1;1;1;0;0;0;1;1;0;1;1;1;1;0;0;1;1;1;1;1;1;1;1;1;1;1;0;1;0;1;1;1;1;1;0;0;0;0;0;
FILTRE;2014;560000135;560005746;INIT;1;1;1;0;0;0;1;1;0;1;1;1;1;0;0;;1;1;1;;;;;;;;;;;;;1;1;1;0;0;0;0;0;
FILTRE;2014;560000143;560014748;DECLA;1;1;1;0;0;0;1;1;0;0;1;1;1;0;0;0;1;1;1;1;1;1;1;1;0;1;0;1;1;1;0;0;1;1;0;0;0;0;0;
FILTRE;2014;560000143;560014748;INIT;1;1;1;0;0;0;1;1;0;0;1;1;1;0;0;;1;1;1;;;;;;;;;;;;;0;0;1;0;0;0;0;0;
FILTRE;2014;560000184;560006017;DECLA;1;0;0;0;1;0;1;0;0;0;0;0;0;0;0;1;0;0;0;1;0;1;0;1;0;1;0;0;0;1;0;0;0;0;0;0;0;0;0;
FILTRE;2014;560000184;560006017;INIT;1;0;0;0;1;0;1;0;0;0;0;0;0;0;0;;0;0;0;;;;;;;;;;;;;0;0;0;0;0;0;0;0;
FILTRE;2014;560000192;560000044;DECLA;1;1;1;0;0;1;1;1;0;0;1;0;1;0;1;1;1;1;1;1;0;1;0;1;1;1;0;0;1;0;1;0;1;1;0;0;0;0;0;
FILTRE;2014;560000192;560000044;INIT;1;1;1;0;0;1;1;1;0;0;0;0;1;0;1;;1;1;1;;;;;;;;;;;;;0;0;1;0;0;0;0;0;
FILTRE;2014;560000200;560023210;DECLA;1;0;0;0;1;1;1;0;0;0;1;1;1;1;0;1;1;1;1;1;0;0;0;0;0;0;0;0;0;0;0;0;0;0;0;0;0;0;0;
FILTRE;2014;560000200;560023210;INIT;1;0;0;0;1;1;1;0;0;0;0;0;1;0;0;;1;1;0;;;;;;;;;;;;;0;0;0;0;0;0;0;0;
FILTRE;2014;560000242;560022246;DECLA;0;0;0;1;0;0;0;0;1;0;0;0;0;0;0;0;0;0;0;0;0;0;0;1;0;1;0;0;0;0;0;0;0;0;0;0;0;0;0;
FILTRE;2014;560000242;560022246;INIT;0;0;0;1;0;0;0;0;1;0;0;0;0;0;0;;0;0;0;;;;;;;;;;;;;0;0;0;0;0;0;0;0;
FILTRE;2014;560000275;560005746;DECLA;1;0;0;0;1;1;1;0;0;0;0;0;0;0;0;0;0;0;0;0;0;0;0;0;0;1;0;0;0;0;1;0;0;0;0;0;0;0;0;
FILTRE;2014;560000275;560005746;INIT;1;0;0;0;1;1;1;0;0;0;0;0;0;0;0;;0;0;0;;;;;;;;;;;;;0;0;0;0;0;0;0;0;
FILTRE;2014;560000283;560000077;DECLA;0;0;0;0;1;0;0;0;0;0;0;0;0;0;0;0;0;0;0;0;0;0;0;1;0;0;0;0;0;1;1;0;0;0;0;0;0;0;0;
FILTRE;2014;560000283;560000077;INIT;0;0;0;0;1;0;0;0;0;0;0;0;0;0;0;;0;0;0;;;;;;;;;;;;;0;0;0;0;0;0;0;0;
FILTRE;2014;560000291;560000085;DECLA;1;0;0;0;1;1;1;0;0;0;0;0;0;0;0;0;0;0;0;0;0;0;0;0;0;0;0;1;0;1;1;0;0;0;0;0;0;0;0;
FILTRE;2014;560000291;560000085;INIT;1;0;0;0;1;1;1;0;0;0;0;0;0;0;0;;0;0;0;;;;;;;;;;;;;0;0;0;0;0;0;0;0;
FILTRE;2014;560000366;560000259;DECLA;1;0;0;0;1;0;1;0;0;0;0;0;0;0;0;0;0;0;0;0;0;0;0;1;0;0;0;0;0;1;1;0;0;0;0;0;0;0;0;
FILTRE;2014;560000366;560000259;INIT;1;0;0;0;1;0;1;0;0;0;0;0;0;0;0;;0;0;0;;;;;;;;;;;;;0;0;0;0;0;0;0;0;
FILTRE;2014;560000382;560002032;DECLA;0;0;0;1;0;0;0;0;1;0;0;0;0;0;0;0;0;0;0;1;0;0;0;1;0;1;1;0;0;0;1;0;0;0;0;0;0;0;0;
FILTRE;2014;560000382;560002032;INIT;0;0;0;1;0;0;0;0;1;0;0;0;0;0;0;;0;0;0;;;;;;;;;;;;;0;0;0;0;0;0;0;0;
FILTRE;2014;560000390;560006074;DECLA;0;0;0;0;1;0;0;0;0;0;0;0;0;0;0;0;0;0;0;0;0;0;0;0;0;0;0;0;0;0;0;0;0;0;0;0;0;0;0;
FILTRE;2014;560000390;560006074;INIT;0;0;0;0;1;0;0;0;0;0;0;0;0;0;0;;0;0;0;;;;;;;;;;;;;0;0;0;0;0;0;0;0;
FILTRE;2014;560000408;560002065;DECLA;1;0;0;0;1;1;0;0;0;0;0;0;0;0;0;0;0;0;0;0;0;0;0;1;0;1;0;0;0;0;1;0;0;0;0;0;0;0;0;
FILTRE;2014;560000408;560002065;INIT;1;0;0;0;1;1;1;0;0;0;0;0;0;0;0;;0;0;0;;;;;;;;;;;;;0;0;0;0;0;0;0;0;
FILTRE;2014;560000424;560006074;DECLA;0;0;0;0;1;0;0;0;0;0;0;0;0;0;0;0;0;0;0;0;0;0;0;0;0;0;0;0;0;0;0;0;0;0;0;0;0;0;0;
FILTRE;2014;560000424;560006074;INIT;0;0;0;0;1;0;0;0;0;0;0;0;0;0;0;;0;0;0;;;;;;;;;;;;;0;0;0;0;0;0;0;0;
FILTRE;2014;560000465;560002198;DECLA;1;0;0;0;1;0;0;0;0;0;0;0;0;0;0;0;0;0;0;0;0;0;0;0;0;1;0;0;0;0;1;0;0;0;0;0;0;0;0;
FILTRE;2014;560000465;560002198;INIT;1;0;0;0;1;0;1;0;0;0;0;0;0;0;0;;0;0;0;;;;;;;;;;;;;0;0;0;0;0;0;0;0;
FILTRE;2014;560000473;560002206;DECLA;0;0;0;0;1;0;0;0;0;0;0;0;0;0;0;0;0;0;0;0;0;0;0;1;0;1;0;1;0;0;1;0;0;0;0;0;0;0;0;
FILTRE;2014;560000473;560002206;INIT;0;0;0;0;1;0;0;0;0;0;0;0;0;0;0;;0;0;0;;;;;;;;;;;;;0;0;0;0;0;0;0;0;
FILTRE;2014;560000499;560002222;DECLA;0;0;0;0;1;0;0;0;0;0;0;0;0;0;0;0;0;0;0;0;0;0;0;1;0;1;0;0;0;1;0;0;0;0;0;0;0;0;0;
FILTRE;2014;560000499;560002222;INIT;1;0;0;0;1;0;1;0;0;0;0;0;0;0;0;;0;0;0;;;;;;;;;;;;;0;0;0;0;0;0;0;0;
FILTRE;2014;560000697;560002677;DECLA;0;0;0;1;0;0;0;0;1;0;0;0;0;0;0;0;0;0;0;1;0;0;0;0;0;1;0;0;0;0;1;0;0;0;0;0;0;0;0;
FILTRE;2014;560000697;560002677;INIT;0;0;0;1;0;0;0;0;1;0;0;0;0;0;0;;0;0;0;;;;;;;;;;;;;0;0;0;0;0;0;0;0;
FILTRE;2014;560002024;560006074;DECLA;0;0;0;0;1;0;0;0;0;0;0;0;0;0;0;0;0;0;0;1;0;0;0;1;1;1;0;0;0;0;1;0;0;0;0;0;0;0;0;
FILTRE;2014;560002024;560006074;INIT;0;0;0;0;1;0;0;0;0;0;0;0;0;0;0;;0;0;0;;;;;;;;;;;;;0;0;0;0;0;0;0;0;
FILTRE;2014;560002081;560000416;DECLA;0;0;0;1;0;0;0;0;0;0;0;0;0;0;0;0;0;0;0;0;0;0;0;1;0;0;0;0;0;0;0;0;0;0;0;0;0;0;0;
FILTRE;2014;560002081;560000416;INIT;0;0;0;1;0;0;0;0;0;0;0;0;0;0;0;;0;0;0;;;;;;;;;;;;;0;0;0;0;0;0;0;0;
FILTRE;2014;560002123;750043994;DECLA;0;0;0;1;0;0;0;0;0;0;0;0;0;0;0;0;0;0;0;0;0;0;0;1;0;0;0;0;0;0;0;0;0;0;0;0;0;0;0;
FILTRE;2014;560002123;750043994;INIT;0;0;0;1;0;0;0;0;0;0;0;0;0;0;0;;0;0;0;;;;;;;;;;;;;0;0;0;0;0;0;0;0;
FILTRE;2014;560002511;560000689;DECLA;1;1;1;0;0;0;1;1;0;0;1;0;1;0;0;0;0;0;1;1;0;1;0;1;1;1;0;0;0;0;0;0;1;1;0;0;0;0;0;
FILTRE;2014;560002511;560000689;INIT;0;1;0;0;0;0;0;1;0;0;0;0;1;0;0;;0;0;1;;;;;;;;;;;;;0;0;1;0;0;0;0;0;
FILTRE;2014;560002685;750043713;DECLA;0;0;0;1;0;0;0;0;0;0;0;0;0;0;0;0;0;0;0;0;0;0;0;1;0;1;0;0;0;0;0;0;0;0;0;0;0;0;0;
FILTRE;2014;560002685;750043713;INIT;0;0;0;1;0;0;0;0;0;0;0;0;0;0;0;;0;0;0;;;;;;;;;;;;;0;0;0;0;0;0;0;0;
FILTRE;2014;560002933;560006074;DECLA;0;1;0;0;0;0;0;1;0;0;0;0;0;0;0;0;0;0;1;1;0;0;0;1;1;1;0;0;1;0;0;0;1;1;0;0;0;0;0;
FILTRE;2014;560002933;560006074;INIT;0;1;0;0;0;0;0;1;0;0;0;0;0;0;0;;0;0;1;;;;;;;;;;;;;0;0;1;0;0;0;0;0;
FILTRE;2014;560002974;830013678;DECLA;0;0;0;0;1;0;0;0;0;0;0;0;0;0;0;0;0;0;0;0;0;0;0;1;0;1;0;0;0;1;1;0;0;0;0;0;0;0;0;
FILTRE;2014;560002974;830013678;INIT;0;0;0;0;1;0;0;0;0;0;0;0;0;0;0;;0;0;0;;;;;;;;;;;;;0;0;0;0;0;0;0;0;
FILTRE;2014;560003006;560000770;DECLA;0;0;0;0;1;0;0;0;0;0;0;0;0;0;0;0;0;0;0;0;0;0;0;0;0;0;0;0;0;0;1;0;0;0;0;0;0;0;0;
FILTRE;2014;560003006;560000770;INIT;0;0;0;0;1;0;0;0;0;0;0;0;0;0;0;;0;0;0;;;;;;;;;;;;;0;0;0;0;0;0;0;0;
FILTRE;2014;560003055;440042844;DECLA;0;0;0;0;1;0;0;0;0;0;0;0;0;0;0;0;0;0;0;0;0;0;0;1;0;1;0;0;0;1;0;0;0;0;0;0;0;0;0;
FILTRE;2014;560003055;440042844;INIT;0;0;0;0;1;0;0;0;0;0;0;0;0;0;0;;0;0;0;;;;;;;;;;;;;0;0;0;0;0;0;0;0;
FILTRE;2014;560003980;560005746;DECLA;0;0;0;0;1;1;0;0;0;0;0;0;0;0;0;0;0;0;0;0;0;0;0;0;0;0;0;0;0;0;1;0;0;0;0;0;0;0;0;
FILTRE;2014;560003980;560005746;INIT;0;0;0;0;1;1;0;0;0;0;0;0;0;0;0;;0;0;0;;;;;;;;;;;;;0;0;0;0;0;0;0;0;
FILTRE;2014;560004004;350000626;DECLA;0;0;0;0;0;0;1;0;0;0;0;1;0;0;0;0;0;0;0;0;0;0;0;0;0;0;0;0;0;0;0;0;0;0;0;0;0;0;0;
FILTRE;2014;560004004;350000626;INIT;0;0;0;0;0;0;0;0;0;0;0;1;0;0;0;;0;0;0;;;;;;;;;;;;;0;0;0;0;0;0;0;0;
FILTRE;2014;560004277;750721029;DECLA;0;0;0;1;0;0;0;0;1;0;0;0;0;0;0;0;0;0;0;0;0;0;0;0;0;1;0;0;0;0;0;0;0;0;0;0;0;0;0;
FILTRE;2014;560004277;750721029;INIT;0;0;0;1;0;0;0;0;1;0;0;0;0;0;0;;0;0;0;;;;;;;;;;;;;0;0;0;0;0;0;0;0;
FILTRE;2014;560006348;350000626;DECLA;0;0;0;0;0;0;0;0;0;0;0;1;0;0;0;0;0;0;0;0;0;0;0;0;0;0;0;0;0;0;0;0;0;0;0;0;0;0;0;
FILTRE;2014;560006348;350000626;INIT;0;0;0;0;0;0;0;0;0;0;0;1;0;0;0;;0;0;0;;;;;;;;;;;;;0;0;0;0;0;0;0;0;
FILTRE;2014;560006991;220017974;DECLA;0;0;0;1;0;0;0;0;1;0;0;0;0;0;0;0;0;0;0;0;0;0;0;1;1;1;0;0;0;0;0;0;0;0;0;0;0;0;0;
FILTRE;2014;560006991;220017974;INIT;0;0;0;1;0;0;0;0;1;0;0;0;0;0;0;;0;0;0;;;;;;;;;;;;;0;0;0;0;0;0;0;0;
FILTRE;2014;560007510;560001307;DECLA;1;1;0;0;0;0;0;1;0;0;1;0;1;0;0;0;0;0;1;1;0;1;0;1;0;1;0;0;0;0;0;0;0;1;0;0;0;0;0;
FILTRE;2014;560007510;560001307;INIT;0;1;0;0;0;0;0;1;0;0;0;0;1;0;0;;0;0;1;;;;;;;;;;;;;0;0;1;0;0;0;0;0;
FILTRE;2014;560008799;560013989;DECLA;1;1;1;0;0;0;1;1;0;1;1;0;0;0;1;0;0;0;1;0;0;0;0;1;1;1;0;0;0;1;0;0;1;1;0;0;0;0;0;
FILTRE;2014;560008799;560013989;INIT;1;1;1;0;0;0;1;1;0;0;1;0;0;0;1;;0;0;1;;;;;;;;;;;;;0;0;1;0;0;0;0;0;
FILTRE;2014;560009490;440002590;DECLA;0;0;0;0;0;0;0;0;0;0;0;1;0;0;0;0;0;0;0;0;0;0;0;0;0;0;0;0;0;0;0;0;0;0;0;0;0;0;0;
FILTRE;2014;560009490;440002590;INIT;0;0;0;0;0;0;0;0;0;0;0;1;0;0;0;;0;0;0;;;;;;;;;;;;;0;0;0;0;0;0;0;0;
FILTRE;2014;560009508;440002590;DECLA;0;0;0;0;0;0;0;0;0;0;0;1;0;0;0;0;0;0;0;0;0;0;0;0;0;0;0;0;0;0;0;0;0;0;0;0;0;0;0;
FILTRE;2014;560009508;440002590;INIT;0;0;0;0;0;0;0;0;0;0;0;1;0;0;0;;0;0;0;;;;;;;;;;;;;0;0;0;0;0;0;0;0;
FILTRE;2014;560009524;440002590;DECLA;0;0;0;0;0;0;0;0;0;0;0;1;0;0;0;0;0;0;0;0;0;0;0;0;0;0;1;0;0;0;0;0;0;0;0;0;0;0;0;
FILTRE;2014;560009524;440002590;INIT;0;0;0;0;0;0;0;0;0;0;0;1;0;0;0;;0;0;0;;;;;;;;;;;;;0;0;0;0;0;0;0;0;
FILTRE;2014;560009557;350000626;DECLA;0;0;0;0;0;0;0;0;0;0;0;1;0;0;0;0;0;0;0;0;0;0;0;0;0;0;0;0;0;0;0;0;0;0;0;0;0;0;0;
FILTRE;2014;560009557;350000626;INIT;0;0;0;0;0;0;0;0;0;0;0;1;0;0;0;;0;0;0;;;;;;;;;;;;;0;0;0;0;0;0;0;0;
FILTRE;2014;560010092;560002032;DECLA;0;0;0;0;0;1;0;0;0;0;0;0;0;0;0;0;0;0;0;0;0;0;0;1;0;0;0;0;0;0;0;0;0;0;0;0;0;0;0;
FILTRE;2014;560010092;560002032;INIT;0;0;0;0;0;1;0;0;0;0;0;0;0;0;0;;0;0;0;;;;;;;;;;;;;0;0;0;0;0;0;0;0;
FILTRE;2014;560012122;560002677;DECLA;0;0;0;0;0;1;0;0;0;0;0;0;0;0;0;0;0;0;0;1;0;0;0;0;0;1;0;0;0;0;1;0;0;0;0;0;0;0;0;
FILTRE;2014;560012122;560002677;INIT;0;0;0;0;0;1;0;0;0;0;0;0;0;0;0;;0;0;0;;;;;;;;;;;;;0;0;0;0;0;0;0;0;
FILTRE;2014;560014078;440002590;DECLA;0;0;0;0;0;0;0;0;0;0;0;1;0;0;0;0;0;0;0;0;0;0;0;0;0;0;0;0;0;0;0;0;0;0;0;0;0;0;0;
FILTRE;2014;560014078;440002590;INIT;0;0;0;0;0;0;0;0;0;0;0;1;0;0;0;;0;0;0;;;;;;;;;;;;;0;0;0;0;0;0;0;0;
FILTRE;2014;560014128;440002590;DECLA;0;0;0;0;0;0;0;0;0;0;0;1;0;0;0;0;0;0;0;0;0;0;0;0;0;0;0;0;0;0;0;0;0;0;0;0;0;0;0;
FILTRE;2014;560014128;440002590;INIT;0;0;0;0;0;0;0;0;0;0;0;1;0;0;0;;0;0;0;;;;;;;;;;;;;0;0;0;0;0;0;0;0;
FILTRE;2014;560014219;560014748;DECLA;0;0;0;0;1;1;0;0;0;0;0;0;0;0;0;0;0;0;0;0;0;0;0;0;0;0;0;0;0;0;1;0;0;0;0;0;0;0;0;
FILTRE;2014;560014219;560014748;INIT;0;0;0;0;1;1;0;0;0;0;0;0;0;0;0;;0;0;0;;;;;;;;;;;;;0;0;0;0;0;0;0;0;
FILTRE;2014;560015422;560002214;DECLA;1;0;0;0;1;1;0;0;0;0;0;0;0;0;0;0;0;0;0;0;0;0;0;0;0;0;0;0;0;0;1;0;0;0;0;0;0;0;0;
FILTRE;2014;560015422;560002214;INIT;1;0;0;0;1;1;1;0;0;0;0;0;0;0;0;;0;0;0;;;;;;;;;;;;;0;0;0;0;0;0;0;0;
FILTRE;2014;560018038;560023178;DECLA;0;0;0;0;0;0;0;0;0;1;0;0;0;0;0;0;0;0;0;0;0;0;0;0;0;0;1;0;0;0;0;0;0;0;0;0;0;0;0;
FILTRE;2014;560018038;560023178;INIT;0;0;0;0;0;0;0;0;0;1;0;0;0;0;0;;0;0;0;;;;;;;;;;;;;0;0;0;0;0;0;0;0;
FILTRE;2014;560018509;560018459;DECLA;0;0;0;0;0;0;0;0;0;0;0;0;0;0;1;0;0;0;0;0;0;0;0;0;0;1;0;0;0;0;0;0;0;0;0;0;0;0;0;
FILTRE;2014;560018509;560018459;INIT;0;0;0;0;0;0;0;0;0;0;0;0;0;0;1;;0;0;0;;;;;;;;;;;;;0;0;0;0;0;0;0;0;
FILTRE;2014;560020208;350000626;DECLA;0;0;0;0;0;0;1;0;0;0;0;1;0;0;0;0;0;0;0;0;0;0;0;0;0;0;0;0;0;0;0;0;0;0;0;0;0;0;0;
FILTRE;2014;560020208;350000626;INIT;0;0;0;0;0;0;0;0;0;0;0;1;0;0;0;;0;0;0;;;;;;;;;;;;;0;0;0;0;0;0;0;0;
FILTRE;2014;560022188;350000626;DECLA;0;0;0;0;0;0;0;0;0;0;0;0;0;0;1;0;0;0;0;0;0;0;0;0;0;0;0;0;0;0;0;0;0;0;0;0;0;0;0;
FILTRE;2014;560022188;350000626;INIT;0;0;0;0;0;0;0;0;0;0;0;0;0;0;1;;0;0;0;;;;;;;;;;;;;0;0;0;0;0;0;0;0;
FILTRE;2014;560023152;440002590;DECLA;0;0;0;0;0;0;0;0;0;0;0;1;0;0;0;0;0;0;0;0;0;0;0;0;0;0;1;0;0;0;0;0;0;0;0;0;0;0;0;
FILTRE;2014;560023152;440002590;INIT;0;0;0;0;0;0;0;0;0;0;0;1;0;0;0;;0;0;0;;;;;;;;;;;;;0;0;0;0;0;0;0;0;
FILTRE;2014;560023228;560023178;DECLA;0;0;0;0;0;0;0;0;0;1;0;0;0;0;0;0;0;0;0;0;0;0;0;0;0;0;1;0;0;0;0;0;0;0;0;0;0;0;0;
FILTRE;2014;560023228;560023178;INIT;0;0;0;0;0;0;0;0;0;1;0;0;0;0;0;;0;0;0;;;;;;;;;;;;;0;0;0;0;0;0;0;0;
FILTRE;2014;560023848;350000626;DECLA;0;0;0;0;0;0;1;0;0;0;0;1;0;0;0;0;0;0;0;0;0;0;0;0;0;0;0;0;0;0;0;0;0;0;0;0;0;0;0;
FILTRE;2014;560023848;350000626;INIT;0;0;0;0;0;0;0;0;0;0;0;1;0;0;0;;0;0;0;;;;;;;;;;;;;0;0;0;0;0;0;0;0;
FILTRE;2014;560024077;350000626;DECLA;0;0;0;0;0;0;0;0;0;0;0;1;0;0;0;0;0;0;0;0;0;0;0;0;0;0;0;0;0;0;0;0;0;0;0;0;0;0;0;
FILTRE;2014;560024077;350000626;INIT;0;0;0;0;0;0;0;0;0;0;0;1;0;0;0;;0;0;0;;;;;;;;;;;;;0;0;0;0;0;0;0;0;
FILTRE;2014;570000026;570024794;DECLA;1;0;0;0;1;0;1;0;0;0;0;0;0;0;0;0;0;0;0;0;0;0;0;1;0;0;0;0;0;1;0;0;0;0;0;0;0;0;0;
FILTRE;2014;570000026;570024794;INIT;1;0;0;0;1;0;1;0;0;0;0;0;0;0;0;;0;0;0;;;;;;;;;;;;;0;0;0;0;0;0;0;0;
FILTRE;2014;570000059;570025254;DECLA;1;1;1;0;0;0;1;1;0;0;1;0;1;0;0;1;1;1;1;1;1;1;1;1;1;1;0;0;0;0;1;0;1;1;0;0;0;0;0;
FILTRE;2014;570000059;570025254;INIT;1;1;1;0;0;0;1;1;0;0;1;0;1;0;0;;1;1;1;;;;;;;;;;;;;0;0;1;0;0;0;0;0;
FILTRE;2014;570000083;570000729;DECLA;1;1;1;0;0;0;0;1;0;0;0;0;1;0;0;0;0;0;1;1;0;0;0;1;1;1;0;0;0;0;0;0;1;1;0;0;0;0;0;
FILTRE;2014;570000083;570000729;INIT;1;1;1;0;0;0;1;1;0;0;0;0;1;0;0;;0;0;1;;;;;;;;;;;;;0;0;1;0;0;0;0;0;
FILTRE;2014;570000091;750050759;DECLA;1;0;0;0;1;0;1;0;0;0;1;1;0;0;1;1;0;0;0;1;0;0;0;1;1;1;1;1;0;1;0;0;1;0;0;0;0;0;0;
FILTRE;2014;570000091;750050759;INIT;1;0;0;0;1;0;1;1;0;0;1;1;0;0;1;;0;0;1;;;;;;;;;;;;;0;0;0;0;0;0;0;0;
FILTRE;2014;570000109;570000034;DECLA;0;0;0;0;1;0;0;0;0;0;0;0;0;0;0;1;0;0;0;0;0;0;0;0;0;1;0;1;0;0;0;0;0;0;0;0;0;0;0;
FILTRE;2014;570000109;570000034;INIT;0;0;0;0;1;0;0;0;0;0;0;0;0;0;0;;0;0;0;;;;;;;;;;;;;0;0;0;0;0;0;0;0;
FILTRE;2014;570000117;570015099;DECLA;1;1;1;0;0;0;1;1;0;0;1;0;1;0;1;0;1;1;1;1;1;1;0;1;1;1;0;1;0;1;0;0;1;0;0;0;0;0;0;
FILTRE;2014;570000117;570015099;INIT;1;1;1;0;0;0;1;1;0;0;1;0;1;0;1;;1;1;1;;;;;;;;;;;;;0;0;0;0;0;0;0;0;
FILTRE;2014;570000125;570015099;DECLA;1;0;0;0;0;1;1;0;0;0;1;0;0;0;0;0;0;0;0;1;0;1;0;1;1;0;0;0;0;1;0;0;0;0;0;0;0;0;0;
FILTRE;2014;570000125;570015099;INIT;1;0;0;0;0;1;1;0;0;0;0;0;0;0;0;;0;0;0;;;;;;;;;;;;;0;0;0;0;0;0;0;0;
FILTRE;2014;570000166;570010173;DECLA;1;0;0;0;1;1;1;0;0;0;0;0;0;0;0;0;0;0;0;0;0;0;0;0;0;0;0;0;0;0;0;0;0;0;0;0;0;0;0;
FILTRE;2014;570000166;570010173;INIT;1;0;0;0;1;1;1;0;0;0;0;0;0;0;0;;0;0;0;;;;;;;;;;;;;0;0;0;0;0;0;0;0;
FILTRE;2014;570000216;570010173;DECLA;1;1;0;0;0;1;1;1;0;0;1;0;0;0;0;0;1;0;1;1;1;1;1;1;1;1;0;0;1;1;0;0;1;1;0;0;0;0;0;
FILTRE;2014;570000216;570010173;INIT;1;1;0;0;0;1;1;1;0;0;1;0;0;0;0;;1;0;1;;;;;;;;;;;;;0;1;1;0;0;0;0;0;
FILTRE;2014;570000281;570005165;DECLA;1;0;0;1;1;0;1;0;0;0;1;0;0;0;1;1;0;0;0;1;0;1;0;1;0;1;0;1;1;1;0;0;0;0;0;0;0;0;0;
FILTRE;2014;570000281;570005165;INIT;1;0;0;1;1;0;1;0;0;0;1;0;0;0;1;;1;0;0;;;;;;;;;;;;;0;0;0;0;0;0;0;0;
FILTRE;2014;570000349;570005165;DECLA;1;1;1;1;1;1;1;1;1;0;1;1;1;0;0;1;1;1;1;1;1;1;1;1;0;1;1;0;0;1;0;0;1;1;0;0;0;0;0;
FILTRE;2014;570000349;570005165;INIT;1;1;1;1;1;1;1;1;0;0;1;1;1;0;0;;1;1;1;;;;;;;;;;;;;0;1;1;0;0;0;0;0;
FILTRE;2014;570000356;570000919;DECLA;1;1;0;0;1;0;1;1;0;0;0;0;0;0;0;1;0;0;1;1;1;0;0;1;1;1;0;0;0;0;0;0;1;1;0;0;0;0;0;
FILTRE;2014;570000356;570000919;INIT;0;1;0;0;1;0;0;1;0;0;0;0;0;0;0;;0;0;1;;;;;;;;;;;;;0;0;1;0;0;0;0;0;
FILTRE;2014;570000364;570011569;DECLA;0;1;1;0;0;0;1;1;0;0;0;0;1;0;0;0;0;0;1;1;0;0;0;1;1;1;0;0;0;0;0;0;0;0;0;0;0;0;0;
FILTRE;2014;570000364;570011569;INIT;0;1;0;0;0;0;0;1;0;0;0;0;1;0;0;;0;0;1;;;;;;;;;;;;;0;0;0;0;0;0;0;0;
FILTRE;2014;570000380;570000034;DECLA;0;0;0;0;1;0;0;0;0;0;0;0;0;0;0;0;0;0;0;1;0;0;0;1;1;1;0;0;0;0;0;0;0;0;0;0;0;0;0;
FILTRE;2014;570000380;570000034;INIT;0;0;0;0;1;0;0;0;0;0;0;0;0;0;0;;0;0;0;;;;;;;;;;;;;0;0;0;0;0;0;0;0;
FILTRE;2014;570000448;750050759;DECLA;0;0;0;0;1;1;0;0;0;0;0;0;0;0;0;0;0;0;0;0;0;0;0;1;0;1;0;0;0;1;0;0;0;0;0;0;0;0;0;
FILTRE;2014;570000448;750050759;INIT;0;0;0;0;1;1;0;0;0;0;0;0;0;0;0;;0;0;0;;;;;;;;;;;;;0;0;0;0;0;0;0;0;
FILTRE;2014;570000455;570010173;DECLA;1;0;0;0;1;1;0;0;0;0;0;0;0;0;0;0;0;0;0;0;0;0;0;1;0;1;0;0;0;1;0;0;0;0;0;0;0;0;0;
FILTRE;2014;570000455;570010173;INIT;1;0;0;0;1;1;1;0;0;0;0;0;0;0;0;;0;0;0;;;;;;;;;;;;;0;0;0;0;0;0;0;0;
FILTRE;2014;570000489;750050759;DECLA;1;0;0;0;1;1;0;0;0;0;0;0;0;0;0;0;0;0;0;0;0;0;0;0;0;0;0;1;0;1;1;0;0;0;0;0;0;0;0;
FILTRE;2014;570000489;750050759;INIT;1;0;0;0;1;1;1;0;0;0;0;0;0;0;0;;0;0;0;;;;;;;;;;;;;0;0;0;0;0;0;0;0;
FILTRE;2014;570000547;540019726;DECLA;0;0;0;0;1;0;0;0;0;0;0;0;0;0;0;0;0;0;0;0;0;0;0;1;0;1;0;0;0;1;0;0;0;0;0;0;0;0;0;
FILTRE;2014;570000547;540019726;INIT;0;0;0;0;1;0;0;0;0;0;0;0;0;0;0;;0;0;0;;;;;;;;;;;;;0;0;0;0;0;0;0;0;
FILTRE;2014;570000562;570011353;DECLA;1;0;0;0;1;1;1;0;0;0;0;0;0;0;0;0;0;0;0;1;0;0;0;1;0;1;0;0;0;0;0;0;0;0;0;0;0;0;0;
FILTRE;2014;570000562;570011353;INIT;1;0;0;0;1;1;1;0;0;0;0;0;0;0;0;;0;0;0;;;;;;;;;;;;;0;0;0;0;0;0;0;0;
FILTRE;2014;570000596;750821092;DECLA;1;1;0;1;1;0;1;1;1;0;1;0;0;0;0;0;1;0;1;1;1;1;1;1;1;1;1;0;0;1;0;0;1;1;0;0;0;0;0;
FILTRE;2014;570000596;750821092;INIT;1;1;0;1;1;0;1;1;1;0;1;0;0;0;0;;1;0;1;;;;;;;;;;;;;0;1;1;0;0;0;0;0;
FILTRE;2014;570000646;570001115;DECLA;1;1;1;0;0;0;1;1;0;0;1;0;1;0;0;0;1;0;1;1;0;1;1;1;1;1;0;0;0;0;0;1;1;1;0;0;0;0;1;
FILTRE;2014;570000646;570001115;INIT;1;1;1;0;0;0;1;1;0;0;1;0;1;0;0;;1;0;1;;;;;;;;;;;;;1;1;1;0;0;0;0;1;
FILTRE;2014;570000661;570000158;DECLA;1;0;0;0;1;1;1;0;0;0;0;0;0;1;0;0;0;1;0;1;0;0;0;1;0;0;0;0;0;0;0;0;0;0;0;0;0;0;0;
FILTRE;2014;570000661;570000158;INIT;1;0;0;0;1;1;1;0;0;0;0;0;0;0;0;;0;0;0;;;;;;;;;;;;;0;0;0;0;0;0;0;0;
FILTRE;2014;570000687;570025254;DECLA;1;0;0;0;1;0;1;0;0;0;0;0;0;0;0;1;0;0;1;1;0;1;0;1;0;0;0;0;0;0;1;0;0;0;0;0;0;0;0;
FILTRE;2014;570000687;570025254;INIT;1;0;0;0;1;0;1;0;0;0;0;0;0;0;0;;0;0;0;;;;;;;;;;;;;0;0;0;0;0;0;0;0;
FILTRE;2014;570000794;930019484;DECLA;0;0;0;0;1;0;0;0;0;0;0;0;0;0;0;0;0;0;0;0;0;0;0;1;0;1;0;0;0;0;0;0;0;0;0;0;0;0;0;
FILTRE;2014;570000794;930019484;INIT;0;0;0;0;1;0;0;0;0;0;0;0;0;0;0;;0;0;0;;;;;;;;;;;;;0;0;0;0;0;0;0;0;
FILTRE;2014;570000828;570011452;DECLA;0;0;0;0;1;0;0;0;0;0;0;0;0;0;0;0;0;0;0;0;0;0;0;0;0;0;0;0;0;0;0;0;0;0;0;0;0;0;0;
FILTRE;2014;570000828;570011452;INIT;0;0;0;0;1;0;0;0;0;0;0;0;0;0;0;;0;0;0;;;;;;;;;;;;;0;0;0;0;0;0;0;0;
FILTRE;2014;570000885;570000133;DECLA;0;0;0;1;0;0;0;0;1;0;0;0;0;0;0;0;0;0;0;0;0;0;0;1;1;1;0;0;0;0;0;0;0;0;0;0;0;0;0;
FILTRE;2014;570000885;570000133;INIT;0;0;0;1;0;0;0;0;1;0;0;0;0;0;0;;0;0;0;;;;;;;;;;;;;0;0;0;0;0;0;0;0;
FILTRE;2014;570000893;570000141;DECLA;0;0;0;1;0;1;0;0;1;0;0;0;0;0;0;0;0;0;0;0;0;0;0;1;0;1;0;0;0;0;0;0;0;0;0;0;0;0;0;
FILTRE;2014;570000893;570000141;INIT;0;0;0;1;0;1;0;0;1;0;0;0;0;0;0;;0;0;0;;;;;;;;;;;;;0;0;0;0;0;0;0;0;
FILTRE;2014;570000901;570000158;DECLA;1;1;1;0;0;0;1;1;0;0;1;0;1;0;1;0;1;1;1;1;1;1;0;1;1;1;0;1;1;1;1;0;1;1;0;0;0;0;0;
FILTRE;2014;570000901;570000158;INIT;1;1;1;0;0;0;1;1;0;0;1;0;1;0;1;;1;1;1;;;;;;;;;;;;;0;1;1;0;0;0;0;0;
FILTRE;2014;570000950;570000398;DECLA;1;0;0;0;1;0;1;0;0;0;0;0;0;0;0;0;0;0;0;1;0;1;0;1;0;1;0;0;0;1;1;0;0;0;0;0;0;0;0;
FILTRE;2014;570000950;570000398;INIT;1;0;0;0;1;0;1;0;0;0;0;0;0;0;0;;0;0;0;;;;;;;;;;;;;0;0;0;0;0;0;0;0;
FILTRE;2014;570000968;570000430;DECLA;1;0;0;0;1;1;1;0;0;0;0;0;0;0;1;0;0;0;0;1;0;0;0;1;0;1;0;0;0;1;1;0;0;0;0;0;0;0;0;
FILTRE;2014;570000968;570000430;INIT;1;0;0;0;1;1;1;0;0;0;0;0;0;0;1;;0;0;0;;;;;;;;;;;;;0;0;0;0;0;0;0;0;
FILTRE;2014;570000992;570000497;DECLA;1;0;0;0;1;0;1;0;0;0;0;0;0;0;0;0;0;0;0;0;0;0;0;1;0;0;0;0;0;0;1;0;0;0;0;0;0;0;0;
FILTRE;2014;570000992;570000497;INIT;1;0;0;0;1;0;1;0;0;0;0;0;0;0;0;;0;0;0;;;;;;;;;;;;;0;0;0;0;0;0;0;0;
FILTRE;2014;570001016;570000513;DECLA;0;0;0;1;0;0;0;0;1;0;0;0;0;0;0;0;0;0;0;0;0;0;0;1;0;1;0;0;0;0;1;0;0;0;0;0;0;0;0;
FILTRE;2014;570001016;570000513;INIT;0;0;0;1;0;0;0;0;1;0;0;0;0;0;0;;0;0;0;;;;;;;;;;;;;0;0;0;0;0;0;0;0;
FILTRE;2014;570001057;570023630;DECLA;1;1;0;0;1;0;1;1;0;0;1;0;0;0;0;0;0;0;1;1;0;1;0;1;1;0;0;1;0;0;0;0;1;0;0;0;0;0;0;
FILTRE;2014;570001057;570023630;INIT;1;1;0;0;1;0;1;1;0;0;1;0;0;0;0;;0;0;1;;;;;;;;;;;;;0;0;0;0;0;0;0;0;
FILTRE;2014;570001099;570023630;DECLA;1;0;0;1;1;0;1;0;1;0;0;0;0;0;1;0;0;0;0;1;0;0;0;0;0;0;0;0;1;0;0;0;0;0;0;0;0;0;0;
FILTRE;2014;570001099;570023630;INIT;1;0;0;1;1;0;1;0;1;0;0;0;0;0;1;;0;0;0;;;;;;;;;;;;;0;0;0;0;0;0;0;0;
FILTRE;2014;570002287;570001230;DECLA;0;0;0;1;0;0;0;0;0;0;0;0;0;0;0;0;0;0;0;0;0;0;0;1;0;1;0;0;0;0;0;0;0;0;0;0;0;0;0;
FILTRE;2014;570002287;570001230;INIT;0;0;0;1;0;0;0;0;0;0;0;0;0;0;0;;0;0;0;;;;;;;;;;;;;0;0;0;0;0;0;0;0;
FILTRE;2014;570003079;570010181;DECLA;1;0;0;0;1;1;1;0;0;0;0;0;0;0;0;0;0;0;0;1;0;0;0;1;0;1;1;0;0;1;0;0;0;0;0;0;0;0;0;
FILTRE;2014;570003079;570010181;INIT;1;0;0;0;1;1;1;0;0;0;0;0;0;0;0;;0;0;0;;;;;;;;;;;;;0;0;0;0;0;0;0;0;
FILTRE;2014;570003103;540019726;DECLA;0;0;0;0;1;0;0;0;0;0;0;0;0;0;0;1;0;0;0;1;0;0;0;1;0;1;0;0;0;0;0;0;0;0;0;0;0;0;0;
FILTRE;2014;570003103;540019726;INIT;0;0;0;0;1;0;0;0;0;0;0;0;0;0;0;;0;0;0;;;;;;;;;;;;;0;0;0;0;0;0;0;0;
FILTRE;2014;570003905;540001112;DECLA;0;0;0;0;0;0;0;0;0;0;0;1;0;0;0;0;0;0;0;0;0;0;0;0;0;0;0;0;0;0;0;0;0;0;0;0;0;0;0;
FILTRE;2014;570003905;540001112;INIT;0;0;0;0;0;0;0;0;0;0;0;1;0;0;0;;0;0;0;;;;;;;;;;;;;0;0;0;0;0;0;0;0;
FILTRE;2014;570004002;570013797;DECLA;0;0;0;0;0;0;0;0;0;0;0;1;0;0;0;0;0;0;0;0;0;0;0;1;0;0;1;0;0;0;0;0;0;0;0;0;0;0;0;
FILTRE;2014;570004002;570013797;INIT;0;0;0;0;0;0;0;0;0;0;0;1;0;0;0;;0;0;0;;;;;;;;;;;;;0;0;0;0;0;0;0;0;
FILTRE;2014;570005215;570005165;DECLA;0;0;0;0;1;1;1;0;0;0;0;0;0;0;0;1;0;0;0;1;0;0;0;1;0;1;0;0;0;0;0;0;0;0;0;0;0;0;0;
FILTRE;2014;570005215;570005165;INIT;0;0;0;0;1;1;0;0;0;0;0;0;0;0;0;;0;0;0;;;;;;;;;;;;;0;0;0;0;0;0;0;0;
FILTRE;2014;570009670;570000307;DECLA;1;0;0;0;1;0;0;0;0;0;0;0;0;0;0;0;0;0;0;1;0;0;0;1;0;1;0;0;0;1;0;0;0;0;0;0;0;0;0;
FILTRE;2014;570009670;570000307;INIT;1;0;0;0;1;0;1;0;0;0;0;0;0;0;0;;0;0;0;;;;;;;;;;;;;0;0;0;0;0;0;0;0;
FILTRE;2014;570010082;570013797;DECLA;0;0;0;0;0;0;0;0;0;0;0;1;0;0;0;0;0;0;0;0;0;0;0;1;0;0;1;0;0;0;0;0;0;0;0;0;0;0;0;
FILTRE;2014;570010082;570013797;INIT;0;0;0;0;0;0;0;0;0;0;0;1;0;0;0;;0;0;0;;;;;;;;;;;;;0;0;0;0;0;0;0;0;
FILTRE;2014;570010181;570010181;DECLA;0;0;0;0;0;0;0;0;1;0;0;0;0;0;0;0;0;0;0;0;0;0;0;0;0;0;0;0;0;0;0;0;0;0;0;0;0;0;0;
FILTRE;2014;570010181;570010181;INIT;0;0;0;0;0;0;0;0;1;0;0;0;0;0;0;;0;0;0;;;;;;;;;;;;;0;0;0;0;0;0;0;0;
FILTRE;2014;570011635;540001112;DECLA;0;0;0;0;0;0;0;0;0;0;0;1;0;0;0;0;0;0;0;0;0;0;0;0;0;0;0;0;0;0;0;0;0;0;0;0;0;0;0;
FILTRE;2014;570011635;540001112;INIT;0;0;0;0;0;0;0;0;0;0;0;1;0;0;0;;0;0;0;;;;;;;;;;;;;0;0;0;0;0;0;0;0;
FILTRE;2014;570012369;570011387;DECLA;0;0;0;0;1;1;0;0;0;0;0;0;0;0;0;0;0;0;0;0;0;0;0;1;0;1;0;0;0;0;1;0;0;0;0;0;0;0;0;
FILTRE;2014;570012369;570011387;INIT;0;0;0;0;1;1;0;0;0;0;0;0;0;0;0;;0;0;0;;;;;;;;;;;;;0;0;0;0;0;0;0;0;
FILTRE;2014;570012633;540019726;DECLA;0;0;0;0;1;0;0;0;0;0;0;0;0;0;0;0;0;0;0;0;0;0;0;0;0;1;0;0;0;0;0;0;0;0;0;0;0;0;0;
FILTRE;2014;570012633;540019726;INIT;0;0;0;0;1;0;0;0;0;0;0;0;0;0;0;;0;0;0;;;;;;;;;;;;;0;0;0;0;0;0;0;0;
FILTRE;2014;570015248;570002204;DECLA;0;0;0;0;0;0;0;0;0;1;0;0;0;0;0;0;0;0;0;0;0;0;0;0;0;0;0;0;0;0;0;0;0;0;0;0;0;0;0;
FILTRE;2014;570015248;570002204;INIT;0;0;0;0;0;0;0;0;0;1;0;0;0;0;0;;0;0;0;;;;;;;;;;;;;0;0;0;0;0;0;0;0;
FILTRE;2014;570015636;570013797;DECLA;0;0;0;0;0;0;0;0;0;0;0;1;0;0;0;0;0;0;0;0;0;0;0;1;0;0;0;0;0;0;0;0;0;0;0;0;0;0;0;
FILTRE;2014;570015636;570013797;INIT;0;0;0;0;0;0;0;0;0;0;0;1;0;0;0;;0;0;0;;;;;;;;;;;;;0;0;0;0;0;0;0;0;
FILTRE;2014;570015750;570005165;DECLA;0;0;0;0;0;0;0;0;1;0;0;0;0;0;0;0;0;0;0;0;0;0;0;0;0;1;0;0;0;0;0;0;0;0;0;0;0;0;0;
FILTRE;2014;570015750;570005165;INIT;0;0;0;0;0;0;0;0;1;0;0;0;0;0;0;;0;0;0;;;;;;;;;;;;;0;0;0;0;0;0;0;0;
FILTRE;2014;570020578;570023630;DECLA;0;0;0;0;1;1;0;0;0;0;0;0;0;0;0;0;0;0;0;0;0;0;0;0;0;0;0;0;0;0;0;0;0;0;0;0;0;0;0;
FILTRE;2014;570020578;570023630;INIT;0;0;0;0;1;1;0;0;0;0;0;0;0;0;0;;0;0;0;;;;;;;;;;;;;0;0;0;0;0;0;0;0;
FILTRE;2014;570022830;540001112;DECLA;0;0;0;0;0;0;0;0;0;0;0;1;0;0;0;0;0;0;0;0;0;0;0;0;0;0;0;0;0;0;0;0;0;0;0;0;0;0;0;
FILTRE;2014;570022830;540001112;INIT;0;0;0;0;0;0;0;0;0;0;0;1;0;0;0;;0;0;0;;;;;;;;;;;;;0;0;0;0;0;0;0;0;
FILTRE;2014;570023309;570023283;DECLA;0;0;0;1;0;0;0;0;1;0;0;0;0;0;0;0;0;0;0;0;0;0;0;0;0;1;0;0;0;0;0;0;0;0;0;0;0;0;0;
FILTRE;2014;570023309;570023283;INIT;0;0;0;1;0;0;0;0;1;0;0;0;0;0;0;;0;0;0;;;;;;;;;;;;;0;0;0;0;0;0;0;0;
FILTRE;2014;570026252;570023630;DECLA;1;1;0;0;0;0;1;1;0;0;1;1;0;0;0;0;0;0;1;1;1;1;0;0;1;1;0;0;0;0;0;0;1;1;0;0;0;0;0;
FILTRE;2014;570026252;570023630;INIT;1;1;0;0;0;0;1;1;0;0;1;1;0;0;0;;0;0;1;;;;;;;;;;;;;0;1;1;0;0;0;0;0;
FILTRE;2014;570026682;570005165;DECLA;1;1;1;0;1;0;1;1;0;1;1;1;1;0;0;1;1;1;1;1;1;1;1;1;1;1;1;0;1;1;0;1;1;1;0;0;0;1;1;
FILTRE;2014;570026682;570005165;INIT;1;1;1;0;1;0;1;1;0;1;1;1;1;0;0;;1;1;1;;;;;;;;;;;;;1;1;1;0;0;0;1;1;
FILTRE;2014;570027029;540001112;DECLA;0;0;0;0;0;0;0;0;0;0;0;1;0;0;0;0;0;0;0;0;0;0;0;0;0;0;1;0;0;0;0;0;0;0;0;0;0;0;0;
FILTRE;2014;570027029;540001112;INIT;0;0;0;0;0;0;0;0;0;0;0;1;0;0;0;;0;0;0;;;;;;;;;;;;;0;0;0;0;0;0;0;0;
FILTRE;2014;580001899;750721334;DECLA;0;0;0;0;0;0;0;0;0;0;0;0;0;0;1;0;0;0;0;0;0;0;0;0;0;0;0;0;0;0;0;0;0;0;0;0;0;0;0;
FILTRE;2014;580001899;750721334;INIT;0;0;0;0;0;0;0;0;0;0;0;0;0;0;1;;0;0;0;;;;;;;;;;;;;0;0;0;0;0;0;0;0;
FILTRE;2014;580004588;630000990;DECLA;0;0;0;0;0;0;0;0;0;0;0;1;0;0;0;0;0;0;0;0;0;0;0;0;0;0;0;0;0;0;0;0;0;0;0;0;0;0;0;
FILTRE;2014;580004588;630000990;INIT;0;0;0;0;0;0;0;0;0;0;0;1;0;0;0;;0;0;0;;;;;;;;;;;;;0;0;0;0;0;0;0;0;
FILTRE;2014;580004638;630000990;DECLA;0;0;0;0;0;0;0;0;0;0;0;1;0;0;0;0;0;0;0;0;0;0;0;0;0;0;0;0;0;0;0;0;0;0;0;0;0;0;0;
FILTRE;2014;580004638;630000990;INIT;0;0;0;0;0;0;0;0;0;0;0;1;0;0;0;;0;0;0;;;;;;;;;;;;;0;0;0;0;0;0;0;0;
FILTRE;2014;580004836;580780039;DECLA;1;0;0;0;1;0;1;0;0;0;0;0;0;0;0;0;0;0;1;0;0;0;0;0;0;0;0;0;0;0;0;0;0;0;0;0;0;0;0;
FILTRE;2014;580004836;580780039;INIT;1;0;0;0;1;0;1;0;0;0;0;0;0;0;0;;0;0;0;;;;;;;;;;;;;0;0;0;0;0;0;0;0;
FILTRE;2014;580005163;580780039;DECLA;0;0;0;0;0;0;0;0;1;0;0;0;0;0;0;0;0;0;0;0;0;0;0;0;0;0;0;0;0;0;0;0;0;0;0;0;0;0;0;
FILTRE;2014;580005163;580780039;INIT;0;0;0;0;0;0;0;0;1;0;0;0;0;0;0;;0;0;0;;;;;;;;;;;;;0;0;0;0;0;0;0;0;
FILTRE;2014;580780138;580000024;DECLA;1;1;0;0;1;0;1;1;0;1;1;0;0;0;0;0;0;0;1;0;0;0;0;1;1;1;0;0;0;1;0;0;1;1;0;0;0;0;0;
FILTRE;2014;580780138;580000024;INIT;1;1;0;0;1;0;1;1;0;1;1;0;0;0;0;;0;0;1;;;;;;;;;;;;;0;0;1;0;0;0;0;0;
FILTRE;2014;580780187;580000057;DECLA;0;0;0;0;1;0;0;0;0;0;0;0;0;0;0;0;0;0;0;0;0;0;0;0;0;1;0;0;0;0;0;0;0;0;0;0;0;0;0;
FILTRE;2014;580780187;580000057;INIT;0;0;0;0;1;0;0;0;0;0;0;0;0;0;0;;0;0;0;;;;;;;;;;;;;0;0;0;0;0;0;0;0;
FILTRE;2014;580780195;580005148;DECLA;1;1;1;0;0;0;1;1;0;0;0;0;1;1;0;0;0;0;1;1;0;1;0;1;1;1;0;0;0;0;0;0;1;1;0;0;0;0;0;
FILTRE;2014;580780195;580005148;INIT;1;1;1;0;0;0;1;1;0;0;0;0;0;0;0;;0;0;1;;;;;;;;;;;;;0;0;1;0;0;0;0;0;
FILTRE;2014;580780203;580000073;DECLA;0;0;0;0;1;0;0;0;0;0;0;0;0;0;0;0;0;0;0;0;0;0;0;1;0;0;0;0;0;0;0;0;0;0;0;0;0;0;0;
FILTRE;2014;580780203;580000073;INIT;0;0;0;0;1;0;0;0;0;0;0;0;0;0;0;;0;0;0;;;;;;;;;;;;;0;0;0;0;0;0;0;0;
FILTRE;2014;580780237;580000099;DECLA;0;0;0;1;0;0;0;0;0;0;0;0;0;0;0;0;0;0;0;0;0;0;0;1;0;1;0;0;0;0;0;0;0;0;0;0;0;0;0;
FILTRE;2014;580780237;580000099;INIT;0;0;0;1;0;0;0;0;0;0;0;0;0;0;0;;0;0;0;;;;;;;;;;;;;0;0;0;0;0;0;0;0;
FILTRE;2014;580971349;580002129;DECLA;0;0;0;0;1;0;0;0;0;0;0;0;0;0;0;0;0;0;0;0;0;0;0;1;0;1;0;0;0;0;0;0;0;0;0;0;0;0;0;
FILTRE;2014;580971349;580002129;INIT;0;0;0;0;1;0;0;0;0;0;0;0;0;0;0;;0;0;0;;;;;;;;;;;;;0;0;0;0;0;0;0;0;
FILTRE;2014;580971646;580780039;DECLA;0;0;0;0;0;1;0;0;0;0;0;0;0;0;0;0;0;0;0;0;0;0;0;0;0;0;0;0;0;0;0;0;0;0;0;0;0;0;0;
FILTRE;2014;580971646;580780039;INIT;0;0;0;0;0;1;0;0;0;0;0;0;0;0;0;;0;0;0;;;;;;;;;;;;;0;0;0;0;0;0;0;0;
FILTRE;2014;580972008;580000628;DECLA;0;0;0;0;1;0;0;0;0;0;0;0;0;0;0;0;0;0;0;0;0;0;0;1;0;1;0;0;0;0;0;0;0;0;0;0;0;0;0;
FILTRE;2014;580972008;580000628;INIT;0;0;0;0;1;0;0;0;0;0;0;0;0;0;0;;0;0;0;;;;;;;;;;;;;0;0;0;0;0;0;0;0;
FILTRE;2014;580972610;580780054;DECLA;1;0;0;0;1;0;1;0;0;0;0;0;0;0;0;0;0;0;0;0;0;0;0;1;0;1;0;1;0;0;1;0;0;0;0;0;0;0;0;
FILTRE;2014;580972610;580780054;INIT;1;0;0;0;1;0;1;0;0;0;0;0;0;0;0;;0;0;0;;;;;;;;;;;;;0;0;0;0;0;0;0;0;
FILTRE;2014;580972628;580780039;DECLA;0;0;0;0;1;1;0;0;0;0;0;0;0;0;0;0;0;0;0;0;0;0;0;0;0;0;0;0;0;0;1;0;0;0;0;0;0;0;0;
FILTRE;2014;580972628;580780039;INIT;0;0;0;0;1;0;0;0;0;0;0;0;0;0;0;;0;0;0;;;;;;;;;;;;;0;0;0;0;0;0;0;0;
FILTRE;2014;580972636;580780971;DECLA;0;0;0;1;0;0;0;0;1;0;0;0;0;0;0;0;0;0;0;0;0;0;0;1;0;1;0;0;0;0;1;0;0;0;0;0;0;0;0;
FILTRE;2014;580972636;580780971;INIT;0;0;0;1;0;0;0;0;1;0;0;0;0;0;0;;0;0;0;;;;;;;;;;;;;0;0;0;0;0;0;0;0;
FILTRE;2014;580972644;580781136;DECLA;1;0;0;0;1;1;1;0;0;0;0;0;0;0;0;0;0;0;0;1;0;0;0;1;0;1;0;0;0;0;0;0;0;0;0;0;0;0;0;
FILTRE;2014;580972644;580781136;INIT;1;0;0;0;1;1;1;0;0;0;0;0;0;0;0;;0;0;0;;;;;;;;;;;;;0;0;0;0;0;0;0;0;
FILTRE;2014;580972651;580780047;DECLA;1;0;0;0;1;1;1;0;0;0;0;0;0;0;0;0;0;0;0;1;0;0;0;1;0;0;0;0;0;0;1;0;0;0;0;0;0;0;0;
FILTRE;2014;580972651;580780047;INIT;1;0;0;0;1;1;1;0;0;0;0;0;0;0;0;;0;0;0;;;;;;;;;;;;;0;0;0;0;0;0;0;0;
FILTRE;2014;580972669;580780070;DECLA;1;1;0;0;0;0;1;0;0;0;0;0;0;1;1;0;1;1;1;1;0;0;0;1;0;1;1;0;0;0;1;0;1;0;0;0;0;0;0;
FILTRE;2014;580972669;580780070;INIT;1;1;0;0;0;0;1;0;0;0;0;0;0;1;1;;1;1;1;;;;;;;;;;;;;0;0;0;0;0;0;0;0;
FILTRE;2014;580972677;580780088;DECLA;1;0;0;0;1;1;1;0;0;0;0;0;0;0;0;0;1;1;1;0;0;0;0;1;0;1;1;0;0;1;1;0;1;0;0;0;0;0;0;
FILTRE;2014;580972677;580780088;INIT;1;0;0;0;1;1;1;0;0;0;0;0;0;0;0;;1;1;0;;;;;;;;;;;;;0;0;0;0;0;0;0;0;
FILTRE;2014;580972685;580780096;DECLA;1;1;1;0;1;0;1;1;0;0;1;0;1;0;0;0;1;1;1;1;1;0;0;1;1;1;1;1;0;1;1;0;1;1;0;0;0;0;1;
FILTRE;2014;580972685;580780096;INIT;1;1;1;0;1;0;1;1;0;0;0;0;1;0;0;;1;1;1;;;;;;;;;;;;;0;0;0;0;0;0;0;0;
FILTRE;2014;580972693;580780039;DECLA;1;1;1;1;1;0;1;1;1;0;1;1;1;0;0;1;1;1;1;1;1;1;1;1;1;1;1;1;0;1;0;1;1;1;0;0;0;0;0;
FILTRE;2014;580972693;580780039;INIT;1;1;1;1;1;0;1;1;0;0;1;1;1;0;0;;1;1;1;;;;;;;;;;;;;1;1;1;0;0;0;0;0;
FILTRE;2014;580972701;580970978;DECLA;0;0;0;0;0;1;0;0;0;0;0;0;0;0;0;0;0;0;0;0;0;0;0;0;0;0;0;0;0;0;1;0;0;0;0;0;0;0;0;
FILTRE;2014;580972701;580970978;INIT;0;0;0;0;0;1;0;0;0;0;0;0;0;0;0;;0;0;0;;;;;;;;;;;;;0;0;0;0;0;0;0;0;
FILTRE;2014;580972719;580780757;DECLA;0;0;0;0;0;1;0;0;0;0;0;0;0;0;0;0;0;0;0;0;0;0;0;0;0;0;0;0;0;0;0;0;0;0;0;0;0;0;0;
FILTRE;2014;580972719;580780757;INIT;0;0;0;0;0;1;0;0;0;0;0;0;0;0;0;;0;0;0;;;;;;;;;;;;;0;0;0;0;0;0;0;0;
FILTRE;2014;590000014;590780052;DECLA;1;0;0;1;1;1;1;0;1;0;0;0;0;0;0;0;0;0;0;1;0;1;0;1;0;1;0;0;0;0;1;0;0;0;0;0;0;0;0;
FILTRE;2014;590000014;590780052;INIT;1;0;0;1;1;1;1;0;0;0;0;0;0;0;0;;0;0;0;;;;;;;;;;;;;0;0;0;0;0;0;0;0;
FILTRE;2014;590000097;590780185;DECLA;0;0;0;0;1;0;0;0;0;0;0;0;0;0;0;0;0;0;0;0;0;0;0;1;0;1;0;0;0;0;1;0;0;0;0;0;0;0;0;
FILTRE;2014;590000097;590780185;INIT;0;0;0;0;1;0;0;0;0;0;0;0;0;0;0;;0;0;0;;;;;;;;;;;;;0;0;0;0;0;0;0;0;
FILTRE;2014;590000105;590780193;DECLA;0;0;0;1;0;0;0;0;1;0;0;0;0;0;0;1;0;0;0;0;0;0;0;0;0;1;0;0;0;0;1;0;0;1;0;0;0;0;0;
FILTRE;2014;590000105;590780193;INIT;0;1;0;1;0;0;0;0;1;0;0;0;0;0;0;;0;0;1;;;;;;;;;;;;;0;0;1;0;0;0;0;0;
FILTRE;2014;590000113;590053120;DECLA;0;0;0;0;1;0;0;0;0;0;0;0;0;0;0;0;0;0;0;0;0;0;0;1;0;1;0;1;0;1;1;0;0;0;0;0;0;0;0;
FILTRE;2014;590000113;590053120;INIT;0;0;0;0;1;0;0;0;0;0;0;0;0;0;0;;0;0;0;;;;;;;;;;;;;0;0;0;0;0;0;0;0;
FILTRE;2014;590000121;590780227;DECLA;1;1;1;0;1;1;1;1;0;0;0;0;1;0;0;0;1;0;1;1;1;1;1;1;1;1;0;1;0;1;1;0;1;1;0;0;0;0;0;
FILTRE;2014;590000121;590780227;INIT;1;1;1;1;1;1;1;1;1;0;0;0;1;0;0;;1;0;1;;;;;;;;;;;;;0;0;1;0;0;0;0;0;
FILTRE;2014;590000188;590780334;DECLA;1;1;0;0;0;0;1;1;0;1;1;0;0;0;0;0;0;0;1;1;1;1;1;1;1;1;0;1;1;1;1;0;1;1;0;0;1;0;0;
FILTRE;2014;590000188;590780334;INIT;1;1;0;0;0;0;1;1;0;1;1;0;0;0;0;;0;0;1;;;;;;;;;;;;;0;0;1;0;0;0;0;0;
FILTRE;2014;590000337;590781415;DECLA;1;1;0;0;1;1;1;1;0;0;1;1;1;0;0;1;1;1;1;1;1;1;0;1;0;1;1;1;0;1;1;1;1;1;0;0;0;0;0;
FILTRE;2014;590000337;590781415;INIT;1;1;1;0;1;1;1;1;0;0;1;0;0;0;0;;1;1;1;;;;;;;;;;;;;0;1;1;0;0;0;0;0;
FILTRE;2014;590000428;590781605;DECLA;1;1;1;1;1;1;1;1;1;0;1;1;1;0;0;0;1;1;1;1;1;1;1;1;1;1;1;1;1;1;1;1;1;0;0;0;0;0;0;
FILTRE;2014;590000428;590781605;INIT;1;1;1;1;1;1;1;1;1;0;0;1;1;0;0;;1;1;1;;;;;;;;;;;;;0;1;0;0;0;0;0;0;
FILTRE;2014;590000436;590781621;DECLA;1;0;1;0;1;0;1;0;0;0;0;0;1;0;0;0;1;0;1;1;0;0;1;1;0;1;0;0;0;0;1;0;1;0;0;0;0;0;0;
FILTRE;2014;590000436;590781621;INIT;1;0;1;0;1;0;1;0;0;0;0;0;1;0;0;;1;0;0;;;;;;;;;;;;;0;0;0;0;0;0;0;0;
FILTRE;2014;590000444;590781639;DECLA;0;0;0;0;1;0;0;0;0;0;0;0;0;0;0;0;0;0;0;0;0;0;0;1;0;0;0;0;0;0;1;0;0;0;0;0;0;0;0;
FILTRE;2014;590000444;590781639;INIT;0;0;0;0;1;0;0;0;0;0;0;0;0;0;0;;0;0;0;;;;;;;;;;;;;0;0;0;0;0;0;0;0;
FILTRE;2014;590000451;590781647;DECLA;0;0;0;0;1;1;0;0;0;0;0;0;0;0;0;0;0;0;0;0;0;0;0;1;0;1;0;0;0;0;1;0;0;0;0;0;0;0;0;
FILTRE;2014;590000451;590781647;INIT;0;0;0;0;1;1;0;0;0;0;0;0;0;0;0;;0;0;0;;;;;;;;;;;;;0;0;0;0;0;0;0;0;
FILTRE;2014;590000469;590781662;DECLA;1;1;1;1;1;1;0;1;0;0;0;1;1;0;0;0;1;1;1;1;0;0;0;1;1;1;0;0;0;0;1;0;1;0;0;0;0;0;0;
FILTRE;2014;590000469;590781662;INIT;1;1;1;1;1;1;1;1;0;0;0;1;1;0;0;;1;1;1;;;;;;;;;;;;;0;0;0;0;0;0;0;0;
FILTRE;2014;590000477;590781670;DECLA;1;0;0;0;1;1;1;0;0;0;0;0;0;0;0;0;0;0;0;1;0;0;0;1;1;1;0;0;0;1;1;0;0;0;0;0;0;0;0;
FILTRE;2014;590000477;590781670;INIT;1;0;0;0;1;1;1;0;0;0;0;0;0;0;0;;0;0;0;;;;;;;;;;;;;0;0;0;0;0;0;0;0;
FILTRE;2014;590000527;590781795;DECLA;1;0;0;0;1;1;1;0;0;0;0;0;0;0;0;0;0;0;0;1;0;0;0;1;0;1;0;1;0;1;1;0;0;0;0;0;0;0;0;
FILTRE;2014;590000527;590781795;INIT;1;0;0;0;1;1;1;0;0;0;0;0;0;0;0;;0;0;0;;;;;;;;;;;;;0;0;0;0;0;0;0;0;
FILTRE;2014;590000535;590781803;DECLA;1;1;1;1;0;0;1;1;1;0;1;1;1;0;0;1;1;1;1;1;1;1;1;1;1;1;1;0;1;1;1;1;1;1;0;0;0;0;0;
FILTRE;2014;590000535;590781803;INIT;1;1;1;1;0;0;1;1;1;0;0;1;1;0;0;;1;1;1;;;;;;;;;;;;;0;1;1;0;0;0;0;0;
FILTRE;2014;590000543;590781811;DECLA;1;0;0;0;1;0;1;0;0;0;0;0;0;0;0;0;0;0;0;1;0;0;0;1;0;1;0;0;0;0;1;0;0;0;0;0;0;0;0;
FILTRE;2014;590000543;590781811;INIT;1;0;0;0;1;0;1;0;0;0;0;0;0;0;0;;0;0;0;;;;;;;;;;;;;0;0;0;0;0;0;0;0;
FILTRE;2014;590000592;590782165;DECLA;1;1;1;1;1;1;1;1;1;0;1;0;1;0;0;0;1;0;1;1;0;1;0;1;1;1;1;1;0;0;0;0;0;1;0;0;0;0;0;
FILTRE;2014;590000592;590782165;INIT;1;1;1;0;1;1;1;1;1;0;1;0;1;0;0;;1;0;1;;;;;;;;;;;;;0;0;1;0;0;0;0;0;
FILTRE;2014;590000600;590782207;DECLA;1;0;0;1;1;0;0;0;1;0;0;0;0;0;0;0;0;0;0;1;0;0;0;1;0;1;0;0;0;0;1;0;0;0;0;0;0;0;0;
FILTRE;2014;590000600;590782207;INIT;1;0;0;1;1;0;1;0;1;0;0;0;0;0;0;;0;0;0;;;;;;;;;;;;;0;0;0;0;0;0;0;0;
FILTRE;2014;590000618;590782215;DECLA;1;1;1;0;1;0;1;1;0;0;1;1;1;0;0;1;1;1;1;1;1;1;0;1;1;1;1;1;1;1;1;1;1;1;1;0;0;0;0;
FILTRE;2014;590000618;590782215;INIT;1;1;1;1;1;0;1;1;1;0;1;1;1;0;0;;1;1;1;;;;;;;;;;;;;1;1;1;1;0;0;0;0;
FILTRE;2014;590000691;590782439;DECLA;1;0;0;0;1;0;1;0;0;0;0;0;0;0;0;0;0;0;0;1;0;0;0;1;0;1;0;0;0;1;1;0;1;0;0;0;0;0;0;
FILTRE;2014;590000691;590782439;INIT;1;0;0;0;1;0;1;0;0;0;0;0;0;0;0;;0;0;0;;;;;;;;;;;;;0;0;0;0;0;0;0;0;
FILTRE;2014;590000758;590782637;DECLA;1;1;1;0;0;0;1;1;0;0;1;0;1;0;0;1;1;1;1;1;1;1;0;1;1;1;1;0;0;1;0;0;1;1;0;0;0;0;0;
FILTRE;2014;590000758;590782637;INIT;1;1;1;0;0;0;1;1;0;0;1;0;1;0;0;;1;1;1;;;;;;;;;;;;;0;1;1;0;0;0;0;0;
FILTRE;2014;590000766;590782645;DECLA;1;0;0;0;1;0;1;0;0;0;0;0;0;0;0;0;0;0;0;1;0;0;0;1;0;1;1;0;0;1;0;0;0;0;0;0;0;0;0;
FILTRE;2014;590000766;590782645;INIT;1;0;0;0;1;0;1;0;0;0;0;0;0;0;0;;0;0;0;;;;;;;;;;;;;0;0;0;0;0;0;0;0;
FILTRE;2014;590000774;590782652;DECLA;1;1;1;0;1;0;1;1;0;0;1;0;0;0;0;0;1;0;1;1;0;1;0;1;1;1;1;0;0;1;1;0;0;1;0;0;0;0;0;
FILTRE;2014;590000774;590782652;INIT;1;1;1;0;1;0;1;0;0;0;1;0;0;0;0;;1;0;1;;;;;;;;;;;;;0;0;1;0;0;0;0;0;
FILTRE;2014;590000782;590782660;DECLA;0;0;0;1;0;0;0;0;1;0;0;0;0;0;0;0;0;0;0;1;1;0;0;1;1;1;0;0;0;0;1;0;0;0;0;0;0;0;0;
FILTRE;2014;590000782;590782660;INIT;0;0;0;1;0;0;0;0;1;0;0;0;0;0;0;;0;0;0;;;;;;;;;;;;;0;0;0;0;0;0;0;0;
FILTRE;2014;590000790;590782678;DECLA;0;0;0;1;0;0;0;0;1;0;0;0;0;0;0;0;0;0;0;0;0;0;0;1;0;1;0;0;0;0;0;0;0;0;0;0;0;0;0;
FILTRE;2014;590000790;590782678;INIT;0;0;0;1;0;0;0;0;1;0;0;0;0;0;0;;0;0;0;;;;;;;;;;;;;0;0;0;0;0;0;0;0;
FILTRE;2014;590001004;590783239;DECLA;1;1;1;1;1;1;1;1;1;0;1;1;1;0;0;0;1;1;1;1;1;1;0;1;1;1;0;1;1;1;1;1;1;0;0;0;0;0;0;
FILTRE;2014;590001004;590783239;INIT;1;1;1;1;1;1;1;1;1;0;1;1;1;0;0;;1;1;1;;;;;;;;;;;;;0;1;1;0;0;0;0;0;
FILTRE;2014;590001418;590034740;DECLA;0;0;0;1;0;0;0;0;1;0;0;0;0;0;0;0;0;0;0;1;1;0;0;1;0;1;0;0;0;0;1;0;0;0;0;0;0;0;0;
FILTRE;2014;590001418;590034740;INIT;0;0;0;1;0;0;0;0;1;0;0;0;0;0;0;;0;0;0;;;;;;;;;;;;;0;0;0;0;0;0;0;0;
FILTRE;2014;590001442;590784245;DECLA;0;0;0;0;1;0;0;0;0;0;0;0;0;0;0;0;0;0;0;1;0;0;0;1;0;1;0;0;1;0;1;0;0;0;0;0;0;0;0;
FILTRE;2014;590001442;590784245;INIT;0;0;0;0;1;1;0;0;0;0;0;0;0;0;0;;0;0;0;;;;;;;;;;;;;0;0;0;0;0;0;0;0;
FILTRE;2014;590001582;590785663;DECLA;0;0;0;0;1;1;0;0;0;0;0;0;0;0;0;0;0;0;0;1;0;0;0;1;0;1;0;1;0;0;1;0;0;0;0;0;0;0;0;
FILTRE;2014;590001582;590785663;INIT;0;0;0;0;1;1;0;0;0;0;0;0;0;0;0;;0;0;0;;;;;;;;;;;;;0;0;0;0;0;0;0;0;
FILTRE;2014;590001749;590788956;DECLA;1;0;0;0;1;0;1;0;0;0;0;0;0;0;0;0;1;0;0;1;1;1;0;1;0;1;0;1;0;0;0;0;0;0;0;0;0;0;0;
FILTRE;2014;590001749;590788956;INIT;1;1;1;0;1;0;1;0;0;0;1;0;0;0;0;;1;0;1;;;;;;;;;;;;;0;0;1;0;0;0;0;0;
FILTRE;2014;590002317;590799912;DECLA;0;0;0;1;0;0;0;0;1;0;0;0;0;0;0;0;0;0;0;0;0;0;0;0;0;0;0;0;0;0;0;0;0;0;0;0;0;0;0;
FILTRE;2014;590002317;590799912;INIT;0;0;0;1;0;0;0;0;1;0;0;0;0;0;0;;0;0;0;;;;;;;;;;;;;0;0;0;0;0;0;0;0;
FILTRE;2014;590005245;590005245;DECLA;0;0;0;1;0;0;0;0;1;0;0;0;0;0;0;0;0;0;0;0;0;0;0;0;0;0;0;0;0;0;0;0;0;0;0;0;0;0;0;
FILTRE;2014;590005245;590005245;INIT;0;0;0;1;0;0;0;0;1;0;0;0;0;0;0;;0;0;0;;;;;;;;;;;;;0;0;0;0;0;0;0;0;
FILTRE;2014;590006607;590780193;DECLA;1;1;1;0;0;0;1;1;0;0;1;1;1;0;0;1;0;0;1;1;0;1;0;0;0;1;1;0;1;0;1;0;1;1;0;0;1;0;0;
FILTRE;2014;590006607;590780193;INIT;1;1;1;0;1;0;1;1;0;0;0;1;1;0;0;;1;0;1;;;;;;;;;;;;;0;1;1;0;0;1;1;0;
FILTRE;2014;590006896;590000519;DECLA;1;1;0;0;0;0;1;1;0;0;0;0;0;0;0;0;0;0;1;1;0;0;0;1;1;1;0;0;0;0;0;0;1;1;0;0;0;0;0;
FILTRE;2014;590006896;590000519;INIT;0;1;0;0;0;0;0;0;0;0;0;0;0;0;0;;0;0;1;;;;;;;;;;;;;0;0;1;0;0;0;0;0;
FILTRE;2014;590008041;590008033;DECLA;1;1;0;0;1;0;0;1;0;0;1;1;0;0;0;1;1;0;1;0;0;0;0;1;1;1;0;0;0;1;0;1;1;1;0;0;0;0;0;
FILTRE;2014;590008041;590008033;INIT;1;1;0;0;1;0;1;1;0;0;0;1;0;0;0;;1;0;1;;;;;;;;;;;;;1;0;1;0;0;0;0;0;
FILTRE;2014;590008298;590008249;DECLA;0;0;0;0;0;0;0;0;0;1;0;0;0;0;0;0;0;0;0;0;0;0;0;0;0;0;0;0;0;0;0;0;0;0;0;0;0;0;0;
FILTRE;2014;590008298;590008249;INIT;0;0;0;0;0;0;0;0;0;1;0;0;0;0;0;;0;0;0;;;;;;;;;;;;;0;0;0;0;0;0;0;0;
FILTRE;2014;590008306;620112581;DECLA;0;0;0;0;0;0;0;0;0;0;0;1;0;0;0;0;0;0;0;0;0;0;0;0;0;0;0;0;0;0;0;0;0;0;0;0;0;0;0;
FILTRE;2014;590008306;620112581;INIT;0;0;0;0;0;0;0;0;0;0;0;1;0;0;0;;0;0;0;;;;;;;;;;;;;0;0;0;0;0;0;0;0;
FILTRE;2014;590009148;810002519;DECLA;0;0;0;1;0;0;0;0;1;0;0;0;0;0;0;0;0;0;0;0;0;0;0;0;0;0;0;0;0;0;0;0;0;0;0;0;0;0;0;
FILTRE;2014;590009148;810002519;INIT;0;0;0;1;0;0;0;0;1;0;0;0;0;0;0;;0;0;0;;;;;;;;;;;;;0;0;0;0;0;0;0;0;
FILTRE;2014;590009528;590782165;DECLA;0;0;0;0;0;0;0;0;1;0;0;0;0;0;0;0;0;0;0;0;0;0;0;0;0;0;0;0;0;0;0;0;0;0;0;0;0;0;0;
FILTRE;2014;590009528;590782165;INIT;0;0;0;0;0;0;0;0;1;0;0;0;0;0;0;;0;0;0;;;;;;;;;;;;;0;0;0;0;0;0;0;0;
FILTRE;2014;590015418;590799995;DECLA;0;0;0;0;0;0;0;0;0;0;0;1;0;0;0;0;0;0;0;0;0;0;0;0;0;0;0;0;0;0;0;0;0;0;0;0;0;0;0;
FILTRE;2014;590015418;590799995;INIT;0;0;0;0;0;0;0;0;0;0;0;1;0;0;0;;0;0;0;;;;;;;;;;;;;0;0;0;0;0;0;0;0;
FILTRE;2014;590016408;590016358;DECLA;0;0;0;1;0;0;0;0;1;0;0;0;0;0;0;0;0;0;0;0;0;0;0;1;0;0;0;0;0;0;0;0;0;0;0;0;0;0;0;
FILTRE;2014;590016408;590016358;INIT;0;0;0;1;0;0;0;0;1;0;0;0;0;0;0;;0;0;0;;;;;;;;;;;;;0;0;0;0;0;0;0;0;
FILTRE;2014;590023438;590799995;DECLA;0;0;0;0;0;0;0;0;0;0;0;1;0;0;0;0;0;0;0;0;0;0;0;0;0;0;0;0;0;0;0;0;0;0;0;0;0;0;0;
FILTRE;2014;590023438;590799995;INIT;0;0;0;0;0;0;0;0;0;0;0;1;0;0;0;;0;0;0;;;;;;;;;;;;;0;0;0;0;0;0;0;0;
FILTRE;2014;590024618;590799995;DECLA;0;0;0;0;0;0;0;0;0;0;0;1;0;0;0;0;0;0;0;0;0;0;0;0;0;0;0;0;0;0;0;0;0;0;0;0;0;0;0;
FILTRE;2014;590024618;590799995;INIT;0;0;0;0;0;0;0;0;0;0;0;1;0;0;0;;0;0;0;;;;;;;;;;;;;0;0;0;0;0;0;0;0;
FILTRE;2014;590024659;590799995;DECLA;0;0;0;0;0;0;0;0;0;0;0;1;0;0;0;0;0;0;0;0;0;0;0;0;0;0;0;0;0;0;0;0;0;0;0;0;0;0;0;
FILTRE;2014;590024659;590799995;INIT;0;0;0;0;0;0;0;0;0;0;0;1;0;0;0;;0;0;0;;;;;;;;;;;;;0;0;0;0;0;0;0;0;
FILTRE;2014;590025128;620001834;DECLA;0;0;0;0;0;0;0;0;0;0;0;0;0;0;1;0;0;0;0;0;0;0;0;1;0;0;0;0;0;0;1;0;0;0;0;0;0;0;0;
FILTRE;2014;590025128;620001834;INIT;0;0;0;0;0;0;0;0;0;0;0;0;0;0;1;;0;0;0;;;;;;;;;;;;;0;0;0;0;0;0;0;0;
FILTRE;2014;590025458;590782652;DECLA;0;0;0;0;0;0;0;0;0;0;1;0;0;0;1;0;0;0;0;0;0;0;0;0;0;0;0;0;0;0;0;0;0;0;0;0;0;0;0;
FILTRE;2014;590025458;590782652;INIT;0;0;0;0;0;0;0;0;0;0;0;0;0;0;1;;0;0;0;;;;;;;;;;;;;0;0;0;0;0;0;0;0;
FILTRE;2014;590031738;590799995;DECLA;0;0;0;0;0;0;0;0;0;0;0;1;0;0;0;0;0;0;0;0;0;0;0;0;0;0;0;0;0;0;0;0;0;0;0;0;0;0;0;
FILTRE;2014;590031738;590799995;INIT;0;0;0;0;0;0;0;0;0;0;0;1;0;0;0;;0;0;0;;;;;;;;;;;;;0;0;0;0;0;0;0;0;
FILTRE;2014;590032108;590024469;DECLA;0;0;0;0;0;0;0;0;0;0;0;0;0;0;1;0;0;0;0;0;0;0;0;0;0;0;0;0;0;0;0;0;0;0;0;0;0;0;0;
FILTRE;2014;590032108;590024469;INIT;0;0;0;0;0;0;0;0;0;0;0;0;0;0;1;;0;0;0;;;;;;;;;;;;;0;0;0;0;0;0;0;0;
FILTRE;2014;590032199;590024469;DECLA;0;0;0;0;0;0;0;0;0;0;0;0;0;0;1;0;0;0;0;0;0;0;0;0;0;0;0;0;0;0;0;0;0;0;0;0;0;0;0;
FILTRE;2014;590033429;590782421;DECLA;0;0;0;0;1;0;0;0;0;0;0;0;0;0;0;0;0;0;0;0;0;0;0;0;0;0;0;0;0;0;1;0;0;0;0;0;0;0;0;
FILTRE;2014;590033429;590782421;INIT;1;0;0;0;1;0;1;0;0;0;0;0;0;0;0;;0;0;0;;;;;;;;;;;;;0;0;0;0;0;0;0;0;
FILTRE;2014;590034732;590000675;DECLA;0;0;0;0;1;0;0;0;0;0;0;0;0;0;0;0;0;0;0;0;0;0;0;1;0;1;0;0;0;0;0;0;0;0;0;0;0;0;0;
FILTRE;2014;590034732;590000675;INIT;0;0;0;0;1;0;0;0;0;0;0;0;0;0;0;;0;0;0;;;;;;;;;;;;;0;0;0;0;0;0;0;0;
FILTRE;2014;590034815;590001467;DECLA;0;0;0;0;0;0;1;0;0;0;0;1;0;0;0;0;0;0;0;0;0;0;0;0;0;0;0;0;0;0;1;0;0;0;0;0;0;0;0;
FILTRE;2014;590034815;590001467;INIT;0;0;0;0;0;0;0;0;0;0;0;1;0;0;0;;0;0;0;;;;;;;;;;;;;0;0;0;0;0;0;0;0;
FILTRE;2014;590035200;590799995;DECLA;0;0;0;0;0;0;0;0;0;0;0;1;0;0;0;0;0;0;0;0;0;0;0;0;0;0;0;0;0;0;0;0;0;0;0;0;0;0;0;
FILTRE;2014;590035200;590799995;INIT;0;0;0;0;0;0;0;0;0;0;0;1;0;0;0;;0;0;0;;;;;;;;;;;;;0;0;0;0;0;0;0;0;
FILTRE;2014;590035390;620112581;DECLA;0;0;0;0;0;0;0;0;0;0;0;1;0;0;0;0;0;0;0;0;0;0;0;0;0;0;0;0;0;0;0;0;0;0;0;0;0;0;0;
FILTRE;2014;590035390;620112581;INIT;0;0;0;0;0;0;0;0;0;0;0;1;0;0;0;;0;0;0;;;;;;;;;;;;;0;0;0;0;0;0;0;0;
FILTRE;2014;590035838;590000485;DECLA;0;0;0;0;0;0;0;0;0;0;0;0;0;0;1;0;0;0;0;0;0;0;0;0;0;0;0;0;0;0;1;0;0;0;0;0;0;0;0;
FILTRE;2014;590035838;590000485;INIT;0;0;0;0;0;0;0;0;0;0;0;0;0;0;1;;0;0;0;;;;;;;;;;;;;0;0;0;0;0;0;0;0;
FILTRE;2014;590040267;590782678;DECLA;0;0;0;0;1;0;0;0;0;0;0;0;0;0;0;0;0;0;0;0;0;0;0;1;0;1;0;0;0;0;1;0;0;0;0;0;0;0;0;
FILTRE;2014;590040267;590782678;INIT;0;0;0;1;1;0;0;0;0;0;0;0;0;0;0;;0;0;0;;;;;;;;;;;;;0;0;0;0;0;0;0;0;
FILTRE;2014;590040317;590799995;DECLA;0;0;0;0;0;0;0;0;0;0;0;1;0;0;0;0;0;0;0;0;0;0;0;0;0;0;0;0;0;0;0;0;0;0;0;0;0;0;0;
FILTRE;2014;590040317;590799995;INIT;0;0;0;0;0;0;0;0;0;0;0;1;0;0;0;;0;0;0;;;;;;;;;;;;;0;0;0;0;0;0;0;0;
FILTRE;2014;590040325;590799995;DECLA;0;0;0;0;0;0;0;0;0;0;0;1;0;0;0;0;0;0;0;0;0;0;0;0;0;0;0;0;0;0;0;0;0;0;0;0;0;0;0;
FILTRE;2014;590040325;590799995;INIT;0;0;0;0;0;0;0;0;0;0;0;1;0;0;0;;0;0;0;;;;;;;;;;;;;0;0;0;0;0;0;0;0;
FILTRE;2014;590041471;620112581;DECLA;0;0;0;0;0;0;0;0;0;0;0;1;0;0;0;0;0;0;0;0;0;0;0;0;0;0;0;0;0;0;0;0;0;0;0;0;0;0;0;
FILTRE;2014;590041471;620112581;INIT;0;0;0;0;0;0;0;0;0;0;0;1;0;0;0;;0;0;0;;;;;;;;;;;;;0;0;0;0;0;0;0;0;
FILTRE;2014;590043469;590024469;DECLA;0;0;0;0;0;0;0;0;0;0;0;0;0;0;1;0;0;0;0;0;0;0;0;0;0;0;0;0;0;0;0;0;0;0;0;0;0;0;0;
FILTRE;2014;590043469;590024469;INIT;0;0;0;0;0;0;0;0;0;0;0;0;0;0;1;;0;0;0;;;;;;;;;;;;;0;0;0;0;0;0;0;0;
FILTRE;2014;590044632;590782421;DECLA;0;0;0;0;0;1;0;0;0;0;0;0;0;0;0;1;0;0;0;0;0;0;0;0;0;0;0;0;0;0;1;0;0;0;0;0;0;0;0;
FILTRE;2014;590044632;590782421;INIT;0;0;0;0;0;1;0;0;0;0;0;0;0;0;0;;0;0;0;;;;;;;;;;;;;0;0;0;0;0;0;0;0;
FILTRE;2014;590044640;590799995;DECLA;0;0;0;0;0;0;0;0;0;0;0;1;0;0;0;0;0;0;0;0;0;0;0;0;0;0;0;0;0;0;0;0;0;0;0;0;0;0;0;
FILTRE;2014;590044640;590799995;INIT;0;0;0;0;0;0;0;0;0;0;0;1;0;0;0;;0;0;0;;;;;;;;;;;;;0;0;0;0;0;0;0;0;
FILTRE;2014;590044665;750720575;DECLA;0;0;0;1;0;0;0;0;1;0;0;0;0;0;0;0;0;0;0;0;0;0;0;0;0;0;0;0;0;0;0;0;0;0;0;0;0;0;0;
FILTRE;2014;590044665;750720575;INIT;0;0;0;1;0;0;0;0;1;0;0;0;0;0;0;;0;0;0;;;;;;;;;;;;;0;0;0;0;0;0;0;0;
FILTRE;2014;590045407;590780193;DECLA;0;0;0;0;0;0;0;0;0;0;1;0;0;0;1;1;0;0;0;0;0;0;0;0;0;1;0;0;0;0;1;0;0;0;0;0;0;0;0;
FILTRE;2014;590045407;590780193;INIT;0;0;0;0;0;0;0;0;0;0;0;0;0;0;1;;0;0;0;;;;;;;;;;;;;0;0;0;0;0;0;0;0;
FILTRE;2014;590045514;590799995;DECLA;0;0;0;0;0;0;0;0;0;0;0;1;0;0;0;0;0;0;0;0;0;0;0;0;0;0;0;0;0;0;0;0;0;0;0;0;0;0;0;
FILTRE;2014;590045514;590799995;INIT;0;0;0;0;0;0;0;0;0;0;0;1;0;0;0;;0;0;0;;;;;;;;;;;;;0;0;0;0;0;0;0;0;
FILTRE;2014;590045951;590799995;DECLA;0;0;0;0;0;0;0;0;0;0;0;1;0;0;0;0;0;0;0;0;0;0;0;0;0;0;0;0;0;0;0;0;0;0;0;0;0;0;0;
FILTRE;2014;590045951;590799995;INIT;0;0;0;0;0;0;0;0;0;0;0;1;0;0;0;;0;0;0;;;;;;;;;;;;;0;0;0;0;0;0;0;0;
FILTRE;2014;590046124;590799995;DECLA;0;0;0;0;0;0;0;0;0;0;0;0;0;0;1;0;0;0;0;0;0;0;0;0;0;0;0;0;0;0;0;0;0;0;0;0;0;0;0;
FILTRE;2014;590046124;590799995;INIT;0;0;0;0;0;0;0;0;0;0;0;0;0;0;1;;0;0;0;;;;;;;;;;;;;0;0;0;0;0;0;0;0;
FILTRE;2014;590046538;590781415;DECLA;0;1;1;0;0;0;0;1;0;0;0;0;1;0;0;0;0;0;1;0;0;1;1;0;0;0;0;0;0;0;0;0;0;0;0;0;0;0;0;
FILTRE;2014;590046538;590781415;INIT;1;0;1;0;0;0;1;0;0;0;0;0;1;0;0;;0;0;1;;;;;;;;;;;;;0;0;0;0;0;0;0;0;
FILTRE;2014;590046579;620112581;DECLA;0;0;0;0;0;0;0;0;0;0;0;1;0;0;0;0;0;0;0;0;0;0;0;0;0;0;0;0;0;0;0;0;0;0;0;0;0;0;0;
FILTRE;2014;590046579;620112581;INIT;0;0;0;0;0;0;0;0;0;0;0;1;0;0;0;;0;0;0;;;;;;;;;;;;;0;0;0;0;0;0;0;0;
FILTRE;2014;590046744;590799995;DECLA;0;0;0;0;0;0;0;0;0;0;0;1;0;0;0;0;0;0;0;0;0;0;0;0;0;0;0;0;0;0;0;0;0;0;0;0;0;0;0;
FILTRE;2014;590046744;590799995;INIT;0;0;0;0;0;0;0;0;0;0;0;1;0;0;0;;0;0;0;;;;;;;;;;;;;0;0;0;0;0;0;0;0;
FILTRE;2014;590046751;590799995;DECLA;0;0;0;0;0;0;0;0;0;0;0;1;0;0;0;0;0;0;0;0;0;0;0;0;0;0;0;0;0;0;0;0;0;0;0;0;0;0;0;
FILTRE;2014;590046751;590799995;INIT;0;0;0;0;0;0;0;0;0;0;0;1;0;0;0;;0;0;0;;;;;;;;;;;;;0;0;0;0;0;0;0;0;
FILTRE;2014;590046769;590799995;DECLA;0;0;0;0;0;0;0;0;0;0;0;1;0;0;0;0;0;0;0;0;0;0;0;0;0;0;0;0;0;0;0;0;0;0;0;0;0;0;0;
FILTRE;2014;590046769;590799995;INIT;0;0;0;0;0;0;0;0;0;0;0;1;0;0;0;;0;0;0;;;;;;;;;;;;;0;0;0;0;0;0;0;0;
FILTRE;2014;590047361;590799995;DECLA;0;0;0;0;0;0;0;0;0;0;0;1;0;0;0;0;0;0;0;0;0;0;0;0;0;0;0;0;0;0;0;0;0;0;0;0;0;0;0;
FILTRE;2014;590047361;590799995;INIT;0;0;0;0;0;0;0;0;0;0;0;1;0;0;0;;0;0;0;;;;;;;;;;;;;0;0;0;0;0;0;0;0;
FILTRE;2014;590047718;590780052;DECLA;0;0;0;0;0;0;1;0;0;0;0;0;0;0;0;0;0;0;0;0;0;0;0;0;0;0;0;0;0;0;1;0;0;0;0;0;0;0;0;
FILTRE;2014;590047866;590799995;DECLA;0;0;0;0;0;0;0;0;0;0;0;1;0;0;0;0;0;0;0;0;0;0;0;0;0;0;0;0;0;0;0;0;0;0;0;0;0;0;0;
FILTRE;2014;590047866;590799995;INIT;0;0;0;0;0;0;0;0;0;0;0;1;0;0;0;;0;0;0;;;;;;;;;;;;;0;0;0;0;0;0;0;0;
FILTRE;2014;590047874;590799995;DECLA;0;0;0;0;0;0;0;0;0;0;0;1;0;0;0;0;0;0;0;0;0;0;0;0;0;0;0;0;0;0;0;0;0;0;0;0;0;0;0;
FILTRE;2014;590047874;590799995;INIT;0;0;0;0;0;0;0;0;0;0;0;1;0;0;0;;0;0;0;;;;;;;;;;;;;0;0;0;0;0;0;0;0;
FILTRE;2014;590047957;590008629;DECLA;0;0;0;0;0;0;0;0;0;1;0;0;0;0;0;0;0;0;0;0;0;0;0;0;0;0;0;0;0;0;0;0;0;0;0;0;0;0;0;
FILTRE;2014;590047957;590008629;INIT;0;0;0;0;0;0;0;0;0;1;0;0;0;0;0;;0;0;0;;;;;;;;;;;;;0;0;0;0;0;0;0;0;
FILTRE;2014;590048476;590046785;DECLA;0;0;0;0;0;0;0;0;0;0;1;0;0;0;1;0;0;0;0;0;0;0;0;0;0;0;0;0;0;0;0;0;0;0;0;0;0;0;0;
FILTRE;2014;590048476;590046785;INIT;0;0;0;0;0;0;0;0;0;0;0;0;0;0;1;;0;0;0;;;;;;;;;;;;;0;0;0;0;0;0;0;0;
FILTRE;2014;590049060;810003319;DECLA;0;0;0;1;0;0;0;0;0;0;0;0;0;0;0;0;0;0;0;0;0;0;0;0;0;0;0;0;0;0;0;0;0;0;0;0;0;0;0;
FILTRE;2014;590049060;810003319;INIT;0;0;0;1;0;0;0;0;0;0;0;0;0;0;0;;0;0;0;;;;;;;;;;;;;0;0;0;0;0;0;0;0;
FILTRE;2014;590049565;780020715;DECLA;1;0;0;0;1;0;0;0;0;0;0;0;0;0;0;0;0;0;0;0;0;0;0;1;0;1;0;1;1;1;0;0;0;0;0;0;0;0;0;
FILTRE;2014;590049565;780020715;INIT;1;0;0;0;1;0;1;0;0;0;0;0;0;0;0;;0;0;0;;;;;;;;;;;;;0;0;0;0;0;0;0;0;
FILTRE;2014;590052049;590006268;DECLA;0;0;0;0;0;0;0;0;0;1;0;0;0;0;0;0;0;0;0;1;0;0;0;0;0;0;0;0;0;0;0;0;0;0;0;0;0;0;0;
FILTRE;2014;590052049;590006268;INIT;0;0;0;0;0;0;0;0;0;1;0;0;0;0;0;;0;0;0;;;;;;;;;;;;;0;0;0;0;0;0;0;0;
FILTRE;2014;590052056;590051801;DECLA;1;1;1;0;0;0;1;1;0;0;1;0;0;0;0;0;0;0;1;0;0;0;0;1;0;1;0;0;0;0;0;0;0;1;0;0;0;0;0;
FILTRE;2014;590052056;590051801;INIT;1;1;0;0;0;0;1;1;0;0;1;0;0;0;0;;0;0;1;;;;;;;;;;;;;0;0;1;0;0;0;0;0;
FILTRE;2014;590053955;590053955;DECLA;0;0;0;1;0;0;0;0;1;0;0;0;0;0;0;0;0;0;0;0;0;0;0;0;0;1;0;0;0;0;0;0;0;0;0;0;0;0;0;
FILTRE;2014;590053955;590053955;INIT;0;0;0;1;0;0;0;0;1;0;0;0;0;0;0;;0;0;0;;;;;;;;;;;;;0;0;0;0;0;0;0;0;
FILTRE;2014;590780060;590000022;DECLA;0;1;0;0;0;0;0;1;0;0;0;0;0;0;0;0;0;0;1;0;0;0;0;1;1;1;0;0;0;0;0;0;0;0;0;0;0;0;0;
FILTRE;2014;590780060;590000022;INIT;0;1;0;0;0;0;0;1;0;0;0;0;0;0;0;;0;0;1;;;;;;;;;;;;;0;0;0;0;0;0;0;0;
FILTRE;2014;590780094;590000055;DECLA;1;0;0;0;0;0;1;0;0;0;1;0;0;0;0;0;0;0;0;0;0;0;0;1;1;0;0;0;0;0;0;0;0;0;0;0;0;0;0;
FILTRE;2014;590780094;590000055;INIT;1;0;0;0;0;0;1;0;0;1;1;0;0;0;0;;0;0;0;;;;;;;;;;;;;0;0;0;0;0;0;0;0;
FILTRE;2014;590780128;590000063;DECLA;0;0;0;0;1;0;0;0;0;0;0;0;0;0;0;0;0;0;0;0;0;1;0;1;0;1;0;0;0;0;1;;;;;;;;;
FILTRE;2014;590780128;590000063;INIT;0;0;0;0;1;0;0;0;0;0;0;0;0;0;0;;0;0;0;;;;;;;;;;;;;0;0;0;0;0;0;0;0;
FILTRE;2014;590780250;590053955;DECLA;0;1;0;0;0;0;0;1;0;0;0;0;0;0;0;0;0;0;1;1;0;0;0;0;0;1;0;0;0;0;0;0;0;0;0;0;0;0;0;
FILTRE;2014;590780250;590053955;INIT;0;1;0;0;0;0;0;1;0;0;0;0;0;0;0;;0;0;1;;;;;;;;;;;;;0;0;0;0;0;0;0;0;
FILTRE;2014;590780268;590053955;DECLA;1;1;1;0;0;0;1;1;0;1;1;1;1;0;0;0;0;0;1;1;0;1;0;1;1;1;0;0;0;1;0;1;1;1;1;0;0;0;1;
FILTRE;2014;590780268;590053955;INIT;1;1;1;0;0;0;1;1;0;1;1;1;1;0;0;;0;0;1;;;;;;;;;;;;;1;1;1;1;0;0;0;1;
FILTRE;2014;590780284;590051801;DECLA;1;1;0;0;1;0;1;1;0;0;0;0;0;0;0;0;1;0;1;1;1;1;1;1;1;1;0;1;0;0;0;1;1;1;0;0;0;0;0;
FILTRE;2014;590780284;590051801;INIT;1;1;0;0;1;0;1;1;0;0;0;0;0;0;1;;1;0;1;;;;;;;;;;;;;1;1;1;0;0;0;0;0;
FILTRE;2014;590780342;590053955;DECLA;1;1;0;0;0;0;0;1;0;0;0;0;0;0;0;0;0;0;1;0;0;0;0;0;0;1;0;0;0;0;0;0;0;0;0;0;0;0;0;
FILTRE;2014;590780342;590053955;INIT;1;1;0;0;0;0;1;1;0;0;0;0;0;0;0;;0;0;1;;;;;;;;;;;;;0;0;0;0;0;0;0;0;
FILTRE;2014;590780383;590000204;DECLA;1;1;0;0;1;0;1;1;0;0;1;1;0;0;0;0;0;0;1;0;0;0;0;1;1;1;0;0;0;0;0;1;1;1;0;0;0;0;0;
FILTRE;2014;590780383;590000204;INIT;1;1;0;0;1;0;1;1;0;0;1;1;0;0;0;;0;0;1;;;;;;;;;;;;;1;0;1;0;0;0;0;0;
FILTRE;2014;590781571;590000402;DECLA;0;1;0;0;0;0;0;1;0;0;0;0;0;0;0;0;0;0;1;1;0;0;0;1;0;1;0;0;0;0;0;0;0;0;0;0;0;0;0;
FILTRE;2014;590781571;590000402;INIT;0;1;0;0;0;0;0;1;0;0;0;0;0;0;0;;0;0;1;;;;;;;;;;;;;0;0;0;0;0;0;0;0;
FILTRE;2014;590781951;590053955;DECLA;1;1;0;0;1;0;0;1;0;0;0;0;0;0;0;0;0;0;1;0;0;0;0;0;0;1;0;0;0;0;0;0;1;0;0;0;0;0;0;
FILTRE;2014;590781951;590053955;INIT;1;1;0;0;1;0;1;1;0;0;0;0;0;0;0;;0;0;1;;;;;;;;;;;;;0;0;0;0;0;0;0;0;
FILTRE;2014;590782181;590039863;DECLA;0;0;0;0;1;0;0;0;0;0;0;0;0;0;0;0;0;0;0;0;0;0;0;0;0;1;0;0;0;0;0;0;0;0;0;0;0;0;0;
FILTRE;2014;590782181;590039863;INIT;0;0;0;0;1;0;0;0;0;0;0;0;0;0;0;;0;0;0;;;;;;;;;;;;;0;0;0;0;0;0;0;0;
FILTRE;2014;590782256;590000659;DECLA;1;0;0;0;0;0;1;0;0;0;1;0;0;0;0;0;0;0;0;0;0;0;0;1;1;1;0;0;0;0;0;0;0;0;0;0;0;0;0;
FILTRE;2014;590782256;590000659;INIT;1;0;0;0;0;0;1;0;0;0;1;0;0;0;0;;0;0;0;;;;;;;;;;;;;0;0;0;0;0;0;0;0;
FILTRE;2014;590782280;590004552;DECLA;0;0;0;0;1;0;0;0;0;0;0;0;0;0;0;0;0;0;0;0;0;0;0;1;0;1;0;0;0;0;0;0;0;0;0;0;0;0;0;
FILTRE;2014;590782280;590004552;INIT;0;0;0;0;1;0;0;0;0;0;0;0;0;0;0;;0;0;0;;;;;;;;;;;;;0;0;0;0;0;0;0;0;
FILTRE;2014;590782298;590000675;DECLA;1;1;1;0;1;0;1;1;0;0;0;0;1;0;0;0;0;0;1;0;0;0;0;1;1;1;0;0;0;1;0;0;1;1;0;0;0;0;0;
FILTRE;2014;590782298;590000675;INIT;1;1;1;0;1;0;1;1;0;0;0;0;0;0;0;;0;0;1;;;;;;;;;;;;;0;0;1;0;0;0;0;0;
FILTRE;2014;590782496;590000139;DECLA;1;0;0;0;1;0;1;0;0;0;0;0;0;0;0;0;0;0;0;0;0;0;0;1;0;1;0;0;0;1;0;0;0;0;0;0;0;0;0;
FILTRE;2014;590782496;590000139;INIT;1;0;0;0;1;0;1;0;0;0;0;0;0;0;0;;0;0;0;;;;;;;;;;;;;0;0;0;0;0;0;0;0;
FILTRE;2014;590782546;590000733;DECLA;1;0;0;0;1;0;1;1;0;0;0;0;0;0;0;0;0;0;1;1;0;1;0;1;0;1;0;0;0;1;0;0;0;0;0;0;0;0;0;
FILTRE;2014;590782546;590000733;INIT;1;0;0;0;1;0;1;1;0;0;0;0;0;0;0;;0;0;1;;;;;;;;;;;;;0;0;0;0;0;0;0;0;
FILTRE;2014;590782553;590000741;DECLA;1;1;1;0;0;0;1;1;0;0;1;0;0;0;0;0;0;0;1;1;0;0;0;1;0;0;0;0;0;0;0;1;1;1;0;0;0;0;0;
FILTRE;2014;590782553;590000741;INIT;1;1;1;0;0;0;1;1;0;0;1;0;0;0;0;;0;0;1;;;;;;;;;;;;;1;0;1;0;0;0;0;0;
FILTRE;2014;590782611;750719239;DECLA;0;0;0;0;1;0;0;0;0;0;0;0;0;0;0;0;0;0;0;0;0;0;0;1;0;1;0;0;0;0;0;0;0;0;0;0;0;0;0;
FILTRE;2014;590782611;750719239;INIT;0;0;0;0;1;0;0;0;0;0;0;0;0;0;0;;0;0;0;;;;;;;;;;;;;0;0;0;0;0;0;0;0;
FILTRE;2014;590782694;750034589;DECLA;0;0;0;0;1;0;0;0;0;0;0;0;0;0;0;0;0;0;0;0;0;0;0;0;0;0;0;0;0;1;0;0;0;0;0;0;0;0;0;
FILTRE;2014;590782694;750034589;INIT;0;0;0;0;1;0;0;0;0;0;0;0;0;0;0;;0;0;0;;;;;;;;;;;;;0;0;0;0;0;0;0;0;
FILTRE;2014;590783171;590000980;DECLA;0;0;0;0;1;0;0;0;0;0;0;0;0;0;0;0;0;0;0;0;0;0;0;0;0;0;0;0;0;1;0;0;0;0;0;0;0;0;0;
FILTRE;2014;590783171;590000980;INIT;0;0;0;0;1;0;0;0;0;0;0;0;0;0;0;;0;0;0;;;;;;;;;;;;;0;0;0;0;0;0;0;0;
FILTRE;2014;590783189;590004552;DECLA;0;0;0;0;1;0;0;0;0;0;0;0;0;0;0;0;0;0;0;0;0;0;0;1;0;1;0;1;0;1;0;0;0;0;0;0;0;0;0;
FILTRE;2014;590783189;590004552;INIT;0;0;0;0;1;0;0;0;0;0;0;0;0;0;0;;0;0;0;;;;;;;;;;;;;0;0;0;0;0;0;0;0;
FILTRE;2014;590784484;590001467;DECLA;0;0;0;0;0;0;1;0;0;0;0;1;0;0;0;0;0;0;0;0;0;0;0;1;0;1;0;0;0;0;1;0;0;0;0;0;0;0;0;
FILTRE;2014;590784484;590001467;INIT;1;0;0;0;0;0;1;0;0;0;0;1;0;0;0;;0;0;0;;;;;;;;;;;;;0;0;0;0;0;0;0;0;
FILTRE;2014;590784864;590780193;DECLA;1;1;0;0;0;0;1;1;0;0;1;0;0;0;0;1;0;0;1;1;0;1;0;0;0;1;1;0;0;1;1;0;1;0;0;0;0;0;0;
FILTRE;2014;590784864;590780193;INIT;1;1;0;0;0;0;1;1;0;0;0;0;0;0;0;;1;0;1;;;;;;;;;;;;;0;1;0;0;0;0;0;0;
FILTRE;2014;590784898;590780193;DECLA;0;0;0;0;1;0;0;0;0;0;0;0;0;0;0;0;0;0;0;0;0;0;0;0;0;1;0;0;0;0;1;0;0;0;0;0;0;0;0;
FILTRE;2014;590784898;590780193;INIT;0;0;0;0;1;0;0;0;0;0;0;0;0;0;0;;0;0;0;;;;;;;;;;;;;0;0;0;0;0;0;0;0;
FILTRE;2014;590784914;590799995;DECLA;0;0;0;0;0;0;0;0;0;0;0;1;0;0;0;0;0;0;0;0;0;0;0;1;0;0;0;0;0;0;0;0;0;0;0;0;0;0;0;
FILTRE;2014;590784914;590799995;INIT;0;0;0;0;0;0;0;0;0;0;0;1;0;0;0;;0;0;0;;;;;;;;;;;;;0;0;0;0;0;0;0;0;
FILTRE;2014;590785341;750005068;DECLA;0;0;0;0;0;0;0;0;1;0;0;0;0;0;0;0;0;0;0;0;0;0;0;0;0;0;0;0;0;0;0;0;0;0;0;0;0;0;0;
FILTRE;2014;590785341;750005068;INIT;0;0;0;1;0;0;0;0;1;0;0;0;0;0;0;;0;0;0;;;;;;;;;;;;;0;0;0;0;0;0;0;0;
FILTRE;2014;590785374;620001834;DECLA;1;0;0;0;1;0;1;0;0;0;1;0;0;0;0;1;0;0;0;0;0;1;0;1;0;1;0;0;0;1;0;0;1;0;0;0;0;0;0;
FILTRE;2014;590785374;620001834;INIT;1;1;0;0;1;0;1;1;0;0;1;0;0;0;0;;0;0;1;;;;;;;;;;;;;0;0;0;0;0;0;0;0;
FILTRE;2014;590785424;930019484;DECLA;0;0;0;0;1;0;0;0;0;0;0;0;0;0;0;0;0;0;0;0;0;0;0;1;1;1;0;0;0;0;0;0;0;0;0;0;0;0;0;
FILTRE;2014;590785424;930019484;INIT;0;0;0;0;1;0;0;0;0;0;0;0;0;0;0;;0;0;0;;;;;;;;;;;;;0;0;0;0;0;0;0;0;
FILTRE;2014;590786984;620020859;DECLA;0;0;0;0;1;0;0;0;0;0;0;0;0;0;0;0;0;0;0;0;0;0;0;1;0;1;0;0;0;0;0;0;0;0;0;0;0;0;0;
FILTRE;2014;590787529;590782215;DECLA;0;0;0;1;0;0;0;0;1;0;0;0;0;0;0;0;0;0;0;0;0;0;0;0;0;0;0;0;0;0;0;0;0;0;0;0;0;0;0;
FILTRE;2014;590787529;590782215;INIT;0;0;0;1;0;0;0;0;1;0;0;0;0;0;0;;0;0;0;;;;;;;;;;;;;0;0;0;0;0;0;0;0;
FILTRE;2014;590787586;590780193;DECLA;1;1;0;0;0;0;1;1;0;0;0;0;0;0;0;1;0;0;1;1;0;1;1;0;0;1;1;0;0;0;1;1;1;0;0;0;1;0;1;
FILTRE;2014;590787586;590780193;INIT;1;1;0;0;1;0;1;1;0;0;0;0;0;0;0;;1;0;1;;;;;;;;;;;;;1;1;0;0;0;1;0;1;
FILTRE;2014;590788865;590782421;DECLA;0;0;0;0;1;1;0;0;0;0;0;0;0;0;0;1;0;0;0;0;0;0;0;0;0;0;0;0;0;0;1;0;0;0;0;0;0;0;0;
FILTRE;2014;590788865;590782421;INIT;0;0;0;0;1;1;0;0;0;0;0;0;0;0;0;;0;0;0;;;;;;;;;;;;;0;0;0;0;0;0;0;0;
FILTRE;2014;590788964;590001756;DECLA;1;1;0;0;0;0;1;1;0;0;1;0;0;0;0;0;0;0;1;1;0;0;0;1;1;1;0;0;0;0;0;0;1;1;0;0;0;0;0;
FILTRE;2014;590788964;590001756;INIT;1;1;0;0;0;0;1;1;0;0;1;0;0;0;0;;0;0;1;;;;;;;;;;;;;0;0;1;0;0;0;0;0;
FILTRE;2014;590790473;620020859;DECLA;0;0;0;0;1;0;0;0;0;0;0;0;0;0;0;0;0;0;0;0;0;0;0;1;0;1;0;0;0;1;1;0;0;0;0;0;0;0;0;
FILTRE;2014;590790473;620020859;INIT;0;0;0;0;1;0;0;0;0;0;0;0;0;0;0;;0;0;0;;;;;;;;;;;;;0;0;0;0;0;0;0;0;
FILTRE;2014;590790655;590002218;DECLA;0;1;0;0;0;0;0;1;0;0;0;0;0;0;0;0;0;0;1;0;0;0;0;1;1;1;0;0;0;0;0;0;0;0;0;0;0;0;0;
FILTRE;2014;590790655;590002218;INIT;0;1;0;0;0;0;0;1;0;0;0;0;0;0;0;;0;0;1;;;;;;;;;;;;;0;0;0;0;0;0;0;0;
FILTRE;2014;590791091;590780193;DECLA;1;0;0;0;1;1;0;0;0;0;0;0;0;0;0;1;0;0;0;1;0;0;0;0;0;1;0;1;0;0;1;0;0;0;0;0;0;0;0;
FILTRE;2014;590791091;590780193;INIT;1;0;0;0;1;1;1;0;0;0;0;0;0;0;0;;0;0;0;;;;;;;;;;;;;0;0;0;0;0;0;0;0;
FILTRE;2014;590791109;590002234;DECLA;0;0;0;0;1;0;0;0;0;0;0;0;0;0;0;0;0;0;0;0;0;0;0;0;0;0;0;0;0;0;0;0;0;0;0;0;0;0;0;
FILTRE;2014;590791109;590002234;INIT;0;0;0;0;1;0;0;0;0;0;0;0;0;0;0;;0;0;0;;;;;;;;;;;;;0;0;0;0;0;0;0;0;
FILTRE;2014;590791323;590782637;DECLA;0;0;0;0;1;1;0;0;0;0;0;0;0;0;0;0;0;0;0;0;0;0;0;0;0;0;0;0;0;1;1;0;0;0;0;0;0;0;0;
FILTRE;2014;590791323;590782637;INIT;0;0;0;0;1;1;0;0;0;0;0;0;0;0;0;;0;0;0;;;;;;;;;;;;;0;0;0;0;0;0;0;0;
FILTRE;2014;590791562;590782421;DECLA;1;1;1;0;0;0;1;1;0;0;1;0;1;0;0;1;0;0;1;1;0;0;0;0;0;0;0;0;0;0;1;0;0;1;0;0;0;0;0;
FILTRE;2014;590791562;590782421;INIT;0;1;1;0;0;0;0;0;0;0;0;0;1;0;0;;0;0;1;;;;;;;;;;;;;0;0;1;0;0;0;0;0;
FILTRE;2014;590791729;590781902;DECLA;0;0;0;0;1;0;0;0;0;0;0;0;0;0;0;0;0;0;0;0;0;0;0;0;0;0;0;0;0;0;0;0;0;0;0;0;0;0;0;
FILTRE;2014;590791729;590781902;INIT;0;0;0;0;1;0;0;0;0;0;0;0;0;0;0;;0;0;0;;;;;;;;;;;;;0;0;0;0;0;0;0;0;
FILTRE;2014;590796975;590780193;DECLA;1;1;1;0;0;0;1;1;0;1;1;0;0;0;0;1;1;1;1;1;1;1;1;1;1;1;1;0;1;1;1;0;1;0;1;1;0;1;0;
FILTRE;2014;590796975;590780193;INIT;1;1;0;0;0;0;1;1;0;1;0;0;0;0;0;;1;1;1;;;;;;;;;;;;;0;1;0;1;1;0;1;0;
FILTRE;2014;590797346;620020859;DECLA;0;0;0;0;1;0;0;0;0;0;0;0;0;0;0;0;0;0;0;0;0;0;0;1;0;1;0;0;0;0;0;0;0;0;0;0;0;0;0;
FILTRE;2014;590797353;590051801;DECLA;1;1;1;1;1;0;1;1;1;0;1;0;0;0;0;0;1;0;1;1;1;1;1;1;1;1;0;1;0;0;0;0;0;1;0;0;0;0;0;
FILTRE;2014;590797353;590051801;INIT;1;1;1;1;1;0;1;1;1;0;1;0;0;0;0;;1;0;1;;;;;;;;;;;;;0;0;1;0;0;0;0;0;
FILTRE;2014;590797387;590805628;DECLA;0;0;0;0;1;0;0;0;0;0;0;0;0;0;0;0;0;0;0;0;0;0;0;1;0;1;0;0;0;0;0;0;0;0;0;0;0;0;0;
FILTRE;2014;590797387;590805628;INIT;0;0;0;0;1;0;0;0;0;0;0;0;0;0;0;;0;0;0;;;;;;;;;;;;;0;0;0;0;0;0;0;0;
FILTRE;2014;590801106;590782421;DECLA;1;1;0;0;1;0;1;1;0;0;1;1;0;0;0;1;1;1;1;1;1;1;1;1;1;1;1;1;1;1;1;1;1;1;0;0;0;0;0;
FILTRE;2014;590801106;590782421;INIT;1;1;0;0;1;0;1;1;0;0;1;1;0;0;0;;1;1;1;;;;;;;;;;;;;1;1;1;0;0;0;0;0;
FILTRE;2014;590804696;590781902;DECLA;1;1;1;0;0;1;1;1;0;0;1;1;1;0;0;1;1;1;1;1;1;1;1;1;1;1;0;1;0;1;1;1;1;1;0;0;0;0;0;
FILTRE;2014;590804696;590781902;INIT;1;1;1;0;0;1;1;1;0;0;1;0;1;0;0;;1;1;1;;;;;;;;;;;;;0;1;1;0;0;0;0;0;
FILTRE;2014;590804712;590003281;DECLA;0;0;0;0;0;0;0;0;0;1;0;0;0;0;0;0;0;0;0;1;0;0;0;0;0;0;0;0;0;0;0;0;0;0;0;0;0;0;0;
FILTRE;2014;590804712;590003281;INIT;0;0;0;0;0;0;0;0;0;1;0;0;0;0;0;;0;0;0;;;;;;;;;;;;;0;0;0;0;0;0;0;0;
FILTRE;2014;590806360;590003596;DECLA;1;0;0;0;1;0;1;0;0;0;0;0;0;0;0;0;0;0;0;1;0;0;0;1;0;1;0;0;0;0;0;0;0;0;0;0;0;0;0;
FILTRE;2014;590806360;590003596;INIT;1;0;0;0;1;0;1;0;0;0;0;0;0;0;0;;0;0;0;;;;;;;;;;;;;0;0;0;0;0;0;0;0;
FILTRE;2014;590806428;620112581;DECLA;0;0;0;0;0;0;0;0;0;0;0;1;0;0;0;0;0;0;0;0;0;0;0;0;0;0;0;0;0;0;0;0;0;0;0;0;0;0;0;
FILTRE;2014;590806428;620112581;INIT;0;0;0;0;0;0;0;0;0;0;0;1;0;0;0;;0;0;0;;;;;;;;;;;;;0;0;0;0;0;0;0;0;
FILTRE;2014;590809703;590004552;DECLA;0;0;0;0;1;0;0;0;0;0;0;0;0;0;0;0;0;0;0;0;0;0;0;1;0;1;0;1;0;1;0;0;0;0;0;0;0;0;0;
FILTRE;2014;590809703;590004552;INIT;0;0;0;0;1;0;0;0;0;0;0;0;0;0;0;;0;0;0;;;;;;;;;;;;;0;0;0;0;0;0;0;0;
FILTRE;2014;590810099;620112581;DECLA;0;0;0;0;0;0;0;0;0;0;0;1;0;0;0;0;0;0;0;0;0;0;0;0;0;0;0;0;0;0;0;0;0;0;0;0;0;0;0;
FILTRE;2014;590810099;620112581;INIT;0;0;0;0;0;0;0;0;0;0;0;1;0;0;0;;0;0;0;;;;;;;;;;;;;0;0;0;0;0;0;0;0;
FILTRE;2014;590810784;590004685;DECLA;0;0;0;0;1;0;0;0;0;0;0;0;0;0;0;1;0;0;0;0;0;0;0;1;0;1;0;0;0;1;0;0;0;0;0;0;0;0;0;
FILTRE;2014;590810784;590004685;INIT;0;0;0;0;1;0;0;0;0;0;0;0;0;0;0;;0;0;0;;;;;;;;;;;;;0;0;0;0;0;0;0;0;
FILTRE;2014;590811006;590001467;DECLA;0;0;0;0;0;0;1;0;0;0;0;1;0;0;0;0;0;0;0;0;0;0;0;0;0;0;0;0;0;0;1;0;0;0;0;0;0;0;0;
FILTRE;2014;590811006;590001467;INIT;0;0;0;0;0;0;0;0;0;0;0;1;0;0;0;;0;0;0;;;;;;;;;;;;;0;0;0;0;0;0;0;0;
FILTRE;2014;590811279;590780193;DECLA;1;1;0;0;0;0;1;1;0;0;1;1;0;1;0;1;0;0;1;1;0;1;1;0;0;1;0;0;1;0;1;0;1;0;0;0;1;0;0;
FILTRE;2014;590811279;590780193;INIT;1;1;0;0;0;0;1;1;0;0;1;1;1;0;0;;1;0;1;;;;;;;;;;;;;0;1;0;0;0;1;0;0;
FILTRE;2014;590812186;590782421;DECLA;1;0;0;0;0;1;1;0;0;0;0;0;0;0;0;0;0;0;0;0;0;0;0;0;0;0;0;0;0;0;1;0;0;0;0;0;0;0;0;
FILTRE;2014;590812186;590782421;INIT;1;0;0;0;1;1;1;0;0;0;0;0;0;0;0;;0;0;0;;;;;;;;;;;;;0;0;0;0;0;0;0;0;
FILTRE;2014;590812509;590799995;DECLA;0;0;0;0;0;0;0;0;0;0;0;0;0;0;1;0;0;0;0;0;0;0;0;0;0;0;0;0;0;0;0;0;0;0;0;0;0;0;0;
FILTRE;2014;590812509;590799995;INIT;0;0;0;0;0;0;0;0;0;0;0;0;0;0;1;;0;0;0;;;;;;;;;;;;;0;0;0;0;0;0;0;0;
FILTRE;2014;590812749;590782215;DECLA;0;0;0;0;0;1;0;0;0;0;0;0;0;0;0;0;0;0;0;0;0;0;0;0;0;0;0;0;0;0;1;0;0;0;0;0;0;0;0;
FILTRE;2014;590812749;590782215;INIT;0;0;0;0;0;1;0;0;0;0;0;0;0;0;0;;0;0;0;;;;;;;;;;;;;0;0;0;0;0;0;0;0;
FILTRE;2014;590813176;590005278;DECLA;0;1;0;0;0;0;0;1;0;0;0;0;0;0;0;0;0;0;1;0;0;1;0;1;0;1;0;0;0;0;0;0;0;1;0;0;0;0;0;
FILTRE;2014;590813176;590005278;INIT;0;1;0;0;0;0;0;1;0;0;0;0;0;0;0;;0;0;1;;;;;;;;;;;;;0;0;1;0;0;0;0;0;
FILTRE;2014;590813341;590799995;DECLA;0;0;0;0;0;0;0;0;0;0;0;1;0;0;0;0;0;0;0;0;0;0;0;0;0;0;0;0;0;0;0;0;0;0;0;0;0;0;0;
FILTRE;2014;590813341;590799995;INIT;0;0;0;0;0;0;0;0;0;0;0;1;0;0;0;;0;0;0;;;;;;;;;;;;;0;0;0;0;0;0;0;0;
FILTRE;2014;590813382;590000386;DECLA;1;1;1;0;0;0;1;1;0;0;0;0;0;0;0;0;0;0;1;0;0;0;0;1;1;1;0;0;0;0;0;0;1;1;0;0;0;0;0;
FILTRE;2014;590813382;590000386;INIT;1;1;1;0;0;0;1;1;0;0;0;0;0;0;0;;0;0;1;;;;;;;;;;;;;0;0;1;0;0;0;0;0;
FILTRE;2014;590813507;590000485;DECLA;1;1;1;0;1;0;0;1;0;0;0;0;1;0;0;0;0;0;1;1;1;1;0;1;1;1;0;0;0;0;1;0;0;1;0;0;0;0;0;
FILTRE;2014;590813507;590000485;INIT;1;1;1;0;1;0;1;1;0;0;0;0;1;0;0;;0;0;1;;;;;;;;;;;;;0;0;1;0;0;0;0;0;
FILTRE;2014;590813747;590001467;DECLA;0;0;0;0;0;0;1;0;0;0;0;1;0;0;0;0;0;0;0;0;0;0;0;0;0;0;0;0;0;0;1;0;0;0;0;0;0;0;0;
FILTRE;2014;590813747;590001467;INIT;0;0;0;0;0;0;0;0;0;0;0;1;0;0;0;;0;0;0;;;;;;;;;;;;;0;0;0;0;0;0;0;0;
FILTRE;2014;590815007;620112581;DECLA;0;0;0;0;0;0;0;0;0;0;0;1;0;0;0;0;0;0;0;0;0;0;0;0;0;0;0;0;0;0;0;0;0;0;0;0;0;0;0;
FILTRE;2014;590815007;620112581;INIT;0;0;0;0;0;0;0;0;0;0;0;1;0;0;0;;0;0;0;;;;;;;;;;;;;0;0;0;0;0;0;0;0;
FILTRE;2014;590815056;590005492;DECLA;1;1;0;0;1;0;0;1;0;0;1;0;0;0;0;0;0;0;1;0;0;0;0;1;1;1;0;0;0;0;0;0;1;1;0;0;0;0;0;
FILTRE;2014;590815056;590005492;INIT;0;1;0;0;1;0;0;1;0;0;1;0;0;0;0;;0;0;1;;;;;;;;;;;;;0;0;1;0;0;0;0;0;
FILTRE;2014;590816310;590000048;DECLA;1;1;1;0;0;0;1;1;0;0;0;0;0;0;0;0;1;0;1;1;0;1;0;1;1;1;1;0;0;0;0;0;1;1;0;0;0;0;0;
FILTRE;2014;590816310;590000048;INIT;1;1;1;0;0;0;1;1;0;0;0;0;0;0;0;;1;0;1;;;;;;;;;;;;;0;0;1;0;0;0;0;0;
FILTRE;2014;590816427;590781829;DECLA;0;0;0;1;0;0;0;0;1;0;0;0;0;0;0;0;0;0;0;0;0;0;0;1;0;0;0;0;0;0;0;0;0;0;0;0;0;0;0;
FILTRE;2014;590816427;590781829;INIT;0;0;0;1;0;0;0;0;1;0;0;0;0;0;0;;0;0;0;;;;;;;;;;;;;0;0;0;0;0;0;0;0;
FILTRE;2014;590817441;620003814;DECLA;0;0;0;0;1;0;0;0;0;0;0;0;0;0;0;0;0;0;0;0;0;0;0;1;0;0;0;0;0;0;0;0;0;0;0;0;0;0;0;
FILTRE;2014;590817441;620003814;INIT;0;0;0;0;1;0;0;0;0;0;0;0;0;0;0;;0;0;0;;;;;;;;;;;;;0;0;0;0;0;0;0;0;
FILTRE;2014;590817458;590053955;DECLA;0;1;0;0;0;0;0;1;0;0;1;0;0;0;0;0;0;0;1;1;0;0;0;0;0;1;0;0;0;0;0;0;1;1;0;0;0;0;0;
FILTRE;2014;590817458;590053955;INIT;0;1;0;0;0;0;0;1;0;0;1;0;0;0;0;;0;0;1;;;;;;;;;;;;;0;0;1;0;0;0;0;0;
FILTRE;2014;590817839;590053955;DECLA;1;1;1;0;1;0;0;1;0;0;0;0;0;0;0;0;0;0;1;1;0;0;0;0;0;1;0;0;0;0;0;0;0;0;0;0;0;0;0;
FILTRE;2014;590817839;590053955;INIT;1;1;1;0;1;0;1;1;0;0;0;0;0;0;0;;0;0;1;;;;;;;;;;;;;0;0;0;0;0;0;0;0;
FILTRE;2014;600000012;600100028;DECLA;0;0;0;1;0;0;0;0;1;0;0;0;0;0;0;0;0;0;0;0;1;0;0;1;1;1;0;0;0;0;1;0;0;0;0;0;0;0;0;
FILTRE;2014;600000012;600100028;INIT;0;0;0;1;0;0;0;0;1;0;0;0;0;0;0;;0;0;0;;;;;;;;;;;;;0;0;0;0;0;0;0;0;
FILTRE;2014;600000020;600100085;DECLA;0;0;0;0;1;1;0;0;0;0;0;0;0;0;0;0;0;0;0;0;0;0;0;1;0;1;0;0;0;1;1;0;0;0;0;0;0;0;0;
FILTRE;2014;600000020;600100085;INIT;1;0;0;0;1;1;1;0;0;0;0;0;0;0;0;;0;0;0;;;;;;;;;;;;;0;0;0;0;0;0;0;0;
FILTRE;2014;600000046;600100127;DECLA;0;0;0;0;1;1;0;0;0;0;0;0;0;0;0;0;0;0;0;0;0;0;0;1;0;0;0;0;0;0;0;0;0;0;0;0;0;0;0;
FILTRE;2014;600000046;600100127;INIT;1;0;0;0;1;1;1;0;0;0;0;0;0;0;0;;0;0;0;;;;;;;;;;;;;0;0;0;0;0;0;0;0;
FILTRE;2014;600000053;600101984;DECLA;1;1;1;0;1;1;1;1;0;0;1;0;1;0;0;0;1;1;1;1;1;1;1;1;1;1;0;1;1;1;1;0;1;1;0;0;0;0;0;
FILTRE;2014;600000053;600101984;INIT;1;1;1;0;1;1;1;1;0;0;1;0;1;0;0;;1;1;1;;;;;;;;;;;;;0;1;1;0;0;0;0;0;
FILTRE;2014;600000152;600100572;DECLA;1;0;0;0;1;1;1;0;0;0;0;0;0;0;0;0;0;0;0;1;0;0;0;1;0;1;1;0;0;1;0;0;0;0;0;0;0;0;0;
FILTRE;2014;600000152;600100572;INIT;1;0;0;0;1;1;1;0;0;0;0;0;0;0;0;;0;0;0;;;;;;;;;;;;;0;0;0;0;0;0;0;0;
FILTRE;2014;600000186;600100648;DECLA;1;1;1;0;1;1;1;1;0;0;0;0;1;0;0;0;1;1;1;1;0;0;0;1;0;1;1;0;0;1;1;0;0;0;0;0;0;0;0;
FILTRE;2014;600000186;600100648;INIT;1;1;1;0;1;1;1;1;0;0;0;0;1;0;0;;1;1;1;;;;;;;;;;;;;0;0;0;0;0;0;0;0;
FILTRE;2014;600000194;600100713;DECLA;1;1;1;0;1;0;1;1;0;1;1;1;1;0;1;1;1;1;1;1;1;1;1;1;1;1;1;1;1;1;1;0;1;1;0;0;0;0;0;
FILTRE;2014;600000194;600100713;INIT;1;1;1;0;1;0;1;1;0;1;1;1;1;0;1;;1;1;1;;;;;;;;;;;;;0;1;1;0;0;0;0;0;
FILTRE;2014;600000285;600100721;DECLA;1;1;1;0;1;1;1;1;0;0;0;0;1;1;0;1;1;1;1;1;1;1;1;0;0;0;1;0;0;1;0;0;0;0;0;0;0;0;0;
FILTRE;2014;600000285;600100721;INIT;1;1;0;0;1;1;1;1;0;0;0;0;1;0;0;;1;1;1;;;;;;;;;;;;;0;0;0;0;0;0;0;0;
FILTRE;2014;600000467;600101984;DECLA;1;1;1;0;0;0;1;1;0;0;1;1;1;0;0;0;1;1;1;1;1;1;1;1;1;1;0;1;1;1;1;1;1;1;0;0;0;0;0;
FILTRE;2014;600000467;600101984;INIT;1;1;1;0;0;0;1;1;0;0;1;1;1;0;0;;1;1;1;;;;;;;;;;;;;1;1;1;0;0;0;0;0;
FILTRE;2014;600001184;600108948;DECLA;0;0;0;0;0;1;0;0;0;0;0;0;0;0;0;0;0;0;0;0;0;0;0;1;0;0;0;0;0;0;0;0;0;0;0;0;0;0;0;
FILTRE;2014;600001184;600108948;INIT;0;0;0;0;0;1;0;0;0;0;0;0;0;0;0;;0;0;0;;;;;;;;;;;;;0;0;0;0;0;0;0;0;
FILTRE;2014;600002067;590799995;DECLA;0;0;0;0;0;0;0;0;0;0;0;1;0;0;0;0;0;0;0;0;0;0;0;0;0;0;0;0;0;0;0;0;0;0;0;0;0;0;0;
FILTRE;2014;600002067;590799995;INIT;0;0;0;0;0;0;0;0;0;0;0;1;0;0;0;;0;0;0;;;;;;;;;;;;;0;0;0;0;0;0;0;0;
FILTRE;2014;600002158;600002109;DECLA;0;0;0;0;0;0;0;0;0;1;0;0;0;0;0;0;0;0;0;0;0;0;0;0;0;0;0;0;0;0;0;0;0;0;0;0;0;0;0;
FILTRE;2014;600002158;600002109;INIT;0;0;0;0;0;0;0;0;0;1;0;0;0;0;0;;0;0;0;;;;;;;;;;;;;0;0;0;0;0;0;0;0;
FILTRE;2014;600003008;600113278;DECLA;0;0;0;0;0;0;0;0;0;0;0;0;0;0;1;0;0;0;0;0;0;0;0;0;0;0;0;0;0;0;0;0;0;0;0;0;0;0;0;
FILTRE;2014;600003008;600113278;INIT;0;0;0;0;0;0;0;0;0;0;0;0;0;0;1;;0;0;0;;;;;;;;;;;;;0;0;0;0;0;0;0;0;
FILTRE;2014;600008643;600008635;DECLA;0;1;0;0;0;0;0;1;0;0;0;0;0;0;0;0;0;0;1;0;0;0;0;0;0;1;0;0;0;0;0;0;0;0;0;0;0;0;0;
FILTRE;2014;600008643;600008635;INIT;0;0;0;0;0;0;0;1;0;0;0;0;0;0;0;;0;0;1;;;;;;;;;;;;;0;0;0;0;0;0;0;0;
FILTRE;2014;600008734;590799995;DECLA;0;0;0;0;0;0;0;0;0;0;0;1;0;0;0;0;0;0;0;0;0;0;0;0;0;0;0;0;0;0;0;0;0;0;0;0;0;0;0;
FILTRE;2014;600008734;590799995;INIT;0;0;0;0;0;0;0;0;0;0;0;1;0;0;0;;0;0;0;;;;;;;;;;;;;0;0;0;0;0;0;0;0;
FILTRE;2014;600009054;600000798;DECLA;0;0;0;1;0;0;0;0;0;0;0;0;0;0;0;0;0;0;0;0;0;0;0;0;0;0;0;0;0;0;0;0;0;0;0;0;0;0;0;
FILTRE;2014;600009054;600000798;INIT;0;0;0;1;0;0;0;0;0;0;0;0;0;0;0;;0;0;0;;;;;;;;;;;;;0;0;0;0;0;0;0;0;
FILTRE;2014;600010094;600100580;DECLA;0;0;0;0;1;0;0;0;0;0;0;0;0;0;0;0;0;0;0;0;0;0;0;1;0;0;0;1;0;0;1;0;0;0;0;0;0;0;0;
FILTRE;2014;600010094;600100580;INIT;0;0;0;0;1;0;0;0;0;0;0;0;0;0;0;;0;0;0;;;;;;;;;;;;;0;0;0;0;0;0;0;0;
FILTRE;2014;600010102;600100721;DECLA;0;0;0;0;0;0;0;0;0;0;0;0;0;0;1;0;0;0;0;0;0;0;0;0;0;0;0;0;0;0;0;0;0;0;0;0;0;0;0;
FILTRE;2014;600010102;600100721;INIT;0;0;0;0;0;0;0;0;0;0;0;0;0;0;1;;0;0;0;;;;;;;;;;;;;0;0;0;0;0;0;0;0;
FILTRE;2014;600010862;600010854;DECLA;0;1;0;0;0;0;0;1;0;0;0;0;0;0;0;0;0;0;1;0;0;1;1;1;1;1;0;0;0;0;0;0;0;0;0;0;0;0;0;
FILTRE;2014;600010862;600010854;INIT;0;1;0;0;0;0;0;1;0;0;0;0;0;0;0;;0;0;1;;;;;;;;;;;;;0;0;0;0;0;0;0;0;
FILTRE;2014;600011183;600011175;DECLA;1;0;0;0;0;0;1;0;0;1;0;0;0;0;0;0;0;0;0;0;0;0;0;0;0;0;0;0;0;0;0;0;0;0;0;0;0;0;0;
FILTRE;2014;600011183;600011175;INIT;0;0;0;0;0;0;0;0;0;1;0;0;0;0;0;;0;0;0;;;;;;;;;;;;;0;0;0;0;0;0;0;0;
FILTRE;2014;600012330;600011175;DECLA;0;0;0;0;0;0;0;0;0;1;0;0;0;0;0;0;0;0;0;0;0;0;0;0;0;0;0;0;0;0;0;0;0;0;0;0;0;0;0;
FILTRE;2014;600012330;600011175;INIT;0;0;0;0;0;0;0;0;0;1;0;0;0;0;0;;0;0;0;;;;;;;;;;;;;0;0;0;0;0;0;0;0;
FILTRE;2014;600100101;750712184;DECLA;1;0;0;0;1;1;1;0;0;0;0;0;0;0;0;0;0;0;0;1;0;0;0;1;1;1;1;1;0;1;1;0;0;0;0;0;0;0;0;
FILTRE;2014;600100101;750712184;INIT;1;0;0;0;1;1;1;0;0;0;0;0;0;0;0;;0;0;0;;;;;;;;;;;;;0;0;0;0;0;0;0;0;
FILTRE;2014;600100168;600106629;DECLA;1;1;0;0;0;0;1;1;0;0;1;0;0;0;0;0;0;0;1;1;0;1;1;1;1;1;0;0;0;1;0;0;1;1;0;0;0;0;0;
FILTRE;2014;600100168;600106629;INIT;1;1;0;0;0;0;1;1;0;0;1;0;0;0;0;;0;0;1;;;;;;;;;;;;;0;0;1;0;0;0;0;0;
FILTRE;2014;600100176;600010581;DECLA;1;0;0;0;0;0;1;0;0;0;0;0;0;0;0;0;0;0;0;0;0;0;1;1;0;1;0;0;0;0;0;0;0;0;0;0;0;0;0;
FILTRE;2014;600100176;600010581;INIT;0;1;0;0;0;0;0;0;0;0;0;0;0;0;0;;0;0;1;;;;;;;;;;;;;0;0;0;0;0;0;0;0;
FILTRE;2014;600100184;600010276;DECLA;1;0;0;0;1;0;0;0;0;0;0;0;0;0;0;0;0;0;0;0;0;0;0;1;0;1;0;0;0;1;0;0;0;0;0;0;0;0;0;
FILTRE;2014;600100184;600010276;INIT;1;0;0;0;1;0;1;0;0;0;0;0;0;0;0;;0;0;0;;;;;;;;;;;;;0;0;0;0;0;0;0;0;
FILTRE;2014;600100275;600000111;DECLA;0;0;0;0;1;0;0;0;0;0;0;0;0;0;0;0;0;0;0;0;0;0;0;1;0;1;0;1;0;1;1;0;0;0;0;0;0;0;0;
FILTRE;2014;600100275;600000111;INIT;0;0;0;0;1;0;0;0;0;0;0;0;0;0;0;;0;0;0;;;;;;;;;;;;;0;0;0;0;0;0;0;0;
FILTRE;2014;600100283;750710428;DECLA;0;0;0;0;1;0;0;0;0;0;0;0;0;0;0;0;0;0;0;0;0;0;0;1;0;1;0;0;0;0;0;0;0;0;0;0;0;0;0;
FILTRE;2014;600100283;750710428;INIT;0;0;0;0;1;0;0;0;0;0;0;0;0;0;0;;0;0;0;;;;;;;;;;;;;0;0;0;0;0;0;0;0;
FILTRE;2014;600100291;750052144;DECLA;0;0;0;0;1;0;0;0;0;0;0;0;0;0;0;0;0;0;0;0;0;0;0;0;0;0;0;0;0;0;0;0;0;0;0;0;0;0;0;
FILTRE;2014;600100291;750052144;INIT;0;0;0;0;1;0;0;0;0;0;0;0;0;0;0;;0;0;0;;;;;;;;;;;;;0;0;0;0;0;0;0;0;
FILTRE;2014;600100309;750721334;DECLA;0;0;0;0;1;0;0;0;0;0;0;0;0;0;0;0;0;0;0;0;0;0;0;1;0;1;0;0;0;0;0;0;0;0;0;0;0;0;0;
FILTRE;2014;600100309;750721334;INIT;0;0;0;0;1;0;0;0;0;0;0;0;0;0;0;;0;0;0;;;;;;;;;;;;;0;0;0;0;0;0;0;0;
FILTRE;2014;600100671;750034589;DECLA;0;0;0;0;1;0;0;0;0;0;0;0;0;0;0;1;0;0;0;1;0;0;0;1;0;1;0;0;0;0;0;0;0;0;0;0;0;0;0;
FILTRE;2014;600100671;750034589;INIT;0;0;0;0;1;0;0;0;0;0;0;0;0;0;0;;0;0;0;;;;;;;;;;;;;0;0;0;0;0;0;0;0;
FILTRE;2014;600100754;600000228;DECLA;1;1;1;0;1;0;1;1;0;0;1;1;0;0;0;0;1;0;1;1;0;1;0;1;1;1;1;1;0;1;1;0;1;1;0;0;0;0;0;
FILTRE;2014;600100754;600000228;INIT;1;1;1;0;1;0;1;1;0;0;1;1;0;0;0;;1;0;1;;;;;;;;;;;;;0;0;1;0;0;0;0;0;
FILTRE;2014;600100770;600000244;DECLA;0;0;0;0;1;0;0;0;0;0;0;0;0;0;0;0;0;0;0;0;0;0;0;0;0;0;0;0;0;0;0;0;0;0;0;0;0;0;0;
FILTRE;2014;600100770;600000244;INIT;0;0;0;0;1;0;0;0;0;0;0;0;0;0;0;;0;0;0;;;;;;;;;;;;;0;0;0;0;0;0;0;0;
FILTRE;2014;600100796;750720609;DECLA;0;0;0;0;1;0;0;0;0;0;0;0;0;0;0;0;0;0;0;1;0;0;0;1;0;1;0;0;0;0;0;0;0;0;0;0;0;0;0;
FILTRE;2014;600100796;750720609;INIT;0;0;0;0;1;0;0;0;0;0;0;0;0;0;0;;0;0;0;;;;;;;;;;;;;0;0;0;0;0;0;0;0;
FILTRE;2014;600100861;440052041;DECLA;0;0;0;0;1;0;0;0;0;0;0;0;0;0;0;0;0;0;0;0;0;0;0;1;0;1;1;0;0;0;0;0;0;0;0;0;0;0;0;
FILTRE;2014;600101679;590039863;DECLA;0;0;0;0;1;0;0;0;0;0;0;0;0;0;0;0;0;0;0;0;0;0;0;1;0;1;0;0;0;0;1;0;0;0;0;0;0;0;0;
FILTRE;2014;600101679;590039863;INIT;0;0;0;0;1;0;0;0;0;0;0;0;0;0;0;;0;0;0;;;;;;;;;;;;;0;0;0;0;0;0;0;0;
FILTRE;2014;600101687;600010037;DECLA;0;0;0;0;1;0;0;0;0;0;0;0;0;0;0;0;0;0;0;0;0;0;0;1;0;1;0;0;0;0;0;0;0;0;0;0;0;0;0;
FILTRE;2014;600101687;600010037;INIT;0;0;0;0;1;0;0;0;0;0;0;0;0;0;0;;0;0;0;;;;;;;;;;;;;0;0;0;0;0;0;0;0;
FILTRE;2014;600101943;750720609;DECLA;0;0;0;0;1;0;0;0;0;0;0;0;0;0;0;0;0;0;0;0;0;0;0;1;0;1;0;0;0;0;0;0;0;0;0;0;0;0;0;
FILTRE;2014;600101943;750720609;INIT;0;0;0;0;1;0;0;0;0;0;0;0;0;0;0;;0;0;0;;;;;;;;;;;;;0;0;0;0;0;0;0;0;
FILTRE;2014;600105381;600106611;DECLA;0;0;0;0;0;1;0;0;0;0;0;0;0;0;0;0;0;0;0;0;0;0;0;1;1;0;0;0;0;0;0;0;0;0;0;0;0;0;0;
FILTRE;2014;600105381;600106611;INIT;0;0;0;0;0;1;0;0;0;0;0;0;0;0;0;;0;0;0;;;;;;;;;;;;;0;0;0;0;0;0;0;0;
FILTRE;2014;600107049;600107049;DECLA;0;0;0;1;0;0;0;0;1;0;0;0;0;0;0;0;0;0;0;0;0;0;0;0;0;0;0;0;0;0;1;0;0;0;0;0;0;0;0;
FILTRE;2014;600107049;600107049;INIT;0;0;0;0;0;0;0;0;1;0;0;0;0;0;0;;0;0;0;;;;;;;;;;;;;0;0;0;0;0;0;0;0;
FILTRE;2014;600107494;600100713;DECLA;0;0;0;0;0;1;0;0;0;0;0;0;0;0;0;1;0;0;0;0;0;0;0;0;0;0;0;0;0;0;1;0;0;0;0;0;0;0;0;
FILTRE;2014;600107494;600100713;INIT;0;0;0;0;0;1;0;0;0;0;0;0;0;0;0;;0;0;0;;;;;;;;;;;;;0;0;0;0;0;0;0;0;
FILTRE;2014;600107668;600100721;DECLA;0;0;0;0;0;1;0;0;0;0;0;0;0;0;0;0;0;0;0;0;0;0;0;0;0;0;0;0;0;0;0;0;0;0;0;0;0;0;0;
FILTRE;2014;600107668;600100721;INIT;0;0;0;0;0;1;0;0;0;0;0;0;0;0;0;;0;0;0;;;;;;;;;;;;;0;0;0;0;0;0;0;0;
FILTRE;2014;600109748;590799995;DECLA;0;0;0;0;0;0;0;0;0;0;0;1;0;0;0;0;0;0;0;0;0;0;0;0;0;0;0;0;0;0;0;0;0;0;0;0;0;0;0;
FILTRE;2014;600109748;590799995;INIT;0;0;0;0;0;0;0;0;0;0;0;1;0;0;0;;0;0;0;;;;;;;;;;;;;0;0;0;0;0;0;0;0;
FILTRE;2014;600110175;600001234;DECLA;0;1;0;0;0;0;0;1;0;0;0;0;0;0;0;0;0;0;1;1;0;0;0;1;1;1;0;0;0;0;0;0;1;1;0;0;0;0;0;
FILTRE;2014;600110175;600001234;INIT;1;1;0;0;0;0;1;1;0;0;0;0;0;0;0;;0;0;1;;;;;;;;;;;;;0;0;1;0;0;0;0;0;
FILTRE;2014;600110399;600010201;DECLA;0;0;0;0;0;0;0;0;0;0;0;1;0;0;0;0;0;0;0;0;0;0;0;0;0;0;0;0;0;0;0;0;0;0;0;0;0;0;0;
FILTRE;2014;600110399;600010201;INIT;0;0;0;0;0;0;0;0;0;0;0;1;0;0;0;;0;0;0;;;;;;;;;;;;;0;0;0;0;0;0;0;0;
FILTRE;2014;600111124;600106611;DECLA;0;0;0;0;1;0;0;0;0;0;0;0;0;0;0;0;0;0;0;0;0;0;0;1;1;0;0;0;0;0;0;0;0;0;0;0;0;0;0;
FILTRE;2014;600111124;600106611;INIT;0;0;0;0;1;0;0;0;0;0;0;0;0;0;0;;0;0;0;;;;;;;;;;;;;0;0;0;0;0;0;0;0;
FILTRE;2014;600112460;600010201;DECLA;0;0;0;0;0;0;0;0;0;0;0;1;0;0;0;0;0;0;0;0;0;0;0;0;0;0;0;0;0;0;0;0;0;0;0;0;0;0;0;
FILTRE;2014;600112460;600010201;INIT;0;0;0;0;0;0;0;0;0;0;0;1;0;0;0;;0;0;0;;;;;;;;;;;;;0;0;0;0;0;0;0;0;
FILTRE;2014;600113476;600100721;DECLA;1;1;1;0;1;0;1;1;0;0;1;0;1;0;0;1;1;1;1;1;1;1;1;1;1;1;1;1;1;1;0;1;1;1;0;0;0;0;0;
FILTRE;2014;600113476;600100721;INIT;1;1;1;0;1;0;1;1;0;0;1;0;1;0;0;;1;1;1;;;;;;;;;;;;;1;1;1;0;0;0;0;0;
FILTRE;2014;610000028;610780025;DECLA;0;0;0;1;0;0;0;0;1;0;0;0;0;0;0;0;0;0;0;0;0;0;0;1;1;1;0;0;0;0;1;0;0;0;0;0;0;0;0;
FILTRE;2014;610000028;610780025;INIT;0;0;0;1;0;0;0;0;1;0;0;0;0;0;0;;0;0;0;;;;;;;;;;;;;0;0;0;0;0;0;0;0;
FILTRE;2014;610000044;610780074;DECLA;1;1;1;0;1;1;1;1;0;0;0;0;1;0;0;0;1;1;1;1;0;1;1;1;1;1;1;1;0;1;1;0;1;0;0;0;0;0;0;
FILTRE;2014;610000044;610780074;INIT;1;1;1;1;1;1;1;0;1;0;0;0;1;0;0;;1;1;1;;;;;;;;;;;;;0;0;0;0;0;0;0;0;
FILTRE;2014;610000051;610780082;DECLA;1;1;1;0;1;0;1;1;0;0;1;1;1;1;0;1;1;1;1;1;1;1;1;1;1;1;1;1;1;1;1;1;1;0;0;0;0;0;0;
FILTRE;2014;610000051;610780082;INIT;1;1;1;0;1;0;1;1;0;0;1;1;1;0;0;;1;1;1;;;;;;;;;;;;;0;1;1;0;0;0;0;0;
FILTRE;2014;610000069;610780090;DECLA;1;1;1;0;1;0;1;1;0;0;1;0;1;0;0;0;1;1;1;1;0;1;0;1;1;1;1;1;1;1;1;0;1;1;0;0;0;0;0;
FILTRE;2014;610000069;610780090;INIT;1;1;1;0;1;0;1;1;0;0;1;0;1;0;0;;1;1;1;;;;;;;;;;;;;0;0;1;0;0;0;0;0;
FILTRE;2014;610000077;610780124;DECLA;1;0;0;0;1;0;1;0;0;0;0;0;0;0;0;0;1;1;0;1;0;1;0;1;0;1;1;0;0;1;1;0;0;0;0;0;0;0;0;
FILTRE;2014;610000077;610780124;INIT;1;0;0;0;1;0;1;0;0;0;0;0;0;0;0;;1;1;0;;;;;;;;;;;;;0;0;0;0;0;0;0;0;
FILTRE;2014;610000085;610780132;DECLA;0;0;0;0;1;0;0;0;0;0;0;0;0;0;0;0;0;0;0;0;0;0;0;1;0;1;0;0;0;1;1;0;0;0;0;0;0;0;0;
FILTRE;2014;610000085;610780132;INIT;0;0;0;0;1;0;0;0;0;0;0;0;0;0;0;;0;0;0;;;;;;;;;;;;;0;0;0;0;0;0;0;0;
FILTRE;2014;610000093;610780140;DECLA;1;0;0;0;1;0;1;0;0;0;0;0;0;0;0;0;0;0;0;1;0;0;0;1;0;1;1;0;0;0;1;0;0;0;0;0;0;0;0;
FILTRE;2014;610000093;610780140;INIT;1;0;0;0;1;0;1;0;0;0;0;0;0;0;0;;0;0;0;;;;;;;;;;;;;0;0;0;0;0;0;0;0;
FILTRE;2014;610000101;610780157;DECLA;1;0;0;0;1;0;1;0;0;0;0;0;0;0;0;0;0;0;0;0;0;0;0;1;0;1;0;0;0;0;1;0;0;0;0;0;0;0;0;
FILTRE;2014;610000101;610780157;INIT;1;0;0;0;1;0;1;0;0;0;0;0;0;0;0;;0;0;0;;;;;;;;;;;;;0;0;0;0;0;0;0;0;
FILTRE;2014;610000119;610780165;DECLA;1;1;1;0;0;0;1;1;0;0;1;1;1;1;1;0;1;1;1;1;1;1;1;1;1;1;1;1;1;1;1;0;1;1;0;0;0;0;0;
FILTRE;2014;610000119;610780165;INIT;1;1;1;0;0;0;1;1;0;0;1;1;1;0;1;;1;1;1;;;;;;;;;;;;;0;1;1;0;0;0;0;0;
FILTRE;2014;610004269;610787038;DECLA;0;0;0;0;0;0;0;0;0;0;0;0;0;0;1;0;0;0;0;0;0;0;0;0;0;0;1;0;0;0;0;0;0;0;0;0;0;0;0;
FILTRE;2014;610004269;610787038;INIT;0;0;0;0;0;0;0;0;0;0;0;0;0;0;1;;0;0;0;;;;;;;;;;;;;0;0;0;0;0;0;0;0;
FILTRE;2014;610005837;610005811;DECLA;0;0;0;0;0;0;0;0;0;0;0;0;0;0;1;0;0;0;0;0;0;0;0;0;0;0;1;0;0;0;0;0;0;0;0;0;0;0;0;
FILTRE;2014;610005837;610005811;INIT;0;0;0;0;0;0;0;0;0;0;0;0;0;0;1;;0;0;0;;;;;;;;;;;;;0;0;0;0;0;0;0;0;
FILTRE;2014;610006256;610006769;DECLA;0;0;0;0;0;0;0;0;0;0;0;0;0;0;1;0;0;0;0;0;0;0;0;0;0;0;1;0;0;0;1;0;0;0;0;0;0;0;0;
FILTRE;2014;610006256;610006769;INIT;0;0;0;0;0;0;0;0;0;0;0;0;0;0;1;;0;0;0;;;;;;;;;;;;;0;0;0;0;0;0;0;0;
FILTRE;2014;610006371;610000135;DECLA;0;0;0;0;1;0;0;0;0;0;0;0;0;0;0;0;0;0;0;0;0;0;0;1;0;1;0;0;0;0;0;0;0;0;0;0;0;0;0;
FILTRE;2014;610006421;610006413;DECLA;1;1;0;0;1;0;0;1;0;0;0;0;0;0;0;0;0;0;1;0;0;0;0;1;1;1;0;0;0;0;1;0;1;1;0;0;0;0;0;
FILTRE;2014;610006421;610006413;INIT;0;1;0;0;1;0;0;1;0;0;0;0;0;0;0;;0;0;1;;;;;;;;;;;;;0;0;1;0;0;0;0;0;
FILTRE;2014;610006710;140000852;DECLA;0;0;0;0;0;0;0;0;0;0;0;1;0;0;0;0;0;0;0;0;0;0;0;0;0;0;0;0;0;0;0;0;0;0;0;0;0;0;0;
FILTRE;2014;610006710;140000852;INIT;0;0;0;0;0;0;0;0;0;0;0;1;0;0;0;;0;0;0;;;;;;;;;;;;;0;0;0;0;0;0;0;0;
FILTRE;2014;610006728;140000852;DECLA;0;0;0;0;0;0;0;0;0;0;0;1;0;0;0;0;0;0;0;0;0;0;0;0;0;0;0;0;0;0;0;0;0;0;0;0;0;0;0;
FILTRE;2014;610006728;140000852;INIT;0;0;0;0;0;0;0;0;0;0;0;1;0;0;0;;0;0;0;;;;;;;;;;;;;0;0;0;0;0;0;0;0;
FILTRE;2014;610006736;140000852;DECLA;0;0;0;0;0;0;0;0;0;0;0;1;0;0;0;0;0;0;0;0;0;0;0;0;0;0;0;0;0;0;0;0;0;0;0;0;0;0;0;
FILTRE;2014;610006736;140000852;INIT;0;0;0;0;0;0;0;0;0;0;0;1;0;0;0;;0;0;0;;;;;;;;;;;;;0;0;0;0;0;0;0;0;
FILTRE;2014;610007155;610005811;DECLA;0;0;0;0;0;0;0;0;0;0;0;0;0;0;1;0;0;0;0;0;0;0;0;0;0;0;0;0;0;0;0;0;0;0;0;0;0;0;0;
FILTRE;2014;610007155;610005811;INIT;0;0;0;0;0;0;0;0;0;0;0;0;0;0;1;;0;0;0;;;;;;;;;;;;;0;0;0;0;0;0;0;0;
FILTRE;2014;610780108;610790594;DECLA;1;0;0;0;1;0;0;0;0;0;0;0;0;0;0;0;0;1;0;1;0;0;0;0;0;0;0;0;0;0;1;0;0;0;0;0;0;0;0;
FILTRE;2014;610780108;610790594;INIT;1;0;0;0;1;0;1;0;0;0;0;0;0;0;0;;0;0;0;;;;;;;;;;;;;0;0;0;0;0;0;0;0;
FILTRE;2014;610780116;610790594;DECLA;1;0;0;0;1;0;1;0;0;0;0;0;0;1;0;0;1;1;0;1;0;0;0;1;0;1;0;0;0;0;1;0;0;0;0;0;0;0;0;
FILTRE;2014;610780116;610790594;INIT;1;0;0;0;1;0;1;0;0;0;0;0;0;0;0;;1;1;0;;;;;;;;;;;;;0;0;0;0;0;0;0;0;
FILTRE;2014;610780199;610000135;DECLA;0;1;0;0;0;0;0;1;0;0;1;0;0;0;0;0;0;0;1;1;0;0;0;1;1;1;0;0;0;0;0;0;1;1;0;0;0;0;0;
FILTRE;2014;610780199;610000135;INIT;0;1;0;0;1;0;0;1;0;0;0;0;0;0;0;;0;0;1;;;;;;;;;;;;;0;0;1;0;0;0;0;0;
FILTRE;2014;610780207;610787061;DECLA;0;0;0;0;1;0;0;0;0;0;0;0;0;0;0;0;0;0;0;0;0;0;0;0;0;0;0;0;0;0;0;0;0;0;0;0;0;0;0;
FILTRE;2014;610780207;610787061;INIT;0;0;0;0;1;0;0;0;0;0;0;0;0;0;0;;0;0;0;;;;;;;;;;;;;0;0;0;0;0;0;0;0;
FILTRE;2014;610780371;760025734;DECLA;0;0;0;0;1;0;0;0;0;0;0;0;0;0;0;0;0;0;0;0;0;0;0;1;0;1;0;0;0;0;1;0;0;0;0;0;0;0;0;
FILTRE;2014;610780371;760025734;INIT;0;0;0;0;1;0;0;0;0;0;0;0;0;0;0;;0;0;0;;;;;;;;;;;;;0;0;0;0;0;0;0;0;
FILTRE;2014;610780389;610004939;DECLA;0;0;0;0;1;0;0;0;0;0;0;0;0;0;0;1;0;0;0;0;0;0;0;1;0;1;0;0;0;0;0;0;0;0;0;0;0;0;0;
FILTRE;2014;610780389;610004939;INIT;0;0;0;0;1;0;0;0;0;0;0;0;0;0;0;;0;0;0;;;;;;;;;;;;;0;0;0;0;0;0;0;0;
FILTRE;2014;610784050;610780082;DECLA;0;0;0;0;0;1;0;0;0;0;0;0;0;0;0;0;0;0;0;0;0;0;0;0;0;0;0;0;0;0;0;0;0;0;0;0;0;0;0;
FILTRE;2014;610784050;610780082;INIT;0;0;0;0;0;1;0;0;0;0;0;0;0;0;0;;0;0;0;;;;;;;;;;;;;0;0;0;0;0;0;0;0;
FILTRE;2014;610784423;610787285;DECLA;0;0;0;0;1;0;0;0;0;0;0;0;0;0;0;0;0;0;0;1;0;0;0;1;0;1;0;0;0;0;0;0;0;0;0;0;0;0;0;
FILTRE;2014;610784423;610787285;INIT;0;0;0;0;1;0;0;0;0;0;0;0;0;0;0;;0;0;0;;;;;;;;;;;;;0;0;0;0;0;0;0;0;
FILTRE;2014;610788325;610780165;DECLA;0;0;0;1;0;0;0;0;1;0;0;0;0;0;0;0;0;0;0;0;0;0;0;0;0;0;0;0;0;0;0;0;0;0;0;0;0;0;0;
FILTRE;2014;610788325;610780165;INIT;0;0;0;1;0;0;0;0;1;0;0;0;0;0;0;;0;0;0;;;;;;;;;;;;;0;0;0;0;0;0;0;0;
FILTRE;2014;620000026;620003814;DECLA;1;1;0;0;1;0;0;1;0;0;0;0;0;0;0;1;0;0;1;1;1;1;0;1;1;1;0;0;1;0;0;0;1;0;0;0;0;0;0;
FILTRE;2014;620000026;620003814;INIT;1;1;0;0;1;0;1;1;0;0;0;0;0;0;0;;0;0;1;;;;;;;;;;;;;0;0;0;0;0;0;0;0;
FILTRE;2014;620000034;620100057;DECLA;1;1;1;1;1;0;1;1;1;0;1;1;1;1;0;1;1;1;1;1;1;1;0;1;1;1;1;1;1;1;1;1;1;1;0;0;0;0;1;
FILTRE;2014;620000034;620100057;INIT;1;1;1;1;1;0;1;1;1;0;1;1;1;0;0;;1;1;1;;;;;;;;;;;;;0;1;1;0;0;0;0;0;
FILTRE;2014;620000059;620100073;DECLA;0;0;0;1;1;0;0;0;1;0;0;0;0;0;0;0;0;0;0;0;0;0;0;1;0;1;0;1;1;1;1;0;0;0;0;0;0;0;0;
FILTRE;2014;620000059;620100073;INIT;0;0;0;1;1;0;0;0;1;0;0;0;0;0;0;;0;0;0;;;;;;;;;;;;;0;0;0;0;0;0;0;0;
FILTRE;2014;620000067;620100081;DECLA;0;0;0;0;1;1;0;0;0;0;0;0;0;0;0;0;0;0;0;0;0;0;0;1;0;1;0;0;0;1;1;0;0;0;0;0;0;0;0;
FILTRE;2014;620000067;620100081;INIT;0;0;0;0;1;0;0;0;0;0;0;0;0;0;0;;0;0;0;;;;;;;;;;;;;0;0;0;0;0;0;0;0;
FILTRE;2014;620000117;620100461;DECLA;1;0;0;0;1;0;0;0;0;0;0;0;0;0;0;0;0;0;0;0;0;0;0;1;0;0;0;0;0;0;1;0;0;0;0;0;0;0;0;
FILTRE;2014;620000117;620100461;INIT;1;0;0;0;0;0;1;0;0;0;0;0;0;0;0;;0;0;0;;;;;;;;;;;;;0;0;0;0;0;0;0;0;
FILTRE;2014;620000224;620100651;DECLA;1;1;1;0;1;1;1;1;0;0;1;1;1;0;0;1;1;1;1;1;1;0;0;1;0;1;0;1;1;1;1;0;1;1;0;0;0;0;0;
FILTRE;2014;620000224;620100651;INIT;1;1;1;0;1;1;1;1;0;0;1;1;1;0;0;;1;1;1;;;;;;;;;;;;;0;1;1;0;0;0;0;0;
FILTRE;2014;620000232;620100669;DECLA;0;0;0;0;1;0;0;0;0;0;0;0;0;0;0;0;0;0;0;0;0;0;0;1;1;1;0;0;0;0;1;0;0;0;0;0;0;0;0;
FILTRE;2014;620000232;620100669;INIT;0;0;0;0;1;0;0;0;0;0;0;0;0;0;0;;0;0;0;;;;;;;;;;;;;0;0;0;0;0;0;0;0;
FILTRE;2014;620000240;620100677;DECLA;1;0;0;1;1;1;1;0;1;0;0;0;0;0;0;0;0;0;0;1;0;1;0;1;1;1;1;0;0;1;1;0;0;0;0;0;0;0;0;
FILTRE;2014;620000240;620100677;INIT;1;0;0;1;1;1;1;0;1;0;0;0;0;0;0;;0;0;0;;;;;;;;;;;;;0;0;0;0;0;0;0;0;
FILTRE;2014;620000257;620100685;DECLA;1;1;1;1;1;1;1;1;1;1;1;1;1;1;0;1;1;1;1;1;1;1;1;1;1;1;1;1;1;1;1;1;1;1;0;0;0;0;1;
FILTRE;2014;620000257;620100685;INIT;1;1;1;1;1;1;1;1;1;1;1;1;1;0;0;;1;1;1;;;;;;;;;;;;;1;1;1;0;0;0;0;1;
FILTRE;2014;620000281;620101287;DECLA;0;0;0;1;0;0;0;0;1;0;0;0;0;0;0;0;0;0;0;1;0;0;0;1;0;1;0;0;0;0;0;0;0;0;0;0;0;0;0;
FILTRE;2014;620000281;620101287;INIT;0;0;0;1;0;0;0;0;1;0;0;0;0;0;0;;0;0;0;;;;;;;;;;;;;0;0;0;0;0;0;0;0;
FILTRE;2014;620000299;620101295;DECLA;1;0;0;0;0;1;1;0;0;0;0;0;0;0;0;0;0;0;0;0;0;0;0;1;0;0;0;1;0;1;0;0;0;0;0;0;0;0;0;
FILTRE;2014;620000299;620101295;INIT;1;0;0;0;0;1;1;0;0;0;0;0;0;0;0;;0;0;0;;;;;;;;;;;;;0;0;0;0;0;0;0;0;
FILTRE;2014;620000323;620101337;DECLA;1;1;1;1;1;1;1;1;1;0;1;1;1;0;0;1;1;1;1;1;1;1;0;1;0;1;1;1;0;1;1;0;1;1;0;0;0;0;0;
FILTRE;2014;620000323;620101337;INIT;1;1;1;1;1;1;1;1;1;0;1;1;1;0;0;;1;1;1;;;;;;;;;;;;;1;1;1;0;0;0;0;0;
FILTRE;2014;620000349;620101360;DECLA;1;1;1;0;1;1;1;1;0;0;1;1;1;0;0;0;1;1;1;1;1;1;0;1;1;1;0;1;1;0;1;1;1;1;0;0;0;0;0;
FILTRE;2014;620000349;620101360;INIT;1;1;1;0;1;1;1;1;0;0;1;0;1;0;0;;1;1;1;;;;;;;;;;;;;0;1;1;0;0;0;0;0;
FILTRE;2014;620000596;750820680;DECLA;0;0;0;0;1;0;0;0;0;0;0;0;0;0;0;0;0;0;0;0;0;0;0;0;0;0;0;0;0;0;0;0;0;0;0;0;0;0;0;
FILTRE;2014;620000596;750820680;INIT;0;0;0;0;1;0;0;0;0;0;0;0;0;0;0;;0;0;0;;;;;;;;;;;;;0;0;0;0;0;0;0;0;
FILTRE;2014;620000638;620000638;DECLA;0;0;0;1;0;0;0;0;1;0;0;0;0;0;0;0;0;0;0;0;0;0;0;0;0;0;0;0;0;0;0;0;0;0;0;0;0;0;0;
FILTRE;2014;620000638;620000638;INIT;0;0;0;1;0;0;0;0;1;0;0;0;0;0;0;;0;0;0;;;;;;;;;;;;;0;0;0;0;0;0;0;0;
FILTRE;2014;620000653;620103440;DECLA;1;1;1;1;0;1;1;1;1;0;1;1;1;0;0;1;1;1;1;1;1;1;1;1;1;1;1;1;1;1;1;1;1;1;0;0;0;0;0;
FILTRE;2014;620000653;620103440;INIT;1;1;1;1;1;1;1;1;1;0;0;1;1;0;0;;1;1;1;;;;;;;;;;;;;0;1;0;0;1;0;0;0;
FILTRE;2014;620001834;620001834;DECLA;0;0;0;1;0;0;0;0;0;0;0;0;0;0;0;0;0;0;0;0;0;0;0;1;0;1;0;0;0;0;0;0;0;0;0;0;0;0;0;
FILTRE;2014;620001834;620001834;INIT;0;0;0;1;0;0;0;0;0;0;0;0;0;0;0;;0;0;0;;;;;;;;;;;;;0;0;0;0;0;0;0;0;
FILTRE;2014;620002154;620112607;DECLA;0;0;0;1;0;0;0;0;1;0;0;0;0;0;0;0;0;0;0;0;0;0;0;1;0;0;0;0;0;0;1;0;0;0;0;0;0;0;0;
FILTRE;2014;620002154;620112607;INIT;0;0;0;1;0;0;0;0;1;0;0;0;0;0;0;;0;0;0;;;;;;;;;;;;;0;0;0;0;0;0;0;0;
FILTRE;2014;620003202;620103432;DECLA;1;1;1;1;1;0;1;1;1;0;1;0;1;0;0;1;1;1;1;1;1;1;1;1;1;1;0;1;0;1;1;0;1;1;0;0;0;0;0;
FILTRE;2014;620003202;620103432;INIT;1;1;1;1;1;0;1;1;0;0;1;1;1;0;0;;0;1;1;;;;;;;;;;;;;0;1;1;0;0;0;0;0;
FILTRE;2014;620003350;620001834;DECLA;1;0;1;0;1;1;1;0;0;0;0;0;0;0;0;1;1;0;1;1;0;0;0;1;0;1;0;1;0;1;1;0;1;0;0;0;0;0;0;
FILTRE;2014;620003350;620001834;INIT;1;0;1;0;1;1;1;0;0;0;0;0;0;0;0;;1;0;0;;;;;;;;;;;;;0;0;0;0;0;0;0;0;
FILTRE;2014;620003376;620001834;DECLA;1;1;0;0;0;0;1;1;0;0;1;0;0;0;0;0;1;0;1;1;0;1;0;1;0;1;1;1;0;0;0;0;1;1;0;0;0;0;0;
FILTRE;2014;620003376;620001834;INIT;1;1;0;0;0;0;1;1;0;0;1;0;0;0;0;;1;0;1;;;;;;;;;;;;;0;0;1;0;0;0;0;0;
FILTRE;2014;620003475;620100685;DECLA;0;0;0;1;0;0;0;0;0;0;0;0;0;0;0;0;0;0;0;0;0;0;0;0;0;0;0;0;0;0;0;0;0;0;0;0;0;0;0;
FILTRE;2014;620003475;620100685;INIT;0;0;0;1;0;0;0;0;0;0;0;0;0;0;0;;0;0;0;;;;;;;;;;;;;0;0;0;0;0;0;0;0;
FILTRE;2014;620003822;620003814;DECLA;0;0;0;0;1;0;0;0;0;0;0;0;0;0;0;0;0;0;0;0;0;0;0;1;0;0;0;0;0;0;0;0;0;0;0;0;0;0;0;
FILTRE;2014;620003822;620003814;INIT;0;0;0;0;1;0;0;0;0;0;0;0;0;0;0;;0;0;0;;;;;;;;;;;;;0;0;0;0;0;0;0;0;
FILTRE;2014;620003889;620003848;DECLA;0;0;0;0;0;0;0;0;0;0;0;0;0;0;1;0;0;0;0;0;0;0;0;0;0;0;0;0;0;0;0;0;0;0;0;0;0;0;0;
FILTRE;2014;620003889;620003848;INIT;0;0;0;0;0;0;0;0;0;0;0;0;0;0;1;;0;0;0;;;;;;;;;;;;;0;0;0;0;0;0;0;0;
FILTRE;2014;620006049;620000331;DECLA;1;1;0;0;0;0;1;1;0;0;1;0;0;0;0;0;0;0;1;1;0;1;0;1;1;1;0;0;0;0;0;0;1;1;0;0;0;0;0;
FILTRE;2014;620006049;620000331;INIT;0;1;0;0;0;0;0;1;0;0;0;0;0;0;0;;0;0;1;;;;;;;;;;;;;0;0;1;0;0;0;0;0;
FILTRE;2014;620008698;620004515;DECLA;0;0;0;0;0;0;0;0;0;1;0;0;0;0;0;0;0;0;0;1;0;0;0;0;0;0;0;0;0;0;0;0;0;0;0;0;0;0;0;
FILTRE;2014;620008698;620004515;INIT;0;0;0;0;0;0;0;0;0;1;0;0;0;0;0;;0;0;0;;;;;;;;;;;;;0;0;0;0;0;0;0;0;
FILTRE;2014;620009738;620003269;DECLA;0;0;0;0;0;0;0;0;0;1;0;0;0;0;0;0;0;0;0;0;0;0;0;0;0;0;0;0;0;0;0;0;0;0;0;0;0;0;0;
FILTRE;2014;620009738;620003269;INIT;0;0;0;0;0;0;0;0;0;1;0;0;0;0;0;;0;0;0;;;;;;;;;;;;;0;0;0;0;0;0;0;0;
FILTRE;2014;620010058;590799995;DECLA;0;0;0;0;0;0;0;0;0;0;0;1;0;0;0;0;0;0;0;0;0;0;0;0;0;0;0;0;0;0;0;0;0;0;0;0;0;0;0;
FILTRE;2014;620010058;590799995;INIT;0;0;0;0;0;0;0;0;0;0;0;1;0;0;0;;0;0;0;;;;;;;;;;;;;0;0;0;0;0;0;0;0;
FILTRE;2014;620010348;620018473;DECLA;0;0;0;0;0;0;0;0;0;0;0;0;0;0;1;0;0;0;0;0;0;0;0;0;0;1;0;0;0;0;1;0;0;0;0;0;0;0;0;
FILTRE;2014;620010348;620018473;INIT;0;0;0;0;0;0;0;0;0;0;0;0;0;0;1;;0;0;0;;;;;;;;;;;;;0;0;0;0;0;0;0;0;
FILTRE;2014;620010389;590799995;DECLA;0;0;0;0;0;0;0;0;0;0;0;0;0;0;1;0;0;0;0;0;0;0;0;0;0;0;0;0;0;0;0;0;0;0;0;0;0;0;0;
FILTRE;2014;620010389;590799995;INIT;0;0;0;0;0;0;0;0;0;0;0;0;0;0;1;;0;0;0;;;;;;;;;;;;;0;0;0;0;0;0;0;0;
FILTRE;2014;620011338;590799995;DECLA;0;0;0;0;0;0;0;0;0;0;0;1;0;0;0;0;0;0;0;0;0;0;0;0;0;0;0;0;0;0;0;0;0;0;0;0;0;0;0;
FILTRE;2014;620011338;590799995;INIT;0;0;0;0;0;0;0;0;0;0;0;1;0;0;0;;0;0;0;;;;;;;;;;;;;0;0;0;0;0;0;0;0;
FILTRE;2014;620012948;620000265;DECLA;0;0;0;0;1;0;0;0;0;0;0;0;0;0;0;0;0;0;0;0;0;0;0;0;0;1;0;0;0;1;0;0;0;0;0;0;0;0;0;
FILTRE;2014;620012948;620000265;INIT;0;0;0;0;1;0;0;0;0;0;0;0;0;0;0;;0;0;0;;;;;;;;;;;;;0;0;0;0;0;0;0;0;
FILTRE;2014;620013649;620013599;DECLA;0;0;0;0;0;0;0;0;0;0;0;0;0;0;1;0;0;0;0;0;0;0;0;0;0;1;0;0;0;0;0;0;0;0;0;0;0;0;0;
FILTRE;2014;620013649;620013599;INIT;0;0;0;0;0;0;0;0;0;0;0;0;0;0;1;;0;0;0;;;;;;;;;;;;;0;0;0;0;0;0;0;0;
FILTRE;2014;620018143;620100057;DECLA;0;0;0;1;0;0;0;0;1;0;0;0;0;0;0;0;0;0;0;0;0;0;0;0;0;0;0;0;0;0;0;0;0;0;0;0;0;0;0;
FILTRE;2014;620018143;620100057;INIT;0;0;0;1;0;0;0;0;1;0;0;0;0;0;0;;0;0;0;;;;;;;;;;;;;0;0;0;0;0;0;0;0;
FILTRE;2014;620018705;620112581;DECLA;0;0;0;0;0;0;0;0;0;0;0;1;0;0;0;0;0;0;0;0;0;0;0;0;0;0;0;0;0;0;0;0;0;0;0;0;0;0;0;
FILTRE;2014;620018705;620112581;INIT;0;0;0;0;0;0;0;0;0;0;0;1;0;0;0;;0;0;0;;;;;;;;;;;;;0;0;0;0;0;0;0;0;
FILTRE;2014;620020636;620112581;DECLA;0;0;0;0;0;0;0;0;0;0;0;1;0;0;0;0;0;0;0;0;0;0;0;0;0;0;0;0;0;0;0;0;0;0;0;0;0;0;0;
FILTRE;2014;620020636;620112581;INIT;0;0;0;0;0;0;0;0;0;0;0;1;0;0;0;;0;0;0;;;;;;;;;;;;;0;0;0;0;0;0;0;0;
FILTRE;2014;620024208;620002352;DECLA;0;0;0;0;0;0;1;0;0;0;0;1;0;0;0;0;0;0;0;0;0;0;0;1;0;1;0;0;0;0;1;0;0;0;0;0;0;0;0;
FILTRE;2014;620024208;620002352;INIT;0;0;0;0;0;0;0;0;0;0;0;1;0;0;0;;0;0;0;;;;;;;;;;;;;0;0;0;0;0;0;0;0;
FILTRE;2014;620024349;620024299;DECLA;0;0;0;1;0;0;0;0;1;0;0;0;0;0;0;0;0;0;0;0;0;0;0;0;0;0;0;0;0;0;0;0;0;0;0;0;0;0;0;
FILTRE;2014;620024349;620024299;INIT;0;0;0;1;0;0;0;0;1;0;0;0;0;0;0;;0;0;0;;;;;;;;;;;;;0;0;0;0;0;0;0;0;
FILTRE;2014;620025346;620001834;DECLA;1;1;1;0;1;0;1;1;0;0;0;0;0;0;0;0;1;0;1;1;0;1;0;1;0;1;0;0;0;0;0;0;1;1;0;0;0;0;0;
FILTRE;2014;620025346;620001834;INIT;1;1;1;0;1;0;1;1;0;0;0;0;0;0;0;;1;0;1;;;;;;;;;;;;;0;0;1;0;0;0;0;0;
FILTRE;2014;620025387;620025361;DECLA;0;0;0;1;0;0;0;0;1;0;0;0;0;0;0;0;0;0;0;0;0;0;0;0;0;1;0;0;0;0;0;0;0;0;0;0;0;0;0;
FILTRE;2014;620025387;620025361;INIT;0;0;0;1;0;0;0;0;1;0;0;0;0;0;0;;0;0;0;;;;;;;;;;;;;0;0;0;0;0;0;0;0;
FILTRE;2014;620025494;620112581;DECLA;0;0;0;0;0;0;0;0;0;0;0;1;0;0;0;0;0;0;0;0;0;0;0;0;0;0;0;0;0;0;0;0;0;0;0;0;0;0;0;
FILTRE;2014;620025494;620112581;INIT;0;0;0;0;0;0;0;0;0;0;0;1;0;0;0;;0;0;0;;;;;;;;;;;;;0;0;0;0;0;0;0;0;
FILTRE;2014;620026401;620024158;DECLA;0;0;0;0;1;0;0;0;0;0;0;0;0;0;0;0;0;0;0;0;0;0;0;1;0;0;0;0;0;0;0;0;0;0;0;0;0;0;0;
FILTRE;2014;620026690;620027839;DECLA;0;0;0;0;0;0;1;0;0;1;0;0;0;0;0;0;0;0;0;0;0;0;0;0;0;1;0;0;0;0;0;0;0;0;0;0;0;0;0;
FILTRE;2014;620026690;620027839;INIT;0;0;0;0;0;0;0;0;0;1;0;0;0;0;0;;0;0;0;;;;;;;;;;;;;0;0;0;0;0;0;0;0;
FILTRE;2014;620026997;590799995;DECLA;0;0;0;0;0;0;0;0;0;0;0;1;0;0;0;0;0;0;0;0;0;0;0;0;0;0;0;0;0;0;0;0;0;0;0;0;0;0;0;
FILTRE;2014;620026997;590799995;INIT;0;0;0;0;0;0;0;0;0;0;0;1;0;0;0;;0;0;0;;;;;;;;;;;;;0;0;0;0;0;0;0;0;
FILTRE;2014;620027664;620003814;DECLA;0;0;0;0;1;0;0;0;0;0;0;0;0;0;0;0;0;0;0;0;0;0;0;0;0;0;0;0;0;0;0;0;0;0;0;0;0;0;0;
FILTRE;2014;620027664;620003814;INIT;0;0;0;0;1;0;0;0;0;0;0;0;0;0;0;;0;0;0;;;;;;;;;;;;;0;0;0;0;0;0;0;0;
FILTRE;2014;620100016;750712184;DECLA;0;0;0;0;1;0;0;0;0;0;0;0;0;0;0;0;0;0;0;0;0;0;0;1;0;1;0;0;0;0;1;0;0;0;0;0;0;0;0;
FILTRE;2014;620100016;750712184;INIT;0;0;0;0;1;0;0;0;0;0;0;0;0;0;0;;0;0;0;;;;;;;;;;;;;0;0;0;0;0;0;0;0;
FILTRE;2014;620100099;620014779;DECLA;1;1;1;0;1;0;1;1;0;1;1;0;0;0;0;0;0;0;1;0;0;0;0;1;1;1;0;0;0;1;0;0;1;1;0;0;0;0;0;
FILTRE;2014;620100099;620014779;INIT;1;1;1;0;1;0;1;1;0;0;1;0;0;0;0;;0;0;1;;;;;;;;;;;;;0;0;1;0;0;0;0;0;
FILTRE;2014;620100347;590039863;DECLA;0;0;0;1;0;0;0;0;1;0;0;0;0;0;0;0;0;0;0;0;0;0;0;0;0;0;0;0;0;0;0;0;0;0;0;0;0;0;0;
FILTRE;2014;620100347;590039863;INIT;0;0;0;1;0;0;0;0;1;0;0;0;0;0;0;;0;0;0;;;;;;;;;;;;;0;0;0;0;0;0;0;0;
FILTRE;2014;620100487;620000125;DECLA;1;1;0;0;1;0;1;1;0;0;0;0;0;0;0;0;0;0;1;1;0;0;0;1;1;1;0;0;0;1;0;0;1;1;0;0;0;0;0;
FILTRE;2014;620100487;620000125;INIT;1;1;0;0;1;0;1;1;0;0;0;0;0;0;0;;0;0;1;;;;;;;;;;;;;0;0;1;0;0;0;0;0;
FILTRE;2014;620100495;620000133;DECLA;0;0;0;0;1;0;0;0;0;0;0;0;0;0;0;0;0;0;0;0;0;0;0;1;0;1;0;0;0;0;1;0;0;0;0;0;0;0;0;
FILTRE;2014;620100495;620000133;INIT;0;0;0;0;1;0;0;0;0;0;0;0;0;0;0;;0;0;0;;;;;;;;;;;;;0;0;0;0;0;0;0;0;
FILTRE;2014;620100735;620000265;DECLA;1;1;1;0;0;0;1;1;0;0;1;0;1;0;0;0;1;0;1;0;0;0;0;1;1;1;0;0;0;0;0;0;1;1;0;0;0;0;0;
FILTRE;2014;620100735;620000265;INIT;1;1;1;0;0;0;1;1;0;0;1;0;1;0;0;;1;0;1;;;;;;;;;;;;;0;0;1;0;0;0;0;0;
FILTRE;2014;620100750;620000273;DECLA;1;1;0;0;0;0;1;1;0;0;1;0;0;0;0;0;0;0;1;1;0;0;1;1;1;1;0;0;0;1;0;0;1;1;0;0;0;0;0;
FILTRE;2014;620100750;620000273;INIT;1;1;0;0;0;0;1;1;0;0;1;0;0;0;0;;0;0;1;;;;;;;;;;;;;0;0;1;0;0;0;0;0;
FILTRE;2014;620100842;620001834;DECLA;0;0;0;0;1;0;0;0;0;0;0;0;0;0;0;0;0;0;0;1;0;0;0;1;0;1;0;0;0;0;0;0;0;0;0;0;0;0;0;
FILTRE;2014;620100842;620001834;INIT;0;0;0;0;1;0;0;0;0;0;0;0;0;0;0;;0;0;0;;;;;;;;;;;;;0;0;0;0;0;0;0;0;
FILTRE;2014;620101311;620027763;DECLA;1;1;0;0;1;0;1;1;0;0;1;0;0;0;0;0;0;0;1;1;0;1;0;1;1;1;0;0;0;1;0;0;1;1;0;0;0;0;0;
FILTRE;2014;620101311;620027763;INIT;1;1;0;0;1;0;1;1;0;0;1;0;0;0;0;;0;0;1;;;;;;;;;;;;;0;0;1;0;0;0;0;0;
FILTRE;2014;620101501;620000364;DECLA;1;1;0;0;0;0;1;1;0;0;1;1;0;0;0;0;0;0;1;1;0;1;1;1;1;1;0;0;0;0;0;1;1;1;0;0;0;0;1;
FILTRE;2014;620101501;620000364;INIT;1;1;0;0;0;0;1;1;0;0;0;1;0;0;0;;0;0;1;;;;;;;;;;;;;1;0;1;0;0;0;0;0;
FILTRE;2014;620102053;620103440;DECLA;0;0;0;0;1;0;0;0;0;0;0;0;0;0;0;0;0;0;0;0;0;0;0;0;0;0;0;1;0;1;1;0;0;0;0;0;0;0;0;
FILTRE;2014;620102053;620103440;INIT;0;0;0;0;1;0;0;0;0;0;0;0;0;0;0;;0;0;0;;;;;;;;;;;;;0;0;0;0;0;0;0;0;
FILTRE;2014;620102954;620020859;DECLA;0;0;0;0;1;0;0;0;0;0;0;0;0;0;0;0;0;0;0;0;0;0;0;0;0;1;0;0;0;1;0;0;0;0;0;0;0;0;0;
FILTRE;2014;620102954;620020859;INIT;0;0;0;0;1;0;0;0;0;0;0;0;0;0;0;;0;0;0;;;;;;;;;;;;;0;0;0;0;0;0;0;0;
FILTRE;2014;620105940;620000950;DECLA;1;1;0;0;1;0;1;1;0;0;0;0;0;0;0;0;0;0;1;0;0;0;0;1;1;1;0;0;0;0;0;0;0;0;0;0;0;0;0;
FILTRE;2014;620105940;620000950;INIT;1;1;0;0;1;0;1;1;0;0;0;0;0;0;0;;0;0;1;;;;;;;;;;;;;0;0;0;0;0;0;0;0;
FILTRE;2014;620105973;590039863;DECLA;0;0;0;1;1;0;0;0;0;0;0;0;0;0;0;0;0;0;0;0;0;0;0;1;0;1;0;0;0;0;1;0;0;0;0;0;0;0;0;
FILTRE;2014;620105973;590039863;INIT;0;0;0;0;1;0;0;0;0;0;0;0;0;0;0;;0;0;0;;;;;;;;;;;;;0;0;0;0;0;0;0;0;
FILTRE;2014;620105981;620000968;DECLA;0;0;0;0;0;0;0;0;0;0;1;0;0;0;1;0;0;0;0;0;0;0;0;1;0;1;0;0;0;0;0;0;0;0;0;0;0;0;0;
FILTRE;2014;620105981;620000968;INIT;0;0;0;0;0;0;0;0;0;0;0;0;0;0;1;;0;0;0;;;;;;;;;;;;;0;0;0;0;0;0;0;0;
FILTRE;2014;620106088;620000976;DECLA;1;1;0;0;0;0;1;1;0;0;0;0;0;0;0;0;0;0;1;0;0;0;0;1;1;1;0;0;0;1;0;0;1;1;0;0;0;0;0;
FILTRE;2014;620106088;620000976;INIT;1;1;0;0;0;0;1;1;0;0;0;0;0;0;0;;0;0;1;;;;;;;;;;;;;0;0;1;0;0;0;0;0;
FILTRE;2014;620106203;620020859;DECLA;0;0;0;0;1;0;0;0;0;0;0;0;0;0;0;0;0;0;0;0;0;0;0;0;0;1;0;0;0;0;0;0;0;0;0;0;0;0;0;
FILTRE;2014;620106203;620020859;INIT;0;0;0;0;1;0;0;0;0;0;0;0;0;0;0;;0;0;0;;;;;;;;;;;;;0;0;0;0;0;0;0;0;
FILTRE;2014;620106625;620020859;DECLA;0;0;0;0;0;1;0;0;0;0;0;0;0;0;0;0;0;0;0;0;0;0;0;1;0;0;0;0;0;0;0;0;0;0;0;0;0;0;0;
FILTRE;2014;620106625;620020859;INIT;0;0;0;0;1;1;0;0;0;0;0;0;0;0;0;;0;0;0;;;;;;;;;;;;;0;0;0;0;0;0;0;0;
FILTRE;2014;620108357;620103432;DECLA;0;0;0;0;0;1;0;0;0;0;0;0;0;0;0;0;0;0;0;0;0;0;0;0;0;0;0;0;0;0;0;0;0;0;0;0;0;0;0;
FILTRE;2014;620108357;620103432;INIT;0;0;0;0;0;1;0;0;0;0;0;0;0;0;0;;0;0;0;;;;;;;;;;;;;0;0;0;0;0;0;0;0;
FILTRE;2014;620111195;620100057;DECLA;0;0;0;0;0;1;0;0;0;0;0;0;0;0;0;0;0;0;0;0;0;0;0;0;0;0;0;0;0;1;0;0;0;0;0;0;0;0;0;
FILTRE;2014;620111195;620100057;INIT;0;0;0;0;0;1;0;0;0;0;0;0;0;0;0;;0;0;0;;;;;;;;;;;;;0;0;0;0;0;0;0;0;
FILTRE;2014;620112656;620100057;DECLA;0;0;0;0;1;0;0;0;0;0;0;0;0;0;0;0;0;0;0;0;0;0;0;0;0;0;0;0;0;0;0;0;0;0;0;0;0;0;0;
FILTRE;2014;620112656;620100057;INIT;0;0;0;0;1;0;0;0;0;0;0;0;0;0;0;;0;0;0;;;;;;;;;;;;;0;0;0;0;0;0;0;0;
FILTRE;2014;620115170;620112581;DECLA;0;0;0;0;0;0;0;0;0;0;0;1;0;0;0;0;0;0;0;0;0;0;0;0;0;0;0;0;0;0;0;0;0;0;0;0;0;0;0;
FILTRE;2014;620115170;620112581;INIT;0;0;0;0;0;0;0;0;0;0;0;1;0;0;0;;0;0;0;;;;;;;;;;;;;0;0;0;0;0;0;0;0;
FILTRE;2014;620115402;620100461;DECLA;0;0;0;0;0;1;0;0;0;0;0;0;0;0;0;0;0;0;0;0;0;0;0;0;0;0;0;0;0;0;0;0;0;0;0;0;0;0;0;
FILTRE;2014;620115402;620100461;INIT;0;0;0;0;0;1;0;0;0;0;0;0;0;0;0;;0;0;0;;;;;;;;;;;;;0;0;0;0;0;0;0;0;
FILTRE;2014;620115410;620112581;DECLA;0;0;0;0;0;0;0;0;0;0;0;1;0;0;0;0;0;0;0;0;0;0;0;0;0;0;0;0;0;0;0;0;0;0;0;0;0;0;0;
FILTRE;2014;620115410;620112581;INIT;0;0;0;0;0;0;0;0;0;0;0;1;0;0;0;;0;0;0;;;;;;;;;;;;;0;0;0;0;0;0;0;0;
FILTRE;2014;620116046;620002311;DECLA;0;0;0;0;0;0;0;1;0;0;0;0;0;0;0;0;0;0;1;1;0;0;0;1;1;1;0;0;0;0;0;0;0;0;0;0;0;0;0;
FILTRE;2014;620116046;620002311;INIT;0;0;0;0;0;0;0;1;0;0;0;0;0;0;0;;0;0;1;;;;;;;;;;;;;0;0;0;0;0;0;0;0;
FILTRE;2014;620117309;620112581;DECLA;0;0;0;0;0;0;0;0;0;0;0;1;0;0;0;0;0;0;0;0;0;0;0;0;0;0;0;0;0;0;0;0;0;0;0;0;0;0;0;
FILTRE;2014;620117309;620112581;INIT;0;0;0;0;0;0;0;0;0;0;0;1;0;0;0;;0;0;0;;;;;;;;;;;;;0;0;0;0;0;0;0;0;
FILTRE;2014;620117325;620112581;DECLA;0;0;0;0;0;0;0;0;0;0;0;1;0;0;0;0;0;0;0;0;0;0;0;0;0;0;0;0;0;0;0;0;0;0;0;0;0;0;0;
FILTRE;2014;620117325;620112581;INIT;0;0;0;0;0;0;0;0;0;0;0;1;0;0;0;;0;0;0;;;;;;;;;;;;;0;0;0;0;0;0;0;0;
FILTRE;2014;620117606;620020859;DECLA;0;0;0;0;1;0;0;0;0;0;0;0;0;0;0;0;0;0;0;0;0;0;0;1;0;1;0;0;0;1;0;0;0;0;0;0;0;0;0;
FILTRE;2014;620117606;620020859;INIT;0;0;0;0;1;0;0;0;0;0;0;0;0;0;0;;0;0;0;;;;;;;;;;;;;0;0;0;0;0;0;0;0;
FILTRE;2014;620117812;620112581;DECLA;0;0;0;0;0;0;0;0;0;0;0;1;0;0;0;0;0;0;0;0;0;0;0;0;0;0;0;0;0;0;0;0;0;0;0;0;0;0;0;
FILTRE;2014;620117812;620112581;INIT;0;0;0;0;0;0;0;0;0;0;0;1;0;0;0;;0;0;0;;;;;;;;;;;;;0;0;0;0;0;0;0;0;
FILTRE;2014;620118513;620002915;DECLA;1;1;1;0;1;0;0;1;0;0;1;0;1;0;0;0;0;0;1;1;0;1;0;1;1;1;0;0;0;1;0;1;1;1;0;0;0;0;0;
FILTRE;2014;620118513;620002915;INIT;1;1;1;0;1;0;1;1;0;0;1;0;1;0;0;;0;0;1;;;;;;;;;;;;;0;0;1;0;0;0;0;0;
FILTRE;2014;620120063;620112581;DECLA;0;0;0;0;0;0;0;0;0;0;0;1;0;0;0;0;0;0;0;0;0;0;0;0;0;0;0;0;0;0;0;0;0;0;0;0;0;0;0;
FILTRE;2014;620120063;620112581;INIT;0;0;0;0;0;0;0;0;0;0;0;1;0;0;0;;0;0;0;;;;;;;;;;;;;0;0;0;0;0;0;0;0;
FILTRE;2014;630000016;630180032;DECLA;1;0;0;0;1;1;0;0;0;0;0;0;0;0;0;0;0;0;0;1;1;0;0;1;0;1;1;0;0;1;1;0;0;0;0;0;0;0;0;
FILTRE;2014;630000016;630180032;INIT;1;0;0;0;1;1;0;0;0;0;0;0;0;0;0;;0;0;0;;;;;;;;;;;;;0;0;0;0;0;0;0;0;
FILTRE;2014;630000131;630003168;DECLA;0;0;0;0;1;0;0;0;0;0;0;0;0;0;0;0;0;0;0;1;0;0;0;1;0;1;0;0;0;0;0;0;0;0;0;0;0;0;0;
FILTRE;2014;630000131;630003168;INIT;0;0;0;0;1;0;0;0;0;0;0;0;0;0;0;;0;0;0;;;;;;;;;;;;;0;0;0;0;0;0;0;0;
FILTRE;2014;630000149;630780302;DECLA;0;0;0;0;1;0;0;0;0;0;0;0;0;0;0;0;0;0;0;1;0;0;0;1;0;1;0;0;0;0;0;0;0;0;0;0;0;0;0;
FILTRE;2014;630000149;630780302;INIT;0;0;0;0;1;0;0;0;0;0;0;0;0;0;0;;0;0;0;;;;;;;;;;;;;0;0;0;0;0;0;0;0;
FILTRE;2014;630000404;630780989;DECLA;1;1;0;0;0;0;1;1;0;0;1;1;0;0;0;1;1;1;1;1;1;1;0;1;1;1;1;0;1;1;0;1;1;1;1;1;1;0;1;
FILTRE;2014;630000404;630780989;INIT;1;1;0;0;0;0;1;1;0;0;1;1;1;0;0;;1;1;1;;;;;;;;;;;;;1;1;1;1;1;1;0;1;
FILTRE;2014;630000412;630780997;DECLA;1;0;0;0;1;1;1;1;1;0;1;0;1;1;0;0;1;1;1;1;0;1;0;1;1;1;0;1;0;1;1;0;0;0;0;0;0;0;0;
FILTRE;2014;630000412;630780997;INIT;1;0;0;0;1;1;1;1;1;0;0;0;1;1;1;;1;1;1;;;;;;;;;;;;;0;0;0;0;0;0;0;0;
FILTRE;2014;630000420;630781003;DECLA;1;1;1;0;0;1;0;1;0;0;0;0;1;0;0;0;1;1;1;1;0;0;1;1;1;1;0;1;1;1;1;0;1;0;0;0;0;0;0;
FILTRE;2014;630000420;630781003;INIT;1;1;1;0;0;1;0;1;0;0;0;0;1;0;0;;1;1;1;;;;;;;;;;;;;0;0;0;0;0;0;0;0;
FILTRE;2014;630000438;630781011;DECLA;1;1;0;0;0;0;1;1;0;0;1;0;0;0;0;0;1;1;1;1;1;1;0;1;1;1;0;0;0;1;1;0;1;0;0;0;0;0;0;
FILTRE;2014;630000438;630781011;INIT;1;1;0;0;1;0;1;1;0;0;0;0;0;0;0;;1;1;1;;;;;;;;;;;;;0;0;0;0;0;0;0;0;
FILTRE;2014;630000446;630781029;DECLA;1;1;1;1;1;1;1;1;1;0;1;0;1;0;0;0;1;1;1;1;0;1;0;1;1;1;0;0;0;1;1;0;1;1;0;0;0;0;0;
FILTRE;2014;630000446;630781029;INIT;1;1;1;1;1;1;1;1;1;0;0;0;1;0;1;;1;1;1;;;;;;;;;;;;;0;0;1;0;0;0;0;0;
FILTRE;2014;630000479;630781110;DECLA;1;1;0;0;0;0;1;1;0;1;1;1;0;0;0;0;0;0;1;1;1;0;1;1;0;1;0;0;1;1;1;0;1;1;0;0;0;0;0;
FILTRE;2014;630000479;630781110;INIT;1;1;0;0;0;0;1;1;0;1;1;0;0;0;0;;0;0;1;;;;;;;;;;;;;0;1;1;0;0;0;0;0;
FILTRE;2014;630000487;630781136;DECLA;0;0;0;0;1;0;0;0;0;0;0;0;0;0;0;0;0;0;0;0;0;0;0;0;0;1;0;0;0;0;0;0;0;0;0;0;0;0;0;
FILTRE;2014;630000487;630781136;INIT;0;0;0;0;1;0;0;0;0;0;0;0;0;0;0;;0;0;0;;;;;;;;;;;;;0;0;0;0;0;0;0;0;
FILTRE;2014;630000560;630781367;DECLA;1;0;0;0;1;1;0;0;0;0;0;0;0;0;0;0;0;0;0;0;0;0;0;1;0;1;1;0;0;1;1;0;0;0;0;0;0;0;0;
FILTRE;2014;630000560;630781367;INIT;1;0;0;0;1;1;0;0;0;0;0;0;0;0;0;;0;0;0;;;;;;;;;;;;;0;0;0;0;0;0;0;0;
FILTRE;2014;630005668;630000990;DECLA;0;0;0;0;0;0;0;0;0;0;0;1;0;0;0;0;0;0;0;0;0;0;0;0;0;0;0;0;0;0;0;0;0;0;0;0;0;0;0;
FILTRE;2014;630005668;630000990;INIT;0;0;0;0;0;0;0;0;0;0;0;1;0;0;0;;0;0;0;;;;;;;;;;;;;0;0;0;0;0;0;0;0;
FILTRE;2014;630007698;630000990;DECLA;0;0;0;0;0;0;0;0;0;0;0;1;0;0;0;0;0;0;0;0;0;0;0;0;0;0;0;0;0;0;0;0;0;0;0;0;0;0;0;
FILTRE;2014;630007698;630000990;INIT;0;0;0;0;0;0;0;0;0;0;0;1;0;0;0;;0;0;0;;;;;;;;;;;;;0;0;0;0;0;0;0;0;
FILTRE;2014;630007748;630000990;DECLA;0;0;0;0;0;0;0;0;0;0;0;1;0;0;0;0;0;0;0;0;0;0;0;0;0;0;0;0;0;0;0;0;0;0;0;0;0;0;0;
FILTRE;2014;630007748;630000990;INIT;0;0;0;0;0;0;0;0;0;0;0;1;0;0;0;;0;0;0;;;;;;;;;;;;;0;0;0;0;0;0;0;0;
FILTRE;2014;630007789;630000990;DECLA;0;0;0;0;0;0;0;0;0;0;0;1;0;0;0;0;0;0;0;0;0;0;0;0;0;0;0;0;0;0;0;0;0;0;0;0;0;0;0;
FILTRE;2014;630007789;630000990;INIT;0;0;0;0;0;0;0;0;0;0;0;1;0;0;0;;0;0;0;;;;;;;;;;;;;0;0;0;0;0;0;0;0;
FILTRE;2014;630007839;630000990;DECLA;0;0;0;0;0;0;0;0;0;0;0;1;0;0;0;0;0;0;0;0;0;0;0;0;0;0;0;0;0;0;0;0;0;0;0;0;0;0;0;
FILTRE;2014;630007839;630000990;INIT;0;0;0;0;0;0;0;0;0;0;0;1;0;0;0;;0;0;0;;;;;;;;;;;;;0;0;0;0;0;0;0;0;
FILTRE;2014;630007888;630000990;DECLA;0;0;0;0;0;0;0;0;0;0;0;1;0;0;0;0;0;0;0;0;0;0;0;0;0;0;0;0;0;0;0;0;0;0;0;0;0;0;0;
FILTRE;2014;630007888;630000990;INIT;0;0;0;0;0;0;0;0;0;0;0;1;0;0;0;;0;0;0;;;;;;;;;;;;;0;0;0;0;0;0;0;0;
FILTRE;2014;630008118;630011153;DECLA;0;0;0;0;0;0;0;0;0;0;1;0;0;0;1;0;0;0;0;0;0;0;0;1;0;1;0;0;0;0;1;0;0;0;0;0;0;0;0;
FILTRE;2014;630008118;630011153;INIT;0;0;0;0;0;0;0;0;0;0;0;0;0;0;1;;0;0;0;;;;;;;;;;;;;0;0;0;0;0;0;0;0;
FILTRE;2014;630009546;630011831;DECLA;0;0;0;0;0;0;0;0;0;1;0;0;0;0;0;0;0;0;0;0;0;0;0;0;0;0;0;0;0;0;0;0;0;0;0;0;0;0;0;
FILTRE;2014;630009546;630011831;INIT;0;0;0;0;0;0;0;0;0;1;0;0;0;0;0;;0;0;0;;;;;;;;;;;;;0;0;0;0;0;0;0;0;
FILTRE;2014;630010296;630001188;DECLA;0;0;0;0;0;0;0;0;0;0;0;0;0;0;1;0;0;0;0;0;0;0;0;0;0;1;0;0;0;0;1;0;0;0;0;0;0;0;0;
FILTRE;2014;630010296;630001188;INIT;0;0;0;0;0;0;0;0;0;0;0;0;0;0;1;;0;0;0;;;;;;;;;;;;;0;0;0;0;0;0;0;0;
FILTRE;2014;630010510;750043994;DECLA;0;0;0;0;1;0;0;0;0;0;0;0;0;0;0;0;0;0;0;0;0;0;0;1;1;0;0;0;0;0;0;0;0;0;0;0;0;0;0;
FILTRE;2014;630010510;750043994;INIT;0;0;0;0;1;0;0;0;0;0;0;0;0;0;0;;0;0;0;;;;;;;;;;;;;0;0;0;0;0;0;0;0;
FILTRE;2014;630010528;630000990;DECLA;0;0;0;0;0;0;0;0;0;0;0;0;0;0;1;0;0;0;0;0;0;0;0;0;0;0;0;0;0;0;0;0;0;0;0;0;0;0;0;
FILTRE;2014;630010528;630000990;INIT;0;0;0;0;0;0;0;0;0;0;0;0;0;0;1;;0;0;0;;;;;;;;;;;;;0;0;0;0;0;0;0;0;
FILTRE;2014;630011211;690795331;DECLA;0;0;0;0;1;0;0;0;0;0;0;0;0;0;0;0;0;0;0;0;0;0;0;0;0;0;0;0;0;0;0;0;0;0;0;0;0;0;0;
FILTRE;2014;630011211;690795331;INIT;0;0;0;0;1;0;0;0;0;0;0;0;0;0;0;;0;0;0;;;;;;;;;;;;;0;0;0;0;0;0;0;0;
FILTRE;2014;630011823;870015336;DECLA;0;0;0;0;1;0;0;0;0;0;0;0;0;0;0;0;0;0;0;0;0;0;0;0;0;1;0;0;0;0;0;0;0;0;0;0;0;0;0;
FILTRE;2014;630011823;870015336;INIT;0;0;0;0;1;0;0;0;0;0;0;0;0;0;0;;0;0;0;;;;;;;;;;;;;0;0;0;0;0;0;0;0;
FILTRE;2014;630780179;630011534;DECLA;0;0;0;0;1;0;0;0;0;0;0;0;0;0;0;0;0;0;0;0;0;0;0;1;0;1;0;0;0;1;0;0;0;0;0;0;0;0;0;
FILTRE;2014;630780179;630011534;INIT;0;0;0;0;1;0;0;0;0;0;0;0;0;0;0;;0;0;0;;;;;;;;;;;;;0;0;0;0;0;0;0;0;
FILTRE;2014;630780195;630786754;DECLA;0;0;0;1;0;0;0;0;1;0;0;0;0;0;0;0;0;0;0;0;0;0;0;1;0;1;1;0;0;0;0;0;0;0;0;0;0;0;0;
FILTRE;2014;630780195;630786754;INIT;0;0;0;1;0;0;0;0;1;0;0;0;0;0;0;;0;0;0;;;;;;;;;;;;;0;0;0;0;0;0;0;0;
FILTRE;2014;630780211;630000107;DECLA;1;1;0;0;0;0;1;1;0;0;1;0;0;0;0;;1;0;1;;;;;;;;;;0;;;1;1;1;0;0;0;0;0;
FILTRE;2014;630780211;630000107;INIT;1;1;0;0;0;0;1;1;0;0;1;0;0;0;0;;1;0;1;;;;;;;;;;;;;1;0;1;0;0;0;0;0;
FILTRE;2014;630780310;630000156;DECLA;0;0;0;0;1;0;0;0;0;0;0;0;0;0;0;0;0;0;0;0;0;0;0;1;0;1;0;0;0;0;0;0;0;0;0;0;0;0;0;
FILTRE;2014;630780310;630000156;INIT;0;0;0;0;1;0;0;0;0;0;0;0;0;0;0;;0;0;0;;;;;;;;;;;;;0;0;0;0;0;0;0;0;
FILTRE;2014;630780369;630000164;DECLA;1;1;0;0;0;0;0;1;0;0;0;0;0;0;0;1;0;0;1;0;1;0;0;1;0;1;0;0;0;0;0;0;1;1;0;0;0;0;0;
FILTRE;2014;630780369;630000164;INIT;0;1;0;0;0;0;0;1;0;0;0;0;0;0;0;;0;0;1;;;;;;;;;;;;;0;0;1;0;0;0;0;0;
FILTRE;2014;630780401;630000172;DECLA;0;0;0;1;0;0;0;0;1;0;0;0;0;0;0;0;0;0;0;0;0;0;0;1;0;1;0;0;0;0;0;0;0;0;0;0;0;0;0;
FILTRE;2014;630780401;630000172;INIT;0;0;0;1;0;0;0;0;1;0;0;0;0;0;0;;0;0;0;;;;;;;;;;;;;0;0;0;0;0;0;0;0;
FILTRE;2014;630780526;630009991;DECLA;0;0;0;0;1;0;0;0;0;0;0;0;0;0;0;0;0;0;0;0;0;0;0;1;0;1;0;0;0;0;0;0;0;0;0;0;0;0;0;
FILTRE;2014;630780526;630009991;INIT;0;0;0;0;1;0;0;0;0;0;0;0;0;0;0;;0;0;0;;;;;;;;;;;;;0;0;0;0;0;0;0;0;
FILTRE;2014;630780559;870015336;DECLA;0;0;0;0;1;0;0;0;0;0;0;0;0;0;0;0;0;0;0;0;0;0;0;1;0;1;0;0;0;0;0;0;0;0;0;0;0;0;0;
FILTRE;2014;630780559;870015336;INIT;0;0;0;0;1;0;0;0;0;0;0;0;0;0;0;;0;0;0;;;;;;;;;;;;;0;0;0;0;0;0;0;0;
FILTRE;2014;630781268;630780989;DECLA;1;1;1;0;0;0;1;1;0;0;1;1;1;0;0;0;1;0;1;1;0;1;0;1;1;0;1;0;0;1;0;0;1;1;0;0;1;0;0;
FILTRE;2014;630781268;630780989;INIT;1;1;1;0;0;0;1;1;0;0;1;1;1;0;0;;1;0;1;;;;;;;;;;;;;0;1;1;0;0;1;0;0;
FILTRE;2014;630781417;630000578;DECLA;0;0;0;1;0;0;0;0;1;0;0;0;0;0;0;0;0;0;0;0;0;0;0;1;0;1;0;0;0;0;0;0;0;0;0;0;0;0;0;
FILTRE;2014;630781417;630000578;INIT;0;0;0;1;0;0;0;0;1;0;0;0;0;0;0;;0;0;0;;;;;;;;;;;;;0;0;0;0;0;0;0;0;
FILTRE;2014;630781433;630000362;DECLA;0;0;0;0;1;0;0;0;0;0;0;0;0;0;0;0;0;0;0;0;0;0;0;0;0;0;0;0;0;0;0;0;0;0;0;0;0;0;0;
FILTRE;2014;630781433;630000362;INIT;0;0;0;0;1;0;0;0;0;0;0;0;0;0;0;;0;0;0;;;;;;;;;;;;;0;0;0;0;0;0;0;0;
FILTRE;2014;630781755;630011518;DECLA;0;0;0;0;1;0;0;0;0;0;0;0;0;0;0;0;0;0;0;1;0;0;0;1;0;1;0;1;0;1;1;0;0;0;0;0;0;0;0;
FILTRE;2014;630781755;630011518;INIT;0;0;0;0;1;0;0;0;0;0;0;0;0;0;0;;0;0;0;;;;;;;;;;;;;0;0;0;0;0;0;0;0;
FILTRE;2014;630781771;630780989;DECLA;0;0;0;1;0;0;0;0;1;0;0;0;0;0;0;0;0;0;0;0;0;0;0;0;0;0;0;0;0;0;0;0;0;0;0;0;0;0;0;
FILTRE;2014;630781771;630780989;INIT;0;0;0;1;0;0;0;0;1;0;0;0;0;0;0;;0;0;0;;;;;;;;;;;;;0;0;0;0;0;0;0;0;
FILTRE;2014;630781821;750043994;DECLA;0;0;0;1;0;1;0;0;1;0;0;0;0;0;0;0;0;0;0;0;0;0;0;1;0;1;0;0;0;0;0;0;0;0;0;0;0;0;0;
FILTRE;2014;630781821;750043994;INIT;1;0;0;1;0;1;0;0;1;0;0;0;0;0;0;;0;0;0;;;;;;;;;;;;;0;0;0;0;0;0;0;0;
FILTRE;2014;630781839;630000826;DECLA;1;1;1;0;0;0;1;1;0;0;1;0;1;0;0;0;0;0;1;1;0;0;1;1;1;1;1;0;0;1;1;0;1;1;0;0;0;0;0;
FILTRE;2014;630781839;630000826;INIT;1;1;1;0;0;0;1;1;0;0;1;0;1;0;0;;0;0;1;;;;;;;;;;;;;0;0;1;0;0;0;0;0;
FILTRE;2014;630783108;630000867;DECLA;0;1;0;0;0;0;0;1;0;0;0;0;0;0;0;0;0;0;1;0;1;0;0;1;1;1;0;0;0;0;0;0;0;0;0;0;0;0;0;
FILTRE;2014;630783108;630000867;INIT;1;1;0;0;0;0;0;1;0;0;0;0;0;0;0;;0;0;1;;;;;;;;;;;;;0;0;0;0;0;0;0;0;
FILTRE;2014;630783348;750050916;DECLA;0;0;0;0;1;0;0;0;0;0;0;0;0;0;0;0;0;0;0;0;0;0;0;0;0;0;0;0;0;0;1;0;0;0;0;0;0;0;0;
FILTRE;2014;630783348;750050916;INIT;0;0;0;0;1;0;0;0;0;0;0;0;0;0;0;;0;0;0;;;;;;;;;;;;;0;0;0;0;0;0;0;0;
FILTRE;2014;630783538;630780989;DECLA;1;0;0;0;1;0;0;0;0;0;0;0;0;0;0;1;0;0;0;1;0;0;0;0;0;0;0;1;0;1;1;0;0;0;0;0;0;0;0;
FILTRE;2014;630783538;630780989;INIT;1;0;0;0;1;0;0;0;0;0;0;0;0;0;0;;0;0;0;;;;;;;;;;;;;0;0;0;0;0;0;0;0;
FILTRE;2014;630784742;630000990;DECLA;0;0;0;0;0;0;0;0;0;0;0;1;0;0;0;0;0;0;0;0;0;0;0;0;0;0;0;0;0;0;0;0;0;0;0;0;0;0;0;
FILTRE;2014;630784742;630000990;INIT;0;0;0;0;0;0;0;0;0;0;0;1;0;0;0;;0;0;0;;;;;;;;;;;;;0;0;0;0;0;0;0;0;
FILTRE;2014;630785756;630001188;DECLA;0;0;0;0;1;0;0;0;0;0;0;0;0;0;0;0;0;0;0;0;0;0;0;1;0;0;0;0;0;0;1;0;0;0;0;0;0;0;0;
FILTRE;2014;630785756;630001188;INIT;0;0;0;0;1;0;0;0;0;0;0;0;0;0;0;;0;0;0;;;;;;;;;;;;;0;0;0;0;0;0;0;0;
FILTRE;2014;630787034;630780989;DECLA;0;0;0;0;0;1;0;0;0;0;0;0;0;0;0;1;0;0;0;0;0;0;0;0;0;0;0;0;0;1;0;0;0;0;0;0;0;0;0;
FILTRE;2014;630787034;630780989;INIT;0;0;0;0;0;1;0;0;0;0;0;0;0;0;0;;0;0;0;;;;;;;;;;;;;0;0;0;0;0;0;0;0;
FILTRE;2014;630790384;630786754;DECLA;0;0;0;0;0;1;0;0;0;0;0;0;0;0;0;0;0;0;0;0;0;0;0;1;0;0;0;0;0;0;1;0;0;0;0;0;0;0;0;
FILTRE;2014;630790384;630786754;INIT;0;0;0;0;0;1;0;0;0;0;0;0;0;0;0;;0;0;0;;;;;;;;;;;;;0;0;0;0;0;0;0;0;
FILTRE;2014;640000162;640780417;DECLA;1;1;1;1;0;1;1;1;1;0;1;1;1;0;1;0;1;1;1;1;1;1;1;1;1;1;0;1;1;1;1;1;1;1;1;1;0;0;0;
FILTRE;2014;640000162;640780417;INIT;1;1;1;1;0;1;1;1;1;0;1;1;1;0;1;;1;1;1;;;;;;;;;;;;;0;1;1;0;0;0;0;0;
FILTRE;2014;640000402;640780813;DECLA;1;1;1;0;1;1;1;0;0;0;1;0;1;1;1;1;1;1;1;1;1;1;0;1;1;1;0;1;0;0;1;0;0;0;0;0;0;0;0;
FILTRE;2014;640000402;640780813;INIT;1;1;1;0;1;1;1;0;0;0;0;0;1;0;1;;1;1;1;;;;;;;;;;;;;0;0;0;0;0;0;0;0;
FILTRE;2014;640000410;640780821;DECLA;1;1;0;0;1;1;1;1;0;0;1;0;0;0;0;0;1;1;1;1;1;1;0;1;1;1;0;0;0;1;1;0;1;1;0;0;0;0;0;
FILTRE;2014;640000410;640780821;INIT;1;1;0;0;1;1;1;1;0;0;0;0;0;0;0;;1;1;1;;;;;;;;;;;;;0;1;1;0;0;0;0;0;
FILTRE;2014;640000428;640780839;DECLA;1;0;0;0;1;0;0;0;0;0;0;0;0;0;0;0;0;0;0;0;0;0;0;1;0;1;0;0;0;0;1;0;0;0;0;0;0;0;0;
FILTRE;2014;640000428;640780839;INIT;1;0;0;0;1;0;0;0;0;0;0;0;0;0;0;;0;0;0;;;;;;;;;;;;;0;0;0;0;0;0;0;0;
FILTRE;2014;640000436;640780862;DECLA;0;0;0;1;0;0;0;0;1;0;0;0;0;0;0;0;0;0;0;0;0;0;0;1;0;1;0;0;0;0;0;0;0;0;0;0;0;0;0;
FILTRE;2014;640000436;640780862;INIT;0;0;0;1;0;0;0;0;1;0;0;0;0;0;0;;0;0;0;;;;;;;;;;;;;0;0;0;0;0;0;0;0;
FILTRE;2014;640000600;640781290;DECLA;1;1;1;0;1;1;1;1;0;0;1;0;1;0;1;1;1;1;1;1;1;1;1;1;1;1;0;1;1;1;1;1;1;1;0;1;1;0;0;
FILTRE;2014;640000600;640781290;INIT;1;1;1;0;1;1;1;1;0;0;1;0;1;0;1;;1;1;1;;;;;;;;;;;;;1;1;1;0;0;0;0;0;
FILTRE;2014;640003836;640791976;DECLA;0;0;0;0;0;1;0;0;0;0;0;0;0;0;0;0;0;0;0;0;0;0;0;1;0;0;0;0;0;0;0;0;0;0;0;0;0;0;0;
FILTRE;2014;640003836;640791976;INIT;0;0;0;0;0;1;0;0;0;0;0;0;0;0;0;;0;0;0;;;;;;;;;;;;;0;0;0;0;0;0;0;0;
FILTRE;2014;640005302;330000266;DECLA;0;0;0;0;0;0;0;0;0;0;0;1;0;0;0;0;0;0;0;0;0;0;0;0;0;0;0;0;0;0;0;0;0;0;0;0;0;0;0;
FILTRE;2014;640005302;330000266;INIT;0;0;0;0;0;0;0;0;0;0;0;1;0;0;0;;0;0;0;;;;;;;;;;;;;0;0;0;0;0;0;0;0;
FILTRE;2014;640005310;330000266;DECLA;0;0;0;0;0;0;0;0;0;0;0;1;0;0;0;0;0;0;0;0;0;0;0;0;0;0;0;0;0;0;0;0;0;0;0;0;0;0;0;
FILTRE;2014;640005310;330000266;INIT;0;0;0;0;0;0;0;0;0;0;0;1;0;0;0;;0;0;0;;;;;;;;;;;;;0;0;0;0;0;0;0;0;
FILTRE;2014;640005336;640017612;DECLA;0;0;0;0;0;0;0;0;0;0;0;1;0;0;0;0;0;0;0;0;0;0;0;0;0;1;0;0;0;0;0;0;0;0;0;0;0;0;0;
FILTRE;2014;640005336;640017612;INIT;0;0;0;0;0;0;0;0;0;0;0;1;0;0;0;;0;0;0;;;;;;;;;;;;;0;0;0;0;0;0;0;0;
FILTRE;2014;640005393;650789068;DECLA;0;0;0;0;0;0;0;0;0;1;0;0;0;0;0;0;0;0;0;0;0;0;0;0;0;0;0;0;0;0;0;0;0;0;0;0;0;0;0;
FILTRE;2014;640005393;650789068;INIT;0;0;0;0;0;0;0;0;0;1;0;0;0;0;0;;0;0;0;;;;;;;;;;;;;0;0;0;0;0;0;0;0;
FILTRE;2014;640005591;750043994;DECLA;0;0;0;0;1;0;0;0;0;0;0;0;0;0;0;0;0;0;0;0;0;0;0;1;0;1;0;0;0;0;1;0;0;0;0;0;0;0;0;
FILTRE;2014;640005591;750043994;INIT;0;0;0;0;1;0;0;0;0;0;0;0;0;0;0;;0;0;0;;;;;;;;;;;;;0;0;0;0;0;0;0;0;
FILTRE;2014;640007019;640007019;DECLA;0;0;0;1;0;0;0;0;1;0;0;0;0;0;0;0;0;0;0;0;0;0;0;0;0;0;0;0;0;0;0;0;0;0;0;0;0;0;0;
FILTRE;2014;640007019;640007019;INIT;0;0;0;1;0;0;0;0;1;0;0;0;0;0;0;;0;0;0;;;;;;;;;;;;;0;0;0;0;0;0;0;0;
FILTRE;2014;640010518;640010468;DECLA;0;0;0;0;1;0;0;0;0;0;0;0;0;0;0;0;0;0;0;0;0;0;0;1;0;1;0;0;0;0;0;0;0;0;0;0;0;0;0;
FILTRE;2014;640010518;640010468;INIT;0;0;0;0;1;0;0;0;0;0;0;0;0;0;0;;0;0;0;;;;;;;;;;;;;0;0;0;0;0;0;0;0;
FILTRE;2014;640013298;640011508;DECLA;0;0;0;0;0;0;0;0;0;0;0;0;0;0;1;1;0;0;0;0;0;0;0;0;0;1;0;0;0;0;1;0;0;0;0;0;0;0;0;
FILTRE;2014;640013298;640011508;INIT;0;0;0;0;0;0;0;0;0;0;0;0;0;0;1;;0;0;0;;;;;;;;;;;;;0;0;0;0;0;0;0;0;
FILTRE;2014;640013520;640017612;DECLA;0;0;0;0;0;0;0;0;0;0;0;1;0;0;0;0;0;0;0;0;0;0;0;0;0;1;0;0;0;0;0;0;0;0;0;0;0;0;0;
FILTRE;2014;640013520;640017612;INIT;0;0;0;0;0;0;0;0;0;0;0;1;0;0;0;;0;0;0;;;;;;;;;;;;;0;0;0;0;0;0;0;0;
FILTRE;2014;640013553;640000113;DECLA;0;0;0;0;0;0;0;0;0;0;0;1;0;0;0;0;0;0;0;0;0;0;0;0;0;0;0;0;0;0;0;0;0;0;0;0;0;0;0;
FILTRE;2014;640013553;640000113;INIT;0;0;0;0;0;0;0;0;0;0;0;1;0;0;0;;0;0;0;;;;;;;;;;;;;0;0;0;0;0;0;0;0;
FILTRE;2014;640015921;640780821;DECLA;0;1;1;0;0;0;1;1;0;0;0;0;1;0;0;0;0;0;1;0;0;0;0;0;0;0;0;0;0;0;0;0;0;0;0;0;0;0;0;
FILTRE;2014;640015921;640780821;INIT;0;1;1;0;0;0;0;1;0;0;0;0;1;0;0;;0;0;1;;;;;;;;;;;;;0;0;0;0;0;0;0;0;
FILTRE;2014;640016580;640010658;DECLA;1;0;0;0;0;0;0;0;0;0;0;0;0;0;0;0;0;0;0;0;0;0;0;0;0;0;0;0;0;0;0;1;1;0;0;0;0;0;0;
FILTRE;2014;640016580;640010658;INIT;1;0;0;0;0;0;0;0;0;0;0;0;0;0;0;;0;0;0;;;;;;;;;;;;;1;0;0;0;0;0;0;0;
FILTRE;2014;640016598;640010658;DECLA;1;0;0;0;0;0;0;0;0;0;0;0;0;0;0;0;0;0;0;0;0;1;0;0;0;0;0;0;0;0;0;1;1;0;0;0;0;0;0;
FILTRE;2014;640016598;640010658;INIT;1;0;0;0;0;0;0;0;0;0;0;0;0;0;0;;0;0;0;;;;;;;;;;;;;1;0;0;0;0;0;0;0;
FILTRE;2014;640017224;640011839;DECLA;0;0;0;0;1;0;0;0;0;0;0;0;0;0;0;1;0;0;0;0;0;0;0;0;0;1;0;1;1;0;1;0;0;0;0;0;0;0;0;
FILTRE;2014;640017224;640011839;INIT;0;0;0;0;1;0;0;0;0;0;0;0;0;0;0;;0;0;0;;;;;;;;;;;;;0;0;0;0;0;0;0;0;
FILTRE;2014;640017521;640790374;DECLA;0;0;0;0;0;0;0;0;1;0;0;0;0;0;0;0;0;0;0;0;0;0;0;0;0;0;0;0;0;0;0;0;0;0;0;0;0;0;0;
FILTRE;2014;640017521;640790374;INIT;0;0;0;0;0;0;0;0;1;0;0;0;0;0;0;;0;0;0;;;;;;;;;;;;;0;0;0;0;0;0;0;0;
FILTRE;2014;640017646;640017638;DECLA;1;1;1;0;0;0;1;1;0;0;1;0;1;0;0;0;1;0;1;1;0;1;0;1;1;1;0;0;0;0;0;0;1;0;0;0;0;0;0;
FILTRE;2014;640017646;640017638;INIT;1;1;1;0;0;0;0;1;0;0;0;0;0;0;0;;1;0;1;;;;;;;;;;;;;0;0;0;0;0;0;0;0;
FILTRE;2014;640017679;640017612;DECLA;0;0;0;0;0;0;0;0;0;0;0;1;0;0;0;0;0;0;0;0;0;0;0;0;0;1;0;0;0;0;0;0;0;0;0;0;0;0;0;
FILTRE;2014;640017679;640017612;INIT;0;0;0;0;0;0;0;0;0;0;0;1;0;0;0;;0;0;0;;;;;;;;;;;;;0;0;0;0;0;0;0;0;
FILTRE;2014;640780185;640000089;DECLA;0;0;0;0;1;0;0;0;0;0;0;0;0;0;0;0;0;0;0;1;0;1;0;1;0;1;0;0;0;0;0;0;0;0;0;0;0;0;0;
FILTRE;2014;640780185;640000089;INIT;0;0;0;0;1;0;0;0;0;0;0;0;0;0;0;;0;0;0;;;;;;;;;;;;;0;0;0;0;0;0;0;0;
FILTRE;2014;640780227;330056540;DECLA;0;0;0;0;1;0;0;0;0;0;0;0;0;0;0;0;0;0;0;0;0;0;0;1;1;1;0;0;0;0;0;0;0;0;0;0;0;0;0;
FILTRE;2014;640780227;330056540;INIT;0;0;0;0;1;0;0;0;0;0;0;0;0;0;0;;0;0;0;;;;;;;;;;;;;0;0;0;0;0;0;0;0;
FILTRE;2014;640780268;640000113;DECLA;1;1;0;0;0;0;0;1;0;0;0;0;0;0;0;0;0;0;1;0;0;0;0;1;1;1;0;0;0;0;0;0;0;0;0;0;0;0;0;
FILTRE;2014;640780268;640000113;INIT;1;1;0;0;0;0;0;1;0;0;0;0;0;0;0;;0;0;1;;;;;;;;;;;;;0;0;0;0;0;0;0;0;
FILTRE;2014;640780334;640017893;DECLA;0;0;0;1;0;0;0;0;1;0;0;0;0;0;0;0;0;0;0;0;0;0;0;1;0;0;0;0;0;0;1;0;0;0;0;0;0;0;0;
FILTRE;2014;640780334;640017893;INIT;0;0;0;1;0;0;0;0;1;0;0;0;0;0;0;;0;0;0;;;;;;;;;;;;;0;0;0;0;0;0;0;0;
FILTRE;2014;640780409;640000154;DECLA;0;0;0;1;0;0;0;0;1;0;0;0;0;0;0;0;0;0;0;0;0;0;0;1;0;1;0;0;0;0;1;0;0;0;0;0;0;0;0;
FILTRE;2014;640780409;640000154;INIT;0;0;0;1;0;0;0;0;1;0;0;0;0;0;0;;0;0;0;;;;;;;;;;;;;0;0;0;0;0;0;0;0;
FILTRE;2014;640780433;640012209;DECLA;1;1;0;0;0;0;1;1;0;0;1;0;0;0;0;0;1;0;1;0;0;0;0;1;1;1;0;0;0;1;0;0;1;1;0;0;0;0;0;
FILTRE;2014;640780433;640012209;INIT;1;1;0;0;0;0;1;1;0;0;0;0;0;0;0;;1;0;1;;;;;;;;;;;;;0;0;1;0;0;0;0;0;
FILTRE;2014;640780482;640012209;DECLA;1;1;1;0;0;0;1;1;0;0;0;0;1;0;0;0;0;0;1;0;0;1;1;1;1;1;0;0;0;0;0;0;1;1;0;0;0;0;0;
FILTRE;2014;640780482;640012209;INIT;1;1;1;0;0;0;0;1;0;0;0;0;1;0;0;;0;0;1;;;;;;;;;;;;;0;0;1;0;0;0;0;0;
FILTRE;2014;640780490;640000212;DECLA;1;1;0;0;1;0;1;1;0;0;1;0;0;0;0;0;1;0;1;1;1;1;0;1;1;1;0;0;0;1;1;0;1;1;0;0;0;0;0;
FILTRE;2014;640780490;640000212;INIT;1;1;0;0;1;0;0;1;0;0;1;0;0;0;0;;1;0;1;;;;;;;;;;;;;0;0;1;0;0;0;0;0;
FILTRE;2014;640780557;640000238;DECLA;1;0;0;0;1;0;0;0;0;0;0;0;0;0;0;0;0;0;0;1;0;1;0;1;0;1;0;0;0;0;1;0;0;0;0;0;0;0;0;
FILTRE;2014;640780557;640000238;INIT;1;0;0;0;1;0;0;0;0;0;0;0;0;0;0;;0;0;0;;;;;;;;;;;;;0;0;0;0;0;0;0;0;
FILTRE;2014;640780581;640000253;DECLA;0;0;0;0;1;0;0;0;0;0;0;0;0;0;0;0;0;0;0;0;0;0;0;1;0;0;0;0;0;0;1;0;0;0;0;0;0;0;0;
FILTRE;2014;640780581;640000253;INIT;0;0;0;0;1;0;0;0;0;0;0;0;0;0;0;;0;0;0;;;;;;;;;;;;;0;0;0;0;0;0;0;0;
FILTRE;2014;640780607;640000261;DECLA;0;0;0;0;1;0;0;0;0;0;0;0;0;0;0;0;0;0;0;0;0;0;0;0;0;0;0;0;0;0;1;0;0;0;0;0;0;0;0;
FILTRE;2014;640780607;640000261;INIT;0;0;0;0;1;0;0;0;0;0;0;0;0;0;0;;0;0;0;;;;;;;;;;;;;0;0;0;0;0;0;0;0;
FILTRE;2014;640780623;640000287;DECLA;1;0;0;0;1;0;0;0;0;0;0;0;0;0;0;0;0;0;0;1;0;0;0;1;0;1;0;0;0;1;0;0;0;0;0;0;0;0;0;
FILTRE;2014;640780623;640000287;INIT;1;0;0;0;1;0;0;0;0;0;0;0;0;0;0;;0;0;0;;;;;;;;;;;;;0;0;0;0;0;0;0;0;
FILTRE;2014;640780631;640000295;DECLA;0;0;0;0;1;0;0;0;0;0;0;0;0;0;0;0;0;0;0;1;0;0;0;1;0;1;0;0;0;0;0;0;0;0;0;0;0;0;0;
FILTRE;2014;640780631;640000295;INIT;0;0;0;0;1;0;0;0;0;0;0;0;0;0;0;;0;0;0;;;;;;;;;;;;;0;0;0;0;0;0;0;0;
FILTRE;2014;640780649;640000303;DECLA;0;0;0;0;1;0;0;0;0;0;0;0;0;0;0;0;0;0;0;0;0;1;0;1;0;1;0;0;0;0;0;0;0;0;0;0;0;0;0;
FILTRE;2014;640780649;640000303;INIT;0;0;0;0;1;0;0;0;0;0;0;0;0;0;0;;0;0;0;;;;;;;;;;;;;0;0;0;0;0;0;0;0;
FILTRE;2014;640780672;640000337;DECLA;0;0;0;0;1;0;1;0;0;0;0;0;0;0;0;0;0;0;0;1;0;1;0;1;0;1;0;0;0;0;0;0;0;0;0;0;0;0;0;
FILTRE;2014;640780672;640000337;INIT;1;0;0;0;1;0;0;0;0;0;0;0;0;0;0;;0;0;0;;;;;;;;;;;;;0;0;0;0;0;0;0;0;
FILTRE;2014;640780714;750720427;DECLA;0;0;0;0;1;0;0;0;0;0;0;0;0;0;0;0;0;0;0;0;0;0;0;1;0;1;0;0;0;1;0;0;0;0;0;0;0;0;0;
FILTRE;2014;640780714;750720427;INIT;0;0;0;0;1;0;0;0;0;0;0;0;0;0;0;;0;0;0;;;;;;;;;;;;;0;0;0;0;0;0;0;0;
FILTRE;2014;640780748;640000360;DECLA;1;1;0;0;0;0;1;1;0;0;1;0;0;0;0;0;1;0;1;0;0;1;1;1;1;1;0;0;0;1;0;0;0;1;0;0;0;0;0;
FILTRE;2014;640780748;640000360;INIT;1;1;0;0;0;0;0;1;0;0;1;0;0;0;0;;1;0;1;;;;;;;;;;;;;0;0;1;0;0;0;0;0;
FILTRE;2014;640780755;640780417;DECLA;1;0;0;0;1;1;0;0;0;0;0;0;0;1;0;1;0;0;0;1;0;0;0;0;0;0;0;0;0;0;1;0;0;0;0;0;0;0;0;
FILTRE;2014;640780755;640780417;INIT;0;0;0;0;1;1;0;0;0;0;0;0;0;0;0;;0;0;0;;;;;;;;;;;;;0;0;0;0;0;0;0;0;
FILTRE;2014;640780789;640012209;DECLA;1;1;0;0;0;0;0;1;0;0;1;0;0;0;0;0;0;0;1;0;0;0;0;1;1;1;0;0;0;1;0;0;0;0;0;0;0;0;0;
FILTRE;2014;640780789;640012209;INIT;1;1;0;0;0;0;0;1;0;0;1;0;0;0;0;;0;0;1;;;;;;;;;;;;;0;0;0;0;0;0;0;0;
FILTRE;2014;640780904;750721334;DECLA;0;0;0;0;1;0;0;0;0;0;0;0;0;0;0;0;0;0;0;0;0;0;0;0;0;0;0;0;0;1;0;0;0;0;0;0;0;0;0;
FILTRE;2014;640780904;750721334;INIT;0;0;0;0;1;0;0;0;0;0;0;0;0;0;0;;0;0;0;;;;;;;;;;;;;0;0;0;0;0;0;0;0;
FILTRE;2014;640780938;640000451;DECLA;1;1;0;0;0;0;0;1;0;0;1;0;0;0;0;0;1;0;1;1;0;0;0;1;1;1;0;0;0;1;1;0;1;1;0;0;0;0;0;
FILTRE;2014;640780938;640000451;INIT;1;1;0;0;0;0;0;1;0;0;1;0;0;0;0;;1;0;1;;;;;;;;;;;;;0;0;1;0;0;0;0;0;
FILTRE;2014;640780946;640000469;DECLA;1;1;1;0;0;0;1;1;0;0;1;0;1;0;0;0;0;0;1;1;0;0;0;1;1;1;0;0;0;0;0;0;1;1;1;0;0;0;0;
FILTRE;2014;640780946;640000469;INIT;1;1;1;0;0;0;1;1;0;0;0;0;1;0;0;;0;0;1;;;;;;;;;;;;;0;0;1;0;0;0;0;0;
FILTRE;2014;640780987;640000493;DECLA;0;1;0;0;0;0;0;1;0;0;0;0;0;0;0;0;0;0;1;0;0;0;0;1;1;1;0;0;0;0;0;0;1;1;0;0;0;0;0;
FILTRE;2014;640780987;640000493;INIT;0;1;0;0;0;0;0;1;0;0;0;0;0;0;0;;0;0;1;;;;;;;;;;;;;0;0;1;0;0;0;0;0;
FILTRE;2014;640781225;640000568;DECLA;1;0;0;0;1;0;1;0;0;0;0;0;0;0;0;0;0;0;1;0;0;1;0;1;1;1;0;0;0;0;1;1;1;0;0;0;0;0;0;
FILTRE;2014;640781225;640000568;INIT;1;0;0;0;1;0;1;0;0;0;0;0;0;0;0;;0;0;0;;;;;;;;;;;;;1;0;0;0;0;0;0;0;
FILTRE;2014;640781308;640000618;DECLA;1;0;0;0;0;0;1;0;0;0;0;0;0;0;0;0;0;0;0;0;0;0;0;0;0;1;0;0;0;0;0;0;0;0;0;0;0;0;0;
FILTRE;2014;640781308;640000618;INIT;1;0;0;0;0;0;1;0;0;0;0;0;0;0;0;;0;0;0;;;;;;;;;;;;;0;0;0;0;0;0;0;0;
FILTRE;2014;640781332;640017612;DECLA;0;0;0;0;0;0;0;0;0;0;0;1;0;0;0;0;0;0;0;0;0;0;0;1;0;1;0;0;0;0;0;0;0;0;0;0;0;0;0;
FILTRE;2014;640781332;640017612;INIT;0;0;0;0;0;0;0;0;0;0;0;1;0;0;0;;0;0;0;;;;;;;;;;;;;0;0;0;0;0;0;0;0;
FILTRE;2014;640781340;640000642;DECLA;0;0;0;0;1;0;0;0;0;0;0;0;0;0;0;0;0;0;0;0;0;0;0;0;0;0;0;0;0;0;0;0;0;0;0;0;0;0;0;
FILTRE;2014;640781340;640000642;INIT;0;0;0;0;1;0;0;0;0;0;0;0;0;0;0;;0;0;0;;;;;;;;;;;;;0;0;0;0;0;0;0;0;
FILTRE;2014;640781365;750052292;DECLA;0;0;0;1;0;0;0;0;1;0;0;0;0;0;0;0;0;0;0;0;0;0;0;0;0;0;0;0;0;0;0;0;0;0;0;0;0;0;0;
FILTRE;2014;640781365;750052292;INIT;0;0;0;1;0;0;0;0;1;0;0;0;0;0;0;;0;0;0;;;;;;;;;;;;;0;0;0;0;0;0;0;0;
FILTRE;2014;640781399;640000683;DECLA;0;0;0;1;0;0;0;0;1;0;0;0;0;0;0;0;0;0;0;0;0;0;0;1;0;1;0;0;0;0;0;0;0;0;0;0;0;0;0;
FILTRE;2014;640781399;640000683;INIT;0;0;0;1;0;0;0;0;1;0;0;0;0;0;0;;0;0;0;;;;;;;;;;;;;0;0;0;0;0;0;0;0;
FILTRE;2014;640784278;640780417;DECLA;0;0;0;0;0;0;0;0;1;0;0;0;0;0;0;0;0;0;0;0;0;0;0;0;0;0;0;0;0;0;0;0;0;0;0;0;0;0;0;
FILTRE;2014;640786281;640791976;DECLA;0;0;0;0;0;1;0;0;0;0;0;0;0;0;0;0;0;0;0;0;0;0;0;0;0;0;0;0;0;0;1;0;0;0;0;0;0;0;0;
FILTRE;2014;640786281;640791976;INIT;0;0;0;0;0;1;0;0;0;0;0;0;0;0;0;;0;0;0;;;;;;;;;;;;;0;0;0;0;0;0;0;0;
FILTRE;2014;640787149;640001681;DECLA;0;0;0;0;1;0;0;0;0;0;0;0;0;0;0;1;0;0;0;0;0;0;0;1;0;1;0;0;0;0;0;0;0;0;0;0;0;0;0;
FILTRE;2014;640787149;640001681;INIT;0;0;0;0;1;0;0;0;0;0;0;0;0;0;0;;0;0;0;;;;;;;;;;;;;0;0;0;0;0;0;0;0;
FILTRE;2014;640787156;640001699;DECLA;1;0;0;0;1;0;0;1;0;0;0;0;0;0;0;0;0;0;1;0;0;1;0;1;1;1;0;0;0;0;1;0;0;0;0;0;0;0;0;
FILTRE;2014;640787156;640001699;INIT;1;0;0;0;1;0;0;1;0;0;0;0;0;0;0;;0;0;1;;;;;;;;;;;;;0;0;0;0;0;0;0;0;
FILTRE;2014;640787172;640001715;DECLA;0;0;0;0;0;0;0;0;0;1;0;0;0;0;0;0;0;0;0;0;0;0;0;0;0;0;0;0;0;0;1;0;0;0;0;0;0;0;0;
FILTRE;2014;640787172;640001715;INIT;0;0;0;0;0;0;0;0;0;1;0;0;0;0;0;;0;0;0;;;;;;;;;;;;;0;0;0;0;0;0;0;0;
FILTRE;2014;640789426;640003497;DECLA;0;0;0;0;1;0;0;0;0;0;0;0;0;0;0;0;0;0;0;0;0;0;0;1;0;1;0;0;0;0;0;0;0;0;0;0;0;0;0;
FILTRE;2014;640789426;640003497;INIT;0;0;0;0;1;0;0;0;0;0;0;0;0;0;0;;0;0;0;;;;;;;;;;;;;0;0;0;0;0;0;0;0;
FILTRE;2014;640789624;640016614;DECLA;0;0;0;0;1;0;0;0;0;0;0;0;0;0;0;0;0;0;0;0;0;0;0;1;0;0;0;0;0;0;1;0;0;0;0;0;0;0;0;
FILTRE;2014;640789624;640016614;INIT;0;0;0;0;1;0;0;0;0;0;0;0;0;0;0;;0;0;0;;;;;;;;;;;;;0;0;0;0;0;0;0;0;
FILTRE;2014;640789640;640000113;DECLA;0;0;0;0;0;0;0;0;0;0;0;1;0;0;0;0;0;0;0;0;0;0;0;0;0;0;1;0;0;0;0;0;0;0;0;0;0;0;0;
FILTRE;2014;640789640;640000113;INIT;0;0;0;0;0;0;0;0;0;0;0;1;0;0;0;;0;0;0;;;;;;;;;;;;;0;0;0;0;0;0;0;0;
FILTRE;2014;640789699;640003570;DECLA;0;0;0;0;0;0;0;0;0;0;0;0;0;0;1;0;0;0;0;0;0;0;0;0;0;0;0;0;0;0;1;0;0;0;0;0;0;0;0;
FILTRE;2014;640789699;640003570;INIT;0;0;0;0;0;0;0;0;0;0;0;0;0;0;1;;0;0;0;;;;;;;;;;;;;0;0;0;0;0;0;0;0;
FILTRE;2014;640790150;750712184;DECLA;0;0;0;0;1;0;0;0;0;0;0;0;0;0;0;0;0;0;0;1;0;0;0;1;0;1;1;0;0;0;0;0;0;0;0;0;0;0;0;
FILTRE;2014;640790150;750712184;INIT;0;0;0;0;1;0;0;0;0;0;0;0;0;0;0;;0;0;0;;;;;;;;;;;;;0;0;0;0;0;0;0;0;
FILTRE;2014;640792305;640000626;DECLA;0;0;0;0;1;0;0;0;0;0;0;0;0;0;0;0;0;0;0;0;0;0;0;0;0;0;0;0;0;0;0;0;0;0;0;0;0;0;0;
FILTRE;2014;640792305;640000626;INIT;0;0;0;0;1;0;0;0;0;0;0;0;0;0;0;;0;0;0;;;;;;;;;;;;;0;0;0;0;0;0;0;0;
FILTRE;2014;640796736;640000113;DECLA;0;0;0;0;0;0;0;0;0;0;0;1;0;0;0;0;0;0;0;0;0;0;0;0;0;0;0;0;0;0;0;0;0;0;0;0;0;0;0;
FILTRE;2014;640796736;640000113;INIT;0;0;0;0;0;0;0;0;0;0;0;1;0;0;0;;0;0;0;;;;;;;;;;;;;0;0;0;0;0;0;0;0;
FILTRE;2014;640796835;640000113;DECLA;0;0;0;0;0;0;0;0;0;0;0;1;0;0;0;0;0;0;0;0;0;0;0;0;0;0;0;0;0;0;0;0;0;0;0;0;0;0;0;
FILTRE;2014;640796835;640000113;INIT;0;0;0;0;0;0;0;0;0;0;0;1;0;0;0;;0;0;0;;;;;;;;;;;;;0;0;0;0;0;0;0;0;
FILTRE;2014;640797155;640000113;DECLA;0;0;0;0;0;0;0;0;0;0;0;1;0;0;0;0;0;0;0;0;0;0;0;0;0;0;0;0;0;0;0;0;0;0;0;0;0;0;0;
FILTRE;2014;640797155;640000113;INIT;0;0;0;0;0;0;0;0;0;0;0;1;0;0;0;;0;0;0;;;;;;;;;;;;;0;0;0;0;0;0;0;0;
FILTRE;2014;640797296;640000113;DECLA;0;0;0;0;0;0;0;0;0;0;0;1;0;0;0;0;0;0;0;0;0;0;0;0;0;0;0;0;0;0;0;0;0;0;0;0;0;0;0;
FILTRE;2014;640797296;640000113;INIT;0;0;0;0;0;0;0;0;0;0;0;1;0;0;0;;0;0;0;;;;;;;;;;;;;0;0;0;0;0;0;0;0;
FILTRE;2014;650000045;650780158;DECLA;1;1;1;0;1;1;1;1;0;0;1;0;1;0;0;0;1;1;1;1;1;1;0;1;1;1;0;1;0;1;1;0;1;1;0;0;0;0;0;
FILTRE;2014;650000045;650780158;INIT;1;1;1;0;1;1;1;1;0;0;1;0;1;0;0;;1;1;1;;;;;;;;;;;;;0;1;1;0;0;0;0;0;
FILTRE;2014;650000052;650780166;DECLA;1;0;0;0;1;0;0;0;0;0;0;0;0;0;0;0;1;0;0;1;0;0;0;1;0;1;0;1;0;0;1;0;0;0;0;0;0;0;0;
FILTRE;2014;650000052;650780166;INIT;1;0;0;0;1;0;1;0;0;0;0;0;0;0;0;;1;0;0;;;;;;;;;;;;;0;0;0;0;0;0;0;0;
FILTRE;2014;650000060;650780174;DECLA;0;0;0;1;0;1;0;0;1;0;0;0;0;0;0;0;0;0;0;0;0;0;0;0;0;1;0;0;0;0;0;0;0;0;0;0;0;0;0;
FILTRE;2014;650000060;650780174;INIT;0;0;0;1;0;1;0;0;1;0;0;0;0;0;0;;0;0;0;;;;;;;;;;;;;0;0;0;0;0;0;0;0;
FILTRE;2014;650000078;650780190;DECLA;0;0;0;0;1;0;0;0;0;0;0;0;0;0;0;0;0;0;0;1;0;0;0;0;0;1;0;0;0;0;1;0;0;0;0;0;0;0;0;
FILTRE;2014;650000078;650780190;INIT;0;0;0;0;1;0;0;0;0;0;0;0;0;0;0;;0;0;0;;;;;;;;;;;;;0;0;0;0;0;0;0;0;
FILTRE;2014;650000417;650783160;DECLA;1;1;1;0;0;0;1;1;0;0;1;1;1;0;0;0;1;1;1;1;1;1;1;1;1;1;1;1;1;1;1;1;1;1;0;0;0;0;0;
FILTRE;2014;650000417;650783160;INIT;1;1;1;0;0;0;1;1;0;0;1;1;1;0;0;;1;1;1;;;;;;;;;;;;;1;1;1;0;0;0;0;0;
FILTRE;2014;650001779;650001738;DECLA;0;0;0;0;0;0;0;0;0;0;1;0;0;0;1;0;0;0;0;0;0;0;0;0;0;1;0;0;0;0;0;0;0;0;0;0;0;0;0;
FILTRE;2014;650001779;650001738;INIT;0;0;0;0;0;0;0;0;0;0;0;0;0;0;1;;0;0;0;;;;;;;;;;;;;0;0;0;0;0;0;0;0;
FILTRE;2014;650002579;650000243;DECLA;0;1;0;0;1;0;0;1;0;0;0;0;0;0;0;0;0;0;1;0;0;0;0;1;1;1;0;0;0;0;0;0;1;0;0;0;0;0;0;
FILTRE;2014;650002579;650000243;INIT;0;1;0;0;1;0;0;1;0;0;0;0;0;0;0;;0;0;1;;;;;;;;;;;;;0;0;1;0;0;0;0;0;
FILTRE;2014;650005044;310000633;DECLA;0;0;0;0;0;0;0;0;0;0;0;1;0;0;0;0;0;0;0;0;0;0;0;0;0;0;0;0;0;0;0;0;0;0;0;0;0;0;0;
FILTRE;2014;650005044;310000633;INIT;0;0;0;0;0;0;0;0;0;0;0;1;0;0;0;;0;0;0;;;;;;;;;;;;;0;0;0;0;0;0;0;0;
FILTRE;2014;650780141;650783160;DECLA;0;0;0;0;1;1;0;0;0;0;0;0;0;0;0;0;0;0;0;0;0;0;0;0;0;0;0;1;1;1;1;0;0;0;0;0;0;0;0;
FILTRE;2014;650780141;650783160;INIT;0;0;0;0;1;1;0;0;0;0;0;0;0;0;0;;0;0;0;;;;;;;;;;;;;0;0;0;0;0;0;0;0;
FILTRE;2014;650780182;650783160;DECLA;1;0;0;0;1;1;0;0;0;0;0;0;0;0;0;0;0;0;0;0;0;0;0;0;0;0;0;0;0;1;1;0;0;0;0;0;0;0;0;
FILTRE;2014;650780182;650783160;INIT;1;0;0;0;1;1;1;0;0;0;0;0;0;0;0;;0;0;0;;;;;;;;;;;;;0;0;0;0;0;0;0;0;
FILTRE;2014;650780323;650000128;DECLA;0;0;0;0;1;0;0;0;0;0;0;0;0;0;0;0;0;0;0;0;0;0;0;0;0;0;0;0;0;0;0;0;0;0;0;0;0;0;0;
FILTRE;2014;650780323;650000128;INIT;0;0;0;0;1;0;0;0;0;0;0;0;0;0;0;;0;0;0;;;;;;;;;;;;;0;0;0;0;0;0;0;0;
FILTRE;2014;650780398;750005068;DECLA;0;0;0;0;1;0;0;0;0;0;0;0;0;0;0;0;0;0;0;0;0;0;0;1;0;1;0;0;0;0;0;0;0;0;0;0;0;0;0;
FILTRE;2014;650780398;750005068;INIT;0;0;0;0;1;0;0;0;0;0;0;0;0;0;0;;0;0;0;;;;;;;;;;;;;0;0;0;0;0;0;0;0;
FILTRE;2014;650780679;650000243;DECLA;1;1;1;0;0;0;1;1;0;1;1;0;1;0;0;0;1;0;1;0;0;0;0;1;1;1;1;1;0;1;0;1;1;1;0;0;0;0;0;
FILTRE;2014;650780679;650000243;INIT;1;1;1;0;0;0;1;1;0;0;1;0;1;0;0;;1;0;1;;;;;;;;;;;;;1;0;1;0;0;0;0;0;
FILTRE;2014;650780729;650000276;DECLA;0;0;0;1;0;0;0;0;1;0;0;0;0;0;0;0;0;0;0;0;0;0;0;1;0;1;0;0;0;0;0;0;0;0;0;0;0;0;0;
FILTRE;2014;650780729;650000276;INIT;0;0;0;1;0;0;0;0;1;0;0;0;0;0;0;;0;0;0;;;;;;;;;;;;;0;0;0;0;0;0;0;0;
FILTRE;2014;650780737;650000284;DECLA;0;0;0;1;0;0;0;0;0;0;0;0;0;0;0;0;0;0;0;0;0;0;0;0;0;0;0;0;0;0;0;0;0;0;0;0;0;0;0;
FILTRE;2014;650780737;650000284;INIT;0;0;0;1;0;0;0;0;0;0;0;0;0;0;0;;0;0;0;;;;;;;;;;;;;0;0;0;0;0;0;0;0;
FILTRE;2014;650784218;650780174;DECLA;1;1;1;0;0;0;1;1;0;0;0;0;1;1;0;0;1;1;1;1;0;1;0;1;1;1;1;1;0;1;1;0;1;0;0;0;0;0;0;
FILTRE;2014;650784218;650780174;INIT;1;1;0;1;0;0;1;1;0;0;0;0;1;1;0;;1;1;1;;;;;;;;;;;;;0;0;0;0;0;0;0;0;
FILTRE;2014;650786668;650780166;DECLA;0;0;0;0;0;1;0;0;0;0;0;0;0;0;0;0;0;0;0;0;0;0;0;0;0;0;0;0;0;0;0;0;0;0;0;0;0;0;0;
FILTRE;2014;650786668;650780166;INIT;0;0;0;0;0;1;0;0;0;0;0;0;0;0;0;;0;0;0;;;;;;;;;;;;;0;0;0;0;0;0;0;0;
FILTRE;2014;650788573;310000633;DECLA;0;0;0;0;0;0;0;0;0;0;0;1;0;0;0;0;0;0;0;0;0;0;0;0;0;0;0;0;0;0;0;0;0;0;0;0;0;0;0;
FILTRE;2014;650788573;310000633;INIT;0;0;0;0;0;0;0;0;0;0;0;1;0;0;0;;0;0;0;;;;;;;;;;;;;0;0;0;0;0;0;0;0;
FILTRE;2014;650788599;310000633;DECLA;0;0;0;0;0;0;0;0;0;0;0;1;0;0;0;0;0;0;0;0;0;0;0;0;0;0;0;0;0;0;0;0;0;0;0;0;0;0;0;
FILTRE;2014;650788599;310000633;INIT;0;0;0;0;0;0;0;0;0;0;0;1;0;0;0;;0;0;0;;;;;;;;;;;;;0;0;0;0;0;0;0;0;
FILTRE;2014;650788607;310000633;DECLA;0;0;0;0;0;0;0;0;0;0;0;1;0;0;0;0;0;0;0;0;0;0;0;0;0;0;0;0;0;0;0;0;0;0;0;0;0;0;0;
FILTRE;2014;650788607;310000633;INIT;0;0;0;0;0;0;0;0;0;0;0;1;0;0;0;;0;0;0;;;;;;;;;;;;;0;0;0;0;0;0;0;0;
FILTRE;2014;650788615;310000633;DECLA;0;0;0;0;0;0;0;0;0;0;0;1;0;0;0;0;0;0;0;0;0;0;0;0;0;0;0;0;0;0;0;0;0;0;0;0;0;0;0;
FILTRE;2014;650788615;310000633;INIT;0;0;0;0;0;0;0;0;0;0;0;1;0;0;0;;0;0;0;;;;;;;;;;;;;0;0;0;0;0;0;0;0;
FILTRE;2014;650789308;650789068;DECLA;0;0;0;0;0;0;0;0;0;1;0;0;0;0;0;0;0;0;0;0;0;0;0;0;0;0;1;0;0;0;0;0;0;0;0;0;0;0;0;
FILTRE;2014;650789308;650789068;INIT;0;0;0;0;0;0;0;0;0;1;0;0;0;0;0;;0;0;0;;;;;;;;;;;;;0;0;0;0;0;0;0;0;
FILTRE;2014;660000084;660780180;DECLA;1;1;1;0;1;1;1;1;0;0;1;1;1;0;1;1;1;1;1;1;1;1;0;1;1;1;0;1;1;1;0;1;1;1;1;0;0;0;0;
FILTRE;2014;660000084;660780180;INIT;1;1;1;0;1;0;1;1;0;0;1;1;1;0;1;;1;1;1;;;;;;;;;;;;;1;1;1;1;0;0;0;0;
FILTRE;2014;660000092;660780198;DECLA;0;0;0;1;0;0;0;0;1;0;0;0;0;0;0;1;0;0;0;0;1;0;0;1;0;1;0;0;0;0;0;0;0;0;0;0;0;0;0;
FILTRE;2014;660000092;660780198;INIT;0;0;0;1;0;0;0;0;1;0;0;0;0;0;0;;0;0;0;;;;;;;;;;;;;0;0;0;0;0;0;0;0;
FILTRE;2014;660000142;660000142;DECLA;0;0;0;1;0;0;0;0;1;0;0;0;0;0;0;0;0;0;0;0;0;0;0;1;0;0;0;0;0;0;0;0;0;0;0;0;0;0;0;
FILTRE;2014;660000142;660000142;INIT;0;0;0;1;0;0;0;0;1;0;0;0;0;0;0;;0;0;0;;;;;;;;;;;;;0;0;0;0;0;0;0;0;
FILTRE;2014;660000167;660780271;DECLA;1;0;0;0;1;1;1;0;0;0;0;0;0;0;0;0;0;0;0;0;0;0;0;1;0;0;0;0;0;1;1;0;0;0;0;0;0;0;0;
FILTRE;2014;660000167;660780271;INIT;1;0;0;0;1;1;1;0;0;0;0;0;0;0;0;;0;0;0;;;;;;;;;;;;;0;0;0;0;0;0;0;0;
FILTRE;2014;660000365;660000365;DECLA;0;0;0;1;0;0;0;0;0;0;0;0;0;0;0;0;0;0;0;0;0;0;0;1;0;0;0;0;0;0;0;0;0;0;0;0;0;0;0;
FILTRE;2014;660000365;660000365;INIT;0;0;0;1;0;0;0;0;0;0;0;0;0;0;0;;0;0;0;;;;;;;;;;;;;0;0;0;0;0;0;0;0;
FILTRE;2014;660000605;660786799;DECLA;0;0;0;0;1;0;0;0;0;0;0;0;0;0;0;0;0;0;0;1;0;0;0;1;0;1;0;0;0;1;0;0;0;0;0;0;0;0;0;
FILTRE;2014;660000605;660786799;INIT;0;0;0;0;1;0;0;0;0;0;0;0;0;0;0;;0;0;0;;;;;;;;;;;;;0;0;0;0;0;0;0;0;
FILTRE;2014;660004953;660790379;DECLA;0;0;0;0;0;0;0;0;0;0;0;1;0;0;0;0;0;0;0;0;0;0;0;0;0;0;0;0;0;0;0;0;0;0;0;0;0;0;0;
FILTRE;2014;660004953;660790379;INIT;0;0;0;0;0;0;0;0;0;0;0;1;0;0;0;;0;0;0;;;;;;;;;;;;;0;0;0;0;0;0;0;0;
FILTRE;2014;660004961;660790379;DECLA;0;0;0;0;0;0;0;0;0;0;0;1;0;0;0;0;0;0;0;0;0;0;0;0;0;0;0;0;0;0;0;0;0;0;0;0;0;0;0;
FILTRE;2014;660004961;660790379;INIT;0;0;0;0;0;0;0;0;0;0;0;1;0;0;0;;0;0;0;;;;;;;;;;;;;0;0;0;0;0;0;0;0;
FILTRE;2014;660004979;660790379;DECLA;0;0;0;0;0;0;0;0;0;0;0;1;0;0;0;0;0;0;0;0;0;0;0;0;0;0;0;0;0;0;0;0;0;0;0;0;0;0;0;
FILTRE;2014;660004979;660790379;INIT;0;0;0;0;0;0;0;0;0;0;0;1;0;0;0;;0;0;0;;;;;;;;;;;;;0;0;0;0;0;0;0;0;
FILTRE;2014;660005166;660786542;DECLA;0;0;0;0;1;0;0;0;0;0;0;0;0;0;0;0;0;0;0;0;0;0;0;1;0;1;0;0;0;0;0;0;0;0;0;0;0;0;0;
FILTRE;2014;660005166;660786542;INIT;0;0;0;0;1;0;0;0;0;0;0;0;0;0;0;;0;0;0;;;;;;;;;;;;;0;0;0;0;0;0;0;0;
FILTRE;2014;660005182;340000264;DECLA;0;0;0;0;0;0;0;0;0;0;0;1;0;0;0;0;0;0;0;0;0;0;0;1;0;1;0;0;0;0;0;0;0;0;0;0;0;0;0;
FILTRE;2014;660005182;340000264;INIT;0;0;0;0;0;0;0;0;0;0;0;1;0;0;0;;0;0;0;;;;;;;;;;;;;0;0;0;0;0;0;0;0;
FILTRE;2014;660005190;340000264;DECLA;0;0;0;0;0;0;0;0;0;0;0;1;0;0;0;0;0;0;0;0;0;0;0;1;0;1;0;0;0;0;0;0;0;0;0;0;0;0;0;
FILTRE;2014;660005190;340000264;INIT;0;0;0;0;0;0;0;0;0;0;0;1;0;0;0;;0;0;0;;;;;;;;;;;;;0;0;0;0;0;0;0;0;
FILTRE;2014;660005208;340000264;DECLA;0;0;0;0;0;0;0;0;0;0;0;1;0;0;0;0;0;0;0;0;0;0;0;1;0;1;0;0;0;0;0;0;0;0;0;0;0;0;0;
FILTRE;2014;660005208;340000264;INIT;0;0;0;0;0;0;0;0;0;0;0;1;0;0;0;;0;0;0;;;;;;;;;;;;;0;0;0;0;0;0;0;0;
FILTRE;2014;660005216;340000264;DECLA;0;0;0;0;0;0;0;0;0;0;0;1;0;0;0;0;0;0;0;0;0;0;0;1;0;1;0;0;0;0;0;0;0;0;0;0;0;0;0;
FILTRE;2014;660005216;340000264;INIT;0;0;0;0;0;0;0;0;0;0;0;1;0;0;0;;0;0;0;;;;;;;;;;;;;0;0;0;0;0;0;0;0;
FILTRE;2014;660005687;660790379;DECLA;0;0;0;0;0;0;0;0;0;0;0;1;0;0;0;0;0;0;0;0;0;0;0;0;0;0;0;0;0;0;0;0;0;0;0;0;0;0;0;
FILTRE;2014;660005687;660790379;INIT;0;0;0;0;0;0;0;0;0;0;0;1;0;0;0;;0;0;0;;;;;;;;;;;;;0;0;0;0;0;0;0;0;
FILTRE;2014;660006172;660790379;DECLA;0;0;0;0;0;0;0;0;0;0;0;0;0;0;1;0;0;0;0;0;0;0;0;0;0;0;0;0;0;0;0;0;0;0;0;0;0;0;0;
FILTRE;2014;660006172;660790379;INIT;0;0;0;0;0;0;0;0;0;0;0;0;0;0;1;;0;0;0;;;;;;;;;;;;;0;0;0;0;0;0;0;0;
FILTRE;2014;660006305;660006297;DECLA;1;1;0;0;0;0;0;1;0;0;0;0;0;0;0;0;0;0;1;0;0;1;0;1;1;1;0;0;0;0;0;0;1;1;0;0;0;0;0;
FILTRE;2014;660006305;660006297;INIT;1;1;0;0;0;0;1;1;0;0;0;0;0;0;0;;0;0;1;;;;;;;;;;;;;0;0;1;0;0;0;0;0;
FILTRE;2014;660006990;340019363;DECLA;1;0;0;0;1;0;1;0;0;0;0;0;0;0;0;0;0;0;0;1;0;0;0;1;0;1;0;0;0;1;0;0;0;0;0;0;0;0;0;
FILTRE;2014;660006990;340019363;INIT;1;0;0;0;0;0;1;0;0;0;0;0;0;0;0;;0;0;0;;;;;;;;;;;;;0;0;0;0;0;0;0;0;
FILTRE;2014;660007246;660007238;DECLA;0;0;0;0;0;0;0;0;0;1;0;0;0;0;0;0;0;0;0;0;0;0;0;0;0;0;0;0;0;0;0;0;0;0;0;0;0;0;0;
FILTRE;2014;660007246;660007238;INIT;0;0;0;0;0;0;0;0;0;1;0;0;0;0;0;;0;0;0;;;;;;;;;;;;;0;0;0;0;0;0;0;0;
FILTRE;2014;660007261;340019363;DECLA;0;0;0;0;0;1;0;0;0;0;0;0;0;0;0;0;0;0;0;0;0;0;0;1;0;0;0;0;0;0;0;0;0;0;0;0;0;0;0;
FILTRE;2014;660007261;340019363;INIT;0;0;0;0;0;1;0;0;0;0;0;0;0;0;0;;0;0;0;;;;;;;;;;;;;0;0;0;0;0;0;0;0;
FILTRE;2014;660008947;660780180;DECLA;0;0;0;0;0;0;0;0;0;0;0;0;0;0;0;0;0;1;0;0;0;0;0;0;0;0;0;0;0;0;0;0;0;0;0;0;0;0;0;
FILTRE;2014;660008947;660780180;INIT;0;0;0;0;0;0;0;0;0;0;0;0;0;0;0;;0;1;0;;;;;;;;;;;;;0;0;0;0;0;0;0;0;
FILTRE;2014;660780099;660000043;DECLA;0;0;0;0;1;0;0;0;0;0;0;0;0;0;0;0;0;0;0;0;0;0;0;1;0;1;0;0;0;0;0;0;0;0;0;0;0;0;0;
FILTRE;2014;660780099;660000043;INIT;0;0;0;0;1;0;0;0;0;0;0;0;0;0;0;;0;0;0;;;;;;;;;;;;;0;0;0;0;0;0;0;0;
FILTRE;2014;660780149;660006867;DECLA;0;0;0;0;1;0;0;0;0;0;0;0;0;0;0;0;0;0;0;0;0;1;0;0;0;1;0;0;0;0;0;0;0;0;0;0;0;0;0;
FILTRE;2014;660780149;660006867;INIT;0;0;0;0;1;0;0;0;0;0;0;0;0;0;0;;0;0;0;;;;;;;;;;;;;0;0;0;0;0;0;0;0;
FILTRE;2014;660780156;340015171;DECLA;0;0;0;0;1;0;0;0;0;0;0;0;0;0;0;0;0;0;0;0;0;0;0;1;0;1;0;0;0;1;0;0;0;0;0;0;0;0;0;
FILTRE;2014;660780156;340015171;INIT;0;0;0;0;1;0;0;0;0;0;0;0;0;0;0;;0;0;0;;;;;;;;;;;;;0;0;0;0;0;0;0;0;
FILTRE;2014;660780172;660786799;DECLA;0;0;0;0;1;0;0;0;0;0;0;0;0;0;0;0;0;0;0;0;0;0;0;0;0;0;0;0;0;0;0;0;0;0;0;0;0;0;0;
FILTRE;2014;660780172;660786799;INIT;0;0;0;0;1;0;0;0;0;0;0;0;0;0;0;;0;0;0;;;;;;;;;;;;;0;0;0;0;0;0;0;0;
FILTRE;2014;660780214;750055071;DECLA;0;0;0;1;0;0;0;0;1;0;0;0;0;0;0;0;0;0;0;0;0;0;0;1;0;1;0;0;0;0;1;0;0;0;0;0;0;0;0;
FILTRE;2014;660780214;750055071;INIT;0;0;0;1;0;0;0;0;0;0;0;0;0;0;0;;0;0;0;;;;;;;;;;;;;0;0;0;0;0;0;0;0;
FILTRE;2014;660780321;590799730;DECLA;0;0;0;0;1;0;0;0;0;0;0;0;0;0;0;0;0;0;0;0;0;0;0;1;1;1;0;0;0;0;0;0;0;0;0;0;0;0;0;
FILTRE;2014;660780321;590799730;INIT;0;0;0;0;1;0;0;0;0;0;0;0;0;0;0;;0;0;0;;;;;;;;;;;;;0;0;0;0;0;0;0;0;
FILTRE;2014;660780347;660000183;DECLA;0;0;0;0;1;0;0;0;0;0;0;0;0;0;0;0;0;0;0;0;0;1;0;1;0;1;0;0;0;0;0;0;0;0;0;0;0;0;0;
FILTRE;2014;660780347;660000183;INIT;0;0;0;0;1;0;0;0;0;0;0;0;0;0;0;;0;0;0;;;;;;;;;;;;;0;0;0;0;0;0;0;0;
FILTRE;2014;660780370;660786799;DECLA;0;0;0;0;1;0;0;0;0;0;0;0;0;0;0;0;0;0;0;0;0;0;0;0;0;0;0;0;0;0;0;0;0;0;0;0;0;0;0;
FILTRE;2014;660780370;660786799;INIT;0;0;0;0;1;0;0;0;0;0;0;0;0;0;0;;0;0;0;;;;;;;;;;;;;0;0;0;0;0;0;0;0;
FILTRE;2014;660780537;660006867;DECLA;0;0;0;0;1;0;0;0;0;0;0;0;0;0;0;0;0;0;0;0;0;0;0;0;0;1;0;0;0;0;0;0;0;0;0;0;0;0;0;
FILTRE;2014;660780537;660006867;INIT;0;0;0;0;1;0;0;0;0;0;0;0;0;0;0;;0;0;0;;;;;;;;;;;;;0;0;0;0;0;0;0;0;
FILTRE;2014;660780610;660000274;DECLA;0;0;0;0;1;0;0;0;0;0;0;0;0;0;0;0;0;0;0;0;0;1;0;1;1;1;0;0;0;0;0;0;0;0;0;0;0;0;0;
FILTRE;2014;660780610;660000274;INIT;0;0;0;0;1;0;0;0;0;0;0;0;0;0;0;;0;0;0;;;;;;;;;;;;;0;0;0;0;0;0;0;0;
FILTRE;2014;660780628;660000282;DECLA;1;1;0;0;0;0;1;1;0;0;0;0;0;0;0;1;1;0;1;1;0;0;0;1;0;1;0;0;0;0;0;0;0;0;0;0;0;0;0;
FILTRE;2014;660780628;660000282;INIT;1;1;0;0;0;0;1;1;0;0;0;0;0;0;0;;1;0;1;;;;;;;;;;;;;0;0;0;0;0;0;0;0;
FILTRE;2014;660780636;660000290;DECLA;0;0;0;0;1;0;0;0;0;0;0;0;0;0;0;0;0;0;0;0;0;0;0;1;0;0;0;1;1;0;0;0;0;0;0;0;0;0;0;
FILTRE;2014;660780636;660000290;INIT;0;0;0;0;1;0;0;0;0;0;0;0;0;0;0;;0;0;0;;;;;;;;;;;;;0;0;0;0;0;0;0;0;
FILTRE;2014;660780669;660000324;DECLA;1;1;1;0;0;0;1;1;0;0;0;0;1;0;0;0;0;0;1;0;0;0;0;1;1;1;0;0;0;0;0;0;0;0;0;0;0;0;0;
FILTRE;2014;660780669;660000324;INIT;0;1;1;0;0;0;0;1;0;0;0;0;1;0;0;;0;0;1;;;;;;;;;;;;;0;0;0;0;0;0;0;0;
FILTRE;2014;660780743;660000373;DECLA;0;0;0;0;1;0;0;0;0;0;0;0;0;0;0;0;0;0;0;0;0;0;0;1;0;1;0;0;0;1;1;0;0;0;0;0;0;0;0;
FILTRE;2014;660780743;660000373;INIT;0;0;0;0;1;0;0;0;0;0;0;0;0;0;0;;0;0;0;;;;;;;;;;;;;0;0;0;0;0;0;0;0;
FILTRE;2014;660780776;660000399;DECLA;1;1;0;0;0;0;1;1;0;0;0;0;0;0;0;0;1;0;1;0;0;1;0;1;1;1;0;0;0;0;0;0;0;1;0;0;0;0;0;
FILTRE;2014;660780776;660000399;INIT;1;1;0;0;0;0;1;1;0;0;0;0;0;0;0;;1;0;1;;;;;;;;;;;;;0;0;0;0;0;0;0;0;
FILTRE;2014;660780784;660000407;DECLA;1;1;1;0;0;0;1;1;0;0;1;0;1;0;0;0;1;0;1;0;0;1;0;1;1;1;0;1;0;1;0;1;1;1;0;0;0;0;1;
FILTRE;2014;660780784;660000407;INIT;1;1;1;0;0;0;1;1;0;0;1;0;1;0;0;;1;0;1;;;;;;;;;;;;;1;1;1;0;0;0;0;1;
FILTRE;2014;660780800;750055089;DECLA;0;0;0;0;1;0;0;0;0;0;0;0;0;0;0;0;0;0;0;0;0;1;0;1;1;0;0;0;0;0;0;0;0;0;0;0;0;0;0;
FILTRE;2014;660780800;750055089;INIT;0;0;0;0;1;0;0;0;0;0;0;0;0;0;0;;0;0;0;;;;;;;;;;;;;0;0;0;0;0;0;0;0;
FILTRE;2014;660780842;660000431;DECLA;0;0;0;0;1;0;0;0;0;0;0;0;0;0;0;0;0;0;0;0;0;0;0;1;0;1;0;0;0;0;0;0;0;0;0;0;0;0;0;
FILTRE;2014;660780842;660000431;INIT;0;0;0;0;1;0;0;0;0;0;0;0;0;0;0;;0;0;0;;;;;;;;;;;;;0;0;0;0;0;0;0;0;
FILTRE;2014;660781097;660000506;DECLA;0;0;0;0;1;0;0;0;0;0;0;0;0;0;0;0;0;0;0;0;0;0;0;1;0;1;0;0;0;0;0;0;0;0;0;0;0;0;0;
FILTRE;2014;660781097;660000506;INIT;0;0;0;0;1;0;0;0;0;0;0;0;0;0;0;;0;0;0;;;;;;;;;;;;;0;0;0;0;0;0;0;0;
FILTRE;2014;660781287;660000621;DECLA;0;0;0;0;1;0;0;0;0;0;0;0;0;0;0;0;0;0;0;0;0;0;0;1;0;1;0;0;0;0;0;0;0;0;0;0;0;0;0;
FILTRE;2014;660781287;660000621;INIT;0;0;0;0;1;0;0;0;0;0;0;0;0;0;0;;0;0;0;;;;;;;;;;;;;0;0;0;0;0;0;0;0;
FILTRE;2014;660781444;660780180;DECLA;0;0;0;0;0;1;0;0;0;0;0;0;0;0;0;0;0;0;0;0;0;0;0;0;0;0;0;0;0;0;0;0;0;0;0;0;0;0;0;
FILTRE;2014;660781444;660780180;INIT;0;0;0;0;0;1;0;0;0;0;0;0;0;0;0;;0;0;0;;;;;;;;;;;;;0;0;0;0;0;0;0;0;
FILTRE;2014;660789892;660790379;DECLA;0;0;0;0;0;0;0;0;0;0;0;1;0;0;0;0;0;0;0;0;0;0;0;0;0;0;0;0;0;0;0;0;0;0;0;0;0;0;0;
FILTRE;2014;660789892;660790379;INIT;0;0;0;0;0;0;0;0;0;0;0;1;0;0;0;;0;0;0;;;;;;;;;;;;;0;0;0;0;0;0;0;0;
FILTRE;2014;660790163;660790155;DECLA;0;0;0;0;1;0;0;0;0;0;0;0;0;0;0;0;0;0;0;0;0;0;0;1;0;0;0;0;0;0;0;0;0;0;0;0;0;0;0;
FILTRE;2014;660790163;660790155;INIT;0;0;0;0;1;0;0;0;0;0;0;0;0;0;0;;0;0;0;;;;;;;;;;;;;0;0;0;0;0;0;0;0;
FILTRE;2014;660790387;660790379;DECLA;1;1;0;0;1;0;1;1;0;0;0;0;0;0;0;0;1;0;1;0;0;0;1;1;1;1;0;1;0;1;0;0;1;1;0;0;0;0;0;
FILTRE;2014;660790387;660790379;INIT;1;1;0;0;1;0;1;1;0;0;0;0;0;0;0;;1;0;1;;;;;;;;;;;;;0;0;1;0;0;0;0;0;
FILTRE;2014;670000025;670780055;DECLA;1;1;0;1;0;0;1;1;1;0;1;1;0;0;0;0;1;1;1;1;1;1;1;1;1;1;0;1;1;1;0;1;1;1;0;1;1;0;1;
FILTRE;2014;670000025;670780055;INIT;1;1;0;1;0;0;1;1;1;0;1;1;1;0;0;;1;1;1;;;;;;;;;;;;;1;1;1;0;0;1;0;1;
FILTRE;2014;670000033;670780063;DECLA;1;1;0;0;0;0;1;0;0;1;1;0;0;0;0;1;0;0;1;1;1;0;1;1;1;1;0;1;0;1;1;0;1;1;0;0;0;0;0;
FILTRE;2014;670000033;670780063;INIT;1;1;0;0;0;0;1;1;0;1;1;0;0;0;0;;0;0;1;;;;;;;;;;;;;0;0;1;0;0;0;0;0;
FILTRE;2014;670000041;670780071;DECLA;0;0;0;0;1;1;0;0;0;0;0;0;0;0;0;0;0;0;0;0;0;0;0;1;0;0;0;0;0;0;1;0;0;0;0;0;0;0;0;
FILTRE;2014;670000041;670780071;INIT;0;0;0;0;1;1;0;0;0;0;0;0;0;0;0;;0;0;0;;;;;;;;;;;;;0;0;0;0;0;0;0;0;
FILTRE;2014;670000058;670013366;DECLA;0;0;0;1;0;1;0;0;1;0;0;0;0;0;0;0;0;0;0;1;0;0;0;1;0;1;0;0;0;0;1;0;0;0;0;0;0;0;0;
FILTRE;2014;670000058;670013366;INIT;0;0;0;1;0;1;0;0;1;0;0;0;0;0;0;;0;0;0;;;;;;;;;;;;;0;0;0;0;0;0;0;0;
FILTRE;2014;670000082;670780147;DECLA;1;1;1;0;0;0;1;1;0;0;0;0;1;0;0;0;0;0;1;0;0;0;0;1;1;1;0;0;0;0;0;0;1;1;0;0;0;0;0;
FILTRE;2014;670000082;670780147;INIT;1;1;1;0;0;0;1;1;0;0;0;0;1;0;0;;0;0;1;;;;;;;;;;;;;0;0;1;0;0;0;0;0;
FILTRE;2014;670000157;670780337;DECLA;1;1;1;0;1;1;1;1;0;0;1;1;1;0;0;0;1;1;1;1;1;1;1;1;1;1;1;1;0;1;1;1;1;1;0;0;0;0;0;
FILTRE;2014;670000157;670780337;INIT;1;1;1;0;1;1;1;1;0;0;1;1;1;0;0;;1;1;1;;;;;;;;;;;;;1;1;1;0;0;0;0;0;
FILTRE;2014;670000165;670780345;DECLA;1;1;1;0;1;1;1;1;0;0;1;0;1;0;0;1;1;1;1;1;1;1;0;1;1;1;0;0;0;1;1;0;1;1;0;0;0;0;0;
FILTRE;2014;670000165;670780345;INIT;1;1;1;0;1;1;1;1;0;0;1;0;1;0;0;;1;1;1;;;;;;;;;;;;;0;1;1;0;0;0;0;0;
FILTRE;2014;670000173;670780352;DECLA;0;0;0;0;1;0;0;0;0;0;0;0;0;0;0;0;0;0;0;0;0;0;0;0;0;1;0;0;0;0;0;0;0;0;0;0;0;0;0;
FILTRE;2014;670000173;670780352;INIT;0;0;0;0;1;0;0;0;0;0;0;0;0;0;0;;0;0;0;;;;;;;;;;;;;0;0;0;0;0;0;0;0;
FILTRE;2014;670000215;680000643;DECLA;1;0;0;0;1;1;0;0;0;0;1;0;0;1;0;0;0;0;0;0;0;0;0;1;1;1;0;1;0;1;1;0;0;0;0;0;0;0;0;
FILTRE;2014;670000215;680000643;INIT;1;0;0;0;1;1;1;0;0;0;0;0;0;0;0;;0;0;0;;;;;;;;;;;;;0;0;0;0;0;0;0;0;
FILTRE;2014;670000249;680000643;DECLA;0;0;0;0;1;0;0;0;0;0;0;0;0;0;0;0;0;0;0;0;0;0;0;0;0;1;0;0;0;0;0;0;0;0;0;0;0;0;0;
FILTRE;2014;670000249;680000643;INIT;0;0;0;0;1;0;0;0;0;0;0;0;0;0;0;;0;0;0;;;;;;;;;;;;;0;0;0;0;0;0;0;0;
FILTRE;2014;670000272;670780543;DECLA;1;1;1;0;1;0;1;1;0;0;0;0;1;0;0;0;1;1;1;1;1;1;0;1;1;1;0;0;0;1;1;0;1;0;0;0;0;0;0;
FILTRE;2014;670000272;670780543;INIT;1;1;1;0;1;0;1;1;0;0;0;0;1;0;0;;1;1;1;;;;;;;;;;;;;0;0;0;0;0;0;0;0;
FILTRE;2014;670000306;670780584;DECLA;1;0;0;0;1;1;1;0;0;0;0;0;0;0;0;1;0;0;0;1;0;0;0;1;0;1;1;1;0;1;1;0;0;0;0;0;0;0;0;
FILTRE;2014;670000306;670780584;INIT;1;0;0;0;1;1;1;0;0;0;0;0;0;0;0;;0;0;0;;;;;;;;;;;;;0;0;0;0;0;0;0;0;
FILTRE;2014;670000348;670780642;DECLA;0;0;0;0;1;1;0;0;0;0;0;0;0;0;0;0;0;0;0;0;0;0;0;0;0;0;0;0;0;0;0;0;0;0;0;0;0;0;0;
FILTRE;2014;670000348;670780642;INIT;0;0;0;0;1;1;0;0;0;0;0;0;0;0;0;;0;0;0;;;;;;;;;;;;;0;0;0;0;0;0;0;0;
FILTRE;2014;670000371;670780675;DECLA;0;0;0;0;1;0;0;0;0;0;0;0;0;0;0;0;0;0;0;0;0;0;0;0;0;0;0;0;0;0;0;0;0;0;0;0;0;0;0;
FILTRE;2014;670000371;670780675;INIT;0;0;0;0;1;0;0;0;0;0;0;0;0;0;0;;0;0;0;;;;;;;;;;;;;0;0;0;0;0;0;0;0;
FILTRE;2014;670000397;670780691;DECLA;1;1;1;0;0;1;1;1;0;0;1;0;1;0;0;1;1;1;1;1;1;1;1;1;1;1;1;0;0;1;1;0;1;1;0;0;0;0;0;
FILTRE;2014;670000397;670780691;INIT;1;1;1;0;0;1;1;1;0;0;1;0;1;0;0;;1;1;1;;;;;;;;;;;;;0;1;1;0;0;0;0;0;
FILTRE;2014;670000405;670780709;DECLA;1;0;0;0;0;0;0;0;0;0;0;0;1;1;0;0;0;0;0;1;0;0;0;1;0;1;0;0;0;0;1;0;0;0;0;0;0;0;0;
FILTRE;2014;670000405;670780709;INIT;1;0;0;0;0;0;0;0;0;0;0;0;1;0;0;;0;0;0;;;;;;;;;;;;;0;0;0;0;0;0;0;0;
FILTRE;2014;670000413;670780717;DECLA;0;0;0;0;1;0;0;0;0;0;0;0;0;0;0;0;0;0;0;0;0;0;0;0;0;0;0;0;0;0;1;0;0;0;0;0;0;0;0;
FILTRE;2014;670000413;670780717;INIT;0;0;0;0;1;0;0;0;0;0;0;0;0;0;0;;0;0;0;;;;;;;;;;;;;0;0;0;0;0;0;0;0;
FILTRE;2014;670000603;670781152;DECLA;0;0;0;1;0;1;0;0;1;0;0;0;0;0;0;0;0;0;0;1;0;0;0;1;1;1;0;0;0;0;0;0;0;0;0;0;0;0;0;
FILTRE;2014;670000603;670781152;INIT;0;0;0;1;0;1;0;0;1;0;0;0;0;0;0;;0;0;0;;;;;;;;;;;;;0;0;0;0;0;0;0;0;
FILTRE;2014;670002187;670000652;DECLA;0;0;0;0;0;0;1;0;0;0;0;1;0;0;0;0;0;0;0;0;0;0;0;0;0;0;0;0;0;0;0;0;0;0;0;0;0;0;0;
FILTRE;2014;670002187;670000652;INIT;0;0;0;0;0;0;0;0;0;0;0;1;0;0;0;;0;0;0;;;;;;;;;;;;;0;0;0;0;0;0;0;0;
FILTRE;2014;670002278;750043994;DECLA;0;0;0;0;1;1;0;0;0;0;0;0;0;0;0;0;0;0;0;0;0;0;0;0;0;0;0;0;0;1;0;0;0;0;0;0;0;0;0;
FILTRE;2014;670002278;750043994;INIT;0;0;0;0;1;1;0;0;0;0;0;0;0;0;0;;0;0;0;;;;;;;;;;;;;0;0;0;0;0;0;0;0;
FILTRE;2014;670005479;670000652;DECLA;0;0;0;0;0;0;0;0;0;0;0;0;0;0;1;0;0;0;0;0;0;0;0;1;0;1;0;0;0;0;0;0;0;0;0;0;0;0;0;
FILTRE;2014;670005479;670000652;INIT;0;0;0;0;0;0;0;0;0;0;0;0;0;0;1;;0;0;0;;;;;;;;;;;;;0;0;0;0;0;0;0;0;
FILTRE;2014;670008838;670000785;DECLA;0;0;0;0;0;0;0;0;0;0;0;0;0;0;1;1;0;0;0;0;0;0;0;1;1;1;0;0;0;0;1;0;0;0;0;0;0;0;0;
FILTRE;2014;670008838;670000785;INIT;0;0;0;0;0;0;0;0;0;0;0;0;0;0;1;;0;0;0;;;;;;;;;;;;;0;0;0;0;0;0;0;0;
FILTRE;2014;670009109;670780055;DECLA;1;1;0;0;0;0;1;1;0;0;0;0;0;0;0;0;0;0;1;1;0;0;0;1;1;1;0;0;0;0;0;0;1;0;0;0;0;0;0;
FILTRE;2014;670009109;670780055;INIT;0;1;0;0;0;0;0;1;0;0;0;0;0;0;0;;0;0;1;;;;;;;;;;;;;0;0;0;0;0;0;0;0;
FILTRE;2014;670013325;670013317;DECLA;0;0;0;0;0;0;1;0;0;0;0;0;0;0;0;0;0;0;1;0;0;0;0;0;0;0;0;0;0;0;0;0;0;0;0;0;0;0;0;
FILTRE;2014;670013325;670013317;INIT;0;0;0;0;0;0;1;0;0;0;0;0;0;0;0;;0;0;0;;;;;;;;;;;;;0;0;0;0;0;0;0;0;
FILTRE;2014;670013341;670013333;DECLA;0;0;0;0;0;0;1;0;0;0;0;0;0;0;0;0;0;0;1;0;0;1;0;1;0;0;0;0;0;0;0;0;0;0;0;0;0;0;0;
FILTRE;2014;670013341;670013333;INIT;0;0;0;0;0;0;1;0;0;0;0;0;0;0;0;;0;0;0;;;;;;;;;;;;;0;0;0;0;0;0;0;0;
FILTRE;2014;670013754;670013754;DECLA;0;0;0;1;0;0;0;0;1;0;0;0;0;0;0;0;0;0;0;0;0;0;0;1;0;1;0;0;0;0;0;0;0;0;0;0;0;0;0;
FILTRE;2014;670013754;670013754;INIT;0;0;0;1;0;0;0;0;1;0;0;0;0;0;0;;0;0;0;;;;;;;;;;;;;0;0;0;0;0;0;0;0;
FILTRE;2014;670013895;670000652;DECLA;0;0;0;0;0;0;1;0;0;0;0;1;0;0;0;0;0;0;0;0;0;0;0;0;0;0;0;0;0;0;0;0;0;0;0;0;0;0;0;
FILTRE;2014;670013895;670000652;INIT;0;0;0;0;0;0;0;0;0;0;0;1;0;0;0;;0;0;0;;;;;;;;;;;;;0;0;0;0;0;0;0;0;
FILTRE;2014;670014042;670013754;DECLA;0;0;0;0;1;0;1;0;0;0;0;0;0;0;0;0;0;0;0;0;0;0;0;0;0;0;0;0;0;0;0;0;0;0;0;0;0;0;0;
FILTRE;2014;670014042;670013754;INIT;0;0;0;0;1;0;1;0;0;0;0;0;0;0;0;;0;0;0;;;;;;;;;;;;;0;0;0;0;0;0;0;0;
FILTRE;2014;670014430;670001734;DECLA;1;0;0;0;0;0;1;1;0;0;0;0;0;0;0;0;0;0;0;1;0;1;1;0;0;0;0;0;0;0;0;1;1;0;0;0;0;0;0;
FILTRE;2014;670014430;670001734;INIT;1;0;0;0;0;0;1;0;0;0;0;0;0;0;0;;0;0;0;;;;;;;;;;;;;1;0;0;0;0;0;0;0;
FILTRE;2014;670014455;670000652;DECLA;0;0;0;0;0;0;1;0;0;0;0;1;0;0;0;0;0;0;0;0;0;0;0;0;0;0;0;0;0;0;0;0;0;0;0;0;0;0;0;
FILTRE;2014;670014455;670000652;INIT;0;0;0;0;0;0;0;0;0;0;0;1;0;0;0;;0;0;0;;;;;;;;;;;;;0;0;0;0;0;0;0;0;
FILTRE;2014;670014992;670780139;DECLA;0;0;0;0;1;1;0;0;0;0;0;0;0;0;0;0;0;0;0;0;0;0;0;1;0;1;1;1;0;1;1;0;0;0;0;0;0;0;0;
FILTRE;2014;670014992;670780139;INIT;0;0;0;0;1;1;0;0;0;0;0;0;0;0;0;;0;0;0;;;;;;;;;;;;;0;0;0;0;0;0;0;0;
FILTRE;2014;670016153;670013754;DECLA;0;0;0;0;1;0;0;0;0;0;0;0;0;0;0;0;0;0;0;0;0;0;0;0;0;0;0;0;0;0;0;0;0;0;0;0;0;0;0;
FILTRE;2014;670016153;670013754;INIT;0;0;0;0;1;0;0;0;0;0;0;0;0;0;0;;0;0;0;;;;;;;;;;;;;0;0;0;0;0;0;0;0;
FILTRE;2014;670016237;670016211;DECLA;1;1;0;0;1;0;1;1;0;0;0;0;0;0;0;0;1;0;1;0;0;0;0;1;1;1;0;0;0;0;0;0;1;1;0;0;0;0;0;
FILTRE;2014;670016237;670016211;INIT;1;1;0;0;1;0;0;1;0;0;0;0;0;0;0;;1;0;1;;;;;;;;;;;;;0;0;1;0;0;0;0;0;
FILTRE;2014;670780113;670780055;DECLA;1;1;1;0;0;0;1;1;0;0;0;0;1;0;1;1;0;0;1;1;0;1;1;1;1;1;0;0;0;0;0;0;1;1;0;0;0;0;0;
FILTRE;2014;670780113;670780055;INIT;0;1;1;0;0;0;0;1;0;0;0;0;1;0;1;;0;0;1;;;;;;;;;;;;;0;0;1;0;0;0;0;0;
FILTRE;2014;670780121;670013754;DECLA;0;0;0;0;1;0;0;0;0;0;0;0;0;0;0;0;0;0;0;0;0;1;0;0;0;0;0;0;0;0;0;0;0;0;0;0;0;0;0;
FILTRE;2014;670780121;670013754;INIT;0;0;0;0;1;0;0;0;0;0;0;0;0;0;0;;0;0;0;;;;;;;;;;;;;0;0;0;0;0;0;0;0;
FILTRE;2014;670780162;670000108;DECLA;1;1;0;0;0;0;0;1;0;0;0;0;0;0;0;0;1;0;1;0;0;0;0;1;1;1;0;0;0;0;0;0;1;1;0;0;0;0;0;
FILTRE;2014;670780162;670000108;INIT;1;1;0;0;0;0;0;1;0;0;0;0;0;0;0;;1;0;1;;;;;;;;;;;;;0;0;1;0;0;0;0;0;
FILTRE;2014;670780170;670000116;DECLA;1;1;0;0;1;0;0;1;0;0;1;0;1;0;0;0;0;0;1;1;0;1;1;1;1;1;0;0;0;1;0;0;1;1;0;0;0;0;0;
FILTRE;2014;670780170;670000116;INIT;1;1;0;0;1;0;1;1;0;0;1;0;1;0;0;;0;0;1;;;;;;;;;;;;;0;0;1;0;0;0;0;0;
FILTRE;2014;670780188;670014604;DECLA;1;1;0;0;0;0;1;1;0;1;1;0;0;0;0;0;0;0;1;1;0;0;0;0;0;1;0;0;0;0;0;0;1;1;0;0;0;0;0;
FILTRE;2014;670780188;670014604;INIT;1;1;0;0;0;0;0;1;0;0;0;0;0;0;0;;0;0;1;;;;;;;;;;;;;0;0;1;0;0;0;0;0;
FILTRE;2014;670780212;670014604;DECLA;1;1;1;0;0;0;1;1;0;1;1;1;0;0;0;0;1;0;1;0;0;0;0;1;1;1;0;0;0;0;0;0;1;1;0;0;0;0;0;
FILTRE;2014;670780212;670014604;INIT;1;1;1;0;0;0;1;1;0;1;1;1;0;0;0;;1;0;1;;;;;;;;;;;;;0;0;1;0;0;0;0;0;
FILTRE;2014;670780378;670000785;DECLA;1;1;0;0;0;0;1;1;0;0;0;0;0;0;0;0;0;0;1;1;0;1;1;1;1;1;0;0;0;0;0;0;1;1;0;0;0;0;0;
FILTRE;2014;670780378;670000785;INIT;1;1;0;0;0;0;1;1;0;0;0;0;0;0;0;;0;0;1;;;;;;;;;;;;;0;0;1;0;0;0;0;0;
FILTRE;2014;670780386;670000199;DECLA;1;1;0;0;0;0;1;1;0;0;1;0;0;0;0;0;0;0;1;0;0;0;0;1;1;1;0;0;0;0;0;0;1;1;0;0;0;0;0;
FILTRE;2014;670780386;670000199;INIT;1;1;0;0;0;0;0;1;0;0;0;0;0;0;0;;0;0;1;;;;;;;;;;;;;0;0;1;0;0;0;0;0;
FILTRE;2014;670780501;670792415;DECLA;0;0;0;0;1;0;0;0;0;0;0;0;0;0;0;0;0;0;0;0;0;0;0;0;0;0;0;0;0;0;0;0;0;0;0;0;0;0;0;
FILTRE;2014;670780501;670792415;INIT;0;0;0;0;1;0;0;0;0;0;0;0;0;0;0;;0;0;0;;;;;;;;;;;;;0;0;0;0;0;0;0;0;
FILTRE;2014;670780550;670013754;DECLA;0;0;0;0;1;0;0;0;0;0;0;0;0;0;0;1;0;0;0;0;0;0;0;0;0;0;0;0;0;0;0;0;0;0;0;0;0;0;0;
FILTRE;2014;670780550;670013754;INIT;0;0;0;0;1;0;0;0;0;0;0;0;0;0;0;;0;0;0;;;;;;;;;;;;;0;0;0;0;0;0;0;0;
FILTRE;2014;670780592;670013754;DECLA;0;0;0;0;1;0;0;0;0;0;0;0;0;0;0;0;0;0;0;0;0;0;0;0;0;0;0;0;0;0;0;0;0;0;0;0;0;0;0;
FILTRE;2014;670780592;670013754;INIT;0;0;0;0;1;0;0;0;0;0;0;0;0;0;0;;0;0;0;;;;;;;;;;;;;0;0;0;0;0;0;0;0;
FILTRE;2014;670780600;750050759;DECLA;0;0;0;0;1;0;0;0;0;0;0;0;0;0;0;0;0;0;0;0;0;0;0;1;0;1;0;0;0;1;0;0;0;0;0;0;0;0;0;
FILTRE;2014;670780600;750050759;INIT;0;0;0;0;1;0;0;0;0;0;0;0;0;0;0;;0;0;0;;;;;;;;;;;;;0;0;0;0;0;0;0;0;
FILTRE;2014;670780873;670013754;DECLA;0;0;0;0;1;0;0;0;0;0;0;0;0;0;0;0;0;0;0;0;0;0;0;0;0;0;0;0;0;0;0;0;0;0;0;0;0;0;0;
FILTRE;2014;670780873;670013754;INIT;0;0;0;0;1;0;0;0;0;0;0;0;0;0;0;;0;0;0;;;;;;;;;;;;;0;0;0;0;0;0;0;0;
FILTRE;2014;670780915;670013754;DECLA;0;0;0;0;1;0;0;0;0;0;0;0;0;0;0;0;0;0;0;0;0;1;0;0;0;0;0;0;0;0;0;0;0;0;0;0;0;0;0;
FILTRE;2014;670780915;670013754;INIT;0;0;0;0;1;0;0;0;0;0;0;0;0;0;0;;0;0;0;;;;;;;;;;;;;0;0;0;0;0;0;0;0;
FILTRE;2014;670781129;670013754;DECLA;0;0;0;0;1;0;0;0;0;0;0;0;0;0;0;1;0;0;0;0;0;0;0;0;0;0;0;0;0;0;1;0;0;0;0;0;0;0;0;
FILTRE;2014;670781129;670013754;INIT;0;0;0;0;1;0;0;0;0;0;0;0;0;0;0;;0;0;0;;;;;;;;;;;;;0;0;0;0;0;0;0;0;
FILTRE;2014;670781574;670000652;DECLA;0;0;0;0;0;0;1;0;0;0;0;1;0;0;0;0;0;0;0;0;0;0;0;1;0;0;0;0;0;0;0;0;0;0;0;0;0;0;0;
FILTRE;2014;670781574;670000652;INIT;0;0;0;0;0;0;0;0;0;0;0;1;0;0;0;;0;0;0;;;;;;;;;;;;;0;0;0;0;0;0;0;0;
FILTRE;2014;670783133;670780055;DECLA;1;0;0;0;1;0;1;0;0;0;0;0;0;0;0;0;0;0;0;1;0;0;0;1;0;0;0;0;0;0;1;0;0;0;0;0;0;0;0;
FILTRE;2014;670783133;670780055;INIT;1;0;0;0;1;0;1;0;0;0;0;0;0;0;0;;0;0;0;;;;;;;;;;;;;0;0;0;0;0;0;0;0;
FILTRE;2014;670783273;670780055;DECLA;1;1;1;0;0;0;1;1;0;1;1;1;1;0;0;1;1;1;1;1;1;1;1;1;1;1;0;1;1;1;0;1;1;1;1;1;1;0;1;
FILTRE;2014;670783273;670780055;INIT;1;1;1;0;0;0;1;1;0;1;1;1;1;0;0;;1;1;1;;;;;;;;;;;;;1;1;1;1;1;1;0;1;
FILTRE;2014;670792027;670792340;DECLA;0;0;0;0;1;0;0;0;0;0;0;0;0;0;0;0;0;0;0;0;0;0;0;0;0;0;0;0;0;0;0;0;0;0;0;0;0;0;0;
FILTRE;2014;670792027;670792340;INIT;0;0;0;0;1;0;0;0;0;0;0;0;0;0;0;;0;0;0;;;;;;;;;;;;;0;0;0;0;0;0;0;0;
FILTRE;2014;670795921;670000652;DECLA;0;0;0;0;0;0;1;0;0;0;0;1;0;0;0;0;0;0;0;0;0;0;0;0;0;0;0;0;0;0;0;0;0;0;0;0;0;0;0;
FILTRE;2014;670795921;670000652;INIT;0;0;0;0;0;0;0;0;0;0;0;1;0;0;0;;0;0;0;;;;;;;;;;;;;0;0;0;0;0;0;0;0;
FILTRE;2014;670797539;670014604;DECLA;1;0;0;0;1;0;1;0;0;0;1;0;0;0;0;0;0;0;0;1;0;0;0;0;0;0;0;0;1;0;0;0;0;0;0;0;0;0;0;
FILTRE;2014;670797539;670014604;INIT;1;0;0;0;1;0;1;0;0;0;0;0;0;0;0;;0;0;0;;;;;;;;;;;;;0;0;0;0;0;0;0;0;
FILTRE;2014;670798420;670792340;DECLA;0;0;0;0;1;0;0;0;0;0;0;0;0;0;0;0;0;0;0;0;0;0;0;0;0;0;0;0;0;0;0;0;0;0;0;0;0;0;0;
FILTRE;2014;670798420;670792340;INIT;0;0;0;0;1;0;0;0;0;0;0;0;0;0;0;;0;0;0;;;;;;;;;;;;;0;0;0;0;0;0;0;0;
FILTRE;2014;670798636;670014604;DECLA;1;1;0;0;1;0;1;1;0;0;1;0;0;1;1;0;0;0;1;1;0;0;0;0;0;0;0;0;0;0;0;0;0;0;0;0;0;0;0;
FILTRE;2014;670798636;670014604;INIT;1;1;0;0;1;0;1;1;0;0;0;0;0;0;1;;0;0;1;;;;;;;;;;;;;0;0;0;0;0;0;0;0;
FILTRE;2014;670799550;670780055;DECLA;0;0;0;0;0;1;0;0;0;0;0;0;0;0;0;0;0;0;0;0;0;0;0;0;0;0;0;0;0;0;0;0;0;0;0;0;0;0;0;
FILTRE;2014;670799550;670780055;INIT;0;0;0;0;0;1;0;0;0;0;0;0;0;0;0;;0;0;0;;;;;;;;;;;;;0;0;0;0;0;0;0;0;
FILTRE;2014;670799667;670000652;DECLA;0;0;0;0;0;0;1;0;0;0;0;1;0;0;0;0;0;0;0;0;0;0;0;0;0;0;0;0;0;0;0;0;0;0;0;0;0;0;0;
FILTRE;2014;670799667;670000652;INIT;0;0;0;0;0;0;0;0;0;0;0;1;0;0;0;;0;0;0;;;;;;;;;;;;;0;0;0;0;0;0;0;0;
FILTRE;2014;680000031;680000171;DECLA;0;0;0;0;1;0;0;0;0;0;0;0;0;0;0;0;0;0;0;0;0;0;0;1;0;1;0;1;0;1;1;0;0;0;0;0;0;0;0;
FILTRE;2014;680000031;680000171;INIT;0;0;0;0;1;0;0;0;0;0;0;0;0;0;0;;0;0;0;;;;;;;;;;;;;0;0;0;0;0;0;0;0;
FILTRE;2014;680000072;670013754;DECLA;0;0;0;0;1;0;0;0;0;0;0;0;0;0;0;0;0;0;0;0;0;0;0;0;0;0;0;0;0;0;0;0;0;0;0;0;0;0;0;
FILTRE;2014;680000072;670013754;INIT;0;0;0;0;1;0;0;0;0;0;0;0;0;0;0;;0;0;0;;;;;;;;;;;;;0;0;0;0;0;0;0;0;
FILTRE;2014;680000122;680000346;DECLA;1;0;0;0;1;1;0;0;0;0;0;0;0;0;0;0;0;0;0;0;0;0;0;1;0;1;0;0;0;0;1;0;0;0;0;0;0;0;0;
FILTRE;2014;680000122;680000346;INIT;0;0;0;0;1;1;0;0;0;0;0;0;0;0;0;;0;0;0;;;;;;;;;;;;;0;0;0;0;0;0;0;0;
FILTRE;2014;680000130;680000353;DECLA;0;0;0;0;1;0;0;0;0;0;0;0;0;0;0;0;0;0;0;0;0;0;0;1;0;1;0;1;0;0;1;0;0;0;0;0;0;0;0;
FILTRE;2014;680000130;680000353;INIT;0;0;0;0;1;0;0;0;0;0;0;0;0;0;0;;0;0;0;;;;;;;;;;;;;0;0;0;0;0;0;0;0;
FILTRE;2014;680000189;680000643;DECLA;0;0;0;0;1;0;0;0;0;0;0;0;0;0;0;0;0;0;0;0;0;0;0;0;0;1;0;0;0;1;0;0;0;0;0;0;0;0;0;
FILTRE;2014;680000189;680000643;INIT;0;0;0;0;1;0;0;0;0;0;0;0;0;0;0;;0;0;0;;;;;;;;;;;;;0;0;0;0;0;0;0;0;
FILTRE;2014;680000221;670781293;DECLA;0;0;0;0;1;0;0;0;0;0;0;0;0;0;0;0;0;0;0;0;0;0;0;1;0;0;0;0;0;0;1;0;0;0;0;0;0;0;0;
FILTRE;2014;680000221;670781293;INIT;0;0;0;0;1;0;0;0;0;0;0;0;0;0;0;;0;0;0;;;;;;;;;;;;;0;0;0;0;0;0;0;0;
FILTRE;2014;680000247;670013754;DECLA;0;0;0;0;1;0;0;0;0;0;0;0;0;0;0;0;0;0;0;0;0;0;0;0;0;0;0;0;0;1;0;0;0;0;0;0;0;0;0;
FILTRE;2014;680000247;670013754;INIT;0;0;0;0;1;0;0;0;0;0;0;0;0;0;0;;0;0;0;;;;;;;;;;;;;0;0;0;0;0;0;0;0;
FILTRE;2014;680000296;670013754;DECLA;0;0;0;0;1;0;0;0;0;0;0;0;0;0;0;0;0;0;0;0;0;0;0;0;0;0;0;0;0;1;1;0;0;0;0;0;0;0;0;
FILTRE;2014;680000296;670013754;INIT;0;0;0;0;1;0;0;0;0;0;0;0;0;0;0;;0;0;0;;;;;;;;;;;;;0;0;0;0;0;0;0;0;
FILTRE;2014;680000312;680015963;DECLA;0;0;0;0;1;1;0;0;0;0;0;0;0;0;0;0;0;0;0;0;0;0;0;1;0;0;0;0;0;0;0;0;0;0;0;0;0;0;0;
FILTRE;2014;680000312;680015963;INIT;0;0;0;0;1;1;0;0;0;0;0;0;0;0;0;;0;0;0;;;;;;;;;;;;;0;0;0;0;0;0;0;0;
FILTRE;2014;680000320;680000643;DECLA;1;1;1;0;0;0;1;1;0;0;0;0;1;0;0;0;1;0;1;0;0;0;0;1;1;1;0;1;0;0;0;1;1;0;0;0;0;0;0;
FILTRE;2014;680000320;680000643;INIT;1;1;1;0;0;0;0;1;0;0;0;0;0;0;0;;1;0;1;;;;;;;;;;;;;1;0;1;0;0;0;0;0;
FILTRE;2014;680000338;680000114;DECLA;0;0;0;0;0;0;1;0;0;0;0;1;0;0;0;0;0;0;0;0;0;0;0;1;0;0;0;0;1;0;0;0;0;0;0;0;0;0;0;
FILTRE;2014;680000338;680000114;INIT;0;0;0;0;0;0;0;0;0;0;0;1;0;0;0;;0;0;0;;;;;;;;;;;;;0;0;0;0;0;0;0;0;
FILTRE;2014;680000494;680000643;DECLA;1;1;0;0;0;0;1;1;0;0;0;0;1;0;0;0;0;0;1;1;0;0;0;1;1;1;0;1;0;0;1;0;1;0;0;0;0;0;0;
FILTRE;2014;680000494;680000643;INIT;1;1;0;0;0;0;0;1;0;0;0;0;1;0;0;;1;0;1;;;;;;;;;;;;;0;0;1;0;0;0;0;0;
FILTRE;2014;680000544;680000395;DECLA;1;1;1;0;1;1;1;1;0;0;1;0;1;0;0;0;1;0;1;1;0;1;0;1;1;1;1;0;0;1;1;0;1;0;0;0;0;0;0;
FILTRE;2014;680000544;680000395;INIT;1;1;1;0;1;1;1;1;0;0;0;0;1;0;0;;1;0;1;;;;;;;;;;;;;0;0;0;0;0;0;0;0;
FILTRE;2014;680000577;680000411;DECLA;1;0;0;0;1;0;1;0;0;0;0;0;0;0;0;0;0;0;0;1;0;0;0;1;0;1;0;1;1;1;1;0;0;0;0;0;0;0;0;
FILTRE;2014;680000577;680000411;INIT;1;0;0;0;1;0;1;0;0;0;0;0;0;0;0;;0;0;0;;;;;;;;;;;;;0;0;0;0;0;0;0;0;
FILTRE;2014;680000601;680000437;DECLA;1;1;1;0;1;0;0;1;0;0;0;0;1;0;0;0;1;0;1;1;0;1;0;1;1;1;0;0;1;1;1;0;0;0;0;0;0;0;0;
FILTRE;2014;680000601;680000437;INIT;1;1;1;0;1;0;0;1;0;0;0;0;1;0;0;;1;0;1;;;;;;;;;;;;;0;0;0;0;0;0;0;0;
FILTRE;2014;680000627;680000486;DECLA;1;1;1;1;0;1;1;1;1;0;1;0;1;0;0;0;1;0;1;1;0;1;1;0;0;1;0;0;0;1;1;0;1;1;0;0;0;0;0;
FILTRE;2014;680000627;680000486;INIT;1;1;1;1;0;1;1;1;0;0;1;0;1;0;0;;1;0;1;;;;;;;;;;;;;0;0;1;0;0;0;0;0;
FILTRE;2014;680000684;680000973;DECLA;1;1;0;1;1;0;1;1;0;1;1;1;0;0;0;1;1;1;1;1;1;1;1;1;1;1;1;1;1;1;1;1;1;1;1;1;0;0;0;
FILTRE;2014;680000684;680000973;INIT;1;1;0;1;1;0;1;1;0;1;1;1;0;0;0;;1;1;1;;;;;;;;;;;;;1;1;1;1;1;0;0;0;
FILTRE;2014;680000692;680000981;DECLA;0;0;0;0;1;0;0;0;0;0;0;0;0;0;0;0;0;0;0;0;0;0;0;0;0;1;0;0;0;1;1;0;0;0;0;0;0;0;0;
FILTRE;2014;680000692;680000981;INIT;0;0;0;0;1;0;0;0;0;0;0;0;0;0;0;;0;0;0;;;;;;;;;;;;;0;0;0;0;0;0;0;0;
FILTRE;2014;680000700;680001005;DECLA;1;0;0;0;1;0;1;1;0;0;0;0;1;1;0;0;1;0;1;1;0;0;0;1;0;1;0;0;0;1;0;0;0;0;0;0;0;0;0;
FILTRE;2014;680000700;680001005;INIT;1;0;0;0;1;0;1;1;0;0;0;0;1;0;0;;1;0;1;;;;;;;;;;;;;0;0;0;0;0;0;0;0;
FILTRE;2014;680000726;680012648;DECLA;0;0;0;0;1;0;0;0;0;0;0;0;0;0;0;0;0;0;0;0;0;0;0;1;0;1;1;0;0;1;1;0;0;0;0;0;0;0;0;
FILTRE;2014;680000726;680012648;INIT;0;0;0;0;1;0;0;0;0;0;0;0;0;0;0;;0;0;0;;;;;;;;;;;;;0;0;0;0;0;0;0;0;
FILTRE;2014;680000742;680001054;DECLA;0;0;0;0;1;0;0;0;0;0;0;0;0;0;0;0;0;0;0;0;0;0;0;1;1;1;0;0;0;0;1;0;0;0;0;0;0;0;0;
FILTRE;2014;680000742;680001054;INIT;0;0;0;0;1;0;0;0;0;0;0;0;0;0;0;;0;0;0;;;;;;;;;;;;;0;0;0;0;0;0;0;0;
FILTRE;2014;680000767;680001088;DECLA;0;0;0;0;1;1;0;0;0;0;0;0;0;0;0;0;0;0;0;0;0;0;0;0;0;0;0;0;0;1;1;0;0;0;0;0;0;0;0;
FILTRE;2014;680000767;680001088;INIT;0;0;0;0;1;1;0;0;0;0;0;0;0;0;0;;0;0;0;;;;;;;;;;;;;0;0;0;0;0;0;0;0;
FILTRE;2014;680000833;680001138;DECLA;0;0;0;0;1;1;0;0;0;0;0;0;0;0;0;1;0;0;0;0;0;0;0;1;0;1;0;1;0;1;1;0;0;0;0;0;0;0;0;
FILTRE;2014;680000833;680001138;INIT;0;0;0;0;1;1;0;0;0;0;0;0;0;0;0;;0;0;0;;;;;;;;;;;;;0;0;0;0;0;0;0;0;
FILTRE;2014;680000874;680001179;DECLA;1;0;0;1;0;0;0;0;1;0;0;0;0;0;0;0;0;0;0;0;0;0;0;1;0;1;0;0;0;0;1;0;0;0;0;0;0;0;0;
FILTRE;2014;680000874;680001179;INIT;1;0;0;1;0;0;0;0;1;0;0;0;0;0;0;;0;0;0;;;;;;;;;;;;;0;0;0;0;0;0;0;0;
FILTRE;2014;680000882;680016011;DECLA;1;0;0;0;0;1;1;0;0;0;0;0;0;0;0;0;0;0;0;1;0;0;0;0;0;0;0;0;0;0;0;0;0;0;0;0;0;0;0;
FILTRE;2014;680000882;680016011;INIT;1;0;0;0;0;1;1;0;0;0;0;0;0;0;0;;0;0;0;;;;;;;;;;;;;0;0;0;0;0;0;0;0;
FILTRE;2014;680001195;680016011;DECLA;1;1;1;0;0;0;1;1;0;0;0;0;0;0;0;0;0;0;1;1;0;1;1;1;1;1;0;0;0;0;0;1;1;1;0;0;0;0;0;
FILTRE;2014;680001195;680016011;INIT;1;1;1;0;0;0;1;1;0;0;0;0;0;0;0;;0;0;1;;;;;;;;;;;;;1;0;1;0;0;0;0;0;
FILTRE;2014;680001237;670013754;DECLA;0;0;0;0;1;0;0;0;0;0;0;0;0;0;0;0;0;0;0;0;0;0;0;0;0;0;0;0;0;0;0;0;0;0;0;0;0;0;0;
FILTRE;2014;680001237;670013754;INIT;0;0;0;0;1;0;0;0;0;0;0;0;0;0;0;;0;0;0;;;;;;;;;;;;;0;0;0;0;0;0;0;0;
FILTRE;2014;680001245;680000973;DECLA;1;1;1;0;0;0;1;1;0;0;1;0;1;0;0;0;1;0;1;1;0;1;1;0;0;0;1;0;0;0;0;0;1;1;0;0;0;0;0;
FILTRE;2014;680001245;680000973;INIT;1;1;1;0;0;0;1;1;0;0;0;0;1;0;0;;1;0;1;;;;;;;;;;;;;0;0;1;0;0;0;0;0;
FILTRE;2014;680001252;680001112;DECLA;0;0;0;0;1;0;0;0;0;0;0;0;0;0;0;0;0;0;0;0;0;0;0;0;0;0;0;0;0;0;0;0;0;0;0;0;0;0;0;
FILTRE;2014;680001252;680001112;INIT;0;0;0;0;1;0;0;0;0;0;0;0;0;0;0;;0;0;0;;;;;;;;;;;;;0;0;0;0;0;0;0;0;
FILTRE;2014;680001294;680000890;DECLA;0;0;0;1;0;0;0;0;0;0;0;0;0;0;0;0;0;0;0;0;0;0;0;1;0;1;0;0;0;0;0;0;0;0;0;0;0;0;0;
FILTRE;2014;680001294;680000890;INIT;0;0;0;1;0;0;0;0;0;0;0;0;0;0;0;;0;0;0;;;;;;;;;;;;;0;0;0;0;0;0;0;0;
FILTRE;2014;680001310;670013754;DECLA;0;0;0;0;1;0;0;0;0;0;0;0;0;0;0;0;0;0;0;0;0;0;0;0;0;0;0;0;0;0;0;0;0;0;0;0;0;0;0;
FILTRE;2014;680001310;670013754;INIT;0;0;0;0;1;0;0;0;0;0;0;0;0;0;0;;0;0;0;;;;;;;;;;;;;0;0;0;0;0;0;0;0;
FILTRE;2014;680001328;750005068;DECLA;0;0;0;0;1;0;0;0;0;0;0;0;0;0;0;0;0;0;0;1;0;0;0;1;0;1;0;0;0;1;0;0;0;0;0;0;0;0;0;
FILTRE;2014;680001328;750005068;INIT;0;0;0;0;1;0;0;0;0;0;0;0;0;0;0;;0;0;0;;;;;;;;;;;;;0;0;0;0;0;0;0;0;
FILTRE;2014;680001617;680016011;DECLA;0;0;0;0;1;0;0;0;0;0;0;0;0;0;0;0;0;0;0;0;0;0;0;0;0;0;0;0;0;0;0;0;0;0;0;0;0;0;0;
FILTRE;2014;680001617;680016011;INIT;0;0;0;0;1;0;0;0;0;0;0;0;0;0;0;;0;0;0;;;;;;;;;;;;;0;0;0;0;0;0;0;0;
FILTRE;2014;680003324;680014495;DECLA;0;0;0;0;0;1;0;0;0;0;0;0;0;0;0;0;0;0;0;0;0;0;0;1;0;0;1;1;0;0;1;0;0;0;0;0;0;0;0;
FILTRE;2014;680003324;680014495;INIT;0;0;0;0;1;1;0;0;0;0;0;0;0;0;0;;0;0;0;;;;;;;;;;;;;0;0;0;0;0;0;0;0;
FILTRE;2014;680004058;670013754;DECLA;0;0;0;0;1;0;0;0;0;0;0;0;0;0;0;0;0;0;0;0;0;0;0;0;0;0;0;0;0;0;0;0;0;0;0;0;0;0;0;
FILTRE;2014;680004058;670013754;INIT;0;0;0;0;1;0;0;0;0;0;0;0;0;0;0;;0;0;0;;;;;;;;;;;;;0;0;0;0;0;0;0;0;
FILTRE;2014;680004546;680000486;DECLA;1;1;0;0;1;0;1;1;0;1;1;1;0;0;0;1;1;1;1;1;1;1;1;1;1;0;0;1;1;1;1;1;1;1;0;0;1;0;1;
FILTRE;2014;680004546;680000486;INIT;1;1;0;0;1;0;1;1;0;1;1;1;1;0;0;;1;1;1;;;;;;;;;;;;;1;1;1;0;0;0;0;1;
FILTRE;2014;680004553;680000486;DECLA;1;0;0;0;1;1;1;0;0;0;0;0;0;0;0;1;0;0;0;0;0;0;0;0;0;0;0;0;0;1;1;0;0;0;0;0;0;0;0;
FILTRE;2014;680004553;680000486;INIT;1;0;0;0;1;1;1;0;0;0;0;0;0;0;0;;0;0;0;;;;;;;;;;;;;0;0;0;0;0;0;0;0;
FILTRE;2014;680004579;680000973;DECLA;1;0;0;0;1;0;1;0;0;0;0;0;0;0;0;0;0;0;0;0;0;0;0;0;0;0;1;0;0;0;1;0;0;0;0;0;0;0;0;
FILTRE;2014;680004579;680000973;INIT;1;0;0;0;1;0;1;0;0;0;0;0;0;0;0;;0;0;0;;;;;;;;;;;;;0;0;0;0;0;0;0;0;
FILTRE;2014;680007648;680007598;DECLA;0;0;0;0;0;0;0;0;0;0;1;0;0;0;1;0;0;0;0;0;0;0;0;0;0;0;0;1;0;0;0;0;0;0;0;0;0;0;0;
FILTRE;2014;680007648;680007598;INIT;0;0;0;0;0;0;0;0;0;0;0;0;0;0;1;;0;0;0;;;;;;;;;;;;;0;0;0;0;0;0;0;0;
FILTRE;2014;680010824;670000652;DECLA;0;0;0;0;0;0;1;0;0;0;0;1;0;0;0;0;0;0;0;0;0;0;0;0;0;0;0;0;0;0;0;0;0;0;0;0;0;0;0;
FILTRE;2014;680010824;670000652;INIT;0;0;0;0;0;0;0;0;0;0;0;1;0;0;0;;0;0;0;;;;;;;;;;;;;0;0;0;0;0;0;0;0;
FILTRE;2014;680013778;670000652;DECLA;0;0;0;0;0;0;1;0;0;0;0;1;0;0;0;0;0;0;0;0;0;0;0;0;0;0;0;0;0;0;0;0;0;0;0;0;0;0;0;
FILTRE;2014;680013778;670000652;INIT;0;0;0;0;0;0;0;0;0;0;0;1;0;0;0;;0;0;0;;;;;;;;;;;;;0;0;0;0;0;0;0;0;
FILTRE;2014;680017829;680017811;DECLA;0;0;0;0;0;0;0;0;0;0;1;0;0;0;1;0;0;0;0;0;0;0;0;0;0;1;0;0;0;0;1;0;0;0;0;0;0;0;0;
FILTRE;2014;680017829;680017811;INIT;0;0;0;0;0;0;0;0;0;0;0;0;0;0;1;;0;0;0;;;;;;;;;;;;;0;0;0;0;0;0;0;0;
FILTRE;2014;680020088;680020062;DECLA;1;1;1;0;0;0;1;1;0;0;1;0;0;0;0;0;0;0;1;0;0;0;1;1;1;1;0;0;0;1;0;0;1;1;0;0;0;0;0;
FILTRE;2014;680020088;680020062;INIT;1;1;1;0;0;0;1;1;0;0;1;0;0;0;0;;0;0;1;;;;;;;;;;;;;0;0;1;0;0;0;0;0;
FILTRE;2014;680020096;680000486;DECLA;0;0;0;0;1;0;0;0;0;0;0;0;0;0;0;0;1;0;0;0;0;0;0;0;0;0;0;0;0;0;0;0;0;0;0;0;0;0;0;
FILTRE;2014;680020096;680000486;INIT;1;0;0;0;1;0;0;0;0;0;0;0;0;0;0;;1;0;0;;;;;;;;;;;;;0;0;0;0;0;0;0;0;
FILTRE;2014;690000013;690780036;DECLA;1;0;1;0;1;0;1;0;0;0;0;0;1;0;0;0;1;0;1;1;0;0;0;1;0;1;1;0;0;0;0;0;0;0;0;0;0;0;0;
FILTRE;2014;690000013;690780036;INIT;1;0;1;0;1;0;1;0;0;0;0;0;1;0;0;;1;0;0;;;;;;;;;;;;;0;0;0;0;0;0;0;0;
FILTRE;2014;690000021;690780044;DECLA;1;0;1;0;1;0;0;0;0;0;0;0;1;0;0;0;0;0;1;1;0;0;0;1;0;1;1;0;0;0;0;0;0;0;0;0;0;0;0;
FILTRE;2014;690000021;690780044;INIT;1;0;1;0;1;0;1;0;0;0;0;0;1;0;0;;0;0;0;;;;;;;;;;;;;0;0;0;0;0;0;0;0;
FILTRE;2014;690000039;690780051;DECLA;0;0;0;0;1;0;0;0;0;0;0;0;0;0;0;0;0;0;0;0;0;0;0;0;0;0;0;1;1;0;0;0;0;0;0;0;0;0;0;
FILTRE;2014;690000039;690780051;INIT;0;0;0;0;1;0;0;0;0;0;0;0;0;0;0;;0;0;0;;;;;;;;;;;;;0;0;0;0;0;0;0;0;
FILTRE;2014;690000047;690780069;DECLA;1;0;0;0;1;0;0;0;0;0;0;0;0;0;0;0;0;0;0;0;0;0;0;1;0;1;0;0;0;1;1;0;0;0;0;0;0;0;0;
FILTRE;2014;690000047;690780069;INIT;1;0;0;0;1;0;1;0;0;0;0;0;0;0;0;;0;0;0;;;;;;;;;;;;;0;0;0;0;0;0;0;0;
FILTRE;2014;690000054;690780077;DECLA;0;0;0;0;1;0;0;0;0;0;0;0;0;0;0;0;0;0;0;0;0;0;0;1;0;1;0;0;0;0;1;0;0;0;0;0;0;0;0;
FILTRE;2014;690000054;690780077;INIT;0;0;0;0;1;0;0;0;0;0;0;0;0;0;0;;0;0;0;;;;;;;;;;;;;0;0;0;0;0;0;0;0;
FILTRE;2014;690000062;690780085;DECLA;0;0;0;0;1;0;0;0;0;0;0;0;0;0;0;0;0;0;0;0;0;0;0;1;0;1;0;0;0;0;0;0;0;0;0;0;0;0;0;
FILTRE;2014;690000062;690780085;INIT;0;0;0;0;1;0;0;0;0;0;0;0;0;0;0;;0;0;0;;;;;;;;;;;;;0;0;0;0;0;0;0;0;
FILTRE;2014;690000088;690780101;DECLA;1;0;0;1;1;0;0;0;1;0;0;0;0;0;0;0;0;0;0;0;0;1;1;1;0;1;0;0;0;0;1;0;0;0;0;0;0;0;0;
FILTRE;2014;690000088;690780101;INIT;0;0;0;1;1;0;0;0;1;0;0;0;0;0;0;;0;0;0;;;;;;;;;;;;;0;0;0;0;0;0;0;0;
FILTRE;2014;690000096;690780119;DECLA;0;0;0;1;0;0;0;0;1;0;0;0;0;0;0;0;0;0;0;1;0;0;0;1;1;1;1;0;0;0;1;0;0;0;0;0;0;0;0;
FILTRE;2014;690000096;690780119;INIT;0;0;0;1;0;0;0;0;1;0;0;0;0;0;0;;0;0;0;;;;;;;;;;;;;0;0;0;0;0;0;0;0;
FILTRE;2014;690000245;690780432;DECLA;1;0;0;0;1;1;1;0;0;0;0;0;0;0;0;0;0;0;0;1;0;0;0;1;0;1;1;0;0;0;1;0;0;0;0;0;0;0;0;
FILTRE;2014;690000245;690780432;INIT;1;0;0;0;1;1;1;0;0;0;0;0;0;0;0;;0;0;0;;;;;;;;;;;;;0;0;0;0;0;0;0;0;
FILTRE;2014;690000310;690000310;DECLA;0;0;0;1;0;0;0;0;1;0;0;0;0;0;0;0;0;0;0;0;0;0;0;0;0;0;0;0;0;0;0;0;0;0;0;0;0;0;0;
FILTRE;2014;690000310;690000310;INIT;0;0;0;1;0;0;0;0;0;0;0;0;0;0;0;;0;0;0;;;;;;;;;;;;;0;0;0;0;0;0;0;0;
FILTRE;2014;690000336;690780564;DECLA;0;0;0;1;0;0;0;0;1;0;0;0;0;0;0;0;0;0;0;0;0;0;0;1;0;0;0;0;0;0;0;0;0;0;0;0;0;0;0;
FILTRE;2014;690000336;690780564;INIT;0;0;0;1;0;0;0;0;1;0;0;0;0;0;0;;0;0;0;;;;;;;;;;;;;0;0;0;0;0;0;0;0;
FILTRE;2014;690000401;920028560;DECLA;0;0;0;0;1;0;0;0;0;0;0;0;0;0;0;0;0;0;0;1;0;0;0;1;0;1;0;0;0;0;0;0;0;0;0;0;0;0;0;
FILTRE;2014;690000401;920028560;INIT;0;0;0;0;1;0;0;0;0;0;0;0;0;0;0;;0;0;0;;;;;;;;;;;;;0;0;0;0;0;0;0;0;
FILTRE;2014;690000419;690780820;DECLA;0;0;0;0;1;0;0;0;0;0;0;0;0;0;0;0;0;0;0;0;0;0;0;0;0;1;0;0;0;0;0;0;0;0;0;0;0;0;0;
FILTRE;2014;690000419;690780820;INIT;0;0;0;0;1;0;0;0;0;0;0;0;0;0;0;;0;0;0;;;;;;;;;;;;;0;0;0;0;0;0;0;0;
FILTRE;2014;690000427;750721334;DECLA;1;1;0;0;1;0;1;0;0;0;0;0;0;0;0;0;0;0;1;1;0;0;0;1;1;1;0;0;0;0;1;0;1;0;0;0;0;0;0;
FILTRE;2014;690000427;750721334;INIT;1;1;0;0;1;0;1;0;0;0;0;0;0;0;0;;0;0;1;;;;;;;;;;;;;0;0;0;0;0;0;0;0;
FILTRE;2014;690000575;690782222;DECLA;1;1;1;0;0;0;1;1;0;0;1;0;1;0;0;0;1;1;1;1;1;1;1;1;1;1;0;1;0;1;0;1;1;1;0;0;0;0;0;
FILTRE;2014;690000575;690782222;INIT;1;1;1;0;1;0;1;1;0;1;1;0;1;0;0;;1;1;1;;;;;;;;;;;;;1;1;1;0;0;0;0;0;
FILTRE;2014;690000583;690782230;DECLA;1;0;0;0;1;0;1;0;0;0;0;0;0;0;0;0;0;0;0;0;0;0;0;1;0;1;0;0;0;1;1;0;0;0;0;0;0;0;0;
FILTRE;2014;690000583;690782230;INIT;1;0;0;0;1;0;1;0;0;0;0;0;0;0;0;;0;0;0;;;;;;;;;;;;;0;0;0;0;0;0;0;0;
FILTRE;2014;690000591;690782248;DECLA;1;0;0;0;1;0;1;0;0;0;0;0;0;0;0;0;0;0;0;1;0;0;0;1;0;1;0;0;0;1;1;0;0;0;0;0;0;0;0;
FILTRE;2014;690000591;690782248;INIT;1;0;0;0;1;0;1;0;0;0;0;0;0;0;0;;0;0;0;;;;;;;;;;;;;0;0;0;0;0;0;0;0;
FILTRE;2014;690000609;690010749;DECLA;1;0;0;0;1;1;1;0;0;0;0;0;0;0;0;0;0;0;0;0;0;0;0;1;0;1;0;0;0;0;1;0;0;0;0;0;0;0;0;
FILTRE;2014;690000609;690010749;INIT;1;0;0;0;1;1;1;0;0;0;0;0;0;0;0;;0;0;0;;;;;;;;;;;;;0;0;0;0;0;0;0;0;
FILTRE;2014;690000617;690031455;DECLA;1;0;0;0;0;0;1;0;0;0;0;0;0;0;0;0;0;0;0;0;0;0;0;1;0;0;0;0;0;1;1;0;0;0;0;0;0;0;0;
FILTRE;2014;690000617;690031455;INIT;1;0;0;0;0;0;1;0;0;0;0;0;0;0;0;;0;0;0;;;;;;;;;;;;;0;0;0;0;0;0;0;0;
FILTRE;2014;690000625;690782271;DECLA;1;0;0;0;1;0;1;1;0;0;1;0;1;1;0;0;1;1;1;1;0;1;0;1;0;1;1;0;0;1;1;0;0;0;0;0;0;0;0;
FILTRE;2014;690000625;690782271;INIT;1;0;0;0;1;0;1;0;0;0;1;0;1;1;0;;1;1;0;;;;;;;;;;;;;0;0;0;0;0;0;0;0;
FILTRE;2014;690000633;690010749;DECLA;1;0;0;0;1;0;1;0;0;0;0;0;0;0;0;0;0;0;0;0;0;0;0;1;0;1;0;0;0;0;1;0;0;0;0;0;0;0;0;
FILTRE;2014;690000633;690010749;INIT;1;0;0;0;1;0;1;0;0;0;0;0;0;0;0;;0;0;0;;;;;;;;;;;;;0;0;0;0;0;0;0;0;
FILTRE;2014;690000641;690782297;DECLA;0;0;0;0;1;0;0;0;0;0;0;0;0;0;0;0;0;0;0;0;0;0;0;1;1;1;0;0;0;0;1;0;0;0;0;0;0;0;0;
FILTRE;2014;690000641;690782297;INIT;0;0;0;0;1;0;0;0;0;0;0;0;0;0;0;;0;0;0;;;;;;;;;;;;;0;0;0;0;0;0;0;0;
FILTRE;2014;690000773;690782925;DECLA;1;0;0;0;1;1;0;0;0;0;0;0;0;0;0;0;0;0;0;1;0;0;0;1;0;1;0;0;0;0;1;0;0;0;0;0;0;0;0;
FILTRE;2014;690000773;690782925;INIT;1;0;0;0;1;1;1;0;0;0;0;0;0;0;0;;0;0;0;;;;;;;;;;;;;0;0;0;0;0;0;0;0;
FILTRE;2014;690000880;690783220;DECLA;1;1;0;0;0;0;1;1;0;1;1;0;0;0;1;0;0;0;1;1;1;0;0;1;1;1;0;1;1;1;0;0;1;1;0;0;0;0;0;
FILTRE;2014;690000880;690783220;INIT;1;1;0;0;0;0;1;1;0;1;1;0;0;0;1;;0;0;1;;;;;;;;;;;;;0;0;1;0;0;0;0;0;
FILTRE;2014;690001524;690787338;DECLA;0;0;0;0;1;0;0;0;0;0;0;0;0;0;0;1;0;0;0;0;0;0;0;1;0;1;0;0;0;0;0;0;0;0;0;0;0;0;0;
FILTRE;2014;690001524;690787338;INIT;0;0;0;0;1;0;0;0;0;0;0;0;0;0;0;;0;0;0;;;;;;;;;;;;;0;0;0;0;0;0;0;0;
FILTRE;2014;690002092;010783009;DECLA;0;0;0;1;0;0;0;0;1;0;0;0;0;0;0;0;0;0;0;0;0;0;0;1;0;1;0;0;0;0;0;0;0;0;0;0;0;0;0;
FILTRE;2014;690002092;010783009;INIT;0;0;0;1;0;0;0;0;1;0;0;0;0;0;0;;0;0;0;;;;;;;;;;;;;0;0;0;0;0;0;0;0;
FILTRE;2014;690004718;690796552;DECLA;0;0;0;0;0;0;0;0;0;0;0;1;0;0;0;0;0;0;0;0;0;0;0;0;0;1;1;0;0;0;0;0;0;0;0;0;0;0;0;
FILTRE;2014;690004718;690796552;INIT;0;0;0;0;0;0;0;0;0;0;0;1;0;0;0;;0;0;0;;;;;;;;;;;;;0;0;0;0;0;0;0;0;
FILTRE;2014;690006721;010783009;DECLA;0;0;0;0;1;0;0;0;0;0;0;0;0;0;0;0;0;0;0;0;0;0;0;1;0;1;0;0;0;0;1;0;0;0;0;0;0;0;0;
FILTRE;2014;690006721;010783009;INIT;0;0;0;0;1;0;0;0;0;0;0;0;0;0;0;;0;0;0;;;;;;;;;;;;;0;0;0;0;0;0;0;0;
FILTRE;2014;690007075;690002225;DECLA;0;0;0;0;0;0;0;0;0;0;0;1;0;0;0;0;0;0;0;0;0;0;0;1;0;0;1;0;0;0;0;0;0;0;0;0;0;0;0;
FILTRE;2014;690007075;690002225;INIT;0;0;0;0;0;0;0;0;0;0;0;1;0;0;0;;0;0;0;;;;;;;;;;;;;0;0;0;0;0;0;0;0;
FILTRE;2014;690007539;690781810;DECLA;1;1;1;0;0;0;1;1;0;0;1;1;1;0;0;1;1;0;1;1;1;1;1;1;1;1;0;0;0;0;0;0;1;1;0;0;1;0;0;
FILTRE;2014;690007539;690781810;INIT;1;1;1;0;0;0;1;1;0;0;1;1;1;0;0;;1;0;1;;;;;;;;;;;;;0;1;1;0;0;1;0;0;
FILTRE;2014;690010848;690000450;DECLA;0;0;0;0;1;0;0;0;0;0;0;0;0;0;0;0;0;0;0;0;0;0;0;1;0;1;0;0;0;0;0;0;0;0;0;0;0;0;0;
FILTRE;2014;690010848;690000450;INIT;0;0;0;0;1;0;0;0;0;0;0;0;0;0;0;;0;0;0;;;;;;;;;;;;;0;0;0;0;0;0;0;0;
FILTRE;2014;690011838;690000724;DECLA;0;0;0;0;0;0;1;0;0;1;1;0;0;0;0;0;0;0;0;0;0;0;0;0;0;0;0;0;0;0;0;0;0;0;0;0;0;0;0;
FILTRE;2014;690011838;690000724;INIT;0;0;0;0;0;0;0;0;0;1;1;0;0;0;0;;0;0;0;;;;;;;;;;;;;0;0;0;0;0;0;0;0;
FILTRE;2014;690012109;690027008;DECLA;0;0;0;0;1;0;0;0;0;0;0;0;0;0;0;1;0;0;0;0;0;1;0;1;0;1;0;0;0;0;0;0;0;0;0;0;0;0;0;
FILTRE;2014;690012109;690027008;INIT;0;0;0;0;1;0;0;0;0;0;0;0;0;0;0;;0;0;0;;;;;;;;;;;;;0;0;0;0;0;0;0;0;
FILTRE;2014;690019799;690007182;DECLA;0;0;0;0;0;0;0;0;0;0;0;0;0;0;1;0;0;0;0;0;0;0;0;0;0;1;0;0;0;0;0;0;0;0;0;0;0;0;0;
FILTRE;2014;690019799;690007182;INIT;0;0;0;0;0;0;0;0;0;0;0;0;0;0;1;;0;0;0;;;;;;;;;;;;;0;0;0;0;0;0;0;0;
FILTRE;2014;690019849;690781810;DECLA;1;0;0;0;0;0;1;0;0;0;1;0;0;0;0;0;0;0;0;0;0;0;0;0;0;0;0;0;0;0;0;0;1;0;0;0;1;0;0;
FILTRE;2014;690019849;690781810;INIT;1;0;0;0;0;0;1;0;0;0;1;0;0;0;0;;0;0;0;;;;;;;;;;;;;0;0;0;0;0;1;0;0;
FILTRE;2014;690022009;690796552;DECLA;0;0;0;0;0;0;0;0;0;0;0;1;0;0;0;0;0;0;0;0;0;0;0;1;0;1;0;0;0;0;0;0;0;0;0;0;0;0;0;
FILTRE;2014;690022009;690796552;INIT;0;0;0;0;0;0;0;0;0;0;0;1;0;0;0;;0;0;0;;;;;;;;;;;;;0;0;0;0;0;0;0;0;
FILTRE;2014;690022058;690002225;DECLA;0;0;0;0;0;0;0;0;0;0;0;1;0;0;0;0;0;0;0;0;0;0;0;1;0;0;1;0;0;0;0;0;0;0;0;0;0;0;0;
FILTRE;2014;690022058;690002225;INIT;0;0;0;0;0;0;0;0;0;0;0;1;0;0;0;;0;0;0;;;;;;;;;;;;;0;0;0;0;0;0;0;0;
FILTRE;2014;690022108;690000724;DECLA;0;0;0;0;0;0;1;0;0;0;0;1;0;0;0;0;0;0;0;0;0;0;0;1;0;0;0;0;0;0;0;0;0;0;0;0;0;0;0;
FILTRE;2014;690022108;690000724;INIT;0;0;0;0;0;0;0;0;0;0;0;1;0;0;0;;0;0;0;;;;;;;;;;;;;0;0;0;0;0;0;0;0;
FILTRE;2014;690022959;690000732;DECLA;1;1;1;1;0;0;1;1;1;0;0;0;1;0;0;0;0;0;1;0;0;1;0;1;1;1;0;0;0;0;1;0;0;1;0;0;0;0;0;
FILTRE;2014;690022959;690000732;INIT;1;1;1;1;0;0;1;1;1;0;0;0;1;0;0;;0;0;1;;;;;;;;;;;;;0;0;1;0;0;0;0;0;
FILTRE;2014;690023098;690002225;DECLA;0;0;0;0;0;0;0;0;0;0;0;1;0;0;0;0;0;0;0;0;0;0;0;1;0;0;1;0;0;0;0;0;0;0;0;0;0;0;0;
FILTRE;2014;690023098;690002225;INIT;0;0;0;0;0;0;0;0;0;0;0;1;0;0;0;;0;0;0;;;;;;;;;;;;;0;0;0;0;0;0;0;0;
FILTRE;2014;690023239;690000146;DECLA;1;1;0;0;0;0;0;1;0;0;0;0;0;0;0;0;0;0;1;1;0;1;0;1;1;1;0;0;0;0;0;0;1;0;0;0;0;0;0;
FILTRE;2014;690023239;690000146;INIT;0;1;0;0;0;0;0;1;0;0;0;0;0;0;0;;0;0;1;;;;;;;;;;;;;0;0;0;0;0;0;0;0;
FILTRE;2014;690023411;690000252;DECLA;1;1;0;0;0;0;1;1;0;1;1;1;0;0;0;0;1;0;1;1;1;1;1;1;1;1;0;0;0;1;0;0;1;1;0;0;0;0;0;
FILTRE;2014;690023411;690000252;INIT;1;1;0;0;0;0;1;1;0;1;1;1;0;0;0;;1;0;1;;;;;;;;;;;;;0;0;1;0;0;0;0;0;
FILTRE;2014;690024773;690002225;DECLA;0;0;0;0;0;0;0;0;0;0;0;1;0;0;0;0;0;0;0;0;0;0;0;1;0;0;1;0;0;0;0;0;0;0;0;0;0;0;0;
FILTRE;2014;690024773;690002225;INIT;0;0;0;0;0;0;0;0;0;0;0;1;0;0;0;;0;0;0;;;;;;;;;;;;;0;0;0;0;0;0;0;0;
FILTRE;2014;690025366;690000450;DECLA;0;0;0;0;1;0;0;0;0;0;0;0;0;0;0;0;0;0;0;0;0;0;0;0;0;1;0;0;0;0;0;0;0;0;0;0;0;0;0;
FILTRE;2014;690025366;690000450;INIT;0;0;0;0;1;0;0;0;0;0;0;0;0;0;0;;0;0;0;;;;;;;;;;;;;0;0;0;0;0;0;0;0;
FILTRE;2014;690029186;690027099;DECLA;0;0;0;0;0;0;1;0;0;0;0;0;0;0;0;0;0;0;1;0;0;0;0;0;0;0;0;0;0;0;0;0;0;0;0;0;0;0;0;
FILTRE;2014;690030119;750043994;DECLA;0;0;0;0;1;0;0;0;0;0;0;0;0;0;0;0;0;0;0;0;0;0;0;1;0;1;0;0;0;0;0;0;0;0;0;0;0;0;0;
FILTRE;2014;690030119;750043994;INIT;0;0;0;0;1;0;0;0;0;0;0;0;0;0;0;;0;0;0;;;;;;;;;;;;;0;0;0;0;0;0;0;0;
FILTRE;2014;690030283;920000395;DECLA;0;0;0;0;1;0;0;0;0;0;0;0;0;0;0;0;0;0;0;0;0;0;0;1;0;1;0;0;0;0;0;0;0;0;0;0;0;0;0;
FILTRE;2014;690030283;920000395;INIT;0;0;0;0;1;0;0;0;0;0;0;0;0;0;0;;0;0;0;;;;;;;;;;;;;0;0;0;0;0;0;0;0;
FILTRE;2014;690030333;690030325;DECLA;0;0;0;0;1;0;0;0;0;0;0;0;0;0;0;0;0;0;0;0;0;0;0;0;0;0;0;0;0;0;0;0;0;0;0;0;0;0;0;
FILTRE;2014;690030333;690030325;INIT;0;0;0;0;1;0;0;0;0;0;0;0;0;0;0;;0;0;0;;;;;;;;;;;;;0;0;0;0;0;0;0;0;
FILTRE;2014;690030770;330030909;DECLA;0;0;0;0;0;0;0;0;0;0;0;1;0;0;0;0;0;0;0;0;0;0;0;1;0;0;0;0;0;0;0;0;0;0;0;0;0;0;0;
FILTRE;2014;690030770;330030909;INIT;0;0;0;0;0;0;0;0;0;0;0;1;0;0;0;;0;0;0;;;;;;;;;;;;;0;0;0;0;0;0;0;0;
FILTRE;2014;690031513;690000278;DECLA;0;0;0;0;0;0;0;0;0;0;0;1;0;0;0;0;0;0;0;0;0;0;0;1;0;1;0;0;0;0;0;0;0;0;0;0;0;0;0;
FILTRE;2014;690031513;690000278;INIT;0;0;0;0;0;0;0;0;0;0;0;1;0;0;0;;0;0;0;;;;;;;;;;;;;0;0;0;0;0;0;0;0;
FILTRE;2014;690034558;690006598;DECLA;0;0;0;0;1;0;0;0;0;0;0;0;0;0;0;0;0;0;0;0;0;0;0;1;0;1;0;0;0;0;0;0;0;0;0;0;0;0;0;
FILTRE;2014;690036108;690036090;DECLA;0;0;0;1;0;0;0;0;1;0;0;0;0;0;0;0;0;0;0;0;0;0;0;0;0;0;0;0;0;0;0;0;0;0;0;0;0;0;0;
FILTRE;2014;690036108;690036090;INIT;0;0;0;1;0;0;0;0;1;0;0;0;0;0;0;;0;0;0;;;;;;;;;;;;;0;0;0;0;0;0;0;0;
FILTRE;2014;690780093;750821092;DECLA;1;1;0;1;1;0;1;1;1;0;1;0;0;0;0;1;1;0;1;1;1;1;1;1;1;1;1;0;1;0;0;0;1;0;0;0;0;0;0;
FILTRE;2014;690780150;690000104;DECLA;1;0;0;0;1;1;1;0;0;0;0;0;0;1;0;0;0;0;0;1;0;0;0;1;0;1;0;0;0;0;1;0;0;0;0;0;0;0;0;
FILTRE;2014;690780150;690000104;INIT;1;0;0;0;1;1;1;0;0;0;0;0;0;1;0;;0;0;0;;;;;;;;;;;;;0;0;0;0;0;0;0;0;
FILTRE;2014;690780200;690000112;DECLA;0;1;0;0;1;0;0;1;0;0;0;0;0;0;0;0;0;0;1;1;0;1;1;1;1;1;0;0;0;0;0;0;0;0;0;0;0;0;0;
FILTRE;2014;690780200;690000112;INIT;0;1;0;0;1;0;0;1;0;0;0;0;0;0;0;;0;0;1;;;;;;;;;;;;;0;0;0;0;0;0;0;0;
FILTRE;2014;690780226;690039870;DECLA;0;1;0;0;0;0;0;1;0;0;0;0;0;0;0;0;0;0;1;0;0;0;0;0;0;0;0;0;0;0;0;0;0;0;0;0;0;0;0;
FILTRE;2014;690780226;690039870;INIT;0;1;0;0;0;0;0;1;0;0;0;0;0;0;0;;0;0;1;;;;;;;;;;;;;0;0;0;0;0;0;0;0;
FILTRE;2014;690780259;690030457;DECLA;0;1;0;0;0;0;0;1;0;0;0;0;0;0;0;0;0;0;1;0;0;0;0;1;1;1;0;0;0;0;0;0;0;0;0;0;0;0;0;
FILTRE;2014;690780259;690030457;INIT;0;1;0;0;0;0;0;1;0;0;0;0;0;0;0;;0;0;1;;;;;;;;;;;;;0;0;0;0;0;0;0;0;
FILTRE;2014;690780358;690000195;DECLA;1;1;1;0;0;0;1;1;0;0;1;0;1;0;0;0;0;0;1;0;0;0;0;1;1;1;0;0;0;0;0;0;1;1;0;0;0;0;0;
FILTRE;2014;690780358;690000195;INIT;1;1;1;0;0;0;1;1;0;0;1;0;1;0;0;;0;0;1;;;;;;;;;;;;;0;0;1;0;0;0;0;0;
FILTRE;2014;690780366;690000203;DECLA;1;1;0;0;0;0;1;1;0;1;1;0;0;0;0;0;0;0;1;0;0;0;0;1;1;1;0;0;0;1;0;0;1;1;0;0;0;0;0;
FILTRE;2014;690780366;690000203;INIT;1;1;0;0;0;0;1;1;0;1;1;0;0;0;0;;0;0;1;;;;;;;;;;;;;0;0;1;0;0;0;0;0;
FILTRE;2014;690780382;690006598;DECLA;1;1;0;0;0;0;1;1;0;0;0;0;0;0;0;0;1;0;1;1;0;1;0;1;1;1;0;0;0;0;0;0;1;1;0;0;0;0;0;
FILTRE;2014;690780382;690006598;INIT;0;0;0;0;0;0;0;0;0;0;1;0;0;0;0;;0;0;0;;;;;;;;;;;;;0;0;0;0;0;0;0;0;
FILTRE;2014;690780390;690000229;DECLA;1;1;1;0;0;0;1;1;0;0;1;0;0;0;0;0;1;0;1;0;0;1;0;1;1;1;1;0;0;1;0;1;1;1;0;0;0;0;1;
FILTRE;2014;690780390;690000229;INIT;1;1;1;0;0;0;1;1;0;0;1;0;0;0;0;;1;0;1;;;;;;;;;;;;;1;0;1;0;0;0;0;0;
FILTRE;2014;690780416;690031190;DECLA;1;1;1;0;0;0;1;1;0;0;1;0;1;0;0;0;1;0;1;0;0;0;0;1;0;0;1;1;1;0;0;0;1;1;0;0;0;0;0;
FILTRE;2014;690780416;690031190;INIT;1;1;1;0;0;0;1;1;0;0;1;0;1;0;0;;1;0;1;;;;;;;;;;;;;0;0;1;0;0;0;0;0;
FILTRE;2014;690780481;750056335;DECLA;0;0;0;0;1;0;0;0;0;0;0;0;0;0;0;0;0;0;0;0;0;0;0;1;0;1;0;0;0;0;0;0;0;0;0;0;0;0;0;
FILTRE;2014;690780481;750056335;INIT;0;0;0;0;1;0;0;0;0;0;0;0;0;0;0;;0;0;0;;;;;;;;;;;;;0;0;0;0;0;0;0;0;
FILTRE;2014;690780499;690000278;DECLA;0;0;0;0;0;0;0;0;0;0;0;1;0;0;0;0;0;0;0;0;0;0;0;1;0;1;0;0;0;0;1;0;0;0;0;0;0;0;0;
FILTRE;2014;690780499;690000278;INIT;0;0;0;0;0;0;0;0;0;0;0;1;0;0;0;;0;0;0;;;;;;;;;;;;;0;0;0;0;0;0;0;0;
FILTRE;2014;690780507;750052276;DECLA;0;0;0;1;0;0;0;0;1;0;0;0;0;0;0;0;0;0;0;0;0;0;0;1;0;1;0;0;0;0;0;0;0;0;0;0;0;0;0;
FILTRE;2014;690780507;750052276;INIT;0;0;0;1;0;0;0;0;1;0;0;0;0;0;0;;0;0;0;;;;;;;;;;;;;0;0;0;0;0;0;0;0;
FILTRE;2014;690780515;690000294;DECLA;0;0;0;1;0;0;0;0;1;0;0;0;0;0;0;0;0;0;0;0;0;0;0;1;1;0;0;0;0;0;0;0;0;0;0;0;0;0;0;
FILTRE;2014;690780515;690000294;INIT;0;0;0;1;0;0;0;0;1;0;0;0;0;0;0;;0;0;0;;;;;;;;;;;;;0;0;0;0;0;0;0;0;
FILTRE;2014;690780523;750047938;DECLA;0;0;0;1;0;0;0;0;1;0;0;0;0;0;0;0;0;0;0;0;0;0;0;0;0;0;0;0;0;0;0;0;0;0;0;0;0;0;0;
FILTRE;2014;690780523;750047938;INIT;0;0;0;1;0;0;0;0;1;0;0;0;0;0;0;;0;0;0;;;;;;;;;;;;;0;0;0;0;0;0;0;0;
FILTRE;2014;690780549;750043994;DECLA;0;0;0;1;0;0;0;0;1;0;0;0;0;0;0;0;0;0;0;0;0;0;0;0;0;0;0;0;0;0;0;0;0;0;0;0;0;0;0;
FILTRE;2014;690780549;750043994;INIT;0;0;0;1;0;0;0;0;1;0;0;0;0;0;0;;0;0;0;;;;;;;;;;;;;0;0;0;0;0;0;0;0;
FILTRE;2014;690780648;690036900;DECLA;1;1;0;0;0;0;1;1;0;0;1;0;0;0;0;0;1;0;1;1;0;1;0;1;1;1;0;0;1;1;0;1;1;1;0;0;0;0;1;
FILTRE;2014;690780648;690036900;INIT;1;1;0;0;0;0;1;1;0;0;1;0;0;0;0;;1;0;1;;;;;;;;;;;;;1;1;1;0;0;0;0;1;
FILTRE;2014;690780655;690000377;DECLA;1;1;0;0;1;0;1;1;0;0;1;0;0;0;0;0;1;0;1;0;0;0;0;1;0;1;0;0;0;1;1;0;0;1;0;0;0;0;0;
FILTRE;2014;690780655;690000377;INIT;1;1;0;0;1;0;1;1;0;0;1;0;0;0;0;;1;0;1;;;;;;;;;;;;;0;0;1;0;0;0;0;0;
FILTRE;2014;690780663;690000385;DECLA;0;1;0;0;0;0;1;1;0;0;1;0;0;0;0;0;0;0;1;0;0;0;0;1;1;1;0;0;0;0;0;0;1;1;0;0;0;0;0;
FILTRE;2014;690780663;690000385;INIT;0;1;0;0;0;0;0;1;0;0;1;0;0;0;0;;0;0;1;;;;;;;;;;;;;0;0;1;0;0;0;0;0;
FILTRE;2014;690781026;690029723;DECLA;0;0;0;0;1;0;0;0;0;0;0;0;0;0;0;0;0;0;0;1;0;0;0;1;0;1;0;0;0;0;0;0;0;0;0;0;0;0;0;
FILTRE;2014;690781026;690029723;INIT;0;0;0;0;1;0;0;0;0;0;0;0;0;0;0;;0;0;0;;;;;;;;;;;;;0;0;0;0;0;0;0;0;
FILTRE;2014;690781737;750721334;DECLA;1;0;0;0;1;0;0;0;0;0;0;0;0;0;0;0;0;0;0;1;0;0;0;1;0;1;0;1;0;1;0;0;0;0;0;0;0;0;0;
FILTRE;2014;690781737;750721334;INIT;1;0;0;0;1;0;1;0;0;0;0;0;0;0;0;;0;0;0;;;;;;;;;;;;;0;0;0;0;0;0;0;0;
FILTRE;2014;690781745;690000542;DECLA;0;0;0;1;0;0;0;0;1;0;0;0;0;0;0;0;0;0;0;0;0;0;1;1;0;0;0;0;0;0;0;0;0;0;0;0;0;0;0;
FILTRE;2014;690781745;690000542;INIT;0;0;0;1;0;0;0;0;1;0;0;0;0;0;0;;0;0;0;;;;;;;;;;;;;0;0;0;0;0;0;0;0;
FILTRE;2014;690781836;690006598;DECLA;1;1;0;0;0;0;1;1;0;0;1;0;0;0;0;0;0;0;1;1;1;1;0;1;0;1;0;1;1;0;0;0;0;1;0;0;0;0;0;
FILTRE;2014;690782081;750005068;DECLA;0;0;0;1;0;0;0;0;1;0;0;0;0;0;0;0;0;0;0;0;0;0;0;0;0;0;0;0;0;0;0;0;0;0;0;0;0;0;0;
FILTRE;2014;690782081;750005068;INIT;0;0;0;1;0;0;0;0;1;0;0;0;0;0;0;;0;0;0;;;;;;;;;;;;;0;0;0;0;0;0;0;0;
FILTRE;2014;690782172;690782172;DECLA;0;0;0;1;0;0;0;0;1;0;0;0;0;0;0;0;0;0;0;0;0;0;0;0;0;0;0;0;0;0;1;0;0;0;0;0;0;0;0;
FILTRE;2014;690782172;690782172;INIT;0;0;0;1;0;0;0;0;0;0;0;0;0;0;0;;0;0;0;;;;;;;;;;;;;0;0;0;0;0;0;0;0;
FILTRE;2014;690782420;690793633;DECLA;0;0;0;0;1;1;0;0;0;0;0;0;0;0;0;0;0;0;0;1;0;0;0;1;1;1;0;0;0;0;0;0;0;0;0;0;0;0;0;
FILTRE;2014;690782420;690793633;INIT;0;0;0;0;1;1;0;0;0;0;0;0;0;0;0;;0;0;0;;;;;;;;;;;;;0;0;0;0;0;0;0;0;
FILTRE;2014;690782834;690000724;DECLA;1;1;1;0;0;0;1;1;0;0;1;1;1;0;0;0;1;0;1;0;0;1;0;1;1;1;0;0;0;1;0;1;1;1;1;0;0;0;1;
FILTRE;2014;690782834;690000724;INIT;1;1;1;0;0;0;1;1;0;0;0;1;1;0;0;;1;0;1;;;;;;;;;;;;;1;1;1;1;0;0;0;1;
FILTRE;2014;690783154;690781810;DECLA;1;1;0;0;1;0;1;1;0;0;1;1;1;0;0;1;1;1;1;1;1;1;1;1;0;1;1;1;1;1;0;0;1;1;0;0;1;1;0;
FILTRE;2014;690783154;690781810;INIT;1;1;0;0;1;0;1;1;0;0;1;1;1;0;0;;1;1;1;;;;;;;;;;;;;0;1;1;0;0;1;1;0;
FILTRE;2014;690784061;690006598;DECLA;0;0;0;0;1;0;0;0;0;0;0;0;0;0;0;0;0;0;0;0;0;0;0;1;0;1;0;0;0;0;0;0;0;0;0;0;0;0;0;
FILTRE;2014;690784137;690781810;DECLA;1;1;1;0;1;0;1;1;0;1;1;1;1;0;0;0;1;1;1;1;1;1;1;1;1;1;1;1;1;1;0;0;1;1;0;0;1;0;0;
FILTRE;2014;690784137;690781810;INIT;1;1;1;0;1;0;1;1;0;1;1;1;1;0;0;;1;0;1;;;;;;;;;;;;;0;1;1;0;0;1;0;0;
FILTRE;2014;690784152;690781810;DECLA;1;1;1;0;0;0;1;1;0;0;1;0;1;0;0;0;1;1;1;1;1;1;0;1;1;1;1;1;1;1;0;1;1;1;0;0;1;0;0;
FILTRE;2014;690784152;690781810;INIT;1;1;1;0;0;0;1;1;0;0;1;0;1;0;0;;1;0;1;;;;;;;;;;;;;1;1;1;0;0;1;0;0;
FILTRE;2014;690784178;690781810;DECLA;1;1;0;0;1;0;1;0;1;0;1;0;0;0;0;0;0;0;1;1;0;1;1;1;1;1;1;0;1;0;0;0;1;1;1;1;0;0;0;
FILTRE;2014;690784178;690781810;INIT;1;1;0;0;1;0;1;0;0;0;1;0;0;0;0;;0;0;1;;;;;;;;;;;;;0;1;1;1;1;0;0;0;
FILTRE;2014;690784186;690781810;DECLA;1;1;0;0;1;0;1;1;0;1;1;0;0;0;0;0;0;0;1;1;0;1;1;1;1;1;0;0;0;1;0;1;1;1;0;0;1;0;1;
FILTRE;2014;690784186;690781810;INIT;1;1;0;0;1;0;1;1;0;0;1;0;0;0;0;;0;0;1;;;;;;;;;;;;;1;1;1;0;0;1;0;1;
FILTRE;2014;690784194;690781810;DECLA;1;0;0;0;1;1;1;0;0;0;0;0;0;0;0;0;0;0;0;1;0;1;0;1;1;1;0;0;1;0;0;0;0;0;0;0;0;0;0;
FILTRE;2014;690784194;690781810;INIT;1;0;0;0;1;1;1;0;0;0;0;0;0;0;0;;0;0;0;;;;;;;;;;;;;0;0;0;0;0;0;0;0;
FILTRE;2014;690784202;690781810;DECLA;0;0;0;0;1;0;1;0;0;0;0;0;0;0;0;0;0;0;0;1;0;0;0;0;0;1;0;0;0;0;1;0;0;0;0;0;0;0;0;
FILTRE;2014;690784202;690781810;INIT;0;1;0;0;1;0;0;0;0;0;1;0;0;0;0;;0;0;1;;;;;;;;;;;;;0;0;0;0;0;0;0;0;
FILTRE;2014;690784244;750721334;DECLA;0;0;0;0;1;0;0;0;0;0;0;0;0;0;0;0;0;0;0;0;0;0;0;1;0;1;0;0;0;0;0;0;0;0;0;0;0;0;0;
FILTRE;2014;690784244;750721334;INIT;0;0;0;0;1;0;0;0;0;0;0;0;0;0;0;;0;0;0;;;;;;;;;;;;;0;0;0;0;0;0;0;0;
FILTRE;2014;690787429;690781810;DECLA;1;0;0;0;1;1;1;0;0;0;0;0;0;0;0;0;0;0;0;0;0;0;0;0;0;0;0;0;0;0;0;0;0;0;0;0;0;0;0;
FILTRE;2014;690787429;690781810;INIT;1;0;0;0;1;1;1;0;0;0;0;0;0;0;0;;0;0;0;;;;;;;;;;;;;0;0;0;0;0;0;0;0;
FILTRE;2014;690787452;690781810;DECLA;1;0;0;0;1;1;1;0;0;0;0;0;0;0;0;0;0;0;0;1;0;0;0;1;0;1;0;0;0;0;1;0;0;0;0;0;0;0;0;
FILTRE;2014;690787452;690781810;INIT;1;0;0;0;1;1;1;0;0;0;0;0;0;0;0;;0;0;0;;;;;;;;;;;;;0;0;0;0;0;0;0;0;
FILTRE;2014;690787460;690782222;DECLA;1;0;0;0;1;0;1;0;0;0;0;0;0;0;0;0;0;0;0;0;0;0;0;1;0;0;0;0;0;0;0;0;0;0;0;0;0;0;0;
FILTRE;2014;690787460;690782222;INIT;1;0;0;0;1;0;1;0;0;0;0;0;0;0;0;;0;0;0;;;;;;;;;;;;;0;0;0;0;0;0;0;0;
FILTRE;2014;690787478;690781810;DECLA;1;0;0;0;1;1;1;0;0;0;0;0;0;0;0;0;0;0;0;1;0;0;0;1;1;1;0;0;0;0;0;0;0;0;0;0;0;0;0;
FILTRE;2014;690787478;690781810;INIT;1;0;0;0;1;1;1;0;0;0;0;0;0;0;0;;0;0;0;;;;;;;;;;;;;0;0;0;0;0;0;0;0;
FILTRE;2014;690788930;690001623;DECLA;0;0;0;0;0;0;0;0;0;0;1;0;0;0;1;0;0;0;0;0;0;0;0;1;0;1;0;1;0;1;0;0;0;0;0;0;0;0;0;
FILTRE;2014;690788930;690001623;INIT;0;0;0;0;0;0;0;0;0;0;1;0;0;0;1;;0;0;0;;;;;;;;;;;;;0;0;0;0;0;0;0;0;
FILTRE;2014;690790472;690029723;DECLA;0;0;0;0;1;0;0;0;0;0;0;0;0;0;0;0;0;0;0;0;0;0;0;1;0;0;0;0;0;0;0;0;0;0;0;0;0;0;0;
FILTRE;2014;690790472;690029723;INIT;0;0;0;0;1;0;0;0;0;0;0;0;0;0;0;;0;0;0;;;;;;;;;;;;;0;0;0;0;0;0;0;0;
FILTRE;2014;690790480;690006598;DECLA;0;0;0;0;1;0;0;0;0;0;0;0;0;0;0;0;0;0;0;0;0;0;0;1;0;1;0;0;0;1;0;0;0;0;0;0;0;0;0;
FILTRE;2014;690791082;690001904;DECLA;1;0;0;0;1;0;0;0;0;0;0;0;0;0;0;0;0;0;0;0;0;0;0;0;0;0;0;0;0;0;0;0;0;0;0;0;0;0;0;
FILTRE;2014;690791082;690001904;INIT;1;0;0;0;1;0;1;0;0;0;0;0;0;0;0;;0;0;0;;;;;;;;;;;;;0;0;0;0;0;0;0;0;
FILTRE;2014;690791132;690001912;DECLA;0;0;0;0;0;1;0;0;0;0;0;0;0;0;0;0;0;0;0;0;0;0;0;1;0;0;0;0;0;0;1;0;0;0;0;0;0;0;0;
FILTRE;2014;690791132;690001912;INIT;0;0;0;0;0;1;0;0;0;0;0;0;0;0;0;;0;0;0;;;;;;;;;;;;;0;0;0;0;0;0;0;0;
FILTRE;2014;690793468;690002068;DECLA;1;1;0;0;0;0;1;1;0;0;1;0;0;0;0;0;0;0;1;1;0;1;1;1;1;1;0;0;0;1;1;1;1;1;0;0;0;0;1;
FILTRE;2014;690793468;690002068;INIT;1;1;0;0;0;0;1;1;0;0;1;0;0;0;0;;0;0;1;;;;;;;;;;;;;1;1;1;0;0;0;0;1;
FILTRE;2014;690796727;690796727;DECLA;0;0;0;1;0;0;0;0;1;0;0;0;0;0;0;0;0;0;0;1;0;0;0;1;0;1;0;0;1;0;1;0;0;0;0;0;0;0;0;
FILTRE;2014;690796727;690796727;INIT;0;0;0;1;0;0;0;0;1;0;0;0;0;0;0;;0;0;0;;;;;;;;;;;;;0;0;0;0;0;0;0;0;
FILTRE;2014;690799283;690796552;DECLA;0;0;0;0;0;0;0;0;0;0;0;1;0;0;0;0;0;0;0;0;0;0;0;0;0;1;0;0;0;0;0;0;0;0;0;0;0;0;0;
FILTRE;2014;690799283;690796552;INIT;0;0;0;0;0;0;0;0;0;0;0;1;0;0;0;;0;0;0;;;;;;;;;;;;;0;0;0;0;0;0;0;0;
FILTRE;2014;690801709;690802715;DECLA;0;0;0;0;0;1;0;0;0;0;0;0;0;0;0;0;0;0;0;0;0;0;0;1;0;0;0;0;0;0;0;0;0;0;0;0;0;0;0;
FILTRE;2014;690801709;690802715;INIT;0;0;0;0;0;1;0;0;0;0;0;0;0;0;0;;0;0;0;;;;;;;;;;;;;0;0;0;0;0;0;0;0;
FILTRE;2014;690802251;690782222;DECLA;0;0;0;0;0;1;0;0;0;0;0;0;0;0;0;0;0;0;0;0;0;0;0;0;0;0;0;0;0;0;0;0;0;0;0;0;0;0;0;
FILTRE;2014;690802251;690782222;INIT;0;0;0;0;0;1;0;0;0;0;0;0;0;0;0;;0;0;0;;;;;;;;;;;;;0;0;0;0;0;0;0;0;
FILTRE;2014;690802913;690005038;DECLA;0;0;0;0;0;1;0;0;0;0;0;0;0;0;0;0;0;0;0;0;0;0;0;1;0;0;0;0;0;0;1;0;0;0;0;0;0;0;0;
FILTRE;2014;690802913;690005038;INIT;0;0;0;0;0;1;0;0;0;0;0;0;0;0;0;;0;0;0;;;;;;;;;;;;;0;0;0;0;0;0;0;0;
FILTRE;2014;690803044;690000450;DECLA;0;0;0;0;1;0;0;0;0;0;0;0;0;0;0;0;0;0;0;0;0;0;0;0;0;1;0;0;0;0;0;0;0;0;0;0;0;0;0;
FILTRE;2014;690803044;690000450;INIT;0;0;0;0;1;0;0;0;0;0;0;0;0;0;0;;0;0;0;;;;;;;;;;;;;0;0;0;0;0;0;0;0;
FILTRE;2014;690803093;690780564;DECLA;0;0;0;0;0;1;0;0;0;0;0;0;0;0;0;0;0;0;0;0;0;0;0;1;0;0;0;0;0;0;0;0;0;0;0;0;0;0;0;
FILTRE;2014;690803093;690780564;INIT;0;0;0;0;0;1;0;0;0;0;0;0;0;0;0;;0;0;0;;;;;;;;;;;;;0;0;0;0;0;0;0;0;
FILTRE;2014;690804018;690796552;DECLA;0;0;0;0;0;0;0;0;0;0;0;1;0;0;0;0;0;0;0;0;0;0;0;0;0;1;0;0;0;0;0;0;0;0;0;0;0;0;0;
FILTRE;2014;690804018;690796552;INIT;0;0;0;0;0;0;0;0;0;0;0;1;0;0;0;;0;0;0;;;;;;;;;;;;;0;0;0;0;0;0;0;0;
FILTRE;2014;690805361;690805353;DECLA;1;1;1;0;0;0;1;1;0;0;1;1;0;0;0;1;1;0;1;1;1;1;0;1;1;1;0;0;1;0;1;1;1;1;0;0;0;1;0;
FILTRE;2014;690805361;690805353;INIT;1;1;1;0;0;0;1;1;0;0;1;1;0;0;0;;1;0;1;;;;;;;;;;;;;1;1;1;0;0;0;1;0;
FILTRE;2014;690807367;690003447;DECLA;1;1;1;0;0;0;1;1;0;0;1;0;0;0;0;0;1;0;1;0;0;1;1;1;1;1;0;0;0;0;0;0;1;1;0;0;0;0;0;
FILTRE;2014;690807367;690003447;INIT;1;1;1;0;0;0;1;1;0;0;1;0;0;0;0;;1;0;1;;;;;;;;;;;;;0;0;1;0;0;0;0;0;
FILTRE;2014;690807599;690006598;DECLA;1;0;1;0;0;0;1;0;0;0;0;0;1;0;0;0;0;0;1;0;0;0;0;0;0;0;0;0;0;0;0;0;0;0;0;0;0;0;0;
FILTRE;2014;690807599;690006598;INIT;0;0;0;0;0;0;0;0;0;0;0;0;1;0;0;;0;0;0;;;;;;;;;;;;;0;0;0;0;0;0;0;0;
FILTRE;2014;690807755;690002225;DECLA;0;0;0;0;0;0;0;0;0;0;0;1;0;0;0;0;0;0;0;0;0;0;0;1;0;0;1;0;0;0;0;0;0;0;0;0;0;0;0;
FILTRE;2014;690807755;690002225;INIT;0;0;0;0;0;0;0;0;0;0;0;1;0;0;0;;0;0;0;;;;;;;;;;;;;0;0;0;0;0;0;0;0;
FILTRE;2014;700000011;700780026;DECLA;1;0;0;0;1;0;1;0;0;0;0;0;0;0;0;0;1;1;1;1;1;0;0;1;0;1;1;1;0;0;1;0;0;0;0;0;0;0;0;
FILTRE;2014;700000011;700780026;INIT;1;0;0;0;1;0;1;0;0;0;0;0;0;0;0;;1;1;0;;;;;;;;;;;;;0;0;0;0;0;0;0;0;
FILTRE;2014;700000029;700004591;DECLA;1;1;1;0;0;0;1;1;0;0;1;1;1;0;0;1;1;1;1;1;1;1;1;1;1;1;1;1;1;1;1;1;1;1;0;0;0;0;0;
FILTRE;2014;700000029;700004591;INIT;1;1;1;0;0;0;1;1;0;0;1;1;1;0;0;;1;1;1;;;;;;;;;;;;;0;1;1;0;0;0;0;0;
FILTRE;2014;700000045;250006335;DECLA;0;0;0;0;1;0;0;0;0;0;0;0;0;0;0;0;0;0;0;0;0;0;0;1;0;0;0;0;0;0;0;0;0;0;0;0;0;0;0;
FILTRE;2014;700000045;250006335;INIT;0;0;0;0;1;0;0;0;0;0;0;0;0;0;0;;0;0;0;;;;;;;;;;;;;0;0;0;0;0;0;0;0;
FILTRE;2014;700000698;250017803;DECLA;0;0;0;0;0;0;0;0;0;0;0;0;0;0;1;0;0;0;0;0;0;0;0;0;0;0;0;0;0;0;0;0;0;0;0;0;0;0;0;
FILTRE;2014;700003577;670005834;DECLA;0;0;0;0;0;0;0;0;0;0;0;1;0;0;0;0;0;0;0;0;0;0;0;0;0;0;0;0;0;0;0;0;0;0;0;0;0;0;0;
FILTRE;2014;700003577;670005834;INIT;0;0;0;0;0;0;0;0;0;0;0;1;0;0;0;;0;0;0;;;;;;;;;;;;;0;0;0;0;0;0;0;0;
FILTRE;2014;700004377;250006335;DECLA;0;0;0;0;1;0;0;0;0;0;0;0;0;0;0;0;0;0;0;0;0;0;0;0;0;1;0;0;0;0;0;0;0;0;0;0;0;0;0;
FILTRE;2014;700004377;250006335;INIT;0;0;0;0;1;0;0;0;0;0;0;0;0;0;0;;0;0;0;;;;;;;;;;;;;0;0;0;0;0;0;0;0;
FILTRE;2014;700780042;250006335;DECLA;0;0;0;0;1;0;0;0;0;0;0;0;0;0;0;0;0;0;0;1;0;1;0;1;0;1;1;0;0;0;0;0;0;0;0;0;0;0;0;
FILTRE;2014;700780042;250006335;INIT;0;0;0;0;1;0;0;0;0;0;0;0;0;0;0;;0;0;0;;;;;;;;;;;;;0;0;0;0;0;0;0;0;
FILTRE;2014;700780059;700004591;DECLA;1;0;0;0;1;0;1;0;0;0;0;0;1;0;0;0;0;1;0;1;0;0;0;0;0;0;0;0;0;0;0;0;0;0;0;0;0;0;0;
FILTRE;2014;700780059;700004591;INIT;1;0;0;0;1;0;1;0;0;0;0;0;1;0;0;;0;1;0;;;;;;;;;;;;;0;0;0;0;0;0;0;0;
FILTRE;2014;700780075;700004096;DECLA;0;0;0;1;0;0;0;0;1;0;0;0;0;0;0;0;0;0;0;0;0;0;0;1;0;1;0;0;0;0;0;0;0;0;0;0;0;0;0;
FILTRE;2014;700780075;700004096;INIT;0;0;0;1;0;0;0;0;1;0;0;0;0;0;0;;0;0;0;;;;;;;;;;;;;0;0;0;0;0;0;0;0;
FILTRE;2014;700780174;700000052;DECLA;0;1;0;0;0;0;0;1;0;0;0;0;0;0;0;0;0;0;1;0;0;0;0;1;1;1;0;0;0;0;0;0;1;0;0;0;0;0;0;
FILTRE;2014;700780174;700000052;INIT;0;1;0;0;0;0;0;1;0;0;0;0;0;0;0;;0;0;1;;;;;;;;;;;;;0;0;0;0;0;0;0;0;
FILTRE;2014;700780208;700004591;DECLA;1;0;0;0;1;0;1;0;0;0;0;0;1;1;0;0;0;1;0;1;0;0;0;0;0;0;0;0;0;0;0;0;0;0;0;0;0;0;0;
FILTRE;2014;700780208;700004591;INIT;1;0;0;0;1;0;1;0;0;0;0;0;1;0;0;;0;1;0;;;;;;;;;;;;;0;0;0;0;0;0;0;0;
FILTRE;2014;700784341;700004096;DECLA;0;0;0;0;0;1;0;0;0;0;0;0;0;0;0;0;0;0;0;0;0;0;0;0;0;0;0;0;0;0;0;0;0;0;0;0;0;0;0;
FILTRE;2014;700784341;700004096;INIT;0;0;0;0;0;1;0;0;0;0;0;0;0;0;0;;0;0;0;;;;;;;;;;;;;0;0;0;0;0;0;0;0;
FILTRE;2014;700784887;750018699;DECLA;0;0;0;0;1;0;0;0;0;0;0;0;0;0;0;0;0;0;0;0;0;0;0;1;0;1;0;0;0;0;1;0;0;0;0;0;0;0;0;
FILTRE;2014;700784887;750018699;INIT;0;0;0;0;1;0;0;0;0;0;0;0;0;0;0;;0;0;0;;;;;;;;;;;;;0;0;0;0;0;0;0;0;
FILTRE;2014;710002288;750721334;DECLA;0;0;0;0;1;0;0;0;0;0;0;0;0;0;0;1;0;0;0;0;0;0;0;0;0;1;0;0;0;0;0;0;0;0;0;0;0;0;0;
FILTRE;2014;710002569;710000092;DECLA;0;0;0;0;1;0;0;0;0;0;0;0;0;0;0;0;0;0;0;0;0;0;0;1;0;1;0;0;0;0;0;0;0;0;0;0;0;0;0;
FILTRE;2014;710002569;710000092;INIT;0;0;0;0;1;0;0;0;0;0;0;0;0;0;0;;0;0;0;;;;;;;;;;;;;0;0;0;0;0;0;0;0;
FILTRE;2014;710006859;710000118;DECLA;1;1;0;0;1;0;1;1;0;0;1;0;0;0;0;0;0;0;1;0;0;1;0;0;0;0;0;0;0;1;0;0;1;1;0;0;0;0;0;
FILTRE;2014;710006859;710000118;INIT;1;1;0;0;1;0;1;1;0;1;1;0;0;0;0;;0;0;1;;;;;;;;;;;;;0;0;1;0;0;0;0;0;
FILTRE;2014;710010067;710780644;DECLA;1;1;1;0;1;0;1;1;0;0;1;0;1;0;1;1;1;1;1;1;0;1;0;1;1;1;0;1;1;1;1;0;1;1;0;0;0;0;0;
FILTRE;2014;710010067;710780644;INIT;1;1;1;0;1;0;1;1;0;0;1;0;1;0;1;;1;1;1;;;;;;;;;;;;;0;0;1;0;0;0;0;0;
FILTRE;2014;710010166;670005834;DECLA;0;0;0;0;0;0;0;0;0;0;0;1;0;0;0;0;0;0;0;0;0;0;0;0;0;0;0;0;0;0;0;0;0;0;0;0;0;0;0;
FILTRE;2014;710010166;670005834;INIT;0;0;0;0;0;0;0;0;0;0;0;1;0;0;0;;0;0;0;;;;;;;;;;;;;0;0;0;0;0;0;0;0;
FILTRE;2014;710010786;710781451;DECLA;1;0;1;0;0;0;1;0;0;0;0;0;1;0;0;0;1;1;1;1;0;1;0;1;0;1;0;0;0;0;1;0;1;0;0;0;0;0;0;
FILTRE;2014;710010786;710781451;INIT;1;0;1;0;0;0;1;0;0;0;0;0;1;0;0;;1;1;0;;;;;;;;;;;;;0;0;0;0;0;0;0;0;
FILTRE;2014;710014317;710001843;DECLA;0;0;0;0;0;0;0;0;0;1;0;0;0;0;0;0;0;0;0;0;0;0;0;0;0;0;0;0;0;0;0;0;0;0;0;0;0;0;0;
FILTRE;2014;710014317;710001843;INIT;0;0;0;0;0;0;0;0;0;1;0;0;0;0;0;;0;0;0;;;;;;;;;;;;;0;0;0;0;0;0;0;0;
FILTRE;2014;710780081;710010695;DECLA;0;0;0;0;1;0;0;0;0;0;0;0;0;0;0;0;0;0;0;0;0;0;0;1;0;1;0;0;0;0;0;0;0;0;0;0;0;0;0;
FILTRE;2014;710780081;710010695;INIT;0;0;0;0;1;0;0;0;0;0;0;0;0;0;0;;0;0;0;;;;;;;;;;;;;0;0;0;0;0;0;0;0;
FILTRE;2014;710780818;710000233;DECLA;0;0;0;1;0;0;0;0;1;0;0;0;0;0;0;0;0;0;0;0;0;0;0;1;0;0;0;0;0;0;0;0;0;0;0;0;0;0;0;
FILTRE;2014;710780818;710000233;INIT;0;0;0;1;0;0;0;0;1;0;0;0;0;0;0;;0;0;0;;;;;;;;;;;;;0;0;0;0;0;0;0;0;
FILTRE;2014;710780917;710000274;DECLA;1;1;0;0;0;0;1;1;0;0;1;1;0;0;1;0;0;0;1;0;0;0;0;1;1;1;0;0;0;1;0;0;1;1;0;0;0;0;0;
FILTRE;2014;710780917;710000274;INIT;1;1;0;0;0;0;1;1;0;0;1;1;0;0;1;;0;0;1;;;;;;;;;;;;;0;0;1;0;0;0;0;0;
FILTRE;2014;710781139;750721334;DECLA;0;0;0;0;1;0;0;0;0;0;0;0;0;0;0;1;0;0;0;0;0;0;0;1;0;1;0;0;0;0;0;0;0;0;0;0;0;0;0;
FILTRE;2014;710781139;750721334;INIT;0;0;0;0;1;0;0;0;0;0;0;0;0;0;0;;0;0;0;;;;;;;;;;;;;0;0;0;0;0;0;0;0;
FILTRE;2014;710781410;710000373;DECLA;0;1;0;0;0;0;0;1;0;0;0;0;0;0;0;0;0;0;1;0;0;0;0;1;1;1;0;0;0;0;0;0;0;0;0;0;0;0;0;
FILTRE;2014;710781410;710000373;INIT;0;1;0;0;0;0;0;1;0;0;0;0;0;0;0;;0;0;1;;;;;;;;;;;;;0;0;0;0;0;0;0;0;
FILTRE;2014;710781535;210010294;DECLA;0;0;0;0;1;0;0;0;0;0;0;0;0;0;0;1;0;0;0;0;0;0;0;0;0;0;0;0;0;0;0;0;0;0;0;0;0;0;0;
FILTRE;2014;710781535;210010294;INIT;0;0;0;0;1;0;0;0;0;0;0;0;0;0;0;;0;0;0;;;;;;;;;;;;;0;0;0;0;0;0;0;0;
FILTRE;2014;710781824;710000464;DECLA;0;1;0;0;1;0;0;1;0;0;0;0;0;0;0;0;0;0;1;0;0;0;0;1;1;1;0;0;0;0;0;0;1;0;0;0;0;0;0;
FILTRE;2014;710781824;710000464;INIT;0;1;0;0;1;0;0;1;0;0;0;0;0;0;0;;0;0;1;;;;;;;;;;;;;0;0;0;0;0;0;0;0;
FILTRE;2014;710970658;670005834;DECLA;0;0;0;0;0;0;0;0;0;0;0;1;0;0;0;0;0;0;0;0;0;0;0;0;0;0;0;0;0;0;0;0;0;0;0;0;0;0;0;
FILTRE;2014;710970658;670005834;INIT;0;0;0;0;0;0;0;0;0;0;0;1;0;0;0;;0;0;0;;;;;;;;;;;;;0;0;0;0;0;0;0;0;
FILTRE;2014;710971326;670005834;DECLA;0;0;0;0;0;0;0;0;0;0;0;1;0;0;0;0;0;0;0;0;0;0;0;0;0;0;0;0;0;0;0;0;0;0;0;0;0;0;0;
FILTRE;2014;710971326;670005834;INIT;0;0;0;0;0;0;0;0;0;0;0;1;0;0;0;;0;0;0;;;;;;;;;;;;;0;0;0;0;0;0;0;0;
FILTRE;2014;710972282;710781451;DECLA;0;0;0;0;0;1;0;0;0;0;0;0;0;0;0;0;0;0;0;0;0;0;0;0;0;0;0;0;0;0;0;0;0;0;0;0;0;0;0;
FILTRE;2014;710972282;710781451;INIT;0;0;0;0;0;1;0;0;0;0;0;0;0;0;0;;0;0;0;;;;;;;;;;;;;0;0;0;0;0;0;0;0;
FILTRE;2014;710972365;710780644;DECLA;0;0;0;0;0;1;0;0;0;0;0;0;0;0;0;0;0;0;0;0;0;0;0;0;0;0;0;0;0;0;0;0;0;0;0;0;0;0;0;
FILTRE;2014;710972365;710780644;INIT;0;0;0;0;0;1;0;0;0;0;0;0;0;0;0;;0;0;0;;;;;;;;;;;;;0;0;0;0;0;0;0;0;
FILTRE;2014;710972423;710780263;DECLA;0;0;0;0;0;1;0;0;0;0;0;0;0;0;0;0;0;0;0;0;0;0;0;0;0;0;0;0;0;0;0;0;0;0;0;0;0;0;0;
FILTRE;2014;710972423;710780263;INIT;0;0;0;0;0;1;0;0;0;0;0;0;0;0;0;;0;0;0;;;;;;;;;;;;;0;0;0;0;0;0;0;0;
FILTRE;2014;710973504;670005834;DECLA;0;0;0;0;0;0;0;0;0;0;0;1;0;0;0;0;0;0;0;0;0;0;0;0;0;0;0;0;0;0;0;0;0;0;0;0;0;0;0;
FILTRE;2014;710973504;670005834;INIT;0;0;0;0;0;0;0;0;0;0;0;1;0;0;0;;0;0;0;;;;;;;;;;;;;0;0;0;0;0;0;0;0;
FILTRE;2014;710974502;670005834;DECLA;0;0;0;0;0;0;0;0;0;0;0;1;0;0;0;0;0;0;0;0;0;0;0;0;0;0;0;0;0;0;0;0;0;0;0;0;0;0;0;
FILTRE;2014;710974502;670005834;INIT;0;0;0;0;0;0;0;0;0;0;0;1;0;0;0;;0;0;0;;;;;;;;;;;;;0;0;0;0;0;0;0;0;
FILTRE;2014;710974510;670005834;DECLA;0;0;0;0;0;0;0;0;0;0;0;1;0;0;0;0;0;0;0;0;0;0;0;0;0;0;0;0;0;0;0;0;0;0;0;0;0;0;0;
FILTRE;2014;710974510;670005834;INIT;0;0;0;0;0;0;0;0;0;0;0;1;0;0;0;;0;0;0;;;;;;;;;;;;;0;0;0;0;0;0;0;0;
FILTRE;2014;710974528;670005834;DECLA;0;0;0;0;0;0;0;0;0;0;0;1;0;0;0;0;0;0;0;0;0;0;0;0;0;0;0;0;0;0;0;0;0;0;0;0;0;0;0;
FILTRE;2014;710974528;670005834;INIT;0;0;0;0;0;0;0;0;0;0;0;1;0;0;0;;0;0;0;;;;;;;;;;;;;0;0;0;0;0;0;0;0;
FILTRE;2014;710977075;710000092;DECLA;0;0;0;0;1;0;0;0;0;0;0;0;0;0;0;0;0;0;0;0;0;0;0;1;0;1;0;0;0;0;0;0;0;0;0;0;0;0;0;
FILTRE;2014;710977075;710000092;INIT;0;0;0;0;1;0;0;0;0;0;0;0;0;0;0;;0;0;0;;;;;;;;;;;;;0;0;0;0;0;0;0;0;
FILTRE;2014;710977307;710977299;DECLA;0;0;0;0;1;0;0;0;0;0;0;0;0;0;0;0;0;0;0;0;0;0;0;1;0;1;0;0;0;0;0;0;0;0;0;0;0;0;0;
FILTRE;2014;710977307;710977299;INIT;0;0;0;0;1;0;0;0;0;0;0;0;0;0;0;;0;0;0;;;;;;;;;;;;;0;0;0;0;0;0;0;0;
FILTRE;2014;710978107;710781592;DECLA;1;0;0;0;0;0;1;0;0;0;0;0;0;0;0;0;0;0;0;0;0;0;0;1;0;1;0;0;0;1;1;0;0;0;0;0;0;0;0;
FILTRE;2014;710978107;710781592;INIT;1;0;0;0;0;0;1;0;0;0;0;0;0;0;0;;0;0;0;;;;;;;;;;;;;0;0;0;0;0;0;0;0;
FILTRE;2014;710978123;710781063;DECLA;1;0;0;0;0;0;1;0;0;0;0;0;0;0;0;0;0;0;0;0;0;0;0;0;0;0;0;0;0;1;1;0;0;0;0;0;0;0;0;
FILTRE;2014;710978123;710781063;INIT;1;0;0;0;0;0;1;0;0;0;0;0;0;0;0;;0;0;0;;;;;;;;;;;;;0;0;0;0;0;0;0;0;
FILTRE;2014;710978131;710781089;DECLA;1;0;0;0;1;0;0;0;0;0;0;0;0;0;0;0;0;0;0;0;0;0;0;1;0;0;0;0;0;1;1;0;0;0;0;0;0;0;0;
FILTRE;2014;710978131;710781089;INIT;1;0;0;0;1;0;1;0;0;0;0;0;0;0;0;;0;0;0;;;;;;;;;;;;;0;0;0;0;0;0;0;0;
FILTRE;2014;710978156;710780214;DECLA;1;0;0;0;1;0;1;0;0;0;0;0;0;0;0;0;0;0;0;0;0;0;0;1;0;0;1;0;0;1;1;0;0;0;0;0;0;0;0;
FILTRE;2014;710978156;710780214;INIT;1;0;0;0;1;0;1;0;0;0;0;0;0;0;0;;0;0;0;;;;;;;;;;;;;0;0;0;0;0;0;0;0;
FILTRE;2014;710978164;710780438;DECLA;0;0;0;0;1;0;0;0;0;0;0;0;0;0;0;0;0;0;0;0;0;0;0;0;0;0;0;0;0;0;0;0;0;0;0;0;0;0;0;
FILTRE;2014;710978164;710780438;INIT;0;0;0;0;1;0;0;0;0;0;0;0;0;0;0;;0;0;0;;;;;;;;;;;;;0;0;0;0;0;0;0;0;
FILTRE;2014;710978180;710781360;DECLA;1;0;0;0;1;0;1;0;0;0;0;0;0;0;0;0;0;0;0;0;0;0;0;1;0;1;0;0;0;1;1;0;0;0;0;0;0;0;0;
FILTRE;2014;710978180;710781360;INIT;1;0;0;0;1;0;1;0;0;0;0;0;0;0;0;;0;0;0;;;;;;;;;;;;;0;0;0;0;0;0;0;0;
FILTRE;2014;710978198;710781386;DECLA;0;0;0;0;1;0;0;0;0;0;0;0;0;0;0;0;0;0;0;0;0;0;0;1;0;1;0;0;0;0;0;0;0;0;0;0;0;0;0;
FILTRE;2014;710978198;710781386;INIT;0;0;0;0;1;0;0;0;0;0;0;0;0;0;0;;0;0;0;;;;;;;;;;;;;0;0;0;0;0;0;0;0;
FILTRE;2014;710978206;710780156;DECLA;0;0;0;0;1;0;0;0;0;0;0;0;0;0;0;0;0;0;0;0;0;0;0;1;0;0;0;0;0;0;0;0;0;0;0;0;0;0;0;
FILTRE;2014;710978206;710780156;INIT;0;0;0;0;1;0;0;0;0;0;0;0;0;0;0;;0;0;0;;;;;;;;;;;;;0;0;0;0;0;0;0;0;
FILTRE;2014;710978214;710781345;DECLA;0;0;0;0;1;0;0;0;0;0;0;0;0;0;0;0;0;0;0;0;0;0;0;0;0;0;0;1;0;1;1;0;0;0;0;0;0;0;0;
FILTRE;2014;710978214;710781345;INIT;0;0;0;0;1;0;0;0;0;0;0;0;0;0;0;;0;0;0;;;;;;;;;;;;;0;0;0;0;0;0;0;0;
FILTRE;2014;710978230;710781329;DECLA;0;0;0;1;0;0;0;0;1;0;0;0;0;0;0;0;0;0;0;0;0;0;0;1;0;0;0;0;0;0;0;0;0;0;0;0;0;0;0;
FILTRE;2014;710978230;710781329;INIT;0;0;0;1;0;0;0;0;1;0;0;0;0;0;0;;0;0;0;;;;;;;;;;;;;0;0;0;0;0;0;0;0;
FILTRE;2014;710978248;710781451;DECLA;0;0;0;0;1;0;0;0;0;0;0;0;0;0;0;0;0;0;0;0;0;0;0;0;0;0;0;0;0;0;0;0;0;0;0;0;0;0;0;
FILTRE;2014;710978248;710781451;INIT;0;0;0;0;1;0;0;0;0;0;0;0;0;0;0;;0;0;0;;;;;;;;;;;;;0;0;0;0;0;0;0;0;
FILTRE;2014;710978255;710781568;DECLA;1;0;0;0;1;0;1;0;0;0;0;0;0;0;0;1;0;0;0;1;0;0;0;1;1;1;0;0;0;1;1;0;0;0;0;0;0;0;0;
FILTRE;2014;710978255;710781568;INIT;1;0;0;0;1;0;1;0;0;0;0;0;0;0;0;;0;0;0;;;;;;;;;;;;;0;0;0;0;0;0;0;0;
FILTRE;2014;710978263;710780958;DECLA;1;1;1;0;1;0;1;1;0;0;1;1;1;0;1;0;1;1;1;1;1;1;0;1;1;1;1;1;1;1;1;1;1;1;0;0;0;0;0;
FILTRE;2014;710978263;710780958;INIT;1;1;1;0;1;0;1;1;0;0;1;1;1;0;1;;1;1;1;;;;;;;;;;;;;1;1;1;0;0;0;0;0;
FILTRE;2014;710978271;710781014;DECLA;0;0;0;0;1;0;0;0;0;0;0;0;0;0;0;0;0;0;0;1;0;0;0;1;0;1;0;0;0;0;0;0;0;0;0;0;0;0;0;
FILTRE;2014;710978271;710781014;INIT;0;0;0;0;1;0;0;0;0;0;0;0;0;0;0;;0;0;0;;;;;;;;;;;;;0;0;0;0;0;0;0;0;
FILTRE;2014;710978289;710780263;DECLA;1;1;1;1;1;0;1;1;0;1;1;1;1;0;1;0;1;1;1;1;1;1;1;1;0;1;0;1;1;1;1;1;1;1;0;0;0;0;0;
FILTRE;2014;710978289;710780263;INIT;1;1;1;1;1;0;1;1;0;0;1;1;1;0;1;;1;1;1;;;;;;;;;;;;;1;1;1;0;0;0;0;0;
FILTRE;2014;710978313;710976705;DECLA;1;1;1;0;1;0;1;1;0;0;1;0;1;1;0;0;1;1;1;1;1;1;0;1;1;1;1;1;1;1;0;0;1;0;0;0;0;0;0;
FILTRE;2014;710978313;710976705;INIT;1;1;1;0;1;0;1;1;0;0;1;0;1;0;0;;1;1;1;;;;;;;;;;;;;0;0;0;0;0;0;0;0;
FILTRE;2014;710978347;710781204;DECLA;1;1;1;0;1;0;1;1;0;0;1;0;1;0;1;0;1;1;1;1;0;1;0;1;1;1;0;0;0;0;1;0;1;1;0;0;0;0;0;
FILTRE;2014;710978347;710781204;INIT;1;1;1;0;1;0;1;1;0;0;0;0;1;0;1;;1;1;1;;;;;;;;;;;;;0;0;1;0;0;0;0;0;
FILTRE;2014;720000033;720000025;DECLA;1;1;1;0;1;1;1;1;0;1;1;1;1;0;0;0;1;1;1;1;1;1;1;1;1;1;1;1;1;1;1;1;1;1;0;0;0;0;0;
FILTRE;2014;720000033;720000025;INIT;1;1;1;0;1;1;1;1;0;1;1;1;1;0;0;;1;1;1;;;;;;;;;;;;;1;1;1;0;0;0;0;0;
FILTRE;2014;720000041;720000058;DECLA;0;0;0;1;0;0;0;0;1;0;0;0;0;0;0;0;0;0;0;0;0;0;0;1;1;1;0;0;0;0;1;0;0;0;0;0;0;0;0;
FILTRE;2014;720000041;720000058;INIT;0;0;0;1;0;0;0;0;1;0;0;0;0;0;0;;0;0;0;;;;;;;;;;;;;0;0;0;0;0;0;0;0;
FILTRE;2014;720000124;720000066;DECLA;1;0;0;0;1;1;1;0;0;0;0;0;0;0;1;0;1;0;0;1;0;0;0;1;0;1;0;0;0;1;1;0;0;0;0;0;0;0;0;
FILTRE;2014;720000124;720000066;INIT;1;0;0;0;1;1;1;0;0;0;0;0;0;0;1;;1;0;0;;;;;;;;;;;;;0;0;0;0;0;0;0;0;
FILTRE;2014;720000199;720000595;DECLA;1;1;0;0;0;0;1;1;0;0;1;0;0;0;0;0;0;0;1;0;0;0;0;0;0;0;0;0;1;0;0;0;1;1;0;0;0;0;0;
FILTRE;2014;720000199;720000595;INIT;0;1;0;0;0;0;0;1;0;0;0;0;0;0;0;;0;0;1;;;;;;;;;;;;;0;0;1;0;0;0;0;0;
FILTRE;2014;720000231;720000637;DECLA;1;1;1;0;0;0;1;1;0;0;0;0;1;0;0;0;0;0;1;0;0;1;0;1;1;1;0;0;0;0;0;0;0;1;0;0;0;0;0;
FILTRE;2014;720000231;720000637;INIT;0;1;1;0;0;0;0;1;0;0;0;0;1;0;0;;0;0;1;;;;;;;;;;;;;0;0;1;0;0;0;0;0;
FILTRE;2014;720000249;720000645;DECLA;1;0;0;0;0;0;1;0;0;0;1;0;0;0;0;0;0;0;0;0;0;0;0;1;0;1;0;0;0;1;0;0;0;0;0;0;0;0;0;
FILTRE;2014;720000249;720000645;INIT;1;0;0;0;0;0;1;0;0;0;1;0;0;0;0;;0;0;0;;;;;;;;;;;;;0;0;0;0;0;0;0;0;
FILTRE;2014;720000314;720000090;DECLA;0;0;0;0;1;1;0;0;0;0;0;0;0;0;0;0;0;0;0;0;0;0;0;1;0;0;0;0;0;0;1;0;0;0;0;0;0;0;0;
FILTRE;2014;720000314;720000090;INIT;0;0;0;0;1;1;0;0;0;0;0;0;0;0;0;;0;0;0;;;;;;;;;;;;;0;0;0;0;0;0;0;0;
FILTRE;2014;720000389;720012749;DECLA;1;0;0;0;1;0;1;0;0;0;0;0;0;0;0;0;0;0;1;1;0;0;0;1;1;1;0;1;0;0;1;0;0;0;0;0;0;0;0;
FILTRE;2014;720000389;720012749;INIT;1;0;0;0;1;0;1;0;0;0;0;0;0;0;0;;0;0;0;;;;;;;;;;;;;0;0;0;0;0;0;0;0;
FILTRE;2014;720000413;720008390;DECLA;0;0;0;0;1;0;0;0;0;0;0;0;0;0;0;0;0;0;0;1;0;0;0;1;0;1;0;0;1;1;1;0;0;0;0;0;0;0;0;
FILTRE;2014;720000413;720008390;INIT;0;0;0;0;1;0;0;0;0;0;0;0;0;0;0;;0;0;0;;;;;;;;;;;;;0;0;0;0;0;0;0;0;
FILTRE;2014;720000470;610780082;DECLA;1;0;0;0;1;1;1;0;0;0;1;0;0;0;0;1;1;1;0;1;0;0;0;1;0;0;1;1;0;0;0;0;0;0;0;0;0;0;0;
FILTRE;2014;720000470;610780082;INIT;1;0;0;0;1;0;1;0;0;0;0;0;0;0;0;;1;0;0;;;;;;;;;;;;;0;0;0;0;0;0;0;0;
FILTRE;2014;720000520;720000140;DECLA;1;0;0;0;1;1;1;0;0;0;0;0;0;0;0;0;1;0;0;1;0;1;0;1;0;1;0;0;0;1;1;0;0;0;0;0;0;0;0;
FILTRE;2014;720000520;720000140;INIT;1;0;0;0;1;0;1;0;0;0;0;0;0;0;0;;1;0;0;;;;;;;;;;;;;0;0;0;0;0;0;0;0;
FILTRE;2014;720000744;720000454;DECLA;0;0;0;0;1;0;0;0;0;0;0;0;0;0;0;0;0;0;0;1;0;0;0;1;0;1;0;0;0;0;1;0;0;0;0;0;0;0;0;
FILTRE;2014;720000744;720000454;INIT;0;0;0;0;1;0;0;0;0;0;0;0;0;0;0;;0;0;0;;;;;;;;;;;;;0;0;0;0;0;0;0;0;
FILTRE;2014;720000801;720002054;DECLA;0;0;0;0;0;1;0;0;0;0;0;0;0;0;0;0;0;0;0;0;0;0;0;1;0;0;0;0;0;0;0;0;0;0;0;0;0;0;0;
FILTRE;2014;720000801;720002054;INIT;0;0;0;0;0;1;0;0;0;0;0;0;0;0;0;;0;0;0;;;;;;;;;;;;;0;0;0;0;0;0;0;0;
FILTRE;2014;720000819;720002062;DECLA;0;0;0;0;1;0;0;0;0;0;0;0;0;0;0;0;0;0;0;0;0;0;0;1;0;0;0;0;0;0;1;0;0;0;0;0;0;0;0;
FILTRE;2014;720000819;720002062;INIT;0;0;0;0;1;0;0;0;0;0;0;0;0;0;0;;0;0;0;;;;;;;;;;;;;0;0;0;0;0;0;0;0;
FILTRE;2014;720001437;720006022;DECLA;1;1;0;0;1;0;1;1;0;0;1;0;0;0;0;0;1;0;1;1;0;1;1;1;1;1;0;0;1;1;1;0;0;0;0;0;0;0;0;
FILTRE;2014;720001437;720006022;INIT;1;1;0;0;1;0;1;1;0;0;0;0;0;0;0;;1;0;1;;;;;;;;;;;;;0;0;0;0;0;0;0;0;
FILTRE;2014;720001569;720007244;DECLA;0;0;0;0;1;0;0;0;0;0;0;0;0;0;0;0;0;0;0;0;0;0;0;1;0;0;0;0;0;0;1;0;0;0;0;0;0;0;0;
FILTRE;2014;720001569;720007244;INIT;0;0;0;0;1;0;0;0;0;0;0;0;0;0;0;;0;0;0;;;;;;;;;;;;;0;0;0;0;0;0;0;0;
FILTRE;2014;720003441;440002590;DECLA;0;0;0;0;0;0;0;0;0;0;0;1;0;0;0;0;0;0;0;0;0;0;0;0;0;0;0;0;0;0;0;0;0;0;0;0;0;0;0;
FILTRE;2014;720003441;440002590;INIT;0;0;0;0;0;0;0;0;0;0;0;1;0;0;0;;0;0;0;;;;;;;;;;;;;0;0;0;0;0;0;0;0;
FILTRE;2014;720005909;720000025;DECLA;0;0;0;0;0;1;0;0;0;0;0;0;0;0;0;0;0;0;0;0;0;0;0;0;0;0;0;0;0;0;0;0;0;0;0;0;0;0;0;
FILTRE;2014;720005909;720000025;INIT;0;0;0;0;0;1;0;0;0;0;0;0;0;0;0;;0;0;0;;;;;;;;;;;;;0;0;0;0;0;0;0;0;
FILTRE;2014;720012509;310020383;DECLA;0;0;0;0;1;0;0;0;0;0;0;0;0;0;0;0;0;0;0;0;0;0;0;1;0;0;0;0;0;0;1;0;0;0;0;0;0;0;0;
FILTRE;2014;720012509;310020383;INIT;0;0;0;0;1;0;0;0;0;0;0;0;0;0;0;;0;0;0;;;;;;;;;;;;;0;0;0;0;0;0;0;0;
FILTRE;2014;720014729;720002294;DECLA;0;0;0;0;0;0;0;0;0;1;0;0;0;0;0;0;0;0;0;1;0;0;0;0;0;0;0;0;0;0;0;0;0;0;0;0;0;0;0;
FILTRE;2014;720014729;720002294;INIT;0;0;0;0;0;0;0;0;0;1;0;0;0;0;0;;0;0;0;;;;;;;;;;;;;0;0;0;0;0;0;0;0;
FILTRE;2014;720016138;720008390;DECLA;0;0;0;0;1;0;0;0;0;0;0;0;0;0;0;0;0;0;0;0;0;0;0;0;0;1;0;0;0;0;1;0;0;0;0;0;0;0;0;
FILTRE;2014;720016138;720008390;INIT;0;0;0;0;1;0;0;0;0;0;0;0;0;0;0;;0;0;0;;;;;;;;;;;;;0;0;0;0;0;0;0;0;
FILTRE;2014;720016179;720016724;DECLA;1;1;1;0;1;0;1;1;0;0;1;0;1;0;0;0;1;1;1;1;1;1;0;1;0;1;1;1;1;1;1;0;1;1;0;0;0;0;0;
FILTRE;2014;720016179;720016724;INIT;1;1;1;0;1;0;1;1;0;0;0;0;1;0;0;;1;1;1;;;;;;;;;;;;;0;0;1;0;0;0;0;0;
FILTRE;2014;720016690;440002590;DECLA;0;0;0;0;0;0;0;0;0;0;0;1;0;0;0;0;0;0;0;0;0;0;0;0;0;0;0;0;0;0;0;0;0;0;0;0;0;0;0;
FILTRE;2014;720016690;440002590;INIT;0;0;0;0;0;0;0;0;0;0;0;1;0;0;0;;0;0;0;;;;;;;;;;;;;0;0;0;0;0;0;0;0;
FILTRE;2014;720016823;720012749;DECLA;0;0;0;0;1;0;0;0;0;0;0;0;0;0;0;0;0;0;0;0;0;0;0;1;0;1;0;1;0;1;0;0;0;0;0;0;0;0;0;
FILTRE;2014;720016823;720012749;INIT;0;0;0;0;1;0;0;0;0;0;0;0;0;0;0;;0;0;0;;;;;;;;;;;;;0;0;0;0;0;0;0;0;
FILTRE;2014;720016831;440002590;DECLA;0;0;0;0;0;0;0;0;0;0;0;1;0;0;0;0;0;0;0;0;0;0;0;0;0;0;0;0;0;0;0;0;0;0;0;0;0;0;0;
FILTRE;2014;720016831;440002590;INIT;0;0;0;0;0;0;0;0;0;0;0;1;0;0;0;;0;0;0;;;;;;;;;;;;;0;0;0;0;0;0;0;0;
FILTRE;2014;720016856;720008390;DECLA;0;0;0;0;0;0;0;0;0;0;0;0;0;0;1;0;0;0;0;0;0;0;0;0;0;0;0;0;0;0;0;0;0;0;0;0;0;0;0;
FILTRE;2014;720016856;720008390;INIT;0;0;0;0;0;0;0;0;0;0;0;0;0;0;1;;0;0;0;;;;;;;;;;;;;0;0;0;0;0;0;0;0;
FILTRE;2014;720017235;440002590;DECLA;0;0;0;0;0;0;0;0;0;0;0;1;0;0;0;0;0;0;0;0;0;0;0;0;0;0;0;0;0;0;0;0;0;0;0;0;0;0;0;
FILTRE;2014;720017235;440002590;INIT;0;0;0;0;0;0;0;0;0;0;0;1;0;0;0;;0;0;0;;;;;;;;;;;;;0;0;0;0;0;0;0;0;
FILTRE;2014;720017748;720000561;DECLA;1;1;0;1;0;0;1;1;0;0;1;0;0;0;0;0;1;0;1;0;0;0;0;1;1;1;0;0;1;1;0;1;1;1;0;0;0;0;0;
FILTRE;2014;720017748;720000561;INIT;1;1;0;1;0;0;1;1;0;0;0;0;0;0;0;;1;0;1;;;;;;;;;;;;;1;0;1;0;0;0;0;0;
FILTRE;2014;720017755;440002590;DECLA;0;0;0;0;0;0;0;0;0;0;0;1;0;0;0;0;0;0;0;0;0;0;0;0;0;0;0;0;0;0;0;0;0;0;0;0;0;0;0;
FILTRE;2014;720017755;440002590;INIT;0;0;0;0;0;0;0;0;0;0;0;1;0;0;0;;0;0;0;;;;;;;;;;;;;0;0;0;0;0;0;0;0;
FILTRE;2014;720017839;440002590;DECLA;0;0;0;0;0;0;0;0;0;0;0;1;0;0;0;0;0;0;0;0;0;0;0;0;0;0;1;0;0;0;0;0;0;0;0;0;0;0;0;
FILTRE;2014;720017839;440002590;INIT;0;0;0;0;0;0;0;0;0;0;0;1;0;0;0;;0;0;0;;;;;;;;;;;;;0;0;0;0;0;0;0;0;
FILTRE;2014;720018100;750720575;DECLA;0;0;0;1;0;0;0;0;1;0;0;0;0;0;0;0;0;0;0;0;0;0;0;0;0;0;0;0;0;0;0;0;0;0;0;0;0;0;0;
FILTRE;2014;720018100;750720575;INIT;0;0;0;1;0;0;0;0;1;0;0;0;0;0;0;;0;0;0;;;;;;;;;;;;;0;0;0;0;0;0;0;0;
FILTRE;2014;720018639;720000025;DECLA;0;0;0;0;1;0;0;0;0;0;0;0;0;0;0;0;0;0;0;0;0;0;0;0;0;0;0;0;0;0;0;0;0;0;0;0;0;0;0;
FILTRE;2014;720018639;720000025;INIT;0;0;0;0;1;0;0;0;0;0;0;0;0;0;0;;0;0;0;;;;;;;;;;;;;0;0;0;0;0;0;0;0;
FILTRE;2014;730000031;730000015;DECLA;1;1;1;0;0;0;1;1;0;1;1;1;1;0;1;0;1;1;1;1;1;1;1;1;1;1;1;1;1;1;1;1;1;1;0;0;0;0;0;
FILTRE;2014;730000031;730000015;INIT;1;1;1;0;0;0;1;1;0;1;1;1;1;0;1;;1;1;1;;;;;;;;;;;;;1;1;1;0;0;0;0;0;
FILTRE;2014;730000049;730002839;DECLA;1;1;0;0;1;1;0;0;0;0;1;0;0;0;1;0;1;1;1;1;0;1;0;1;0;1;0;1;0;1;1;0;1;0;0;0;0;0;0;
FILTRE;2014;730000049;730002839;INIT;1;1;0;0;1;1;1;0;0;0;0;0;0;0;1;;1;1;1;;;;;;;;;;;;;0;0;0;0;0;0;0;0;
FILTRE;2014;730000080;730780103;DECLA;1;1;1;0;1;1;1;1;0;0;1;0;1;0;1;1;1;1;1;1;0;1;0;1;1;1;1;1;0;1;1;0;1;0;0;0;0;0;0;
FILTRE;2014;730000080;730780103;INIT;1;1;1;0;1;1;1;1;0;0;1;0;1;0;1;;1;1;1;;;;;;;;;;;;;0;0;0;0;0;0;0;0;
FILTRE;2014;730000098;730780111;DECLA;1;0;0;0;1;1;1;0;0;0;1;0;1;1;0;0;1;0;0;1;1;0;0;1;0;1;0;0;0;1;0;0;1;0;0;0;0;0;0;
FILTRE;2014;730000098;730780111;INIT;1;0;0;0;1;1;1;0;0;0;1;0;1;1;0;;1;0;0;;;;;;;;;;;;;0;0;0;0;0;0;0;0;
FILTRE;2014;730000247;730780525;DECLA;1;1;1;0;0;0;0;1;0;0;0;0;1;0;0;0;1;1;1;1;0;0;0;1;1;1;1;0;0;0;1;0;0;0;0;0;0;0;0;
FILTRE;2014;730000247;730780525;INIT;1;1;1;0;0;0;1;1;0;0;0;0;1;0;0;;1;1;1;;;;;;;;;;;;;0;0;0;0;0;0;0;0;
FILTRE;2014;730000262;730002839;DECLA;1;1;1;0;0;0;1;1;0;0;1;0;1;0;0;0;1;1;1;1;0;1;0;1;0;1;1;1;0;1;1;0;1;1;0;0;0;0;0;
FILTRE;2014;730000262;730002839;INIT;1;1;1;0;0;0;1;1;0;0;1;0;1;0;0;;1;1;1;;;;;;;;;;;;;0;0;1;0;0;0;0;0;
FILTRE;2014;730000270;730780558;DECLA;0;0;0;0;1;0;0;0;0;0;0;0;0;0;0;0;0;0;0;0;0;0;0;1;0;1;0;0;0;0;1;0;0;0;0;0;0;0;0;
FILTRE;2014;730000270;730780558;INIT;0;0;0;0;1;0;0;0;0;0;0;0;0;0;0;;0;0;0;;;;;;;;;;;;;0;0;0;0;0;0;0;0;
FILTRE;2014;730000288;730780566;DECLA;0;0;0;0;1;0;0;0;0;0;0;0;0;0;0;0;0;0;0;0;0;0;0;1;0;0;0;1;0;0;1;0;0;0;0;0;0;0;0;
FILTRE;2014;730000288;730780566;INIT;0;0;0;0;1;0;0;0;0;0;0;0;0;0;0;;0;0;0;;;;;;;;;;;;;0;0;0;0;0;0;0;0;
FILTRE;2014;730000304;730780582;DECLA;0;0;0;1;0;0;0;0;1;0;0;0;0;0;0;0;0;0;0;1;0;0;0;1;1;1;1;0;0;0;0;0;0;0;0;0;0;0;0;
FILTRE;2014;730000304;730780582;INIT;0;0;0;1;0;0;0;0;1;0;0;0;0;0;0;;0;0;0;;;;;;;;;;;;;0;0;0;0;0;0;0;0;
FILTRE;2014;730000924;690796552;DECLA;0;0;0;0;0;0;0;0;0;0;0;1;0;0;0;0;0;0;0;0;0;0;0;0;0;1;0;0;0;0;0;0;0;0;0;0;0;0;0;
FILTRE;2014;730000924;690796552;INIT;0;0;0;0;0;0;0;0;0;0;0;1;0;0;0;;0;0;0;;;;;;;;;;;;;0;0;0;0;0;0;0;0;
FILTRE;2014;730004298;730010048;DECLA;1;1;0;0;1;0;1;1;0;0;1;0;0;0;0;0;1;0;1;1;0;1;1;1;0;1;0;0;1;1;1;0;1;1;0;0;0;0;0;
FILTRE;2014;730004298;730010048;INIT;1;1;0;0;1;0;1;1;0;0;1;0;0;0;0;;1;0;1;;;;;;;;;;;;;0;0;1;0;0;0;0;0;
FILTRE;2014;730005709;380793802;DECLA;0;0;0;0;0;0;0;0;0;0;0;1;0;0;0;0;0;0;0;0;0;0;0;0;0;1;0;0;0;0;0;0;0;0;0;0;0;0;0;
FILTRE;2014;730005709;380793802;INIT;0;0;0;0;0;0;0;0;0;0;0;1;0;0;0;;0;0;0;;;;;;;;;;;;;0;0;0;0;0;0;0;0;
FILTRE;2014;730007978;730011731;DECLA;0;0;0;1;0;0;0;0;1;0;0;0;0;0;0;0;0;0;0;0;0;0;0;1;1;1;0;0;0;0;0;0;0;0;0;0;0;0;0;
FILTRE;2014;730007978;730011731;INIT;0;0;0;1;0;0;0;0;1;0;0;0;0;0;0;;0;0;0;;;;;;;;;;;;;0;0;0;0;0;0;0;0;
FILTRE;2014;730010477;730780103;DECLA;0;0;0;0;0;0;0;0;0;0;0;0;0;0;0;0;0;1;0;0;0;0;0;0;0;0;0;0;0;0;0;0;0;0;0;0;0;0;0;
FILTRE;2014;730010485;730000015;DECLA;0;0;0;0;0;0;0;0;0;0;0;0;0;0;0;0;0;1;0;0;0;0;0;0;0;0;0;0;0;0;0;0;0;0;0;0;0;0;0;
FILTRE;2014;730011061;730000015;DECLA;0;0;0;0;0;0;0;1;0;0;0;0;0;0;0;0;0;0;0;0;0;0;0;0;0;0;0;0;0;0;0;0;0;0;0;0;0;0;0;
FILTRE;2014;730011061;730000015;INIT;0;0;0;0;0;0;0;1;0;0;0;0;0;0;0;;0;0;1;;;;;;;;;;;;;0;0;0;0;0;0;0;0;
FILTRE;2014;730780459;730000221;DECLA;0;1;0;0;0;0;0;1;0;0;0;0;0;0;0;0;0;0;1;0;0;0;0;1;1;1;0;0;0;0;0;0;1;0;0;0;0;0;0;
FILTRE;2014;730780459;730000221;INIT;0;1;0;0;0;0;0;1;0;0;0;0;0;0;0;;0;0;1;;;;;;;;;;;;;0;0;0;0;0;0;0;0;
FILTRE;2014;730780475;690029723;DECLA;0;0;0;0;1;0;0;0;0;0;0;0;0;0;0;0;0;0;0;0;0;0;0;1;0;1;0;0;0;1;0;0;0;0;0;0;0;0;0;
FILTRE;2014;730780475;690029723;INIT;0;0;0;0;1;0;0;0;0;0;0;0;0;0;0;;0;0;0;;;;;;;;;;;;;0;0;0;0;0;0;0;0;
FILTRE;2014;730780574;730000296;DECLA;0;0;0;0;1;0;0;0;0;0;0;0;0;0;0;0;0;0;0;0;0;0;0;0;0;0;0;0;0;0;0;0;0;0;0;0;0;0;0;
FILTRE;2014;730780574;730000296;INIT;0;0;0;0;1;0;0;0;0;0;0;0;0;0;0;;0;0;0;;;;;;;;;;;;;0;0;0;0;0;0;0;0;
FILTRE;2014;730780681;750721334;DECLA;0;0;0;0;1;0;0;0;0;0;0;0;0;0;0;0;0;0;0;0;0;0;0;0;0;0;0;0;0;0;0;0;0;0;0;0;0;0;0;
FILTRE;2014;730780681;750721334;INIT;0;0;0;0;1;0;0;0;0;0;0;0;0;0;0;;0;0;0;;;;;;;;;;;;;0;0;0;0;0;0;0;0;
FILTRE;2014;730780988;730002698;DECLA;0;0;0;0;1;0;0;0;0;0;0;0;0;0;0;1;0;0;0;0;0;0;0;1;0;1;0;0;0;0;0;0;0;0;0;0;0;0;0;
FILTRE;2014;730780988;730002698;INIT;0;0;0;0;1;0;0;0;0;0;0;0;0;0;0;;0;0;0;;;;;;;;;;;;;0;0;0;0;0;0;0;0;
FILTRE;2014;730783552;730000015;DECLA;0;0;0;0;1;1;0;0;0;0;0;0;0;0;0;0;0;0;0;0;0;0;0;0;0;0;0;0;0;0;0;0;0;0;0;0;0;0;0;
FILTRE;2014;730783552;730000015;INIT;0;0;0;0;1;1;0;0;0;0;0;0;0;0;0;;0;0;0;;;;;;;;;;;;;0;0;0;0;0;0;0;0;
FILTRE;2014;730783644;730780111;DECLA;1;0;0;0;1;0;1;0;0;0;0;0;0;0;0;0;0;0;0;0;0;0;0;0;0;0;0;0;1;0;0;0;0;0;0;0;0;0;0;
FILTRE;2014;730783644;730780111;INIT;1;0;0;0;1;0;1;0;0;0;0;0;0;0;0;;0;0;0;;;;;;;;;;;;;0;0;0;0;0;0;0;0;
FILTRE;2014;730785011;690796552;DECLA;0;0;0;0;0;0;0;0;0;0;0;1;0;0;0;0;0;0;0;0;0;0;0;0;0;1;0;0;0;0;0;0;0;0;0;0;0;0;0;
FILTRE;2014;730785011;690796552;INIT;0;0;0;0;0;0;0;0;0;0;0;1;0;0;0;;0;0;0;;;;;;;;;;;;;0;0;0;0;0;0;0;0;
FILTRE;2014;730785276;730002839;DECLA;0;0;0;0;0;1;0;0;0;0;0;0;0;0;0;0;0;0;0;0;0;0;0;0;0;0;0;0;0;0;0;0;0;0;0;0;0;0;0;
FILTRE;2014;730785276;730002839;INIT;0;0;0;0;0;1;0;0;0;0;0;0;0;0;0;;0;0;0;;;;;;;;;;;;;0;0;0;0;0;0;0;0;
FILTRE;2014;730785466;380793802;DECLA;0;0;0;0;0;0;0;0;0;0;0;1;0;0;0;0;0;0;0;0;0;0;0;0;0;1;0;0;0;0;0;0;0;0;0;0;0;0;0;
FILTRE;2014;730785466;380793802;INIT;0;0;0;0;0;0;0;0;0;0;0;1;0;0;0;;0;0;0;;;;;;;;;;;;;0;0;0;0;0;0;0;0;
FILTRE;2014;730786233;690796552;DECLA;0;0;0;0;0;0;0;0;0;0;0;1;0;0;0;0;0;0;0;0;0;0;0;0;0;1;0;0;0;0;0;0;0;0;0;0;0;0;0;
FILTRE;2014;730786233;690796552;INIT;0;0;0;0;0;0;0;0;0;0;0;1;0;0;0;;0;0;0;;;;;;;;;;;;;0;0;0;0;0;0;0;0;
FILTRE;2014;730786464;380793802;DECLA;0;0;0;0;0;0;0;0;0;0;0;1;0;0;0;0;0;0;0;0;0;0;0;0;0;1;0;0;0;0;0;0;0;0;0;0;0;0;0;
FILTRE;2014;730786464;380793802;INIT;0;0;0;0;0;0;0;0;0;0;0;1;0;0;0;;0;0;0;;;;;;;;;;;;;0;0;0;0;0;0;0;0;
FILTRE;2014;730790235;380793802;DECLA;0;0;0;0;0;0;0;0;0;0;0;1;0;0;0;0;0;0;0;0;0;0;0;0;0;1;0;0;0;0;0;0;0;0;0;0;0;0;0;
FILTRE;2014;730790235;380793802;INIT;0;0;0;0;0;0;0;0;0;0;0;1;0;0;0;;0;0;0;;;;;;;;;;;;;0;0;0;0;0;0;0;0;
FILTRE;2014;740000062;740780168;DECLA;0;0;0;0;1;0;0;0;0;0;0;0;0;0;0;0;0;0;0;0;0;0;0;1;0;1;0;0;0;0;0;0;0;0;0;0;0;0;0;
FILTRE;2014;740000062;740780168;INIT;0;0;0;0;1;0;0;0;0;0;0;0;0;0;0;;0;0;0;;;;;;;;;;;;;0;0;0;0;0;0;0;0;
FILTRE;2014;740000237;740781133;DECLA;1;1;1;0;0;0;1;1;0;1;1;1;1;0;1;1;1;1;1;1;1;1;0;1;0;1;1;1;1;1;1;1;1;1;1;0;0;0;1;
FILTRE;2014;740000237;740781133;INIT;1;1;1;1;0;0;1;1;0;1;1;1;1;0;1;;1;1;1;;;;;;;;;;;;;1;1;1;1;0;0;0;1;
FILTRE;2014;740000278;740781182;DECLA;0;0;0;0;1;0;0;0;0;0;0;0;0;0;0;0;0;0;0;0;0;0;0;1;0;1;0;0;0;0;1;0;0;0;0;0;0;0;0;
FILTRE;2014;740000278;740781182;INIT;0;0;0;0;1;0;0;0;0;0;0;0;0;0;0;;0;0;0;;;;;;;;;;;;;0;0;0;0;0;0;0;0;
FILTRE;2014;740000286;740781190;DECLA;1;0;0;0;1;1;0;0;0;0;0;0;0;0;0;0;0;0;0;0;0;0;0;1;0;1;0;0;0;0;1;0;0;0;0;0;0;0;0;
FILTRE;2014;740000286;740781190;INIT;1;0;0;0;1;1;1;0;0;0;0;0;0;0;0;;0;0;0;;;;;;;;;;;;;0;0;0;0;0;0;0;0;
FILTRE;2014;740000294;740781208;DECLA;1;0;0;0;1;0;0;0;0;0;0;0;0;0;0;0;1;0;0;1;0;1;0;1;0;1;0;0;0;0;1;0;0;0;0;0;0;0;0;
FILTRE;2014;740000294;740781208;INIT;1;0;0;0;1;0;1;0;0;0;0;0;0;0;0;;1;0;0;;;;;;;;;;;;;0;0;0;0;0;0;0;0;
FILTRE;2014;740000302;740781133;DECLA;1;1;1;0;1;1;1;1;0;0;1;0;1;0;1;0;1;1;1;1;1;1;0;1;0;1;0;1;1;0;1;0;1;0;0;0;0;0;0;
FILTRE;2014;740000302;740781133;INIT;1;1;1;0;1;1;1;0;0;0;1;0;1;0;1;;1;1;1;;;;;;;;;;;;;0;0;1;0;0;0;0;0;
FILTRE;2014;740000328;740790381;DECLA;1;1;1;1;0;0;1;1;1;0;1;1;1;0;1;1;1;1;1;1;1;1;1;1;1;1;1;1;1;1;1;0;1;1;0;0;0;0;0;
FILTRE;2014;740000328;740790381;INIT;1;1;1;1;0;0;1;1;1;0;1;1;1;0;1;;1;1;1;;;;;;;;;;;;;0;1;1;0;0;0;0;0;
FILTRE;2014;740000401;740781893;DECLA;0;0;0;0;0;1;0;0;0;0;0;0;0;0;0;0;0;0;0;0;0;0;0;0;0;0;0;0;0;0;0;0;0;0;0;0;0;0;0;
FILTRE;2014;740000401;740781893;INIT;0;0;0;0;0;1;0;0;0;0;0;0;0;0;0;;0;0;0;;;;;;;;;;;;;0;0;0;0;0;0;0;0;
FILTRE;2014;740000583;740785035;DECLA;0;0;0;1;0;0;0;0;1;0;0;0;0;0;0;0;0;0;0;0;0;0;0;1;0;1;0;0;0;0;0;0;0;0;0;0;0;0;0;
FILTRE;2014;740000583;740785035;INIT;0;0;0;1;0;0;0;0;1;0;0;0;0;0;0;;0;0;0;;;;;;;;;;;;;0;0;0;0;0;0;0;0;
FILTRE;2014;740001847;740780168;DECLA;0;0;0;0;0;1;0;0;0;0;0;0;0;0;0;0;0;0;0;0;0;0;0;0;0;0;0;0;0;0;1;0;0;0;0;0;0;0;0;
FILTRE;2014;740001847;740780168;INIT;0;0;0;0;0;1;0;0;0;0;0;0;0;0;0;;0;0;0;;;;;;;;;;;;;0;0;0;0;0;0;0;0;
FILTRE;2014;740001912;740012653;DECLA;0;0;0;0;0;0;0;0;0;1;0;0;0;0;0;0;0;0;0;0;0;0;0;0;0;0;0;0;0;0;0;0;0;0;0;0;0;0;0;
FILTRE;2014;740001912;740012653;INIT;0;0;0;0;0;0;0;0;0;1;0;0;0;0;0;;0;0;0;;;;;;;;;;;;;0;0;0;0;0;0;0;0;
FILTRE;2014;740004148;310021373;DECLA;0;0;0;0;1;0;0;0;0;0;0;0;0;0;0;1;0;0;0;0;0;0;0;1;0;1;0;0;0;0;0;0;0;0;0;0;0;0;0;
FILTRE;2014;740004148;310021373;INIT;0;0;0;0;1;0;0;0;0;0;0;0;0;0;0;;0;0;0;;;;;;;;;;;;;0;0;0;0;0;0;0;0;
FILTRE;2014;740010475;740000203;DECLA;0;0;0;0;0;0;0;0;0;0;0;0;0;0;1;0;0;0;0;0;0;0;0;1;0;1;0;0;0;0;0;0;0;0;0;0;0;0;0;
FILTRE;2014;740010475;740000203;INIT;0;0;0;0;0;0;0;0;0;0;0;0;0;0;1;;0;0;0;;;;;;;;;;;;;0;0;0;0;0;0;0;0;
FILTRE;2014;740010889;690796552;DECLA;0;0;0;0;0;0;0;0;0;0;0;1;0;0;0;0;0;0;0;0;0;0;0;0;0;1;0;0;0;0;0;0;0;0;0;0;0;0;0;
FILTRE;2014;740010889;690796552;INIT;0;0;0;0;0;0;0;0;0;0;0;1;0;0;0;;0;0;0;;;;;;;;;;;;;0;0;0;0;0;0;0;0;
FILTRE;2014;740011481;740781133;DECLA;0;0;0;0;1;1;0;0;0;0;0;0;0;0;0;0;0;0;0;0;0;0;0;0;0;0;0;0;0;0;0;0;0;0;0;0;0;0;0;
FILTRE;2014;740011481;740781133;INIT;0;0;0;0;1;1;0;0;0;0;0;0;0;0;0;;0;0;0;;;;;;;;;;;;;0;0;0;0;0;0;0;0;
FILTRE;2014;740011515;330015488;DECLA;0;0;0;0;0;0;0;0;0;0;0;1;0;0;0;0;0;0;0;0;0;0;0;1;0;1;0;0;0;0;0;0;0;0;0;0;0;0;0;
FILTRE;2014;740011515;330015488;INIT;0;0;0;0;0;0;0;0;0;0;0;1;0;0;0;;0;0;0;;;;;;;;;;;;;0;0;0;0;0;0;0;0;
FILTRE;2014;740012646;690796552;DECLA;0;0;0;0;0;0;0;0;0;0;0;1;0;0;0;0;0;0;0;0;0;0;0;0;0;1;0;0;0;0;0;0;0;0;0;0;0;0;0;
FILTRE;2014;740012646;690796552;INIT;0;0;0;0;0;0;0;0;0;0;0;1;0;0;0;;0;0;0;;;;;;;;;;;;;0;0;0;0;0;0;0;0;
FILTRE;2014;740013412;740781133;DECLA;0;0;0;1;0;0;0;0;1;0;0;0;0;0;0;0;0;0;0;0;0;0;0;0;0;0;0;0;0;0;0;0;0;0;0;0;0;0;0;
FILTRE;2014;740013412;740781133;INIT;0;0;0;1;0;0;0;0;1;0;0;0;0;0;0;;0;0;0;;;;;;;;;;;;;0;0;0;0;0;0;0;0;
FILTRE;2014;740014345;740000617;DECLA;1;1;1;0;0;0;1;1;0;0;1;0;1;0;0;0;1;0;1;0;0;1;0;1;1;1;0;0;0;1;1;1;1;1;0;0;0;0;1;
FILTRE;2014;740014345;740000617;INIT;1;1;1;0;0;0;1;1;0;0;1;0;1;0;0;;1;0;1;;;;;;;;;;;;;0;0;1;0;0;0;0;0;
FILTRE;2014;740014519;750050924;DECLA;0;0;0;0;1;0;0;0;0;0;0;0;0;0;0;0;0;0;0;0;0;0;0;1;0;1;0;0;0;0;0;0;0;0;0;0;0;0;0;
FILTRE;2014;740014519;750050924;INIT;0;0;0;0;1;0;0;0;0;0;0;0;0;0;0;;0;0;0;;;;;;;;;;;;;0;0;0;0;0;0;0;0;
FILTRE;2014;740014683;740780168;DECLA;0;0;0;0;1;0;0;0;0;0;0;0;0;0;0;0;0;0;0;0;0;0;0;0;0;1;0;0;0;0;0;0;0;0;0;0;0;0;0;
FILTRE;2014;740014683;740780168;INIT;0;0;0;0;1;0;0;0;0;0;0;0;0;0;0;;0;0;0;;;;;;;;;;;;;0;0;0;0;0;0;0;0;
FILTRE;2014;740780135;750050924;DECLA;0;0;0;0;1;0;0;0;0;0;0;0;0;0;0;0;0;0;0;0;0;0;0;0;0;0;0;0;0;0;0;0;0;0;0;0;0;0;0;
FILTRE;2014;740780135;750050924;INIT;0;0;0;0;1;0;0;0;0;0;0;0;0;0;0;;0;0;0;;;;;;;;;;;;;0;0;0;0;0;0;0;0;
FILTRE;2014;740780143;750005068;DECLA;0;0;0;0;1;0;0;0;0;0;0;0;0;0;0;0;0;0;0;0;0;0;0;1;0;1;0;0;0;1;0;0;0;0;0;0;0;0;0;
FILTRE;2014;740780143;750005068;INIT;0;0;0;0;1;0;0;0;0;0;0;0;0;0;0;;0;0;0;;;;;;;;;;;;;0;0;0;0;0;0;0;0;
FILTRE;2014;740780176;310021373;DECLA;0;0;0;0;1;0;0;0;0;0;0;0;0;0;0;0;0;0;0;0;0;0;0;1;0;1;0;0;0;0;0;0;0;0;0;0;0;0;0;
FILTRE;2014;740780176;310021373;INIT;0;0;0;0;1;0;0;0;0;0;0;0;0;0;0;;0;0;0;;;;;;;;;;;;;0;0;0;0;0;0;0;0;
FILTRE;2014;740780184;750052334;DECLA;0;0;0;1;0;0;0;0;1;0;0;0;0;0;0;0;0;0;0;0;0;0;0;1;0;1;0;0;0;0;0;0;0;0;0;0;0;0;0;
FILTRE;2014;740780184;750052334;INIT;0;0;0;1;0;0;0;0;1;0;0;0;0;0;0;;0;0;0;;;;;;;;;;;;;0;0;0;0;0;0;0;0;
FILTRE;2014;740780192;740780168;DECLA;1;0;0;0;0;0;1;0;0;0;1;0;0;0;0;0;0;0;0;1;1;0;0;1;0;1;0;1;0;1;0;0;0;0;0;0;0;0;0;
FILTRE;2014;740780192;740780168;INIT;1;0;0;0;0;0;1;0;0;0;0;0;0;0;0;;0;0;0;;;;;;;;;;;;;0;0;0;0;0;0;0;0;
FILTRE;2014;740780416;740000112;DECLA;1;1;0;0;0;0;1;1;0;0;0;0;0;0;0;0;0;0;1;1;0;1;0;1;1;1;0;0;0;0;0;1;1;1;0;0;0;0;0;
FILTRE;2014;740780416;740000112;INIT;1;1;0;0;0;0;1;1;0;0;0;0;0;0;0;;0;0;1;;;;;;;;;;;;;0;0;1;0;0;0;0;0;
FILTRE;2014;740780424;740000120;DECLA;1;1;1;0;0;0;1;1;0;0;1;0;1;0;0;0;1;0;1;1;0;1;1;1;1;1;0;0;0;1;0;0;1;1;0;0;0;0;0;
FILTRE;2014;740780424;740000120;INIT;1;1;1;0;0;0;1;1;0;0;1;0;1;0;0;;1;0;1;;;;;;;;;;;;;0;0;1;0;0;0;0;0;
FILTRE;2014;740780440;740015094;DECLA;0;1;0;0;0;0;0;1;0;0;0;0;0;0;0;;0;0;1;;;;;;;;;;0;;;0;0;0;0;0;0;0;0;
FILTRE;2014;740780440;740015094;INIT;0;1;0;0;0;0;0;1;0;0;0;0;1;0;0;;0;0;1;;;;;;;;;;;;;0;0;0;0;0;0;0;0;
FILTRE;2014;740780952;740000179;DECLA;0;0;0;0;1;0;0;0;0;0;0;0;0;0;0;0;0;0;0;0;0;0;0;1;0;0;0;0;0;1;0;0;0;0;0;0;0;0;0;
FILTRE;2014;740780952;740000179;INIT;0;0;0;0;1;0;0;0;0;0;0;0;0;0;0;;0;0;0;;;;;;;;;;;;;0;0;0;0;0;0;0;0;
FILTRE;2014;740780986;740000195;DECLA;0;0;0;0;1;0;0;0;0;0;0;0;0;0;0;0;0;0;0;0;0;0;0;1;1;1;0;0;0;0;0;0;0;0;0;0;0;0;0;
FILTRE;2014;740780986;740000195;INIT;0;0;0;0;1;0;0;0;0;0;0;0;0;0;0;;0;0;0;;;;;;;;;;;;;0;0;0;0;0;0;0;0;
FILTRE;2014;740781026;740000211;DECLA;0;0;0;1;0;0;0;0;1;0;0;0;0;0;0;0;0;0;0;0;0;0;0;0;0;0;0;0;0;0;0;0;0;0;0;0;0;0;0;
FILTRE;2014;740781026;740000211;INIT;0;0;0;1;0;0;0;0;1;0;0;0;0;0;0;;0;0;0;;;;;;;;;;;;;0;0;0;0;0;0;0;0;
FILTRE;2014;740781034;750048787;DECLA;0;0;0;1;0;0;0;0;1;0;0;0;0;0;0;0;0;0;0;0;0;0;0;1;0;1;0;0;0;0;0;0;0;0;0;0;0;0;0;
FILTRE;2014;740781034;750048787;INIT;0;0;0;1;0;0;0;0;1;0;0;0;0;0;0;;0;0;0;;;;;;;;;;;;;0;0;0;0;0;0;0;0;
FILTRE;2014;740781141;740790258;DECLA;1;1;1;0;0;0;1;1;0;0;1;0;1;0;1;1;1;1;1;1;1;1;1;1;0;1;0;1;1;1;1;0;1;1;0;0;0;0;0;
FILTRE;2014;740781141;740790258;INIT;1;1;1;0;0;0;1;1;0;0;1;0;1;0;1;;1;1;1;;;;;;;;;;;;;0;1;1;0;0;0;0;0;
FILTRE;2014;740781166;740001839;DECLA;0;0;0;0;1;0;0;0;0;0;0;0;0;1;0;0;0;1;0;1;0;0;0;0;0;0;0;0;0;0;1;0;0;0;0;0;0;0;0;
FILTRE;2014;740781166;740001839;INIT;0;0;0;0;1;0;0;0;0;0;0;0;0;1;0;;0;0;0;;;;;;;;;;;;;0;0;0;0;0;0;0;0;
FILTRE;2014;740781224;740001839;DECLA;1;1;1;0;0;0;1;1;0;0;1;0;1;0;1;0;1;1;1;1;1;1;0;1;1;1;0;1;0;0;1;0;1;1;0;0;0;0;0;
FILTRE;2014;740781224;740001839;INIT;1;1;1;0;0;0;1;1;0;0;1;0;1;0;1;;1;1;1;;;;;;;;;;;;;0;0;1;0;0;0;0;0;
FILTRE;2014;740788070;740790381;DECLA;0;0;0;0;0;1;0;0;0;0;0;0;0;0;0;0;0;0;0;0;0;0;0;0;0;0;0;0;0;0;0;0;0;0;0;0;0;0;0;
FILTRE;2014;740788070;740790381;INIT;0;0;0;0;0;1;0;0;0;0;0;0;0;0;0;;0;0;0;;;;;;;;;;;;;0;0;0;0;0;0;0;0;
FILTRE;2014;740788617;330015488;DECLA;0;0;0;0;0;0;0;0;0;0;0;1;0;0;0;0;0;0;0;0;0;0;0;1;0;1;0;0;0;0;0;0;0;0;0;0;0;0;0;
FILTRE;2014;740788617;330015488;INIT;0;0;0;0;0;0;0;0;0;0;0;1;0;0;0;;0;0;0;;;;;;;;;;;;;0;0;0;0;0;0;0;0;
FILTRE;2014;740788641;690796552;DECLA;0;0;0;0;0;0;0;0;0;0;0;1;0;0;0;0;0;0;0;0;0;0;0;0;0;1;0;0;0;0;0;0;0;0;0;0;0;0;0;
FILTRE;2014;740788641;690796552;INIT;0;0;0;0;0;0;0;0;0;0;0;1;0;0;0;;0;0;0;;;;;;;;;;;;;0;0;0;0;0;0;0;0;
FILTRE;2014;740789532;740781208;DECLA;0;0;0;0;0;1;0;0;0;0;0;0;0;0;0;0;0;0;0;0;0;0;0;0;0;0;0;0;0;0;1;0;0;0;0;0;0;0;0;
FILTRE;2014;740789532;740781208;INIT;0;0;0;0;0;1;0;0;0;0;0;0;0;0;0;;0;0;0;;;;;;;;;;;;;0;0;0;0;0;0;0;0;
FILTRE;2014;740789649;690796552;DECLA;0;0;0;0;0;0;0;0;0;0;0;1;0;0;0;0;0;0;0;0;0;0;0;0;0;1;0;0;0;0;0;0;0;0;0;0;0;0;0;
FILTRE;2014;740789649;690796552;INIT;0;0;0;0;0;0;0;0;0;0;0;1;0;0;0;;0;0;0;;;;;;;;;;;;;0;0;0;0;0;0;0;0;
FILTRE;2014;740789821;690796552;DECLA;0;0;0;0;0;0;0;0;0;0;0;1;0;0;0;0;0;0;0;0;0;0;0;0;0;1;0;0;0;0;0;0;0;0;0;0;0;0;0;
FILTRE;2014;740789821;690796552;INIT;0;0;0;0;0;0;0;0;0;0;0;1;0;0;0;;0;0;0;;;;;;;;;;;;;0;0;0;0;0;0;0;0;
FILTRE;2014;750000184;750806853;DECLA;0;0;0;0;0;0;0;0;0;0;0;1;0;0;0;0;0;0;0;0;0;0;0;1;0;0;0;0;0;0;0;0;0;0;0;0;0;0;0;
FILTRE;2014;750000184;750806853;INIT;0;0;0;0;0;0;0;0;0;0;0;1;0;0;0;;0;0;0;;;;;;;;;;;;;0;0;0;0;0;0;0;0;
FILTRE;2014;750000481;750110025;DECLA;1;1;0;0;0;0;1;1;0;0;0;0;0;0;0;0;0;0;1;1;1;1;1;1;1;1;0;0;0;0;0;0;0;1;0;0;0;0;0;
FILTRE;2014;750000481;750110025;INIT;1;1;0;0;0;0;1;1;0;0;0;0;0;0;0;;1;0;1;;;;;;;;;;;;;0;0;1;0;0;0;0;0;
FILTRE;2014;750000499;750140014;DECLA;1;1;0;1;1;0;1;1;1;1;0;0;0;0;0;1;0;0;1;1;1;1;1;1;1;1;1;0;1;0;1;0;1;1;1;1;0;0;0;
FILTRE;2014;750000499;750140014;INIT;1;1;0;1;1;0;1;1;1;0;0;0;0;0;0;;0;0;1;;;;;;;;;;;;;0;1;1;1;1;0;0;0;
FILTRE;2014;750000507;750040628;DECLA;0;0;0;0;1;0;0;0;0;0;0;0;0;0;0;1;0;0;0;0;0;0;0;1;0;1;0;0;0;0;0;0;0;0;0;0;0;0;0;
FILTRE;2014;750000507;750040628;INIT;0;0;0;0;1;0;0;0;0;0;0;0;0;0;0;;0;0;0;;;;;;;;;;;;;0;0;0;0;0;0;0;0;
FILTRE;2014;750000523;750150120;DECLA;1;1;1;0;0;0;1;1;0;0;1;0;0;0;0;1;1;0;1;1;1;1;1;1;1;1;0;1;1;0;0;1;1;1;0;0;0;0;0;
FILTRE;2014;750000523;750150120;INIT;1;1;1;0;0;0;1;1;0;0;1;0;0;0;0;;1;0;1;;;;;;;;;;;;;1;1;1;0;0;0;0;0;
FILTRE;2014;750000549;750150229;DECLA;1;1;0;0;0;0;1;1;0;0;0;0;0;0;0;0;1;0;1;1;0;0;0;1;1;1;1;0;1;0;1;0;1;1;1;1;0;0;0;
FILTRE;2014;750000549;750150229;INIT;1;1;0;0;0;0;1;1;0;0;0;0;0;0;0;;1;0;1;;;;;;;;;;;;;0;1;1;1;1;0;0;0;
FILTRE;2014;750003378;310021191;DECLA;0;0;0;0;1;0;0;0;0;0;0;0;0;0;0;0;0;0;0;0;0;0;0;1;0;0;0;0;0;0;0;0;0;0;0;0;0;0;0;
FILTRE;2014;750003378;310021191;INIT;0;0;0;0;1;0;0;0;0;0;0;0;0;0;0;;0;0;0;;;;;;;;;;;;;0;0;0;0;0;0;0;0;
FILTRE;2014;750006348;910140011;DECLA;0;0;0;1;0;0;0;0;1;0;0;0;0;0;0;0;0;0;0;0;0;0;0;1;1;1;0;0;0;0;1;0;0;0;0;0;0;0;0;
FILTRE;2014;750006348;910140011;INIT;0;0;0;1;0;0;0;0;1;0;0;0;0;0;0;;0;0;0;;;;;;;;;;;;;0;0;0;0;0;0;0;0;
FILTRE;2014;750006538;940016819;DECLA;0;0;0;1;0;0;0;0;0;0;0;0;0;0;0;0;0;0;0;0;0;0;0;0;0;0;0;0;0;0;0;0;0;0;0;0;0;0;0;
FILTRE;2014;750006538;940016819;INIT;0;0;0;1;0;0;0;0;0;0;0;0;0;0;0;;0;0;0;;;;;;;;;;;;;0;0;0;0;0;0;0;0;
FILTRE;2014;750007528;750804940;DECLA;0;0;0;1;0;0;0;0;1;0;0;0;0;0;0;0;0;0;0;0;0;0;0;0;0;0;0;0;0;0;0;0;0;0;0;0;0;0;0;
FILTRE;2014;750007528;750804940;INIT;0;0;0;1;0;0;0;0;1;0;0;0;0;0;0;;0;0;0;;;;;;;;;;;;;0;0;0;0;0;0;0;0;
FILTRE;2014;750007668;750719270;DECLA;0;0;0;1;0;0;0;0;1;0;0;0;0;0;0;0;0;0;0;0;0;0;0;0;0;0;0;0;0;0;0;0;0;0;0;0;0;0;0;
FILTRE;2014;750007668;750719270;INIT;0;0;0;1;0;0;0;0;1;0;0;0;0;0;0;;0;0;0;;;;;;;;;;;;;0;0;0;0;0;0;0;0;
FILTRE;2014;750009318;750806853;DECLA;0;0;0;0;0;0;0;0;0;0;0;1;0;0;0;0;0;0;0;0;0;0;0;1;0;0;0;0;0;0;0;0;0;0;0;0;0;0;0;
FILTRE;2014;750009318;750806853;INIT;0;0;0;0;0;0;0;0;0;0;0;1;0;0;0;;0;0;0;;;;;;;;;;;;;0;0;0;0;0;0;0;0;
FILTRE;2014;750010324;750000465;DECLA;0;0;0;0;0;0;0;0;1;0;0;0;0;0;0;0;0;0;0;0;0;0;0;0;0;0;0;0;0;0;0;0;0;0;0;0;0;0;0;
FILTRE;2014;750010324;750000465;INIT;0;0;0;0;0;0;0;0;1;0;0;0;0;0;0;;0;0;0;;;;;;;;;;;;;0;0;0;0;0;0;0;0;
FILTRE;2014;750014128;750014078;DECLA;0;0;0;0;1;0;0;0;0;0;0;0;0;0;0;1;0;0;0;1;0;0;0;1;0;1;0;0;0;0;0;0;0;0;0;0;0;0;0;
FILTRE;2014;750014128;750014078;INIT;0;0;0;0;1;0;0;0;0;0;0;0;0;0;0;;0;0;0;;;;;;;;;;;;;0;0;0;0;0;0;0;0;
FILTRE;2014;750014169;750043994;DECLA;0;0;0;0;1;0;0;0;0;0;0;0;0;0;0;0;0;0;0;0;0;0;0;0;0;0;0;0;0;0;0;0;0;0;0;0;0;0;0;
FILTRE;2014;750014169;750043994;INIT;0;0;0;0;1;0;0;0;0;0;0;0;0;0;0;;0;0;0;;;;;;;;;;;;;0;0;0;0;0;0;0;0;
FILTRE;2014;750023749;750034308;DECLA;0;0;0;1;0;0;0;0;1;0;0;0;0;0;0;0;0;0;0;0;0;0;0;1;1;1;0;1;0;0;1;0;0;0;0;0;0;0;0;
FILTRE;2014;750023749;750034308;INIT;0;0;0;1;0;0;0;0;1;0;0;0;0;0;0;;0;0;0;;;;;;;;;;;;;0;0;0;0;0;0;0;0;
FILTRE;2014;750032229;750827933;DECLA;0;0;0;0;1;0;0;0;0;0;0;0;0;0;0;0;0;0;0;0;0;0;0;1;0;1;0;0;0;0;1;0;0;0;0;0;0;0;0;
FILTRE;2014;750032229;750827933;INIT;0;0;0;0;1;0;0;0;0;0;0;0;0;0;0;;0;0;0;;;;;;;;;;;;;0;0;0;0;0;0;0;0;
FILTRE;2014;750038739;750043994;DECLA;0;0;0;0;1;0;0;0;0;0;0;0;0;0;0;0;0;0;0;0;0;0;0;1;0;0;0;0;0;0;0;0;0;0;0;0;0;0;0;
FILTRE;2014;750038739;750043994;INIT;0;0;0;0;1;0;0;0;0;0;0;0;0;0;0;;0;0;0;;;;;;;;;;;;;0;0;0;0;0;0;0;0;
FILTRE;2014;750039448;750720914;DECLA;0;0;0;1;0;0;0;0;1;0;0;0;0;0;0;0;0;0;0;0;0;0;0;0;0;1;0;0;0;0;1;0;0;0;0;0;0;0;0;
FILTRE;2014;750039448;750720914;INIT;0;0;0;1;0;0;0;0;1;0;0;0;0;0;0;;0;0;0;;;;;;;;;;;;;0;0;0;0;0;0;0;0;
FILTRE;2014;750040297;750000960;DECLA;0;0;0;0;0;0;0;0;0;0;0;1;0;0;0;0;0;0;0;0;0;0;0;0;0;0;0;0;0;0;0;0;0;0;0;0;0;0;0;
FILTRE;2014;750040297;750000960;INIT;0;0;0;0;0;0;0;0;0;0;0;1;0;0;0;;0;0;0;;;;;;;;;;;;;0;0;0;0;0;0;0;0;
FILTRE;2014;750041543;750712184;DECLA;1;0;0;0;1;1;1;0;0;0;0;0;0;0;0;1;0;0;0;1;0;0;0;1;1;1;0;1;1;1;1;0;0;0;0;0;0;0;0;
FILTRE;2014;750041543;750712184;INIT;1;0;0;0;1;1;1;0;0;0;0;0;0;0;0;;0;0;0;;;;;;;;;;;;;0;0;0;0;0;0;0;0;
FILTRE;2014;750042459;750712341;DECLA;0;0;0;0;0;0;0;0;0;0;1;0;0;0;1;0;0;0;0;0;0;0;0;0;0;1;0;0;0;0;0;0;0;0;0;0;0;0;0;
FILTRE;2014;750042459;750712341;INIT;0;0;0;0;0;0;0;0;0;0;0;0;0;0;1;;0;0;0;;;;;;;;;;;;;0;0;0;0;0;0;0;0;
FILTRE;2014;750042830;750710428;DECLA;0;0;0;0;1;0;0;0;0;0;0;0;0;0;0;0;0;0;0;0;0;0;0;1;0;1;0;0;0;0;0;0;0;0;0;0;0;0;0;
FILTRE;2014;750042830;750710428;INIT;0;0;0;0;1;0;0;0;0;0;0;0;0;0;0;;0;0;0;;;;;;;;;;;;;0;0;0;0;0;0;0;0;
FILTRE;2014;750047128;750047110;DECLA;0;0;0;0;1;0;0;0;0;0;0;0;0;0;0;0;0;0;0;0;0;0;0;0;0;0;0;0;0;0;0;0;0;0;0;0;0;0;0;
FILTRE;2014;750047128;750047110;INIT;0;0;0;0;1;0;0;0;0;0;0;0;0;0;0;;0;0;0;;;;;;;;;;;;;0;0;0;0;0;0;0;0;
FILTRE;2014;750047318;750831059;DECLA;0;0;0;0;0;0;0;0;0;0;0;1;0;0;0;0;0;0;0;0;0;0;0;0;0;0;0;0;0;0;0;0;0;0;0;0;0;0;0;
FILTRE;2014;750047318;750831059;INIT;0;0;0;0;0;0;0;0;0;0;0;1;0;0;0;;0;0;0;;;;;;;;;;;;;0;0;0;0;0;0;0;0;
FILTRE;2014;750049561;750049553;DECLA;0;0;0;0;1;0;0;0;0;0;0;0;0;0;0;0;0;0;0;0;0;0;0;1;0;1;0;0;0;0;0;0;0;0;0;0;0;0;0;
FILTRE;2014;750049561;750049553;INIT;0;0;0;0;1;0;0;0;0;0;0;0;0;0;0;;0;0;0;;;;;;;;;;;;;0;0;0;0;0;0;0;0;
FILTRE;2014;750051872;750051872;DECLA;0;0;0;1;0;0;0;0;1;0;0;0;0;0;0;0;0;0;0;0;0;0;0;1;0;0;0;0;0;0;0;0;0;0;0;0;0;0;0;
FILTRE;2014;750051872;750051872;INIT;0;0;0;1;0;0;0;0;1;0;0;0;0;0;0;;0;0;0;;;;;;;;;;;;;0;0;0;0;0;0;0;0;
FILTRE;2014;750052037;750052037;DECLA;0;0;0;1;0;0;0;0;1;0;0;0;0;0;0;0;0;0;0;0;0;0;0;1;0;1;0;0;0;0;0;0;0;0;0;0;0;0;0;
FILTRE;2014;750052037;750052037;INIT;0;0;0;1;0;0;0;0;1;0;0;0;0;0;0;;0;0;0;;;;;;;;;;;;;0;0;0;0;0;0;0;0;
FILTRE;2014;750100018;750712184;DECLA;0;1;0;1;0;0;1;1;0;0;0;0;0;0;0;1;1;1;1;1;1;0;1;1;0;1;1;0;1;0;1;0;0;0;0;0;0;0;0;
FILTRE;2014;750100018;750712184;INIT;1;1;0;1;0;0;1;1;0;0;0;0;0;0;0;;1;1;1;;;;;;;;;;;;;0;0;0;0;0;0;0;0;
FILTRE;2014;750100042;750712184;DECLA;1;1;1;1;1;1;1;1;1;0;0;0;1;0;0;1;1;1;1;1;1;1;1;1;1;1;1;1;1;1;1;1;1;0;1;1;0;0;1;
FILTRE;2014;750100042;750712184;INIT;1;1;1;0;0;0;1;1;0;0;1;0;1;0;0;;1;1;1;;;;;;;;;;;;;1;1;1;1;1;0;0;0;
FILTRE;2014;750100075;750712184;DECLA;1;1;0;0;0;0;1;1;0;1;1;1;1;0;0;1;1;0;1;1;1;1;0;1;1;1;0;1;1;1;1;0;1;1;0;0;1;1;0;
FILTRE;2014;750100075;750712184;INIT;1;1;0;0;0;0;1;1;0;1;1;1;1;0;0;;1;0;1;;;;;;;;;;;;;0;1;1;0;0;1;1;0;
FILTRE;2014;750100083;750712184;DECLA;1;0;0;0;1;1;1;0;0;0;0;0;0;0;0;1;0;0;0;1;0;0;0;1;1;1;1;0;1;0;1;0;0;0;0;0;0;0;0;
FILTRE;2014;750100083;750712184;INIT;1;0;0;0;1;1;1;0;0;0;0;0;0;0;0;;0;0;0;;;;;;;;;;;;;0;0;0;0;0;0;0;0;
FILTRE;2014;750100091;750712184;DECLA;1;1;0;1;0;0;1;1;1;0;1;0;0;0;0;1;1;0;1;1;1;1;1;1;1;1;1;1;1;0;1;1;1;1;0;0;1;0;0;
FILTRE;2014;750100091;750712184;INIT;1;1;0;1;0;0;1;1;1;1;1;0;0;0;0;;1;0;1;;;;;;;;;;;;;0;1;1;0;0;1;0;0;
FILTRE;2014;750100109;750712184;DECLA;1;1;1;0;1;0;1;1;1;1;1;1;1;1;0;1;1;0;1;1;1;1;0;1;1;1;1;0;1;1;1;0;1;1;0;0;0;1;0;
FILTRE;2014;750100109;750712184;INIT;1;1;1;0;0;0;1;1;0;0;1;1;1;0;0;;1;0;1;;;;;;;;;;;;;0;1;1;0;0;0;1;0;
FILTRE;2014;750100125;750712184;DECLA;1;1;1;1;1;1;1;1;1;1;1;1;1;0;0;0;1;1;1;1;1;1;1;1;1;1;1;1;1;1;0;1;1;1;1;1;1;0;1;
FILTRE;2014;750100125;750712184;INIT;1;1;1;1;1;1;1;1;1;1;1;1;1;0;0;;1;1;1;;;;;;;;;;;;;1;1;1;1;1;1;0;1;
FILTRE;2014;750100166;750712184;DECLA;1;1;1;1;1;0;1;1;1;0;1;0;1;1;0;0;1;0;1;1;1;1;1;1;1;1;1;1;0;1;1;1;1;1;0;0;0;0;0;
FILTRE;2014;750100166;750712184;INIT;1;1;1;1;1;0;1;1;1;0;1;0;1;0;0;;1;0;1;;;;;;;;;;;;;1;1;1;0;0;0;0;0;
FILTRE;2014;750100208;750712184;DECLA;1;1;1;0;0;0;1;1;1;0;1;1;1;0;0;0;1;1;1;1;1;1;0;1;1;1;1;1;1;0;1;1;1;1;1;1;1;0;1;
FILTRE;2014;750100208;750712184;INIT;1;1;1;0;0;0;1;1;1;0;1;1;0;0;0;;1;1;1;;;;;;;;;;;;;1;1;1;1;0;1;0;1;
FILTRE;2014;750100216;750712184;DECLA;1;0;0;0;1;1;1;0;0;0;0;0;0;0;0;1;0;0;0;1;0;0;0;1;0;1;1;1;0;1;0;0;0;0;0;0;0;0;0;
FILTRE;2014;750100216;750712184;INIT;1;0;0;0;1;1;1;0;0;0;0;0;0;0;0;;0;0;0;;;;;;;;;;;;;0;0;0;0;0;0;0;0;
FILTRE;2014;750100232;750712184;DECLA;1;1;1;1;1;0;1;1;1;0;1;1;1;1;0;1;1;0;1;1;1;1;1;1;1;1;1;1;1;1;0;1;1;1;0;0;1;0;1;
FILTRE;2014;750100232;750712184;INIT;1;1;1;1;1;0;1;1;1;0;1;1;1;0;0;;1;0;1;;;;;;;;;;;;;1;1;1;0;0;1;0;1;
FILTRE;2014;750100273;750712184;DECLA;1;1;1;1;0;0;1;1;0;1;1;1;1;0;0;1;1;0;1;1;1;1;0;1;1;1;1;1;1;0;1;0;1;1;0;0;1;0;0;
FILTRE;2014;750100273;750712184;INIT;1;1;1;1;0;0;1;1;0;1;1;1;1;0;0;;1;0;1;;;;;;;;;;;;;0;1;1;0;0;1;0;0;
FILTRE;2014;750100299;750712184;DECLA;1;0;0;0;1;1;1;0;0;0;0;0;0;0;0;1;0;0;0;1;0;0;0;1;0;1;0;1;1;1;1;0;0;0;0;0;0;0;0;
FILTRE;2014;750100299;750712184;INIT;1;0;0;0;1;1;1;0;0;0;0;0;0;0;0;;0;0;0;;;;;;;;;;;;;0;0;0;0;0;0;0;0;
FILTRE;2014;750120016;750821092;DECLA;1;1;0;1;0;0;1;1;1;1;1;1;0;0;0;1;0;0;1;1;1;1;1;1;1;1;0;0;0;1;0;1;1;1;1;0;0;0;0;
FILTRE;2014;750120016;750821092;INIT;1;1;0;1;0;0;1;1;1;1;1;1;0;0;0;;0;0;1;;;;;;;;;;;;;1;1;1;1;0;0;0;0;
FILTRE;2014;750140022;750720575;DECLA;0;0;0;1;0;0;0;0;1;0;0;0;0;0;0;0;0;0;0;0;0;0;0;1;0;1;0;0;0;0;1;0;0;0;0;0;0;0;0;
FILTRE;2014;750140022;750720575;INIT;0;0;0;1;0;0;0;0;1;0;0;0;0;0;0;;0;0;0;;;;;;;;;;;;;0;0;0;0;0;0;0;0;
FILTRE;2014;750150013;750811887;DECLA;0;0;1;0;0;0;0;1;0;0;0;0;1;0;0;0;0;0;1;0;0;0;0;1;0;0;0;0;0;0;1;0;0;0;0;0;0;0;0;
FILTRE;2014;750150013;750811887;INIT;0;0;1;0;0;0;0;1;0;0;0;0;1;0;0;;0;0;1;;;;;;;;;;;;;0;0;0;0;0;0;0;0;
FILTRE;2014;750150088;750000515;DECLA;0;0;0;0;1;0;0;0;0;0;0;0;0;0;0;0;0;0;0;0;0;0;0;1;0;0;0;0;0;0;0;0;0;0;0;0;0;0;0;
FILTRE;2014;750150088;750000515;INIT;0;0;0;0;1;0;0;0;0;0;0;0;0;0;0;;0;0;0;;;;;;;;;;;;;0;0;0;0;0;0;0;0;
FILTRE;2014;750150104;750720476;DECLA;1;1;1;1;0;0;1;1;1;0;1;1;1;0;0;0;0;0;1;1;1;1;1;1;1;1;0;0;0;0;0;1;1;1;0;0;0;0;1;
FILTRE;2014;750150104;750720476;INIT;1;1;1;1;0;0;1;1;1;0;1;1;1;0;0;;0;0;1;;;;;;;;;;;;;1;1;1;0;0;0;0;1;
FILTRE;2014;750150146;750720609;DECLA;1;0;0;0;1;0;0;0;0;0;0;0;0;0;0;0;0;0;0;1;1;0;0;1;0;1;0;0;0;0;0;0;0;0;0;0;0;0;0;
FILTRE;2014;750150146;750720609;INIT;1;0;0;0;1;0;1;0;0;0;0;0;0;0;0;;0;0;0;;;;;;;;;;;;;0;0;0;0;0;0;0;0;
FILTRE;2014;750150187;750000143;DECLA;1;0;0;0;0;0;0;0;0;0;0;0;0;0;0;0;0;0;0;0;0;0;0;1;0;1;0;0;0;1;1;0;0;0;0;0;0;0;0;
FILTRE;2014;750150187;750000143;INIT;1;0;0;0;0;0;1;0;0;0;0;0;0;0;0;;0;0;0;;;;;;;;;;;;;0;0;0;0;0;0;0;0;
FILTRE;2014;750150237;750006728;DECLA;1;1;0;0;0;0;1;1;0;0;1;0;0;0;0;1;1;0;1;1;1;1;1;1;0;1;0;0;0;0;0;0;1;1;0;0;0;0;0;
FILTRE;2014;750150237;750006728;INIT;1;1;0;0;0;0;1;1;0;0;0;0;0;0;0;;1;0;1;;;;;;;;;;;;;0;1;0;0;0;0;0;0;
FILTRE;2014;750150252;750720575;DECLA;1;0;0;0;1;0;1;0;0;0;0;1;0;0;0;1;0;0;0;1;0;0;0;1;0;1;0;0;0;0;1;0;0;0;0;0;0;0;0;
FILTRE;2014;750150252;750720575;INIT;1;0;0;0;1;0;1;0;0;0;0;1;0;0;0;;0;0;0;;;;;;;;;;;;;0;0;0;0;0;0;0;0;
FILTRE;2014;750150260;750006728;DECLA;1;1;1;0;0;0;1;1;0;0;1;0;1;0;0;1;0;0;1;1;0;1;0;1;0;1;0;1;0;1;0;0;1;1;0;0;0;0;0;
FILTRE;2014;750150260;750006728;INIT;1;1;1;0;0;0;1;1;0;0;1;0;1;0;0;;0;0;1;;;;;;;;;;;;;0;0;1;0;0;0;0;0;
FILTRE;2014;750150286;750015968;DECLA;1;0;0;0;1;0;0;0;0;0;0;0;0;0;0;0;0;0;0;0;0;0;0;1;0;1;0;0;0;1;0;0;0;0;0;0;0;0;0;
FILTRE;2014;750150286;750015968;INIT;1;0;0;0;1;0;1;0;0;0;0;0;0;0;0;;0;0;0;;;;;;;;;;;;;0;0;0;0;0;0;0;0;
FILTRE;2014;750150302;750806853;DECLA;0;0;0;0;0;0;0;0;0;0;0;1;0;0;0;0;0;0;0;0;0;0;0;1;0;0;0;0;0;0;0;0;0;0;0;0;0;0;0;
FILTRE;2014;750150302;750806853;INIT;0;0;0;0;0;0;0;0;0;0;0;1;0;0;0;;0;0;0;;;;;;;;;;;;;0;0;0;0;0;0;0;0;
FILTRE;2014;750150310;750806853;DECLA;1;0;0;0;1;0;1;0;0;0;0;1;0;0;0;0;0;0;0;0;0;0;0;1;0;1;0;0;0;0;0;0;0;0;0;0;0;0;0;
FILTRE;2014;750150310;750806853;INIT;1;0;0;0;1;0;1;0;0;0;0;1;0;0;0;;0;0;0;;;;;;;;;;;;;0;0;0;0;0;0;0;0;
FILTRE;2014;750150344;750720468;DECLA;1;0;0;0;1;0;0;0;0;0;0;0;0;0;0;0;0;0;0;1;0;0;0;1;0;1;0;0;0;1;0;0;0;0;0;0;0;0;0;
FILTRE;2014;750150344;750720468;INIT;1;0;0;0;1;0;1;0;0;0;0;0;0;0;0;;0;0;0;;;;;;;;;;;;;0;0;0;0;0;0;0;0;
FILTRE;2014;750150377;750721334;DECLA;1;0;0;0;1;1;0;0;0;0;0;0;0;0;0;0;0;0;0;0;0;0;0;0;0;0;0;0;0;0;1;0;0;0;0;0;0;0;0;
FILTRE;2014;750150377;750721334;INIT;1;0;0;0;1;1;1;0;0;0;0;0;0;0;0;;0;0;0;;;;;;;;;;;;;0;0;0;0;0;0;0;0;
FILTRE;2014;750160012;750813321;DECLA;1;1;0;0;0;0;1;1;0;1;1;0;0;0;0;0;0;0;1;1;1;0;0;1;1;1;0;1;1;1;0;0;1;1;0;0;0;0;0;
FILTRE;2014;750160012;750813321;INIT;1;1;0;0;0;0;1;1;0;1;1;0;0;0;0;;0;0;1;;;;;;;;;;;;;0;0;1;0;0;0;0;0;
FILTRE;2014;750170102;750721391;DECLA;0;0;0;1;0;0;0;0;1;0;0;0;0;0;0;0;0;0;0;0;0;0;0;1;0;1;0;0;0;0;1;0;0;0;0;0;0;0;0;
FILTRE;2014;750170102;750721391;INIT;0;0;0;1;0;0;0;0;1;0;0;0;0;0;0;;0;0;0;;;;;;;;;;;;;0;0;0;0;0;0;0;0;
FILTRE;2014;750170128;750710428;DECLA;0;0;0;1;0;0;0;0;1;0;0;0;0;0;0;0;0;0;0;0;0;0;0;0;0;1;0;0;0;0;0;0;0;0;0;0;0;0;0;
FILTRE;2014;750170128;750710428;INIT;0;0;0;1;0;0;0;0;1;0;0;0;0;0;0;;0;0;0;;;;;;;;;;;;;0;0;0;0;0;0;0;0;
FILTRE;2014;750170235;750005068;DECLA;0;0;0;1;0;0;0;0;1;0;0;0;0;0;0;0;0;0;0;0;0;0;0;0;0;1;0;0;0;0;0;0;0;0;0;0;0;0;0;
FILTRE;2014;750170235;750005068;INIT;0;0;0;1;0;0;0;0;1;0;0;0;0;0;0;;0;0;0;;;;;;;;;;;;;0;0;0;0;0;0;0;0;
FILTRE;2014;750170243;750720922;DECLA;0;0;0;1;0;0;0;0;1;0;0;0;0;0;0;0;0;0;0;0;0;0;0;0;0;1;0;0;0;0;0;0;0;0;0;0;0;0;0;
FILTRE;2014;750170243;750720922;INIT;0;0;0;1;0;0;0;0;1;0;0;0;0;0;0;;0;0;0;;;;;;;;;;;;;0;0;0;0;0;0;0;0;
FILTRE;2014;750170268;750721334;DECLA;0;0;0;1;0;0;0;0;1;0;0;0;0;0;0;0;0;0;0;0;0;0;0;0;0;0;0;0;0;0;0;0;0;0;0;0;0;0;0;
FILTRE;2014;750170268;750721334;INIT;0;0;0;1;0;0;0;0;1;0;0;0;0;0;0;;0;0;0;;;;;;;;;;;;;0;0;0;0;0;0;0;0;
FILTRE;2014;750170490;750719312;DECLA;0;0;0;1;0;0;0;0;1;0;0;0;0;0;0;0;0;0;0;0;0;0;0;0;0;0;0;0;0;0;1;0;0;0;0;0;0;0;0;
FILTRE;2014;750170490;750719312;INIT;0;0;0;1;0;0;0;0;1;0;0;0;0;0;0;;0;0;0;;;;;;;;;;;;;0;0;0;0;0;0;0;0;
FILTRE;2014;750200024;750806853;DECLA;0;0;0;0;0;0;0;0;0;0;0;1;0;0;0;0;0;0;0;0;0;0;0;1;0;0;0;0;0;0;0;0;0;0;0;0;0;0;0;
FILTRE;2014;750200024;750806853;INIT;0;0;0;0;0;0;0;0;0;0;0;1;0;0;0;;0;0;0;;;;;;;;;;;;;0;0;0;0;0;0;0;0;
FILTRE;2014;750300014;750000564;DECLA;0;1;0;0;0;0;0;1;0;0;1;0;0;0;0;0;0;0;1;0;0;0;1;1;1;1;0;0;0;0;0;0;0;1;0;0;0;0;0;
FILTRE;2014;750300014;750000564;INIT;0;1;0;0;0;0;0;1;0;0;1;0;0;0;0;;0;0;1;;;;;;;;;;;;;0;0;1;0;0;0;0;0;
FILTRE;2014;750300071;750000598;DECLA;1;1;0;0;0;0;1;1;0;0;0;0;0;0;0;0;0;0;1;1;0;0;0;1;1;1;0;0;0;0;0;0;1;1;0;0;0;0;0;
FILTRE;2014;750300071;750000598;INIT;1;1;0;0;0;0;1;1;0;0;1;0;0;0;0;;0;0;1;;;;;;;;;;;;;0;1;1;0;0;0;0;0;
FILTRE;2014;750300089;750000606;DECLA;0;1;0;0;0;0;0;1;0;0;0;0;0;0;0;1;0;0;1;1;0;0;0;1;1;1;0;0;0;0;0;0;0;0;0;0;0;0;0;
FILTRE;2014;750300089;750000606;INIT;0;1;0;0;0;0;0;1;0;0;0;0;0;0;0;;0;0;1;;;;;;;;;;;;;0;0;0;0;0;0;0;0;
FILTRE;2014;750300097;750813305;DECLA;0;1;0;0;0;0;0;1;0;0;0;0;0;0;0;0;0;0;1;1;0;1;0;1;1;1;0;0;0;0;0;0;0;1;0;0;0;0;0;
FILTRE;2014;750300097;750813305;INIT;0;1;0;0;0;0;0;1;0;0;0;0;0;0;0;;0;0;1;;;;;;;;;;;;;0;0;1;0;0;0;0;0;
FILTRE;2014;750300121;750052037;DECLA;1;1;0;0;0;0;1;1;0;0;1;0;0;0;0;0;0;0;1;1;0;0;0;1;1;1;0;0;0;0;0;0;0;1;0;0;0;0;0;
FILTRE;2014;750300121;750052037;INIT;1;1;0;0;0;0;1;1;0;0;1;0;0;0;0;;0;0;1;;;;;;;;;;;;;0;0;1;0;0;0;0;0;
FILTRE;2014;750300139;750000655;DECLA;1;1;0;0;0;0;1;1;0;0;1;1;0;0;0;0;0;0;1;1;0;1;0;1;1;1;0;0;0;0;0;0;1;1;0;0;0;0;0;
FILTRE;2014;750300139;750000655;INIT;1;1;0;0;0;0;1;1;0;0;1;1;0;0;0;;0;0;1;;;;;;;;;;;;;0;0;1;0;0;0;0;0;
FILTRE;2014;750300154;750000671;DECLA;1;1;0;0;0;0;1;1;0;0;0;1;0;0;0;0;0;0;1;1;0;1;1;1;1;1;0;0;0;0;0;1;1;1;0;0;0;0;0;
FILTRE;2014;750300154;750000671;INIT;1;1;0;0;0;0;1;1;0;0;1;1;0;0;0;;0;0;1;;;;;;;;;;;;;1;0;1;0;0;0;0;0;
FILTRE;2014;750300220;750054827;DECLA;1;1;0;0;0;0;1;1;0;0;0;0;0;0;0;0;0;0;1;1;0;0;0;1;1;1;0;0;0;0;0;0;0;0;0;0;0;0;0;
FILTRE;2014;750300220;750054827;INIT;0;1;0;0;1;0;0;1;0;0;0;0;1;0;0;;0;0;1;;;;;;;;;;;;;0;0;0;0;0;0;0;0;
FILTRE;2014;750300360;750026569;DECLA;1;1;0;0;1;0;1;1;0;1;1;0;0;0;0;1;0;0;1;1;0;1;0;1;1;1;0;0;0;1;0;0;1;1;0;0;0;0;0;
FILTRE;2014;750300360;750026569;INIT;1;1;0;0;1;0;1;1;0;1;1;0;0;0;0;;0;0;1;;;;;;;;;;;;;0;0;1;0;0;0;0;0;
FILTRE;2014;750300410;750000770;DECLA;1;1;1;0;0;0;1;1;0;0;0;0;1;0;0;0;0;0;1;1;0;0;0;1;1;1;1;0;0;0;0;0;0;0;0;0;0;0;0;
FILTRE;2014;750300410;750000770;INIT;0;1;1;0;0;0;0;1;0;0;0;0;1;0;0;;0;0;1;;;;;;;;;;;;;0;0;1;0;0;0;0;0;
FILTRE;2014;750300493;750000796;DECLA;0;1;0;0;0;0;1;1;0;0;0;0;0;0;0;0;0;0;1;1;0;0;0;1;1;1;0;0;0;0;0;0;0;1;0;0;0;0;0;
FILTRE;2014;750300493;750000796;INIT;0;1;0;0;0;0;0;1;0;0;0;0;0;0;0;;0;0;1;;;;;;;;;;;;;0;0;1;0;0;0;0;0;
FILTRE;2014;750300550;750000812;DECLA;0;1;0;0;0;0;1;1;0;0;0;0;0;0;0;0;0;0;1;0;0;0;0;1;1;1;0;0;0;0;0;0;0;1;0;0;0;0;0;
FILTRE;2014;750300550;750000812;INIT;0;1;0;0;0;0;0;1;0;0;0;0;0;0;0;;0;0;1;;;;;;;;;;;;;0;0;1;0;0;0;0;0;
FILTRE;2014;750300592;750000820;DECLA;0;1;0;0;0;0;0;1;0;0;0;0;0;0;0;0;0;0;1;1;0;1;0;1;1;1;0;0;0;0;0;0;1;1;0;0;0;0;0;
FILTRE;2014;750300592;750000820;INIT;0;1;0;0;0;0;0;1;0;0;0;0;0;0;0;;0;0;1;;;;;;;;;;;;;0;0;1;0;0;0;0;0;
FILTRE;2014;750300667;750000838;DECLA;1;0;1;0;0;0;0;0;0;0;0;0;0;0;0;0;0;0;1;0;0;0;0;1;0;0;0;0;0;0;0;0;0;0;0;0;0;0;0;
FILTRE;2014;750300667;750000838;INIT;0;0;1;0;0;0;0;0;0;0;0;0;0;0;0;;0;0;0;;;;;;;;;;;;;0;0;0;0;0;0;0;0;
FILTRE;2014;750300741;750000861;DECLA;0;1;0;0;0;0;0;1;0;0;0;0;0;0;0;0;0;0;1;0;0;0;0;1;0;1;0;0;0;0;0;0;0;0;0;0;0;0;0;
FILTRE;2014;750300741;750000861;INIT;0;1;0;0;0;0;0;1;0;0;0;0;0;0;0;;0;0;1;;;;;;;;;;;;;0;0;0;0;0;0;0;0;
FILTRE;2014;750300766;750056145;DECLA;1;1;0;0;1;0;1;1;0;0;1;0;0;0;0;0;0;0;1;1;0;0;0;1;1;1;0;0;0;1;0;0;1;1;0;0;0;0;0;
FILTRE;2014;750300766;750056145;INIT;1;1;0;0;1;0;1;1;0;0;1;0;0;0;0;;0;0;1;;;;;;;;;;;;;0;0;1;0;0;0;0;0;
FILTRE;2014;750300774;750000895;DECLA;0;1;0;0;0;0;1;1;0;0;0;0;0;0;0;1;0;0;1;1;0;0;0;1;1;1;0;0;1;0;0;0;0;0;0;0;0;0;0;
FILTRE;2014;750300774;750000895;INIT;0;1;0;0;0;0;0;1;0;0;0;0;0;0;0;;0;0;1;;;;;;;;;;;;;0;0;0;0;0;0;0;0;
FILTRE;2014;750300840;750000903;DECLA;0;1;1;0;0;0;1;1;0;0;0;0;1;0;0;0;0;0;1;0;0;0;0;1;1;1;0;0;0;0;0;0;0;1;0;0;0;0;0;
FILTRE;2014;750300840;750000903;INIT;0;1;1;0;0;0;0;1;0;0;0;0;1;0;0;;0;0;1;;;;;;;;;;;;;0;0;1;0;0;0;0;0;
FILTRE;2014;750300857;750000911;DECLA;0;1;0;0;0;0;0;1;0;0;0;0;0;0;0;0;0;0;1;1;0;0;0;1;1;1;0;0;0;0;0;0;0;0;0;0;0;0;0;
FILTRE;2014;750300857;750000911;INIT;0;1;0;0;0;0;0;1;0;0;0;0;0;0;0;;0;0;1;;;;;;;;;;;;;0;0;0;0;0;0;0;0;
FILTRE;2014;750300881;750000937;DECLA;0;1;0;0;0;0;0;1;0;0;0;0;0;0;0;0;0;0;1;1;0;0;0;1;1;1;0;0;0;0;0;0;0;1;0;0;0;0;0;
FILTRE;2014;750300881;750000937;INIT;0;1;0;0;0;0;0;1;0;0;1;0;0;0;0;;0;0;1;;;;;;;;;;;;;0;0;1;0;0;0;0;0;
FILTRE;2014;750300915;750000960;DECLA;1;1;0;0;0;0;1;1;0;0;0;1;0;0;0;0;0;0;1;1;0;1;0;1;1;1;0;0;0;0;0;0;1;1;0;0;0;0;0;
FILTRE;2014;750300915;750000960;INIT;1;1;0;0;0;0;1;1;0;0;0;1;0;0;0;;0;0;1;;;;;;;;;;;;;0;0;1;0;0;0;0;0;
FILTRE;2014;750300931;750000978;DECLA;0;1;1;0;0;0;0;1;0;0;0;0;1;0;0;0;0;0;1;0;0;0;0;1;0;1;0;0;0;0;0;0;0;0;0;0;0;0;0;
FILTRE;2014;750300931;750000978;INIT;0;0;1;0;0;0;0;1;0;0;0;0;1;0;0;;0;0;1;;;;;;;;;;;;;0;0;0;0;0;0;0;0;
FILTRE;2014;750301137;750001034;DECLA;1;1;0;0;0;0;1;1;0;0;1;0;0;0;0;0;0;0;1;1;0;1;1;1;1;1;0;0;0;0;0;1;1;1;0;0;0;0;1;
FILTRE;2014;750301137;750001034;INIT;1;1;0;0;0;0;1;1;0;0;1;0;0;0;0;;0;0;1;;;;;;;;;;;;;1;0;1;0;0;0;0;0;
FILTRE;2014;750301145;750001042;DECLA;1;1;1;0;0;0;1;1;0;0;1;0;1;0;0;0;0;0;1;0;0;0;0;1;1;1;0;0;0;0;0;0;1;1;0;0;0;0;0;
FILTRE;2014;750301145;750001042;INIT;1;1;0;0;0;0;1;1;0;0;1;0;1;0;0;;0;0;1;;;;;;;;;;;;;0;0;1;0;0;0;0;0;
FILTRE;2014;750301152;750047136;DECLA;0;1;0;0;0;0;0;1;0;0;0;0;0;0;0;;0;0;1;;;;;;;;;;0;;;0;0;0;0;0;0;0;0;
FILTRE;2014;750301152;750047136;INIT;0;1;0;0;0;0;0;1;0;0;0;0;0;0;0;;0;0;1;;;;;;;;;;;;;0;0;0;0;0;0;0;0;
FILTRE;2014;750301160;750001067;DECLA;0;1;0;0;0;0;0;1;0;0;0;0;0;0;0;0;0;0;1;1;1;0;0;0;0;0;0;0;0;0;0;0;1;0;0;0;0;0;0;
FILTRE;2014;750301160;750001067;INIT;0;1;0;0;0;0;0;1;0;0;0;0;0;0;0;;0;0;1;;;;;;;;;;;;;0;0;0;0;0;0;0;0;
FILTRE;2014;750310013;750043994;DECLA;0;0;0;1;0;0;0;0;0;0;0;0;0;0;0;0;0;0;0;0;0;0;0;1;0;1;0;0;0;0;0;0;0;0;0;0;0;0;0;
FILTRE;2014;750310013;750043994;INIT;0;0;0;1;0;0;0;0;0;0;0;0;0;0;0;;0;0;0;;;;;;;;;;;;;0;0;0;0;0;0;0;0;
FILTRE;2014;750700015;750720609;DECLA;0;0;0;0;1;0;0;0;0;0;0;0;0;0;0;0;0;0;0;0;0;0;0;1;0;1;0;0;0;0;1;0;0;0;0;0;0;0;0;
FILTRE;2014;750700015;750720609;INIT;0;0;0;0;1;0;0;0;0;0;0;0;0;0;0;;0;0;0;;;;;;;;;;;;;0;0;0;0;0;0;0;0;
FILTRE;2014;750710782;750001190;DECLA;0;0;0;0;0;0;0;0;1;0;0;0;0;0;0;0;0;0;0;0;0;0;0;0;0;0;0;0;0;0;1;0;0;0;0;0;0;0;0;
FILTRE;2014;750710782;750001190;INIT;0;0;0;0;0;0;0;0;1;0;0;0;0;0;0;;0;0;0;;;;;;;;;;;;;0;0;0;0;0;0;0;0;
FILTRE;2014;750719361;750719361;DECLA;0;0;0;1;0;0;0;0;1;0;0;0;0;0;0;0;0;0;0;0;0;0;0;1;1;1;0;0;0;0;0;0;0;0;0;0;0;0;0;
FILTRE;2014;750719361;750719361;INIT;0;0;0;1;0;0;0;0;1;0;0;0;0;0;0;;0;0;0;;;;;;;;;;;;;0;0;0;0;0;0;0;0;
FILTRE;2014;750720674;750720674;DECLA;0;0;0;0;0;0;0;0;1;0;0;0;0;0;0;0;0;0;0;0;0;0;0;0;0;0;0;0;0;0;1;0;0;0;0;0;0;0;0;
FILTRE;2014;750720674;750720674;INIT;0;0;0;1;0;0;0;0;1;0;0;0;0;0;0;;0;0;0;;;;;;;;;;;;;0;0;0;0;0;0;0;0;
FILTRE;2014;750790164;750008310;DECLA;0;1;0;0;0;0;0;1;0;0;0;0;0;0;0;0;0;0;1;0;0;0;0;0;0;0;0;0;0;0;0;0;0;0;0;0;0;0;0;
FILTRE;2014;750790164;750008310;INIT;0;0;0;0;0;0;0;1;0;0;0;0;0;0;0;;0;0;1;;;;;;;;;;;;;0;0;0;0;0;0;0;0;
FILTRE;2014;750801441;750712184;DECLA;1;0;0;0;1;1;1;0;0;0;0;0;0;0;0;0;0;0;0;1;0;0;0;1;0;1;1;1;0;0;0;0;0;0;0;0;0;0;0;
FILTRE;2014;750801441;750712184;INIT;1;0;0;0;1;1;1;0;0;0;0;0;0;0;0;;0;0;0;;;;;;;;;;;;;0;0;0;0;0;0;0;0;
FILTRE;2014;750802316;750720492;DECLA;0;0;0;0;0;0;0;0;1;0;0;0;0;0;0;0;0;0;0;0;0;0;0;0;0;0;0;0;0;0;0;0;0;0;0;0;0;0;0;
FILTRE;2014;750802316;750720492;INIT;0;0;0;0;0;0;0;0;1;0;0;0;0;0;0;;0;0;0;;;;;;;;;;;;;0;0;0;0;0;0;0;0;
FILTRE;2014;750802985;750802985;DECLA;0;0;0;1;0;0;0;0;1;0;0;0;0;0;0;0;0;0;0;0;0;0;0;0;0;0;0;0;0;0;0;0;0;0;0;0;0;0;0;
FILTRE;2014;750802985;750802985;INIT;0;0;0;1;0;0;0;0;1;0;0;0;0;0;0;;0;0;0;;;;;;;;;;;;;0;0;0;0;0;0;0;0;
FILTRE;2014;750803447;750712184;DECLA;1;1;1;0;0;0;1;1;1;1;1;1;1;0;0;1;1;0;1;1;1;1;1;1;1;1;1;1;1;1;0;1;1;1;0;0;1;0;1;
FILTRE;2014;750803447;750712184;INIT;1;1;0;0;0;0;1;1;0;1;1;1;1;0;0;;1;0;1;;;;;;;;;;;;;1;1;1;0;0;1;0;1;
FILTRE;2014;750803454;750712184;DECLA;1;1;1;1;0;0;1;1;1;0;1;1;1;1;0;0;1;1;1;1;1;1;0;1;1;1;1;0;1;0;1;0;1;1;0;0;1;0;0;
FILTRE;2014;750803454;750712184;INIT;1;1;1;1;0;0;1;1;1;0;1;1;1;0;0;;1;1;1;;;;;;;;;;;;;0;1;1;0;0;1;0;0;
FILTRE;2014;750806226;750712184;DECLA;0;0;0;0;0;0;0;0;0;0;1;0;0;0;1;1;0;0;0;0;0;0;0;1;0;1;0;0;0;0;1;0;0;0;0;0;0;0;0;
FILTRE;2014;750806226;750712184;INIT;0;0;0;0;0;0;0;0;0;0;0;0;0;0;1;;0;0;0;;;;;;;;;;;;;0;0;0;0;0;0;0;0;
FILTRE;2014;750808578;750813032;DECLA;1;1;0;0;1;0;0;0;0;0;0;0;0;0;0;0;0;0;1;1;0;0;0;1;1;1;0;1;0;0;0;0;0;0;0;0;0;0;0;
FILTRE;2014;750808578;750813032;INIT;1;1;0;0;1;0;0;0;0;0;0;0;0;0;0;;0;0;1;;;;;;;;;;;;;0;0;0;0;0;0;0;0;
FILTRE;2014;750813016;750001711;DECLA;0;0;0;0;0;0;0;0;1;0;0;0;0;0;0;0;0;0;0;0;0;0;0;0;0;0;0;0;0;0;0;0;0;0;0;0;0;0;0;
FILTRE;2014;750813016;750001711;INIT;0;0;0;0;0;0;0;0;1;0;0;0;0;0;0;;0;0;0;;;;;;;;;;;;;0;0;0;0;0;0;0;0;
FILTRE;2014;750814824;330030859;DECLA;0;0;0;0;0;0;0;0;0;0;0;1;0;0;0;0;0;0;0;0;0;0;0;1;0;1;0;0;0;0;0;0;0;0;0;0;0;0;0;
FILTRE;2014;750814824;330030859;INIT;0;0;0;0;0;0;0;0;0;0;0;1;0;0;0;;0;0;0;;;;;;;;;;;;;0;0;0;0;0;0;0;0;
FILTRE;2014;750825184;950000760;DECLA;0;0;0;0;1;0;0;0;0;0;0;0;0;0;0;0;0;0;0;0;0;0;0;0;0;1;0;0;0;0;0;0;0;0;0;0;0;0;0;
FILTRE;2014;750825184;950000760;INIT;0;0;0;0;1;0;0;0;0;0;0;0;0;0;0;;0;0;0;;;;;;;;;;;;;0;0;0;0;0;0;0;0;
FILTRE;2014;750826141;750825960;DECLA;0;0;0;0;0;0;0;0;1;0;0;0;0;0;0;0;0;0;0;0;0;0;0;0;0;0;0;0;0;0;0;0;0;0;0;0;0;0;0;
FILTRE;2014;750826141;750825960;INIT;0;0;0;1;0;0;0;0;1;0;0;0;0;0;0;;0;0;0;;;;;;;;;;;;;0;0;0;0;0;0;0;0;
FILTRE;2014;750827214;750815607;DECLA;0;0;0;0;0;0;0;0;1;0;0;0;0;0;0;0;0;0;0;0;0;0;0;0;0;0;0;0;0;0;1;0;0;0;0;0;0;0;0;
FILTRE;2014;750827214;750815607;INIT;0;0;0;0;0;0;0;0;1;0;0;0;0;0;0;;0;0;0;;;;;;;;;;;;;0;0;0;0;0;0;0;0;
FILTRE;2014;750828618;750806853;DECLA;0;0;0;0;0;0;0;0;0;0;0;1;0;0;0;0;0;0;0;0;0;0;0;1;0;0;0;0;0;0;0;0;0;0;0;0;0;0;0;
FILTRE;2014;750828618;750806853;INIT;0;0;0;0;0;0;0;0;0;0;0;1;0;0;0;;0;0;0;;;;;;;;;;;;;0;0;0;0;0;0;0;0;
FILTRE;2014;750829053;750000655;DECLA;0;0;0;0;0;0;0;0;0;0;0;1;0;0;0;0;0;0;0;0;0;0;0;1;0;0;0;0;0;0;0;0;0;0;0;0;0;0;0;
FILTRE;2014;750829053;750000655;INIT;0;0;0;0;0;0;0;0;0;0;0;1;0;0;0;;0;0;0;;;;;;;;;;;;;0;0;0;0;0;0;0;0;
FILTRE;2014;750831067;750831059;DECLA;0;0;0;0;0;0;0;0;0;0;0;1;0;0;0;0;0;0;0;0;0;0;0;1;1;0;0;0;0;0;0;0;0;0;0;0;0;0;0;
FILTRE;2014;750831067;750831059;INIT;0;0;0;0;0;0;0;0;0;0;0;1;0;0;0;;0;0;0;;;;;;;;;;;;;0;0;0;0;0;0;0;0;
FILTRE;2014;750832750;750719403;DECLA;0;0;0;0;0;0;0;0;1;0;0;0;0;0;0;0;0;0;0;0;0;0;0;0;0;0;0;0;0;0;1;0;0;0;0;0;0;0;0;
FILTRE;2014;750832750;750719403;INIT;0;0;0;0;0;0;0;0;1;0;0;0;0;0;0;;0;0;0;;;;;;;;;;;;;0;0;0;0;0;0;0;0;
FILTRE;2014;760000018;760780023;DECLA;1;1;1;1;1;0;1;1;1;0;1;1;1;0;0;0;1;1;1;1;1;1;1;1;1;1;1;1;1;1;1;1;1;1;0;0;0;0;0;
FILTRE;2014;760000018;760780023;INIT;1;1;1;1;1;0;1;1;1;0;1;1;1;0;0;;1;1;1;;;;;;;;;;;;;0;1;1;0;0;0;0;0;
FILTRE;2014;760000026;760780031;DECLA;0;0;0;0;1;0;0;0;0;0;0;0;0;0;0;0;0;0;0;0;0;0;0;1;0;0;0;1;0;0;1;0;0;0;0;0;0;0;0;
FILTRE;2014;760000026;760780031;INIT;0;0;0;0;1;0;0;0;0;0;0;0;0;0;0;;0;0;0;;;;;;;;;;;;;0;0;0;0;0;0;0;0;
FILTRE;2014;760000034;760780049;DECLA;0;0;0;0;1;0;0;0;0;0;0;0;0;0;0;0;0;0;0;0;0;0;0;1;0;1;0;0;0;0;0;0;0;0;0;0;0;0;0;
FILTRE;2014;760000034;760780049;INIT;0;0;0;0;1;0;0;0;0;0;0;0;0;0;0;;0;0;0;;;;;;;;;;;;;0;0;0;0;0;0;0;0;
FILTRE;2014;760000042;760780056;DECLA;1;0;0;0;1;0;1;0;0;0;0;0;0;0;0;0;1;0;0;1;0;0;0;1;0;0;0;0;0;1;1;0;0;0;0;0;0;0;0;
FILTRE;2014;760000042;760780056;INIT;1;0;0;0;1;0;1;0;0;0;0;0;0;0;0;;1;0;0;;;;;;;;;;;;;0;0;0;0;0;0;0;0;
FILTRE;2014;760000059;760780064;DECLA;1;0;0;0;1;0;1;0;0;0;0;0;0;0;0;0;0;0;0;1;0;0;0;1;0;1;0;1;0;0;1;0;0;0;0;0;0;0;0;
FILTRE;2014;760000059;760780064;INIT;1;0;0;0;1;0;1;0;0;0;0;0;0;0;0;;0;0;0;;;;;;;;;;;;;0;0;0;0;0;0;0;0;
FILTRE;2014;760000133;760780213;DECLA;0;0;0;0;1;0;0;0;0;0;0;0;0;0;0;0;0;0;0;0;0;0;0;1;1;1;0;0;0;0;1;0;0;0;0;0;0;0;0;
FILTRE;2014;760000133;760780213;INIT;0;0;0;0;1;0;0;0;0;0;0;0;0;0;0;;0;0;0;;;;;;;;;;;;;0;0;0;0;0;0;0;0;
FILTRE;2014;760000141;760780239;DECLA;1;0;0;0;1;1;1;0;0;0;0;0;0;0;0;0;1;0;0;1;1;0;0;0;0;1;0;0;0;1;1;0;0;0;0;0;0;0;0;
FILTRE;2014;760000141;760780239;INIT;1;1;0;0;1;1;1;0;0;0;0;0;0;0;0;;1;0;1;;;;;;;;;;;;;0;0;0;0;0;0;0;0;
FILTRE;2014;760000158;760780239;DECLA;1;1;1;1;0;0;1;1;1;0;1;1;1;0;0;0;1;1;1;1;1;1;1;1;1;1;1;1;1;1;1;1;1;1;1;1;1;0;1;
FILTRE;2014;760000158;760780239;INIT;1;1;1;1;0;0;1;1;0;0;1;1;1;0;0;;1;1;1;;;;;;;;;;;;;1;1;1;1;1;1;0;1;
FILTRE;2014;760000166;760780247;DECLA;1;1;0;0;0;0;1;1;0;1;1;0;0;0;0;0;0;0;1;1;1;0;0;1;0;1;1;0;0;1;1;0;1;1;0;0;1;0;0;
FILTRE;2014;760000166;760780247;INIT;1;1;0;0;0;0;1;1;0;1;1;0;0;0;0;;0;0;1;;;;;;;;;;;;;0;0;1;0;0;1;0;0;
FILTRE;2014;760000174;760780254;DECLA;1;0;0;0;1;0;0;0;0;0;0;0;0;0;0;0;0;0;0;0;0;0;0;1;0;1;0;1;0;0;1;0;0;0;0;0;0;0;0;
FILTRE;2014;760000174;760780254;INIT;1;0;0;0;1;0;1;0;1;0;0;0;0;0;0;;0;0;0;;;;;;;;;;;;;0;0;0;0;0;0;0;0;
FILTRE;2014;760000182;760780262;DECLA;1;1;1;0;1;0;1;1;0;0;0;0;1;0;0;0;0;0;1;1;0;0;0;1;1;1;0;0;0;0;0;0;0;0;0;0;0;0;0;
FILTRE;2014;760000182;760780262;INIT;0;1;1;0;1;0;0;1;0;0;0;0;1;0;0;;0;0;1;;;;;;;;;;;;;0;0;0;0;0;0;0;0;
FILTRE;2014;760000190;760780270;DECLA;0;0;0;1;0;0;0;0;1;0;0;0;0;0;0;0;0;0;0;0;0;0;0;1;0;1;1;0;0;0;0;0;0;0;0;0;0;0;0;
FILTRE;2014;760000190;760780270;INIT;0;0;0;1;0;0;0;0;1;0;0;0;0;0;0;;0;0;0;;;;;;;;;;;;;0;0;0;0;0;0;0;0;
FILTRE;2014;760000356;760780726;DECLA;1;0;0;0;1;1;1;0;0;0;0;0;0;0;0;0;0;0;0;1;0;0;0;0;0;0;0;0;0;0;1;0;0;0;0;0;0;0;0;
FILTRE;2014;760000356;760780726;INIT;1;1;0;1;1;1;1;1;0;0;0;0;0;0;0;;0;0;1;;;;;;;;;;;;;0;0;0;0;0;0;0;0;
FILTRE;2014;760000364;760780734;DECLA;1;1;1;0;1;0;1;1;0;0;1;0;1;0;0;0;1;1;1;1;0;1;0;1;0;1;0;0;0;1;1;0;1;0;0;0;0;0;0;
FILTRE;2014;760000364;760780734;INIT;1;1;1;0;1;0;1;0;0;0;0;0;1;0;0;;1;1;1;;;;;;;;;;;;;0;0;0;0;0;0;0;0;
FILTRE;2014;760000372;760780742;DECLA;1;1;1;1;0;0;1;0;1;0;1;0;1;0;0;0;1;1;1;1;0;0;0;1;1;1;1;0;0;1;1;0;0;0;0;0;0;0;0;
FILTRE;2014;760000372;760780742;INIT;1;1;1;1;0;0;1;0;0;0;0;0;1;0;0;;1;1;1;;;;;;;;;;;;;0;0;0;0;0;0;0;0;
FILTRE;2014;760000380;760780759;DECLA;0;0;0;0;1;1;0;0;0;0;0;0;0;0;0;0;0;0;0;0;0;0;0;1;0;1;0;0;0;0;0;0;0;0;0;0;0;0;0;
FILTRE;2014;760000380;760780759;INIT;0;0;0;0;1;1;0;0;0;0;0;0;0;0;0;;0;0;0;;;;;;;;;;;;;0;0;0;0;0;0;0;0;
FILTRE;2014;760000398;760780742;DECLA;0;0;0;0;1;0;0;0;0;0;0;0;0;0;0;0;0;0;0;0;0;0;0;1;0;1;0;0;0;0;1;0;0;0;0;0;0;0;0;
FILTRE;2014;760000398;760780742;INIT;0;0;0;0;1;0;0;0;0;0;0;0;0;0;0;;0;0;0;;;;;;;;;;;;;0;0;0;0;0;0;0;0;
FILTRE;2014;760000463;760024042;DECLA;1;1;1;0;1;0;1;1;0;0;1;1;1;0;1;1;1;1;1;1;1;1;0;1;1;1;0;1;1;1;1;0;1;1;0;0;0;0;0;
FILTRE;2014;760000463;760024042;INIT;1;1;1;0;1;0;1;1;0;0;1;1;1;0;1;;1;1;1;;;;;;;;;;;;;0;1;1;0;0;0;0;0;
FILTRE;2014;760000620;760782227;DECLA;0;0;0;0;1;0;0;0;0;0;0;0;0;0;0;0;0;0;0;0;0;0;0;1;0;0;0;0;0;0;1;0;0;0;0;0;0;0;0;
FILTRE;2014;760000620;760782227;INIT;0;0;0;0;1;0;0;0;0;0;0;0;0;0;0;;0;0;0;;;;;;;;;;;;;0;0;0;0;0;0;0;0;
FILTRE;2014;760000802;760782425;DECLA;0;0;0;0;1;0;0;0;0;0;0;0;0;0;0;0;0;0;0;0;0;0;0;1;1;0;0;0;0;0;1;0;0;0;0;0;0;0;0;
FILTRE;2014;760000802;760782425;INIT;0;0;0;0;1;0;0;0;0;0;0;0;0;0;0;;0;0;0;;;;;;;;;;;;;0;0;0;0;0;0;0;0;
FILTRE;2014;760004143;760004143;DECLA;0;0;0;0;0;0;0;0;1;0;0;0;0;0;0;0;0;0;0;0;0;0;0;0;0;0;0;0;0;0;1;0;0;0;0;0;0;0;0;
FILTRE;2014;760004143;760004143;INIT;0;0;0;0;0;0;0;0;1;0;0;0;0;0;0;;0;0;0;;;;;;;;;;;;;0;0;0;0;0;0;0;0;
FILTRE;2014;760016659;760027359;DECLA;0;0;0;0;0;0;0;0;0;0;0;0;0;0;1;0;0;0;0;0;0;0;0;0;0;0;0;0;0;0;1;0;0;0;0;0;0;0;0;
FILTRE;2014;760016659;760027359;INIT;0;0;0;0;0;0;0;0;0;0;0;0;0;0;1;;0;0;0;;;;;;;;;;;;;0;0;0;0;0;0;0;0;
FILTRE;2014;760017079;760017038;DECLA;0;0;0;0;1;0;0;0;0;0;0;0;0;0;0;1;0;0;0;0;0;0;0;1;0;1;0;0;1;0;0;0;0;0;0;0;0;0;0;
FILTRE;2014;760017079;760017038;INIT;0;0;0;0;1;0;0;0;0;0;0;0;0;0;0;;0;0;0;;;;;;;;;;;;;0;0;0;0;0;0;0;0;
FILTRE;2014;760020529;760000257;DECLA;0;0;0;0;0;0;0;0;0;0;0;0;0;0;1;0;0;0;0;0;0;0;0;1;0;1;0;0;0;0;0;0;0;0;0;0;0;0;0;
FILTRE;2014;760020529;760000257;INIT;0;0;0;0;0;0;0;0;0;0;0;0;0;0;1;;0;0;0;;;;;;;;;;;;;0;0;0;0;0;0;0;0;
FILTRE;2014;760021329;760000448;DECLA;1;1;1;0;1;0;1;1;0;0;1;1;1;0;1;0;1;0;1;1;0;1;1;1;1;1;0;0;0;1;1;1;1;1;0;0;0;0;0;
FILTRE;2014;760021329;760000448;INIT;1;1;1;0;1;0;1;1;0;0;1;1;1;0;1;;1;0;1;;;;;;;;;;;;;1;0;1;0;0;0;0;0;
FILTRE;2014;760023671;760780239;DECLA;0;0;0;0;0;1;0;0;0;0;0;0;0;0;0;0;0;0;0;0;0;0;0;0;0;0;0;0;0;0;1;0;0;0;0;0;0;0;0;
FILTRE;2014;760023671;760780239;INIT;0;0;0;0;0;1;0;0;0;0;0;0;0;0;0;;0;0;0;;;;;;;;;;;;;0;0;0;0;0;0;0;0;
FILTRE;2014;760025312;760000315;DECLA;1;1;1;0;0;0;1;1;0;0;1;0;1;0;0;0;0;0;1;0;0;1;1;1;1;1;0;0;0;1;0;0;1;1;0;0;0;0;0;
FILTRE;2014;760025312;760000315;INIT;1;1;1;0;0;0;1;1;0;0;1;0;1;0;0;;0;0;1;;;;;;;;;;;;;0;0;1;0;0;0;0;0;
FILTRE;2014;760025619;140000852;DECLA;0;0;0;0;0;0;0;0;0;0;0;1;0;0;0;0;0;0;0;0;0;0;0;0;0;0;0;0;0;0;0;0;0;0;0;0;0;0;0;
FILTRE;2014;760025619;140000852;INIT;0;0;0;0;0;0;0;0;0;0;0;1;0;0;0;;0;0;0;;;;;;;;;;;;;0;0;0;0;0;0;0;0;
FILTRE;2014;760025668;140000852;DECLA;0;0;0;0;0;0;0;0;0;0;0;1;0;0;0;0;0;0;0;0;0;0;0;0;0;0;0;0;0;0;0;0;0;0;0;0;0;0;0;
FILTRE;2014;760025668;140000852;INIT;0;0;0;0;0;0;0;0;0;0;0;1;0;0;0;;0;0;0;;;;;;;;;;;;;0;0;0;0;0;0;0;0;
FILTRE;2014;760025718;140000852;DECLA;0;0;0;0;0;0;0;0;0;0;0;1;0;0;0;0;0;0;0;0;0;0;0;0;0;0;0;0;0;0;0;0;0;0;0;0;0;0;0;
FILTRE;2014;760025718;140000852;INIT;0;0;0;0;0;0;0;0;0;0;0;1;0;0;0;;0;0;0;;;;;;;;;;;;;0;0;0;0;0;0;0;0;
FILTRE;2014;760025759;140000852;DECLA;0;0;0;0;0;0;0;0;0;0;0;1;0;0;0;0;0;0;0;0;0;0;0;0;0;0;0;0;0;0;0;0;0;0;0;0;0;0;0;
FILTRE;2014;760025759;140000852;INIT;0;0;0;0;0;0;0;0;0;0;0;1;0;0;0;;0;0;0;;;;;;;;;;;;;0;0;0;0;0;0;0;0;
FILTRE;2014;760025809;140000852;DECLA;0;0;0;0;0;0;0;0;0;0;0;1;0;0;0;0;0;0;0;0;0;0;0;0;0;0;0;0;0;0;0;0;0;0;0;0;0;0;0;
FILTRE;2014;760025809;140000852;INIT;0;0;0;0;0;0;0;0;0;0;0;1;0;0;0;;0;0;0;;;;;;;;;;;;;0;0;0;0;0;0;0;0;
FILTRE;2014;760025858;140000852;DECLA;0;0;0;0;0;0;0;0;0;0;0;1;0;0;0;0;0;0;0;0;0;0;0;0;0;0;0;0;0;0;0;0;0;0;0;0;0;0;0;
FILTRE;2014;760025858;140000852;INIT;0;0;0;0;0;0;0;0;0;0;0;1;0;0;0;;0;0;0;;;;;;;;;;;;;0;0;0;0;0;0;0;0;
FILTRE;2014;760025908;140000852;DECLA;0;0;0;0;0;0;0;0;0;0;0;1;0;0;0;0;0;0;0;0;0;0;0;0;0;0;0;0;0;0;0;0;0;0;0;0;0;0;0;
FILTRE;2014;760025908;140000852;INIT;0;0;0;0;0;0;0;0;0;0;0;1;0;0;0;;0;0;0;;;;;;;;;;;;;0;0;0;0;0;0;0;0;
FILTRE;2014;760026088;140000852;DECLA;0;0;0;0;0;0;0;0;0;0;0;1;0;0;0;0;0;0;0;0;0;0;0;0;0;0;0;0;0;0;0;0;0;0;0;0;0;0;0;
FILTRE;2014;760026088;140000852;INIT;0;0;0;0;0;0;0;0;0;0;0;1;0;0;0;;0;0;0;;;;;;;;;;;;;0;0;0;0;0;0;0;0;
FILTRE;2014;760026138;140000852;DECLA;0;0;0;0;0;0;0;0;0;0;0;1;0;0;0;0;0;0;0;0;0;0;0;0;0;0;0;0;0;0;0;0;0;0;0;0;0;0;0;
FILTRE;2014;760026138;140000852;INIT;0;0;0;0;0;0;0;0;0;0;0;1;0;0;0;;0;0;0;;;;;;;;;;;;;0;0;0;0;0;0;0;0;
FILTRE;2014;760026252;760780023;DECLA;0;0;0;0;0;0;0;0;0;0;0;0;0;0;0;0;0;1;0;0;0;0;0;0;0;0;0;0;0;0;0;0;0;0;0;0;0;0;0;
FILTRE;2014;760026674;750035578;DECLA;0;0;0;1;0;0;0;0;1;0;0;0;0;0;0;0;0;0;0;0;0;0;0;0;0;0;0;0;0;0;0;0;0;0;0;0;0;0;0;
FILTRE;2014;760026674;750035578;INIT;0;0;0;1;0;0;0;0;1;0;0;0;0;0;0;;0;0;0;;;;;;;;;;;;;0;0;0;0;0;0;0;0;
FILTRE;2014;760027292;760027300;DECLA;1;1;0;0;1;0;1;1;0;0;1;0;0;0;0;0;0;0;1;1;0;0;0;1;1;1;0;0;0;0;0;0;1;1;0;0;0;0;0;
FILTRE;2014;760027292;760027300;INIT;1;1;0;0;1;0;1;1;0;0;1;0;0;0;0;;0;0;1;;;;;;;;;;;;;0;0;1;0;0;0;0;0;
FILTRE;2014;760027938;760027359;DECLA;0;0;0;0;0;0;0;0;0;0;0;0;0;0;1;0;0;0;0;0;0;0;0;0;0;0;0;0;0;0;1;0;0;0;0;0;0;0;0;
FILTRE;2014;760027938;760027359;INIT;0;0;0;0;0;0;0;0;0;0;0;0;0;0;1;;0;0;0;;;;;;;;;;;;;0;0;0;0;0;0;0;0;
FILTRE;2014;760028985;760012039;DECLA;0;0;0;0;0;0;0;0;0;1;0;0;0;0;0;0;0;0;0;0;0;0;0;0;0;0;0;0;0;0;0;0;0;0;0;0;0;0;0;
FILTRE;2014;760028985;760012039;INIT;0;0;0;0;0;0;0;0;0;1;0;0;0;0;0;;0;0;0;;;;;;;;;;;;;0;0;0;0;0;0;0;0;
FILTRE;2014;760028993;760921429;DECLA;0;0;0;0;0;0;0;0;0;1;0;0;0;0;0;0;0;0;0;0;0;0;0;0;0;0;0;0;0;0;0;0;0;0;0;0;0;0;0;
FILTRE;2014;760028993;760921429;INIT;0;0;0;0;0;0;0;0;0;1;0;0;0;0;0;;0;0;0;;;;;;;;;;;;;0;0;0;0;0;0;0;0;
FILTRE;2014;760029017;750056293;DECLA;0;0;0;0;1;0;0;0;0;0;0;0;0;0;0;0;0;0;0;0;0;0;0;0;0;0;0;0;0;0;0;0;0;0;0;0;0;0;0;
FILTRE;2014;760029017;750056293;INIT;0;0;0;0;1;0;0;0;0;0;0;0;0;0;0;;0;0;0;;;;;;;;;;;;;0;0;0;0;0;0;0;0;
FILTRE;2014;760033803;760780213;DECLA;0;0;0;0;0;1;0;0;0;0;0;0;0;0;0;0;0;0;0;0;0;0;0;0;0;0;0;0;0;0;0;0;0;0;0;0;0;0;0;
FILTRE;2014;760033803;760780213;INIT;0;0;0;0;0;1;0;0;0;0;0;0;0;0;0;;0;0;0;;;;;;;;;;;;;0;0;0;0;0;0;0;0;
FILTRE;2014;760780130;760000091;DECLA;0;0;0;0;1;0;1;0;0;0;0;0;0;0;0;0;0;0;0;0;0;0;0;1;0;0;0;1;0;0;1;0;0;0;0;0;0;0;0;
FILTRE;2014;760780130;760000091;INIT;1;0;0;0;1;0;1;0;0;0;0;0;0;0;0;;0;0;0;;;;;;;;;;;;;0;0;0;0;0;0;0;0;
FILTRE;2014;760780197;760000117;DECLA;0;1;1;0;0;0;1;1;0;0;1;0;1;0;0;0;0;0;1;0;0;0;0;1;0;1;0;0;0;0;0;0;0;1;0;0;0;0;0;
FILTRE;2014;760780197;760000117;INIT;0;1;1;0;0;0;0;1;0;0;0;0;1;0;0;;0;0;1;;;;;;;;;;;;;0;0;1;0;0;0;0;0;
FILTRE;2014;760780205;760000125;DECLA;0;1;0;0;0;0;0;1;0;0;0;0;0;0;0;0;0;0;1;1;0;0;0;1;1;1;0;0;0;0;0;0;0;1;0;0;0;0;0;
FILTRE;2014;760780205;760000125;INIT;0;1;0;0;0;0;0;1;0;0;0;0;1;0;0;;0;0;1;;;;;;;;;;;;;0;0;1;0;0;0;0;0;
FILTRE;2014;760780288;750005068;DECLA;0;0;0;0;0;0;0;0;1;0;0;0;0;0;0;0;0;0;0;0;0;0;0;0;0;1;0;0;0;0;1;0;0;0;0;0;0;0;0;
FILTRE;2014;760780288;750005068;INIT;0;0;0;1;0;0;0;0;1;0;0;0;0;0;0;;0;0;0;;;;;;;;;;;;;0;0;0;0;0;0;0;0;
FILTRE;2014;760780510;760000257;DECLA;1;1;0;0;0;0;1;1;0;0;1;0;0;0;0;0;1;0;1;1;0;1;0;1;1;1;0;0;0;1;0;0;1;1;0;0;0;0;0;
FILTRE;2014;760780510;760000257;INIT;1;1;0;0;0;0;1;1;0;0;1;0;0;0;0;;1;0;1;;;;;;;;;;;;;0;0;1;0;0;0;0;0;
FILTRE;2014;760780619;760000307;DECLA;1;1;0;0;1;0;1;1;0;0;1;0;0;0;0;0;0;0;1;1;0;1;1;1;1;1;0;0;0;1;0;1;1;1;0;0;0;0;0;
FILTRE;2014;760780619;760000307;INIT;1;1;0;0;1;0;1;1;0;0;1;0;0;0;0;;0;0;1;;;;;;;;;;;;;1;0;1;0;0;0;0;0;
FILTRE;2014;760780668;760000331;DECLA;0;1;0;0;0;0;0;1;0;0;0;1;0;0;0;0;0;0;1;0;0;0;0;1;1;1;0;0;0;0;0;0;0;0;0;0;0;0;0;
FILTRE;2014;760780668;760000331;INIT;0;1;0;0;0;0;0;1;0;0;0;1;0;0;0;;0;0;1;;;;;;;;;;;;;0;0;0;0;0;0;0;0;
FILTRE;2014;760780676;750808529;DECLA;0;0;0;0;1;0;0;0;0;0;0;0;0;0;0;0;0;0;0;0;0;0;0;0;0;0;0;0;0;0;1;0;0;0;0;0;0;0;0;
FILTRE;2014;760780676;750808529;INIT;0;0;0;0;1;0;0;0;0;0;0;0;0;0;0;;0;0;0;;;;;;;;;;;;;0;0;0;0;0;0;0;0;
FILTRE;2014;760780692;760025734;DECLA;0;0;0;0;1;0;0;0;0;0;0;0;0;0;0;0;0;0;0;0;0;0;0;1;0;1;0;0;0;0;0;0;0;0;0;0;0;0;0;
FILTRE;2014;760780692;760025734;INIT;0;0;0;0;1;0;0;0;0;0;0;0;0;0;0;;0;0;0;;;;;;;;;;;;;0;0;0;0;0;0;0;0;
FILTRE;2014;760780783;760000406;DECLA;0;1;0;0;0;0;0;1;0;0;0;0;0;0;0;0;0;0;1;0;0;1;0;1;1;1;0;0;0;0;0;0;1;1;0;0;0;0;0;
FILTRE;2014;760780783;760000406;INIT;0;1;0;0;0;0;0;1;0;0;0;0;0;0;0;;0;0;1;;;;;;;;;;;;;0;0;1;0;0;0;0;0;
FILTRE;2014;760780791;760000414;DECLA;1;1;1;0;0;0;1;1;0;1;1;0;1;0;0;0;1;0;1;0;0;1;0;1;1;1;0;0;0;1;0;0;1;1;0;0;0;0;0;
FILTRE;2014;760780791;760000414;INIT;1;1;0;0;0;0;1;1;0;1;1;0;1;0;0;;1;0;1;;;;;;;;;;;;;0;0;1;0;0;0;0;0;
FILTRE;2014;760780825;760000430;DECLA;0;1;0;0;0;0;0;1;0;0;0;0;0;0;0;0;0;0;1;0;0;0;0;1;1;1;0;0;0;0;0;0;0;1;0;0;0;0;0;
FILTRE;2014;760780825;760000430;INIT;0;1;0;0;0;0;0;1;0;0;0;0;0;0;0;;0;0;1;;;;;;;;;;;;;0;0;1;0;0;0;0;0;
FILTRE;2014;760780981;760027342;DECLA;0;0;0;0;1;0;0;0;0;0;0;0;0;0;0;0;0;0;0;0;0;0;0;1;0;1;0;0;0;0;0;0;0;0;0;0;0;0;0;
FILTRE;2014;760780981;760027342;INIT;0;0;0;0;1;0;0;0;0;0;0;0;0;0;0;;0;0;0;;;;;;;;;;;;;0;0;0;0;0;0;0;0;
FILTRE;2014;760781054;930019484;DECLA;0;0;0;0;1;0;0;0;0;0;0;0;0;0;0;1;0;0;0;0;0;0;0;0;0;1;0;0;0;0;0;0;0;0;0;0;0;0;0;
FILTRE;2014;760781054;930019484;INIT;0;0;0;0;1;0;0;0;0;0;0;0;0;0;0;;0;0;0;;;;;;;;;;;;;0;0;0;0;0;0;0;0;
FILTRE;2014;760781070;760780726;DECLA;0;0;0;1;0;0;0;0;1;0;0;0;0;0;0;0;0;0;0;0;0;0;0;0;0;0;0;0;0;0;0;0;0;0;0;0;0;0;0;
FILTRE;2014;760781070;760780726;INIT;0;0;0;1;0;0;0;0;1;0;0;0;0;0;0;;0;0;0;;;;;;;;;;;;;0;0;0;0;0;0;0;0;
FILTRE;2014;760783035;750721334;DECLA;1;0;0;0;1;0;0;0;0;0;0;1;0;0;1;0;0;0;0;0;0;0;0;1;0;0;0;0;0;1;1;0;0;0;0;0;0;0;0;
FILTRE;2014;760783035;750721334;INIT;1;0;0;0;1;0;1;0;0;0;0;1;0;0;1;;0;0;0;;;;;;;;;;;;;0;0;0;0;0;0;0;0;
FILTRE;2014;760783159;760000851;DECLA;1;0;0;0;1;0;0;0;0;0;0;0;0;0;0;0;0;0;0;1;0;0;0;1;0;1;0;0;0;0;0;0;0;0;0;0;0;0;0;
FILTRE;2014;760783159;760000851;INIT;1;0;0;0;1;0;1;0;0;0;0;0;0;0;0;;0;0;0;;;;;;;;;;;;;0;0;0;0;0;0;0;0;
FILTRE;2014;760783522;760780239;DECLA;1;0;0;0;1;0;1;0;0;0;1;1;0;0;0;0;0;0;1;1;0;1;0;0;0;1;0;0;0;1;0;0;1;0;0;0;0;0;0;
FILTRE;2014;760783522;760780239;INIT;1;1;0;0;1;0;1;0;0;0;1;1;0;0;0;;0;0;1;;;;;;;;;;;;;0;0;0;0;0;1;0;0;
FILTRE;2014;760783530;760780239;DECLA;0;0;0;0;1;1;0;0;0;0;0;0;0;0;0;0;0;0;0;1;0;0;0;0;0;0;0;1;0;1;0;0;0;0;0;0;0;0;0;
FILTRE;2014;760783530;760780239;INIT;0;0;0;0;1;1;0;0;0;0;0;0;0;0;0;;0;0;0;;;;;;;;;;;;;0;0;0;0;0;0;0;0;
FILTRE;2014;760783563;760910919;DECLA;0;0;0;1;0;0;0;0;1;0;0;0;0;0;0;0;0;0;0;0;0;0;0;0;0;0;0;0;0;0;0;0;0;0;0;0;0;0;0;
FILTRE;2014;760783563;760910919;INIT;0;0;0;1;0;0;0;0;1;0;0;0;0;0;0;;0;0;0;;;;;;;;;;;;;0;0;0;0;0;0;0;0;
FILTRE;2014;760800938;760780023;DECLA;0;0;0;0;0;1;0;0;1;0;0;0;0;0;0;0;0;0;0;0;0;0;0;0;0;0;0;0;0;0;1;0;0;0;0;0;0;0;0;
FILTRE;2014;760800938;760780023;INIT;0;0;0;0;1;1;0;0;1;0;0;0;0;0;0;;0;0;0;;;;;;;;;;;;;0;0;0;0;0;0;0;0;
FILTRE;2014;760805770;760780726;DECLA;1;1;1;0;1;0;1;1;0;0;1;1;1;0;1;0;1;1;1;1;1;1;1;1;1;1;1;1;1;1;1;1;1;1;0;0;0;0;0;
FILTRE;2014;760805770;760780726;INIT;1;1;1;0;1;0;1;1;0;0;1;1;1;0;1;;1;1;1;;;;;;;;;;;;;1;1;1;0;0;0;0;0;
FILTRE;2014;760806950;760780734;DECLA;0;0;0;0;0;1;0;0;0;0;0;0;0;0;0;0;0;0;0;0;0;0;0;0;0;0;0;0;0;0;0;0;0;0;0;0;0;0;0;
FILTRE;2014;760806950;760780734;INIT;0;0;0;0;0;1;0;0;0;0;0;0;0;0;0;;0;0;0;;;;;;;;;;;;;0;0;0;0;0;0;0;0;
FILTRE;2014;760913137;760009001;DECLA;0;0;0;0;0;0;0;0;1;0;0;0;0;0;0;0;0;0;0;0;0;0;0;0;0;0;0;0;0;0;1;0;0;0;0;0;0;0;0;
FILTRE;2014;760913137;760009001;INIT;0;0;0;0;0;0;0;0;1;0;0;0;0;0;0;;0;0;0;;;;;;;;;;;;;0;0;0;0;0;0;0;0;
FILTRE;2014;760917773;140000852;DECLA;0;0;0;0;0;0;0;0;0;0;0;1;0;0;0;0;0;0;0;0;0;0;0;0;0;0;0;0;0;0;0;0;0;0;0;0;0;0;0;
FILTRE;2014;760917773;140000852;INIT;0;0;0;0;0;0;0;0;0;0;0;1;0;0;0;;0;0;0;;;;;;;;;;;;;0;0;0;0;0;0;0;0;
FILTRE;2014;760920603;760920587;DECLA;0;0;0;0;1;0;0;0;0;0;0;0;0;0;0;0;0;0;0;0;0;0;0;1;0;1;0;0;0;0;0;0;0;0;0;0;0;0;0;
FILTRE;2014;760920603;760920587;INIT;0;0;0;0;1;0;0;0;0;0;0;0;0;0;0;;0;0;0;;;;;;;;;;;;;0;0;0;0;0;0;0;0;
FILTRE;2014;760920918;760000273;DECLA;0;0;0;0;1;0;0;0;0;0;0;0;0;0;0;0;0;0;0;0;0;0;0;1;0;1;0;0;0;0;1;0;0;0;0;0;0;0;0;
FILTRE;2014;760920918;760000273;INIT;0;0;0;0;1;0;0;0;0;0;0;0;0;0;0;;0;0;0;;;;;;;;;;;;;0;0;0;0;0;0;0;0;
FILTRE;2014;760921106;140000852;DECLA;0;0;0;0;0;0;0;0;0;0;0;1;0;0;0;0;0;0;0;0;0;0;0;0;0;0;0;0;0;0;0;0;0;0;0;0;0;0;0;
FILTRE;2014;760921106;140000852;INIT;0;0;0;0;0;0;0;0;0;0;0;1;0;0;0;;0;0;0;;;;;;;;;;;;;0;0;0;0;0;0;0;0;
FILTRE;2014;760921718;140000852;DECLA;0;0;0;0;0;0;0;0;0;0;0;1;0;0;0;0;0;0;0;0;0;0;0;0;0;0;0;0;0;0;0;0;0;0;0;0;0;0;0;
FILTRE;2014;760921718;140000852;INIT;0;0;0;0;0;0;0;0;0;0;0;1;0;0;0;;0;0;0;;;;;;;;;;;;;0;0;0;0;0;0;0;0;
FILTRE;2014;760921809;760000273;DECLA;1;1;0;0;0;0;1;1;0;0;1;1;0;0;0;0;1;0;1;1;0;1;0;1;1;1;1;0;1;1;1;0;1;1;0;0;0;0;0;
FILTRE;2014;760921809;760000273;INIT;1;1;0;0;1;0;1;1;0;0;1;1;0;0;0;;1;0;1;;;;;;;;;;;;;0;0;1;0;0;0;0;0;
FILTRE;2014;770000131;770110013;DECLA;1;1;1;1;1;0;1;1;1;0;1;0;1;0;0;1;1;1;1;1;1;1;1;1;1;1;1;1;0;1;1;0;1;1;0;0;0;0;0;
FILTRE;2014;770000131;770110013;INIT;1;1;1;1;1;0;1;1;1;0;1;0;1;0;0;;1;1;1;;;;;;;;;;;;;0;0;1;0;0;0;0;0;
FILTRE;2014;770000149;770110021;DECLA;1;1;1;0;1;0;1;1;0;0;1;0;1;0;0;1;1;1;1;1;1;1;1;1;1;1;1;1;0;1;1;0;1;1;0;0;0;0;0;
FILTRE;2014;770000149;770110021;INIT;1;1;1;0;1;0;1;1;0;0;1;0;1;0;0;;1;1;1;;;;;;;;;;;;;0;1;1;0;0;0;0;0;
FILTRE;2014;770000156;770110054;DECLA;1;1;1;1;1;1;1;1;1;0;1;1;1;0;0;0;1;1;1;1;1;1;0;1;1;1;1;1;1;1;1;0;1;1;0;0;0;0;0;
FILTRE;2014;770000156;770110054;INIT;1;1;1;1;1;1;1;1;1;0;1;1;1;0;0;;1;1;1;;;;;;;;;;;;;0;1;1;0;0;0;0;0;
FILTRE;2014;770000164;770110062;DECLA;1;1;1;0;1;1;1;1;0;0;1;0;1;0;1;1;1;1;1;1;1;0;0;1;1;1;0;1;1;0;1;0;1;1;0;0;0;0;0;
FILTRE;2014;770000164;770110062;INIT;1;1;1;0;1;1;1;0;0;0;1;0;1;0;1;;1;1;1;;;;;;;;;;;;;0;1;1;0;0;0;0;0;
FILTRE;2014;770000172;770110070;DECLA;1;1;1;1;1;0;1;1;1;0;1;0;1;0;0;1;1;1;1;1;1;1;0;0;1;1;1;1;0;1;1;0;1;0;0;0;0;0;0;
FILTRE;2014;770000172;770110070;INIT;1;1;1;1;1;0;1;1;0;0;0;0;1;0;0;;1;1;1;;;;;;;;;;;;;0;1;0;0;0;0;0;0;
FILTRE;2014;770000180;770130011;DECLA;1;0;0;0;1;0;0;0;0;0;0;0;0;0;0;0;0;0;0;0;0;0;0;1;0;1;0;0;0;0;1;0;0;0;0;0;0;0;0;
FILTRE;2014;770000180;770130011;INIT;1;0;0;0;1;0;1;0;0;0;0;0;0;0;0;;0;0;0;;;;;;;;;;;;;0;0;0;0;0;0;0;0;
FILTRE;2014;770000214;770130052;DECLA;1;0;0;1;1;1;1;0;1;0;1;0;0;0;0;0;1;1;0;1;1;1;0;1;0;1;1;0;1;0;1;0;1;0;0;0;0;0;0;
FILTRE;2014;770000214;770130052;INIT;1;0;0;1;1;1;1;0;1;0;0;0;0;0;0;;1;1;0;;;;;;;;;;;;;0;0;0;0;0;0;0;0;
FILTRE;2014;770000420;770700029;DECLA;0;0;0;0;1;0;0;0;0;0;0;0;0;0;0;0;0;0;0;1;0;0;0;1;0;1;0;0;0;0;0;0;0;0;0;0;0;0;0;
FILTRE;2014;770000420;770700029;INIT;0;0;0;0;1;0;0;0;0;0;0;0;0;0;0;;0;0;0;;;;;;;;;;;;;0;0;0;0;0;0;0;0;
FILTRE;2014;770000446;770700185;DECLA;1;1;1;1;0;0;1;1;1;0;1;1;1;0;1;0;1;1;1;1;1;1;1;1;1;1;0;1;1;1;1;0;1;1;0;0;0;0;0;
FILTRE;2014;770000446;770700185;INIT;1;1;1;1;0;0;1;1;1;0;1;1;1;0;1;;1;1;1;;;;;;;;;;;;;0;1;1;0;0;0;0;0;
FILTRE;2014;770001873;940000060;DECLA;0;0;0;0;0;0;0;0;0;0;0;1;0;0;0;0;0;0;0;0;0;0;0;0;0;0;0;0;0;0;0;0;0;0;0;0;0;0;0;
FILTRE;2014;770001873;940000060;INIT;0;0;0;0;0;0;0;0;0;0;0;1;0;0;0;;0;0;0;;;;;;;;;;;;;0;0;0;0;0;0;0;0;
FILTRE;2014;770003788;770003739;DECLA;0;0;0;0;0;0;0;0;0;1;0;0;0;0;0;0;0;0;0;0;0;0;0;0;0;0;0;0;0;0;0;0;0;0;0;0;0;0;0;
FILTRE;2014;770003788;770003739;INIT;0;0;0;0;0;0;0;0;0;1;0;0;0;0;0;;0;0;0;;;;;;;;;;;;;0;0;0;0;0;0;0;0;
FILTRE;2014;770006138;770020113;DECLA;0;0;0;1;0;0;0;0;1;0;0;0;0;0;0;0;0;0;0;0;0;0;0;1;0;1;0;0;0;0;0;0;0;0;0;0;0;0;0;
FILTRE;2014;770006138;770020113;INIT;0;0;0;1;0;0;0;0;1;0;0;0;0;0;0;;0;0;0;;;;;;;;;;;;;0;0;0;0;0;0;0;0;
FILTRE;2014;770016087;770016137;DECLA;0;0;0;0;0;0;0;0;0;0;0;1;0;0;0;0;0;0;0;0;0;0;0;1;1;0;0;0;0;0;0;0;0;0;0;0;0;0;0;
FILTRE;2014;770016087;770016137;INIT;0;0;0;0;0;0;0;0;0;0;0;1;0;0;0;;0;0;0;;;;;;;;;;;;;0;0;0;0;0;0;0;0;
FILTRE;2014;770016160;750806853;DECLA;0;0;0;0;0;0;0;0;0;0;0;1;0;0;0;0;0;0;0;0;0;0;0;1;0;0;0;0;0;0;0;0;0;0;0;0;0;0;0;
FILTRE;2014;770016160;750806853;INIT;0;0;0;0;0;0;0;0;0;0;0;1;0;0;0;;0;0;0;;;;;;;;;;;;;0;0;0;0;0;0;0;0;
FILTRE;2014;770016467;750043994;DECLA;0;0;0;0;1;0;0;0;0;0;0;0;0;0;0;0;0;0;0;0;0;0;0;1;0;1;0;0;0;0;0;0;0;0;0;0;0;0;0;
FILTRE;2014;770016467;750043994;INIT;0;0;0;0;1;0;0;0;0;0;0;0;0;0;0;;0;0;0;;;;;;;;;;;;;0;0;0;0;0;0;0;0;
FILTRE;2014;770016475;770014207;DECLA;0;0;0;0;0;0;0;0;0;0;0;0;0;0;1;0;0;0;0;0;0;0;0;0;0;0;0;0;0;0;0;0;0;0;0;0;0;0;0;
FILTRE;2014;770016475;770014207;INIT;0;0;0;0;0;0;0;0;0;0;0;0;0;0;1;;0;0;0;;;;;;;;;;;;;0;0;0;0;0;0;0;0;
FILTRE;2014;770016491;770016483;DECLA;0;0;0;0;1;0;0;0;0;0;0;0;0;0;0;1;0;0;0;0;0;0;0;0;0;0;0;0;0;0;0;0;0;0;0;0;0;0;0;
FILTRE;2014;770016491;770016483;INIT;0;0;0;0;1;0;0;0;0;0;0;0;0;0;0;;0;0;0;;;;;;;;;;;;;0;0;0;0;0;0;0;0;
FILTRE;2014;770019032;770170017;DECLA;1;1;1;1;1;0;1;1;1;0;1;0;1;0;0;1;1;1;1;1;1;1;1;1;0;1;0;1;1;1;1;1;1;1;0;1;0;0;0;
FILTRE;2014;770019032;770170017;INIT;1;1;1;1;1;0;1;1;1;1;1;0;1;0;0;;1;1;1;;;;;;;;;;;;;1;1;1;0;0;0;0;0;
FILTRE;2014;770020055;770000271;DECLA;0;0;0;0;0;0;1;0;0;0;0;1;0;0;0;0;0;0;0;0;0;0;0;1;0;1;0;0;0;0;0;0;0;0;0;0;0;0;0;
FILTRE;2014;770020055;770000271;INIT;0;0;0;0;0;0;0;0;0;0;0;1;0;0;0;;0;0;0;;;;;;;;;;;;;0;0;0;0;0;0;0;0;
FILTRE;2014;770150019;770019792;DECLA;1;0;0;0;1;0;1;0;0;1;1;0;0;0;0;0;0;0;1;1;1;1;1;1;1;1;0;0;0;1;1;0;1;0;0;0;0;0;0;
FILTRE;2014;770150019;770019792;INIT;1;0;0;0;1;0;1;0;0;1;1;0;0;0;0;;0;0;0;;;;;;;;;;;;;0;1;0;0;0;0;0;0;
FILTRE;2014;770150027;750720575;DECLA;0;0;0;1;1;0;0;0;1;0;0;0;0;0;0;0;0;0;0;1;0;0;0;1;0;1;0;0;0;0;0;0;0;0;0;0;0;0;0;
FILTRE;2014;770150027;750720575;INIT;0;0;0;1;1;0;0;0;1;0;0;0;0;0;0;;0;0;0;;;;;;;;;;;;;0;0;0;0;0;0;0;0;
FILTRE;2014;770150043;750808529;DECLA;0;0;0;0;1;0;0;0;0;0;0;0;0;0;0;1;0;0;0;0;0;0;0;1;0;1;0;0;0;0;1;0;0;0;0;0;0;0;0;
FILTRE;2014;770150043;750808529;INIT;0;0;0;0;1;0;0;0;0;0;0;0;0;0;0;;0;0;0;;;;;;;;;;;;;0;0;0;0;0;0;0;0;
FILTRE;2014;770300010;770004299;DECLA;1;1;0;0;0;0;1;1;0;0;1;0;1;0;0;0;0;0;1;1;0;1;0;1;0;1;0;0;0;1;0;0;1;1;0;0;0;0;0;
FILTRE;2014;770300010;770004299;INIT;1;1;0;0;0;0;1;1;0;0;1;0;1;0;0;;1;0;1;;;;;;;;;;;;;0;1;1;0;0;0;0;0;
FILTRE;2014;770300135;770000289;DECLA;1;1;0;0;1;0;1;1;0;0;0;0;0;0;0;0;1;0;1;1;0;1;0;1;1;1;0;0;0;0;0;1;1;0;0;0;0;0;0;
FILTRE;2014;770300135;770000289;INIT;1;1;0;0;1;0;1;1;0;0;0;0;0;0;0;;1;0;1;;;;;;;;;;;;;1;0;0;0;0;0;0;0;
FILTRE;2014;770300143;770000362;DECLA;0;1;0;0;0;0;0;1;0;0;1;0;1;0;0;0;0;0;1;0;0;1;0;1;1;1;0;0;0;1;0;0;1;1;0;0;0;0;0;
FILTRE;2014;770300143;770000362;INIT;0;1;0;0;0;0;0;1;0;0;1;0;1;0;0;;0;0;1;;;;;;;;;;;;;0;0;1;0;0;0;0;0;
FILTRE;2014;770300192;770000313;DECLA;0;1;0;0;0;0;0;1;0;0;1;0;1;0;0;0;0;0;1;0;0;1;0;1;1;1;0;0;0;0;0;0;1;1;0;0;0;0;0;
FILTRE;2014;770300192;770000313;INIT;0;1;0;0;0;0;0;1;0;0;1;0;1;0;0;;0;0;1;;;;;;;;;;;;;0;0;1;0;0;0;0;0;
FILTRE;2014;770300218;440052041;DECLA;0;0;0;0;1;0;0;0;0;0;0;0;0;0;0;0;0;0;0;0;0;0;0;1;0;1;0;0;0;0;1;0;0;0;0;0;0;0;0;
FILTRE;2014;770300218;440052041;INIT;0;0;0;0;1;0;0;0;0;0;0;0;0;0;0;;0;0;0;;;;;;;;;;;;;0;0;0;0;0;0;0;0;
FILTRE;2014;770300259;770000347;DECLA;0;0;0;0;1;0;0;0;0;0;0;0;0;0;0;1;0;0;0;0;0;0;0;0;0;0;0;0;0;0;0;0;0;0;0;0;0;0;0;
FILTRE;2014;770300259;770000347;INIT;0;0;0;0;1;0;0;0;0;0;0;0;0;0;0;;0;0;0;;;;;;;;;;;;;0;0;0;0;0;0;0;0;
FILTRE;2014;770300275;770000354;DECLA;0;1;1;0;0;0;1;1;0;0;1;0;1;0;0;0;0;0;1;0;0;1;0;1;1;1;0;0;0;0;0;0;1;1;0;0;0;0;0;
FILTRE;2014;770300275;770000354;INIT;0;1;1;0;0;0;0;1;0;0;1;0;1;0;0;;0;0;1;;;;;;;;;;;;;0;0;1;0;0;0;0;0;
FILTRE;2014;770300283;770000362;DECLA;0;1;0;0;0;0;0;1;0;0;0;0;0;0;0;0;0;0;1;0;0;1;0;1;1;1;0;0;0;0;0;0;1;1;0;0;0;0;0;
FILTRE;2014;770300283;770000362;INIT;0;1;0;0;0;0;0;1;0;0;0;0;0;0;0;;0;0;1;;;;;;;;;;;;;0;0;1;0;0;0;0;0;
FILTRE;2014;770310019;770000370;DECLA;0;0;0;1;0;0;0;0;0;0;0;0;0;0;0;0;0;0;0;0;0;0;0;1;1;1;0;0;0;0;0;0;0;0;0;0;0;0;0;
FILTRE;2014;770310019;770000370;INIT;0;0;0;1;0;0;0;0;0;0;0;0;0;0;0;;0;0;0;;;;;;;;;;;;;0;0;0;0;0;0;0;0;
FILTRE;2014;770310027;770000388;DECLA;0;0;0;1;0;0;0;0;0;0;0;0;0;0;0;0;0;0;0;0;0;0;0;1;0;1;0;0;0;0;0;0;0;0;0;0;0;0;0;
FILTRE;2014;770310027;770000388;INIT;0;0;0;1;0;0;0;0;0;0;0;0;0;0;0;;0;0;0;;;;;;;;;;;;;0;0;0;0;0;0;0;0;
FILTRE;2014;770420024;750042590;DECLA;0;0;0;0;1;0;0;0;0;0;0;0;0;0;0;0;0;0;0;0;0;0;0;1;0;1;0;0;0;0;0;0;0;0;0;0;0;0;0;
FILTRE;2014;770420024;750042590;INIT;0;0;0;0;1;0;0;0;0;0;0;0;0;0;0;;0;0;0;;;;;;;;;;;;;0;0;0;0;0;0;0;0;
FILTRE;2014;770510055;750719270;DECLA;0;0;0;1;0;0;0;0;1;0;0;0;0;0;0;0;0;0;0;0;0;0;0;0;0;0;0;0;0;0;0;0;0;0;0;0;0;0;0;
FILTRE;2014;770510055;750719270;INIT;0;0;0;1;0;0;0;0;1;0;0;0;0;0;0;;0;0;0;;;;;;;;;;;;;0;0;0;0;0;0;0;0;
FILTRE;2014;770630028;750042590;DECLA;0;0;0;0;1;0;0;0;0;0;0;0;0;0;0;0;0;0;0;0;0;0;0;1;0;1;0;0;0;0;0;0;0;0;0;0;0;0;0;
FILTRE;2014;770630028;750042590;INIT;0;0;0;0;1;0;0;0;0;0;0;0;0;0;0;;0;0;0;;;;;;;;;;;;;0;0;0;0;0;0;0;0;
FILTRE;2014;770700011;750042590;DECLA;0;0;0;0;1;0;0;0;0;0;0;0;0;0;1;0;0;0;0;1;0;1;0;1;0;1;0;0;1;0;0;0;0;0;0;0;0;0;0;
FILTRE;2014;770700011;750042590;INIT;0;0;0;0;1;0;0;0;0;0;0;0;0;0;1;;0;0;0;;;;;;;;;;;;;0;0;0;0;0;0;0;0;
FILTRE;2014;770701225;750721334;DECLA;0;0;0;0;1;0;0;0;0;0;0;0;0;0;0;0;0;0;0;0;0;0;0;0;0;0;0;0;0;0;1;0;0;0;0;0;0;0;0;
FILTRE;2014;770701225;750721334;INIT;0;0;0;0;1;0;0;0;0;0;0;0;0;0;0;;0;0;0;;;;;;;;;;;;;0;0;0;0;0;0;0;0;
FILTRE;2014;770790707;770000719;DECLA;1;1;1;0;0;0;1;1;0;0;0;1;1;0;0;0;1;0;1;1;0;1;0;1;1;1;0;0;0;0;0;0;1;1;0;0;0;0;0;
FILTRE;2014;770790707;770000719;INIT;1;1;1;0;0;0;1;1;0;0;0;1;1;0;0;;1;0;1;;;;;;;;;;;;;0;0;1;0;0;0;0;0;
FILTRE;2014;770803708;750806853;DECLA;0;0;0;0;0;0;0;0;0;0;0;1;0;0;0;0;0;0;0;0;0;0;0;1;0;0;0;0;0;0;0;0;0;0;0;0;0;0;0;
FILTRE;2014;770803708;750806853;INIT;0;0;0;0;0;0;0;0;0;0;0;1;0;0;0;;0;0;0;;;;;;;;;;;;;0;0;0;0;0;0;0;0;
FILTRE;2014;770803989;770000925;DECLA;0;0;0;0;1;0;0;0;0;0;0;0;0;0;0;0;0;0;0;1;0;0;0;1;0;1;0;0;0;0;0;0;0;0;0;0;0;0;0;
FILTRE;2014;770803989;770000925;INIT;0;0;0;0;1;0;0;0;0;0;0;0;0;0;0;;0;0;0;;;;;;;;;;;;;0;0;0;0;0;0;0;0;
FILTRE;2014;770809028;770815777;DECLA;0;0;0;0;0;0;0;0;0;0;0;1;0;0;0;0;0;0;0;0;0;0;0;1;1;0;0;0;0;0;0;0;0;0;0;0;0;0;0;
FILTRE;2014;770809028;770815777;INIT;0;0;0;0;0;0;0;0;0;0;0;1;0;0;0;;0;0;0;;;;;;;;;;;;;0;0;0;0;0;0;0;0;
FILTRE;2014;770813400;770001014;DECLA;1;1;0;0;0;0;0;1;0;0;1;0;0;0;0;0;0;0;1;1;0;0;0;1;1;1;0;0;0;1;0;0;1;1;0;0;0;0;0;
FILTRE;2014;770813400;770001014;INIT;1;1;0;0;0;0;1;1;0;0;1;0;0;0;0;;0;0;1;;;;;;;;;;;;;0;0;1;0;0;0;0;0;
FILTRE;2014;770813426;770813418;DECLA;0;0;0;0;0;0;0;0;0;0;0;1;0;0;0;0;0;0;0;0;0;0;0;0;0;0;0;0;0;0;0;0;0;0;0;0;0;0;0;
FILTRE;2014;770813426;770813418;INIT;0;0;0;0;0;0;0;0;0;0;0;1;0;0;0;;0;0;0;;;;;;;;;;;;;0;0;0;0;0;0;0;0;
FILTRE;2014;770813459;940000060;DECLA;0;0;0;0;0;0;0;0;0;0;0;1;0;0;0;0;0;0;0;0;0;0;0;0;0;0;0;0;0;0;0;0;0;0;0;0;0;0;0;
FILTRE;2014;770813459;940000060;INIT;0;0;0;0;0;0;0;0;0;0;0;1;0;0;0;;0;0;0;;;;;;;;;;;;;0;0;0;0;0;0;0;0;
FILTRE;2014;770813814;770130037;DECLA;0;0;0;0;0;1;0;0;0;0;0;0;0;0;0;0;0;0;0;0;0;0;0;1;1;0;0;0;0;0;0;0;0;0;0;0;0;0;0;
FILTRE;2014;770813814;770130037;INIT;0;0;0;0;0;1;0;0;0;0;0;0;0;0;0;;0;0;0;;;;;;;;;;;;;0;0;0;0;0;0;0;0;
FILTRE;2014;770814622;770700185;DECLA;0;0;0;0;1;1;0;0;0;0;0;0;0;0;0;0;0;0;0;0;0;0;0;0;0;0;0;0;0;0;0;0;0;0;0;0;0;0;0;
FILTRE;2014;770814622;770700185;INIT;0;0;0;0;1;1;0;0;0;0;0;0;0;0;0;;0;0;0;;;;;;;;;;;;;0;0;0;0;0;0;0;0;
FILTRE;2014;770814986;940000060;DECLA;0;0;0;0;0;0;0;0;0;0;0;1;0;0;0;0;0;0;0;0;0;0;0;0;0;0;0;0;0;0;0;0;0;0;0;0;0;0;0;
FILTRE;2014;770814986;940000060;INIT;0;0;0;0;0;0;0;0;0;0;0;1;0;0;0;;0;0;0;;;;;;;;;;;;;0;0;0;0;0;0;0;0;
FILTRE;2014;780000287;780110011;DECLA;1;1;1;1;1;1;1;1;1;0;1;0;1;0;0;1;1;1;1;1;1;1;1;1;1;1;0;1;0;1;1;0;1;1;0;0;0;0;0;
FILTRE;2014;780000287;780110011;INIT;1;1;1;1;1;1;1;1;1;0;1;0;1;0;0;;1;1;1;;;;;;;;;;;;;0;1;1;0;0;0;0;0;
FILTRE;2014;780000295;780002697;DECLA;1;1;1;0;0;0;1;1;0;0;1;0;1;0;0;0;1;0;1;1;1;1;1;1;1;1;0;1;1;1;1;0;1;1;0;0;0;0;0;
FILTRE;2014;780000295;780002697;INIT;1;1;1;1;0;0;1;1;0;0;1;0;1;0;0;;1;0;1;;;;;;;;;;;;;0;1;1;0;0;0;0;0;
FILTRE;2014;780000303;780110037;DECLA;1;0;0;0;1;1;1;0;1;0;0;0;0;0;0;1;0;0;0;1;0;1;0;1;0;1;0;1;0;1;1;0;0;0;0;0;0;0;0;
FILTRE;2014;780000303;780110037;INIT;1;0;0;0;1;1;1;0;1;0;0;0;0;0;0;;0;0;0;;;;;;;;;;;;;0;0;0;0;0;0;0;0;
FILTRE;2014;780000311;780001236;DECLA;1;1;1;1;1;1;1;1;1;1;1;1;1;0;1;0;1;1;1;1;1;1;1;1;1;1;0;1;1;1;1;1;1;1;0;0;0;0;0;
FILTRE;2014;780000311;780001236;INIT;1;1;1;0;1;1;1;1;1;0;1;1;1;0;1;;1;1;1;;;;;;;;;;;;;1;1;1;0;0;0;0;0;
FILTRE;2014;780000329;780110052;DECLA;1;1;1;0;0;0;1;1;0;0;1;1;1;0;0;0;1;1;1;1;1;1;0;1;1;1;0;1;1;1;1;0;1;1;0;0;0;0;0;
FILTRE;2014;780000329;780110052;INIT;1;1;1;0;0;0;1;1;0;0;1;1;1;0;0;;1;1;1;;;;;;;;;;;;;0;1;1;0;0;0;0;0;
FILTRE;2014;780000337;780001236;DECLA;1;1;1;1;1;1;1;1;1;1;1;0;1;0;0;0;0;1;1;1;0;1;1;1;1;1;0;1;0;1;1;0;1;1;0;0;0;0;0;
FILTRE;2014;780000337;780001236;INIT;1;1;0;1;1;1;1;1;1;1;1;0;1;0;1;;0;1;1;;;;;;;;;;;;;0;0;1;0;0;0;0;0;
FILTRE;2014;780000345;780110078;DECLA;1;0;0;0;1;0;1;0;0;0;0;0;0;0;0;0;0;0;0;0;0;0;0;0;0;0;0;0;0;0;0;0;0;0;0;0;0;0;0;
FILTRE;2014;780000345;780110078;INIT;1;0;0;0;1;0;1;0;0;0;0;0;0;0;0;;0;0;0;;;;;;;;;;;;;0;0;0;0;0;0;0;0;
FILTRE;2014;780000352;780110094;DECLA;0;0;0;0;1;1;0;0;0;0;0;0;0;0;0;0;0;0;0;1;0;0;0;1;0;1;0;1;0;0;0;0;0;0;0;0;0;0;0;
FILTRE;2014;780000352;780110094;INIT;0;0;0;0;1;1;0;0;0;0;0;0;0;0;0;;0;0;0;;;;;;;;;;;;;0;0;0;0;0;0;0;0;
FILTRE;2014;780000360;780130019;DECLA;0;0;0;0;0;1;0;0;0;0;0;0;0;0;0;0;0;0;0;0;0;0;0;1;0;0;0;0;0;0;0;0;0;0;0;0;0;0;0;
FILTRE;2014;780000360;780130019;INIT;0;0;0;0;0;1;0;0;0;0;0;0;0;0;0;;0;0;0;;;;;;;;;;;;;0;0;0;0;0;0;0;0;
FILTRE;2014;780000378;780130027;DECLA;1;0;0;0;1;1;0;0;0;0;0;0;0;0;0;0;0;0;0;1;0;0;0;1;0;1;0;1;0;1;1;0;0;0;0;0;0;0;0;
FILTRE;2014;780000378;780130027;INIT;1;0;0;0;1;1;1;0;0;0;0;0;0;0;1;;0;0;0;;;;;;;;;;;;;0;0;0;0;0;0;0;0;
FILTRE;2014;780000386;780021788;DECLA;1;0;0;0;1;0;1;0;0;0;0;0;0;0;0;0;0;0;0;1;0;0;0;1;1;0;0;0;0;0;0;0;0;0;0;0;0;0;0;
FILTRE;2014;780000386;780021788;INIT;1;0;0;0;1;0;1;0;0;0;0;0;0;0;0;;0;0;0;;;;;;;;;;;;;0;0;0;0;0;0;0;0;
FILTRE;2014;780000402;780140026;DECLA;0;0;0;1;0;0;0;0;1;0;0;0;0;0;0;0;0;0;0;0;0;0;0;1;0;1;0;0;0;0;0;0;0;0;0;0;0;0;0;
FILTRE;2014;780000402;780140026;INIT;0;0;0;1;0;0;0;0;1;0;0;0;0;0;0;;0;0;0;;;;;;;;;;;;;0;0;0;0;0;0;0;0;
FILTRE;2014;780000410;780140059;DECLA;0;0;0;1;0;0;0;0;1;0;0;0;0;0;0;0;0;0;0;0;0;0;0;1;0;1;0;0;0;0;0;0;0;0;0;0;0;0;0;
FILTRE;2014;780000410;780140059;INIT;0;0;0;1;0;0;0;0;1;0;0;0;0;0;0;;0;0;0;;;;;;;;;;;;;0;0;0;0;0;0;0;0;
FILTRE;2014;780000428;780002697;DECLA;0;0;0;1;1;0;0;0;0;0;0;0;0;0;0;0;0;0;0;0;0;0;0;0;0;0;0;0;0;1;0;0;0;0;0;0;0;0;0;
FILTRE;2014;780000428;780002697;INIT;0;0;0;1;1;0;0;0;0;0;0;0;0;0;0;;0;0;0;;;;;;;;;;;;;0;0;0;0;0;0;0;0;
FILTRE;2014;780000436;780150041;DECLA;1;1;0;0;0;0;1;0;0;0;1;0;0;0;0;0;1;0;1;1;0;0;0;1;1;1;0;0;0;0;0;0;1;0;0;0;0;0;0;
FILTRE;2014;780000436;780150041;INIT;1;0;0;0;0;0;1;0;0;0;0;0;0;0;0;;1;0;0;;;;;;;;;;;;;0;0;0;0;0;0;0;0;
FILTRE;2014;780001467;780018347;DECLA;0;0;0;0;1;0;0;0;0;0;0;0;0;0;0;0;0;0;0;0;0;0;0;1;0;1;0;0;0;0;0;0;0;0;0;0;0;0;0;
FILTRE;2014;780001467;780018347;INIT;0;0;0;0;1;0;0;0;0;0;0;0;0;0;0;;0;0;0;;;;;;;;;;;;;0;0;0;0;0;0;0;0;
FILTRE;2014;780001558;780001509;DECLA;0;0;0;0;0;0;0;0;0;0;0;1;0;0;0;0;0;0;0;0;0;0;0;0;0;0;0;0;0;0;0;0;0;0;0;0;0;0;0;
FILTRE;2014;780001558;780001509;INIT;0;0;0;0;0;0;0;0;0;0;0;1;0;0;0;;0;0;0;;;;;;;;;;;;;0;0;0;0;0;0;0;0;
FILTRE;2014;780001657;780530010;DECLA;0;0;0;0;1;0;0;0;0;0;0;0;0;0;0;0;0;0;0;1;0;0;0;1;0;1;0;0;0;0;1;0;0;0;0;0;0;0;0;
FILTRE;2014;780001657;780530010;INIT;0;0;0;0;1;0;0;0;0;0;0;0;0;0;0;;0;0;0;;;;;;;;;;;;;0;0;0;0;0;0;0;0;
FILTRE;2014;780001707;780822920;DECLA;0;0;0;0;0;0;0;0;0;0;0;1;0;0;0;0;0;0;0;0;0;0;0;0;0;0;0;0;0;0;0;0;0;0;0;0;0;0;0;
FILTRE;2014;780001707;780822920;INIT;0;0;0;0;0;0;0;0;0;0;0;1;0;0;0;;0;0;0;;;;;;;;;;;;;0;0;0;0;0;0;0;0;
FILTRE;2014;780004529;310021233;DECLA;0;0;0;0;0;0;0;0;0;0;0;0;0;0;1;0;0;0;0;0;0;0;0;0;0;0;0;0;0;0;0;0;0;0;0;0;0;0;0;
FILTRE;2014;780004529;310021233;INIT;0;0;0;0;0;0;0;0;0;0;0;0;0;0;1;;0;0;0;;;;;;;;;;;;;0;0;0;0;0;0;0;0;
FILTRE;2014;780008298;750043994;DECLA;1;0;0;0;1;0;1;0;0;0;0;0;0;0;0;0;0;0;0;1;0;0;0;1;0;1;0;0;0;0;0;0;0;0;0;0;0;0;0;
FILTRE;2014;780008298;750043994;INIT;1;0;0;0;1;0;1;0;0;0;0;0;0;0;0;;0;0;0;;;;;;;;;;;;;0;0;0;0;0;0;0;0;
FILTRE;2014;780009528;780009528;DECLA;0;0;0;0;0;0;0;0;1;0;0;0;0;0;0;0;0;0;0;0;0;0;0;0;0;0;0;0;0;0;0;0;0;0;0;0;0;0;0;
FILTRE;2014;780009528;780009528;INIT;0;0;0;1;0;0;0;0;0;0;0;0;0;0;0;;0;0;0;;;;;;;;;;;;;0;0;0;0;0;0;0;0;
FILTRE;2014;780017802;780002010;DECLA;0;0;0;0;0;0;1;0;0;0;0;1;0;0;0;0;0;0;0;0;0;0;0;1;0;0;0;0;0;0;0;0;0;0;0;0;0;0;0;
FILTRE;2014;780017802;780002010;INIT;0;0;0;0;0;0;0;0;0;0;0;1;0;0;0;;0;0;0;;;;;;;;;;;;;0;0;0;0;0;0;0;0;
FILTRE;2014;780018727;780018719;DECLA;1;1;1;0;1;0;1;1;0;0;0;1;1;0;0;0;0;0;1;0;0;0;0;1;1;1;0;0;0;0;1;0;0;1;0;0;0;0;0;
FILTRE;2014;780018727;780018719;INIT;1;1;1;0;1;0;1;1;0;0;0;1;1;0;0;;0;0;1;;;;;;;;;;;;;0;0;1;0;0;0;0;0;
FILTRE;2014;780020111;780020111;DECLA;0;0;0;0;0;0;0;0;1;0;0;0;0;0;0;0;0;0;0;0;0;0;0;0;0;1;0;0;0;0;0;0;0;0;0;0;0;0;0;
FILTRE;2014;780020111;780020111;INIT;0;0;0;1;0;0;0;0;1;0;0;0;0;0;0;;0;0;0;;;;;;;;;;;;;0;0;0;0;0;0;0;0;
FILTRE;2014;780022646;920002615;DECLA;0;0;0;0;0;0;0;0;0;1;0;0;0;0;0;0;0;0;0;1;0;0;0;0;0;0;0;0;0;0;0;0;0;0;0;0;0;0;0;
FILTRE;2014;780022646;920002615;INIT;0;0;0;0;0;0;0;0;0;1;0;0;0;0;0;;0;0;0;;;;;;;;;;;;;0;0;0;0;0;0;0;0;
FILTRE;2014;780140018;750005068;DECLA;1;0;0;1;1;0;0;0;1;0;0;0;0;0;0;0;0;0;0;1;0;0;0;1;0;1;0;0;0;1;1;0;0;0;0;0;0;0;0;
FILTRE;2014;780140018;750005068;INIT;0;0;0;1;1;0;0;0;1;0;0;0;0;0;0;;0;0;0;;;;;;;;;;;;;0;0;0;0;0;0;0;0;
FILTRE;2014;780140042;780017455;DECLA;0;0;0;1;0;0;0;0;1;0;0;0;0;0;0;0;0;0;0;0;0;0;0;1;0;0;0;0;0;0;0;0;0;0;0;0;0;0;0;
FILTRE;2014;780140042;780017455;INIT;0;0;0;1;0;0;0;0;1;0;0;0;0;0;0;;0;0;0;;;;;;;;;;;;;0;0;0;0;0;0;0;0;
FILTRE;2014;780140075;750804114;DECLA;0;0;0;1;1;0;0;0;1;0;0;0;0;0;0;0;0;0;0;0;0;0;0;1;0;1;1;0;0;0;1;0;0;0;0;0;0;0;0;
FILTRE;2014;780140075;750804114;INIT;0;0;0;1;1;0;0;0;1;0;0;0;0;0;0;;0;0;0;;;;;;;;;;;;;0;0;0;0;0;0;0;0;
FILTRE;2014;780150017;750005068;DECLA;1;0;0;0;1;0;1;0;0;0;0;1;0;0;0;0;0;0;0;1;0;0;0;1;0;1;0;0;0;0;0;0;0;0;0;0;0;0;0;
FILTRE;2014;780150017;750005068;INIT;1;0;0;0;1;0;1;0;0;0;0;1;0;0;0;;0;0;0;;;;;;;;;;;;;0;0;0;0;0;0;0;0;
FILTRE;2014;780150033;780020715;DECLA;1;0;0;0;1;1;0;0;0;0;0;0;0;0;0;0;0;0;0;0;0;0;0;1;0;1;0;0;0;1;0;0;0;0;0;0;0;0;0;
FILTRE;2014;780150033;780020715;INIT;1;0;0;0;1;1;1;0;0;0;0;0;0;0;0;;0;0;0;;;;;;;;;;;;;0;0;0;0;0;0;0;0;
FILTRE;2014;780150066;780808614;DECLA;1;0;0;0;1;0;1;0;0;0;1;0;0;0;0;1;0;0;0;1;0;0;0;1;0;1;0;0;0;1;1;0;0;0;0;0;0;0;0;
FILTRE;2014;780150066;780808614;INIT;1;0;0;0;1;0;1;0;0;0;1;0;0;0;0;;0;0;0;;;;;;;;;;;;;0;0;0;0;0;0;0;0;
FILTRE;2014;780170056;780825097;DECLA;0;0;0;1;0;0;0;0;1;0;0;0;0;0;0;0;0;0;0;0;0;0;0;0;0;0;0;0;0;0;0;0;0;0;0;0;0;0;0;
FILTRE;2014;780170056;780825097;INIT;0;0;0;1;0;0;0;0;1;0;0;0;0;0;0;;0;0;0;;;;;;;;;;;;;0;0;0;0;0;0;0;0;
FILTRE;2014;780300075;780000485;DECLA;1;0;0;0;1;0;1;0;0;0;0;0;0;0;0;0;0;0;1;1;0;0;0;0;0;0;0;0;0;0;0;1;1;0;0;0;0;0;0;
FILTRE;2014;780300075;780000485;INIT;1;0;0;0;1;0;1;0;0;0;0;0;0;0;0;;0;0;0;;;;;;;;;;;;;1;0;0;0;0;0;0;0;
FILTRE;2014;780300083;750052318;DECLA;0;0;0;0;1;0;0;0;0;0;0;0;0;0;0;0;0;0;0;0;0;0;0;1;0;0;0;0;0;0;0;0;0;0;0;0;0;0;0;
FILTRE;2014;780300083;750052318;INIT;0;0;0;0;1;0;0;0;0;0;0;0;0;0;0;;0;0;0;;;;;;;;;;;;;0;0;0;0;0;0;0;0;
FILTRE;2014;780300109;750056335;DECLA;0;0;0;0;1;0;0;0;0;0;0;0;0;0;0;0;0;0;0;0;0;0;0;1;0;1;0;0;0;0;1;0;0;0;0;0;0;0;0;
FILTRE;2014;780300109;750056335;INIT;0;0;0;0;1;0;0;0;0;0;0;0;0;0;0;;0;0;0;;;;;;;;;;;;;0;0;0;0;0;0;0;0;
FILTRE;2014;780300125;780000535;DECLA;1;1;0;0;0;0;0;1;0;0;0;0;0;0;0;0;0;0;1;1;0;1;0;1;1;1;0;0;0;0;0;0;1;1;0;0;0;0;0;
FILTRE;2014;780300125;780000535;INIT;0;1;0;0;0;0;0;1;0;0;0;0;0;0;0;;0;0;1;;;;;;;;;;;;;0;0;1;0;0;0;0;0;
FILTRE;2014;780300166;310021258;DECLA;0;0;0;0;1;0;0;0;0;0;0;0;0;0;0;0;0;0;0;0;0;0;0;0;0;0;0;0;0;0;0;0;0;0;0;0;0;0;0;
FILTRE;2014;780300166;310021258;INIT;0;0;0;0;1;0;0;0;0;0;0;0;0;0;0;;0;0;0;;;;;;;;;;;;;0;0;0;0;0;0;0;0;
FILTRE;2014;780300208;780000576;DECLA;1;1;1;0;1;0;1;1;0;0;1;0;1;0;0;0;0;0;1;1;1;0;0;1;1;1;0;0;0;0;0;0;0;1;0;0;0;0;0;
FILTRE;2014;780300208;780000576;INIT;1;1;1;0;1;0;1;1;0;0;1;0;1;0;0;;0;0;1;;;;;;;;;;;;;0;0;1;0;0;0;0;0;
FILTRE;2014;780300224;310021225;DECLA;0;0;0;0;1;0;0;0;0;0;0;0;0;0;0;0;0;0;0;0;0;0;0;1;1;1;0;0;0;0;0;0;0;0;0;0;0;0;0;
FILTRE;2014;780300224;310021225;INIT;0;0;0;0;1;0;0;0;0;0;0;0;0;0;0;;0;0;0;;;;;;;;;;;;;0;0;0;0;0;0;0;0;
FILTRE;2014;780300323;780003679;DECLA;1;1;1;0;0;0;1;1;0;0;0;0;0;0;0;0;1;0;1;1;1;0;0;1;1;1;0;0;0;0;0;0;1;1;0;0;0;0;0;
FILTRE;2014;780300323;780003679;INIT;1;1;1;0;0;0;1;1;0;0;0;0;0;0;0;;1;0;1;;;;;;;;;;;;;0;0;1;0;0;0;0;0;
FILTRE;2014;780300364;780003679;DECLA;1;1;0;0;0;0;1;1;0;0;0;0;0;0;0;0;0;0;1;1;0;0;0;0;0;0;0;0;0;0;0;0;0;1;0;0;0;0;0;
FILTRE;2014;780300364;780003679;INIT;0;1;0;0;0;0;0;1;0;0;1;0;0;0;0;;0;0;1;;;;;;;;;;;;;0;0;1;0;0;0;0;0;
FILTRE;2014;780300406;780018032;DECLA;1;1;1;0;0;0;1;1;0;0;0;0;1;0;0;1;1;0;1;1;0;1;1;1;1;1;0;0;0;0;0;1;1;1;0;0;0;0;1;
FILTRE;2014;780300406;780018032;INIT;1;1;1;0;0;0;1;1;0;0;0;0;1;0;0;;1;0;1;;;;;;;;;;;;;1;1;1;0;0;0;0;1;
FILTRE;2014;780300414;780000675;DECLA;1;1;0;0;0;0;1;1;0;0;1;1;0;0;0;0;1;0;1;1;0;1;1;1;1;1;0;0;0;1;0;0;1;1;0;0;0;0;0;
FILTRE;2014;780300414;780000675;INIT;1;1;0;0;0;0;1;1;0;0;1;1;0;0;0;;1;0;1;;;;;;;;;;;;;0;1;1;0;0;0;0;0;
FILTRE;2014;780300422;780002259;DECLA;1;1;1;0;0;0;1;1;0;0;1;1;1;0;0;0;1;0;1;1;1;1;0;1;1;1;0;0;0;0;1;0;1;1;0;0;0;0;0;
FILTRE;2014;780300422;780002259;INIT;1;1;1;0;0;0;1;1;0;0;1;1;1;0;0;;1;0;1;;;;;;;;;;;;;0;1;1;0;0;0;0;0;
FILTRE;2014;780300448;310021209;DECLA;0;0;0;0;1;0;0;0;0;0;0;0;0;0;0;0;0;0;0;0;0;0;0;0;0;0;0;0;0;0;0;0;0;0;0;0;0;0;0;
FILTRE;2014;780300448;310021209;INIT;0;0;0;0;1;0;0;0;0;0;0;0;0;0;0;;0;0;0;;;;;;;;;;;;;0;0;0;0;0;0;0;0;
FILTRE;2014;780300455;780000717;DECLA;1;1;0;0;0;0;1;1;0;0;0;0;0;0;0;0;1;0;1;1;0;0;0;1;1;1;0;0;0;0;0;0;0;0;0;0;0;0;0;
FILTRE;2014;780300455;780000717;INIT;1;1;0;0;0;0;1;1;0;0;0;0;0;0;0;;1;0;1;;;;;;;;;;;;;0;0;0;0;0;0;0;0;
FILTRE;2014;780310025;750043994;DECLA;0;0;0;1;0;0;0;0;1;0;0;0;0;0;0;0;0;0;0;0;0;0;1;1;0;0;0;0;0;0;0;0;0;0;0;0;0;0;0;
FILTRE;2014;780310025;750043994;INIT;0;0;0;1;0;0;0;0;1;0;0;0;0;0;0;;0;0;0;;;;;;;;;;;;;0;0;0;0;0;0;0;0;
FILTRE;2014;780420022;750042590;DECLA;0;0;0;0;1;0;0;0;0;0;0;0;0;0;0;1;0;0;0;0;0;0;0;1;0;1;0;0;0;0;1;0;0;0;0;0;0;0;0;
FILTRE;2014;780420022;750042590;INIT;0;0;0;0;1;0;0;0;0;0;0;0;0;0;0;;0;0;0;;;;;;;;;;;;;0;0;0;0;0;0;0;0;
FILTRE;2014;780420048;780021069;DECLA;0;0;0;0;1;0;0;0;0;0;0;0;0;0;0;0;0;0;0;0;0;0;0;0;0;0;0;0;0;0;0;0;0;0;0;0;0;0;0;
FILTRE;2014;780420048;780021069;INIT;0;0;0;0;1;0;0;0;0;0;0;0;0;0;0;;0;0;0;;;;;;;;;;;;;0;0;0;0;0;0;0;0;
FILTRE;2014;780630026;750803900;DECLA;1;0;0;0;1;0;1;0;0;0;0;0;0;0;0;0;0;0;0;1;0;0;0;1;0;1;0;0;0;0;0;0;0;0;0;0;0;0;0;
FILTRE;2014;780630026;750803900;INIT;1;0;0;0;1;0;1;0;0;0;0;0;0;0;0;;0;0;0;;;;;;;;;;;;;0;0;0;0;0;0;0;0;
FILTRE;2014;780700027;780822193;DECLA;0;0;0;0;1;0;0;0;0;0;0;0;0;0;0;0;0;0;0;0;0;0;0;0;0;0;0;0;0;0;0;0;0;0;0;0;0;0;0;
FILTRE;2014;780700027;780822193;INIT;0;0;0;0;1;0;0;0;0;0;0;0;0;0;0;;0;0;0;;;;;;;;;;;;;0;0;0;0;0;0;0;0;
FILTRE;2014;780700050;780826210;DECLA;0;0;0;0;1;0;0;0;0;0;0;0;0;0;0;0;0;0;0;0;0;0;0;1;0;0;0;0;0;0;0;0;0;0;0;0;0;0;0;
FILTRE;2014;780700050;780826210;INIT;0;0;0;0;1;0;0;0;0;0;0;0;0;0;0;;0;0;0;;;;;;;;;;;;;0;0;0;0;0;0;0;0;
FILTRE;2014;780800256;780110078;DECLA;1;1;1;1;0;0;1;1;1;0;1;0;1;0;0;0;1;1;1;1;1;1;0;1;1;1;1;1;1;1;1;1;1;1;0;0;0;0;0;
FILTRE;2014;780800256;780110078;INIT;1;1;1;1;0;0;1;1;1;0;1;0;1;0;0;;1;1;1;;;;;;;;;;;;;1;1;1;0;0;0;0;0;
FILTRE;2014;780808234;780822920;DECLA;0;0;0;0;0;0;0;0;0;0;0;1;0;0;0;0;0;0;0;0;0;0;0;0;0;0;0;0;0;0;0;0;0;0;0;0;0;0;0;
FILTRE;2014;780808234;780822920;INIT;0;0;0;0;0;0;0;0;0;0;0;1;0;0;0;;0;0;0;;;;;;;;;;;;;0;0;0;0;0;0;0;0;
FILTRE;2014;780822631;780822920;DECLA;0;0;0;0;0;0;0;0;0;0;0;1;0;0;0;0;0;0;0;0;0;0;0;0;0;0;0;0;0;0;0;0;0;0;0;0;0;0;0;
FILTRE;2014;780822631;780822920;INIT;0;0;0;0;0;0;0;0;0;0;0;1;0;0;0;;0;0;0;;;;;;;;;;;;;0;0;0;0;0;0;0;0;
FILTRE;2014;780822748;780002697;DECLA;0;0;0;0;0;1;0;0;0;0;0;0;0;0;0;0;0;0;0;0;0;0;0;0;0;0;0;0;0;0;1;0;0;0;0;0;0;0;0;
FILTRE;2014;780822748;780002697;INIT;0;0;0;0;0;1;0;0;0;0;0;0;0;0;0;;0;0;0;;;;;;;;;;;;;0;0;0;0;0;0;0;0;
FILTRE;2014;780823134;780822920;DECLA;0;0;0;0;0;0;0;0;0;0;0;1;0;0;0;0;0;0;0;0;0;0;0;0;0;0;0;0;0;0;0;0;0;0;0;0;0;0;0;
FILTRE;2014;780823134;780822920;INIT;0;0;0;0;0;0;0;0;0;0;0;1;0;0;0;;0;0;0;;;;;;;;;;;;;0;0;0;0;0;0;0;0;
FILTRE;2014;780825816;780003638;DECLA;0;0;0;0;1;0;0;0;0;0;0;0;0;0;0;0;0;0;0;1;0;0;0;1;0;1;0;0;0;0;1;0;0;0;0;0;0;0;0;
FILTRE;2014;780825816;780003638;INIT;0;0;0;0;1;0;0;0;0;0;0;0;0;0;0;;0;0;0;;;;;;;;;;;;;0;0;0;0;0;0;0;0;
FILTRE;2014;780826145;750806853;DECLA;0;0;0;0;0;0;0;0;0;0;0;1;0;0;0;0;0;0;0;0;0;0;0;1;0;0;0;0;0;0;0;0;0;0;0;0;0;0;0;
FILTRE;2014;780826145;750806853;INIT;0;0;0;0;0;0;0;0;0;0;0;1;0;0;0;;0;0;0;;;;;;;;;;;;;0;0;0;0;0;0;0;0;
FILTRE;2014;780826152;780822920;DECLA;0;0;0;0;0;0;0;0;0;0;0;1;0;0;0;0;0;0;0;0;0;0;0;0;0;0;0;0;0;0;0;0;0;0;0;0;0;0;0;
FILTRE;2014;780826152;780822920;INIT;0;0;0;0;0;0;0;0;0;0;0;1;0;0;0;;0;0;0;;;;;;;;;;;;;0;0;0;0;0;0;0;0;
FILTRE;2014;790000087;790000012;DECLA;1;1;1;1;1;1;1;1;1;1;1;1;1;0;1;1;1;1;1;1;1;1;0;1;1;1;0;1;1;1;1;1;1;1;0;0;0;0;0;
FILTRE;2014;790000087;790000012;INIT;1;1;1;1;1;1;1;1;1;1;1;1;1;0;1;;1;1;1;;;;;;;;;;;;;1;1;1;0;0;0;0;0;
FILTRE;2014;790000095;790006654;DECLA;1;1;1;0;0;0;1;1;0;0;1;0;1;0;0;1;1;1;1;1;1;1;0;1;1;0;0;1;1;1;1;0;1;1;0;0;0;0;0;
FILTRE;2014;790000095;790006654;INIT;1;1;1;0;0;0;1;1;0;0;0;0;1;0;0;;1;1;1;;;;;;;;;;;;;0;0;1;0;0;0;0;0;
FILTRE;2014;790000103;790006654;DECLA;1;0;0;0;1;0;1;1;0;0;0;0;0;1;0;1;1;1;1;1;0;1;0;1;0;1;0;1;0;1;1;0;0;0;0;0;0;0;0;
FILTRE;2014;790000103;790006654;INIT;1;0;0;0;1;0;1;1;0;0;0;0;0;0;0;;1;1;1;;;;;;;;;;;;;0;0;0;0;0;0;0;0;
FILTRE;2014;790000111;790000046;DECLA;1;0;0;0;1;1;1;0;0;0;0;0;0;0;1;0;0;0;0;0;0;0;0;1;0;0;0;1;0;1;1;0;0;0;0;0;0;0;0;
FILTRE;2014;790000111;790000046;INIT;1;0;0;0;1;1;1;0;0;0;0;0;0;0;1;;0;0;0;;;;;;;;;;;;;0;0;0;0;0;0;0;0;
FILTRE;2014;790000137;790000061;DECLA;1;0;0;0;1;0;1;0;0;0;0;0;0;0;1;0;0;0;0;0;0;0;0;1;0;0;0;1;0;1;1;0;0;0;0;0;0;0;0;
FILTRE;2014;790000137;790000061;INIT;1;0;0;0;1;0;1;0;0;0;0;0;0;0;1;;0;0;0;;;;;;;;;;;;;0;0;0;0;0;0;0;0;
FILTRE;2014;790000145;790000079;DECLA;0;0;0;0;1;1;0;0;0;0;0;0;0;0;0;0;0;0;0;0;0;0;0;1;0;1;0;0;0;1;1;0;0;0;0;0;0;0;0;
FILTRE;2014;790000145;790000079;INIT;0;0;0;0;1;1;0;0;0;0;0;0;0;0;0;;0;0;0;;;;;;;;;;;;;0;0;0;0;0;0;0;0;
FILTRE;2014;790000186;790000178;DECLA;0;0;0;0;1;0;0;0;0;0;0;0;0;0;0;0;0;0;0;0;0;0;0;1;0;1;0;0;0;0;0;0;0;0;0;0;0;0;0;
FILTRE;2014;790000186;790000178;INIT;0;0;0;0;1;0;0;0;0;0;0;0;0;0;0;;0;0;0;;;;;;;;;;;;;0;0;0;0;0;0;0;0;
FILTRE;2014;790000269;870015336;DECLA;0;0;0;0;1;0;0;0;0;0;0;0;0;0;0;0;0;0;0;0;0;0;0;0;0;0;0;0;0;0;0;0;0;0;0;0;0;0;0;
FILTRE;2014;790000269;870015336;INIT;0;0;0;0;1;0;0;0;0;0;0;0;0;0;0;;0;0;0;;;;;;;;;;;;;0;0;0;0;0;0;0;0;
FILTRE;2014;790000681;790002497;DECLA;0;0;0;0;1;0;0;0;0;0;0;0;0;0;0;0;0;0;0;1;0;0;0;1;1;1;0;0;0;0;1;0;0;0;0;0;0;0;0;
FILTRE;2014;790000681;790002497;INIT;0;0;0;0;1;0;0;0;0;0;0;0;0;0;0;;0;0;0;;;;;;;;;;;;;0;0;0;0;0;0;0;0;
FILTRE;2014;790003537;790006654;DECLA;1;1;0;1;1;1;1;1;1;0;1;0;0;1;0;1;1;1;1;1;1;1;1;1;1;0;0;0;0;1;1;0;1;1;0;0;0;0;0;
FILTRE;2014;790003537;790006654;INIT;1;1;0;1;1;1;1;1;1;0;1;0;0;0;0;;1;1;1;;;;;;;;;;;;;0;0;1;0;0;0;0;0;
FILTRE;2014;790007306;860000348;DECLA;0;0;0;0;0;0;0;0;0;0;0;1;0;0;0;0;0;0;0;0;0;0;0;1;0;0;0;0;0;0;0;0;0;0;0;0;0;0;0;
FILTRE;2014;790007306;860000348;INIT;0;0;0;0;0;0;0;0;0;0;0;1;0;0;0;;0;0;0;;;;;;;;;;;;;0;0;0;0;0;0;0;0;
FILTRE;2014;790007694;790006654;DECLA;0;0;0;0;0;0;0;0;1;0;0;0;0;0;0;0;0;0;0;0;0;0;0;0;0;0;0;0;0;0;0;0;0;0;0;0;0;0;0;
FILTRE;2014;790007694;790006654;INIT;0;0;0;0;0;0;0;0;1;0;0;0;0;0;0;;0;0;0;;;;;;;;;;;;;0;0;0;0;0;0;0;0;
FILTRE;2014;790007884;790006654;DECLA;0;0;0;0;0;1;0;0;0;0;0;0;0;0;0;1;0;0;0;0;0;0;0;0;0;0;0;0;0;0;0;0;0;0;0;0;0;0;0;
FILTRE;2014;790007884;790006654;INIT;0;0;0;0;0;1;0;0;0;0;0;0;0;0;0;;0;0;0;;;;;;;;;;;;;0;0;0;0;0;0;0;0;
FILTRE;2014;790008064;790002497;DECLA;0;0;0;0;1;0;0;0;0;0;0;0;0;0;0;0;0;0;0;0;0;0;0;1;0;1;0;1;0;0;1;0;0;0;0;0;0;0;0;
FILTRE;2014;790008064;790002497;INIT;0;0;0;0;1;0;0;0;0;0;0;0;0;0;0;;0;0;0;;;;;;;;;;;;;0;0;0;0;0;0;0;0;
FILTRE;2014;790009369;790006654;DECLA;0;0;0;0;0;1;0;0;0;0;0;0;0;0;0;1;0;0;0;0;0;0;0;0;0;0;0;0;0;0;1;0;0;0;0;0;0;0;0;
FILTRE;2014;790009369;790006654;INIT;0;0;0;0;0;1;0;0;0;0;0;0;0;0;0;;0;0;0;;;;;;;;;;;;;0;0;0;0;0;0;0;0;
FILTRE;2014;790009948;790001242;DECLA;1;1;1;0;0;0;1;1;0;0;1;0;1;0;0;0;1;0;1;1;0;0;1;1;1;1;0;0;0;1;1;0;1;1;0;0;0;0;0;
FILTRE;2014;790009948;790001242;INIT;1;1;1;0;0;0;1;1;0;0;0;0;1;0;0;;1;0;1;;;;;;;;;;;;;0;0;1;0;0;0;0;0;
FILTRE;2014;790012355;790000012;DECLA;0;0;0;1;0;0;0;0;1;0;0;0;0;0;0;0;0;0;0;0;0;0;0;0;0;0;0;0;0;0;0;0;0;0;0;0;0;0;0;
FILTRE;2014;790012355;790000012;INIT;0;0;0;1;0;0;0;0;1;0;0;0;0;0;0;;0;0;0;;;;;;;;;;;;;0;0;0;0;0;0;0;0;
FILTRE;2014;790016786;860000348;DECLA;0;0;0;0;0;0;0;0;0;0;0;1;0;0;0;0;0;0;0;0;0;0;0;1;0;0;0;0;0;0;0;0;0;0;0;0;0;0;0;
FILTRE;2014;790016786;860000348;INIT;0;0;0;0;0;0;0;0;0;0;0;1;0;0;0;;0;0;0;;;;;;;;;;;;;0;0;0;0;0;0;0;0;
FILTRE;2014;790016794;860000348;DECLA;0;0;0;0;0;0;0;0;0;0;0;1;0;0;0;0;0;0;0;0;0;0;0;1;0;0;0;0;0;0;0;0;0;0;0;0;0;0;0;
FILTRE;2014;790016794;860000348;INIT;0;0;0;0;0;0;0;0;0;0;0;1;0;0;0;;0;0;0;;;;;;;;;;;;;0;0;0;0;0;0;0;0;
FILTRE;2014;790017289;790017271;DECLA;0;0;0;0;0;0;0;0;0;0;0;0;0;0;1;0;0;0;0;0;0;0;0;0;0;0;0;0;0;0;0;0;0;0;0;0;0;0;0;
FILTRE;2014;790017289;790017271;INIT;0;0;0;0;0;0;0;0;0;0;0;0;0;0;1;;0;0;0;;;;;;;;;;;;;0;0;0;0;0;0;0;0;
FILTRE;2014;800000143;800000028;DECLA;1;1;1;1;0;0;1;1;1;0;1;0;1;0;0;1;1;1;1;1;1;1;1;1;0;1;1;1;1;1;1;1;1;1;0;0;0;0;0;
FILTRE;2014;800000143;800000028;INIT;1;1;1;1;0;0;1;1;1;0;1;0;1;0;0;;1;1;1;;;;;;;;;;;;;1;1;1;0;0;0;0;0;
FILTRE;2014;800000150;800002982;DECLA;0;0;0;0;1;0;0;0;0;0;0;0;0;0;0;0;0;0;0;0;0;0;0;1;0;1;0;0;0;0;1;0;0;0;0;0;0;0;0;
FILTRE;2014;800000150;800002982;INIT;0;0;0;0;1;0;0;0;0;0;0;0;0;0;0;;0;0;0;;;;;;;;;;;;;0;0;0;0;0;0;0;0;
FILTRE;2014;800000184;800000036;DECLA;1;0;0;0;1;0;1;0;0;0;0;0;0;0;0;0;0;0;0;1;0;1;0;1;0;0;0;0;0;1;1;0;0;0;0;0;0;0;0;
FILTRE;2014;800000184;800000036;INIT;1;0;0;0;1;0;1;0;0;0;0;0;0;0;0;;0;0;0;;;;;;;;;;;;;0;0;0;0;0;0;0;0;
FILTRE;2014;800000192;800000044;DECLA;1;1;1;0;1;0;1;1;0;1;1;1;0;0;0;0;1;0;1;1;1;1;1;1;0;1;1;1;1;1;0;0;1;1;1;1;0;0;0;
FILTRE;2014;800000192;800000044;INIT;1;1;1;0;0;0;1;1;0;0;1;0;0;0;0;;1;1;1;;;;;;;;;;;;;0;1;1;0;1;0;0;0;
FILTRE;2014;800000200;800000051;DECLA;1;0;0;0;1;1;1;0;1;0;0;0;0;1;0;1;0;0;1;1;0;0;0;1;1;1;1;1;0;1;1;0;0;0;0;0;0;0;0;
FILTRE;2014;800000200;800000051;INIT;1;0;0;0;1;1;1;0;1;0;0;0;0;0;0;;0;0;0;;;;;;;;;;;;;0;0;0;0;0;0;0;0;
FILTRE;2014;800000226;800000069;DECLA;1;0;0;0;1;1;1;0;0;0;1;0;1;1;1;1;1;1;0;1;1;1;1;1;0;1;1;1;1;1;0;0;1;0;0;0;0;0;0;
FILTRE;2014;800000226;800000069;INIT;1;0;0;0;1;1;1;0;0;0;0;0;1;0;1;;1;1;0;;;;;;;;;;;;;0;0;0;0;0;0;0;0;
FILTRE;2014;800000275;800000077;DECLA;1;0;0;0;1;1;1;0;0;0;0;0;0;0;0;0;0;0;0;1;0;0;0;1;0;1;1;0;1;1;1;0;0;0;0;0;0;0;0;
FILTRE;2014;800000275;800000077;INIT;1;0;0;0;1;1;1;0;0;0;0;0;0;0;0;;0;0;0;;;;;;;;;;;;;0;0;0;0;0;0;0;0;
FILTRE;2014;800000390;800000085;DECLA;1;0;1;1;1;1;1;0;0;0;0;0;0;0;0;0;1;1;1;1;1;1;0;1;0;1;1;0;1;1;1;0;0;0;0;0;0;0;0;0
FILTRE;2014;800000390;800000085;INIT;1;1;1;1;1;1;1;0;0;0;0;0;0;0;0;;1;1;1;;;;;;;;;;;;;0;0;0;0;0;0;0;0;
FILTRE;2014;800000432;800000093;DECLA;1;1;1;0;0;0;1;1;0;0;1;0;1;0;0;0;1;1;1;1;1;1;0;1;0;1;1;0;0;1;1;0;1;0;0;0;0;0;0;
FILTRE;2014;800000432;800000093;INIT;1;1;1;0;0;0;1;1;0;0;0;0;1;0;0;;1;1;1;;;;;;;;;;;;;0;0;0;0;0;0;0;0;
FILTRE;2014;800000440;800000085;DECLA;0;0;0;0;1;0;0;0;0;0;0;0;0;0;0;0;0;0;0;0;0;0;0;1;0;1;0;0;0;1;1;0;0;0;0;0;0;0;0;
FILTRE;2014;800000440;800000085;INIT;0;0;0;0;1;0;0;0;0;0;0;0;0;0;0;;0;0;0;;;;;;;;;;;;;0;0;0;0;0;0;0;0;
FILTRE;2014;800000457;800000119;DECLA;0;0;0;1;0;0;0;0;1;0;0;0;0;0;0;0;0;0;0;0;0;0;0;1;0;1;0;0;0;0;1;0;0;0;0;0;0;0;0;
FILTRE;2014;800000457;800000119;INIT;0;0;0;1;0;0;0;0;1;0;0;0;0;0;0;;0;0;0;;;;;;;;;;;;;0;0;0;0;0;0;0;0;
FILTRE;2014;800000507;800000135;DECLA;1;0;0;0;1;1;1;0;0;0;0;0;0;0;0;0;0;0;0;1;0;0;0;1;0;1;0;0;0;0;0;0;0;0;0;0;0;0;0;
FILTRE;2014;800000507;800000135;INIT;1;0;0;0;1;1;1;0;0;0;0;0;0;0;0;;0;0;0;;;;;;;;;;;;;0;0;0;0;0;0;0;0;
FILTRE;2014;800000523;800000853;DECLA;0;0;0;0;0;0;0;0;0;0;1;0;0;0;1;0;0;0;0;0;0;0;0;0;0;0;0;0;0;0;1;0;0;0;0;0;0;0;0;
FILTRE;2014;800000523;800000853;INIT;0;0;0;0;0;0;0;0;0;0;0;0;0;0;1;;0;0;0;;;;;;;;;;;;;0;0;0;0;0;0;0;0;
FILTRE;2014;800000614;800000044;DECLA;1;1;0;0;1;1;0;1;0;1;1;0;0;0;0;0;0;0;1;1;0;0;0;0;0;0;0;1;0;1;0;0;0;0;0;0;0;0;0;
FILTRE;2014;800000614;800000044;INIT;0;1;0;0;1;1;0;1;0;0;0;0;0;0;0;;0;0;1;;;;;;;;;;;;;0;0;0;0;0;0;0;0;
FILTRE;2014;800002503;800001141;DECLA;1;1;0;0;0;0;1;1;0;0;0;1;0;0;0;0;0;0;1;0;0;0;0;1;1;1;0;0;0;0;0;0;1;1;0;0;0;0;0;
FILTRE;2014;800002503;800001141;INIT;0;1;1;0;0;0;0;1;0;0;0;1;0;0;0;;0;0;1;;;;;;;;;;;;;0;0;1;0;0;0;0;0;
FILTRE;2014;800002610;800000044;DECLA;1;1;1;0;0;0;1;1;0;1;1;1;1;1;0;0;0;0;1;1;1;0;0;0;0;0;0;1;0;1;0;0;0;1;0;0;0;0;0;
FILTRE;2014;800002610;800000044;INIT;0;1;1;0;0;0;0;1;0;0;1;0;1;0;0;;0;0;1;;;;;;;;;;;;;0;0;1;0;0;0;0;0;
FILTRE;2014;800004111;800000093;DECLA;0;0;0;1;0;0;0;0;1;0;0;0;0;0;0;0;0;0;0;0;0;0;0;0;0;0;0;0;0;0;0;0;0;0;0;0;0;0;0;
FILTRE;2014;800004111;800000093;INIT;0;0;0;1;0;0;0;0;1;0;0;0;0;0;0;;0;0;0;;;;;;;;;;;;;0;0;0;0;0;0;0;0;
FILTRE;2014;800004152;800000093;DECLA;0;0;0;0;1;1;0;0;0;0;0;0;0;0;0;0;0;0;0;0;0;0;0;0;0;0;0;0;0;0;0;0;0;0;0;0;0;0;0;
FILTRE;2014;800004152;800000093;INIT;0;0;0;0;1;1;0;0;0;0;0;0;0;0;0;;0;0;0;;;;;;;;;;;;;0;0;0;0;0;0;0;0;
FILTRE;2014;800006124;800000044;DECLA;1;1;1;0;1;0;1;1;1;1;1;1;1;1;0;1;1;1;1;1;1;1;1;1;1;1;1;1;0;1;0;1;1;1;1;1;1;0;1;
FILTRE;2014;800006124;800000044;INIT;1;1;0;0;1;0;1;0;0;1;1;1;0;0;0;;0;0;1;;;;;;;;;;;;;1;1;1;1;1;1;0;1;
FILTRE;2014;800006231;800000028;DECLA;0;0;0;0;1;0;0;0;0;0;0;0;0;0;0;0;0;0;0;0;0;0;0;0;0;0;0;0;0;0;0;0;0;0;0;0;0;0;0;
FILTRE;2014;800006231;800000028;INIT;0;0;0;0;1;0;0;0;0;0;0;0;0;0;0;;0;0;0;;;;;;;;;;;;;0;0;0;0;0;0;0;0;
FILTRE;2014;800008989;800002941;DECLA;0;0;0;0;1;0;0;0;0;0;0;0;0;0;0;0;0;0;0;0;0;0;0;1;0;1;0;0;0;0;1;0;0;0;0;0;0;0;0;
FILTRE;2014;800008989;800002941;INIT;0;0;0;0;1;0;0;0;0;0;0;0;0;0;0;;0;0;0;;;;;;;;;;;;;0;0;0;0;0;0;0;0;
FILTRE;2014;800009417;800000085;DECLA;0;0;0;0;0;1;0;0;0;0;0;0;0;0;0;0;0;0;0;0;0;0;0;1;0;0;0;0;0;0;0;0;0;0;0;0;0;0;0;
FILTRE;2014;800009417;800000085;INIT;0;0;0;0;0;1;0;0;0;0;0;0;0;0;0;;0;0;0;;;;;;;;;;;;;0;0;0;0;0;0;0;0;
FILTRE;2014;800009466;800002982;DECLA;1;1;0;0;0;0;1;1;0;0;0;0;0;0;0;0;0;0;1;0;0;0;0;1;1;1;0;0;0;0;0;0;1;0;0;0;0;0;0;
FILTRE;2014;800009466;800002982;INIT;0;1;0;0;0;0;0;1;0;0;0;0;0;0;0;;0;0;1;;;;;;;;;;;;;0;0;1;0;0;0;0;0;
FILTRE;2014;800009920;800003071;DECLA;1;1;1;0;0;0;1;1;0;0;0;0;1;0;0;0;0;0;1;1;0;0;0;1;1;1;0;0;1;1;0;0;1;1;0;0;0;0;0;
FILTRE;2014;800009920;800003071;INIT;1;1;1;0;0;0;1;1;0;0;0;0;1;0;0;;0;0;1;;;;;;;;;;;;;0;0;1;0;0;0;0;0;
FILTRE;2014;800010159;590799995;DECLA;0;0;0;0;0;0;0;0;0;0;0;1;0;0;0;0;0;0;0;0;0;0;0;0;0;0;0;0;0;0;0;0;0;0;0;0;0;0;0;
FILTRE;2014;800010159;590799995;INIT;0;0;0;0;0;0;0;0;0;0;0;1;0;0;0;;0;0;0;;;;;;;;;;;;;0;0;0;0;0;0;0;0;
FILTRE;2014;800010324;590799995;DECLA;0;0;0;0;0;0;0;0;0;0;0;1;0;0;0;0;0;0;0;0;0;0;0;0;0;0;0;0;0;0;0;0;0;0;0;0;0;0;0;
FILTRE;2014;800010324;590799995;INIT;0;0;0;0;0;0;0;0;0;0;0;1;0;0;0;;0;0;0;;;;;;;;;;;;;0;0;0;0;0;0;0;0;
FILTRE;2014;800010639;800010621;DECLA;0;0;0;0;0;0;0;0;0;1;0;0;0;0;0;;0;0;0;;;;;;;;;;;;;0;0;0;0;0;0;0;0;
FILTRE;2014;800010639;800010621;INIT;0;0;0;0;0;0;0;0;0;1;0;0;0;0;0;;0;0;0;;;;;;;;;;;;;0;0;0;0;0;0;0;0;
FILTRE;2014;800012528;800003071;DECLA;0;0;0;0;1;0;0;0;0;0;0;0;0;0;0;1;0;0;0;0;0;0;0;1;0;1;0;0;1;0;0;0;0;0;0;0;0;0;0;
FILTRE;2014;800012528;800003071;INIT;0;0;0;0;1;0;0;0;0;0;0;0;0;0;0;;0;0;0;;;;;;;;;;;;;0;0;0;0;0;0;0;0;
FILTRE;2014;800013179;800013138;DECLA;1;0;0;0;0;0;1;1;0;0;1;0;0;0;0;0;0;0;1;1;0;1;1;1;0;1;0;0;0;1;0;0;0;0;0;0;0;0;0;
FILTRE;2014;800013179;800013138;INIT;1;0;0;0;0;0;1;1;0;0;1;0;0;0;0;;0;0;1;;;;;;;;;;;;;0;0;0;0;0;0;0;0;
FILTRE;2014;800015448;800000093;DECLA;0;0;0;0;0;0;0;0;0;0;0;0;0;0;1;0;0;0;0;0;0;0;0;0;0;0;0;0;0;0;0;0;0;0;0;0;0;0;0;
FILTRE;2014;800015448;800000093;INIT;0;0;0;0;0;0;0;0;0;0;0;0;0;0;1;;0;0;0;;;;;;;;;;;;;0;0;0;0;0;0;0;0;
FILTRE;2014;800015489;800000036;DECLA;0;0;0;0;0;0;0;0;0;0;0;0;0;0;1;0;0;0;0;0;0;0;0;1;0;1;0;0;0;0;1;0;0;0;0;0;0;0;0;
FILTRE;2014;800015489;800000036;INIT;0;0;0;0;0;0;0;0;0;0;0;0;0;0;1;;0;0;0;;;;;;;;;;;;;0;0;0;0;0;0;0;0;
FILTRE;2014;800015539;800000028;DECLA;0;0;0;0;0;0;0;0;0;0;0;0;0;0;1;0;0;0;0;0;0;0;0;0;0;0;0;0;0;0;0;0;0;0;0;0;0;0;0;
FILTRE;2014;800015539;800000028;INIT;0;0;0;0;0;0;0;0;0;0;0;0;0;0;1;;0;0;0;;;;;;;;;;;;;0;0;0;0;0;0;0;0;
FILTRE;2014;800015588;800000077;DECLA;0;0;0;0;0;0;0;0;0;0;0;0;0;0;1;0;0;0;0;0;0;0;0;0;0;0;0;0;0;0;0;0;0;0;0;0;0;0;0;
FILTRE;2014;800015588;800000077;INIT;0;0;0;0;0;0;0;0;0;0;0;0;0;0;1;;0;0;0;;;;;;;;;;;;;0;0;0;0;0;0;0;0;
FILTRE;2014;800015729;800015679;DECLA;1;1;0;0;0;0;1;0;0;0;0;0;0;0;0;0;1;0;1;1;0;1;1;1;0;1;1;0;0;0;0;1;1;0;0;0;0;0;0;
FILTRE;2014;800015729;800015679;INIT;1;0;0;0;0;0;1;0;0;0;0;0;0;0;0;;1;0;0;;;;;;;;;;;;;0;0;0;0;0;0;0;0;
FILTRE;2014;800016727;800003071;DECLA;0;0;0;0;1;0;0;0;0;0;0;0;0;0;0;0;0;0;0;0;0;0;0;0;0;0;0;0;0;0;0;;;;;;;;;
FILTRE;2014;800016727;800003071;INIT;0;0;0;0;1;0;0;0;0;0;0;0;0;0;0;;0;0;0;;;;;;;;;;;;;0;0;0;0;0;0;0;0;
FILTRE;2014;800016735;800000044;DECLA;0;0;0;0;1;0;0;0;0;0;0;0;0;0;0;0;0;0;0;0;0;0;0;0;0;0;0;0;0;0;0;0;0;0;0;0;0;0;0;
FILTRE;2014;800016735;800000044;INIT;0;0;0;0;1;0;0;0;0;0;0;0;0;0;0;;0;0;0;;;;;;;;;;;;;0;0;0;0;0;0;0;0;
FILTRE;2014;800016768;800003071;DECLA;0;0;0;0;0;0;0;0;0;0;0;0;0;0;1;0;0;0;0;0;0;0;0;0;0;0;0;0;0;0;0;0;0;0;0;0;0;0;0;
FILTRE;2014;800016768;800003071;INIT;0;0;0;0;0;0;0;0;0;0;0;0;0;0;1;;0;0;0;;;;;;;;;;;;;0;0;0;0;0;0;0;0;
FILTRE;2014;800016776;800000085;DECLA;0;0;0;0;0;0;0;0;0;0;0;0;0;0;1;0;0;0;0;0;0;0;0;0;0;0;0;0;0;0;0;0;0;0;0;0;0;0;0;
FILTRE;2014;800016776;800000085;INIT;0;0;0;0;0;0;0;0;0;0;0;0;0;0;1;;0;0;0;;;;;;;;;;;;;0;0;0;0;0;0;0;0;
FILTRE;2014;800017253;800000044;DECLA;0;0;0;0;0;0;0;1;0;0;0;0;0;0;0;0;0;0;1;0;0;0;0;0;0;0;0;0;0;0;0;0;0;0;0;0;0;0;0;
FILTRE;2014;800017253;800000044;INIT;0;0;0;0;0;0;0;1;0;0;0;0;0;0;0;;0;0;1;;;;;;;;;;;;;0;0;0;0;0;0;0;0;
FILTRE;2014;800018491;800018483;DECLA;0;0;0;0;0;0;0;1;0;0;0;0;0;0;0;0;0;0;1;0;0;0;0;1;0;0;0;0;0;0;0;0;0;0;0;0;0;0;0;
FILTRE;2014;800018491;800018483;INIT;0;0;0;0;0;0;0;1;0;0;0;0;0;0;0;;0;0;1;;;;;;;;;;;;;0;0;0;0;0;0;0;0;
FILTRE;2014;810000158;810100099;DECLA;0;0;0;0;1;0;0;0;0;0;0;0;0;0;0;0;0;0;0;0;0;0;0;1;0;1;0;0;0;1;0;0;0;0;0;0;0;0;0;
FILTRE;2014;810000158;810100099;INIT;0;0;0;0;1;0;0;0;0;0;0;0;0;0;0;;0;0;0;;;;;;;;;;;;;0;0;0;0;0;0;0;0;
FILTRE;2014;810000224;810000471;DECLA;1;1;1;0;0;0;1;1;0;1;1;1;1;0;0;0;1;0;1;1;0;1;0;1;1;1;1;1;0;1;1;1;1;1;0;0;0;0;0;
FILTRE;2014;810000224;810000471;INIT;1;1;1;0;0;0;1;1;0;1;1;1;1;0;0;;1;0;1;;;;;;;;;;;;;1;1;1;0;0;0;0;0;
FILTRE;2014;810000232;810099903;DECLA;0;0;0;0;1;0;0;0;0;0;0;0;0;0;0;0;0;0;0;1;0;0;0;1;0;1;0;0;0;0;0;0;0;0;0;0;0;0;0;
FILTRE;2014;810000232;810099903;INIT;0;0;0;0;1;0;0;0;0;0;0;0;0;0;0;;0;0;0;;;;;;;;;;;;;0;0;0;0;0;0;0;0;
FILTRE;2014;810000448;810099945;DECLA;1;0;0;0;1;0;0;0;0;0;0;0;0;0;0;0;0;0;0;1;0;0;0;1;0;1;0;0;0;1;0;0;0;0;0;0;0;0;0;
FILTRE;2014;810000448;810099945;INIT;1;0;0;0;1;0;1;0;0;0;0;0;0;0;0;;0;0;0;;;;;;;;;;;;;0;0;0;0;0;0;0;0;
FILTRE;2014;810000505;810000331;DECLA;1;1;1;0;1;1;1;1;0;0;1;0;1;0;1;0;1;1;1;1;1;1;0;1;1;1;1;1;1;1;1;1;1;1;0;0;0;0;0;
FILTRE;2014;810000505;810000331;INIT;1;1;1;0;1;1;1;1;0;0;1;0;1;0;1;;1;1;1;;;;;;;;;;;;;1;1;1;0;0;0;0;0;
FILTRE;2014;810000513;810000349;DECLA;1;0;0;0;1;1;1;0;0;0;0;0;0;0;0;1;0;0;0;1;0;0;0;1;0;1;0;0;0;1;0;0;0;0;0;0;0;0;0;
FILTRE;2014;810000513;810000349;INIT;1;0;0;0;1;1;1;0;0;0;0;0;0;0;0;;0;0;0;;;;;;;;;;;;;0;0;0;0;0;0;0;0;
FILTRE;2014;810000521;810000380;DECLA;1;1;1;0;0;0;1;1;0;0;1;0;1;0;1;0;1;1;1;1;1;0;0;1;1;1;1;1;0;1;1;1;1;1;0;0;0;0;0;
FILTRE;2014;810000521;810000380;INIT;1;1;1;0;1;0;1;1;0;0;1;0;1;0;1;;1;1;1;;;;;;;;;;;;;1;1;1;0;0;0;0;0;
FILTRE;2014;810000539;810000398;DECLA;1;0;0;0;1;0;1;0;0;0;0;0;0;0;0;0;0;0;0;0;0;0;0;1;0;1;0;0;0;1;1;0;0;0;0;0;0;0;0;
FILTRE;2014;810000539;810000398;INIT;1;0;0;0;1;0;1;0;0;0;0;0;0;0;0;;0;0;0;;;;;;;;;;;;;0;0;0;0;0;0;0;0;
FILTRE;2014;810000547;810000380;DECLA;0;0;0;0;1;0;0;0;0;0;0;0;0;0;0;0;0;0;0;0;0;0;0;0;0;0;0;0;0;0;0;0;0;0;0;0;0;0;0;
FILTRE;2014;810000547;810000380;INIT;0;0;0;0;1;0;0;0;0;0;0;0;0;0;0;;0;0;0;;;;;;;;;;;;;0;0;0;0;0;0;0;0;
FILTRE;2014;810000562;810000455;DECLA;1;0;1;1;1;1;1;1;1;0;0;0;1;0;0;0;1;1;1;1;0;1;1;1;1;1;1;1;0;1;1;0;1;0;0;0;0;0;0;
FILTRE;2014;810000562;810000455;INIT;1;0;1;0;1;1;1;1;0;0;0;0;1;0;0;;1;1;1;;;;;;;;;;;;;0;0;0;0;0;0;0;0;
FILTRE;2014;810003368;810000471;DECLA;0;0;0;0;0;0;0;0;0;0;0;1;0;0;0;0;0;0;0;0;0;0;0;0;0;0;0;0;0;0;0;0;0;0;0;0;0;0;0;
FILTRE;2014;810003368;810000471;INIT;0;0;0;0;0;0;0;0;0;0;0;1;0;0;0;;0;0;0;;;;;;;;;;;;;0;0;0;0;0;0;0;0;
FILTRE;2014;810003954;810099903;DECLA;0;0;0;0;1;0;0;0;0;0;0;0;0;0;0;0;0;0;0;0;0;0;0;1;0;1;0;0;0;0;0;0;0;0;0;0;0;0;0;
FILTRE;2014;810003954;810099903;INIT;0;0;0;0;1;0;0;0;0;0;0;0;0;0;0;;0;0;0;;;;;;;;;;;;;0;0;0;0;0;0;0;0;
FILTRE;2014;810004200;920000395;DECLA;0;0;0;0;1;0;0;0;0;0;0;0;0;0;0;0;0;0;0;0;0;0;0;0;0;0;0;0;0;0;0;0;0;0;0;0;0;0;0;
FILTRE;2014;810004200;920000395;INIT;0;0;0;0;1;0;0;0;0;0;0;0;0;0;0;;0;0;0;;;;;;;;;;;;;0;0;0;0;0;0;0;0;
FILTRE;2014;810007989;750047367;DECLA;0;0;0;0;0;0;0;0;0;0;0;0;0;0;1;0;0;0;0;0;0;0;0;0;0;0;0;0;0;0;1;0;0;0;0;0;0;0;0;
FILTRE;2014;810007989;750047367;INIT;0;0;0;0;0;0;0;0;0;0;0;0;0;0;1;;0;0;0;;;;;;;;;;;;;0;0;0;0;0;0;0;0;
FILTRE;2014;810008698;810000471;DECLA;0;0;0;0;0;0;0;0;0;0;0;1;0;0;0;0;0;0;0;0;0;0;0;0;0;0;0;0;0;0;0;0;0;0;0;0;0;0;0;
FILTRE;2014;810008698;810000471;INIT;0;0;0;0;0;0;0;0;0;0;0;1;0;0;0;;0;0;0;;;;;;;;;;;;;0;0;0;0;0;0;0;0;
FILTRE;2014;810099838;810000380;DECLA;0;0;0;0;1;1;0;0;0;0;0;0;0;0;0;0;0;0;0;0;0;0;0;0;0;0;0;0;0;0;0;0;0;0;0;0;0;0;0;
FILTRE;2014;810099838;810000380;INIT;0;0;0;0;1;1;0;0;0;0;0;0;0;0;0;;0;0;0;;;;;;;;;;;;;0;0;0;0;0;0;0;0;
FILTRE;2014;810100008;810100008;DECLA;0;0;0;1;0;0;0;0;1;0;0;0;0;0;0;0;0;0;0;0;0;0;0;1;0;1;1;0;0;0;1;0;0;0;0;0;0;0;0;
FILTRE;2014;810100008;810100008;INIT;0;0;0;0;0;0;0;0;1;0;0;0;0;0;0;;0;0;0;;;;;;;;;;;;;0;0;0;0;0;0;0;0;
FILTRE;2014;810100370;810000380;DECLA;0;0;0;0;0;1;0;0;0;0;0;0;0;0;0;0;0;0;0;0;0;0;0;0;0;0;0;0;0;0;0;0;0;0;0;0;0;0;0;
FILTRE;2014;810100370;810000380;INIT;0;0;0;0;0;1;0;0;0;0;0;0;0;0;0;;0;0;0;;;;;;;;;;;;;0;0;0;0;0;0;0;0;
FILTRE;2014;810101170;810101162;DECLA;0;1;0;0;1;0;1;1;0;0;1;0;0;0;0;0;0;0;1;0;0;0;0;1;1;1;0;0;0;0;0;0;1;1;0;0;0;0;0;
FILTRE;2014;810101170;810101162;INIT;1;1;0;0;1;0;1;1;0;0;1;0;0;0;0;;0;0;1;;;;;;;;;;;;;0;0;1;0;0;0;0;0;
FILTRE;2014;810101444;810000992;DECLA;1;1;0;0;0;0;0;1;0;0;1;0;0;0;0;0;1;0;1;0;0;1;0;1;1;1;0;0;0;0;0;0;1;1;0;0;0;0;0;
FILTRE;2014;810101444;810000992;INIT;1;1;0;0;0;0;1;1;0;0;1;0;0;0;0;;1;0;1;;;;;;;;;;;;;0;0;1;0;0;0;0;0;
FILTRE;2014;810101741;810000471;DECLA;0;0;0;0;0;0;0;0;0;0;0;1;0;0;0;0;0;0;0;0;0;0;0;0;0;0;0;0;0;0;0;0;0;0;0;0;0;0;0;
FILTRE;2014;810101741;810000471;INIT;0;0;0;0;0;0;0;0;0;0;0;1;0;0;0;;0;0;0;;;;;;;;;;;;;0;0;0;0;0;0;0;0;
FILTRE;2014;810101758;810000471;DECLA;0;0;0;0;0;0;0;0;0;0;0;1;0;0;0;0;0;0;0;0;0;0;0;0;0;0;0;0;0;0;0;0;0;0;0;0;0;0;0;
FILTRE;2014;810101758;810000471;INIT;0;0;0;0;0;0;0;0;0;0;0;1;0;0;0;;0;0;0;;;;;;;;;;;;;0;0;0;0;0;0;0;0;
FILTRE;2014;810102947;810000471;DECLA;0;0;0;0;0;0;0;0;0;0;0;1;0;0;0;0;0;0;0;0;0;0;0;0;0;0;0;0;0;0;0;0;0;0;0;0;0;0;0;
FILTRE;2014;810102947;810000471;INIT;0;0;0;0;0;0;0;0;0;0;0;1;0;0;0;;0;0;0;;;;;;;;;;;;;0;0;0;0;0;0;0;0;
FILTRE;2014;820000032;820000016;DECLA;1;1;1;1;1;1;1;1;1;0;1;0;1;1;1;1;1;1;1;1;1;1;1;1;1;1;1;1;1;1;1;1;1;1;0;0;0;0;0;
FILTRE;2014;820000032;820000016;INIT;1;1;1;1;1;1;1;1;1;0;1;0;1;0;1;;1;1;1;;;;;;;;;;;;;1;1;1;0;0;0;0;0;
FILTRE;2014;820000040;820000081;DECLA;1;1;1;0;0;0;0;1;0;0;0;0;1;0;0;0;0;0;1;1;0;0;0;1;1;1;0;0;0;0;0;0;0;1;0;0;0;0;0;
FILTRE;2014;820000040;820000081;INIT;1;1;1;0;0;0;1;1;0;0;0;0;1;0;0;;0;0;1;;;;;;;;;;;;;0;0;1;0;0;0;0;0;
FILTRE;2014;820000057;820000131;DECLA;1;1;1;0;0;0;1;1;0;0;1;1;1;0;0;0;1;0;1;1;0;1;0;1;1;1;0;0;0;1;0;1;1;1;0;0;0;0;0;
FILTRE;2014;820000057;820000131;INIT;1;1;1;0;0;0;1;1;0;0;1;1;1;0;0;;1;0;1;;;;;;;;;;;;;1;1;1;0;0;0;0;0;
FILTRE;2014;820000065;820000156;DECLA;1;1;0;0;0;0;0;1;0;0;0;0;0;0;0;0;0;0;1;0;0;1;1;1;1;1;1;0;0;0;0;0;0;1;0;0;0;0;0;
FILTRE;2014;820000065;820000156;INIT;0;1;0;0;0;0;0;1;0;0;0;0;0;0;0;;0;0;1;;;;;;;;;;;;;0;0;1;0;0;0;0;0;
FILTRE;2014;820000198;820004950;DECLA;0;0;0;0;1;0;0;0;0;0;0;0;0;0;0;0;0;0;0;0;0;0;0;0;0;0;0;1;0;0;0;0;0;0;0;0;0;0;0;
FILTRE;2014;820000198;820004950;INIT;0;0;0;0;1;0;0;0;0;0;0;0;0;0;0;;0;0;0;;;;;;;;;;;;;0;0;0;0;0;0;0;0;
FILTRE;2014;820000412;820000560;DECLA;0;0;0;0;1;0;0;0;0;0;0;0;0;0;0;0;0;0;0;0;0;0;0;0;0;1;0;0;0;0;0;0;0;0;0;0;0;0;0;
FILTRE;2014;820000412;820000560;INIT;0;0;0;0;1;0;0;0;0;0;0;0;0;0;0;;0;0;0;;;;;;;;;;;;;0;0;0;0;0;0;0;0;
FILTRE;2014;820000420;820000206;DECLA;0;0;0;0;1;0;0;0;0;0;0;0;0;0;0;0;0;0;0;0;0;0;0;1;0;1;1;0;0;0;1;0;0;0;0;0;0;0;0;
FILTRE;2014;820000420;820000206;INIT;0;0;0;0;1;0;0;0;0;0;0;0;0;0;0;;0;0;0;;;;;;;;;;;;;0;0;0;0;0;0;0;0;
FILTRE;2014;820000438;820000214;DECLA;0;0;0;0;0;1;0;0;0;0;0;0;0;0;0;0;0;0;0;0;0;0;0;1;0;0;0;0;0;0;1;0;0;0;0;0;0;0;0;
FILTRE;2014;820000438;820000214;INIT;0;0;0;0;0;1;0;0;0;0;0;0;0;0;0;;0;0;0;;;;;;;;;;;;;0;0;0;0;0;0;0;0;
FILTRE;2014;820000461;820000248;DECLA;0;0;0;0;1;0;0;0;0;0;0;0;0;0;0;0;0;0;0;0;0;0;0;1;0;1;0;0;0;0;1;0;0;0;0;0;0;0;0;
FILTRE;2014;820000461;820000248;INIT;0;0;0;0;1;0;0;0;0;0;0;0;0;0;0;;0;0;0;;;;;;;;;;;;;0;0;0;0;0;0;0;0;
FILTRE;2014;820000883;820004950;DECLA;1;1;0;0;1;0;1;1;0;0;0;0;0;0;1;0;1;1;1;1;0;1;0;1;1;1;0;1;0;1;1;0;0;0;0;0;0;0;0;
FILTRE;2014;820000883;820004950;INIT;1;1;0;0;1;0;1;1;0;0;0;0;0;1;1;;1;1;1;;;;;;;;;;;;;0;0;0;0;0;0;0;0;
FILTRE;2014;820001550;820000131;DECLA;0;0;0;0;0;0;0;0;0;0;0;1;0;0;0;0;0;0;0;0;0;0;0;0;0;0;0;0;0;0;0;0;0;0;0;0;0;0;0;
FILTRE;2014;820001550;820000131;INIT;0;0;0;0;0;0;0;0;0;0;0;1;0;0;0;;0;0;0;;;;;;;;;;;;;0;0;0;0;0;0;0;0;
FILTRE;2014;820002152;310781562;DECLA;0;0;0;1;0;0;0;0;0;0;0;0;0;0;0;0;0;0;0;0;0;0;0;0;0;0;0;0;0;0;1;0;0;0;0;0;0;0;0;
FILTRE;2014;820002350;820000578;DECLA;0;0;0;0;1;0;0;0;0;0;0;0;0;0;0;0;0;0;0;1;0;0;0;1;0;1;0;0;0;0;0;0;0;0;0;0;0;0;0;
FILTRE;2014;820002350;820000578;INIT;0;0;0;0;1;0;0;0;0;0;0;0;0;0;0;;0;0;0;;;;;;;;;;;;;0;0;0;0;0;0;0;0;
FILTRE;2014;820003218;820008142;DECLA;0;0;0;0;1;0;0;0;0;0;0;0;0;0;0;0;0;0;0;0;0;0;0;1;0;1;0;0;0;0;0;0;0;0;0;0;0;0;0;
FILTRE;2014;820003218;820008142;INIT;0;0;0;0;1;0;0;0;0;0;0;0;0;0;0;;0;0;0;;;;;;;;;;;;;0;0;0;0;0;0;0;0;
FILTRE;2014;820003911;240000265;DECLA;0;0;0;1;0;0;0;0;1;0;0;0;0;0;0;0;0;0;0;0;0;0;0;0;0;0;0;0;0;0;1;0;0;0;0;0;0;0;0;
FILTRE;2014;820003911;240000265;INIT;0;0;0;1;0;0;0;0;1;0;0;0;0;0;0;;0;0;0;;;;;;;;;;;;;0;0;0;0;0;0;0;0;
FILTRE;2014;820004067;820000016;DECLA;0;0;0;1;0;0;0;0;1;0;0;0;0;0;0;0;0;0;0;0;0;0;0;0;0;0;0;0;0;0;0;0;0;0;0;0;0;0;0;
FILTRE;2014;820004067;820000016;INIT;0;0;0;1;0;0;0;0;1;0;0;0;0;0;0;;0;0;0;;;;;;;;;;;;;0;0;0;0;0;0;0;0;
FILTRE;2014;820005791;820000131;DECLA;0;0;0;0;0;0;0;0;0;0;0;1;0;0;0;0;0;0;0;0;0;0;0;0;0;0;0;0;0;0;0;0;0;0;0;0;0;0;0;
FILTRE;2014;820005791;820000131;INIT;0;0;0;0;0;0;0;0;0;0;0;1;0;0;0;;0;0;0;;;;;;;;;;;;;0;0;0;0;0;0;0;0;
FILTRE;2014;820007102;310797519;DECLA;0;0;0;0;0;0;0;0;0;1;0;0;0;0;0;0;0;0;0;0;0;0;0;0;0;0;0;0;0;0;0;0;0;0;0;0;0;0;0;
FILTRE;2014;820007102;310797519;INIT;0;0;0;0;0;0;0;0;0;1;0;0;0;0;0;;0;0;0;;;;;;;;;;;;;0;0;0;0;0;0;0;0;
FILTRE;2014;820007920;820000131;DECLA;0;0;0;0;0;0;0;0;0;0;0;1;0;0;0;0;0;0;0;0;0;0;0;0;0;0;0;0;0;0;0;0;0;0;0;0;0;0;0;
FILTRE;2014;820007920;820000131;INIT;0;0;0;0;0;0;0;0;0;0;0;1;0;0;0;;0;0;0;;;;;;;;;;;;;0;0;0;0;0;0;0;0;
FILTRE;2014;830000279;830100517;DECLA;1;1;1;0;0;1;1;1;0;0;1;0;1;0;0;0;1;1;1;1;1;1;1;1;1;1;1;0;0;0;0;0;1;1;0;0;0;0;0;
FILTRE;2014;830000279;830100517;INIT;1;1;1;0;0;1;1;1;0;0;0;0;1;0;0;;1;1;1;;;;;;;;;;;;;0;0;1;0;0;0;0;0;
FILTRE;2014;830000287;830100525;DECLA;1;1;1;1;1;0;1;1;1;0;1;0;1;0;0;1;1;1;1;1;1;1;0;1;1;1;1;0;0;1;1;0;1;1;0;0;0;0;0;
FILTRE;2014;830000287;830100525;INIT;1;1;1;1;1;0;1;1;1;0;1;0;1;0;0;;1;1;1;;;;;;;;;;;;;0;1;1;0;0;0;0;0;
FILTRE;2014;830000295;830100533;DECLA;1;1;1;0;0;0;1;1;0;0;1;0;1;0;0;1;1;1;1;1;1;1;1;1;1;1;1;0;0;0;1;0;1;1;0;0;0;0;0;
FILTRE;2014;830000295;830100533;INIT;1;1;1;0;0;0;1;1;0;0;0;0;1;0;0;;1;1;1;;;;;;;;;;;;;0;1;1;0;0;0;0;0;
FILTRE;2014;830000303;830100541;DECLA;0;0;0;0;1;0;0;0;0;0;0;0;0;0;0;1;0;0;0;1;1;1;1;1;0;1;0;0;0;0;0;0;0;0;0;0;0;0;0;
FILTRE;2014;830000303;830100541;INIT;0;0;0;0;1;0;0;0;0;0;0;0;0;0;0;;0;0;0;;;;;;;;;;;;;0;0;0;0;0;0;0;0;
FILTRE;2014;830000311;830100566;DECLA;1;1;1;1;0;0;1;1;1;0;1;0;1;1;0;0;1;1;1;1;1;1;1;1;1;1;1;1;1;1;1;1;1;1;0;0;0;0;0;
FILTRE;2014;830000311;830100566;INIT;1;1;1;1;0;0;1;1;1;0;1;0;1;0;0;;1;1;1;;;;;;;;;;;;;1;1;1;0;0;0;0;0;
FILTRE;2014;830000337;830100590;DECLA;1;0;1;0;0;1;1;0;0;0;1;0;1;0;0;0;1;1;1;1;0;0;0;1;0;1;0;0;1;1;0;0;0;0;0;0;0;0;0;
FILTRE;2014;830000337;830100590;INIT;1;0;1;0;0;1;1;0;0;0;0;0;1;0;0;;1;1;0;;;;;;;;;;;;;0;0;0;0;0;0;0;0;
FILTRE;2014;830000345;830100616;DECLA;1;1;1;1;0;0;1;1;1;0;1;1;1;0;0;1;1;1;1;1;1;1;1;1;1;1;1;1;1;1;1;1;1;1;0;0;0;0;0;
FILTRE;2014;830000345;830100616;INIT;1;1;1;1;0;0;1;1;1;1;1;1;1;0;0;;1;1;1;;;;;;;;;;;;;1;1;1;0;0;0;0;0;
FILTRE;2014;830000600;830101200;DECLA;0;0;0;1;0;0;0;0;1;0;0;0;0;0;0;0;0;0;0;0;0;0;0;1;0;1;0;0;0;0;1;0;0;0;0;0;0;0;0;
FILTRE;2014;830000600;830101200;INIT;0;0;0;1;0;0;0;0;1;0;0;0;0;0;0;;0;0;0;;;;;;;;;;;;;0;0;0;0;0;0;0;0;
FILTRE;2014;830009528;830100566;DECLA;0;0;0;0;0;0;1;0;0;0;0;0;0;0;0;0;0;0;0;0;0;0;0;0;0;0;0;0;0;0;0;0;0;0;0;0;0;0;0;
FILTRE;2014;830012498;830014049;DECLA;0;0;0;0;0;0;0;0;0;0;0;0;0;0;1;0;0;0;0;0;0;0;0;0;0;0;0;0;0;0;0;0;0;0;0;0;0;0;0;
FILTRE;2014;830012498;830014049;INIT;0;0;0;0;0;0;0;0;0;0;0;0;0;0;1;;0;0;0;;;;;;;;;;;;;0;0;0;0;0;0;0;0;
FILTRE;2014;830012548;830002119;DECLA;0;0;0;0;0;0;0;0;0;0;0;1;0;0;0;0;0;0;0;0;0;0;0;1;1;0;1;0;0;0;0;0;0;0;0;0;0;0;0;
FILTRE;2014;830012548;830002119;INIT;0;0;0;0;0;0;0;0;0;0;0;1;0;0;0;;0;0;0;;;;;;;;;;;;;0;0;0;0;0;0;0;0;
FILTRE;2014;830012589;830003695;DECLA;0;0;0;0;0;0;0;0;0;0;0;1;0;0;0;0;0;0;0;0;0;0;0;1;0;1;0;0;0;0;0;0;0;0;0;0;0;0;0;
FILTRE;2014;830012589;830003695;INIT;0;0;0;0;0;0;0;0;0;0;0;1;0;0;0;;0;0;0;;;;;;;;;;;;;0;0;0;0;0;0;0;0;
FILTRE;2014;830012688;830012639;DECLA;0;0;0;0;0;0;1;0;0;0;0;1;0;0;0;0;0;0;0;0;0;0;0;1;0;0;0;0;0;0;0;0;0;0;0;0;0;0;0;
FILTRE;2014;830012688;830012639;INIT;0;0;0;0;0;0;0;0;0;0;0;1;0;0;0;;0;0;0;;;;;;;;;;;;;0;0;0;0;0;0;0;0;
FILTRE;2014;830013629;130002041;DECLA;0;0;0;0;0;1;0;0;0;0;0;0;0;0;0;0;0;0;0;0;0;0;0;1;0;0;0;0;0;0;0;0;0;0;0;0;0;0;0;
FILTRE;2014;830013629;130002041;INIT;0;0;0;0;0;1;0;0;0;0;0;0;0;0;0;;0;0;0;;;;;;;;;;;;;0;0;0;0;0;0;0;0;
FILTRE;2014;830013819;830002119;DECLA;0;0;0;0;0;0;0;0;0;0;0;1;0;0;0;0;0;0;0;0;0;0;0;1;1;0;1;0;0;0;0;0;0;0;0;0;0;0;0;
FILTRE;2014;830013819;830002119;INIT;0;0;0;0;0;0;0;0;0;0;0;1;0;0;0;;0;0;0;;;;;;;;;;;;;0;0;0;0;0;0;0;0;
FILTRE;2014;830015970;830003695;DECLA;0;0;0;0;0;0;0;0;0;0;0;1;0;0;0;0;0;0;0;0;0;0;0;0;0;0;0;0;0;0;0;0;0;0;0;0;0;0;0;
FILTRE;2014;830015970;830003695;INIT;0;0;0;0;0;0;0;0;0;0;0;1;0;0;0;;0;0;0;;;;;;;;;;;;;0;0;0;0;0;0;0;0;
FILTRE;2014;830016556;830000451;DECLA;0;0;0;0;1;0;0;0;0;0;0;0;0;0;0;0;0;0;0;1;0;0;0;1;0;1;0;0;0;0;1;0;0;0;0;0;0;0;0;
FILTRE;2014;830016556;830000451;INIT;0;0;0;0;1;0;0;0;0;0;0;0;0;0;0;;0;0;0;;;;;;;;;;;;;0;0;0;0;0;0;0;0;
FILTRE;2014;830016671;830003695;DECLA;0;0;0;0;0;0;0;0;0;0;0;1;0;0;0;0;0;0;0;0;0;0;0;0;0;0;0;0;0;0;0;0;0;0;0;0;0;0;0;
FILTRE;2014;830016671;830003695;INIT;0;0;0;0;0;0;0;0;0;0;0;1;0;0;0;;0;0;0;;;;;;;;;;;;;0;0;0;0;0;0;0;0;
FILTRE;2014;830017372;750721235;DECLA;0;0;0;0;1;1;0;0;0;0;0;0;0;0;0;0;0;0;0;0;0;0;0;1;0;1;1;1;0;1;1;0;0;0;0;0;0;0;0;
FILTRE;2014;830017372;750721235;INIT;0;0;0;0;1;1;0;0;0;0;0;0;0;0;0;;0;0;0;;;;;;;;;;;;;0;0;0;0;0;0;0;0;
FILTRE;2014;830017497;830004958;DECLA;0;0;0;1;0;0;0;0;0;0;0;0;0;0;0;0;0;0;0;0;0;0;0;1;0;0;0;0;0;0;0;0;0;0;0;0;0;0;0;
FILTRE;2014;830017497;830004958;INIT;0;0;0;1;0;0;0;0;0;0;0;0;0;0;0;;0;0;0;;;;;;;;;;;;;0;0;0;0;0;0;0;0;
FILTRE;2014;830017505;830002119;DECLA;0;0;0;0;0;0;0;0;0;0;0;1;0;0;0;0;0;0;0;0;0;0;0;1;1;0;1;0;0;0;0;0;0;0;0;0;0;0;0;
FILTRE;2014;830017505;830002119;INIT;0;0;0;0;0;0;0;0;0;0;0;1;0;0;0;;0;0;0;;;;;;;;;;;;;0;0;0;0;0;0;0;0;
FILTRE;2014;830019600;830000063;DECLA;0;0;0;0;0;0;0;0;0;0;0;0;0;0;1;0;0;0;0;0;0;0;0;0;0;0;0;0;0;0;0;0;0;0;0;0;0;0;0;
FILTRE;2014;830019600;830000063;INIT;0;0;0;0;0;0;0;0;0;0;0;0;0;0;1;;0;0;0;;;;;;;;;;;;;0;0;0;0;0;0;0;0;
FILTRE;2014;830100012;750712184;DECLA;0;0;0;0;1;0;0;0;0;0;0;0;0;0;0;0;0;0;0;1;0;0;0;1;0;1;0;0;0;1;0;0;0;0;0;0;0;0;0;
FILTRE;2014;830100012;750712184;INIT;0;0;0;0;1;0;0;0;0;0;0;0;0;0;0;;0;0;0;;;;;;;;;;;;;0;0;0;0;0;0;0;0;
FILTRE;2014;830100087;750043994;DECLA;0;0;0;0;1;0;0;0;0;0;0;0;0;0;0;0;0;0;0;0;0;0;0;0;0;0;0;0;0;0;0;0;0;0;0;0;0;0;0;
FILTRE;2014;830100103;830000022;DECLA;1;1;0;0;0;0;1;1;0;0;1;1;0;0;0;0;0;0;1;0;0;0;0;1;1;1;0;0;0;0;0;0;1;1;0;0;0;0;0;
FILTRE;2014;830100103;830000022;INIT;1;1;0;0;0;0;1;1;0;0;1;1;0;0;0;;0;0;1;;;;;;;;;;;;;0;0;1;0;0;0;0;0;
FILTRE;2014;830100251;830000063;DECLA;1;1;1;0;0;0;1;1;0;0;1;0;1;0;0;0;0;0;1;1;0;1;1;1;1;0;0;0;0;1;0;0;1;1;0;0;0;0;0;
FILTRE;2014;830100251;830000063;INIT;1;1;0;0;0;0;1;1;0;0;1;0;1;0;0;;0;0;1;;;;;;;;;;;;;0;0;1;0;0;0;0;0;
FILTRE;2014;830100319;750052425;DECLA;1;1;0;0;0;0;1;1;0;0;0;1;0;0;0;0;0;0;1;1;0;1;1;1;1;0;0;0;0;0;0;1;1;1;0;0;0;0;0;
FILTRE;2014;830100319;750052425;INIT;1;1;0;0;0;0;1;1;0;0;0;0;0;0;0;;0;0;1;;;;;;;;;;;;;1;1;1;0;0;0;0;0;
FILTRE;2014;830100327;830000105;DECLA;0;1;0;0;0;0;0;1;0;0;0;0;0;0;0;0;0;0;1;0;0;1;1;1;1;1;0;0;0;0;0;0;0;1;0;0;0;0;0;
FILTRE;2014;830100327;830000105;INIT;0;1;0;0;0;0;0;1;0;0;0;0;0;0;0;;0;0;1;;;;;;;;;;;;;0;0;1;0;0;0;0;0;
FILTRE;2014;830100368;830000147;DECLA;0;1;0;0;0;0;0;1;0;0;0;0;0;0;0;0;0;0;1;0;0;0;0;1;1;1;0;0;0;0;0;0;0;0;0;0;0;0;0;
FILTRE;2014;830100368;830000147;INIT;0;1;0;0;0;0;0;1;0;0;0;0;0;0;0;;0;0;1;;;;;;;;;;;;;0;0;0;0;0;0;0;0;
FILTRE;2014;830100392;830000154;DECLA;1;1;0;0;0;0;1;1;0;0;1;0;0;0;1;0;0;0;1;1;0;1;0;1;1;1;0;0;0;0;0;0;1;1;0;0;0;0;0;
FILTRE;2014;830100392;830000154;INIT;1;1;0;0;0;0;1;1;0;0;0;0;0;0;1;;0;0;1;;;;;;;;;;;;;0;0;1;0;0;0;0;0;
FILTRE;2014;830100418;830000170;DECLA;1;1;0;0;0;0;0;1;0;0;0;0;0;0;0;0;0;0;1;0;0;0;0;1;1;1;0;0;0;0;0;0;0;1;0;0;0;0;0;
FILTRE;2014;830100418;830000170;INIT;0;1;0;0;0;0;0;1;0;0;0;0;0;0;0;;0;0;1;;;;;;;;;;;;;0;0;1;0;0;0;0;0;
FILTRE;2014;830100434;830000196;DECLA;1;1;1;0;0;0;1;1;0;0;1;0;1;0;0;0;0;0;1;0;0;0;0;1;1;1;0;0;0;0;0;0;1;1;0;0;0;0;0;
FILTRE;2014;830100434;830000196;INIT;1;1;1;0;0;0;1;1;0;0;0;0;1;0;0;;0;0;1;;;;;;;;;;;;;0;0;1;0;0;0;0;0;
FILTRE;2014;830100442;830000204;DECLA;0;0;0;1;0;0;0;0;1;0;0;0;0;0;0;0;0;0;0;0;0;0;0;1;0;1;0;0;0;0;0;0;0;0;0;0;0;0;0;
FILTRE;2014;830100442;830000204;INIT;0;0;0;1;0;0;0;0;1;0;0;0;0;0;0;;0;0;0;;;;;;;;;;;;;0;0;0;0;0;0;0;0;
FILTRE;2014;830100459;830000212;DECLA;1;1;1;0;0;0;1;1;0;0;0;0;1;0;0;0;0;0;1;0;0;1;0;1;1;0;0;0;0;0;0;0;1;1;0;0;0;0;0;
FILTRE;2014;830100459;830000212;INIT;1;1;0;0;0;0;1;1;0;0;0;1;1;0;0;;0;0;1;;;;;;;;;;;;;0;0;1;0;0;0;0;0;
FILTRE;2014;830100475;830000238;DECLA;0;1;0;0;0;0;1;1;0;0;0;0;0;0;0;0;0;0;1;0;0;0;0;1;1;1;0;0;0;0;0;0;0;0;0;0;0;0;0;
FILTRE;2014;830100475;830000238;INIT;0;1;0;0;0;0;0;1;0;0;0;0;1;0;0;;0;0;1;;;;;;;;;;;;;0;0;0;0;0;0;0;0;
FILTRE;2014;830100491;830000212;DECLA;0;1;0;0;0;0;1;1;0;0;0;0;0;0;0;0;0;0;1;0;0;0;0;1;0;0;0;0;0;0;0;0;0;0;0;0;0;0;0;
FILTRE;2014;830100491;830000212;INIT;0;1;0;0;0;0;0;1;0;0;0;0;0;0;0;;0;0;1;;;;;;;;;;;;;0;0;0;0;0;0;0;0;
FILTRE;2014;830100558;690781810;DECLA;1;1;0;0;1;0;1;0;0;0;0;0;0;0;0;0;0;0;1;1;0;0;0;1;1;1;0;0;0;0;0;0;0;0;0;0;0;0;0;
FILTRE;2014;830100558;690781810;INIT;1;1;0;0;1;0;1;0;0;0;0;0;0;0;0;;0;0;1;;;;;;;;;;;;;0;0;0;0;0;0;0;0;
FILTRE;2014;830100574;750821092;DECLA;1;1;0;1;0;0;1;1;1;0;1;1;0;0;0;0;1;0;1;1;1;1;1;1;1;1;1;1;0;1;0;1;1;1;1;1;0;1;0;
FILTRE;2014;830100574;750821092;INIT;1;1;0;1;0;0;1;0;0;0;1;1;0;0;0;;1;0;1;;;;;;;;;;;;;1;1;1;1;0;0;1;0;
FILTRE;2014;830100582;750721334;DECLA;0;0;0;0;0;0;0;0;0;1;0;0;0;0;0;;0;0;0;;;;;;;;;;;;;0;0;0;0;0;0;0;0;
FILTRE;2014;830100582;750721334;INIT;0;0;0;0;0;0;0;0;0;1;0;0;0;0;0;;0;0;0;;;;;;;;;;;;;0;0;0;0;0;0;0;0;
FILTRE;2014;830100608;830100616;DECLA;1;0;0;1;1;1;1;0;1;0;1;0;0;1;0;1;1;0;0;1;0;1;0;0;0;0;0;0;0;1;1;0;0;0;0;0;0;0;0;
FILTRE;2014;830100608;830100616;INIT;1;0;0;0;1;1;1;0;1;0;0;0;0;0;0;;1;0;0;;;;;;;;;;;;;0;0;0;0;0;0;0;0;
FILTRE;2014;830100624;830000352;DECLA;0;0;0;0;1;0;0;0;0;0;0;0;0;0;0;1;0;0;0;0;0;0;0;0;0;0;0;0;0;0;0;0;0;0;0;0;0;0;0;
FILTRE;2014;830100624;830000352;INIT;0;0;0;0;1;0;0;0;0;0;0;0;0;0;0;;0;0;0;;;;;;;;;;;;;0;0;0;0;0;0;0;0;
FILTRE;2014;830100632;250002284;DECLA;0;0;0;0;1;0;0;0;0;0;0;0;0;0;0;0;0;0;0;1;0;0;0;1;0;1;0;0;0;0;0;0;0;0;0;0;0;0;0;
FILTRE;2014;830100632;250002284;INIT;0;0;0;0;1;0;0;0;0;0;0;0;0;0;0;;0;0;0;;;;;;;;;;;;;0;0;0;0;0;0;0;0;
FILTRE;2014;830100681;750005068;DECLA;0;0;0;0;1;0;0;0;0;0;0;0;0;0;0;0;0;0;0;0;0;0;0;1;0;1;0;0;0;0;1;0;0;0;0;0;0;0;0;
FILTRE;2014;830100681;750005068;INIT;0;0;0;0;1;0;0;0;0;0;0;0;0;0;0;;0;0;0;;;;;;;;;;;;;0;0;0;0;0;0;0;0;
FILTRE;2014;830100756;750043994;DECLA;0;0;0;1;1;0;0;0;1;0;0;0;0;0;0;0;0;0;0;0;0;0;0;1;0;0;0;0;0;0;0;0;0;0;0;0;0;0;0;
FILTRE;2014;830100756;750043994;INIT;0;0;0;1;1;0;0;0;1;0;0;0;0;0;0;;0;0;0;;;;;;;;;;;;;0;0;0;0;0;0;0;0;
FILTRE;2014;830100764;440052041;DECLA;0;0;0;0;1;1;0;0;0;0;0;0;0;0;0;0;0;0;0;0;0;0;0;1;0;1;0;0;0;0;1;0;0;0;0;0;0;0;0;
FILTRE;2014;830100764;440052041;INIT;0;0;0;0;1;1;0;0;0;0;0;0;0;0;0;;0;0;0;;;;;;;;;;;;;0;0;0;0;0;0;0;0;
FILTRE;2014;830100806;750043994;DECLA;0;0;0;0;1;0;0;0;0;0;0;0;0;0;0;0;0;0;0;0;0;0;0;1;0;1;0;0;0;0;0;0;0;0;0;0;0;0;0;
FILTRE;2014;830100806;750043994;INIT;0;0;0;0;1;0;0;0;0;0;0;0;0;0;0;;0;0;0;;;;;;;;;;;;;0;0;0;0;0;0;0;0;
FILTRE;2014;830100814;750043994;DECLA;0;0;0;0;1;0;0;0;0;0;0;0;0;0;0;0;0;0;0;0;0;0;0;1;0;0;0;0;0;0;0;0;0;0;0;0;0;0;0;
FILTRE;2014;830100814;750043994;INIT;0;0;0;0;1;0;0;0;0;0;0;0;0;0;0;;0;0;0;;;;;;;;;;;;;0;0;0;0;0;0;0;0;
FILTRE;2014;830100822;830000477;DECLA;0;0;0;0;1;0;0;0;0;0;0;0;0;0;0;0;0;0;0;0;0;0;0;0;0;0;0;0;0;0;0;0;0;0;0;0;0;0;0;
FILTRE;2014;830100822;830000477;INIT;0;0;0;0;1;0;0;0;0;0;0;0;0;0;0;;0;0;0;;;;;;;;;;;;;0;0;0;0;0;0;0;0;
FILTRE;2014;830100855;830000493;DECLA;1;0;0;0;1;0;1;0;0;0;0;0;0;0;0;0;0;0;0;1;0;0;0;1;0;1;0;0;0;0;0;0;0;0;0;0;0;0;0;
FILTRE;2014;830100855;830000493;INIT;1;0;0;0;1;0;1;0;0;0;0;0;0;0;0;;0;0;0;;;;;;;;;;;;;0;0;0;0;0;0;0;0;
FILTRE;2014;830100863;830000501;DECLA;0;0;0;0;1;0;0;0;0;0;0;0;0;0;0;0;0;0;0;0;0;0;0;0;0;1;0;0;0;0;1;0;0;0;0;0;0;0;0;
FILTRE;2014;830100863;830000501;INIT;0;0;0;0;1;0;0;0;0;0;0;0;0;0;0;;0;0;0;;;;;;;;;;;;;0;0;0;0;0;0;0;0;
FILTRE;2014;830100871;830000519;DECLA;0;0;0;0;1;0;0;0;0;0;0;0;0;0;0;0;0;0;0;0;0;0;0;0;0;1;0;0;0;0;0;0;0;0;0;0;0;0;0;
FILTRE;2014;830100871;830000519;INIT;0;0;0;0;1;0;0;0;0;0;0;0;0;0;0;;0;0;0;;;;;;;;;;;;;0;0;0;0;0;0;0;0;
FILTRE;2014;830100889;830000527;DECLA;0;0;0;0;1;0;0;0;0;0;0;0;0;0;0;0;0;0;0;0;0;0;0;0;0;0;0;0;0;0;0;0;0;0;0;0;0;0;0;
FILTRE;2014;830101010;830000568;DECLA;0;0;0;0;1;0;0;0;0;0;0;0;0;0;0;0;0;0;0;0;0;0;0;0;0;1;0;0;0;0;0;0;0;0;0;0;0;0;0;
FILTRE;2014;830101010;830000568;INIT;0;0;0;0;1;0;0;0;0;0;0;0;0;0;0;;0;0;0;;;;;;;;;;;;;0;0;0;0;0;0;0;0;
FILTRE;2014;830101408;830000659;DECLA;0;0;0;0;1;0;0;0;0;0;0;0;0;0;0;0;0;0;0;0;0;0;0;1;0;1;0;0;0;0;0;0;0;0;0;0;0;0;0;
FILTRE;2014;830101408;830000659;INIT;0;0;0;0;1;0;0;0;0;0;0;0;0;0;0;;0;0;0;;;;;;;;;;;;;0;0;0;0;0;0;0;0;
FILTRE;2014;830200507;830013678;DECLA;0;0;0;0;1;0;0;0;0;0;0;0;0;0;0;0;0;0;0;0;0;0;0;1;0;1;0;0;0;1;1;0;0;0;0;0;0;0;0;
FILTRE;2014;830200507;830013678;INIT;0;0;0;0;1;0;0;0;0;0;0;0;0;0;0;;0;0;0;;;;;;;;;;;;;0;0;0;0;0;0;0;0;
FILTRE;2014;830200515;830001012;DECLA;0;0;0;1;0;0;0;0;1;0;0;0;0;0;0;0;0;0;0;0;0;0;0;0;0;0;0;0;0;0;0;0;0;0;0;0;0;0;0;
FILTRE;2014;830200515;830001012;INIT;0;0;0;1;0;0;0;0;1;0;0;0;0;0;0;;0;0;0;;;;;;;;;;;;;0;0;0;0;0;0;0;0;
FILTRE;2014;830200523;830210084;DECLA;1;1;0;0;0;0;1;1;0;0;1;0;0;0;0;0;1;0;1;1;0;1;1;0;1;1;0;0;0;0;0;0;1;1;0;0;0;0;0;
FILTRE;2014;830200523;830210084;INIT;1;1;0;0;0;0;1;1;0;0;0;0;0;0;0;;1;0;1;;;;;;;;;;;;;0;0;1;0;0;0;0;0;
FILTRE;2014;830202743;830100616;DECLA;0;0;0;0;1;1;0;0;0;0;0;0;0;0;0;1;0;0;0;0;0;0;0;0;0;0;0;0;1;0;1;0;0;0;0;0;0;0;0;
FILTRE;2014;830202743;830100616;INIT;0;0;0;0;1;1;0;0;0;0;0;0;0;0;0;;0;0;0;;;;;;;;;;;;;0;0;0;0;0;0;0;0;
FILTRE;2014;830206298;830100517;DECLA;0;0;0;0;1;0;0;0;0;0;0;0;0;0;0;0;0;0;0;0;0;0;0;0;0;0;0;0;0;0;0;0;0;0;0;0;0;0;0;
FILTRE;2014;830206298;830100517;INIT;0;0;0;0;1;0;0;0;0;0;0;0;0;0;0;;0;0;0;;;;;;;;;;;;;0;0;0;0;0;0;0;0;
FILTRE;2014;830206397;830017893;DECLA;0;0;0;0;1;0;0;0;0;0;0;0;0;0;0;0;0;0;0;0;0;0;0;0;0;0;0;0;0;0;0;;;;;;;;;
FILTRE;2014;830206397;830017893;INIT;0;0;0;0;1;0;0;0;0;0;0;0;0;0;0;;0;0;0;;;;;;;;;;;;;0;0;0;0;0;0;0;0;
FILTRE;2014;830206983;830008819;DECLA;0;0;0;0;1;0;0;0;0;0;0;0;0;0;0;0;0;0;0;0;0;0;0;0;0;0;0;0;0;0;0;0;0;0;0;0;0;0;0;
FILTRE;2014;830206983;830008819;INIT;0;0;0;0;1;0;0;0;0;0;0;0;0;0;0;;0;0;0;;;;;;;;;;;;;0;0;0;0;0;0;0;0;
FILTRE;2014;830207114;830001855;DECLA;0;0;0;0;0;0;0;0;0;0;0;0;0;0;1;0;0;0;0;0;0;0;0;0;0;0;0;0;0;0;0;0;0;0;0;0;0;0;0;
FILTRE;2014;830207114;830001855;INIT;0;0;0;0;0;0;0;0;0;0;0;0;0;0;1;;0;0;0;;;;;;;;;;;;;0;0;0;0;0;0;0;0;
FILTRE;2014;830208351;830002119;DECLA;0;0;0;0;0;0;0;0;0;0;0;1;0;0;0;0;0;0;0;0;0;0;0;1;1;0;1;0;0;0;0;0;0;0;0;0;0;0;0;
FILTRE;2014;830208351;830002119;INIT;0;0;0;0;0;0;0;0;0;0;0;1;0;0;0;;0;0;0;;;;;;;;;;;;;0;0;0;0;0;0;0;0;
FILTRE;2014;830210977;830002119;DECLA;0;0;0;0;0;0;0;0;0;0;0;1;0;0;0;0;0;0;0;0;0;0;0;1;1;0;1;0;0;0;0;0;0;0;0;0;0;0;0;
FILTRE;2014;830210977;830002119;INIT;0;0;0;0;0;0;0;0;0;0;0;1;0;0;0;;0;0;0;;;;;;;;;;;;;0;0;0;0;0;0;0;0;
FILTRE;2014;830212734;830008819;DECLA;0;0;0;0;0;1;0;0;0;0;0;0;0;0;0;0;0;0;0;0;0;0;0;1;1;0;0;0;0;0;0;0;0;0;0;0;0;0;0;
FILTRE;2014;830212734;830008819;INIT;0;0;0;0;0;1;0;0;0;0;0;0;0;0;0;;0;0;0;;;;;;;;;;;;;0;0;0;0;0;0;0;0;
FILTRE;2014;830212783;830002432;DECLA;0;0;0;0;0;1;0;0;0;0;0;0;0;0;0;0;0;0;0;0;0;0;0;0;0;0;0;0;0;0;0;0;0;0;0;0;0;0;0;
FILTRE;2014;830212783;830002432;INIT;0;0;0;0;0;1;0;0;0;0;0;0;0;0;0;;0;0;0;;;;;;;;;;;;;0;0;0;0;0;0;0;0;
FILTRE;2014;830213617;830002119;DECLA;0;0;0;0;0;0;0;0;0;0;0;1;0;0;0;0;0;0;0;0;0;0;0;1;1;0;1;0;0;0;0;0;0;0;0;0;0;0;0;
FILTRE;2014;830213617;830002119;INIT;0;0;0;0;0;0;0;0;0;0;0;1;0;0;0;;0;0;0;;;;;;;;;;;;;0;0;0;0;0;0;0;0;
FILTRE;2014;830213880;830100566;DECLA;0;0;0;0;1;1;0;0;0;0;0;0;0;0;0;0;0;0;0;0;0;0;0;0;0;0;0;1;0;1;0;0;0;0;0;0;0;0;0;
FILTRE;2014;830213880;830100566;INIT;0;0;0;0;1;1;0;0;0;0;0;0;0;0;0;;0;0;0;;;;;;;;;;;;;0;0;0;0;0;0;0;0;
FILTRE;2014;830213989;830100525;DECLA;0;0;0;0;0;1;0;0;0;0;0;0;0;0;0;0;0;0;0;0;0;0;0;0;0;0;0;0;0;0;1;0;0;0;0;0;0;0;0;
FILTRE;2014;830213989;830100525;INIT;0;0;0;0;0;1;0;0;0;0;0;0;0;0;0;;0;0;0;;;;;;;;;;;;;0;0;0;0;0;0;0;0;
FILTRE;2014;830215687;830003521;DECLA;0;0;0;0;0;0;0;0;0;0;0;1;0;0;0;0;0;0;0;0;0;0;0;1;0;0;0;0;0;0;0;0;0;0;0;0;0;0;0;
FILTRE;2014;830215687;830003521;INIT;0;0;0;0;0;0;0;0;0;0;0;1;0;0;0;;0;0;0;;;;;;;;;;;;;0;0;0;0;0;0;0;0;
FILTRE;2014;830215919;920000395;DECLA;0;0;0;1;0;0;0;0;1;0;0;0;0;0;0;0;0;0;0;0;0;0;0;0;0;0;0;0;0;0;0;0;0;0;0;0;0;0;0;
FILTRE;2014;830215919;920000395;INIT;0;0;0;1;0;0;0;0;1;0;0;0;0;0;0;;0;0;0;;;;;;;;;;;;;0;0;0;0;0;0;0;0;
FILTRE;2014;830216495;830003695;DECLA;0;0;0;0;0;0;0;0;0;0;0;1;0;0;0;0;0;0;0;0;0;0;0;0;0;0;0;0;0;0;0;0;0;0;0;0;0;0;0;
FILTRE;2014;830216495;830003695;INIT;0;0;0;0;0;0;0;0;0;0;0;1;0;0;0;;0;0;0;;;;;;;;;;;;;0;0;0;0;0;0;0;0;
FILTRE;2014;840000202;130037815;DECLA;0;0;0;0;1;0;0;0;0;0;0;0;0;0;0;0;0;0;0;0;0;0;0;0;0;1;0;0;0;0;1;0;0;0;0;0;0;0;0;
FILTRE;2014;840000202;130037815;INIT;0;0;0;0;1;0;0;0;0;0;0;0;0;0;0;;0;0;0;;;;;;;;;;;;;0;0;0;0;0;0;0;0;
FILTRE;2014;840000285;840000608;DECLA;1;1;1;0;0;0;1;1;0;0;0;0;1;0;0;0;0;0;1;1;0;0;0;1;1;1;0;0;0;0;0;0;1;1;0;0;0;0;0;
FILTRE;2014;840000285;840000608;INIT;0;1;1;0;0;0;0;1;0;0;0;0;1;0;0;;0;0;1;;;;;;;;;;;;;0;0;1;0;0;0;0;0;
FILTRE;2014;840000327;840000640;DECLA;1;1;0;0;0;0;0;1;0;0;0;0;0;0;0;0;0;0;1;1;0;0;0;1;1;1;0;0;0;0;0;0;1;0;0;0;0;0;0;
FILTRE;2014;840000327;840000640;INIT;0;1;0;0;0;0;0;1;0;0;0;0;0;0;0;;0;0;1;;;;;;;;;;;;;0;0;0;0;0;0;0;0;
FILTRE;2014;840000343;840000012;DECLA;1;1;1;0;1;0;1;1;0;0;1;0;1;0;0;0;1;1;1;1;0;1;0;1;1;1;1;1;0;1;1;0;0;0;0;0;0;0;0;
FILTRE;2014;840000343;840000012;INIT;1;1;1;0;1;0;1;1;0;0;0;0;1;0;0;;1;0;1;;;;;;;;;;;;;0;0;0;0;0;0;0;0;
FILTRE;2014;840000350;840000657;DECLA;1;0;0;0;0;0;1;0;0;1;1;0;0;0;0;0;0;0;1;1;0;1;0;1;1;1;0;1;1;1;1;0;0;0;0;0;0;0;0;
FILTRE;2014;840000350;840000657;INIT;1;0;0;0;0;0;1;0;0;1;1;0;0;0;0;;0;0;0;;;;;;;;;;;;;0;0;0;0;0;0;0;0;
FILTRE;2014;840000376;840000038;DECLA;0;0;0;0;1;0;0;0;0;0;0;0;0;0;0;0;0;0;0;0;0;0;0;1;0;1;0;0;0;0;1;;;;;;;;;
FILTRE;2014;840000376;840000038;INIT;0;0;0;0;1;0;0;0;0;0;0;0;0;0;0;;0;0;0;;;;;;;;;;;;;0;0;0;0;0;0;0;0;
FILTRE;2014;840000392;840000046;DECLA;1;0;1;0;0;1;1;1;0;0;0;0;1;0;0;0;1;1;1;0;0;0;0;1;0;1;0;0;0;0;1;0;1;0;0;0;0;0;0;
FILTRE;2014;840000392;840000046;INIT;1;0;1;1;0;1;1;0;1;0;0;0;1;0;0;;1;1;0;;;;;;;;;;;;;0;0;0;0;0;0;0;0;
FILTRE;2014;840000400;840000673;DECLA;1;1;0;0;0;0;0;1;0;0;0;0;0;0;0;0;0;0;1;1;0;0;0;1;1;1;0;0;0;0;0;0;1;1;0;0;0;0;0;
FILTRE;2014;840000400;840000673;INIT;0;1;0;0;0;0;0;1;0;0;0;1;0;0;0;;0;0;1;;;;;;;;;;;;;0;0;1;0;0;0;0;0;
FILTRE;2014;840000418;840004659;DECLA;1;1;1;0;1;1;1;1;0;0;1;0;1;0;0;0;1;1;1;1;1;1;0;1;0;1;0;1;0;0;0;0;1;0;0;0;0;0;0;
FILTRE;2014;840000418;840004659;INIT;1;1;1;0;1;1;1;1;0;0;0;0;1;0;0;;1;1;1;;;;;;;;;;;;;0;0;0;0;0;0;0;0;
FILTRE;2014;840000426;840000061;DECLA;1;0;0;0;1;0;0;0;0;0;0;0;0;0;0;0;0;0;0;0;0;0;0;1;0;1;0;0;0;0;1;0;0;0;0;0;0;0;0;
FILTRE;2014;840000426;840000061;INIT;1;0;0;0;1;0;1;0;0;0;0;0;0;0;0;;0;0;0;;;;;;;;;;;;;0;0;0;0;0;0;0;0;
FILTRE;2014;840000434;840000079;DECLA;1;0;0;0;1;0;0;0;0;0;0;0;0;0;0;0;0;0;0;0;0;0;0;1;0;1;0;0;0;1;1;0;0;0;0;0;0;0;0;
FILTRE;2014;840000434;840000079;INIT;1;0;0;0;1;0;1;0;0;0;0;0;0;0;0;;0;0;0;;;;;;;;;;;;;0;0;0;0;0;0;0;0;
FILTRE;2014;840000467;840003651;DECLA;0;1;0;0;0;0;0;1;0;0;0;0;0;0;0;0;0;0;1;0;0;0;0;1;1;0;0;0;0;0;0;0;0;1;0;0;0;0;0;
FILTRE;2014;840000467;840003651;INIT;0;1;0;0;0;0;0;1;0;0;0;0;0;0;0;;0;0;1;;;;;;;;;;;;;0;0;1;0;0;0;0;0;
FILTRE;2014;840000483;840000087;DECLA;1;1;1;0;1;1;1;1;0;0;1;0;1;1;0;1;1;1;1;1;1;1;1;1;1;1;1;0;0;1;1;0;1;1;0;0;0;0;0;
FILTRE;2014;840000483;840000087;INIT;1;1;1;1;1;1;1;1;0;0;0;0;1;0;0;;1;1;1;;;;;;;;;;;;;0;0;1;0;0;0;0;0;
FILTRE;2014;840000491;130041916;DECLA;1;0;1;0;1;1;1;0;0;0;1;0;1;0;0;0;1;1;1;1;0;1;1;1;0;1;0;0;0;0;1;0;0;0;0;0;0;0;0;
FILTRE;2014;840000491;130041916;INIT;1;0;1;0;1;1;1;0;0;0;0;0;1;0;0;;1;0;0;;;;;;;;;;;;;0;0;0;0;0;0;0;0;
FILTRE;2014;840000509;840000707;DECLA;0;0;0;1;0;0;0;0;1;0;0;0;0;0;0;0;0;0;0;0;0;0;0;1;0;1;0;0;0;0;0;0;0;0;0;0;0;0;0;
FILTRE;2014;840000509;840000707;INIT;0;0;0;1;0;0;0;0;1;0;0;0;0;0;0;;0;0;0;;;;;;;;;;;;;0;0;0;0;0;0;0;0;
FILTRE;2014;840000517;840000103;DECLA;1;0;0;0;1;0;1;0;0;0;0;0;0;0;0;1;0;0;0;0;0;0;0;0;0;0;0;0;0;0;1;0;0;0;0;0;0;0;0;
FILTRE;2014;840000517;840000103;INIT;1;0;0;0;1;0;1;0;0;0;0;0;0;0;0;;0;0;0;;;;;;;;;;;;;0;0;0;0;0;0;0;0;
FILTRE;2014;840000525;840000111;DECLA;1;0;0;0;1;0;1;0;0;0;0;0;0;1;0;0;1;1;0;1;0;0;0;1;0;1;0;1;1;1;1;0;0;0;0;0;0;0;0;
FILTRE;2014;840000525;840000111;INIT;1;0;0;0;1;0;1;0;0;0;0;0;0;0;0;;1;0;0;;;;;;;;;;;;;0;0;0;0;0;0;0;0;
FILTRE;2014;840000533;840000129;DECLA;1;0;0;0;1;0;1;0;0;0;0;0;1;0;0;0;1;0;0;1;0;0;0;1;0;1;0;0;0;0;1;0;0;0;0;0;0;0;0;
FILTRE;2014;840000533;840000129;INIT;1;0;0;0;1;0;1;0;0;0;0;0;1;0;0;;1;0;0;;;;;;;;;;;;;0;0;0;0;0;0;0;0;
FILTRE;2014;840000541;840000137;DECLA;0;0;0;1;0;0;0;0;1;0;0;0;0;0;0;0;0;0;0;1;0;1;0;1;0;1;0;0;0;0;1;0;0;0;0;0;0;0;0;
FILTRE;2014;840000541;840000137;INIT;0;0;0;1;0;0;0;0;1;0;0;0;0;0;0;;0;0;0;;;;;;;;;;;;;0;0;0;0;0;0;0;0;
FILTRE;2014;840000558;840004659;DECLA;0;0;0;0;1;0;0;0;0;0;0;0;0;0;0;0;0;0;0;1;0;0;0;0;0;0;0;0;0;0;1;0;0;0;0;0;0;0;0;
FILTRE;2014;840000558;840004659;INIT;0;0;0;0;1;0;0;0;0;0;0;0;0;0;0;;0;0;0;;;;;;;;;;;;;0;0;0;0;0;0;0;0;
FILTRE;2014;840001861;840006597;DECLA;1;1;1;0;1;1;1;1;0;0;1;1;1;0;0;1;1;1;1;1;1;1;1;1;1;1;0;1;1;1;0;1;1;1;0;0;0;0;0;
FILTRE;2014;840001861;840006597;INIT;1;1;1;1;1;1;1;1;0;0;1;1;1;0;0;;1;1;1;;;;;;;;;;;;;1;1;1;0;0;0;0;0;
FILTRE;2014;840007579;840000012;DECLA;0;0;0;0;0;1;0;0;0;0;0;0;0;0;0;0;0;0;0;0;0;0;0;0;0;0;0;0;0;0;0;0;0;0;0;0;0;0;0;
FILTRE;2014;840007579;840000012;INIT;0;0;0;0;0;1;0;0;0;0;0;0;0;0;0;;0;0;0;;;;;;;;;;;;;0;0;0;0;0;0;0;0;
FILTRE;2014;840007850;840002844;DECLA;0;0;0;0;0;0;0;0;0;0;0;1;0;0;0;0;0;0;0;0;0;0;0;1;0;0;0;0;0;0;0;0;0;0;0;0;0;0;0;
FILTRE;2014;840007850;840002844;INIT;0;0;0;0;0;0;0;0;0;0;0;1;0;0;0;;0;0;0;;;;;;;;;;;;;0;0;0;0;0;0;0;0;
FILTRE;2014;840011043;840002844;DECLA;0;0;0;0;0;0;0;0;0;0;0;1;0;0;0;0;0;0;0;0;0;0;0;1;0;0;0;0;0;0;0;0;0;0;0;0;0;0;0;
FILTRE;2014;840011043;840002844;INIT;0;0;0;0;0;0;0;0;0;0;0;1;0;0;0;;0;0;0;;;;;;;;;;;;;0;0;0;0;0;0;0;0;
FILTRE;2014;840011340;840003164;DECLA;0;0;0;0;0;0;0;0;0;0;1;0;0;0;1;1;0;0;0;0;0;0;0;0;0;1;0;0;0;0;0;0;0;0;0;0;0;0;0;
FILTRE;2014;840011340;840003164;INIT;0;0;0;0;0;0;0;0;0;0;0;0;0;0;1;;0;0;0;;;;;;;;;;;;;0;0;0;0;0;0;0;0;
FILTRE;2014;840012538;840002844;DECLA;0;0;0;0;0;0;0;0;0;0;0;1;0;0;0;0;0;0;0;0;0;0;0;1;0;0;0;0;0;0;0;0;0;0;0;0;0;0;0;
FILTRE;2014;840012538;840002844;INIT;0;0;0;0;0;0;0;0;0;0;0;1;0;0;0;;0;0;0;;;;;;;;;;;;;0;0;0;0;0;0;0;0;
FILTRE;2014;840012546;840002844;DECLA;0;0;0;0;0;0;0;0;0;0;0;1;0;0;0;0;0;0;0;0;0;0;0;1;0;0;0;0;0;0;0;0;0;0;0;0;0;0;0;
FILTRE;2014;840012546;840002844;INIT;0;0;0;0;0;0;0;0;0;0;0;1;0;0;0;;0;0;0;;;;;;;;;;;;;0;0;0;0;0;0;0;0;
FILTRE;2014;840013270;840003651;DECLA;1;1;0;0;0;0;1;1;0;0;1;0;1;0;0;0;0;0;1;0;0;0;0;1;1;1;0;0;0;0;0;0;0;1;0;0;0;0;0;
FILTRE;2014;840013270;840003651;INIT;0;1;0;0;0;0;0;1;0;0;0;0;1;0;0;;0;0;1;;;;;;;;;;;;;0;0;1;0;0;0;0;0;
FILTRE;2014;840013312;840003685;DECLA;1;1;0;0;0;0;1;1;0;0;0;0;0;0;0;0;0;0;1;1;0;1;0;1;1;1;1;0;0;0;0;1;1;1;0;0;0;0;0;
FILTRE;2014;840013312;840003685;INIT;1;1;0;0;0;0;1;1;0;0;0;0;0;0;0;;0;0;1;;;;;;;;;;;;;1;0;1;0;0;0;0;0;
FILTRE;2014;840013445;840014658;DECLA;0;1;0;0;0;0;1;1;0;0;0;0;0;0;0;0;0;0;1;0;0;0;0;0;0;0;0;0;0;0;0;0;0;0;0;0;0;0;0;
FILTRE;2014;840013445;840014658;INIT;0;1;0;0;0;0;0;1;0;0;0;0;0;0;0;;0;0;1;;;;;;;;;;;;;0;0;0;0;0;0;0;0;
FILTRE;2014;840014088;920000395;DECLA;0;0;0;0;1;0;0;0;0;0;0;0;0;0;0;1;0;0;0;0;0;0;0;1;0;1;0;0;0;0;1;0;0;0;0;0;0;0;0;
FILTRE;2014;840014088;920000395;INIT;0;0;0;0;1;0;0;0;0;0;0;0;0;0;0;;0;0;0;;;;;;;;;;;;;0;0;0;0;0;0;0;0;
FILTRE;2014;840014849;750043994;DECLA;0;0;0;0;1;0;0;0;0;0;0;0;0;0;0;0;0;0;0;0;0;0;0;1;0;1;0;0;0;0;0;0;0;0;0;0;0;0;0;
FILTRE;2014;840014849;750043994;INIT;0;0;0;0;1;0;0;0;0;0;0;0;0;0;0;;0;0;0;;;;;;;;;;;;;0;0;0;0;0;0;0;0;
FILTRE;2014;840015200;130006794;DECLA;0;0;0;0;0;0;0;0;0;0;0;1;0;0;0;0;0;0;0;0;0;0;0;1;0;0;0;0;0;0;0;0;0;0;0;0;0;0;0;
FILTRE;2014;840015200;130006794;INIT;0;0;0;0;0;0;0;0;0;0;0;1;0;0;0;;0;0;0;;;;;;;;;;;;;0;0;0;0;0;0;0;0;
FILTRE;2014;840017172;840017164;DECLA;0;1;0;0;0;0;0;1;0;0;0;0;0;0;0;0;0;0;1;0;0;1;0;1;1;1;0;0;0;0;0;0;1;1;0;0;0;0;0;
FILTRE;2014;840017172;840017164;INIT;0;1;0;0;0;0;0;1;0;0;0;0;0;0;0;;0;0;1;;;;;;;;;;;;;0;0;1;0;0;0;0;0;
FILTRE;2014;840017214;840018667;DECLA;0;0;0;0;1;0;0;0;0;0;0;0;0;0;0;0;0;0;0;0;0;0;0;0;0;0;0;0;0;0;0;0;0;0;0;0;0;0;0;
FILTRE;2014;840017214;840018667;INIT;0;0;0;0;1;0;0;0;0;0;0;0;0;0;0;;0;0;0;;;;;;;;;;;;;0;0;0;0;0;0;0;0;
FILTRE;2014;840017222;840002844;DECLA;0;0;0;0;0;0;0;0;0;0;0;1;0;0;0;0;0;0;0;0;0;0;0;1;0;0;0;0;0;0;0;0;0;0;0;0;0;0;0;
FILTRE;2014;840017222;840002844;INIT;0;0;0;0;0;0;0;0;0;0;0;1;0;0;0;;0;0;0;;;;;;;;;;;;;0;0;0;0;0;0;0;0;
FILTRE;2014;840017230;840002844;DECLA;0;0;0;0;0;0;0;0;0;0;0;1;0;0;0;0;0;0;0;0;0;0;0;1;0;0;0;0;0;0;0;0;0;0;0;0;0;0;0;
FILTRE;2014;840017230;840002844;INIT;0;0;0;0;0;0;0;0;0;0;0;1;0;0;0;;0;0;0;;;;;;;;;;;;;0;0;0;0;0;0;0;0;
FILTRE;2014;840017461;840002844;DECLA;0;0;0;0;0;0;0;0;0;0;0;1;0;0;0;0;0;0;0;0;0;0;0;1;0;0;0;0;0;0;0;0;0;0;0;0;0;0;0;
FILTRE;2014;840017461;840002844;INIT;0;0;0;0;0;0;0;0;0;0;0;1;0;0;0;;0;0;0;;;;;;;;;;;;;0;0;0;0;0;0;0;0;
FILTRE;2014;840018337;840006597;DECLA;0;1;0;0;0;0;0;1;0;0;0;0;0;0;0;0;0;0;1;0;0;0;0;0;0;0;0;0;0;0;0;0;0;0;0;0;0;0;0;
FILTRE;2014;840018337;840006597;INIT;0;1;0;0;0;0;0;0;0;0;0;0;0;0;0;;0;0;1;;;;;;;;;;;;;0;0;0;0;0;0;0;0;
FILTRE;2014;840019079;840019053;DECLA;0;1;0;0;0;0;0;0;0;0;0;0;0;0;0;0;0;0;0;0;0;0;0;0;0;1;0;0;0;0;0;0;0;1;0;0;0;0;0;
FILTRE;2014;840019079;840019053;INIT;0;1;0;0;0;0;0;0;0;0;0;0;0;0;0;;0;0;1;;;;;;;;;;;;;0;0;1;0;0;0;0;0;
FILTRE;2014;850000118;850013244;DECLA;1;1;1;0;1;0;0;1;0;0;0;0;1;0;0;0;1;0;1;1;0;1;0;1;1;1;0;1;0;1;1;0;1;1;0;0;0;0;0;
FILTRE;2014;850000118;850013244;INIT;1;1;1;0;1;0;1;1;0;0;0;0;1;0;0;;1;0;1;;;;;;;;;;;;;0;0;1;0;0;0;0;0;
FILTRE;2014;850000126;850022948;DECLA;0;1;0;0;0;0;1;1;0;0;1;0;0;0;0;0;0;0;1;0;0;0;0;1;1;1;0;1;0;0;0;0;0;1;0;0;0;0;0;
FILTRE;2014;850000126;850022948;INIT;0;1;0;0;0;0;0;1;0;0;0;0;0;0;0;;0;0;1;;;;;;;;;;;;;0;0;1;0;0;0;0;0;
FILTRE;2014;850000134;850013269;DECLA;0;1;0;0;0;0;0;1;0;0;0;0;0;0;0;0;0;0;1;0;0;0;0;1;1;1;0;0;0;0;1;0;1;1;0;0;0;0;0;
FILTRE;2014;850000134;850013269;INIT;0;1;0;0;0;0;0;1;0;0;0;0;0;0;0;;0;0;1;;;;;;;;;;;;;0;0;1;0;0;0;0;0;
FILTRE;2014;850000142;850000019;DECLA;1;1;1;0;1;1;1;1;0;1;1;1;1;0;0;1;1;1;1;1;1;1;1;1;1;1;1;1;1;1;1;1;1;1;0;0;0;0;0;
FILTRE;2014;850000142;850000019;INIT;1;1;1;0;1;1;1;1;0;1;1;1;1;0;0;;1;1;1;;;;;;;;;;;;;1;1;1;0;0;0;0;0;
FILTRE;2014;850000175;850009010;DECLA;1;1;1;1;0;0;1;1;1;0;1;0;1;0;0;1;1;1;1;1;1;1;0;1;1;1;1;0;0;0;0;0;1;1;0;0;0;0;0;
FILTRE;2014;850000175;850009010;INIT;1;1;1;1;1;0;1;1;0;0;0;0;1;0;0;;1;1;1;;;;;;;;;;;;;0;0;1;0;0;0;0;0;
FILTRE;2014;850000183;850000035;DECLA;1;0;0;1;1;0;1;0;0;0;0;0;0;0;0;0;0;0;0;0;0;0;0;0;0;0;0;0;0;0;1;0;0;0;0;0;0;0;0;
FILTRE;2014;850000183;850000035;INIT;1;0;0;1;1;0;1;0;0;0;0;0;0;0;0;;0;0;0;;;;;;;;;;;;;0;0;0;0;0;0;0;0;
FILTRE;2014;850000191;850000043;DECLA;1;0;0;0;1;0;0;0;0;0;0;0;0;0;0;0;0;0;0;1;0;0;0;0;0;1;0;0;0;1;0;0;0;0;0;0;0;0;0;
FILTRE;2014;850000191;850000043;INIT;1;0;0;0;1;0;1;0;0;0;0;0;0;0;0;;0;0;0;;;;;;;;;;;;;0;0;0;0;0;0;0;0;
FILTRE;2014;850000209;850000019;DECLA;1;0;0;0;1;1;1;1;0;1;1;1;1;1;0;1;1;1;1;1;1;0;0;1;0;1;1;0;0;1;1;0;0;0;0;0;0;0;0;
FILTRE;2014;850000209;850000019;INIT;1;0;0;0;1;1;1;1;0;0;0;0;1;0;0;;1;0;1;;;;;;;;;;;;;0;0;0;0;0;0;0;0;
FILTRE;2014;850000225;850000019;DECLA;1;0;0;0;1;0;1;0;0;1;1;1;0;1;0;0;1;1;1;1;0;0;0;1;0;1;0;0;0;1;1;0;0;0;0;0;0;0;0;
FILTRE;2014;850000225;850000019;INIT;1;0;0;0;1;0;1;0;0;0;0;0;0;0;0;;1;0;0;;;;;;;;;;;;;0;0;0;0;0;0;0;0;
FILTRE;2014;850000233;850009010;DECLA;1;0;0;0;1;1;0;0;0;0;0;0;0;0;0;0;0;0;0;0;0;0;0;0;0;0;0;0;0;0;0;0;0;0;0;0;0;0;0;
FILTRE;2014;850000233;850009010;INIT;1;0;0;0;1;1;1;0;0;0;0;0;0;0;0;;0;0;0;;;;;;;;;;;;;0;0;0;0;0;0;0;0;
FILTRE;2014;850000241;850000084;DECLA;1;1;1;0;1;0;1;1;0;0;1;0;1;0;0;0;1;1;1;1;0;1;0;1;1;1;1;0;1;1;1;0;1;1;0;0;0;0;0;
FILTRE;2014;850000241;850000084;INIT;1;1;1;0;1;0;1;1;0;0;1;0;1;0;0;;1;1;1;;;;;;;;;;;;;0;0;1;0;0;0;0;0;
FILTRE;2014;850000258;850000092;DECLA;0;0;0;1;0;0;0;0;1;0;0;0;0;0;0;0;0;0;0;1;0;0;0;1;0;1;1;0;0;0;1;0;0;0;0;0;0;0;0;
FILTRE;2014;850000258;850000092;INIT;0;0;0;1;0;0;0;0;1;0;0;0;0;0;0;;0;0;0;;;;;;;;;;;;;0;0;0;0;0;0;0;0;
FILTRE;2014;850000357;440041895;DECLA;0;0;0;0;1;0;0;0;0;0;0;0;0;0;0;1;0;0;0;1;0;0;0;1;0;0;0;0;0;0;0;0;0;0;0;0;0;0;0;
FILTRE;2014;850000357;440041895;INIT;0;0;0;0;1;0;0;0;0;0;0;0;0;0;0;;0;0;0;;;;;;;;;;;;;0;0;0;0;0;0;0;0;
FILTRE;2014;850000399;750005068;DECLA;0;0;0;0;1;0;0;0;0;0;0;0;0;0;0;0;0;0;0;0;0;0;0;1;0;1;0;0;0;1;0;0;0;0;0;0;0;0;0;
FILTRE;2014;850000399;750005068;INIT;0;0;0;0;1;0;0;0;0;0;0;0;0;0;0;;0;0;0;;;;;;;;;;;;;0;0;0;0;0;0;0;0;
FILTRE;2014;850000647;850011453;DECLA;1;0;0;0;1;1;0;0;0;0;0;0;0;0;0;0;0;0;0;1;0;0;0;1;0;1;0;1;1;1;1;0;0;0;0;0;0;0;0;
FILTRE;2014;850000647;850011453;INIT;1;0;0;0;1;1;1;0;0;0;0;0;0;0;0;;0;0;0;;;;;;;;;;;;;0;0;0;0;0;0;0;0;
FILTRE;2014;850001116;850020280;DECLA;0;0;0;0;0;1;0;0;0;0;0;0;0;0;0;0;0;0;0;0;0;0;0;1;1;1;0;0;0;0;1;0;0;0;0;0;0;0;0;
FILTRE;2014;850001116;850020280;INIT;0;0;0;0;0;1;0;0;0;0;0;0;0;0;0;;0;0;0;;;;;;;;;;;;;0;0;0;0;0;0;0;0;
FILTRE;2014;850002130;850007048;DECLA;0;0;0;0;1;0;0;0;0;0;0;0;0;0;0;0;0;0;0;0;0;0;0;0;0;0;0;0;0;0;0;0;0;0;0;0;0;0;0;
FILTRE;2014;850002130;850007048;INIT;0;0;0;0;1;0;0;0;0;0;0;0;0;0;0;;0;0;0;;;;;;;;;;;;;0;0;0;0;0;0;0;0;
FILTRE;2014;850002395;850013244;DECLA;0;0;0;0;1;0;0;0;0;0;0;0;0;0;0;0;0;0;0;0;0;0;0;1;0;1;0;0;0;0;1;0;0;0;0;0;0;0;0;
FILTRE;2014;850002395;850013244;INIT;0;0;0;0;1;0;0;0;0;0;0;0;0;0;0;;0;0;0;;;;;;;;;;;;;0;0;0;0;0;0;0;0;
FILTRE;2014;850002403;750721334;DECLA;0;0;0;0;1;0;0;0;0;0;0;0;0;0;0;0;0;0;0;0;0;1;0;1;0;1;0;0;0;0;0;0;0;0;0;0;0;0;0;
FILTRE;2014;850002403;750721334;INIT;0;0;0;0;1;0;0;0;0;0;0;0;0;0;0;;0;0;0;;;;;;;;;;;;;0;0;0;0;0;0;0;0;
FILTRE;2014;850003377;850009010;DECLA;0;0;0;0;0;1;0;0;0;0;0;0;0;0;0;0;0;0;0;0;0;0;0;0;0;0;0;0;0;0;0;0;0;0;0;0;0;0;0;
FILTRE;2014;850003377;850009010;INIT;0;0;0;0;0;1;0;0;0;0;0;0;0;0;0;;0;0;0;;;;;;;;;;;;;0;0;0;0;0;0;0;0;
FILTRE;2014;850005224;850007048;DECLA;0;0;0;0;1;0;0;0;0;0;0;0;0;0;0;0;0;0;0;0;0;0;0;0;0;0;0;0;0;0;0;0;0;0;0;0;0;0;0;
FILTRE;2014;850005224;850007048;INIT;0;0;0;0;1;0;0;0;0;0;0;0;0;0;0;;0;0;0;;;;;;;;;;;;;0;0;0;0;0;0;0;0;
FILTRE;2014;850006008;850005968;DECLA;0;0;0;0;0;0;0;0;0;0;0;0;0;0;1;0;0;0;0;0;0;0;0;0;0;1;0;1;0;0;0;0;0;0;0;0;0;0;0;
FILTRE;2014;850006008;850005968;INIT;0;0;0;0;0;0;0;0;0;0;0;0;0;0;1;;0;0;0;;;;;;;;;;;;;0;0;0;0;0;0;0;0;
FILTRE;2014;850009333;440002590;DECLA;0;0;0;0;0;0;0;0;0;0;0;1;0;0;0;0;0;0;0;0;0;0;0;0;0;0;0;0;0;0;0;0;0;0;0;0;0;0;0;
FILTRE;2014;850009333;440002590;INIT;0;0;0;0;0;0;0;0;0;0;0;1;0;0;0;;0;0;0;;;;;;;;;;;;;0;0;0;0;0;0;0;0;
FILTRE;2014;850009630;850000035;DECLA;1;0;1;0;0;0;1;0;0;0;1;0;1;0;0;0;1;1;1;0;1;0;1;1;0;1;0;0;1;0;1;0;1;0;0;0;0;0;0;
FILTRE;2014;850009630;850000035;INIT;1;0;1;0;0;0;1;0;0;0;0;0;1;0;0;;1;1;0;;;;;;;;;;;;;0;0;0;0;0;0;0;0;
FILTRE;2014;850009762;440002590;DECLA;0;0;0;0;0;0;0;0;0;0;0;1;0;0;0;0;0;0;0;0;0;0;0;0;0;0;0;0;0;0;0;0;0;0;0;0;0;0;0;
FILTRE;2014;850009762;440002590;INIT;0;0;0;0;0;0;0;0;0;0;0;1;0;0;0;;0;0;0;;;;;;;;;;;;;0;0;0;0;0;0;0;0;
FILTRE;2014;850011271;440002590;DECLA;0;0;0;0;0;0;0;0;0;0;0;1;0;0;0;0;0;0;0;0;0;0;0;0;0;0;1;0;0;0;0;0;0;0;0;0;0;0;0;
FILTRE;2014;850011271;440002590;INIT;0;0;0;0;0;0;0;0;0;0;0;1;0;0;0;;0;0;0;;;;;;;;;;;;;0;0;0;0;0;0;0;0;
FILTRE;2014;850013103;850013103;DECLA;0;0;0;1;0;0;0;0;1;0;0;0;0;0;0;;0;0;0;;;;;;;;;;;;;0;0;0;0;0;0;0;0;
FILTRE;2014;850013103;850013103;INIT;0;0;0;1;0;0;0;0;1;0;0;0;0;0;0;;0;0;0;;;;;;;;;;;;;0;0;0;0;0;0;0;0;
FILTRE;2014;850021049;850000084;DECLA;0;0;0;0;0;1;0;0;0;0;0;0;0;0;0;0;0;0;0;0;0;0;0;0;0;0;0;0;0;0;0;0;0;0;0;0;0;0;0;
FILTRE;2014;850021049;850000084;INIT;0;0;0;0;0;1;0;0;0;0;0;0;0;0;0;;0;0;0;;;;;;;;;;;;;0;0;0;0;0;0;0;0;
FILTRE;2014;850021866;850000092;DECLA;0;0;0;0;0;1;0;0;0;0;0;0;0;0;0;0;0;0;0;0;0;0;0;0;0;0;0;0;0;0;0;0;0;0;0;0;0;0;0;
FILTRE;2014;850021866;850000092;INIT;0;0;0;0;0;1;0;0;0;0;0;0;0;0;0;;0;0;0;;;;;;;;;;;;;0;0;0;0;0;0;0;0;
FILTRE;2014;850022013;850000100;DECLA;0;0;0;0;1;1;0;0;0;0;0;0;0;0;0;0;0;0;0;0;0;0;0;0;0;1;1;1;0;0;0;0;0;0;0;0;0;0;0;
FILTRE;2014;850022013;850000100;INIT;0;0;0;0;1;1;0;0;0;0;0;0;0;0;0;;0;0;0;;;;;;;;;;;;;0;0;0;0;0;0;0;0;
FILTRE;2014;850022047;440002590;DECLA;0;0;0;0;0;0;0;0;0;0;0;1;0;0;0;0;0;0;0;0;0;0;0;0;0;0;1;0;0;0;0;0;0;0;0;0;0;0;0;
FILTRE;2014;850022047;440002590;INIT;0;0;0;0;0;0;0;0;0;0;0;1;0;0;0;;0;0;0;;;;;;;;;;;;;0;0;0;0;0;0;0;0;
FILTRE;2014;850023151;440002590;DECLA;0;0;0;0;0;0;0;0;0;0;0;1;0;0;0;0;0;0;0;0;0;0;0;0;0;0;1;0;0;0;0;0;0;0;0;0;0;0;0;
FILTRE;2014;850023151;440002590;INIT;0;0;0;0;0;0;0;0;0;0;0;1;0;0;0;;0;0;0;;;;;;;;;;;;;0;0;0;0;0;0;0;0;
FILTRE;2014;850025156;440002590;DECLA;0;0;0;0;0;0;0;0;0;0;0;1;0;0;0;0;0;0;0;0;0;0;0;0;0;0;0;0;0;0;0;0;0;0;0;0;0;0;0;
FILTRE;2014;850025156;440002590;INIT;0;0;0;0;0;0;0;0;0;0;0;1;0;0;0;;0;0;0;;;;;;;;;;;;;0;0;0;0;0;0;0;0;
FILTRE;2014;860000017;860780048;DECLA;0;0;0;1;0;0;0;0;1;0;0;0;0;0;0;0;0;0;0;1;0;0;0;1;1;1;0;0;0;0;1;0;0;0;0;0;0;0;0;
FILTRE;2014;860000017;860780048;INIT;0;0;0;1;0;0;0;0;1;0;0;0;0;0;0;;0;0;0;;;;;;;;;;;;;0;0;0;0;0;0;0;0;
FILTRE;2014;860000025;860013382;DECLA;1;1;1;0;1;0;1;1;0;0;1;0;1;1;1;1;1;1;1;1;1;1;0;1;1;1;1;1;0;1;1;0;1;1;0;0;0;0;0;
FILTRE;2014;860000025;860013382;INIT;1;1;1;0;1;0;1;1;0;0;1;0;1;0;1;;1;1;1;;;;;;;;;;;;;0;0;1;0;0;0;0;0;
FILTRE;2014;860000033;860013382;DECLA;1;0;1;0;1;1;1;0;0;0;0;0;1;1;0;0;1;1;0;1;0;0;0;1;0;1;1;1;0;1;1;0;1;0;0;0;0;0;0;
FILTRE;2014;860000033;860013382;INIT;1;0;0;0;1;1;1;0;0;0;0;0;1;0;0;;1;1;0;;;;;;;;;;;;;0;0;0;0;0;0;0;0;
FILTRE;2014;860000058;860780097;DECLA;1;1;0;0;1;1;1;1;0;0;1;0;0;1;0;0;1;1;1;1;0;1;1;1;1;1;0;1;0;1;1;0;1;0;0;0;0;0;0;
FILTRE;2014;860000058;860780097;INIT;1;1;0;0;1;1;1;1;0;0;0;0;0;0;0;;1;1;1;;;;;;;;;;;;;0;0;0;0;0;0;0;0;
FILTRE;2014;860000223;860013077;DECLA;1;1;1;0;1;1;1;1;0;1;1;1;1;0;1;0;1;1;1;1;1;1;0;1;1;1;1;1;1;1;1;1;1;1;1;1;1;0;1;
FILTRE;2014;860000223;860013077;INIT;1;1;1;0;1;1;1;1;0;1;1;1;1;0;1;;1;1;1;;;;;;;;;;;;;1;1;1;1;1;1;0;1;
FILTRE;2014;860005768;860000348;DECLA;0;0;0;0;0;0;0;0;0;0;0;1;0;0;0;0;0;0;0;0;0;0;0;1;0;0;0;0;0;0;0;0;0;0;0;0;0;0;0;
FILTRE;2014;860005768;860000348;INIT;0;0;0;0;0;0;0;0;0;0;0;1;0;0;0;;0;0;0;;;;;;;;;;;;;0;0;0;0;0;0;0;0;
FILTRE;2014;860008929;860008879;DECLA;0;0;0;0;0;0;0;0;0;0;0;0;0;0;1;0;0;0;0;0;0;0;0;1;0;1;0;0;0;0;1;0;0;0;0;0;0;0;0;
FILTRE;2014;860008929;860008879;INIT;0;0;0;0;0;0;0;0;0;0;0;0;0;0;1;;0;0;0;;;;;;;;;;;;;0;0;0;0;0;0;0;0;
FILTRE;2014;860009208;860009158;DECLA;0;0;0;0;1;0;0;0;0;0;0;0;0;0;0;0;0;0;0;0;0;0;0;0;0;0;0;0;0;0;0;0;0;0;0;0;0;0;0;
FILTRE;2014;860009208;860009158;INIT;0;0;0;0;1;0;0;0;0;0;0;0;0;0;0;;0;0;0;;;;;;;;;;;;;0;0;0;0;0;0;0;0;
FILTRE;2014;860010321;860010313;DECLA;1;1;0;0;0;0;1;1;0;0;0;0;0;0;0;0;1;0;1;1;1;0;0;1;1;1;0;0;0;1;1;0;1;1;0;0;0;0;0;
FILTRE;2014;860010321;860010313;INIT;1;1;0;0;0;0;1;1;0;0;0;0;0;0;0;;1;0;1;;;;;;;;;;;;;0;0;1;0;0;0;0;0;
FILTRE;2014;860011014;860013077;DECLA;0;0;0;0;1;1;0;0;0;0;0;0;0;0;0;0;0;0;0;0;0;0;0;0;0;0;0;0;0;0;0;0;0;0;0;0;0;0;0;
FILTRE;2014;860011014;860013077;INIT;0;0;0;0;1;1;0;0;0;0;0;0;0;0;0;;0;0;0;;;;;;;;;;;;;0;0;0;0;0;0;0;0;
FILTRE;2014;860011410;860012913;DECLA;0;0;0;0;1;0;0;0;0;0;0;0;0;0;0;0;0;0;0;0;0;0;0;0;0;0;0;0;0;0;0;0;0;0;0;0;0;0;0;
FILTRE;2014;860011410;860012913;INIT;0;0;0;0;1;0;0;0;0;0;0;0;0;0;0;;0;0;0;;;;;;;;;;;;;0;0;0;0;0;0;0;0;
FILTRE;2014;860780311;860010750;DECLA;1;1;0;0;0;0;0;1;0;0;0;0;0;0;0;0;0;0;1;0;0;0;0;1;1;1;0;0;0;0;0;0;0;1;0;0;0;0;0;
FILTRE;2014;860780311;860010750;INIT;1;1;0;0;0;0;1;1;0;0;0;0;0;0;0;;0;0;1;;;;;;;;;;;;;0;0;1;0;0;0;0;0;
FILTRE;2014;860780436;870015336;DECLA;0;0;0;0;1;0;0;0;0;0;0;0;0;0;0;0;0;0;0;0;0;0;0;1;0;1;0;0;0;0;0;0;0;0;0;0;0;0;0;
FILTRE;2014;860780436;870015336;INIT;0;0;0;0;1;0;0;0;0;0;0;0;0;0;0;;0;0;0;;;;;;;;;;;;;0;0;0;0;0;0;0;0;
FILTRE;2014;860780568;860000140;DECLA;1;1;1;0;0;0;1;1;0;0;0;0;1;0;0;0;0;0;1;0;0;0;0;1;0;1;0;0;0;0;0;0;0;1;0;0;0;0;0;
FILTRE;2014;860780568;860000140;INIT;0;1;1;0;0;0;0;1;0;0;0;0;1;0;0;;0;0;1;;;;;;;;;;;;;0;0;1;0;0;0;0;0;
FILTRE;2014;860782598;860000348;DECLA;0;0;0;0;0;0;0;0;0;0;0;1;0;0;0;0;0;0;0;0;0;0;0;1;0;0;0;0;0;0;0;0;0;0;0;0;0;0;0;
FILTRE;2014;860782598;860000348;INIT;0;0;0;0;0;0;0;0;0;0;0;1;0;0;0;;0;0;0;;;;;;;;;;;;;0;0;0;0;0;0;0;0;
FILTRE;2014;860785682;860013382;DECLA;0;0;0;0;0;1;0;0;0;0;0;0;0;0;0;0;0;0;0;0;0;0;0;0;0;0;0;0;0;0;0;0;0;0;0;0;0;0;0;
FILTRE;2014;860785682;860013382;INIT;0;0;0;0;0;1;0;0;0;0;0;0;0;0;0;;0;0;0;;;;;;;;;;;;;0;0;0;0;0;0;0;0;
FILTRE;2014;860790419;860003110;DECLA;0;0;0;0;1;0;0;0;0;0;0;0;0;0;0;0;0;0;0;0;0;0;0;1;0;1;0;0;0;0;1;0;0;0;0;0;0;0;0;
FILTRE;2014;860790419;860003110;INIT;0;0;0;0;1;0;0;0;0;0;0;0;0;0;0;;0;0;0;;;;;;;;;;;;;0;0;0;0;0;0;0;0;
FILTRE;2014;860791268;310021365;DECLA;0;0;0;0;1;0;0;0;0;0;0;0;0;0;0;0;0;0;0;0;0;0;0;1;0;1;0;0;0;0;0;0;0;0;0;0;0;0;0;
FILTRE;2014;860791268;310021365;INIT;0;0;0;0;1;0;0;0;0;0;0;0;0;0;0;;0;0;0;;;;;;;;;;;;;0;0;0;0;0;0;0;0;
FILTRE;2014;860793405;860793397;DECLA;0;0;0;0;1;0;0;0;0;0;0;0;0;0;0;0;0;0;0;0;0;0;0;1;0;1;0;0;0;0;0;0;0;0;0;0;0;0;0;
FILTRE;2014;860793405;860793397;INIT;0;0;0;0;1;0;0;0;0;0;0;0;0;0;0;;0;0;0;;;;;;;;;;;;;0;0;0;0;0;0;0;0;
FILTRE;2014;870000064;870000015;DECLA;1;1;0;0;1;0;1;1;0;1;1;1;0;0;0;0;1;1;1;1;1;1;1;1;1;1;1;1;1;1;1;1;1;1;1;1;1;0;1;
FILTRE;2014;870000064;870000015;INIT;1;1;0;0;1;0;1;1;0;1;1;1;0;0;0;;1;1;1;;;;;;;;;;;;;1;1;1;1;1;1;0;1;
FILTRE;2014;870000080;870000700;DECLA;0;0;0;0;0;0;0;0;0;0;0;1;0;0;0;0;0;0;0;0;0;0;0;1;0;0;0;0;0;0;0;0;0;0;0;0;0;0;0;
FILTRE;2014;870000080;870000700;INIT;0;0;0;0;0;0;0;0;0;0;0;1;0;0;0;;0;0;0;;;;;;;;;;;;;0;0;0;0;0;0;0;0;
FILTRE;2014;870000098;870000023;DECLA;1;1;1;0;0;0;1;1;0;0;1;0;1;0;0;0;1;1;1;1;0;1;1;1;1;1;1;0;0;1;0;0;1;1;0;0;0;0;0;
FILTRE;2014;870000098;870000023;INIT;1;1;1;0;0;0;1;1;0;0;1;0;1;0;0;;1;1;1;;;;;;;;;;;;;0;0;1;0;0;0;0;0;
FILTRE;2014;870000171;870015336;DECLA;0;0;0;0;1;0;0;0;0;0;0;0;0;0;0;0;0;0;0;0;0;0;0;1;0;1;0;0;0;1;1;0;0;0;0;0;0;0;0;
FILTRE;2014;870000171;870015336;INIT;0;0;0;0;1;0;0;0;0;0;0;0;0;0;0;;0;0;0;;;;;;;;;;;;;0;0;0;0;0;0;0;0;
FILTRE;2014;870000221;870000973;DECLA;0;0;0;1;0;0;0;0;1;0;0;0;0;0;0;0;0;0;0;0;0;0;0;1;0;1;0;0;0;0;0;0;0;0;0;0;0;0;0;
FILTRE;2014;870000221;870000973;INIT;0;0;0;1;0;0;0;0;1;0;0;0;0;0;0;;0;0;0;;;;;;;;;;;;;0;0;0;0;0;0;0;0;
FILTRE;2014;870000270;870000031;DECLA;1;0;0;0;1;1;1;1;0;0;1;0;1;0;0;1;1;1;1;1;0;1;1;1;1;1;1;1;1;1;1;0;1;0;0;0;0;0;0;
FILTRE;2014;870000270;870000031;INIT;1;0;0;0;1;1;1;1;0;0;0;0;1;0;0;;1;0;1;;;;;;;;;;;;;0;0;0;0;0;0;0;0;
FILTRE;2014;870000288;870017415;DECLA;1;1;0;0;0;0;1;1;0;1;1;0;0;0;0;1;1;0;1;1;0;1;1;1;0;1;1;0;0;1;1;1;1;1;0;0;0;0;0;
FILTRE;2014;870000288;870017415;INIT;1;1;0;0;0;0;1;1;0;0;1;0;0;0;0;;1;0;1;;;;;;;;;;;;;1;0;1;0;0;0;0;0;
FILTRE;2014;870000403;870014503;DECLA;1;0;0;0;1;0;0;0;0;0;0;0;0;0;0;0;0;0;0;0;0;0;0;0;0;0;0;0;0;1;1;0;0;0;0;0;0;0;0;
FILTRE;2014;870000403;870014503;INIT;1;0;0;0;1;0;1;0;0;0;0;0;0;0;0;;0;0;0;;;;;;;;;;;;;0;0;0;0;0;0;0;0;
FILTRE;2014;870000411;870017415;DECLA;1;1;1;0;0;0;1;1;0;0;1;0;1;0;0;0;0;0;1;1;0;1;1;1;0;1;0;0;0;0;1;0;0;1;0;0;0;0;0;
FILTRE;2014;870000411;870017415;INIT;1;1;1;0;0;0;1;1;0;0;0;0;1;0;0;;0;0;1;;;;;;;;;;;;;0;0;1;0;0;0;0;0;
FILTRE;2014;870000551;870014503;DECLA;1;0;0;0;1;1;1;0;0;0;0;0;0;0;0;0;0;0;0;0;0;0;0;1;0;1;0;0;0;0;1;0;0;0;0;0;0;0;0;
FILTRE;2014;870000551;870014503;INIT;1;0;0;0;1;1;1;0;0;0;0;0;0;0;0;;0;0;0;;;;;;;;;;;;;0;0;0;0;0;0;0;0;
FILTRE;2014;870000601;870014248;DECLA;1;0;0;0;1;1;0;0;0;0;0;0;0;0;0;0;0;0;0;0;0;0;0;1;1;1;0;0;0;1;1;0;0;0;0;0;0;0;0;
FILTRE;2014;870000601;870014248;INIT;1;0;0;0;1;1;1;0;0;0;0;0;0;0;0;;0;0;0;;;;;;;;;;;;;0;0;0;0;0;0;0;0;
FILTRE;2014;870001567;870014503;DECLA;1;0;0;0;1;1;0;0;0;0;0;0;0;0;0;0;0;0;0;0;0;0;0;0;0;0;1;1;0;1;1;0;0;0;0;0;0;0;0;
FILTRE;2014;870001567;870014503;INIT;1;0;0;0;1;1;1;0;0;0;0;0;0;0;0;;0;0;0;;;;;;;;;;;;;0;0;0;0;0;0;0;0;
FILTRE;2014;870002060;870017415;DECLA;1;1;0;0;0;0;1;1;0;0;0;0;0;0;0;0;0;0;1;1;0;1;0;1;0;1;0;0;0;0;1;1;1;1;0;0;0;0;0;
FILTRE;2014;870002060;870017415;INIT;1;1;0;0;0;0;1;1;0;0;0;0;0;0;0;;0;0;1;;;;;;;;;;;;;0;0;1;0;0;0;0;0;
FILTRE;2014;870002516;870000023;DECLA;0;0;0;0;1;0;0;0;0;0;0;0;0;0;0;0;0;0;0;0;0;0;0;0;0;1;0;0;0;1;0;0;0;0;0;0;0;0;0;
FILTRE;2014;870002516;870000023;INIT;0;0;0;0;1;0;0;0;0;0;0;0;0;0;0;;0;0;0;;;;;;;;;;;;;0;0;0;0;0;0;0;0;
FILTRE;2014;870003514;870000015;DECLA;0;0;0;0;1;1;1;0;0;0;0;0;0;0;1;0;0;0;0;1;0;0;0;0;0;0;0;0;0;0;0;0;0;0;0;0;0;0;0;
FILTRE;2014;870003514;870000015;INIT;0;0;0;0;1;1;0;0;0;0;0;0;0;0;1;;0;0;0;;;;;;;;;;;;;0;0;0;0;0;0;0;0;
FILTRE;2014;870004231;870004074;DECLA;0;0;0;0;0;0;0;0;0;0;1;0;0;0;1;0;0;0;0;0;0;0;0;0;0;0;0;0;0;0;1;0;0;0;0;0;0;0;0;
FILTRE;2014;870004231;870004074;INIT;0;0;0;0;0;0;0;0;0;0;1;0;0;0;1;;0;0;0;;;;;;;;;;;;;0;0;0;0;0;0;0;0;
FILTRE;2014;870005931;870000023;DECLA;0;0;0;0;0;1;0;0;0;0;0;0;0;0;0;0;0;0;0;0;0;0;0;0;0;0;0;0;0;0;1;0;0;0;0;0;0;0;0;
FILTRE;2014;870005931;870000023;INIT;0;0;0;0;0;1;0;0;0;0;0;0;0;0;0;;0;0;0;;;;;;;;;;;;;0;0;0;0;0;0;0;0;
FILTRE;2014;870006137;870002466;DECLA;0;0;0;1;1;0;0;0;1;0;0;0;0;0;0;0;0;0;0;1;0;0;0;1;0;1;1;0;0;0;1;0;0;0;0;0;0;0;0;
FILTRE;2014;870006137;870002466;INIT;0;0;0;1;1;0;0;0;1;0;0;0;0;0;0;;0;0;0;;;;;;;;;;;;;0;0;0;0;0;0;0;0;
FILTRE;2014;870007358;870016722;DECLA;0;0;0;0;1;0;0;0;0;0;0;0;0;0;0;0;0;0;0;0;0;0;0;0;0;0;0;0;0;0;0;0;0;0;0;0;0;0;0;
FILTRE;2014;870007358;870016722;INIT;0;0;0;0;1;0;0;0;0;0;0;0;0;0;0;;0;0;0;;;;;;;;;;;;;0;0;0;0;0;0;0;0;
FILTRE;2014;870008042;870000015;DECLA;0;0;0;0;0;1;0;0;0;0;0;0;0;0;0;0;0;0;0;0;0;0;0;0;0;0;0;0;0;0;1;0;0;0;0;0;0;0;0;
FILTRE;2014;870008042;870000015;INIT;0;0;0;0;0;1;0;0;0;0;0;0;0;0;0;;0;0;0;;;;;;;;;;;;;0;0;0;0;0;0;0;0;
FILTRE;2014;870009297;870017274;DECLA;0;0;0;0;0;0;0;0;0;1;0;0;0;0;0;0;0;0;0;0;0;0;0;0;0;0;0;0;0;0;0;0;0;0;0;0;0;0;0;
FILTRE;2014;870009297;870017274;INIT;0;0;0;0;0;0;0;0;0;1;0;0;0;0;0;;0;0;0;;;;;;;;;;;;;0;0;0;0;0;0;0;0;
FILTRE;2014;870014792;870000700;DECLA;0;0;0;0;0;0;0;0;0;0;0;1;0;0;0;0;0;0;0;0;0;0;0;0;0;0;0;0;0;0;0;0;0;0;0;0;0;0;0;
FILTRE;2014;870014792;870000700;INIT;0;0;0;0;0;0;0;0;0;0;0;1;0;0;0;;0;0;0;;;;;;;;;;;;;0;0;0;0;0;0;0;0;
FILTRE;2014;870014859;870000015;DECLA;1;1;1;0;0;0;1;1;0;0;1;1;1;0;0;0;1;0;1;1;1;1;1;0;0;0;0;0;0;1;0;0;1;1;0;0;0;0;0;
FILTRE;2014;870014859;870000015;INIT;1;1;1;0;0;0;1;1;0;0;0;0;1;0;0;;1;0;1;;;;;;;;;;;;;0;1;0;0;0;0;0;0;
FILTRE;2014;870016631;870016722;DECLA;0;0;0;0;1;0;0;0;0;0;0;0;0;0;0;0;0;0;0;0;0;0;0;0;0;1;0;0;0;0;0;0;0;0;0;0;0;0;0;
FILTRE;2014;870016631;870016722;INIT;0;0;0;0;1;0;0;0;0;0;0;0;0;0;0;;0;0;0;;;;;;;;;;;;;0;0;0;0;0;0;0;0;
FILTRE;2014;880000021;880007059;DECLA;1;1;1;0;1;0;1;1;0;1;1;1;1;0;0;0;1;1;1;1;1;1;1;1;0;1;1;1;1;1;1;1;1;1;0;0;0;0;0;
FILTRE;2014;880000021;880007059;INIT;1;1;1;0;1;0;1;1;0;1;1;0;1;0;0;;1;1;1;;;;;;;;;;;;;0;1;1;0;0;0;0;0;
FILTRE;2014;880000039;880780069;DECLA;1;0;0;0;1;1;0;0;0;0;0;0;0;1;1;0;0;1;0;1;0;0;0;1;0;1;1;1;0;1;0;0;0;0;0;0;0;0;0;
FILTRE;2014;880000039;880780069;INIT;1;0;0;0;1;1;1;0;0;0;0;0;0;0;1;;0;0;0;;;;;;;;;;;;;0;0;0;0;0;0;0;0;
FILTRE;2014;880000047;880780077;DECLA;1;1;1;0;1;0;1;1;0;0;1;0;1;0;0;0;1;1;1;1;1;1;0;1;1;1;1;1;0;1;1;0;1;1;0;0;0;0;0;
FILTRE;2014;880000047;880780077;INIT;1;1;1;0;1;0;1;1;0;0;1;0;1;0;0;;1;1;1;;;;;;;;;;;;;0;0;1;0;0;0;0;0;
FILTRE;2014;880000054;880007299;DECLA;1;1;1;0;1;0;1;1;0;0;1;0;1;0;0;0;1;1;1;1;1;1;1;1;1;1;1;1;0;1;1;0;1;0;0;0;0;0;0;
FILTRE;2014;880000054;880007299;INIT;1;1;1;0;1;0;1;1;0;0;0;0;1;0;0;;1;1;1;;;;;;;;;;;;;0;0;0;0;0;0;0;0;
FILTRE;2014;880000062;880780093;DECLA;1;1;1;0;1;0;1;1;0;0;1;0;1;0;0;0;1;1;1;1;1;1;0;1;1;1;1;0;0;1;1;0;1;1;0;0;0;0;0;
FILTRE;2014;880000062;880780093;INIT;1;1;1;0;1;0;1;1;0;0;0;0;1;0;0;;1;1;1;;;;;;;;;;;;;0;0;1;0;0;0;0;0;
FILTRE;2014;880000070;880007299;DECLA;1;0;0;0;1;1;1;0;0;0;0;0;0;0;0;0;1;1;1;1;0;1;0;1;0;1;1;1;0;1;1;0;0;0;0;0;0;0;0;
FILTRE;2014;880000070;880007299;INIT;1;0;0;0;1;1;1;0;0;0;0;0;0;0;0;;1;0;0;;;;;;;;;;;;;0;0;0;0;0;0;0;0;
FILTRE;2014;880000088;880780119;DECLA;0;0;0;1;0;0;0;0;1;0;0;0;0;0;0;0;0;0;0;0;0;0;0;1;0;1;0;0;0;0;1;0;0;0;0;0;0;0;0;
FILTRE;2014;880000088;880780119;INIT;0;0;0;1;0;0;0;0;1;0;0;0;0;0;0;;0;0;0;;;;;;;;;;;;;0;0;0;0;0;0;0;0;
FILTRE;2014;880000104;880780259;DECLA;1;0;0;0;1;1;0;0;0;0;0;0;0;0;0;0;0;0;0;0;0;0;0;1;0;1;0;0;0;0;1;0;0;0;0;0;0;0;0;
FILTRE;2014;880000104;880780259;INIT;1;0;0;0;1;1;1;0;0;0;0;0;0;0;0;;0;0;0;;;;;;;;;;;;;0;0;0;0;0;0;0;0;
FILTRE;2014;880000112;880780267;DECLA;0;0;0;0;1;0;0;0;0;0;0;0;0;0;0;0;0;0;0;0;0;0;0;1;0;0;0;0;0;0;1;0;0;0;0;0;0;0;0;
FILTRE;2014;880000112;880780267;INIT;0;0;0;0;1;0;0;0;0;0;0;0;0;0;0;;0;0;0;;;;;;;;;;;;;0;0;0;0;0;0;0;0;
FILTRE;2014;880000138;880006325;DECLA;1;0;0;0;1;0;0;0;0;0;0;0;0;0;0;0;0;0;0;0;0;0;0;1;0;0;0;0;0;0;1;0;0;0;0;0;0;0;0;
FILTRE;2014;880000138;880006325;INIT;1;0;0;0;1;0;1;0;0;0;0;0;0;0;0;;0;0;0;;;;;;;;;;;;;0;0;0;0;0;0;0;0;
FILTRE;2014;880000146;880780291;DECLA;1;0;0;0;1;0;0;0;0;0;0;0;0;0;0;0;0;0;0;0;0;0;0;1;0;0;0;0;0;1;1;0;0;0;0;0;0;0;0;
FILTRE;2014;880000146;880780291;INIT;1;0;0;0;1;0;1;0;0;0;0;0;0;0;0;;0;0;0;;;;;;;;;;;;;0;0;0;0;0;0;0;0;
FILTRE;2014;880000153;880780309;DECLA;0;0;0;0;1;0;0;0;0;0;0;0;0;0;0;0;0;0;0;0;0;0;0;1;0;1;0;0;0;0;1;0;0;0;0;0;0;0;0;
FILTRE;2014;880000153;880780309;INIT;0;0;0;0;1;0;0;0;0;0;0;0;0;0;0;;0;0;0;;;;;;;;;;;;;0;0;0;0;0;0;0;0;
FILTRE;2014;880000179;880780325;DECLA;1;0;0;0;0;0;0;0;0;0;0;0;0;0;0;0;0;0;0;0;0;0;0;1;0;0;0;0;0;0;1;0;0;0;0;0;0;0;0;
FILTRE;2014;880000179;880780325;INIT;1;0;0;0;0;0;1;0;0;0;0;0;0;0;0;;0;0;0;;;;;;;;;;;;;0;0;0;0;0;0;0;0;
FILTRE;2014;880000187;880780333;DECLA;1;0;0;0;1;0;0;0;0;0;0;0;0;0;0;0;0;0;0;0;0;0;0;1;0;1;0;0;0;0;0;0;0;0;0;0;0;0;0;
FILTRE;2014;880000187;880780333;INIT;1;0;0;0;1;0;1;0;0;0;0;0;0;0;0;;0;0;0;;;;;;;;;;;;;0;0;0;0;0;0;0;0;
FILTRE;2014;880000195;880780341;DECLA;1;0;0;0;1;0;0;0;0;0;0;0;0;0;0;0;0;0;0;0;0;0;0;1;0;0;0;0;0;0;1;0;0;0;0;0;0;0;0;
FILTRE;2014;880000195;880780341;INIT;1;0;0;0;1;0;1;0;0;0;0;0;0;0;0;;0;0;0;;;;;;;;;;;;;0;0;0;0;0;0;0;0;
FILTRE;2014;880000203;880780358;DECLA;0;0;0;0;1;0;0;0;0;0;0;0;0;0;0;0;0;0;0;0;0;0;0;1;0;0;0;0;0;0;1;0;0;0;0;0;0;0;0;
FILTRE;2014;880000203;880780358;INIT;0;0;0;0;1;0;0;0;0;0;0;0;0;0;0;;0;0;0;;;;;;;;;;;;;0;0;0;0;0;0;0;0;
FILTRE;2014;880000211;880780366;DECLA;1;0;0;0;1;0;0;0;0;0;0;0;0;0;0;0;0;0;0;0;0;0;0;0;0;0;0;0;0;0;1;0;0;0;0;0;0;0;0;
FILTRE;2014;880000211;880780366;INIT;1;0;0;0;1;0;1;0;0;0;0;0;0;0;0;;0;0;0;;;;;;;;;;;;;0;0;0;0;0;0;0;0;
FILTRE;2014;880000336;880007059;DECLA;0;0;0;0;1;1;0;0;0;0;0;0;0;0;0;0;0;0;0;0;0;0;0;0;0;1;0;0;0;1;0;0;0;0;0;0;0;0;0;
FILTRE;2014;880000336;880007059;INIT;0;0;0;0;1;1;0;0;0;0;0;0;0;0;0;;0;0;0;;;;;;;;;;;;;0;0;0;0;0;0;0;0;
FILTRE;2014;880001458;540001112;DECLA;0;0;0;0;0;0;0;0;0;0;0;1;0;0;0;0;0;0;0;0;0;0;0;0;0;0;0;0;0;0;0;0;0;0;0;0;0;0;0;
FILTRE;2014;880001458;540001112;INIT;0;0;0;0;0;0;0;0;0;0;0;1;0;0;0;;0;0;0;;;;;;;;;;;;;0;0;0;0;0;0;0;0;
FILTRE;2014;880001730;540001112;DECLA;0;0;0;0;0;0;0;0;0;0;0;1;0;0;0;0;0;0;0;0;0;0;0;0;0;0;0;0;0;0;0;0;0;0;0;0;0;0;0;
FILTRE;2014;880001730;540001112;INIT;0;0;0;0;0;0;0;0;0;0;0;1;0;0;0;;0;0;0;;;;;;;;;;;;;0;0;0;0;0;0;0;0;
FILTRE;2014;880001789;880001409;DECLA;0;0;0;0;1;0;0;0;0;0;0;0;0;0;0;1;0;0;0;1;0;0;0;1;0;1;0;0;0;0;0;0;0;0;0;0;0;0;0;
FILTRE;2014;880001789;880001409;INIT;0;0;0;0;1;0;0;0;0;0;0;0;0;0;0;;0;0;0;;;;;;;;;;;;;0;0;0;0;0;0;0;0;
FILTRE;2014;880006606;750047367;DECLA;0;0;0;0;0;0;0;0;0;0;1;0;0;0;1;0;0;0;0;0;0;0;0;0;0;0;0;0;0;0;1;0;0;0;0;0;0;0;0;
FILTRE;2014;880006606;750047367;INIT;0;0;0;0;0;0;0;0;0;0;0;0;0;0;1;;0;0;0;;;;;;;;;;;;;0;0;0;0;0;0;0;0;
FILTRE;2014;880006663;880007059;DECLA;0;0;0;0;0;0;1;0;0;0;0;0;0;0;0;0;0;0;0;0;0;0;0;0;0;0;0;0;0;0;0;0;0;0;0;0;0;0;0;
FILTRE;2014;880006721;750047367;DECLA;0;0;0;0;0;0;0;0;0;0;0;0;0;0;1;0;0;0;0;0;0;0;0;0;0;0;0;0;0;0;1;0;0;0;0;0;0;0;0;
FILTRE;2014;880780424;540000890;DECLA;0;0;0;0;1;0;0;0;0;0;0;0;0;0;0;0;0;0;0;0;0;0;0;0;0;0;0;0;0;0;0;0;0;0;0;0;0;0;0;
FILTRE;2014;880780424;540000890;INIT;0;0;0;0;1;0;0;0;0;0;0;0;0;0;0;;0;0;0;;;;;;;;;;;;;0;0;0;0;0;0;0;0;
FILTRE;2014;880780465;540019726;DECLA;0;0;0;0;1;0;0;0;0;0;0;0;0;0;0;0;0;0;0;0;0;0;0;0;0;0;0;0;0;0;0;0;0;0;0;0;0;0;0;
FILTRE;2014;880780465;540019726;INIT;0;0;0;0;1;0;0;0;0;0;0;0;0;0;0;;0;0;0;;;;;;;;;;;;;0;0;0;0;0;0;0;0;
FILTRE;2014;880780507;880000237;DECLA;0;0;0;0;1;0;0;0;0;0;0;0;0;0;0;0;0;0;0;0;0;0;0;1;0;1;0;0;0;0;0;0;0;0;0;0;0;0;0;
FILTRE;2014;880780507;880000237;INIT;0;0;0;0;1;0;0;0;0;0;0;0;0;0;0;;0;0;0;;;;;;;;;;;;;0;0;0;0;0;0;0;0;
FILTRE;2014;880785019;540001112;DECLA;0;0;0;0;0;0;0;0;0;0;0;1;0;0;0;0;0;0;0;0;0;0;0;0;0;0;0;0;0;0;0;0;0;0;0;0;0;0;0;
FILTRE;2014;880785019;540001112;INIT;0;0;0;0;0;0;0;0;0;0;0;1;0;0;0;;0;0;0;;;;;;;;;;;;;0;0;0;0;0;0;0;0;
FILTRE;2014;880785548;540001112;DECLA;0;0;0;0;0;0;0;0;0;0;0;1;0;0;0;0;0;0;0;0;0;0;0;0;0;0;0;0;0;0;0;0;0;0;0;0;0;0;0;
FILTRE;2014;880785548;540001112;INIT;0;0;0;0;0;0;0;0;0;0;0;1;0;0;0;;0;0;0;;;;;;;;;;;;;0;0;0;0;0;0;0;0;
FILTRE;2014;880786637;880780093;DECLA;0;0;0;0;0;1;0;0;0;0;0;0;0;0;0;0;0;0;0;0;0;0;0;0;0;0;0;0;0;0;0;0;0;0;0;0;0;0;0;
FILTRE;2014;880786637;880780093;INIT;0;0;0;0;0;1;0;0;0;0;0;0;0;0;0;;0;0;0;;;;;;;;;;;;;0;0;0;0;0;0;0;0;
FILTRE;2014;880786645;880780077;DECLA;0;0;0;0;0;1;0;0;0;0;0;0;0;0;0;0;0;0;0;0;0;0;0;0;0;0;0;0;0;0;0;0;0;0;0;0;0;0;0;
FILTRE;2014;880786645;880780077;INIT;0;0;0;0;0;1;0;0;0;0;0;0;0;0;0;;0;0;0;;;;;;;;;;;;;0;0;0;0;0;0;0;0;
FILTRE;2014;880788591;880780150;DECLA;1;1;1;0;0;0;1;1;0;0;0;1;1;0;0;0;0;0;1;0;0;0;0;1;1;1;0;0;0;0;0;0;1;1;0;0;0;0;0;
FILTRE;2014;880788591;880780150;INIT;1;1;1;0;0;0;1;1;0;0;0;1;1;0;0;;0;0;1;;;;;;;;;;;;;0;0;1;0;0;0;0;0;
FILTRE;2014;890000169;890000151;DECLA;1;1;0;0;0;0;1;1;0;0;1;0;0;0;0;1;0;0;1;1;0;1;0;1;1;1;0;1;0;0;0;0;1;1;1;0;0;0;0;
FILTRE;2014;890000169;890000151;INIT;1;1;0;0;0;0;1;1;0;0;1;0;0;0;0;;0;0;1;;;;;;;;;;;;;0;0;1;0;0;0;0;0;
FILTRE;2014;890000250;750721334;DECLA;0;0;0;0;1;0;0;0;0;0;0;0;0;0;0;0;0;0;0;0;0;0;0;0;0;0;0;0;0;1;0;0;0;0;0;0;0;0;0;
FILTRE;2014;890000250;750721334;INIT;0;0;0;0;1;0;0;0;0;0;0;0;0;0;0;;0;0;0;;;;;;;;;;;;;0;0;0;0;0;0;0;0;
FILTRE;2014;890000292;890006315;DECLA;0;0;0;0;1;0;0;0;0;0;0;0;0;0;0;0;0;0;0;0;0;0;0;1;0;1;0;0;0;0;0;0;0;0;0;0;0;0;0;
FILTRE;2014;890000292;890006315;INIT;0;0;0;0;1;0;0;0;0;0;0;0;0;0;0;;0;0;0;;;;;;;;;;;;;0;0;0;0;0;0;0;0;
FILTRE;2014;890000300;890000193;DECLA;0;0;0;0;1;0;0;0;0;0;0;0;0;0;0;0;0;0;0;0;0;0;0;1;0;0;0;0;0;0;0;0;0;0;0;0;0;0;0;
FILTRE;2014;890000300;890000193;INIT;0;0;0;0;1;0;0;0;0;0;0;0;0;0;0;;0;0;0;;;;;;;;;;;;;0;0;0;0;0;0;0;0;
FILTRE;2014;890000326;890008105;DECLA;0;0;0;1;0;0;0;0;0;0;0;0;0;0;0;0;0;0;0;0;0;0;0;0;0;0;0;0;0;0;1;0;0;0;0;0;0;0;0;
FILTRE;2014;890000326;890008105;INIT;0;0;0;1;0;0;0;0;0;0;0;0;0;0;0;;0;0;0;;;;;;;;;;;;;0;0;0;0;0;0;0;0;
FILTRE;2014;890002298;890000672;DECLA;0;0;0;1;0;0;0;0;0;0;0;0;0;0;0;0;0;0;0;0;0;0;0;1;0;1;0;0;0;0;0;0;0;0;0;0;0;0;0;
FILTRE;2014;890002298;890000672;INIT;0;0;0;1;0;0;0;0;0;0;0;0;0;0;0;;0;0;0;;;;;;;;;;;;;0;0;0;0;0;0;0;0;
FILTRE;2014;890002371;890000722;DECLA;0;0;0;1;0;0;0;0;1;0;0;0;0;0;0;0;0;0;0;0;0;0;1;1;0;1;0;0;0;0;0;0;0;0;0;0;0;0;0;
FILTRE;2014;890002371;890000722;INIT;0;0;0;1;0;0;0;0;1;0;0;0;0;0;0;;0;0;0;;;;;;;;;;;;;0;0;0;0;0;0;0;0;
FILTRE;2014;890002389;890000730;DECLA;1;1;0;0;1;0;1;1;0;0;1;0;0;0;0;0;1;0;1;1;0;0;0;1;1;1;0;0;0;0;1;0;1;1;0;0;0;0;0;
FILTRE;2014;890002389;890000730;INIT;1;1;0;0;1;0;1;1;0;0;1;0;0;0;0;;1;0;1;;;;;;;;;;;;;0;0;1;0;0;0;0;0;
FILTRE;2014;890003130;670005834;DECLA;0;0;0;0;0;0;0;0;0;0;0;1;0;0;0;0;0;0;0;0;0;0;0;0;0;0;0;0;0;0;0;0;0;0;0;0;0;0;0;
FILTRE;2014;890003130;670005834;INIT;0;0;0;0;0;0;0;0;0;0;0;1;0;0;0;;0;0;0;;;;;;;;;;;;;0;0;0;0;0;0;0;0;
FILTRE;2014;890008295;670005834;DECLA;0;0;0;0;0;0;0;0;0;0;0;1;0;0;0;0;0;0;0;0;0;0;0;0;0;0;0;0;0;0;0;0;0;0;0;0;0;0;0;
FILTRE;2014;890008295;670005834;INIT;0;0;0;0;0;0;0;0;0;0;0;1;0;0;0;;0;0;0;;;;;;;;;;;;;0;0;0;0;0;0;0;0;
FILTRE;2014;890008956;890001738;DECLA;0;0;0;0;0;0;0;0;0;1;0;0;0;0;0;0;0;0;0;0;0;0;0;0;0;0;0;0;0;0;0;0;0;0;0;0;0;0;0;
FILTRE;2014;890008956;890001738;INIT;0;0;0;0;0;0;0;0;0;1;0;0;0;0;0;;0;0;0;;;;;;;;;;;;;0;0;0;0;0;0;0;0;
FILTRE;2014;890971583;890000417;DECLA;0;0;0;0;0;1;0;0;0;0;0;0;0;0;0;0;0;0;0;0;0;0;0;0;0;0;0;0;0;0;0;0;0;0;0;0;0;0;0;
FILTRE;2014;890971583;890000417;INIT;0;0;0;0;0;1;0;0;0;0;0;0;0;0;0;;0;0;0;;;;;;;;;;;;;0;0;0;0;0;0;0;0;
FILTRE;2014;890972862;670005834;DECLA;0;0;0;0;0;0;0;0;0;0;0;1;0;0;0;0;0;0;0;0;0;0;0;0;0;0;0;0;0;0;0;0;0;0;0;0;0;0;0;
FILTRE;2014;890972862;670005834;INIT;0;0;0;0;0;0;0;0;0;0;0;1;0;0;0;;0;0;0;;;;;;;;;;;;;0;0;0;0;0;0;0;0;
FILTRE;2014;890973258;890970569;DECLA;0;0;0;0;1;0;0;0;0;0;0;0;0;0;0;0;0;0;0;0;0;0;0;0;0;0;0;0;0;0;1;0;0;0;0;0;0;0;0;
FILTRE;2014;890973258;890970569;INIT;0;0;0;0;1;0;0;0;0;0;0;0;0;0;0;;0;0;0;;;;;;;;;;;;;0;0;0;0;0;0;0;0;
FILTRE;2014;890973431;670005834;DECLA;0;0;0;0;0;0;0;0;0;0;0;1;0;0;0;0;0;0;0;0;0;0;0;0;0;0;0;0;0;0;0;0;0;0;0;0;0;0;0;
FILTRE;2014;890973431;670005834;INIT;0;0;0;0;0;0;0;0;0;0;0;1;0;0;0;;0;0;0;;;;;;;;;;;;;0;0;0;0;0;0;0;0;
FILTRE;2014;890975501;890000466;DECLA;0;0;0;0;1;0;0;0;0;0;0;0;0;0;0;0;0;0;0;0;0;0;0;0;0;0;0;0;0;0;1;0;0;0;0;0;0;0;0;
FILTRE;2014;890975501;890000466;INIT;0;0;0;0;1;0;0;0;0;0;0;0;0;0;1;;0;0;0;;;;;;;;;;;;;0;0;0;0;0;0;0;0;
FILTRE;2014;890975519;890000052;DECLA;0;0;0;1;0;0;0;0;1;0;0;0;0;0;0;0;0;0;0;0;0;0;0;1;1;1;0;0;0;0;1;0;0;0;0;0;0;0;0;
FILTRE;2014;890975519;890000052;INIT;0;0;0;1;0;0;0;0;1;0;0;0;0;0;0;;0;0;0;;;;;;;;;;;;;0;0;0;0;0;0;0;0;
FILTRE;2014;890975527;890000037;DECLA;1;1;1;0;1;1;1;1;0;0;1;1;1;1;1;1;1;1;1;1;1;1;1;1;1;1;1;1;1;1;0;1;1;1;0;0;0;0;0;
FILTRE;2014;890975527;890000037;INIT;1;1;1;0;1;1;1;1;0;0;1;1;1;0;1;;1;1;1;;;;;;;;;;;;;1;1;1;0;0;0;0;0;
FILTRE;2014;890975535;890000409;DECLA;1;1;0;0;1;0;0;0;0;0;0;0;0;1;0;0;1;1;1;1;0;1;0;0;1;1;0;0;0;1;1;0;1;0;0;0;0;0;0;
FILTRE;2014;890975535;890000409;INIT;1;1;0;0;1;0;1;0;0;0;0;0;0;1;1;;1;1;1;;;;;;;;;;;;;0;0;0;0;0;0;0;0;
FILTRE;2014;890975543;890000417;DECLA;1;0;0;0;1;0;1;0;0;0;0;0;1;0;1;1;1;1;1;1;1;1;0;1;0;1;1;1;0;1;1;0;1;0;0;0;0;0;0;
FILTRE;2014;890975543;890000417;INIT;1;0;0;0;1;0;1;0;0;0;0;0;1;0;1;;1;1;0;;;;;;;;;;;;;0;0;0;0;0;0;0;0;
FILTRE;2014;890975550;890970569;DECLA;1;1;1;0;0;0;1;1;0;0;1;1;1;0;1;0;1;1;1;1;1;1;0;1;1;1;1;1;1;1;1;0;1;1;0;0;0;0;0;
FILTRE;2014;890975550;890970569;INIT;1;1;1;0;0;0;1;1;0;0;1;1;1;0;1;;1;1;1;;;;;;;;;;;;;0;1;1;0;0;0;0;0;
FILTRE;2014;890975568;890000433;DECLA;1;0;0;0;1;0;1;0;0;0;0;0;0;0;1;1;1;1;0;1;1;0;0;1;0;1;1;1;0;1;1;0;1;0;0;0;0;0;0;
FILTRE;2014;890975568;890000433;INIT;1;0;0;0;1;0;1;0;0;0;0;0;0;0;1;;1;1;0;;;;;;;;;;;;;0;0;0;0;0;0;0;0;
FILTRE;2014;900000035;900003880;DECLA;0;1;0;0;1;0;1;1;0;0;1;0;0;0;0;0;0;0;1;1;0;0;0;1;1;1;0;0;0;0;0;0;1;1;0;0;0;0;0;
FILTRE;2014;900000035;900003880;INIT;0;1;0;0;1;0;0;1;0;0;0;0;0;0;0;;0;0;1;;;;;;;;;;;;;0;0;1;0;0;0;0;0;
FILTRE;2014;900000167;900000365;DECLA;1;1;1;0;0;0;1;1;0;0;1;0;1;0;0;1;1;1;1;1;1;1;1;1;1;1;0;1;1;1;1;1;1;1;0;0;0;0;0;
FILTRE;2014;900000167;900000365;INIT;1;1;1;0;0;0;1;1;0;0;0;0;1;0;1;;1;1;1;;;;;;;;;;;;;1;1;1;0;0;0;0;0;
FILTRE;2014;900000647;900004698;DECLA;0;0;0;0;0;1;0;0;0;0;0;0;0;0;0;0;0;0;0;0;0;0;0;1;0;0;0;0;0;0;1;0;0;0;0;0;0;0;0;
FILTRE;2014;900000647;900004698;INIT;0;0;0;0;0;1;0;0;0;0;0;0;0;0;0;;0;0;0;;;;;;;;;;;;;0;0;0;0;0;0;0;0;
FILTRE;2014;900001728;670005834;DECLA;0;0;0;0;0;0;0;0;0;0;0;1;0;0;0;0;0;0;0;0;0;0;0;0;0;0;0;0;0;0;0;0;0;0;0;0;0;0;0;
FILTRE;2014;900001728;670005834;INIT;0;0;0;0;0;0;0;0;0;0;0;1;0;0;0;;0;0;0;;;;;;;;;;;;;0;0;0;0;0;0;0;0;
FILTRE;2014;900002429;700004096;DECLA;0;0;0;1;0;0;0;0;1;0;0;0;0;0;0;0;0;0;0;0;0;0;0;0;0;1;0;0;0;0;0;0;0;0;0;0;0;0;0;
FILTRE;2014;900002429;700004096;INIT;0;0;0;1;0;0;0;0;1;0;0;0;0;0;0;;0;0;0;;;;;;;;;;;;;0;0;0;0;0;0;0;0;
FILTRE;2014;900003070;900000365;DECLA;0;0;0;0;1;0;0;0;0;0;0;0;0;0;0;0;0;0;0;0;0;0;0;0;0;0;0;0;0;0;0;0;0;0;0;0;0;0;0;
FILTRE;2014;900003070;900000365;INIT;0;0;0;0;1;0;0;0;0;0;0;0;0;0;0;;0;0;0;;;;;;;;;;;;;0;0;0;0;0;0;0;0;
FILTRE;2014;910000090;750806853;DECLA;0;0;0;0;0;0;0;0;0;0;0;1;0;0;0;0;0;0;0;0;0;0;0;1;0;0;0;0;0;0;0;0;0;0;0;0;0;0;0;
FILTRE;2014;910000090;750806853;INIT;0;0;0;0;0;0;0;0;0;0;0;1;0;0;0;;0;0;0;;;;;;;;;;;;;0;0;0;0;0;0;0;0;
FILTRE;2014;910000199;910000181;DECLA;0;0;0;0;0;0;0;0;0;1;0;0;0;0;0;0;0;0;0;0;0;0;0;0;0;0;0;0;0;0;0;0;0;0;0;0;0;0;0;
FILTRE;2014;910000199;910000181;INIT;0;0;0;0;0;0;0;0;0;1;0;0;0;0;0;;0;0;0;;;;;;;;;;;;;0;0;0;0;0;0;0;0;
FILTRE;2014;910000272;910110014;DECLA;1;1;1;0;1;1;1;1;0;0;1;0;1;0;0;0;1;1;1;1;1;1;0;0;1;1;0;1;0;1;1;0;1;0;0;0;0;0;0;
FILTRE;2014;910000272;910110014;INIT;1;1;1;0;1;0;1;0;0;0;0;0;1;0;0;;1;1;1;;;;;;;;;;;;;0;0;0;0;0;0;0;0;
FILTRE;2014;910000280;910019447;DECLA;1;1;1;0;1;1;1;1;0;0;1;0;1;0;0;0;1;0;1;1;1;1;0;1;1;1;0;0;0;0;1;0;1;0;0;0;0;0;0;
FILTRE;2014;910000280;910019447;INIT;1;1;1;0;1;1;1;1;0;0;0;0;1;0;0;;1;0;1;;;;;;;;;;;;;0;0;0;0;0;0;0;0;
FILTRE;2014;910000298;910110055;DECLA;1;1;1;0;1;0;1;1;0;0;1;0;1;0;0;1;1;1;1;1;1;1;1;1;1;1;0;1;0;1;0;0;1;1;0;0;0;0;0;
FILTRE;2014;910000298;910110055;INIT;1;1;1;0;1;0;1;1;0;0;1;0;1;0;0;;1;1;1;;;;;;;;;;;;;0;1;1;0;0;0;0;0;
FILTRE;2014;910000306;910110063;DECLA;1;1;1;0;1;1;1;1;0;0;0;0;1;0;0;1;1;1;1;1;1;1;0;1;0;1;0;0;1;0;0;0;1;1;0;0;0;0;0;
FILTRE;2014;910000306;910110063;INIT;1;1;1;0;1;1;1;1;0;0;0;0;1;0;0;;1;1;1;;;;;;;;;;;;;0;1;1;0;0;0;0;0;
FILTRE;2014;910000314;910002773;DECLA;0;0;0;0;0;0;0;0;0;0;0;0;0;0;0;0;0;1;0;0;0;0;0;0;0;0;0;0;0;0;0;0;0;0;0;0;0;0;0;
FILTRE;2014;910000314;910002773;INIT;0;0;0;0;0;0;0;0;0;0;0;0;0;0;0;;0;1;0;;;;;;;;;;;;;0;0;0;0;0;0;0;0;
FILTRE;2014;910000322;910140011;DECLA;0;0;0;1;0;0;0;0;1;0;0;0;0;0;0;0;0;0;0;0;0;0;0;1;1;0;0;0;0;0;1;0;0;0;0;0;0;0;0;
FILTRE;2014;910000322;910140011;INIT;0;0;0;1;0;0;0;0;1;0;0;0;0;0;0;;0;0;0;;;;;;;;;;;;;0;0;0;0;0;0;0;0;
FILTRE;2014;910000330;910140029;DECLA;0;0;0;1;0;0;0;0;1;0;0;0;0;0;0;0;0;0;0;0;0;0;0;1;0;1;0;0;1;0;1;0;0;0;0;0;0;0;0;
FILTRE;2014;910000330;910140029;INIT;0;0;0;1;0;0;0;0;1;0;0;0;0;0;0;;0;0;0;;;;;;;;;;;;;0;0;0;0;0;0;0;0;
FILTRE;2014;910001973;910019447;DECLA;1;1;1;0;1;1;1;1;0;0;1;0;1;0;0;0;1;1;1;1;1;1;0;1;1;1;0;0;0;1;1;0;1;1;0;0;0;0;0;
FILTRE;2014;910001973;910019447;INIT;1;1;1;0;1;1;1;1;0;0;1;0;1;0;0;;1;1;1;;;;;;;;;;;;;0;1;1;0;0;0;0;0;
FILTRE;2014;910002609;910008259;DECLA;1;0;0;0;0;0;1;0;0;0;0;1;0;0;0;0;0;0;0;0;0;0;0;0;0;0;0;0;0;0;0;0;0;0;0;0;0;0;0;
FILTRE;2014;910002609;910008259;INIT;0;0;0;0;0;0;0;0;0;0;0;1;0;0;0;;0;0;0;;;;;;;;;;;;;0;0;0;0;0;0;0;0;
FILTRE;2014;910005057;910000660;DECLA;0;0;0;0;0;0;0;0;0;0;0;1;0;0;0;0;0;0;0;0;0;0;0;0;0;0;0;0;0;0;0;0;0;0;0;0;0;0;0;
FILTRE;2014;910005057;910000660;INIT;0;0;0;0;0;0;0;0;0;0;0;1;0;0;0;;0;0;0;;;;;;;;;;;;;0;0;0;0;0;0;0;0;
FILTRE;2014;910009349;940000060;DECLA;0;0;0;0;0;0;0;0;0;0;0;1;0;0;0;0;0;0;0;0;0;0;0;0;0;0;0;0;0;0;0;0;0;0;0;0;0;0;0;
FILTRE;2014;910009349;940000060;INIT;0;0;0;0;0;0;0;0;0;0;0;1;0;0;0;;0;0;0;;;;;;;;;;;;;0;0;0;0;0;0;0;0;
FILTRE;2014;910009919;910009869;DECLA;0;0;0;0;1;0;0;0;0;0;0;0;0;0;0;0;0;0;0;1;0;0;0;1;0;1;1;0;0;0;1;0;0;0;0;0;0;0;0;
FILTRE;2014;910009919;910009869;INIT;0;0;0;0;1;0;0;0;0;0;0;0;0;0;0;;0;0;0;;;;;;;;;;;;;0;0;0;0;0;0;0;0;
FILTRE;2014;910015965;750043994;DECLA;1;0;0;0;1;0;1;0;0;0;0;0;0;0;0;1;0;0;0;1;0;0;0;1;0;1;0;0;0;0;0;0;0;0;0;0;0;0;0;
FILTRE;2014;910015965;750043994;INIT;1;0;0;0;1;0;1;0;0;0;0;0;0;0;0;;0;0;0;;;;;;;;;;;;;0;0;0;0;0;0;0;0;
FILTRE;2014;910017433;910017615;DECLA;0;0;0;0;0;0;0;0;0;0;0;1;0;0;0;0;0;0;0;0;0;0;0;0;0;0;0;0;0;0;0;0;0;0;0;0;0;0;0;
FILTRE;2014;910017433;910017615;INIT;0;0;0;0;0;0;0;0;0;0;0;1;0;0;0;;0;0;0;;;;;;;;;;;;;0;0;0;0;0;0;0;0;
FILTRE;2014;910018373;910000447;DECLA;0;0;0;0;0;0;0;0;0;0;0;1;0;0;0;0;0;0;0;0;0;0;0;0;0;0;0;0;0;0;0;0;0;0;0;0;0;0;0;
FILTRE;2014;910018373;910000447;INIT;0;0;0;0;0;0;0;0;0;0;0;1;0;0;0;;0;0;0;;;;;;;;;;;;;0;0;0;0;0;0;0;0;
FILTRE;2014;910018423;910019454;DECLA;1;0;0;0;1;0;1;0;0;0;0;0;0;0;0;0;1;1;0;1;0;1;0;1;0;1;0;0;0;1;0;0;0;0;0;0;0;0;0;
FILTRE;2014;910018423;910019454;INIT;1;0;0;0;1;0;1;0;0;0;0;0;0;0;0;;1;1;0;;;;;;;;;;;;;0;0;0;0;0;0;0;0;
FILTRE;2014;910019298;940110042;DECLA;0;0;0;0;1;0;0;0;0;0;0;0;0;0;0;1;0;0;0;0;0;0;0;0;0;0;0;0;0;0;0;0;0;0;0;0;0;0;0;
FILTRE;2014;910019298;940110042;INIT;0;0;0;0;1;0;0;0;0;0;0;0;0;0;0;;0;0;0;;;;;;;;;;;;;0;0;0;0;0;0;0;0;
FILTRE;2014;910020254;910002773;DECLA;1;1;1;1;1;0;1;1;1;0;1;1;1;1;0;0;1;0;1;1;1;1;1;1;1;1;1;1;1;1;0;1;1;1;0;0;0;0;0;
FILTRE;2014;910020254;910002773;INIT;1;1;1;1;1;0;1;1;1;0;1;1;1;0;0;;1;0;1;;;;;;;;;;;;;1;1;1;0;0;0;0;0;
FILTRE;2014;910100015;750712184;DECLA;1;0;0;0;1;1;1;0;0;0;0;0;0;0;0;0;0;0;0;1;0;0;0;1;0;1;0;1;0;1;0;0;0;0;0;0;0;0;0;
FILTRE;2014;910100015;750712184;INIT;1;0;0;0;1;1;1;0;0;0;0;0;0;0;0;;0;0;0;;;;;;;;;;;;;0;0;0;0;0;0;0;0;
FILTRE;2014;910100023;750712184;DECLA;1;0;0;0;1;1;1;0;0;0;0;0;0;0;0;0;0;0;0;1;0;0;0;1;1;1;0;1;0;1;0;0;0;0;0;0;0;0;0;
FILTRE;2014;910100023;750712184;INIT;1;0;0;0;0;1;1;0;0;0;0;0;0;0;0;;0;0;0;;;;;;;;;;;;;0;0;0;0;0;0;0;0;
FILTRE;2014;910110071;910110063;DECLA;0;0;0;1;0;0;0;0;1;0;0;0;0;0;1;0;0;0;0;0;0;0;0;0;0;0;0;0;0;0;1;0;0;0;0;0;0;0;0;
FILTRE;2014;910110071;910110063;INIT;0;0;0;1;0;0;0;0;1;0;0;0;0;0;0;;0;0;0;;;;;;;;;;;;;0;0;0;0;0;0;0;0;
FILTRE;2014;910140037;750720914;DECLA;0;0;0;1;0;0;0;0;1;0;0;0;0;0;0;0;0;0;0;0;0;0;0;1;0;1;0;0;0;0;1;0;0;0;0;0;0;0;0;
FILTRE;2014;910140037;750720914;INIT;0;0;0;1;0;0;0;0;1;0;0;0;0;0;0;;0;0;0;;;;;;;;;;;;;0;0;0;0;0;0;0;0;
FILTRE;2014;910150010;910014919;DECLA;1;0;0;1;1;0;1;0;0;0;0;1;0;0;0;0;0;0;0;0;1;0;1;1;0;1;0;0;0;0;0;0;0;0;0;0;0;0;0;
FILTRE;2014;910150010;910014919;INIT;1;0;0;1;1;0;1;0;0;0;0;1;0;0;0;;0;0;0;;;;;;;;;;;;;0;0;0;0;0;0;0;0;
FILTRE;2014;910150028;750811184;DECLA;1;0;0;0;1;0;1;0;0;0;1;0;0;0;0;0;0;0;0;1;1;1;0;1;1;1;0;1;0;1;0;0;1;0;0;0;0;0;0;
FILTRE;2014;910150028;750811184;INIT;1;0;0;0;1;0;1;0;0;0;1;0;0;0;0;;0;0;0;;;;;;;;;;;;;0;0;0;0;0;0;0;0;
FILTRE;2014;910150069;910000033;DECLA;1;0;0;0;1;1;1;0;0;0;0;0;0;0;0;0;0;0;0;1;0;0;0;1;0;1;1;1;0;1;1;0;0;0;0;0;0;0;0;
FILTRE;2014;910150069;910000033;INIT;1;0;0;0;1;1;1;0;0;0;0;0;0;0;0;;0;0;0;;;;;;;;;;;;;0;0;0;0;0;0;0;0;
FILTRE;2014;910150077;750720575;DECLA;0;0;0;0;1;0;0;0;0;0;0;0;0;0;0;0;0;0;0;0;0;0;0;0;0;0;0;0;0;0;0;0;0;0;0;0;0;0;0;
FILTRE;2014;910150077;750720575;INIT;0;0;0;0;1;0;0;0;0;0;0;0;0;0;0;;0;0;0;;;;;;;;;;;;;0;0;0;0;0;0;0;0;
FILTRE;2014;910150085;910009539;DECLA;0;0;0;0;1;0;0;0;0;0;0;0;0;0;0;0;0;0;0;0;0;0;0;0;0;1;0;0;0;0;0;0;0;0;0;0;0;0;0;
FILTRE;2014;910150085;910009539;INIT;0;0;0;0;1;0;0;0;0;0;0;0;0;0;0;;0;0;0;;;;;;;;;;;;;0;0;0;0;0;0;0;0;
FILTRE;2014;910300011;910000348;DECLA;1;1;0;0;0;0;1;1;0;0;0;0;0;0;0;0;0;0;1;0;0;1;1;1;1;1;0;0;0;0;0;0;1;1;0;0;0;0;0;
FILTRE;2014;910300011;910000348;INIT;1;1;0;0;0;0;1;1;0;0;0;0;0;0;0;;0;0;1;;;;;;;;;;;;;0;0;1;0;0;0;0;0;
FILTRE;2014;910300029;910000355;DECLA;1;0;0;0;1;0;1;0;0;0;0;0;0;0;0;0;0;0;0;1;0;0;0;1;0;1;0;0;0;0;0;0;0;0;0;0;0;0;0;
FILTRE;2014;910300029;910000355;INIT;1;0;0;0;1;0;1;0;0;0;0;0;0;0;0;;0;0;0;;;;;;;;;;;;;0;0;0;0;0;0;0;0;
FILTRE;2014;910300045;910002419;DECLA;0;0;0;0;1;0;0;0;0;0;0;0;0;0;0;0;0;0;0;0;0;0;0;1;0;1;0;0;0;0;1;0;0;0;0;0;0;0;0;
FILTRE;2014;910300045;910002419;INIT;0;0;0;0;1;0;0;0;0;0;0;0;0;0;0;;0;0;0;;;;;;;;;;;;;0;0;0;0;0;0;0;0;
FILTRE;2014;910300060;750043994;DECLA;1;0;0;0;1;0;0;0;0;0;0;0;0;0;0;0;0;0;0;1;0;0;0;1;0;0;0;0;0;0;1;0;0;0;0;0;0;0;0;
FILTRE;2014;910300060;750043994;INIT;1;0;0;0;1;0;1;0;0;0;0;0;0;0;0;;0;0;0;;;;;;;;;;;;;0;0;0;0;0;0;0;0;
FILTRE;2014;910300144;910000447;DECLA;1;1;1;0;0;0;1;1;0;0;1;1;1;0;0;0;1;0;1;1;1;0;0;1;1;1;0;0;0;1;0;0;1;1;0;0;0;0;0;
FILTRE;2014;910300144;910000447;INIT;1;1;1;0;0;0;1;1;0;0;1;1;1;0;0;;1;0;1;;;;;;;;;;;;;0;0;1;0;0;0;0;0;
FILTRE;2014;910300151;310021308;DECLA;0;0;0;0;1;0;0;0;0;0;0;0;0;0;0;1;0;0;0;0;0;0;0;1;0;0;0;0;0;0;0;0;0;0;0;0;0;0;0;
FILTRE;2014;910300151;310021308;INIT;0;0;0;0;1;0;0;0;0;0;0;0;0;0;0;;0;0;0;;;;;;;;;;;;;0;0;0;0;0;0;0;0;
FILTRE;2014;910300177;910000462;DECLA;1;1;1;0;0;0;1;1;0;0;0;0;1;0;0;0;0;0;1;1;0;0;0;1;1;1;0;0;0;0;1;0;1;1;0;0;0;0;0;
FILTRE;2014;910300177;910000462;INIT;1;1;1;0;0;0;1;1;0;0;0;0;1;0;0;;0;0;1;;;;;;;;;;;;;0;0;1;0;0;0;0;0;
FILTRE;2014;910300219;910003888;DECLA;1;1;1;0;1;0;1;1;0;0;0;1;1;0;0;0;1;0;1;1;1;1;1;1;1;1;0;0;0;0;0;1;1;1;0;0;0;0;1;
FILTRE;2014;910300219;910003888;INIT;1;1;1;0;1;0;1;1;0;0;1;1;1;0;0;;1;0;1;;;;;;;;;;;;;1;1;1;0;0;0;0;1;
FILTRE;2014;910300235;310021282;DECLA;0;0;0;0;1;0;0;0;0;0;0;0;0;0;0;0;0;0;0;0;0;0;0;1;0;1;0;0;0;0;0;0;0;0;0;0;0;0;0;
FILTRE;2014;910300235;310021282;INIT;0;0;0;0;1;0;0;0;0;0;0;0;0;0;0;;0;0;0;;;;;;;;;;;;;0;0;0;0;0;0;0;0;
FILTRE;2014;910300276;910019702;DECLA;0;0;0;0;1;0;0;0;0;0;0;0;0;0;0;1;0;0;0;1;0;0;0;1;0;1;0;0;0;0;0;0;0;0;0;0;0;0;0;
FILTRE;2014;910300276;910019702;INIT;0;0;0;0;1;0;0;0;0;0;0;0;0;0;0;;0;0;0;;;;;;;;;;;;;0;0;0;0;0;0;0;0;
FILTRE;2014;910300300;910000538;DECLA;1;1;0;0;0;0;1;1;0;0;1;0;0;0;0;0;1;0;1;1;1;1;1;1;1;1;0;0;0;0;0;0;1;1;0;0;0;0;0;
FILTRE;2014;910300300;910000538;INIT;1;1;0;0;0;0;1;1;0;0;1;0;0;0;0;;1;0;1;;;;;;;;;;;;;0;1;1;0;0;0;0;0;
FILTRE;2014;910300326;910000553;DECLA;1;0;0;0;1;0;1;0;0;0;1;0;0;0;0;0;0;0;0;0;0;0;0;1;0;1;0;0;0;1;1;0;0;0;0;0;0;0;0;
FILTRE;2014;910300326;910000553;INIT;1;0;0;0;1;0;1;0;0;0;1;0;0;0;0;;0;0;0;;;;;;;;;;;;;0;0;0;0;0;0;0;0;
FILTRE;2014;910300359;910000587;DECLA;0;1;1;0;0;0;0;1;0;0;1;0;1;0;0;0;0;0;1;1;0;1;0;1;1;0;0;0;0;0;0;0;1;1;0;0;0;0;0;
FILTRE;2014;910300359;910000587;INIT;0;1;1;0;0;0;0;1;0;0;1;0;1;0;0;;0;0;1;;;;;;;;;;;;;0;0;1;0;0;0;0;0;
FILTRE;2014;910310010;750052326;DECLA;0;0;0;1;0;0;0;0;0;0;0;0;0;0;0;0;0;0;0;0;0;0;0;1;0;1;0;0;0;0;1;0;0;0;0;0;0;0;0;
FILTRE;2014;910310010;750052326;INIT;0;0;0;1;0;0;0;0;0;0;0;0;0;0;0;;0;0;0;;;;;;;;;;;;;0;0;0;0;0;0;0;0;
FILTRE;2014;910310028;750043994;DECLA;0;0;0;1;0;0;0;0;0;0;0;0;0;0;0;0;0;0;0;0;0;0;0;1;0;1;0;0;0;0;1;0;0;0;0;0;0;0;0;
FILTRE;2014;910310028;750043994;INIT;0;0;0;1;0;0;0;0;0;0;0;0;0;0;0;;0;0;0;;;;;;;;;;;;;0;0;0;0;0;0;0;0;
FILTRE;2014;910500040;910009539;DECLA;1;0;0;0;1;0;0;0;0;0;0;0;0;0;0;0;0;0;0;0;0;0;0;0;0;1;0;0;0;0;1;0;0;0;0;0;0;0;0;
FILTRE;2014;910500040;910009539;INIT;1;0;0;0;1;0;1;0;0;0;0;0;0;0;0;;0;0;0;;;;;;;;;;;;;0;0;0;0;0;0;0;0;
FILTRE;2014;910803543;910017615;DECLA;1;1;1;0;0;0;1;1;0;0;1;1;1;0;0;0;1;0;1;1;0;1;0;1;1;1;0;1;0;0;0;1;1;1;0;0;0;0;0;
FILTRE;2014;910803543;910017615;INIT;1;1;1;0;0;0;1;1;0;0;1;1;1;0;0;;1;0;1;;;;;;;;;;;;;1;1;1;0;0;0;0;0;
FILTRE;2014;910805357;910001643;DECLA;1;1;1;0;0;0;1;1;0;0;0;0;1;0;0;1;0;0;1;1;0;0;0;1;1;1;0;0;0;0;1;0;1;1;0;0;0;0;0;
FILTRE;2014;910805357;910001643;INIT;0;1;1;0;0;0;0;1;0;0;0;0;1;0;0;;0;0;1;;;;;;;;;;;;;0;0;1;0;0;0;0;0;
FILTRE;2014;910811322;830013678;DECLA;0;0;0;0;1;0;0;0;0;0;0;0;0;0;0;0;0;0;0;0;0;0;0;1;0;1;0;0;0;1;1;0;0;0;0;0;0;0;0;
FILTRE;2014;910811322;830013678;INIT;0;0;0;0;1;0;0;0;0;0;0;0;0;0;0;;0;0;0;;;;;;;;;;;;;0;0;0;0;0;0;0;0;
FILTRE;2014;910811959;280000852;DECLA;0;0;0;0;0;0;0;0;0;0;0;1;0;0;0;0;0;0;0;0;0;0;0;0;0;0;0;0;0;0;0;0;0;0;0;0;0;0;0;
FILTRE;2014;910811959;280000852;INIT;0;0;0;0;0;0;0;0;0;0;0;1;0;0;0;;0;0;0;;;;;;;;;;;;;0;0;0;0;0;0;0;0;
FILTRE;2014;910813732;750813321;DECLA;1;0;0;0;0;0;1;0;0;1;0;0;0;0;0;0;0;0;1;0;0;0;0;0;0;0;0;0;0;0;0;0;0;0;0;0;0;0;0;
FILTRE;2014;910813732;750813321;INIT;0;0;0;0;0;0;0;0;0;1;0;0;0;0;0;;0;0;0;;;;;;;;;;;;;0;0;0;0;0;0;0;0;
FILTRE;2014;910813963;940000060;DECLA;0;0;0;0;0;0;0;0;0;0;0;1;0;0;0;0;0;0;0;0;0;0;0;0;0;0;0;0;0;0;0;0;0;0;0;0;0;0;0;
FILTRE;2014;910813963;940000060;INIT;0;0;0;0;0;0;0;0;0;0;0;1;0;0;0;;0;0;0;;;;;;;;;;;;;0;0;0;0;0;0;0;0;
FILTRE;2014;910814144;750806853;DECLA;0;0;0;0;0;0;0;0;0;0;0;1;0;0;0;0;0;0;0;0;0;0;0;1;0;0;0;0;0;0;0;0;0;0;0;0;0;0;0;
FILTRE;2014;910814144;750806853;INIT;0;0;0;0;0;0;0;0;0;0;0;1;0;0;0;;0;0;0;;;;;;;;;;;;;0;0;0;0;0;0;0;0;
FILTRE;2014;920000460;750813321;DECLA;1;1;0;0;0;0;1;1;0;1;1;0;0;0;0;0;0;0;1;1;1;0;0;1;1;1;0;1;1;1;0;0;1;1;0;0;0;0;0;
FILTRE;2014;920000460;750813321;INIT;1;1;0;0;0;0;1;0;0;1;1;0;0;0;0;;0;0;1;;;;;;;;;;;;;0;0;1;0;0;0;0;0;
FILTRE;2014;920000569;920026374;DECLA;1;0;0;0;1;0;1;0;0;0;0;0;0;0;0;0;0;0;1;1;0;0;0;0;0;0;0;0;0;0;1;0;0;0;0;0;0;0;0;
FILTRE;2014;920000569;920026374;INIT;1;0;0;0;1;0;1;0;0;0;0;0;0;0;0;;0;0;0;;;;;;;;;;;;;0;0;0;0;0;0;0;0;
FILTRE;2014;920000577;920110020;DECLA;1;1;1;1;1;0;1;1;1;0;1;0;1;0;0;1;1;0;1;1;1;1;1;1;1;1;0;1;1;1;1;0;1;1;0;0;0;0;0;
FILTRE;2014;920000577;920110020;INIT;1;1;1;1;1;0;1;1;0;0;0;0;1;0;0;;1;0;1;;;;;;;;;;;;;0;1;1;0;0;0;0;0;
FILTRE;2014;920000585;920026374;DECLA;1;1;1;0;0;0;1;1;0;0;0;0;1;0;1;0;1;0;1;1;1;1;0;1;1;1;0;0;0;0;1;0;1;0;0;0;0;0;0;
FILTRE;2014;920000585;920026374;INIT;1;1;1;0;0;0;1;1;0;0;0;0;1;0;1;;1;0;1;;;;;;;;;;;;;0;0;0;0;0;0;0;0;
FILTRE;2014;920000593;920026374;DECLA;1;0;0;0;0;1;1;0;0;0;0;0;0;0;0;0;0;0;0;0;0;0;0;0;0;0;0;0;0;1;0;0;0;0;0;0;0;0;0;
FILTRE;2014;920000593;920026374;INIT;1;0;0;0;0;1;1;0;0;0;0;0;0;0;0;;0;0;0;;;;;;;;;;;;;0;0;0;0;0;0;0;0;
FILTRE;2014;920000601;920110053;DECLA;1;0;0;0;1;0;1;0;0;0;0;0;0;0;0;0;0;0;0;1;0;0;0;1;1;1;1;0;0;0;1;0;0;0;0;0;0;0;0;
FILTRE;2014;920000601;920110053;INIT;1;0;0;0;1;0;1;0;0;0;0;0;0;0;0;;0;0;0;;;;;;;;;;;;;0;0;0;0;0;0;0;0;
FILTRE;2014;920000619;920009909;DECLA;1;1;1;0;0;1;1;1;0;0;0;1;1;0;1;1;1;0;1;1;0;0;0;1;0;1;0;0;0;0;1;0;0;0;0;0;0;0;0;
FILTRE;2014;920000619;920009909;INIT;1;1;1;0;0;1;1;0;0;0;0;1;1;0;1;;1;0;1;;;;;;;;;;;;;0;0;0;0;0;0;0;0;
FILTRE;2014;920000627;920009909;DECLA;1;0;1;0;1;0;1;0;0;0;0;0;1;0;0;1;1;0;1;1;0;0;0;1;0;1;0;0;0;0;1;0;0;0;0;0;0;0;0;
FILTRE;2014;920000627;920009909;INIT;1;0;1;0;1;0;1;0;0;0;0;0;1;0;0;;1;0;0;;;;;;;;;;;;;0;0;0;0;0;0;0;0;
FILTRE;2014;920000635;920150026;DECLA;1;0;0;0;1;0;0;0;0;0;0;0;0;0;0;1;0;0;0;1;1;0;0;1;0;1;0;0;0;0;0;0;1;0;0;0;0;0;0;
FILTRE;2014;920000635;920150026;INIT;1;0;0;0;1;0;1;0;0;0;0;0;0;0;0;;0;0;0;;;;;;;;;;;;;0;0;0;0;0;0;0;0;
FILTRE;2014;920000643;920150034;DECLA;1;1;1;0;0;0;1;1;0;0;1;0;1;0;0;0;1;0;1;1;1;1;0;1;1;1;0;0;0;1;0;0;1;1;0;0;0;0;0;
FILTRE;2014;920000643;920150034;INIT;1;1;0;0;0;0;1;1;0;0;1;0;1;0;0;;1;0;1;;;;;;;;;;;;;0;0;1;0;0;0;0;0;
FILTRE;2014;920000650;920150059;DECLA;1;1;1;1;0;0;1;1;0;0;1;1;0;0;0;1;1;0;1;1;1;1;1;1;1;1;0;1;1;1;0;1;1;1;1;1;1;0;0;
FILTRE;2014;920000650;920150059;INIT;1;1;1;1;1;0;1;1;0;0;1;1;1;0;0;;1;0;1;;;;;;;;;;;;;1;1;1;1;1;1;0;0;
FILTRE;2014;920000684;920150091;DECLA;1;1;0;0;0;0;1;0;0;0;0;0;0;0;0;0;0;0;1;1;1;1;1;1;1;1;1;0;0;0;0;1;1;1;0;0;1;0;1;
FILTRE;2014;920000684;920150091;INIT;1;1;0;0;0;0;1;0;0;0;1;0;0;0;0;;0;0;1;;;;;;;;;;;;;1;1;1;0;0;1;0;1;
FILTRE;2014;920001096;920001096;DECLA;0;0;0;1;0;0;0;0;1;0;0;0;0;0;0;0;0;0;0;0;0;0;0;1;0;1;0;0;0;0;0;0;0;0;0;0;0;0;0;
FILTRE;2014;920001096;920001096;INIT;0;0;0;1;0;0;0;0;1;0;0;0;0;0;0;;0;0;0;;;;;;;;;;;;;0;0;0;0;0;0;0;0;
FILTRE;2014;920001369;920710654;DECLA;0;0;0;0;1;1;0;0;0;0;0;0;0;0;0;0;0;0;0;1;0;0;0;1;0;1;0;0;0;0;1;0;0;0;0;0;0;0;0;
FILTRE;2014;920001369;920710654;INIT;0;0;0;0;1;1;0;0;0;0;0;0;0;0;0;;0;0;0;;;;;;;;;;;;;0;0;0;0;0;0;0;0;
FILTRE;2014;920002177;920804465;DECLA;0;0;0;1;0;0;0;0;1;0;0;0;0;0;0;0;0;0;0;0;0;0;0;1;0;1;0;0;0;0;0;0;0;0;0;0;0;0;0;
FILTRE;2014;920002177;920804465;INIT;0;0;0;1;0;0;0;0;1;0;0;0;0;0;0;;0;0;0;;;;;;;;;;;;;0;0;0;0;0;0;0;0;
FILTRE;2014;920003811;940000060;DECLA;0;0;0;0;0;0;0;0;0;0;0;1;0;0;0;0;0;0;0;0;0;0;0;0;0;0;0;0;0;0;0;0;0;0;0;0;0;0;0;
FILTRE;2014;920003811;940000060;INIT;0;0;0;0;0;0;0;0;0;0;0;1;0;0;0;;0;0;0;;;;;;;;;;;;;0;0;0;0;0;0;0;0;
FILTRE;2014;920004058;750056129;DECLA;0;0;0;0;1;0;0;0;0;0;0;0;0;0;0;0;0;0;0;0;0;0;0;1;0;1;0;0;0;0;0;0;0;0;0;0;0;0;0;
FILTRE;2014;920004058;750056129;INIT;0;0;0;0;1;0;0;0;0;0;0;0;0;0;0;;0;0;0;;;;;;;;;;;;;0;0;0;0;0;0;0;0;
FILTRE;2014;920004959;920004918;DECLA;0;0;0;0;0;0;0;0;0;0;0;1;0;0;0;0;0;0;0;0;0;0;0;0;0;0;0;0;0;0;0;0;0;0;0;0;0;0;0;
FILTRE;2014;920004959;920004918;INIT;0;0;0;0;0;0;0;0;0;0;0;1;0;0;0;;0;0;0;;;;;;;;;;;;;0;0;0;0;0;0;0;0;
FILTRE;2014;920005238;750043994;DECLA;0;0;0;0;1;0;0;0;0;0;0;0;0;0;0;0;0;0;0;0;0;0;0;1;0;1;0;0;0;0;1;0;0;0;0;0;0;0;0;
FILTRE;2014;920005238;750043994;INIT;0;0;0;0;1;0;0;0;0;0;0;0;0;0;0;;0;0;0;;;;;;;;;;;;;0;0;0;0;0;0;0;0;
FILTRE;2014;920007408;950140012;DECLA;0;0;0;1;0;0;0;0;0;0;0;0;0;0;0;0;0;0;0;0;0;0;0;1;0;1;0;0;0;0;1;0;0;0;0;0;0;0;0;
FILTRE;2014;920007408;950140012;INIT;0;0;0;1;0;0;0;0;0;0;0;0;0;0;0;;0;0;0;;;;;;;;;;;;;0;0;0;0;0;0;0;0;
FILTRE;2014;920007549;920007499;DECLA;0;0;0;1;1;0;0;0;1;0;0;0;0;0;0;0;0;0;0;0;0;0;0;1;0;1;0;0;0;0;0;0;0;0;0;0;0;0;0;
FILTRE;2014;920007549;920007499;INIT;0;0;0;1;1;0;0;0;1;0;0;0;0;0;0;;0;0;0;;;;;;;;;;;;;0;0;0;0;0;0;0;0;
FILTRE;2014;920014099;750043994;DECLA;0;0;0;0;1;0;0;0;0;0;0;0;0;0;0;0;0;0;0;0;0;0;0;0;0;0;0;0;0;0;0;0;0;0;0;0;0;0;0;
FILTRE;2014;920014099;750043994;INIT;0;0;0;0;1;0;0;0;0;0;0;0;0;0;0;;0;0;0;;;;;;;;;;;;;0;0;0;0;0;0;0;0;
FILTRE;2014;920016698;930019484;DECLA;0;0;0;0;1;0;0;0;0;0;0;0;0;0;0;0;0;0;0;0;0;0;0;1;0;1;0;0;0;0;1;0;0;0;0;0;0;0;0;
FILTRE;2014;920016698;930019484;INIT;0;0;0;0;1;0;0;0;0;0;0;0;0;0;0;;0;0;0;;;;;;;;;;;;;0;0;0;0;0;0;0;0;
FILTRE;2014;920022605;750831059;DECLA;0;0;0;0;0;0;0;0;0;0;0;1;0;0;0;0;0;0;0;0;0;0;0;1;1;0;0;0;0;0;0;0;0;0;0;0;0;0;0;
FILTRE;2014;920022605;750831059;INIT;0;0;0;0;0;0;0;0;0;0;0;1;0;0;0;;0;0;0;;;;;;;;;;;;;0;0;0;0;0;0;0;0;
FILTRE;2014;920022704;920025012;DECLA;0;0;0;0;0;0;0;0;0;0;0;1;0;0;0;0;0;0;0;0;0;0;0;0;0;0;0;0;0;0;0;0;0;0;0;0;0;0;0;
FILTRE;2014;920022704;920025012;INIT;0;0;0;0;0;0;0;0;0;0;0;1;0;0;0;;0;0;0;;;;;;;;;;;;;0;0;0;0;0;0;0;0;
FILTRE;2014;920024205;920808037;DECLA;0;0;0;0;1;1;0;0;0;0;0;0;0;0;0;0;0;0;0;0;0;0;0;1;0;1;0;0;0;0;1;0;0;0;0;0;0;0;0;
FILTRE;2014;920024205;920808037;INIT;0;0;0;0;1;1;0;0;0;0;0;0;0;0;0;;0;0;0;;;;;;;;;;;;;0;0;0;0;0;0;0;0;
FILTRE;2014;920024718;920011509;DECLA;0;0;0;0;0;0;0;0;0;1;0;0;0;0;0;0;0;0;0;0;0;0;0;0;0;0;0;0;0;0;0;0;0;0;0;0;0;0;0;
FILTRE;2014;920024718;920011509;INIT;0;0;0;0;0;0;0;0;0;1;0;0;0;0;0;;0;0;0;;;;;;;;;;;;;0;0;0;0;0;0;0;0;
FILTRE;2014;920025210;750806853;DECLA;0;0;0;0;0;0;0;0;0;0;0;1;0;0;0;0;0;0;0;0;0;0;0;1;0;0;0;0;0;0;0;0;0;0;0;0;0;0;0;
FILTRE;2014;920025210;750806853;INIT;0;0;0;0;0;0;0;0;0;0;0;1;0;0;0;;0;0;0;;;;;;;;;;;;;0;0;0;0;0;0;0;0;
FILTRE;2014;920027711;940140049;DECLA;0;0;0;1;0;0;0;0;1;0;0;0;0;0;0;0;0;0;0;0;0;0;0;0;0;0;0;0;0;0;0;0;0;0;0;0;0;0;0;
FILTRE;2014;920027711;940140049;INIT;0;0;0;1;0;0;0;0;1;0;0;0;0;0;0;;0;0;0;;;;;;;;;;;;;0;0;0;0;0;0;0;0;
FILTRE;2014;920028917;920024197;DECLA;0;0;0;0;0;0;0;0;0;1;0;0;0;0;0;0;0;0;0;0;0;0;0;0;0;0;0;0;0;0;0;0;0;0;0;0;0;0;0;
FILTRE;2014;920028917;920024197;INIT;0;0;0;0;0;0;0;0;0;1;0;0;0;0;0;;0;0;0;;;;;;;;;;;;;0;0;0;0;0;0;0;0;
FILTRE;2014;920100013;750712184;DECLA;1;1;0;0;0;0;1;1;0;0;1;1;0;0;0;1;1;0;1;1;1;1;1;1;1;1;1;1;1;1;1;1;1;1;0;0;0;0;0;
FILTRE;2014;920100013;750712184;INIT;1;1;0;0;0;0;1;1;0;0;1;1;0;0;0;;1;0;1;;;;;;;;;;;;;1;1;1;0;0;0;0;0;
FILTRE;2014;920100021;750712184;DECLA;1;1;1;0;0;0;1;1;0;0;1;1;1;0;0;0;1;1;1;1;1;1;0;1;1;1;1;1;1;1;0;0;1;1;0;0;0;0;0;
FILTRE;2014;920100021;750712184;INIT;1;1;1;0;0;0;1;1;0;0;1;0;1;0;0;;1;1;1;;;;;;;;;;;;;1;1;1;0;0;0;0;0;
FILTRE;2014;920100039;750712184;DECLA;1;1;1;0;0;0;1;1;0;0;1;0;1;0;0;0;1;1;1;1;1;1;1;1;1;1;1;1;1;1;1;0;1;1;1;1;1;0;0;
FILTRE;2014;920100039;750712184;INIT;1;1;1;0;0;0;1;1;0;0;1;0;1;0;0;;1;1;1;;;;;;;;;;;;;0;1;1;1;1;1;0;0;
FILTRE;2014;920100047;750712184;DECLA;1;1;1;1;1;1;1;1;1;0;1;1;1;1;0;0;1;0;1;1;1;1;1;1;1;1;1;1;1;1;1;0;1;1;0;0;0;0;0;
FILTRE;2014;920100047;750712184;INIT;1;1;1;1;1;1;1;0;1;0;1;0;1;0;0;;1;0;1;;;;;;;;;;;;;0;1;1;0;0;0;0;0;
FILTRE;2014;920100054;750712184;DECLA;1;1;0;0;1;0;1;1;0;0;0;0;0;0;0;1;0;1;1;1;1;1;1;1;1;1;1;0;1;0;1;0;1;0;0;0;0;0;0;
FILTRE;2014;920100054;750712184;INIT;1;1;0;0;1;0;1;0;0;0;0;0;0;0;0;;0;1;1;;;;;;;;;;;;;0;1;0;0;0;0;0;0;
FILTRE;2014;920100062;750712184;DECLA;1;0;0;1;1;1;1;0;1;0;0;0;1;0;0;1;0;0;0;1;0;0;0;1;0;1;0;1;1;0;0;0;0;0;0;0;0;0;0;
FILTRE;2014;920100062;750712184;INIT;1;0;0;1;1;1;1;0;1;0;0;0;1;0;0;;0;0;0;;;;;;;;;;;;;0;0;0;0;0;0;0;0;
FILTRE;2014;920120011;750821092;DECLA;1;1;0;1;1;0;1;1;1;0;1;1;0;0;0;1;1;0;1;1;1;1;1;1;1;1;1;1;0;1;0;1;1;1;0;0;1;1;0;
FILTRE;2014;920120011;750821092;INIT;1;1;0;1;1;0;1;1;1;0;1;0;0;0;0;;1;0;1;;;;;;;;;;;;;1;1;1;1;0;1;1;0;
FILTRE;2014;920140019;750005068;DECLA;0;0;0;1;0;0;0;0;1;0;0;0;0;0;0;0;0;0;0;0;0;0;0;1;0;1;0;0;0;0;0;0;0;0;0;0;0;0;0;
FILTRE;2014;920140019;750005068;INIT;0;0;0;1;0;0;0;0;1;0;0;0;0;0;0;;0;0;0;;;;;;;;;;;;;0;0;0;0;0;0;0;0;
FILTRE;2014;920140027;750720575;DECLA;0;0;0;1;0;0;0;0;1;0;0;0;0;0;0;0;0;0;0;0;0;0;0;1;0;1;0;0;0;0;0;0;0;0;0;0;0;0;0;
FILTRE;2014;920140027;750720575;INIT;0;0;0;1;0;0;0;0;1;0;0;0;0;0;0;;0;0;0;;;;;;;;;;;;;0;0;0;0;0;0;0;0;
FILTRE;2014;920150018;750720492;DECLA;0;0;0;0;1;0;0;0;0;0;0;0;0;0;0;0;0;0;0;1;0;0;0;1;0;1;0;0;0;0;0;0;0;0;0;0;0;0;0;
FILTRE;2014;920150018;750720492;INIT;0;0;0;0;1;0;0;0;0;0;0;0;0;0;0;;0;0;0;;;;;;;;;;;;;0;0;0;0;0;0;0;0;
FILTRE;2014;920150075;780020715;DECLA;0;0;0;0;1;0;0;0;0;0;0;0;0;0;0;0;0;0;0;0;0;0;0;1;0;1;0;0;0;0;0;0;0;0;0;0;0;0;0;
FILTRE;2014;920150075;780020715;INIT;0;0;0;0;1;0;0;0;0;0;0;0;0;0;0;;0;0;0;;;;;;;;;;;;;0;0;0;0;0;0;0;0;
FILTRE;2014;920170024;940809452;DECLA;0;0;0;0;0;0;0;0;1;0;0;0;0;0;0;0;0;0;0;0;0;0;0;0;0;1;0;0;0;0;0;0;0;0;0;0;0;0;0;
FILTRE;2014;920170024;940809452;INIT;0;0;0;1;0;0;0;0;1;0;0;0;0;0;0;;0;0;0;;;;;;;;;;;;;0;0;0;0;0;0;0;0;
FILTRE;2014;920170081;750721391;DECLA;0;0;0;0;0;0;0;0;1;0;0;0;0;0;0;0;0;0;0;0;0;0;0;1;0;1;0;0;0;0;0;0;0;0;0;0;0;0;0;
FILTRE;2014;920170081;750721391;INIT;0;0;0;1;0;0;0;0;1;0;0;0;0;0;0;;0;0;0;;;;;;;;;;;;;0;0;0;0;0;0;0;0;
FILTRE;2014;920170115;920718053;DECLA;0;0;0;0;0;0;0;0;1;0;0;0;0;0;0;0;0;0;0;0;0;0;0;0;0;0;0;0;0;0;0;0;0;0;0;0;0;0;0;
FILTRE;2014;920170115;920718053;INIT;0;0;0;1;0;0;0;0;1;0;0;0;0;0;0;;0;0;0;;;;;;;;;;;;;0;0;0;0;0;0;0;0;
FILTRE;2014;920300043;920001526;DECLA;1;1;1;0;0;0;1;1;0;0;1;1;1;0;1;0;1;0;1;1;0;1;1;1;1;1;1;0;0;1;0;1;1;1;0;0;0;0;0;
FILTRE;2014;920300043;920001526;INIT;1;1;1;0;0;0;1;1;0;0;1;1;1;0;1;;1;0;1;;;;;;;;;;;;;0;1;1;0;0;0;0;0;
FILTRE;2014;920300183;920000759;DECLA;0;1;0;0;0;0;0;1;0;0;0;0;0;0;0;0;0;0;1;0;0;0;0;1;1;1;0;0;0;0;0;0;0;1;0;0;0;0;0;
FILTRE;2014;920300183;920000759;INIT;0;1;0;0;0;0;0;1;0;0;0;0;0;0;0;;0;0;1;;;;;;;;;;;;;0;0;1;0;0;0;0;0;
FILTRE;2014;920300191;920000767;DECLA;0;1;0;0;0;0;0;1;0;0;0;0;0;0;0;0;0;0;1;1;0;0;0;1;1;1;0;0;0;0;0;0;0;1;0;0;0;0;0;
FILTRE;2014;920300191;920000767;INIT;0;1;0;0;0;0;0;1;0;0;0;0;0;0;0;;0;0;1;;;;;;;;;;;;;0;0;1;0;0;0;0;0;
FILTRE;2014;920300209;920000775;DECLA;1;1;1;0;0;0;0;1;0;0;0;0;1;0;0;0;0;0;1;1;0;0;0;1;1;1;0;0;0;0;1;0;0;0;0;0;0;0;0;
FILTRE;2014;920300209;920000775;INIT;0;1;1;0;0;0;0;1;0;0;0;0;1;0;0;;0;0;1;;;;;;;;;;;;;0;0;0;0;0;0;0;0;
FILTRE;2014;920300258;920000809;DECLA;0;0;0;0;1;0;0;0;0;0;0;0;0;0;0;0;0;0;0;0;0;0;0;1;0;1;0;0;0;0;0;0;0;0;0;0;0;0;0;
FILTRE;2014;920300258;920000809;INIT;0;0;0;0;1;0;0;0;0;0;0;0;0;0;0;;0;0;0;;;;;;;;;;;;;0;0;0;0;0;0;0;0;
FILTRE;2014;920300266;920000940;DECLA;1;0;0;0;1;0;0;0;0;0;0;0;0;0;0;0;0;0;0;1;0;0;0;1;1;1;0;1;0;1;0;0;0;0;0;0;0;0;0;
FILTRE;2014;920300266;920000940;INIT;1;0;0;0;1;0;1;0;0;0;0;0;0;0;0;;0;0;0;;;;;;;;;;;;;0;0;0;0;0;0;0;0;
FILTRE;2014;920300365;920815388;DECLA;1;1;1;0;0;0;0;1;0;0;0;0;1;0;0;0;0;0;1;1;0;0;0;1;1;1;0;0;0;0;0;0;0;1;0;0;0;0;0;
FILTRE;2014;920300365;920815388;INIT;0;1;0;0;0;0;0;1;0;0;0;0;1;0;0;;0;0;1;;;;;;;;;;;;;0;0;1;0;0;0;0;0;
FILTRE;2014;920300381;920005378;DECLA;0;0;0;0;1;0;0;0;0;0;0;0;0;0;0;1;0;0;0;0;0;0;0;1;0;1;0;0;0;0;0;0;0;0;0;0;0;0;0;
FILTRE;2014;920300381;920005378;INIT;0;0;0;0;1;0;0;0;0;0;0;0;0;0;0;;0;0;0;;;;;;;;;;;;;0;0;0;0;0;0;0;0;
FILTRE;2014;920300415;920000890;DECLA;1;1;1;0;0;0;1;1;0;1;1;1;1;0;0;0;0;0;1;1;1;1;0;1;1;1;0;0;0;1;1;0;1;1;0;0;0;0;0;
FILTRE;2014;920300415;920000890;INIT;1;1;1;0;0;0;1;1;0;0;1;1;1;0;0;;0;0;1;;;;;;;;;;;;;0;0;1;0;0;0;0;0;
FILTRE;2014;920300423;750043994;DECLA;0;0;0;0;1;0;0;0;0;0;0;0;0;0;0;0;0;0;0;0;0;0;0;1;0;1;0;0;0;0;0;0;0;0;0;0;0;0;0;
FILTRE;2014;920300423;750043994;INIT;0;0;0;0;1;0;0;0;0;0;0;0;0;0;0;;0;0;0;;;;;;;;;;;;;0;0;0;0;0;0;0;0;
FILTRE;2014;920300464;910014919;DECLA;0;0;0;0;1;0;0;0;0;0;0;0;0;0;0;0;0;0;0;1;0;0;0;1;0;0;0;0;0;0;0;0;0;0;0;0;0;0;0;
FILTRE;2014;920300464;910014919;INIT;0;0;0;0;1;0;0;0;0;0;0;0;0;0;0;;0;0;0;;;;;;;;;;;;;0;0;0;0;0;0;0;0;
FILTRE;2014;920300480;920000924;DECLA;0;0;0;0;1;0;0;0;0;0;0;0;0;0;0;0;0;0;0;0;0;0;0;1;0;1;0;0;0;0;1;0;0;0;0;0;0;0;0;
FILTRE;2014;920300480;920000924;INIT;0;0;0;0;1;0;0;0;0;0;0;0;0;0;0;;0;0;0;;;;;;;;;;;;;0;0;0;0;0;0;0;0;
FILTRE;2014;920300563;920000932;DECLA;0;0;0;0;1;0;0;0;0;0;0;0;0;0;0;0;0;0;0;0;0;0;0;1;0;1;0;0;0;0;0;0;0;0;0;0;0;0;0;
FILTRE;2014;920300563;920000932;INIT;0;0;0;0;1;0;0;0;0;0;0;0;0;0;0;;0;0;0;;;;;;;;;;;;;0;0;0;0;0;0;0;0;
FILTRE;2014;920300597;920000940;DECLA;1;1;1;0;0;0;1;1;0;0;1;0;1;0;0;0;1;0;1;1;0;1;1;1;1;1;0;1;0;1;0;0;1;1;0;0;0;0;0;
FILTRE;2014;920300597;920000940;INIT;1;1;1;0;0;0;1;1;0;0;1;0;1;0;0;;1;0;1;;;;;;;;;;;;;0;0;1;0;0;0;0;0;
FILTRE;2014;920300670;920000965;DECLA;0;1;1;0;0;0;0;1;0;0;0;0;1;0;0;0;0;0;1;0;0;0;0;1;1;0;0;0;0;0;0;0;0;0;0;0;0;0;0;
FILTRE;2014;920300670;920000965;INIT;0;1;1;0;0;0;0;1;0;0;0;0;1;0;0;;0;0;1;;;;;;;;;;;;;0;0;0;0;0;0;0;0;
FILTRE;2014;920300712;920810736;DECLA;0;1;0;0;0;0;1;1;0;0;0;0;1;0;0;0;0;0;1;0;0;0;0;1;1;1;0;0;0;0;0;0;0;0;0;0;0;0;0;
FILTRE;2014;920300712;920810736;INIT;0;1;0;0;0;0;0;1;0;0;0;0;1;0;0;;0;0;1;;;;;;;;;;;;;0;0;0;0;0;0;0;0;
FILTRE;2014;920300753;920810736;DECLA;1;1;0;0;0;0;1;1;0;0;0;1;0;0;0;0;0;0;1;1;0;1;0;1;1;1;0;0;0;0;0;1;1;1;0;0;0;0;1;
FILTRE;2014;920300753;920810736;INIT;1;1;0;0;0;0;1;1;0;1;1;1;0;0;0;;0;0;1;;;;;;;;;;;;;1;1;1;0;0;0;0;1;
FILTRE;2014;920300761;920000973;DECLA;1;1;0;0;0;0;1;1;0;1;1;0;0;0;0;0;0;0;1;1;0;0;0;1;1;1;0;0;0;0;0;0;1;0;0;0;0;0;0;
FILTRE;2014;920300761;920000973;INIT;1;1;0;0;0;0;1;1;0;0;0;0;0;0;0;;0;0;1;;;;;;;;;;;;;0;0;0;0;0;0;0;0;
FILTRE;2014;920300787;920000981;DECLA;1;1;1;0;0;0;1;1;0;0;1;1;1;0;0;1;0;0;1;1;1;1;1;1;1;1;1;0;0;0;0;1;1;1;0;1;0;0;0;
FILTRE;2014;920300837;920001005;DECLA;1;1;1;0;0;0;1;1;0;0;0;1;1;0;0;0;0;0;1;1;1;1;0;1;0;1;0;0;0;0;0;0;0;0;0;0;0;0;0;
FILTRE;2014;920300837;920001005;INIT;1;1;1;0;0;0;1;1;0;0;0;1;1;0;0;;0;0;1;;;;;;;;;;;;;0;0;0;0;0;0;0;0;
FILTRE;2014;920300845;780020715;DECLA;1;0;0;0;1;0;1;0;0;0;0;0;0;0;0;0;0;0;0;0;0;0;0;1;0;0;0;1;0;1;1;0;0;0;0;0;0;0;0;
FILTRE;2014;920300845;780020715;INIT;1;0;0;0;1;0;1;0;0;0;0;0;0;0;0;;0;0;0;;;;;;;;;;;;;0;0;0;0;0;0;0;0;
FILTRE;2014;920300886;750043994;DECLA;0;0;0;0;1;0;0;0;0;0;0;0;0;0;0;0;0;0;0;0;0;0;0;1;0;1;0;0;0;0;1;0;0;0;0;0;0;0;0;
FILTRE;2014;920300886;750043994;INIT;0;0;0;0;1;0;0;0;0;0;0;0;0;0;0;;0;0;0;;;;;;;;;;;;;0;0;0;0;0;0;0;0;
FILTRE;2014;920300936;920006848;DECLA;1;1;0;0;0;0;1;1;0;0;0;0;0;0;0;0;0;0;1;1;0;0;0;1;1;1;1;0;0;0;0;0;1;1;0;0;0;0;0;
FILTRE;2014;920300936;920006848;INIT;1;1;0;0;0;0;1;1;0;0;0;0;0;0;0;;0;0;1;;;;;;;;;;;;;0;1;1;0;0;0;0;0;
FILTRE;2014;920300985;920810330;DECLA;0;0;0;0;1;0;0;0;0;0;0;0;0;0;0;0;0;0;0;1;0;0;0;1;0;1;0;0;0;0;0;0;0;0;0;0;0;0;0;
FILTRE;2014;920300985;920810330;INIT;0;0;0;0;1;0;0;0;0;0;0;0;0;0;0;;0;0;0;;;;;;;;;;;;;0;0;0;0;0;0;0;0;
FILTRE;2014;920301033;920001062;DECLA;1;0;0;0;0;0;1;0;0;1;1;0;0;0;0;0;0;0;0;0;0;0;0;1;0;1;1;0;0;0;1;0;0;0;0;0;0;0;0;
FILTRE;2014;920301033;920001062;INIT;1;0;0;0;0;0;1;0;0;1;1;0;0;0;0;;0;0;0;;;;;;;;;;;;;0;0;0;0;0;0;0;0;
FILTRE;2014;920310026;920001070;DECLA;0;0;0;1;0;0;0;0;0;0;0;0;0;0;0;0;0;0;0;0;0;0;0;1;0;1;0;0;0;0;0;0;0;0;0;0;0;0;0;
FILTRE;2014;920310026;920001070;INIT;0;0;0;1;0;0;0;0;0;0;0;0;0;0;0;;0;0;0;;;;;;;;;;;;;0;0;0;0;0;0;0;0;
FILTRE;2014;920310034;920001088;DECLA;0;0;0;1;0;0;0;0;0;0;0;0;0;0;0;0;0;0;0;0;0;0;0;1;0;1;0;0;0;0;0;0;0;0;0;0;0;0;0;
FILTRE;2014;920310034;920001088;INIT;0;0;0;1;0;0;0;0;0;0;0;0;0;0;0;;0;0;0;;;;;;;;;;;;;0;0;0;0;0;0;0;0;
FILTRE;2014;920310059;920001104;DECLA;0;0;0;1;0;0;0;0;1;0;0;0;0;0;0;0;0;0;0;0;0;0;0;0;0;0;0;0;0;0;0;0;0;0;0;0;0;0;0;
FILTRE;2014;920310059;920001104;INIT;0;0;0;1;0;0;0;0;1;0;0;0;0;0;0;;0;0;0;;;;;;;;;;;;;0;0;0;0;0;0;0;0;
FILTRE;2014;920420023;750043994;DECLA;0;0;0;0;1;0;0;0;0;0;0;0;0;0;0;0;0;0;0;0;0;0;0;1;0;0;0;0;0;0;0;0;0;0;0;0;0;0;0;
FILTRE;2014;920420023;750043994;INIT;0;0;0;0;1;0;0;0;0;0;0;0;0;0;0;;0;0;0;;;;;;;;;;;;;0;0;0;0;0;0;0;0;
FILTRE;2014;920600012;750042590;DECLA;0;0;0;0;1;0;0;0;0;0;0;0;0;0;0;0;0;0;0;0;0;0;0;0;0;1;0;0;0;0;0;0;0;0;0;0;0;0;0;
FILTRE;2014;920600012;750042590;INIT;0;0;0;0;1;0;0;0;0;0;0;0;0;0;0;;0;0;0;;;;;;;;;;;;;0;0;0;0;0;0;0;0;
FILTRE;2014;920600061;920001146;DECLA;0;0;0;0;1;0;0;0;0;0;0;0;0;0;0;0;0;0;0;0;0;0;0;1;0;1;0;0;0;0;0;0;0;0;0;0;0;0;0;
FILTRE;2014;920600061;920001146;INIT;0;0;0;0;1;0;0;0;0;0;0;0;0;0;0;;0;0;0;;;;;;;;;;;;;0;0;0;0;0;0;0;0;
FILTRE;2014;920690278;920718202;DECLA;0;0;0;1;0;0;0;0;1;0;0;0;0;0;0;0;0;0;0;0;0;0;0;0;0;0;0;0;0;0;0;0;0;0;0;0;0;0;0;
FILTRE;2014;920690278;920718202;INIT;0;0;0;1;0;0;0;0;1;0;0;0;0;0;0;;0;0;0;;;;;;;;;;;;;0;0;0;0;0;0;0;0;
FILTRE;2014;920700010;770700029;DECLA;0;0;0;0;1;0;0;0;0;0;0;0;0;0;0;0;0;0;0;0;0;0;0;0;0;0;0;0;0;0;0;0;0;0;0;0;0;0;0;
FILTRE;2014;920700010;770700029;INIT;0;0;0;0;1;0;0;0;0;0;0;0;0;0;0;;0;0;0;;;;;;;;;;;;;0;0;0;0;0;0;0;0;
FILTRE;2014;920711512;920013448;DECLA;0;0;0;0;1;0;0;0;0;0;0;0;0;0;0;0;0;0;0;0;0;0;0;1;0;1;0;0;0;0;1;0;0;0;0;0;0;0;0;
FILTRE;2014;920711512;920013448;INIT;0;0;0;0;1;0;0;0;0;0;0;0;0;0;0;;0;0;0;;;;;;;;;;;;;0;0;0;0;0;0;0;0;
FILTRE;2014;920803798;920002037;DECLA;1;1;0;0;1;0;0;1;0;0;0;0;0;0;0;0;0;0;1;0;0;0;0;1;1;1;0;0;0;1;0;0;1;0;0;0;0;0;0;
FILTRE;2014;920803798;920002037;INIT;1;0;0;0;1;0;1;0;0;0;0;0;0;0;0;;0;0;0;;;;;;;;;;;;;0;0;0;0;0;0;0;0;
FILTRE;2014;920811635;780140059;DECLA;0;0;0;1;0;0;0;0;0;0;0;0;0;0;0;0;0;0;0;0;0;0;0;1;0;1;0;0;0;0;0;0;0;0;0;0;0;0;0;
FILTRE;2014;920811635;780140059;INIT;0;0;0;1;0;0;0;0;0;0;0;0;0;0;0;;0;0;0;;;;;;;;;;;;;0;0;0;0;0;0;0;0;
FILTRE;2014;920811775;940000060;DECLA;0;0;0;0;0;0;0;0;0;0;0;1;0;0;0;0;0;0;0;0;0;0;0;0;0;0;0;0;0;0;0;0;0;0;0;0;0;0;0;
FILTRE;2014;920811775;940000060;INIT;0;0;0;0;0;0;0;0;0;0;0;1;0;0;0;;0;0;0;;;;;;;;;;;;;0;0;0;0;0;0;0;0;
FILTRE;2014;920813623;920029097;DECLA;0;0;0;0;0;0;0;0;0;0;1;0;0;0;1;0;0;0;0;0;0;0;0;1;1;1;1;1;0;0;0;0;0;0;0;0;0;0;0;
FILTRE;2014;920813623;920029097;INIT;0;0;0;0;0;0;0;0;0;0;0;0;0;0;1;;0;0;0;;;;;;;;;;;;;0;0;0;0;0;0;0;0;
FILTRE;2014;930000286;930021480;DECLA;1;1;1;0;0;0;1;1;0;1;1;0;1;0;1;1;1;1;1;1;1;1;1;1;1;1;0;1;0;1;1;1;1;1;0;0;0;0;0;
FILTRE;2014;930000286;930021480;INIT;1;1;1;0;1;0;1;1;0;1;1;0;1;0;1;;1;1;1;;;;;;;;;;;;;1;1;1;0;0;0;0;0;
FILTRE;2014;930000294;930021480;DECLA;0;0;0;0;1;1;0;0;0;0;0;0;0;0;0;0;0;0;0;0;0;0;0;0;0;0;0;0;0;0;0;0;0;0;0;0;0;0;0;
FILTRE;2014;930000294;930021480;INIT;0;0;0;0;1;1;0;0;0;0;0;0;0;0;0;;0;0;0;;;;;;;;;;;;;0;0;0;0;0;0;0;0;
FILTRE;2014;930000302;930110036;DECLA;1;1;1;0;1;0;1;1;0;0;0;1;1;0;0;0;1;0;1;1;1;1;1;1;1;1;0;0;0;0;0;1;1;1;0;0;0;0;0;
FILTRE;2014;930000302;930110036;INIT;1;1;1;0;1;0;1;1;0;0;0;1;1;0;0;;1;0;1;;;;;;;;;;;;;1;1;1;0;0;0;0;0;
FILTRE;2014;930000328;930110051;DECLA;1;1;1;0;1;0;1;1;0;0;1;0;1;0;0;0;1;1;1;1;1;1;0;1;1;1;0;1;0;1;0;0;1;1;0;0;0;0;0;
FILTRE;2014;930000328;930110051;INIT;1;1;1;0;1;0;1;1;0;0;1;0;1;0;1;;1;1;1;;;;;;;;;;;;;0;1;1;0;0;0;0;0;
FILTRE;2014;930000336;930110069;DECLA;1;1;1;1;1;0;1;1;1;0;1;0;1;0;0;0;1;1;1;1;1;1;0;1;1;1;0;1;0;1;0;1;1;1;0;0;0;0;0;
FILTRE;2014;930000336;930110069;INIT;1;1;1;1;1;0;1;1;1;0;1;0;1;0;0;;1;1;1;;;;;;;;;;;;;1;1;1;0;0;0;0;0;
FILTRE;2014;930000344;930140025;DECLA;0;0;0;1;0;0;0;0;1;0;0;0;0;0;0;0;0;0;0;0;0;0;0;1;1;1;0;0;0;0;1;0;0;0;0;0;0;0;0;
FILTRE;2014;930000344;930140025;INIT;0;0;0;1;0;0;0;0;1;0;0;0;0;0;0;;0;0;0;;;;;;;;;;;;;0;0;0;0;0;0;0;0;
FILTRE;2014;930001433;930110051;DECLA;0;0;0;0;0;0;0;0;1;0;0;0;0;0;0;0;0;0;0;0;0;0;0;0;0;0;0;0;0;0;0;0;0;0;0;0;0;0;0;
FILTRE;2014;930001433;930110051;INIT;0;0;0;0;0;0;0;0;1;0;0;0;0;0;0;;0;0;0;;;;;;;;;;;;;0;0;0;0;0;0;0;0;
FILTRE;2014;930003355;930003330;DECLA;0;0;0;0;0;0;0;0;0;0;0;1;0;0;0;0;0;0;0;0;0;0;0;0;0;0;0;0;0;0;0;0;0;0;0;0;0;0;0;
FILTRE;2014;930003355;930003330;INIT;0;0;0;0;0;0;0;0;0;0;0;1;0;0;0;;0;0;0;;;;;;;;;;;;;0;0;0;0;0;0;0;0;
FILTRE;2014;930003942;940000060;DECLA;0;0;0;0;0;0;0;0;0;0;0;1;0;0;0;0;0;0;0;0;0;0;0;0;0;0;0;0;0;0;0;0;0;0;0;0;0;0;0;
FILTRE;2014;930003942;940000060;INIT;0;0;0;0;0;0;0;0;0;0;0;1;0;0;0;;0;0;0;;;;;;;;;;;;;0;0;0;0;0;0;0;0;
FILTRE;2014;930004288;750720922;DECLA;0;0;0;1;0;0;0;0;1;0;0;0;0;0;0;0;0;0;0;0;0;0;0;0;0;1;0;0;0;0;0;0;0;0;0;0;0;0;0;
FILTRE;2014;930004288;750720922;INIT;0;0;0;1;0;0;0;0;1;0;0;0;0;0;0;;0;0;0;;;;;;;;;;;;;0;0;0;0;0;0;0;0;
FILTRE;2014;930006648;750721235;DECLA;0;0;0;0;1;0;0;0;0;0;0;0;0;0;0;0;0;0;0;0;0;0;0;1;0;1;0;0;0;0;0;0;0;0;0;0;0;0;0;
FILTRE;2014;930006648;750721235;INIT;0;0;0;0;1;0;0;0;0;0;0;0;0;0;0;;0;0;0;;;;;;;;;;;;;0;0;0;0;0;0;0;0;
FILTRE;2014;930009188;930009139;DECLA;0;0;0;0;1;0;0;0;0;0;0;0;0;0;0;1;0;0;0;0;0;0;0;1;0;1;0;0;0;0;0;0;0;0;0;0;0;0;0;
FILTRE;2014;930009188;930009139;INIT;0;0;0;0;1;0;0;0;0;0;0;0;0;0;0;;0;0;0;;;;;;;;;;;;;0;0;0;0;0;0;0;0;
FILTRE;2014;930011788;930017199;DECLA;0;0;0;0;1;0;0;0;0;0;0;0;0;0;0;0;0;0;0;0;0;0;0;1;0;0;0;0;0;0;0;0;0;0;0;0;0;0;0;
FILTRE;2014;930011788;930017199;INIT;0;0;0;0;1;0;0;0;0;0;0;0;0;0;0;;0;0;0;;;;;;;;;;;;;0;0;0;0;0;0;0;0;
FILTRE;2014;930013818;930024427;DECLA;0;0;0;0;1;0;0;0;0;0;0;0;0;0;0;0;0;0;0;1;0;0;0;1;0;1;0;0;0;0;1;0;0;0;0;0;0;0;0;
FILTRE;2014;930013818;930024427;INIT;0;0;0;0;1;0;0;0;0;0;0;0;0;0;0;;0;0;0;;;;;;;;;;;;;0;0;0;0;0;0;0;0;
FILTRE;2014;930014428;930014378;DECLA;0;0;0;0;0;0;0;0;0;0;0;1;0;0;0;0;0;0;0;0;0;0;0;1;0;1;0;0;0;0;0;0;0;0;0;0;0;0;0;
FILTRE;2014;930014428;930014378;INIT;0;0;0;0;0;0;0;0;0;0;0;1;0;0;0;;0;0;0;;;;;;;;;;;;;0;0;0;0;0;0;0;0;
FILTRE;2014;930015458;930003975;DECLA;0;0;0;0;0;0;0;0;0;1;0;0;0;0;0;0;0;0;0;0;0;0;0;0;0;0;0;0;0;0;0;0;0;0;0;0;0;0;0;
FILTRE;2014;930015458;930003975;INIT;0;0;0;0;0;0;0;0;0;1;0;0;0;0;0;;0;0;0;;;;;;;;;;;;;0;0;0;0;0;0;0;0;
FILTRE;2014;930017496;930005038;DECLA;0;0;0;0;0;0;0;0;0;0;0;1;0;0;0;0;0;0;0;0;0;0;0;0;0;0;0;0;0;0;0;0;0;0;0;0;0;0;0;
FILTRE;2014;930017496;930005038;INIT;0;0;0;0;0;0;0;0;0;0;0;1;0;0;0;;0;0;0;;;;;;;;;;;;;0;0;0;0;0;0;0;0;
FILTRE;2014;930017512;930019948;DECLA;0;0;0;0;1;0;0;0;0;0;0;0;0;0;0;0;0;0;0;0;0;0;0;1;0;1;0;0;0;0;0;0;0;0;0;0;0;0;0;
FILTRE;2014;930017512;930019948;INIT;0;0;0;0;1;0;0;0;0;0;0;0;0;0;0;;0;0;0;;;;;;;;;;;;;0;0;0;0;0;0;0;0;
FILTRE;2014;930018460;940000060;DECLA;0;0;0;0;0;0;0;0;0;0;0;1;0;0;0;0;0;0;0;0;0;0;0;0;0;0;0;0;0;0;0;0;0;0;0;0;0;0;0;
FILTRE;2014;930018460;940000060;INIT;0;0;0;0;0;0;0;0;0;0;0;1;0;0;0;;0;0;0;;;;;;;;;;;;;0;0;0;0;0;0;0;0;
FILTRE;2014;930019203;750043994;DECLA;0;0;0;0;1;0;0;0;0;0;0;0;0;0;0;0;0;0;0;0;0;0;0;0;0;0;0;0;0;0;1;0;0;0;0;0;0;0;0;
FILTRE;2014;930019203;750043994;INIT;0;0;0;0;1;0;0;0;0;0;0;0;0;0;0;;0;0;0;;;;;;;;;;;;;0;0;0;0;0;0;0;0;
FILTRE;2014;930020920;750043408;DECLA;0;0;0;1;0;0;0;0;1;0;0;0;0;0;0;0;0;0;0;0;0;0;0;1;0;1;0;0;0;0;0;0;0;0;0;0;0;0;0;
FILTRE;2014;930020920;750043408;INIT;0;0;0;1;0;0;0;0;1;0;0;0;0;0;0;;0;0;0;;;;;;;;;;;;;0;0;0;0;0;0;0;0;
FILTRE;2014;930020987;750048522;DECLA;0;0;0;0;1;0;0;0;0;0;0;0;0;0;0;1;0;0;0;0;0;0;0;0;0;0;0;0;0;0;0;0;0;0;0;0;0;0;0;
FILTRE;2014;930020987;750048522;INIT;0;0;0;0;1;0;0;0;0;0;0;0;0;0;0;;0;0;0;;;;;;;;;;;;;0;0;0;0;0;0;0;0;
FILTRE;2014;930021001;440052041;DECLA;0;0;0;0;1;0;0;0;0;0;0;0;0;0;0;0;0;0;0;0;0;0;0;1;0;1;0;0;0;0;1;0;0;0;0;0;0;0;0;
FILTRE;2014;930021001;440052041;INIT;0;0;0;0;1;0;0;0;0;0;0;0;0;0;0;;0;0;0;;;;;;;;;;;;;0;0;0;0;0;0;0;0;
FILTRE;2014;930022603;940000060;DECLA;0;0;0;0;0;0;0;0;0;0;0;1;0;0;0;0;0;0;0;0;0;0;0;1;0;0;0;0;0;0;0;0;0;0;0;0;0;0;0;
FILTRE;2014;930022603;940000060;INIT;0;0;0;0;0;0;0;0;0;0;0;1;0;0;0;;0;0;0;;;;;;;;;;;;;0;0;0;0;0;0;0;0;
FILTRE;2014;930023692;750043994;DECLA;0;0;0;0;1;0;0;0;0;0;0;0;0;0;0;0;0;0;0;0;0;0;0;1;0;0;0;0;0;0;0;0;0;0;0;0;0;0;0;
FILTRE;2014;930023692;750043994;INIT;0;0;0;0;1;0;0;0;0;0;0;0;0;0;0;;0;0;0;;;;;;;;;;;;;0;0;0;0;0;0;0;0;
FILTRE;2014;930100011;750712184;DECLA;1;0;0;0;1;1;1;0;0;0;0;0;0;0;0;0;0;0;0;1;0;0;0;1;0;1;0;1;0;1;0;0;0;0;0;0;0;0;0;
FILTRE;2014;930100011;750712184;INIT;1;0;0;0;1;1;1;0;0;0;0;0;0;0;0;;0;0;0;;;;;;;;;;;;;0;0;0;0;0;0;0;0;
FILTRE;2014;930100037;750712184;DECLA;1;1;1;0;1;0;1;1;1;0;1;0;1;0;0;0;1;1;1;1;1;1;0;1;1;1;1;1;1;0;1;1;1;1;0;0;0;0;0;
FILTRE;2014;930100037;750712184;INIT;1;1;0;0;1;0;1;1;1;0;1;0;1;0;0;;1;1;1;;;;;;;;;;;;;0;1;1;0;0;0;0;0;
FILTRE;2014;930100045;750712184;DECLA;1;1;1;0;0;0;1;1;0;0;1;0;1;0;0;0;1;0;1;1;1;1;0;1;1;1;0;1;0;1;1;0;1;1;0;0;0;0;0;
FILTRE;2014;930100045;750712184;INIT;1;1;1;0;0;0;1;1;0;0;1;0;1;0;0;;1;0;1;;;;;;;;;;;;;0;1;1;0;0;0;0;0;
FILTRE;2014;930150032;930000815;DECLA;0;0;1;0;0;0;0;0;0;0;0;0;1;0;0;0;0;0;1;0;0;1;0;1;1;1;0;0;0;0;0;0;0;0;0;0;0;0;0;
FILTRE;2014;930150032;930000815;INIT;0;0;1;0;0;0;0;0;0;0;0;0;1;0;0;;0;0;0;;;;;;;;;;;;;0;0;0;0;0;0;0;0;
FILTRE;2014;930150057;750808529;DECLA;0;0;0;0;1;1;0;0;0;0;0;0;0;0;0;0;0;0;0;0;0;0;0;1;0;1;0;0;0;0;0;0;0;0;0;0;0;0;0;
FILTRE;2014;930150057;750808529;INIT;0;0;0;0;1;1;0;0;0;0;0;0;0;0;0;;0;0;0;;;;;;;;;;;;;0;0;0;0;0;0;0;0;
FILTRE;2014;930300025;930000393;DECLA;1;1;1;0;0;0;0;1;0;0;1;1;1;0;0;0;1;0;1;1;0;0;0;1;1;0;0;0;0;1;0;1;1;1;1;0;0;0;0;
FILTRE;2014;930300025;930000393;INIT;1;1;1;0;0;0;1;1;0;0;1;1;1;0;0;;1;0;1;;;;;;;;;;;;;1;1;1;1;0;0;0;0;
FILTRE;2014;930300066;930000401;DECLA;1;1;0;0;0;0;1;1;0;0;0;1;0;0;0;0;1;0;1;1;0;0;0;1;1;1;0;0;0;0;0;0;1;1;0;0;0;0;0;
FILTRE;2014;930300066;930000401;INIT;1;1;0;0;0;0;1;1;0;0;0;1;0;0;0;;1;0;1;;;;;;;;;;;;;0;0;1;0;0;0;0;0;
FILTRE;2014;930300082;930000419;DECLA;1;1;0;0;0;0;1;1;0;0;1;0;0;0;0;0;1;0;1;1;0;1;0;1;1;1;0;0;0;1;0;0;1;1;0;0;0;0;0;
FILTRE;2014;930300082;930000419;INIT;1;1;0;0;0;0;1;1;0;0;1;0;0;0;0;;1;0;1;;;;;;;;;;;;;0;0;1;0;0;0;0;0;
FILTRE;2014;930300116;930000427;DECLA;1;1;1;0;0;0;1;1;0;0;1;0;1;0;0;0;1;0;1;0;0;0;0;1;1;1;0;0;0;0;0;0;1;1;0;0;0;0;0;
FILTRE;2014;930300116;930000427;INIT;1;1;1;0;0;0;1;1;0;0;1;0;1;0;0;;1;0;1;;;;;;;;;;;;;0;0;1;0;0;0;0;0;
FILTRE;2014;930300124;750054272;DECLA;0;0;0;0;1;0;0;0;0;0;0;0;0;0;0;0;0;0;0;0;0;0;0;1;0;0;0;0;0;0;0;0;0;0;0;0;0;0;0;
FILTRE;2014;930300124;750054272;INIT;0;0;0;0;1;0;0;0;0;0;0;0;0;0;0;;0;0;0;;;;;;;;;;;;;0;0;0;0;0;0;0;0;
FILTRE;2014;930300140;930000450;DECLA;0;0;0;0;1;0;0;0;0;0;0;0;0;0;0;0;0;0;0;0;0;0;0;1;0;1;0;0;0;0;0;0;0;0;0;0;0;0;0;
FILTRE;2014;930300140;930000450;INIT;0;0;0;0;1;0;0;0;0;0;0;0;0;0;0;;0;0;0;;;;;;;;;;;;;0;0;0;0;0;0;0;0;
FILTRE;2014;930300264;930000492;DECLA;0;1;0;0;0;0;0;1;0;0;0;0;0;0;0;1;0;0;1;1;0;0;0;1;1;1;0;0;0;0;0;0;0;0;0;0;0;0;0;
FILTRE;2014;930300264;930000492;INIT;0;1;0;0;0;0;0;1;0;0;0;0;0;0;0;;0;0;1;;;;;;;;;;;;;0;0;0;0;0;0;0;0;
FILTRE;2014;930300280;310021274;DECLA;0;0;0;0;1;0;0;0;0;0;0;0;0;0;0;0;0;0;0;0;0;0;0;0;0;0;0;0;0;0;0;0;0;0;0;0;0;0;0;
FILTRE;2014;930300280;310021274;INIT;0;0;0;0;1;0;0;0;0;0;0;0;0;0;0;;0;0;0;;;;;;;;;;;;;0;0;0;0;0;0;0;0;
FILTRE;2014;930300298;930025523;DECLA;1;1;1;0;0;0;1;1;0;0;1;0;1;0;0;0;0;0;1;0;0;0;0;1;1;1;0;0;0;0;0;0;1;1;0;0;0;0;0;
FILTRE;2014;930300298;930025523;INIT;0;1;1;0;0;0;0;1;0;0;0;0;1;0;0;;0;0;1;;;;;;;;;;;;;0;0;1;0;0;0;0;0;
FILTRE;2014;930300504;930000609;DECLA;1;1;0;0;0;0;1;1;0;0;0;0;0;0;0;0;0;0;1;0;0;0;0;1;1;1;0;0;0;0;0;0;1;1;0;0;0;0;0;
FILTRE;2014;930300504;930000609;INIT;1;1;0;0;0;0;1;1;0;0;0;0;0;0;0;;0;0;1;;;;;;;;;;;;;0;0;1;0;0;0;0;0;
FILTRE;2014;930300546;930008008;DECLA;0;0;0;0;1;0;0;0;0;0;0;0;0;0;0;0;0;0;0;0;0;0;0;1;0;1;0;0;0;0;0;0;0;0;0;0;0;0;0;
FILTRE;2014;930300546;930008008;INIT;0;0;0;0;1;0;0;0;0;0;0;0;0;0;0;;0;0;0;;;;;;;;;;;;;0;0;0;0;0;0;0;0;
FILTRE;2014;930300553;930000633;DECLA;1;1;1;0;1;0;1;1;0;0;1;0;1;0;0;0;1;0;1;1;1;1;0;1;1;1;0;0;0;1;0;0;1;1;0;0;0;0;0;
FILTRE;2014;930300553;930000633;INIT;1;1;1;0;1;0;1;1;0;0;1;0;1;0;0;;1;0;1;;;;;;;;;;;;;0;0;1;0;0;0;0;0;
FILTRE;2014;930300587;930000641;DECLA;1;1;0;0;0;0;1;1;0;0;0;1;0;0;0;0;0;0;1;0;0;1;0;1;1;1;0;0;0;0;0;0;1;0;0;0;0;0;0;
FILTRE;2014;930300587;930000641;INIT;1;1;0;0;0;0;1;1;0;0;0;1;0;0;0;;0;0;1;;;;;;;;;;;;;0;0;0;0;0;0;0;0;
FILTRE;2014;930300595;930000658;DECLA;1;1;1;0;0;0;1;1;0;0;1;1;1;0;0;0;1;0;1;1;0;1;1;1;1;1;1;0;0;1;0;0;1;1;0;0;0;0;0;
FILTRE;2014;930300595;930000658;INIT;1;1;1;0;0;0;1;1;0;0;1;1;1;0;0;;1;0;1;;;;;;;;;;;;;0;1;1;0;0;0;0;0;
FILTRE;2014;930300629;930000666;DECLA;1;1;1;0;0;0;1;1;0;0;0;0;0;0;0;0;0;0;1;0;0;0;0;1;1;1;0;0;0;0;0;0;1;0;0;0;0;0;0;
FILTRE;2014;930300629;930000666;INIT;1;1;0;0;0;0;1;1;0;0;0;0;1;0;0;;0;0;1;;;;;;;;;;;;;0;0;0;0;0;0;0;0;
FILTRE;2014;930300645;930000682;DECLA;1;1;0;0;0;0;1;1;0;0;0;0;0;0;0;0;0;0;1;0;0;1;1;1;1;1;0;0;0;0;0;1;1;1;0;0;0;0;1;
FILTRE;2014;930300645;930000682;INIT;1;1;0;0;0;0;1;1;0;0;0;0;0;0;0;;0;0;1;;;;;;;;;;;;;1;1;1;0;0;0;0;1;
FILTRE;2014;930300678;310021290;DECLA;0;0;0;0;1;0;0;0;0;0;0;0;0;0;0;0;0;0;0;0;0;0;0;1;0;1;0;0;0;0;0;0;0;0;0;0;0;0;0;
FILTRE;2014;930300678;310021290;INIT;0;0;0;0;1;0;0;0;0;0;0;0;0;0;0;;0;0;0;;;;;;;;;;;;;0;0;0;0;0;0;0;0;
FILTRE;2014;930300686;930008099;DECLA;0;0;0;0;1;0;0;0;0;0;0;0;0;0;0;0;0;0;0;0;0;0;0;1;0;1;0;0;0;0;0;0;0;0;0;0;0;0;0;
FILTRE;2014;930300686;930008099;INIT;0;0;0;0;1;0;0;0;0;0;0;0;0;0;0;;0;0;0;;;;;;;;;;;;;0;0;0;0;0;0;0;0;
FILTRE;2014;930310016;440052041;DECLA;0;0;0;1;0;0;0;0;1;0;0;0;0;0;0;0;0;0;0;0;0;0;0;1;0;0;0;0;0;0;0;0;0;0;0;0;0;0;0;
FILTRE;2014;930310016;440052041;INIT;0;0;0;1;0;0;0;0;1;0;0;0;0;0;0;;0;0;0;;;;;;;;;;;;;0;0;0;0;0;0;0;0;
FILTRE;2014;930500012;750720534;DECLA;0;0;0;0;1;0;0;0;0;0;0;0;0;0;0;0;0;0;0;0;0;0;0;1;0;0;0;0;0;1;0;0;0;0;0;0;0;0;0;
FILTRE;2014;930500012;750720534;INIT;0;0;0;0;1;0;0;0;0;0;0;0;0;0;0;;0;0;0;;;;;;;;;;;;;0;0;0;0;0;0;0;0;
FILTRE;2014;930600010;750042590;DECLA;0;0;0;0;1;0;0;0;0;0;0;0;0;0;0;0;0;0;0;0;0;0;0;0;0;1;0;0;0;0;0;0;0;0;0;0;0;0;0;
FILTRE;2014;930600010;750042590;INIT;0;0;0;0;1;0;0;0;0;0;0;0;0;0;0;;0;0;0;;;;;;;;;;;;;0;0;0;0;0;0;0;0;
FILTRE;2014;930700018;750040628;DECLA;0;0;0;0;1;0;0;0;0;0;0;0;0;0;0;0;0;0;0;0;0;0;0;0;0;1;0;0;0;0;0;0;0;0;0;0;0;0;0;
FILTRE;2014;930700018;750040628;INIT;0;0;0;0;1;0;0;0;0;0;0;0;0;0;0;;0;0;0;;;;;;;;;;;;;0;0;0;0;0;0;0;0;
FILTRE;2014;930703921;750721334;DECLA;0;0;0;0;0;0;0;0;1;0;0;0;0;0;0;0;0;0;0;0;0;0;0;0;0;1;0;0;0;0;0;0;0;0;0;0;0;0;0;
FILTRE;2014;930703921;750721334;INIT;0;0;0;0;0;0;0;0;1;0;0;0;0;0;0;;0;0;0;;;;;;;;;;;;;0;0;0;0;0;0;0;0;
FILTRE;2014;930706239;930110051;DECLA;1;0;0;0;1;1;1;0;0;0;0;0;0;0;1;1;0;0;0;0;0;0;0;1;0;0;0;1;0;1;1;0;0;0;0;0;0;0;0;
FILTRE;2014;930706239;930110051;INIT;0;0;0;0;1;1;0;0;1;0;0;0;0;0;0;;0;0;0;;;;;;;;;;;;;0;0;0;0;0;0;0;0;
FILTRE;2014;930813910;750806853;DECLA;0;0;0;0;0;0;0;0;0;0;0;1;0;0;0;0;0;0;0;0;0;0;0;1;0;0;0;0;0;0;0;0;0;0;0;0;0;0;0;
FILTRE;2014;930813910;750806853;INIT;0;0;0;0;0;0;0;0;0;0;0;1;0;0;0;;0;0;0;;;;;;;;;;;;;0;0;0;0;0;0;0;0;
FILTRE;2014;930815501;750034308;DECLA;0;0;0;0;0;1;0;0;0;0;0;0;0;0;0;0;0;0;0;0;0;0;0;0;0;0;0;0;0;0;0;0;0;0;0;0;0;0;0;
FILTRE;2014;930815501;750034308;INIT;0;0;0;0;0;1;0;0;0;0;0;0;0;0;0;;0;0;0;;;;;;;;;;;;;0;0;0;0;0;0;0;0;
FILTRE;2014;930815618;750806853;DECLA;0;0;0;0;0;0;0;0;0;0;0;1;0;0;0;0;0;0;0;0;0;0;0;1;0;0;0;0;0;0;0;0;0;0;0;0;0;0;0;
FILTRE;2014;930815618;750806853;INIT;0;0;0;0;0;0;0;0;0;0;0;1;0;0;0;;0;0;0;;;;;;;;;;;;;0;0;0;0;0;0;0;0;
FILTRE;2014;930816079;930816061;DECLA;0;0;0;0;0;0;0;0;0;0;0;1;0;0;0;0;0;0;0;0;0;0;0;0;0;0;0;0;0;0;0;0;0;0;0;0;0;0;0;
FILTRE;2014;930816079;930816061;INIT;0;0;0;0;0;0;0;0;0;0;0;1;0;0;0;;0;0;0;;;;;;;;;;;;;0;0;0;0;0;0;0;0;
FILTRE;2014;930817333;930817325;DECLA;0;0;0;0;0;0;0;0;0;0;0;1;0;0;0;0;0;0;0;0;0;0;0;1;0;0;0;0;0;0;0;0;0;0;0;0;0;0;0;
FILTRE;2014;930817333;930817325;INIT;0;0;0;0;0;0;0;0;0;0;0;1;0;0;0;;0;0;0;;;;;;;;;;;;;0;0;0;0;0;0;0;0;
FILTRE;2014;930817465;930712716;DECLA;0;0;0;0;0;0;0;0;1;0;0;0;0;0;0;0;0;0;0;0;0;0;0;0;0;1;0;0;0;0;0;0;0;0;0;0;0;0;0;
FILTRE;2014;930817465;930712716;INIT;0;0;0;1;0;0;0;0;1;0;0;0;0;0;0;;0;0;0;;;;;;;;;;;;;0;0;0;0;0;0;0;0;
FILTRE;2014;930817606;930705827;DECLA;0;0;0;0;0;0;0;0;0;0;0;1;0;0;0;0;0;0;0;0;0;0;0;0;0;0;0;0;0;0;0;0;0;0;0;0;0;0;0;
FILTRE;2014;930817606;930705827;INIT;0;0;0;0;0;0;0;0;0;0;0;1;0;0;0;;0;0;0;;;;;;;;;;;;;0;0;0;0;0;0;0;0;
FILTRE;2014;940000078;940000060;DECLA;0;0;0;0;0;0;0;0;0;0;0;1;0;0;0;0;0;0;0;0;0;0;0;0;0;0;0;0;0;0;0;0;0;0;0;0;0;0;0;
FILTRE;2014;940000078;940000060;INIT;0;0;0;0;0;0;0;0;0;0;0;1;0;0;0;;0;0;0;;;;;;;;;;;;;0;0;0;0;0;0;0;0;
FILTRE;2014;940000573;940110018;DECLA;1;1;1;1;1;0;1;1;1;1;1;0;1;0;0;0;1;0;1;1;1;1;1;1;1;1;1;1;1;1;1;0;1;1;0;0;0;0;0;
FILTRE;2014;940000573;940110018;INIT;1;1;1;1;1;0;1;1;1;1;1;0;1;0;0;;1;0;1;;;;;;;;;;;;;0;1;1;0;0;0;0;0;
FILTRE;2014;940000599;940110042;DECLA;1;1;1;1;0;0;1;1;0;0;1;0;1;0;0;0;1;1;1;1;1;1;1;1;1;1;0;1;1;1;1;1;1;1;0;0;0;0;0;
FILTRE;2014;940000599;940110042;INIT;1;1;1;1;0;0;1;1;0;0;1;0;1;0;0;;1;1;1;;;;;;;;;;;;;1;1;1;0;0;0;0;0;
FILTRE;2014;940000607;940140015;DECLA;0;0;0;1;0;0;0;0;1;0;0;0;0;0;0;0;0;0;0;0;0;0;0;1;1;1;0;0;0;0;0;0;0;0;0;0;0;0;0;
FILTRE;2014;940000607;940140015;INIT;0;0;0;1;0;0;0;0;1;0;0;0;0;0;0;;0;0;0;;;;;;;;;;;;;0;0;0;0;0;0;0;0;
FILTRE;2014;940000615;940140023;DECLA;0;0;0;1;1;1;0;0;1;0;0;0;0;0;0;0;0;0;0;0;0;0;0;1;1;1;0;0;0;0;1;0;0;0;0;0;0;0;0;
FILTRE;2014;940000615;940140023;INIT;0;0;0;1;1;1;0;0;1;0;0;0;0;0;0;;0;0;0;;;;;;;;;;;;;0;0;0;0;0;0;0;0;
FILTRE;2014;940000631;940140049;DECLA;0;0;0;1;0;0;0;0;1;0;0;0;0;0;0;0;0;0;0;0;0;0;0;1;1;1;0;0;0;0;1;0;0;0;0;0;0;0;0;
FILTRE;2014;940000631;940140049;INIT;0;0;0;1;0;0;0;0;1;0;0;0;0;0;0;;0;0;0;;;;;;;;;;;;;0;0;0;0;0;0;0;0;
FILTRE;2014;940000649;940150014;DECLA;1;1;0;0;0;0;1;1;0;0;1;0;0;0;0;0;1;0;1;1;1;1;0;1;1;1;0;1;1;1;0;0;1;1;0;0;0;0;0;
FILTRE;2014;940000649;940150014;INIT;1;1;0;0;0;0;1;1;0;0;1;0;0;0;0;;1;0;1;;;;;;;;;;;;;0;1;1;0;0;0;0;0;
FILTRE;2014;940000656;940150022;DECLA;1;0;0;0;1;0;1;0;0;0;1;0;0;0;0;1;0;0;1;1;1;1;1;1;0;1;0;0;0;1;1;0;0;0;0;0;0;0;0;
FILTRE;2014;940000656;940150022;INIT;1;0;0;0;1;0;1;0;0;0;1;0;0;0;0;;0;0;0;;;;;;;;;;;;;0;0;0;0;0;0;0;0;
FILTRE;2014;940000664;940160013;DECLA;1;1;0;0;0;0;1;1;0;1;1;0;0;0;0;0;0;0;1;1;1;1;1;1;0;1;0;1;1;1;1;0;1;1;0;0;1;0;0;
FILTRE;2014;940000664;940160013;INIT;1;1;0;0;0;0;1;1;0;1;1;0;0;0;0;;0;0;1;;;;;;;;;;;;;0;1;1;0;0;0;0;0;
FILTRE;2014;940006679;940017338;DECLA;1;1;1;0;0;0;1;1;0;0;0;1;1;0;0;0;0;0;1;0;0;1;0;1;1;1;0;0;0;0;0;0;0;1;0;0;0;0;0;
FILTRE;2014;940006679;940017338;INIT;1;1;1;0;0;0;1;1;0;0;0;1;1;0;0;;0;0;1;;;;;;;;;;;;;0;0;1;0;0;0;0;0;
FILTRE;2014;940008139;940021801;DECLA;0;0;0;0;1;0;0;0;0;0;0;0;0;0;0;1;0;0;0;0;0;0;0;0;0;0;0;0;0;0;0;0;0;0;0;0;0;0;0;
FILTRE;2014;940008139;940021801;INIT;0;0;0;0;1;0;0;0;0;0;0;0;0;0;0;;0;0;0;;;;;;;;;;;;;0;0;0;0;0;0;0;0;
FILTRE;2014;940016868;940016819;DECLA;1;0;1;1;1;0;1;0;1;0;0;1;1;0;0;0;0;0;1;1;1;0;0;1;0;1;0;0;0;0;1;0;0;0;0;0;0;0;0;
FILTRE;2014;940016868;940016819;INIT;1;0;1;1;1;0;1;0;1;0;0;1;1;0;0;;0;0;0;;;;;;;;;;;;;0;0;0;0;0;0;0;0;
FILTRE;2014;940019375;940000060;DECLA;0;0;0;0;0;0;0;0;0;0;0;1;0;0;0;0;0;0;0;0;0;0;0;0;0;0;0;0;0;0;0;0;0;0;0;0;0;0;0;
FILTRE;2014;940019375;940000060;INIT;0;0;0;0;0;0;0;0;0;0;0;1;0;0;0;;0;0;0;;;;;;;;;;;;;0;0;0;0;0;0;0;0;
FILTRE;2014;940021157;750005068;DECLA;0;0;0;0;0;0;0;0;1;0;0;0;0;0;0;0;0;0;0;0;0;0;0;0;0;1;0;0;0;0;0;0;0;0;0;0;0;0;0;
FILTRE;2014;940021157;750005068;INIT;0;0;0;0;0;0;0;0;1;0;0;0;0;0;0;;0;0;0;;;;;;;;;;;;;0;0;0;0;0;0;0;0;
FILTRE;2014;940100027;750712184;DECLA;1;1;0;1;1;1;1;1;1;1;1;1;0;0;0;0;1;1;1;1;1;1;1;1;1;1;1;1;1;1;1;1;1;1;1;1;1;0;1;
FILTRE;2014;940100027;750712184;INIT;1;1;0;1;0;0;1;1;0;1;1;1;0;0;0;;1;1;1;;;;;;;;;;;;;1;1;1;1;1;1;0;1;
FILTRE;2014;940100035;750712184;DECLA;1;0;0;1;1;1;1;0;1;0;1;0;0;0;0;0;0;0;0;1;1;0;0;1;1;1;0;1;0;1;0;0;0;0;0;0;0;0;0;
FILTRE;2014;940100035;750712184;INIT;1;0;0;1;1;1;1;0;1;0;0;0;0;0;0;;0;0;0;;;;;;;;;;;;;0;0;0;0;0;0;0;0;
FILTRE;2014;940100043;750712184;DECLA;1;1;1;1;1;0;1;1;1;0;1;1;1;0;0;1;1;0;1;1;1;1;1;1;1;1;1;1;1;1;1;0;1;1;1;1;1;0;0;
FILTRE;2014;940100043;750712184;INIT;1;1;1;1;1;0;1;1;1;0;1;1;1;0;0;;1;0;1;;;;;;;;;;;;;0;1;1;1;1;1;0;0;
FILTRE;2014;940100050;750712184;DECLA;1;0;0;0;1;1;1;0;0;0;0;0;0;0;0;0;0;0;0;1;0;0;0;1;1;1;0;1;0;1;1;0;0;0;0;0;0;0;0;
FILTRE;2014;940100050;750712184;INIT;1;0;0;0;1;1;1;0;0;0;0;0;0;0;0;;0;0;0;;;;;;;;;;;;;0;0;0;0;0;0;0;0;
FILTRE;2014;940100068;750712184;DECLA;1;1;0;1;1;1;1;1;1;0;1;0;0;0;0;1;0;0;1;1;1;1;1;1;1;1;1;1;1;1;1;0;1;1;0;0;1;0;0;
FILTRE;2014;940100068;750712184;INIT;1;1;0;1;1;1;1;1;1;0;1;0;0;0;0;;0;0;1;;;;;;;;;;;;;0;1;1;0;0;1;0;0;
FILTRE;2014;940120017;750821092;DECLA;1;1;1;1;0;0;1;1;1;0;1;0;1;0;0;0;1;0;1;1;1;1;1;1;1;1;0;1;0;1;0;0;1;1;0;0;0;0;0;
FILTRE;2014;940120017;750821092;INIT;1;1;1;1;0;0;1;1;1;0;1;0;1;0;0;;0;1;1;;;;;;;;;;;;;0;1;1;0;0;0;0;0;
FILTRE;2014;940170012;940000672;DECLA;0;0;0;0;0;0;0;0;1;0;0;0;0;0;0;0;0;0;0;0;0;0;0;1;0;1;0;0;0;0;1;0;0;0;0;0;0;0;0;
FILTRE;2014;940170012;940000672;INIT;0;0;0;1;0;0;0;0;1;0;0;0;0;0;0;;0;0;0;;;;;;;;;;;;;0;0;0;0;0;0;0;0;
FILTRE;2014;940170137;750721391;DECLA;0;0;0;0;0;0;0;0;1;0;0;0;0;0;0;0;0;0;0;0;0;0;0;1;0;1;0;0;0;0;1;0;0;0;0;0;0;0;0;
FILTRE;2014;940170137;750721391;INIT;0;0;0;1;0;0;0;0;1;0;0;0;0;0;0;;0;0;0;;;;;;;;;;;;;0;0;0;0;0;0;0;0;
FILTRE;2014;940300031;940000706;DECLA;1;1;1;0;0;0;1;1;0;0;1;1;1;0;0;0;1;0;1;1;1;1;1;1;0;1;0;0;0;0;1;0;1;1;0;0;0;0;0;
FILTRE;2014;940300031;940000706;INIT;1;1;0;0;0;0;1;1;0;0;1;1;1;0;0;;1;0;1;;;;;;;;;;;;;0;0;1;0;0;0;0;0;
FILTRE;2014;940300080;940000722;DECLA;0;0;0;0;1;0;0;0;0;0;0;0;0;0;0;0;0;0;0;0;0;0;0;1;0;1;0;0;0;0;0;0;0;0;0;0;0;0;0;
FILTRE;2014;940300080;940000722;INIT;0;0;0;0;1;0;0;0;0;0;0;0;0;0;0;;0;0;0;;;;;;;;;;;;;0;0;0;0;0;0;0;0;
FILTRE;2014;940300163;750043994;DECLA;1;0;0;0;1;0;0;0;0;0;0;0;0;0;0;0;0;0;0;1;0;0;0;1;0;1;0;0;0;0;1;0;0;0;0;0;0;0;0;
FILTRE;2014;940300163;750043994;INIT;1;0;0;0;1;0;1;0;0;0;0;0;0;0;0;;0;0;0;;;;;;;;;;;;;0;0;0;0;0;0;0;0;
FILTRE;2014;940300270;940000771;DECLA;1;1;1;0;0;0;1;1;0;0;1;1;1;0;0;0;1;0;1;1;0;1;0;1;1;1;0;0;0;0;0;0;1;1;0;0;0;0;0;
FILTRE;2014;940300270;940000771;INIT;1;1;1;0;0;0;1;1;0;0;1;1;1;0;0;;1;0;1;;;;;;;;;;;;;0;0;1;0;0;0;0;0;
FILTRE;2014;940300379;940000805;DECLA;1;1;1;0;0;0;1;1;0;0;0;0;1;0;0;0;0;0;1;0;0;0;1;1;1;1;0;0;0;0;0;0;0;1;0;0;0;0;0;
FILTRE;2014;940300379;940000805;INIT;1;1;1;0;0;0;1;1;0;0;0;0;1;0;0;;0;0;1;;;;;;;;;;;;;0;0;1;0;0;0;0;0;
FILTRE;2014;940300445;940000854;DECLA;1;1;0;0;1;0;1;1;0;0;1;1;1;0;0;0;1;0;1;1;0;0;0;1;1;0;0;0;0;0;0;0;0;0;0;0;0;0;0;
FILTRE;2014;940300445;940000854;INIT;1;1;0;0;1;0;1;1;0;1;1;1;1;0;0;;1;0;1;;;;;;;;;;;;;0;0;0;0;0;0;0;0;
FILTRE;2014;940300452;940000862;DECLA;1;0;0;0;1;0;1;0;0;0;0;0;0;0;0;0;0;0;0;0;0;0;0;1;0;1;0;0;0;0;0;0;0;0;0;0;0;0;0;
FILTRE;2014;940300452;940000862;INIT;1;0;0;0;1;0;1;0;0;0;0;0;0;0;0;;0;0;0;;;;;;;;;;;;;0;0;0;0;0;0;0;0;
FILTRE;2014;940300494;940000896;DECLA;1;1;0;0;0;0;1;1;0;0;1;1;0;0;0;0;0;0;1;1;1;0;0;1;1;1;0;0;0;1;0;0;1;1;0;0;0;0;0;
FILTRE;2014;940300494;940000896;INIT;1;1;0;0;0;0;1;1;0;0;1;1;0;0;0;;0;0;1;;;;;;;;;;;;;0;0;1;0;0;0;0;0;
FILTRE;2014;940300502;940000904;DECLA;0;0;0;0;1;0;0;0;0;0;0;0;0;0;0;0;0;0;0;0;0;0;0;1;0;0;0;0;0;0;1;0;0;0;0;0;0;0;0;
FILTRE;2014;940300502;940000904;INIT;0;0;0;0;1;0;0;0;0;0;0;0;0;0;0;;0;0;0;;;;;;;;;;;;;0;0;0;0;0;0;0;0;
FILTRE;2014;940300551;940000912;DECLA;1;1;1;0;0;0;1;1;0;0;0;0;1;0;0;0;0;0;1;0;0;0;0;1;0;1;0;0;0;0;1;0;0;0;0;0;0;0;0;
FILTRE;2014;940300551;940000912;INIT;0;1;1;0;0;0;0;1;0;0;0;0;1;0;0;;0;0;1;;;;;;;;;;;;;0;0;1;0;0;0;0;0;
FILTRE;2014;940300569;940000912;DECLA;1;1;0;0;0;0;1;1;0;0;0;0;0;0;0;0;1;0;1;0;0;0;0;1;1;1;0;0;0;0;1;0;1;1;0;0;0;0;0;
FILTRE;2014;940300569;940000912;INIT;1;1;0;0;0;0;1;1;0;0;0;0;0;0;0;;1;0;1;;;;;;;;;;;;;0;0;1;0;0;0;0;0;
FILTRE;2014;940300577;310021266;DECLA;0;0;0;0;1;0;0;0;0;0;0;0;0;0;0;0;0;0;0;0;0;0;0;1;0;1;0;0;0;0;0;0;0;0;0;0;0;0;0;
FILTRE;2014;940300577;310021266;INIT;0;0;0;0;1;0;0;0;0;0;0;0;0;0;0;;0;0;0;;;;;;;;;;;;;0;0;0;0;0;0;0;0;
FILTRE;2014;940310014;940000979;DECLA;0;0;0;1;0;0;0;0;1;0;0;0;0;0;0;0;0;0;0;0;0;0;0;1;0;1;0;0;0;0;0;0;0;0;0;0;0;0;0;
FILTRE;2014;940310014;940000979;INIT;0;0;0;1;0;0;0;0;1;0;0;0;0;0;0;;0;0;0;;;;;;;;;;;;;0;0;0;0;0;0;0;0;
FILTRE;2014;940310022;940022163;DECLA;0;0;0;1;0;0;0;0;0;0;0;0;0;0;0;0;0;0;0;0;0;0;1;1;0;1;0;0;0;0;0;0;0;0;0;0;0;0;0;
FILTRE;2014;940310022;940022163;INIT;0;0;0;1;0;0;0;0;0;0;0;0;0;0;0;;0;0;0;;;;;;;;;;;;;0;0;0;0;0;0;0;0;
FILTRE;2014;940700032;940001027;DECLA;0;0;0;0;1;0;0;0;0;0;0;0;0;0;0;1;0;0;0;1;0;0;0;1;0;1;0;0;0;0;0;0;0;0;0;0;0;0;0;
FILTRE;2014;940700032;940001027;INIT;0;0;0;0;1;0;0;0;0;0;0;0;0;0;0;;0;0;0;;;;;;;;;;;;;0;0;0;0;0;0;0;0;
FILTRE;2014;940700040;940809361;DECLA;0;0;0;0;1;0;0;0;0;0;0;0;0;0;0;1;0;0;0;1;0;0;0;1;0;1;0;0;0;0;0;0;0;0;0;0;0;0;0;
FILTRE;2014;940700040;940809361;INIT;0;0;0;0;1;0;0;0;0;0;0;0;0;0;0;;0;0;0;;;;;;;;;;;;;0;0;0;0;0;0;0;0;
FILTRE;2014;940721400;940721400;DECLA;0;0;0;0;0;0;0;0;1;0;0;0;0;0;0;0;0;0;0;0;0;0;0;0;0;0;0;0;0;0;1;0;0;0;0;0;0;0;0;
FILTRE;2014;940721400;940721400;INIT;0;0;0;0;0;0;0;0;1;0;0;0;0;0;0;;0;0;0;;;;;;;;;;;;;0;0;0;0;0;0;0;0;
FILTRE;2014;940806490;750810798;DECLA;1;0;0;0;1;0;1;0;0;0;0;0;0;0;0;0;0;0;0;1;0;0;0;0;0;0;0;0;0;0;0;0;0;0;0;0;0;0;0;
FILTRE;2014;940807654;940807654;DECLA;0;0;0;1;0;0;0;0;1;0;0;0;0;0;0;0;0;0;0;0;0;0;0;1;0;1;0;0;0;0;0;0;0;0;0;0;0;0;0;
FILTRE;2014;940807654;940807654;INIT;0;0;0;1;0;0;0;0;1;0;0;0;0;0;0;;0;0;0;;;;;;;;;;;;;0;0;0;0;0;0;0;0;
FILTRE;2014;940812506;940110042;DECLA;0;0;0;0;0;1;0;0;0;0;0;0;0;0;0;0;0;0;0;0;0;0;0;0;0;0;0;0;0;0;0;0;0;0;0;0;0;0;0;
FILTRE;2014;940812506;940110042;INIT;0;0;0;0;0;1;0;0;0;0;0;0;0;0;0;;0;0;0;;;;;;;;;;;;;0;0;0;0;0;0;0;0;
FILTRE;2014;940813017;940000060;DECLA;0;0;0;0;0;0;0;0;0;0;0;1;0;0;0;0;0;0;0;0;0;0;0;0;0;0;0;0;0;0;0;0;0;0;0;0;0;0;0;
FILTRE;2014;940813017;940000060;INIT;0;0;0;0;0;0;0;0;0;0;0;1;0;0;0;;0;0;0;;;;;;;;;;;;;0;0;0;0;0;0;0;0;
FILTRE;2014;940813033;940001894;DECLA;1;1;0;0;0;0;0;1;0;0;0;0;1;0;0;0;0;0;1;1;0;0;0;1;1;1;0;0;0;0;0;0;1;1;0;0;0;0;0;
FILTRE;2014;940813033;940001894;INIT;0;1;0;0;0;0;0;1;0;0;1;0;1;0;0;;0;0;1;;;;;;;;;;;;;0;0;1;0;0;0;0;0;
FILTRE;2014;940813090;750043994;DECLA;0;0;0;0;1;0;0;0;0;0;0;0;0;0;0;0;0;0;0;0;0;0;0;1;0;1;0;0;0;0;0;0;0;0;0;0;0;0;0;
FILTRE;2014;940813090;750043994;INIT;0;0;0;0;1;0;0;0;0;0;0;0;0;0;0;;0;0;0;;;;;;;;;;;;;0;0;0;0;0;0;0;0;
FILTRE;2014;940814460;940000060;DECLA;0;0;0;0;0;0;0;0;0;0;0;1;0;0;0;0;0;0;0;0;0;0;0;0;0;0;0;0;0;0;0;0;0;0;0;0;0;0;0;
FILTRE;2014;940814460;940000060;INIT;0;0;0;0;0;0;0;0;0;0;0;1;0;0;0;;0;0;0;;;;;;;;;;;;;0;0;0;0;0;0;0;0;
FILTRE;2014;950000307;950110015;DECLA;1;1;1;1;1;1;1;1;1;1;1;0;1;0;0;0;1;1;1;1;1;1;1;1;1;1;1;1;1;1;0;1;1;1;0;0;0;0;0;
FILTRE;2014;950000307;950110015;INIT;1;1;1;1;1;1;1;1;1;1;1;0;1;0;0;;1;1;1;;;;;;;;;;;;;1;1;1;0;0;0;0;0;
FILTRE;2014;950000315;950001370;DECLA;1;1;1;1;1;0;1;1;1;0;1;0;1;1;0;1;1;1;1;1;1;1;1;1;1;1;0;1;0;1;1;0;1;0;0;0;0;0;0;
FILTRE;2014;950000315;950001370;INIT;1;1;1;1;1;0;1;0;1;0;0;0;1;0;0;;1;1;1;;;;;;;;;;;;;0;1;0;0;0;0;0;0;
FILTRE;2014;950000323;950013870;DECLA;1;1;1;1;1;0;1;1;1;0;1;1;1;0;1;0;1;1;1;1;1;1;1;1;1;1;1;1;1;1;1;1;1;1;0;0;0;0;0;
FILTRE;2014;950000323;950013870;INIT;1;1;0;1;1;0;1;1;1;0;1;0;1;0;1;;1;1;1;;;;;;;;;;;;;1;1;1;0;0;0;0;0;
FILTRE;2014;950000331;950110049;DECLA;1;1;1;1;1;1;1;1;1;0;1;0;1;0;0;1;1;1;1;1;1;1;0;1;1;1;1;1;1;1;1;1;1;1;0;0;0;0;0;
FILTRE;2014;950000331;950110049;INIT;1;1;1;1;1;1;1;1;1;0;1;0;1;0;0;;1;1;1;;;;;;;;;;;;;1;1;1;0;0;0;0;0;
FILTRE;2014;950000349;950015289;DECLA;1;0;0;0;0;0;0;0;0;0;0;0;0;0;0;0;1;0;0;1;0;0;0;0;0;1;0;1;0;1;1;0;0;0;0;0;0;0;0;
FILTRE;2014;950000349;950015289;INIT;1;0;0;0;0;0;1;0;0;0;0;0;0;0;0;;1;0;0;;;;;;;;;;;;;0;0;0;0;0;0;0;0;
FILTRE;2014;950000356;950013870;DECLA;1;0;1;0;1;0;1;0;1;0;1;0;1;0;1;0;1;0;1;0;0;0;0;0;0;0;0;0;0;0;1;0;0;0;0;0;0;0;0;
FILTRE;2014;950000356;950013870;INIT;1;0;1;0;1;0;1;0;1;0;0;0;1;0;1;;1;0;0;;;;;;;;;;;;;0;0;0;0;0;0;0;0;
FILTRE;2014;950000364;950110080;DECLA;1;1;1;1;1;0;1;1;1;0;1;1;1;0;0;1;1;1;1;1;1;1;0;1;1;1;0;1;0;1;1;1;1;1;0;0;0;0;0;
FILTRE;2014;950000364;950110080;INIT;1;1;1;1;1;0;1;1;1;0;1;1;1;0;0;;1;1;1;;;;;;;;;;;;;1;1;1;0;0;0;0;0;
FILTRE;2014;950000398;950140012;DECLA;0;0;0;1;0;0;0;0;1;0;0;0;0;0;0;0;0;0;0;1;0;0;0;1;0;1;0;0;0;0;1;0;0;0;0;0;0;0;0;
FILTRE;2014;950000398;950140012;INIT;0;0;0;1;0;0;0;0;1;0;0;0;0;0;0;;0;0;0;;;;;;;;;;;;;0;0;0;0;0;0;0;0;
FILTRE;2014;950000406;950150037;DECLA;1;0;0;0;1;1;0;0;0;0;0;0;0;0;0;0;0;0;0;1;0;0;0;1;0;1;0;1;0;1;1;0;0;0;0;0;0;0;0;
FILTRE;2014;950000406;950150037;INIT;1;0;0;0;1;1;1;0;0;0;0;0;0;0;0;;0;0;0;;;;;;;;;;;;;0;0;0;0;0;0;0;0;
FILTRE;2014;950000695;950500033;DECLA;0;0;0;0;1;1;0;0;0;0;0;0;0;0;0;1;0;0;0;1;0;0;0;1;0;1;0;1;0;1;1;0;0;0;0;0;0;0;0;
FILTRE;2014;950000695;950500033;INIT;0;0;0;0;1;1;0;0;0;0;0;0;0;0;0;;0;0;0;;;;;;;;;;;;;0;0;0;0;0;0;0;0;
FILTRE;2014;950000703;950500041;DECLA;0;0;0;0;1;0;0;0;0;0;0;0;0;0;0;1;0;0;0;1;0;1;0;1;0;1;0;0;0;0;1;0;0;0;0;0;0;0;0;
FILTRE;2014;950000703;950500041;INIT;0;0;0;0;1;0;0;0;0;0;0;0;0;0;0;;0;0;0;;;;;;;;;;;;;0;0;0;0;0;0;0;0;
FILTRE;2014;950002568;750043994;DECLA;0;0;0;1;0;0;0;0;1;0;0;0;0;0;0;0;0;0;0;0;0;0;0;1;0;1;0;0;0;0;0;0;0;0;0;0;0;0;0;
FILTRE;2014;950002568;750043994;INIT;0;0;0;1;0;0;0;0;1;0;0;0;0;0;0;;0;0;0;;;;;;;;;;;;;0;0;0;0;0;0;0;0;
FILTRE;2014;950002709;950015438;DECLA;0;0;0;0;0;0;1;0;0;0;0;1;0;0;0;0;0;0;0;0;0;0;0;0;0;0;0;0;0;0;0;0;0;0;0;0;0;0;0;
FILTRE;2014;950002709;950015438;INIT;0;0;0;0;0;0;0;0;0;0;0;1;0;0;0;;0;0;0;;;;;;;;;;;;;0;0;0;0;0;0;0;0;
FILTRE;2014;950006908;750719270;DECLA;0;0;0;1;0;0;0;0;0;0;0;0;0;0;0;0;0;0;0;0;0;0;0;0;0;0;0;0;0;0;0;0;0;0;0;0;0;0;0;
FILTRE;2014;950006908;750719270;INIT;0;0;0;1;0;0;0;0;0;0;0;0;0;0;0;;0;0;0;;;;;;;;;;;;;0;0;0;0;0;0;0;0;
FILTRE;2014;950016139;950015289;DECLA;0;0;0;0;1;1;0;0;0;0;0;0;0;0;0;0;0;0;0;0;0;0;0;0;0;1;0;0;0;0;1;0;0;0;0;0;0;0;0;
FILTRE;2014;950016139;950015289;INIT;0;0;0;0;1;1;0;0;0;0;0;0;0;0;0;;0;0;0;;;;;;;;;;;;;0;0;0;0;0;0;0;0;
FILTRE;2014;950031237;950809640;DECLA;0;0;0;0;0;0;0;0;0;1;0;0;0;0;0;0;0;0;0;0;0;0;0;0;0;0;0;0;0;0;0;0;0;0;0;0;0;0;0;
FILTRE;2014;950031237;950809640;INIT;0;0;0;0;0;0;0;0;0;1;0;0;0;0;0;;0;0;0;;;;;;;;;;;;;0;0;0;0;0;0;0;0;
FILTRE;2014;950100016;750712184;DECLA;1;0;0;0;1;1;1;0;0;0;0;0;0;0;0;1;0;0;0;0;0;0;0;1;1;1;0;1;1;1;1;0;0;0;0;0;0;0;0;
FILTRE;2014;950100016;750712184;INIT;1;0;0;0;1;1;1;0;0;0;0;0;0;0;0;;0;0;0;;;;;;;;;;;;;0;0;0;0;0;0;0;0;
FILTRE;2014;950150011;940016249;DECLA;0;0;0;0;1;0;0;0;0;0;0;0;0;0;0;0;0;0;0;0;0;0;0;0;0;0;0;0;0;0;1;0;0;0;0;0;0;0;0;
FILTRE;2014;950150011;940016249;INIT;0;0;0;0;1;0;0;0;0;0;0;0;0;0;0;;0;0;0;;;;;;;;;;;;;0;0;0;0;0;0;0;0;
FILTRE;2014;950150052;750720575;DECLA;0;0;0;1;1;0;0;0;1;0;0;0;0;0;0;0;0;0;0;1;0;0;0;1;1;1;0;0;0;0;1;0;0;0;0;0;0;0;0;
FILTRE;2014;950150052;750720575;INIT;0;0;0;1;1;0;0;0;1;0;0;0;0;0;0;;0;0;0;;;;;;;;;;;;;0;0;0;0;0;0;0;0;
FILTRE;2014;950170019;950003319;DECLA;0;0;0;1;0;0;0;0;1;0;0;0;0;0;0;0;0;0;0;0;0;0;0;0;0;0;0;0;0;0;0;0;0;0;0;0;0;0;0;
FILTRE;2014;950170019;950003319;INIT;0;0;0;1;0;0;0;0;1;0;0;0;0;0;0;;0;0;0;;;;;;;;;;;;;0;0;0;0;0;0;0;0;
FILTRE;2014;950300087;750052359;DECLA;0;0;0;0;1;0;0;0;0;0;0;0;0;0;0;0;0;0;0;0;0;0;0;0;0;0;0;0;0;0;0;0;0;0;0;0;0;0;0;
FILTRE;2014;950300087;750052359;INIT;0;0;0;0;1;0;0;0;0;0;0;0;0;0;0;;0;0;0;;;;;;;;;;;;;0;0;0;0;0;0;0;0;
FILTRE;2014;950300095;950000455;DECLA;1;1;1;0;0;0;1;1;0;0;0;1;1;0;0;0;0;0;1;0;0;0;0;1;1;1;0;0;0;0;0;0;0;0;0;0;0;0;0;
FILTRE;2014;950300095;950000455;INIT;1;1;0;0;0;0;1;1;0;0;0;1;1;0;0;;0;0;1;;;;;;;;;;;;;0;0;0;0;0;0;0;0;
FILTRE;2014;950300103;310021183;DECLA;0;0;0;0;1;0;0;0;0;0;0;0;0;0;0;0;0;0;0;0;0;0;0;1;0;0;0;0;0;0;0;0;0;0;0;0;0;0;0;
FILTRE;2014;950300103;310021183;INIT;0;0;0;0;1;0;0;0;0;0;0;0;0;0;0;;0;0;0;;;;;;;;;;;;;0;0;0;0;0;0;0;0;
FILTRE;2014;950300137;950000471;DECLA;0;1;0;0;0;0;0;1;0;0;0;0;0;0;0;0;0;0;1;1;0;0;0;1;1;1;0;0;0;0;0;0;0;0;0;0;0;0;0;
FILTRE;2014;950300137;950000471;INIT;0;1;0;0;0;0;0;1;0;0;0;0;0;0;0;;0;0;1;;;;;;;;;;;;;0;0;0;0;0;0;0;0;
FILTRE;2014;950300152;750052227;DECLA;1;0;0;0;1;0;1;0;0;0;0;0;0;0;0;0;0;0;0;0;0;0;0;1;0;1;0;0;0;1;1;0;0;0;0;0;0;0;0;
FILTRE;2014;950300152;750052227;INIT;1;0;0;0;1;0;1;0;0;0;0;0;0;0;0;;0;0;0;;;;;;;;;;;;;0;0;0;0;0;0;0;0;
FILTRE;2014;950300194;950000513;DECLA;0;0;0;0;1;0;0;0;0;0;0;0;0;0;0;0;0;0;0;0;0;0;0;0;0;0;0;0;0;0;0;0;0;0;0;0;0;0;0;
FILTRE;2014;950300194;950000513;INIT;0;0;0;0;1;0;0;0;0;0;0;0;0;0;0;;0;0;0;;;;;;;;;;;;;0;0;0;0;0;0;0;0;
FILTRE;2014;950300202;950000521;DECLA;0;1;1;0;0;0;1;1;0;0;0;0;1;0;0;0;0;0;1;0;0;0;0;1;1;1;0;0;0;0;0;0;0;1;0;0;0;0;0;
FILTRE;2014;950300202;950000521;INIT;0;1;1;0;0;0;0;1;0;0;0;0;1;0;0;;0;0;1;;;;;;;;;;;;;0;0;1;0;0;0;0;0;
FILTRE;2014;950300244;950000539;DECLA;1;1;0;0;0;0;1;1;0;1;1;0;0;0;0;0;1;0;1;1;1;1;0;1;1;1;0;0;0;1;0;0;1;1;0;0;0;0;0;
FILTRE;2014;950300244;950000539;INIT;1;1;0;0;0;0;1;1;0;0;1;0;0;0;0;;1;0;1;;;;;;;;;;;;;0;0;1;0;0;0;0;0;
FILTRE;2014;950300277;950000547;DECLA;1;1;1;0;1;0;1;1;0;1;1;1;1;0;0;0;1;0;1;0;0;1;1;1;1;1;0;0;0;1;0;0;1;1;0;0;0;0;0;
FILTRE;2014;950300277;950000547;INIT;1;1;1;0;1;0;1;1;0;1;1;1;1;0;0;;1;0;1;;;;;;;;;;;;;0;0;1;0;0;0;0;0;
FILTRE;2014;950300301;950000562;DECLA;1;0;0;1;1;0;1;0;1;0;1;0;0;0;0;0;0;0;0;0;0;0;0;1;0;1;0;0;0;1;0;0;0;0;0;0;0;0;0;
FILTRE;2014;950300301;950000562;INIT;1;0;0;1;1;0;1;0;1;0;0;0;0;0;0;;0;0;0;;;;;;;;;;;;;0;0;0;0;0;0;0;0;
FILTRE;2014;950300327;750043994;DECLA;0;0;0;0;1;0;0;0;0;0;0;0;0;0;0;0;0;0;0;0;0;0;0;1;0;1;0;0;0;0;1;0;0;0;0;0;0;0;0;
FILTRE;2014;950300327;750043994;INIT;0;0;0;0;1;0;0;0;0;0;0;0;0;0;0;;0;0;0;;;;;;;;;;;;;0;0;0;0;0;0;0;0;
FILTRE;2014;950300350;950015438;DECLA;1;1;1;0;0;0;1;1;0;0;0;1;1;0;0;0;0;0;1;0;0;0;0;1;1;1;0;0;0;0;0;0;0;0;0;0;0;0;0;
FILTRE;2014;950300350;950015438;INIT;1;1;1;0;0;0;1;1;0;0;0;1;1;0;0;;0;0;1;;;;;;;;;;;;;0;0;0;0;0;0;0;0;
FILTRE;2014;950300376;750043994;DECLA;0;0;0;0;1;0;0;0;0;0;0;0;0;0;0;0;0;0;0;0;0;0;0;0;0;0;0;0;0;0;0;0;0;0;0;0;0;0;0;
FILTRE;2014;950300376;750043994;INIT;0;0;0;0;1;0;0;0;0;0;0;0;0;0;0;;0;0;0;;;;;;;;;;;;;0;0;0;0;0;0;0;0;
FILTRE;2014;950310029;950008938;DECLA;0;0;0;1;1;0;0;0;0;0;0;0;0;0;0;0;0;0;0;0;0;0;0;1;0;1;0;0;0;0;0;0;0;0;0;0;0;0;0;
FILTRE;2014;950310029;950008938;INIT;0;0;0;1;1;0;0;0;0;0;0;0;0;0;0;;0;0;0;;;;;;;;;;;;;0;0;0;0;0;0;0;0;
FILTRE;2014;950420042;750043994;DECLA;0;0;0;0;1;0;0;0;0;0;0;0;0;0;0;0;0;0;0;0;0;0;0;1;0;0;0;0;0;0;1;0;0;0;0;0;0;0;0;
FILTRE;2014;950420042;750043994;INIT;0;0;0;0;1;0;0;0;0;0;0;0;0;0;0;;0;0;0;;;;;;;;;;;;;0;0;0;0;0;0;0;0;
FILTRE;2014;950500017;950015289;DECLA;0;0;0;0;1;0;0;0;0;0;0;0;0;0;0;1;0;0;0;1;0;0;0;1;0;1;0;0;0;0;1;0;0;0;0;0;0;0;0;
FILTRE;2014;950500017;950015289;INIT;0;0;0;0;1;0;0;0;0;0;0;0;0;0;0;;0;0;0;;;;;;;;;;;;;0;0;0;0;0;0;0;0;
FILTRE;2014;950630012;750721334;DECLA;1;0;0;0;1;0;0;0;0;0;1;0;0;0;0;0;0;0;0;0;0;0;0;1;0;1;0;0;0;0;0;0;0;0;0;0;0;0;0;
FILTRE;2014;950630012;750721334;INIT;1;0;0;0;1;0;1;0;0;0;0;0;0;0;0;;0;0;0;;;;;;;;;;;;;0;0;0;0;0;0;0;0;
FILTRE;2014;950700021;950000760;DECLA;0;0;0;0;1;0;0;0;0;0;0;0;0;0;0;0;0;0;0;1;0;0;0;1;0;0;0;0;0;0;0;0;0;0;0;0;0;0;0;
FILTRE;2014;950700021;950000760;INIT;0;0;0;0;1;0;0;0;0;0;0;0;0;0;0;;0;0;0;;;;;;;;;;;;;0;0;0;0;0;0;0;0;
FILTRE;2014;950787119;950802405;DECLA;0;0;0;1;0;0;0;0;1;0;0;0;0;0;0;0;0;0;0;0;0;0;0;0;0;0;0;0;0;0;0;0;0;0;0;0;0;0;0;
FILTRE;2014;950787119;950802405;INIT;0;0;0;1;0;0;0;0;1;0;0;0;0;0;0;;0;0;0;;;;;;;;;;;;;0;0;0;0;0;0;0;0;
FILTRE;2014;950806166;950001453;DECLA;0;0;0;0;0;0;0;0;0;1;0;0;0;0;0;0;0;0;0;0;0;0;0;0;0;0;0;0;0;0;0;0;0;0;0;0;0;0;0;
FILTRE;2014;950806166;950001453;INIT;0;0;0;0;0;0;0;0;0;1;0;0;0;0;0;;0;0;0;;;;;;;;;;;;;0;0;0;0;0;0;0;0;
FILTRE;2014;950806307;950806869;DECLA;0;0;0;0;0;0;0;0;0;0;0;1;0;0;0;0;0;0;0;0;0;0;0;0;0;0;0;0;0;0;0;0;0;0;0;0;0;0;0;
FILTRE;2014;950806307;950806869;INIT;0;0;0;0;0;0;0;0;0;0;0;1;0;0;0;;0;0;0;;;;;;;;;;;;;0;0;0;0;0;0;0;0;
FILTRE;2014;950807982;950001636;DECLA;1;1;1;0;0;0;1;1;0;0;1;1;1;0;0;0;1;0;1;1;1;0;0;1;1;1;0;0;0;1;1;0;1;1;0;0;0;0;0;
FILTRE;2014;950807982;950001636;INIT;1;1;1;0;0;0;1;1;0;0;1;1;1;0;0;;1;0;1;;;;;;;;;;;;;0;0;1;0;0;0;0;0;
FILTRE;2014;950808725;950806869;DECLA;0;0;0;0;0;0;0;0;0;0;0;1;0;0;0;0;0;0;0;0;0;0;0;0;0;0;0;0;0;0;0;0;0;0;0;0;0;0;0;
FILTRE;2014;950808725;950806869;INIT;0;0;0;0;0;0;0;0;0;0;0;1;0;0;0;;0;0;0;;;;;;;;;;;;;0;0;0;0;0;0;0;0;
FILTRE;2014;950808949;750806853;DECLA;0;0;0;0;0;0;0;0;0;0;0;1;0;0;0;0;0;0;0;0;0;0;0;1;0;0;0;0;0;0;0;0;0;0;0;0;0;0;0;
FILTRE;2014;950808949;750806853;INIT;0;0;0;0;0;0;0;0;0;0;0;1;0;0;0;;0;0;0;;;;;;;;;;;;;0;0;0;0;0;0;0;0;
FILTRE;2014;970100012;970100103;DECLA;1;1;1;0;0;0;1;1;0;0;0;0;1;0;0;0;0;0;1;1;0;0;1;1;1;1;0;0;0;0;0;0;0;0;0;0;0;0;0;
FILTRE;2014;970100012;970100103;INIT;1;1;1;0;0;0;1;1;0;0;0;0;1;0;0;;0;0;1;;;;;;;;;;;;;0;0;0;0;0;0;0;0;
FILTRE;2014;970100020;970100152;DECLA;1;0;0;0;1;0;1;1;0;0;0;0;0;0;1;0;0;0;0;1;0;1;0;1;1;1;0;0;1;1;0;0;0;0;0;0;0;0;0;
FILTRE;2014;970100020;970100152;INIT;1;0;0;0;1;0;1;1;0;0;0;0;0;0;1;;0;0;1;;;;;;;;;;;;;0;0;0;0;0;0;0;0;
FILTRE;2014;970100111;970100343;DECLA;0;0;0;1;1;0;0;0;0;0;0;1;0;0;0;0;0;0;0;0;0;0;0;1;1;0;0;0;0;0;1;0;0;0;0;0;0;0;0;
FILTRE;2014;970100111;970100343;INIT;0;0;0;1;1;0;0;0;0;0;0;1;0;0;0;;0;0;0;;;;;;;;;;;;;0;0;0;0;0;0;0;0;
FILTRE;2014;970100129;970100350;DECLA;0;0;0;0;1;0;0;0;0;0;0;0;0;0;0;0;0;0;0;0;0;0;0;1;0;1;0;0;0;0;0;0;0;0;0;0;0;0;0;
FILTRE;2014;970100129;970100350;INIT;0;0;0;0;1;0;0;0;0;0;0;0;0;0;0;;0;0;0;;;;;;;;;;;;;0;0;0;0;0;0;0;0;
FILTRE;2014;970100137;970100368;DECLA;1;0;0;0;1;0;1;0;0;0;0;0;0;0;0;0;0;0;0;0;0;0;0;1;0;1;0;0;0;0;1;0;0;0;0;0;0;0;0;
FILTRE;2014;970100137;970100368;INIT;1;0;0;0;1;0;1;0;0;0;0;0;0;0;0;;0;0;0;;;;;;;;;;;;;0;0;0;0;0;0;0;0;
FILTRE;2014;970100251;970100467;DECLA;0;0;0;1;1;0;0;0;0;0;0;0;0;0;0;0;0;0;0;0;0;0;0;0;0;0;0;0;0;0;0;0;0;0;0;0;0;0;0;
FILTRE;2014;970100251;970100467;INIT;0;0;0;1;1;0;0;0;0;0;0;0;0;0;0;;0;0;0;;;;;;;;;;;;;0;0;0;0;0;0;0;0;
FILTRE;2014;970100384;970100160;DECLA;1;0;0;0;1;0;1;0;0;0;0;0;0;0;0;0;0;0;0;0;0;0;0;0;0;0;0;0;0;0;0;0;0;0;0;0;0;0;0;
FILTRE;2014;970100384;970100160;INIT;1;0;0;0;1;0;1;0;0;0;0;0;0;0;0;;1;1;0;;;;;;;;;;;;;0;0;0;0;0;0;0;0;
FILTRE;2014;970100392;970100178;DECLA;1;1;1;0;1;0;1;1;0;0;1;0;1;0;0;1;1;1;1;1;1;1;0;1;1;1;0;1;0;0;0;1;1;1;0;0;0;0;0;
FILTRE;2014;970100392;970100178;INIT;1;1;1;0;1;0;1;1;0;0;1;0;1;0;0;;1;1;1;;;;;;;;;;;;;0;1;1;0;0;0;0;0;
FILTRE;2014;970100400;970100186;DECLA;1;1;1;1;0;0;1;1;1;0;0;0;1;0;0;0;1;1;1;1;0;1;0;1;1;1;1;0;0;0;0;0;1;0;0;0;0;0;0;
FILTRE;2014;970100400;970100186;INIT;1;1;1;1;0;0;1;1;0;0;0;0;1;0;0;;1;1;1;;;;;;;;;;;;;0;0;0;0;0;0;0;0;
FILTRE;2014;970100418;970100194;DECLA;0;0;0;0;1;1;0;0;0;0;0;0;0;0;1;0;0;0;0;1;0;0;0;1;0;1;0;0;0;0;0;0;0;0;0;0;0;0;0;
FILTRE;2014;970100418;970100194;INIT;0;0;0;0;1;1;0;0;0;0;0;0;0;0;1;;0;0;0;;;;;;;;;;;;;0;0;0;0;0;0;0;0;
FILTRE;2014;970100426;970100202;DECLA;1;0;0;0;1;0;0;0;0;0;0;0;0;1;0;0;1;0;0;1;1;0;0;1;0;1;1;0;0;0;1;0;0;0;0;0;0;0;0;
FILTRE;2014;970100426;970100202;INIT;1;1;1;0;1;0;1;0;0;0;0;0;0;0;0;;1;0;1;;;;;;;;;;;;;0;0;0;0;0;0;0;0;
FILTRE;2014;970100442;970100228;DECLA;1;1;1;1;1;0;1;1;1;1;1;1;1;0;1;1;1;1;1;1;1;1;1;1;1;1;1;1;1;1;1;1;1;1;1;1;1;1;0;
FILTRE;2014;970100442;970100228;INIT;1;1;1;1;1;0;1;1;1;1;1;1;1;0;1;;1;1;1;;;;;;;;;;;;;1;1;1;1;0;1;1;0;
FILTRE;2014;970100459;970100244;DECLA;0;0;0;0;1;1;0;0;0;0;0;0;0;0;1;0;0;0;0;0;0;0;0;1;0;1;0;0;0;0;0;0;0;0;0;0;0;0;0;
FILTRE;2014;970100459;970100244;INIT;0;0;0;0;1;1;0;0;0;0;0;0;0;0;1;;0;0;0;;;;;;;;;;;;;0;0;0;0;0;0;0;0;
FILTRE;2014;970100475;970100277;DECLA;0;0;0;1;0;0;0;0;1;0;0;0;0;0;0;0;0;0;0;0;0;0;0;1;0;1;0;0;0;0;1;0;0;0;0;0;0;0;0;
FILTRE;2014;970100475;970100277;INIT;0;0;0;1;0;0;0;0;1;0;0;0;0;0;0;;0;0;0;;;;;;;;;;;;;0;0;0;0;0;0;0;0;
FILTRE;2014;970100483;970100285;DECLA;0;0;0;0;1;0;0;0;0;0;0;0;0;0;0;0;0;0;0;1;1;0;0;1;0;0;0;0;0;0;1;0;0;0;0;0;0;0;0;
FILTRE;2014;970100483;970100285;INIT;0;0;0;0;1;0;0;0;0;0;0;0;0;0;0;;0;0;0;;;;;;;;;;;;;0;0;0;0;0;0;0;0;
FILTRE;2014;970102596;970100491;DECLA;1;0;0;0;1;0;1;0;0;0;0;1;0;0;1;0;0;0;1;1;0;0;0;1;0;1;0;0;0;0;0;0;0;0;0;0;0;0;0;
FILTRE;2014;970102596;970100491;INIT;1;0;0;0;1;0;1;0;0;0;0;1;0;0;1;;0;0;0;;;;;;;;;;;;;0;0;0;0;0;0;0;0;
FILTRE;2014;970103016;970100517;DECLA;0;0;0;0;1;0;0;0;0;0;0;0;0;0;0;0;0;0;0;0;0;0;0;1;0;0;0;0;0;0;1;0;0;0;0;0;0;0;0;
FILTRE;2014;970103016;970100517;INIT;0;0;0;0;1;0;0;0;0;0;0;0;0;0;0;;0;0;0;;;;;;;;;;;;;0;0;0;0;0;0;0;0;
FILTRE;2014;970103099;970100525;DECLA;1;0;0;0;1;0;1;0;0;0;0;0;0;0;1;1;0;0;0;1;0;0;0;1;0;1;0;0;0;0;1;0;0;0;0;0;0;0;0;
FILTRE;2014;970103099;970100525;INIT;1;0;0;0;1;0;1;0;0;0;0;0;0;0;1;;0;0;0;;;;;;;;;;;;;0;0;0;0;0;0;0;0;
FILTRE;2014;970104477;970104451;DECLA;0;0;0;0;1;0;0;0;0;0;0;0;0;0;0;0;0;0;0;0;0;0;0;0;0;0;0;0;0;0;0;0;0;0;0;0;0;0;0;
FILTRE;2014;970104477;970104451;INIT;0;0;0;0;1;0;0;0;0;0;0;0;0;0;0;;0;0;0;;;;;;;;;;;;;0;0;0;0;0;0;0;0;
FILTRE;2014;970107249;970100731;DECLA;1;1;1;0;0;0;1;1;0;0;0;0;1;0;0;0;1;0;1;1;1;1;1;1;1;1;0;0;0;0;0;0;1;1;0;0;0;0;0;
FILTRE;2014;970107249;970100731;INIT;1;1;1;0;0;0;1;1;0;0;0;0;1;0;0;;1;0;1;;;;;;;;;;;;;0;0;1;0;0;0;0;0;
FILTRE;2014;970107454;970103024;DECLA;0;0;0;0;0;0;1;0;0;0;0;1;0;0;0;0;0;0;0;0;0;0;0;0;0;0;0;0;0;0;0;0;0;0;0;0;0;0;0;
FILTRE;2014;970107454;970103024;INIT;0;0;0;0;0;0;0;0;0;0;0;1;0;0;0;;0;0;0;;;;;;;;;;;;;0;0;0;0;0;0;0;0;
FILTRE;2014;970107587;970103024;DECLA;0;0;0;0;0;0;0;0;0;0;0;1;0;0;0;0;0;0;0;0;0;0;0;0;0;0;0;0;0;0;0;0;0;0;0;0;0;0;0;
FILTRE;2014;970107587;970103024;INIT;0;0;0;0;0;0;0;0;0;0;0;1;0;0;0;;0;0;0;;;;;;;;;;;;;0;0;0;0;0;0;0;0;
FILTRE;2014;970107595;970103024;DECLA;0;0;0;0;0;0;0;0;0;0;0;1;0;0;0;0;0;0;0;0;0;0;0;0;0;0;0;0;0;0;0;0;0;0;0;0;0;0;0;
FILTRE;2014;970107595;970103024;INIT;0;0;0;0;0;0;0;0;0;0;0;1;0;0;0;;0;0;0;;;;;;;;;;;;;0;0;0;0;0;0;0;0;
FILTRE;2014;970107637;970103024;DECLA;0;0;0;0;0;0;0;0;0;0;0;0;0;0;0;0;0;0;0;0;0;0;0;1;0;0;0;0;0;0;0;0;0;0;0;0;0;0;0;
FILTRE;2014;970107637;970103024;INIT;0;0;0;0;0;0;0;0;0;0;0;1;0;0;0;;0;0;0;;;;;;;;;;;;;0;0;0;0;0;0;0;0;
FILTRE;2014;970108957;970108932;DECLA;0;0;0;0;1;0;0;0;0;0;0;0;0;0;0;0;0;0;0;0;0;0;0;0;0;0;0;0;0;0;0;0;0;0;0;0;0;0;0;
FILTRE;2014;970108957;970108932;INIT;0;0;0;0;1;0;0;0;0;0;0;0;0;0;0;;0;0;0;;;;;;;;;;;;;0;0;0;0;0;0;0;0;
FILTRE;2014;970111217;970111209;DECLA;0;0;0;0;0;0;0;0;0;0;0;0;0;0;1;0;0;0;0;0;0;0;0;1;0;1;0;0;0;0;0;0;0;0;0;0;0;0;0;
FILTRE;2014;970111217;970111209;INIT;0;0;0;0;0;0;0;0;0;0;0;0;0;0;1;;0;0;0;;;;;;;;;;;;;0;0;0;0;0;0;0;0;
FILTRE;2014;970111365;970111969;DECLA;0;0;0;0;0;0;0;0;0;0;0;0;0;0;1;0;0;0;0;0;0;0;0;0;0;0;0;0;0;0;0;0;0;0;0;0;0;0;0;
FILTRE;2014;970111365;970111969;INIT;0;0;0;0;0;0;0;0;0;0;0;0;0;0;1;;0;0;0;;;;;;;;;;;;;0;0;0;0;0;0;0;0;
FILTRE;2014;970111563;970100491;DECLA;0;0;0;0;0;0;0;0;0;0;0;0;0;0;1;0;0;0;0;0;0;0;0;1;0;1;0;0;0;0;0;0;0;0;0;0;0;0;0;
FILTRE;2014;970111563;970100491;INIT;0;0;0;0;0;0;0;0;0;0;0;0;0;0;1;;0;0;0;;;;;;;;;;;;;0;0;0;0;0;0;0;0;
FILTRE;2014;970111662;970111654;DECLA;0;0;0;0;0;0;1;0;0;0;1;0;0;0;0;0;0;0;0;0;0;0;0;1;0;0;0;0;0;0;0;0;0;0;0;0;0;0;0;
FILTRE;2014;970111662;970111654;INIT;0;0;0;0;0;0;0;0;0;0;1;0;0;0;0;;0;0;0;;;;;;;;;;;;;0;0;0;0;0;0;0;0;
FILTRE;2014;970111670;970103024;DECLA;0;0;0;0;0;0;0;0;0;0;0;1;0;0;0;0;0;0;0;0;0;0;0;0;0;0;0;0;0;0;0;0;0;0;0;0;0;0;0;
FILTRE;2014;970111670;970103024;INIT;0;0;0;0;0;0;0;0;0;0;0;1;0;0;0;;0;0;0;;;;;;;;;;;;;0;0;0;0;0;0;0;0;
FILTRE;2014;970111688;970111654;DECLA;1;0;0;0;0;0;1;0;0;0;1;0;0;0;0;0;0;0;0;0;0;0;0;1;0;0;0;0;0;0;0;0;0;0;0;0;0;0;0;
FILTRE;2014;970111688;970111654;INIT;0;0;0;0;0;0;0;0;0;0;1;0;0;0;0;;0;0;0;;;;;;;;;;;;;0;0;0;0;0;0;0;0;
FILTRE;2014;970112033;970100210;DECLA;0;0;0;0;0;1;0;0;0;0;1;0;0;0;1;0;0;0;0;0;0;0;0;1;1;0;0;0;0;0;1;0;0;0;0;0;0;0;0;
FILTRE;2014;970112033;970100210;INIT;0;0;0;0;0;1;0;0;0;0;0;0;0;0;1;;0;0;0;;;;;;;;;;;;;0;0;0;0;0;0;0;0;
FILTRE;2014;970200028;970208906;DECLA;0;0;0;0;1;0;0;0;0;0;0;0;0;0;0;0;0;0;0;0;0;0;0;1;0;1;0;0;0;0;1;0;0;0;0;0;0;0;0;
FILTRE;2014;970200028;970208906;INIT;0;0;0;0;1;0;0;0;0;0;0;0;0;0;0;;0;0;0;;;;;;;;;;;;;0;0;0;0;0;0;0;0;
FILTRE;2014;970200036;970202156;DECLA;1;0;0;0;1;0;1;0;0;0;0;0;0;0;0;1;0;0;0;1;0;0;0;1;0;1;0;0;0;0;1;0;0;0;0;0;0;0;0;
FILTRE;2014;970200036;970202156;INIT;1;0;0;0;1;0;1;0;0;0;0;0;0;0;0;;0;0;0;;;;;;;;;;;;;0;0;0;0;0;0;0;0;
FILTRE;2014;970200044;970202164;DECLA;1;0;0;0;1;0;1;0;0;0;0;0;0;0;0;0;0;0;0;1;1;0;0;1;0;0;0;1;0;1;1;0;0;0;0;0;0;0;0;
FILTRE;2014;970200044;970202164;INIT;1;0;0;0;1;0;1;0;0;0;0;0;0;0;0;;0;0;0;;;;;;;;;;;;;0;0;0;0;0;0;0;0;
FILTRE;2014;970200051;970202172;DECLA;0;0;0;0;1;0;0;0;0;0;0;0;0;0;0;0;0;0;0;0;0;0;0;1;1;1;0;1;0;0;1;0;0;0;0;0;0;0;0;
FILTRE;2014;970200051;970202172;INIT;0;0;0;0;1;0;0;0;0;0;0;0;0;0;0;;0;0;0;;;;;;;;;;;;;0;0;0;0;0;0;0;0;
FILTRE;2014;970200069;970202180;DECLA;0;0;0;1;0;0;0;0;1;0;0;0;0;0;0;0;0;0;0;0;0;0;0;1;0;1;0;0;0;0;1;0;0;0;0;0;0;0;0;
FILTRE;2014;970200069;970202180;INIT;0;0;0;1;0;0;0;0;1;0;0;0;0;0;0;;0;0;0;;;;;;;;;;;;;0;0;0;0;0;0;0;0;
FILTRE;2014;970200077;970202198;DECLA;0;0;0;0;1;0;0;0;0;0;0;0;0;0;0;0;0;0;0;0;0;0;0;1;0;1;0;0;0;0;1;0;0;0;0;0;0;0;0;
FILTRE;2014;970200077;970202198;INIT;0;0;0;0;1;0;0;0;0;0;0;0;0;0;0;;0;0;0;;;;;;;;;;;;;0;0;0;0;0;0;0;0;
FILTRE;2014;970200101;970202222;DECLA;1;0;0;0;1;0;1;0;0;0;0;0;0;0;0;1;0;0;0;0;0;0;0;1;1;1;0;0;0;0;1;0;0;0;0;0;0;0;0;
FILTRE;2014;970200101;970202222;INIT;1;0;0;0;1;0;1;0;0;0;0;0;0;0;0;;0;0;0;;;;;;;;;;;;;0;0;0;0;0;0;0;0;
FILTRE;2014;970202313;970200168;DECLA;1;1;1;0;0;0;0;1;0;0;0;0;0;0;0;0;0;0;1;1;1;1;1;1;1;1;0;0;0;0;0;0;1;1;0;0;0;0;0;
FILTRE;2014;970202313;970200168;INIT;1;1;1;0;0;0;1;1;0;0;0;0;0;0;0;;0;0;1;;;;;;;;;;;;;0;0;1;0;0;0;0;0;
FILTRE;2014;970202321;970210423;DECLA;1;1;1;0;1;0;1;1;0;0;0;0;1;0;0;0;0;0;1;0;0;1;0;1;1;1;0;0;0;0;0;0;1;1;0;0;0;0;0;
FILTRE;2014;970202321;970210423;INIT;1;1;1;0;1;0;1;1;0;0;0;0;0;0;0;;0;0;1;;;;;;;;;;;;;0;1;1;0;0;0;0;0;
FILTRE;2014;970203303;750000218;DECLA;0;0;0;0;1;0;0;0;0;0;0;0;0;0;0;0;0;0;0;0;0;0;0;1;1;1;0;0;0;0;1;0;0;0;0;0;0;0;0;
FILTRE;2014;970203303;750000218;INIT;0;0;0;0;1;0;0;0;0;0;0;0;0;0;0;;0;0;0;;;;;;;;;;;;;0;0;0;0;0;0;0;0;
FILTRE;2014;970203493;970200457;DECLA;0;0;0;0;0;0;0;0;0;0;0;1;0;0;0;0;0;0;0;0;0;0;0;1;0;1;0;0;0;0;1;0;0;0;0;0;0;0;0;
FILTRE;2014;970203493;970200457;INIT;0;0;0;0;0;0;0;0;0;0;0;1;0;0;0;;0;0;0;;;;;;;;;;;;;0;0;0;0;0;0;0;0;
FILTRE;2014;970203774;970203766;DECLA;0;0;0;0;0;0;1;0;0;0;0;1;0;0;0;0;0;0;0;0;0;0;0;1;0;1;0;0;0;0;0;0;0;0;0;0;0;0;0;
FILTRE;2014;970203774;970203766;INIT;0;0;0;0;0;0;0;0;0;0;0;1;0;0;0;;0;0;0;;;;;;;;;;;;;0;0;0;0;0;0;0;0;
FILTRE;2014;970208104;970200168;DECLA;0;0;0;0;1;0;0;0;0;0;0;0;0;0;0;1;0;0;0;0;0;0;0;1;0;1;0;0;0;0;0;0;0;0;0;0;0;0;0;
FILTRE;2014;970208104;970200168;INIT;0;0;0;0;1;0;0;0;0;0;0;0;0;0;0;;0;0;0;;;;;;;;;;;;;0;0;0;0;0;0;0;0;
FILTRE;2014;970209219;970209169;DECLA;0;0;0;0;0;0;1;0;0;0;0;1;0;0;0;0;0;0;0;0;0;0;0;1;0;1;0;0;0;0;0;0;0;0;0;0;0;0;0;
FILTRE;2014;970209219;970209169;INIT;0;0;0;0;0;0;0;0;0;0;0;1;0;0;0;;0;0;0;;;;;;;;;;;;;0;0;0;0;0;0;0;0;
FILTRE;2014;970209441;970209433;DECLA;0;0;0;0;0;0;0;0;0;0;0;0;0;0;1;0;0;0;0;0;0;0;0;1;0;1;0;0;0;0;0;0;0;0;0;0;0;0;0;
FILTRE;2014;970209441;970209433;INIT;0;0;0;0;0;0;0;0;0;0;0;0;0;0;1;;0;0;0;;;;;;;;;;;;;0;0;0;0;0;0;0;0;
FILTRE;2014;970209714;970210225;DECLA;0;0;0;1;0;0;0;0;1;0;0;0;0;0;0;0;0;0;0;0;0;0;0;1;0;1;0;0;0;0;0;0;0;0;0;0;0;0;0;
FILTRE;2014;970209714;970210225;INIT;0;0;0;1;0;0;0;0;1;0;0;0;0;0;0;;0;0;0;;;;;;;;;;;;;0;0;0;0;0;0;0;0;
FILTRE;2014;970210282;970200457;DECLA;0;0;0;0;0;0;0;0;0;0;0;1;0;0;0;0;0;0;0;0;0;0;0;1;0;1;0;0;0;0;1;0;0;0;0;0;0;0;0;
FILTRE;2014;970210282;970200457;INIT;0;0;0;0;0;0;0;0;0;0;0;1;0;0;0;;0;0;0;;;;;;;;;;;;;0;0;0;0;0;0;0;0;
FILTRE;2014;970210290;970200457;DECLA;0;0;0;0;0;0;0;0;0;0;0;1;0;0;0;0;0;0;0;0;0;0;0;1;0;1;0;0;0;0;1;0;0;0;0;0;0;0;0;
FILTRE;2014;970210290;970200457;INIT;0;0;0;0;0;0;0;0;0;0;0;1;0;0;0;;0;0;0;;;;;;;;;;;;;0;0;0;0;0;0;0;0;
FILTRE;2014;970210308;970200457;DECLA;0;0;0;0;0;0;0;0;0;0;0;1;0;0;0;0;0;0;0;0;0;0;0;1;0;1;0;0;0;0;1;0;0;0;0;0;0;0;0;
FILTRE;2014;970210308;970200457;INIT;0;0;0;0;0;0;0;0;0;0;0;1;0;0;0;;0;0;0;;;;;;;;;;;;;0;0;0;0;0;0;0;0;
FILTRE;2014;970210316;970200457;DECLA;0;0;0;0;0;0;0;0;0;0;0;1;0;0;0;1;0;0;0;0;0;0;0;1;0;1;0;0;0;0;1;0;0;0;0;0;0;0;0;
FILTRE;2014;970210316;970200457;INIT;0;0;0;0;0;0;0;0;0;0;0;1;0;0;0;;0;0;0;;;;;;;;;;;;;0;0;0;0;0;0;0;0;
FILTRE;2014;970210324;970200457;DECLA;0;0;0;0;0;0;0;0;0;0;0;1;0;0;0;0;0;0;0;0;0;0;0;1;0;1;0;0;0;0;1;0;0;0;0;0;0;0;0;
FILTRE;2014;970210324;970200457;INIT;0;0;0;0;0;0;0;0;0;0;0;1;0;0;0;;0;0;0;;;;;;;;;;;;;0;0;0;0;0;0;0;0;
FILTRE;2014;970211165;970211157;DECLA;0;0;0;0;1;0;0;0;0;0;0;0;0;0;0;0;0;0;0;1;0;1;0;1;1;1;0;0;0;0;0;0;0;0;0;0;0;0;0;
FILTRE;2014;970211165;970211157;INIT;0;0;0;0;1;0;0;0;0;0;0;0;0;0;0;;0;0;0;;;;;;;;;;;;;0;0;0;0;0;0;0;0;
FILTRE;2014;970211173;970211157;DECLA;0;0;0;0;1;0;0;0;0;0;0;0;0;0;0;0;0;0;0;0;0;0;0;0;1;0;0;0;0;0;0;0;0;0;0;0;0;0;0;
FILTRE;2014;970211173;970211157;INIT;0;0;0;0;1;0;0;0;0;0;0;0;0;0;0;;0;0;0;;;;;;;;;;;;;0;0;0;0;0;0;0;0;
FILTRE;2014;970211215;970211207;DECLA;1;1;0;1;1;1;1;0;1;0;0;0;0;0;0;0;1;1;1;1;1;1;1;1;1;1;0;1;1;1;1;1;1;0;1;1;0;0;1;
FILTRE;2014;970211215;970211207;INIT;1;1;0;1;0;0;1;1;1;0;0;0;0;0;0;;0;0;1;;;;;;;;;;;;;1;1;0;1;1;0;0;1;
FILTRE;2014;970211223;970211207;DECLA;1;0;1;0;0;1;1;1;0;0;0;0;1;0;0;0;1;1;1;1;1;0;0;1;1;1;0;0;0;0;1;0;0;0;0;0;0;0;0;
FILTRE;2014;970211223;970211207;INIT;1;1;1;0;0;1;1;1;0;0;0;0;1;0;0;;1;1;1;;;;;;;;;;;;;0;0;0;0;0;0;0;0;
FILTRE;2014;970211231;970211207;DECLA;1;1;0;0;1;0;1;1;0;0;0;1;0;0;0;0;0;0;1;1;1;0;0;1;1;1;0;0;0;0;1;0;1;0;0;0;0;0;0;
FILTRE;2014;970211231;970211207;INIT;1;1;0;0;0;0;1;1;0;0;0;1;0;0;0;;0;0;1;;;;;;;;;;;;;0;0;1;0;0;0;0;0;
FILTRE;2014;970211249;970211207;DECLA;1;0;0;0;0;0;1;0;0;1;1;0;0;0;0;0;0;0;0;0;0;0;0;0;0;0;0;1;0;1;0;0;0;0;0;0;0;0;0;
FILTRE;2014;970211249;970211207;INIT;0;1;0;0;0;0;0;0;0;1;1;0;0;0;0;;0;0;1;;;;;;;;;;;;;0;0;1;0;0;0;0;0;
FILTRE;2014;970211256;970211207;DECLA;1;1;1;0;0;0;1;1;0;0;0;0;1;0;0;0;1;0;1;1;0;0;0;0;0;0;0;0;0;0;0;0;1;0;0;0;0;0;0;
FILTRE;2014;970211256;970211207;INIT;1;1;0;0;0;0;1;0;0;0;0;0;1;0;0;;0;0;1;;;;;;;;;;;;;0;1;1;0;0;0;0;0;
FILTRE;2014;970300026;970302022;DECLA;1;1;1;1;0;1;1;1;1;0;1;1;1;0;0;0;1;1;1;1;1;0;0;1;1;0;0;1;0;0;0;0;1;0;1;0;0;0;0;
FILTRE;2014;970300026;970302022;INIT;0;0;1;1;0;0;0;0;0;0;0;1;1;0;0;;0;1;0;;;;;;;;;;;;;0;0;0;0;0;0;0;0;
FILTRE;2014;970300083;970302121;DECLA;1;1;1;1;1;0;1;0;1;0;0;0;1;0;0;0;1;1;1;1;1;1;1;1;1;1;0;0;0;0;1;0;0;0;0;0;0;0;0;
FILTRE;2014;970300083;970302121;INIT;0;0;0;1;1;0;0;0;0;0;0;0;1;0;0;;0;0;0;;;;;;;;;;;;;0;0;0;0;0;0;0;0;
FILTRE;2014;970300265;750721334;DECLA;1;1;1;0;0;0;1;1;0;0;1;1;1;0;0;0;1;1;1;1;0;0;0;1;1;1;0;0;0;0;0;0;0;0;0;0;0;0;0;
FILTRE;2014;970300265;750721334;INIT;0;0;0;0;0;0;0;0;0;0;0;0;1;0;0;;0;0;0;;;;;;;;;;;;;0;0;0;0;0;0;0;0;
FILTRE;2014;970302055;970303285;DECLA;1;1;1;0;0;0;1;1;0;0;0;1;1;0;0;0;0;0;1;0;0;0;0;1;1;1;0;0;0;0;0;0;0;0;0;0;0;0;0;
FILTRE;2014;970302055;970303285;INIT;0;0;0;0;0;0;0;0;0;0;0;0;1;0;0;;0;0;0;;;;;;;;;;;;;0;0;0;0;0;0;0;0;
FILTRE;2014;970302071;970304739;DECLA;1;0;0;0;1;0;0;0;0;0;0;0;0;0;0;1;0;0;0;0;0;1;0;1;0;1;0;0;0;0;0;0;0;0;0;0;0;0;0;
FILTRE;2014;970302071;970304739;INIT;0;0;0;0;1;0;0;0;0;0;0;0;0;0;0;;0;0;0;;;;;;;;;;;;;0;0;0;0;0;0;0;0;
FILTRE;2014;970302535;970300216;DECLA;0;0;0;0;0;0;0;0;0;0;0;1;0;0;0;0;0;0;0;0;0;0;0;0;0;0;0;0;0;0;0;0;0;0;0;0;0;0;0;
FILTRE;2014;970302535;970300216;INIT;0;0;0;0;0;0;0;0;0;0;0;1;0;0;0;;0;0;0;;;;;;;;;;;;;0;0;0;0;0;0;0;0;
FILTRE;2014;970302832;970300307;DECLA;;;;;1;;;;;;;;;;;;;;;;;;;;;;;;;;;;;;;;;;;
FILTRE;2014;970303350;970300216;DECLA;0;0;0;0;0;0;0;0;0;0;0;1;0;0;0;0;0;0;0;0;0;0;0;0;0;0;0;0;0;0;0;0;0;0;0;0;0;0;0;
FILTRE;2014;970303350;970300216;INIT;0;0;0;0;0;0;0;0;0;0;0;1;0;0;0;;0;0;0;;;;;;;;;;;;;0;0;0;0;0;0;0;0;
FILTRE;2014;970303608;970303590;DECLA;0;0;0;0;0;0;0;0;0;0;0;0;0;0;1;0;0;0;0;0;0;0;0;0;0;0;0;0;0;0;0;0;0;0;0;0;0;0;0;
FILTRE;2014;970303640;970303590;DECLA;0;0;0;0;0;0;0;0;0;0;0;0;0;0;1;0;0;0;0;0;0;0;0;1;0;1;0;1;0;0;0;0;0;0;0;0;0;0;0;
FILTRE;2014;970303657;970303590;DECLA;0;0;0;0;0;0;0;0;0;0;0;0;0;0;1;0;0;0;0;0;0;0;0;0;0;0;0;1;0;0;0;0;0;0;0;0;0;0;0;
FILTRE;2014;970304580;970300216;DECLA;0;0;0;0;0;0;0;0;0;0;0;1;0;0;0;0;0;0;0;0;0;0;0;0;0;0;0;0;0;0;0;0;0;0;0;0;0;0;0;
FILTRE;2014;970304580;970300216;INIT;0;0;0;0;0;0;0;0;0;0;0;1;0;0;0;;0;0;0;;;;;;;;;;;;;0;0;0;0;0;0;0;0;
FILTRE;2014;970304614;970304739;DECLA;0;0;0;0;0;0;0;0;0;0;0;0;0;0;1;0;0;0;0;0;0;0;0;1;0;1;0;0;0;0;0;0;0;0;0;0;0;0;0;
FILTRE;2014;970400016;970411005;DECLA;0;0;0;1;0;0;0;0;1;0;0;0;0;0;0;0;0;0;0;0;0;0;0;1;0;1;0;0;0;0;1;0;0;0;0;0;0;0;0;
FILTRE;2014;970400016;970411005;INIT;0;0;0;1;0;0;0;0;1;0;0;0;0;0;0;;0;0;0;;;;;;;;;;;;;0;0;0;0;0;0;0;0;
FILTRE;2014;970400024;970408589;DECLA;1;1;1;0;1;0;1;1;0;0;1;1;1;0;0;1;1;1;1;1;1;1;1;1;1;1;1;1;1;1;1;1;1;1;0;0;1;1;1;
FILTRE;2014;970400024;970408589;INIT;1;1;1;0;1;0;1;1;0;0;1;1;1;0;0;;1;1;1;;;;;;;;;;;;;1;1;1;0;0;1;0;1;
FILTRE;2014;970400057;970408589;DECLA;1;1;1;1;1;0;1;1;1;1;1;1;1;0;0;1;1;1;1;1;1;1;1;1;1;1;1;1;1;1;0;1;1;1;1;1;1;0;0;
FILTRE;2014;970400057;970408589;INIT;1;1;1;1;1;0;1;1;1;1;1;1;1;0;0;;1;1;1;;;;;;;;;;;;;1;1;1;1;1;0;0;0;
FILTRE;2014;970400065;970421038;DECLA;1;1;1;0;0;0;1;1;0;0;1;0;1;0;0;1;1;1;1;1;1;1;1;1;1;1;1;1;1;0;1;0;1;1;0;0;0;0;0;
FILTRE;2014;970400065;970421038;INIT;1;1;1;0;0;0;1;1;0;0;1;0;1;0;0;;1;1;1;;;;;;;;;;;;;0;0;1;0;0;0;0;0;
FILTRE;2014;970400073;970403606;DECLA;1;1;1;0;0;0;1;1;0;0;0;1;1;0;0;0;1;1;1;0;0;0;0;1;1;1;0;0;0;0;1;0;1;1;0;0;0;0;0;
FILTRE;2014;970400073;970403606;INIT;1;1;1;0;0;0;1;1;0;0;0;1;1;0;0;;1;1;1;;;;;;;;;;;;;0;0;1;0;0;0;0;0;
FILTRE;2014;970400081;970408589;DECLA;1;0;0;0;0;0;1;0;0;0;0;0;0;0;0;0;0;0;0;1;0;0;0;0;0;0;0;0;1;0;0;0;0;0;0;0;0;0;0;
FILTRE;2014;970400081;970408589;INIT;1;0;0;0;0;0;1;0;0;0;0;0;0;0;0;;0;0;0;;;;;;;;;;;;;0;0;0;0;0;0;0;0;
FILTRE;2014;970400099;970408589;DECLA;1;0;0;0;0;0;1;0;0;0;0;0;0;0;0;0;0;0;0;0;0;0;0;0;0;0;1;0;0;0;0;0;0;0;0;0;0;0;0;
FILTRE;2014;970400099;970408589;INIT;1;0;0;0;0;0;1;0;0;0;0;0;0;0;0;;0;0;0;;;;;;;;;;;;;0;0;0;0;0;0;0;0;
FILTRE;2014;970400156;970403606;DECLA;0;0;0;0;1;1;0;0;0;0;0;0;0;0;0;0;0;0;0;0;0;0;0;0;0;0;0;0;0;0;0;0;0;0;0;0;0;0;0;
FILTRE;2014;970400156;970403606;INIT;0;0;0;0;1;1;0;0;0;0;0;0;0;0;0;;0;0;0;;;;;;;;;;;;;0;0;0;0;0;0;0;0;
FILTRE;2014;970400180;970408589;DECLA;1;0;0;0;0;0;1;0;0;0;0;0;0;1;0;0;0;0;0;1;0;0;0;0;0;0;0;0;0;0;0;0;0;0;0;0;0;0;0;
FILTRE;2014;970400180;970408589;INIT;1;0;0;0;1;0;1;0;0;0;0;0;0;0;0;;0;0;0;;;;;;;;;;;;;0;0;0;0;0;0;0;0;
FILTRE;2014;970403119;970463600;DECLA;0;0;0;0;0;0;0;0;0;0;0;0;0;0;1;0;0;0;0;0;0;0;0;0;0;1;0;0;0;0;0;0;0;0;0;0;0;0;0;
FILTRE;2014;970403119;970463600;INIT;0;0;0;0;0;0;0;0;0;0;0;0;0;0;1;;0;0;0;;;;;;;;;;;;;0;0;0;0;0;0;0;0;
FILTRE;2014;970403663;970463600;DECLA;0;0;0;0;0;0;0;0;0;0;0;1;0;0;0;0;0;0;0;0;0;0;0;1;0;0;0;0;0;0;0;0;0;0;0;0;0;0;0;
FILTRE;2014;970403663;970463600;INIT;0;0;0;0;0;0;0;0;0;0;0;1;0;0;0;;0;0;0;;;;;;;;;;;;;0;0;0;0;0;0;0;0;
FILTRE;2014;970403671;970463600;DECLA;0;0;0;0;0;0;0;0;0;0;0;1;0;0;0;0;0;0;0;0;0;0;0;1;0;0;0;0;0;0;0;0;0;0;0;0;0;0;0;
FILTRE;2014;970403671;970463600;INIT;0;0;0;0;0;0;0;0;0;0;0;1;0;0;0;;0;0;0;;;;;;;;;;;;;0;0;0;0;0;0;0;0;
FILTRE;2014;970403697;970463592;DECLA;0;0;0;0;0;0;0;0;0;0;0;1;0;0;0;0;0;0;0;0;0;0;0;0;0;0;0;0;0;0;0;0;0;0;0;0;0;0;0;
FILTRE;2014;970403697;970463592;INIT;0;0;0;0;0;0;0;0;0;0;0;1;0;0;0;;0;0;0;;;;;;;;;;;;;0;0;0;0;0;0;0;0;
FILTRE;2014;970403705;970463592;DECLA;0;0;0;0;0;0;0;0;0;0;0;1;0;0;0;0;0;0;0;0;0;0;0;0;0;0;0;0;0;0;0;0;0;0;0;0;0;0;0;
FILTRE;2014;970403705;970463592;INIT;0;0;0;0;0;0;0;0;0;0;0;1;0;0;0;;0;0;0;;;;;;;;;;;;;0;0;0;0;0;0;0;0;
FILTRE;2014;970403721;970463592;DECLA;0;0;0;0;0;0;0;0;0;0;0;1;0;0;0;0;0;0;0;0;0;0;0;0;0;0;0;0;0;0;0;0;0;0;0;0;0;0;0;
FILTRE;2014;970403721;970463592;INIT;0;0;0;0;0;0;0;0;0;0;0;1;0;0;0;;0;0;0;;;;;;;;;;;;;0;0;0;0;0;0;0;0;
FILTRE;2014;970403747;970463592;DECLA;0;0;0;0;0;0;0;0;0;0;0;1;0;0;0;0;0;0;0;0;0;0;0;0;0;0;0;0;0;0;0;0;0;0;0;0;0;0;0;
FILTRE;2014;970403747;970463592;INIT;0;0;0;0;0;0;0;0;0;0;0;1;0;0;0;;0;0;0;;;;;;;;;;;;;0;0;0;0;0;0;0;0;
FILTRE;2014;970403754;970463592;DECLA;0;0;0;0;0;0;0;0;0;0;0;1;0;0;0;0;0;0;0;0;0;0;0;0;0;0;0;0;0;0;0;0;0;0;0;0;0;0;0;
FILTRE;2014;970403754;970463592;INIT;0;0;0;0;0;0;0;0;0;0;0;1;0;0;0;;0;0;0;;;;;;;;;;;;;0;0;0;0;0;0;0;0;
FILTRE;2014;970403762;970463592;DECLA;0;0;0;0;0;0;0;0;0;0;0;1;0;0;0;0;0;0;0;0;0;0;0;0;0;0;0;0;0;0;0;0;0;0;0;0;0;0;0;
FILTRE;2014;970403762;970463592;INIT;0;0;0;0;0;0;0;0;0;0;0;1;0;0;0;;0;0;0;;;;;;;;;;;;;0;0;0;0;0;0;0;0;
FILTRE;2014;970403770;970463592;DECLA;0;0;0;0;0;0;0;0;0;0;0;1;0;0;0;0;0;0;0;0;0;0;0;0;0;0;0;0;0;0;0;0;0;0;0;0;0;0;0;
FILTRE;2014;970403770;970463592;INIT;0;0;0;0;0;0;0;0;0;0;0;1;0;0;0;;0;0;0;;;;;;;;;;;;;0;0;0;0;0;0;0;0;
FILTRE;2014;970404018;970403978;DECLA;0;0;0;0;0;0;0;0;0;0;0;1;0;0;0;0;0;0;0;0;0;0;0;1;0;1;0;0;0;0;0;0;0;0;0;0;0;0;0;
FILTRE;2014;970404018;970403978;INIT;0;0;0;0;0;0;0;0;0;0;0;1;0;0;0;;0;0;0;;;;;;;;;;;;;0;0;0;0;0;0;0;0;
FILTRE;2014;970404109;970404059;DECLA;1;0;0;0;1;0;0;0;0;0;0;0;0;0;0;0;0;0;0;0;0;0;0;0;0;0;0;0;0;0;1;0;0;0;0;0;0;0;0;
FILTRE;2014;970404109;970404059;INIT;1;0;0;0;1;0;0;0;0;0;0;0;0;0;0;;0;0;0;;;;;;;;;;;;;0;0;0;0;0;0;0;0;
FILTRE;2014;970404158;970463592;DECLA;0;0;0;0;0;0;0;0;0;0;0;1;0;0;0;0;0;0;0;0;0;0;0;0;0;0;0;0;0;0;0;0;0;0;0;0;0;0;0;
FILTRE;2014;970404158;970463592;INIT;0;0;0;0;0;0;0;0;0;0;0;1;0;0;0;;0;0;0;;;;;;;;;;;;;0;0;0;0;0;0;0;0;
FILTRE;2014;970404406;970404380;DECLA;0;0;0;0;1;0;0;0;0;0;0;0;0;0;0;0;0;0;0;0;0;0;0;1;0;1;0;0;0;0;0;0;0;0;0;0;0;0;0;
FILTRE;2014;970404406;970404380;INIT;0;0;0;0;1;0;0;0;0;0;0;0;0;0;0;;0;0;0;;;;;;;;;;;;;0;0;0;0;0;0;0;0;
FILTRE;2014;970404588;970404539;DECLA;0;0;0;0;1;0;0;0;0;0;0;0;0;0;0;0;0;0;0;0;0;0;0;1;0;1;0;0;0;0;1;0;0;0;0;0;0;0;0;
FILTRE;2014;970404588;970404539;INIT;0;0;0;0;1;0;0;0;0;0;0;0;0;0;0;;0;0;0;;;;;;;;;;;;;0;0;0;0;0;0;0;0;
FILTRE;2014;970404679;970404638;DECLA;0;0;0;0;1;0;0;0;0;0;0;0;0;0;0;1;0;0;0;0;0;0;0;0;0;0;0;0;0;0;0;0;0;0;0;0;0;0;0;
FILTRE;2014;970404679;970404638;INIT;0;0;0;0;1;0;0;0;0;0;0;0;0;0;0;;0;0;0;;;;;;;;;;;;;0;0;0;0;0;0;0;0;
FILTRE;2014;970404711;970400396;DECLA;0;0;0;0;0;0;0;0;0;0;0;0;0;0;1;0;0;0;0;0;0;0;0;1;0;1;0;0;0;0;0;0;0;0;0;0;0;0;0;
FILTRE;2014;970404711;970400396;INIT;0;0;0;0;0;0;0;0;0;0;0;0;0;0;1;;0;0;0;;;;;;;;;;;;;0;0;0;0;0;0;0;0;
FILTRE;2014;970404844;970404836;DECLA;0;1;0;0;1;0;0;1;0;0;0;0;1;0;0;0;0;0;1;1;0;1;0;1;0;1;0;0;0;0;1;0;0;1;0;0;0;0;0;
FILTRE;2014;970404844;970404836;INIT;0;1;0;0;0;0;0;1;0;0;0;0;1;0;0;;0;0;1;;;;;;;;;;;;;0;0;1;0;0;0;0;0;
FILTRE;2014;970404851;970463600;DECLA;0;0;0;0;0;0;0;0;0;0;0;0;0;0;1;0;0;0;0;0;0;0;0;0;0;1;0;0;0;0;0;0;0;0;0;0;0;0;0;
FILTRE;2014;970404851;970463600;INIT;0;0;0;0;0;0;0;0;0;0;0;0;0;0;1;;0;0;0;;;;;;;;;;;;;0;0;0;0;0;0;0;0;
FILTRE;2014;970405064;970463592;DECLA;0;0;0;0;0;0;0;0;0;0;0;1;0;0;0;0;0;0;0;0;0;0;0;0;0;0;0;0;0;0;0;0;0;0;0;0;0;0;0;
FILTRE;2014;970405064;970463592;INIT;0;0;0;0;0;0;0;0;0;0;0;1;0;0;0;;0;0;0;;;;;;;;;;;;;0;0;0;0;0;0;0;0;
FILTRE;2014;970405395;970400396;DECLA;0;0;0;0;0;0;0;0;0;0;0;0;0;0;1;0;0;0;0;0;0;0;0;1;0;1;0;0;0;0;0;0;0;0;0;0;0;0;0;
FILTRE;2014;970405395;970400396;INIT;0;0;0;0;0;0;0;0;0;0;0;0;0;0;1;;0;0;0;;;;;;;;;;;;;0;0;0;0;0;0;0;0;
FILTRE;2014;970405411;970405403;DECLA;0;0;0;0;0;0;0;0;0;0;0;1;0;0;0;0;0;0;0;0;0;0;0;1;0;1;0;0;0;0;1;0;0;0;0;0;0;0;0;
FILTRE;2014;970405411;970405403;INIT;0;0;0;0;0;0;0;0;0;0;0;1;0;0;0;;0;0;0;;;;;;;;;;;;;0;0;0;0;0;0;0;0;
FILTRE;2014;970405452;970405403;DECLA;0;0;0;0;0;0;0;0;0;0;0;1;0;0;0;0;0;0;0;0;0;0;0;1;0;1;0;0;0;0;1;0;0;0;0;0;0;0;0;
FILTRE;2014;970405452;970405403;INIT;0;0;0;0;0;0;0;0;0;0;0;1;0;0;0;;0;0;0;;;;;;;;;;;;;0;0;0;0;0;0;0;0;
FILTRE;2014;970405650;970463592;DECLA;0;0;0;0;1;0;0;0;0;0;0;0;0;0;0;0;0;0;0;0;0;0;0;0;0;0;0;0;0;0;0;0;0;0;0;0;0;0;0;
FILTRE;2014;970405650;970463592;INIT;0;0;0;0;1;0;0;0;0;0;0;0;0;0;0;;0;0;0;;;;;;;;;;;;;0;0;0;0;0;0;0;0;
FILTRE;2014;970405676;970463592;DECLA;0;0;0;0;0;0;0;0;0;0;0;1;0;0;0;0;0;0;0;0;0;0;0;0;0;0;0;0;0;0;0;0;0;0;0;0;0;0;0;
FILTRE;2014;970405676;970463592;INIT;0;0;0;0;0;0;0;0;0;0;0;1;0;0;0;;0;0;0;;;;;;;;;;;;;0;0;0;0;0;0;0;0;
FILTRE;2014;970406203;970406195;DECLA;0;0;0;0;1;0;0;0;0;0;0;0;0;0;0;0;0;0;0;0;0;0;0;1;0;1;0;0;0;0;1;0;0;0;0;0;0;0;0;
FILTRE;2014;970406203;970406195;INIT;0;0;0;0;1;0;0;0;0;0;0;0;0;0;0;;0;0;0;;;;;;;;;;;;;0;0;0;0;0;0;0;0;
FILTRE;2014;970406245;970406237;DECLA;0;0;0;0;1;0;0;0;0;0;0;0;0;0;0;0;0;0;0;0;0;0;0;1;0;1;0;1;0;0;1;0;0;0;0;0;0;0;0;
FILTRE;2014;970406245;970406237;INIT;0;0;0;0;1;0;0;0;0;0;0;0;0;0;0;;0;0;0;;;;;;;;;;;;;0;0;0;0;0;0;0;0;
FILTRE;2014;970406625;970463600;DECLA;0;0;0;0;0;0;0;0;0;0;0;0;0;0;1;0;0;0;0;0;0;0;0;0;0;1;0;0;0;0;0;0;0;0;0;0;0;0;0;
FILTRE;2014;970406625;970463600;INIT;0;0;0;0;0;0;0;0;0;0;0;0;0;0;1;;0;0;0;;;;;;;;;;;;;0;0;0;0;0;0;0;0;
FILTRE;2014;970406641;970463592;DECLA;0;0;0;0;0;0;0;0;0;0;0;1;0;0;0;0;0;0;0;0;0;0;0;0;0;0;0;0;0;0;0;0;0;0;0;0;0;0;0;
FILTRE;2014;970406641;970463592;INIT;0;0;0;0;0;0;0;0;0;0;0;1;0;0;0;;0;0;0;;;;;;;;;;;;;0;0;0;0;0;0;0;0;
FILTRE;2014;970407151;970463592;DECLA;0;0;0;0;0;0;0;0;0;0;0;1;0;0;0;0;0;0;0;0;0;0;0;0;0;0;0;0;0;0;0;0;0;0;0;0;0;0;0;
FILTRE;2014;970407151;970463592;INIT;0;0;0;0;0;0;0;0;0;0;0;1;0;0;0;;0;0;0;;;;;;;;;;;;;0;0;0;0;0;0;0;0;
FILTRE;2014;970407318;970400396;DECLA;0;0;0;0;0;0;0;0;0;0;0;0;0;0;1;0;0;0;0;0;0;0;0;1;0;1;0;0;0;0;0;0;0;0;0;0;0;0;0;
FILTRE;2014;970407318;970400396;INIT;0;0;0;0;0;0;0;0;0;0;0;0;0;0;1;;0;0;0;;;;;;;;;;;;;0;0;0;0;0;0;0;0;
FILTRE;2014;970407656;970400396;DECLA;0;0;0;0;0;0;0;0;0;0;0;0;0;0;1;0;0;0;0;0;0;0;0;1;0;1;0;0;0;0;0;0;0;0;0;0;0;0;0;
FILTRE;2014;970407656;970400396;INIT;0;0;0;0;0;0;0;0;0;0;0;0;0;0;1;;0;0;0;;;;;;;;;;;;;0;0;0;0;0;0;0;0;
FILTRE;2014;970407722;970463600;DECLA;0;0;0;0;0;0;0;0;0;0;0;1;0;0;0;0;0;0;0;0;0;0;0;1;0;0;0;0;0;0;0;0;0;0;0;0;0;0;0;
FILTRE;2014;970407722;970463600;INIT;0;0;0;0;0;0;0;0;0;0;0;1;0;0;0;;0;0;0;;;;;;;;;;;;;0;0;0;0;0;0;0;0;
FILTRE;2014;970408753;970408746;DECLA;0;0;0;1;0;0;0;0;1;0;0;0;0;0;0;0;0;0;0;0;0;0;0;1;0;1;0;0;0;0;0;0;0;0;0;0;0;0;0;
FILTRE;2014;970408753;970408746;INIT;0;0;0;1;0;0;0;0;0;0;0;0;0;0;0;;0;0;0;;;;;;;;;;;;;0;0;0;0;0;0;0;0;
FILTRE;2014;970423000;970430906;DECLA;0;0;0;0;1;0;0;0;0;0;0;0;0;0;0;0;0;0;0;0;0;0;0;1;0;1;0;0;0;1;0;0;0;0;0;0;0;0;0;
FILTRE;2014;970423000;970430906;INIT;0;0;0;0;1;0;0;0;0;0;0;0;0;0;0;;0;0;0;;;;;;;;;;;;;0;0;0;0;0;0;0;0;
FILTRE;2014;970462024;970400255;DECLA;1;1;1;0;0;0;1;1;0;0;0;0;1;0;0;0;0;0;1;1;0;0;0;1;0;1;0;0;0;0;1;0;0;0;0;0;0;0;0;
FILTRE;2014;970462024;970400255;INIT;0;0;1;0;0;0;0;0;0;0;1;0;1;0;0;;0;0;0;;;;;;;;;;;;;0;0;0;0;0;0;0;0;
FILTRE;2014;970462073;970400271;DECLA;0;1;1;0;0;0;1;1;0;0;0;0;0;0;0;0;0;0;1;0;0;0;0;1;1;1;0;0;0;0;0;0;0;1;0;0;0;0;0;
FILTRE;2014;970462073;970400271;INIT;0;1;1;0;1;0;0;1;0;0;0;0;0;0;0;;0;0;1;;;;;;;;;;;;;0;0;1;0;0;0;0;0;
FILTRE;2014;970462081;970400255;DECLA;1;1;0;0;0;0;1;1;0;0;1;0;0;0;0;0;0;0;1;1;0;0;0;1;1;1;0;0;0;0;1;0;1;1;0;0;0;0;0;
FILTRE;2014;970462081;970400255;INIT;0;1;0;0;0;0;0;1;0;0;0;0;0;0;0;;0;0;1;;;;;;;;;;;;;0;0;1;0;0;0;0;0;
FILTRE;2014;970462107;970400305;DECLA;1;1;1;0;0;0;1;1;0;1;1;0;1;0;0;0;0;0;1;1;0;1;0;1;0;1;0;0;1;1;1;1;1;1;0;0;0;0;0;
FILTRE;2014;970462107;970400305;INIT;1;1;1;0;0;0;1;1;0;1;1;0;1;0;0;;0;0;1;;;;;;;;;;;;;1;0;1;0;0;0;0;0;
FILTRE;2014;970463113;970400370;DECLA;0;0;0;0;1;0;0;0;0;0;0;0;0;0;0;0;0;0;0;0;0;0;0;1;0;1;0;0;0;0;0;0;0;0;0;0;0;0;0;
FILTRE;2014;970463113;970400370;INIT;0;0;0;0;1;0;0;0;0;0;0;0;0;0;0;;0;0;0;;;;;;;;;;;;;0;0;0;0;0;0;0;0;
FILTRE;2014;970463139;970408589;DECLA;0;0;0;0;1;1;0;0;0;0;0;0;0;0;0;0;0;0;0;1;0;0;0;0;0;0;0;0;0;0;0;0;0;0;0;0;0;0;0;
FILTRE;2014;970463139;970408589;INIT;0;0;0;0;1;1;0;0;0;0;0;0;0;0;0;;0;0;0;;;;;;;;;;;;;0;0;0;0;0;0;0;0;
FILTRE;2014;970466504;970403846;DECLA;0;0;0;0;1;0;0;0;0;0;0;0;0;0;0;0;0;0;0;0;0;0;0;1;0;1;0;0;0;0;0;0;0;0;0;0;0;0;0;
FILTRE;2014;970466504;970403846;INIT;0;0;0;0;1;0;0;0;0;0;0;0;0;0;0;;0;0;0;;;;;;;;;;;;;0;0;0;0;0;0;0;0;
FILTRE;2014;970466751;970400446;DECLA;0;0;0;0;0;0;0;1;0;0;0;0;0;0;0;0;0;0;1;0;0;0;0;1;1;1;0;0;0;0;0;0;0;0;0;0;0;0;0;
FILTRE;2014;970466751;970400446;INIT;0;0;0;0;0;0;0;1;0;0;0;0;0;0;0;;0;0;1;;;;;;;;;;;;;0;0;0;0;0;0;0;0;
FILTRE;2014;970467155;970467148;DECLA;0;0;0;1;0;0;0;0;1;0;0;0;0;0;0;0;0;0;0;0;0;0;0;1;0;1;0;0;0;0;0;0;0;0;0;0;0;0;0;
FILTRE;2014;970467155;970467148;INIT;0;0;0;1;0;0;0;0;0;0;0;0;0;0;0;;0;0;0;;;;;;;;;;;;;0;0;0;0;0;0;0;0;
FILTRE;2014;970467197;970463600;DECLA;0;0;0;0;0;0;0;0;0;0;0;1;0;0;0;0;0;0;0;0;0;0;0;1;0;0;0;0;0;0;0;0;0;0;0;0;0;0;0;
FILTRE;2014;970467197;970463600;INIT;0;0;0;0;0;0;0;0;0;0;0;1;0;0;0;;0;0;0;;;;;;;;;;;;;0;0;0;0;0;0;0;0;
FILTRE;2014;980500011;980500003;DECLA;1;1;1;1;0;0;1;1;1;0;1;1;1;0;0;0;1;1;1;1;1;0;0;1;1;1;1;0;0;0;0;0;1;0;0;0;0;1;0;
FILTRE;2014;980500011;980500003;INIT;1;1;1;1;0;0;1;0;0;0;1;0;1;0;0;;1;1;1;;;;;;;;;;;;;0;1;0;0;0;0;0;0;
FILTRE;2014;980500763;970407250;DECLA;0;0;0;0;0;0;0;0;0;0;0;1;0;0;0;0;0;0;0;0;0;0;0;1;0;1;0;0;0;0;1;0;0;0;0;0;0;0;0;
FILTRE;2014;980500763;970407250;INIT;0;0;0;0;0;0;0;0;0;0;0;1;0;0;0;;0;0;0;;;;;;;;;;;;;0;0;0;0;0;0;0;0;
FILTRE;2014;980500912;970463592;DECLA;0;0;0;0;0;0;0;0;0;0;0;1;0;0;0;0;0;0;0;0;0;0;0;0;0;0;0;0;0;0;0;0;0;0;0;0;0;0;0;
FILTRE;2014;980500912;970463592;INIT;0;0;0;0;0;0;0;0;0;0;0;1;0;0;0;;0;0;0;;;;;;;;;;;;;0;0;0;0;0;0;0;0;
FILTRE;2014;980500920;970407250;DECLA;0;0;0;0;0;0;0;0;0;0;0;1;0;0;0;0;0;0;0;0;0;0;0;1;0;1;0;0;0;0;0;0;0;0;0;0;0;0;0;
FILTRE;2014;980500920;970407250;INIT;0;0;0;0;0;0;0;0;0;0;0;1;0;0;0;;0;0;0;;;;;;;;;;;;;0;0;0;0;0;0;0;0;
