BOR;AN;FI;FI_EJ;EQUIPIMA;NB;NBEXP;ACTET;ACTEXET;ACTEXEJ;ACTEX;ACTNUI;ACTINT
IMAGES;2014;010000024;010780054;IRM;2;2;1868;24;;6538;34;0
IMAGES;2014;010000024;010780054;MAMM;1;;;;;;;
IMAGES;2014;010000024;010780054;RADIO;3;3;24147;443;;23981;538;1
IMAGES;2014;010000024;010780054;SCAN;1;1;6324;125;;4639;84;1
IMAGES;2014;010000024;010780054;VASC;2;2;430;;;13;;1
IMAGES;2014;010000032;010780062;MAMM;1;1;;;;307;;
IMAGES;2014;010000032;010780062;RADIO;3;3;3130;;;10479;117;
IMAGES;2014;010000032;010780062;SCAN;1;1;1465;;;3344;17;1
IMAGES;2014;010000065;010780096;RADIO;1;1;1398;;;;;0
IMAGES;2014;010000198;010007987;RADIO;1;1;596;0;524;56;0;0
IMAGES;2014;010000214;010007987;RADIO;1;1;1180;298;134;348;0;1
IMAGES;2014;010005239;010008407;IRM;1;1;5;;;153;0;0
IMAGES;2014;010005239;010008407;RADIO;3;3;3150;;;21177;380;0
IMAGES;2014;010005239;010008407;SCAN;1;1;1325;;;4222;25;0
IMAGES;2014;010780195;010000156;IRM;1;0;242;;;15687;;0
IMAGES;2014;010780195;010000156;RADIO;2;0;6580;;;27773;;1
IMAGES;2014;010780195;010000156;SCAN;1;0;4626;;;12971;5;1
IMAGES;2014;010780195;010000156;VASC;1;1;1799;;;;;1
IMAGES;2014;010780278;010783009;RADIO;2;2;687;259;0;0;0;0
IMAGES;2014;020000089;020000022;RADIO;1;1;1022;253;;3042;;0
IMAGES;2014;020000105;020000055;RADIO;1;1;382;0;0;672;0;0
IMAGES;2014;020000162;020000063;IRM;1;1;3230;0;0;5937;10;0
IMAGES;2014;020000162;020000063;LITHO;1;1;111;0;0;0;0;1
IMAGES;2014;020000162;020000063;MAMM;1;1;;;;265;;
IMAGES;2014;020000162;020000063;RADIO;5;5;21612;0;0;23614;562;0
IMAGES;2014;020000162;020000063;SCAN;1;1;14001;0;0;14486;472;0
IMAGES;2014;020000162;020000063;VASC;1;1;1510;0;0;0;7;1
IMAGES;2014;020000303;750814030;RADIO;2;2;2761;;;;;0
IMAGES;2014;020000360;020014742;LITHO;;;;;;;;1
IMAGES;2014;020000360;020014742;RADIO;3;;;;;;;
IMAGES;2014;020000394;020000253;MAMM;1;1;;;;312;;
IMAGES;2014;020000394;020000253;RADIO;4;4;7510;0;0;18232;372;0
IMAGES;2014;020000394;020000253;SCAN;1;1;4665;;;5839;41;0
IMAGES;2014;020000519;020000261;IRM;1;1;332;;;3016;;0
IMAGES;2014;020000519;020000261;MAMM;1;1;;;;3292;;
IMAGES;2014;020000519;020000261;RADIO;4;4;9511;;;30192;;1
IMAGES;2014;020000519;020000261;SCAN;2;2;4536;;;14693;;1
IMAGES;2014;020000519;020000261;dtIRM2;1;1;332;;;3016;;0
IMAGES;2014;020000535;020000287;RADIO;3;3;9184;;;11788;428;0
IMAGES;2014;020000535;020000287;SCAN;1;1;5860;;;7691;48;0
IMAGES;2014;020000543;020000295;RADIO;1;1;1398;0;0;0;0;0
IMAGES;2014;020000915;020003620;RADIO;1;1;1544;0;0;0;0;0
IMAGES;2014;020001061;020004404;IRM;1;1;297;;7;1835;0;0
IMAGES;2014;020001061;020004404;RADIO;2;2;12569;;11;12710;480;0
IMAGES;2014;020001061;020004404;SCAN;1;1;3733;;46;2118;45;0
IMAGES;2014;020001087;020004495;RADIO;2;2;682;;;8166;220;0
IMAGES;2014;020001087;020004495;SCAN;1;1;2376;;92;12409;52;0
IMAGES;2014;030000061;030780092;IRM;1;1;626;33;;2721;;
IMAGES;2014;030000061;030780092;LITHO;1;1;62;0;0;;;
IMAGES;2014;030000061;030780092;MAMM;1;1;;;;930;;
IMAGES;2014;030000061;030780092;RADIO;5;5;17783;213;0;26092;538;
IMAGES;2014;030000061;030780092;SCAN;1;1;8404;90;;8884;191;1
IMAGES;2014;030000079;030780100;CAM;1;1;500;4;106;3873;0;
IMAGES;2014;030000079;030780100;IRM;1;1;446;7;15;4920;13;0
IMAGES;2014;030000079;030780100;MAMM;1;1;;;;1127;;
IMAGES;2014;030000079;030780100;RADIO;4;4;14059;61;269;25077;346;0
IMAGES;2014;030000079;030780100;SCAN;1;1;5416;34;68;5537;71;1
IMAGES;2014;030000087;030780118;IRM;1;1;429;0;2284;2747;0;0
IMAGES;2014;030000087;030780118;MAMM;1;1;;;;1853;;
IMAGES;2014;030000087;030780118;RADIO;5;5;11446;;;28876;624;1
IMAGES;2014;030000087;030780118;SCAN;1;1;4264;0;0;9849;98;1
IMAGES;2014;030000087;030780118;VASC;2;2;2254;822;;;6;1
IMAGES;2014;030780548;030000194;LITHO;1;;;;;;;1
IMAGES;2014;030780548;030000194;RADIO;1;;;;;;;
IMAGES;2014;030780548;030000194;SCAN;1;;;;;;;
IMAGES;2014;030780548;030000194;VASC;1;;;;;;;
IMAGES;2014;040000093;040780215;IRM;1;1;986;;;739;;
IMAGES;2014;040000093;040780215;RADIO;2;2;10438;;;12568;291;1
IMAGES;2014;040000093;040780215;SCAN;1;1;13155;;;4304;289;1
IMAGES;2014;040000135;050002948;LITHO;1;1;14;;;;;1
IMAGES;2014;040000135;050002948;RADIO;2;2;946;;;10811;145;1
IMAGES;2014;040000135;050002948;SCAN;1;1;745;;1121;4253;9;1
IMAGES;2014;040000911;040788879;RADIO;3;3;5913;;;11514;;0
IMAGES;2014;040000911;040788879;SCAN;1;1;4375;;;5555;;0
IMAGES;2014;050000231;050000116;RADIO;3;3;3522;146;;12222;81;
IMAGES;2014;050000231;050000116;SCAN;1;1;2158;175;260;2380;14;0
IMAGES;2014;050000256;050000124;RADIO;2;2;1950;;;9087;;0
IMAGES;2014;050000348;050002948;CAM;1;;;;;;0;0
IMAGES;2014;050000348;050002948;IRM;1;1;273;;3010;2820;;0
IMAGES;2014;050000348;050002948;LITHO;1;1;34;;;;;
IMAGES;2014;050000348;050002948;MAMM;1;1;;;;1272;;
IMAGES;2014;050000348;050002948;RADIO;4;4;9233;;224;26478;412;1
IMAGES;2014;050000348;050002948;SCAN;1;1;3836;;1071;8180;87;1
IMAGES;2014;060000296;060780640;RADIO;1;1;117;;;12;;0
IMAGES;2014;060000296;060780640;VASC;1;1;827;;;;;0
IMAGES;2014;060000478;060780897;IRM;1;1;451;;;2493;;0
IMAGES;2014;060000478;060780897;LITHO;1;1;240;;;;;
IMAGES;2014;060000478;060780897;MAMM;1;1;;;;3651;;
IMAGES;2014;060000478;060780897;RADIO;4;4;9853;;;25605;;0
IMAGES;2014;060000478;060780897;SCAN;1;1;4758;;;2850;;1
IMAGES;2014;060000486;060780905;RADIO;1;1;202;219;;677;0;0
IMAGES;2014;060000510;060780954;IRM;1;1;502;0;0;4630;0;0
IMAGES;2014;060000510;060780954;MAMM;1;1;;;;616;;
IMAGES;2014;060000510;060780954;RADIO;4;4;18308;0;0;21793;678;0
IMAGES;2014;060000510;060780954;SCAN;2;2;5643;0;0;12704;93;0
IMAGES;2014;060000510;060780954;VASC;1;1;1288;0;0;0;7;1
IMAGES;2014;060000528;060780962;CAM;2;2;979;;;5537;;
IMAGES;2014;060000528;060780962;IRM;1;1;438;;;4835;;
IMAGES;2014;060000528;060780962;MAMM;2;2;;;;10112;;
IMAGES;2014;060000528;060780962;RADIO;1;1;3444;;;1435;;
IMAGES;2014;060000528;060780962;SCAN;1;1;3167;;;16420;;
IMAGES;2014;060000528;060780962;TOMO;1;1;106;;;3430;;
IMAGES;2014;060000544;060780988;IRM;2;2;2206;;11969;4854;;0
IMAGES;2014;060000544;060780988;RADIO;4;4;21765;271;;25383;596;0
IMAGES;2014;060000544;060780988;SCAN;2;2;10711;103;;11556;374;1
IMAGES;2014;060000544;060780988;VASC;1;1;997;;;;;1
IMAGES;2014;060001450;060785011;IRM;1;1;1310;;;5946;41;0
IMAGES;2014;060001450;060785011;RADIO;4;4;24322;;;39162;1253;0
IMAGES;2014;060001450;060785011;SCAN;1;1;13295;;;8124;920;0
IMAGES;2014;060001450;060785011;VASC;1;1;81;;;27;;0
IMAGES;2014;060002102;060791761;MAMM;1;1;;;;596;;
IMAGES;2014;060002102;060791761;RADIO;2;2;2509;;102;15015;257;0
IMAGES;2014;060002102;060791761;SCAN;1;1;1583;;34;5345;37;0
IMAGES;2014;060780392;060000205;RADIO;;;;;;;;1
IMAGES;2014;060780442;060000213;RADIO;2;2;1633;;;;;
IMAGES;2014;060780459;010783009;RADIO;1;1;818;;;;;0
IMAGES;2014;060780491;060790797;CAM;3;;;;;;;
IMAGES;2014;060780491;060790797;IRM;1;;;;;;;
IMAGES;2014;060780491;060790797;MAMM;1;;;;;;;
IMAGES;2014;060780491;060790797;RADIO;1;;;;;;;
IMAGES;2014;060780491;060790797;SCAN;1;;;;;;;
IMAGES;2014;060780491;060790797;VASC;1;;;;;;;
IMAGES;2014;060780517;060000239;IRM;1;;;;;;;
IMAGES;2014;060780517;060000239;LITHO;1;;;;;;;
IMAGES;2014;060780517;060000239;SCAN;1;;;;;;;
IMAGES;2014;060780590;060000270;MAMM;1;;;;;;;
IMAGES;2014;060780590;060000270;RADIO;2;;;;;;;
IMAGES;2014;060780715;060000361;IRM;1;1;162;;;11282;;0
IMAGES;2014;060780715;060000361;RADIO;3;3;9331;;;17777;151;1
IMAGES;2014;060780715;060000361;SCAN;1;1;2506;;;16687;7;1
IMAGES;2014;060780715;060000361;VASC;3;3;2981;;;;;1
IMAGES;2014;060780723;060004959;RADIO;2;2;3392;;;;;1
IMAGES;2014;060780723;060004959;SCAN;1;1;647;;;;;1
IMAGES;2014;060780723;060004959;VASC;1;1;766;;;;;1
IMAGES;2014;060780947;060800174;RADIO;4;4;5625;;;22806;;
IMAGES;2014;060780996;630786754;RADIO;1;1;559;;;;;1
IMAGES;2014;060781200;060000635;LITHO;1;1;292;;;;;
IMAGES;2014;060781200;060000635;RADIO;5;5;2180;;;;;
IMAGES;2014;060785003;060785011;IRM;1;1;1627;;;5588;31;0
IMAGES;2014;060785003;060785011;LITHO;1;1;126;;;4;;0
IMAGES;2014;060785003;060785011;RADIO;4;4;18205;;;4840;105;0
IMAGES;2014;060785003;060785011;SCAN;1;1;4824;;;6708;42;1
IMAGES;2014;060785003;060785011;VASC;1;1;51;;;26;;0
IMAGES;2014;060788957;060785011;RADIO;1;1;2874;;;52;;0
IMAGES;2014;060789195;060785011;CAM;1;1;1141;;;2574;18;0
IMAGES;2014;060789195;060785011;IRM;1;1;1685;;;7070;36;
IMAGES;2014;060789195;060785011;RADIO;5;5;26372;;;10694;239;
IMAGES;2014;060789195;060785011;SCAN;2;2;3909;;;15615;74;1
IMAGES;2014;060789195;060785011;TOMO;1;1;93;;;2049;;0
IMAGES;2014;060789674;130037815;RADIO;1;1;5491;;;;;0
IMAGES;2014;060791811;750826638;RADIO;2;2;7290;;215;111;;1
IMAGES;2014;060794013;060790797;CAM;1;;;;;;;
IMAGES;2014;060794013;060790797;IRM;1;;;;;;;
IMAGES;2014;060794013;060790797;SCAN;1;;;;;;;
IMAGES;2014;060794013;060790797;VASC;3;3;6625;30;0;0;10;1
IMAGES;2014;060798881;060798873;RADIO;1;1;741;;;;;
IMAGES;2014;060800174;060800174;IRM;1;1;0;644;;8295;;0
IMAGES;2014;060800174;060800174;SCAN;1;1;0;812;;9420;;0
IMAGES;2014;070000013;070002878;LITHO;1;1;54;;;;;0
IMAGES;2014;070000013;070002878;MAMM;1;1;;;;1031;;
IMAGES;2014;070000013;070002878;RADIO;2;2;2693;;;10240;;1
IMAGES;2014;070000013;070002878;SCAN;1;1;2475;;;4240;14;1
IMAGES;2014;070000070;070780150;RADIO;1;1;130;;;618;;
IMAGES;2014;070000179;070780358;IRM;1;1;732;;;10913;1;0
IMAGES;2014;070000179;070780358;MAMM;1;1;;;;;;
IMAGES;2014;070000179;070780358;RADIO;3;3;9625;;;20638;219;1
IMAGES;2014;070000179;070780358;SCAN;1;1;4173;;;10911;35;1
IMAGES;2014;070000195;070780374;RADIO;1;1;759;;;2;;
IMAGES;2014;070000609;070005566;IRM;1;1;453;;;9583;2;0
IMAGES;2014;070000609;070005566;MAMM;1;1;;;;1563;;
IMAGES;2014;070000609;070005566;RADIO;2;2;3878;;;26323;190;0
IMAGES;2014;070000609;070005566;SCAN;1;1;4211;;;19406;138;0
IMAGES;2014;070780424;070000245;IRM;1;;;;;;;
IMAGES;2014;070780424;070000245;LITHO;1;1;136;;;;;1
IMAGES;2014;070780424;070000245;MAMM;1;;;;;;;
IMAGES;2014;070780424;070000245;RADIO;4;;;;;;;
IMAGES;2014;070780424;070000245;SCAN;1;;;;;;;
IMAGES;2014;070780424;070000245;VASC;1;;;;;;;
IMAGES;2014;080000110;080000037;RADIO;3;3;3108;;58;14778;238;0
IMAGES;2014;080000110;080000037;SCAN;1;1;1608;;0;5365;48;0
IMAGES;2014;080000219;080001969;MAMM;1;1;;;;;;
IMAGES;2014;080000219;080001969;RADIO;3;3;3910;20;;6951;141;0
IMAGES;2014;080000219;080001969;SCAN;1;1;1901;486;;4103;12;0
IMAGES;2014;080000276;080001969;RADIO;2;2;1930;0;0;3188;35;0
IMAGES;2014;080000284;080000060;MAMM;1;1;;;;1247;;
IMAGES;2014;080000284;080000060;RADIO;2;2;180;;;4808;;0
IMAGES;2014;080000425;080000615;CAM;2;2;335;0;8;2782;0;0
IMAGES;2014;080000425;080000615;IRM;2;2;916;1;33;3980;44;0
IMAGES;2014;080000425;080000615;LITHO;1;1;71;0;0;0;0;0
IMAGES;2014;080000425;080000615;RADIO;6;6;14243;69;2196;43189;653;1
IMAGES;2014;080000425;080000615;SCAN;2;2;3445;25;275;10757;138;1
IMAGES;2014;080000425;080000615;VASC;1;1;177;0;0;0;0;1
IMAGES;2014;090000019;090180019;RADIO;1;1;1503;;;;;0
IMAGES;2014;090000175;090781774;IRM;1;1;423;4;;6949;12;0
IMAGES;2014;090000175;090781774;MAMM;1;1;;;;1155;;
IMAGES;2014;090000175;090781774;RADIO;5;5;12266;;;27662;585;1
IMAGES;2014;090000175;090781774;SCAN;1;1;5768;33;;11115;113;0
IMAGES;2014;090000183;090781816;RADIO;2;2;3401;;;6727;146;0
IMAGES;2014;090000183;090781816;SCAN;1;1;2385;;;3078;17;0
IMAGES;2014;090001629;090780107;RADIO;2;2;223;0;0;4565;32;0
IMAGES;2014;100000090;100000017;CAM;2;2;881;;;4012;0;0
IMAGES;2014;100000090;100000017;IRM;1;1;3090;;;6990;169;0
IMAGES;2014;100000090;100000017;LITHO;1;1;99;;;;0;0
IMAGES;2014;100000090;100000017;MAMM;2;2;;;;9048;;
IMAGES;2014;100000090;100000017;RADIO;6;6;29136;;;28535;477;1
IMAGES;2014;100000090;100000017;SCAN;2;2;26050;;;16790;543;1
IMAGES;2014;100000090;100000017;VASC;1;1;1063;;;0;;1
IMAGES;2014;100000124;100009075;IRM;1;;;;;;;
IMAGES;2014;100000124;100009075;SCAN;1;;;;;;;
IMAGES;2014;100000199;100006279;RADIO;2;2;2913;;;12363;208;1
IMAGES;2014;100000199;100006279;SCAN;1;1;1495;246;26;2718;35;0
IMAGES;2014;100002351;100000561;IRM;1;1;63;;;5968;;0
IMAGES;2014;100002351;100000561;SCAN;1;1;1439;;265;6716;;0
IMAGES;2014;110000023;110780061;CAM;2;2;336;;18;2100;;0
IMAGES;2014;110000023;110780061;IRM;1;1;1745;8;2;2606;18;0
IMAGES;2014;110000023;110780061;RADIO;4;4;18420;72;22;;834;0
IMAGES;2014;110000023;110780061;SCAN;1;1;8712;46;5;4583;210;0
IMAGES;2014;110000023;110780061;VASC;2;2;702;;;;5;1
IMAGES;2014;110000049;110780087;MAMM;1;1;;;;548;;
IMAGES;2014;110000049;110780087;RADIO;3;3;1186;;;10618;;
IMAGES;2014;110000049;110780087;SCAN;1;1;604;;;4763;;
IMAGES;2014;110000056;110780137;IRM;1;1;863;7;647;3977;28;0
IMAGES;2014;110000056;110780137;MAMM;1;1;;;;506;;
IMAGES;2014;110000056;110780137;RADIO;3;3;12915;104;;19597;376;1
IMAGES;2014;110000056;110780137;SCAN;1;1;4599;74;783;3564;55;1
IMAGES;2014;110780228;110000114;IRM;1;;;;;;;
IMAGES;2014;110780228;110000114;RADIO;3;;;;;;;
IMAGES;2014;110780228;110000114;SCAN;1;;;;;;;
IMAGES;2014;110780228;110000114;VASC;1;;;;;;;
IMAGES;2014;110786324;110786324;RADIO;1;1;916;;;;;
IMAGES;2014;120000039;120780044;CAM;2;2;624;;;2833;;
IMAGES;2014;120000039;120780044;IRM;1;1;796;;;3228;15;
IMAGES;2014;120000039;120780044;MAMM;1;1;;;;985;;
IMAGES;2014;120000039;120780044;RADIO;3;3;9852;;;28283;608;
IMAGES;2014;120000039;120780044;SCAN;1;1;5138;;;9707;205;
IMAGES;2014;120000039;120780044;TOMO;1;1;14;;;1332;;
IMAGES;2014;120000039;120780044;VASC;2;2;104;;;67;2;
IMAGES;2014;120000054;120780069;IRM;1;1;107;;;3291;;0
IMAGES;2014;120000054;120780069;MAMM;1;1;;;;2911;;
IMAGES;2014;120000054;120780069;RADIO;10;2;4247;;;20247;;
IMAGES;2014;120000054;120780069;SCAN;1;1;1319;;;4896;;0
IMAGES;2014;120000070;120780085;RADIO;2;2;3803;225;0;5074;82;
IMAGES;2014;120000070;120780085;SCAN;1;1;1479;66;1007;1426;16;
IMAGES;2014;120000088;120780093;RADIO;1;1;351;0;0;0;0;
IMAGES;2014;120000096;120780101;RADIO;1;1;570;;;360;;0
IMAGES;2014;120004569;120004528;IRM;1;1;237;;55;5214;6;0
IMAGES;2014;120004569;120004528;MAMM;1;1;;;;1520;;
IMAGES;2014;120004569;120004528;RADIO;3;3;5526;;;16555;129;1
IMAGES;2014;120004569;120004528;SCAN;1;1;2333;;40;6433;23;1
IMAGES;2014;120004668;120004619;MAMM;1;1;;;;;;
IMAGES;2014;120004668;120004619;RADIO;2;2;2410;0;0;10450;40;0
IMAGES;2014;120004668;120004619;SCAN;1;1;1245;0;0;1829;15;0
IMAGES;2014;130000409;130041916;CAM;2;2;1085;;;3448;;
IMAGES;2014;130000409;130041916;IRM;1;1;1538;;;1033;95;
IMAGES;2014;130000409;130041916;LITHO;1;1;;;;;;
IMAGES;2014;130000409;130041916;MAMM;1;1;;;;;;
IMAGES;2014;130000409;130041916;RADIO;4;4;30938;;;28433;12848;
IMAGES;2014;130000409;130041916;SCAN;2;2;17193;;;5008;2506;
IMAGES;2014;130000409;130041916;VASC;2;2;;;;;;1
IMAGES;2014;130000433;130781131;RADIO;1;;;;;;;
IMAGES;2014;130000516;130781339;RADIO;2;2;2537;111;;1834;;0
IMAGES;2014;130000565;130781446;IRM;1;1;2;;;346;;
IMAGES;2014;130000565;130781446;RADIO;3;3;5703;;;25412;614;0
IMAGES;2014;130000565;130781446;SCAN;1;1;2000;;;10010;13;0
IMAGES;2014;130001225;130782634;RADIO;3;3;7207;;;21726;396;1
IMAGES;2014;130001225;130782634;SCAN;1;1;5420;;;17659;48;1
IMAGES;2014;130001258;130028228;RADIO;1;1;662;;;462;;0
IMAGES;2014;130001647;130784127;CAM;2;2;198;;;3753;;0
IMAGES;2014;130001647;130784127;IRM;1;1;335;;;3390;;0
IMAGES;2014;130001647;130784127;MAMM;1;1;;;;;;
IMAGES;2014;130001647;130784127;RADIO;1;1;7538;;;2513;;0
IMAGES;2014;130001647;130784127;SCAN;2;2;2496;;;18304;14;1
IMAGES;2014;130001647;130784127;TOMO;1;1;112;;;3617;;0
IMAGES;2014;130001647;130784127;VASC;1;1;135;;;;1;1
IMAGES;2014;130002215;130785512;RADIO;2;2;4157;0;0;13553;237;1
IMAGES;2014;130002215;130785512;SCAN;1;1;2673;;;9645;11;1
IMAGES;2014;130002827;130789274;IRM;1;1;246;;;1774;;0
IMAGES;2014;130002827;130789274;RADIO;4;4;9507;;;15698;376;
IMAGES;2014;130002827;130789274;SCAN;1;1;4560;;;12635;67;0
IMAGES;2014;130002835;130789316;IRM;1;1;379;89;0;5760;42;0
IMAGES;2014;130002835;130789316;LITHO;1;1;4;0;0;0;0;
IMAGES;2014;130002835;130789316;MAMM;1;1;;;;1478;;
IMAGES;2014;130002835;130789316;RADIO;3;3;8905;166;0;12441;452;0
IMAGES;2014;130002835;130789316;SCAN;1;1;4347;158;0;7522;98;0
IMAGES;2014;130037922;130037823;CAM;2;2;352;;8070;;;0
IMAGES;2014;130037922;130037823;IRM;1;1;579;;30368;;;0
IMAGES;2014;130037922;130037823;LITHO;1;1;735;;;;;0
IMAGES;2014;130037922;130037823;RADIO;3;3;8700;;22486;;66;1
IMAGES;2014;130037922;130037823;SCAN;1;1;3241;;28364;;10;1
IMAGES;2014;130041767;130041262;VASC;2;2;1371;;17;;;1
IMAGES;2014;130042096;130042062;IRM;1;1;30;;;;1;1
IMAGES;2014;130042096;130042062;LITHO;1;0;;;;;;
IMAGES;2014;130042096;130042062;MAMM;1;0;;;;;;
IMAGES;2014;130042096;130042062;RADIO;2;2;892;;;;;
IMAGES;2014;130042096;130042062;SCAN;1;1;442;;;;;
IMAGES;2014;130042096;130042062;VASC;2;2;2712;;;;3;
IMAGES;2014;130042526;310021399;RADIO;1;1;1650;0;0;0;0;0
IMAGES;2014;130043664;130002157;IRM;2;;;;;;;
IMAGES;2014;130043664;130002157;MAMM;2;;;;;;;
IMAGES;2014;130043664;130002157;RADIO;4;;;;;;;
IMAGES;2014;130043664;130002157;SCAN;2;;;;;;;
IMAGES;2014;130043664;130002157;VASC;2;;;;;;;
IMAGES;2014;130780521;130786049;CAM;2;2;813;;;3993;;
IMAGES;2014;130780521;130786049;IRM;1;1;1728;;;5008;13;
IMAGES;2014;130780521;130786049;MAMM;1;1;;;;;;
IMAGES;2014;130780521;130786049;RADIO;12;12;48956;;;34923;780;
IMAGES;2014;130780521;130786049;SCAN;2;2;16256;;;11540;369;
IMAGES;2014;130780521;130786049;TOMO;1;1;296;;;3357;;
IMAGES;2014;130780521;130786049;VASC;1;1;1355;;;474;12;
IMAGES;2014;130781438;130000557;RADIO;1;1;835;0;0;0;0;0
IMAGES;2014;130781479;130000599;CAM;2;2;170;0;347;3632;;0
IMAGES;2014;130781479;130000599;IRM;1;1;221;;9;12560;516;0
IMAGES;2014;130781479;130000599;MAMM;2;2;;;;5099;;
IMAGES;2014;130781479;130000599;RADIO;3;3;9898;;;17382;373;1
IMAGES;2014;130781479;130000599;SCAN;1;1;2446;;220;15714;470;1
IMAGES;2014;130781479;130000599;TOMO;1;1;2;0;36;757;;0
IMAGES;2014;130781479;130000599;VASC;3;3;2831;;;;17;1
IMAGES;2014;130782071;130002454;IRM;1;;;;;;;
IMAGES;2014;130782071;130002454;MAMM;1;;;;;;;
IMAGES;2014;130782071;130002454;RADIO;3;;;;;;;
IMAGES;2014;130782071;130002454;SCAN;1;;;;;;;
IMAGES;2014;130782147;130000979;IRM;1;;;;;;;
IMAGES;2014;130782147;130000979;MAMM;1;;;;;;;
IMAGES;2014;130782147;130000979;RADIO;3;;;;;;;
IMAGES;2014;130782147;130000979;SCAN;1;;;;;;;
IMAGES;2014;130782147;130000979;VASC;1;;;;;;;
IMAGES;2014;130782162;130000987;LITHO;1;1;195;;;;;
IMAGES;2014;130782162;130000987;MAMM;1;1;;;;;;
IMAGES;2014;130782162;130000987;RADIO;2;2;1594;;;21461;;0
IMAGES;2014;130783236;130786049;IRM;1;1;1229;;;4253;11;
IMAGES;2014;130783236;130786049;RADIO;10;10;41451;;;17445;982;
IMAGES;2014;130783236;130786049;SCAN;1;1;8474;;;6012;446;
IMAGES;2014;130783293;130786049;CAM;4;4;1947;;;6449;0;0
IMAGES;2014;130783293;130786049;IRM;3;3;7809;;;9320;159;0
IMAGES;2014;130783293;130786049;MAMM;3;3;;;;;;
IMAGES;2014;130783293;130786049;RADIO;9;9;46934;;;29943;494;1
IMAGES;2014;130783293;130786049;SCAN;3;3;2772;;;17920;727;1
IMAGES;2014;130783293;130786049;TOMO;1;1;1006;;;2060;1;0
IMAGES;2014;130783293;130786049;VASC;4;4;5502;;;1092;47;1
IMAGES;2014;130783293;130786049;dtIRM2;1;1;2076;;;2839;;0
IMAGES;2014;130783327;130001415;IRM;1;1;13;;;1749;;1
IMAGES;2014;130783327;130001415;MAMM;1;;;;;;;
IMAGES;2014;130783327;130001415;RADIO;1;;;;;;;1
IMAGES;2014;130783327;130001415;SCAN;1;1;1326;;;12026;;1
IMAGES;2014;130783665;130043722;MAMM;1;1;;;;;;
IMAGES;2014;130783665;130043722;RADIO;5;5;750;;;;;1
IMAGES;2014;130783723;130001456;RADIO;2;2;4809;;;12691;1682;
IMAGES;2014;130784051;130037823;CAM;3;3;795;;9326;;0;0
IMAGES;2014;130784051;130037823;IRM;2;2;7274;;34038;;3;1
IMAGES;2014;130784051;130037823;MAMM;1;1;;;;;;
IMAGES;2014;130784051;130037823;RADIO;3;3;22560;;17017;;64;1
IMAGES;2014;130784051;130037823;SCAN;1;1;11068;;17787;;2;1
IMAGES;2014;130784051;130037823;TOMO;1;1;319;;3582;;0;0
IMAGES;2014;130784051;130037823;VASC;2;2;5507;;602;;3;1
IMAGES;2014;130784234;130786049;IRM;2;2;1537;;;8815;0;
IMAGES;2014;130784234;130786049;RADIO;5;5;12721;;;13034;0;
IMAGES;2014;130784234;130786049;SCAN;1;1;2804;;;6117;3;
IMAGES;2014;130784598;130001852;RADIO;1;1;1984;;;;;0
IMAGES;2014;130784713;130038847;MAMM;1;1;;;;5420;;
IMAGES;2014;130784713;130038847;RADIO;2;2;7683;;;11209;;
IMAGES;2014;130784713;130038847;SCAN;1;1;2335;;;14058;;
IMAGES;2014;130784713;130038847;VASC;2;2;1181;;;;;
IMAGES;2014;130785389;130002173;LITHO;1;1;505;;;;;0
IMAGES;2014;130785389;130002173;RADIO;2;2;2292;;904;8884;;
IMAGES;2014;130785389;130002173;SCAN;1;0;;;;;;
IMAGES;2014;130785652;130014228;IRM;2;2;3387;;;13504;;0
IMAGES;2014;130785652;130014228;LITHO;1;1;165;;;0;;1
IMAGES;2014;130785652;130014228;MAMM;1;1;;;;3912;;
IMAGES;2014;130785652;130014228;RADIO;5;5;28059;;;24009;;
IMAGES;2014;130785652;130014228;SCAN;2;2;13260;;;18368;;0
IMAGES;2014;130785652;130014228;VASC;2;2;1551;;;7;;1
IMAGES;2014;130785678;130002249;RADIO;2;2;1687;;;3293;;1
IMAGES;2014;130785678;130002249;SCAN;1;1;2768;;;9756;;0
IMAGES;2014;130785678;130002249;VASC;1;1;270;;;;;1
IMAGES;2014;130786361;130002447;IRM;1;;;;;;;0
IMAGES;2014;130786361;130002447;LITHO;1;;;;;;;0
IMAGES;2014;130786361;130002447;RADIO;1;;;;;;;0
IMAGES;2014;130786361;130002447;SCAN;1;;;;;;;0
IMAGES;2014;130786445;130002488;MAMM;2;2;;;;;;
IMAGES;2014;130786445;130002488;RADIO;1;1;63;;;;;0
IMAGES;2014;130786742;750821092;IRM;1;1;558;0;0;3604;37;0
IMAGES;2014;130786742;750821092;RADIO;4;4;7325;0;0;18814;533;0
IMAGES;2014;130786742;750821092;SCAN;1;1;3664;0;0;4471;84;1
IMAGES;2014;130786742;750821092;VASC;1;1;112;0;0;410;0;1
IMAGES;2014;130786924;130037815;RADIO;1;1;1;;;;;0
IMAGES;2014;130786932;130002660;RADIO;;;;;;;;1
IMAGES;2014;130789357;130002843;RADIO;1;1;2452;0;0;0;0;0
IMAGES;2014;130804297;130786049;RADIO;6;6;22089;;;18372;337;
IMAGES;2014;130809015;130001928;RADIO;1;1;2677;398;0;0;0;0
IMAGES;2014;130810740;130007362;IRM;1;1;42;;30;3115;;
IMAGES;2014;130810740;130007362;LITHO;1;1;195;;;;;
IMAGES;2014;130810740;130007362;MAMM;1;1;;;;2542;;
IMAGES;2014;130810740;130007362;RADIO;2;2;6190;;892;13432;8;
IMAGES;2014;130810740;130007362;SCAN;1;1;710;;442;10029;;
IMAGES;2014;130810740;130007362;VASC;2;2;573;;;;2;
IMAGES;2014;140000027;140000035;IRM;2;2;361;1;3;7692;9;0
IMAGES;2014;140000027;140000035;MAMM;1;1;;;;923;;
IMAGES;2014;140000027;140000035;RADIO;3;3;19451;154;32;15510;469;1
IMAGES;2014;140000027;140000035;SCAN;1;1;10867;106;14;13506;120;1
IMAGES;2014;140000027;140000035;VASC;1;1;20;1;;407;;1
IMAGES;2014;140000027;140000035;dtIRM1;1;1;2;;;1178;;0
IMAGES;2014;140000076;140000084;RADIO;2;2;1436;0;0;7361;25;0
IMAGES;2014;140000209;140000100;CAM;3;3;1336;62;152;5127;0;0
IMAGES;2014;140000209;140000100;IRM;2;2;5999;22;9;6217;64;0
IMAGES;2014;140000209;140000100;RADIO;8;8;48790;0;0;47092;822;1
IMAGES;2014;140000209;140000100;SCAN;2;2;32406;0;0;9216;776;1
IMAGES;2014;140000209;140000100;TOMO;1;1;148;8;37;1592;0;0
IMAGES;2014;140000209;140000100;VASC;3;3;2753;0;0;1569;16;1
IMAGES;2014;140000233;140000118;MAMM;1;1;;;;574;;
IMAGES;2014;140000233;140000118;RADIO;3;3;4894;0;0;15191;148;1
IMAGES;2014;140000233;140000118;SCAN;1;1;5079;0;0;10957;118;1
IMAGES;2014;140000373;140000159;RADIO;2;2;6367;264;;5409;166;0
IMAGES;2014;140000373;140000159;SCAN;0;0;;;;403;;0
IMAGES;2014;140000555;140000639;CAM;3;3;676;0;49;5408;0;0
IMAGES;2014;140000555;140000639;IRM;1;1;396;0;11;4630;0;0
IMAGES;2014;140000555;140000639;MAMM;1;1;;;;6672;;
IMAGES;2014;140000555;140000639;RADIO;1;1;3074;0;0;1508;1;1
IMAGES;2014;140000555;140000639;SCAN;1;1;1628;0;9;7435;1;1
IMAGES;2014;140000555;140000639;VASC;1;1;313;0;0;0;0;0
IMAGES;2014;140002452;140025800;RADIO;2;2;1500;0;0;;;0
IMAGES;2014;140016759;140003146;IRM;1;1;1;;;1591;;0
IMAGES;2014;140016759;140003146;MAMM;1;1;;;;2779;;
IMAGES;2014;140016759;140003146;RADIO;3;3;3969;;;33536;215;0
IMAGES;2014;140016759;140003146;SCAN;1;1;1199;;;14974;32;0
IMAGES;2014;140017237;140003278;IRM;2;2;394;;;12547;;0
IMAGES;2014;140017237;140003278;LITHO;1;1;69;;;;;0
IMAGES;2014;140017237;140003278;MAMM;1;;;;;;;
IMAGES;2014;140017237;140003278;RADIO;3;;;;;;;1
IMAGES;2014;140017237;140003278;SCAN;1;1;3517;;;19888;32;1
IMAGES;2014;140017237;140003278;VASC;2;2;7733;;;;;1
IMAGES;2014;140017237;140003278;dtIRM1;1;1;24;;;2324;;0
IMAGES;2014;140017237;140003278;dtIRM2;1;1;370;;;10223;;
IMAGES;2014;140024886;140000092;RADIO;2;2;7415;;;9471;211;0
IMAGES;2014;140024886;140000092;SCAN;1;0;;;;;;
IMAGES;2014;150000032;150780088;RADIO;4;4;4478;6;113;16202;121;1
IMAGES;2014;150000032;150780088;SCAN;1;1;1906;5;375;4748;23;1
IMAGES;2014;150000040;150780096;IRM;1;1;732;;2167;4861;28;0
IMAGES;2014;150000040;150780096;MAMM;1;1;;;;718;;
IMAGES;2014;150000040;150780096;RADIO;3;3;7867;;;19613;352;0
IMAGES;2014;150000040;150780096;SCAN;1;1;7088;;;13133;118;0
IMAGES;2014;150000040;150780096;VASC;2;2;799;;;2;;0
IMAGES;2014;150000164;150780468;RADIO;3;3;840;;;5636;55;0
IMAGES;2014;150000180;150780500;RADIO;1;1;672;120;0;271;0;0
IMAGES;2014;150780120;150000065;RADIO;1;1;113;;;;0;0
IMAGES;2014;150780732;150000271;CAM;1;;;;;;;
IMAGES;2014;150780732;150000271;MAMM;1;;;;;;;
IMAGES;2014;150780732;150000271;RADIO;4;;;;;;;
IMAGES;2014;150780732;150000271;SCAN;1;;;;;;;
IMAGES;2014;160000170;160000204;MAMM;1;;;;;;;
IMAGES;2014;160000170;160000204;RADIO;3;;;;;;;
IMAGES;2014;160000253;160000451;CAM;2;2;720;;122;6025;;0
IMAGES;2014;160000253;160000451;IRM;1;1;641;10;33;5015;1;0
IMAGES;2014;160000253;160000451;MAMM;1;1;;;;2096;;
IMAGES;2014;160000253;160000451;RADIO;9;9;37822;363;308;29181;573;1
IMAGES;2014;160000253;160000451;SCAN;2;2;9542;111;174;7115;94;1
IMAGES;2014;160000253;160000451;TOMO;1;1;195;;73;1494;;0
IMAGES;2014;160000253;160000451;VASC;1;1;15;0;0;37;0;0
IMAGES;2014;160000303;160006037;MAMM;1;1;;;;298;;
IMAGES;2014;160000303;160006037;RADIO;2;2;3380;;;6460;;0
IMAGES;2014;160000303;160006037;SCAN;1;1;1260;;;1532;;0
IMAGES;2014;160000311;160000485;RADIO;3;3;732;43;;15524;86;0
IMAGES;2014;160000337;160000493;RADIO;1;1;2003;;;8638;;0
IMAGES;2014;160000337;160000493;SCAN;1;1;867;;;2926;;0
IMAGES;2014;160015368;160014411;IRM;1;1;204;;;4268;107;0
IMAGES;2014;160015368;160014411;MAMM;1;1;;;;1474;;
IMAGES;2014;160015368;160014411;RADIO;2;2;11188;;;11695;2531;0
IMAGES;2014;160015368;160014411;SCAN;1;1;6161;;;6526;1880;0
IMAGES;2014;170000038;170780050;RADIO;3;3;3472;;;8782;96;1
IMAGES;2014;170000038;170780050;SCAN;1;1;1419;;;3972;22;1
IMAGES;2014;170000087;170023279;IRM;2;2;4051;;;9949;56;0
IMAGES;2014;170000087;170023279;MAMM;1;1;;;;1358;;
IMAGES;2014;170000087;170023279;RADIO;7;7;39744;;;45271;744;1
IMAGES;2014;170000087;170023279;SCAN;2;2;15774;;;13615;175;1
IMAGES;2014;170000087;170023279;VASC;2;2;845;;;32;2;1
IMAGES;2014;170000087;170023279;dtIRM2;1;1;2134;;;4045;;0
IMAGES;2014;170000095;170780167;MAMM;1;1;;;;600;;
IMAGES;2014;170000095;170780167;RADIO;4;4;5087;524;0;8581;168;1
IMAGES;2014;170000095;170780167;SCAN;1;1;1528;86;13;1129;16;0
IMAGES;2014;170000103;170780175;IRM;1;1;971;10;;1041;0;0
IMAGES;2014;170000103;170780175;MAMM;1;1;;;;225;;
IMAGES;2014;170000103;170780175;RADIO;5;5;18563;384;;15470;595;0
IMAGES;2014;170000103;170780175;SCAN;1;1;4207;62;;2963;46;0
IMAGES;2014;170000103;170780175;VASC;1;1;369;0;;0;2;1
IMAGES;2014;170000129;170780191;IRM;1;1;138;;;1185;12;0
IMAGES;2014;170000129;170780191;MAMM;1;1;;;;134;;
IMAGES;2014;170000129;170780191;RADIO;3;3;3111;2;;14046;216;1
IMAGES;2014;170000129;170780191;SCAN;1;1;1930;;;3952;53;1
IMAGES;2014;170000152;170780225;IRM;1;1;379;;;6605;22;0
IMAGES;2014;170000152;170780225;MAMM;1;1;;;;1801;;
IMAGES;2014;170000152;170780225;RADIO;3;3;11987;;;20674;433;0
IMAGES;2014;170000152;170780225;SCAN;1;1;3719;;;11417;104;0
IMAGES;2014;170000178;170780266;RADIO;1;1;482;;;24;;0
IMAGES;2014;170780563;170000251;LITHO;1;1;105;;;;;1
IMAGES;2014;170780563;170000251;MAMM;1;;;;;;;
IMAGES;2014;170780563;170000251;SCAN;1;0;;;;;;
IMAGES;2014;170780563;170000251;VASC;1;1;254;;;;;1
IMAGES;2014;170780621;170000285;RADIO;1;1;1992;;;4831;;
IMAGES;2014;170780647;170000301;MAMM;1;;;;;;;
IMAGES;2014;170780647;170000301;RADIO;4;;;;;;;
IMAGES;2014;170780647;170000301;SCAN;1;;;;;;;
IMAGES;2014;170780803;170017321;RADIO;1;1;110;124;0;0;0;0
IMAGES;2014;180000010;180000028;IRM;1;1;978;22;0;2732;48;0
IMAGES;2014;180000010;180000028;MAMM;1;1;;;;886;;
IMAGES;2014;180000010;180000028;RADIO;4;4;17524;177;0;25240;662;1
IMAGES;2014;180000010;180000028;SCAN;2;2;7919;130;0;6973;326;1
IMAGES;2014;180000010;180000028;VASC;2;2;910;0;166;2;;1
IMAGES;2014;180000200;180000051;MAMM;1;1;;;;;;
IMAGES;2014;180000200;180000051;RADIO;2;2;5410;293;;10866;217;0
IMAGES;2014;180000200;180000051;SCAN;1;1;1942;127;;5969;34;0
IMAGES;2014;180000283;180000069;RADIO;2;2;3853;125;464;6377;160;0
IMAGES;2014;180000283;180000069;SCAN;1;1;2572;31;373;6404;36;0
IMAGES;2014;190000018;190000042;IRM;1;1;1928;61;;6089;25;0
IMAGES;2014;190000018;190000042;MAMM;1;1;;;;1675;;
IMAGES;2014;190000018;190000042;RADIO;4;4;20968;854;;22847;488;0
IMAGES;2014;190000018;190000042;SCAN;1;1;5437;210;;5395;151;0
IMAGES;2014;190000018;190000042;VASC;1;1;1717;;;;19;1
IMAGES;2014;190000026;190000059;IRM;1;1;143;11;;2357;;0
IMAGES;2014;190000026;190000059;MAMM;1;1;;;;1381;;
IMAGES;2014;190000026;190000059;RADIO;5;5;6246;181;;18102;281;0
IMAGES;2014;190000026;190000059;SCAN;1;1;2469;138;;5418;42;0
IMAGES;2014;190000091;190000075;IRM;1;1;158;;27;1279;;
IMAGES;2014;190000091;190000075;RADIO;2;2;8403;;;16380;;
IMAGES;2014;190000091;190000075;SCAN;1;1;2184;;268;4243;;
IMAGES;2014;190000224;190000901;CAM;2;;;;;;;
IMAGES;2014;190000224;190000901;IRM;1;;;;;;;
IMAGES;2014;190000224;190000901;LITHO;1;;;;;;;
IMAGES;2014;190000224;190000901;RADIO;3;;;;;;;
IMAGES;2014;190000224;190000901;SCAN;1;;;;;;;
IMAGES;2014;190000224;190000901;TOMO;1;;;;;;;
IMAGES;2014;210780789;210003208;LITHO;1;1;18;;;;;
IMAGES;2014;210780789;210003208;RADIO;4;;;;;;;
IMAGES;2014;210780789;210003208;SCAN;1;;;;;;;
IMAGES;2014;210780979;210000295;RADIO;2;0;;;;;;1
IMAGES;2014;210780979;210000295;VASC;2;0;;;;;;1
IMAGES;2014;210987558;210780581;IRM;3;3;3758;;2049;9469;11;0
IMAGES;2014;210987558;210780581;RADIO;8;8;58991;;;32512;1000;0
IMAGES;2014;210987558;210780581;SCAN;2;2;21400;;;8118;430;1
IMAGES;2014;210987558;210780581;VASC;3;3;3789;;;803;2;1
IMAGES;2014;210987558;210780581;dtIRM2;1;1;1450;;;2603;;0
IMAGES;2014;210987657;210780714;MAMM;1;1;;;;889;;
IMAGES;2014;210987657;210780714;RADIO;4;4;7831;0;0;15095;328;1
IMAGES;2014;210987657;210780714;SCAN;1;1;4502;0;0;7907;33;1
IMAGES;2014;210987665;210010070;MAMM;1;1;;;;;;
IMAGES;2014;210987665;210010070;RADIO;3;3;3674;;;10148;;
IMAGES;2014;210987665;210010070;SCAN;1;1;1737;;;2254;;
IMAGES;2014;210987673;210010070;RADIO;5;;;;;;;
IMAGES;2014;210987681;210011482;MAMM;1;1;;;;;;
IMAGES;2014;210987681;210011482;RADIO;4;3;728;;;3295;;0
IMAGES;2014;210987699;210780706;IRM;1;1;72;;;1221;;
IMAGES;2014;210987699;210780706;MAMM;1;1;;;;852;;
IMAGES;2014;210987699;210780706;RADIO;3;3;4877;;;12907;556;
IMAGES;2014;210987699;210780706;SCAN;1;1;2227;;;4601;137;
IMAGES;2014;210987731;210780417;CAM;3;3;1331;0;0;9272;0;0
IMAGES;2014;210987731;210780417;IRM;1;1;256;0;0;1804;0;0
IMAGES;2014;210987731;210780417;MAMM;2;2;;;;;;
IMAGES;2014;210987731;210780417;RADIO;2;2;3942;0;0;977;0;0
IMAGES;2014;210987731;210780417;SCAN;1;1;2495;0;0;6793;0;1
IMAGES;2014;210987731;210780417;TOMO;1;1;173;0;180;3350;0;0
IMAGES;2014;220000012;220000020;CAM;2;2;818;;;5676;;0
IMAGES;2014;220000012;220000020;IRM;2;2;2928;5;;4842;37;0
IMAGES;2014;220000012;220000020;MAMM;1;1;;;;1059;;
IMAGES;2014;220000012;220000020;RADIO;6;6;41456;440;;30018;1211;1
IMAGES;2014;220000012;220000020;SCAN;2;2;11017;195;;9099;98;1
IMAGES;2014;220000012;220000020;TOMO;1;1;157;;;1002;;1
IMAGES;2014;220000012;220000020;VASC;2;2;2929;9;240;0;;1
IMAGES;2014;220000095;220000046;IRM;1;1;431;;;843;;0
IMAGES;2014;220000095;220000046;RADIO;2;2;11528;;;14631;304;1
IMAGES;2014;220000095;220000046;SCAN;1;1;4077;;4561;2396;53;0
IMAGES;2014;220000095;220000046;VASC;2;2;308;;;;;
IMAGES;2014;220000343;220000079;IRM;1;1;262;;;1220;;0
IMAGES;2014;220000343;220000079;MAMM;1;1;;;;1060;;
IMAGES;2014;220000343;220000079;RADIO;2;2;10046;;;17442;338;1
IMAGES;2014;220000343;220000079;SCAN;1;1;3363;;;2446;31;1
IMAGES;2014;220000368;220000103;IRM;1;1;777;38;8;3236;;0
IMAGES;2014;220000368;220000103;MAMM;1;1;;;;2737;;
IMAGES;2014;220000368;220000103;RADIO;4;4;9165;515;3;17445;244;0
IMAGES;2014;220000368;220000103;SCAN;1;1;3639;85;66;5247;43;1
IMAGES;2014;220000541;220000152;MAMM;1;1;;;;1355;;
IMAGES;2014;220000541;220000152;RADIO;5;5;4978;;;15186;;0
IMAGES;2014;220000541;220000152;SCAN;1;1;1929;;;3625;;0
IMAGES;2014;220001259;220005045;RADIO;3;3;1798;308;;2374;0;
IMAGES;2014;230000820;230780041;IRM;1;1;730;;;4878;1;0
IMAGES;2014;230000820;230780041;MAMM;1;1;;;;739;;
IMAGES;2014;230000820;230780041;RADIO;3;3;13842;;;15849;;0
IMAGES;2014;230000820;230780041;SCAN;1;1;3803;;;6495;26;0
IMAGES;2014;230000846;230780066;RADIO;3;3;832;;2102;;0;0
IMAGES;2014;230780082;750005068;RADIO;3;3;5467;;;3447;;0
IMAGES;2014;230782617;750000218;RADIO;1;1;205;;;;;0
IMAGES;2014;240000216;240000620;RADIO;2;;;;;;;
IMAGES;2014;240000372;240000059;IRM;0;0;237;4;;1919;0;0
IMAGES;2014;240000372;240000059;RADIO;2;2;10335;178;;18422;398;0
IMAGES;2014;240000372;240000059;SCAN;1;1;4320;45;11;4495;94;0
IMAGES;2014;240000372;240000059;dtIRM1;;;91;0;;1240;;
IMAGES;2014;240000489;240000117;IRM;2;1;1032;;3113;2739;;0
IMAGES;2014;240000489;240000117;MAMM;1;1;;;;474;;
IMAGES;2014;240000489;240000117;RADIO;2;2;29949;;;25645;;0
IMAGES;2014;240000489;240000117;SCAN;2;1;10706;;764;4712;;1
IMAGES;2014;240000489;240000117;VASC;2;2;2012;;;;;1
IMAGES;2014;240000687;240000448;IRM;1;1;331;0;16;4389;199;0
IMAGES;2014;240000687;240000448;RADIO;2;2;3671;0;0;5869;1841;0
IMAGES;2014;240000687;240000448;SCAN;1;1;2085;0;369;4415;554;0
IMAGES;2014;250000114;900000365;CAM;3;1;493;559;4;2030;404;0
IMAGES;2014;250000114;900000365;IRM;2;1;1624;94;6;6718;33;0
IMAGES;2014;250000114;900000365;MAMM;1;1;;;;560;;
IMAGES;2014;250000114;900000365;RADIO;4;4;16269;764;89;19978;412;0
IMAGES;2014;250000114;900000365;SCAN;2;1;9046;654;35;11848;134;1
IMAGES;2014;250000114;900000365;TOMO;1;1;197;140;5;1275;65;0
IMAGES;2014;250000270;250000643;CAM;2;2;178;;;10945;;
IMAGES;2014;250000270;250000643;SCAN;1;;2043;;;;;
IMAGES;2014;250000700;250000452;IRM;1;1;617;7;0;0;1;
IMAGES;2014;250000700;250000452;LITHO;0;;;;;;;1
IMAGES;2014;250000700;250000452;RADIO;3;3;9637;;0;13923;306;
IMAGES;2014;250000700;250000452;SCAN;1;1;4718;67;0;;40;
IMAGES;2014;250000718;250000460;RADIO;2;2;730;0;0;0;0;0
IMAGES;2014;250006954;250000015;CAM;3;3;1352;;82;5203;;0
IMAGES;2014;250006954;250000015;IRM;2;2;6747;;152;18512;412;0
IMAGES;2014;250006954;250000015;LITHO;1;1;71;;;0;;1
IMAGES;2014;250006954;250000015;MAMM;1;1;;;;1206;;
IMAGES;2014;250006954;250000015;RADIO;9;9;52209;;368;55920;1437;1
IMAGES;2014;250006954;250000015;SCAN;3;3;25590;;348;36712;860;1
IMAGES;2014;250006954;250000015;TOMO;1;1;345;;88;2268;;0
IMAGES;2014;250006954;250000015;VASC;6;6;3722;;16;756;33;1
IMAGES;2014;250006954;250000015;dtIRM2;1;1;3704;;80;10548;;0
IMAGES;2014;250011723;250017126;MAMM;1;;;;;;;
IMAGES;2014;250011723;250017126;RADIO;2;2;990;;6968;3844;;0
IMAGES;2014;250011723;250017126;SCAN;1;1;56;;4118;65;;0
IMAGES;2014;250011723;250017126;VASC;2;;;;;;;0
IMAGES;2014;260000013;260000021;CAM;4;4;548;0;531;8274;;0
IMAGES;2014;260000013;260000021;IRM;2;2;2061;;16;13049;10;0
IMAGES;2014;260000013;260000021;MAMM;1;1;;;;1687;;
IMAGES;2014;260000013;260000021;RADIO;5;5;15398;;31;32651;1018;1
IMAGES;2014;260000013;260000021;SCAN;2;2;5162;;34;22003;150;1
IMAGES;2014;260000013;260000021;TOMO;1;1;490;0;424;6074;0;0
IMAGES;2014;260000013;260000021;VASC;2;2;3030;;1;217;1;1
IMAGES;2014;260000120;260016910;IRM;2;2;793;67;26;4408;0;0
IMAGES;2014;260000120;260016910;RADIO;3;3;12878;;;18374;364;
IMAGES;2014;260000120;260016910;SCAN;1;1;3596;;;5382;55;1
IMAGES;2014;260000120;260016910;VASC;1;1;140;;;351;0;1
IMAGES;2014;260000138;260000047;IRM;2;2;300;;;4178;;0
IMAGES;2014;260000138;260000047;MAMM;1;1;;;;1822;;
IMAGES;2014;260000138;260000047;RADIO;3;3;9907;;;20798;414;1
IMAGES;2014;260000138;260000047;SCAN;1;1;8035;;;11619;170;1
IMAGES;2014;260000138;260000047;dtIRM1;1;1;9;;;371;;0
IMAGES;2014;260000146;260000054;MAMM;1;1;;;;816;;
IMAGES;2014;260000146;260000054;RADIO;1;1;1285;;;8203;;0
IMAGES;2014;260000195;260006770;RADIO;1;1;1432;;;;;
IMAGES;2014;260000203;260016910;RADIO;1;1;2916;;;5824;73;
IMAGES;2014;260000237;260000088;RADIO;1;1;52;;;338;;
IMAGES;2014;260000260;260000377;SCAN;1;;;;;;;
IMAGES;2014;260000278;260000096;RADIO;1;1;167;;;254;0;0
IMAGES;2014;260000286;260000104;MAMM;1;1;;;;552;;
IMAGES;2014;260000286;260000104;RADIO;2;2;1675;;;6718;31;0
IMAGES;2014;260000302;260000161;RADIO;2;2;358;0;0;0;0;1
IMAGES;2014;260003017;260000781;RADIO;3;;;;;;;
IMAGES;2014;260003017;260000781;SCAN;1;;;;;;;
IMAGES;2014;260006267;070000245;MAMM;1;;;;;;;
IMAGES;2014;260006267;070000245;RADIO;3;;;;;;;
IMAGES;2014;260006267;070000245;SCAN;1;;;;;;;
IMAGES;2014;260015276;260006770;RADIO;1;1;1;;;;;
IMAGES;2014;270000045;270000060;MAMM;1;1;;;;560;;
IMAGES;2014;270000045;270000060;RADIO;3;3;5072;;;14892;237;
IMAGES;2014;270000045;270000060;SCAN;1;1;2011;;;5252;;
IMAGES;2014;270000326;270000680;IRM;1;1;47;;;5839;0;0
IMAGES;2014;270000326;270000680;LITHO;1;1;162;;;;;
IMAGES;2014;270000326;270000680;MAMM;1;1;;;;9552;;
IMAGES;2014;270000326;270000680;RADIO;3;3;1549;;;28138;91;1
IMAGES;2014;270000326;270000680;SCAN;1;1;646;;;7335;15;1
IMAGES;2014;270000359;270023724;CAM;1;0;;;;;;0
IMAGES;2014;270000359;270023724;IRM;1;1;382;;;2609;17;0
IMAGES;2014;270000359;270023724;MAMM;1;1;;;;2156;;
IMAGES;2014;270000359;270023724;RADIO;4;4;17992;;;31526;489;0
IMAGES;2014;270000359;270023724;SCAN;2;2;5208;;;4842;84;1
IMAGES;2014;270000367;270000086;MAMM;1;1;;;;503;;
IMAGES;2014;270000367;270000086;RADIO;2;2;3240;168;;10967;189;
IMAGES;2014;270000367;270000086;SCAN;1;1;1433;30;;4539;5;
IMAGES;2014;270000391;760024042;RADIO;1;1;2406;;;6329;113;
IMAGES;2014;270000425;270000102;RADIO;2;2;814;;;14653;;
IMAGES;2014;270000425;270000102;SCAN;1;1;720;;;5080;;
IMAGES;2014;270000441;270000110;MAMM;1;1;;;;568;;
IMAGES;2014;270000441;270000110;RADIO;3;3;1615;0;;9529;114;0
IMAGES;2014;270000458;270023724;IRM;1;1;107;;;2679;0;0
IMAGES;2014;270000458;270023724;RADIO;3;3;9263;;;18663;293;0
IMAGES;2014;270000458;270023724;SCAN;1;1;2568;;;2968;30;0
IMAGES;2014;270000862;270000953;CAM;1;;;;;;;
IMAGES;2014;270000862;270000953;RADIO;1;;;;;;;
IMAGES;2014;270000862;270000953;SCAN;1;1;191;;;3438;;
IMAGES;2014;270000862;270000953;VASC;1;;;;;;;
IMAGES;2014;270000912;750814030;RADIO;2;2;5024;;;;;0
IMAGES;2014;280000084;280000183;IRM;1;1;1288;1;;4529;5;0
IMAGES;2014;280000084;280000183;MAMM;1;1;;;;1254;;
IMAGES;2014;280000084;280000183;RADIO;5;5;10219;32;;33741;;0
IMAGES;2014;280000084;280000183;SCAN;2;2;5718;21;;8524;127;0
IMAGES;2014;280000159;280000068;LITHO;1;;;;;;;
IMAGES;2014;280000159;280000068;MAMM;1;;;;;;;
IMAGES;2014;280000159;280000068;RADIO;2;;;;;;;
IMAGES;2014;280000159;280000068;SCAN;1;;;;;;;
IMAGES;2014;280000449;750055634;RADIO;1;;;;;;;
IMAGES;2014;280000662;280500075;MAMM;1;1;;;;795;;
IMAGES;2014;280000662;280500075;RADIO;2;2;4559;8;9;12869;152;0
IMAGES;2014;280000662;280500075;SCAN;1;1;3552;2;8;5373;24;0
IMAGES;2014;280007121;720002294;CAM;2;2;0;;5036;;0;
IMAGES;2014;280502998;280000589;MAMM;1;1;;;;649;;
IMAGES;2014;280502998;280000589;RADIO;2;2;2336;;;9212;75;0
IMAGES;2014;280502998;280000589;SCAN;1;1;1881;;;4441;8;0
IMAGES;2014;280504267;280000134;IRM;1;1;803;19;;1404;3;0
IMAGES;2014;280504267;280000134;MAMM;1;1;;;;934;;
IMAGES;2014;280504267;280000134;RADIO;7;7;14660;329;;33334;647;0
IMAGES;2014;280504267;280000134;SCAN;2;2;3534;73;;11835;94;1
IMAGES;2014;280504267;280000134;TOMO;1;0;;;;;;
IMAGES;2014;280504267;280000134;VASC;1;1;1745;0;20;0;0;1
IMAGES;2014;290000025;290020700;IRM;1;1;719;97;2;4602;18;0
IMAGES;2014;290000025;290020700;MAMM;1;1;;;;1532;;
IMAGES;2014;290000025;290020700;RADIO;6;6;13381;657;1;34263;690;1
IMAGES;2014;290000025;290020700;SCAN;2;2;5011;538;8;10155;217;1
IMAGES;2014;290000025;290020700;VASC;1;1;1301;;;120;;1
IMAGES;2014;290000033;290021542;IRM;1;1;518;1;;2000;;
IMAGES;2014;290000033;290021542;MAMM;1;1;;;;315;;
IMAGES;2014;290000033;290021542;RADIO;4;4;13607;364;;21170;434;1
IMAGES;2014;290000033;290021542;SCAN;1;1;5994;155;;5301;83;0
IMAGES;2014;290000058;290000017;CAM;2;2;785;;;8785;0;0
IMAGES;2014;290000058;290000017;IRM;1;1;1502;;;5345;12;0
IMAGES;2014;290000058;290000017;MAMM;1;1;;;;2192;;
IMAGES;2014;290000058;290000017;RADIO;3;3;7127;;;17532;277;0
IMAGES;2014;290000058;290000017;SCAN;1;1;3793;;;9239;21;0
IMAGES;2014;290000058;290000017;TOMO;2;2;521;;;5281;0;0
IMAGES;2014;290000066;290020700;MAMM;1;1;;;;221;;
IMAGES;2014;290000066;290020700;RADIO;2;2;1097;18;0;7474;0;0
IMAGES;2014;290000140;290000447;RADIO;3;0;0;;;0;0;
IMAGES;2014;290000140;290000447;SCAN;1;0;0;;;;;
IMAGES;2014;290000173;290000041;RADIO;4;4;5237;;;11098;185;
IMAGES;2014;290000173;290000041;SCAN;1;1;1468;;;4200;25;
IMAGES;2014;290000181;290000074;MAMM;1;1;;;;;;
IMAGES;2014;290000181;290000074;RADIO;2;2;4266;152;0;7593;147;0
IMAGES;2014;290000181;290000074;SCAN;1;1;1731;4;0;1846;18;0
IMAGES;2014;290000207;290000520;CAM;2;;;;;;;
IMAGES;2014;290000207;290000520;LITHO;1;1;89;;;;;1
IMAGES;2014;290000207;290000520;MAMM;1;;;;;;;
IMAGES;2014;290000207;290000520;RADIO;4;;;;;;;
IMAGES;2014;290000215;290029974;IRM;1;;;;;;;
IMAGES;2014;290000215;290029974;MAMM;1;;;;;;;
IMAGES;2014;290000215;290029974;RADIO;2;;;;;;;
IMAGES;2014;290000215;290029974;dtIRM2;1;;;;;;;
IMAGES;2014;290000256;290000017;MAMM;1;1;;;;313;;
IMAGES;2014;290000256;290000017;RADIO;3;3;7375;;;10905;236;0
IMAGES;2014;290000256;290000017;SCAN;1;1;5900;;;8460;48;0
IMAGES;2014;290000728;750821092;IRM;1;1;179;;;4297;;0
IMAGES;2014;290000728;750821092;RADIO;3;3;9036;;;14405;;0
IMAGES;2014;290000728;750821092;SCAN;1;1;3706;;;4466;;1
IMAGES;2014;290000785;220020739;RADIO;3;3;2078;0;;16222;110;
IMAGES;2014;290000785;220020739;SCAN;1;1;1294;0;1968;3208;16;
IMAGES;2014;290000918;290000298;RADIO;1;1;196;;;;;1
IMAGES;2014;290000934;290000306;MAMM;1;1;;;;244;;
IMAGES;2014;290000934;290000306;RADIO;2;2;1445;296;328;16039;;0
IMAGES;2014;290000934;290000306;SCAN;1;1;1637;98;77;4231;;0
IMAGES;2014;290000975;290000546;RADIO;4;4;3187;;;;;0
IMAGES;2014;290004324;290000017;CAM;2;2;1758;;;6427;;0
IMAGES;2014;290004324;290000017;IRM;2;2;5406;;;5452;40;0
IMAGES;2014;290004324;290000017;RADIO;10;10;49706;;;27729;932;1
IMAGES;2014;290004324;290000017;SCAN;2;2;13988;;;6556;1028;0
IMAGES;2014;290004324;290000017;VASC;4;4;2930;;;;;1
IMAGES;2014;290004324;290000017;dtIRM2;1;1;867;;;2411;;0
IMAGES;2014;290019777;290022508;IRM;1;;;;;;;0
IMAGES;2014;290019777;290022508;SCAN;1;;;;;;;0
IMAGES;2014;290019777;290022508;VASC;1;1;1435;;;;;1
IMAGES;2014;290023431;290001049;MAMM;1;0;;;;;;
IMAGES;2014;290023431;290001049;RADIO;2;0;;;;;;
IMAGES;2014;290023431;290001049;SCAN;1;0;;;;;;
IMAGES;2014;2A0000022;2A0000014;IRM;1;1;740;;;989;;0
IMAGES;2014;2A0000022;2A0000014;LITHO;1;1;148;;;;;1
IMAGES;2014;2A0000022;2A0000014;RADIO;2;2;16835;;;17427;445;0
IMAGES;2014;2A0000022;2A0000014;SCAN;2;2;6456;;;4778;;0
IMAGES;2014;2A0000022;2A0000014;VASC;1;1;1780;;;18;;1
IMAGES;2014;2A0000139;2A0000063;LITHO;1;;;;;;;
IMAGES;2014;2A0000154;2A0000204;IRM;1;1;;;;;;
IMAGES;2014;2A0000154;2A0000204;RADIO;2;2;;;;;;
IMAGES;2014;2A0000154;2A0000204;SCAN;1;1;;;;;;
IMAGES;2014;2A0000212;2A0000170;RADIO;1;1;1052;;;3959;;
IMAGES;2014;2A0002614;2A0002606;RADIO;1;1;118;;;2601;6;
IMAGES;2014;2B0000012;2B0000020;IRM;1;1;;;;1976;;0
IMAGES;2014;2B0000012;2B0000020;RADIO;2;2;;;;16030;;1
IMAGES;2014;2B0000012;2B0000020;SCAN;1;1;;;;2123;;1
IMAGES;2014;2B0000012;2B0000020;VASC;1;1;;;;;;1
IMAGES;2014;2B0000038;2B0004246;MAMM;1;;;;;;;
IMAGES;2014;2B0000038;2B0004246;RADIO;1;;;;;;;
IMAGES;2014;2B0000392;2B0000129;LITHO;1;1;223;;;;;1
IMAGES;2014;2B0000392;2B0000129;RADIO;3;;;;;;;
IMAGES;2014;2B0005359;2B0005342;RADIO;1;;;;;;;0
IMAGES;2014;300000023;300780046;IRM;1;1;550;44;0;7425;8;0
IMAGES;2014;300000023;300780046;MAMM;1;1;;;;1181;;
IMAGES;2014;300000023;300780046;RADIO;3;3;8708;600;0;25754;531;0
IMAGES;2014;300000023;300780046;SCAN;1;1;5022;204;0;15066;264;0
IMAGES;2014;300000031;300780053;IRM;1;1;94;;;2272;0;0
IMAGES;2014;300000031;300780053;MAMM;1;1;;;;;;
IMAGES;2014;300000031;300780053;RADIO;4;4;9247;;;19225;266;1
IMAGES;2014;300000031;300780053;SCAN;1;1;3036;;;2850;34;1
IMAGES;2014;300000478;300781010;RADIO;2;2;387;;;451;0;0
IMAGES;2014;300780137;920028396;IRM;1;1;74;;;;;0
IMAGES;2014;300780137;920028396;RADIO;3;3;2121;;;;;1
IMAGES;2014;300780137;920028396;SCAN;1;1;843;;;;;1
IMAGES;2014;300780137;920028396;VASC;1;1;306;;;;;1
IMAGES;2014;300780152;300000114;IRM;1;1;646;;;;;1
IMAGES;2014;300780152;300000114;SCAN;1;1;2294;;;;;1
IMAGES;2014;300780152;300000114;VASC;3;3;3459;;;;;1
IMAGES;2014;300782117;300780038;CAM;2;2;984;;;5709;;0
IMAGES;2014;300782117;300780038;IRM;2;2;3235;281;;11644;205;0
IMAGES;2014;300782117;300780038;MAMM;1;1;;;;756;;
IMAGES;2014;300782117;300780038;RADIO;6;6;24565;;;41477;943;0
IMAGES;2014;300782117;300780038;SCAN;2;2;16432;1073;;32952;933;1
IMAGES;2014;300782117;300780038;TOMO;1;1;271;;;2383;;0
IMAGES;2014;300782117;300780038;VASC;1;1;2734;;;2351;29;1
IMAGES;2014;300782117;300780038;dtIRM2;1;1;455;42;;6651;;0
IMAGES;2014;310000310;310780671;RADIO;2;2;4092;;;15495;;0
IMAGES;2014;310000310;310780671;SCAN;1;1;3478;;;4258;;0
IMAGES;2014;310000310;310780671;VASC;1;1;999;;;1191;;0
IMAGES;2014;310000336;310780713;RADIO;1;1;18287;;;;;0
IMAGES;2014;310016977;310781406;IRM;1;1;446;;;1794;1;0
IMAGES;2014;310016977;310781406;MAMM;1;1;;;;;;
IMAGES;2014;310016977;310781406;RADIO;8;8;11663;;2;23518;396;0
IMAGES;2014;310016977;310781406;SCAN;1;1;2595;;11;3540;84;1
IMAGES;2014;310016977;310781406;VASC;1;1;278;;;2550;;1
IMAGES;2014;310019351;310781406;RADIO;2;2;10947;;;3481;8;0
IMAGES;2014;310019351;310781406;SCAN;1;1;2781;;9;3081;5;1
IMAGES;2014;310780101;310000039;IRM;1;;;;;;;
IMAGES;2014;310780101;310000039;LITHO;1;;;;;;;
IMAGES;2014;310780101;310000039;MAMM;1;;;;;;;
IMAGES;2014;310780101;310000039;RADIO;4;;;;;;;
IMAGES;2014;310780101;310000039;SCAN;2;;;;;;;
IMAGES;2014;310780101;310000039;VASC;1;;;;;;;
IMAGES;2014;310780135;310000054;IRM;1;;;;;;;
IMAGES;2014;310780135;310000054;MAMM;2;;;;;;;
IMAGES;2014;310780135;310000054;RADIO;7;;;;;;;
IMAGES;2014;310780135;310000054;SCAN;1;;;;;;;
IMAGES;2014;310780135;310000054;VASC;1;1;2550;;;;;
IMAGES;2014;310780150;310788799;IRM;2;;;;;;;
IMAGES;2014;310780150;310788799;SCAN;1;;;;;;;
IMAGES;2014;310780234;310000591;RADIO;1;1;801;0;0;0;0;0
IMAGES;2014;310780259;310000096;CAM;3;;;;;;;
IMAGES;2014;310780259;310000096;IRM;1;;;;;;;
IMAGES;2014;310780259;310000096;LITHO;1;1;168;;;;;1
IMAGES;2014;310780259;310000096;MAMM;1;;;;;;;
IMAGES;2014;310780259;310000096;RADIO;4;;;;;;;
IMAGES;2014;310780259;310000096;SCAN;2;;;;;;;
IMAGES;2014;310780259;310000096;TOMO;1;;;;;;;
IMAGES;2014;310780259;310000096;VASC;5;5;12660;;;;;1
IMAGES;2014;310780283;310000112;IRM;1;;;;;;;
IMAGES;2014;310780283;310000112;LITHO;1;;;;;;;
IMAGES;2014;310780283;310000112;MAMM;1;;;;;;;
IMAGES;2014;310780283;310000112;RADIO;9;;;;;;;
IMAGES;2014;310780283;310000112;SCAN;2;;;;;;;
IMAGES;2014;310780283;310000112;VASC;1;;;;;;;
IMAGES;2014;310780309;310000120;IRM;2;;;;;;;0
IMAGES;2014;310780309;310000120;MAMM;1;;;;;;;
IMAGES;2014;310780309;310000120;RADIO;4;;;;;;;1
IMAGES;2014;310780309;310000120;SCAN;2;;;;;;;1
IMAGES;2014;310780309;310000120;VASC;1;;;;;;;1
IMAGES;2014;310780309;310000120;dtIRM1;1;;;;;;;0
IMAGES;2014;310780374;310000161;RADIO;1;1;445;;;;;0
IMAGES;2014;310780382;310000179;IRM;1;;;;;;;
IMAGES;2014;310780382;310000179;LITHO;1;1;27;;;696;;
IMAGES;2014;310780382;310000179;MAMM;1;;;;;;;
IMAGES;2014;310780382;310000179;RADIO;5;;;;;;;
IMAGES;2014;310780382;310000179;SCAN;1;;;;;;;
IMAGES;2014;310781000;310788880;IRM;1;1;1292;;;9211;49;0
IMAGES;2014;310781000;310788880;LITHO;1;1;362;;;0;0;1
IMAGES;2014;310781000;310788880;MAMM;1;1;;;;740;;
IMAGES;2014;310781000;310788880;RADIO;6;6;21348;;;13364;198;1
IMAGES;2014;310781000;310788880;SCAN;2;2;7266;;;23010;42;1
IMAGES;2014;310781000;310788880;VASC;2;2;2129;;;0;2;1
IMAGES;2014;310781067;310788898;MAMM;1;1;;;;1803;;
IMAGES;2014;310781067;310788898;RADIO;8;7;6300;;;31648;;
IMAGES;2014;310781422;310781562;RADIO;1;1;177;;;188;;0
IMAGES;2014;310781505;310000492;IRM;1;;;;;;;
IMAGES;2014;310781505;310000492;LITHO;1;;;;;;;
IMAGES;2014;310781505;310000492;MAMM;1;;;;;;;
IMAGES;2014;310781505;310000492;RADIO;3;;;;;;;
IMAGES;2014;310781505;310000492;SCAN;2;;;;;;;
IMAGES;2014;310781695;750043994;RADIO;1;;;;;;;0
IMAGES;2014;310781984;310014378;RADIO;1;1;1742;;;;;0
IMAGES;2014;310782347;310789136;CAM;2;2;824;;776;1804;;0
IMAGES;2014;310782347;310789136;IRM;1;1;249;;85;3634;0;0
IMAGES;2014;310782347;310789136;MAMM;1;1;;;;2938;;
IMAGES;2014;310782347;310789136;RADIO;2;2;2031;;1441;1699;5;1
IMAGES;2014;310782347;310789136;SCAN;1;1;1125;;597;7281;4;1
IMAGES;2014;310782347;310789136;TOMO;1;1;29;;43;2782;;0
IMAGES;2014;310783048;310781406;CAM;2;2;1317;;100;2298;21;0
IMAGES;2014;310783048;310781406;IRM;3;3;6623;;15;7500;273;0
IMAGES;2014;310783048;310781406;RADIO;11;11;46181;;30;22638;964;1
IMAGES;2014;310783048;310781406;SCAN;2;2;29778;;57;3381;880;1
IMAGES;2014;310783048;310781406;TOMO;1;1;1208;;173;2238;27;0
IMAGES;2014;310783048;310781406;VASC;2;2;2251;;14;241;9;1
IMAGES;2014;310783048;310781406;dtIRM2;2;2;5653;;15;4999;;0
IMAGES;2014;310783055;310781406;CAM;2;2;2577;;65;2499;7;0
IMAGES;2014;310783055;310781406;IRM;2;2;3399;;22;4345;49;0
IMAGES;2014;310783055;310781406;LITHO;1;1;6;;;;;
IMAGES;2014;310783055;310781406;MAMM;1;1;;;;115;;
IMAGES;2014;310783055;310781406;RADIO;8;8;31094;;7;4778;621;1
IMAGES;2014;310783055;310781406;SCAN;2;2;19627;;60;4917;491;1
IMAGES;2014;310783055;310781406;VASC;8;8;16467;;86;309;9;1
IMAGES;2014;310784558;310180013;RADIO;1;1;1079;0;0;1120;0;0
IMAGES;2014;310786389;310001433;RADIO;2;;;;;;;0
IMAGES;2014;310787304;310781406;RADIO;1;1;1052;;;22;;
IMAGES;2014;310790472;310790464;RADIO;1;;;;;;;
IMAGES;2014;320000086;320780117;IRM;1;1;723;;;3075;0;0
IMAGES;2014;320000086;320780117;RADIO;3;3;14047;;;13832;135;0
IMAGES;2014;320000086;320780117;SCAN;1;1;5323;;;4320;153;0
IMAGES;2014;320000102;320780133;RADIO;1;1;569;0;0;3514;47;0
IMAGES;2014;320780067;320000052;LITHO;1;1;179;;;;;0
IMAGES;2014;320780067;320000052;RADIO;2;2;;;;;;
IMAGES;2014;320784333;320000565;RADIO;1;1;791;;;;0;
IMAGES;2014;330000332;330780545;RADIO;1;1;2609;;4;3405;;0
IMAGES;2014;330000332;330780545;VASC;1;1;14;;8;;;1
IMAGES;2014;330000340;330780552;IRM;1;1;232;;;8023;;0
IMAGES;2014;330000340;330780552;MAMM;1;1;;;;607;;
IMAGES;2014;330000340;330780552;RADIO;3;3;2430;;;4492;;0
IMAGES;2014;330000340;330780552;SCAN;1;1;2498;;;12067;;0
IMAGES;2014;330000555;330781204;IRM;1;1;621;;;1045;0;
IMAGES;2014;330000555;330781204;RADIO;2;2;6143;;66;15794;355;1
IMAGES;2014;330000555;330781204;SCAN;1;1;5186;;179;10846;141;1
IMAGES;2014;330000571;330781220;MAMM;1;1;;;;420;;
IMAGES;2014;330000571;330781220;RADIO;1;1;4456;166;0;10728;193;1
IMAGES;2014;330000571;330781220;SCAN;1;1;2877;75;0;4817;36;1
IMAGES;2014;330000589;330027509;IRM;1;1;139;21;;6108;0;0
IMAGES;2014;330000589;330027509;MAMM;1;1;;;;399;;
IMAGES;2014;330000589;330027509;RADIO;3;3;2472;55;;14837;;
IMAGES;2014;330000589;330027509;SCAN;1;1;1390;319;;12118;;0
IMAGES;2014;330000597;330027509;RADIO;2;2;1446;;;3606;;
IMAGES;2014;330000605;330781253;IRM;1;1;720;;;4797;18;0
IMAGES;2014;330000605;330781253;MAMM;1;1;;;;1302;;
IMAGES;2014;330000605;330781253;RADIO;5;5;28878;;;20380;1162;1
IMAGES;2014;330000605;330781253;SCAN;2;2;9992;;;7233;95;1
IMAGES;2014;330000605;330781253;VASC;1;1;2038;;;9;9;1
IMAGES;2014;330000613;330781261;MAMM;1;1;;;;128;;
IMAGES;2014;330000613;330781261;RADIO;2;2;2451;;;12152;85;
IMAGES;2014;330000662;330781329;CAM;1;1;812;;;1180;0;0
IMAGES;2014;330000662;330781329;MAMM;3;3;;;;14177;;
IMAGES;2014;330000662;330781329;SCAN;1;1;1460;0;0;5890;0;1
IMAGES;2014;330000662;330781329;TOMO;1;1;28;;;3907;0;0
IMAGES;2014;330000662;330781329;VASC;1;1;2295;;;1085;;0
IMAGES;2014;330780263;330000134;IRM;2;0;;;;;;
IMAGES;2014;330780263;330000134;MAMM;1;0;;;;;;
IMAGES;2014;330780263;330000134;RADIO;3;0;;;;;;
IMAGES;2014;330780263;330000134;SCAN;1;0;;;;;;
IMAGES;2014;330780263;330000134;dtIRM1;1;0;;;;;;
IMAGES;2014;330780354;330000225;VASC;2;2;2007;;255;9;;1
IMAGES;2014;330780479;330000274;CAM;3;3;1281;;;5121;;0
IMAGES;2014;330780479;330000274;IRM;2;2;369;;;11159;;0
IMAGES;2014;330780479;330000274;SCAN;2;1;7093;;;15032;;1
IMAGES;2014;330780479;330000274;dtIRM1;1;1;9;;;4329;;0
IMAGES;2014;330780495;330796392;IRM;1;;;;;;;
IMAGES;2014;330780495;330796392;SCAN;1;;;;;;;
IMAGES;2014;330780529;330796392;IRM;1;;;;;;;
IMAGES;2014;330780529;330796392;SCAN;1;;;;;;;
IMAGES;2014;330780529;330796392;dtIRM2;1;;;;;;;
IMAGES;2014;330780537;330000324;IRM;1;0;;;;;;
IMAGES;2014;330780537;330000324;MAMM;1;0;;;;;;
IMAGES;2014;330780537;330000324;RADIO;2;0;;;;;;
IMAGES;2014;330780537;330000324;SCAN;1;0;;;;;;
IMAGES;2014;330780560;330781386;RADIO;1;1;1414;;;;;0
IMAGES;2014;330781139;330056540;RADIO;1;1;3087;;;;;
IMAGES;2014;330781303;750821092;IRM;1;1;301;;100;4947;22;0
IMAGES;2014;330781303;750821092;RADIO;6;6;9430;;40;17249;378;0
IMAGES;2014;330781303;750821092;SCAN;1;1;4235;;108;4829;73;0
IMAGES;2014;330781352;330781196;IRM;1;1;764;23;;4313;4;0
IMAGES;2014;330781352;330781196;RADIO;4;3;9540;13;;6583;143;1
IMAGES;2014;330781352;330781196;SCAN;1;1;8696;49;;6199;112;1
IMAGES;2014;330781352;330781196;VASC;1;1;926;9;;18;;1
IMAGES;2014;330781360;330781196;CAM;2;2;1943;532;;3573;;0
IMAGES;2014;330781360;330781196;IRM;3;3;8319;123;;8505;174;0
IMAGES;2014;330781360;330781196;MAMM;1;1;;;;962;;
IMAGES;2014;330781360;330781196;RADIO;16;16;41511;300;;44822;1104;1
IMAGES;2014;330781360;330781196;SCAN;2;2;53625;546;;9073;1764;1
IMAGES;2014;330781360;330781196;VASC;3;3;2234;30;;807;7;1
IMAGES;2014;330781360;330781196;dtIRM2;1;1;2131;23;;2756;;0
IMAGES;2014;330782582;330000928;IRM;2;;;;;;;
IMAGES;2014;330782582;330000928;LITHO;1;1;108;;;;;1
IMAGES;2014;330782582;330000928;MAMM;1;;;;;;;
IMAGES;2014;330782582;330000928;RADIO;1;;;;;;;
IMAGES;2014;330782582;330000928;SCAN;1;;;;;;;
IMAGES;2014;330782582;330000928;dtIRM1;1;;;;;;;
IMAGES;2014;330782582;330000928;dtIRM2;1;;;;;;;
IMAGES;2014;330783648;330781196;CAM;4;4;2440;472;;6273;;0
IMAGES;2014;330783648;330781196;IRM;2;2;2502;260;;3699;;0
IMAGES;2014;330783648;330781196;RADIO;9;8;24685;3293;;5594;16;0
IMAGES;2014;330783648;330781196;SCAN;3;3;11458;1544;;12205;10;1
IMAGES;2014;330783648;330781196;TOMO;2;2;476;306;;5387;;0
IMAGES;2014;330783648;330781196;VASC;1;1;1178;10;;108;;1
IMAGES;2014;330802778;310020383;RADIO;1;1;1500;;;;;0
IMAGES;2014;330804501;330781212;RADIO;1;1;744;;;3158;;0
IMAGES;2014;340000025;340780048;RADIO;2;;;;;;;
IMAGES;2014;340000033;340780055;IRM;1;1;1203;;;4813;6;
IMAGES;2014;340000033;340780055;MAMM;1;1;;;;1855;;
IMAGES;2014;340000033;340780055;RADIO;7;7;20587;;;28489;774;0
IMAGES;2014;340000033;340780055;SCAN;2;2;8716;;;8839;161;1
IMAGES;2014;340000033;340780055;VASC;1;1;691;;;96;0;1
IMAGES;2014;340000207;340780493;CAM;2;2;1267;;;4120;;0
IMAGES;2014;340000207;340780493;IRM;1;1;715;;;3307;;0
IMAGES;2014;340000207;340780493;MAMM;2;2;;;;4022;;
IMAGES;2014;340000207;340780493;RADIO;1;1;8317;;;6690;;0
IMAGES;2014;340000207;340780493;SCAN;1;1;2449;;;5823;;0
IMAGES;2014;340000207;340780493;TOMO;1;1;22;;;1650;;0
IMAGES;2014;340000215;340780519;RADIO;1;;;;;;;
IMAGES;2014;340000215;340780519;SCAN;1;;;;;;;
IMAGES;2014;340000223;340011295;IRM;1;1;277;;;3694;;0
IMAGES;2014;340000223;340011295;MAMM;1;1;;;;790;;
IMAGES;2014;340000223;340011295;RADIO;3;3;5350;80;;22352;524;0
IMAGES;2014;340000223;340011295;SCAN;1;1;3506;;;7492;45;1
IMAGES;2014;340000223;340011295;VASC;1;1;9;;;;;1
IMAGES;2014;340000439;340780881;RADIO;1;1;647;;;;;0
IMAGES;2014;340001064;340013028;RADIO;2;2;828;;;;0;
IMAGES;2014;340009885;340009877;RADIO;1;;;;;;;
IMAGES;2014;340009885;340009877;SCAN;1;;;;;;;
IMAGES;2014;340015965;340000074;IRM;1;0;0;;0;0;0;1
IMAGES;2014;340015965;340000074;RADIO;4;0;0;;;0;0;1
IMAGES;2014;340015965;340000074;SCAN;1;0;0;;;0;0;1
IMAGES;2014;340780147;340000108;SCAN;1;0;;;;;;
IMAGES;2014;340780154;340000116;RADIO;3;;;;;;;
IMAGES;2014;340780154;340000116;SCAN;1;;;;;;;
IMAGES;2014;340780196;340798123;RADIO;1;1;660;;;;;0
IMAGES;2014;340780212;340796069;RADIO;1;1;2117;0;28;0;0;0
IMAGES;2014;340780220;340796358;RADIO;1;1;1605;50;1052;;;1
IMAGES;2014;340780436;340011295;RADIO;1;1;1345;94;;2324;;
IMAGES;2014;340780436;340011295;SCAN;1;;264;;;11;;
IMAGES;2014;340780568;340000256;RADIO;1;1;229;;;210;;
IMAGES;2014;340780634;340000272;RADIO;4;;;;;;;
IMAGES;2014;340780634;340000272;SCAN;1;;;;;;;
IMAGES;2014;340780642;340785856;IRM;1;1;180;;;;;0
IMAGES;2014;340780642;340785856;MAMM;1;;;;;;;
IMAGES;2014;340780642;340785856;RADIO;4;4;5000;;;;;0
IMAGES;2014;340780642;340785856;SCAN;1;0;;;;;;0
IMAGES;2014;340780667;340000280;IRM;2;2;1195;;;15840;;0
IMAGES;2014;340780667;340000280;LITHO;1;1;130;;;;;1
IMAGES;2014;340780667;340000280;MAMM;1;1;;;;;;
IMAGES;2014;340780667;340000280;RADIO;4;4;8775;;;32842;;0
IMAGES;2014;340780667;340000280;SCAN;2;2;6153;;;22715;;1
IMAGES;2014;340780667;340000280;VASC;2;2;3273;;;0;;1
IMAGES;2014;340780667;340000280;dtIRM1;1;1;437;;;8593;;0
IMAGES;2014;340781608;340015171;RADIO;2;2;869;;;;;0
IMAGES;2014;340782036;340780477;IRM;1;1;383;14;2;2397;0;0
IMAGES;2014;340782036;340780477;RADIO;1;1;2265;115;0;976;5;1
IMAGES;2014;340782036;340780477;SCAN;1;1;6931;698;13;7515;82;1
IMAGES;2014;340782036;340780477;VASC;1;1;667;78;26;3;12;0
IMAGES;2014;340782085;340780477;IRM;2;2;4458;1330;10;7376;298;0
IMAGES;2014;340782085;340780477;RADIO;7;7;2408;119;0;5782;9;1
IMAGES;2014;340782085;340780477;SCAN;1;1;6212;1262;0;5909;199;1
IMAGES;2014;340782085;340780477;TOMO;1;1;210;356;0;3213;3;0
IMAGES;2014;340782085;340780477;VASC;2;2;1016;20;0;348;42;0
IMAGES;2014;340782085;340780477;dtIRM2;1;1;3054;630;5;3910;;0
IMAGES;2014;340785161;340780477;CAM;3;3;1042;1530;7;5024;91;0
IMAGES;2014;340785161;340780477;IRM;1;1;944;294;2;5385;88;0
IMAGES;2014;340785161;340780477;LITHO;1;1;286;6;0;3;0;0
IMAGES;2014;340785161;340780477;MAMM;2;2;;;;6929;;
IMAGES;2014;340785161;340780477;RADIO;11;11;22303;4696;25;50580;1110;1
IMAGES;2014;340785161;340780477;SCAN;2;2;12265;2079;63;10712;534;1
IMAGES;2014;340796093;340796069;RADIO;1;1;1019;0;;0;0;0
IMAGES;2014;340796663;340780477;IRM;1;1;1252;167;32;3411;39;0
IMAGES;2014;340796663;340780477;RADIO;3;3;8983;140;0;9950;4;1
IMAGES;2014;340796663;340780477;SCAN;1;1;3734;604;16;5289;46;1
IMAGES;2014;340796663;340780477;VASC;2;2;1517;2808;24;144;6;0
IMAGES;2014;340798511;340798503;SCAN;1;1;1306;;;;;1
IMAGES;2014;350000147;350000022;IRM;1;1;1834;;;1900;2;0
IMAGES;2014;350000147;350000022;RADIO;4;4;14341;;;20734;291;1
IMAGES;2014;350000147;350000022;SCAN;1;1;7312;;;3775;38;1
IMAGES;2014;350000147;350000022;VASC;1;1;1188;;;;6;0
IMAGES;2014;350000154;350000030;MAMM;1;1;;;;617;;
IMAGES;2014;350000154;350000030;RADIO;3;3;8867;0;0;21664;277;0
IMAGES;2014;350000154;350000030;SCAN;1;1;3588;0;0;4750;29;0
IMAGES;2014;350000162;350000048;MAMM;1;1;;;;1877;;
IMAGES;2014;350000162;350000048;RADIO;2;2;5456;0;0;16045;;0
IMAGES;2014;350000162;350000048;SCAN;1;1;2308;0;0;3942;;0
IMAGES;2014;350000188;350000055;MAMM;1;1;;;;912;;
IMAGES;2014;350000188;350000055;RADIO;3;3;4011;;;13195;181;
IMAGES;2014;350000188;350000055;SCAN;1;1;3814;48;;5603;20;1
IMAGES;2014;350000188;350000055;TOMO;;;;;;;;1
IMAGES;2014;350000337;350000246;RADIO;1;1;1843;;;;;
IMAGES;2014;350000741;350005179;IRM;3;3;4692;;216;7167;77;0
IMAGES;2014;350000741;350005179;RADIO;9;9;61389;;39;26316;1108;0
IMAGES;2014;350000741;350005179;SCAN;3;3;19400;;103;12689;485;1
IMAGES;2014;350000741;350005179;VASC;2;2;1654;;11;115;8;1
IMAGES;2014;350000741;350005179;dtIRM2;2;2;4339;;73;5513;;0
IMAGES;2014;350002192;220020739;IRM;1;;;;;;;
IMAGES;2014;350002192;220020739;MAMM;1;;;;;;;
IMAGES;2014;350002192;220020739;RADIO;2;;;;;;;
IMAGES;2014;350002192;220020739;SCAN;1;;;;;;;
IMAGES;2014;350002192;220020739;dtIRM1;1;;;;;;;
IMAGES;2014;350002200;350029948;RADIO;1;1;1283;;;26;;
IMAGES;2014;350002812;350023503;CAM;3;3;623;1011;0;5027;0;0
IMAGES;2014;350002812;350023503;MAMM;2;2;;;;4841;;
IMAGES;2014;350002812;350023503;RADIO;1;1;892;0;0;640;0;0
IMAGES;2014;350002812;350023503;SCAN;1;1;912;50;0;4219;0;1
IMAGES;2014;350002812;350023503;TOMO;1;1;47;391;0;3029;0;0
IMAGES;2014;350002812;350023503;VASC;1;1;460;12;0;136;0;1
IMAGES;2014;350005146;350000733;IRM;2;;;;;;;
IMAGES;2014;350005146;350000733;SCAN;1;;;;;;;
IMAGES;2014;350006771;350005179;RADIO;1;1;487;;;;;0
IMAGES;2014;350007084;350005179;IRM;1;1;1651;;3;4037;21;0
IMAGES;2014;350007084;350005179;RADIO;4;4;20960;;9;13570;324;0
IMAGES;2014;350007084;350005179;SCAN;1;1;4562;;80;3480;35;1
IMAGES;2014;350007084;350005179;VASC;1;1;281;;4;728;;1
IMAGES;2014;360000038;360000046;RADIO;2;2;1658;122;7;4800;60;0
IMAGES;2014;360000038;360000046;SCAN;1;1;438;;17;665;5;0
IMAGES;2014;360000137;360000053;IRM;1;1;406;;2508;1781;1;0
IMAGES;2014;360000137;360000053;MAMM;1;1;;;;649;;
IMAGES;2014;360000137;360000053;RADIO;8;8;11703;;;41264;13775;0
IMAGES;2014;360000137;360000053;SCAN;2;2;5333;;;12944;2690;0
IMAGES;2014;360000160;360000079;MAMM;1;1;;;;1220;;
IMAGES;2014;360000160;360000079;RADIO;4;4;3330;;;14499;314;0
IMAGES;2014;360000160;360000079;SCAN;1;1;1836;;;4422;78;0
IMAGES;2014;370000085;370000077;IRM;1;1;885;;24;6570;0;0
IMAGES;2014;370000085;370000077;RADIO;3;0;;;;;;0
IMAGES;2014;370000085;370000077;SCAN;1;1;1534;;60;6851;0;1
IMAGES;2014;370000085;370000077;VASC;2;2;3038;;;;;0
IMAGES;2014;370000093;370000192;IRM;1;;;;;;;
IMAGES;2014;370000093;370000192;RADIO;3;;;;;;;
IMAGES;2014;370000093;370000192;SCAN;1;;;;;;;
IMAGES;2014;370000499;370000481;IRM;1;1;1134;9;2;847;11;0
IMAGES;2014;370000499;370000481;RADIO;3;3;3505;9;43;20081;242;1
IMAGES;2014;370000499;370000481;SCAN;1;1;746;5;0;687;5;1
IMAGES;2014;370000515;370000481;RADIO;1;1;388;;;;;0
IMAGES;2014;370000531;370000606;IRM;1;0;0;;;;;
IMAGES;2014;370000531;370000606;MAMM;1;0;;;;;;
IMAGES;2014;370000531;370000606;RADIO;3;0;;;;;;
IMAGES;2014;370000531;370000606;SCAN;1;0;0;;;;;
IMAGES;2014;370000580;370000564;MAMM;1;1;;;;1033;;
IMAGES;2014;370000580;370000564;RADIO;2;2;1484;;;5076;;0
IMAGES;2014;370000861;370000481;CAM;1;1;1013;127;295;1827;1;0
IMAGES;2014;370000861;370000481;IRM;2;2;6384;193;132;16033;48;0
IMAGES;2014;370000861;370000481;LITHO;1;1;67;;;;;0
IMAGES;2014;370000861;370000481;MAMM;1;1;;;;3552;;
IMAGES;2014;370000861;370000481;RADIO;3;3;9240;61;460;9454;24;0
IMAGES;2014;370000861;370000481;SCAN;2;2;12495;500;197;18928;79;1
IMAGES;2014;370000861;370000481;TOMO;1;1;824;324;116;4716;18;0
IMAGES;2014;370000861;370000481;VASC;1;1;2734;96;0;45;13;1
IMAGES;2014;370000861;370000481;dtIRM2;1;1;5652;130;81;7779;;0
IMAGES;2014;370000879;370000564;MAMM;1;1;;;;1056;;
IMAGES;2014;370000879;370000564;RADIO;3;3;1838;;;17875;221;0
IMAGES;2014;370000879;370000564;SCAN;1;1;853;;;3587;;0
IMAGES;2014;370000903;370000614;MAMM;1;1;;;;561;;
IMAGES;2014;370000903;370000614;RADIO;3;3;578;97;;11876;;
IMAGES;2014;370000903;370000614;SCAN;1;1;356;68;;3064;0;0
IMAGES;2014;370004467;370000481;CAM;2;2;1513;224;100;4156;;
IMAGES;2014;370004467;370000481;IRM;1;1;1041;89;47;5366;19;0
IMAGES;2014;370004467;370000481;RADIO;9;9;18218;378;28;57729;771;1
IMAGES;2014;370004467;370000481;SCAN;2;2;9012;159;272;24705;275;1
IMAGES;2014;370004467;370000481;VASC;1;1;1449;27;5;26;5;1
IMAGES;2014;370007569;370007528;CAM;1;;;;;;;
IMAGES;2014;370007569;370007528;IRM;1;;;;;;;
IMAGES;2014;370007569;370007528;LITHO;1;1;60;;;;;
IMAGES;2014;370007569;370007528;RADIO;4;;;;;;;
IMAGES;2014;370007569;370007528;SCAN;1;;;;;;;
IMAGES;2014;370007569;370007528;TOMO;1;;;;;;;
IMAGES;2014;380000018;380780023;RADIO;3;3;1246;;;185;;0
IMAGES;2014;380000026;380780031;MAMM;1;1;;;;621;;
IMAGES;2014;380000026;380780031;RADIO;2;2;2271;;;11159;66;
IMAGES;2014;380000034;380780049;IRM;2;2;648;;;7835;;0
IMAGES;2014;380000034;380780049;RADIO;4;4;16321;;;27339;;1
IMAGES;2014;380000034;380780049;SCAN;1;1;6589;;;6896;;0
IMAGES;2014;380000034;380780049;dtIRM1;1;1;1;;;1478;;
IMAGES;2014;380000042;380780056;RADIO;2;2;2195;;;11587;;0
IMAGES;2014;380000042;380780056;SCAN;1;1;1197;;;2313;;0
IMAGES;2014;380000059;380780072;RADIO;1;1;1244;;;260;;
IMAGES;2014;380000067;380780080;CAM;4;4;1506;;376;5164;;0
IMAGES;2014;380000067;380780080;IRM;3;3;12920;;;25644;;0
IMAGES;2014;380000067;380780080;LITHO;1;1;40;;109;162;16;1
IMAGES;2014;380000067;380780080;MAMM;1;1;;;;1257;;
IMAGES;2014;380000067;380780080;RADIO;9;9;58818;;;41780;1377;1
IMAGES;2014;380000067;380780080;SCAN;4;4;78729;;;44655;1512;1
IMAGES;2014;380000067;380780080;TOMO;1;1;372;;70;2196;;0
IMAGES;2014;380000067;380780080;VASC;4;4;12502;;;721;52;1
IMAGES;2014;380000067;380780080;dtIRM2;1;1;3569;;;10050;;0
IMAGES;2014;380000091;380780171;RADIO;2;2;1268;;;4493;0;0
IMAGES;2014;380000109;380780213;RADIO;3;3;1294;;;2680;;0
IMAGES;2014;380000133;380780247;RADIO;1;1;1042;;;;;
IMAGES;2014;380000174;380781435;IRM;1;1;973;;;3289;;0
IMAGES;2014;380000174;380781435;MAMM;1;1;;;;478;;
IMAGES;2014;380000174;380781435;RADIO;4;4;9247;;;22423;496;0
IMAGES;2014;380000174;380781435;SCAN;1;1;3918;;;4613;90;0
IMAGES;2014;380000406;380784751;IRM;1;;;;;;;
IMAGES;2014;380000406;380784751;SCAN;1;;;;;;;
IMAGES;2014;380780197;380798173;LITHO;1;1;526;;;;0;1
IMAGES;2014;380780197;380798173;MAMM;1;;;;;;;
IMAGES;2014;380780197;380798173;RADIO;2;;;;;;;
IMAGES;2014;380780197;380798173;SCAN;1;;;;;;;
IMAGES;2014;380780288;380795203;RADIO;1;;;;;;;
IMAGES;2014;380780379;380798249;RADIO;1;1;1440;;;25;;0
IMAGES;2014;380782722;380780080;IRM;1;1;1092;;;13153;;0
IMAGES;2014;380782722;380780080;RADIO;3;3;9126;;;27780;33;1
IMAGES;2014;380782722;380780080;SCAN;1;1;2819;;;13459;;1
IMAGES;2014;380785956;380795211;IRM;1;0;;;;;;0
IMAGES;2014;380785956;380795211;RADIO;2;0;;;;;;0
IMAGES;2014;380785956;380795211;SCAN;1;0;;;;;;0
IMAGES;2014;380786442;380798025;IRM;2;;;;;;;
IMAGES;2014;380786442;380798025;MAMM;1;;;;;;;
IMAGES;2014;380786442;380798025;RADIO;3;;;;;;;
IMAGES;2014;380786442;380798025;SCAN;2;;;;;;;
IMAGES;2014;380786442;380798025;VASC;1;;;;;;;
IMAGES;2014;390000040;390780146;RADIO;3;3;11896;;;22760;465;1
IMAGES;2014;390000040;390780146;SCAN;1;1;6152;;;6205;150;1
IMAGES;2014;390000057;390780153;RADIO;1;1;135;;;3155;;0
IMAGES;2014;390000065;390780161;RADIO;2;2;3523;;;6996;;
IMAGES;2014;390000065;390780161;SCAN;1;1;1265;;;5291;;
IMAGES;2014;390000073;390780179;RADIO;1;1;892;100;0;2607;0;1
IMAGES;2014;390000172;250006335;RADIO;1;1;1381;;;18;;
IMAGES;2014;390000214;390780591;RADIO;1;1;1875;0;0;3772;58;0
IMAGES;2014;390000222;390780609;IRM;1;1;323;;;371;;0
IMAGES;2014;390000222;390780609;MAMM;1;1;;;;0;;
IMAGES;2014;390000222;390780609;RADIO;3;3;;;;;333;1
IMAGES;2014;390000222;390780609;SCAN;1;1;2790;;2583;7920;96;1
IMAGES;2014;400000105;400780193;IRM;1;1;1292;27;;2893;0;
IMAGES;2014;400000105;400780193;RADIO;3;3;14836;368;11;21442;285;
IMAGES;2014;400000105;400780193;SCAN;1;1;7799;175;3;4283;45;
IMAGES;2014;400000139;400011177;CAM;1;1;222;;;3657;;
IMAGES;2014;400000139;400011177;IRM;2;2;729;;;13410;4;0
IMAGES;2014;400000139;400011177;MAMM;1;1;;;;299;;
IMAGES;2014;400000139;400011177;RADIO;6;6;7974;;;26134;570;0
IMAGES;2014;400000139;400011177;SCAN;1;1;3521;;;13348;96;1
IMAGES;2014;400000139;400011177;VASC;1;1;1196;;;;;
IMAGES;2014;400780250;400011177;RADIO;1;1;626;;249;;;0
IMAGES;2014;400782769;400001764;IRM;0;0;3;;;;0;0
IMAGES;2014;400782769;400001764;MAMM;1;1;;;;;;
IMAGES;2014;400782769;400001764;RADIO;6;6;5660;;;1501;24;0
IMAGES;2014;400782769;400001764;SCAN;1;1;1015;;;217;2;0
IMAGES;2014;400782769;400001764;dtIRM1;0;0;1;;;;;0
IMAGES;2014;400791018;400790994;RADIO;1;1;5487;;;;;
IMAGES;2014;410000020;410000087;IRM;1;1;1602;;10014;8277;0;0
IMAGES;2014;410000020;410000087;MAMM;1;1;;;;3039;;
IMAGES;2014;410000020;410000087;RADIO;4;4;9617;;104;36198;764;1
IMAGES;2014;410000020;410000087;SCAN;2;2;12401;;79;33240;96;1
IMAGES;2014;410000038;410000095;RADIO;2;2;4624;645;0;8509;191;
IMAGES;2014;410000038;410000095;SCAN;1;;;;;;;
IMAGES;2014;410000046;410000103;RADIO;2;2;2610;;;13745;251;0
IMAGES;2014;410000046;410000103;SCAN;1;1;1615;0;0;6931;40;0
IMAGES;2014;410000053;410000111;RADIO;1;1;438;152;0;397;0;0
IMAGES;2014;410000202;410000319;IRM;1;;;;;;;
IMAGES;2014;410000202;410000319;RADIO;3;;;;;;;
IMAGES;2014;410000202;410000319;SCAN;1;;;;;;;
IMAGES;2014;410000418;440052041;RADIO;1;1;229;0;0;177;0;0
IMAGES;2014;410000418;440052041;VASC;1;1;794;0;0;377;0;0
IMAGES;2014;420000010;420780033;IRM;1;1;4135;;;11443;;0
IMAGES;2014;420000010;420780033;MAMM;1;1;;;;1125;;
IMAGES;2014;420000010;420780033;RADIO;3;3;11441;;;21334;593;1
IMAGES;2014;420000010;420780033;SCAN;1;1;13538;;;23978;247;1
IMAGES;2014;420000226;420013831;IRM;1;;;;;;;0
IMAGES;2014;420000226;420013831;MAMM;1;1;;;;;;
IMAGES;2014;420000226;420013831;RADIO;2;2;5884;1;7;14541;198;1
IMAGES;2014;420000226;420013831;SCAN;1;1;5452;3;21;7681;67;1
IMAGES;2014;420000226;420013831;VASC;;;;;;;1113;
IMAGES;2014;420000234;420780652;RADIO;3;3;8377;726;0;15166;377;
IMAGES;2014;420000234;420780652;SCAN;1;1;5110;440;0;3547;55;
IMAGES;2014;420000242;420780660;RADIO;1;1;716;;;;;0
IMAGES;2014;420000267;420013831;MAMM;1;1;;;;1164;;
IMAGES;2014;420000267;420013831;RADIO;2;2;5522;;;11961;161;
IMAGES;2014;420000267;420013831;SCAN;1;1;2173;;;3556;27;
IMAGES;2014;420010241;420013492;MAMM;1;1;;;;;;
IMAGES;2014;420010241;420013492;RADIO;2;2;4105;;;6717;;1
IMAGES;2014;420011413;420011405;CAM;1;1;;;;;;
IMAGES;2014;420011413;420011405;IRM;1;1;148;;;12335;;
IMAGES;2014;420011413;420011405;LITHO;1;1;70;;;;;
IMAGES;2014;420011413;420011405;MAMM;1;1;;;;;;
IMAGES;2014;420011413;420011405;RADIO;3;3;11111;;;33545;;
IMAGES;2014;420011413;420011405;SCAN;2;2;3952;;;20218;;
IMAGES;2014;420011413;420011405;TOMO;1;1;;;;;;
IMAGES;2014;420011413;420011405;VASC;1;1;32;;;17;;
IMAGES;2014;420780678;420002495;RADIO;1;1;280;;;;;0
IMAGES;2014;420782559;420784878;SCAN;1;1;2905;0;0;852;;0
IMAGES;2014;420782567;420784878;SCAN;1;1;3811;;;75;;0
IMAGES;2014;420785354;420784878;CAM;4;4;1771;;3290;402;;0
IMAGES;2014;420785354;420784878;IRM;6;6;2092;163;;8804;;0
IMAGES;2014;420785354;420784878;RADIO;11;11;52223;120;;23814;808;0
IMAGES;2014;420785354;420784878;SCAN;3;3;17987;535;;6641;311;1
IMAGES;2014;420785354;420784878;TOMO;1;1;485;;1791;120;;0
IMAGES;2014;420785354;420784878;VASC;4;4;5465;114;;38;19;1
IMAGES;2014;420785354;420784878;dtIRM1;1;1;12;6;;1132;;0
IMAGES;2014;420785354;420784878;dtIRM2;1;1;349;19;;1893;;0
IMAGES;2014;430000117;430000018;IRM;1;1;572;;0;3469;1;0
IMAGES;2014;430000117;430000018;RADIO;2;2;23407;;267;21035;74;1
IMAGES;2014;430000117;430000018;SCAN;1;1;8599;;225;12173;100;1
IMAGES;2014;430000190;430000034;MAMM;1;1;;;;0;;
IMAGES;2014;430000190;430000034;RADIO;2;2;1660;0;0;10080;88;
IMAGES;2014;430000307;430000067;RADIO;1;1;169;79;;171;;0
IMAGES;2014;440000016;440000057;IRM;1;1;473;;24;4061;;0
IMAGES;2014;440000016;440000057;MAMM;1;1;;;;1963;;
IMAGES;2014;440000016;440000057;RADIO;5;5;34869;;19;21520;724;1
IMAGES;2014;440000016;440000057;SCAN;1;1;8002;;60;4826;46;1
IMAGES;2014;440000016;440000057;VASC;1;1;266;;1;577;;1
IMAGES;2014;440000180;440000263;RADIO;1;1;603;;1;;;1
IMAGES;2014;440000271;440000289;CAM;3;3;1947;299;10;3917;1;
IMAGES;2014;440000271;440000289;IRM;2;2;1264;168;1;6604;106;
IMAGES;2014;440000271;440000289;MAMM;1;1;;;;2750;;
IMAGES;2014;440000271;440000289;RADIO;12;12;54169;2505;34;74378;1785;0
IMAGES;2014;440000271;440000289;SCAN;3;3;15730;2101;9;12678;729;1
IMAGES;2014;440000271;440000289;VASC;1;1;965;55;11;70;6;1
IMAGES;2014;440000396;440000297;RADIO;7;7;3185;;;14802;280;
IMAGES;2014;440000412;440000941;MAMM;1;;;;;;;
IMAGES;2014;440000412;440000941;RADIO;2;;;;;;;
IMAGES;2014;440000453;440000289;RADIO;1;1;2487;23;0;119;22;0
IMAGES;2014;440000487;440001014;LITHO;1;1;134;0;0;0;0;1
IMAGES;2014;440000503;440000313;RADIO;2;2;5104;213;1609;16199;259;0
IMAGES;2014;440000503;440000313;SCAN;1;0;;;;;;
IMAGES;2014;440000560;850009010;RADIO;1;1;1009;33;0;2463;0;0
IMAGES;2014;440001113;490017258;CAM;2;2;624;0;0;5424;0;0
IMAGES;2014;440001113;490017258;IRM;1;1;160;0;0;3232;0;0
IMAGES;2014;440001113;490017258;MAMM;2;2;;;;6846;;
IMAGES;2014;440001113;490017258;RADIO;5;5;1713;0;0;1324;0;0
IMAGES;2014;440001113;490017258;SCAN;1;1;633;0;0;5540;0;0
IMAGES;2014;440001113;490017258;TOMO;2;2;20;0;252;3631;0;0
IMAGES;2014;440001188;440018661;RADIO;1;1;259;;;;;
IMAGES;2014;440003291;440000289;RADIO;2;2;3107;891;0;736;0;0
IMAGES;2014;440017598;440000289;CAM;3;3;583;56;1;4780;9;0
IMAGES;2014;440017598;440000289;IRM;1;1;1836;144;4;3661;56;0
IMAGES;2014;440017598;440000289;RADIO;2;2;35756;107;57;3480;1134;0
IMAGES;2014;440017598;440000289;SCAN;1;1;5165;140;6;4149;62;0
IMAGES;2014;440017598;440000289;TOMO;2;2;134;470;;1936;;
IMAGES;2014;440017598;440000289;VASC;4;4;4664;106;144;1;23;1
IMAGES;2014;440023364;440006377;CAM;3;3;15;0;246;8485;;
IMAGES;2014;440023364;440006377;IRM;2;0;;;;;;
IMAGES;2014;440023364;440006377;MAMM;3;0;;;;;;
IMAGES;2014;440023364;440006377;RADIO;7;0;;;;;;
IMAGES;2014;440023364;440006377;SCAN;3;0;;;;;;
IMAGES;2014;440023364;440006377;TOMO;1;0;;;;;;
IMAGES;2014;440023364;440006377;VASC;3;0;;;;;;
IMAGES;2014;440029338;440041895;IRM;2;;;;;;;
IMAGES;2014;440029338;440041895;LITHO;1;1;77;;;;;0
IMAGES;2014;440029338;440041895;MAMM;1;;;;;;;
IMAGES;2014;440029338;440041895;RADIO;4;;;;;;;
IMAGES;2014;440029338;440041895;SCAN;1;;;;;;;
IMAGES;2014;440029338;440041895;dtIRM1;1;;;;;;;
IMAGES;2014;440029379;440000974;IRM;2;;;;;;;
IMAGES;2014;440029379;440000974;MAMM;1;;;;;;;
IMAGES;2014;440029379;440000974;RADIO;4;;;;;;;
IMAGES;2014;440029379;440000974;SCAN;1;;;;;;;
IMAGES;2014;440029379;440000974;dtIRM1;1;;;;;;;
IMAGES;2014;440029379;440000974;dtIRM2;1;;;;;;;
IMAGES;2014;440041580;440041572;CAM;3;0;;;;;;
IMAGES;2014;440041580;440041572;IRM;2;0;;;;;;
IMAGES;2014;440041580;440041572;MAMM;3;0;;;;;;
IMAGES;2014;440041580;440041572;RADIO;7;0;;;;;;
IMAGES;2014;440041580;440041572;SCAN;3;0;;;;;;
IMAGES;2014;440041580;440041572;TOMO;1;0;;;;;;
IMAGES;2014;440041580;440041572;VASC;3;3;6705;0;0;0;;1
IMAGES;2014;440050433;440041895;IRM;1;0;;;;;;
IMAGES;2014;440050433;440041895;LITHO;1;1;84;0;0;0;0;
IMAGES;2014;440050433;440041895;MAMM;1;0;;;;;;
IMAGES;2014;440050433;440041895;RADIO;2;0;;;;;;
IMAGES;2014;440050433;440041895;SCAN;1;0;;;;;;
IMAGES;2014;450000021;450000088;MAMM;1;1;;;;3800;;
IMAGES;2014;450000021;450000088;RADIO;4;4;7288;;;22932;;1
IMAGES;2014;450000062;450000104;IRM;1;1;402;;;1983;;0
IMAGES;2014;450000062;450000104;MAMM;1;1;;;;;;
IMAGES;2014;450000062;450000104;RADIO;4;4;13089;;;18611;440;1
IMAGES;2014;450000062;450000104;SCAN;1;1;5502;;;3474;88;1
IMAGES;2014;450000070;450000112;RADIO;2;2;1912;;;8428;146;0
IMAGES;2014;450000070;450000112;SCAN;1;1;1471;;;3203;34;0
IMAGES;2014;450000294;450000591;SCAN;1;1;6369;;;;;0
IMAGES;2014;450002613;450000088;CAM;3;3;1570;;;4127;;
IMAGES;2014;450002613;450000088;IRM;2;2;1594;;;7359;;
IMAGES;2014;450002613;450000088;LITHO;1;1;220;;;1269;;
IMAGES;2014;450002613;450000088;RADIO;7;7;3887;;;35079;;
IMAGES;2014;450002613;450000088;SCAN;3;3;15031;;;14147;;
IMAGES;2014;450002613;450000088;TOMO;1;1;261;;;2586;;
IMAGES;2014;450002613;450000088;VASC;1;1;163;;;11;;
IMAGES;2014;460000045;460780083;MAMM;1;1;;;;921;;
IMAGES;2014;460000045;460780083;RADIO;1;1;4110;;;16212;106;0
IMAGES;2014;460000045;460780083;SCAN;1;1;2501;;;3607;;0
IMAGES;2014;460000052;460780091;RADIO;2;2;1988;;;3968;768;0
IMAGES;2014;460000052;460780091;SCAN;1;1;788;;;249;97;0
IMAGES;2014;460000060;460780117;RADIO;1;1;1389;;;;;
IMAGES;2014;460000102;460780208;RADIO;2;2;2782;;;2858;53;0
IMAGES;2014;460000110;460780216;IRM;1;1;529;1;3;2331;0;0
IMAGES;2014;460000110;460780216;MAMM;1;1;;;;721;;
IMAGES;2014;460000110;460780216;RADIO;3;3;10607;21;11;23555;334;0
IMAGES;2014;460000110;460780216;SCAN;1;1;3319;21;70;6044;51;0
IMAGES;2014;470000027;470014069;IRM;1;;;;;;;0
IMAGES;2014;470000027;470014069;LITHO;1;1;307;;;;;1
IMAGES;2014;470000027;470014069;MAMM;2;;;;;;;
IMAGES;2014;470000027;470014069;RADIO;4;;;;;;;0
IMAGES;2014;470000027;470014069;SCAN;2;;;;;;;0
IMAGES;2014;470000027;470014069;VASC;2;2;2495;;;;;1
IMAGES;2014;470000423;470000316;CAM;3;3;1274;76;151;9339;0;0
IMAGES;2014;470000423;470000316;IRM;1;1;1088;8;32;2772;35;0
IMAGES;2014;470000423;470000316;RADIO;4;4;12313;272;74;22961;514;0
IMAGES;2014;470000423;470000316;SCAN;1;1;7017;553;136;5156;141;1
IMAGES;2014;470000431;470000324;IRM;1;1;365;;2872;2482;0;0
IMAGES;2014;470000431;470000324;RADIO;2;2;6338;;;22473;4085;0
IMAGES;2014;470000431;470000324;SCAN;1;1;3257;;4508;4681;2084;0
IMAGES;2014;470000480;470001660;IRM;1;1;76;2;;5402;17;0
IMAGES;2014;470000480;470001660;RADIO;1;1;9360;284;;20130;381;0
IMAGES;2014;470000480;470001660;SCAN;1;1;3215;75;;8568;97;0
IMAGES;2014;470000522;470000340;RADIO;1;1;520;;;1820;13;0
IMAGES;2014;470000555;470001660;RADIO;1;1;223;;;582;;0
IMAGES;2014;480000017;480780097;IRM;1;1;123;;;980;;
IMAGES;2014;480000017;480780097;MAMM;1;1;;;;;;
IMAGES;2014;480000017;480780097;RADIO;3;3;7076;;;17073;;
IMAGES;2014;480000017;480780097;SCAN;1;1;2361;;;3119;;
IMAGES;2014;480000074;480780162;RADIO;1;1;79;32;0;452;0;1
IMAGES;2014;480783034;480782101;RADIO;1;1;339;;;;;
IMAGES;2014;490000049;490000031;CAM;4;4;967;0;0;10638;0;0
IMAGES;2014;490000049;490000031;IRM;2;2;4995;25;1371;9385;32;0
IMAGES;2014;490000049;490000031;LITHO;1;1;138;0;0;0;0;
IMAGES;2014;490000049;490000031;RADIO;11;11;28284;861;0;68313;971;1
IMAGES;2014;490000049;490000031;SCAN;3;3;14191;245;0;24981;487;1
IMAGES;2014;490000049;490000031;TOMO;2;2;281;0;0;2009;0;0
IMAGES;2014;490000049;490000031;VASC;2;2;3261;10;0;212;2;1
IMAGES;2014;490000049;490000031;dtIRM2;2;2;752;6;0;3132;;0
IMAGES;2014;490000106;490000163;RADIO;2;2;577;;;;;0
IMAGES;2014;490000155;490017258;CAM;1;1;452;;3;4428;;0
IMAGES;2014;490000155;490017258;IRM;1;1;42;;8;1319;;0
IMAGES;2014;490000155;490017258;MAMM;3;3;;;;8141;;
IMAGES;2014;490000155;490017258;RADIO;1;1;2484;;3;1498;;0
IMAGES;2014;490000155;490017258;SCAN;1;1;654;;126;3809;;1
IMAGES;2014;490000155;490017258;TOMO;2;2;21;;2;2179;;0
IMAGES;2014;490000262;490000171;IRM;1;;;;;;;
IMAGES;2014;490000262;490000171;SCAN;1;;;;;;;
IMAGES;2014;490000262;490000171;VASC;1;;;;;;;
IMAGES;2014;490000635;490000676;IRM;1;1;522;;;1952;1;0
IMAGES;2014;490000635;490000676;MAMM;1;1;;;;961;;
IMAGES;2014;490000635;490000676;RADIO;5;5;14879;;;54227;698;0
IMAGES;2014;490000635;490000676;SCAN;1;1;3938;;;8213;48;0
IMAGES;2014;490001765;490528452;RADIO;4;4;7451;;;13157;277;0
IMAGES;2014;490001765;490528452;SCAN;1;1;2823;;;2166;30;0
IMAGES;2014;490002037;490000890;IRM;1;0;48;;;;;0
IMAGES;2014;490002037;490000890;LITHO;;1;;;;;;0
IMAGES;2014;490002037;490000890;SCAN;1;0;3744;;;;;0
IMAGES;2014;490014909;490008109;IRM;1;0;;;;;;
IMAGES;2014;490014909;490008109;LITHO;1;1;106;;;;;
IMAGES;2014;490014909;490008109;SCAN;1;0;;;;;;
IMAGES;2014;490532173;530000025;RADIO;1;1;274;;;2091;;
IMAGES;2014;490540440;490004330;RADIO;1;1;1362;;;12932;;0
IMAGES;2014;500000021;500000054;IRM;1;1;471;;;2089;;0
IMAGES;2014;500000021;500000054;MAMM;1;1;;;;1716;;
IMAGES;2014;500000021;500000054;RADIO;3;3;6300;;;20298;311;
IMAGES;2014;500000021;500000054;SCAN;1;1;2263;;;6208;90;0
IMAGES;2014;500000146;500000500;MAMM;1;1;;;;;;
IMAGES;2014;500000146;500000500;RADIO;2;2;2025;;;;;
IMAGES;2014;500000146;500000500;SCAN;1;1;686;;;;;
IMAGES;2014;500000187;500000013;IRM;1;1;2185;;;6987;2;0
IMAGES;2014;500000187;500000013;MAMM;1;1;;;;1850;;
IMAGES;2014;500000187;500000013;RADIO;5;5;8314;;;43382;495;0
IMAGES;2014;500000187;500000013;SCAN;1;1;3535;;;8023;90;0
IMAGES;2014;500000229;500000567;RADIO;2;2;1281;;;;;0
IMAGES;2014;500000260;500000054;RADIO;2;2;3432;;;12694;148;0
IMAGES;2014;500000260;500000054;SCAN;1;1;2011;;2781;3529;42;0
IMAGES;2014;500000401;500000609;IRM;1;0;;;;;;
IMAGES;2014;500000401;500000609;MAMM;1;;;;;;;
IMAGES;2014;500000401;500000609;RADIO;2;0;;;;;;
IMAGES;2014;500000401;500000609;SCAN;1;0;;;;;;
IMAGES;2014;500000427;500000096;MAMM;1;1;;;;716;;
IMAGES;2014;500000427;500000096;RADIO;2;2;1502;;;8066;;0
IMAGES;2014;500000450;500000112;IRM;1;1;517;;;4300;3;0
IMAGES;2014;500000450;500000112;RADIO;4;4;867;0;0;1412;;1
IMAGES;2014;500000450;500000112;SCAN;1;1;6197;;;9605;116;0
IMAGES;2014;500000450;500000112;VASC;1;1;30;0;0;0;;0
IMAGES;2014;500000468;500000013;RADIO;2;2;1333;;;15512;155;0
IMAGES;2014;500000468;500000013;SCAN;1;1;664;;;5410;15;0
IMAGES;2014;500000591;500000393;RADIO;2;2;3916;;;6307;720;
IMAGES;2014;500002357;500002233;CAM;1;1;14;;;;;0
IMAGES;2014;500002357;500002233;LITHO;1;1;64;;;;;1
IMAGES;2014;500002357;500002233;MAMM;1;0;;;;;;
IMAGES;2014;500002357;500002233;RADIO;2;2;3915;;;;;0
IMAGES;2014;500002357;500002233;SCAN;1;1;365;;;;;0
IMAGES;2014;510000169;510000037;IRM;1;1;537;5;102;1609;57;0
IMAGES;2014;510000169;510000037;RADIO;3;3;12345;374;335;17369;454;0
IMAGES;2014;510000169;510000037;SCAN;1;1;4011;91;268;1779;63;1
IMAGES;2014;510000169;510000037;dtIRM2;1;1;537;5;102;1609;;0
IMAGES;2014;510000177;100006279;RADIO;1;1;614;;;3734;;0
IMAGES;2014;510000193;510000557;IRM;1;;;;;;;
IMAGES;2014;510000193;510000557;SCAN;1;;;;;;;
IMAGES;2014;510000193;510000557;VASC;1;;;;;;;
IMAGES;2014;510000227;510000565;RADIO;3;;;;;;;
IMAGES;2014;510000235;510000060;IRM;1;1;271;0;0;2605;0;0
IMAGES;2014;510000235;510000060;RADIO;3;3;4914;0;0;13075;177;0
IMAGES;2014;510000235;510000060;SCAN;1;1;2074;0;0;2137;30;0
IMAGES;2014;510000250;510000078;MAMM;1;1;;;;100;;
IMAGES;2014;510000250;510000078;RADIO;2;2;4392;;;13160;108;0
IMAGES;2014;510000250;510000078;SCAN;1;1;1239;;;3516;12;0
IMAGES;2014;510000466;510000102;RADIO;1;1;658;;;4788;34;0
IMAGES;2014;510000516;510000136;CAM;3;3;1885;0;790;4779;;0
IMAGES;2014;510000516;510000136;IRM;1;1;168;0;7;1647;0;0
IMAGES;2014;510000516;510000136;MAMM;2;2;;;;3444;;
IMAGES;2014;510000516;510000136;RADIO;1;1;1294;;17;485;;0
IMAGES;2014;510000516;510000136;SCAN;1;1;642;0;8;1622;0;0
IMAGES;2014;510000516;510000136;TOMO;1;1;75;0;55;1633;;0
IMAGES;2014;510002447;510000029;IRM;1;1;1649;;;3430;40;0
IMAGES;2014;510002447;510000029;LITHO;1;1;3;0;0;132;;
IMAGES;2014;510002447;510000029;RADIO;5;5;16466;;;10935;395;1
IMAGES;2014;510002447;510000029;SCAN;1;1;8656;;;7809;38;1
IMAGES;2014;510002447;510000029;VASC;1;1;1125;;;116;4;1
IMAGES;2014;510002470;510000029;RADIO;2;2;2006;;;9690;;0
IMAGES;2014;510004302;510000029;IRM;1;1;1998;;;3263;54;0
IMAGES;2014;510004302;510000029;RADIO;6;6;13213;;;29126;463;1
IMAGES;2014;510004302;510000029;SCAN;1;1;8529;;;4756;319;1
IMAGES;2014;510004302;510000029;VASC;1;1;596;;;3;1;1
IMAGES;2014;510004302;510000029;dtIRM2;1;1;1998;;;3263;;
IMAGES;2014;510012040;510000557;IRM;2;;;;;;;
IMAGES;2014;510012040;510000557;LITHO;2;;;;;;;
IMAGES;2014;510012040;510000557;SCAN;1;;;;;;;
IMAGES;2014;510012040;510000557;dtIRM1;1;;;;;;;
IMAGES;2014;520000019;520780024;RADIO;1;1;277;0;0;516;0;0
IMAGES;2014;520000027;520780032;CAM;1;;;;;;;
IMAGES;2014;520000027;520780032;IRM;1;;;;;;;
IMAGES;2014;520000027;520780032;MAMM;4;4;;;;;;
IMAGES;2014;520000027;520780032;RADIO;4;4;6003;0;0;16982;2478;
IMAGES;2014;520000027;520780032;SCAN;1;;;;;;;
IMAGES;2014;520000068;520780073;IRM;2;2;257;0;18;2751;4;0
IMAGES;2014;520000068;520780073;MAMM;1;1;;;;1129;;
IMAGES;2014;520000068;520780073;RADIO;3;3;4915;0;203;23212;286;0
IMAGES;2014;520000068;520780073;SCAN;1;1;1713;0;61;3674;16;0
IMAGES;2014;520780180;520000100;RADIO;2;;;;;;;1
IMAGES;2014;530000017;530000025;RADIO;3;4;1875;;;13957;195;0
IMAGES;2014;530000017;530000025;SCAN;1;1;3508;;439;2865;65;0
IMAGES;2014;530000173;530000074;MAMM;1;1;;;;497;;
IMAGES;2014;530000173;530000074;RADIO;3;3;9032;;;17059;276;0
IMAGES;2014;530000173;530000074;SCAN;1;1;3303;;;4318;16;0
IMAGES;2014;530000264;530000371;MAMM;1;1;;;;2082;;
IMAGES;2014;530000264;530000371;RADIO;7;7;18755;353;;28502;560;1
IMAGES;2014;530000264;530000371;SCAN;1;1;4146;54;2117;3565;62;1
IMAGES;2014;530000264;530000371;VASC;1;1;934;;;;;1
IMAGES;2014;530031962;530000975;CAM;1;;;;;;;
IMAGES;2014;530031962;530000975;IRM;1;;;;;;;
IMAGES;2014;530031962;530000975;MAMM;1;;;;;;;
IMAGES;2014;530031962;530000975;RADIO;4;;;;;;;
IMAGES;2014;530031962;530000975;SCAN;1;;;;;;;
IMAGES;2014;540000015;540023264;IRM;1;1;334;;;1195;;0
IMAGES;2014;540000015;540023264;MAMM;1;1;;;;489;;
IMAGES;2014;540000015;540023264;RADIO;1;1;2289;;;2121;;0
IMAGES;2014;540000023;540000049;RADIO;2;2;3350;18;;11359;;0
IMAGES;2014;540000023;540000049;SCAN;1;1;2091;1;;6677;;0
IMAGES;2014;540000155;540000080;MAMM;1;0;;;;;;
IMAGES;2014;540000155;540000080;RADIO;2;2;4631;;;7733;168;0
IMAGES;2014;540000155;540000080;SCAN;1;1;3002;;;864;42;1
IMAGES;2014;540000163;540020112;RADIO;4;4;4303;0;0;36643;;1
IMAGES;2014;540000296;540000106;MAMM;1;1;;;;783;;
IMAGES;2014;540000296;540000106;RADIO;1;1;1102;;;14328;;0
IMAGES;2014;540000296;540000106;SCAN;1;1;755;;;4983;;0
IMAGES;2014;540000361;540003928;RADIO;1;;;;;;;0
IMAGES;2014;540000478;540003449;IRM;1;0;;;;;;0
IMAGES;2014;540000478;540003449;MAMM;1;0;;;;;;
IMAGES;2014;540000478;540003449;SCAN;1;0;;;;;;0
IMAGES;2014;540000478;540003449;VASC;3;3;9390;;;;;1
IMAGES;2014;540000668;540006707;RADIO;1;1;1521;;;;;0
IMAGES;2014;540001070;540000767;IRM;2;1;649;;;;;0
IMAGES;2014;540001070;540000767;RADIO;3;3;9331;;;18995;358;0
IMAGES;2014;540001070;540000767;SCAN;1;1;6897;;;16823;82;0
IMAGES;2014;540001070;540000767;dtIRM1;1;;;;;;;
IMAGES;2014;540001138;540023264;CAM;2;2;488;217;291;3280;;0
IMAGES;2014;540001138;540023264;IRM;3;3;5646;3378;2153;26673;63;0
IMAGES;2014;540001138;540023264;RADIO;9;9;33531;560;1766;32525;866;1
IMAGES;2014;540001138;540023264;SCAN;3;3;31978;6128;4277;35091;793;1
IMAGES;2014;540001138;540023264;VASC;2;2;1222;44;0;0;;1
IMAGES;2014;540001138;540023264;dtIRM2;1;1;1038;378;577;10258;;0
IMAGES;2014;540001286;540003019;MAMM;2;2;;;;3021;;
IMAGES;2014;540001286;540003019;RADIO;7;7;4687;;;2137;;0
IMAGES;2014;540001286;540003019;SCAN;1;1;1088;0;0;4611;;0
IMAGES;2014;540002698;540023264;CAM;4;4;2774;42;453;7766;0;0
IMAGES;2014;540002698;540023264;IRM;2;2;2933;57;3627;10438;79;0
IMAGES;2014;540002698;540023264;RADIO;9;9;47723;820;6;30276;579;0
IMAGES;2014;540002698;540023264;SCAN;2;1;21374;296;180;20501;206;0
IMAGES;2014;540002698;540023264;TOMO;2;2;504;140;233;5972;0;0
IMAGES;2014;540002698;540023264;VASC;1;1;1707;24;77;113;1;1
IMAGES;2014;540002698;540023264;dtIRM2;1;1;466;38;2549;4018;;0
IMAGES;2014;540009412;540019726;RADIO;1;1;564;0;0;0;0;0
IMAGES;2014;540013737;540019726;RADIO;1;1;1231;0;0;1392;0;0
IMAGES;2014;550000012;550006795;IRM;1;1;726;;;4499;2;0
IMAGES;2014;550000012;550006795;MAMM;1;1;;;;174;;
IMAGES;2014;550000012;550006795;RADIO;4;4;8551;;;28267;368;1
IMAGES;2014;550000012;550006795;SCAN;1;1;2835;;;8539;89;1
IMAGES;2014;550000038;550000046;MAMM;1;1;;;;896;;
IMAGES;2014;550000038;550000046;RADIO;3;3;779;;;10022;0;0
IMAGES;2014;550000202;550006795;RADIO;1;1;237;;;2946;0;0
IMAGES;2014;550000434;550003354;IRM;1;1;517;;7;6432;3;0
IMAGES;2014;550000434;550003354;MAMM;1;1;;;;1613;;
IMAGES;2014;550000434;550003354;RADIO;3;3;12016;;;24624;213;0
IMAGES;2014;550000434;550003354;SCAN;1;1;3532;;93;9192;30;1
IMAGES;2014;550000434;550003354;dtIRM1;1;1;1;;1;596;;0
IMAGES;2014;560000127;560023210;IRM;2;2;3690;189;58;14009;133;0
IMAGES;2014;560000127;560023210;MAMM;1;1;;;;1770;;
IMAGES;2014;560000127;560023210;RADIO;6;6;14069;163;69;53820;961;0
IMAGES;2014;560000127;560023210;SCAN;2;2;10543;1067;167;27802;487;1
IMAGES;2014;560000127;560023210;VASC;1;1;184;2;0;1057;0;1
IMAGES;2014;560000135;560005746;IRM;1;1;1366;80;209;4548;;0
IMAGES;2014;560000135;560005746;MAMM;1;1;;;;1988;;
IMAGES;2014;560000135;560005746;RADIO;4;4;13683;702;261;32734;;1
IMAGES;2014;560000135;560005746;SCAN;2;2;5756;297;231;9789;;1
IMAGES;2014;560000135;560005746;VASC;2;2;312;63;2;9;;1
IMAGES;2014;560000143;560014748;IRM;1;1;725;;;2669;1;0
IMAGES;2014;560000143;560014748;MAMM;1;1;;;;;;
IMAGES;2014;560000143;560014748;RADIO;4;4;6546;;;24956;357;1
IMAGES;2014;560000143;560014748;SCAN;1;1;5312;;;14867;136;1
IMAGES;2014;560000184;560006017;MAMM;1;1;;;;;;
IMAGES;2014;560000184;560006017;RADIO;3;3;2468;0;0;2881;0;0
IMAGES;2014;560000192;560000044;MAMM;1;1;;;;439;;
IMAGES;2014;560000192;560000044;RADIO;3;3;8690;10;;17491;311;0
IMAGES;2014;560000192;560000044;SCAN;1;1;3408;4;;3548;28;0
IMAGES;2014;560000200;560023210;MAMM;1;1;;;;1130;;
IMAGES;2014;560000200;560023210;RADIO;3;3;1898;19;0;2831;0;0
IMAGES;2014;560000382;560002032;RADIO;2;2;460;115;55;304;0;
IMAGES;2014;560000697;560002677;RADIO;1;1;416;180;;;;0
IMAGES;2014;560002024;560006074;RADIO;1;1;1690;;;582;;0
IMAGES;2014;560002511;560000689;CAM;2;;;;;;;
IMAGES;2014;560002511;560000689;IRM;1;;;;;;;
IMAGES;2014;560002511;560000689;LITHO;1;;;;;;;
IMAGES;2014;560002511;560000689;MAMM;1;;;;;;;
IMAGES;2014;560002511;560000689;RADIO;5;;;;;;;
IMAGES;2014;560002511;560000689;SCAN;1;;;;;;;
IMAGES;2014;560002511;560000689;dtIRM2;1;;;;;;;
IMAGES;2014;560002933;560006074;IRM;1;1;28;;;;;
IMAGES;2014;560002933;560006074;LITHO;1;1;123;;;;;
IMAGES;2014;560002933;560006074;RADIO;1;1;2011;;;;;
IMAGES;2014;560002933;560006074;SCAN;1;1;873;;;;;
IMAGES;2014;560007510;560001307;MAMM;1;;;;;;;
IMAGES;2014;560007510;560001307;RADIO;2;;;;;;;
IMAGES;2014;560012122;560002677;RADIO;1;1;10;;;;;0
IMAGES;2014;570000059;570025254;RADIO;4;4;7879;213;53;23772;;0
IMAGES;2014;570000059;570025254;SCAN;1;1;4361;397;30;6987;;0
IMAGES;2014;570000083;570000729;MAMM;1;0;;;;;;
IMAGES;2014;570000083;570000729;RADIO;2;0;;;;;;
IMAGES;2014;570000091;750050759;CAM;2;2;45;;387;5391;0;0
IMAGES;2014;570000091;750050759;IRM;1;1;891;;4;3189;32;0
IMAGES;2014;570000091;750050759;RADIO;3;3;479;;6;2315;3;0
IMAGES;2014;570000091;750050759;SCAN;1;1;451;;28;3269;17;0
IMAGES;2014;570000117;570015099;IRM;1;1;361;;9;1629;;0
IMAGES;2014;570000117;570015099;RADIO;2;2;6904;;86;17188;215;1
IMAGES;2014;570000117;570015099;SCAN;1;1;3871;;72;4183;112;1
IMAGES;2014;570000125;570015099;RADIO;;;318;;;495;;0
IMAGES;2014;570000216;570010173;IRM;1;1;198;41;7;8698;;0
IMAGES;2014;570000216;570010173;MAMM;1;1;;;;665;;
IMAGES;2014;570000216;570010173;RADIO;2;2;5783;26;4;20524;4430;0
IMAGES;2014;570000216;570010173;SCAN;1;1;3816;44;53;12578;135;0
IMAGES;2014;570000281;570005165;MAMM;1;1;;;;884;;
IMAGES;2014;570000281;570005165;RADIO;2;2;2561;7;;6871;3;0
IMAGES;2014;570000349;570005165;CAM;2;2;660;97;40;5660;5;0
IMAGES;2014;570000349;570005165;IRM;2;2;762;27;1;11477;72;0
IMAGES;2014;570000349;570005165;LITHO;1;1;82;;;;;1
IMAGES;2014;570000349;570005165;RADIO;4;4;12179;42;;41728;1054;0
IMAGES;2014;570000349;570005165;SCAN;1;1;3418;144;;9212;148;0
IMAGES;2014;570000349;570005165;VASC;1;1;3;;;;;1
IMAGES;2014;570000356;570000919;LITHO;1;1;85;;;;;1
IMAGES;2014;570000356;570000919;RADIO;1;;;;;;;
IMAGES;2014;570000356;570000919;SCAN;1;;;;;;;
IMAGES;2014;570000364;570011569;RADIO;1;;;;;;;
IMAGES;2014;570000380;570000034;RADIO;1;1;3571;6;;;;0
IMAGES;2014;570000562;570011353;RADIO;1;1;1200;;;;;1
IMAGES;2014;570000596;750821092;IRM;1;1;442;;;5320;1;0
IMAGES;2014;570000596;750821092;RADIO;5;5;6592;;;29244;210;1
IMAGES;2014;570000596;750821092;SCAN;1;1;3279;;;5844;27;1
IMAGES;2014;570000646;570001115;MAMM;1;0;;;;;;
IMAGES;2014;570000646;570001115;RADIO;1;0;;;;;;
IMAGES;2014;570000646;570001115;SCAN;2;0;;;;;;
IMAGES;2014;570000646;570001115;VASC;1;0;;;;;;
IMAGES;2014;570000661;570000158;RADIO;1;1;899;6;;5080;;0
IMAGES;2014;570000687;570025254;RADIO;1;1;1162;64;46;110;;0
IMAGES;2014;570000901;570000158;IRM;1;1;514;40;;3214;42;0
IMAGES;2014;570000901;570000158;RADIO;3;3;8690;60;;14055;273;0
IMAGES;2014;570000901;570000158;SCAN;1;1;7810;243;;7018;235;0
IMAGES;2014;570000950;570000398;RADIO;1;1;1479;;;;;0
IMAGES;2014;570000968;570000430;RADIO;1;1;1477;;;5469;;0
IMAGES;2014;570001057;570023630;RADIO;2;2;10706;43;;6142;1;1
IMAGES;2014;570001099;570023630;RADIO;2;1;1240;;;13;;0
IMAGES;2014;570003079;570010181;RADIO;1;1;1167;;;;;0
IMAGES;2014;570003103;540019726;RADIO;1;1;372;;;;;0
IMAGES;2014;570005215;570005165;RADIO;1;1;592;;;2;;0
IMAGES;2014;570009670;570000307;RADIO;1;1;685;;;;;
IMAGES;2014;570026252;570023630;RADIO;3;3;8538;391;;6068;10;1
IMAGES;2014;570026252;570023630;SCAN;1;1;444;115;;48;;1
IMAGES;2014;570026682;570005165;CAM;4;4;671;12;37;9775;6;0
IMAGES;2014;570026682;570005165;IRM;1;1;1315;31;139;4547;30;0
IMAGES;2014;570026682;570005165;LITHO;1;1;90;;;;;1
IMAGES;2014;570026682;570005165;MAMM;2;2;;;;1031;;
IMAGES;2014;570026682;570005165;RADIO;4;4;18575;89;83;45635;905;0
IMAGES;2014;570026682;570005165;SCAN;2;2;5794;164;195;10274;213;1
IMAGES;2014;570026682;570005165;TOMO;1;1;159;57;12;2140;8;0
IMAGES;2014;570026682;570005165;VASC;2;2;6879;47;;70;17;1
IMAGES;2014;580780195;580005148;SCAN;1;1;216;;;;3;0
IMAGES;2014;580972644;580781136;RADIO;1;1;747;;;1384;;
IMAGES;2014;580972651;580780047;RADIO;1;1;397;;;967;;
IMAGES;2014;580972669;580780070;MAMM;1;1;;;;1265;;
IMAGES;2014;580972669;580780070;RADIO;1;1;1707;;;7945;;
IMAGES;2014;580972669;580780070;SCAN;1;1;1717;;;4567;;
IMAGES;2014;580972685;580780096;MAMM;1;1;;;;954;;
IMAGES;2014;580972685;580780096;RADIO;2;2;4201;;;10388;124;0
IMAGES;2014;580972685;580780096;SCAN;1;1;1845;;;1810;24;0
IMAGES;2014;580972693;580780039;CAM;2;2;240;132;314;5079;;0
IMAGES;2014;580972693;580780039;IRM;1;1;496;;;2038;;0
IMAGES;2014;580972693;580780039;MAMM;1;1;;;;;;
IMAGES;2014;580972693;580780039;RADIO;5;5;10997;398;;25364;575;
IMAGES;2014;580972693;580780039;SCAN;1;1;3947;558;3;5761;94;1
IMAGES;2014;580972693;580780039;TOMO;1;1;198;11;130;1392;;0
IMAGES;2014;580972693;580780039;VASC;1;1;1566;;;;;1
IMAGES;2014;590000014;590780052;RADIO;2;2;1572;;;8092;;0
IMAGES;2014;590000121;590780227;IRM;1;1;303;;15;1899;3;0
IMAGES;2014;590000121;590780227;RADIO;2;2;11326;;1286;16805;554;1
IMAGES;2014;590000121;590780227;SCAN;1;1;3604;;60;7413;37;1
IMAGES;2014;590000188;590780334;CAM;2;2;1303;0;14;1725;0;0
IMAGES;2014;590000188;590780334;IRM;1;1;585;0;7;4547;0;1
IMAGES;2014;590000188;590780334;MAMM;3;3;;;;5508;;
IMAGES;2014;590000188;590780334;RADIO;3;3;3578;0;2;1934;0;1
IMAGES;2014;590000188;590780334;SCAN;1;1;2188;0;12;10367;0;1
IMAGES;2014;590000188;590780334;TOMO;1;1;94;0;11;2341;0;0
IMAGES;2014;590000188;590780334;dtIRM2;1;1;585;0;7;4547;;1
IMAGES;2014;590000337;590781415;IRM;1;1;1392;;;4321;7;0
IMAGES;2014;590000337;590781415;LITHO;1;1;143;;;;;0
IMAGES;2014;590000337;590781415;RADIO;4;4;21065;;;39633;667;0
IMAGES;2014;590000337;590781415;SCAN;2;2;4881;;;7995;109;1
IMAGES;2014;590000337;590781415;VASC;1;1;1351;;;;4;1
IMAGES;2014;590000428;590781605;IRM;1;1;486;;;4263;2;0
IMAGES;2014;590000428;590781605;RADIO;3;3;9829;;;18039;318;0
IMAGES;2014;590000428;590781605;SCAN;1;1;2135;;;5861;65;1
IMAGES;2014;590000469;590781662;LITHO;1;1;64;;;;;1
IMAGES;2014;590000469;590781662;RADIO;2;2;2382;;;10430;172;0
IMAGES;2014;590000469;590781662;SCAN;1;1;1633;;202;3363;49;0
IMAGES;2014;590000477;590781670;MAMM;1;1;;;;334;;
IMAGES;2014;590000477;590781670;RADIO;1;1;2995;;;8087;;
IMAGES;2014;590000477;590781670;SCAN;1;1;1553;;;4271;;0
IMAGES;2014;590000477;590781670;VASC;1;1;276;;;;;
IMAGES;2014;590000527;590781795;RADIO;1;1;970;;;1431;0;0
IMAGES;2014;590000535;590781803;IRM;1;1;1333;;62;3798;9;0
IMAGES;2014;590000535;590781803;RADIO;3;3;10845;;50;32340;599;
IMAGES;2014;590000535;590781803;SCAN;1;1;4065;;106;9507;138;0
IMAGES;2014;590000543;590781811;RADIO;1;1;686;27;;2;;0
IMAGES;2014;590000592;590782165;IRM;1;1;364;3;;5898;14;0
IMAGES;2014;590000592;590782165;MAMM;1;1;;;;717;;
IMAGES;2014;590000592;590782165;RADIO;3;3;4277;;;23698;428;0
IMAGES;2014;590000592;590782165;SCAN;1;1;3378;317;;12522;73;1
IMAGES;2014;590000600;590782207;RADIO;2;2;2437;;;1280;;0
IMAGES;2014;590000618;590782215;CAM;2;2;327;0;0;3786;0;0
IMAGES;2014;590000618;590782215;IRM;4;4;5585;0;0;14751;0;1
IMAGES;2014;590000618;590782215;MAMM;1;1;;;;2807;;
IMAGES;2014;590000618;590782215;RADIO;7;7;63235;0;0;18842;871;1
IMAGES;2014;590000618;590782215;SCAN;3;3;24836;146;731;9584;738;1
IMAGES;2014;590000618;590782215;TOMO;2;2;188;0;0;1821;0;0
IMAGES;2014;590000618;590782215;VASC;3;3;3911;0;226;531;27;1
IMAGES;2014;590000618;590782215;dtIRM1;1;1;148;0;0;1441;;0
IMAGES;2014;590000618;590782215;dtIRM2;1;1;1010;0;0;4247;;1
IMAGES;2014;590000691;590782439;MAMM;1;1;;;;411;;
IMAGES;2014;590000691;590782439;RADIO;2;2;2440;;;10324;82;0
IMAGES;2014;590000758;590782637;IRM;1;1;484;10;41;3725;;0
IMAGES;2014;590000758;590782637;MAMM;1;1;;;;1501;;
IMAGES;2014;590000758;590782637;RADIO;3;3;11262;214;80;20661;453;0
IMAGES;2014;590000758;590782637;SCAN;1;1;6174;47;58;4074;70;0
IMAGES;2014;590000766;590782645;RADIO;3;3;932;204;512;6764;;
IMAGES;2014;590000774;590782652;MAMM;1;1;;;;;;
IMAGES;2014;590000774;590782652;RADIO;2;2;4164;0;0;13010;353;0
IMAGES;2014;590000774;590782652;SCAN;1;1;2537;0;0;5124;164;0
IMAGES;2014;590000782;590782660;RADIO;1;1;923;;;;;0
IMAGES;2014;590001004;590783239;IRM;1;1;3337;;;6666;52;0
IMAGES;2014;590001004;590783239;RADIO;3;3;29405;;;39141;1257;0
IMAGES;2014;590001004;590783239;SCAN;2;2;15779;;;10673;570;0
IMAGES;2014;590001004;590783239;dtIRM1;0;0;1114;;;2971;;0
IMAGES;2014;590001418;590034740;RADIO;1;1;902;;;;;0
IMAGES;2014;590001442;590784245;RADIO;2;2;1999;;;480;;0
IMAGES;2014;590001582;590785663;RADIO;1;1;1019;79;;;;0
IMAGES;2014;590001749;590788956;MAMM;1;1;;;;831;;
IMAGES;2014;590001749;590788956;RADIO;4;4;2651;;467;20401;;
IMAGES;2014;590001749;590788956;SCAN;1;1;1388;;55;3341;;
IMAGES;2014;590006607;590780193;MAMM;1;1;;;;2411;;
IMAGES;2014;590006607;590780193;RADIO;3;3;4448;;;16396;;0
IMAGES;2014;590006896;590000519;SCAN;1;;;;;;;
IMAGES;2014;590052049;590006268;IRM;;;;;;8313;;0
IMAGES;2014;590052049;590006268;MAMM;3;3;;;;19022;;
IMAGES;2014;590052049;590006268;RADIO;17;17;;;;107091;2936;0
IMAGES;2014;590052049;590006268;SCAN;;;;;;19069;;0
IMAGES;2014;590052049;590006268;TOMO;;;;;;1190;;0
IMAGES;2014;590052049;590006268;VASC;;;;;;204;;0
IMAGES;2014;590780250;590053955;IRM;1;;;;;;;
IMAGES;2014;590780250;590053955;MAMM;1;;;;;;;
IMAGES;2014;590780250;590053955;RADIO;3;;;;;;;
IMAGES;2014;590780250;590053955;SCAN;1;;;;;;;
IMAGES;2014;590780250;590053955;dtIRM1;1;;;;;;;
IMAGES;2014;590780268;590053955;CAM;3;;;;;;;
IMAGES;2014;590780268;590053955;IRM;2;;;;;;;
IMAGES;2014;590780268;590053955;MAMM;1;;;;;;;
IMAGES;2014;590780268;590053955;RADIO;2;;;;;;;
IMAGES;2014;590780268;590053955;SCAN;2;;;;;;;
IMAGES;2014;590780268;590053955;TOMO;1;;;;;;;
IMAGES;2014;590780268;590053955;VASC;2;;;;;;;
IMAGES;2014;590780284;590051801;IRM;1;1;1556;;;2261;;0
IMAGES;2014;590780284;590051801;RADIO;9;9;22435;;;11890;;0
IMAGES;2014;590780284;590051801;SCAN;2;1;6597;;;3630;;0
IMAGES;2014;590780284;590051801;VASC;1;1;986;;;;;0
IMAGES;2014;590780284;590051801;dtIRM2;1;1;1556;;;2261;;0
IMAGES;2014;590781571;590000402;RADIO;1;0;;;;;;
IMAGES;2014;590781571;590000402;VASC;1;0;;;;;;
IMAGES;2014;590782546;590000733;RADIO;1;1;2936;;;;;1
IMAGES;2014;590784864;590780193;RADIO;3;3;13883;;;6104;;0
IMAGES;2014;590784864;590780193;SCAN;1;1;7570;;;10270;84;0
IMAGES;2014;590787586;590780193;IRM;1;1;2350;;;3954;39;0
IMAGES;2014;590787586;590780193;RADIO;1;1;6449;;;144;;0
IMAGES;2014;590787586;590780193;SCAN;1;1;4830;;;3897;;1
IMAGES;2014;590787586;590780193;VASC;1;1;4323;;;167;;1
IMAGES;2014;590788964;590001756;IRM;1;;;;;;;
IMAGES;2014;590788964;590001756;MAMM;1;;;;;;;
IMAGES;2014;590788964;590001756;RADIO;3;;;;;;;
IMAGES;2014;590788964;590001756;SCAN;2;;;;;;;
IMAGES;2014;590791091;590780193;RADIO;1;1;2243;;;101;;0
IMAGES;2014;590791562;590782421;MAMM;1;1;;;;1732;;
IMAGES;2014;590796975;590780193;CAM;4;4;2729;;;5430;;0
IMAGES;2014;590796975;590780193;IRM;5;5;23200;;;17482;477;0
IMAGES;2014;590796975;590780193;RADIO;9;9;24217;;;55908;1005;0
IMAGES;2014;590796975;590780193;SCAN;3;3;47593;;;13649;1216;1
IMAGES;2014;590796975;590780193;VASC;2;2;3495;;;;57;1
IMAGES;2014;590796975;590780193;dtIRM1;1;1;37;;;2496;;0
IMAGES;2014;590796975;590780193;dtIRM2;1;1;4428;;;8626;;0
IMAGES;2014;590797353;590051801;IRM;1;1;1092;;;1476;;0
IMAGES;2014;590797353;590051801;RADIO;6;6;12392;;;22079;;0
IMAGES;2014;590797353;590051801;SCAN;1;1;5104;;;4378;;0
IMAGES;2014;590801106;590782421;IRM;2;2;1550;;;10175;27;0
IMAGES;2014;590801106;590782421;RADIO;7;7;28159;;;35552;933;1
IMAGES;2014;590801106;590782421;SCAN;2;2;7272;;;11237;97;1
IMAGES;2014;590801106;590782421;dtIRM2;1;1;770;;;5126;;0
IMAGES;2014;590804696;590781902;IRM;1;1;1984;;;2654;3;0
IMAGES;2014;590804696;590781902;MAMM;1;1;;;;858;;
IMAGES;2014;590804696;590781902;RADIO;5;4;13999;;;31818;;1
IMAGES;2014;590804696;590781902;SCAN;2;2;7933;;;4509;98;1
IMAGES;2014;590804712;590003281;SCAN;1;1;1114;;;;;
IMAGES;2014;590806360;590003596;RADIO;1;1;1716;;;;;
IMAGES;2014;590811279;590780193;CAM;2;2;1774;;;2733;;0
IMAGES;2014;590811279;590780193;IRM;1;1;1601;;;9723;104;0
IMAGES;2014;590811279;590780193;RADIO;3;3;14652;;;2126;61;
IMAGES;2014;590811279;590780193;SCAN;2;2;10182;;;15579;153;1
IMAGES;2014;590811279;590780193;TOMO;1;1;812;;;3350;;0
IMAGES;2014;590811279;590780193;VASC;2;2;3465;;;287;2;1
IMAGES;2014;590813507;590000485;LITHO;1;1;99;;;;;
IMAGES;2014;590813507;590000485;RADIO;2;;;;;;;
IMAGES;2014;590816310;590000048;IRM;1;1;106;;;6103;0;0
IMAGES;2014;590816310;590000048;MAMM;1;1;;;;;;
IMAGES;2014;590816310;590000048;RADIO;2;2;3080;;;13348;151;1
IMAGES;2014;590816310;590000048;SCAN;1;1;514;;;9003;35;1
IMAGES;2014;590817458;590053955;IRM;1;0;;;;;;
IMAGES;2014;590817458;590053955;MAMM;2;0;;;;;;
IMAGES;2014;590817458;590053955;RADIO;2;0;;;;;;
IMAGES;2014;590817458;590053955;SCAN;1;0;;;;;;
IMAGES;2014;590817839;590053955;MAMM;1;0;;;;;;
IMAGES;2014;590817839;590053955;RADIO;2;0;;;;;;
IMAGES;2014;600000053;600101984;IRM;1;1;300;1;;41;0;0
IMAGES;2014;600000053;600101984;MAMM;1;1;;;;596;;
IMAGES;2014;600000053;600101984;RADIO;3;3;8016;198;;17973;231;0
IMAGES;2014;600000053;600101984;SCAN;1;1;2461;39;;877;14;0
IMAGES;2014;600000152;600100572;MAMM;1;1;;;;844;;
IMAGES;2014;600000152;600100572;RADIO;3;3;436;;;4575;;1
IMAGES;2014;600000186;600100648;MAMM;1;1;;;;489;;
IMAGES;2014;600000186;600100648;RADIO;3;3;2835;;;18710;225;1
IMAGES;2014;600000186;600100648;SCAN;1;1;1608;;;4214;74;1
IMAGES;2014;600000194;600100713;CAM;1;1;495;;237;3930;0;0
IMAGES;2014;600000194;600100713;IRM;2;2;1161;;;9162;12;0
IMAGES;2014;600000194;600100713;MAMM;1;1;;;;;;
IMAGES;2014;600000194;600100713;RADIO;3;3;16039;;;30261;697;0
IMAGES;2014;600000194;600100713;SCAN;2;2;9086;;;15327;211;1
IMAGES;2014;600000285;600100721;RADIO;3;3;1173;;;11611;112;0
IMAGES;2014;600000285;600100721;SCAN;1;1;626;;;2052;22;0
IMAGES;2014;600000467;600101984;IRM;2;1;1060;;;924;;0
IMAGES;2014;600000467;600101984;LITHO;1;1;244;;;;;1
IMAGES;2014;600000467;600101984;MAMM;1;0;;;;;;
IMAGES;2014;600000467;600101984;RADIO;4;4;8836;;;27902;667;0
IMAGES;2014;600000467;600101984;SCAN;2;1;4746;;;7589;148;0
IMAGES;2014;600000467;600101984;VASC;1;1;1446;;;;;1
IMAGES;2014;600100101;750712184;RADIO;1;1;1551;;30;;;1
IMAGES;2014;600100671;750034589;RADIO;1;1;1043;0;0;0;0;
IMAGES;2014;600100754;600000228;IRM;1;0;;;;;;
IMAGES;2014;600100754;600000228;MAMM;1;;;;;;;
IMAGES;2014;600100754;600000228;RADIO;2;0;;;;;;
IMAGES;2014;600100754;600000228;SCAN;2;0;;;;;;
IMAGES;2014;600100796;750720609;RADIO;1;1;1207;0;0;53;0;0
IMAGES;2014;600110175;600001234;LITHO;1;1;83;;;;;
IMAGES;2014;600113476;600100721;IRM;1;1;768;0;0;3721;18;0
IMAGES;2014;600113476;600100721;MAMM;1;1;;;;795;;
IMAGES;2014;600113476;600100721;RADIO;5;5;13336;0;0;39539;552;0
IMAGES;2014;600113476;600100721;SCAN;1;1;3419;0;0;11254;167;0
IMAGES;2014;600113476;600100721;VASC;1;1;204;0;0;0;0;1
IMAGES;2014;610000044;610780074;MAMM;1;1;;;;273;;
IMAGES;2014;610000044;610780074;RADIO;2;2;4395;;46;9609;157;0
IMAGES;2014;610000044;610780074;SCAN;1;1;1480;;28;4458;18;0
IMAGES;2014;610000051;610780082;IRM;2;2;609;1;72;3610;4;0
IMAGES;2014;610000051;610780082;MAMM;1;1;;;;425;;
IMAGES;2014;610000051;610780082;RADIO;4;4;14118;96;303;22495;357;0
IMAGES;2014;610000051;610780082;SCAN;1;1;5379;23;270;5732;99;0
IMAGES;2014;610000069;610780090;MAMM;1;1;;;;0;;
IMAGES;2014;610000069;610780090;RADIO;6;4;3193;;;20095;180;1
IMAGES;2014;610000069;610780090;SCAN;1;1;1615;;1831;4500;45;0
IMAGES;2014;610000077;610780124;RADIO;4;4;1629;;;5407;69;
IMAGES;2014;610000093;610780140;RADIO;1;1;304;;;994;;0
IMAGES;2014;610000119;610780165;RADIO;2;2;7533;;;18999;287;0
IMAGES;2014;610000119;610780165;SCAN;1;1;2012;324;;2375;46;0
IMAGES;2014;610780108;610790594;RADIO;2;2;727;315;0;1511;0;0
IMAGES;2014;610780116;610790594;RADIO;2;2;3798;315;0;10824;117;0
IMAGES;2014;610780199;610000135;IRM;1;;;;;;;
IMAGES;2014;610780199;610000135;RADIO;1;;;;;;;
IMAGES;2014;610780199;610000135;SCAN;1;;;;;;;
IMAGES;2014;610784423;610787285;RADIO;1;1;681;0;0;478;;
IMAGES;2014;620000026;620003814;CAM;1;1;794;30;6;2754;;0
IMAGES;2014;620000026;620003814;IRM;1;1;1557;40;197;3650;;0
IMAGES;2014;620000026;620003814;RADIO;5;5;12468;1770;117;21338;;1
IMAGES;2014;620000026;620003814;SCAN;1;1;1127;72;66;1818;4;1
IMAGES;2014;620000034;620100057;IRM;2;2;830;;3072;2850;12;0
IMAGES;2014;620000034;620100057;MAMM;1;1;;;;1336;;
IMAGES;2014;620000034;620100057;RADIO;7;5;11828;963;;36817;519;0
IMAGES;2014;620000034;620100057;SCAN;2;2;4197;;2674;9199;146;1
IMAGES;2014;620000034;620100057;VASC;1;1;723;;;;;1
IMAGES;2014;620000224;620100651;CAM;2;2;259;10;;3233;;0
IMAGES;2014;620000224;620100651;IRM;2;1;1646;14;;1253;;0
IMAGES;2014;620000224;620100651;RADIO;3;3;26749;407;;22067;;1
IMAGES;2014;620000224;620100651;SCAN;2;2;8940;225;;4175;;1
IMAGES;2014;620000224;620100651;TOMO;1;1;103;8;;2024;;0
IMAGES;2014;620000240;620100677;RADIO;1;1;2950;78;;429;0;
IMAGES;2014;620000257;620100685;IRM;3;3;3544;;;8621;73;0
IMAGES;2014;620000257;620100685;LITHO;1;1;102;;;;;
IMAGES;2014;620000257;620100685;MAMM;1;1;;;;1287;;
IMAGES;2014;620000257;620100685;RADIO;5;5;22576;;;22245;569;0
IMAGES;2014;620000257;620100685;SCAN;2;2;5925;;;8303;38;1
IMAGES;2014;620000257;620100685;VASC;3;3;2012;1201;141;460;31;1
IMAGES;2014;620000257;620100685;dtIRM2;1;1;830;;;3576;;0
IMAGES;2014;620000281;620101287;RADIO;1;1;1051;0;56;;;0
IMAGES;2014;620000323;620101337;IRM;2;2;1284;;;4548;34;0
IMAGES;2014;620000323;620101337;RADIO;3;3;18018;;;18235;734;0
IMAGES;2014;620000323;620101337;SCAN;2;2;5183;;;3666;147;1
IMAGES;2014;620000349;620101360;IRM;1;1;480;21;21;7251;62;0
IMAGES;2014;620000349;620101360;RADIO;4;4;12960;812;812;28368;550;0
IMAGES;2014;620000349;620101360;SCAN;1;1;4348;40;40;9024;134;0
IMAGES;2014;620000653;620103440;CAM;2;2;440;;;4257;6;0
IMAGES;2014;620000653;620103440;IRM;2;2;2170;;;8784;131;0
IMAGES;2014;620000653;620103440;MAMM;1;1;;;;2351;;
IMAGES;2014;620000653;620103440;RADIO;6;6;24503;;;36645;610;1
IMAGES;2014;620000653;620103440;SCAN;2;2;9906;;;10049;118;1
IMAGES;2014;620000653;620103440;TOMO;1;1;34;;;2206;0;0
IMAGES;2014;620000653;620103440;VASC;2;2;1109;;;267;13;1
IMAGES;2014;620000653;620103440;dtIRM2;1;1;1378;;;4896;;0
IMAGES;2014;620003202;620103432;IRM;1;1;40;;1;434;10;
IMAGES;2014;620003202;620103432;MAMM;1;1;;;;553;;
IMAGES;2014;620003202;620103432;RADIO;3;3;11651;;59;14886;331;
IMAGES;2014;620003202;620103432;SCAN;1;1;5084;;37;3336;114;
IMAGES;2014;620003350;620001834;IRM;2;1;1133;;;;;
IMAGES;2014;620003350;620001834;RADIO;7;7;6516;0;0;17174;;
IMAGES;2014;620003350;620001834;SCAN;2;1;3509;;;;;
IMAGES;2014;620003376;620001834;IRM;1;0;84;;;1022;;
IMAGES;2014;620003376;620001834;MAMM;1;1;;;;739;;
IMAGES;2014;620003376;620001834;RADIO;3;3;30515;;;20845;580;0
IMAGES;2014;620003376;620001834;SCAN;1;0;864;;;1047;;
IMAGES;2014;620006049;620000331;RADIO;2;;;;;;;
IMAGES;2014;620006049;620000331;SCAN;1;;;;;;;
IMAGES;2014;620008698;620004515;CAM;3;3;;;;7902;;0
IMAGES;2014;620008698;620004515;IRM;1;1;;;;7526;;0
IMAGES;2014;620008698;620004515;MAMM;1;1;;;;4493;;
IMAGES;2014;620008698;620004515;RADIO;4;4;;;;52683;;1
IMAGES;2014;620008698;620004515;SCAN;2;2;;;;14413;;1
IMAGES;2014;620008698;620004515;TOMO;1;1;;;;3764;;0
IMAGES;2014;620025346;620001834;IRM;1;;;;;;;
IMAGES;2014;620025346;620001834;RADIO;2;2;16925;;;;;
IMAGES;2014;620025346;620001834;SCAN;1;;;;;;;
IMAGES;2014;620100487;620000125;RADIO;1;1;1087;;;;;
IMAGES;2014;620100487;620000125;SCAN;1;1;555;;;;;
IMAGES;2014;620100750;620000273;RADIO;3;0;;;;;;
IMAGES;2014;620100842;620001834;RADIO;1;1;1326;;;;;
IMAGES;2014;620101311;620027763;IRM;1;0;;;;;;
IMAGES;2014;620101311;620027763;SCAN;1;0;;;;;;
IMAGES;2014;620101501;620000364;CAM;3;3;336;;;8047;0;0
IMAGES;2014;620101501;620000364;IRM;1;1;200;;;8011;0;0
IMAGES;2014;620101501;620000364;LITHO;1;1;375;;;;;1
IMAGES;2014;620101501;620000364;MAMM;1;1;;;;;;
IMAGES;2014;620101501;620000364;RADIO;2;2;18744;;;17326;;
IMAGES;2014;620101501;620000364;SCAN;2;2;4141;;;12423;9;
IMAGES;2014;620101501;620000364;VASC;2;2;3642;;;;;1
IMAGES;2014;620116046;620002311;RADIO;1;1;16;;77;122;;0
IMAGES;2014;620118513;620002915;IRM;1;0;;;;;;0
IMAGES;2014;620118513;620002915;LITHO;1;1;39;;;;;1
IMAGES;2014;620118513;620002915;MAMM;1;0;;;;;;
IMAGES;2014;620118513;620002915;SCAN;1;0;;;;;;0
IMAGES;2014;630000016;630180032;RADIO;1;1;347;35;0;1300;0;0
IMAGES;2014;630000131;630003168;RADIO;1;1;1624;0;0;0;0;0
IMAGES;2014;630000149;630780302;RADIO;1;1;2278;;;;;0
IMAGES;2014;630000404;630780989;IRM;2;2;2952;140;140;10705;181;0
IMAGES;2014;630000404;630780989;LITHO;1;1;16;;300;3;;
IMAGES;2014;630000404;630780989;RADIO;8;8;38871;440;9;22120;627;1
IMAGES;2014;630000404;630780989;SCAN;3;3;31548;303;171;14279;1048;1
IMAGES;2014;630000404;630780989;VASC;4;4;5749;1286;33;224;38;1
IMAGES;2014;630000404;630780989;dtIRM2;1;1;1063;21;62;4277;;0
IMAGES;2014;630000412;630780997;MAMM;1;1;;;;1008;;
IMAGES;2014;630000412;630780997;RADIO;2;2;2680;;;9467;58;0
IMAGES;2014;630000420;630781003;RADIO;2;2;2314;;;8248;96;0
IMAGES;2014;630000420;630781003;SCAN;1;1;2045;;592;4133;45;0
IMAGES;2014;630000438;630781011;MAMM;1;1;;;;710;;
IMAGES;2014;630000438;630781011;RADIO;2;2;10185;;;15913;4548;
IMAGES;2014;630000438;630781011;SCAN;1;1;3553;;;5523;1069;
IMAGES;2014;630000446;630781029;RADIO;2;2;4691;;;8034;;
IMAGES;2014;630000446;630781029;SCAN;1;1;1824;;;3446;;
IMAGES;2014;630000479;630781110;CAM;5;5;1184;0;2193;9035;;0
IMAGES;2014;630000479;630781110;MAMM;2;2;;;;;;
IMAGES;2014;630000479;630781110;RADIO;2;2;10154;;19;1748;;0
IMAGES;2014;630000479;630781110;SCAN;1;1;1659;0;137;6458;;1
IMAGES;2014;630000479;630781110;TOMO;2;2;62;;295;3133;;0
IMAGES;2014;630780211;630000107;IRM;2;;;;;;;
IMAGES;2014;630780211;630000107;LITHO;1;;;;;;;
IMAGES;2014;630780211;630000107;MAMMO;3;;;;;;;
IMAGES;2014;630780211;630000107;RADIO;6;;;;;;;
IMAGES;2014;630780211;630000107;SCAN;1;;;;;;;
IMAGES;2014;630781268;630780989;IRM;1;1;1308;86;47;6633;55;1
IMAGES;2014;630781268;630780989;RADIO;6;6;7375;263;99;20498;244;1
IMAGES;2014;630781268;630780989;SCAN;1;1;9259;86;14;9576;59;1
IMAGES;2014;630781755;630011518;RADIO;3;3;643;;;;;
IMAGES;2014;630781839;630000826;IRM;2;;;;;;;
IMAGES;2014;630781839;630000826;MAMM;1;;;;;;;
IMAGES;2014;630781839;630000826;RADIO;5;;;;;;;
IMAGES;2014;630781839;630000826;SCAN;1;;;;;;;
IMAGES;2014;630781839;630000826;VASC;1;;;;;;;
IMAGES;2014;630781839;630000826;dtIRM1;1;;;;;;;
IMAGES;2014;630783538;630780989;RADIO;1;1;666;234;0;17;0;0
IMAGES;2014;640000162;640780417;CAM;3;3;799;50;76;8623;0;0
IMAGES;2014;640000162;640780417;IRM;3;3;2721;34;9219;8525;99;1
IMAGES;2014;640000162;640780417;MAMM;2;2;;;;1789;;
IMAGES;2014;640000162;640780417;RADIO;3;3;19723;1159;248;24464;545;0
IMAGES;2014;640000162;640780417;SCAN;2;2;14847;217;36;6183;214;1
IMAGES;2014;640000162;640780417;TOMO;1;1;71;0;45;3508;17;0
IMAGES;2014;640000162;640780417;VASC;1;1;946;5;0;951;6;1
IMAGES;2014;640000402;640780813;RADIO;4;3;2031;13;2068;8525;154;0
IMAGES;2014;640000402;640780813;SCAN;1;1;1412;6;1;2670;50;0
IMAGES;2014;640000410;640780821;RADIO;2;2;6782;;;10525;188;0
IMAGES;2014;640000410;640780821;SCAN;1;1;2035;;;3042;28;0
IMAGES;2014;640000600;640781290;CAM;2;2;437;0;53;3651;0;0
IMAGES;2014;640000600;640781290;IRM;2;2;2229;0;157;6960;10;0
IMAGES;2014;640000600;640781290;MAMM;1;1;;;;2349;;
IMAGES;2014;640000600;640781290;RADIO;6;6;27142;0;589;32496;603;1
IMAGES;2014;640000600;640781290;SCAN;2;2;11074;0;199;10430;225;1
IMAGES;2014;640000600;640781290;VASC;2;2;3127;0;216;33;27;1
IMAGES;2014;640000600;640781290;dtIRM2;1;1;1033;0;55;2639;;0
IMAGES;2014;640017646;640017638;SCAN;1;1;1676;;;5336;13;0
IMAGES;2014;640780185;640000089;RADIO;1;1;397;;;;;
IMAGES;2014;640780490;640000212;SCAN;1;;;;;;;
IMAGES;2014;640780557;640000238;RADIO;1;1;1145;;;;;0
IMAGES;2014;640780623;640000287;RADIO;1;1;183;;;;;0
IMAGES;2014;640780631;640000295;RADIO;1;1;346;;;39;;0
IMAGES;2014;640780672;640000337;RADIO;1;1;709;;;;;0
IMAGES;2014;640780755;640780417;RADIO;1;1;857;0;0;79;0;0
IMAGES;2014;640780938;640000451;IRM;1;;;;;;;
IMAGES;2014;640780938;640000451;LITHO;1;1;;;;;;
IMAGES;2014;640780938;640000451;RADIO;3;;;;;;;
IMAGES;2014;640780938;640000451;SCAN;1;;;;;;;
IMAGES;2014;640780946;640000469;IRM;1;;;;;;;
IMAGES;2014;640780946;640000469;LITHO;1;;;;;;;
IMAGES;2014;640780946;640000469;RADIO;3;;;;;;;
IMAGES;2014;640780946;640000469;SCAN;1;;;;;;;
IMAGES;2014;640790150;750712184;RADIO;1;1;886;;;;0;
IMAGES;2014;650000045;650780158;MAMM;1;1;;;;373;;
IMAGES;2014;650000045;650780158;RADIO;3;3;4830;;;13246;204;
IMAGES;2014;650000045;650780158;SCAN;1;1;2460;;;5288;36;
IMAGES;2014;650000052;650780166;RADIO;2;2;3326;135;230;10180;58;
IMAGES;2014;650000417;650783160;CAM;2;2;732;25;;6713;0;0
IMAGES;2014;650000417;650783160;IRM;1;1;722;15;;3251;2;0
IMAGES;2014;650000417;650783160;MAMM;1;1;;;;1177;;
IMAGES;2014;650000417;650783160;RADIO;6;6;13277;380;;22806;203;0
IMAGES;2014;650000417;650783160;SCAN;4;4;5691;124;;6070;78;1
IMAGES;2014;650000417;650783160;VASC;1;1;1383;0;;209;3;1
IMAGES;2014;650000417;650783160;dtIRM1;1;;;;;;;
IMAGES;2014;650784218;650780174;LITHO;1;1;33;;;;;1
IMAGES;2014;650784218;650780174;RADIO;2;2;3177;728;;7554;157;0
IMAGES;2014;650784218;650780174;SCAN;1;1;1626;267;;4047;33;0
IMAGES;2014;660000084;660780180;CAM;2;2;796;;280;6610;;0
IMAGES;2014;660000084;660780180;IRM;2;2;2853;;;11973;212;0
IMAGES;2014;660000084;660780180;MAMM;1;1;;;;1657;;
IMAGES;2014;660000084;660780180;RADIO;5;5;10861;3741;;40620;906;1
IMAGES;2014;660000084;660780180;SCAN;2;2;8470;;;16798;436;1
IMAGES;2014;660000084;660780180;TOMO;1;1;162;;141;2843;;0
IMAGES;2014;660000084;660780180;VASC;2;2;2643;;;327;14;1
IMAGES;2014;660000084;660780180;dtIRM1;2;2;145;;;3390;;0
IMAGES;2014;660000605;660786799;RADIO;1;1;673;74;;;;
IMAGES;2014;660006990;340019363;RADIO;1;1;213;;22;;;0
IMAGES;2014;660780628;660000282;MAMM;1;1;;;;;;
IMAGES;2014;660780628;660000282;RADIO;3;3;4436;;;;;
IMAGES;2014;660780628;660000282;SCAN;1;1;1989;;;;;
IMAGES;2014;670000025;670780055;CAM;2;2;1551;117;2;7829;106;0
IMAGES;2014;670000025;670780055;IRM;2;2;2354;304;40;5723;86;1
IMAGES;2014;670000025;670780055;LITHO;1;1;56;0;0;0;0;1
IMAGES;2014;670000025;670780055;RADIO;5;5;31075;380;78;22813;227;
IMAGES;2014;670000025;670780055;SCAN;3;3;15148;1147;81;11825;536;1
IMAGES;2014;670000025;670780055;VASC;6;6;1139;124;3;281;25;1
IMAGES;2014;670000025;670780055;dtIRM2;1;1;1632;128;0;2862;;0
IMAGES;2014;670000033;670780063;CAM;3;3;401;;;5322;;
IMAGES;2014;670000033;670780063;IRM;1;1;326;;;4134;;
IMAGES;2014;670000033;670780063;MAMM;3;3;;;;6808;;
IMAGES;2014;670000033;670780063;RADIO;2;2;3378;;;4168;;
IMAGES;2014;670000033;670780063;SCAN;1;1;526;;;3640;;
IMAGES;2014;670000033;670780063;TOMO;1;1;24;;;1347;;
IMAGES;2014;670000058;670013366;RADIO;1;1;494;;;;;0
IMAGES;2014;670000157;670780337;CAM;3;3;654;;;4806;;0
IMAGES;2014;670000157;670780337;IRM;1;1;593;;33;7315;0;0
IMAGES;2014;670000157;670780337;MAMM;1;1;;;;1546;;
IMAGES;2014;670000157;670780337;RADIO;4;4;15927;;;27564;738;1
IMAGES;2014;670000157;670780337;SCAN;2;2;6742;;;10137;97;1
IMAGES;2014;670000157;670780337;VASC;3;3;1440;;;42;;1
IMAGES;2014;670000165;670780345;IRM;1;1;639;;;6698;21;0
IMAGES;2014;670000165;670780345;RADIO;4;4;22999;;;25337;298;0
IMAGES;2014;670000165;670780345;SCAN;1;1;4018;;;8111;37;0
IMAGES;2014;670000272;670780543;RADIO;2;2;3464;;;8513;82;0
IMAGES;2014;670000272;670780543;SCAN;1;1;3355;;;4918;31;1
IMAGES;2014;670000306;670780584;RADIO;1;1;1791;;;19;;0
IMAGES;2014;670000397;670780691;IRM;1;1;395;0;0;2579;17;0
IMAGES;2014;670000397;670780691;RADIO;3;3;3880;23;0;25044;382;1
IMAGES;2014;670000397;670780691;SCAN;1;1;1912;0;0;5051;103;0
IMAGES;2014;670000405;670780709;RADIO;1;1;1035;;;2855;;0
IMAGES;2014;670000603;670781152;RADIO;1;1;1015;0;275;0;0;1
IMAGES;2014;670009109;670780055;RADIO;3;3;2116;67;1;19850;49;0
IMAGES;2014;670014430;670001734;VASC;2;2;10598;;;;13;1
IMAGES;2014;670780113;670780055;RADIO;;;69;2;0;1;0;
IMAGES;2014;670780170;670000116;IRM;1;0;;;;;;
IMAGES;2014;670780170;670000116;RADIO;2;0;;;;;;
IMAGES;2014;670780170;670000116;SCAN;1;0;;;;;;
IMAGES;2014;670780170;670000116;VASC;2;0;;;;;;
IMAGES;2014;670780188;670014604;RADIO;2;2;6470;;;4408;;0
IMAGES;2014;670780378;670000785;IRM;2;2;140;;;4658;;0
IMAGES;2014;670780378;670000785;MAMM;1;1;;;;1311;;
IMAGES;2014;670780378;670000785;RADIO;3;3;3111;;;25805;;1
IMAGES;2014;670780378;670000785;SCAN;1;1;786;;;6270;;1
IMAGES;2014;670780378;670000785;dtIRM1;1;1;0;;;959;;
IMAGES;2014;670780378;670000785;dtIRM2;1;1;140;;;3699;;
IMAGES;2014;670783133;670780055;RADIO;1;1;2590;5;0;112;0;0
IMAGES;2014;670783273;670780055;CAM;2;2;1486;198;27;5805;91;0
IMAGES;2014;670783273;670780055;IRM;3;3;5071;892;12;9409;144;0
IMAGES;2014;670783273;670780055;MAMM;1;1;;;;3314;;
IMAGES;2014;670783273;670780055;RADIO;8;8;39645;82;4;49688;1116;0
IMAGES;2014;670783273;670780055;SCAN;3;3;22392;397;26;12856;565;1
IMAGES;2014;670783273;670780055;TOMO;1;1;402;209;20;2941;36;1
IMAGES;2014;670783273;670780055;VASC;2;2;1897;44;0;120;14;1
IMAGES;2014;670783273;670780055;dtIRM2;1;1;1560;550;3;2935;;0
IMAGES;2014;670798636;670014604;RADIO;2;2;1221;;;11524;;0
IMAGES;2014;680000494;680000643;CAM;2;;;;;;;
IMAGES;2014;680000494;680000643;IRM;1;1;147;;;8753;;0
IMAGES;2014;680000494;680000643;MAMM;2;2;;;;6206;;
IMAGES;2014;680000494;680000643;RADIO;4;4;4777;;;38578;;1
IMAGES;2014;680000494;680000643;SCAN;1;1;1163;;;10702;;1
IMAGES;2014;680000494;680000643;VASC;1;1;456;;;;;1
IMAGES;2014;680000544;680000395;RADIO;2;2;6279;;;30238;336;0
IMAGES;2014;680000544;680000395;SCAN;1;1;906;;541;5666;53;0
IMAGES;2014;680000577;680000411;RADIO;2;2;1891;;;5351;;0
IMAGES;2014;680000601;680000437;RADIO;1;1;3877;;;11828;;
IMAGES;2014;680000627;680000486;MAMM;1;1;;;;1259;;
IMAGES;2014;680000627;680000486;RADIO;1;1;3004;61;;1258;22;0
IMAGES;2014;680000684;680000973;CAM;2;2;2018;;;5214;;0
IMAGES;2014;680000684;680000973;IRM;2;2;3668;397;;7818;21;0
IMAGES;2014;680000684;680000973;MAMM;1;1;;;;203;;
IMAGES;2014;680000684;680000973;RADIO;9;9;34443;3618;;39529;1148;1
IMAGES;2014;680000684;680000973;SCAN;2;2;15130;307;;15788;187;1
IMAGES;2014;680000684;680000973;VASC;3;3;2958;28;;1744;2;1
IMAGES;2014;680000700;680001005;RADIO;3;3;1447;71;433;11889;166;
IMAGES;2014;680000882;680016011;RADIO;1;1;1941;;;15;;0
IMAGES;2014;680001195;680016011;IRM;1;1;72;59;;9296;;1
IMAGES;2014;680001195;680016011;MAMM;1;1;;;;1606;;
IMAGES;2014;680001195;680016011;RADIO;2;2;5639;62;;8293;;0
IMAGES;2014;680001195;680016011;SCAN;1;1;2388;844;;22689;;0
IMAGES;2014;680001195;680016011;VASC;2;2;2998;;;;;1
IMAGES;2014;680001245;680000973;MAMM;1;1;;;;686;;
IMAGES;2014;680001245;680000973;RADIO;2;2;3616;;;5716;54;1
IMAGES;2014;680001328;750005068;RADIO;1;1;1662;;;;;
IMAGES;2014;680004546;680000486;CAM;1;1;487;147;;3375;;0
IMAGES;2014;680004546;680000486;IRM;2;2;3249;414;;19840;32;0
IMAGES;2014;680004546;680000486;LITHO;1;1;223;;;;;1
IMAGES;2014;680004546;680000486;RADIO;6;6;38107;926;;32124;1071;0
IMAGES;2014;680004546;680000486;SCAN;2;2;18747;1524;;29581;467;1
IMAGES;2014;680004546;680000486;TOMO;1;;;;;;;0
IMAGES;2014;680004546;680000486;VASC;2;2;3368;24;;266;68;1
IMAGES;2014;690000013;690780036;RADIO;2;2;2330;404;;10725;88;
IMAGES;2014;690000013;690780036;SCAN;1;1;1450;74;;3040;15;
IMAGES;2014;690000021;690780044;MAMM;1;1;;;;348;;
IMAGES;2014;690000021;690780044;RADIO;2;2;1355;;;962;;
IMAGES;2014;690000096;690780119;RADIO;1;1;8298;;;;;0
IMAGES;2014;690000245;690780432;RADIO;1;1;3121;;;;;0
IMAGES;2014;690000401;920028560;RADIO;1;1;2325;;;36;;0
IMAGES;2014;690000427;750721334;RADIO;2;2;6816;;;5449;;
IMAGES;2014;690000575;690782222;IRM;1;1;1425;20;;5148;7;1
IMAGES;2014;690000575;690782222;MAMM;1;1;;;;2018;;
IMAGES;2014;690000575;690782222;RADIO;4;4;10854;300;86;42502;926;1
IMAGES;2014;690000575;690782222;SCAN;1;1;6627;341;6;8829;110;1
IMAGES;2014;690000575;690782222;VASC;2;2;346;3;;80;;1
IMAGES;2014;690000591;690782248;RADIO;1;1;651;;;;;
IMAGES;2014;690000625;690782271;RADIO;1;1;3416;;355;10071;132;0
IMAGES;2014;690000625;690782271;SCAN;1;1;1372;;47;1355;15;0
IMAGES;2014;690000773;690782925;RADIO;1;1;1913;;;;;0
IMAGES;2014;690000880;690783220;CAM;3;3;1139;;;4732;;0
IMAGES;2014;690000880;690783220;IRM;1;1;923;;;3903;;0
IMAGES;2014;690000880;690783220;MAMM;1;1;;;;9344;;
IMAGES;2014;690000880;690783220;RADIO;2;2;19972;;;33217;;0
IMAGES;2014;690000880;690783220;SCAN;2;2;1827;;;4954;;1
IMAGES;2014;690000880;690783220;TOMO;2;2;325;;;5334;;0
IMAGES;2014;690007539;690781810;IRM;1;1;2800;205;14;2505;0;
IMAGES;2014;690007539;690781810;MAMM;1;1;;;;;;
IMAGES;2014;690007539;690781810;RADIO;4;4;8873;138;67;36625;790;
IMAGES;2014;690007539;690781810;SCAN;1;1;2871;84;17;3163;84;
IMAGES;2014;690007539;690781810;VASC;1;1;1081;49;28;935;5;
IMAGES;2014;690023239;690000146;IRM;1;;;;;;;
IMAGES;2014;690023239;690000146;RADIO;6;;;;;;;
IMAGES;2014;690023239;690000146;SCAN;1;;;;;;;
IMAGES;2014;690023411;690000252;IRM;2;;;;;;;
IMAGES;2014;690023411;690000252;MAMM;2;;;;;;;
IMAGES;2014;690023411;690000252;RADIO;3;;;;;;;
IMAGES;2014;690023411;690000252;SCAN;2;;;;;;;
IMAGES;2014;690023411;690000252;VASC;1;;;;;;;
IMAGES;2014;690023411;690000252;dtIRM2;2;;;;;;;
IMAGES;2014;690780093;750821092;IRM;1;1;834;;;2914;0;0
IMAGES;2014;690780093;750821092;RADIO;3;3;20222;;;21271;399;1
IMAGES;2014;690780093;750821092;SCAN;1;1;4482;;;4098;66;1
IMAGES;2014;690780150;690000104;RADIO;2;2;1016;131;;;;0
IMAGES;2014;690780200;690000112;MAMM;1;;;;;;;
IMAGES;2014;690780200;690000112;RADIO;2;;;;;;;
IMAGES;2014;690780200;690000112;SCAN;1;;;;;;;
IMAGES;2014;690780382;690006598;MAMM;1;;;;;;;
IMAGES;2014;690780382;690006598;RADIO;3;;;;;;;
IMAGES;2014;690780382;690006598;SCAN;1;;;;;;;0
IMAGES;2014;690780382;690006598;VASC;1;;;;;;;
IMAGES;2014;690780648;690036900;CAM;2;;;;;;;
IMAGES;2014;690780648;690036900;IRM;2;;;;;;;
IMAGES;2014;690780648;690036900;LITHO;1;;;;;;;
IMAGES;2014;690780648;690036900;MAMM;1;;;;;;;
IMAGES;2014;690780648;690036900;SCAN;2;;;;;;;
IMAGES;2014;690780648;690036900;TOMO;1;;;;;;;
IMAGES;2014;690781026;690029723;RADIO;2;2;3285;;;;;
IMAGES;2014;690781737;750721334;RADIO;2;2;629;;;;;0
IMAGES;2014;690781836;690006598;MAMM;1;1;;;;1723;;
IMAGES;2014;690781836;690006598;RADIO;3;3;3105;342;;7632;;
IMAGES;2014;690781836;690006598;SCAN;1;1;2130;238;;5160;;0
IMAGES;2014;690782420;690793633;RADIO;1;1;631;;;;;0
IMAGES;2014;690783154;690781810;IRM;1;1;2602;311;20;6236;3;0
IMAGES;2014;690783154;690781810;RADIO;8;8;28676;615;287;48972;285;0
IMAGES;2014;690783154;690781810;SCAN;3;3;21323;2041;239;12301;455;1
IMAGES;2014;690783154;690781810;VASC;2;2;2252;103;25;199;4;1
IMAGES;2014;690784137;690781810;CAM;3;3;1296;471;10;3828;0;0
IMAGES;2014;690784137;690781810;IRM;1;1;2239;558;21;6355;2;0
IMAGES;2014;690784137;690781810;MAMM;1;1;;;;154;;
IMAGES;2014;690784137;690781810;RADIO;6;6;30141;841;237;31339;493;0
IMAGES;2014;690784137;690781810;SCAN;2;2;17408;1539;241;13392;293;0
IMAGES;2014;690784137;690781810;TOMO;1;1;388;276;6;2371;0;0
IMAGES;2014;690784137;690781810;VASC;1;1;1488;102;22;154;4;1
IMAGES;2014;690784152;690781810;IRM;1;1;2509;90;29;9001;0;
IMAGES;2014;690784152;690781810;MAMM;1;1;;;;3150;;
IMAGES;2014;690784152;690781810;RADIO;6;6;12935;407;94;20260;10;
IMAGES;2014;690784152;690781810;SCAN;2;2;10756;196;106;6726;31;1
IMAGES;2014;690784152;690781810;VASC;2;2;1412;32;18;34;2;1
IMAGES;2014;690784152;690781810;dtIRM1;;;8;4;;1790;;
IMAGES;2014;690784178;690781810;IRM;2;2;5406;1101;42;6753;39;
IMAGES;2014;690784178;690781810;RADIO;1;1;2279;510;32;727;0;0
IMAGES;2014;690784178;690781810;SCAN;1;1;7264;193;95;1093;18;
IMAGES;2014;690784178;690781810;VASC;2;2;1760;37;14;13;2;1
IMAGES;2014;690784178;690781810;dtIRM2;1;1;;;;;;
IMAGES;2014;690784186;690781810;CAM;3;3;3805;1379;6;4165;0;0
IMAGES;2014;690784186;690781810;RADIO;1;1;11374;61;45;5416;29;0
IMAGES;2014;690784186;690781810;SCAN;1;1;6754;127;37;2558;25;
IMAGES;2014;690784186;690781810;VASC;3;3;5039;106;23;28;24;1
IMAGES;2014;690784194;690781810;RADIO;1;1;1994;9;51;4;0;0
IMAGES;2014;690784202;690781810;RADIO;1;1;2322;20;;174;0;0
IMAGES;2014;690787452;690781810;RADIO;1;1;2133;25;29;62;0;0
IMAGES;2014;690787478;690781810;RADIO;1;1;1154;246;1;;0;0
IMAGES;2014;690793468;690002068;CAM;1;;;;;;;
IMAGES;2014;690793468;690002068;IRM;2;;;;;;;
IMAGES;2014;690793468;690002068;LITHO;1;1;188;;;;;1
IMAGES;2014;690793468;690002068;MAMM;2;;;;;;;
IMAGES;2014;690793468;690002068;RADIO;2;;;;;;;
IMAGES;2014;690793468;690002068;SCAN;1;;;;;;;
IMAGES;2014;690793468;690002068;TOMO;1;;;;;;;
IMAGES;2014;690793468;690002068;VASC;5;4;5177;;;;;1
IMAGES;2014;690796727;690796727;RADIO;1;1;619;;;;;0
IMAGES;2014;690805361;690805353;IRM;1;1;1305;;;4021;132;0
IMAGES;2014;690805361;690805353;LITHO;1;1;81;;;0;0;1
IMAGES;2014;690805361;690805353;RADIO;5;5;16562;;;22201;1537;1
IMAGES;2014;690805361;690805353;SCAN;2;2;7481;;;8313;488;1
IMAGES;2014;690805361;690805353;VASC;1;1;1343;;;547;95;1
IMAGES;2014;700000011;700780026;RADIO;1;1;2089;;;5866;;0
IMAGES;2014;700000011;700780026;SCAN;1;1;1777;;;4335;;0
IMAGES;2014;700000029;700004591;CAM;1;;;;;;;
IMAGES;2014;700000029;700004591;IRM;1;1;576;87;;2854;7;0
IMAGES;2014;700000029;700004591;LITHO;1;;;;;;;
IMAGES;2014;700000029;700004591;MAMM;1;1;;;;999;;
IMAGES;2014;700000029;700004591;RADIO;3;3;9434;49;;23560;412;1
IMAGES;2014;700000029;700004591;SCAN;1;1;3523;442;;9905;203;1
IMAGES;2014;700000029;700004591;VASC;1;1;34;0;;0;0;1
IMAGES;2014;700000029;700004591;dtIRM1;1;1;70;14;;1372;;0
IMAGES;2014;700780042;250006335;RADIO;1;1;5269;;;811;;1
IMAGES;2014;700780059;700004591;RADIO;1;1;689;1;;5127;18;0
IMAGES;2014;700780208;700004591;RADIO;2;2;867;0;;5802;32;0
IMAGES;2014;710010067;710780644;IRM;1;1;639;;;7627;;
IMAGES;2014;710010067;710780644;RADIO;2;2;12029;56;;14683;;1
IMAGES;2014;710010067;710780644;SCAN;1;1;4022;13;;3932;;1
IMAGES;2014;710010786;710781451;RADIO;1;1;5660;;;6487;;
IMAGES;2014;710010786;710781451;SCAN;1;0;1273;;;;;
IMAGES;2014;710978255;710781568;RADIO;1;1;15561;6580;1599;0;0;0
IMAGES;2014;710978263;710780958;IRM;1;1;628;;;1967;;0
IMAGES;2014;710978263;710780958;MAMM;1;1;;;;;;
IMAGES;2014;710978263;710780958;RADIO;7;7;31060;124;;35341;247;
IMAGES;2014;710978263;710780958;SCAN;1;1;10549;;;8217;269;0
IMAGES;2014;710978263;710780958;VASC;1;1;;;;;;
IMAGES;2014;710978271;710781014;RADIO;1;1;271;;;;;1
IMAGES;2014;710978289;710780263;MAMM;1;1;;;;233;;
IMAGES;2014;710978289;710780263;RADIO;5;5;25184;323;;23240;733;1
IMAGES;2014;710978289;710780263;SCAN;1;1;7259;97;;5183;89;1
IMAGES;2014;710978289;710780263;VASC;1;1;2587;;;35;8;1
IMAGES;2014;710978313;710976705;IRM;1;1;34;;311;2146;36;
IMAGES;2014;710978313;710976705;MAMM;1;1;;;;;;
IMAGES;2014;710978313;710976705;RADIO;3;3;10320;;20;25159;186;
IMAGES;2014;710978313;710976705;SCAN;1;1;8093;;25;23078;168;
IMAGES;2014;710978347;710781204;CAM;1;1;15;;14;16;;0
IMAGES;2014;710978347;710781204;IRM;1;1;7;;3;17;;0
IMAGES;2014;710978347;710781204;LITHO;1;1;89;;;;;0
IMAGES;2014;710978347;710781204;MAMM;1;1;;;;3;;
IMAGES;2014;710978347;710781204;RADIO;3;3;60;;34;83;;0
IMAGES;2014;710978347;710781204;SCAN;1;1;29;;6;53;;0
IMAGES;2014;720000033;720000025;CAM;2;2;2161;;;7028;6;0
IMAGES;2014;720000033;720000025;IRM;1;1;1258;;;6471;19;0
IMAGES;2014;720000033;720000025;MAMM;1;1;;;;3130;;
IMAGES;2014;720000033;720000025;RADIO;5;5;36669;;;47294;1349;0
IMAGES;2014;720000033;720000025;SCAN;2;2;12157;;;8333;171;1
IMAGES;2014;720000033;720000025;TOMO;1;1;314;;;1334;;0
IMAGES;2014;720000033;720000025;VASC;2;2;988;;;;5;1
IMAGES;2014;720000124;720000066;RADIO;1;1;1397;;0;5738;79;0
IMAGES;2014;720000389;720012749;RADIO;1;1;721;;;462;0;0
IMAGES;2014;720000413;720008390;RADIO;1;1;487;;;;;0
IMAGES;2014;720000470;610780082;MAMM;1;1;;;;551;;
IMAGES;2014;720000470;610780082;RADIO;3;3;2997;155;46;6196;76;0
IMAGES;2014;720000520;720000140;MAMM;1;1;;;;796;;
IMAGES;2014;720000520;720000140;RADIO;2;2;1207;;;7192;;
IMAGES;2014;720000744;720000454;RADIO;1;1;598;8;;99;;1
IMAGES;2014;720001437;720006022;MAMM;1;1;;;;1117;;
IMAGES;2014;720001437;720006022;RADIO;4;4;1608;418;;12190;143;0
IMAGES;2014;720001437;720006022;SCAN;1;1;937;106;0;4998;14;0
IMAGES;2014;720014729;720002294;CAM;2;2;0;;5990;;0;
IMAGES;2014;720016179;720016724;IRM;1;1;125;;;1799;;0
IMAGES;2014;720016179;720016724;MAMM;1;1;;;;;;
IMAGES;2014;720016179;720016724;RADIO;4;4;7268;;;18342;;1
IMAGES;2014;720016179;720016724;SCAN;1;1;2856;;;3526;;1
IMAGES;2014;730000031;730000015;CAM;3;3;622;0;759;9832;0;0
IMAGES;2014;730000031;730000015;IRM;1;1;2314;;138;4442;25;
IMAGES;2014;730000031;730000015;LITHO;1;1;215;;;;;
IMAGES;2014;730000031;730000015;MAMM;1;1;;;;2621;;
IMAGES;2014;730000031;730000015;RADIO;4;4;20922;;47;36649;1044;
IMAGES;2014;730000031;730000015;SCAN;2;2;10103;;150;7227;176;
IMAGES;2014;730000031;730000015;TOMO;1;1;531;0;246;4782;0;
IMAGES;2014;730000031;730000015;VASC;2;2;2412;;;14;;
IMAGES;2014;730000049;730002839;RADIO;3;3;3556;8;;6493;58;0
IMAGES;2014;730000049;730002839;SCAN;1;1;1695;5;;1666;17;0
IMAGES;2014;730000080;730780103;RADIO;2;2;5386;;;9628;;
IMAGES;2014;730000080;730780103;SCAN;1;1;2642;;;5792;;
IMAGES;2014;730000098;730780111;IRM;1;1;42;16;;;;0
IMAGES;2014;730000098;730780111;RADIO;4;4;7311;584;;9564;;0
IMAGES;2014;730000098;730780111;SCAN;1;1;1082;102;;;;0
IMAGES;2014;730000247;730780525;RADIO;1;1;2554;0;0;6958;46;0
IMAGES;2014;730000247;730780525;SCAN;1;1;1047;0;0;3546;9;0
IMAGES;2014;730000262;730002839;IRM;1;1;199;64;;1459;0;0
IMAGES;2014;730000262;730002839;RADIO;3;3;6162;30;;11586;200;0
IMAGES;2014;730000262;730002839;SCAN;1;1;2380;9;;3053;47;0
IMAGES;2014;730000304;730780582;RADIO;1;1;628;;54;;0;
IMAGES;2014;730004298;730010048;IRM;1;0;;;;;;0
IMAGES;2014;730004298;730010048;LITHO;1;1;49;;;;;1
IMAGES;2014;730004298;730010048;MAMM;1;;;;;;;
IMAGES;2014;730004298;730010048;RADIO;3;;;;;;;
IMAGES;2014;730004298;730010048;SCAN;1;0;;;;;;0
IMAGES;2014;730004298;730010048;VASC;1;;;;;;;1
IMAGES;2014;730004298;730010048;dtIRM2;1;;;;;;;
IMAGES;2014;740000237;740781133;IRM;1;1;1310;44;;4475;;0
IMAGES;2014;740000237;740781133;MAMM;1;1;;;;1828;;
IMAGES;2014;740000237;740781133;RADIO;5;5;26937;328;;25770;512;1
IMAGES;2014;740000237;740781133;SCAN;2;2;13877;316;;11466;211;1
IMAGES;2014;740000237;740781133;VASC;2;2;772;;;;;1
IMAGES;2014;740000294;740781208;RADIO;1;1;1000;96;;3830;;1
IMAGES;2014;740000302;740781133;IRM;1;1;381;;;3072;;0
IMAGES;2014;740000302;740781133;MAMM;1;1;;;;7;;
IMAGES;2014;740000302;740781133;RADIO;2;2;6108;15;;10339;247;0
IMAGES;2014;740000302;740781133;SCAN;1;1;5109;22;;5148;112;1
IMAGES;2014;740000328;740790381;IRM;1;1;992;;;1430;;0
IMAGES;2014;740000328;740790381;MAMM;1;1;;;;1808;;
IMAGES;2014;740000328;740790381;RADIO;3;3;15555;;;47296;;1
IMAGES;2014;740000328;740790381;SCAN;1;1;4038;636;;3597;;1
IMAGES;2014;740780192;740780168;RADIO;1;1;553;0;0;0;0;0
IMAGES;2014;740780416;740000112;LITHO;1;1;154;;;;;
IMAGES;2014;740780416;740000112;SCAN;1;0;;;;;;0
IMAGES;2014;740780424;740000120;RADIO;2;;;;;;;
IMAGES;2014;740780424;740000120;SCAN;1;;;;;;;
IMAGES;2014;740780440;740015094;RADIO;2;;;;;;;
IMAGES;2014;740780440;740015094;SCAN;1;;;;;;;
IMAGES;2014;740781141;740790258;CAM;3;3;1014;;567;8661;;0
IMAGES;2014;740781141;740790258;IRM;1;;794;;;5572;;0
IMAGES;2014;740781141;740790258;MAMM;1;1;;;;2313;;
IMAGES;2014;740781141;740790258;RADIO;4;4;13441;;170;46048;498;0
IMAGES;2014;740781141;740790258;SCAN;1;1;5253;;22;10770;195;1
IMAGES;2014;740781166;740001839;RADIO;1;1;186;;;3133;0;0
IMAGES;2014;740781224;740001839;IRM;1;0;540;;;2199;;0
IMAGES;2014;740781224;740001839;MAMM;1;1;;;;941;;
IMAGES;2014;740781224;740001839;RADIO;3;3;10426;7;40;13893;296;1
IMAGES;2014;740781224;740001839;SCAN;1;1;4560;20;207;7448;42;1
IMAGES;2014;750000481;750110025;IRM;1;1;91;0;0;7510;155;0
IMAGES;2014;750000481;750110025;SCAN;1;1;226;0;0;4921;46;0
IMAGES;2014;750000481;750110025;dtIRM2;1;1;91;0;0;7510;;0
IMAGES;2014;750000499;750140014;IRM;2;2;5091;0;649;7556;75;0
IMAGES;2014;750000499;750140014;SCAN;1;1;2893;0;74;1214;14;1
IMAGES;2014;750000499;750140014;VASC;1;1;291;0;17;0;2;1
IMAGES;2014;750000499;750140014;dtIRM2;1;1;1206;0;107;3543;;0
IMAGES;2014;750000523;750150120;IRM;2;2;4623;;3197;13633;68;0
IMAGES;2014;750000523;750150120;MAMM;1;1;;;;1278;;
IMAGES;2014;750000523;750150120;RADIO;3;3;15987;;662;31874;806;1
IMAGES;2014;750000523;750150120;SCAN;2;2;30033;;754;36408;619;1
IMAGES;2014;750000523;750150120;VASC;3;3;3104;;;;25;1
IMAGES;2014;750000523;750150120;dtIRM2;1;1;2310;;1405;;;0
IMAGES;2014;750000549;750150229;IRM;2;1;2666;;;4776;39;0
IMAGES;2014;750000549;750150229;RADIO;1;1;2338;;;1322;16;1
IMAGES;2014;750000549;750150229;SCAN;1;1;3239;;;4476;30;1
IMAGES;2014;750000549;750150229;dtIRM2;1;1;2492;;;3795;;0
IMAGES;2014;750014128;750014078;RADIO;1;1;1656;0;0;0;;0
IMAGES;2014;750041543;750712184;RADIO;1;1;3316;;;5;;
IMAGES;2014;750100018;750712184;CAM;2;2;818;38;0;1837;0;0
IMAGES;2014;750100018;750712184;IRM;1;1;138;;3816;2419;12;0
IMAGES;2014;750100018;750712184;MAMM;1;1;;;;1369;;
IMAGES;2014;750100018;750712184;RADIO;4;4;112;;;13418;;1
IMAGES;2014;750100018;750712184;SCAN;1;1;894;;;6175;24;0
IMAGES;2014;750100042;750712184;CAM;2;2;925;5;11;3945;;0
IMAGES;2014;750100042;750712184;IRM;2;2;4932;133;5;5532;;0
IMAGES;2014;750100042;750712184;MAMM;1;1;;;;;;
IMAGES;2014;750100042;750712184;RADIO;8;8;39679;36;1;40839;;0
IMAGES;2014;750100042;750712184;SCAN;2;2;14643;78;19;12196;;0
IMAGES;2014;750100042;750712184;VASC;2;2;1893;28;13;36;;0
IMAGES;2014;750100042;750712184;dtIRM2;1;1;1447;78;1;1009;;0
IMAGES;2014;750100075;750712184;CAM;2;2;874;1;1;2746;;1
IMAGES;2014;750100075;750712184;IRM;1;1;1048;2;0;3128;0;1
IMAGES;2014;750100075;750712184;LITHO;1;1;114;;;3;;1
IMAGES;2014;750100075;750712184;MAMM;2;2;;;;3420;;
IMAGES;2014;750100075;750712184;RADIO;5;5;27853;6;0;17275;314;1
IMAGES;2014;750100075;750712184;SCAN;2;2;9159;11;2;5798;183;1
IMAGES;2014;750100075;750712184;TOMO;1;1;500;21;0;2639;;1
IMAGES;2014;750100083;750712184;RADIO;2;2;2809;9;4;2422;0;0
IMAGES;2014;750100091;750712184;CAM;2;2;1626;28;6;3961;0;0
IMAGES;2014;750100091;750712184;IRM;2;2;3955;120;19;8038;6;0
IMAGES;2014;750100091;750712184;RADIO;4;4;32228;63;11;32263;1158;1
IMAGES;2014;750100091;750712184;SCAN;2;2;12748;228;18;9155;137;1
IMAGES;2014;750100091;750712184;VASC;1;1;519;8;6;10;0;1
IMAGES;2014;750100091;750712184;dtIRM2;1;1;2201;49;8;3993;;1
IMAGES;2014;750100109;750712184;CAM;3;3;237;242;59;1611;0;
IMAGES;2014;750100109;750712184;IRM;1;1;997;3;25;3000;1;0
IMAGES;2014;750100109;750712184;RADIO;3;3;17103;45;85;21562;168;1
IMAGES;2014;750100109;750712184;SCAN;1;1;1128;652;53;1482;10;1
IMAGES;2014;750100125;750712184;CAM;3;3;1442;5;36;3543;;0
IMAGES;2014;750100125;750712184;IRM;5;5;12346;691;120;13909;;0
IMAGES;2014;750100125;750712184;LITHO;1;1;94;;;;;1
IMAGES;2014;750100125;750712184;MAMM;1;1;;;;1168;;
IMAGES;2014;750100125;750712184;RADIO;10;10;87724;88;3;57922;;0
IMAGES;2014;750100125;750712184;SCAN;4;4;35360;253;38;18223;;1
IMAGES;2014;750100125;750712184;TOMO;1;1;667;5;9;1717;;0
IMAGES;2014;750100125;750712184;VASC;9;9;9631;1453;613;1111;;1
IMAGES;2014;750100125;750712184;dtIRM2;2;2;6154;133;84;7315;;0
IMAGES;2014;750100166;750712184;CAM;3;3;1214;231;0;3701;0;0
IMAGES;2014;750100166;750712184;IRM;2;2;2561;9;0;5415;17;
IMAGES;2014;750100166;750712184;LITHO;1;1;;;;;;
IMAGES;2014;750100166;750712184;RADIO;8;8;51388;0;0;20902;863;1
IMAGES;2014;750100166;750712184;SCAN;3;3;18131;683;0;8937;355;1
IMAGES;2014;750100166;750712184;VASC;2;2;407;4;0;131;17;1
IMAGES;2014;750100166;750712184;dtIRM2;1;1;564;24;0;2762;;0
IMAGES;2014;750100208;750712184;IRM;2;2;4502;43;186;6784;;0
IMAGES;2014;750100208;750712184;MAMM;1;1;;;;1321;;
IMAGES;2014;750100208;750712184;RADIO;5;5;33984;90;710;26902;;
IMAGES;2014;750100208;750712184;SCAN;2;2;7507;104;173;6436;;1
IMAGES;2014;750100208;750712184;VASC;2;2;811;26;;100;;
IMAGES;2014;750100216;750712184;RADIO;1;1;2196;;;4;;0
IMAGES;2014;750100232;750712184;CAM;3;3;2425;;;6002;;0
IMAGES;2014;750100232;750712184;IRM;2;2;6087;;;2555;;0
IMAGES;2014;750100232;750712184;RADIO;7;;74687;;;29865;;0
IMAGES;2014;750100232;750712184;SCAN;3;3;23081;;;7926;;1
IMAGES;2014;750100232;750712184;TOMO;1;1;1205;;;2200;;0
IMAGES;2014;750100232;750712184;VASC;2;;1164;;;99;;1
IMAGES;2014;750100232;750712184;dtIRM2;1;1;2627;;;1257;;0
IMAGES;2014;750100273;750712184;CAM;1;1;400;4;0;1027;0;0
IMAGES;2014;750100273;750712184;IRM;2;2;2074;111;2;7759;64;0
IMAGES;2014;750100273;750712184;MAMM;1;1;;;;4711;;
IMAGES;2014;750100273;750712184;RADIO;4;4;26801;331;5;25606;853;0
IMAGES;2014;750100273;750712184;SCAN;2;2;10238;40;4;12967;399;1
IMAGES;2014;750100273;750712184;TOMO;1;1;309;49;0;3035;0;0
IMAGES;2014;750100273;750712184;VASC;1;1;944;124;1;54;13;1
IMAGES;2014;750100299;750712184;RADIO;2;2;2939;0;0;976;0;0
IMAGES;2014;750120016;750821092;CAM;1;1;141;;;2892;;0
IMAGES;2014;750120016;750821092;IRM;1;1;1550;;;3372;4;0
IMAGES;2014;750120016;750821092;RADIO;2;2;5912;;;6991;;0
IMAGES;2014;750120016;750821092;SCAN;1;1;3654;;;6574;47;1
IMAGES;2014;750120016;750821092;TOMO;1;1;208;;;2588;;0
IMAGES;2014;750120016;750821092;dtIRM2;1;1;1550;;;3372;;0
IMAGES;2014;750150104;750720476;IRM;1;1;1355;;;5714;;0
IMAGES;2014;750150104;750720476;RADIO;3;3;26279;;;11895;87;1
IMAGES;2014;750150104;750720476;SCAN;2;2;5854;;;10499;5;1
IMAGES;2014;750150104;750720476;VASC;2;2;7088;;;553;6;1
IMAGES;2014;750150146;750720609;MAMM;1;1;;;;368;;
IMAGES;2014;750150146;750720609;RADIO;2;2;3662;;;2712;;
IMAGES;2014;750150237;750006728;RADIO;3;3;10826;60;;19368;180;1
IMAGES;2014;750150237;750006728;SCAN;1;1;3274;1089;;9971;14;1
IMAGES;2014;750150252;750720575;RADIO;1;;;;;;;0
IMAGES;2014;750150260;750006728;MAMM;2;2;;;;3137;;
IMAGES;2014;750150260;750006728;RADIO;1;1;909;;;3819;;0
IMAGES;2014;750150344;750720468;RADIO;2;2;539;;;;;0
IMAGES;2014;750160012;750813321;CAM;1;1;180;0;0;4186;0;0
IMAGES;2014;750160012;750813321;IRM;1;1;465;0;0;2780;0;0
IMAGES;2014;750160012;750813321;MAMM;3;3;;;;4409;;
IMAGES;2014;750160012;750813321;RADIO;2;2;3298;0;0;13192;8;0
IMAGES;2014;750160012;750813321;SCAN;1;1;1709;0;0;5352;0;1
IMAGES;2014;750160012;750813321;TOMO;1;1;133;0;0;2309;0;0
IMAGES;2014;750300071;750000598;RADIO;2;;;;;;;
IMAGES;2014;750300071;750000598;SCAN;1;0;;;;;;
IMAGES;2014;750300089;750000606;IRM;1;1;9022;;;;;
IMAGES;2014;750300097;750813305;MAMM;1;1;;;;;;
IMAGES;2014;750300097;750813305;RADIO;3;3;1;;;;;
IMAGES;2014;750300097;750813305;SCAN;1;1;2;;;;;
IMAGES;2014;750300121;750052037;MAMM;1;0;;;;;;
IMAGES;2014;750300121;750052037;RADIO;2;0;;;;;;1
IMAGES;2014;750300139;750000655;LITHO;1;1;;;;;;
IMAGES;2014;750300139;750000655;RADIO;1;1;;;;;;
IMAGES;2014;750300139;750000655;SCAN;1;1;;;;;;
IMAGES;2014;750300139;750000655;VASC;2;2;;;;;;
IMAGES;2014;750300154;750000671;IRM;1;;;;;;;
IMAGES;2014;750300154;750000671;RADIO;2;;;;;;;
IMAGES;2014;750300154;750000671;SCAN;1;;;;;;;
IMAGES;2014;750300154;750000671;VASC;2;;;;;;;
IMAGES;2014;750300360;750026569;IRM;1;1;68;;;8351;;0
IMAGES;2014;750300360;750026569;MAMM;1;1;;;;;;
IMAGES;2014;750300360;750026569;RADIO;2;2;3509;;;9708;;0
IMAGES;2014;750300360;750026569;SCAN;1;1;317;;;8307;;1
IMAGES;2014;750300493;750000796;RADIO;1;;;;;;;
IMAGES;2014;750300592;750000820;LITHO;1;1;408;;;;0;0
IMAGES;2014;750300592;750000820;MAMM;1;;;;;;;
IMAGES;2014;750300592;750000820;RADIO;2;0;;;;;;
IMAGES;2014;750300766;750056145;IRM;1;1;221;;130;7124;0;1
IMAGES;2014;750300766;750056145;MAMM;1;;;;;;;
IMAGES;2014;750300766;750056145;RADIO;2;;;;;;;
IMAGES;2014;750300766;750056145;SCAN;1;1;1457;;144;9091;1;1
IMAGES;2014;750300774;750000895;RADIO;2;;;;;;;
IMAGES;2014;750300857;750000911;RADIO;1;;;;;;;0
IMAGES;2014;750300881;750000937;RADIO;2;2;1123;;;970;7;1
IMAGES;2014;750300915;750000960;RADIO;2;2;3420;;202;7531;;1
IMAGES;2014;750300915;750000960;SCAN;1;1;830;;73;5501;;1
IMAGES;2014;750300915;750000960;VASC;1;1;753;;;;;1
IMAGES;2014;750801441;750712184;RADIO;1;1;3535;;;;;0
IMAGES;2014;750803447;750712184;CAM;2;2;1055;55;5;1900;;0
IMAGES;2014;750803447;750712184;IRM;2;2;1751;140;1;4804;0;0
IMAGES;2014;750803447;750712184;MAMM;1;1;;;;;;
IMAGES;2014;750803447;750712184;RADIO;10;10;56264;35;;36488;718;1
IMAGES;2014;750803447;750712184;SCAN;2;2;16633;20;;9161;347;1
IMAGES;2014;750803447;750712184;TOMO;2;2;706;348;7;2933;;0
IMAGES;2014;750803447;750712184;VASC;3;3;5466;381;34;615;27;1
IMAGES;2014;750803454;750712184;IRM;1;1;2088;13;15;2274;;0
IMAGES;2014;750803454;750712184;RADIO;3;3;17208;20;7;35967;;
IMAGES;2014;750803454;750712184;SCAN;1;1;1111;7;10;1866;;0
IMAGES;2014;750808578;750813032;RADIO;2;2;1766;;;461;;0
IMAGES;2014;760000018;760780023;IRM;2;2;430;;;;;0
IMAGES;2014;760000018;760780023;MAMM;1;1;;;;1196;;
IMAGES;2014;760000018;760780023;RADIO;4;4;8667;;;;400;1
IMAGES;2014;760000018;760780023;SCAN;2;2;3119;;;9200;114;0
IMAGES;2014;760000018;760780023;dtIRM1;1;1;345;;;1793;;0
IMAGES;2014;760000018;760780023;dtIRM2;1;1;85;;;2716;;0
IMAGES;2014;760000042;760780056;RADIO;1;1;865;0;0;5469;89;0
IMAGES;2014;760000059;760780064;RADIO;1;1;1139;;2875;;;1
IMAGES;2014;760000141;760780239;RADIO;2;2;4173;;;10442;;0
IMAGES;2014;760000141;760780239;SCAN;1;1;233;;;737;;0
IMAGES;2014;760000158;760780239;IRM;4;4;4070;;;9525;;0
IMAGES;2014;760000158;760780239;LITHO;1;1;128;11;;56;;1
IMAGES;2014;760000158;760780239;MAMM;2;2;;;;1628;;
IMAGES;2014;760000158;760780239;RADIO;9;9;62731;;;62064;;1
IMAGES;2014;760000158;760780239;SCAN;3;3;20028;;;12912;;1
IMAGES;2014;760000158;760780239;VASC;2;2;1869;;;174;;1
IMAGES;2014;760000158;760780239;dtIRM2;1;1;964;;;2861;;0
IMAGES;2014;760000166;760780247;CAM;3;3;195;793;230;8040;;
IMAGES;2014;760000166;760780247;IRM;1;1;1652;;;;;
IMAGES;2014;760000166;760780247;MAMM;2;2;;;;;;
IMAGES;2014;760000166;760780247;RADIO;2;2;10549;;;;;
IMAGES;2014;760000166;760780247;SCAN;1;1;5341;;;;;
IMAGES;2014;760000166;760780247;TOMO;2;2;57;332;15;4752;;
IMAGES;2014;760000356;760780726;RADIO;1;1;214;233;;3074;;0
IMAGES;2014;760000356;760780726;SCAN;1;1;147;60;;5365;;0
IMAGES;2014;760000364;760780734;RADIO;2;2;4149;98;809;12351;231;0
IMAGES;2014;760000364;760780734;SCAN;1;1;3022;69;288;3970;48;0
IMAGES;2014;760000372;760780742;RADIO;1;1;11057;41;1800;2606;169;0
IMAGES;2014;760000372;760780742;SCAN;1;1;826;39;0;2520;20;0
IMAGES;2014;760000463;760024042;IRM;1;1;233;;;1784;;
IMAGES;2014;760000463;760024042;MAMM;1;1;;;;723;;
IMAGES;2014;760000463;760024042;RADIO;3;3;12602;;;24694;493;
IMAGES;2014;760000463;760024042;SCAN;2;2;6002;;;10220;122;1
IMAGES;2014;760021329;760000448;IRM;1;;;;;;;
IMAGES;2014;760021329;760000448;MAMM;1;;;;;;;
IMAGES;2014;760021329;760000448;RADIO;3;;;;;;;
IMAGES;2014;760021329;760000448;SCAN;1;;;;;;;
IMAGES;2014;760021329;760000448;VASC;1;;;;;;;
IMAGES;2014;760027292;760027300;LITHO;1;;;;;;;
IMAGES;2014;760027292;760027300;MAMM;1;;;;;;;
IMAGES;2014;760027292;760027300;SCAN;1;0;;;;;;
IMAGES;2014;760780205;760000125;MAMM;1;;;;;;;
IMAGES;2014;760780205;760000125;RADIO;1;;;;;;;
IMAGES;2014;760780510;760000257;IRM;2;;;;;;;
IMAGES;2014;760780510;760000257;LITHO;1;1;100;;;;;
IMAGES;2014;760780510;760000257;RADIO;3;;;;;;;
IMAGES;2014;760780510;760000257;SCAN;1;;;;;;;
IMAGES;2014;760780510;760000257;dtIRM1;1;;;;;;;
IMAGES;2014;760783159;760000851;RADIO;1;1;801;;;;;0
IMAGES;2014;760783522;760780239;RADIO;3;3;15076;;;7776;;1
IMAGES;2014;760783522;760780239;SCAN;1;1;3040;;;3306;;1
IMAGES;2014;760783530;760780239;RADIO;1;1;265;;;3;;
IMAGES;2014;760805770;760780726;IRM;2;2;1684;77;;7643;9;0
IMAGES;2014;760805770;760780726;MAMM;1;1;;;;1451;;
IMAGES;2014;760805770;760780726;RADIO;7;7;32598;534;;40266;;1
IMAGES;2014;760805770;760780726;SCAN;2;2;8339;81;;2604;138;1
IMAGES;2014;760805770;760780726;VASC;1;1;211;;;237;;1
IMAGES;2014;770000131;770110013;IRM;1;1;665;3;;3202;;0
IMAGES;2014;770000131;770110013;MAMM;1;1;;;;354;;
IMAGES;2014;770000131;770110013;RADIO;3;3;10307;86;;23306;392;0
IMAGES;2014;770000131;770110013;SCAN;1;1;3495;9;;4963;31;0
IMAGES;2014;770000149;770110021;IRM;0;0;193;1;;2188;;0
IMAGES;2014;770000149;770110021;MAMM;1;1;;;;2133;;
IMAGES;2014;770000149;770110021;RADIO;3;3;5043;84;;19972;346;1
IMAGES;2014;770000149;770110021;SCAN;1;1;2502;18;17;5685;34;1
IMAGES;2014;770000156;770110054;IRM;1;1;439;;;4510;;
IMAGES;2014;770000156;770110054;MAMM;1;1;;;;;;
IMAGES;2014;770000156;770110054;RADIO;4;4;12822;;;31740;635;1
IMAGES;2014;770000156;770110054;SCAN;2;2;3481;;;9472;127;1
IMAGES;2014;770000164;770110062;MAMM;1;1;;;;925;;
IMAGES;2014;770000164;770110062;RADIO;4;4;4510;;;24175;;
IMAGES;2014;770000164;770110062;SCAN;1;1;1220;;;3301;;
IMAGES;2014;770000172;770110070;IRM;1;1;321;;;4556;3;0
IMAGES;2014;770000172;770110070;RADIO;4;4;5297;;;19652;244;1
IMAGES;2014;770000172;770110070;SCAN;1;1;2976;;;9876;1409;1
IMAGES;2014;770000214;770130052;MAMM;1;1;;;;274;;
IMAGES;2014;770000214;770130052;RADIO;3;3;2371;55;;13954;167;0
IMAGES;2014;770000214;770130052;SCAN;1;1;930;18;;2812;11;0
IMAGES;2014;770000420;770700029;RADIO;1;1;927;;;;;0
IMAGES;2014;770000446;770700185;IRM;2;2;2502;;;4459;25;0
IMAGES;2014;770000446;770700185;LITHO;1;1;205;;;;;
IMAGES;2014;770000446;770700185;MAMM;1;1;;;;401;;
IMAGES;2014;770000446;770700185;RADIO;8;8;19789;;;42970;975;1
IMAGES;2014;770000446;770700185;SCAN;2;2;5487;;;9986;159;1
IMAGES;2014;770000446;770700185;dtIRM2;1;1;;;;588;;0
IMAGES;2014;770019032;770170017;IRM;1;1;1047;;;3513;;0
IMAGES;2014;770019032;770170017;MAMM;1;1;;;;1072;;
IMAGES;2014;770019032;770170017;RADIO;4;4;22540;;;32436;1065;0
IMAGES;2014;770019032;770170017;SCAN;2;2;6696;;;7559;672;0
IMAGES;2014;770019032;770170017;VASC;3;3;5053;;;55;;0
IMAGES;2014;770150019;770019792;SCAN;1;;;;;;;
IMAGES;2014;770150027;750720575;RADIO;1;1;402;0;0;0;0;0
IMAGES;2014;770300010;770004299;SCAN;1;1;1957;;;;218;
IMAGES;2014;770300135;770000289;RADIO;2;;4267;;22;20971;164;1
IMAGES;2014;770300135;770000289;SCAN;1;1;603;;309;8423;0;1
IMAGES;2014;770300135;770000289;VASC;2;;;;;;;
IMAGES;2014;770700011;750042590;RADIO;2;2;4584;;;;;
IMAGES;2014;770790707;770000719;IRM;1;;;;;;;
IMAGES;2014;770790707;770000719;MAMM;1;;;;;;;
IMAGES;2014;770790707;770000719;RADIO;3;;;;;;;
IMAGES;2014;770790707;770000719;SCAN;1;;;;;;;
IMAGES;2014;770803989;770000925;RADIO;1;1;570;;;;;
IMAGES;2014;780000287;780110011;IRM;1;1;5029;;;3552;;0
IMAGES;2014;780000287;780110011;MAMM;1;1;;;;;;
IMAGES;2014;780000287;780110011;RADIO;3;3;33966;;;;;0
IMAGES;2014;780000287;780110011;SCAN;1;1;18213;;;11794;166;0
IMAGES;2014;780000287;780110011;dtIRM1;1;1;2163;;;504;;0
IMAGES;2014;780000295;780002697;MAMM;1;1;;;;694;;
IMAGES;2014;780000295;780002697;RADIO;4;4;5900;0;0;19987;;1
IMAGES;2014;780000295;780002697;SCAN;1;1;3656;0;0;5513;;0
IMAGES;2014;780000303;780110037;RADIO;2;2;2675;812;;172;;1
IMAGES;2014;780000311;780001236;IRM;2;2;2294;104;3583;9922;;1
IMAGES;2014;780000311;780001236;RADIO;4;3;8421;231;1;17157;;0
IMAGES;2014;780000311;780001236;SCAN;2;2;11575;356;861;21814;;1
IMAGES;2014;780000311;780001236;VASC;2;2;1601;31;18;277;;1
IMAGES;2014;780000329;780110052;IRM;1;1;406;;;5562;16;0
IMAGES;2014;780000329;780110052;RADIO;2;2;4645;;;23712;385;0
IMAGES;2014;780000329;780110052;SCAN;2;2;2617;;;14529;102;0
IMAGES;2014;780000337;780001236;CAM;1;1;80;19;;2582;;1
IMAGES;2014;780000337;780001236;MAMM;1;1;;;;412;;
IMAGES;2014;780000337;780001236;RADIO;3;3;1490;186;43;7026;;1
IMAGES;2014;780000337;780001236;SCAN;2;2;5264;504;5485;9773;;1
IMAGES;2014;780000352;780110094;RADIO;2;2;2291;;;658;;0
IMAGES;2014;780000378;780130027;RADIO;1;1;568;;;15677;;0
IMAGES;2014;780000386;780021788;RADIO;1;1;610;;;;;0
IMAGES;2014;780000436;780150041;RADIO;3;3;1112;;;9300;;
IMAGES;2014;780000436;780150041;SCAN;1;1;418;;176;545;;
IMAGES;2014;780001657;780530010;RADIO;1;1;253;;;;;
IMAGES;2014;780008298;750043994;RADIO;1;1;462;;;;;0
IMAGES;2014;780022646;920002615;IRM;1;1;139;24;;;;0
IMAGES;2014;780022646;920002615;SCAN;1;1;1440;77;;;;0
IMAGES;2014;780140018;750005068;RADIO;1;1;1387;310;;;;
IMAGES;2014;780150017;750005068;RADIO;1;1;917;;;;;0
IMAGES;2014;780150066;780808614;IRM;1;1;191;;;6810;;0
IMAGES;2014;780150066;780808614;RADIO;1;1;8311;;;;;0
IMAGES;2014;780150066;780808614;SCAN;1;1;2472;;;5413;;0
IMAGES;2014;780300075;780000485;RADIO;1;1;2907;;;;;0
IMAGES;2014;780300075;780000485;VASC;2;2;2429;;;;;1
IMAGES;2014;780300208;780000576;SCAN;1;;;;;;;
IMAGES;2014;780300323;780003679;IRM;1;;;;;;;
IMAGES;2014;780300323;780003679;SCAN;1;;;;;;;
IMAGES;2014;780300364;780003679;MAMM;1;;;;;;;
IMAGES;2014;780300364;780003679;RADIO;1;;;;;;;
IMAGES;2014;780300406;780018032;CAM;1;1;79;;;;;0
IMAGES;2014;780300406;780018032;IRM;1;1;205;;;;;0
IMAGES;2014;780300406;780018032;LITHO;1;1;63;;;;;1
IMAGES;2014;780300406;780018032;SCAN;1;1;1050;;;;;0
IMAGES;2014;780300406;780018032;VASC;2;2;3334;;;;;1
IMAGES;2014;780300414;780000675;CAM;1;0;;;;;;
IMAGES;2014;780300414;780000675;IRM;1;0;;;;;;
IMAGES;2014;780300414;780000675;LITHO;1;0;;;;;;
IMAGES;2014;780300414;780000675;RADIO;13;0;;;;;;
IMAGES;2014;780300414;780000675;SCAN;2;0;;;;;;
IMAGES;2014;780300414;780000675;VASC;1;0;;;;;;
IMAGES;2014;780300422;780002259;IRM;2;2;141;;195;13159;;0
IMAGES;2014;780300422;780002259;MAMM;1;0;;;;;;
IMAGES;2014;780300422;780002259;RADIO;2;0;;;;;;0
IMAGES;2014;780300422;780002259;SCAN;2;2;852;;380;13913;32;0
IMAGES;2014;780300455;780000717;IRM;1;1;15;;26;8005;0;0
IMAGES;2014;780300455;780000717;SCAN;1;1;94;;244;12407;2;0
IMAGES;2014;780630026;750803900;RADIO;1;1;378;;;23;;
IMAGES;2014;780800256;780110078;CAM;2;2;497;;;2386;0;0
IMAGES;2014;780800256;780110078;IRM;1;1;2856;;;3605;31;0
IMAGES;2014;780800256;780110078;MAMM;1;1;;;;870;;
IMAGES;2014;780800256;780110078;RADIO;10;10;42954;;;55126;;1
IMAGES;2014;780800256;780110078;SCAN;2;2;13745;;;8461;336;1
IMAGES;2014;780800256;780110078;VASC;1;1;1835;;;120;;1
IMAGES;2014;780825816;780003638;RADIO;1;1;186;;100;79;;0
IMAGES;2014;790000087;790000012;IRM;1;1;1059;;;11707;;0
IMAGES;2014;790000087;790000012;MAMM;1;1;;;;1556;;
IMAGES;2014;790000087;790000012;RADIO;6;6;18635;;;52390;606;1
IMAGES;2014;790000087;790000012;SCAN;2;2;9761;;;24953;164;1
IMAGES;2014;790000087;790000012;VASC;1;1;1710;;;;4;1
IMAGES;2014;790000095;790006654;IRM;0;0;6;;;477;;0
IMAGES;2014;790000095;790006654;MAMM;1;1;;;;1124;;
IMAGES;2014;790000095;790006654;RADIO;5;5;6728;92;0;19843;289;0
IMAGES;2014;790000095;790006654;SCAN;1;1;1267;289;0;2937;8;0
IMAGES;2014;790000103;790006654;RADIO;3;3;3022;29;;7819;173;0
IMAGES;2014;790000681;790002497;RADIO;1;1;558;;;;;0
IMAGES;2014;790003537;790006654;IRM;1;1;12;2;;758;1;0
IMAGES;2014;790003537;790006654;MAMM;1;1;;;;345;;
IMAGES;2014;790003537;790006654;RADIO;5;5;5368;149;;13225;119;0
IMAGES;2014;790003537;790006654;SCAN;1;1;1715;333;;3247;13;0
IMAGES;2014;790009948;790001242;IRM;1;;;;;;;
IMAGES;2014;790009948;790001242;SCAN;1;;;;;;;
IMAGES;2014;800000143;800000028;IRM;1;1;111;0;0;2405;0;0
IMAGES;2014;800000143;800000028;LITHO;1;1;72;0;0;0;0;0
IMAGES;2014;800000143;800000028;MAMM;1;1;;;;584;;
IMAGES;2014;800000143;800000028;RADIO;6;6;16772;0;0;24114;330;0
IMAGES;2014;800000143;800000028;SCAN;1;1;4628;0;0;4870;73;0
IMAGES;2014;800000184;800000036;RADIO;3;3;429;;;4919;;0
IMAGES;2014;800000192;800000044;IRM;;;1818;;;2948;;1
IMAGES;2014;800000192;800000044;RADIO;2;2;16141;;;41452;;1
IMAGES;2014;800000192;800000044;SCAN;1;1;5806;;;13084;;1
IMAGES;2014;800000192;800000044;VASC;;;1356;;;462;;0
IMAGES;2014;800000200;800000051;RADIO;2;;;;;5653;;
IMAGES;2014;800000226;800000069;RADIO;2;2;2173;;;7898;98;0
IMAGES;2014;800000226;800000069;SCAN;1;1;1065;;;1785;5;0
IMAGES;2014;800000275;800000077;RADIO;1;;;;;;;
IMAGES;2014;800000390;800000085;RADIO;1;1;605;;;11422;130;0
IMAGES;2014;800000390;800000085;SCAN;1;1;609;;;3958;11;0
IMAGES;2014;800000432;800000093;MAMM;1;1;;;;409;;
IMAGES;2014;800000432;800000093;RADIO;2;2;5815;162;5;10552;172;0
IMAGES;2014;800000432;800000093;SCAN;1;1;1803;52;53;5295;24;0
IMAGES;2014;800000507;800000135;RADIO;1;1;592;102;;372;0;0
IMAGES;2014;800000614;800000044;RADIO;1;1;304;;;51;;0
IMAGES;2014;800002610;800000044;MAMM;2;2;;;;;;
IMAGES;2014;800002610;800000044;RADIO;1;;;;;;;
IMAGES;2014;800006124;800000044;CAM;3;3;1647;;181;4688;0;0
IMAGES;2014;800006124;800000044;IRM;3;3;1291;;;5061;75;1
IMAGES;2014;800006124;800000044;LITHO;1;1;30;;;;;1
IMAGES;2014;800006124;800000044;MAMM;2;2;;;;1271;;
IMAGES;2014;800006124;800000044;RADIO;11;11;22137;;;24174;785;1
IMAGES;2014;800006124;800000044;SCAN;4;4;8486;;;13016;250;1
IMAGES;2014;800006124;800000044;TOMO;1;1;320;;63;1846;0;0
IMAGES;2014;800006124;800000044;VASC;5;5;2197;;;111;15;0
IMAGES;2014;800006124;800000044;dtIRM2;1;1;272;;;575;;0
IMAGES;2014;800009920;800003071;RADIO;3;;;;;;;
IMAGES;2014;800009920;800003071;VASC;1;1;13;;;;;
IMAGES;2014;800013179;800013138;RADIO;1;;;;;;;
IMAGES;2014;800015729;800015679;RADIO;1;1;16718;;;;;0
IMAGES;2014;800015729;800015679;VASC;2;2;2167;;;;;1
IMAGES;2014;810000224;810000471;IRM;1;;;;;;;
IMAGES;2014;810000224;810000471;SCAN;1;1;8346;;;8483;;
IMAGES;2014;810000232;810099903;RADIO;1;;;;;;;0
IMAGES;2014;810000448;810099945;MAMM;1;1;;;;1474;;
IMAGES;2014;810000448;810099945;RADIO;3;3;419;;;7829;;
IMAGES;2014;810000505;810000331;CAM;2;2;502;;;5458;2;1
IMAGES;2014;810000505;810000331;IRM;1;1;503;;;2239;2;0
IMAGES;2014;810000505;810000331;MAMM;1;1;;;;542;;
IMAGES;2014;810000505;810000331;RADIO;4;4;15328;;;25990;553;0
IMAGES;2014;810000505;810000331;SCAN;1;1;8710;;;8020;211;0
IMAGES;2014;810000513;810000349;RADIO;1;1;758;134;;;;
IMAGES;2014;810000521;810000380;IRM;1;0;327;;;;;0
IMAGES;2014;810000521;810000380;RADIO;5;5;10352;373;23;40696;752;1
IMAGES;2014;810000521;810000380;SCAN;1;1;4503;129;9;9702;55;1
IMAGES;2014;810000562;810000455;MAMM;1;1;;;;798;;
IMAGES;2014;810000562;810000455;RADIO;2;2;2607;117;98;12799;144;0
IMAGES;2014;810000562;810000455;SCAN;1;1;1527;39;249;3931;14;0
IMAGES;2014;820000032;820000016;IRM;1;1;825;18;10;4660;8;0
IMAGES;2014;820000032;820000016;MAMM;1;1;;;;1086;;
IMAGES;2014;820000032;820000016;RADIO;3;3;15551;191;5;25251;627;1
IMAGES;2014;820000032;820000016;SCAN;1;1;6243;75;22;5944;202;1
IMAGES;2014;820000057;820000131;CAM;2;;;;;;;
IMAGES;2014;820000057;820000131;IRM;1;;;;;;;
IMAGES;2014;820000057;820000131;LITHO;1;;;;;;;
IMAGES;2014;820000057;820000131;MAMM;1;;;;;;;
IMAGES;2014;820000057;820000131;RADIO;5;;;;;;;
IMAGES;2014;820000057;820000131;SCAN;1;;;;;;;
IMAGES;2014;820000057;820000131;VASC;1;;;;;;;
IMAGES;2014;820000057;820000131;dtIRM1;1;;;;;;;
IMAGES;2014;820000883;820004950;MAMM;1;1;;;;2325;;
IMAGES;2014;820000883;820004950;RADIO;2;2;3325;0;0;21940;229;1
IMAGES;2014;820000883;820004950;SCAN;1;1;1979;0;0;4535;55;1
IMAGES;2014;820002350;820000578;RADIO;1;1;1172;0;0;4;0;0
IMAGES;2014;830000279;830100517;RADIO;2;2;5921;100;;12276;286;0
IMAGES;2014;830000279;830100517;SCAN;1;1;4030;33;5476;2050;72;0
IMAGES;2014;830000287;830100525;IRM;1;1;566;2;6;2544;1;0
IMAGES;2014;830000287;830100525;RADIO;3;3;12886;65;50;16137;598;1
IMAGES;2014;830000287;830100525;SCAN;1;1;4957;24;16;4241;52;1
IMAGES;2014;830000295;830100533;IRM;1;1;166;0;0;5045;;0
IMAGES;2014;830000295;830100533;MAMM;1;1;;;;1436;;
IMAGES;2014;830000295;830100533;RADIO;3;3;3973;72;;19521;225;0
IMAGES;2014;830000295;830100533;SCAN;1;1;2493;8;;12545;168;0
IMAGES;2014;830000303;830100541;RADIO;1;1;5412;;65;;;1
IMAGES;2014;830000311;830100566;CAM;2;2;259;4;;5675;0;0
IMAGES;2014;830000311;830100566;IRM;1;1;539;1;;6516;0;0
IMAGES;2014;830000311;830100566;MAMM;1;1;;;;416;;
IMAGES;2014;830000311;830100566;RADIO;3;3;6860;86;;23043;537;0
IMAGES;2014;830000311;830100566;SCAN;1;1;2885;27;;9787;87;0
IMAGES;2014;830000311;830100566;VASC;1;1;2042;0;;3;5;1
IMAGES;2014;830000337;830100590;RADIO;1;;;;;;;
IMAGES;2014;830000337;830100590;SCAN;1;0;;;;;;
IMAGES;2014;830000345;830100616;CAM;3;3;1190;62;;10949;;0
IMAGES;2014;830000345;830100616;IRM;1;1;1470;82;;4980;67;0
IMAGES;2014;830000345;830100616;MAMM;1;1;;;;1068;;
IMAGES;2014;830000345;830100616;RADIO;4;4;19532;191;;32141;1259;1
IMAGES;2014;830000345;830100616;SCAN;2;2;5524;171;;14512;235;1
IMAGES;2014;830000345;830100616;TOMO;1;1;50;13;;2712;;0
IMAGES;2014;830000345;830100616;VASC;3;3;2918;18;;261;7;1
IMAGES;2014;830016556;830000451;RADIO;1;1;250;;;;;
IMAGES;2014;830100012;750712184;RADIO;1;1;730;0;0;0;0;0
IMAGES;2014;830100251;830000063;LITHO;1;1;256;;;;;1
IMAGES;2014;830100251;830000063;MAMM;1;1;;;;;;
IMAGES;2014;830100251;830000063;RADIO;2;;;;;;;0
IMAGES;2014;830100251;830000063;SCAN;1;1;510;;129;8078;;0
IMAGES;2014;830100319;750052425;IRM;1;1;187;;64;11690;;0
IMAGES;2014;830100319;750052425;RADIO;2;;;;;;;0
IMAGES;2014;830100319;750052425;SCAN;1;1;1674;;123;10715;;0
IMAGES;2014;830100319;750052425;VASC;4;4;5399;;;;;1
IMAGES;2014;830100392;830000154;LITHO;1;;;;;;;
IMAGES;2014;830100392;830000154;MAMM;1;;;;;;;
IMAGES;2014;830100392;830000154;RADIO;1;;;;;;;
IMAGES;2014;830100392;830000154;SCAN;1;;;;;;;
IMAGES;2014;830100392;830000154;VASC;1;;;;;;;
IMAGES;2014;830100558;690781810;RADIO;2;2;6297;;;9268;0;0
IMAGES;2014;830100558;690781810;VASC;;;972;;;238;;
IMAGES;2014;830100574;750821092;CAM;2;2;363;;;3099;;0
IMAGES;2014;830100574;750821092;IRM;1;1;1134;;;4660;71;0
IMAGES;2014;830100574;750821092;RADIO;5;5;16196;;;18232;527;1
IMAGES;2014;830100574;750821092;SCAN;1;1;7875;;;7570;173;1
IMAGES;2014;830100574;750821092;TOMO;1;1;282;;;1496;;0
IMAGES;2014;830100574;750821092;VASC;2;2;5305;;;251;94;1
IMAGES;2014;830100574;750821092;dtIRM2;1;1;1134;;;4660;;0
IMAGES;2014;830100608;830100616;RADIO;2;2;1591;25;;13795;;0
IMAGES;2014;830100608;830100616;SCAN;1;1;1842;73;;5001;59;0
IMAGES;2014;830100632;250002284;RADIO;1;1;1629;;;509;;
IMAGES;2014;830100855;830000493;RADIO;1;1;1483;0;0;0;0;
IMAGES;2014;830200523;830210084;IRM;1;1;25;;;;;
IMAGES;2014;830200523;830210084;RADIO;2;2;2728;;;20971;;1
IMAGES;2014;830200523;830210084;SCAN;1;1;364;;;;;
IMAGES;2014;840000285;840000608;MAMM;1;;;;;;;
IMAGES;2014;840000285;840000608;RADIO;4;;;;;;;
IMAGES;2014;840000327;840000640;RADIO;1;;;;;;;0
IMAGES;2014;840000343;840000012;RADIO;2;2;2039;;;5537;96;0
IMAGES;2014;840000343;840000012;SCAN;1;1;2038;;;4539;44;0
IMAGES;2014;840000350;840000657;MAMM;2;2;;;;9807;;
IMAGES;2014;840000350;840000657;RADIO;2;2;1997;;;1298;;
IMAGES;2014;840000350;840000657;SCAN;1;1;1461;;;5969;;
IMAGES;2014;840000400;840000673;RADIO;2;;;;;;;
IMAGES;2014;840000418;840004659;IRM;1;1;39;;;2382;;
IMAGES;2014;840000418;840004659;MAMM;1;1;;;;;;
IMAGES;2014;840000418;840004659;RADIO;1;1;2346;;;12701;;
IMAGES;2014;840000418;840004659;SCAN;1;1;1411;;;5363;;
IMAGES;2014;840000418;840004659;dtIRM2;1;;;;;;;
IMAGES;2014;840000483;840000087;IRM;1;1;253;;;747;;
IMAGES;2014;840000483;840000087;RADIO;3;3;7520;;;14638;361;0
IMAGES;2014;840000483;840000087;SCAN;1;1;3261;;;7886;76;0
IMAGES;2014;840000491;130041916;RADIO;2;2;1602;;;8699;89;1
IMAGES;2014;840000525;840000111;MAMM;1;;;;;;;
IMAGES;2014;840000525;840000111;RADIO;3;2;1518;;503;3153;59;0
IMAGES;2014;840000533;840000129;RADIO;1;1;1150;;;3003;56;1
IMAGES;2014;840000541;840000137;RADIO;2;2;1952;;;;;0
IMAGES;2014;840000558;840004659;RADIO;1;1;717;;;729;;
IMAGES;2014;840001861;840006597;CAM;3;3;697;;;8692;;
IMAGES;2014;840001861;840006597;IRM;2;1;2083;;;5772;87;
IMAGES;2014;840001861;840006597;RADIO;6;6;33900;;;41378;933;1
IMAGES;2014;840001861;840006597;SCAN;2;2;12897;;;10867;245;1
IMAGES;2014;840001861;840006597;TOMO;1;1;108;;;2871;;
IMAGES;2014;840001861;840006597;VASC;1;1;2290;;;86;11;1
IMAGES;2014;840013312;840003685;LITHO;1;1;168;;;;;1
IMAGES;2014;840013312;840003685;RADIO;2;2;1200;;;1864;;0
IMAGES;2014;840013312;840003685;SCAN;1;1;528;;;9590;;1
IMAGES;2014;840013312;840003685;VASC;2;2;3998;;;;;1
IMAGES;2014;850000118;850013244;CAM;1;1;1;;;;;
IMAGES;2014;850000118;850013244;IRM;1;;;;;;;
IMAGES;2014;850000118;850013244;LITHO;1;1;67;;;;;
IMAGES;2014;850000118;850013244;SCAN;1;;;;;;;
IMAGES;2014;850000142;850000019;CAM;2;2;1072;59;;8917;;
IMAGES;2014;850000142;850000019;IRM;1;1;1158;36;;3473;1;0
IMAGES;2014;850000142;850000019;LITHO;1;1;10;;;68;;
IMAGES;2014;850000142;850000019;MAMM;1;1;;;;3240;;
IMAGES;2014;850000142;850000019;RADIO;6;6;29049;59;;36033;668;1
IMAGES;2014;850000142;850000019;SCAN;2;2;12154;441;;11235;168;1
IMAGES;2014;850000142;850000019;VASC;1;1;1827;;;;;1
IMAGES;2014;850000175;850009010;MAMM;1;1;;;;702;;
IMAGES;2014;850000175;850009010;RADIO;3;3;10246;328;118;17511;202;0
IMAGES;2014;850000175;850009010;SCAN;1;1;3838;500;21;5117;28;0
IMAGES;2014;850000191;850000043;RADIO;1;1;22;;;412;6;0
IMAGES;2014;850000209;850000019;MAMM;1;1;;;;2652;;
IMAGES;2014;850000209;850000019;RADIO;3;3;4681;3;;15130;152;0
IMAGES;2014;850000209;850000019;SCAN;1;1;2805;2;;5595;53;0
IMAGES;2014;850000225;850000019;RADIO;1;1;1972;;;5273;117;0
IMAGES;2014;850000241;850000084;IRM;1;;;;;;;
IMAGES;2014;850000241;850000084;SCAN;1;;;;;;;
IMAGES;2014;850000258;850000092;RADIO;1;1;440;;;;0;
IMAGES;2014;850000357;440041895;RADIO;1;1;389;0;0;60;0;0
IMAGES;2014;850000647;850011453;RADIO;1;1;584;;;3391;0;
IMAGES;2014;860000017;860780048;RADIO;3;3;1432;12;;;;0
IMAGES;2014;860000025;860013382;IRM;1;1;230;;6;2295;0;0
IMAGES;2014;860000025;860013382;LITHO;1;1;54;;;9;;0
IMAGES;2014;860000025;860013382;MAMM;1;1;;;;933;;
IMAGES;2014;860000025;860013382;RADIO;5;5;14289;6;20;21239;511;0
IMAGES;2014;860000025;860013382;SCAN;1;1;2832;;16;4121;48;0
IMAGES;2014;860000033;860013382;IRM;1;1;59;;;1430;0;0
IMAGES;2014;860000033;860013382;MAMM;1;1;;;;798;;
IMAGES;2014;860000033;860013382;RADIO;3;3;1301;;;11203;61;0
IMAGES;2014;860000033;860013382;SCAN;1;1;435;;;1238;0;0
IMAGES;2014;860000058;860780097;MAMM;1;1;;;;1920;;
IMAGES;2014;860000058;860780097;RADIO;3;3;4778;300;;11065;67;0
IMAGES;2014;860000058;860780097;SCAN;1;1;1716;;;8891;14;0
IMAGES;2014;860000223;860013077;CAM;3;3;2037;2;9;5830;91;0
IMAGES;2014;860000223;860013077;IRM;2;2;2725;7;50;5240;4;1
IMAGES;2014;860000223;860013077;LITHO;1;1;57;;;3;;0
IMAGES;2014;860000223;860013077;MAMM;3;3;;;;1451;;
IMAGES;2014;860000223;860013077;RADIO;6;6;58370;92;89;37848;1331;0
IMAGES;2014;860000223;860013077;SCAN;3;3;16554;58;107;8886;366;1
IMAGES;2014;860000223;860013077;TOMO;2;2;775;;;3102;4;0
IMAGES;2014;860000223;860013077;VASC;1;1;1494;;;29;3;1
IMAGES;2014;860000223;860013077;dtIRM2;2;2;2725;7;50;5240;;0
IMAGES;2014;860010321;860010313;CAM;2;;;;;;;
IMAGES;2014;860010321;860010313;IRM;2;2;139;;;9330;;0
IMAGES;2014;860010321;860010313;RADIO;6;6;37988;;;70547;;0
IMAGES;2014;860010321;860010313;SCAN;1;1;3820;;;8885;;0
IMAGES;2014;860010321;860010313;VASC;1;1;16;;;28;;0
IMAGES;2014;860010321;860010313;dtIRM1;1;1;0;;;620;;0
IMAGES;2014;870000064;870000015;CAM;3;3;1404;;;6196;;0
IMAGES;2014;870000064;870000015;IRM;3;3;5715;;;13112;3;0
IMAGES;2014;870000064;870000015;LITHO;1;1;182;;;;;1
IMAGES;2014;870000064;870000015;RADIO;10;8;24566;;;53354;815;0
IMAGES;2014;870000064;870000015;SCAN;2;2;25355;;;42106;287;1
IMAGES;2014;870000064;870000015;TOMO;1;1;310;;;3187;;0
IMAGES;2014;870000064;870000015;VASC;4;4;6889;;;438;7;1
IMAGES;2014;870000064;870000015;dtIRM2;1;1;2280;;;6685;;0
IMAGES;2014;870000098;870000023;MAMM;1;1;;;;1771;;
IMAGES;2014;870000098;870000023;RADIO;1;1;5471;;;14719;158;
IMAGES;2014;870000098;870000023;SCAN;1;1;2361;;;2726;26;
IMAGES;2014;870000270;870000031;IRM;1;1;55;;;614;0;0
IMAGES;2014;870000270;870000031;MAMM;1;;;;;;;
IMAGES;2014;870000270;870000031;RADIO;3;3;3069;;;9826;60;0
IMAGES;2014;870000270;870000031;SCAN;1;1;1188;;;2091;4;0
IMAGES;2014;870000288;870017415;IRM;1;;;;;;;
IMAGES;2014;870000288;870017415;RADIO;5;;;;;;;
IMAGES;2014;870000288;870017415;SCAN;1;;;;;;;
IMAGES;2014;870000411;870017415;IRM;1;;;;;;;
IMAGES;2014;870000411;870017415;LITHO;1;1;16;;;;;
IMAGES;2014;870000411;870017415;MAMM;1;;;;;;;
IMAGES;2014;870000411;870017415;RADIO;3;;;;;;;
IMAGES;2014;870000411;870017415;SCAN;1;;;;;;;
IMAGES;2014;870000411;870017415;VASC;1;;;;;;;
IMAGES;2014;870002060;870017415;MAMM;1;;;;;;;
IMAGES;2014;870002060;870017415;RADIO;4;;;;;;;
IMAGES;2014;870002060;870017415;VASC;1;;;;;;;
IMAGES;2014;870003514;870000015;RADIO;2;2;2366;;;3001;;0
IMAGES;2014;870006137;870002466;RADIO;2;2;1536;;;;;0
IMAGES;2014;870014859;870000015;MAMM;2;2;;;;4604;;
IMAGES;2014;870014859;870000015;RADIO;1;1;1175;;;10644;39;0
IMAGES;2014;870014859;870000015;VASC;1;1;697;;;3850;;1
IMAGES;2014;880000021;880007059;IRM;1;1;1236;24;;4821;35;0
IMAGES;2014;880000021;880007059;MAMM;1;1;;;;646;;
IMAGES;2014;880000021;880007059;RADIO;3;3;13596;388;;17361;500;0
IMAGES;2014;880000021;880007059;SCAN;1;1;7691;90;;6577;118;1
IMAGES;2014;880000039;880780069;MAMM;1;1;;;;1143;;
IMAGES;2014;880000039;880780069;RADIO;2;2;629;;;10250;;0
IMAGES;2014;880000047;880780077;IRM;1;1;434;;;3083;29;0
IMAGES;2014;880000047;880780077;RADIO;4;4;675;5;;1257;204;0
IMAGES;2014;880000047;880780077;SCAN;1;1;3391;5;;4560;81;0
IMAGES;2014;880000054;880007299;IRM;1;1;149;;;2691;;0
IMAGES;2014;880000054;880007299;RADIO;3;3;5454;;0;17162;201;1
IMAGES;2014;880000054;880007299;SCAN;1;1;1900;;;5497;30;1
IMAGES;2014;880000062;880780093;IRM;1;1;365;;;3778;16;0
IMAGES;2014;880000062;880780093;MAMM;1;1;;;;1518;;
IMAGES;2014;880000062;880780093;RADIO;3;3;7911;;;17588;177;1
IMAGES;2014;880000062;880780093;SCAN;1;1;3160;;;5019;56;1
IMAGES;2014;880000070;880007299;MAMM;1;1;;;;730;;
IMAGES;2014;880000070;880007299;RADIO;3;3;2547;;;11760;;0
IMAGES;2014;880001789;880001409;RADIO;1;1;70;;159;0;0;0
IMAGES;2014;890975527;890000037;CAM;1;0;;;;;;
IMAGES;2014;890975527;890000037;IRM;1;1;860;;;5211;0;0
IMAGES;2014;890975527;890000037;MAMM;1;1;;;;;;
IMAGES;2014;890975527;890000037;RADIO;5;5;19663;;;26459;580;1
IMAGES;2014;890975527;890000037;SCAN;1;1;7376;;;6654;93;1
IMAGES;2014;890975527;890000037;VASC;1;1;1615;;;0;9;1
IMAGES;2014;890975535;890000409;RADIO;2;2;3313;;;6054;74;1
IMAGES;2014;890975543;890000417;IRM;;0;;;737;737;;0
IMAGES;2014;890975543;890000417;MAMM;1;1;;;;1511;;
IMAGES;2014;890975543;890000417;RADIO;3;3;1418;;;15021;145;0
IMAGES;2014;890975543;890000417;SCAN;1;1;882;;;3143;14;0
IMAGES;2014;890975550;890970569;IRM;1;1;365;57;753;3566;15;0
IMAGES;2014;890975550;890970569;MAMM;1;1;;;;1275;;
IMAGES;2014;890975550;890970569;RADIO;4;5;9694;283;8;32959;444;0
IMAGES;2014;890975550;890970569;SCAN;1;1;3477;134;18;7241;59;1
IMAGES;2014;890975550;890970569;VASC;1;1;345;;;;;1
IMAGES;2014;890975568;890000433;MAMM;1;1;;;;1114;;
IMAGES;2014;890975568;890000433;RADIO;2;2;2038;;;11471;88;
IMAGES;2014;890975568;890000433;SCAN;1;1;1469;;;3242;9;
IMAGES;2014;900000035;900003880;LITHO;1;1;19;;;;;
IMAGES;2014;900000035;900003880;MAMM;1;;;;;;;
IMAGES;2014;900000035;900003880;RADIO;4;;;;;;;
IMAGES;2014;900000035;900003880;SCAN;1;;;;;;;
IMAGES;2014;900000167;900000365;IRM;1;1;445;11;1;2856;21;1
IMAGES;2014;900000167;900000365;MAMM;1;1;;;;3235;;
IMAGES;2014;900000167;900000365;RADIO;5;5;16685;322;197;21865;479;1
IMAGES;2014;900000167;900000365;SCAN;1;1;6723;217;29;6811;183;1
IMAGES;2014;910000272;910110014;MAMM;1;1;;;;651;;
IMAGES;2014;910000272;910110014;RADIO;3;3;4928;;;24623;473;0
IMAGES;2014;910000272;910110014;SCAN;1;1;1514;;;2696;16;0
IMAGES;2014;910000280;910019447;MAMM;1;1;;;;569;;
IMAGES;2014;910000280;910019447;RADIO;3;3;5955;;;14882;;0
IMAGES;2014;910000280;910019447;SCAN;1;1;3304;;;2447;;0
IMAGES;2014;910000298;910110055;IRM;1;1;476;;;2411;0;0
IMAGES;2014;910000298;910110055;RADIO;3;3;10545;;;29242;801;0
IMAGES;2014;910000298;910110055;SCAN;1;1;4029;;12;8479;193;1
IMAGES;2014;910000306;910110063;CAM;2;2;104;19;36;1492;;0
IMAGES;2014;910000306;910110063;IRM;2;2;1068;;;;;0
IMAGES;2014;910000306;910110063;MAMM;1;1;;;;454;;
IMAGES;2014;910000306;910110063;RADIO;2;2;2145;;;20735;;0
IMAGES;2014;910000306;910110063;SCAN;1;1;3082;;;9485;;0
IMAGES;2014;910000306;910110063;TOMO;1;1;26;30;133;1014;;0
IMAGES;2014;910000306;910110063;dtIRM1;1;1;784;;;2082;;0
IMAGES;2014;910000306;910110063;dtIRM2;1;1;284;;;0;;0
IMAGES;2014;910001973;910019447;IRM;1;1;560;;;1334;25;0
IMAGES;2014;910001973;910019447;RADIO;3;3;15205;;;14514;641;0
IMAGES;2014;910001973;910019447;SCAN;1;1;5768;;;2513;196;0
IMAGES;2014;910009919;910009869;IRM;1;0;;;;;;
IMAGES;2014;910009919;910009869;MAMM;1;0;;;;;;
IMAGES;2014;910009919;910009869;RADIO;3;0;;;;;;
IMAGES;2014;910009919;910009869;SCAN;1;0;;;;;;
IMAGES;2014;910009919;910009869;dtIRM1;1;0;;;;;;
IMAGES;2014;910015965;750043994;RADIO;1;1;553;;;;;0
IMAGES;2014;910018423;910019454;RADIO;2;2;1244;;;12340;200;0
IMAGES;2014;910018423;910019454;SCAN;1;1;1059;;;3094;16;0
IMAGES;2014;910020254;910002773;IRM;1;1;2685;;;6695;46;0
IMAGES;2014;910020254;910002773;MAMM;1;1;;;;2657;;
IMAGES;2014;910020254;910002773;RADIO;6;6;21766;;;54250;1712;1
IMAGES;2014;910020254;910002773;SCAN;2;2;8817;;;21996;428;1
IMAGES;2014;910020254;910002773;VASC;2;2;3115;;;139;25;1
IMAGES;2014;910100015;750712184;RADIO;1;1;2134;;;90;0;0
IMAGES;2014;910100023;750712184;RADIO;2;2;4142;;;118;0;0
IMAGES;2014;910150028;750811184;RADIO;2;2;8187;;;1658;10;0
IMAGES;2014;910150028;750811184;SCAN;1;1;2844;;;3944;;0
IMAGES;2014;910150069;910000033;RADIO;2;2;4287;;;24;;0
IMAGES;2014;910300029;910000355;IRM;1;;;;;;;
IMAGES;2014;910300029;910000355;MAMM;1;;;;;;;
IMAGES;2014;910300029;910000355;RADIO;1;;;;;;;
IMAGES;2014;910300029;910000355;SCAN;1;;;;;;;
IMAGES;2014;910300060;750043994;RADIO;1;;;;;;;0
IMAGES;2014;910300144;910000447;IRM;1;1;188;;;14757;72;0
IMAGES;2014;910300144;910000447;SCAN;1;1;1729;;;11460;0;0
IMAGES;2014;910300177;910000462;IRM;1;;;;;;;
IMAGES;2014;910300177;910000462;LITHO;1;;;;;;;
IMAGES;2014;910300177;910000462;SCAN;1;;;;;;;
IMAGES;2014;910300219;910003888;IRM;2;2;727;;681;9178;;0
IMAGES;2014;910300219;910003888;MAMM;1;1;;;;10;;
IMAGES;2014;910300219;910003888;RADIO;2;2;60441;;;150315;331;0
IMAGES;2014;910300219;910003888;SCAN;2;2;2516;;166;9244;;1
IMAGES;2014;910300219;910003888;VASC;4;1;8002;;;80;;1
IMAGES;2014;910300276;910019702;RADIO;1;1;1184;;;;;
IMAGES;2014;910300300;910000538;MAMM;1;;;;;;;
IMAGES;2014;910300300;910000538;RADIO;2;;;;;;;
IMAGES;2014;910300300;910000538;SCAN;1;1;6289;;;;6;
IMAGES;2014;910300359;910000587;LITHO;1;;;;;;;
IMAGES;2014;910300359;910000587;MAMM;1;;;;;;;
IMAGES;2014;910300359;910000587;RADIO;1;;;;;;;
IMAGES;2014;910805357;910001643;IRM;1;;;;;;;
IMAGES;2014;910805357;910001643;MAMM;1;;;;;;;
IMAGES;2014;910805357;910001643;RADIO;3;;;;;;;
IMAGES;2014;910805357;910001643;SCAN;1;;;;;;;
IMAGES;2014;910805357;910001643;dtIRM2;1;;;;;;;
IMAGES;2014;920000460;750813321;CAM;2;2;707;0;0;4182;0;0
IMAGES;2014;920000460;750813321;IRM;1;1;221;0;834;3380;0;0
IMAGES;2014;920000460;750813321;MAMM;3;3;;;;12828;;
IMAGES;2014;920000460;750813321;RADIO;2;2;2399;0;0;2946;0;0
IMAGES;2014;920000460;750813321;SCAN;1;1;638;0;1336;4488;0;0
IMAGES;2014;920000460;750813321;TOMO;1;1;48;0;0;3218;0;0
IMAGES;2014;920000569;920026374;MAMM;1;1;;;;608;;
IMAGES;2014;920000569;920026374;RADIO;3;3;1239;;;3254;0;0
IMAGES;2014;920000569;920026374;SCAN;1;1;806;;;4337;0;0
IMAGES;2014;920000577;920110020;IRM;1;1;230;;;2485;;
IMAGES;2014;920000577;920110020;MAMM;1;1;;;;198;;
IMAGES;2014;920000577;920110020;RADIO;5;5;5615;;;18993;;
IMAGES;2014;920000577;920110020;SCAN;1;1;5775;;;10895;;
IMAGES;2014;920000585;920026374;IRM;1;1;389;;;9112;263;0
IMAGES;2014;920000585;920026374;RADIO;3;3;2319;;;15669;5560;0
IMAGES;2014;920000585;920026374;SCAN;1;1;2166;;;7099;48;0
IMAGES;2014;920000601;920110053;RADIO;2;2;3307;0;0;1171;0;0
IMAGES;2014;920000619;920009909;IRM;1;1;209;;;616;;0
IMAGES;2014;920000619;920009909;RADIO;3;3;3799;;;10257;119;1
IMAGES;2014;920000619;920009909;SCAN;1;1;888;;;580;;0
IMAGES;2014;920000627;920009909;RADIO;1;1;2084;;;4439;46;
IMAGES;2014;920000635;920150026;MAMM;1;1;;;;893;;
IMAGES;2014;920000635;920150026;RADIO;1;1;2865;;;7434;;0
IMAGES;2014;920000635;920150026;SCAN;1;1;1034;;;4255;;0
IMAGES;2014;920000643;920150034;IRM;1;1;67;;;1544;0;
IMAGES;2014;920000643;920150034;MAMM;1;1;;;;1743;;
IMAGES;2014;920000643;920150034;RADIO;4;4;4639;;;28995;462;0
IMAGES;2014;920000643;920150034;SCAN;1;1;4582;;36;7087;8;1
IMAGES;2014;920000650;920150059;CAM;2;2;1448;;;2782;;0
IMAGES;2014;920000650;920150059;IRM;2;2;3913;;;15086;81;0
IMAGES;2014;920000650;920150059;LITHO;1;1;179;;;;;1
IMAGES;2014;920000650;920150059;RADIO;4;4;12927;;;26603;327;
IMAGES;2014;920000650;920150059;SCAN;2;2;9905;;;11589;185;1
IMAGES;2014;920000650;920150059;TOMO;1;1;206;;;2108;;0
IMAGES;2014;920000650;920150059;VASC;4;4;5130;;;311;24;
IMAGES;2014;920000650;920150059;dtIRM2;1;1;2169;;;6888;;0
IMAGES;2014;920000684;920150091;CAM;2;2;427;;;2296;;0
IMAGES;2014;920000684;920150091;IRM;1;1;189;;26;1245;;0
IMAGES;2014;920000684;920150091;RADIO;2;2;31364;;170;3059;1538;0
IMAGES;2014;920000684;920150091;SCAN;1;1;3974;;81;4720;;1
IMAGES;2014;920000684;920150091;TOMO;1;1;184;;461;2927;;0
IMAGES;2014;920000684;920150091;VASC;3;3;5591;;641;9;23;1
IMAGES;2014;920001369;920710654;RADIO;1;1;627;;;;;0
IMAGES;2014;920100013;750712184;IRM;1;1;837;66;0;5465;33;0
IMAGES;2014;920100013;750712184;RADIO;5;5;18734;16;40;36119;895;1
IMAGES;2014;920100013;750712184;SCAN;2;2;6586;505;665;9554;254;1
IMAGES;2014;920100013;750712184;VASC;2;2;1800;142;25;109;10;1
IMAGES;2014;920100021;750712184;CAM;1;1;1290;167;69;3263;;0
IMAGES;2014;920100021;750712184;IRM;1;1;980;;10;4750;32;0
IMAGES;2014;920100021;750712184;MAMM;1;1;;;;1250;;
IMAGES;2014;920100021;750712184;RADIO;3;3;5747;;2;32920;532;1
IMAGES;2014;920100021;750712184;SCAN;2;2;6592;;;8607;260;1
IMAGES;2014;920100021;750712184;VASC;1;1;284;;;;2;
IMAGES;2014;920100039;750712184;CAM;2;2;1061;;;1900;;0
IMAGES;2014;920100039;750712184;IRM;1;1;1623;;;3412;;0
IMAGES;2014;920100039;750712184;RADIO;5;5;21874;;;20705;;0
IMAGES;2014;920100039;750712184;SCAN;1;1;10211;;;8623;;1
IMAGES;2014;920100039;750712184;VASC;2;2;2237;;;91;;1
IMAGES;2014;920100039;750712184;dtIRM2;1;1;1623;;;3412;;1
IMAGES;2014;920100047;750712184;IRM;1;1;663;;;2925;;
IMAGES;2014;920100047;750712184;RADIO;2;2;15478;;;18712;;
IMAGES;2014;920100047;750712184;SCAN;1;1;4039;;;4693;;
IMAGES;2014;920100054;750712184;IRM;1;1;1220;;445;3571;70;0
IMAGES;2014;920100054;750712184;RADIO;4;4;7301;;;29825;189;1
IMAGES;2014;920100054;750712184;SCAN;1;1;1963;;103;2002;28;1
IMAGES;2014;920100062;750712184;RADIO;4;4;5821;46;;2108;;0
IMAGES;2014;920100062;750712184;SCAN;1;1;1967;364;;4472;;0
IMAGES;2014;920120011;750821092;IRM;1;1;614;;;2918;1;0
IMAGES;2014;920120011;750821092;RADIO;5;5;13285;;;12809;223;1
IMAGES;2014;920120011;750821092;SCAN;1;1;4991;;;5832;83;1
IMAGES;2014;920120011;750821092;VASC;1;1;507;;;89;0;1
IMAGES;2014;920150018;750720492;RADIO;2;2;912;;;1926;;0
IMAGES;2014;920300043;920001526;CAM;2;2;4425;;;;;
IMAGES;2014;920300043;920001526;IRM;2;0;;;;;;
IMAGES;2014;920300043;920001526;LITHO;1;1;187;;;;;
IMAGES;2014;920300043;920001526;SCAN;2;0;;;;;;
IMAGES;2014;920300043;920001526;TOMO;1;1;3635;;;;;
IMAGES;2014;920300043;920001526;VASC;2;0;;;;;;
IMAGES;2014;920300191;920000767;MAMM;1;;;;;;;
IMAGES;2014;920300191;920000767;RADIO;2;2;700;;;5000;;0
IMAGES;2014;920300209;920000775;MAMM;1;1;;;;983;;
IMAGES;2014;920300209;920000775;RADIO;3;2;93;;;4992;;0
IMAGES;2014;920300266;920000940;MAMM;1;1;;;;511;;
IMAGES;2014;920300266;920000940;RADIO;3;3;483;;;4189;;0
IMAGES;2014;920300464;910014919;RADIO;1;1;918;;;2980;;0
IMAGES;2014;920300597;920000940;MAMM;1;1;;;;1717;;
IMAGES;2014;920300597;920000940;RADIO;3;3;2220;;;24896;;
IMAGES;2014;920300597;920000940;SCAN;1;1;876;;;6770;53;
IMAGES;2014;920300753;920810736;IRM;1;1;157;;;10456;12;0
IMAGES;2014;920300753;920810736;MAMM;1;;;;;;;
IMAGES;2014;920300753;920810736;RADIO;2;2;20326;;;;;
IMAGES;2014;920300753;920810736;SCAN;1;1;2930;;;8830;12;1
IMAGES;2014;920300753;920810736;VASC;4;4;7170;;;;;
IMAGES;2014;920300761;920000973;IRM;1;;;;;;;
IMAGES;2014;920300761;920000973;MAMM;1;;;;;;;
IMAGES;2014;920300761;920000973;RADIO;2;;;;;;;
IMAGES;2014;920300761;920000973;SCAN;1;;;;;;;
IMAGES;2014;920300787;920000981;CAM;3;3;172;;;6920;0;1
IMAGES;2014;920300787;920000981;IRM;1;1;733;0;0;7773;82;0
IMAGES;2014;920300787;920000981;LITHO;1;1;221;;;;;1
IMAGES;2014;920300787;920000981;MAMM;1;1;;;;4355;;
IMAGES;2014;920300787;920000981;RADIO;2;2;6262;0;6;19362;133;1
IMAGES;2014;920300787;920000981;SCAN;1;1;2520;0;0;12413;108;1
IMAGES;2014;920300787;920000981;TOMO;1;1;193;0;0;5067;0;
IMAGES;2014;920300787;920000981;VASC;1;1;975;0;0;0;1;1
IMAGES;2014;920300837;920001005;MAMM;1;1;;;;;;
IMAGES;2014;920300837;920001005;RADIO;2;;;;;;;0
IMAGES;2014;920300837;920001005;SCAN;1;1;993;;8928;;;0
IMAGES;2014;920300936;920006848;CAM;2;2;154;;179;3421;0;0
IMAGES;2014;920300936;920006848;IRM;1;1;52;;111;8599;31;1
IMAGES;2014;920300936;920006848;MAMM;1;1;;;;3400;;
IMAGES;2014;920300936;920006848;RADIO;3;3;10076;;1351;12983;7;1
IMAGES;2014;920300936;920006848;SCAN;1;1;1566;;1856;12177;23;1
IMAGES;2014;920300985;920810330;RADIO;3;3;461;;;8193;;
IMAGES;2014;930000286;930021480;CAM;2;2;589;10;;4398;0;
IMAGES;2014;930000286;930021480;IRM;1;1;855;23;;1953;0;
IMAGES;2014;930000286;930021480;RADIO;3;3;12029;182;;27687;801;
IMAGES;2014;930000286;930021480;SCAN;2;2;6006;147;;6693;131;
IMAGES;2014;930000286;930021480;VASC;2;2;1243;0;;97;4;
IMAGES;2014;930000302;930110036;IRM;1;1;630;;;3489;0;
IMAGES;2014;930000302;930110036;RADIO;4;4;11741;;;25979;860;
IMAGES;2014;930000302;930110036;SCAN;1;1;2401;;;3995;133;
IMAGES;2014;930000328;930110051;CAM;1;0;;;;;;
IMAGES;2014;930000328;930110051;IRM;1;1;4050;;4253;2221;;0
IMAGES;2014;930000328;930110051;MAMM;1;1;;;;;;
IMAGES;2014;930000328;930110051;RADIO;3;3;16871;;;27227;807;0
IMAGES;2014;930000328;930110051;SCAN;1;1;13607;;31;9012;;1
IMAGES;2014;930000336;930110069;IRM;1;1;1198;;;4142;11;0
IMAGES;2014;930000336;930110069;MAMM;1;1;;;;965;;
IMAGES;2014;930000336;930110069;RADIO;7;7;16093;;;41469;1154;
IMAGES;2014;930000336;930110069;SCAN;1;1;5048;;;8745;201;1
IMAGES;2014;930000336;930110069;dtIRM2;1;1;1198;;;;;
IMAGES;2014;930013818;930024427;RADIO;1;1;494;;;;;0
IMAGES;2014;930100011;750712184;RADIO;3;3;4494;0;0;649;0;0
IMAGES;2014;930100037;750712184;CAM;2;2;963;192;39;4748;0;0
IMAGES;2014;930100037;750712184;IRM;1;1;2321;24;0;2088;14;0
IMAGES;2014;930100037;750712184;RADIO;6;5;29932;0;15;21376;755;1
IMAGES;2014;930100037;750712184;SCAN;2;2;14498;55;9;7495;384;1
IMAGES;2014;930100037;750712184;TOMO;1;1;820;137;31;1822;0;0
IMAGES;2014;930100045;750712184;IRM;1;1;851;81;;2588;3;1
IMAGES;2014;930100045;750712184;MAMM;1;1;;;;2300;;
IMAGES;2014;930100045;750712184;RADIO;3;3;9724;39;;26709;671;1
IMAGES;2014;930100045;750712184;SCAN;1;1;4260;564;0;4827;92;1
IMAGES;2014;930100045;750712184;VASC;1;1;1083;165;;246;1;1
IMAGES;2014;930300025;930000393;CAM;2;2;361;;103;5039;0;0
IMAGES;2014;930300025;930000393;IRM;1;1;559;;;9619;3;
IMAGES;2014;930300025;930000393;RADIO;4;4;4579;;;9640;302;1
IMAGES;2014;930300025;930000393;SCAN;2;2;2632;;;10119;10;
IMAGES;2014;930300025;930000393;TOMO;1;1;142;;60;1563;0;0
IMAGES;2014;930300025;930000393;VASC;2;0;;;;;;
IMAGES;2014;930300066;930000401;LITHO;1;1;155;;;;;
IMAGES;2014;930300066;930000401;VASC;1;1;705;;;;;
IMAGES;2014;930300082;930000419;IRM;1;1;8595;;;;;1
IMAGES;2014;930300082;930000419;LITHO;1;;;;;;;
IMAGES;2014;930300082;930000419;MAMM;1;;;;;;;
IMAGES;2014;930300082;930000419;RADIO;2;;;;;;;
IMAGES;2014;930300082;930000419;SCAN;1;1;9393;;;;;1
IMAGES;2014;930300264;930000492;IRM;2;2;61;;;21138;;0
IMAGES;2014;930300264;930000492;RADIO;3;3;3204;;;10118;;0
IMAGES;2014;930300264;930000492;SCAN;1;1;79;;;6356;;1
IMAGES;2014;930300553;930000633;IRM;2;2;791;;;22231;4;0
IMAGES;2014;930300553;930000633;MAMM;1;1;;;;1184;;
IMAGES;2014;930300553;930000633;RADIO;3;3;4133;;;26446;137;
IMAGES;2014;930300553;930000633;SCAN;1;1;5367;;;20381;36;1
IMAGES;2014;930300595;930000658;CAM;2;0;;;;;;
IMAGES;2014;930300595;930000658;IRM;1;0;;;;;;
IMAGES;2014;930300595;930000658;LITHO;1;0;;;;;;
IMAGES;2014;930300595;930000658;MAMM;1;0;;;;;;
IMAGES;2014;930300595;930000658;RADIO;5;0;;;;;;
IMAGES;2014;930300595;930000658;SCAN;1;0;;;;;;
IMAGES;2014;930300595;930000658;TOMO;1;0;;;;;;
IMAGES;2014;940000573;940110018;IRM;2;1;1082;;;2247;2;0
IMAGES;2014;940000573;940110018;MAMM;1;1;;;;1301;;
IMAGES;2014;940000573;940110018;RADIO;3;3;11629;;;33485;893;0
IMAGES;2014;940000573;940110018;SCAN;2;1;3756;;;4796;20;0
IMAGES;2014;940000573;940110018;dtIRM1;;0;736;;;1637;;0
IMAGES;2014;940000599;940110042;IRM;1;1;1225;108;2;3975;;0
IMAGES;2014;940000599;940110042;MAMM;1;1;;;;218;;
IMAGES;2014;940000599;940110042;RADIO;5;5;12097;95;;46297;997;1
IMAGES;2014;940000599;940110042;SCAN;2;2;6853;16;424;26607;273;1
IMAGES;2014;940000599;940110042;VASC;1;1;2293;2;6;47;112;1
IMAGES;2014;940000649;940150014;IRM;2;2;1609;;;4470;0;0
IMAGES;2014;940000649;940150014;MAMM;1;1;;;;;;
IMAGES;2014;940000649;940150014;RADIO;3;3;9908;;;32728;746;1
IMAGES;2014;940000649;940150014;SCAN;2;2;4710;;;8950;130;1
IMAGES;2014;940000656;940150022;RADIO;1;1;1350;;;749;;0
IMAGES;2014;940000664;940160013;CAM;2;2;897;;;2013;0;0
IMAGES;2014;940000664;940160013;IRM;1;1;1177;;;3808;;0
IMAGES;2014;940000664;940160013;MAMM;2;2;;;;8897;;
IMAGES;2014;940000664;940160013;RADIO;4;4;14491;;;6875;55;0
IMAGES;2014;940000664;940160013;SCAN;3;3;7985;;;16575;11;1
IMAGES;2014;940000664;940160013;TOMO;1;1;374;;;3385;0;0
IMAGES;2014;940000664;940160013;VASC;2;2;274;;;4;0;1
IMAGES;2014;940000664;940160013;dtIRM2;1;1;1177;;;3808;;0
IMAGES;2014;940016868;940016819;IRM;1;1;103;;;273;;0
IMAGES;2014;940016868;940016819;RADIO;2;2;3777;;;4428;;0
IMAGES;2014;940016868;940016819;SCAN;1;1;178;;;318;;0
IMAGES;2014;940100027;750712184;CAM;3;3;1022;5;11;4715;0;0
IMAGES;2014;940100027;750712184;IRM;2;2;5108;139;0;7967;51;0
IMAGES;2014;940100027;750712184;LITHO;1;1;122;;;;;0
IMAGES;2014;940100027;750712184;MAMM;1;1;;;;3511;;
IMAGES;2014;940100027;750712184;RADIO;7;7;54543;20;0;31243;1359;1
IMAGES;2014;940100027;750712184;SCAN;3;3;20463;59;0;15002;599;1
IMAGES;2014;940100027;750712184;TOMO;1;1;647;1;39;2381;0;0
IMAGES;2014;940100027;750712184;VASC;5;5;9900;0;49;70;65;1
IMAGES;2014;940100027;750712184;dtIRM1;1;1;792;21;0;1585;;0
IMAGES;2014;940100027;750712184;dtIRM2;1;1;2429;75;0;4053;;0
IMAGES;2014;940100035;750712184;RADIO;1;1;2814;;;714;;0
IMAGES;2014;940100035;750712184;SCAN;1;1;4773;;;1484;;0
IMAGES;2014;940100043;750712184;CAM;2;2;1726;279;62;4297;;0
IMAGES;2014;940100043;750712184;IRM;2;2;5374;173;11;6306;126;0
IMAGES;2014;940100043;750712184;LITHO;1;1;115;1;0;0;0;1
IMAGES;2014;940100043;750712184;MAMM;1;1;;;;709;;
IMAGES;2014;940100043;750712184;RADIO;8;8;49423;1;;47127;14171;1
IMAGES;2014;940100043;750712184;SCAN;2;2;22473;6;;9371;4398;1
IMAGES;2014;940100043;750712184;VASC;2;2;3535;2;1;145;101;1
IMAGES;2014;940100043;750712184;dtIRM2;1;1;4033;173;11;3624;;0
IMAGES;2014;940100050;750712184;RADIO;2;2;9095;0;15;1756;0;0
IMAGES;2014;940100068;750712184;RADIO;2;2;4636;0;0;822;55;1
IMAGES;2014;940100068;750712184;SCAN;1;1;3925;0;0;3482;4;0
IMAGES;2014;940100068;750712184;VASC;1;1;370;0;0;9;2;1
IMAGES;2014;940120017;750821092;IRM;1;1;663;;;3540;4;0
IMAGES;2014;940120017;750821092;MAMM;1;1;;;;882;;
IMAGES;2014;940120017;750821092;RADIO;4;4;15784;;;31121;349;1
IMAGES;2014;940120017;750821092;SCAN;1;1;4876;;;4264;63;1
IMAGES;2014;940120017;750821092;VASC;;;;;;;;1
IMAGES;2014;940300031;940000706;IRM;1;1;156;;;7636;;0
IMAGES;2014;940300031;940000706;MAMM;1;;;;;;;
IMAGES;2014;940300031;940000706;SCAN;1;;;;;;;0
IMAGES;2014;940300163;750043994;RADIO;1;1;210;;;;;0
IMAGES;2014;940300270;940000771;IRM;1;;;;;;;
IMAGES;2014;940300270;940000771;RADIO;1;;;;;;;
IMAGES;2014;940300270;940000771;SCAN;1;;;;;;;
IMAGES;2014;940700032;940001027;RADIO;1;1;1467;0;0;0;0;0
IMAGES;2014;940700040;940809361;RADIO;1;1;1000;0;0;13;0;0
IMAGES;2014;940806490;750810798;RADIO;2;1;905;;;1125;;
IMAGES;2014;940806490;750810798;SCAN;1;1;249;;;723;;
IMAGES;2014;940813033;940001894;RADIO;1;;;;;;;
IMAGES;2014;940813033;940001894;SCAN;1;;;;;;;
IMAGES;2014;950000307;950110015;IRM;1;1;1817;;6;2335;;0
IMAGES;2014;950000307;950110015;MAMM;1;1;;;;4200;;
IMAGES;2014;950000307;950110015;RADIO;4;4;18091;;57;34165;1049;
IMAGES;2014;950000307;950110015;SCAN;2;2;7096;;89;10723;209;1
IMAGES;2014;950000307;950110015;VASC;1;1;1191;;;118;1;
IMAGES;2014;950000315;950001370;IRM;1;1;223;;;1905;0;0
IMAGES;2014;950000315;950001370;MAMM;1;1;;;;;;
IMAGES;2014;950000315;950001370;RADIO;2;2;4746;;;20250;428;0
IMAGES;2014;950000315;950001370;SCAN;1;1;1406;;;3749;42;0
IMAGES;2014;950000323;950013870;IRM;1;1;593;0;4;2794;16;0
IMAGES;2014;950000323;950013870;MAMM;1;1;;;;1256;;
IMAGES;2014;950000323;950013870;RADIO;8;8;20570;0;70;47024;1359;1
IMAGES;2014;950000323;950013870;SCAN;2;2;5347;15;11;10725;227;1
IMAGES;2014;950000331;950110049;IRM;1;1;1513;8;65;3543;11;0
IMAGES;2014;950000331;950110049;RADIO;5;5;14590;138;136;38499;1053;1
IMAGES;2014;950000331;950110049;SCAN;1;1;3109;25;90;6906;145;1
IMAGES;2014;950000331;950110049;VASC;1;1;1072;0;101;290;4;1
IMAGES;2014;950000349;950015289;RADIO;2;2;303;139;0;7647;43;0
IMAGES;2014;950000364;950110080;CAM;3;3;553;;;1840;;0
IMAGES;2014;950000364;950110080;IRM;1;1;1614;;;3646;;
IMAGES;2014;950000364;950110080;MAMM;1;1;;;;1050;;
IMAGES;2014;950000364;950110080;RADIO;9;9;32313;;;38618;;
IMAGES;2014;950000364;950110080;SCAN;2;2;8445;;;6735;;
IMAGES;2014;950000364;950110080;TOMO;1;1;181;;;1966;;0
IMAGES;2014;950000364;950110080;VASC;1;1;726;;;40;;
IMAGES;2014;950000398;950140012;RADIO;3;3;2666;;;;;
IMAGES;2014;950000406;950150037;RADIO;1;1;1183;0;0;0;0;
IMAGES;2014;950000695;950500033;RADIO;1;1;1446;;;;;0
IMAGES;2014;950000703;950500041;RADIO;1;1;1602;;;;;0
IMAGES;2014;950150052;750720575;RADIO;1;1;695;;;;93;1
IMAGES;2014;950300137;950000471;MAMM;1;;;;;;;
IMAGES;2014;950300137;950000471;RADIO;3;;;;;;;1
IMAGES;2014;950300244;950000539;IRM;1;0;308;;30;8327;0;0
IMAGES;2014;950300244;950000539;RADIO;4;0;3143;;242;25098;136;0
IMAGES;2014;950300244;950000539;SCAN;1;0;1149;;82;7426;0;1
IMAGES;2014;950500017;950015289;RADIO;1;1;1488;1;0;169;0;0
IMAGES;2014;950700021;950000760;RADIO;2;2;1788;;;25;;
IMAGES;2014;950807982;950001636;IRM;1;1;208;;142;24238;;0
IMAGES;2014;950807982;950001636;RADIO;1;1;4152;;424;26930;171;0
IMAGES;2014;950807982;950001636;SCAN;1;1;1968;;276;16392;36;0
IMAGES;2014;950807982;950001636;VASC;1;1;56;;;;;0
IMAGES;2014;970100012;970100103;LITHO;1;1;10;;;;;
IMAGES;2014;970100012;970100103;MAMM;1;1;;;;;;
IMAGES;2014;970100012;970100103;VASC;1;1;15;;;;;
IMAGES;2014;970100020;970100152;MAMM;1;1;;;;837;;
IMAGES;2014;970100020;970100152;RADIO;4;4;7474;;;9736;;
IMAGES;2014;970100392;970100178;RADIO;2;2;4889;0;0;10977;117;0
IMAGES;2014;970100392;970100178;SCAN;1;1;1182;;;4545;22;0
IMAGES;2014;970100426;970100202;MAMM;1;1;;;;458;;
IMAGES;2014;970100426;970100202;RADIO;1;1;986;;;;;1
IMAGES;2014;970100442;970100228;CAM;2;2;769;;;9456;;0
IMAGES;2014;970100442;970100228;IRM;1;1;1195;;;1195;;0
IMAGES;2014;970100442;970100228;LITHO;1;1;67;;;;;
IMAGES;2014;970100442;970100228;MAMM;1;1;;;;;;
IMAGES;2014;970100442;970100228;RADIO;6;6;7424;;;28672;;
IMAGES;2014;970100442;970100228;SCAN;2;2;5506;;;12722;;1
IMAGES;2014;970100442;970100228;VASC;1;1;989;;;131;;
IMAGES;2014;970100483;970100285;MAMM;1;;;;;;;
IMAGES;2014;970100483;970100285;RADIO;2;2;773;0;0;1629;0;0
IMAGES;2014;970102596;970100491;MAMM;1;;;;;;;
IMAGES;2014;970102596;970100491;RADIO;1;1;3653;;;;;
IMAGES;2014;970103099;970100525;RADIO;1;1;1961;;;;;1
IMAGES;2014;970107249;970100731;IRM;1;1;176;;;9381;;
IMAGES;2014;970107249;970100731;LITHO;1;1;203;;;;;
IMAGES;2014;970107249;970100731;MAMM;1;1;;;;1299;;
IMAGES;2014;970107249;970100731;RADIO;2;2;11607;;;19679;;
IMAGES;2014;970107249;970100731;SCAN;1;1;2421;;;9517;;0
IMAGES;2014;970107249;970100731;VASC;1;1;18;;;127;;
IMAGES;2014;970200036;970202156;RADIO;1;1;617;;;;;
IMAGES;2014;970200044;970202164;RADIO;1;1;584;;;1309;;0
IMAGES;2014;970202313;970200168;IRM;1;0;14;;;;;0
IMAGES;2014;970202313;970200168;LITHO;1;0;;;;;;0
IMAGES;2014;970202313;970200168;MAMM;1;0;;;;;;
IMAGES;2014;970202313;970200168;RADIO;2;0;;;;;;0
IMAGES;2014;970202313;970200168;SCAN;1;1;186;;;;;0
IMAGES;2014;970202313;970200168;VASC;1;0;;;;;;0
IMAGES;2014;970211165;970211157;RADIO;2;2;2037;;1175;1135;;1
IMAGES;2014;970211165;970211157;VASC;;;;;;;;1
IMAGES;2014;970211215;970211207;CAM;2;;;;;;;
IMAGES;2014;970211215;970211207;IRM;1;1;2631;;;9246;;
IMAGES;2014;970211215;970211207;RADIO;8;8;15913;;;35846;;
IMAGES;2014;970211215;970211207;SCAN;2;2;7705;;;20240;;
IMAGES;2014;970211215;970211207;VASC;1;1;3623;;;513;;
IMAGES;2014;970211223;970211207;IRM;1;1;381;;;6679;;0
IMAGES;2014;970211223;970211207;RADIO;2;2;8353;;;5798;;0
IMAGES;2014;970211223;970211207;SCAN;1;1;2877;;;5885;;0
IMAGES;2014;970211231;970211207;RADIO;3;3;2599;;;7121;;
IMAGES;2014;970211231;970211207;SCAN;1;1;1630;;;9322;;
IMAGES;2014;970211256;970211207;IRM;1;1;341;;;710;;
IMAGES;2014;970211256;970211207;MAMM;1;1;;;;2488;;
IMAGES;2014;970211256;970211207;RADIO;3;3;2760;;;8875;18;
IMAGES;2014;970211256;970211207;SCAN;1;1;123;;;524;;
IMAGES;2014;970300026;970302022;IRM;1;1;1437;;;7578;;0
IMAGES;2014;970300026;970302022;MAMM;1;1;;;;;;
IMAGES;2014;970300026;970302022;RADIO;3;3;13474;;;22666;;0
IMAGES;2014;970300026;970302022;SCAN;1;1;8955;;;12500;;0
IMAGES;2014;970300026;970302022;VASC;1;1;412;;;;;1
IMAGES;2014;970300083;970302121;MAMM;1;1;;;;508;;
IMAGES;2014;970300083;970302121;RADIO;2;2;910;3;;8268;;0
IMAGES;2014;970300083;970302121;SCAN;1;1;561;5;;2627;;1
IMAGES;2014;970300265;750721334;MAMM;1;1;;;;595;;
IMAGES;2014;970300265;750721334;RADIO;3;3;2367;;;11789;102;0
IMAGES;2014;970300265;750721334;SCAN;1;1;1083;;;2817;27;0
IMAGES;2014;970400024;970408589;CAM;3;3;741;89;5;9185;151;0
IMAGES;2014;970400024;970408589;IRM;1;1;2029;1;10;1506;27;0
IMAGES;2014;970400024;970408589;LITHO;1;1;207;;;;;0
IMAGES;2014;970400024;970408589;RADIO;4;4;50097;6;113;25981;1032;0
IMAGES;2014;970400024;970408589;SCAN;2;2;18866;1;4;4968;418;1
IMAGES;2014;970400024;970408589;TOMO;1;1;105;48;2;1276;;0
IMAGES;2014;970400024;970408589;VASC;1;1;1155;7;;;12;1
IMAGES;2014;970400057;970408589;IRM;1;1;1626;;2397;4346;13;0
IMAGES;2014;970400057;970408589;MAMM;1;1;;;;364;;
IMAGES;2014;970400057;970408589;RADIO;4;4;16085;;2;31092;799;1
IMAGES;2014;970400057;970408589;SCAN;2;2;7659;;2981;9276;202;1
IMAGES;2014;970400057;970408589;VASC;2;2;925;;;176;6;1
IMAGES;2014;970400057;970408589;dtIRM2;1;1;1172;;2397;4200;;0
IMAGES;2014;970400065;970421038;IRM;1;1;693;;;2106;3;0
IMAGES;2014;970400065;970421038;RADIO;3;3;8387;;;17091;414;0
IMAGES;2014;970400065;970421038;SCAN;1;1;5287;;;4561;174;1
IMAGES;2014;970400081;970408589;RADIO;1;1;417;;;;;0
IMAGES;2014;970400180;970408589;RADIO;1;1;686;;;;;0
IMAGES;2014;970404844;970404836;IRM;1;;;;;;;
IMAGES;2014;970404844;970404836;MAMM;1;;;;;;;
IMAGES;2014;970404844;970404836;RADIO;2;;;;;;;
IMAGES;2014;970404844;970404836;SCAN;1;;;;;;;
IMAGES;2014;970462024;970400255;IRM;1;;;;;;;
IMAGES;2014;970462024;970400255;SCAN;1;;;;;;;
IMAGES;2014;970462081;970400255;LITHO;1;;;;;;;
IMAGES;2014;970462081;970400255;RADIO;1;;;;;;;
IMAGES;2014;970462107;970400305;IRM;1;;;;;;;
IMAGES;2014;970462107;970400305;LITHO;1;;;;;;;
IMAGES;2014;970462107;970400305;SCAN;1;;;;;;;
IMAGES;2014;970462107;970400305;VASC;2;;;;;;;
IMAGES;2014;970463139;970408589;RADIO;1;1;262;;;;;0
IMAGES;2014;980500011;980500003;IRM;1;1;;;;;;0
IMAGES;2014;980500011;980500003;MAMM;1;1;;;;;;
IMAGES;2014;980500011;980500003;RADIO;2;2;;;;;;0
IMAGES;2014;980500011;980500003;SCAN;1;1;;;;;;0
IMAGES;2014;980500011;980500003;VASC;1;1;;;;;;0
