BOR;AN;FI;FI_EJ;DIM_A1;DIM_A2;DIM_A3;DIM_A4;DIM_A5;DIM_A6;DIM_A7;DIM_A8;DIM_A9;DIM_A10;DIM_A11;DIM_A12;DIM_A13;DIM_A14;DIM_A15;DIM_A16;DIM_A17;DIM_A18;DIM_A19;DIM_A20;DIM_A21;DIM_A22;DIM_A23;DIM_A24;DIM_A25
INFOMED;2014;010000024;010780054;1;;;1;;;1;;;;;;0;0;0;0;0;1;1;0;1;1;;4.73;1
INFOMED;2014;010000032;010780062;;;1;;;;;;1;;;;0;0;0;0;0;1;1;0;1;0;;3.53;0.13
INFOMED;2014;010000081;010780112;;;;;;;;1;;;;;0;0;1;1;1;1;1;0;0;1;740000302;0.16;0
INFOMED;2014;010000099;010780120;;;1;;;;;;1;;;;0;0;0;1;1;1;1;0;0;1;010780120;0.5;1
INFOMED;2014;010000107;010780138;;;1;;;;;;1;;;;0;0;0;0;0;0;;;0;1;;0.3;0.1
INFOMED;2014;010000115;010009132;;;1;;;;;;1;;;;0;0;0;1;1;0;;;0;1;690038476;;
INFOMED;2014;010000131;010009132;;;1;;;;;;1;;;;0;0;0;1;1;0;;;0;1;690038476;;
INFOMED;2014;010000180;010007987;1;;;;;;1;;;;;;0;0;0;0;0;1;1;1;1;1;010000024;0.25;0.02
INFOMED;2014;010000198;010007987;;;;;;;;1;;;;;0;0;0;0;0;1;1;1;1;1;010000024;0.25;0.01
INFOMED;2014;010000214;010007987;;;1;;;;;1;;;;;0;0;0;0;0;1;1;1;1;1;010000024;0.8;0.07
INFOMED;2014;010000495;010783009;;;;;;;;;;1;;;0;0;0;0;0;1;1;0;0;0;;3;1.17
INFOMED;2014;010005239;010008407;;1;;;;;;1;;;;;0;0;0;;;1;0;0;1;0;;1.3;2
INFOMED;2014;010006526;690796552;;;1;;;;;;;;;;0;0;0;0;0;1;1;1;0;0;;0.01;0.01
INFOMED;2014;010780195;010000156;;;1;;;;;;;;;;0;0;0;0;0;1;1;0;1;0;;2.8;0.2
INFOMED;2014;010780203;010006450;;;1;;;;;;;;;;0;0;0;0;0;0;0;0;0;1;;1.5;0.1
INFOMED;2014;010780278;010783009;;;;;;;1;;;;;;1;1;1;1;1;0;0;0;0;0;;0.3;0.2
INFOMED;2014;010780294;690000278;1;;;;;;;;;;;;1;1;1;1;1;1;0;0;0;1;690780499;;1
INFOMED;2014;010780310;010000222;;;;;;;;1;;;;;0;0;0;0;0;0;0;0;1;0;;0.5;
INFOMED;2014;010780328;010000222;;;;;;;;1;;;;;0;0;0;0;0;0;;;0;0;;0.5;
INFOMED;2014;010780476;750005068;;;;;;;;;1;;;;0;0;0;0;0;1;0;0;0;0;;0.5;0.1
INFOMED;2014;010780492;360000707;;;;;;;1;;;;;;0;0;1;0;0;0;0;0;0;0;;0.8;0.16
INFOMED;2014;010780708;310021381;;;;;;;;;1;;;;0;0;0;0;0;0;0;0;0;0;;0.5;0.05
INFOMED;2014;010780799;750721334;;;;;;;1;;;;;;0;0;0;0;0;;0;1;0;0;;0.2;0.2
INFOMED;2014;020000089;020000022;;;1;;1;;;;1;;;;0;0;0;0;0;0;;;0;0;;0.86;0.1
INFOMED;2014;020000097;020000048;1;;;;;;1;;;;;;0;0;0;0;0;0;;;1;1;800006215;0.1;0.3
INFOMED;2014;020000105;020000055;;;1;;;1;;;1;;;;0;0;0;0;0;0;;;0;1;590000469;0;0.2
INFOMED;2014;020000162;020000063;1;;;;;;1;;;1;;;0;0;0;0;0;0;;;0;0;;6.25;1.8
INFOMED;2014;020000246;020000071;;;1;;;;;;1;;;;0;1;1;0;0;0;;;0;0;;1;1
INFOMED;2014;020000303;750814030;;;;;;;1;;;;;;0;0;0;0;0;1;1;0;0;0;;2.58;0.4
INFOMED;2014;020000360;020014742;;;1;;;;;;;;;;0;0;0;0;0;1;1;0;0;1;;1;
INFOMED;2014;020000394;020000253;;1;;;;;1;;;;;;0;0;0;0;0;1;1;1;0;0;;2.25;1.3
INFOMED;2014;020000519;020000261;1;;;;;;1;;;;;;0;0;0;0;0;0;0;0;0;0;;2;0.5
INFOMED;2014;020000535;020000287;1;;;;;;1;;;;;;0;0;0;0;0;1;1;0;0;0;;2.7;0.5
INFOMED;2014;020000543;020000295;;;;;;;;;;1;;;0;0;0;0;0;1;1;0;0;0;020000543;2.8;0.83
INFOMED;2014;020000915;020003620;;;;;;;1;;;;;;0;0;0;0;0;0;0;0;0;0;;1.5;0.2
INFOMED;2014;020001061;020004404;;1;;;;;;;;;;;0;0;0;0;0;0;0;0;0;0;;2;1
INFOMED;2014;020001087;020004495;;;1;;;;;;1;;;;0;0;0;0;0;0;;;1;0;;2;0.2
INFOMED;2014;020004156;590805065;;;;;;;;;;;1;;0;0;0;0;0;0;0;0;0;0;;0.2;0.1
INFOMED;2014;020004297;020005179;;;;1;;;;;;;;;0;0;0;0;0;0;;;;0;;0;0.01
INFOMED;2014;020010047;020001632;;;1;;;;;;;;;;0;0;0;0;0;0;;;1;0;;2;0.1
INFOMED;2014;020014767;590805065;;;;;1;;;;;;;;0;0;0;0;0;0;0;0;0;0;;0.01;0.05
INFOMED;2014;030000012;030180020;;;;;;;;;1;;;;0;0;0;0;0;1;1;1;1;1;030002208;0.5;0.2
INFOMED;2014;030000061;030780092;;1;;1;;;1;;;1;;;0;0;0;0;0;1;0;0;1;0;;5.6;2
INFOMED;2014;030000079;030780100;;;1;1;;;1;;;1;;;0;0;0;0;0;0;0;0;0;0;;;
INFOMED;2014;030000087;030780118;1;;;1;;;1;;;1;;;0;0;0;0;0;1;1;0;1;0;;3;1.3
INFOMED;2014;030000095;030780126;;;1;;;;;;1;;;1;0;0;0;1;1;0;0;0;0;;;2;
INFOMED;2014;030000160;030780282;;;1;;;1;;;1;;;1;0;0;0;0;0;0;0;0;0;1;030780100;;
INFOMED;2014;030002208;030002158;;1;;;;;;1;;;;;0;0;0;1;1;0;;;0;0;;0.6;0.4
INFOMED;2014;030780548;030000194;;1;;;;;;1;;;;;0;0;1;1;0;1;1;0;1;1;630781839;1;0.09
INFOMED;2014;030781116;030000426;;;1;;;;;;1;;;;0;0;0;0;0;1;0;0;1;0;;3;0.77
INFOMED;2014;030785430;030785422;;;1;;;;;;;;;;0;0;0;0;0;1;1;0;1;0;;2;0.2
INFOMED;2014;040000051;040780173;;;;;;;1;;;;;;1;1;1;1;1;0;0;0;0;1;040780173;0.5;0.1
INFOMED;2014;040000093;040780215;;1;;;;;;;;;;;0;0;0;0;0;1;0;0;0;0;;2.35;0.8
INFOMED;2014;040000119;040780231;;1;;;;;;1;;;;;0;0;0;1;1;0;0;0;0;1;040780215;0.06;0.06
INFOMED;2014;040000135;050002948;1;;;;;;1;;;;;;0;0;0;0;0;1;1;0;0;1;050000124;1;0.5
INFOMED;2014;040000911;040788879;1;;;;;;;;;1;;;0;0;0;0;1;1;1;1;1;0;;2.55;1
INFOMED;2014;040780389;040000150;;;;;;;;;1;;;;0;0;0;0;0;0;0;0;0;0;;0.5;0.05
INFOMED;2014;040780405;040000168;;;;;;;;;1;;;;0;0;0;0;0;1;1;0;0;0;;0.4;0.1
INFOMED;2014;040780470;040000192;;1;;;;;;;;;;;0;0;0;0;0;1;0;0;1;1;130810740;0.5;0.5
INFOMED;2014;040780488;040000200;;;;;;;;;1;;;;0;0;0;0;0;0;0;0;0;0;;;0.11
INFOMED;2014;040782021;130037815;;;;;;;1;;;;;;0;0;1;0;0;1;0;1;0;0;;0.5;0.3
INFOMED;2014;040784860;330029208;;;1;;;;;;;;;;0;0;1;1;1;1;1;0;0;0;;0.05;0.05
INFOMED;2014;050000066;050000082;;;;;;;;;1;;;;0;0;0;0;0;1;1;0;0;0;;0.06;0.17
INFOMED;2014;050000132;050007145;;;1;;;;;;1;;1;;0;0;0;0;0;0;0;0;0;0;;0;0
INFOMED;2014;050000231;050000116;;;1;;;;;;;1;;;0;0;0;0;0;1;1;0;0;0;;3;0.9
INFOMED;2014;050000256;050000124;;;1;;;;1;;;;;;0;0;0;0;0;1;1;0;0;1;;1.15;0.3
INFOMED;2014;050000306;050000538;;;;;;;1;;;;;;0;0;0;0;0;1;1;0;1;0;;0.5;0.13
INFOMED;2014;050000330;050007145;;;1;;;;;;1;;1;;0;0;0;0;0;0;0;0;0;0;;0;0
INFOMED;2014;050000348;050002948;1;;;;;;1;;;;;;0;0;0;0;0;1;1;0;0;1;050000124;3.81;0.88
INFOMED;2014;050000371;050003508;;;;;;;;;1;;;;0;0;0;0;0;1;1;0;1;0;;0.1;0.05
INFOMED;2014;050000488;050000678;;;;;;;;;1;;;;0;0;0;0;0;1;1;0;0;0;;1;0.3
INFOMED;2014;050000637;050001163;;;;;;;;;1;;;;0;0;0;0;0;1;1;0;0;0;;0.1;0.17
INFOMED;2014;050000991;050000546;;;;;;;;1;;;;;0;0;0;0;0;1;1;0;0;0;;1;0.3
INFOMED;2014;050001064;050000561;;;;;;;;1;;;;;0;0;0;0;0;1;1;0;0;0;;0.1;0.2
INFOMED;2014;050002351;130037815;;;;;;;;;1;;;;;;;;;;1;;;0;;1;0.2
INFOMED;2014;050003359;380793802;;;1;;;;;;;;;;0;0;0;0;0;0;0;0;;0;;;
INFOMED;2014;050006022;380793802;;;1;;;;;;;;;;0;0;0;0;0;0;;;;0;;;
INFOMED;2014;050007368;050007343;;;;;;1;;;;;;;0;0;0;0;0;1;0;1;1;0;;0;0
INFOMED;2014;060000296;060780640;;;;;;;;1;;;;;0;0;0;0;0;1;1;1;1;0;;0.6;0.1
INFOMED;2014;060000411;060780780;1;;;;;;;;;;;;1;1;1;1;1;0;;;0;1;;0.5;0.1
INFOMED;2014;060000445;060780814;;;;;;;1;;;;;;1;1;1;1;1;0;;;;0;;0.13;0.1
INFOMED;2014;060000478;060780897;1;;;1;;;1;;;1;;;0;0;0;0;0;1;1;0;0;0;;5.3;1.5
INFOMED;2014;060000494;060780921;;;1;;;;;;;;;;0;0;0;0;0;0;;0;0;0;;0.02;0.03
INFOMED;2014;060000510;060780954;1;;;;;;1;;;1;;;0;0;0;0;0;1;0;0;1;0;;4.58;1
INFOMED;2014;060000528;060780962;;;1;;;;;;;;;;0;0;0;0;0;1;1;0;1;0;;3;1
INFOMED;2014;060000544;060780988;;1;;;1;;;1;;;1;;0;0;0;0;0;1;1;0;1;0;;2.5;1
INFOMED;2014;060002102;060791761;;;1;;;;;;1;;;;0;0;0;0;0;1;1;1;0;0;;0.8;0.5
INFOMED;2014;060005469;750043994;0;0;0;0;0;0;1;0;0;0;0;0;0;0;0;0;0;0;0;0;0;0;;0.5;0.3
INFOMED;2014;060015328;060015278;;;;;;;;;1;;;;0;;0;1;1;0;0;;0;0;;0.14;0.05
INFOMED;2014;060021201;060000155;;;;;;;;;1;;;;0;0;1;0;0;0;0;0;0;0;;0.1;0.1
INFOMED;2014;060021417;060000221;;1;;;;;;;;;;;0;0;0;0;0;1;1;0;0;1;;3;
INFOMED;2014;060780186;060006939;;;;;;;;;1;;;;0;0;0;0;0;0;0;0;1;0;;0.25;0.25
INFOMED;2014;060780277;750043994;0;0;0;0;0;0;1;;;0;0;0;0;0;0;0;0;0;0;0;0;0;;0.2;0.2
INFOMED;2014;060780343;060000171;;;;;;;;;1;;;;0;0;0;0;0;1;1;1;1;1;060780517;0.25;0.25
INFOMED;2014;060780392;060000205;;;;;;;;;1;;;;0;0;0;0;0;1;1;1;1;1;060780517;0.2;0.1
INFOMED;2014;060780442;060000213;;;1;;;;;;;;;1;1;1;1;1;1;;;;1;0;;1;0.5
INFOMED;2014;060780459;010783009;;;;;;;;;1;;;;0;0;0;0;0;0;;;;0;060780459;0.4;
INFOMED;2014;060780491;060790797;;;1;;;;;;;;;;0;0;1;1;1;0;0;0;0;0;;2.51;0.2
INFOMED;2014;060780517;060000239;;;1;;;;;;;;;;0;0;0;0;0;1;1;1;0;1;060780343;7;1
INFOMED;2014;060780525;060000247;;;;;;;;;;;;;1;0;0;0;;0;0;1;0;0;;0.5;0.2
INFOMED;2014;060780558;750720575;;;;;;;1;;;;;;0;0;0;0;0;0;0;0;0;0;;0.5;0.25
INFOMED;2014;060780590;060000270;;;1;;;;;;;;;;1;1;1;1;1;1;1;1;0;1;;1.5;0.1
INFOMED;2014;060780699;060000346;;;;;;;;;;;;;0;0;0;0;0;0;;;;0;;0.25;0.25
INFOMED;2014;060780715;060000361;;1;;;;;;;;;;;0;0;0;0;0;0;0;0;0;0;;4;1
INFOMED;2014;060780723;060004959;;1;;;;;;;;;;;0;0;0;0;0;0;;;0;1;;3;0.2
INFOMED;2014;060780749;060000395;;;;;;;;1;;;;1;1;1;1;1;1;0;0;0;0;0;;1;0.5
INFOMED;2014;060780947;060800174;;1;;;;;;;;;1;;0;0;0;0;0;0;0;0;0;0;;2.5;0.4
INFOMED;2014;060780996;630786754;;;;;;;;;;;;;;;;;;1;1;0;0;0;;4;1
INFOMED;2014;060781200;060000635;;1;;;;;;;;;;;0;0;0;0;0;0;0;0;0;1;060780715;1;0.3
INFOMED;2014;060781374;060000718;;;;;;;;;1;;;;0;0;0;0;0;0;0;0;0;0;;1;0.05
INFOMED;2014;060781929;060000858;;;;;;;;;;;;1;1;1;1;1;1;0;0;0;0;0;;;
INFOMED;2014;060785219;060001468;;1;;;;;;;;;;;0;0;0;0;1;1;1;0;0;0;;7;0.2
INFOMED;2014;060785227;060001476;;;;;;;;;1;;;;0;0;1;1;1;1;1;0;1;0;;1;0.1
INFOMED;2014;060788957;060785011;1;;;;;;1;;;1;;;0;0;0;0;0;1;0;0;0;1;060785011;6.69;6.7
INFOMED;2014;060789674;130037815;;;;;;;;;1;;;;0;0;0;0;0;0;0;0;0;0;;1;0.1
INFOMED;2014;060791811;750826638;;;1;;;;;;1;;;;0;0;0;0;0;0;0;0;0;0;;1.35;0.4
INFOMED;2014;060794013;060790797;;;1;;;;;;;;;;0;0;1;1;1;0;0;0;0;0;;2;0.2
INFOMED;2014;060798881;060798873;;;;;;;;1;;;;;0;0;1;0;0;0;;;;;;0.2;0.2
INFOMED;2014;060800166;060780608;;1;;;;;;;;;;;0;0;0;0;1;1;1;0;0;0;;7;0.2
INFOMED;2014;060800182;060002912;;;;;;;;1;;;;;0;0;0;0;0;1;0;1;0;0;;0.6;0.05
INFOMED;2014;070000013;070002878;;1;;;;;;1;;;;;0;0;0;1;1;1;1;0;;1;260000047;2;0.45
INFOMED;2014;070000047;070780127;;;1;;;;;;1;;;;0;0;1;1;1;;;;;1;070005566;0.1;
INFOMED;2014;070000062;070005558;;;1;;;;;;1;;;;0;0;1;1;1;0;0;0;0;1;260000138;0.3;
INFOMED;2014;070000096;070780184;;1;;;;;;1;;;;;0;0;0;0;0;0;;0;;1;070780358;0.5;
INFOMED;2014;070000179;070780358;1;;;;;;1;;;;;;0;0;0;0;0;;0;0;0;0;;2.45;1.4
INFOMED;2014;070000187;070780366;;;;;;;;;;;;;;;;;;;;;;1;;;
INFOMED;2014;070000195;070780374;;1;;;;;1;;;;;;0;0;0;0;0;;0;0;;1;070780358;0.3;0.15
INFOMED;2014;070000609;070005566;;;1;;;1;;;1;;;1;0;0;0;0;0;0;0;0;0;1;;;
INFOMED;2014;070004726;380793802;;;1;;;;;;;;;;0;0;0;0;0;0;0;0;0;0;;;
INFOMED;2014;070006168;300016847;;;;;;;;1;;;;;0;;1;1;1;0;0;0;0;1;070005566;;
INFOMED;2014;070780226;300016847;;;;;;;;1;;;;;0;;1;1;1;0;0;0;0;1;070005566;;
INFOMED;2014;070780234;750721300;;;;;;;;;1;;;;1;1;1;1;1;1;1;1;0;1;260000021;;0.04
INFOMED;2014;070780242;070000120;;;;;;;;;1;;;;0;0;0;0;0;0;0;0;0;0;;0.1;0.1
INFOMED;2014;070780317;630786754;;;;;;;;;;1;;;0;0;0;0;0;1;1;0;0;0;;2.5;0.55
INFOMED;2014;070780390;070000211;;;;;;;;;1;;;;0;0;0;0;0;1;1;1;0;0;;0.1;0.1
INFOMED;2014;070780408;070000229;;;1;;;;;;;;;;1;1;1;1;1;0;0;0;1;0;;1;
INFOMED;2014;070780424;070000245;;;1;;;;;;;;;;0;0;0;0;0;0;;;1;0;;3.81;0.5
INFOMED;2014;070786231;690796552;;;1;;;;;;;;;;0;0;0;0;0;1;1;1;0;0;;0.01;0.01
INFOMED;2014;070786249;690796552;;;1;;;;;;;;;;0;0;0;0;0;1;1;1;0;0;;0.01;0.01
INFOMED;2014;080000110;080000037;;;1;;;;1;;;;;;0;0;0;0;0;1;1;0;1;0;;5.42;0.36
INFOMED;2014;080000219;080001969;;;1;;;1;;;1;;;;0;0;0;0;0;1;1;0;0;0;;2;0.3
INFOMED;2014;080000250;540019726;;;;;;;1;;;;;;0;0;0;0;0;0;0;0;0;1;540009701;0.4;0.1
INFOMED;2014;080000268;540019726;;;;;;;1;;;;;;0;0;0;0;0;0;0;0;0;1;540009701;0.15;0.03
INFOMED;2014;080000276;080001969;;;1;;;1;;;1;;;;0;0;0;0;0;1;1;0;0;0;;;
INFOMED;2014;080000284;080000060;;;1;;;;;;1;;;;0;0;1;1;1;0;0;0;0;1;080000615;0.3;0
INFOMED;2014;080000318;080000086;;;;;;;1;;;1;;;0;0;0;0;0;0;0;0;1;0;;1.01;0.05
INFOMED;2014;080000425;080000615;;1;;;;;;;;;;;0;0;0;0;0;1;1;1;1;0;;8.04;1.05
INFOMED;2014;080002140;540019726;;;;;;;1;;;;;;0;0;0;0;0;0;0;0;0;1;540009701;0;0.02
INFOMED;2014;080008279;080001969;;;1;;;1;;;1;;;1;0;0;0;0;0;1;1;0;0;1;080001969;;
INFOMED;2014;080010473;080010242;1;;;1;;;1;;;;;;0;0;0;0;0;0;;;0;0;;;
INFOMED;2014;090000019;090180019;;;;;;;1;;;;;;0;0;1;1;0;0;0;0;0;0;;;
INFOMED;2014;090000175;090781774;1;;;1;;;1;;;;;;0;0;0;0;1;1;1;1;0;1;090781816;4.68;0.89
INFOMED;2014;090000183;090781816;;1;;;;;1;;;1;;;0;0;0;0;0;1;1;0;0;1;090000175;3.26;0.56
INFOMED;2014;090000217;090782251;;;;;;;;;1;;;;0;0;1;1;1;0;0;0;0;0;090000175;;
INFOMED;2014;090001629;090780107;;;1;;;;;1;;;;;0;0;0;0;0;1;1;0;0;1;090781774;0.4;0.17
INFOMED;2014;100000082;100001148;;;1;;;;;;;;;;0;0;0;0;0;0;0;0;1;0;;0.5;
INFOMED;2014;100000090;100000017;;1;;;;;;1;;;;;0;0;0;0;0;1;0;0;0;0;;7.35;2.48
INFOMED;2014;100000108;100000033;;;;;;;;;;;1;;0;0;0;0;0;1;0;0;1;0;;1;0
INFOMED;2014;100000124;100009075;;1;;;;;;;;;;;0;0;0;0;0;0;0;0;1;0;;2;0.06
INFOMED;2014;100000199;100006279;;;1;;;1;;;1;;;;0;0;0;0;1;0;0;;1;0;;1.25;0.2
INFOMED;2014;100002351;100000561;;;1;;;;;;;;;;0;0;0;0;0;0;1;0;1;0;;2.5;0.1
INFOMED;2014;100008903;100007335;;;;;;1;;;;;;;0;0;0;0;0;0;0;0;0;0;;0.1;0.1
INFOMED;2014;100009083;750721235;;;;;;;;;1;;;;0;0;1;1;1;0;0;0;0;0;;0.1;0.1
INFOMED;2014;110000023;110780061;;1;;;;;;;;;;;0;0;0;0;0;1;1;0;1;0;;5.94;1.57
INFOMED;2014;110000049;110780087;1;;;;;;1;;;;;;0;0;0;0;0;0;;;;1;110000023;1;0.05
INFOMED;2014;110000056;110780137;1;;;;;;1;;;1;;;0;0;0;0;1;1;1;0;1;0;;3.25;1
INFOMED;2014;110000189;110780707;;;1;;;;;;;;;;0;0;0;0;0;0;0;0;0;1;320861818;1;0.1
INFOMED;2014;110000247;110780772;;;1;;;1;;;1;;;;0;0;0;0;0;0;0;0;1;0;;1;0.2
INFOMED;2014;110000262;110781010;;;;;;;;;1;;;;0;0;0;0;0;1;1;0;0;0;;0.1;0.05
INFOMED;2014;110003118;110007341;;;;;;;;;1;;;;1;0;1;1;1;1;1;1;1;0;;0.1;0.2
INFOMED;2014;110004413;340000264;;;1;;;;;;;;;;0;0;0;0;0;0;0;0;0;;;0.01;0.01
INFOMED;2014;110004421;340000264;;;1;;;;;;;;;;0;0;0;0;0;0;0;0;0;0;;0.01;0.01
INFOMED;2014;110004439;340000264;;;1;;;;;;;;;;0;0;0;0;0;0;0;0;0;0;;0.02;0.01
INFOMED;2014;110005311;340000264;;;1;;;;;;;;;;0;0;0;0;0;0;0;0;0;0;;0.03;0.01
INFOMED;2014;110780186;110000072;;;;;;;;;1;;;;0;0;0;0;0;1;1;1;0;0;;0.35;0.12
INFOMED;2014;110780194;110000080;;;;;;;;;1;;;;0;0;0;0;0;0;0;0;0;0;;1;0.2
INFOMED;2014;110780228;110000114;;;1;;;;;;1;;;;0;0;0;0;0;1;1;0;0;0;;3.5;0.4
INFOMED;2014;110780236;110780707;;;1;;;;;;1;;;;0;0;0;0;0;0;0;0;0;1;320861818;;
INFOMED;2014;110786324;110786324;;;;;;;1;;;1;;;0;0;0;0;0;1;1;0;1;0;;1.25;0.8
INFOMED;2014;120000039;120780044;1;;;;;;;1;;1;;;0;0;0;0;1;0;;;1;0;;4.5;1
INFOMED;2014;120000054;120780069;;;1;;;;;;1;;;;0;0;0;0;0;1;1;1;1;0;;7.49;0.5
INFOMED;2014;120000070;120780085;;1;;;;;1;;;;;;0;0;0;0;0;0;0;0;1;0;;0.5;0.4
INFOMED;2014;120000088;120780093;;;1;;;;;;1;;;;0;0;0;0;0;1;0;0;0;0;;0.5;0.03
INFOMED;2014;120000096;120780101;;1;;;;;;1;;;;;0;0;0;0;0;0;0;0;0;1;460780083;1;0.05
INFOMED;2014;120000153;120780291;;;;;;;;1;;;;;1;1;1;1;1;0;0;0;0;0;;0.3;0.1
INFOMED;2014;120000237;120780481;;;;;;;;1;;;;;0;0;0;0;0;1;1;0;0;1;460780083;0.32;0.03
INFOMED;2014;120001748;340000264;;;1;;;;;;;;;;0;0;0;0;0;0;0;0;0;0;;0.01;0.03
INFOMED;2014;120004569;120004528;;1;;;;;;1;;;1;;0;0;0;0;0;1;1;1;1;1;120004619;3.32;1
INFOMED;2014;120004668;120004619;;1;;;;;;;1;;;;0;0;0;0;0;1;1;0;1;1;120004569;0.66;
INFOMED;2014;120780135;120000104;;;;;;;;1;;;;;0;0;0;0;0;0;;;0;0;;0.1;0.1
INFOMED;2014;120780283;630786754;;;;;;;;;;1;;;0;0;0;0;0;1;1;0;0;0;;3;0.5
INFOMED;2014;120787254;340000264;;;1;;;;;;;;;;0;0;0;0;0;0;0;0;0;0;;0.01;0.01
INFOMED;2014;130000235;130780554;;;;;;;;;;1;;;0;0;0;0;0;1;1;;0;0;;3.84;0.8
INFOMED;2014;130000409;130041916;;1;;1;;;1;;;;;;0;0;0;0;0;1;1;0;0;0;;5.85;2.1
INFOMED;2014;130000433;130781131;;;;;;;;;;1;;;0;0;0;0;0;1;1;0;0;0;;3.8;1
INFOMED;2014;130000516;130781339;;1;;;;;;1;;;;;0;0;0;0;0;1;1;0;1;0;;1;0.1
INFOMED;2014;130000565;130781446;;1;;;1;;1;;;;;;0;0;1;0;0;1;1;0;0;1;840004659;2.3;0.9
INFOMED;2014;130001225;130782634;1;;;;;;1;;;;;;0;0;0;0;0;1;1;0;1;0;;2.5;0.8
INFOMED;2014;130001258;130028228;;;1;;;;;;1;;;;0;0;0;0;0;1;0;1;0;1;130789274;0.8;0.1
INFOMED;2014;130001647;130784127;;;1;;;1;;;;;;;0;0;0;0;0;1;0;0;0;0;130001647;5.87;1.5
INFOMED;2014;130002215;130785512;1;;;1;;;;;;;;;0;0;0;0;0;0;0;0;0;0;;1.8;0.5
INFOMED;2014;130002496;130786494;;;;;;;;;;1;;;0;0;0;0;0;1;1;0;0;0;;2.75;0.38
INFOMED;2014;130002694;040000481;;;1;;;;;;1;;;;0;0;0;1;1;0;0;0;0;0;;0.5;0.3
INFOMED;2014;130002827;130789274;1;;;;;;;;1;;1;;0;0;0;0;0;1;1;0;1;0;;1.3;1
INFOMED;2014;130002835;130789316;;1;;;;;;;1;1;;;0;0;0;0;0;1;1;0;0;0;;3.95;1.8
INFOMED;2014;130008238;130044118;;;;;;;;;1;;;;1;1;0;0;0;0;;;;0;;0.68;
INFOMED;2014;130008253;130001084;;;1;;;;;;;;;;0;0;0;0;0;0;;;0;0;;1;0.3
INFOMED;2014;130021488;130021439;;;;;;1;;;;;;;0;0;0;0;0;0;0;0;0;0;;;0.25
INFOMED;2014;130021819;130021769;;;;;;1;;;;;;;0;0;0;0;0;0;;;;0;;0.1;0.38
INFOMED;2014;130022619;130810161;;;;;;1;;;;;;;0;0;0;0;0;1;0;1;0;0;;;
INFOMED;2014;130035793;130013139;;;;;;;;;1;;;;0;0;0;0;0;1;0;0;0;0;;0.1;0.12
INFOMED;2014;130037922;130037823;;;1;;;;;;;;;;0;0;0;0;0;1;1;0;0;1;130784051;2.8;0.2
INFOMED;2014;130041767;130041262;1;;;;;;;;;;;;0;0;0;0;0;1;1;0;1;1;130043664;0.2;0.55
INFOMED;2014;130042526;310021399;;;;;;;;;1;;;;0;0;0;0;0;0;;;0;0;;1;0.11
INFOMED;2014;130043508;250002284;;;;;;;1;;;;;;0;0;0;0;0;0;0;0;0;0;;;
INFOMED;2014;130043664;130002157;;;1;;;;;;;;;;0;0;0;0;0;1;1;0;1;1;130041767;10.46;2.15
INFOMED;2014;130043854;130037815;;;;;;;1;;;;;;0;0;0;0;0;1;0;1;0;0;;1;0.11
INFOMED;2014;130780083;130000060;;;;;;;;1;;;;;0;0;1;1;1;1;1;1;0;;;0.5;0.3
INFOMED;2014;130780521;130786049;;1;;;1;;1;;;;1;;0;0;0;0;0;0;0;0;0;0;;7.28;2.96
INFOMED;2014;130781289;130002447;;;1;;;;;;;;;;0;0;0;0;0;0;0;0;0;1;130786361;;
INFOMED;2014;130781370;130000532;;;1;;;;;;;;;;0;0;0;0;0;1;1;0;0;0;;4;0.25
INFOMED;2014;130781438;130000557;;;;;;;;1;;;;;0;0;0;0;0;0;0;0;1;0;;1;0.2
INFOMED;2014;130781479;130000599;;1;;;;;;1;;;;;0;0;0;0;0;0;1;1;0;0;;3.3;0.6
INFOMED;2014;130781594;130010648;;;;;;;;;;;1;;0;0;0;0;0;1;1;1;0;0;;0.15;0.1
INFOMED;2014;130781768;130000763;;;;;;;;;1;;;;0;0;0;0;0;0;0;0;;0;;0.8;0.1
INFOMED;2014;130781834;130000805;;;;;;;;;1;;;;0;0;0;1;1;0;;;0;0;;0.5;0.25
INFOMED;2014;130781867;130000813;;1;;;;;;;;;;;0;0;0;0;0;1;1;0;0;1;830100434;1.2;0.12
INFOMED;2014;130781917;130000847;;;;;;;;;1;;;;0;0;0;0;0;0;0;0;0;0;;1;0.13
INFOMED;2014;130781925;750043994;;;;;;;1;0;0;;;;0;0;0;0;0;1;0;0;0;0;;0.5;0.2
INFOMED;2014;130782071;130002454;;;1;;;1;;1;;;;;1;1;1;1;1;1;1;1;0;0;;2.8;0.3
INFOMED;2014;130782097;130000938;;;;;;;1;;;;;;0;0;0;0;0;0;0;0;0;0;;0.5;0.05
INFOMED;2014;130782147;130000979;;;1;;;;;;;;;;1;0;0;0;1;0;0;0;0;0;;1;0.4
INFOMED;2014;130782162;130000987;;;1;;;;;;;;;;0;0;0;1;1;1;1;0;0;0;;2;0.2
INFOMED;2014;130782303;920000395;;;;;;;;;1;;;;0;0;0;0;0;0;0;0;0;0;;;0.2
INFOMED;2014;130782444;130001100;;;;;;;;;1;;;;0;0;0;0;0;0;0;0;1;0;;0.8;0.2
INFOMED;2014;130782675;130001233;;;1;;;;;;;;;;0;0;0;0;0;1;1;0;0;1;;1;0.1
INFOMED;2014;130783152;130001365;1;;;;;;1;;;;;;0;0;0;0;0;1;1;0;0;0;;0.5;0.3
INFOMED;2014;130783236;130786049;;1;;;1;;1;;;;1;;0;0;0;0;0;0;0;0;0;0;;17.45;6.79
INFOMED;2014;130783293;130786049;;1;;;1;;1;;;;1;;0;0;0;0;0;0;0;0;0;0;;11.5;8
INFOMED;2014;130783327;130001415;;;1;;;;;;;;;;0;0;0;0;0;1;1;0;0;0;;1.8;0.33
INFOMED;2014;130783723;130001456;;;1;;;;;;;;;;0;0;0;0;1;1;1;0;0;0;;1;0.2
INFOMED;2014;130783772;130810336;;;1;;;;;;;;;;0;0;0;0;0;1;1;0;1;1;130784051;0.8;0.1
INFOMED;2014;130783830;130001514;;;;;;;;;1;;;;0;0;0;0;0;1;1;1;0;0;;0.03;0.03
INFOMED;2014;130783871;130001548;;;;;;;;1;;;;;0;0;0;0;0;0;;;1;1;;1;0.1
INFOMED;2014;130783962;130001415;;;1;;;;;;;;;;0;0;0;0;0;1;1;0;0;0;;0.8;0.2
INFOMED;2014;130784051;130037823;;;1;;;;;;1;;;;0;0;0;0;0;1;1;0;0;0;;6.35;0.6
INFOMED;2014;130784234;130786049;;1;;;1;;1;;;;1;;0;0;0;0;0;0;0;0;0;0;;5.89;2.25
INFOMED;2014;130784291;130001696;;;;;;;;;;;;1;0;0;0;0;0;1;1;;0;;;;
INFOMED;2014;130784549;130001811;;;;;;;;;;;;1;0;0;0;0;0;1;0;1;0;0;;0.1;0.1
INFOMED;2014;130784598;130001852;;;;;;;1;;;;;;0;0;0;0;0;0;0;0;0;0;;1;0.3
INFOMED;2014;130784697;130001902;;;;;;;;;;;1;;0;0;0;0;0;0;1;1;0;0;;0.15;0.1
INFOMED;2014;130784713;130038847;;1;;;;;;;;;;;0;0;0;0;0;1;1;0;0;1;830100434;6.5;0.12
INFOMED;2014;130784812;130001985;;;;;;;;;1;;;;0;0;0;0;0;0;0;0;0;0;;0.5;0.1
INFOMED;2014;130784903;130002041;;;1;;;;;1;;;;;1;0;0;1;1;1;1;0;1;0;;1;0.5
INFOMED;2014;130784911;750052375;;;;;;;;1;;;;;0;0;0;0;0;1;0;0;0;0;;0.5;0.2
INFOMED;2014;130785389;130002173;;;1;;;;;;1;;;;0;0;0;0;1;1;1;1;1;0;;2;0.2
INFOMED;2014;130785462;130002207;;;;;;;;1;;;;;0;0;0;0;0;0;0;0;0;0;;0.5;0.1
INFOMED;2014;130785652;130014228;;;1;;;1;;;1;;;1;0;0;0;0;1;1;1;0;1;1;130784952;8.67;1.35
INFOMED;2014;130785678;130002249;;1;;;;;;;;;;;0;0;0;0;0;1;1;0;0;1;830100434;2;0.12
INFOMED;2014;130786015;130002322;;;;;;;;;;;;1;0;0;0;0;0;1;1;0;0;0;;0;0.2
INFOMED;2014;130786296;130002421;;;;;;;;;1;;;;0;0;0;0;0;1;1;1;1;0;;0.5;0.26
INFOMED;2014;130786361;130002447;;;1;;;;;;;;;;0;0;0;0;0;0;0;0;0;0;;12;0.75
INFOMED;2014;130786445;130002488;1;;;;;;;;;;;;0;1;0;0;0;0;0;0;0;0;;1;0.2
INFOMED;2014;130786742;750821092;1;;;;;;1;;;1;;;0;0;0;0;0;0;;;0;0;;3;1
INFOMED;2014;130786924;130037815;;;;;;;1;;;;;;0;0;0;0;0;1;0;1;0;0;;1;0.11
INFOMED;2014;130786932;130002660;;;;;;;;;1;;;;0;0;0;0;0;0;0;0;0;0;;;0.5
INFOMED;2014;130789357;130002843;;;;;;;1;;;;;;0;0;0;0;0;0;0;0;0;0;130789357;1;0.2
INFOMED;2014;130804297;130786049;;1;;;1;;1;;;;1;;0;0;0;0;0;0;0;0;0;0;;;0
INFOMED;2014;130806011;130001183;;;;;;;;;;;;1;0;0;0;0;0;0;0;0;0;0;;0.21;0.07
INFOMED;2014;130806078;130016058;;1;;;;;;;;;;;1;1;0;0;0;0;0;0;1;0;;0;0
INFOMED;2014;130809015;130001928;;;1;;1;;;;1;;;;0;0;0;0;0;1;1;0;1;0;;1.5;0.4
INFOMED;2014;130809981;920000395;;;;;;;;;1;;;;0;0;0;0;0;0;0;0;0;0;;0;0
INFOMED;2014;130810740;130007362;;;1;;;;;;;;;;0;0;0;0;0;0;0;0;0;0;;2;1
INFOMED;2014;140000027;140000035;1;;;1;;;1;;;1;;;0;0;0;0;1;0;;;0;1;140000134;1.96;1
INFOMED;2014;140000076;140000084;;;1;;1;;;1;;;;;0;0;0;0;0;1;1;0;0;1;140000159;0.8;0.3
INFOMED;2014;140000209;140000100;1;;;1;;;1;;;1;;;0;0;0;0;1;0;0;0;0;0;;9.8;4.19
INFOMED;2014;140000233;140000118;;1;;1;;;;;1;;1;;0;0;0;0;0;1;1;1;0;0;;2.66;1.03
INFOMED;2014;140000258;140000415;;;;;;1;;;;;;;0;0;0;0;0;0;0;0;0;0;;0.1;
INFOMED;2014;140000290;140000449;;;1;;;;;;;;;;0;0;0;0;0;1;1;1;0;0;;0.5;0.2
INFOMED;2014;140000308;140000134;;;;;;;1;;;;;;0;0;0;0;0;1;1;0;0;1;140000035;0.7;0.1
INFOMED;2014;140000340;140025800;;1;;;;;;1;;;;;0;0;0;0;0;0;0;0;0;0;;0.8;0.05
INFOMED;2014;140000373;140000159;;;1;;1;;;1;;1;;;0;0;0;0;0;1;1;1;0;0;;3;0.7
INFOMED;2014;140000456;140000316;;;;;;;;;;;1;;0;0;0;0;0;0;0;0;0;0;;3;0.25
INFOMED;2014;140000555;140000639;;;1;;;;;;;;;;0;0;0;0;0;1;0;0;0;0;;3.8;1.5
INFOMED;2014;140002452;140025800;;1;;;;;;1;;;;;0;0;0;0;0;0;1;0;0;0;;0.8;0.17
INFOMED;2014;140015975;310021092;;;;;;;;;1;;;;0;0;0;0;0;1;1;0;0;0;;0.25;0.1
INFOMED;2014;140016759;140003146;1;;;;;;;;;;;;1;1;1;1;1;1;0;;;0;;3;0.25
INFOMED;2014;140017237;140003278;;;1;;;;;;;;;;0;0;0;0;0;0;0;0;1;0;;4.62;0.3
INFOMED;2014;140017278;610787285;;;;;;;1;;;;;;0;0;0;0;0;1;0;0;0;0;;0.1;0.02
INFOMED;2014;140018730;140000423;;;1;;;;;;;;;;0;0;0;0;0;0;0;0;0;0;;1;0.1
INFOMED;2014;140024886;140000092;1;;;;;;1;;;1;;;0;0;0;0;0;1;1;0;0;0;;3;1
INFOMED;2014;140025123;310021126;;;;;;;;;1;;1;;0;0;0;0;0;0;0;0;0;0;;0.2;0.05
INFOMED;2014;140025255;310020383;;;;;;;1;;;;;;0;0;0;0;0;1;1;1;0;0;;0;0.05
INFOMED;2014;140026410;140026279;;;1;;;;;;1;;;1;0;0;0;0;0;1;1;1;1;0;;2.83;0.2
INFOMED;2014;140026709;140000415;;;1;;;;;;;;;;0;0;0;0;0;0;;;0;0;;0.4;0.3
INFOMED;2014;140027681;610004939;;;;;;;;1;;;;;0;0;0;0;1;0;0;;0;1;610780389;0.1;0.05
INFOMED;2014;150000024;150780047;;;1;;;;;;;;;;1;1;1;1;1;0;0;0;0;0;;;
INFOMED;2014;150000032;150780088;;1;;;;;;;;1;;;0;0;0;0;0;0;0;0;1;0;;2;0.2
INFOMED;2014;150000040;150780096;;;1;1;;;1;;;1;;;0;0;0;0;1;0;0;1;1;0;150780096;2.3;1.5
INFOMED;2014;150000164;150780468;1;;;;;;1;;;;;;0;0;0;0;0;0;;;;1;150780096;;
INFOMED;2014;150000180;150780500;;;1;;;;;;1;;;;0;0;0;0;1;0;;;0;1;150780096;;
INFOMED;2014;150002608;660006370;;;;;;;;;1;;;;0;0;0;0;1;0;0;0;1;0;;0.5;0.2
INFOMED;2014;150780120;150000065;;;1;;;;;;1;;;;0;0;0;0;0;0;0;0;0;0;;0.4;0.1
INFOMED;2014;150780732;150000271;;;1;;;;;;1;;;;0;0;0;0;0;1;0;0;0;0;;2;0.5
INFOMED;2014;160000170;160000204;;;1;;;;;;;;;;0;0;0;0;0;0;;;0;0;;2.5;0.5
INFOMED;2014;160000188;160000121;;;1;;;;;;1;;;;0;0;0;0;0;1;1;0;0;1;160000303;1;0.3
INFOMED;2014;160000253;160000451;;;1;;;;;1;;;;;0;0;0;0;0;1;1;0;0;0;;6.5;2.33
INFOMED;2014;160000279;160000212;;1;;;;;;;;;;;0;0;0;0;0;0;0;0;0;0;;0.5;0.08
INFOMED;2014;160000303;160006037;;;1;;;;;;1;;;;0;0;0;0;0;0;;;1;1;160000188;2;1
INFOMED;2014;160000311;160000485;;;1;;;;;;1;;;;0;0;0;0;0;0;;;0;1;160000451;1;0.1
INFOMED;2014;160000337;160000493;;1;;;;;;1;;;;;0;0;0;0;0;1;1;0;1;1;160000253;2;0.2
INFOMED;2014;160000345;160000501;;;;;;;;;;;1;;0;0;0;0;0;0;;;0;0;;2;0.12
INFOMED;2014;160000360;160000519;;;1;;;;;;1;;;;0;0;0;0;0;1;1;1;0;1;160000451;0.2;0.05
INFOMED;2014;160002036;160009908;;;;;;1;;;;;;;0;0;0;0;0;1;0;0;1;0;;1;1.5
INFOMED;2014;160008231;160001038;;;;;;;;;;;;1;0;0;0;0;0;1;1;1;0;0;;0.2;0.08
INFOMED;2014;160009080;160001574;;;;;;;1;;;;;;0;0;0;1;0;0;;;;0;;0.25;0.1
INFOMED;2014;160013207;160001632;;;1;;;;;;;;;;0;0;0;0;0;1;1;1;1;0;;4.74;0.25
INFOMED;2014;160015368;160014411;;;1;;;;;;1;;;;0;0;0;0;0;0;;;1;0;;1.86;0.5
INFOMED;2014;170000038;170780050;;;1;;;;;1;;1;;;0;0;0;0;0;1;0;0;1;1;170000103;2.5;0.4
INFOMED;2014;170000079;170780142;;;1;;;;;;1;;;;0;0;0;0;0;1;1;0;0;0;;0.2;0.2
INFOMED;2014;170000087;170023279;;1;;;1;;;;;;;;0;0;0;0;0;1;1;1;0;0;;7.1;2.6
INFOMED;2014;170000095;170780167;;1;;;;;;1;;;;;0;0;0;0;0;1;0;0;1;1;170000103;2.76;0.4
INFOMED;2014;170000103;170780175;;1;;;;1;;1;;1;;;0;0;0;0;0;1;0;0;1;0;;4.87;0.7
INFOMED;2014;170000111;170023279;;1;;;;;;1;;;;;0;0;0;0;0;1;0;1;0;0;;0.2;0.1
INFOMED;2014;170000129;170780191;;;1;;;;;1;;;;;0;0;0;0;0;1;0;0;1;1;170780175;1.83;0.2
INFOMED;2014;170000152;170780225;;;1;;;;;1;;;;;0;0;0;0;0;1;1;1;1;0;;4.36;1.8
INFOMED;2014;170000178;170780266;;;1;;;;;;1;;;;0;0;0;0;0;1;0;0;;1;170000103;0.4;0.1
INFOMED;2014;170780282;170000186;;;;;;;;;;1;;;0;0;0;0;0;1;1;1;0;0;;0.1;0.15
INFOMED;2014;170780290;170000194;;;;;;;;;;;1;;0;0;0;0;0;1;1;1;0;1;;0.1;0.15
INFOMED;2014;170780563;170000251;;;1;;;;;;;;;;0;0;0;0;0;1;1;0;1;0;;2.5;0.15
INFOMED;2014;170780613;170000277;;;1;;;;;;;;;;0;0;0;0;0;0;1;0;0;1;;1.02;
INFOMED;2014;170780621;170000285;;;1;;;;;;1;;;;0;0;0;0;0;1;1;0;1;0;;3.5;0.1
INFOMED;2014;170780647;170000301;;;1;;;;;;;;;;0;0;0;0;0;0;0;0;0;0;;2;0.1
INFOMED;2014;170780662;170024053;;;1;;;;;;;;;;0;0;0;0;0;0;0;0;0;1;;;
INFOMED;2014;170780803;170017321;;;;;;;1;;;;;;0;0;0;0;0;0;;;;0;;0.3;0.2
INFOMED;2014;170781199;170000400;;;;;;;;;1;;;;0;0;0;0;0;1;1;1;0;0;;0.1;0.1
INFOMED;2014;170782981;170023279;;;;;;;;;;;1;;0;0;0;0;0;0;0;0;0;0;;0.5;0.1
INFOMED;2014;170784086;330785072;;;;;;;;;;1;;;1;1;1;1;1;1;0;0;0;1;170000103;0.1;0.1
INFOMED;2014;170784110;170023279;;;;;;;;1;;;;;0;0;0;0;0;1;1;1;0;0;;0.3;0.2
INFOMED;2014;180000010;180000028;;;1;;;1;;;1;;;;0;0;0;0;0;1;1;0;0;0;;5;0.8
INFOMED;2014;180000176;180001158;;;;;;;;;;1;;;0;0;0;0;0;1;1;0;1;0;;2.24;0.5
INFOMED;2014;180000200;180000051;1;;;;;;1;;;;;;0;0;0;0;0;0;;;0;0;;1.8;1
INFOMED;2014;180000283;180000069;;1;;;;;;1;;;;;0;0;0;0;0;1;0;1;1;0;;1.09;0.3
INFOMED;2014;180000333;180000093;;;;;;;;;1;;;;0;0;0;1;1;1;1;0;0;0;;1;1
INFOMED;2014;180000358;180000739;;;1;;;;;;;;;;0;0;0;0;0;1;1;0;1;0;;1;0.5
INFOMED;2014;180000598;180000887;;;;;;;;;1;;;;0;0;0;0;0;1;1;0;1;0;;2;0.1
INFOMED;2014;180004145;180000887;;;1;;;;;;1;;;;0;0;0;0;0;1;1;0;1;0;;2;0.2
INFOMED;2014;180004533;580780971;;;;;;;;;;1;;;0;0;0;0;0;0;0;0;0;1;580972636;;
INFOMED;2014;190000018;190000042;;;1;;;;;;1;;;1;0;0;0;0;0;0;0;0;1;0;;4;1.8
INFOMED;2014;190000026;190000059;;1;;;1;;;1;;;1;;0;0;0;0;0;1;1;0;1;0;;4.26;1
INFOMED;2014;190000034;190000067;;;1;;;;;;1;;;;0;0;0;0;0;0;0;0;0;0;;1;0.03
INFOMED;2014;190000091;190000075;;1;;;;;1;;;1;;;0;0;0;0;0;0;;0;0;0;;2;0.8
INFOMED;2014;190000117;190000117;;;;;;;;;;;;1;0;0;0;0;0;0;0;0;0;0;;0.91;0.11
INFOMED;2014;190000224;190000901;;;1;;;;;;;;;;0;0;0;1;1;1;1;0;1;0;;4.68;0.5
INFOMED;2014;190000257;190001131;;1;;;;;;;;;;;;0;1;1;1;1;1;0;0;0;;2;
INFOMED;2014;190005694;750056335;;;;;;;;;1;;;;0;0;0;0;0;0;0;0;0;0;;0.2;0.1
INFOMED;2014;210003059;210987400;;;;;;1;;;;;;;0;0;0;0;0;0;0;0;0;0;;;0.2
INFOMED;2014;210010443;210000337;;;;;;;;;1;;;;0;0;0;0;;1;1;0;0;;;0.05;0.05
INFOMED;2014;210011847;210011839;;;1;;;;;;;;;;0;0;0;0;0;1;1;1;0;0;;2.5;0.4
INFOMED;2014;210780110;210000022;;;1;;;;;;;;;;0;0;0;0;0;1;1;0;0;1;;2;0.2
INFOMED;2014;210780136;210000030;;;1;;;;;;;;;;0;0;0;0;0;1;1;0;0;1;;3;0.2
INFOMED;2014;210780144;750721235;;;;;;;1;;;;;;0;0;0;1;1;0;0;0;0;;;0.3;0.05
INFOMED;2014;210780276;210003208;;;;;;;;;1;;;;0;0;0;0;0;1;1;0;0;1;210780789;0.4;0.2
INFOMED;2014;210780789;210003208;;;1;;;1;;;;;;;0;0;0;0;0;0;0;0;1;0;;2.15;0.6
INFOMED;2014;210780979;210000295;;;1;;;;;;;;;;0;0;0;0;0;1;1;0;0;1;;2.5;0.2
INFOMED;2014;210986725;210986717;;;;;;;;;1;;;;0;0;0;0;0;1;0;0;1;0;;0.05;0.1
INFOMED;2014;210987558;210780581;1;;;;;;1;;;1;;;0;0;0;0;0;0;;;0;0;;11;4.14
INFOMED;2014;210987632;210780607;1;;;;;;;;;1;;;0;0;0;0;0;1;1;0;0;0;;2.41;0.8
INFOMED;2014;210987640;210780672;1;;;1;;;1;;;1;;;0;0;0;0;0;0;;0;;0;;;
INFOMED;2014;210987657;210780714;;;1;;;1;;;1;;;;0;0;0;0;0;1;1;1;0;0;;4;2
INFOMED;2014;210987699;210780706;;1;;;;;;;;1;;;0;0;0;0;0;0;0;0;1;0;;1.95;1
INFOMED;2014;210987731;210780417;;1;;1;;;;;;;;;0;0;0;0;0;1;1;0;0;1;510000516;21.4;3
INFOMED;2014;220000012;220000020;;1;;;;;1;;;;;;0;0;0;0;0;1;1;0;0;0;;6.43;2.55
INFOMED;2014;220000095;220000046;;1;;;;;1;;;;;;0;0;0;0;0;1;1;1;0;0;;5;1.5
INFOMED;2014;220000210;220000210;;;;;;;;;;;;1;0;0;0;0;0;0;0;0;0;0;;2;0.03
INFOMED;2014;220000236;220017974;;1;;;;;;1;;;1;;0;0;0;0;0;1;1;0;1;0;220017974;1;0.2
INFOMED;2014;220000269;220000640;;1;;;;;;;;;;;0;0;0;0;0;0;0;0;0;1;;0.5;0.1
INFOMED;2014;220000285;220000673;;1;;;;;;;;;;;0;0;0;0;0;1;1;1;1;1;;1.7;
INFOMED;2014;220000301;220000673;;1;;;;;;;;;;;0;0;0;0;0;1;1;1;1;1;;3.7;0.23
INFOMED;2014;220000343;220000079;;1;;;;;;1;;;;;0;0;0;0;0;1;1;0;1;0;;2.5;1
INFOMED;2014;220000368;220000103;1;;;1;;;1;;;;;;0;0;0;0;0;0;;;0;0;;3.13;1
INFOMED;2014;220000467;750043994;;;;;;;;1;;;;;0;0;0;0;0;1;1;0;0;0;;1.5;0
INFOMED;2014;220000541;220000152;;1;;;;;;1;;;;;0;0;0;0;0;0;0;0;1;0;;2.2;0
INFOMED;2014;220000566;220021968;1;;;;;;1;;;;;;0;0;1;1;1;0;;;0;0;;1;
INFOMED;2014;220000574;220000186;;1;;;;;;1;;;;;1;0;1;1;1;0;;;1;1;350050548;0.8;0
INFOMED;2014;220001259;220005045;;;1;;;;;;1;;;;0;0;0;0;0;1;1;0;0;0;;0.7;0.25
INFOMED;2014;220005599;220017842;;;1;;;;;;;;;;0;0;0;0;0;1;1;;1;0;;2;0.1
INFOMED;2014;220012751;220017974;;;;;;;;;;;1;;0;0;0;0;0;1;1;0;1;1;220017974;0.35;0.1
INFOMED;2014;220012884;220000103;;;;;;;1;;;;;;0;0;0;0;0;0;;;0;0;;0.6;
INFOMED;2014;220014708;220017974;;;;;;;;1;;;;;0;0;0;0;0;1;1;0;1;0;220017974;0.3;0.1
INFOMED;2014;230000820;230780041;;1;;;;;;1;;;;;0;0;0;0;0;1;1;1;1;0;;3;0.9
INFOMED;2014;230000846;230780066;1;;;;;;1;;;;;;0;0;0;0;0;0;0;0;0;0;;0.18;0.3
INFOMED;2014;230000853;230780074;;;;;;;;;;;;;;;;;;;;;;;;1.32;
INFOMED;2014;230004657;230780058;1;;;;;;1;;;;;;0;1;1;1;1;0;;;0;1;;0.2;0.4
INFOMED;2014;230780082;750005068;;1;;;;;;1;;;;;0;0;0;0;0;1;1;0;0;0;;1.43;0.5
INFOMED;2014;230782617;750000218;;;;;;1;;1;;;;;0;0;0;0;0;0;0;0;0;0;;;
INFOMED;2014;240000091;240000034;;;;;;;;;1;;;;0;0;0;0;0;0;0;0;0;0;;0.5;0.1
INFOMED;2014;240000174;240000042;;;1;;;;;;1;;;;0;0;0;0;0;0;0;0;0;1;240000083;0;0.13
INFOMED;2014;240000190;240000596;;;1;;;;;;;;;;0;0;0;0;0;1;1;0;0;0;;3.5;0.5
INFOMED;2014;240000208;240000612;;;1;;;;;;1;;;;;;;;;;;;;;;1;0.2
INFOMED;2014;240000216;240000620;;1;;;;;;;;;;;0;0;0;0;0;1;1;1;1;0;;2;0.25
INFOMED;2014;240000307;330056540;;;;;;;;1;;;;;0;0;0;1;1;1;1;0;0;0;;;0.1
INFOMED;2014;240000372;240000059;;;1;;;;;;;;;;0;0;0;0;0;1;1;1;0;0;;4;0.88
INFOMED;2014;240000414;240000067;;;1;;;;;;1;;;;0;0;1;0;0;;0;0;0;0;;0.8;1
INFOMED;2014;240000455;240000075;;;1;;;;;;1;;;;0;0;1;1;;0;;;;1;;0.09;0.1
INFOMED;2014;240000463;240000083;;;1;;;;1;;;1;;;0;0;0;0;0;0;0;0;1;0;;1.9;0.5
INFOMED;2014;240000471;240000109;;;1;;;;;;1;;;;0;0;0;0;0;1;1;0;0;1;240000463;0.3;0.1
INFOMED;2014;240000489;240000117;1;;;1;;;1;;;1;;;0;0;0;0;0;1;1;0;1;0;;3.63;1.66
INFOMED;2014;240000505;240000133;1;;;;;;1;;;;;;0;0;1;1;1;0;0;0;;0;;;
INFOMED;2014;240000513;240000141;;;1;;;;;;1;;;;0;0;0;0;0;1;1;0;0;1;240000083;0.5;0.13
INFOMED;2014;240000521;240000158;;;1;;;;;;1;;;;0;0;0;0;0;1;1;0;0;1;240000083;0.1;0.1
INFOMED;2014;240000539;240000166;;;;;;;;;1;;;;1;1;1;1;1;1;1;1;0;1;240000463;0.1;0.05
INFOMED;2014;240000687;240000448;;1;;;;1;;;1;;;1;0;0;0;0;0;0;;;0;0;;0.8;1
INFOMED;2014;240002402;240003251;;;;;;;;;1;;;;;;;;;;;;;;;;
INFOMED;2014;240008318;240002428;;;;;;;1;;;;;;1;1;1;1;1;0;;;0;0;;;0.1
INFOMED;2014;240011668;240000612;;;;;;1;;;;;;;0;0;0;0;0;0;0;0;0;0;;0.5;0.2
INFOMED;2014;250000270;250000643;;;1;;;;;;1;;;;0;0;0;0;0;1;1;0;1;0;;6.92;
INFOMED;2014;250000288;250000643;;;;;;;;;1;;;;0;0;0;0;0;1;1;0;0;0;;1;0.2
INFOMED;2014;250000544;250002284;;;;;;;;1;;;;;0;0;0;0;0;0;;;0;0;;0;0.1
INFOMED;2014;250000635;250000239;1;;;;;;1;;;;;;0;0;1;1;0;1;1;;0;;;;
INFOMED;2014;250000700;250000452;;;1;;;;;;1;;1;;0;0;0;0;0;1;1;0;1;0;;2.2;0.85
INFOMED;2014;250000718;250000460;;;;;;;;;;1;;;0;0;0;0;0;1;1;0;0;0;;0.5;1
INFOMED;2014;250000726;250000478;;;1;;;;;;1;;;;0;0;0;0;0;1;1;0;0;1;210781621;0.5;
INFOMED;2014;250000882;250002839;;;;;;;;1;;;;;0;0;0;0;0;;1;1;0;0;;0.2;0.1
INFOMED;2014;250006954;250000015;;1;;;;;1;;;1;;;0;0;0;0;0;1;0;0;0;0;;10.08;2
INFOMED;2014;250011848;250017803;;;1;;;;;;;;;;0;0;0;0;0;1;0;0;0;0;;2.7;0.25
INFOMED;2014;250014008;700004096;;;;;;;;;;1;;;0;0;0;0;0;1;1;0;0;0;;;
INFOMED;2014;260000013;260000021;;;1;;;;;1;;;;;0;0;0;0;0;1;0;0;0;1;070780234;6.5;2
INFOMED;2014;260000120;260016910;;;1;;;;;;1;;;;0;0;0;0;0;0;;;1;0;;3.36;1
INFOMED;2014;260000138;260000047;;1;;1;;;;1;;1;;;0;0;0;0;0;1;1;0;0;0;;4;1.6
INFOMED;2014;260000146;260000054;;1;;;;;;;;;;;0;0;0;0;0;1;1;0;1;1;260000013;0.75;0.2
INFOMED;2014;260000153;690795331;;;;;;;;1;;;;;0;0;1;1;1;0;;;;1;260000047;0.2;0.05
INFOMED;2014;260000195;260006770;1;;;;;;1;;;;;;0;0;0;;0;0;0;0;0;0;;0.1;0.1
INFOMED;2014;260000229;260000070;;;;;;;;;1;;;;0;0;0;0;0;0;0;0;0;1;260000138;0;0
INFOMED;2014;260000260;260000377;;1;;;;;;;;;;;0;0;0;0;0;1;1;0;0;0;;3.15;0.1
INFOMED;2014;260000286;260000104;;;;;;;;1;;;;;0;0;0;0;0;0;0;1;0;1;260000013;0.5;
INFOMED;2014;260000302;260000161;;;;;;;;;;;;1;0;0;0;0;0;1;1;0;0;0;;0.2;0.2
INFOMED;2014;260000682;930019484;;;;;;;1;;;;;;;;;1;1;1;1;1;1;1;;0.5;
INFOMED;2014;260000823;260003264;;;;;;;;;;1;;;0;0;0;0;0;1;1;0;1;0;;1.75;0.5
INFOMED;2014;260001631;380793802;;;1;;;;;;;;;;0;0;0;0;0;0;0;0;0;0;;;
INFOMED;2014;260003017;260000781;;;1;;;;;;;;;;0;0;0;0;0;0;;;1;1;070780424;1.8;0.2
INFOMED;2014;260003140;380793802;;;1;;;;;;;;;;0;0;0;0;0;0;0;0;0;0;;;
INFOMED;2014;260003215;380793802;;;1;;;;;;;;;;0;0;0;0;0;0;0;0;0;0;;;
INFOMED;2014;260006267;070000245;;;1;;;;1;;;;;;0;0;0;0;0;0;0;0;0;0;;3.81;0.5
INFOMED;2014;260006820;380793802;;;1;;;;;;;;;;0;0;0;0;0;0;0;0;0;0;;;
INFOMED;2014;260006838;380793802;;;1;;;;;;;;;;0;0;0;0;0;0;0;0;0;0;;;
INFOMED;2014;260010418;690796552;;;1;;;;;;;;;;0;0;0;0;0;1;1;1;0;0;;0.01;0.01
INFOMED;2014;260012760;690796552;;;1;;;;;;;;;;0;0;0;0;0;1;1;1;0;0;;0.01;0.01
INFOMED;2014;260016993;380793802;;;1;;;;;;;;;;0;0;0;0;0;0;0;0;0;0;;;
INFOMED;2014;260017454;260016761;;;;;;;1;;;;;;0;0;0;1;0;0;0;0;0;1;260000047;0.1;0.1
INFOMED;2014;270000045;270000060;;;1;;;;;;1;;;;0;0;0;0;0;0;;;0;0;;2.22;0.5
INFOMED;2014;270000359;270023724;;;1;;;;;;;;;;0;0;0;0;1;0;0;0;1;0;;7.48;1
INFOMED;2014;270000367;270000086;;1;;;;;;;1;;;;0;0;0;0;0;1;1;0;1;0;;0.6;1
INFOMED;2014;270000417;760025734;;;;;;;1;;;;;;0;0;0;0;0;0;;0;;0;;0;0.12
INFOMED;2014;270000425;270000102;1;;;;;;1;;;;;;0;0;0;0;0;1;1;0;0;0;;;0.35
INFOMED;2014;270000441;270000110;;;1;1;;;;;1;;;;0;0;0;0;0;0;0;0;0;;;0.5;0.25
INFOMED;2014;270000458;270023724;;;1;;;;1;;;;;;0;0;0;0;1;0;0;;1;0;;1.75;0
INFOMED;2014;270000482;270000144;;;;;;;;1;;;;;0;0;1;1;1;0;0;0;0;0;;0.05;
INFOMED;2014;270000532;270000185;;;1;;;;;;;;;;1;1;1;1;1;0;;;0;1;270023724;0.02;0.03
INFOMED;2014;270000573;270000219;;;;;;;;;;1;;;0;0;0;0;0;1;1;0;0;0;;2;1
INFOMED;2014;270000896;930019484;;;;;;;1;;;;;;0;0;0;0;0;1;0;0;1;1;760781054;0.23;0.03
INFOMED;2014;270000912;750814030;;;;;;;1;;;;;;0;0;0;1;1;1;1;0;1;0;;2.8;0.1
INFOMED;2014;270025984;310021175;;;;;;;;;;;;1;0;0;0;0;0;1;1;0;0;1;310021175;0.2;0.1
INFOMED;2014;280000050;280000142;;;;;;;;;;1;;;0;0;0;0;0;0;0;0;0;0;;2;0.2
INFOMED;2014;280000084;280000183;1;;;;;;1;;;;;;0;0;0;0;0;0;;;1;0;;4;0.8
INFOMED;2014;280000100;280000225;;;1;;;;;;1;;;;1;1;1;1;1;1;1;0;1;0;;0.23;0.1
INFOMED;2014;280000159;280000068;;;1;;;;;;;;;;0;0;0;0;0;1;1;1;0;0;;1;0.25
INFOMED;2014;280000266;450018106;;;;;;;1;;;;;;0;0;0;0;0;1;0;0;0;0;;0.1;0.1
INFOMED;2014;280000431;310021167;;;;;;;;;1;;;;0;0;0;0;0;1;0;0;0;0;;0.1;0.1
INFOMED;2014;280000449;750055634;;;1;;;;0;0;1;;;;0;0;0;0;0;0;;;1;0;;2;0.2
INFOMED;2014;280000662;280500075;;;1;;;;1;;;;;;0;0;0;0;1;0;0;0;0;0;;2;1
INFOMED;2014;280001678;450011150;;;;1;;;;;;;;;0;0;0;0;0;0;0;0;0;0;;0.2;0.2
INFOMED;2014;280003898;450011150;;;;1;;;;;;;;;0;0;0;0;0;0;0;0;0;0;;0.2;0.2
INFOMED;2014;280003948;450011150;;;;1;;;;;;;;;0;0;0;0;0;0;0;0;0;0;;0.2;0.2
INFOMED;2014;280502998;280000589;;1;;;;;;1;;;;;0;0;0;0;0;1;1;0;0;0;;2.52;0.3
INFOMED;2014;280504267;280000134;1;;;;;;1;;;1;;;0;0;0;0;0;0;0;0;0;0;;5;0.7
INFOMED;2014;280505777;280001199;;;1;;;;;;;;;;0;0;0;0;0;0;0;0;1;0;;2.5;0.5
INFOMED;2014;280506015;280001264;;;;;;;;;1;;;;0;0;0;0;0;1;0;1;1;0;;0.3;0.15
INFOMED;2014;290000025;290020700;;;1;;;1;1;;;;;;0;0;0;0;0;1;0;0;1;0;;9.1;1.47
INFOMED;2014;290000033;290021542;1;;;;;;1;;;1;;;0;0;0;0;0;;0;0;1;0;;3.08;1.4
INFOMED;2014;290000058;290000017;;1;;;;;1;;;;;;0;0;0;0;0;1;1;0;0;0;;9;0
INFOMED;2014;290000140;290000447;;;1;;;1;;;;;;;0;0;0;0;0;1;1;0;1;1;;2;
INFOMED;2014;290000165;290030592;;;;;;;1;;;;;;0;0;0;0;0;0;0;0;0;0;;;
INFOMED;2014;290000173;290000041;;;1;;;;;;1;1;;;0;0;0;1;1;1;1;1;1;0;;2;1
INFOMED;2014;290000181;290000074;;;1;;;;;;1;;;;0;0;0;1;1;1;1;0;0;0;;2.7;0.41
INFOMED;2014;290000207;290000520;;1;;;;;;;;;;;0;0;0;0;0;1;1;0;0;0;;2;0.33
INFOMED;2014;290000215;290029974;;1;;;;;;;;;;;0;0;0;;0;1;1;0;1;1;;2;0.3
INFOMED;2014;290000256;290000017;;;1;;;;;;1;;;;0;0;0;0;0;1;0;0;0;0;;1.4;0
INFOMED;2014;290000272;290000090;;;1;;;;;;1;;;;0;0;0;1;1;0;0;0;0;1;;0.5;0
INFOMED;2014;290000363;750043994;;;;;;;;;;;1;;0;0;0;0;0;1;0;0;0;0;;0.2;0.15
INFOMED;2014;290000371;750043994;0;0;0;0;0;0;1;0;0;0;0;0;0;0;0;0;0;0;0;0;0;0;;0.1;0.2
INFOMED;2014;290000389;290000116;;;1;;;;;;;;;;0;0;0;1;1;0;0;0;0;0;290000389;0;0
INFOMED;2014;290000413;290009752;;;;;;;;;1;;;;0;0;0;1;1;0;0;0;0;0;;0.38;0.06
INFOMED;2014;290000686;440042844;;;;;;;;;1;;;;0;0;0;0;0;1;1;1;0;0;;;
INFOMED;2014;290000728;750821092;1;;;;;;1;;;1;;;0;0;0;0;0;1;1;0;1;0;;3.69;1
INFOMED;2014;290000744;290001007;;;;;;;;;;;;1;0;0;0;0;0;0;0;0;0;0;;0.5;
INFOMED;2014;290000785;220020739;;1;;;;;;;1;;;1;0;0;0;0;0;0;;;0;0;;2;0.6
INFOMED;2014;290000850;330031089;;;1;;;;;;;;;;1;1;1;1;1;0;;;1;0;;0.1;0.1
INFOMED;2014;290000918;290000298;;;;;;;;;;1;;;0;0;0;0;0;1;1;0;0;0;;2.86;1
INFOMED;2014;290000934;290000306;1;;;;;;1;;;1;;;0;0;0;0;0;1;1;1;0;0;;1.5;0.4
INFOMED;2014;290000975;290000546;;;;;;;1;;;;;;0;0;0;0;0;1;1;0;0;0;;1.97;0.5
INFOMED;2014;290001015;290000751;;;1;;;;;;1;;;;0;0;0;0;1;1;1;1;;0;;0.3;0
INFOMED;2014;290002344;440042844;;;;;;;;;1;;;;0;0;0;0;0;0;;;;0;;0.5;0.25
INFOMED;2014;290004142;290022508;;1;;;;;;;;;;;0;0;0;1;1;1;1;0;0;0;;1.5;0
INFOMED;2014;290004324;290000017;;1;;;;;;;;1;;;0;0;0;0;0;1;1;0;0;0;;28.8;3
INFOMED;2014;290004340;290000017;;;;;;;;;;1;;;0;0;0;0;0;0;0;0;0;0;;0;0
INFOMED;2014;290004365;290000017;;;;;;;1;;;;;;0;0;0;0;0;1;1;0;0;0;;0;0
INFOMED;2014;290019777;290022508;;1;;;;;;;;;;;0;0;0;1;1;1;1;0;0;0;;3.5;0
INFOMED;2014;290023431;290001049;;;1;;;;;;;;;;0;0;0;1;1;1;1;0;1;0;;3.8;0.1
INFOMED;2014;2A0000022;2A0000014;1;;;;;;1;;;;;;0;0;0;0;1;0;;;0;0;;6.17;1
INFOMED;2014;2A0000097;2A0000063;1;;;;;;;;;;;;1;1;1;1;1;1;1;1;1;0;;;
INFOMED;2014;2A0000139;2A0000063;;;1;;;;;;;;;;1;1;1;1;1;1;1;1;1;0;;2;1
INFOMED;2014;2A0000154;2A0000204;1;;;;;;;;;;;;0;0;0;0;0;1;1;0;1;0;;3;0.5
INFOMED;2014;2A0000261;2A0000279;;;;;;;;1;;;;;0;0;0;0;0;0;0;0;0;0;;0;0.11
INFOMED;2014;2A0000287;2A0000386;;1;;;;;;1;;;1;;0;0;0;0;0;1;1;1;0;0;;3;0.33
INFOMED;2014;2A0002051;2A0000303;;;;;;;;;1;;;;0;0;0;0;0;1;1;0;0;0;;0.5;0.25
INFOMED;2014;2B0000012;2B0000020;;1;;;1;;;1;;;1;;0;0;0;0;0;0;0;0;0;0;;1.37;1.05
INFOMED;2014;2B0000038;2B0004246;;;1;;;1;;;1;;;;0;0;0;0;0;1;1;0;0;1;2B0000012;2;0.15
INFOMED;2014;2B0000079;2B0000046;;;1;;;;;;;;;;0;0;0;0;0;0;0;0;0;0;;1;0.5
INFOMED;2014;2B0000145;2B0000053;;;1;;;;;;;;;;0;0;0;0;0;0;0;0;0;0;;3;1
INFOMED;2014;2B0000392;2B0000129;;;1;;;;;;;;;;0;0;1;1;1;0;0;0;0;0;;2;0.15
INFOMED;2014;2B0003016;2B0003990;;;;;;;;;;;;1;0;0;0;0;0;0;0;0;0;0;;0.2;0.1
INFOMED;2014;2B0003289;2B0003198;;;;;;1;;;;;;;0;0;0;0;0;1;0;1;0;0;;;0.2
INFOMED;2014;2B0003917;2B0003891;;;;;;;;;;;;1;0;0;0;0;0;0;0;0;0;0;;;
INFOMED;2014;2B0004113;2B0000467;;;;;;;;;;;;1;0;0;0;0;0;0;0;0;0;0;;0.2;0.1
INFOMED;2014;2B0005359;2B0005342;;1;;;;;;;;;1;;0;0;0;1;1;0;0;0;0;1;200200020;0.5;0.2
INFOMED;2014;300000023;300780046;;1;;;;;1;;;1;;;0;0;0;0;0;0;;;0;1;300780038;5.05;0.4
INFOMED;2014;300000031;300780053;;;1;;;1;;;;;;;0;0;0;0;0;1;1;0;0;0;;3;1
INFOMED;2014;300000049;130028228;;;;;;;;;;;;;;;;;;;;;;1;300780038;0.8;0.2
INFOMED;2014;300000056;300780079;;;1;;;;;;1;;;;1;1;1;1;1;1;1;0;0;1;840000483;;
INFOMED;2014;300000080;300780103;;;;;;;;;;1;;;0;0;0;0;0;1;1;1;0;0;;2.35;0.5
INFOMED;2014;300000296;300000296;;;;;;;;;;;1;;1;0;0;0;1;0;0;0;0;0;;0.1;
INFOMED;2014;300000478;300781010;;1;;;;;1;;;;;;0;0;0;0;0;1;1;0;0;0;;1;0.35
INFOMED;2014;300002169;780020715;;;;;;;;;1;;;;0;0;0;0;0;1;0;1;1;0;;0;0
INFOMED;2014;300002508;300000213;;1;;;;;;;;;;;0;0;0;1;1;0;;;;0;;0.03;0.04
INFOMED;2014;300007119;340000264;;;1;;;;;;;;;;0;0;0;0;0;0;0;0;0;0;;0.1;0.03
INFOMED;2014;300007168;340000264;;;1;;;;;;;;;;0;0;0;0;0;0;0;0;;0;;0.01;0.01
INFOMED;2014;300008588;340000413;;1;;;;;;;;;;;0;0;1;1;1;1;1;0;0;1;340780667;0.1;0.02
INFOMED;2014;300008638;340000413;;1;;;;;;;;;;;0;0;1;1;1;1;1;0;0;1;340780667;0.03;0.01
INFOMED;2014;300013778;300013760;;;;;;1;;;;;;;0;0;0;0;0;0;0;0;0;0;;0;0.05
INFOMED;2014;300014040;300014024;;;;;;;;;1;;;;0;0;0;1;0;0;0;0;0;1;340780667;0.45;0.1
INFOMED;2014;300780137;920028396;;;1;;;;;;;;;;0;0;0;0;0;1;1;1;0;0;;2.95;0.25
INFOMED;2014;300780152;300000114;;;1;;;;;;;;;;0;0;0;0;0;1;1;1;1;0;;3.39;0.5
INFOMED;2014;300780228;300000155;;;1;;;;;;;;;;0;0;0;1;0;0;0;0;0;0;;0.45;0.1
INFOMED;2014;300780285;300000726;1;;;;;;1;;;;;;0;0;1;1;1;1;1;0;;0;;0.5;0.2
INFOMED;2014;300780442;300000254;;;;;;;;;1;;;;0;0;0;0;0;1;0;1;0;0;;0.4;0.2
INFOMED;2014;300780475;340015171;;;;;;;;;1;;;;0;0;0;0;0;1;0;0;0;0;;0.5;0.1
INFOMED;2014;300780764;300000429;;;;;;;;;;1;;;0;0;1;1;1;0;;;0;1;;0;0
INFOMED;2014;300781465;300000726;;1;;;;;;;;;;;1;0;0;1;1;1;1;0;1;0;;1.85;0.2
INFOMED;2014;300782117;300780038;1;;;1;;;1;;;1;;;0;0;0;0;0;0;0;0;0;1;300000023;14.27;3.8
INFOMED;2014;300786274;300786266;;;;;;;1;;;;;;0;0;0;0;0;0;0;0;0;0;;0;0.1
INFOMED;2014;300787421;340000264;;;1;;;;;;;;;;0;0;0;0;0;0;0;0;0;0;;0.1;0.03
INFOMED;2014;300788502;300788486;;;1;;;;;;;;;;0;0;0;0;0;1;1;1;0;0;;3.7;0.5
INFOMED;2014;310000310;310780671;;1;;1;;;1;;;;;;0;0;0;0;0;1;1;0;1;;;3;0.8
INFOMED;2014;310000336;310780713;;1;;;;;;1;;;;;0;0;0;1;1;0;0;0;0;0;;;
INFOMED;2014;310000369;310780754;;;;;;;;;;;;1;0;0;0;0;0;1;1;0;0;0;;3.55;1
INFOMED;2014;310013628;310786256;;;1;;;;;1;;;;;0;0;0;0;0;1;0;0;0;1;310781406;0.2;0.1
INFOMED;2014;310020938;920000395;;;;;;;;1;;;;;0;0;0;0;0;0;0;0;0;0;;;
INFOMED;2014;310021571;310021563;;;;;;;;1;;;;;0;0;1;1;1;0;0;0;1;0;;2;0.05
INFOMED;2014;310780085;310000021;;1;;;;;;;;;;;0;0;0;0;0;1;1;0;0;1;310780135;1;0.25
INFOMED;2014;310780101;310000039;;1;;;;;;;;;;;0;0;0;0;0;1;1;0;0;1;;4.07;0.5
INFOMED;2014;310780119;310000047;;;;;;;;;;1;;;0;0;0;0;0;1;1;0;;0;;0.4;0.4
INFOMED;2014;310780135;310000054;;1;;;;;;;;;;;0;0;0;0;0;1;1;0;0;0;;4.5;0.5
INFOMED;2014;310780150;310788799;;;1;;;;;;1;;;;0;0;0;0;0;1;1;1;0;0;;3.18;0.3
INFOMED;2014;310780234;310000591;;;;;;;;;1;;;;0;0;0;0;0;0;;;0;0;;0.4;0.13
INFOMED;2014;310780259;310000096;;;1;;;1;;;;;;;0;0;0;0;0;1;0;1;0;0;;5.34;1
INFOMED;2014;310780283;310000112;1;;;;;;;;;;;;0;0;0;0;0;1;1;0;1;0;;12;0.8
INFOMED;2014;310780309;310000120;;;1;;;;;;;;;;0;0;0;0;;1;1;0;1;1;;2;0.4
INFOMED;2014;310780366;310000153;;;1;;;;;1;;;;;0;0;0;0;0;1;1;0;0;0;;1;0.33
INFOMED;2014;310780374;310000161;;;;;;;;1;;;;;0;0;0;0;0;1;1;1;0;0;;1;0.1
INFOMED;2014;310780382;310000179;;1;;;;;;;;;;;0;0;0;0;0;1;1;0;1;;;4.9;0.8
INFOMED;2014;310780390;310000187;;;;;;;;;;;;1;1;0;0;0;0;1;1;0;0;1;310780309;0.4;0.05
INFOMED;2014;310780481;340015171;;;;;;;;1;;;;;0;0;0;0;0;1;0;;0;0;;0.25;0.05
INFOMED;2014;310781000;310788880;;;1;;;;;;;;;1;0;0;0;0;0;1;1;0;1;0;;6.54;0.8
INFOMED;2014;310781067;310788898;;;1;;;;;;;;;;0;0;0;0;0;1;1;1;1;0;;1.07;0.5
INFOMED;2014;310781125;310000419;;;;;;;;;1;;;;0;0;0;1;1;1;1;1;1;0;;0.1;0.15
INFOMED;2014;310781133;310000427;;;;;;;;;;;;1;0;0;0;0;0;1;1;1;0;0;;0.2;0.1
INFOMED;2014;310781174;310000450;;;;;;;;;1;;;;0;0;0;0;0;0;0;0;0;0;;0.15;0.1
INFOMED;2014;310781422;310781562;;;;;;;1;;;;;;0;0;0;0;0;1;1;0;0;0;;1.5;0.5
INFOMED;2014;310781505;310000492;;;1;;;;;;;;;;0;0;0;0;0;1;1;0;1;0;;2;0.4
INFOMED;2014;310781521;310000500;;;;;;;;;;1;0;0;0;0;0;0;0;0;1;0;1;0;;0.5;0.1
INFOMED;2014;310781695;750043994;1;0;0;;;;1;0;0;;;;0;0;0;0;0;1;1;0;0;0;;0.75;0.25
INFOMED;2014;310781984;310014378;;;;;;;1;;;;;;0;0;0;0;0;0;0;0;0;0;;0.5;0.15
INFOMED;2014;310782016;310000617;;;1;;;;;;;;;;0;0;0;0;0;1;1;1;0;0;;0.5;0.5
INFOMED;2014;310782347;310789136;;;1;;;;;;;;;;0;0;0;0;0;1;0;0;1;0;;5.8;0.8
INFOMED;2014;310782396;920000395;;;;;;;;1;;;;;0;0;0;0;0;0;0;0;0;0;;0.5;0.15
INFOMED;2014;310782446;310782446;;;;;;;;;;1;;;0;0;0;0;0;0;0;0;1;0;;0.49;0.41
INFOMED;2014;310783048;310781406;;1;;1;;;1;;;1;;;0;0;0;0;0;1;0;0;0;0;310786256;19.1;6.5
INFOMED;2014;310783097;750005068;;;;;;;;;;;;1;0;0;0;0;0;1;1;0;0;0;;0.02;
INFOMED;2014;310784558;310180013;;;;;;;;;1;;;;0;0;1;1;1;0;0;0;1;1;310780671;1;0.25
INFOMED;2014;310784830;310788880;;;;;;;;;1;;;;0;0;0;0;0;1;1;0;1;0;;1;0.22
INFOMED;2014;310786389;310001433;;;1;;;;;;1;;;;0;0;0;0;0;0;0;0;0;0;;0.5;0.4
INFOMED;2014;310786702;750043713;;;;;;;1;;;;;;0;0;0;1;1;1;0;1;1;0;;0.05;0.05
INFOMED;2014;310787965;310788898;;;;;;;;;;;;;0;0;0;0;;;;1;;0;;;
INFOMED;2014;310790472;310790464;;;;;;;1;;;;;;0;0;0;0;0;1;0;1;;0;;1;0.25
INFOMED;2014;310792635;310002191;;;;;;;;;1;;;;0;0;0;0;0;0;0;0;0;1;310780283;1;0.2
INFOMED;2014;310792874;310788997;;;;;;;1;;;;;;1;1;1;1;1;0;0;0;0;0;;0.2;0.05
INFOMED;2014;320000086;320780117;;;1;;;;1;;;;;;0;0;0;0;0;1;1;0;1;0;;3.6;1.8
INFOMED;2014;320000094;320780125;;;;;;1;;;;;;1;0;0;0;0;0;0;0;0;0;0;;2;0.5
INFOMED;2014;320000102;320780133;;1;;;;;;1;;;;;1;1;1;1;1;1;0;0;1;0;;0.25;0.1
INFOMED;2014;320000110;320004310;;1;;;;;;1;;;;;0;0;1;1;1;1;0;1;0;1;460000045;0.3;0.8
INFOMED;2014;320000144;320780174;;;1;;;;;;1;;;;0;0;0;1;1;0;0;0;0;0;;0.3;0.2
INFOMED;2014;320000151;320780182;;;1;;;;;1;;;;;0;0;0;0;0;0;0;0;0;1;320004310;0.1;0.1
INFOMED;2014;320000185;320780216;;;;;;;1;;;;;;0;0;0;0;0;0;0;0;0;1;460780083;0.1;0.12
INFOMED;2014;320780067;320000052;;;1;;;;;;;;;;0;0;0;0;0;1;1;0;1;0;;2;0.2
INFOMED;2014;320780109;320000078;;;;;;;;;;;;1;0;0;0;0;0;;;;;;;;
INFOMED;2014;320780323;750810590;;;;;;;;1;;;;;0;0;0;0;0;1;1;0;0;0;;0.5;0.07
INFOMED;2014;320784333;320000565;;;;;;;1;;;;;;0;0;0;0;0;1;1;1;1;0;;2;0.38
INFOMED;2014;330000332;330780545;;1;;;1;;;;;;;;0;0;0;0;0;1;1;1;1;0;;0.7;0.8
INFOMED;2014;330000340;330780552;;1;;1;;;;1;;;;;0;0;0;0;0;1;1;0;0;0;;2.5;1
INFOMED;2014;330000431;330000431;;;;;;;;;;;;1;0;0;0;0;0;1;0;1;0;1;330000779;0;0.3
INFOMED;2014;330000555;330781204;;1;;;;;;1;;;;;0;0;0;0;0;1;1;1;1;0;;2.8;1
INFOMED;2014;330000571;330781220;;;1;;;;;1;;;;;1;0;1;1;0;0;;;1;1;330781253;3;0.2
INFOMED;2014;330000589;330027509;;;1;;;1;;;1;;;;0;0;0;0;0;1;1;0;1;0;;1.75;1
INFOMED;2014;330000605;330781253;1;;;;;;1;;;1;;;0;0;0;0;0;1;0;0;0;0;;8.64;2
INFOMED;2014;330000613;330781261;;;1;;;;1;;;;;;0;0;0;0;0;1;1;0;0;0;;1;0.23
INFOMED;2014;330000621;330781279;;;1;;;;;;1;;;;0;0;0;0;0;1;1;1;0;1;330027509;0.1;0.1
INFOMED;2014;330000639;330781287;;;;;;;;;;1;;;0;0;0;0;0;0;;;0;0;;2;0.5
INFOMED;2014;330000647;330781295;;;;;;;;;;1;;;0;0;0;0;0;1;1;1;0;0;;3;0.5
INFOMED;2014;330000662;330781329;;;1;;;;;;;;;;0;0;0;0;0;1;1;0;0;0;;11.06;1.2
INFOMED;2014;330025958;330025859;;;;;;1;;;;;;;0;0;0;0;0;1;0;0;0;0;;2;0.5
INFOMED;2014;330057654;310024732;;;;;;;;;1;;;;0;0;0;0;0;1;1;0;0;0;;0.2;0.3
INFOMED;2014;330780040;330000027;;;1;;;;;;;;;;0;;0;0;0;1;1;;0;0;;3;0.11
INFOMED;2014;330780081;330000043;;;1;;;;;;1;;;1;0;0;0;;0;0;0;0;0;0;;3.5;0.6
INFOMED;2014;330780115;330000076;;;1;;;;;;;;;;0;0;0;0;1;1;1;0;1;0;;2.5;0.2
INFOMED;2014;330780206;330000126;;;1;;;;;;1;;;;0;0;1;1;1;1;1;0;0;0;;2;0.1
INFOMED;2014;330780255;330010059;;;1;;;;;;;;;;1;0;1;1;1;1;0;1;0;0;;0.5;0.2
INFOMED;2014;330780263;330000134;;;1;;;;;;1;;;;0;0;1;1;1;0;;;0;0;;3;0.4
INFOMED;2014;330780271;330021429;;;1;;;;;;;;;;0;0;1;1;1;0;;;0;0;;1;
INFOMED;2014;330780297;330000175;;;;;;;;;;;;;0;0;0;0;0;0;0;0;0;0;;0;3
INFOMED;2014;330780321;330000209;;;;;;;;;;;;1;0;0;0;0;0;1;0;1;1;0;;0.3;0.02
INFOMED;2014;330780354;330000225;;;1;;;;;;;;;;0;0;0;1;0;0;0;0;0;0;;1;0.1
INFOMED;2014;330780453;330000308;;;1;;;;;;1;;;;0;0;0;0;0;1;1;1;0;0;330780503;5;1
INFOMED;2014;330780479;330000274;;;1;;;;;;1;;;;0;0;0;0;0;1;1;1;;0;;6.6;0.8
INFOMED;2014;330780487;330000282;;;1;;;;;;;;;;0;0;1;1;1;1;1;0;0;0;;1;0.1
INFOMED;2014;330780495;330796392;;;1;;;;;;1;;;;0;0;0;0;0;0;;;0;1;330780529;2;
INFOMED;2014;330780503;330000308;;;1;;;;;;1;;;;0;0;0;0;0;1;1;1;1;0;;5;0.7
INFOMED;2014;330780511;330000316;;;1;;;;;;;;;;0;0;0;0;0;1;1;1;0;0;;1;0.25
INFOMED;2014;330780529;330796392;;1;;;;;;1;;;;;0;0;0;0;0;0;;;1;0;;2.81;0.8
INFOMED;2014;330780537;330000324;;;1;;;;;;;;;;0;0;0;0;0;1;1;0;1;0;;2.5;1
INFOMED;2014;330780560;330781386;;;;;;;;;1;;;;0;0;0;1;0;1;1;1;0;0;;0;0.2
INFOMED;2014;330780719;310020383;;;;;;;;;;;;;0;0;0;0;0;0;0;0;0;0;;0.5;0.11
INFOMED;2014;330780750;330056540;;;;;;;1;;;;;;0;0;1;1;1;1;0;0;0;0;;0.25;0.07
INFOMED;2014;330781139;330056540;1;;;;;;1;;;1;;;0;0;1;1;1;0;0;0;0;1;330056540;0.08;
INFOMED;2014;330781188;330056540;;;;;;;;;;1;;;0;0;1;1;1;0;0;0;0;1;330056540;0.05;
INFOMED;2014;330781303;750821092;;1;;;;;1;;;;;1;0;0;0;0;0;1;0;0;1;0;;4;1
INFOMED;2014;330781352;330781196;1;;;;;;;;;;;;0;0;0;0;0;1;1;1;0;0;;4.19;1.51
INFOMED;2014;330781360;330781196;1;;;;;;1;;;1;;;0;0;0;0;0;1;0;1;0;0;;16.46;5.96
INFOMED;2014;330781402;330000670;;;1;;;;;;1;;;;0;0;0;;1;1;1;0;1;0;;1.5;0.2
INFOMED;2014;330782582;330000928;;;1;;;;;;;;;;0;0;0;0;0;1;1;1;1;0;;4;0.3
INFOMED;2014;330783614;330785072;;;;;;;;;;;;1;0;0;0;0;0;0;0;0;0;1;330000779;0;0.1
INFOMED;2014;330783648;330781196;1;;;;;;1;;;;;;0;0;0;0;0;1;1;1;0;;;9.28;3.36
INFOMED;2014;330785064;330785064;;;;;;;;;;1;;;;;;;;;;;;;;;
INFOMED;2014;330802778;310020383;;;;;;;;;1;;;;0;0;0;0;0;0;0;0;0;0;;0.6;0.2
INFOMED;2014;330804501;330781212;1;;;;;;1;;;;;;;;;;;;;;;1;330027509;1;0.05
INFOMED;2014;340000025;340780048;;1;;;;;1;;;;;;0;0;1;1;1;1;1;1;0;0;;0.5;0.2
INFOMED;2014;340000033;340780055;1;;;1;;;1;;;1;;;0;0;0;0;0;0;0;0;0;0;;3.8;2
INFOMED;2014;340000173;340780451;;;1;;;;;;;;;;0;0;0;0;0;0;0;0;0;1;340780535;;
INFOMED;2014;340000181;340780469;;;;;;;;;1;;;;0;0;1;1;0;1;0;1;0;1;340780220;0.5;0.07
INFOMED;2014;340000207;340780493;;1;;;;;;;;;;;0;0;0;0;0;1;1;0;1;0;;4.1;1
INFOMED;2014;340000215;340780519;;;1;;;;;;1;;;;1;1;1;1;1;0;0;0;0;1;340780535;0.4;0.2
INFOMED;2014;340000223;340011295;;1;;;;;;1;;1;;;0;0;0;0;0;1;1;0;0;0;;5.6;0.9
INFOMED;2014;340000231;340780535;;;1;;;;;;1;;;;0;0;0;0;0;1;1;0;0;0;;0.2;0.2
INFOMED;2014;340000249;340780543;;;1;;;;;;1;;;;0;0;0;0;0;1;1;1;0;1;340780535;0.5;0.2
INFOMED;2014;340000439;340780881;;;;;;;;;1;;;;0;0;0;0;0;1;0;0;0;1;;0.5;0.21
INFOMED;2014;340001064;340013028;;;;;;;1;;;;;;0;0;0;0;0;1;1;1;0;1;;1;0.84
INFOMED;2014;340008176;340780469;;;;;;;;;1;;;;0;0;1;1;0;1;0;1;0;1;340780220;0.5;0.07
INFOMED;2014;340009018;340008978;;;;;;;;1;;;;;0;0;0;0;0;0;;;0;0;;0.2;0.3
INFOMED;2014;340009885;340009877;;;1;;;;;;;;;;0;;;;;1;1;1;1;0;;3;0.1
INFOMED;2014;340010149;340010099;;;;;;;;;;;1;;0;0;0;0;0;0;;;0;0;;;0.3
INFOMED;2014;340013119;340000264;;;1;;;;;;;;;;0;0;0;0;0;0;0;0;0;0;;0.04;0.01
INFOMED;2014;340013168;340000264;;;1;;;;;;;;;;0;0;0;0;0;0;0;;0;0;;0.15;0.03
INFOMED;2014;340013218;340000264;;;1;;;;;;;;;;0;0;0;0;0;0;0;0;0;0;;0.02;0.01
INFOMED;2014;340013259;340000264;;;1;;;;;;;;;;0;0;0;0;0;0;0;0;0;0;;0.01;0.01
INFOMED;2014;340013309;340000264;;;1;;;;;;;;;;0;0;0;0;0;0;0;0;0;0;;0.02;0.01
INFOMED;2014;340013358;340000264;;;1;;;;;;;;;;0;0;0;0;0;0;0;0;0;0;;0.01;0.01
INFOMED;2014;340013408;340000264;;;1;;;;;;;;;;0;0;0;0;0;0;0;0;0;0;;0.01;0.01
INFOMED;2014;340013499;340000264;;;1;;;;;;;;;;0;0;0;0;0;0;0;0;0;0;;0.02;0.01
INFOMED;2014;340015502;340000512;;;1;;;;;;;;;;0;0;0;0;0;1;1;0;0;0;;4;0.7
INFOMED;2014;340015965;340000074;;1;;;;;;;;;;;0;0;0;0;0;1;1;0;1;0;;2;1
INFOMED;2014;340015999;340000413;;1;;;;;;;;;;;0;0;1;1;1;1;1;0;0;1;340780667;0.18;0.02
INFOMED;2014;340016005;340000413;;1;;;;;;;;;;;0;0;1;1;1;1;1;0;0;1;340780667;0.01;0.01
INFOMED;2014;340016476;340016468;;;;;;1;;;;;;;0;0;0;0;0;0;0;0;0;0;;;0.18
INFOMED;2014;340017086;340000413;;1;;;;;;;;;;;0;0;1;1;1;1;1;0;0;1;340780667;0.01;0.01
INFOMED;2014;340017490;340000413;;1;;;;;;;;;;;0;0;1;1;1;1;1;0;0;1;340780667;0.01;0.01
INFOMED;2014;340020221;340000264;;;1;;;;;;;;;;0;0;0;0;0;0;0;0;0;;;0.21;0.04
INFOMED;2014;340780139;340000090;;;1;;;;;;;;;;1;0;1;1;1;1;1;1;1;0;;2;0.1
INFOMED;2014;340780147;340000108;;;1;;;;;;;;;;0;0;;0;1;0;0;0;0;0;;2;0.25
INFOMED;2014;340780154;340000116;;;1;;;1;;;;;;;0;0;0;0;1;0;;;0;0;;2.5;0.2
INFOMED;2014;340780196;340798123;;;;;;;;;1;;;;0;0;0;0;0;1;0;0;0;0;;0.25;0.25
INFOMED;2014;340780204;340015171;;;;;;;1;;;;;;0;0;0;0;0;1;1;0;0;0;;0.01;
INFOMED;2014;340780212;340796069;;;;;;;;1;;;;;0;0;0;0;0;1;0;1;1;0;;0.5;0.52
INFOMED;2014;340780220;340796358;;;;;;;;;1;;;;0;0;0;0;0;0;;;1;1;340000181;0.65;0.5
INFOMED;2014;340780436;340011295;;1;;;;;;1;;;;;0;0;0;0;0;1;1;0;0;1;340000223;0;0.05
INFOMED;2014;340780444;340009893;;;1;;;;;;1;;;;0;0;0;0;0;0;;;0;1;340780535;0.2;0.2
INFOMED;2014;340780568;340000256;;;1;;;;;;1;;;;0;0;0;0;0;1;1;0;0;0;;0.5;0.1
INFOMED;2014;340780634;340000272;;;1;;;;;;;;;;0;0;0;0;0;1;1;1;1;0;;4.1;0.5
INFOMED;2014;340780642;340785856;;1;;;;;;;;;;;0;0;0;0;0;1;0;1;0;0;;3;1
INFOMED;2014;340780667;340000280;;;1;;;;;;;;;;0;0;0;0;1;1;1;1;1;0;;5.5;1.5
INFOMED;2014;340780675;340000298;;1;;;;;;;;;;;0;0;0;0;0;1;1;1;1;1;340780675;4.3;0.3
INFOMED;2014;340780683;340000306;;1;;;;;;;;;;;0;0;0;0;0;1;1;1;1;0;;3;0.5
INFOMED;2014;340780717;340008150;;1;;;;;;;;;;;1;1;1;1;1;0;;;;0;;2;
INFOMED;2014;340780741;340000348;;;1;;;;;;;;;;0;0;0;1;1;0;;;0;0;;2;0.45
INFOMED;2014;340780758;340000355;;;;;;;;;;;;1;0;0;0;0;0;0;0;1;1;1;;0.4;0.05
INFOMED;2014;340780790;340000389;;;;;;;;;;1;;;0;0;0;0;0;0;0;0;0;0;;0.5;0.1
INFOMED;2014;340780816;340008291;;;;;;;1;;;;;;0;0;1;1;1;0;;;0;0;;0.45;
INFOMED;2014;340780840;340000413;;1;;;;;;;;;;;0;0;1;1;1;1;1;0;0;1;340780667;0.17;0.02
INFOMED;2014;340780857;340000421;;;;;;;;;1;;;;0;0;1;0;0;1;0;1;0;0;;0.15;0.16
INFOMED;2014;340780931;340000454;;;;;;;;;;;1;;0;0;0;0;0;1;0;1;0;0;;0.2;0.05
INFOMED;2014;340781608;340015171;1;;;;;;1;;;;;;0;0;0;0;0;0;;;;0;;0.88;0.2
INFOMED;2014;340782002;340000629;;;;;;;;1;;;;;0;0;1;1;0;1;0;1;0;0;;1;0.25
INFOMED;2014;340787266;340011295;;;;;;;;;;1;;;0;0;0;0;0;1;1;0;0;1;340000223;0;0.05
INFOMED;2014;340796093;340796069;;;;;;;;1;;;;;0;0;0;0;0;1;0;1;1;0;;0.5;0.34
INFOMED;2014;340798552;340798545;;;;;;;;1;;;;;1;1;1;1;1;0;;;1;0;;0.1;0.15
INFOMED;2014;350000063;220020739;;;1;;;;;1;;;;;0;0;0;0;0;1;1;0;0;0;;0.5;0.5
INFOMED;2014;350000071;750000218;;1;;;;;;1;;;;;0;0;0;0;0;0;0;0;1;0;;0.8;0.3
INFOMED;2014;350000121;350000303;;1;;;;;;;;;;;0;0;0;0;0;1;1;0;0;0;;8.61;0.3
INFOMED;2014;350000139;350001137;;;1;;;;;;;;;;0;0;1;1;1;1;1;0;1;1;;3;0.4
INFOMED;2014;350000147;350000022;;;1;;;;;;1;1;;;0;0;0;1;1;1;1;1;0;1;220000046;9.48;2.3
INFOMED;2014;350000154;350000030;;;1;;;;;;1;;;;0;0;0;0;0;1;1;0;0;0;;2.82;0.5
INFOMED;2014;350000162;350000048;;1;;;;;;1;;;;1;0;0;0;1;1;1;1;0;1;0;;4.98;0
INFOMED;2014;350000188;350000055;;;1;;;;1;;;;;;0;0;0;0;0;1;1;0;0;0;;2.69;0
INFOMED;2014;350000196;350000311;;;1;;;;;;;;;;0;0;0;0;0;1;1;;0;0;;2.07;0.1
INFOMED;2014;350000204;350023248;;1;;;;;;1;;;;;0;0;0;1;1;1;1;1;1;1;;1;0
INFOMED;2014;350000212;350000089;;1;;;;;;1;;;;;0;0;0;1;1;0;0;0;0;0;350000089;0.42;0
INFOMED;2014;350000337;350000246;;;;;;;;;;1;;;0;0;0;0;0;1;1;0;0;0;;2.09;1.5
INFOMED;2014;350000402;350000402;;;;;;;;;;;;1;0;0;0;0;0;1;0;0;0;0;;0.1;0.1
INFOMED;2014;350000410;350002291;1;;;;;;1;;;;;;0;0;1;1;1;1;1;0;0;1;;0.35;0
INFOMED;2014;350000428;350002309;;;;;;;;;1;;;;0;0;1;1;1;0;0;0;0;0;;0.2;
INFOMED;2014;350000436;350002317;;;1;;;;;;1;;;;0;0;0;1;1;1;1;0;0;0;;0.3;0
INFOMED;2014;350000444;350048518;;;1;;;;;;1;;;;0;0;0;1;1;0;0;0;1;0;;1.62;
INFOMED;2014;350000451;350002333;;1;;;;;;1;;;;;1;0;0;1;1;1;1;1;0;0;;0.5;0.1
INFOMED;2014;350000741;350005179;;1;;;;;1;;;;;;0;0;0;0;0;1;1;0;0;;;28.74;
INFOMED;2014;350002119;350000386;;;;;;;;;;;;1;0;0;0;0;0;0;0;0;0;1;505392621;0.1;0
INFOMED;2014;350002192;220020739;;;1;;;;;;1;;;1;0;0;0;0;0;1;1;0;0;0;;3.03;0.8
INFOMED;2014;350002200;350029948;;;1;;;;1;;;;;;0;0;0;0;1;0;;;;0;;1;0.6
INFOMED;2014;350002234;750720575;;;;;;;1;;;1;;;0;0;0;0;0;1;1;0;0;1;750720575;0.8;0.1
INFOMED;2014;350002564;350046199;;;;;;;1;;;;;;0;0;0;0;0;1;1;0;1;0;;0.8;0.3
INFOMED;2014;350002754;440042844;;;;;;;;;;;;1;;;;;;;;;;;;;
INFOMED;2014;350002812;350023503;;;1;;;;;;;;;;0;0;0;0;0;1;1;0;0;0;;2;1
INFOMED;2014;350005021;440042844;;;1;;;;;1;;;;;0;0;0;0;0;1;1;0;0;0;;0.05;0.5
INFOMED;2014;350005146;350000733;;;1;;;;;;;;;;0;0;0;0;0;1;;;1;0;;3;0.3
INFOMED;2014;350005278;350023586;;;;;;;1;;;;;;1;0;0;1;1;0;0;0;0;0;;0.1;0
INFOMED;2014;350007084;350005179;;1;;;;;1;;;;;;0;0;0;0;0;1;1;0;0;0;;12.27;
INFOMED;2014;350040499;350040291;;;;;;;;;1;;;;0;0;0;0;0;0;0;0;0;1;350000022;;0.1
INFOMED;2014;350044756;350044749;;;;;;;;;1;;;;;;;;;;;;;;;;
INFOMED;2014;360000038;360000046;;1;;;;;;1;;;;;0;0;0;0;0;1;1;0;1;0;;1.7;0.47
INFOMED;2014;360000137;360000053;1;;;1;;;1;;;1;;;0;0;0;0;0;1;1;0;0;0;;5.7;1.13
INFOMED;2014;360000145;360000061;1;;;;;;1;;;1;;;0;0;0;0;0;1;1;1;0;0;;0.56;0.25
INFOMED;2014;360000160;360000079;;1;;;;;;1;;;;;0;0;0;0;0;1;1;1;1;1;360000137;1;0.2
INFOMED;2014;360000178;360000087;;;;;;;;;1;;;;0;0;1;1;1;0;0;0;0;;;0.08;0.01
INFOMED;2014;360000202;360000103;;;;;;;;;1;;;;0;0;0;0;0;1;0;0;0;0;;0.1;0.15
INFOMED;2014;360000251;360000111;;;1;;;;;;;;;;;0;0;0;0;0;;;0;0;;0;0
INFOMED;2014;370000051;370000028;;;1;;;;;;;;;;0;0;0;0;0;0;0;0;1;0;;1;0.1
INFOMED;2014;370000085;370000077;;;1;;;;;;;;;;0;0;0;1;1;1;1;1;1;0;;3;0.78
INFOMED;2014;370000093;370000192;;;1;;;;;;;;;;0;0;0;1;1;1;1;;1;0;;2;0.4
INFOMED;2014;370000127;370000259;;;;;;;;;;;;1;0;0;0;0;0;1;1;0;0;0;;0.2;0.05
INFOMED;2014;370000150;370000333;;;;;;;;;1;;;;0;0;0;0;0;0;;;0;0;;0;0.4
INFOMED;2014;370000184;940805963;;;;;;;;1;;;;;1;1;1;1;1;0;0;0;0;1;370000481;0.12;0.12
INFOMED;2014;370000218;450018106;;;;;;;1;;;;;;0;0;0;0;;0;;;;1;370000481;0.15;0.1
INFOMED;2014;370000374;750721334;;;;;;;1;;;;;;;;;0;0;0;0;0;1;;370000861;0.5;0.15
INFOMED;2014;370000531;370000606;;;1;;;;;1;;1;;;0;0;0;0;0;0;;;;0;;;1
INFOMED;2014;370000861;370000481;1;;;;;;;1;;;;;0;0;0;0;0;1;0;1;0;1;370000861;9.54;7.98
INFOMED;2014;370000879;370000564;;1;;;;;1;;;1;;;0;0;0;0;0;1;1;0;0;0;;1.47;0.13
INFOMED;2014;370000903;370000614;;1;;;;;;1;;1;;;0;0;0;0;0;0;;;0;0;;1.73;0.2
INFOMED;2014;370000986;370000713;;;;;;;;;1;;;;0;0;1;1;1;1;0;0;0;1;370000481;1.2;0.13
INFOMED;2014;370001109;370002701;;;1;;;;;1;;;;;0;0;0;0;0;1;1;0;1;1;370000481;0.5;0.05
INFOMED;2014;370004467;370000481;1;;;;;;;;;;1;;0;0;0;0;0;1;0;1;0;1;370000861;;
INFOMED;2014;370007569;370007528;;;1;;;;;;1;;;;0;0;0;0;0;1;1;0;1;0;;6;0.5
INFOMED;2014;370100539;370100935;;;;;;;;;1;;;;0;0;0;0;0;0;0;0;0;1;370000861;0.8;0.1
INFOMED;2014;370103673;370001638;;;;;1;;;;;;;;0;0;0;0;0;0;;;0;0;;0;0.2
INFOMED;2014;380000018;380780023;;;1;;;;;;1;;;;0;0;0;0;0;0;0;0;0;0;;0.3;0.2
INFOMED;2014;380000026;380780031;;;1;;1;;1;;;;1;;1;0;0;0;0;0;0;0;1;0;;0.7;0.07
INFOMED;2014;380000034;380780049;;;1;;;;;;;;;1;0;0;0;0;0;0;;;1;0;;4.75;1.6
INFOMED;2014;380000042;380780056;;;1;;;;;1;;;;;0;0;0;0;0;0;0;0;1;1;380780049;1.1;0.4
INFOMED;2014;380000059;380780072;;1;;;;;;1;;;;;0;0;0;0;;0;0;;0;1;380784751;1;0.26
INFOMED;2014;380000067;380780080;;;1;1;;;1;;;1;;;1;0;0;0;1;0;0;0;0;0;;21.2;4.5
INFOMED;2014;380000075;380780098;;;;;;;;;1;;;;0;0;0;0;0;0;0;0;1;1;380784751;0.69;0.15
INFOMED;2014;380000091;380780171;1;;;;;;1;;;;;;0;0;1;1;1;1;1;0;0;1;260000120;0.5;0.2
INFOMED;2014;380000109;380780213;;1;;;;;;1;;;;;0;0;0;0;0;1;1;0;1;1;380780247;1;0.3
INFOMED;2014;380000125;380780239;;;;;;;1;;;;;;0;0;1;1;1;0;0;0;0;1;;0.25;0.05
INFOMED;2014;380000133;380780247;;;;;;;;;;1;;;0;0;0;0;0;1;1;0;0;1;380780213;3.66;0.7
INFOMED;2014;380000166;380781351;;;;;;;;1;;;;;0;0;0;1;1;0;0;0;0;0;;0.3;0
INFOMED;2014;380000174;380781435;1;;;1;;;1;;;1;;;0;0;0;0;0;1;1;0;0;0;;3.88;1.12
INFOMED;2014;380000406;380784751;;;1;;;;;;;;;;0;0;0;0;0;1;1;1;1;0;;5.75;0.7
INFOMED;2014;380000729;690796552;;;1;;;;;;;;;;0;0;0;0;0;1;1;1;0;0;;0.01;0.01
INFOMED;2014;380000968;690796552;;;1;;;;;;;;;;0;0;0;0;0;1;1;1;0;0;;0.01;0.01
INFOMED;2014;380005868;010783009;;;;;;;1;;;;;;1;1;1;1;1;0;0;0;0;1;380780049;0.25;0.1
INFOMED;2014;380005918;750056335;;;;;;;;1;;;;;0;0;0;0;0;0;;;0;0;;0.2;0.2
INFOMED;2014;380009928;380804542;;;;;;;1;;;;;;0;0;0;0;0;1;1;0;0;0;;0.4;0.2
INFOMED;2014;380012658;380012609;;1;;;;;;1;;;;;1;0;0;1;1;1;1;0;1;0;;12.14;0.2
INFOMED;2014;380017095;380017087;;;;;;;;;1;;;;0;0;0;0;0;1;1;0;0;0;;1;0.2
INFOMED;2014;380780197;380798173;;;1;;;;;;;;;;0;0;0;0;0;0;;;0;0;;1.2;0.1
INFOMED;2014;380780270;380798165;;;1;;;;;;;;;;0;0;0;0;0;1;1;0;1;0;;2;0.15
INFOMED;2014;380780288;380795203;;;1;;;;;;;;;;0;0;0;0;0;0;;;1;0;;2;0.2
INFOMED;2014;380780296;920019718;;;;;;;;;;1;;;0;0;0;0;0;1;1;0;0;0;;0.5;0.15
INFOMED;2014;380780312;750720575;;;;;;;1;;;1;;;0;0;0;0;0;1;1;0;0;1;750720575;1;0.1
INFOMED;2014;380780379;380798249;;;;;;;;;1;;;;0;0;0;0;0;0;0;0;0;0;;0.5;0.1
INFOMED;2014;380781138;010783009;;;;;;;1;;;;;;1;1;1;1;1;0;0;0;0;1;380780049;0.6;0.1
INFOMED;2014;380781369;010783009;;;;;;;;1;;;;;0;0;0;0;0;1;1;0;0;0;;0.1;0.1
INFOMED;2014;380781450;380798140;;1;;;;;;;;;;;0;0;0;0;0;1;1;0;;;;1;0.01
INFOMED;2014;380784801;380793802;;;1;;;;;;;;;;0;0;0;0;0;0;0;0;0;0;;;
INFOMED;2014;380785956;380795211;;;1;;;;;;;;;;0;0;0;0;1;1;1;0;0;0;;6;1
INFOMED;2014;380786442;380798025;1;;;;;;;;;;;;0;0;0;0;0;0;;;0;0;;4;0.17
INFOMED;2014;380793810;380793802;;;1;;;;;;;;;;0;0;0;0;0;0;0;0;0;0;;;
INFOMED;2014;380794297;380794297;;;;;;;;;;1;;;0;0;0;0;0;1;1;0;0;0;;1;0.45
INFOMED;2014;380795021;380780098;;;;;;;;;1;;;;0;0;0;;0;0;0;0;1;1;380784751;0.62;0.15
INFOMED;2014;380797217;380793802;;;1;;;;;;;;;;0;0;0;0;0;0;0;0;0;0;;;
INFOMED;2014;380797233;380793802;;;1;;;;;;;;;;0;0;0;0;0;0;0;0;0;0;;;
INFOMED;2014;380804203;380793802;;;1;;;;;;;;;;0;0;0;0;0;0;0;0;0;0;;;
INFOMED;2014;390000040;390780146;;;1;;;;;;1;;;;0;0;0;0;0;0;1;0;1;0;;5.6;0.5
INFOMED;2014;390000057;390780153;;;1;;;;;;1;;;;;;;;;;1;;;1;250000452;0.2;0.2
INFOMED;2014;390000065;390780161;;;1;;;;;1;;;;;;;;;;;;;;;;1.8;1
INFOMED;2014;390000073;390780179;;;;;;;;;1;;;;0;0;1;1;1;0;;;0;0;;0.5;
INFOMED;2014;390000131;390780377;;;;;;;;;1;;;;0;0;0;0;0;0;0;0;0;0;;0.3;
INFOMED;2014;390000164;390780476;;;;;;;;;;1;;;0;0;0;0;0;0;;;;0;;1.8;0.5
INFOMED;2014;390000172;250006335;;;;;;;;;1;;;;0;0;0;0;0;0;0;0;0;0;;0.5;0.2
INFOMED;2014;390000214;390780591;;;1;;;;;;1;;;;0;0;0;0;0;0;0;0;0;1;250000452;1;0.1
INFOMED;2014;390000222;390780609;;;1;;;;;;1;;;;0;0;0;0;0;1;0;0;1;0;;1;10.26
INFOMED;2014;390780369;210010294;;;;;;;;1;;;;;0;0;0;0;0;1;1;0;0;1;;1;0.05
INFOMED;2014;390780559;390000180;;;1;;;;;;;;;;0;0;0;0;0;0;0;0;1;0;;1;0.1
INFOMED;2014;390780575;250017803;;;1;;;;;;;;;;0;0;0;0;0;1;1;0;0;0;;1.1;0.15
INFOMED;2014;400000105;400780193;1;;;;;;1;;;1;;;0;0;0;0;0;0;0;0;1;0;;3.05;1.4
INFOMED;2014;400000113;400011177;;;;;;;;;;1;;;0;0;0;0;;1;1;0;1;0;;1.5;0.25
INFOMED;2014;400000139;400011177;;1;;;;;;;;;;;0;0;0;0;0;1;1;0;1;0;;5.42;1.5
INFOMED;2014;400000147;400780268;;;1;;;;;;1;;;;0;0;0;0;0;0;0;0;0;0;;0.1;0.1
INFOMED;2014;400000261;400780458;1;;;;;;1;;;;;;0;0;0;0;0;1;1;0;0;0;;0.5;13
INFOMED;2014;400008199;400008108;;;;;;1;;;;;;;0;0;0;0;0;;;;;;;;0.05
INFOMED;2014;400011201;640017612;;;1;;;;;;;;;;0;0;0;0;0;1;1;1;0;0;;;
INFOMED;2014;400780250;400011177;;;;;;;;1;;;;;0;0;0;0;0;1;1;0;1;0;;0.5;0.25
INFOMED;2014;400780284;400000154;;;1;;;;;;;;;;1;0;1;1;1;0;0;;1;0;;0.7;0.1
INFOMED;2014;400780342;400000196;;;1;;;;;;;;;;0;0;0;0;0;0;0;0;0;0;;1;0.2
INFOMED;2014;400780359;400000204;;;1;;;;;;;;;;;;;;;;;;;;;1;0.1
INFOMED;2014;400780367;750720575;;;;;;;;;;;1;;0;0;0;0;0;;;;;0;;0.2;0
INFOMED;2014;400780425;400000246;;;;;;;;;1;;;;0;0;0;0;0;0;0;0;0;0;;0.2;
INFOMED;2014;400780482;310021068;;;;;;;;;1;;;;0;0;0;0;0;1;1;1;0;0;;0.8;0.11
INFOMED;2014;400780888;400000535;;;;;;1;;;;;;;0;0;0;0;0;1;0;0;0;0;;0.4;0.25
INFOMED;2014;400782769;400001764;;;1;;;;;;1;;;;0;0;0;0;0;1;1;0;1;0;;1.25;0.2
INFOMED;2014;400791018;400790994;;;;;;;1;;;;;;0;0;0;0;0;0;0;0;1;0;;1;0.1
INFOMED;2014;410000020;410000087;1;;;;;;;1;;1;;;0;0;0;0;0;1;0;0;1;1;410000111;7.3;2.2
INFOMED;2014;410000038;410000095;;1;;;;;;1;;1;;;0;0;0;0;0;0;0;0;1;0;;2;0.6
INFOMED;2014;410000046;410000103;;1;;;;;1;;;1;;;0;0;0;0;0;1;1;0;1;0;;3.25;0.5
INFOMED;2014;410000053;410000111;;1;;;;;;1;;;;;1;1;0;1;1;0;0;0;0;0;;0.2;0.1
INFOMED;2014;410000202;410000319;;1;;;;;;;;;;;0;0;0;0;1;0;0;0;0;0;;1.5;0.5
INFOMED;2014;410000277;410000467;;;;;;;;;;;;1;0;0;0;0;0;1;1;1;1;1;;1;0.1
INFOMED;2014;410000418;440052041;;;;;;;;1;;;;;0;0;0;0;0;1;1;0;0;0;;1;0.2
INFOMED;2014;410000442;750005068;;;;;;;;1;;;;;0;0;0;0;0;1;1;0;0;1;410000418;0.8;0.2
INFOMED;2014;410004998;410000871;;;1;;;;;;;;;;;;;;;1;1;0;0;0;;2;0.1
INFOMED;2014;410005284;410000947;;;;;;;;;1;;;;0;0;0;0;0;1;0;0;0;0;;0.02;0.05
INFOMED;2014;410005391;410000905;;;;;;;1;;;;;;0;0;0;1;1;0;0;0;0;0;;0.1;0.05
INFOMED;2014;420000010;420780033;1;;;1;;;1;;;1;;;0;0;0;0;0;1;1;0;1;0;;5.1;1
INFOMED;2014;420000226;420013831;;;1;;;;;1;;1;;;1;1;0;0;0;1;1;0;0;0;;3.94;1.75
INFOMED;2014;420000234;420780652;;;1;;;;;;1;;;;0;0;0;0;0;1;1;0;0;0;;2;
INFOMED;2014;420000242;420780660;;;;;;;;;1;;;;0;0;0;0;0;0;0;0;1;1;420780652;0.25;0.2
INFOMED;2014;420000267;420013831;;1;;;;;;1;;1;;;0;0;0;0;0;1;1;0;0;0;;;
INFOMED;2014;420000275;420780694;;;;;;;;;;;;;0;0;1;1;1;0;0;0;0;1;;0.11;0.11
INFOMED;2014;420000556;420781791;;;;;;;;;1;;;;0;0;0;0;0;0;;;;0;;0.14;0.1
INFOMED;2014;420002479;420002438;;;;;;1;;;;;;;1;1;1;1;;0;;;0;0;;0.5;0.2
INFOMED;2014;420010050;420787061;;;1;;;;;;;;;;1;0;1;1;1;0;0;0;0;0;;2.37;0.2
INFOMED;2014;420010258;420010209;;;;;;1;;;;;;;0;0;0;0;1;0;0;0;0;0;;;0.16
INFOMED;2014;420010308;420010209;;;;;;1;;;;;;;0;0;0;0;1;0;0;0;0;0;;0.04;
INFOMED;2014;420011413;420011405;;1;;;;;;;;;;;0;0;0;0;0;1;1;0;0;0;;4.5;0.5
INFOMED;2014;420011512;420011504;;;;;;;;1;;;;;1;1;1;1;1;0;0;0;0;1;;1;0.15
INFOMED;2014;420011660;420011652;;;;;;;;;1;;;;1;1;1;1;1;0;0;0;0;1;441496999;0.25;5
INFOMED;2014;420011728;920028560;;;;;;;;;1;;;;0;0;0;0;0;0;0;0;0;1;690000401;;
INFOMED;2014;420013005;690007182;;;;;1;;;;;;;;0;0;0;1;1;0;;;0;0;;0.3;
INFOMED;2014;420014110;420007098;;;;;;;;;1;;;;0;0;0;0;0;1;0;0;0;1;690000401;0.9;0.2
INFOMED;2014;420780348;440051910;;;;;;;;;1;;;;1;1;1;;1;0;0;0;0;1;44149699;0.25;0.05
INFOMED;2014;420780504;420000135;;1;;;;;;;;;;;0;0;0;0;0;1;1;0;0;0;;3;0.2
INFOMED;2014;420780637;420002495;;1;;;;;;1;;;;;0;0;0;0;0;1;1;0;0;0;;2.49;0.81
INFOMED;2014;420780744;420000325;;;;;;;;1;;;;;0;0;0;1;1;0;;;0;1;690782230;0.2;
INFOMED;2014;420782096;420787061;;;;;;;1;;;;;;0;0;1;1;1;0;0;0;0;0;;0.05;0.05
INFOMED;2014;420782310;420000853;;;1;;;;;;;;;;0;0;0;0;0;1;1;0;1;1;;2.8;0.15
INFOMED;2014;420782591;420000887;;1;;;;;;1;;;;;0;0;0;0;0;1;1;0;1;0;;1;0.2
INFOMED;2014;420785354;420784878;1;;;;;;1;;;1;;;0;0;0;0;0;0;0;0;0;0;;12.23;3.2
INFOMED;2014;420788440;420001794;;;;;;;;;;;;1;0;0;0;0;0;0;0;0;0;0;;0.05;0.05
INFOMED;2014;420790081;750056335;;;;;;;;;;;;;0;0;0;0;0;0;;;;0;;0.2;0.2
INFOMED;2014;430000026;630786754;;;;;;;;;;1;;;0;0;;0;0;1;1;1;0;0;;2.83;0.8
INFOMED;2014;430000109;430000372;1;;;;;;;;;;;;0;0;0;0;0;1;1;0;0;0;;1;0.1
INFOMED;2014;430000117;430000018;;;1;1;;;;1;;;;;0;0;0;0;0;1;1;0;1;0;;5.29;1.8
INFOMED;2014;430000141;430005843;;;;;;;;1;;;;;0;0;0;0;0;0;0;0;1;1;430000166;0;0.2
INFOMED;2014;430000190;430000034;1;;;;;;1;;;;;;0;0;0;0;0;0;0;0;1;0;;1.3;0.1
INFOMED;2014;430000216;750811820;;;;;;;;1;;;;;0;0;0;0;0;1;1;0;1;0;;0.75;0.23
INFOMED;2014;430000299;430000059;;;1;;;;;;1;;;;0;0;0;0;0;0;0;0;0;1;430000018;0.2;0.05
INFOMED;2014;430000307;430000067;;;1;;;;;;1;;;;1;0;0;1;1;0;;;;1;430000117;0.5;0.06
INFOMED;2014;440000016;440000057;1;;;1;;;1;;;1;;;1;1;0;0;1;0;;;1;0;;3.4;1
INFOMED;2014;440000180;440000263;;;;;;;;;;1;;;0;0;0;0;0;1;1;0;0;0;;2.25;0.4
INFOMED;2014;440000255;440042844;;;;;;;;;1;;;;0;0;0;0;0;1;0;1;0;0;;0.6;0.2
INFOMED;2014;440000271;440000289;;;1;;;1;;;1;;;1;0;0;0;0;0;0;;;0;0;;11.2;5.9
INFOMED;2014;440000396;440000297;;1;;;;;;1;;;;;0;0;0;1;1;0;0;0;1;1;;2.18;0.36
INFOMED;2014;440000404;440000925;;;1;;;;;;;;;;0;0;0;0;0;1;1;0;0;0;;1;0.5
INFOMED;2014;440000412;440000941;;1;;;;;;;1;;;;0;0;0;0;0;1;1;0;0;0;;2.5;0.5
INFOMED;2014;440000487;440001014;;1;;;;;;;;;;;0;0;0;0;0;1;1;1;1;0;;1.5;0.1
INFOMED;2014;440000503;440000313;1;;;;;;;1;;;;;0;0;0;0;0;0;0;0;0;0;;1.5;1
INFOMED;2014;440000552;440042141;;;;;;;1;;;;;;0;0;0;1;1;0;0;0;0;0;;0.21;0.1
INFOMED;2014;440000644;440000347;;;;;;;;1;;;;;0;0;1;1;1;1;1;0;0;1;440003291;0.7;
INFOMED;2014;440000651;440001212;;;1;;;;;;;;;;0;0;0;0;0;0;0;0;1;0;;2;0.1
INFOMED;2014;440000693;440041895;;;;;;;;1;;;;;0;0;0;0;0;0;;;1;;;0.5;0.05
INFOMED;2014;440000800;440001246;;;;;;;;;;;1;;0;0;0;0;0;0;0;0;0;1;;0.1;
INFOMED;2014;440000883;440042141;1;;;;;;1;;;;;;0;0;0;1;1;0;0;0;0;0;;0.21;0.1
INFOMED;2014;440001113;490017258;;1;;;;;;;;;;;0;0;0;0;0;1;1;0;0;0;;4.5;1
INFOMED;2014;440001188;440018661;;;;;;;;1;;;;;1;0;0;0;0;0;0;0;0;0;;2;0.25
INFOMED;2014;440001253;440028538;;;1;;;;;;1;;;;0;0;0;1;1;1;1;0;1;;;0.6;0
INFOMED;2014;440001261;440028538;;;;;;;;;1;;;;0;0;0;1;1;1;1;0;1;;;0;0
INFOMED;2014;440001279;440041531;1;;;;;;1;;;;;;0;0;0;1;1;;;;;;;;
INFOMED;2014;440001287;440041531;1;;;;;;1;;;;;;0;0;0;1;1;;;;;;;0.15;
INFOMED;2014;440001295;440000859;;;1;;;;;;1;;;;0;0;0;1;1;;;;;;;0.5;
INFOMED;2014;440001964;440003267;;;;1;;;;;;;;;0;0;1;1;1;0;0;0;0;;440000289;0.2;
INFOMED;2014;440001972;440003309;;;;;;;;;;1;;;0;0;0;0;0;0;0;0;0;0;;1;0.5
INFOMED;2014;440002020;440001386;;1;;;;;;;;;;;0;0;0;0;0;0;0;0;0;0;;1.56;0.29
INFOMED;2014;440002459;440001501;;;;;;;;;1;;;;;;;1;1;0;0;0;0;0;;0.4;0.1
INFOMED;2014;440003390;440001998;;;;;;;;;;1;;;0;0;0;0;0;;;;;0;;;
INFOMED;2014;440012128;440003960;;;;;;1;;;;;;;0;0;0;0;0;0;;;0;0;;0.14;0.5
INFOMED;2014;440023364;440006377;;;1;;;;;;;;;;0;0;0;0;;1;1;0;0;1;440041580;1.5;0.15
INFOMED;2014;440024669;440042844;;;;;;;;;1;;;;0;0;0;0;0;0;0;0;0;0;;0.25;0.25
INFOMED;2014;440024982;440000461;;;1;;;;;;;;;;0;0;0;0;0;1;1;0;0;0;;5;0.5
INFOMED;2014;440029338;440041895;;1;;;;;;;;;;;0;0;0;0;0;0;0;0;1;0;;2.6;1
INFOMED;2014;440029379;440000974;;1;;;;;;;;;;;0;0;0;0;0;0;;;1;0;;2.6;0.5
INFOMED;2014;440033819;440006344;;;1;;;;;;;;;;0;0;0;0;0;1;1;0;0;1;500696547;3.8;0.2
INFOMED;2014;440041580;440041572;1;;;;;;;;;;;;0;0;0;0;;1;1;0;0;0;;9.72;0.35
INFOMED;2014;440043123;440043115;;;;;;;1;;;;;;0;0;1;1;1;;;;;0;;0.1;0
INFOMED;2014;440048239;440041895;;;;;;;;1;;;;;0;0;0;0;0;0;;;1;0;;0.5;0.05
INFOMED;2014;440050433;440041895;;1;;;;;1;;;;;;0;0;0;0;0;0;;;1;0;;2.26;0.9
INFOMED;2014;450000062;450000104;;1;;;;;;1;;1;;;0;0;0;0;0;1;0;0;1;0;;5.51;1.7
INFOMED;2014;450000120;450000138;;;1;;;;;;1;;;;0;0;0;0;0;0;1;0;0;1;450002613;;0.02
INFOMED;2014;450000187;450000146;;;;;;;;;1;;;;0;0;1;0;1;0;0;0;0;1;450000062;0.2;0.05
INFOMED;2014;450000237;450000534;;;1;;;;;;;;;;0;0;0;0;0;1;1;0;1;1;;1;0.15
INFOMED;2014;450000245;450000542;;;1;;;;;;;;;;0;0;0;0;0;0;0;0;0;0;;2;0.11
INFOMED;2014;450000252;450000559;;;;;;;;;;1;;;0;0;0;0;0;0;0;0;0;0;;0.2;0.1
INFOMED;2014;450000286;750052417;;;;;;;;;1;;;;0;0;0;0;0;1;1;0;0;0;;0.5;0.2
INFOMED;2014;450000294;450000591;;;1;;;;;;1;;;;0;0;0;0;0;0;0;0;0;0;;1.5;
INFOMED;2014;450000336;450000179;;;1;;;;;;1;;;;0;0;0;0;0;1;1;0;0;0;;1;1
INFOMED;2014;450000930;450002423;;;;;;;;;;1;;;0;0;0;0;0;1;1;0;0;0;;3.5;1
INFOMED;2014;450002456;450018106;;;;;;;;;1;;;;0;0;0;0;0;1;1;0;0;0;;0.2;
INFOMED;2014;450002613;450000088;;1;;;;;;;1;;;;1;0;0;1;1;1;0;0;0;1;;8.89;2.8
INFOMED;2014;450010079;450000195;;;1;;;;;;;;;;0;0;0;0;0;0;0;0;0;;;3;
INFOMED;2014;450012935;450001466;;;1;;;;;;;;;;0;0;0;0;0;0;0;0;1;0;;0.1;0.1
INFOMED;2014;450012968;450001474;;;1;;;;;;1;;;;0;0;0;1;1;1;1;1;1;0;;2;0.1
INFOMED;2014;450013081;450001490;;;;;;;;1;;;;;0;0;0;0;0;0;0;0;0;0;;0.57;0.1
INFOMED;2014;450013719;450011150;;;;1;;;;;;;;;0;0;0;0;0;0;0;0;0;0;;0.2;0.2
INFOMED;2014;450014048;450011150;;;;1;;;;;;;;;0;0;0;0;0;0;0;0;0;0;;0.2;0.2
INFOMED;2014;450015144;450015136;;;;;;;;;1;;;;0;0;0;0;0;1;1;0;0;1;450015144;1;
INFOMED;2014;450018312;450018296;;;1;;;;;;;;;;0;0;0;0;0;0;0;0;0;1;;;
INFOMED;2014;450018528;450011150;;;;1;;;;;;;;;0;0;0;0;0;0;0;0;0;0;;0.2;0.2
INFOMED;2014;450018924;450015409;;;;;;;;;;1;;;0;0;0;0;0;;;;;;;0.2;
INFOMED;2014;460000045;460780083;;;1;;;;;;;;;;0;0;;1;0;1;1;0;0;0;;1;0.9
INFOMED;2014;460000052;460780091;;;1;;;;;;1;;;;0;0;0;0;0;0;0;0;0;0;;1.8;0.5
INFOMED;2014;460000060;460780117;;;;;;;1;;;;;;0;0;1;1;1;1;1;1;1;1;460000045;0.75;0.1
INFOMED;2014;460000102;460780208;;;1;;1;;;1;;;;;0;0;0;0;0;1;1;0;0;0;;1;0.4
INFOMED;2014;460000110;460780216;;1;;1;;;1;;;;;;0;0;0;0;0;1;0;0;1;0;;2.91;1
INFOMED;2014;460000227;460780430;;;1;;;;;;;;;;1;1;0;1;1;1;1;0;0;1;460780091;0.05;0.1
INFOMED;2014;460006075;460006067;;1;;;1;;;1;;;;;0;0;0;0;0;1;1;0;0;1;460780083;0.3;0.1
INFOMED;2014;460006083;460785090;;;;;;;1;;;;;;0;0;0;0;0;1;1;0;0;0;;0.96;0.08
INFOMED;2014;460006091;460785090;;;;1;;;;;;;;;0;0;0;0;0;1;1;0;0;0;;0.42;0.08
INFOMED;2014;460780042;460000029;;;1;;;;;;;;;;1;0;1;1;1;0;0;0;0;0;;2;0.05
INFOMED;2014;460780133;460000086;;;;;;;;;1;;;;;;;;;0;;;0;0;;0.06;0.06
INFOMED;2014;460785090;460785090;;;;;;;;;;1;;;0;0;0;0;0;1;1;0;0;0;;3.4;0.4
INFOMED;2014;470000027;470014069;;;1;;;;;;1;;;;0;0;0;0;0;1;1;0;0;0;;5;0.25
INFOMED;2014;470000159;470014069;1;;;;;;;;;;;;0;0;0;0;0;;1;1;1;;470000027;;
INFOMED;2014;470000175;750826604;;;;;;;;1;;;;;;;1;;1;0;0;1;0;0;;0.08;0.09
INFOMED;2014;470000423;470000316;;1;;;;;1;;;1;;;0;0;0;0;0;1;1;0;1;0;;3;2
INFOMED;2014;470000431;470000324;;;1;;;;;;1;;;;0;0;0;0;0;1;1;1;0;0;;7.3;0.8
INFOMED;2014;470000480;470001660;;1;;;;;;;1;;;;1;0;0;1;1;0;;;0;0;;3;0
INFOMED;2014;470000530;470000357;;;1;;;;;;1;;;;0;0;0;0;0;1;1;0;0;0;;0.5;0.2
INFOMED;2014;470000563;470000381;1;;;;;;1;;;1;;;0;0;0;0;0;1;1;0;0;0;;4;1
INFOMED;2014;470000571;470000407;;;1;;;;;;1;;;;0;0;1;1;1;1;1;0;0;0;;0.8;
INFOMED;2014;470010364;470010356;;;;;;;1;;;;;;0;0;0;0;0;0;0;0;0;0;;0.4;
INFOMED;2014;480000017;480780097;;1;;;;;;1;;;;;0;0;0;0;1;0;;;;0;;1.64;0.13
INFOMED;2014;480000033;480780121;;;1;;;;;;1;;;;0;0;0;0;0;1;1;0;0;1;480780147;;
INFOMED;2014;480000041;480780139;;1;;;;;;1;;;;;0;0;1;1;1;0;;;;1;480780147;0.25;0.1
INFOMED;2014;480000058;480780147;;;;;;;;;;;;1;0;0;0;0;0;1;1;0;1;1;480780147;1.8;0.4
INFOMED;2014;480000066;480780154;;;1;;;;;;1;;;;0;0;0;0;0;0;;;1;0;;0.28;0.66
INFOMED;2014;480000074;480780162;;1;;;;;;;;;;;0;0;0;0;0;1;1;0;0;1;480780147;0.07;0.03
INFOMED;2014;480001403;340000264;;;1;;;;;;;;;;0;0;0;0;0;0;0;0;0;0;;0.03;0.01
INFOMED;2014;480001783;340000264;;;1;;;;;;;;;;0;0;0;0;0;0;0;0;0;0;;0.02;0.01
INFOMED;2014;480002948;480780097;;;1;;;;;;;;;;0;0;0;0;0;1;1;;;;;0.25;
INFOMED;2014;480780113;480001296;;;1;;;;;;;;;;0;0;0;0;0;1;1;0;1;1;480780113;1.2;0.1
INFOMED;2014;480780212;480782168;;;;;;;;;1;;;;0;0;0;0;0;1;1;1;0;0;;0.2;0.1
INFOMED;2014;480780543;480782101;;;;;;;1;;;;;;0;0;0;0;0;1;1;1;1;0;;1.06;0.1
INFOMED;2014;480783034;480782101;;;;;;;1;;;;;;;;;;;1;0;1;0;0;;0.1;0.05
INFOMED;2014;490000049;490000031;1;;;;;;1;;;;;;0;0;0;0;0;1;1;0;0;0;;8.6;2.8
INFOMED;2014;490000106;490000163;;;;;;;;;;;1;;0;0;1;0;0;1;0;0;1;0;;3.26;0.2
INFOMED;2014;490000155;490017258;;1;;;;;;;;;;;0;0;0;0;0;1;0;0;0;0;;2;1.4
INFOMED;2014;490000239;490015765;;;1;;;;;;1;;;;0;0;0;0;0;1;1;0;1;1;490000031;1;0.2
INFOMED;2014;490000262;490000171;;;1;;;;;;1;;;;1;0;0;1;1;0;;;1;0;;1;0.1
INFOMED;2014;490000296;490000387;;;1;;;;;;1;;;;0;0;0;0;0;0;0;0;0;;;0.1;0
INFOMED;2014;490000312;490012176;;;;;;1;;;;;;;0;0;0;0;0;1;1;1;1;0;;0.1;0
INFOMED;2014;490000320;490000395;;;1;;;;;;1;;;;0;0;0;0;0;1;1;0;;0;;0.48;0.05
INFOMED;2014;490000353;490000411;;;;;;;1;;;;;;;;1;1;1;1;1;1;0;0;;;
INFOMED;2014;490000494;490000429;;;1;;;;;;1;;;;0;0;0;1;0;0;0;0;0;1;490000403;0.5;0.1
INFOMED;2014;490000635;490000676;;1;;;;;1;;;1;;;0;0;0;0;0;1;1;0;0;0;;3.44;2.61
INFOMED;2014;490000643;440042844;;;;;;;;;1;;;;0;0;0;0;0;0;;;0;0;;0;0
INFOMED;2014;490000650;490007689;;1;;;;;;1;;;;;0;0;0;1;1;0;;;0;1;490000338;0.25;0.1
INFOMED;2014;490001765;490528452;;1;;;;;1;;;1;;;0;0;0;0;0;1;1;0;0;0;;2.72;1
INFOMED;2014;490001831;490007689;;1;;;;;;1;;;;;0;0;0;1;1;0;0;0;0;1;490000338;0.25;0.1
INFOMED;2014;490002037;490000890;;;1;;;;;;;;;;0;0;0;0;0;1;1;1;1;0;;4;1
INFOMED;2014;490004256;490001716;1;;;;;;1;;;;;;0;0;0;0;0;0;0;0;0;0;;0.33;0.04
INFOMED;2014;490007549;490535168;;;;;;;1;;;;;;0;0;0;0;0;0;;;0;0;;0.1;0.1
INFOMED;2014;490007929;490000627;;;1;;;;;;;;;;0;0;0;0;0;1;1;0;0;0;;1.8;
INFOMED;2014;490014909;490008109;;;1;;;;;;;;;;0;0;1;1;1;0;0;0;1;0;;4.8;0.5
INFOMED;2014;490016334;490016326;;;;;;1;;;;;;;0;0;0;0;0;0;0;0;1;0;;0.1;0.05
INFOMED;2014;490016870;440048643;;;;;;1;;;;;;;0;0;0;0;0;1;0;0;0;0;;0;0.2
INFOMED;2014;490531910;490535093;;;;;;;;1;;;;;0;0;0;0;0;1;1;1;0;0;;2.5;0.1
INFOMED;2014;490540440;490004330;;;;;;;;;;;;;0;0;0;;0;0;0;0;1;0;;0.75;0.5
INFOMED;2014;500000021;500000054;;1;;1;;;;1;;;;;0;0;0;1;1;0;;;1;1;;0;
INFOMED;2014;500000146;500000500;;;1;;;;;;1;;;;0;0;0;0;0;0;0;0;0;1;;3;0.1
INFOMED;2014;500000187;500000013;;;1;1;;;1;;;;;;0;0;0;0;0;1;1;0;0;0;;7.7;1
INFOMED;2014;500000195;500000039;;1;;;;;;1;;;;;0;0;1;1;1;1;1;1;0;0;;0.25;0.1
INFOMED;2014;500000203;500000542;;;1;;;;;;1;;;;0;0;0;0;0;0;;;0;0;;1.8;0.1
INFOMED;2014;500000229;500000567;;;;;;;;1;;;;;0;0;0;0;0;1;0;0;0;0;;1.25;0.15
INFOMED;2014;500000260;500000054;;1;;1;;;;1;;;;;0;0;0;1;1;0;;;1;1;;5;
INFOMED;2014;500000278;500010384;;;;;;;;;1;;;;0;0;0;0;0;0;;;0;0;;0.2;0.1
INFOMED;2014;500000302;500000062;;;1;;;;;;1;;;;0;0;0;1;1;1;1;1;0;0;;0.5;0.2
INFOMED;2014;500000401;500000609;;1;;;;;;;;;;;0;0;0;0;0;1;1;0;1;1;140024365;1.5;0.1
INFOMED;2014;500000419;310021084;;;;;;;;;1;;;;0;0;0;0;0;0;0;0;1;0;;0.3;0.2
INFOMED;2014;500000427;500000096;;;1;;;;;;1;;;;1;0;0;1;1;0;;1;;0;;0.8;
INFOMED;2014;500000435;500000104;;1;;;;;;1;;;;;0;0;0;1;1;1;1;1;0;1;;0.4;
INFOMED;2014;500000450;500000112;;;1;1;;;;;1;;;;0;0;0;0;0;1;1;1;1;1;500000112;5.88;1.41
INFOMED;2014;500000476;500000138;;;1;;;;;;1;;;;0;0;0;0;0;1;1;1;0;;;0.25;
INFOMED;2014;500000575;500000245;;;;;;;;;1;1;;;0;0;0;1;1;0;0;0;1;0;500000575;2.54;
INFOMED;2014;500000591;500000393;;;1;1;;;;;1;;;;0;0;0;0;0;1;1;1;1;1;500000112;2;0.2
INFOMED;2014;500002357;500002233;;;1;;;;;;1;;;;0;0;0;0;0;0;0;0;0;0;;1;0.34
INFOMED;2014;500010384;500010384;;;;;;;;;;1;;;0;0;0;0;0;1;1;0;0;1;500015185;5.5;0.6
INFOMED;2014;500012687;310021118;;;1;;;;;;1;;;;0;0;0;0;0;0;0;1;0;0;;0.1;0.1
INFOMED;2014;500012968;750826307;;;;;;;;1;;;;;0;0;0;0;0;0;;;0;0;;;
INFOMED;2014;500015185;500015185;;;;;;;;;;;1;;0;0;0;0;0;0;;;0;1;500010384;0.5;0.3
INFOMED;2014;500021423;500000567;;;;;;;;1;;;;;0;0;0;0;0;1;0;0;0;0;;0.5;0.1
INFOMED;2014;510000169;510000037;;1;;;;;1;;;;;;0;0;0;0;0;1;0;0;0;0;;2.8;2
INFOMED;2014;510000185;510000532;;;1;;;;;;;;;;0;0;0;0;0;1;1;1;0;0;;3;0.45
INFOMED;2014;510000193;510000557;;;1;;;;;;;;;;0;0;0;0;;0;;;0;1;;2.5;
INFOMED;2014;510000201;750034589;;;;;;;;;1;;;;0;0;0;0;0;1;0;1;0;0;;0.2;0.1
INFOMED;2014;510000219;510000052;;;;;;;1;;;1;;;0;0;0;0;0;1;0;0;0;0;;2.42;0.5
INFOMED;2014;510000227;510000565;;;1;;;;1;;;;;;0;0;0;0;0;0;0;0;0;1;;1.5;0
INFOMED;2014;510000235;510000060;1;;;1;;;;;;;;;0;0;0;0;0;1;1;1;1;0;;2;1
INFOMED;2014;510000243;510000573;1;;;;;;;;;;;;0;0;0;0;0;0;0;0;0;1;;3.5;
INFOMED;2014;510000250;510000078;;;1;;;;;;1;;;;0;0;0;0;0;1;1;1;0;0;;2.5;0.5
INFOMED;2014;510000268;520000100;;;1;;;;;;;;;;0;0;0;0;0;1;1;0;0;1;;0.5;
INFOMED;2014;510000284;510000615;;;1;;;;;;;;;;0;0;0;0;0;0;0;0;1;0;;2;1
INFOMED;2014;510000292;750720534;;;;;;;;;1;;;;1;0;0;1;1;1;1;0;0;0;;0.1;0.09
INFOMED;2014;510000359;510000086;;;;;;;1;;;;;;0;0;0;0;0;1;1;0;0;0;;0.1;0.1
INFOMED;2014;510000516;510000136;;;1;;;;;;;;;;0;0;0;0;0;1;1;0;0;1;210987731;3;0
INFOMED;2014;510004302;510000029;1;;;;;;1;;;1;;;0;0;0;0;0;1;0;0;0;0;;;
INFOMED;2014;510012040;510000557;;;1;;;;;;1;;;;0;0;0;0;0;0;0;0;0;1;;3;
INFOMED;2014;510020548;750047367;;;;;;1;;;;;;;0;0;0;0;0;1;0;0;0;0;;0.3;0.6
INFOMED;2014;520000019;520780024;;;1;;;;;1;;;;;0;0;0;0;0;1;0;0;0;0;;0.2;0.1
INFOMED;2014;520000027;520780032;;1;;;;;1;;;;;;0;0;0;0;1;1;1;0;1;0;;3.04;1
INFOMED;2014;520000035;520780040;;;1;;;;;;1;;;;0;0;0;0;0;0;0;0;0;0;;0.5;0.1
INFOMED;2014;520000043;520780057;;;1;;;;;;1;;;;0;0;0;0;0;1;1;0;0;0;;0.96;1
INFOMED;2014;520000068;520780073;;;1;;;;;;;;;;0;0;0;0;0;1;1;0;1;0;;3;0.8
INFOMED;2014;520000076;520780081;;;;;;;;1;;;1;;0;0;0;0;0;0;;;0;0;;1.95;0.16
INFOMED;2014;520000084;520780099;;1;;;;1;;1;;;;1;1;1;0;0;0;1;0;0;0;1;520000076;0.1;0.05
INFOMED;2014;520780156;520000092;1;;;;;;;;1;;;;0;0;0;0;0;0;0;0;1;;;1;
INFOMED;2014;520780180;520000100;;;1;;;;;;;;;;0;0;0;0;0;1;1;0;0;1;;2;0
INFOMED;2014;520780214;520000118;;;1;;;;;;;;;;0;0;0;0;0;1;1;1;1;0;;1;0.1
INFOMED;2014;530000017;530000025;;1;;;1;;;1;;;;1;0;0;0;0;0;1;1;0;0;0;;2.65;1.2
INFOMED;2014;530000132;530007202;;;1;;;;;;1;;;;0;0;0;0;0;0;0;0;0;1;530000371;0.05;0.02
INFOMED;2014;530000140;530000058;;;1;;;;;;1;;;;0;0;1;1;0;0;;;0;;;0.5;0
INFOMED;2014;530000165;530000066;;;1;;;;;;1;;;;0;0;0;1;1;1;1;0;0;;;0.5;
INFOMED;2014;530000173;530000074;1;;;;;;1;;;1;;;0;0;0;0;0;1;1;0;0;0;;4;1
INFOMED;2014;530000181;530007202;;;1;;;;;;1;;;;0;0;0;0;0;0;0;0;0;1;530000371;0.05;0.02
INFOMED;2014;530000264;530000371;1;;;1;;;1;;;1;;;0;0;0;0;0;1;0;0;1;1;530007202;2.75;1
INFOMED;2014;530000611;530002591;;;;;;;;;1;;;;0;0;0;0;0;0;0;0;0;0;;0.2;0.1
INFOMED;2014;530007285;530007210;;;;;;;;;;;1;;0;0;0;0;0;1;1;1;1;1;;;
INFOMED;2014;530031962;530000975;;;1;;;;;;1;;;;0;0;0;1;1;0;0;0;0;0;;1.5;0.1
INFOMED;2014;540000015;540023264;;;1;;;;;;;;;;0;0;0;0;0;1;1;1;0;0;;;
INFOMED;2014;540000023;540000049;;;1;;;;;;;;;;0;0;0;0;0;0;1;0;0;0;;2.9;0.9
INFOMED;2014;540000072;540014081;;;1;;;;;;;;;;0;0;0;0;0;0;;;0;0;;0.1;0.07
INFOMED;2014;540000148;540019007;;;;;;;;;1;;;;0;0;0;0;0;1;1;0;0;1;540000148;;0.2
INFOMED;2014;540000155;540000080;;;1;;;;;;;;;;0;0;0;0;0;1;1;0;0;0;;1.5;1.1
INFOMED;2014;540000163;540020112;;1;;;;;;;;;;;0;0;0;0;0;1;0;0;0;0;;3.5;1
INFOMED;2014;540000270;540003399;;;;;;;;;1;;;;0;0;0;0;0;0;;;0;1;540000106;0;0.12
INFOMED;2014;540000288;540018710;;;;;;;;;1;;;;0;0;0;0;0;1;1;1;1;0;;0.5;0.05
INFOMED;2014;540000296;540000106;;;1;;;;;;1;;;1;0;0;0;0;0;0;0;1;0;0;;0.4;1
INFOMED;2014;540000312;540000114;;;;;;;1;;;1;;;0;0;0;0;0;0;0;0;0;1;540000080;0.25;0.22
INFOMED;2014;540000361;540003928;;;1;;;;;;;;;;0;0;0;0;0;1;1;0;1;0;;2;0.2
INFOMED;2014;540000395;540000122;;;1;;;;;;1;;;;0;0;1;0;0;0;;;0;0;;0.5;0.1
INFOMED;2014;540000445;540000890;;;1;;;;;;;;;;0;0;0;0;0;0;0;0;0;0;;1;
INFOMED;2014;540000452;540000908;;;1;;;;;;;;;;0;0;0;0;0;1;1;0;0;0;;1;0.3
INFOMED;2014;540000460;540000916;;;;;;;1;;;;;;0;0;0;0;0;0;0;0;0;0;;;
INFOMED;2014;540000478;540003449;;;1;;;;;;1;;;;0;0;0;0;0;1;0;0;1;0;;4.1;0.8
INFOMED;2014;540000486;540000932;;;1;;;;;;;;;;0;0;0;0;0;1;1;0;0;0;;6.09;1.22
INFOMED;2014;540000585;540006707;;;;;;;1;;;;;;0;0;0;0;0;1;1;1;1;1;540006707;0.67;0
INFOMED;2014;540000668;540006707;;;;;;;1;;;;;;0;0;0;0;0;1;1;1;1;0;;0.58;
INFOMED;2014;540000726;750721334;;;;;;;;1;;;;;1;1;1;1;1;0;;;;1;540000080;;0.2
INFOMED;2014;540000858;540000437;;;;;;;1;;;;;;0;0;1;0;1;0;0;0;0;0;;0.03;0.05
INFOMED;2014;540000973;540006707;;;;;;;;;1;;;;0;0;0;0;0;0;0;0;0;0;;0.2;1
INFOMED;2014;540000981;540001112;;;1;;;;;;;;;;0;0;0;0;0;0;;;1;0;;;
INFOMED;2014;540001070;540000767;1;;;;;;1;;;1;;;0;0;0;0;0;1;1;0;1;0;;2.9;1
INFOMED;2014;540001096;570010181;;;1;;;1;;;1;;;1;0;0;0;0;0;0;;;0;0;;1.7;0.4
INFOMED;2014;540001104;540000882;;;1;;;1;;;1;;;;0;0;0;0;0;0;0;0;0;0;;0.15;0.1
INFOMED;2014;540001138;540023264;;;1;;;;;;;;;;;;;;;1;;1;0;1;;;
INFOMED;2014;540001286;540003019;;1;;;;;;;;;;;0;0;0;0;0;1;1;1;0;0;;2.75;0.5
INFOMED;2014;540002698;540023264;;;1;;;;;;1;;;1;1;;;;;1;;1;0;1;;;
INFOMED;2014;540003043;540023264;;;;;;;;;1;;;;1;0;0;0;0;1;0;1;0;0;;25.21;5.85
INFOMED;2014;540005196;540008398;;;;;;;;1;;;;;0;0;0;0;0;1;1;0;0;0;;0.5;0.07
INFOMED;2014;540006665;540019007;;;;;;;;;1;;;;0;0;0;0;0;1;1;0;0;1;540000148;;0.2
INFOMED;2014;540009412;540019726;;;;;;;1;;;;;;0;0;0;0;0;1;1;1;0;0;;0.6;0.1
INFOMED;2014;540009701;540019726;;;;;;;1;;;;;;0;0;0;0;0;1;1;1;0;0;;1.3;0.25
INFOMED;2014;540010568;540010519;;;;;;1;;;;;;;0;0;0;0;0;1;0;0;0;0;;0.1;0.5
INFOMED;2014;540013224;540000536;;;1;;;;;;;;;;0;0;0;0;0;0;1;0;1;0;;1.8;0.2
INFOMED;2014;540013737;540019726;;;;;;;1;;;;;;0;0;0;0;0;1;1;1;0;0;;0.75;0.15
INFOMED;2014;540014073;540000056;;;;;;;;;;1;;;0;0;0;0;0;1;1;0;0;1;540000114;3;0.45
INFOMED;2014;540020146;540006707;;;;;1;;1;;;;;;0;0;0;0;0;1;1;1;1;0;;0.23;
INFOMED;2014;550000012;550006795;;1;;1;;;;1;;1;;;0;0;0;0;0;0;;;0;0;;7.14;0.9
INFOMED;2014;550000038;550000046;;;1;;;;;;1;;;;0;0;0;0;0;1;1;0;0;1;550003354;1;
INFOMED;2014;550000178;550000293;;;1;;;;;;;;;;0;0;0;0;0;0;0;0;0;0;;0.51;0.3
INFOMED;2014;550000251;550000095;;;;;;;;;;1;;;0;0;0;0;0;1;0;0;1;1;550000434;0.75;0.2
INFOMED;2014;550000434;550003354;;1;;1;;;;1;;;;;0;0;0;0;1;1;1;0;0;0;;4;1
INFOMED;2014;560000127;560023210;1;;;;;;1;;;;;;0;0;0;0;0;0;0;0;0;0;;5.84;1.5
INFOMED;2014;560000135;560005746;;;1;;;;;;;;;;0;0;0;0;1;1;1;0;1;0;;8.96;2.6
INFOMED;2014;560000143;560014748;;1;;;;;;1;;;;;0;0;0;0;0;1;1;;1;0;;4;1.6
INFOMED;2014;560000184;560006017;;;1;;;;;;1;;;;0;0;0;0;0;0;1;0;0;0;;1.55;0.35
INFOMED;2014;560000192;560000044;1;;;1;;;;;;;;;0;0;0;0;0;1;1;0;1;0;;4;0.9
INFOMED;2014;560000242;560022246;;;;;;;;;;;1;;0;0;1;1;1;1;1;1;0;0;;0.2;0.1
INFOMED;2014;560000275;560005746;;;;;;;1;;;;;;0;0;0;0;0;1;1;0;1;0;;1;0.1
INFOMED;2014;560000382;560002032;;;;;;;;;;1;;;0;0;0;0;0;1;1;0;0;0;;3;0.5
INFOMED;2014;560000408;560002065;;;1;;;;;;1;;;;0;0;0;1;1;1;1;0;0;0;;;0
INFOMED;2014;560000465;560002198;;1;;;;;;1;;;;;0;0;1;1;1;1;1;0;1;0;;0.5;
INFOMED;2014;560000473;560002206;;;;;;;;;1;;;;0;0;0;1;1;;;;;;;;
INFOMED;2014;560000499;560002222;;;;;;;;1;;;;;0;0;0;1;1;1;1;0;0;1;350006763;0.2;
INFOMED;2014;560000697;560002677;;;;;;;;;;1;;;0;0;0;0;0;1;1;0;0;1;560000382;2;0.5
INFOMED;2014;560002024;560006074;;;;;;;1;;;;;;0;0;0;0;0;1;1;0;0;0;;1.5;0.5
INFOMED;2014;560002511;560000689;;;;;;;;;;;;;0;0;0;0;1;0;0;0;0;0;;1;0.4
INFOMED;2014;560002685;750043713;;;;;;;;;;;;1;0;0;0;0;0;1;;;1;0;;0.09;0.01
INFOMED;2014;560002933;560006074;;;1;;;;;;;;;;0;0;0;0;1;0;0;0;0;1;;1.98;0.26
INFOMED;2014;560002974;830013678;;;;;;;;1;;;;;0;0;0;1;1;0;0;0;0;0;;0.5;0.15
INFOMED;2014;560003055;440042844;;;;;;;;;1;;;;0;0;0;0;0;0;;;0;0;;0.1;0.1
INFOMED;2014;560004277;750721029;;;;;;;;;;;;1;0;1;1;0;0;0;;;0;0;;0;0
INFOMED;2014;560006991;220017974;;;;;;;;;;;1;;0;0;0;0;0;1;1;0;1;;220017974;0.35;0.1
INFOMED;2014;560007510;560001307;;;1;;;;;;;;;;0;0;0;0;0;0;;;1;1;;1;
INFOMED;2014;560008799;560013989;;;1;1;;;;;;;;;;;;;1;1;1;0;0;0;;3.5;0.6
INFOMED;2014;560012122;560002677;;;;;;;;;;1;;;0;0;0;0;0;1;1;0;0;;560000382;2;0.5
INFOMED;2014;560018509;560018459;;;;;;1;;;;;;;0;0;0;0;1;0;0;0;1;0;;0.7;0.1
INFOMED;2014;570000059;570025254;;1;;;;;;1;;;;;0;0;0;1;1;0;0;0;0;0;;3.41;0.88
INFOMED;2014;570000083;570000729;;;1;;;;;;;;;;0;0;0;0;0;0;0;0;1;0;;2;1
INFOMED;2014;570000091;750050759;;;1;;;1;;;1;;;;0;0;0;0;0;1;1;0;0;0;;2.25;1
INFOMED;2014;570000109;570000034;;;;;;;1;;;;;;0;0;0;0;0;1;0;1;0;0;;1;0.5
INFOMED;2014;570000117;570015099;;1;;;1;;;;;;;;0;0;0;0;1;1;0;1;0;0;;3.5;0.4
INFOMED;2014;570000216;570010173;;1;;;;;;1;;;;;0;0;0;0;0;1;1;0;0;1;570010181;2.71;0.3
INFOMED;2014;570000281;570005165;1;;;1;;;1;;;1;;;0;0;0;0;0;1;1;0;1;0;;0.9;0.4
INFOMED;2014;570000349;570005165;1;;;;;;1;;;1;;;0;0;0;0;0;1;1;0;1;0;;2.9;0.8
INFOMED;2014;570000356;570000919;;;1;;;;;;1;;;;1;0;1;1;1;1;1;0;0;0;;1.5;0.5
INFOMED;2014;570000364;570011569;;;1;;;;;;;;;;0;0;0;0;0;1;1;0;0;1;570000646;1;0.2
INFOMED;2014;570000380;570000034;;;;;;;1;;;;;;0;0;0;0;0;1;0;1;0;0;;1;0.5
INFOMED;2014;570000448;750050759;;;;;;;1;;;;;;0;0;0;0;0;0;0;0;0;0;;0.2;0.15
INFOMED;2014;570000455;570010173;;1;;;;;;1;;;;;0;0;1;0;0;0;0;0;0;1;570000976;0.3;0.05
INFOMED;2014;570000547;540019726;;;;;;;1;;;;;;0;0;1;1;1;0;;;0;1;540009701;;
INFOMED;2014;570000562;570011353;;1;;;;;;1;;;;;0;0;1;1;1;0;;;0;;;;
INFOMED;2014;570000596;750821092;1;;;;;;1;;;1;;;0;0;0;0;0;1;1;0;1;0;;4;1
INFOMED;2014;570000646;570001115;;;1;;;;;;;;;;0;0;0;0;1;1;1;0;1;1;;4.79;0.83
INFOMED;2014;570000794;930019484;;;;;;;;;1;;;;0;0;1;1;1;0;0;0;0;1;570001057;0.2;0
INFOMED;2014;570000885;570000133;;;;;;;;;;1;;;0;0;0;0;0;1;1;0;0;0;;;
INFOMED;2014;570000893;570000141;;;;;;;;;;1;;;0;0;0;0;0;1;1;1;0;0;;2.76;0.2
INFOMED;2014;570000901;570000158;1;;;1;;;;;;;;;0;0;0;0;1;1;1;0;1;0;;2.6;0.6
INFOMED;2014;570000950;570000398;;;1;;;;;;1;;;;0;0;0;1;1;1;1;0;0;0;;1.23;0.2
INFOMED;2014;570000968;570000430;;;1;;;1;1;;;;;;0;0;1;1;1;1;0;0;1;1;570026682;1;
INFOMED;2014;570001016;570000513;;;;;;;;;;1;;;0;0;0;0;0;1;1;0;0;0;;3;0.5
INFOMED;2014;570002287;570001230;;;;;;;;;;1;;;0;0;0;0;0;0;0;0;;0;;0.05;0.01
INFOMED;2014;570003079;570010181;;1;;;;;;1;;;;;0;0;0;0;1;0;0;0;1;0;;0.3;0.2
INFOMED;2014;570003103;540019726;;;;;;;;1;;;;;0;0;0;0;0;0;;;0;0;;0.6;0.1
INFOMED;2014;570005215;570005165;1;;;;;;1;;;;;;0;0;0;0;0;1;1;0;1;0;;0.2;0.1
INFOMED;2014;570009670;570000307;;;1;;;;;;1;;;;0;0;0;0;0;1;0;0;0;1;540001104;2;0.09
INFOMED;2014;570012369;570011387;;;;;;;;;1;;;;0;0;1;1;0;0;;;;0;;;
INFOMED;2014;570012633;540019726;;;;;;;;;1;;;;0;0;0;0;0;0;0;0;0;1;540009701;0.5;
INFOMED;2014;570015750;570005165;;;;;;;;;;1;;;0;0;0;0;0;1;1;0;1;0;;0.2;0.1
INFOMED;2014;570023309;570023283;;;;;;;;;;;1;;0;0;0;0;0;0;0;0;0;0;;0.04;0.01
INFOMED;2014;570026252;570023630;;;1;1;;;1;;;1;;;0;0;0;0;1;0;0;0;1;0;;7.3;2.21
INFOMED;2014;570026682;570005165;1;;;;;;1;;;;;;0;0;0;0;0;1;1;0;1;0;;4.4;0.8
INFOMED;2014;580780138;580000024;;;1;;;;;;;;;;0;0;0;1;1;0;0;0;1;0;;1.5;0
INFOMED;2014;580780187;580000057;;;;;;;;;1;;;;0;0;0;0;0;1;1;;;0;;0.3;0.1
INFOMED;2014;580780195;580005148;;1;;;;;;;;;;;1;0;0;0;0;0;;;1;1;580780195;1;0.1
INFOMED;2014;580780237;580000099;;;;;;;;;;1;;;0;0;0;0;0;1;0;1;0;0;;0.25;0
INFOMED;2014;580971349;580002129;;;;;;;;;1;;;;0;0;0;0;0;1;1;1;1;0;;0.22;0.11
INFOMED;2014;580972008;580000628;;;;;;;;;1;;;;0;0;0;0;0;0;0;0;0;0;;1;0.1
INFOMED;2014;580972610;580780054;;;1;;;;;;1;;;;1;1;1;1;1;0;0;0;;;;;
INFOMED;2014;580972636;580780971;;;;;;;;;;1;;;0;0;0;0;0;0;0;0;0;0;;1;0.1
INFOMED;2014;580972644;580781136;;;1;;;;;;1;;;;0;0;0;0;0;0;;;0;0;;0.1;0.25
INFOMED;2014;580972669;580780070;1;;;1;;;;;;;;;0;0;0;0;0;0;0;0;;0;;0.5;
INFOMED;2014;580972677;580780088;;1;;;;;1;;;;;;0;0;1;1;1;1;1;1;1;0;;1.9;
INFOMED;2014;580972685;580780096;;1;;;;;;1;;;;;0;0;0;0;0;0;;;1;1;210780581;2.17;0.1
INFOMED;2014;580972693;580780039;1;;;;;;1;;;1;;;0;0;0;0;0;1;1;0;0;0;;3.8;0.93
INFOMED;2014;590000014;590780052;;1;;;;;;1;;;1;;0;0;0;0;0;0;;;1;1;590000592;0.4;0.05
INFOMED;2014;590000097;590780185;;;;;;;;;1;;;;0;0;0;0;0;0;0;0;0;1;620000224;1;0.2
INFOMED;2014;590000105;590780193;;;;;;;;;;;;;;;;;;;;;;;;1;0.79
INFOMED;2014;590000113;590053120;;;;;;;1;;;;;;0;0;0;0;0;1;0;0;0;1;590000121;0.5;0.2
INFOMED;2014;590000121;590780227;1;;;;;;1;;;;;;0;0;0;0;0;1;1;1;0;0;;2.9;1.8
INFOMED;2014;590000188;590780334;;;1;;;;;;;;;;0;0;0;0;0;1;1;1;0;0;;6.5;1.17
INFOMED;2014;590000337;590781415;;1;;;;;1;;;;;;0;0;0;0;0;0;0;0;0;0;;8;1.9
INFOMED;2014;590000428;590781605;;;1;;;;;;1;1;;;0;0;0;0;0;1;0;0;0;0;;5.53;1.25
INFOMED;2014;590000436;590781621;;;1;;;;;;1;;;;0;0;0;0;0;1;1;0;1;0;;2.48;0.2
INFOMED;2014;590000451;590781647;;;;;;;;1;;;;;0;0;1;1;1;0;0;0;0;1;590781803;0;0.03
INFOMED;2014;590000469;590781662;;1;;;;;;;1;;;1;0;0;0;1;1;1;1;;1;;;1.8;0.8
INFOMED;2014;590000477;590781670;;;1;;;;;;1;;;;0;0;0;0;0;1;1;0;0;0;;0.86;0.2
INFOMED;2014;590000527;590781795;;1;;;;;;1;;;;;0;0;0;0;0;1;1;1;1;1;590781803;1;0.1
INFOMED;2014;590000535;590781803;;;1;;;;;;;;1;;0;0;0;0;0;0;;;0;0;;3.51;2.1
INFOMED;2014;590000543;590781811;1;;;;;;1;;;;;;1;0;1;1;1;0;0;0;1;1;590781803;1;0.3
INFOMED;2014;590000592;590782165;;;1;;;1;;;1;;;1;0;0;0;0;0;1;1;0;0;0;;6.4;1
INFOMED;2014;590000600;590782207;;;1;;;;1;;;1;;;0;0;0;0;0;0;0;0;0;1;590782421;0.88;0.3
INFOMED;2014;590000618;590782215;1;;;;;;1;;;1;;;0;0;0;1;1;1;1;0;0;0;;4.07;1.16
INFOMED;2014;590000691;590782439;;;1;;;;;;1;;;;0;0;0;0;0;0;0;0;0;1;590781902;1;0.1
INFOMED;2014;590000758;590782637;;1;;;;;;1;;;;;0;0;0;0;0;0;;;1;1;590782645;3.8;0.85
INFOMED;2014;590000766;590782645;;;1;;;;;;1;;;;0;0;0;0;0;0;0;0;0;1;590782637;0.5;0
INFOMED;2014;590000774;590782652;;1;;1;;;;1;;;;;0;0;0;0;0;1;1;0;1;0;;1;1
INFOMED;2014;590000782;590782660;;;;;;;;;;1;;;0;0;0;0;0;1;1;0;0;0;;7.39;0.5
INFOMED;2014;590000790;590782678;;;;;;;;;;1;;;0;0;0;0;0;0;0;0;0;0;;2;0.5
INFOMED;2014;590001004;590783239;;1;;;;;1;;;;;1;0;0;0;0;0;0;0;0;0;0;;6.3;1.5
INFOMED;2014;590001418;590034740;;;;;;;;;;1;;;0;0;0;0;0;1;0;0;0;0;;1.8;0.8
INFOMED;2014;590001442;590784245;;;;;;;1;;;;;;0;0;0;0;0;0;0;0;0;1;590781415;1;0.2
INFOMED;2014;590001582;590785663;;;;;;;;1;;;;;0;0;1;1;1;0;0;0;0;1;590804696;0.1;0.1
INFOMED;2014;590001749;590788956;1;;;;;;1;;;;;;0;0;0;0;0;0;;0;;0;;1.2;0.3
INFOMED;2014;590006607;590780193;;;;;;;;;;;;;;;;;;;;;;;;1;0.48
INFOMED;2014;590006896;590000519;;1;;;;;;;;;;;0;0;0;0;;0;;;0;1;590006896;1;0.2
INFOMED;2014;590008041;590008033;;;1;;;;;;1;;;;;;;;;;;;;;;3;0.5
INFOMED;2014;590034732;590000675;;;;;;;;1;;;;;0;0;0;0;0;1;1;0;;0;;;
INFOMED;2014;590040267;590782678;;;;;;;1;;;;;;0;0;0;0;0;0;0;0;0;0;;2;0.5
INFOMED;2014;590049565;780020715;;;1;;;;;;1;;;;0;0;0;0;0;0;0;0;0;1;920300845;;0.4
INFOMED;2014;590052056;590051801;;;1;;;;;;;;;;0;0;0;0;0;0;;;0;0;;7.67;0.1
INFOMED;2014;590053955;590053955;;;;;;;;;;;;1;0;0;0;0;0;0;;;1;0;;1;1
INFOMED;2014;590780060;590000022;;;1;;;;;;;;;;0;0;0;0;0;0;;;0;0;;1.2;0.1
INFOMED;2014;590780128;590000063;;;;;;;;;1;;;;0;0;0;0;0;0;;;0;0;;0.5;0.2
INFOMED;2014;590780250;590053955;;;1;;;;;;;;;;0;0;0;0;0;0;;;1;0;;2;1
INFOMED;2014;590780268;590053955;;;1;;;;;;;;;;0;0;0;0;0;0;0;0;1;0;;5;1
INFOMED;2014;590780284;590051801;1;;;;;;1;;;;;;0;0;0;0;0;0;;;;0;;4.36;0.45
INFOMED;2014;590780342;590053955;;;1;;;;;;;;;;0;0;0;0;0;0;;;1;0;;1;1
INFOMED;2014;590780383;590000204;1;;;;;;;;;;;;0;0;0;0;0;1;1;1;1;0;;3.5;0.5
INFOMED;2014;590781571;590000402;;;1;;;;;;;;;;0;0;0;0;0;1;1;0;1;0;;0.7;0
INFOMED;2014;590781951;590053955;;;1;;;;;;1;;;;0;0;0;0;0;0;;;1;0;;3;1
INFOMED;2014;590782181;590039863;;;;;;;;;1;;;;0;0;0;0;0;0;;;;0;;0.25;0.05
INFOMED;2014;590782256;590000659;;;1;;;;;;;;;;0;0;0;0;0;0;0;0;0;0;;0.5;0.1
INFOMED;2014;590782280;590004552;;;;;;;;;1;;;;0;0;0;0;0;;;;;;;0.5;0.15
INFOMED;2014;590782298;590000675;;;1;;;;;;1;;;;;;;;;;;;;;;2.5;0.5
INFOMED;2014;590782496;590000139;;;1;;;;;;1;;;;0;0;0;0;0;0;;;1;0;;0.5;1
INFOMED;2014;590782546;590000733;;;1;;;;;;1;;;;0;0;1;1;1;1;1;1;1;0;;0.9;0.5
INFOMED;2014;590782611;750719239;;;;;;;;1;;;;;0;0;0;0;0;1;0;0;1;0;;0.7;0.57
INFOMED;2014;590783189;590004552;;;;;;;;;1;;;;0;0;0;0;0;0;0;0;0;0;;0.7;0.15
INFOMED;2014;590784484;590001467;;;1;;;;;;;;;;0;0;0;0;0;1;1;0;0;0;;0.26;0
INFOMED;2014;590785424;930019484;;;;;;;1;;;;;;0;0;0;0;0;0;;;;0;;0.2;0.11
INFOMED;2014;590786984;620020859;;;;;;;;;1;1;;;0;0;0;0;0;1;0;1;0;0;;0.65;0.09
INFOMED;2014;590787586;590780193;;;;;;;;;;;;;;;;;;;;;;;;2.08;1
INFOMED;2014;590788964;590001756;;1;;;;;;;;;;;0;0;0;0;0;1;1;0;0;1;590788964;2;0.2
INFOMED;2014;590790473;620020859;;;;;;;;1;;;;;0;0;0;0;0;1;0;1;0;0;;0.6;0.09
INFOMED;2014;590790655;590002218;;;1;;;;;;;;;;0;0;0;0;0;0;;;0;0;;;
INFOMED;2014;590796975;590780193;;;;;;;;;;;;;;;;;;;;;;;;13.11;4
INFOMED;2014;590797346;620020859;;;;;;;;;1;;;;0;0;0;0;0;0;0;1;0;0;;0.55;0.06
INFOMED;2014;590797353;590051801;1;;;;;;1;;;1;;;0;0;0;0;0;0;0;;0;0;;2.53;0.45
INFOMED;2014;590797387;590805628;;;;;;;;;1;;;;0;0;0;0;0;0;0;0;0;0;;0.35;1
INFOMED;2014;590801106;590782421;;1;;;;;1;;;;;;0;0;0;0;0;1;1;0;0;0;;7.7;1.7
INFOMED;2014;590804696;590781902;;;1;;;;;;1;;;;0;0;0;0;0;1;1;0;0;0;;5.61;1
INFOMED;2014;590806360;590003596;;;1;;;;;;1;;;;0;0;0;0;0;1;0;1;1;0;;0.49;0.19
INFOMED;2014;590809703;590004552;;;;;;;;;1;;;;0;0;0;0;0;0;0;0;0;0;;1;0.3
INFOMED;2014;590810784;590004685;;;;;;;;;1;;;;0;0;0;0;0;0;0;0;0;0;;;
INFOMED;2014;590811279;590780193;;;;;;;;;;;;;;;;;;;;;;;;3;1.45
INFOMED;2014;590813176;590005278;;;1;;;;;;;;;;0;0;0;0;0;0;0;0;0;0;;0.1;0.1
INFOMED;2014;590813382;590000386;;;1;;;;;;;;;;0;0;0;0;0;1;1;0;0;0;;3;0.4
INFOMED;2014;590813507;590000485;;;1;;;;;;1;;;;0;0;0;0;0;1;1;0;0;1;590813507;2;0.2
INFOMED;2014;590815056;590005492;;;1;;;;;;1;;;;0;0;0;0;0;0;0;0;0;0;;3;0.4
INFOMED;2014;590816310;590000048;;;1;;;;;;;;;;0;0;0;0;;0;0;0;0;0;;1;0.2
INFOMED;2014;590817458;590053955;;;1;;;;;;;;;;0;0;0;0;0;0;0;0;1;0;;1.5;1
INFOMED;2014;590817839;590053955;;;1;;;;;;1;;;;0;0;0;0;0;0;;;1;0;;2;1
INFOMED;2014;600000012;600100028;;;;;;;;;;1;;;0;0;0;0;0;0;0;0;0;0;;3.33;0.92
INFOMED;2014;600000020;600100085;;;;;;;;;1;;;;0;0;0;0;0;0;0;0;0;0;;0.01;0.01
INFOMED;2014;600000053;600101984;1;;;;;;1;;;;;;0;0;0;0;0;0;0;0;0;0;;3;0.41
INFOMED;2014;600000152;600100572;;;1;;;;;;1;;;;0;0;0;0;0;0;0;0;0;0;;0.4;0.1
INFOMED;2014;600000186;600100648;;;1;;;;;;1;;;;0;0;0;0;0;0;0;0;1;0;;2;0
INFOMED;2014;600000194;600100713;;1;;1;;;1;;;;;;0;0;0;0;1;0;0;0;0;0;;9.6;0.7
INFOMED;2014;600000467;600101984;1;;;;;;1;;;;;;0;0;0;0;0;0;0;0;0;0;;2.8;1.02
INFOMED;2014;600008643;600008635;;;1;;;;;;;;;;0;0;0;0;0;1;1;1;0;0;;0.2;0.1
INFOMED;2014;600100101;750712184;;;1;;;;;;1;;;;0;0;0;1;0;0;;;0;0;;;0.1
INFOMED;2014;600100176;600010581;;;1;;;;;;;;;;0;0;0;1;1;0;0;0;0;0;600100184;0.8;0.2
INFOMED;2014;600100184;600010276;;;1;;;;;1;;;;;0;0;0;1;1;0;0;0;0;1;;0.8;0.2
INFOMED;2014;600100275;600000111;;;;;;;1;;;;;;0;0;0;0;0;1;1;1;1;1;;1;0.1
INFOMED;2014;600100283;750710428;;;;;;;;1;;;;;0;0;0;1;0;0;0;0;0;0;;0.5;0.04
INFOMED;2014;600100309;750721334;;;;;;;;;1;;;;0;0;0;1;1;0;0;0;0;1;;0.5;
INFOMED;2014;600100671;750034589;;;;;;;;;1;;;;0;0;0;0;0;1;1;1;1;1;750034589;0.8;0
INFOMED;2014;600100754;600000228;;;1;;;;;;1;;;;0;0;0;0;1;0;0;0;1;0;;2.6;0.3
INFOMED;2014;600100796;750720609;;;;;;;;;1;;;;0;0;0;0;0;0;0;0;0;1;600101943;0.4;0.2
INFOMED;2014;600100861;440052041;;;;;;;;;1;;;;0;0;0;0;0;0;0;0;1;1;440052041;1;0.2
INFOMED;2014;600101679;590039863;;;;;;;;1;;;;;1;0;0;0;0;1;1;0;0;0;;0;0.4
INFOMED;2014;600101687;600010037;;;;;;;;;1;;;;0;0;0;0;;1;0;0;0;0;;0.5;1
INFOMED;2014;600101943;750720609;;;;;;;1;;;;;;0;0;0;0;0;0;;;1;1;600101943;0.5;0.7
INFOMED;2014;600110175;600001234;;1;;;;;;;;;;;0;0;0;0;0;0;0;0;0;1;800009466;0.8;0.2
INFOMED;2014;600113476;600100721;;;1;1;;;;1;;;;;0;0;0;0;1;0;0;0;0;0;;5.23;1.29
INFOMED;2014;610000028;610780025;;;;;;;;;;1;;;0;0;0;0;0;1;0;1;0;0;;0.8;0.5
INFOMED;2014;610000044;610780074;;1;;;;;;;1;;;;0;0;0;1;1;0;0;0;1;0;;2;0
INFOMED;2014;610000051;610780082;1;;;;;;1;;;;;;0;0;0;0;0;1;1;1;0;0;;4.3;1.7
INFOMED;2014;610000069;610780090;;;1;;;;;;1;;;;0;0;0;1;1;1;1;0;1;0;;2.47;
INFOMED;2014;610000077;610780124;1;;;;;;1;;;;;;0;0;0;0;0;1;0;0;1;0;;0.5;0.2
INFOMED;2014;610000085;610780132;;;;;;;;1;;;;;0;0;0;0;0;0;;;1;1;720001437;0.5;0.05
INFOMED;2014;610000093;610780140;;;1;;;;;;1;;;;0;0;0;0;0;0;0;0;0;1;;0.2;0.05
INFOMED;2014;610000101;610780157;;1;;;;;;1;;;;;0;0;0;0;0;1;1;1;1;;;;
INFOMED;2014;610000119;610780165;;;1;;;1;;;;;;1;1;0;1;1;1;0;0;0;1;0;;2;0.4
INFOMED;2014;610006371;610000135;;;;;1;;;;;;;;0;0;1;1;1;0;0;0;0;0;;0.5;0
INFOMED;2014;610006421;610006413;;;;;;;;;;;;;0;0;0;0;0;0;0;0;0;0;;2;0.25
INFOMED;2014;610780116;610790594;;1;;;;;;1;;;;;1;0;0;1;1;0;;;1;1;;2;0
INFOMED;2014;610780199;610000135;;1;;;;;;;;;;;1;0;0;1;1;0;0;0;1;0;;1.8;0.1
INFOMED;2014;610780371;760025734;;;;;;;;;1;;;;0;0;0;0;0;1;1;1;0;0;;0;0.12
INFOMED;2014;610780389;610004939;;;;;;;;1;;;;;0;0;0;1;1;0;0;0;0;1;140027681;0.3;
INFOMED;2014;610784423;610787285;;;;;;;;;1;;;;0;0;0;0;0;0;;;0;0;;0.4;0.3
INFOMED;2014;620000026;620003814;;;1;;;;1;;;;;;0;0;0;0;0;0;0;0;0;0;;5;2
INFOMED;2014;620000034;620100057;1;;;;;;1;;;1;;;0;0;0;0;0;0;0;0;1;0;;3;0.5
INFOMED;2014;620000059;620100073;;;;;;;1;;;1;;;0;0;0;0;0;1;0;1;1;0;;0.5;0.13
INFOMED;2014;620000067;620100081;;;;;;;;1;;;;;0;0;1;1;1;0;0;0;1;0;;0.3;
INFOMED;2014;620000224;620100651;1;;;;;;1;;;;;;0;0;0;0;0;1;0;0;0;0;;4.33;2
INFOMED;2014;620000232;620100669;;;;;;;1;;;;;;0;0;0;0;0;1;;0;0;1;590000121;0.2;0.2
INFOMED;2014;620000240;620100677;;1;;;;;;1;;1;;;0;0;0;1;1;0;0;0;0;0;;2;0.2
INFOMED;2014;620000257;620100685;;1;;;;;1;;;1;;;0;0;0;0;0;0;0;0;1;0;;5.64;1.57
INFOMED;2014;620000281;620101287;;;;;;;;;;;1;;0;0;0;0;0;0;0;0;0;0;;2;0.5
INFOMED;2014;620000323;620101337;1;;;;;;1;;;1;;;0;0;0;0;0;0;;;0;0;;4;1
INFOMED;2014;620000349;620101360;;1;;;;;;1;;;;;0;0;0;0;1;0;;;0;0;620101360;2.45;0.5
INFOMED;2014;620000653;620103440;1;;;;;;1;;;1;;;0;0;0;0;0;0;0;0;1;0;;2.7;1
INFOMED;2014;620001834;620001834;;;;;;;;;;;;1;0;0;1;0;0;0;;;;0;;0.5;
INFOMED;2014;620003202;620103432;1;;;;;;1;;;1;;;0;0;0;0;0;1;1;0;0;0;;3;1.3
INFOMED;2014;620003350;620001834;1;;;;;;1;;;;;;0;0;0;0;0;0;0;0;0;0;;2;0.3
INFOMED;2014;620003376;620001834;;;1;;;;;;;;;;0;0;0;1;1;0;0;0;0;0;;4.85;0.43
INFOMED;2014;620006049;620000331;;;1;;;;;;;;;;1;1;1;1;1;0;;;;0;;2.52;0.2
INFOMED;2014;620010348;620018473;;;;;1;;;;;;;;0;0;1;1;1;1;0;0;0;0;;;
INFOMED;2014;620012948;620000265;;;;;;;;;1;;;;0;0;0;0;0;;;;;;;;
INFOMED;2014;620013649;620013599;;;;;1;;;;;;;;0;0;1;1;1;1;0;0;;0;;1;0.15
INFOMED;2014;620024208;620002352;;;1;;;;;;;;;;0;0;0;0;0;1;1;0;0;0;;0.01;0
INFOMED;2014;620025346;620001834;1;;;;;;1;;;;;;0;0;0;0;1;0;0;0;0;0;;2.85;0.2
INFOMED;2014;620026690;620027839;;;1;;;;;;;;;;0;0;0;1;1;0;0;0;0;0;;0.2;0
INFOMED;2014;620100016;750712184;;;;;;;;1;;;;;0;0;0;0;0;1;0;0;0;0;;0.2;0.1
INFOMED;2014;620100099;620014779;;;1;;;;;;1;;;;0;0;0;0;0;0;0;0;0;0;;3.5;0.25
INFOMED;2014;620100487;620000125;;;1;;;;;;1;;;;1;0;1;1;1;0;0;0;0;0;;3.2;0.2
INFOMED;2014;620100495;620000133;;;;;;;;1;;;;;1;0;0;1;1;1;1;0;0;0;;0.3;0.1
INFOMED;2014;620100735;620000265;;;1;;;;;;;;;;0;0;0;0;0;0;0;0;0;0;;1.5;0.07
INFOMED;2014;620100750;620000273;;;1;;;;;;;;;;0;0;0;;0;;1;0;1;0;;1.21;0.12
INFOMED;2014;620100842;620001834;;;;;;;1;;;;;;0;0;0;0;0;1;0;1;1;0;;0.6;0.1
INFOMED;2014;620101311;620027763;;;1;;;;;;1;;;;0;0;0;0;0;1;1;0;0;1;620118513;1.5;0.3
INFOMED;2014;620101501;620000364;;;1;;;;;;;;;;0;0;0;0;0;0;0;0;0;1;330641713;3;0.2
INFOMED;2014;620102954;620020859;;;;;;;;;1;;;;0;0;0;0;0;1;0;1;;;;0.2;0.09
INFOMED;2014;620105940;620000950;;;1;;;;;;1;;;;0;0;0;0;0;0;;;1;0;;1;0.1
INFOMED;2014;620105973;590039863;;;;;;;1;;;1;;;0;0;0;0;0;1;0;0;1;0;;0.5;0.05
INFOMED;2014;620105981;620000968;;;;;;1;;;;;;;0;0;0;0;0;0;0;0;0;0;;;
INFOMED;2014;620106088;620000976;;;;;;;;;1;;;;0;0;0;0;0;0;0;0;0;0;;;
INFOMED;2014;620106203;620020859;;;;;;;;;1;;;;0;0;0;0;0;1;0;1;0;0;;0.5;0.09
INFOMED;2014;620116046;620002311;;;1;;;;;;;;;;0;0;0;1;1;0;0;0;1;1;;0.25;0.1
INFOMED;2014;620117606;620020859;;;;;;;;;1;;;;0;0;0;0;0;1;0;1;0;0;;0.6;0.08
INFOMED;2014;620118513;620002915;;;1;;;;;1;;;;;0;0;0;0;0;1;1;0;0;1;620101311;3;0.7
INFOMED;2014;630000016;630180032;;1;;;;;;1;;;;;0;0;0;0;0;;;;;;;0;
INFOMED;2014;630000131;630003168;;;;;;;1;;;;;;0;0;0;0;0;1;0;1;0;0;;0;0.5
INFOMED;2014;630000149;630780302;;;;1;;;;;;;;;0;0;1;1;1;0;0;0;0;1;630780989;0.25;0.1
INFOMED;2014;630000404;630780989;1;;;;;;1;;;1;;;0;0;0;0;1;1;0;1;1;0;;5.9;3.75
INFOMED;2014;630000412;630780997;;;1;;;;;1;;;1;;0;0;0;0;0;1;0;1;0;0;;0.8;0.2
INFOMED;2014;630000420;630781003;1;;;;;;;;;;;;0;0;0;0;0;1;1;1;0;0;;1;0.7
INFOMED;2014;630000438;630781011;;1;;;;;;;;;;;0;0;;;;0;0;;1;1;630000404;2;
INFOMED;2014;630000446;630781029;;1;;;;;;1;;1;;;0;0;0;0;0;0;0;;1;1;630000412;2;0.4
INFOMED;2014;630000479;630781110;;1;;;;;;;;;;;0;0;0;0;0;1;1;0;0;0;;2.78;1.18
INFOMED;2014;630000487;630781136;;;;;;;1;;;;;;0;0;0;0;0;0;0;0;0;0;;;0.1
INFOMED;2014;630000560;630781367;;1;;;;;;1;;;;;0;0;0;0;0;0;0;0;0;0;;0.1;
INFOMED;2014;630008118;630011153;;;;;;1;;;;;;;0;0;0;0;0;1;0;1;0;0;;1;0.4
INFOMED;2014;630010296;630001188;;;;;;1;;;;;;;1;0;0;1;0;1;0;1;0;0;;;0.1
INFOMED;2014;630011823;870015336;;;;;;;;;1;;;;0;0;0;0;0;1;0;0;1;0;;0.3;0.1
INFOMED;2014;630780179;630011534;;;;;;;;1;;;;;0;0;0;0;0;1;1;1;0;0;;0.7;0.12
INFOMED;2014;630780195;630786754;;;;;;;;;;1;;;0;0;0;0;0;1;1;0;0;0;;4;0.5
INFOMED;2014;630780310;630000156;;;;;;;0;0;1;;;;;;;;;1;1;;0;0;;0.76;
INFOMED;2014;630780369;630000164;;1;;;;;;;;;;;0;0;0;1;1;0;0;0;;1;;1;
INFOMED;2014;630780401;630000172;;;;;;;;;;;;1;0;0;0;0;0;1;1;1;1;0;;0.07;0.03
INFOMED;2014;630780526;630009991;;;;;;;1;;;;;;0;0;0;0;0;1;1;1;0;0;;0.1;0.1
INFOMED;2014;630780559;870015336;;;;;;;;;1;;;;0;0;0;0;0;1;0;0;1;;;0.3;0.1
INFOMED;2014;630781417;630000578;;;;;;;;;;;1;;1;0;0;0;0;;;;;0;;;
INFOMED;2014;630781755;630011518;;;;;;;1;;;;;;0;0;0;0;0;0;0;0;0;0;;0.5;0.25
INFOMED;2014;630781821;750043994;;;;;;;;;;;1;;0;0;0;0;0;0;0;0;1;1;750043994;0.2;0.1
INFOMED;2014;630781839;630000826;;1;;;;;;;;;;;0;0;0;0;0;0;;;0;1;630783108;3;0.6
INFOMED;2014;630783108;630000867;1;;;;;;;;;;;;1;1;1;1;1;0;0;0;0;1;;;
INFOMED;2014;640000162;640780417;1;;;1;;;1;;;1;;;0;0;0;0;0;1;1;1;1;0;;2.8;2.4
INFOMED;2014;640000402;640780813;;;1;1;;;;1;;;;;0;0;1;1;1;1;1;0;0;0;;1.8;1
INFOMED;2014;640000410;640780821;;1;;;;;1;;;;;;0;0;0;0;0;1;1;1;1;0;;2.8;0.2
INFOMED;2014;640000428;640780839;;;1;;;;;;1;;;;0;0;0;0;0;1;0;0;0;0;;0.1;0.1
INFOMED;2014;640000436;640780862;;;;;;;;;;1;;;0;0;0;0;0;1;1;1;0;0;;1.8;0.8
INFOMED;2014;640000600;640781290;;1;;1;;;;1;;;;;0;0;0;0;0;1;1;0;0;0;;2.6;1.87
INFOMED;2014;640005336;640017612;;;1;;;;;;;;;;0;0;0;0;0;1;1;1;0;0;;;
INFOMED;2014;640005591;750043994;;;;;;;1;0;0;;;;0;0;0;0;0;1;1;1;1;0;;0.1;0.1
INFOMED;2014;640010518;640010468;;;;;;;;1;;;;;0;0;1;1;1;0;;;0;;;0.3;0
INFOMED;2014;640013298;640011508;;;;;;1;;;;;;;0;0;0;0;0;1;1;1;1;0;;0.6;0.3
INFOMED;2014;640013520;640017612;;;1;;;;;;;;;;0;0;0;0;0;1;1;1;0;;;;
INFOMED;2014;640017224;640011839;1;;;;;;;;1;;;;1;1;1;1;0;0;0;0;0;0;;;2
INFOMED;2014;640017646;640017638;;;1;;;;;;;;;;0;0;0;0;0;0;0;0;0;1;640000162;1;0.3
INFOMED;2014;640017679;640017612;;;1;;;;;;;;;;0;0;0;0;0;1;1;1;0;0;;;
INFOMED;2014;640780185;640000089;;;;;;;;;1;;;;0;0;1;1;1;1;1;1;0;0;;0.78;0.1
INFOMED;2014;640780227;330056540;;;;;;;;;1;;;;0;0;0;0;0;1;0;1;1;0;;;
INFOMED;2014;640780268;640000113;;;1;;;;;;;;;;0;0;0;0;1;0;;;0;0;;1.23;0.35
INFOMED;2014;640780409;640000154;;;;;;;;;1;;;;0;0;0;0;0;1;1;0;0;0;;0.1;0.05
INFOMED;2014;640780433;640012209;;;1;;;;;;;;;;0;0;0;0;0;0;0;0;0;;;;
INFOMED;2014;640780482;640012209;;;1;;;;;;;;;;0;0;0;0;0;0;0;0;0;0;;3.71;0.9
INFOMED;2014;640780490;640000212;;1;;;;;;;1;;;;0;0;0;0;0;1;1;0;0;0;;2;0.25
INFOMED;2014;640780557;640000238;;;;;;;1;;;;;;1;1;0;1;1;1;1;1;0;0;;0.8;0.07
INFOMED;2014;640780623;640000287;1;;;;;1;1;;;1;;;1;0;1;1;1;0;;1;1;0;;;
INFOMED;2014;640780631;640000295;;;;;;;1;;;;;;1;1;0;0;1;0;0;0;0;;;0.4;0.18
INFOMED;2014;640780649;640000303;;;;;;;;;1;;;;0;0;0;0;0;0;;;0;0;;0.2;0.2
INFOMED;2014;640780672;640000337;1;;;;;;1;;;;;;1;0;0;1;1;1;0;1;0;0;;1;0.13
INFOMED;2014;640780714;750720427;;;;;;;;;1;;;;0;0;0;0;0;0;0;0;0;0;;0.2;0.2
INFOMED;2014;640780748;640000360;;;1;;;;;;;;;;1;1;1;1;1;0;;;;1;;4;0
INFOMED;2014;640780789;640012209;;;1;;;1;;;1;;;1;0;0;0;0;0;0;;;;1;;1;
INFOMED;2014;640780938;640000451;;;1;;;;;;;;;;0;0;1;1;1;1;1;0;1;0;;2;0.25
INFOMED;2014;640780946;640000469;;;1;;;;;;;;;;0;0;1;1;1;1;1;0;1;0;;3;0.25
INFOMED;2014;640780987;640000493;;;1;;;;;;;;;;0;0;0;1;1;1;1;0;1;1;;0.91;
INFOMED;2014;640781225;640000568;;;1;;;;;;1;;;1;0;0;0;0;0;1;1;1;1;0;;2.8;0.78
INFOMED;2014;640781308;640000618;;;1;;;;;;;;;;0;0;0;0;0;1;0;1;1;0;;0.5;0.1
INFOMED;2014;640781332;640017612;;;1;;;;;;;;;;0;0;0;0;0;1;1;1;0;0;;0.05;0.42
INFOMED;2014;640781399;640000683;;;;;;;;;;;;1;0;0;0;0;;0;0;0;1;0;;0.1;0.01
INFOMED;2014;640787149;640001681;;;;;;;;;1;;;;1;0;1;1;1;1;1;0;;0;;0.71;0.02
INFOMED;2014;640787156;640001699;;;1;;;;;;1;;;;0;0;0;1;1;1;1;0;1;0;;0.1;0.1
INFOMED;2014;640790150;750712184;;;;;;;;1;;;;;0;0;0;0;0;0;0;0;0;0;;2;0.5
INFOMED;2014;650000045;650780158;;;1;;;;;;1;;;;0;0;0;0;0;1;1;0;;0;;3;0.5
INFOMED;2014;650000052;650780166;1;;;1;;;1;;;;;;0;0;1;1;1;1;1;0;0;0;;0.5;
INFOMED;2014;650000060;650780174;;;;;;;;;;1;;;0;0;0;0;0;1;1;0;0;0;;0.5;0.3
INFOMED;2014;650000417;650783160;;1;;;;;;1;;;;;0;0;0;0;0;1;1;0;0;1;650780158;5.8;2
INFOMED;2014;650001779;650001738;;;;;;1;;;;;;;0;0;0;0;0;1;1;1;0;1;;;
INFOMED;2014;650002579;650000243;;;1;;;;;;1;;;;1;0;0;1;1;1;1;0;0;1;;1;
INFOMED;2014;650780398;750005068;;;;;;;;1;;;;;1;0;1;1;1;1;0;;0;0;;1.2;0
INFOMED;2014;650780679;650000243;;;1;;;;;;1;;;;1;0;0;1;1;1;1;0;0;0;;3;0.2
INFOMED;2014;650780729;650000276;;;;;;;;;;;;1;0;0;0;0;0;1;1;;0;;;0.15;0.1
INFOMED;2014;650784218;650780174;;;1;;;;;;;;;;0;0;0;0;0;1;1;0;0;0;;1.8;0.8
INFOMED;2014;660000084;660780180;1;;;1;;;1;;;;;1;0;0;0;0;0;1;0;0;0;;;10.53;1.75
INFOMED;2014;660000092;660780198;;;;;;;;;;1;;;0;0;0;0;0;1;1;0;0;0;;2;1
INFOMED;2014;660000605;660786799;;;;;;;1;;;1;;;0;0;0;0;0;0;0;0;0;1;660000084;2;0.5
INFOMED;2014;660005166;660786542;;;;;;;;;1;;;;0;0;0;0;0;1;0;0;0;0;;0.1;
INFOMED;2014;660005182;340000264;;;1;;;;;;;;;;0;0;0;0;0;0;0;0;0;0;;0.01;0.01
INFOMED;2014;660005190;340000264;;;1;;;;;;;;;;0;0;0;0;0;0;0;0;0;0;;0.01;0.01
INFOMED;2014;660005208;340000264;;;1;;;;;;;;;;0;0;0;0;0;0;0;0;0;0;;0.01;0.01
INFOMED;2014;660005216;340000264;;;1;;;;;;;;;;0;0;0;0;0;0;0;0;0;0;;0.05;0.01
INFOMED;2014;660006305;660006297;;;1;;;;;;;;;;0;0;0;0;0;1;1;0;0;0;;2;0.5
INFOMED;2014;660006990;340019363;;1;;;;;;1;;;;;1;1;1;1;1;0;0;0;1;0;;0.4;0.05
INFOMED;2014;660780099;660000043;;;;;;;;;1;;;;1;0;0;0;0;1;1;0;1;0;;0.2;0.1
INFOMED;2014;660780149;660006867;;;;;;;;;1;;;;1;;1;1;1;0;0;0;0;0;;0.2;0.03
INFOMED;2014;660780156;340015171;;;;;;;1;;;;;;0;0;0;0;0;1;0;0;0;0;;0.8;0.1
INFOMED;2014;660780214;750055071;0;0;0;0;0;0;0;0;0;1;1;1;0;0;0;0;0;1;1;0;0;0;;0.4;0.1
INFOMED;2014;660780321;590799730;;;;;;;;1;;;;;1;0;1;1;1;1;1;;0;0;;0.43;
INFOMED;2014;660780347;660000183;;;;;;;;;1;;;;0;0;0;0;0;0;0;0;0;0;;0.7;0.2
INFOMED;2014;660780537;660006867;;;;;;;;;1;;;;0;0;1;1;1;0;0;0;0;0;;0.2;0.03
INFOMED;2014;660780610;660000274;;;;;;;;;1;;;;0;0;0;1;1;0;0;0;0;0;;0.5;0.1
INFOMED;2014;660780628;660000282;;;1;;;;;;;;;;0;0;0;0;0;1;1;0;1;0;;1;0.1
INFOMED;2014;660780669;660000324;;;1;;;;;;;;;;0;0;0;0;0;0;0;0;0;0;;2.5;0.1
INFOMED;2014;660780743;660000373;;;;;;;1;;;;;;0;0;0;0;0;0;0;0;0;0;;0.5;0.5
INFOMED;2014;660780776;660000399;;;1;;;;;;;;;;0;0;0;;0;0;0;0;0;0;;4;0
INFOMED;2014;660780784;660000407;;;1;;;;;;;;;;0;0;0;0;0;1;1;1;0;0;;5;0.75
INFOMED;2014;660780842;660000431;;;;;;;;;1;;;;0;0;0;0;0;0;0;0;0;0;;0.4;0.1
INFOMED;2014;660781097;660000506;;;;;;;;;1;;;;1;0;0;0;0;0;;;1;0;;0.2;0.1
INFOMED;2014;660781287;660000621;;;;;;;;;1;;;;0;0;0;0;0;0;0;0;0;0;;1;0.1
INFOMED;2014;660790387;660790379;;;1;;;1;;;1;;;;0;0;0;0;0;0;0;0;0;0;;3;0.3
INFOMED;2014;670000025;670780055;1;;;1;;;1;;;1;;;0;0;0;0;0;0;0;0;0;0;670000025;13.87;5.5
INFOMED;2014;670000033;670780063;;1;;;;;;;;;;;0;0;0;0;0;0;0;0;0;0;;4.28;1.98
INFOMED;2014;670000058;670013366;;;;;;;;;;;;;;;;;;;;;;0;;1;1
INFOMED;2014;670000082;670780147;;;1;;;;;;;;;;0;0;0;0;0;1;1;0;0;0;;4.6;0.33
INFOMED;2014;670000157;670780337;1;;;;;;1;;;;;;0;0;0;0;0;1;0;0;1;0;;5.32;1.6
INFOMED;2014;670000165;670780345;;;1;;;;1;;;;;;0;0;0;0;0;1;1;0;0;0;;7.2;1
INFOMED;2014;670000173;670780352;;;;;;;1;;;;;;0;0;1;1;1;0;0;0;0;0;;0;0
INFOMED;2014;670000215;680000643;;;1;;;;;;1;;;;0;0;0;0;0;1;0;0;0;1;;0.75;0.2
INFOMED;2014;670000249;680000643;;;;;;;;;;;;;0;0;0;1;1;0;;;0;1;670780337;;1
INFOMED;2014;670000272;670780543;;;1;;;;;;1;;;;0;0;0;0;0;1;1;0;1;0;;1.75;1
INFOMED;2014;670000306;670780584;1;;;;;;1;;;;;;0;0;1;1;1;0;0;0;0;1;670780337;0.5;0
INFOMED;2014;670000397;670780691;;1;;;;;;;;;;;0;0;0;0;0;1;1;1;0;0;;2.6;1
INFOMED;2014;670000405;670780709;1;;;;;;;;;;;;0;0;0;0;0;0;;;0;0;;;0.1
INFOMED;2014;670000603;670781152;;;;;;;;;;1;;;0;0;0;0;0;1;0;1;0;1;670000397;0.8;0.45
INFOMED;2014;670005479;670000652;;;;;1;;;;;;;;0;0;0;1;1;0;;;;;;;
INFOMED;2014;670008838;670000785;;;;;;1;;;;;;;0;0;0;1;1;1;1;1;0;1;;1;1.02
INFOMED;2014;670013754;670013754;1;;;;;;1;;;1;;;0;0;0;0;0;0;0;0;1;0;;3.45;1
INFOMED;2014;670014992;670780139;;;;;;;;1;;;;;0;0;0;1;1;0;;;0;1;670000157;;
INFOMED;2014;670016237;670016211;;;1;;;;;;1;;;;0;0;0;0;0;1;1;0;0;0;;2.9;0.33
INFOMED;2014;670780162;670000108;;;1;;;;;;;;;;0;0;0;0;0;1;1;0;0;0;;3.9;0.33
INFOMED;2014;670780170;670000116;;1;;;;;;1;;;;;0;0;0;0;0;1;1;0;0;0;;3.6;0.6
INFOMED;2014;670780188;670014604;;;1;;;1;;;1;;;;0;0;0;0;1;0;;;0;0;;3;2
INFOMED;2014;670780378;670000785;;1;;;;;;;;;;;0;0;0;1;1;1;1;0;0;0;;2.65;0.05
INFOMED;2014;670780386;670000199;;;1;;;;;;;;;;0;0;0;0;0;1;1;0;1;0;;1;0.25
INFOMED;2014;670780600;750050759;;;;;;;;;1;;;;0;0;0;0;1;0;0;0;0;0;;0.2;0.25
INFOMED;2014;680000031;680000171;;;;;;;1;;;;;;0;0;1;1;;0;;;;1;;;0.1
INFOMED;2014;680000122;680000346;;;1;;;;;1;;;;;0;0;0;0;0;1;1;0;0;1;680000437;1;0.1
INFOMED;2014;680000130;680000353;;;;;;;1;;;;;;0;0;0;1;1;0;0;0;0;1;680001328;1.51;0
INFOMED;2014;680000189;680000643;;;;;;;;1;;;;;0;0;0;0;0;0;0;0;0;0;;0.3;0.1
INFOMED;2014;680000320;680000643;;;1;;;;;;;;;;0;0;1;1;1;0;0;0;0;0;;2.7;0.5
INFOMED;2014;680000494;680000643;;;1;;;;;;;;;;0;0;1;1;1;0;0;0;0;0;;2.6;0.5
INFOMED;2014;680000544;680000395;1;;;;;;1;;;;;;0;0;0;0;0;1;1;0;1;1;680000486;0.86;0.2
INFOMED;2014;680000577;680000411;1;;;;;;1;;;;;;0;0;0;0;0;1;0;1;1;1;680001179;1;0.07
INFOMED;2014;680000601;680000437;;1;;;;;;1;;;;;0;0;0;0;0;1;1;0;0;1;680000486;1.74;0.3
INFOMED;2014;680000627;680000486;;1;;;;;1;;;1;;;0;0;0;0;0;1;1;0;0;0;;9.92;2.5
INFOMED;2014;680000684;680000973;;1;;;;;1;;;1;;;0;0;0;0;0;1;1;0;0;0;;8.72;4
INFOMED;2014;680000692;680000981;;;;;;;;1;;;;;0;0;1;1;1;0;;;0;0;;0.6;
INFOMED;2014;680000700;680001005;1;;;;;;1;;;;;;0;0;0;0;0;1;1;1;0;0;;1;0.6
INFOMED;2014;680000726;680012648;;;1;;;;;;1;;;;0;0;1;1;1;0;0;0;0;0;;0.6;0.1
INFOMED;2014;680000742;680001054;;;;;;;;;;;;;0;0;0;0;0;1;1;1;0;1;670000397;0.01;0.05
INFOMED;2014;680000833;680001138;;;;;;;;1;;;;;0;0;1;1;1;1;1;0;1;0;;1;0.1
INFOMED;2014;680000874;680001179;1;;;;;;;;;1;;;0;0;0;0;0;1;0;0;1;0;;1;0.8
INFOMED;2014;680001195;680016011;;1;;;;;1;;;;;;0;0;0;0;0;1;1;0;0;0;;2.3;1
INFOMED;2014;680001294;680000890;;;;;;;;;;;1;;0;0;0;0;0;0;;;0;0;;0.4;0.2
INFOMED;2014;680001328;750005068;;;;;;;1;;;;;;0;;;0;0;;;0;0;0;;2;0.5
INFOMED;2014;680017829;680017811;;;;;;1;;;;;;;0;0;0;1;1;0;;;;0;;;0.05
INFOMED;2014;680020088;680020062;;;1;;;;;;;;;;0;0;0;0;0;1;1;0;0;0;;0.5;0.6
INFOMED;2014;690000013;690780036;;1;;;;;;1;;;;;0;0;0;1;0;1;1;0;1;0;;1;1
INFOMED;2014;690000021;690780044;;;1;;;;;;1;;;;0;0;0;0;0;1;0;1;1;0;;0.67;0.3
INFOMED;2014;690000047;690780069;;1;;;;;;1;;;;;0;0;0;0;0;0;0;0;1;0;;0.2;0.1
INFOMED;2014;690000054;690780077;;;;1;;;;;;;;;0;0;0;0;0;0;;;0;1;;1;1
INFOMED;2014;690000062;690780085;;;;;;;;;;;;;0;0;0;0;0;0;0;0;0;1;;;
INFOMED;2014;690000088;690780101;;;1;;;;;1;;1;;;;;;;;1;1;0;0;0;;5.71;1.5
INFOMED;2014;690000096;690780119;;;;;;;;;;1;;;0;0;0;0;0;1;1;0;0;0;;1.5;1
INFOMED;2014;690000245;690780432;1;;;;;;1;;;;;;0;0;0;0;0;1;0;0;0;0;;0.8;0.25
INFOMED;2014;690000401;920028560;;;;;;;;;1;;;;0;0;0;0;0;0;0;0;0;1;420011728;0.9;0.2
INFOMED;2014;690000419;690780820;;;;;;;;1;;;;;0;0;1;1;1;0;;;0;0;;0.12;0.01
INFOMED;2014;690000427;750721334;;1;;;;1;;1;;;;1;1;0;1;1;1;0;0;0;0;0;;1;
INFOMED;2014;690000575;690782222;;;1;;;;;;1;;;;0;0;0;0;0;1;1;0;0;0;;8.3;0.84
INFOMED;2014;690000583;690782230;1;;;;;;1;;;;;;0;0;0;1;0;0;0;0;0;0;;0.3;0.4
INFOMED;2014;690000591;690782248;;;1;;;;;;1;;;;0;0;0;1;1;;;;;0;;0.4;0.1
INFOMED;2014;690000609;690010749;1;;;;;;1;;;;;;0;0;1;1;1;0;0;0;;0;;;
INFOMED;2014;690000625;690782271;;;1;;;;1;;;;;;0;0;0;0;0;0;0;0;1;0;;0.66;0.3
INFOMED;2014;690000633;690010749;1;;;;;;1;;;;;;0;0;1;1;1;0;0;0;0;0;;;
INFOMED;2014;690000641;690782297;;;;;;;1;;;;;;0;1;1;1;1;0;0;0;0;0;;0.25;
INFOMED;2014;690000773;690782925;;;1;;;;;1;;;;;0;0;0;1;1;0;;;1;0;;1;0
INFOMED;2014;690000880;690783220;;1;;;1;;;;;;;;0;0;0;0;0;1;0;0;0;0;;5.75;0.98
INFOMED;2014;690001524;690787338;;;;;;;1;;;;;;0;0;1;1;1;0;;;0;0;;0.4;
INFOMED;2014;690002092;010783009;;;;;;;;;;;;1;;;;;;;1;1;1;0;;1;0.5
INFOMED;2014;690004718;690796552;;;1;;;;;;;;;;0;0;0;0;0;1;1;1;0;0;;0.01;0.01
INFOMED;2014;690006721;010783009;;;;;;;;;1;;;;0;0;1;1;1;1;1;0;0;0;;0.1;0.05
INFOMED;2014;690007539;690781810;;1;;;;;;;;;;;0;0;0;0;1;0;;;0;0;;2.3;1.15
INFOMED;2014;690010848;690000450;;;;;;;;1;;;;;0;0;0;0;0;0;;;0;1;;;
INFOMED;2014;690012109;690027008;;;;;;;;1;;;;;0;0;0;0;0;1;0;0;0;0;;0.6;0.1
INFOMED;2014;690019799;690007182;;;;;1;;;;;;;;0;0;0;1;1;0;;;0;0;;0.7;0
INFOMED;2014;690022009;690796552;;;1;;;;;;;;;;0;0;0;0;0;1;1;1;0;0;;0.01;0.01
INFOMED;2014;690022959;690000732;;;1;;;;;;;;;;0;0;1;1;1;0;;;;;;1.5;
INFOMED;2014;690023239;690000146;;;1;;;;;;;;;;0;0;0;0;0;1;0;0;0;0;;1;0.15
INFOMED;2014;690023411;690000252;;1;;;;;;;;;;;0;0;0;0;0;0;0;0;0;0;;4.2;0.4
INFOMED;2014;690025366;690000450;;;;;;;;1;;;;;0;0;0;0;0;0;;;0;1;;;
INFOMED;2014;690030119;750043994;;;;;;;0;1;0;;;;0;0;0;0;0;0;0;0;0;0;;0.2;0.2
INFOMED;2014;690030283;920000395;;;;;;;;1;;;;;0;0;0;0;0;0;0;0;0;1;;0;0
INFOMED;2014;690031513;690000278;;;1;;;;;;;;;;0;0;0;0;0;0;0;0;0;1;690780499;;
INFOMED;2014;690034558;690006598;;;;;;;1;;;;;;0;0;0;0;0;;0;0;1;0;;0;
INFOMED;2014;690780093;750821092;;;1;;;;;;1;;;1;0;0;0;0;0;0;0;0;0;0;;3;0
INFOMED;2014;690780150;690000104;;;1;;;;;;1;;;;1;1;0;0;0;0;0;0;0;0;;0.1;0.4
INFOMED;2014;690780200;690000112;;1;;;;;;1;;;;;1;1;1;1;1;0;;;1;0;;0.5;0.1
INFOMED;2014;690780259;690030457;;1;;;;;;;;;;;0;0;0;0;1;1;0;1;1;0;;0.2;0.2
INFOMED;2014;690780358;690000195;;;1;;;;;;;;;;0;0;0;0;0;1;1;;0;0;;4;0.1
INFOMED;2014;690780366;690000203;;;1;;;;;;;;;;0;0;0;0;0;1;1;1;0;0;;2;0.2
INFOMED;2014;690780382;690006598;;;1;;;;;;;;;;0;0;0;0;0;1;1;1;1;1;690006598;1.5;0.15
INFOMED;2014;690780390;690000229;;;1;;;;;;;;;;0;0;0;1;1;0;;;;0;;4.25;0.1
INFOMED;2014;690780481;750056335;;;;;;;;;1;;;;0;0;0;0;0;0;0;;0;0;;0.28;
INFOMED;2014;690780499;690000278;;;1;;;;;;;;;;0;0;0;0;0;1;0;0;0;0;010780294;;1
INFOMED;2014;690780648;690036900;;;1;;;;;;;;;;0;0;0;0;0;0;0;0;0;0;;3;1
INFOMED;2014;690780655;690000377;;;1;;;;;;1;;;;0;0;0;0;0;1;1;0;0;0;;2;
INFOMED;2014;690780663;690000385;;;1;;;;;;;;;;0;0;1;1;1;0;;;;0;;1;0.2
INFOMED;2014;690781026;690029723;;;;;;;;1;;;;;0;0;0;0;0;1;1;1;0;0;;0.76;0.76
INFOMED;2014;690781737;750721334;;;1;;;;;;1;;;;0;0;0;0;0;0;;;;0;;0.4;0.15
INFOMED;2014;690781836;690006598;1;;;;;;;;;;;;0;0;0;0;0;1;0;0;1;1;690006598;0.5;0.3
INFOMED;2014;690782420;690793633;;;;;;;1;;;;;;0;0;1;1;1;0;;;0;0;;0.2;0.2
INFOMED;2014;690782834;690000724;;;1;;;;;;;;;;0;0;0;0;0;0;;;1;0;;4;0.5
INFOMED;2014;690783154;690781810;;1;;;;;1;;;;;;0;0;0;0;1;0;;;0;0;690783154;10.83;3.71
INFOMED;2014;690784061;690006598;;;;;;;1;;;;;;0;0;0;0;0;;0;0;1;0;;0.8;
INFOMED;2014;690784137;690781810;;1;;;;;1;;;;;;0;0;0;0;1;0;;;0;0;;11.83;4.91
INFOMED;2014;690784152;690781810;;1;;;;;;;;;;;0;0;0;0;1;0;;;0;0;690784152;7.3;3.33
INFOMED;2014;690784178;690781810;;1;;;;;;1;;;;;0;0;0;0;1;0;0;0;0;0;;1;0.3
INFOMED;2014;690784186;690781810;;1;;;;;1;;;;;;0;0;0;0;1;0;0;0;0;0;;2;1
INFOMED;2014;690784194;690781810;;1;;;;;;1;;;;;0;0;0;0;1;0;;;0;0;690784194;0.4;0.21
INFOMED;2014;690784202;690781810;;1;;;;;1;;;;;;0;0;0;0;1;0;;;0;0;;0.86;0.18
INFOMED;2014;690784244;750721334;;;;;;;;;1;;;;0;0;0;0;0;0;0;0;0;0;;0.4;0.05
INFOMED;2014;690787452;690781810;;1;;;;;1;;;;;;0;0;0;0;1;0;;;0;0;690787452;0.6;0
INFOMED;2014;690787478;690781810;1;;;;;;;1;;;;;0;0;0;0;0;1;0;1;0;1;690784137;0.4;0.24
INFOMED;2014;690788930;690001623;;;;;;1;;;;;;;0;0;0;0;0;0;;;0;0;;1.2;0.7
INFOMED;2014;690790480;690006598;;;;;;;1;;;;;;0;0;0;1;1;0;0;0;0;1;690006598;0.16;0.05
INFOMED;2014;690793468;690002068;;;1;;;;;;;;;;0;0;0;0;0;0;;;0;0;;4.78;0.5
INFOMED;2014;690796727;690796727;;;;;;;;;;1;;;0;0;0;0;0;0;;;;0;;2.4;1
INFOMED;2014;690799283;690796552;;;1;;;;;;;;;;0;0;0;0;0;1;1;1;0;0;;0.01;0.01
INFOMED;2014;690803044;690000450;;;;;;;;1;;;;;0;0;0;0;0;0;;;0;1;;1;
INFOMED;2014;690804018;690796552;;;1;;;;;;;;;;0;0;0;0;0;1;1;1;0;0;;0.01;0.01
INFOMED;2014;690805361;690805353;1;;;;;;;;;;;;0;0;0;0;0;1;1;1;0;0;;1.71;1
INFOMED;2014;690807367;690003447;;1;;;;;;;;;;;0;0;0;0;0;0;0;0;0;0;;2;0.1
INFOMED;2014;700000011;700780026;;;1;;;;;;1;;;;0;0;0;0;0;1;1;0;0;0;;2.1;0.5
INFOMED;2014;700000029;700004591;1;;;;;;1;;;;;;0;0;0;0;0;1;1;0;0;0;;1.8;1
INFOMED;2014;700004377;250006335;;;;;;;1;;;;;;0;0;0;0;0;0;0;0;0;0;;0.1;
INFOMED;2014;700780042;250006335;;;;;;;1;;;;;;0;0;0;0;0;0;0;0;0;0;;0;0.3
INFOMED;2014;700780075;700004096;;;;;;;;;;1;;;0;0;0;0;0;1;1;0;0;0;;6.61;0.93
INFOMED;2014;700780174;700000052;;;1;;;;;;;;;;0;0;0;0;0;1;1;0;1;0;;2;0.1
INFOMED;2014;700784887;750018699;0;0;0;0;0;0;0;1;0;0;0;0;0;0;0;1;1;1;0;0;1;0;;0.7;0.06
INFOMED;2014;710002288;750721334;;;;;;;;1;;;;;0;0;0;0;0;0;0;0;0;1;710781139;0.5;0.05
INFOMED;2014;710002569;710000092;;;;;;;;;1;;;;0;0;0;0;0;0;;;1;0;;;0.24
INFOMED;2014;710010067;710780644;;1;;;;1;;;1;;;;0;0;0;0;0;1;1;0;0;0;;2.86;1
INFOMED;2014;710010786;710781451;;;1;;;;;;1;;;;0;0;0;0;0;1;1;1;1;0;;1.7;0.1
INFOMED;2014;710780081;710010695;;;;;;;;;1;;;;0;0;0;0;0;0;0;0;0;0;;0.2;0.1
INFOMED;2014;710780917;710000274;;;1;;;1;;;;;;;0;0;0;0;0;0;0;0;1;0;;4.37;0.1
INFOMED;2014;710781139;750721334;;;;;;;;1;;;;;0;0;0;0;0;0;;;0;0;;0.5;0.25
INFOMED;2014;710781410;710000373;;;1;;;;;;;;;;0;0;0;0;0;0;;;1;0;;0.81;0.4
INFOMED;2014;710781824;710000464;1;;;;;;;;1;;;;0;0;0;0;0;0;;;;0;;2.5;0.1
INFOMED;2014;710977075;710000092;;;;;;;;;1;;;;0;0;0;;;0;;;0;0;;;
INFOMED;2014;710977307;710977299;;;;;;;1;;;;;;0;0;0;0;0;1;0;1;0;0;;0.2;0.1
INFOMED;2014;710978107;710781592;1;;;;;;;;;;;;1;1;1;1;1;0;;;0;0;;;
INFOMED;2014;710978180;710781360;;;1;;;;;;1;;;;0;0;0;0;0;0;0;0;0;0;;1;0.3
INFOMED;2014;710978198;710781386;;;;;;;;1;;;;;0;0;1;1;1;0;;;0;1;710781360;;
INFOMED;2014;710978255;710781568;;;1;;;;;;1;;;;0;0;0;0;0;0;0;0;1;;;0.58;0.08
INFOMED;2014;710978263;710780958;;;1;;;1;;;1;;;;0;0;0;0;0;1;1;0;0;0;;3.72;0.9
INFOMED;2014;710978271;710781014;;;;;;;;1;;;;;0;0;0;1;0;0;0;0;0;0;;;
INFOMED;2014;710978289;710780263;;;1;;1;;;;1;1;;;0;0;0;0;0;1;1;1;1;0;;5.5;0.75
INFOMED;2014;710978313;710976705;;1;;;;;1;;;;;;0;0;0;0;0;0;;;1;0;;3.72;0.9
INFOMED;2014;710978347;710781204;;1;;;;;;1;;;;;0;0;0;0;0;1;1;0;1;0;;;
INFOMED;2014;720000033;720000025;1;;;;;;1;;;;;;0;0;0;0;0;1;0;0;1;0;;8.09;2.14
INFOMED;2014;720000041;720000058;;;;;;;;;;1;;;0;0;0;0;0;0;;;0;0;;2;0.5
INFOMED;2014;720000124;720000066;;;1;;;1;;;1;;;;0;0;0;0;0;0;;;0;0;;1;
INFOMED;2014;720000231;720000637;;1;;;;;;;;;;;0;0;0;0;0;1;1;0;1;0;;5;0.7
INFOMED;2014;720000249;720000645;;;1;;;;;;;;;;0;0;0;0;0;0;;;1;0;;2.25;0.09
INFOMED;2014;720000389;720012749;;;1;;;;;;1;;;;0;0;0;1;1;0;0;0;0;1;;0.8;
INFOMED;2014;720000413;720008390;;;;;;;;;1;;;;0;0;0;1;1;1;1;0;0;0;;1;0
INFOMED;2014;720000520;720000140;;;1;;;;;;1;;;;0;0;0;0;0;0;0;0;0;1;720006022;0;0.4
INFOMED;2014;720000744;720000454;;;;;;;;;1;;;;0;0;0;0;0;0;;;0;0;;1;0.3
INFOMED;2014;720001437;720006022;;1;;;;;;1;;;;;0;0;0;0;0;1;1;0;0;0;;1.45;0.6
INFOMED;2014;720016138;720008390;;;;;;;;;1;;;;0;0;0;1;1;1;1;0;0;0;;0.05;
INFOMED;2014;720016179;720016724;1;;;;;;1;;;;;;0;0;0;0;0;1;1;0;0;0;;2.8;0.5
INFOMED;2014;720016823;720012749;;;1;;;;;;1;;;;0;0;1;1;1;0;0;0;0;0;;0.4;
INFOMED;2014;720017748;720000561;;1;;;;;;;;;;;0;0;0;0;0;1;1;0;1;0;;5;0.7
INFOMED;2014;730000031;730000015;1;;;1;;;1;;;;;;0;0;0;0;0;1;1;1;0;0;;12.58;2.8
INFOMED;2014;730000049;730002839;1;;;1;;;1;;;;;;0;0;0;0;0;1;1;1;1;0;;0.4;0.2
INFOMED;2014;730000080;730780103;;;1;1;;;;1;;;;;1;0;0;0;1;1;1;0;1;0;;2.75;0.2
INFOMED;2014;730000098;730780111;1;;;;;;1;;;;;;0;0;0;0;0;1;1;0;0;1;730000015;1.37;0.3
INFOMED;2014;730000247;730780525;;;1;;;;;;;;;;0;0;0;1;0;0;0;0;1;0;;2;
INFOMED;2014;730000262;730002839;1;;;;;;;;;;;;0;0;0;0;0;1;1;1;1;0;;2.35;0.8
INFOMED;2014;730000270;730780558;;;;;;;;;1;;;;0;0;0;0;0;0;0;0;0;0;;;
INFOMED;2014;730000304;730780582;;;;;;;;;;1;;;0;0;0;0;0;0;0;0;0;0;;2.4;1
INFOMED;2014;730000924;690796552;;;1;;;;;;;;;;0;0;0;0;0;1;1;1;0;0;;0.01;0.01
INFOMED;2014;730004298;730010048;;;1;;;;;;1;;;;0;0;0;0;0;1;1;1;1;0;;8;0.2
INFOMED;2014;730005709;380793802;;;1;;;;;;;;;;0;0;0;0;0;0;0;0;0;0;;;
INFOMED;2014;730007978;730011731;;;;;;;;;;;;1;0;0;0;0;0;1;1;0;0;0;;0.1;0.1
INFOMED;2014;730780459;730000221;;;1;;;;;;;;;;;;;;;0;0;0;1;1;;0.6;0.25
INFOMED;2014;730780475;690029723;;;;;;;;;1;;;;0;0;0;0;0;1;1;0;1;0;;0.13;0.13
INFOMED;2014;730780988;730002698;;;;;;;;1;;;;;0;0;0;0;0;0;0;0;1;0;;1;0.2
INFOMED;2014;730785011;690796552;;;1;;;;;;;;;;0;0;0;0;0;1;1;1;0;0;;0.01;0.01
INFOMED;2014;730785466;380793802;;;1;;;;;;;;;;0;0;0;0;0;0;0;0;0;0;;;
INFOMED;2014;730786233;690796552;;;1;;;;;;;;;;0;0;0;0;0;1;1;1;0;0;;0.01;0.01
INFOMED;2014;730786464;380793802;;;1;;;;;;;;;;0;0;0;0;0;0;0;0;0;0;;;
INFOMED;2014;730790235;380793802;;;1;;;;;;;;;;0;0;0;0;0;0;0;0;0;0;;;
INFOMED;2014;740000062;740780168;;;;;;;;1;;;;;0;0;0;0;0;1;0;0;0;0;;0.1;0.1
INFOMED;2014;740000237;740781133;;1;;1;;;1;;;1;;;0;0;0;0;0;1;0;1;0;0;;6.44;2.3
INFOMED;2014;740000278;740781182;;;;;;;;1;;;;;0;;;1;1;0;0;0;0;1;690038476;0;0
INFOMED;2014;740000286;740781190;;;1;;;;;;1;;;;0;0;0;1;1;0;;;;0;;0.5;0.4
INFOMED;2014;740000294;740781208;;;1;;;;1;;;;;;0;0;1;1;1;0;;;1;1;740781133;0.5;0.2
INFOMED;2014;740000302;740781133;;1;;1;;;1;;;;;;0;0;0;0;0;1;0;1;0;0;;1.8;1
INFOMED;2014;740000328;740790381;;1;;;1;;;;;;1;;1;1;0;1;1;1;0;0;1;0;;5.2;0
INFOMED;2014;740000583;740785035;;;;;;;;;;1;;;0;0;0;0;0;;0;0;1;0;;2;0.8
INFOMED;2014;740010475;740000203;;;;;;1;;;;;;;0;0;0;0;0;0;0;0;0;0;;0.1;0.1
INFOMED;2014;740010889;690796552;;;1;;;;;;;;;;0;0;0;0;0;1;1;1;0;0;;0.01;0.01
INFOMED;2014;740011515;330015488;;;1;;;;;;;;;;0;0;1;1;1;;1;0;0;0;;0.05;0.05
INFOMED;2014;740012646;690796552;;;1;;;;;;;;;;0;0;0;0;0;1;1;1;0;0;;0.01;0.01
INFOMED;2014;740014345;740000617;;;1;;;;;;;;;;0;0;0;0;0;1;1;0;1;1;740014345;2.76;0.5
INFOMED;2014;740014519;750050924;;;;;;;;;1;;;;0;0;0;0;0;1;0;0;0;0;;0.1;0.05
INFOMED;2014;740014683;740780168;;;;;;;;1;;;;;0;0;0;0;0;1;0;0;0;1;740000062;0.1;0.1
INFOMED;2014;740780143;750005068;;;;;;;;1;;;;;0;0;0;0;0;0;0;0;0;0;;0.6;0.1
INFOMED;2014;740780176;310021373;;;;;;;;1;;;;;0;0;0;0;0;0;0;0;0;0;;0.5;0.05
INFOMED;2014;740780192;740780168;;1;;;;;;;;;;;1;0;0;1;1;0;0;0;0;;;0.1;0
INFOMED;2014;740780416;740000112;;;1;;;;;;;;;;0;0;0;0;0;0;0;0;1;1;330641713;2;0.25
INFOMED;2014;740780424;740000120;;;1;;;;;;;;;;0;0;0;0;0;1;1;0;1;0;;4.1;0.2
INFOMED;2014;740780986;740000195;;;;;;;;1;;;;;1;1;1;1;1;1;1;1;1;0;;1;0.1
INFOMED;2014;740781034;750048787;0;0;0;0;0;0;0;0;0;0;1;0;0;0;0;0;0;0;0;0;0;0;;0.01;0.01
INFOMED;2014;740781141;740790258;;1;;1;;;;;;;;;0;0;0;0;0;1;1;1;1;0;;2.8;0.5
INFOMED;2014;740781224;740001839;;1;;1;;;1;;;;;;1;1;1;1;1;0;;;1;0;;2.78;0
INFOMED;2014;740788617;330015488;;;1;;;;;;;;;;0;0;1;1;1;;1;0;0;0;;0.05;0.05
INFOMED;2014;740788641;690796552;;;1;;;;;;;;;;0;0;0;0;0;1;1;1;0;0;;0.01;0.01
INFOMED;2014;740789649;690796552;;;1;;;;;;;;;;0;0;0;0;0;1;1;1;0;0;;0.01;0.01
INFOMED;2014;740789821;690796552;;;1;;;;;;;;;;0;0;0;0;0;1;1;1;0;0;;0.01;0.01
INFOMED;2014;750000481;750110025;;1;;;;;;;;;;;0;0;0;0;0;1;1;0;0;0;;2.74;0.34
INFOMED;2014;750000499;750140014;;;;;;;;;;;;;;;;;;;;;;;;2.94;1.5
INFOMED;2014;750000507;750040628;;;;;;;1;;;;;;0;0;0;;;1;;0;0;0;;0.3;0.2
INFOMED;2014;750000523;750150120;1;;;;;;;;;;;;1;0;0;0;1;1;1;0;0;0;;1.55;2.6
INFOMED;2014;750000549;750150229;;;1;;;;;;;;;;0;0;0;0;0;0;0;0;0;0;;3.17;0.5
INFOMED;2014;750006348;910140011;;;;;;;;;;;1;;0;0;0;0;0;1;1;0;0;0;;;1.25
INFOMED;2014;750014128;750014078;;;;;;;;1;;;;;0;0;0;0;0;1;1;0;0;0;;;0.25
INFOMED;2014;750023749;750034308;1;;;;;;;;;;;1;0;0;0;0;0;1;1;0;0;0;;4;0.9
INFOMED;2014;750032229;750827933;;;;;;;;;1;;;;0;0;0;0;0;1;1;1;1;0;;0.3;0.2
INFOMED;2014;750039448;750720914;;;;;;;;;;;1;;0;0;0;0;0;0;0;1;0;0;;2.58;0.5
INFOMED;2014;750041543;750712184;1;;;;;;1;;;;;;0;0;0;0;0;1;0;1;0;1;750041543;0.5;0.3
INFOMED;2014;750042459;750712341;;;;;;1;;;;;;;0;0;0;0;0;;1;1;0;0;;0.2;0.2
INFOMED;2014;750042830;750710428;;;;;;;;1;;;;;0;0;0;0;0;1;1;0;0;0;;0.1;0.1
INFOMED;2014;750049561;750049553;;;;;;;;;1;;;;0;0;0;0;0;1;0;1;0;0;;0;0.2
INFOMED;2014;750052037;750052037;;;;;;;;;;;;;0;0;0;0;0;0;0;0;0;0;;1.3;0.5
INFOMED;2014;750100018;750712184;;;1;;;;;;;1;;;0;0;0;0;1;0;0;0;0;0;;0.4;0.5
INFOMED;2014;750100042;750712184;;1;;;;;1;;;1;;;0;0;0;0;0;1;0;1;0;0;;7.6;2
INFOMED;2014;750100075;750712184;;1;;;;;;;;;;;0;0;0;0;0;0;0;0;0;0;;7;1
INFOMED;2014;750100083;750712184;1;;;;;;1;;;;;;0;0;0;0;1;0;0;0;0;0;750100083;2;0.1
INFOMED;2014;750100091;750712184;;1;;;;;1;;;1;;;0;0;0;0;1;0;;;0;0;750100091;6.5;1
INFOMED;2014;750100109;750712184;;1;;;;;1;;;1;;;0;0;0;0;1;0;;;0;0;750100109;4.86;0.9
INFOMED;2014;750100125;750712184;1;;;;;;1;;;1;;;0;0;0;0;1;1;0;1;0;0;;6.8;1.9
INFOMED;2014;750100166;750712184;;;1;;;;1;;;1;;;0;0;0;0;1;0;0;0;0;0;;24;4
INFOMED;2014;750100208;750712184;1;;;;;;;;;1;;;0;0;0;0;1;0;;;0;0;;5;2
INFOMED;2014;750100216;750712184;1;;;;;;1;;;;;;0;0;0;0;0;0;;;0;1;750803447;0.2;0.01
INFOMED;2014;750100232;750712184;;1;;;;;1;;;1;;;0;0;0;0;1;1;0;1;0;1;750100232;5.8;2.2
INFOMED;2014;750100273;750712184;1;;;;;;;;;1;;;0;0;0;0;1;0;0;0;0;0;750100273;4;1.3
INFOMED;2014;750100299;750712184;;1;;;;;;1;;;;;0;0;0;0;0;1;0;0;0;0;;0.6;0.2
INFOMED;2014;750120016;750821092;1;;;;;;;;;1;;;0;0;0;0;0;1;1;0;0;0;;3;1
INFOMED;2014;750140022;750720575;;;;;;;;;;;1;;0;0;0;0;0;1;0;0;0;1;750720575;0.2;0.1
INFOMED;2014;750150104;750720476;;1;;;;;;;;1;;;0;0;0;1;1;1;1;0;0;0;;3.82;1
INFOMED;2014;750150146;750720609;1;;;;;;;;;;;;0;0;0;0;0;0;0;0;0;;;;0.5
INFOMED;2014;750150187;750000143;;;1;;;;;;;;;;0;0;0;0;0;1;1;1;0;0;;0.66;0.25
INFOMED;2014;750150237;750006728;;;1;;;;;;;;;;0;0;0;0;0;0;0;0;1;0;;1.93;0.4
INFOMED;2014;750150252;750720575;;1;;;;;1;;;;;;0;0;0;0;0;1;1;0;0;0;;0.5;0.6
INFOMED;2014;750150260;750006728;;;1;;;;;;;;;;0;0;0;0;0;0;0;0;0;0;;1.93;0.4
INFOMED;2014;750150286;750015968;1;;;;;;1;;;;;;0;0;0;0;0;0;0;0;0;0;;0.8;0.14
INFOMED;2014;750150310;750806853;;;1;;;;;;1;;;;0;0;0;0;0;0;0;0;0;0;;0.1;0.3
INFOMED;2014;750150344;750720468;;;1;;;;;;1;;;;0;0;0;0;0;0;0;0;0;0;;1;0.55
INFOMED;2014;750160012;750813321;;;1;;;;;;;;;;0;0;0;0;1;0;0;0;0;0;;3.27;0
INFOMED;2014;750170102;750721391;;;;;;;;;;1;;;0;0;0;0;0;1;0;1;0;1;130780554;0.3;0.1
INFOMED;2014;750170128;750710428;;;;;;;;;;;;1;0;0;0;0;0;1;1;0;0;0;;0.05;0.01
INFOMED;2014;750170235;750005068;;;;;;;;;;;1;;0;0;0;0;0;1;1;0;0;0;;;0.42
INFOMED;2014;750170243;750720922;;;;;;;;;;;1;;1;0;1;1;1;0;;;;0;;0;0
INFOMED;2014;750300089;750000606;;;1;;;;;;;;;;0;0;0;0;0;0;0;0;0;0;;1;0.05
INFOMED;2014;750300097;750813305;;;1;;;;;;;;;;0;0;0;0;0;0;0;0;0;0;;0.8;0.3
INFOMED;2014;750300121;750052037;;;1;;;;;;;;;;1;0;1;1;1;1;1;0;1;0;;4;0.5
INFOMED;2014;750300139;750000655;;;1;;;;;;;;;;0;0;0;0;0;0;;;1;0;;1;0.2
INFOMED;2014;750300154;750000671;1;;;;;;;;;;;;0;0;0;1;0;1;1;0;0;0;;2;0.4
INFOMED;2014;750300360;750026569;;;1;;;;1;;;;;;0;0;0;0;0;0;0;0;1;0;;2.6;0.2
INFOMED;2014;750300410;750000770;;;1;;;;;;;;;;0;0;0;1;1;1;1;1;1;0;;1;0.25
INFOMED;2014;750300493;750000796;;;;;;;;;;;;;1;1;1;1;1;0;;;;1;;;
INFOMED;2014;750300550;750000812;;;1;;;;;;;;;;0;0;0;0;0;1;1;0;1;1;;1.4;0.03
INFOMED;2014;750300592;750000820;;;1;;;;;;;;;;0;0;0;0;0;0;0;0;1;1;;0.8;0.2
INFOMED;2014;750300741;750000861;;;1;;;;;;;;;;0;0;0;0;0;0;0;0;0;0;;1;0.2
INFOMED;2014;750300766;750056145;;;1;;;;;;1;;;;0;0;0;0;0;0;;;0;0;;1;0.1
INFOMED;2014;750300774;750000895;;1;;;;;;;;;;;0;0;0;0;0;0;0;0;1;1;750000895;0.4;0.1
INFOMED;2014;750300840;750000903;;1;;;;;;;;;;;0;0;1;1;1;1;1;0;0;1;;2;0
INFOMED;2014;750300857;750000911;;;1;;;;;;;;;;0;0;0;0;0;1;1;1;1;0;;0.2;0.5
INFOMED;2014;750300881;750000937;;;1;;;;;;;;;;0;0;0;0;0;;1;0;1;0;;1;0.2
INFOMED;2014;750300915;750000960;;;1;;;;;;;;;;0;0;0;0;0;1;1;0;0;0;;2.5;0.5
INFOMED;2014;750300931;750000978;;;1;;;;;;;;;;0;0;0;1;1;0;0;0;1;0;;0.55;0.1
INFOMED;2014;750301145;750001042;;;1;;;;;;;;;;1;0;1;1;1;0;0;1;0;0;;1;
INFOMED;2014;750310013;750043994;;;;;;;;;;0;1;0;0;0;0;1;1;0;0;0;0;0;;0.1;0.6
INFOMED;2014;750700015;750720609;;;;;;;1;;;;;;0;0;0;0;0;0;0;0;0;0;;0;0.2
INFOMED;2014;750719361;750719361;;;;;;;;;;1;;;0;0;1;1;1;0;;;0;0;;2;1.1
INFOMED;2014;750801441;750712184;;1;;;;;1;;;1;;;0;0;0;0;0;0;0;0;0;0;;1;0.5
INFOMED;2014;750803447;750712184;1;;;;;;;;;;;;;;;;1;1;0;1;0;0;;5;1.1
INFOMED;2014;750803454;750712184;;1;;;;;;;;1;;;0;0;0;0;0;0;0;0;0;0;;5;2
INFOMED;2014;750806226;750712184;;;;;1;;;;;;;;0;0;0;0;0;0;0;0;1;0;;2;0.7
INFOMED;2014;750808578;750813032;;1;;;;;;1;;;;;1;1;0;1;1;1;1;0;0;0;;1.8;
INFOMED;2014;750814824;330030859;;;1;;;;;;;;;;0;0;1;1;1;1;1;0;0;0;;0.05;0.05
INFOMED;2014;750825184;950000760;;;;;;;;;1;;;;0;0;0;0;0;0;0;0;0;0;;;0.05
INFOMED;2014;760000018;760780023;;1;;;;;1;;;1;;;1;1;0;0;0;1;1;0;0;0;;4.4;0.8
INFOMED;2014;760000034;760780049;;;;;;;1;;;;;;;;1;1;1;0;;;0;;760782227;;
INFOMED;2014;760000059;760780064;;;;;;;;;1;;;;0;0;0;0;0;0;;;0;1;760782227;0.2;0.05
INFOMED;2014;760000133;760780213;;;;;;;;;1;;;;0;0;1;1;1;0;;;0;1;760782227;;0.2
INFOMED;2014;760000141;760780239;;;1;;;;1;;;;;;0;0;0;0;0;0;0;0;0;0;;;
INFOMED;2014;760000158;760780239;;;1;;;;1;;;;;;0;0;0;0;0;0;0;0;0;0;;24.22;1.57
INFOMED;2014;760000166;760780247;;1;;;;;;;;;;;0;0;0;0;0;1;1;1;0;0;;2.5;1.8
INFOMED;2014;760000174;760780254;;1;;;;;;1;;;;;1;0;1;1;1;0;0;0;0;1;760000620;0;0
INFOMED;2014;760000190;760780270;;;;;;;;;;1;;;0;0;0;0;0;1;1;0;0;0;;5.98;0.5
INFOMED;2014;760000364;760780734;;;1;;;;;1;;;;;0;0;0;0;0;0;;;1;0;;2.46;0.5
INFOMED;2014;760000372;760780742;;1;;;;;;;;1;;;0;0;0;0;0;1;1;0;0;;;0.9;0.7
INFOMED;2014;760000380;760780759;;;;;;;;;1;;;;0;0;0;0;0;0;;;0;1;760780742;0.1;0.1
INFOMED;2014;760000398;760780742;;;;;;;;;1;;;;0;0;0;0;0;1;1;0;0;;760780742;0.2;0.2
INFOMED;2014;760000463;760024042;1;;;1;;;1;;;;;;0;0;0;0;0;1;1;0;0;;;4.44;2
INFOMED;2014;760020529;760000257;;;;;;1;;;;;;;0;0;0;0;0;0;;;1;;;0.1;0.5
INFOMED;2014;760021329;760000448;;;1;;;1;;;1;;;;0;0;0;0;0;1;1;0;0;1;GENERALE;4.5;0.4
INFOMED;2014;760025312;760000315;;1;;;;;;;;;;;0;0;0;0;0;1;1;0;0;0;;4.43;1.3
INFOMED;2014;760027292;760027300;;;1;;;;;1;;;;;0;0;0;0;0;1;1;1;1;0;;1.5;0.33
INFOMED;2014;760780197;760000117;;;1;;;;;;;;;;0;0;0;0;0;;;;;0;;0.3;0.15
INFOMED;2014;760780205;760000125;;;1;;;;;;;;;;0;0;0;0;0;1;1;0;1;0;;0.54;0.06
INFOMED;2014;760780288;750005068;;;;;;;;;;;;1;0;0;0;0;0;0;;;0;0;;0.4;0.1
INFOMED;2014;760780510;760000257;;;1;;;;;;;;;;0;0;0;0;0;0;;;;0;;2;0.5
INFOMED;2014;760780619;760000307;;1;;;;;;1;;;;;0;0;0;0;0;1;1;0;0;0;;4;1
INFOMED;2014;760780668;760000331;;;1;;;;;;;;;;0;0;0;0;0;1;1;1;1;1;760921809;0.5;0.05
INFOMED;2014;760780692;760025734;;;;;;;1;;;;;;0;0;0;0;0;0;0;0;0;1;610780371;1;0.25
INFOMED;2014;760780783;760000406;;;1;;;;;;;;;;0;0;0;0;0;1;1;0;;0;;0.5;0.2
INFOMED;2014;760780791;760000414;;;1;;;;;;;;;;0;0;0;1;1;0;0;0;1;0;;2.5;0
INFOMED;2014;760780825;760000430;;;1;;;;;;;;;;0;0;0;0;0;0;0;0;0;0;;2;0.25
INFOMED;2014;760780981;760027342;;;;;;;1;;;;;;0;0;1;1;1;1;0;0;0;0;;0.33;0.25
INFOMED;2014;760781054;930019484;;;;;;;1;;;;;;0;0;0;0;0;0;0;0;1;1;270000896;0.23;
INFOMED;2014;760783159;760000851;;1;;;;;;1;;;;;0;0;0;0;0;0;;;1;0;;1.35;0.35
INFOMED;2014;760783522;760780239;;;1;;;;1;;;;;;0;0;0;0;0;0;0;0;0;0;;;
INFOMED;2014;760805770;760780726;;;1;;1;;;1;;1;;;1;0;0;0;1;1;1;0;1;0;;14.88;2.16
INFOMED;2014;760920603;760920587;;;;;;;1;;;;;;0;0;1;1;1;0;0;0;0;0;;0.33;0.2
INFOMED;2014;760920918;760000273;;;;;;;;1;;;;;0;0;0;0;0;1;1;0;;0;;0.5;0.25
INFOMED;2014;760921809;760000273;;;1;;;1;;;1;;;;0;0;0;0;0;1;1;0;0;;;4;1
INFOMED;2014;770000131;770110013;1;;;;;;1;;;1;;;0;0;0;0;0;1;0;0;1;1;770170017;2.34;0.21
INFOMED;2014;770000149;770110021;1;;;;;;;;1;;;;0;0;0;0;0;1;1;0;0;0;;2.6;0.5
INFOMED;2014;770000156;770110054;;1;;;;;1;;;1;;;0;0;0;0;0;0;0;0;1;0;;4.15;0.5
INFOMED;2014;770000164;770110062;;1;;;1;;;1;;;;;0;0;0;0;0;0;0;0;1;1;750712184;2.68;1
INFOMED;2014;770000172;770110070;;;1;;;;;;1;;;1;0;0;0;1;1;0;;;0;0;;1.8;
INFOMED;2014;770000180;770130011;;;1;;;;;;1;;;;0;0;0;0;0;1;1;1;1;0;;;
INFOMED;2014;770000214;770130052;;;1;;;;;1;;;;1;0;0;0;0;0;1;0;0;1;0;;2.5;0.3
INFOMED;2014;770000420;770700029;;;;;;;1;;;;;;0;0;0;0;0;0;0;0;0;1;;;0.05
INFOMED;2014;770000446;770700185;;1;;;1;;1;;;1;;;0;0;0;0;0;1;0;1;1;1;;4.08;
INFOMED;2014;770006138;770020113;;;;;;;;;;;1;;0;0;0;0;0;1;1;0;0;0;;0.25;0.15
INFOMED;2014;770016467;750043994;;;;;;;;;1;;;;0;0;1;1;1;1;0;1;1;0;;0.5;0.3
INFOMED;2014;770019032;770170017;;1;;;;;1;;;1;;;0;0;0;0;0;0;0;0;0;0;;6;0.8
INFOMED;2014;770020055;770000271;;;1;;;;;;;;;;0;0;0;0;0;0;0;0;0;0;;0.14;0
INFOMED;2014;770150019;770019792;;;1;;;;;;1;;;;0;0;0;0;0;0;0;0;0;0;;2;0.5
INFOMED;2014;770150027;750720575;;;;;;;1;;;1;;;0;0;0;0;0;0;0;0;1;0;;1;0.1
INFOMED;2014;770150043;750808529;;;;;;;;;1;;;;0;0;0;0;0;1;1;1;0;;;;
INFOMED;2014;770300010;770004299;;;1;;;;;;;;;;0;0;0;0;0;;;1;;;;1;0.33
INFOMED;2014;770300135;770000289;;;1;;;;;;1;;;;0;0;0;1;1;0;0;0;0;0;;1.4;0.6
INFOMED;2014;770300143;770000362;;;1;;;;;;;;;;0;0;0;0;0;0;;;;0;;1.5;0.5
INFOMED;2014;770300192;770000313;;;1;;;;;;;;;;0;0;0;0;0;0;0;1;1;0;;1;0.1
INFOMED;2014;770300218;440052041;;;;;;;;;1;;;;0;0;0;0;0;0;0;0;0;0;;;
INFOMED;2014;770300275;770000354;;;1;;;;;;;;;;0;0;0;1;1;0;0;0;0;0;;0.95;0.3
INFOMED;2014;770300283;770000362;;;1;;;;;;;;;;0;0;0;0;0;0;;;;0;;1.5;0.5
INFOMED;2014;770310019;770000370;;;;;;;;;;;1;;0;0;0;0;0;1;1;0;0;0;;0.2;
INFOMED;2014;770310027;770000388;;;;;;;;;;;1;;0;0;0;0;0;1;1;0;0;0;;0.2;
INFOMED;2014;770420024;750042590;;;;;;;;;1;;;;;;;;;;;;;;750042590;;
INFOMED;2014;770630028;750042590;;;;;;;;;1;;;;0;0;0;0;0;0;0;0;0;1;750042590;0.34;0.05
INFOMED;2014;770700011;750042590;;;;;;1;;;1;;;;;;;;;;;;;1;750042590;3;
INFOMED;2014;770790707;770000719;;1;;;;;;;;;;;0;0;1;1;1;0;0;0;0;0;;2;0.09
INFOMED;2014;770803989;770000925;;;;;;;;;1;;;;0;0;0;0;0;0;0;0;0;0;;0.76;0.35
INFOMED;2014;780000287;780110011;1;;;;;;1;;;1;;;0;0;0;0;0;1;1;0;1;0;;5.04;1
INFOMED;2014;780000295;780002697;;1;;;;;1;;;1;;;0;0;0;0;0;0;0;1;1;0;;4;1
INFOMED;2014;780000303;780110037;1;;;;;;1;;;;;1;0;0;0;0;0;1;0;0;0;0;;2.65;0.95
INFOMED;2014;780000311;780001236;1;;;1;;;;1;;1;;;0;0;0;0;1;0;0;0;1;0;;2.7;0.5
INFOMED;2014;780000329;780110052;;1;;;;;;;;;;;0;0;0;0;0;1;1;1;0;0;;3.98;1
INFOMED;2014;780000337;780001236;1;;;1;;;;1;;1;;;0;0;0;0;1;0;0;0;1;0;;2.7;0.5
INFOMED;2014;780000352;780110094;;;;;;;;;;;;;0;0;0;0;0;0;0;0;0;0;;;0.69
INFOMED;2014;780000378;780130027;;;1;;;;;;1;;;;0;0;0;0;0;1;1;0;;1;280000183;0.2;0.1
INFOMED;2014;780000410;780140059;;;;;;;;;;1;;;0;0;0;0;0;1;1;0;0;1;;1;0.25
INFOMED;2014;780001467;780018347;;;;;;;1;;;;;;1;0;0;1;1;0;0;0;0;0;;0.5;0
INFOMED;2014;780001657;780530010;;;;;;;1;;;;;;0;0;0;1;1;0;0;0;1;0;;1;0.23
INFOMED;2014;780008298;750043994;0;0;1;;;;0;0;1;;;;0;0;1;1;1;1;1;1;0;;;0.2;0.1
INFOMED;2014;780018727;780018719;;;1;;;;;;1;;;;0;0;0;0;0;1;0;0;1;0;;1.31;0.64
INFOMED;2014;780020111;780020111;;;;;;;;;;;1;;0;0;1;1;1;1;0;1;0;0;;0.05;0.05
INFOMED;2014;780140018;750005068;1;;;;;;1;;;1;;;0;0;0;0;0;1;0;0;0;0;;1.5;1
INFOMED;2014;780140075;750804114;;;;;;;;;1;;;1;0;0;0;0;0;1;0;1;0;0;;0.8;0.2
INFOMED;2014;780150017;750005068;1;;;;;;1;;;;;;0;0;0;0;0;1;0;0;0;0;;1;0.4
INFOMED;2014;780150033;780020715;;;1;;;;;;1;;;;0;0;0;0;0;1;0;1;0;0;;;
INFOMED;2014;780150066;780808614;;;1;;;;;1;;;;;0;0;0;0;0;1;0;0;;0;;2;0.2
INFOMED;2014;780300109;750056335;;;;;;;;;1;;;;0;0;0;0;0;0;0;0;0;0;;0.1;
INFOMED;2014;780300208;780000576;;1;;;;;;1;;;;;1;1;1;1;1;0;0;0;0;0;;0.3;0.6
INFOMED;2014;780300224;310021225;;;;;;;1;;;;;;0;0;0;0;0;1;1;1;0;0;;0.1;0.1
INFOMED;2014;780300323;780003679;;1;;;;;;;;;;;1;1;1;1;1;1;1;0;1;0;;2;0.2
INFOMED;2014;780300406;780018032;;;1;;;;;;;;;;0;0;0;0;0;1;1;0;1;0;;2.5;0.4
INFOMED;2014;780300414;780000675;;;1;;;;;;;;;;0;0;0;0;0;0;0;0;0;0;;3.8;0.7
INFOMED;2014;780300422;780002259;;;;;;;;;;;;;;;;;;;;;;;;2.8;0.4
INFOMED;2014;780300455;780000717;1;;;;;;;;;;;;1;0;1;1;1;0;0;0;0;0;;1;0
INFOMED;2014;780420022;750042590;;;;;;;;1;;;;;;;;;;;;;;1;750042590;1;
INFOMED;2014;780630026;750803900;;1;;;;;;1;;;;;0;0;1;1;1;0;0;;;0;;0.53;0.12
INFOMED;2014;780800256;780110078;1;;;;;;1;;;1;;;0;0;0;0;0;1;0;0;0;0;;6;1.42
INFOMED;2014;780825816;780003638;;;;;;;1;;;;;;;;;;;;;;;;;0.5;
INFOMED;2014;790000087;790000012;;;1;1;;;;;1;1;;;0;0;0;0;0;1;1;1;0;0;;6.73;3.23
INFOMED;2014;790000103;790006654;;1;;;;;;;1;;;1;0;0;0;0;0;1;1;0;1;0;;6.6;0.9
INFOMED;2014;790000145;790000079;;;;;;;;;1;;;;0;0;0;0;0;0;0;0;0;1;790006654;0.4;0.03
INFOMED;2014;790000186;790000178;;;;;;;1;;;;;;0;0;0;0;0;0;0;0;0;0;;0.3;0.2
INFOMED;2014;790000681;790002497;;;;;;;;;1;;;;1;1;1;1;1;0;;;0;0;;0.5;1
INFOMED;2014;790008064;790002497;;;;;;;1;;;;;;0;0;0;0;1;0;0;;0;1;;0.5;0.1
INFOMED;2014;790009948;790001242;;;1;;;;;;;;;;0;0;0;0;0;0;0;0;1;0;;2.8;0.5
INFOMED;2014;800000143;800000028;;1;;1;;;1;;;1;;;0;0;0;0;0;0;0;0;0;0;;3.9;0.99
INFOMED;2014;800000150;800002982;;;1;;;;;;;;;;0;0;0;0;0;0;0;0;0;0;;0.48;0.25
INFOMED;2014;800000200;800000051;;;1;1;;;;;1;;;;0;0;0;0;0;1;0;0;1;0;;1;0.5
INFOMED;2014;800000226;800000069;;1;;1;;;;1;;;;;0;0;0;0;0;1;1;0;1;1;800000044;2.62;1
INFOMED;2014;800000275;800000077;1;;;1;;;1;;;;;;0;0;0;0;0;1;0;1;0;;;0.5;0.08
INFOMED;2014;800000390;800000085;;;1;;;1;;;1;;;1;0;0;0;0;0;0;0;0;0;1;;1.33;0.5
INFOMED;2014;800000432;800000093;;1;;1;;;1;;;1;;;0;0;0;0;0;1;1;1;1;0;;2;0.6
INFOMED;2014;800000440;800000085;;;1;;;;;;1;;;;0;0;0;0;0;;0;0;0;1;800000051;0.5;0
INFOMED;2014;800000457;800000119;;;;;;;;;;1;;;0;0;0;0;0;0;1;0;0;0;;2;1
INFOMED;2014;800000507;800000135;;;1;;;;;;1;;;;0;0;1;0;0;1;1;0;0;0;;0;0
INFOMED;2014;800002503;800001141;;;1;;;;;;;;;;0;0;0;0;0;0;0;0;0;1;;1;1
INFOMED;2014;800006124;800000044;;1;;;;;;1;;;;;0;0;0;0;0;1;1;1;0;0;;2;0.99
INFOMED;2014;800008989;800002941;;;;;;;;;1;;;;0;0;0;0;0;1;1;0;1;1;800009466;0.36;0.02
INFOMED;2014;800009466;800002982;;;1;;;;;;;;;;0;0;0;0;0;0;0;0;0;0;;2;1
INFOMED;2014;800009920;800003071;;;1;;;;;;;;;;0;0;0;0;0;1;1;0;0;0;;7.71;0.99
INFOMED;2014;800012528;800003071;;;;;;;;;1;;;;0;0;0;0;0;1;1;0;0;0;;0.5;0.16
INFOMED;2014;800013179;800013138;;;1;;;;;;;;;;0;0;0;0;0;1;1;0;1;0;;1;0.11
INFOMED;2014;800015729;800015679;;;1;;;;;;;;;;0;0;0;0;0;1;1;0;0;0;;1.5;0.11
INFOMED;2014;810000158;810100099;;;;;;;;;1;;;;0;0;0;0;0;1;1;0;0;0;;1.75;1
INFOMED;2014;810000224;810000471;;1;;;;;;;;;;;1;0;1;1;1;1;1;0;0;0;;2.5;0.25
INFOMED;2014;810000232;810099903;;;;;;;1;;;;;;0;0;0;0;0;1;1;1;1;0;;0.1;0.1
INFOMED;2014;810000448;810099945;;;1;;;;;;1;;;;1;0;0;1;1;0;0;0;0;1;810000505;1.08;0.11
INFOMED;2014;810000505;810000331;;;1;;;1;1;;;;;;0;0;0;0;0;1;0;0;0;0;;3.8;1.4
INFOMED;2014;810000513;810000349;;;1;;;;;;1;;;;0;0;0;0;0;1;0;0;0;0;;0.25;0.2
INFOMED;2014;810000521;810000380;;;1;;1;;1;;;;;;0;0;0;0;0;1;1;0;1;0;;7.47;0.8
INFOMED;2014;810000539;810000398;;;1;;;;;;1;;;;0;0;1;1;1;1;0;0;0;0;;0.5;0.1
INFOMED;2014;810000562;810000455;;;1;;;;;1;;;1;;0;0;0;0;0;1;1;1;0;0;;3.87;0.8
INFOMED;2014;810003954;810099903;;;;;;;1;;;;;;0;0;0;0;0;1;1;1;1;0;;0.1;0.1
INFOMED;2014;810100008;810100008;;;;;;;;;;;1;;0;0;0;0;0;1;0;0;0;0;;2;1
INFOMED;2014;810101170;810101162;;;1;;;;;;1;;;;0;0;0;0;0;;;;;;;3.5;0.4
INFOMED;2014;810101444;810000992;;;1;;;;;;;;;;0;0;0;0;0;1;1;0;1;0;;2.5;0.4
INFOMED;2014;820000032;820000016;;1;;1;;;1;;;1;;;0;0;0;0;0;1;1;0;0;0;;5.45;1.8
INFOMED;2014;820000040;820000081;;;1;;;;;;;;;;;;;;;1;1;0;1;0;;3;0.3
INFOMED;2014;820000057;820000131;;;1;;;;;;;;;;0;0;0;0;1;;1;;1;0;;3.5;0.31
INFOMED;2014;820000065;820000156;;;1;;;;;;;;;;0;0;0;0;0;1;1;0;0;0;;1.34;0.34
INFOMED;2014;820000412;820000560;;;;;;;1;;;;;;0;0;0;0;0;1;1;0;0;0;;0.1;0.05
INFOMED;2014;820000420;820000206;;;;;;;1;;;;;;0;0;1;1;1;0;0;0;0;0;;0;0.1
INFOMED;2014;820000461;820000248;;;;;;;;1;;;;;0;0;0;1;1;0;0;0;0;0;;0.5;0.1
INFOMED;2014;820000883;820004950;;1;;1;;;1;;;;;;0;0;0;0;0;1;0;0;1;0;;1.16;0.39
INFOMED;2014;820002350;820000578;;;;;;;;;1;;;;;;;;;1;1;1;1;;;0.4;0.01
INFOMED;2014;820003218;820008142;;;;;;;1;;;;;;1;0;0;0;0;0;0;0;1;0;;0.6;0.1
INFOMED;2014;830000279;830100517;;1;;;;;;1;;;;;0;0;0;0;0;0;;;0;0;;3;0.92
INFOMED;2014;830000287;830100525;;1;;;;;1;;;;1;;0;0;0;0;0;1;1;0;0;0;;5.8;1.5
INFOMED;2014;830000295;830100533;;;1;;;;;;;;;;0;0;0;0;0;1;0;1;1;0;;2.5;0.6
INFOMED;2014;830000303;830100541;;;;;;;1;;;;;;0;0;0;0;0;1;1;0;0;1;830100616;1;0.2
INFOMED;2014;830000311;830100566;;1;;;;;1;;;1;;;0;0;0;0;0;1;1;0;0;1;830000287;4.5;1.3
INFOMED;2014;830000337;830100590;;;1;;;;;;;;;;0;0;0;0;0;;0;0;1;1;830000311;1;0.1
INFOMED;2014;830000345;830100616;1;;;;;;1;;;1;;;0;0;0;0;0;1;1;0;1;0;;7.65;2
INFOMED;2014;830000600;830101200;;;;;;;;;;1;;;0;0;0;0;0;1;1;1;0;0;;;1
INFOMED;2014;830012589;830003695;;;1;;;;;;;;;;0;0;0;0;0;1;1;0;0;1;830100434;1;0.05
INFOMED;2014;830016556;830000451;1;;;;;;;1;;;;;0;0;0;0;0;1;0;1;1;0;;0.2;0.1
INFOMED;2014;830017372;750721235;;;;;;;;;1;;;;0;0;0;1;1;0;;;0;0;;0.3;0.05
INFOMED;2014;830100012;750712184;;;;;;;;1;;;;;0;0;0;0;0;0;;;0;0;;1.9;0.6
INFOMED;2014;830100103;830000022;;1;;;;;;;;;;;0;0;0;0;0;1;1;0;0;1;830100434;3;0.92
INFOMED;2014;830100327;830000105;;;1;;;;;;;;;;0;0;0;1;1;0;0;0;;0;;1.5;0.1
INFOMED;2014;830100368;830000147;;1;;;;;;;;;;;0;0;0;0;0;1;1;0;0;1;830100434;2;0.12
INFOMED;2014;830100392;830000154;;;1;;;1;;;;;;;0;0;0;0;0;1;1;0;1;0;;2.2;0.4
INFOMED;2014;830100418;830000170;;;1;;;;;;;;;;0;0;0;0;0;1;1;1;1;1;060780897;0.5;0.05
INFOMED;2014;830100434;830000196;;1;;;;;;;;;;;0;0;0;0;0;1;1;0;0;0;;5.4;0.12
INFOMED;2014;830100442;830000204;;;;;;;;;;;;1;0;0;0;0;0;0;0;0;0;0;;0.1;0.05
INFOMED;2014;830100475;830000238;;1;;;;;;;;;;;0;0;0;0;0;1;1;0;0;1;830100434;1.3;0.12
INFOMED;2014;830100558;690781810;;1;;;;;1;;;;;;0;0;0;0;0;0;1;1;0;0;;1.47;0.74
INFOMED;2014;830100574;750821092;1;;;;;;;;;1;;;0;0;0;0;0;1;1;0;1;0;;7.8;0.75
INFOMED;2014;830100632;250002284;;;;;;;1;;;;;;0;0;0;0;0;0;0;0;0;0;;0.25;0.25
INFOMED;2014;830100681;750005068;;;;;;;;1;;;;;0;0;0;0;0;1;1;0;;;;1;0.2
INFOMED;2014;830100764;440052041;;;;;;;;;1;;;;0;0;0;0;0;1;1;1;0;0;;0.25;0.25
INFOMED;2014;830100806;750043994;;;;;;;1;;;;;;0;0;0;0;0;0;;;0;0;;0.1;0.05
INFOMED;2014;830100855;830000493;;;1;;;;;;1;;;;0;0;0;1;1;1;1;1;0;;;1.3;0.32
INFOMED;2014;830100863;830000501;;;;;;;;;1;;;;0;0;0;0;0;0;0;0;0;0;;;0.1
INFOMED;2014;830100871;830000519;;;;;;;;;1;;;;0;0;0;0;0;1;1;0;0;1;830100434;1;0.1
INFOMED;2014;830101010;830000568;;;;;;;1;;;;;;0;0;1;1;1;0;0;0;0;0;;0.1;0.04
INFOMED;2014;830101408;830000659;;;;;;;;1;;;;;1;1;1;1;1;1;0;0;0;0;;0.2;0.04
INFOMED;2014;830200507;830013678;;;;;;;1;;;;;;0;0;0;0;0;0;;;0;0;;0.5;0.23
INFOMED;2014;830200523;830210084;;;1;;;;;;;;;;1;0;0;1;1;1;1;0;1;1;;1.52;
INFOMED;2014;840000202;130037815;;;;;;;;1;;;;;0;0;1;0;0;1;0;1;0;0;;0.1;0.05
INFOMED;2014;840000285;840000608;;;1;;;;;;;;;;0;0;0;0;0;0;1;0;1;0;;0.86;0.23
INFOMED;2014;840000327;840000640;1;;;;;;;;;;;;0;0;0;0;0;0;0;0;1;0;;0.86;0.05
INFOMED;2014;840000343;840000012;;1;;;;;;;1;;;;1;1;1;1;1;0;0;0;0;0;;1;0.4
INFOMED;2014;840000350;840000657;;1;;;;;;;;;;;0;0;0;0;0;1;0;0;1;0;;3;1
INFOMED;2014;840000376;840000038;;;;;;;;;1;;;;0;0;0;0;0;0;0;0;0;1;840000087;0.06;0.05
INFOMED;2014;840000392;840000046;;;1;;;;;;;;;;0;0;0;1;1;1;1;0;1;0;;2;0.5
INFOMED;2014;840000400;840000673;;1;;;;;;;;;;;0;0;0;1;1;1;1;1;0;0;;;
INFOMED;2014;840000418;840004659;1;;;;;;1;;;;;;0;0;0;0;1;0;0;0;1;1;130781446;1.5;0.5
INFOMED;2014;840000426;840000061;;;1;;;;;;1;;;;0;0;0;0;0;0;0;0;0;1;840000012;0.1;0.05
INFOMED;2014;840000434;840000079;;;1;;;;;;1;;;;0;0;0;0;0;1;1;0;0;0;;0.5;
INFOMED;2014;840000483;840000087;;;1;;;;;1;;;;;0;0;0;0;0;1;1;0;0;1;840000087;3;1.2
INFOMED;2014;840000491;130041916;;1;;;;;1;;;;;;0;0;0;0;0;1;1;0;0;0;;1.25;0.2
INFOMED;2014;840000509;840000707;;;;;;;;;;;;1;0;0;0;0;0;1;0;1;0;0;;0.15;0.23
INFOMED;2014;840000525;840000111;;;1;;;;;;1;;;;0;0;0;0;0;1;1;0;0;1;840000087;0.8;0.3
INFOMED;2014;840000533;840000129;;;1;;;;;;1;;;;0;0;0;0;0;1;1;0;1;0;;;
INFOMED;2014;840000541;840000137;;;;;;;;;;1;;;0;0;0;0;0;0;;;0;0;;3;0.6
INFOMED;2014;840001861;840006597;1;;;;;;1;;;;;;0;0;0;0;0;1;1;0;0;0;;15.18;2.2
INFOMED;2014;840013312;840003685;;;1;;;;;;;;;;0;0;0;1;1;0;0;0;1;1;840013312;2.89;0.1
INFOMED;2014;840014088;920000395;;;;;;;;;1;;;;0;0;0;0;0;1;0;1;0;0;;1;1
INFOMED;2014;840014849;750043994;;;;;;;;1;;;;;0;0;0;0;0;0;0;0;;0;;0.2;0.2
INFOMED;2014;840017172;840017164;;;1;;;;;;;;;;0;0;0;1;1;1;1;0;0;0;;3;0.2
INFOMED;2014;840019079;840019053;;1;;;;;;;;;;;0;0;0;0;0;0;0;0;0;1;840017172;0;0
INFOMED;2014;850000118;850013244;;;1;;;;;;1;;;;0;0;0;1;1;0;;;1;0;;2;0.1
INFOMED;2014;850000126;850022948;;;1;;;;;;;;;;1;0;0;0;0;0;0;0;0;0;;;0.2
INFOMED;2014;850000134;850013269;;;1;;;;;;;;;;1;0;0;1;1;1;1;0;0;0;;1.5;
INFOMED;2014;850000142;850000019;;1;;;;;;1;;;;;0;0;0;0;0;1;0;0;0;0;850000019;4.65;2.9
INFOMED;2014;850000175;850009010;;1;;;;;;1;;1;;;0;0;0;0;0;0;0;0;0;0;;2.94;0.95
INFOMED;2014;850000191;850000043;;;1;;;;1;;;;;;0;0;0;0;0;0;;;0;1;850000175;;0.05
INFOMED;2014;850000209;850000019;;;1;;;;;1;;;;;0;0;0;0;0;1;0;0;0;0;;0.81;
INFOMED;2014;850000225;850000019;;;1;;;;;1;;;;;0;0;0;0;0;1;0;0;0;0;;0.8;
INFOMED;2014;850000241;850000084;;1;;;;;1;;;;;;0;0;0;0;1;1;1;0;1;0;;3.31;0.83
INFOMED;2014;850000258;850000092;;;;;;;;;;1;;;0;0;0;0;0;0;0;0;0;0;;1.8;0.5
INFOMED;2014;850000399;750005068;;;;;;;;;1;;;;0;0;0;0;0;1;1;0;0;0;;0.4;0.1
INFOMED;2014;850000647;850011453;;;1;;;;;1;;;;;0;0;0;0;0;1;1;1;1;1;850000035;1;0.1
INFOMED;2014;850002395;850013244;;;;;;;1;;;;;;0;0;0;1;1;1;1;1;1;1;850000118;0.09;0.1
INFOMED;2014;850002403;750721334;;;;;;;;1;;;;;1;1;1;1;1;0;0;0;0;0;;0.5;
INFOMED;2014;850006008;850005968;;;;;;1;;;;;;;0;0;0;0;0;1;1;1;1;0;;0.07;0.3
INFOMED;2014;850009630;850000035;;;1;;;;;;1;;;1;0;0;0;0;0;1;1;0;0;1;850000647;2.91;0.76
INFOMED;2014;850022013;850000100;;;;;;;;1;;;;;0;0;1;1;1;0;0;0;0;1;850009010;0.05;0.05
INFOMED;2014;860000017;860780048;;;;;;;;;;1;;;0;0;0;0;0;1;1;1;0;0;;4.8;0.5
INFOMED;2014;860000025;860013382;;;1;1;;;;1;;;;;0;0;0;0;0;1;1;0;0;0;;3.93;0.8
INFOMED;2014;860000033;860013382;;;1;;;;;;1;;;;0;0;0;0;0;1;1;0;0;1;860000025;0.95;0.2
INFOMED;2014;860000058;860780097;;;1;;;;;;1;;;;0;0;0;0;0;0;;;0;1;860000223;1.2;0.5
INFOMED;2014;860000223;860013077;;1;;1;;;1;;;;;;0;0;0;0;0;0;0;0;0;0;;13.42;5.83
INFOMED;2014;860008929;860008879;;;;;;1;;;;;;;0;0;0;0;0;1;1;1;1;0;;0.1;0.1
INFOMED;2014;860010321;860010313;;;1;;;;;;;;;;0;0;0;0;0;1;1;0;1;0;;3.25;
INFOMED;2014;860780311;860010750;;1;;;;;;;;;;;0;0;0;0;0;1;1;1;1;1;;2;0.1
INFOMED;2014;860780436;870015336;;;;;;;1;;;;;;0;0;0;0;0;0;;;0;0;;0.1;0.11
INFOMED;2014;860780568;860000140;;;1;;;;;;;;;;;0;0;0;0;1;1;0;1;0;;1;0.2
INFOMED;2014;860790419;860003110;;;;;;;;;1;;;;0;0;0;0;0;1;1;1;1;0;;0.75;0.05
INFOMED;2014;860791268;310021365;;;;;;;;;1;;;;0;0;0;0;0;0;0;0;0;0;;0.1;0.14
INFOMED;2014;860793405;860793397;;;;;;;;;1;;;;0;0;0;0;0;1;1;1;1;0;;0.14;0.07
INFOMED;2014;870000064;870000015;;1;;1;;;;1;;;;;1;0;0;0;0;0;0;0;0;0;;11.5;1.18
INFOMED;2014;870000098;870000023;;1;;;;;;;;;;;0;0;0;0;0;0;;;1;0;;1.6;0.3
INFOMED;2014;870000171;870015336;;;;;;;1;;;;;;0;0;0;0;0;1;1;0;0;0;;0.2;0.1
INFOMED;2014;870000221;870000973;;;;;;;;;;;1;;0;0;0;0;0;0;0;0;0;0;;0.1;0.05
INFOMED;2014;870000270;870000031;;1;;1;;;;1;;;;;0;0;0;0;0;1;1;0;0;0;;0.5;0.3
INFOMED;2014;870000288;870017415;;;1;;;;;;;;;;;;;;;1;1;0;0;0;;;
INFOMED;2014;870000411;870017415;;;1;;;;;;;;;;0;0;0;0;0;1;1;0;0;0;;2;
INFOMED;2014;870000551;870014503;;1;;;;;;1;;;;;0;0;0;0;0;1;1;0;1;1;870000023;0.9;0.05
INFOMED;2014;870000601;870014248;;;1;;;;;;1;;;;0;0;0;0;0;0;0;0;0;0;;0.2;0.5
INFOMED;2014;870002060;870017415;;;1;;;;;;;;;;0;;0;0;0;1;1;0;0;0;;2.5;0
INFOMED;2014;870002516;870000023;;;;;;;;1;;;;;0;0;0;0;0;0;;;;;;;0.1
INFOMED;2014;870006137;870002466;;;;;;;1;;;1;;;0;0;0;0;0;1;1;1;0;0;;3.82;1.4
INFOMED;2014;870016631;870016722;;;;;;;;;1;;;;0;0;0;1;0;0;;;0;0;;0.5;0.1
INFOMED;2014;880000021;880007059;;;1;;;;;;1;;;;0;0;0;1;0;1;1;1;0;0;;5.75;1
INFOMED;2014;880000039;880780069;;;1;;;1;;1;;;;;0;0;0;0;0;0;0;0;0;1;880780077;0.5;
INFOMED;2014;880000047;880780077;1;;;;;;1;;;;;;0;0;0;0;0;1;1;0;0;0;;2.5;1
INFOMED;2014;880000054;880007299;;1;;;;;1;;;;;;0;0;0;0;0;1;0;1;0;0;;2;0.8
INFOMED;2014;880000062;880780093;;1;;;;;;1;;;;;0;0;0;0;0;1;1;0;0;0;;4.2;1.2
INFOMED;2014;880000070;880007299;;1;;;;;;1;;;;;0;0;0;0;0;1;0;1;0;0;;1;0.2
INFOMED;2014;880000088;880780119;;;;;;;;;;1;;;0;0;0;0;0;0;0;0;0;0;;1;1
INFOMED;2014;880000104;880780259;1;;;;;;;1;;;;;1;1;1;1;1;0;0;0;0;1;880000021;;
INFOMED;2014;880000153;880780309;;;;;;;;1;;;;;0;1;1;1;1;0;0;0;0;1;880000062;0;0
INFOMED;2014;880000187;880780333;1;;;;;;1;;;;;;0;0;1;1;1;0;0;0;0;0;;0;0
INFOMED;2014;880000336;880007059;;;;;;;;;1;;;;0;0;0;0;0;0;0;0;0;0;;1;0.5
INFOMED;2014;880001789;880001409;;;;;;;;;1;;;;0;0;0;0;0;1;1;0;;1;880007059;0.5;0.2
INFOMED;2014;880780507;880000237;;;;;;;;;1;;;;0;0;0;0;0;1;1;0;0;0;;1;0.04
INFOMED;2014;880788591;880780150;;;1;;;;;;;;;;1;0;1;1;1;0;;;1;0;;3;0
INFOMED;2014;890000169;890000151;;;1;;;;;;;;;;0;0;0;0;0;0;0;0;0;0;;1;0.25
INFOMED;2014;890000292;890006315;;;;;;;1;;;;;;0;0;0;0;0;0;0;0;0;0;;0.1;0.1
INFOMED;2014;890002298;890000672;;;;;;;;;;;;1;0;0;0;0;0;1;0;0;1;0;;0.1;0.3
INFOMED;2014;890002371;890000722;;;;;;;;;;1;;;0;0;0;0;0;0;;;0;0;;0.04;0.01
INFOMED;2014;890975519;890000052;;;;;;;;;;1;;;0;0;0;0;0;0;;;1;1;710781329;1;0.6
INFOMED;2014;890975527;890000037;;1;;1;;;1;;;;;;0;0;0;0;0;1;1;0;0;0;;5.09;0.8
INFOMED;2014;890975535;890000409;1;;;;;;1;;;;;;0;0;0;0;0;1;1;0;1;0;;1;
INFOMED;2014;890975543;890000417;1;;;1;;;1;;;;;;0;0;0;0;0;1;1;0;1;0;;1;0.17
INFOMED;2014;890975550;890970569;1;;;1;;;1;;;;;;1;0;0;0;0;0;;;1;0;;2.4;0.62
INFOMED;2014;890975568;890000433;;;1;;;1;;;1;;;;0;0;0;0;0;1;0;0;1;0;;0.92;0.4
INFOMED;2014;900000035;900003880;;1;;;;;;;1;;;;0;0;0;0;0;1;1;0;1;0;;1.8;0.2
INFOMED;2014;900000167;900000365;;;1;;;;;1;;;;;0;0;0;0;1;1;0;0;0;0;900000365;11.4;2.6
INFOMED;2014;900002429;700004096;;;;;;;;;;1;;;0;0;0;0;0;1;1;0;0;;;;
INFOMED;2014;910000272;910110014;1;;;;;;1;;;;;;0;0;0;0;0;1;1;0;1;0;;1.5;1
INFOMED;2014;910000280;910019447;;1;;;;;1;;;;;;0;0;0;0;0;1;1;1;0;0;;1.86;0.5
INFOMED;2014;910000298;910110055;;1;;;;;1;;;;;;0;0;0;0;0;0;0;0;1;1;910019454;2.25;0.2
INFOMED;2014;910000306;910110063;;1;;;;;1;;;1;;;0;0;0;0;0;0;0;0;1;1;910019454;1.34;0.8
INFOMED;2014;910000330;910140029;;;;;;;;;;1;;;0;0;0;0;0;1;0;0;0;0;;0.3;1
INFOMED;2014;910001973;910019447;;1;;;;;1;;;;;;0;0;0;0;1;1;1;1;0;0;;3;0.5
INFOMED;2014;910009919;910009869;;;;;;;;1;;;;;0;0;0;0;0;0;0;0;1;0;;0.46;0.1
INFOMED;2014;910015965;750043994;0;1;0;0;0;0;0;1;0;0;0;0;0;0;1;1;1;1;1;1;1;0;;0.5;0.2
INFOMED;2014;910018423;910019454;;;1;;;;;;1;;;;0;0;0;0;0;1;0;0;1;0;;0.92;0.4
INFOMED;2014;910020254;910002773;1;;;;;;1;;;1;;;0;0;0;0;0;0;0;0;1;0;;6.7;2
INFOMED;2014;910100015;750712184;1;;;;;;1;;;;;;0;0;0;0;0;0;;;0;1;940100027;1.66;0.33
INFOMED;2014;910100023;750712184;1;;;;;;1;;;;;;0;0;0;0;0;0;;;0;1;940100027;2.36;0.33
INFOMED;2014;910140037;750720914;;;;;;;;;;;1;;0;0;0;0;0;0;0;1;0;0;;0;0
INFOMED;2014;910150010;910014919;;;1;;;;;1;;1;;;0;0;0;0;0;0;;;0;0;;1;0.21
INFOMED;2014;910150028;750811184;;;1;;;;1;;;;;;0;0;0;0;0;0;0;0;0;0;;2.5;0.94
INFOMED;2014;910150069;910000033;;;1;;;;;1;;;;;0;0;0;1;1;0;;;1;0;;0.87;
INFOMED;2014;910150085;910009539;;;;;;;;;1;;;;0;0;0;0;0;0;0;0;0;0;;0.5;0.1
INFOMED;2014;910300011;910000348;;1;;;;;;;;;;;1;0;1;1;1;1;1;0;1;0;;1;0.5
INFOMED;2014;910300029;910000355;1;;;;;;1;;;1;;;1;1;1;1;1;0;0;0;0;0;;1;0
INFOMED;2014;910300045;910002419;;;;;;;;;1;;;;;;;;;0;0;;;1;;0.3;0.1
INFOMED;2014;910300144;910000447;;;1;;;;;;;;;;0;0;0;0;0;0;;;1;0;;2;0.4
INFOMED;2014;910300177;910000462;;;1;;;;;;;;;;0;0;0;0;0;0;0;0;0;0;;2;0.2
INFOMED;2014;910300219;910003888;;1;;;;;;1;;;;;0;0;0;0;0;0;0;0;1;0;;5;1
INFOMED;2014;910300235;310021282;;;;;;;1;;;;;;0;0;0;0;0;0;;;0;0;;0.2;0.1
INFOMED;2014;910300276;910019702;;;;;1;;;;;;;;0;0;0;0;0;1;1;0;0;0;;1;0.25
INFOMED;2014;910300300;910000538;;1;;;;;;;;;;;1;1;1;1;1;1;0;1;0;0;;1;
INFOMED;2014;910300326;910000553;;;1;;;;;;1;;;;0;0;0;0;0;1;1;0;0;0;;1;0.1
INFOMED;2014;910310010;750052326;0;0;0;0;0;0;0;0;0;0;1;0;0;0;0;1;1;0;0;0;0;0;;0.1;0.6
INFOMED;2014;910310028;750043994;0;0;0;;;;;;;0;1;0;0;0;0;0;0;0;0;0;0;0;;1;0.1
INFOMED;2014;910500040;910009539;;;1;;;;;;1;;;;0;0;0;0;0;0;0;0;0;0;;0.5;0.1
INFOMED;2014;910805357;910001643;;1;;;;;;;;;;;0;0;0;0;0;0;0;0;1;0;;0.7;0.1
INFOMED;2014;910811322;830013678;;;;;;;;1;;;;;0;0;1;1;1;0;0;0;1;1;830013678;0.6;0.17
INFOMED;2014;920000460;750813321;;;1;;;;;;;;;;0;0;0;0;1;0;0;0;0;0;;5.77;0.8
INFOMED;2014;920000577;920110020;;;1;;;;1;;;1;;;0;0;0;0;0;0;1;0;0;0;;3.3;0.4
INFOMED;2014;920000585;920026374;;1;;1;;;1;;;;;;0;0;0;0;0;1;1;0;0;0;;1;1
INFOMED;2014;920000601;920110053;;;1;;1;;;;;;;;1;0;0;1;1;1;1;;1;0;;1;0.1
INFOMED;2014;920000619;920009909;;;1;;;1;;;1;;;;0;0;0;1;1;0;0;0;1;0;;2.35;0.3
INFOMED;2014;920000627;920009909;;;1;;;1;;;1;;;;0;0;0;1;1;0;0;0;1;0;;;
INFOMED;2014;920000635;920150026;1;;;;;;1;;;;;;1;1;1;1;1;0;0;0;0;0;;;
INFOMED;2014;920000643;920150034;;;1;;;;;;;;;;1;1;1;1;1;;1;0;0;0;;3;0.5
INFOMED;2014;920000650;920150059;;;1;;;;;;;1;;;0;0;0;0;;0;0;0;1;0;;5.5;0.81
INFOMED;2014;920000684;920150091;;;1;;;;;;;;;;0;0;0;0;0;1;1;0;0;0;;3;1
INFOMED;2014;920001096;920001096;;;;;;;;;;1;;;0;0;0;0;0;1;0;0;0;1;;0.12;0.2
INFOMED;2014;920001369;920710654;;;;;;;1;;;;;;0;0;0;0;0;0;;;1;0;;0.3;0.1
INFOMED;2014;920002177;920804465;;;;;;;;;;1;;;0;0;0;0;0;1;1;;0;0;;2.17;0.2
INFOMED;2014;920004058;750056129;;;;;;;1;;;;;;0;0;0;0;0;0;0;0;0;0;;5;5
INFOMED;2014;920005238;750043994;0;0;0;0;0;0;0;0;1;0;0;0;0;0;0;0;0;0;;;0;0;;;0.3
INFOMED;2014;920007408;950140012;;;;;;;;;;1;;;0;0;0;0;0;0;0;0;;0;;0;0
INFOMED;2014;920007549;920007499;;;;;;;1;;;1;;;0;0;0;0;0;1;0;0;0;0;;0.1;0.2
INFOMED;2014;920016698;930019484;;;;;;;;;1;;;;0;0;0;0;0;1;1;0;0;0;;0.5;0.2
INFOMED;2014;920024205;920808037;;;;;;;1;;;;;;0;0;0;0;0;0;;;0;0;;0;0.1
INFOMED;2014;920100013;750712184;;1;;;;;;;;;;;0;0;0;0;0;1;0;0;0;0;;2.56;0.9
INFOMED;2014;920100021;750712184;1;;;;;;1;;;1;;;0;0;0;0;0;1;0;1;0;0;;2.3;2
INFOMED;2014;920100039;750712184;;1;;;;;;;;;;;0;0;0;0;1;1;0;1;0;0;;3;2
INFOMED;2014;920100047;750712184;;1;;;;;1;;;1;;;0;0;0;0;1;1;0;1;0;0;;2;1
INFOMED;2014;920100054;750712184;;1;;;;;;1;;;;;0;0;0;0;0;1;0;0;0;0;;3;1.2
INFOMED;2014;920100062;750712184;1;;;;;;1;;;1;;;0;0;0;0;0;0;;;0;1;750803447;0.8;0.05
INFOMED;2014;920120011;750821092;1;;;;;;1;;;1;;;0;0;0;0;0;0;0;0;0;;;2;
INFOMED;2014;920140019;750005068;;;;;;;;;;1;;;0;0;0;0;0;1;0;0;0;0;;0.8;0.3
INFOMED;2014;920140027;750720575;;;;;;;;;;;1;;0;0;0;0;0;1;1;1;0;0;;0.5;0.05
INFOMED;2014;920150018;750720492;;;;;;;;1;;;;;1;0;1;1;1;0;0;0;1;0;;0.5;
INFOMED;2014;920150075;780020715;;;;;;1;;;;;;;0;0;0;0;0;0;0;0;0;0;;0;0.1
INFOMED;2014;920170024;940809452;;;;;;;;;;;1;;0;0;1;1;1;0;;;0;1;;0.2;0
INFOMED;2014;920170081;750721391;;;;;;;;;;1;;;0;0;0;0;0;1;0;1;0;1;;0.1;0.05
INFOMED;2014;920300043;920001526;;;1;;;1;;;;;;;0;0;0;0;0;1;1;1;1;0;;6;1
INFOMED;2014;920300183;920000759;;;1;;;;;;;;;;0;0;0;0;0;0;;;0;0;;;0.23
INFOMED;2014;920300191;920000767;;;1;;;;;;;;;;0;0;0;0;0;0;0;0;1;1;;1;0.15
INFOMED;2014;920300209;920000775;;;1;;;;;;;;;;1;0;0;1;1;0;0;0;0;0;;1;0.2
INFOMED;2014;920300258;920000809;;;;;;;1;;;;;;0;0;0;0;0;;;0;1;1;920300043;0.2;0.09
INFOMED;2014;920300266;920000940;;;1;;;;;;1;;;1;0;0;0;0;0;0;0;0;1;0;;0.83;0.14
INFOMED;2014;920300365;920815388;;;1;;;;;;;;;;1;0;1;1;1;0;0;0;0;0;;1;0.2
INFOMED;2014;920300381;920005378;;;;;;;;1;;;;;0;0;0;0;0;1;1;;;0;;0.5;0.25
INFOMED;2014;920300423;750043994;;;;;;;;1;;;;;0;0;0;0;0;0;0;0;0;0;;1;
INFOMED;2014;920300480;920000924;;;;;;;;;1;;;;1;1;1;1;0;0;;;0;0;;0.2;0.03
INFOMED;2014;920300563;920000932;;;;;;;1;;;;;;;;;;;;;;;1;;0.1;0.1
INFOMED;2014;920300597;920000940;;;1;;;;;;;;;1;0;0;0;0;0;0;0;0;1;0;;1.55;0.28
INFOMED;2014;920300712;920810736;;;1;;;;;;;;;;0;0;0;0;0;1;0;0;0;0;;1;0.1
INFOMED;2014;920300753;920810736;;;1;;;;;;;;;;0;0;0;0;0;1;1;0;0;;;;0.6
INFOMED;2014;920300761;920000973;;;1;;;;;;;;;;0;0;0;0;0;1;0;0;0;0;;1.8;0.2
INFOMED;2014;920300787;920000981;1;;;;;;;;;;;;0;0;0;0;0;1;1;0;0;0;;6;1
INFOMED;2014;920300837;920001005;;;1;;;;;;;;;;0;0;0;0;0;1;1;0;0;1;780300406;1;0.25
INFOMED;2014;920300886;750043994;;;;;;;0;1;0;;;;0;0;0;0;0;1;0;1;0;0;;0.8;
INFOMED;2014;920300936;920006848;;1;;;;;;;;;;;0;0;0;0;0;0;0;0;1;0;;1;0.5
INFOMED;2014;920300985;920810330;;;;;;;;1;;;;;1;1;1;1;1;0;0;0;1;0;;1;0.1
INFOMED;2014;920301033;920001062;;;1;;;;;;;;;;0;0;0;0;1;1;0;0;0;0;;0.5;0.2
INFOMED;2014;920310026;920001070;;;;;;;;;;;;1;0;0;1;0;0;1;0;1;0;0;;0.1;0.08
INFOMED;2014;920310034;920001088;;;;;;;;;;1;;;0;0;0;0;0;1;0;0;0;;;0.04;0.05
INFOMED;2014;920600012;750042590;;;;;;;;;1;;;;;;;;;;;;;;750042590;;
INFOMED;2014;920600061;920001146;;;;;;;;;1;;;;0;0;0;0;0;1;1;0;0;0;;0.5;0.06
INFOMED;2014;920711512;920013448;;;;;;;1;;;;;;0;0;0;0;0;0;0;0;0;0;;0.6;0.09
INFOMED;2014;920803798;920002037;;;1;;;;;;1;;;;0;0;0;0;0;1;1;0;0;1;780300406;1;0.2
INFOMED;2014;920811635;780140059;;;;;;;;;;;;1;0;0;0;0;0;1;1;0;0;1;;0.5;0.25
INFOMED;2014;920813623;920029097;;;;;1;;;;;;;;0;0;0;0;0;0;0;0;1;0;;4;1
INFOMED;2014;930000286;930021480;1;;;1;;;1;;;;;;0;0;0;0;0;1;1;0;0;0;;4;0.5
INFOMED;2014;930000302;930110036;;1;;;;;1;;;;;;0;0;0;0;0;1;1;0;1;0;;;0.8
INFOMED;2014;930000328;930110051;1;;;1;;;1;;;1;;;1;0;0;0;0;1;1;1;1;0;;4;0.9
INFOMED;2014;930000336;930110069;;;1;;;;;;1;;1;;0;0;0;0;0;0;;;0;0;;2;1
INFOMED;2014;930000344;930140025;;;;;;;;;;;;1;0;0;0;0;0;1;1;1;0;0;;5.73;2
INFOMED;2014;930004288;750720922;;;;;;;;;;;;1;0;0;1;1;1;1;0;0;0;1;;0;0
INFOMED;2014;930006648;750721235;;;;;;;;;1;;;;0;0;1;1;1;1;1;0;0;;;1;0.2
INFOMED;2014;930009188;930009139;;;;;;;;1;;;;;0;0;0;0;0;1;1;;;0;;0.5;0.25
INFOMED;2014;930013818;930024427;;;;;;;1;;;;;;0;0;0;0;0;0;0;;;0;;0.25;0.3
INFOMED;2014;930017512;930019948;;;;;;;1;;;;;;0;0;0;0;0;0;;;;;;2;0.5
INFOMED;2014;930020920;750043408;0;0;0;0;0;0;0;0;0;1;0;0;0;0;0;0;0;0;;;;0;;;
INFOMED;2014;930021001;440052041;;;;;;;1;;;;;;0;0;0;0;0;0;0;0;0;0;;0.5;0.2
INFOMED;2014;930100011;750712184;;;;;;;;;;;;;0;0;0;0;0;0;0;0;0;0;;0.2;0.4
INFOMED;2014;930100037;750712184;1;;;;;;1;;;1;;;0;0;0;0;0;1;0;1;0;0;;3.6;1.3
INFOMED;2014;930100045;750712184;1;;;;;;;;;;;;0;0;0;0;0;1;0;1;;0;;2;1
INFOMED;2014;930150032;930000815;;;1;;;;;;;;;;0;0;0;0;0;0;0;0;1;1;750006728;0.1;0.05
INFOMED;2014;930150057;750808529;;;;;;;;;1;;;;0;0;0;0;0;0;0;0;0;1;750034589;;
INFOMED;2014;930300066;930000401;;;1;;;;;;;;;;0;0;0;0;0;0;0;0;0;1;;2.54;0.5
INFOMED;2014;930300082;930000419;;;1;;;;;;;;;;0;0;0;0;0;0;0;0;0;0;;2;0.7
INFOMED;2014;930300116;930000427;;;1;;;;;;;;;;0;0;0;0;0;0;0;0;0;0;;1.5;0.2
INFOMED;2014;930300140;930000450;;;;;;;1;;;;;;;;1;1;1;1;0;1;0;0;;0.4;
INFOMED;2014;930300264;930000492;;;1;;;;;;;;;;0;0;0;0;0;0;0;0;0;0;;0.8;0.6
INFOMED;2014;930300298;930025523;;;1;;;;;;;;;;1;0;1;1;1;0;0;0;0;0;;2;1
INFOMED;2014;930300504;930000609;;1;;;;;;;;;;;0;0;0;0;0;1;0;1;0;;;0.5;0.35
INFOMED;2014;930300546;930008008;;;;;;;;;1;;;;0;0;1;1;1;0;0;0;0;0;;0.4;0.05
INFOMED;2014;930300553;930000633;;;1;;;;;;1;;;;0;0;0;0;0;1;1;0;1;0;;3.45;1
INFOMED;2014;930300595;930000658;;;1;;;;;;;;;;0;0;0;0;0;0;0;0;0;0;;1.6;0.2
INFOMED;2014;930300629;930000666;1;;;;;;;;;;;;1;1;1;1;1;0;0;0;0;0;;1;0.25
INFOMED;2014;930300645;930000682;;;1;;;;;;;;;;1;0;1;1;1;0;0;0;0;0;;1.5;0.2
INFOMED;2014;930300678;310021290;;;;;;;;1;;;;;0;0;0;0;0;0;;;0;0;;0.2;0.1
INFOMED;2014;930600010;750042590;;;;;;;;;1;;;;0;0;0;0;0;0;0;0;0;1;750042590;0.33;0.03
INFOMED;2014;930700018;750040628;;;;;;;;;1;;;;0;0;0;0;0;0;0;0;1;0;;;
INFOMED;2014;930703921;750721334;;;;;;;;;;;;1;0;0;0;0;0;0;0;0;0;0;;;
INFOMED;2014;930817465;930712716;;;;;;;;;;;1;;0;0;1;1;1;0;0;0;0;0;;0.5;
INFOMED;2014;940000573;940110018;;1;;;;;1;;;1;;;0;0;0;0;0;1;0;0;0;0;;5.65;1
INFOMED;2014;940000599;940110042;;1;;;;;1;;;1;;;0;0;0;0;0;0;;;0;0;;5;1
INFOMED;2014;940000607;940140015;;;;;;;;;;;;1;0;0;0;0;0;0;0;0;0;1;780140059;0.9;0.5
INFOMED;2014;940000615;940140023;;;;;;;1;;;1;;;0;0;0;0;0;1;1;0;0;0;;2.6;1
INFOMED;2014;940000649;940150014;;1;;;;;;;;;;;0;0;0;0;0;0;0;0;0;0;;3;0.5
INFOMED;2014;940000656;940150022;;1;;;;;;1;;;;;0;0;0;0;0;0;0;0;0;0;;1;0.4
INFOMED;2014;940000664;940160013;;;1;;;;;;;;;;0;0;0;0;0;1;0;0;1;1;940000656;15.13;1
INFOMED;2014;940006679;940017338;;1;;;;;;;;;;;0;0;0;0;0;0;0;0;1;1;;1.8;0.2
INFOMED;2014;940016868;940016819;1;;;;;;1;;;1;;;0;0;0;0;0;;;;0;0;;4.71;0.2
INFOMED;2014;940021157;750005068;;;;;;;;;;;1;;0;0;0;0;0;1;1;0;0;0;;;0.07
INFOMED;2014;940100027;750712184;;1;;;;;1;;;1;;;0;0;0;0;0;1;0;0;0;0;;9;2
INFOMED;2014;940100035;750712184;1;;;;;;1;;;1;;;0;0;0;0;0;0;0;0;0;1;750100125;1;0.6
INFOMED;2014;940100043;750712184;1;;;;;;1;;;1;;;0;0;0;0;0;1;0;1;0;0;;3.5;1.5
INFOMED;2014;940100050;750712184;1;;;;;;1;;;;;;0;0;0;0;0;0;;;0;1;940100027;2.76;0.33
INFOMED;2014;940100068;750712184;;;1;;;;1;;;;1;;0;0;0;0;0;1;0;1;0;;;4;1.3
INFOMED;2014;940120017;750821092;1;;;;;;;;;1;;;0;0;0;0;0;1;1;0;1;0;;3;1
INFOMED;2014;940170012;940000672;;;;;;;;;;;1;;0;0;1;1;1;0;0;0;0;1;;0.1;0.03
INFOMED;2014;940170137;750721391;;;;;;;;;;1;;;0;0;0;0;0;1;0;1;0;1;;0.1;0.05
INFOMED;2014;940300031;940000706;;;1;;;;;;;;;;0;0;0;0;0;0;;;1;0;;3.5;1
INFOMED;2014;940300080;940000722;;;;;;;1;;;;;;0;0;0;0;0;0;;;1;0;;0.4;0.5
INFOMED;2014;940300163;750043994;;;1;;;;;;1;;;;0;0;0;0;0;0;0;0;0;0;;1;0.3
INFOMED;2014;940300270;940000771;;;1;;;;;;;;;;0;0;0;0;0;1;1;0;1;1;;2;0.2
INFOMED;2014;940300379;940000805;;1;;;;;;;;;;;0;0;0;0;0;0;0;0;0;0;;1.91;0.3
INFOMED;2014;940300452;940000862;;;1;;;;;;;;;;0;0;0;0;0;1;0;0;1;0;;0.3;0.2
INFOMED;2014;940300494;940000896;;;1;;;;;;;;;;0;0;0;0;0;0;;;0;1;;0.4;0.2
INFOMED;2014;940300551;940000912;;;1;;;;;;;;;;0;0;0;0;0;0;0;0;1;0;;1;0.2
INFOMED;2014;940300577;310021266;;;;;;;;;1;;;;0;0;0;0;0;0;0;0;0;0;;;
INFOMED;2014;940310014;940000979;;;;;;;;;;;1;;0;0;0;0;0;1;1;0;0;0;;0.2;0.1
INFOMED;2014;940310022;940022163;;;;;;;;;;;;1;0;0;0;0;0;0;0;0;0;0;;0.2;0.2
INFOMED;2014;940700032;940001027;;;;;;;1;;;;;;0;0;1;1;1;0;0;0;0;0;;1;
INFOMED;2014;940700040;940809361;;;;;;;1;;;;;;0;0;1;1;1;1;1;0;0;1;750150286;0;0.2
INFOMED;2014;940807654;940807654;;;;;;;;;;;1;;1;0;1;1;1;1;1;1;0;0;;1;0
INFOMED;2014;940813033;940001894;;;1;;;;;;;;;;0;0;0;0;0;1;1;;1;0;;1;0.33
INFOMED;2014;940813090;750043994;0;0;0;0;0;0;1;1;1;0;0;0;0;0;0;0;0;0;1;0;1;0;;0.3;0.3
INFOMED;2014;950000307;950110015;1;;;;;;1;;;1;;;0;0;0;0;0;0;0;0;0;0;;3.33;0.8
INFOMED;2014;950000315;950001370;;;1;;;;;1;;1;;;0;0;0;0;0;1;0;0;1;0;;3;0.39
INFOMED;2014;950000323;950013870;1;;;1;;;1;;;1;;;0;0;0;0;0;1;1;1;0;0;;3.98;1
INFOMED;2014;950000331;950110049;1;;;;;;1;;;1;;;0;0;0;0;0;0;0;0;1;0;;2;1.2
INFOMED;2014;950000349;950015289;;;1;;;;;;;;;;0;0;0;0;0;1;1;0;0;0;;0.2;0.3
INFOMED;2014;950000364;950110080;1;;;;;;1;;;1;;;0;0;0;0;0;1;1;0;0;0;;6.07;2
INFOMED;2014;950000398;950140012;;;;;;;;;;1;;;0;0;0;0;0;0;0;0;0;1;910140011;1;0.33
INFOMED;2014;950000406;950150037;;;1;;;;;1;;;;;1;0;0;1;0;;;;;0;;0;0
INFOMED;2014;950000695;950500033;;;;;;;;1;;;;;0;0;0;0;0;1;0;0;0;0;;;
INFOMED;2014;950000703;950500041;;;;;;;;;1;;;;0;0;1;1;0;1;1;0;0;0;;0.5;0.2
INFOMED;2014;950002568;750043994;0;0;0;0;0;0;0;0;0;0;0;1;0;0;0;0;0;1;1;1;1;0;;1.2;1.15
INFOMED;2014;950016139;950015289;;;;;;;1;;;;;;0;0;0;0;0;1;1;0;0;0;;0.15;0.1
INFOMED;2014;950100016;750712184;1;;;;;;1;;;;;;0;0;0;0;0;1;0;1;0;1;950100016;1;0.3
INFOMED;2014;950150052;750720575;;;;;;;1;;;;1;;0;0;0;0;0;0;;;0;1;750720575;0.7;0.1
INFOMED;2014;950300095;950000455;;;1;;;;;;;;;;1;0;1;1;1;0;0;0;;0;;0.5;0.2
INFOMED;2014;950300137;950000471;;;1;;;;;;;;;;0;0;0;0;0;0;0;0;1;1;950807982;1.5;0.25
INFOMED;2014;950300152;750052227;0;1;0;0;0;0;0;1;0;0;0;0;0;0;0;0;0;0;0;0;0;1;;0.75;0.2
INFOMED;2014;950300202;950000521;;1;;;;;;;;;;;1;0;0;1;1;1;1;0;0;;;2;
INFOMED;2014;950300244;950000539;;;1;;;;;;;;;;1;0;1;1;1;0;;;0;0;;2;
INFOMED;2014;950300277;950000547;;;1;;;;;;1;;;;0;0;0;0;0;0;;;0;0;;3;1
INFOMED;2014;950300301;950000562;;;1;;;;;;1;;;1;0;0;0;0;0;1;1;0;0;0;;1;0.32
INFOMED;2014;950300327;750043994;0;0;0;0;0;0;1;0;0;0;0;0;0;0;0;0;0;0;0;0;0;;;0.5;0.3
INFOMED;2014;950300350;950015438;;;1;;;;;;;;;;1;0;1;1;1;0;;;1;0;;1.3;0.2
INFOMED;2014;950310029;950008938;;;;;;;;;1;;;1;0;0;0;0;0;1;1;1;1;0;;0.3;0.1
INFOMED;2014;950500017;950015289;;;;;;;1;;;;;;0;0;0;0;0;1;1;0;0;0;;0.7;0.15
INFOMED;2014;950630012;750721334;;;;;;;;1;;;;;0;0;0;0;0;0;0;0;0;0;;0.95;0.66
INFOMED;2014;950807982;950001636;;;1;;;;;;;;;;0;0;0;0;0;0;0;0;1;0;;3;1
INFOMED;2014;970100012;970100103;1;;;;;;;;;;;;1;1;1;1;;1;0;;0;0;;2;2
INFOMED;2014;970100137;970100368;;;1;;;;;;1;;;;0;0;0;1;1;1;0;1;0;0;;0.5;0.1
INFOMED;2014;970100392;970100178;1;;;;;;1;;;;;;0;0;0;0;0;1;0;0;0;0;;3.5;0.5
INFOMED;2014;970100400;970100186;;1;;;;;;;;1;;;1;0;0;1;1;1;1;1;0;0;;1;1
INFOMED;2014;970100418;970100194;;;;;;1;;;;;;;0;0;0;0;0;1;1;1;0;0;;1;1
INFOMED;2014;970100426;970100202;;;1;;;;;;1;;;;0;0;1;1;1;1;1;1;0;1;970100194;0.5;0.2
INFOMED;2014;970100442;970100228;1;;;1;;;1;;;1;;;0;0;0;0;0;0;0;0;0;0;;6;3
INFOMED;2014;970100459;970100244;1;;;1;;;;1;;;;;1;1;1;1;1;0;0;0;;0;970100244;0.3;0.2
INFOMED;2014;970100475;970100277;;;;;;;;;;1;;;0;0;0;0;0;0;0;0;0;0;;1.5;1
INFOMED;2014;970102596;970100491;;;1;;;1;;;1;;;;0;0;0;0;0;0;1;0;0;0;;;0.5
INFOMED;2014;970103099;970100525;1;;;;;1;;;1;;;1;1;1;1;1;1;0;0;0;0;0;;1;0.4
INFOMED;2014;970107249;970100731;;;1;;;;;;;;;;0;0;0;0;0;1;1;0;0;0;;3;0.5
INFOMED;2014;970111217;970111209;;;;;;1;;;;;;;0;0;0;0;0;1;1;1;0;0;;0.1;0.1
INFOMED;2014;970111563;970100491;;;;;;1;;;;;;;0;0;0;0;0;0;0;0;1;0;;0;0.5
INFOMED;2014;970200051;970202172;;;;;;;;;1;;;;0;0;0;0;0;1;1;0;0;1;970202222;1;0.1
INFOMED;2014;970200069;970202180;;;;;;;;;;1;;;0;0;0;0;0;1;1;0;0;0;;2;1
INFOMED;2014;970200077;970202198;;;;;;;;1;;;;;0;0;1;1;1;0;;;0;0;;0.5;0
INFOMED;2014;970200101;970202222;;;1;;;;;;1;;;;0;0;0;0;0;0;0;0;0;0;;0.4;0.4
INFOMED;2014;970202313;970200168;1;;;;;;;;;;;;0;0;0;0;0;1;1;0;1;1;970208104;;1
INFOMED;2014;970202321;970210423;;;1;;;;;;1;;;;0;0;0;0;0;0;;;0;0;;2.5;0.5
INFOMED;2014;970203303;750000218;;;;;;;;;1;;;;0;0;0;0;0;0;0;0;1;0;;1;0.2
INFOMED;2014;970203493;970200457;;;1;;;;;;;;;;0;0;0;0;0;1;0;0;0;0;;1;1
INFOMED;2014;970203774;970203766;;;1;;;;;;;;;;1;0;1;0;0;;;;;;;;
INFOMED;2014;970208104;970200168;;;;;;;1;;;;;;0;0;0;0;0;1;1;0;0;0;;0.25;1
INFOMED;2014;970209219;970209169;;;1;;;;;;;;;;0;0;1;0;;;0;;;0;;1;
INFOMED;2014;970209441;970209433;;;;;;1;;;;;;;0;0;0;0;0;0;0;0;0;0;;;
INFOMED;2014;970209714;970210225;;;;;;;;;;;;;0;0;0;0;0;1;1;0;0;0;;0.2;0.1
INFOMED;2014;970210282;970200457;;;1;;;;;;;;;;0;0;0;0;0;1;0;0;0;0;;;
INFOMED;2014;970210290;970200457;;;1;;;;;;;;;;0;0;0;0;0;1;0;0;0;0;;;
INFOMED;2014;970210308;970200457;;;1;;;;;;;;;;0;0;0;0;0;1;0;0;0;0;;;
INFOMED;2014;970210316;970200457;;;1;;;;;;;;;;0;0;0;0;0;1;0;;0;0;;;
INFOMED;2014;970210324;970200457;;;1;;;;;;;;;;0;0;0;0;0;1;0;0;0;0;;;
INFOMED;2014;970211165;970211157;;;;;;;;1;;;;;0;0;0;0;0;0;;;0;0;;;1
INFOMED;2014;970211215;970211207;1;;;;;;1;;;1;;;0;0;0;0;0;1;1;0;0;0;;8;1
INFOMED;2014;970211223;970211207;;;1;;;;1;;;;;;0;0;0;0;0;1;1;0;0;0;;4;0.8
INFOMED;2014;970211231;970211207;;;1;;;;1;;;;;;0;0;0;0;0;1;1;0;0;0;;4;0.8
INFOMED;2014;970300083;970302121;;;1;;;;1;;;;;;1;1;0;0;0;1;0;0;1;0;;1;2
INFOMED;2014;970300265;750721334;;;1;;;;;;;;;;0;0;0;0;0;1;1;0;0;0;;2;0.75
INFOMED;2014;970302055;970303285;;1;;;;;;;;;;;0;0;0;0;0;0;0;1;;0;;1;0.5
INFOMED;2014;970302071;970304739;1;;;1;;;1;;;;;;1;1;1;1;1;0;0;0;0;0;;0.2;0.2
INFOMED;2014;970303640;970303590;;;;;;1;;;;;;;0;0;0;0;0;0;0;0;0;0;;0.2;0.4
INFOMED;2014;970304614;970304739;1;;;1;;;1;;;1;;;1;1;1;1;1;0;0;0;0;1;;1;
INFOMED;2014;970400016;970411005;;;;;;;;;;;1;;0;1;0;0;0;0;1;1;1;0;;;1
INFOMED;2014;970400024;970408589;;1;;;;;1;;;;;;0;0;0;0;0;1;1;0;0;0;;5.9;2.95
INFOMED;2014;970400057;970408589;;1;;;;;;1;;1;;;0;0;0;0;0;1;1;0;0;0;;8.8;3
INFOMED;2014;970400065;970421038;1;;;;;;;;;;;;0;0;0;0;0;0;0;0;0;0;;2.14;1
INFOMED;2014;970400073;970403606;;1;;;;;;;1;;;;0;0;0;0;0;1;1;0;0;0;;4;1
INFOMED;2014;970403119;970463600;;;;;;1;;;;;;;0;0;0;0;0;0;;;;0;;1;0.1
INFOMED;2014;970404018;970403978;;;1;;;;;;;;;;1;0;1;1;1;0;;1;1;;;0.5;0.01
INFOMED;2014;970404406;970404380;;;;;;;;;1;;;;0;0;0;1;0;0;0;0;0;0;;1;0.1
INFOMED;2014;970404588;970404539;;;;;;;;1;;;;;0;0;1;1;1;0;0;0;0;0;;1;0.02
INFOMED;2014;970404711;970400396;;;;1;;;;;;;;;0;0;1;1;1;0;;;0;0;;;
INFOMED;2014;970404844;970404836;;1;;;;;;;;;;;0;0;0;0;0;1;0;0;0;1;;1;0.1
INFOMED;2014;970404851;970463600;;;;;;1;;;;;;;0;0;0;0;0;0;;;0;;;1;0.1
INFOMED;2014;970405395;970400396;;;;1;;;;;;;;;0;0;1;1;1;0;0;0;0;0;;;
INFOMED;2014;970405411;970405403;;1;;;;;;;;;;;0;0;0;0;0;0;0;0;0;1;;;0.01
INFOMED;2014;970405452;970405403;;1;;;;;;;;;;;0;0;0;0;0;0;0;0;0;1;;;0.02
INFOMED;2014;970406203;970406195;;;;;;;;1;;;;;0;0;0;0;0;0;0;0;0;1;;0.5;0.02
INFOMED;2014;970406245;970406237;;;;;;;;1;;;;;0;0;0;0;0;1;0;0;0;1;;0.5;0.02
INFOMED;2014;970406625;970463600;;;;;;1;;;;;;;0;0;0;0;0;0;;;;0;;1;0.1
INFOMED;2014;970407318;970400396;;;;1;;;;;;;;;0;0;1;1;1;0;;;0;0;;;
INFOMED;2014;970407656;970400396;;;;1;;;;;;;;;0;0;1;1;1;0;;;0;0;;0;0
INFOMED;2014;970408753;970408746;;;;;;;;;;;1;;0;0;1;1;1;0;;;0;0;;;
INFOMED;2014;970423000;970430906;;;;;;;;;1;;;;0;0;0;0;0;0;0;0;1;1;970400024;1.81;0.6
INFOMED;2014;970462024;970400255;;1;;;;;;;;;;;0;0;0;0;0;1;0;0;0;1;;1;0.1
INFOMED;2014;970462073;970400271;;;1;;;;;;;;;;1;1;1;1;1;1;0;0;1;0;;1.5;0.04
INFOMED;2014;970462081;970400255;;1;;;;;;;;;;;0;0;0;0;0;1;0;0;0;1;;1;0.15
INFOMED;2014;970462107;970400305;;1;;;;;;;;;;;0;0;0;0;0;1;0;0;0;1;;3;0.45
INFOMED;2014;970463113;970400370;;;;;;;;;1;;;;1;1;1;1;1;0;0;0;0;1;970404109;;
INFOMED;2014;970466504;970403846;;;;;;;;1;;;;;0;0;0;0;0;0;;0;;0;;0.5;0.1
INFOMED;2014;970466751;970400446;;;1;;;;;;;;;;0;0;0;1;1;0;0;0;0;0;;0.2;0.1
INFOMED;2014;980500011;980500003;;;1;;;;;;;;;;0;0;0;0;0;0;;;0;0;;4;2
INFOMED;2014;980500763;970407250;;1;;;;;;;;;;;0;0;0;0;0;1;0;0;0;1;;;
INFOMED;2014;980500920;970407250;;1;;;;;;;;;;;0;0;0;0;0;1;0;0;0;1;;;
