BOR;AN;FI;ORG_E5;ORG_A1;ORG_A2;ORG_A3;FI_EJ;ORG_A4;ORG_A5;ORG_A6;ORG_A7;ORG_A8;ORG_A9;ORG_A10;ORG_A11;ORG_B1;ORG_C1;ORG_D1;ORG_B2;ORG_C2;ORG_D2;ORG_B3;ORG_C3;ORG_D3;ORG_B4;ORG_C4;ORG_D4;ORG_B5;ORG_C5;ORG_D5;ORG_B6;ORG_C6;ORG_D6;ORG_B7;ORG_C7;ORG_D7;ORG_B8;ORG_C8;ORG_D8;ORG_B9;ORG_C9;ORG_D9;ORG_B10;ORG_C10;ORG_D10;ORG_B11;ORG_C11;ORG_D11;ORG_A12;ORG_A13;ORG_A14;ORG_A15
ORG;2014;010000024;;;3;;010780054;1;;;;;;;;;;;D;C;B;;;;;;;;;;;;;;;;;;;;;;;;;;;;;1.7;;
ORG;2014;010000032;;;;;010780062;;;;2;;;11;;;;;;;;;;;;;;;;;;;;A;;;;;;;;;C;A;B;;;;0;2.93;0;0.54
ORG;2014;010000081;;;;;010780112;1;;;;;;2;;;;;;;;;;;C;G;;;;;;;;;;;;;;;;;A;B;;;;;;;;
ORG;2014;010000107;;;;;010780138;1;;;;;;;;;;;;;;;;;;;;;;;;;;;;;;;;;;;;;;;;;0;;0.4;1.1
ORG;2014;010000115;;;2;;010009132;;;;;;;23;;;;;;;C;;;;;;;;;;;;;;;;;;;;;;D;C;A;;;;;;;
ORG;2014;010000131;;;2;;010009132;;;;;;;23;;;;;D;C;A;;;;;;;;;;;;;;;;;;;;;;;;;;;;;;;
ORG;2014;010000214;;;1;;010007987;1;;;1;;;3;1;;;;A;;;;;;H;;;;;;;;;A;;;;;;;;;A;;;A;;;;;;
ORG;2014;010005239;;;;;010008407;;;;1;;;;;;;;;;;;;;;;;;;;;;;D;;;;;;;;;;;;;;;0;;;
ORG;2014;010006526;;;;;690796552;;;;1;;;3;;;;;;;;;;;;;;;;;;;;B;;;;;;;;;C;A;;;;;0.5;;0.01;
ORG;2014;010780195;;1;;;010000156;;;;1;;;;;C;;;;;;;;;;;;;;;;;;A;;;;;;;;;;;;;;;;;;
ORG;2014;010780294;;;;;690000278;;;;;;;4;;;;;;;;;;;;;;;;;;;;;;;;;;;;;;;;;;;1;;;
ORG;2014;010780310;;1;;;010000222;;;;;;;;;A;;;;;;;;;;;;;;;;;;;;;;;;;;;;;;;;;;;;
ORG;2014;010780328;;;1;;010000222;;;;;;;;;;;;A;;;;;;;;;;;;;;;;;;;;;;;;;;;;;;;;;
ORG;2014;010780476;;;;;750005068;;;;;;;6;1;;;;;;;;;;;;;;;;;;;;;;;;;;;;A;C;D;E;;;0;0;0;0
ORG;2014;010780799;;;1;;750721334;;;;;;;;;;;;A;;;;;;;;;;;;;;;;;;;;;;;;;;;;;;0;;;
ORG;2014;010789006;;;;;670005834;;;;;;;1;;;;;;;;;;;;;;;;;;;;;;;;;;;;;C;;;;;;;1.3;2.75;1.1
ORG;2014;020000089;;;;;020000022;1;;;;;;;;;;;;;;;;;;;;;;;;;;;;;;;;;;;;;;;;;0;0;0;0
ORG;2014;020000097;;;;;020000048;1;;;;;;;;;;;;;;;;;G;;;;;;;;;;;;;;;;;;;;;;;;;;;
ORG;2014;020000105;;;;;020000055;;;;;;;64;;;;;;;;;;;;;;;;;;;;;;;;;;;;;D;C;B;;;;0.01;0;0.4;0
ORG;2014;020000162;;;1;;020000063;1;;;;1;;;;;;;D;;;;;;C;H;A;;;;;;;;;;C;;;;;;;;;;;;1;0.2;0;1
ORG;2014;020000303;;;1;;750814030;;;;;;;55;11;;;;A;D;;;;;;;;;;;;;;;;;;;;;;;C;A;D;C;B;;0.5;0.53;7.07;38.03
ORG;2014;020000394;;;1;;020000253;1;;;1;;;;;;;;D;;;;;;C;A;B;;;;;;;D;;;;;;;;;;;;;;;1;;;0.2
ORG;2014;020000535;;2;;1;020000287;;1;;2;1;;0;;B;D;;;;;A;;;;;;B;;;;;;D;;;C;;;;;;;;;;;;0;0;0;0
ORG;2014;020000543;;;1;1;020000295;;;2;;;;;;;;;B;;;E;;;;;;;;;B;B;;;;;;;;;;;;;;;;;;;;
ORG;2014;020001061;;;2;;020004404;1;;1;;;;;;;;;A;D;D;;;;C;A;;;;;B;;;;;;;;;;;;;;;;;;;2.44;;39.79
ORG;2014;020009684;;;1;;020002085;;;1;;1;;21;;;;;B;;;;;;;;;;;;B;;;;;;G;;;;;;;;;;;;0;0;0;0
ORG;2014;020010047;;;1;;020001632;;;;;;;;;;;;A;;;;;;;;;;;;;;;;;;;;;;;;;;;;;;;;;5
ORG;2014;030000012;;;;;030180020;;1;;;;;9;;;;;;;;;;;;;;B;;;;;;;;;;;;;;;A;C;D;;;;;0.7;0.3;0.2
ORG;2014;030000061;;;3;;030780092;1;;;1;;;61;;;;;A;C;C;;;;A;;;;;;;;;D;;;;;;;;;A;C;D;;;;;;;
ORG;2014;030000087;;;3;;030780118;;;1;;1;;202;;;;;D;G;B;;;;;;;;;;A;;;;;;C;;;;;;;C;F;;;;1;;;
ORG;2014;030000095;;;1;;030780126;;;;3;;;20;;;;;A;;;;;;;;;;;;;;;A;B;;;;;;;;;;;;;;0.1;0.2;0.1;
ORG;2014;030000160;;;;;030780282;;;2;;;;;;;;;;;;;;;;;;;;;B;;;;;;;;;;;;;;;;;;0;0;0;0
ORG;2014;030002208;;;;;030002158;1;;1;;;;;;;;;;;;;;;;;;;;;;;;;;;;;;;;;;;;;;;;;;
ORG;2014;030780548;;;;;030000194;;;;;;;11;;;;;;;;;;;;;;;;;;;;;;;;;;;;;C;C;C;;;;0;0;0;0
ORG;2014;030785430;;;1;;030785422;;;;;;;;;;;;C;;;;;;;;;;;;;;;;;;;;;;;;;;;;;;0;0;0;0
ORG;2014;040000051;;;;;040780173;;1;;;;;;;;;;;;;;;;;;;A;C;;;;;;;;;;;;;;;;;;;;;;;
ORG;2014;040000069;;;2;;040780181;;;;;;;;;;;;C;A;;;;;;;;;;;;;;;;;;;;;;;;;;;;;;;;
ORG;2014;040000093;;;1;;040780215;1;;;1;;;;;;;;;;;;;;;;;;;;;;;;;;;;;;;;;;;;;;;;;
ORG;2014;040000135;;1;1;;050002948;;;;;2;;132;;C;;;C;;;;;;;;;;;;;;;;;;C;;;;;;C;A;D;;;;;;;
ORG;2014;040780389;;;;;040000150;;;;1;;;;;;;;;;;;;;;;;;;;;;;A;B;;;;;;;;;;;;;;0;0;0;0
ORG;2014;040780488;;;;;040000200;;;;;;;20;;;;;;;;;;;;;;;;;;;;;;;;;;;;;C;A;D;;;;0.01;0.11;;
ORG;2014;050000041;;;1;;130037815;;;;;;;3;;;;;;;;;;;;;;;;;;;;;;;;;;;;;C;A;;;;;;;;
ORG;2014;050000090;;1;;;050006931;;;;;;;;;C;;;;;;;;;;;;;;;;;;;;;;;;;;;;;;;;;0;0;0;0
ORG;2014;050000132;;0;0;0;050007145;0;0;0;0;0;0;7;0;;;;;;;;;;;;;;;;;;;;;;;;;;;;;;;;;;0;0;0;0
ORG;2014;050000231;;;2;;050000116;;;;1;1;;147;1;;;;D;C;;;;;;;;;;;;;;D;;;C;;;;;;A;C;;;;;;;;
ORG;2014;050000256;;1;1;;050000124;;;3;;2;;75;;C;;;A;;;;;;;;;;;;A;B;;;;;;;;;;;A;B;C;;;;0;1.4;0.06;1.32
ORG;2014;050000330;;0;0;0;050007145;0;0;0;0;0;0;5;;;;;;;;;;;;;;;;;;;;;;;;;;;;;;;;;;;0;0;0;0
ORG;2014;050000348;;1;1;;050002948;;;;;2;;132;;C;;;C;;;;;;;;;;;;;;;;;;C;;;;;;C;A;D;;;;;;;
ORG;2014;050000454;;0;0;0;050000645;0;0;0;0;0;0;20;;;;;;;;;;;;;;;;;;;;;;;;;;;;;C;D;;;;;0.02;0.03;;0.1
ORG;2014;050000991;;1;;;050000546;;;;;;;;;A;;;;;;;;;;;;;;;;;;;;;;;;;;;;;;;;;;;;
ORG;2014;050001064;;;;;050000561;;;;;;;2;1;;;;;;;;;;;;;;;;;;;;;;;;;;;;C;C;;A;;;0;;;
ORG;2014;050002351;;;;;130037815;;;;;;;1;;;;;;;;;;;;;;;;;;;;;;;;;;;;;A;;;;;;;;;
ORG;2014;050003359;;;;;380793802;;;;;;;1;;;;;;;;;;;;;;;;;;;;;;;;;;;;;C;;;;;;;;;
ORG;2014;050006022;;;;;380793802;;;;;;;1;;;;;;;;;;;;;;;;;;;;;;;;;;;;;C;;;;;;;;;
ORG;2014;050007368;;1;;;050007343;;;;;;;;;;C;A;;;;;;;;;;;;;;;;;;;;;;;;;;;;;;;;;;
ORG;2014;050007533;;;;;130784127;;;;;;;1;;;;;;;;;;;;;;;;;;;;;;;;;;;;;;;;;;;0;;;
ORG;2014;060000163;;;;;060780327;;;;;;;;;;;;;;;;;;;;;;;;;;;;;;;;;;;;A;;;C;;;;;;
ORG;2014;060000411;;;;;060780780;;1;;;;;;;;;;;;;;;;;;;A;C;;;;;;;;;;;;;;;;;;;;;;;
ORG;2014;060000478;;;;;060780897;;;;;;;;;;;;;;;;;;;;;;;;;;;;;;;;;;;;;;;;;;0.15;;;46.4
ORG;2014;060000494;;;;;060780921;;;;;;;1;;;;;;;;;;;;;;;;;;;;;;;;;;;;;C;;;;;;;;;
ORG;2014;060000510;;;1;;060780954;;;;1;;;8;2;;;;A;;;;;;;;;;;;;;;D;;;;;;;;;C;;;C;;;0.11;1.5;7.8;0
ORG;2014;060000544;;;2;;060780988;;;;2;;;8;;;;;A;D;;;;;;;;;;;;;;D;;;;;;;;;C;;;;;;2;1.22;13;132
ORG;2014;060010949;;;;;060790540;;;;;;;2;;;;;;;;;;;;;;;;;;;;;;;;;;;;;A;C;D;;;;0;0;0;0
ORG;2014;060019676;;;;;060790540;;;;;;;2;;;;;;;;;;;;;;;;;;;;;;;;;;;;;C;D;;;;;0;0;0;0
ORG;2014;060019684;;;;;060790540;;;;;;;2;;;;;;;;;;;;;;;;;;;;;;;;;;;;;C;D;;;;;0;0;0;0
ORG;2014;060021201;;;;;060000155;;;;;;;25;;;;;;;;;;;;;;;;;;;;;;;;;;;;;C;;;;;;;;;
ORG;2014;060021276;;;;;060790540;;;;;;;2;;;;;;;;;;;;;;;;;;;;;;;;;;;;;A;C;D;;;;0;0;0;0
ORG;2014;060021417;;;1;;060000221;;;;4;;;1;;;;;D;;;;;;;;;;;;;;;D;A;;;;;;;;C;;;;;;0.3;0;0;0
ORG;2014;060780186;;;1;;060006939;;;;;;;;;;;;A;B;D;;;;;;;;;;;;;;;;;;;;;;;;;;;;0.1;;;0.75
ORG;2014;060780491;;;;;060790797;;;1;4;;;28;5;;;;;;;;;;;;;;;;B;C;;D;;;;;;;;;C;D;;G;;;;;;
ORG;2014;060780590;;;1;;060000270;;;;6;;;;;;;;;;;;;;;;;;;;;;;D;A;B;;;;;;;;;;;;;0;0;0;0
ORG;2014;060780665;;;1;;060000312;;;;2;;;;;;;;D;;;;;;;;;;;;;;;D;;;;;;;;;;;;;;;;;;
ORG;2014;060780715;;;;;060000361;;;;;;;24;;;;;;;;;;;;;;;;;;;;;;;;;;;;;A;;;;;;;;;
ORG;2014;060780947;;;1;;060800174;;;;1;;;;;;;;C;;;;;;;;;;;;;;;A;;;;;;;;;;;;;;;;54.7;124.2;
ORG;2014;060781374;;;;;060000718;;;;1;;;3;;;;;;;;;;;;;;;;;;;;D;;;;;;;;;B;C;;;;;;;;
ORG;2014;060785219;;;1;;060001468;;;;1;;;;;;;;A;;;;;;;;;;;;;;;A;;;;;;;;;;;;;;;1;;6.86;
ORG;2014;060785227;;;1;;060001476;;;;1;;;;;;;;A;;;;;;;;;;;;;;;A;;;;;;;;;;;;;;;1;;17.74;74.42
ORG;2014;060790680;;1;;;060780897;;;;;;;;;;;;;;;;;;;;;;;;;;;;;;;;;;;;;;;;;;;;;
ORG;2014;060792090;;;;;060790540;;;;;;;2;;;;;;;;;;;;;;;;;;;;;;;;;;;;;C;D;;;;;0;0;0;0
ORG;2014;060792736;;;;;060790540;;;;;;;2;;;;;;;;;;;;;;;;;;;;;;;;;;;;;C;D;;;;;0;0;0;0
ORG;2014;060794013;;;;;060790797;;;1;1;;;21;2;;;;;;;;;;;;;;;;B;C;;D;;;;;;;;;C;D;;G;;;;;;
ORG;2014;060798881;;;;;060798873;;;;;;;25;;;;;;;;;;;;;;;;;;;;;;;;;;;;;C;;;;;;;;;
ORG;2014;060800166;;;1;;060780608;;;;1;;;;;;;;A;;;;;;;;;;;;;;;A;;;;;;;;;;;;;;;1;;7.16;
ORG;2014;060800174;;;1;;060800174;;;;;;;;;;;;C;A;;;;;;;;;;;;;;;;;;;;;;;;;;;;;0;;;
ORG;2014;060801016;;;;;060790540;;;;;;;2;;;;;;;;;;;;;;;;;;;;;;;;;;;;;C;D;;;;;0;0;0;0
ORG;2014;070000013;;;;;070002878;1;;;;;;;;;;;;;;;;;C;;;;;;;;;;;;;;;;;;;;;;;;;;;
ORG;2014;070000039;;;1;;070780119;1;;;1;;;;;;;;A;;;;;;C;;;;;;;;;A;;;;;;;;;;;;;;;0.5;;0.73;0.2
ORG;2014;070000047;;1;1;;070780127;1;;;1;;;;;;;;;;;;;;;;;;;;;;;;;;;;;;;;;;;;;;0.1;;0.25;2
ORG;2014;070000062;;;3;;070005558;;;;;;;;;;;;A;;;;;;;;;;;;;;;;;;;;;;;;;;;;;;0.1;;;
ORG;2014;070000096;;;1;;070780184;;;;;;;6;;;;;;;;;;;;;;;;;;;;;;;;;;;;;;;;;;;0.25;;;0.25
ORG;2014;070000112;;;1;;070780218;;;;;;;;;;;;;;;;;;;;;;;;;;;;;;;;;;;;;;;;;;;;;
ORG;2014;070000146;;;1;;070004742;;;;;;;;;;;;A;B;;;;;;;;;;;;;;;;;;;;;;;;;;;;;;;0.7;0.2
ORG;2014;070000187;;0;0;0;070780366;0;0;0;0;0;0;49;;;;;;;;;;;;;;;;;;;;;;;;;;;;;A;C;B;;;;;0;0.6;0
ORG;2014;070000195;;;1;;070780374;1;;;;;;70;;;;;B;;;;;;;;;;;;;;;;;;;;;;;;C;A;D;;;;0.1;;0.7;1.45
ORG;2014;070000203;;0;2;0;070780382;0;0;0;0;0;0;24;0;;;;A;B;;;;;;;;;;;;;;;;;;;;;;;C;D;A;;;;;0;0.54;0.44
ORG;2014;070004726;;;;;380793802;;;;;;;1;;;;;;;;;;;;;;;;;;;;;;;;;;;;;C;;;;;;;;;
ORG;2014;070780168;;;;;070000088;;;;1;;;4;;;;;;;;;;;;;;;;;;;;A;;;;;;;;;A;C;;;;;0;1;;
ORG;2014;070780226;;;2;;300016847;;;;;;;;;;;;;;;;;;;;;;;;;;;;;;;;;;;;;;;;;;0;0;0;0
ORG;2014;070780234;;;;;750721300;;;;;;;1;;;;;;;;;;;;;;;;;;;;;;;;;;;;;;;;;;;;;;
ORG;2014;070780317;;;;;630786754;;;1;;;;117;;;;;;;;;;;;;;;;;B;;;;;;;;;;;;C;A;;;;;0;;;
ORG;2014;070780390;;;1;;070000211;;;;;;;19;;;;;B;;;;;;;;;;;;;;;;;;;;;;;;C;A;D;;;;0.1;;0.6;
ORG;2014;070780424;;;;;070000245;;;;;;;38;;;;;;;;;;;;;;;;;;;;;;;;;;;;;C;D;A;;;;;;;
ORG;2014;070784897;;;1;;750820680;;;;;;;15;2;;;;A;B;C;;;;;;;;;;;;;;;;;;;;;;A;D;C;B;;;;;;
ORG;2014;070786231;;;;;690796552;;;;1;;;3;;;;;;;;;;;;;;;;;;;;B;;;;;;;;;A;C;;;;;0.5;;0.05;
ORG;2014;070786249;;;;;690796552;;;;1;;;1;;;;;;;;;;;;;;;;;;;;B;;;;;;;;;A;C;;;;;0.5;0.27;1.07;0.7
ORG;2014;080000110;;1;1;;080000037;1;;;;;;;;C;;;A;;;;;;H;;;;;;;;;;;;;;;;;;;;;;;;0;0;0;12.17
ORG;2014;080000219;;;2;;080001969;;;1;;;;60;;;;;A;B;;;;;;;;;;;B;;;;;;;;;;;;A;C;H;;;;;;;5.8
ORG;2014;080000276;;;2;;080001969;;;1;;;;60;;;;;A;B;;;;;;;;;;;B;;;;;;;;;;;;A;C;H;;;;;;;5.8
ORG;2014;080000284;;0;0;0;080000060;1;0;0;0;1;0;0;0;;;;;;;;;;C;;;;;;;;;;;;D;;;;;;;;;;;;0;0;0;2.88
ORG;2014;080000425;;1;1;;080000615;1;;;;;;;;C;;;A;;;;;;H;;;;;;;;;;;;;;;;;;;;;;;;4.9;3.39;55.61;0.51
ORG;2014;080005960;;1;1;;080000615;1;;;;;;;;C;;;A;;;;;;H;;;;;;;;;;;;;;;;;;;;;;;;;;;
ORG;2014;080009814;;1;1;;080000615;1;;;;;;;;C;;;A;;;;;;H;;;;;;;;;;;;;;;;;;;;;;;;;;;
ORG;2014;080010465;;1;;;080010242;;;;;;;;;;;;;;;;;;;;;;;;;;;;;;;;;;;;;;;;;;;;;
ORG;2014;080010473;;1;;;080010242;;;;;;;;;C;;;;;;;;;;;;;;;;;;;;;;;;;;;;;;;;;;;;
ORG;2014;090000175;;;1;;090781774;;;;1;;;225;;;;;D;;;;;;;;;;;;;;;D;;;;;;;;;;;;;;;1;11.91;5.72;2.89
ORG;2014;090000183;;;4;;090781816;;;;;;;;;;;;C;D;G;;;;;;;;;;;;;;;;;;;;;;;;;;;;;1.94;7.99;1.7
ORG;2014;090001629;;;1;;090780107;;;;;1;;53;;;;;C;;;;;;;;;;;;;;;;;;C;;;;;;;;;;;;;0;1.03;0.69
ORG;2014;100000082;;;;;100001148;;;;;;;5;;;;;;;;;;;;;;;;;;;;;;;;;;;;;D;C;C;;;;0.1;0;0;0
ORG;2014;100000090;;;1;;100000017;;;;1;;;10;;;;;D;;;;;;;;;;;;;;;A;;;;;;;;;C;A;D;;;;;10.87;62.97;89.75
ORG;2014;100000108;;;;;100000033;;;1;;;;;;;;;;;;;;;;;;;;;A;;;;;;;;;;;;;;;;;;;;;
ORG;2014;100000116;;;1;;100000041;1;;;;;;8;;;;;B;;;;;;C;;;;;;;;;;;;;;;;;;C;D;;;;;0;0;0;0
ORG;2014;100000140;;1;0;0;100000058;1;0;2;0;0;0;13;0;B;;;;;;;;;C;;;;;;B;A;;;;;;;;;;;C;D;G;;;;0;0;0;0
ORG;2014;100000199;;;1;;100006279;;;;1;;;;;;;;D;;;;;;;;;;;;;;;D;;;;;;;;;;;;;;;;;;
ORG;2014;110000023;;;4;;110780061;;;1;1;;;177;8;;;;A;C;B;;;;;;;;;;B;;;D;;;;;;;;;C;A;E;C;A;;2.73;5.59;28.14;114.85
ORG;2014;110000056;;;3;;110780137;;;;;7;;140;;;;;C;B;A;;;;;;;;;;;;;;;;C;;;;;;C;A;G;;;;;;;
ORG;2014;110000247;;;;;110780772;;;;;1;;18;;;;;;;;;;;;;;;;;;;;;;;C;;;;;;A;C;D;;;;;;;
ORG;2014;110000262;;;1;;110781010;;;;;;;5;;;;;;;;;;;;;;;;;;;;;;;;;;;;;A;C;;;;;0;0.3;0;0
ORG;2014;110002953;;;;;110780137;;;;;;;25;;;;;;;;;;;;;;;;;;;;;;;;;;;;;A;C;;;;;;;;
ORG;2014;110003118;;0;0;0;110007341;0;0;0;0;0;0;27;0;;;;;;;;;;;;;;;;;;;;;;;;;;;;C;D;A;;;;0.05;0.05;0;0
ORG;2014;110004413;;;;;340000264;;;;;;;3;;;;;;;;;;;;;;;;;;;;;;;;;;;;;C;;;;;;0.27;;;
ORG;2014;110004421;;;;;340000264;;;;;;;;;;;;;;;;;;;;;;;;;;;;;;;;;;;;;;;;;;0.27;;;
ORG;2014;110004439;;;;;340000264;;;;;;;;;;;;;;;;;;;;;;;;;;;;;;;;;;;;;;;;;;0.27;;;
ORG;2014;110004942;;;1;;310021324;;;;;;;;;;;;A;D;;;;;;;;;;;;;;;;;;;;;;;;;;;;;0.5;0;0;4.87
ORG;2014;110005048;;;;;110000114;;;;;;;12;;;;;;;;;;;;;;;;;;;;;;;;;;;;;C;;;;;;;;;
ORG;2014;110005246;;;1;;110780137;;;;;;;;;;;;C;;;;;;;;;;;;;;;;;;;;;;;;;;;;;;;;;
ORG;2014;110005311;;;;;340000264;;;;;;;1;;;;;;;;;;;;;;;;;;;;;;;;;;;;;C;;;;;;0.27;;;
ORG;2014;110005394;;;;;750047367;;;;;;;1;;;;;;;;;;;;;;;;;;;;;;;;;;;;;C;;;;;;;;;
ORG;2014;110007259;;;;;110000114;;;;;;;4;;;;;;;;;;;;;;;;;;;;;;;;;;;;;C;;;;;;;;;
ORG;2014;110780186;;;1;2;110000072;;1;;;;1;13;;B;;;F;;;B;;;;;;B;;;;;;;;;;;;;;;C;;;;;;;;;0.1
ORG;2014;110780194;;;2;;110000080;;;;;;;;;;;;;;;;;;;;;;;;;;;;;;;;;;;;;;;;;;0.1;;;0
ORG;2014;110780228;;;;;110000114;;;;;;;54;;;;;;;;;;;;;;;;;;;;;;;;;;;;;C;A;;;;;;;;
ORG;2014;110780483;;1;;;110000155;;;;;;;3;;;;;;;;;;;;;;;;;;;;;;;;;;;;;;;;;;;0;;;
ORG;2014;110781283;;;1;;110780137;;;;;;;5;;;;;C;;;;;;;;;;;;;;;;;;;;;;;;A;;;;;;;;;
ORG;2014;110786324;;;2;2;110786324;;;;;;;2;;;;;F;C;;C;B;;;;;;;;;;;;;;;;;;;;C;;;;;;;;;
ORG;2014;120000054;;;;;120780069;;;;;;;4;;;;;;;;;;;;;;;;;;;;;;;;;;;;;C;;;;;;0;;;
ORG;2014;120000153;;1;;;120780291;1;;;;;;10;;;;;;;;;;;;;;;;;;;;;;;;;;;;;;;;;;;;;;
ORG;2014;120000237;;;;1;120780481;;;;;;;;;;;;;;;;;;;;;;;;;;;;;;;;;;;;;;;;;;;;;
ORG;2014;120001748;;;;;340000264;;;;;;;2;;;;;;;;;;;;;;;;;;;;;;;;;;;;;C;A;;;;;0.21;;;
ORG;2014;120004569;;;1;;120004528;;;;;;;1;;;;;A;;;;;;;;;;;;;;;;;;;;;;;;C;;;;;;0.5;;;10.8
ORG;2014;120004668;;;3;;120004619;;;3;;;;18;5;;;;A;B;D;;;;;;;;;;A;A;A;;;;;;;;;;C;A;D;C;;;0.5;;0.45;1
ORG;2014;120780283;;;1;;630786754;;;1;;;;60;;;;;C;;;;;;;;;;;;C;;;;;;;;;;;;C;A;;;;;0.25;0;0;0
ORG;2014;120780325;;;1;;120004528;;;;;;;1;;;;;A;;;;;;;;;;;;;;;;;;;;;;;;C;;;;;;0.5;;;10.8
ORG;2014;120783097;;;1;;120004528;;;;;;;1;;;;;A;;;;;;;;;;;;;;;;;;;;;;;;C;A;;;;;0.5;;;10.6
ORG;2014;120787254;;;;;340000264;;;;;;;2;;;;;;;;;;;;;;;;;;;;;;;;;;;;;C;A;;;;;0.07;;;
ORG;2014;130000235;;;2;;130780554;;;3;;;;;;;;;A;E;;;;;;;;;;;B;A;;;;;;;;;;;;;;;;;;;;
ORG;2014;130000409;;;3;;130041916;1;;;1;1;;450;;;;;A;E;B;;;;C;A;H;;;;;;;C;;;C;;;;;;C;A;D;;;;0.4;7.54;0.6;4.57
ORG;2014;130000433;;;1;;130781131;;;;;;;;;;;;A;;;;;;;;;;;;;;;;;;;;;;;;;;;;;;49.23;;4;45.23
ORG;2014;130000516;;;;;130781339;;;1;;;;79;;;;;;;;;;;;;;;;;A;;;;;;;;;;;;C;D;B;;;;;;;
ORG;2014;130000565;;;2;;130781446;;;;;;;20;;;;;D;;;;;;;;;;;;;;;;;;;;;;;;C;;;;;;0;2.4;0;0
ORG;2014;130001647;;;2;;130784127;;;;;;;15;4;;;;;;;;;;;;;;;;;;;;;;;;;;;;;;;;;;;;;
ORG;2014;130002215;;1;1;;130785512;1;;;;1;;;;;;D;;;D;;;;;C;;;;;;;;;;;;C;;;;;;;;;;;0;0;0;0
ORG;2014;130002496;;;;;130786494;;;2;;;;15;3;;;;;;;;;;;;;;;;B;;;;;;;;;;;;C;;;H;;;1;1.98;;7.06
ORG;2014;130002694;;;;;040000481;;;;;;;2;;;;;;;;;;;;;;;;;;;;;;;;;;;;;;;;;;;;;;
ORG;2014;130002827;;1;;;130789274;;;;1;;;1;1;A;;;;;;;;;;;;;;;;;;D;;;;;;;;;D;;;A;;;1;;;1
ORG;2014;130002835;;;;;130789316;;;1;;;;;;;;;;;;;;;;;;;;;A;;;;;;;;;;;;;;;;;;;;;
ORG;2014;130008048;;;1;;130043169;;;;;;;2;;;;;A;;;;;;;;;;;;;;;;;;;;;;;;C;D;;;;;;;;
ORG;2014;130008238;;;1;;130044118;;;;;;;1;;;;;A;;;;;;;;;;;;;;;;;;;;;;;;C;D;;;;;;;;
ORG;2014;130034556;;;;;130016058;;;;;;;2;;;;;;;;;;;;;;;;;;;;;;;;;;;;;;;;;;;;;;
ORG;2014;130035793;;;;;130013139;;;;;;;10;;;;;;;;;;;;;;;;;;;;;;;;;;;;;;;;;;;1;;;
ORG;2014;130036650;;;;;130016058;;;;;;;2;;;;;;;;;;;;;;;;;;;;;;;;;;;;;;;;;;;;;;
ORG;2014;130041767;;;1;;130041262;;;1;1;;;15;1;;;;C;;;;;;;;;;;;G;;;A;B;;;;;;;;C;E;D;C;;;;;;
ORG;2014;130043508;;;;;250002284;;;;;;;2;;;;;;;;;;;;;;;;;;;;;;;;;;;;;B;C;;;;;;;;
ORG;2014;130043664;;;1;;130002157;;;1;1;;;15;1;;;;C;;;;;;;;;;;;G;;;A;B;;;;;;;;C;E;E;C;;;;;;
ORG;2014;130043854;;;;;130037815;;;;;;;1;;;;;;;;;;;;;;;;;;;;;;;;;;;;;F;;;;;;;;;
ORG;2014;130780083;;;;;130000060;;;;;;;22;;;;;;;;;;;;;;;;;;;;;;;;;;;;;;;;;;;0.1;;;
ORG;2014;130781479;;;;;130000599;;;;1;;;69;;;;;;;;;;;;;;;;;;;;A;B;;;;;;;;C;D;;;;;0.01;;;
ORG;2014;130781594;;;;;130010648;;;;;;;0;;;;;;;;;;;;;;;;;;;;;;;;;;;;;A;;;;;;;;;
ORG;2014;130781768;;8;;;130000763;;;;;;;;;A;;;;;;;;;;;;;;;;;;;;;;;;;;;;;;;;;0.11;;0.05;
ORG;2014;130781834;;;;;130000805;;;;;;;28;3;;;;;;;;;;;;;;;;;;;;;;;;;;;;;;;;;;;0;0;0
ORG;2014;130781867;;;1;;130000813;;;;2;;;;;;;;D;;;;;;;;;;;;;;;A;;;;;;;;;;;;;;;2;0.1;1;12
ORG;2014;130782097;;;;;130000938;;;;;;;12;;;;;;;;;;;;;;;;;;;;;;;;;;;;;;;;;;;;;;
ORG;2014;130782444;;0;0;0;130001100;0;0;0;0;0;0;59;;;;;;;;;;;;;;;;;;;;;;;;;;;;;C;G;;;;;0.1;0;0;0
ORG;2014;130783475;;;;;130001431;;;;;;;3;;;;;;;;;;;;;;;;;;;;;;;;;;;;;;;;;;;;;;
ORG;2014;130784051;;;;;130037823;;;1;;;;;;;;;;;;;;;;;;;;;A;B;;;;;;;;;;;;;;;;;0;0;0;0
ORG;2014;130784713;;;;;130038847;;;;2;;;;;;;;;;;;;;;;;;;;;;;A;;;;;;;;;;;;;;;4;0.2;2;18
ORG;2014;130784911;;1;;;750052375;;;;;;;;;;;;;;;;;;;;;;;;;;;;;;;;;;;;;;;;;;;;;
ORG;2014;130785678;;;;;130002249;;;;2;;;;;;;;;;;;;;;;;;;;;;;A;;;;;;;;;;;;;;;2;0.1;2;9
ORG;2014;130785983;;;1;;130002306;;;;;;;32;;;;;;;;;;;;;;;;;;;;;;;;;;;;;;;;;;;0.1;;;0.1
ORG;2014;130786361;;1;;;130002447;;;;;;;;;C;;;;;;;;;;;;;;;;;;;;;;;;;;;;;;;;;0;0;0;0
ORG;2014;130786445;;0;0;0;130002488;0;1;0;0;0;0;4;;;;;;;;;;;;;;A;;;;;;;;;;;;;;;G;G;C;;;;0;;;
ORG;2014;130786742;;;2;;750821092;;;;;;;97;;;;;G;;;;;;;;;;;;;;;;;;;;;;;;C;D;E;;;;0.7;0.9;0;0
ORG;2014;130786924;;;;;130037815;;;;;;;;;;;;;;;;;;;;;;;;;;;;;;;;;;;;;;;;;;;;7.26;
ORG;2014;130786973;;;;;130002702;;;;;;;4;;;;;;;;;;;;;;;;;;;;;;;;;;;;;;;;;;;1;;;
ORG;2014;130789159;;;;;750043994;;;;;;;;;A;A;A;A;A;A;A;A;A;A;A;A;;;;;;;;;;;;;;;;;;;;;;;;;
ORG;2014;130789357;;;1;;130002843;;;;;;;30;;;;;;;;;;;;;;;;;;;;;;;;;;;;;;;;;;;0.05;0.5;2;
ORG;2014;130806078;;;;;130016058;;;;;;;4;;;;;;;;;;;;;;;;;;;;;;;;;;;;;;;;;;;0;0;0;0
ORG;2014;130809981;;0;0;0;920000395;0;0;0;0;0;0;6;0;;;;;;;;;;;;;;;;;;;;;;;;;;;;;;;;;;0.01;0;0;0
ORG;2014;140000027;;;;;140000035;;;;1;2;;;;;;;;;;;;;;;;;;;;;;D;;;C;;;;;;;;;;;;;;5.13;3.8
ORG;2014;140000076;;;4;;140000084;;;;;1;;;;;;;C;A;E;;;;;;;;;;;;;;;;C;;;;;;;;;;;;0;0;0;0
ORG;2014;140000209;;;7;;140000100;;;2;;;;700;;;;;C;E;A;;;;;;;;;;C;E;;;;;;;;;;;A;C;D;;;;0.75;8.84;17.56;12.53
ORG;2014;140000233;;0;1;0;140000118;0;0;4;0;0;0;40;;;;;B;;;;;;;;;;;;B;A;;;;;;;;;;;A;C;D;;;;;0.95;0;0
ORG;2014;140000373;;;1;;140000159;;;;1;;;;;;;;C;;;;;;;;;;;;;;;C;;;;;;;;;;;;;;;;;;
ORG;2014;140000456;;;;;140000316;;2;1;;;;131;;;;;;;;;;;;;;B;A;;C;;;;;;;;;;;;C;;;;;;0;4.95;23.6;0
ORG;2014;140002239;;0;0;0;140000415;0;0;0;1;0;0;0;0;;;;;;;;;;;;;;;;;;;A;;;;;;;;;;;;;;;3;0;0;0
ORG;2014;140002452;;;;;140025800;;;;;;;1;;;;;;;;;;;;;;;;;;;;;;;;;;;;;C;;;;;;;;;
ORG;2014;140004383;;;7;;140000100;;;2;;;;700;;;;;C;E;A;;;;;;;;;;C;E;;;;;;;;;;;A;C;D;;;;0.75;;;
ORG;2014;140013830;;;;;140000118;;;4;;;;;;;;;;;;;;;;;;;;;B;A;;;;;;;;;;;;;;;;;;;;
ORG;2014;140015975;;;;;310021092;;;;;;;7;;;;;;;;;;;;;;;;;;;;;;;;;;;;;C;D;;;;;0.05;;;
ORG;2014;140016106;;;;;140000035;;;;;;;1;;;;;;;;;;;;;;;;;;;;;;;;;;;;;C;;;;;;;;;
ORG;2014;140016155;;;1;;140027426;;;;;;;;1;;;;G;;;;;;;;;;;;;;;;;;;;;;;;;;;A;B;;;;;
ORG;2014;140017278;;;;;610787285;;;;;;;3;;;;;;;;;;;;;;;;;;;;;;;;;;;;;C;;;;;;0;0;0;0
ORG;2014;140019175;;;1;;930019484;;;;;;;;;;;;A;D;;;;;;;;;;;;;;;;;;;;;;;;;;;;;;0.53;23.7;6.63
ORG;2014;140024886;;;3;;140000092;;;1;1;;;;;;;;A;A;G;;;;;;;;;;A;;;D;;;;;;;;;;;;;;;0.38;5.48;24.24;21.34
ORG;2014;140026410;;;;;140026279;;;;1;;;;;;;;;;;;;;;;;;;;;;;D;;;;;;;;;;;;;;;0;;;
ORG;2014;140026709;;;;;140000415;;;;1;;;;;;;;;;;;;;;;;;;;;;;A;B;;;;;;;;;;;;;;;;;
ORG;2014;140027434;;;;;140000852;;;;;;;1;;;;;;;;;;;;;;;;;;;;;;;;;;;;;;;;;;;;;;
ORG;2014;140027681;;;;;610004939;;;;;;;;1;;;;;;;;;;;;;;;;;;;;;;;;;;;;;;;;;;;;;
ORG;2014;150000032;;;1;1;150780088;;;1;;2;;130;;;;;C;;;C;;;;;;;;;A;;;;;;C;C;;;;;A;C;C;;;;0.5;1.47;;
ORG;2014;150000040;;0;0;0;150780096;1;0;0;0;0;0;48;;;;;;;;;;;B;;;;;;;;;;;;;;;;;;C;D;B;;;;0;6.75;5.52;3.66
ORG;2014;150000149;;;1;;150780393;;;;;;;;;;;;;;;;;;;;;;;;;;;;;;;;;;;;;;;;;;0;;0.8;
ORG;2014;150000180;;;;;150780500;1;;1;;;;20;;;;;;;;;;;C;A;;;;;B;;;;;;;;;;;;C;D;A;;;;0;0;0;0
ORG;2014;150780120;;;1;;150000065;;;;;;;17;;;;;;;;;;;;;;;;;;;;;;;;;;;;;D;G;C;;;;1;;;
ORG;2014;150780708;;;;2;870015336;;;;;;;1;;;;;;;;E;A;;;;;;;;;;;;;;;;;;;;C;;;;;;;0.5;;
ORG;2014;150780773;;;1;1;150780088;;;1;;2;;130;;;;;C;;;C;;;;;;;;;A;;;;;;C;C;;;;;A;C;C;;;;0.5;1.47;;
ORG;2014;150782944;;;;;150002566;;;;;;;13;;;;;;;;;;;;;;;;;;;;;;;;;;;;;D;A;C;;;;0;0;0;0
ORG;2014;160000170;;;;;160000204;;;;;;;7;;;;;;;;;;;;;;;;;;;;;;;;;;;;;C;;;;;;0.52;;;
ORG;2014;160000188;;1;2;;160000121;;;;;;;;;C;;;A;;;;;;;;;;;;;;;;;;;;;;;;;;;;;;;;1.59;1.21
ORG;2014;160000253;;0;1;1;160000451;0;0;1;1;0;0;170;0;;;;A;C;B;C;D;;;;;;;;A;;;D;;;;;;;;;C;A;D;;;;2.15;6;61.44;99.39
ORG;2014;160000261;;;;;160014411;;;1;1;;;;;;;;;;;;;;;;;;;;A;;;D;;;;;;;;;;;;;;;0;0;0;0
ORG;2014;160000279;;0;0;0;160000212;0;0;0;0;0;0;1;;;;;;;;;;;;;;;;;;;;;;;;;;;;;C;;;;;;0;0;0;0
ORG;2014;160000303;;1;;;160006037;;1;;;;;;;D;A;;;;;;;;;;;B;;;;;;;;;;;;;;;;;;;;;0.05;0;0;0
ORG;2014;160000311;;;2;;160000485;;;;;;;16;;;;;A;B;;;;;;;;;;;;;;;;;;;;;;;C;A;;;;;0.15;0.2;1.82;1.06
ORG;2014;160000337;;1;;;160000493;;1;;;;;;;;;;;;;;;;;;;B;;;;;;;;;;;;;;;;;;;;;0;0;0;0
ORG;2014;160000345;;;1;;160000501;;1;;;;;;;;;;A;D;;;;;;;;B;;;;;;;;;;;;;;;;;;;;;0;;;
ORG;2014;160000360;;;1;;160000519;;1;;;;;65;;;;;D;A;;;;;;;;B;;;;;;;;;;;;;;;C;E;;;;;0.05;2.1;20.25;5.3
ORG;2014;160002036;;;;;160009908;;;;;;;;;;;;;;;;;;;;;;;;;;;;;;;;;;;;C;C;C;;;;0;0;0;0
ORG;2014;160006110;;;;;860000348;;;;1;;;1;;;;;;;;;;;;;;;;;;;;;;;;;;;;;;;;;;;;;;
ORG;2014;160006409;;;;;160014411;;;1;1;;;;;;;;;;;;;;;;;;;;A;;;D;;;;;;;;;;;;;;;0;0;0;0
ORG;2014;160009080;;1;;;160001574;;;;;;;;;B;;;;;;;;;;;;;;;;;;;;;;;;;;;;;;;;;0;0;0;0
ORG;2014;160012159;;;;;860000348;;;;1;;;1;;;;;;;;;;;;;;;;;;;;;;;;;;;;;;;;;;;;;;
ORG;2014;160015368;;;1;;160014411;;;1;1;;;20;;;;;C;;;;;;;;;;;;A;;;D;;;;;;;;;A;C;;;;;0;0;0;0
ORG;2014;170000038;;;2;;170780050;1;1;2;1;;;36;1;;;;B;C;D;;;;C;;;B;;;A;B;;D;;;;;;;;;B;C;D;A;B;C;;1.2;1.58;4.42
ORG;2014;170000061;;;;;170780118;1;1;;;;;1;;;;;;;;;;;H;;;B;;;;;;;;;;;;;;;C;;;;;;;;;
ORG;2014;170000079;;;;;170780142;1;;;1;;;;;;;;;;;;;;C;;;;;;;;;A;;;;;;;;;;;;;;;0;0;0;0
ORG;2014;170000087;;;2;;170023279;1;;;;2;;;;;;;A;D;;;;;H;;;;;;;;;;;;C;;;;;;;;;;;;;;;
ORG;2014;170000095;;;;1;170780167;;1;1;1;3;;;;;;;;;;A;;;;;;A;;;A;;;A;;;C;;;;;;;;;;;;0.21;2.6;11.4;9.68
ORG;2014;170000103;;;2;;170780175;1;1;1;1;5;;38;1;;;;B;;D;;;;;C;;B;;;A;;;;;D;;C;;;;;A;C;D;;;D;0.5;15.15;27.99;59.56
ORG;2014;170000111;;;2;;170023279;1;;;;;;;;;;;A;D;;;;;H;;;;;;;;;;;;;;;;;;;;;;;;;;;
ORG;2014;170000129;;1;1;;170780191;;1;1;1;1;;26;;C;;;D;;;;;;;;;B;;;A;;;D;;;C;;;;;;C;A;D;;;;;3;;1.43
ORG;2014;170000137;;;;;170780209;1;;;;;;;;;;;;;;;;;;;;;;;;;;;;;;;;;;;;;;;;;;;;
ORG;2014;170000152;;1;2;;170780225;1;;;;2;;;;D;;;A;C;;;;;A;B;C;;;;;;;;;;C;;;;;;;;;;;;0.5;;0.5;
ORG;2014;170000178;;;1;;170780266;1;1;1;;;;14;;;;;B;;;;;;C;A;;B;;;B;;;;;;;;;;;;C;A;D;;;;;1;;0.13
ORG;2014;170022065;;1;;;170022057;;;;;;;;;C;;;;;;;;;;;;;;;;;;;;;;;;;;;;;;;;;;;;
ORG;2014;170022818;;1;;;170022057;;;;;;;;;C;;;;;;;;;;;;;;;;;;;;;;;;;;;;;;;;;;;;
ORG;2014;170022826;;1;;;170022057;;;;;;;;;C;;;;;;;;;;;;;;;;;;;;;;;;;;;;;;;;;;;;
ORG;2014;170780068;;10;;;170000046;;;;;;;1;;;;;;;;;;;;;;;;;;;;;;;;;;;;;;;;;;;0.05;;0.1;
ORG;2014;170780563;;1;;;170000251;;;;;;;;;A;;;;;;;;;;;;;;;;;;;;;;;;;;;;;;;;;;;;
ORG;2014;170780613;;;;;170000277;;;;1;1;;3;;;;;;;;;;;;;;;;;;;;;;;;;;;;;;;;;;;;;;
ORG;2014;170780621;;1;;;170000285;;;;;;;;;C;;;;;;;;;;;;;;;;;;;;;;;;;;;;;;;;;;2.7;3.78;1.3
ORG;2014;170780647;;;;;170000301;;;;;;;19;;;;;;;;;;;;;;;;;;;;;;;;;;;;;;;;;;;;;;
ORG;2014;170780662;;;;;170024053;;;;;;;3;1;;;;;;;;;;;;;;;;;;;;;;;;;;;;;;;;;;;;;
ORG;2014;170780803;;;;;170017321;;;;;;;3;1;;;;;;;;;;;;;;;;;;;;;;;;;;;;A;;;B;;;;;;
ORG;2014;170782981;;;2;;170023279;1;;;;;;;;;;;A;D;;;;;H;;;;;;;;;;;;;;;;;;;;;;;;;;;
ORG;2014;170784110;;;2;;170023279;1;;;;;;;;;;;A;D;;;;;H;;;;;;;;;;;;;;;;;;;;;;;;;;;
ORG;2014;170785059;;;1;;170000988;;;;1;;;;;;;;B;;;;;;;;;;;;;;;B;;;;;;;;;;;;;;;0.01;;;
ORG;2014;170791321;;;2;;170023279;1;;;;;;;;;;;A;D;;;;;H;;;;;;;;;;;;;;;;;;;;;;;;;;;
ORG;2014;170792212;;;1;;170000988;;;;1;;;;;;;;B;;;;;;;;;;;;;;;B;;;;;;;;;;;;;;;0.01;;;
ORG;2014;170794929;;;1;;170000988;;;;1;;;;;;;;B;;;;;;;;;;;;;;;B;;;;;;;;;;;;;;;0.01;;;
ORG;2014;170795165;;;1;;170000988;;;;1;;;;;;;;B;;;;;;;;;;;;;;;B;;;;;;;;;;;;;;;0.01;;;
ORG;2014;170802656;;;1;;170000988;;;;1;;;;;;;;B;;;;;;;;;;;;;;;B;;;;;;;;;;;;;;;0.01;;;
ORG;2014;170804090;;;1;;170000988;;;;1;;;;;;;;B;;;;;;;;;;;;;;;B;;;;;;;;;;;;;;;0.01;;;
ORG;2014;180000010;;;;;180000028;;;2;;;;5;;;;;;;;;;;;;;;;;;;;;;;;;;;;;;;;;;;;3.1;;43.25
ORG;2014;180000176;;;3;;180001158;;;1;;;;21;;;;;A;B;;;;;;;;;;;B;;;;;;;;;;;;C;A;;;;;;;;
ORG;2014;180000200;;1;;;180000051;;;2;;;;;;C;;;;;;;;;;;;;;;A;A;;;;;;;;;;;;;;;;;;;;
ORG;2014;180000283;;;1;;180000069;;;4;;;;15;;;;;A;;;;;;;;;;;;B;A;;;;;;;;;;;C;G;A;;;;;;0.02;
ORG;2014;180003345;;1;;;180000051;;;2;;;;;;C;;;;;;;;;;;;;;;A;A;;;;;;;;;;;;;;;;;;;;
ORG;2014;180004533;;1;;;580780971;;;3;;;;0;;A;;;;;;;;;;;;;;;A;B;;;;;;;;;;;;;;;;;0;0;0;0
ORG;2014;180008278;;;;;750047367;;;;;;;1;;;;;;;;;;;;;;;;;;;;;;;;;;;;;C;;;;;;0;;;
ORG;2014;190000018;;1;2;;190000042;1;1;;;;;450;;G;;;A;;;;;;H;;;B;;;;;;;;;;;;;;;C;A;;;;;1;;;
ORG;2014;190000026;;;1;;190000059;;1;;;;;;;;;;A;;;;;;;;;B;;;;;;;;;;;;;;;;;;;;;;;;
ORG;2014;190000034;;;1;;190000067;1;;1;;;;10;;;;;A;;;;;;E;;;;;;A;B;;;;;;;;;;;C;G;D;;;;;;;
ORG;2014;190000091;;;2;;190000075;1;1;;;1;;3;;;;;A;C;;;;;H;;;B;;;;;;;;;C;;;;;;C;C;C;;;;1;0.6;;0.2
ORG;2014;190000117;;;2;;190000117;;;;;;;139;;;;;;;;;;;;;;;;;;;;;;;;;;;;;C;C;A;;;;0;;2;
ORG;2014;190000224;;;2;;190000901;;;;;;;;;;;;B;D;;;;;;;;;;;;;;;;;;;;;;;;;;;;;;;;
ORG;2014;190002493;;;1;;190000059;;1;;;;;;;;;;A;;;;;;;;;A;;;;;;;;;;;;;;;;;;;;;;;;
ORG;2014;190005140;;;3;;190002485;1;1;;;;;7;;;;;A;C;;;;;C;;;B;;;;;;;;;;;;;;;C;;;;;;;;;
ORG;2014;190005165;;;1;;190002519;;1;;;;;1;;;;;A;;;;;;;;;B;;;;;;;;;;;;;;;A;;;;;;;;;
ORG;2014;190011601;;;1;;190000042;;;;;;;;;;;;C;;;;;;;;;;;;;;;;;;;;;;;;;;;;;;1;;;
ORG;2014;210001483;;;;;670005834;;;;;;;2;;;;;;;;;;;;;;;;;;;;;;;;;;;;;A;C;;;;;;;1;
ORG;2014;210001889;;;;;670005834;;;;;;;1;;;;;;;;;;;;;;;;;;;;;;;;;;;;;C;;;;;;;0.4;;
ORG;2014;210001939;;;;;670005834;;;;;;;1;;;;;;;;;;;;;;;;;;;;;;;;;;;;;C;;;;;;;0.4;;
ORG;2014;210007399;;;1;;210007308;;;;;;;;;;;;A;;;;;;;;;;;;;;;;;;;;;;;;;;;;;;;;;
ORG;2014;210010443;;;1;;210000337;;;;;;;7;;;;;C;;;;;;;;;;;;;;;;;;;;;;;;C;;;;;;0.01;0;0;0
ORG;2014;210780144;;;;;750721235;;;;;;;1;;;;;;;;;;;;;;;;;;;;;;;;;;;;;;;;;;;;0;0;0
ORG;2014;210983466;;;1;;210011482;;;;;;;1;;;;;A;B;;;;;;;;;;;;;;;;;;;;;;;A;B;;;;;0;0;0;0
ORG;2014;210983565;;;1;;210011482;;;;;;;1;;;;;A;B;;;;;;;;;;;;;;;;;;;;;;;A;B;;;;;0;0;0;0
ORG;2014;210986360;;;;;670005834;;;;;;;1;;;;;;;;;;;;;;;;;;;;;;;;;;;;;C;;;;;;;0.2;;
ORG;2014;210986725;;;1;;210986717;;;;;;;5;;;;;;;;;;;;;;;;;;;;;;;;;;;;;;;;;;;0.5;0.1;0.2;0.6
ORG;2014;210986741;;;1;;210986733;;;;;;;;;;;;C;B;;;;;;;;;;;;;;;;;;;;;;;;;;;;;;;;
ORG;2014;210987558;;;6;;210780581;;;;1;3;;;1;;;;C;D;E;;;;;;;;;;;;;;;;C;;;;;;;;;E;;;7;;;
ORG;2014;210987574;;;;;210780623;;1;;;;;;;;;;;;;;;;;;;;;;;;;;;;;;;;;;;;;;;;;;;
ORG;2014;210987590;;;;;210780649;;1;;;;;;;;;;;;;;;;;;;;;;;;;;;;;;;;;;;;;;;;0;;;
ORG;2014;210987608;;;1;;210011482;;;;;;;1;;;;;A;B;;;;;;;;;;;;;;;;;;;;;;;A;B;;;;;0;0;0;0
ORG;2014;210987616;;;;;210780656;;1;;;;;3;;;;;;;;;;;;;;;;;;;;;;;;;;;;;C;;;;;;0;0;0;0
ORG;2014;210987657;;;1;;210780714;;1;;1;1;;65;;;;;;;;;;;;;;;;D;;;;;;D;;C;;;;;;C;D;;;;0;2.6;1.71;3.55
ORG;2014;210987665;;;1;;210010070;;;;;;;1;;;;;A;B;;;;;;;;;;;;;;;;;;;;;;;A;B;;;;;0;0;0;0
ORG;2014;210987673;;;1;;210010070;;;;;;;1;;;;;A;B;;;;;;;;;;;;;;;;;;;;;;;A;B;;;;;0;0;0;0
ORG;2014;210987681;;;1;;210011482;;;;;;;1;;;;;A;B;;;;;;;;;;;;;;;;;;;;;;;A;B;;;;;0;0;0;0
ORG;2014;220000012;;0;2;0;220000020;1;0;1;1;1;0;44;;;;;C;H;;;;;C;;;;;;A;;;D;;;C;;;;;;C;D;;;;;2;12.93;17.09;59.53
ORG;2014;220000095;;;2;;220000046;1;;;1;;;;;;;;C;A;;;;;;;;;;;;;;D;;;;;;;;;;;;;;;0.05;;;16.55
ORG;2014;220000111;;;1;;220000376;;;;1;;;2;;;;;;;;;;;;;;;;;;;;;;;;;;;;;;;;;;;0;0;0;1
ORG;2014;220000210;;;1;;220000210;;;;;;;;;;;;;;;;;;;;;;;;;;;;;;;;;;;;;;;;;;1;;;1
ORG;2014;220000236;;;2;;220017974;;;;;;;5;;;;;A;C;;;;;;;;;;;;;;;;;;;;;;;C;;;;;;;;8.19;
ORG;2014;220000327;;1;0;;220000699;;;;;;;17;;B;;;;;;;;;;;;;;;;;;;;;;;;;;;D;D;;;;;0.1;;;
ORG;2014;220000343;;;3;1;220000079;1;3;;1;2;;;;;;;H;A;G;C;;;;;;A;B;D;;;;D;;;C;;;;;;;;;;;;10;0.1;0;0
ORG;2014;220000368;;;7;;220000103;1;2;;;;;282;;;;;A;C;D;;;;C;;;A;B;;;;;;;;;;;;;;C;D;B;;;;0.1;1.34;1.24;3.3
ORG;2014;220000475;;;2;;220020531;;;;;;;;;;;;A;;;;;;;;;;;;;;;;;;;;;;;;;;;;;;0;0;0;0
ORG;2014;220000541;;;1;1;220000152;1;1;;;3;;129;;;;;H;;;C;;;A;B;C;A;;;;;;;;;C;;;;;;A;C;D;;;;0;;1.84;0.58
ORG;2014;220000566;;;3;;220021968;;1;1;;;;139;;;;;B;A;A;;;;;;;B;;;A;;;;;;;;;;;;C;B;C;;;;;;;11
ORG;2014;220000574;;;1;;220000186;;2;;;;;;;;;;D;;;;;;;;;A;B;;;;;;;;;;;;;;;;;;;;0;1.6;;3.3
ORG;2014;220000590;;;1;;220000202;;;;;;;5;1;;;;G;;;;;;;;;;;;;;;;;;;;;;;;;C;D;A;;;0.05;;;1
ORG;2014;220001259;;;5;;220005045;;;;;;;;;;;;A;;;;;;;;;;;;;;;;;;;;;;;;;;;;;;0.1;;0.1;1
ORG;2014;220005599;;1;;;220017842;;;;;;;;;;;D;;;;;;;;;;;;;;;;;;;;;;;;;;;;;;;;;;
ORG;2014;220012751;;;2;;220017974;;;;;;;;;;;;A;;;;;;;;;;;;;;;;;;;;;;;;;;;;;;;;;
ORG;2014;220014138;;;1;;220017974;;;;;;;;;;;;A;;;;;;;;;;;;;;;;;;;;;;;;;;;;;;0;0;0;0
ORG;2014;220014708;;;1;;220017974;;;;;;;;;;;;A;;;;;;;;;;;;;;;;;;;;;;;;;;;;;;0;0;0;0
ORG;2014;220019061;;0;2;0;220000020;1;0;1;1;1;0;44;;;;;C;H;;;;;C;;;;;;C;;;D;;;C;;;;;;C;D;;;;;;;;
ORG;2014;220020101;;0;2;0;220000020;1;;1;1;1;0;44;;;;;C;H;;;;;C;;;;;;A;;;D;;;C;;;;;;C;;;;;;;;2.45;
ORG;2014;220020119;;0;2;0;220000020;1;0;1;1;1;0;44;0;;;;C;H;;;;;C;;;;;;A;;;D;;;C;;;;;;;;;;;;2;12.93;2.87;59.53
ORG;2014;220022149;;0;2;0;220000020;1;0;1;1;1;0;44;;;;;C;H;;;;;C;;;;;;A;;;D;;;C;;;;;;C;;;;;;;;1.84;
ORG;2014;230000838;;0;0;0;230780058;1;1;1;0;0;0;0;0;;;;;;;;;;;;;;;;;;;;;;;;;;;;;;;;;;;;;
ORG;2014;230000853;;;3;;230780074;1;1;1;0;0;0;120;8;;;;A;E;G;;;;H;;;B;;;B;;;;;;;;;;;;A;C;E;G;;;0;0.75;2.4;1.66
ORG;2014;230004657;;0;0;0;230780058;1;1;1;0;0;0;0;;;;;;;;;;;;;;;;;;;;;;;;;;;;;;;;;;;;;;
ORG;2014;230780082;;;;;750005068;1;1;;;;;76;;;;;;;;;;;H;C;A;C;;;;;;;;;;;;;;;C;G;D;;;;0;1;1.1;0
ORG;2014;230780181;;;2;;230000879;;;;;;;;;;;;A;;;;;;;;;;;;;;;;;;;;;;;;;;;;;;;;;
ORG;2014;240000091;;;;;240000034;1;1;;;;;;;;;;;;;;;;A;;;B;;;;;;;;;;;;;;;;;;;;;;;;
ORG;2014;240000174;;0;0;0;240000042;1;0;1;;;;8;;;;;;;;;;;C;A;B;;;;A;;;;;;;;;;;;;;;;;;0;0;0;0
ORG;2014;240000273;;1;;;750043994;;;;;;;;;;;;;;;;;;;;;;;;;;;;;;;;;;;;;;;;;;;;;
ORG;2014;240000372;;;;;240000059;1;;;1;;;85;;;;;;;;;;;G;;;;;;;;;E;;;;;;;;;C;D;;;;;0;0.23;1.07;0.33
ORG;2014;240000455;;;;;240000075;;1;;;;;1;;;;;;;;;;;;;;B;;;;;;;;;;;;;;;;;;;;;;;;
ORG;2014;240000463;;;;;240000083;;;;;;;;1;;;;;;;;;;;;;;;;;;;;;;;;;;;;;;;C;;;;;;
ORG;2014;240000471;;;;;240000109;1;1;;;;;8;;;;;;;;;;;C;;;B;;;;;;;;;;;;;;;C;;;;;;0;0;0;0
ORG;2014;240000489;;;1;;240000117;1;;1;;4;;160;;;;;D;;;;;;A;B;C;;;;A;;;;;;C;A;;;;;A;C;D;;;;;;;
ORG;2014;240000687;;;;;240000448;3;;1;;4;;46;;;;;;;;;;;C;A;B;;;;A;;;;;;C;A;;;;;C;A;D;;;;0.05;;0.52;0.15
ORG;2014;240003392;;;1;;240000117;1;;1;;4;;160;;;;;D;;;;;;A;B;C;;;;A;;;;;;C;A;;;;;A;C;D;;;;;;;
ORG;2014;250000114;;;;;900000365;;;;;;;;;;;;;;;;;;;;;;;;;;;;;;;;;;;;;;;;;;;0.87;;
ORG;2014;250000544;;;;;250002284;;;;;;;1;;;;;;;;;;;;;;;;;;;;;;;;;;;;;C;D;;;;;;;;
ORG;2014;250000619;;;;;250000452;;;;;;;7;;;;;;;;;;;;;;;;;;;;;;;;;;;;;C;A;;;;;;;;
ORG;2014;250000635;;;1;;250000239;;;2;;;;4;;;;;B;;;;;;;;;;;;A;;;;;;;;;;;;C;;;;;;;;;
ORG;2014;250000700;;;2;;250000452;;1;;2;;;40;;;;;D;B;;;;;;;;B;;;;;;B;;;;;;;;;C;;;;;;;;;
ORG;2014;250000718;;1;;1;250000460;;;2;;;;;;A;;;;;;B;;;;;;;;;B;;;;;;;;;;;;;;;;;;;;;
ORG;2014;250000726;;;;;250000478;;;;;;1;2;;;;;;;;;;;;;;;;;;;;;;;;;;B;;;A;G;;;;;;;;
ORG;2014;250000734;;;;;250000452;;;;;;;1;;;;;;;;;;;;;;;;;;;;;;;;;;;;;C;;;;;;;;;
ORG;2014;250000882;;;1;;250002839;;;1;1;;;23;;;;;C;D;G;;;;;;;;;;A;;;C;A;;;;;;;;C;A;;;;;;;;
ORG;2014;250001237;;;2;;250007598;;;1;;;;;;;;;B;A;;;;;;;;;;;A;;;;;;;;;;;;;;;;;;0;0;0;0
ORG;2014;250001252;;;1;;250007788;;;;;;;;;;;;B;;;;;;;;;;;;;;;;;;;;;;;;;;;;;;0;0;0;0
ORG;2014;250004009;;;;;900000365;;;;;;;;;;;;;;;;;;;;;;;;;;;;;;;;;;;;;;;;;;;4.09;;
ORG;2014;250006954;;3;3;;250000015;;;1;1;10;;128;1;C;E;;A;B;E;;;;;;;;;;E;;;A;;;C;;;;;;C;G;A;E;;;1.9;29.99;11.1;14.64
ORG;2014;250013448;;;;;670005834;;;;;;;1;;;;;;;;;;;;;;;;;;;;;;;;;;;;;C;;;;;;;1.4;;
ORG;2014;250014008;;;;;700004096;;;;;;;2;;;;;;;;;;;;;;;;;;;;;;;;;;;;;C;;;;;;;;;
ORG;2014;250015526;;;;;670005834;;;;;;;1;;;;;;;;;;;;;;;;;;;;;;;;;;;;;C;;;;;;;1.4;3.25;1.25
ORG;2014;250015534;;;;;670005834;;;;;;;1;;;;;;;;;;;;;;;;;;;;;;;;;;;;;C;;;;;;;1;3.6;
ORG;2014;250016003;;;;;250006335;;;;;;;5;;;;;;;;;;;;;;;;;;;;;;;;;;;;;F;C;;;;;0;0;0;0
ORG;2014;260000013;;;2;;260000021;1;;;;3;;467;;;;;A;;;;;;A;B;C;;;;;;;;;;C;;;;;;A;C;D;;;;;8.03;2.15;4.29
ORG;2014;260000120;;;2;;260016910;;;;1;1;3;186;;;;;A;C;;;;;;;;;;;;;;D;;;C;;;C;;;;;;;;;;1.9;5.8;45.86
ORG;2014;260000138;;;2;;260000047;1;;2;1;;;280;;;;;A;C;B;;;;C;;;;;;A;C;;D;;;;;;;;;C;;;;;;0.25;2.23;11.7;18.43
ORG;2014;260000146;;;1;;260000054;1;;;;2;;;;;;;;;;;;;;;;;;;;;;;;;;;;;;;;;;;;;0;1.6;0.75;1.4
ORG;2014;260000203;;;;;260016910;;;;;;;2;;;;;;;;;;;;;;;;;;;;;;;;;;;;;;;;;;;;0.3;1;
ORG;2014;260000229;;1;;;260000070;;;;;;;3;;C;;;;;;;;;;;;;;;;;;;;;;;;;;;C;;;;;;0;0;0;0
ORG;2014;260000237;;;;1;260000088;;;2;;;;50;;;;;;;;C;;;;;;;;;B;A;;;;;;;;;;;D;C;A;;;;0;0;0;0
ORG;2014;260000278;;;;1;260000096;;;;;;;40;;;;;;;;C;;;;;;;;;;;;;;;;;;;;;C;A;B;;;;;;;
ORG;2014;260000682;;;;;930019484;;;;;;;3;;;;;;;;;;;;;;;;;;;;;;;;;;;;;C;;;;;;;0.4;;
ORG;2014;260000823;;;1;;260003264;;;;;;;;;;;;A;;;;;;;;;;;;;;;;;;;;;;;;;;;;;;;;;
ORG;2014;260001631;;;;;380793802;;;;;;;1;;;;;;;;;;;;;;;;;;;;;;;;;;;;;C;;;;;;;;;
ORG;2014;260003140;;;;;380793802;;;;;;;1;;;;;;;;;;;;;;;;;;;;;;;;;;;;;C;;;;;;;;;
ORG;2014;260003215;;;;;380793802;;;;;;;1;;;;;;;;;;;;;;;;;;;;;;;;;;;;;C;;;;;;;;;
ORG;2014;260003280;;;;;260016910;;;;;;;1;;;;;;;;;;;;;;;;;;;;;;;;;;;;;;;;;;;;;0.5;
ORG;2014;260006267;;;;;070000245;;;;;;21;;;;;;;;;;;;;;;;;;;;;;;;;;;D;C;A;;;;;;;;;;
ORG;2014;260006655;;;2;;260000047;1;;2;1;;;280;;;;;A;C;B;;;;C;;;;;;A;C;;D;;;;;;;;;C;;;;;;0.25;2.23;11.7;18.43
ORG;2014;260006820;;;;;380793802;;;;;;;1;;;;;;;;;;;;;;;;;;;;;;;;;;;;;C;;;;;;;;;
ORG;2014;260006838;;;;;380793802;;;;;;;1;;;;;;;;;;;;;;;;;;;;;;;;;;;;;C;;;;;;;;;
ORG;2014;260010418;;;;;690796552;;;;1;;;3;;;;;;;;;;;;;;;;;;;;B;;;;;;;;;C;A;;;;;0.5;0.17;;
ORG;2014;260012760;;;;;690796552;;;;1;;;2;;;;;;;;;;;;;;;;;;;;B;;;;;;;;;A;C;;;;;0.5;;;
ORG;2014;260016993;;;;;380793802;;;;;;;1;;;;;;;;;;;;;;;;;;;;;;;;;;;;;C;;;;;;;;;
ORG;2014;270000045;;;;;270000060;1;1;;;;;;;;;;;;;;;;;;;;;;;;;;;;;;;;;;;;;;;;;;;
ORG;2014;270000359;;;2;;270023724;;;;1;;;;;;;;A;B;;;;;;;;;;;;;;D;;;;;;;;;;;;;;;;;;
ORG;2014;270000367;;;;1;270000086;;1;1;;1;;133;;;;;;;;C;;;;;;A;;;A;;;;;;D;;;;;;G;D;C;;;;;0.5;;
ORG;2014;270000417;;;;;760025734;;1;;;;;;;;;;;;;;;;;;;;;;;;;;;;;;;;;;;;;;;;0;0;0;0
ORG;2014;270000425;;;;;270000102;;;;1;;;;;;;;;;;;;;;;;;;;;;;D;;;;;;;;;;;;;;;;;;
ORG;2014;270000458;;;2;;270023724;;;;1;;;;;;;;A;B;;;;;;;;;;;;;;D;;;;;;;;;;;;;;;;;;
ORG;2014;270000482;;;2;;270000144;;;;;;;;;;;;G;A;;;;;;;;;;;;;;;;;;;;;;;;;;;;;;;;
ORG;2014;270000516;;;;;270000177;;1;1;;;;;;;;;;;;;;;;;;;;;;;;;;;;;;;;;;;;;;;;;;2
ORG;2014;270000532;;0;1;0;270000185;0;0;0;0;0;0;3;;;;;A;;;;;;;;;;;;;;;;;;;;;;;;D;A;D;;;;0;0;0;0
ORG;2014;270000573;;;2;;270000219;;;;;;;;;;;;A;G;;;;;;;;;;;;;;;;;;;;;;;;;;;;;0.15;0.95;2.93;2
ORG;2014;270000896;;;;;930019484;;;;;;;8;;;;;;;;;;;;;;;;;;;;;;;;;;;;;C;D;G;;;;;;;
ORG;2014;270000912;;;1;;750814030;;;;;;;;;;;;;;;;;;;;;;;;;;;;;;;;;;;;;;;;;;0.1;;;13
ORG;2014;270016058;;;;;270016009;;;;;;;1;;;;;;;;;;;;;;;;;;;;;;;;;;;;;C;;;;;;;0.8;;
ORG;2014;270017338;;;;;140000852;;;;;;;1;;;;;;;;;;;;;;;;;;;;;;;;;;;;;;;;;;;;;;
ORG;2014;270017379;;;;;140000852;;;;;;;1;;;;;;;;;;;;;;;;;;;;;;;;;;;;;;;;;;;;;;
ORG;2014;270017429;;;;;140000852;;;;;;;1;;;;;;;;;;;;;;;;;;;;;;;;;;;;;;;;;;;;;;
ORG;2014;270017478;;;;;140000852;;;;;;;1;;;;;;;;;;;;;;;;;;;;;;;;;;;;;;;;;;;;;;
ORG;2014;270021439;;0;0;0;270002652;0;0;0;0;0;0;3;0;;;;;;;;;;;;;;;;;;;;;;;;;;;;C;;;;;;0;;;
ORG;2014;280000035;;1;2;1;750043994;;;;;;;;;C;D;;D;;;;;;;;;;;;;;;;;;;;;;;;;;;;;;;;;
ORG;2014;280000050;;;1;2;280000142;;;1;;;;;;;;;A;;;B;C;;;;;;;;A;;;;;;;;;;;;;;;;;;1;;;
ORG;2014;280000084;;;7;;280000183;;;;3;;;90;16;;;;A;B;C;;;;;;;;;;;;;A;C;;;;;;;;C;A;;C;;;1;4.28;2.56;0.95
ORG;2014;280000100;;;1;;280000225;;;2;;;;32;;;;;A;;;;;;;;;;;;A;;;;;;;;;;;;A;C;D;;;;;;;
ORG;2014;280000159;;1;;;280000068;;;;;;;;;;;;;;;;;;;;;;;;;;;;;;;;;;;;;;;;;;0;0;0;0
ORG;2014;280000449;;;1;;750055634;;;;;;;;;;;;;;;;;;;;;;;;;;;;;;;;;;;;;;;;;;;;;
ORG;2014;280001678;;;;2;450011150;;;;;;;1;;;;;;;;B;C;A;;;;;;;;;;;;;;;;;;;A;;;;;;0.01;;;
ORG;2014;280003898;;;;2;450011150;;;;;;;1;;;;;;;;B;C;A;;;;;;;;;;;;;;;;;;;A;;;;;;0.01;;;
ORG;2014;280003948;;;;2;450011150;;;;;;;1;;;;;;;;B;C;A;;;;;;;;;;;;;;;;;;;A;;;;;;0.01;;;
ORG;2014;280006594;;;;;280000852;;;;1;;;3;;;;;;;;;;;;;;;;;;;;;;;;;;;;;;;;;;;;;;
ORG;2014;280502741;;;;;280000852;;;;1;;;3;1;;;;;;;;;;;;;;;;;;;;;;;;;;;;;;;;;;;;;
ORG;2014;280503848;;;;;280000852;;;;1;;;3;;;;;;;;;;;;;;;;;;;;;;;;;;;;;A;;;;;;;;;
ORG;2014;280504267;;0;2;0;280000134;1;0;1;1;1;0;445;;;;;B;C;;;;;C;D;;;;;A;;;D;;;C;;;;;;C;A;D;;;;1;4.35;7.25;3.7
ORG;2014;280504309;;;;;280000852;;;;1;;;3;;;;;;;;;;;;;;;;;;;;;;;;;;;;;;;;;;;;;;
ORG;2014;280504689;;;1;;750055626;;;;;;;;;;;;B;;;;;;;;;;;;;;;;;;;;;;;;;;;;;;;;;
ORG;2014;280505223;;;;;280001132;;;;;;;27;;;;;;;;;;;;;;;;;;;;;;;;;;;;;;;;;;;0.05;0;0;0
ORG;2014;280505264;;;;;280006370;;;;1;;;;;;;;;;;;;;;;;;;;;;;A;B;;;;;;;;;;;;;;;;;
ORG;2014;280506015;;;;;280001264;;;;;;;1;;;;;;;;;;;;;;;;;;;;;;;;;;;;;G;;;;;;0;0;0;0
ORG;2014;290000025;;;9;;290020700;;;3;1;1;;1;;;;;B;C;D;;;;;;;;;;A;E;;;;;D;;;;;;C;D;;;;;2;139.3;129.8;643.6
ORG;2014;290000033;;;4;;290021542;;;2;;;;70;;;;;D;B;A;;;;;;;;;;A;B;;;;;;;;;;;C;B;D;;;;1.2;;;
ORG;2014;290000058;;;12;;290000017;1;;3;;;;;;;;;A;E;C;;;;H;;;;;;A;B;;;;;;;;;;;;;;;;;0.3;;;
ORG;2014;290000066;;;8;;290020700;;;3;;1;;1;;;;;B;C;D;;;;;;;;;;A;E;;;;;D;;;;;;C;D;;;;;;;;
ORG;2014;290000173;;;1;;290000041;1;;1;;;;;1;;;;A;;;;;;A;;;;;;B;;;;;;;;;;;;;;;A;;;;1;0.4;1
ORG;2014;290000181;;;5;;290000074;;;4;;;;187;;;;;;;;;;;;;;;;;;;;;;;;;;;;;;;;;;;1.03;5.68;3.97;37.4
ORG;2014;290000215;;;;;290029974;;;;1;;;;;;;;;;;;;;;;;;;;;;;A;B;;;;;;;;;;;;;;;0.3;;1
ORG;2014;290000272;;;3;;290000090;1;;1;;;;20;;;;;B;A;;;;;;;;;;;B;;;;;;;;;;;;A;B;C;;;;0;;;
ORG;2014;290000322;;;2;1;290000108;1;;1;;;;24;;;;;A;;;B;;;;;;;;;B;;;;;;;;;;;;C;D;A;;;;0;0;0;0
ORG;2014;290000389;;;;;290000116;1;2;;;;;;;;;;;;;;;;;C;;B;;D;;;;;;;;;;;;;;;;;;;0;0;0;0
ORG;2014;290000413;;;1;;290009752;;2;;;;;3;;;;;B;;;;;;;;;D;A;;;;;;;;;;;;;;C;;;;;;0;0;0;0
ORG;2014;290000686;;;;;440042844;;;;;;;1;;;;;;;;;;;;;;;;;;;;;;;;;;;;;C;;;;;;0;2;;
ORG;2014;290000728;;;3;;750821092;;;;;;;110;;;;;C;B;;;;;;;;;;;;;;;;;;;;;;;C;G;E;;;;0.5;;;
ORG;2014;290000785;;0;5;0;220020739;0;0;1;0;1;0;98;1;;;;C;B;G;;;;;;;;;;A;;;;;;C;;;;;;C;A;G;A;;;4.9;6.75;23.56;
ORG;2014;290000819;;;1;;290001023;;;;;;;;;;;;B;;;;;;;;;;;;;;;;;;;;;;;;;;;;;;;;;
ORG;2014;290000827;;;;;290000546;;;;1;;;;;;;;;;;;;;;;;;;;;;;;;;;;;;;;;;;;;;;;;
ORG;2014;290000850;;;;;330031089;;;;1;;;4;;;;;;;;;;;;;;;;;;;;A;B;;;;;;;;C;;;;;;;;;
ORG;2014;290000934;;;1;;290000306;1;2;;;3;;150;;;;;D;;;;;;H;;;D;A;;;;;;;;C;;;;;;A;C;D;;;;1.25;;;
ORG;2014;290000975;;;;;290000546;;;;1;;;;;;;;;;;;;;;;;;;;;;;;;;;;;;;;;;;;;;;;;
ORG;2014;290002344;;;1;;440042844;;;2;;;;1;;;;;;;;;;;;;;;;;A;A;;;;;;;;;;;C;;;;;;;;;
ORG;2014;290003995;;;1;;290000306;1;2;;;3;;150;;;;;D;;;;;;H;;;D;A;;;;;;;;C;;;;;;A;C;D;;;;0;0;0;0
ORG;2014;290004142;;;;;290022508;;;;;;;17;;;;;;;;;;;;;;;;;;;;;;;;;;;;;C;D;G;;;;;;;
ORG;2014;290005826;;;4;;290020700;;;3;;1;;1;;;;;B;C;D;;;;;;;;;;A;E;;;;;D;;;;;;C;D;;;;;;;;
ORG;2014;290014687;;;1;;290000306;1;2;;;3;;150;;;;;D;;;;;;H;;;D;A;;;;;;;;C;;;;;;A;C;D;;;;0;0;0;0
ORG;2014;290019777;;;;;290022508;;;;;;;20;;;;;;;;;;;;;;;;;;;;;;;;;;;;;C;D;G;;;;;;;
ORG;2014;290023431;;;;;290001049;;;;;;;21;5;;;;;;;;;;;;;;;;;;;;;;;;;;;;C;D;A;B;;;;;;
ORG;2014;290025113;;;4;;290020700;;;3;;1;;1;;;;;B;C;D;;;;;;;;;;A;E;;;;;D;;;;;;C;D;;;;;;;;
ORG;2014;290025147;;;4;;290020700;;;3;;1;;1;;;;;B;C;D;;;;;;;;;;A;E;;;;;D;;;;;;C;D;;;;;;;;
ORG;2014;290029982;;;5;;290020700;;;3;;1;;1;;;;;B;C;D;;;;;;;;;;A;E;;;;;D;;;;;;C;D;;;;;;;;
ORG;2014;290034610;;;1;;290000306;1;2;;;3;;150;;;;;D;;;;;;H;;;D;A;;;;;;;;C;;;;;;A;C;D;;;;0;;;
ORG;2014;2A0000022;;;2;;2A0000014;1;;1;;;;50;;;;;;;;;;;;;;;;;;;;;;;;;;;;;;;;;;;;;;
ORG;2014;2A0000287;;1;1;;2A0000386;;;1;;;;;;C;D;;B;;;;;;;;;;;;;;D;;;;;;;;;;;C;;;;;0.5;;;
ORG;2014;2A0001988;;;;;2A0001848;;;;;;;1;;;;;;;;;;;;;;;;;;;;;;;;;;;;;C;;;;;;0.05;0;0;0
ORG;2014;2A0002614;;;1;;2A0002606;;;;;;;;;;;;B;;;;;;;;;;;;;;;;;;;;;;;;;;;;;;1;;;
ORG;2014;2B0000012;;;1;;2B0000020;1;;1;;;;281;;;;;B;;;;;;C;A;B;;;;C;;;;;;;;;;;;C;A;D;;;;1;0;0;0
ORG;2014;2B0000145;;;;;2B0000053;;;;;;;25;;;;;;;;;;;;;;;;;;;;;;;;;;;;;C;A;;;;;0.2;;2;1
ORG;2014;2B0000160;;;1;;2B0000087;;;;;;;;;;;;A;;;;;;;;;;;;;;;;;;;;;;;;;;;;;;0.1;0.15;;0.15
ORG;2014;2B0004584;;;;;130016058;;;;;;;3;;;;;;;;;;;;;;;;;;;;;;;;;;;;;;;;;;;;;;
ORG;2014;2B0005359;;0;1;0;2B0005342;1;0;0;0;1;0;;8;;;;B;;;;;;;;;;;;;;;;;;C;;;;;;;;;;;;0.1;0;0;0.1
ORG;2014;300000023;;;2;;300780046;1;;;;;;;;;;;C;F;;;;;C;;;;;;;;;;;;;;;;;;;;;;;;0.3;;;
ORG;2014;300000031;;1;1;;300780053;1;;;;;;7;;C;;;C;A;B;;;;C;A;B;;;;;;;;;;;;;;;;C;D;A;;;;0.29;3.1;1.25;0.6
ORG;2014;300000056;;;;;300780079;1;1;1;;;;;;;;;;;;;;;;B;;;;B;A;;;;;;;;;;;;;;;;;;;;;
ORG;2014;300000064;;;1;;300780087;1;;;;;;;;;;;D;;;;;;A;;;;;;;;;;;;;;;;;;;;;;;;0.3;2;6.77;0.86
ORG;2014;300000296;;;1;;300000296;;;;;;;;;;;;;;;;;;;;;;;;;;;;;;;;;;;;;;;;;;0;0;0.5;0
ORG;2014;300000478;;;1;;300781010;1;;1;;;;4;;;;;D;B;A;;;;B;A;;;;;A;;;;;;;;;;;;C;;;;;;;;;
ORG;2014;300002169;;0;0;0;780020715;0;0;0;0;1;0;0;0;;;;;;;;;;;;;;;;;;;;;;C;;;;;;;;;;;;0;0;0;0
ORG;2014;300002805;;;;;300780038;;;;;;;;;;;;;;;;;;;;;;;;;;;;;;;;;;;;;;;;;;;0.4;;
ORG;2014;300007119;;;;;340000264;;;;;;;4;;;;;;;;;;;;;;;;;;;;;;;;;;;;;C;A;;;;;0.27;;;
ORG;2014;300007168;;;;;340000264;;;;;;;2;;;;;;;;;;;;;;;;;;;;;;;;;;;;;C;;;;;;0.27;;;
ORG;2014;300010964;;;1;;300010931;;;;;;;;;;;;D;;;;;;;;;;;;;;;;;;;;;;;;;;;;;;;;;
ORG;2014;300012309;;;1;;340784933;;;;;;;;;;;;;;;;;;;;;;;;;;;;;;;;;;;;;;;;;;0;0;0;0
ORG;2014;300013745;;;;1;340784933;;;;;;;;;;;;;;;;;;;;;;;;;;;;;;;;;;;;;;;;;;0;0;0;0
ORG;2014;300014040;;1;;;300014024;;;;;;;;;;;;;;;;;;;;;;;;;;;;;;;;;;;;;;;;;;0.1;0;0;0
ORG;2014;300780111;;0;0;0;300016847;0;0;0;0;0;0;1;0;;;;;;;;;;;;;;;;;;;;;;;;;;;;;;;;;;0;;1;0.3
ORG;2014;300780137;;;;;920028396;;;;1;;;;;;;;;;;;;;;;;;;;;;;A;;;;;;;;;;;;;;;;;;
ORG;2014;300780152;;;;2;300000114;;;;1;;;32;;;;;;;;C;D;B;;;;;;;;;;A;;;;;;;;;A;C;D;;;;0.3;;;
ORG;2014;300780210;;;;;300000148;;;;;;;22;;;;;;;;;;;;;;;;;;;;;;;;;;;;;C;A;B;;;;;;;
ORG;2014;300780244;;;;;300000171;;;;;;;8;;;;;;;;;;;;;;;;;;;;;;;;;;;;;A;G;C;;;;;;;
ORG;2014;300780764;;;;;300000429;;;;;;;10;;;;;;;;;;;;;;;;;;;;;;;;;;;;;C;B;;;;;0;0;0;0
ORG;2014;300782117;;1;3;6;300780038;1;;;1;4;;111;;C;D;;B;H;;C;D;E;H;C;;;;;;;;D;;;E;C;;;;;C;D;E;;;;1;18.5;;1
ORG;2014;300782125;;;;;300780038;;;;;;;;;;;;;;;;;;;;;;;;;;;;;;;;;;;;;;;;;;;0.4;;
ORG;2014;300786274;;;1;;300786266;;;;;;;;;;;;;;;;;;;;;;;;;;;;;;;;;;;;;;;;;;0;;;
ORG;2014;300787421;;;;;340000264;;;;;;;8;;;;;;;;;;;;;;;;;;;;;;;;;;;;;C;A;;;;;0.27;;;
ORG;2014;300788502;;;;;300788486;;;;1;;;;;;;;;;;;;;;;;;;;;;;A;;;;;;;;;;;;;;;;;;
ORG;2014;310000310;;;1;1;310780671;;;;;;;;;;;;F;;;C;;;;;;;;;;;;;;;;;;;;;;;;;;;;2.09;;1.32
ORG;2014;310000369;;;1;;310780754;;;;;;;;;;;;D;;;;;;;;;;;;;;;;;;;;;;;;;;;;;;0;0.8;1.6;
ORG;2014;310009279;;;;1;310780671;;;;;;;;;;;;;;;C;;;;;;;;;;;;;;;;;;;;;;;;;;;;;;
ORG;2014;310013628;;;;;310786256;;;5;;;;;;;;;;;;;;;;;;;;;A;A;A;;;;;;;;;;;;;;;;0;0;0;1
ORG;2014;310014329;;;;;310781562;;;;;;;;;;;;;;;;;;;;;;;;;;;;;;;;;;;;;C;C;;;;0;0;0;0
ORG;2014;310016977;;;2;1;310781406;;;;;;;31;;;;;;;;;;;;;;;;;;;;;;;;;;;;;;;;;;;0;;5.2;3
ORG;2014;310021571;;;1;;310021563;;;;;;;3;1;;;;A;;;;;;;;;;;;;;;;;;;;;;;;C;D;D;A;;;1;;;1.3
ORG;2014;310780085;;;;;310000021;;;;;;;1;;;;;;;;;;;;;;;;;;;;;;;;;;;;;A;;;;;;;;;
ORG;2014;310780135;;;1;;310000054;;;;1;;;1;;;;;A;E;;;;;;;;;;;;;;D;;;;;;;;;A;;;;;;;;;
ORG;2014;310780234;;0;1;0;310000591;0;0;0;0;0;0;20;0;;;;;;;;;;;;;;;;;;;;;;;;;;;;C;;;;;;0.1;0;0;0
ORG;2014;310780259;;;;;310000096;;;;;;;143;;;;;;;;;;;;;;;;;;;;;;;;;;;;;C;D;E;;;;0.05;;;
ORG;2014;310780366;;;1;;310000153;;;;;;;;;;;;;;;;;;;;;;;;;;;;;;;;;;;;;;;;;;;1.1;2.8;0.3
ORG;2014;310781067;;;3;;310788898;;;1;2;;;;;;;;D;C;;;;;;;;;;;G;;;D;;;;;;;;;;;;;;;;2.45;16.79;8.1
ORG;2014;310781125;;1;;;310000419;;;;;;;;;;;;;;;;;;;;;;;;;;;;;;;;;;;;;;;;;;1;20.99;16.89;4.1
ORG;2014;310781133;;;1;;310000427;;;;;;;;;;;;B;;;;;;;;;;;;;;;;;;;;;;;;;;;;;;0;;;
ORG;2014;310782347;;;5;;310789136;;;2;1;;;1;;;;;C;B;A;;;;;;;;;;C;E;;A;;;;;;;;;A;;;;;;1.2;;;1.2
ORG;2014;310783097;;;1;;750005068;;;;1;;;4;1;;;;B;;;;;;;;;;;;;;;A;;;;;;;;;C;;;A;;;0.3;0;0;0
ORG;2014;310784558;;;1;;310180013;;;;;;;;;;;;F;;;;;;;;;;;;;;;;;;;;;;;;;;;;;;;;;
ORG;2014;310786702;;;1;;750043713;;;;;;;;;;;;B;;;;;;;;;;;;;;;;;;;;;;;;;;;;;;;;;
ORG;2014;320000086;;;;1;320780117;;;1;1;;;;;;;;;;;C;;;;;;;;;E;;;D;;;;;;;;;;;;;;;0;;15.88;6.78
ORG;2014;320000094;;;;;320780125;;;;;;;1;1;;;;;;;;;;;;;;;;;;;;;;;;;;;;A;;;B;;;0;0;0;0
ORG;2014;320000144;;1;;;320780174;;;;;;;;;;C;;;;;;;;;;;;;;;;;;;;;;;;;;;;;;;;;;;
ORG;2014;320000177;;;;;320780208;;;;;;;5;;;;;;;;;;;;;;;;;;;;;;;;;;;;;C;;;;;;0;0;0;0
ORG;2014;320000185;;;;;320780216;;;;;;;20;;;;;;;;;;;;;;;;;;;;;;;;;;;;;A;C;C;;;;;;;
ORG;2014;320004328;;;;;750721334;;;;;;;1;;;;;;;;;;;;;;;;;;;;;;;;;;;;;;;;;;;;1;;
ORG;2014;320784333;;;;;320000565;;;;;;;17;;;;;;;;;;;;;;;;;;;;;;;;;;;;;C;D;;;;;;;;
ORG;2014;330000217;;0;0;0;330780347;0;0;0;1;0;0;0;0;;;;;;;;;;;;;;;;;;;A;;;;;;;;;;;;;;;0;0;0;0
ORG;2014;330000332;;1;;;330780545;;;1;;;;62;17;B;;;;;;;;;;;;;;;C;;;;;;;;;;;;C;A;;C;;;;;;
ORG;2014;330000340;;;1;;330780552;;;;;;;;;;;;;;;;;;;;;;;;;;;;;;;;;;;;;;;;;;1.04;0.5;0.2;0.2
ORG;2014;330000431;;;2;;330000431;;;;;;;;;;;;A;G;;;;;;;;;;;;;;;;;;;;;;;;;;;;;0.1;;;0.1
ORG;2014;330000555;;;;2;330781204;1;;;;;;;;;;;;;;F;D;;;;;;;;;;;;;;;;;;;;;;;;;;;;;
ORG;2014;330000571;;;1;;330781220;1;;;;;;62;;;;;D;;;;;;C;;;;;;;;;;;;;;;;;;C;G;A;;;;0.1;0.1;;
ORG;2014;330000589;;;2;;330027509;;;1;;;;43;;;;;D;C;;;;;;;;;;;A;;;;;;;;;;;;C;C;A;;;;0.15;1;;8.14
ORG;2014;330000597;;;;;330027509;;;;;;;;;;;;;;;;;;;;;;;;;;;;;;;;;;;;;;;;;;0.15;0.4;;6
ORG;2014;330000605;;;1;;330781253;;;;;;;225;;;;;A;;;;;;;;;;;;;;;;;;;;;;;;C;D;A;;;;;;;
ORG;2014;330000613;;;1;;330781261;;;;;;;2;;;;;A;;;;;;;;;;;;;;;;;;;;;;;;B;C;;;;;0.05;1;3.3;1.37
ORG;2014;330000639;;;1;;330781287;1;;;;;;289;;;;;C;;;;;;C;;;;;;;;;;;;;;;;;;;;;;;;2;6;1;
ORG;2014;330000647;;;2;;330781295;;;1;;;;;;;;;C;;;;;;;;;;;;;;;;;;;;;;;;;;;;;;;;;
ORG;2014;330000662;;;1;;330781329;;;;;;1;;;;;;D;;;;;;;;;;;;;;;;;;;;;D;;;;;;;;;0;0;0;0
ORG;2014;330000779;;;;2;330000779;;;;;;;;;;;;;;;C;;;;;;;;;;;;;;;;;;;;;;;;;;;0.2;;;0.2
ORG;2014;330780115;;;;;330000076;;;;1;;;2;1;;;;;;;;;;;;;;;;;;;D;;;;;;;;;D;;;A;;;0.5;0.2;0.2;0.2
ORG;2014;330780313;;;;;330000191;;;;;;;9;;;;;;;;;;;;;;;;;;;;;;;;;;;;;;C;D;;;;;;;
ORG;2014;330780479;;;;1;330000274;;;;4;;;;;;;;;;;;;;;;;;;;;;;;;;;;;;;;;;;;;;;;;
ORG;2014;330780560;;0;0;0;330781386;0;0;0;0;0;0;3;1;;;;;;;;;;;;;;;;;;;;;;;;;;;;C;C;A;A;;;0;0;0;0
ORG;2014;330780636;;;1;;330785072;;;;;;;3;;;;;G;;;;;;;;;;;;;;;;;;;;;;;;C;;;;;;0;0.5;0;0
ORG;2014;330781303;;;1;;750821092;;;;;;;;;;;;A;C;;;;;;;;;;;;;;;;;;;;;;;;;;;;;0;0.91;0.77;1
ORG;2014;330781360;;;;;330781196;1;;;1;;;1500;;;;;;;;;;;C;A;D;;;;;;;C;;;;;;;;;;;;;;;5;;;
ORG;2014;330781691;;;;;330781691;;;;;;;1;;;;;;;;;;;;;;;;;;;;;;;;;;;;;;;;;;;0;2.4;1.9;0.25
ORG;2014;330783721;;;;;330781253;;;;;;;7;;;;;;;;;;;;;;;;;;;;;;;;;;;;;C;D;A;;;;;;;
ORG;2014;330783960;;;2;;750005068;;;;;;;3;;;;;C;;;;;;;;;;;;;;;;;;;;;;;;C;D;A;;;;;;;
ORG;2014;330802778;;;;;310020383;;;;;;;;;;;;;;;;;;;;;;;;;;;;;;;;;;;;;;;;;;0.1;0;0;0.1
ORG;2014;340000033;;;2;;340780055;;;;;;;;;;;;A;B;;;;;;;;;;;;;;;;;;;;;;;;;;;;;1;;;44.8
ORG;2014;340000173;;;2;;340780451;;;;;;;;;;;;A;A;;;;;;;;;;;;;;;;;;;;;;;;;;;;;0;0;0;0
ORG;2014;340000181;;;;;340780469;;2;;;;;;;;;;;;;;;;;;;B;D;;;;;;;;;;;;;;;;;;;;;;;
ORG;2014;340000207;;;1;;340780493;;;;1;;;;;;;;;;;;;;;;;;;;;;;;;;;;;;;;;;;;;;0;0.5;8.54;
ORG;2014;340000215;;;2;;340780519;;;;;;;;;;;;A;;;;;;;;;;;;;;;;;;;;;;;;;;;;;;;;;
ORG;2014;340000223;;2;2;1;340011295;;;;1;;;32;;C;;;A;;;G;;;;;;;;;;;;C;;;;;;;;;;;;;;;;;;
ORG;2014;340000231;;;;;340780535;;;;;;;9;;;;;;;;;;;;;;;;;;;;;;;;;;;;;A;C;D;;;;0;0;0;0
ORG;2014;340000249;;;2;;340780543;;;;;;;34;;;;;;;;;;;;;;;;;;;;;;;;;;;;;;;;;;;;;;
ORG;2014;340001064;;0;0;0;340013028;0;0;0;1;0;0;10;0;;;;;;;;;;;;;;;;;;;B;;;;;;;;;;;;;;;0.05;0;0;0
ORG;2014;340008176;;;;;340780469;;2;;;;;;;;;;;;;;;;;;;B;D;;;;;;;;;;;;;;;;;;;;;;;
ORG;2014;340008275;;;;;340780477;;;;;;;8;;;;;;;;;;;;;;;;;;;;;;;;;;;;;C;;;;;;1;;;
ORG;2014;340009018;;;;;340008978;;;;;;;45;;;;;;;;;;;;;;;;;;;;;;;;;;;;;C;D;B;;;;0.1;0;0;0
ORG;2014;340010149;;;;;340010099;;;;;;;45;;;;;;;;;;;;;;;;;;;;;;;;;;;;;C;G;A;;;;0;;;
ORG;2014;340013119;;;;;340000264;;;;;;;;;;;;;;;;;;;;;;;;;;;;;;;;;;;;;;;;;;0.27;;;
ORG;2014;340013168;;1;;;340000264;;;;;;;13;;C;;;;;;;;;;;;;;;;;;;;;;;;;;;C;A;;;;;0.27;0.46;6.7;
ORG;2014;340013218;;;;;340000264;;;;;;;3;;;;;;;;;;;;;;;;;;;;;;;;;;;;;C;;;;;;0.27;;;
ORG;2014;340013259;;;1;;340000264;;;;;;;;;;;;F;;;;;;;;;;;;;;;;;;;;;;;;;;;;;;0.27;;;
ORG;2014;340013309;;;;;340000264;;;;;;;;;;;;;;;;;;;;;;;;;;;;;;;;;;;;;;;;;;0.27;;;
ORG;2014;340013358;;;;;340000264;;;;;;;;;;;;;;;;;;;;;;;;;;;;;;;;;;;;;;;;;;0.27;;;
ORG;2014;340013408;;;;;340000264;;;;;;;1;;;;;;;;;;;;;;;;;;;;;;;;;;;;;C;;;;;;0.27;;;
ORG;2014;340013499;;;;;340000264;;;;;;;2;;;;;;;;;;;;;;;;;;;;;;;;;;;;;C;;;;;;0.27;;;
ORG;2014;340017839;;;1;;340784933;;;;;;;;;;;;;;;;;;;;;;;;;;;;;;;;;;;;;;;;;;0;0;0;0
ORG;2014;340019173;;2;;;340019165;;;;;;;;;C;;;;;;;;;;;;;;;;;;;;;;;;;;;;;;;;;;1;1;1.5
ORG;2014;340780147;;0;1;0;340000108;0;0;0;0;0;0;30;0;;;;B;G;;;;;;;;;;;;;;;;;;;;;;;;;;;;;0;0;0;0
ORG;2014;340780154;;0;1;0;340000116;0;0;0;0;0;0;40;0;;;;B;G;;;;;;;;;;;;;;;;;;;;;;;;;;;;;0.1;0;0;0
ORG;2014;340780212;;;1;;340796069;;;;;;;61;;;;;B;;;;;;;;;;;;;;;;;;;;;;;;C;D;;;;;0.26;;;
ORG;2014;340780220;;;2;;340796358;;;;;;;31;;;;;A;;;;;;;;;;;;;;;;;;;;;;;;A;C;;;;;;;;
ORG;2014;340780444;;;2;;340009893;;;1;;;;2;;;;;A;;;;;;;;;;;;B;;;;;;;;;;;;C;;;;;;;;;
ORG;2014;340780485;;;;;340780477;;;;;;;35;;;;;;;;;;;;;;;;;;;;;;;;;;;;;C;;;;;;1;;;
ORG;2014;340780568;;1;;;340000256;;;;;;;;;;;;;;;;;;;;;;;;;;;;;;;;;;;;;;;;;;0;0;0;0
ORG;2014;340780634;;;2;;340000272;;;;1;;;23;;;;;G;D;;;;;;;;;;;;;;A;;;;;;;;;D;C;;;;;0.1;0;0;1.9
ORG;2014;340780667;;;;;340000280;;;;2;;;;;;;;;;;;;;;;;;;;;;;A;B;;;;;;;;;;;;;;;;;
ORG;2014;340780675;;12;4;;340000298;;;;;;;30;;D;C;;D;C;;;;;;;;;;;;;;;;;;;;;;;D;C;A;;;;0.15;;;
ORG;2014;340780717;;;;;340008150;;;;2;;;45;;;;;;;;;;;;;;;;;;;;B;D;;;;;;;;C;;;;;;;;;
ORG;2014;340780741;;1;;;340000348;;;;1;;;;;C;;;;;;;;;;;;;;;;;;;;;;;;;;;;;;;;;0.17;0;0;0.11
ORG;2014;340780758;;;;;340000355;;;;;;;1;;;;;;;;;;;;;;;;;;;;;;;;;;;;;;;;;;;0.3;0.23;0.5;0.1
ORG;2014;340780766;;;;;340000363;;;;;;;2;;;;;;;;;;;;;;;;;;;;;;;;;;;;;;A;;;;;;;;
ORG;2014;340780790;;;;;340000389;;;;;;;20;;;;;;;;;;;;;;;;;;;;;;;;;;;;;;;;;;;0.1;0;0;0
ORG;2014;340780931;;0;0;0;340000454;0;0;0;0;0;0;1;;;;;;;;;;;;;;;;;;;;;;;;;;;;;C;;;;;;0;0;0;0
ORG;2014;340782002;;;;;340000629;;;;;;;5;;;;;;;;;;;;;;;;;;;;;;;;;;;;;;;;;;;0.1;;;
ORG;2014;340782036;;;;;340780477;;;;;;;358;;;;;;;;;;;;;;;;;;;;;;;;;;;;;C;;;;;;1;;;
ORG;2014;340782085;;;;;340780477;;;;;;;1;;;;;;;;;;;;;;;;;;;;;;;;;;;;;C;;;;;;1;;;
ORG;2014;340785161;;;5;;340780477;;;2;1;4;;26;;;;;E;C;D;;;;;;;;;;C;;;C;;;C;;;;;;C;;;;;;1;;;
ORG;2014;340789379;;;;;340001825;;;;;;;19;;;;;;;;;;;;;;;;;;;;;;;;;;;;;D;D;D;;;;0.15;;;
ORG;2014;340796093;;;1;;340796069;;;;;;;46;;;;;B;;;;;;;;;;;;;;;;;;;;;;;;C;D;;;;;0.14;;;
ORG;2014;340796663;;;;;340780477;;;;;;;43;;;;;;;;;;;;;;;;;;;;;;;;;;;;;C;;;;;;1;;;
ORG;2014;350000071;;;;;750000218;;;;;;;3;;;;;;;;;;;;;;;;;;;;;;;;;;;;;A;B;;;;;;;;
ORG;2014;350000139;;;2;;350001137;;;;1;;;;;;;;;;;;;;;;;;;;;;;A;;;;;;;;;;;;;;;0.01;;;
ORG;2014;350000147;;;2;;350000022;1;;;1;;6;28;;;;;A;D;;;;;A;;;;;;;;;A;;;;;;A;C;D;A;C;;;;;1;;;20.5
ORG;2014;350000154;;;;2;350000030;;1;;;2;;98;;;;;;;;C;A;;;;;B;;;;;;;;;C;;;;;;C;A;G;;;;0;1.4;;
ORG;2014;350000162;;0;2;0;350000048;0;1;0;0;1;0;;;;;;A;B;;;;;;;;B;;;;;;;;;C;;;;;;;;;;;;0.2;1.04;0.58;1.35
ORG;2014;350000188;;;2;;350000055;;1;;;2;;39;;;;;A;D;;;;;;;;B;;;;;;;;;C;C;;;;;C;A;B;;;;0;0.2;;21.52
ORG;2014;350000204;;;;;350023248;;;;1;;;13;3;;;;;;;;;;;;;;;;;;;A;;;;;;;;;C;;;C;;;0.5;;;2
ORG;2014;350000212;;;;4;350000089;;;2;;;;29;;;;;;;;A;B;;;;;;;;A;;;;;;;;;;;;A;;;;;;;0;0;2.15
ORG;2014;350000337;;;1;;350000246;;;1;;;;;;;;;A;;;;;;;;;;;;B;;;;;;;;;;;;;;;;;;;;;
ORG;2014;350000360;;0;3;0;350048518;0;2;0;0;0;0;10;1;;;;B;A;;;;;;;;A;B;;;;;;;;;;;;;;C;A;;C;;;0;0;0;0
ORG;2014;350000410;;;4;;350002291;;;1;;;;;;;;;A;;;;;;;;;;;;B;;;;;;;;;;;;;;;;;;0;0;0;0
ORG;2014;350000436;;;2;;350002317;;1;1;;;;24;1;;;;;;;;;;;;;;;;;;;;;;;;;;;;;;;;;;;;;
ORG;2014;350000444;;0;3;0;350048518;0;2;0;0;0;0;10;1;;;;B;A;;;;;;;;A;B;;;;;;;;;;;;;;A;C;;A;;;0.01;0;0.5;1.43
ORG;2014;350000451;;;2;;350002333;;;2;;;;11;1;;;;;;;;;;;;;;;;;;;;;;;;;;;;;;;;;;;;;
ORG;2014;350000741;;;3;;350005179;;;;;;;42;;;;;C;C;A;;;;;;;;;;;;;;;;;;;;;;;;;;;;1.05;29.97;;
ORG;2014;350002192;;;1;;220020739;;;;;;;;;;;;C;;;;;;;;;;;;;;;;;;;;;;;;;;;;;;;;;
ORG;2014;350002564;;;1;;350046199;;;;;;;;;;;;B;;;;;;;;;;;;;;;;;;;;;;;;;;;;;;;;;
ORG;2014;350002747;;1;;;440042844;;;;;;;;;;;;;;;;;;;;;;;;;;;;;;;;;;;;;;;;;;;;;
ORG;2014;350002812;;;2;;350023503;;;;1;;;69;;;;;C;D;B;;;;;;;;;;;;;D;;;;;;;;;C;;;;;;0.8;0.5;2.6;0.5
ORG;2014;350002929;;;;;440042844;;1;;;;;;;;;;;;;;;;;;;;;;;;;;;;;;;;;;;;;;;;;;;
ORG;2014;350005021;;;1;;440042844;;;;;;;;;;;;;;;;;;;;;;;;;;;;;;;;;;;;;;;;;;;;;
ORG;2014;350005278;;;1;;350023586;;;;;;;;;;;;;;;;;;;;;;;;;;;;;;;;;;;;;;;;;;;;;
ORG;2014;350007084;;1;;;350005179;;;;;2;;;;C;;;;;;;;;;;;;;;;;;;;;;;;;;;;;;;;;;7.22;;
ORG;2014;350016135;;;1;;350000055;;1;;;;;;;;;;A;;;;;;;;;B;;;;;;;;;;;;;;;;;;;;;0;0;0;0
ORG;2014;350036299;;0;0;0;350036281;0;0;0;0;0;0;2;1;;;;;;;;;;;;;;;;;;;;;;;;;;;;D;D;;D;;;0.05;0.64;0;0
ORG;2014;350039574;;;;;350023495;;;;;;;1;;;;;;;;;;;;;;;;;;;;;;;;;;;;;C;;;;;;0;0;0;0
ORG;2014;350040499;;;;;350040291;1;;;;;;;;;;;;;;;;;A;B;F;;;;;;;;;;;;;;;;;;;;;;;;;
ORG;2014;350044764;;;;;350036281;;;;;;;1;;;;;;;;;;;;;;;;;;;;;;;;;;;;;D;;;;;;0.05;0.1;;
ORG;2014;350044772;;;;;350000626;;;;;;;;6;;;;;;;;;;;;;;;;;;;;;;;;;;;;;;;;;;0.2;;;
ORG;2014;360000038;;1;;;360000046;;;;;;;;;A;;;;;;;;;;;;;;;;;;;;;;;;;;;;;;;;;;;;
ORG;2014;360000145;;2;;;360000061;;1;1;;;;10;;A;B;;;;;;;;;;;B;;;A;;;;;;;;;;;;A;C;;;;;0;0;0;0
ORG;2014;360000186;;;2;;360000095;1;;;;;;;;;;;A;A;;;;;G;;;;;;;;;;;;;;;;;;;;;;;;0;0;0;0
ORG;2014;360002232;;;;;360000541;;;;;;;10;;;;;;;;;;;;;;;;;;;;;;;;;;;;;;;;;;;;;;
ORG;2014;360004618;;1;;;360000046;;;;;;;;;A;;;;;;;;;;;;;;;;;;;;;;;;;;;;;;;;;;;;
ORG;2014;370000051;;;1;;370000028;;;;1;;;28;;;;;C;;;;;;;;;;;;;;;A;;;;;;;;;C;A;;;;;0.1;;;
ORG;2014;370000127;;1;1;;370000259;;;;;;;1;;;;;;;;;;;;;;;;;;;;;;;;;;;;;;;;;;;0.1;0;1.6;0
ORG;2014;370000150;;;;;370000333;;;;;;;16;;;;;;;;;;;;;;;;;;;;;;;;;;;;;;;;;;;0;0;0;0
ORG;2014;370000184;;;1;;940805963;;;;;;;4;;;;;A;;;;;;;;;;;;;;;;;;;;;;;;;;;;;;1.5;;;
ORG;2014;370000218;;;1;;450018106;;;;;;;35;;;;;;;;;;;;;;;;;;;;;;;;;;;;;;;;;;;;;;
ORG;2014;370000374;;;;;750721334;;;;;;;;;A;;;;;;;;;;;;;;;;;;;;;;;;;;;;;;;;;;;;
ORG;2014;370000499;;;;;370000481;;;;1;;;;;;;;;;;;;;;;;;;;;;;D;;;;;;;;;;;;;;;;;;
ORG;2014;370000531;;;1;;370000606;;;;1;;;;1;;;;C;;;;;;;;;;;;;;;A;;;;;;;;;;;;C;;;;;;
ORG;2014;370000861;;1;;;370000481;;;;;;;;;G;;;;;;;;;;;;;;;;;;;;;;;;;;;;;;;;;;;;
ORG;2014;370000879;;;3;;370000564;;;1;;;;110;;;;;A;;;;;;;;;;;;B;;;;;;;;;;;;C;;;;;;0.1;1.76;1;0.1
ORG;2014;370000903;;;1;;370000614;;;;;;;;;;;;A;;;;;;;;;;;;;;;;;;;;;;;;;;;;;;;;;16.8
ORG;2014;370000986;;;1;;370000713;;;;;;;5;2;;;;A;;;;;;;;;;;;;;;;;;;;;;;;C;;;B;;;;;;9.25
ORG;2014;370001109;;;2;;370002701;;;;;;;39;;;;;A;;;;;;;;;;;;;;;;;;;;;;;;A;C;E;;;;0.01;;0.4;0.9
ORG;2014;370001158;;0;2;0;370004327;0;0;0;0;0;0;9;;;;;A;;;;;;;;;;;;;;;;;;;;;;;;C;;;;;;0.1;0;0;0
ORG;2014;370103673;;;;1;370001638;;;;;;;2;;;;;;;;B;;;;;;;;;;;;;;;;;;;;;C;;;;;;0.4;0.4;;
ORG;2014;380000018;;;1;;380780023;;;;;;;4;;;;;A;;;;;;;;;;;;;;;;;;;;;;;;C;;;;;;;;;
ORG;2014;380000026;;;1;;380780031;;;;;;;1;;;;;A;D;;;;;;;;;;;;;;;;;;;;;;;A;;;;;;;;;
ORG;2014;380000042;;;2;;380780056;;;;;;;12;;;;;A;B;;;;;;;;;;;;;;;;;;;;;;;A;C;;;;;0;0;0;0
ORG;2014;380000059;;;1;;380780072;1;;;;;;21;1;;;;A;;;;;;C;;;;;;;;;;;;;;;;;;C;D;;B;;;;;1;2
ORG;2014;380000067;;;9;;380780080;1;;4;;3;;1236;;;;;A;C;B;;;;C;;;;;;B;C;;;;;C;;;;;;E;C;B;;;;5;28.12;27.68;95.93
ORG;2014;380000075;;;;;380780098;1;;;;;;;;;;;;;;;;;;;;;;;;;;;;;;;;;;;;;;;;;;;;
ORG;2014;380000091;;;1;;380780171;1;;1;;;1;19;;;;;C;;;;;;H;;;;;;A;;;;;;;;;A;;;C;;;;;;0.2;0.07;0;0
ORG;2014;380000109;;1;1;;380780213;;;;;;;;;C;;;A;;;;;;;;;;;;;;;;;;;;;;;;;;;;;;10.8;0;0;11.11
ORG;2014;380000125;;;2;;380780239;;;;;;;;;;;;A;A;;;;;;;;;;;;;;;;;;;;;;;;;;;;;0;0;0;0
ORG;2014;380000133;;;4;;380780247;1;;;;;;;1;;;;A;;;;;;H;;;;;;;;;;;;;;;;;;;;;;;;;4.95;12.31;9.93
ORG;2014;380000166;;;4;;380781351;;;1;;;;13;;;;;;;;;;;;;;;;;;;;;;;;;;;;;;;;;;;;;;
ORG;2014;380000174;;;2;;380781435;;;;;;;190;;;;;A;;;;;;;;;;;;;;;;;;;;;;;;A;C;D;;;;1.3;6.36;3.59;78.49
ORG;2014;380000406;;;2;;380784751;1;;;;;;;;;;;;;;;;;;;;;;;;;;;;;;;;;;;;;;;;;1.1;4;;69
ORG;2014;380000729;;;;;690796552;;;;1;;;2;;;;;;;;;;;;;;;;;;;;B;;;;;;;;;A;C;;;;;0.5;0.13;1.5;0.13
ORG;2014;380000968;;;;;690796552;;;;1;;;4;;;;;;;;;;;;;;;;;;;;B;;;;;;;;;A;C;;;;;0.5;;0.35;0.13
ORG;2014;380005918;;;;;750056335;;;;;;;4;;;;;;;;;;;;;;;;;;;;;;;;;;;;;C;D;;;;;0;0;0;0
ORG;2014;380012658;;;1;;380012609;;;;;;;;;;;;B;;;;;;;;;;;;;;;;;;;;;;;;;;;;;;0;0;0;0
ORG;2014;380017095;;;;;380017087;;;;;;;3;;;;;;;;;;;;;;;;;;;;;;;;;;;;;A;B;D;;;;0.1;;;0.8
ORG;2014;380780197;;;1;;380798173;;;;1;;;3;;;;;C;;;;;;;;;;;;;;;D;;;;;;;;;C;A;D;;;;0.1;;0.5;2
ORG;2014;380780288;;0;0;0;380795203;0;0;0;0;2;0;1;;;;;;;;;;;;;;;;;;;;;;;;;;;;;;;;;;;0.1;;;
ORG;2014;380780296;;;1;;920019718;;;;;;;2;1;;;;;;;;;;;;;;;;;;;;;;;;;;;;;;;;;;0.01;0;0;0.01
ORG;2014;380784801;;1;;;380793802;;;;1;;;1;;A;;;;;;;;;;;;;;;;;;B;;;;;;;;;C;;;;;;;;;
ORG;2014;380786442;;;;;380798025;;;;;;;10;;;;;;;;;;;;;;;;;;;;;;;;;;;;;C;D;G;;;;1;;;
ORG;2014;380793810;;;;;380793802;;;;;;;1;;;;;;;;;;;;;;;;;;;;;;;;;;;;;C;;;;;;;;;
ORG;2014;380795021;;;;;380780098;1;;;;;;;;;;;;;;;;;;;;;;;;;;;;;;;;;;;;;;;;;;;;
ORG;2014;380797217;;;;;380793802;;;;;;;1;;;;;;;;;;;;;;;;;;;;;;;;;;;;;C;;;;;;;;;
ORG;2014;380797233;;;;;380793802;;;;;;;1;;;;;;;;;;;;;;;;;;;;;;;;;;;;;C;;;;;;;;;
ORG;2014;380804203;;;;;380793802;;;;;;;1;;;;;;;;;;;;;;;;;;;;;;;;;;;;;C;;;;;;;;;
ORG;2014;390000040;;;1;;390780146;1;;;;;;;;;;;D;;;;;;H;;;;;;;;;;;;;;;;;;;;;;;;1;;;5.68
ORG;2014;390000057;;;;;390780153;1;;;;;;;;;;;;;;;;;A;B;C;;;;A;;;;;;;;;;;;;;;;;;0;;;
ORG;2014;390000065;;;3;1;390780161;1;;3;1;1;4;10;;;;;A;D;C;C;;;A;B;C;;;;A;C;;D;;;C;;;;;;;;;;;;;;;
ORG;2014;390000164;;;1;;390780476;;;1;;;;;;;;;A;;;;;;;;;;;;A;;;;;;;;;;;;;;;;;;1.6;;;66
ORG;2014;390000172;;;;;250006335;;;1;;;;25;;;;;;;;;;;;;;;;;A;;;;;;;;;;;;C;D;;;;;0;0;0;0
ORG;2014;390000222;;;3;;390780609;;;3;1;;;58;;;;;A;A;B;;;;;;;;;;B;C;A;D;;;;;;;;;C;C;D;;;;;;;
ORG;2014;390006161;;;;;390781177;1;;;;;;;;;;;;;;;;;;;;;;;;;;;;;;;;;;;;;;;;;;;;
ORG;2014;390780559;;;;;390000180;;;1;;;;3;;;;;;;;;;;;;;;;;A;;;;;;;;;;;;A;;;;;;0;;;
ORG;2014;390786408;;;;;670005834;;;;;;;1;;;;;;;;;;;;;;;;;;;;;;;;;;;;;C;;;;;;;0.2;4.2;1.25
ORG;2014;400000105;;;1;;400780193;1;;;;4;;288;;;;;C;;;;;;H;C;;;;;;;;;;;C;;;;;;C;E;;;;;0.5;;;
ORG;2014;400000113;;;;;400011177;1;;;;1;;;;;;;;;;;;;H;;;;;;;;;;;;C;;;;;;;;;;;;;;;
ORG;2014;400000139;;;;;400011177;1;;;;1;;;;;;;;;;;;;H;;;;;;;;;;;;C;;;;;;;;;;;;;;;
ORG;2014;400000147;;;;1;400780268;1;;;;;;;;;;;;;;C;;;;;;;;;;;;;;;;;;;;;;;;;;;0.1;0;2;1.2
ORG;2014;400780250;;;;;400011177;1;;;;;;;;;;;;;;;;;H;;;;;;;;;;;;;;;;;;;;;;;;;;;
ORG;2014;400780342;;;;;400000196;;;;;;;3;;;;;;;;;;;;;;;;;;;;;;;;;;;;;C;D;;;;;;;;
ORG;2014;410000020;;;2;2;410000087;;;;;;;330;;;;;D;B;;C;B;;;;;;;;;;;;;;;;;;;;C;D;B;;;;1;10;15;35
ORG;2014;410000038;;;2;;410000095;;;;;;;;;;;;C;B;;;;;;;;;;;;;;;;;;;;;;;;;;;;;;;;
ORG;2014;410000046;;2;;;410000103;;;1;;;;8;;A;D;;;;;;;;;;;;;;B;;;;;;;;;;;;C;D;;;;;0;0;0;0
ORG;2014;410000053;;0;0;2;410000111;0;0;0;0;0;0;31;0;;;;;;;A;B;;;;;;;;;;;;;;;;;;;;C;B;A;;;;0;0;0;0
ORG;2014;410000202;;0;2;0;410000319;0;0;0;0;0;2;20;0;;;;B;A;;;;;;;;;;;;;;;;;;;;;;;C;;;;;;0.1;0;0;0
ORG;2014;410000285;;;1;;410000475;;;;;;;;;;;;B;;;;;;;;;;;;;;;;;;;;;;;;;;;;;;;;;
ORG;2014;410000442;;;1;;750005068;;;;;;;;;;;;D;;;;;;;;;;;;;;;;;;;;;;;;;;;;;;0.5;0.87;2.5;
ORG;2014;410005284;;;;;410000947;;;;;;;18;;;;;;;;;;;;;;;;;;;;;;;;;;;;;A;D;B;;;;;;;
ORG;2014;410005391;;;1;;410000905;;;;;;6;7;2;;;;A;;;;;;;;;;;;;;;;;;;;;D;C;;C;F;E;G;;;0.05;0.03;0.01;0.01
ORG;2014;420000010;;;1;;420780033;;;;;;;;;;;;A;B;;;;;;;;;;;;;;;;;;;;;;;;;;;;;;;;
ORG;2014;420000028;;;1;;420780041;;;;;;;;;;;;A;B;;;;;;;;;;;;;;;;;;;;;;;;;;;;;0.2;0;0;1.25
ORG;2014;420000036;;1;;;420780058;;;;;;;;;;;;;;;;;;;;;;;;;;;;;;;;;;;;;;;;;;;;;
ORG;2014;420000226;;;1;;420013831;;;;1;;;151;;;;;A;;;;;;;;;;;;;;;D;;;;;;;;;A;C;D;;;;;;;
ORG;2014;420000234;;;3;;420780652;;;;1;1;;10;;;;;C;A;;;;;;;;;;;;;;D;;;C;;;;;;C;E;;;;;;;;
ORG;2014;420000242;;;1;;420780660;;;;;1;;;;;;;A;;;;;;;;;;;;;;;;;;;;;;;;;;;;;;;;;1
ORG;2014;420000267;;;1;;420013831;;;;1;;;;;;;;A;;;;;;;;;;;;;;;D;;;;;;;;;;;;;;;;;;
ORG;2014;420000556;;;;;420781791;;;;;;;;;B;;;;;;;;;;;;;;;;;;;;;;;;;;;C;A;;;;;;;;
ORG;2014;420002479;;;;;420002438;;;;;;;3;;;;;;;;;;;;;;;;;;;;;;;;;;;;;C;H;H;;;;0.1;;;
ORG;2014;420010241;;;1;;420013492;;;;1;;;;;;;;A;;;;;;;;;;;;;;;A;;;;;;;;;;;;;;;;;;
ORG;2014;420010258;;;;1;420010209;;;;;;;;;;;;;;;C;;;;;;;;;;;;;;;;;;;;;;;;;;;;;;
ORG;2014;420010308;;;;1;420010209;;;;;;;;;;;;;;;C;;;;;;;;;;;;;;;;;;;;;;;;;;;;;;
ORG;2014;420011603;;;;;420001752;;;;1;;;7;;;;;;;;;;;;;;;;;;;;B;;;;;;;;;A;C;D;;;;0.04;0;0;0
ORG;2014;420012320;;;1;;420013831;;;;;;;;;;;;A;;;;;;;;;;;;;;;;;;;;;;;;;;;;;;;;;
ORG;2014;420012536;;;;;420001752;;;;1;;;7;;;;;;;;;;;;;;;;;;;;B;;;;;;;;;A;C;D;;;;0.04;0;0;0
ORG;2014;420014110;;;1;;420007098;;;;;;;;;;;;;C;;;;;;;;;;;;;;;;;;;;;;;;;;;;;0;1.3;30.66;0.97
ORG;2014;420780504;;;;;420000135;;;;;;;;2;;;;;;;;;;;;;;;;;;;;;;;;;;;;;;;A;;;;;;
ORG;2014;420782591;;;;;420000887;;;;;;;;2;;;;;;;;;;;;;;;;;;;;;;;;;;;;;;;A;;;;;;
ORG;2014;420785354;;1;11;;420784878;;;;3;1;;10;;C;;;A;B;E;;;;;;;;;;;;;D;C;E;C;;;;;;C;C;C;;;;2;12.25;1.75;73.35
ORG;2014;420786808;;;;;420001752;;;;1;;;7;;;;;;;;;;;;;;;;;;;;B;;;;;;;;;A;C;D;;;;0.04;0;0;0
ORG;2014;420787525;;;;;420001752;;;;1;;;7;;;;;;;;;;;;;;;;;;;;B;;;;;;;;;A;C;D;;;;0.04;0;0;0
ORG;2014;420788689;;;;;420001752;;;;1;;;7;;;;;;;;;;;;;;;;;;;;B;;;;;;;;;A;C;D;;;;0.04;0;0;0
ORG;2014;420789067;;;1;;420780710;;;;;;;8;;;;;C;;;;;;;;;;;;;;;;;;;;;;;;C;A;;;;;;;;0.6
ORG;2014;420789968;;;;;420001752;;;;1;;;7;;;;;;;;;;;;;;;;;;;;B;;;;;;;;;A;C;D;;;;0.04;0;0;0
ORG;2014;430000026;;;;;630786754;;;1;1;;;9;;;;;;;;;;;;;;;;;B;;;A;;;;;;;;;C;;;;;;1;1.07;7.95;15
ORG;2014;430000109;;;1;;430000372;;;;;;;9;4;;;;C;;;;;;;;;;;;;;;;;;;;;;;;C;A;;C;A;;;;;
ORG;2014;430000117;;;8;;430000018;1;;;2;;;;;;;;C;A;;;;;C;A;;;;;;;;A;D;;;;;;;;;;;;;;1.9;2.58;5.36;0.9
ORG;2014;430000158;;;;;430000380;;;;;;;14;;;;;;;;;;;;;;;;;;;;;;;;;;;;;C;D;G;;;;0.1;;;
ORG;2014;430000166;;;;1;430005843;;;;1;;;;;;;;;;;;;;;;;;;;;;;;;;;;;;;;;;;;;;0;0;0;0
ORG;2014;430000174;;;1;;430006890;;;;;;;;;;;;;;;;;;;;;;;;;;;;;;;;;;;;;;;;;;0;;;
ORG;2014;430000190;;0;2;0;430000034;1;2;1;1;0;0;83;;;;;C;;;;;;;;;B;;;B;;;A;;;;;;;;;A;C;;;;;;;;
ORG;2014;430000216;;2;;;750811820;;;;1;;;17;4;A;G;;;;;;;;;;;;;;;;;A;;;;;;;;;C;A;D;C;B;;0.02;;;0.08
ORG;2014;430000299;;;2;;430000059;1;;;1;;;4;;;;;;;;;;;;;;;;;;;;;;;;;;;;;;;;;;;0.05;;;
ORG;2014;430000307;;;3;;430000067;1;;2;1;;;21;3;;;;A;C;;;;;C;;;;;;B;;;A;;;;;;;;;C;G;A;C;G;A;0.06;;0.71;2.6
ORG;2014;430000356;;0;3;0;430000091;1;1;0;1;0;0;50;;;;;C;G;C;;;;;;;B;;;;;;A;;;;;;;;;C;G;A;;;;1;0;1.5;2.5
ORG;2014;430003475;;;;;420001752;;;;1;;;7;;;;;;;;;;;;;;;;;;;;B;;;;;;;;;A;C;D;;;;0.04;0;0;0
ORG;2014;440000016;;;4;;440000057;;;;1;;;;;;;;A;D;F;;;;;;;;;;;;;D;;;;;;;;;;;;;;;;;;
ORG;2014;440000024;;;1;;440000065;;;;;;;;;;;;D;A;;;;;;;;;;;;;;;;;;;;;;;;;;;;;2;;;33.11
ORG;2014;440000180;;;4;;440000263;;1;1;;;;113;;;;;A;B;;;;;;;;;;C;B;;;;;;;;;;;;A;B;C;;;;0.1;0.4;0.7;1.3
ORG;2014;440000255;;;1;;440042844;;;;;;;1;;;;;D;A;;;;;;;;;;;;;;;;;;;;;;;C;A;;;;;0.5;1.5;43.85;10
ORG;2014;440000396;;;2;;440000297;1;;3;1;;;18;;;;;C;B;;;;;C;;;;;;A;A;A;D;;;;;;;;;C;;;;;;0.05;1.1;2.2;1
ORG;2014;440000412;;0;1;0;440000941;0;0;0;0;0;0;0;0;;;;;;;;;;;;;;;;;;;;;;;;;;;;;;;;;;0;0;0;0
ORG;2014;440000503;;;;1;440000313;1;;1;;1;;4;;;;;;;;B;;;H;;;;;;B;;;;;;C;;;;;;C;C;C;;;;0;4.52;1.6;
ORG;2014;440000552;;;;;440042141;;1;1;;;;;;;;;;;;;;;;;;B;;;A;;;;;;;;;;;;;;;;;;;;;
ORG;2014;440000644;;1;1;;440000347;1;;1;;;;;;G;;;G;;;;;;H;;;;;;B;;;;;;;;;;;;;;;;;;;;;
ORG;2014;440000800;;;;;440001246;;;;;;;1;;;;;;;;;;;;;;;;;;;;;;;;;;;;;E;;;;;;;;;
ORG;2014;440000883;;;;;440042141;;1;1;;;;;;;;;;;;;;;;;;B;;;A;;;;;;;;;;;;;;;;;;;;;
ORG;2014;440001188;;;;;440018661;;;;;;;18;;;;;;;;;;;;;;;;;;;;;;;;;;;;;;;;;;;0.1;0.61;0.54;
ORG;2014;440001253;;0;0;0;440028538;1;;0;0;0;0;56;;;;;;;;;;;;;;;;;;;;;;;;;;;;;A;C;D;;;;0;0.4;0.01;0.29
ORG;2014;440001261;;0;0;0;440028538;1;;0;0;0;0;;;;;;;;;;;;;;;;;;;;;;;;;;;;;;A;C;D;;;;0;;;
ORG;2014;440001287;;;1;;440041531;1;;;;;;48;;;;;;;;;;;;;;;;;;;;;;;;;;;;;;;;;;;0;2;4.78;
ORG;2014;440001295;;;;;440000859;;;;;;;;;;;;;;;;;;;;;;;;;;;;;;;;;;;;;;;;;;;;0.35;0.15
ORG;2014;440001964;;1;;;440003267;1;;;;;;1;;;;;;;;;;;;;;;;;;;;;;;;;;;;;;;;;;;0.4;;;
ORG;2014;440002020;;;1;;440001386;;;;;;;;;;;;C;;;;;;;;;;;;;;;;;;;;;;;;;;;;;;0.01;;0.78;0.2
ORG;2014;440002459;;0;1;;440001501;;;;;;;4;;;;;B;;;;;;;;;;;;;;;;;;;;;;;;C;;;;;;1;0.6;0.5;0.1
ORG;2014;440002939;;1;1;;440001758;;;;;;;4;;;;;;;;;;;;;;;;;;;;;;;;;;;;;;;;;;;0.63;;;
ORG;2014;440005080;;;1;;440002590;;;;1;;;;;;;;;;;;;;;;;;;;;;;B;;;;;;;;;;;;;;;;;;
ORG;2014;440007482;;;;;440007482;;1;;;;;;;;;;;;;;;;;;;G;;;;;;;;;;;;;;;;;;;;;0;0;0;0
ORG;2014;440023364;;;1;;440006377;;;;1;;;;;;;;D;;;;;;;;;;;;;;;A;;;;;;;;;;;;;;;;;;
ORG;2014;440024669;;;1;;440042844;;;;;;;;;;;;B;;;;;;;;;;;;;;;;;;;;;;;;;;;;;;;;;
ORG;2014;440027589;;;1;;440002590;;;;1;;;;;;;;;;;;;;;;;;;;;;;B;;;;;;;;;;;;;;;;;;
ORG;2014;440036176;;;1;;440002590;;;;1;;;;;;;;;;;;;;;;;;;;;;;B;;;;;;;;;;;;;;;;;;
ORG;2014;440036218;;;1;;440002590;;;;1;;;;;;;;;;;;;;;;;;;;;;;B;;;;;;;;;;;;;;;;;;
ORG;2014;440036473;;;1;;440002590;;;;1;;;;;;;;;;;;;;;;;;;;;;;B;;;;;;;;;;;;;;;;;;
ORG;2014;440036499;;;1;;440002590;;;;1;;;;;;;;;;;;;;;;;;;;;;;B;;;;;;;;;;;;;;;;;;
ORG;2014;440039568;;;1;;440002590;;;;1;;;;;;;;;;;;;;;;;;;;;;;B;;;;;;;;;;;;;;;;;;
ORG;2014;440041580;;;;;440041572;;;;3;;;;;;;;;;;;;;;;;;;;;;;A;B;;;;;;;;;;;;;;;;;
ORG;2014;440042513;;;1;;440002590;;;;1;;;;;;;;;;;;;;;;;;;;;;;B;;;;;;;;;;;;;;;;;;
ORG;2014;440043123;;;;;440043115;;;1;;;;3;;;;;;;;;;;;;;;;;A;;;;;;;;;;;;E;C;A;;;;;;;
ORG;2014;440046910;;;1;;440002590;;;;1;;;;;;;;;;;;;;;;;;;;;;;B;;;;;;;;;;;;;;;;;;
ORG;2014;440048718;;;;1;440006377;;;;1;;;;;;;;;;;D;;;;;;;;;;;;A;;;;;;;;;;;;;;;;;;
ORG;2014;440050433;;;3;;440041895;;;;2;;;4;;;;;D;A;F;;;;;;;;;;;;;A;D;;;;;;;;A;C;;;;;1.3;14.86;68.13;10.11
ORG;2014;440050441;;;1;;440002590;;;;1;;;;;;;;;;;;;;;;;;;;;;;B;;;;;;;;;;;;;;;;;;
ORG;2014;450000021;;;2;;450000088;1;;1;;;;;610;C;;;D;;;;;;C;;;;;;C;;;;;;;;;C;;;A;;;A;C;E;1;1.1;;
ORG;2014;450000047;;;4;;450000096;;;;1;;;;;;;;D;D;A;;;;;;;;;;;;;;;;;;;;;;;;;;;;0.8;;;
ORG;2014;450000062;;;3;;450000104;1;;;1;;0;184;;;;;A;D;B;;;;C;A;;;;;;;;D;;;;;;;;;C;A;D;;;;2.26;3.7;3.3;1.25
ORG;2014;450000211;;;2;;450000153;;;;;;;14;;;;;A;;;;;;;;;;;;;;;;;;;;;;;;A;B;G;;;;0;0;0;0
ORG;2014;450000237;;;1;;450000534;;;;;;;;;;;;D;;;;;;;;;;;;;;;;;;;;;;;;;;;;;;0.2;;4;0.5
ORG;2014;450000245;;1;;;450000542;;;;;;;;;;;;;;;;;;;;;;;;;;;;;;;;;;;;;;;;;;;;;
ORG;2014;450000286;;1;;;750052417;;;;;;;;;;;;;;;;;;;;;;;;;;;;;;;;;;;;;;;;;;;;;
ORG;2014;450002613;;;;;450000088;;;;;;;;;;;;;;;;;;;;;;;;;;;;;;;;;;;;;;;;;;;1.2;15.76;
ORG;2014;450012935;;1;;;450001466;;;;;;;;;B;;;;;;;;;;;;;;;;;;;;;;;;;;;;;;;;;;;;
ORG;2014;450012968;;;1;;450001474;;;;;;;;;;;;B;;;;;;;;;;;;;;;;;;;;;;;;;;;;;;;;;
ORG;2014;450013719;;;;2;450011150;;;;;;;1;;;;;;;;B;C;A;;;;;;;;;;;;;;;;;;;A;;;;;;0.01;;;
ORG;2014;450014048;;;;2;450011150;;;;;;;1;;;;;;;;B;C;A;;;;;;;;;;;;;;;;;;;A;;;;;;0.01;;;
ORG;2014;450018395;;1;;;450001466;;;;;;;;;B;;;;;;;;;;;;;;;;;;;;;;;;;;;;;;;;;;;;
ORG;2014;450018528;;;;2;450011150;;;;;;;1;;;;;;;;B;C;A;;;;;;;;;;;;;;;;;;;A;;;;;;0.01;;;
ORG;2014;460000060;;0;0;0;460780117;0;0;0;0;0;0;0;0;;;;;;;;;;;;;;;;;;;;;;;;;;;;;;;;;;0;0;1.2;0
ORG;2014;460000102;;;2;;460780208;1;;;;;;;;;;;C;D;;;;;C;;;;;;;;;;;;;;;;;;;;;;;;;;;
ORG;2014;460000110;;;2;;460780216;1;1;;1;;;229;;;;;D;C;;;;;H;;;A;;;;;;D;;;;;;;;;C;A;D;;;;;;;
ORG;2014;460006083;;;1;;460785090;;;;;;;34;;;;;A;;;;;;;;;;;;;;;;;;;;;;;;C;A;D;;;;0;0;0;0
ORG;2014;460006091;;;1;;460785090;;;;;;;66;;;;;A;;;;;;;;;;;;;;;;;;;;;;;;C;A;G;;;;0;0;0;0
ORG;2014;460785090;;;1;;460785090;;1;;;;;70;;;;;A;B;;;;;;;;A;;;;;;;;;;;;;;;C;A;D;;;;0.1;1.1;8.65;4
ORG;2014;470000142;;;1;;470000795;;;;;;;;;;;;;;;;;;;;;;;;;;;;;;;;;;;;;;;;;;;;;0.3
ORG;2014;470000175;;;1;;750826604;;1;;;;;6;;;;;A;;;;;;;;;A;;;;;;;;;;;;;;;A;C;;;;;0;0;0;0
ORG;2014;470000308;;0;1;0;930019484;;;;;;;;;;;;A;;;;;;;;;;;;;;;;;;;;;;;;;;;;;;0;0;0;0
ORG;2014;470000423;;;1;;470000316;1;2;;1;;;;;;;;D;;;;;;H;;;A;A;;;;;D;;;;;;;;;;;;;;;1.05;3.93;34.64;41.74
ORG;2014;470000431;;;;;470000324;;1;;;;;2;;;;;;;;;;;;;;A;;;;;;;;;;;;;;;C;A;;;;;;;;
ORG;2014;470000480;;;;;470001660;;;;;;;;2;;;;;;;;;;;;;;;;;;;;;;;;;;;;;;;A;;;;;;
ORG;2014;470000522;;;;;470000340;;1;;;;;1;1;;;;;;;;;;;;;;A;;;;;;;;;;;;;;;;;;;B;;;;
ORG;2014;470000530;;12;2;;470000357;1;;;;;;13;3;C;A;;A;;;;;;H;;;;;;;;;;;;;;;;;;C;A;;A;;;;;;
ORG;2014;470000555;;;;;470001660;;;;;;;;1;;;;;;;;;;;;;;;;;;;;;;;;;;;;;;;A;;;;;;
ORG;2014;470000563;;;1;;470000381;1;;;;1;;129;;;;;;;;;;;;;;;;;;;;;;;C;;;;;;A;C;;;;;0.1;;;
ORG;2014;470000571;;;;;470000407;1;;;;;;;;;;;;;;;;;C;;;;;;;;;;;;;;;;;;;;;;;;;;;
ORG;2014;470005406;;;1;;470000316;1;2;;1;1;;2;;;;;D;;;;;;H;;;A;;;;;;D;;;C;;;;;;C;;;;;;0.35;5.05;34.64;41.55
ORG;2014;470008780;;;1;;470000316;1;2;;1;1;;2;;;;;D;;;;;;H;;;A;;;;;;D;;;C;;;;;;C;;;;;;0.35;5.05;34.64;41.55
ORG;2014;470009143;;5;;;470009143;;;;;;;;1;C;A;B;;;;;;;;;;;;;;;;;;;;;;;;;;;;D;A;;5;;;0.12
ORG;2014;470012931;;;;;470001660;;;;;;;;1;;;;;;;;;;;;;;;;;;;;;;;;;;;;;;;A;;;;;;
ORG;2014;480000017;;;2;1;480780097;;;2;1;;;;1;;;;C;B;;D;;;;;;;;;B;A;;D;;;;;;;;;;;;A;;;;;;
ORG;2014;480000041;;;;;480780139;;;;;;;5;;;;;;;;;;;;;;;;;;;;;;;;;;;;;A;B;C;;;;0.01;;3.31;0.25
ORG;2014;480000058;;0;0;0;480780147;0;0;1;0;0;0;50;0;;;;;;;;;;;;;;;;D;;;;;;;;;;;;;;;;;;0;0.85;1.32;1.35
ORG;2014;480000066;;;1;;480780154;;;1;;;;;1;;;;A;;;;;;;;;;;;A;;;;;;;;;;;;;;;A;;;0.05;;;6.3
ORG;2014;480000074;;;;;480780162;;1;;;;;;;;;;;;;;;;;;;;;;;;;;;;;;;;;;;;;;;;;;;
ORG;2014;480001403;;;;;340000264;;;;;;;1;;;;;;;;;;;;;;;;;;;;;;;;;;;;;C;;;;;;0.27;;;
ORG;2014;480001783;;;1;;340000264;;;;;;;1;;;;;A;;;;;;;;;;;;;;;;;;;;;;;;C;;;;;;0.27;;;
ORG;2014;480001825;;;;;750047367;;;;;;;1;;;;;;;;;;;;;;;;;;;;;;;;;;;;;C;;;;;;;;;
ORG;2014;480002948;;;2;1;480780097;;;2;1;;;;1;;;;C;B;;D;;;;;;;;;B;A;;D;;;;;;;;;;;;A;;;;;;
ORG;2014;480780212;;0;0;0;480782168;0;0;0;0;0;0;1;0;;;;;;;;;;;;;;;;;;;;;;;;;;;;C;;;;;;0;0;0;0
ORG;2014;490000049;;0;3;8;490000031;1;0;2;0;1;0;400;3;;;;B;;;A;;;H;;;;;;;;;;;;;;;;;;C;;;E;A;;2;0;7.7;5.94
ORG;2014;490000106;;;2;;490000163;1;1;2;;1;;127;;;;;A;B;;;;;C;;;A;;;B;;;;;;A;;;;;;C;;;;;;0.5;0.75;6.45;43.04
ORG;2014;490000239;;;;;490015765;;;1;;;;10;2;;;;;;;;;;;;;;;;;;;;;;;;;;;;;;;;;;;;;
ORG;2014;490000262;;;1;;490000171;;;;;;;;;;;;;;;;;;;;;;;;;;;;;;;;;;;;;;;;;;7;;;7
ORG;2014;490000296;;;;;490000387;;;1;;;;1;;;;;;;;;;;;;;;;;A;;;;;;;;;;;;A;;;;;;;;;
ORG;2014;490000320;;0;3;0;490000395;0;0;0;0;0;0;8;0;;;;A;B;;;;;;;;;;;;;;;;;;;;;;;C;;;;;;0.5;;;
ORG;2014;490000338;;1;;;490000403;;;;;;;;;;;;;;;;;;;;;;;;;;;;;;;;;;;;;;;;;;1;;;
ORG;2014;490000601;;;2;;490015856;;;;;;;;;;;;F;;;;;;;;;;;;;;;;;;;;;;;;;;;;;;0;;;3
ORG;2014;490000635;;;;;490000676;1;1;;1;1;;174;;;;;;;;;;;C;;;A;;;;;;D;;;C;;;;;;A;C;D;;;;0.5;0.2;2.35;1.95
ORG;2014;490000643;;;;;440042844;;1;;;;;1;;;;;;;;;;;;;;;;;;;;;;;;;;;;;;;;;;;0;;;0
ORG;2014;490000650;;;;;490007689;;;;;;;9;;;;;;;;;;;;;;;;;;;;;;;;;;;;;C;B;;;;;0;0.8;0;0
ORG;2014;490001765;;;2;;490528452;;;;1;;;139;;;;;D;B;;;;;;;;;;;;;;D;;;;;;;;;C;A;B;;;;0.5;;;
ORG;2014;490001831;;;;;490007689;;;;;;;9;;;;;;;;;;;;;;;;;;;;;;;;;;;;;C;B;;;;;0;0.1;;
ORG;2014;490002979;;;;;490535705;;;;;;;1;;;;;;;;;;;;;;;;;;;;;;;;;;;;;C;;;;;;0;0;0;0
ORG;2014;490007499;;;1;;440002590;;;;1;;;;;;;;;;;;;;;;;;;;;;;B;;;;;;;;;;;;;;;;;;
ORG;2014;490007549;;;;;490535168;;;;;;;1;;;;;;;;;;;;;;;;;;;;;;;;;;;;;C;;;;;;0;0.1;;
ORG;2014;490007929;;;1;;490000627;;;;;;;;;;;;;;;;;;;;;;;;;;;;;;;;;;;;;;;;;;;;;4.5
ORG;2014;490008224;;;1;;440002590;;;;1;;;;;;;;;;;;;;;;;;;;;;;B;;;;;;;;;;;;;;;;;;
ORG;2014;490009008;;;1;;440002590;;;;1;;;;;;;;;;;;;;;;;;;;;;;B;;;;;;;;;;;;;;;;;;
ORG;2014;490009248;;;2;;490535168;;;;;;;;;;;;A;D;;;;;;;;;;;;;;;;;;;;;;;;;;;;;;0.3;;
ORG;2014;490011350;;;1;;440002590;;;;1;;;;;;;;;;;;;;;;;;;;;;;B;;;;;;;;;;;;;;;;;;
ORG;2014;490014909;;;1;;490008109;;;;;;21;;;;;;A;;;;;;;;;;;;;;;;;;;;;C;;;;;;;;;;;;
ORG;2014;490015435;;;;;490011384;;;;1;;;;;;;;;;;;;;;;;;;;;;;A;;;;;;;;;;;;;;;0.1;;;
ORG;2014;490015906;;;1;;490000197;;;;;;;;;;;;F;A;B;;;;;;;;;;;;;;;;;;;;;;;;;;;;0;1;3;3
ORG;2014;490016235;;;1;;440002590;;;;1;;;;;;;;;;;;;;;;;;;;;;;B;;;;;;;;;;;;;;;;;;
ORG;2014;490016334;;0;0;0;490016326;0;0;0;0;0;0;693;0;;;;;;;;;;;;;;;;;;;;;;;;;;;;;;;;;;0;0.01;0.04;0.01
ORG;2014;490016870;;0;3;0;440048643;0;0;0;0;0;0;0;2;;;;D;A;B;;;;;;;;;;;;;;;;;;;;;;;;;G;A;;1;0;0;0.5
ORG;2014;490017613;;;1;;440002590;;;;1;;;;;;;;;;;;;;;;;;;;;;;B;;;;;;;;;;;;;;;;;;
ORG;2014;490018769;;0;0;0;440042844;0;0;0;0;0;0;2;0;;;;;;;;;;;;;;;;;;;;;;;;;;;;;;;;;;0;0;0;0
ORG;2014;490018785;;0;0;0;440042844;0;0;0;0;0;0;1;0;;;;;;;;;;;;;;;;;;;;;;;;;;;;;;;;;;0;0;0;0
ORG;2014;490531910;;;2;;490535093;;;;;;;6;1;;;;A;B;;;;;;;;;;;;;;;;;;;;;;;C;;;A;;;0.5;0.9;4.8;5.62
ORG;2014;490537818;;;;;490011384;;;;1;;;;;;;;;;;;;;;;;;;;;;;A;;;;;;;;;;;;;;;0.5;;;
ORG;2014;500000021;;;;;500000054;;1;1;1;;;;;;;;;;;;;;;;;B;;;A;;;D;;;;;;;;;;;;;;;0;;;
ORG;2014;500000146;;;;;500000500;;;;;;;;1;;;;;;;;;;;;;;;;;;;;;;;;;;;;;;;;;;;;;
ORG;2014;500000195;;;1;;500000039;1;;;;;;3;;;;;B;;;;;;A;;;;;;;;;;;;;;;;;;D;A;;;;;;;;
ORG;2014;500000260;;;;;500000054;;1;1;1;;;;;;;;;;;;;;;;;B;;;A;;;D;;;;;;;;;;;;;;;0;;;
ORG;2014;500000302;;;2;;500000062;;;2;;;;;;;;;D;A;;;;;;;;;;;A;A;;;;;;;;;;;;;;;;;0;1;1;
ORG;2014;500000401;;;;;500000609;;;;;;;8;;;;;;;;;;;;;;;;;;;;;;;;;;;;;;;;;;;;;;
ORG;2014;500000427;;;;;500000096;;;1;;;;;;;;;;;;;;;;;;;;;;;;;;;;;;;;;;;;;;;;;;
ORG;2014;500000435;;;1;1;500000104;;;1;;;;;;;;;;;;;;;;;;;;;;;;;;;;;;;;;;;;;;;0.2;0;0.86;0
ORG;2014;500000476;;;1;;500000138;1;1;;;;;9;;;;;A;;;;;;G;;;B;;;;;;;;;;;;;;;C;C;C;;;;0;;0.75;
ORG;2014;500002357;;;;;500002233;;;;1;;;;;;;;;;;;;;;;;;;;;;;;;;;;;;;;;;;;;;0;0;0;0
ORG;2014;500010384;;1;;;500010384;;;;;;;;1;C;;;;;;;;;;;;;;;;;;;;;;;;;;;;;;A;;;0;;;35.76
ORG;2014;500012687;;0;1;0;310021118;0;0;0;0;0;0;0;0;;;;;;;;;;;;;;;;;;;;;;;;;;;;D;;;;;;;;;
ORG;2014;500015185;;;2;;500015185;1;;;;;;96;;;;;A;C;;;;;C;;;;;;;;;;;;;;;;;;C;A;;;;;;1.09;4.5;2.44
ORG;2014;500021373;;;;;140000852;;;;;;;1;;;;;;;;;;;;;;;;;;;;;;;;;;;;;;;;;;;;;;
ORG;2014;500021381;;;;;140000852;;;;;;;1;;;;;;;;;;;;;;;;;;;;;;;;;;;;;;;;;;;;;;
ORG;2014;500021399;;;;;140000852;;;;;;;1;;;;;;;;;;;;;;;;;;;;;;;;;;;;;;;;;;;;;;
ORG;2014;500021415;;;;;140000852;;;;;;;1;;;;;;;;;;;;;;;;;;;;;;;;;;;;;;;;;;;;;;
ORG;2014;510000169;;1;1;;510000037;1;1;;1;;;166;;C;D;;C;D;;;;;C;;;A;;;;;;C;D;;;;;;;;C;D;H;;;;;4.43;5.8;1.5
ORG;2014;510000201;;;;;750034589;;;;;;;3;;;;;;;;;;;;;;;;;;;;;;;;;;;;;A;D;;;;;0;0;0;0.25
ORG;2014;510000219;;;;;510000052;;1;;;;;;;;;;;;;;;;;;;A;A;;;;;;;;;;;;;;;;;;;;;;;
ORG;2014;510000227;;;1;;510000565;;;;;;;;;;;;C;;;;;;;;;;;;;;;;;;;;;;;;;;;;;;;;1;
ORG;2014;510000235;;1;;;510000060;;;1;1;;;;;C;;;;;;;;;;;;;;;A;;;D;;;;;;;;;;;;;;;;;;
ORG;2014;510000243;;1;;;510000573;;;;;;;;;;;;;;;;;;;;;;;;;;;;;;;;;;;;;;;;;;;;;
ORG;2014;510000250;;;1;1;510000078;;1;1;;1;;27;;;;;D;;;C;;;;;;A;;;B;;;;;;C;;;;;;C;D;A;;;;0.2;3.56;24.91;3.73
ORG;2014;510000284;;1;;;510000615;;;;;;;2;;C;;;;;;;;;;;;;;;;;;;;;;;;;;;C;C;;;;;1;0;0;0
ORG;2014;510000359;;;;;510000086;;;2;;;;10;;;;;;;;;;;;;;;;;A;B;;;;;;;;;;;;;;;;;0;0;0;0
ORG;2014;510000466;;;;;510000102;;1;;;;;;;;;;;;;;;;;;;A;;;;;;;;;;;;;;;;;;;;;0;0;0;0
ORG;2014;510000516;;;1;1;510000136;;;;1;;;;;;;;A;C;E;C;D;E;;;;;;;;;;D;;;;;;;;;;;;;;;0;1.16;2.18;0.15
ORG;2014;510000813;;0;0;0;510000854;0;0;0;0;0;0;3;;;;;;;;;;;;;;;;;;;;;;;;;;;;;C;A;;;;;0;0;0;0
ORG;2014;510002447;;;;3;510000029;1;;;1;;;29;;;;;;;;C;E;B;H;;;;;;;;;D;;;;;;;;;C;;;;;;1.5;0;0;0
ORG;2014;510002454;;;;3;510000029;1;;;1;;;13;;;;;;;;C;E;B;H;;;;;;;;;D;;;;;;;;;C;;;;;;1.5;0;0;0
ORG;2014;510002470;;;;3;510000029;1;;;1;;;8;;;;;;;;C;E;B;H;;;;;;;;;D;;;;;;;;;C;;;;;;1.5;0;0;0
ORG;2014;510004302;;;;3;510000029;1;;;1;;;16;;;;;;;;C;E;B;H;;;;;;;;;D;;;;;;;;;C;;;;;;1.5;0;0;0
ORG;2014;510011679;;;;3;510000029;1;;;1;;;;;;;;;;;C;E;B;H;;;;;;;;;D;;;;;;;;;;;;;;;1.5;0;0;0
ORG;2014;510012040;;;;;510000557;;;;;;;12;;;;;;;;;;;;;;;;;;;;;;;;;;;;;;;;;;;;;;
ORG;2014;510020548;;;;;750047367;;;;;;;1;;;;;;;;;;;;;;;;;;;;;;;;;;;;;C;;;;;;;;;
ORG;2014;510023914;;;;;510000037;;;;;;;4;1;;;;;;;;;;;;;;;;;;;;;;;;;;;;C;;;C;;;0;0;0;0
ORG;2014;520000019;;;;;520780024;1;;;;;;25;;;;;;;;;;;C;;;;;;;;;;;;;;;;;;C;D;A;;;;0;0.6;1;0
ORG;2014;520000027;;;;2;520780032;;1;;1;;;;;;;;;;;C;C;;;;;A;;;;;;D;;;;;;;;;;;;;;;3.93;0;2.93;1
ORG;2014;520000035;;;3;;520780040;;;;;;;;;;;;D;A;;;;;;;;;;;;;;;;;;;;;;;;;;;;;;;;
ORG;2014;520000043;;;;;520780057;;1;;1;;;;;;;;;;;;;;;;;A;;;;;;D;;;;;;;;;;;;;;;;;;
ORG;2014;520000050;;1;;;520780065;;1;1;;1;;28;;A;C;;;;;;;;;;;A;;;B;A;;;;;G;;;;;;A;B;C;;;;0;0;0;0
ORG;2014;520000068;;;2;;520780073;1;1;;2;2;;;;;;;C;D;;;;;;;;;;;;;;D;B;;C;;;;;;;;;;;;0.15;4.58;24.9;11.01
ORG;2014;520000076;;;1;;520780081;;1;2;;;;;;;;;;;;;;;;;;;;;B;B;;;;;;;;;;;;;;;;;;;6.25;8.29
ORG;2014;520000084;;;1;;520780099;;;;;;;;;;;;D;;;;;;;;;;;;;;;;;;;;;;;;;;;;;;;;;
ORG;2014;520003823;;;;;750047367;;;;;;;1;;;;;;;;;;;;;;;;;;;;;;;;;;;;;C;;;;;;;;;
ORG;2014;520780156;;;1;;520000092;;;;1;;;;;;;;;;;;;;;;;;;;;;;D;;;;;;;;;;;;;;;;;;
ORG;2014;520780214;;;1;;520000118;;;;;;;;;;;;;;;;;;;;;;;;;;;;;;;;;;;;;;;;;;;;;
ORG;2014;530000017;;;;;530000025;1;;;;;;;;;;;;;;;;;;;;;;;;;;;;;;;;;;;;;;;;;;;;
ORG;2014;530000124;;;;;530000249;;;;;;;2;;;;;;;;;;;;;;;;;;;;;;;;;;;;;D;C;;;;;;;;
ORG;2014;530000132;;;1;;530007202;;;;;;;;;;;;G;;;;;;;;;;;;;;;;;;;;;;;;;;;;;;1.5;;;
ORG;2014;530000140;;;;;530000058;;;;;;;6;;;;;;;;;;;;;;;;;;;;;;;;;;;;;A;B;C;;;;0;0;1.35;1.66
ORG;2014;530000165;;;;;530000066;;;;;;;7;;;;;;;;;;;;;;;;;;;;;;;;;;;;;A;C;;;;;0;0.05;0.55;0.6
ORG;2014;530000173;;0;1;0;530000074;1;1;0;1;1;;102;;;;;D;;;;;;C;;;C;;;;;;D;;;C;;;;;;C;D;A;;;;1;2.2;12.29;5.07
ORG;2014;530000264;;;1;;530000371;1;1;;1;;;197;1;;;;D;;;;;;;;;C;;;;;;D;;;;;;;;;;;;A;;;;6.54;33.9;6.3
ORG;2014;530000611;;;;;530002591;;;;;;;2;;;;;;;;;;;;;;;;;;;;;;;;;;;;;A;B;;;;;;1.85;;1.5
ORG;2014;530002898;;;1;;440002590;;;;1;;;;;;;;;;;;;;;;;;;;;;;B;;;;;;;;;;;;;;;;;;
ORG;2014;530006188;;;1;;440002590;;;;1;;;;;;;;;;;;;;;;;;;;;;;B;;;;;;;;;;;;;;;;;;
ORG;2014;530007285;;;;;530007210;;1;;;;;;;;;;;;;;;;;;;C;;;;;;;;;;;;;;;;;;;;;;;;
ORG;2014;530031962;;;;;530000975;;;;;;;;;;;;;;;;;;;;;;;;;;;A;B;;;;;;;;;;;;;;;;;
ORG;2014;540000015;;;9;;540023264;1;1;;1;3;0;2955;;;;;A;E;D;;;;C;;;C;;;;;;E;;;C;;;C;;;C;A;E;;;;;;;
ORG;2014;540000023;;0;2;0;540000049;0;0;1;0;0;0;;;;;;D;A;;;;;;;;;;;A;;;;;;;;;;;;;;;;;;0;0.25;5.9;4.8
ORG;2014;540000072;;;;;540014081;;;;;;;3;;;;;;;;;;;;;;;;;;;;;;;;;;;;;C;C;G;;;;;;;
ORG;2014;540000155;;;;2;540000080;;1;;1;;;;;;;;;;;D;D;;;;;A;;;;;;D;;;;;;;;;;;;;;;0;0;6;1.01
ORG;2014;540000163;;;;;540020112;;1;;;;;;;;;;;;;;;;;;;;;;;;;;;;;;;;;;;;;;;;;;;
ORG;2014;540000270;;;;;540003399;;;;;;;3;;;;;;;;;;;;;;;;;;;;;;;;;;;;;A;B;B;;;;;;;
ORG;2014;540000361;;;;;540003928;;;;;;;3;;;;;;;;;;;;;;;;;;;;;;;;;;;;;C;;;;;;;;;
ORG;2014;540000452;;0;0;0;540000908;0;1;0;0;0;0;24;0;;;;;;;;;;;;;B;;;;;;;;;;;;;;;C;D;;;;;0;0;0;0
ORG;2014;540000478;;;1;;540003449;;;;;;2;55;;;;;B;;;;;;;;;;;;;;;;;;;;;A;;;C;A;G;;;;1;;;
ORG;2014;540000981;;;;;540001112;;;;;;;2;;;;;;;;;;;;;;;;;;;;;;;;;;;;;A;C;;;;;;;;
ORG;2014;540001070;;;1;;540000767;;;;1;9;;23;;;;;B;;;;;;;;;;;;;;;D;;;C;;;;;;B;C;A;;;;;;;
ORG;2014;540001096;;;;;570010181;;;;1;;;;;;;;;;;;;;;;;;;;;;;D;;;;;;;;;;;;;;;;;;
ORG;2014;540001138;;;9;;540023264;1;1;;1;3;0;2955;;;;;A;E;D;;;;C;;;C;;;;;;E;;;C;;;C;;;C;A;E;;;;;;;
ORG;2014;540001286;;;5;;540003019;;;;1;1;;;;;;;C;C;C;;;;;;;;;;;;;A;;;C;;;;;;;;;;;;0;;;
ORG;2014;540002698;;0;9;0;540023264;1;1;0;1;3;0;2955;0;;;;A;E;D;;;;C;;;C;;;;;;E;;;C;;;C;;;C;A;E;;;;;;;
ORG;2014;540003043;;;9;;540023264;1;1;;1;3;0;2955;;;;;A;E;D;;;;C;;;C;;;;;;E;;;C;;;C;;;C;A;E;;;;;;;
ORG;2014;540005196;;;1;;540008398;;;;;;;9;;;;;A;;;;;;;;;;;;;;;;;;;;;;;;C;;;;;;;;;
ORG;2014;540006459;;;9;;540023264;1;1;;1;3;;2955;;;;;A;E;D;;;;C;;;C;;;;;;E;;;C;;;;;;C;A;E;;;;;;;
ORG;2014;540009701;;;;;540019726;;1;;;;;6;;;;;;;;;;;;;;C;;;;;;;;;;;;;;;C;;;;;;1.6;5.5;126.59;6.38
ORG;2014;540013232;;;9;;540023264;1;1;;1;3;;2955;;;;;A;E;D;;;;C;;;C;;;;;;E;;;C;;;;;;C;A;E;;;;;;;
ORG;2014;540013737;;;;;540019726;;;;;;;3;;;;;;;;;;;;;;;;;;;;;;;;;;;;;C;A;;;;;0.45;3.82;44.84;6.68
ORG;2014;540014073;;;;1;540000056;;;1;;;;;;;;;;;;B;;;;;;;;;B;;;;;;;;;;;;;;;;;;;;;
ORG;2014;540014149;;1;;;540000122;;;;;;;;;;;;;;;;;;;;;;;;;;;;;;;;;;;;;;;;;;;;;
ORG;2014;540019023;;;;;540001112;;;;;;;1;;;;;;;;;;;;;;;;;;;;;;;;;;;;;C;;;;;;;;;
ORG;2014;540020054;;;9;;540023264;1;1;;1;3;0;2955;;;;;A;E;D;;;;C;;;C;;;;;;E;;;C;;;C;;;C;A;E;;;;;;;
ORG;2014;550000012;;;1;;550006795;;;;;;;300;;;;;B;;;;;;;;;;;;;;;;;;;;;;;;;;;;;;;3.68;;
ORG;2014;550000186;;;;;550006795;;;;;;;2;;;;;;;;;;;;;;;;;;;;;;;;;;;;;;;;;;;;0;;
ORG;2014;550000251;;;;;550000095;;1;;;;;;;;;;;;;;;;;;;A;B;;;;;;;;;;;;;;;;;;;;;0.41;1.69;81.5
ORG;2014;550000434;;;2;;550003354;;1;;1;;;243;;;;;D;D;;;;;;;;A;;;;;;D;;;;;;;;;C;A;;;;;0.75;2.26;6.01;123.69
ORG;2014;550002885;;;;;540001112;;;;;;;2;;;;;;;;;;;;;;;;;;;;;;;;;;;;;A;C;;;;;;;;
ORG;2014;550003362;;;2;;550006795;;;;;;;;;;;;;;;;;;;;;;;;;;;;;;;;;;;;;;;;;;;0;;
ORG;2014;550005219;;;;;540001112;;;;;;;1;;;;;;;;;;;;;;;;;;;;;;;;;;;;;A;;;;;;;;;
ORG;2014;560000127;;;;;560023210;;;;;;;;;;;;;;;;;;;;;;;;;;;;;;;;;;;;;;;;;;3.52;0;89.82;0
ORG;2014;560000135;;25;3;;560005746;1;1;1;;4;;550;;;;;C;;;;;;C;A;;;;;;;;;;;C;;;;;;;;;;;;3;7.19;13.18;51.29
ORG;2014;560000143;;0;1;0;560014748;0;0;0;0;1;;;;;;;;;;;;;;;;;;;;;;;;;;;;;;;;;;;;;;0.5;7;0
ORG;2014;560000192;;;2;;560000044;1;;1;;;;141;;;;;C;A;;;;;C;;;;;;B;;;;;;;;;;;;;;;;;;0.01;2.01;2.97;0.54
ORG;2014;560000242;;;1;;560022246;;;;;;;;;;;;A;;;;;;;;;;;;;;;;;;;;;;;;;;;;;;0.05;0.1;;
ORG;2014;560000291;;;;;560000085;;1;;;;;;;;;;;;;;;;;;;;;;;;;;;;;;;;;;;;;;;;0;0;0;0
ORG;2014;560000382;;;2;;560002032;1;2;;;1;;85;;;;;A;B;;;;;A;;;B;A;;;;;;;;C;;;;;;C;;;;;;0.13;2.1;1.25;10.5
ORG;2014;560000408;;;1;;560002065;1;1;1;;;;;1;;;;;;;;;;;;;;;;B;;;;;;;;;;;;;;;;;;0;0.5;;0.5
ORG;2014;560000465;;;2;;560002198;1;3;;;1;;;;;;;;;;;;;;;;;;;;;;;;;;;;;;;;;;;;;0;0;0;0
ORG;2014;560000473;;;;;560002206;;1;;;;;;;;;;;;;;;;;;;B;;;;;;;;;;;;;;;;;;;;;0;0.5;;0.6
ORG;2014;560000697;;;2;;560002677;;2;1;;;;;;;;;A;B;;;;;;;;A;B;;A;;;;;;;;;;;;;;;;;;;;;
ORG;2014;560002024;;0;0;0;560006074;0;1;0;1;0;0;9;;;;;;;;;;;;;;A;;;;;;A;B;;;;;;;;C;;;;;;;0.15;2.22;
ORG;2014;560002511;;1;;;560000689;;;;;;;;;C;;;;;;;;;;;;;;;;;;;;;;;;;;;;;;;;;0;0;0;0
ORG;2014;560002685;;;;;750043713;;;;;;;4;;;;;;;;;;;;;;;;;;;;;;;;;;;;;C;;;;;;0.01;0.3;;
ORG;2014;560002933;;;;;560006074;;1;;1;;;4;;;;;;;;;;;;;;A;;;;;;A;B;;;;;;;;C;;;;;;;0.64;;
ORG;2014;560003006;;;2;;560000770;;;;;;;1;;;;;C;A;;;;;;;;;;;;;;;;;;;;;;;C;;;;;;0.1;0;0;0
ORG;2014;560003055;;;;;440042844;;1;;;;;1;;;;;;;;;;;;;;;;;;;;;;;;;;;;;;;;;;;;1;0.6;2
ORG;2014;560004277;;;1;;750721029;;;;;;;;;;;;A;B;C;;;;;;;;;;;;;;;;;;;;;;;;;;;;0.2;;;
ORG;2014;560006991;;;2;;220017974;;;;;;;;;;;;A;;;;;;;;;;;;;;;;;;;;;;;;;;;;;;;;;
ORG;2014;560007510;;;1;;560001307;;;;2;;;16;;;;;A;;;;;;;;;;;;;;;A;B;;;;;;;;A;C;;;;;0;0.1;1;5.7
ORG;2014;560009490;;;1;;440002590;;;;1;;;;;;;;;;;;;;;;;;;;;;;B;;;;;;;;;;;;;;;;;;
ORG;2014;560009508;;;1;;440002590;;;;1;;;;;;;;;;;;;;;;;;;;;;;B;;;;;;;;;;;;;;;;;;
ORG;2014;560009524;;;1;;440002590;;;;1;;;;;;;;;;;;;;;;;;;;;;;B;;;;;;;;;;;;;;;;;;
ORG;2014;560012122;;;2;;560002677;;2;1;;;;;;;;;A;B;;;;;;;;A;B;;A;;;;;;;;;;;;;;;;;;;;;
ORG;2014;560014078;;;1;;440002590;;;;1;;;;;;;;;;;;;;;;;;;;;;;B;;;;;;;;;;;;;;;;;;
ORG;2014;560014128;;;1;;440002590;;;;1;;;;;;;;;;;;;;;;;;;;;;;B;;;;;;;;;;;;;;;;;;
ORG;2014;560015422;;;2;;560002214;1;2;;;1;;8;;;;;A;B;;;;;A;;;A;C;;;;;;;;C;;;;;;C;A;;;;;;;;
ORG;2014;560023152;;;1;;440002590;;;;1;;;;;;;;;;;;;;;;;;;;;;;B;;;;;;;;;;;;;;;;;;
ORG;2014;560023228;;;;;560023178;;;;;;;2;;;;;;;;;;;;;;;;;;;;;;;;;;;;;C;;;;;;;1;0.8;
ORG;2014;570000117;;;;;570015099;;1;;;;;;;;;;;;;;;;;;;A;;;;;;;;;;;;;;;;;;;;;;;;
ORG;2014;570000281;;;4;;570005165;1;1;;;9;;56;1;;;;E;B;;;;;C;;;A;;;;;;;;;C;;;;;;C;D;E;G;;;;;;
ORG;2014;570000349;;;4;;570005165;1;1;;;9;;56;1;;;;E;B;;;;;C;;;A;;;;;;;;;C;;;;;;C;D;E;G;;;;;;
ORG;2014;570000364;;;;;570011569;;;;1;;;;;;;;;;;;;;;;;;;;;;;A;C;;;;;;;;;;;;;;;;;
ORG;2014;570000455;;;;;570010173;;;;;;;2;1;;;;;;;;;;;;;;;;;;;;;;;;;;;;C;C;;B;;;;;;
ORG;2014;570000596;;;1;;750821092;;1;;;;;83;;;;;B;;;;;;;;;A;;;;;;;;;;;;;;;C;A;;;;;0.8;0;0;0
ORG;2014;570000646;;0;0;0;570001115;0;0;0;0;0;0;61;0;;;;;;;;;;;;;;;;;;;;;;;;;;;;A;C;E;;;;0;0;0;0
ORG;2014;570000828;;0;0;0;570011452;0;0;0;0;0;;3;0;;;;;;;;;;;;;;;;;;;;;;;;;;;;A;C;;;;;0;0;0;0
ORG;2014;570000950;;;;;570000398;;;;;;;30;;;;;;;;;;;;;;;;;;;;;;;;;;;;;;;;;;;;;;
ORG;2014;570000968;;;;;570000430;;;;;;;2;;;;;;;;;;;;;;;;;;;;;;;;;;;;;B;D;;;;;0;0;0;0
ORG;2014;570001057;;0;0;0;570023630;0;0;0;0;0;0;280;0;;;;;;;;;;;;;;;;;;;;;;;;;;;;C;D;F;;;;0.5;2;;
ORG;2014;570001099;;0;0;0;570023630;0;0;0;0;0;0;280;0;;;;;;;;;;;;;;;;;;;;;;;;;;;;C;D;F;;;;0.5;2;;
ORG;2014;570003905;;;;;540001112;;;;;;;2;;;;;;;;;;;;;;;;;;;;;;;;;;;;;A;C;;;;;;;;
ORG;2014;570005215;;;4;;570005165;1;1;;;9;;56;1;;;;E;B;;;;;C;;;A;;;;;;;;;C;;;;;;C;D;E;G;;;;;;
ORG;2014;570009670;;;;;570000307;;;;;;;1;;;;;;;;;;;;;;;;;;;;;;;;;;;;;B;;;;;;0;;;0.7
ORG;2014;570011635;;;;;540001112;;;;;;;2;;;;;;;;;;;;;;;;;;;;;;;;;;;;;A;C;;;;;;;;
ORG;2014;570012369;;;;;570011387;;1;;;;;2;;;;;;;;;;;;;;A;;;;;;;;;;;;;;;C;C;;;;;0;;;
ORG;2014;570015750;;;4;;570005165;1;1;;;9;;56;1;;;;E;B;;;;;C;;;A;;;;;;;;;C;;;;;;C;D;E;G;;;;;;
ORG;2014;570026252;;0;0;0;570023630;0;0;0;0;0;0;280;0;;;;;;;;;;;;;;;;;;;;;;;;;;;;C;D;F;;;;0.5;2;;
ORG;2014;570026682;;;4;;570005165;1;1;;;9;;56;1;;;;E;B;;;;;C;;;A;;;;;;;;;C;;;;;;C;D;E;G;;;;;;
ORG;2014;580001899;;;;;750721334;;;;;;;213;1;;;;;;;;;;;;;;;;;;;;;;;;;;;;;C;;B;;;;;;
ORG;2014;580780187;;;;;580000057;;;;1;;;;;;;;;;;;;;;;;;;;;;;;;;;;;;;;;;;;;;;;;2.5
ORG;2014;580971349;;;1;;580002129;;;;;;;;;;;;;;;;;;;;;;;;;;;;;;;;;;;;;;;;;;0;0;0;0
ORG;2014;580972008;;;;;580000628;;;;;;;23;;;;;;;;;;;;;;;;;;;;;;;;;;;;;C;D;;;;;;0.2;0;0
ORG;2014;580972610;;;1;;580780054;;1;1;;;;13;;;;;B;;;;;;;;;A;;;A;;;;;;;;;;;;C;A;;;;;0;;;0.3
ORG;2014;580972636;;1;;;580780971;;;3;;;;201;;B;;;;;;;;;;;;;;;B;A;;;;;;;;;;;A;B;C;;;;2;0.7;11;0.05
ORG;2014;580972644;;;;;580781136;;;;;;;;;;;;;;;;;;;;;;;;;;;;;;;;;;;;;;;;;;;;1.64;
ORG;2014;580972669;;;;1;580780070;;1;;;1;;;;;;;;;;A;;;;;;A;;;;;;;;;A;;;;;;;;;;;;0.1;0;0;0
ORG;2014;580972677;;;1;;580780088;;;;;1;;51;;;;;;;;;;;;;;;;;;;;;;;;;;;;;;;;;;;0.5;;;
ORG;2014;580972693;;;3;1;580780039;;;;1;;;309;;;;;A;B;E;C;;;;;;;;;;;;C;;;;;;;;;C;D;A;;;;;;;
ORG;2014;580972701;;;;;580970978;;;1;;;;;;;;;;;;;;;;;;;;;A;;;;;;;;;;;;;;;;;;0;0;0;0
ORG;2014;590000014;;;1;1;590780052;;;;;;;8;;;;;A;D;;C;;;;;;;;;;;;;;;;;;;;;;;;;;;0.05;;;0.05
ORG;2014;590000097;;1;;;590780185;;;1;;;;4;;C;;;;;;;;;;;;;;;B;;;;;;;;;;;;C;A;;;;;0.1;;;
ORG;2014;590000105;;;;;590780193;;;;;;;;1;;;;;;;;;;;;;;;;;;;;;;;;;;;;;;;C;E;;;;;
ORG;2014;590000113;;;;;590053120;;;;;;;38;3;;;;;;;;;;;;;;;;;;;;;;;;;;;;A;C;B;C;A;;3;0.5;0.5;1.65
ORG;2014;590000121;;;2;;590780227;;;1;1;;;;;;;;C;A;;;;;;;;;;;B;;;D;;;;;;;;;;;;;;;;;;
ORG;2014;590000188;;;4;;590780334;;1;1;1;;;;;;;;A;B;E;;;;;;;B;;;A;;;A;;;;;;;;;;;;;;;1;0;0;0
ORG;2014;590000337;;0;4;;590781415;;;;1;1;;50;;;;;C;A;B;;;;;;;;;;;;;D;;;C;;;;;;D;;;;;;1;1.6;0;33.15
ORG;2014;590000428;;;1;;590781605;1;;;;1;;;;;;;A;D;;;;;A;;;;;;;;;;;;C;;;;;;;;;;;;;;;
ORG;2014;590000436;;1;;;590781621;1;;;;;;;;B;;;;;;;;;H;;;;;;;;;;;;;;;;;;;;;;;;;;;
ORG;2014;590000451;;;;;590781647;;1;;;;;;;;;;;;;;;;;;;B;;;;;;;;;;;;;;;;;;;;;0;0;0;0
ORG;2014;590000477;;;2;;590781670;1;1;;;;;45;;;;;A;;;;;;;;;B;;;;;;;;;;;;;;;G;D;C;;;;;;;1
ORG;2014;590000535;;;2;;590781803;1;;2;;1;;16;2;;;;A;A;;;;;H;;;;;;B;B;;;;;C;;;;;;C;D;;A;A;;0.25;;;
ORG;2014;590000543;;;1;;590781811;;;1;;;;7;;;;;A;;;;;;;;;;;;B;;;;;;;;;;;;;;;;;;0.1;0.5;2.7;
ORG;2014;590000600;;;3;;590782207;1;;1;1;;;;3;;;;C;B;;;;;C;A;B;;;;B;;;D;;;;;;;;;;;;C;;;1;0.4;0.5;
ORG;2014;590000618;;0;5;1;590782215;1;0;1;1;1;0;485;0;;;;A;B;C;C;;;;;;;;;;;;;;;;;;;;;C;A;D;;;;2.12;4.25;4;2.5
ORG;2014;590000691;;;1;;590782439;1;1;;;;;92;;;;;B;;;;;;H;C;A;B;;;;;;;;;;;;;;;C;D;E;;;;0.1;0.7;;
ORG;2014;590000758;;;2;;590782637;1;1;;;2;;50;;;;;C;;;;;;C;D;H;B;;;;;;;;;C;D;;;;;C;D;;;;;0.5;8.11;0.55;1.66
ORG;2014;590000766;;;;1;590782645;1;1;1;;1;;136;;;;;;;;;;;;;;;;;;;;;;;;;;;;;;;;;;;;;;
ORG;2014;590000774;;;;;590782652;1;;1;;1;;;;;;;;;;;;;C;D;;;;;B;;;;;;D;C;;;;;;;;;;;0;0;0;0
ORG;2014;590000782;;;2;;590782660;;1;1;;;;345;;;;;E;D;;;;;;;;B;;;E;;;;;;;;;;;;A;C;;;;;;;;
ORG;2014;590000790;;0;0;0;590782678;0;0;1;0;0;0;39;0;;;;;;;;;;;;;;;;B;;;;;;;;;;;;C;D;A;;;;;;;
ORG;2014;590001004;;3;2;;590783239;1;1;1;;;;;;C;A;;B;;;;;;H;;;B;;;G;;;;;;;;;;;;;;;;;;;;;
ORG;2014;590001442;;;;;590784245;;;;;;;80;;;;;;;;;;;;;;;;;;;;;;;;;;;;;C;A;B;;;;0.1;0.7;0.1;
ORG;2014;590001582;;;;;590785663;;;;;;;;;;;;;;;;;;;;;;;;;;;;;;;;;;;;C;A;;;;;0.01;;;0.45
ORG;2014;590001749;;;1;;590788956;;;;;;;20;;;;;C;;;;;;;;;;;;;;;;;;;;;;;;A;C;D;;;;0;4.17;80.51;0
ORG;2014;590005245;;3;0;0;590005245;0;0;0;0;0;0;0;0;C;;;;;;;;;;;;;;;;;;;;;;;;;;;;;;;;;0;0;0;0
ORG;2014;590006896;;;;;590000519;;;;;;;24;;;;;;;;;;;;;;;;;;;;;;;;;;;;;C;;;;;;;;;
ORG;2014;590009528;;;;;590782165;1;;;;;;10;;;;;;;;;;;;;;;;;;;;;;;;;;;;;;;;;;;;;;
ORG;2014;590025458;;;;;590782652;1;;;;;;;;;;;;;;;;;C;D;;;;;;;;;;;;;;;;;;;;;;;0.1;0.1;0;0
ORG;2014;590032108;;0;1;0;590024469;0;0;0;0;0;0;1;0;;;;C;;;;;;;;;;;;;;;;;;;;;;;;C;;;;;;0;0;0;0
ORG;2014;590032199;;0;0;0;590024469;0;0;0;0;0;0;3;0;;;;;;;;;;;;;;;;;;;;;;;;;;;;C;C;A;;;;0.01;0;0;0
ORG;2014;590035838;;;;;590000485;;;;;;;8;;;;;;;;;;;;;;;;;;;;;;;;;;;;;C;;;;;;0.05;0;0;0
ORG;2014;590040267;;0;0;0;590782678;0;0;1;0;0;0;7;0;;;;;;;;;;;;;;;;B;;;;;;;;;C;;;C;;;;;;;;;
ORG;2014;590043469;;0;0;0;590024469;0;0;0;0;0;0;3;0;;;;;;;;;;;;;;;;;;;;;;;;;;;;C;C;A;;;;0.01;0;0;0
ORG;2014;590045407;;;;;590780193;;;;;;;2144;;;;;;;;;;;;;;;;;;;;;;;;;;;;;C;;;;;;;;;
ORG;2014;590053955;;;;;590053955;;;1;;;;;16;;;;;;;;;;;;;;;;E;;;;;;;;;;;;;;;C;A;;0;;;
ORG;2014;590780250;;0;1;0;590053955;0;0;0;0;0;0;11;0;;;;C;D;;;;;;;;;;;;;;;;;;;;;;;C;;;;;;0.1;;;
ORG;2014;590780268;;0;1;0;590053955;0;0;0;0;0;0;107;0;;;;D;;;;;;;;;;;;;;;;;;;;;;;;;;;;;;0.1;;;
ORG;2014;590780342;;0;0;0;590053955;0;0;0;0;0;0;24;0;;;;;;;;;;;;;;;;;;;;;;;;;;;;;;;;;;0.1;;;
ORG;2014;590781951;;0;0;0;590053955;0;0;0;0;0;0;34;;;;;;;;;;;;;;;;;;;;;;;;;;;;;;;;;;;0.1;0;0;0
ORG;2014;590782280;;1;;;590004552;;;;;;;15;;C;;;;;;;;;;;;;;;;;;;;;;;;;;;C;;;;;;0.15;0.05;0.05;0.03
ORG;2014;590782496;;0;0;0;590000139;0;0;0;0;0;0;7;0;;;;;;;;;;;;;;;;;;;;;;;;;;;;;;;;;;0.1;0;0;0
ORG;2014;590782546;;;1;;590000733;;;;;;;;1;;;;;;;;;;;;;;;;;;;;;;;;;;;;;;;;;;0.05;;;0.05
ORG;2014;590782611;;;1;;750719239;;;;;;;;;;;;C;;;;;;;;;;;;;;;;;;;;;;;;;;;;;;0;0.08;0;0
ORG;2014;590782694;;;1;;750034589;;;;;;;;;;;;;;;;;;;;;;;;;;;;;;;;;;;;;;;;;;0.05;0;0;0.05
ORG;2014;590783171;;;1;;590000980;;;;;;;;;;;;;;;;;;;;;;;;;;;;;;;;;;;;;;;;;;0;0;0;0
ORG;2014;590783189;;1;;;590004552;;;;;;;23;;C;;;;;;;;;;;;;;;;;;;;;;;;;;;C;;;;;;0.15;0.08;0.06;0.04
ORG;2014;590784484;;0;0;0;590001467;0;0;0;0;0;0;13;0;;;;;;;;;;;;;;;;;;;;;;;;;;;;C;D;;;;;0;0;0;0
ORG;2014;590784898;;;1;;590780193;;;;;;;;;;;;C;E;;;;;;;;;;;;;;;;;;;;;;;;;;;;;;;;
ORG;2014;590785341;;;1;;750005068;;;;;;;;;;;;E;;;;;;;;;;;;;;;;;;;;;;;;;;;;;;0;;;
ORG;2014;590786984;;;1;;620020859;;;;;;;;;;;;G;;;;;;;;;;;;;;;;;;;;;;;;;;;;;;0;0;0;0
ORG;2014;590787529;;0;0;0;590782215;0;0;0;0;0;0;40;0;;;;;;;;;;;;;;;;;;;;;;;;;;;;C;;;;;;;;;
ORG;2014;590790473;;;1;;620020859;;;;;;;9;4;;;;G;;;;;;;;;;;;;;;;;;;;;;;;G;;;;;;0;0;0;0
ORG;2014;590791109;;;;1;590002234;;;;;;;;;;;;;;;;;;;;;;;;;;;;;;;;;;;;;;;;;;;;;
ORG;2014;590796975;;;8;;590780193;;2;2;;;;;2;;;;C;E;A;;;;;;;B;;;B;;;;;;;;;;;;;;;G;;;;;;
ORG;2014;590797346;;0;1;0;620020859;0;0;0;0;0;0;0;0;;;;G;;;;;;;;;;;;;;;;;;;;;;;;;;;;;;0;0;0;0
ORG;2014;590797387;;;;1;590805628;;;;;;;;;;;;;;;;;;;;;;;;;;;;;;;;;;;;;;;;;;0.1;;;
ORG;2014;590801106;;;;;590782421;1;;;2;2;;;;;;;;;;;;;;;;;;;;;;D;D;;;;;;;;;;;;;;1;;;
ORG;2014;590804696;;1;0;0;590781902;1;0;0;0;4;0;187;0;E;C;;;;;;;;C;D;A;;;;;;;;;;C;;;;;;C;D;A;;;;0.5;10.3;6.13;1.05
ORG;2014;590806360;;;1;;590003596;;;;;;;4;1;;;;B;;;;;;;;;;;;;;;;;;;;;;;;B;C;;B;;;0.01;0.7;0.5;0.5
ORG;2014;590809703;;1;;;590004552;;;;;;;33;1;B;;;;;;;;;;;;;;;;;;;;;;;;;;;C;;;A;;;0.2;0.12;0.08;0.05
ORG;2014;590812749;;0;0;0;590782215;0;0;0;0;0;0;10;0;;;;;;;;;;;;;;;;;;;;;;;;;;;;;;;;;;;;;
ORG;2014;590813176;;;1;;590005278;;;;;;;12;;;;;D;A;C;;;;;;;;;;;;;;;;;;;;;;C;;;;;;0.04;0.5;0.2;0.04
ORG;2014;590813507;;;;;590000485;;;;;;;13;;;;;;;;;;;;;;;;;;;;;;;;;;;;;C;D;;;;;0.05;;;
ORG;2014;590816310;;;;;590000048;;;;;;;4;;;;;;;;;;;;;;;;;;;;;;;;;;;;;C;;;;;;;;;
ORG;2014;590817441;;;;;620003814;;;;;;;19;;;;;;;;;;;;;;;;;;;;;;;;;;;;;C;A;;;;;;;;
ORG;2014;590817458;;0;0;0;590053955;0;0;0;0;0;0;50;0;;;;;;;;;;;;;;;;;;;;;;;;;;;;;;;;;;0.1;;;
ORG;2014;590817839;;0;0;0;590053955;0;0;0;0;0;0;36;0;;;;;;;;;;;;;;;;;;;;;;;;;;;;C;;;;;;0.1;0;0;0
ORG;2014;600000012;;;;;600100028;;1;;;;;;;;;;;;;;;;;;;A;;;;;;;;;;;;;;;;;;;;;;1;3.13;59.79
ORG;2014;600000020;;;;;600100085;;;;;;;;;;;;;;;;;;B;C;;;;;;;;;;;;;;;;;;;;;;;0;0;0;0
ORG;2014;600000046;;0;0;0;600100127;0;1;0;0;0;0;2;0;;;;;;;;;;;;;A;;;;;;;;;;;;;;;C;;;;;;0;0;0;0
ORG;2014;600000053;;;1;;600101984;;1;;1;;;34;;;;;;;;;;;;;;;;;;;;;;;;;;;;;;;;;;;0.75;0.6;0.75;0.07
ORG;2014;600000152;;;3;;600100572;1;1;1;;;;74;;;;;A;B;C;;;;A;B;C;A;;;B;;;;;;;;;;;;A;B;C;;;;0.8;0.22;2.7;0
ORG;2014;600000186;;;1;;600100648;1;;;;1;;3;2;;;;D;;;;;;;;;;;;;;;;;;C;;;;;;A;D;C;A;;;0;0;0;0
ORG;2014;600000194;;;4;;600100713;1;;;1;2;;76;;;;;B;A;;;;;H;;;;;;;;;D;;;C;;;;;;C;;;;;;;1.5;;
ORG;2014;600000467;;;4;;600101984;;1;;2;;;90;;;;;;;;;;;;;;;;;;;;;;;;;;;;;;;;;;;0;1.2;0.62;1.48
ORG;2014;600008643;;;;;600008635;;;;;;;1;;;;;;;;;;;;;;;;;;;;;;;;;;;;;;;;;;;0;;;
ORG;2014;600010094;;;;;600100580;1;1;;;1;;64;;;;;;;;;;;H;;;F;;;;;;;;;C;;;;;;C;A;D;;;;0;0;0;0
ORG;2014;600012330;;;1;;600011175;;;;;;;;;;;;A;;;;;;;;;;;;;;;;;;;;;;;;;;;;;;0;0;0;0
ORG;2014;600100168;;;1;;600106629;;;;;;;;;;;;A;C;B;;;;;;;;;;;;;;;;;;;;;;;;;;;;;;;
ORG;2014;600100176;;;1;;600010581;;;;;;;1;;;;;D;;;;;;;;;;;;;;;;;;;;;;;;;;;;;;;1;1;
ORG;2014;600100184;;;1;1;600010276;;1;;;;;1;;;;;;;;;;;;;;;;;;;;;;;;;;;;;;;;;;;0;0;0;0
ORG;2014;600100275;;;;;600000111;;;;;;;25;;;;;;;;;;;;;;;;;;;;;;;;;;;;;C;A;;;;;0;0;0;0
ORG;2014;600100754;;1;;;600000228;;;;;;;;;;;;;;;;;;;;;;;;;;;;;;;;;;;;;;;;;;;;;
ORG;2014;600100861;;0;0;0;440052041;0;0;0;0;0;0;8;0;;;;;;;;;;;;;;;;;;;;;;;;;;;;;;;;;;1;0.4;0;0
ORG;2014;600101679;;;1;;590039863;1;;;;;;;;;;;A;;;;;;H;;;;;;;;;;;;;;;;;;;;;;;;0.07;;;
ORG;2014;600101943;;;;;750720609;;;;;;;9;;;;;;;;;;;;;;;;;;;;;;;;;;;;;;C;;;;;;;;
ORG;2014;600107049;;;;1;600107049;;;1;;;;;;;;;;;;B;;;;;;;;;B;;;;;;;;;;;;;;;;;;0;0;0;0
ORG;2014;600110175;;;;;600001234;;;;;;;30;;;;;;;;;;;;;;;;;;;;;;;;;;;;;C;A;B;;;;;;;
ORG;2014;610000028;;;1;;610780025;;;1;;;;;;;;;A;;;;;;;;;;;;B;;;;;;;;;;;;;;;;;;;;;
ORG;2014;610000044;;;2;;610780074;;;;;;;103;;;;;B;;;;;;;;;;;;;;;;;;;;;;;;C;A;B;;;;;;;
ORG;2014;610000051;;;1;;610780082;;;1;;;;;;;;;A;;;;;;;;;;;;B;;;;;;;;;;;;;;;;;;0.13;;;22.41
ORG;2014;610000069;;;1;1;610780090;;;;;1;;10;;;;;A;;;C;;;;;;;;;;;;;;;C;;;;;;C;A;;;;;;;;3.74
ORG;2014;610000077;;;1;;610780124;;;1;;1;;121;;;;;B;;;;;;;;;;;;A;;;;;;C;;;;;;C;A;E;;;;;;;1
ORG;2014;610000085;;;;;610780132;;;;;;;22;;;;;;;;;;;;;;;;;;;;;;;;;;;;;C;A;B;;;;;;;
ORG;2014;610000093;;;;;610780140;;;;;;;;1;;;;;;;;;;;;;;;;;;;;;;;;;;;;;;;;;;;;;
ORG;2014;610000101;;;;;610780157;;1;;;;;1;4;;;;;;;;;;;;;B;;;;;;;;;;;;;;;D;;;C;A;;;;;
ORG;2014;610000119;;1;;;610780165;;;1;;;;;;C;;;;;;;;;;;;;;;A;;;;;;;;;;;;;;;;;;0;0;0;3.5
ORG;2014;610004269;;;;;610787038;;;;;;;50;;;;;;;;;;;;;;;;;;;;;;;;;;;;;;;;;;;2;;;
ORG;2014;610006710;;;;;140000852;;;;;;;1;;;;;;;;;;;;;;;;;;;;;;;;;;;;;;;;;;;;;;
ORG;2014;610006728;;;;;140000852;;;;;;;1;;;;;;;;;;;;;;;;;;;;;;;;;;;;;;;;;;;;;;
ORG;2014;610006736;;;;;140000852;;;;;;;1;;;;;;;;;;;;;;;;;;;;;;;;;;;;;;;;;;;;;;
ORG;2014;610780108;;;;;610790594;;;;;;;;;;;;;;;;;;;;;;;;;;;;;;;;;;;;C;;;;;;0;;;
ORG;2014;610780116;;;;;610790594;1;;1;;1;;158;;;;;;;;;;;H;;;;;;B;;;;;;C;;;;;;C;D;;;;;0.2;3;4;
ORG;2014;610780199;;;;1;610000135;;;;;;;1;;;;;;;;C;;;;;;;;;;;;;;;;;;;;;B;;;;;;;;;
ORG;2014;610780389;;1;;;610004939;;;;;;;;1;;;;;;;;;;;;;;;;;;;;;;;;;;;;;;;;;;0.2;;;0.2
ORG;2014;610784050;;;1;;610780082;;;1;;;;;;;;;A;;;;;;;;;;;;B;;;;;;;;;;;;;;;;;;0;0;0;0
ORG;2014;610784423;;;;;610787285;;;;;;;19;;;;;;;;;;;;;;;;;;;;;;;;;;;;;C;;;;;;0.15;0.82;3.75;0
ORG;2014;610788325;;1;;;610780165;;;1;;;;;;C;;;;;;;;;;;;;;;A;;;;;;;;;;;;;;;;;;;;;
ORG;2014;620000026;;;;;620003814;;;;;;;16;;;;;;;;;;;;;;;;;;;;;;;;;;;;;C;A;;;;;;;;
ORG;2014;620000034;;1;;;620100057;;;;2;;;27;;D;;;;;;;;;;;;;;;;;;D;D;;;;;;;;;;;;;;0.2;;12.15;3.05
ORG;2014;620000059;;;1;;620100073;;;;;;;40;;;;;B;;;;;;;;;;;;;;;;;;;;;;;;C;A;D;;;;0;0;0;0
ORG;2014;620000067;;1;;;620100081;;;;;;;;;A;;;;;;;;;;;;;;;;;;;;;;;;;;;;;;;;;;;;
ORG;2014;620000224;;;2;;620100651;1;1;;;;;29;;;;;C;;;;;;C;;;B;;;;;;;;;;;;;;;C;C;C;;;;;;;
ORG;2014;620000232;;;1;;620100669;;;1;;;;;;;;;A;;;;;;;;;;;;B;;;;;;;;;;;;;;;;;;1;;;
ORG;2014;620000257;;;6;3;620100685;1;;;;;;485;;;;;C;;;A;B;;C;;;;;;;;;;;;;;;;;;C;E;A;;;;;;;
ORG;2014;620000281;;;;;620101287;;;4;;;;149;;;;;;;;;;;;;;;;;A;B;E;;;;;;;;;;C;A;;;;;;;0.8;
ORG;2014;620000299;;;2;;620101295;;1;1;;;;;;;;;;;;;;;;;;;;;;;;;;;;;;;;;;;;;;;;;;
ORG;2014;620000323;;;4;;620101337;;;;;1;;2;;;;;D;B;;;;;;;;;;;;;;;;;C;;;;;;C;;;;;;1;;;21.33
ORG;2014;620000596;;;;;750820680;;;;;;;2;1;;;;;;;;;;;;;;;;;;;;;;;;;;;;;;;;;;0;0;0;0
ORG;2014;620000653;;1;4;;620103440;;;3;;;;123;;C;;;C;B;A;;;;;;;;;;B;;;;;;;;;;;;C;A;D;;;;0.3;2.3;2;0.2
ORG;2014;620002154;;;2;;620112607;;;;;;;;;;;;;;;;;;;;;;;;;;;;;;;;;;;;;;;;;;;;;
ORG;2014;620003202;;0;1;0;620103432;0;1;0;1;0;0;11;1;;;;A;;;;;;B;;;A;;;;;;D;;;;;;;;;A;C;D;C;;;0;1.26;9.14;3.44
ORG;2014;620003822;;;;;620003814;;;;;;;18;;;;;;;;;;;;;;;;;;;;;;;;;;;;;C;G;D;;;;;;;
ORG;2014;620006049;;;;;620000331;;;1;;;;20;;;;;;;;;;;;;;;;;C;;;;;;;;;;;;C;;;;;;;0;0;0
ORG;2014;620024208;;0;0;0;620002352;0;0;0;0;0;0;6;0;;;;;;;;;;;;;;;;;;;;;;;;;;;;C;D;;;;;0;0;0;0
ORG;2014;620024349;;;1;;620024299;;;;;;;;;;;;B;;;;;;;;;;;;;;;;;;;;;;;;;;;;;;;;;
ORG;2014;620025346;;;;;620001834;;;;;;;9;;;;;;;;;;;;;;;;;;;;;;;;;;;;;;;;;;;0;0;0;0
ORG;2014;620025387;;;1;;620025361;;;;1;;;;;;;;;;;;;;;;;;;;;;;;;;;;;;;;;;;;;;;;;
ORG;2014;620027664;;;;;620003814;;;;;;;16;;;;;;;;;;;;;;;;;;;;;;;;;;;;;C;A;;;;;;;;
ORG;2014;620100099;;;;;620014779;;;;;;;18;;;;;;;;;;;;;;;;;;;;;;;;;;;;;C;;;;;;;;;
ORG;2014;620101501;;;2;;620000364;;;;;;;10;;;;;C;C;;;;;;;;;;;;;;;;;;;;;;;C;;;;;;1;;;1
ORG;2014;620105973;;0;0;0;590039863;0;0;0;0;0;0;6;0;;;;;;;;;;;;;;;;;;;;;;;;;;;;;;;;;;0;0;0;0
ORG;2014;620108357;;;;;620103432;;1;;1;;;11;1;;;;;;;;;;;;;A;;;;;;D;;;;;;;;;A;C;D;C;;;0;;;
ORG;2014;620118513;;1;;;620002915;;;;1;;;;;C;;;;;;;;;;;;;;;;;;A;;;;;;;;;;;;;;;;;;
ORG;2014;630000016;;;;;630180032;2;;;;;;10;;;;;;;;;;;A;D;;;;;;;;;;;;;;;;;A;C;D;;;;;0.2;1.15;0.1
ORG;2014;630000131;;;1;;630003168;;;;;1;;16;;;;;A;B;;;;;;;;;;;;;;;;;C;;;;;;C;A;;;;;;1.6;;0.5
ORG;2014;630000149;;;;;630780302;1;;;;;;30;;;;;;;;;;;A;;;;;;;;;;;;;;;;;;B;C;D;;;;;;;
ORG;2014;630000412;;;2;;630780997;;;1;;1;;47;;;;;B;C;;;;;;;;;;;B;;;;;;C;;;;;;C;D;A;;;;0.05;1.03;1.1;0.2
ORG;2014;630000420;;;1;;630781003;1;;;1;2;;;;;;;D;;;;;;C;A;;;;;;;;A;;;C;;;;;;;;;;;;0;;;
ORG;2014;630000446;;;2;;630781029;;;1;;1;;47;;;;;B;C;;;;;;;;;;;B;;;;;;C;;;;;;C;D;A;;;;0.05;1.03;1.1;0.2
ORG;2014;630000479;;;5;;630781110;;;;;;;19;;;;;C;B;E;;;;;;;;;;;;;;;;;;;;;;C;D;E;;;;1;2.48;0.61;1.62
ORG;2014;630000487;;;1;;630781136;;;;;;;4;;;;;C;;;;;;;;;;;;;;;;;;;;;;;;A;D;;;;;0.4;0.76;0.45;0.4
ORG;2014;630000560;;;1;;630781367;1;;;;;;;;;;;D;;;;;;H;;;;;;;;;;;;;;;;;;;;;;;;0;1.2;4;0.5
ORG;2014;630010510;;;1;;750043994;;;;;;;;;;;;A;;;;;;;;;;;;;;;;;;;;;;;;;;;;;;;;;
ORG;2014;630011823;;;;;870015336;;;;;;;6;;;;;;;;;;;;;;;;;;;;;;;;;;;;;;;;;;;;;;
ORG;2014;630780179;;0;1;0;630011534;;;;;;;;;;;;A;;;;;;;;;;;;;;;;;;;;;;;;;;;;;;0;0.7;;0.8
ORG;2014;630780195;;;;;630786754;;;;;;;;;;;;;;;;;;;;;;;;;;;;;;;;;;;;C;;;;;;;;;
ORG;2014;630780310;;;1;;630000156;;;;;;;;;;;;A;;;;;;;;;;;;;;;;;;;;;;;;;;;;;;;;;
ORG;2014;630780526;;;1;;630009991;;;;;;;;;;;;A;;;;;;;;;;;;;;;;;;;;;;;;;;;;;;;;;
ORG;2014;630780559;;;;;870015336;;;;;;;6;;;;;;;;;;;;;;;;;;;;;;;;;;;;;;;;;;;;;;
ORG;2014;630781433;;1;0;0;630000362;0;0;0;0;0;0;6;0;;;;;;;;;;;;;;;;;;;;;;;;;;;;;;;;;;0;0;0;0
ORG;2014;630781755;;;;;630011518;;;;;;;;;;;;;;;;;;;;;;;;;;;;;;;;;;;;;;;;;;;0.3;;
ORG;2014;630783348;;;;;750050916;;;;;;;;2;;;;;;;;;;;;;;;;;;;;;;;;;;;;;;;A;;;;;;
ORG;2014;630785756;;;1;;630001188;;;;;;;;;;;;;;;;;;;;;;;;;;;;;;;;;;;;;;;;;;;1;;2
ORG;2014;640000162;;;2;;640780417;1;;;1;;;;;;;;C;;;;;;C;;;;;;;;;D;;;;;;;;;;;;;;;;;;
ORG;2014;640000402;;;;;640780813;2;;;1;1;;78;2;;;;;;;;;;H;C;;;;;;;;D;;;C;;;;;;C;D;A;C;;;0;1.19;0.36;
ORG;2014;640000410;;;;;640780821;1;1;;1;;;;;;;;;;;;;;;;;A;;;;;;D;;;;;;;;;;;;;;;0;0;0;0
ORG;2014;640000428;;;;;640780839;1;;;;;;12;;;;;;;;;;;A;C;;;;;;;;;;;;;;;;;A;C;;;;;0.05;0;0;0
ORG;2014;640000436;;;;;640780862;1;2;;;;;;;;;;;;;;;;D;;;B;;;;;;;;;;;;;;;;;;;;;0.8;;;
ORG;2014;640000600;;;;;640781290;1;1;;;3;;;;;;;;;;;;;H;;;A;;;;;;;;;C;D;;;;;;;;;;;0;4.87;6.09;0
ORG;2014;640003836;;;;;640791976;1;1;;;;;;;;;;;;;;;;C;A;;A;;;;;;;;;;;;;;;;;;;;;;;;
ORG;2014;640005591;;2;;;750043994;2;;;;;;5;;;D;;;;;;;;D;;;;;;;;;;;;;;;;;;;E;;;;;0.2;0.1;;0.1
ORG;2014;640013298;;;;;640011508;;;;;;;2;;;;;;;;;;;;;;;;;;;;;;;;;;;;;;;;;;;;;1.1;
ORG;2014;640015921;;;;;640780821;1;1;;1;;;;;;;;;;;;;;;;;A;;;;;;D;;;;;;;;;;;;;;;0;0;0;0
ORG;2014;640017646;;;1;;640017638;1;;;;;;;;;;;C;;;;;;C;;;;;;;;;;;;;;;;;;;;;;;;0.1;;;0.1
ORG;2014;640780334;;;;;640017893;;;;;;;11;;;;;;;;;;;;;;;;;;;;;;;;;;;;;;;;;;;1;;0.2;
ORG;2014;640780490;;;1;;640000212;;;;;;;;;;;;C;;;;;;;;;;;;;;;;;;;;;;;;;;;;;;1.5;;;
ORG;2014;640780631;;;;;640000295;;;;;;;15;;;;;;;;;;;;;;;;;;;;;;;;;;;;;;;;;;;0;;;
ORG;2014;640780946;;;2;;640000469;;;;;;;17;4;;;;B;A;;;;;;;;;;;;;;;;;;;;;;;C;A;D;D;;;0.2;;;
ORG;2014;640780987;;;;;640000493;;;;;;;8;;;;;;;;;;;;;;;;;;;;;;;;;;;;;C;A;;;;;;;;
ORG;2014;640781308;;;;;640000618;;;;;;;1;;;;;;;;;;;;;;;;;;;;;;;;;;;;;A;;;;;;0.01;0.02;;0.01
ORG;2014;640786281;;;;;640791976;1;1;;;;;;;;;;;;;;;;C;;;A;;;;;;;;;;;;;;;;;;;;;;;;
ORG;2014;640787156;;;1;;640001699;1;;;;;;10;;;;;A;C;;;;;A;C;;;;;;;;;;;;;;;;;A;C;D;;;;1;0;0;0
ORG;2014;650000045;;0;0;0;650780158;0;0;0;0;0;0;;0;;;;;;;;;;;;;;;;;;;;;;;;;;;;C;A;E;;;;;2.8;0.12;5.25
ORG;2014;650000060;;;1;;650780174;;;;;;;;;;;;C;;;;;;;;;;;;;;;;;;;;;;;;;;;;;;0.3;;;
ORG;2014;650000417;;0;1;0;650783160;0;1;0;1;0;0;0;0;;;;A;;;;;;;;;B;;;;;;D;;;;;;;;;;;;C;A;E;;2.96;0.3;3.51
ORG;2014;650780398;;;1;;750005068;;;;;;;8;;;;;B;;;;;;;;;;;;;;;;;;;;;;;;D;C;A;;;;;0.1;0.3;0.4
ORG;2014;650780679;;;;3;650000243;;;;;;;;;;;;;;;;;;;;;;;;;;;;;;;;;;;;;;;;;;;;;
ORG;2014;650780729;;;2;;650000276;;1;;;;;17;;;;;B;G;;;;;;;;;;;;;;;;;;;;;;;;;;;;;0.05;;;0.05
ORG;2014;660000092;;;1;;660780198;;;;;;;250;1;;;;;;;;;;;;;;;;;;;;;;;;;;;;;;;;;;4;4.43;8.5;3.5
ORG;2014;660005182;;;;;340000264;;;;;;;;;;;;;;;;;;;;;;;;;;;;;;;;;;;;;;;;;;0.27;;;
ORG;2014;660005190;;;;;340000264;;;;;;;;;;;;;;;;;;;;;;;;;;;;;;;;;;;;;;;;;;0.27;;;
ORG;2014;660005208;;;;;340000264;;;;;;;;;;;;;;;;;;;;;;;;;;;;;;;;;;;;;;;;;;0.27;;;
ORG;2014;660005216;;;;;340000264;;;;;;;3;;;;;;;;;;;;;;;;;;;;;;;;;;;;;C;;;;;;0.27;;;
ORG;2014;660005687;;;1;;660790379;;;;;;;;;;;;C;;;;;;;;;;;;;;;;;;;;;;;;;;;;;;;;;
ORG;2014;660780099;;;;1;660000043;;;;2;;;;;;;;;;;B;;;;;;;;;;;;A;;;;;;;;;;;;;;;0.4;;;6.33
ORG;2014;660780149;;;;;660006867;;;;;;;9;;;;;;;;;;;;;;;;;;;;;;;;;;;;;C;C;C;;;;0.02;0;0;0
ORG;2014;660780347;;0;0;0;660000183;0;0;0;1;0;0;31;0;;;;;;;;;;;;;;;;;;;;;;;;;;;;;;;;;;0.02;0.02;0.02;0.02
ORG;2014;660780537;;;;;660006867;;;;;;;9;;;;;;;;;;;;;;;;;;;;;;;;;;;;;;;;;;;0.02;;;
ORG;2014;660780628;;;;1;660000282;;;;;;;;;;;;;;;B;;;;;;;;;;;;;;;;;;;;;;;;;;;;;;
ORG;2014;660780636;;;;;660000290;;;;;;;3;;;;;;;;;;;;;;;;;;;;;;;;;;;;;;D;;;;;;;;
ORG;2014;660780842;;0;0;0;660000431;0;0;0;1;0;0;19;0;;;;;;;;;;;;;;;;;;;;;;;;;;;;;;;;;;0.02;0.02;0.02;0.02
ORG;2014;660781097;;;;1;660000506;;;;2;;;;;;;;;;;B;;;;;;;;;;;;A;;;;;;;;;;;;;;;0.4;;;5.2
ORG;2014;660781287;;;1;;660000621;;;;1;;;;;;;;B;;;;;;;;;;;;;;;A;;;;;;;;;;;;;;;0.2;0;0;0.2
ORG;2014;670000033;;;3;;670780063;;;2;2;;;35;;;;;C;A;B;;;;;;;;;;A;F;;D;B;;;;;;;;C;D;E;;;;0.2;;1.43;2.18
ORG;2014;670000041;;;;;670780071;;;2;;;4;;;;;;;;;;;;;;;;;;B;A;;;;;;;;C;D;A;;;;;;;0;0;0;0
ORG;2014;670000058;;;;;670013366;;;1;;;;;;;;;;;;;;;;;;;;;;;;;;;;;;;;;;;;;;;;;;
ORG;2014;670000157;;;4;;670780337;1;;1;;3;;96;;;;;C;D;E;;;;H;;;;;;A;;;;;;C;;;;;;C;D;A;;;;1;5.67;1.5;1.9
ORG;2014;670000165;;;3;1;670780345;1;1;1;;;;;;;;;D;B;A;B;;;H;;;A;;;B;;;;;;;;;;;;;;;;;;;0.1;;
ORG;2014;670000272;;;2;;670780543;1;;1;;;;;;;;;D;D;;;;;C;;;;;;B;;;;;;;;;;;;;;;;;;;;;
ORG;2014;670000306;;;;;670780584;1;;4;;;;16;;;;;;;;;;;C;;;;;;A;B;;;;;;;;;;;C;B;A;;;;;;;11.16
ORG;2014;670000397;;0;0;0;670780691;0;0;0;0;0;0;48;;;;;;;;;;;;;;;;;;;;;;;;;;;;;A;C;B;;;;;;;
ORG;2014;670000405;;;1;;670780709;;;;;;;2;;;;;;C;;;;;;;;;;;;;;;;;;;;;;;B;;D;;;;0.1;2.4;;6.1
ORG;2014;670000413;;;;;670780717;;;;;;;5;;;;;;;;;;;;;;;;;;;;;;;;;;;;;A;C;D;;;;0.1;;0.4;
ORG;2014;670002187;;;;;670000652;;;;;;;1;;;;;;;;;;;;;;;;;;;;;;;;;;;;;C;;;;;;;;;
ORG;2014;670002278;;1;;;750043994;;;;;;;;;;;;;;;;;;;;;;;;;;;;;;;;;;;;;;;;;;;;;
ORG;2014;670013895;;;;;670000652;;;;;;;2;;;;;;;;;;;;;;;;;;;;;;;;;;;;;C;;;;;;;;;
ORG;2014;670014042;;;;;670013754;;;;;;;1;;;;;;;;;;;;;;;;;;;;;;;;;;;;;A;;;;;;;;;
ORG;2014;670014455;;;;;670000652;;;;;;;1;;;;;;;;;;;;;;;;;;;;;;;;;;;;;C;;;;;;;;;
ORG;2014;670016153;;;;;670013754;;;;;;;1;;;;;;;;;;;;;;;;;;;;;;;;;;;;;A;C;;;;;;;;
ORG;2014;670780121;;;;;670013754;;;;;;;1;;;;;;;;;;;;;;;;;;;;;;;;;;;;;C;E;;;;;0.3;1.4;6;2.8
ORG;2014;670780170;;0;0;0;670000116;0;0;0;0;0;0;55;0;;;;;;;;;;;;;;;;;;;;;;;;;;;;C;A;E;;;;0;0;0;0
ORG;2014;670780378;;;1;;670000785;;;;2;;;3;;;;;;;;;;;;;;;;;;;;;;;;;;;;;;;;;;;;1;;
ORG;2014;670780386;;;1;;670000199;;;;;;;10;;;;;;;;;;;;;;;;;;;;;;;;;;;;;;;;;;;;;;
ORG;2014;670781129;;;;;670013754;;;;;;;1;;;;;;;;;;;;;;;;;;;;;;;;;;;;;C;E;;;;;;;0.5;
ORG;2014;670781574;;;;;670000652;;;;;;;6;;;;;;;;;;;;;;;;;;;;;;;;;;;;;C;;;;;;;;;
ORG;2014;670795921;;;;;670000652;;;;;;;1;;;;;;;;;;;;;;;;;;;;;;;;;;;;;C;;;;;;;;;
ORG;2014;670799667;;;;;670000652;;;;;;;1;;;;;;;;;;;;;;;;;;;;;;;;;;;;;C;;;;;;;;;
ORG;2014;680000031;;;;;680000171;;1;;;;;;;;;;;;;;;;;;;B;;;;;;;;;;;;;;;;;;;;;;;;
ORG;2014;680000122;;;;;680000346;;;;;;;14;;;;;;;;;;;;;;;;;;;;;;;;;;;;;A;C;;;;;;0.54;;6.26
ORG;2014;680000544;;;3;;680000395;1;;;;1;;96;;;;;B;A;;;;;C;;;;;;;;;;;;C;;;;;;C;;;;;;0.1;;10.59;1.95
ORG;2014;680000577;;;;;680000411;1;;;;;;0;;;;;;;;;;;;;;;;;;;;;;;;;;;;;;;;;;;0;0;0;0
ORG;2014;680000601;;;;3;680000437;;;;;5;;24;7;;;;;;;A;B;;;;;;;;;;;;;;C;D;;;;;C;A;D;G;;;0.05;2.74;0.85;2.59
ORG;2014;680000627;;1;4;;680000486;1;1;;;;;271;;C;;;A;D;E;;;;C;;;B;;;;;;;;;;;;;;;C;A;D;;;;1;20;0;4.06
ORG;2014;680000684;;;1;;680000973;;;;;1;;25;;;;;D;;;;;;;;;;;;;;;;;;C;;;;;;C;;;;;;1.5;10.4;9.7;2.55
ORG;2014;680000726;;0;0;1;680012648;0;0;1;0;1;;2;;;;;;;;B;;;;;;;;;B;;;;;;C;;;;;;C;B;;;;;0;0;0.2;0
ORG;2014;680000742;;0;0;0;680001054;0;0;0;0;0;0;;0;;;;;;;;;;;;;;;;;;;;;;;;;;;;B;A;D;;;;0;;;
ORG;2014;680000767;;;1;;680001088;;;;;;;;;;;;;;;;;;;;;;;;;;;;;;;;;;;;;;;;;;;;;
ORG;2014;680000833;;;;;680001138;;;;;;;31;;;;;;;;;;;;;;;;;;;;;;;;;;;;;C;A;D;;;;;;;
ORG;2014;680000874;;;;;680001179;;;2;;;;100;;;;;;;;;;;;;;;;;B;C;;;;;;;;;;;C;A;E;;;;1.2;7.4;13.5;1.3
ORG;2014;680001294;;;;;680000890;;;;;;;16;;;;;;;;;;;;;;;;;;;;;;;;;;;;;C;D;;;;;;;;
ORG;2014;680001328;;;3;;750005068;;;;1;;;3;;;;;A;B;;;;;;;;;;;;;;B;;;;;;;;;A;C;;;;;0.1;0.6;;2
ORG;2014;680003324;;;1;;680014495;;;1;;1;;28;;;;;B;;;;;;;;;;;;B;;;;;;C;;;;;;C;;;;;;;1.6;;
ORG;2014;680004058;;;;;670013754;;;;;;;1;;;;;;;;;;;;;;;;;;;;;;;;;;;;;A;;;;;;;;;
ORG;2014;680010824;;;;;670000652;;;;;;;1;;;;;;;;;;;;;;;;;;;;;;;;;;;;;C;;;;;;;;;
ORG;2014;680013778;;;;;670000652;;;;;;;1;;;;;;;;;;;;;;;;;;;;;;;;;;;;;C;;;;;;;;;
ORG;2014;680020088;;1;;;680020062;;;;;;;;;;;;;;;;;;;;;;;;;;;;;;;;;;;;;;;;;;;;;
ORG;2014;690000013;;;2;;690780036;;;;;;;;;;;;A;A;;;;;;;;;;;;;;;;;;;;;;;;;;;;;;;;
ORG;2014;690000047;;;;;690780069;;;;;;;5;;;;;;;;;;;;;;;;;;;;;;;;;;;;;A;C;B;;;;0;0.4;;2.2
ORG;2014;690000054;;;1;;690780077;;;;;;;;;;;;B;;;;;;;;;;;;;;;;;;;;;;;;;;;;;;0.05;0;0;0
ORG;2014;690000096;;;;;690780119;1;;;;;;40;;;;;;;;;;;;;;;;;;;;;;;;;;;;;;;;;;;0.1;4.1;;
ORG;2014;690000575;;;2;;690782222;1;;;2;;;;;;;;;;;;;;;;;;;;;;;;;;;;;;;;;;;;;;;5.89;2.02;2.4
ORG;2014;690000583;;;2;;690782230;;;;1;;;;;;;;A;B;;;;;;;;;;;;;;A;;;;;;;;;;;;;;;0;0;0;0
ORG;2014;690000591;;0;;;690782248;;;;1;;;13;;;;;;;;;;;;;;;;;;;;;;;;;;;;;;;;;;;0;0;0;0
ORG;2014;690000609;;;1;;690010749;;;;;;;15;;;;;A;;;;;;;;;;;;;;;;;;;;;;;;A;C;G;;;;;;0.07;
ORG;2014;690000625;;;;;690782271;1;;;1;;;;;;;;;;;;;;;;;;;;;;;D;;;;;;;;;;;;;;;;;2.95;2
ORG;2014;690000633;;;1;;690010749;;;;;;;15;;;;;A;;;;;;;;;;;;;;;;;;;;;;;;A;C;G;;;;;;;
ORG;2014;690000773;;;1;;690782925;;;2;;;;4;;;;;B;;;;;;;;;;;;B;;;;;;;;;;;;A;;;;;;0;0;0;0
ORG;2014;690000880;;;2;;690783220;;;;1;;;;;;;;B;D;E;;;;;;;;;;;;;D;;;;;;;;;;;;;;;1;15;46.2;41.7
ORG;2014;690001524;;;;;690787338;;;;;;;8;;;;;;;;;;;;;;;;;;;;;;;;;;;;;C;D;A;;;;0;0;0;0
ORG;2014;690004718;;;;;690796552;;;;1;;;4;;;;;;;;;;;;;;;;;;;;B;;;;;;;;;A;C;;;;;0.5;;;
ORG;2014;690007539;;;11;;690781810;;;4;2;;;506;;;;;A;E;D;;;;;;;;;;A;E;;B;E;;;;;;;;;;;;;;;;;
ORG;2014;690011838;;;1;;690000724;;;;;;;;;;;;A;;;;;;;;;;;;;;;;;;;;;;;;;;;;;;;;;
ORG;2014;690012109;;;1;;690027008;;;;;;;15;;;;;D;;;;;;;;;;;;;;;;;;;;;;;;C;D;;;;;1;1;;
ORG;2014;690019849;;;11;;690781810;;;4;2;;;506;;;;;A;E;D;;;;;;;;;;A;E;;B;E;;;;;;;;;;;;;;;;;
ORG;2014;690022009;;;;;690796552;;;;1;;;3;;;;;;;;;;;;;;;;;;;;B;;;;;;;;;C;;;;;;0.5;0.45;;
ORG;2014;690022108;;;1;;690000724;;;;;;;;;;;;;;;;;;;;;;;;;;;;;;;;;;;;;;;;;;12;;3;9
ORG;2014;690034558;;1;1;;690006598;;;;;;;34;;;;;;;;;;;;;;;;;;;;;;;;;;;;;;;;;;;0;1;23;1
ORG;2014;690780150;;;1;;690000104;;;;;;;3;;;;;B;;;;;;;;;;;;;;;;;;;;;;;;C;A;;;;;;;;
ORG;2014;690780200;;;;;690000112;;;;;;;2;;;;;;;;;;;;;;;;;;;;;;;;;;;;;C;C;;;;;0.05;;;
ORG;2014;690780358;;;1;;690000195;;;;;;;;;;;;;;;;;;;;;;;;;;;;;;;;;;;;;;;;;;;;;
ORG;2014;690780382;;1;;;690006598;;;;;;;36;;C;;;;;;;;;;;;;;;;;;;;;;;;;;;;;;;;;0.1;0;23.4;3.1
ORG;2014;690780499;;;;;690000278;;;;;;;8;;;;;;;;;;;;;;;;;;;;;;;;;;;;;;;;;;;;;;
ORG;2014;690780648;;;1;;690036900;;;;1;;;;;;;;C;;;;;;;;;;;;;;;A;B;;;;;;;;;;;;;;;;;
ORG;2014;690781836;;;;;690006598;;;;;;;25;;;;;;;;;;;;;;;;;;;;;;;;;;;;;A;B;C;;;;0;0.5;1;2
ORG;2014;690782081;;1;;;750005068;;;;;;;;;;;;;;;;;;;;;;;;;;;;;;;;;;;;;;;;;;0;;;
ORG;2014;690782172;;;;;690782172;;;;;;;9;3;;;;;;;;;;;;;;;;;;;;;;;;;;;;;;;;;;;;;
ORG;2014;690782834;;;2;;690000724;;;;;;;;;;;;A;;;;;;;;;;;;;;;;;;;;;;;;;;;;;;5;;2;3
ORG;2014;690783154;;1;11;;690781810;;;4;1;;;506;;E;;;A;E;D;;;;;;;;;;A;E;;B;;;;;;;;;A;E;C;;;;2;;6.9;6.75
ORG;2014;690784061;;1;1;;690006598;;;;;;;34;;;;;;;;;;;;;;;;;;;;;;;;;;;;;;;;;;;0;1;23;1
ORG;2014;690784137;;;11;;690781810;;;4;2;;;506;;;;;A;E;D;;;;;;;;;;A;E;;B;;;;;;;;;;;;;;;;;;
ORG;2014;690784152;;;12;;690781810;;;4;2;;;;;;;;A;E;D;;;;;;;;;;A;E;;B;D;;;;;;;;;;;;;;;;;
ORG;2014;690784186;;;12;;690781810;;;4;2;;;506;;;;;A;E;D;;;;;;;;;;A;E;;B;E;;;;;;;;;;;;;;;;;
ORG;2014;690784194;;;11;;690781810;;;4;1;;;;;;;;A;E;D;;;;;;;;;;A;E;;B;;;;;;;;;;;;;;;;;;
ORG;2014;690784202;;;11;;690781810;;;4;1;;;506;;;;;A;E;D;;;;;;;;;;A;E;;B;;;;;;;;;;;;;;;;;;
ORG;2014;690787429;;;11;;690781810;;;4;1;;;;;;;;A;E;D;;;;;;;;;;A;E;;B;;;;;;;;;;;;;;;;;;
ORG;2014;690787452;;;11;;690781810;;;4;1;;;;;;;;A;E;D;;;;;;;;;;A;E;;B;;;;;;;;;;;;;;;;;;
ORG;2014;690787460;;;;;690782222;1;;;;;;;;;;;;;;;;;;;;;;;;;;;;;;;;;;;;;;;;;;;;
ORG;2014;690790480;;;;;690006598;;;;;;;1;;;;;;;;;;;;;;;;;;;;;;;;;;;;;;;;;;;;;;
ORG;2014;690799283;;;;;690796552;;;;1;;;1;;;;;;;;;;;;;;;;;;;;B;;;;;;;;;C;;;;;;0.5;;;
ORG;2014;690802251;;;;;690782222;1;;;;;;;;;;;;;;;;;H;;;;;;;;;;;;;;;;;;;;;;;;;;;
ORG;2014;690804018;;;;;690796552;;;;1;;;2;;;;;;;;;;;;;;;;;;;;B;;;;;;;;;C;;;;;;0.5;;;
ORG;2014;690805361;;0;0;0;690805353;0;0;0;0;0;0;39;;;;;;;;;;;;;;;;;;;;;;;;;;;;;C;;;;;;0.3;0.08;0;0
ORG;2014;690807599;;;;;690006598;;;;;;;15;;;;;;;;;;;;;;;;;;;;;;;;;;;;;A;B;C;;;;0;0;0;0
ORG;2014;700000011;;;;;700780026;;;;;;;1;;;;;;;;;;;;;;;;;;;;;;;;;;;;;A;A;A;;;;0.5;;;0.2
ORG;2014;700000045;;;;;250006335;;;;1;;;;;;;;;;;;;;;;;;;;;;;;;;;;;;;;;;;;;;0;0;0;0
ORG;2014;700003577;;;;;670005834;;;;;;;1;;;;;;;;;;;;;;;;;;;;;;;;;;;;;C;;;;;;;0.6;3.25;
ORG;2014;700004377;;;;;250006335;;;;;;;5;;;;;;;;;;;;;;;;;;;;;;;;;;;;;C;D;;;;;0;0;0;0
ORG;2014;700780075;;1;2;;700004096;;;2;;;;49;;A;;;C;;;;;;;;;;;;A;;;;;;;;;;;;C;A;;;;;;;;
ORG;2014;700780174;;;;;700000052;;;;;;;6;;;;;;;;;;;;;;;;;;;;;;;;;;;;;C;D;;;;;0.1;;;
ORG;2014;700784341;;1;;;700004096;;;;;;;;;C;;;;;;;;;;;;;;;;;;;;;;;;;;;;;;;;;;;;
ORG;2014;700784887;;;;;750018699;;;;;;;13;;;;;;;;;;;;;;;;;;;;;;;;;;;;;;;;;;;0.01;;1;
ORG;2014;710006859;;;1;;710000118;;;;;;;;;;;;;;;;;;;;;;;;;;;;;;;;;;;;;;;;;;0.1;;;
ORG;2014;710010067;;;1;;710780644;;1;;2;;;40;;;;;;;;;;;;;;A;C;;;;;D;A;;;;;;;;A;C;B;;;;0.1;3.21;0.5;3.5
ORG;2014;710010166;;;;;670005834;;;;;;;1;;;;;;;;;;;;;;;;;;;;;;;;;;;;;C;;;;;;;1.9;1.6;
ORG;2014;710010786;;;1;;710781451;1;;1;1;;;10;1;;;;B;;;;;;A;C;;;;;B;;;D;;;;;;;;;D;C;;A;;;0.1;;0.4;0.5
ORG;2014;710780081;;;;;710010695;;;;;;;26;;;;;;;;;;;;;;;;;;;;;;;;;;;;;;;;;;;;;;
ORG;2014;710780917;;;1;;710000274;;;;1;;;;;;;;C;;;;;;;;;;;;;;;E;;;;;;;;;;;;;;;;0.3;;1
ORG;2014;710781139;;;1;;750721334;;;;;;;20;8;;;;A;;;;;;;;;;;;;;;;;;;;;;;;C;D;A;B;C;;1;;0.5;
ORG;2014;710781535;;;;;210010294;;1;;;;;;;;;;;;;;;;;;;A;;;;;;;;;;;;;;;;;;;;;;;;
ORG;2014;710970658;;;;;670005834;;;;;;;1;;;;;;;;;;;;;;;;;;;;;;;;;;;;;C;;;;;;;0.9;7.1;2
ORG;2014;710971326;;;;;670005834;;;;;;;1;;;;;;;;;;;;;;;;;;;;;;;;;;;;;C;;;;;;;1.9;1.6;
ORG;2014;710972365;;;;;710780644;;;;;;;;;;;;;;;;;;;;;;;;;;;;;;;;;;;;;;;;;;;0.6;;
ORG;2014;710973504;;;;;670005834;;;;;;;1;;;;;;;;;;;;;;;;;;;;;;;;;;;;;C;;;;;;;1;4.3;1.6
ORG;2014;710974502;;;;;670005834;;;;;;;1;;;;;;;;;;;;;;;;;;;;;;;;;;;;;C;;;;;;;1;1;
ORG;2014;710974510;;;;;670005834;;;;;;1;;;;;;;;;;;;;;;;;;;;;;;;;;;C;;;;;;;;;;0.8;1;
ORG;2014;710974528;;;;;670005834;;;;;;;1;;;;;;;;;;;;;;;;;;;;;;;;;;;;;C;;;;;;;0.9;7.1;2
ORG;2014;710977307;;;;;710977299;;;;;;;16;;;;;;;;;;;;;;;;;;;;;;;;;;;;;C;D;A;;;;0.1;0;0;0
ORG;2014;710978107;;;2;;710781592;;;1;;;;1;;;;;B;B;;;;;;;;;;;B;;;;;;;;;;;;C;;;;;;;;0.3;
ORG;2014;710978131;;;;;710781089;;;;;;;1;;;;;;;;;;;;;;;;;;;;;;;;;;;;;;;;;;;;;;
ORG;2014;710978156;;;;2;710780214;;;;;;;;;;;;;;;B;B;;;;;;;;;;;;;;;;;;;;;;;;;;0;0;0;0
ORG;2014;710978164;;1;;;710780438;;;;;;;;;;;;;;;;;;;;;;;;;;;;;;;;;;;;;;;;;;1;;;2
ORG;2014;710978198;;;1;;710781386;;;;;;;5;;;;;B;;;;;;;;;;;;;;;;;;;;;;;;C;A;D;;;;0;;;
ORG;2014;710978230;;;1;;710781329;;;;;;;;;;;;A;B;;;;;;;;;;;;;;;;;;;;;;;;;;;;;;0;0;0
ORG;2014;710978255;;;3;;710781568;;1;;;;;;;;;;A;B;;;;;;;;A;;;;;;;;;;;;;;;;;;;;;0.75;;;
ORG;2014;710978263;;;3;;710780958;1;;1;1;1;;;;C;;;B;A;C;;;;H;;;;;;B;;;D;;;A;;;;;;;;;;;;0.5;4.95;19.96;21.41
ORG;2014;710978271;;1;;;710781014;;;;;;;;;;;D;;;;;;;;;;;;;;;;;;;;;;;;;;;;;;;;;;
ORG;2014;710978289;;1;;;710780263;;;;1;;;;;D;;;;;;;;;;;;;;;;;;D;;;;;;;;;;;;;;;;;;
ORG;2014;710978313;;;;;710976705;;1;;1;;;100;;;;;;;;;;;;;;C;;;;;;D;;;;;;;;;C;;;;;;;4.6;27.08;11
ORG;2014;710978347;;;3;;710781204;;;;1;1;;176;1;;;;C;G;;;;;;;;;;;;;;D;;;C;;;;;;A;C;D;E;;;;;;
ORG;2014;720000033;;0;2;0;720000025;1;0;2;2;1;0;700;;;;;A;B;;;;;H;;;;;;B;;;D;;;C;;;;;;C;D;E;;;;1;10.33;9.55;6.29
ORG;2014;720000041;;;1;;720000058;;;1;;;;;;;;;B;;;;;;;;;;;;B;;;;;;;;;;;;;;;;;;;;;
ORG;2014;720000124;;;;;720000066;1;;;;1;;14;;;;;;;;;;;;;;;;;;;;;;;;;;;;;;;;;;;;1;1.3;2.38
ORG;2014;720000199;;1;;;720000595;;;;;;;1;;A;B;;;;;;;;;;;;;;;;;;;;;;;;;;D;;;;;;;;;
ORG;2014;720000231;;;1;;720000637;;;;;;;18;;;;;A;;;;;;;;;;;;;;;;;;;;;;;;C;;;;;;;;;
ORG;2014;720000314;;;;;720000090;1;;;;;;3;;;;;;;;;;;B;;;;;;;;;;;;;;;;;;C;C;C;;;;;;;
ORG;2014;720000413;;;;;720008390;;;;;;;10;;;;;;;;;;;;;;;;;;;;;;;;;;;;;C;D;;;;;;0.39;;
ORG;2014;720000470;;;1;;610780082;;;1;;;;;;;;;A;;;;;;;;;;;;B;;;;;;;;;;;;;;;;;;0;;0;0
ORG;2014;720000520;;;1;;720000140;;;;;;;;;;;;A;;;;;;;;;;;;;;;;;;;;;;;;;;;;;;;0.2;3.6;
ORG;2014;720000744;;;;1;720000454;;;;;;;44;;;;;;;;B;;;;;;;;;;;;;;;;;;;;;C;D;A;;;;;1.49;3.15;0.73
ORG;2014;720000801;;;;;720002054;1;;;;;;;;;;;;;;;;;;;;;;;;;;;;;;;;;;;;;;;;;;;;
ORG;2014;720000819;;;;;720002062;1;;;;;;;;;;;;;;;;;;;;;;;;;;;;;;;;;;;;;;;;;;;;
ORG;2014;720001437;;;1;;720006022;1;1;;;;;;;;;;;;;;;;;;;B;;;;;;;;;;;;;;;;;;;;;;0.5;2.5;0.1
ORG;2014;720001569;;;;;720007244;1;;;;;;;;;;;;;;;;;;;;;;;;;;;;;;;;;;;;;;;;;0;0;0;0
ORG;2014;720003441;;;1;;440002590;;;;1;;;;;;;;;;;;;;;;;;;;;;;B;;;;;;;;;;;;;;;;;;
ORG;2014;720016138;;;;;720008390;;;;;;;4;;;;;;;;;;;;;;;;;;;;;;;;;;;;;C;D;;;;;;0.22;;
ORG;2014;720016179;;;1;;720016724;;;;1;;;15;;;;;B;;;;;;;;;;;;;;;C;;;;;;;;;A;B;C;;;;0.21;1.45;2.2;0.05
ORG;2014;720016690;;;1;;440002590;;;;1;;;;;;;;;;;;;;;;;;;;;;;B;;;;;;;;;;;;;;;;;;
ORG;2014;720016831;;;1;;440002590;;;;1;;;;;;;;;;;;;;;;;;;;;;;B;;;;;;;;;;;;;;;;;;
ORG;2014;720017235;;;1;;440002590;;;;1;;;;;;;;;;;;;;;;;;;;;;;B;;;;;;;;;;;;;;;;;;
ORG;2014;720017748;;;1;;720000561;;;;;;;25;;;;;A;;;;;;;;;;;;;;;;;;;;;;;;C;;;;;;;;;
ORG;2014;720017755;;;1;;440002590;;;;1;;;;;;;;;;;;;;;;;;;;;;;B;;;;;;;;;;;;;;;;;;
ORG;2014;720017839;;;1;;440002590;;;;1;;;;;;;;;;;;;;;;;;;;;;;B;;;;;;;;;;;;;;;;;;
ORG;2014;730000031;;;;1;730000015;;1;;1;1;;450;;;;;;;;;;;;;;;;;;;;;;;;;;;;;;;;;;;4;;;
ORG;2014;730000049;;;2;;730002839;1;;;1;;;;;;;;A;D;;;;;H;;;;;;;;;C;;;;;;;;;;;;;;;0;0;0;0
ORG;2014;730000080;;2;;;730780103;;;;;;;;;C;D;;;;;;;;;;;;;;;;;;;;;;;;;;;;;;;;0;0;0;0
ORG;2014;730000098;;;1;;730780111;;;;2;;;49;;;;;B;;;;;;;;;;;;;;;D;;;;;;;;;;;;;;;0;;;
ORG;2014;730000247;;;;;730780525;1;;;2;;;36;;;;;;;;;;;A;;;;;;;;;A;D;;;;;;;;C;;;;;;1;;;
ORG;2014;730000262;;;2;;730002839;1;;;1;;;;;;;;A;D;;;;;H;;;;;;;;;C;;;;;;;;;;;;;;;0;0;0;0
ORG;2014;730000270;;;1;;730780558;;1;;1;;;;;;;;B;;;;;;;;;A;;;;;;A;;;;;;;;;;;;;;;;;;
ORG;2014;730000288;;0;0;0;730780566;;0;0;0;0;0;15;0;;;;;;;;;;;;;;;;;;;;;;;;;;;;;;;;;;0.5;0;0.54;0.3
ORG;2014;730000304;;;;;730780582;;1;;1;;;34;;;;;;;;;;;;;;A;;;;;;A;;;;;;;;;C;A;G;;;;1;1.1;11;13
ORG;2014;730000924;;;;;690796552;;;;1;;;2;;;;;;;;;;;;;;;;;;;;B;;;;;;;;;A;C;;;;;0.5;1.8;0.2;
ORG;2014;730004298;;;;;730010048;;;;2;;;;;;;;;;;;;;;;;;;;;;;A;C;;;;;;;;;;;;;;0.4;;0.5;0.1
ORG;2014;730005709;;;;;380793802;;;;;;;1;;;;;;;;;;;;;;;;;;;;;;;;;;;;;C;;;;;;;;;
ORG;2014;730780459;;;;;730000221;;;;2;;;1;;;;;;;;;;;;;;;;;;;;;;;;;;;;;;;;;;;0.1;;;
ORG;2014;730780574;;0;0;0;730000296;0;0;0;0;1;1;0;0;;;;;;;;;;;;;;;;;;;;;;C;;;G;;;;;;;;;0;0;0;0
ORG;2014;730780681;;;;;750721334;;;;;;;36;;;;;;;;;;;;;;;;;;;;;;;;;;;;;C;D;;;;;;;;
ORG;2014;730780988;;;;;730002698;;;;;;;2;;;;;;;;;;;;;;;;;;;;;;;;;;;;;C;C;;;;;0;0.05;;
ORG;2014;730785011;;;;;690796552;;;;1;;;2;;;;;;;;;;;;;;;;;;;;B;;;;;;;;;A;C;;;;;0.5;0.1;0.05;
ORG;2014;730785466;;;;;380793802;;;;;;;1;;;;;;;;;;;;;;;;;;;;;;;;;;;;;C;;;;;;;;;
ORG;2014;730786233;;;;;690796552;;;;1;;;2;;;;;;;;;;;;;;;;;;;;B;;;;;;;;;A;C;;;;;0.5;0.1;0.04;
ORG;2014;730786464;;;;;380793802;;;;;;;1;;;;;;;;;;;;;;;;;;;;;;;;;;;;;C;;;;;;;;;
ORG;2014;730790235;;;;;380793802;;;;;;;1;;;;;;;;;;;;;;;;;;;;;;;;;;;;;C;;;;;;;;;
ORG;2014;740000237;;;8;1;740781133;1;;1;1;4;;209;;;;;C;A;B;C;;;H;;;;;;G;;;D;;;C;;;;;;C;D;G;;;;2;8.39;46.63;6.56
ORG;2014;740000278;;0;2;0;740781182;;;1;1;1;;;;;;;B;B;;;;;;;;;;;B;;;A;;;A;;;;;;;;;;;;0;;;
ORG;2014;740000294;;;;;740781208;1;;;;1;;10;;;;;;;;;;;C;B;A;;;;;;;;;;C;;;;;;C;;;;;;0.1;0.85;0;0
ORG;2014;740000302;;;3;;740781133;1;;1;2;3;;35;;;;;A;C;;;;;C;A;;;;;G;;;D;;;C;;;;;;C;A;;;;;0.25;;10.8;
ORG;2014;740000328;;;2;2;740790381;1;;;1;;;;;;;;D;C;;B;;;;;;;;;;;;D;;;;;;;;;;;;;;;3;;5.2;
ORG;2014;740000401;;;1;;740781893;;;;;;;;;;;;B;;;;;;;;;;;;;;;;;;;;;;;;;;;;;;;;;
ORG;2014;740000583;;;1;;740785035;;;;;;;;;;;;;;;;;;;;;;;;;;;;;;;;;;;;;;;;;;0.2;1.37;2.48;1
ORG;2014;740001847;;;;;740780168;;;;;;;1;;;;;;;;;;;;;;;;;;;;;;;;;;;;;A;C;;;;;;;;
ORG;2014;740010475;;0;0;0;740000203;0;0;0;0;0;0;20;0;;;;;;;;;;;;;;;;;;;;;;;;;;;;;;;;;;0;0;0;0
ORG;2014;740010889;;;;;690796552;;;;1;;;2;;;;;;;;;;;;;;;;;;;;B;;;;;;;;;A;C;;;;;0.5;;;
ORG;2014;740011481;;;;;740781133;1;;;;;;21;;;;;;;;;;;C;A;;;;;;;;;;;;;;;;;C;;;;;;;;;
ORG;2014;740012646;;;;;690796552;;;;1;;3;;;;;;;;;;;;;;;;;;;;;B;;;;;;A;C;;;;;;;;0.5;;0.05;0.5
ORG;2014;740013412;;;;;740781133;1;;;;;;10;;;;;;;;;;;C;A;;;;;;;;;;;;;;;;;C;;;;;;;;;
ORG;2014;740014345;;;3;;740000617;;;;1;;;20;;;;;C;D;E;;;;;;;;;;;;;A;;;;;;;;;C;;;;;;;;;
ORG;2014;740014683;;;;;740780168;;;;;;;2;;;;;;;;;;;;;;;;;;;;;;;;;;;;;A;D;;;;;0;0;0;0
ORG;2014;740780143;;0;0;0;750005068;0;0;0;0;0;0;33;0;;;;;;;;;;;;;;;;;;;;;;;;;;;;;;;;;;0;0;0;0
ORG;2014;740780184;;;;;750052334;;;;;;;18;;;;;;;;;;;;;;;;;;;;;;;;;;;;;;;;;;;;;;
ORG;2014;740780192;;;;;740780168;;;;;;;1;;;;;;;;;;;;;;;;;;;;;;;;;;;;;C;D;;;;;;;;
ORG;2014;740780416;;;1;;740000112;;;;;;;;;;;;C;;;;;;;;;;;;;;;;;;;;;;;;;;;;;;0.1;0;0.5;0
ORG;2014;740781141;;;3;2;740790258;1;;;1;;;14;;;;;D;A;B;D;B;;C;;;;;;;;;D;;;;;;;;;;;;;;;1;7.02;71.75;7.41
ORG;2014;740781166;;;;;740001839;;;;;;;3;;;;;;;;;;;;;;;;;;;;;;;;;;;;;;;;;;;;;;
ORG;2014;740781224;;;6;;740001839;1;;1;3;;;63;;;;;C;B;D;;;;G;;;;;;B;;;A;D;;;;;;;;;;;;;;0;5.48;30.44;5.1
ORG;2014;740788641;;;;;690796552;;;;1;;;1;;;;;;;;;;;;;;;;;;;;B;;;;;;;;;C;;;;;;0.5;;1.5;
ORG;2014;740789532;;;;;740781208;;;;;;;;;;;;;;;;;;C;A;B;;;;;;;;;;C;;;;;;C;;;;;;;;;
ORG;2014;740789649;;;;;690796552;;;;1;;;2;;;;;;;;;;;;;;;;;;;;B;;;;;;;;;C;;;;;;0.5;;;
ORG;2014;740789821;;;;;690796552;;;;1;;;1;;;;;;;;;;;;;;;;;;;;B;;;;;;;;;C;;;;;;0.5;;;
ORG;2014;750000499;;0;6;0;750140014;1;0;;0;0;0;;0;;;;A;B;E;;;;;;;;;;;;;;;;;;;;;;;;;;;;;;;
ORG;2014;750000549;;;2;;750150229;;;;1;;;;;;;;;;;;;;;;;;;;;;;;;;;;;;;;;;;;;;0;1;3;2
ORG;2014;750006348;;;;;910140011;1;;;;;;;;;;;;;;;;;;;;;;;;;;;;;;;;;;;;;;;;;;;;
ORG;2014;750007528;;;;;750804940;;;;;;;3;;;;;;;;;;;;;;;;;;;;;;;;;;;;;C;A;;;;;;;;
ORG;2014;750023749;;;1;;750034308;1;2;3;;;;71;4;;;;A;;;;;;A;C;E;A;B;;A;C;C;;;;;;;;;;A;C;E;G;C;;0.05;;33.83;18.83
ORG;2014;750039448;;;0;;750720914;1;0;;;;;5;;;;;;;;;;;;;;;;;;;;;;;;;;;;;C;A;;;;;0;0.6;0.8;
ORG;2014;750100018;;;1;;750712184;;;;;;;1;;;;;C;;;;;;;;;;;;;;;;;;;;;;;;D;;;;;;;;;
ORG;2014;750100042;;;1;;750712184;;;;;;;;;;;;D;;;;;;;;;;;;;;;;;;;;;;;;;;;;;;0;0;0;0
ORG;2014;750100083;;;;;750712184;;;;;;;10;;;;;;;;;;;;;;;;;;;;;;;;;;;;;C;;;;;;0;0;0;0
ORG;2014;750100091;;1;;;750712184;;;;;;;6;;C;;;;;;;;;;;;;;;;;;;;;;;;;;;C;;;;;;0.5;0;0;0
ORG;2014;750100109;;;1;;750712184;;;;;;;3;;C;;;;;;;;;;;;;;;;;;;;;;;;;;;C;;;;;;0.1;0;0;0
ORG;2014;750100166;;;3;;750712184;;;;;;;;;;;;C;C;D;;;;;;;;;;;;;;;;;;;;;;;;;;;;0.2;;;
ORG;2014;750100273;;;;;750712184;;;;;;;9;;;;;;;;;;;;;;;;;;;;;;;;;;;;;C;;;;;;0;0;0;0
ORG;2014;750120016;;;1;;750821092;;;;;;;198;;;;;D;C;;;;;;;;;;;;;;;;;;;;;;;E;C;A;;;;1;1.3;1;
ORG;2014;750150013;;1;3;;750811887;;;;;;;2;;C;;;A;D;C;;;;;;;;;;;;;;;;;;;;;;C;A;;;;;;;;
ORG;2014;750150088;;1;;;750000515;;;;;;;;;A;;;;;;;;;;;;;;;;;;;;;;;;;;;;;;;;;;;;
ORG;2014;750150237;;;1;;750006728;;;;;;;;;;;;D;;;;;;;;;;;;;;;;;;;;;;;;;;;;;;0.33;3.04;12.88;1.56
ORG;2014;750170490;;;;;750719312;;;;;;;1;;;;;;;;;;;;;;;;;;;;;;;;;;;;;A;;;;;;;;;
ORG;2014;750300089;;;1;;750000606;;;;;;;;;;;;D;;;;;;;;;;;;;;;;;;;;;;;;;;;;;;0;0;0;0
ORG;2014;750300121;;;;1;750052037;;;;2;1;;29;;;;;;;;G;A;;;;;;;;;;;D;;;A;;;;;;C;D;E;;;;0.6;0;0;0
ORG;2014;750300360;;;2;;750026569;;;;;;;50;;;;;;;;;;;;;;;;;;;;;;;;;;;;;;;;;;;0.1;;;0.1
ORG;2014;750300550;;;;;750000812;;;;;;;;4;;;;;;;;;;;;;;;;;;;;;;;;;;;;;;;A;A;A;0;0;0;0
ORG;2014;750300592;;;;;750000820;;;;1;;;;;;;;;;;;;;;;;;;;;;;A;B;;;;;;;;;;;;;;;;;1.5
ORG;2014;750300766;;;;;750056145;;;;;;;2;;;;;;;;;;;;;;;;;;;;;;;;;;;;;C;;;;;;0;0;0;0
ORG;2014;750300840;;0;0;0;750000903;0;0;0;0;0;0;7;;;;;;;;;;;;;;;;;;;;;;;;;;;;;;;;;;;;;;
ORG;2014;750300881;;;1;;750000937;;;;;;;12;;;;;A;G;G;;;;;;;;;;;;;;;;;;;;;;C;D;G;;;;0.1;;;
ORG;2014;750300915;;;1;;750000960;;;;;;;26;;;;;B;;;;;;;;;;;;;;;;;;;;;;;;C;;;;;;;;;
ORG;2014;750300931;;;;;750000978;;;;;;;1;1;;;;;;;;;;;;;;;;;;;;;;;;;;;;A;;;;C;;;;;
ORG;2014;750720674;;;;;750720674;;;;;;;10;;;;;;;;;;;;;;;;;;;;;;;;;;;;;C;E;G;;;;1;;;
ORG;2014;750802985;;;;;750802985;;;;;;;;1;;;;;;;;;;;;;;;;;;;;;;;;;;;;;;;B;;;0;;;
ORG;2014;750825184;;;;;950000760;;;;;;;13;;;;;;;;;;;;;;;;;;;;;;;;;;;;;;;;;;;0;;;
ORG;2014;760000018;;;;;760780023;;;1;1;;;100;;;;;;;;;;;;;;;;;B;;;D;;;;;;;;;;;;;;;;7.01;2.42;4.81
ORG;2014;760000026;;;;;760780031;;;;;;;1;;;;;;;;;;;;;;;;;;;;;;;;;;;;;;;;;;;;;;
ORG;2014;760000034;;;;;760780049;;1;;;;;4;;;;;;;;;;;;;;A;;;;;;;;;;;;;;;C;;;;;;;;0.5;
ORG;2014;760000059;;;;1;760780064;;;;;;;;;;;;;;;;;;;;;;;;;;;;;;;;;;;;;;;;;;;;;
ORG;2014;760000141;;;3;4;760780239;;;;;2;;;;;;;C;;;C;B;;;;;;;;;;;;;;;;;;;;;;;;;;;;;
ORG;2014;760000158;;;3;4;760780239;;;;;2;;;;;;;C;;;C;B;;;;;;;;;;;;;;;;;;;;;;;;;;;;;
ORG;2014;760000166;;0;5;0;760780247;0;0;2;1;0;0;203;0;;;;A;A;A;;;;;;;;;;B;G;;D;;;;;;;;;;;;;;;0;12.12;17.16;13.45
ORG;2014;760000174;;;;1;760780254;;;;;;;;;;;;;;;A;;;;;;;;;;;;;;;;;;;;;;;;;;;;;;
ORG;2014;760000190;;;2;;760780270;;;;;;;170;;;;;G;C;;;;;;;;;;;;;;;;;;;;;;;C;E;;;;;0.4;0.5;1.5;0.5
ORG;2014;760000356;;;1;;760780726;1;;;;;;;;;;;A;B;;;;;H;;;;;;;;;;;;;;;;;;;;;;;;0.15;;;
ORG;2014;760000372;;;4;;760780742;;;1;1;;;57;;;;;B;C;D;;;;;;;;;;A;;;D;;;;;;;;;A;C;;;;;0.35;0.7;0.78;18.88
ORG;2014;760000380;;1;;;760780759;1;;;;;;;;B;;;;;;;;;C;;;;;;;;;;;;;;;;;;;;;;;;;;;
ORG;2014;760000463;;;3;1;760024042;;;;1;;;100;;;;;C;A;;D;;;;;;;;;;;;D;;;;;;;;;C;D;A;;;;;;;
ORG;2014;760000802;;;1;;760782425;;;;;;;;;;;;A;;;;;;;;;;;;;;;;;;;;;;;;;;;;;;0;0;0;0
ORG;2014;760021329;;;;;760000448;;;;1;;;;;;;;;;;;;;;;;;;;;;;A;;;;;;;;;;;;;;;;;;1.39
ORG;2014;760021899;;;;;760021808;;;;;;;;;;;;;;;;;;;;;;;;;;;A;;;;;;;;;;;;;;;;;;
ORG;2014;760023671;;;3;4;760780239;;;;;2;;;;;;;C;;;C;B;;;;;;;;;;;;;;;;;;;;;;;;;;;;;
ORG;2014;760025312;;;2;;760000315;;;;;;;;;;;;;;;;;;;;;;;;;;;;;;;;;;;;;;;;;;0.5;;;0.5
ORG;2014;760025619;;;;;140000852;;;;;;;1;;;;;;;;;;;;;;;;;;;;;;;;;;;;;;;;;;;;;;
ORG;2014;760025668;;;;;140000852;;;;;;;1;;;;;;;;;;;;;;;;;;;;;;;;;;;;;;;;;;;;;;
ORG;2014;760025718;;;;;140000852;;;;;;;1;;;;;;;;;;;;;;;;;;;;;;;;;;;;;;;;;;;;;;
ORG;2014;760025759;;;;;140000852;;;;;;;1;;;;;;;;;;;;;;;;;;;;;;;;;;;;;;;;;;;;;;
ORG;2014;760025809;;;;;140000852;;;;;;;1;;;;;;;;;;;;;;;;;;;;;;;;;;;;;;;;;;;;;;
ORG;2014;760025858;;;;;140000852;;;;;;;1;;;;;;;;;;;;;;;;;;;;;;;;;;;;;;;;;;;;;;
ORG;2014;760025908;;;;;140000852;;;;;;;1;;;;;;;;;;;;;;;;;;;;;;;;;;;;;;;;;;;;;;
ORG;2014;760026088;;;;;140000852;;;;;;;1;;;;;;;;;;;;;;;;;;;;;;;;;;;;;;;;;;;;;;
ORG;2014;760026138;;;;;140000852;;;;;;;1;;;;;;;;;;;;;;;;;;;;;;;;;;;;;;;;;;;;;;
ORG;2014;760027292;;;;;760027300;;;;;;2;32;;;;;;;;;;;;;;;;;;;;;;;;;;A;C;;A;C;;;;;0.3;0;0;0
ORG;2014;760780619;;;1;;760000307;;;;1;;;50;;;;;;;;;;;;;;;;;;;;;;;;;;;;;;;;;;;0.1;;;0.1
ORG;2014;760780676;;;;;750808529;;;;;;;5;;;;;;;;;;;;;;;;;;;;;;;;;;;;;;;;;;;0;;;
ORG;2014;760780692;;;;;760025734;;;;;;;1;;;;;;;;;;;;;;;;;;;;;;;;;;;;;A;E;;;;;;;;1
ORG;2014;760780791;;0;0;0;760000414;0;0;0;0;0;0;13;0;;;;;;;;;;;;;;;;;;;;;;;;;;;;;;;;;;0;0;0;0
ORG;2014;760780825;;1;;;760000430;;;;;;;;;B;;;;;;;;;;;;;;;;;;;;;;;;;;;;;;;;;;;;
ORG;2014;760781054;;;;;930019484;;;;;;;7;;;;;;;;;;;;;;;;;;;;;;;;;;;;;C;D;G;;;;;;;
ORG;2014;760783159;;0;0;0;760000851;0;0;0;0;0;0;24;0;;;;;;;;;;;;;;;;;;;;;;;;;;;;;;;;;;0;;;0
ORG;2014;760783522;;;3;4;760780239;;;;;2;;;;;;;C;;;C;B;;;;;;;;;;;;;;;;;;;;;;;;;;;;;
ORG;2014;760783530;;;3;4;760780239;;;;;2;;;;;;;C;;;C;B;;;;;;;;;;;;;;;;;;;;;;;;;;;;;
ORG;2014;760805770;;;;;760780726;1;;;;;;;;;;;;;;;;;D;;;;;;;;;;;;;;;;;;;;;;;;0.4;;1.25;
ORG;2014;760917773;;;;;140000852;;;;;;;1;;;;;;;;;;;;;;;;;;;;;;;;;;;;;;;;;;;;;;
ORG;2014;760921106;;;;;140000852;;;;;;;1;;;;;;;;;;;;;;;;;;;;;;;;;;;;;;;;;;;;;;
ORG;2014;760921718;;;;;140000852;;;;;;;1;;;;;;;;;;;;;;;;;;;;;;;;;;;;;;;;;;;;;;
ORG;2014;770000131;;;1;;770110013;;;;;;;;;;;;;C;D;;;;;;;;;;;;;;;;;;;;;;;;;;;;0.1;3.2;3.25;23.04
ORG;2014;770000149;;;1;;770110021;;;;1;;;;;;;;C;;;;;;;;;;;;;;;D;;;;;;;;;;;;;;;;1.88;1;1.28
ORG;2014;770000156;;1;;1;770110054;;;;;;;;;A;;;;;;D;;;;;;;;;;;;;;;;;;;;;;;;;;;;;;
ORG;2014;770000172;;;1;;770110070;;;;1;;;;;;;;C;;;;;;;;;;;;;;;D;;;;;;;;;;;;;;;;;;
ORG;2014;770000180;;;;;770130011;;;;;;;1;;;;;;;;;;;;;;;;;;;;;;;;;;;;;;;;;;;1;;;1
ORG;2014;770000214;;;1;;770130052;;;;;;;;;;;;C;;;;;;;;;;;;;;;;;;;;;;;;;;;;;;0.1;0.6;0.05;
ORG;2014;770000446;;;1;;770700185;;;;1;1;;;1;;;;C;D;;;;;;;;;;;;;;D;;;C;;;;;;;;;A;;;0.1;;;
ORG;2014;770001873;;;;;940000060;;;;;;;2;3;;;;;;;;;;;;;;;;;;;;;;;;;;;;C;;;B;A;;;;;
ORG;2014;770006138;;0;0;0;770020113;0;0;0;0;0;0;10;;;;;;;;;;;;;;;;;;;;;;;;;;;;;C;H;;;;;0;0;0;0
ORG;2014;770019032;;;1;;770170017;;;;1;;;;1;;;;C;D;;;;;;;;;;;;;;D;;;;;;;;;;;;A;;;;;;
ORG;2014;770150027;;;;;750720575;;;;;;;1;;;;;;;;;;;;;;;;;;;;;;;;;;;;;;;;;;;;0.5;3.41;
ORG;2014;770300010;;;1;;770004299;;;;;;;;;;;;;;;;;;;;;;;;;;;;;;;;;;;;;;;;;;;;;
ORG;2014;770300143;;;1;;770000362;;;;;;;;;;;;C;;;;;;;;;;;;;;;;;;;;;;;;;;;;;;;;;
ORG;2014;770300192;;;;;770000313;;;;1;;;5;;;;;;;;;;;;;;;;;;;;A;B;F;;;;;;;C;D;;;;;0.1;0.1;0.1;0.1
ORG;2014;770300275;;;;;770000354;;;;1;;;8;;;;;;;;;;;;;;;;;;;;A;;;;;;;;;;;;;;;;;;
ORG;2014;770700011;;;;;750042590;;;;;;;55;;;;;;;;;;;;;;;;;;;;;;;;;;;;;C;G;;;;;;;;
ORG;2014;770813400;;;;;770001014;;;;;;;;3;;;;;;;;;;;;;;;;;;;;;;;;;;;;;;;A;A;B;;;;
ORG;2014;770813459;;;;;940000060;;;;;;;2;3;;;;;;;;;;;;;;;;;;;;;;;;;;;;C;;;B;A;;;;;
ORG;2014;770814622;;;1;;770700185;;;;1;1;;;;;;;C;D;;;;;;;;;;;;;;D;;;C;;;;;;;;;;;;0.1;;;
ORG;2014;770814986;;;;;940000060;;;;;;;2;3;;;;;;;;;;;;;;;;;;;;;;;;;;;;C;;;B;;;;;;
ORG;2014;780000287;;;1;;780110011;1;1;1;;;;;;;;;B;;;;;;B;;;A;;;G;;;;;;;;;;;;;;;;;;;;;
ORG;2014;780000295;;0;0;0;780002697;0;0;0;0;0;0;8;;;;;;;;;;;;;;;;;;;;;;;;;;;;;C;A;;;;;;1;7.1;1.26
ORG;2014;780000303;;;1;;780110037;;;;;;;;;;;;A;;;;;;;;;;;;;;;;;;;;;;;;;;;;;;2;1.1;11.89;67.61
ORG;2014;780000329;;;1;;780110052;;1;;;;;182;;;;;C;;;;;;;;;A;;;;;;;;;;;;;;;C;D;A;;;;0.3;;;
ORG;2014;780000378;;;3;;780130027;;;;;;;;;;;;;;;;;;;;;;;;;;;;;;;;;;;;;;;;;;0.1;0;0;0
ORG;2014;780000402;;;1;;780140026;;;;;;;;;;;;;;;;;;;;;;;;;;;;;;;;;;;;;;;;;;1;2;;2
ORG;2014;780001657;;;;;780530010;;1;;;;;;;;;;;;;;;;;;;A;;;;;;;;;;;;;;;;;;;;;;;;
ORG;2014;780001707;;;;;780822920;;;;1;;;;;;;;;;;;;;;;;;;;;;;;;;;;;;;;;;;;;;0.1;;;
ORG;2014;780018727;;;;;780018719;;;;;;;12;;;;;;;;;;;;;;;;;;;;;;;;;;;;;G;;;;;;0.15;0;0.1;0.05
ORG;2014;780140018;;;1;;750005068;;;2;;;;;;;;;G;;;;;;;;;;;;A;B;;;;;;;;;;;;;;;;;0;;;
ORG;2014;780140042;;;1;;780017455;;;;;;;;;;;;;;;;;;;;;;;;;;;;;;;;;;;;;;;;;;;;;
ORG;2014;780140075;;;;;750804114;;1;;;;;;;;;;;;;;;;;;;;;;;;;;;;;;;;;;;;;;;;0;0;0;0
ORG;2014;780150066;;14;1;;780808614;;;;1;;;30;;;;;;;;;;;;;;;;;;;;D;;;;;;;;;;;;;;;0.6;;1;
ORG;2014;780300323;;0;0;0;780003679;0;0;0;0;0;0;0;2;;;;;;;;;;;;;;;;;;;;;;;;;;;;;;;G;G;;0.5;0;0;0.5
ORG;2014;780300414;;1;;;780000675;;;;1;;;;;A;;;;;;;;;;;;;;;;;;A;B;;;;;;;;;;;;;;1;;;
ORG;2014;780300422;;;1;;780002259;;;;;;;20;;;;;E;;;;;;;;;;;;;;;;;;;;;;;;C;;;;;;;;;
ORG;2014;780300448;;;;;310021209;;;;;;;17;;;;;;;;;;;;;;;;;;;;;;;;;;;;;;;;;;;;;;
ORG;2014;780420022;;1;;;750042590;;;;;;;;;C;;;;;;;;;;;;;;;;;;;;;;;;;;;;;;;;;;;;
ORG;2014;780700050;;;;;780826210;;;;1;;;26;;;;;;;;;;;;;;;;;;;;;;;;;;;;;;;;;;;1;;0.2;
ORG;2014;780800256;;;3;;780110078;;;;;;;;;;;;C;G;B;;;;;;;;;;;;;;;;;;;;;;;;;;;;1;15.05;;1.3
ORG;2014;790000087;;;4;;790000012;;;;;;;42;;;;;A;C;B;;;;;;;;;;;;;;;;;;;;;;;;;;;;1;8.07;2.16;2.75
ORG;2014;790000095;;0;0;0;790006654;0;1;0;0;0;0;0;0;;;;;;;;;;;;;B;;;;;;;;;;;;;;;;;;;;;;;;
ORG;2014;790000103;;0;0;0;790006654;0;1;0;0;0;0;0;0;;;;;;;;;;;;;B;;;;;;;;;;;;;;;;;;;;;;;;
ORG;2014;790000145;;0;1;0;790000079;0;1;0;0;0;0;11;0;;;;B;A;;;;;;;;B;;;;;;;;;;;;;;;E;A;C;;;;;;;
ORG;2014;790000681;;;1;;790002497;;;;;;;32;;;;;B;;;;;;;;;;;;;;;;;;;;;;;;A;D;C;;;;0.1;0.08;0.27;0.53
ORG;2014;790003537;;0;0;0;790006654;0;1;0;0;0;0;0;;;;;;;;;;;;;;B;;;;;;;;;;;;;;;;;;;;;;;;
ORG;2014;790007306;;;;;860000348;;;;1;;;1;;;;;;;;;;;;;;;;;;;;;;;;;;;;;;;;;;;;;;
ORG;2014;790007694;;;;;790006654;;1;;;;;;;;;;;;;;;;;;;B;;;;;;;;;;;;;;;;;;;;;;;;
ORG;2014;790007884;;;;;790006654;;1;;;;;;;;;;;;;;;;;;;B;;;;;;;;;;;;;;;;;;;;;;;;
ORG;2014;790008064;;;;;790002497;;;;;;;20;;;;;;;;;;;;;;;;;;;;;;;;;;;;;C;A;B;;;;0.1;0.05;;0.05
ORG;2014;790009369;;;;;790006654;;1;;;;;;;;;;;;;;;;;;;B;;;;;;;;;;;;;;;;;;;;;;;;
ORG;2014;790009948;;;2;;790001242;;;;;;;20;;;;;C;B;;;;;;;;;;;;;;;;;;;;;;;C;D;;;;;;;;
ORG;2014;790016786;;;;;860000348;;;;1;;;1;;;;;;;;;;;;;;;;;;;;;;;;;;;;;;;;;;;;;;
ORG;2014;790016794;;;;;860000348;;;;1;;;1;;;;;;;;;;;;;;;;;;;;;;;;;;;;;;;;;;;;;;
ORG;2014;800000143;;;2;;800000028;1;;;1;;;223;;;;;B;A;;;;;;;;;;;;;;D;;;;;;;;;;;;;;;;;;
ORG;2014;800000184;;;1;;800000036;1;1;;;;;;;;;;A;;;;;;C;;;B;;;;;;;;;;;;;;;;;;;;;0;0;0;0
ORG;2014;800000200;;;2;;800000051;;;;;;;;;;;;;;;;;;;;;;;;;;;;;;;;;;;;;;;;;;;;;
ORG;2014;800000226;;;4;;800000069;1;;;1;1;;62;5;;;;B;A;;;;;H;;;;;;;;;D;;;D;;;;;;C;D;B;A;;;;;;
ORG;2014;800000390;;1;0;0;800000085;1;2;1;0;2;0;179;0;;;;;;;;;;;;;;;;;;;;;;;;;;;;;;;;;;;;;
ORG;2014;800000432;;;1;;800000093;1;;;1;;;;;;;;D;;;;;;C;;;;;;;;;A;;;;;;;;;;;;;;;;;;
ORG;2014;800000440;;1;0;0;800000085;1;2;1;0;2;0;179;0;;;;;;;;;;;;;;;;;;;;;;;;;;;;;;;;;;;;;
ORG;2014;800000457;;;;;800000119;1;;;;;;;;;;;;;;;;;;;;;;;;;;;;;;;;;;;;;;;;;;;;
ORG;2014;800000507;;;3;;800000135;1;;;;1;;1;2;;;;A;B;D;;;;;;;;;;;;;;;;C;;;;;;C;;;C;C;;;;;
ORG;2014;800008989;;0;0;0;800002941;0;0;0;0;0;0;23;0;;;;;;;;;;;;;;;;;;;;;;;;;;;;;;;;;;1;0;0;0
ORG;2014;800009417;;1;0;0;800000085;1;2;1;0;2;0;179;0;;;;;;;;;;;;;;;;;;;;;;;;;;;;;;;;;;;;;
ORG;2014;800009920;;;;;800003071;;;;;;;70;;;;;;;;;;;;;;;;;;;;;;;;;;;;;C;A;;;;;;;;
ORG;2014;800015489;;;1;;800000036;1;1;;;;;;;;;;A;;;;;;C;;;B;;;;;;;;;;;;;;;;;;;;;0;0;0;0
ORG;2014;800015729;;;;;800015679;;;;;;;38;;;;;;;;;;;;;;;;;;;;;;;;;;;;;C;A;B;;;;;;;
ORG;2014;800018491;;;1;;800018483;;;;;;;;;;;;;C;D;;;;;;;;;;;;;;;;;;;;;;;;;;;;0;0;0;0
ORG;2014;810000224;;;;;810000471;;;1;;;;49;;;;;;;;;;;;;;;;;C;;;;;;;;;;;;;;;;;;0.25;;;
ORG;2014;810000232;;;1;;810099903;;;;;;;14;;;;;B;;;;;;;;;;;;;;;;;;;;;;;;C;;;;;;;;;
ORG;2014;810000448;;;;1;810099945;;;;;;;1;;;;;;;;B;;;;;;;;;;;;;;;;;;;;;C;;;;;;;;0.48;
ORG;2014;810000505;;;;;810000331;;;;;;;;;;;;E;;;;;;;;;;;;;;;;;;;;;;;;;;;;;;;;;
ORG;2014;810000513;;;1;;810000349;;;;;;;79;;;;;A;;;;;;;;;;;;;;;;;;;;;;;;C;A;;;;;;;;
ORG;2014;810000521;;;;1;810000380;;;1;1;;;22;9;;;;;;;C;;;;;;;;;B;;;D;;;;;;;;;A;C;D;C;;;1.7;1.65;;
ORG;2014;810000539;;;2;;810000398;;;1;;;;1;;;;;A;B;;;;;;;;;;;A;;;;;;;;;;;;A;;;;;;0;;;6
ORG;2014;810000562;;;1;;810000455;;;1;;;;25;;;;;G;;;;;;;;;;;;C;;;;;;;;;;;;C;D;;;;;0;0;0;0
ORG;2014;810003954;;;1;;810099903;;;;;;;12;;;;;B;;;;;;;;;;;;;;;;;;;;;;;;C;;;;;;;;0.4;
ORG;2014;810007989;;;;;750047367;;;;;;;1;;;;;;;;;;;;;;;;;;;;;;;;;;;;;C;;;;;;;;;
ORG;2014;810101170;;;;;810101162;;;;;;;28;;;;;;;;;;;;;;;;;;;;;;;;;;;;;;C;;;;;;;;
ORG;2014;820000032;;;;;820000016;;;;;1;;;;;;;;;;;;;;;;;;;;;;;;;C;;;;;;;;;;;;;;;
ORG;2014;820000065;;;;;820000156;;;;;;;15;;;;;;;;;;;;;;;;;;;;;;;;;;;;;;;;;;;0.2;;;
ORG;2014;820000412;;;;;820000560;;;;;;;14;;;;;;;;;;;;;;;;;;;;;;;;;;;;;;;;;;;0;0;0;0
ORG;2014;820000420;;;;;820000206;;;;;;;4;;;;;;;;;;;;;;;;;;;;;;;;;;;;;A;B;D;;;;;;;
ORG;2014;820000438;;;;;820000214;;;;;;;1;;;;;;;;;;;;;;;;;;;;;;;;;;;;;A;B;;;;;0;;;
ORG;2014;820000461;;;;;820000248;;;2;;;;;;;;;;;;;;;;;;;;;;;;;;;;;;;;;;;;;;;0.01;0;0;0
ORG;2014;820002152;;;;;310781562;;;;;;;2;;;;;;;;;;;;;;;;;;;;;;;;;;;;;C;;;;;;;;;
ORG;2014;820003218;;;1;;820008142;;;;;;;;;;;;B;;;;;;;;;;;;;;;;;;;;;;;;;;;;;;0;0;0;0
ORG;2014;830000287;;;2;;830100525;1;;;;;;235;;;;;;;;;;;C;;;;;;;;;;;;;;;;;;C;A;;;;;;3.39;;
ORG;2014;830000295;;;1;;830100533;1;1;;1;;15;135;;;;;A;;;;;;C;;;A;;;;;;D;;;;;;C;A;;C;A;;;;;0.2;;;
ORG;2014;830000303;;;1;;830100541;;;;;;;27;;;;;A;;;;;;;;;;;;;;;;;;;;;;;;C;D;E;;;;0;;;
ORG;2014;830000311;;0;0;2;830100566;1;0;0;0;1;0;97;;;;;;;;A;;;H;;;;;;;;;;;;C;;;;;;C;D;G;;;;0.1;2.45;3;0
ORG;2014;830000337;;;;;830100590;1;;;1;1;;1;;;;;;;;;;;C;D;A;;;;;;;D;;;C;;;;;;C;D;A;;;;0;0;0;0
ORG;2014;830000345;;;2;;830100616;2;;;;;;3;1;;;;A;E;;;;;H;;;;;;;;;;;;;;;;;;C;D;;;;;2.2;3.63;49.4;90.7
ORG;2014;830000600;;;;;830101200;;;1;;;;;;;;;;;;;;;;;;;;;C;;;;;;;;;;;;;;;;;;0;0.02;;
ORG;2014;830009528;;;;2;830100566;1;;;;;;;;;;;;;;A;;;H;;;;;;;;;;;;;;;;;;;;;;;;;;;
ORG;2014;830012589;;;;;830003695;;;;1;;;;;;;;;;;;;;;;;;;;;;;C;A;B;;;;;;;;;;;;;1;0.1;0.5;1
ORG;2014;830015970;;;;;830003695;;;;1;;;;;;;;;;;;;;;;;;;;;;;C;A;B;;;;;;;;;;;;;1;0.1;0.5;1
ORG;2014;830016671;;;;;830003695;;;;1;;;;;;;;;;;;;;;;;;;;;;;C;A;B;;;;;;;;;;;;;1;0.1;0.5;1
ORG;2014;830017372;;;;;750721235;;;1;;;;;;;;;;;;;;;;;;;;;C;A;D;;;;;;;;;;;;;;;;0;;;
ORG;2014;830017497;;0;0;0;830004958;1;0;0;0;0;0;6;0;;;;;;;;;;G;C;;;;;;;;;;;;;;;;;G;C;;;;;1;0;0;0
ORG;2014;830100103;;;;;830000022;;;;2;;;;;;;;;;;;;;;;;;;;;;;A;;;;;;;;;;;;;;;3;0.1;3;15
ORG;2014;830100368;;;;;830000147;;;;3;;;;;;;;;;;;;;;;;;;;;;;A;D;;;;;;;;;;;;;;2;0.1;1;7
ORG;2014;830100418;;;;;830000170;;;;;;;;;;;;;;;;;;;;;;;;;;;;;;;;;;;;;;;;;;1;;;
ORG;2014;830100434;;;;;830000196;;;;3;;;;;;;;;;;;;;;;;;;;;;;A;D;;;;;;;;;;;;;;3;0.1;3;15
ORG;2014;830100475;;;;;830000238;;;;2;;;;;;;;;;;;;;;;;;;;;;;A;;;;;;;;;;;;;;;1;0.1;1;7
ORG;2014;830100558;;;;;690781810;1;;1;;;;;;;;;;;;;;;;;;;;;;;;;;;;;;;;;;;;;;;;;;
ORG;2014;830100574;;;1;;750821092;;;;1;;;2;1;;;;A;;;;;;;;;;;;;;;A;;;;;;;;;A;A;;A;;;0.1;;;1
ORG;2014;830100855;;0;1;0;830000493;0;0;0;0;0;0;0;0;;;;;;;;;;;;;;;;;;;;;;;;;;;;;;;;;;0;0;0;0
ORG;2014;830101408;;;;;830000659;;;;;;;1;;;;;;;;;;;;;;;;;;;;;;;;;;;;;C;;;;;;0.01;0.01;0.01;
ORG;2014;830200515;;;;;830001012;;;;;;;1;;;;;;;;;;;;;;;;;;;;;;;;;;;;;;;;;;;;;;
ORG;2014;830200523;;;11;;830210084;1;;;1;;;6;;;;;A;C;D;;;;C;;;;;;;;;D;;;;;;;;;A;C;D;;;;1;;;
ORG;2014;830206983;;;;;830008819;;;;;;;5;;;;;;;;;;;;;;;;;;;;;;;;;;;;;;;;;;;0;;;
ORG;2014;830207114;;;;;830001855;;;1;;;;1;;;;;;;;;;;;;;;;;C;D;A;;;;;;;;;;C;;;;;;0;;;
ORG;2014;830212783;;;1;;830002432;;;;;;;;;;;;;;;;;;;;;;;;;;;;;;;;;;;;;;;;;;;;;
ORG;2014;830213880;;;;2;830100566;1;;;;;;;;;;;;;;A;;;H;;;;;;;;;;;;;;;;;;;;;;;;;;;
ORG;2014;830216495;;;;;830003695;;;;1;;;;;;;;;;;;;;;;;;;;;;;C;A;B;;;;;;;;;;;;;1;0.1;0.5;1
ORG;2014;840000343;;;2;;840000012;1;;;;;;20;10;;;;C;D;;;;;H;;;;;;;;;;;;;;;;;;C;;;G;D;;0.2;0.7;8.7;
ORG;2014;840000376;;;;;840000038;1;;;;1;;13;;;;;;;;;;;;;;;;;;;;;;;C;;;;;;A;B;C;;;;0.1;0;0;0.1
ORG;2014;840000392;;1;;;840000046;1;;2;1;1;;;;C;;;;;;;;;;;;;;;A;;;D;;;C;;;;;;;;;;;;;0.1;0.2;0.2
ORG;2014;840000418;;;1;;840004659;;;;1;1;;;;;;;D;;;;;;;;;;;;;;;D;;;C;;;;;;;;;;;;;;;
ORG;2014;840000426;;;1;;840000061;1;;1;;;;11;2;;;;B;;;;;;C;D;A;;;;A;;;;;;;;;;;;C;A;;G;;;0;0;0;0
ORG;2014;840000434;;;6;;840000079;1;;;;;;5;3;;;;B;A;;;;;H;;;;;;;;;;;;;;;;;;G;A;;;;;0.01;0.2;1.31;0.2
ORG;2014;840000483;;;1;;840000087;1;;;1;4;;;;;;;D;;;;;;A;;;;;;;;;D;;;C;A;;;;;;;;;;;2;3.4;11;4
ORG;2014;840000491;;;3;;130041916;1;;;1;1;;450;;;;;A;E;B;;;;C;A;H;;;;;;;C;;;C;;;;;;C;A;D;;;;0.4;0.6;;
ORG;2014;840000525;;;;;840000111;1;;;;4;;54;;;;;;;;;;;C;;;;;;;;;;;;A;C;;;;;A;C;;;;;1.35;2.4;7.95;0.6
ORG;2014;840000541;;;1;;840000137;;;2;;;;;;;;;D;;;;;;;;;;;;B;A;E;;;;;;;;;;;;;;;;;;;
ORG;2014;840001861;;;1;;840006597;1;;2;;1;;239;;;;;C;;;;;;H;;;;;;E;A;;;;;C;;;;;;C;;;;;;5;8.85;25.2;3.2
ORG;2014;840013312;;;;;840003685;;;;;;;19;3;;;;;;;;;;;;;;;;;;;;;;;;;;;;C;G;;C;G;;0.1;0;0;0
ORG;2014;840014088;;1;;;920000395;;;;;;;;;C;;;;;;;;;;;;;;;;;;;;;;;;;;;;;;;;;;;;
ORG;2014;840019079;;1;;;840019053;;;;;;;;;C;;;;;;;;;;;;;;;;;;;;;;;;;;;;;;;;;0;;;
ORG;2014;850000118;;;2;;850013244;;;;1;;;;;;;;C;D;;;;;;;;;;;;;;B;;;;;;;;;;;;;;;0.25;;;7.8
ORG;2014;850000134;;;3;;850013269;;;;1;;;;;;;;D;D;A;;;;;;;;;;;;;B;;;;;;;;;;;;;;;0.25;0.5;4.14;4
ORG;2014;850000142;;;1;;850000019;1;1;;;;;200;;;;;C;;;;;;H;;;A;;;;;;;;;;;;;;;;;;;;;1;1.32;1.23;0.65
ORG;2014;850000175;;;1;;850009010;1;;;;;;50;;;;;A;B;;;;;C;;;;;;;;;;;;;;;;;;A;B;C;;;;0.2;1.41;2.71;0.45
ORG;2014;850000209;;;;;850000019;1;1;;;;21;;;;;;;;;;;;;;;A;;;;;;;;;;;;;;;;;;;;;;;;
ORG;2014;850000225;;;;;850000019;1;1;;;;13;;;;;;;;;;;;;;;A;;;;;;;;;;;;;;;;;;;;;;;;
ORG;2014;850000241;;0;3;;850000084;1;;;1;;;;;;;;A;C;C;;;;A;;;;;;;;;D;;;;;;;;;;;;;;;;;;
ORG;2014;850000258;;;1;;850000092;1;1;;;;;83;;;;;;;;;;;;;;A;;;;;;;;;;;;;;;C;A;;;;;0.1;;;
ORG;2014;850000357;;;;;440041895;;;;2;;;;;;;;;;;;;;;;;;;;;;;A;B;;;;;;;;;;;;;;0;0;0;0
ORG;2014;850000647;;;;;850011453;1;;;1;;;98;1;;;;;;;;;;;;;;;;;;;D;;;;;;;;;A;C;;;;;0.1;0;0;0.4
ORG;2014;850002395;;;;;850013244;;;;;;;;;;;;;;;;;;;;;;;;;;;B;;;;;;;;;;;;;;;;;;
ORG;2014;850009333;;;1;;440002590;;;;1;;;;;;;;;;;;;;;;;;;;;;;B;;;;;;;;;;;;;;;;;;
ORG;2014;850009630;;;;2;850000035;1;;;;;;2;;;;;;;;D;;;C;;;;;;;;;;;;;;;;;;C;;;;;;;;;
ORG;2014;850009762;;;1;;440002590;;;;1;;;;;;;;;;;;;;;;;;;;;;;B;;;;;;;;;;;;;;;;;;
ORG;2014;850011271;;;1;;440002590;;;;1;;;;;;;;;;;;;;;;;;;;;;;B;;;;;;;;;;;;;;;;;;
ORG;2014;850021866;;;;;850000092;;;;;;;71;;;;;;;;;;;;;;;;;;;;;;;;;;;;;C;;;;;;;;;
ORG;2014;850022013;;;;1;850000100;;;;;;;1;;;;;;;;A;B;C;;;;;;;;;;;;;;;;;;;C;;;;;;;;;
ORG;2014;850022047;;;1;;440002590;;;;1;;;;;;;;;;;;;;;;;;;;;;;B;;;;;;;;;;;;;;;;;;
ORG;2014;850023151;;;1;;440002590;;;;1;;;;;;;;;;;;;;;;;;;;;;;B;;;;;;;;;;;;;;;;;;
ORG;2014;850025156;;;1;;440002590;;;;1;;;;;;;;;;;;;;;;;;;;;;;B;;;;;;;;;;;;;;;;;;
ORG;2014;860000017;;3;;1;860780048;;;1;;;;;;A;C;;;;;B;;;;;;;;;B;;;;;;;;;;;;C;;;;;;;;;
ORG;2014;860000025;;;2;;860013382;;1;;;2;;;;;;;D;C;;;;;;;;B;;;;;;;;;C;;;;;;;;;;;;0.4;0;6.88;5.56
ORG;2014;860000033;;;;;860013382;;1;;1;2;;;;;;;;;;;;;;;;B;;;;;;D;;;C;;;;;;;;;;;;0;0;0;0
ORG;2014;860000058;;;;;860780097;;1;;;3;;117;;;;;;;;;;;;;;B;;;;;;;;;C;;;;;;C;D;A;;;;;;;
ORG;2014;860000223;;;5;;860013077;;;2;2;7;;122;;;;;C;B;A;;;;;;;;;;B;;;C;;;C;E;;;;;C;A;B;;;;3.7;31.9;4.9;3.8
ORG;2014;860005768;;;;;860000348;;;;1;;;1;;;;;;;;;;;;;;;;;;;;;;;;;;;;;;;;;;;;;;
ORG;2014;860011410;;1;;;860012913;;;;;;;;;;;;;;;;;;;;;;;;;;;;;;;;;;;;;;;;;;0;0;0;0
ORG;2014;860782598;;;;;860000348;;;;1;;;1;;;;;;;;;;;;;;;;;;;;;;;;;;;;;;;;;;;;;;
ORG;2014;860791268;;0;1;0;310021365;;;;;;;;;;;;;;;;;;;;;;;;;;;;;;;;;;;;;;;;;;;;;
ORG;2014;870000064;;;3;;870000015;;;1;;3;;69;;;;;G;;;;;;;;;;;;A;;;;;;C;D;;;;;C;H;;;;;0.2;7.36;17;5
ORG;2014;870000098;;;;;870000023;1;1;;1;1;;113;;;;;;;;;;;A;;;B;;;;;;D;;;D;;;;;;C;G;A;;;;;;;
ORG;2014;870000171;;1;1;;870015336;1;;1;;;;12;;A;C;;B;A;;;;;A;C;;;;;B;;;;;;;;;;;;C;G;;;;;0.05;0.01;0.02;0.02
ORG;2014;870000221;;;1;;870000973;;;;;;;;;;;;;;;;;;;;;;;;;;;;;;;;;;;;;;;;;;;;;
ORG;2014;870000270;;0;1;0;870000031;1;1;1;1;1;0;1;0;;;;B;;;;;;A;B;;B;;;A;;;D;;;D;;;;;;A;;;;;;0.2;;;
ORG;2014;870000288;;;1;;870017415;;;;;;;;;;;;D;;;;;;;;;;;;;;;;;;;;;;;;;;;;;;0.1;0.5;;15.11
ORG;2014;870000411;;;1;;870017415;;;;;;;;;;;;D;;;;;;;;;;;;;;;;;;;;;;;;;;;;;;;;;
ORG;2014;870000601;;;1;;870014248;1;;;;;;;;;;;C;B;A;;;;C;B;A;;;;;;;;;;;;;;;;;;;;;;0;0;0;0
ORG;2014;870002060;;;1;;870017415;;;;;;;;;;;;D;;;;;;;;;;;;;;;;;;;;;;;;;;;;;;;;;
ORG;2014;870006137;;;1;;870002466;;1;1;;;;;;;;;C;A;;;;;;;;B;;;B;;;;;;;;;;;;;;;;;;0.5;2.8;3;0.9
ORG;2014;870016631;;;1;;870016722;;;;;;;2;;;;;C;;;;;;;;;;;;;;;;;;;;;;;;C;D;;;;;0;;;
ORG;2014;880000021;;;2;;880007059;;;;;;;;;;;;C;D;;;;;;;;;;;;;;;;;;;;;;;;;;;;;13.23;;12.59;0.64
ORG;2014;880000054;;;5;;880007299;;1;1;;;;343;47;;;;C;D;A;;;;;;;A;;;C;;;;;;;;;;;;C;D;A;;;;;;;
ORG;2014;880000062;;;2;;880780093;1;1;;;;;;;;;;;;;;;;;;;;;;;;;;;;;;;;;;;;;;;;;3.41;10.68;0
ORG;2014;880000070;;;5;;880007299;;1;1;;;;343;47;;;;C;D;A;;;;;;;A;;;C;;;;;;;;;;;;C;D;A;;;;;;;
ORG;2014;880000088;;;1;;880780119;;;;;;;;;;;;C;;;;;;;;;;;;;;;;;;;;;;;;;;;;;;0.35;;;
ORG;2014;880000104;;;;;880780259;;1;;;;;1;;;;;;;;;;;;;;A;;;;;;;;;;;;;;;;B;;;;;;;;
ORG;2014;880000112;;;1;;880780267;;1;;;;;14;;;;;B;;;;;;;;;;;;;;;;;;;;;;;;A;C;;;;;0;;;1
ORG;2014;880000153;;;;;880780309;;1;;;;;10;;;;;;;;;;;;;;A;;;;;;;;;;;;;;;A;B;C;;;;0;0;0;0
ORG;2014;880000187;;;;;880780333;;;;;;;2;;;;;;;;;;;;;;;;;;;;;;;;;;;;;D;B;;;;;;;;
ORG;2014;880000195;;;;;880780341;;1;;;;;;;;;;;;;;;;;;;A;E;;;;;;;;;;;;;;;;;;;;;;;
ORG;2014;880000203;;;;;880780358;;1;;;;;;;;;;;;;;;;;;;;;;;;;;;;;;;;;;;;;;;;;;;
ORG;2014;880000211;;;1;;880780366;;;;;;;;;;;;A;;;;;;;;;;;;;;;;;;;;;;;;;;;;;;;;;
ORG;2014;880001730;;;;;540001112;;;;;;;1;;;;;;;;;;;;;;;;;;;;;;;;;;;;;A;;;;;;;;;
ORG;2014;880001789;;;;;880001409;;;;;;;10;;;;;;;;;;;;;;;;;;;;;;;;;;;;;C;;;;;;;0.5;0.4;
ORG;2014;880006606;;;;;750047367;;;;;;1;;;;;;;;;;;;;;;;;;;;;;;;;;;C;;;;;;;;;;;;
ORG;2014;880006721;;;;;750047367;;;;;;;1;;;;;;;;;;;;;;;;;;;;;;;;;;;;;C;;;;;;;;;
ORG;2014;880780507;;;;1;880000237;;1;;;;;3;;;;;;;;A;;;;;;A;;;;;;;;;;;;;;;C;;;;;;0.05;0;0;0
ORG;2014;880785019;;;;;540001112;;;;;;;2;;;;;;;;;;;;;;;;;;;;;;;;;;;;;A;C;;;;;;;;
ORG;2014;880785548;;;;;540001112;;;;;;;1;;;;;;;;;;;;;;;;;;;;;;;;;;;;;A;;;;;;;;;
ORG;2014;890000250;;;1;;750721334;;1;;1;;4;8;3;;;;A;B;G;;;;;;;A;C;D;;;;C;A;G;;;;C;;;C;A;D;;;;0;;;
ORG;2014;890000292;;;1;;890006315;;;;;;;;;;;;B;;;;;;;;;;;;;;;;;;;;;;;;;;;;;;0;0;0;0
ORG;2014;890000300;;;;;890000193;;;;;;;1;;;;;;;;;;;;;;;;;;;;;;;;;;;;;C;;;;;;;;;
ORG;2014;890000326;;;;;890008105;;;;;;;2;;;;;;;;;;;;;;;;;;;;;;;;;;;;;;;;;;;0;0;0;0
ORG;2014;890003130;;;;;670005834;;;;;;;1;;;;;;;;;;;;;;;;;;;;;;;;;;;;;C;;;;;;;0.5;5.65;2
ORG;2014;890008295;;;;;670005834;;;;;;;1;;;;;;;;;;;;;;;;;;;;;;;;;;;;;C;;;;;;;0.3;0;
ORG;2014;890972862;;;;;670005834;;;;;;;1;;;;;;;;;;;;;;;;;;;;;;;;;;;;;C;;;;;;;0.3;1;
ORG;2014;890973431;;;;;670005834;;;;;;;1;;;;;;;;;;;;;;;;;;;;;;;;;;;;;C;;;;;;;0.5;5.65;2
ORG;2014;890975501;;;;;890000466;1;1;;;;;;;;;;;;;;;;C;;;D;;;;;;;;;;;;;;;;;;;;;0;0;0;0
ORG;2014;890975519;;;;;890000052;;2;;;;;;;;;;;;;;;;;;;A;;;;;;;;;;;;;;;;;;;;;;;;
ORG;2014;890975535;;1;;;890000409;;;1;;1;;2;;A;B;;;;;;;;;;;;;;D;;;;;;C;;;;;;D;;;;;;;0.2;;0.4
ORG;2014;890975543;;;;;890000417;1;1;;;;;;;;;;;;;;;;;;;;;;;;;;;;;;;;;;;;;;;;0.57;2.82;9.55;6.15
ORG;2014;890975550;;;1;;890970569;;1;;1;;;200;;;;;B;;;;;;;;;A;;;;;;D;;;;;;;;;C;;;;;;1;3.18;1;0
ORG;2014;890975568;;;1;;890000433;1;;;;;;4;;;;;C;;;;;;C;;;;;;;;;;;;;;;;;;C;G;;;;;;;;
ORG;2014;900000035;;;;;900003880;;;;;;;2;;;;;;;;;;;;;;;;;;;;;;;;;;;;;C;;;;;;;;;
ORG;2014;900000167;;;;;900000365;;;;;;;;;;;;;;;;;;;;;;;;;;;;;;;;;;;;;;;;;;;2.12;;
ORG;2014;900000647;;;;1;900004698;;;;;;;;;;;;;;;;;;;;;;;;;;;;;;;;;;;;;;;;;;;;;
ORG;2014;900001728;;;;;670005834;;;;;;;1;;;;;;;;;;;;;;;;;;;;;;;;;;;;;C;;;;;;;1;3.6;
ORG;2014;900002429;;;;;700004096;;;;;;;40;;;;;;;;;;;;;;;;;;;;;;;;;;;;;C;A;;;;;;;;
ORG;2014;910000272;;;;;910110014;;;;;;;1;;;;;;;;;;;;;;;;;;;;;;;;;;;;;C;;;;;;0.1;2;;
ORG;2014;910000298;;;1;;910110055;;;;;;;100;;;;;A;D;;;;;;;;;;;;;;;;;;;;;;;C;D;;;;;0.12;2.83;5.68;28.15
ORG;2014;910000306;;;1;;910110063;;;;;;;;;;;;A;;;;;;;;;;;;;;;;;;;;;;;;;;;;;;;4.1;101.12;33.27
ORG;2014;910005057;;;;;910000660;;;;;;;2;;;;;;;;;;;;;;;;;;;;;;;;;;;;;C;;;;;;;;;
ORG;2014;910009349;;;;;940000060;;;;;;;2;3;;;;;;;;;;;;;;;;;;;;;;;;;;;;C;;;B;A;;;;;
ORG;2014;910018423;;;1;;910019454;;;;;;;;;;;;A;;;;;;;;;;;;;;;;;;;;;;;;;;;;;;;;;
ORG;2014;910020254;;10;2;;910002773;53;3;;;1;;77;;A;;C;;B;;;;;;;C;A;B;;;;;;;;;B;;;;;C;A;B;;;;;8.9;;
ORG;2014;910100015;;;;;750712184;;;;;;;15;;;;;;;;;;;;;;;;;;;;;;;;;;;;;G;C;;;;;0;0.5;;1
ORG;2014;910100023;;;;;750712184;;;;;;;29;;;;;;;;;;;;;;;;;;;;;;;;;;;;;;;;;;;;0;0;
ORG;2014;910140037;;;;;750720914;;;;;;;2;;;;;;;;;;;;;;;;;;;;;;;;;;;;;A;C;;;;;0;0;0;0
ORG;2014;910150069;;;;;910000033;;;;;;;50;;;;;;;;;;;;;;;;;;;;;;;;;;;;;C;;;;;;0.2;0.4;0.86;0.2
ORG;2014;910300011;;0;0;0;910000348;;1;;;;;12;;;;;;;;;;;;;;;;;;;;;;;;;;;;;;;;;;;;;;
ORG;2014;910300219;;;1;;910003888;;;;1;;;;;;;;E;;;;;;;;;;;;;;;A;;;;;;;;;;;;;;;0;;;
ORG;2014;910310010;;;;;750052326;;;;;;;;;A;A;;A;A;A;A;A;A;A;;A;;;;;;;;;;;;;;;;;;;;;;;;;
ORG;2014;910811322;;2;0;0;830013678;0;;;;;;7;1;G;A;;;;;;;;;;;;;;;;;;;;;;;;;;C;;;;;;0.1;;;0.03
ORG;2014;910811959;;;;;280000852;;;;;;;2;;;;;;;;;;;;;;;;;;;;;;;;;;;;;;;;;;;0;0;0;0
ORG;2014;910813963;;;;;940000060;;;;;;;3;3;;;;;;;;;;;;;;;;;;;;;;;;;;;;C;A;;B;;;;;;
ORG;2014;920000460;;;;;750813321;;1;;1;;;;;;;;;;;;;;;;;D;;;;;;D;;;;;;;;;;;;;;;;;;
ORG;2014;920000619;;;;;920009909;;1;;;;;;;;;;;;;;;;;;;D;;;;;;;;;;;;;;;;;;;;;;;;
ORG;2014;920000650;;1;;;920150059;;;;;;;;;D;;;;;;;;;;;;;;;;;;;;;;;;;;;;;;;;;0;0.35;;0.25
ORG;2014;920000684;;;;;920150091;;;;1;1;;55;;;;;;;;;;;;;;;;;;;;D;;;A;;;;;;C;D;E;;;;0.5;;1;
ORG;2014;920001096;;;;;920001096;;;;;;;4;;;;;;;;;;;;;;;;;;;;;;;;;;;;;;;;;;;0;0;0;0
ORG;2014;920001369;;;;;920710654;;;;;;;2;;;;;;;;;;;;;;;;;;;;;;;;;;;;;C;;;;;;;;;
ORG;2014;920002177;;;1;;920804465;;;;;;;;;;;;A;;;;;;;;;;;;;;;;;;;;;;;;;;;;;;;;;
ORG;2014;920003811;;;;;940000060;;;;;;;3;3;;;;;;;;;;;;;;;;;;;;;;;;;;;;C;;;B;A;;;;;
ORG;2014;920014099;;;;;750043994;;;;;;;;;A;A;A;A;A;A;A;A;A;A;A;A;;;;;;;;;;;;;;;;;;;;;;;;;
ORG;2014;920016698;;0;0;0;930019484;0;0;0;0;0;0;2;0;;;;;;;;;;;;;;;;;;;;;;;;;;;;;;;;;;0;0;0;0
ORG;2014;920022704;;;;;920025012;;;;;;;1;;;;;;;;;;;;;;;;;;;;;;;;;;;;;C;;;;;;;;;
ORG;2014;920024205;;0;0;0;920808037;0;0;0;0;0;0;2;0;;;;;;;;;;;;;;;;;;;;;;;;;;;;C;C;;;;;0;0;0;0
ORG;2014;920028917;;;1;;920024197;;;;;;;;;;;;G;E;;;;;;;;;;;;;;;;;;;;;;;;;;;;;;0;0;0
ORG;2014;920100013;;;;;750712184;;;;;;;60;;;;;;;;;;;;;;;;;;;;;;;;;;;;;;;;;;;1;;;
ORG;2014;920120011;;;;;750821092;;;;;;;155;;;;;;;;;;;;;;;;;;;;;;;;;;;;;C;E;A;;;;0.5;;;
ORG;2014;920300266;;;;;920000940;;;;;;19;11;;;;;;;;;;;;;;;;;;;;;;;;;;D;C;;G;A;;;;;0.05;;;
ORG;2014;920300423;;1;;;750043994;;;;;;;;;;;;;;;;;;;;;;;;;;;;;;;;;;;;;;;;;;;;;
ORG;2014;920300480;;;;;920000924;;;;1;;;;;;;;;;;;;;;;;;;;;;;A;B;;;;;;;;;;;;;;0;0;0;0
ORG;2014;920300597;;;;;920000940;;;;;;19;11;;;;;;;;;;;;;;;;;;;;;;;;;;D;C;;G;A;;;;;0.05;;;0.9
ORG;2014;920300787;;;1;;920000981;;;;;;;;;;;;E;A;G;;;;;;;;;;;;;;;;;;;;;;;;;;;;;;;
ORG;2014;920300886;;1;;;750043994;;;;;;;;;;;;;;;;;;;;;;;;;;;;;;;;;;;;;;;;;;;;;
ORG;2014;920310034;;;;;920001088;;;;1;;;3;;;;;;;;;;;;;;;;;;;;A;B;;;;;;;;D;;;;;;;;;
ORG;2014;920690278;;1;;0;920718202;0;0;0;0;0;9;9;1;;;;;;;;;;;;;;;;;;;;;;;;;;;;;;;;;;0;0;0;0
ORG;2014;920811775;;;;;940000060;;;;;;;4;3;;;;;;;;;;;;;;;;;;;;;;;;;;;;C;;;B;A;;;;;
ORG;2014;930000286;;;;;930021480;;1;;1;;;;;;;;;;;;;;;;;A;;;;;;D;;;;;;;;;;;;;;;;;;
ORG;2014;930000302;;;;;930110036;;;;2;1;;16;;;;;;;;;;;;;;;;;;;;D;;;G;;;;;;C;B;;;;;1;;;
ORG;2014;930000328;;;2;;930110051;1;;;1;;;2;;;;;A;D;;;;;B;;;;;;;;;D;;;;;;;;;D;;;;;;;;;
ORG;2014;930000344;;;0;;930140025;;1;;;;;119;;;;;;;;;;;;;;A;;;;;;;;;;;;;;;C;;;;;;0.5;0;0;0
ORG;2014;930001433;;;2;;930110051;1;;;;;;2;;;;;A;D;;;;;B;;;;;;;;;;;;;;;;;;D;;;;;;;;;
ORG;2014;930003355;;;;;930003330;;;;;;;4;;;;;;;;;;;;;;;;;;;;;;;;;;;;;C;D;;;;;;;;
ORG;2014;930003942;;;;;940000060;;;;;;;4;3;;;;;;;;;;;;;;;;;;;;;;;;;;;;C;;;B;A;;;;;
ORG;2014;930004288;;0;0;0;750720922;0;0;0;1;0;0;4;;;;;;;;;;;;;;;;;;;;;;;;;;;;;C;D;;;;;0;0;0;0
ORG;2014;930018460;;;;;940000060;;;;;;;4;3;;;;;;;;;;;;;;;;;;;;;;;;;;;;C;;;B;A;;;;;
ORG;2014;930020920;;;;;750043408;;;;;;;;1;;;;;;;;;;;;;;;;;;;;;;;;;;;;;;;;;;;;;
ORG;2014;930022603;;;;;940000060;;;;;;;5;3;;;;;;;;;;;;;;;;;;;;;;;;;;;;C;;;B;A;;;;;
ORG;2014;930150032;;;;;930000815;;;;;;;1;3;;;;;;;;;;;;;;;;;;;;;;;;;;;;;;;;;;0;0;0;0
ORG;2014;930300595;;;;;930000658;;;;1;;;36;;;;;;;;;;;;;;;;;;;;D;;;;;;;;;C;C;C;;;;0.1;;;1
ORG;2014;930300686;;;;;930008099;;;;;;;12;;;;;;;;;;;;;;;;;;;;;;;;;;;;;D;;;;;;;;;
ORG;2014;930706239;;;2;;930110051;1;;;1;;;2;;;;;A;D;;;;;B;;;;;;;;;D;;;;;;;;;D;;;;;;;;;
ORG;2014;930815501;;0;0;0;750034308;0;0;0;0;0;0;9;0;;;;;;;;;;;;;;;;;;;;;;;;;;;;C;C;C;;;;;0;0;0
ORG;2014;940000078;;;;;940000060;;;;;;;3;3;;;;;;;;;;;;;;;;;;;;;;;;;C;;;;;;B;A;;;;;
ORG;2014;940000573;;;;;940110018;;;;1;;;;;;;;;;;;;;;;;;;;;;;D;;;;;;;;;;;;;;;;;;
ORG;2014;940000607;;;1;;940140015;;1;1;;;;2;1;;;;B;A;C;;;;;;;B;;;B;;;;;;;;;;;;C;;;C;;;;;;
ORG;2014;940000615;;;;;940140023;;1;;;;;1;;;;;;;;;;;;;;A;;;;;;;;;;;;;;;D;;;;;;;;;
ORG;2014;940000631;;;1;;940140049;;;;;;;;;;;;;;;;;;;;;;;;;;;;;;;;;;;;;;;;;;;;;
ORG;2014;940019375;;;;;940000060;;;;;;;3;3;;;;;;;;;;;;;;;;;;;;;;;;;;;;C;;;B;A;;;;;
ORG;2014;940100027;;;1;;750712184;;;1;;1;;155;;;;;C;;;;;;;;;;;;;;;;;;C;;;;;;;;;;;;0.2;2;;
ORG;2014;940100050;;;;;750712184;;;;;;;16;;;;;;;;;;;;;;;;;;;;;;;;;;;;;;;;;;;1;;;
ORG;2014;940100068;;0;0;0;750712184;0;0;0;0;0;;240;;;;;;;;;;;;;;;;;;;;;;;;;;;;;;;;;;;1;;;
ORG;2014;940300494;;10;;;940000896;;;;1;;;;;C;;;;;;;;;;;;;;;;;;D;;;;;;;;;;;;;;;;;;
ORG;2014;940310022;;1;;;940022163;;;;;;;;;B;;;;;;;;;;;;;;;;;;;;;;;;;;;;;;;;;0;0;0;0
ORG;2014;940700032;;0;0;1;940001027;0;0;0;0;0;0;;;;;;;;;C;;;;;;;;;;;;;;;;;;;;;;;;;;;0;0;0;0
ORG;2014;940813017;;;;;940000060;;;;;;;4;3;;;;;;;;;;;;;;;;;;;;;;;;;;;;C;;;B;A;;;;;
ORG;2014;940814460;;;;;940000060;;;;;;;2;3;;;;;;;;;;;;;;;;;;;;;;;;;;;;C;;;B;A;;;;;
ORG;2014;950000307;;;1;;950110015;;;;;4;;10;;;;;A;D;;;;;;;;;;;;;;;;;C;;;;;;D;C;;;;;;;;
ORG;2014;950000315;;;2;;950001370;1;;;1;;;;;;;;D;C;;;;;H;;;;;;;;;D;;;;;;;;;;;;;;;;;;
ORG;2014;950000323;;;1;;950013870;;;1;;5;;350;;;;;B;;;;;;;;;;;;A;;;;;;C;;;;;;C;A;D;;;;1;4;0.1;
ORG;2014;950000331;;;1;;950110049;;;1;;;;;;;;;C;;;;;;;;;;;;A;;;;;;;;;;;;;;;;;;;;;
ORG;2014;950000349;;;;;950015289;1;;;;;;;;;;;;;;;;;C;H;;;;;;;;;;;;;;;;;;;;;;;0;1.56;0;0
ORG;2014;950000364;;;2;;950110080;1;;;;;;;;;;;D;C;;;;;H;C;D;;;;;;;;;;;;;;;;;;;;;;;;;
ORG;2014;950000703;;;;;950500041;;;1;;;;;;;;;;;;;;;;;;;;;;;;;;;;;;;;;;;;;;;;;;
ORG;2014;950002568;;2;2;1;750043994;2;;;;;;;;A;A;A;A;A;A;A;A;A;A;A;A;;;;;;;;;;;;;;;;;;;;;;;;;
ORG;2014;950002709;;;;;950015438;;;;1;;;;;;;;;;;;;;;;;;;;;;;C;;;;;;;;;;;;;;;0;0;0;0
ORG;2014;950016139;;;;;950015289;1;;;;;;;;;;;;;;;;;C;H;;;;;;;;;;;;;;;;;;;;;;;0;0.5;;
ORG;2014;950300137;;;;;950000471;;;;;;;4;;;;;;;;;;;;;;;;;;;;;;;;;;;;;C;;;;;;0;0;0;0
ORG;2014;950300194;;;;;950000513;;;;;;;;;;;;;A;A;;;;;;;;;;;;;;;;;;;;;;;;;;;;;;;
ORG;2014;950300244;;0;0;0;950000539;0;0;0;1;0;0;37;4;;;;;;;;;;;;;;;;;;;A;;;;;;;;;C;;;A;;;0;0;0;0
ORG;2014;950300277;;;;;950000547;;;;;;;17;;;;;;;;;;;;;;;;;;;;;;;;;;;;;C;D;G;;;;;;;
ORG;2014;950300301;;;;;950000562;;;;;;;12;;;;;;;;;;;;;;;;;;;;;;;;;;;;;C;;;;;;0;;;
ORG;2014;950300350;;;;;950015438;;;;1;;;;;;;;;;;;;;;;;;;;;;;;;;;;;;;;;;;;;;0;0;0;0
ORG;2014;950420042;;;;;750043994;;;;;;;17;;;;;;;;;;;;;;;;;;;;;;;;;;;;;;;;;;;;;;
ORG;2014;950500017;;;;;950015289;1;;;;;;;;;;;;;;;;;C;H;;;;;;;;;;;;;;;;;;;;;;;0;0.4;0;0
ORG;2014;950630012;;;;;750721334;;;;;;;8;;;;;;;;;;;;;;;;;;;;;;;;;;;;;C;D;;;;;;;;
ORG;2014;950700021;;1;;;950000760;;;;;;;;;;;;;;;;;;;;;;;;;;;;;;;;;;;;;;;;;;;;;
ORG;2014;950807982;;;;;950001636;;;;1;;;;;;;;;;;;;;;;;;;;;;;;;;;;;;;;;;;;;;0.1;;;
ORG;2014;970100129;;;;;970100350;;;;;;;8;;;;;;;;;;;;;;;;;;;;;;;;;;;;;;;;;;;;;;
ORG;2014;970100137;;1;;;970100368;;;;;;;12;;C;;;;;;;;;;;;;;;;;;;;;;;;;;;C;;;;;;0.3;;0.2;0.2
ORG;2014;970100400;;;1;;970100186;1;;1;;;;;2;;;;B;;;;;;C;;;;;;B;;;;;;;;;;;;;;;B;B;;0;0;0;0
ORG;2014;970100426;;1;;1;970100202;;;;;;;6;;;;;;;;;;;;;;;;;;;;;;;;;;;;;;;;;;;0.1;0.5;;
ORG;2014;970100459;;;2;;970100244;;;;;;;1;;;;;;;;;;;;;;;;;;;;;;;;;;;;;;;;;;;0;0;0;0
ORG;2014;970100475;;;1;;970100277;;;;;;;;;;;;;;;;;;;;;;;;;;;;;;;;;;;;;;;;;;;;;
ORG;2014;970102596;;;;;970100491;;;;;;;8;;;;;;;;;;;;;;;;;;;;;;;;;;;;;C;;;;;;;;;
ORG;2014;970111217;;;;;970111209;;;;;;;3;;;;;;;;;;;;;;;;;;;;;;;;;;;;;C;D;D;;;;0.3;;;
ORG;2014;970111365;;;;;970111969;;;;1;;;3;;;;;;;;;;;;;;;;;;;;;;;;;;;;;;;;;;;;;;
ORG;2014;970111563;;;;;970100491;;;;;;;7;;;;;;;;;;;;;;;;;;;;;;;;;;;;;C;;;;;;;;;
ORG;2014;970200036;;;1;;970202156;;;;;;;;;;;;B;;;;;;;;;;;;;;;;;;;;;;;;;;;;;;;;;
ORG;2014;970200069;;1;;;970202180;;1;;;;;1;;B;;;;;;;;;;;;F;;;;;;;;;;;;;;;C;;;;;;0;0;0;0
ORG;2014;970200077;;1;;;970202198;;;;;;;;;C;;;;;;;;;;;;;;;;;;;;;;;;;;;;;;;;;0;0;0;0
ORG;2014;970202313;;;2;;970200168;;;;;;;4;;;;;B;A;;;;;;;;;;;;;;;;;;;;;;;G;;;;;;0.2;0;;
ORG;2014;970202321;;;2;;970210423;;;;1;;;;;;;;B;C;;;;;;;;;;;;;;C;;;;;;;;;;;;;;;0;;;0.5
ORG;2014;970203493;;;;;970200457;;;;;;;1;;;;;;;;;;;;;;;;;;;;;;;;;;;;;;;;;;;;;;
ORG;2014;970208104;;;2;;970200168;;;;;;;4;;;;;B;A;;;;;;;;;;;;;;;;;;;;;;;G;;;;;;0.2;0;;
ORG;2014;970209714;;0;0;0;970210225;0;0;0;0;0;0;1;0;;;;;;;;;;;;;;;;;;;;;;;;;;;;A;C;D;;;;0.2;0;0;0
ORG;2014;970210282;;;;;970200457;;;;;;;1;;;;;;;;;;;;;;;;;;;;;;;;;;;;;;;;;;;;;;
ORG;2014;970210290;;;;;970200457;;;;;;;1;;;;;;;;;;;;;;;;;;;;;;;;;;;;;;;;;;;;;;
ORG;2014;970210308;;;;;970200457;;;;;;;1;;;;;;;;;;;;;;;;;;;;;;;;;;;;;;;;;;;;;;
ORG;2014;970210316;;;;;970200457;;;;;;;1;;;;;;;;;;;;;;;;;;;;;;;;;;;;;;;;;;;;;;
ORG;2014;970210324;;;;;970200457;;;;;;;1;;;;;;;;;;;;;;;;;;;;;;;;;;;;;;;;;;;;;;
ORG;2014;970211165;;;1;;970211157;;;;;;;;;;;;B;;;;;;;;;;;;;;;;;;;;;;;;;;;;;;1;0;0;0
ORG;2014;970211173;;;1;;970211157;;;;;;;;;;;;B;;;;;;;;;;;;;;;;;;;;;;;;;;;;;;1;0;0;0
ORG;2014;970300026;;;1;;970302022;;;;;;;;;;;;;;;;;;;;;;;;;;;;;;;;;;;;;;;;;;;;;
ORG;2014;970300083;;;1;;970302121;;;;;;;62;;;;;B;;;;;;;;;;;;;;;;;;;;;;;;C;;;;;;1;;;
ORG;2014;970300265;;;2;;750721334;;;;;;;;;;;;B;G;;;;;;;;;;;;;;;;;;;;;;;;;;;;;0;0;0;0
ORG;2014;970302055;;1;;;970303285;;;;;;;;;B;;;;;;;;;;;;;;;;;;;;;;;;;;;;;;;;;0;0;0;0
ORG;2014;970303608;;;0;;970303590;;;;;;;2;;;;;;;;;;;;;;;;;;;;;;;;;;;;;C;;;;;;;;;
ORG;2014;970303640;;;;1;970303590;;;;1;;1;6;;;;;;;;B;;;;;;;;;;;;A;;;;;;;;;;;;;;;;;;
ORG;2014;970303657;;;;;970303590;;;;;;;;4;;;;;;;;;;;;;;;;;;;;;;;;;;;;;;;;;;0;0;;
ORG;2014;970304614;;;1;;970304739;;;;;;;;;;;;B;C;;;;;;;;;;;;;;;;;;;;;;;;;;;;;1;;;
ORG;2014;970400016;;;2;;970411005;;;;;;;;;;;;;;;;;;;;;;;;;;;;;;;;;;;;;;;;;;1.2;;;
ORG;2014;970400024;;;2;;970408589;;1;1;3;;;;;;;;C;B;;;;;;;;;;;D;E;;B;D;;;;;;;;;;;;;;;;;
ORG;2014;970400065;;;3;;970421038;;;;2;;;;;;;;;;;;;;;;;;;;;;;;;;;;;;;;;;;;;;1;;;8
ORG;2014;970403747;;;;;970463592;;;;;;;1;;;;;;;;;;;;;;;;;;;;;;;;;;;;;;;;;;;0.1;;;
ORG;2014;970404844;;;;;970404836;;;;2;;;;;;;;;;;;;;;;;;;;;;;;;;;;;;;;;;;;;;;;;
ORG;2014;970406245;;;;;970406237;;;;2;;;;;;;;;;;;;;;;;;;;;;;;;;;;;;;;;;;;;;;;;
ORG;2014;970462024;;;;;970400255;;;;2;;;;;;;;;;;;;;;;;;;;;;;;;;;;;;;;;;;;;;;;;
ORG;2014;970462081;;;;;970400255;;;;2;;;;;;;;;;;;;;;;;;;;;;;;;;;;;;;;;;;;;;;;;
ORG;2014;970462107;;;;;970400305;;;;2;;;;;;;;;;;;;;;;;;;;;;;;;;;;;;;;;;;;;;;;;
ORG;2014;970467155;;;;;970467148;;;;;;;;;;;;;;;;;;;;;;;;A;;;;;;;;;;;;;;;;;;;;;
ORG;2014;980500011;;;1;;980500003;;;;1;;;1;;;;;;;;;;;;;;;;;;;;;;;;;;;;;;;;;;;;;;
ORG;2014;980500763;;;;;970407250;;;;1;;;;;;;;;;;;;;;;;;;;;;;;;;;;;;;;;;;;;;;;;
ORG;2014;980500920;;;;;970407250;;;;1;;;;;;;;;;;;;;;;;;;;;;;;;;;;;;;;;;;;;;;;;
