BOR;AN;FI;FI_EJ;AUTOR;LACTA;LIT_OBS;LIT_NEO;LIT_SIN;LIT_REA;SALTRAV;SEJ_OBS;SEJ0_Obs;SEJ_NEO;SEJ0_NEO;SEJ_SIN;SEJ0_SIN;SEJ_REA;SEJ0_REA;JOU_OBS;JOU_NEO;JOU_SIN;JOU_REA;SEJACC;JOUACC;SEJCES;JOUCES;FSUIV;ACCUN;ACCMUDC;ACCMU;ACCUNDC;ENFTR;TRANS3;ENFANTS;CONSGYN;CONSSAG;CONSENTR;SORPREC;MUTHAD;PRIS;IVG;IVGN_1;IVGME;IVG1214;CONV;IMG;AMP;PAT_AMP
PERINAT;2014;010000024;010780054;NIV2;;43;15;6;;5;2728;180;384;36;210;23;0;0;11784;4738;1586;0;2203;10382;400;2942;13;2146;2;57;7;16;;2263;2733;9510;;21;0;1;627;633;457;33;;31;0;0
PERINAT;2014;010000032;010780062;NIV1;;12;;;;2;618;62;0;0;0;0;0;0;2170;0;0;0;469;1945;74;438;0;466;0;3;1;7;7;475;2326;2535;7;5;0;1;117;138;78;8;0;5;0;0
PERINAT;2014;010005239;010008407;NIV1;;21;;;;3;876;82;0;0;0;0;0;0;3229;0;0;0;646;2877;138;828;0;642;0;4;3;7;;650;6990;5771;400;10;0;1;179;189;109;8;;0;0;0
PERINAT;2014;010780203;010006450;NIV1;;15;;;;3;1187;131;0;0;0;0;0;0;4167;0;0;0;904;3797;167;957;0;899;0;5;1;0;;909;;;;13;0;0;0;;0;0;;1;0;0
PERINAT;2014;020000089;020000022;CPPR;;;;;;;;;;;;;;;;;;;;;;;;;;;;;;;602;587;16;;;0;;;;;;;0;
PERINAT;2014;020000162;020000063;NIV2;;38;15;6;0;4;1914;177;489;11;353;12;0;0;8413;5041;2444;0;1317;6966;344;2427;14;1292;1;25;7;7;;1345;19522;28674;0;11;0;1;380;400;216;13;2;20;0;0
PERINAT;2014;020000394;020000253;NIV2;;24;10;4;;3;1476;114;373;20;101;13;0;0;5751;2485;557;0;961;4825;180;1314;2;947;1;14;8;7;;984;6884;8144;234;11;0;1;240;213;187;22;;6;0;0
PERINAT;2014;020000519;020000261;NIV2;;35;12;6;;3;1963;284;338;20;131;11;0;0;7286;2404;695;0;1217;6087;206;1393;1;1200;0;17;6;1;;1234;16028;2139;;10;0;1;348;378;253;30;2;7;0;0
PERINAT;2014;020000535;020000287;NIV1;;16;;;;3;968;48;0;0;0;0;0;0;4603;0;0;0;711;3877;135;1002;0;705;0;6;3;5;0;724;17447;2378;90;5;0;1;259;275;154;17;0;4;0;0
PERINAT;2014;020001061;020004404;NIV2;;17;6;;;3;918;51;232;6;0;0;0;0;4205;1211;0;0;651;3374;129;905;0;645;0;6;1;4;0;662;7952;4962;46;6;0;1;115;113;40;7;1;7;0;0
PERINAT;2014;020001087;020004495;NIV1;;1;;;;;4;3;0;0;0;0;0;0;1;0;0;0;0;0;0;0;0;0;0;0;0;0;;0;;;;0;0;1;14;15;14;0;;0;0;0
PERINAT;2014;020010047;020001632;NIV1;;20;;;;4;1083;112;0;0;0;0;0;0;4061;0;0;0;756;3527;220;1211;0;749;0;7;2;4;;763;;;;1;0;0;0;;0;0;1;2;0;0
PERINAT;2014;030000061;030780092;NIV2;;23;6;;;4;1513;97;196;9;0;0;0;0;6675;1554;0;0;1184;6155;262;1676;4;1175;2;9;4;6;;1193;9697;8632;872;10;0;1;171;219;92;7;0;7;0;0
PERINAT;2014;030000079;030780100;NIV2;;24;6;6;;3;1456;86;242;8;60;4;0;0;5599;2380;376;0;1178;5080;153;884;0;1155;0;23;15;5;;1201;1909;4621;;16;0;1;279;247;171;18;;9;0;0
PERINAT;2014;030000087;030780118;NIV2;;24;6;;;;1506;111;163;10;0;0;0;0;5423;1462;0;0;1168;4907;197;1108;1;1160;0;8;8;4;;1182;17807;5430;;18;2;1;239;245;71;14;1;3;0;0
PERINAT;2014;030780548;030000194;;;;;;;;0;0;0;0;0;0;0;0;0;0;0;0;0;0;0;0;0;0;0;0;0;0;;0;;;;0;0;1;3;11;0;0;;1;0;0
PERINAT;2014;030781116;030000426;;;;;;;;0;0;0;0;0;0;0;0;0;0;0;0;0;0;0;0;0;0;0;0;0;0;;0;;;;0;0;1;23;41;0;4;;4;0;0
PERINAT;2014;040000093;040780215;NIV1;;18;;;;2;1162;98;0;0;0;0;0;0;4537;0;0;0;814;3746;181;1116;0;806;1;8;8;4;;833;5512;5588;;36;0;1;281;330;181;2;;3;0;0
PERINAT;2014;040000135;050002948;CPPR;;;;;;;;;;;;;;;;;;;;;;;;;;;;;;;354;778;;;;0;;;;;;;0;
PERINAT;2014;040000911;040788879;NIV1;;15;;;;2;703;110;0;0;0;0;0;0;2506;0;0;0;401;1999;127;829;0;398;0;3;4;12;5;404;;;15;12;0;1;203;146;115;3;1;1;0;0
PERINAT;2014;050000231;050000116;NIV1;;12;;;;2;487;44;0;0;0;0;0;0;1825;0;0;0;374;1728;66;443;0;372;0;2;4;1;;376;4270;3304;;11;1;1;96;100;69;1;0;1;0;0
PERINAT;2014;050000348;050002948;NIV2;;17;4;0;0;3;1502;93;205;10;0;0;0;0;6409;1366;0;0;1091;5418;219;1655;7;1078;1;13;10;7;0;1104;16612;5088;116;16;0;1;204;243;57;18;8;5;0;0
PERINAT;2014;060000478;060780897;NIV2;;32;9;3;;6;2004;99;207;14;41;3;0;0;8554;1761;312;0;1653;7823;229;1468;0;1622;1;31;7;3;;1686;18441;6694;666;27;0;1;384;406;243;33;13;4;0;0
PERINAT;2014;060000510;060780954;NIV2;;16;4;;;3;1403;127;186;21;0;0;0;0;4678;1306;0;0;1021;4117;174;1029;0;1011;0;10;1;4;4;1034;6591;3100;397;87;0;1;295;311;128;10;6;46;0;0
PERINAT;2014;060000544;060780988;NIV2;;28;6;;;4;2156;172;177;24;0;0;0;0;8709;1251;0;0;1627;7694;334;2089;1;1610;1;17;14;2;;1653;9103;2201;104;12;0;1;432;398;206;35;12;18;0;0
PERINAT;2014;060002102;060791761;CPPR;;0;;;;;6;1;0;0;0;0;0;0;10;0;0;0;1;1;1;1;0;0;0;1;0;0;;2;;;;0;0;1;120;99;95;2;0;0;0;0
PERINAT;2014;060021417;060000221;;;1;;;;;56;53;0;0;0;0;0;0;6;0;0;0;0;0;0;0;0;0;0;0;0;0;;0;;;;0;0;1;109;118;0;5;;2;0;0
PERINAT;2014;060780517;060000239;NIV1;;21;;;;5;1385;139;0;0;0;0;0;0;5061;0;0;0;1091;4735;266;1440;0;1086;0;5;3;16;;1097;;;;37;0;1;322;328;130;6;;17;0;0
PERINAT;2014;060780590;060000270;;;;;;;;16;13;0;0;0;0;0;0;5;0;0;0;0;0;0;0;0;0;0;0;0;0;;0;;;;0;0;1;41;124;0;3;1;0;0;0
PERINAT;2014;060780699;060000346;;;;;;;;0;0;0;0;0;0;0;0;0;0;0;0;0;0;0;0;0;0;0;0;0;0;;0;;;;0;0;1;103;102;15;1;2;11;0;0
PERINAT;2014;060780715;060000361;NIV1;;34;;;;6;2155;154;0;0;0;0;0;0;8502;0;0;0;1758;7843;410;2273;0;1735;0;23;6;32;;1781;;;;17;0;1;0;9;0;0;;15;1;491
PERINAT;2014;060780756;060000403;NIV1;;53;;;;5;2916;314;0;0;0;0;0;0;11909;0;0;0;2363;10919;694;4033;1;2326;1;37;5;26;;2400;;;;52;0;1;182;180;0;1;;18;0;0
PERINAT;2014;060781200;060000635;;;0;;;;;41;38;0;0;0;0;0;0;4;0;0;0;0;0;0;0;0;0;0;0;0;0;;0;;;;0;0;1;123;171;11;7;;9;0;0
PERINAT;2014;060789195;060785011;NIV3;;48;20;9;8;9;3660;171;452;10;157;8;335;7;17690;8075;2294;3757;2917;14703;724;5422;57;2815;4;102;62;2;;3121;;;;67;0;1;1176;1241;445;173;15;43;1;459
PERINAT;2014;070000013;070002878;NIV1;;9;;;;2;379;54;0;0;0;0;0;0;1206;0;0;0;261;1076;40;218;0;261;0;0;0;7;;263;3701;14814;219;9;0;1;81;111;60;1;1;2;0;0
PERINAT;2014;070000096;070780184;CPPR;;;;;;;;;;;;;;;;;;;;;;;;;;;;;;;1115;1367;53;;;0;;;;;;;0;
PERINAT;2014;070000179;070780358;NIV2;;19;4;;;3;1112;109;270;81;0;0;0;0;4079;1437;0;0;753;3515;147;915;5;744;0;9;1;10;;762;4186;4872;80;9;0;1;115;113;54;9;1;2;0;0
PERINAT;2014;070000195;070780374;CPPR;;;;;;;0;0;0;0;0;0;0;0;0;0;0;0;0;0;0;0;0;0;0;0;0;0;;;374;1562;104;0;0;0;0;;0;0;;0;0;0
PERINAT;2014;070000609;070005566;NIV2;;17;4;;;3;1042;93;112;12;0;0;0;0;3727;757;0;0;742;3290;184;1063;0;734;0;8;5;9;;753;9070;2889;;19;0;1;270;282;146;8;;2;0;0
PERINAT;2014;070780424;070000245;NIV1;;26;;;;4;1627;164;0;0;0;0;0;0;6344;0;0;0;1253;5484;317;1887;7;1240;0;13;3;46;;1266;;;;13;22;0;2;;0;0;;1;1;374
PERINAT;2014;080000110;080000037;NIV2;;15;4;;;2;999;85;171;9;0;0;0;0;3750;1016;0;0;694;3249;121;786;0;691;0;3;3;4;;697;5671;2757;41;10;0;1;156;179;114;3;0;0;0;0
PERINAT;2014;080000219;080001969;CPPR;;0;0;0;0;;0;0;0;0;0;0;0;0;0;0;0;0;0;0;0;0;0;0;0;0;0;0;;0;1760;3362;160;0;0;0;0;;0;0;;0;0;0
PERINAT;2014;080000276;080001969;CPPR;;0;;;;0;0;0;0;0;0;0;0;0;0;0;0;0;0;0;0;0;0;0;0;0;0;0;;0;302;329;15;0;0;0;0;;0;0;;0;0;0
PERINAT;2014;080000425;080000615;NIV2;;26;12;6;;6;2351;169;370;28;128;16;0;0;9331;2916;1195;0;1647;7704;293;1967;1;1622;1;25;14;7;;1686;14929;9252;;21;0;1;320;354;163;16;2;2;1;122
PERINAT;2014;090000175;090781774;NIV2;;25;4;;;2;1464;167;227;65;0;0;0;0;6318;1252;0;0;1046;5499;242;1851;2;1032;0;14;7;12;;1061;;3385;79;103;115;1;391;396;261;28;1;22;0;0
PERINAT;2014;090000183;090781816;NIV1;;4;;;;2;304;39;0;0;0;0;0;0;955;0;0;0;217;843;24;132;0;217;0;0;1;1;0;217;2827;573;132;31;2;1;88;46;49;6;3;5;0;0
PERINAT;2014;090001629;090780107;CPPR;;;;;;;;;;;;;;;;;;;;;;;;;;;;;;;0;723;416;;;0;;;;;;;0;
PERINAT;2014;100000082;100001148;;;;;;;;0;0;0;0;0;0;0;0;0;0;0;0;0;0;0;0;0;0;0;0;0;0;;0;;;;0;0;1;31;45;0;1;1;0;0;0
PERINAT;2014;100000090;100000017;NIV3;;47;9;3;6;5;3115;177;470;15;156;9;138;12;12773;4362;1478;1897;2263;10361;506;3454;32;2221;3;42;10;2;31;2325;12429;14425;46;44;0;1;679;646;175;78;0;34;0;0
PERINAT;2014;100000199;100006279;NIV1;;18;;;;3;747;81;0;0;0;0;0;0;2737;0;0;0;537;2359;70;422;0;532;0;5;2;5;;543;3015;5241;0;12;0;1;59;48;21;4;;3;0;0
PERINAT;2014;100002351;100000561;NIV1;;15;;;;2;678;78;0;0;0;0;0;0;2180;0;0;0;436;1836;89;479;0;432;0;4;1;2;0;0;0;0;0;5;0;1;95;120;2;0;0;3;0;0
PERINAT;2014;110000023;110780061;NIV2;;39;6;0;0;5;2462;122;448;19;0;0;0;0;10685;2982;0;0;1740;9030;372;2783;2;1718;1;22;5;8;;1770;10109;4581;109;36;0;1;585;610;295;24;3;4;0;0
PERINAT;2014;110000049;110780087;CPPR;;;;;;;;;;;;;;;;;;;;;;;;;;;;;;;;;;;;0;;;;;;;0;
PERINAT;2014;110000056;110780137;NIV1;;15;;;;4;1201;112;0;0;0;0;0;0;4379;0;0;0;829;3760;164;970;0;820;1;9;3;14;;838;6668;1522;95;30;0;1;510;480;334;47;1;0;0;0
PERINAT;2014;110780228;110000114;NIV1;;18;;;;3;1085;160;0;0;0;0;0;0;3558;0;0;0;642;2696;182;1033;0;632;0;10;5;7;;653;;;;23;0;1;198;204;132;4;;2;0;0
PERINAT;2014;110780483;110000155;;;;;;;;17;13;0;0;0;0;0;0;4;0;0;0;0;0;0;0;0;0;0;0;0;0;;0;;;;0;0;1;59;48;55;0;;0;0;0
PERINAT;2014;120000039;120780044;NIV2;;29;12;2;0;3;1622;94;268;29;39;8;0;0;7689;1999;171;0;1241;6602;208;1733;24;1221;1;20;3;7;;1270;11216;1921;90;13;6;1;307;295;202;17;0;9;0;0
PERINAT;2014;120000054;120780069;NIV1;;12;;;;2;786;99;0;0;0;0;0;0;2950;0;0;0;554;2714;92;595;0;550;0;4;4;9;;559;6054;2721;1;10;0;1;140;113;115;2;;2;0;0
PERINAT;2014;120000070;120780085;NIV1;;15;;;;2;425;54;0;0;0;0;0;0;1565;0;0;0;295;1370;64;385;0;294;0;1;2;4;;296;177;2187;206;5;0;1;66;121;33;2;0;0;0;0
PERINAT;2014;120004569;120004528;NIV1;;12;;;;2;409;34;0;0;0;0;0;0;1490;0;0;0;288;1301;59;370;0;285;0;3;0;10;8;291;3339;3157;8;10;0;1;75;109;59;1;3;0;0;0
PERINAT;2014;120004668;120004619;NIV1;;6;;;;2;353;31;0;0;0;0;0;0;1353;0;0;0;272;1240;43;271;0;271;0;1;2;2;;273;1149;526;243;8;0;1;20;21;11;0;;0;0;0
PERINAT;2014;130000409;130041916;NIV2;;39;12;6;;5;2502;186;517;12;193;8;0;0;11255;5394;2512;0;1900;9315;409;2741;5;1857;0;43;7;5;;1962;12880;39282;;39;0;1;1001;878;467;87;9;15;1;370
PERINAT;2014;130000565;130781446;NIV1;INT;16;;;;3;1199;85;0;0;0;0;0;0;4943;0;0;0;840;4135;185;1122;0;832;1;8;3;11;;848;10634;3570;493;9;1;1;362;340;205;16;;2;0;0
PERINAT;2014;130001225;130782634;NIV2;;20;6;;;3;1829;109;365;28;0;0;0;0;7843;1773;0;0;1292;6605;231;1538;4;1273;1;19;6;11;;1314;;;;16;0;1;301;250;134;26;10;13;0;0
PERINAT;2014;130002215;130785512;NIV1;;20;;;;3;1195;112;0;0;0;0;0;0;4326;0;0;0;914;3782;165;885;0;898;0;16;5;6;;931;8926;;;106;0;1;523;561;390;39;;11;0;0
PERINAT;2014;130002827;130789274;NIV1;;27;;;;3;1507;132;0;0;0;0;0;0;5892;0;0;0;1105;5286;187;1228;0;1099;0;6;4;4;;1115;2194;3385;180;7;0;1;247;286;122;16;6;0;0;0
PERINAT;2014;130002835;130789316;NIV2;;41;10;3;0;5;2631;192;343;15;94;4;0;0;10028;2449;691;0;1956;8687;466;2836;2;1920;0;36;5;4;;1992;14298;8956;570;24;0;1;659;686;335;33;3;0;0;0
PERINAT;2014;130008253;130001084;NIV1;;32;;;;4;2022;149;0;0;0;0;0;0;7641;0;0;0;1577;6640;320;1810;2;1574;1;3;8;12;;1580;;;;45;0;1;254;324;172;4;;21;0;0
PERINAT;2014;130780521;130786049;NIV3;;43;25;16;11;5;3382;182;590;13;384;15;357;20;19062;7930;5714;3609;2391;14250;559;5641;0;2316;8;75;94;16;;2517;;;;95;1;1;749;807;388;88;12;65;0;0
PERINAT;2014;130781370;130000532;;;1;;;;;8;7;0;0;0;0;0;0;2;0;0;0;0;0;0;0;0;0;0;0;0;0;;0;;;;0;0;1;48;30;31;0;;3;0;0
PERINAT;2014;130781479;130000599;NIV1;;15;;;;3;547;53;0;0;0;0;0;0;2293;0;0;0;395;1926;71;465;0;389;3;6;0;5;;401;;;;3;0;1;29;29;0;2;0;5;0;0
PERINAT;2014;130783236;130786049;NIV3;;62;39;15;15;5;4056;122;961;28;414;15;689;251;22766;13120;4868;5269;2868;17329;746;7249;0;2777;6;91;70;30;;3011;;;83;77;3;1;2380;2380;832;272;23;35;1;534
PERINAT;2014;130783327;130001415;NIV2;;39;6;;;5;2613;238;640;30;0;0;0;0;11285;2066;0;0;2002;9869;559;3435;9;1970;1;32;6;28;;2039;;;;11;0;1;330;437;218;5;;2;1;1020
PERINAT;2014;130783665;130043722;;;;;;;;37;34;0;0;0;0;0;0;4;0;0;0;0;0;0;0;0;0;0;0;0;0;;0;;;;0;0;1;457;511;345;0;;0;0;0
PERINAT;2014;130784713;130038847;NIV2;;36;12;0;;8;2425;79;1032;6;0;0;0;0;11028;4972;0;0;2051;9730;374;2578;11;2029;0;22;12;6;;2190;;;;16;0;1;107;140;84;0;;4;0;0
PERINAT;2014;130785652;130014228;NIV2;;85;18;6;0;10;5613;276;1455;25;544;29;0;0;24832;8489;3585;0;4507;21410;840;5288;20;4434;2;73;35;13;;4583;8606;11741;;21;0;0;0;;0;0;;59;1;608
PERINAT;2014;130786445;130002488;NIV2;;62;12;;;7;3258;223;884;18;0;0;0;0;16825;4023;0;0;2592;14130;621;4942;4;2558;1;34;6;14;14;2634;;6250;2150;12;0;0;0;;0;0;;0;0;0
PERINAT;2014;140000027;140000035;NIV2;;32;12;3;0;;1712;98;537;16;96;18;0;0;8068;3327;463;0;1253;6637;270;1915;13;1233;1;20;5;5;;1276;3775;6635;100;7;1;1;291;255;187;30;;39;0;0
PERINAT;2014;140000076;140000084;CPPR;;;;;;;0;0;0;0;0;0;0;0;0;0;0;0;0;0;0;0;0;0;0;0;0;0;;0;972;896;66;0;0;0;0;;0;0;;0;0;0
PERINAT;2014;140000209;140000100;NIV3;INT;70;25;10;14;7;4416;543;730;25;284;12;337;14;21670;7798;2923;3876;3087;17699;655;5926;0;3003;4;84;39;0;0;3178;12993;18799;659;70;0;1;968;1134;450;90;12;22;1;485
PERINAT;2014;140000233;140000118;NIV1;;19;;;;2;557;58;0;0;0;0;0;0;2150;0;0;0;394;1926;75;505;0;391;0;3;3;2;;397;4883;4249;152;5;0;1;96;92;59;7;2;5;0;0
PERINAT;2014;140000373;140000159;CPPR;;0;0;0;0;0;35;1;0;0;0;0;0;0;94;0;0;0;1;1;0;0;0;1;0;0;0;1;;1;380;1092;25;0;0;0;0;11;0;0;;0;0;0
PERINAT;2014;140016759;140003146;NIV2;;44;6;;;5;2350;184;286;17;0;0;0;0;10223;1594;0;0;1958;9592;370;2352;0;1929;0;29;7;13;27;2005;;;;12;0;1;26;6;0;4;;24;0;0
PERINAT;2014;140024886;140000092;NIV1;;18;;;;3;850;98;0;0;0;0;0;0;3402;0;0;0;604;2968;108;626;0;600;1;4;5;7;;610;6673;2795;66;6;0;1;130;159;57;11;1;6;0;0
PERINAT;2014;140026410;140026279;NIV1;;20;;;;4;574;83;0;0;0;0;0;0;2242;0;0;0;404;2032;82;522;0;403;0;1;2;6;;406;6452;2115;;1;0;1;197;215;190;14;;0;0;0
PERINAT;2014;140026709;140000415;;;;;;;;0;0;0;0;0;0;0;0;0;0;0;0;0;0;0;0;0;0;0;0;0;0;;;;;;0;0;1;33;28;19;1;;0;0;0
PERINAT;2014;150000032;150780088;NIV1;;15;;;;2;555;63;0;0;0;0;0;0;2300;0;0;0;335;1698;90;593;1;332;0;3;0;14;0;339;2875;1681;;1;0;1;70;81;39;2;0;0;0;0
PERINAT;2014;150000040;150780096;NIV2;;22;6;0;;2;1177;114;276;50;0;0;0;0;4738;1633;0;0;878;4281;171;1049;1;867;0;11;3;2;;889;11075;4629;;6;0;1;219;235;125;2;;5;0;0
PERINAT;2014;150000164;150780468;CPPR;;;;;;;0;0;0;0;0;0;0;0;0;0;0;0;0;0;0;0;0;0;0;0;0;0;0;0;542;2324;33;0;0;0;0;;0;0;;0;0;0
PERINAT;2014;150780732;150000271;CPPR;;;;;;;12;11;0;0;0;0;0;0;1;0;0;0;1;1;0;0;0;1;0;0;0;0;;1;;;;0;0;1;22;19;15;1;;0;0;0
PERINAT;2014;160000253;160000451;NIV2;;30;13;6;0;5;2161;163;330;11;119;14;0;0;7898;3037;821;0;1628;6927;277;1493;3;1593;0;35;9;4;28;1672;17088;7736;132;54;0;1;468;499;311;38;0;1;0;0
PERINAT;2014;160000303;160006037;CPPR;;;;;;;0;0;0;0;0;0;0;0;0;0;0;0;0;0;0;0;0;0;0;0;0;0;;0;609;877;23;0;0;0;0;0;0;0;;0;0;0
PERINAT;2014;160000337;160000493;CPPR;;;;;;;0;0;0;0;0;0;0;0;0;0;0;0;0;0;0;0;0;0;0;0;0;0;;0;588;1565;;0;0;0;0;3;0;0;;0;0;0
PERINAT;2014;160013207;160001632;NIV1;;40;;;;6;1341;133;0;0;0;0;0;0;5162;0;0;0;1010;4550;229;1316;0;998;0;12;4;10;;1027;;;;19;11;1;141;166;36;9;;0;0;0
PERINAT;2014;160015368;160014411;NIV1;;15;;;;3;858;92;0;0;0;0;0;0;3233;0;0;0;690;3047;84;475;1;690;0;0;1;3;;690;8883;6269;;29;0;1;172;107;18;4;0;3;0;0
PERINAT;2014;170000038;170780050;CPPR;;;;;;;0;0;0;0;0;0;0;0;0;0;0;0;0;0;0;0;0;0;0;0;0;0;;0;1866;2284;104;0;0;1;31;60;15;1;;0;0;0
PERINAT;2014;170000087;170023279;NIV2;;30;12;4;;5;2302;176;350;25;135;20;0;0;9806;2675;863;0;1812;8877;372;2220;9;1779;0;33;17;6;;1851;16146;8156;91;19;0;1;651;674;456;30;0;14;0;0
PERINAT;2014;170000095;170780167;NIV1;;10;0;0;0;3;443;40;0;0;0;0;0;0;1826;0;0;0;318;1538;78;467;0;316;0;2;0;8;0;322;4763;3590;190;2;0;1;80;110;50;3;0;3;0;0
PERINAT;2014;170000103;170780175;NIV2;;28;14;3;;;1795;156;340;34;145;38;0;0;6863;4052;416;0;1380;6159;256;1486;2;1342;3;38;10;13;;1418;3801;15651;;36;0;1;410;342;277;44;0;32;0;0
PERINAT;2014;170000152;170780225;NIV2;;17;6;;;3;1283;107;261;20;0;0;0;0;5331;1443;0;0;966;4804;171;1105;0;952;1;14;7;9;;986;9361;1099;59;12;0;1;253;262;148;5;;13;0;0
PERINAT;2014;170780563;170000251;NIV1;;24;;;;3;647;80;0;0;0;0;0;0;2452;0;0;0;438;2050;100;659;1;438;0;0;4;3;;439;;;;14;0;1;57;178;3;6;;17;0;0
PERINAT;2014;170780613;170000277;NIV1;;18;;;;;719;60;0;0;0;0;0;0;2636;0;0;0;587;2492;159;929;0;578;1;9;1;3;;596;;;;9;0;1;37;67;18;3;;1;1;428
PERINAT;2014;180000010;180000028;NIV2;;31;15;3;0;4;1965;263;335;29;83;15;0;0;8192;2437;325;0;1444;7234;237;1590;18;1412;3;32;5;11;;1476;9831;3921;;20;0;1;492;548;313;42;0;56;0;0
PERINAT;2014;180000200;180000051;NIV1;;15;;;;3;852;94;0;0;0;0;0;0;3223;0;0;0;541;2657;116;737;0;537;0;4;1;4;10;546;;;;2;0;1;144;144;93;17;1;13;0;0
PERINAT;2014;180000283;180000069;NIV1;;15;;;;2;499;66;0;0;0;0;0;0;2127;0;0;0;356;1927;55;409;0;354;0;2;2;9;;359;730;9374;;9;0;1;74;84;55;3;;0;0;0
PERINAT;2014;180004145;180000887;NIV1;;19;;;;;454;20;0;0;0;0;0;0;1986;0;0;0;406;1936;87;535;0;406;0;0;1;1;;406;;;;2;0;1;2;;0;0;;0;0;0
PERINAT;2014;190000018;190000042;NIV2;;22;6;;;5;1198;92;100;8;0;0;0;0;5014;1003;0;0;825;4260;163;1127;4;813;1;12;8;8;;842;5759;4859;145;8;0;1;397;433;257;15;;2;0;0
PERINAT;2014;190000026;190000059;NIV2;;15;4;;;;873;86;87;7;0;0;0;0;3387;611;0;0;612;2944;125;717;10;601;0;11;5;4;;623;;;;10;0;1;136;144;61;8;;4;0;0
PERINAT;2014;190000091;190000075;NIV1;;6;;;;2;429;35;0;0;0;0;0;0;1781;0;0;0;247;1335;57;397;0;246;0;1;0;6;;249;2478;2803;130;1;0;1;71;87;43;2;0;1;0;0
PERINAT;2014;190000257;190001131;NIV1;;18;;;;4;1093;133;0;0;0;0;0;0;4167;0;0;0;751;3512;198;1115;0;745;0;6;1;3;;758;;;;4;0;1;68;92;15;2;;23;0;0
PERINAT;2014;210780110;210000022;NIV2;;36;12;4;;;2343;168;311;6;47;3;0;0;9934;2175;202;0;1872;8983;458;2925;0;1842;0;30;0;7;;1902;;;;13;0;0;0;;0;0;;0;0;0
PERINAT;2014;210987558;210780581;NIV3;EXT;64;31;15;16;8;4737;600;803;35;296;6;313;12;20366;10373;5655;4358;3146;16123;496;4052;1;3045;4;101;75;1;;3292;15155;14704;;66;0;1;1098;1010;245;182;;87;1;691
PERINAT;2014;210987657;210780714;NIV1;;24;0;0;0;2;929;104;0;0;0;0;0;0;3908;0;0;0;697;3645;106;745;0;689;0;8;1;9;0;705;4600;1000;198;10;0;1;170;136;75;16;;8;0;0
PERINAT;2014;210987665;210010070;CPPR;;;;;;;7;6;0;0;0;0;0;0;1;0;0;0;1;1;0;0;0;1;0;0;0;0;;1;;;;0;0;1;10;5;10;0;;0;0;0
PERINAT;2014;210987699;210780706;NIV1;;15;;;;2;805;107;0;0;0;0;0;0;2725;0;0;0;497;2302;60;350;0;497;0;0;3;6;;500;3048;1841;2150;7;0;1;60;62;8;1;;0;0;0
PERINAT;2014;220000012;220000020;NIV3;INT;34;13;6;6;5;3798;989;560;16;230;5;155;3;13804;6708;1794;1605;2214;11297;512;3805;27;2155;5;59;33;1;133;2301;11196;9692;2532;30;0;1;482;477;293;38;;39;0;0
PERINAT;2014;220000095;220000046;NIV2;;16;4;;;3;1037;117;314;15;0;0;0;0;3942;1431;0;0;775;3603;134;829;1;764;0;11;1;3;;789;7630;1714;223;28;0;1;241;249;177;18;;19;0;0
PERINAT;2014;220000301;220000673;NIV2;;24;6;;;5;1126;78;103;1;0;0;0;0;4667;769;0;0;866;4019;170;1008;2;859;0;7;4;10;;873;;;;10;0;1;113;133;71;4;;5;0;0
PERINAT;2014;220000343;220000079;NIV1;;17;;;;2;855;94;0;0;0;0;0;0;3196;0;0;0;637;2814;87;518;1;636;0;1;1;21;;639;7243;7497;;16;0;1;239;238;186;13;;4;0;0
PERINAT;2014;220000368;220000103;NIV1;;17;;;;2;1025;87;0;0;0;0;0;0;4362;0;0;0;738;3685;116;845;0;733;0;5;0;5;0;750;6902;4588;;19;25;1;241;235;172;10;0;9;0;0
PERINAT;2014;220000541;220000152;CPPR;;;;;;;6;4;0;0;0;0;0;0;2;0;0;0;0;0;0;0;0;0;0;0;0;0;;;1667;1964;145;0;0;1;30;25;30;0;;0;0;0
PERINAT;2014;230000820;230780041;NIV2;;20;4;0;0;2;898;73;263;10;0;0;0;0;3830;1177;0;0;551;3059;119;901;0;546;0;5;0;3;;557;3706;799;329;3;0;1;177;165;97;7;0;1;0;0
PERINAT;2014;240000190;240000596;CPPR;;0;;;;;17;14;0;0;0;0;0;0;10;0;0;0;0;0;0;0;0;0;0;0;0;0;;0;;;;0;0;1;37;64;24;0;;2;1;162
PERINAT;2014;240000372;240000059;NIV1;;51;;;;3;1370;159;0;0;0;0;0;0;4751;0;0;0;975;4203;196;1073;0;965;0;10;3;7;;985;3864;4246;0;18;0;1;403;344;284;7;0;11;0;0
PERINAT;2014;240000489;240000117;NIV2;;34;12;3;0;6;2296;242;285;14;108;8;0;0;9810;2757;906;0;1682;8763;310;2337;9;1639;0;43;3;2;;1725;10555;2478;3003;15;0;1;473;591;215;41;0;15;0;0
PERINAT;2014;240000687;240000448;NIV1;;15;;;;2;489;54;0;0;0;0;0;0;1922;0;0;0;342;1673;97;607;0;340;1;2;4;3;;346;7082;1772;;8;0;1;158;153;112;4;;1;0;0
PERINAT;2014;250000114;900000365;NIV2;;22;4;;;4;2093;239;208;10;0;0;0;0;8174;1039;0;0;1515;7183;227;1517;0;1497;0;18;4;4;;1533;3877;5781;;13;0;1;443;454;200;24;1;0;0;0
PERINAT;2014;250000700;250000452;NIV2;;22;6;0;0;4;1489;104;277;26;0;0;0;0;6124;1678;0;0;1192;5557;211;1401;1;1182;0;10;2;12;;1211;5170;3392;54;21;0;1;234;265;197;3;4;18;0;0
PERINAT;2014;250006954;250000015;NIV3;;56;33;11;10;6;3459;276;1020;12;198;5;329;40;16454;11449;3766;3072;2591;13783;362;3288;55;2517;4;74;33;3;3;2669;5193;8658;903;43;250;1;597;616;245;126;6;21;1;408
PERINAT;2014;250011723;250017126;NIV1;;19;;;;3;497;85;0;0;0;0;0;0;1732;0;0;0;352;1582;43;290;0;350;0;2;1;12;;354;;;;6;0;1;63;73;16;0;0;0;0;0
PERINAT;2014;250011848;250017803;NIV2;;32;6;;;6;2285;224;443;21;0;0;0;0;9558;1857;0;0;1845;9063;339;2231;0;1821;0;24;7;14;;1880;;;;22;1;0;0;;0;0;;4;1;158
PERINAT;2014;260000013;260000021;NIV2;;44;18;3;;4;3215;182;630;8;157;15;0;0;13291;5752;1265;0;2378;11164;520;3625;4;2331;2;47;22;36;67;2438;13714;10594;852;73;251;1;589;615;410;78;2;10;0;0
PERINAT;2014;260000120;260016910;NIV2;;25;6;;;3;1643;163;198;20;0;0;0;0;6114;1401;0;0;1262;5485;242;1546;1;1244;1;18;4;13;;1282;3530;3605;131;85;0;1;303;330;57;34;4;1;0;0
PERINAT;2014;260000138;260000047;NIV2;;33;6;0;0;6;2498;367;183;11;0;0;0;0;9210;1320;0;0;1752;7971;290;1810;0;1725;1;27;5;6;;1779;10482;10873;67;71;3;1;371;334;166;18;2;27;0;0
PERINAT;2014;260000146;260000054;CPPR;;0;;;;;5;5;0;0;0;0;0;0;0;0;0;0;0;0;0;0;0;0;0;0;0;0;;0;;;;0;0;1;100;76;22;3;;0;0;0
PERINAT;2014;260000286;260000104;NIV1;;4;;;;1;154;11;0;0;0;0;0;0;599;0;0;0;120;542;15;98;0;120;0;0;0;3;;120;;;;4;0;1;34;34;15;0;;0;0;0
PERINAT;2014;270000045;270000060;NIV1;;14;;;;2;700;113;0;0;0;0;0;0;2318;0;0;0;474;2094;134;671;1;474;0;0;3;16;;475;7039;34517;;8;0;1;132;114;19;6;;0;0;0
PERINAT;2014;270000359;270023724;NIV2;;34;10;2;0;5;3136;674;429;34;86;34;0;0;10555;2450;490;0;2041;9564;384;2392;0;2005;0;36;16;5;17;2095;6257;6990;45;21;0;1;611;565;430;32;15;23;0;0
PERINAT;2014;270000367;270000086;NIV1;;13;;;;1;682;56;0;0;0;0;0;0;2472;0;0;0;528;2267;89;512;3;524;0;4;3;3;;533;4504;3063;;7;0;1;153;189;110;3;8;2;0;0
PERINAT;2014;270000391;760024042;CPPR;;;;;;;;;;;;;;;;;;;;;;;;;;;;;;;62;2467;377;;;0;;;;;;;0;
PERINAT;2014;270000425;270000102;CPPR;;;;;;;3;3;0;0;0;0;0;0;0;0;0;0;2;2;0;0;0;2;0;0;0;0;;2;1860;2472;35;0;0;0;0;;0;0;;0;0;0
PERINAT;2014;270000441;270000110;CPPR;;;;;;;;;;;;;;;;;;;;;;;;;;;;;;;946;44;;;;0;;;;;;;0;
PERINAT;2014;270000458;270023724;NIV1;;14;;;;4;1259;354;0;0;0;0;0;0;3660;0;0;0;726;3169;129;765;0;723;0;3;2;4;;729;11403;3392;36;15;0;1;304;283;204;17;;7;0;0
PERINAT;2014;280000084;280000183;NIV2;;28;10;;;4;2433;312;354;21;0;0;0;0;8996;2225;0;0;1698;7945;426;2488;0;1678;0;20;6;17;;1718;14856;11898;218;36;1;1;351;365;242;32;;11;1;179
PERINAT;2014;280000662;280500075;NIV1;;15;;;;2;583;59;0;0;0;0;0;0;1984;0;0;0;447;1814;84;455;0;444;0;3;1;1;;450;;;;18;0;1;90;111;54;2;;2;0;0
PERINAT;2014;280502998;280000589;CPPR;;0;;;;0;0;0;0;0;0;0;0;0;0;0;0;0;0;0;0;0;0;0;0;0;0;0;;0;3741;1852;;0;0;0;0;;0;0;;0;0;0
PERINAT;2014;280504267;280000134;NIV2;;45;18;6;;5;3349;309;540;23;124;17;0;0;12974;4122;1138;0;2632;11723;413;2857;6;2576;4;56;20;10;;2688;11678;4375;165;132;0;1;445;445;296;63;4;18;0;0
PERINAT;2014;280505777;280001199;;;0;;;;;27;24;0;0;0;0;0;0;6;0;0;0;0;0;0;0;0;0;0;0;0;0;;0;;;;0;0;1;43;54;24;2;;0;0;0
PERINAT;2014;290000025;290020700;NIV2;INT;46;15;3;;7;3618;429;426;26;155;26;0;0;12973;3812;529;0;2626;11517;471;2725;1;2592;0;34;19;13;;2665;9890;7043;157;64;70;1;609;672;284;34;1;19;1;0
PERINAT;2014;290000033;290021542;NIV2;;24;4;;;5;895;49;132;24;0;0;0;0;4020;902;0;0;649;3473;126;882;1;642;1;7;5;3;;657;2726;8294;251;8;0;1;173;147;93;10;;7;0;0
PERINAT;2014;290000058;290000017;NIV3;EXT;55;24;6;6;5;2562;205;614;12;164;6;152;5;12778;6196;1608;1609;1865;10410;446;3788;27;1804;2;61;31;0;;1921;16811;11362;116;27;0;1;497;548;223;61;;18;1;178
PERINAT;2014;290000066;290020700;CPPR;;0;0;0;0;0;;;;;;;;;;;;;;;;;;;;;;;;;1247;704;19;;;0;;;;;;;0;
PERINAT;2014;290000140;290000447;NIV1;;0;;;;0;556;84;0;0;0;0;0;0;2215;0;0;0;409;2026;72;466;0;406;0;3;0;4;;412;;;;4;0;1;115;136;63;4;;5;1;581
PERINAT;2014;290000173;290000041;NIV1;;18;;;;1;814;81;0;0;0;0;0;0;3032;0;0;0;627;2759;102;594;0;627;0;0;2;6;;632;2066;4304;289;8;0;1;105;143;62;6;;2;0;0
PERINAT;2014;290000181;290000074;CPPR;;;;;;;0;0;0;0;0;0;0;0;0;0;0;0;0;0;0;0;0;0;0;0;0;0;;0;1694;1775;58;0;0;0;0;;0;0;;0;0;0
PERINAT;2014;290000207;290000520;;;;;;;;0;0;0;0;0;0;0;0;0;0;0;0;0;0;0;0;0;0;0;0;0;0;;0;;;;0;0;1;5;10;0;1;;0;0;0
PERINAT;2014;290000256;290000017;NIV1;;12;;;;2;393;31;0;0;0;0;0;0;1607;0;0;0;280;1388;73;516;0;280;0;0;0;0;;280;5397;2720;;10;0;1;78;62;59;1;0;0;0;0
PERINAT;2014;290000785;220020739;CPPR;;;;;;;;;;;;;;;;;;;;;;;;;;;;;;;4927;1081;48;;;0;0;;0;0;;0;0;
PERINAT;2014;290000934;290000306;CPPR;;;;;;;;;;;;;;;;;;;;;;;;;;;;;;;;;;;;0;;;;;;;0;
PERINAT;2014;290019777;290022508;NIV2;;45;6;;;9;2868;209;186;34;0;0;0;0;12022;848;0;0;2290;11029;379;2578;0;2255;1;35;14;12;;2332;;;;26;0;1;217;193;158;11;;10;0;0
PERINAT;2014;2A0000022;2A0000014;NIV2;;19;6;6;;3;1581;108;167;4;167;4;0;0;6334;1091;1091;0;1016;4946;232;1525;4;1006;1;10;7;2;;1031;;1871;7;13;0;1;409;428;222;19;8;4;0;0
PERINAT;2014;2A0000154;2A0000204;NIV1;;8;;;;2;369;32;0;0;0;0;0;0;1382;0;0;0;263;1215;59;371;0;263;0;0;0;2;;263;;;;2;0;1;3;;0;0;;0;0;0
PERINAT;2014;2B0000012;2B0000020;NIV2;;24;7;2;0;3;1520;99;163;11;47;11;0;0;6769;1483;424;0;1126;6019;258;1821;11;1105;1;21;11;2;;1154;;;;13;0;1;510;464;370;6;;13;0;0
PERINAT;2014;2B0000145;2B0000053;NIV1;;16;;;;2;699;78;0;0;0;0;0;0;2948;0;0;0;526;2641;174;995;0;518;1;8;5;6;;534;;;;7;0;1;161;188;135;6;0;5;0;0
PERINAT;2014;300000023;300780046;NIV2;;30;6;0;0;3;1818;103;186;12;0;0;0;0;6868;1171;0;0;1368;5912;319;1713;0;1358;0;10;8;9;;1382;7554;6791;62;18;0;1;480;486;275;24;0;0;0;0
PERINAT;2014;300000031;300780053;NIV2;;21;6;;;3;1355;147;295;13;0;0;0;0;5350;1149;0;0;970;4636;116;835;2;952;0;18;5;8;;988;4800;3475;;13;0;1;200;183;79;16;;1;0;0
PERINAT;2014;300780137;920028396;;;;;;;;23;18;0;0;0;0;0;0;14;0;0;0;0;0;0;0;0;0;0;0;0;0;;0;;;;0;0;1;61;56;34;12;;0;0;0
PERINAT;2014;300780228;300000155;;;;;;;;0;0;0;0;0;0;0;0;0;0;0;0;0;0;0;0;0;0;0;0;0;0;;0;;;;0;0;1;42;66;0;0;40;0;0;0
PERINAT;2014;300781465;300000726;NIV2;;24;6;;;3;1361;122;68;4;0;0;0;0;5170;416;0;0;1056;4639;218;1209;1;1047;0;9;3;5;;1065;;;;5;0;1;265;237;197;2;;2;0;0
PERINAT;2014;300782117;300780038;NIV3;INT;37;24;9;6;5;3577;605;493;3;106;0;269;5;15973;5976;1112;3644;2255;12116;652;5214;26;2195;2;60;39;4;;2334;9951;8046;102;40;5;1;506;559;192;76;2;95;1;416
PERINAT;2014;300788502;300788486;NIV1;;35;;;;4;1942;147;0;0;0;0;0;0;7985;0;0;0;1645;7650;348;2218;1;1633;0;12;2;0;;1657;;;;9;0;1;385;368;299;2;;4;0;0
PERINAT;2014;310009279;310780671;NIV1;;14;;;;2;821;90;0;0;0;0;0;0;3287;0;0;0;509;2613;86;606;0;503;0;6;1;5;;516;4415;3525;;7;0;1;73;126;36;5;;0;0;0
PERINAT;2014;310016977;310781406;NIV3;;109;47;24;14;7;7493;1307;1078;41;745;32;488;11;34539;16096;9043;4511;4518;26245;993;9394;162;4355;7;163;87;3;3;4778;11128;14464;229;51;0;1;845;886;261;109;399;121;1;634
PERINAT;2014;310780101;310000039;NIV1;;20;;;;5;1099;127;0;0;0;0;0;0;4578;0;0;0;804;3769;229;1468;1;795;2;9;8;1;;814;;;;28;0;1;309;292;209;5;;7;1;730
PERINAT;2014;310780135;310000054;NIV2;;47;9;;;12;4699;272;514;37;0;0;0;0;19070;2616;0;0;4019;17240;650;4177;22;3965;3;54;23;42;;4079;;;;90;0;1;552;668;366;19;;24;0;0
PERINAT;2014;310780283;310000112;NIV1;;35;;;;2;1254;76;0;0;0;0;0;0;4686;0;0;0;992;4057;188;1041;1;983;0;9;5;9;;1003;;;;8;0;1;32;37;15;3;;2;0;0
PERINAT;2014;310780309;310000120;;;;;;;;26;24;0;0;0;0;0;0;4;0;0;0;0;0;0;0;0;0;0;0;0;0;;0;;;;0;0;1;94;169;36;5;;0;0;0
PERINAT;2014;310780382;310000179;NIV2;;69;12;3;;;4414;224;414;7;107;6;0;0;20275;3460;352;0;3736;17751;748;5351;26;3692;0;44;31;17;;3780;;;;48;0;1;561;653;335;5;;21;0;0
PERINAT;2014;310781000;310788880;;;0;;;;;8;2;0;0;0;0;0;0;9;0;0;0;0;0;0;0;0;0;0;0;0;0;;0;;;;0;0;1;20;17;1;0;;0;0;0
PERINAT;2014;310781067;310788898;NIV1;;39;;;;5;2824;198;0;0;0;0;0;0;11060;0;0;0;2332;10412;306;1841;2;2315;0;17;10;25;;2349;7852;18845;42;83;0;1;1146;1117;483;155;;3;0;0
PERINAT;2014;310781505;310000492;NIV1;;20;;;;3;802;56;0;0;0;0;0;0;3282;0;0;0;617;2936;148;908;0;613;0;4;10;0;;621;;;;11;0;1;283;248;176;6;;9;0;0
PERINAT;2014;320000086;320780117;NIV2;;17;4;0;0;5;1332;136;103;13;0;0;0;0;5444;961;0;0;975;4852;180;1354;1;958;1;17;5;10;;996;6381;4273;;33;0;1;207;249;90;17;;0;0;0
PERINAT;2014;320780067;320000052;;;0;0;;;0;0;0;0;0;0;0;0;0;0;0;0;0;0;0;0;0;0;0;0;0;0;0;;0;;;;0;0;1;59;46;29;1;;2;0;0
PERINAT;2014;330000340;330780552;NIV1;;41;;;;6;2931;239;0;0;0;0;0;0;10897;0;0;0;2398;10244;400;2376;0;2378;3;20;32;11;;2427;14753;5472;1150;56;8;1;403;432;37;31;;72;0;0
PERINAT;2014;330000555;330781204;NIV1;;22;;;;3;1332;150;0;0;0;0;0;0;4852;0;0;0;1010;4448;188;1035;0;1000;0;10;2;6;;1020;4308;4203;;15;0;1;421;391;229;36;;38;0;0
PERINAT;2014;330000571;330781220;NIV1;;15;;;;2;596;66;0;0;0;0;0;0;1941;0;0;0;444;1795;96;500;0;440;0;4;1;8;;448;4160;1153;1410;39;0;1;177;129;61;5;0;3;0;0
PERINAT;2014;330000589;330027509;NIV1;;18;;;;4;1072;92;0;0;0;0;0;0;3571;0;0;0;743;3062;141;744;0;736;0;7;3;6;;757;3247;2747;211;51;61;1;271;286;154;24;2;0;1;2
PERINAT;2014;330000597;330027509;CPPR;;;;;;;;;0;0;0;0;0;0;;0;0;0;;;;;;;;;;;;;29;419;32;;;1;0;7;0;0;;0;0;
PERINAT;2014;330000605;330781253;NIV2;EXT;32;12;3;0;5;2140;160;277;15;145;28;0;0;8626;3374;936;0;1613;7528;358;2336;7;1578;0;35;5;4;32;1648;12149;4325;605;119;0;1;457;520;134;33;3;12;0;0
PERINAT;2014;330780263;330000134;NIV1;;31;;;;6;2020;308;0;0;0;0;0;0;6869;0;0;0;1415;6161;234;1308;0;1410;0;5;3;5;;1422;;;;29;0;1;187;83;0;0;;12;0;0
PERINAT;2014;330780479;330000274;NIV2;;50;6;;;7;3689;455;284;20;0;0;0;0;13925;1829;0;0;2728;12243;640;3933;42;2677;1;51;17;7;;2791;;;;62;0;1;117;107;95;0;;40;0;0
PERINAT;2014;330780495;330796392;NIV1;;11;;;;2;458;44;0;0;0;0;0;0;1688;0;0;0;315;1397;60;361;0;310;0;5;0;11;0;320;7842;632;;5;0;1;153;131;85;11;;0;0;0
PERINAT;2014;330780503;330000308;NIV1;EXT;31;;;;4;602;57;0;0;0;0;0;0;2332;0;0;0;475;2178;86;533;0;474;0;1;0;2;;477;;;;3;0;1;9;0;1;0;;0;0;0
PERINAT;2014;330780537;330000324;NIV1;;13;;;;2;538;66;0;0;0;0;0;0;1929;0;0;0;357;1690;76;482;0;355;0;2;0;0;0;362;;234;;4;0;1;109;144;22;5;0;6;0;0
PERINAT;2014;330781360;330781196;NIV3;EXT;72;58;37;18;13;7920;1394;1232;86;801;123;562;127;35857;16946;11185;4643;5283;30073;1003;8603;45;5106;9;177;97;10;0;5512;;;;166;0;1;1564;1465;437;354;41;129;1;556
PERINAT;2014;330782582;330000928;NIV1;;25;;;;4;1482;300;0;0;0;0;0;0;4783;0;0;0;989;4227;238;1218;0;979;0;10;3;1;;1000;;;;17;0;1;185;167;0;6;;2;1;877
PERINAT;2014;340000033;340780055;NIV2;;26;6;;;3;2014;225;477;49;0;0;0;0;7445;3202;0;0;1414;6321;225;1507;9;1384;2;30;6;12;;1456;;;;43;0;1;782;743;439;68;3;23;0;0
PERINAT;2014;340000223;340011295;NIV2;;19;6;;;3;1268;121;218;24;0;0;0;0;5038;1041;0;0;814;4156;131;856;1;799;0;15;6;8;;834;11101;1692;2985;7;0;1;407;388;208;14;;13;0;0
PERINAT;2014;340009885;340009877;NIV1;;32;;;;4;2038;214;0;0;0;0;0;0;7156;0;0;0;1483;5996;275;1472;1;1470;1;13;13;12;;1500;;795;;20;0;1;165;163;77;7;11;25;0;0
PERINAT;2014;340780436;340011295;;;;;;;;;;;;;;;;;;;;;;;;;;;;;;;;2917;602;152;;;0;;;;;;;0;
PERINAT;2014;340780675;340000298;NIV2;;39;6;0;0;7;3070;436;390;14;0;0;0;0;11351;1565;0;0;2345;10683;462;2730;12;2315;0;30;9;12;;2375;;;;42;0;1;750;800;478;25;0;8;0;0
PERINAT;2014;340780683;340000306;NIV2;;71;6;;;7;3957;397;349;32;0;0;0;0;16352;1767;0;0;3143;15226;554;3373;32;3098;1;45;6;18;;3194;;;;21;0;1;804;870;452;23;;4;1;936
PERINAT;2014;340780717;340008150;NIV1;;10;;;;2;374;54;0;0;0;0;0;0;1272;0;0;0;258;1150;39;241;0;255;0;3;0;2;;261;;;;7;0;1;80;119;51;0;;0;0;0
PERINAT;2014;340780741;340000348;NIV1;;25;;;;2;590;40;0;0;0;0;0;0;2195;0;0;0;408;1740;84;504;0;402;1;6;6;3;;414;;;;16;0;1;212;195;131;23;0;4;0;0
PERINAT;2014;340796663;340780477;NIV3;EXT;73;38;18;14;6;4976;671;924;19;586;37;416;11;23293;12666;5928;4994;3607;19659;819;6508;28;3490;8;117;79;8;;3780;;;519;74;0;1;1384;1305;579;31;13;94;1;676
PERINAT;2014;350000121;350000303;NIV2;;48;9;;;5;2994;222;577;134;0;0;0;0;12890;2561;0;0;2370;11660;496;3251;10;2343;1;27;16;15;;2407;;;;46;0;1;64;56;0;4;;14;0;0
PERINAT;2014;350000139;350001137;NIV2;;57;9;;;8;3932;269;479;11;0;0;0;0;17356;3294;0;0;3237;15787;545;3768;2;3169;2;68;36;19;;3242;3596;12477;455;154;0;1;3;2;0;1;;100;1;839
PERINAT;2014;350000147;350000022;NIV2;;24;6;;;4;1866;187;142;9;0;0;0;0;7681;1154;0;0;1374;6857;266;1823;0;1362;0;12;6;3;0;1389;7319;4272;170;14;0;1;373;364;293;8;0;0;0;0
PERINAT;2014;350000154;350000030;NIV2;EXT;18;4;;;4;1211;109;230;2;0;0;0;0;5084;1282;0;0;919;4398;139;855;0;906;0;13;1;5;;934;7893;5519;203;8;0;1;55;85;41;0;0;5;0;0
PERINAT;2014;350000162;350000048;NIV1;;17;0;0;0;2;804;101;0;0;0;0;0;0;3045;0;0;0;596;2819;62;419;0;591;0;5;5;4;;601;5503;1894;;12;0;1;84;115;40;5;;2;0;0
PERINAT;2014;350000188;350000055;NIV1;;19;;;;2;1094;92;0;0;0;0;0;0;4831;0;0;0;838;4337;200;1298;1;830;0;8;5;11;;850;10662;2087;124;2;1;1;68;25;35;3;;2;0;0
PERINAT;2014;350007084;350005179;NIV3;EXT;86;39;21;12;15;5186;325;731;15;375;12;246;9;25323;13703;7783;3986;3918;21966;771;6923;1;3806;5;112;42;3;;4062;13055;9830;201;277;4;1;1944;2017;585;141;26;23;1;417
PERINAT;2014;360000038;360000046;CPPR;;;;;;;7;6;0;0;0;0;0;0;1;0;0;0;0;0;0;0;0;0;0;0;0;0;;0;1826;1412;7;0;0;1;38;24;38;0;;0;0;0
PERINAT;2014;360000129;360000269;;;0;;;;;7;2;0;0;0;0;0;0;9;0;0;0;0;0;0;0;0;0;0;0;0;0;;0;;;;0;0;1;3;24;3;0;;1;0;0
PERINAT;2014;360000137;360000053;NIV2;;38;6;;;;2004;138;307;40;0;0;0;0;8765;1650;0;0;1477;7570;277;2037;2;1450;3;27;5;15;;1513;16905;8605;25510;9;0;1;416;390;334;16;;19;0;0
PERINAT;2014;360000160;360000079;NIV1;;13;;;;1;435;51;0;0;0;0;0;0;1583;0;0;0;338;1489;58;332;0;338;0;0;2;2;;340;2064;3086;;4;0;1;54;64;53;4;;3;0;0
PERINAT;2014;370000499;370000481;NIV3;EXT;;24;12;9;;0;0;248;1;191;1;246;6;0;7203;3878;3160;0;0;0;0;0;0;0;0;0;0;;;;;;0;0;0;0;;0;0;;0;0;0
PERINAT;2014;370000531;370000606;NIV1;;12;0;0;0;3;753;110;0;0;0;0;0;0;2674;0;0;0;560;2422;83;447;0;560;0;0;1;7;0;565;4802;3435;133;15;0;1;78;85;41;1;0;0;0;0
PERINAT;2014;370000861;370000481;NIV3;;70;8;;1;7;4963;596;470;29;0;0;195;23;22537;1973;0;396;3674;19093;679;5414;38;3592;5;82;43;149;;3768;;;;318;431;1;1080;1123;205;133;;32;1;591
PERINAT;2014;370000879;370000564;CPPR;;0;;;;;7;7;0;0;0;0;0;0;0;0;0;0;0;0;0;0;0;0;0;0;0;0;;0;2281;2648;1058;0;0;1;50;45;20;0;;0;0;0
PERINAT;2014;370007569;370007528;NIV2;;56;6;;;6;3549;301;161;1;0;0;0;0;14609;1185;0;0;2724;12661;547;3339;2;2692;1;32;18;27;;2761;;;;20;0;0;0;;0;0;0;30;1;235
PERINAT;2014;380000026;380780031;CPPR;;;;;;;;;;;;;;;;;;;;;;;;;;;;;;;821;1352;97;;;0;0;;0;0;;0;0;
PERINAT;2014;380000034;380780049;NIV1;;31;;;;1;1526;99;0;0;0;0;0;0;6101;0;0;0;1108;5183;242;1389;0;1100;0;8;4;15;;1119;;;;21;0;1;323;280;35;63;;0;0;0
PERINAT;2014;380000042;380780056;CPPR;;0;0;0;0;0;;;;;;;;;;;;;;;;;;;;;;;;;41;111;15;;;0;;;;;0;;0;
PERINAT;2014;380000067;380780080;NIV3;;61;26;12;12;6;4317;388;599;22;410;13;301;11;18988;7991;4901;3831;3100;15608;743;4964;9;2999;4;101;48;4;0;3209;11881;15586;72;144;78;1;1427;1488;397;124;23;50;1;438
PERINAT;2014;380000091;380780171;CPPR;;0;0;0;0;0;;;;;;;;;;;;;;;;;;;;;;;;;252;680;39;;;0;;;;;0;;0;
PERINAT;2014;380000174;380781435;NIV2;;30;9;0;0;4;2505;200;302;18;0;0;0;0;9509;2317;0;0;1848;8008;361;2293;15;1817;1;31;7;106;0;1891;8812;17000;608;190;324;1;401;433;95;18;1;6;0;0
PERINAT;2014;380000406;380784751;NIV2;;26;6;;;4;1968;276;142;8;0;0;0;0;7299;1564;0;0;1469;6472;259;1664;2;1452;0;17;17;6;;1491;;;;71;0;1;355;381;209;14;;42;0;0
PERINAT;2014;380012658;380012609;NIV1;;35;;;;5;2251;189;0;0;0;0;0;0;8896;0;0;0;1859;8417;299;1744;0;1854;0;5;15;13;;1872;;;;101;0;1;184;177;139;0;;17;0;0
PERINAT;2014;380780197;380798173;NIV1;;33;;;;4;1681;106;0;0;0;0;0;0;7057;0;0;0;1400;6530;291;1781;0;1387;0;13;5;33;;1420;;;;9;0;0;0;;0;0;0;1;0;0
PERINAT;2014;380780288;380795203;;;;;;;;0;0;0;0;0;0;0;0;0;0;0;0;0;0;0;0;0;0;0;0;0;0;;0;;;;0;0;1;22;;0;0;0;0;0;0
PERINAT;2014;380781450;380798140;CPPR;;;;;;;0;0;0;0;0;0;0;0;0;0;0;0;0;0;0;0;0;0;0;0;0;0;;0;;;;0;0;0;0;;0;0;;0;0;0
PERINAT;2014;380785956;380795211;NIV1;;31;;;;8;1579;105;0;0;0;0;0;0;6062;0;0;0;1275;5570;279;1617;1;1263;0;12;5;5;;1287;;;;28;0;1;51;70;0;4;;7;0;0
PERINAT;2014;380786442;380798025;NIV2;;70;6;;;5;2584;242;232;15;0;0;0;0;11717;1543;0;0;2055;10473;464;3126;13;2010;1;45;11;17;;2105;;;;25;0;1;39;64;0;1;;31;1;553
PERINAT;2014;390000040;390780146;NIV2;;19;12;6;;5;1372;94;172;7;109;9;0;0;6004;1919;531;0;1054;4986;132;961;2;1032;4;22;6;2;;1078;960;3939;355;39;0;1;293;346;136;18;3;2;0;0
PERINAT;2014;390000065;390780161;NIV1;;18;;;;3;570;47;0;0;0;0;0;0;2176;0;0;0;387;1781;61;387;0;383;0;4;2;1;;392;5492;2884;209;3;0;1;63;42;54;0;0;0;0;0
PERINAT;2014;390000222;390780609;NIV2;;20;6;;;3;1415;158;176;15;0;0;0;0;5527;1102;0;0;1038;4889;135;886;1;1027;0;11;5;5;16;1048;9394;3246;36;11;0;1;229;230;102;29;0;1;0;0
PERINAT;2014;400000105;400780193;NIV2;;21;4;;;3;1365;109;150;26;0;0;0;0;5566;971;0;0;1073;5102;176;1140;0;1070;1;3;2;4;3;1080;7116;5268;440;9;0;1;286;369;56;15;1;1;0;0
PERINAT;2014;400000139;400011177;NIV2;INT;31;9;3;;4;1779;182;227;10;41;2;0;0;7388;2363;355;0;1359;6598;220;1510;2;1338;0;21;7;3;;1382;6809;6305;4513;20;0;1;334;212;187;44;1;11;1;0
PERINAT;2014;400782769;400001764;CPPR;;;;;;;0;0;0;0;0;0;0;0;0;0;0;0;0;0;0;0;0;0;0;0;0;0;;0;;;;0;0;0;0;;0;0;;0;0;0
PERINAT;2014;410000020;410000087;NIV2;;37;15;3;0;4;2007;149;285;7;82;15;0;0;9207;3380;685;0;1575;8219;248;1841;17;1532;1;43;6;11;;1618;9240;4059;120;11;0;1;742;778;495;44;1;7;0;0
PERINAT;2014;410000046;410000103;NIV1;;14;0;0;0;2;703;63;0;0;0;0;0;0;2774;0;0;0;529;2424;91;530;0;522;0;7;4;4;8;539;4535;1223;244;15;0;1;60;49;51;2;0;0;0;0
PERINAT;2014;410000202;410000319;NIV1;;20;;;;4;1004;67;0;0;0;0;0;0;3646;0;0;0;792;3288;107;510;0;792;0;0;2;3;;792;;;;5;0;0;0;;0;0;;1;0;0
PERINAT;2014;410004998;410000871;NIV1;;22;;;;3;755;64;0;0;0;0;0;0;2570;0;0;0;574;2379;92;530;0;567;0;7;3;12;;584;;;;11;0;1;51;38;29;0;0;0;0;0
PERINAT;2014;420000010;420780033;NIV2;;46;9;3;;5;2451;136;217;7;150;11;0;0;10270;2500;1050;0;1935;9013;433;2709;4;1899;2;36;6;21;;1982;6952;10999;79;14;1;1;349;363;229;19;;1;1;0
PERINAT;2014;420000226;420013831;NIV1;;21;0;0;0;4;1156;140;0;0;0;0;0;0;3871;0;0;0;893;3550;173;919;0;886;0;7;2;11;0;914;3200;2900;53;16;0;1;148;148;88;3;0;1;0;0
PERINAT;2014;420000234;420780652;NIV1;;25;;;;4;1659;97;0;0;0;0;0;0;6125;0;0;0;1396;5610;237;1227;1;1386;0;10;8;24;;1406;4631;5185;365;33;0;1;258;285;134;13;1;1;0;0
PERINAT;2014;420000267;420013831;CPPR;;;;;;;14;10;0;0;0;0;0;0;11;0;0;0;0;0;0;0;0;0;0;0;0;0;;0;1081;894;12;0;0;1;26;35;26;0;0;0;0;0
PERINAT;2014;420011413;420011405;NIV2;;44;16;;;5;2129;131;406;15;0;0;0;0;9423;4354;0;0;1572;7612;370;2490;18;1547;1;25;7;18;;1597;;;;13;2;1;118;175;17;6;;2;0;0
PERINAT;2014;420780637;420002495;NIV1;;24;;;;3;1204;80;0;0;0;0;0;0;4257;0;0;0;940;3870;146;804;0;934;0;6;3;13;;948;;;;12;0;1;144;142;76;5;;10;0;0
PERINAT;2014;420782310;420000853;;;;;;;;18;13;0;0;0;0;0;0;6;0;0;0;0;0;0;0;0;0;0;0;0;0;;0;;;;0;0;1;22;8;11;0;;3;0;0
PERINAT;2014;420785354;420784878;NIV3;;67;31;9;10;11;4197;217;722;4;91;2;323;21;18082;8593;1532;5392;3170;15175;655;4622;28;3074;4;96;37;37;;3297;7151;5826;170;53;11;1;759;635;372;72;;47;1;498
PERINAT;2014;430000117;430000018;NIV2;;21;6;;;3;1609;177;205;9;0;0;0;0;6065;1686;0;0;1100;5173;203;1245;0;1087;0;13;4;8;;1118;4812;3890;4;11;0;1;288;290;166;16;;1;0;0
PERINAT;2014;430000190;430000034;CPPR;;;;;;;;;;;;;;;;;;;;;;;;;;;;;;;;;;;;0;;;;;;;0;
PERINAT;2014;440000016;440000057;NIV2;;45;8;4;;7;3528;467;397;28;142;35;0;0;13693;3540;328;0;2705;12581;471;2951;3;2663;0;42;17;13;;2747;23259;12462;226;95;11;1;730;681;399;80;;4;0;0
PERINAT;2014;440000271;440000289;NIV3;INT;72;42;18;18;7;5262;489;1027;52;688;42;354;18;25843;14070;8212;4011;3835;21763;791;7210;27;3674;14;161;85;18;;4021;7505;2706;;126;0;1;1814;1844;595;130;;90;1;949
PERINAT;2014;440000396;440000297;NIV1;;18;;;;3;967;62;0;0;0;0;0;0;3965;0;0;0;794;3679;111;642;0;794;0;0;1;10;;794;7320;4036;225;10;0;1;134;125;80;6;;4;0;0
PERINAT;2014;440000412;440000941;NIV1;;33;;;;5;1777;146;0;0;0;0;0;0;7712;0;0;0;1432;7052;292;1821;1;1415;0;17;6;12;;1458;;;;14;0;1;104;104;45;4;;23;1;157
PERINAT;2014;440000503;440000313;NIV2;;15;4;;;4;978;65;123;13;0;0;0;0;4016;968;0;0;678;3422;115;800;0;665;1;13;5;8;;699;8859;7017;;19;0;1;136;124;63;4;;1;0;0
PERINAT;2014;440029338;440041895;NIV2;;50;6;0;0;9;3638;233;344;23;0;0;0;0;15212;1566;0;0;3223;14655;477;2984;8;3179;0;44;18;18;;3288;22215;9455;;229;0;1;669;692;136;54;;37;1;286
PERINAT;2014;440033819;440006344;NIV2;;93;6;;;12;6044;568;535;58;0;0;0;0;26026;3413;0;0;4638;22882;745;4985;2;4568;1;70;16;57;;4722;;;;34;0;0;0;;0;0;;34;1;829
PERINAT;2014;450000021;450000088;NIV3;INT;88;30;11;12;8;5644;247;1170;15;272;14;349;20;26817;10435;3012;4236;4372;23469;696;5967;4;4256;3;116;42;2;;4557;15776;5835;11669;247;1046;1;1232;1083;846;156;3;20;1;295
PERINAT;2014;450000047;450000096;NIV1;EXT;20;;;;2;1136;103;0;0;0;0;0;0;4569;0;0;0;821;3888;196;1227;0;815;1;6;4;4;;827;4668;2638;;10;0;1;183;181;110;4;;2;0;0
PERINAT;2014;450000062;450000104;NIV2;;28;10;3;;3;1981;153;259;22;42;6;0;0;7556;1925;319;0;1356;6369;279;1961;7;1333;2;23;5;9;;1382;3050;7317;841;16;0;1;316;333;300;25;0;4;0;0
PERINAT;2014;450000070;450000112;NIV1;;15;;;;2;751;87;0;0;0;0;0;0;2785;0;0;0;553;2519;118;700;0;553;0;0;1;4;;554;6250;4567;241;9;0;1;161;183;128;4;;0;0;0
PERINAT;2014;450010079;450000195;NIV2;;30;6;;;4;1127;109;135;4;0;0;0;0;4881;561;0;0;886;4659;295;1891;0;884;0;2;0;4;;894;;;;1;0;0;0;;0;0;;0;0;0
PERINAT;2014;460000045;460780083;CPPR;;;;;;;0;0;0;0;0;0;0;0;0;0;0;0;0;0;0;0;0;0;0;0;0;0;;0;1991;2349;89;0;0;1;38;27;35;0;;0;0;0
PERINAT;2014;460000052;460780091;CPPR;;;;;;;0;0;0;0;0;0;0;0;0;0;0;0;0;0;0;0;0;0;0;0;0;0;;0;;;;0;0;0;0;0;0;0;;0;0;0
PERINAT;2014;460000102;460780208;CPPR;;;;;;;0;0;0;0;0;0;0;0;0;0;0;0;0;0;0;0;0;0;0;0;0;0;;0;448;168;73;0;0;1;6;7;3;0;;0;0;0
PERINAT;2014;460000110;460780216;NIV2;;18;4;;;3;1138;115;126;23;0;0;0;0;4329;645;0;0;775;3732;110;777;3;762;0;13;4;3;;796;11678;1979;150;2;10;1;239;242;103;6;;1;0;0
PERINAT;2014;470000027;470014069;NIV1;;26;;;;4;1316;150;0;0;0;0;0;0;5215;0;0;0;978;4733;202;1355;0;967;1;11;10;9;;989;;;;10;0;1;126;141;35;1;5;16;0;0
PERINAT;2014;470000423;470000316;NIV2;;20;12;3;;2;1450;275;320;8;145;7;0;0;5125;3201;635;0;965;4415;204;1306;21;942;0;23;3;1;;989;7123;4597;;7;0;1;327;314;193;17;0;20;0;0
PERINAT;2014;470000431;470000324;NIV1;;24;;;;3;1177;129;0;0;0;0;0;0;3929;0;0;0;795;3368;180;1025;1;785;0;10;6;12;;808;12931;5807;;19;0;1;266;276;168;20;;6;0;0
PERINAT;2014;470000480;470001660;NIV1;;16;;;;4;1132;97;0;0;0;0;0;0;4143;0;0;0;831;3673;151;962;0;822;0;9;6;13;0;846;7269;4530;244;25;0;1;112;109;43;1;1;2;0;0
PERINAT;2014;480000017;480780097;NIV2;;11;4;;;2;756;82;125;25;0;0;0;0;3209;616;0;0;489;2547;94;690;0;483;0;6;3;1;;499;2221;;;3;0;1;141;155;105;2;;1;0;0
PERINAT;2014;490000049;490000031;NIV3;INT;86;25;8;15;11;5244;341;755;39;245;24;301;12;24471;7373;1953;5077;4085;21274;724;5868;46;3989;6;96;45;0;0;4181;17269;4598;232;132;0;1;1232;1252;674;100;0;27;1;316
PERINAT;2014;490000635;490000676;NIV2;;40;13;3;;8;2424;158;233;20;129;19;0;0;10474;2752;607;0;1963;9604;325;2174;1;1933;1;30;15;8;;2000;25678;7114;255;42;0;1;416;427;81;21;0;9;0;0
PERINAT;2014;490001765;490528452;NIV2;;24;6;;;4;1458;82;175;14;0;0;0;0;5538;1382;0;0;1138;4936;205;1178;1;1126;0;12;3;8;0;1158;14008;6128;251;50;0;1;302;308;195;13;;1;0;0
PERINAT;2014;490002037;490000890;NIV1;;50;;;;;1372;82;0;0;0;0;0;0;5768;0;0;0;1123;5126;223;1360;1;1114;0;9;4;2;;1134;;;;6;0;0;0;;0;0;;5;0;0
PERINAT;2014;490014909;490008109;NIV2;;50;6;;;5;2576;224;221;19;0;0;0;0;11806;1596;0;0;2042;10602;449;2911;0;2024;0;18;10;13;;2060;;;;14;0;0;0;0;0;0;;10;0;0
PERINAT;2014;500000021;500000054;NIV2;INT;32;10;6;;4;1665;202;273;15;135;15;0;0;6821;2548;543;0;1205;6092;178;1248;3;1186;0;19;8;3;;1233;;;;8;0;1;162;93;154;2;;3;0;0
PERINAT;2014;500000187;500000013;NIV3;EXT;37;12;6;6;5;2576;147;551;19;369;35;156;21;11675;3865;1820;1158;1924;10018;368;2899;8;1883;2;41;8;1;;1965;12916;4051;252;9;1;1;358;362;273;19;3;5;0;0
PERINAT;2014;500000260;500000054;CPPR;;;;;;;0;0;0;0;0;0;0;0;0;0;0;0;0;0;0;0;0;0;0;0;0;0;;0;;;;0;0;1;70;88;0;18;;0;0;0
PERINAT;2014;500000401;500000609;NIV1;;21;;;;3;884;93;0;0;0;0;0;0;3356;0;0;0;656;3023;116;773;0;647;1;9;3;8;;665;;;;5;0;1;144;152;88;5;;2;0;0
PERINAT;2014;500000450;500000112;NIV2;;22;6;;;4;1542;94;231;23;0;0;0;0;6880;1504;0;0;1175;5954;175;1234;2;1162;0;13;15;12;;1198;3118;3328;71;15;0;1;203;213;88;19;;26;0;0
PERINAT;2014;500000468;500000013;CPPR;;;;;;;;;;;;;;;;;;;;;;;;;;;;;;;2935;2059;37;;;0;;;;;;;0;
PERINAT;2014;500002357;500002233;;;;;;;;0;0;0;0;0;0;0;0;0;0;0;0;0;0;0;0;0;0;0;0;0;0;;0;;;;0;0;0;0;;0;0;;0;1;136
PERINAT;2014;510000169;510000037;NIV2;;12;6;0;0;3;1484;313;220;16;0;0;0;0;5290;1299;0;0;984;4757;189;1280;0;971;0;13;7;8;;1004;5855;1554;370;12;0;1;273;277;191;13;0;8;0;0
PERINAT;2014;510000185;510000532;NIV2;;46;11;;;5;2368;231;593;20;0;0;0;0;10189;2185;0;0;1883;9047;391;2392;3;1820;2;63;6;9;;1946;;;;13;0;1;169;164;102;7;;16;1;742
PERINAT;2014;510000193;510000557;NIV2;;37;4;;;6;2326;144;577;22;0;0;0;0;9505;777;0;0;1883;8564;449;2551;0;1868;0;15;8;13;;1898;;;;15;0;1;226;256;111;10;;3;0;0
PERINAT;2014;510000235;510000060;;;;;;;;94;25;0;0;0;0;0;0;216;0;0;0;0;0;0;0;0;0;0;0;0;0;;;;;;0;0;1;159;179;131;2;;0;0;0
PERINAT;2014;510000243;510000573;;;;;;;;51;40;0;0;0;0;0;0;14;0;0;0;0;0;0;0;0;0;0;0;0;0;;0;;;;0;0;1;44;41;0;4;0;2;0;0
PERINAT;2014;510000250;510000078;NIV1;;10;0;0;0;2;451;36;0;0;0;0;0;0;1533;0;0;0;316;1335;46;252;0;315;0;1;3;8;3;317;2753;4394;223;4;0;1;26;44;18;0;2;0;0;0
PERINAT;2014;510004302;510000029;NIV3;INT;28;20;11;18;5;2527;160;603;31;441;28;401;20;13188;6369;5143;4948;1829;10340;390;3429;80;1770;5;59;36;0;;1888;16890;2750;;40;0;1;627;619;336;50;1;23;1;147
PERINAT;2014;510024300;510024284;NIV1;;23;;;;3;930;20;0;0;0;0;0;0;3983;0;0;0;591;3059;132;853;0;584;0;7;1;4;;604;;;;7;0;0;0;;0;0;;1;0;0
PERINAT;2014;520000027;520780032;NIV2;;20;6;;;4;937;92;138;6;0;0;0;0;3450;1167;0;0;579;2862;96;655;0;570;0;9;2;4;4;591;5147;3035;68;9;0;1;166;172;128;7;;1;0;0
PERINAT;2014;520000043;520780057;NIV1;;12;;;;2;478;34;0;0;0;0;0;0;1897;0;0;0;325;1587;51;389;0;323;0;2;2;4;;328;2930;2388;102;5;0;1;78;71;58;2;;0;0;0
PERINAT;2014;520000068;520780073;NIV2;;25;12;6;0;3;1329;110;251;20;74;7;0;0;5444;2153;717;0;965;4739;212;1427;11;950;1;15;8;1;;980;12524;4040;658;21;0;1;167;175;126;3;;16;0;0
PERINAT;2014;530000017;530000025;NIV1;;25;0;0;0;3;1306;142;0;0;0;0;0;0;5356;0;0;0;958;4880;128;892;1;947;0;11;2;11;;969;;2461;135;7;0;1;55;25;26;2;;8;0;0
PERINAT;2014;530000173;530000074;NIV1;;18;;;;2;1037;181;0;0;0;0;0;0;3601;0;0;0;749;3369;141;803;2;749;0;0;1;10;0;754;5298;2895;271;21;0;1;145;122;74;8;0;17;0;0
PERINAT;2014;530000264;530000371;NIV2;;20;12;;;5;1816;164;329;30;0;0;0;0;7193;2226;0;0;1423;6548;224;1436;1;1401;0;22;15;10;;1445;;;;35;0;1;328;380;179;22;;5;0;0
PERINAT;2014;540000015;540023264;NIV3;EXT;89;20;20;20;7;5154;1031;1532;30;589;20;429;27;20053;12490;6440;6801;3083;14728;627;4187;109;2998;2;85;58;0;;3172;23041;15015;889;81;12;1;908;956;490;161;;85;1;250
PERINAT;2014;540000023;540000049;NIV1;;19;;;;2;907;103;0;0;0;0;0;0;2869;0;0;0;604;2482;38;204;0;603;0;1;3;3;;606;7541;2187;188;8;0;1;147;105;103;2;;8;0;0
PERINAT;2014;540000155;540000080;NIV1;;13;;;;2;857;84;0;0;0;0;0;0;2861;0;0;0;631;2444;118;625;0;624;0;7;1;5;;641;759;878;116;46;0;1;161;131;115;13;;9;0;0
PERINAT;2014;540000296;540000106;CPPR;;;;;;;;;;;;;;;;;;;;;;;;;;;;;;;119;473;120;;;0;;;;;;;0;
PERINAT;2014;540001070;540000767;NIV1;;20;;;;;1468;98;0;0;0;0;0;0;5162;0;0;0;1092;4577;169;950;0;1087;0;5;7;12;;1100;;;;18;36;1;229;234;156;21;;19;0;0
PERINAT;2014;540001096;570010181;NIV1;;22;;;;;1018;126;0;0;0;0;0;0;3506;0;0;0;628;2738;112;609;0;619;0;9;2;16;;638;;;;4;0;1;218;201;107;6;;0;0;0
PERINAT;2014;540013224;540000536;NIV2;;79;12;6;;9;3854;421;315;8;280;9;0;0;14883;2828;1440;0;2666;12690;570;3814;0;2630;1;36;17;5;;2702;;;;30;0;1;380;341;231;9;;8;1;299
PERINAT;2014;550000012;550006795;NIV2;;18;4;;;3;1462;116;200;17;0;0;0;0;6392;1107;0;0;883;4898;162;1332;2;873;0;10;7;4;;896;21875;6419;780;14;10;1;218;210;186;6;;19;0;0
PERINAT;2014;550000038;550000046;CPPR;;;;;;;;;;;;;;;;;;;;;;;;;;;;;;;1117;2017;50;;;0;;;;;;;0;
PERINAT;2014;550000178;550000293;;;;;;;;31;28;0;0;0;0;0;0;3;0;0;0;0;0;0;0;0;0;0;0;0;0;;0;;;;0;0;1;51;58;0;2;;0;0;0
PERINAT;2014;550000434;550003354;NIV2;;24;6;;;4;939;101;178;24;0;0;0;0;3416;897;0;0;621;2915;130;796;1;613;0;8;2;11;;631;3707;2047;190;7;0;1;125;114;88;8;0;1;0;0
PERINAT;2014;560000127;560023210;NIV3;;43;18;10;6;5;2729;140;317;14;189;16;134;3;12377;3515;1251;1692;2132;10941;423;3401;16;2078;2;54;20;1;;2212;3256;3247;231;74;0;1;574;594;173;47;;13;0;0
PERINAT;2014;560000135;560005746;NIV2;;45;18;6;;7;3964;505;500;13;121;10;0;0;14769;4952;665;0;2818;12988;501;2978;2;2777;1;41;18;4;;2859;8706;10804;596;95;210;1;701;730;425;34;;13;1;218
PERINAT;2014;560000143;560014748;NIV2;;25;;;;2;1478;195;260;17;0;0;0;0;5504;1293;0;0;1014;4796;221;1334;0;993;0;21;4;6;;1041;;;;11;0;1;209;193;150;19;;6;0;0
PERINAT;2014;560000192;560000044;NIV1;;26;;;;3;1045;85;0;0;0;0;0;0;4031;0;0;0;803;3706;152;949;0;799;0;4;6;6;;808;13034;6747;165;22;2;1;133;133;77;9;0;3;0;0
PERINAT;2014;560000200;560023210;CPPR;;;;;;;;;;;;;;;;;;;;;;;;;;;;;;;989;1684;249;;;1;32;53;32;0;;0;0;
PERINAT;2014;560002511;560000689;;;0;;;;;25;23;0;0;0;0;0;0;3;0;0;0;0;0;0;0;0;0;0;0;0;0;;0;;;;0;0;1;50;96;36;5;;3;0;0
PERINAT;2014;560007510;560001307;;;;;;;;11;10;0;0;0;0;0;0;1;0;0;0;0;0;0;0;0;0;0;0;0;0;;0;;;;0;0;1;20;36;13;1;0;0;0;0
PERINAT;2014;560008799;560013989;NIV1;;30;;;;4;1459;114;0;0;0;0;0;0;5460;0;0;0;1139;4887;199;1191;0;1126;0;13;4;12;;1156;;;;20;2;0;0;;0;0;;6;0;0
PERINAT;2014;570000059;570025254;NIV2;;18;18;7;;3;1572;152;408;15;196;11;0;0;6794;4011;1637;0;1020;5098;257;1962;15;996;0;24;7;3;36;1044;13928;0;12;19;0;1;316;282;169;13;;1;0;0
PERINAT;2014;570000083;570000729;NIV1;;21;;;;3;1505;95;0;0;0;0;0;0;5609;0;0;0;1154;4718;233;1334;0;1145;0;9;4;25;;1168;;;;15;0;1;232;275;94;11;;4;0;0
PERINAT;2014;570000117;570015099;NIV1;;12;;;;2;637;55;0;0;0;0;0;0;2683;0;0;0;457;2309;104;715;0;453;1;4;5;2;0;458;5772;4962;426;10;0;1;93;107;76;8;0;3;0;0
PERINAT;2014;570000349;570005165;NIV2;INT;52;17;6;;6;3936;816;439;21;301;15;0;0;13118;5067;2093;0;2325;10932;363;2515;0;2288;2;37;23;9;35;2376;12278;5794;20;27;26;1;496;506;480;17;0;23;0;0
PERINAT;2014;570000364;570011569;;;0;;;;;23;23;0;0;0;0;0;0;0;0;0;0;0;0;0;0;0;0;0;0;0;0;;0;;;;0;0;1;93;80;62;1;;0;0;0
PERINAT;2014;570000646;570001115;NIV2;;47;12;6;;5;2524;141;308;10;67;6;0;0;12118;3060;540;0;2048;10351;363;2845;1;2019;1;29;5;5;7;2087;;;;23;0;1;145;191;85;6;;8;0;0
PERINAT;2014;570000661;570000158;CPPR;;;;;;;;;;;;;;;;;;;;;;;;;;;;;;;629;2333;65;;;0;;;;;;;0;
PERINAT;2014;570000901;570000158;NIV1;;21;;;;3;1234;149;0;0;0;0;0;0;4398;0;0;0;873;3946;153;981;1;866;0;7;3;20;;883;2439;7996;79;14;0;1;128;164;62;12;;0;0;0
PERINAT;2014;570026682;570005165;NIV2;;60;18;6;0;6;4352;470;597;21;368;34;0;0;16664;5215;1712;0;2964;13885;543;3450;3;2901;1;63;28;7;24;3063;16852;10011;144;20;0;1;1280;1284;791;105;0;37;1;622
PERINAT;2014;580780195;580005148;NIV1;;15;4;;;2;463;34;0;0;0;0;0;0;1736;0;0;0;354;1581;65;382;0;354;0;0;1;3;;360;;;;3;0;1;62;;6;4;;0;0;0
PERINAT;2014;580972669;580780070;CPPR;;;;;;;;;;;;;;;;;;;;;;;;;;;;;;;197;3100;14;;;0;;;;;;;0;
PERINAT;2014;580972685;580780096;NIV1;;0;;;;;35;26;0;0;0;0;0;0;21;0;0;0;3;3;0;0;0;2;0;1;1;3;;4;3745;3394;2301;1;0;1;238;186;135;21;;3;0;0
PERINAT;2014;580972693;580780039;NIV2;;34;10;3;;4;1737;109;191;11;63;13;0;0;7825;1814;294;0;1217;6095;225;1693;0;1205;2;12;5;7;26;1245;11659;7372;123;10;0;1;156;265;53;15;0;0;0;0
PERINAT;2014;590000121;590780227;NIV2;;39;6;;;;2787;336;260;25;0;0;0;0;10230;1358;0;0;2082;9348;323;1866;1;2062;0;20;15;7;;2107;;;;66;0;1;304;306;179;15;1;11;0;0
PERINAT;2014;590000428;590781605;NIV1;;19;;;;3;892;94;0;0;0;0;0;0;3644;0;0;0;541;2798;97;664;0;538;0;3;2;6;;544;5282;1273;317;4;0;1;386;363;288;27;;3;0;0
PERINAT;2014;590000436;590781621;NIV1;;15;;;;;622;54;0;0;0;0;0;0;2530;0;0;0;476;2358;93;569;0;473;0;3;5;4;;484;4935;2370;;6;0;1;195;181;115;7;;2;0;0
PERINAT;2014;590000469;590781662;NIV1;;28;;;;3;1067;74;0;0;0;0;0;0;3931;0;0;0;774;3432;141;755;0;766;0;8;2;8;;784;;;;6;0;1;58;23;26;1;;2;0;0
PERINAT;2014;590000535;590781803;NIV2;;25;14;6;;3;1420;77;417;11;221;10;0;0;6343;4377;1802;0;1022;5465;210;1457;8;1004;1;18;4;3;;1050;1358;4884;105;5;0;1;328;344;223;30;1;1;0;0
PERINAT;2014;590000592;590782165;NIV1;;22;;;;3;1806;145;0;0;0;0;0;0;7105;0;0;0;1267;6024;235;1501;0;1259;0;8;9;22;;1275;1502;6452;67;12;0;1;353;336;212;39;0;0;0;0
PERINAT;2014;590000618;590782215;NIV3;INT;60;20;6;10;7;5815;1172;879;12;279;21;233;10;22707;9347;2718;2770;3599;19506;703;5643;19;3512;3;87;39;9;0;3686;8757;1276;;39;0;1;937;997;705;58;3;50;0;0
PERINAT;2014;590000758;590782637;NIV2;;32;8;;;3;2321;379;294;38;0;0;0;0;8546;2238;0;0;1459;7416;223;1783;3;1441;1;18;9;19;;1482;5514;11800;1194;15;0;1;778;879;353;57;;0;0;0
PERINAT;2014;590000774;590782652;NIV1;;17;;;;3;1251;90;0;0;0;0;0;0;4635;0;0;0;884;3996;136;797;0;874;0;10;4;14;;894;1360;5076;;8;0;0;0;;0;0;;1;0;0
PERINAT;2014;590001004;590783239;NIV2;;32;14;;;4;2646;445;379;41;0;0;0;0;9493;2980;0;0;1726;8407;322;2261;6;1693;2;33;13;13;;1759;9769;9120;;17;0;1;645;695;149;56;;5;0;0
PERINAT;2014;590006607;590780193;NIV3;EXT;141;46;24;16;9;8762;1896;1619;30;628;18;677;29;33545;19377;7953;5650;5440;28858;1002;8253;4;5258;9;182;88;2;;5639;30289;27115;543;489;52;1;1488;1404;489;130;12;60;1;777
PERINAT;2014;590046538;590781415;NIV2;;45;12;;;4;1960;74;1676;35;0;0;0;0;7653;7908;0;0;1489;6641;253;1419;4;1463;0;26;5;21;56;1523;18040;4464;327;11;0;1;813;0;496;43;;1;0;0
PERINAT;2014;590052056;590051801;NIV2;;25;6;;;3;1234;55;134;6;0;0;0;0;5225;1308;0;0;938;4469;207;1273;4;925;0;13;2;7;;951;;1484;;18;0;0;0;;0;0;;1;0;0
PERINAT;2014;590780268;590053955;NIV2;;54;6;;;4;2706;243;310;14;0;0;0;0;11730;2032;0;0;2245;11116;470;2923;1;2211;0;34;15;8;;2279;;;;15;0;0;0;;0;0;;11;1;667
PERINAT;2014;590782298;590000675;NIV1;;31;;;;4;1387;115;0;0;0;0;0;0;5460;0;0;0;963;4641;204;1187;0;960;0;3;3;5;;966;;;;10;0;0;0;;0;0;;16;1;411
PERINAT;2014;590782553;590000741;NIV1;;39;;;;6;2615;176;0;0;0;0;0;0;10168;0;0;0;2075;9310;353;1851;4;2057;0;18;12;20;;2093;;;;20;0;0;0;;0;0;;6;0;0
PERINAT;2014;590791562;590782421;NIV2;;59;20;6;0;6;3601;212;583;41;164;16;0;0;13999;6803;2903;0;2724;12263;468;3029;6;2668;0;56;21;16;14;2782;3824;9074;1758;331;0;1;1192;1274;674;54;6;4;0;0
PERINAT;2014;590797353;590051801;NIV2;;35;15;6;;4;3252;656;655;29;246;15;0;0;11039;5071;1642;0;2100;9755;309;2082;5;2077;0;23;7;4;;2124;9115;15748;;26;1;0;0;;0;0;;11;0;0
PERINAT;2014;590804696;590781902;NIV2;INT;37;6;;;5;2553;350;254;18;0;0;0;0;9244;1849;0;0;1786;8416;251;1545;1;1763;0;23;10;16;15;1815;10095;5757;90;37;0;1;616;615;388;23;0;4;0;0
PERINAT;2014;590813382;590000386;NIV1;;34;;;;4;1607;75;0;0;0;0;0;0;5473;0;0;0;1365;4995;275;1241;1;1357;0;8;4;20;;1373;;;;12;0;0;1;;0;0;;8;0;0
PERINAT;2014;590813507;590000485;NIV1;;21;;;;3;1507;107;0;0;0;0;0;0;5865;0;0;0;985;4780;297;1809;0;974;0;11;6;18;;1000;;;;11;0;1;128;111;2;4;;2;0;0
PERINAT;2014;590816310;590000048;NIV1;;33;;;;;1645;107;0;0;0;0;0;0;6222;0;0;0;1242;5468;221;1228;0;1228;0;14;2;15;;1260;;;;7;0;0;0;;0;0;;0;0;0
PERINAT;2014;590817839;590053955;NIV1;;30;;;;5;1157;64;0;0;0;0;0;0;4257;0;0;0;774;3574;157;896;0;769;0;5;4;21;;779;;;;4;0;0;0;;0;0;;1;0;0
PERINAT;2014;600000053;600101984;NIV2;;36;6;;;5;2848;780;194;4;0;0;0;0;9698;1275;0;0;1863;9064;349;2125;0;1830;2;33;18;1;0;1896;5970;3724;;21;0;1;306;289;252;15;;14;1;245
PERINAT;2014;600000186;600100648;NIV1;;9;0;0;0;2;610;71;0;0;0;0;0;0;2036;0;0;0;431;1763;55;262;0;428;0;3;3;13;;436;263;3190;16;9;1;1;186;165;131;12;0;9;0;0
PERINAT;2014;600000194;600100713;NIV2;INT;42;15;6;;5;2945;125;372;26;98;19;0;0;14072;4205;858;0;2444;12881;508;3502;1;2401;0;43;22;19;;2503;22766;67314;189;19;1;1;639;604;307;88;;14;0;0
PERINAT;2014;600000285;600100721;CPPR;;;;;;;0;0;0;0;0;0;0;0;0;0;0;0;0;0;0;0;0;0;0;0;0;0;;0;;;;0;0;1;32;55;32;0;;0;0;0
PERINAT;2014;600000467;600101984;NIV3;INT;40;16;8;2;4;2224;262;500;27;129;3;82;6;9672;3829;1282;753;1577;8054;291;2026;9;1554;1;23;8;3;;1623;4028;2565;;9;0;1;351;374;254;69;;5;0;0
PERINAT;2014;600100754;600000228;NIV1;;23;;;;;1547;126;0;0;0;0;0;0;5823;0;0;0;1275;5401;208;1080;0;1260;0;15;4;12;;1292;;;;19;0;0;0;;0;0;;1;0;0
PERINAT;2014;600113476;600100721;NIV2;;29;9;6;;;2014;69;450;13;303;17;0;0;8893;3414;1645;0;1556;7403;337;2082;8;1525;1;31;9;5;33;1594;6638;3051;77;19;10;1;426;357;300;35;2;5;0;0
PERINAT;2014;610000044;610780074;NIV1;;12;;;;3;720;64;0;0;0;0;0;0;3241;0;0;0;444;2397;149;912;0;441;0;3;0;12;;449;2386;4731;22;0;0;1;105;106;41;8;;3;0;0
PERINAT;2014;610000051;610780082;NIV2;EXT;21;6;;;4;1490;130;192;5;0;0;0;0;5074;1203;0;0;1071;4469;175;975;0;1063;0;8;6;4;;1080;15856;8368;42;13;0;1;266;265;187;15;0;1;0;0
PERINAT;2014;610000069;610780090;NIV1;;15;;;;3;914;59;0;0;0;0;0;0;3441;0;0;0;585;2901;110;715;0;579;1;6;4;3;;591;13213;4427;63;5;0;1;99;118;85;2;1;1;0;0
PERINAT;2014;610000119;610780165;NIV2;;20;8;;;3;1250;106;221;16;0;0;0;0;5414;1651;0;0;981;4995;159;1060;3;969;1;12;6;9;;998;;2785;;8;0;1;188;196;120;10;;4;0;0
PERINAT;2014;610780116;610790594;CPPR;;0;0;0;0;0;;;;;;;;;;;;;;;;;;;;;;;;;1861;1584;49;;;0;;;;;0;;0;
PERINAT;2014;620000034;620100057;NIV3;;35;24;11;8;5;3171;539;780;32;354;10;277;18;11937;7226;2854;2523;2116;10187;411;2763;49;2066;0;50;19;0;;2177;8150;5406;318;125;125;1;835;863;499;70;;11;0;0
PERINAT;2014;620000224;620100651;NIV2;;24;6;;;4;1628;320;139;6;0;0;0;0;5994;1257;0;0;987;5088;230;1388;3;970;2;17;9;10;;1007;;;;11;0;1;532;456;313;32;;19;0;0
PERINAT;2014;620000257;620100685;NIV3;;56;24;12;8;6;3366;135;537;11;475;16;330;17;14201;6837;3568;2811;2569;12280;497;3439;10;2502;2;67;41;3;;2658;25741;9034;3722;41;0;1;840;818;365;73;;24;1;561
PERINAT;2014;620000323;620101337;NIV3;;42;22;14;11;5;3017;315;738;12;326;11;327;17;13619;7865;4270;4339;2223;11741;370;3002;59;2174;2;49;24;2;2;2266;19730;5450;218;163;214;1;297;285;47;83;;14;0;0
PERINAT;2014;620000349;620101360;NIV2;;31;6;;;4;2234;243;278;20;0;0;0;0;8987;1744;0;0;1484;7771;249;1728;0;1470;0;14;1;8;;1506;;;;6;0;1;288;528;174;11;;0;0;0
PERINAT;2014;620000653;620103440;NIV2;;33;15;3;;3;1821;310;344;20;129;11;0;0;7084;3323;919;0;1267;6450;262;1770;5;1251;1;16;6;6;;1283;14799;5980;23;7;0;1;624;677;462;37;0;5;1;90
PERINAT;2014;620003202;620103432;NIV2;;23;4;0;0;3;1432;104;203;17;0;0;0;0;5646;1039;0;0;1125;5205;255;1456;0;1107;1;18;6;10;;1150;12702;29128;;13;0;1;291;280;174;16;;6;0;0
PERINAT;2014;620003350;620001834;NIV1;;25;;;;3;1645;157;0;0;0;0;0;0;5956;0;0;0;1214;5362;259;1388;0;1205;0;9;7;29;;1221;8791;3716;568;15;0;0;0;;0;0;;1;0;0
PERINAT;2014;620025346;620001834;NIV1;;24;;;;3;1631;224;0;0;0;0;0;0;5280;0;0;0;1106;4549;122;620;0;1098;1;8;7;15;;1118;;;;11;0;0;0;;0;0;;2;0;0
PERINAT;2014;620100099;620014779;NIV1;;21;;;;4;1344;121;0;0;0;0;0;0;5417;0;0;0;1005;4687;221;1231;0;998;0;7;4;15;;1012;;;;5;0;0;0;;0;0;;0;0;0
PERINAT;2014;620100735;620000265;NIV1;;40;;;;4;1465;113;0;0;0;0;0;0;6022;0;0;0;939;4563;294;1734;0;929;0;10;8;18;;941;;;;6;0;1;3;14;0;0;;6;0;0
PERINAT;2014;620118513;620002915;NIV1;;30;;;;4;1446;40;0;0;0;0;0;0;6557;0;0;0;1135;5859;284;1956;0;1119;0;16;5;19;;1151;;;;11;0;0;0;;0;0;;5;1;141
PERINAT;2014;630000412;630780997;CPPR;;;;;;;;;;;;;;;;;;;;;;;;;;;;;;;286;3363;70;;;1;9;14;9;0;;0;0;
PERINAT;2014;630000420;630781003;NIV1;;17;0;;;2;916;97;0;0;0;0;0;0;3474;0;0;0;644;3108;113;671;0;639;0;5;7;5;0;653;4732;2893;18;9;0;1;203;270;144;12;0;21;0;0
PERINAT;2014;630000446;630781029;NIV1;;16;;;;2;636;45;0;0;0;0;0;0;2547;0;0;0;485;2251;85;539;0;480;0;5;2;9;;490;1228;3160;;22;0;1;111;114;84;4;;1;0;0
PERINAT;2014;630781268;630780989;NIV3;;72;33;12;10;9;4963;364;651;5;253;6;329;24;23143;11850;4183;3047;3788;20214;673;5010;10;3690;3;98;39;7;7;3942;10872;19484;212;30;1;1;1138;1186;320;85;7;26;1;607
PERINAT;2014;630781839;630000826;NIV2;;71;6;;;6;2930;349;180;19;0;0;0;0;12079;1003;0;0;2192;10670;475;2971;1;2162;0;30;11;14;;2223;;;;13;0;1;270;278;126;9;;29;1;308
PERINAT;2014;640000162;640780417;NIV3;INT;35;10;4;6;5;2934;168;562;53;204;10;137;6;12467;3494;1415;1754;2321;11071;362;2801;27;2268;3;53;19;6;;2384;12208;5949;;182;311;1;627;656;208;66;1;14;0;0
PERINAT;2014;640000402;640780813;NIV1;;0;;;;0;377;45;0;0;0;0;0;0;1400;0;0;0;281;1282;49;305;0;280;0;1;1;5;;285;2017;1814;1464;20;0;1;53;46;36;1;0;1;0;0
PERINAT;2014;640000600;640781290;NIV3;;30;11;3;6;4;2007;163;259;8;67;0;200;17;8707;2642;879;1501;1487;7257;301;2266;52;1439;1;48;8;0;;1535;11109;3920;339;132;0;1;716;663;212;40;0;24;0;0
PERINAT;2014;640015921;640780821;NIV1;;15;;;;3;427;48;0;0;0;0;0;0;1792;0;0;0;314;1526;57;362;0;311;0;3;0;5;0;320;127;3328;;7;0;1;77;107;47;3;;23;0;0
PERINAT;2014;640017646;640017638;NIV1;;10;;;;2;318;36;0;0;0;0;0;0;1121;0;0;0;236;1017;55;308;1;236;0;0;0;2;;239;4378;7836;;6;0;1;11;;11;0;;0;0;0
PERINAT;2014;640780482;640012209;NIV1;;17;;;;4;1415;124;0;0;0;0;0;0;5284;0;0;0;1163;4838;261;1418;0;1144;0;19;4;1;;1182;;;;29;0;1;190;213;0;5;;4;1;228
PERINAT;2014;640780755;640780417;CPPR;;;;;;;;;;;;;;;;;;;;;;;;;;;;;;;47;1344;;;;0;;;;;;;0;
PERINAT;2014;640780946;640000469;NIV1;;39;;;;5;2107;153;0;0;0;0;0;0;9087;0;0;0;1707;8098;308;1980;1;1688;0;19;6;10;;1728;;;;34;0;1;119;154;102;1;;20;1;429
PERINAT;2014;650000045;650780158;NIV1;;15;;;;2;319;45;0;0;0;0;0;0;1202;0;0;0;208;1076;42;287;0;208;0;0;1;0;;209;;;;2;0;1;96;104;70;2;;0;0;0
PERINAT;2014;650000417;650783160;NIV2;EXT;21;6;3;;3;1303;102;204;21;57;15;0;0;5493;1693;129;0;943;4724;230;1541;23;920;2;23;2;6;;983;11230;1796;287;11;0;1;302;319;196;24;;27;0;0
PERINAT;2014;650780679;650000243;NIV1;;23;;;;3;1177;103;0;0;0;0;0;0;4667;0;0;0;905;4204;173;1014;0;896;0;9;1;0;;917;;;;8;0;1;207;131;109;9;;1;0;0
PERINAT;2014;650784218;650780174;CPPR;;;;;;;0;0;0;0;0;0;0;0;0;0;0;0;0;0;0;0;0;0;0;0;0;0;;0;2010;1739;61;0;0;1;35;45;26;0;0;3;0;0
PERINAT;2014;660000084;660780180;NIV3;;44;22;5;6;4;2950;458;577;17;211;14;187;16;13172;7503;1622;2224;1863;10512;388;3706;15;1796;3;67;21;11;49;1960;11107;3288;521;60;4;1;1394;1331;1032;89;;67;0;0
PERINAT;2014;660780669;660000324;NIV1;;48;;;;4;2096;144;0;0;0;0;0;0;8821;0;0;0;1663;7772;317;1893;0;1655;0;8;4;15;;1683;;;;18;0;1;263;290;161;2;;9;0;0
PERINAT;2014;660780784;660000407;NIV1;;24;;;;3;1647;135;0;0;0;0;0;0;6627;0;0;0;1238;6055;242;1491;1;1228;0;10;4;0;;1248;;;;11;0;1;105;149;31;4;;2;1;220
PERINAT;2014;670000082;670780147;NIV1;;30;;;;6;1857;197;0;0;0;0;0;0;6948;0;0;0;1470;6330;289;1524;6;1456;1;14;3;7;;1484;;;;45;0;1;203;192;144;8;;3;0;0
PERINAT;2014;670000157;670780337;NIV2;;43;10;4;0;5;2561;233;392;17;171;7;0;0;10838;2714;649;0;1634;8192;327;2435;1;1606;1;28;11;6;;1670;24458;6573;;28;0;1;374;331;281;27;;22;0;0
PERINAT;2014;670000165;670780345;NIV2;;16;4;;;3;1338;169;182;15;0;0;0;0;4602;1043;0;0;902;4034;193;1248;0;889;0;13;5;5;;912;;;;27;0;1;168;158;131;11;;10;0;0
PERINAT;2014;670000215;680000643;CPPR;;;;;;;;;;;;;;;;;;;;;;;;;;;;;;;301;620;55;;;0;;;;;;;0;
PERINAT;2014;670000272;670780543;NIV1;;10;;;;2;442;47;0;0;0;0;0;0;1830;0;0;0;346;1535;67;356;0;345;0;1;1;4;;348;7711;3662;;15;0;1;56;68;42;1;;0;0;0
PERINAT;2014;670000397;670780691;NIV2;;26;4;;;3;1612;169;208;14;0;0;0;0;6244;744;0;0;1219;5707;193;1206;1;1207;0;12;4;18;;1232;;4495;20;53;0;1;220;227;210;12;0;2;0;0
PERINAT;2014;670000405;670780709;CPPR;;;;;;;;;;;;;;;;;;;;;;;;;;;;;;;80;414;84;;;1;19;13;19;0;;0;0;
PERINAT;2014;670780113;670780055;NIV2;;58;6;;;9;4354;275;539;23;0;0;0;0;17938;2510;0;0;3455;16335;553;4009;0;3395;4;60;42;1;;3432;7904;8845;;237;52;1;1044;814;877;32;7;37;1;971
PERINAT;2014;670780170;670000116;;;0;0;0;0;0;;;;;;;;;;;;;;;;;;;;;;;;;;;;;;1;1;4;0;0;;0;0;
PERINAT;2014;670780212;670014604;NIV2;;38;6;;;6;2217;142;292;18;0;0;0;0;9432;954;0;0;1798;8584;443;2793;26;1784;0;14;1;9;;1812;;3592;;49;2;0;0;;0;0;;0;0;0
PERINAT;2014;670783273;670780055;NIV3;EXT;59;37;18;16;9;4088;308;975;35;534;39;467;63;19871;11395;5387;4159;2847;15923;680;6172;5;2717;7;130;38;1;;2894;18492;7795;;111;31;1;771;1064;700;39;7;22;0;0
PERINAT;2014;670798636;670014604;CPPR;;;;;;;;;;;;;;;;;;;;;;;;;;;;;;;;;;;;0;;;;;;;0;
PERINAT;2014;680000320;680000643;NIV2;;42;6;0;0;4;2545;160;196;11;0;0;0;0;10406;921;0;0;1990;9411;420;2577;0;1966;0;24;5;19;;2024;677;3119;478;20;0;0;0;;0;0;;2;0;0
PERINAT;2014;680000494;680000643;;;;;;;;0;0;0;0;0;0;0;0;0;0;0;0;0;0;0;0;0;0;0;0;0;0;;0;;;;0;0;0;0;;0;0;;0;1;317
PERINAT;2014;680000544;680000395;NIV1;;10;;;;2;594;75;0;0;0;0;0;0;2125;0;0;0;456;2003;102;602;0;451;0;5;2;5;;463;;1591;107;11;0;1;94;59;71;5;0;0;0;0
PERINAT;2014;680000601;680000437;NIV1;;10;;;;3;644;62;0;0;0;0;0;0;2352;0;0;0;412;1958;93;552;0;410;0;2;1;13;;415;4035;3287;;9;0;1;94;93;69;7;;7;0;0
PERINAT;2014;680000627;680000486;NIV3;EXT;58;25;9;6;8;4295;352;627;10;173;0;233;26;19362;7575;3004;2228;2965;16267;638;5336;10;2898;6;67;25;4;4;3078;28846;2784;;30;9;1;1097;1204;957;71;8;12;0;0
PERINAT;2014;680000700;680001005;CPPR;;1;;;;;7;7;0;0;0;0;0;0;0;0;0;0;0;0;0;0;0;0;0;0;0;0;;0;;;;0;0;1;12;22;12;0;;0;0;0
PERINAT;2014;680001195;680016011;NIV1;;20;;;;3;934;51;0;0;0;0;0;0;3474;0;0;0;796;3255;140;755;0;791;0;5;2;5;;801;7662;5339;437;31;0;0;0;;0;0;;0;0;0
PERINAT;2014;680001245;680000973;NIV2;INT;46;18;6;;5;2726;258;387;19;118;14;0;0;11175;3906;1607;0;2010;9892;379;2591;0;1974;1;36;11;7;;2051;19121;16691;171;33;0;1;482;572;277;48;;3;0;0
PERINAT;2014;680020088;680020062;NIV1;;10;;;;2;167;16;0;0;0;0;0;0;626;0;0;0;109;529;34;201;0;109;0;0;1;0;;111;;;;2;0;0;0;;0;0;;0;0;0
PERINAT;2014;690000013;690780036;NIV1;;14;;;;3;1342;98;0;0;0;0;0;0;4725;0;0;0;1029;4175;158;974;1;1028;0;1;4;9;0;1039;;5059;99;71;0;1;117;106;68;3;;2;0;0
PERINAT;2014;690000021;690780044;NIV1;;23;;;;4;1774;174;0;0;0;0;0;0;7211;0;0;0;1326;6271;322;1991;5;1319;0;7;3;23;;1336;4738;2161;247;10;0;1;221;172;161;5;;0;0;0
PERINAT;2014;690000575;690782222;NIV2;;26;15;9;;4;2369;120;385;28;212;9;0;0;10597;4992;2384;0;1818;8780;354;2747;4;1787;0;31;13;12;;1868;11932;4702;;39;0;1;288;264;157;14;;1;0;0
PERINAT;2014;690000625;690782271;CPPR;;;;;;;8;8;0;0;0;0;0;0;0;0;0;0;0;0;0;0;0;0;0;0;0;0;;0;1840;3660;;0;0;1;73;90;36;1;0;0;0;0
PERINAT;2014;690007539;690781810;NIV3;;93;36;18;14;8;6276;660;632;11;443;21;516;24;30889;12774;6459;4767;4364;25591;987;8766;49;4157;12;207;103;12;;4618;16972;48101;;146;2;1;1254;1371;673;152;;111;1;1384
PERINAT;2014;690022959;690000732;NIV2;;78;15;;;8;5518;361;449;28;0;0;0;0;25894;4901;0;0;4440;23011;1203;8520;27;4352;3;88;9;22;;4528;;;;27;0;1;511;;213;14;2;17;1;698
PERINAT;2014;690780150;690000104;CPPR;;;;;;;;;;;;;;;;;;;;;;;;;;;;;;;2950;1434;16;;;0;;;;;;;0;
PERINAT;2014;690780358;690000195;NIV2;;70;9;;;10;3486;268;311;16;0;0;0;0;14149;2566;0;0;2910;12398;543;3560;40;2848;1;62;3;148;;2993;;;;32;1;0;0;;0;0;;5;1;755
PERINAT;2014;690780390;690000229;NIV1;;18;;;;3;814;67;0;0;0;0;0;0;3198;0;0;0;614;2823;134;918;0;611;0;3;0;2;;619;;;;3;0;0;0;;0;0;;0;0;0
PERINAT;2014;690780416;690031190;NIV1;;30;0;0;0;5;2188;103;0;0;0;0;0;0;8749;0;0;0;1804;7832;408;2620;1;1782;1;22;11;19;;1826;;;;53;0;1;151;162;59;7;;0;0;0
PERINAT;2014;690782834;690000724;NIV1;;20;;;;4;925;60;0;0;0;0;0;0;3377;0;0;0;751;3032;134;707;5;745;0;6;5;8;;761;;;;3;0;0;0;;0;0;;0;1;418
PERINAT;2014;690783154;690781810;;;;;;;;0;0;0;0;0;0;0;0;0;0;0;0;0;0;0;0;0;0;0;0;0;0;;0;;;;0;0;1;1675;1832;464;46;12;0;0;0
PERINAT;2014;690784137;690781810;NIV2;;38;18;6;0;4;3175;537;338;16;278;14;0;0;13303;7030;2358;0;1981;10630;494;3765;41;1936;4;45;20;12;;2099;5890;9748;13;17;1;1;400;563;146;86;;25;0;0
PERINAT;2014;690784152;690781810;NIV3;EXT;76;36;18;15;7;5322;579;623;12;354;11;330;9;24413;12175;6209;5175;4053;20613;814;6432;62;3927;7;126;51;16;;4209;8188;19939;;56;1;1;983;869;377;99;;76;0;0
PERINAT;2014;690805361;690805353;NIV1;;21;0;0;0;4;1949;184;0;0;0;0;0;0;6374;0;0;0;1578;5955;225;1082;2;1572;0;6;7;7;0;1584;7167;2590;102;32;0;0;0;;0;0;;3;0;0
PERINAT;2014;690807367;690003447;NIV1;;20;;;;3;1338;80;0;0;0;0;0;0;5357;0;0;0;1083;4641;197;1200;0;1068;0;15;2;10;;1098;;;;15;0;0;0;;0;0;;1;0;0
PERINAT;2014;690807599;690006598;NIV1;;22;0;0;0;4;1688;67;0;0;0;0;0;0;6448;0;0;0;1392;5852;253;1474;5;1383;0;9;7;5;0;1409;8099;6794;199;84;0;1;125;145;66;2;0;1;0;0
PERINAT;2014;700000029;700004591;NIV2;;25;6;;;4;1740;132;133;10;0;0;0;0;7062;1450;0;0;1121;5617;169;1185;0;1114;0;7;8;7;;1139;12564;20093;;9;0;1;137;209;17;33;3;3;0;0
PERINAT;2014;700780059;700004591;;;;;;;;;;;;;;;;;;;;;;;;;;;;;;;;;;;;;1;5;10;5;0;;0;0;
PERINAT;2014;700780208;700004591;CPPR;;;;;;;;;;;;;;;;;;;;;;;;;;;;;;;;;;;;1;11;25;11;0;;0;0;
PERINAT;2014;710010067;710780644;NIV1;;15;;;;2;833;71;0;0;0;0;0;0;3088;0;0;0;622;2792;115;699;0;612;0;10;5;12;;632;;;;15;0;1;158;138;127;12;;11;0;0
PERINAT;2014;710010786;710781451;NIV1;;10;;;;3;415;31;0;0;0;0;0;0;1610;0;0;0;315;1464;67;388;0;313;0;2;1;6;;319;3099;695;;1;0;1;77;89;34;5;0;0;0;0
PERINAT;2014;710978263;710780958;NIV2;;42;14;7;;1;2669;240;358;12;197;9;0;0;10570;4348;2377;0;1928;8898;314;2073;9;1901;1;27;9;4;;1961;7072;9586;177;14;21;1;413;392;76;27;;7;0;0
PERINAT;2014;710978289;710780263;NIV2;;44;10;3;;4;2095;126;266;57;103;7;0;0;8807;2176;799;0;1633;7882;217;1551;5;1616;1;17;8;5;0;1655;9726;4527;321;18;0;1;422;442;225;23;0;8;0;0
PERINAT;2014;710978313;710976705;CPPR;;;;;;;10;9;0;0;0;0;0;0;1;0;0;0;0;0;0;0;0;0;0;0;0;0;;0;;;;0;0;1;91;122;61;4;;0;0;0
PERINAT;2014;710978347;710781204;NIV1;;23;;;;4;1291;95;0;0;0;0;0;0;4710;0;0;0;892;3817;179;1098;2;880;0;12;1;6;;908;10224;5895;169;129;0;1;83;76;38;5;;0;0;0
PERINAT;2014;720000033;720000025;NIV3;;82;24;6;8;9;5371;724;605;25;159;4;203;9;21725;6082;1697;1954;3894;19354;604;4400;30;3816;2;78;35;0;;3997;2464;10917;342;56;0;1;1002;1101;332;119;1;21;0;0
PERINAT;2014;720000231;720000637;NIV2;;41;12;3;;11;2492;186;273;6;115;5;0;0;10150;2860;604;0;1878;8922;517;3211;1;1841;0;37;7;5;;1942;;;;15;0;1;90;71;48;4;;21;1;370
PERINAT;2014;720016179;720016724;NIV1;;22;;;;3;989;145;0;0;0;0;0;0;3576;0;0;0;625;3075;121;858;0;621;0;4;1;4;;633;3180;3560;138;5;0;1;108;104;47;2;;0;0;0
PERINAT;2014;730000031;730000015;NIV3;;72;18;6;10;7;4345;329;615;9;266;14;292;18;19894;6563;2223;2911;3284;16596;723;5740;29;3207;2;77;23;2;;3405;;;;96;1;1;430;393;110;48;0;29;0;0
PERINAT;2014;730000080;730780103;NIV1;;12;;;;2;410;63;0;0;0;0;0;0;1480;0;0;0;304;1379;47;291;0;303;0;1;0;2;;306;2283;451;47;3;0;1;87;89;67;3;0;2;0;0
PERINAT;2014;730000098;730780111;CPPR;;;;;;;0;0;0;0;0;0;0;0;0;0;0;0;0;0;0;0;0;0;0;0;0;0;;0;;;;0;0;1;80;88;47;4;0;0;0;0
PERINAT;2014;730000247;730780525;NIV1;;12;;;;2;349;39;0;0;0;0;0;0;1279;0;0;0;254;1191;44;288;0;254;0;0;1;4;;254;3620;1402;19;1;0;1;112;117;93;1;2;4;0;0
PERINAT;2014;730000262;730002839;NIV2;;26;6;;;3;1449;176;462;32;0;0;0;0;5694;2060;0;0;1015;4982;225;1382;5;1003;0;12;10;9;;1032;5421;4533;;21;0;1;271;270;159;22;1;11;0;0
PERINAT;2014;740000237;740781133;NIV2;;40;18;6;;5;3322;132;469;13;148;9;0;0;15344;6331;1519;0;2638;13657;475;3389;8;2568;0;70;27;9;43;2711;6030;6887;690;59;0;1;707;690;238;80;8;30;0;0
PERINAT;2014;740000302;740781133;NIV1;;25;;;;3;1222;107;0;0;0;0;0;0;4619;0;0;0;907;4041;159;1013;1;903;0;4;9;9;1;911;;6166;651;49;0;1;320;412;260;4;0;3;0;0
PERINAT;2014;740000328;740790381;NIV2;;29;6;;;4;2031;169;231;11;0;0;0;0;7637;2072;0;0;1571;6970;316;1865;0;1536;0;35;18;12;;1609;9913;12901;379;66;0;1;444;437;351;20;2;13;0;0
PERINAT;2014;740014345;740000617;NIV1;;27;0;0;0;7;1627;192;0;0;0;0;0;0;6208;0;0;0;1251;5617;353;1912;0;1241;0;10;0;8;0;1268;;;;23;0;1;174;191;105;1;0;0;0;0
PERINAT;2014;740780424;740000120;NIV1;;30;;;;4;1616;145;0;0;0;0;0;0;6349;0;0;0;1362;6107;237;1342;0;1349;0;13;9;11;;1379;;;;28;0;1;18;46;0;1;;19;0;0
PERINAT;2014;740781141;740790258;NIV2;;35;12;;;7;2381;144;385;34;0;0;0;0;10543;3409;0;0;1892;9329;303;2119;6;1847;1;45;12;19;;1940;6430;43287;2535;49;0;1;405;405;267;40;0;9;1;369
PERINAT;2014;740781166;740001839;CPPR;;;;;;;;;;;;;;;;;;;;;;;;;;;;;;;;219;;;;0;;;;;;;0;
PERINAT;2014;740781224;740001839;NIV2;;28;6;;;4;1789;206;193;29;0;0;0;0;7208;1498;0;0;1298;6275;251;1788;0;1280;0;18;9;5;0;1321;6880;5261;145;15;1;1;302;242;245;9;;11;0;0
PERINAT;2014;750000523;750150120;NIV2;;42;21;6;;6;4200;669;663;79;244;12;0;0;14055;6876;2257;0;3156;12943;602;3114;9;3113;0;43;8;20;;3199;;;;106;82;0;0;;0;0;;2;0;0
PERINAT;2014;750100042;750712184;NIV2;;39;9;;;5;3641;165;514;19;0;0;0;0;15190;2963;0;0;2690;12558;594;3792;1;2667;1;23;30;17;;2723;25682;22781;94;88;0;1;1151;1086;767;44;1;5;0;0
PERINAT;2014;750100075;750712184;;;;;;;;0;0;0;0;0;0;0;0;0;0;0;0;0;0;0;0;0;0;0;0;0;0;;0;2944;;;0;0;1;618;552;189;91;5;0;0;0
PERINAT;2014;750100109;750712184;NIV3;;63;41;15;8;7;5415;410;1042;37;374;8;333;7;23096;13750;5345;2736;3867;19673;887;6531;25;3669;10;198;87;3;4;6667;19946;27958;69;164;1;1;447;370;160;74;41;127;1;184
PERINAT;2014;750100125;750712184;NIV2;;41;9;;;3;3326;527;367;17;0;0;0;0;12632;3020;0;0;2308;11466;652;4206;3;2263;2;45;22;34;;2367;7698;15132;1957;99;0;1;1115;1081;366;129;3;12;0;0
PERINAT;2014;750100166;750712184;NIV3;INT;100;63;21;21;13;8532;1347;1126;63;474;34;556;39;34836;11168;6029;8789;5254;28794;1378;10871;21;4998;22;256;82;5;;5603;26623;20002;;196;1;1;2131;2219;925;253;65;116;1;977
PERINAT;2014;750100208;750712184;NIV3;EXT;45;60;24;16;6;3874;167;1078;61;538;12;515;7;15448;13959;8053;5012;3079;14013;1016;5936;3;2856;26;223;138;1;;3361;7291;17766;924;204;0;0;0;0;0;0;0;121;0;0
PERINAT;2014;750100232;750712184;NIV2;;37;12;3;0;4;3427;449;454;17;100;9;0;0;13685;3499;645;0;2168;10786;493;3270;0;2139;1;29;19;24;;2209;;;;28;0;1;746;714;281;82;27;8;1;376
PERINAT;2014;750100273;750712184;NIV2;;44;12;;;6;3599;171;526;8;0;0;0;0;15031;3616;0;0;2573;12367;632;3875;0;2525;1;48;29;14;;2645;7638;11411;0;87;0;1;689;630;449;36;1;11;1;783
PERINAT;2014;750150013;750811887;NIV1;;48;0;0;0;6;3549;243;0;0;0;0;0;0;14747;0;0;0;3084;14069;534;3056;29;3071;0;13;7;17;;3107;19949;22903;2234;128;0;1;1121;1104;415;145;35;0;1;949
PERINAT;2014;750150104;750720476;NIV1;;30;;;;4;2419;184;0;0;0;0;0;0;9001;0;0;0;2119;8776;418;1955;0;2111;0;8;17;3;;2130;;;;48;0;1;500;489;168;4;;14;1;373
PERINAT;2014;750150260;750006728;NIV1;;37;;;;5;2884;291;0;0;0;0;0;0;9962;0;0;0;2401;9590;451;2186;2;2386;0;15;1;25;;2420;8206;11071;;45;659;0;0;;0;0;;12;1;730
PERINAT;2014;750300410;750000770;NIV1;;32;;;;4;1304;173;0;0;0;0;0;0;4302;0;0;0;1067;4164;236;1145;0;1066;0;1;0;5;;1089;;;;50;0;1;331;349;20;20;1;0;0;0
PERINAT;2014;750300667;750000838;NIV2;;52;6;;;7;2999;70;262;5;0;0;0;0;15740;1784;0;0;2797;15297;761;4915;1;2766;1;31;6;18;;2828;;;;6;0;0;0;;0;0;;1;0;0
PERINAT;2014;750300840;750000903;NIV1;;24;0;0;0;4;1829;404;0;0;0;0;0;0;5888;0;0;0;1303;5630;545;2671;0;1287;0;16;0;11;;1327;;;;30;0;1;103;114;24;6;3;16;1;1231
PERINAT;2014;750300931;750000978;NIV1;;35;0;0;0;5;1922;280;0;0;0;0;0;0;6983;0;0;0;1544;6781;465;2406;1;1527;0;17;0;12;0;1564;0;0;0;19;0;1;125;148;0;3;5;21;0;0
PERINAT;2014;750301145;750001042;;;1;;;;;33;33;0;0;0;0;0;0;0;0;0;0;0;0;0;0;0;0;0;0;0;0;;0;;;;0;0;1;265;276;120;7;;0;0;0
PERINAT;2014;750803447;750712184;;;0;;;;;18;9;0;0;0;0;0;0;40;0;0;0;0;0;0;0;0;0;0;0;0;0;;0;;;;0;0;1;320;335;0;68;;1;0;0
PERINAT;2014;750803454;750712184;NIV3;INT;60;42;18;12;7;4291;428;1231;52;571;49;580;60;17917;8997;3561;5833;2971;14888;516;3969;37;2829;12;142;69;3;;3147;30927;13023;;181;2;1;131;106;2;44;;129;0;0
PERINAT;2014;760000018;760780023;NIV2;;19;6;;;3;1218;54;174;10;0;0;0;0;5094;1085;0;0;934;4489;181;1232;0;922;0;12;4;6;;946;2018;6469;;9;0;1;189;259;72;16;;3;0;0
PERINAT;2014;760000158;760780239;NIV3;;66;53;27;;6;4635;640;1022;32;798;40;0;0;19901;14669;8539;0;2677;16255;629;5644;33;2575;11;102;41;1;;2848;18041;14417;19;30;0;1;773;839;196;88;20;164;1;357
PERINAT;2014;760000182;760780262;NIV2;;70;14;;;7;5655;1255;649;5;0;0;0;0;20783;4574;0;0;3569;18447;524;3792;1;3531;1;38;31;10;;3621;11560;20013;348;156;314;1;741;690;338;69;40;18;0;0
PERINAT;2014;760000364;760780734;NIV1;;21;;;;2;1230;87;0;0;0;0;0;0;4513;0;0;0;601;3406;125;991;0;595;0;6;2;4;;608;7243;2852;;4;0;1;147;118;61;12;;1;0;0
PERINAT;2014;760000372;760780742;NIV1;;18;0;0;0;3;966;93;0;0;0;0;0;0;3813;0;0;0;742;3532;139;846;0;742;0;0;4;7;15;746;6638;3371;594;3;0;1;133;132;78;6;2;0;0;0
PERINAT;2014;760000463;760024042;NIV2;;38;8;;;5;2203;142;218;19;0;0;0;0;9068;1346;0;0;1587;7907;286;1747;2;1566;1;21;6;16;;1613;1533;10057;1597;15;0;1;382;420;198;31;1;2;0;0
PERINAT;2014;760021329;760000448;NIV1;;20;;;;3;1135;85;0;0;0;0;0;0;4286;0;0;0;804;3652;141;915;0;801;0;3;3;9;;807;;;;7;0;1;81;81;15;10;;0;0;0
PERINAT;2014;760025312;760000315;NIV2;;62;6;;;7;3435;166;242;3;0;0;0;0;15615;1755;0;0;2650;13926;501;3679;2;2608;3;42;13;23;;2692;;;;15;0;1;54;51;0;2;;21;1;646
PERINAT;2014;760780197;760000117;NIV1;;28;;;;4;890;65;0;0;0;0;0;0;3184;0;0;0;622;2752;130;714;0;619;1;3;4;5;;627;;;;9;0;1;36;91;18;2;5;1;0;0
PERINAT;2014;760780791;760000414;;;2;0;0;0;0;38;35;0;0;0;0;0;0;6;0;0;0;0;0;0;0;0;0;0;0;0;0;;0;;;;0;0;1;164;206;63;20;;0;0;0
PERINAT;2014;760805770;760780726;NIV3;;58;21;9;6;7;3880;182;604;34;182;20;143;12;15910;5833;2048;1248;3065;13974;619;3735;20;3006;2;59;27;8;;3151;5861;14160;600;333;497;1;492;457;333;78;3;30;1;231
PERINAT;2014;770000131;770110013;NIV2;;15;6;;;;1229;71;214;11;0;0;0;0;3971;1558;0;0;903;3416;172;903;4;894;0;9;5;6;;917;;;;147;0;1;180;213;141;2;;0;0;0
PERINAT;2014;770000149;770110021;NIV2;;26;12;4;;4;2319;255;466;16;204;16;0;0;9055;3479;1265;0;1654;7490;271;1797;5;1624;0;30;11;4;;1695;11123;4351;;59;0;1;321;386;298;25;5;11;0;0
PERINAT;2014;770000156;770110054;NIV2;;53;8;4;0;6;3772;222;486;37;312;29;0;0;14915;3728;1578;0;3002;13470;551;3538;3;2954;2;48;11;29;;3065;9927;7930;;72;0;1;561;609;356;54;10;0;0;0
PERINAT;2014;770000164;770110062;NIV1;;15;;;;2;1084;80;0;0;0;0;0;0;3848;0;0;0;670;3004;147;859;2;667;0;3;3;6;;673;;3854;;23;0;1;164;239;101;5;;0;0;0
PERINAT;2014;770000172;770110070;NIV2;;15;4;;;2;1068;150;208;11;0;0;0;0;3802;970;0;0;734;3278;144;912;0;725;0;9;2;9;;744;7605;5705;;17;0;1;112;190;35;10;;0;0;0
PERINAT;2014;770000446;770700185;NIV3;;48;18;6;6;6;3973;123;579;12;154;6;217;6;16750;4721;719;2100;3130;13049;710;4309;5;3049;4;81;17;7;3;3229;14348;5194;0;383;1;1;674;717;305;109;1;8;0;0
PERINAT;2014;770019032;770170017;NIV2;;42;15;3;0;6;4399;256;504;35;165;22;0;0;15382;5351;1049;0;3482;13451;742;3639;1;3418;3;64;13;19;;3563;12075;3415;0;491;319;1;495;575;140;31;14;0;0;0
PERINAT;2014;770300010;770004299;;;;;;;;96;88;0;0;0;0;0;0;17;0;0;0;0;0;0;0;0;0;0;0;0;0;;0;;;;0;0;1;281;309;164;5;;0;0;0
PERINAT;2014;770300143;770000362;;;;;;;;21;19;0;0;0;0;0;0;3;0;0;0;0;0;0;0;0;0;0;0;0;0;;0;;;;0;0;1;43;5;3;0;;1;0;0
PERINAT;2014;770300192;770000313;;;;;;;;;;;;;;;;;;;;;;;;;;;;;;;;;;;;;1;5;5;0;0;0;0;0;
PERINAT;2014;770300275;770000354;NIV1;;16;;;;2;593;34;0;0;0;0;0;0;2615;0;0;0;471;2279;100;716;0;465;0;6;4;7;;478;;;;3;0;1;55;77;0;11;2;2;0;0
PERINAT;2014;770790707;770000719;NIV1;;24;;;;4;1134;81;0;0;0;0;0;0;4805;0;0;0;900;4267;204;1195;0;890;0;10;3;8;;915;;;;6;0;1;223;254;81;10;;0;0;0
PERINAT;2014;780000287;780110011;NIV2;;45;18;6;;5;3308;263;403;16;108;12;0;0;12458;4348;541;0;2485;10842;509;2846;0;2444;3;41;21;8;0;2536;12909;6527;70;30;83;1;584;567;385;23;2;8;0;0
PERINAT;2014;780000295;780002697;NIV1;;24;0;0;0;3;1315;82;0;0;0;0;0;0;4882;0;0;0;1045;4423;220;1157;3;1038;0;7;3;11;;1052;5153;21;1372;17;0;1;237;243;110;32;;2;0;0
PERINAT;2014;780000311;780001236;NIV3;INT;80;30;12;12;8;5536;375;603;13;292;13;396;22;24564;10183;3486;3605;4372;22306;1114;7367;6;4206;8;166;69;20;;4561;4316;5003;0;140;67;1;187;35;82;40;30;97;1;0
PERINAT;2014;780000329;780110052;NIV2;;19;4;;;4;1801;116;239;53;0;0;0;0;6532;1343;0;0;1445;5861;237;1467;2;1434;0;11;4;18;;1459;4749;1956;20;136;104;1;268;319;76;24;;2;0;0
PERINAT;2014;780000337;780001236;;;;;;;;;;0;0;0;0;0;0;;0;0;0;;;;;0;;0;0;0;0;;;;;;0;0;1;1306;1501;963;122;30;0;0;0
PERINAT;2014;780018727;780018719;NIV1;;26;;;;4;1003;41;0;0;0;0;0;0;4384;0;0;0;902;4217;208;1227;1;902;0;0;1;1;;905;;;;9;0;0;0;4;0;0;;0;0;0
PERINAT;2014;780300208;780000576;NIV1;;26;;;;4;800;37;0;0;0;0;0;0;3174;0;0;0;698;3009;193;981;3;689;0;9;2;2;;707;;;;18;0;1;28;57;0;1;;0;0;0
PERINAT;2014;780300323;780003679;NIV2;;44;6;;;6;2289;149;115;0;0;0;0;0;9325;1065;0;0;1946;8798;622;3384;4;1928;0;18;2;1;;1964;;;;6;0;0;0;;0;0;;2;0;0
PERINAT;2014;780300406;780018032;NIV2;;26;6;;;5;1672;193;162;22;0;0;0;0;6708;1246;0;0;1279;6158;339;2049;3;1252;1;27;7;21;;1311;;;;12;0;1;42;62;23;0;;0;1;336
PERINAT;2014;780300422;780002259;NIV2;;14;6;;;4;1370;72;139;3;0;0;0;0;6481;1015;0;0;1028;5150;273;1797;2;1019;1;9;9;8;;1041;;;;11;0;1;13;8;0;0;;0;0;0
PERINAT;2014;780800256;780110078;NIV2;;32;8;;;4;2690;294;282;11;0;0;0;0;10001;2332;0;0;2011;9073;347;2004;2;1976;0;35;10;11;;2057;5134;7709;466;65;0;1;781;840;575;65;;4;0;0
PERINAT;2014;790000087;790000012;NIV2;;38;14;4;;11;2187;259;423;33;243;62;0;0;8264;3499;574;0;1577;7368;294;1879;3;1555;0;22;8;8;;1601;2951;5574;3397;21;3;1;467;487;342;37;14;5;0;0
PERINAT;2014;790000095;790006654;NIV2;;18;4;0;0;3;1247;243;190;4;0;0;0;0;4169;1360;0;0;886;3913;103;616;1;878;0;8;9;4;19;900;2032;3762;24;21;0;1;134;106;71;13;2;13;0;0
PERINAT;2014;790000103;790006654;CPPR;;;;;;;;;;;;;;;;;;;;;;;;;;;;;0;0;38;967;26;;;0;;;;;;;0;
PERINAT;2014;790003537;790006654;CPPR;;;;;;;0;0;0;0;0;0;0;0;0;0;0;0;0;0;0;0;0;0;0;0;0;0;0;0;6;2082;61;0;0;0;0;;0;0;0;0;0;0
PERINAT;2014;790009948;790001242;NIV1;;20;;;;3;834;70;0;0;0;0;0;0;3070;0;0;0;659;2812;133;716;0;652;0;7;4;5;;666;;;;13;0;1;66;85;47;1;;0;0;0
PERINAT;2014;800000143;800000028;NIV2;;30;6;;;3;1629;121;159;10;0;0;0;0;6891;1519;0;0;1182;5905;218;1397;0;1165;1;17;8;12;;1201;8645;6743;123;6;0;1;297;307;123;17;0;9;0;0
PERINAT;2014;800000192;800000044;NIV3;;0;0;0;0;;27;2;270;3;270;3;242;7;265;3632;3632;2531;10;193;7;174;4;10;0;0;1;0;;203;;;;0;0;0;0;;0;0;;0;0;0
PERINAT;2014;800000200;800000051;CPPR;;;;;;;;;;;;;;;;;;;;;;;;;;;;;;;;;;;;0;;;;;;;0;
PERINAT;2014;800000226;800000069;CPPR;;0;;;;0;;;;;;;;;;;;;;;;;;;;;;;;;145;1319;47;;;1;29;31;29;0;0;0;0;
PERINAT;2014;800000432;800000093;NIV1;;15;;;;2;715;58;0;0;0;0;0;0;2741;0;0;0;471;2350;109;703;0;466;0;5;1;12;;481;10398;1200;10;4;0;1;140;105;88;6;;0;0;0
PERINAT;2014;800002610;800000044;NIV2;;0;0;;;0;2180;157;298;17;0;0;0;0;11762;2031;0;0;1563;9201;304;2621;56;1519;4;44;43;0;;1633;23394;5383;127;52;0;1;956;1322;675;41;;39;1;231
PERINAT;2014;800006124;800000044;NIV3;INT;46;25;15;10;6;857;59;220;7;110;1;66;2;4762;1732;967;550;630;3730;144;1183;11;612;3;18;14;0;;648;4297;1556;38;18;0;1;336;;241;19;11;9;0;0
PERINAT;2014;800009920;800003071;NIV2;;64;12;;;6;3406;209;399;4;0;0;0;0;16245;3214;0;0;2611;13916;538;3829;5;2567;1;44;12;17;;2660;;;;12;0;0;0;;0;0;;7;1;463
PERINAT;2014;810000224;810000471;NIV1;;18;;;;3;676;107;0;0;0;0;0;0;2548;0;0;0;489;2253;71;450;0;485;0;4;2;1;;496;;;;5;0;1;102;144;58;1;;7;0;0
PERINAT;2014;810000505;810000331;NIV2;;24;6;;;4;1633;125;243;22;0;0;0;0;6415;1684;0;0;1223;5425;233;1495;9;1203;0;20;9;14;;1252;6127;5192;137;115;274;1;376;386;197;25;;3;0;0
PERINAT;2014;810000521;810000380;NIV2;;30;6;;;4;1909;239;264;19;0;0;0;0;7839;2120;0;0;1346;6598;266;1787;8;1317;2;29;9;8;;1375;5699;5454;1329;22;118;1;442;441;211;22;;52;0;0
PERINAT;2014;810000562;810000455;NIV1;;16;;;;3;829;73;0;0;0;0;0;0;3017;0;0;0;662;2771;94;555;0;655;0;7;3;8;0;670;5034;2888;657;39;0;1;156;143;75;7;;2;0;0
PERINAT;2014;820000032;820000016;NIV2;;25;8;;;2;1029;78;195;16;0;0;0;0;4290;1684;0;0;746;3704;136;1034;4;731;0;15;10;7;;778;3200;1860;54;18;0;1;142;205;73;8;1;4;0;0
PERINAT;2014;820000040;820000081;NIV1;;15;;;;;1082;140;0;0;0;0;0;0;4011;0;0;0;730;3311;138;820;0;719;0;11;2;5;;742;;;;13;0;1;421;392;256;14;;4;0;0
PERINAT;2014;820000057;820000131;NIV1;;20;;;;3;1125;112;0;0;0;0;0;0;4026;0;0;0;849;3654;178;1045;1;843;1;6;7;10;;855;;;;18;0;1;165;197;99;3;0;7;0;0
PERINAT;2014;830000279;830100517;NIV1;;15;;;;2;1082;111;0;0;0;0;0;0;3648;0;0;0;780;3269;108;617;0;776;0;4;4;10;;786;;;;12;0;1;381;425;250;14;;0;0;0
PERINAT;2014;830000287;830100525;NIV2;;21;4;0;0;3;1479;151;138;12;0;0;0;0;5083;893;0;0;1106;4496;251;1381;0;1088;0;18;8;9;0;1125;13069;3720;307;101;0;1;488;474;291;34;0;0;0;0
PERINAT;2014;830000295;830100533;NIV1;;20;;;;4;1406;85;0;0;0;0;0;0;5326;0;0;0;1129;4868;239;1296;0;1123;0;6;5;9;1;1135;7327;4336;311;9;0;1;183;303;70;6;3;0;0;0
PERINAT;2014;830000311;830100566;NIV2;;33;9;;;5;2033;137;224;6;0;0;0;0;8165;1856;0;0;1473;6922;284;1875;5;1450;0;23;4;5;;1496;3180;3858;105;20;0;1;340;363;134;23;7;3;0;0
PERINAT;2014;830000337;830100590;NIV1;;15;;;;3;744;81;0;0;0;0;0;0;2697;0;0;0;519;2412;137;771;0;515;0;4;2;10;;523;901;1756;534;4;0;1;203;224;158;1;2;13;0;0
PERINAT;2014;830000345;830100616;NIV2;;44;18;6;;6;4100;437;884;33;410;26;0;0;15252;7030;2337;0;3012;13232;544;3419;7;2942;4;70;24;13;;3103;10890;8399;189;155;1;1;525;746;76;96;2;18;0;0
PERINAT;2014;830100251;830000063;;;;;;;;13;11;0;0;0;0;0;0;4;0;0;0;0;0;0;0;0;0;0;0;0;0;;0;;;;0;0;1;17;15;13;0;;0;0;0
PERINAT;2014;830100434;830000196;NIV1;;38;;;;4;2789;1220;0;0;0;0;0;0;6788;0;0;0;1446;6586;368;2130;0;1439;0;7;2;5;;1626;;;;8;0;1;1289;1130;859;43;;0;0;0
PERINAT;2014;830100459;830000212;;;;;;;;42;41;0;0;0;0;0;0;2;0;0;0;0;0;0;0;0;0;0;0;0;0;;0;;;;0;0;1;94;90;35;3;;0;1;255
PERINAT;2014;830100608;830100616;CPPR;;;;;;;0;0;0;0;0;0;0;0;0;0;0;0;0;0;0;0;0;0;0;0;0;0;;0;2721;52;;0;0;0;0;;0;0;;0;0;0
PERINAT;2014;840000285;840000608;NIV2;;37;6;;;4;2057;240;234;4;0;0;0;0;8151;1577;0;0;1573;7370;420;2609;4;1538;1;35;4;6;;1608;;;;29;0;1;372;383;231;1;;2;1;355
PERINAT;2014;840000343;840000012;NIV1;;10;;;;2;394;46;0;0;0;0;0;0;1424;0;0;0;266;1273;59;362;0;263;2;3;1;3;;269;2214;2221;245;7;0;1;90;93;66;0;1;0;0;0
PERINAT;2014;840000392;840000046;NIV1;;19;;;;4;1691;92;0;0;0;0;0;0;6785;0;0;0;1343;6031;219;1366;0;1336;0;7;7;12;;1350;3673;7479;70;13;0;1;277;290;88;23;4;0;0;0
PERINAT;2014;840000418;840004659;NIV1;;18;;;;4;951;145;0;0;0;0;0;0;3323;0;0;0;572;2738;133;853;0;567;0;5;0;12;;578;;;;6;0;1;235;351;154;6;;1;0;0
PERINAT;2014;840000483;840000087;NIV1;;27;;;;3;1685;134;0;0;0;0;0;0;6220;0;0;0;1214;5373;236;1348;1;1211;0;3;3;11;;1217;6612;3855;419;21;0;1;309;316;199;18;4;1;0;0
PERINAT;2014;840000491;130041916;NIV1;;18;;;;3;1015;112;0;0;0;0;0;0;4030;0;0;0;731;3520;134;847;0;725;0;6;1;0;;737;3566;43343;;10;0;1;321;217;183;21;4;5;0;0
PERINAT;2014;840000525;840000111;;;;;;;;0;0;0;0;0;0;0;0;0;0;0;0;0;0;0;0;0;0;0;0;0;0;;;849;727;;0;0;0;0;;0;0;;0;0;0
PERINAT;2014;840000533;840000129;CPPR;;;;;;;0;0;0;0;0;0;0;0;0;0;0;0;0;0;0;0;0;0;0;0;0;0;;0;3568;1027;86;0;0;1;48;55;48;0;;0;0;0
PERINAT;2014;840001861;840006597;NIV2;;56;23;6;;6;4121;193;845;52;268;45;0;0;18289;7595;1274;0;2975;14588;557;4054;1;2921;0;54;29;12;;3059;15278;2367;;78;0;1;617;603;284;34;11;13;0;0
PERINAT;2014;840013270;840003651;;;;;;;;0;0;0;0;0;0;0;0;0;0;0;0;0;0;0;0;0;0;0;0;0;0;;0;;;;0;0;0;0;14;0;0;;0;0;0
PERINAT;2014;850000118;850013244;NIV1;;23;;;;4;902;73;0;0;0;0;0;0;3757;0;0;0;731;3491;139;803;0;723;0;8;5;7;;741;;;;60;0;0;0;;0;0;;7;0;0
PERINAT;2014;850000142;850000019;NIV2;;54;18;6;;5;4751;1341;529;81;227;46;0;0;15062;5203;911;0;2637;12793;407;2935;8;2593;1;44;14;13;5;2710;6024;5129;;47;0;1;752;785;494;48;;4;1;0
PERINAT;2014;850000175;850009010;NIV1;;16;;;;3;1170;154;0;0;0;0;0;0;4083;0;0;0;862;3819;133;706;0;860;1;2;3;16;0;867;4752;4551;284;10;0;1;116;119;44;6;0;3;0;0
PERINAT;2014;850000209;850000019;CPPR;;;;;;;0;0;0;0;0;0;0;0;0;0;0;0;0;0;0;0;0;0;0;0;0;0;;0;14;1383;81;0;0;1;1;54;0;0;;0;0;0
PERINAT;2014;850000225;850000019;CPPR;;;;;;;;;;;;;;;;;;;;;;;;;;;;;;;;;222;;;0;;;;;;;0;
PERINAT;2014;850000241;850000084;NIV1;;15;;;;3;880;70;0;0;0;0;0;0;3383;0;0;0;654;2973;118;696;0;651;0;3;4;8;;659;8803;3010;200;12;0;1;115;121;76;9;;7;0;0
PERINAT;2014;850009630;850000035;NIV1;;20;;;;2;1045;67;0;0;0;0;0;0;3938;0;0;0;836;3636;162;962;0;826;0;10;0;5;;849;4155;3333;;45;0;1;144;131;94;2;0;0;0;0
PERINAT;2014;860000025;860013382;NIV1;;26;;;;4;1389;71;0;0;0;0;0;0;5229;0;0;0;1117;4811;131;776;0;1110;0;7;3;9;1;1126;8153;6799;0;27;0;1;213;223;156;13;1;0;0;0
PERINAT;2014;860000033;860013382;CPPR;;;;;;;0;0;0;0;0;0;0;0;0;0;0;0;0;0;0;0;0;0;0;0;0;0;;0;480;1886;66;0;0;1;8;9;8;0;0;0;0;0
PERINAT;2014;860000058;860780097;CPPR;;;;;;;;;;;;;;;;;;;;;;;;;;;;;;;1916;1645;42;;;0;;;;;;;0;
PERINAT;2014;860000223;860013077;NIV3;EXT;44;18;9;12;5;3695;709;397;7;275;5;354;20;15823;5790;2898;3542;2301;12851;344;3318;58;2236;5;65;56;1;1;2389;5769;6120;0;91;1;1;568;614;309;72;1;41;1;249
PERINAT;2014;860780568;860000140;NIV2;;57;4;0;0;4;1673;129;411;7;0;0;0;0;6693;1207;0;0;1336;6092;293;1688;0;1318;0;18;7;5;;1356;;;;14;0;1;187;206;126;3;;10;0;0
PERINAT;2014;870000098;870000023;NIV1;;12;;;;3;503;29;0;0;0;0;0;0;2058;0;0;0;404;1884;68;414;0;402;0;2;2;7;;410;1882;2220;274;5;0;1;38;36;36;0;;0;0;0
PERINAT;2014;870000270;870000031;CPPR;;;;;;;;;;;;;;;;;;;;;;;;;;;;;;;;;;;;1;6;7;6;0;0;0;0;
PERINAT;2014;870000411;870017415;NIV1;;28;;;;;1454;45;0;0;0;0;0;0;6346;0;0;0;1177;5506;233;1305;0;1171;0;6;2;14;;1185;;;;3;0;1;56;71;29;0;;5;0;0
PERINAT;2014;870014859;870000015;NIV3;INT;52;23;10;8;6;3617;209;484;12;217;7;172;13;16460;6493;2286;2141;2664;13806;584;4232;30;2599;2;65;38;2;18;2751;16200;12807;909;28;0;1;988;962;546;78;0;34;1;401
PERINAT;2014;880000021;880007059;NIV2;;12;9;3;;3;858;63;229;17;84;6;0;0;3601;2566;960;0;586;2848;106;754;23;574;0;12;1;4;;606;8618;4027;;8;1;1;173;200;116;0;0;7;0;0
PERINAT;2014;880000039;880780069;CPPR;;;;;;;;;;;;;;;;;;;;;;;;;;;;;;;572;377;;;;0;;;;;;;0;
PERINAT;2014;880000047;880780077;NIV1;;20;;;;2;948;81;0;0;0;0;0;0;3715;0;0;0;635;3065;79;575;0;626;0;9;3;6;;644;4450;3741;43;27;31;1;212;215;191;4;0;0;0;0
PERINAT;2014;880000054;880007299;NIV1;;15;;;;2;626;52;0;0;0;0;0;0;2176;0;0;0;444;1912;48;315;0;440;0;4;1;3;0;453;3306;2976;64;9;0;1;95;100;57;3;;0;0;0
PERINAT;2014;880000062;880780093;NIV2;;20;6;;;3;1135;85;200;6;0;0;0;0;4657;1906;0;0;805;3957;171;1153;1;790;0;15;9;5;;825;2298;2115;198;47;0;1;197;198;156;1;1;3;0;0
PERINAT;2014;880788591;880780150;NIV1;;45;;;;5;1866;203;0;0;0;0;0;0;7088;0;0;0;1315;6121;334;1971;0;1300;1;15;6;11;;1334;;;;8;0;1;297;;135;23;;5;0;0
PERINAT;2014;890975527;890000037;NIV2;;45;12;6;;5;4190;1540;371;7;153;5;0;0;11695;3971;1759;0;2042;9670;186;1251;1;2007;0;35;13;4;;2083;21399;1684;87;33;11;1;428;403;0;49;;3;0;0
PERINAT;2014;890975535;890000409;CPPR;;;;;;;;;;;;;;;;;;;;;;;;;;;;;;;1234;1753;89;;;0;;;;;;;0;
PERINAT;2014;890975543;890000417;CPPR;;;;;;;0;0;0;0;0;0;0;0;0;0;0;0;0;0;0;0;0;0;0;0;0;0;;0;608;727;;0;0;1;76;116;76;0;0;0;0;0
PERINAT;2014;890975550;890970569;NIV2;;26;6;;;4;1819;106;230;19;0;0;0;0;7340;1966;0;0;1325;6167;284;1796;1;1303;3;22;8;11;20;1359;3856;48369;257;22;0;1;358;350;231;21;2;4;0;0
PERINAT;2014;900000167;900000365;NIV2;;33;14;6;;5;3002;351;648;39;292;33;0;0;11484;4734;2392;0;2035;9707;342;2323;3;1997;0;38;17;12;8;2059;4275;6431;;40;0;1;529;459;428;22;0;6;0;0
PERINAT;2014;910000272;910110014;NIV2;;27;6;;;3;2051;249;317;9;0;0;0;0;7502;1778;0;0;1278;5963;283;1784;5;1267;0;11;5;14;13;1294;3426;5517;400;18;0;1;379;326;208;14;;0;0;0
PERINAT;2014;910000280;910019447;NIV1;;15;;;;2;656;90;0;0;0;0;0;0;2525;0;0;0;458;2210;90;621;0;454;0;4;2;4;;462;5027;2811;68;15;0;1;73;112;22;5;;0;0;0
PERINAT;2014;910000298;910110055;NIV2;;50;18;6;0;4;2752;122;515;21;188;19;0;0;11787;4867;1549;0;1950;9279;442;2842;3;1919;2;31;8;16;;1988;10107;10130;36;27;0;1;722;749;316;77;0;0;0;0
PERINAT;2014;910000306;910110063;NIV2;;25;9;3;;3;1585;58;446;24;140;7;0;0;6308;2950;1138;0;1353;5888;208;1208;4;1333;1;20;2;8;;1377;6972;18994;;46;0;1;88;104;26;8;;0;0;0
PERINAT;2014;910001973;910019447;NIV2;;24;6;;;3;1268;167;243;19;0;0;0;0;5506;1593;0;0;879;4681;213;1541;0;863;1;16;2;8;;895;4547;1673;41;10;0;1;226;254;119;6;;0;0;0
PERINAT;2014;910020254;910002773;NIV3;EXT;84;52;10;12;8;5978;170;1186;17;359;18;408;48;26994;13472;3883;3735;4973;23831;1115;7398;1;4823;5;150;47;10;;5142;19937;7653;;47;121;1;776;727;343;85;;15;0;0
PERINAT;2014;910300144;910000447;NIV1;;20;;;;3;1037;85;0;0;0;0;0;0;4420;0;0;0;793;3888;185;1258;3;788;0;5;3;11;;798;;;;6;0;1;286;330;203;9;;3;0;0
PERINAT;2014;910300177;910000462;NIV1;;28;;;;;1195;61;0;0;0;0;0;0;4980;0;0;0;943;4466;224;1320;0;937;0;6;3;2;;951;;;;7;0;1;187;192;113;4;;2;0;0
PERINAT;2014;910300219;910003888;NIV1;;18;;;;3;1019;111;0;0;0;0;0;0;3871;0;0;0;717;3317;167;1088;0;711;1;6;4;6;;720;;;;14;0;1;138;161;0;3;;0;0;0
PERINAT;2014;910300359;910000587;NIV1;;25;;;;4;967;46;0;0;0;0;0;0;3871;0;0;0;737;3245;184;1024;0;735;0;2;2;14;;786;;;;10;0;1;334;441;208;0;;0;0;0
PERINAT;2014;910803543;910017615;NIV2;;29;6;;;3;1577;166;188;9;0;0;0;0;6436;1143;0;0;1258;5930;263;1533;1;1246;1;12;6;10;;1272;;;;9;0;1;301;350;156;9;;1;0;0
PERINAT;2014;910805357;910001643;NIV1;;22;;;;3;1249;164;0;0;0;0;0;0;4461;0;0;0;857;3896;299;1693;0;857;0;0;4;2;;857;;;;8;0;1;125;266;0;19;;2;0;0
PERINAT;2014;920000577;920110020;NIV1;;24;;;;4;1870;301;0;0;0;0;0;0;6093;0;0;0;1369;5630;188;1020;1;1364;0;5;6;18;;1375;8282;27266;;78;0;1;362;361;194;8;;0;0;0
PERINAT;2014;920000585;920026374;NIV2;;32;17;3;0;5;2848;230;332;11;123;10;0;0;10807;5357;1456;0;2302;9627;481;2552;4;2246;1;56;12;8;;2370;9370;2070;;120;302;1;70;94;24;9;;3;0;0
PERINAT;2014;920000619;920009909;NIV2;;28;;;;5;2101;231;0;0;0;0;0;0;7470;0;0;0;1643;7016;259;1526;1;1630;0;13;6;19;;1656;12146;8366;;80;12;1;50;62;22;0;;3;0;0
PERINAT;2014;920000627;920009909;NIV2;;23;6;;;4;2204;190;407;49;0;0;0;0;8478;2218;0;0;1542;7056;401;2322;3;1501;1;41;7;35;;1592;17695;7117;;66;0;1;242;352;111;18;;0;1;557
PERINAT;2014;920000643;920150034;NIV2;;47;12;;;8;3351;233;363;25;0;0;0;0;14091;2553;0;0;2666;12554;589;3428;8;2645;0;21;12;18;;2687;9219;9843;;24;0;1;252;338;119;30;;5;0;0
PERINAT;2014;920000650;920150059;NIV2;;48;18;6;0;9;3791;289;998;21;120;11;0;0;14419;5766;642;0;3081;13076;649;3617;19;3006;2;75;24;10;;3162;4418;11758;0;96;0;0;0;;0;0;;15;0;0
PERINAT;2014;920100021;750712184;NIV3;;60;32;12;16;5;4541;443;1112;74;279;43;537;37;18884;9539;2586;5049;2969;14830;700;4964;18;2815;9;154;109;8;;3253;61551;18377;60;131;0;1;982;937;426;33;26;126;1;763
PERINAT;2014;920100039;750712184;NIV2;;35;6;;;4;1783;145;151;7;0;0;0;0;7222;998;0;0;1254;6005;295;1869;1;1245;1;9;7;23;;1286;2694;5902;344;25;0;1;497;533;297;72;0;7;0;0
PERINAT;2014;920100047;750712184;NIV3;;56;33;15;10;7;4194;183;635;10;391;17;278;14;17895;8400;4495;3106;3278;15399;712;4516;12;3172;4;106;37;5;;3403;6158;5829;;82;0;1;1313;1246;210;57;19;13;0;0
PERINAT;2014;920100062;750712184;;;;;;;;;;;;;;;;;;;;;;;;;;;;;;;;;;;;;1;487;545;279;5;0;0;0;
PERINAT;2014;920300043;920001526;NIV2;;52;6;0;;11;4893;1344;432;30;0;0;0;0;13980;2277;0;0;3108;12818;562;2792;0;3061;0;47;0;33;;3155;;;;252;1;1;544;583;375;14;;0;0;0
PERINAT;2014;920300209;920000775;NIV2;;33;6;0;0;4;1365;76;202;16;0;0;0;0;5927;1283;0;0;1053;5094;225;1544;6;1031;0;22;3;14;;1079;0;0;0;35;0;1;437;550;278;16;1;11;0;0
PERINAT;2014;920300365;920815388;;;;;;;;54;52;0;0;0;0;0;0;3;0;0;0;0;0;0;0;0;0;0;0;0;0;;0;;;;0;0;1;289;306;0;70;;1;0;0
PERINAT;2014;920300415;920000890;NIV1;;24;;;;4;898;76;0;0;0;0;0;0;3709;0;0;0;717;3212;224;1294;0;712;0;5;1;8;;726;;;;8;0;1;83;120;7;6;;7;0;0
PERINAT;2014;920300597;920000940;NIV1;;20;;;;3;399;45;0;0;0;0;0;0;1607;0;0;0;277;1302;61;422;0;274;0;3;2;1;;281;;;;4;0;1;63;119;29;3;;0;0;0
PERINAT;2014;920300670;920000965;NIV1;;28;;;;5;575;96;0;0;0;0;0;0;2054;0;0;0;465;2027;216;1072;0;460;0;5;1;0;;470;;;;12;0;1;3;6;0;0;;0;0;0
PERINAT;2014;920300712;920810736;;;;;;;;0;0;0;0;0;0;0;0;0;0;0;0;0;0;0;0;0;0;0;0;0;0;;0;;;;0;0;0;0;;0;0;;0;1;1392
PERINAT;2014;920300787;920000981;NIV1;;15;;;;2;954;106;0;0;0;0;0;0;3786;0;0;0;768;3665;335;1838;0;759;0;9;14;9;;777;;;;26;0;0;0;;0;0;;12;1;1087
PERINAT;2014;920300837;920001005;NIV1;;18;;;;2;716;67;0;0;0;0;0;0;2635;0;0;0;567;2407;191;920;0;566;0;1;1;6;;572;;;;25;0;1;107;157;0;12;1;0;0;0
PERINAT;2014;930000286;930021480;NIV2;;34;12;3;;5;3050;225;435;31;207;24;0;0;11669;3774;892;0;2404;10658;521;2988;10;2362;1;42;18;27;;2459;834;12993;0;36;2;1;350;344;191;38;;9;0;0
PERINAT;2014;930000302;930110036;NIV3;;65;17;9;17;6;4752;443;226;3;67;0;540;23;19506;3487;1134;6008;3619;17162;702;4766;70;3540;5;79;29;6;;3711;7297;8131;;91;0;1;993;1116;400;152;22;14;0;0
PERINAT;2014;930000328;930110051;NIV3;;77;12;11;9;7;5674;360;812;6;285;9;242;4;23592;6389;2254;3379;4168;20264;909;6404;0;4089;4;79;54;1;;4313;10704;16503;;92;0;1;991;1017;144;175;;87;0;0
PERINAT;2014;930000336;930110069;NIV2;INT;40;8;6;;5;3501;111;521;26;293;20;0;0;14581;4280;1396;0;2421;11428;516;3237;4;2386;0;35;16;20;;2458;;;;30;0;1;768;906;406;107;;8;0;0
PERINAT;2014;930100037;750712184;;;0;0;0;;0;379;359;0;0;0;0;0;0;88;0;0;0;0;0;0;0;0;0;0;0;0;0;;0;1029;277;0;0;0;1;551;659;151;63;0;0;0;0
PERINAT;2014;930100045;750712184;NIV2;EXT;53;20;9;;1;3886;831;793;24;248;11;0;0;14403;6161;3296;0;2481;12369;532;3696;0;2436;4;45;34;10;;2535;25761;13064;8565;195;0;1;690;659;436;37;4;18;1;568
PERINAT;2014;930150032;930000815;NIV1;;28;;;;4;1927;194;0;0;0;0;0;0;7913;0;0;0;1621;7659;251;1549;3;1612;2;9;10;12;0;1636;16580;8000;;40;0;1;941;997;151;194;36;18;0;0
PERINAT;2014;930300025;930000393;NIV2;;24;6;0;0;3;1306;111;238;4;0;0;0;0;5175;1931;0;0;988;4560;301;1738;16;971;0;17;5;4;;1021;;;;16;0;1;55;190;11;7;;2;0;0
PERINAT;2014;930300116;930000427;NIV2;;60;21;9;;5;3930;246;332;0;131;0;0;0;15683;6242;1302;0;2911;13154;652;3820;11;2863;0;48;21;18;;2959;;;;31;0;1;497;506;302;7;;5;1;265
PERINAT;2014;930300298;930025523;NIV1;;31;;;;4;2063;290;0;0;0;0;0;0;6887;0;0;0;1380;5761;284;1636;0;1363;0;17;6;19;;1399;;;;25;0;1;293;406;0;45;;0;0;0
PERINAT;2014;930300553;930000633;NIV2;;55;12;;;5;2763;213;342;17;0;0;0;0;15061;3295;0;0;1818;9833;555;4448;3;1784;1;34;18;15;;1859;;;;52;0;1;467;519;24;37;;26;0;0
PERINAT;2014;930300595;930000658;NIV1;;18;0;0;0;3;1198;124;0;0;0;0;0;0;4609;0;0;0;835;3957;217;1264;0;835;0;0;4;9;;835;;;;13;0;1;203;213;116;2;3;0;0;0
PERINAT;2014;930300629;930000666;;;;;;;;0;0;0;0;0;0;0;0;0;0;0;0;0;0;0;0;0;0;0;0;0;0;;0;;;;0;0;1;69;;0;0;;0;1;401
PERINAT;2014;940000573;940110018;NIV3;INT;75;39;9;10;7;5167;245;1446;13;162;7;348;26;24971;15185;1851;4367;3511;19652;838;7064;28;3383;7;128;50;1;;3660;11592;6952;;125;1340;1;232;400;7;64;20;55;1;489
PERINAT;2014;940000599;940110042;NIV2;INT;52;21;6;;6;3388;173;850;32;551;51;0;0;13349;5405;2526;0;2686;11550;522;2955;3;2647;0;39;19;15;40;2735;6120;6105;;108;0;1;322;346;40;75;;11;0;0
PERINAT;2014;940006679;940017338;NIV1;;48;0;0;0;9;2381;136;0;0;0;0;0;0;8748;0;0;0;1847;7640;447;2489;1;1836;0;11;5;32;;1865;;;;18;0;1;203;162;0;19;11;0;0;0
PERINAT;2014;940016868;940016819;NIV2;;45;10;;;5;3428;133;658;97;0;0;0;0;10783;3431;0;0;2853;9713;668;3050;13;2812;2;41;21;24;;2901;;;;836;0;1;457;551;169;41;;16;0;0
PERINAT;2014;940100043;750712184;NIV3;;59;24;6;8;12;4781;613;788;17;269;14;295;9;20401;6525;2147;2788;3454;18056;797;6068;0;3343;8;111;63;21;0;3608;35569;18377;0;100;0;1;926;976;179;83;3;63;0;0
PERINAT;2014;940120017;750821092;NIV1;;18;;;;3;1339;35;0;0;0;0;0;0;4815;0;0;0;1129;4384;196;1093;2;1122;0;7;3;7;;1136;;;;53;0;1;80;90;51;3;;0;0;0
PERINAT;2014;940300031;940000706;;;0;;;;;46;35;0;0;0;0;0;0;16;0;0;0;0;0;0;0;0;0;0;0;0;0;;0;;;;0;0;1;24;59;0;4;;0;0;0
PERINAT;2014;940300270;940000771;NIV2;;60;6;;;;3524;520;334;2;0;0;0;0;12463;2109;0;0;2677;11393;673;3699;8;2644;2;33;18;12;;2720;;;;27;0;1;231;298;48;6;;8;0;0
PERINAT;2014;940300379;940000805;NIV1;;19;;;;2;1268;118;0;0;0;0;0;0;4385;0;0;0;1038;4094;198;1053;1;1035;0;3;4;5;;1041;;;;31;0;1;246;288;0;35;;0;0;0
PERINAT;2014;940300445;940000854;;;;;;;;;;;;;;;;;;;;;;;;;;;;;;;;;;;;;;;1;;;;;0;
PERINAT;2014;940300551;940000912;NIV2;;34;8;;;5;1995;193;218;8;0;0;0;0;7464;1722;0;0;1472;6636;360;2122;13;1464;0;8;3;10;;1483;;;;17;0;1;427;809;121;15;;4;1;278
PERINAT;2014;940813033;940001894;CPPR;;;;;;;6;5;0;0;0;0;0;0;1;0;0;0;0;0;0;0;0;0;0;0;0;0;;0;;;;0;0;1;46;66;45;0;;0;0;0
PERINAT;2014;950000307;950110015;NIV3;INT;60;18;6;6;4;4408;533;317;7;142;3;108;4;16371;5162;1171;1374;3245;14332;640;3903;27;3176;2;69;40;4;;3328;22278;59419;142;77;58;1;471;482;226;51;0;30;0;0
PERINAT;2014;950000315;950001370;NIV2;;18;6;0;0;5;1361;83;339;12;0;0;0;0;5942;2127;0;0;1038;5202;235;1435;2;1029;0;9;7;18;0;1048;;;107;6;0;1;298;252;151;21;1;2;0;0
PERINAT;2014;950000323;950013870;NIV2;INT;36;15;6;;7;378;32;43;1;12;1;0;0;1602;337;47;0;282;1386;48;324;0;280;0;2;2;0;9;2405;1590;967;296;2;0;1;203;137;13;22;4;1;0;0
PERINAT;2014;950000331;950110049;NIV2;;46;21;6;;5;3326;207;378;19;152;18;0;0;12803;5546;1526;0;2257;10212;489;2900;0;2219;2;38;27;12;0;2322;11344;0;0;35;0;1;428;280;211;52;5;11;0;0
PERINAT;2014;950000356;950013870;NIV2;;;;;;;2377;21;325;6;126;6;0;0;9786;3789;1105;0;2108;9117;406;2220;2;2085;1;23;10;7;;2151;;;;67;95;1;100;149;100;0;;3;0;0
PERINAT;2014;950000364;950110080;NIV3;INT;81;18;6;8;8;6227;433;634;10;188;6;202;12;26589;8903;2271;2353;4890;23155;1019;6974;0;4760;5;130;73;20;;5042;22808;19039;639;352;680;1;579;537;117;76;6;44;0;0
PERINAT;2014;950300095;950000455;;;0;;;;0;12;12;0;0;0;0;0;0;0;0;0;0;0;0;0;0;0;0;0;0;0;0;;0;;;;0;0;1;3;17;0;0;;0;0;0
PERINAT;2014;950300202;950000521;NIV1;;20;;;;3;1127;87;0;0;0;0;0;0;4726;0;0;0;922;4335;275;1583;1;917;0;5;2;3;;927;;;;11;0;1;103;155;2;10;;7;0;0
PERINAT;2014;950300277;950000547;NIV2;;36;6;;;4;2371;153;270;12;0;0;0;0;9743;1832;0;0;1582;7291;397;2427;0;1562;0;20;11;11;;1606;;;;28;0;1;456;511;285;16;;0;0;0
PERINAT;2014;950300350;950015438;NIV1;;21;;;;4;1235;115;0;0;0;0;0;0;5112;0;0;0;916;4222;244;1478;2;902;0;14;3;5;38;930;;;;11;0;1;160;129;86;2;;0;1;381
PERINAT;2014;950807982;950001636;NIV2;;31;6;;;6;2547;217;297;13;0;0;0;0;8875;2085;0;0;1959;7988;562;2834;19;1934;1;25;6;12;;1984;;;;39;0;1;369;408;1;28;;0;0;0
PERINAT;2014;970100012;970100103;NIV1;;21;;;;4;1110;40;0;0;0;0;0;0;4499;0;0;0;838;3870;133;931;0;833;0;5;0;3;;849;;;;2;0;1;153;172;153;1;;0;0;0
PERINAT;2014;970100392;970100178;NIV3;;20;13;3;4;3;1260;78;146;2;49;0;69;0;4705;1528;538;453;786;3460;161;973;2;771;0;15;9;0;;801;2436;3311;107;46;0;1;423;580;299;23;0;1;0;0
PERINAT;2014;970100400;970100186;NIV2;;17;6;2;;3;1020;66;794;17;33;4;0;0;3475;3263;229;0;759;2958;142;884;5;751;0;8;8;5;;771;;;;100;0;1;111;102;0;11;;5;0;0
PERINAT;2014;970100426;970100202;CPPR;;0;;;;0;41;34;0;0;0;0;0;0;7;0;0;0;0;0;0;0;0;0;0;0;0;0;;0;265;1643;46;0;0;0;0;;0;0;0;0;0;0
PERINAT;2014;970100442;970100228;NIV3;;58;12;11;10;3;3735;258;321;6;168;3;166;8;15397;5883;3066;3042;1967;10564;372;2927;0;1938;1;29;65;1;;2048;8428;1602;257;37;0;1;1065;1196;503;209;;27;0;0
PERINAT;2014;970107249;970100731;NIV1;;38;0;0;0;4;2958;1168;0;0;0;0;0;0;6701;0;0;0;1221;5017;178;1056;0;1216;0;5;1;1;;1231;0;0;0;20;0;1;384;596;92;9;8;1;0;0
PERINAT;2014;970202313;970200168;NIV1;;18;;;;3;1143;99;0;0;0;0;0;0;4623;0;0;0;886;4117;202;1121;0;878;0;8;4;4;;895;;;;1;0;0;0;;0;0;0;0;0;0
PERINAT;2014;970202321;970210423;NIV1;;24;;;;4;972;49;0;0;0;0;0;0;5167;0;0;0;660;3844;127;1076;0;650;0;10;4;9;;670;;;;4;0;0;0;;0;0;;0;1;103
PERINAT;2014;970211223;970211207;NIV2;;20;6;;;3;1006;34;115;8;0;0;0;0;4788;809;0;0;590;3359;100;868;0;584;0;6;8;0;;596;;;;5;0;1;432;527;215;64;;1;0;0
PERINAT;2014;970211256;970211207;NIV3;;44;21;9;6;5;3034;129;521;3;156;7;143;6;15387;7561;1790;2150;2244;13267;324;3379;0;2198;4;46;49;1;;2294;;;;27;0;1;1752;1678;983;139;;19;0;0
PERINAT;2014;970300026;970302022;NIV3;INT;100;41;13;12;8;4081;47;700;4;420;6;287;11;28509;9340;4029;3514;2940;21364;768;7646;5;2899;0;41;51;0;26;2981;8772;3870;;33;0;1;508;440;81;101;3;13;0;0
PERINAT;2014;970300083;970302121;NIV2;;45;9;3;;4;3012;44;344;15;116;14;0;0;12342;2734;728;0;2230;9727;432;2720;1;2196;0;34;31;11;;2489;5951;4037;;30;1;1;396;245;312;48;1;35;0;0
PERINAT;2014;970300265;750721334;NIV2;;20;4;0;0;3;1127;70;94;4;0;0;0;0;4370;937;0;0;748;3440;139;965;0;743;1;5;8;2;;753;;;;14;1;1;354;355;272;17;;23;0;0
PERINAT;2014;970302055;970303285;NIV1;;30;0;0;0;2;750;18;0;0;0;0;0;0;3247;0;0;0;406;2046;87;613;0;404;0;2;0;7;;414;;;;7;0;1;74;95;0;8;;0;0;0
PERINAT;2014;970400024;970408589;NIV3;INT;47;32;15;12;5;3541;202;889;18;353;10;295;50;15501;10348;5040;3367;2434;12169;645;4490;66;2362;4;72;52;0;0;2554;10261;4234;0;37;0;1;661;596;376;89;4;104;0;0
PERINAT;2014;970400057;970408589;NIV3;;55;29;11;8;8;6933;1177;785;20;253;16;146;12;24324;8188;3193;2275;4271;19716;684;5346;1;4185;0;86;46;2;;4391;13780;1675;213;209;0;1;869;831;382;107;4;88;1;278
PERINAT;2014;970400065;970421038;NIV2;;33;6;3;;4;2830;491;364;15;85;8;0;0;9390;3127;529;0;1745;8024;304;2172;1;1718;0;27;13;11;11;1783;;6334;;45;0;1;793;836;408;92;5;55;0;0
PERINAT;2014;970400073;970403606;NIV2;;26;8;;;5;2174;238;328;9;0;0;0;0;7763;2161;0;0;1394;6473;271;1789;0;1382;1;12;13;5;;1437;;;;17;0;1;534;566;258;41;;18;0;0
PERINAT;2014;970400180;970408589;CPPR;;;;;;;0;0;0;0;0;0;0;0;0;0;0;0;0;0;0;0;0;0;0;0;0;0;;0;1875;615;;0;0;0;0;;0;0;;0;0;0
PERINAT;2014;970404844;970404836;;;;;;;;0;0;0;0;0;0;0;0;0;0;0;0;0;0;0;0;0;0;0;0;0;0;;0;;;;0;0;1;126;148;0;14;;0;0;0
PERINAT;2014;970462024;970400255;NIV2;;32;6;;;3;2003;157;502;10;0;0;0;0;8075;2525;0;0;1257;6007;312;1980;1;1240;0;17;7;9;;1277;;;;8;0;1;13;;9;1;;2;1;540
PERINAT;2014;970462073;970400271;NIV1;;21;;;;3;1194;127;0;0;0;0;0;0;3973;0;0;0;997;3880;222;1142;0;997;0;0;0;10;;997;;;;10;0;0;0;;0;0;;0;0;0
PERINAT;2014;970462107;970400305;NIV2;;40;12;;;5;2875;199;603;17;0;0;0;0;11108;4036;0;0;1919;9357;377;2685;3;1906;0;13;4;7;;1949;;;;3;0;1;469;360;397;4;;5;0;0
PERINAT;2014;980500011;980500003;NIV3;;109;21;8;4;;9128;371;514;9;255;2;192;10;35934;7289;2282;1539;6680;27796;1231;7892;0;6560;6;120;97;0;;7374;16781;15705;;780;0;1;1388;1344;952;128;;18;0;0
