BOR;AN;FI;FI_EJ;DIS;PART;NB_SECT;NB_DIF;INT;CAP_HTP;CAP_PFT;CAP_AAT;CAP_ACP;CAP_CCU;CAP_HAD;CAP_HDJ;CAP_HDN;NB_AT;SEJ_HTP;JOU_HTP;JOU_PFT;JOU_AAT;JOU_ACP;JOU_CCU;JOU_HAD;JOU_ST;VEN_HDJ;VEN_HDN;VEN_AT;NB_CMP_PA;NB_CMP_PL;NB_CATTP;ACT_CMP;ACT_CATTP;ACT_AD;ACT_EMS;ACT_UHS;ACT_EME;ACT_UCSA;FIL_TOT;FIL_AMB;FIL_TPL;FIL_PLA;EFFPL_PKT;EFFPA_PKT;ETP_PKT;EFFPL_MED;EFFPA_MED;ETP_MED;GAR_SEN;AST_SEN;EFFPL_PNM;EFFPA_PNM;ETP_PNM;ETP_INF;ETP_AID;ETP_PSY;ETP_ASS;ETP_REE;ETP_EDU;HPLEFFPL_PKT;HPLEFFPA_PKT;HPLETP_PKT;HPLEFFPL_MED;HPLEFFPA_MED;HPLETP_MED;HPLEFFPL_PNM;HPLEFFPA_PNM;HPLETP_PNM;HPLETP_INF;HPLETP_AID;HPLETP_PSY;HPLETP_ASS;HPLETP_REE;HPLETP_EDU
PSY;2014;010000495;010783009;GEN;;4;;;360;;;25;;;100;10;;6193;125694;;;4928;;;;12097;33;;0;16;12;76178;33665;6479;4582;4450;0;;12311;9382;2254;47;11;12;21.7;13;;11.76;0;0;271;76;298.53;211.93;22.13;23.01;;5.2;15.24;15;6;13.45;4;;3.84;323;73;386.94;246.01;72.63;4.4;;;8
PSY;2014;010000495;010783009;INF;;1;;;19;;;;;;14;0;;483;4301;;;;;;;2262;0;;1;11;6;28742;9603;36;526;593;1182;;4091;3730;115;0;6;4;9.93;;;;0;0;59;64;93.2;45.72;5;15.07;;14.47;9.88;2;;1.7;;;;23;9;29.04;18.24;5.6;1.3;;0.4;0.5
PSY;2014;010000495;010783009;PEN;;;;;;;;;;;;;;;;;;;;;;;;;;;;;;;;;;2230;394;380;;;2;;0.93;1;;1;;;4;2;4.58;1.97;;2.61;;;;;;;;;;;;;;;;;;
PSY;2014;010000495;010783009;TOT;1;;7;1;379;;;25;;;114;10;;6676;129995;;;4928;;;;14359;33;;1;27;18;104920;43268;6515;5108;5043;1182;2230;16533;13335;2348;47;19;16;32.56;14;;12.76;;;334;142;396.31;259.62;27.13;40.69;;19.67;25.12;17;6;15.15;4;;3.84;346;82;415.98;264.25;78.23;5.7;;0.4;8.5
PSY;2014;020000386;020000600;GEN;;;;;71;;;;;;10;;;;28409;;;;;;;1725;;;;;;;;;;;;;1116;;;;5;;5;;2;0.17;0;0;34;8;38.29;28.74;7.51;1.5;;0.04;0.5;5;;5;;2;0.17;34;8;38.29;28.74;7.51;1.5;;0.04;0.5
PSY;2014;020000386;020000600;TOT;0;;;0;71;;;;;;10;;;;28409;;;;;;;1725;;;;;;;;;;;;;1116;;;;5;;5;;2;0.17;;;34;8;38.29;28.74;7.51;1.5;;0.04;0.5;5;;5;;2;0.17;34;8;38.29;28.74;7.51;1.5;;0.04;0.5
PSY;2014;020000543;020000295;GEN;;5;;;388;85;;;;146;42;4;;2295;122958;30037;;;;46595;286;8341;106;;;7;2;57606;12978;10253;2454;2708;2;;7591;5541;318;209;29;6;33.6;10;9;11.5;0;0;589;51;626.7;427.3;82.5;20.2;;3.2;23.1;13;3;15.4;6;1;6.5;552;42;583.9;391.4;79.7;7.5;;3.2;11.9
PSY;2014;020000543;020000295;INF;;3;;;24;3;;;;;123;;;84;4430;820;;;;;0;13533;0;;;9;0;53820;1;1599;16;37;415;;4306;4024;17;8;12;;12;4;;4;0;0;150;36;175.65;87.5;6;23.5;;8.8;33.6;2;;2;1;;1;39;8;36.6;30.7;5;1;;;4
PSY;2014;020000543;020000295;PEN;;;;;;;;;;;;;;;;;;;;;;;;;;2;1;;1780;;;;;15153;898;846;;;2;4;3.6;1;;1;;;7;5;10.6;9.4;;1.2;;;;2;;2;1;;1;;;;;;;;;
PSY;2014;020000543;020000295;TOT;1;;5;1;412;88;;;;146;165;4;;2379;127388;30857;;;;46595;286;21874;106;;;18;3;111426;14759;11852;2470;2745;417;15153;12571;10270;335;217;43;10;49.2;15;9;16.5;;;746;92;812.95;524.2;88.5;44.9;;12;56.7;17;3;19.4;8;1;8.5;591;50;620.5;422.1;84.7;8.5;;3.2;15.9
PSY;2014;020004156;590805065;GEN;;;;;54;;;;;;12;;;;19173;;;;;;;3370;;;;;;;;;;;;;426;;;;;5;2.5;;;;0;1;32;5;62.86;22.3;9.8;;;;;;;;;;;;;;;;;;;
PSY;2014;020004156;590805065;TOT;0;;;0;54;;;;;;12;;;;19173;;;;;;;3370;;;;;;;;;;;;;426;;;;;5;2.5;;;;;;32;5;62.86;22.3;9.8;;;;;;;;;;;;;;;;;;;
PSY;2014;020006664;020000063;GEN;;2;;;71;2;0;0;0;0;36;4;0;1763;20063;672;0;0;0;0;91;14567;254;0;2;4;4;22578;3416;2415;136;4363;0;;3507;2935;820;4;5;4;7.5;0;2;1;0;1;108;22;121.72;101.12;0;4;;0;0.1;;;;;;;;;;;;;;;
PSY;2014;020006664;020000063;TOT;1;;0;0;71;2;0;0;0;0;36;4;0;1763;20063;672;0;0;0;0;91;14567;254;0;2;4;4;22578;3416;2415;136;4363;0;;3507;2935;820;4;5;4;7.5;0;2;1;;;108;22;121.72;101.12;0;4;;0;0.1;;;;;;;;;;;;;;;
PSY;2014;030000061;030780092;GEN;;2;;;165;15;8;16;0;0;38;1;4;1556;48777;4141;292;3291;;;62;7653;1070;2576;2;7;1;37337;4982;;;;;;3567;3458;732;68;6;1;6.1;2;5;4.2;0;1;255;20;260.34;169.17;47.66;5.92;;3;11.86;5;1;3.35;2;2;2.68;172;14;161.53;114.12;42.04;1.7;;0;5.06
PSY;2014;030000061;030780092;INF;;1;;;23;18;;;;;28;0;0;567;3971;4947;;;;;21;4335;;0;;3;2;18762;4971;;;;;;1074;1141;62;2;3;;2.5;2;1;2.55;0;1;96;7;83.24;45.05;8.18;3.83;;3.5;18;2;;0.25;2;1;1.21;40;4;36.29;27.06;5.25;0.7;;0.4;3.57
PSY;2014;030000061;030780092;PEN;;;;;0;;;;;;;;;;;;;;;;;;;;;;;;;;;;;;0;0;0;0;1;;0.5;;;;;;;;;;;;;;;;;;;;;;;;;;;;;
PSY;2014;030000061;030780092;TOT;1;;1;0;188;33;8;16;0;0;66;1;4;2123;52748;9088;292;3291;;;83;11988;1070;2576;2;10;3;56099;9953;;;;;;4610;4572;790;71;10;1;9.1;4;6;6.75;;;351;27;343.58;214.22;55.84;9.75;;6.5;29.86;7;1;3.6;4;3;3.89;212;18;197.82;141.18;47.29;2.4;;0.4;8.63
PSY;2014;030000087;030780118;GEN;;2;;;85;4;;25;;;35;;;940;25910;706;;7268;;;30;7121;0;;4;2;1;23927;145;7013;4753;11;;;2921;2541;;;8;1;9.25;1;0;0.34;0;1;159;17;175.82;106.68;20.55;7.56;;0.08;0;7;1;5.15;1;0;0.34;115;8;118.76;70.96;20.08;1.3;;0;0
PSY;2014;030000087;030780118;INF;;1;;;;4;;;;;10;;;12;;803;;;;;;3545;;;4;1;1;8999;89;49;;1327;128;;1539;1182;52;;2;1;2.77;1;0;0.2;0;0;14;9;31.43;4.81;0;5.47;;3.41;8.42;;;;;;;0;0;0;0;0;0;;0;0
PSY;2014;030000087;030780118;TOT;1;;1;0;85;8;;25;;;45;;;952;25910;1509;;7268;;;30;10666;0;;8;3;2;32926;234;7062;4753;1338;128;;4460;3723;;;10;2;12.02;2;;0.54;;;173;26;207.25;111.49;20.55;13.03;;3.49;8.42;7;1;5.15;1;;0.34;115;8;118.76;70.96;20.08;1.3;;0;0
PSY;2014;030000160;030780282;GEN;;1;;;60;397;;;;;;;;790;15380;107476;;;;;523;;;;;1;;1696;;419;;;;;725;269;456;285;3;1;3.1;5;1;4.21;0;0;108;21;100.72;57.94;32.97;3.26;;0.86;5.75;3;;2.1;5;1;4.21;81;18;72.39;32.25;32.97;1.06;;0.86;5.25
PSY;2014;030000160;030780282;TOT;1;;;0;60;397;;;;;;;;790;15380;107476;;;;;523;;;;;1;;1696;;419;;;;;725;269;456;285;3;1;3.1;5;1;4.21;;;108;21;100.72;57.94;32.97;3.26;;0.86;5.75;3;;2.1;5;1;4.21;81;18;72.39;32.25;32.97;1.06;;0.86;5.25
PSY;2014;030781637;030780100;GEN;;2;;;51;;6;;;;25;;;461;14717;0;1576;0;0;0;0;5923;0;;;;;23882;;7744;88;;;;1201;830;283;1;3;;4.31;;;;0;1;107;7;109.43;67.88;9.6;5.22;;0.48;1.87;3;;4.31;;;;78;6;79.39;46.86;9.6;1;;0.48;0.77
PSY;2014;030781637;030780100;INF;;1;;;;4;;;;;12;;;5;0;1089;;;0;0;0;2881;0;;;;;7819;;;406;;;;1267;1216;5;0;5;1;3.36;;;;0;1;22;5;26.74;7.66;;3.5;;4.48;5.35;;;;;;;;;;;;;;;
PSY;2014;030781637;030780100;PEN;;;;;;;;;;;;;;0;0;;;;;;;0;;;;;;;;61;;;;;;;;;;;;;;;;;;;;;;;;;;;;;;;;;;;;;;;;
PSY;2014;030781637;030780100;TOT;1;;;1;51;4;6;;;;37;;;466;14717;1089;1576;0;0;0;0;8804;0;;;;;31701;;7805;494;;;;2446;2024;288;1;8;1;7.67;;;;;;129;12;136.17;75.54;9.6;8.72;;4.96;7.22;3;;4.31;;;;78;6;79.39;46.86;9.6;1;;0.48;0.77
PSY;2014;040000911;040788879;GEN;;2;;;134;16;;;;;64;;;2162;39586;1683;;;;;;20354;0;;;10;;27400;;;;;;;6232;5560;672;;6;4;8.95;3;3;3.14;1;0;250;34;273.48;153.44;62.55;7.86;;;17.01;6;4;8.95;3;3;2.08;169;25;176.9;92.8;62.55;3.5;;;5.6
PSY;2014;040000911;040788879;INF;;1;;;;;;;;;34;;;;;;;;;;;5982;;;;6;;28600;;;;;;;150;2017;;;3;;2.5;2;;1.24;0;0;68;16;76.62;26.78;;15.9;;11.56;14.61;3;;2.5;2;;;;;;;;;;;
PSY;2014;040000911;040788879;PEN;;;;;;;;;;;;;;;;;;;;;;;;;;;;;;;;;;;54;;;;;;;;;;;;;;;;;;;;;;;;;;;;;;;;;;;
PSY;2014;040000911;040788879;TOT;1;;3;1;134;16;;;;;98;;;2162;39586;1683;;;;;;26336;0;;;16;;56000;;;;;;;6436;;;;7;4;11.45;5;3;4.38;;;318;50;350.1;180.22;62.55;23.76;;11.56;31.62;6;4;11.45;5;3;2.08;169;25;176.9;92.8;62.55;3.5;;;5.6
PSY;2014;050000132;050007145;GEN;;1;;;108;12;14;0;0;;18;1;7;1377;31216;1728;3396;1859;;;211;872;197;2217;2;4;5;24582;11436;1998;15;1850;0;;2966;2323;621;;7;2;8.89;3;5;5.36;0;0;148;46;181.75;118.45;16.06;5.82;;2.75;9.63;5;2;0.74;3;4;1.32;114;30;139.29;88.93;16.06;3.82;;2.6;5.1
PSY;2014;050000132;050007145;INF;;1;;;8;0;;;;;21;;4;386;836;0;;;;;86;4560;0;0;1;3;4;14311;4520;91;0;131;245;;1195;978;109;;4;;2.68;;;;0;0;37;23;53.04;29.52;2.8;6.39;;5.08;5.46;4;;0.75;;;;10;6;13.57;10.58;2.6;2.5;;0.27;0.13
PSY;2014;050000132;050007145;PEN;;;;;;;;;;;;;;;;;;;;;;;;;3;7;;;;;;;;;;;;;;;;;;;;;;;;;;;;;;;;;;;;;;;;;;;;
PSY;2014;050000132;050007145;TOT;1;;;0;116;12;14;0;0;;39;1;11;1763;32052;1728;3396;1859;;;297;5432;197;2217;6;14;9;38893;15956;2089;15;1981;245;;4161;3301;730;;11;2;11.57;3;5;5.36;;;185;69;234.79;147.97;18.86;12.21;;7.83;15.09;9;2;1.49;3;4;1.32;124;36;152.86;99.51;18.66;6.32;;2.87;5.23
PSY;2014;050000231;050000116;GEN;;1;;;21;;;;;;12;2;0;345;6466;;;;;;;2691;415;;0;1;1;5072;2847;3068;;769;3;;812;599;190;5;1;1;2.36;1;0;1;;;31;11;39.39;32.67;1;1;;0.72;1;0;0;0;0;0;0;0;0;0;0;0;0;;0;0
PSY;2014;050000231;050000116;TOT;1;;0;0;21;;;;;;12;2;0;345;6466;;;;;;;2691;415;;0;1;1;5072;2847;3068;;769;3;;812;599;190;5;1;1;2.36;1;0;1;;;31;11;39.39;32.67;1;1;;0.72;1;0;0;0;0;0;0;0;0;0;0;0;0;;0;0
PSY;2014;050000454;050000645;INF;;1;;;30;;;;;;;;;109;9808;;;;;;;;;;;;;;;;;;;;109;;;;;2;0.95;;;;;;;;;;;;;;;;2;0.95;;;;;;;;;;;;
PSY;2014;050000454;050000645;TOT;0;;;0;30;;;;;;;;;109;9808;;;;;;;;;;;;;;;;;;;;83;;;;;2;0.95;;;;;;;;;;;;;;;;2;0.95;;;;;;;;;;;;
PSY;2014;050000991;050000546;GEN;;;;;40;;;;;;;;;320;12920;;;;;;;;;;;;;;;;;;;;320;;320;;0;2;0.97;3;2;0.87;0;0;18;33;15.39;10.11;1.2;1.07;;1.79;1.22;;;;;;;;;;;;;;;
PSY;2014;050000991;050000546;TOT;0;;;0;40;;;;;;;;;320;12920;;;;;;;;;;;;;;;;;;;;320;;;;;2;0.97;3;2;0.87;;;18;33;15.39;10.11;1.2;1.07;;1.79;1.22;;;;;;;;;;;;;;;
PSY;2014;060000478;060780897;GEN;;1;;;31;;;;;15;10;2;;334;11315;;;;;1868;1;1940;0;;;5;1;7959;4543;2612;350;1578;;;1663;1403;231;10;7;2;7.99;;;;;;65;13;73.45;45.3;6.8;5.05;;3;1;;;;;;;45;6;48.9;25.3;4.8;;;2;1
PSY;2014;060000478;060780897;TOT;1;;1;1;31;;;;;15;10;2;;334;11315;;;;;1868;1;1940;0;;;5;1;7959;4543;2612;350;1578;;;1663;1403;231;10;7;2;7.99;;;;;;65;13;73.45;45.3;6.8;5.05;;3;1;;;;;;;45;6;48.9;25.3;4.8;;;2;1
PSY;2014;060000510;060780954;GEN;;2;;;80;0;0;0;0;0;25;2;0;662;28594;0;0;0;0;0;0;5040;0;0;3;1;0;16484;0;908;209;972;0;;3454;3264;510;66;12;2;13.17;;;;1;;107;25;123.51;75.4;12.64;9.15;;;;;;;;;;59;8;64.53;40.08;2.89;3.65;;;
PSY;2014;060000510;060780954;INF;;1;;;0;0;;;0;0;10;0;0;0;0;0;;;0;0;0;744;0;0;3;3;1;13343;2320;0;0;0;90;;1492;1486;0;0;4;2;4.8;;;;;;20;16;28.28;5.47;;8.23;;4.98;5.63;;;;;;;;;;;;;;;
PSY;2014;060000510;060780954;TOT;1;;2;0;80;0;0;0;0;0;35;2;0;662;28594;0;0;0;0;0;0;5784;0;0;6;4;1;29827;2320;908;209;972;90;;5093;4907;510;66;16;4;17.97;;;;;;127;41;151.79;80.87;12.64;17.38;;4.98;5.63;;;;;;;59;8;64.53;40.08;2.89;3.65;;;
PSY;2014;060000544;060780988;GEN;;2;;;58;;;;8;;25;;;1668;18371;;;;2044;;;5228;;;;2;2;9648;1101;988;;1740;;;2337;879;758;5;8;1;9.03;;2;0.19;1;0;114;20;120.91;69.75;23.87;5.99;;0.1;1.61;;8;6.53;;1;0.04;61;8;63.85;31.56;13.87;2;;0.1;0.7
PSY;2014;060000544;060780988;INF;;1;;;;;;;;;10;;;;;;;;;;;1537;;;;3;1;15396;2472;610;246;1128;1375;;1705;1682;;;5;3;6.71;;;;0;0;36;10;39.69;9.44;1.33;7.59;;8.46;11.18;;;;;;;;;;;;;;;
PSY;2014;060000544;060780988;TOT;1;;2;0;58;;;;8;;35;;;1668;18371;;;;2044;;;6765;;;;5;3;25044;3573;1598;246;2868;1375;;4042;;;;13;4;15.74;;2;0.19;;;150;30;160.6;79.19;25.2;13.58;;8.56;12.79;;8;6.53;;1;0.04;61;8;63.85;31.56;13.87;2;;0.1;0.7
PSY;2014;060780442;060000213;GEN;;;;;50;;;;;;10;;;;17668;;;;;;;4620;;;;;;;;;;;;;475;;475;;2;;2;;;;;1;23;5;25.9;13.1;10;2.2;;;0.6;;;;;;;21;3;22.5;11.5;10;40;;;0.6
PSY;2014;060780442;060000213;TOT;0;;;0;50;;;;;;10;;;;17668;;;;;;;4620;;;;;;;;;;;;;475;;;;2;;2;;;;;;23;5;25.9;13.1;10;2.2;;;0.6;;;;;;;21;3;22.5;11.5;10;40;;;0.6
PSY;2014;060780525;060000247;GEN;;;;;64;;;;;;;;;757;22032;;;;;;;;;;;;;;;;;;;;757;;;;3;;3;1;;1;0;0;16;14;24.78;14.28;4;0.94;;;1.42;;;;;;;;;;;;;;;
PSY;2014;060780525;060000247;TOT;0;;;0;64;;;;;;;;;757;22032;;;;;;;;;;;;;;;;;;;;757;;;;3;;3;1;;1;;;16;14;24.78;14.28;4;0.94;;;1.42;;;;;;;;;;;;;;;
PSY;2014;060780541;060000262;GEN;;;;;60;;;;;;;;;873;23649;;;;;;;;;;;;;;;;;;;;711;;711;;;4;2;1;;1.9;0;1;19;14;26.42;14.75;9.25;0.83;;;1.59;;4;2;1;;1.9;19;14;26.42;14.75;9.25;0.83;;;1.59
PSY;2014;060780541;060000262;TOT;0;;;0;60;;;;;;;;;873;23649;;;;;;;;;;;;;;;;;;;;711;;711;;;4;2;1;;1.9;;;19;14;26.42;14.75;9.25;0.83;;;1.59;;4;2;1;;1.9;19;14;26.42;14.75;9.25;0.83;;;1.59
PSY;2014;060780749;060000395;GEN;;;;;36;;;;;;;;;348;13661;;;;;;;;;;;;;;;;;;;;318;;;;;5;2.5;;1;0.25;0;1;9;8;12.21;9;2.64;0.2;;0.17;0.2;;5;2.5;;1;0.25;;;;;;;;;
PSY;2014;060780749;060000395;TOT;0;;;0;36;;;;;;;;;348;13661;;;;;;;;;;;;;;;;;;;;318;;;;;5;2.5;;1;0.25;;;9;8;12.21;9;2.64;0.2;;0.17;0.2;;5;2.5;;1;0.25;;;;;;;;;
PSY;2014;060780996;630786754;GEN;;7;;;401;28;32;;;30;164;0;;3026;131095;8331;8543;;;7266;;30329;0;;;8;5;115420;15417;16655;1277;419;;;8576;;2223;23;26;19;37.11;9;6;11.92;;1;593;56;633.07;321.95;226.25;28.45;;4.9;51.52;13;5;16.09;7;1;7.5;484;46;488.69;261.64;192.43;13.3;;1.6;20.72
PSY;2014;060780996;630786754;INF;;0;;;9;;;;;;2;;;100;2282;;;;;;;115;;;;;;;;;;;;;67;;67;;1;;1;;;;;;18;1;16.25;7.45;5;0.8;;;3;1;;1;;;;18;1;16.25;7.45;5;0.8;;;3
PSY;2014;060780996;630786754;PEN;;;;;;;;;;;12;;;;;;;;;;;3296;;;;1;1;;2017;10298;;;;;1398;;;;3;;3;;;;;;16;1;16.8;12;;2;;;2.8;;;;;;;;;;;;;;;
PSY;2014;060780996;630786754;TOT;1;;8;1;410;28;32;;;30;178;0;;3126;133377;8331;8543;;;7266;;33740;0;;;9;6;115420;17434;26953;1277;419;;;9968;;2290;;30;19;41.11;9;6;11.92;;;627;58;666.12;341.4;231.25;31.25;;4.9;57.32;14;5;17.09;7;1;7.5;502;47;504.94;269.09;197.43;14.1;;1.6;23.72
PSY;2014;060781929;060000858;GEN;;;;;75;;;;;;;;;825;27339;;;;;;;;;;;;;;;;;;;;663;0;663;0;;10;;;4;1.2;0;0;21;15;29.3;19.91;6;0.5;;2.22;0.67;;;;;;;;;;;;;;;
PSY;2014;060781929;060000858;TOT;0;;;0;75;;;;;;;;;825;27339;;;;;;;;;;;;;;;;;;;;;;;;;10;;;4;1.2;;;21;15;29.3;19.91;6;0.5;;2.22;0.67;;;;;;;;;;;;;;;
PSY;2014;060785003;060785011;GEN;;1;;;70;;;;;;25;;;590;19463;;;;;;;4385;;;;;;12791;;164;239;4963;;;4589;3634;397;31;10;9;8.61;0;1;0.1;0;1;48;48;85.89;26.76;24.35;5.23;;0;0;4;3;3.94;0;0;0;24;24;45.79;19.16;18.73;0;;0;0
PSY;2014;060785003;060785011;TOT;1;;;0;70;;;;;;25;;;590;19463;;;;;;;4385;;;;;;12791;;164;239;4963;;;4589;;;;10;9;8.61;0;1;0.1;;;48;48;85.89;26.76;24.35;5.23;;0;0;4;3;3.94;;;0;24;24;45.79;19.16;18.73;0;;0;0
PSY;2014;060800174;;INF;;3;;;22;;;;;;82;;;513;5441;;;;;;;10311;;;2;12;;42645;;;;1298;307;;3988;3650;145;0;13;7;13.76;0;1;0.3;0;1;72;80;116.2;49.3;9.43;22.7;;15.7;19;7;2;3.3;0;1;0.3;30;16;38.1;23.6;9.2;2.3;;0;3
PSY;2014;060800174;;TOT;1;;;0;22;;;;;;82;;;513;5441;;;;;;;10311;;;2;12;;42645;;;;1298;307;;3988;3650;145;0;13;7;13.76;0;1;0.3;;;72;80;116.2;49.3;9.43;22.7;;15.7;19;7;2;3.3;0;1;0.3;30;16;38.1;23.6;9.2;2.3;;0;3
PSY;2014;070780317;630786754;GEN;;5;;;235;3;;;;;92;5;1;3536;77695;169;;;;;;18630;682;1624;3;8;2;65851;7389;5523;3022;1908;;;9277;7377;1590;66;15;16;23.78;8;6;12.19;1;0;412;96;465.06;283.79;86.85;16.86;;6.01;19.3;3;21;13.44;4;6;8.15;276;87;317.24;178.4;79.42;5.89;;0.9;8.15
PSY;2014;070780317;630786754;INF;;2;;;;;;;;;28;;;;;;;;;;;4459;;;5;5;3;27475;7444;12;4;399;27;;3170;3083;;;3;5;6.56;;1;0.78;0;0;31;44;58.71;30.06;0;19.31;;5.3;3.99;;;;;;;;;;;;;;;
PSY;2014;070780317;630786754;PEN;;;;;;;;;;;;;;;;;;;;;;;;;;;;;;2242;;;;;210;190;;;;4;0.64;;1;0.17;;;1;5;3.25;2.15;;1.1;;;;;;;;;;;;;;;;;;
PSY;2014;070780317;630786754;TOT;1;;3;1;235;3;;;;;120;5;1;3536;77695;169;;;;;;23089;682;1624;8;13;5;93326;14833;7777;3026;2307;27;;12625;10628;;;18;23;30.98;8;7;13.14;;;444;138;527.02;316;86.85;37.27;;11.31;23.29;3;21;13.44;4;6;8.15;276;87;317.24;178.4;79.42;5.89;;0.9;8.15
PSY;2014;080000318;080000086;GEN;;4;;;227;4;18;0;0;0;67;6;2;2520;65152;730;5781;;;;98;13077;315;2921;;10;7;44004;8731;16658;9595;1570;;;6428;5284;1538;96;14;2;15.3;1;10;4.24;0;1;384;41;408.46;242.55;86.04;13.12;;1;6.4;11;2;8.54;1;7;3.24;264;25;275.64;138.58;78.68;4.1;;0;3.95
PSY;2014;080000318;080000086;INF;;1;;;4;;;;;;45;1;;119;897;;;;;;83;6814;17;;6;;6;11794;7978;72;67;683;128;;1711;1477;76;;2;2;2.31;1;1;0.35;0;1;86;11;90.57;54.31;0;10.35;;1;16.45;;1;0.01;1;;0.05;18;0;17.04;13.49;0;0.6;;;0.69
PSY;2014;080000318;080000086;PEN;;;;;;;;;;;;;;;;;;;;;;;;;;;;;;;;;;169;;;;;;1;0.2;;;;;;;1;0.5;;;0.5;;;;;;;;;;;;;;;;;;
PSY;2014;080000318;080000086;TOT;1;;7;1;231;4;18;0;0;0;112;7;2;2639;66049;730;5781;;;;181;19891;332;2921;6;10;13;55798;16709;16730;9662;2253;128;169;8097;6210;1607;96;16;5;17.81;2;11;4.59;;;470;53;499.53;296.86;86.04;23.97;;2;22.85;11;3;8.55;2;7;3.29;282;25;292.68;152.07;78.68;4.7;;0;4.64
PSY;2014;090000183;090781816;GEN;;2;;;87;12;;;;;30;0;1;895;28779;1966;;;;;22;2950;0;0;;4;2;34282;1411;1664;1081;3836;0;;4506;3902;532;9;7;6;9.91;1;2;2.19;0;1;163;12;179.85;108.14;29.86;10.28;;2.51;3.22;4;2;4.5;;;;;;;;;;;;
PSY;2014;090000183;090781816;INF;;1;;;7;7;;;;;20;;;166;2114;503;;;;;0;2242;;;;3;1;13403;60;113;11;924;104;;1262;1179;59;0;2;3;4.12;;;;0;1;46;11;51.19;26.82;2.5;6;;3.5;4.2;1;1;0.84;;;;;;;;;;;;
PSY;2014;090000183;090781816;PEN;;;;;;;;;;;;;;;;;;;;;;;;;;1;;;;801;;;;;198;193;;;1;;0.1;;;;;;3;1;;0.74;;;;;;;;;;;;;;;;;;;;
PSY;2014;090000183;090781816;TOT;1;;0;1;94;19;;;;;50;0;1;1061;30893;2469;;;;;22;5192;0;0;;8;3;47685;1471;2578;1092;4760;104;;5871;5221;582;9;10;9;14.13;1;2;2.19;;;210;23;231.04;135.7;32.36;16.28;;6.01;7.42;5;3;5.34;;;;;;;;;;;;
PSY;2014;100000108;100000033;GEN;;4;;;201;9;;20;;5;86;;;1956;71289;2804;;7683;;1659;;19542;;;;7;6;35602;14008;6169;1082;1456;;;4942;3749;1077;151;6;7;11.66;4;1;4.2;1;1;311;18;324.2;189.7;112.1;12;;3.3;7.1;1;10;5.32;3;2;4.05;223;12;232.6;119.2;107.6;2.4;;1;2.4
PSY;2014;100000108;100000033;INF;;2;;;;;;;;;36;;;;;;;;;;;7928;;;;5;5;18335;8767;381;27;145;63;;2750;2640;;;7;1;6.84;0;0;0;0;0;58;12;68.4;34.2;1;15.8;;6.8;10.6;0;0;0;0;0;0;0;0;0;0;0;0;;0;0
PSY;2014;100000108;100000033;PEN;;;;;;;;;;;;;;;;;;;;;;;;;3;;;;;4377;;;;;731;731;;;0;2;0.4;0;0;0;;;7;0;7;2;0;5;;0;0;0;0;0;0;0;0;0;0;0;0;0;0;;0;0
PSY;2014;100000108;100000033;TOT;1;;0;1;201;9;;20;;5;122;;;1956;71289;2804;;7683;;1659;;27470;;;3;12;11;53937;22775;10927;1109;1601;63;;8272;6969;1077;151;13;10;18.9;4;1;4.2;;;376;30;399.6;225.9;113.1;32.8;;10.1;17.7;1;10;5.32;3;2;4.05;223;12;232.6;119.2;107.6;2.4;;1;2.4
PSY;2014;110002953;110780137;GEN;;1;;;47;3;3;;;;20;2;;657;14246;726;954;;;;;3298;24;;1;1;;17695;;329;99;1270;;;2362;2263;463;;5;;4.67;;2;0.7;0;1;61;10;68.56;41.97;5;3.5;;2.54;1;4;2;2.3;;;;50;6;49.16;30.42;5;1.5;;0.2;
PSY;2014;110002953;110780137;INF;;1;;;;3;;;;;18;;;;;118;;;;;;3577;;;2;1;;7116;;20;40;293;256;;1046;1037;;;4;2;4.73;;;;0;1;26;9;31.21;8.53;0.09;4.35;;2.33;7.82;;;;;;;;;;;;;;;
PSY;2014;110002953;110780137;TOT;1;;2;0;47;6;3;;;;38;2;;657;14246;844;954;;;;;6875;24;;3;2;;24811;;349;139;1563;256;;3408;3300;463;;9;2;9.4;;2;0.7;;;87;19;99.77;50.5;5.09;7.85;;4.87;8.82;4;2;2.3;;;;50;6;49.16;30.42;5;1.5;;0.2;
PSY;2014;110780152;110000064;GEN;;;;;68;;;;;;;;;543;21666;;;;;;;;;;;;;;;;;;;;378;;378;;3;;;;1;0.5;;;26;15;35.55;13.46;7.59;1.09;;1.7;0.2;3;;;;1;0.5;26;15;35.55;13.46;7.59;1.09;;1.7;0.2
PSY;2014;110780152;110000064;TOT;0;;;0;68;;;;;;;;;543;21666;;;;;;;;;;;;;;;;;;;;378;;;;3;;;;1;0.5;;;26;15;35.55;13.46;7.59;1.09;;1.7;0.2;3;;;;1;0.5;26;15;35.55;13.46;7.59;1.09;;1.7;0.2
PSY;2014;110786324;;GEN;;4;;;195;;;40;;;42;5;;1994;65500;;;7209;;;;10621;138;;1;6;10;37886;5130;3106;3106;4682;;;7223;5651;1323;12;19;3;19.23;3;5;4.1;0;1;236;75;292.07;218.22;37.18;11.96;;1.97;22.74;19;3;11.35;3;5;4.1;182;48;219.26;152.69;37.18;8.17;;1.08;20.14
PSY;2014;110786324;;INF;;1;;;8;;;;;;20;2;;128;3030;;;;;;;4109;48;;1;3;2;6632;499;91;19;4;181;;1143;996;69;;4;1;4.14;;1;0.09;0;1;46;15;58.55;33.67;4;6.5;;4.09;10.29;;2;0.69;;1;0.09;17;3;20.11;11.66;4;1.45;;;3
PSY;2014;110786324;;PEN;;;;;;;;;;;;;;;;;;;;;;;;;;;;;;973;;;;;218;205;;;;;;;;;;;;;;;;;;;;;;;;;;;;;;;;;;
PSY;2014;110786324;;TOT;1;;1;1;203;;;40;;;62;7;;2122;68530;;;7209;;;;14730;186;;2;9;12;44518;5629;4170;3125;4686;181;;8487;6795;1390;;23;4;23.37;3;6;4.19;;;282;90;350.62;251.89;41.18;18.46;;6.06;33.03;19;5;12.04;3;6;4.19;199;51;239.37;164.35;41.18;9.62;;1.08;23.14
PSY;2014;120000039;120780044;INF;;1;;;5;;;;;;28;;3;80;1507;;;;;;;4581;;2928;2;2;3;10396;6070;370;40;109;116;;1730;1526;60;;3;1;3.75;;;;0;1;38;25;50.17;13.33;5.91;5.04;;4.34;21.55;;;;;;;;;;;;;;;
PSY;2014;120000039;120780044;TOT;1;;2;0;5;;;;;;28;;3;80;1507;;;;;;;4581;;2928;2;2;3;10396;6070;370;40;109;116;;1730;1526;60;;3;1;3.75;;;;;;38;25;50.17;13.33;5.91;5.04;;4.34;21.55;;;;;;;;;;;;;;;
PSY;2014;120004569;120004528;GEN;;1;;;22;;;;;;21;2;1;486;6704;;;;;;150;6402;0;877;;2;1;17423;5691;6820;;1962;;;2041;1732;309;0;4;;3.8;;1;0.5;0;1;66;15;76.36;43.86;12.57;4.8;;1;10.86;3;;1.5;;1;0.5;23;13;28.6;19.3;0;0.5;;1;0.2
PSY;2014;120004569;120004528;INF;;1;;;;;;;;;6;;;0;;;;;;;186;811;;;;1;;5244;;;;9;;;632;604;38;;2;;2;;;;0;0;20;5;19.02;2.51;1.28;3;;2.86;8.52;;;;;;;;;;;;;;;
PSY;2014;120004569;120004528;TOT;1;;;0;22;;;;;;27;2;1;486;6704;;;;;;336;7213;0;877;;3;1;22667;5691;6820;;1971;;;2673;2336;347;;6;;5.8;;1;0.5;;;82;20;95.38;46.37;13.85;7.8;;3.86;19.38;3;;1.5;;1;0.5;23;13;28.6;19.3;0;0.5;;1;0.2
PSY;2014;120780283;630786754;GEN;;4;;;246;40;5;;;;115;5;;3475;74775;12845;1044;;;;;14196;69;;3;9;6;39868;43457;20004;3263;3585;12;;8564;6369;1860;30;16;11;22.81;3;7;6.25;;;407;84;450.69;321.97;97.07;12.05;;4.25;15.35;3;15;11.6;2;6;5.84;264;71;311.13;205;91.2;4.9;;1.88;8.15
PSY;2014;120780283;630786754;PEN;;;;;;;;;;;;;;;;;;;;;;;;;;;;;;1101;;;;;;;;;;3;0.3;;;;;;;8;0.85;0.55;;0.3;;;;;;;;;;;;;;;;;;
PSY;2014;120780283;630786754;TOT;1;;3;1;246;40;5;;;;115;5;;3475;74775;12845;1044;;;;;14196;69;;3;9;6;39868;43457;21105;3263;3585;12;;8564;6369;1860;30;16;14;23.11;3;7;6.25;;;407;92;451.54;322.52;97.07;12.35;;4.25;15.35;3;15;11.6;2;6;5.84;264;71;311.13;205;91.2;4.9;;1.88;8.15
PSY;2014;130000235;130780554;GEN;;6;;;222;19;0;;8;;148;14;2;1850;77285;6201;66;;1224;;228;21577;311;2844;;12;7;75899;46901;2337;1604;6181;2;;7982;6627;838;95;24;15;33.1;2;3;2.69;;;508;56;486.29;299.29;71.93;27.47;;3.91;32.88;24;15;16.42;2;3;2.69;319;5;305.85;161.81;60.74;9.51;;1.09;9.59
PSY;2014;130000235;130780554;INF;;2;;;;;;;;;52;;;;;;;;;;30;3985;;;2;10;3;31299;282;217;267;955;375;;2492;2353;;;8;7;11.92;0;0;0;;;63;9;67.38;31.57;0.33;21.33;;6.71;24.03;0;0;0;0;0;0;0;0;0;0;0;0;;0;0
PSY;2014;130000235;130780554;PEN;;;;;;;;;;;;;;;;;;;;;;;;;;;;;;3;;;;;;;;;0;0;0;0;0;0;;;0;0;0;0;0;0;;0;0;0;0;0;0;0;0;0;0;0;0;0;0;;0;0
PSY;2014;130000235;130780554;TOT;1;;6;1;222;19;0;;8;;200;14;2;1850;77285;6201;66;;1224;;258;25562;311;2844;2;22;10;107198;47183;2557;1871;7136;377;;10339;8865;838;95;32;22;45.02;2;3;2.69;;;571;65;553.67;330.86;72.26;48.8;;10.62;56.91;24;15;16.42;2;3;2.69;319;5;305.85;161.81;60.74;9.51;;1.09;9.59
PSY;2014;130000433;130781131;GEN;;6;;;320;20;19;;11;;134;12;;2995;102413;4514;5371;;1817;;122;20917;734;;2;27;4;74621;21033;5673;1899;14388;300;;13839;10949;1833;43;49;6;52.25;3;2;2.81;1;1;515;95;578.41;392.3;74.02;24.16;;2.08;26.62;31;4;22.12;2;;1.57;300;53;325.92;204.6;56.11;3.7;;1.3;10.24
PSY;2014;130000433;130781131;INF;;3;;;10;2;;;;;48;;;112;2677;132;;;;;2;3344;;;4;15;10;40891;3727;341;512;568;706;;3831;3659;92;;17;5;16.17;;1;0.1;1;1;104;33;126.33;40.31;3.03;34.14;;11.9;32.1;2;;1.65;;;;15;3;17.12;14.3;0.03;;;;2.79
PSY;2014;130000433;130781131;PEN;;;;;;;;;;;;;;;;;;;;;;;;;1;2;;;;18352;;;;;1372;1320;;;4;1;4.49;;;;;;14;3;14.29;6.18;;6.9;;0.2;1;;;;;;;;;;;;;;;
PSY;2014;130000433;130781131;TOT;1;;5;1;330;22;19;;11;;182;12;;3107;105090;4646;5371;;1817;;124;24261;734;;7;44;14;115512;24760;24366;2411;14956;1006;;18613;15569;1915;43;69;11;72.91;3;3;2.91;;;625;130;719.03;438.79;77.05;65.2;;14.18;59.72;33;4;23.77;2;;1.57;315;56;343.04;218.9;56.14;3.7;;1.3;13.03
PSY;2014;130002496;130786494;GEN;;4;;;140;6;4;;8;;126;;;1375;41190;1659;1043;;2074;;106;25814;;;;6;5;44096;18858;1924;1963;13034;;;5995;4566;827;26;21;8;25.32;;;;0;1;299;40;321.34;228.18;7.63;16.45;;2.02;16.36;9;1;8.81;;;;163;23;171.25;121.16;4.83;4.04;;1;5.31
PSY;2014;130002496;130786494;INF;;2;;;;;;;;;29;;;;;;;;;;15;6882;;;;8;2;33636;6880;192;138;246;340;;2365;2263;;;10;2;9.47;;;;0;0;50;16;57.24;23.73;;13.14;;5.89;8.47;;;;;;;;;;;;;;;
PSY;2014;130002496;130786494;TOT;1;;4;0;140;6;4;;8;;155;;;1375;41190;1659;1043;;2074;;121;32696;;;;14;7;77732;25738;2116;2101;13280;340;;8284;6731;827;26;31;10;34.79;;;;;;349;56;378.58;251.91;7.63;29.59;;7.91;24.83;9;1;8.81;;;;163;23;171.25;121.16;4.83;4.04;;1;5.31
PSY;2014;130002827;130789274;GEN;;1;;;33;4;;;;;10;;;704;10526;948;;;;;54;1413;;;3;;3;16643;10876;2558;133;1282;;;2658;1950;661;0;6;;6;;;;;1;68;10;71.41;50.27;4.85;4.19;;;3.65;;;;;;;;;;;;;;;
PSY;2014;130002827;130789274;INF;;1;;;;;;;;;10;;;;;;;;;;;561;;;1;4;3;8834;876;84;24;129;65;;1103;1103;0;;3;1;3.6;;;;;1;25;10;28.72;6.77;;6.48;;5.54;8.43;;;;;;;;;;;;;;;
PSY;2014;130002827;130789274;TOT;1;;;1;33;4;;;;;20;;;704;10526;948;;;;;54;1974;;;4;4;6;25477;11752;2642;157;1411;65;;3761;;;;9;1;9.6;;;;;;90;20;100.13;57.04;4.85;10.67;;5.54;12.08;;;;;;;;;;;;;;;
PSY;2014;130780273;130000151;GEN;;;;;50;;;;;;;;;249;18252;;;;;;;;;;;;;;;;;;;;268;;;;0;4;;;17;;0;0;33;1;33.7;12.1;9.9;0.1;;;1;;;;;;;;;;;;;;;
PSY;2014;130780273;130000151;TOT;0;;;0;50;;;;;;;;;249;18252;;;;;;;;;;;;;;;;;;;;268;;;;0;4;;;17;;;;33;1;33.7;12.1;9.9;0.1;;;1;;;;;;;;;;;;;;;
PSY;2014;130781065;130000417;GEN;;;;;75;;;;;;15;;;539;27211;;;;;;;954;;;;;;;;;;;;;539;;;;;5;3;;;;0;0;21;17;28.53;13.8;11.6;1.13;;1.28;0.72;;;;;;;;;;;;;;;
PSY;2014;130781065;130000417;TOT;0;;;0;75;;;;;;15;;;539;27211;;;;;;;954;;;;;;;;;;;;;539;;;;;5;3;;;;;;21;17;28.53;13.8;11.6;1.13;;1.28;0.72;;;;;;;;;;;;;;;
PSY;2014;130781594;130010648;GEN;;;;;104;;;;;;;;;227;37076;;;;;;;;;;;;;;;;;;;;117;;;49;;3;1.23;;;;0;1;13;10;24.53;;;;;;;;;;;;;;;;;;;;;
PSY;2014;130781594;130010648;TOT;0;;;0;104;;;;;;;;;227;37076;;;;;;;;;;;;;;;;;;;;117;;;49;;3;1.23;;;;;;13;10;24.53;;;;;;;;;;;;;;;;;;;;;
PSY;2014;130783236;130786049;GEN;;3;;;117;;;;7;;50;;1;1413;40126;;;;3069;;;10798;;;3;;1;27429;6575;;;6132;;;7924;6840;1084;0;18;13;19.36;2;0;1.56;;;205;35;243.13;220;1;11;;1.8;9.3;12;6;9.1;2;0;1.4;;;;;;;;;
PSY;2014;130783236;130786049;TOT;1;;1;0;117;;;;7;;50;;1;1413;40126;;;;3069;;;10798;;;3;;1;27429;6575;;;6132;;;7924;6840;1084;0;18;13;19.36;2;;1.56;;;205;35;243.13;220;1;11;;1.8;9.3;12;6;9.1;2;;1.4;;;;;;;;;
PSY;2014;130783764;750043994;GEN;;;;;263;;;;;;15;;;2291;90215;;;;;;;2725;;;;;;;;;;;;;2291;;;;1;7;5.8;;1;0.2;1;;56;9;59.6;37.2;15;3.8;;2.6;1;;;;;;;;;;;;;;;
PSY;2014;130783764;750043994;TOT;0;;;0;263;;;;;;15;;;2291;90215;;;;;;;2725;;;;;;;;;;;;;1353;;;;1;7;5.8;;1;0.2;;;56;9;59.6;37.2;15;3.8;;2.6;1;;;;;;;;;;;;;;;
PSY;2014;130784234;130786049;GEN;;3;;;117;;;;;;38;;;2027;36531;;;;;;;8034;;;3;;;33801;;;;648;;;5769;4991;778;;22;7;15.82;5;3;5.08;;;171;26;188.84;112.31;52.13;11.59;;2.8;1.52;16;5;7.96;1;1;1.1;139;18;152.9;96.3;45.8;4;;0;0
PSY;2014;130784234;130786049;INF;;2;;;10;;;;;;26;;;141;3374;;;;;;;8662;;;1;;;16371;;;;1300;;;3906;3788;118;;15;1;11.38;0;2;0.65;;;58;9;66.56;25.67;3.53;11.88;;5.63;13;6;0;3.02;0;0;0;27;3;29.4;15;0;1;;1;2
PSY;2014;130784234;130786049;PEN;;;;;;;;;;;;;;149;6501;;;;;;;;;;;;;;6094;;;;;;3019;3005;149;;10;3;10.07;2;1;0.8;;;31;3;29.44;19.28;0;6.2;;2;1.96;4;1;2.81;0;0;0;0;0;0;0;0;0;;0;0
PSY;2014;130784234;130786049;TOT;1;;5;0;127;;;;;;64;;;2317;46406;;;;;;;16696;;;4;;;50172;6094;;;1948;;;12648;11740;1043;;47;11;37.27;7;6;6.53;;;254;34;284.84;157.26;55.66;29.67;;10.43;16.48;26;6;13.79;1;1;1.1;166;21;182.3;111.3;45.8;5;;1;2
PSY;2014;130784291;130001696;GEN;;;;;82;;;;;;;;;552;27136;;;;;;;;;;;;;;;;;;;;552;;;;1;1;1.26;;;;1;0;38;16;56.29;16.97;8.26;2.07;;0.63;1.17;;;;;;;;;;;;;;;
PSY;2014;130784291;130001696;INF;;;;;18;;;;;;;;;145;3404;;;;;;;;;;;;;;;;;;;;145;;;;;1;0.25;;;;1;0;15;7;23.85;8.39;9.5;0.84;;0.34;2.53;;;;;;;;;;;;;;;
PSY;2014;130784291;130001696;TOT;0;;;0;100;;;;;;;;;697;30540;;;;;;;;;;;;;;;;;;;;697;;;;1;2;1.51;;;;;;53;23;80.14;25.36;17.76;2.91;;0.97;3.7;;;;;;;;;;;;;;;
PSY;2014;130784549;130001811;GEN;;1;;;;;;84;;;;;;;;;;30660;;;;;;;;;;;;;;;;;84;;;;;2;1.04;;1;0.68;;;24;13;38.4;12.8;8;2;;2;;;;;;;;;;;;;;;;
PSY;2014;130784549;130001811;TOT;1;;0;0;;;;84;;;;;;;;;;30660;;;;;;;;;;;;;;;;;84;;;;;2;1.04;;1;0.68;;;24;13;38.4;12.8;8;2;;2;;;;;;;;;;;;;;;;
PSY;2014;130784606;130001860;GEN;;;;;209;;;;;;12;6;;1280;69864;;;;;;;3315;1507;;;;;;;;;;;;906;;;;;;;;;;;;107;6;78.85;49.93;24.95;1.89;;1.11;0.97;;;;;;;104;4;75.84;48.03;24.95;1.89;;0;0.97
PSY;2014;130784606;130001860;TOT;0;;;0;209;;;;;;12;6;;1280;69864;;;;;;;3315;1507;;;;;;;;;;;;906;;;;;;;;;;;;107;6;78.85;49.93;24.95;1.89;;1.11;0.97;;;;;;;104;4;75.84;48.03;24.95;1.89;;0;0.97
PSY;2014;130784697;130001902;GEN;;;;;98;;;;;;12;9;0;355;34721;;;;;;;4828;541;0;;;;;;;;;;;260;;;7;;4;1.53;;;;0;1;20;13;26.3;;;;;;;;;;;;;;;;;;;;;
PSY;2014;130784697;130001902;TOT;0;;;0;98;;;;;;12;9;0;355;34721;;;;;;;4828;541;0;;;;;;;;;;;260;;;7;;4;1.53;;;;;;20;13;26.3;;;;;;;;;;;;;;;;;;;;;
PSY;2014;130786015;130002322;GEN;;;;;80;;;;;;;;;;29023;;;;;;;;;;;;;;;;;;;;235;;235;9;;7;3.32;;5;5.16;0;0;;;;;;;;;;;;;;;;;;;;;;;;
PSY;2014;130786015;130002322;TOT;0;;;0;80;;;;;;;;;;29023;;;;;;;;;;;;;;;;;;;;235;;;;;7;3.32;;5;5.16;;;;;;;;;;;;;;;;;;;;;;;;;;
PSY;2014;130786742;750821092;GEN;;0;;;22;0;0;0;0;0;0;0;0;286;4932;0;0;0;0;0;0;0;0;0;0;1;0;4225;0;0;0;0;0;;1650;1477;173;0;4;0;3.5;1;0;0.16;0;1;25;2;21.74;9.33;5.78;2;;0.35;0;4;0;3.5;1;0;0.16;25;2;21.74;9.33;5.78;2;;0.35;0
PSY;2014;130786742;750821092;TOT;0;;0;0;22;0;0;0;0;0;0;0;0;286;4932;0;0;0;0;0;0;0;0;0;0;1;0;4225;0;0;0;0;0;;1650;1477;173;0;4;0;3.5;1;0;0.16;;;25;2;21.74;9.33;5.78;2;;0.35;0;4;;3.5;1;;0.16;25;2;21.74;9.33;5.78;2;;0.35;0
PSY;2014;130786890;130001688;INF;;;;;5;;;;;;25;;;498;1291;;;;;;;3097;;;;;;;;;;;;;108;;;;1;3;2;;1;0.05;0;0;26;20;36;16;;1;;2;5.5;;;;;;;;;;;;;;;
PSY;2014;130786890;130001688;TOT;0;;;0;5;;;;;;25;;;498;1291;;;;;;;3097;;;;;;;;;;;;;108;;;;1;3;2;;1;0.05;;;26;20;36;16;;1;;2;5.5;;;;;;;;;;;;;;;
PSY;2014;130786973;130002702;GEN;;;;;78;;;;;;;;;261;27188;;;;;;;;;;;;;;;;;;;;262;;262;;;3;1.16;;1;0.51;0;0;;;;;;;;;;;;;;;;;;;;;;;;
PSY;2014;130786973;130002702;TOT;0;;;0;78;;;;;;;;;261;27188;;;;;;;;;;;;;;;;;;;;262;;;;;3;1.16;;1;0.51;;;;;;;;;;;;;;;;;;;;;;;;;;
PSY;2014;130790157;130789316;GEN;;3;;;75;6;0;0;0;0;45;3;0;1112;24055;1880;0;0;0;0;17;14073;18;0;2;5;4;42887;7488;3740;1;3749;2;;4657;;595;;18;5;19.93;0;0;0;1;0;150;47;151.82;111.04;11.32;12.04;;1.65;17.62;3;11;9;0;0;0;74;40;97.11;56.74;11.32;3.75;;0;4.3
PSY;2014;130790157;130789316;INF;;1;;;0;0;;;0;0;8;0;0;0;0;0;;;0;0;12;1464;0;0;0;4;0;10362;0;84;333;302;157;;974;955;0;0;4;4;6.39;0;1;0.58;0;0;17;24;30.05;2.4;0.6;7.31;;6.77;9.67;0;0;0;0;0;0;0;0;0;0;0;0;;0;0
PSY;2014;130790157;130789316;TOT;1;;0;0;75;6;0;0;0;0;53;3;0;1112;24055;1880;0;0;0;0;29;15537;18;0;2;9;4;53249;7488;3824;334;4051;159;;5577;4817;595;;22;9;26.32;0;1;0.58;;;167;67;181.87;113.44;11.92;19.35;;8.42;27.29;3;11;9;0;0;0;74;40;97.11;56.74;11.32;3.75;;0;4.3
PSY;2014;130798002;130004807;GEN;;;;;200;;;;;;;;;1166;69187;;;;;;;;;;;;;;;;;;;;904;;;;3;12;9;2;3;3.45;0;0;39;27;64.54;30.47;3094;1;;0.67;1.46;;;;;;;;;;;;;;;
PSY;2014;130798002;130004807;TOT;0;;;0;200;;;;;;;;;1166;69187;;;;;;;;;;;;;;;;;;;;904;;;;3;12;9;1;3;3.53;;;39;27;64.54;30.47;3094;1;;0.67;1.46;;;;;;;;;;;;;;;
PSY;2014;130804032;;INF;;;;;;;;;;;27;;;;;;;;;;;2073;;;;;;;;;;;;;57;;;;;3;1.3;;;;0;0;11;12;15.94;4.8;;1.35;;0.85;6;;;;;;;;;;;;;;;
PSY;2014;130804032;;TOT;0;;;0;;;;;;;27;;;;;;;;;;;2073;;;;;;;;;;;;;57;;;;;3;1.3;;;;;;11;12;15.94;4.8;;1.35;;0.85;6;;;;;;;;;;;;;;;
PSY;2014;130806011;130001183;GEN;;;;;67;;;;;;;;;458;24242;;;;;;;;;;;;;;;;;;;;362;;;;1;2;2;;;;0;1;;;;;;;;;;1;2;2;;;;;;;;;;;;
PSY;2014;130806011;130001183;TOT;0;;;0;67;;;;;;;;;458;24242;;;;;;;;;;;;;;;;;;;;362;;;;1;2;2;;;;;;;;;;;;;;;1;2;2;;;;;;;;;;;;
PSY;2014;140000209;140000100;GEN;;1;;;45;;;;10;;20;;;793;15183;;;;2101;;;3439;;;2;3;1;32085;;897;;1835;;;5282;4548;730;4;11;4;9.21;;;;0;1;102;27;118.44;52.62;30.77;6.32;;1.9;2.4;11;4;9.21;;;;85;16;93.9;42.62;26.77;2;;1;1.4
PSY;2014;140000209;140000100;INF;;0;;;;;;;;;;;;;;;;;;;;;;;;;;;;;;;;;;;;;6;;2.79;;1;0.6;0;1;13;3;9.82;0.05;;2.99;;1.81;2.85;;;;;;;;;;;;;;;
PSY;2014;140000209;140000100;TOT;1;;0;0;45;;;;10;;20;;;793;15183;;;;2101;;;3439;;;2;3;1;32085;;897;;1835;;;5282;4548;730;4;17;4;12;;1;0.6;;;115;30;128.26;52.67;30.77;9.31;;3.71;5.25;11;4;9.21;;;;85;16;93.9;42.62;26.77;2;;1;1.4
PSY;2014;140000233;140000118;GEN;;1;;;;;;;;;15;;;;;;;;;;;2194;;;;;;355;;19;;;;;34;34;;;;1;0.1;;;;0;0;7;1;4.35;4;0;0.15;;0;0.1;;;;;;;;;;;;;;;
PSY;2014;140000233;140000118;TOT;1;;0;0;;;;;;;15;;;;;;;;;;;2194;;;;;;355;;19;;;;;34;;;;;1;0.1;;;;;;7;1;4.35;4;0;0.15;;0;0.1;;;;;;;;;;;;;;;
PSY;2014;140000324;140026279;GEN;;1;;;;;;;;;10;;;;;;;;;;;1126;;;;;;;;;;;;;31;;;;;;;;;;0;0;2;;2;1;1;;;;;;;;;;;;;;;;;;;
PSY;2014;140000324;140026279;TOT;1;;;0;;;;;;;10;;;;;;;;;;;1126;;;;;;;;;;;;;31;;;;;;;;;;;;2;;2;1;1;;;;;;;;;;;;;;;;;;;
PSY;2014;140000373;140000159;GEN;;1;;;25;;;4;;;33;15;;683;8560;0;0;2487;0;0;78;2237;1165;0;0;3;2;6894;2129;96;281;2677;0;;1602;1236;333;32;4;;3.85;;;;0;1;65;11;73.89;44.85;17.09;1.81;;;1;;;;;;;;;;;;;;;
PSY;2014;140000373;140000159;INF;;1;;;;;;;;;;;;0;0;0;;;0;0;0;0;0;0;0;3;2;8895;2634;22;22;3;57;;562;562;0;0;2;;2.15;;;;0;1;12;1;13.26;5.51;;5;;1.75;1;;;;;;;;;;;;;;;
PSY;2014;140000373;140000159;TOT;1;;0;0;25;;;4;;;33;15;;683;8560;0;0;2487;0;0;78;2237;1165;0;0;6;4;15789;4763;118;303;2680;57;;2147;1781;333;32;6;;6;;;;;;77;12;87.15;50.36;17.09;6.81;;1.75;2;;;;;;;;;;;;;;;
PSY;2014;140000456;140000316;GEN;;6;;;349;;;7;;;135;12;10;3148;103509;;;2100;;;;17482;1937;2769;4;10;15;51210;13717;6366;914;638;9;;8906;6654;2040;116;28;2;27.66;7;2;10.49;0;1;586;81;639.21;390.85;188.49;13.67;;6.88;12.55;16;1;9.5;0;0;0;397;56;430.67;243.54;154.13;1.3;;1.51;4.5
PSY;2014;140000456;140000316;INF;;2;;;;;;;;;50;;2;;;;;;;;;7114;;0;2;5;5;13388;1504;24;5;1;36;;2233;2118;0;;7;4;10.08;0;0;0;0;1;69;18;81.11;38.08;12.99;10;;9.53;6.51;0;0;0;0;0;0;0;0;0;0;0;0;;0;0
PSY;2014;140000456;140000316;PEN;;;;;;;;;;;6;;;;;;;;;;;997;;;;2;;;;15444;;;;;1434;1348;0;;5;3;5.06;0;0;0;;;17;2;18.01;9.79;0;7.22;;0;1;0;0;0;0;0;0;0;0;0;0;0;0;;0;0
PSY;2014;140000456;140000316;TOT;1;;3;1;349;;;7;;;191;12;12;3148;103509;;;2100;;;;25593;1937;2769;6;17;20;64598;15221;21834;919;639;45;;12410;10042;2040;;39;9;42.8;7;2;10.49;;;667;101;738.33;438.72;201.48;30.89;;16.41;20.06;16;1;9.5;0;0;0;397;56;430.67;243.54;154.13;1.3;;1.51;4.5
PSY;2014;140004136;140000092;GEN;;1;;;30;0;13;0;0;0;15;1;2;397;8577;;3750;;;;10;2363;187;949;0;3;1;17068;1770;1291;427;1138;;;2078;1805;263;6;5;;5;;1;0.5;;1;61;26;81.47;47.34;18.48;2.63;;0.8;3.15;4;;1.7;;1;0.5;43;7;47.94;26.34;15.31;0.1;;0.1;0.8
PSY;2014;140004136;140000092;INF;;1;;;15;0;;;0;0;40;0;0;104;3568;;;;;;80;5397;;;2;2;;14687;;;;62;;;955;855;41;1;4;2;5.6;;1;0.6;;1;75;18;90.7;18.32;23.62;9.2;;8.76;15.28;1;;0.6;;0;0;30;9;34.65;12.6;16.8;0.25;;0.5;1.5
PSY;2014;140004136;140000092;TOT;1;;1;0;45;0;13;0;0;0;55;1;2;501;12145;;3750;;;;90;7760;187;949;2;5;1;31755;1770;1291;427;1200;;;3033;2660;304;7;9;2;10.6;;1;1.1;;;136;44;172.17;65.66;42.1;11.83;;9.56;18.43;5;;2.3;;1;0.5;73;16;82.59;38.94;32.11;0.35;;0.6;2.3
PSY;2014;140004383;140000100;INF;;;;;8;;;;;;;;;392;2949;;;;;;;;;;;2;;8311;;343;867;1000;196;;1435;1350;76;0;7;;3.8;2;;0.38;0;1;32;17;37.85;14.38;7.51;5.03;;2.1;2.9;2;;1.5;1;;0.18;27;15;35.03;13.75;7.51;4.03;;1.91;2.9
PSY;2014;140004383;140000100;TOT;0;;;0;8;;;;;;;;;392;2949;;;;;;;;;;;2;;8311;;343;867;1000;196;;1435;1350;76;0;7;;3.8;2;;0.38;;;32;17;37.85;14.38;7.51;5.03;;2.1;2.9;2;;1.5;1;;0.18;27;15;35.03;13.75;7.51;4.03;;1.91;2.9
PSY;2014;140016106;140000035;GEN;;;;;;;;;;;12;;;;;;;;;;;3914;;;;;;;;;;;;;;;;;;;;;;;0;0;3;;3;;2;;;;;;;;;;;;;;;;;;;
PSY;2014;140016106;140000035;TOT;0;;;0;;;;;;;12;;;;;;;;;;;3914;;;;;;;;;;;;;;;;;;;;;;;;;3;;3;;2;;;;;;;;;;;;;;;;;;;
PSY;2014;150000040;150780096;GEN;;2;;;115;;;;;;37;1;;1286;35739;;;;;;;14499;971;;1;3;2;21853;375;9838;4807;584;4;;3106;2361;661;14;7;1;6.6;3;2;1.16;;1;159;56;203.13;135.81;13.27;7.31;;4.66;5.98;;;;;;;110;55;145.87;100.43;13.27;1.8;;1.47;2.55
PSY;2014;150000040;150780096;INF;;;;;;4;;;;;1;;;85;;520;;;;;75;1663;;;1;3;0;11076;;47;902;68;1110;;1452;1430;47;;2;2;2.67;0;;0;;;9;44;21.45;1.97;;2.61;;1.75;9.4;;;;;;;;;;;;;;;
PSY;2014;150000040;150780096;PEN;;;;;;;;;;;;;;;;;;;;;;;;;;;;;;474;;;;;;;;;;1;0.01;;;;;;;;;;;;;;;;;;;;;;;;;;;;;
PSY;2014;150000040;150780096;TOT;1;;;1;115;4;;;;;38;1;;1371;35739;520;;;;;75;16162;971;;2;6;2;32929;375;10359;5709;652;1114;;4544;3788;697;14;9;4;9.28;;2;0.8;;;168;100;224.58;137.78;13.27;9.92;;6.41;15.38;;;;;;;110;55;145.87;100.43;13.27;1.8;;1.47;2.55
PSY;2014;150780773;150780088;GEN;;1;;;31;7;0;0;0;0;20;0;0;269;6890;494;0;0;0;0;0;2592;0;0;1;1;1;4477;1209;945;492;238;0;;979;671;201;;1;2;1.86;;;;0;1;48;14;58.01;34.97;9.59;1.48;;1.8;0.8;1;0;1;;;;;;;;;;;;
PSY;2014;150780773;150780088;TOT;1;;0;1;31;7;0;0;0;0;20;0;0;269;6890;494;0;0;0;0;0;2592;0;0;1;1;1;4477;1209;945;492;238;0;;979;671;201;;1;2;1.86;;;;;;48;14;58.01;34.97;9.59;1.48;;1.8;0.8;1;0;1;;;;;;;;;;;;
PSY;2014;150780823;150780096;INF;;1;;;10;;;;;;21;;;359;1201;;;;;;;14641;;;;;;;;;;;;;129;;35;;2;2;1.01;;;;;;7;41;34.06;9.49;4.82;1.89;;1.4;12.56;;;;;;;4;19;13.16;4.5;1.8;0.4;;0.2;4.32
PSY;2014;150780823;150780096;TOT;1;;;0;10;;;;;;21;;;359;1201;;;;;;;14641;;;;;;;;;;;;;129;;35;;2;2;1.01;;;;;;7;41;34.06;9.49;4.82;1.89;;1.4;12.56;;;;;;;4;19;13.16;4.5;1.8;0.4;;0.2;4.32
PSY;2014;150782944;150002566;GEN;;;;;30;;;;;;;;;50;9021;;;;;;;;;;0;;;;;;;;;;76;0;67;20;;2;0.3;;;;0;1;4;11;;7.19;0;0;;0;3.78;;;;;;;;;;;;;;;
PSY;2014;150782944;150002566;TOT;0;;;0;30;;;;;;;;;50;9021;;;;;;;;;;0;;;;;;;;;;76;;;;;2;0.3;;;;;;4;11;;7.19;0;0;;0;3.78;;;;;;;;;;;;;;;
PSY;2014;160000345;160000501;GEN;;4;;;247;0;0;0;10;0;66;0;6;3007;72064;0;0;0;2089;0;0;4814;0;1101;7;14;6;59777;0;10977;3555;5116;31;;11206;10496;1503;28;17;3;18.51;5;2;5.47;1;0;407;87;472.06;307.92;64.46;13.09;;6.02;11.82;16;2;10.36;5;;4.05;340;60;353.04;218.25;61.62;6.58;;3.24;7.94
PSY;2014;160000345;160000501;INF;;2;;;12;1;;;0;0;82;0;5;458;1868;95;;;0;0;0;6087;16;2205;0;7;5;20447;0;178;169;25;1154;;2768;2296;171;0;8;2;8.78;;;;1;0;82;41;111.88;45.58;5.02;11.62;;10.99;16.77;4;;0.78;;;;31;5;21.78;11.14;4.52;1;;0.16;2.05
PSY;2014;160000345;160000501;PEN;;;;;0;;;;;;0;;;0;0;;;;;;;;;0;0;1;0;;0;0;;;;3048;485;477;0;0;1;;0.2;;;;;;9;;6.93;4.28;;2.44;;;;;;;;;;;;;;;;;;
PSY;2014;160000345;160000501;TOT;1;;1;1;259;1;0;0;10;0;148;0;11;3465;73932;95;0;0;2089;0;0;10901;16;3306;7;22;11;80224;0;11155;3724;5141;1185;3048;13768;12599;1663;28;26;5;27.49;5;2;5.47;;;498;128;590.87;357.78;69.48;27.15;;17.01;28.59;20;2;11.14;5;;4.05;371;65;374.82;229.39;66.14;7.58;;3.4;9.99
PSY;2014;160008231;160001038;GEN;;1;;;38;;;;;;;;;566;13785;;;;;;;;;;;;;;;;;;;;566;;;;1;2;1;;1;;0;1;;;;;;;;;;;;;;;;;;;;;;;;
PSY;2014;160008231;160001038;TOT;0;;0;0;38;;;;;;;;;566;13785;;;;;;;;;;;;;;;;;;;;566;;;;1;2;1;;1;;;;;;;;;;;;;;;;;;;;;;;;;;;
PSY;2014;170000103;170780175;GEN;;2;;;52;;;;;;;;;474;14862;0;;;;;;;;;;;;59;;1;8;1004;;;668;3054;299;16;4;2;5.45;0;0;0;0;1;58;21;66.76;65.17;0.22;1.1;;0.16;0.11;;6;2;;;;58;21;66.76;65.17;0.22;1.1;;0.16;0.11
PSY;2014;170000103;170780175;INF;;1;;;5;;;;;;5;;;226;1365;0;;;;;;1540;;;;;;3899;;6;1;296;;;556;242;139;0;0;5;1.8;0;0;0;0;1;17;1;16.49;10.93;0.03;0.75;;;4.7;;5;1;;;;7;1;7.19;5.44;0.01;;;;1.67
PSY;2014;170000103;170780175;PEN;;;;;;;;;;;;;;;;;;;;;;;;;;;;;;;;;;67;27;27;;;0;0;0;0;0;0;;;;;;;;;;;;;;;;;;;;;;;;;;
PSY;2014;170000103;170780175;TOT;1;;;1;57;;;;;;5;;;700;16227;0;;;;;;1540;;;;;;3958;;7;9;1300;;67;1244;693;438;16;4;7;7.25;;;0;;;75;22;83.25;76.1;0.25;1.85;;0.16;4.81;;11;3;;;;65;22;73.95;70.61;0.23;1.1;;0.16;1.78
PSY;2014;170020994;170780175;GEN;;2;;;;;;;;;15;;;;;;;;;;;2446;;;;;2;9608;2320;3725;226;502;;;1424;1359;;;0;1;0.5;0;0;0;0;1;21;10;24.87;19.91;0;2.9;;0;3.14;;;;;;;;;;;;;;;
PSY;2014;170020994;170780175;INF;;1;;;;4;;;;;25;;;;;149;;;;;;3800;;;2;4;;18922;;23;43;35;3766;;2250;2241;;;0;5;1.92;0;0;0;0;1;29;6;28.14;13.15;0;8.2;;6.14;15.09;;;;;;;;;;;;;;;
PSY;2014;170020994;170780175;PEN;;;;;;;;;;;;;;;;;;;;;;;;;;;;;;;;;;10;8;8;;;;;;;;;;;;;;;;;;;;;;;;;;;;;;;;;;
PSY;2014;170020994;170780175;TOT;1;;;1;;4;;;;;40;;;;;149;;;;;;6246;;;2;4;2;28530;2320;3748;269;537;3766;10;3677;3618;;;0;6;2.42;0;0;0;;;50;16;53.01;33.06;0;11.1;;6.14;18.23;;;;;;;;;;;;;;;
PSY;2014;170780282;170000186;GEN;;;;;57;;;;;;;;;635;20527;;;;;;;;;;;;;;;;;;;;552;;;;;8;4;;13;3.5;0;0;27;9;29.29;14.35;7.23;0.4;;;0.5;;;;;;;;;;;;;;;
PSY;2014;170780282;170000186;TOT;0;;;0;57;;;;;;;;;635;20527;;;;;;;;;;;;;;;;;;;;552;;;;;8;4;;13;3.5;;;27;9;29.29;14.35;7.23;0.4;;;0.5;;;;;;;;;;;;;;;
PSY;2014;170780290;170000194;GEN;;;;;56;;;;;;;;;615;20261;;;;;;;;;;;;;;;;;;;;553;;;;;8;4;;13;3.5;0;0;22;9;25.88;9.71;9.08;0.4;;0.5;;;;;;;;;;;;;;;;
PSY;2014;170780290;170000194;TOT;0;;;0;56;;;;;;;;;615;20261;;;;;;;;;;;;;;;;;;;;553;;;;;8;4;;13;3.5;;;22;9;25.88;9.71;9.08;0.4;;0.5;;;;;;;;;;;;;;;;
PSY;2014;170782981;170023279;GEN;;3;;;251;;11;;;;84;0;;5752;86488;;2842;;;;212;19173;0;;5;4;9;44453;4387;16720;2304;4094;;;9970;7651;2104;80;19;4;21.43;;;;0;0;406;96;469.73;327.9;35.03;12.76;;4.38;10.52;19;4;21.43;;;;329;55;360.65;235.86;35.03;10.7;;1.87;9.39
PSY;2014;170782981;170023279;INF;;2;;;16;;;;;;74;;;583;2799;;;;;;43;11015;151;;;5;2;13996;718;72;8;204;761;;2100;1752;190;1;9;5;10.08;;;;0;0;83;63;126.7;62.47;1.42;8.51;;6.63;15.72;9;5;10.08;;;;17;6;17.86;10.07;;0.89;;;
PSY;2014;170782981;170023279;PEN;;;;;;;;;;;;;;;;;;;;;;;;;;;;;;;;;;1407;319;319;;;2;1;0.9;;;;;;9;5;10.65;6.61;;1.49;;;;2;1;0.9;;;;;;;;;;;;
PSY;2014;170782981;170023279;TOT;1;;1;1;267;;11;;;;158;0;;6335;89287;;2842;;;;255;30188;151;;5;9;11;58449;5105;16792;2312;4298;761;1407;12060;9384;2287;81;30;10;32.41;;;;;;498;161;607.08;396.98;36.45;22.76;;11.01;26.24;30;10;32.41;;;;346;61;378.51;245.93;35.03;11.59;;1.87;9.39
PSY;2014;170783146;170780050;GEN;;2;;;84;;;;;;40;3;;1609;19850;;;;;;48;8249;30;;6;3;5;29418;2906;2182;159;797;;;4424;3458;660;12;5;2;5.35;;1;0.92;0;1;123;19;130.1;95.67;10.33;6.71;;9.3;8.09;;;;;;;60;15;70.05;56.13;7.8;1.35;;0.19;2.07
PSY;2014;170783146;170780050;INF;;1;;;;5;;;;;15;;;2;;733;;;;;44;2275;;;3;4;4;16450;9001;254;18;1;;;1471;1471;0;;1;1;2.1;;1;0.6;0;1;25;16;37.13;12.93;0.93;10.22;;4.79;8.26;;;;;;;;;;;;;;;
PSY;2014;170783146;170780050;PEN;;;;;;;;;;;;;1;;;;;;;;;;;21;;1;;;;;;;;2906;203;203;3;;;;0.1;;;;;;;4;1.66;1.16;;0.5;;;;;;;;;;;;;;;;;;
PSY;2014;170783146;170780050;TOT;1;;3;1;84;5;;;;;55;3;1;1611;19850;733;;;;;92;10524;30;21;9;8;9;45868;11907;2436;177;798;;2906;6098;5132;663;12;6;3;7.55;;2;1.52;;;148;37;168.89;109.76;11.26;17.43;;14.09;16.35;;;;;;;60;15;70.05;56.13;7.8;1.35;;0.19;2.07
PSY;2014;170784086;330785072;INF;;;;;15;;;;;;;;;62;3820;;;;;;;;;;;;;;;;;;;;28;;28;15;;2;0.45;;;;0;0;15;2;16.03;4.76;1.27;1;;;8;;2;0.45;;;;15;2;16.03;4.76;1.27;1;;;8
PSY;2014;170784086;330785072;TOT;0;;;0;15;;;;;;;;;62;3820;;;;;;;;;;;;;;;;;;;;28;;;;;2;0.45;;;;;;15;2;16.03;4.76;1.27;1;;;8;;2;0.45;;;;15;2;16.03;4.76;1.27;1;;;8
PSY;2014;180000176;180001158;GEN;;5;;;290;263;;;14;;99;2;;3424;99914;85942;;;4663;;44;18934;0;;4;12;0;86293;2488;8541;1785;4686;30;;11489;10874;2042;291;18;3;20.59;4;5;7.91;0;0;471;77;516.08;275.94;119.37;27.46;;2.63;12.22;9;0;8.2;3;3;4.69;311;41;349.5;168.44;105.89;8.15;;1.46;5.2
PSY;2014;180000176;180001158;INF;;1;;;8;;;;;;82;0;;211;1874;;;;;;74;5280;8;;6;5;0;14595;11127;65;2;136;431;;2402;2344;121;;5;1;5.66;1;1;0.8;0;0;75;24;91.9;37.4;9.63;7.32;;5.56;18.97;1;0;1.03;1;0;0.33;17;3;19.41;11.78;3.36;1;;0.38;0.4
PSY;2014;180000176;180001158;PEN;;;;;;;;;;;;;;;;;;;;;;;;;;;1;;876;;;;;1421;284;;;;;1;0.3;;;;;;6;1;2.61;0.87;;1.22;;0.52;;;;;;;;;;;;;;;;
PSY;2014;180000176;180001158;TOT;1;;5;1;298;263;;;14;;181;2;;3635;101788;85942;;;4663;;118;24214;8;;10;17;1;100888;14491;8606;1787;4822;461;1421;13620;12959;2149;;23;4;26.55;5;5;8.71;;;552;102;610.59;314.21;129;36;;8.71;31.19;10;0;9.23;4;3;5.02;328;44;368.91;180.22;109.25;9.15;;1.84;5.6
PSY;2014;180000382;180008518;GEN;;;;;36;;;;;;12;;;386;10925;;;;;;;827;;;;;;;;;;;;;402;;376;0;2;0;0;0;2;0;0;0;18;8;20.9;11;5.5;0.6;;;0.8;2;0;0;0;2;0;16;5;18.5;8.5;5.5;0.4;;;0.5
PSY;2014;180000382;180008518;TOT;0;;;0;36;;;;;;12;;;386;10925;;;;;;;827;;;;;;;;;;;;;402;;376;;2;;0;;2;0;;;18;8;20.9;11;5.5;0.6;;;0.8;2;;0;;2;0;16;5;18.5;8.5;5.5;0.4;;;0.5
PSY;2014;180004533;580780971;GEN;;1;;;;;;;;;5;;;;;;;;;;;1253;;;;;;;;;;;;;10;;;;;;0.05;;;;0;0;4;;4;3;1;;;;;;;;;;;;;;;;;;;
PSY;2014;180004533;580780971;TOT;1;;;0;;;;;;;5;;;;;;;;;;;1253;;;;;;;;;;;;;10;;;;;;0.05;;;;;;4;;4;3;1;;;;;;;;;;;;;;;;;;;
PSY;2014;190000026;190000059;GEN;;1;;;30;;;;;;30;;;669;9158;;;;;;;6027;;;;6;;8850;;2144;1779;612;;;2051;1903;439;0;2;;1.7;3;;2.4;;1;60;8;65.22;46.1;;3.3;;1.41;;;;;;;;;;;;;;;;
PSY;2014;190000026;190000059;PEN;;;;;;;;;;;;;;;;;;;;;;;;;;;;;;;;;;189;;;;;;;;;;;;;;;;;;;;;;;;;;;;;;;;;;;;
PSY;2014;190000026;190000059;TOT;1;;;1;30;;;;;;30;;;669;9158;;;;;;;6027;;;;6;;8850;;2144;1779;612;;189;2051;1903;439;0;2;;1.7;3;;2.4;;;60;8;65.22;46.1;;3.3;;1.41;;;;;;;;;;;;;;;;
PSY;2014;190000091;190000075;GEN;;1;;;24;;;;;;12;2;1;282;5356;;;;;;24;3128;0;63;1;2;1;1993;1438;1964;500;125;0;;225;33;192;1;2;;2;;;;0;1;23;4;23.7;14.7;4;1;;;;;;;;;;;;;;;;;;
PSY;2014;190000091;190000075;TOT;1;;;0;24;;;;;;12;2;1;282;5356;;;;;;24;3128;0;63;1;2;1;1993;1438;1964;500;125;0;;225;;;;2;;2;;;;;;23;4;23.7;14.7;4;1;;;;;;;;;;;;;;;;;;
PSY;2014;190000117;;GEN;;;;;166;;13;0;;;10;5;;969;51116;;2778;;;;;2411;44;;2;;2;6203;5042;2244;7;34;0;;1481;1125;458;;6;1;6.91;;;;;;;;;;;;;;;;;;;;;;;;;;;;;
PSY;2014;190000117;;TOT;0;;;1;166;;13;0;;;10;5;;969;51116;;2778;;;;;2411;44;;2;;2;6203;5042;2244;7;34;0;;1481;1125;458;;6;1;6.91;;;;;;;;;;;;;;;;;;;;;;;;;;;;;
PSY;2014;190011601;190000042;GEN;;1;;;42;8;;;;;20;;1;671;13528;;;;;;18;3907;;2975;;1;;14959;;3744;;783;;;3293;2125;692;;4;3;4.53;1;;1;;;93;9;98.67;53.51;16.52;4.25;;2.97;4;;;;;;;;;;;;;;;
PSY;2014;190011601;190000042;INF;;1;;;;25;;;;;15;;;;;910;;;;;;3319;;;;2;1;13687;1642;52;;590;306;;1821;1792;;;4;1;4.78;;;;;;29;17;39.45;5;0;8.52;;5.45;10.47;;;;;;;;;;;;;;;
PSY;2014;190011601;190000042;TOT;1;;2;0;42;33;;;;;35;;1;671;13528;910;;;;;18;7226;;2975;;3;1;28646;1642;3796;;1373;306;;5114;3917;692;;8;4;9.31;1;;1;;;122;26;138.12;58.51;16.52;12.77;;8.42;14.47;;;;;;;;;;;;;;;
PSY;2014;210780425;210781282;INF;;;;;;;;;;;23;;;;;;;;;;;5222;;;;1;1;479;698;;;;;;69;;;;;1;0.5;;1;0.13;;;13;7;16.27;4.8;1;1.75;;0.96;7.76;;;;;;;;;;;;;;;
PSY;2014;210780425;210781282;TOT;0;;;0;;;;;;;23;;;;;;;;;;;5222;;;;1;1;479;698;;;;;;69;;;;;1;0.5;;1;0.13;;;13;7;16.27;4.8;1;1.75;;0.96;7.76;;;;;;;;;;;;;;;
PSY;2014;210781621;210780581;GEN;;1;;;44;;;;;;15;;2;642;17569;;;;;;;2034;;1777;;;;8175;;1358;281;3930;;;3824;3039;291;8;6;;4.38;;;;;1;76;13;71.81;38.52;12.38;4.42;;;2.58;5;;0.71;;;;54;6;51.4;26.57;12.38;2;;;0.35
PSY;2014;210781621;210780581;TOT;1;;0;0;44;;;;;;15;;2;642;17569;;;;;;;2034;;1777;;;;8175;;1358;281;3930;;;3824;3039;291;8;6;;4.38;;;;;;76;13;71.81;38.52;12.38;4.42;;;2.58;5;;0.71;;;;54;6;51.4;26.57;12.38;2;;;0.35
PSY;2014;210987558;210780581;INF;;1;;;10;;;;;;12;;;146;3173;;;;;;;1037;;;;1;1;6702;51;;;2489;481;;1071;826;118;0;5;1;3.52;;;;;;25;27;43.02;24.52;2.5;3.33;;1.82;6.2;4;1;2.5;;;;14;8;21.01;16.74;2;0.3;;;1.6
PSY;2014;210987558;210780581;TOT;1;;1;0;10;;;;;;12;;;146;3173;;;;;;;1037;;;;1;1;6702;51;;;2489;481;;1071;826;118;0;5;1;3.52;;;;;;25;27;43.02;24.52;2.5;3.33;;1.82;6.2;4;1;2.5;;;;14;8;21.01;16.74;2;0.3;;;1.6
PSY;2014;210987632;210780607;GEN;;5;;;310;;;;;;106;;;3575;93729;;;;;;177;13082;;;16;;15;57992;21780;19746;2487;548;;;9363;6699;2329;93;23;9;29.91;;1;0.2;0;1;514;80;557.23;329.81;73.08;21.08;;7.85;14.86;;;;;;;341;25;376.71;243.44;56.82;3.02;;0.93;2.2
PSY;2014;210987632;210780607;INF;;1;;;;;;;;;68;;;;;;;;;;277;3872;;;10;;8;12484;14133;4;30;5;;;1899;1599;;;5;2;6.93;;;;;;63;28;80.42;28.75;;10.64;;9.19;18.53;;;;;;;;;;;;;;;
PSY;2014;210987632;210780607;PEN;;;;;;;;;;;25;;;;;;;;;;;5152;;;2;;;;;8566;;;;;662;596;;;3;;2.5;;;;;;7;2;9.71;6.92;;1.1;;0.1;0.53;;;;;;;;;;;;;;;
PSY;2014;210987632;210780607;TOT;1;;1;1;310;;;;;;199;;;3575;93729;;;;;;454;22106;;;28;;23;70476;35913;28316;2517;553;;;11904;8886;2329;93;31;11;39.34;;1;0.2;;;584;110;647.36;365.48;73.08;32.82;;17.14;33.92;;;;;;;341;25;376.71;243.44;56.82;3.02;;0.93;2.2
PSY;2014;210987699;210780706;GEN;;1;;;33;;;;;;25;;1;544;9671;;;;;;;4167;0;12;1;;1;4643;0;1169;114;607;;;1572;1141;431;47;3;;2.96;;2;0.48;0;1;43;10;52.72;32.73;4.32;3;;;1.63;3;;2;;2;0.48;31;7;37.6;24.04;4.32;;;;
PSY;2014;210987699;210780706;INF;;1;;;4;;;;;;25;4;1;234;505;;;;;;83;1975;475;26;1;;1;6221;1460;;;6;3;;413;348;65;12;2;;2;;;;0;1;29;8;32.56;7.13;7.98;3.2;;2.4;4.13;2;;0.35;;0;0;13;7;16.69;3.8;2.61;3;;2.05;2.23
PSY;2014;210987699;210780706;TOT;1;;;0;37;;;;;;50;4;2;778;10176;;;;;;83;6142;475;38;2;;2;10864;1460;1169;114;613;3;;1985;1489;496;59;5;;4.96;;2;0.48;;;71;18;85.28;39.86;12.3;6.2;;2.4;5.76;5;;2.35;;2;0.48;43;14;54.29;27.84;6.93;3;;2.05;2.23
PSY;2014;220000210;;GEN;;3;;;175;8;;;;;67;3;;2583;54427;1261;;;;;;11152;60;;4;4;8;40525;9301;6106;1887;6432;;;8179;6504;1556;23;13;4;14.46;;;;0;1;378;55;293.2;219.87;50.91;11.77;;3.62;15.42;;;;;;;;;;;;;;;
PSY;2014;220000210;;INF;;1;;;;;;;;;30;;;;;;;;;;;5053;;;1;3;3;21128;2930;29;48;65;256;;2815;2697;;;3;3;5.04;;;;0;0;34;41;77.27;34.22;1.61;11;;11.64;7.5;;;;;;;;;;;;;;;
PSY;2014;220000210;;TOT;1;;1;0;175;8;;;;;97;3;;2583;54427;1261;;;;;;16205;60;;5;7;11;61653;12231;6135;1935;6497;256;;10917;9125;1556;23;16;7;19.5;;;;;;412;96;370.47;254.09;52.52;22.77;;15.26;22.92;;;;;;;;;;;;;;;
PSY;2014;220000236;220017974;GEN;;2;;;179;15;;;;;;6;;1211;60321;3194;;;;;;;9;;;2;;1655;;206;2319;42;0;;2200;;1010;52;3;13;10.09;2;3;3.6;1;1;226;58;254.32;195.01;31.24;5.9;;9.86;12.31;;;;;;;;;228.96;185.81;30.24;4.6;;4;4.31
PSY;2014;220000236;220017974;INF;;1;;;;;;;;;;;;;;;;;;;;;;;;1;;186;;28;33;0;0;;48;;;;;;;;;;0;0;;;;;;;;;;;;;;;;;;;;;;;;
PSY;2014;220000236;220017974;TOT;1;;2;0;179;15;;;;;;6;;1211;60321;3194;;;;;;;9;;;3;;1841;;234;2352;42;0;;2248;;1010;52;3;13;10.09;2;3;3.6;;;226;58;254.32;195.01;31.24;5.9;;9.86;12.31;;;;;;;;;228.96;185.81;30.24;4.6;;4;4.31
PSY;2014;220000319;220000681;GEN;;;;;60;;;;;;;;;665;22403;;;;;;;;;;;;;;;;;;;;514;;;;3;;3;;2;1;;1;17;6;21.8;11.8;10.8;0.63;;;0.57;3;;3;;2;1;;;;;;;;;
PSY;2014;220000319;220000681;TOT;0;;;0;60;;;;;;;;;665;22403;;;;;;;;;;;;;;;;;;;;514;;;;3;;3;;2;1;;;17;6;21.8;11.8;10.8;0.63;;;0.57;3;;3;;2;1;;;;;;;;;
PSY;2014;220000327;220000699;GEN;;;;;96;;;;;;36;;;1188;31903;;;;;;;5624;;;;;;;;;;;;;864;;814;0;6;;6;1;1;1.2;1;1;51;15;52.78;25.46;23.14;2.03;;1.65;0.5;6;;6;1;1;1.2;43;11;42.55;18.6;22.4;0.5;;0.5;0.5
PSY;2014;220000327;220000699;TOT;0;;;0;96;;;;;;36;;;1188;31903;;;;;;;5624;;;;;;;;;;;;;864;;814;;6;;6;1;1;1.2;;;51;15;52.78;25.46;23.14;2.03;;1.65;0.5;6;;6;1;1;1.2;43;11;42.55;18.6;22.4;0.5;;0.5;0.5
PSY;2014;220012751;220017974;GEN;;1;;;;;;;;;35;;;;;;;;;;;7831;;;;6;2;20751;999;2361;99;425;0;;2329;2293;;;;7;2.77;;;;;;20;26;31.19;21.4;0;2.89;;2;4.9;;;;;;;;;;;;;;;
PSY;2014;220012751;220017974;INF;;1;;;;;;;;;12;;;;;;;;;;;1933;;;;2;2;7879;542;449;7;23;403;;868;841;;;1;2;1.68;;;;;;15;13;21.36;11;0;4.76;;3.3;3.5;;;;;;;;;;;;;;;
PSY;2014;220012751;220017974;TOT;1;;1;0;;;;;;;47;;;;;;;;;;;9764;;;;8;4;28630;1541;2810;106;448;403;;3197;3134;;;1;9;4.45;;;;;;35;39;52.55;32.4;0;7.65;;5.3;8.4;;;;;;;;;;;;;;;
PSY;2014;230000853;230780074;GEN;;2;;;120;3;;;;;95;2;;1126;33909;365;;;;;64;17902;249;;;6;2;19477;9487;11231;592;3357;3;;714;2910;781;20;8;2;7.35;11;;7.83;;;237;39;265.59;149.08;56.57;9.5;;3.72;10.27;6;1;3.35;6;;4.03;164;19;178.55;90.79;48.58;3.6;;2.72;6.11
PSY;2014;230000853;230780074;INF;;1;;;;7;;;;;26;;;;;;;;;;91;3026;;;;3;2;7541;1755;33;14;68;50;;106;657;;;2;;2.67;1;;0.42;;;33;3;36.61;19.71;;3.5;;3;7;;;;;;;;;;;;;;;
PSY;2014;230000853;230780074;PEN;;;;;;;;;;;;;;;;;;;;;;;;;;;;;;495;;;;183;;37;;;;;;;;;;;;;;;;;;;;;;;;;;;;;;;;;;
PSY;2014;230000853;230780074;TOT;1;;;1;120;10;;;;;121;2;;1126;33909;365;;;;;155;20928;249;;;9;4;27018;11242;11759;606;3425;53;183;820;;781;20;10;2;10.02;12;;8.25;;;270;42;302.2;168.79;56.57;13;;6.72;17.27;6;1;3.35;6;;4.03;164;19;178.55;90.79;48.58;3.6;;2.72;6.11
PSY;2014;230780181;230000879;GEN;;;;;48;;;;;;;;;682;15913;;;;;;;;;;;;;;;;;;;;417;;;;2;;2;;2;0.4;0;0;19;5;20.5;10;8.99;;;0.2;1.31;;;;;;;;;;;;;;;
PSY;2014;230780181;230000879;TOT;0;;;0;48;;;;;;;;;682;15913;;;;;;;;;;;;;;;;;;;;417;;;;2;;2;;2;0.4;;;19;5;20.5;10;8.99;;;0.2;1.31;;;;;;;;;;;;;;;
PSY;2014;240000463;240000083;GEN;;2;;;213;;8;;;;75;;;1950;64859;0;2356;0;0;0;157;14309;0;0;;;5;38846;22482;7921;2018;1893;0;;6622;5054;1419;;10;2;10.8;11;4;13.1;;;;;505.24;223.94;145.51;10.73;;11.24;31.84;;;;;;;;;;;;;;;
PSY;2014;240000463;240000083;INF;;1;;;6;;;;;;33;;;139;1798;0;;;0;0;63;5631;0;0;;;3;26190;2347;52;13;43;12;;2455;2264;81;;3;1;3.4;;;;;;;;95.26;26.28;3.66;17.24;;11.5;15.03;;;;;;;;;;;;;;;
PSY;2014;240000463;240000083;PEN;;;;;;;;;;;;;;0;0;;;;;;;0;;0;;;;;0;9150;;;;;816;798;0;;;;;;2;0.7;;;;;;;;;;;;;;;;;;;;;;;;;;
PSY;2014;240000463;240000083;TOT;1;;2;1;219;;8;;;;108;;;2089;66657;0;2356;0;0;0;220;19940;0;0;;;8;65036;24829;17123;2031;1936;12;;9842;8089;1498;43;13;2;14.2;11;4;13.8;;;;;600.5;250.22;149.17;27.97;;22.74;46.87;;;;;;;;;;;;;;;
PSY;2014;240000646;240000265;GEN;;;;;327;;;;;;17;;;1907;99841;;;;;;;1267;;;;;;;;;;;;;381;;375;206;1;5;3.07;1;6;2.8;;;;;360.05;65.31;182.4;3.82;;7.79;43.66;;;;;;;;;;;;;;;
PSY;2014;240000646;240000265;TOT;0;;;0;327;;;;;;17;;;1907;99841;;;;;;;1267;;;;;;;;;;;;;381;;;;1;5;3.07;1;6;2.8;;;;;360.05;65.31;182.4;3.82;;7.79;43.66;;;;;;;;;;;;;;;
PSY;2014;240000687;240000448;GEN;;1;;;39;;;;;;10;4;;343;11472;;;;;;;2595;28;;;1;1;5329;373;2728;350;413;;;1035;921;246;5;1;2;2.18;;;;0;1;54;10;62.75;33.08;16.04;2;;0.1;0.5;1;1;1.31;;;;40;6;45.75;21.33;16.04;0.75;;0.05;0.5
PSY;2014;240000687;240000448;PEN;;;;;;;;;;;;;;;;;;;;;;;;;;;;;;37;;;;;;;;;;;;;;;;;;;;;;;;;;;;;;;;;;;;;;;;
PSY;2014;240000687;240000448;TOT;1;;0;0;39;;;;;;10;4;;343;11472;;;;;;;2595;28;;;1;1;5329;373;2765;350;413;;;1035;921;246;5;1;2;2.18;;;;;;54;10;62.75;33.08;16.04;2;;0.1;0.5;1;1;1.31;;;;40;6;45.75;21.33;16.04;0.75;;0.05;0.5
PSY;2014;240003392;240000117;GEN;;3;;;75;;;;;;;2;1;1043;28242;;;;;;;;30;2620;;3;;15386;;4944;469;2564;3;;3639;3011;628;2;8;2;8.75;3;2;3.5;0;1;151;17;162.62;75.65;44.79;8.76;;3;2;;;;;;;98;11;106.16;40.68;36.08;5.83;;2;1
PSY;2014;240003392;240000117;INF;;1;;;;;;;;;12;;;;;;;;;;;2047;;;;8;1;18007;3951;48;3860;560;325;;1864;1835;;;2;3;3.85;0;0;0;0;0;38;13;43.6;7.36;1;13.48;;10.49;2;;;;;;;9;3;10.44;4.36;1;1;;1.16;1
PSY;2014;240003392;240000117;PEN;;;;;;;;;;;;;;;;;;;;;;;;;;;;;;;;;;723;135;133;;;;;;;;;;;8;7;12.26;10.32;1;0.5;;0;0;;;;;;;;;;;;;;;
PSY;2014;240003392;240000117;TOT;1;;1;1;75;;;;;;12;2;1;1043;28242;;;;;;;2047;30;2620;;11;1;33393;3951;4992;4329;3124;328;723;5440;4783;;;10;5;12.6;3;2;3.5;;;197;37;218.48;93.33;46.79;22.74;;13.49;4;;;;;;;107;14;116.6;45.04;37.08;6.83;;3.16;2
PSY;2014;250000023;250000015;GEN;;1;;;55;;;;;;;;;1059;12912;;;;;;;;;;;;1;;270;;;;;;418;13;404;1;;6;2.05;;;;0;0;37;19;48.11;24.22;13.55;1.5;;0.5;0.75;;6;2.05;;;;30;19;40.62;19.73;12.55;1.5;;0.5;0.75
PSY;2014;250000023;250000015;INF;;0;;;15;;;;;;;;;343;3009;;;;;;;;;;;;1;;2093;;;;;;172;65;107;0;;5;2.13;;;;0;0;20;19;31.98;17.29;6.75;1.83;;0.8;1.25;;5;2.13;;;;11;14;19.38;7.49;5.75;0.83;;0;1.25
PSY;2014;250000023;250000015;PEN;;;;;;;;;;;;;;;;;;;;;;;;;;;1;;238;;;;;;29;29;0;0;;;;;;;;;;;;;;;;;;;;;;;;;;;;;;;;
PSY;2014;250000023;250000015;TOT;1;;1;1;70;;;;;;;;;1402;15921;;;;;;;;;;;;3;;2601;;;;;;619;107;511;1;;11;4.18;;;;;;57;37;80.09;41.51;20.3;3.33;;1.3;2;;11;4.18;;;;41;32;60;27.22;18.3;2.33;;0.5;2
PSY;2014;250000619;250000452;GEN;;1;;;35;0;0;0;0;0;20;1;1;623;12943;0;0;0;0;0;0;3850;60;0;;2;1;10970;5493;735;229;502;0;;1243;965;229;14;4;;4;;1;0.47;0;1;53;20;68.41;44.11;19.1;3.7;;;1.5;4;;3.19;;1;0.34;37;4;43.03;24.92;15.89;1.09;;;1.13
PSY;2014;250000619;250000452;TOT;1;;0;0;35;0;0;0;0;0;20;1;1;623;12943;0;0;0;0;0;0;3850;60;0;;2;1;10970;5493;735;229;502;0;;1261;;;;4;;4;;1;0.47;;;53;20;68.41;44.11;19.1;3.7;;;1.5;4;;3.19;;1;0.34;37;4;43.03;24.92;15.89;1.09;;;1.13
PSY;2014;250000718;250000460;GEN;;3;;;229;;7;14;;;33;7;;2199;73580;;752;3991;;;167;6988;234;;4;16;7;34531;5445;6015;2855;4150;2;;5947;4675;1055;83;13;6;17.56;3;3;4.44;;;328;105;395.76;240.28;75.82;7.39;;;4.72;13;4;9.39;3;3;4.44;278;84;331.1;189.58;75.82;2.64;;;3.27
PSY;2014;250000718;250000460;INF;;1;;;7;;;;;;28;;;99;1397;;;;;;12;2687;;;5;10;12;29067;3639;122;215;472;393;;3736;3567;61;0;7;1;6.68;;3;0.87;;;70;29;92.35;43.12;0.85;20.33;;4.55;10.02;1;;0.5;;;;14;3;17.52;12.15;;0.8;;;1.55
PSY;2014;250000718;250000460;TOT;1;;1;0;236;;7;14;;;61;7;;2298;74977;;752;3991;;;179;9675;234;;9;26;19;63598;9084;6137;3070;4622;395;;9565;8126;1116;83;20;7;24.24;3;6;5.31;;;398;134;488.11;283.4;76.67;27.72;;4.55;14.74;14;4;9.89;3;3;4.44;292;87;348.62;201.73;75.82;3.44;;;4.82
PSY;2014;250005196;250001013;GEN;;;;;;;;;;;12;;;;;;;;;;;3369;;;;;;;;;;;;;15;;;;;3;1.35;;;;0;0;5;2;5.75;3;;2;;;0.75;;;;;;;;;;;;;;;
PSY;2014;250005196;250001013;TOT;0;;;0;;;;;;;12;;;;;;;;;;;3369;;;;;;;;;;;;;15;;;;;3;1.35;;;;;;5;2;5.75;3;;2;;;0.75;;;;;;;;;;;;;;;
PSY;2014;250006954;250000015;GEN;;1;;;;;;;;;;;;;;;;;;;;;;;;1;;4295;;;;;;;1017;1017;;;;13;6.6;;;;0;1;;;;;;;;;;;;;;;;;8;2.42;0.47;;0.5;;;
PSY;2014;250006954;250000015;INF;;0;;;;;;;;;;;;;;;;;;;;;;;;1;;2387;;;;;;;609;609;;;;11;5.6;;;;0;1;;;;;;;;;;;;;;;;1;5;3.05;1;;;;;
PSY;2014;250006954;250000015;PEN;;;;;;;;;;;;;;;;;;;;;;;;;;1;;;;;;;;2277;569;569;;;;3;1.71;;;;;;;;;;;;;;;;;;;;;;;;;;;;;
PSY;2014;250006954;250000015;TOT;1;;1;1;;;;;;;;;;;;;;;;;;;;;;3;;6682;;;;;;2277;2123;2123;;;;27;13.91;;;;;;;;;;;;;;;;;;;;;1;9;5.47;1.47;;0.5;;;
PSY;2014;250014008;700004096;GEN;;1;;;75;;;;;;25;;;728;25653;;;;;;;3162;;;;2;;13317;;3340;139;5134;;;2750;2126;577;28;4;2;6.45;1;2;2.3;1;1;124;8;132.43;65.17;43.43;6.53;;2.89;4;4;1;5;1;2;1.9;95;8;106.04;49.02;40.32;2;;1.89;
PSY;2014;250014008;700004096;INF;;1;;;7;;;;;;10;;;51;1298;;;;;;;1529;;;;2;;2786;;27;;762;;;474;403;38;;3;2;3.95;;;;1;1;34;3;41.83;17.1;8.77;3;;1.89;1.9;;;;;;;23;2;26.91;10;8.91;2;;;
PSY;2014;250014008;700004096;PEN;;;;;;;;;;;;;;;;;;;;;;;;;;;;;;232;;;;;47;45;2;1;;1;0.02;;;;;;;;;;;;;;;;;;;;;;;;;;;;;
PSY;2014;250014008;700004096;TOT;1;;1;1;82;;;;;;35;;;779;26951;;;;;;;4691;;;;4;;16103;;3599;139;5896;;;3201;2500;613;28;6;4;10.42;1;2;2.3;;;158;11;174.26;82.27;52.2;9.53;;4.78;5.9;4;1;5;1;2;1.9;118;10;132.95;59.02;49.23;4;;1.89;
PSY;2014;260000203;260016910;GEN;;2;;;78;8;;;;;21;2;;609;25155;334;;;;;;3520;0;;;2;1;5198;601;1225;2;280;;;982;550;373;;5;;3.54;1;2;1.98;0;1;93;15;104.71;62.13;20.1;2;;1;1.9;5;;2.6;1;2;1.98;54;15;66.23;44.84;20.4;;;;
PSY;2014;260000203;260016910;INF;;1;;;10;;;;;;10;;;67;1582;;;;;;;1655;;;;1;1;1690;714;2;2;;39;;328;276;36;;3;;2.1;;1;0.5;0;1;29;6;32.48;24.8;0.13;0.8;;0.48;5.27;2;;0.6;;1;0.5;15;6;20.43;16.41;0.13;0.5;;;3.38
PSY;2014;260000203;260016910;TOT;1;;3;0;88;8;;;;;31;2;;676;26737;334;;;;;;5175;0;;;3;2;6888;1315;1227;4;280;39;;1310;;;;8;;5.64;1;3;2.48;;;122;21;137.19;86.93;20.23;2.8;;1.48;7.17;7;;3.2;1;3;2.48;69;21;86.66;61.25;20.53;0.5;;;3.38
PSY;2014;260000302;260000161;GEN;;;;;165;;;;;;;;;761;43940;;;;;;;;;;;;;2935;;;;;;;1742;1059;683;;4;1;4.7;4;8;5.87;0;0;;;167.32;63.67;7.92;5.37;;5.31;46.58;4;1;4.7;4;8;5.87;;;162.92;61.77;6.92;4.87;;5.31;46.58
PSY;2014;260000302;260000161;TOT;0;;;0;165;;;;;;;;;761;43940;;;;;;;;;;;;;2935;;;;;;;1742;1059;683;;4;1;4.7;4;8;5.87;;;;;167.32;63.67;7.92;5.37;;5.31;46.58;4;1;4.7;4;8;5.87;;;162.92;61.77;6.92;4.87;;5.31;46.58
PSY;2014;260000823;260003264;GEN;;4;;;206;1;;;;;41;5;;2530;72601;41;;;;;18;8478;0;;3;13;6;38791;6735;2175;1029;7567;2;;7838;6510;1196;75;21;9;25.31;;1;0.67;;;267;68;310.22;223.71;9.77;14.73;;2.34;9.1;12;3;13.14;;;;189;51;223.13;160.21;9.77;2.2;;1;3.89
PSY;2014;260000823;260003264;INF;;1;;;;;;;;;26;;;;;;;;;;;2155;;;3;5;1;24051;1334;835;77;982;16;;2631;2586;;;6;;5.5;;;;;;28;12;36.85;18.64;;6.74;;4.99;4.48;;;;;;;;;;;;;;;
PSY;2014;260000823;260003264;PEN;;;;;;;;;;;;;;;;;;;;;;;;;;1;1;;0;;;;;2109;272;272;;;;;;;;;;;;;;;;;;;;;;;;;;;;;;;;;;
PSY;2014;260000823;260003264;TOT;1;;;1;206;1;;;;;67;5;;2530;72601;41;;;;;18;10633;0;;6;19;8;62842;8069;3010;1106;8549;18;2109;10360;8983;1196;75;27;9;30.81;;1;0.67;;;295;80;347.07;242.35;9.77;21.47;;7.33;13.58;12;3;13.14;;;;189;51;223.13;160.21;9.77;2.2;;1;3.89
PSY;2014;260003280;260016910;GEN;;2;;;25;;;;;;25;1;;408;8376;;;;;;;4680;0;;;3;2;9495;813;966;5;380;1;;1715;1210;270;;2;;3.1;;;;;1;30;23;45.77;30.46;0.18;2.1;;;2;2;;1.8;;;0.1;16;14;26.66;18.49;0.17;0.6;;;1
PSY;2014;260003280;260016910;INF;;1;;;;;;;;;9;;;;;;;;;;;1717;;;;2;2;6497;2125;74;33;71;59;;542;522;;;1;;1.9;;;;;1;14;8;21.84;11.41;;2.88;;2.07;3.68;;;;;;;;;;;;;;;
PSY;2014;260003280;260016910;TOT;1;;3;0;25;;;;;;34;1;;408;8376;;;;;;;6397;0;;;5;4;15992;2938;1040;38;451;60;;2257;;;;3;;5;;;;;;44;31;67.61;41.87;0.18;4.98;;2.07;5.68;2;;1.8;;;0.1;16;14;26.66;18.49;0.17;0.6;;;1
PSY;2014;260006655;260000047;INF;;;;;;;;;;;18;;;;;;;;;;;3198;;;;3;0;16341;0;63;44;116;196;;1081;1009;;;3;;3;;;;0;0;21;14;29.12;9.69;;5.74;;5.4;5.41;;;;;;;;;;;;;;;
PSY;2014;260006655;260000047;TOT;0;;;0;;;;;;;18;;;;;;;;;;;3198;;;;3;0;16341;0;63;44;116;196;;1081;1009;;;3;;3;;;;;;21;14;29.12;9.69;;5.74;;5.4;5.41;;;;;;;;;;;;;;;
PSY;2014;270000573;270000219;GEN;;6;;;280;0;10;0;0;0;89;0;0;3280;100317;0;1922;0;0;0;233;14912;0;;1;10;9;71095;39258;8965;1080;2678;398;;11739;9292;2363;65;24;4;25.2;14;2;14.6;0;0;;;;;;;;;;19;1;18.9;13;2;13.6;;;;;;;;;
PSY;2014;270000573;270000219;INF;;1;;;0;12;;;0;0;70;0;0;0;0;1034;;;0;0;54;8174;0;;0;7;5;33372;6781;385;14;347;28;;3749;3523;65;0;11;4;12.6;2;0;2;0;0;;;;;;;;;;0;0;0;0;0;0;;;;;;;;;
PSY;2014;270000573;270000219;PEN;;;;;0;;;;;;0;;0;0;0;;;;;;;0;;;0;1;0;;0;10331;;;;10331;562;517;45;0;0;1;0.2;0;2;0.4;;;;;;;;;;;;0;0;0;0;0;0;;;;;;;;;
PSY;2014;270000573;270000219;TOT;1;;4;1;280;12;10;0;0;0;159;0;0;3280;100317;1034;1922;0;0;0;287;23086;0;;1;18;14;104467;46039;19681;1094;3025;426;10331;14825;12254;2363;65;35;9;38;16;4;17;;;;;;;;;;;;19;1;18.9;13;2;13.6;;;;;;;;;
PSY;2014;270025984;310021175;GEN;;;;;88;;;;;;20;;;738;30980;;;;;;;5625;;;;;;;;;;;;;724;;;;4;0;4;;;;0;1;44;10;50.62;34.44;7.46;3;;;;;;;;;;;;;;;;;;
PSY;2014;270025984;310021175;TOT;0;;;0;88;;;;;;20;;;738;30980;;;;;;;5625;;;;;;;;;;;;;724;;;;4;0;4;;;;;;44;10;50.62;34.44;7.46;3;;;;;;;;;;;;;;;;;;
PSY;2014;280000050;280000142;GEN;;4;;;175;6;;;;;74;6;;2156;52423;1484;;;;;;14370;996;;;;0;42942;5456;1855;602;7259;3;;6354;5661;1197;47;12;4;12.17;5;;3.96;;;258;47;277.9;156.86;65.95;12.14;;0.96;20.1;12;4;12.17;5;;3.96;258;47;277.9;156.86;65.95;12.14;;0.96;20.1
PSY;2014;280000050;280000142;INF;;1;;;;;;;;;45;;;;;;;;;;;5112;;;;;0;9017;8643;25;1;17;16;;1143;994;;;3;;1.37;1;;0.75;;;27;13;0.63;20.4;2.17;6.57;;0.49;9.69;3;;1.37;1;;0.75;27;13;0.63;20.4;2.17;6.57;;0.49;9.69
PSY;2014;280000050;280000142;PEN;;;;;;;;;;;;;;;;;;;;;;;;;;;;;;;;;;3239;673;;;;2;;0.53;;;;;;4;2;3.2;;;3.2;;;;2;;0.53;;;;4;2;3.2;;;3.2;;;
PSY;2014;280000050;280000142;TOT;1;;5;1;175;6;;;;;119;6;;2156;52423;1484;;;;;;19482;996;;;;0;51959;14099;1880;603;7276;19;3239;8098;6611;;;14;4;14.07;6;;4.71;;;264;56;281.73;177.26;68.12;21.91;;1.45;29.79;14;4;14.07;6;;4.71;264;56;281.73;177.26;68.12;21.91;;1.45;29.79
PSY;2014;280000084;280000183;GEN;;2;;;43;;;;10;;15;2;;446;11653;;;;3829;;;3474;29;;;1;;13902;;1374;504;1816;;;2959;1641;1318;2;6;2;5.84;3;1;3.27;0;1;77;11;82.82;47.11;14.23;3.76;;2.58;1.01;5;1;3.4;3;1;2.02;67;7;64.32;35.56;14.2;1.61;;2;0.55
PSY;2014;280000084;280000183;INF;;1;;;;10;;;;;18;;1;;;1140;;;;;;4012;;0;;1;1;8852;2089;174;67;141;169;;1062;987;11;3;4;2;3.5;;;;0;0;46;13;53.64;8.8;3.5;8;;4.39;12.44;;;;;;;;;;;;;;;
PSY;2014;280000084;280000183;TOT;1;;;0;43;10;;;10;;33;2;1;446;11653;1140;;;3829;;;7486;29;0;;2;1;22754;2089;1548;571;1957;169;;4021;2628;1329;5;10;4;9.34;3;1;3.27;;;123;24;136.46;55.91;17.73;11.76;;6.97;13.45;5;1;3.4;3;1;2.02;67;7;64.32;35.56;14.2;1.61;;2;0.55
PSY;2014;280000696;280000134;INF;;3;;;5;;;;;;32;0;3;118;1395;;;;;;0;3655;;1623;;1;1;6739;292;16;21;0;97;;804;785;72;;3;0;3;;;;1;0;55;31;75.9;27.45;1;5.41;;5.24;24.58;;;;;;;21;1;19.99;10.49;0;0.5;;0.04;6.69
PSY;2014;280000696;280000134;TOT;1;;;0;5;;;;;;32;0;3;118;1395;;;;;;0;3655;;1623;;1;1;6739;292;16;21;0;97;;804;785;72;;3;0;3;;;;;;55;31;75.9;27.45;1;5.41;;5.24;24.58;;;;;;;21;1;19.99;10.49;0;0.5;;0.04;6.69
PSY;2014;290000033;290021542;GEN;;3;;;241;;;22;;;125;;1;3475;72523;;;2865;;;;26308;;834;;8;8;35420;9311;2515;3598;;;;5569;3626;1701;51;10;3;12.13;6;;5.83;0;1;;;;;;;;;;;;;;;;340;90;409.94;305.71;30.79;11.81;;0.9;10.4
PSY;2014;290000033;290021542;INF;;1;;;8;;;;;;46;;;254;2102;;;;;;;3945;;;;3;;16629;;12;38;717;;;1471;1305;78;2;4;1;4.8;;;;0;1;;;;;;;;;;;;;;;;50;30;65.55;35.23;3.5;7.48;;9.58;5.4
PSY;2014;290000033;290021542;TOT;1;;1;0;249;;;22;;;171;;1;3729;74625;;;2865;;;;30253;;834;;11;8;52049;9311;2527;3636;717;;;7040;4931;1779;53;14;4;16.93;6;;5.83;;;;;;;;;;;;;;;;;;390;120;475.49;340.94;34.29;19.29;;10.48;15.8
PSY;2014;290000173;290000041;GEN;;1;;;47;;;;;;15;4;1;839;14949;;;;;;186;4496;174;1867;2;3;1;12750;5941;1856;1126;1265;2;;1685;1298;387;4;3;1;3.8;;;;;1;79;32;102.13;76.03;;3;;3;1.99;;;;;;;;;;;;;;;
PSY;2014;290000173;290000041;TOT;1;;;0;47;;;;;;15;4;1;839;14949;;;;;;186;4496;174;1867;2;3;1;12750;5941;1856;1126;1265;2;;1681;;;;3;1;3.8;;;;;;79;32;102.13;76.03;;3;;3;1.99;;;;;;;;;;;;;;;
PSY;2014;290000363;750043994;GEN;;;;;80;;;;;;13;;;706;23734;;;;;;;3003;;;;;;;;;;;;;489;;472;;5;;5;;;;1;1;46;32;60.03;21.28;10.5;0.09;;2.68;;5;;5;;;;43;28;56.47;19.2;10.25;0.09;;1;
PSY;2014;290000363;750043994;TOT;0;;;0;80;;;;;;13;;;706;23734;;;;;;;3003;;;;;;;;;;;;;489;;472;;5;;5;;;;;;46;32;60.03;21.28;10.5;0.09;;2.68;;5;;5;;;;43;28;56.47;19.2;10.25;0.09;;1;
PSY;2014;290000728;750821092;GEN;;;;;22;0;0;0;0;0;7;0;0;525;6187;;;;;;;1638;;;;1;;1867;;;;;;;966;843;267;;2;1;2.33;;;;0;1;28;1;28.25;13;8.85;1.5;;0.4;;2;1;2.13;;;;22;;22;10.3;7;0.95;;0.3;
PSY;2014;290000728;750821092;TOT;0;;;0;22;0;0;0;0;0;7;0;0;525;6187;;;;;;;1638;;;;1;;1867;;;;;;;966;843;267;;2;1;2.33;;;;;;28;1;28.25;13;8.85;1.5;;0.4;;2;1;2.13;;;;22;;22;10.3;7;0.95;;0.3;
PSY;2014;290000736;290000991;GEN;;;;;60;;;;;;;;;;21393;;;;;;;;;;;;;;;;;;;;662;;;;;4;;;;;;;13;14;22.63;14.25;7.7;0.2;;;0.1;;4;;;;;13;14;22.63;14.25;7.7;0.2;;;0.1
PSY;2014;290000736;290000991;TOT;0;;;0;60;;;;;;;;;;21393;;;;;;;;;;;;;;;;;;;;662;;;;;4;;;;;;;13;14;22.63;14.25;7.7;0.2;;;0.1;;4;;;;;13;14;22.63;14.25;7.7;0.2;;;0.1
PSY;2014;290000744;290001007;GEN;;;;;122;;;;;;12;12;;1950;42140;;;;;;;4622;2339;;;;;;;;;;;;1211;;1045;0;;6;;2;;2;1;1;40;22;53.22;32.85;16;3.02;;0.8;0.55;;6;;2;;2;36;17;42.51;24;16;1.58;;0.8;0.13
PSY;2014;290000744;290001007;TOT;0;;;0;122;;;;;;12;12;;1950;42140;;;;;;;4622;2339;;;;;;;;;;;;1211;;1045;;;6;;2;;2;;;40;22;53.22;32.85;16;3.02;;0.8;0.55;;6;;2;;2;36;17;42.51;24;16;1.58;;0.8;0.13
PSY;2014;290000785;220020739;GEN;;;;;20;;;;;;;;;411;6506;;;;;;;;;;;;;;;;;;;;316;;;;;2;1.08;;;;;;6;18;19.9;11.59;6.85;1.02;;0.44;;;2;1.08;;;;12;12;19.9;11.59;6.85;1.02;;0.44;
PSY;2014;290000785;220020739;TOT;0;;;0;20;;;;;;;;;411;6506;;;;;;;;;;;;;;;;;;;;316;;;;;2;1.08;;;;;;6;18;19.9;11.59;6.85;1.02;;0.44;;;2;1.08;;;;12;12;19.9;11.59;6.85;1.02;;0.44;
PSY;2014;290000918;290000298;GEN;;3;;;190;;24;;;24;147;6;;2469;61358;;4472;;;1804;95;22687;1006;;9;9;12;55769;4650;8899;1372;10228;4;;8253;6415;1435;60;21;6;21.05;8;0;5.43;1;1;355;125;445.85;339.67;25.26;19.98;;3.32;16.16;13;4;7.5;5;0;3.13;240;54;262.53;184.92;22.14;5.63;;1.71;7.33
PSY;2014;290000918;290000298;INF;;2;;;19;;;;;;56;7;;111;4640;;;;;;0;9086;825;;2;6;6;20615;1178;624;144;450;1647;;1554;1330;88;1;6;6;9.82;0;1;0.36;1;1;94;40;124.99;61.8;4.8;10.14;;11.55;24.09;3;1;2.02;0;1;0.36;50;14;57.66;34.82;4;1.3;;0.15;8.59
PSY;2014;290000918;290000298;TOT;1;;5;0;209;;24;;;24;203;13;;2580;65998;;4472;;;1804;95;31773;1831;;11;15;18;76384;5828;9523;1516;10678;1651;;9745;7686;1521;60;27;12;30.87;8;1;5.79;;;448;165;570.84;401.47;30.06;30.12;;14.87;40.25;16;5;9.52;5;1;3.49;290;68;320.19;219.74;26.14;6.93;;1.86;15.92
PSY;2014;290000934;290000306;GEN;;1;;;20;;;;;;5;;;184;6407;;;;;;;1918;;;;;;;;;;;;;151;;139;1;2;1;0.94;;;;0;1;;;32.81;13.37;13.21;;;1.66;;1;1;0.3;;;;;;;;;;;;
PSY;2014;290000934;290000306;TOT;1;;;0;20;;;;;;5;;;184;6407;;;;;;;1918;;;;;;;;;;;;;151;;139;1;2;1;0.94;;;;;;;;32.81;13.37;13.21;;;1.66;;1;1;0.3;;;;;;;;;;;;
PSY;2014;290003995;290000306;GEN;;1;;;48;;;;;;25;2;;641;15729;;;;;;;6521;25;;;2;2;16200;977;;;;;;2407;;;;5;2;5.8;;;;0;1;;;121.23;75.26;12.05;2.6;;2.48;1.55;5;2;5.8;;;;;;108.43;65.46;;;;1;
PSY;2014;290003995;290000306;TOT;1;;;0;48;;;;;;25;2;;641;15729;;;;;;;6521;25;;;2;2;16200;977;;;;;;2407;;;;5;2;5.8;;;;;;;;121.23;75.26;12.05;2.6;;2.48;1.55;5;2;5.8;;;;;;108.43;65.46;;;;1;
PSY;2014;290004324;290000017;GEN;;;;;;;;;;;;;;;;;;;;;;;;;;;;624;;;181;5287;;;2066;2066;;;3;2;2.89;;;;0;1;18;17;22.04;19.35;;0.7;;;1.99;;;;;;;;;;;;;;;
PSY;2014;290004324;290000017;TOT;0;;;0;;;;;;;;;;;;;;;;;;;;;;;;624;;;181;5287;;;2066;2066;;;3;2;2.89;;;;;;18;17;22.04;19.35;;0.7;;;1.99;;;;;;;;;;;;;;;
PSY;2014;290004340;290000017;GEN;;4;;;239;;2;;;;97;23;;3885;65159;;1893;;;;;15808;3132;;14;12;7;24569;31172;11969;2042;3004;;;8233;5895;2232;16;30;4;29.51;1;3;1.96;0;1;;;;;;;;;;;;;;;;;;;;;;;;
PSY;2014;290004340;290000017;INF;;2;;;14;16;;;;;63;;;253;2577;3031;;;;;76;6151;;;4;2;;13323;;1106;806;140;2635;;1767;1308;180;1;9;6;10.37;;;;0;1;;;;;;;;;;;;;;;;;;;;;;;;
PSY;2014;290004340;290000017;PEN;;;;;;;;;;;;;;;;;;;;;;;;;1;;;;;;;;;3259;385;385;;;2;;0.42;;;;;;;;;;;;;;;;;;;;;;;;;;;;;
PSY;2014;290004340;290000017;TOT;1;;6;1;253;16;2;;;;160;23;;4138;67736;3031;1893;;;;76;21959;3132;;19;14;7;37892;31172;13075;2848;3144;2635;3259;10236;7453;2396;17;39;10;40.3;1;3;1.96;;;;;;;;;;;;;;;;;;;;;;;;;;
PSY;2014;2A0000287;2A0000386;GEN;;2;;;158;;;;;;26;6;7;1403;49490;;;;;;0;3452;0;3330;;10;7;28232;1780;4110;1851;1260;;;4179;3202;873;;8;4;6.53;4;3;4.82;;;265;11;259.19;155.34;52.04;7;;0.42;5.93;5;4;3.77;4;3;4.42;228;5;123.43;118.53;52.04;3.3;;0.42;4.72
PSY;2014;2A0000287;2A0000386;INF;;1;;;6;;;;;;13;6;5;110;1759;;;;;;74;1417;120;2253;;7;5;15893;581;129;6;;196;;1018;832;69;;5;2;4.5;0;0;0.05;;;96;12;94.21;63.42;4.57;8.76;;3.52;10.25;1;0;0.7;0;0;0;27;1;0.27;18.72;0.86;0;;0;0.4
PSY;2014;2A0000287;2A0000386;PEN;;;;;;;;;;;;;;;;;;;;;;;;;;;;;;;;;;;;;;;1;0;0.1;0;0;0;;;0;0;0;0;0;0;;0;0;0;0;0;0;0;0;0;0;0;0;0;0;;0;0
PSY;2014;2A0000287;2A0000386;TOT;1;;;1;164;;;;;;39;12;12;1513;51249;;;;;;74;4869;120;5583;;17;12;44125;2361;4239;1857;1260;196;;5188;4052;937;32;13;6;11.13;4;3;4.87;;;348;20;353.4;218.76;56.61;15.76;;3.94;16.18;6;4;4.47;4;3;4.42;255;6;123.7;137.25;52.9;3.3;;0.42;5.12
PSY;2014;2B0000012;2B0000020;GEN;;2;;;37;;;;;;;;;;11470;;;;;;;;;;;5;;11485;;4257;132;204;340;;2292;1789;501;2;6;1;7.1;3;3;4.15;1;1;80;9;80.4;44.25;18.93;6.8;;0.4;2;6;1;7.1;3;3;4.15;80;9;80.4;44.25;18.93;6.8;;0.4;2
PSY;2014;2B0000012;2B0000020;INF;;2;;;;;;;;;25;;;;;;;;;;190;3902;;;1;3;1;;12063;43;48;404;232;;1203;1147;;;3;1;3.17;0;1;0.23;1;1;29;12;34.05;12.53;0;7.32;;5.96;4.66;3;1;3.17;0;1;0.23;29;12;34.05;12.53;0;7.32;;0.26;5.96
PSY;2014;2B0000012;2B0000020;PEN;;;;;;;;;;;;;;;;;;;;;;;;;;2;;;;;;;;6808;376;376;;;0;0;0;0;0;0;;;0;0;0;0;0;0;;0;0;0;0;0;0;0;0;0;0;0;0;0;0;;0;0
PSY;2014;2B0000012;2B0000020;TOT;1;;;1;37;;;;;;25;;;;11470;;;;;;190;3902;;;1;10;1;11485;12063;4300;180;608;572;6808;3871;3312;501;2;9;2;10.27;3;4;4.38;;;108;20;114.45;56.78;18.93;14.12;;6.36;6.66;9;2;10.27;3;4;4.38;108;20;114.45;56.78;18.93;14.12;;0.66;7.96
PSY;2014;2B0003016;2B0003990;GEN;;;;;45;;;;;;;;;431;15033;;;;;;;;;;;;;;;;;;;;196;;;;;3;2;14;1;14.5;0;1;;;;8;6;;;;0.2;;;;;;;;;;;;;;;
PSY;2014;2B0003016;2B0003990;TOT;0;;;0;45;;;;;;;;;431;15033;;;;;;;;;;;;;;;;;;;;196;;;;;3;2;14;1;14.5;;;;;;8;6;;;;0.2;;;;;;;;;;;;;;;
PSY;2014;2B0003917;2B0003891;GEN;;;;;;;;;;;37;;;;;;;;;;;13021;;;;;;;;;;;;;227;;;;1;3;;;;;;;;;;;;;;;;;;;;;;;;;;;;;;
PSY;2014;2B0003917;2B0003891;TOT;0;;;0;;;;;;;37;;;;;;;;;;;13021;;;;;;;;;;;;;227;;;;1;3;;;;;;;;;;;;;;;;;;;;;;;;;;;;;;
PSY;2014;2B0004113;2B0000467;GEN;;;;;92;;;;;;;;;636;33762;;;;;;;;;;;;;;;;;;;;521;;;;4;;;;;;0;1;;;;;;;;;;;;;;;;;;;;;;;;
PSY;2014;2B0004113;2B0000467;INF;;;;;5;;;;;;;;;30;1615;;;;;;;;;;;;;;;;;;;;42;;;;;;;;;;;;;;;;;;;;;;;;;;;;;;;;;;;
PSY;2014;2B0004113;2B0000467;TOT;0;;;0;97;;;;;;;;;666;35377;;;;;;;;;;;;;;;;;;;;563;;;;4;;;;;;;;;;;;;;;;;;;;;;;;;;;;;;;
PSY;2014;300000023;300780046;GEN;;2;;;66;6;0;0;0;0;16;3;1;1143;21782;170;0;0;0;0;0;3669;153;2333;0;5;1;12073;24;4343;713;2547;1;;2977;2347;538;12;7;1;5.24;0;2;1.02;0;1;124;8;117;80.45;0;3.5;;1;3.09;7;1;5.24;0;0;0;92;6;87.54;57.6;0;0.66;;0.5;3.09
PSY;2014;300000023;300780046;INF;;1;;;0;0;;;0;0;37;0;0;0;0;0;;;0;0;46;6409;0;0;0;0;0;10057;0;4;35;0;71;;1079;999;11;0;4;1;4.26;0;1;0.42;0;1;41;12;46.55;5.47;0.16;11;;3.79;18.81;0;0;0;0;0;0;;;;;;;;;
PSY;2014;300000023;300780046;TOT;1;;6;0;66;6;0;0;0;0;53;3;1;1143;21782;170;0;0;0;0;46;10078;153;2333;0;5;1;22130;24;4347;748;2547;72;;4056;3346;549;12;11;2;9.5;0;3;1.44;;;165;20;163.55;85.92;0.16;14.5;;4.79;21.9;7;1;5.24;0;0;0;92;6;87.54;57.6;0;0.66;;0.5;3.09
PSY;2014;300000080;300780103;GEN;;3;;;176;20;;;;;87;;;2099;49009;5870;;;;;;18480;;;;8;1;45447;6925;4769;1281;792;14;;5911;5610;1139;234;24;;24.07;;;;1;1;307;42;328.66;224.09;36.06;6.5;;0.17;12.91;15;;9.3;;;;211;25;220.18;148.1;31.88;1.9;;0.11;3.77
PSY;2014;300000080;300780103;INF;;1;;;6;5;;;;;34;;;409;549;250;;;;;;5094;;;;3;;16010;;80;5;5;99;;1613;1598;89;;5;;4.54;;;;1;1;48;16;57.86;20.68;3;6.2;;3.46;19.22;1;;0.25;;;;17;3;16.97;9.04;3;0.13;;0.4;2.5
PSY;2014;300000080;300780103;PEN;;;;;;;;;;;;;;;;;;;;;;;;;;;;;;;;;;1719;;416;;;;;;;;;;;;;;;;;;;;;;;;;;;;;;;;;;
PSY;2014;300000080;300780103;TOT;1;;;1;182;25;;;;;121;;;2508;49558;6120;;;;;;23574;;;;11;1;61457;6925;4849;1286;797;113;1719;7927;7601;1228;;29;;28.61;;;;;;354;58;386.52;244.77;39.06;12.7;;3.63;32.13;16;;9.55;;;;228;28;237.15;157.14;34.88;2.03;;0.51;6.27
PSY;2014;300000296;;INF;;3;;;;;;;;;8;;;;;;;;;;;987;;;;1;1;4144;327;;;;;;258;234;;24;;2;1;;;;0;0;5;11;11.11;1;;2.5;;1.5;6.11;;;;;;;;;;;;;;;
PSY;2014;300000296;;TOT;1;;;0;;;;;;;8;;;;;;;;;;;987;;;;1;1;4144;327;;;;;;258;234;;24;;;1;;;;;;;;11.11;1;;2.5;;1.5;6.11;;;;;;;;;;;;;;;
PSY;2014;300002128;300000247;GEN;;;;;45;;;45;;;;;;;0;;;15442;;;;;;;;;;;;;;;;;76;;76;12;1;;1;;2;0.85;;;;;;6.5;4.46;1.4;;;8.48;1;;1;;;;;;;;;;;;
PSY;2014;300002128;300000247;TOT;0;;;0;45;;;45;;;;;;;0;;;15442;;;;;;;;;;;;;;;;;76;;76;;1;;1;;2;0.85;;;;;;6.5;4.46;1.4;;;8.48;1;;1;;;;;;;;;;;;
PSY;2014;300003308;300780038;GEN;;2;;;;4;;;;;20;;2;;;1102;;;;;90;2894;;5660;;4;4;24803;56;2595;328;137;1;;2365;2054;;;10;7;13.16;;;;1;0;32;6;32.55;20.92;6;2.64;;0.48;;9;6;12;;;;;;;;;;;;
PSY;2014;300003308;300780038;INF;;1;;;;;;;;;28;;;;;;;;;;;1259;;;;7;7;13263;1962;274;86;55;455;;1746;1632;;;5;3;7.02;;;;1;0;28;20;38.46;9.12;;5.5;;5.02;1.66;1;1;1.5;;;;;;;;;;;;
PSY;2014;300003308;300780038;TOT;1;;1;0;;4;;;;;48;;2;;;1102;;;;;90;4153;;5660;;11;11;38066;2018;2869;414;192;456;;4103;3678;;;15;10;20.18;;;;;;60;26;71.01;30.04;6;8.14;;5.5;1.66;10;7;13.5;;;;;;;;;;;;
PSY;2014;300780210;300000148;GEN;;;;;111;;;;;;12;;;1076;39718;;;;;;;5155;;;;;;;;;;;;;1256;;982;;6;;;;6;4.24;;;51;8;52.5;35.83;12;2;;2.48;1;6;;;;6;4.17;47;2;47.38;33.14;10.67;1.62;;1;0.8
PSY;2014;300780210;300000148;TOT;0;;;0;111;;;;;;12;;;1076;39718;;;;;;;5155;;;;;;;;;;;;;1256;;;;6;;;;6;4.24;;;51;8;52.5;35.83;12;2;;2.48;1;6;;;;6;4.17;47;2;47.38;33.14;10.67;1.62;;1;0.8
PSY;2014;300780244;300000171;GEN;;;;;70;;;;;;;;;853;25473;;;;;;;;;;;;;;;;;;;;625;;625;;;3;1.5;1;5;2.6;0;0;34;5;27.39;21.96;2.95;;;2.25;0.5;;;;;;;;;;;;;;;
PSY;2014;300780244;300000171;TOT;0;;;0;70;;;;;;;;;853;25473;;;;;;;;;;;;;;;;;;;;625;;625;;;3;1.5;1;5;2.6;;;34;5;27.39;21.96;2.95;;;2.25;0.5;;;;;;;;;;;;;;;
PSY;2014;300780251;300000189;GEN;;;;;200;;;;;;;;;1535;69422;;;;;;;;;;;;;;;;;;;;1005;;;;;9;4.5;2;3;3;0;0;;;;;;;;;;;;;;;;;;;;;;;;
PSY;2014;300780251;300000189;TOT;0;;;0;200;;;;;;;;;1535;69422;;;;;;;;;;;;;;;;;;;;1005;;;;;9;4.5;2;3;3;;;;;;;;;;;;;;;;;;;;;;;;;;
PSY;2014;300780269;300000197;GEN;;;;;87;;;;6;;12;;;1075;30299;;;;3206;;;4813;;;;;;;;;;;;;806;;806;;;4;;;8;2.69;0;1;;;;;;;;;;;;;;;;;;;;;;;;
PSY;2014;300780269;300000197;TOT;0;;;0;87;;;;6;;12;;;1075;30299;;;;3206;;;4813;;;;;;;;;;;;;806;;;;;4;;;8;2.69;;;;;;;;;;;;;;;;;;;;;;;;;;
PSY;2014;300780384;750721334;INF;;1;;;;6;;;;;12;;;;;1005;;;;0;;1852;;;;;;3125;;;;;;;;226;;;;3;;;;;;;6;4;;3;;1.5;;;;;;;;;;;;;;;;;;
PSY;2014;300780384;750721334;PEN;;;;;;;;;;;;;;;;;;;;;;;;;;;;;;;;;;;;;;;;;;;;;;;;;;3;;;;;;;;;;;;;;;;;;;;
PSY;2014;300780384;750721334;TOT;1;;;0;;6;;;;;12;;;;;1005;;;;0;;1852;;;;;;3125;;;;;;;;226;;;;3;;;;;;;;;;6;;1.5;;;;;;;;;;;;;;;;;;
PSY;2014;300780764;300000429;GEN;;;;;21;;;;;;10;;;;5767;;;;;;;3200;;;;;;;;;;;;;151;;51;1;;2;1.1;;;;0;0;12;6;16.23;8.8;;2.13;;;5.3;;2;0.6;;;;5;5;10.73;5.1;;1.33;;;4.3
PSY;2014;300780764;300000429;TOT;0;;;0;21;;;;;;10;;;;5767;;;;;;;3200;;;;;;;;;;;;;151;;;;;2;1.1;;;;;;12;6;16.23;8.8;;2.13;;;5.3;;2;0.6;;;;5;5;10.73;5.1;;1.33;;;4.3
PSY;2014;300781424;300000692;GEN;;;;;55;;;;;;8;;;473;18610;;;;;;;3327;;;;;;;;;;;;;367;82;285;;;3;2.5;;2;0.39;0;0;;;;;;;;;;;;;;;;;;;;;;;;
PSY;2014;300781424;300000692;TOT;0;;;0;55;;;;;;8;;;473;18610;;;;;;;3327;;;;;;;;;;;;;367;;;;;3;2.5;;2;0.39;;;;;;;;;;;;;;;;;;;;;;;;;;
PSY;2014;300782117;300780038;GEN;;2;;;70;;;;;;;;;1290;20263;;;;;;;;;;;1;;7799;;149;3180;744;;;2529;2292;738;;10;7;13.16;;;;1;;139;15;142.66;62.62;48.32;1.72;;3.08;;9;6;12;;;;121;12;124.09;55.22;42.57;1.17;;3.08;
PSY;2014;300782117;300780038;INF;;1;;;10;;;;;;;;;166;3203;;;;;;;;;;;1;;1982;;;;;;;661;551;110;;5;3;7.02;;;;0;1;25;4;23.39;12.25;2;1.5;;0.57;6.26;1;1;1.5;;;;23;3;20.94;11.15;2;1;;0.57;5.42
PSY;2014;300782117;300780038;TOT;1;;1;0;80;;;;;;;;;1456;23466;;;;;;;;;;;2;;9781;;149;3180;744;;;3528;2823;848;;15;10;20.18;;;;;;163;19;166.05;74.87;50.32;3.22;;3.65;6.26;10;7;13.5;;;;144;15;145.03;66.37;44.57;2.17;;3.65;5.42
PSY;2014;300786787;300000387;INF;;;;;;;;;;;;;;;;;;;;;;;;;;1;;1757;;;;;;;239;239;;;;1;1;;;;;;;4;2;;;1.15;;0.2;0.65;;;;;;;;;;;;;;;
PSY;2014;300786787;300000387;TOT;0;;;0;;;;;;;;;;;;;;;;;;;;;;1;;1757;;;;;;;;;;;;1;1;;;;;;;4;2;;;1.15;;0.2;0.65;;;;;;;;;;;;;;;
PSY;2014;310000369;310780754;GEN;;7;;;268;13;18;28;;;106;7;;1858;94608;3907;6036;8248;;;304;19793;1615;;2;14;14;105793;47132;5043;820;97;2544;;9727;8118;1126;114;37;10;44.24;;4;3.41;;;596;136;693.79;454.1;93.68;22.84;;9.54;37.65;27;5;16.36;;;;319;59;434.4;263.08;85.82;3.51;;;13.43
PSY;2014;310000369;310780754;INF;;1;;;12;;;;8;;66;;;1030;1909;;;;2122;;139;7881;;;;6;5;13622;6269;524;187;9;514;;1444;1144;41;;7;6;11.4;;;;;;92;47;115.48;46.36;0.55;9.66;;9.24;39.92;4;5;4.06;;;;37;11;47.18;24.71;;1.24;;1;13.74
PSY;2014;310000369;310780754;PEN;;;;;40;;;;;;18;;;362;13663;;;;;;;5004;;;;;1;;609;37985;;;;;2846;2558;256;2;8;4;9.1;;;;;;112;16;115.22;77.89;13.93;7.12;;2.26;2.85;;;;;;;81;9;85.46;58.18;13.93;1;;0.76;14.41
PSY;2014;310000369;310780754;TOT;1;;0;1;320;13;18;28;8;;190;7;;3250;110180;3907;6036;8248;2122;;443;32678;1615;;2;20;20;119415;54010;43552;1007;106;3058;;13833;11669;1404;116;52;20;64.74;;4;3.41;;;800;199;924.49;578.35;108.16;39.62;;21.04;80.42;31;10;20.42;;;;437;79;567.04;345.97;99.75;5.75;;1.76;41.58
PSY;2014;310018650;310781562;INF;;0;;;;;;;;;;;;;;;;;;;;;;;;;;656;;;;;;;51;51;;;;1;0.06;;;;;;;9;1.97;0.5;;0.21;;0.1;1;;;;;;;;;;;;;;;
PSY;2014;310018650;310781562;TOT;0;;0;0;;;;;;;;;;;;;;;;;;;;;;;;656;;;;;;;;;;;;1;0.06;;;;;;;9;1.97;0.5;;0.21;;0.1;1;;;;;;;;;;;;;;;
PSY;2014;310780119;310000047;GEN;;;;;120;;;;;;5;;;862;43767;;;;;;;1344;;;;;;;;;;;;;628;;628;13;;6;4.2;4;4;5.42;;;;;;39;17;0.7;;4;2;;;;;;;;;;;;;;;
PSY;2014;310780119;310000047;TOT;0;;;0;120;;;;;;5;;;862;43767;;;;;;;1344;;;;;;;;;;;;;628;;;;;6;4.2;4;4;5.42;;;;;;39;17;0.7;;4;2;;;;;;;;;;;;;;;
PSY;2014;310780143;310000062;GEN;;;;;117;;;;;;5;;;1315;42638;;;;;;;718;;;;;;;;;;;;;1000;;973;;6;;6;2;7;4.48;;;49;6;51.76;37.4;12.17;1.5;;;1.69;6;;6;2;7;4.48;48;5;51.64;36.4;12.17;1.5;;;1.57
PSY;2014;310780143;310000062;TOT;0;;;0;117;;;;;;5;;;1315;42638;;;;;;;718;;;;;;;;;;;;;651;;644;;;;6;;;4.48;;;;;51.76;37.4;12.17;1.5;;;1.69;;;6;;;4.48;;;51.64;36.4;12.17;1.5;;;1.57
PSY;2014;310780358;310000146;GEN;;;;;100;;;;;;;;;1356;36582;;;;;;;;;;;;;;;;;;;;779;;;;5;;;;;;0;0;67;28;88.67;26.03;9.44;0.5;;1;1.44;5;;;;;;67;28;88.67;26.03;9.44;0.5;;1;1.44
PSY;2014;310780358;310000146;TOT;0;;;0;100;;;;;;;;;1356;36582;;;;;;;;;;;;;;;;;;;;779;;;;5;;;;;;;;67;28;88.67;26.03;9.44;0.5;;1;1.44;5;;;;;;67;28;88.67;26.03;9.44;0.5;;1;1.44
PSY;2014;310780390;310000187;GEN;;;;;165;;;;;;;;;1512;59734;;;;;;;;;;;;;;;;;;;;1187;;1187;;;;;1;7;5.28;0;0;50;43;79.93;72.74;6.76;;;;;;;;;;;;;;;;;;;
PSY;2014;310780390;310000187;TOT;0;;;0;165;;;;;;;;;1512;59734;;;;;;;;;;;;;;;;;;;;1187;;;;;;;1;7;5.28;;;50;43;79.93;72.74;6.76;;;;;;;;;;;;;;;;;;;
PSY;2014;310781000;310788880;GEN;;;;;125;;;;;;5;;;1162;47536;;;;;;;4945;;;;;;;;;;;;;1152;;;;9;;9;;2;1.25;0;1;65;11;75.52;51.72;9.08;2.44;;;;;;;;;;;;;;;;;;
PSY;2014;310781000;310788880;TOT;0;;;0;125;;;;;;5;;;1162;47536;;;;;;;4945;;;;;;;;;;;;;1152;;;;9;;9;;2;1.25;;;65;11;75.52;51.72;9.08;2.44;;;;;;;;;;;;;;;;;;
PSY;2014;310781133;310000427;GEN;;;;;128;;;;;;12;;;1622;45021;;;;;;;3888;;;;;;;;;;;;;1224;300;1022;1;8;2;9.5;2;13;7.5;0;1;58;25;74.98;41.06;9.15;1.56;;3.92;0.68;;;;;;;;;;;;;;;
PSY;2014;310781133;310000427;TOT;0;;;0;128;;;;;;12;;;1622;45021;;;;;;;3888;;;;;;;;;;;;;1224;;;;8;2;9.5;2;13;7.5;;;58;25;74.98;41.06;9.15;1.56;;3.92;0.68;;;;;;;;;;;;;;;
PSY;2014;310781141;310000435;GEN;;;;;50;;;;;;;;;586;18326;;;;;;;;;;;;;;;;;;;;527;;;;2;;2;;1;0.07;0;0;;;27.87;11.17;5.12;0.17;;0.09;0.51;2;;2;;1;0.07;;;;;;;;;
PSY;2014;310781141;310000435;TOT;0;;;0;50;;;;;;;;;586;18326;;;;;;;;;;;;;;;;;;;;527;527;;;2;;2;;1;0.07;;;;;27.87;11.17;5.12;0.17;;0.09;0.51;2;;2;;1;0.07;;;;;;;;;
PSY;2014;310781158;310000443;GEN;;;;;117;;;;;;10;;;1009;34114;;;;;;;1762;;;;;;;;;;;;;802;;802;;7;;7;1;8;4.13;0;0;32;23;39.24;32.8;4.33;1.01;;0.57;0.53;7;;7;1;8;4.13;30;20;37.89;31.45;4.33;1.01;;0.57;0.53
PSY;2014;310781158;310000443;INF;;;;;12;;;;;;;;;207;4369;;;;;;;;;;;;;;;;;;;;101;;101;;3;;1.89;;;;0;0;12;7;17.27;7.54;2.41;1.26;;1.44;4.62;3;;1.89;;;;12;7;17.27;7.54;2.41;1.26;;1.44;4.62
PSY;2014;310781158;310000443;TOT;0;;;0;129;;;;;;10;;;1216;38483;;;;;;;1762;;;;;;;;;;;;;877;;872;;;;8.89;;;4.13;;;;;56.51;40.34;6.74;2.27;;2.01;5.15;;;8.89;;;4.13;;;55.16;38.99;6.74;2.27;;2.01;5.15
PSY;2014;310781521;310000500;GEN;;;;;128;;;;;;5;;;1348;45761;;;;;;;1514;;;;;;;;;;;;;1008;;1008;13;6;;;;;;;;;;54.63;42.26;4.04;0.25;;2.11;0.59;6;;;;;;;;54.63;42.26;4.04;0.25;;2.11;0.59
PSY;2014;310781521;310000500;TOT;0;;;0;128;;;;;;5;;;1348;45761;;;;;;;1514;;;;;;;;;;;;;1008;;1008;13;;;;;;;;;;;54.63;42.26;4.04;0.25;;2.11;0.59;;;;;;;;;54.63;42.26;4.04;0.25;;2.11;0.59
PSY;2014;310782446;;INF;;1;;;;;;;;;90;;;;;;;;;;;9610;;;;11;6;33580;13087;261;146;1690;1036;;3270;3117;;;2;20;12.06;;;;0;0;66;69;127.01;10.85;;16.31;;27.31;56.3;;;;;;;;;;;;;;;
PSY;2014;310782446;;TOT;1;;0;0;;;;;;;90;;;;;;;;;;;9610;;;;11;6;33580;13087;261;146;1690;1036;;3270;3117;;;2;20;12.06;;;;;;66;69;127.01;10.85;;16.31;;27.31;56.3;;;;;;;;;;;;;;;
PSY;2014;310783048;310781406;GEN;;0;;;;;;;;;15;;;;;;;;;;;3621;;;;;;3944;;;;1229;;;596;499;;;1;7;3.56;;;;;;18;15;24.05;12;;1.01;;;;;;;;;;;;;;;;;;
PSY;2014;310783048;310781406;INF;;0;;;;;;;;;22;;;;;;;;;;;3577;;;;;;;;;;;;;114;0;;;;;;;;;;;;;;;;;;;;;;;;;;;;;;;;;;
PSY;2014;310783048;310781406;TOT;1;;;0;;;;;;;37;;;;;;;;;;;7198;;;;;;3944;;;;1229;;;710;499;;;1;7;3.56;;;;;;18;15;24.05;12;;1.01;;;;;;;;;;;;;;;;;;
PSY;2014;310783063;310781406;GEN;;1;;;88;;;;;;10;6;1;1188;28406;;;;;;;2642;628;116;;3;0;12755;231;456;1;622;;;3569;2595;783;5;45;8;19.76;;;;;;184;57;215.32;93;62;42;;1;;;;;;;;;;;;;;;;
PSY;2014;310783063;310781406;INF;;2;;;;;;;;;38;;;;;;;;;;;5714;;;;7;2;31575;1175;84;81;4781;486;;4869;4670;;;;;;;;;;;;;;;;;;;;;;;;;;;;;;;;;;
PSY;2014;310783063;310781406;TOT;1;;;0;88;;;;;;48;6;1;1188;28406;;;;;;;8356;628;116;;10;2;44330;1406;540;82;5403;486;;8438;7265;;;45;8;19.76;;;;;;184;57;215.32;93;62;42;;1;;;;;;;;;;;;;;;;
PSY;2014;310783097;750005068;GEN;;;;;;;;;;;42;;;;;;;;;;;11079;;;;;;;;;;;;;153;;;;4;;3.5;;;;0;0;;;;;;;;;;;;;;;;;;;;;;;;
PSY;2014;310783097;750005068;TOT;0;;;0;;;;;;;42;;;;;;;;;;;11079;;;;;;;;;;;;;153;;;;4;;3.5;;;;;;;;;;;;;;;;;;;;;;;;;;;;;
PSY;2014;310787304;310781406;INF;;1;;;11;0;;;0;0;0;2;0;134;2481;0;;;0;0;0;;;0;;;;;;;;;;;514;372;;1;4;1;3.93;;;;0;0;29;7;32.27;9.8;8.92;1.4;;2.11;4.26;;;;;;;;;;;;;;;
PSY;2014;310787304;310781406;TOT;1;;0;0;11;0;;;0;0;0;2;0;134;2481;0;;;0;0;0;;;0;;;;;;;;;;;514;372;;1;;;3.93;;;;;;;;32.27;9.8;8.92;1.4;;2.11;4.26;;;;;;;;;;;;;;;
PSY;2014;310788906;;GEN;;;;;;;;55;;;;;;;;;;9221;;;;;;;;;;;;;;;;;87;;;;;2;0.34;;1;0.03;0;0;14;;14;5;;1;;;2;;;;;;;;;;;;;;;
PSY;2014;310788906;;TOT;0;;;0;;;;55;;;;;;;;;;9221;;;;;;;;;;;;;;;;;87;;;;;2;0.34;;1;0.03;;;14;;14;5;;1;;;2;;;;;;;;;;;;;;;
PSY;2014;310795463;310785068;GEN;;8;;;;;;19;;;31;;;;;;;5570;;;;3893;;;;;;;;;;;;;90;;33;6;0;1;0.24;;;;0;0;;;;;;;;;;;;;;;;;;;;;;;;
PSY;2014;310795463;310785068;TOT;0;;0;0;;;;19;;;31;;;;;;;5570;;;;3893;;;;;;;;;;;;;90;;;;;1;0.24;;;;;;;;;;;;;;;;;;;;;;;;;;;;;
PSY;2014;320000094;320780125;GEN;;3;;;150;22;0;10;0;25;36;5;1;1348;52532;3508;0;2458;0;6077;0;5093;457;3120;2;8;7;31920;4840;5871;6012;1294;0;;4119;3521;685;23;12;4;13.07;2;7;4.07;1;0;281;45;306.16;172.41;56.89;6.48;;2;13.47;12;3;8.91;1;0;1;209;35;228.42;117.14;52.88;2;;;7.23
PSY;2014;320000094;320780125;INF;;1;;;5;8;;;0;0;9;2;0;81;1453;0;;;0;0;0;1202;33;0;0;5;1;11199;59;249;54;59;34;;1315;1250;43;0;4;;2.42;1;;0.5;1;0;45;4;48.05;27.41;0;3.77;;3.9;7.53;2;;0.86;1;0;0.5;21;;20.39;11.27;0;0.83;;;5
PSY;2014;320000094;320780125;TOT;1;;0;0;155;30;0;10;0;25;45;7;1;1429;53985;3508;0;2458;0;6077;0;6295;490;3120;2;13;8;43119;4899;6120;6066;1353;34;;5370;4730;716;23;16;4;15.49;3;7;4.57;;;326;49;354.21;199.82;56.89;10.25;;5.9;21;14;3;9.77;2;;1.5;230;35;248.81;128.41;52.88;2.83;;;12.23
PSY;2014;320780109;320000078;GEN;;;;;68;;;;;;;;;566;20886;;;;;;;;;;;;;;;;;;;;419;1;418;;1;1;0.05;;;;0;0;27;2;25.78;19.08;5.98;;;;0.7;;;;;;;;;;;;;;;
PSY;2014;320780109;320000078;TOT;0;;;0;68;;;;;;;;;566;20886;;;;;;;;;;;;;;;;;;;;419;;;;1;1;0.05;;;;;;27;2;25.78;19.08;5.98;;;;0.7;;;;;;;;;;;;;;;
PSY;2014;330000431;;GEN;;;;;69;;;;;;10;5;;465;20621;;;;;;;1612;308;;;;;;;;;;;;139;;;;;7;3.1;;;;0;0;57;3;58;27;4;;;;26.6;;;;;;;;;;;;;;;
PSY;2014;330000431;;TOT;0;;;0;69;;;;;;10;5;;465;20621;;;;;;;1612;308;;;;;;;;;;;;182;;;;;7;3.1;;;;;;57;3;58;27;4;;;;26.6;;;;;;;;;;;;;;;
PSY;2014;330000639;330781287;GEN;;6;;;476;;;;6;15;96;13;;5750;163351;;0;0;3121;3225;6;31863;1738;;;35;;101891;;28664;2203;9485;;;18527;13756;3041;60;66;15;71.32;2;6;4.1;0;0;737;90;803.11;545.38;98.52;30.55;;12.93;24.88;;;;;;;;;;;;;;;
PSY;2014;330000639;330781287;INF;;2;;;25;18;;;4;12;0;1;;505;1280;815;;;2443;3769;18;6865;17;;;15;;21648;;1388;1150;1829;1157;;3958;3509;59;0;21;3;21.98;;;;0;0;124;31;132.01;78.49;2.67;11.02;;15;12.05;;;;;;;;;;;;;;;
PSY;2014;330000639;330781287;PEN;;;;;;;;;;;;;;;;;;;;;;0;;;;0;;;;28393;;;;;1369;1369;0;0;3;;3;;;;;;15;;12.91;7.91;;2;;2;1;;;;;;;;;;;;;;;
PSY;2014;330000639;330781287;TOT;1;;;1;501;18;;;10;27;96;14;;6255;164631;815;0;0;5564;6994;24;38728;1755;;;50;;123539;;58445;3353;11314;1157;;23550;184103;3099;60;90;18;96.3;2;6;4.1;;;874;121;948.03;631.78;101.19;43.57;;29.93;37.93;;;;;;;;;;;;;;;
PSY;2014;330000647;330781295;GEN;;6;;;465;15;0;0;0;0;67;14;0;3732;165277;1466;0;0;0;0;149;12993;3480;0;3;13;7;94142;19959;9422;5787;1332;1;;9570;7326;2117;218;35;9;39.04;2;6;4.38;1;1;;;771.11;496.79;199.54;18.7;;12.12;43.96;;;;;;;;;592.14;377.08;181.62;6.36;;5.82;21.26
PSY;2014;330000647;330781295;INF;;2;;;0;10;;;0;0;72;0;0;0;0;1002;;;0;0;88;10113;0;0;0;8;3;21765;2190;2;2;1;43;;2415;2286;0;0;11;0;9.67;;;;0;0;;;82.2;38.75;3.07;14.88;;13.85;11.65;;;;;;;;;0;0;0;0;;0;0
PSY;2014;330000647;330781295;TOT;1;;8;0;465;25;0;0;0;0;139;14;0;3732;165277;2468;0;0;0;0;237;23106;3480;0;3;21;10;115907;22149;9424;5789;1333;44;;11961;9599;2117;218;46;9;48.71;2;6;4.38;;;;;853.31;535.54;202.61;33.58;;25.97;55.61;;;;;;;;;592.14;377.08;181.62;6.36;;5.82;21.26
PSY;2014;330000779;;GEN;;;;;;;;;;;70;;;;;;;;;;;16870;;;1;;;3284;;;;;;;511;235;;;;10;5.44;1;1;1.09;0;0;5;23;17.06;8.31;0;2.29;;1.41;1.82;;;;;;;;;;;;;;;
PSY;2014;330000779;;TOT;0;;;0;;;;;;;70;;;;;;;;;;;16870;;;1;;;3284;;;;;;;511;;;;;10;5.44;1;1;1.09;;;5;23;17.06;8.31;0;2.29;;1.41;1.82;;;;;;;;;;;;;;;
PSY;2014;330780289;330790809;INF;;;;;;;;;;;30;;;;;;;;;;;5645;;;;;;;;;;;;;33;;;;;1;0.55;;;;0;0;10;9;;1.9;;1.5;;1.99;10.33;;;;;;;;;;;;;;;
PSY;2014;330780289;330790809;TOT;0;;;0;;;;;;;30;;;;;;;;;;;5645;;;;;;;;;;;;;33;;;;;1;0.55;;;;;;10;9;;1.9;;1.5;;1.99;10.33;;;;;;;;;;;;;;;
PSY;2014;330780297;330000175;GEN;;;;;34;;;;;;35;;;923;12662;;;;;;;3956;;;;;;;;;;;;;341;;341;0;;3;1.5;;;;0;0;15;1;17;10;5;0.5;;0;;;2;1;;;;;;;;;;;;
PSY;2014;330780297;330000175;TOT;0;;;0;34;;;;;;35;;;923;12662;;;;;;;3956;;;;;;;;;;;;;341;;;;;3;1.5;;;;;;15;1;17;10;5;0.5;;0;;;2;1;;;;;;;;;;;;
PSY;2014;330780313;330000191;GEN;;;;;79;;;;;;;;;1005;29298;;;;;;;;;;;;;;;;;;;;607;;607;0;;8;2.6;;14;3.49;0;0;25;1;25.83;19.83;5;0;;1;0;;;;;;;;;;;;;;;
PSY;2014;330780313;330000191;TOT;0;;;0;79;;;;;;;;;1005;29298;;;;;;;;;;;;;;;;;;;;607;;607;0;;8;2.6;;14;3.49;;;25;1;25.83;19.83;5;0;;1;0;;;;;;;;;;;;;;;
PSY;2014;330780321;330000209;GEN;;;;;62;;;;;;;;;620;22231;;;;;;;;;;;;;;;;;;;;585;;585;2;;7;;;1;;1;1;21;10;25.61;20.42;3;;;1.63;0.56;;;;;;;;;;;;;;;
PSY;2014;330780321;330000209;TOT;0;;;0;62;;;;;;;;;620;22231;;;;;;;;;;;;;;;;;;;;576;;;;;7;;;1;;;;21;10;25.61;20.42;3;;;1.63;0.56;;;;;;;;;;;;;;;
PSY;2014;330780636;330785072;INF;;1;;;;;;;;;;;;;;;;;;;;;;;6;3;1;34643;4422;;;;;;1886;1886;;;;6;3.75;;;;0;0;11;27;23.85;1;0;6.8;;11.05;5;;;;;;;;;;;;;;;
PSY;2014;330780636;330785072;TOT;1;;1;0;;;;;;;;;;;;;;;;;;;;;6;3;1;34643;4422;;;;;;;;;;;6;3.75;;;;;;11;27;23.85;1;0;6.8;;11.05;5;;;;;;;;;;;;;;;
PSY;2014;330780776;330056839;GEN;;;;;78;;;;;;;;;537;27633;;;;;;;;;;;;;;;;;;;;320;;;;2;;;;;;;;;;;;;;;;;;;;;;;;;;;;;;;
PSY;2014;330780776;330056839;TOT;0;;;0;78;;;;;;;;;537;27633;;;;;;;;;;;;;;;;;;;;320;;;;2;;;;;;;;;;;;;;;;;;;;;;;;;;;;;;;
PSY;2014;330781170;330785072;GEN;;;;;44;;;;;;;;;191;13409;;;;;;;;;;;;;;;;;;;;96;;96;;;3;1.5;;3;1;0;0;18;7;22;5.5;0;1.5;;;15;;;;;;;;;;;;;;;
PSY;2014;330781170;330785072;TOT;0;;;0;44;;;;;;;;;191;13409;;;;;;;;;;;;;;;;;;;;96;;;;;3;1.5;;3;1;;;18;7;22;5.5;0;1.5;;;15;;;;;;;;;;;;;;;
PSY;2014;330781188;330056540;GEN;;;;;25;;;;;;25;;;980;6710;;;;;;;6357;;;;;;;;;;;;;172;;140;7;1;2;1.71;;1;0.29;1;1;;;21.04;6.71;;1;;4.48;7.38;;;;;;;;;;;;;;;
PSY;2014;330781188;330056540;TOT;0;;;0;25;;;;;;25;;;980;6710;;;;;;;6357;;;;;;;;;;;;;172;;;;1;2;1.71;;1;0.29;;;;;21.04;6.71;;1;;4.48;7.38;;;;;;;;;;;;;;;
PSY;2014;330781303;750821092;GEN;;;;;16;;;;;;;;;362;3210;;;;;;;;;;;1;;3847;;;;158;;;600;474;152;;5;;4.63;;;;0;1;24;;22.66;8.5;7.33;2.72;;2;;;;;;;;;;;;;;;;
PSY;2014;330781303;750821092;TOT;0;;;0;16;;;;;;;;;362;3210;;;;;;;;;;;1;;3847;;;;158;;;600;;;;5;;4.63;;;;;;24;;22.66;8.5;7.33;2.72;;2;;;;;;;;;;;;;;;;
PSY;2014;330781691;;GEN;;1;;;;;;;;;;;;;;;;;;;;;;;;;;;;;;;;;;;;;;;;;;;;;;;;;;;;;;;;;;;;;;;;;;;;
PSY;2014;330781691;;INF;;7;;;;;;;;;;;;;;;;;;;;;;;6;2;;16547;;;;;;;1252;1252;;;;3;1.18;;;;0;0;3;21;14.88;;;5.63;;6.95;2.3;;;;;;;;;;;;;;;
PSY;2014;330781691;;TOT;1;;7;0;;;;;;;;;;;;;;;;;;;;;6;2;;16547;;;;;;;;;;;;3;1.18;;;;;;3;21;14.88;;;5.63;;6.95;2.3;;;;;;;;;;;;;;;
PSY;2014;330782350;330000480;INF;;;;;;;;;;;35;;;;;;;;;;;7185;;;;;;;;;;;;;87;;;;;4;2.1;;;;0;0;12;21;19.3;2.3;;2.38;;3.1;12.82;;;;;;;;;;;;;;;
PSY;2014;330782350;330000480;TOT;0;;;0;;;;;;;35;;;;;;;;;;;7185;;;;;;;;;;;;;87;;;;;4;2.1;;;;;;12;21;19.3;2.3;;2.38;;3.1;12.82;;;;;;;;;;;;;;;
PSY;2014;330783614;330785072;INF;;;;;;;;;;;35;12;;;;;;;;;;7783;948;;;;;;;;;;;;188;;;;;8;3.08;;;;;;16;15;25.93;6.69;;2.79;;1.1;15.35;;;;;;;;;;;;;;;
PSY;2014;330783614;330785072;TOT;0;;;0;;;;;;;35;12;;;;;;;;;;7783;948;;;;;;;;;;;;188;;;;;8;3.08;;;;;;16;15;25.93;6.69;;2.79;;1.1;15.35;;;;;;;;;;;;;;;
PSY;2014;330783721;330781253;GEN;;2;;;92;8;;;;;57;;;732;26721;2081;;;;;59;10061;;;2;4;8;29540;4451;8634;213;4072;;;5395;2653;529;32;9;2;9.22;;1;0.5;1;1;185;30;207.22;133.39;17.15;6.07;;1.2;4.34;8;;3.55;1;;0.5;;;97.16;60.2;14.15;1.07;;;2
PSY;2014;330783721;330781253;INF;;1;;;8;4;;;;;48;;;602;1216;287;;;;;32;6451;;;1;3;5;15817;4338;222;46;571;712;;1499;1302;35;0;5;1;5.24;2;;1.13;0;1;63;24;77.73;37.35;;8.71;;3.9;8.37;;;;;;;19;8;23.08;12.07;;0.96;;0.5;1
PSY;2014;330783721;330781253;PEN;;;;;;;;;;;;;;;;;;;;;;;;;;;;;;;;;;;;;;;;;;;;;;;;;;;;;;;;;;;;;;110;18;;;;;;;
PSY;2014;330783721;330781253;TOT;1;;1;0;100;12;;;;;105;;;1334;27937;2368;;;;;91;16512;;;3;7;13;45357;8789;8856;259;4643;712;;6770;6019;561;32;14;3;14.46;2;1;1.63;;;248;54;284.95;170.74;17.15;14.78;;5.1;12.71;8;;3.55;1;;0.5;129;26;120.24;72.27;14.15;2.03;;0.5;3
PSY;2014;330783960;750005068;GEN;;;;;;;;;;;50;;;;;;;;;;;13559;;;;;;434;;;;;647;;355;169;;;;6;3.01;;;;;;8;6;11.59;8.55;0;1.54;;0.5;1;;;;;;;;;;;;;;;
PSY;2014;330783960;750005068;TOT;0;;;0;;;;;;;50;;;;;;;;;;;13559;;;;;;434;;;;;647;;355;169;;;;6;3.01;;;;;;8;6;11.59;8.55;0;1.54;;0.5;1;;;;;;;;;;;;;;;
PSY;2014;330785064;;INF;;1;;;;;;;;;;;;;;;;;;;;;;;;3;;8010;;;;;;;;872;;;;1;0.36;;;;0;0;;;;;;;;;;;;;;;;;;;;;;;;
PSY;2014;330785064;;TOT;1;;;0;;;;;;;;;;;;;;;;;;;;;;3;;8010;;;;;;;;;;;;1;0.36;;;;;;;;;;;;;;;;;;;;;;;;;;;;;
PSY;2014;330802752;330781196;INF;;;;;10;;;;;;5;;;184;2273;;;;;;;378;;;;;;;;;;;;;92;;92;;4;6;6.8;;4;2.4;0;1;20;3;22.66;12.75;3.57;0.91;;1;1.88;;;;;;;20;3;22.66;12.75;3.57;0.91;;1;1.88
PSY;2014;330802752;330781196;TOT;0;;;0;10;;;;;;5;;;184;2273;;;;;;;378;;;;;;;;;;;;;94;;;;4;6;6.8;;4;2.4;;;20;3;22.66;12.75;3.57;0.91;;1;1.88;;;;;;;20;3;22.66;12.75;3.57;0.91;;1;1.88
PSY;2014;340000033;340780055;GEN;;3;;;;;;;3;;;;;;;;;;616;;;;;;;;;733;;3;;5577;;;2260;1504;254;0;5;;2.4;;;;1;0;16;3;5.75;4.35;0;0.17;;0;0;2;;0.67;;;;16;3;5.75;4.35;0;0.17;;0;0
PSY;2014;340000033;340780055;INF;;1;;;;;;;;;;;;;;;;;;;;;;;;;;;;;;;;;;;;;;;;;;;0;0;;;;;;;;;;;;;;;;0;0;0;0;0;0;;0;0
PSY;2014;340000033;340780055;PEN;;;;;;;;;;;;;;;;;;;;;;;;;;;;;;;;;;;;;;;;;;;;;;;0;0;0;0;0;3.75;;0;0;;;;;;;0;0;0;0;0;0;;0;0
PSY;2014;340000033;340780055;TOT;1;;1;1;;;;;3;;;;;;;;;;616;;;;;;;;;733;;3;;5577;;;2260;1504;254;0;5;;2.4;;;;;;16;3;5.75;4.35;0;3.92;;0;0;2;;0.67;;;;16;3;5.75;4.35;0;0.17;;0;0
PSY;2014;340010149;340010099;GEN;;;;;54;;;;;;;;;123;19054;;;;;;;;;;;;;;;;;;;;156;;;;1;3;1.54;;1;0.3;0;1;18;7;19.83;7.5;4;1;;3.33;4;;;;;;;;;;;;;;;
PSY;2014;340010149;340010099;TOT;0;;;0;54;;;;;;;;;123;19054;;;;;;;;;;;;;;;;;;;;156;;;;1;3;1.54;;1;0.3;;;18;7;19.83;7.5;4;1;;3.33;4;;;;;;;;;;;;;;;
PSY;2014;340011386;340787399;GEN;;;;;;;8;;;;;;;;;;2920;;;;;;;;;;1;;5300;;;;;;106;;;;;;;;;;0;0;;6;3.6;;;2.1;;;1.5;;;;;;;;;;;;;;;
PSY;2014;340011386;340787399;TOT;0;;;0;;;8;;;;;;;;;;2920;;;;;;;;;;1;;5300;;;;;;106;;;;0;;;;;;;;;6;3.6;;;2.1;;;1.5;;;;;;;;;;;;;;;
PSY;2014;340016732;340780055;GEN;;3;;;128;6;;;;;44;1;;1671;41454;767;;;;;;15442;113;;1;5;1;31302;;5112;244;127;1;;7356;6032;1144;10;26;;23.12;;;;1;;212;32;227.14;133.74;35.05;10.08;;6.79;9.63;9;0;7.75;;;;0;0;152.37;87.29;34.35;3.5;;0;4.03
PSY;2014;340016732;340780055;INF;;1;;;;2;;;;;12;;;75;;159;;;;;;2897;;;3;3;;15703;;587;17;298;22;;1934;1868;4;1;;;;;;;0;;23;20;34.9;11.64;0;7.52;;2.85;11.02;0;0;0;;;;0;0;0;0;0;0;;0;0
PSY;2014;340016732;340780055;PEN;;;;;;;;;;;;;;;;;;;;;;;;;;1;;;;5450;;;;;1204;1152;0;0;;;;;;;;;4;0;3.75;0;0;3.75;;0;0;0;0;0;;;;0;0;0;0;0;0;;0;0
PSY;2014;340016732;340780055;TOT;1;;1;1;128;8;;;;;56;1;;1746;41454;926;;;;;;18339;113;;4;9;1;47005;;11149;261;425;23;;9229;7859;1148;11;26;;23.12;;;;;;239;52;265.79;145.38;35.05;21.35;;9.64;20.65;9;;7.75;;;;;;152.37;87.29;34.35;3.5;;0;4.03
PSY;2014;340780121;340000082;GEN;;;;;95;;;;;;15;;;723;34929;;;;;;;6982;;;;;;;;;;;;;670;;597;12;;7;5;;2;1.9;0;1;43;28;58.85;27;11;0.8;;;2.5;;;;;;;;;;;;;;;
PSY;2014;340780121;340000082;TOT;0;;;0;95;;;;;;15;;;723;34929;;;;;;;6982;;;;;;;;;;;;;698;;;;;7;5;;2;1.9;;;43;28;58.85;27;11;0.8;;;2.5;;;;;;;;;;;;;;;
PSY;2014;340780485;340780477;GEN;;8;;;264;23;10;;;;221;;14;2770;77282;8083;1252;;;;;85601;;13088;;33;14;28693;6931;9590;2751;152;6;;8674;7452;1807;113;37;2;35.57;4;;1.3;;;561;16;536.62;380.97;66.97;22.73;;2.46;23.58;20;;18.75;;1;0.3;;;;;;;;;
PSY;2014;340780485;340780477;INF;;1;;;;2;;;;;30;;;;;104;;;;;;3433;;;;8;2;5223;437;8;17;106;29;;4483;4468;;;1;10;7.12;1;;0.9;;;54;8;52.6;17.12;;10.35;;3.8;15;;;;;;;;;;;;;;;
PSY;2014;340780485;340780477;TOT;1;;4;1;264;25;10;;;;251;;14;2770;77282;8187;1252;;;;;89034;;13088;;41;16;33916;7368;9598;2768;258;35;;12703;11865;1807;113;38;12;42.69;5;;2.2;;;615;24;589.22;398.09;66.97;33.08;;6.26;38.58;20;;18.75;;1;0.3;;;;;;;;;
PSY;2014;340780758;340000355;GEN;;;;;147;;;46;;;14;;;1165;52994;;;15663;;;;6316;;;;;;;;;;;;;935;114;821;13;3;8;1.33;1;6;2.46;;;95;18;114.56;43.4;28.29;3.4;;3.29;9.86;3;8;1.12;1;6;2.46;92;14;109;38.78;28.29;2.9;;2.85;9.86
PSY;2014;340780758;340000355;TOT;0;;;0;147;;;46;;;14;;;1165;52994;;;15663;;;;6316;;;;;;;;;;;;;935;114;821;13;3;8;1.33;1;6;2.46;;;95;18;114.56;43.4;28.29;3.4;;3.29;9.86;3;8;1.12;1;6;2.46;92;14;109;38.78;28.29;2.9;;2.85;9.86
PSY;2014;340780766;340000363;GEN;;;;;96;;;;;;;;;800;34424;;;;;;;;;;;;;;;;;;;;565;;565;;2;5;5;;5;4.5;1;1;43;8;39.9;17.8;15.38;1.2;;2.79;2.46;2;5;5;;5;4.5;;;;;;;;;
PSY;2014;340780766;340000363;INF;;;;;12;;;;;;;;;253;3516;;;;;;;;;;;;;;;;;;;;75;;75;;;2;1.13;;1;0.3;1;1;12;4;12.5;6;2;0.8;;0.91;2.79;;2;1.13;;1;0.3;;;;;;;;;
PSY;2014;340780766;340000363;TOT;0;;;0;108;;;;;;;;;1053;37940;;;;;;;;;;;;;;;;;;;;638;;638;;2;7;6.13;;6;4.8;;;55;12;52.4;23.8;17.38;2;;3.7;5.25;2;7;6.13;;6;4.8;;;;;;;;;
PSY;2014;340780782;340000371;GEN;;;;;164;;;;;;;;;1507;57921;;;;;;;;;;;;;;;;;;;;898;;;;;8;;1;10;;;;55;34;74.09;46.5;23.39;2.49;;1;0.71;;;;;;;;;;;;;;;
PSY;2014;340780782;340000371;TOT;0;;;0;164;;;;;;;;;1507;57921;;;;;;;;;;;;;;;;;;;;898;;;;;8;;1;10;;;;55;34;74.09;46.5;23.39;2.49;;1;0.71;;;;;;;;;;;;;;;
PSY;2014;340780790;340000389;GEN;;;;;64;;;;;;;;;636;23310;;;;;;;;;;;;;;;;;;;;480;;480;2;;5;3.93;1;2;1.4;0;1;37;12;47.25;17.03;23.97;1;;3.29;2;;;;;;;;;;;;;;;
PSY;2014;340780790;340000389;TOT;0;;;0;64;;;;;;;;;636;23310;;;;;;;;;;;;;;;;;;;;480;;;;;5;3.93;1;2;1.4;;;37;12;47.25;17.03;23.97;1;;3.29;2;;;;;;;;;;;;;;;
PSY;2014;340780931;340000454;GEN;;;;;90;;;;;;12;;;220;32359;;;;;;;5345;;;;;;;;;;;;;218;;198;20;5;;5;;4;3.32;1;1;;;56.88;34.85;0;5;;0.73;2.8;4;;4;;4;3.32;;;50.1;30.85;0;4;;0.5;2
PSY;2014;340780931;340000454;TOT;0;;;0;90;;;;;;12;;;220;32359;;;;;;;5345;;;;;;;;;;;;;218;;;;5;;5;;4;3.32;;;;;56.88;34.85;0;5;;0.73;2.8;4;;4;;4;3.32;;;50.1;30.85;0;4;;0.5;2
PSY;2014;340782036;340780477;INF;;1;;;10;1;;;;;41;;;133;2650;237;;;;;;7803;;;;2;;25;;;;;;;812;0;101;3;5;3;6.2;2;1;1.2;;;73;4;65.75;33.56;6.79;6.58;;3.5;9.23;1;;1;;;;;;;;;;;;
PSY;2014;340782036;340780477;TOT;1;;0;0;10;1;;;;;41;;;133;2650;237;;;;;;7803;;;;2;;25;;;;;;;812;0;101;3;5;3;6.2;2;1;1.2;;;73;4;65.75;33.56;6.79;6.58;;3.5;9.23;1;;1;;;;;;;;;;;;
PSY;2014;340787266;340011295;GEN;;1;;;30;0;0;0;0;0;15;0;0;;8954;;;;;;;2541;;;0;2;1;8335;1091;593;89;1024;0;;1797;1537;260;;7;1;7.08;0;0;0;0;1;37;13;46.66;30.96;8.4;1.8;;0;1.8;7;1;7.08;0;0;0;50;13;46.66;30.96;8.4;1.8;;0;1.8
PSY;2014;340787266;340011295;INF;;1;;;0;0;;;0;0;16;;;;0;;;;;;37;2805;;;;3;;12104;;;;186;2950;;996;937;;;0;0;0;0;0;0;0;0;0;0;0;0;0;0;;0;0;0;0;0;0;0;0;0;0;0;0;0;0;;0;0
PSY;2014;340787266;340011295;TOT;1;;;0;30;0;0;0;0;0;31;0;0;;8954;;;;;;37;5346;;;0;5;1;20439;1091;593;89;1210;2950;;2793;2474;260;;7;1;7.08;;;0;;;37;13;46.66;30.96;8.4;1.8;;0;1.8;7;1;7.08;;;0;50;13;46.66;30.96;8.4;1.8;;0;1.8
PSY;2014;350000147;350000022;GEN;;2;;;86;7;;;;;30;0;;684;31208;2222;;;;;0;5376;0;;;4;4;22176;6090;6763;1022;3098;4;;3807;3204;465;28;7;;5.7;3;;1.8;0;1;119;16;130.8;88.21;31.08;6.6;;1.2;3.65;6;;2.73;2;;1.3;80;7;91.07;53.8;30.97;4.6;;;1.7
PSY;2014;350000147;350000022;INF;;1;;;7;;;;;;28;;;161;1765;;;;;;18;3560;;;;3;3;17260;710;1081;101;219;265;;1670;1505;120;0;3;2;4.3;;1;0.14;0;1;41;18;48.23;26.44;5.16;6.84;;2.89;6.9;1;;0.5;;1;0.14;14;5;17.6;12.1;4.6;0.45;;;0.45
PSY;2014;350000147;350000022;PEN;;;;;;;;;;;;;;;;;;;;;;;;;;;;;;;;;;1100;;1100;;;;;0.17;1;1;0.55;;;2;3;3.7;3.3;;0.4;;;;;;;;;;;;;;;;;;
PSY;2014;350000147;350000022;TOT;1;;3;1;93;7;;;;;58;0;;845;32973;2222;;;;;18;8936;0;;;7;7;39436;6800;7844;1123;3317;269;1100;5487;4952;582;28;10;2;10.17;4;1;2.49;;;162;37;182.73;117.95;36.24;13.84;;4.09;10.55;7;;3.23;2;1;1.44;94;12;108.67;65.9;35.57;5.05;;;2.15
PSY;2014;350000162;350000048;GEN;;1;;;25;1;3;0;0;0;12;0;0;363;8082;69;70;;;;;2190;;;;1;3;12553;4152;4553;810;2220;0;;2198;2188;249;6;2;2;2.3;2;1;1.65;0;1;50;21;60.95;39.2;7.18;4.23;;1;1.04;2;2;2.3;2;1;1.65;32;14;32.75;17.02;7.18;0.54;;0.5;0.85
PSY;2014;350000162;350000048;TOT;1;;1;0;25;1;3;0;0;0;12;0;0;363;8082;69;70;;;;;2190;;;;1;3;12553;4152;4553;810;2220;0;;2198;;;;2;2;2.3;2;1;1.65;;;50;21;60.95;39.2;7.18;4.23;;1;1.04;2;2;2.3;2;1;1.65;32;14;32.75;17.02;7.18;0.54;;0.5;0.85
PSY;2014;350000337;350000246;GEN;;9;;;640;49;3;;;;241;12;10;12805;217239;12895;906;0;;;396;35271;258;136;1;17;16;129733;51428;15836;13315;8076;28;;18412;14736;3621;231;42;51;49.52;6;21;11.73;1;1;822;1012;993.9;634.62;214.08;29.1;;5.26;27.48;14;16;9.77;1;1;0.3;520;641;635.72;392.48;187.74;0.66;;;0.96
PSY;2014;350000337;350000246;INF;;3;;;53;;;;;;153;1;;1604;46;0;;;;;135;19536;3;;;20;13;72503;2037;843;1800;2036;974;;6114;5895;159;0;22;32;26.48;3;7;3.96;0;0;244;299;272.55;158.61;18.4;37.32;;29.29;13.68;1;1;1.3;;1;0.2;74;89;77.32;60.04;8.8;2.3;;0.36;0.41
PSY;2014;350000337;350000246;PEN;;;;;40;;;;;;20;;;648;10229;;;;;;;6133;;;;2;1;;370;37687;;;;;1766;1534;232;0;5;5;4.48;3;7;4.26;;;101;105;102.04;64.98;17.28;6.25;;1.75;1;3;3;1.65;;1;0.5;75;74;73.88;47.65;17.03;1.2;;1;1
PSY;2014;350000337;350000246;TOT;1;;6;1;733;49;3;;;;414;13;10;15057;227514;12895;906;0;;;531;60940;261;136;1;39;30;202236;53835;54366;15115;10112;1002;;25839;21399;4332;231;69;88;80.48;6;23;19.95;;;1134;1379;1368.49;858.21;249.76;72.67;;36.3;42.16;18;20;12.72;1;3;1;669;804;786.92;500.17;213.57;4.16;;1.36;2.37
PSY;2014;350000402;;GEN;;;;;78;;;;;;18;;;713;26810;;;;;;;3261;;;;;;;;;;;;;846;;757;68;;8;1.6;1;;1;0;1;24;56;41.48;22.77;11.32;3.18;;1.83;1;;;;;;;;;;;;;;;
PSY;2014;350000402;;TOT;0;;;0;78;;;;;;18;;;713;26810;;;;;;;3261;;;;;;;;;;;;;846;;757;;;8;1.6;1;;1;;;24;56;41.48;22.77;11.32;3.18;;1.83;1;;;;;;;;;;;;;;;
PSY;2014;350002119;350000386;GEN;;;;;83;;;;;;12;;;568;30745;;;;;;;3991;;;;;;;;;;;;;480;87;;;1;3;;;;;0;0;;;;;;;;;;;;;;;;;;;;;;;;
PSY;2014;350002119;350000386;TOT;0;;;0;83;;;;;;12;;;568;30745;;;;;;;3991;;;;;;;;;;;;;480;87;;;1;3;;;;;;;;;;;;;;;;;;;;;;;;;;;;;;
PSY;2014;350002192;220020739;GEN;;;;;83;;;;;;;;;792;27279;;;;;;;;;;;;;;;;;;;;655;;;;;6;;;1;0.6;0;1;24;10;31.98;21.06;9.54;0.85;;0.3;1;;6;;;;0.6;;;;;;;;;
PSY;2014;350002192;220020739;TOT;0;;;0;83;;;;;;;;;792;27279;;;;;;;;;;;;;;;;;;;;655;;;;;6;;;1;0.6;;;24;10;31.98;21.06;9.54;0.85;;0.3;1;;6;;;;0.6;;;;;;;;;
PSY;2014;350002234;750720575;GEN;;;;;10;;;;;;5;;;116;2286;;;;;;;1934;;;;;;;;;;;;;56;32;24;2;;1;0.8;;;;0;0;3;6;6.5;5.5;;1;;;;;;;;;;;;;;;;;;
PSY;2014;350002234;750720575;TOT;0;;;0;10;;;;;;5;;;116;2286;;;;;;;1934;;;;;;;;;;;;;56;;;;;1;0.8;;;;;;3;6;6.5;5.5;;1;;;;;;;;;;;;;;;;;;
PSY;2014;350002754;440042844;GEN;;1;;;;;;;;;12;35;1;;;;;;;;;4800;9306;1041;;;1;;1041;;;;;;118;;;;;3;1;;;;;;;;;;;;;;;;;;;;;;;;;;;;;
PSY;2014;350002754;440042844;TOT;1;;0;0;;;;;;;12;35;1;;;;;;;;;4800;9306;1041;;;1;;1041;;;;;;118;;;;;3;1;;;;;;;;;;;;;;;;;;;;;;;;;;;;;
PSY;2014;350039574;350023495;INF;;1;;;;;;;;;12;;;;;;;;;;;1181;;;;1;;2356;;;;;;;83;78;;;;1;0.6;;;;0;0;7;13;11.7;2;;1.7;;1.75;3.05;;;;;;;;;;;;;;;
PSY;2014;350039574;350023495;TOT;1;;;0;;;;;;;12;;;;;;;;;;;1181;;;;1;;2356;;;;;;;83;78;;;;1;0.6;;;;;;7;13;11.7;2;;1.7;;1.75;3.05;;;;;;;;;;;;;;;
PSY;2014;360000137;360000053;GEN;;3;;;120;;15;;;;12;9;;1378;36093;;5213;0;;;;164;261;;;4;4;21410;3043;36531;;;;;792;19;791;19;6;1;5.9;;;;;;;;147.99;53.95;;;;;;;;;;;;;;;;;;;;
PSY;2014;360000137;360000053;INF;;1;;;4;4;;;;;33;;8;3;9;623;;;;;;3281;;12107;5;3;8;11047;12107;8;623;;231;;1086;496;16;;2;;1.29;;;;;;40;11;48.03;16.71;1.5;4.7;;1;15.12;;;;;;;;;;;;;;;
PSY;2014;360000137;360000053;PEN;;;;;;;;;;;;;;;;;;;;;;;;;;1;;;;7027;;;;;777;777;;;;;;;;;;;;;;;;;;;;;;;;;;;;;;;;;;
PSY;2014;360000137;360000053;TOT;1;;9;1;124;4;15;;;;45;9;8;1381;36102;623;5213;0;;;;3445;261;12107;5;8;12;32457;15150;43566;623;;231;;2655;;;;8;1;7.19;;;;;;40;11;196.02;70.66;1.5;4.7;;1;15.12;;;;;;;;;;;;;;;
PSY;2014;360000145;360000061;GEN;;1;;;40;;;;;;9;1;;270;10992;;;;;;;2664;39;;;1;1;651;554;45;0;70;0;;307;97;196;15;1;1;2.57;;;;0;0;42;3;43.35;19.77;14.25;0.4;;0.73;;1;;1;;;;38;;30.24;16.07;13.25;0.29;;0.63;
PSY;2014;360000145;360000061;TOT;1;;0;0;40;;;;;;9;1;;270;10992;;;;;;;2664;39;;;1;1;651;554;45;0;70;0;;307;97;196;15;1;1;2.57;;;;;;42;3;43.35;19.77;14.25;0.4;;0.73;;1;;1;;;;38;;30.24;16.07;13.25;0.29;;0.63;
PSY;2014;360000210;750052243;GEN;;;;;54;;;;;;10;;;429;19365;;;;;;;2958;;;;;;;;;;;;;365;;277;5;3;;3;;;;0;0;27;4;29.07;13.55;9;0.89;;1.18;0.45;3;;3;;;;24;4;26.07;11.55;8;0.89;;1.18;
PSY;2014;360000210;750052243;TOT;0;;;0;54;;;;;;10;;;429;19365;;;;;;;2958;;;;;;;;;;;;;365;;277;;3;;3;;;;;;27;4;29.07;13.55;9;0.89;;1.18;0.45;3;;3;;;;24;4;26.07;11.55;8;0.89;;1.18;
PSY;2014;370000127;370000259;GEN;;;;;80;;;;;;16;12;;678;27957;;;;;;;5403;2542;;;;;;;;;;;;573;;520;2;;3;0.3;;3;2.06;0;0;32;20;43.52;28.43;11.39;2.27;;1.42;0;;0;0;;0;0;;;;;;;;;
PSY;2014;370000127;370000259;TOT;0;;;0;80;;;;;;16;12;;678;27957;;;;;;;5403;2542;;;;;;;;;;;;573;;520;2;;3;0.3;;3;2.06;;;32;20;43.52;28.43;11.39;2.27;;1.42;0;;0;0;;0;0;;;;;;;;;
PSY;2014;370000143;370000291;GEN;;;;;50;;;;;;12;;;483;19358;;;;;;;4419;;;;;;;;;;;;;430;;385;2;3;;;;1;;0;1;23;7;27.03;17.33;5;0.5;;;1;3;;;;1;;22;4;25.33;16.33;5;0;;;1
PSY;2014;370000143;370000291;TOT;0;;;0;50;;;;;;12;;;483;19358;;;;;;;4419;;;;;;;;;;;;;430;;385;2;3;;;;1;;;;23;7;27.03;17.33;5;0.5;;;1;3;;;;1;;22;4;25.33;16.33;5;0;;;1
PSY;2014;370000499;370000481;INF;;1;;;;;;;;;;;;;;;;;;;;;;;1;;;18231;;402;;2052;157;;1607;1550;;;;;;;;;;;;;;;;;;;;;;;;;;;;;;;;;;
PSY;2014;370000499;370000481;TOT;1;;;0;;;;;;;;;;;;;;;;;;;;;1;;;18231;;402;;2052;157;;1607;1550;;;;;;;;;;;;;;;;;;;;;;;;;;;;;;;;;;
PSY;2014;370000531;370000606;GEN;;1;;;45;0;3;0;0;0;30;2;1;642;11186;0;545;0;0;0;0;4568;710;1754;3;1;1;9247;2299;752;68;91;0;;948;833;274;108;5;;3.8;;1;0.6;;1;75;4;78.06;64.49;3;2;;;;5;;3.8;;1;0.6;79;4;78.06;64.49;3;2;;;
PSY;2014;370000531;370000606;INF;;1;;;19;0;;;0;0;50;1;0;107;4052;0;;;0;0;0;9577;54;0;2;3;1;19688;499;28;7;0;0;;1572;1494;58;54;6;2;7.4;1;1;1.18;;1;62;16;;21.28;31.14;10.83;;3.8;9.74;6;2;7.4;1;1;1.18;62;16;72.59;21.28;31.14;10.83;;3.8;9.74
PSY;2014;370000531;370000606;TOT;1;;2;0;64;0;3;0;0;0;80;3;1;749;15238;0;545;0;0;0;0;14145;764;1754;5;4;2;28935;2798;780;75;91;0;;2251;2004;317;151;11;2;11.2;1;1;1.78;;;137;20;78.06;85.77;34.14;12.83;;3.8;9.74;11;2;11.2;1;2;1.78;141;20;150.65;85.77;34.14;12.83;;3.8;9.74
PSY;2014;370000580;370000564;GEN;;1;;;50;;;;;;15;;;314;16276;;;;;;;3118;;;4;2;1;5251;1042;322;167;199;;;984;759;219;69;3;1;3.6;;;;0;1;54;9;56.61;38.1;14.33;2.52;;0.21;1.45;;;;;;;;;;;;;;;
PSY;2014;370000580;370000564;TOT;1;;1;0;50;;;;;;15;;;314;16276;;;;;;;3118;;;4;2;1;5251;1042;322;167;199;;;984;759;219;69;3;1;3.6;;;;;;54;9;56.61;38.1;14.33;2.52;;0.21;1.45;;;;;;;;;;;;;;;
PSY;2014;370000861;370000481;GEN;;1;;;54;2;;;;;41;;;606;18621;652;;;;;82;7404;0;;1;;;10598;;1425;365;7;;;991;657;330;9;11;;9.4;;;;0;0;117;38;143.03;106.61;0.33;2.94;;1.5;3.78;;;;;;;50;14;60.55;48.05;0.11;1;;0;1.08
PSY;2014;370000861;370000481;INF;;1;;;;;;;;;34;;;;;;;;;;;3087;;;;;;;;;;;;;82;;;;9;3;7.6;;;;0;0;28;18;44.54;15.38;0;4.71;;5.77;9.09;;;;;;;;;;;;;;;
PSY;2014;370000861;370000481;TOT;1;;;0;54;2;;;;;75;;;606;18621;652;;;;;82;10491;0;;1;;;10598;;1425;365;7;;;1073;657;330;9;;;17;;;;;;145;56;187.57;121.99;0.33;7.65;;7.27;12.87;;;;;;;50;14;60.55;48.05;0.11;1;;0;1.08
PSY;2014;370000879;370000564;GEN;;0;;;;;;;;;15;;;;;;;;;;;2440;;;;;;;;;;;;;40;;;;;;;;;;0;1;;;;;;;;;;;;;;;;;;;;;;;;
PSY;2014;370000879;370000564;INF;;1;;;;;;;;;;;;;;;;;;;;;;;;5;1;23962;1822;2;26;1003;1167;;1873;1873;;;4;;4;;;;0;1;18;4;20.56;3;0;8.22;;6.76;2.58;;;;;;;;;;;;;;;
PSY;2014;370000879;370000564;TOT;1;;0;0;;;;;;;15;;;;;;;;;;;2440;;;;5;1;23962;1822;2;26;1003;1167;;1913;1873;;;4;;4;;;;;;18;4;20.56;3;0;8.22;;6.76;2.58;;;;;;;;;;;;;;;
PSY;2014;370000903;370000614;GEN;;1;;;;;;;;;15;;1;;;;;;;;;2848;;738;1;1;1;6895;118;1040;;208;;;1081;1020;;;2;;2;1;;1;0;0;12;3;14.32;9.54;;2;;;1;;;;;;;;;;;;;;;
PSY;2014;370000903;370000614;TOT;1;;;0;;;;;;;15;;1;;;;;;;;;2848;;738;1;1;1;6895;118;1040;;208;;;1081;;;;2;;2;1;;1;;;12;3;14.32;9.54;;2;;;1;;;;;;;;;;;;;;;
PSY;2014;370004467;370000481;GEN;;2;;;114;;;;;;60;;;1096;38795;;;;;;132;12052;;;1;;;17252;5476;10023;71;331;;;2311;1554;682;20;10;3;12;;;;1;1;4;0;3.45;0.45;;2;;;;;;;;;;;;;;;;;;
PSY;2014;370004467;370000481;TOT;1;;;1;114;;;;;;60;;;1096;38795;;;;;;132;12052;;;1;;;17252;5476;10023;71;331;;;2311;1554;682;20;10;3;12;;;;;;4;;3.45;0.45;;2;;;;;;;;;;;;;;;;;;
PSY;2014;370005050;370000481;GEN;;1;;;48;;;;;;;;;963;15059;;;;;;;;;;1;;;7049;;2054;63;1595;;;1993;1243;579;3;15;1;11.98;;;;0;0;49;6;55.35;43;;1.55;;0.8;;;;;;;;151;37;174.7;117.59;9.8;4.85;;0.2;
PSY;2014;370005050;370000481;INF;;;;;12;;;;;;;;;230;2952;;;;;;;;;;;;;444;;;;;;;290;192;171;;;;;;;;0;0;;;;;;;;;;;;;;;;17;8;23.2;18.08;;0.62;;0.5;
PSY;2014;370005050;370000481;TOT;1;;1;0;60;;;;;;;;;1193;18011;;;;;;;;;;1;;;7493;;2054;63;1595;;;2283;;;;15;1;11.98;;;;;;49;6;55.35;43;;1.55;;0.8;;;;;;;;168;45;197.9;135.67;9.8;5.47;;0.7;
PSY;2014;370013062;;GEN;;;;;135;;;;;;;;;1249;49618;;;;;;;;;;;;;;;;;;;;1045;;1045;;;7;3.5;;1;0.4;0;1;71;39;97.47;46.26;11.65;0.71;;2;;;;;;;;;;;;;;;;
PSY;2014;370013062;;TOT;0;;;0;135;;;;;;;;;1249;49618;;;;;;;;;;;;;;;;;;;;1045;;;;;7;3.5;;1;0.4;;;71;39;97.47;46.26;11.65;0.71;;2;;;;;;;;;;;;;;;;
PSY;2014;380000034;380780049;INF;;;;;10;;;;;;;;;106;2737;;;;;;;;;;;;;;;;;;;;72;;;;2;2;5.74;;1;0.03;;;52;45;83.47;21.86;8.97;22.25;;11.57;16.61;;;0.99;;1;0.03;15;10;23.56;10.19;8.97;1.07;;0.17;3.16
PSY;2014;380000034;380780049;TOT;0;;;0;10;;;;;;;;;106;2737;;;;;;;;;;;;;;;;;;;;72;;;;2;2;5.74;;1;0.03;;;52;45;83.47;21.86;8.97;22.25;;11.57;16.61;;;0.99;;1;0.03;15;10;23.56;10.19;8.97;1.07;;0.17;3.16
PSY;2014;380000067;380780080;GEN;;1;;;44;;;;;;5;1;;458;13960;;;;;;;812;25;;;2;1;10318;1312;383;79;2619;;;2570;2181;228;2;10;3;8.02;;;;0;1;44;29;65.76;47.97;7.62;5.76;;1.53;2.88;6;;3.58;;;;31;19;46.55;35.96;6.96;1;;0.97;1.67
PSY;2014;380000067;380780080;INF;;1;;;10;;;;;;1;1;;87;1841;;;;;;;239;10;;;;;1666;;;13;1;;;683;624;55;1;3;1;3.3;;1;0.1;0;0;17;10;22.59;12.92;4.05;1.36;;1;0.26;3;;2.5;;;;17;8;21.66;12.65;4.05;0.7;;1;0.26
PSY;2014;380000067;380780080;TOT;1;;0;0;54;;;;;;6;2;;545;15801;;;;;;;1051;35;;;2;1;11984;1312;383;92;2620;;;3252;2804;283;3;13;4;11.32;;1;0.1;;;61;39;88.35;60.89;11.67;7.12;;2.53;3.14;9;;6.08;;;;48;27;68.21;48.61;11.01;1.7;;1.97;1.93
PSY;2014;380000133;380780247;GEN;;9;;;337;16;;;;;97;12;;3309;113456;5318;;;;;149;14013;372;;5;30;16;127436;7751;6456;7487;7972;13;;12391;9895;2197;61;45;17;48.75;7;5;7.16;;;599;192;720.69;444.02;95.19;46.95;;7.53;33.05;30;10;21.88;7;2;4.43;396;89;453.96;269.12;87.94;7.29;;0.5;13.24
PSY;2014;380000133;380780247;INF;;4;;;10;2;;;;;94;1;;165;2853;10;;;;;59;16578;170;;3;25;16;69766;16417;970;2018;97;411;;6032;5779;67;0;11;20;22.73;1;1;2.22;;;188;110;265.06;91.55;17.47;46;;45.99;41.92;0;1;0.85;0;1;0.64;40;14;50.84;27.09;10.9;0.93;;0.25;3.02
PSY;2014;380000133;380780247;PEN;;;;;0;;;;;;22;;;0;0;;;;;;;4362;;;0;1;0;;0;8949;;;;;934;874;0;0;2;1;2.95;0;0;0;;;12;3;12.91;8.96;0;3.11;;0;0.84;2;1;2.95;0;0;0;0;0;0;0;0;0;;0;0
PSY;2014;380000133;380780247;TOT;1;;6;1;347;18;;;;;213;13;;3474;116309;5328;;;;;208;34953;542;;8;56;32;197202;24168;16375;9505;8069;424;;19046;14657;2247;61;56;36;74.43;8;6;9.38;;;799;305;998.66;544.53;112.66;96.06;;53.52;75.81;32;12;25.68;7;3;5.07;436;103;504.8;296.21;98.84;8.22;;0.75;16.26
PSY;2014;380000174;380781435;GEN;;2;;;50;3;0;0;0;0;15;0;0;353;16698;1073;0;;;;;2949;0;;2;8;1;14404;2638;1570;1257;199;3;;1681;1398;250;20;9;1;11.07;;;;0;1;80;48;112.37;66.26;7.03;8.84;;1;4.92;8;0;6.28;;;;52;28;70.76;41.52;7.03;2.15;;1;1.4
PSY;2014;380000174;380781435;INF;;1;;;15;;;;0;0;12;0;0;43;905;;;;;;;2185;0;;1;5;0;8130;;255;434;328;419;;949;902;26;;3;0;4.35;;;;0;;33;23;46.76;14.16;;5.98;;4.95;11.07;2;;1.85;;;;23;3;21.88;10.5;;1;;0.85;5.01
PSY;2014;380000174;380781435;TOT;1;;5;0;65;3;0;0;0;0;27;0;0;396;17603;1073;0;;;;;5134;0;;3;13;1;22534;2638;1825;1691;527;422;;2615;2289;276;20;12;1;15.42;;;;;;113;71;159.13;80.42;7.03;14.82;;5.95;15.99;10;;8.13;;;;75;31;92.64;52.02;7.03;3.15;;1.85;6.41
PSY;2014;380780296;920019718;GEN;;;;;96;0;0;0;0;0;0;0;0;1280;34425;0;0;0;0;0;0;0;0;0;0;0;0;0;0;0;0;0;0;;1037;0;1037;0;0;5;3.9;0;2;0.78;0;1;30;19;44.1;33.71;7.21;0.62;;0;2.6;0;5;3.9;0;2;0.78;30;19;44.1;33.71;7.21;0.62;;0;2.6
PSY;2014;380780296;920019718;TOT;0;;;0;96;0;0;0;0;0;0;0;0;1280;34425;0;0;0;0;0;0;0;0;0;0;0;0;0;0;0;0;0;0;;1037;0;1037;0;0;5;3.9;0;2;0.78;;;30;19;44.1;33.71;7.21;0.62;;0;2.6;0;5;3.9;0;2;0.78;30;19;44.1;33.71;7.21;0.62;;0;2.6
PSY;2014;380780312;750720575;GEN;;;;;100;;;;;;20;;;499;29036;;;;;;;5190;;;;;;;;;;230;;;364;46;246;19;6;2;7.2;;;;;;36;39;60.85;50.84;4.36;2.65;;1.8;1.2;;;;;;;;;;;;;;;
PSY;2014;380780312;750720575;TOT;0;;;0;100;;;;;;20;;;499;29036;;;;;;;5190;;;;;;;;;;230;;;364;;;;6;2;7.2;;;;;;36;39;60.85;50.84;4.36;2.65;;1.8;1.2;;;;;;;;;;;;;;;
PSY;2014;380784462;750005068;GEN;;;;;;;;;;;24;;;;;;;;;;;9577;;;;;;;;;;;;;377;;;;1;3;2;;;;0;0;3;8;8.48;4.53;;1.48;;1.97;0.5;;;;;;;;;;;;;;;
PSY;2014;380784462;750005068;TOT;0;;;0;;;;;;;24;;;;;;;;;;;9577;;;;;;;;;;;;;377;;;;1;3;2;;;;;;3;8;8.48;4.53;;1.48;;1.97;0.5;;;;;;;;;;;;;;;
PSY;2014;380784736;380780049;INF;;;;;;;;;;;24;;2;;;;;;;;;3892;;31;9;;2;26980;2344;;;;;;2204;2204;;;2;3;3.5;;;;0;0;;;;;;;;;;;;;;;;;;;;;;;;
PSY;2014;380784736;380780049;TOT;0;;;0;;;;;;;24;;2;;;;;;;;;3892;;31;9;;2;26980;2344;;;;;;2204;2204;;;2;3;3.5;;;;;;;;;;;;;;;;;;;;;;;;;;;;;
PSY;2014;380794297;;GEN;;3;;;100;6;16;;;;45;2;;1974;32701;1277;4193;;;;;8800;0;;;8;3;31764;865;1047;724;2247;1;;4376;4257;706;182;12;4;17.01;1;5;2.88;0;0;157;92;218.97;133;33.57;13.42;;2.2;8.78;4;1;3.88;1;5;2.88;84;50;100.91;48.83;18.16;1.72;;0.83;0.33
PSY;2014;380794297;;TOT;1;;0;0;100;6;16;;;;45;2;;1974;32701;1277;4193;;;;;8800;0;;;8;3;31764;865;1047;724;2247;1;;4376;;;;12;4;17.01;1;5;2.88;;;157;92;218.97;133;33.57;13.42;;2.2;8.78;4;1;3.88;1;5;2.88;84;50;100.91;48.83;18.16;1.72;;0.83;0.33
PSY;2014;380795773;380795765;GEN;;;;;;;;;;;;;;;;;;;;;;;;;;1;;4666;;;;;;;;219;;;;1;0.02;;;;0;0;;8;2.55;;;2.05;;;0.5;;;;;;;;;;;;;;;
PSY;2014;380795773;380795765;PEN;;;;;;;;;;;;;;;;;;;;;;;;;;1;;;;;;;;;;;;;;;;;;;;;;;;;;;;;;;;;;;;;;;;;;;;
PSY;2014;380795773;380795765;TOT;0;;;0;;;;;;;;;;;;;;;;;;;;;;2;;4666;;;;;;;;219;;;;1;0.02;;;;;;;8;2.55;;;2.05;;;0.5;;;;;;;;;;;;;;;
PSY;2014;390000164;390780476;GEN;;4;;;225;;8;40;10;0;99;2;2;1997;74519;;1129;10054;2458;;49;22247;9;1582;3;16;8;31147;3055;5234;1502;2246;0;;6702;4459;1146;81;7;;4.6;;;;;;305;140;405.38;295.25;45;11.26;;;8.5;3;;1.9;;;;250;113;329.78;234.49;42.39;4.3;;;4.7
PSY;2014;390000164;390780476;INF;;2;;;11;;;;;;71;;0;149;2931;;;;;;54;6553;0;0;0;11;8;26925;2405;62;38;339;190;;2405;2088;68;1;3;2;2.8;;;;;;94;31;115.07;75.03;;10.75;;6.9;7.41;;1;0.8;;;;33;3;32.85;24.48;;2.4;;0.1;2.97
PSY;2014;390000164;390780476;PEN;;;;;;;;;;;;;0;0;0;;;;;;;0;;0;0;0;0;;0;362;;;;0;143;124;0;0;;;;;;;;;;;;;;;;;;;;;;;;;;;;;;;;
PSY;2014;390000164;390780476;TOT;1;;1;1;236;;8;40;10;0;170;2;2;2146;77450;;1129;10054;2458;;103;28800;9;1582;3;27;16;58072;5460;5658;1540;2585;190;0;9050;6513;1210;82;10;2;7.4;;;;;;399;171;520.45;370.28;45;22.01;;6.9;15.91;3;1;2.7;;;;283;116;362.63;258.97;42.39;6.7;;0.1;7.67
PSY;2014;400000105;400780193;GEN;;1;;;15;;;;;;16;;;309;4845;;;;;;;1572;;;3;3;;17582;;2552;;5027;;;2960;2648;186;;2;7;6.72;;2;0.63;0;1;45;16;55.74;33.66;8.21;2.5;;2.64;0.5;;2;0.7;;;;24;4;28.15;15.75;7.21;;;;
PSY;2014;400000105;400780193;INF;;;;;;;;;;5;23;;;;;;;;;3318;;3113;;;3;2;1;10217;2414;377;5239;99;43;;1708;1666;;;;4;3.77;;1;0.1;0;1;37;10;43.23;14.7;;6.13;;7.59;8.36;;;;;;;;;;;;;;;
PSY;2014;400000105;400780193;PEN;;;;;;;;;;;;;;;;;;;;;;;;;;;;;;28;;;;;18;18;;;;;;;;;;;;;;;;;;;;;;;;;;;;;;;;;;
PSY;2014;400000105;400780193;TOT;1;;;0;15;;;;;5;39;;;309;4845;;;;;3318;;4685;;;6;5;1;27799;2414;2957;5239;5126;43;;4583;4280;186;;2;11;10.49;;3;0.73;;;82;26;98.97;48.36;8.21;8.63;;10.23;8.86;;2;0.7;;;;24;4;28.15;15.75;7.21;;;;
PSY;2014;400000113;400011177;GEN;;3;;;205;;16;;;;36;3;3;1402;67339;;4479;;;;;7917;298;5482;26;6;3;28441;16;6698;1339;5845;0;;4995;3542;1106;75;11;1;11.6;3;;3;0;1;342;52;374.31;198.79;114.76;5.45;;0.8;6.56;11;1;11.6;;;;256;49;281.51;134.01;108.95;0.5;;0;4.83
PSY;2014;400000113;400011177;INF;;1;;;10;;;;;;27;;3;241;3138;;;;;;;5534;;5848;3;4;3;15831;127;970;305;554;1506;;2299;1881;60;;1;3;3;;;;0;0;54;10;59.53;21.79;1;10.85;;4.39;15.33;;;;;;;0;0;0;0;0;0;;0;0
PSY;2014;400000113;400011177;PEN;;;;;;;;;;;;;;;;;;;;;;;;;;1;;;;;;;;6605;708;651;;;1;1;1.75;1;5;4.1;;;0;0;0;0;0;0;;0;0;;;;;;;0;0;0;0;0;0;;0;0
PSY;2014;400000113;400011177;TOT;1;;13;1;215;;16;;;;63;3;6;1643;70477;;4479;;;;;13451;298;11330;29;11;6;44272;143;7668;1644;6399;1506;6605;7830;6007;1823;75;13;5;16.35;4;5;7.1;;;396;62;433.84;220.58;115.76;16.3;;5.19;21.89;11;1;11.6;;;;256;49;281.51;134.01;108.95;0.5;;0;4.83
PSY;2014;400780367;750720575;INF;;;;;65;;;;;;5;5;;373;11937;;;;;;;2277;13;;;1;1;258;41;;;;;;191;45;109;0;4;0;3.33;;;;0;0;;;;;;;;;;;;;;;;;;;;;;;;
PSY;2014;400780367;750720575;TOT;0;;;0;65;;;;;;5;5;;373;11937;;;;;;;2277;13;;;1;1;258;41;;;;;;191;45;109;0;4;0;3.33;;;;;;;;;;;;;;;;;;;;;;;;;;;;;
PSY;2014;400780375;400013801;GEN;;;;;41;;;;;;;;;592;14613;;;;;;;;;;;;;;;;;;;;374;;374;0;;2;1;;2;0.4;0;0;14;10;17.21;11.31;4;0.34;;1.42;0.14;;;;;;;;;;;;;;;
PSY;2014;400780375;400013801;TOT;0;;;0;41;;;;;;;;;592;14613;;;;;;;;;;;;;;;;;;;;374;;;;;2;1;;2;0.4;;;14;10;17.21;11.31;4;0.34;;1.42;0.14;;;;;;;;;;;;;;;
PSY;2014;410000020;410000087;GEN;;1;;;77;2;;;;;20;5;1;642;18610;548;;;;;20;1528;105;379;;1;1;14281;4936;2867;170;3025;0;;2983;2656;327;27;3;2;4.16;0;0;0;1;1;99;30;120.9;69.46;21.5;5.37;;1.44;3.3;0;2;1.65;0;0;0;91;30;112.29;63.03;20.5;4.69;;1.44;2.8
PSY;2014;410000020;410000087;INF;;1;;;4;1;;;;;;;;472;472;23;;;;;18;;;;;1;1;12069;1586;61;4;4145;7;;911;859;52;0;3;3;4.7;0;0;0;1;1;28;20;41.24;12.1;1.75;7.15;;4.7;7.16;0;2;0.85;0;0;0;2;6;5.7;0.3;1;1.5;;0;1.9
PSY;2014;410000020;410000087;PEN;;;;;;;;;;;;;;;;;;;;;;;;;;;;;;;;;;1816;252;252;;0;0;1;0.15;0;0;0;;;2;6;4.46;3.46;0;0.42;;0;0;0;0;0;0;0;0;0;0;0;0;0;0;;0;0
PSY;2014;410000020;410000087;TOT;1;;;1;81;3;;;;;20;5;1;1114;19082;571;;;;;38;1528;105;379;;2;2;26350;6522;2928;174;7170;7;1816;3881;3515;379;27;6;6;9.01;0;0;0;;;129;56;166.6;85.02;23.25;12.94;;6.14;10.46;0;4;2.5;0;0;0;93;36;117.99;63.33;21.5;6.19;;1.44;4.7
PSY;2014;410000046;410000103;GEN;;1;;;64;14;0;0;0;0;45;0;0;668;22496;3337;0;0;0;0;150;8495;0;0;2;2;1;8177;2866;2114;805;112;0;;1608;1126;444;20;4;;3.14;;;0;;1;83;6;89.62;57.71;16.18;1;;1;1;2;;2;;;0;50;3;54.38;35.44;14.9;0;;0;0
PSY;2014;410000046;410000103;INF;;1;;;0;0;;;0;0;25;0;0;29;0;0;;;0;0;24;1917;0;0;4;2;6;4867;1106;0;20;32;40;;722;598;6;0;2;;2;;;0;;1;17;4;18.41;9.72;;3.8;;1.88;3;;;;;;0;;;;;;;;;
PSY;2014;410000046;410000103;TOT;1;;0;0;64;14;0;0;0;0;70;0;0;697;22496;3337;0;0;0;0;174;10412;0;0;6;4;7;13044;3972;2114;825;144;40;;2327;1724;450;50;6;;5.14;;;0;;;100;10;108.03;67.43;16.18;4.8;;2.88;4;2;;2;;;0;50;3;54.38;35.44;14.9;0;;0;0
PSY;2014;410000277;410000467;GEN;;;;;107;;;;;;30;;;181;38696;;;;;;;12875;;;;;;;;;;;;;411;135;276;95;;;;;;;;;;;;;;;;;;;;;;;;;;;;;;;;
PSY;2014;410000277;410000467;TOT;0;;;0;107;;;;;;30;;;181;38696;;;;;;;12875;;;;;;;;;;;;;411;135;276;95;;;;;;;;;;;;;;;;;;;;;;;;;;;;;;;;
PSY;2014;410000285;410000475;GEN;;;;;42;;;;;;10;3;;371;12715;;;;;;;3985;172;;;;;;;;;;;;104;8;96;;3;;3;;2;1.34;1;0;27;17;38.07;19.88;8.43;1.11;;0.32;8.33;;;;;;;;;;;;;;;
PSY;2014;410000285;410000475;INF;;;;;15;;;;;;;;;276;6774;;;;;;;;;;;;;;;;;;;;61;;61;;;;;;;;;;;;;;;;;;;;;;;;;;;;;;;;;
PSY;2014;410000285;410000475;TOT;0;;;0;57;;;;;;10;3;;647;19489;;;;;;;3985;172;;;;;;;;;;;;165;8;157;;3;;3;;2;1.34;;;27;17;38.07;19.88;8.43;1.11;;0.32;8.33;;;;;;;;;;;;;;;
PSY;2014;410000293;410000491;GEN;;;;;101;;;;;;20;10;;737;34905;;;;;;;6960;13;;;;;;;;;;;;217;;;;3;3;4.58;;2;0.94;1;1;70;11;72.33;36.13;11.13;0;;0;2.8;;;;;;;;;;;;;;;
PSY;2014;410000293;410000491;TOT;0;;;0;101;;;;;;20;10;;737;34905;;;;;;;6960;13;;;;;;;;;;;;217;;;;3;3;4.58;;2;0.94;;;70;11;72.33;36.13;11.13;0;;0;2.8;;;;;;;;;;;;;;;
PSY;2014;410003768;410000095;GEN;;1;;;40;0;0;0;0;0;20;1;0;410;11461;0;0;0;0;0;0;3537;98;0;0;1;4;1692;3771;1502;114;285;0;;1046;683;274;5;3;0;2.83;;;;0;1;48;5;53.32;34.79;7.06;1.7;;0.8;2;;;;;;;;;;;;;;;
PSY;2014;410003768;410000095;TOT;1;;0;0;40;0;0;0;0;0;20;1;0;410;11461;0;0;0;0;0;0;3537;98;0;0;1;4;1692;3771;1502;114;285;0;;1046;683;274;5;3;;2.83;;;;;;48;5;53.32;34.79;7.06;1.7;;0.8;2;;;;;;;;;;;;;;;
PSY;2014;420000010;420780033;GEN;;2;;;52;3;;;;;40;;;920;15226;685;;;;;;6885;;;;1;1;22760;2989;2676;16;263;0;;3742;3067;595;0;7;3;7.43;;1;1.25;0;1;95;23;108.84;67.35;11.35;9.37;;2.74;3.6;7;2;4.68;;1;0.87;60;13;63.32;37.39;11.35;1.05;;1.24;1.4
PSY;2014;420000010;420780033;INF;;1;;;;;;;;;16;;;;;;;;;;;2845;;;2;1;2;11043;3004;401;25;1811;3;;1296;1279;;;4;2;3.4;;0;0.83;0;1;35;16;45.95;19.16;0.52;8.19;;5.5;9.93;;;;;;;;;;;;;;;
PSY;2014;420000010;420780033;PEN;;;;;;;;;;;;;;;;;;;;;;;;;;1;;;;;;;;;166;166;;;2;2;0.88;;;;;;5;1;;;;3.75;;;;;;;;;;5;1;;;;3.75;;;
PSY;2014;420000010;420780033;TOT;1;;3;1;52;3;;;;;56;;;920;15226;685;;;;;;9730;;;2;3;3;33803;5993;3077;41;2074;3;;5168;4488;595;0;13;7;11.71;;1;2.08;;;135;40;154.79;86.51;11.87;21.31;;8.24;13.53;7;2;4.68;;1;0.87;65;14;63.32;37.39;11.35;4.8;;1.24;1.4
PSY;2014;420002669;420784878;GEN;;4;;;;;8;;;;45;;;;;;2033;;;;;7080;;;1;5;4;21915;8650;;;;;;3867;3671;;;12;5;4.48;1;;0.6;0;0;54;25;68.67;49.79;0;3.73;;0.38;2.13;;;;;;;;;;;;;;;
PSY;2014;420002669;420784878;INF;;2;;;;;;;;;;;;;;;;;;;;;;;;3;2;10283;2982;;;;;;1100;1100;;;6;;3.25;;1;0.5;0;0;24;5;25.37;13.93;0;4.02;;1.42;2;;;;;;;;;;;;;;;
PSY;2014;420002669;420784878;TOT;1;;;0;;;8;;;;45;;;;;;2033;;;;;7080;;;1;8;6;32198;11632;;;;;;4967;;;;18;5;7.73;1;1;1.1;;;78;30;94.04;63.72;0;7.75;;1.8;4.13;;;;;;;;;;;;;;;
PSY;2014;420012320;420013831;GEN;;2;;;34;;9;;;;20;;;509;12536;;2356;;;;;3949;;;1;2;2;10528;3818;;;;;;2224;1769;418;0;;;7.27;;;0.5;0;1;;;105.51;72.07;0.56;8.44;;0;2.98;;;;;;;;;;;;;;;
PSY;2014;420012320;420013831;INF;;1;;;;;;;;;12;;;;;;;;;;;2371;;;;2;2;4189;6938;;;;;;1462;1281;0;0;;;1.5;;;1;0;0;;;21.94;6.96;0.46;4.91;;1;4.99;;;;;;;;;;;;;;;
PSY;2014;420012320;420013831;TOT;1;;0;0;34;;9;;;;32;;;509;12536;;2356;;;;;6320;;;1;4;4;14717;10756;;;;;;3681;3535;418;;;;8.77;;;1.5;;;;;127.45;79.03;1.02;13.35;;1;7.97;;;;;;;;;;;;;;;
PSY;2014;420781767;420000523;GEN;;;;;68;;;;;;;;;;23868;;;;;;;;;;;;;;;;;;;;576;;;;4;;4;;1;0.2;;;;;;;;;;;;;;;;;;;;;;;;;;
PSY;2014;420781767;420000523;TOT;0;;;0;68;;;;;;;;;;23868;;;;;;;;;;;;;;;;;;;;576;;;;4;;4;;1;0.2;;;;;;;;;;;;;;;;;;;;;;;;;;
PSY;2014;420782559;420784878;GEN;;2;;;77;;;;;;52;0;;693;23677;;;;;;;4660;0;;0;4;;19895;;;;;;;1795;1267;386;;9;6;4.56;2;1;2.38;0;0;116;40;137.22;99.93;3.75;1.76;;1.96;3.83;7;5;3.11;2;1;2.38;97;26;110.91;81.16;1.18;1.6;;1.08;2.07
PSY;2014;420782559;420784878;INF;;1;;;;3;;;;;27;;;;;411;;;;;;4664;;;0;2;;3088;;;;;;;745;672;;;9;;3.56;;;;;;31;12;31.67;9.26;0;5.55;;1.71;6.68;;;;;;;;;;;;;;;
PSY;2014;420782559;420784878;TOT;1;;1;0;77;3;;;;;79;0;;693;23677;411;;;;;;9324;0;;0;6;;22983;;;;;;;2540;;;;18;6;8.12;2;1;2.38;;;147;52;168.89;109.19;3.75;7.31;;3.67;10.51;7;5;3.11;2;1;2.38;97;26;110.91;81.16;1.18;1.6;;1.08;2.07
PSY;2014;420782567;420784878;GEN;;1;;;;;;;;;43;;;;;;;;;;;6425;;;;2;1;27054;1914;135;;;;;3627;3528;;;6;5;3.8;;;;0;0;;;;;;;;;;;;;;;;;;;;;;;;
PSY;2014;420782567;420784878;INF;;0;;;;;;;;;;;;;;;;;;;;;;;;;;;;;;;;;;;;;;;;;;;;;48;13;49.07;31.49;0;9.39;;0;1;;;;;;;;;;;;;;;
PSY;2014;420782567;420784878;TOT;1;;;0;;;;;;;43;;;;;;;;;;;6425;;;;2;1;27054;1914;135;;;;;3627;3528;;;6;5;3.8;;;;;;48;13;49.07;31.49;0;9.39;;0;1;;;;;;;;;;;;;;;
PSY;2014;420783102;420000929;GEN;;;;;;;;42;;;;;;;;;;14858;;;;;;;;;;;;;;;;;328;;;;;2;0.7;1;;1;0;0;5;10;9.84;6.6;2;0.3;;0.9;0.04;;;;;;;;;;;;;;;
PSY;2014;420783102;420000929;TOT;0;;;0;;;;42;;;;;;;;;;14858;;;;;;;;;;;;;;;;;328;;;;;2;0.7;1;;1;;;5;10;9.84;6.6;2;0.3;;0.9;0.04;;;;;;;;;;;;;;;
PSY;2014;420785354;420784878;GEN;;4;;;116;14;0;0;0;0;1;0;;1787;37634;3983;;;;;;202;0;0;1;5;;13564;0;;;;;;4726;3763;926;;22;6;12.77;3;1;2.7;1;1;;;;;;;;;;18;2;6.9;2;1;2.2;153;49;172.15;118.82;1.33;2.79;;0.97;4.3
PSY;2014;420785354;420784878;INF;;2;;;18;;;;;;20;1;;175;3850;;;;;;;2283;;;;3;1;871;3414;0;;;;;375;225;62;;3;1;2.83;1;1;1.05;0;1;210;76;226.09;157.96;1.65;4.04;;0.97;6.08;1;;0.7;;1;0.2;25;3;23.89;16.18;0.07;1.09;;0;0
PSY;2014;420785354;420784878;PEN;;;;;;;;;;;;;;;;;;;;;;;;;;;;;;;;;;;;;;;;1;0.42;;;;;;114;24;85.64;56.85;0.13;4.15;;3.15;2.32;;;;;;;;;;;;;;;
PSY;2014;420785354;420784878;TOT;1;;1;1;134;14;0;0;0;0;21;1;;1962;41484;3983;;;;;;2485;0;0;1;8;1;14435;3414;0;;;;;5101;3988;988;;25;8;16.02;4;2;3.75;;;324;100;311.73;214.81;1.78;8.19;;4.12;8.4;19;2;7.6;2;2;2.4;178;52;196.04;135;1.4;3.88;;0.97;4.3
PSY;2014;420788440;420001794;GEN;;;;;96;;;;;;15;10;;;34549;;;;;;;4304;2497;;;;;;;;;;;;747;;;;;;;;1;0.3;0;0;;;;;;;;;;;;;;;;;;;;;;;;
PSY;2014;420788440;420001794;TOT;0;;;0;96;;;;;;15;10;;;34549;;;;;;;4304;2497;;;;;;;;;;;;747;;;;;;;;1;0.3;;;;;;;;;;;;;;;;;;;;;;;;;;
PSY;2014;420790081;750056335;GEN;;;;;79;;;;;;;;;974;27839;;;;;;;;;;;;;;;;;;;;822;;822;;1;4;3;;;;0;1;28;31;45.84;13.85;22.45;0.4;;;0.5;;;;;;;;;;;;;;;
PSY;2014;420790081;750056335;TOT;0;;;0;79;;;;;;;;;974;27839;;;;;;;;;;;;;;;;;;;;822;;822;;1;4;3;;;;;;28;31;45.84;13.85;22.45;0.4;;;0.5;;;;;;;;;;;;;;;
PSY;2014;430000026;630786754;GEN;;4;;;223;;;;;;138;;;2024;77403;;;;;;;22368;0;;0;4;5;22571;4582;11847;1771;2090;;;5602;5364;1340;51;13;8;14.96;5;5;7.28;;;374;107;446.27;274.61;103.29;10.87;;4.89;13.05;;;;;;;;;;180.06;93.66;;;;
PSY;2014;430000026;630786754;INF;;1;;;8;;;;;;45;;;517;2438;;;;;;;5388;;;2;3;2;11516;1087;1301;136;17;368;;1183;1173;83;;4;4;5.18;;;;;;64;25;78.38;49.27;7.83;5.66;;3.08;5.66;;;;;;;;;;12.17;4.12;;;;
PSY;2014;430000026;630786754;TOT;1;;1;1;231;;;;;;183;;;2541;79841;;;;;;;27756;0;;2;7;7;34087;5669;13148;1907;2107;368;;6596;6369;1392;51;16;12;20.14;5;5;7.28;;;434;132;524.65;323.88;111.12;16.53;;7.97;18.71;;;;;;;;;;192.23;97.78;;;;
PSY;2014;440000180;440000263;GEN;;3;;;171;106;;;;;95;6;0;2425;55470;16549;;;;;310;11996;1818;;;13;11;42039;4495;3892;2005;2194;;;6609;5707;940;56;11;11;19.1;10;0;10;0;1;362;153;478.67;293.1;61.4;13.45;;7.5;9.5;9;8;11.48;7;0;6.4;181;91;248.16;183.2;49.9;3.2;;7.5;4.3
PSY;2014;440000180;440000263;INF;;1;;;;;;;;;29;;0;;;;;;;;15;896;;;;4;4;10075;2531;39;36;33;380;;1030;966;;;5;1;5.9;0;0;0;0;0;24;27;44.34;13;0;7.7;;6;10;0;0;0;0;0;0;0;0;0;0;0;0;;0;0
PSY;2014;440000180;440000263;TOT;1;;2;0;171;106;;;;;124;6;0;2425;55470;16549;;;;;325;12892;1818;;;17;15;52114;7026;3931;2041;2227;380;;7605;6647;940;56;16;12;25;10;0;10;;;386;180;523.01;306.1;61.4;21.15;;13.5;19.5;9;8;11.48;7;0;6.4;181;91;248.16;183.2;49.9;3.2;;7.5;4.3
PSY;2014;440000800;440001246;GEN;;;;;57;;;;;;10;;;560;19723;;;;;;;3775;;;;;;;;;;;;;517;;438;29;4;;4;;3;0.6;0;1;41;6;49.7;16.86;11.68;0.99;;;;4;;;;3;;;;;;;;;;
PSY;2014;440000800;440001246;TOT;0;;;0;57;;;;;;10;;;560;19723;;;;;;;3775;;;;;;;;;;;;;517;;438;29;4;;4;;3;0.6;;;41;6;49.7;16.86;11.68;0.99;;;;4;;;;3;;;;;;;;;;
PSY;2014;440001972;440003309;GEN;;3;;;100;;;;;;80;3;;1814;30714;;;;;;92;10907;300;;;11;;37816;;5680;940;930;0;;5855;5618;904;13;20;5;21.6;4;5;5.31;0;1;165;99;235.36;168.07;20.74;9.95;;2;6.21;16;4;12.62;;;;;;;;;;;;
PSY;2014;440001972;440003309;INF;;1;;;15;18;;;;;69;;;284;1373;890;;;;;121;6089;;;;5;;23278;;467;18;0;561;;2054;2031;121;;7;5;9.7;;;;0;1;93;57;101.12;44.97;;10.18;;9.42;17.81;;1;0.1;;;;;;;;;;;;
PSY;2014;440001972;440003309;TOT;1;;2;0;115;18;;;;;149;3;;2098;32087;890;;;;;213;16996;300;;;16;;61094;;6147;958;930;561;;7887;7634;1021;;27;10;31.3;4;5;5.31;;;258;156;336.48;213.04;20.74;20.13;;11.42;24.02;16;5;12.72;;;;;;;;;;;;
PSY;2014;440003390;440001998;GEN;;;;;63;;;;;;18;5;;829;23056;;;;;;;6139;947;;;;;;;;;;;;740;;671;;4;;4;;;;;;18;18;30.95;20.2;6.9;1;;1.85;1;;;;;;;16;12;22.95;13.8;6.9;0.5;;1.1;0.65
PSY;2014;440003390;440001998;TOT;0;;;0;63;;;;;;18;5;;829;23056;;;;;;;6139;947;;;;;;;;;;;;740;;;;4;;4;;;;;;18;18;30.95;20.2;6.9;1;;1.85;1;;;;;;;16;12;22.95;13.8;6.9;0.5;;1.1;0.65
PSY;2014;440007482;;GEN;;;;;0;;;95;;;;;;;;;;28324;;;;;;;;;;;;;;;;;32;;;;2;1;2.6;;;;;;;;;;;;;;;;;;;;;;;;;;;;;
PSY;2014;440007482;;TOT;0;;;0;0;;;95;;;;;;;;;;28324;;;;;;;;;;;;;;;;;32;;;;2;1;2.6;;;;;;;;;;;;;;;;;;;;;;;;;;;;;
PSY;2014;440007607;440000057;GEN;;3;;;109;;5;;5;;26;;;2094;33356;;1234;;898;;134;3466;;;;3;3;21727;8835;5545;276;349;2;;3806;3179;1242;15;9;;4;;;;0;1;138;70;192.98;143.21;10.9;5;;2;4.32;9;;5;1;;0.5;;;;;;;;;
PSY;2014;440007607;440000057;INF;;1;;;;;;;;;30;;;;;;;;;;;3656;;;;4;1;10713;3055;604;;41;274;;1654;1654;0;0;6;;4.5;;;;0;1;26;27;42.3;14.19;;6.75;;5.35;7.4;3;;1.5;;;;;;;;;;;;
PSY;2014;440007607;440000057;TOT;1;;;0;109;;5;;5;;56;;;2094;33356;;1234;;898;;134;7122;;;;7;4;32440;11890;6149;276;390;276;;5416;4789;;;15;;8.5;;;;;;164;97;235.28;157.4;10.9;11.75;;7.35;11.72;12;;6.5;1;;0.5;;;;;;;;;
PSY;2014;440018729;;GEN;;;;;;;4;12;;;4;;;141;;;913;3909;;;;2066;;;;;;;;;;;;;70;;42;5;;2;0.74;;;;;;10;9;15.64;4.75;;1.65;;0.85;8.38;;;;;;;;;;;;;;;
PSY;2014;440018729;;INF;;5;;;;;;;;;;;;;;;;;;;;;;;3;7;;32222;;;;;;;2654;2654;;;;9;4.18;;;;;;10;38;31.78;;;14.54;;13.91;3.3;;;;;;;;;;;;;;;
PSY;2014;440018729;;TOT;1;;0;0;;;4;12;;;4;;;141;;;913;3909;;;;2066;;;3;7;;32222;;;;;;;2724;2654;42;5;;11;4.92;;;;;;20;47;47.42;4.75;;16.19;;14.76;11.68;;;;;;;;;;;;;;;
PSY;2014;440021392;440000289;GEN;;5;;;293;;;;;;138;19;;4521;83365;0;0;0;0;0;0;17486;4399;0;;;7;40433;18587;9490;970;5920;0;;11118;8362;2493;25;60;4;41.62;8;;1.85;1;1;376;130;473.1;374.1;18.87;20.58;;1.66;3.45;28;;14.52;;;;268;81;327.91;250.76;16.17;9.5;;0.17;0
PSY;2014;440021392;440000289;INF;;3;;;6;;;;;;68;;;326;1146;0;;;0;0;0;6594;0;0;;;6;15896;5434;739;83;3566;266;;3548;3094;69;0;12;;10.75;1;;0.5;0;1;54;31;73.33;37.9;0;8.3;;9.92;7.44;;;;;;;13;4;13.81;11.18;0;0.5;;0.5;0
PSY;2014;440021392;440000289;PEN;;;;;;;;;;;20;;;129;0;;;;;;;3058;;0;;;;;0;0;;;;16042;2104;2008;0;0;7;;4.1;;;;;;15;7;16.87;11.46;0;4.92;;0.5;0;4;;2.92;;;;0;0;0;0;0;0;;0;0
PSY;2014;440021392;440000289;TOT;1;;5;1;299;;;;;;226;19;;4976;84511;0;0;0;0;0;0;27138;4399;0;;;13;56329;24021;10229;1053;9486;266;16042;16576;13291;2558;25;79;4;56.47;9;;2.35;;;443;167;563.3;423.46;18.87;33.8;;12.08;10.89;32;;17.44;;;;281;85;341.72;261.94;16.17;10;;0.67;0
PSY;2014;450000062;450000104;GEN;;1;;;48;;;;;;15;;0;372;13773;;;;;;;3009;;;0;3;1;12348;2328;729;0;1787;;;2440;2091;311;5;6;2;7.12;;1;0.16;0;1;90;33;108.18;43.42;28.52;9.58;;2;7.51;;8;2.66;;1;0.16;60;19;68.2;23.09;27.52;1.62;;0;4.58
PSY;2014;450000062;450000104;INF;;1;;;;;;;;;;;;;;;;;;;;;;;0;2;1;11590;515;1;0;59;224;;1489;1489;;;1;1;1.43;;;;0;1;19;6;24.85;1.53;0;8.37;;6.08;5.06;;;;;;;;;;;;;;;
PSY;2014;450000062;450000104;TOT;1;;0;0;48;;;;;;15;;0;372;13773;;;;;;;3009;;;0;5;2;23938;2843;730;0;1846;224;;3929;3580;311;5;7;3;8.55;;1;0.16;;;109;39;133.03;44.95;28.52;17.95;;8.08;12.57;;8;2.66;;1;0.16;60;19;68.2;23.09;27.52;1.62;;0;4.58
PSY;2014;450000252;450000559;GEN;;;;;91;;;;;;;;;859;33098;;;;;;;;;;;;;;;;;;;;815;;;;1;5;4.97;;;;;;29;14;38.61;21.04;15.54;1;;;1.03;;;;;;;;;;;;;;;
PSY;2014;450000252;450000559;TOT;0;;;0;91;;;;;;;;;859;33098;;;;;;;;;;;;;;;;;;;;815;;;;1;5;4.97;;;;;;29;14;38.61;21.04;15.54;1;;;1.03;;;;;;;;;;;;;;;
PSY;2014;450000930;450002423;GEN;;7;;;212;6;29;;;;151;;;2715;65022;1370;7722;;;;211;19153;0;0;;;;85465;6284;8739;1662;603;81;;11183;10114;1597;11;31;5;28.59;4;6;5.95;0;0;482;60;512.47;348.59;56.36;15.58;;1.63;25.04;17;2;9.94;1;1;0.85;319;29;281.62;175.23;42.48;2.77;;0;10.45
PSY;2014;450000930;450002423;INF;;2;;;6;4;;;;;41;;;150;2209;1374;;;;;63;2773;0;0;;;;22806;3881;739;23;40;328;;2174;1984;96;0;7;1;6.44;1;2;1.81;0;0;107;15;117.21;65.44;6;12.66;;5;11.57;4;0;1.43;0;0;0;40;6;31.87;17.98;2.7;0.92;;0.12;2.32
PSY;2014;450000930;450002423;PEN;;;;;40;;;;;;;;;218;7016;;;;;;;0;;0;;;;;0;1525;;;;;;;177;0;3;2;3.44;0;0;0;;;81;3;74.59;36.67;25.7;1.62;;0;0.65;3;0;2.99;0;0;0;73;2;71.39;34.71;25.7;0.38;;0;0.65
PSY;2014;450000930;450002423;TOT;1;;;1;258;10;29;;;;192;;;3083;74247;2744;7722;;;;274;21926;0;0;;;;108271;10165;11003;1685;643;409;;13664;12322;1825;11;35;8;38.47;4;7;7.76;;;655;76;704.27;450.7;88.06;29.86;;6.63;37.26;24;2;14.36;1;1;0.85;429;36;384.88;227.92;70.88;4.07;;0.12;13.42
PSY;2014;450011507;;INF;;;;;;8;;;;;33;;;;;2061;;;;;;3935;;;;;;;;;;;;;52;;7;5;;2;0.97;;;;;;;;;;;;;;;;;;;;;;;;;;;;;
PSY;2014;450011507;;TOT;0;;;0;;8;;;;;33;;;;;2061;;;;;;3935;;;;;;;;;;;;;52;;7;5;;2;0.97;;;;;;;;;;;;;;;;;;;;;;;;;;;;;
PSY;2014;450018924;450015409;GEN;;;;;76;;;;;;;;;361;19894;;;;;;;;;;;;;;;;;;;;303;;;;2;;2;;;;;;23;;21.64;12.72;5.03;0.97;;;2.92;;;;;;;;;;;;;;;
PSY;2014;450018924;450015409;TOT;0;;;0;76;;;;;;;;;361;19894;;;;;;;;;;;;;;;;;;;;303;;;;2;;2;;;;;;23;;21.64;12.72;5.03;0.97;;;2.92;;;;;;;;;;;;;;;
PSY;2014;460785090;;GEN;;2;;;131;;16;;;;52;7;0;1266;40964;0;4161;0;0;0;75;9607;10;0;1;7;8;38098;11880;12859;8604;2054;0;;6172;5154;858;25;18;5;19.25;4;3;4.47;;;348;73;382.93;230.96;59.99;11.86;;2.91;15.49;;;;;;;;;;;;;;;
PSY;2014;460785090;;INF;;1;;;17;;;;;;25;2;0;458;2684;0;;;0;0;15;2646;174;0;0;5;;17841;0;31;29;6;144;;1525;1340;67;0;4;2;5.41;;;;;;69;49;98.5;46.74;2.49;9.15;;8.06;15.6;;;;;;;;;;;;;;;
PSY;2014;460785090;;TOT;1;;2;0;148;;16;;;;77;9;0;1724;43648;0;4161;0;0;0;90;12253;184;0;1;12;8;55939;11880;12890;8633;2060;144;;7644;6467;912;25;22;7;24.66;4;3;4.47;;;417;122;481.43;277.7;62.48;21.01;;10.97;31.09;;;;;;;;;;;;;;;
PSY;2014;470000423;470000316;GEN;;;;;27;;;;;;;;;606;5995;;;;;;;;;;;;;;;;;;;;533;;;;0;1;1.18;;;;0;0;22;6;30.36;11.03;7.98;1.53;;;0.74;0;1;1.18;;;;22;6;30.36;11.03;7.98;1.53;;;0.74
PSY;2014;470000423;470000316;TOT;0;;;0;27;;;;;;;;;606;5995;;;;;;;;;;;;;;;;;;;;533;;;;0;1;1.18;;;;;;18;6;30.36;11.03;7.98;1.53;;;0.74;0;1;1.18;;;;18;6;30.36;11.03;7.98;1.53;;;0.74
PSY;2014;470000563;470000381;GEN;;3;;;286;;7;;;;68;4;8;3442;94178;;1708;;;;162;16167;7;2026;12;5;3;34959;7997;12113;1620;1370;3;;5828;4194;1448;114;20;1;19.8;7;2;6.15;1;1;468;48;499.76;291.94;118.5;22.77;;4.77;19.94;18;1;9.01;5;1;3.77;344;39;360.6;184.95;115.34;7.63;;1.72;11.22
PSY;2014;470000563;470000381;INF;;1;;;17;2;;;;;59;2;0;394;3829;411;;;;;79;9750;0;;5;1;6;27585;5498;986;88;114;2547;;2888;2670;126;2;5;;5.07;2;;0.64;1;1;88;24;107.19;41.1;3;17.64;;6.9;32.54;1;;0.3;;;;11;4;11.72;5.75;;0.4;;0.11;4.38
PSY;2014;470000563;470000381;PEN;;;;;;;;;;;;;;;;;;;;;;;;;1;;;;;6623;;;;;130;119;;;1;;1;1;;0.1;;;4;1;3.2;1.7;;2.5;;;;;;;;;;;;;;;;;;
PSY;2014;470000563;470000381;TOT;1;;1;1;303;2;7;;;;127;6;8;3836;98007;411;1708;;;;241;25917;7;2026;18;6;9;62544;13495;19722;1708;1484;2550;;8774;6957;1550;116;26;1;25.87;9;2;6.89;;;557;73;610.15;334.74;121.5;42.91;;11.67;52.48;19;1;9.31;5;1;3.77;355;43;372.32;190.7;115.34;8.03;;1.83;15.6
PSY;2014;470009143;;INF;;2;;;;;;;;;;;;;;;;;;;;;;;;2;;6453;;42;50;;965;;;420;;;;1;0.23;;;;;;;;;;;;;;;;;;;;;;;;;;;;;
PSY;2014;470009143;;TOT;1;;2;0;;;;;;;;;;;;;;;;;;;;;;2;;6453;;42;50;;965;;;;;;;1;0.23;;;;;;;;;;;;;;;;;;;;;;;;;;;;;
PSY;2014;480000058;480780147;GEN;;1;;;125;8;;;;;37;;5;1496;35662;1143;;;;;192;7948;;1096;;5;5;22775;1096;6350;122;100;0;;2724;2595;577;18;5;3;7.76;4;3;4;;;163;94;236.69;120.55;50.01;8.58;;8.42;8.82;5;2;2.73;4;2;2.95;157;40;;80.81;50.01;5.68;;;4.98
PSY;2014;480000058;480780147;INF;;1;;;6;5;;;;;33;;5;360;648;331;;;;;106;1953;;267;3;3;5;14413;267;40;13;19;137;;913;898;29;0;2;1;2.15;;;;;;36;33;66.41;19.35;;7.45;;6.91;18.79;1;;1;;;;14;9;;5.42;;2.08;;;7.14
PSY;2014;480000058;480780147;TOT;1;;0;1;131;13;;;;;70;;10;1856;36310;1474;;;;;298;9901;;1363;3;8;10;37188;1363;6390;135;119;137;;3637;;;18;7;4;9.91;4;3;4;;;199;127;303.1;139.9;50.01;16.03;;15.33;27.61;6;2;3.73;4;2;2.95;171;49;;86.23;50.01;7.76;;;12.12
PSY;2014;490000106;490000163;GEN;;7;;;329;14;10;12;;;292;15;;4118;100028;4734;1746;4264;;;254;21624;230;;2;19;18;76079;27953;7183;6403;1046;8;;10178;7474;2311;96;30;10;36.14;7;5;7.83;0;0;621;140;712.66;477.12;87.61;24;;7.14;17.38;26;6;13.9;3;0;2.35;364;86;437.87;284.55;45.31;14.38;;1.06;13.08
PSY;2014;490000106;490000163;INF;;2;;;19;1;;;;;52;2;;315;4054;51;;;;;;2493;452;;2;8;10;26077;6273;164;135;30;118;;2270;1859;150;;13;1;12.77;0;1;0.05;0;0;95;48;133.39;77.05;1;12.75;;11.66;18.7;5;0;1.5;0;0;0;50;22;49.9;32.9;1;0.98;;0.59;3.79
PSY;2014;490000106;490000163;PEN;;;;;;;;;;;;;;;;;;;;;;;;;;;;;;;;;;5337;762;734;;;2;0;1;1;0;0.25;;;6;2;3.73;3.23;0;0.5;;0;0;0;0;0;0;0;0;0;0;0;0;0;0;;0;0
PSY;2014;490000106;490000163;TOT;1;;7;0;348;15;10;12;;;344;17;;4433;104082;4785;1746;4264;;;254;24117;682;;4;27;28;102156;34226;7347;6538;1076;126;5337;13075;10004;2456;96;43;11;49.91;7;6;8.13;;;716;188;849.78;557.4;88.61;37.25;;18.8;36.08;31;6;15.4;3;0;2.35;414;108;487.77;317.45;46.31;15.36;;1.65;16.87
PSY;2014;490000247;490000130;GEN;;;;;33;;;;;;;;;274;10877;;;;;;;;;;;;;;;;;;;;236;;236;0;;2;1;;;;;;16;11;20.18;7.08;6.8;;;;;;;;;;;;;;;;;;;
PSY;2014;490000247;490000130;TOT;0;;;0;33;;;;;;;;;274;10877;;;;;;;;;;;;;;;;;;;;236;;236;0;;2;1;;;;;;16;11;20.18;7.08;6.8;;;;;;;;;;;;;;;;;;;
PSY;2014;490000635;490000676;GEN;;2;;;100;;;;;;31;4;;1265;31265;;;;;;;4745;1233;;;5;3;15434;8245;9386;4267;4651;;;4664;3939;760;30;9;2;9.4;1;2;1.6;1;0;125;57;177.16;128.73;8.96;3.68;;5.3;5;6;;2.69;1;0;0.3;80;47;119.89;82.77;8.95;2.08;;2.5;2.96
PSY;2014;490000635;490000676;INF;;1;;;;;;;;;43;;;;;;;;;;;8485;;;;4;2;3704;1297;923;25;47;18;;758;595;;;5;2;6.1;;;;1;0;38;20;53.32;18.89;;7.24;;7.3;14.7;;;;;;;;;;;;;;;
PSY;2014;490000635;490000676;TOT;1;;2;0;100;;;;;;74;4;;1265;31265;;;;;;;13230;1233;;;9;5;19138;9542;10309;4292;4698;18;;4969;4534;760;30;14;4;15.5;1;2;1.6;;;163;77;230.48;147.62;8.96;10.92;;12.6;19.7;6;;2.69;1;;0.3;80;47;119.89;82.77;8.95;2.08;;2.5;2.96
PSY;2014;490001765;490528452;GEN;;1;;;24;2;;;;;20;3;;422;5920;589;;;;;71;1870;214;;;1;1;5638;4212;1008;12;872;1;;1509;1239;209;2;6;2;4.66;;;;0;1;48;34;70.06;44.03;9.17;2.2;;0.48;2.2;2;1;1.3;;;;;;;;;;;;
PSY;2014;490001765;490528452;INF;;1;;;;;;;;;10;;;;;;;;;;;1293;;;2;1;1;8245;1661;63;98;126;82;;779;747;0;;2;4;3.18;;;;0;1;15;31;32.85;11.05;1.25;5.73;;6.32;4.67;;;;;;;;;;;;;;;
PSY;2014;490001765;490528452;TOT;1;;1;0;24;2;;;;;30;3;;422;5920;589;;;;;71;3163;214;;2;2;2;13883;5873;1071;110;998;83;;2288;1986;209;2;8;5;7.84;;;;;;63;64;102.91;55.08;10.42;7.93;;6.8;6.87;2;1;1.3;;;;;;;;;;;;
PSY;2014;490002979;490535705;GEN;;;;;62;;;;;;;;;190;21554;;;;;;;;;;;;;;;;;;;;167;;;22;3;;3;;1;0.25;0;1;20;11;27.3;14.8;10.61;2.3;;;1;3;;;;1;;;;;;;;;;
PSY;2014;490002979;490535705;TOT;0;;;0;62;;;;;;;;;190;21554;;;;;;;;;;;;;;;;;;;;167;;;;3;;3;;1;0.25;;;20;11;27.3;14.8;10.61;2.3;;;1;3;;;;1;;;;;;;;;;
PSY;2014;500000575;500000245;GEN;;2;;;118;4;;;;;67;6;1;1609;39189;1483;;;;;;20974;36;2261;3;4;3;33550;4661;6994;1656;5757;45;;5835;4890;618;20;9;1;7.7;5;;3.39;1;1;205;61;240.34;151.24;60.44;9.03;;0.62;3.89;;;5.46;;;2.15;;;199.47;90.81;60.44;4.9;;0.62;3.78
PSY;2014;500000575;500000245;INF;;1;;;;;;;;;36;;;;;;;;;;;4352;;;3;3;3;12583;1249;;4;45;38;;1255;1174;;;2;1;2.4;;;;0;0;29;9;34.2;16.73;;;;7.2;1;;;;;;;;;;;;;;;
PSY;2014;500000575;500000245;TOT;1;;;0;118;4;;;;;103;6;1;1609;39189;1483;;;;;;25326;36;2261;6;7;6;46133;5910;6994;1660;5802;83;;7090;;;;11;2;10.1;5;;3.39;;;234;70;274.54;167.97;60.44;9.03;;7.82;4.89;;;5.46;;;2.15;;;199.47;90.81;60.44;4.9;;0.62;3.78
PSY;2014;500010384;;GEN;;3;;;155;9;22;;;12;31;5;2;2478;47528;2375;5563;0;0;3952;0;3413;161;5504;1;7;4;64306;15384;14694;4556;5890;0;;9867;8534;1189;46;18;11;22.36;;;;0;0;278;115;351.26;250.36;57.57;17.02;;1;25.31;0;13;4.94;;;;135;81;182.08;125.99;40.93;4.1;;0;11.06
PSY;2014;500010384;;INF;;1;;;;20;;;;;30;;;0;0;679;;;0;0;0;2751;0;0;;4;2;19151;2560;113;28;1084;271;;2092;2029;0;0;1;4;4.43;;;;0;0;48;16;59.61;37.6;1;7.75;;9.52;3.74;0;0;0;;;;;;;;;;;;
PSY;2014;500010384;;PEN;;;;;;;;;;;;;;0;0;;;;;;;0;;0;1;;;;0;396;;;;0;102;91;0;0;0;0;0;;;;;;;;;;;;;;;;;;;;;;;;;;;;;
PSY;2014;500010384;;TOT;1;;1;1;155;29;22;;;12;61;5;2;2478;47528;3054;5563;0;0;3952;0;6164;161;5504;2;11;6;83457;17944;15203;4584;6974;271;0;11954;10571;1189;46;20;16;26.79;;;;;;326;131;410.87;287.96;58.57;24.77;;10.52;29.05;0;13;4.94;;;;135;81;182.08;125.99;40.93;4.1;;0;11.06
PSY;2014;500015185;;GEN;;2;;;127;;16;;;;94;12;3;1667;36896;0;1830;0;0;0;0;19247;3474;1623;1;7;3;33797;8148;4769;1414;5305;0;;6620;5456;992;30;8;5;10.01;2;1;2.51;0;1;178;139;264.78;174.7;54.44;10.9;;0.5;6.24;;;3.16;;;1.93;;;;100.8;34.98;2.31;;0.38;1.76
PSY;2014;500015185;;INF;;1;;;;;;;;;10;;;0;0;0;;;0;0;0;1754;0;0;;2;;10097;0;41;20;180;1;;1350;1292;0;0;2;4;3.32;;;;0;1;9;17;17.62;9.61;;3.41;;1.12;4.42;;;;;;;;;;;;;;;
PSY;2014;500015185;;PEN;;;;;;;;;;;;;;0;0;;;;;;;0;;0;;;;;0;690;;;;0;182;173;0;0;;;;;;;;;;;;;;;;;;;;;;;;;;;;;;;;
PSY;2014;500015185;;TOT;1;;1;1;127;;16;;;;104;12;3;1667;36896;0;1830;0;0;0;0;21001;3474;1623;1;9;3;43894;8148;5500;1434;5485;1;0;7870;6667;992;30;10;9;13.33;2;1;2.51;;;187;156;282.4;184.31;54.44;14.31;;1.62;10.66;;;3.16;;;1.93;;;;100.8;34.98;2.31;;0.38;1.76
PSY;2014;510000219;510000052;GEN;;9;;;333;4;20;;;;51;1;4;2240;122398;1063;5572;;;;137;10753;206;4670;4;9;9;106141;42765;11984;4275;9407;;;11664;9822;1525;489;36;6;39.07;2;1;2.17;0;0;536;87;594.84;384.88;87.61;29.22;;2.8;19.55;20;;16.21;1;1;1.17;382;53;421.41;259.71;82.81;4.53;;2.8;9.91
PSY;2014;510000219;510000052;INF;;2;;;;5;;;;;25;;;;;1175;;;;;114;3248;;;4;4;4;19392;4823;158;18;582;12;;2226;2147;0;;6;1;6.7;1;;1;0;0;52;21;63.51;28.98;2;12.4;;5.07;8.28;;;;;;;;;;;;;;;
PSY;2014;510000219;510000052;PEN;;;;;;;;;;;9;;;;;;;;;;;2029;;;;1;1;;538;12355;;;;;937;892;0;;3;1;1.25;;;;;;13;2;12.22;6.64;;4.21;;;1;;;;;;;;;;;;;;;
PSY;2014;510000219;510000052;TOT;1;;6;1;333;9;20;;;;85;1;4;2240;122398;2238;5572;;;;251;16030;206;4670;8;14;14;125533;48126;24497;4293;9989;12;;14629;12669;1525;489;44;8;47.02;3;1;3.17;;;599;110;670.57;420.5;89.61;45.83;;7.87;28.83;20;;16.21;1;1;1.17;382;53;421.41;259.71;82.81;4.53;;2.8;9.91
PSY;2014;510000284;510000615;GEN;;;;;38;;;;;;;;;38;14247;;;;;;;;;;;;;;;;;;;;465;;;;3;;3;;;;;;;;;;;;;;;;;;;;;;;;;;;;;
PSY;2014;510000284;510000615;TOT;0;;;0;38;;;;;;;;;38;14247;;;;;;;;;;;;;;;;;;;;465;;;;3;;3;;;;;;;;;;;;;;;;;;;;;;;;;;;;;
PSY;2014;510000813;510000854;GEN;;;;;;;;30;;;;;;;;;;9248;;;;;;;;;;;;;;;;;57;;;6;;1;0.2;;1;0.05;0;0;11;9;0.96;11.5;;0.5;;;3.5;;;;;;;;;;;;;;;
PSY;2014;510000813;510000854;TOT;0;;;0;;;;30;;;;;;;;;;9248;;;;;;;;;;;;;;;;;57;;;;;1;0.2;;1;0.05;;;11;9;0.96;11.5;;0.5;;;3.5;;;;;;;;;;;;;;;
PSY;2014;510002447;510000029;GEN;;1;;;50;;;;8;;;;;530;15251;;;;1397;;30;;;;0;2;1;15955;2257;1420;1479;3852;3;;3709;3342;367;3;14;1;11.2;0;0;0;0;1;63;10;69.26;35.5;14.72;4.6;;1.5;1.8;1;0;1;0;0;0;60;7;65.66;35.5;14.72;10.5;;;1
PSY;2014;510002447;510000029;INF;;1;;;12;5;;;;;33;;0;297;2995;579;;;;;18;1934;;;3;1;0;21766;;757;80;875;36;;2591;2534;57;0;12;1;8.4;2;0;0.7;0;0;58;30;76.77;28.4;1;10.5;;9.3;11.65;0;0;0;0;0;0;58;27;79.63;28.4;1;3;;;9.3
PSY;2014;510002447;510000029;PEN;;;;;;;;;;;;;;;;;;;;;;;;;;;;;;13;;;;;;;;;0;0;0;0;0;0;;;0;0;0;0;0;0;;0;0;0;0;0;0;0;0;0;0;0;0;0;0;;0;0
PSY;2014;510002447;510000029;TOT;1;;2;0;62;5;;;8;;33;;0;827;18246;579;;;1397;;48;1934;;;3;3;1;37721;2257;2190;1559;4727;39;;6300;5876;424;3;26;2;19.6;2;;0.7;;;143;45;146.03;63.9;15.72;15.1;;10.8;13.45;1;;1;;;0;118;34;145.29;63.9;15.72;13.5;;0;10.3
PSY;2014;520000076;520780081;GEN;;4;;;135;5;10;;;;85;3;2;1375;38849;982;2878;;;;286;10318;217;1274;;5;3;32609;10658;10620;3266;5052;94;;5393;4343;820;24;14;;10.37;2;;2;;;257;61;281.82;161.08;38.55;11.83;;0;16.24;14;;7.6;;;;194;30;186.57;104.72;35.77;3.53;;0;8.2
PSY;2014;520000076;520780081;INF;;1;;;5;4;;;;;71;;;167;1296;200;;;;;176;7142;;;6;6;6;13206;17818;270;6;49;459;;2002;1746;98;1;8;;4.19;;;;;;89;23;101.75;41.01;9.59;14.63;;5.52;15.49;2;;1.12;;;;17;3;17.17;11.88;1.67;0.5;;0;0.3
PSY;2014;520000076;520780081;PEN;;;;;;;;;;;;;;;;;;;;;;;;;;;;;;1387;;;;;;193;;;1;;0.4;;;;;;1;0;0.5;0;0;0.5;;0;0;;;;;;;0;0;0;0;0;0;;0;0
PSY;2014;520000076;520780081;TOT;1;;;1;140;9;10;;;;156;3;2;1542;40145;1182;2878;;;;462;17460;217;1274;6;11;9;45815;28476;12277;3272;5101;553;;7213;5916;913;25;23;;14.96;2;;2;;;347;84;384.07;202.09;48.14;26.96;;5.52;31.73;16;;8.72;;;;211;33;203.74;116.6;37.44;4.03;;0;8.5
PSY;2014;530000017;530000025;GEN;;1;;;25;;;;;;15;;;370;7762;;;;;;41;4786;;;;1;1;9481;2318;992;;528;;;1669;1417;370;4;3;2;4.1;;;;;;;;60.94;38.99;9.34;2.75;;;0.5;;;;;;;;;;;;;;;
PSY;2014;530000017;530000025;TOT;1;;0;0;25;;;;;;15;;;370;7762;;;;;;41;4786;;;;1;1;9481;2318;992;;528;;;1669;;;;3;2;4.1;;;;;;;;60.94;38.99;9.34;2.75;;;0.5;;;;;;;;;;;;;;;
PSY;2014;530000124;530000249;GEN;;;;;56;;;;;;;;;586;19715;;;;;;;;;;;;;;;;;;;;373;;373;;;4;;;;;0;0;20;13;26.92;15.59;9.84;0.75;;0.7;0.04;;;;;;;;;;;;;;;
PSY;2014;530000124;530000249;TOT;0;;;0;56;;;;;;;;;586;19715;;;;;;;;;;;;;;;;;;;;373;;;;;4;;;;;;;20;13;26.92;15.59;9.84;0.75;;0.7;0.04;;;;;;;;;;;;;;;
PSY;2014;530000173;530000074;GEN;;1;;;120;0;0;0;0;0;25;4;0;822;37952;0;0;0;0;0;0;3123;157;0;1;3;1;24690;7924;811;1376;3701;2;;3359;1629;505;78;4;;3.17;3;1;2.91;0;1;138;59;161.65;94.16;37.03;5.63;;11.89;3.8;;;;;;;101;38;123.26;67.15;37.03;0;;1;0
PSY;2014;530000173;530000074;TOT;1;;0;0;120;0;0;0;0;0;25;4;0;822;37952;0;0;0;0;0;0;3123;157;0;1;3;1;24690;7924;811;1376;3701;2;;3359;1629;505;78;4;;3.17;3;1;2.91;;;138;59;161.65;94.16;37.03;5.63;;11.89;3.8;;;;;;;101;38;123.26;67.15;37.03;0;;1;0
PSY;2014;530000264;530000371;GEN;;2;;;90;;;;;;40;4;;755;29380;;;;;;;5902;96;;1;2;1;23433;4091;1644;792;6919;2;;3893;3695;438;36;8;1;8.47;2;0;2;;1;132;21;148.82;105.21;13.12;6.96;;2.17;3.67;8;0;5.27;2;0;2;;;;;;;;;
PSY;2014;530000264;530000371;INF;;1;;;10;6;;;;;23;;;549;2981;124;;;;;17;2742;;;2;3;;18038;4625;244;91;1724;235;;2265;2054;115;;4;3;6.71;;;;;1;73;18;88.17;56.53;5;9.9;;7.92;2.75;1;1;1.2;;;;;;;;;;;;
PSY;2014;530000264;530000371;PEN;;;;;;;;;;;;;;;;;;;;;;;;;;;;;;;;;;430;;;;;0;1;0.1;;;;;;;;;;;;;;;;;;;;;;;;;;;;;
PSY;2014;530000264;530000371;TOT;1;;;1;100;6;;;;;63;4;;1304;32361;124;;;;;17;8644;96;;3;5;1;41471;8716;1888;883;8643;237;430;6158;;;;12;4;15.28;2;0;2;;;205;39;236.99;161.74;18.12;16.86;;10.09;6.42;9;1;6.47;2;;2;;;;;;;;;
PSY;2014;530007285;530007210;GEN;;0;;;;15;;;;;;;;;;4324;;;;;;;;;1;8;;864;;;12774;;;;1796;1776;20;;;3;0.4;;;;0;0;23;4;22.59;6;0;3.83;;0;15.2;;;;;;;;;;;;;;;
PSY;2014;530007285;530007210;TOT;0;;1;0;;15;;;;;;;;;;4324;;;;;;;;;1;8;;864;;;12774;;;;1796;1776;20;;;3;0.4;;;;;;23;4;22.59;6;0;3.83;;0;15.2;;;;;;;;;;;;;;;
PSY;2014;540000312;540000114;GEN;;1;;;55;;;;;;35;3;;659;16553;;;;;;;7301;417;;;2;2;10268;3341;4374;3720;267;;;1747;1304;342;13;4;1;4.86;1;0;1.71;0;1;87;19;102.75;68.7;11.74;4;;1.12;1.77;4;1;1.9;1;0;1.21;55;10;67.91;40.35;11.37;1.4;;0.1;0.96
PSY;2014;540000312;540000114;INF;;0;;;;;;;;;;;;0;0;;;;;;;;;;;;;;;;;;;;;;;;0;0;0;0;0;0;0;1;0;0;0;0;0;0;;0;0;0;0;0;0;0;0;0;0;0;0;0;0;;0;0
PSY;2014;540000312;540000114;TOT;1;;0;0;55;;;;;;35;3;;659;16553;;;;;;;7301;417;;;2;2;10268;3341;4374;3720;267;;;1747;1304;342;13;4;1;4.86;1;0;1.71;;;87;19;102.75;68.7;11.74;4;;1.12;1.77;4;1;1.9;1;0;1.21;55;10;67.91;40.35;11.37;1.4;;0.1;0.96
PSY;2014;540001070;540000767;GEN;;1;;;30;;;;;;;;;313;10313;;;;;;54;;;;;;;;;;;;;;1818;;232;40;3;1;2.6;;;;0;1;25;22;37.24;22.19;6.13;0.8;;;0.47;3;1;2.6;;;;25;22;36.85;22.19;6.13;0.8;;;0.47
PSY;2014;540001070;540000767;INF;;2;;;;;;;;;;;;;;;;;;;;;;;;;;;;;;;;;;;;;;;;;;;;;;;;;;;;;;;;;;;;;;;;;;;;
PSY;2014;540001070;540000767;TOT;1;;0;0;30;;;;;;;;;313;10313;;;;;;54;;;;;;;;;;;;;;1818;;232;40;3;1;2.6;;;;;;25;22;37.24;22.19;6.13;0.8;;;0.47;3;1;2.6;;;;25;22;36.85;22.19;6.13;0.8;;;0.47
PSY;2014;540001096;570010181;GEN;;1;;;24;0;;;;;;;;306;6553;0;;;;;;;;;;;;;;;;;;;217;;217;;3;1;3.5;;;;0;1;25;3;29.45;14.61;9.11;1.4;;2.54;1.79;3;1;3.5;;;;25;3;;14.61;9.11;1.4;;;1.79
PSY;2014;540001096;570010181;TOT;1;;;0;24;0;;;;;;;;306;6553;0;;;;;;;;;;;;;;;;;;;217;;217;;3;1;3.5;;;;;;25;3;29.45;14.61;9.11;1.4;;2.54;1.79;3;1;3.5;;;;25;3;;14.61;9.11;1.4;;;1.79
PSY;2014;540002698;540023264;GEN;;1;;;44;;;;;;1;;;607;10714;;;;;;;171;;;1;3;;2863;;11;1;717;;;1653;1541;411;1;6;2;2.51;2;0;1.05;0;1;14;7;10.13;0.78;0.05;4.25;;0.5;;2;1;0.46;;;;65;16;60.93;32.41;16.4;;;1;
PSY;2014;540002698;540023264;TOT;1;;;1;44;;;;;;1;;;607;10714;;;;;;;171;;;1;3;;2863;;11;1;717;;;1653;1541;411;0;6;2;2.51;2;;1.05;;;14;7;10.13;0.78;0.05;4.25;;0.5;;2;1;0.46;;;;65;16;60.93;32.41;16.4;;;1;
PSY;2014;540006830;540000767;GEN;;1;;;;;;;;;6;;2;;;;;;;;;1235;;67;1;1;2;16158;2616;800;384;1448;;;1818;1757;232;40;1;2;1.65;;;;0;1;16;11;21.87;12.36;;3.2;;;2.92;;;;;;;;;;;;;;;
PSY;2014;540006830;540000767;INF;;2;;;;;;;;;8;;;;;;;;;;;730;;;;2;2;15260;427;56;78;377;173;;1644;1652;;;2;;2.5;;;;0;1;22;22;33.85;9.95;;10.21;;4.4;5.21;;;;;;;;;;;;;;;
PSY;2014;540006830;540000767;TOT;1;;;0;;;;;;;14;;2;;;;;;;;;1965;;67;1;3;4;31418;3043;856;462;1825;173;;3462;3409;232;40;3;2;4.15;;;;;;38;32;55.72;22.31;;13.41;;4.4;8.13;;;;;;;;;;;;;;;
PSY;2014;540014073;540000056;GEN;;5;;;243;52;;11;8;;59;3;;2175;77980;16322;0;2407;2189;;;10451;1126;0;0;23;11;87598;17986;20841;11902;8013;447;;13695;11175;1493;46;36;4;38.75;1;0;1;0;1;528;105;627.7;418.75;99.92;24.64;;14.29;6.57;22;2;19.8;1;;0.7;340;77;426.42;282.18;87.53;8.8;;6.02;1.02
PSY;2014;540014073;540000056;INF;;3;;;28;8;;;;;79;2;;449;6975;1887;;;;;97;8085;164;0;5;16;10;68921;4704;684;524;3196;1010;;8199;7703;260;0;17;8;20.66;;;;0;1;175;68;226.07;123.43;0.58;33.77;;19.03;26.36;1;2;2.85;;;;43;11;51.6;44.29;0.08;1.58;;0.75;2.6
PSY;2014;540014073;540000056;PEN;;;;;40;;;;;;;;;316;13425;;;;;;;;;0;0;1;0;;;15760;;;;;2483;2234;249;0;7;1;6.21;;;;;;85;6;88.84;60.4;12.25;8;;0.94;3;4;0;3.77;;1;0.25;64;4;65.97;46.87;12.17;1;;0.94;2
PSY;2014;540014073;540000056;TOT;1;;2;1;311;60;;11;8;;138;5;;2940;98380;18209;0;2407;2189;;97;18536;1290;0;5;40;21;156519;22690;37285;12426;11209;1457;;24173;21028;1975;46;60;13;65.62;1;;1;;;788;179;942.61;602.58;112.75;66.41;;34.26;35.93;27;4;26.42;1;1;0.95;447;92;543.99;373.34;99.78;11.38;;7.71;5.62
PSY;2014;540020054;540023264;GEN;;1;;;;;;;;;;;;;;;;;;;;;;;;1;1;6442;3242;164;285;541;;;1262;1262;;;2;0;0.92;;;;0;0;12;4;8.77;7.38;;;;0.5;;;;;;;;;;;;;;;;
PSY;2014;540020054;540023264;PEN;;;;;;;;;;;;;;;;;;;;;;;;;;1;;;;7076;;;;;;702;;;3;0;0.45;;;;;;6;1;4.88;1.89;;2.79;;;;;;;;;;;;;;;;;;
PSY;2014;540020054;540023264;TOT;1;;;1;;;;;;;;;;;;;;;;;;;;;;2;1;6442;3242;7240;285;541;;;1262;1962;;;5;;1.37;;;;;;18;5;13.65;9.27;;2.79;;0.5;;;;;;;;;;;;;;;;
PSY;2014;550000186;550006795;GEN;;1;;;;;;;;;;;;;;;;;;;;;;;;;;;;;;;;;;;;;0;0;0;0;0;0;;;63;19;50.96;32.4;;7.23;;2.15;7.11;;;;;;;17;3;17.72;15.5;;0.65;;;1
PSY;2014;550000186;550006795;INF;;1;;;5;4;;;;;32;;;62;919;0;;;;;;5534;;;;;;8930;;52;20;346;278;;897;784;41;0;2;1;2.3;1;1;1.75;0;1;1;;1;;;1;;;;;;;;;;;;;;;;;;
PSY;2014;550000186;550006795;TOT;1;;;0;5;4;;;;;32;;;62;919;0;;;;;;5534;;;;;;8930;;52;20;346;278;;897;784;41;0;2;1;2.3;1;1;1.75;;;64;19;51.96;32.4;;8.23;;2.15;7.11;;;;;;;17;3;17.72;15.5;;0.65;;;1
PSY;2014;550000251;550000095;GEN;;1;;;177;10;;;;;44;9;;1328;49420;3326;;;;;;12390;805;;;5;5;23262;7498;832;1086;893;127;;3358;2171;714;48;4;6;5.5;4;2;4;0;1;221;63;263.7;128.2;72.8;6.9;;6.2;10.8;3;;2.2;4;2;3.75;172;58;211.3;91.4;72.8;3.41;;4.83;4.87
PSY;2014;550000251;550000095;INF;;1;;;;2;;;;;26;;;;;;;;;;;3941;;;;3;3;8663;573;52;30;176;8;;835;621;;;1;1;;;1;0.1;0;1;28;13;39.3;18.4;1;7;;3.2;3.8;;;;;;;;;;;;;;;
PSY;2014;550000251;550000095;PEN;;;;;;;;;;;;;;;;;;;;;;;;;;2;;;;2815;;;;;515;501;10;;;2;0.3;;;;;;;7;2.65;2.65;;;;;;;;;;;;;;;;;;;;
PSY;2014;550000251;550000095;TOT;1;;0;1;177;12;;;;;70;9;;1328;49420;3326;;;;;;16331;805;;;10;8;31925;8071;3699;1116;1069;135;;4624;3225;724;48;5;9;5.8;4;2;4.1;;;249;83;305.65;149.25;73.8;13.9;;9.4;14.6;3;;2.2;4;2;3.75;172;58;211.3;91.4;72.8;3.41;;4.83;4.87
PSY;2014;550003362;550006795;GEN;;1;;;56;;4;;;;38;;;563;16246;;1032;;;;;5632;;;;;;13382;;3902;87;1685;;;2840;2430;382;22;3;1;3.7;2;;2;0;0;97;4;98.15;70.92;17.73;6.9;;;2;;;;;;;84;4;84.94;62.45;16.34;4.15;;;2
PSY;2014;550003362;550006795;INF;;1;;;;;;;;;;;;;;;;;;;;;;;;;;;;;;;;;;;;;;;;;;;;;;;;;;;;;;;;;;;;;;;;;;;;
PSY;2014;550003362;550006795;PEN;;;;;;;;;;;;;;;;;;;;;;;;;;;;;;;;;;;346;346;;;;;0.2;;;;;;;;;;;;;;;;;;;;;;;;;;;;;
PSY;2014;550003362;550006795;TOT;1;;0;1;56;;4;;;;38;;;563;16246;;1032;;;;;5632;;;;;;13382;;3902;87;1685;;;2840;2747;382;22;3;1;3.9;2;;2;;;97;4;98.15;70.92;17.73;6.9;;;2;;;;;;;84;4;84.94;62.45;16.34;4.15;;;2
PSY;2014;560000242;560022246;GEN;;;;;;;;145;;;;;;;;;;39695;;;;;;;;;;;;;;;;;235;;235;117;4;;4;;;;;;;;;;;;;;;;;;;;;;;;;;;;;
PSY;2014;560000242;560022246;TOT;0;;;0;;;;145;;;;;;;;;;39695;;;;;;;;;;;;;;;;;235;;;;4;;4;;;;;;;;;;;;;;;;;;;;;;;;;;;;;
PSY;2014;560000382;560002032;GEN;;5;;;355;;8;;;;223;15;1;4099;121599;;1039;;;;76;32322;2998;45;3;14;13;64765;28273;16345;4625;10013;1;;13380;9910;2926;116;24;8;29.4;6;3;7.57;;1;552;231;745.75;476.02;59.82;20.67;;7.27;14.14;18;5;10.5;;;;340;134;451.55;316.37;53.44;4.38;;2.46;5.74
PSY;2014;560000382;560002032;INF;;2;;;12;2;;;;;98;2;;186;2762;337;;;;;;13488;97;;2;8;10;31882;2273;114;46;912;100;;3402;2818;142;;7;4;9.72;;;;;1;113;51;149.26;88.12;;15.46;;13.96;4.66;1;1;1;;;;17;8;21.39;18.54;;0.39;;;0.05
PSY;2014;560000382;560002032;PEN;;;;;;;;;;;;;;;;;;;;;;;;;;;;;;;;;;874;105;99;6;;;;;;;;;;;;;;;;;;;;;;;;;;;;;;;;;
PSY;2014;560000382;560002032;TOT;1;;6;1;367;2;8;;;;321;17;1;4285;124361;337;1039;;;;76;45810;3095;45;5;22;23;96647;30546;16459;4671;10925;101;874;16704;;;;31;12;39.12;6;3;7.57;;;665;282;895.01;564.14;59.82;36.13;;21.23;18.8;19;6;11.5;;;;357;142;472.94;334.91;53.44;4.77;;2.46;5.79
PSY;2014;560000697;560002677;GEN;;3;;;213;;;;;;115;3;0;2647;70138;;;;;;115;16662;0;0;;;13;45089;4836;5486;2474;6003;51;;7119;5328;1538;68;16;8;20.8;3;3;3.4;1;1;452;111;533.45;326.6;11.25;7.8;;3.1;9.65;14;5;10;3;;;190;45;227.2;172.05;9.25;;;;1
PSY;2014;560000697;560002677;INF;;1;;;8;3;;;;;68;0;0;77;2321;0;;;;;;10365;;0;;;6;18206;5697;312;11;1191;1833;;2611;2258;58;0;5;3;7.2;;;;1;1;95;26;111.35;61.25;;10;;9;15.35;;2;1;;;;20;5;23.7;18.5;;0.5;;;2
PSY;2014;560000697;560002677;PEN;;;;;;;;;;;;;;;;;;;;;;;;;;;;;;4222;;;;;601;580;0;0;;2;0.4;;;;;;4;1;4.7;3;;1.7;;;;;;;;;;;;;;;;;;
PSY;2014;560000697;560002677;TOT;1;;0;1;221;3;;;;;183;3;0;2724;72459;0;;;;;115;27027;0;0;;;19;63295;10533;10020;2485;7194;1884;;10175;8066;1589;68;21;13;28.4;3;3;3.4;;;551;138;649.5;390.85;11.25;19.5;;12.1;25;14;7;11;3;;;210;50;250.9;190.55;9.25;0.5;;;3
PSY;2014;560002081;560000416;GEN;;;;;78;;;;;;;;;817;29332;;;;;;;;;;;;;;;;;;;;570;;570;1;3;;3;;1;0.43;;1;21;14;30.05;20.05;9.8;0.2;;;;3;;3;;;;21;14;30.05;20.05;9.8;0.2;;;
PSY;2014;560002081;560000416;TOT;0;;;0;78;;;;;;;;;817;29332;;;;;;;;;;;;;;;;;;;;570;;;;3;;3;;1;0.43;;;21;14;30.05;20.05;9.8;0.2;;;;3;;3;;;;21;14;30.05;20.05;9.8;0.2;;;
PSY;2014;560002123;750043994;GEN;;;;;74;;;;;;;;;848;26121;;;;;;;;;;;;;;;;;;;;620;;620;;;5;;1;;1;0;0;25;15;35.4;19.26;5.35;1.63;;1.47;;;5;;1;;1;25;15;35.4;19.26;5.35;1.63;;1.47;
PSY;2014;560002123;750043994;TOT;0;;;0;74;;;;;;;;;848;26121;;;;;;;;;;;;;;;;;;;;620;;620;;;5;;1;;1;;;25;15;35.4;19.26;5.35;1.63;;1.47;;;5;;1;;1;25;15;35.4;19.26;5.35;1.63;;1.47;
PSY;2014;560002685;750043713;GEN;;;;;66;;;;;;;;;434;12369;;;;;;;;;;1;;;296;;;;;;;401;42;359;;3;;;;1;;0;0;23;9;30.17;11.87;16.7;0.6;;1;;3;;;;1;;23;9;30.17;11.87;16.7;0.6;;1;
PSY;2014;560002685;750043713;TOT;0;;;0;66;;;;;;;;;434;12369;;;;;;;;;;1;;;296;;;;;;;401;42;359;;3;;;;1;;;;23;9;30.17;11.87;16.7;0.6;;1;;3;;;;1;;23;9;30.17;11.87;16.7;0.6;;1;
PSY;2014;560004277;750721029;GEN;;;;;;;;19;;;;;;;;;;5034;;;;;;;;;;;;;;;;;30;;30;14;;1;0.2;;;;0;1;8;7;12.13;4.8;1.75;0.64;;1.75;3.19;;;;;;;;;;;;;;;
PSY;2014;560004277;750721029;TOT;0;;;0;;;;19;;;;;;;;;;5034;;;;;;;;;;;;;;;;;30;;;;;1;0.2;;;;;;8;7;12.13;4.8;1.75;0.64;;1.75;3.19;;;;;;;;;;;;;;;
PSY;2014;560006991;220017974;GEN;;1;;;21;;;;;;24;;;279;6698;;;;;;;5156;;;;7;4;20551;1599;1908;248;8815;0;;3708;3626;232;;2;7;5.5;;;;;;39;32;54.11;42.84;1;4.87;;1.6;3.79;;;;;;;;;;;;;;;
PSY;2014;560006991;220017974;INF;;1;;;;;;;;;10;;;;;;;;;;;1613;;;;2;2;5278;28;56;23;72;206;;603;593;;;;2;1.82;;;;;;8;10;12.56;7.7;;2.86;;1;1;;;;;;;;;;;;;;;
PSY;2014;560006991;220017974;TOT;1;;1;0;21;;;;;;34;;;279;6698;;;;;;;6769;;;;9;6;25829;1627;1964;271;8887;206;;4311;4219;232;;2;9;7.32;;;;;;47;42;66.67;50.54;1;7.73;;2.6;4.79;;;;;;;;;;;;;;;
PSY;2014;570000281;570005165;GEN;;2;;;44;;;;;;;;;628;17056;;;;;;;;;;;;;;;;;;;;334;;334;58;6;1;7.6;;;;0;1;41;12;49.63;;;;;;1.2;;;;;;;;;;;;;;;
PSY;2014;570000281;570005165;TOT;1;;;0;44;;;;;;;;;628;17056;;;;;;;;;;;;;;;;;;;;334;;334;58;6;1;7.6;;;;;;41;12;49.63;;;;;;1.2;;;;;;;;;;;;;;;
PSY;2014;570000349;570005165;GEN;;1;;;;;;;5;;;;;502;;;;;1257;;;;;;;;;;;;;;;;450;;450;;3;1;3.7;;;;0;1;11;3;12.39;11.3;;;;;0.1;;;;;;;;;;;;;;;
PSY;2014;570000349;570005165;INF;;;;;;;;;;;;;;;;;;;;;;;;;;;;;;;;;;;;;;;3;1;3.5;;;;0;1;;;;;;;;;;;;;;;;;;;;;;;;
PSY;2014;570000349;570005165;TOT;1;;;0;;;;;5;;;;;502;;;;;1257;;;;;;;;;;;;;;;;450;;450;;6;2;7.2;;;;;;11;3;12.39;11.3;;;;;0.1;;;;;;;;;;;;;;;
PSY;2014;570000596;750821092;GEN;;;;;24;;;;;;4;;;303;5067;;;;;;;885;;;;1;;2881;;;;;;;255;47;208;0;3;;3.67;;;;0;1;27;;26.05;11.33;10.54;2.18;;2;;;;;;;;;;;;;;;;
PSY;2014;570000596;750821092;TOT;0;;;0;24;;;;;;4;;;303;5067;;;;;;;885;;;;1;;2881;;;;;;;299;29;270;0;3;;3.67;;;;;;27;;26.05;11.33;10.54;2.18;;2;;;;;;;;;;;;;;;;
PSY;2014;570000885;570000133;GEN;;3;;;170;23;10;;;;92;6;;1455;55735;6505;2608;;;;0;10956;483;;3;7;6;33471;3635;6573;2538;3672;1;;6136;5185;772;79;15;3;15.68;;4;2.36;1;1;285;99;306.67;183.78;71.35;12.1;;5.1;8.6;13;2;13.38;;4;2.36;147;63;185.59;108.96;64.35;3.58;;0.5;1.46
PSY;2014;570000885;570000133;INF;;1;;;;;;;;;42;;;;;;;;;;;1752;;;1;3;3;14447;2838;34;1;106;10;;2068;1985;;;3;3;4.6;;;;0;0;32;13;40.76;16.4;;11.8;;2.3;8.6;;;;;;;;;;;;;;;
PSY;2014;570000885;570000133;PEN;;;;;;;;;;;24;;;;;;;;;;;4167;;;1;1;1;;1204;8672;;;;;1343;1278;;;4;;4;;;;;;10;4;13.03;9.3;;3;;;1;;;;;;;;;;;;;;;
PSY;2014;570000885;570000133;TOT;1;;4;1;170;23;10;;;;158;6;;1455;55735;6505;2608;;;;0;16875;483;;5;11;10;47918;7677;15279;2539;3778;11;;9472;8374;772;79;22;6;24.28;;4;2.36;;;327;116;360.46;209.48;71.35;26.9;;7.4;18.2;13;2;13.38;;4;2.36;147;63;185.59;108.96;64.35;3.58;;0.5;1.46
PSY;2014;570000893;570000141;GEN;;4;;;499;14;;;;;34;3;;2971;144591;3185;;;;;558;12781;21;;;;4;36395;11155;4915;532;1371;29;;6335;3998;2099;256;17;2;19.02;4;3;5.14;1;0;621;167;751.89;495.48;143.75;15.13;;8.58;12.36;14;2;13.91;4;2;4.74;519;143;618.94;410.86;133.97;9.52;;4.52;10.17
PSY;2014;570000893;570000141;INF;;1;;;;6;;;;;25;;;;;1185;;;;;52;3207;;;;;2;12493;3840;350;25;190;213;;2390;2279;24;;5;;5;;;;1;0;56;12;63.1;33.68;;6.7;;4.22;8.4;;;;;;;;;;;;;;;
PSY;2014;570000893;570000141;PEN;;;;;;;;;;;;;;;;;;;;;;;;;;;;;;;;;;7944;312;282;;;;;0.4;;;;;;2;;2.63;2.05;;0.5;;;;;;;;;;2;;2.63;;;0.5;;;
PSY;2014;570000893;570000141;TOT;1;;2;1;499;20;;;;;59;3;;2971;144591;4370;;;;;610;15988;21;;;;6;48888;14995;5265;557;1561;242;7944;8974;6499;2123;256;22;2;24.42;4;3;5.14;;;679;179;817.62;531.21;143.75;22.33;;12.8;20.76;14;2;13.91;4;2;4.74;521;143;621.57;410.86;133.97;10.02;;4.52;10.17
PSY;2014;570001016;570000513;GEN;;6;;;339;5;;;;;6;6;;5808;106626;365;;;;;;645;176;;;9;4;48402;2327;26354;1423;9196;1;;8574;6391;2151;132;18;8;22.62;1;;1.75;1;1;402;93;446.55;342.95;95.16;14.34;;1.9;12.2;15;6;16.1;1;;1.75;326;65;366.65;264.27;91.66;6.01;;1.9;2.8
PSY;2014;570001016;570000513;INF;;2;;;10;;;;;;22;;;204;2078;;;;;;36;4029;;;;5;3;18168;1229;150;66;889;11;;2430;2311;68;;8;1;7.62;;;;0;0;45;28;67.86;50.17;;8.68;;2.8;6.2;;1;0.5;;;;9;9;15.94;15.14;;;;;0.8
PSY;2014;570001016;570000513;TOT;1;;4;0;349;5;;;;;28;6;;6012;108704;365;;;;;36;4674;176;;;14;7;66570;3556;26504;1489;10085;12;;10851;8563;2205;132;26;8;30.24;1;;1.75;;;447;121;514.41;393.12;95.16;23.02;;4.7;18.4;15;6;16.6;1;;1.75;335;74;382.59;279.41;91.66;6.01;;1.9;3.6
PSY;2014;570001099;570023630;GEN;;;;;35;;;;;;;;;463;9919;;;;;;;;;;;1;;2789;;;;337;;;335;;335;;3;;3;;;;0;1;15;4;17.31;14.51;;;;;;3;;3;;;;15;4;17.31;14.51;;;;;
PSY;2014;570001099;570023630;TOT;0;;;0;35;;;;;;;;;463;9919;;;;;;;;;;;1;;2789;;;;337;;;335;;335;;3;;3;;;;;;15;4;17.31;14.51;;;;;;3;;3;;;;15;4;17.31;14.51;;;;;
PSY;2014;570002287;570001230;GEN;;;;;68;;;;;;;;;679;23825;;;;;;;;;;;;;;;;;;;;581;;581;0;3;;3;;1;0.5;0;1;25;4;27.9;20.4;7.5;;;;;;;;;;;;;;;;;;;
PSY;2014;570002287;570001230;TOT;0;;;0;68;;;;;;;;;679;23825;;;;;;;;;;;;;;;;;;;;581;;;;3;;3;;1;0.5;;;25;4;27.9;20.4;7.5;;;;;;;;;;;;;;;;;;;
PSY;2014;570010181;;GEN;;1;;;;;;;;;;;;;;;;;;;;;;;;;;13250;;7272;;1228;;;2212;2182;;;1;1;1.5;;;;;;11;10;17;7.15;2.3;4.05;;;;;;;;;;;;;;;;;;
PSY;2014;570010181;;TOT;1;;;0;;;;;;;;;;;;;;;;;;;;;;;;13250;;7272;;1228;;;;;;;1;1;1.5;;;;;;11;10;17;7.15;2.3;4.05;;;;;;;;;;;;;;;;;;
PSY;2014;570015750;570005165;GEN;;2;;;;;;;;;;;;;;;;;;;;;;;;4;1;15610;2968;2279;3;2851;;;2816;2816;;;;;;;;;;;55;20;66.45;34.81;1.11;9.89;;2.8;12.32;;;;;;;;;;;;;;;
PSY;2014;570015750;570005165;INF;;1;;;;;;;;;12;;;;;;;;;;;1527;;;;3;1;12127;2630;60;58;127;84;;1487;1430;;;4;2;3.7;;;;0;0;;;;;;;;;;;;;;;;;;;;;;;;
PSY;2014;570015750;570005165;TOT;1;;;0;;;;;;;12;;;;;;;;;;;1527;;;;7;2;27737;5598;2339;61;2978;84;;4259;4202;;;4;2;3.7;;;;;;55;20;66.45;34.81;1.11;9.89;;2.8;12.32;;;;;;;;;;;;;;;
PSY;2014;570023309;570023283;INF;;;;;18;;;;;;5;;;194;4701;;;;;;;701;;;;;;;;;;;;;45;;43;0;;2;1;;;;0;1;16;4;19.02;11.67;2.8;1.31;;0.6;2.64;;2;1;;;;15;4;18.02;10.67;2.8;1.31;;0.6;2.64
PSY;2014;570023309;570023283;TOT;0;;;0;18;;;;;;5;;;194;4701;;;;;;;701;;;;;;;;;;;;;45;;43;0;;2;1;;;;;;16;4;19.02;11.67;2.8;1.31;;0.6;2.64;;2;1;;;;15;4;18.02;10.67;2.8;1.31;;0.6;2.64
PSY;2014;580005163;580780039;INF;;1;;;;;;;;;12;;1;;;;;;;;4;1288;12;243;;5;1;10571;711;;3;2;;;1187;1168;;;2;;1.06;;;;;;32;7;36.31;13.25;0;8.05;;2.75;4.8;;;;;;;;;;;;;;;
PSY;2014;580005163;580780039;TOT;1;;;0;;;;;;;12;;1;;;;;;;;4;1288;12;243;;5;1;10571;711;;3;2;;;1187;;;;2;;1.06;;;;;;32;7;36.31;13.25;0;8.05;;2.75;4.8;;;;;;;;;;;;;;;
PSY;2014;580780237;580000099;GEN;;;;;89;;;;;;;;;927;31472;;;;;;;;;;;;;;;;;;;;697;;697;10;5;;5;;;;0;1;;;;;;;;;;;;;;;;;;;;;;;;
PSY;2014;580780237;580000099;INF;;;;;14;;;;;;;;;183;4438;;;;;;;;;;;;;;;;;;;;697;;697;10;;2;1;;;;0;1;;;;;;;;;;;2;1;;;;;;;;;;;;
PSY;2014;580780237;580000099;TOT;0;;;0;103;;;;;;;;;1110;35910;;;;;;;;;;;;;;;;;;;;697;;697;10;5;2;6;;;;;;;;;;;;;;;;2;1;;;;;;;;;;;;
PSY;2014;580972636;580780971;GEN;;4;;;165;4;;;;;75;;;1566;55704;1767;;;;;138;14903;;;1;6;11;48886;26642;3308;941;4329;2;;7793;6663;1014;159;13;4;13.4;1;1;1;0;1;329;48;367.89;239.34;64.12;17.22;;3.7;7.04;13;4;13.4;1;1;1;254;33;283.39;169.73;61.26;16.97;;3.7;6.79
PSY;2014;580972636;580780971;PEN;;;;;;;;;;;;;;;;;;;;;;;;;1;;1;;474;1222;;;;;224;223;1;;;;;;;;;;;;;;;;;;;;;;;;;;;;;;;;;
PSY;2014;580972636;580780971;TOT;1;;;1;165;4;;;;;75;;;1566;55704;1767;;;;;138;14903;;;2;6;12;48886;27116;4530;941;4329;2;;8017;6886;1015;159;13;4;13.4;1;1;1;;;329;48;367.89;239.34;64.12;17.22;;3.7;7.04;13;4;13.4;1;1;1;254;33;283.39;169.73;61.26;16.97;;3.7;6.79
PSY;2014;580972693;580780039;INF;;1;;;;;;;;;;;;;;;;;;;;;;;;1;1;2852;209;;;67;;;526;526;;;1;2;0.9;;;;;;4;2;4.15;2.9;;1.25;;;;;;;;;;;;;;;;;;
PSY;2014;580972693;580780039;TOT;1;;;0;;;;;;;;;;;;;;;;;;;;;;1;1;2852;209;;;67;;;;;;;1;2;0.9;;;;;;4;2;4.15;2.9;;1.25;;;;;;;;;;;;;;;;;;
PSY;2014;590000014;590780052;GEN;;1;;;30;;12;;;;20;;;373;9792;;3460;;;;;3179;;;;3;;17841;;;;;;;1785;1515;270;11;4;2;4.3;2;;1;0;1;74;18;81.22;59.13;11.28;4.32;;1;4.02;4;1;4.2;2;;1;38;8;40.21;31.1;5.28;1;;1;0.45
PSY;2014;590000014;590780052;TOT;1;;;0;30;;12;;;;20;;;373;9792;;3460;;;;;3179;;;;3;;17841;;;;;;;1785;1515;270;11;4;2;4.3;2;;1;;;74;18;81.22;59.13;11.28;4.32;;1;4.02;4;1;4.2;2;;1;38;8;40.21;31.1;5.28;1;;1;0.45
PSY;2014;590000105;590780193;GEN;;1;;;48;;;;12;;23;;1;1408;11887;;;;3082;;;3507;;;;1;1;10366;2061;1667;;8101;;;3011;2372;970;2;11;2;10.11;;1;0.1;0;1;122;27;140.91;59.8;30.89;14.55;;;11.42;;;;;;;;;;;;;;;
PSY;2014;590000105;590780193;INF;;1;;;19;;;;;;28;;1;282;4539;;;;;;;3100;;;;3;1;16131;466;;;6141;;;1075;1053;76;2;17;6;14.45;;1;0.26;0;1;96;43;125.86;49.88;15.83;21.08;;16.15;7.57;;;;;;;;;;;;;;;
PSY;2014;590000105;590780193;PEN;;;;;60;;;;;;20;;2;621;17609;;;;;;;3812;;;0;2;;;;;;;;15532;1797;1582;409;1;10;2;8.84;1;1;1.8;;;159;17;166.05;81.5;40.87;14.9;;0.06;4.43;;;;;;;;;;;;;;;
PSY;2014;590000105;590780193;TOT;1;;;1;127;;;;12;;71;;4;2311;34035;;;;3082;;;10419;;;0;6;2;26497;2527;1667;;14242;;15532;5815;4924;1449;5;38;10;33.4;1;3;2.16;;;377;87;432.82;191.18;87.59;50.53;;16.21;23.42;;;;;;;;;;;;;;;
PSY;2014;590000428;590781605;GEN;;3;;;90;9;;;;;20;;1;973;31494;2645;;;;;50;4310;;;2;4;2;22550;3315;15335;2027;1136;;;4191;3992;621;23;7;2;7.52;;;;0;1;111;22;128.82;90.31;8.34;6;;1.68;4.18;;;;;;;73;5;76.82;59.34;7.34;0.89;;;1.08
PSY;2014;590000428;590781605;INF;;1;;;8;6;;;;;16;1;;317;905;1184;;;;;75;2867;43;;1;3;2;12928;2268;441;98;1112;130;;1968;1856;97;;4;;4;;;;0;1;49;19;60.23;31.57;0.14;10;;7.44;3.55;;;;;;;11;3;15.03;12.64;0.08;0.5;;1;
PSY;2014;590000428;590781605;TOT;1;;2;0;98;15;;;;;36;1;1;1290;32399;3829;;;;;125;7177;43;;3;7;4;35478;5583;15776;2125;2248;130;;6159;;;;11;2;11.52;;;;;;160;41;189.05;121.88;8.48;16;;9.12;7.73;;;;;;;84;8;91.85;71.98;7.42;1.39;;1;1.08
PSY;2014;590000469;590781662;GEN;;1;;;18;;;;;;;;1;344;5007;;;;;;;;;71;0;1;1;2963;217;641;;354;;;973;770;199;1;0;0;0;0;0;0;1;0;23;6;27.43;15.47;8.59;0.46;;0;0.03;0;0;0;0;0;0;29;6;27.43;15.47;8.59;0.46;;0;0.03
PSY;2014;590000469;590781662;TOT;1;;;0;18;;;;;;;;1;344;5007;;;;;;;;;71;0;1;1;2963;217;641;;354;;;973;;;;;;0;;;0;;;23;6;27.43;15.47;8.59;0.46;;0;0.03;;;0;;;0;29;6;27.43;15.47;8.59;0.46;;0;0.03
PSY;2014;590000535;590781803;GEN;;3;;;90;6;5;;;;16;;;905;26014;417;1035;;;;;3927;;;;6;5;12337;2170;5202;678;823;4;;3918;3685;2157;10;9;3;9.14;1;;0.9;0;1;143;31;160.92;104.24;15.77;9.71;;;2.55;9;;7.61;;;;87;21;96.82;61.73;9.83;5.25;;;1.4
PSY;2014;590000535;590781803;INF;;1;;;;;;;;;15;;;;;;;;;;;1898;;;3;0;2;9240;3961;104;65;112;134;;1324;1297;;;2;1;2.2;;;;0;0;41;11;47.98;10.88;;12.49;;7.76;7.88;;;;;;;;;;;;;;;
PSY;2014;590000535;590781803;PEN;;;;;;;;;;;;;;;;;;;;;;;;;;;1;;261;;;;;;122;122;;;;;;;;;;;;;;;;;;;;;;;;;;;;;;;;;;
PSY;2014;590000535;590781803;TOT;1;;2;1;90;6;5;;;;31;;;905;26014;417;1035;;;;;5825;;;3;6;8;21577;6392;5306;743;935;138;;5364;;;;11;4;11.34;1;;0.9;;;184;42;208.9;115.12;15.77;22.2;;7.76;10.43;9;;7.61;;;;87;21;96.82;61.73;9.83;5.25;;;1.4
PSY;2014;590000592;590782165;GEN;;2;;;58;5;;;;;30;;2;489;17750;1768;;;;;0;6809;;6809;;2;2;21470;1560;10472;;1578;;;1934;1483;406;16;7;2;6.62;;;;0;1;61;19;75.9;35.8;15.4;3.8;;;3.4;;;;;;;;;;;;;;;
PSY;2014;590000592;590782165;INF;;1;;;;;;;;25;;;;;;;;;;2286;30;;;;;2;0;7943;0;19;;80;263;;897;830;39;19;;;;;;;0;0;;;;;;;;;;;;;;;;;;;;;;;;
PSY;2014;590000592;590782165;TOT;1;;2;0;58;5;;;;25;30;;2;489;17750;1768;;;;2286;30;6809;;6809;;4;2;29413;1560;10491;;1658;263;;2831;2813;445;35;7;2;6.62;;;;;;61;19;75.9;35.8;15.4;3.8;;;3.4;;;;;;;;;;;;;;;
PSY;2014;590000600;590782207;GEN;;2;;;54;2;7;;;;25;1;;722;14996;326;1491;;;;;5026;0;;1;3;4;16047;4174;28;653;1946;;;3890;3361;586;;8;;8;1;;1;0;1;87;41;113.59;75.01;10.64;7.62;;2.3;3.65;6;;5;1;;1;68;25;83.88;54.32;10.64;3.83;;1.8;3.15
PSY;2014;590000600;590782207;PEN;;;;;;;;;;;;;;;;;;;;;;;;;;;;;;;;;;157;;;;;;;;;;;;;;;;;;;;;;;;;;;;;;;;;;;;
PSY;2014;590000600;590782207;TOT;1;;;1;54;2;7;;;;25;1;;722;14996;326;1491;;;;;5026;0;;1;3;4;16047;4174;28;653;1946;;157;3890;;;;8;;8;1;;1;;;87;41;113.59;75.01;10.64;7.62;;2.3;3.65;6;;5;1;;1;68;25;83.88;54.32;10.64;3.83;;1.8;3.15
PSY;2014;590000782;590782660;GEN;;9;;;294;17;39;10;8;;120;;3;3330;68709;4610;9211;2534;1965;;;21174;0;2749;17;12;11;135784;41754;38347;9847;3464;75;;17782;13216;2079;48;52;2;50.07;8;1;8.4;0;1;679;214;784.15;;97.7;42.15;;25;48;41;3;15.08;8;;5.13;294;88;372.91;286.21;67.54;3.94;;4.96;10.26
PSY;2014;590000782;590782660;INF;;1;;;8;4;;;;;46;;;141;636;516;;;;;71;5187;;;;3;3;26234;1890;302;157;845;221;;3182;2475;27;;5;1;6.2;1;1;1;0;1;72;34;91.93;48.6;8.8;10.9;;10.95;12.7;3;;0.38;1;;0.05;14;5;16.5;15.65;;0.5;;;0.35
PSY;2014;590000782;590782660;TOT;1;;1;0;302;21;39;10;8;;166;;3;3471;69345;5126;9211;2534;1965;;71;26361;0;2749;17;15;14;162018;43644;38649;10004;4309;296;;20964;15691;2106;;57;3;56.27;9;2;9.4;;;751;248;876.08;48.6;106.5;53.05;;35.95;60.7;44;3;15.46;9;0;5.18;308;93;389.41;301.86;67.54;4.44;;4.96;10.61
PSY;2014;590000790;590782678;GEN;;6;;;218;44;35;0;0;0;55;13;;2782;63302;6760;5610;;;;;7155;0;;1;18;8;54404;11143;10938;2057;2879;2;;9260;7702;1466;158;27;3;30.92;4;6;6.7;1;1;395;71;465.37;359.44;56.6;16.47;;2.79;15.05;27;3;30.92;4;6;6.7;274;46;318.53;257.4;47.4;6.3;;0.5;6.93
PSY;2014;590000790;590782678;INF;;2;;;;3;;;;;30;;;;;189;;;;;;5213;;;;15;3;27719;1601;85;106;1037;360;;4932;4842;;;7;0;7;0;0;0;1;1;77;26;96.58;49.9;0;15.15;;16.39;12.16;;;;;;;;;;;;;;;
PSY;2014;590000790;590782678;PEN;;;;;;;;;;;;;;;;;;;;;;;;;;;;;;1301;;;;;291;;;;0;1;0.1;0;0;0;;;1;1;1.68;0.88;0;0.8;;0;0;;;;;;;;;;;;;;;
PSY;2014;590000790;590782678;TOT;1;;0;1;218;47;35;0;0;0;85;13;;2782;63302;6949;5610;;;;;12368;0;;1;33;11;82123;12744;12324;2163;3916;362;;14083;12544;1466;158;34;4;38.02;4;6;6.7;;;473;98;563.63;410.22;56.6;32.42;;19.18;27.21;27;3;30.92;4;6;6.7;274;46;318.53;257.4;47.4;6.3;;0.5;6.93
PSY;2014;590001004;590783239;GEN;;2;;;62;10;8;;10;;20;;2;719;15147;909;2601;;1706;;;4465;;459;;2;2;26226;7818;3940;1042;2691;3;;4853;4048;406;22;11;6;11.81;;;;0;1;143;26;157.17;114.59;5.63;15.55;;0;5.88;;;;;;;;;;;;;;;
PSY;2014;590001004;590783239;INF;;1;;;;;;;;;15;;3;;;;;;;;;2409;;1369;;4;3;29878;1;746;1926;2995;326;;4205;3857;;;6;1;6.7;;;;0;1;32;33;55.08;12.89;;11.09;;14.72;8.48;;;;;;;;;;;;;;;
PSY;2014;590001004;590783239;PEN;;;;;;;;;;;;;;;;;;;;;;;;;;;;;;;;;;3604;577;577;;;;;;;;;;;;;;;;;;;;;;;;;;;;;;;;;;
PSY;2014;590001004;590783239;TOT;1;;;1;62;10;8;;10;;35;;5;719;15147;909;2601;;1706;;;6874;;1828;;6;5;56104;7819;4686;2968;5686;329;3604;8877;;;;17;7;18.51;;;;;;173;59;212.25;127.48;5.63;26.64;;14.72;14.36;;;;;;;;;;;;;;;
PSY;2014;590001418;590034740;GEN;;8;;;370;6;24;;;;48;14;10;4481;88574;1649;4851;;;;76;11200;2850;1883;;10;8;91466;22822;21526;4453;4354;70;;14948;12427;2286;228;51;7;53.42;5;12;7.56;0;0;629;103;697.54;488.82;99.22;27.89;;4;32.86;44;6;33.54;4;1;4.75;477;70;522.6;329.15;98.22;20.39;;4;19.57
PSY;2014;590001418;590034740;INF;;4;;;9;3;;;;;60;;;123;1903;521;;;;;;7174;;;;13;2;71280;934;2947;757;621;2204;;7262;7077;77;;21;2;22.26;1;0;0.2;0;0;100;40;134.51;43.15;3.8;37.44;;1;31.99;3;0;1.23;1;0;0.2;19;1;22.31;14.55;2;1.84;;0;8.33
PSY;2014;590001418;590034740;PEN;;;;;;;;;;;;;;;;;;;;;;;;;;;;;;14;;;;;22;22;;;0;0;0;0;0;0;;;0;0;0;0;0;0;;0;0;0;0;0;0;0;0;0;0;0;0;0;0;;0;0
PSY;2014;590001418;590034740;TOT;1;;3;1;379;9;24;;;;108;14;10;4604;90477;2170;4851;;;;76;18374;2850;1883;;23;10;162746;23756;24487;5210;4975;2274;;22093;19414;2565;228;72;9;75.68;6;12;7.76;;;729;143;832.05;531.97;103.02;65.33;;5;64.85;47;6;34.77;5;1;4.95;496;71;544.91;343.7;100.22;22.23;;4;27.9
PSY;2014;590002317;590799912;INF;;1;;;;;;;;;15;;;;;;;;;;;2816;;;;;;;;;;;;;28;;;;;1;0.39;;;;0;0;7;5;9.5;4;0.5;1;;1;3;;;;;;;;;;;;;;;
PSY;2014;590002317;590799912;TOT;1;;0;0;;;;;;;15;;;;;;;;;;;2816;;;;;;;;;;;;;28;;;;;1;0.39;;;;;;7;5;9.5;4;0.5;1;;1;3;;;;;;;;;;;;;;;
PSY;2014;590005245;;GEN;;;;;76;0;0;0;0;0;12;0;0;611;27415;0;0;0;0;0;0;2981;0;0;0;0;0;0;0;0;0;0;0;;520;0;;0;0;4;2.7;0;1;0.4;0;1;27;8;37;23.43;8.45;3.08;;0.14;1.61;0;4;2.5;0;1;0.4;;;;;;;;;
PSY;2014;590005245;;TOT;0;;;0;76;0;0;0;0;0;12;0;0;611;27415;0;0;0;0;0;0;2981;0;0;0;0;0;0;0;0;0;0;0;;520;;;;;4;2.7;;1;0.4;;;27;8;37;23.43;8.45;3.08;;0.14;1.61;;4;2.5;;1;0.4;;;;;;;;;
PSY;2014;590009148;810002519;GEN;;;;;40;;;;;;;;;136;14122;;;;;;;;;;;;;;;;;;;;79;;79;;;5;3.97;;1;0.25;0;0;18;2;20.02;6.77;6.6;1.32;;1.8;;;5;3.97;;1;0.25;18;2;20.02;6.77;6.6;1.3;;1.8;
PSY;2014;590009148;810002519;TOT;0;;;0;40;;;;;;;;;136;14122;;;;;;;;;;;;;;;;;;;;79;;79;;;5;3.97;;1;0.25;;;18;2;20.02;6.77;6.6;1.32;;1.8;;;5;3.97;;1;0.25;18;2;20.02;6.77;6.6;1.3;;1.8;
PSY;2014;590009528;590782165;GEN;;0;;;;;;;;;;;2;;;;;;;;;;;6809;;2;2;21470;1560;10472;;1578;;;1483;1483;;;;;;;;;;;31;5;34.7;21.8;3;2;;;1.8;;;;;;;1;;1;1;;;;;
PSY;2014;590009528;590782165;INF;;1;;;;;;;;;15;;1;;;;;;;;;3013;;159;;2;0;7943;0;19;;80;263;;830;830;;;2;0;2;0;0;0;0;1;27;5;30.7;8.8;;5.3;;5.8;4.8;;;;;;;;;;;;;;;
PSY;2014;590009528;590782165;TOT;1;;0;0;;;;;;;15;;3;;;;;;;;;3013;;6968;;4;2;29413;1560;10491;;1658;263;;2813;2813;;;2;;2;;;0;;;58;10;65.4;30.6;3;7.3;;5.8;6.6;;;;;;;1;;1;1;;;;;
PSY;2014;590016408;590016358;GEN;;;;;30;;;;;;12;5;;560;10585;;;;;;;538;158;;;;;;;;;;;;305;;291;;2;1;;;;;0;1;23;5;;13.8;3;3.8;;2.3;4.7;2;;;;;;21;2;;10.8;3;3;;1.8;4
PSY;2014;590016408;590016358;INF;;;;;;;;;;;3;;;;;;;;;;;1426;;;;;;;;;;;;;26;;;;1;;;;;;0;1;;;;;;;;;;1;;;;;;;;;;;;;;
PSY;2014;590016408;590016358;TOT;0;;;0;30;;;;;;15;5;;560;10585;;;;;;;1964;158;;;;;;;;;;;;320;;291;;3;1;;;;;;;23;5;;13.8;3;3.8;;2.3;4.7;3;;;;;;21;2;;10.8;3;3;;1.8;4
PSY;2014;590044665;750720575;GEN;;;;;25;;;;;;25;;;;7091;;;;;;;4175;;;;;;;;;;;;;178;123;55;;3;;3;;1;0.3;0;1;26;8;27.94;19.2;1;4.51;;0.43;2.8;2;;2;;1;0.3;13;12;21.13;16.2;;2.5;;0.43;2
PSY;2014;590044665;750720575;TOT;0;;;0;25;;;;;;25;;;;7091;;;;;;;4175;;;;;;;;;;;;;178;;;;3;;3;;1;0.3;;;26;8;27.94;19.2;1;4.51;;0.43;2.8;2;;2;;1;0.3;13;12;21.13;16.2;;2.5;;0.43;2
PSY;2014;590049060;810003319;GEN;;;;;0;;;40;;;;;;;0;;;2164;;;;;;;;;;;;;;;;;33;;33;;1;1;1.5;;1;;;;16;;;5.53;3.6;0.9;;0.9;1.7;1;1;;;;;16;;;;;;;;
PSY;2014;590049060;810003319;TOT;0;;;0;0;;;40;;;;;;;0;;;2164;;;;;;;;;;;;;;;;;33;;33;;1;1;1.5;;1;;;;16;;;5.53;3.6;0.9;;0.9;1.7;1;1;;;;;16;;;;;;;;
PSY;2014;590053955;;GEN;;;;;120;;;;;;40;;;1087;44570;;;;;;;15886;;;;;;;;;;;;;1137;;920;2;;13;;;5;;0;1;68;46;97.11;38.81;26.52;19.4;;12.38;1;;9;;;5;;50;30;73.16;33.31;23.72;9.6;;6.03;0.5
PSY;2014;590053955;;TOT;0;;;0;120;;;;;;40;;;1087;44570;;;;;;;15886;;;;;;;;;;;;;1137;;;;;13;;;5;;;;68;46;97.11;38.81;26.52;19.4;;12.38;1;;9;;;5;;50;30;73.16;33.31;23.72;9.6;;6.03;0.5
PSY;2014;590785341;750005068;GEN;;;;;;;;;;;33;;;;;;;;;;;4987;;;;1;;4542;;;;;;;543;533;;;3;1;3.27;;;;;;;;;;;;;;;;;;;;;;;;;;;;;
PSY;2014;590785341;750005068;TOT;0;;;0;;;;;;;33;;;;;;;;;;;4987;;;;1;;4542;;;;;;;543;;;;3;1;3.27;;;;;;;;;;;;;;;;;;;;;;;;;;;;;
PSY;2014;590787529;590782215;GEN;;3;;;110;25;7;0;10;5;62;2;1;1664;29971;4374;1939;0;2789;1516;263;9728;419;975;;4;4;46210;7433;2915;0;0;0;;7848;6573;1180;0;18;4;19.29;;;;;1;223;77;270.38;160.37;44.48;13.67;;1.5;8.5;7;2;10.86;;;;;;;;;;;;
PSY;2014;590787529;590782215;INF;;1;;;;10;;;;;30;;;10;;1090;;;;;;7564;;;;3;3;15816;2907;416;0;0;0;;2033;1820;9;0;7;1;7.5;;;;;1;54;13;63.89;8.27;;11.51;;11.18;18.67;;;;;;;;;;;;;;;
PSY;2014;590787529;590782215;PEN;;;;;;;;;;;;;;;;;;;;;;;;;;2;;;;;;;;4578;972;972;0;0;4;;0.86;;;;;;2;;2.42;;;2.42;;;;;;;;;;;;;;;;;;
PSY;2014;590787529;590782215;TOT;1;;2;1;110;35;7;0;10;5;92;2;1;1674;29971;5464;1939;0;2789;1516;263;17292;419;975;;9;7;62026;10340;3331;0;0;0;4578;10853;9365;1189;0;25;5;27.65;;;;;;279;90;336.69;168.64;44.48;27.6;;12.68;27.17;7;2;10.86;;;;;;;;;;;;
PSY;2014;590797353;590051801;GEN;;;;;15;;;;;;;;;167;4618;;;;;;;;;;;;;;;;;;;;119;;16;;5;4;5.45;;;;;;21;39;34.99;16.33;2.15;12.06;;4.44;;;;;;;;;;;;;;;;
PSY;2014;590797353;590051801;INF;;;;;7;;;;;;5;;;121;896;;;;;;;530;;;;;;;;;;;;;74;;16;;2;4;4.08;;;;;;10;8;15.56;5.87;5.09;3.3;;;1.3;;;;;;;;;;;;;;;
PSY;2014;590797353;590051801;TOT;0;;;0;22;;;;;;5;;;288;5514;;;;;;;530;;;;;;;;;;;;;193;;;;7;8;9.53;;;;;;31;47;50.55;22.2;7.24;15.36;;4.44;1.3;;;;;;;;;;;;;;;
PSY;2014;590816427;590781829;GEN;;;;;74;;;;;;20;;;667;23240;;;;;;;3417;;;;;;;;;;;;;502;;491;;1;4;2.5;;;0.3;;;35;7;38;24;7;1.8;;2;1.5;1;4;;;;;29;5;;;;;;;
PSY;2014;590816427;590781829;TOT;0;;;0;74;;;;;;20;;;667;23240;;;;;;;3417;;;;;;;;;;;;;502;;491;;1;4;2.5;;;0.3;;;35;7;38;24;7;1.8;;2;1.5;1;4;;;;;29;5;;;;;;;
PSY;2014;600000012;600100028;GEN;;12;;;766;30;0;36;;117;191;33;;4365;219795;6481;;8655;;22825;112;24550;256;;0;19;25;129673;59698;8552;2210;10916;87;;18016;15472;3091;456;71;5;74.3;19;1;17.57;1;;1345;120;;852.46;305.7;51.02;;8.97;46.27;69;1;50.06;17;0;12.12;983;86;;596.92;279.97;14.32;;0.45;38.92
PSY;2014;600000012;600100028;INF;;3;;;37;24;;;;;162;7;;120;7861;2801;;;;;149;12655;0;;0;6;10;26269;6295;139;22;1225;308;;2696;2515;98;44;12;1;13.15;2;;1.3;1;;245;33;271.06;119.78;21.01;28.79;;6.68;56.81;11;0;4.78;2;0;0.5;89;6;89.28;47.64;15;3.79;;0.3;16.14
PSY;2014;600000012;600100028;PEN;;;;;;;;;;;;;;;;;;;;;;;;;;;;;;87554;;;;;;;;;1;;1.67;1;;1;;;19;0;18.06;7;1;8.42;;0;1.64;;;;;;;0;0;0;0;0;0;;0;0
PSY;2014;600000012;600100028;TOT;1;;10;1;803;54;0;36;;117;353;40;;4485;227656;9282;;8655;;22825;261;37205;256;;0;25;35;155942;65993;96245;2232;12141;395;;22164;19561;3184;600;84;6;89.12;22;1;19.87;;;1605;153;289.12;979.24;327.71;88.23;;15.65;104.72;80;1;54.84;19;0;12.62;1072;92;89.28;644.56;294.97;18.11;;0.75;55.06
PSY;2014;600009054;600000798;GEN;;;;;47;;;;;;;;;417;16260;;;;;;;;;;;;;;;;;;;;416;;416;;;3;1.5;;;;0;;12;8;17.2;13.6;2.63;0.5;;;0.47;;;;;;;;;;;;;;;
PSY;2014;600009054;600000798;TOT;0;;;0;47;;;;;;;;;417;16260;;;;;;;;;;;;;;;;;;;;416;;416;;;3;1.5;;;;;;12;8;17.2;13.6;2.63;0.5;;;0.47;;;;;;;;;;;;;;;
PSY;2014;600107049;;INF;;1;;;;15;;;;;53;8;;;;1832;;;;;239;8506;1035;;;5;2;9393;1801;;;;;;2072;2044;24;;2;3;3.45;;1;0.1;0;1;31;39;53.17;5.7;;12.64;;4.26;30.57;;;;;;;;;;;;;;;
PSY;2014;600107049;;TOT;1;;0;0;;15;;;;;53;8;;;;1832;;;;;239;8506;1035;;;5;2;9393;1801;;;;;;2072;2044;24;;2;3;3.45;;1;0.1;;;31;39;53.17;5.7;;12.64;;4.26;30.57;;;;;;;;;;;;;;;
PSY;2014;610000028;610780025;GEN;;3;;;174;20;;;;;97;0;;1126;59299;3730;;;;;68;17903;0;;0;9;6;39615;7093;20265;403;5716;;;7488;6628;1030;89;12;4;15.69;3;;2.87;1;1;341;27;347.4;209.2;18.75;12.02;;1;10.8;8;1;6.48;2;;2.01;211;20;213.9;122.09;54.3;1.33;;;2.75
PSY;2014;610000028;610780025;INF;;2;;;5;2;;;;;22;;;49;1411;66;;;;;;2855;;;0;9;8;26981;4910;1376;1712;1066;847;;3361;3274;66;;2;2;3.58;1;;0.3;1;1;86;32;106.5;35.28;2;22.35;;13.07;25.6;;;0.49;1;;0.21;16;2;14.4;4.74;8.08;0.24;;;0.29
PSY;2014;610000028;610780025;PEN;;;;;;;;;;;;;;;;;;;;;;;;;;;;;;5266;;;;;825;811;12;;3;1;0.51;;;0.4;;;8;1;4.68;1.1;;3.58;;;;;;;;;;;;;;;;;;
PSY;2014;610000028;610780025;TOT;1;;4;1;179;22;;;;;119;0;;1175;60710;3796;;;;;68;20758;0;;0;18;14;66596;12003;26907;2115;6782;847;;11374;;;;14;6;19.78;4;;3.57;;;427;59;458.58;245.58;20.75;37.95;;14.07;36.4;8;1;6.97;3;;2.22;227;22;228.3;126.83;62.38;1.57;;;3.04
PSY;2014;610788325;610780165;GEN;;1;;;38;;;;;;35;2;;507;12729;;;;;;;7004;34;;2;;2;22477;368;1785;582;5754;149;;3332;3292;328;11;5;1;5.23;;;;;;90;27;115.06;70.6;19.49;6.41;;1;2;5;1;5.23;;;;;;;;;;;;
PSY;2014;610788325;610780165;TOT;1;;;0;38;;;;;;35;2;;507;12729;;;;;;;7004;34;;2;;2;22477;368;1785;582;5754;149;;3332;3292;328;11;5;1;5.23;;;;;;90;27;115.06;70.6;19.49;6.41;;1;2;5;1;5.23;;;;;;;;;;;;
PSY;2014;620000034;620100057;GEN;;3;;;90;10;;;8;;36;8;0;1313;31454;2879;0;0;1403;0;0;3172;0;0;0;1;1;17207;3691;10126;272;4087;0;;4633;;871;28;4;8;9.26;;;;0;1;142;19;156.04;109.48;11.1;4.85;;1;4.65;4;1;4.9;;;;103;13;122.28;88.8;11.04;1.85;;1;4.65
PSY;2014;620000034;620100057;INF;;1;;;;;;;;;;;;;;;;;;;;;;;;4;2;10677;2946;0;0;0;;;;;;;2;1;0.7;;;;0;1;9;14;18.09;1.36;0;4.82;;3.71;3.4;;;;;;;;;;;;;;;
PSY;2014;620000034;620100057;PEN;;;;;;;;;;;;;;;;;;;;;;;;;;;;;;;;;;2015;;;;;;5;1;;;;;;;;;;;;;;;;;;;;;;;;;;;;;
PSY;2014;620000034;620100057;TOT;1;;1;1;90;10;;;8;;36;8;0;1313;31454;2879;0;0;1403;0;0;3172;0;0;0;5;3;27884;6637;10126;272;4087;0;2015;4633;;;;6;14;10.96;;;;;;151;33;174.13;110.84;11.1;9.67;;4.71;8.05;4;1;4.9;;;;103;13;122.28;88.8;11.04;1.85;;1;4.65
PSY;2014;620000059;620100073;GEN;;1;;;20;4;;;;;;;;49;6953;953;;;;;;;;;;1;1;3275;2508;924;99;38;;;465;445;26;16;2;;2;;1;0.6;0;1;41;1;35.32;13.44;8.14;0.7;;0.92;4.67;;;;;;;30;;24.88;7.94;8.14;;;;2.33
PSY;2014;620000059;620100073;TOT;1;;;0;20;4;;;;;;;;49;6953;953;;;;;;;;;;1;1;3275;2508;924;99;38;;;465;445;26;16;2;;2;;1;0.6;;;41;1;35.32;13.44;8.14;0.7;;0.92;4.67;;;;;;;30;;24.88;7.94;8.14;;;;2.33
PSY;2014;620000240;620100677;GEN;;2;;;90;;12;;;;20;6;;1101;26994;;3495;;;;;5026;296;;;4;1;16215;5716;3766;471;15;;;3614;3028;532;33;10;1;11.58;;;;;;149;30;173.77;120.1;11.83;7.32;;0.13;0.5;10;1;7.94;;;;105;22;121.28;86.38;11.83;0.88;;0.13;0.5
PSY;2014;620000240;620100677;INF;;1;;;;;;;;;15;;;;;;;;;;;1700;;;2;2;2;16017;2195;1101;5;31;82;;2226;2195;;;6;1;7.18;;;;;;33;19;41.27;11.9;0;5.08;;10.8;3.8;;;;;;;;;;;;;;;
PSY;2014;620000240;620100677;TOT;1;;1;0;90;;12;;;;35;6;;1101;26994;;3495;;;;;6726;296;;2;6;3;32232;7911;4867;476;46;82;;5800;5194;532;33;16;2;18.76;;;;;;182;49;215.04;132;11.83;12.4;;10.93;4.3;10;1;7.94;;;;105;22;121.28;86.38;11.83;0.88;;0.13;0.5
PSY;2014;620000257;620100685;GEN;;2;;;96;;;;1;;50;4;1;565;35601;;;;440;;;8820;1631;3610;1;1;2;9812;5175;18555;;1213;;;2956;1054;870;30;8;1;8.7;1;0;1;0;1;130;23;14.34;117.25;17.27;4.6;;3.75;5.6;;;;;;;;;;;;;;;
PSY;2014;620000257;620100685;INF;;1;;;;;;;;;16;;1;;;;;;;;;6177;;4734;6;1;1;37887;5334;2314;797;1208;1012;;2377;1881;;;3;1;4.01;;;;0;1;35;12;41.27;14.47;0;5.56;;6.45;11.7;;;;;;;;;;;;;;;
PSY;2014;620000257;620100685;TOT;1;;;0;96;;;;1;;66;4;2;565;35601;;;;440;;;14997;1631;8344;7;2;3;47699;10509;20869;797;2421;1012;;5333;2935;870;30;11;2;12.71;1;0;1;;;165;35;55.61;131.72;17.27;10.16;;10.2;17.3;;;;;;;;;;;;;;;
PSY;2014;620000281;620101287;GEN;;7;;;371;33;9;;;;84;2;0;4007;112315;8676;1244;;;;;13929;311;0;4;13;10;47951;37308;22018;2987;5996;220;;11647;8623;2673;108;28;6;34.12;12;8;14.91;;;447;143;552.77;416.8;91.76;15.55;;13.16;15.5;28;6;34.12;8;;8;363;104;440.62;324.14;91.3;4.65;;10.18;10.35
PSY;2014;620000281;620101287;INF;;2;;;15;;;;;;30;2;;165;3889;;;;;;;5444;230;;;8;9;32249;9799;2782;54;1859;2726;;6586;6423;110;;7;3;9.43;;1;0.1;;;82;63;126.7;66.85;13.08;11.95;;16.2;18.62;7;3;9.43;;1;0.1;31;16;40.44;29.43;7.68;0.73;;1;1.6
PSY;2014;620000281;620101287;PEN;;;;;;;;;;;;;;;;;;;;;;;;;;;;;;11435;;;;;2141;;;;1;;0.1;;;;;;9;2;9.42;6.62;;2.8;;;;1;;0.1;;;;;;;;;;;;
PSY;2014;620000281;620101287;TOT;1;;4;1;386;33;9;;;;114;4;0;4172;116204;8676;1244;;;;;19373;541;0;4;21;19;80200;47107;36235;3041;7855;2946;;20178;15046;2783;108;36;9;43.65;12;9;15.01;;;538;208;688.89;490.27;104.84;30.3;;29.36;34.12;36;9;43.65;8;1;8.1;394;120;481.06;353.57;98.98;5.38;;11.18;11.95
PSY;2014;620000323;620101337;GEN;;2;;;80;5;7;;;;15;;;980;20355;1090;2430;;;;;3179;;24;;1;1;23139;4843;4133;;3538;10;;3779;3057;722;10;4;2;5;1;1;;0;1;27;5;17.78;17.78;0;0;;0;0;;;;;;;111;19;115.65;82.18;3;4.3;;5.63;2
PSY;2014;620000323;620101337;INF;;1;;;;;;;;;;;;;;;;;;0;;;;1111;;;1;3050;1111;636;;1562;811;;2023;2023;;;1;0;1;0;0;;0;0;7;3;9.62;5.4;;2.8;;;;;;;;;;;;;;;;;;
PSY;2014;620000323;620101337;TOT;1;;0;0;80;5;7;;;;15;;;980;20355;1090;2430;;;0;;3179;;1135;;1;2;26189;5954;4769;;5100;821;;5802;5080;722;10;5;2;6;1;1;;;;34;8;27.4;23.18;0;2.8;;0;0;;;;;;;111;19;115.65;82.18;3;4.3;;5.63;2
PSY;2014;620000638;;GEN;;;;;48;;;;;;;;;108;15475;;;;;;;;;;;;;;;;;;;;128;20;108;;;3;1.5;;;;0;0;34;2;35;6;4;0.5;;;16.5;;;;;;;;;;;;;;;
PSY;2014;620000638;;TOT;0;;;0;48;;;;;;;;;108;15475;;;;;;;;;;;;;;;;;;;;128;20;108;;;3;1.5;;;;;;34;2;35;6;4;0.5;;;16.5;;;;;;;;;;;;;;;
PSY;2014;620000653;620103440;GEN;;2;;;80;14;22;;;;20;1;;820;26355;5759;6034;;;;;2745;258;;;2;1;16011;5685;17985;1218;2685;;;3325;2657;521;;12;1;11.4;;;;0;1;105;51;143.58;108.39;3.04;5.49;;6.61;3;12;1;11.4;;;;105;51;;;;;;;
PSY;2014;620000653;620103440;TOT;1;;0;0;80;14;22;;;;20;1;;820;26355;5759;6034;;;;;2745;258;;;2;1;16011;5685;17985;1218;2685;;;3325;2657;521;;12;1;11.4;;;;;;105;51;143.58;108.39;3.04;5.49;;6.61;3;12;1;11.4;;;;105;51;;;;;;;
PSY;2014;620001834;;GEN;;1;;;44;;15;13;;;20;;;;12879;;2639;3794;;;;4075;;;;2;1;12931;832;;;;;;2019;1700;263;;3;2;4.85;1;1;1.1;0;1;;;;;;;;;;;;;;;;;;;;;;;;
PSY;2014;620001834;;TOT;1;;1;0;44;;15;13;;;20;;;;12879;;2639;3794;;;;4075;;;;2;1;12931;832;;;;;;2019;;;;3;2;4.85;1;1;1.1;;;;;;;;;;;;;;;;;;;;;;;;;;
PSY;2014;620002154;620112607;GEN;;3;;;30;;;;;;;;;174;9893;;;;;;;;;;;;;;;;;;;;33;;32;;;4;0.4;;3;1;0;0;31;3;33.66;14.2;16.88;;;;1;;4;0.4;;3;1;31;3;33.66;14.2;16.88;;;;1
PSY;2014;620002154;620112607;INF;;2;;;5;;;;5;;50;2;;1632;1514;;;;1796;;;7155;0;;1;7;;23089;;412;27;304;554;;3675;;104;;10;;9.15;;3;0.17;0;0;85;29;106;37.31;14.32;13.57;;11.24;23.69;1;;0.7;;3;0.17;24;2;24.59;13.51;7.83;0.5;;0.5;1.72
PSY;2014;620002154;620112607;TOT;1;;4;0;35;;;;5;;50;2;;1806;11407;;;;1796;;;7155;0;;1;7;;23089;;412;27;304;554;;3708;;136;;10;4;9.55;;3;1.17;;;116;32;139.66;51.51;31.2;13.57;;11.24;24.69;1;4;1.1;;3;1.17;55;5;58.25;27.71;24.71;0.5;;0.5;2.72
PSY;2014;620003202;620103432;GEN;;1;;;45;;;;;;60;;;725;14750;;;;;;;12816;;;4;1;1;3700;2895;2421;26;;;;1386;690;492;12;3;1;3.6;2;;2;0;1;61;28;82.93;63.38;9.23;2.13;;2.5;1.2;1;3;3.3;2;0;2;43;17;55.57;42.42;7.7;1;;0;1
PSY;2014;620003202;620103432;TOT;1;;0;0;45;;;;;;60;;;725;14750;;;;;;;12816;;;4;1;1;3700;2895;2421;26;;;;1386;690;492;12;3;1;3.6;2;;2;;;61;28;82.93;63.38;9.23;2.13;;2.5;1.2;1;3;3.3;2;;2;43;17;55.57;42.42;7.7;1;;0;1
PSY;2014;620003475;620100685;GEN;;;;;8;;;;;;;;;176;2095;;;;;;;;;;;;;;;;;;;;151;;151;;3;1;3.6;1;;0.2;;;37;4;36.4;24.4;1.5;3.5;;;3;;;;;;;;;;;;;;;
PSY;2014;620003475;620100685;TOT;0;;;0;8;;;;;;;;;176;2095;;;;;;;;;;;;;;;;;;;;151;;;;3;1;3.6;1;;0.2;;;37;4;36.4;24.4;1.5;3.5;;;3;;;;;;;;;;;;;;;
PSY;2014;620018143;620100057;INF;;1;;;4;;;;;;10;2;;277;867;;;;;;;820;0;;;1;1;3145;693;3;;14;7;;1591;1400;111;0;4;1;2.36;;;;;;17;13;26.35;11.95;2;1.7;;1.16;3.74;1;1;1.6;;;;15;5;18.42;8.65;2;1.2;;1;2.42
PSY;2014;620018143;620100057;TOT;1;;;0;4;;;;;;10;2;;277;867;;;;;;;820;0;;;1;1;3145;693;3;;14;7;;1591;;;;4;1;2.36;;;;;;17;13;26.35;11.95;2;1.7;;1.16;3.74;1;1;1.6;;;;15;5;18.42;8.65;2;1.2;;1;2.42
PSY;2014;620024349;620024299;GEN;;;;;65;;;;;;15;;;;24746;;;;;;;7283;;;;;;;;;;;;;888;363;716;;0;7;1.25;;1;0.1;0;0;47;2;43.9;24.88;13.98;3.59;;1.45;;;7;1.25;;1;0.1;40;1;36.9;20.88;11.98;2.59;;1.45;
PSY;2014;620024349;620024299;INF;;;;;15;;;;;;;;;;3210;;;;;;;;;;;;;;;;;;;;99;;99;;0;7;1.25;;1;0.1;0;0;11;1;10.13;5.74;3.22;0.83;;0.34;;;7;1.25;;1;0.1;11;1;10.13;5.74;3.22;0.83;;0.34;
PSY;2014;620024349;620024299;TOT;0;;;0;80;;;;;;15;;;;27956;;;;;;;7283;;;;;;;;;;;;;987;363;815;;;7;2.5;;1;0.2;;;58;3;54.03;30.62;17.2;4.42;;1.79;;;7;2.5;;1;0.2;51;2;47.03;26.62;15.2;3.42;;1.79;
PSY;2014;620025387;620025361;GEN;;;;;58;;;;;;15;;;;20660;;;;;;;6738;;;;;;;;;;;;;838;;838;;;5;1;;5;0.8;0;0;33;6;40.4;20.9;15.2;3.1;;1.7;;;5;1;;5;0.8;;;36;18.3;12.9;3.1;;1.7;
PSY;2014;620025387;620025361;INF;;;;;5;;;;;;;;;;2255;;;;;;;;;;;;;;;;;;;;63;;63;;;5;1;;5;0.8;0;0;3;1;4;1.8;1.3;0.3;;0.1;;;5;1;;5;0.8;;;3.1;1.6;1.1;0.3;;0.1;
PSY;2014;620025387;620025361;TOT;0;;;0;63;;;;;;15;;;;22915;;;;;;;6738;;;;;;;;;;;;;901;;901;;;5;2;;5;1.6;;;36;7;44.4;22.7;16.5;3.4;;1.8;;;5;2;;5;1.6;;;39.1;19.9;14;3.4;;1.8;
PSY;2014;620100347;590039863;GEN;;;;;83;;;;;;15;2;;674;20235;;;;;;;2208;0;;;;;;;;;;;;595;;;;3;2;5.21;0;2;0.94;;;81;16;76.51;46.07;;2;;1.9;2.25;;;;;;;;;;;;;;;
PSY;2014;620100347;590039863;TOT;0;;;0;83;;;;;;15;2;;674;20235;;;;;;;2208;0;;;;;;;;;;;;595;;;;3;2;5.21;;2;0.94;;;81;16;76.51;46.07;;2;;1.9;2.25;;;;;;;;;;;;;;;
PSY;2014;620105973;590039863;INF;;;;;26;;;;;;;;;;6168;;;;;;;;;;;;;;;;;;;;19;;;;;2;0.23;6;1;1.08;0;0;41;4;33.83;7;19.6;;;3.41;1.66;;;;;;;;;;;;;;;
PSY;2014;620105973;590039863;TOT;0;;;0;26;;;;;;;;;;6168;;;;;;;;;;;;;;;;;;;;19;;;;;2;0.23;6;1;1.08;;;41;4;33.83;7;19.6;;;3.41;1.66;;;;;;;;;;;;;;;
PSY;2014;630000412;630780997;GEN;;1;;;;;;;;;5;;;;;;;;;;;1886;;;;;;3544;;460;100;237;;;412;363;;;;1;0.2;;;;;;5;6;;5.6;1;1.8;;;0.8;;;;;;;;;;;;;;;
PSY;2014;630000412;630780997;TOT;1;;0;0;;;;;;;5;;;;;;;;;;;1886;;;;;;3544;;460;100;237;;;412;;;;;1;0.2;;;;;;5;6;;5.6;1;1.8;;;0.8;;;;;;;;;;;;;;;
PSY;2014;630000446;630781029;GEN;;1;;;31;0;;;;;13;2;;436;9434;0;;;;;;4893;5;0;;1;1;14967;168;1816;194;230;121;;2203;2120;300;4;4;;4;2;;2;0;1;43;16;47.03;35.1;6;3.4;;0.5;0.23;;;;;;;;;;;;;;;
PSY;2014;630000446;630781029;INF;;3;;;;;;;;;;;;;;;;;;;;;;;;3;;;;;;;;;;;;;1;1;1.8;;;;0;0;6;7;9.76;;;4.65;;2.53;2.58;;;;;;;;;;;;;;;
PSY;2014;630000446;630781029;TOT;1;;0;0;31;0;;;;;13;2;;436;9434;0;;;;;;4893;5;0;;4;1;14967;168;1816;194;230;121;;2818;;;;5;1;5.8;2;;2;;;49;23;56.79;35.1;6;8.05;;3.03;2.81;;;;;;;;;;;;;;;
PSY;2014;630780195;630786754;GEN;;5;;;304;;;;;;284;;;2687;97451;;;;;;6;43028;0;;4;18;2;49146;14942;9918;2858;1089;2;;7378;;1854;36;27;10;32.28;1;4;2.81;;;496;80;537.35;333.65;85.09;11.2;;2;14.42;19;11;11.81;;3;1.31;;;372.22;209.99;85.09;;;;
PSY;2014;630780195;630786754;INF;;1;;;16;;;;;;36;;;350;2640;;;;;;;3744;;;1;2;;6786;;21;155;6;9;;1008;;38;;5;1;5.84;;;;;;54;18;69.14;27.07;3.1;6;;3.64;20.41;4;;1.25;;;;;;38.84;18.71;2.02;;;;
PSY;2014;630780195;630786754;PEN;;;;;;;;;;;;;;;;;;;;;;;;;;1;;;;6264;;;;;633;;;;;;1.1;;;;;;;;;;;;;;;;;1.1;;;;;;1.23;;;0.2;;;
PSY;2014;630780195;630786754;TOT;1;;12;1;320;;;;;;320;;;3037;100091;;;;;;6;46772;0;;5;21;2;55932;14942;16203;3013;1095;11;;8897;;1883;36;32;11;39.22;1;4;2.81;;;550;98;606.49;360.72;88.19;17.2;;5.64;34.83;23;11;14.16;;3;1.31;;;412.29;228.7;87.11;0.2;;;
PSY;2014;630780401;630000172;GEN;;;;;113;;;;;;20;12;;998;38410;;;;;;;7826;4280;;;;;;;;;;;;1330;261;1069;;;8;4.27;;5;2.8;0;0;41;29;56.32;33.84;19.15;1.89;;0.6;0.84;;;;;;;;;;;;;;;
PSY;2014;630780401;630000172;TOT;0;;;0;113;;;;;;20;12;;998;38410;;;;;;;7826;4280;;;;;;;;;;;;1330;;;;;8;4.27;;5;2.8;;;41;29;56.32;33.84;19.15;1.89;;0.6;0.84;;;;;;;;;;;;;;;
PSY;2014;630781417;630000578;GEN;;;;;68;;;;;;10;;;622;24167;;;;;;;3454;;;;;;;;;;;;;557;;;;;;;;;;;;26;1;;17.8;8;1;;;;5;;;;;;;;;;;;;;
PSY;2014;630781417;630000578;TOT;0;;;0;68;;;;;;10;;;622;24167;;;;;;;3454;;;;;;;;;;;;;557;;;;;;;;;;;;26;1;;17.8;8;1;;;;5;;;;;;;;;;;;;;
PSY;2014;630781771;630780989;GEN;;2;;;177;;;;;;28;;;1554;52174;;;;;;50;10009;;1079;;10;6;16026;854;1105;387;5661;2;;5782;4374;1222;4;28;10;24.2;1;9;3.85;0;1;162;47;189.3;84.38;70.56;5.62;;0.46;5.48;;;;;;;;;;;;;;;
PSY;2014;630781771;630780989;INF;;3;;;12;;;;;;33;;;175;3205;;;;;;63;5367;;;1;5;;8064;;42;8;1;326;;1454;1164;78;;4;4;6.2;0;4;0.5;0;1;60;20;65.88;25.53;9;6.1;;2.22;17.85;;;;;;;;;;;;;;;
PSY;2014;630781771;630780989;TOT;1;;;0;189;;;;;;61;;;1729;55379;;;;;;113;15376;;1079;1;15;6;24090;854;1147;395;5662;328;;7208;;;;32;14;30.4;1;13;4.35;;;218;66;255.18;109.91;79.56;11.72;;2.68;23.33;;;;;;;;;;;;;;;
PSY;2014;630781821;750043994;GEN;;;;;110;;;;;;20;;;1421;39805;;;;;;;7645;;;;;;;;;;;;;839;;773;;8;;;;5;;0;1;38;26;49.72;27.86;15.16;1.6;;3.7;1.4;8;;;;5;;34;25;44.45;25.36;13.66;1.1;;3.1;1.23
PSY;2014;630781821;750043994;TOT;0;;;0;110;;;;;;20;;;1421;39805;;;;;;;7645;;;;;;;;;;;;;839;;773;;8;;;;5;;;;38;26;49.72;27.86;15.16;1.6;;3.7;1.4;8;;;;5;;34;25;44.45;25.36;13.66;1.1;;3.1;1.23
PSY;2014;640000162;640780417;GEN;;3;;;;;;;8;;;;;;;;;;2310;;;;;;;;;;;;;;;;379;;379;;5;1;4.05;0;0;0;;;33;6;36.02;32.52;1;1;;0.5;0;3;1;2.22;0;0;0;90;14;102.33;70.34;12.78;1.83;;0.04;1.67
PSY;2014;640000162;640780417;INF;;1;;;8;;;;;;32;;;103;1826;;;;;;;5246;;;;2;5;9673;2691;313;80;314;214;;944;782;97;;7;3;8.25;0;0;0;;;53;21;65.65;28.49;2;8.18;;10.63;12.35;0;0;0;0;0;0;0;0;0;0;0;0;;0;0
PSY;2014;640000162;640780417;TOT;1;;1;1;8;;;;8;;32;;;103;1826;;;;2310;;;5246;;;;2;5;9673;2691;313;80;314;214;;1323;782;476;;12;4;12.3;;;0;;;86;27;101.67;61.01;3;9.18;;11.13;12.35;3;1;2.22;0;0;0;90;14;102.33;70.34;12.78;1.83;;0.04;1.67
PSY;2014;640000436;640780862;GEN;;4;;;298;;;;18;;178;30;1;2139;91996;0;0;0;5186;0;27;28867;4934;1257;9;27;24;76330;28512;19156;16036;5013;41;;11262;8642;1926;78;29;7;34.5;;;;1;0;538;63;608.47;378.63;83.19;14.74;;9.19;16.35;29;7;34.5;;;;350;34;392.37;222.53;73.37;2;;2.39;11.55
PSY;2014;640000436;640780862;INF;;2;;;29;3;;;;;56;2;;210;6114;2;;;0;0;93;7578;18;0;6;12;11;43888;3708;1066;68;644;216;;3816;3303;129;0;11;;11;;;;0;0;132;28;127.98;58.45;0;18.05;;26.19;16.54;11;;4;;;;29;9;43.59;25.08;4.87;1;;0.5;2.52
PSY;2014;640000436;640780862;PEN;;;;;;;;;;;;;;;;;;;;;;;;0;;;;;0;0;;;;7918;532;496;0;0;;3;0.59;;;;;;;;;;;;;;;;;;;;;;;;;;;;;
PSY;2014;640000436;640780862;TOT;1;;5;1;327;3;;;18;;234;32;1;2349;98110;2;0;0;5186;0;120;36445;4952;1257;15;39;35;120218;32220;20222;16104;5657;257;7918;14810;12216;1979;78;34;10;46.09;;;;;;670;91;736.45;437.08;83.19;32.79;;35.38;32.89;34;7;38.5;;;;379;43;435.96;247.61;78.24;3;;2.89;14.07
PSY;2014;640007019;;GEN;;;;;73;;;;;;;;;594;24732;;;;;;;;;;;;;;;;;;;;594;;;;4;1;4.34;;;;;;;;;;;;;;;;;;;;;;;;;;;;;
PSY;2014;640007019;;TOT;0;;;0;73;;;;;;;;;594;24732;;;;;;;;;;;;;;;;;;;;594;;;;4;1;4.34;;;;;;;;;;;;;;;;;;;;;;;;;;;;;
PSY;2014;640017521;640790374;GEN;;;;;;;;;;;15;;;;;;;;;;;3920;;;;;1;;2769;;;;;;478;478;0;0;;1;0.35;;;;0;0;1;11;;1;;1;;3.88;;;;;;;;;;;;;;;;
PSY;2014;640017521;640790374;TOT;0;;;0;;;;;;;15;;;;;;;;;;;3920;;;;;1;;2769;;;;;;478;478;;;;1;0.35;;;;;;1;11;;1;;1;;3.88;;;;;;;;;;;;;;;;
PSY;2014;640780334;640017893;GEN;;;;;60;;;;;;15;;;;19747;;;;;;;2389;;;;;;;;;;;;;504;;;;3;;;1;;1;;;21;3;22.33;19;2.33;;;1;;;;;;;;19;3;20.33;17;2.33;;;1;
PSY;2014;640780334;640017893;TOT;0;;;0;60;;;;;;15;;;;19747;;;;;;;2389;;;;;;;;;;;;;504;;;;3;;;1;;1;;;21;3;22.33;19;2.33;;;1;;;;;;;;19;3;20.33;17;2.33;;;1;
PSY;2014;640780409;640000154;GEN;;;;;49;;;;;;;;;889;17784;;;;;;;;;;;;;;;;;;;;661;;661;;;4;2.5;;;;;;16;3;17.28;10.72;6;0.34;;;0.22;;4;2.5;;;;16;3;17.28;10.72;6;0.34;;;0.22
PSY;2014;640780409;640000154;TOT;0;;;0;49;;;;;;;;;889;17784;;;;;;;;;;;;;;;;;;;;661;;661;;;4;2.5;;;;;;16;3;17.28;10.72;6;0.34;;;0.22;;4;2.5;;;;16;3;17.28;10.72;6;0.34;;;0.22
PSY;2014;640781365;750052292;GEN;;;;;40;;;;;;15;;;614;15108;;;;;;;3638;;;;;;;;;;;;;475;;447;;;2;;;4;0.59;0;0;12;4;18.26;10.3;6.81;0.64;;0.51;;;2;;;4;0.59;11;3;;8.68;6.81;0.64;;0.43;
PSY;2014;640781365;750052292;TOT;0;;;0;40;;;;;;15;;;614;15108;;;;;;;3638;;;;;;;;;;;;;475;;447;;;2;;;4;0.59;;;12;4;18.26;10.3;6.81;0.64;;0.51;;;2;;;4;0.59;11;3;;8.68;6.81;0.64;;0.43;
PSY;2014;640781399;640000683;GEN;;;;;51;;;;;;;;;573;17519;;;;;;;;;;;;;;;;;;;;533;;533;;3;;3;1;;0.69;0;0;12;13;19.52;15.13;2.92;0.98;;;0.5;3;;3;1;;0.69;12;13;19.52;15.13;2.92;0.98;;;0.5
PSY;2014;640781399;640000683;TOT;0;;;0;51;;;;;;;;;573;17519;;;;;;;;;;;;;;;;;;;;533;;;;3;;3;1;;0.69;;;12;13;19.52;15.13;2.92;0.98;;;0.5;3;;3;1;;0.69;12;13;19.52;15.13;2.92;0.98;;;0.5
PSY;2014;640784278;640780417;GEN;;3;;;107;;;;;;20;10;;1646;34290;;;;;;51;2900;366;;;14;4;50140;122216;9024;1233;5331;10;;5209;3931;1232;22;10;2;10.07;2;5;3.6;1;1;97;12;101.34;78.8;0;3.83;;0.04;5.81;0;0;0;0;0;0;0;0;0;0;0;0;;0;0
PSY;2014;640784278;640780417;PEN;;;;;;;;;;;;;;;;;;;;;;;;;;;;;;2649;;;;;327;308;;;0;0;0;2;4;1;;;6;2;5.66;4.63;0.03;1;;0;0;0;0;0;0;0;0;0;0;0;0;0;0;;0;0
PSY;2014;640784278;640780417;TOT;1;;3;1;107;;;;;;20;10;;1646;34290;;;;;;51;2900;366;;;14;4;50140;122216;11673;1233;5331;10;;5536;4239;1232;22;10;2;10.07;2;5;4.6;;;97;12;107;83.43;0.03;4.83;;0.04;5.81;0;0;0;0;0;0;0;0;0;0;0;0;;0;0
PSY;2014;650000060;650780174;GEN;;3;;;228;;;16;;6;84;3;5;2638;73763;;;4598;;218;36;15092;339;0;;14;5;69173;15185;16046;1789;5143;0;;9523;7131;1653;33;18;;17.6;4;1;4.8;1;1;327;76;381.3;297.14;21.25;13.46;;;12.53;12;;6.05;4;1;3.04;184;33;172.63;147.57;10.16;3.07;;;0.98
PSY;2014;650000060;650780174;INF;;1;;;14;7;;;;;69;0;6;310;2824;1143;;;;;48;6951;6;0;;8;6;16001;10521;568;422;5;239;;2068;1732;88;;2;2;3.4;2;;2;1;1;79;30;97.43;47.74;1.83;12.59;;5.61;21.69;1;;0.7;1;;1;29;3;21.36;13.79;0.17;0.75;;;5.25
PSY;2014;650000060;650780174;PEN;;;;;;;;;;;;;;;;;;;;;;;;;;2;;;;;;;;1250;327;327;;;2;;0.2;2;;0.2;;;6;3;1.95;1.75;;0.2;;;;;;;;;;;;;;;;;;
PSY;2014;650000060;650780174;TOT;1;;4;1;242;7;;16;;6;153;3;11;2948;76587;1143;;4598;;218;84;22043;345;0;;24;11;85174;25706;16614;2211;5148;239;1250;11679;9138;1714;;22;2;21.2;8;1;7;;;412;109;480.68;346.63;23.08;26.25;;5.61;34.22;13;;6.75;5;1;4.04;213;36;193.99;161.36;10.33;3.82;;;6.23
PSY;2014;650780729;650000276;GEN;;2;;;49;;;;;;12;;;501;12108;;;;;;;1451;;;;;;;;;;;;;553;;385;8;2;1;2.03;;1;0.5;1;1;19;;19.27;13;3;0.27;;1;;2;1;2.03;;;;15;1;15.3;12;3;;;0.3;
PSY;2014;650780729;650000276;TOT;0;;;0;49;;;;;;12;;;501;12108;;;;;;;1451;;;;;;;;;;;;;553;;385;8;2;1;2.03;;1;0.5;;;19;;19.27;13;3;0.27;;1;;2;1;2.03;;;;15;1;15.3;12;3;;;0.3;
PSY;2014;650780737;650000284;GEN;;;;;43;;;;;;;;;445;15474;;;;;;;;;;;;;;;;;;;;445;;;;2;;;1;2;;;;;;;;;;;;;;;;;;;;;;;;;;;
PSY;2014;650780737;650000284;TOT;0;;;0;43;;;;;;;;;445;15474;;;;;;;;;;;;;;;;;;;;445;;;;2;;;1;2;;;;;;;;;;;;;;;;;;;;;;;;;;;
PSY;2014;660000092;660780198;GEN;;6;;;209;8;14;10;10;;141;1;;2266;67095;653;4135;2254;1963;;;22225;9;;3;12;11;77008;19981;7621;4432;7216;45;;9573;7203;1495;36;33;2;32.73;12;7;11.08;1;1;478;102;539.86;321.58;59.76;11.59;;5;18.31;33;2;32.73;5;4;5.5;300;57;365;192.98;57.87;4.72;;1;13.07
PSY;2014;660000092;660780198;INF;;2;;;8;8;;;;;50;1;;129;2419;345;;;;;;4042;44;;3;7;8;28089;876;437;75;206;371;;3552;3336;76;;11;2;12.11;;;;0;1;93;28;117.55;47.85;2.7;13.7;;11.63;20.86;11;2;2.3;;;;24;6;5.43;1.5;;0.83;;1.02;0.67
PSY;2014;660000092;660780198;PEN;;;;;13;;;;;;;;;73;3873;;;;;;;;;;1;1;;;;38929;;;;;1545;1434;62;;4;1;4.5;;;;;;17;2;16.7;10;;2.41;;;0.5;4;1;4.5;;;;13;1;13.45;9;;1;;;0.5
PSY;2014;660000092;660780198;TOT;1;;7;1;230;16;14;10;10;;191;2;;2468;73387;998;4135;2254;1963;;;26267;53;;7;20;19;105097;20857;46987;4507;7422;416;;14445;11837;1623;36;48;5;49.34;12;7;11.08;;;588;132;674.11;379.43;62.46;27.7;;16.63;39.67;48;5;39.53;5;4;5.5;337;64;383.88;203.48;57.87;6.55;;2.02;14.24
PSY;2014;660000142;;GEN;;;;;110;;;;;;20;;;1615;39700;;;;;;;6427;;;;;;;;;;;;;1442;;1180;0;;;;;;;1;0;51;7;54.3;30;17.4;3;;1.57;2.33;7;;7;;;;47;7;50.3;28;17.4;2;;0.57;2.33
PSY;2014;660000142;;TOT;0;;;0;110;;;;;;20;;;1615;39700;;;;;;;6427;;;;;;;;;;;;;1442;;;;;;;;;;;;51;7;54.3;30;17.4;3;;1.57;2.33;7;;7;;;;47;7;50.3;28;17.4;2;;0.57;2.33
PSY;2014;660000365;;GEN;;;;;80;;;;;;13;;;635;27184;;;;;;;6796;;;;;;;;;;;;;512;;471;;1;4;3;1;;1;0;0;35;9;38.3;20.5;12.8;1;;4.34;1;1;4;3;1;;1;30;7;33.8;16;12.8;1;;2.5;1
PSY;2014;660000365;;INF;;;;;;;;;;;15;;;;;;;;;;;4214;;;;;;;;;;;;;102;;;;;1;1;;;;0;0;4;4;5.84;3;;1;;2.84;;;;;;;;;;;;;;;;
PSY;2014;660000365;;TOT;0;;;0;80;;;;;;28;;;635;27184;;;;;;;11010;;;;;;;;;;;;;614;;471;;1;5;4;1;;1;;;39;13;44.14;23.5;12.8;2;;7.18;1;1;4;3;1;;1;30;7;33.8;16;12.8;1;;2.5;1
PSY;2014;660780214;750055071;GEN;;;;;0;;;60;;;;;;;0;;;21780;;;;;;;;;;;;;;;;;200;;200;;2;;2.09;;1;0.3;0;0;50;;;;;;;;;2;;2.09;;1;0.3;;;;;;;;;
PSY;2014;660780214;750055071;TOT;0;;;0;0;;;60;;;;;;;0;;;21780;;;;;;;;;;;;;;;;;200;;200;;2;;2.09;;1;0.3;;;50;;;;;;;;;2;;2.09;;1;0.3;;;;;;;;;
PSY;2014;670000025;670780055;GEN;;1;;;79;;;;4;;12;4;;1550;25772;;;;679;;48;3222;42;;1;1;2;16708;2797;1230;9;3973;;;7589;6764;774;;16;16;16.5;;;;1;0;127;28;150.39;58.12;37.52;7.1;;1.69;;14;3;6;;;;96;19;112.68;42.81;34.86;4.1;;;
PSY;2014;670000025;670780055;INF;;1;;;12;;;;;;59;;;199;3011;;;;;;56;13536;;;2;4;2;13036;2425;59;4;521;187;;2291;1835;133;;9;6;10.17;;;;0;1;66;54;102.78;23.97;6.6;8.66;;10.54;14.69;2;1;0.75;;;;25;16;32.18;10.55;2.14;3.7;;2.78;3.37
PSY;2014;670000025;670780055;TOT;1;;1;0;91;;;;4;;71;4;;1749;28783;;;;679;;104;16758;42;;3;5;4;29744;5222;1289;13;4494;187;;9695;8455;880;;25;22;26.67;;;;;;193;82;253.17;82.09;44.12;15.76;;12.23;14.69;16;4;6.75;;;;121;35;144.86;53.36;37;7.8;;2.78;3.37
PSY;2014;670000058;670013366;GEN;;9;;;348;;3;;;;216;8;22;4353;130598;0;945;0;0;0;67;51263;204;17432;;38;23;92421;3;11950;7349;8871;2;;13959;10098;2791;68;57;8;55.87;;;;0;1;583;141;685.37;439.2;87.3;24.41;;2.7;25.71;;;;;;;403;88;458.41;268.17;83.6;5;;1.5;9.03
PSY;2014;670000058;670013366;INF;;2;;;8;;;;;;90;;15;161;2382;0;;;0;0;73;11919;0;4472;;9;;18371;0;1720;55;458;275;;3273;2596;60;0;9;3;11.2;;;;0;1;121;22;132.1;63.73;9.03;10.87;;6.86;33.92;;;;;;;16;1;13.56;10.38;0.99;0;;;0.39
PSY;2014;670000058;670013366;PEN;;;;;;;;;;;12;;1;0;0;;;;;;;3478;;937;;2;;;0;41629;;;;0;1663;1447;0;0;4;;4;;;;;;14;2;15.7;11.83;;1.92;;;1;;;;;;;;;;;;;;;
PSY;2014;670000058;670013366;TOT;1;;1;1;356;;3;;;;318;8;38;4514;132980;0;945;0;0;0;140;66660;204;22841;;49;23;110792;3;55299;7404;9329;277;0;18666;13947;2845;68;70;11;71.07;;;;;;718;165;833.17;514.76;96.33;37.2;;9.56;60.63;;;;;;;419;89;471.97;278.55;84.59;5;;1.5;9.42
PSY;2014;670000603;670781152;GEN;;3;;;220;;;;;;133;;;3191;71426;;;;;;186;32717;;;;6;6;44060;;3116;5129;1109;0;;5776;;1542;558;19;3;20.04;0;6;1.05;1;1;270;86;333.03;209.43;58.51;8.09;;2.6;9.79;14;1;6.28;0;0;0.08;255;198;218.08;132.92;46.9;2.11;;0.84;5.35
PSY;2014;670000603;670781152;INF;;1;;;0;;;;;;68;;;;;;;;;;20;6069;;;2;3;4;25922;;346;106;163;306;;2354;2354;;;8;0;7.11;0;0;0.53;0;0;51;44;83.24;30.75;8.3;13.47;;6.12;13.24;0;0;0;0;0;0;0;0;0;0;0;0;;0;0
PSY;2014;670000603;670781152;TOT;1;;4;0;220;;;;;;201;;;3191;71426;;;;;;206;38786;;;2;9;10;69982;;3462;5235;1272;306;;8130;;;;27;3;27.15;0;6;1.58;;;321;130;416.27;240.18;66.81;21.56;;8.72;23.03;14;1;6.28;0;0;0.08;255;198;218.08;132.92;46.9;2.11;;0.84;5.35
PSY;2014;670013754;;GEN;;1;;;50;;3;;;;16;;;547;14838;;841;;;;;2473;;;;1;1;4877;2777;663;176;54;;;895;493;377;5;3;;3;1;6;1.37;1;1;62;28;79.63;40.33;3.75;2.3;;0.59;3;3;;1.8;1;2;1.11;;;6.8;30.73;3.75;1.3;;0.59;2
PSY;2014;670013754;;TOT;1;;0;0;50;;3;;;;16;;;547;14838;;841;;;;;2473;;;;1;1;4877;2777;663;176;54;;;895;;;;3;;3;1;6;1.37;;;62;28;79.63;40.33;3.75;2.3;;0.59;3;3;;1.8;1;2;1.11;;;6.8;30.73;3.75;1.3;;0.59;2
PSY;2014;680000627;680000486;GEN;;2;;;89;;;;;;30;;3;978;25613;;;;;;;6758;;;3;14;3;13782;6548;5840;2104;9002;;;5826;5040;689;6;16;7;16.9;4;2;4.89;1;0;154;86;203.87;137.77;19.98;13.47;;2.09;7.36;15;5;8.4;4;1;2.99;101;23;110.02;76.32;16.14;2.21;;0.02;2.89
PSY;2014;680000627;680000486;INF;;1;;;5;;;;;;33;;;101;2195;;;;;;;4880;;;;2;;6273;;105;83;8;13;;1114;951;81;;2;3;2.5;0;0;0;1;0;35;31;51.54;17.81;5.95;5.81;;2.22;9.51;0;0;0;0;0;0;13;8;18.17;9.71;5.95;;;;0.5
PSY;2014;680000627;680000486;PEN;;;;;;;;;;;;;;;;;;;;;;;;;;1;;;;;;;;1608;118;118;;;0;1;0.16;2;3;1.41;;;12;6;12.41;8.39;0.42;1.89;;0.2;0.02;0;0;0;0;0;0;;;;;;;;;
PSY;2014;680000627;680000486;TOT;1;;1;1;94;;;;;;63;;3;1079;27808;;;;;;;11638;;;3;17;3;20055;6548;5945;2187;9010;13;1608;6925;6001;767;6;16;8;19.56;5;5;6.3;;;190;122;267.82;163.97;26.35;21.17;;4.51;16.89;15;5;8.4;4;1;2.99;113;31;128.19;86.03;22.09;2.21;;0.02;3.39
PSY;2014;680000684;680000973;GEN;;1;;;51;;;;;;27;;;712;15051;;;;;;;4806;;;1;2;2;14932;5989;454;181;4270;;;3385;2759;626;0;10;;8;;1;0.1;0;1;71;29;91.61;55.48;7.08;6.93;;2.25;3.21;10;;2.44;;;;52;26;68.75;40.11;7.08;3.75;;2;1.15
PSY;2014;680000684;680000973;INF;;1;;;;;;;;;36;;;;;;;;;;;5822;;;2;1;3;18540;4870;217;192;778;309;;2092;1997;;;4;2;5.6;;;;0;1;37;17;48.19;12.45;1;8.75;;9.28;11.03;;;;;;;;;;;;;;;
PSY;2014;680000684;680000973;TOT;1;;1;0;51;;;;;;63;;;712;15051;;;;;;;10628;;;3;3;5;33472;10859;671;373;5048;309;;5410;;;;14;2;13.6;;1;0.1;;;108;46;139.8;67.93;8.08;15.68;;11.53;14.24;10;0;2.44;;;;52;26;68.75;40.11;7.08;3.75;;2;1.15
PSY;2014;680000874;680001179;GEN;;6;;;315;1;9;;;;140;;;3415;108883;239;1932;0;0;0;276;28739;0;0;5;17;9;74053;16854;8326;7042;1861;0;;12842;9816;2432;29;35;2;36.4;12;10;13.53;0;0;414;224;583.5;368.35;50.9;31.75;;10.8;24.1;20;1;20.9;7;1;8;260;121;354.45;229.3;42.5;8.6;;3;15.7
PSY;2014;680000874;680001179;INF;;1;;;12;;;;;;51;;;164;3113;0;;;0;0;176;4041;0;0;0;4;3;11086;8405;326;403;154;534;;2091;1791;112;0;4;2;5.6;0;0;0;0;0;53;53;92.38;34;0;8.85;;3.6;26.7;1;0;1;0;0;0;15;9;21.6;16;0;1;;0;2
PSY;2014;680000874;680001179;PEN;;;;;;;;;;;;;;0;0;;;;;;;0;;0;0;2;0;;0;0;;;;9477;0;0;0;0;2;0;2;0;0;0;;;7;1;7.8;3;0;4.8;;0;0;0;0;0;0;0;0;0;0;0;0;0;0;;0;0
PSY;2014;680000874;680001179;TOT;1;;0;1;327;1;9;;;;191;;;3579;111996;239;1932;0;0;0;452;32780;0;0;5;23;12;85139;25259;8652;7445;2015;534;9477;14773;11498;2510;29;41;4;44;12;10;13.53;;;474;278;683.68;405.35;50.9;45.4;;14.4;50.8;21;1;21.9;7;1;8;275;130;376.05;245.3;42.5;9.6;;3;17.7
PSY;2014;680001294;680000890;GEN;;;;;66;;;;;;;;;898;23312;;;;;;;;;;;;;;;;;;;;819;;819;;3;;3;;2;0.95;0;1;17;16;28.1;17.5;8.5;1.6;;0;0.5;3;;3;;2;0.95;;;;;;;;;
PSY;2014;680001294;680000890;TOT;0;;;0;66;;;;;;;;;898;23312;;;;;;;;;;;;;;;;;;;;819;;819;;3;;3;;2;0.95;;;17;16;28.1;17.5;8.5;1.6;;0;0.5;3;;3;;2;0.95;;;;;;;;;
PSY;2014;690000088;690780101;GEN;;6;;;612;10;18;;;3;234;34;29;5807;212940;2732;18853;;;188;9;33431;764;11979;;17;15;105689;14325;7701;1430;2385;1;;15386;11068;3246;210;102;30;106.84;;;;;;1424;219;1354;728.17;230.41;44.96;;9.9;27.72;67;15;49.75;;;;;;872.87;479.78;217.22;4;;3.4;3.18
PSY;2014;690000088;690780101;INF;;4;;;14;10;;;;;86;1;;176;3914;1666;;;;;44;5460;11;;;18;16;71178;10053;739;189;469;3208;;6230;5934;117;0;29;24;41.28;;;;;;302;83;299.24;112.08;11.57;40.59;;34.54;28.77;4;2;2.85;;;;;;51.9;27.81;9.9;1.5;;1.6;1
PSY;2014;690000088;690780101;PEN;;;;;60;;;;;;24;;;320;19535;;;;;;;8285;;;;;;;;35735;;;;;2773;2430;277;9;15;0;11.62;;;;;;157;13;138.9;74.01;31.18;7.78;;0.89;1.6;8;0;4.4;;;;;;105.52;54.48;30.29;2.1;;0.89;0.6
PSY;2014;690000088;690780101;TOT;1;;15;1;686;20;18;;;3;344;35;29;6303;236389;4398;18853;;;188;53;47176;775;11979;;35;31;176867;24378;44175;1619;2854;3209;;24089;19208;3583;219;146;54;159.74;;;;;;1883;305;1792.14;914.26;273.16;93.33;;45.33;58.09;79;17;57;;;;;;1030.29;562.07;257.41;7.6;;5.89;4.78
PSY;2014;690000096;690780119;GEN;;3;;;168;3;;;;;68;5;;1679;56114;365;;;;;;6912;0;;5;10;17;42393;10229;3448;1179;5744;10;;8391;7113;1006;10;33;3;36.34;1;;1;0;1;299;74;346.01;192.06;33.14;24.46;;1.77;2.37;12;1;12.92;;;;197;27;206;118;27.59;3.66;;1.1;3
PSY;2014;690000096;690780119;INF;;2;;;7;1;;;;;63;1;;549;940;0;;;;;;7530;0;;3;10;16;27494;12313;231;83;968;418;;3476;3333;34;;8;5;12.9;;;;0;1;84;67;126.9;38.73;2.27;17.74;;16.05;22.52;3;;0.36;;;;6;2;5.78;3.45;1;0.22;;0;0
PSY;2014;690000096;690780119;PEN;;;;;;;;;;;;;;;;;;;;;;;;;;1;;;;;;;;14952;770;770;;;2;;1.5;;;;;;7;1;7.44;5.28;0;2.2;;0;0;2;;1.5;;;;7;1;7.44;5.28;0;2.2;;0;0
PSY;2014;690000096;690780119;TOT;1;;;1;175;4;;;;;131;6;;2228;57054;365;;;;;;14442;0;;8;21;33;69887;22542;3679;1262;6712;428;14952;11792;10446;1040;10;43;8;50.74;1;;1;;;390;142;480.35;236.07;35.41;44.4;;17.82;24.89;17;1;14.78;;;;210;30;219.22;126.73;28.59;6.08;;1.1;3
PSY;2014;690000310;;GEN;;;;;142;;;;;;20;;;944;50094;;;;;;;8365;;;;;;;;;;;;;1330;248;1082;4;6;7;8.1;;5;4.12;1;1;;;72.11;40.1;22.12;6.87;;;3.02;;;;;;;;;;;;;;;
PSY;2014;690000310;;TOT;0;;;0;142;;;;;;20;;;944;50094;;;;;;;8365;;;;;;;;;;;;;944;;;;6;7;8.1;;5;4.12;;;;;72.11;40.1;22.12;6.87;;;3.02;;;;;;;;;;;;;;;
PSY;2014;690000336;690780564;GEN;;;;;110;;16;;;;15;;;656;33528;;3980;;;;;2871;;;;;;;;;;;;;1022;298;724;33;5;;5;1;1;1.5;;;96;45;121.9;68.1;42.8;3.6;;3;4.4;;;;;;;;;;;;;;;
PSY;2014;690000336;690780564;TOT;0;;;0;110;;16;;;;15;;;656;33528;;3980;;;;;2871;;;;;;;;;;;;;1022;;;;5;;5;1;1;1.5;;;96;45;121.9;68.1;42.8;3.6;;3;4.4;;;;;;;;;;;;;;;
PSY;2014;690002092;010783009;GEN;;;;;78;;;;;;14;1;;657;24846;;;;;;;4551;0;;;;;;;;;;;;588;;588;0;4;1;;;;;;;;;;;;;;;;;;;;;;;;;;;;;;
PSY;2014;690002092;010783009;TOT;0;;;0;78;;;;;;14;1;;657;24846;;;;;;;4551;0;;;;;;;;;;;;588;;588;;4;1;;;;;;;;;;;;;;;;;;;;;;;;;;;;;;
PSY;2014;690022959;690000732;INF;;;;;5;;;;;;5;;;196;498;;;;;;;1077;;;;;;;;;;;;;75;48;27;0;;2;1;;;;0;0;4;11;10.2;6.9;1;0.5;;0.8;0.5;;;;;;;;;;;;;;;
PSY;2014;690022959;690000732;TOT;0;;;0;5;;;;;;5;;;196;498;;;;;;;1077;;;;;;;;;;;;;65;;30;;;2;1;;;;;;4;11;10.2;6.9;1;0.5;;0.8;0.5;;;;;;;;;;;;;;;
PSY;2014;690036108;690036090;GEN;;;;;;;;;;;15;;;;;;;;;;;7295;;;;;;;;;;;;;285;;;;1;2;1.4;;;;0;0;7;;6.25;4.42;;;;;;;;;;;;;;;;;;;;
PSY;2014;690036108;690036090;TOT;0;;;0;;;;;;;15;;;;;;;;;;;7295;;;;;;;;;;;;;285;;;;1;2;1.4;;;;;;7;;6.25;4.42;;;;;;;;;;;;;;;;;;;;
PSY;2014;690780093;750821092;GEN;;;;;16;;;;;;6;;;286;5440;;;;;;;1303;;;;1;;2835;;;;;;;271;57;214;;4;;4.65;;;;0;1;24;;;10.5;6.8;1.5;;1;0;4;;3.65;;;;24;;;10.5;6.8;1.5;;1.5;0
PSY;2014;690780093;750821092;INF;;;;;;;;;;;;;;;;;;;;;;;;;;;;;;;;;;;;;;;;;;;;;0;1;;;;;;;;;;;;;;;;;;;;;;;;
PSY;2014;690780093;750821092;TOT;0;;;0;16;;;;;;6;;;286;5440;;;;;;;1303;;;;1;;2835;;;;;;;271;;;;4;;4.65;;;;;;24;;;10.5;6.8;1.5;;1;0;4;;3.65;;;;24;;;10.5;6.8;1.5;;1.5;0
PSY;2014;690780507;750052276;GEN;;;;;174;;;;;;10;;;1986;63294;;;;;;;3801;;;;;;;;;;;;;1484;;1374;;8;;8;;3;0.9;0;1;44;47;71.19;57.22;5.64;4.89;;2.98;0.46;7;1;7.7;;;;52;47;69.19;55.22;5.64;3.89;;2.28;0.46
PSY;2014;690780507;750052276;TOT;0;;;0;174;;;;;;10;;;1986;63294;;;;;;;3801;;;;;;;;;;;;;1484;;1374;;;;8;;;0.9;;;;;71.19;57.22;5.64;4.89;;2.98;0.46;;;7.7;;;;;;69.19;55.22;5.64;3.89;;2.28;0.46
PSY;2014;690780515;690000294;GEN;;;;;60;;;;;;15;;;594;20556;;;;;;;6410;;;;;;;;;;;;;795;270;525;;;8;;;3;;0;0;;;;21.65;5.83;1;;0.34;0.8;;;;;;;;;;;;;;;
PSY;2014;690780515;690000294;TOT;0;;;0;60;;;;;;15;;;594;20556;;;;;;;6410;;;;;;;;;;;;;792;;;;;8;;;3;;;;;;;21.65;5.83;1;;0.34;0.8;;;;;;;;;;;;;;;
PSY;2014;690780523;750047938;GEN;;;;;53;;;;;;10;;;477;18666;;;;;;;3447;;;;;;;;;;;;;477;;;;1;3;1.4;;;;;;;;;;;;;;;;;;;;;;;;;;;;;
PSY;2014;690780523;750047938;TOT;0;;;0;53;;;;;;10;;;477;18666;;;;;;;3447;;;;;;;;;;;;;477;;;;1;3;1.4;;;;;;;;;;;;;;;;;;;;;;;;;;;;;
PSY;2014;690780549;750043994;GEN;;;;;174;;;;;;3;6;;1746;63006;;;;;;;1022;884;;;;;;;;;;;;2334;;1200;;8;5;11.81;1;1;1.11;1;1;54;22;67.42;39.39;20;4.63;;2.7;1.5;7;5;10.81;1;1;1.11;47;21;59.5;33.7;18;4.4;;2.6;1.5
PSY;2014;690780549;750043994;INF;;;;;;;;;;;;;;;;;;;;;;;;;;;;;;;;;;;;;;;;;;;;;1;1;;;;;;;;;;;;;;;;;;;;;;;;
PSY;2014;690780549;750043994;TOT;0;;;0;174;;;;;;3;6;;1746;63006;;;;;;;1022;884;;;;;;;;;;;;2334;;1200;;;;11.81;;;1.11;;;;;67.42;39.39;20;4.63;;2.7;1.5;;;10.81;;;1.11;;;59.5;33.7;18;4.4;;2.6;1.5
PSY;2014;690781745;690000542;GEN;;;;;120;;;;;;;10;;575;42834;;;;;;;;2898;;;;;;;;;;;;504;;;22;4;4;6.87;;5;0.71;1;1;8;1;8.7;;;2.8;;;;;;;;;;;;;;;;;;
PSY;2014;690781745;690000542;TOT;0;;;0;120;;;;;;;10;;575;42834;;;;;;;;2898;;;;;;;;;;;;504;;;;4;4;6.87;;5;0.71;;;8;1;8.7;;;2.8;;;;;;;;;;;;;;;;;;
PSY;2014;690782081;750005068;GEN;;;;;;;;;;;20;;1;;;;;;;;;4254;;2684;;1;1;2631;4764;;;;;;596;414;;;2;3;0.75;;;;;;5;6;0.78;4.8;0;1.05;;1.5;1.18;;;;;;;;;;;;;;;
PSY;2014;690782081;750005068;TOT;0;;;0;;;;;;;20;;1;;;;;;;;;4254;;2684;;1;1;2631;4764;;;;;;596;;;;2;3;0.75;;;;;;5;6;0.78;4.8;0;1.05;;1.5;1.18;;;;;;;;;;;;;;;
PSY;2014;690782172;;GEN;;;;;;;15;;7;15;12;;;;;;3858;;2107;3370;;2836;;;2;;1;7292;;261;3;698;34;;1122;900;;;;8;3.67;;;;0;0;;;;;;;;;;;;;;;;;;;;;;;;
PSY;2014;690782172;;INF;;;;;;;;;;;;;;;;;;;;;;;;;;;;145;;;;;;;7;7;;;;;0.06;;;;0;0;;;;;;;;;;;;;;;;;;;;;;;;
PSY;2014;690782172;;TOT;0;;;0;;;15;;7;15;12;;;;;;3858;;2107;3370;;2836;;;2;;1;7437;;261;3;698;34;;1129;;;;;8;3.73;;;;;;;;;;;;;;;;;;;;;;;;;;;;;
PSY;2014;690784178;690781810;INF;;;;;9;;;;;;;;;29;641;;;;;;;;;;;;;;;;;;;;13;;;;1;1;1.67;;;;;;;;6.85;2.92;3.46;0.47;;;1.87;1;1;0.97;;;;;;6.85;2.92;3.46;0.47;;;1.87
PSY;2014;690784178;690781810;TOT;0;;;0;9;;;;;;;;;29;641;;;;;;;;;;;;;;;;;;;;13;;;;1;1;1.67;;;;;;;;6.85;2.92;3.46;0.47;;;1.87;1;1;0.97;;;;;;6.85;2.92;3.46;0.47;;;1.87
PSY;2014;690796727;;GEN;;3;;;335;;;10;;;91;1;;3054;121596;;;2425;;;;15936;207;;;14;8;65313;31446;4629;3597;4057;4;;10947;9036;1671;116;40;29;57.82;5;7;7.95;0;1;471;145;561.41;382.85;105.6;37.32;;8.15;27.49;22;7;19.14;2;2;3.04;350;71;384.68;255.01;105.2;7.36;;1.51;15.61
PSY;2014;690796727;;INF;;2;;;23;;;;;;79;;;320;3094;;;;;;76;8722;;;19;;7;49349;8575;722;463;56;168;;4550;4245;115;;14;19;23.96;1;;0.1;0;0;94;125;168.74;76.45;3.69;33.42;;19.01;36.18;3;1;1.71;;;;20;18;27.09;19.56;3.69;0.24;;0.19;3.42
PSY;2014;690796727;;TOT;1;;6;0;358;;;10;;;170;1;;3374;124690;;;2425;;;76;24658;207;;19;14;15;114662;40021;5351;4060;4113;172;;15382;13220;1756;116;54;48;81.78;6;7;8.05;;;565;270;730.15;459.3;109.29;70.74;;27.16;63.67;25;8;20.85;2;2;3.04;370;89;411.77;274.57;108.89;7.6;;1.7;19.03
PSY;2014;700780075;700004096;GEN;;4;;;384;16;;;;;41;4;2;3105;117454;3066;;;;;;8759;26;8939;1;6;4;46514;29299;10971;1770;2563;;;7387;5216;1998;145;24;2;25.23;7;11;12.12;0;0;562;116;668.56;264.53;265.35;21.13;;2.91;24.12;22;1;14.48;7;10;11.39;412;73;492.98;190.6;224.78;3.42;;;
PSY;2014;700780075;700004096;INF;;1;;;10;;;;;;34;;;277;2172;;;;;;;5632;;;;6;;14698;;121;15;26;1;;1345;1252;34;;6;2;6.07;;1;0.7;0;0;69;22;85.67;43.73;14.9;9.84;;7.36;5.84;1;1;0.45;;1;0.25;40;7;48;24.96;13.99;3.24;;;1.81
PSY;2014;700780075;700004096;PEN;;;;;;;;;;;;;;;;;;;;;;;;;;;;;;715;;;;;187;182;5;;2;;0.2;;;;;;;;;;;;;;;;;;;;;;;;;;;;;
PSY;2014;700780075;700004096;TOT;1;;1;1;394;16;;;;;75;4;2;3382;119626;3066;;;;;;14391;26;8939;1;12;4;61212;29299;11807;1785;2589;1;;8714;6437;2031;145;30;4;31.5;7;12;12.82;;;631;138;754.23;308.26;280.25;30.97;;10.27;29.96;23;2;14.93;7;11;11.64;452;80;540.98;215.56;238.77;6.66;;;1.81
PSY;2014;710780818;710000233;GEN;;;;;120;0;0;0;0;0;20;0;0;1168;42210;;;;;;;3663;;;;;;;;;;;;;1250;;;;6;;;;;;;;;;;;;;;;;;;;;;;;;;;;;;;
PSY;2014;710780818;710000233;TOT;0;;;0;120;0;0;0;0;0;20;0;0;1168;42210;;;;;;;3663;;;;;;;;;;;;;1250;;;;6;;;;;;;;;;;;;;;;;;;;;;;;;;;;;;;
PSY;2014;710978230;710781329;GEN;;5;;;323;;;;;;44;7;1;3063;110346;;;;;;270;10134;1401;1386;1;8;9;34973;13416;13251;3284;5380;;;7055;6297;1174;165;18;2;;9;3;;;;423;118;;;;;;;;18;2;;9;3;;303;95;;;;;;;
PSY;2014;710978230;710781329;INF;;2;;;10;;;;;;70;;1;350;1942;;;;;;130;7982;;271;2;6;1;26054;1310;561;33;49;818;;2892;2566;130;;7;2;;;;;;;98;16;;;;;;;;7;2;;;;;14;1;;;;;;;
PSY;2014;710978230;710781329;PEN;;;;;;;;;;;;;;;;;;;;;;;;;;;;;;;;;;3480;787;787;;;;1;;;;;;;4;0;;;;;;;;;1;;;;;4;;;;;;;;
PSY;2014;710978230;710781329;TOT;1;;6;1;333;;;;;;114;7;2;3413;112288;;;;;;400;18116;1401;1657;3;14;10;61027;14726;13812;3317;5429;818;3480;10414;8811;1296;165;25;5;;9;3;;;;525;134;;;;;;;;25;5;;9;3;;321;96;;;;;;;
PSY;2014;710978289;710780263;GEN;;3;;;80;;4;;;;;;;1083;26660;;994;;;;;;;;2;;2;18527;5824;2385;289;2052;2;;4040;;;;9;;8.27;;;;;;81;45;115.89;102.26;6.02;6.44;;;1.17;;;;;;;54;33;79.5;70.58;6.02;2.9;;;
PSY;2014;710978289;710780263;INF;;1;;;;;;;;;10;;;;;;;;;;;4534;;;2;;;13358;;226;24;1249;107;;2460;;;;4;2;3.56;;;;;;19;30;37.02;18.02;6.38;4.64;;4.05;3.93;;;;;;;;;;;;;;;
PSY;2014;710978289;710780263;TOT;1;;;0;80;;4;;;;10;;;1083;26660;;994;;;;;4534;;;4;;2;31885;5824;2611;313;3301;109;;6328;;;;13;2;11.83;;;;;;100;75;152.91;120.28;12.4;11.08;;4.05;5.1;;;;;;;54;33;79.5;70.58;6.02;2.9;;;
PSY;2014;720000041;720000058;GEN;;6;;;323;20;;;;;159;0;;4633;115078;4275;;;;;24;23117;0;;5;15;15;88700;15194;4469;1802;13103;;;14504;11581;2634;118;24;7;26.77;14;1;11.3;1;1;413;109;518.17;391.6;73.85;25.84;;7.81;19.07;20;4;14.7;;;;241;48;266.66;215.47;38.26;3.44;;;9.49
PSY;2014;720000041;720000058;INF;;3;;;9;;;;;;48;0;;99;2617;;;;;;;0;57;;7;8;14;25976;2999;364;;2778;4;;4626;4440;63;1;6;;5.8;3;1;2.6;1;1;80;19;76.68;36.12;;21.37;;6.78;12.41;1;;0.44;;1;0.63;20;1;18.39;14.27;0.75;0.4;;;2.97
PSY;2014;720000041;720000058;PEN;;;;;;;;;;;;;;;;;;;;;;;;;;1;1;;941;;;;;6806;720;720;;;3;;1.11;;;;;;4;3;6.07;3.12;;1.95;;1;;;;;;;;;;;;;;;;
PSY;2014;720000041;720000058;TOT;1;;3;1;332;20;;;;;207;0;;4732;117695;4275;;;;;24;23117;57;;12;24;30;114676;19134;4833;1802;15881;4;6806;19551;16514;2690;119;33;7;33.68;17;2;13.9;;;497;131;600.92;430.84;73.85;49.16;;15.59;31.48;21;4;15.14;;1;0.63;261;49;285.05;229.74;39.01;3.84;;;12.46
PSY;2014;720017748;720000561;GEN;;;;;50;;;;;;;;;685;17515;;;;;;;;;;;;;;;;;;;;554;;;;5;;5;;;;;;17;4;19.42;12.07;5.85;1;;;0.5;;;;;;;;;;;;;;;
PSY;2014;720017748;720000561;TOT;0;;;0;50;;;;;;;;;685;17515;;;;;;;;;;;;;;;;;;;;554;;;;5;;5;;;;;;17;4;19.42;12.07;5.85;1;;;0.5;;;;;;;;;;;;;;;
PSY;2014;720018100;750720575;GEN;;;;;;;;95;;;10;;;;;;;20666;;;;78;;;;;;;;;;;;;180;;1;;5;;5.57;;1;0.95;1;;87;10;82.25;52.05;;2.05;;;13.76;;;;;;;;;;;;;;;
PSY;2014;720018100;750720575;INF;;;;;;;;;;;;;;;;;;;;;;;;;;;;;;;;;;;66;;;;1;;0.1;;1;0.05;1;;4;;3.2;2.1;;0.1;;;0.5;;;;;;;;;;;;;;;
PSY;2014;720018100;750720575;TOT;0;;;0;;;;95;;;10;;;;;;;20666;;;;78;;;;;;;;;;;;;246;;;;6;;5.67;;2;1;;;91;10;85.45;54.15;;2.15;;;14.26;;;;;;;;;;;;;;;
PSY;2014;730000304;730780582;GEN;;5;;;259;30;;;;;72;0;3;3308;78854;8169;;;;;207;8208;0;884;;;10;48079;15366;4421;3646;5356;3;;8390;6870;1350;76;30;16;32.38;1;3;2.2;1;1;386;179;495.9;310.72;61.51;22.65;;6.46;14.12;19;7;12.73;1;;1;251;75;273.62;172.4;48.36;6.32;;;6.59
PSY;2014;730000304;730780582;INF;;3;;;7;;;;;;28;1;;198;2159;;;;;;53;1281;32;;;;13;34742;18246;43;36;190;77;;4465;4334;57;1;12;8;14.04;;2;1;1;1;103;86;165.74;52.43;;30.61;;23.36;31.54;2;2;0.92;;;;17;6;19.22;13.84;;0.19;;;2.99
PSY;2014;730000304;730780582;PEN;;;;;;;;;;;;;;;;;;;;;;;;;;;;;;5174;;;;;946;920;;;2;1;0.56;;;;;;5;7;7.95;5.21;;2.54;;;;2;1;0.56;;;;5;7;7.95;5.21;;2.54;;;
PSY;2014;730000304;730780582;TOT;1;;2;1;266;30;;;;;100;1;3;3506;81013;8169;;;;;260;9489;32;884;;;23;82821;33612;9638;3682;5546;80;;13646;12030;1399;77;36;20;46.98;1;3;3.2;;;492;272;669.59;368.36;61.51;55.8;;29.82;45.66;20;8;14.21;1;;1;273;82;300.79;191.45;48.36;9.05;;;9.58
PSY;2014;730007978;730011731;GEN;;;;;91;;;;;;10;0;;1024;34273;;;;;;;1193;0;;;;;;;;;;;;883;;883;0;2;3;4.27;;;;0;0;31;24;49.65;35.51;3;1.36;;0;1;2;3;4.27;;;;31;22;48.62;34.48;3;1.36;;0;1
PSY;2014;730007978;730011731;TOT;0;;;0;91;;;;;;10;0;;1024;34273;;;;;;;1193;0;;;;;;;;;;;;883;;;;2;3;4.27;;;;;;31;24;49.65;35.51;3;1.36;;0;1;2;3;4.27;;;;31;22;48.62;34.48;3;1.36;;0;1
PSY;2014;740000328;740790381;GEN;;1;;;43;;;;;;19;;;291;15039;;;;;;;4327;;;;2;2;;14618;;;;;;1997;1776;221;17;4;;3.91;;;;;;37;0;33.71;18.66;0;5.66;;1.96;1;4;;2.51;;;;53;0;56.36;31.83;10.48;0.2;;1;1.81
PSY;2014;740000328;740790381;INF;;1;;;0;;;;;;25;;;;;;;;;;;3011;;;;2;1;;18227;;;;;;850;850;;;4;;4;;;;;;51;0;38.6;7.89;0;6.27;;8.02;10.48;;;;;;;0;0;;;;;;;
PSY;2014;740000328;740790381;TOT;1;;0;0;43;;;;;;44;;;291;15039;;;;;;;7338;;;;4;3;;32845;;;;;;2847;2626;221;17;8;;7.91;;;;;;88;;72.31;26.55;0;11.93;;9.98;11.48;4;;2.51;;;;53;;56.36;31.83;10.48;0.2;;1;1.81
PSY;2014;740000583;740785035;GEN;;3;;;165;1;0;0;0;0;38;5;0;1962;53076;0;0;0;0;0;12;7796;2;0;;6;3;33907;8138;2263;1173;6553;4;;5298;4240;970;49;14;4;17.43;4;;3.94;;;240;67;251.06;169.32;45.97;18.71;;8.35;8.71;7;1;7.17;4;;2.96;166;26;159.54;104.11;45.97;3.95;;1.08;4.43
PSY;2014;740000583;740785035;INF;;2;;;0;0;;;;;;;;0;0;0;;;;0;0;0;0;0;;5;4;23923;13754;47;53;1092;165;;1855;1855;0;;6;;7.14;;;0.1;;;37;56;61.76;9.26;;22.95;;11.83;17.72;;;;;;;;;;;;;;;
PSY;2014;740000583;740785035;PEN;;;;;0;;;;;;;;;;0;;;;;;;;;;;1;1;;1839;;;;;2265;395;;;;;;0.2;1;;1.08;;;5;2;6.87;5.17;;1.7;;;;;;;;;;;;;;;;;;
PSY;2014;740000583;740785035;TOT;1;;0;1;165;1;0;0;0;0;38;5;0;1962;53076;0;0;0;0;0;12;7796;2;0;;12;8;57830;23731;2310;1226;7645;169;2265;7133;;;;20;4;24.77;5;;5.12;;;282;125;319.69;183.75;45.97;43.36;;20.18;26.43;7;1;7.17;4;;2.96;166;26;159.54;104.11;45.97;3.95;;1.08;4.43
PSY;2014;740013412;740781133;GEN;;3;;;90;18;;;;;20;;1;865;33719;3536;;;;;;4111;;;5;4;4;26085;2460;1052;515;348;;;3807;3245;480;20;18;6;20.2;2;2;2.73;1;1;198;60;218.96;121.57;40.07;14.01;;0.51;4;12;3;9.7;2;2;2.41;100;25;120.77;64.47;26.89;2.89;;0;2.98
PSY;2014;740013412;740781133;INF;;1;;;10;;;;;;28;;;126;902;;;;;;;2281;;;;3;1;17297;762;57;15;8;5;;1774;1672;61;0;4;5;7.66;0;0;0;1;1;47;32;73.35;25.65;5.16;13.1;;10.94;9.9;1;1;1.17;0;0;0;19;7;22.33;11.08;5.16;1.07;;1.05;2.41
PSY;2014;740013412;740781133;TOT;1;;1;0;100;18;;;;;48;;1;991;34621;3536;;;;;;6392;;;5;7;5;43382;3222;1109;530;356;5;;5572;4909;541;20;22;11;27.86;2;2;2.73;;;238;90;292.31;147.22;45.23;27.11;;11.45;13.9;13;4;10.87;2;2;2.41;119;32;143.1;75.55;32.05;3.96;;1.05;5.39
PSY;2014;740780184;750052334;GEN;;;;;55;;;;;;;;;582;18582;;;;;;;;;;;;;;;;;;;;519;;519;;2;;2;;1;0.7;0;0;21;11;29.7;17.4;;1;;0.75;0.27;2;;2;;1;0.7;21;11;29.7;17.4;;1;;0.75;0.27
PSY;2014;740780184;750052334;TOT;0;;;0;55;;;;;;;;;582;18582;;;;;;;;;;;;;;;;;;;;519;;519;;2;;2;;1;0.7;;;21;11;29.7;17.4;;1;;0.75;0.27;2;;2;;1;0.7;21;11;29.7;17.4;;1;;0.75;0.27
PSY;2014;740781026;740000211;GEN;;;;;120;;;;;;24;;;1012;42148;;;;;;;7680;;;;;;;;;;;;;1251;;;;7;;7;;1;0.45;0;1;36;39;64.4;42.99;12.07;5.74;;0.81;2.8;7;;7;;1;0.45;28;32;51.63;35.46;12.07;2.49;;0.81;0.8
PSY;2014;740781026;740000211;INF;;;;;17;;;;;;10;;;163;5876;;;;;;;2677;;;;;;;;;;;;;244;;;;2;;2;;1;0.05;;1;33;18;42.85;18.5;9.41;3.94;;0;11;1;;1;;1;0.05;26;14;34.17;14.95;8.41;2.8;;0;8
PSY;2014;740781026;740000211;TOT;0;;;0;137;;;;;;34;;;1175;48024;;;;;;;10357;;;;;;;;;;;;;1500;;;;9;;9;;1;0.5;;;69;57;107.25;61.49;21.48;9.68;;0.81;13.8;8;;8;;1;0.5;54;46;85.8;50.41;20.48;5.29;;0.81;8.8
PSY;2014;740781034;750048787;GEN;;;;;52;;;;;;15;;;594;18868;;;;;;;4427;;;;;;;;;;;;;596;;539;;1;2;2;;3;0.57;0;1;11;26;22.4;15.2;2.5;2.5;;;2.2;;3;1.5;;3;0.57;8;19;18.8;14;2.5;0.8;;;1.5
PSY;2014;740781034;750048787;INF;;;;;15;;;;;;15;;;121;5331;;;;;;;2806;;;;;;;;;;;;;120;;93;;;2;1;;3;0.27;0;1;17;19;27;12.7;4.8;3.8;;1;4.7;;1;0.5;;3;0.27;17;14;22.4;11.4;4.8;2;;0.8;3.4
PSY;2014;740781034;750048787;TOT;0;;;0;67;;;;;;30;;;715;24199;;;;;;;7233;;;;;;;;;;;;;716;;632;;1;4;3;;6;0.84;;;28;45;49.4;27.9;7.3;6.3;;1;6.9;;4;2;;6;0.84;25;33;41.2;25.4;7.3;2.8;;0.8;4.9
PSY;2014;750000499;750140014;GEN;;7;;;364;27;0;69;10;0;162;24;1;6262;108416;8363;;16285;2851;0;;32249;8511;366;3;12;9;234400;21276;8347;377;20044;3;;29811;25825;3250;26;86;89;90.55;2;8;4.75;;;821;124;891.25;538.63;129.62;54.59;;24.69;39.52;44;3;31.16;;;;470;47;482.96;305.91;85.3;8.84;;6.49;17.59
PSY;2014;750000499;750140014;INF;;3;;;10;0;;;0;0;32;0;0;95;1249;;;;;;430;6226;;;1;7;1;25761;4601;2;88;34;119;;2820;2702;52;;12;10;13.71;1;1;0.5;;;67;38;84.84;19.07;1.95;24.5;;14.91;18.14;4;2;2.3;1;1;0.9;19;3;20.63;8.67;1.95;1.71;;0.89;4.5
PSY;2014;750000499;750140014;PEN;;;;;0;;;;;;0;;0;;;;;;;;;155;;;0;0;0;;;7;;;;;418;413;;;3;;2.55;;;;;;7;1;10.11;5.18;0;1.67;;1.13;1.38;;;;;;;0;0;0;0;0;0;;0;0
PSY;2014;750000499;750140014;TOT;1;;6;1;374;27;0;69;10;0;194;24;1;6357;109665;8363;;16285;2851;0;430;38630;8511;366;4;19;10;260161;25877;8356;465;20078;122;;33308;29250;3302;;101;99;106.81;3;9;5.25;;;895;163;986.2;562.88;131.57;80.76;;40.73;59.04;48;5;33.46;1;1;0.9;489;50;503.59;314.58;87.25;10.55;;7.38;22.09
PSY;2014;750006348;910140011;GEN;;4;;;161;;;24;;;90;;;1945;55978;;;5811;;;;21124;;;;5;4;81250;6639;1475;27;1603;;;6000;4414;1194;18;28;31;42.97;8;9;11.39;0;0;338;48;378.62;207.58;39.28;36.83;;22.33;22.83;29;14;18.29;2;;1.9;219;17;228.3;136.17;30.78;11.66;;13.53;6.65
PSY;2014;750006348;910140011;INF;;1;;;10;;;;;;50;;;507;2614;;;;;;;6334;;;1;4;;22114;;20;;2;350;;1807;1665;75;;10;8;10.47;;;;0;0;64;17;81.5;34.25;;15.83;;11.33;13.08;7;6;5.5;;;;64;17;81.5;34.25;;15.83;;11.33;13.08
PSY;2014;750006348;910140011;TOT;1;;1;0;171;;;24;;;140;;;2452;58592;;;5811;;;;27458;;;1;9;4;103364;6639;1495;27;1605;350;;7550;6076;1265;;38;39;53.44;8;9;11.39;;;402;65;460.12;241.83;39.28;52.66;;33.66;35.91;31;20;23.79;2;;1.9;283;34;309.8;170.42;30.78;27.49;;24.86;19.73
PSY;2014;750006538;940016819;GEN;;6;;;191;22;;;13;;120;3;;2675;60828;5393;;;4575;;131;29206;512;;;5;6;180534;9464;9848;2792;2178;;;8002;7601;1299;;32;27;46.16;3;0;2.16;;;520;74;570.67;285.67;101.42;40.92;;26.25;33.58;20;3;16.87;3;0;1.33;312;29;333.66;155.07;97.36;5.91;;11.47;14.95
PSY;2014;750006538;940016819;INF;;1;;;;5;;;;;10;;;;;787;;;;;30;1506;;;;6;3;26296;2167;418;66;378;5174;;1561;1561;4;;8;4;10.76;0;1;0.1;;;50;13;57.32;13.92;0;12.92;;10;13.58;0;0;0;0;0;0;0;0;0;0;0;0;;0;0
PSY;2014;750006538;940016819;TOT;1;;2;0;191;27;;;13;;130;3;;2675;60828;6180;;;4575;;161;30712;512;;;11;9;206830;11631;10266;2858;2556;5174;;9079;7496;1560;;40;31;56.92;3;1;2.26;;;570;87;627.99;299.59;101.42;53.84;;36.25;47.16;20;3;16.87;3;0;1.33;312;29;333.66;155.07;97.36;5.91;;11.47;14.95
PSY;2014;750007528;750804940;INF;;;;;;;;;;;58;;;;;;;;;;;11823;;;;;;;;;;;;;100;;;;;2;0.97;;1;0.06;0;0;15;11;21.71;;;14.13;;0.42;7.16;;;;;;;;;;;;;;;
PSY;2014;750007528;750804940;TOT;0;;;0;;;;;;;58;;;;;;;;;;;11823;;;;;;;;;;;;;100;;;;;2;0.97;;1;0.06;;;15;11;21.71;;;14.13;;0.42;7.16;;;;;;;;;;;;;;;
PSY;2014;750007668;750719270;GEN;;;;;;;;;;;104;17;;;;;;;;;;27696;4783;;;;;;;;;;;;532;;;;;8;3.69;;;;0;0;29;29;38.97;11.13;3.73;17.18;;2.77;4.17;;;;;;;;;;;;;;;
PSY;2014;750007668;750719270;TOT;0;;;0;;;;;;;104;17;;;;;;;;;;27696;4783;;;;;;;;;;;;532;;;;;8;3.69;;;;;;29;29;38.97;11.13;3.73;17.18;;2.77;4.17;;;;;;;;;;;;;;;
PSY;2014;750010324;750000465;GEN;;;;;;;;;;;;;;;;;;;;;;;;;;1;;12092;;;;;;;;571;;;;16;;;;;0;0;;42;;;;41;;;1;;;;;;;;;;;;;;;
PSY;2014;750010324;750000465;TOT;0;;1;0;;;;;;;;;;;;;;;;;;;;;;1;;12092;;;;;;;;;;;;16;;;;;;;;42;;;;41;;;1;;;;;;;;;;;;;;;
PSY;2014;750023749;750034308;GEN;;10;;;475;30;;49;18;;70;27;1;6244;162662;16431;;11347;4831;;;10482;5774;5681;;;10;160587;59474;3812;243;2567;15;;16259;12105;3413;125;69;37;94.38;14;2;11.8;1;1;922;87;990.6;563.1;192.68;51.45;;32.64;59.86;56;7;43.66;14;2;10.8;632;73;683.73;332.97;171.07;7.9;;15.13;17.13
PSY;2014;750023749;750034308;INF;;2;;;10;26;;;;;15;;;164;2383;7659;;;;;;2174;;;;;7;34639;9337;678;631;82;1493;;2730;2641;37;;11;8;11.35;;;;0;1;69;29;87.83;49.1;2;16.32;;16.28;27.93;3;0;1.5;;1;0.4;17;7;19.73;13.55;2;0.05;;;0.46
PSY;2014;750023749;750034308;PEN;;;;;;;;;;;;;;;;;;;;;;;;;;;;;;2;;;;;;;;;;;;;;;;;;;;;;;;;;;;;;;;;;;;;;;;
PSY;2014;750023749;750034308;TOT;1;;3;0;485;56;;49;18;;85;27;1;6408;165045;24090;;11347;4831;;;12656;5774;5681;;;17;195226;68811;4492;874;2649;1508;;18933;14692;3450;125;80;45;105.73;14;2;11.8;;;991;116;1078.43;612.2;194.68;67.77;;48.92;87.79;59;7;45.16;14;2;11.2;649;80;703.46;346.52;173.07;7.95;;15.13;17.59
PSY;2014;750039448;750720914;GEN;;1;;;40;;;25;;;105;;1;1029;13939;;;7643;;;;14715;;4188;;1;1;47755;4124;2724;2722;332;0;;4708;3683;580;5;4;42;18.48;;;;0;1;76;78;109.8;65.35;12.17;13.98;;11;7.31;;5;2.08;;;;22;31;44.15;33.41;10.01;0.5;;;0.23
PSY;2014;750039448;750720914;INF;;1;;;;12;;;;;44;;;;;1685;;;;;;8427;;;;1;;30887;;18;2;4;234;;2057;1955;;;3;15;11.07;;;;0;1;20;89;62.11;6;1.74;27.95;;11.82;14.71;;;;;;;;;;;;;;;
PSY;2014;750039448;750720914;TOT;1;;1;0;40;12;;25;;;149;;1;1029;13939;1685;;7643;;;;23142;;4188;;2;1;78642;4124;2742;2724;336;234;;6765;;;;7;57;29.55;;;;;;96;167;171.91;71.35;13.91;41.93;;22.82;22.02;;5;2.08;;;;22;31;44.15;33.41;10.01;0.5;;;0.23
PSY;2014;750051872;;GEN;;;;;230;;;;;;;3;;1059;84682;;;;;;;;673;;;;;;;;;;;;851;;849;;8;1;6.1;8;1;8.1;1;1;15;19;18.24;43.19;33.49;3;;;3.26;8;1;5.9;8;1;8.1;14;16;17.68;42.89;33.49;2.9;;;3.2
PSY;2014;750051872;;INF;;;;;10;;;;;;15;;;181;3313;;;;;;;2782;;;;;;;;;;;;;186;;135;;1;22;4.7;;1;0.08;1;1;21;20;24.31;11;6;1.6;;1;3.96;1;21;4.1;;1;0.08;17;15;17.45;8.5;4.95;0.6;;0.2;2.8
PSY;2014;750051872;;TOT;0;;;0;240;;;;;;15;3;;1240;87995;;;;;;;2782;673;;;;;;;;;;;;1037;;984;;9;23;10.8;8;2;8.18;;;36;39;42.55;54.19;39.49;4.6;;1;7.22;9;22;10;8;2;8.18;31;31;35.13;51.39;38.44;3.5;;0.2;6
PSY;2014;750052037;;GEN;;3;;;206;;;;;;71;;1;2650;68977;;;;;;;11683;0;182;8;8;5;36295;9289;6680;448;12259;6;;8224;7523;1580;55;13;1;13.22;5;3;6.25;;;320;103;382.53;230.94;44.7;9.41;;3.17;28.28;13;1;8.13;3;3;3.65;254;57;274.39;155.34;42.7;3;;0.16;18.88
PSY;2014;750052037;;INF;;1;;;10;;;;;;51;1;;215;2089;;;;;;;5644;98;;3;2;2;27656;1481;4;22;980;427;;2858;2651;146;0;6;1;6.3;;;;;;67;39;91.76;42.81;;11.76;;12.14;12.5;1;;0.5;;;;24;3;23.16;17.8;;1;;;0.5
PSY;2014;750052037;;PEN;;;;;;;;;;;;;;;;;;;;;;;;;1;;;;;;;;;1266;200;200;0;0;2;;0.2;;;;;;2;2;1.35;1.05;;0.3;;;;;;;;;;;;;;;;;;
PSY;2014;750052037;;TOT;1;;0;1;216;;;;;;122;1;1;2865;71066;;;;;;;17327;98;182;12;10;7;63951;10770;6684;470;13239;433;1266;11282;8797;1842;55;19;2;19.72;5;3;6.25;;;382;140;475.64;274.8;44.7;21.47;;15.31;40.78;14;1;8.63;3;3;3.65;278;60;297.55;173.14;42.7;4;;0.16;19.38
PSY;2014;750100018;750712184;GEN;;;;;15;;;;;;;;;263;4406;;;;;;;;;;;1;;2062;;;;4135;;;198;;198;;7;8;;;;;;;14;5;;6.85;4.18;0.5;;;2;;;;;;;;;;;;;;;
PSY;2014;750100018;750712184;TOT;0;;;0;15;;;;;;;;;263;4406;;;;;;;;;;;1;;2062;;;;4135;;;198;;198;;7;8;;;;;;;14;5;;6.85;4.18;0.5;;;2;;;;;;;;;;;;;;;
PSY;2014;750100042;750712184;GEN;;;;;36;;;;;;;;;;10252;;;;;;;;;;1;;;6571;;;13164;;;;4986;;;;5;17;12.5;;;;;;48;4;54.76;26.39;21.35;;;;;8;;6;;;;44;;43.7;23;19.4;1.3;;;
PSY;2014;750100042;750712184;TOT;0;;;0;36;;;;;;;;;;10252;;;;;;;;;;1;;;6571;;;13164;;;;4986;;;;5;17;12.5;;;;;;48;4;54.76;26.39;21.35;;;;;8;;6;;;;44;;43.7;23;19.4;1.3;;;
PSY;2014;750100091;750712184;GEN;;0;;;37;0;0;0;0;0;10;0;0;525;12754;0;0;0;0;0;0;1976;0;0;0;1;0;7553;0;0;0;3219;0;;2059;1606;498;0;9;11;10.3;0;0;0;1;0;41;8;45.97;21.87;19.22;1.5;;0.63;2;9;0;4.35;0;0;0;36;4;39.63;20.17;16.42;1.4;;0.63;2
PSY;2014;750100091;750712184;TOT;0;;0;0;37;0;0;0;0;0;10;0;0;525;12754;0;0;0;0;0;0;1976;0;0;0;1;0;7553;0;0;0;3219;0;;2059;1606;498;0;9;11;10.3;0;0;0;;;41;8;45.97;21.87;19.22;1.5;;0.63;2;9;0;4.35;0;0;0;36;4;39.63;20.17;16.42;1.4;;0.63;2
PSY;2014;750100109;750712184;INF;;;;;0;0;;;0;0;0;0;0;0;0;0;;;0;0;0;0;0;0;1;;;660;;;;;;;1182;1182;0;0;3;0;3;1;0;1;0;0;6;1;6.8;0;0.8;2;;0;1;0;0;0;0;0;0;0;0;0;0;0;0;;0;0
PSY;2014;750100109;750712184;TOT;0;;;0;0;0;;;0;0;0;0;0;0;0;0;;;0;0;0;0;0;0;1;;;660;;;;;;;1182;1182;0;0;3;0;3;1;0;1;;;6;1;6.8;0;0.8;2;;0;1;0;0;0;0;0;0;0;0;0;0;0;0;;0;0
PSY;2014;750100125;750712184;GEN;;;;;51;;;;;;8;;;705;18109;;;;;;;2219;;;;2;;10005;;;;;;;2562;2014;524;2;10;;9.3;;;;;;88;7;90.1;40.7;40.4;1;;;;8;;7.5;;;;75;6;76.5;31;36;1;;;
PSY;2014;750100125;750712184;INF;;2;;;64;;;;;;28;;;315;12690;;;;;;;6798;;;;8;;10319;;;;;;;2650;2495;226;0;24;;23.1;;;;;;153;27;162.9;46.3;46.8;12.5;;14.4;23.7;19;;18.5;;;;115;20;122.2;41.5;45;5;;6.2;18.7
PSY;2014;750100125;750712184;TOT;1;;;0;115;;;;;;36;;;1020;30799;;;;;;;9017;;;;10;;20324;;;;;;;5187;4495;745;;34;;32.4;;;;;;241;34;253;87;87.2;13.5;;14.4;23.7;27;;26;;;;190;26;198.7;72.5;81;6;;6.2;18.7
PSY;2014;750100166;750712184;GEN;;;;;12;;;;;;7;;;328;3720;;;;;;;1809;;;;1;;10205;;;;670;;;412;115;297;;25;17;;;;;0;0;33;2;;15;14;4;;2;;;;;;;;;;;;;;;;
PSY;2014;750100166;750712184;INF;;;;;10;;;;;;0;;1;254;2876;;;;;;;;;;;1;;9055;;;;;;;199;102;97;;16;7;;;9;3.6;0;0;49;11;;27;16;13;;4;;;;;;;;;;;;;;;;
PSY;2014;750100166;750712184;TOT;0;;;0;22;;;;;;7;;1;582;6596;;;;;;;1809;;;;2;;19260;;;;670;;;611;217;394;;41;24;;;9;3.6;;;82;13;;42;30;17;;6;;;;;;;;;;;;;;;;
PSY;2014;750100208;750712184;GEN;;0;;;0;0;0;0;0;0;0;0;0;0;0;0;0;0;;0;0;0;0;0;0;0;0;1472;0;0;0;186;0;;316;316;0;0;0;0;0;0;0;0;;;;;;;;;;;;0;0;0;0;0;0;;;;;;;;;
PSY;2014;750100208;750712184;INF;;1;;;0;0;;;0;0;6;0;0;0;0;0;;;0;0;0;750;0;0;1;0;0;4977;;0;0;1511;0;;1378;1278;0;0;5;3;;0;0;0;0;0;21;17;28.4;3.5;4.72;10.5;;5.93;0;0;0;0;0;0;0;;;;;;;;;
PSY;2014;750100208;750712184;TOT;1;;0;0;0;0;0;0;0;0;6;0;0;0;0;0;0;0;0;0;0;750;0;0;1;0;0;6449;0;0;0;1697;0;;1694;1594;0;0;5;3;0;;;0;;;21;17;28.4;3.5;4.72;10.5;;5.93;0;0;0;0;0;0;0;;;;;;;;;
PSY;2014;750100232;750712184;GEN;;0;;;12;0;0;0;0;0;0;0;0;257;3315;0;0;0;0;0;0;0;0;0;;1;0;1946;;;;4263;;;1109;926;163;0;6;5;5;0;0;0;1;0;13;5;12.6;8.4;3.2;0.4;;0;0;2;0;1.2;0;0;0;0;0;0;0;0;0;;0;0
PSY;2014;750100232;750712184;INF;;1;;;0;0;;;0;0;10;0;1;;;;;;0;0;0;1528;0;449;;1;1;10053;0;;;43;;;1164;1164;0;0;5;2;6.05;0;0;0;0;0;11;19;20.3;3.91;3.1;4.6;;6.2;1;0;0;0;0;0;0;0;0;0;0;0;0;;0;0
PSY;2014;750100232;750712184;TOT;1;;;0;12;0;0;0;0;0;10;0;1;257;3315;0;0;0;0;0;0;1528;0;449;;2;1;11999;0;;;4306;;;2273;2090;163;;11;7;11.05;0;0;0;;;24;24;32.9;12.31;6.3;5;;6.2;1;2;0;1.2;0;0;0;0;0;0;0;0;0;;0;0
PSY;2014;750100273;750712184;GEN;;0;;;20;0;0;0;0;0;0;0;0;295;6929;0;0;0;0;0;0;0;0;0;;1;;1282;;;;3208;;;2815;2615;200;;5;4;4.3;;;;1;0;39;1;32;13;10.8;4.1;;;1;5;1;2.6;;;;31;;24.9;12;9.8;1;;;1
PSY;2014;750100273;750712184;TOT;0;;0;0;20;0;0;0;0;0;0;0;0;295;6929;0;0;0;0;0;0;0;0;0;;1;;1282;;;;3208;;;2815;2615;200;;5;4;4.3;;;;;;39;1;32;13;10.8;4.1;;;1;5;1;2.6;;;;31;;24.9;12;9.8;1;;;1
PSY;2014;750120016;750821092;GEN;;;;;22;;;;;;;;;;6763;;;;;;;;;;;1;;6031;;;;;;;1479;;;;5;;5;;;;0;1;17;;17;8;7;2;;;;;;;;;;;;;;;;;;
PSY;2014;750120016;750821092;TOT;0;;;0;22;;;;;;;;;;6763;;;;;;;;;;;1;;6031;;;;;;;1479;;;;5;;5;;;;;;17;;17;8;7;2;;;;;;;;;;;;;;;;;;
PSY;2014;750140022;750720575;GEN;;;;;59;;;;;;15;1;;388;14619;;;;;;;3580;129;;;;;;;;;;;;134;61;93;33;5;13;11.96;;1;0.12;0;0;34;12;43.27;34.5;;5.02;;1;2.75;;;;;;;;;;;;;;;
PSY;2014;750140022;750720575;TOT;0;;;0;59;;;;;;15;1;;388;14619;;;;;;;3580;129;;;;;;;;;;;;134;;;;5;13;11.96;;1;0.12;;;34;12;43.27;34.5;;5.02;;1;2.75;;;;;;;;;;;;;;;
PSY;2014;750150104;750720476;GEN;;;;;;;;;;;;;;;;;;;;;;;;;;;;;;;;1083;;;420;;;;;;;;;;;;;;;;;;;;;;;;;;;;;;;;;;;
PSY;2014;750150104;750720476;INF;;1;;;30;;;;8;;30;;;149;8322;;;;2305;;67;4251;;;;2;;18360;;1;9;;2;;1782;1535;173;32;9;16;18.37;;;;0;1;55;43;89.16;43.13;;17.08;;7.46;5.16;3;4;4.93;;;;19;3;23.49;20.64;;0.3;;0.82;0.5
PSY;2014;750150104;750720476;TOT;1;;;0;30;;;;8;;30;;;149;8322;;;;2305;;67;4251;;;;2;;18360;;1;9;1083;2;;2222;;;;9;16;18.37;;;;;;55;43;89.16;43.13;;17.08;;7.46;5.16;3;4;4.93;;;;19;3;23.49;20.64;;0.3;;0.82;0.5
PSY;2014;750170102;750721391;GEN;;;;;;;;;;;155;25;;;;;;;;;91;20240;9321;;;9;;29566;;83;18400;;;;2497;2481;;;9;12;14.19;;5;1.39;;;24;47;47.25;20.15;;14.77;;7.09;5.23;;;;;;;;;;;;;;;
PSY;2014;750170102;750721391;INF;;;;;;;;;;;29;;;;;;;;;;97;6601;;;;3;;3770;;;;;;;241;204;;;3;2;3.25;;1;0.23;;;30;22;39.28;2.6;0.5;8.22;;6.21;21.04;;;;;;;;;;;;;;;
PSY;2014;750170102;750721391;TOT;0;;;0;;;;;;;184;25;;;;;;;;;188;26841;9321;;;12;;33336;;83;18400;;;;2723;2680;;;12;14;17.44;;6;1.62;;;54;59;86.53;22.75;0.5;22.99;;13.3;26.27;;;;;;;;;;;;;;;
PSY;2014;750170128;750710428;INF;;;;;;;;;;;35;;;;;;;;;;;6978;;;;;;;;;;;;;53;53;;;;3;1.4;0;1;0.07;0;0;2;15;;0.89;0;0.92;;1.1;10.27;;;;;;;;;;;;;;;
PSY;2014;750170128;750710428;TOT;0;;;0;;;;;;;35;;;;;;;;;;;6978;;;;;;;;;;;;;53;53;;;;3;1.4;;1;0.07;;;2;15;;0.89;0;0.92;;1.1;10.27;;;;;;;;;;;;;;;
PSY;2014;750170235;750005068;GEN;;;;;;;;;;;200;;;;;;;;;;;30993;;;;;;12283;;;;;;;1654;1318;;;10;9;14.57;;3;0.65;;;29;20;33.95;14.17;0;3.74;;7.75;5.8;;;;;;;;;;;;;;;
PSY;2014;750170235;750005068;TOT;0;;;0;;;;;;;200;;;;;;;;;;;30993;;;;;;12283;;;;;;;1654;;;;10;9;14.57;;3;0.65;;;29;20;33.95;14.17;0;3.74;;7.75;5.8;;;;;;;;;;;;;;;
PSY;2014;750170243;750720922;INF;;;;;;;;;;;44;;;;;;;;;;102;14096;;;;;;;;;;;;;131;;26;;;6;2.38;;1;0.4;0;0;24;25;40.05;4.4;0;6.85;;4.35;24.45;;;;;;;;;;;;;;;
PSY;2014;750170243;750720922;TOT;0;;;0;;;;;;;44;;;;;;;;;;102;14096;;;;;;;;;;;;;131;;;;;6;2.38;;1;0.4;;;24;25;40.05;4.4;0;6.85;;4.35;24.45;;;;;;;;;;;;;;;
PSY;2014;750170268;750721334;INF;;;;;;;;;;;22;;;;;;;;;;;3384;;;;;;;;;;;;;29;;2;27;;2;;;;;;;12;15;;1;;3.07;;;14.27;;;;;;;;;;;;;;;
PSY;2014;750170268;750721334;TOT;0;;;0;;;;;;;22;;;;;;;;;;;3384;;;;;;;;;;;;;29;;;;0;2;;;;;;;12;15;;1;;3.07;;;14.27;;;;;;;;;;;;;;;
PSY;2014;750170490;750719312;INF;;;;;;;;;;;8;;;;;;;;;;;2687;;;;;;;;;;;;;28;;;;;2;0.81;;;;;;;;;;;;;;;;;;;;;;;;;;;;;
PSY;2014;750170490;750719312;TOT;0;;;0;;;;;;;8;;;;;;;;;;;2687;;;;;;;;;;;;;28;;;;;2;0.81;;;;;;;;;;;;;;;;;;;;;;;;;;;;;
PSY;2014;750310013;750043994;GEN;;;;;52;;;;;;;;;563;17985;;;;;;;;;;;;;;;;;;;;404;;404;;4;19;7.09;;;;;1;15;39;31.66;20.59;8.59;1.2;;1.5;;4;19;7.09;;;;15;39;31.66;20.59;8.59;1.2;;1.5;
PSY;2014;750310013;750043994;TOT;0;;;0;52;;;;;;;;;563;17985;;;;;;;;;;;;;;;;;;;;404;;404;;;;7.09;;;;;;;;31.66;20.59;8.59;1.2;;1.5;;;;7.09;;;;;;31.66;20.59;8.59;1.2;;1.5;
PSY;2014;750710782;750001190;GEN;;;;;;;;;;;;;;;;;;;;;;;;;;;;5177;;;;;;;;1335;;;;8;2.14;;;;0;0;2;14;;;;3.2;;;;;;;;;;;;;;;;;;
PSY;2014;750710782;750001190;INF;;;;;;;;;;;;;;;;;;;;;;;;;;;;370;;;;;;;;91;;;;;;;;;0;0;;;;;;;;;;;;;;;;;;;;;;;;
PSY;2014;750710782;750001190;TOT;0;;;0;;;;;;;;;;;;;;;;;;;;;;;;5547;;;;;;;;;;;;8;2.14;;;;;;2;14;;;;3.2;;;;;;;;;;;;;;;;;;
PSY;2014;750719361;;GEN;;;;;;;;;;;45;55;;;;;;;;;164;9477;15497;;;;;;;;;;;;165;;;;;9;3.52;;;;0;0;29;22;36.24;23.03;;5.33;;3.86;3.6;;;;;;;;;;;;;;;
PSY;2014;750719361;;INF;;;;;;;;;;;17;;;;;;;;;;210;4929;;;;;;;;;;;;;45;;;;;2;1;;;;0;0;2;15;11.44;;;1.5;;;9.94;;;;;;;;;;;;;;;
PSY;2014;750719361;;TOT;0;;;0;;;;;;;62;55;;;;;;;;;374;14406;15497;;;;;;;;;;;;210;;;;;11;4.52;;;;;;31;37;47.68;23.03;;6.83;;3.86;13.54;;;;;;;;;;;;;;;
PSY;2014;750720674;;INF;;;;;;;;;;;66;;;;;;;;;;;18653;;;;1;;942;;;;;;;320;;;;;9;;;;;0;0;;;;;;;;;;;;;;;;;;;;;;;;
PSY;2014;750720674;;TOT;0;;;0;;;;;;;66;;;;;;;;;;;18653;;;;1;;942;;;;;;;320;;;;;9;;;;;;;;;;;;;;;;;;;;;;;;;;;;;;
PSY;2014;750802316;750720492;INF;;;;;;;;;;;;;;;;;;;;;;;;;;;;6335;;;;;;;;308;;;;3;1.24;;;;;;;;;;;;;;;;;;;;;;;;;;;;;
PSY;2014;750802316;750720492;TOT;0;;;0;;;;;;;;;;;;;;;;;;;;;;;;6335;;;;;;;;;;;;3;1.24;;;;;;;;;;;;;;;;;;;;;;;;;;;;;
PSY;2014;750802985;;GEN;;1;;;;;;24;;;24;;;;;;;8254;;;;3516;;;;1;;5260;;79;;;;;450;350;28;17;1;7;4.15;;;;0;0;10;12;18.8;7.11;0.96;4.25;;0.54;5.94;;;;;;;;;;;;;;;
PSY;2014;750802985;;TOT;1;;;0;;;;24;;;24;;;;;;;8254;;;;3516;;;;1;;5260;;79;;;;;450;;;17;1;7;4.15;;;;;;10;12;18.8;7.11;0.96;4.25;;0.54;5.94;;;;;;;;;;;;;;;
PSY;2014;750803447;750712184;GEN;;;;;;;;;;;;;;;;;;;;;;;;;;1;;5041;;;;11131;;;4259;4259;;;9;2;7.9;;;;1;0;5;14;11.7;;;11.7;;;;;;;;;;;;;;;;;;
PSY;2014;750803447;750712184;TOT;0;;;0;;;;;;;;;;;;;;;;;;;;;;1;;5041;;;;11131;;;;;;;9;2;7.9;;;;;;5;14;11.7;;;11.7;;;;;;;;;;;;;;;;;;
PSY;2014;750803454;750712184;GEN;;10;;;;;;;;;;;;;;;;;;;;;;;;;;;;;;;;;;;;;;;;;;;;;;;;;;;;;;;;;;;;;;;;;;;;
PSY;2014;750803454;750712184;INF;;;;;24;;;;;;20;;10;714;6480;;;;;;;4289;;48;0;2;;10793;;295;;1761;18;;5222;4889;505;0;8;15;14;;;;0;1;60;44;;21.6;19.5;12.54;;12.1;5.6;;;;;;;;;;;;;;;
PSY;2014;750803454;750712184;TOT;1;;;0;24;;;;;;20;;10;714;6480;;;;;;;4289;;48;0;2;;10793;;295;;1761;18;;5222;4889;505;0;8;15;14;;;;;;60;44;;21.6;19.5;12.54;;12.1;5.6;;;;;;;;;;;;;;;
PSY;2014;750813016;750001711;GEN;;;;;;;;;;;;;;;;;;;;;;;;;;1;;1096;;;;;;;;526;;;;1;;;;;;;;;;;;;;;;;;;;;;;;;;;;;;
PSY;2014;750813016;750001711;TOT;0;;;0;;;;;;;;;;;;;;;;;;;;;;1;;1096;;;;;;;;;;;;1;;;;;;;;;;;;;;;;;;;;;;;;;;;;;;
PSY;2014;750826141;750825960;INF;;;;;;;;;;;32;;;;;;;;;;;8222;;;;;;;;;;;;;101;;;;;3;1.44;;;;0;0;13;18;16.15;2;;7.57;;0.94;;;;;;;;;;;;;;;;
PSY;2014;750826141;750825960;TOT;0;;;0;;;;;;;32;;;;;;;;;;;8222;;;;;;;;;;;;;101;;;;;3;1.44;;;;;;13;18;16.15;2;;7.57;;0.94;;;;;;;;;;;;;;;;
PSY;2014;750827214;750815607;GEN;;;;;;;;;;;;;;;;;;;;;;;;;;1;;5193;;;;;;;508;;;;;1;;;;;0;0;;;;;;;;;;;;;;;;;;;;;;;;
PSY;2014;750827214;750815607;TOT;0;;;0;;;;;;;;;;;;;;;;;;;;;;1;;5193;;;;;;;;;;;0;1;;;;;;;;;;;;;;;;;;;;;;;;;;;;;;
PSY;2014;750832750;750719403;GEN;;;;;;;;;;;;;;;;;;;;;;;;;;1;;150;;;;;;;150;150;;;;1;0.1;;;;0;0;1;;1;;;;;;1;;;;;;;;;;;;;;;
PSY;2014;750832750;750719403;TOT;0;;;0;;;;;;;;;;;;;;;;;;;;;;1;;150;;;;;;;;;;;;1;0.1;;;;;;1;;1;;;;;;1;;;;;;;;;;;;;;;
PSY;2014;760000018;760780023;GEN;;2;;;73;;;;;;22;;3;1135;25847;;;;;;;4629;;9404;6;4;3;23679;9404;;;1908;;;3956;3078;789;23;6;3;9.34;;;;0;1;122;20;133.76;82.4;21.5;9.96;;1;4.01;;;;;;;;;;;;;;;
PSY;2014;760000018;760780023;INF;;;;;;;;;;;;;;;;;;;;;;;;;;;;;;;;;;;;;;;;;;;;;;;2;0;0;0;0;0;;0;0;;;;;;;;;;;;;;;
PSY;2014;760000018;760780023;TOT;1;;1;0;73;;;;;;22;;3;1135;25847;;;;;;;4629;;9404;6;4;3;23679;9404;;;1908;;;3956;;;;6;3;9.34;;;;;;124;20;133.76;82.4;21.5;9.96;;1;4.01;;;;;;;;;;;;;;;
PSY;2014;760000158;760780239;GEN;;;;;;;;;;;;;;;;;;;;;;;;;;;;;;;;;;;;;;;1;3;0.5;;;;;;;;;;;;;;;1;;0.17;;;;;;;;;;;;
PSY;2014;760000158;760780239;INF;;;;;12;;;;;;;;;61;3522;;;;;;;;;;;;;;;;;;;;61;;;;2;1;1.85;1;;0.5;;;11;8;16.74;11.41;2.4;;;0.8;;2;1;1.85;1;;0.5;11;8;16.74;11.41;2.4;;;0.8;
PSY;2014;760000158;760780239;TOT;0;;;0;12;;;;;;;;;61;3522;;;;;;;;;;;;;;;;;;;;61;;;;3;4;2.35;1;;0.5;;;11;8;16.74;11.41;2.4;;;0.8;;3;1;2.02;1;;0.5;11;8;16.74;11.41;2.4;;;0.8;
PSY;2014;760000190;760780270;GEN;;10;;;553;33;;;;8;181;0;;5832;204398;5740;;;;162;76;42967;0;;10;23;20;111944;11868;10311;6454;9921;799;;20780;16360;3830;231;76;3;67.89;;;;1;1;948;187;1079.77;579.34;221.75;40.87;;10.33;33.29;68;2;40.78;;;;687;114;815.39;424.8;210.74;14.71;;4.6;20.11
PSY;2014;760000190;760780270;INF;;3;;;10;78;;;;;100;;;82;3229;20531;;;;;109;16969;;;4;23;8;59795;1561;461;379;4073;1002;;6721;6630;69;2;24;3;23.94;;;;1;1;248;88;311.94;92.37;5.02;44.04;;25.65;59.3;1;;1.04;;;;31;10;36.88;18.9;5.02;0.67;;0.45;3.32
PSY;2014;760000190;760780270;PEN;;;;;;;;;;;8;;;;;;;;;;;2155;;;;4;;;;39662;;;;;2335;2335;0;0;7;1;2.96;;;;;;62;4;61.92;28.92;7.67;11.38;;0.3;5;;;;;;;26;0;25.83;14.43;7.67;0.8;;0;0
PSY;2014;760000190;760780270;TOT;1;;12;1;563;111;;;;8;289;0;;5914;207627;26271;;;;162;185;62091;0;;14;50;28;171739;13429;50434;6833;13994;1801;;27168;26082;3878;233;92;6;94.79;;;;;;1250;277;1453.63;700.63;234.44;96.29;;36.28;97.59;68;2;41.82;;;;742;124;878.1;458.13;223.43;16.18;;5.05;23.43
PSY;2014;760000372;760780742;GEN;;1;;;;2;5;;;;12;;1;;;6;1541;;;;;3445;;3195;;2;1;11840;3195;;;;;;2127;2644;;;2;1;2.7;;2;0.97;0;0;22;6;27.13;22.75;;3.38;;0;1;;;;;;;;;;;;;;;
PSY;2014;760000372;760780742;TOT;1;;0;0;;2;5;;;;12;;1;;;6;1541;;;;;3445;;3195;;2;1;11840;3195;;;;;;2127;;;;2;1;2.7;;2;0.97;;;22;6;27.13;22.75;;3.38;;0;1;;;;;;;;;;;;;;;
PSY;2014;760004143;;GEN;;;;;;;;;;;;;1;;;;;;;;;;;4505;;;1;;23302;;;;;;73;73;;;;1;0.14;;;;;;5;3;5.91;;;;;;3.25;;;;;;;;;;;;;;;
PSY;2014;760004143;;TOT;0;;;0;;;;;;;;;1;;;;;;;;;;;4505;;;1;;23302;;;;;;73;;;;;1;0.14;;;;;;5;3;5.91;;;;;;3.25;;;;;;;;;;;;;;;
PSY;2014;760026674;750035578;GEN;;;;;84;;;;;;15;;;;27581;;;;;;;2308;;;;;;;;;;;;;661;12;649;0;5;;5;;;;0;1;38;5;42.81;32;5.76;3;;0.55;0.8;;;;;;;;;;;;;;;
PSY;2014;760026674;750035578;TOT;0;;;0;84;;;;;;15;;;;27581;;;;;;;2308;;;;;;;;;;;;;661;;;;5;;5;;;;;;38;5;42.81;32;5.76;3;;0.55;0.8;;;;;;;;;;;;;;;
PSY;2014;760780288;750005068;GEN;;;;;;;;;;;40;;;;;;;;;;;10931;;;;;;1266;;;;;;;299;149;;;1;2;2.57;;;;;;;;;;;;;;;;;;;;;;;;;;;;;
PSY;2014;760780288;750005068;TOT;0;;;0;;;;;;;40;;;;;;;;;;;10931;;;;;;1266;;;;;;;299;;;;1;2;2.57;;;;;;;;;;;;;;;;;;;;;;;;;;;;;
PSY;2014;760781070;760780726;GEN;;5;;;174;16;;;5;;157;;;3760;81299;5319;;;2135;;25;26557;0;;3;14;7;32754;7452;6693;;7049;;;7304;4602;1734;55;16;3;18.64;3;5;4.56;1;;366;121;401.66;249.18;60.78;20.74;;1.52;9.56;11;3;11.96;3;3;4.12;186;69;202.96;133.39;30.8;2.7;;0.2;5.42
PSY;2014;760781070;760780726;INF;;2;;;8;40;;;;;79;;;300;2432;10134;;;30;;52;9339;;;3;13;9;43157;6511;;;1549;;;4231;3848;212;10;6;2;8.94;1;;0.9;1;;134;61;168.18;57.54;5.01;29.95;;10.59;34.21;;;;;;;21;5;22.73;10.58;5.01;1;;0;2.56
PSY;2014;760781070;760780726;PEN;;;;;;;;;;;;;;;;;;;;;;;;;;1;;;;2309;;;;;467;441;26;;1;;0.1;4;1;3.02;;;23;12;28.75;21.06;0.55;3.34;;0;0;;;;;;;0;0;0;0;0;0;;0;0
PSY;2014;760781070;760780726;TOT;1;;3;1;182;56;;;5;;236;;;4060;83731;15453;;;2165;;77;35896;0;;6;28;16;75911;13963;9002;;8598;;;11535;8450;1946;65;22;5;27.68;8;5;8.48;;;523;177;598.59;327.78;66.34;54.03;;12.11;43.77;11;3;11.96;3;3;4.12;207;74;225.69;143.97;35.81;3.7;;0.2;7.98
PSY;2014;760783563;760910919;INF;;;;;;;;;;;15;;;;;;;;;;;2941;;;;;;;;;;;;;17;;;;;1;0.2;;;;;;5;6;0.73;2;;0.5;;0.66;4.9;;;;;;;;;;;;;;;
PSY;2014;760783563;760910919;TOT;0;;;0;;;;;;;15;;;;;;;;;;;2941;;;;;;;;;;;;;17;;;;;1;0.2;;;;;;5;6;0.73;2;;0.5;;0.66;4.9;;;;;;;;;;;;;;;
PSY;2014;760800938;760780023;INF;;1;;;;7;;;;;18;;1;67;;1532;;;;;;3770;;581;2;1;1;6878;581;;;271;;;831;799;6;0;3;1;3.2;;;;;;26;11;34;9.94;2;5.5;;1.58;8.04;;;;;;;;;;;;;;;
PSY;2014;760800938;760780023;TOT;1;;;0;;7;;;;;18;;1;67;;1532;;;;;;3770;;581;2;1;1;6878;581;;;271;;;831;;;;3;1;3.2;;;;;;26;11;34;9.94;2;5.5;;1.58;8.04;;;;;;;;;;;;;;;
PSY;2014;760913137;760009001;GEN;;;;;;;;;;;0;;1;;;;;;;;;0;;456;;;1;;2677;;2677;;;;124;124;;;;1;0.2;;;;0;0;2;7;4.44;0.6;;0.6;;0.31;;;;;;;;;;;;;;;;
PSY;2014;760913137;760009001;TOT;0;;;0;;;;;;;0;;1;;;;;;;;;0;;456;;;1;;2677;;2677;;;;124;;;;;1;0.2;;;;;;2;7;4.44;0.6;;0.6;;0.31;;;;;;;;;;;;;;;;
PSY;2014;770000131;770110013;GEN;;2;;;49;;6;;;10;12;4;;3393;16848;;1345;;;1686;42;3530;133;;2;2;1;8975;989;2193;;4608;;;2159;2136;399;3;7;1;7.52;1;3;1.92;1;1;40;18;39.57;18.92;1;9.1;;1;1.33;6;1;4.2;1;;0.8;64;5;61.33;41.45;6.42;1.25;;1.8;1.33
PSY;2014;770000131;770110013;INF;;1;;;;;;;;;10;;;;;;;;;;;1664;;;1;5;2;15845;3537;16;0;171;195;;1440;;;;2;2;3.2;;;;0;0;57;5;45.75;2.92;;18.92;;8.72;6.42;;;;;;;;;;;;;;;
PSY;2014;770000131;770110013;TOT;1;;;0;49;;6;;;10;22;4;;3393;16848;;1345;;;1686;42;5194;133;;3;7;3;24820;4526;2209;0;4779;195;;3599;;;;9;3;10.72;1;3;1.92;;;97;23;85.32;21.84;1;28.02;;9.72;7.75;6;1;4.2;1;;0.8;64;5;61.33;41.45;6.42;1.25;;1.8;1.33
PSY;2014;770000156;770110054;GEN;;4;;;84;4;10;;17;;32;;;;29602;402;2478;;4144;;;2706;;;0;4;2;;1160;;;;;;616;30;570;16;19;1;20.1;;;;;;166;31;186.63;100.56;50.97;13.28;;5.27;5.92;19;1;19.6;;;;197;31;186.63;100.56;50.97;13.28;;5.27;5.92
PSY;2014;770000156;770110054;INF;;1;;;;;;;;;15;;;;;;;;;;;1965;;;;6;1;;1343;;;;;;29;29;;;4;4;6.5;;;;;;26;21;;8.87;;18.01;;8.69;3;;;;;;;26;21;36.58;8.87;;18.01;;8.69;3
PSY;2014;770000156;770110054;PEN;;;;;;;;;;;;;;;;;;;;;;;;;;;;;;;;;;;35;;35;;1;1;1.7;;;;;;;;;;;;;;;;;;;;;;;;;;;;;
PSY;2014;770000156;770110054;TOT;1;;6;1;84;4;10;;17;;47;;;;29602;402;2478;;4144;;;4671;;;0;10;3;;2503;;;;;;680;59;605;16;24;6;28.3;;;;;;192;52;186.63;109.43;50.97;31.29;;13.96;8.92;19;1;19.6;;;;223;52;223.21;109.43;50.97;31.29;;13.96;8.92
PSY;2014;770000172;770110070;GEN;;1;;;25;;;;;;10;;;396;7332;;;;;;;780;;;1;;1;4343;1488;;;;;;1102;1098;249;;3;3;5.38;;;;;;33;11;40.77;26.05;6.96;1.17;;1;2.4;;;;;;;24;2;24.09;13.75;5.96;0.13;;1;0.75
PSY;2014;770000172;770110070;TOT;0;;;0;25;;;;;;10;;;396;7332;;;;;;;780;;;1;;1;4343;1488;;;;;;1102;1098;249;;3;3;5.38;;;;;;33;11;40.77;26.05;6.96;1.17;;1;2.4;;;;;;;24;2;24.09;13.75;5.96;0.13;;1;0.75
PSY;2014;770000214;770130052;GEN;;3;;;60;5;;;;;;;;652;19902;1980;;;;;;;;;;;3;16048;4547;840;263;2672;;;3147;2682;464;3;9;5;10.83;;1;0.18;1;;89;17;102.22;55.74;20;9;;1.5;2.8;3;;3;;1;0.18;72;11;82.71;44.33;20.28;3;;1.5;2.8
PSY;2014;770000214;770130052;INF;;1;;;;;;;;;18;;;17;;;;;;;17;2242;;;;;2;12734;4748;43;37;566;553;;1250;1173;16;;2;;1.22;;;;0;;26;17;36.55;10.65;0;12.2;;5.12;7.6;;;;;;;;;;;;;;;
PSY;2014;770000214;770130052;TOT;1;;3;0;60;5;;;;;18;;;669;19902;1980;;;;;17;2242;;;;;5;28782;9295;883;300;3238;553;;4359;3833;480;3;11;5;12.05;;1;0.18;;;115;34;138.77;66.39;20;21.2;;6.62;10.4;3;;3;;1;0.18;72;11;82.71;44.33;20.28;3;;1.5;2.8
PSY;2014;770000446;770700185;GEN;;3;;;82;7;;;;6;31;10;2;996;30102;2205;;;;1563;;8331;730;4449;;4;4;;52483;4656;86;2768;5;;5363;4418;736;33;11;11;20.39;;;;1;1;117;29;135.85;94.84;32.72;7.4;;0.89;;4;6;7.26;;;;58;16;66.78;40.98;25.8;2.4;;;
PSY;2014;770000446;770700185;INF;;1;;;;;;;;;18;;1;;;;;;;;;2509;;1488;1;8;2;;341;;;;;;2110;2110;;;1;6;6.09;;;;0;0;10;48;38.09;4.7;;18.63;;10.16;4.6;;;;;;;;;;;;;;;
PSY;2014;770000446;770700185;PEN;;;;;;;;;;;;;;;;;;;;;;;;;;;;;;;;;;;;;;;0;6;2.14;;;;;;;;;;;;;;;;;;;;;;;;;;;;;
PSY;2014;770000446;770700185;TOT;1;;1;1;82;7;;;;6;49;10;3;996;30102;2205;;;;1563;;10840;730;5937;1;12;6;;52824;4656;86;2768;5;;7473;6528;736;33;12;23;28.62;;;;;;127;77;173.94;99.54;32.72;26.03;;11.05;4.6;4;6;7.26;;;;58;16;66.78;40.98;25.8;2.4;;;
PSY;2014;770006138;770020113;GEN;;;;;96;;;;;;29;;;925;34690;;;;;;;12223;;;;;;;;;;;;;1058;;838;2;4;1;4.8;;5;0.5;1;1;;;;;;;;;;4;;4;;5;0.5;;;;;;;;;
PSY;2014;770006138;770020113;INF;;;;;14;;;;;;;;;128;4854;;;;;;;;;;;;;;;;;;;;110;;110;;1;2;;;;;0;0;;;;;;;;;;1;2;;;;;;;;;;;;;
PSY;2014;770006138;770020113;TOT;0;;;0;110;;;;;;29;;;1053;39544;;;;;;;12223;;;;;;;;;;;;;1168;;;;5;3;4.8;;5;0.5;;;;;;;;;;;;5;2;4;;5;0.5;;;;;;;;;
PSY;2014;770019032;770170017;GEN;;4;;;115;;4;;;;60;;;3818;38308;;1350;;;;;25432;;;;5;;41837;;2086;304;3803;1;;7895;6528;1379;3;23;;13.59;;;;;;191;24;185.58;123.72;30;9.8;;;6.37;;;;;;;122;10;119.58;76.31;28.37;5;;;5.48
PSY;2014;770019032;770170017;INF;;1;;;;5;;;;;40;;;22;;1092;;;;;;7269;;;1;19;3;54654;11978;534;629;1190;797;;2605;2567;5;;3;16;14.52;;;;;;110;32;90.25;14.05;0.08;19.4;;14.85;17.07;;;;;;;;;;;;;;;
PSY;2014;770019032;770170017;TOT;1;;1;0;115;5;4;;;;100;;;3840;38308;1092;1350;;;;;32701;;;1;24;3;96491;11978;2620;933;4993;798;;10500;;;;26;16;28.11;;;;;;301;56;275.83;137.77;30.08;29.2;;14.85;23.44;;;;;;;122;10;119.58;76.31;28.37;5;;;5.48
PSY;2014;770150027;750720575;INF;;;;;38;;;;;;15;;;;7553;;;;;;;4737;;;;;;80;;;;;;;229;23;100;0;7;;6;;;;1;1;43;8;50.45;36.38;2.01;5.56;;3.41;3.09;5;;5;;;;21;7;28.74;22.24;1;2.5;;1.5;1.5
PSY;2014;770150027;750720575;TOT;0;;;0;38;;;;;;15;;;;7553;;;;;;;4737;;;;;;80;;;;;;;229;23;100;0;7;;6;;;;;;43;8;50.45;36.38;2.01;5.56;;3.41;3.09;5;;5;;;;21;7;28.74;22.24;1;2.5;;1.5;1.5
PSY;2014;770310019;770000370;GEN;;;;;106;;;;;;;;;893;36402;;;;;;;;;;;;;;;;;;;;748;;;;;5;;;1;;;;;;;21.67;12.97;1;;;2.5;;;;;;;;;;;;;;;
PSY;2014;770310019;770000370;TOT;0;;;0;106;;;;;;;;;893;36402;;;;;;;;;;;;;;;;;;;;748;;;;;5;;;1;;;;;;;21.67;12.97;1;;;2.5;;;;;;;;;;;;;;;
PSY;2014;770310027;770000388;GEN;;;;;106;;;;;;;;;1097;36298;;;;;;;;;;;;;;;;;;;;929;;;;;5;;;1;;;;;;;19.57;7.91;1.8;;;;;;;;;;;;;;;;;;
PSY;2014;770310027;770000388;TOT;0;;;0;106;;;;;;;;;1097;36298;;;;;;;;;;;;;;;;;;;;929;;;;;5;;;1;;;;;;;19.57;7.91;1.8;;;;;;;;;;;;;;;;;;
PSY;2014;770510055;750719270;GEN;;;;;;;;55;;;;;;;;;;15064;;;;;;;;;;;;;;;;;374;;374;;1;1;1.62;;;;0;1;12;4;15.57;6.4;4.78;1.83;;;2.56;1;1;1.62;;;;12;4;15.57;6.4;4.78;1.83;;;2.56
PSY;2014;770510055;750719270;TOT;0;;;0;;;;55;;;;;;;;;;15064;;;;;;;;;;;;;;;;;374;;;;1;1;1.62;;;;;;12;4;15.57;6.4;4.78;1.83;;;2.56;1;1;1.62;;;;12;4;15.57;6.4;4.78;1.83;;;2.56
PSY;2014;780000287;780110011;GEN;;2;;;50;;8;;6;;25;;;585;14321;;2920;;1375;;21;3914;;;;2;1;16097;1779;;;;;;3142;394;625;2;12;2;14.49;;;;1;0;110;12;119.37;71.4;19.06;8.09;;2.78;1;9;1;7.86;;;;66;0;66.39;31.65;17.16;1.6;;2.28;0.65
PSY;2014;780000287;780110011;INF;;1;;;;3;;;;;15;;1;;;1314;;;;;68;2409;;800;;1;1;17863;735;31;17;643;312;;856;852;4;4;3;2;3.22;;;;0;0;24;15;35.52;4.62;4.66;7.82;;4.15;6.13;;;;;;;;;;;;;;;
PSY;2014;780000287;780110011;PEN;;;;;;;;;;;;;;;;;;;;;;;;;;;;;;;;;;;0;;;;0;2;0.32;;;0.6;;;4;2;4.24;2.73;0;1.32;;;;;;;;;;;;;;;;;;
PSY;2014;780000287;780110011;TOT;1;;;1;50;3;8;;6;;40;;1;585;14321;1314;2920;;1375;;89;6323;;800;;3;2;33960;2514;31;17;643;312;;4029;;;;15;6;18.03;;;0.6;;;138;29;159.13;78.75;23.72;17.23;;6.93;7.13;9;1;7.86;;;;66;;66.39;31.65;17.16;1.6;;2.28;0.65
PSY;2014;780000303;780110037;GEN;;;;;;;;;;;10;;;;;;;;;;;2069;;;;;;;;;;;;;130;;;;;3;1.1;;1;0.4;0;0;6;12;15.46;4.53;4.33;2.36;;1.83;;;;;;;;;;;;;;;;
PSY;2014;780000303;780110037;TOT;0;;;0;;;;;;;10;;;;;;;;;;;2069;;;;;;;;;;;;;130;;;;;3;1.1;;1;0.4;;;6;12;15.46;4.53;4.33;2.36;;1.83;;;;;;;;;;;;;;;;
PSY;2014;780000311;780001236;GEN;;2;;;53;5;7;;;;38;1;1;916;16662;560;2312;;;;185;6634;292;;1;4;2;21933;5192;782;128;5154;;;5250;4852;387;13;14;4;14.59;;;;1;0;96;19;114.08;68.85;8.27;6.71;;;;;;;;;;;;;;;;;;
PSY;2014;780000311;780001236;INF;;1;;;;;;;;;20;;;;;;;;;;42;1844;;;;4;2;20776;1346;23;63;11;1011;;1725;1725;;;4;2;4.63;;;;0;0;32;13;41.17;12.04;1.06;7.8;;8.5;5.2;;;;;;;;;;;;;;;
PSY;2014;780000311;780001236;PEN;;;;;;;;;;;;;;;;;;;;;;;;;;;;;;;;;;2333;199;;;;;;;;;;;;;;;;;;;;;;;;;;;;;;;;;;;
PSY;2014;780000311;780001236;TOT;1;;3;1;53;5;7;;;;58;1;1;916;16662;560;2312;;;;227;8478;292;;1;8;4;42709;6538;805;191;5165;1011;2333;7174;;;;16;6;19.22;;;;;;128;32;155.25;80.89;9.33;14.51;;8.5;5.2;;;;;;;;;;;;;;;
PSY;2014;780000337;780001236;GEN;;1;;;34;1;6;;;;25;1;1;947;10450;365;2190;;;;;7592;0;1754;;2;1;21260;12265;2254;0;968;0;;3093;2442;658;0;7;4;8.47;;;;1;0;60;12;69.07;33.33;7.42;7.93;;1.82;;;;;;;;;;;;;;;;
PSY;2014;780000337;780001236;TOT;1;;1;0;34;1;6;;;;25;1;1;947;10450;365;2190;;;;;7592;0;1754;;2;1;21260;12265;2254;0;968;0;;3093;2442;658;0;7;4;8.47;;;;;;60;12;69.07;33.33;7.42;7.93;;1.82;;;;;;;;;;;;;;;;
PSY;2014;780000402;780140026;GEN;;6;;;133;;6;;;;41;5;0;1273;40519;;1536;;;;46;9980;29;;;19;9;63340;5742;2620;315;5546;9;;8327;7283;919;9;52;6;51;4;2;4.3;0;0;277;38;295.19;207.62;46.4;26.83;;9.36;20;52;6;51;4;2;4.3;315;38;295.19;207.62;46.4;26.83;;9.36;20
PSY;2014;780000402;780140026;INF;;2;;;14;;;;;;73;2;0;;1195;;;;;;126;10392;123;;;9;7;28897;4186;383;38;186;444;;2847;2583;12;0;13;6;14.04;;;;0;0;76;23;;45.6;5.32;21.55;;13.2;22.59;13;6;14.04;;;;76;23;89.67;45.6;5.32;21.55;;13.2;22.59
PSY;2014;780000402;780140026;PEN;;;;;;;;;;;;;0;;;;;;;;;;;;;2;1;;306;7271;;;;;1170;1151;;;;;;;;;;;;;;;;;;;;;;;;;;;;;;;;;;
PSY;2014;780000402;780140026;TOT;1;;8;1;147;;6;;;;114;7;0;1273;41714;;1536;;;;172;20372;152;;;30;17;92237;10234;10274;353;5732;453;;12127;10823;985;9;65;12;65.04;4;2;4.3;;;353;61;295.19;253.22;51.72;48.38;;22.56;42.59;65;12;65.04;4;2;4.3;391;61;384.86;253.22;51.72;48.38;;22.56;42.59
PSY;2014;780000410;780140059;GEN;;3;;;66;;;8;;;40;3;;664;21420;;;2272;;;17;6633;224;;4;;1;29910;2540;1135;70;20;3;;2723;2197;454;9;21;11;21.21;;;;0;0;131;88;133.02;88.22;25.01;8.13;;6.91;4.75;14;1;12.7;;;;87;73;86.1;53.44;25.01;1;;3.91;2.75
PSY;2014;780000410;780140059;INF;;1;;;30;;;;;;42;4;;193;5843;;;;;;79;4263;24;;4;;1;19537;2791;34;97;25;239;;1692;1530;97;1;11;2;9.11;;;;0;0;85;75;100.45;40.09;11.07;12.42;;8.84;28.03;3;0;2.16;;;;47;49;50.05;26.83;9.2;2.07;;2;9.94
PSY;2014;780000410;780140059;PEN;;;;;;;;;;;;;;;;;;;;;;;;;;;;;;1;;;;;;;;;;;;;;;;;;;;;;;;;;;;;;;;;;;;;;;;
PSY;2014;780000410;780140059;TOT;1;;;0;96;;;8;;;82;7;;857;27263;;;2272;;;96;10896;248;;8;;2;49447;5331;1170;167;45;242;;4398;3710;551;10;32;13;30.32;;;;;;216;163;233.47;128.31;36.08;20.55;;15.75;32.78;17;1;14.86;;;;134;122;136.15;80.27;34.21;3.07;;5.91;12.69
PSY;2014;780000428;780002697;GEN;;2;;;70;0;0;0;0;0;15;0;1;403;10911;0;0;0;0;0;43;1621;;116;1;3;1;13722;1979;981;0;733;;;999;681;318;25;15;1;;1;;15.14;;;135;17;147.92;75.69;35.44;4.38;;2.67;4.63;14;1;;1;;9.56;95;8;98.03;49.85;29.14;0.12;;0.24;1.65
PSY;2014;780000428;780002697;INF;;1;;;9;0;;;0;0;15;0;1;78;1008;0;;;0;0;41;1009;;72;1;2;1;10126;1356;0;0;;;;75;0;75;0;1;3;;;;3.04;;;39;11;47.51;20.81;0.34;6.38;;3.8;7.35;;2;;;;0.97;22;1;19.94;13.96;;0.5;;0.6;1.55
PSY;2014;780000428;780002697;TOT;1;;1;0;79;0;0;0;0;0;30;0;2;481;11919;0;0;0;0;0;84;2630;;188;2;5;2;23848;3335;981;0;733;;;1082;692;390;2;16;4;;1;;18.18;;;174;28;195.43;96.5;35.78;10.76;;6.47;11.98;14;3;;1;;10.53;117;9;117.97;63.81;29.14;0.62;;0.84;3.2
PSY;2014;780009528;;INF;;;;;;;;;;;21;;;;;;;;;;;4926;;;;;;;;;;;;;34;;;;;2;0.79;;;;0;0;11;8;;2.55;1;0.97;;1.21;10.14;;;;;;;;;;;;;;;
PSY;2014;780009528;;TOT;0;;;0;;;;;;;21;;;;;;;;;;;4926;;;;;;;;;;;;;34;;;;;2;0.79;;;;;;11;8;;2.55;1;0.97;;1.21;10.14;;;;;;;;;;;;;;;
PSY;2014;780020111;;INF;;1;;;;;;;;;40;;;;;;;;;;;5269;;;;1;;7144;;;;;;;497;497;;;;4;1.54;;;;0;0;13;27;27.25;1;;7.47;;3.52;15.26;;;;;;;;;;;;;;;
PSY;2014;780020111;;TOT;1;;;0;;;;;;;40;;;;;;;;;;;5269;;;;1;;7144;;;;;;;497;;;;;4;1.54;;;;;;13;27;27.25;1;;7.47;;3.52;15.26;;;;;;;;;;;;;;;
PSY;2014;780140018;750005068;GEN;;1;;;167;;;;;;40;;;1091;49387;;;;;;;6157;;;;1;;13906;;;;;;;1807;1328;709;26;16;2;15.59;3;7;4;1;1;328;78;359.93;128.12;72.8;11.9;;17.41;32.47;;;;;;;;;;;;;;;
PSY;2014;780140018;750005068;INF;;1;;;;;;;15;;5;;;;;;;;3441;;;149;;;;;;;;;;;;;248;160;92;0;;;;;;;;;;;;;;;;;;;;;;;;;;;;;;;;
PSY;2014;780140018;750005068;TOT;1;;1;0;167;;;;15;;45;;;1091;49387;;;;3441;;;6306;;;;1;;13906;;;;;;;1968;1477;792;26;16;2;15.59;3;7;4;;;328;78;359.93;128.12;72.8;11.9;;17.41;32.47;;;;;;;;;;;;;;;
PSY;2014;780140042;780017455;GEN;;;;;120;;;;6;;;;;;48158;;;;2282;;;;;;;;;;;;;;;;;;;;;10;;;1;;0;0;;;;;;;;;;;10;3.57;;;;;;54.45;31.27;18.37;2.62;;1.17;1.08
PSY;2014;780140042;780017455;TOT;0;;;0;120;;;;6;;;;;;48158;;;;2282;;;;;;;;;;;;;;;;;;;;;10;;;1;;;;;;;;;;;;;;10;3.57;;;;;;54.45;31.27;18.37;2.62;;1.17;1.08
PSY;2014;780140075;750804114;GEN;;;;;50;;;;;;5;;;568;15813;;;;;;;294;;;;;;;;;;;;;530;;;;;2;1.6;;4;2.07;0;0;12;16;21.38;14.2;2.69;1.7;;0.74;2.05;;;;;;;;;;;;;;;
PSY;2014;780140075;750804114;TOT;0;;;0;50;;;;;;5;;;568;15813;;;;;;;294;;;;;;;;;;;;;530;;;;;2;1.6;;4;2.07;;;12;16;21.38;14.2;2.69;1.7;;0.74;2.05;;;;;;;;;;;;;;;
PSY;2014;780170056;780825097;INF;;;;;;;;;;;32;;;;;;;;;;;4418;;;;;;;;;;;;;34;;;;;2;0.93;;;;;;;;;;;;;;;;;;;;;;;;;;;;;
PSY;2014;780170056;780825097;TOT;0;;;0;;;;;;;32;;;;;;;;;;;4418;;;;;;;;;;;;;34;;;;;2;0.93;;;;;;;;;;;;;;;;;;;;;;;;;;;;;
PSY;2014;780310025;750043994;GEN;;;;;59;;;;;;2;;;504;16173;;;;;;;449;;;;;;;;;;;;;382;;381;;2;14;7.45;;3;0.7;1;1;33;13;41.1;26.8;9;3;;2.2;0.1;2;14;7.45;;3;0.7;33;13;41.1;26.8;9;3;;2.2;0.1
PSY;2014;780310025;750043994;INF;;;;;;;;;;;3;;;;;;;;;;;473;;;;;;;;;;;;;11;;;;;1;0.3;;;;0;0;;8;3.45;1.7;;0.35;;0.4;1;;;;;;;;;;;;;;;
PSY;2014;780310025;750043994;TOT;0;;;0;59;;;;;;5;;;504;16173;;;;;;;922;;;;;;;;;;;;;386;;381;;2;15;7.75;;3;0.7;;;33;21;44.55;28.5;9;3.35;;2.6;1.1;2;14;7.45;;3;0.7;33;13;41.1;26.8;9;3;;2.2;0.1
PSY;2014;780800256;780110078;GEN;;1;;;45;;;;;;8;;;1988;13499;;;;;;;2278;;;;2;;15293;;388;93;5022;;;4694;4539;1414;2;23;2;18.53;;;;;;95;21;110.3;57.23;24.15;7.88;;1.8;0;;;;;;;;;;;;;;;
PSY;2014;780800256;780110078;INF;;1;;;;;;;;;;;;;;;;;;;;;;;;4;1;12163;545;;14;1168;19;;1369;1369;;;12;2;9.42;;;;;;14;30;30.45;6.35;0;10.13;;6.45;4.92;;;;;;;;;;;;;;;
PSY;2014;780800256;780110078;PEN;;;;;;;;;;;;;;;;;;;;;;;;;;;;;;;;;;;;;;;1;;0.6;;;;;;1;1;1.5;;;;;;;;;;;;;;;;;;;;;
PSY;2014;780800256;780110078;TOT;1;;2;1;45;;;;;;8;;;1988;13499;;;;;;;2278;;;;6;1;27456;545;388;107;6190;19;;6020;5867;1414;2;36;4;28.55;;;;;;110;52;142.25;63.58;24.15;18.01;;8.25;4.92;;;;;;;;;;;;;;;
PSY;2014;790000087;790000012;GEN;;3;;;164;6;;;10;;51;7;;1985;75636;1095;;0;2999;;;13187;94;;4;1;1;23786;1775;675;466;2723;0;;4038;2119;1512;140;16;5;18.97;6;8;9.46;;1;262;128;344.95;211.14;40.28;18.52;;4.15;13.59;;;;;;;189;61;228.95;156.02;33.77;0.57;;1.77;2.46
PSY;2014;790000087;790000012;INF;;1;;;14;;;;;;38;;;186;4153;;;;;;;3454;;;1;;;348;;;;;14;;303;41;135;10;6;1;5.87;;;;;1;55;29;73.58;40.69;4.07;7.16;;5.78;5.28;;;;;;;19;10;23.52;16.02;2.07;1;;0.22;1.09
PSY;2014;790000087;790000012;PEN;;;;;;;;;;;;;;;;;;;;;;;;;;;;;;;;;;;;;;;;1;0.1;;;;;;;;;;;;;;;;;;;;;;;;;;;;;
PSY;2014;790000087;790000012;TOT;1;;5;1;178;6;;;10;;89;7;;2171;79789;1095;;0;2999;;;16641;94;;5;1;1;24134;1775;675;466;2723;14;;4341;;;;22;7;24.94;6;8;9.46;;;317;157;418.53;251.83;44.35;25.68;;9.93;18.87;;;;;;;208;71;252.47;172.04;35.84;1.57;;1.99;3.55
PSY;2014;790003537;790006654;GEN;;2;;;66;6;0;0;0;0;0;3;0;642;21585;2420;;;;;;;322;;;;;;;;;;;;2598;0;431;16;5;0;4.13;0;0;0.15;1;0;91;19;109.74;45.53;26.31;3.73;;1.42;1.84;5;;4.13;;;0.15;91;;109.74;45.53;26.31;3.73;;1.42;1.84
PSY;2014;790003537;790006654;INF;;1;;;0;0;;;0;0;0;0;0;;;;;;;;;;;;;;;;;;;;;;0;0;0;0;;;;;;;;;;;;;;;;;;;;;;;;;;;;;;;;
PSY;2014;790003537;790006654;TOT;1;;2;0;66;6;0;0;0;0;0;3;0;642;21585;2420;;;;;;;322;;;;;;;;;;;;2598;0;431;16;5;0;4.13;0;0;0.15;;;91;19;109.74;45.53;26.31;3.73;;1.42;1.84;5;;4.13;;;0.15;91;;109.74;45.53;26.31;3.73;;1.42;1.84
PSY;2014;790007694;790006654;GEN;;2;;;;;;;;;44;;;;;;;;;;;6941;;;;2;2;11857;22267;3270;;771;;;2576;1427;0;0;3;0;1.1;;;;1;1;45;22;58.64;29.8;0.1;4.07;;1.44;11.17;;;;;;;;;;;;;;;
PSY;2014;790007694;790006654;INF;;1;;;;;;;;;20;;;;;;;;;;;5333;;;;2;2;6806;3216;253;;32;141;;685;434;0;0;2;0;0.95;;;;1;1;26;13;37.02;15.79;0.34;6.3;;2;5.96;;;;;;;;;;;;;;;
PSY;2014;790007694;790006654;TOT;1;;2;0;;;;;;;64;;;;;;;;;;;12274;;;;4;4;18663;25483;3523;;803;141;;3261;1861;;;;0;2.05;;;;;;70;33;95.66;45.59;0.44;10.37;;3.44;17.13;;;;;;;;;;;;;;;
PSY;2014;790012355;790000012;GEN;;;;;10;;5;;;;35;;;53;3351;;365;;;;;66;;;9;;4;28309;4140;2455;4667;233;40;;6010;4696;47;9;1;;1;;2;0.23;0;0;44;41;66.04;35.83;14.12;3.48;;0.05;3.69;;;;;;;27;15;33.91;7.04;13.85;2.83;;0.05;2.89
PSY;2014;790012355;790000012;INF;;;;;;;;;;;;;;;;;;;;;;;;;2;;0;17808;;10;44;458;108;;2712;2533;;;;;;;;;;;6;8;6.79;5.31;;0.64;;0.3;0.54;;;;;;;;;;;;;;;
PSY;2014;790012355;790000012;TOT;0;;;0;10;;5;;;;35;;;53;3351;;365;;;;;66;;;11;;4;46117;4140;2465;4711;691;148;;8720;7428;47;9;1;;1;;2;0.23;;;50;49;72.83;41.14;14.12;4.12;;0.35;4.23;;;;;;;27;15;33.91;7.04;13.85;2.83;;0.05;2.89
PSY;2014;800000143;800000028;GEN;;2;;;60;;;;;;12;;;1030;16360;;;;;;171;3527;;;3;3;1;19953;2103;2725;458;1158;;;3228;2671;557;3;11;2;11.34;1;0;0.08;0;1;74;15;82.56;53.9;0.2;8.22;;4.98;4.18;3;0;3;0;0;0;51;12;56.85;39.58;0.19;3.22;;2.98;1.8
PSY;2014;800000143;800000028;INF;;1;;;;10;;;;;15;;;;;2364;;;;;0;2790;;;;2;1;5464;1110;127;;11;;;810;721;2;0;4;0;4;0;0;0;0;0;29;11;36.59;10.32;0.06;5.81;;6.29;6.12;0;0;0;0;0;0;0;0;0;0;0;0;;0;0
PSY;2014;800000143;800000028;TOT;1;;1;0;60;10;;;;;27;;;1030;16360;2364;;;;;171;6317;;;3;5;2;25417;3213;2852;458;1169;;;4038;3392;559;3;15;2;15.34;1;0;0.08;;;103;26;119.15;64.22;0.26;14.03;;11.27;10.3;3;0;3;0;0;0;51;12;56.85;39.58;0.19;3.22;;2.98;1.8
PSY;2014;800000390;800000085;GEN;;;;;;;;;;;;;1;;;;;;;;11;;;17456;4;1;1;8643;1746;1888;225;188;;;850;765;;;1;;1;;;;0;0;8;7;10.78;7.2;;2.58;;;1;;;;;;;;;;;;;;;
PSY;2014;800000390;800000085;TOT;0;;;0;;;;;;;;;1;;;;;;;;11;;;17456;4;1;1;8643;1746;1888;225;188;;;850;765;;;1;;1;;;;;;8;7;10.78;7.2;;2.58;;;1;;;;;;;;;;;;;;;
PSY;2014;800000457;800000119;GEN;;4;;;285;5;;30;;75;55;0;5;2726;107908;365;0;7741;0;27012;265;7041;0;8999;;11;6;46742;21902;10938;1088;164;0;;6075;4042;1826;118;19;10;22.49;1;;0.28;1;0;489;94;564.92;340.85;48.39;22.15;;10.08;34.28;8;8;11.36;1;;0.28;321;55;363.18;228.54;44.81;9.12;;2.13;12.89
PSY;2014;800000457;800000119;INF;;2;;;12;12;;;;;40;;0;71;2554;2157;;;0;0;126;4105;0;0;;5;4;25727;3724;121;17;1;3;;1894;1788;39;1;12;3;13.08;;1;0.3;0;1;102;43;131.4;34.72;1;20.77;;11.82;32.43;2;;2.33;;;;25;8;30.57;14.85;1;1.28;;1;7.3
PSY;2014;800000457;800000119;PEN;;;;;0;;;;;;7;;0;0;0;;;;;;;1620;;0;;2;1;;44;24035;;;;;883;815;;;1;4;0.74;;;;;;17;4;18.88;12.87;;2.75;;;0.68;1;4;0.74;;;;12;4;13.88;7.87;;2.75;;;0.68
PSY;2014;800000457;800000119;TOT;1;;11;1;297;17;;30;;75;102;0;5;2797;110462;2522;0;7741;0;27012;391;12766;0;8999;;18;11;72469;25670;35094;1105;165;3;;8650;6508;1862;119;32;17;36.31;1;1;0.58;;;608;141;715.2;388.44;49.39;45.67;;21.9;67.39;11;12;14.43;1;;0.28;358;67;407.63;251.26;45.81;13.15;;3.13;20.87
PSY;2014;800004111;800000093;GEN;;1;;;19;4;3;;;;0;4;;484;5483;365;1;;;;;0;273;;1;3;3;11990;16120;4184;52;474;;;1726;1673;212;2;4;1;5.45;;;;0;1;;;;;;;;;;4;;2.36;;;;;;;;;;;;
PSY;2014;800004111;800000093;INF;;1;;;;;;;;;15;4;3;;;;;;;;;2977;0;;4;1;0;6872;0;0;13;6;19;;1025;982;;;1;;1.31;;;;0;0;;;;;;;;;;1;;0.6;;;;;;;;;;;;
PSY;2014;800004111;800000093;TOT;1;;0;0;19;4;3;;;;15;8;3;484;5483;365;1;;;;;2977;273;;5;4;3;18862;16120;4184;65;480;19;;2637;2574;212;2;5;1;6.76;;;;;;;;;;;;;;;5;;2.96;;;;;;;;;;;;
PSY;2014;800006124;800000044;GEN;;;;;;;;;;;;;;;;;;;;;;;;;;;;;;;;;;;;;;;11;2;5.57;1;0;0.16;1;0;;;;;;;;;;;;;;;;;;;;;;;;
PSY;2014;800006124;800000044;INF;;;;;;;;;;;;;;;;;;;;;;;;;;;;;;;;;;;;;;;5;3;5.02;1;0;0.3;1;0;;;;;;;;;;;;;;;;;;;;;;;;
PSY;2014;800006124;800000044;PEN;;;;;;;;;;;;;;;;;;;;;;;;;;;;;;;;;;;;;;;1;;0.02;;;;;;;;;;;;;;;;;;;;;;;;;;;;;
PSY;2014;800006124;800000044;TOT;0;;;1;;;;;;;;;;;;;;;;;;;;;;;;;;;;;;;;;;;13;3;10.61;2;;0.46;;;;;;;;;;;;;;;;;;;;;;;;;;
PSY;2014;810000562;810000455;GEN;;2;;;132;5;0;0;0;0;86;10;5;2540;37858;0;0;0;0;0;252;16410;0;889;0;4;4;24508;648;3028;878;4399;29;;4943;4736;760;13;11;4;13.25;;;;0;1;177;50;212.43;136.98;24.44;6.21;;;19.28;;;;;;;109;28;122.36;80.42;22.78;1.86;;;2.84
PSY;2014;810000562;810000455;INF;;1;;;13;2;;;0;0;18;1;6;706;2051;0;;;0;0;184;3559;0;567;1;7;5;16397;2;74;52;24;248;;1558;1537;21;0;5;2;5.51;;;;0;1;62;14;75.8;26.24;5.33;10.56;;8.23;15.8;;;;;;;;;;;;;;;
PSY;2014;810000562;810000455;PEN;;;;;0;;;;;;0;;0;0;0;;;;;;;0;;0;0;2;0;;0;0;;;;1120;225;225;0;0;;;;;;;;;;;;;;;;;;;;;;;;;;;;;;;;
PSY;2014;810000562;810000455;TOT;1;;0;1;145;7;0;0;0;0;104;11;11;3246;39909;0;0;0;0;0;436;19969;0;1456;1;13;9;40905;650;3102;930;4423;277;1120;6456;6273;781;13;16;6;18.76;;;;;;239;64;288.23;163.22;29.77;16.77;;8.23;35.08;;;;;;;109;28;122.36;80.42;22.78;1.86;;;2.84
PSY;2014;810100008;;GEN;;3;;;288;4;5;;5;;138;10;;3263;92489;0;784;;1309;;;26747;1191;;5;9;8;60705;10822;6233;2527;316;1;;8994;6371;1951;69;22;13;28.12;3;2;4;;;450;35;483.93;370.93;80.75;15.61;;5.59;11;;;;;;;;;;;;;;;
PSY;2014;810100008;;INF;;1;;;4;;;;;;54;;;84;993;;;;;;;4353;;;1;7;3;22591;145;633;102;549;336;;2467;2300;40;;6;3;7.84;;;;;;58;32;75.66;27.5;0.5;18.35;;8.61;19.7;;;;;;;;;;;;;;;
PSY;2014;810100008;;PEN;;;;;;;;;;;;;;;;;;;;;;;;;1;;;;;;;;;1270;286;286;;;;;;;;;;;;;;;;;;;;;;;;;;;;;;;;;;
PSY;2014;810100008;;TOT;1;;8;1;292;4;5;;5;;192;10;;3347;93482;0;784;;1309;;;31100;1191;;7;16;11;83296;10967;6866;2629;865;337;1270;11553;8790;1979;69;28;16;35.96;3;2;4;;;508;67;559.59;398.43;81.25;33.96;;14.2;30.7;;;;;;;;;;;;;;;
PSY;2014;820000032;820000016;GEN;;2;;;114;;;;;10;3;6;;1041;36837;;;;;4383;;246;3;;;2;1;7451;;;;648;;;2401;1572;819;15;8;4;7.64;1;1;0.9;0;1;164;29;179.59;114.39;38.08;2.99;;;5.45;6;3;5.3;1;1;0.9;157;28;172.96;110.25;38.08;2.49;;;2.25
PSY;2014;820000032;820000016;INF;;1;;;8;;;;;;;;;88;2069;;;;;;;0;;;;1;;686;;;;241;;;355;267;81;0;4;;3.64;;;;0;1;27;1;22.83;10.66;1.17;0.5;;;6.36;2;;1.19;;;;27;;22.75;10.67;1.17;0.5;;;6.36
PSY;2014;820000032;820000016;TOT;1;;0;1;122;;;;;10;3;6;;1129;38906;;;;;4383;;246;3;;;3;1;8137;;;;889;;;2705;1791;900;15;12;4;11.28;1;1;0.9;;;191;30;202.42;125.05;39.25;3.49;;;11.81;8;3;6.49;1;1;0.9;184;28;195.71;120.92;39.25;2.99;;;8.61
PSY;2014;820002152;310781562;INF;;2;;;;;;;;;;;;;;;;;;;;;;;;1;1;3612;524;;;;;;;;;;;;;;;;0;0;;23;2.81;;;0.66;;0.8;1.35;;1;0.14;;;;;;;;;;;;
PSY;2014;820002152;310781562;TOT;1;;;0;;;;;;;;;;;;;;;;;;;;;;1;1;3612;524;;;;;;;;;;;;;;;;;;;23;2.81;;;0.66;;0.8;1.35;;1;0.14;;;;;;;;;;;;
PSY;2014;820003911;240000265;GEN;;;;;30;;3;;;;3;;;260;9796;;278;;;;;517;;;;;;;;;;;517;;37;;31;10;;;;;;;;;;;;;;;;;;;;;;;;;;;;;;;;
PSY;2014;820003911;240000265;TOT;0;;;0;30;;3;;;;3;;;260;9796;;278;;;;;517;;;;;;;;;;;517;;37;;;;;;;;;;;;;;;;;;;;;;;;;;;;;;;;;;;
PSY;2014;820004067;820000016;GEN;;3;;;93;11;;11;;;54;2;;735;30697;1367;;3346;;;28;7408;0;;;7;4;29686;7561;5437;386;13;;;4549;3846;549;38;13;3;9.31;1;;0.4;0;1;163;33;179.05;126.64;23.05;3.96;;0.25;2.92;8;;3.2;1;;0.4;92;18;97.92;64.13;23.05;;;0.05;1.69
PSY;2014;820004067;820000016;INF;;1;;;;3;;;;;42;;;;;171;;;;;87;4047;;;2;3;1;12317;849;;;6;;;1034;954;;;5;1;3.8;1;2;0.25;0;1;48;15;53.75;12.44;3;6.34;;6.17;16.81;;;;;;;;;;;;;;;
PSY;2014;820004067;820000016;TOT;1;;0;1;93;14;;11;;;96;2;;735;30697;1538;;3346;;;115;11455;0;;2;10;5;42003;8410;5437;386;19;;;5556;4775;549;38;18;4;13.11;2;2;0.65;;;205;48;232.8;139.08;26.05;10.3;;6.42;19.73;8;;3.2;1;;0.4;92;18;97.92;64.13;23.05;;;0.05;1.69
PSY;2014;830000287;830100525;GEN;;2;;;39;;;;;;25;;;541;12775;;;;;;;4213;;;;1;;14195;;620;36;2408;;;2742;2322;351;;7;2;7.78;1;1;1.14;0;1;102;8;88.86;44.27;21.43;6.83;;;1;;;;;;;82;3;60.99;28.09;20.43;0.5;;;
PSY;2014;830000287;830100525;TOT;1;;0;0;39;;;;;;25;;;541;12775;;;;;;;4213;;;;1;;14195;;620;36;2408;;;2742;2322;351;;7;2;7.78;1;1;1.14;;;102;8;88.86;44.27;21.43;6.83;;;1;;;;;;;82;3;60.99;28.09;20.43;0.5;;;
PSY;2014;830000311;830100566;GEN;;2;;;34;;;;;;27;;;545;12066;;;;;;;3254;;;1;2;4;15285;1815;694;119;608;0;;1695;1322;334;7;8;0;7.28;;;;0;1;72;17;84.33;60.01;;4.3;;;1.8;7;;3.24;;;;47;8;52.34;38.94;;0.85;;;1.2
PSY;2014;830000311;830100566;INF;;1;;;8;;;;;;36;;;134;1783;;;;;;;5853;;;;3;1;11115;1417;719;0;439;6;;1824;1616;66;0;6;;5.73;;;;0;1;58;10;64.39;26.71;;9.36;;6;7.5;2;;0.9;;;;15;7;18.5;12.11;;0.9;;;2.5
PSY;2014;830000311;830100566;TOT;1;;0;0;42;;;;;;63;;;679;13849;;;;;;;9107;;;1;5;5;26400;3232;1413;119;1047;6;;3499;2923;400;7;14;0;13.01;;;;;;130;27;148.72;86.72;;13.66;;6;9.3;9;;4.14;;;;62;15;70.84;51.05;;1.75;;;3.7
PSY;2014;830000345;830100616;GEN;;3;;;98;;;;;;20;3;;2073;30226;;;;;;;4703;229;;0;3;1;;;;;;;;;;;;13;2;13.26;2;1;2.8;;;121;38;146.26;76.29;30.35;4.95;;0;4.23;8;;8.09;1;;1;35;9;46.12;27.91;1;4.1;;0.86;4.68
PSY;2014;830000345;830100616;INF;;1;;;10;;;;;;12;;;190;2797;;;;;;;1954;;;1;2;2;;;;;;;;;;;;4;1;4.7;1;;1;;;17;11;24.7;14.98;2;0.86;;0;0.5;1;;1.5;;;;9;9;19.67;10.51;0;0.91;;3.61;1.76
PSY;2014;830000345;830100616;TOT;1;;6;0;108;;;;;;32;3;;2263;33023;;;;;;;6657;229;;1;5;3;;;;;;;;;;;;17;3;17.96;3;1;3.8;;;138;49;170.96;91.27;32.35;5.81;;0;4.73;9;;9.59;1;;1;44;18;65.79;38.42;1;5.01;;4.47;6.44
PSY;2014;830000600;830101200;GEN;;4;;;155;4;;;;;84;;;1229;54021;1417;;;;;209;13712;;;7;7;12;26674;4561;902;609;6488;2;;5324;5162;833;65;19;2;20.9;5;0;4.66;0;0;298;42;332.79;180.97;85.29;5.19;;2.08;18.8;12;1;11.34;5;0;4.66;243;23;258;126.33;78.65;1.88;;1.59;13.77
PSY;2014;830000600;830101200;INF;;1;;;14;1;;;;;36;;;89;3394;227;;;;;8;4813;;;3;3;1;15545;769;528;52;158;272;;1406;1314;26;2;5;3;6.56;0;2;0.28;0;0;85;15;89.64;46.19;6.91;11.02;;6.72;8.17;4;1;1.43;0;2;0.28;41;5;38.79;22.31;6.91;1;;0.28;2.32
PSY;2014;830000600;830101200;PEN;;;;;;;;;;;;;;;;;;;;;;;;;;1;;;;6196;;;;;895;857;38;0;3;0;2.06;0;0;0;;;7;0;7.13;4.08;0;3;;0;0.05;0;0;0;0;0;0;0;0;0;0;0;0;;0;0
PSY;2014;830000600;830101200;TOT;1;;4;1;169;5;;;;;120;;;1318;57415;1644;;;;;217;18525;;;10;11;13;42219;5330;7626;661;6646;274;;7569;6433;894;67;26;5;29.52;5;2;4.94;;;389;57;429.56;231.24;92.2;19.21;;8.8;27.02;16;2;12.77;5;2;4.94;283;28;296.79;148.64;85.56;2.88;;1.87;16.09
PSY;2014;830017497;830004958;GEN;;1;;;53;;;;;;;;;594;19020;;;;;;;;;;;;;;;;;;;;594;;;;5;;;;;;1;;33;;;;;;;;;;;;;;;;;;;;;;;
PSY;2014;830017497;830004958;TOT;1;;;0;53;;;;;;;;;594;19020;;;;;;;;;;;;;;;;;;;;594;;;;5;;;;;;;;33;;;;;;;;;;;;;;;;;;;;;;;
PSY;2014;830100442;830000204;GEN;;;;;86;;;;;;8;;;;30856;;;;;;;3615;;;;;;;;;;;;;605;;605;;;5;;;;;;;;;;20.34;5.6;1.37;;;2.03;;;;;;;;;;;;;;;
PSY;2014;830100442;830000204;TOT;0;;;0;86;;;;;;8;;;;30856;;;;;;;3615;;;;;;;;;;;;;605;;605;;;5;;;;;;;;;;20.34;5.6;1.37;;;2.03;;;;;;;;;;;;;;;
PSY;2014;830100574;750821092;GEN;;;;;20;;;;;;9;2;;602;5878;;;;;;;1182;100;;;;;3416;;;;;;;269;62;207;;5;;;;;;0;1;20;;;9;8;2;;;;5;;;;;;;;;;;;;;
PSY;2014;830100574;750821092;TOT;0;;;0;20;;;;;;9;2;;602;5878;;;;;;;1182;100;;;;;3416;;;;;;;269;;;;5;;;;;;;;20;;;9;8;2;;;;5;;;;;;;;;;;;;;
PSY;2014;830100608;830100616;GEN;;2;;;54;;;;;;13;1;;783;18357;;;;;;;4592;94;;;1;1;;;;;;;;;;;;9;2;11.25;1;;0.36;;;33;35;69.67;41.25;12.86;1.44;;0.2;1.65;3;;3.35;;;0.28;16;28;38.38;21.99;0;3.41;;0.8;5.66
PSY;2014;830100608;830100616;INF;;1;;;;;;;;;24;;;;;;;;;;;3390;;;;2;2;;;;;;;;;;;;4;1;5.46;1;;1.28;;;6;10;11.85;2;0;1.86;;1.93;3.17;1;;1.01;;;0.28;26;37;57.57;15.57;1;12.18;;7.18;11.79
PSY;2014;830100608;830100616;TOT;1;;5;0;54;;;;;;37;1;;783;18357;;;;;;;7982;94;;;3;3;;;;;;;;;;;;13;3;16.71;2;;1.64;;;39;45;81.52;43.25;12.86;3.3;;2.13;4.82;3;;4.36;;;0.56;36;65;95.95;37.56;1;15.59;;7.98;17.45
PSY;2014;830100756;750043994;GEN;;;;;107;;;;;;20;7;;659;32060;;;;;;;1493;95;;;;;;;;;;;;659;;659;;;4;2;;1;0.79;0;1;;;;;;;;;;;;;;;;;;;;;;;;
PSY;2014;830100756;750043994;TOT;0;;;0;107;;;;;;20;7;;659;32060;;;;;;;1493;95;;;;;;;;;;;;659;;659;;;4;2;;1;0.79;;;;;;;;;;;;;;;;;;;;;;;;;;
PSY;2014;830200515;830001012;GEN;;;;;109;0;0;0;0;0;10;0;0;1309;37182;;;;;;;3009;;;;;;;;;;;;;1072;;969;;;;;;;;0;1;;;81.04;33;8;2.5;;4;1.4;;;;;;;;;;;;;;;
PSY;2014;830200515;830001012;TOT;0;;;0;109;0;0;0;0;0;10;0;0;1309;37182;;;;;;;3009;;;;;;;;;;;;;1072;;;;;;;;;;;;;;81.04;33;8;2.5;;4;1.4;;;;;;;;;;;;;;;
PSY;2014;830215919;920000395;GEN;;;;;81;;;;;;;2;;256;19581;;;;;;;;1764;;;;;;;;;;;;128;;;;1;3;2.09;;1;0.11;0;1;;;;;;;;;;;;;;;;;;;;;;;;
PSY;2014;830215919;920000395;TOT;0;;;0;81;;;;;;;2;;256;19581;;;;;;;;1764;;;;;;;;;;;;128;;;;1;3;2.09;;1;0.11;;;;;;;;;;;;;;;;;;;;;;;;;;
PSY;2014;840000509;840000707;GEN;;;;;97;;;;;;12;;;988;35325;;;;;;;2301;;;;;;;;;;;;;1062;72;990;0;;8;4;;7;2.21;0;1;19;36;45.36;29.48;10.64;3.54;;1.01;0.69;;8;3;;7;2.54;17;33;42.82;28.54;10.64;2;;0.95;0.69
PSY;2014;840000509;840000707;TOT;0;;;0;97;;;;;;12;;;988;35325;;;;;;;2301;;;;;;;;;;;;;1062;;;;;8;4;;7;2.21;;;19;36;45.36;29.48;10.64;3.54;;1.01;0.69;;8;3;;7;2.54;17;33;42.82;28.54;10.64;2;;0.95;0.69
PSY;2014;840000541;840000137;GEN;;7;;;412;16;0;;15;0;243;24;;6216;134652;2240;;;3366;;356;36148;53;;2;18;25;130259;22470;7445;4634;8150;;;18967;15149;3153;128;64;11;60.75;4;3;4.25;0;0;1068;205;;669.58;184.05;33.14;;9.89;37.47;51;7;28.56;1;;0.92;729;87;697.83;414.22;164.62;4.73;;4.95;10.73
PSY;2014;840000541;840000137;INF;;2;;;14;12;;;;0;142;0;;150;3561;840;;;;;722;18125;52;;;14;1;34779;1012;1048;122;340;869;;3935;3407;82;;13;6;14.87;1;3;1.48;0;0;242;52;258.75;134.08;4.5;22.99;;10.4;49.41;3;;1.03;;1;0.18;46;7;43.92;25.03;3.01;1.7;;0.1;7.35
PSY;2014;840000541;840000137;PEN;;;;;;;;;;;;;;;;;;;;;;;;;;3;;;;;;;;63945;954;;;;4;1;4.65;;;;;;21;7;19.68;13.41;;5.27;;;;;;;;;;;;;;;;;;
PSY;2014;840000541;840000137;TOT;1;;9;1;426;28;0;;15;0;385;24;;6366;138213;3080;;;3366;;1078;54273;105;;2;35;26;165038;23482;8493;4756;8490;869;63945;22621;18395;3214;128;67;14;80.27;4;6;5.73;;;1325;262;278.43;817.07;188.55;61.4;;20.29;86.88;54;7;29.59;1;1;1.1;775;94;741.75;439.25;167.63;6.43;;5.05;18.08
PSY;2014;850000175;850009010;GEN;;1;;;55;;;;;;12;;;632;16026;;;;;;;1468;;;1;3;3;17251;1679;263;1205;1265;;;2947;2491;398;37;3;2;6.37;;;;0;1;89;25;95.94;76.47;;4.38;;;1.78;3;1;1.87;;;;59;22;69.97;53.47;;1.41;;;1.78
PSY;2014;850000175;850009010;TOT;1;;0;0;55;;;;;;12;;;632;16026;;;;;;;1468;;;1;3;3;17251;1679;263;1205;1265;;;2947;2491;398;37;3;2;6.37;;;;;;89;25;95.94;76.47;;4.38;;;1.78;3;1;1.87;;;;59;22;69.97;53.47;;1.41;;;1.78
PSY;2014;850000183;850000035;GEN;;1;;;25;;;;;;;0;;400;6333;;;;;;;;210;;2;1;;4736;0;1890;702;325;0;;1057;794;244;3;3;;2.41;1;;0.4;1;0;27;11;36.66;26.96;;;;;1;;;;1;;0.4;18;7;22.87;16.79;;;;;
PSY;2014;850000183;850000035;TOT;1;;0;1;25;;;;;;;0;;400;6333;;;;;;;;210;;2;1;;4736;0;1890;702;325;0;;1057;794;244;3;3;;2.41;1;;0.4;;;27;11;36.66;26.96;;;;;1;;;;1;;0.4;18;7;22.87;16.79;;;;;
PSY;2014;850000258;850000092;GEN;;4;;;291;;19;;;;195;;;3526;96003;;4672;;;;673;25261;0;;;9;5;58627;10393;543;285;3622;2;;9736;6878;2187;57;20;3;22.4;5;1;5.5;0;1;352;154;475.04;291;79.76;11.58;;8.22;11.03;;;;;;;274;101;351.93;201.02;75.06;2.77;;0;6.32
PSY;2014;850000258;850000092;INF;;3;;;38;6;;;;;114;;;214;7565;1798;;;;;127;11533;12;;4;13;2;36001;559;1487;56;293;609;;5066;4295;126;4;15;3;16.3;0;8;2.57;0;1;155;73;211.64;114.08;3.54;19.2;;19.18;27.08;;;;;;;51;15;64.12;40.5;2.64;2.21;;2.24;5.55
PSY;2014;850000258;850000092;PEN;;;;;;;;;;;;;;;;;;;;;;;;;;;;;;;;;;;;;;;;;;;;;;;0;1;0.5;0;0;0.5;;0;0;;;;;;;0;0;0;0;0;0;;0;0
PSY;2014;850000258;850000092;TOT;1;;6;1;329;6;19;;;;309;;;3740;103568;1798;4672;;;;800;36794;12;;4;22;7;94628;10952;2030;341;3915;611;;14718;11107;2312;61;35;6;38.7;5;9;8.07;;;507;228;687.18;405.08;83.3;31.28;;27.4;38.11;;;;;;;325;116;416.05;241.52;77.7;4.98;;2.24;11.87
PSY;2014;850013103;;GEN;;;;;;;;0;;;;;0;;;;;3422;;;;;;6935;;;;;;;;;;;;;;;;;;;;;;;;;;;;;;;;;;;;;;;;;;;;;;
PSY;2014;850013103;;TOT;;;;;;;;0;;;;;0;;;;;3422;;;;;;6935;;;;;;;;;;;;;;;;;;;;;;;;;;;;;;;;;;;;;;;;;;;;;;
PSY;2014;860000017;860780048;GEN;;4;;;328;79;;;;;104;8;7;5096;110177;20479;;;;;108;12075;555;5292;7;7;4;54073;1609;4633;5783;19647;1;;14458;12240;2296;101;28;13;36.3;6;13;11;0;0;554;88;518.2;374.08;143.63;12.26;;0.5;11.21;22;2;23.6;5;3;7.1;444;50;384.81;264.06;130.14;2.8;;0;8.86
PSY;2014;860000017;860780048;INF;;4;;;28;22;;;;;98;0;0;566;7145;5885;;;;;436;7919;0;0;5;3;;25520;;1043;16;1489;89;;3461;3222;131;;9;5;12.4;;3;0.3;0;0;151;30;136.43;76.69;2.86;25.09;;15.71;19.21;3;;3;;;;61;3;39.79;34.57;1;0;;0;4
PSY;2014;860000017;860780048;PEN;;;;;20;;;;;;;;1;90;5415;;;;;;;;;299;;1;;;;9360;;;;;1440;1223;67;2;4;;4;;;;;;21;5;21.7;12.57;0;5;;1.86;0.5;4;;4;;;;16;5;16.54;9.57;0;3;;1.86;0.5
PSY;2014;860000017;860780048;TOT;1;;7;1;376;101;;;;;202;8;8;5752;122737;26364;;;;;544;19994;555;5591;12;11;4;79593;1609;15036;5799;21136;90;;18974;15643;2464;104;41;18;52.7;6;16;11.3;;;726;123;676.33;463.34;146.49;42.35;;18.07;30.92;29;2;30.6;5;3;7.1;519;58;441.14;308.2;131.14;5.8;;1.86;13.36
PSY;2014;870000221;870000973;GEN;;;;;34;;;;;;5;;;438;12088;;;;;;;1376;;;;;;;;;;;;;400;;;;;3;1.5;;;;;;;;;;;;;;;;;;;;;;;;;;;;;
PSY;2014;870000221;870000973;TOT;0;;;0;34;;;;;;5;;;438;12088;;;;;;;1376;;;;;;;;;;;;;400;;;;;3;1.5;;;;;;;;;;;;;;;;;;;;;;;;;;;;;
PSY;2014;870006137;870002466;GEN;;5;;;397;;;;;;330;11;5;4511;129273;;;;;;12;67684;983;1778;5;22;;60814;;16104;5691;4101;0;;15080;11052;3150;50;49;14;52.4;8;5;7.8;;;731;329;892.91;497.27;174.43;29.25;;14.08;55.29;26;6;16.45;;;;426;82;489.2;307.32;101.34;1.27;;0.89;11.61
PSY;2014;870006137;870002466;INF;;2;;;29;;;;;;62;;;547;5968;;;;;;0;6254;0;0;0;8;;16366;;627;35;907;16;;2778;2318;236;0;14;6;15.62;1;1;0.2;;;76;71;106.92;49.95;10.84;8.31;;6.52;17.02;3;;1.15;;1;0.1;53;8;57.74;34.32;8.15;1.76;;0.53;5.49
PSY;2014;870006137;870002466;PEN;;;;;;;;;;;;;;;;;;;;;;;;;;;;;;1657;;;;;;;;;3;;0.3;;;;;;;;;;;;;;;1;;;;;;;;;;;;;;
PSY;2014;870006137;870002466;TOT;1;;14;1;426;;;;;;392;11;5;5058;135241;;;;;;12;73938;983;1778;5;30;;77180;;18388;5726;5008;16;;17625;13224;3369;50;66;20;68.32;9;6;8;;;807;400;999.83;547.22;185.27;37.56;;20.6;72.31;30;6;17.6;;1;0.1;479;90;546.94;341.64;109.49;3.03;;1.42;17.1
PSY;2014;880000088;880780119;GEN;;4;;;218;14;16;0;0;0;70;5;1;1925;76277;3696;3704;0;0;0;0;18192;264;76;9;18;12;71590;13740;9128;3136;7669;0;;10964;9416;1245;64;4;22;23.72;;;;1;1;495;126;582.37;336.66;81.81;22.76;;3.06;20.18;3;10;9.93;;;;340;67;376.75;191.24;79.81;7.01;;2.26;9.15
PSY;2014;880000088;880780119;INF;;0;;;7;2;;;0;0;46;0;0;159;2067;0;;;0;0;0;6498;0;0;4;9;10;36004;6391;280;27;1064;47;;4705;4453;61;0;1;6;6.45;;;;1;1;130;40;157.98;64.96;4.23;24.74;;10;23.55;1;0;0.55;;;;20;6;23.76;13.07;2.44;1.09;;0;1.22
PSY;2014;880000088;880780119;PEN;;;;;0;;;;;;0;;0;0;0;;;;;;;0;;0;0;1;1;;347;2731;;;;;572;572;0;0;0;1;0.5;;;;;;5;5;4.25;2.37;0;1.78;;0;;0;0;0;;;;0;0;0;0;0;0;;0;0
PSY;2014;880000088;880780119;TOT;1;;3;1;225;16;16;0;0;0;116;5;1;2084;78344;3696;3704;0;0;0;0;24690;264;76;13;28;23;107594;20478;12139;3163;8733;47;;16102;14429;1298;0;5;29;30.67;;;;;;618;165;744.6;403.99;86.04;49.28;;13.06;43.73;4;10;10.48;;;;357;70;400.51;204.31;82.25;8.1;;2.26;10.37
PSY;2014;890000326;890008105;GEN;;;;;25;;;;;;5;;;;7993;;;;;;;12;;;;;;;;;;;;;79;;;;;4;0.24;;;;0;0;7;11;10.94;6.48;0;0.92;;0;3.54;;;;;;;;;;;;;;;
PSY;2014;890000326;890008105;TOT;0;;;0;25;;;;;;5;;;;7993;;;;;;;12;;;;;;;;;;;;;79;;;;;4;0.24;;;;;;7;11;10.94;6.48;0;0.92;;0;3.54;;;;;;;;;;;;;;;
PSY;2014;890002298;890000672;GEN;;;;;86;;;;;;;;;528;31533;;;;;;;;;;;;;;;;;;;;615;;615;0;4;1;4.5;1;;1;1;1;41;36;62.73;20.9;17.7;0.5;;0.7;0;4;1;4.5;1;0;1;;;;;;;;;
PSY;2014;890002298;890000672;TOT;0;;;0;86;;;;;;;;;528;31533;;;;;;;;;;;;;;;;;;;;615;;;;4;1;4.5;1;0;1;;;41;36;62.73;20.9;17.7;0.5;;0.7;0;4;1;4.5;1;0;1;;;;;;;;;
PSY;2014;890002371;890000722;GEN;;;;;150;;;;;;36;5;;2186;53169;;;;;;;7629;744;;;;;;;;;;;;1995;;1815;;;9;5.89;1;2;1.38;1;1;85;9;76.77;49.04;17.5;4.73;;1.83;5.61;;;;;;;77;9;68.88;43.04;16.5;3.43;;1;4.91
PSY;2014;890002371;890000722;TOT;0;;;0;150;;;;;;36;5;;2186;53169;;;;;;;7629;744;;;;;;;;;;;;1995;;;;;9;5.89;1;2;1.38;;;85;9;76.77;49.04;17.5;4.73;;1.83;5.61;;;;;;;77;9;68.88;43.04;16.5;3.43;;1;4.91
PSY;2014;890975519;890000052;GEN;;4;;;244;6;;;;;54;0;8;2903;76106;0;;;;;115;8701;0;0;1;8;8;37230;9170;2521;3175;3376;10;;8635;6850;1698;78;18;1;16.95;3;3;2.6;0;0;394;51;430.59;251.4;62.18;11.21;;2.86;7.26;16;1;10.98;3;3;2.1;318;37;345.01;189.75;61.18;7.76;;0.7;4.93
PSY;2014;890975519;890000052;INF;;2;;;10;8;;;;;73;;10;109;2903;1542;;;;;61;8795;;0;;10;9;24658;3004;75;109;630;102;;2799;2647;84;0;6;2;6.03;1;1;0.8;0;0;138;25;153.85;67.43;2;21.07;;8.41;19.34;6;0;2.53;1;1;0.8;84;12;83.9;49.97;2;3.91;;1.5;10.04
PSY;2014;890975519;890000052;PEN;;;;;2;;;;;;;;;34;166;;;;;;;;;;2;;0;;27;9336;;;;0;1046;1018;28;0;;1;0.7;;;;;;16;2;9.95;3.7;0;5.25;;;;;;;;;;;;;;;;;;
PSY;2014;890975519;890000052;TOT;1;;12;1;256;14;;;;;127;0;18;3046;79175;1542;;;;;176;17496;0;0;3;18;17;61888;12201;11932;3284;4006;112;0;12289;10345;1789;78;24;4;23.68;4;4;3.4;;;548;78;594.39;322.53;64.18;37.53;;11.27;26.6;22;1;13.51;4;4;2.9;402;49;428.91;239.72;63.18;11.67;;2.2;14.97
PSY;2014;900002429;700004096;GEN;;1;;;91;7;;;;;15;3;;1021;29413;1658;;;;;;2942;1;;;2;2;10135;11516;1871;499;1713;;;2699;1964;720;19;7;4;8.56;2;1;2.69;1;1;157;31;171.77;83.69;50.6;9.37;;1;4.41;7;2;6.03;2;;2.43;85;15;105.64;57.61;47.48;0.05;;0;0
PSY;2014;900002429;700004096;INF;;1;;;3;;;;;;21;;;311;334;;;;;;;3341;;;;2;;6665;;;5;243;6;;770;703;8;;2;2;3.85;;;;1;1;33;11;38.11;14.5;4.51;7.09;;1.96;5.09;1;;0.37;;;;21;6;24.63;9.98;4.61;2;;1;2.16
PSY;2014;900002429;700004096;PEN;;;;;;;;;;;;;;;;;;;;;;;;;;;;;;44;;;;;20;20;;;;;;;;;;;;;;;;;;;;;;;;;;;;;;;;;;
PSY;2014;900002429;700004096;TOT;1;;1;1;94;7;;;;;36;3;;1332;29747;1658;;;;;;6283;1;;;4;2;16800;11516;1915;504;1956;6;;3473;2661;728;19;9;5;12.41;2;1;2.69;;;190;42;209.88;98.19;55.11;16.46;;2.96;9.5;8;2;6.4;2;;2.43;106;21;130.27;67.59;52.09;2.05;;1;2.16
PSY;2014;910000322;910140011;GEN;;1;;;40;30;;;;;;;;45;14370;2284;;;;;;;;;;;;87;;3;220;52;;;58;4;45;36;1;2;1.14;2;2;1.79;0;1;69;3;73.75;30.5;24.5;0.5;;2.75;4;3;2;2;2;2;2.4;68;3;71.67;28.92;24.5;;;2.75;4
PSY;2014;910000322;910140011;INF;;1;;;20;;;;;;;;;24;3044;;;;;;;;;;;;;166;;4;;1;;;32;10;21;;2;0;3.08;;;;0;1;35;5;41;31;;2;;2;3;4;0;1.4;;;;35;5;41;31;;2;;2;3
PSY;2014;910000322;910140011;TOT;1;;;0;60;30;;;;;;;;69;17414;2284;;;;;;;;;;;;253;;7;220;53;;;90;14;66;36;3;2;4.22;2;2;1.79;;;104;8;114.75;61.5;24.5;2.5;;4.75;7;7;2;3.4;2;2;2.4;103;8;112.67;59.92;24.5;2;;4.75;7
PSY;2014;910000330;910140029;GEN;;9;;;252;95;3;47;11;;46;9;1;2903;69115;19707;1096;11643;3054;;;8530;558;2973;;17;13;101750;16652;5139;2138;6145;;;11615;;1740;;62;;61.92;14;8;17.65;1;1;603;66;653.29;374.11;90.84;37.07;;10.77;29.88;25;;25;12;2;13.2;334;32;339.14;179.06;77.46;5.24;;2.5;8.78
PSY;2014;910000330;910140029;INF;;3;;;10;49;;;;;88;;;;1941;13933;;;;;;9432;;;;14;12;36346;5078;125;;7;;;3303;;;;23;3;25.68;2;1;1.53;0;0;193;31;214.32;99.3;5.85;30.45;;20.09;20.02;;;;;;;;;;;;;;;
PSY;2014;910000330;910140029;TOT;1;;1;0;262;144;3;47;11;;134;9;1;2903;71056;33640;1096;11643;3054;;;17962;558;2973;;31;25;138096;21730;5264;2138;6152;;;14917;12473;;;85;3;87.6;16;9;19.18;;;796;97;867.61;473.41;96.69;67.52;;30.86;49.9;25;;25;12;2;13.2;334;32;339.14;179.06;77.46;5.24;;2.5;8.78
PSY;2014;910020254;910002773;GEN;;4;;;110;26;9;20;12;;24;1;2;1082;34468;7101;2867;5676;2405;;5;5466;277;2239;1;2;1;64881;12217;4649;1049;20;6;;;4435;1169;23;23;23;33.4;;;;;;209;132;282.4;136.3;49;22.6;;;31.7;;;;;;;;;;;;;;;
PSY;2014;910020254;910002773;INF;;1;;;;16;;;;;10;;;;;2367;;;;;41;698;;;;3;1;28857;791;136;246;597;885;;1716;1690;;;5;9;9.79;;;;;;53;5;56.78;14.39;;9;;3.9;8.8;;;;;;;;;;;;;;;
PSY;2014;910020254;910002773;PEN;;;;;0;;;;;;;;;;0;;;;;;;;;;;;;;;;;;;;7844;7664;180;;9;;8.75;;;;;;32;3;32.4;20.1;;6.6;;;0.3;;;;;;;;;;;;;;;
PSY;2014;910020254;910002773;TOT;1;;;1;110;42;9;20;12;;34;1;2;1082;34468;9468;2867;5676;2405;;46;6164;277;2239;1;5;2;93738;13008;4785;1295;617;891;;;;;;37;32;51.94;;;;;;;;371.58;170.79;49;38.2;;3.9;40.8;;;;;;;;;;;;;;;
PSY;2014;910110071;910110063;GEN;;3;;;87;;;;;;45;3;;849;30250;;;;;;69;9279;222;;1;4;3;32008;8046;1368;;1425;;;3377;2967;588;8;13;13;18.71;2;0;4.74;;;129;41;160.5;89.8;4.79;13.46;;14.53;7.76;10;11;9.54;2;0;4.74;86;35;107.74;63.4;4.79;4.55;;6.44;6.58
PSY;2014;910110071;910110063;INF;;1;;;;;;;;;25;;1;;;;;;;;;3184;;3170;1;7;;19477;;61;;336;203;;2154;2031;;;2;8;9.15;;;;;;59;18;67.51;23.87;0.01;16.15;;5.91;9.9;;;;;;;21;2;19.45;15.43;0.01;1;;0.95;1.03
PSY;2014;910110071;910110063;TOT;1;;;0;87;;;;;;70;3;1;849;30250;;;;;;69;12463;222;3170;2;11;3;51485;8046;1429;;1761;203;;4790;;;;15;21;27.86;2;0;4.74;;;188;59;228.01;113.67;4.8;29.61;;20.44;17.66;10;11;9.54;2;;4.74;107;37;127.19;78.83;4.8;5.55;;7.39;7.61
PSY;2014;910140037;750720914;GEN;;1;;;42;20;;47;;;;;;413;16499;6924;;16243;;;;;;;;;;;;;;;;;4708;3683;278;10;;9;3.98;;1;0.15;;1;77;18;86.94;53.83;26.96;2;;3.15;1;;5;2.6;;1;0.15;43;10;48.73;34.57;12.16;;;2.15;
PSY;2014;910140037;750720914;TOT;1;;0;0;42;20;;47;;;;;;413;16499;6924;;16243;;;;;;;;;;;;;;;;;4708;;;;;9;3.98;;1;0.15;;;77;18;86.94;53.83;26.96;2;;3.15;1;;5;2.6;;1;0.15;43;10;48.73;34.57;12.16;;;2.15;
PSY;2014;910150010;910014919;GEN;;;;;30;;;;;;;;;234;7279;;;;;;;;;;;;;;;;;;;;128;;;;;2;1.49;;6;3.61;;;14;5;15.69;9.4;4.5;0.46;;;0.33;;;;;;;;;;;;;;;
PSY;2014;910150010;910014919;TOT;0;;;0;30;;;;;;;;;234;7279;;;;;;;;;;;;;;;;;;;;128;;;;;2;1.49;;6;3.61;;;14;5;15.69;9.4;4.5;0.46;;;0.33;;;;;;;;;;;;;;;
PSY;2014;910310010;750052326;GEN;;;;;76;;;;;;;;;744;28356;;;;;;;;;;;;;;;;;;;;600;;600;;3;12;7.45;;2;;1;1;24;25;;24.73;3.22;1.5;;1.5;;3;12;7.45;;2;;24;25;;24.73;3.22;1.5;;1.5;
PSY;2014;910310010;750052326;INF;;;;;14;;;;;;;;;120;4242;;;;;;;;;;;;;;;;;;;;112;;112;;1;1;1.7;;;;1;1;10;13;;10.3;3.22;2.11;;1;;1;1;1.7;;;;10;13;;10.3;3.22;2.11;;1;
PSY;2014;910310010;750052326;TOT;0;;;0;90;;;;;;;;;864;32598;;;;;;;;;;;;;;;;;;;;709;;709;;4;13;9.15;;2;;;;34;38;;35.03;6.44;3.61;;2.5;;4;13;9.15;;2;;34;38;;35.03;6.44;3.61;;2.5;
PSY;2014;910310028;750043994;GEN;;;;;278;;;;;;;;;2565;102091;;;;;;;;;;;;;;;;;;;;1924;;1924;;6;16;13.53;;1;0.5;1;1;52;42;82.12;49.35;19.67;4.31;;1.94;2.24;5;6;4;;1;;23;20;37.71;24.24;9.1;2.43;;1.94;
PSY;2014;910310028;750043994;INF;;;;;12;;;;;;;;;74;3411;;;;;;;;;;;;;;;;;;;;29;;29;;;1;0.3;;;;0;1;6;;5.2;2.2;;;;;3;;1;0.3;;;;6;;5.2;2.2;;;;;3
PSY;2014;910310028;750043994;TOT;0;;;0;290;;;;;;;;;2639;105502;;;;;;;;;;;;;;;;;;;;1953;;1953;;6;17;13.83;;1;0.5;;;58;42;87.32;51.55;19.67;4.31;;1.94;5.24;5;7;4.3;;1;;29;20;42.91;26.44;9.1;2.43;;1.94;3
PSY;2014;920000577;920110020;GEN;;1;;;39;0;0;0;0;0;20;0;0;391;13113;;;;;;;1853;;;;;2;22429;7490;269;35;1024;;;2230;1120;295;9;12;2;11.95;;;;1;0;62;10;68.9;39.4;12.8;11.9;;2.8;2;5;0;2.95;;;;37;8;40.9;22.9;12.8;2.2;;2;1
PSY;2014;920000577;920110020;PEN;;;;;;;;;;;;;;;;;;;;;;;;;;;;;;;;;;8179;1393;1390;3;;0;4;1.65;;;;;;2;3;3.9;0;;3.9;;0;0;;;;;;;;;;;;;;;
PSY;2014;920000577;920110020;TOT;1;;3;1;39;0;0;0;0;0;20;0;0;391;13113;;;;;;;1853;;;;;2;22429;7490;269;35;1024;;8179;3620;2510;298;9;12;6;13.6;;;;;;64;13;72.8;39.4;12.8;15.8;;2.8;2;5;;2.95;;;;37;8;40.9;22.9;12.8;2.2;;2;1
PSY;2014;920000650;920150059;GEN;;;;;14;;;;;;;;;313;3992;;;;;;;;;;;;;1414;;;;;;;1533;1261;272;;4;1;4.45;;;;0;0;11;4;13.3;8;3;;;0.03;;;;;;;;;;;;;;;;
PSY;2014;920000650;920150059;TOT;0;;;0;14;;;;;;;;;313;3992;;;;;;;;;;;;;1414;;;;;;;1533;;;;4;1;4.45;;;;;;11;4;13.3;8;3;;;0.03;;;;;;;;;;;;;;;;
PSY;2014;920001096;;GEN;;;;;78;;;;;;4;;1;817;26699;;;;;;;1273;;1273;;;;;;;;;;;650;;;;;;;;;;;;64;31;75.92;28.89;15.03;0.63;;;0.94;;;;;;;64;31;75.92;28.89;15.03;0.63;;;0.94
PSY;2014;920001096;;INF;;;;;;;;;;;8;;1;;;;;;;;;1479;;1479;;;;;;;;;;;43;;;;;1;0.27;;;;;;3;5;3.72;1.03;;0.65;;0.77;;;;;;;;;;;;;;;;
PSY;2014;920001096;;TOT;0;;;0;78;;;;;;12;;2;817;26699;;;;;;;2752;;2752;;;;;;;;;;;693;;;;;1;0.27;;;;;;67;36;79.64;29.92;15.03;1.28;;0.77;0.94;;;;;;;64;31;75.92;28.89;15.03;0.63;;;0.94
PSY;2014;920002177;920804465;GEN;;3;;;113;;7;;;;47;3;;975;38992;;2005;;;;24;14206;908;;;3;3;43326;8105;1457;711;415;2;;3838;3115;620;30;22;11;26.25;;;;0;0;232;45;230.16;128.29;39;11.85;;2.3;17.11;16;3;10.42;;;;162;28;162.91;88.8;36.51;1.85;;1.8;8.23
PSY;2014;920002177;920804465;INF;;3;;;11;;;;;;12;0;;99;2377;;;;;;0;1876;;;;19;3;72103;3422;459;65;1020;240;;5127;5033;78;0;23;9;24.95;;;;0;0;104;58;110.12;16.65;3.11;37.69;;21.85;21.36;3;0;1.66;;;;18;7;22.56;11.79;3.11;1.5;;0.12;2.94
PSY;2014;920002177;920804465;TOT;1;;0;0;124;;7;;;;59;3;;1074;41369;;2005;;;;24;16082;908;;;22;6;115429;11527;1916;776;1435;242;;8918;8111;696;30;45;20;51.2;;;;;;336;103;340.28;144.94;42.11;49.54;;24.15;38.47;19;3;12.08;;;;180;35;185.47;100.59;39.62;3.35;;1.92;11.17
PSY;2014;920007408;950140012;GEN;;5;;;22;;;;;12;109;15;;246;5840;;;;;1711;;22960;2936;;;;5;82429;5572;974;;;;;5521;4266;182;2;25;10;20.64;;;;1;1;131;43;139.57;81.88;10.49;24.05;;4.14;8.6;3;;1.9;;;;29;2;27.14;14.81;7.79;2.08;;;0.69
PSY;2014;920007408;950140012;INF;;1;;;;;;;;;20;;;;;;;;;;;2260;;;;;2;20018;755;6;;;129;;1889;1824;;;11;1;10.62;;;;0;0;47;19;58.89;9.56;1.87;20.73;;10.59;13.68;;;;;;;;;;;;;;;
PSY;2014;920007408;950140012;TOT;1;;2;0;22;;;;;12;129;15;;246;5840;;;;;1711;;25220;2936;;;;7;102447;6327;980;;;129;;7232;;;;36;11;31.26;;;;;;178;62;198.46;91.44;12.36;44.78;;14.73;22.28;3;;1.9;;;;29;2;27.14;14.81;7.79;2.08;;;0.69
PSY;2014;920007549;920007499;GEN;;;;;65;;;;;;20;;;338;16969;;;;;;;470;;;;;;;;;;;;;293;;282;1;3;;3;;8;3.17;0;1;39;4;43.69;12.44;9.3;3.38;;2.01;4.5;2;1;2.7;;8;2.87;26;10;40.59;11.44;8.8;3.12;;1.73;4.05
PSY;2014;920007549;920007499;TOT;0;;;0;65;;;;;;20;;;338;16969;;;;;;;470;;;;;;;;;;;;;293;;282;1;3;;3;;8;3.17;;;39;4;43.69;12.44;9.3;3.38;;2.01;4.5;2;1;2.7;;8;2.87;26;10;40.59;11.44;8.8;3.12;;1.73;4.05
PSY;2014;920027711;940140049;GEN;;4;;;120;41;16;;;;78;5;;737;42385;13060;5157;;;;;11021;5;;;8;7;80990;16521;3199;;;;;8154;7979;771;;71;19;39.84;3;;3;;;309;29;306.89;158;73;20.93;;13.46;14.97;25;19;14.49;3;;3;215;26;159;72.38;69.24;0.78;;1.48;4.71
PSY;2014;920027711;940140049;TOT;1;;;0;120;41;16;;;;78;5;;737;42385;13060;5157;;;;;11021;5;;;8;7;80990;16521;3199;;;;;8154;;;;71;19;39.84;3;;3;;;309;29;306.89;158;73;20.93;;13.46;14.97;25;19;14.49;3;;3;215;26;159;72.38;69.24;0.78;;1.48;4.71
PSY;2014;920100047;750712184;GEN;;6;;;61;;;;;;10;1;1;650;17916;;;;;;;3873;8;1;;2;1;22115;1277;316;80;2194;40;;3700;3226;471;3;14;1;14;;1;0.6;1;1;61;14;75.29;40;34;7;;1;3;4;;;;;;;;;36;33;4;;1;2
PSY;2014;920100047;750712184;TOT;1;;;0;61;;;;;;10;1;1;650;17916;;;;;;;3873;8;1;;2;1;22115;1277;316;80;2194;40;;3700;;;;14;1;14;;1;0.6;;;61;14;75.29;40;34;7;;1;3;4;;;;;;;;;36;33;4;;1;2
PSY;2014;920100062;750712184;GEN;;1;;;72;;;;;;30;1;;910;22224;;;;;;;9799;41;;;1;1;13151;2085;602;;9226;;;3189;2514;568;7;13;5;15.3;0;1;0.1;1;0;111;10;116.98;58.9;41.9;10.3;;1;4.88;0;10;4.61;;;;80;8;86.34;44.89;37.7;1.75;;;2
PSY;2014;920100062;750712184;TOT;1;;;0;72;;;;;;30;1;;910;22224;;;;;;;9799;41;;;1;1;13151;2085;602;;9226;;;3189;2514;568;7;13;5;15.3;;1;0.1;;;111;10;116.98;58.9;41.9;10.3;;1;4.88;;10;4.61;;;;80;8;86.34;44.89;37.7;1.75;;;2
PSY;2014;920120011;750821092;GEN;;;;;19;;;;;;;1;;294;5866;;;;;;;;19;;;;;5679;;;;;;;1488;1250;234;;4;;3.5;;;;0;1;19;;19;9;7;1;;2;0;;;;;;;;;;;;;;;
PSY;2014;920120011;750821092;TOT;0;;;0;19;;;;;;;1;;294;5866;;;;;;;;19;;;;;5679;;;;;;;1488;;;;4;;3.5;;;;;;19;;19;9;7;1;;2;0;;;;;;;;;;;;;;;
PSY;2014;920140019;750005068;GEN;;1;;;60;;;;;;23;;1;918;15101;;;;;;;4659;;283;;1;1;7917;65;48;57;46;;;1115;763;317;5;7;3;8.88;;1;0.1;1;1;45;27;70.31;40.58;20.58;2.75;;4.4;2;;;;;;;;;;;;;;;
PSY;2014;920140019;750005068;TOT;1;;0;0;60;;;;;;23;;1;918;15101;;;;;;;4659;;283;;1;1;7917;65;48;57;46;;;1115;;;;7;3;8.88;;1;0.1;;;45;27;70.31;40.58;20.58;2.75;;4.4;2;;;;;;;;;;;;;;;
PSY;2014;920140027;750720575;GEN;;;;;123;;;;;;30;;;871;26974;;;;;;;6619;;;1;1;1;4311;2565;;;;;;1021;722;231;0;9;3;10.75;;2;0.82;1;1;88;64;115.21;76.91;;15.99;;3.81;18.5;;;;;;;;;;;;;;;
PSY;2014;920140027;750720575;TOT;0;;;0;123;;;;;;30;;;871;26974;;;;;;;6619;;;1;1;1;4311;2565;;;;;;1021;;;;9;3;10.75;;2;0.82;;;88;64;115.21;76.91;;15.99;;3.81;18.5;;;;;;;;;;;;;;;
PSY;2014;920170024;940809452;GEN;;;;;;;;;;;70;;;;;;;;;;;9128;;;;;;;;;;;;;79;;;;;1;0.61;;1;0.3;0;0;12;5;14.56;1.68;;;;;12.88;;;;;;;;;;;;;;;
PSY;2014;920170024;940809452;TOT;0;;;0;;;;;;;70;;;;;;;;;;;9128;;;;;;;;;;;;;79;;;;;1;0.61;;1;0.3;;;12;5;14.56;1.68;;;;;12.88;;;;;;;;;;;;;;;
PSY;2014;920170081;750721391;GEN;;;;;;;;;;;57;;;;;;;;;;48;12073;;;;;;149;;;;;;;144;75;;;1;2;1.25;;;;;;8;10;13;6.84;;0.9;;2.09;3.16;;;;;;;;;;;;;;;
PSY;2014;920170081;750721391;INF;;;;;;;;;;;26;;;;;;;;;;161;8028;;;;;;;;;;;;;54;;;;1;1;1.92;;;;;;14;9;21.7;1.15;;3.31;;0.97;16.3;;;;;;;;;;;;;;;
PSY;2014;920170081;750721391;TOT;0;;;0;;;;;;;83;;;;;;;;;;209;20101;;;;;;149;;;;;;;198;75;;;2;2;3.17;;;;;;22;19;34.7;7.99;;4.21;;3.06;19.46;;;;;;;;;;;;;;;
PSY;2014;920170115;920718053;INF;;;;;;;;;;;32;;;;;;;;;;;7883;;;;;;;;;;;;;104;49;;;;5;1.7;;;;0;0;8;10;17.88;0.3;;17.58;;;1.13;;;;;;;;;;;;;;;
PSY;2014;920170115;920718053;TOT;0;;;0;;;;;;;32;;;;;;;;;;;7883;;;;;;;;;;;;;104;49;;;;5;1.7;;;;;;8;10;17.88;0.3;;17.58;;;1.13;;;;;;;;;;;;;;;
PSY;2014;920310026;920001070;GEN;;;;;60;;;;;;;;;594;21984;;;;;;;;;;;;;;;;;;;;509;;;;;4;2.4;;1;0.4;;;10;27;21.25;14.96;5.37;0.31;;0.11;0.5;;4;2.4;;1;0.4;10;27;21.25;14.96;5.37;0.31;;0.11;0.5
PSY;2014;920310026;920001070;TOT;0;;;0;60;;;;;;;;;594;21984;;;;;;;;;;;;;;;;;;;;509;;;;;4;2.4;;1;0.4;;;10;27;21.25;14.96;5.37;0.31;;0.11;0.5;;4;2.4;;1;0.4;10;27;21.25;14.96;5.37;0.31;;0.11;0.5
PSY;2014;920310034;920001088;GEN;;;;;44;0;0;0;0;0;0;0;0;665;13566;;;;;;;;;;;;;;;;;;;;471;;471;2;;6;3;;;;1;;26;18;34.84;16.6;3.94;0.66;;0.68;1.29;;6;3;;;;26;18;34.84;16.6;3.94;0.66;;0.68;1.29
PSY;2014;920310034;920001088;TOT;0;;;0;44;0;0;0;0;0;0;0;0;665;13566;;;;;;;;;;;;;;;;;;;;471;;471;2;;6;3;;;;;;26;18;34.84;16.6;3.94;0.66;;0.68;1.29;;6;3;;;;26;18;34.84;16.6;3.94;0.66;;0.68;1.29
PSY;2014;920310059;920001104;GEN;;;;;45;;;;;;16;;;434;14044;;;;;;;5896;;;;;;;;;;;;;397;53;342;2;5;10;8.2;;;;;0;20;21;28.14;20.86;4.4;2.14;;;;;;;;;;;;;;;;;;
PSY;2014;920310059;920001104;TOT;0;;;0;45;;;;;;16;;;434;14044;;;;;;;5896;;;;;;;;;;;;;397;;;;5;10;8.2;;;;;;20;21;28.14;20.86;4.4;2.14;;;;;;;;;;;;;;;;;;
PSY;2014;920690278;920718202;INF;;1;;;0;0;;;0;0;18;0;0;0;0;0;;;0;0;0;4991;0;0;0;0;0;0;0;0;0;0;0;;44;44;0;0;0;2;0.83;0;1;0.2;0;0;8;7;12.3;1;0;1.25;;1.3;9.3;0;0;0;0;0;0;0;0;0;0;0;0;;0;0
PSY;2014;920690278;920718202;TOT;1;;0;0;0;0;;;0;0;18;0;0;0;0;0;;;0;0;0;4991;0;0;0;0;0;0;0;0;0;0;0;;44;44;0;0;0;2;0.83;0;1;0.2;;;8;7;12.3;1;0;1.25;;1.3;9.3;0;0;0;0;0;0;0;0;0;0;0;0;;0;0
PSY;2014;920811635;780140059;INF;;3;;;45;;;;;;77;0;;336;5937;;;;;;123;9217;155;;;7;5;40386;4632;79;96;55;170;;3470;3248;138;0;23;9;25.61;;;;0;0;153;66;166.42;54.98;15.35;28.61;;18.14;49.34;4;1;3.74;;;;67;30;67.3;38.38;12.53;2;;3.8;10.59
PSY;2014;920811635;780140059;PEN;;;;;;;;;;;;;;;;;;;;;;;;;;;;;0;13;;;;;;;;;;;;;;;;;;;;;;;;;;;;;;;;;;;;;;;;
PSY;2014;920811635;780140059;TOT;1;;;0;45;;;;;;77;0;;336;5937;;;;;;123;9217;155;;;7;5;40386;4632;92;96;55;170;;3470;3248;138;;23;9;25.61;;;;;;153;66;166.42;54.98;15.35;28.61;;18.14;49.34;4;1;3.74;;;;67;30;67.3;38.38;12.53;2;;3.8;10.59
PSY;2014;930000336;930110069;GEN;;3;;;73;15;;;6;;65;4;5;979;27985;3004;;;1905;;31;11813;177;3774;;9;5;35621;4317;2375;;166;;;3652;796;528;8;32;10;37.6;;;;;;147;25;161.65;77.8;27;16.75;;1;9.8;25;;15.35;;;;99;17;107.95;48.2;25;6;;;7.4
PSY;2014;930000336;930110069;INF;;1;;;8;10;;;;;20;;;58;2207;3872;;;;;;3591;;;;13;;52071;;174;;3537;2138;;2627;2569;58;;6;9;11.9;4;;4;0;0;50;21;62.1;5.5;2.8;22;;12.5;19.8;2;;1.6;;;;18;2;19;10;7;0.5;;;1.5
PSY;2014;930000336;930110069;TOT;1;;;0;81;25;;;6;;85;4;5;1037;30192;6876;;;1905;;31;15404;177;3774;;22;5;87692;4317;2549;;3703;2138;;6279;3365;586;8;38;19;49.5;4;;4;;;197;46;223.75;83.3;29.8;38.75;;13.5;29.6;27;;16.95;;;;117;19;126.95;58.2;32;6.5;;;8.9
PSY;2014;930000344;930140025;GEN;;15;;;358;40;4;13;19;8;216;6;;5825;154935;8876;626;3905;5701;2265;556;33947;30;;;20;17;277543;51443;13352;1841;8303;10;;22515;18567;3153;145;157;41;173.65;29;12;33.6;1;1;972;122;1042.72;583.82;142.39;89.55;;33.49;65.6;98;6;66.8;;;;681;48;671.65;348.41;135.95;25.32;;13.86;35.3
PSY;2014;930000344;930140025;INF;;3;;;22;5;;;;;121;9;;270;4353;1870;;;;;229;15711;685;;;22;19;79934;13628;201;75;2920;404;;6774;6473;88;;32;9;40.1;;;;0;0;303;76;352.74;121.69;8.31;69.47;;58.37;70.61;8;;4.15;;;;74;4;74.08;39.17;6.31;3.38;;2.5;15.7
PSY;2014;930000344;930140025;PEN;;;;;;;;;;;;;;;;;;;;;;;;;;;;;;29;;;;;;;;;;;;;;;;;;;;;;;;;;;;;;;;;;;;;;;;
PSY;2014;930000344;930140025;TOT;1;;;0;380;45;4;13;19;8;337;15;;6095;159288;10746;626;3905;5701;2265;785;49658;715;;;42;36;357477;65071;13582;1916;11223;414;;29246;25003;3238;;189;50;213.75;29;12;33.6;;;1275;198;1395.46;705.51;150.7;159.02;;91.86;136.21;106;6;70.95;;;;755;52;745.73;387.58;142.26;28.7;;16.36;51
PSY;2014;930001433;930110051;INF;;1;;;;;;;;;18;;12;;;;;;;;;2203;;3902;;8;5;25421;6789;286;;3896;;;3430;3274;;;10;6;13.49;;;;;;;;;;;;;;;;;;;;;;;;;;;;;
PSY;2014;930001433;930110051;TOT;0;;1;0;;;;;;;18;;12;;;;;;;;;2203;;3902;;8;5;25421;6789;286;;3896;;;3430;;;;10;6;13.49;;;;;;;;;;;;;;;;;;;;;;;;;;;;;
PSY;2014;930004288;750720922;INF;;;;;;;;;;;16;;;;;;;;;;35;4364;;;;;;;;;;;;;36;;5;;;2;1;;1;0.3;0;0;13;7;16.5;2;0;1.95;;2.85;9.6;;;;;;;;;;;;;;;
PSY;2014;930004288;750720922;TOT;0;;;0;;;;;;;16;;;;;;;;;;35;4364;;;;;;;;;;;;;36;;5;;;2;1;;1;0.3;;;13;7;16.5;2;0;1.95;;2.85;9.6;;;;;;;;;;;;;;;
PSY;2014;930020920;750043408;GEN;;;;;90;;;;;;10;;;711;33872;;;;;;;2183;;;;;;;;;;;;;579;;568;;3;2;4.4;;1;0.57;;;24;26;34.77;25.28;4.17;3.25;;2.14;;;;;;;;;;;;;;;;
PSY;2014;930020920;750043408;TOT;0;;;0;90;;;;;;10;;;711;33872;;;;;;;2183;;;;;;;;;;;;;579;;568;;;;4.4;;;0.57;;;;;34.77;25.28;4.17;3.25;;2.14;;;;;;;;;;;;;;;;
PSY;2014;930100037;750712184;GEN;;;;;;;;;;;;;;;;;;;;;;;;;;2;;3927;;;;4337;;;2339;2339;;;7;7;7.8;2;1;2.2;1;0;12;9;15.5;4.9;0;6.6;;1;3;;;;;;;;;;;;;;;
PSY;2014;930100037;750712184;INF;;;;;;;;;;;3;;;;;;;;;;;1118;;;;4;;8895;;;;69;;;953;925;;;4;10;8.2;0;1;0.5;0;0;16;4;19.3;6;0;7;;3.5;2.8;;;;;;;;;;;;;;;
PSY;2014;930100037;750712184;TOT;0;;;0;;;;;;;3;;;;;;;;;;;1118;;;;6;;12822;;;;4406;;;3292;3264;;;11;17;16;2;2;2.7;;;28;13;34.8;10.9;0;13.6;;4.5;5.8;;;;;;;;;;;;;;;
PSY;2014;930310016;440052041;GEN;;;;;176;;;;;;25;;;1249;60343;;;;;;;112;;;;;;;;;;;;;1249;10;;;7;;;19;;5.15;0;0;125;;116.73;39.68;28;1.2;;1.73;1;;;;;;;;;;;;;;;
PSY;2014;930310016;440052041;TOT;0;;;0;176;;;;;;25;;;1249;60343;;;;;;;112;;;;;;;;;;;;;1249;;;;7;;;19;;5.15;;;125;;116.73;39.68;28;1.2;;1.73;1;;;;;;;;;;;;;;;
PSY;2014;930703921;750721334;INF;;;;;;;;;;;;;;;;;;;;;;;;;1;;;3925;;;;;;;;326;;;;;0.51;;;0.26;0;0;;;;;;1.86;;0.37;;;;;;;;;;;;;;;;
PSY;2014;930703921;750721334;TOT;1;;;0;;;;;;;;;;;;;;;;;;;;;1;;;3925;;;;;;;;;;;;;0.51;;;0.26;;;;;;;;1.86;;0.37;;;;;;;;;;;;;;;;
PSY;2014;930817465;930712716;INF;;;;;;;;;;;40;;;;;;;;;;;7009;;;;;;;;;110;;;;67;;;;;3;1.5;;;;0;0;14;9;;0.5;;1;;1.26;16.85;;;;;;;;;;;;;;;
PSY;2014;930817465;930712716;TOT;0;;;0;;;;;;;40;;;;;;;;;;;7009;;;;;;;;;110;;;;67;;;;;3;1.5;;;;;;14;9;;0.5;;1;;1.26;16.85;;;;;;;;;;;;;;;
PSY;2014;940000573;940110018;GEN;;;;;;;;;;;;;;;;;;;;;;;;;;;;;;;;;;;;;;;0;35;15.56;;;;;;;;;;;;;;;;;;;;;;;;;;;;;
PSY;2014;940000573;940110018;INF;;2;;;8;;;;;;15;;;95;1356;;;;;;;3940;;;;20;3;40458;5404;98;170;1432;630;;4342;4280;41;;3;2;3.8;;;;;;;;;;;;;;;;;;;;;;;;;;;;;
PSY;2014;940000573;940110018;TOT;1;;;0;8;;;;;;15;;;95;1356;;;;;;;3940;;;;20;3;40458;5404;98;170;1432;630;;4342;;;;3;37;19.36;;;;;;;;;;;;;;;;;;;;;;;;;;;;;
PSY;2014;940000599;940110042;GEN;;1;;;24;10;;;;;10;0;0;247;7316;1729;;;;;;2204;;;0;2;1;10443;831;232;131;2800;0;;2443;2286;134;4;7;2;7.2;1;;1;1;0;39;2;39;25;5;5.9;;1.8;2;3;;2.3;;;;23;;;16;5;0.5;;1;1
PSY;2014;940000599;940110042;TOT;1;;0;0;24;10;;;;;10;0;0;247;7316;1729;;;;;;2204;;;0;2;1;10443;831;232;131;2800;0;;2443;;;;7;2;7.2;1;;1;;;39;2;39;25;5;5.9;;1.8;2;3;;2.3;;;;23;0;;16;5;0.5;;1;1
PSY;2014;940000607;940140015;INF;;1;;;68;6;;;8;;60;7;;596;8651;1726;;;2093;;251;9686;661;;;7;2;19212;3544;47;36;795;193;;2190;1920;231;2;18;7;18.48;1;3;2.2;1;1;204;28;227.19;76.59;35.79;18.91;;16.96;57.27;13;2;7.94;;;;159;14;152.64;59.48;32.48;5.1;;2.2;34.06
PSY;2014;940000607;940140015;TOT;1;;0;0;68;6;;;8;;60;7;;596;8651;1726;;;2093;;251;9686;661;;;7;2;19212;3544;47;36;795;193;;2190;1920;231;2;18;7;18.48;1;3;2.2;;;204;28;227.19;76.59;35.79;18.91;;16.96;57.27;13;2;7.94;;;;159;14;152.64;59.48;32.48;5.1;;2.2;34.06
PSY;2014;940000615;940140023;GEN;;5;;;186;;;11;;80;76;7;1;1907;58083;0;0;2591;0;18890;182;13189;1114;388;2;22;6;60763;5069;3212;1583;3443;31;;6583;5259;1056;55;39;4;39.76;4;2;3.03;1;0;397;92;447.74;259.14;30.57;23.02;;17.24;21.47;27;;15.77;2;2;2.74;267;54;277.94;162.48;29.95;7.92;;16.62;9.02
PSY;2014;940000615;940140023;TOT;1;;0;0;186;;;11;;80;76;7;1;1907;58083;0;0;2591;0;18890;182;13189;1114;388;2;22;6;60763;5069;3212;1583;3443;31;;6583;5259;1056;55;39;4;39.76;4;2;3.03;;;397;92;447.74;259.14;30.57;23.02;;17.24;21.47;27;;15.77;2;2;2.74;267;54;277.94;162.48;29.95;7.92;;16.62;9.02
PSY;2014;940000631;940140049;GEN;;7;;;396;47;31;30;10;;97;26;;2001;138071;21202;7980;7327;3021;;;20689;8275;;;11;7;98969;24977;4097;;1584;;;11602;7824;2024;184;62;23;74.1;10;12;17.2;1;1;943;113;874.58;447.4;199;26.64;;40.34;39.4;52;14;59.3;2;;2;684;81;833;334.1;199;17.33;;22.25;23
PSY;2014;940000631;940140049;PEN;;;;;53;;;;;;45;;;170;14855;;;;;;;6942;;;;;0;;;46734;;;;;5228;4717;259;0;20;3;18.2;;1;0.7;;;148;10;142.2;87.4;26;9;;4;2.8;5;1;4.5;;;;110;0;106;66;24;2;;3;1
PSY;2014;940000631;940140049;TOT;1;;;1;449;47;31;30;10;;142;26;;2171;152926;21202;7980;7327;3021;;;27631;8275;;;11;7;98969;24977;50831;;1584;;;12652;11602;2279;;82;26;92.3;10;13;17.9;;;1091;123;1016.78;534.8;225;35.64;;44.34;42.2;57;15;63.8;2;;2;794;81;939;400.1;223;19.33;;25.25;24
PSY;2014;940016868;940016819;GEN;;7;;;35;;;;;;15;;;620;8195;;;;;;;3889;;;;3;1;40207;3006;3334;293;;;;1859;1799;266;;7;9;11.3;;;;;1;97;17;109.53;57.61;14.83;6.2;;4.36;7.99;5;0;4.5;;;;55;5;56.96;25.55;12.83;1.3;;3.5;3.25
PSY;2014;940016868;940016819;INF;;4;;;;;;;7;;25;;;;;;;;1632;;;4820;;;;14;6;57436;5036;1618;355;265;966;;3955;3955;75;12;15;3;16.55;;;;;1;106;30;128.82;45.87;0;20.15;;9.27;26.68;0;0;;;;;0;0;0;0;0;0;;0;0
PSY;2014;940016868;940016819;TOT;1;;1;0;35;;;;7;;40;;;620;8195;;;;1632;;;8709;;;;17;7;97643;8042;4952;648;265;966;;5778;5717;341;;22;12;27.85;;;;;;203;47;238.35;103.48;14.83;26.35;;13.63;34.67;5;0;4.5;;;;55;5;56.96;25.55;12.83;1.3;;3.5;3.25
PSY;2014;940021157;750005068;GEN;;;;;;;;;;;80;;;;;;;;;;;7152;;;;;;517;;;;;;;237;237;;;1;2;1.73;;;;;;14;5;17.57;10.03;0;1.54;;4;1;;;;;;;;;;;;;;;
PSY;2014;940021157;750005068;TOT;0;;;0;;;;;;;80;;;;;;;;;;;7152;;;;;;517;;;;;;;237;;;;1;2;1.73;;;;;;14;5;17.57;10.03;0;1.54;;4;1;;;;;;;;;;;;;;;
PSY;2014;940100027;750712184;GEN;;3;;;118;0;24;0;0;0;24;0;0;1571;40747;0;5820;0;0;0;0;6858;0;0;3;8;1;50998;1577;14600;;4895;;;6947;6191;756;8;26;10;31.6;;;;1;1;209;40;234.64;100.3;71.16;23.3;;7.38;;4;5;5.7;;;;;;;52;59;3;;3.86;4
PSY;2014;940100027;750712184;TOT;1;;8;0;118;0;24;0;0;0;24;0;0;1571;40747;0;5820;0;0;0;0;6858;0;0;3;8;1;50998;1577;14600;;4895;;;6947;6191;756;;26;10;31.6;;;;;;209;40;234.64;100.3;71.16;23.3;;7.38;;4;5;5.7;;;;;;;52;59;3;;3.86;4
PSY;2014;940100035;750712184;GEN;;;;;19;;;;;;6;;;103;6063;;;;;;;2223;;;;1;;846;;;;;;;324;241;87;5;2;2;3.6;;;;;;29;1;29.6;10.3;16.6;1.5;;;;2;;2;;;;22;;22;9;14;0.5;;;
PSY;2014;940100035;750712184;TOT;0;;;0;19;;;;;;6;;;103;6063;;;;;;;2223;;;;1;;846;;;;;;;324;;;;2;2;3.6;;;;;;29;1;29.6;10.3;16.6;1.5;;;;2;;2;;;;22;;22;9;14;0.5;;;
PSY;2014;940100043;750712184;GEN;;;;;44;;;;;;11;1;;563;13367;;;;;;;1631;5;;;1;;5359;;;;;;;3064;2736;328;0;4;15;9.1;;;;1;;;;;31;28;1.8;;;;;;;;;;;;;;;;;;
PSY;2014;940100043;750712184;TOT;0;;;0;44;;;;;;11;1;;563;13367;;;;;;;1631;5;;;1;;5359;;;;;;;3064;;;;4;15;9.1;;;;;;;;;31;28;1.8;;;;;;;;;;;;;;;;;;
PSY;2014;940100068;750712184;GEN;;1;;;50;8;7;0;0;0;2;2;1;427;15325;1693;1854;0;0;0;0;502;332;2487;1;3;1;10364;2487;417;0;152;;;1387;1126;237;1;8;7;11;0;1;0.2;0;1;81;13;89.6;50.8;25.6;4.4;;3;1;5;3;5.8;0;1;0.2;64;10;70.8;39;24.6;2.2;;2;0
PSY;2014;940100068;750712184;TOT;1;;1;0;50;8;7;0;0;0;2;2;1;427;15325;1693;1854;0;0;0;0;502;332;2487;1;3;1;10364;2487;417;0;152;;;1387;;;;8;7;11;;1;0.2;;;81;13;89.6;50.8;25.6;4.4;;3;1;5;3;5.8;0;1;0.2;64;10;70.8;39;24.6;2.2;;2;0
PSY;2014;940120017;750821092;GEN;;;;;8;;;;;;;;;;2293;;;;;;;;;;;1;;3136;;;;;;;1129;1073;56;;3;;2.25;;;;0;1;18;;16.3;0.3;11;2;;;;;;;;;;;;;;;;;;
PSY;2014;940120017;750821092;TOT;0;;;0;8;;;;;;;;;;2293;;;;;;;;;;;1;;3136;;;;;;;1129;;;;3;;2.25;;;;;;18;;16.3;0.3;11;2;;;;;;;;;;;;;;;;;;
PSY;2014;940170012;940000672;GEN;;;;;;;;;;;40;;;;;;;;;;;11232;;;;;;;;;;;;;59;;;;;1;0.37;;3;1.4;0;0;11;5;;3.95;;0.5;;;9.8;;;;;;;;;;;;;;;
PSY;2014;940170012;940000672;TOT;0;;;0;;;;;;;40;;;;;;;;;;;11232;;;;;;;;;;;;;59;;;;;1;0.37;;3;1.4;;;11;5;;3.95;;0.5;;;9.8;;;;;;;;;;;;;;;
PSY;2014;940170137;750721391;GEN;;;;;;;;;;;21;;;;;;;;;;35;4566;;;;;;5;;;17134;;;;31;4;;;;1;0.53;;;;;;3;6;5.34;4.06;;0.3;;0.3;0.68;;;;;;;;;;;;;;;
PSY;2014;940170137;750721391;INF;;;;;;;;;;;12;;;;;;;;;;51;3973;;;;;;90;;;;;;;31;30;;;1;;1;;;;;;11;5;13.14;1.66;;1.16;;1.29;9.02;;;;;;;;;;;;;;;
PSY;2014;940170137;750721391;TOT;0;;;0;;;;;;;33;;;;;;;;;;86;8539;;;;;;95;;;17134;;;;62;34;;;1;1;1.53;;;;;;14;11;18.48;5.72;;1.46;;1.59;9.7;;;;;;;;;;;;;;;
PSY;2014;940310014;940000979;GEN;;;;;144;;;;;;;;;1294;48998;;;;;;;;;;;;;;;;;;;;1203;;1203;0;5;21;9.94;0;2;0.74;1;1;28;53;52.37;33.17;16.4;1.61;;1.19;;5;21;9.64;0;2;0.74;28;53;52.37;33.17;16.4;1.61;;1.19;
PSY;2014;940310014;940000979;TOT;0;;;0;144;;;;;;;;;1294;48998;;;;;;;;;;;;;;;;;;;;1203;;;;5;21;9.94;;2;0.74;;;28;53;52.37;33.17;16.4;1.61;;1.19;;5;21;9.64;;2;0.74;28;53;52.37;33.17;16.4;1.61;;1.19;
PSY;2014;940310022;940022163;GEN;;;;;110;;;;;;15;;;1173;39297;;;;;;;2026;;;;;;;;;;;;;985;;;;6;1;6.4;;;;0;0;;;;;;;;;;;;;;;;;;;;;;;;
PSY;2014;940310022;940022163;TOT;0;;;0;110;;;;;;15;;;1173;39297;;;;;;;2026;;;;;;;;;;;;;985;;;;6;1;6.4;;;;;;;;;;;;;;;;;;;;;;;;;;;;;
PSY;2014;940721400;;GEN;;1;;;;;;17;;;;;;;;;;4760;;;;;;;;;;;;;;;;;17;;17;;;1;;;;;;;;;;;;;;;;;;;;;;;;;;;;;;
PSY;2014;940721400;;INF;;2;;;;;;;;;24;;1;;;;;;;;;2369;;555;;9;;41446;;;;;;;2948;2924;24;;1;12;;;;;;;;;;;;;;;;;;;;;;;;;;;;;;
PSY;2014;940721400;;TOT;1;;3;0;;;;17;;;24;;1;;;;;4760;;;;2369;;555;;9;;41446;;;;;;;2965;;;;1;13;;;;;;;;;;;;;;;;;;;;;;;;;;;;;;
PSY;2014;940807654;;GEN;;;;;;15;;;;;;;;;;4051;;;;;;0;0;;;;;;;;;;;;15;;;;0;2;1;0;1;0.4;0;0;45;53;49.96;1.44;0;8.82;;0;31.94;;;;;;;;;;;;;;;
PSY;2014;940807654;;INF;;;;;;10;;;;;17;14;;;;1962;;;;;243;5885;1763;;;;;;;;;;;;42;;;;;;;;;;;;;;;;;;;;;;;;;;;;;;;;;;;
PSY;2014;940807654;;TOT;0;;;0;;25;;;;;17;14;;;;6013;;;;;243;5885;1763;;;;;;;;;;;;57;;;;;2;1;;1;0.4;;;45;53;49.96;1.44;0;8.82;;0;31.94;;;;;;;;;;;;;;;
PSY;2014;950000307;950110015;GEN;;3;;;40;;11;;;5;40;6;;543;13089;;3731;;;1393;;7802;1319;;;3;2;25352;4351;255;;4797;;;5854;3705;543;;14;0;12.91;5;0;5.33;1;1;89;30;109.73;54.78;9.68;10.35;;10.5;10.69;0;0;0;0;0;0;0;0;0;0;0;0;;0;0
PSY;2014;950000307;950110015;INF;;1;;;8;;;;;;24;;;348;1245;;;;;;;4896;;;;5;;20927;;;;396;1152;;2657;2491;52;;8;2;8.34;0;0;0;0;0;51;9;53.71;15.77;1;12.77;;6.61;14.05;0;0;0;0;0;0;0;0;0;0;0;0;;0;0
PSY;2014;950000307;950110015;TOT;1;;;0;48;;11;;;5;64;6;;891;14334;;3731;;;1393;;12698;1319;;;8;2;46279;4351;255;;5193;1152;;8511;6196;595;;22;2;21.25;5;0;5.33;;;139;39;163.44;70.55;10.68;23.12;;17.11;24.74;0;0;0;0;0;0;0;0;0;0;0;0;;0;0
PSY;2014;950000315;950001370;GEN;;;;;58;;;;;;44;2;;857;18971;;;;;;63;7654;41;;;2;2;12350;2684;55;6;1251;0;;4445;2057;331;8;10;3;10.74;;;;;;86;17;93.49;51.42;43.44;4;;2;1.94;2;9;6.25;;;;61;20;70.91;36.09;12.52;0.85;;1.1;1.72
PSY;2014;950000315;950001370;INF;;1;;;;;;;;;12;;;11;;;;;;;25;2539;;;;3;2;9344;2057;;414;;;;896;896;;;2;2;3.4;;;;;;26;11;30.77;7.65;2;5.45;;5.57;5.2;;;;;;;;;;;;;;;
PSY;2014;950000315;950001370;TOT;1;;1;0;58;;;;;;56;2;;868;18971;;;;;;88;10193;41;;;5;4;21694;4741;55;420;1251;0;;5341;;;;12;5;14.14;;;;;;112;28;124.26;59.07;45.44;9.45;;7.57;7.14;2;9;6.25;;;;61;20;70.91;36.09;12.52;0.85;;1.1;1.72
PSY;2014;950000323;950013870;GEN;;3;;;45;5;;;;;30;10;;968;41068;1166;;;;;;2547;724;;;7;3;18893;3044;1165;19;424;;;3436;2639;357;;13;9;15.9;2;3;4.6;1;1;174;27;186.36;108.43;17.52;11.45;;1.78;6.58;6;4;6.75;1;4;4;145;15;150.68;88.59;16.52;6.46;;1.08;4
PSY;2014;950000323;950013870;INF;;1;;;;;;;;;;5;;;;;;;;;;;385;;;1;1;;2328;1;;35;;;127;127;;;5;3;5.09;1;1;0.57;1;1;16;10;16.39;1.02;;8.8;;2.18;0.33;;;;;;;1;1;2.91;0.95;;0.5;;;0.05
PSY;2014;950000323;950013870;TOT;1;;5;0;45;5;;;;;30;15;;968;41068;1166;;;;;;2547;1109;;;8;4;18893;5372;1166;19;459;;;3563;2766;357;;18;12;20.99;3;4;5.17;;;190;37;202.75;109.45;17.52;20.25;;3.96;6.91;6;4;6.75;1;4;4;145;16;153.59;89.54;16.52;6.96;;1.08;4.05
PSY;2014;950000331;950110049;GEN;;3;;;102;5;;;;;42;3;;615;22060;534;;;;;;19336;281;;;3;3;22082;2846;1769;3;3438;0;;3288;2852;392;23;22;3;22.74;1;;1;1;0;142;23;152.64;71.99;29.15;13.32;;4.25;1;16;1;12.26;1;;1;142;23;152.64;71.99;29.15;13.32;;4.25;1
PSY;2014;950000331;950110049;INF;;1;;;10;;;;;;28;;;36;741;;;;;;;15807;;;2;3;2;12496;2306;90;49;1021;113;;1630;1540;19;0;10;6;10.73;;1;0.6;;;65;31;78.02;19.44;8.88;15.29;;9.43;11.26;2;1;2.8;;1;0.3;65;31;78.02;19.44;8.88;15.29;;9.43;11.26
PSY;2014;950000331;950110049;TOT;1;;1;0;112;5;;;;;70;3;;651;22801;534;;;;;;35143;281;;2;6;5;34578;5152;1859;52;4459;113;;4918;4392;411;23;32;9;33.47;1;1;1.6;;;207;54;230.66;91.43;38.03;28.61;;13.68;12.26;18;2;15.06;1;1;1.3;207;54;230.66;91.43;38.03;28.61;;13.68;12.26
PSY;2014;950000356;950013870;GEN;;;;;;;;;;;;;;;;;;;;;;;;;;2;;16761;;;;;;;;;;;2;3;4.27;;1;0.1;0;0;10;3;12.83;7.37;;1.68;;0.04;1.16;;;;;;;;;;;;;;;
PSY;2014;950000356;950013870;INF;;;;;;;;;;;10;;;;;;;;;;;894;;;;4;1;;1431;1009;61;9;83;;1636;1589;;;;2;1.99;;1;0.53;0;0;9;5;17.58;1.98;;6.42;;2.54;3.77;;;;;;;;;;;;;;;
PSY;2014;950000356;950013870;TOT;0;;;0;;;;;;;10;;;;;;;;;;;894;;;;6;1;16761;1431;1009;61;9;83;;1636;1586;;;2;5;6.26;;2;0.63;;;19;8;30.41;9.35;;8.1;;2.58;4.93;;;;;;;;;;;;;;;
PSY;2014;950000364;950110080;GEN;;3;;;75;9;;18;4;;45;;;1964;24083;654;;4838;1156;;;7740;;;2;3;1;17547;;;;;;;3644;3101;889;;17;3;19.7;;;;;;18;6;17.2;12.2;0;4;;1;0;1;1;1.09;;;;20;6;107.07;86.31;1.41;8.93;;5.62;4.8
PSY;2014;950000364;950110080;INF;;1;;;10;;;;;;41;;;212;1762;;;;;;;3862;;;2;5;3;15257;1968;599;;;;;2348;2319;124;;10;11;10.3;;;;;;24;14;27.08;8.77;0;9.07;;4.16;5.08;;;;;;;41;6;40.29;25.82;2.96;0.5;;3.47;7.54
PSY;2014;950000364;950110080;PEN;;;;;;;;;;;;;;;;;;;;;;;;;;;;;;;;;;575;238;238;;;1;1;1.3;;;;;;9;1;9.88;6.55;0;3.33;;0;0;;;;;;;0;0;0;0;0;0;;0;0
PSY;2014;950000364;950110080;TOT;1;;;1;85;9;;18;4;;86;;;2176;25845;654;;4838;1156;;;11602;;;4;8;4;32804;1968;599;;;;575;5976;5540;1006;;28;15;31.3;;;;;;51;21;54.16;27.52;0;16.4;;5.16;5.08;1;1;1.09;;;;61;12;147.36;112.13;4.37;9.43;;9.09;12.34
PSY;2014;950000398;950140012;GEN;;4;;;153;;;15;;;;;;2094;50483;;;4006;;;;;;;;;;;;;;;;;813;;790;48;19;4;15.2;;;;;;182;16;187.14;113.2;48.78;5.08;;2.45;2.57;12;1;9.43;;;;172;10;177.2;108.36;48.78;3.1;;1.45;1.63
PSY;2014;950000398;950140012;TOT;1;;1;0;153;;;15;;;;;;2094;50483;;;4006;;;;;;;;;;;;;;;;;813;;;;19;4;15.2;;;;;;182;16;187.14;113.2;48.78;5.08;;2.45;2.57;12;1;9.43;;;;172;10;177.2;108.36;48.78;3.1;;1.45;1.63
PSY;2014;950002568;750043994;GEN;;;;;258;;;;;;22;10;;2164;91463;;;;;;;5852;1381;;;;;;;;;;;;1810;;1760;;74;14;14;;2;1.4;1;1;31;12;106.64;47.79;15.82;5.14;;5;1;3;8;6;;1;;27;9;;23.09;10.82;2;;1;1
PSY;2014;950002568;750043994;TOT;0;;;0;258;;;;;;22;10;;2164;91463;;;;;;;5852;1381;;;;;;;;;;;;1810;;1760;;74;14;14;;2;1.4;;;31;12;106.64;47.79;15.82;5.14;;5;1;3;8;6;;1;;27;9;;23.09;10.82;2;;1;1
PSY;2014;950006908;750719270;GEN;;;;;60;;;;;;;;;295;20526;;;;;;;;;;;;;;;;;;;;204;;204;;4;0;3.28;;;;1;0;27;6;34.52;16.86;12.66;1;;;4;4;0;3.28;;;;27;6;34.52;16.86;12.66;1;;;4
PSY;2014;950006908;750719270;TOT;0;;;0;60;;;;;;;;;295;20526;;;;;;;;;;;;;;;;;;;;204;;204;;4;0;3.28;;;;;;27;6;34.52;16.86;12.66;1;;;4;4;0;3.28;;;;27;6;34.52;16.86;12.66;1;;;4
PSY;2014;950150052;750720575;GEN;;;;;64;;;;;;1;1;;336;14540;;;;;;;75;229;;;;;;;;;;;;180;;111;2;7;2;7.5;2;1;1.52;1;1;38;33;56.29;42.02;3.76;3.23;;3;4.28;;;;;;;;;;;;;;;
PSY;2014;950150052;750720575;INF;;;;;12;;;;;;2;;;95;2933;;;;;;;196;0;;;;;;;;;;;;61;;26;;;;;;;;;;;;;;;;;;;;;;;;;;;;;;;;;
PSY;2014;950150052;750720575;TOT;0;;;0;76;;;;;;3;1;;431;17473;;;;;;;271;229;;;;;;;;;;;;191;;;;7;2;7.5;2;1;1.52;;;38;33;56.29;42.02;3.76;3.23;;3;4.28;;;;;;;;;;;;;;;
PSY;2014;950170019;950003319;INF;;;;;;;;;;;11;;;;;;;;;;;3554;;;;;;;;;;;;;22;;;;;30;;;;;;;;;;2;80;156;;278;5;;;;;;;;;;;;;;;
PSY;2014;950170019;950003319;TOT;0;;;0;;;;;;;11;;;;;;;;;;;3554;;;;;;;;;;;;;22;;;;;30;;;;;;;;;;2;80;156;;278;5;;;;;;;;;;;;;;;
PSY;2014;950300301;950000562;GEN;;;;;31;;;;;;6;;;484;11323;;;;;;;1817;;;;;;;;;;;;;574;118;453;;;2;1;;;;;;;;;8.15;2.2;2.3;;;0.7;;;;;;;;;;;;;;;
PSY;2014;950300301;950000562;TOT;0;;;0;31;;;;;;6;;;484;11323;;;;;;;1817;;;;;;;;;;;;;574;118;453;;;2;1;;;;;;;;;8.15;2.2;2.3;;;0.7;;;;;;;;;;;;;;;
PSY;2014;950310029;950008938;GEN;;;;;64;;;;;;;;;468;23976;;;;;;;;;;;;;;;;;;;;448;;;;3;2;;;;;1;1;;;;;;;;;;;;;;;;;;;;;;;;
PSY;2014;950310029;950008938;TOT;0;;;0;64;;;;;;;;;468;23976;;;;;;;;;;;;;;;;;;;;448;;;;3;2;;;;;;;;;;;;;;;;;;;;;;;;;;;;;;
PSY;2014;950787119;950802405;INF;;;;;;;;;;;11;;;;;;;;;;;3181;;;;;;;;;;;;;23;;;;;2;1.12;;;;;;1;18;8.97;1.5;;6.22;;;1.25;;;;;;;;;;;;;;;
PSY;2014;950787119;950802405;TOT;0;;;0;;;;;;;11;;;;;;;;;;;3181;;;;;;;;;;;;;23;;;;;2;1.12;;;;;;1;18;8.97;1.5;;6.22;;;1.25;;;;;;;;;;;;;;;
PSY;2014;970100111;970100343;GEN;;;;;30;;;;;;;;;274;8806;;;;;;;;;;;;;;;;;;;;260;;260;;;2;;;;;;;19;;17.26;6.26;9.06;1.94;;;;;;;;;;;;;;;;;;
PSY;2014;970100111;970100343;TOT;0;;;0;30;;;;;;;;;274;8806;;;;;;;;;;;;;;;;;;;;260;;;;;2;;;;;;;19;;17.26;6.26;9.06;1.94;;;;;;;;;;;;;;;;;;
PSY;2014;970100251;970100467;GEN;;;;;43;;;;;;;;;280;14156;;;;;;;;;;;;;;;;;;;;249;;;;;2;1;;;;0;0;15;2;;7.7;8;0.2;;;0.5;;;;;;;;;;;;;;;
PSY;2014;970100251;970100467;TOT;0;;;0;43;;;;;;;;;280;14156;;;;;;;;;;;;;;;;;;;;250;;;;;2;1;;;;;;15;2;;7.7;8;0.2;;;0.5;;;;;;;;;;;;;;;
PSY;2014;970100400;970100186;GEN;;1;;;87;0;0;;;;;;;2056;2056;0;0;0;0;0;0;0;0;0;;1;;5271;;;;;;;609;449;160;;3;;3;1;;0.1;;1;32;1;29.87;22.37;1;2;;;0.5;2;;2;1;;0.1;33;1;29.87;22.37;1;2;;;0.5
PSY;2014;970100400;970100186;INF;;1;;;0;0;;;;;;;;;;;;;;;;;;;;1;;9028;;;;;;;466;464;2;;1;;1;;;;0;0;8;;;4.14;;1;;1;1.5;;;;;;;8;;;4.14;;1;;1;1.5
PSY;2014;970100400;970100186;TOT;1;;;0;87;0;0;;;;;;;2056;2056;0;0;0;0;0;0;0;0;0;;2;;14299;;;;;;;1075;913;162;;4;;4;1;;0.1;;;33;1;29.87;26.51;1;3;;1;2;2;;2;1;;0.1;33;1;29.87;26.51;1;3;;1;2
PSY;2014;970100442;970100228;GEN;;3;;;60;;;;;;60;5;1;741;30476;;;;;;40;5075;14;427;4;15;11;22858;2177;2501;0;3163;0;;3716;3009;653;31;14;1;14.65;0;0;0;0;1;176;2;184.76;123.16;13.33;7.06;;2.67;10.83;0;0;0;0;0;0;0;0;0;0;0;0;;0;0
PSY;2014;970100442;970100228;INF;;1;;;;;;;;;25;;;;;;;;;;92;2353;;;;5;4;7048;289;36;0;396;110;;1026;989;;;5;1;5.88;2;0;1.2;;;58;7;61.19;17.22;0;9.96;;8.95;18.06;0;0;0;0;0;0;0;0;0;0;0;0;;0;0
PSY;2014;970100442;970100228;TOT;1;;3;0;60;;;;;;85;5;1;741;30476;;;;;;132;7428;14;427;4;20;15;29906;2466;2537;0;3559;110;;4721;;653;31;19;2;20.53;2;0;1.2;;;234;9;245.95;140.38;13.33;17.02;;11.62;28.89;0;0;0;0;0;0;0;0;0;0;0;0;;0;0
PSY;2014;970100475;970100277;GEN;;3;;;114;12;5;0;0;0;55;12;1;951;32790;2805;968;0;0;0;0;5891;257;363;0;10;4;29552;2866;2304;845;279;0;;4141;3391;674;15;17;2;18.56;0;0;0;;;243;6;243.64;176.15;12.06;8.7;;1;14.23;17;2;18.56;0;0;0;249;6;243.64;176.15;12.06;8.7;;1;14.23
PSY;2014;970100475;970100277;INF;;1;;;5;6;;;0;0;33;1;0;68;1461;365;;;0;0;40;2737;36;0;0;3;1;9475;718;54;51;2;163;;1084;1024;23;0;3;0;3.13;1;0;1;;;51;3;0;29.36;3.15;4.77;;2.92;15.41;3;0;3.13;1;0;1;51;3;48.53;29.36;3.15;4.77;;2.92;15.41
PSY;2014;970100475;970100277;PEN;;;;;0;;;;;;8;;0;0;0;;;;;;;1598;;0;0;3;0;;0;25316;;;;6897;872;848;0;0;2;2;2.53;0;0;0;;;6;0;4.62;1.32;0;3.3;;0;1;2;2;2.53;0;0;0;6;0;0;1.32;0;3.3;;0;1
PSY;2014;970100475;970100277;TOT;1;;1;1;119;18;5;0;0;0;96;13;1;1019;34251;3170;968;0;0;0;40;10226;293;363;0;16;5;39027;3584;27674;896;281;163;6897;6017;5185;696;15;22;4;24.22;1;0;1;;;300;9;248.26;206.83;15.21;16.77;;3.92;30.64;22;4;24.22;1;0;1;306;9;292.17;206.83;15.21;16.77;;3.92;30.64
PSY;2014;970200069;970202180;GEN;;3;;;275;86;9;;;;15;;;1175;89653;31547;2956;;;;;1866;;;4;9;10;53332;25970;6383;157;46;0;;6084;5124;1082;349;27;0;24.68;6;0;5.8;1;1;531;12;534.02;289.36;152.99;23.18;;3.05;37.43;10;17;24.68;6;0;5.8;543;12;534.02;289.36;152.99;23.18;;3.05;37.43
PSY;2014;970200069;970202180;INF;;1;;;;1;;;;10;30;;;;;365;;;;5770;;2877;;;1;10;9;15497;4062;81;60;3823;250;;3189;3132;15;1;11;0;9.94;0;0;0;;;78;7;0;34.11;1;15.99;;17.13;25.69;;11;9.94;0;0;0;78;7;80.68;34.11;1;15.99;;17.13;25.69
PSY;2014;970200069;970202180;PEN;;;;;;;;;;;15;;;;;;;;;;;2486;;;0;1;1;;51;;;;;;594;554;56;0;1;0;1;0;0;0;;;0;0;0;0;0;0;;0;0;1;0;1;0;0;0;0;0;0;0;0;0;;0;0
PSY;2014;970200069;970202180;TOT;1;;6;1;275;87;9;;;10;60;;;1175;89653;31912;2956;;;5770;;7229;;;5;20;20;68829;30083;6464;217;3869;250;;9837;6165;1102;350;39;;35.62;6;;5.8;;;609;19;534.02;323.47;153.99;39.17;;20.18;63.12;11;28;35.62;6;;5.8;621;19;614.7;323.47;153.99;39.17;;20.18;63.12
PSY;2014;970209714;970210225;GEN;;;;;46;;;;;;15;;;336;16052;;;;;;;2776;;;;;;;;;;;;;331;;277;1;;2;0.41;;;;0;1;17;8;26.52;;;;;;;;;;;;;;;;;;;;;
PSY;2014;970209714;970210225;TOT;0;;;0;46;;;;;;15;;;336;16052;;;;;;;2776;;;;;;;;;;;;;331;;277;1;;2;0.41;;;;;;17;8;26.52;;;;;;;;;;;;;;;;;;;;;
PSY;2014;970211215;970211207;GEN;;2;;;10;;;;7;;;;;435;3350;;;;2182;;;;;;;;;;;;;;;;314;5;309;;13;;10.5;1;2;1.85;1;1;103;;88.13;36;13;8.54;;;19;4;;2.1;1;;0.8;53;;40.5;24;11;2;;;0.5
PSY;2014;970211215;970211207;INF;;;;;;;;;;;;;;;;;;;;;;;;;;;;;;;;;;;11;0;11;0;;;;;;;;;;;;;;;;;;;;;;;;;;;;;;;;
PSY;2014;970211215;970211207;PEN;;;;;;;;;;;0;;;;;;;;;;;;;;;;;;;;;;;;;;;;1;;1;;;;;;12;;11.2;6;0;3.2;;;1;;;;;;;;;;;;;;;
PSY;2014;970211215;970211207;TOT;1;;;0;10;;;;7;;0;;;435;3350;;;;2182;;;;;;;;;;;;;;;;314;5;309;0;14;;11.5;1;2;1.85;;;115;;99.33;42;13;11.74;;;20;4;;2.1;1;;0.8;53;;40.5;24;11;2;;;0.5
PSY;2014;970300026;970302022;GEN;;2;;;84;;;;;;10;;;858;26483;;;;1494;;3;1058;0;;2;3;;18407;;;;1494;;;858;;858;30;7;2;7.6;2;1;2;;;144;6;148.41;102.42;21.52;8.42;;1.14;6.75;7;2;7.6;2;1;2;150;6;148.41;102.42;21.52;8.42;;1.14;6.75
PSY;2014;970300026;970302022;INF;;1;;;;5;;;;;15;;;;;759;;;;;4;1393;;1190;1;5;;12754;;2015;;;1214;;1610;;34;;2;1;1.73;1;;1.49;;;43;7;;15.84;3.14;10.86;;4.97;7.96;2;1;1.73;1;;1.49;43;7;37.12;15.84;3.14;10.86;;4.97;7.96
PSY;2014;970300026;970302022;PEN;;;;;;;;;;;;;;;;;;;;;;;;;;1;;;;;;;;;777;777;;;;;;;;;;;;;;;;;;;;;;;;;;;;;;;;;;
PSY;2014;970300026;970302022;TOT;1;;6;1;84;5;;;;;25;;;858;26483;759;;;1494;;7;2451;0;1190;3;9;;31161;;2015;;1494;1214;;2186;;;;9;3;9.33;3;1;3.49;;;144;7;148.41;118.26;24.66;19.28;;6.11;14.71;9;3;9.33;3;1;3.49;150;7;185.53;118.26;24.66;19.28;;6.11;14.71
PSY;2014;970300083;970302121;GEN;;3;;;12;;;;;;10;;;81;3921;;;;;;;603;;;;1;;286;;;;;;;754;;;;6;0;5.58;0;0;0;;;38;1;31.98;18.02;9.38;1.5;;0.54;1.1;6;0;5.58;0;0;0;39;1;31.98;18.02;9.38;1.5;;0.54;1.1
PSY;2014;970300083;970302121;INF;;1;;;0;;;;;;15;;;0;0;;;;;;;728;;;;1;;253;;;;;;;1425;;;;0;0;0;0;0;0;;;16;0;0;9.14;2.43;1.75;;0.33;3.42;0;0;0;0;0;0;16;0;15.14;9.14;2.43;1.75;;0.33;3.42
PSY;2014;970300083;970302121;TOT;1;;;0;12;;;;;;25;;;81;3921;;;;;;;1331;;;;2;;539;;;;;;;2179;;;;6;;5.58;;;0;;;54;1;31.98;27.16;11.81;3.25;;0.87;4.52;6;;5.58;;;0;55;1;47.12;27.16;11.81;3.25;;0.87;4.52
PSY;2014;970400016;970411005;GEN;;3;;;200;44;;;14;;75;;0;2067;64200;8535;;;3556;;;12329;;;;8;3;46148;4953;;;;;;11237;8686;1838;15;36;1;36.25;2;0;2;1;0;464;20;436.32;274.69;65.92;20.27;;3;17.63;26;0;24.11;0;0;0;284;9;201.22;121.19;57.79;4.07;;1;0
PSY;2014;970400016;970411005;INF;;3;;;10;22;;;;;85;;0;97;2978;1445;;;;;;12966;;;;9;5;30736;2896;;;;;;5011;4722;;;21;4;20.97;3;0;3;1;0;154;6;153.63;81.37;8.07;28.87;;17.74;37.66;2;0;1.28;0;0;0;30;1;26.1;15.26;7.07;0.84;;2.84;0
PSY;2014;970400016;970411005;PEN;;;;;;;;;;;;;;;;;;;;;;;;;;;;;;;;;;;1675;1675;66;;4;0;2.95;0;0;0;;;24;0;22.76;15;0;6.77;;0;0.42;0;;;0;0;0;0;0;0;0;0;0;;0;0
PSY;2014;970400016;970411005;TOT;1;;1;1;210;66;;;14;;160;;0;2164;67178;9980;;;3556;;;25295;;;;17;8;76884;7849;;;;;;17267;15083;;;61;5;60.17;5;;5;;;642;26;612.71;371.06;73.99;55.91;;20.74;55.71;28;0;25.39;0;;0;314;10;227.32;136.45;64.86;4.91;;3.84;0
PSY;2014;970400057;970408589;GEN;;2;;;56;38;0;;;;46;;4;1839;16882;9113;0;;1464;;21;3971;;4457;2;6;4;;;;;;;;;;;;22;;22;;;;1;1;178;18;184.93;129.71;19;10.5;;2;8.86;11;;11;;;;98;8;101;71;17;2.5;;0;0.5
PSY;2014;970400057;970408589;INF;;2;;;;4;;;;;48;;5;;;1707;;;;;72;5305;;5807;1;5;5;;;;;;;;;;;;14;;14;;;;0;0;91;10;94.96;38.49;2;11;;7;25.56;0;;0;;;;;;;;;;;;
PSY;2014;970400057;970408589;PEN;;;;;;;;;;;;;;;;;;;;;;;;;0;0;;;;;;;;;;;;;0;0;0;;;;;;0;0;0;168.2;;;;;0;0;;0;;;;;;;;;;;;
PSY;2014;970400057;970408589;TOT;1;;6;0;56;42;0;;;;94;;9;1839;16882;10820;0;;1464;;93;9276;;10264;3;11;9;;;;;;;;;;;;36;0;36;;;;;;269;28;279.89;336.4;21;21.5;;9;34.42;11;;11;;;;98;8;101;71;17;2.5;;0;0.5
PSY;2014;970408753;970408746;GEN;;;;;57;;;;;;15;;;572;20913;;;;;;;4305;;;;;;;;;;;;;492;62;491;1;3;1;3.5;;;;;;;;;26.22;13;1;;2.2;5;;;;;;;;;;;;;;;
PSY;2014;970408753;970408746;INF;;;;;0;;;;;;;;;76;0;;;;;;;;;;;;;;;;;;;;66;;;;;;;;;;;;;;;;;;;;;;;;;;;;;;;;;;;
PSY;2014;970408753;970408746;TOT;0;;;0;57;;;;;;15;;;648;20913;;;;;;;4305;;;;;;;;;;;;;558;;;;3;1;3.5;;;;;;;;;26.22;13;1;;2.2;5;;;;;;;;;;;;;;;
PSY;2014;970467155;970467148;GEN;;;;;71;;;;;;15;;;571;24476;;;;;;;6482;;;;;;;;;;;;;599;113;480;;5;;;;;;;;;;;;;;;;;;;;;;;;;;;;;;;
PSY;2014;970467155;970467148;TOT;0;;;0;71;;;;;;15;;;571;24476;;;;;;;6482;;;;;;;;;;;;;599;;;;5;;;;;;;;;;;;;;;;;;;;;;;;;;;;;;;
PSY;2014;980500011;980500003;GEN;;;;;10;;;;0;;;;;170;3125;;;;;;;;;;;1;;;;;;;;;;;;;8;;5.25;;;;;;23;;23;13;6;;;;;;;;;;;;;;;;;;;
PSY;2014;980500011;980500003;INF;;;;;;;;;;;;;;;;;;;;;;;;;;1;;;;;;;;;;;;;2;;2;;;;;;9;;9;4;1;1;;2;;;;;;;;;;;;;;;;
PSY;2014;980500011;980500003;PEN;;;;;;;;;;;;;;;;;;;;;;;;;;1;;;;;;;;;;;;;;;;;;;;;6;1;6.3;4.3;;;;;;;;;;;;;;;;;;;;
PSY;2014;980500011;980500003;TOT;0;;;1;10;;;;0;;;;;170;3125;;;;;;;;;;;3;;;;;;;;;;;;;10;;7.25;;;;;;38;1;38.3;21.3;7;1;;2;;;;;;;;;;;;;;;;
