BOR;AN;FI;FI_EJ;EQUIPSSR;EQPL;EQAU
SSR2;2014;010000032;010780062;EXPEQU;1;
SSR2;2014;010000032;010780062;EXPURO;;1
SSR2;2014;010000032;010780062;SALINT;;1
SSR2;2014;010000081;010780112;APTAUT;;1
SSR2;2014;010000081;010780112;ASSMAR;;1
SSR2;2014;010000081;010780112;ASSMEM;;1
SSR2;2014;010000081;010780112;EXPEQU;;1
SSR2;2014;010000081;010780112;EXPURO;;1
SSR2;2014;010000081;010780112;IDRACH;;1
SSR2;2014;010000081;010780112;ISOCIN;;1
SSR2;2014;010000081;010780112;LABMAR;;1
SSR2;2014;010000081;010780112;PISCIN;;1
SSR2;2014;010000081;010780112;SALINT;;1
SSR2;2014;010000081;010780112;SIMESP;;1
SSR2;2014;010000081;010780112;STICON;;1
SSR2;2014;010000081;010780112;VEHADP;1;
SSR2;2014;010000198;010007987;EXPEQU;1;
SSR2;2014;010000198;010007987;ISOCIN;1;
SSR2;2014;010000198;010007987;PISCIN;1;
SSR2;2014;010000214;010007987;APTAUT;1;
SSR2;2014;010000214;010007987;EXPEQU;1;
SSR2;2014;010002129;750056335;ISOCIN;;1
SSR2;2014;010002129;750056335;LABMAR;;1
SSR2;2014;010002129;750056335;PISCIN;1;
SSR2;2014;010009314;010780054;SIMESP;1;
SSR2;2014;010780278;010783009;EXPEQU;1;
SSR2;2014;010780278;010783009;LABMAR;1;
SSR2;2014;010780278;010783009;PISCIN;;1
SSR2;2014;010780278;010783009;SALINT;1;
SSR2;2014;010780278;010783009;SIMESP;1;
SSR2;2014;010780476;750005068;PISCIN;1;
SSR2;2014;010780799;750721334;EXPEQU;1;
SSR2;2014;010780799;750721334;ISOCIN;1;
SSR2;2014;010780799;750721334;LABMAR;1;
SSR2;2014;010780799;750721334;PISCIN;1;
SSR2;2014;010780799;750721334;SIMESP;1;
SSR2;2014;020000097;020000048;APTAUT;1;
SSR2;2014;020000097;020000048;ASSMAR;;1
SSR2;2014;020000097;020000048;ASSMEM;;1
SSR2;2014;020000097;020000048;EXPEQU;;1
SSR2;2014;020000097;020000048;EXPURO;;1
SSR2;2014;020000097;020000048;IDRACH;;1
SSR2;2014;020000097;020000048;ISOCIN;;1
SSR2;2014;020000097;020000048;LABMAR;;1
SSR2;2014;020000097;020000048;PISCIN;;1
SSR2;2014;020000097;020000048;SALINT;;1
SSR2;2014;020000097;020000048;SIMESP;;1
SSR2;2014;020000097;020000048;STICON;;1
SSR2;2014;020000097;020000048;VEHADP;;1
SSR2;2014;020000162;020000063;EXPURO;1;
SSR2;2014;020000162;020000063;PISCIN;1;
SSR2;2014;020000162;020000063;SALINT;1;
SSR2;2014;020000303;750814030;APTAUT;1;
SSR2;2014;020000303;750814030;ISOCIN;1;
SSR2;2014;020000303;750814030;PISCIN;1;
SSR2;2014;020000303;750814030;VEHADP;;1
SSR2;2014;020000535;020000287;SIMESP;1;
SSR2;2014;020000535;020000287;VEHADP;1;
SSR2;2014;020000915;020003620;EXPEQU;1;
SSR2;2014;020000915;020003620;PISCIN;1;
SSR2;2014;020000915;020003620;STICON;1;
SSR2;2014;020000915;020003620;VEHADP;1;
SSR2;2014;020003877;020000253;EXPURO;1;
SSR2;2014;030000012;030180020;APTAUT;1;
SSR2;2014;030000012;030180020;EXPEQU;1;
SSR2;2014;030000012;030180020;EXPURO;;1
SSR2;2014;030000012;030180020;PISCIN;1;
SSR2;2014;030000012;030180020;SIMESP;1;
SSR2;2014;030000061;030780092;ASSMAR;1;
SSR2;2014;030000079;030780100;EXPURO;1;
SSR2;2014;030000079;030780100;SALINT;1;
SSR2;2014;030000079;030780100;SIMESP;1;
SSR2;2014;030000087;030780118;EXPEQU;1;
SSR2;2014;030000087;030780118;ISOCIN;1;
SSR2;2014;030000087;030780118;PISCIN;1;
SSR2;2014;030000087;030780118;SIMESP;1;
SSR2;2014;030780548;030000194;PISCIN;1;
SSR2;2014;030780548;030000194;SALINT;1;
SSR2;2014;040000051;040780173;APTAUT;;1
SSR2;2014;040000051;040780173;ASSMAR;;1
SSR2;2014;040000051;040780173;ASSMEM;;1
SSR2;2014;040000051;040780173;EXPEQU;;1
SSR2;2014;040000051;040780173;EXPURO;;1
SSR2;2014;040000051;040780173;IDRACH;;1
SSR2;2014;040000051;040780173;ISOCIN;;1
SSR2;2014;040000051;040780173;LABMAR;;1
SSR2;2014;040000051;040780173;PISCIN;;1
SSR2;2014;040000051;040780173;SALINT;;1
SSR2;2014;040000051;040780173;SIMESP;;1
SSR2;2014;040000051;040780173;STICON;;1
SSR2;2014;040000051;040780173;VEHADP;1;
SSR2;2014;040000069;040780181;PISCIN;1;
SSR2;2014;040780405;040000168;ISOCIN;1;
SSR2;2014;040780405;040000168;PISCIN;1;
SSR2;2014;040780405;040000168;SIMESP;1;
SSR2;2014;040780488;040000200;APTAUT;1;
SSR2;2014;040780488;040000200;ASSMAR;1;
SSR2;2014;040780488;040000200;EXPEQU;;1
SSR2;2014;040780488;040000200;EXPURO;;1
SSR2;2014;040780488;040000200;ISOCIN;1;
SSR2;2014;040780488;040000200;LABMAR;;1
SSR2;2014;040780488;040000200;PISCIN;1;
SSR2;2014;040780488;040000200;SIMESP;1;
SSR2;2014;050000041;130037815;APTAUT;;1
SSR2;2014;050000041;130037815;ASSMAR;;1
SSR2;2014;050000041;130037815;ASSMEM;;1
SSR2;2014;050000041;130037815;EXPEQU;1;
SSR2;2014;050000041;130037815;EXPURO;;1
SSR2;2014;050000041;130037815;IDRACH;;1
SSR2;2014;050000041;130037815;ISOCIN;1;
SSR2;2014;050000041;130037815;LABMAR;;1
SSR2;2014;050000041;130037815;PISCIN;1;
SSR2;2014;050000041;130037815;SALINT;;1
SSR2;2014;050000041;130037815;SIMESP;1;
SSR2;2014;050000041;130037815;STICON;;1
SSR2;2014;050000041;130037815;VEHADP;;1
SSR2;2014;050000256;050000124;SIMESP;1;
SSR2;2014;050000488;050000678;PISCIN;1;
SSR2;2014;050000991;050000546;PISCIN;1;
SSR2;2014;050000991;050000546;SIMESP;1;
SSR2;2014;050001064;050000561;PISCIN;1;
SSR2;2014;050001064;050000561;SIMESP;1;
SSR2;2014;050002351;130037815;APTAUT;;1
SSR2;2014;050002351;130037815;ASSMAR;;1
SSR2;2014;050002351;130037815;ASSMEM;;1
SSR2;2014;050002351;130037815;EXPEQU;1;
SSR2;2014;050002351;130037815;EXPURO;;1
SSR2;2014;050002351;130037815;IDRACH;;1
SSR2;2014;050002351;130037815;ISOCIN;;1
SSR2;2014;050002351;130037815;LABMAR;;1
SSR2;2014;050002351;130037815;PISCIN;1;
SSR2;2014;050002351;130037815;SALINT;;1
SSR2;2014;050002351;130037815;SIMESP;1;
SSR2;2014;050002351;130037815;STICON;;1
SSR2;2014;050002351;130037815;VEHADP;;1
SSR2;2014;060000296;060780640;EXPEQU;1;
SSR2;2014;060002102;060791761;EXPURO;1;
SSR2;2014;060005469;750043994;APTAUT;;1
SSR2;2014;060005469;750043994;ASSMAR;;1
SSR2;2014;060005469;750043994;ASSMEM;;1
SSR2;2014;060005469;750043994;EXPEQU;;1
SSR2;2014;060005469;750043994;EXPURO;;1
SSR2;2014;060005469;750043994;IDRACH;;1
SSR2;2014;060005469;750043994;ISOCIN;;1
SSR2;2014;060005469;750043994;LABMAR;;1
SSR2;2014;060005469;750043994;PISCIN;;1
SSR2;2014;060005469;750043994;SALINT;;1
SSR2;2014;060005469;750043994;SIMESP;;1
SSR2;2014;060005469;750043994;STICON;;1
SSR2;2014;060005469;750043994;VEHADP;1;
SSR2;2014;060021201;060000155;APTAUT;;1
SSR2;2014;060021201;060000155;ASSMAR;;1
SSR2;2014;060021201;060000155;ASSMEM;1;
SSR2;2014;060021201;060000155;EXPEQU;;1
SSR2;2014;060021201;060000155;EXPURO;;1
SSR2;2014;060021201;060000155;IDRACH;;1
SSR2;2014;060021201;060000155;ISOCIN;;1
SSR2;2014;060021201;060000155;LABMAR;;1
SSR2;2014;060021201;060000155;PISCIN;1;
SSR2;2014;060021201;060000155;SALINT;;1
SSR2;2014;060021201;060000155;SIMESP;;1
SSR2;2014;060021201;060000155;STICON;;1
SSR2;2014;060021201;060000155;VEHADP;;1
SSR2;2014;060780277;750043994;APTAUT;;1
SSR2;2014;060780277;750043994;ASSMAR;;1
SSR2;2014;060780277;750043994;ASSMEM;;1
SSR2;2014;060780277;750043994;EXPEQU;;1
SSR2;2014;060780277;750043994;EXPURO;;1
SSR2;2014;060780277;750043994;IDRACH;;1
SSR2;2014;060780277;750043994;ISOCIN;;1
SSR2;2014;060780277;750043994;LABMAR;;1
SSR2;2014;060780277;750043994;PISCIN;;1
SSR2;2014;060780277;750043994;SALINT;;1
SSR2;2014;060780277;750043994;SIMESP;;1
SSR2;2014;060780277;750043994;STICON;;1
SSR2;2014;060780277;750043994;VEHADP;1;
SSR2;2014;060780343;060000171;ASSMEM;1;
SSR2;2014;060780343;060000171;PISCIN;1;
SSR2;2014;060780459;010783009;EXPEQU;1;
SSR2;2014;060780459;010783009;PISCIN;1;
SSR2;2014;060780459;010783009;SIMESP;1;
SSR2;2014;060780558;750720575;APTAUT;;1
SSR2;2014;060780558;750720575;ASSMAR;;1
SSR2;2014;060780558;750720575;ASSMEM;;1
SSR2;2014;060780558;750720575;EXPEQU;;1
SSR2;2014;060780558;750720575;EXPURO;;1
SSR2;2014;060780558;750720575;IDRACH;;1
SSR2;2014;060780558;750720575;ISOCIN;;1
SSR2;2014;060780558;750720575;LABMAR;;1
SSR2;2014;060780558;750720575;PISCIN;1;
SSR2;2014;060780558;750720575;SALINT;;1
SSR2;2014;060780558;750720575;SIMESP;;1
SSR2;2014;060780558;750720575;STICON;;1
SSR2;2014;060780558;750720575;VEHADP;;1
SSR2;2014;060780749;060000395;APTAUT;;1
SSR2;2014;060780749;060000395;ASSMAR;;1
SSR2;2014;060780749;060000395;ASSMEM;;1
SSR2;2014;060780749;060000395;EXPEQU;;1
SSR2;2014;060780749;060000395;EXPURO;;1
SSR2;2014;060780749;060000395;IDRACH;;1
SSR2;2014;060780749;060000395;ISOCIN;;1
SSR2;2014;060780749;060000395;LABMAR;;1
SSR2;2014;060780749;060000395;PISCIN;;1
SSR2;2014;060780749;060000395;SALINT;;1
SSR2;2014;060780749;060000395;SIMESP;;1
SSR2;2014;060780749;060000395;STICON;;1
SSR2;2014;060780749;060000395;VEHADP;;1
SSR2;2014;060781374;060000718;EXPEQU;1;
SSR2;2014;060781374;060000718;IDRACH;;1
SSR2;2014;060781374;060000718;ISOCIN;;1
SSR2;2014;060781374;060000718;LABMAR;;1
SSR2;2014;060781374;060000718;PISCIN;1;
SSR2;2014;060785227;060001476;EXPURO;;1
SSR2;2014;060785227;060001476;PISCIN;1;
SSR2;2014;060788957;060785011;ASSMAR;;1
SSR2;2014;060788957;060785011;ASSMEM;;1
SSR2;2014;060788957;060785011;EXPEQU;1;
SSR2;2014;060788957;060785011;EXPURO;1;
SSR2;2014;060788957;060785011;ISOCIN;1;
SSR2;2014;060788957;060785011;LABMAR;1;
SSR2;2014;060788957;060785011;PISCIN;;1
SSR2;2014;060788957;060785011;STICON;;1
SSR2;2014;060789674;130037815;APTAUT;;1
SSR2;2014;060789674;130037815;ASSMAR;1;
SSR2;2014;060789674;130037815;ASSMEM;;1
SSR2;2014;060789674;130037815;EXPEQU;1;
SSR2;2014;060789674;130037815;EXPURO;;1
SSR2;2014;060789674;130037815;IDRACH;;1
SSR2;2014;060789674;130037815;ISOCIN;1;
SSR2;2014;060789674;130037815;LABMAR;;1
SSR2;2014;060789674;130037815;PISCIN;1;
SSR2;2014;060789674;130037815;SALINT;;1
SSR2;2014;060789674;130037815;SIMESP;1;
SSR2;2014;060789674;130037815;STICON;1;
SSR2;2014;060789674;130037815;VEHADP;;1
SSR2;2014;060791811;750826638;PISCIN;1;
SSR2;2014;060791811;750826638;SALINT;1;
SSR2;2014;060798881;060798873;APTAUT;;1
SSR2;2014;060798881;060798873;ASSMAR;;1
SSR2;2014;060798881;060798873;ASSMEM;;1
SSR2;2014;060798881;060798873;EXPEQU;;1
SSR2;2014;060798881;060798873;EXPURO;1;
SSR2;2014;060798881;060798873;IDRACH;;1
SSR2;2014;060798881;060798873;ISOCIN;;1
SSR2;2014;060798881;060798873;LABMAR;;1
SSR2;2014;060798881;060798873;PISCIN;;1
SSR2;2014;060798881;060798873;SALINT;;1
SSR2;2014;060798881;060798873;SIMESP;;1
SSR2;2014;060798881;060798873;STICON;;1
SSR2;2014;060798881;060798873;VEHADP;;1
SSR2;2014;060800182;060002912;PISCIN;1;
SSR2;2014;060800182;060002912;SIMESP;1;
SSR2;2014;070000039;070780119;EXPURO;;1
SSR2;2014;070000039;070780119;PISCIN;;1
SSR2;2014;070000039;070780119;SALINT;;1
SSR2;2014;070000039;070780119;VEHADP;1;
SSR2;2014;070000179;070780358;SALINT;1;
SSR2;2014;070000187;070780366;SIMESP;1;
SSR2;2014;070000195;070780374;PISCIN;;1
SSR2;2014;070000203;070780382;APTAUT;;1
SSR2;2014;070000203;070780382;ASSMAR;;1
SSR2;2014;070000203;070780382;ASSMEM;;1
SSR2;2014;070000203;070780382;EXPEQU;1;
SSR2;2014;070000203;070780382;EXPURO;;1
SSR2;2014;070000203;070780382;IDRACH;;1
SSR2;2014;070000203;070780382;ISOCIN;;1
SSR2;2014;070000203;070780382;LABMAR;;1
SSR2;2014;070000203;070780382;PISCIN;;1
SSR2;2014;070000203;070780382;SALINT;;1
SSR2;2014;070000203;070780382;SIMESP;;1
SSR2;2014;070000203;070780382;STICON;;1
SSR2;2014;070000203;070780382;VEHADP;;1
SSR2;2014;070000484;070005566;ASSMAR;1;
SSR2;2014;070000484;070005566;ASSMEM;1;
SSR2;2014;070000484;070005566;EXPEQU;1;
SSR2;2014;070000484;070005566;EXPURO;1;
SSR2;2014;070000484;070005566;LABMAR;;1
SSR2;2014;070000484;070005566;PISCIN;1;
SSR2;2014;070000484;070005566;SIMESP;1;
SSR2;2014;070783824;070002878;EXPURO;;1
SSR2;2014;070784897;750820680;PISCIN;;1
SSR2;2014;080000219;080001969;ISOCIN;1;
SSR2;2014;080000250;540019726;APTAUT;1;
SSR2;2014;080000250;540019726;EXPEQU;1;
SSR2;2014;080000250;540019726;EXPURO;1;
SSR2;2014;080000250;540019726;LABMAR;;1
SSR2;2014;080000250;540019726;PISCIN;1;
SSR2;2014;080000250;540019726;SIMESP;1;
SSR2;2014;080000250;540019726;VEHADP;;1
SSR2;2014;080000268;540019726;APTAUT;;1
SSR2;2014;080000268;540019726;EXPEQU;;1
SSR2;2014;080000268;540019726;EXPURO;;1
SSR2;2014;080000268;540019726;LABMAR;;1
SSR2;2014;080000268;540019726;PISCIN;;1
SSR2;2014;080000268;540019726;SIMESP;;1
SSR2;2014;080000268;540019726;VEHADP;;1
SSR2;2014;080000276;080001969;APTAUT;;1
SSR2;2014;080000276;080001969;ASSMAR;;1
SSR2;2014;080000276;080001969;ASSMEM;;1
SSR2;2014;080000276;080001969;EXPEQU;;1
SSR2;2014;080000276;080001969;EXPURO;;1
SSR2;2014;080000276;080001969;IDRACH;;1
SSR2;2014;080000276;080001969;ISOCIN;;1
SSR2;2014;080000276;080001969;LABMAR;;1
SSR2;2014;080000276;080001969;PISCIN;;1
SSR2;2014;080000276;080001969;SALINT;1;
SSR2;2014;080000276;080001969;SIMESP;1;
SSR2;2014;080000276;080001969;STICON;;1
SSR2;2014;080000276;080001969;VEHADP;;1
SSR2;2014;080002140;540019726;APTAUT;;1
SSR2;2014;080002140;540019726;EXPEQU;;1
SSR2;2014;080002140;540019726;EXPURO;;1
SSR2;2014;080002140;540019726;LABMAR;;1
SSR2;2014;080002140;540019726;PISCIN;1;
SSR2;2014;080002140;540019726;SIMESP;;1
SSR2;2014;090000019;090180019;EXPEQU;;1
SSR2;2014;090000019;090180019;EXPURO;;1
SSR2;2014;090000019;090180019;IDRACH;;1
SSR2;2014;090000019;090180019;ISOCIN;1;
SSR2;2014;090000019;090180019;LABMAR;;1
SSR2;2014;090000019;090180019;PISCIN;1;
SSR2;2014;090000175;090781774;EXPURO;1;
SSR2;2014;090000175;090781774;SALINT;1;
SSR2;2014;090000183;090781816;APTAUT;1;
SSR2;2014;090000183;090781816;ASSMAR;;1
SSR2;2014;090000183;090781816;ASSMEM;;1
SSR2;2014;090000183;090781816;EXPEQU;1;
SSR2;2014;090000183;090781816;EXPURO;;1
SSR2;2014;090000183;090781816;IDRACH;;1
SSR2;2014;090000183;090781816;ISOCIN;;1
SSR2;2014;090000183;090781816;LABMAR;;1
SSR2;2014;090000183;090781816;PISCIN;1;
SSR2;2014;090000183;090781816;SALINT;;1
SSR2;2014;090000183;090781816;SIMESP;1;
SSR2;2014;090000183;090781816;STICON;;1
SSR2;2014;090000183;090781816;VEHADP;;1
SSR2;2014;100006493;100000017;EXPEQU;1;
SSR2;2014;100006493;100000017;ISOCIN;1;
SSR2;2014;100006493;100000017;SIMESP;1;
SSR2;2014;100007285;140017617;EXPURO;;1
SSR2;2014;100007285;140017617;LABMAR;;1
SSR2;2014;100007285;140017617;PISCIN;1;
SSR2;2014;100007285;140017617;SALINT;;1
SSR2;2014;100007285;140017617;SIMESP;1;
SSR2;2014;100009083;750721235;APTAUT;;1
SSR2;2014;100009083;750721235;ASSMAR;;1
SSR2;2014;100009083;750721235;ASSMEM;;1
SSR2;2014;100009083;750721235;EXPEQU;1;
SSR2;2014;100009083;750721235;EXPURO;;1
SSR2;2014;100009083;750721235;IDRACH;1;
SSR2;2014;100009083;750721235;ISOCIN;;1
SSR2;2014;100009083;750721235;LABMAR;;1
SSR2;2014;100009083;750721235;PISCIN;1;
SSR2;2014;100009083;750721235;SALINT;;1
SSR2;2014;100009083;750721235;SIMESP;1;
SSR2;2014;100009083;750721235;STICON;;1
SSR2;2014;100009083;750721235;VEHADP;1;
SSR2;2014;110000189;110780707;ASSMAR;1;
SSR2;2014;110000189;110780707;EXPEQU;1;
SSR2;2014;110000189;110780707;PISCIN;1;
SSR2;2014;110000189;110780707;SALINT;1;
SSR2;2014;110003118;110007341;APTAUT;1;
SSR2;2014;110003118;110007341;EXPEQU;1;
SSR2;2014;110003118;110007341;EXPURO;1;
SSR2;2014;110003118;110007341;LABMAR;;1
SSR2;2014;110003118;110007341;PISCIN;1;
SSR2;2014;110003118;110007341;SIMESP;1;
SSR2;2014;110780194;110000080;PISCIN;1;
SSR2;2014;110780228;110000114;EXPURO;1;
SSR2;2014;110780228;110000114;PISCIN;1;
SSR2;2014;110780228;110000114;SALINT;1;
SSR2;2014;120000054;120780069;PISCIN;1;
SSR2;2014;120000096;120780101;EXPEQU;1;
SSR2;2014;120000096;120780101;EXPURO;1;
SSR2;2014;120000096;120780101;PISCIN;1;
SSR2;2014;120000096;120780101;SIMESP;1;
SSR2;2014;120004668;120004619;APTAUT;;1
SSR2;2014;120004668;120004619;ASSMAR;;1
SSR2;2014;120004668;120004619;ASSMEM;;1
SSR2;2014;120004668;120004619;EXPEQU;1;
SSR2;2014;120004668;120004619;EXPURO;;1
SSR2;2014;120004668;120004619;IDRACH;;1
SSR2;2014;120004668;120004619;ISOCIN;;1
SSR2;2014;120004668;120004619;LABMAR;;1
SSR2;2014;120004668;120004619;PISCIN;;1
SSR2;2014;120004668;120004619;SALINT;;1
SSR2;2014;120004668;120004619;SIMESP;;1
SSR2;2014;120004668;120004619;STICON;;1
SSR2;2014;120004668;120004619;VEHADP;;1
SSR2;2014;130001225;130782634;SALINT;1;
SSR2;2014;130002827;130789274;PISCIN;1;
SSR2;2014;130002827;130789274;SALINT;1;
SSR2;2014;130002827;130789274;VEHADP;1;
SSR2;2014;130008048;130043169;EXPEQU;1;
SSR2;2014;130008048;130043169;PISCIN;1;
SSR2;2014;130008048;130043169;SIMESP;1;
SSR2;2014;130035793;130013139;EXPEQU;1;
SSR2;2014;130035793;130013139;PISCIN;1;
SSR2;2014;130043318;130043300;PISCIN;;1
SSR2;2014;130043508;250002284;PISCIN;1;
SSR2;2014;130043854;130037815;PISCIN;1;
SSR2;2014;130043854;130037815;SIMESP;1;
SSR2;2014;130043854;130037815;STICON;1;
SSR2;2014;130781438;130000557;APTAUT;1;
SSR2;2014;130781438;130000557;ISOCIN;1;
SSR2;2014;130781438;130000557;LABMAR;1;
SSR2;2014;130781438;130000557;PISCIN;1;
SSR2;2014;130781438;130000557;SIMESP;1;
SSR2;2014;130781479;130000599;EXPEQU;;1
SSR2;2014;130781479;130000599;EXPURO;1;
SSR2;2014;130781479;130000599;PISCIN;1;
SSR2;2014;130781479;130000599;SIMESP;;1
SSR2;2014;130781768;130000763;PISCIN;1;
SSR2;2014;130781834;130000805;ASSMAR;1;
SSR2;2014;130781834;130000805;PISCIN;1;
SSR2;2014;130781834;130000805;SIMESP;1;
SSR2;2014;130781917;130000847;PISCIN;1;
SSR2;2014;130782303;920000395;APTAUT;;1
SSR2;2014;130782303;920000395;ASSMAR;;1
SSR2;2014;130782303;920000395;ASSMEM;;1
SSR2;2014;130782303;920000395;EXPEQU;1;
SSR2;2014;130782303;920000395;EXPURO;;1
SSR2;2014;130782303;920000395;IDRACH;;1
SSR2;2014;130782303;920000395;ISOCIN;;1
SSR2;2014;130782303;920000395;LABMAR;;1
SSR2;2014;130782303;920000395;PISCIN;1;
SSR2;2014;130782303;920000395;SALINT;;1
SSR2;2014;130782303;920000395;SIMESP;;1
SSR2;2014;130782303;920000395;STICON;;1
SSR2;2014;130782444;130001100;PISCIN;1;
SSR2;2014;130783665;130043722;EXPURO;1;
SSR2;2014;130783665;130043722;SALINT;1;
SSR2;2014;130783871;130001548;EXPEQU;1;
SSR2;2014;130783871;130001548;ISOCIN;1;
SSR2;2014;130783871;130001548;PISCIN;1;
SSR2;2014;130784580;750043994;APTAUT;;1
SSR2;2014;130784580;750043994;ASSMAR;;1
SSR2;2014;130784580;750043994;ASSMEM;;1
SSR2;2014;130784580;750043994;EXPEQU;;1
SSR2;2014;130784580;750043994;EXPURO;;1
SSR2;2014;130784580;750043994;IDRACH;;1
SSR2;2014;130784580;750043994;ISOCIN;;1
SSR2;2014;130784580;750043994;LABMAR;;1
SSR2;2014;130784580;750043994;PISCIN;;1
SSR2;2014;130784580;750043994;SALINT;;1
SSR2;2014;130784580;750043994;SIMESP;;1
SSR2;2014;130784580;750043994;STICON;;1
SSR2;2014;130784580;750043994;VEHADP;;1
SSR2;2014;130784598;130001852;LABMAR;1;
SSR2;2014;130784598;130001852;PISCIN;1;
SSR2;2014;130784598;130001852;VEHADP;;1
SSR2;2014;130785389;130002173;ASSMEM;1;
SSR2;2014;130785389;130002173;LABMAR;;1
SSR2;2014;130785389;130002173;PISCIN;1;
SSR2;2014;130785389;130002173;SALINT;1;
SSR2;2014;130785389;130002173;SIMESP;1;
SSR2;2014;130786023;130002330;PISCIN;1;
SSR2;2014;130786296;130002421;APTAUT;;1
SSR2;2014;130786296;130002421;ASSMAR;;1
SSR2;2014;130786296;130002421;ASSMEM;;1
SSR2;2014;130786296;130002421;EXPEQU;;1
SSR2;2014;130786296;130002421;EXPURO;;1
SSR2;2014;130786296;130002421;IDRACH;;1
SSR2;2014;130786296;130002421;ISOCIN;;1
SSR2;2014;130786296;130002421;LABMAR;;1
SSR2;2014;130786296;130002421;PISCIN;;1
SSR2;2014;130786296;130002421;SALINT;;1
SSR2;2014;130786296;130002421;SIMESP;;1
SSR2;2014;130786296;130002421;STICON;;1
SSR2;2014;130786296;130002421;VEHADP;;1
SSR2;2014;130786742;750821092;ISOCIN;1;
SSR2;2014;130786924;130037815;APTAUT;;1
SSR2;2014;130786924;130037815;ASSMAR;1;
SSR2;2014;130786924;130037815;ASSMEM;1;
SSR2;2014;130786924;130037815;EXPEQU;1;
SSR2;2014;130786924;130037815;EXPURO;;1
SSR2;2014;130786924;130037815;IDRACH;;1
SSR2;2014;130786924;130037815;ISOCIN;1;
SSR2;2014;130786924;130037815;LABMAR;;1
SSR2;2014;130786924;130037815;PISCIN;1;
SSR2;2014;130786924;130037815;SALINT;;1
SSR2;2014;130786924;130037815;SIMESP;;1
SSR2;2014;130786924;130037815;STICON;;1
SSR2;2014;130786924;130037815;VEHADP;;1
SSR2;2014;130786932;130002660;EXPEQU;1;
SSR2;2014;130786932;130002660;PISCIN;1;
SSR2;2014;130786932;130002660;SIMESP;1;
SSR2;2014;130787369;130002777;ASSMAR;1;
SSR2;2014;130789159;750043994;APTAUT;;1
SSR2;2014;130789159;750043994;ASSMAR;;1
SSR2;2014;130789159;750043994;ASSMEM;;1
SSR2;2014;130789159;750043994;EXPEQU;;1
SSR2;2014;130789159;750043994;EXPURO;;1
SSR2;2014;130789159;750043994;IDRACH;;1
SSR2;2014;130789159;750043994;ISOCIN;;1
SSR2;2014;130789159;750043994;LABMAR;;1
SSR2;2014;130789159;750043994;PISCIN;;1
SSR2;2014;130789159;750043994;SALINT;;1
SSR2;2014;130789159;750043994;SIMESP;;1
SSR2;2014;130789159;750043994;STICON;;1
SSR2;2014;130789159;750043994;VEHADP;;1
SSR2;2014;130789357;130002843;PISCIN;1;
SSR2;2014;130790157;130789316;EXPURO;;1
SSR2;2014;130790157;130789316;SALINT;;1
SSR2;2014;130790157;130789316;VEHADP;;1
SSR2;2014;130809015;130001928;APTAUT;;1
SSR2;2014;130809015;130001928;ASSMAR;;1
SSR2;2014;130809015;130001928;ASSMEM;;1
SSR2;2014;130809015;130001928;EXPEQU;;1
SSR2;2014;130809015;130001928;EXPURO;;1
SSR2;2014;130809015;130001928;IDRACH;;1
SSR2;2014;130809015;130001928;ISOCIN;;1
SSR2;2014;130809015;130001928;LABMAR;;1
SSR2;2014;130809015;130001928;PISCIN;1;
SSR2;2014;130809015;130001928;SALINT;;1
SSR2;2014;130809015;130001928;SIMESP;;1
SSR2;2014;130809015;130001928;STICON;;1
SSR2;2014;130809015;130001928;VEHADP;;1
SSR2;2014;130809981;920000395;PISCIN;1;
SSR2;2014;140000076;140000084;EXPEQU;1;
SSR2;2014;140000076;140000084;EXPURO;1;
SSR2;2014;140000076;140000084;PISCIN;1;
SSR2;2014;140000209;140000100;APTAUT;;1
SSR2;2014;140000209;140000100;ASSMAR;;1
SSR2;2014;140000209;140000100;ASSMEM;;1
SSR2;2014;140000209;140000100;EXPEQU;1;
SSR2;2014;140000209;140000100;EXPURO;1;
SSR2;2014;140000209;140000100;IDRACH;;1
SSR2;2014;140000209;140000100;ISOCIN;;1
SSR2;2014;140000209;140000100;LABMAR;1;
SSR2;2014;140000209;140000100;PISCIN;1;
SSR2;2014;140000209;140000100;SALINT;;1
SSR2;2014;140000209;140000100;SIMESP;;1
SSR2;2014;140000209;140000100;STICON;;1
SSR2;2014;140000209;140000100;VEHADP;;1
SSR2;2014;140000233;140000118;SIMESP;1;
SSR2;2014;140002239;140000415;APTAUT;1;
SSR2;2014;140002239;140000415;ASSMAR;;1
SSR2;2014;140002239;140000415;ASSMEM;;1
SSR2;2014;140002239;140000415;EXPEQU;1;
SSR2;2014;140002239;140000415;EXPURO;;1
SSR2;2014;140002239;140000415;IDRACH;;1
SSR2;2014;140002239;140000415;ISOCIN;1;
SSR2;2014;140002239;140000415;LABMAR;;1
SSR2;2014;140002239;140000415;PISCIN;1;
SSR2;2014;140002239;140000415;SALINT;;1
SSR2;2014;140002239;140000415;SIMESP;1;
SSR2;2014;140002239;140000415;STICON;;1
SSR2;2014;140002239;140000415;VEHADP;;1
SSR2;2014;140015975;310021092;APTAUT;;1
SSR2;2014;140015975;310021092;ASSMAR;;1
SSR2;2014;140015975;310021092;ASSMEM;;1
SSR2;2014;140015975;310021092;EXPEQU;;1
SSR2;2014;140015975;310021092;EXPURO;;1
SSR2;2014;140015975;310021092;IDRACH;;1
SSR2;2014;140015975;310021092;ISOCIN;;1
SSR2;2014;140015975;310021092;LABMAR;;1
SSR2;2014;140015975;310021092;PISCIN;;1
SSR2;2014;140015975;310021092;SALINT;;1
SSR2;2014;140015975;310021092;SIMESP;;1
SSR2;2014;140015975;310021092;STICON;;1
SSR2;2014;140015975;310021092;VEHADP;;1
SSR2;2014;140017278;610787285;APTAUT;1;
SSR2;2014;140017278;610787285;ASSMEM;;1
SSR2;2014;140017278;610787285;EXPEQU;1;
SSR2;2014;140017278;610787285;EXPURO;;1
SSR2;2014;140017278;610787285;ISOCIN;1;
SSR2;2014;140017278;610787285;LABMAR;;1
SSR2;2014;140017278;610787285;PISCIN;1;
SSR2;2014;140017278;610787285;SALINT;;1
SSR2;2014;140017278;610787285;SIMESP;1;
SSR2;2014;140017278;610787285;VEHADP;1;
SSR2;2014;140019175;930019484;PISCIN;1;
SSR2;2014;140025123;310021126;APTAUT;;1
SSR2;2014;140025123;310021126;ASSMAR;;1
SSR2;2014;140025123;310021126;ASSMEM;;1
SSR2;2014;140025123;310021126;EXPEQU;;1
SSR2;2014;140025123;310021126;EXPURO;;1
SSR2;2014;140025123;310021126;IDRACH;;1
SSR2;2014;140025123;310021126;ISOCIN;;1
SSR2;2014;140025123;310021126;LABMAR;;1
SSR2;2014;140025123;310021126;PISCIN;1;
SSR2;2014;140025123;310021126;SALINT;;1
SSR2;2014;140025123;310021126;SIMESP;1;
SSR2;2014;140025123;310021126;STICON;;1
SSR2;2014;140025123;310021126;VEHADP;;1
SSR2;2014;150000040;150780096;PISCIN;1;
SSR2;2014;150000149;150780393;APTAUT;1;
SSR2;2014;150000149;150780393;PISCIN;1;
SSR2;2014;150002608;660006370;LABMAR;1;
SSR2;2014;150002608;660006370;PISCIN;1;
SSR2;2014;160000154;160006037;PISCIN;1;
SSR2;2014;160000188;160000121;PISCIN;1;
SSR2;2014;160000253;160000451;EXPEQU;1;
SSR2;2014;160000253;160000451;EXPURO;1;
SSR2;2014;160000253;160000451;LABMAR;1;
SSR2;2014;160000253;160000451;PISCIN;1;
SSR2;2014;160000253;160000451;SALINT;1;
SSR2;2014;160000261;160014411;APTAUT;;1
SSR2;2014;160000261;160014411;ASSMAR;;1
SSR2;2014;160000261;160014411;ASSMEM;;1
SSR2;2014;160000261;160014411;EXPEQU;;1
SSR2;2014;160000261;160014411;EXPURO;;1
SSR2;2014;160000261;160014411;IDRACH;;1
SSR2;2014;160000261;160014411;ISOCIN;;1
SSR2;2014;160000261;160014411;LABMAR;;1
SSR2;2014;160000261;160014411;PISCIN;;1
SSR2;2014;160000261;160014411;SALINT;;1
SSR2;2014;160000261;160014411;SIMESP;;1
SSR2;2014;160000261;160014411;STICON;;1
SSR2;2014;160000261;160014411;VEHADP;;1
SSR2;2014;160000303;160006037;PISCIN;;1
SSR2;2014;160009080;160001574;EXPURO;;1
SSR2;2014;160009080;160001574;ISOCIN;1;
SSR2;2014;160009080;160001574;PISCIN;1;
SSR2;2014;160009080;160001574;STICON;;1
SSR2;2014;170000038;170780050;APTAUT;;1
SSR2;2014;170000038;170780050;ASSMAR;;1
SSR2;2014;170000038;170780050;ASSMEM;;1
SSR2;2014;170000038;170780050;EXPEQU;1;
SSR2;2014;170000038;170780050;EXPURO;;1
SSR2;2014;170000038;170780050;IDRACH;;1
SSR2;2014;170000038;170780050;ISOCIN;;1
SSR2;2014;170000038;170780050;LABMAR;;1
SSR2;2014;170000038;170780050;PISCIN;1;
SSR2;2014;170000038;170780050;SALINT;;1
SSR2;2014;170000038;170780050;SIMESP;1;
SSR2;2014;170000038;170780050;STICON;;1
SSR2;2014;170000038;170780050;VEHADP;;1
SSR2;2014;170000061;170780118;APTAUT;;1
SSR2;2014;170000061;170780118;ASSMAR;;1
SSR2;2014;170000061;170780118;ASSMEM;;1
SSR2;2014;170000061;170780118;EXPEQU;;1
SSR2;2014;170000061;170780118;EXPURO;;1
SSR2;2014;170000061;170780118;IDRACH;;1
SSR2;2014;170000061;170780118;ISOCIN;;1
SSR2;2014;170000061;170780118;LABMAR;;1
SSR2;2014;170000061;170780118;PISCIN;;1
SSR2;2014;170000061;170780118;SALINT;;1
SSR2;2014;170000061;170780118;SIMESP;;1
SSR2;2014;170000061;170780118;STICON;;1
SSR2;2014;170000061;170780118;VEHADP;;1
SSR2;2014;170000095;170780167;APTAUT;;1
SSR2;2014;170000095;170780167;ASSMAR;1;
SSR2;2014;170000095;170780167;ASSMEM;;1
SSR2;2014;170000095;170780167;EXPEQU;1;
SSR2;2014;170000095;170780167;EXPURO;;1
SSR2;2014;170000095;170780167;IDRACH;;1
SSR2;2014;170000095;170780167;ISOCIN;1;
SSR2;2014;170000095;170780167;LABMAR;1;
SSR2;2014;170000095;170780167;PISCIN;1;
SSR2;2014;170000095;170780167;SALINT;;1
SSR2;2014;170000095;170780167;SIMESP;;1
SSR2;2014;170000095;170780167;STICON;;1
SSR2;2014;170000095;170780167;VEHADP;;1
SSR2;2014;170000129;170780191;EXPEQU;1;
SSR2;2014;170000129;170780191;LABMAR;1;
SSR2;2014;170780043;750721334;EXPEQU;1;
SSR2;2014;170780043;750721334;EXPURO;1;
SSR2;2014;170780043;750721334;ISOCIN;1;
SSR2;2014;170780043;750721334;SIMESP;1;
SSR2;2014;170780068;170000046;ISOCIN;1;
SSR2;2014;170780621;170000285;PISCIN;1;
SSR2;2014;170780803;170017321;LABMAR;1;
SSR2;2014;170780803;170017321;PISCIN;1;
SSR2;2014;170780803;170017321;VEHADP;1;
SSR2;2014;170784110;170023279;APTAUT;;1
SSR2;2014;170784110;170023279;ASSMAR;;1
SSR2;2014;170784110;170023279;ASSMEM;;1
SSR2;2014;170784110;170023279;EXPEQU;;1
SSR2;2014;170784110;170023279;EXPURO;;1
SSR2;2014;170784110;170023279;IDRACH;;1
SSR2;2014;170784110;170023279;ISOCIN;;1
SSR2;2014;170784110;170023279;LABMAR;;1
SSR2;2014;170784110;170023279;PISCIN;1;
SSR2;2014;170784110;170023279;SALINT;;1
SSR2;2014;170784110;170023279;SIMESP;;1
SSR2;2014;170784110;170023279;STICON;;1
SSR2;2014;170784110;170023279;VEHADP;;1
SSR2;2014;170792220;170780175;EXPURO;;1
SSR2;2014;170792220;170780175;SALINT;;1
SSR2;2014;170792220;170780175;SIMESP;1;
SSR2;2014;170803431;750043994;PISCIN;1;
SSR2;2014;180000010;180000028;PISCIN;1;
SSR2;2014;180003287;180000028;PISCIN;;1
SSR2;2014;180003345;180000051;EXPURO;;1
SSR2;2014;180003345;180000051;PISCIN;;1
SSR2;2014;180003386;180000069;EXPURO;1;
SSR2;2014;180003386;180000069;PISCIN;1;
SSR2;2014;190000018;190000042;APTAUT;;1
SSR2;2014;190000018;190000042;ASSMAR;1;
SSR2;2014;190000018;190000042;ASSMEM;1;
SSR2;2014;190000018;190000042;EXPEQU;1;
SSR2;2014;190000018;190000042;EXPURO;1;
SSR2;2014;190000018;190000042;IDRACH;1;
SSR2;2014;190000018;190000042;ISOCIN;1;
SSR2;2014;190000018;190000042;LABMAR;1;
SSR2;2014;190000018;190000042;PISCIN;1;
SSR2;2014;190000018;190000042;SALINT;;1
SSR2;2014;190000018;190000042;SIMESP;;1
SSR2;2014;190000018;190000042;STICON;;1
SSR2;2014;190000018;190000042;VEHADP;;1
SSR2;2014;190000091;190000075;APTAUT;;1
SSR2;2014;190000091;190000075;ASSMAR;;1
SSR2;2014;190000091;190000075;ASSMEM;;1
SSR2;2014;190000091;190000075;EXPEQU;;1
SSR2;2014;190000091;190000075;EXPURO;1;
SSR2;2014;190000091;190000075;IDRACH;;1
SSR2;2014;190000091;190000075;LABMAR;;1
SSR2;2014;190000091;190000075;PISCIN;;1
SSR2;2014;190000091;190000075;SALINT;;1
SSR2;2014;190000091;190000075;SIMESP;;1
SSR2;2014;190000091;190000075;STICON;;1
SSR2;2014;190000091;190000075;VEHADP;;1
SSR2;2014;190002493;190000059;EXPURO;;1
SSR2;2014;190011197;190000059;APTAUT;1;
SSR2;2014;190011197;190000059;PISCIN;1;
SSR2;2014;190011197;190000059;SIMESP;1;
SSR2;2014;210007399;210007308;PISCIN;1;
SSR2;2014;210007399;210007308;SIMESP;1;
SSR2;2014;210780144;750721235;ASSMAR;;1
SSR2;2014;210780144;750721235;ASSMEM;;1
SSR2;2014;210780144;750721235;EXPEQU;;1
SSR2;2014;210780144;750721235;EXPURO;;1
SSR2;2014;210780144;750721235;ISOCIN;;1
SSR2;2014;210780144;750721235;LABMAR;;1
SSR2;2014;210780144;750721235;PISCIN;1;
SSR2;2014;210780144;750721235;SALINT;;1
SSR2;2014;210780144;750721235;SIMESP;1;
SSR2;2014;210780144;750721235;STICON;;1
SSR2;2014;210780144;750721235;VEHADP;1;
SSR2;2014;210780276;210003208;SIMESP;1;
SSR2;2014;210780292;210000105;EXPEQU;1;
SSR2;2014;210780292;210000105;ISOCIN;1;
SSR2;2014;210780292;210000105;PISCIN;1;
SSR2;2014;210780292;210000105;VEHADP;1;
SSR2;2014;210986089;210780581;PISCIN;1;
SSR2;2014;210987558;210780581;EXPEQU;1;
SSR2;2014;210987558;210780581;EXPURO;1;
SSR2;2014;210987558;210780581;LABMAR;1;
SSR2;2014;210987558;210780581;PISCIN;1;
SSR2;2014;210987558;210780581;SIMESP;1;
SSR2;2014;210987640;210780672;APTAUT;;1
SSR2;2014;210987640;210780672;ASSMAR;;1
SSR2;2014;210987640;210780672;ASSMEM;;1
SSR2;2014;210987640;210780672;EXPEQU;;1
SSR2;2014;210987640;210780672;EXPURO;;1
SSR2;2014;210987640;210780672;IDRACH;;1
SSR2;2014;210987640;210780672;ISOCIN;;1
SSR2;2014;210987640;210780672;LABMAR;;1
SSR2;2014;210987640;210780672;PISCIN;;1
SSR2;2014;210987640;210780672;SALINT;;1
SSR2;2014;210987640;210780672;SIMESP;;1
SSR2;2014;210987640;210780672;STICON;;1
SSR2;2014;210987640;210780672;VEHADP;;1
SSR2;2014;210987657;210780714;ASSMAR;;1
SSR2;2014;210987657;210780714;ASSMEM;1;
SSR2;2014;210987657;210780714;EXPEQU;;1
SSR2;2014;210987657;210780714;EXPURO;;1
SSR2;2014;210987657;210780714;IDRACH;;1
SSR2;2014;210987657;210780714;ISOCIN;1;
SSR2;2014;210987657;210780714;LABMAR;;1
SSR2;2014;210987657;210780714;PISCIN;;1
SSR2;2014;210987657;210780714;SALINT;1;
SSR2;2014;210987657;210780714;SIMESP;;1
SSR2;2014;210987657;210780714;STICON;;1
SSR2;2014;210987657;210780714;VEHADP;;1
SSR2;2014;210987673;210010070;PISCIN;1;
SSR2;2014;220000012;220000020;APTAUT;;1
SSR2;2014;220000012;220000020;ASSMAR;;1
SSR2;2014;220000012;220000020;ASSMEM;;1
SSR2;2014;220000012;220000020;EXPEQU;1;
SSR2;2014;220000012;220000020;EXPURO;1;
SSR2;2014;220000012;220000020;IDRACH;;1
SSR2;2014;220000012;220000020;ISOCIN;1;
SSR2;2014;220000012;220000020;LABMAR;;1
SSR2;2014;220000012;220000020;PISCIN;1;
SSR2;2014;220000012;220000020;SALINT;;1
SSR2;2014;220000012;220000020;SIMESP;1;
SSR2;2014;220000012;220000020;STICON;;1
SSR2;2014;220000012;220000020;VEHADP;;1
SSR2;2014;220000095;220000046;SIMESP;1;
SSR2;2014;220000343;220000079;EXPEQU;1;
SSR2;2014;220000343;220000079;EXPURO;1;
SSR2;2014;220000343;220000079;LABMAR;1;
SSR2;2014;220000343;220000079;PISCIN;1;
SSR2;2014;220000475;220020531;APTAUT;;1
SSR2;2014;220000475;220020531;IDRACH;;1
SSR2;2014;220000475;220020531;PISCIN;;1
SSR2;2014;220000475;220020531;SALINT;;1
SSR2;2014;220000475;220020531;SIMESP;1;
SSR2;2014;220000475;220020531;STICON;;1
SSR2;2014;220000475;220020531;VEHADP;1;
SSR2;2014;220000541;220000152;EXPEQU;1;
SSR2;2014;220000541;220000152;VEHADP;1;
SSR2;2014;220000566;220021968;IDRACH;;1
SSR2;2014;220000590;220000202;APTAUT;;1
SSR2;2014;220000590;220000202;ASSMAR;;1
SSR2;2014;220000590;220000202;ASSMEM;;1
SSR2;2014;220000590;220000202;EXPEQU;;1
SSR2;2014;220000590;220000202;EXPURO;;1
SSR2;2014;220000590;220000202;IDRACH;;1
SSR2;2014;220000590;220000202;ISOCIN;;1
SSR2;2014;220000590;220000202;LABMAR;;1
SSR2;2014;220000590;220000202;PISCIN;1;
SSR2;2014;220000590;220000202;SALINT;;1
SSR2;2014;220000590;220000202;SIMESP;;1
SSR2;2014;220000590;220000202;STICON;;1
SSR2;2014;220000590;220000202;VEHADP;;1
SSR2;2014;220012884;220000103;APTAUT;1;
SSR2;2014;220012884;220000103;EXPEQU;1;
SSR2;2014;220012884;220000103;EXPURO;1;
SSR2;2014;220012884;220000103;ISOCIN;1;
SSR2;2014;220012884;220000103;LABMAR;1;
SSR2;2014;220012884;220000103;PISCIN;1;
SSR2;2014;220012884;220000103;SIMESP;1;
SSR2;2014;220012884;220000103;VEHADP;1;
SSR2;2014;230000820;230780041;ASSMEM;1;
SSR2;2014;230000820;230780041;PISCIN;1;
SSR2;2014;230000820;230780041;SIMESP;1;
SSR2;2014;230000820;230780041;VEHADP;1;
SSR2;2014;230000838;230780058;PISCIN;1;
SSR2;2014;230780082;750005068;PISCIN;1;
SSR2;2014;240000091;240000034;EXPURO;;1
SSR2;2014;240000174;240000042;APTAUT;;1
SSR2;2014;240000174;240000042;ASSMAR;;1
SSR2;2014;240000174;240000042;ASSMEM;;1
SSR2;2014;240000174;240000042;EXPEQU;;1
SSR2;2014;240000174;240000042;EXPURO;;1
SSR2;2014;240000174;240000042;IDRACH;;1
SSR2;2014;240000174;240000042;ISOCIN;;1
SSR2;2014;240000174;240000042;LABMAR;;1
SSR2;2014;240000174;240000042;PISCIN;;1
SSR2;2014;240000174;240000042;SALINT;;1
SSR2;2014;240000174;240000042;SIMESP;;1
SSR2;2014;240000174;240000042;STICON;;1
SSR2;2014;240000174;240000042;VEHADP;;1
SSR2;2014;240000307;330056540;SIMESP;1;
SSR2;2014;240000414;240000067;PISCIN;1;
SSR2;2014;240000489;240000117;EXPEQU;1;
SSR2;2014;240002402;240003251;APTAUT;1;
SSR2;2014;240002402;240003251;PISCIN;1;
SSR2;2014;240002402;240003251;SIMESP;1;
SSR2;2014;240002402;240003251;VEHADP;;1
SSR2;2014;240008318;240002428;SIMESP;1;
SSR2;2014;250000544;250002284;EXPURO;;1
SSR2;2014;250000544;250002284;LABMAR;;1
SSR2;2014;250000544;250002284;PISCIN;1;
SSR2;2014;250000544;250002284;SIMESP;1;
SSR2;2014;250000544;250002284;VEHADP;;1
SSR2;2014;250000726;250000478;APTAUT;;1
SSR2;2014;250000726;250000478;ASSMAR;;1
SSR2;2014;250000726;250000478;ASSMEM;;1
SSR2;2014;250000726;250000478;EXPEQU;;1
SSR2;2014;250000726;250000478;EXPURO;;1
SSR2;2014;250000726;250000478;IDRACH;;1
SSR2;2014;250000726;250000478;ISOCIN;;1
SSR2;2014;250000726;250000478;LABMAR;;1
SSR2;2014;250000726;250000478;PISCIN;;1
SSR2;2014;250000726;250000478;SALINT;;1
SSR2;2014;250000726;250000478;SIMESP;;1
SSR2;2014;250000726;250000478;STICON;;1
SSR2;2014;250000726;250000478;VEHADP;;1
SSR2;2014;250004009;900000365;EXPEQU;;1
SSR2;2014;250004009;900000365;EXPURO;;1
SSR2;2014;250004009;900000365;ISOCIN;;1
SSR2;2014;250004009;900000365;LABMAR;;1
SSR2;2014;250004009;900000365;PISCIN;1;
SSR2;2014;250006954;250000015;EXPEQU;1;
SSR2;2014;250006954;250000015;EXPURO;1;
SSR2;2014;250006954;250000015;LABMAR;1;
SSR2;2014;250006954;250000015;PISCIN;1;
SSR2;2014;250006954;250000015;SALINT;1;
SSR2;2014;250019478;250000015;EXPEQU;;1
SSR2;2014;250019478;250000015;EXPURO;;1
SSR2;2014;250019478;250000015;LABMAR;;1
SSR2;2014;250019478;250000015;PISCIN;;1
SSR2;2014;250019478;250000015;SALINT;;1
SSR2;2014;260000013;260000021;EXPURO;;1
SSR2;2014;260000013;260000021;SALINT;1;
SSR2;2014;260000120;260016910;EXPEQU;1;
SSR2;2014;260000138;260000047;PISCIN;1;
SSR2;2014;260000138;260000047;SIMESP;1;
SSR2;2014;260000195;260006770;PISCIN;;1
SSR2;2014;260000203;260016910;APTAUT;1;
SSR2;2014;260000203;260016910;EXPEQU;;1
SSR2;2014;260000203;260016910;EXPURO;1;
SSR2;2014;260000203;260016910;ISOCIN;1;
SSR2;2014;260000203;260016910;LABMAR;;1
SSR2;2014;260000203;260016910;PISCIN;1;
SSR2;2014;260000203;260016910;SALINT;;1
SSR2;2014;260000229;260000070;APTAUT;;1
SSR2;2014;260000229;260000070;ASSMAR;;1
SSR2;2014;260000229;260000070;ASSMEM;;1
SSR2;2014;260000229;260000070;EXPEQU;;1
SSR2;2014;260000229;260000070;EXPURO;;1
SSR2;2014;260000229;260000070;IDRACH;;1
SSR2;2014;260000229;260000070;ISOCIN;;1
SSR2;2014;260000229;260000070;LABMAR;;1
SSR2;2014;260000229;260000070;PISCIN;;1
SSR2;2014;260000229;260000070;SALINT;;1
SSR2;2014;260000229;260000070;SIMESP;;1
SSR2;2014;260000229;260000070;STICON;;1
SSR2;2014;260000229;260000070;VEHADP;;1
SSR2;2014;260000237;260000088;PISCIN;1;
SSR2;2014;260000682;930019484;APTAUT;1;
SSR2;2014;260000682;930019484;ASSMAR;;1
SSR2;2014;260000682;930019484;ASSMEM;;1
SSR2;2014;260000682;930019484;EXPEQU;1;
SSR2;2014;260000682;930019484;EXPURO;1;
SSR2;2014;260000682;930019484;IDRACH;;1
SSR2;2014;260000682;930019484;ISOCIN;1;
SSR2;2014;260000682;930019484;LABMAR;;1
SSR2;2014;260000682;930019484;PISCIN;1;
SSR2;2014;260000682;930019484;SALINT;;1
SSR2;2014;260000682;930019484;SIMESP;1;
SSR2;2014;260000682;930019484;STICON;;1
SSR2;2014;260000682;930019484;VEHADP;1;
SSR2;2014;260006267;070000245;EXPURO;;1
SSR2;2014;260006267;070000245;PISCIN;1;
SSR2;2014;260017454;260016761;PISCIN;1;
SSR2;2014;270000045;270000060;APTAUT;;1
SSR2;2014;270000045;270000060;ASSMAR;;1
SSR2;2014;270000045;270000060;ASSMEM;;1
SSR2;2014;270000045;270000060;EXPEQU;;1
SSR2;2014;270000045;270000060;EXPURO;;1
SSR2;2014;270000045;270000060;IDRACH;;1
SSR2;2014;270000045;270000060;ISOCIN;;1
SSR2;2014;270000045;270000060;LABMAR;;1
SSR2;2014;270000045;270000060;PISCIN;;1
SSR2;2014;270000045;270000060;SALINT;;1
SSR2;2014;270000045;270000060;SIMESP;;1
SSR2;2014;270000045;270000060;STICON;;1
SSR2;2014;270000045;270000060;VEHADP;;1
SSR2;2014;270000342;270000698;APTAUT;;1
SSR2;2014;270000342;270000698;ASSMAR;;1
SSR2;2014;270000342;270000698;ASSMEM;;1
SSR2;2014;270000342;270000698;EXPEQU;;1
SSR2;2014;270000342;270000698;EXPURO;1;
SSR2;2014;270000342;270000698;IDRACH;;1
SSR2;2014;270000342;270000698;ISOCIN;;1
SSR2;2014;270000342;270000698;LABMAR;;1
SSR2;2014;270000342;270000698;PISCIN;1;
SSR2;2014;270000342;270000698;SALINT;;1
SSR2;2014;270000342;270000698;SIMESP;1;
SSR2;2014;270000342;270000698;STICON;;1
SSR2;2014;270000342;270000698;VEHADP;;1
SSR2;2014;270000367;270000086;SALINT;1;
SSR2;2014;270000391;760024042;APTAUT;;1
SSR2;2014;270000391;760024042;ASSMAR;;1
SSR2;2014;270000391;760024042;ASSMEM;;1
SSR2;2014;270000391;760024042;EXPEQU;;1
SSR2;2014;270000391;760024042;EXPURO;;1
SSR2;2014;270000391;760024042;IDRACH;;1
SSR2;2014;270000391;760024042;ISOCIN;;1
SSR2;2014;270000391;760024042;LABMAR;;1
SSR2;2014;270000391;760024042;PISCIN;;1
SSR2;2014;270000391;760024042;SALINT;1;
SSR2;2014;270000391;760024042;SIMESP;;1
SSR2;2014;270000391;760024042;STICON;;1
SSR2;2014;270000391;760024042;VEHADP;;1
SSR2;2014;270000441;270000110;APTAUT;;1
SSR2;2014;270000441;270000110;ASSMAR;;1
SSR2;2014;270000441;270000110;ASSMEM;;1
SSR2;2014;270000441;270000110;EXPEQU;;1
SSR2;2014;270000441;270000110;EXPURO;;1
SSR2;2014;270000441;270000110;IDRACH;;1
SSR2;2014;270000441;270000110;ISOCIN;;1
SSR2;2014;270000441;270000110;LABMAR;;1
SSR2;2014;270000441;270000110;PISCIN;;1
SSR2;2014;270000441;270000110;SALINT;;1
SSR2;2014;270000441;270000110;SIMESP;;1
SSR2;2014;270000441;270000110;STICON;;1
SSR2;2014;270000441;270000110;VEHADP;;1
SSR2;2014;270000458;270023724;APTAUT;;1
SSR2;2014;270000458;270023724;ASSMAR;;1
SSR2;2014;270000458;270023724;ASSMEM;;1
SSR2;2014;270000458;270023724;EXPEQU;;1
SSR2;2014;270000458;270023724;EXPURO;1;
SSR2;2014;270000458;270023724;IDRACH;;1
SSR2;2014;270000458;270023724;ISOCIN;;1
SSR2;2014;270000458;270023724;LABMAR;;1
SSR2;2014;270000458;270023724;PISCIN;;1
SSR2;2014;270000458;270023724;SALINT;1;
SSR2;2014;270000458;270023724;SIMESP;;1
SSR2;2014;270000458;270023724;STICON;;1
SSR2;2014;270000458;270023724;VEHADP;;1
SSR2;2014;270000896;930019484;APTAUT;1;
SSR2;2014;270000896;930019484;PISCIN;1;
SSR2;2014;270000912;750814030;APTAUT;1;
SSR2;2014;270000912;750814030;EXPURO;1;
SSR2;2014;270000912;750814030;IDRACH;1;
SSR2;2014;270000912;750814030;ISOCIN;1;
SSR2;2014;270000912;750814030;PISCIN;1;
SSR2;2014;270000912;750814030;SIMESP;1;
SSR2;2014;270000912;750814030;STICON;1;
SSR2;2014;270003924;760024042;APTAUT;;1
SSR2;2014;270003924;760024042;ASSMAR;;1
SSR2;2014;270003924;760024042;ASSMEM;;1
SSR2;2014;270003924;760024042;EXPEQU;;1
SSR2;2014;270003924;760024042;EXPURO;;1
SSR2;2014;270003924;760024042;IDRACH;;1
SSR2;2014;270003924;760024042;ISOCIN;;1
SSR2;2014;270003924;760024042;LABMAR;;1
SSR2;2014;270003924;760024042;PISCIN;;1
SSR2;2014;270003924;760024042;SALINT;1;
SSR2;2014;270003924;760024042;SIMESP;;1
SSR2;2014;270003924;760024042;STICON;;1
SSR2;2014;270003924;760024042;VEHADP;;1
SSR2;2014;280000084;280000183;EXPEQU;1;
SSR2;2014;280000084;280000183;EXPURO;1;
SSR2;2014;280000084;280000183;ISOCIN;1;
SSR2;2014;280000084;280000183;PISCIN;1;
SSR2;2014;280000084;280000183;SIMESP;1;
SSR2;2014;280000266;450018106;LABMAR;;1
SSR2;2014;280000266;450018106;PISCIN;1;
SSR2;2014;280000266;450018106;SIMESP;1;
SSR2;2014;280000662;280500075;EXPEQU;1;
SSR2;2014;280505223;280001132;APTAUT;;1
SSR2;2014;280505223;280001132;ASSMAR;;1
SSR2;2014;280505223;280001132;ASSMEM;;1
SSR2;2014;280505223;280001132;EXPEQU;;1
SSR2;2014;280505223;280001132;EXPURO;;1
SSR2;2014;280505223;280001132;IDRACH;;1
SSR2;2014;280505223;280001132;ISOCIN;;1
SSR2;2014;280505223;280001132;LABMAR;;1
SSR2;2014;280505223;280001132;PISCIN;;1
SSR2;2014;280505223;280001132;SALINT;;1
SSR2;2014;280505223;280001132;SIMESP;1;
SSR2;2014;280505223;280001132;STICON;;1
SSR2;2014;280505223;280001132;VEHADP;;1
SSR2;2014;280505264;280006370;IDRACH;1;
SSR2;2014;290000033;290021542;EXPEQU;1;
SSR2;2014;290000033;290021542;SALINT;1;
SSR2;2014;290000033;290021542;SIMESP;1;
SSR2;2014;290000058;290000017;ASSMEM;1;
SSR2;2014;290000058;290000017;EXPEQU;1;
SSR2;2014;290000058;290000017;EXPURO;1;
SSR2;2014;290000058;290000017;ISOCIN;1;
SSR2;2014;290000058;290000017;LABMAR;1;
SSR2;2014;290000058;290000017;PISCIN;1;
SSR2;2014;290000066;290020700;APTAUT;1;
SSR2;2014;290000066;290020700;ASSMEM;;1
SSR2;2014;290000066;290020700;EXPEQU;1;
SSR2;2014;290000066;290020700;EXPURO;;1
SSR2;2014;290000066;290020700;ISOCIN;1;
SSR2;2014;290000066;290020700;LABMAR;;1
SSR2;2014;290000066;290020700;PISCIN;1;
SSR2;2014;290000066;290020700;STICON;;1
SSR2;2014;290000173;290000041;APTAUT;;1
SSR2;2014;290000173;290000041;ASSMAR;;1
SSR2;2014;290000173;290000041;ASSMEM;;1
SSR2;2014;290000173;290000041;EXPEQU;;1
SSR2;2014;290000173;290000041;EXPURO;;1
SSR2;2014;290000173;290000041;IDRACH;;1
SSR2;2014;290000173;290000041;ISOCIN;;1
SSR2;2014;290000173;290000041;LABMAR;;1
SSR2;2014;290000173;290000041;PISCIN;;1
SSR2;2014;290000173;290000041;SALINT;;1
SSR2;2014;290000173;290000041;SIMESP;;1
SSR2;2014;290000173;290000041;STICON;;1
SSR2;2014;290000173;290000041;VEHADP;;1
SSR2;2014;290000371;750043994;SIMESP;1;
SSR2;2014;290000389;290000116;APTAUT;;1
SSR2;2014;290000389;290000116;ASSMAR;;1
SSR2;2014;290000389;290000116;ASSMEM;;1
SSR2;2014;290000389;290000116;EXPEQU;;1
SSR2;2014;290000389;290000116;EXPURO;;1
SSR2;2014;290000389;290000116;IDRACH;;1
SSR2;2014;290000389;290000116;ISOCIN;;1
SSR2;2014;290000389;290000116;LABMAR;;1
SSR2;2014;290000389;290000116;PISCIN;;1
SSR2;2014;290000389;290000116;SALINT;;1
SSR2;2014;290000389;290000116;SIMESP;;1
SSR2;2014;290000389;290000116;STICON;;1
SSR2;2014;290000389;290000116;VEHADP;;1
SSR2;2014;290000553;290021542;EXPEQU;;1
SSR2;2014;290000553;290021542;SALINT;;1
SSR2;2014;290000553;290021542;SIMESP;;1
SSR2;2014;290000728;750821092;ISOCIN;1;
SSR2;2014;290000728;750821092;PISCIN;1;
SSR2;2014;290000785;220020739;EXPURO;1;
SSR2;2014;290000785;220020739;SALINT;1;
SSR2;2014;290000793;290000546;APTAUT;;1
SSR2;2014;290000793;290000546;ASSMAR;;1
SSR2;2014;290000793;290000546;ASSMEM;;1
SSR2;2014;290000793;290000546;EXPEQU;;1
SSR2;2014;290000793;290000546;EXPURO;;1
SSR2;2014;290000793;290000546;IDRACH;;1
SSR2;2014;290000793;290000546;ISOCIN;;1
SSR2;2014;290000793;290000546;LABMAR;;1
SSR2;2014;290000793;290000546;PISCIN;;1
SSR2;2014;290000793;290000546;SALINT;;1
SSR2;2014;290000793;290000546;SIMESP;;1
SSR2;2014;290000793;290000546;STICON;;1
SSR2;2014;290000793;290000546;VEHADP;;1
SSR2;2014;290000819;290001023;APTAUT;;1
SSR2;2014;290000819;290001023;ASSMAR;;1
SSR2;2014;290000819;290001023;ASSMEM;;1
SSR2;2014;290000819;290001023;EXPEQU;1;
SSR2;2014;290000819;290001023;EXPURO;;1
SSR2;2014;290000819;290001023;IDRACH;;1
SSR2;2014;290000819;290001023;ISOCIN;1;
SSR2;2014;290000819;290001023;LABMAR;1;
SSR2;2014;290000819;290001023;PISCIN;1;
SSR2;2014;290000819;290001023;SALINT;;1
SSR2;2014;290000819;290001023;SIMESP;;1
SSR2;2014;290000819;290001023;STICON;;1
SSR2;2014;290000819;290001023;VEHADP;;1
SSR2;2014;290000827;290000546;APTAUT;;1
SSR2;2014;290000827;290000546;ASSMAR;;1
SSR2;2014;290000827;290000546;ASSMEM;;1
SSR2;2014;290000827;290000546;EXPEQU;;1
SSR2;2014;290000827;290000546;EXPURO;;1
SSR2;2014;290000827;290000546;IDRACH;;1
SSR2;2014;290000827;290000546;ISOCIN;;1
SSR2;2014;290000827;290000546;LABMAR;;1
SSR2;2014;290000827;290000546;PISCIN;;1
SSR2;2014;290000827;290000546;SALINT;;1
SSR2;2014;290000827;290000546;SIMESP;;1
SSR2;2014;290000827;290000546;STICON;;1
SSR2;2014;290000827;290000546;VEHADP;;1
SSR2;2014;290000934;290000306;APTAUT;;1
SSR2;2014;290000934;290000306;ASSMAR;;1
SSR2;2014;290000934;290000306;ASSMEM;;1
SSR2;2014;290000934;290000306;EXPEQU;;1
SSR2;2014;290000934;290000306;EXPURO;;1
SSR2;2014;290000934;290000306;IDRACH;;1
SSR2;2014;290000934;290000306;ISOCIN;;1
SSR2;2014;290000934;290000306;LABMAR;;1
SSR2;2014;290000934;290000306;PISCIN;;1
SSR2;2014;290000934;290000306;SALINT;;1
SSR2;2014;290000934;290000306;SIMESP;;1
SSR2;2014;290000934;290000306;STICON;;1
SSR2;2014;290000934;290000306;VEHADP;;1
SSR2;2014;290000975;290000546;APTAUT;;1
SSR2;2014;290000975;290000546;ASSMAR;;1
SSR2;2014;290000975;290000546;ASSMEM;;1
SSR2;2014;290000975;290000546;EXPEQU;;1
SSR2;2014;290000975;290000546;EXPURO;1;
SSR2;2014;290000975;290000546;IDRACH;;1
SSR2;2014;290000975;290000546;ISOCIN;1;
SSR2;2014;290000975;290000546;LABMAR;;1
SSR2;2014;290000975;290000546;PISCIN;1;
SSR2;2014;290000975;290000546;SALINT;;1
SSR2;2014;290000975;290000546;SIMESP;1;
SSR2;2014;290000975;290000546;STICON;;1
SSR2;2014;290000975;290000546;VEHADP;;1
SSR2;2014;290000983;290000546;APTAUT;;1
SSR2;2014;290000983;290000546;ASSMAR;;1
SSR2;2014;290000983;290000546;ASSMEM;;1
SSR2;2014;290000983;290000546;EXPEQU;;1
SSR2;2014;290000983;290000546;EXPURO;;1
SSR2;2014;290000983;290000546;IDRACH;;1
SSR2;2014;290000983;290000546;ISOCIN;;1
SSR2;2014;290000983;290000546;LABMAR;;1
SSR2;2014;290000983;290000546;PISCIN;;1
SSR2;2014;290000983;290000546;SALINT;;1
SSR2;2014;290000983;290000546;SIMESP;;1
SSR2;2014;290000983;290000546;STICON;;1
SSR2;2014;290000983;290000546;VEHADP;;1
SSR2;2014;290003953;750043994;APTAUT;1;
SSR2;2014;290003953;750043994;EXPEQU;1;
SSR2;2014;290003953;750043994;ISOCIN;1;
SSR2;2014;290003953;750043994;LABMAR;1;
SSR2;2014;290003953;750043994;PISCIN;1;
SSR2;2014;290004365;290000017;ASSMEM;;1
SSR2;2014;290004365;290000017;EXPEQU;;1
SSR2;2014;290004365;290000017;EXPURO;;1
SSR2;2014;290004365;290000017;ISOCIN;;1
SSR2;2014;290004365;290000017;LABMAR;;1
SSR2;2014;290004365;290000017;PISCIN;;1
SSR2;2014;290005826;290020700;APTAUT;1;
SSR2;2014;290005826;290020700;EXPEQU;1;
SSR2;2014;290005826;290020700;EXPURO;1;
SSR2;2014;290005826;290020700;ISOCIN;;1
SSR2;2014;290005826;290020700;LABMAR;;1
SSR2;2014;290005826;290020700;PISCIN;1;
SSR2;2014;290005826;290020700;STICON;;1
SSR2;2014;290034610;290000306;APTAUT;;1
SSR2;2014;290034610;290000306;ASSMAR;;1
SSR2;2014;290034610;290000306;ASSMEM;;1
SSR2;2014;290034610;290000306;EXPEQU;;1
SSR2;2014;290034610;290000306;EXPURO;;1
SSR2;2014;290034610;290000306;IDRACH;;1
SSR2;2014;290034610;290000306;ISOCIN;;1
SSR2;2014;290034610;290000306;LABMAR;;1
SSR2;2014;290034610;290000306;PISCIN;;1
SSR2;2014;290034610;290000306;SALINT;;1
SSR2;2014;290034610;290000306;SIMESP;;1
SSR2;2014;290034610;290000306;STICON;;1
SSR2;2014;290034610;290000306;VEHADP;;1
SSR2;2014;2A0000030;2A0000048;APTAUT;1;
SSR2;2014;2A0000030;2A0000048;EXPEQU;1;
SSR2;2014;2A0000030;2A0000048;EXPURO;;1
SSR2;2014;2A0000030;2A0000048;ISOCIN;1;
SSR2;2014;2A0000030;2A0000048;LABMAR;;1
SSR2;2014;2A0000030;2A0000048;PISCIN;1;
SSR2;2014;2A0000030;2A0000048;SIMESP;1;
SSR2;2014;2A0000030;2A0000048;STICON;;1
SSR2;2014;2A0000261;2A0000279;ISOCIN;1;
SSR2;2014;2A0002051;2A0000303;EXPURO;;1
SSR2;2014;2A0002051;2A0000303;ISOCIN;1;
SSR2;2014;2A0002051;2A0000303;PISCIN;1;
SSR2;2014;2B0000012;2B0000020;APTAUT;;1
SSR2;2014;2B0000012;2B0000020;ASSMAR;;1
SSR2;2014;2B0000012;2B0000020;ASSMEM;;1
SSR2;2014;2B0000012;2B0000020;EXPEQU;1;
SSR2;2014;2B0000012;2B0000020;EXPURO;;1
SSR2;2014;2B0000012;2B0000020;IDRACH;;1
SSR2;2014;2B0000012;2B0000020;ISOCIN;1;
SSR2;2014;2B0000012;2B0000020;LABMAR;;1
SSR2;2014;2B0000012;2B0000020;PISCIN;1;
SSR2;2014;2B0000012;2B0000020;SALINT;;1
SSR2;2014;2B0000012;2B0000020;SIMESP;1;
SSR2;2014;2B0000012;2B0000020;STICON;;1
SSR2;2014;2B0000012;2B0000020;VEHADP;;1
SSR2;2014;300000023;300780046;EXPEQU;1;
SSR2;2014;300000023;300780046;EXPURO;1;
SSR2;2014;300000056;300780079;EXPEQU;1;
SSR2;2014;300000056;300780079;PISCIN;1;
SSR2;2014;300000064;300780087;PISCIN;1;
SSR2;2014;300002169;780020715;SIMESP;1;
SSR2;2014;300014040;300014024;PISCIN;1;
SSR2;2014;300780285;300000726;ISOCIN;;1
SSR2;2014;300780285;300000726;LABMAR;;1
SSR2;2014;300780285;300000726;PISCIN;1;
SSR2;2014;300780285;300000726;SIMESP;1;
SSR2;2014;300780491;340016963;PISCIN;1;
SSR2;2014;300782117;300780038;APTAUT;1;
SSR2;2014;300782117;300780038;ASSMAR;;1
SSR2;2014;300782117;300780038;ASSMEM;;1
SSR2;2014;300782117;300780038;EXPEQU;1;
SSR2;2014;300782117;300780038;EXPURO;1;
SSR2;2014;300782117;300780038;IDRACH;1;
SSR2;2014;300782117;300780038;ISOCIN;1;
SSR2;2014;300782117;300780038;LABMAR;1;
SSR2;2014;300782117;300780038;PISCIN;1;
SSR2;2014;300782117;300780038;SALINT;;1
SSR2;2014;300782117;300780038;SIMESP;1;
SSR2;2014;300782117;300780038;STICON;;1
SSR2;2014;300782141;300780038;APTAUT;1;
SSR2;2014;300782141;300780038;ASSMAR;1;
SSR2;2014;300782141;300780038;ASSMEM;1;
SSR2;2014;300782141;300780038;EXPEQU;1;
SSR2;2014;300782141;300780038;EXPURO;;1
SSR2;2014;300782141;300780038;IDRACH;;1
SSR2;2014;300782141;300780038;ISOCIN;1;
SSR2;2014;300782141;300780038;LABMAR;1;
SSR2;2014;300782141;300780038;PISCIN;1;
SSR2;2014;300782141;300780038;SALINT;1;
SSR2;2014;300782141;300780038;SIMESP;1;
SSR2;2014;300782141;300780038;STICON;1;
SSR2;2014;310013628;310786256;APTAUT;;1
SSR2;2014;310013628;310786256;ASSMAR;;1
SSR2;2014;310013628;310786256;ASSMEM;;1
SSR2;2014;310013628;310786256;EXPEQU;;1
SSR2;2014;310013628;310786256;EXPURO;;1
SSR2;2014;310013628;310786256;IDRACH;;1
SSR2;2014;310013628;310786256;ISOCIN;;1
SSR2;2014;310013628;310786256;LABMAR;;1
SSR2;2014;310013628;310786256;PISCIN;;1
SSR2;2014;310013628;310786256;SALINT;;1
SSR2;2014;310013628;310786256;SIMESP;;1
SSR2;2014;310013628;310786256;STICON;;1
SSR2;2014;310013628;310786256;VEHADP;;1
SSR2;2014;310014329;310781562;SIMESP;1;
SSR2;2014;310020938;920000395;PISCIN;1;
SSR2;2014;310021571;310021563;EXPEQU;;1
SSR2;2014;310021571;310021563;ISOCIN;;1
SSR2;2014;310021571;310021563;LABMAR;;1
SSR2;2014;310021571;310021563;PISCIN;;1
SSR2;2014;310022298;310781406;EXPEQU;1;
SSR2;2014;310022298;310781406;IDRACH;1;
SSR2;2014;310022298;310781406;SALINT;1;
SSR2;2014;310022298;310781406;SIMESP;1;
SSR2;2014;310780234;310000591;APTAUT;;1
SSR2;2014;310780234;310000591;ASSMAR;;1
SSR2;2014;310780234;310000591;ASSMEM;;1
SSR2;2014;310780234;310000591;EXPEQU;;1
SSR2;2014;310780234;310000591;EXPURO;;1
SSR2;2014;310780234;310000591;IDRACH;;1
SSR2;2014;310780234;310000591;ISOCIN;1;
SSR2;2014;310780234;310000591;LABMAR;;1
SSR2;2014;310780234;310000591;PISCIN;1;
SSR2;2014;310780234;310000591;SALINT;;1
SSR2;2014;310780234;310000591;SIMESP;;1
SSR2;2014;310780234;310000591;STICON;;1
SSR2;2014;310780234;310000591;VEHADP;;1
SSR2;2014;310780374;310000161;SIMESP;1;
SSR2;2014;310781125;310000419;PISCIN;1;
SSR2;2014;310781422;310781562;PISCIN;1;
SSR2;2014;310781422;310781562;SIMESP;1;
SSR2;2014;310781984;310014378;APTAUT;;1
SSR2;2014;310781984;310014378;ASSMAR;;1
SSR2;2014;310781984;310014378;ASSMEM;;1
SSR2;2014;310781984;310014378;EXPEQU;;1
SSR2;2014;310781984;310014378;EXPURO;1;
SSR2;2014;310781984;310014378;ISOCIN;1;
SSR2;2014;310781984;310014378;LABMAR;;1
SSR2;2014;310781984;310014378;PISCIN;1;
SSR2;2014;310781984;310014378;SALINT;1;
SSR2;2014;310781984;310014378;SIMESP;1;
SSR2;2014;310781984;310014378;STICON;;1
SSR2;2014;310781984;310014378;VEHADP;1;
SSR2;2014;310782339;310781406;APTAUT;;1
SSR2;2014;310782339;310781406;EXPEQU;1;
SSR2;2014;310782339;310781406;EXPURO;;1
SSR2;2014;310782339;310781406;ISOCIN;;1
SSR2;2014;310782339;310781406;LABMAR;;1
SSR2;2014;310782339;310781406;PISCIN;1;
SSR2;2014;310783055;310781406;ASSMEM;1;
SSR2;2014;310783055;310781406;EXPEQU;1;
SSR2;2014;310783055;310781406;EXPURO;1;
SSR2;2014;310783055;310781406;ISOCIN;1;
SSR2;2014;310783055;310781406;LABMAR;1;
SSR2;2014;310783055;310781406;SALINT;1;
SSR2;2014;310783055;310781406;SIMESP;1;
SSR2;2014;310784558;310180013;EXPURO;;1
SSR2;2014;310784558;310180013;LABMAR;;1
SSR2;2014;310784558;310180013;PISCIN;1;
SSR2;2014;310784558;310180013;SIMESP;1;
SSR2;2014;310784830;310788880;ISOCIN;1;
SSR2;2014;310784830;310788880;LABMAR;1;
SSR2;2014;310784830;310788880;PISCIN;1;
SSR2;2014;310784830;310788880;SIMESP;1;
SSR2;2014;310786389;310001433;PISCIN;1;
SSR2;2014;310786389;310001433;SIMESP;1;
SSR2;2014;310787304;310781406;EXPEQU;1;
SSR2;2014;310790472;310790464;PISCIN;1;
SSR2;2014;310792635;310002191;PISCIN;;1
SSR2;2014;310793617;310000039;EXPURO;1;
SSR2;2014;310793617;310000039;PISCIN;1;
SSR2;2014;310793617;310000039;SALINT;1;
SSR2;2014;320000086;320780117;ASSMAR;;1
SSR2;2014;320000086;320780117;ASSMEM;;1
SSR2;2014;320000086;320780117;EXPEQU;;1
SSR2;2014;320000086;320780117;EXPURO;;1
SSR2;2014;320000086;320780117;IDRACH;;1
SSR2;2014;320000086;320780117;ISOCIN;1;
SSR2;2014;320000086;320780117;LABMAR;;1
SSR2;2014;320000086;320780117;PISCIN;1;
SSR2;2014;320000086;320780117;SALINT;;1
SSR2;2014;320000086;320780117;SIMESP;;1
SSR2;2014;320000086;320780117;STICON;;1
SSR2;2014;320000086;320780117;VEHADP;;1
SSR2;2014;320000102;320780133;APTAUT;;1
SSR2;2014;320000102;320780133;ASSMAR;;1
SSR2;2014;320000102;320780133;ASSMEM;;1
SSR2;2014;320000102;320780133;EXPEQU;;1
SSR2;2014;320000102;320780133;EXPURO;;1
SSR2;2014;320000102;320780133;IDRACH;;1
SSR2;2014;320000102;320780133;ISOCIN;;1
SSR2;2014;320000102;320780133;LABMAR;;1
SSR2;2014;320000102;320780133;PISCIN;;1
SSR2;2014;320000102;320780133;SALINT;;1
SSR2;2014;320000102;320780133;SIMESP;;1
SSR2;2014;320000102;320780133;STICON;;1
SSR2;2014;320000102;320780133;VEHADP;;1
SSR2;2014;320000144;320780174;APTAUT;;1
SSR2;2014;320000144;320780174;ASSMAR;;1
SSR2;2014;320000144;320780174;ASSMEM;;1
SSR2;2014;320000144;320780174;EXPEQU;;1
SSR2;2014;320000144;320780174;EXPURO;;1
SSR2;2014;320000144;320780174;IDRACH;;1
SSR2;2014;320000144;320780174;ISOCIN;;1
SSR2;2014;320000144;320780174;LABMAR;;1
SSR2;2014;320000144;320780174;PISCIN;;1
SSR2;2014;320000144;320780174;SALINT;;1
SSR2;2014;320000144;320780174;SIMESP;;1
SSR2;2014;320000144;320780174;STICON;;1
SSR2;2014;320000144;320780174;VEHADP;;1
SSR2;2014;320780323;750810590;EXPURO;;1
SSR2;2014;320780323;750810590;LABMAR;;1
SSR2;2014;320780323;750810590;PISCIN;1;
SSR2;2014;320780323;750810590;SALINT;1;
SSR2;2014;320780323;750810590;SIMESP;1;
SSR2;2014;320784333;320000565;APTAUT;1;
SSR2;2014;320784333;320000565;EXPEQU;1;
SSR2;2014;320784333;320000565;EXPURO;1;
SSR2;2014;320784333;320000565;ISOCIN;1;
SSR2;2014;320784333;320000565;LABMAR;;1
SSR2;2014;320784333;320000565;PISCIN;1;
SSR2;2014;320784333;320000565;SIMESP;1;
SSR2;2014;330000555;330781204;ASSMEM;;1
SSR2;2014;330000555;330781204;EXPEQU;;1
SSR2;2014;330000555;330781204;EXPURO;;1
SSR2;2014;330000555;330781204;IDRACH;;1
SSR2;2014;330000555;330781204;LABMAR;;1
SSR2;2014;330000555;330781204;PISCIN;1;
SSR2;2014;330000555;330781204;SALINT;1;
SSR2;2014;330000605;330781253;ASSMAR;1;
SSR2;2014;330000605;330781253;EXPEQU;1;
SSR2;2014;330000605;330781253;EXPURO;1;
SSR2;2014;330000605;330781253;LABMAR;1;
SSR2;2014;330000605;330781253;PISCIN;1;
SSR2;2014;330000605;330781253;SIMESP;1;
SSR2;2014;330000613;330781261;APTAUT;;1
SSR2;2014;330000613;330781261;ASSMAR;;1
SSR2;2014;330000613;330781261;ASSMEM;;1
SSR2;2014;330000613;330781261;EXPEQU;;1
SSR2;2014;330000613;330781261;EXPURO;;1
SSR2;2014;330000613;330781261;IDRACH;;1
SSR2;2014;330000613;330781261;ISOCIN;1;
SSR2;2014;330000613;330781261;LABMAR;;1
SSR2;2014;330000613;330781261;PISCIN;;1
SSR2;2014;330000613;330781261;SALINT;;1
SSR2;2014;330000613;330781261;SIMESP;;1
SSR2;2014;330000613;330781261;STICON;;1
SSR2;2014;330000613;330781261;VEHADP;;1
SSR2;2014;330780370;750034589;APTAUT;;1
SSR2;2014;330780370;750034589;ASSMAR;;1
SSR2;2014;330780370;750034589;ASSMEM;;1
SSR2;2014;330780370;750034589;EXPEQU;;1
SSR2;2014;330780370;750034589;EXPURO;;1
SSR2;2014;330780370;750034589;IDRACH;;1
SSR2;2014;330780370;750034589;ISOCIN;;1
SSR2;2014;330780370;750034589;LABMAR;;1
SSR2;2014;330780370;750034589;PISCIN;1;
SSR2;2014;330780370;750034589;SALINT;;1
SSR2;2014;330780370;750034589;SIMESP;1;
SSR2;2014;330780370;750034589;STICON;;1
SSR2;2014;330780370;750034589;VEHADP;;1
SSR2;2014;330780495;330796392;APTAUT;;1
SSR2;2014;330780495;330796392;ASSMAR;;1
SSR2;2014;330780495;330796392;ASSMEM;;1
SSR2;2014;330780495;330796392;EXPEQU;;1
SSR2;2014;330780495;330796392;EXPURO;;1
SSR2;2014;330780495;330796392;IDRACH;;1
SSR2;2014;330780495;330796392;ISOCIN;;1
SSR2;2014;330780495;330796392;LABMAR;;1
SSR2;2014;330780495;330796392;PISCIN;;1
SSR2;2014;330780495;330796392;SALINT;;1
SSR2;2014;330780495;330796392;SIMESP;;1
SSR2;2014;330780495;330796392;STICON;;1
SSR2;2014;330780495;330796392;VEHADP;;1
SSR2;2014;330780529;330796392;APTAUT;;1
SSR2;2014;330780529;330796392;ASSMAR;;1
SSR2;2014;330780529;330796392;ASSMEM;;1
SSR2;2014;330780529;330796392;EXPEQU;;1
SSR2;2014;330780529;330796392;EXPURO;;1
SSR2;2014;330780529;330796392;IDRACH;;1
SSR2;2014;330780529;330796392;ISOCIN;;1
SSR2;2014;330780529;330796392;LABMAR;;1
SSR2;2014;330780529;330796392;PISCIN;;1
SSR2;2014;330780529;330796392;SALINT;;1
SSR2;2014;330780529;330796392;SIMESP;;1
SSR2;2014;330780529;330796392;STICON;;1
SSR2;2014;330780529;330796392;VEHADP;;1
SSR2;2014;330781121;930019484;APTAUT;1;
SSR2;2014;330781121;930019484;PISCIN;1;
SSR2;2014;330781121;930019484;SIMESP;1;
SSR2;2014;330781139;330056540;APTAUT;1;
SSR2;2014;330781139;330056540;EXPEQU;1;
SSR2;2014;330781139;330056540;EXPURO;1;
SSR2;2014;330781139;330056540;ISOCIN;1;
SSR2;2014;330781139;330056540;PISCIN;1;
SSR2;2014;330781139;330056540;SALINT;1;
SSR2;2014;330781139;330056540;SIMESP;1;
SSR2;2014;330781139;330056540;VEHADP;1;
SSR2;2014;330781303;750821092;ISOCIN;1;
SSR2;2014;330781303;750821092;PISCIN;1;
SSR2;2014;330781337;330781196;EXPEQU;1;
SSR2;2014;330781337;330781196;LABMAR;1;
SSR2;2014;330781337;330781196;PISCIN;1;
SSR2;2014;330781337;330781196;SALINT;1;
SSR2;2014;330781337;330781196;SIMESP;1;
SSR2;2014;330781360;330781196;ASSMEM;1;
SSR2;2014;330781360;330781196;EXPEQU;1;
SSR2;2014;330781360;330781196;EXPURO;1;
SSR2;2014;330781360;330781196;ISOCIN;1;
SSR2;2014;330781360;330781196;LABMAR;1;
SSR2;2014;330781360;330781196;PISCIN;1;
SSR2;2014;330781360;330781196;VEHADP;1;
SSR2;2014;330781402;330000670;EXPEQU;1;
SSR2;2014;330781402;330000670;SALINT;1;
SSR2;2014;340000025;340780048;IDRACH;1;
SSR2;2014;340000025;340780048;LABMAR;1;
SSR2;2014;340000025;340780048;PISCIN;1;
SSR2;2014;340000025;340780048;SIMESP;1;
SSR2;2014;340000439;340780881;EXPEQU;1;
SSR2;2014;340000439;340780881;ISOCIN;1;
SSR2;2014;340000439;340780881;LABMAR;1;
SSR2;2014;340000439;340780881;PISCIN;1;
SSR2;2014;340001064;340013028;APTAUT;1;
SSR2;2014;340001064;340013028;EXPEQU;1;
SSR2;2014;340001064;340013028;EXPURO;1;
SSR2;2014;340001064;340013028;PISCIN;1;
SSR2;2014;340001064;340013028;VEHADP;1;
SSR2;2014;340008275;340780477;SIMESP;1;
SSR2;2014;340008275;340780477;VEHADP;1;
SSR2;2014;340009018;340008978;EXPURO;;1
SSR2;2014;340009018;340008978;IDRACH;;1
SSR2;2014;340009018;340008978;PISCIN;;1
SSR2;2014;340009018;340008978;SALINT;;1
SSR2;2014;340009018;340008978;SIMESP;;1
SSR2;2014;340019090;340019082;APTAUT;1;
SSR2;2014;340019090;340019082;EXPEQU;1;
SSR2;2014;340019090;340019082;EXPURO;;1
SSR2;2014;340019090;340019082;ISOCIN;;1
SSR2;2014;340019090;340019082;LABMAR;1;
SSR2;2014;340019090;340019082;PISCIN;1;
SSR2;2014;340780196;340798123;EXPEQU;1;
SSR2;2014;340780196;340798123;LABMAR;1;
SSR2;2014;340780196;340798123;PISCIN;1;
SSR2;2014;340780212;340796069;EXPEQU;1;
SSR2;2014;340780212;340796069;IDRACH;1;
SSR2;2014;340780212;340796069;ISOCIN;;1
SSR2;2014;340780212;340796069;LABMAR;1;
SSR2;2014;340780212;340796069;PISCIN;1;
SSR2;2014;340780212;340796069;SALINT;1;
SSR2;2014;340780212;340796069;SIMESP;1;
SSR2;2014;340780220;340796358;APTAUT;1;
SSR2;2014;340780220;340796358;EXPEQU;1;
SSR2;2014;340780220;340796358;EXPURO;;1
SSR2;2014;340780220;340796358;ISOCIN;1;
SSR2;2014;340780220;340796358;LABMAR;1;
SSR2;2014;340780220;340796358;PISCIN;1;
SSR2;2014;340780220;340796358;SIMESP;1;
SSR2;2014;340780568;340000256;LABMAR;1;
SSR2;2014;340780857;340000421;LABMAR;1;
SSR2;2014;340780857;340000421;PISCIN;1;
SSR2;2014;340781608;340015171;APTAUT;1;
SSR2;2014;340781608;340015171;EXPURO;;1
SSR2;2014;340781608;340015171;SALINT;;1
SSR2;2014;340782002;340000629;APTAUT;;1
SSR2;2014;340782002;340000629;ASSMAR;;1
SSR2;2014;340782002;340000629;ASSMEM;;1
SSR2;2014;340782002;340000629;EXPEQU;;1
SSR2;2014;340782002;340000629;EXPURO;;1
SSR2;2014;340782002;340000629;IDRACH;;1
SSR2;2014;340782002;340000629;ISOCIN;;1
SSR2;2014;340782002;340000629;LABMAR;;1
SSR2;2014;340782002;340000629;PISCIN;;1
SSR2;2014;340782002;340000629;SALINT;;1
SSR2;2014;340782002;340000629;SIMESP;;1
SSR2;2014;340782002;340000629;STICON;;1
SSR2;2014;340782002;340000629;VEHADP;1;
SSR2;2014;340782481;340780477;VEHADP;1;
SSR2;2014;340785161;340780477;ASSMAR;1;
SSR2;2014;340785161;340780477;EXPEQU;1;
SSR2;2014;340785161;340780477;EXPURO;1;
SSR2;2014;340785161;340780477;ISOCIN;1;
SSR2;2014;340785161;340780477;LABMAR;1;
SSR2;2014;340785161;340780477;PISCIN;1;
SSR2;2014;340785161;340780477;SALINT;1;
SSR2;2014;340789981;340001866;APTAUT;1;
SSR2;2014;340789981;340001866;EXPEQU;1;
SSR2;2014;340789981;340001866;LABMAR;;1
SSR2;2014;340789981;340001866;PISCIN;1;
SSR2;2014;340789981;340001866;SIMESP;1;
SSR2;2014;340796093;340796069;EXPEQU;1;
SSR2;2014;340796093;340796069;ISOCIN;1;
SSR2;2014;340796093;340796069;LABMAR;1;
SSR2;2014;340796093;340796069;PISCIN;1;
SSR2;2014;350000014;350005179;APTAUT;1;
SSR2;2014;350000014;350005179;ASSMAR;1;
SSR2;2014;350000014;350005179;ASSMEM;;1
SSR2;2014;350000014;350005179;EXPEQU;1;
SSR2;2014;350000014;350005179;EXPURO;1;
SSR2;2014;350000014;350005179;IDRACH;1;
SSR2;2014;350000014;350005179;ISOCIN;1;
SSR2;2014;350000014;350005179;LABMAR;;1
SSR2;2014;350000014;350005179;PISCIN;1;
SSR2;2014;350000014;350005179;SALINT;1;
SSR2;2014;350000014;350005179;SIMESP;1;
SSR2;2014;350000014;350005179;STICON;;1
SSR2;2014;350000014;350005179;VEHADP;;1
SSR2;2014;350000071;750000218;PISCIN;;1
SSR2;2014;350000147;350000022;ASSMEM;1;
SSR2;2014;350000147;350000022;EXPEQU;1;
SSR2;2014;350000147;350000022;LABMAR;1;
SSR2;2014;350000147;350000022;PISCIN;1;
SSR2;2014;350000147;350000022;STICON;;1
SSR2;2014;350000154;350000030;PISCIN;1;
SSR2;2014;350000162;350000048;PISCIN;1;
SSR2;2014;350000162;350000048;STICON;1;
SSR2;2014;350000436;350002317;APTAUT;;1
SSR2;2014;350000436;350002317;ASSMAR;;1
SSR2;2014;350000436;350002317;ASSMEM;;1
SSR2;2014;350000436;350002317;EXPEQU;;1
SSR2;2014;350000436;350002317;EXPURO;;1
SSR2;2014;350000436;350002317;IDRACH;;1
SSR2;2014;350000436;350002317;ISOCIN;;1
SSR2;2014;350000436;350002317;LABMAR;;1
SSR2;2014;350000436;350002317;PISCIN;1;
SSR2;2014;350000436;350002317;SALINT;;1
SSR2;2014;350000436;350002317;SIMESP;;1
SSR2;2014;350000436;350002317;STICON;;1
SSR2;2014;350000436;350002317;VEHADP;;1
SSR2;2014;350000444;350048518;PISCIN;1;
SSR2;2014;350000451;350002333;APTAUT;;1
SSR2;2014;350000451;350002333;ASSMAR;;1
SSR2;2014;350000451;350002333;ASSMEM;;1
SSR2;2014;350000451;350002333;EXPEQU;;1
SSR2;2014;350000451;350002333;EXPURO;1;
SSR2;2014;350000451;350002333;IDRACH;;1
SSR2;2014;350000451;350002333;ISOCIN;;1
SSR2;2014;350000451;350002333;LABMAR;;1
SSR2;2014;350000451;350002333;PISCIN;;1
SSR2;2014;350000451;350002333;SALINT;;1
SSR2;2014;350000451;350002333;SIMESP;;1
SSR2;2014;350000451;350002333;STICON;;1
SSR2;2014;350000451;350002333;VEHADP;;1
SSR2;2014;350000741;350005179;ASSMAR;1;
SSR2;2014;350000741;350005179;ASSMEM;1;
SSR2;2014;350000741;350005179;EXPEQU;1;
SSR2;2014;350000741;350005179;EXPURO;1;
SSR2;2014;350000741;350005179;ISOCIN;1;
SSR2;2014;350000741;350005179;LABMAR;1;
SSR2;2014;350000741;350005179;PISCIN;1;
SSR2;2014;350000741;350005179;SIMESP;1;
SSR2;2014;350000741;350005179;STICON;;1
SSR2;2014;350002234;750720575;APTAUT;1;
SSR2;2014;350002234;750720575;EXPEQU;1;
SSR2;2014;350002234;750720575;LABMAR;1;
SSR2;2014;350002234;750720575;PISCIN;1;
SSR2;2014;350002234;750720575;STICON;1;
SSR2;2014;350002564;350046199;APTAUT;1;
SSR2;2014;350002564;350046199;ASSMAR;1;
SSR2;2014;350002564;350046199;ASSMEM;1;
SSR2;2014;350002564;350046199;EXPEQU;1;
SSR2;2014;350002564;350046199;EXPURO;1;
SSR2;2014;350002564;350046199;ISOCIN;1;
SSR2;2014;350002564;350046199;LABMAR;1;
SSR2;2014;350002564;350046199;PISCIN;1;
SSR2;2014;350002564;350046199;SIMESP;1;
SSR2;2014;350002564;350046199;STICON;;1
SSR2;2014;350002564;350046199;VEHADP;;1
SSR2;2014;350005021;440042844;ASSMAR;1;
SSR2;2014;350005021;440042844;EXPEQU;1;
SSR2;2014;350005021;440042844;PISCIN;1;
SSR2;2014;350005021;440042844;SIMESP;1;
SSR2;2014;350005021;440042844;VEHADP;1;
SSR2;2014;350005278;350023586;PISCIN;1;
SSR2;2014;350007084;350005179;ASSMAR;1;
SSR2;2014;350007084;350005179;ASSMEM;1;
SSR2;2014;350007084;350005179;EXPEQU;1;
SSR2;2014;350007084;350005179;EXPURO;1;
SSR2;2014;350007084;350005179;ISOCIN;1;
SSR2;2014;350007084;350005179;LABMAR;1;
SSR2;2014;350007084;350005179;PISCIN;1;
SSR2;2014;350007084;350005179;SIMESP;1;
SSR2;2014;350007084;350005179;STICON;;1
SSR2;2014;350008579;350039673;EXPEQU;1;
SSR2;2014;350008579;350039673;IDRACH;1;
SSR2;2014;350008579;350039673;LABMAR;1;
SSR2;2014;350008579;350039673;PISCIN;;1
SSR2;2014;350008579;350039673;SIMESP;1;
SSR2;2014;360000038;360000046;EXPEQU;1;
SSR2;2014;360000038;360000046;EXPURO;1;
SSR2;2014;360000038;360000046;ISOCIN;1;
SSR2;2014;360000038;360000046;PISCIN;1;
SSR2;2014;360000038;360000046;SIMESP;1;
SSR2;2014;360003149;360000053;APTAUT;;1
SSR2;2014;360003149;360000053;ASSMAR;;1
SSR2;2014;360003149;360000053;ASSMEM;;1
SSR2;2014;360003149;360000053;EXPEQU;1;
SSR2;2014;360003149;360000053;EXPURO;;1
SSR2;2014;360003149;360000053;IDRACH;;1
SSR2;2014;360003149;360000053;ISOCIN;;1
SSR2;2014;360003149;360000053;LABMAR;;1
SSR2;2014;360003149;360000053;PISCIN;;1
SSR2;2014;360003149;360000053;SALINT;;1
SSR2;2014;360003149;360000053;SIMESP;;1
SSR2;2014;360003149;360000053;STICON;;1
SSR2;2014;360003149;360000053;VEHADP;;1
SSR2;2014;370000184;940805963;PISCIN;1;
SSR2;2014;370000218;450018106;EXPEQU;1;
SSR2;2014;370000218;450018106;EXPURO;;1
SSR2;2014;370000218;450018106;ISOCIN;1;
SSR2;2014;370000218;450018106;LABMAR;;1
SSR2;2014;370000218;450018106;PISCIN;1;
SSR2;2014;370000218;450018106;SIMESP;1;
SSR2;2014;370000218;450018106;STICON;;1
SSR2;2014;370000218;450018106;VEHADP;1;
SSR2;2014;370000374;750721334;EXPEQU;1;
SSR2;2014;370000374;750721334;EXPURO;1;
SSR2;2014;370000374;750721334;PISCIN;1;
SSR2;2014;370000374;750721334;SIMESP;1;
SSR2;2014;370000374;750721334;STICON;1;
SSR2;2014;370000580;370000564;APTAUT;1;
SSR2;2014;370000580;370000564;PISCIN;1;
SSR2;2014;370100539;370100935;PISCIN;1;
SSR2;2014;380000018;380780023;EXPEQU;1;
SSR2;2014;380000018;380780023;PISCIN;1;
SSR2;2014;380000042;380780056;PISCIN;1;
SSR2;2014;380000042;380780056;SIMESP;1;
SSR2;2014;380000067;380780080;ASSMAR;;1
SSR2;2014;380000067;380780080;EXPEQU;;1
SSR2;2014;380000067;380780080;LABMAR;;1
SSR2;2014;380000067;380780080;PISCIN;;1
SSR2;2014;380000067;380780080;SALINT;;1
SSR2;2014;380000067;380780080;SIMESP;1;
SSR2;2014;380000075;380780098;EXPEQU;1;
SSR2;2014;380000075;380780098;EXPURO;1;
SSR2;2014;380000075;380780098;PISCIN;1;
SSR2;2014;380000075;380780098;SIMESP;1;
SSR2;2014;380000091;380780171;APTAUT;;1
SSR2;2014;380000091;380780171;ASSMAR;;1
SSR2;2014;380000091;380780171;ASSMEM;;1
SSR2;2014;380000091;380780171;EXPEQU;;1
SSR2;2014;380000091;380780171;EXPURO;;1
SSR2;2014;380000091;380780171;IDRACH;;1
SSR2;2014;380000091;380780171;ISOCIN;;1
SSR2;2014;380000091;380780171;LABMAR;;1
SSR2;2014;380000091;380780171;PISCIN;;1
SSR2;2014;380000091;380780171;SALINT;;1
SSR2;2014;380000091;380780171;SIMESP;;1
SSR2;2014;380000091;380780171;STICON;;1
SSR2;2014;380000091;380780171;VEHADP;;1
SSR2;2014;380000125;380780239;SIMESP;1;
SSR2;2014;380000174;380781435;EXPURO;;1
SSR2;2014;380000174;380781435;LABMAR;;1
SSR2;2014;380000174;380781435;PISCIN;1;
SSR2;2014;380000174;380781435;SIMESP;1;
SSR2;2014;380000364;380782771;APTAUT;;1
SSR2;2014;380000364;380782771;ASSMAR;;1
SSR2;2014;380000364;380782771;ASSMEM;;1
SSR2;2014;380000364;380782771;EXPEQU;;1
SSR2;2014;380000364;380782771;EXPURO;;1
SSR2;2014;380000364;380782771;IDRACH;;1
SSR2;2014;380000364;380782771;ISOCIN;;1
SSR2;2014;380000364;380782771;LABMAR;;1
SSR2;2014;380000364;380782771;PISCIN;;1
SSR2;2014;380000364;380782771;SALINT;;1
SSR2;2014;380000364;380782771;SIMESP;;1
SSR2;2014;380000364;380782771;STICON;;1
SSR2;2014;380000364;380782771;VEHADP;;1
SSR2;2014;380005918;750056335;EXPURO;;1
SSR2;2014;380005918;750056335;LABMAR;;1
SSR2;2014;380009928;380804542;ASSMEM;1;
SSR2;2014;380009928;380804542;PISCIN;1;
SSR2;2014;380009928;380804542;SIMESP;1;
SSR2;2014;380012658;380012609;APTAUT;;1
SSR2;2014;380012658;380012609;ASSMAR;;1
SSR2;2014;380012658;380012609;ASSMEM;;1
SSR2;2014;380012658;380012609;EXPEQU;;1
SSR2;2014;380012658;380012609;EXPURO;;1
SSR2;2014;380012658;380012609;IDRACH;;1
SSR2;2014;380012658;380012609;ISOCIN;;1
SSR2;2014;380012658;380012609;LABMAR;;1
SSR2;2014;380012658;380012609;PISCIN;;1
SSR2;2014;380012658;380012609;SALINT;1;
SSR2;2014;380012658;380012609;SIMESP;1;
SSR2;2014;380012658;380012609;STICON;;1
SSR2;2014;380012658;380012609;VEHADP;;1
SSR2;2014;380017095;380017087;APTAUT;1;
SSR2;2014;380017095;380017087;EXPEQU;1;
SSR2;2014;380017095;380017087;EXPURO;;1
SSR2;2014;380017095;380017087;ISOCIN;;1
SSR2;2014;380017095;380017087;LABMAR;;1
SSR2;2014;380017095;380017087;PISCIN;1;
SSR2;2014;380017095;380017087;SALINT;;1
SSR2;2014;380017095;380017087;SIMESP;1;
SSR2;2014;380017095;380017087;VEHADP;;1
SSR2;2014;380780312;750720575;APTAUT;1;
SSR2;2014;380780312;750720575;EXPURO;1;
SSR2;2014;380780312;750720575;PISCIN;1;
SSR2;2014;380780312;750720575;SIMESP;1;
SSR2;2014;380780312;750720575;VEHADP;;1
SSR2;2014;380782722;380780080;ASSMAR;1;
SSR2;2014;380782722;380780080;EXPEQU;1;
SSR2;2014;380782722;380780080;LABMAR;1;
SSR2;2014;380782722;380780080;PISCIN;1;
SSR2;2014;380782722;380780080;SALINT;1;
SSR2;2014;380782722;380780080;SIMESP;1;
SSR2;2014;380795021;380780098;EXPEQU;1;
SSR2;2014;380795021;380780098;EXPURO;1;
SSR2;2014;380795021;380780098;PISCIN;1;
SSR2;2014;380795021;380780098;SIMESP;1;
SSR2;2014;390000040;390780146;EXPURO;1;
SSR2;2014;390000057;390780153;ISOCIN;1;
SSR2;2014;390000057;390780153;VEHADP;1;
SSR2;2014;390000073;390780179;PISCIN;1;
SSR2;2014;390000172;250006335;PISCIN;1;
SSR2;2014;390000222;390780609;ASSMAR;1;
SSR2;2014;390000222;390780609;EXPEQU;1;
SSR2;2014;390000222;390780609;PISCIN;1;
SSR2;2014;390000222;390780609;SIMESP;1;
SSR2;2014;400000261;400780458;APTAUT;;1
SSR2;2014;400000261;400780458;ASSMAR;;1
SSR2;2014;400000261;400780458;ASSMEM;;1
SSR2;2014;400000261;400780458;EXPEQU;;1
SSR2;2014;400000261;400780458;EXPURO;;1
SSR2;2014;400000261;400780458;IDRACH;;1
SSR2;2014;400000261;400780458;ISOCIN;;1
SSR2;2014;400000261;400780458;LABMAR;;1
SSR2;2014;400000261;400780458;PISCIN;;1
SSR2;2014;400000261;400780458;SALINT;;1
SSR2;2014;400000261;400780458;SIMESP;;1
SSR2;2014;400000261;400780458;STICON;;1
SSR2;2014;400000261;400780458;VEHADP;;1
SSR2;2014;400780102;400000055;ISOCIN;1;
SSR2;2014;400780102;400000055;PISCIN;1;
SSR2;2014;400780250;400011177;ASSMEM;1;
SSR2;2014;400780250;400011177;EXPEQU;1;
SSR2;2014;400780250;400011177;EXPURO;1;
SSR2;2014;400780250;400011177;IDRACH;1;
SSR2;2014;400780250;400011177;ISOCIN;1;
SSR2;2014;400780250;400011177;PISCIN;1;
SSR2;2014;400780250;400011177;SIMESP;1;
SSR2;2014;400780250;400011177;VEHADP;1;
SSR2;2014;400780425;400000246;APTAUT;;1
SSR2;2014;400780425;400000246;ASSMAR;;1
SSR2;2014;400780425;400000246;ASSMEM;;1
SSR2;2014;400780425;400000246;EXPEQU;;1
SSR2;2014;400780425;400000246;EXPURO;;1
SSR2;2014;400780425;400000246;IDRACH;;1
SSR2;2014;400780425;400000246;ISOCIN;;1
SSR2;2014;400780425;400000246;LABMAR;;1
SSR2;2014;400780425;400000246;PISCIN;;1
SSR2;2014;400780425;400000246;SALINT;;1
SSR2;2014;400780425;400000246;SIMESP;;1
SSR2;2014;400780425;400000246;STICON;;1
SSR2;2014;400780425;400000246;VEHADP;;1
SSR2;2014;400780482;310021068;APTAUT;1;
SSR2;2014;400780482;310021068;PISCIN;1;
SSR2;2014;400782769;400001764;EXPURO;1;
SSR2;2014;400782769;400001764;SALINT;1;
SSR2;2014;400782777;400780193;PISCIN;1;
SSR2;2014;400782777;400780193;SIMESP;1;
SSR2;2014;400787354;400780193;EXPEQU;1;
SSR2;2014;400791018;400790994;EXPEQU;1;
SSR2;2014;400791018;400790994;IDRACH;1;
SSR2;2014;400791018;400790994;ISOCIN;1;
SSR2;2014;400791018;400790994;LABMAR;1;
SSR2;2014;400791018;400790994;PISCIN;1;
SSR2;2014;410000020;410000087;APTAUT;1;
SSR2;2014;410000020;410000087;EXPEQU;1;
SSR2;2014;410000020;410000087;EXPURO;1;
SSR2;2014;410000020;410000087;ISOCIN;1;
SSR2;2014;410000020;410000087;PISCIN;1;
SSR2;2014;410000210;410000145;APTAUT;;1
SSR2;2014;410000210;410000145;EXPURO;;1
SSR2;2014;410000210;410000145;IDRACH;;1
SSR2;2014;410000210;410000145;LABMAR;;1
SSR2;2014;410000210;410000145;PISCIN;;1
SSR2;2014;410000210;410000145;SALINT;;1
SSR2;2014;410000210;410000145;SIMESP;;1
SSR2;2014;410000210;410000145;STICON;;1
SSR2;2014;410000210;410000145;VEHADP;;1
SSR2;2014;410000418;440052041;PISCIN;1;
SSR2;2014;410000442;750005068;ASSMEM;1;
SSR2;2014;410000442;750005068;EXPEQU;1;
SSR2;2014;410000442;750005068;LABMAR;1;
SSR2;2014;410000442;750005068;PISCIN;1;
SSR2;2014;410000442;750005068;SIMESP;1;
SSR2;2014;410004063;410000095;APTAUT;;1
SSR2;2014;410004063;410000095;ASSMAR;;1
SSR2;2014;410004063;410000095;ASSMEM;;1
SSR2;2014;410004063;410000095;EXPEQU;;1
SSR2;2014;410004063;410000095;EXPURO;;1
SSR2;2014;410004063;410000095;IDRACH;;1
SSR2;2014;410004063;410000095;ISOCIN;;1
SSR2;2014;410004063;410000095;LABMAR;;1
SSR2;2014;410004063;410000095;PISCIN;;1
SSR2;2014;410004063;410000095;SALINT;;1
SSR2;2014;410004063;410000095;SIMESP;1;
SSR2;2014;410004063;410000095;STICON;;1
SSR2;2014;410004063;410000095;VEHADP;;1
SSR2;2014;410005284;410000947;PISCIN;;1
SSR2;2014;410005391;410000905;ASSMAR;1;
SSR2;2014;410005391;410000905;EXPURO;1;
SSR2;2014;410005391;410000905;PISCIN;1;
SSR2;2014;410005391;410000905;SIMESP;1;
SSR2;2014;410005391;410000905;VEHADP;1;
SSR2;2014;420000028;420780041;EXPEQU;1;
SSR2;2014;420000028;420780041;VEHADP;1;
SSR2;2014;420000192;750034589;APTAUT;;1
SSR2;2014;420000192;750034589;ASSMAR;;1
SSR2;2014;420000192;750034589;ASSMEM;;1
SSR2;2014;420000192;750034589;EXPEQU;;1
SSR2;2014;420000192;750034589;EXPURO;;1
SSR2;2014;420000192;750034589;IDRACH;;1
SSR2;2014;420000192;750034589;ISOCIN;;1
SSR2;2014;420000192;750034589;LABMAR;;1
SSR2;2014;420000192;750034589;PISCIN;;1
SSR2;2014;420000192;750034589;SALINT;;1
SSR2;2014;420000192;750034589;SIMESP;;1
SSR2;2014;420000192;750034589;STICON;;1
SSR2;2014;420000192;750034589;VEHADP;;1
SSR2;2014;420000267;420013831;PISCIN;1;
SSR2;2014;420000440;420784878;EXPEQU;;1
SSR2;2014;420000440;420784878;EXPURO;;1
SSR2;2014;420000440;420784878;IDRACH;;1
SSR2;2014;420000440;420784878;ISOCIN;;1
SSR2;2014;420000440;420784878;LABMAR;;1
SSR2;2014;420000440;420784878;PISCIN;;1
SSR2;2014;420000440;420784878;SIMESP;;1
SSR2;2014;420011512;420011504;APTAUT;;1
SSR2;2014;420011512;420011504;ASSMAR;1;
SSR2;2014;420011512;420011504;ASSMEM;1;
SSR2;2014;420011512;420011504;EXPEQU;1;
SSR2;2014;420011512;420011504;EXPURO;;1
SSR2;2014;420011512;420011504;IDRACH;;1
SSR2;2014;420011512;420011504;ISOCIN;1;
SSR2;2014;420011512;420011504;LABMAR;1;
SSR2;2014;420011512;420011504;PISCIN;1;
SSR2;2014;420011512;420011504;SALINT;;1
SSR2;2014;420011512;420011504;SIMESP;;1
SSR2;2014;420011512;420011504;STICON;;1
SSR2;2014;420011512;420011504;VEHADP;;1
SSR2;2014;420011728;920028560;APTAUT;;1
SSR2;2014;420011728;920028560;EXPURO;;1
SSR2;2014;420011728;920028560;LABMAR;;1
SSR2;2014;420011728;920028560;PISCIN;;1
SSR2;2014;420014110;420007098;EXPURO;;1
SSR2;2014;420780678;420002495;EXPEQU;1;
SSR2;2014;420780678;420002495;LABMAR;1;
SSR2;2014;420780678;420002495;PISCIN;1;
SSR2;2014;420780678;420002495;SIMESP;1;
SSR2;2014;420780678;420002495;VEHADP;1;
SSR2;2014;420782096;420787061;APTAUT;;1
SSR2;2014;420782096;420787061;ASSMAR;;1
SSR2;2014;420782096;420787061;ASSMEM;;1
SSR2;2014;420782096;420787061;EXPEQU;;1
SSR2;2014;420782096;420787061;EXPURO;;1
SSR2;2014;420782096;420787061;IDRACH;;1
SSR2;2014;420782096;420787061;ISOCIN;;1
SSR2;2014;420782096;420787061;LABMAR;;1
SSR2;2014;420782096;420787061;PISCIN;;1
SSR2;2014;420782096;420787061;SALINT;;1
SSR2;2014;420782096;420787061;SIMESP;1;
SSR2;2014;420782096;420787061;STICON;;1
SSR2;2014;420782096;420787061;VEHADP;;1
SSR2;2014;420782559;420784878;EXPEQU;1;
SSR2;2014;420782559;420784878;EXPURO;1;
SSR2;2014;420782559;420784878;IDRACH;1;
SSR2;2014;420782559;420784878;ISOCIN;1;
SSR2;2014;420782559;420784878;LABMAR;1;
SSR2;2014;420782559;420784878;PISCIN;1;
SSR2;2014;420782559;420784878;SIMESP;1;
SSR2;2014;420782567;420784878;EXPEQU;;1
SSR2;2014;420782567;420784878;EXPURO;;1
SSR2;2014;420782567;420784878;IDRACH;;1
SSR2;2014;420782567;420784878;ISOCIN;;1
SSR2;2014;420782567;420784878;LABMAR;;1
SSR2;2014;420782567;420784878;PISCIN;;1
SSR2;2014;420782567;420784878;SIMESP;;1
SSR2;2014;420782591;420000887;EXPURO;;1
SSR2;2014;420782591;420000887;LABMAR;1;
SSR2;2014;420782591;420000887;PISCIN;1;
SSR2;2014;430000117;430000018;PISCIN;1;
SSR2;2014;440000016;440000057;ISOCIN;1;
SSR2;2014;440000016;440000057;SALINT;;1
SSR2;2014;440000016;440000057;SIMESP;1;
SSR2;2014;440000024;440000065;EXPEQU;1;
SSR2;2014;440000024;440000065;PISCIN;1;
SSR2;2014;440000024;440000065;SIMESP;1;
SSR2;2014;440000024;440000065;STICON;;1
SSR2;2014;440000255;440042844;EXPEQU;1;
SSR2;2014;440000255;440042844;PISCIN;1;
SSR2;2014;440000255;440042844;SIMESP;1;
SSR2;2014;440000396;440000297;APTAUT;;1
SSR2;2014;440000396;440000297;ASSMAR;;1
SSR2;2014;440000396;440000297;ASSMEM;;1
SSR2;2014;440000396;440000297;EXPEQU;;1
SSR2;2014;440000396;440000297;EXPURO;;1
SSR2;2014;440000396;440000297;IDRACH;;1
SSR2;2014;440000396;440000297;ISOCIN;;1
SSR2;2014;440000396;440000297;LABMAR;;1
SSR2;2014;440000396;440000297;PISCIN;;1
SSR2;2014;440000396;440000297;SALINT;;1
SSR2;2014;440000396;440000297;SIMESP;;1
SSR2;2014;440000396;440000297;STICON;;1
SSR2;2014;440000396;440000297;VEHADP;;1
SSR2;2014;440000412;440000941;SALINT;1;
SSR2;2014;440000453;440000289;EXPEQU;1;
SSR2;2014;440000453;440000289;LABMAR;1;
SSR2;2014;440000453;440000289;SIMESP;1;
SSR2;2014;440000503;440000313;PISCIN;1;
SSR2;2014;440000644;440000347;APTAUT;;1
SSR2;2014;440000644;440000347;ASSMAR;;1
SSR2;2014;440000644;440000347;ASSMEM;;1
SSR2;2014;440000644;440000347;EXPEQU;1;
SSR2;2014;440000644;440000347;EXPURO;;1
SSR2;2014;440000644;440000347;IDRACH;;1
SSR2;2014;440000644;440000347;ISOCIN;;1
SSR2;2014;440000644;440000347;LABMAR;;1
SSR2;2014;440000644;440000347;PISCIN;;1
SSR2;2014;440000644;440000347;SALINT;;1
SSR2;2014;440000644;440000347;SIMESP;;1
SSR2;2014;440000644;440000347;STICON;;1
SSR2;2014;440000644;440000347;VEHADP;;1
SSR2;2014;440000701;440001220;PISCIN;1;
SSR2;2014;440001188;440018661;APTAUT;1;
SSR2;2014;440001188;440018661;EXPEQU;1;
SSR2;2014;440001188;440018661;EXPURO;1;
SSR2;2014;440001188;440018661;ISOCIN;1;
SSR2;2014;440001188;440018661;LABMAR;1;
SSR2;2014;440001188;440018661;PISCIN;1;
SSR2;2014;440001188;440018661;SIMESP;1;
SSR2;2014;440001188;440018661;VEHADP;1;
SSR2;2014;440003291;440000289;APTAUT;1;
SSR2;2014;440003291;440000289;ASSMAR;1;
SSR2;2014;440003291;440000289;ASSMEM;1;
SSR2;2014;440003291;440000289;EXPEQU;1;
SSR2;2014;440003291;440000289;ISOCIN;1;
SSR2;2014;440003291;440000289;LABMAR;1;
SSR2;2014;440003291;440000289;PISCIN;1;
SSR2;2014;440003291;440000289;SIMESP;1;
SSR2;2014;440003291;440000289;STICON;1;
SSR2;2014;440024669;440042844;PISCIN;1;
SSR2;2014;440043123;440043115;PISCIN;1;
SSR2;2014;440046944;750721334;PISCIN;;1
SSR2;2014;440048676;750721334;EXPEQU;1;
SSR2;2014;440048676;750721334;PISCIN;1;
SSR2;2014;440050458;440000289;EXPEQU;1;
SSR2;2014;440050458;440000289;LABMAR;1;
SSR2;2014;440050458;440000289;PISCIN;1;
SSR2;2014;440050466;440000289;EXPEQU;1;
SSR2;2014;440050466;440000289;LABMAR;1;
SSR2;2014;440050466;440000289;PISCIN;1;
SSR2;2014;450000062;450000104;EXPEQU;;1
SSR2;2014;450000062;450000104;EXPURO;;1
SSR2;2014;450000062;450000104;ISOCIN;;1
SSR2;2014;450000062;450000104;LABMAR;;1
SSR2;2014;450000062;450000104;PISCIN;;1
SSR2;2014;450000062;450000104;SALINT;1;
SSR2;2014;450000120;450000138;APTAUT;;1
SSR2;2014;450000120;450000138;ASSMAR;;1
SSR2;2014;450000120;450000138;ASSMEM;;1
SSR2;2014;450000120;450000138;EXPEQU;;1
SSR2;2014;450000120;450000138;EXPURO;;1
SSR2;2014;450000120;450000138;IDRACH;;1
SSR2;2014;450000120;450000138;ISOCIN;;1
SSR2;2014;450000120;450000138;LABMAR;;1
SSR2;2014;450000120;450000138;PISCIN;;1
SSR2;2014;450000120;450000138;SALINT;;1
SSR2;2014;450000120;450000138;SIMESP;;1
SSR2;2014;450000120;450000138;STICON;;1
SSR2;2014;450000120;450000138;VEHADP;;1
SSR2;2014;450000187;450000146;APTAUT;;1
SSR2;2014;450000187;450000146;ASSMAR;;1
SSR2;2014;450000187;450000146;ASSMEM;;1
SSR2;2014;450000187;450000146;EXPEQU;;1
SSR2;2014;450000187;450000146;EXPURO;;1
SSR2;2014;450000187;450000146;IDRACH;;1
SSR2;2014;450000187;450000146;ISOCIN;;1
SSR2;2014;450000187;450000146;LABMAR;;1
SSR2;2014;450000187;450000146;PISCIN;;1
SSR2;2014;450000187;450000146;SALINT;;1
SSR2;2014;450000187;450000146;SIMESP;;1
SSR2;2014;450000187;450000146;STICON;;1
SSR2;2014;450000187;450000146;VEHADP;;1
SSR2;2014;450000286;750052417;APTAUT;;1
SSR2;2014;450000286;750052417;ASSMAR;;1
SSR2;2014;450000286;750052417;ASSMEM;;1
SSR2;2014;450000286;750052417;EXPEQU;;1
SSR2;2014;450000286;750052417;EXPURO;;1
SSR2;2014;450000286;750052417;IDRACH;;1
SSR2;2014;450000286;750052417;ISOCIN;;1
SSR2;2014;450000286;750052417;LABMAR;;1
SSR2;2014;450000286;750052417;PISCIN;1;
SSR2;2014;450000286;750052417;SALINT;;1
SSR2;2014;450000286;750052417;SIMESP;;1
SSR2;2014;450000286;750052417;STICON;;1
SSR2;2014;450000286;750052417;VEHADP;;1
SSR2;2014;450000294;450000591;PISCIN;1;
SSR2;2014;450000526;930019484;APTAUT;1;
SSR2;2014;450000526;930019484;ASSMAR;1;
SSR2;2014;450000526;930019484;ASSMEM;;1
SSR2;2014;450000526;930019484;EXPEQU;1;
SSR2;2014;450000526;930019484;EXPURO;1;
SSR2;2014;450000526;930019484;IDRACH;;1
SSR2;2014;450000526;930019484;ISOCIN;1;
SSR2;2014;450000526;930019484;LABMAR;1;
SSR2;2014;450000526;930019484;PISCIN;1;
SSR2;2014;450000526;930019484;SALINT;;1
SSR2;2014;450000526;930019484;SIMESP;1;
SSR2;2014;450000526;930019484;STICON;;1
SSR2;2014;450000526;930019484;VEHADP;;1
SSR2;2014;450002456;450018106;APTAUT;1;
SSR2;2014;450002456;450018106;EXPEQU;1;
SSR2;2014;450002456;450018106;EXPURO;;1
SSR2;2014;450002456;450018106;LABMAR;;1
SSR2;2014;450002456;450018106;PISCIN;1;
SSR2;2014;450002456;450018106;SIMESP;1;
SSR2;2014;450002456;450018106;VEHADP;1;
SSR2;2014;450002613;450000088;ISOCIN;1;
SSR2;2014;450002613;450000088;SIMESP;1;
SSR2;2014;450012968;450001474;LABMAR;1;
SSR2;2014;450012968;450001474;PISCIN;1;
SSR2;2014;450013081;450001490;APTAUT;;1
SSR2;2014;450013081;450001490;ASSMAR;;1
SSR2;2014;450013081;450001490;ASSMEM;;1
SSR2;2014;450013081;450001490;EXPEQU;;1
SSR2;2014;450013081;450001490;EXPURO;;1
SSR2;2014;450013081;450001490;IDRACH;;1
SSR2;2014;450013081;450001490;ISOCIN;;1
SSR2;2014;450013081;450001490;LABMAR;;1
SSR2;2014;450013081;450001490;PISCIN;1;
SSR2;2014;450013081;450001490;SALINT;;1
SSR2;2014;450013081;450001490;SIMESP;;1
SSR2;2014;450013081;450001490;STICON;;1
SSR2;2014;450013081;450001490;VEHADP;;1
SSR2;2014;460000060;460780117;APTAUT;;1
SSR2;2014;460000060;460780117;ASSMAR;;1
SSR2;2014;460000060;460780117;ASSMEM;;1
SSR2;2014;460000060;460780117;EXPEQU;1;
SSR2;2014;460000060;460780117;EXPURO;;1
SSR2;2014;460000060;460780117;IDRACH;;1
SSR2;2014;460000060;460780117;ISOCIN;;1
SSR2;2014;460000060;460780117;LABMAR;;1
SSR2;2014;460000060;460780117;PISCIN;1;
SSR2;2014;460000060;460780117;SALINT;;1
SSR2;2014;460000060;460780117;SIMESP;1;
SSR2;2014;460000060;460780117;STICON;;1
SSR2;2014;460000060;460780117;VEHADP;1;
SSR2;2014;460000110;460780216;EXPURO;1;
SSR2;2014;460000110;460780216;PISCIN;1;
SSR2;2014;460000110;460780216;SIMESP;1;
SSR2;2014;460780042;460000029;PISCIN;1;
SSR2;2014;470000027;470014069;EXPEQU;1;
SSR2;2014;470000175;750826604;PISCIN;1;
SSR2;2014;470000175;750826604;SIMESP;1;
SSR2;2014;470000308;930019484;ASSMAR;1;
SSR2;2014;470000308;930019484;EXPEQU;1;
SSR2;2014;470000308;930019484;PISCIN;1;
SSR2;2014;470000308;930019484;SIMESP;1;
SSR2;2014;470000423;470000316;EXPURO;1;
SSR2;2014;470000423;470000316;SALINT;1;
SSR2;2014;470000530;470000357;APTAUT;;1
SSR2;2014;470000530;470000357;ASSMAR;;1
SSR2;2014;470000530;470000357;ASSMEM;;1
SSR2;2014;470000530;470000357;EXPEQU;;1
SSR2;2014;470000530;470000357;EXPURO;;1
SSR2;2014;470000530;470000357;IDRACH;;1
SSR2;2014;470000530;470000357;ISOCIN;;1
SSR2;2014;470000530;470000357;LABMAR;;1
SSR2;2014;470000530;470000357;PISCIN;;1
SSR2;2014;470000530;470000357;SALINT;;1
SSR2;2014;470000530;470000357;SIMESP;;1
SSR2;2014;470000530;470000357;STICON;;1
SSR2;2014;470000530;470000357;VEHADP;;1
SSR2;2014;470000555;470001660;APTAUT;;1
SSR2;2014;470000555;470001660;ASSMAR;;1
SSR2;2014;470000555;470001660;ASSMEM;;1
SSR2;2014;470000555;470001660;EXPEQU;;1
SSR2;2014;470000555;470001660;EXPURO;;1
SSR2;2014;470000555;470001660;IDRACH;;1
SSR2;2014;470000555;470001660;ISOCIN;;1
SSR2;2014;470000555;470001660;LABMAR;;1
SSR2;2014;470000555;470001660;PISCIN;;1
SSR2;2014;470000555;470001660;SALINT;;1
SSR2;2014;470000555;470001660;SIMESP;;1
SSR2;2014;470000555;470001660;STICON;;1
SSR2;2014;470000555;470001660;VEHADP;;1
SSR2;2014;470005406;470000316;EXPURO;;1
SSR2;2014;470005406;470000316;SALINT;;1
SSR2;2014;480000033;480780121;APTAUT;;1
SSR2;2014;480000033;480780121;ASSMAR;;1
SSR2;2014;480000033;480780121;ASSMEM;;1
SSR2;2014;480000033;480780121;EXPEQU;;1
SSR2;2014;480000033;480780121;EXPURO;;1
SSR2;2014;480000033;480780121;IDRACH;;1
SSR2;2014;480000033;480780121;ISOCIN;;1
SSR2;2014;480000033;480780121;LABMAR;;1
SSR2;2014;480000033;480780121;PISCIN;;1
SSR2;2014;480000033;480780121;SALINT;;1
SSR2;2014;480000033;480780121;SIMESP;;1
SSR2;2014;480000033;480780121;STICON;;1
SSR2;2014;480000033;480780121;VEHADP;;1
SSR2;2014;480000066;480780154;VEHADP;1;
SSR2;2014;480780212;480782168;PISCIN;;1
SSR2;2014;480783034;480782101;ASSMEM;1;
SSR2;2014;480783034;480782101;EXPEQU;1;
SSR2;2014;480783034;480782101;LABMAR;1;
SSR2;2014;480783034;480782101;PISCIN;1;
SSR2;2014;480783034;480782101;SIMESP;1;
SSR2;2014;480783034;480782101;STICON;1;
SSR2;2014;480783034;480782101;VEHADP;1;
SSR2;2014;490000254;490015765;APTAUT;;1
SSR2;2014;490000254;490015765;ASSMAR;;1
SSR2;2014;490000254;490015765;ASSMEM;;1
SSR2;2014;490000254;490015765;EXPEQU;;1
SSR2;2014;490000254;490015765;EXPURO;;1
SSR2;2014;490000254;490015765;IDRACH;;1
SSR2;2014;490000254;490015765;ISOCIN;;1
SSR2;2014;490000254;490015765;LABMAR;;1
SSR2;2014;490000254;490015765;PISCIN;;1
SSR2;2014;490000254;490015765;SALINT;;1
SSR2;2014;490000254;490015765;SIMESP;;1
SSR2;2014;490000254;490015765;STICON;;1
SSR2;2014;490000254;490015765;VEHADP;;1
SSR2;2014;490000320;490000395;PISCIN;1;
SSR2;2014;490000320;490000395;VEHADP;1;
SSR2;2014;490000338;490000403;APTAUT;;1
SSR2;2014;490000338;490000403;ASSMAR;;1
SSR2;2014;490000338;490000403;ASSMEM;;1
SSR2;2014;490000338;490000403;EXPEQU;;1
SSR2;2014;490000338;490000403;EXPURO;;1
SSR2;2014;490000338;490000403;IDRACH;;1
SSR2;2014;490000338;490000403;ISOCIN;;1
SSR2;2014;490000338;490000403;LABMAR;;1
SSR2;2014;490000338;490000403;PISCIN;;1
SSR2;2014;490000338;490000403;SALINT;;1
SSR2;2014;490000338;490000403;SIMESP;;1
SSR2;2014;490000338;490000403;STICON;;1
SSR2;2014;490000338;490000403;VEHADP;;1
SSR2;2014;490000353;490000411;PISCIN;1;
SSR2;2014;490000601;490015856;APTAUT;;1
SSR2;2014;490000601;490015856;ASSMAR;;1
SSR2;2014;490000601;490015856;ASSMEM;;1
SSR2;2014;490000601;490015856;EXPEQU;;1
SSR2;2014;490000601;490015856;EXPURO;;1
SSR2;2014;490000601;490015856;IDRACH;;1
SSR2;2014;490000601;490015856;ISOCIN;;1
SSR2;2014;490000601;490015856;LABMAR;;1
SSR2;2014;490000601;490015856;PISCIN;;1
SSR2;2014;490000601;490015856;SALINT;;1
SSR2;2014;490000601;490015856;SIMESP;;1
SSR2;2014;490000601;490015856;STICON;;1
SSR2;2014;490000601;490015856;VEHADP;;1
SSR2;2014;490000635;490000676;ASSMAR;1;
SSR2;2014;490000635;490000676;EXPURO;1;
SSR2;2014;490000635;490000676;PISCIN;1;
SSR2;2014;490000635;490000676;SALINT;;1
SSR2;2014;490000635;490000676;SIMESP;1;
SSR2;2014;490000635;490000676;STICON;1;
SSR2;2014;490000643;440042844;PISCIN;1;
SSR2;2014;490000650;490007689;APTAUT;;1
SSR2;2014;490000650;490007689;ASSMAR;;1
SSR2;2014;490000650;490007689;ASSMEM;;1
SSR2;2014;490000650;490007689;EXPEQU;;1
SSR2;2014;490000650;490007689;EXPURO;;1
SSR2;2014;490000650;490007689;IDRACH;;1
SSR2;2014;490000650;490007689;ISOCIN;;1
SSR2;2014;490000650;490007689;LABMAR;;1
SSR2;2014;490000650;490007689;PISCIN;;1
SSR2;2014;490000650;490007689;SALINT;;1
SSR2;2014;490000650;490007689;SIMESP;;1
SSR2;2014;490000650;490007689;STICON;;1
SSR2;2014;490000650;490007689;VEHADP;;1
SSR2;2014;490000817;490000759;APTAUT;;1
SSR2;2014;490000817;490000759;ASSMAR;;1
SSR2;2014;490000817;490000759;ASSMEM;;1
SSR2;2014;490000817;490000759;EXPEQU;;1
SSR2;2014;490000817;490000759;EXPURO;;1
SSR2;2014;490000817;490000759;IDRACH;;1
SSR2;2014;490000817;490000759;ISOCIN;;1
SSR2;2014;490000817;490000759;LABMAR;;1
SSR2;2014;490000817;490000759;PISCIN;;1
SSR2;2014;490000817;490000759;SALINT;;1
SSR2;2014;490000817;490000759;SIMESP;;1
SSR2;2014;490000817;490000759;STICON;;1
SSR2;2014;490000817;490000759;VEHADP;;1
SSR2;2014;490001831;490007689;APTAUT;;1
SSR2;2014;490001831;490007689;ASSMAR;;1
SSR2;2014;490001831;490007689;ASSMEM;;1
SSR2;2014;490001831;490007689;EXPEQU;;1
SSR2;2014;490001831;490007689;EXPURO;;1
SSR2;2014;490001831;490007689;IDRACH;;1
SSR2;2014;490001831;490007689;ISOCIN;;1
SSR2;2014;490001831;490007689;LABMAR;;1
SSR2;2014;490001831;490007689;PISCIN;;1
SSR2;2014;490001831;490007689;SALINT;;1
SSR2;2014;490001831;490007689;SIMESP;;1
SSR2;2014;490001831;490007689;STICON;;1
SSR2;2014;490001831;490007689;VEHADP;;1
SSR2;2014;490007549;490535168;EXPEQU;1;
SSR2;2014;490007549;490535168;SIMESP;1;
SSR2;2014;490529005;490000031;APTAUT;;1
SSR2;2014;490529005;490000031;ASSMAR;;1
SSR2;2014;490529005;490000031;ASSMEM;;1
SSR2;2014;490529005;490000031;EXPEQU;;1
SSR2;2014;490529005;490000031;EXPURO;;1
SSR2;2014;490529005;490000031;IDRACH;;1
SSR2;2014;490529005;490000031;ISOCIN;;1
SSR2;2014;490529005;490000031;LABMAR;;1
SSR2;2014;490529005;490000031;PISCIN;;1
SSR2;2014;490529005;490000031;SALINT;;1
SSR2;2014;490529005;490000031;SIMESP;;1
SSR2;2014;490529005;490000031;STICON;;1
SSR2;2014;490529005;490000031;VEHADP;;1
SSR2;2014;490531910;490535093;ASSMEM;1;
SSR2;2014;490531910;490535093;EXPEQU;1;
SSR2;2014;490531910;490535093;EXPURO;1;
SSR2;2014;490531910;490535093;ISOCIN;1;
SSR2;2014;490531910;490535093;PISCIN;1;
SSR2;2014;490531910;490535093;SIMESP;1;
SSR2;2014;490531910;490535093;VEHADP;1;
SSR2;2014;500000021;500000054;EXPURO;1;
SSR2;2014;500000146;500000500;SIMESP;1;
SSR2;2014;500000203;500000542;EXPURO;1;
SSR2;2014;500000203;500000542;ISOCIN;1;
SSR2;2014;500000203;500000542;SALINT;1;
SSR2;2014;500000229;500000567;ASSMAR;1;
SSR2;2014;500000229;500000567;ASSMEM;1;
SSR2;2014;500000229;500000567;EXPEQU;1;
SSR2;2014;500000229;500000567;EXPURO;1;
SSR2;2014;500000229;500000567;IDRACH;1;
SSR2;2014;500000229;500000567;ISOCIN;1;
SSR2;2014;500000229;500000567;PISCIN;1;
SSR2;2014;500000229;500000567;SIMESP;1;
SSR2;2014;500000419;310021084;ASSMAR;1;
SSR2;2014;500000419;310021084;ASSMEM;1;
SSR2;2014;500000419;310021084;EXPEQU;1;
SSR2;2014;500000419;310021084;PISCIN;1;
SSR2;2014;500000419;310021084;VEHADP;;1
SSR2;2014;500000435;500000104;PISCIN;;1
SSR2;2014;500000435;500000104;VEHADP;1;
SSR2;2014;500000450;500000112;PISCIN;1;
SSR2;2014;500000450;500000112;SIMESP;1;
SSR2;2014;500000575;500000245;APTAUT;;1
SSR2;2014;500000575;500000245;ASSMAR;;1
SSR2;2014;500000575;500000245;ASSMEM;;1
SSR2;2014;500000575;500000245;EXPEQU;;1
SSR2;2014;500000575;500000245;EXPURO;;1
SSR2;2014;500000575;500000245;IDRACH;;1
SSR2;2014;500000575;500000245;ISOCIN;;1
SSR2;2014;500000575;500000245;LABMAR;;1
SSR2;2014;500000575;500000245;PISCIN;;1
SSR2;2014;500000575;500000245;SALINT;;1
SSR2;2014;500000575;500000245;SIMESP;;1
SSR2;2014;500000575;500000245;STICON;;1
SSR2;2014;500000575;500000245;VEHADP;;1
SSR2;2014;500002357;500002233;EXPURO;1;
SSR2;2014;500002357;500002233;SALINT;1;
SSR2;2014;500021423;500000567;ASSMAR;1;
SSR2;2014;500021423;500000567;ASSMEM;1;
SSR2;2014;500021423;500000567;EXPEQU;1;
SSR2;2014;500021423;500000567;EXPURO;1;
SSR2;2014;500021423;500000567;IDRACH;1;
SSR2;2014;500021423;500000567;ISOCIN;1;
SSR2;2014;500021423;500000567;PISCIN;1;
SSR2;2014;500021423;500000567;SIMESP;1;
SSR2;2014;510000169;510000037;APTAUT;1;
SSR2;2014;510000169;510000037;ASSMAR;;1
SSR2;2014;510000169;510000037;ASSMEM;;1
SSR2;2014;510000169;510000037;EXPEQU;1;
SSR2;2014;510000169;510000037;EXPURO;1;
SSR2;2014;510000169;510000037;IDRACH;;1
SSR2;2014;510000169;510000037;ISOCIN;;1
SSR2;2014;510000169;510000037;LABMAR;;1
SSR2;2014;510000169;510000037;PISCIN;1;
SSR2;2014;510000169;510000037;SALINT;;1
SSR2;2014;510000169;510000037;SIMESP;1;
SSR2;2014;510000169;510000037;STICON;;1
SSR2;2014;510000169;510000037;VEHADP;;1
SSR2;2014;510000250;510000078;EXPURO;1;
SSR2;2014;510002454;510000029;EXPURO;1;
SSR2;2014;510002454;510000029;ISOCIN;1;
SSR2;2014;510002454;510000029;PISCIN;1;
SSR2;2014;510012040;510000557;EXPEQU;1;
SSR2;2014;510012040;510000557;EXPURO;1;
SSR2;2014;510012040;510000557;ISOCIN;1;
SSR2;2014;510012040;510000557;LABMAR;;1
SSR2;2014;510012040;510000557;PISCIN;1;
SSR2;2014;510012040;510000557;SALINT;1;
SSR2;2014;520000019;520780024;EXPEQU;1;
SSR2;2014;520000019;520780024;ISOCIN;1;
SSR2;2014;520000019;520780024;LABMAR;1;
SSR2;2014;520000019;520780024;PISCIN;1;
SSR2;2014;520000019;520780024;SIMESP;1;
SSR2;2014;520000019;520780024;STICON;1;
SSR2;2014;520000027;520780032;APTAUT;1;
SSR2;2014;520000027;520780032;EXPEQU;1;
SSR2;2014;520000027;520780032;EXPURO;1;
SSR2;2014;520000027;520780032;ISOCIN;1;
SSR2;2014;520000027;520780032;LABMAR;1;
SSR2;2014;520000027;520780032;PISCIN;1;
SSR2;2014;520000027;520780032;SIMESP;1;
SSR2;2014;520000076;520780081;EXPEQU;1;
SSR2;2014;520000076;520780081;IDRACH;1;
SSR2;2014;520000076;520780081;ISOCIN;1;
SSR2;2014;520000076;520780081;PISCIN;1;
SSR2;2014;520000076;520780081;SIMESP;1;
SSR2;2014;520000084;520780099;APTAUT;;1
SSR2;2014;520000084;520780099;ASSMAR;;1
SSR2;2014;520000084;520780099;ASSMEM;;1
SSR2;2014;520000084;520780099;EXPEQU;;1
SSR2;2014;520000084;520780099;EXPURO;;1
SSR2;2014;520000084;520780099;IDRACH;;1
SSR2;2014;520000084;520780099;ISOCIN;;1
SSR2;2014;520000084;520780099;LABMAR;;1
SSR2;2014;520000084;520780099;PISCIN;;1
SSR2;2014;520000084;520780099;SALINT;;1
SSR2;2014;520000084;520780099;SIMESP;;1
SSR2;2014;520000084;520780099;STICON;;1
SSR2;2014;520000084;520780099;VEHADP;;1
SSR2;2014;520780156;520000092;APTAUT;;1
SSR2;2014;520780156;520000092;ASSMAR;;1
SSR2;2014;520780156;520000092;ASSMEM;;1
SSR2;2014;520780156;520000092;EXPEQU;;1
SSR2;2014;520780156;520000092;EXPURO;;1
SSR2;2014;520780156;520000092;IDRACH;;1
SSR2;2014;520780156;520000092;ISOCIN;;1
SSR2;2014;520780156;520000092;LABMAR;;1
SSR2;2014;520780156;520000092;PISCIN;;1
SSR2;2014;520780156;520000092;SALINT;1;
SSR2;2014;520780156;520000092;SIMESP;;1
SSR2;2014;520780156;520000092;STICON;;1
SSR2;2014;520780156;520000092;VEHADP;;1
SSR2;2014;530000132;530007202;APTAUT;;1
SSR2;2014;530000132;530007202;ASSMAR;;1
SSR2;2014;530000132;530007202;ASSMEM;;1
SSR2;2014;530000132;530007202;EXPEQU;;1
SSR2;2014;530000132;530007202;EXPURO;;1
SSR2;2014;530000132;530007202;IDRACH;;1
SSR2;2014;530000132;530007202;ISOCIN;;1
SSR2;2014;530000132;530007202;LABMAR;;1
SSR2;2014;530000132;530007202;PISCIN;;1
SSR2;2014;530000132;530007202;SALINT;;1
SSR2;2014;530000132;530007202;SIMESP;;1
SSR2;2014;530000132;530007202;STICON;;1
SSR2;2014;530000132;530007202;VEHADP;;1
SSR2;2014;530000181;530007202;APTAUT;;1
SSR2;2014;530000181;530007202;ASSMAR;;1
SSR2;2014;530000181;530007202;ASSMEM;;1
SSR2;2014;530000181;530007202;EXPEQU;;1
SSR2;2014;530000181;530007202;EXPURO;;1
SSR2;2014;530000181;530007202;IDRACH;;1
SSR2;2014;530000181;530007202;ISOCIN;;1
SSR2;2014;530000181;530007202;LABMAR;;1
SSR2;2014;530000181;530007202;PISCIN;;1
SSR2;2014;530000181;530007202;SALINT;;1
SSR2;2014;530000181;530007202;SIMESP;;1
SSR2;2014;530000181;530007202;STICON;;1
SSR2;2014;530000181;530007202;VEHADP;;1
SSR2;2014;530000264;530000371;EXPEQU;1;
SSR2;2014;530000264;530000371;EXPURO;1;
SSR2;2014;530000264;530000371;ISOCIN;;1
SSR2;2014;530000264;530000371;PISCIN;1;
SSR2;2014;530000264;530000371;SALINT;1;
SSR2;2014;530000611;530002591;APTAUT;;1
SSR2;2014;530000611;530002591;ASSMAR;;1
SSR2;2014;530000611;530002591;ASSMEM;;1
SSR2;2014;530000611;530002591;EXPEQU;;1
SSR2;2014;530000611;530002591;EXPURO;;1
SSR2;2014;530000611;530002591;IDRACH;;1
SSR2;2014;530000611;530002591;ISOCIN;;1
SSR2;2014;530000611;530002591;LABMAR;;1
SSR2;2014;530000611;530002591;PISCIN;;1
SSR2;2014;530000611;530002591;SALINT;;1
SSR2;2014;530000611;530002591;SIMESP;;1
SSR2;2014;530000611;530002591;STICON;;1
SSR2;2014;530000611;530002591;VEHADP;;1
SSR2;2014;530031962;530000975;APTAUT;;1
SSR2;2014;530031962;530000975;ASSMAR;;1
SSR2;2014;530031962;530000975;ASSMEM;;1
SSR2;2014;530031962;530000975;EXPEQU;;1
SSR2;2014;530031962;530000975;EXPURO;;1
SSR2;2014;530031962;530000975;IDRACH;;1
SSR2;2014;530031962;530000975;ISOCIN;;1
SSR2;2014;530031962;530000975;LABMAR;;1
SSR2;2014;530031962;530000975;PISCIN;1;
SSR2;2014;530031962;530000975;SALINT;;1
SSR2;2014;530031962;530000975;SIMESP;;1
SSR2;2014;530031962;530000975;STICON;;1
SSR2;2014;530031962;530000975;VEHADP;;1
SSR2;2014;540000148;540019007;EXPEQU;1;
SSR2;2014;540000148;540019007;SIMESP;1;
SSR2;2014;540000148;540019007;VEHADP;1;
SSR2;2014;540000296;540000106;APTAUT;;1
SSR2;2014;540000296;540000106;ASSMAR;;1
SSR2;2014;540000296;540000106;ASSMEM;;1
SSR2;2014;540000296;540000106;EXPEQU;;1
SSR2;2014;540000296;540000106;EXPURO;;1
SSR2;2014;540000296;540000106;IDRACH;;1
SSR2;2014;540000296;540000106;ISOCIN;;1
SSR2;2014;540000296;540000106;LABMAR;;1
SSR2;2014;540000296;540000106;PISCIN;;1
SSR2;2014;540000296;540000106;SALINT;;1
SSR2;2014;540000296;540000106;SIMESP;;1
SSR2;2014;540000296;540000106;STICON;;1
SSR2;2014;540000296;540000106;VEHADP;;1
SSR2;2014;540000312;540000114;SIMESP;1;
SSR2;2014;540000478;540003449;APTAUT;;1
SSR2;2014;540000478;540003449;ASSMAR;;1
SSR2;2014;540000478;540003449;ASSMEM;;1
SSR2;2014;540000478;540003449;EXPEQU;;1
SSR2;2014;540000478;540003449;EXPURO;;1
SSR2;2014;540000478;540003449;IDRACH;;1
SSR2;2014;540000478;540003449;ISOCIN;;1
SSR2;2014;540000478;540003449;LABMAR;;1
SSR2;2014;540000478;540003449;PISCIN;;1
SSR2;2014;540000478;540003449;SALINT;;1
SSR2;2014;540000478;540003449;SIMESP;;1
SSR2;2014;540000478;540003449;STICON;;1
SSR2;2014;540000478;540003449;VEHADP;;1
SSR2;2014;540000585;540006707;LABMAR;;1
SSR2;2014;540000585;540006707;PISCIN;1;
SSR2;2014;540000585;540006707;SIMESP;1;
SSR2;2014;540000726;750721334;PISCIN;1;
SSR2;2014;540000726;750721334;VEHADP;1;
SSR2;2014;540000973;540006707;APTAUT;1;
SSR2;2014;540000973;540006707;PISCIN;;1
SSR2;2014;540000973;540006707;SIMESP;1;
SSR2;2014;540000973;540006707;VEHADP;1;
SSR2;2014;540001070;540000767;EXPEQU;1;
SSR2;2014;540001070;540000767;SIMESP;1;
SSR2;2014;540003043;540023264;EXPURO;1;
SSR2;2014;540003043;540023264;SIMESP;1;
SSR2;2014;540009412;540019726;APTAUT;1;
SSR2;2014;540009412;540019726;ASSMAR;1;
SSR2;2014;540009412;540019726;ASSMEM;1;
SSR2;2014;540009412;540019726;EXPEQU;1;
SSR2;2014;540009412;540019726;EXPURO;1;
SSR2;2014;540009412;540019726;PISCIN;1;
SSR2;2014;540009412;540019726;SALINT;1;
SSR2;2014;540009412;540019726;SIMESP;1;
SSR2;2014;540009412;540019726;VEHADP;1;
SSR2;2014;540009701;540019726;APTAUT;1;
SSR2;2014;540009701;540019726;EXPEQU;1;
SSR2;2014;540009701;540019726;EXPURO;1;
SSR2;2014;540009701;540019726;ISOCIN;1;
SSR2;2014;540009701;540019726;LABMAR;1;
SSR2;2014;540009701;540019726;PISCIN;1;
SSR2;2014;540009701;540019726;SIMESP;1;
SSR2;2014;540013737;540019726;EXPEQU;1;
SSR2;2014;540013737;540019726;EXPURO;1;
SSR2;2014;540013737;540019726;LABMAR;;1
SSR2;2014;540013737;540019726;PISCIN;1;
SSR2;2014;540013737;540019726;SIMESP;1;
SSR2;2014;540020146;540006707;EXPEQU;1;
SSR2;2014;540020146;540006707;EXPURO;1;
SSR2;2014;540020146;540006707;PISCIN;1;
SSR2;2014;540020146;540006707;SIMESP;1;
SSR2;2014;550000012;550006795;ASSMEM;1;
SSR2;2014;550000012;550006795;EXPEQU;1;
SSR2;2014;550000012;550006795;EXPURO;;1
SSR2;2014;550000012;550006795;IDRACH;;1
SSR2;2014;550000012;550006795;ISOCIN;;1
SSR2;2014;550000012;550006795;LABMAR;1;
SSR2;2014;550000012;550006795;PISCIN;1;
SSR2;2014;550000012;550006795;STICON;;1
SSR2;2014;550000434;550003354;EXPEQU;1;
SSR2;2014;550000434;550003354;EXPURO;1;
SSR2;2014;550000434;550003354;IDRACH;;1
SSR2;2014;550000434;550003354;ISOCIN;1;
SSR2;2014;550000434;550003354;LABMAR;;1
SSR2;2014;550000434;550003354;PISCIN;1;
SSR2;2014;550000434;550003354;SIMESP;1;
SSR2;2014;550000434;550003354;STICON;;1
SSR2;2014;560000127;560023210;EXPEQU;1;
SSR2;2014;560000127;560023210;EXPURO;1;
SSR2;2014;560000127;560023210;ISOCIN;1;
SSR2;2014;560000127;560023210;LABMAR;1;
SSR2;2014;560000127;560023210;PISCIN;1;
SSR2;2014;560000127;560023210;SIMESP;1;
SSR2;2014;560000184;560006017;PISCIN;1;
SSR2;2014;560000200;560023210;EXPEQU;1;
SSR2;2014;560000200;560023210;LABMAR;1;
SSR2;2014;560000200;560023210;PISCIN;1;
SSR2;2014;560000275;560005746;EXPEQU;1;
SSR2;2014;560000275;560005746;EXPURO;;1
SSR2;2014;560000275;560005746;SIMESP;1;
SSR2;2014;560000473;560002206;EXPEQU;1;
SSR2;2014;560000473;560002206;ISOCIN;1;
SSR2;2014;560002024;560006074;APTAUT;1;
SSR2;2014;560002024;560006074;ASSMAR;1;
SSR2;2014;560002024;560006074;ASSMEM;1;
SSR2;2014;560002024;560006074;EXPEQU;1;
SSR2;2014;560002024;560006074;EXPURO;1;
SSR2;2014;560002024;560006074;ISOCIN;1;
SSR2;2014;560002024;560006074;PISCIN;1;
SSR2;2014;560002024;560006074;SIMESP;1;
SSR2;2014;560002024;560006074;VEHADP;1;
SSR2;2014;560003980;560005746;EXPURO;;1
SSR2;2014;570000091;750050759;EXPEQU;1;
SSR2;2014;570000091;750050759;EXPURO;1;
SSR2;2014;570000091;750050759;ISOCIN;1;
SSR2;2014;570000091;750050759;LABMAR;1;
SSR2;2014;570000091;750050759;PISCIN;1;
SSR2;2014;570000091;750050759;SALINT;1;
SSR2;2014;570000091;750050759;SIMESP;1;
SSR2;2014;570000349;570005165;EXPURO;1;
SSR2;2014;570000349;570005165;PISCIN;1;
SSR2;2014;570000356;570000919;EXPURO;1;
SSR2;2014;570000356;570000919;SALINT;1;
SSR2;2014;570000596;750821092;APTAUT;;1
SSR2;2014;570000596;750821092;ASSMAR;;1
SSR2;2014;570000596;750821092;ASSMEM;;1
SSR2;2014;570000596;750821092;EXPEQU;;1
SSR2;2014;570000596;750821092;EXPURO;1;
SSR2;2014;570000596;750821092;IDRACH;;1
SSR2;2014;570000596;750821092;ISOCIN;1;
SSR2;2014;570000596;750821092;LABMAR;;1
SSR2;2014;570000596;750821092;PISCIN;;1
SSR2;2014;570000596;750821092;SALINT;;1
SSR2;2014;570000596;750821092;SIMESP;;1
SSR2;2014;570000596;750821092;STICON;;1
SSR2;2014;570000596;750821092;VEHADP;;1
SSR2;2014;570000794;930019484;APTAUT;;1
SSR2;2014;570000794;930019484;ASSMAR;;1
SSR2;2014;570000794;930019484;ASSMEM;;1
SSR2;2014;570000794;930019484;EXPEQU;1;
SSR2;2014;570000794;930019484;EXPURO;;1
SSR2;2014;570000794;930019484;IDRACH;;1
SSR2;2014;570000794;930019484;ISOCIN;1;
SSR2;2014;570000794;930019484;LABMAR;;1
SSR2;2014;570000794;930019484;PISCIN;1;
SSR2;2014;570000794;930019484;SALINT;;1
SSR2;2014;570000794;930019484;SIMESP;1;
SSR2;2014;570000794;930019484;STICON;;1
SSR2;2014;570000794;930019484;VEHADP;;1
SSR2;2014;570000828;570011452;PISCIN;;1
SSR2;2014;570001057;570023630;EXPEQU;1;
SSR2;2014;570001057;570023630;EXPURO;1;
SSR2;2014;570001057;570023630;ISOCIN;1;
SSR2;2014;570001057;570023630;PISCIN;1;
SSR2;2014;570001057;570023630;SALINT;1;
SSR2;2014;570001057;570023630;SIMESP;1;
SSR2;2014;570001057;570023630;VEHADP;;1
SSR2;2014;570001099;570023630;EXPEQU;;1
SSR2;2014;570001099;570023630;EXPURO;;1
SSR2;2014;570001099;570023630;ISOCIN;;1
SSR2;2014;570001099;570023630;PISCIN;;1
SSR2;2014;570001099;570023630;SIMESP;;1
SSR2;2014;570003103;540019726;APTAUT;1;
SSR2;2014;570003103;540019726;EXPEQU;;1
SSR2;2014;570003103;540019726;EXPURO;1;
SSR2;2014;570003103;540019726;IDRACH;;1
SSR2;2014;570003103;540019726;ISOCIN;;1
SSR2;2014;570003103;540019726;LABMAR;;1
SSR2;2014;570003103;540019726;PISCIN;1;
SSR2;2014;570003103;540019726;SIMESP;1;
SSR2;2014;570003103;540019726;VEHADP;1;
SSR2;2014;570005215;570005165;PISCIN;1;
SSR2;2014;570026682;570005165;EXPURO;1;
SSR2;2014;580971349;580002129;PISCIN;1;
SSR2;2014;580972008;580000628;ASSMEM;1;
SSR2;2014;580972008;580000628;EXPEQU;1;
SSR2;2014;580972008;580000628;EXPURO;1;
SSR2;2014;580972008;580000628;ISOCIN;1;
SSR2;2014;580972008;580000628;LABMAR;;1
SSR2;2014;580972008;580000628;PISCIN;1;
SSR2;2014;580972008;580000628;SIMESP;1;
SSR2;2014;580972008;580000628;VEHADP;1;
SSR2;2014;580972610;580780054;APTAUT;;1
SSR2;2014;580972610;580780054;ASSMAR;;1
SSR2;2014;580972610;580780054;ASSMEM;;1
SSR2;2014;580972610;580780054;EXPEQU;;1
SSR2;2014;580972610;580780054;EXPURO;;1
SSR2;2014;580972610;580780054;ISOCIN;;1
SSR2;2014;580972610;580780054;LABMAR;;1
SSR2;2014;580972610;580780054;PISCIN;;1
SSR2;2014;580972610;580780054;SALINT;;1
SSR2;2014;580972610;580780054;SIMESP;;1
SSR2;2014;580972610;580780054;STICON;;1
SSR2;2014;580972610;580780054;VEHADP;;1
SSR2;2014;580972644;580781136;PISCIN;1;
SSR2;2014;580972677;580780088;EXPEQU;1;
SSR2;2014;580972693;580780039;APTAUT;1;
SSR2;2014;590000113;590053120;EXPEQU;1;
SSR2;2014;590000113;590053120;PISCIN;1;
SSR2;2014;590000113;590053120;SIMESP;1;
SSR2;2014;590000121;590780227;APTAUT;1;
SSR2;2014;590000121;590780227;ASSMAR;;1
SSR2;2014;590000121;590780227;ASSMEM;;1
SSR2;2014;590000121;590780227;EXPEQU;;1
SSR2;2014;590000121;590780227;EXPURO;;1
SSR2;2014;590000121;590780227;IDRACH;;1
SSR2;2014;590000121;590780227;ISOCIN;;1
SSR2;2014;590000121;590780227;LABMAR;;1
SSR2;2014;590000121;590780227;PISCIN;1;
SSR2;2014;590000121;590780227;SALINT;;1
SSR2;2014;590000121;590780227;SIMESP;1;
SSR2;2014;590000121;590780227;STICON;;1
SSR2;2014;590000121;590780227;VEHADP;;1
SSR2;2014;590000436;590781621;IDRACH;;1
SSR2;2014;590000436;590781621;PISCIN;;1
SSR2;2014;590000436;590781621;SALINT;;1
SSR2;2014;590000436;590781621;SIMESP;1;
SSR2;2014;590000436;590781621;VEHADP;1;
SSR2;2014;590000477;590781670;ISOCIN;1;
SSR2;2014;590000477;590781670;PISCIN;1;
SSR2;2014;590000527;590781795;APTAUT;;1
SSR2;2014;590000527;590781795;ASSMAR;;1
SSR2;2014;590000527;590781795;ASSMEM;;1
SSR2;2014;590000527;590781795;EXPEQU;;1
SSR2;2014;590000527;590781795;EXPURO;;1
SSR2;2014;590000527;590781795;IDRACH;;1
SSR2;2014;590000527;590781795;ISOCIN;;1
SSR2;2014;590000527;590781795;LABMAR;;1
SSR2;2014;590000527;590781795;PISCIN;;1
SSR2;2014;590000527;590781795;SALINT;;1
SSR2;2014;590000527;590781795;SIMESP;;1
SSR2;2014;590000527;590781795;STICON;;1
SSR2;2014;590000527;590781795;VEHADP;;1
SSR2;2014;590000543;590781811;APTAUT;;1
SSR2;2014;590000543;590781811;ASSMAR;;1
SSR2;2014;590000543;590781811;ASSMEM;;1
SSR2;2014;590000543;590781811;EXPEQU;;1
SSR2;2014;590000543;590781811;EXPURO;1;
SSR2;2014;590000543;590781811;IDRACH;;1
SSR2;2014;590000543;590781811;ISOCIN;1;
SSR2;2014;590000543;590781811;LABMAR;;1
SSR2;2014;590000543;590781811;PISCIN;1;
SSR2;2014;590000543;590781811;SALINT;;1
SSR2;2014;590000543;590781811;SIMESP;1;
SSR2;2014;590000543;590781811;STICON;;1
SSR2;2014;590000543;590781811;VEHADP;1;
SSR2;2014;590000600;590782207;EXPEQU;1;
SSR2;2014;590000600;590782207;EXPURO;1;
SSR2;2014;590000600;590782207;ISOCIN;1;
SSR2;2014;590000600;590782207;LABMAR;;1
SSR2;2014;590000600;590782207;PISCIN;1;
SSR2;2014;590000600;590782207;SIMESP;1;
SSR2;2014;590000600;590782207;STICON;;1
SSR2;2014;590000618;590782215;APTAUT;1;
SSR2;2014;590000618;590782215;EXPEQU;;1
SSR2;2014;590000618;590782215;EXPURO;1;
SSR2;2014;590000618;590782215;LABMAR;;1
SSR2;2014;590000618;590782215;PISCIN;1;
SSR2;2014;590000618;590782215;SALINT;1;
SSR2;2014;590000618;590782215;SIMESP;1;
SSR2;2014;590000691;590782439;EXPEQU;1;
SSR2;2014;590000691;590782439;EXPURO;;1
SSR2;2014;590000691;590782439;ISOCIN;1;
SSR2;2014;590000691;590782439;LABMAR;;1
SSR2;2014;590000691;590782439;PISCIN;1;
SSR2;2014;590000691;590782439;SALINT;1;
SSR2;2014;590000691;590782439;SIMESP;1;
SSR2;2014;590000691;590782439;STICON;;1
SSR2;2014;590001442;590784245;EXPEQU;1;
SSR2;2014;590001442;590784245;EXPURO;;1
SSR2;2014;590001442;590784245;ISOCIN;;1
SSR2;2014;590001442;590784245;PISCIN;1;
SSR2;2014;590001442;590784245;SIMESP;1;
SSR2;2014;590001442;590784245;STICON;;1
SSR2;2014;590001442;590784245;VEHADP;;1
SSR2;2014;590033429;590782421;APTAUT;1;
SSR2;2014;590033429;590782421;EXPEQU;1;
SSR2;2014;590033429;590782421;EXPURO;;1
SSR2;2014;590033429;590782421;SIMESP;1;
SSR2;2014;590034732;590000675;EXPEQU;1;
SSR2;2014;590034732;590000675;ISOCIN;1;
SSR2;2014;590034732;590000675;LABMAR;1;
SSR2;2014;590034732;590000675;PISCIN;1;
SSR2;2014;590034732;590000675;SIMESP;1;
SSR2;2014;590040267;590782678;PISCIN;;1
SSR2;2014;590780128;590000063;APTAUT;1;
SSR2;2014;590780128;590000063;ASSMAR;;1
SSR2;2014;590780128;590000063;ASSMEM;;1
SSR2;2014;590780128;590000063;EXPEQU;;1
SSR2;2014;590780128;590000063;EXPURO;1;
SSR2;2014;590780128;590000063;IDRACH;;1
SSR2;2014;590780128;590000063;ISOCIN;1;
SSR2;2014;590780128;590000063;LABMAR;;1
SSR2;2014;590780128;590000063;PISCIN;1;
SSR2;2014;590780128;590000063;SALINT;;1
SSR2;2014;590780128;590000063;SIMESP;1;
SSR2;2014;590780128;590000063;STICON;;1
SSR2;2014;590780128;590000063;VEHADP;;1
SSR2;2014;590781951;590053955;APTAUT;;1
SSR2;2014;590781951;590053955;ASSMAR;;1
SSR2;2014;590781951;590053955;ASSMEM;;1
SSR2;2014;590781951;590053955;EXPEQU;;1
SSR2;2014;590781951;590053955;EXPURO;;1
SSR2;2014;590781951;590053955;IDRACH;;1
SSR2;2014;590781951;590053955;ISOCIN;;1
SSR2;2014;590781951;590053955;LABMAR;;1
SSR2;2014;590781951;590053955;PISCIN;;1
SSR2;2014;590781951;590053955;SALINT;;1
SSR2;2014;590781951;590053955;SIMESP;;1
SSR2;2014;590781951;590053955;STICON;;1
SSR2;2014;590781951;590053955;VEHADP;;1
SSR2;2014;590782181;590039863;LABMAR;;1
SSR2;2014;590782181;590039863;PISCIN;1;
SSR2;2014;590782181;590039863;SIMESP;1;
SSR2;2014;590782280;590004552;ASSMAR;;1
SSR2;2014;590782280;590004552;ASSMEM;;1
SSR2;2014;590782280;590004552;EXPEQU;;1
SSR2;2014;590782280;590004552;EXPURO;;1
SSR2;2014;590782280;590004552;IDRACH;;1
SSR2;2014;590782280;590004552;ISOCIN;;1
SSR2;2014;590782280;590004552;LABMAR;;1
SSR2;2014;590782280;590004552;PISCIN;;1
SSR2;2014;590782280;590004552;SIMESP;1;
SSR2;2014;590782280;590004552;STICON;;1
SSR2;2014;590782280;590004552;VEHADP;;1
SSR2;2014;590782496;590000139;APTAUT;;1
SSR2;2014;590782496;590000139;ASSMAR;;1
SSR2;2014;590782496;590000139;ASSMEM;;1
SSR2;2014;590782496;590000139;EXPEQU;;1
SSR2;2014;590782496;590000139;EXPURO;;1
SSR2;2014;590782496;590000139;IDRACH;;1
SSR2;2014;590782496;590000139;ISOCIN;;1
SSR2;2014;590782496;590000139;LABMAR;;1
SSR2;2014;590782496;590000139;PISCIN;;1
SSR2;2014;590782496;590000139;SALINT;;1
SSR2;2014;590782496;590000139;SIMESP;;1
SSR2;2014;590782496;590000139;STICON;;1
SSR2;2014;590782496;590000139;VEHADP;;1
SSR2;2014;590782546;590000733;EXPEQU;1;
SSR2;2014;590782546;590000733;ISOCIN;1;
SSR2;2014;590782546;590000733;LABMAR;1;
SSR2;2014;590782546;590000733;PISCIN;1;
SSR2;2014;590782546;590000733;SALINT;1;
SSR2;2014;590782546;590000733;SIMESP;1;
SSR2;2014;590782611;750719239;ASSMEM;1;
SSR2;2014;590782611;750719239;PISCIN;1;
SSR2;2014;590783171;590000980;PISCIN;1;
SSR2;2014;590783171;590000980;SIMESP;1;
SSR2;2014;590783189;590004552;APTAUT;;1
SSR2;2014;590783189;590004552;ASSMAR;;1
SSR2;2014;590783189;590004552;ASSMEM;;1
SSR2;2014;590783189;590004552;EXPEQU;;1
SSR2;2014;590783189;590004552;EXPURO;;1
SSR2;2014;590783189;590004552;IDRACH;;1
SSR2;2014;590783189;590004552;ISOCIN;;1
SSR2;2014;590783189;590004552;LABMAR;;1
SSR2;2014;590783189;590004552;PISCIN;;1
SSR2;2014;590783189;590004552;STICON;;1
SSR2;2014;590783189;590004552;VEHADP;;1
SSR2;2014;590784898;590780193;APTAUT;;1
SSR2;2014;590784898;590780193;ASSMAR;1;
SSR2;2014;590784898;590780193;ASSMEM;1;
SSR2;2014;590784898;590780193;EXPEQU;1;
SSR2;2014;590784898;590780193;EXPURO;;1
SSR2;2014;590784898;590780193;IDRACH;;1
SSR2;2014;590784898;590780193;ISOCIN;1;
SSR2;2014;590784898;590780193;LABMAR;1;
SSR2;2014;590784898;590780193;PISCIN;1;
SSR2;2014;590784898;590780193;SALINT;;1
SSR2;2014;590784898;590780193;SIMESP;1;
SSR2;2014;590784898;590780193;STICON;1;
SSR2;2014;590784898;590780193;VEHADP;1;
SSR2;2014;590785374;620001834;APTAUT;;1
SSR2;2014;590785374;620001834;ASSMAR;;1
SSR2;2014;590785374;620001834;ASSMEM;;1
SSR2;2014;590785374;620001834;EXPEQU;;1
SSR2;2014;590785374;620001834;EXPURO;;1
SSR2;2014;590785374;620001834;IDRACH;;1
SSR2;2014;590785374;620001834;ISOCIN;;1
SSR2;2014;590785374;620001834;LABMAR;;1
SSR2;2014;590785374;620001834;PISCIN;;1
SSR2;2014;590785374;620001834;SALINT;;1
SSR2;2014;590785374;620001834;SIMESP;;1
SSR2;2014;590785374;620001834;STICON;;1
SSR2;2014;590785374;620001834;VEHADP;;1
SSR2;2014;590785424;930019484;PISCIN;1;
SSR2;2014;590785424;930019484;STICON;1;
SSR2;2014;590788865;590782421;APTAUT;;1
SSR2;2014;590788865;590782421;EXPEQU;1;
SSR2;2014;590788865;590782421;EXPURO;;1
SSR2;2014;590790473;620020859;PISCIN;1;
SSR2;2014;590791091;590780193;APTAUT;1;
SSR2;2014;590791091;590780193;ASSMAR;;1
SSR2;2014;590791091;590780193;ASSMEM;;1
SSR2;2014;590791091;590780193;EXPEQU;1;
SSR2;2014;590791091;590780193;EXPURO;;1
SSR2;2014;590791091;590780193;IDRACH;;1
SSR2;2014;590791091;590780193;ISOCIN;;1
SSR2;2014;590791091;590780193;LABMAR;1;
SSR2;2014;590791091;590780193;PISCIN;1;
SSR2;2014;590791091;590780193;SALINT;;1
SSR2;2014;590791091;590780193;SIMESP;1;
SSR2;2014;590791091;590780193;STICON;;1
SSR2;2014;590791091;590780193;VEHADP;;1
SSR2;2014;590791323;590782637;EXPURO;1;
SSR2;2014;590791323;590782637;SALINT;1;
SSR2;2014;590791323;590782637;SIMESP;1;
SSR2;2014;590791323;590782637;VEHADP;1;
SSR2;2014;590791729;590781902;EXPEQU;1;
SSR2;2014;590791729;590781902;LABMAR;1;
SSR2;2014;590797346;620020859;APTAUT;;1
SSR2;2014;590797346;620020859;ASSMAR;1;
SSR2;2014;590797346;620020859;ASSMEM;1;
SSR2;2014;590797346;620020859;EXPEQU;;1
SSR2;2014;590797346;620020859;EXPURO;;1
SSR2;2014;590797346;620020859;IDRACH;;1
SSR2;2014;590797346;620020859;ISOCIN;;1
SSR2;2014;590797346;620020859;LABMAR;;1
SSR2;2014;590797346;620020859;PISCIN;;1
SSR2;2014;590797346;620020859;SALINT;;1
SSR2;2014;590797346;620020859;SIMESP;1;
SSR2;2014;590797346;620020859;STICON;;1
SSR2;2014;590797346;620020859;VEHADP;;1
SSR2;2014;590797387;590805628;APTAUT;1;
SSR2;2014;590797387;590805628;ASSMAR;1;
SSR2;2014;590797387;590805628;EXPURO;1;
SSR2;2014;590797387;590805628;ISOCIN;1;
SSR2;2014;590797387;590805628;LABMAR;;1
SSR2;2014;590797387;590805628;PISCIN;1;
SSR2;2014;590797387;590805628;SIMESP;1;
SSR2;2014;590797387;590805628;STICON;1;
SSR2;2014;590797387;590805628;VEHADP;1;
SSR2;2014;590801106;590782421;APTAUT;1;
SSR2;2014;590801106;590782421;EXPEQU;;1
SSR2;2014;590801106;590782421;EXPURO;;1
SSR2;2014;590806360;590003596;PISCIN;1;
SSR2;2014;590809703;590004552;APTAUT;1;
SSR2;2014;590809703;590004552;ASSMAR;1;
SSR2;2014;590809703;590004552;ASSMEM;1;
SSR2;2014;590809703;590004552;EXPEQU;1;
SSR2;2014;590809703;590004552;EXPURO;;1
SSR2;2014;590809703;590004552;IDRACH;1;
SSR2;2014;590809703;590004552;ISOCIN;1;
SSR2;2014;590809703;590004552;LABMAR;;1
SSR2;2014;590809703;590004552;PISCIN;1;
SSR2;2014;590809703;590004552;SALINT;;1
SSR2;2014;590809703;590004552;SIMESP;1;
SSR2;2014;590809703;590004552;STICON;;1
SSR2;2014;590809703;590004552;VEHADP;1;
SSR2;2014;590810784;590004685;APTAUT;;1
SSR2;2014;590810784;590004685;ASSMAR;;1
SSR2;2014;590810784;590004685;ASSMEM;;1
SSR2;2014;590810784;590004685;EXPEQU;;1
SSR2;2014;590810784;590004685;EXPURO;;1
SSR2;2014;590810784;590004685;IDRACH;;1
SSR2;2014;590810784;590004685;ISOCIN;1;
SSR2;2014;590810784;590004685;LABMAR;;1
SSR2;2014;590810784;590004685;PISCIN;1;
SSR2;2014;590810784;590004685;SALINT;1;
SSR2;2014;590810784;590004685;SIMESP;1;
SSR2;2014;590810784;590004685;STICON;;1
SSR2;2014;590810784;590004685;VEHADP;;1
SSR2;2014;590813507;590000485;ASSMAR;;1
SSR2;2014;590813507;590000485;EXPEQU;1;
SSR2;2014;590813507;590000485;ISOCIN;1;
SSR2;2014;590813507;590000485;PISCIN;1;
SSR2;2014;590817441;620003814;EXPEQU;1;
SSR2;2014;590817441;620003814;ISOCIN;1;
SSR2;2014;590817441;620003814;LABMAR;;1
SSR2;2014;590817441;620003814;PISCIN;1;
SSR2;2014;590817441;620003814;STICON;;1
SSR2;2014;590817839;590053955;APTAUT;;1
SSR2;2014;590817839;590053955;ASSMAR;;1
SSR2;2014;590817839;590053955;ASSMEM;;1
SSR2;2014;590817839;590053955;EXPEQU;;1
SSR2;2014;590817839;590053955;EXPURO;;1
SSR2;2014;590817839;590053955;IDRACH;;1
SSR2;2014;590817839;590053955;ISOCIN;;1
SSR2;2014;590817839;590053955;LABMAR;;1
SSR2;2014;590817839;590053955;PISCIN;;1
SSR2;2014;590817839;590053955;SALINT;;1
SSR2;2014;590817839;590053955;SIMESP;;1
SSR2;2014;590817839;590053955;STICON;;1
SSR2;2014;590817839;590053955;VEHADP;;1
SSR2;2014;600000053;600101984;SIMESP;1;
SSR2;2014;600000186;600100648;APTAUT;;1
SSR2;2014;600000186;600100648;ASSMAR;;1
SSR2;2014;600000186;600100648;ASSMEM;;1
SSR2;2014;600000186;600100648;EXPEQU;;1
SSR2;2014;600000186;600100648;EXPURO;;1
SSR2;2014;600000186;600100648;IDRACH;;1
SSR2;2014;600000186;600100648;ISOCIN;;1
SSR2;2014;600000186;600100648;LABMAR;;1
SSR2;2014;600000186;600100648;PISCIN;;1
SSR2;2014;600000186;600100648;SALINT;;1
SSR2;2014;600000186;600100648;SIMESP;;1
SSR2;2014;600000186;600100648;STICON;;1
SSR2;2014;600000186;600100648;VEHADP;;1
SSR2;2014;600100283;750710428;APTAUT;1;
SSR2;2014;600100283;750710428;LABMAR;;1
SSR2;2014;600100283;750710428;PISCIN;1;
SSR2;2014;600100283;750710428;SIMESP;1;
SSR2;2014;600100309;750721334;EXPEQU;1;
SSR2;2014;600100309;750721334;LABMAR;1;
SSR2;2014;600100309;750721334;PISCIN;1;
SSR2;2014;600100671;750034589;LABMAR;;1
SSR2;2014;600100671;750034589;PISCIN;1;
SSR2;2014;600100754;600000228;EXPURO;1;
SSR2;2014;600100754;600000228;PISCIN;1;
SSR2;2014;600100754;600000228;SALINT;1;
SSR2;2014;600100754;600000228;SIMESP;1;
SSR2;2014;600100796;750720609;APTAUT;1;
SSR2;2014;600100796;750720609;EXPEQU;1;
SSR2;2014;600100796;750720609;ISOCIN;1;
SSR2;2014;600100796;750720609;LABMAR;1;
SSR2;2014;600100796;750720609;PISCIN;1;
SSR2;2014;600100796;750720609;SIMESP;1;
SSR2;2014;600100796;750720609;VEHADP;1;
SSR2;2014;600100861;440052041;ASSMAR;1;
SSR2;2014;600100861;440052041;ISOCIN;1;
SSR2;2014;600100861;440052041;PISCIN;1;
SSR2;2014;600101679;590039863;IDRACH;;1
SSR2;2014;600101679;590039863;ISOCIN;1;
SSR2;2014;600101679;590039863;PISCIN;1;
SSR2;2014;600101679;590039863;SALINT;;1
SSR2;2014;600101679;590039863;SIMESP;1;
SSR2;2014;600101687;600010037;APTAUT;;1
SSR2;2014;600101687;600010037;ASSMAR;;1
SSR2;2014;600101687;600010037;ASSMEM;;1
SSR2;2014;600101687;600010037;EXPEQU;;1
SSR2;2014;600101687;600010037;EXPURO;;1
SSR2;2014;600101687;600010037;IDRACH;;1
SSR2;2014;600101687;600010037;ISOCIN;;1
SSR2;2014;600101687;600010037;LABMAR;;1
SSR2;2014;600101687;600010037;PISCIN;;1
SSR2;2014;600101687;600010037;SALINT;;1
SSR2;2014;600101687;600010037;SIMESP;;1
SSR2;2014;600101687;600010037;STICON;;1
SSR2;2014;600101687;600010037;VEHADP;;1
SSR2;2014;600101943;750720609;APTAUT;;1
SSR2;2014;600101943;750720609;EXPEQU;;1
SSR2;2014;600101943;750720609;EXPURO;;1
SSR2;2014;600101943;750720609;ISOCIN;;1
SSR2;2014;600101943;750720609;LABMAR;;1
SSR2;2014;600101943;750720609;PISCIN;;1
SSR2;2014;600101943;750720609;SALINT;;1
SSR2;2014;600101943;750720609;SIMESP;;1
SSR2;2014;600101943;750720609;STICON;;1
SSR2;2014;600101943;750720609;VEHADP;;1
SSR2;2014;600111124;600106611;SIMESP;1;
SSR2;2014;600113476;600100721;EXPEQU;1;
SSR2;2014;600113476;600100721;EXPURO;1;
SSR2;2014;600113476;600100721;SIMESP;1;
SSR2;2014;610000051;610780082;EXPURO;;1
SSR2;2014;610000069;610780090;EXPURO;1;
SSR2;2014;610000069;610780090;SALINT;1;
SSR2;2014;610000077;610780124;SIMESP;1;
SSR2;2014;610006371;610000135;APTAUT;1;
SSR2;2014;610006371;610000135;SIMESP;1;
SSR2;2014;610780108;610790594;APTAUT;;1
SSR2;2014;610780108;610790594;ASSMAR;;1
SSR2;2014;610780108;610790594;ASSMEM;;1
SSR2;2014;610780108;610790594;EXPEQU;;1
SSR2;2014;610780108;610790594;EXPURO;;1
SSR2;2014;610780108;610790594;IDRACH;;1
SSR2;2014;610780108;610790594;ISOCIN;;1
SSR2;2014;610780108;610790594;LABMAR;;1
SSR2;2014;610780108;610790594;PISCIN;;1
SSR2;2014;610780108;610790594;SALINT;;1
SSR2;2014;610780108;610790594;SIMESP;;1
SSR2;2014;610780108;610790594;STICON;;1
SSR2;2014;610780108;610790594;VEHADP;;1
SSR2;2014;610780389;610004939;EXPEQU;1;
SSR2;2014;610780389;610004939;PISCIN;1;
SSR2;2014;610780389;610004939;SIMESP;1;
SSR2;2014;610784423;610787285;APTAUT;1;
SSR2;2014;610784423;610787285;EXPEQU;1;
SSR2;2014;610784423;610787285;EXPURO;1;
SSR2;2014;610784423;610787285;ISOCIN;1;
SSR2;2014;610784423;610787285;PISCIN;1;
SSR2;2014;610784423;610787285;SIMESP;1;
SSR2;2014;620000026;620003814;APTAUT;1;
SSR2;2014;620000026;620003814;ASSMAR;1;
SSR2;2014;620000026;620003814;ASSMEM;1;
SSR2;2014;620000026;620003814;EXPEQU;1;
SSR2;2014;620000026;620003814;EXPURO;1;
SSR2;2014;620000026;620003814;ISOCIN;1;
SSR2;2014;620000026;620003814;LABMAR;;1
SSR2;2014;620000026;620003814;PISCIN;;1
SSR2;2014;620000026;620003814;SIMESP;1;
SSR2;2014;620000026;620003814;STICON;;1
SSR2;2014;620000026;620003814;VEHADP;;1
SSR2;2014;620000117;620100461;APTAUT;;1
SSR2;2014;620000117;620100461;ASSMAR;;1
SSR2;2014;620000117;620100461;ASSMEM;;1
SSR2;2014;620000117;620100461;EXPEQU;;1
SSR2;2014;620000117;620100461;EXPURO;;1
SSR2;2014;620000117;620100461;IDRACH;;1
SSR2;2014;620000117;620100461;ISOCIN;;1
SSR2;2014;620000117;620100461;LABMAR;;1
SSR2;2014;620000117;620100461;PISCIN;;1
SSR2;2014;620000117;620100461;SALINT;;1
SSR2;2014;620000117;620100461;SIMESP;;1
SSR2;2014;620000117;620100461;STICON;;1
SSR2;2014;620000117;620100461;VEHADP;;1
SSR2;2014;620000232;620100669;PISCIN;;1
SSR2;2014;620000257;620100685;EXPURO;1;
SSR2;2014;620000257;620100685;PISCIN;1;
SSR2;2014;620000257;620100685;SALINT;1;
SSR2;2014;620000257;620100685;SIMESP;1;
SSR2;2014;620000323;620101337;PISCIN;;1
SSR2;2014;620000323;620101337;SIMESP;1;
SSR2;2014;620000349;620101360;EXPEQU;1;
SSR2;2014;620000349;620101360;EXPURO;1;
SSR2;2014;620000349;620101360;ISOCIN;1;
SSR2;2014;620000349;620101360;LABMAR;1;
SSR2;2014;620000349;620101360;PISCIN;1;
SSR2;2014;620000349;620101360;SALINT;1;
SSR2;2014;620000349;620101360;SIMESP;1;
SSR2;2014;620003202;620103432;EXPURO;1;
SSR2;2014;620003822;620003814;APTAUT;;1
SSR2;2014;620003822;620003814;ASSMAR;;1
SSR2;2014;620003822;620003814;ASSMEM;;1
SSR2;2014;620003822;620003814;EXPEQU;;1
SSR2;2014;620003822;620003814;EXPURO;1;
SSR2;2014;620003822;620003814;IDRACH;;1
SSR2;2014;620003822;620003814;ISOCIN;;1
SSR2;2014;620003822;620003814;LABMAR;;1
SSR2;2014;620003822;620003814;PISCIN;1;
SSR2;2014;620003822;620003814;SALINT;;1
SSR2;2014;620003822;620003814;SIMESP;1;
SSR2;2014;620003822;620003814;STICON;;1
SSR2;2014;620003822;620003814;VEHADP;;1
SSR2;2014;620026401;620024158;APTAUT;;1
SSR2;2014;620026401;620024158;ASSMAR;;1
SSR2;2014;620026401;620024158;ASSMEM;;1
SSR2;2014;620026401;620024158;EXPEQU;1;
SSR2;2014;620026401;620024158;EXPURO;;1
SSR2;2014;620026401;620024158;IDRACH;;1
SSR2;2014;620026401;620024158;ISOCIN;1;
SSR2;2014;620026401;620024158;LABMAR;;1
SSR2;2014;620026401;620024158;PISCIN;;1
SSR2;2014;620026401;620024158;SALINT;;1
SSR2;2014;620026401;620024158;SIMESP;1;
SSR2;2014;620026401;620024158;STICON;;1
SSR2;2014;620026401;620024158;VEHADP;;1
SSR2;2014;620027664;620003814;APTAUT;1;
SSR2;2014;620027664;620003814;ASSMAR;1;
SSR2;2014;620027664;620003814;ASSMEM;1;
SSR2;2014;620027664;620003814;EXPEQU;1;
SSR2;2014;620027664;620003814;EXPURO;1;
SSR2;2014;620027664;620003814;ISOCIN;1;
SSR2;2014;620027664;620003814;LABMAR;1;
SSR2;2014;620027664;620003814;PISCIN;1;
SSR2;2014;620027664;620003814;SIMESP;1;
SSR2;2014;620027664;620003814;STICON;1;
SSR2;2014;620027664;620003814;VEHADP;1;
SSR2;2014;620100016;750712184;EXPURO;1;
SSR2;2014;620100016;750712184;PISCIN;1;
SSR2;2014;620100016;750712184;STICON;;1
SSR2;2014;620100487;620000125;APTAUT;;1
SSR2;2014;620100487;620000125;ASSMAR;;1
SSR2;2014;620100487;620000125;ASSMEM;;1
SSR2;2014;620100487;620000125;EXPEQU;;1
SSR2;2014;620100487;620000125;EXPURO;;1
SSR2;2014;620100487;620000125;IDRACH;;1
SSR2;2014;620100487;620000125;ISOCIN;;1
SSR2;2014;620100487;620000125;LABMAR;;1
SSR2;2014;620100487;620000125;PISCIN;;1
SSR2;2014;620100487;620000125;SALINT;1;
SSR2;2014;620100487;620000125;SIMESP;;1
SSR2;2014;620100487;620000125;STICON;;1
SSR2;2014;620100487;620000125;VEHADP;;1
SSR2;2014;620100842;620001834;APTAUT;;1
SSR2;2014;620100842;620001834;ASSMAR;1;
SSR2;2014;620100842;620001834;ASSMEM;;1
SSR2;2014;620100842;620001834;EXPEQU;1;
SSR2;2014;620100842;620001834;EXPURO;;1
SSR2;2014;620100842;620001834;IDRACH;;1
SSR2;2014;620100842;620001834;ISOCIN;1;
SSR2;2014;620100842;620001834;LABMAR;;1
SSR2;2014;620100842;620001834;PISCIN;1;
SSR2;2014;620100842;620001834;SALINT;;1
SSR2;2014;620100842;620001834;SIMESP;1;
SSR2;2014;620100842;620001834;STICON;;1
SSR2;2014;620100842;620001834;VEHADP;;1
SSR2;2014;620102053;620103440;EXPURO;;1
SSR2;2014;620102053;620103440;SALINT;;1
SSR2;2014;620102053;620103440;SIMESP;1;
SSR2;2014;620105940;620000950;PISCIN;1;
SSR2;2014;620105973;590039863;PISCIN;1;
SSR2;2014;630000149;630780302;ASSMEM;1;
SSR2;2014;630000149;630780302;PISCIN;1;
SSR2;2014;630000149;630780302;VEHADP;1;
SSR2;2014;630000412;630780997;APTAUT;;1
SSR2;2014;630000412;630780997;ASSMAR;;1
SSR2;2014;630000412;630780997;ASSMEM;;1
SSR2;2014;630000412;630780997;EXPEQU;;1
SSR2;2014;630000412;630780997;EXPURO;;1
SSR2;2014;630000412;630780997;IDRACH;;1
SSR2;2014;630000412;630780997;ISOCIN;;1
SSR2;2014;630000412;630780997;LABMAR;;1
SSR2;2014;630000412;630780997;PISCIN;;1
SSR2;2014;630000412;630780997;SALINT;;1
SSR2;2014;630000412;630780997;SIMESP;;1
SSR2;2014;630000412;630780997;STICON;;1
SSR2;2014;630000412;630780997;VEHADP;;1
SSR2;2014;630000487;630781136;APTAUT;;1
SSR2;2014;630000487;630781136;ASSMAR;;1
SSR2;2014;630000487;630781136;ASSMEM;;1
SSR2;2014;630000487;630781136;EXPEQU;1;
SSR2;2014;630000487;630781136;EXPURO;;1
SSR2;2014;630000487;630781136;IDRACH;;1
SSR2;2014;630000487;630781136;ISOCIN;1;
SSR2;2014;630000487;630781136;LABMAR;;1
SSR2;2014;630000487;630781136;PISCIN;1;
SSR2;2014;630000487;630781136;SALINT;;1
SSR2;2014;630000487;630781136;SIMESP;1;
SSR2;2014;630000487;630781136;STICON;;1
SSR2;2014;630000487;630781136;VEHADP;;1
SSR2;2014;630011211;690795331;SIMESP;1;
SSR2;2014;630780310;630000156;SIMESP;1;
SSR2;2014;630780559;870015336;PISCIN;;1
SSR2;2014;630781755;630011518;PISCIN;1;
SSR2;2014;630781755;630011518;VEHADP;1;
SSR2;2014;630783348;750050916;APTAUT;;1
SSR2;2014;630783348;750050916;ASSMAR;;1
SSR2;2014;630783348;750050916;ASSMEM;1;
SSR2;2014;630783348;750050916;EXPEQU;1;
SSR2;2014;630783348;750050916;EXPURO;;1
SSR2;2014;630783348;750050916;IDRACH;;1
SSR2;2014;630783348;750050916;ISOCIN;1;
SSR2;2014;630783348;750050916;LABMAR;;1
SSR2;2014;630783348;750050916;PISCIN;1;
SSR2;2014;630783348;750050916;SALINT;;1
SSR2;2014;630783348;750050916;SIMESP;1;
SSR2;2014;630783348;750050916;STICON;;1
SSR2;2014;630783348;750050916;VEHADP;;1
SSR2;2014;630785756;630001188;APTAUT;1;
SSR2;2014;630785756;630001188;EXPEQU;1;
SSR2;2014;630785756;630001188;PISCIN;1;
SSR2;2014;630785756;630001188;SIMESP;1;
SSR2;2014;640000600;640781290;EXPEQU;1;
SSR2;2014;640000600;640781290;EXPURO;1;
SSR2;2014;640000600;640781290;PISCIN;1;
SSR2;2014;640000600;640781290;SIMESP;1;
SSR2;2014;640005591;750043994;ASSMAR;;1
SSR2;2014;640005591;750043994;ASSMEM;;1
SSR2;2014;640005591;750043994;EXPEQU;;1
SSR2;2014;640005591;750043994;IDRACH;;1
SSR2;2014;640005591;750043994;ISOCIN;;1
SSR2;2014;640005591;750043994;LABMAR;;1
SSR2;2014;640005591;750043994;PISCIN;;1
SSR2;2014;640005591;750043994;SALINT;;1
SSR2;2014;640005591;750043994;STICON;;1
SSR2;2014;640005591;750043994;VEHADP;;1
SSR2;2014;640010518;640010468;PISCIN;1;
SSR2;2014;640010518;640010468;SIMESP;1;
SSR2;2014;640017224;640011839;EXPEQU;;1
SSR2;2014;640017224;640011839;PISCIN;1;
SSR2;2014;640780185;640000089;APTAUT;1;
SSR2;2014;640780185;640000089;ASSMAR;1;
SSR2;2014;640780185;640000089;ASSMEM;1;
SSR2;2014;640780185;640000089;EXPEQU;1;
SSR2;2014;640780185;640000089;EXPURO;1;
SSR2;2014;640780185;640000089;LABMAR;1;
SSR2;2014;640780185;640000089;PISCIN;1;
SSR2;2014;640780185;640000089;SIMESP;1;
SSR2;2014;640780607;640000261;EXPEQU;1;
SSR2;2014;640780607;640000261;PISCIN;;1
SSR2;2014;640780607;640000261;SIMESP;;1
SSR2;2014;640780672;640000337;APTAUT;1;
SSR2;2014;640780672;640000337;ASSMAR;1;
SSR2;2014;640780672;640000337;ASSMEM;1;
SSR2;2014;640780672;640000337;EXPEQU;1;
SSR2;2014;640780672;640000337;EXPURO;1;
SSR2;2014;640780672;640000337;ISOCIN;1;
SSR2;2014;640780672;640000337;LABMAR;;1
SSR2;2014;640780672;640000337;PISCIN;1;
SSR2;2014;640780672;640000337;STICON;1;
SSR2;2014;640780672;640000337;VEHADP;1;
SSR2;2014;640780755;640780417;EXPEQU;1;
SSR2;2014;640780755;640780417;EXPURO;;1
SSR2;2014;640780755;640780417;PISCIN;1;
SSR2;2014;640780755;640780417;SALINT;;1
SSR2;2014;640780755;640780417;SIMESP;1;
SSR2;2014;640780904;750721334;EXPURO;1;
SSR2;2014;640780904;750721334;PISCIN;1;
SSR2;2014;640780904;750721334;VEHADP;1;
SSR2;2014;640787149;640001681;APTAUT;;1
SSR2;2014;640787149;640001681;ASSMAR;;1
SSR2;2014;640787149;640001681;ASSMEM;;1
SSR2;2014;640787149;640001681;EXPEQU;1;
SSR2;2014;640787149;640001681;EXPURO;1;
SSR2;2014;640787149;640001681;IDRACH;;1
SSR2;2014;640787149;640001681;ISOCIN;1;
SSR2;2014;640787149;640001681;LABMAR;;1
SSR2;2014;640787149;640001681;PISCIN;1;
SSR2;2014;640787149;640001681;SALINT;;1
SSR2;2014;640787149;640001681;SIMESP;;1
SSR2;2014;640787149;640001681;STICON;;1
SSR2;2014;640787149;640001681;VEHADP;;1
SSR2;2014;650000045;650780158;EXPEQU;1;
SSR2;2014;650000045;650780158;SIMESP;1;
SSR2;2014;650000052;650780166;EXPEQU;1;
SSR2;2014;650000052;650780166;EXPURO;1;
SSR2;2014;650000052;650780166;ISOCIN;1;
SSR2;2014;650000052;650780166;PISCIN;1;
SSR2;2014;650000052;650780166;SIMESP;1;
SSR2;2014;650780323;650000128;PISCIN;;1
SSR2;2014;650780398;750005068;EXPEQU;1;
SSR2;2014;650780398;750005068;ISOCIN;1;
SSR2;2014;650780398;750005068;SIMESP;1;
SSR2;2014;660000084;660780180;PISCIN;1;
SSR2;2014;660000167;660780271;SIMESP;1;
SSR2;2014;660000605;660786799;ASSMAR;1;
SSR2;2014;660000605;660786799;ASSMEM;1;
SSR2;2014;660000605;660786799;EXPEQU;1;
SSR2;2014;660000605;660786799;EXPURO;1;
SSR2;2014;660000605;660786799;LABMAR;1;
SSR2;2014;660000605;660786799;PISCIN;1;
SSR2;2014;660000605;660786799;SIMESP;1;
SSR2;2014;660000605;660786799;VEHADP;1;
SSR2;2014;660006990;340019363;ASSMEM;1;
SSR2;2014;660006990;340019363;EXPEQU;1;
SSR2;2014;660006990;340019363;ISOCIN;1;
SSR2;2014;660006990;340019363;LABMAR;1;
SSR2;2014;660780172;660786799;PISCIN;1;
SSR2;2014;660780347;660000183;PISCIN;1;
SSR2;2014;660780537;660006867;APTAUT;;1
SSR2;2014;660780537;660006867;ASSMAR;;1
SSR2;2014;660780537;660006867;ASSMEM;;1
SSR2;2014;660780537;660006867;EXPEQU;;1
SSR2;2014;660780537;660006867;EXPURO;;1
SSR2;2014;660780537;660006867;IDRACH;;1
SSR2;2014;660780537;660006867;ISOCIN;;1
SSR2;2014;660780537;660006867;LABMAR;;1
SSR2;2014;660780537;660006867;PISCIN;;1
SSR2;2014;660780537;660006867;SALINT;;1
SSR2;2014;660780537;660006867;SIMESP;;1
SSR2;2014;660780537;660006867;STICON;;1
SSR2;2014;660780537;660006867;VEHADP;;1
SSR2;2014;660780636;660000290;APTAUT;;1
SSR2;2014;660780636;660000290;ASSMAR;1;
SSR2;2014;660780636;660000290;ASSMEM;1;
SSR2;2014;660780636;660000290;EXPEQU;1;
SSR2;2014;660780636;660000290;EXPURO;;1
SSR2;2014;660780636;660000290;IDRACH;1;
SSR2;2014;660780636;660000290;ISOCIN;;1
SSR2;2014;660780636;660000290;LABMAR;;1
SSR2;2014;660780636;660000290;PISCIN;1;
SSR2;2014;660780636;660000290;SALINT;;1
SSR2;2014;660780636;660000290;SIMESP;1;
SSR2;2014;660780636;660000290;STICON;;1
SSR2;2014;660780636;660000290;VEHADP;;1
SSR2;2014;660780743;660000373;APTAUT;;1
SSR2;2014;660780743;660000373;ASSMAR;;1
SSR2;2014;660780743;660000373;ASSMEM;;1
SSR2;2014;660780743;660000373;EXPEQU;;1
SSR2;2014;660780743;660000373;EXPURO;;1
SSR2;2014;660780743;660000373;IDRACH;;1
SSR2;2014;660780743;660000373;ISOCIN;;1
SSR2;2014;660780743;660000373;LABMAR;;1
SSR2;2014;660780743;660000373;PISCIN;;1
SSR2;2014;660780743;660000373;SALINT;;1
SSR2;2014;660780743;660000373;SIMESP;1;
SSR2;2014;660780743;660000373;STICON;;1
SSR2;2014;660780743;660000373;VEHADP;;1
SSR2;2014;660780842;660000431;PISCIN;;1
SSR2;2014;660781287;660000621;ASSMAR;1;
SSR2;2014;660781287;660000621;ASSMEM;1;
SSR2;2014;660781287;660000621;EXPEQU;1;
SSR2;2014;660781287;660000621;EXPURO;;1
SSR2;2014;660781287;660000621;ISOCIN;1;
SSR2;2014;660781287;660000621;LABMAR;1;
SSR2;2014;660781287;660000621;PISCIN;1;
SSR2;2014;660781287;660000621;SIMESP;1;
SSR2;2014;660781287;660000621;STICON;;1
SSR2;2014;660781287;660000621;VEHADP;1;
SSR2;2014;660790163;660790155;ASSMAR;1;
SSR2;2014;660790163;660790155;EXPEQU;1;
SSR2;2014;660790163;660790155;EXPURO;1;
SSR2;2014;660790163;660790155;ISOCIN;1;
SSR2;2014;660790163;660790155;PISCIN;1;
SSR2;2014;660790163;660790155;SIMESP;1;
SSR2;2014;670000041;670780071;APTAUT;;1
SSR2;2014;670000041;670780071;ASSMAR;;1
SSR2;2014;670000041;670780071;ASSMEM;;1
SSR2;2014;670000041;670780071;EXPEQU;;1
SSR2;2014;670000041;670780071;EXPURO;;1
SSR2;2014;670000041;670780071;IDRACH;;1
SSR2;2014;670000041;670780071;ISOCIN;;1
SSR2;2014;670000041;670780071;PISCIN;;1
SSR2;2014;670000041;670780071;SALINT;;1
SSR2;2014;670000041;670780071;SIMESP;1;
SSR2;2014;670000041;670780071;STICON;;1
SSR2;2014;670000041;670780071;VEHADP;;1
SSR2;2014;670000157;670780337;EXPURO;1;
SSR2;2014;670014042;670013754;EXPEQU;;1
SSR2;2014;670014042;670013754;EXPURO;;1
SSR2;2014;670014042;670013754;ISOCIN;;1
SSR2;2014;670014042;670013754;PISCIN;;1
SSR2;2014;670014042;670013754;SALINT;;1
SSR2;2014;670014042;670013754;SIMESP;;1
SSR2;2014;670016153;670013754;EXPEQU;;1
SSR2;2014;670016153;670013754;EXPURO;;1
SSR2;2014;670016153;670013754;ISOCIN;;1
SSR2;2014;670016153;670013754;PISCIN;;1
SSR2;2014;670016153;670013754;SALINT;;1
SSR2;2014;670016153;670013754;SIMESP;;1
SSR2;2014;670016237;670016211;ASSMAR;1;
SSR2;2014;670016237;670016211;EXPURO;;1
SSR2;2014;670016237;670016211;SALINT;;1
SSR2;2014;670780121;670013754;EXPEQU;1;
SSR2;2014;670780121;670013754;EXPURO;1;
SSR2;2014;670780121;670013754;ISOCIN;1;
SSR2;2014;670780121;670013754;PISCIN;1;
SSR2;2014;670780121;670013754;SALINT;1;
SSR2;2014;670780121;670013754;SIMESP;1;
SSR2;2014;670780121;670013754;VEHADP;;1
SSR2;2014;670780550;670013754;EXPEQU;;1
SSR2;2014;670780550;670013754;EXPURO;;1
SSR2;2014;670780550;670013754;ISOCIN;;1
SSR2;2014;670780550;670013754;PISCIN;1;
SSR2;2014;670780550;670013754;SALINT;;1
SSR2;2014;670780550;670013754;SIMESP;1;
SSR2;2014;670780592;670013754;EXPEQU;;1
SSR2;2014;670780592;670013754;EXPURO;;1
SSR2;2014;670780592;670013754;ISOCIN;;1
SSR2;2014;670780592;670013754;PISCIN;;1
SSR2;2014;670780592;670013754;SALINT;;1
SSR2;2014;670780592;670013754;SIMESP;;1
SSR2;2014;670780873;670013754;EXPEQU;;1
SSR2;2014;670780873;670013754;EXPURO;;1
SSR2;2014;670780873;670013754;ISOCIN;;1
SSR2;2014;670780873;670013754;PISCIN;;1
SSR2;2014;670780873;670013754;SALINT;;1
SSR2;2014;670780873;670013754;SIMESP;;1
SSR2;2014;670780915;670013754;EXPEQU;;1
SSR2;2014;670780915;670013754;EXPURO;;1
SSR2;2014;670780915;670013754;ISOCIN;;1
SSR2;2014;670780915;670013754;PISCIN;;1
SSR2;2014;670780915;670013754;SALINT;;1
SSR2;2014;670780915;670013754;SIMESP;;1
SSR2;2014;670781129;670013754;EXPEQU;;1
SSR2;2014;670781129;670013754;EXPURO;;1
SSR2;2014;670781129;670013754;ISOCIN;;1
SSR2;2014;670781129;670013754;PISCIN;;1
SSR2;2014;670781129;670013754;SALINT;;1
SSR2;2014;670781129;670013754;SIMESP;1;
SSR2;2014;670781129;670013754;VEHADP;;1
SSR2;2014;670783133;670780055;EXPURO;;1
SSR2;2014;670783133;670780055;SALINT;;1
SSR2;2014;670783133;670780055;SIMESP;1;
SSR2;2014;680000072;670013754;APTAUT;;1
SSR2;2014;680000072;670013754;ASSMAR;;1
SSR2;2014;680000072;670013754;ASSMEM;;1
SSR2;2014;680000072;670013754;EXPEQU;;1
SSR2;2014;680000072;670013754;EXPURO;;1
SSR2;2014;680000072;670013754;IDRACH;;1
SSR2;2014;680000072;670013754;ISOCIN;;1
SSR2;2014;680000072;670013754;LABMAR;;1
SSR2;2014;680000072;670013754;PISCIN;;1
SSR2;2014;680000072;670013754;SALINT;;1
SSR2;2014;680000072;670013754;SIMESP;;1
SSR2;2014;680000072;670013754;STICON;;1
SSR2;2014;680000072;670013754;VEHADP;;1
SSR2;2014;680000122;680000346;SIMESP;1;
SSR2;2014;680000130;680000353;APTAUT;1;
SSR2;2014;680000130;680000353;EXPEQU;1;
SSR2;2014;680000130;680000353;EXPURO;1;
SSR2;2014;680000130;680000353;LABMAR;1;
SSR2;2014;680000130;680000353;PISCIN;1;
SSR2;2014;680000130;680000353;SALINT;1;
SSR2;2014;680000130;680000353;SIMESP;1;
SSR2;2014;680000130;680000353;STICON;1;
SSR2;2014;680000130;680000353;VEHADP;1;
SSR2;2014;680000221;670781293;PISCIN;1;
SSR2;2014;680000296;670013754;EXPEQU;;1
SSR2;2014;680000296;670013754;EXPURO;;1
SSR2;2014;680000296;670013754;ISOCIN;;1
SSR2;2014;680000296;670013754;PISCIN;;1
SSR2;2014;680000296;670013754;SALINT;;1
SSR2;2014;680000296;670013754;SIMESP;;1
SSR2;2014;680000684;680000973;EXPEQU;1;
SSR2;2014;680000684;680000973;EXPURO;1;
SSR2;2014;680000684;680000973;LABMAR;1;
SSR2;2014;680000684;680000973;PISCIN;1;
SSR2;2014;680000684;680000973;SIMESP;1;
SSR2;2014;680001237;670013754;EXPEQU;;1
SSR2;2014;680001237;670013754;EXPURO;;1
SSR2;2014;680001237;670013754;ISOCIN;;1
SSR2;2014;680001237;670013754;PISCIN;;1
SSR2;2014;680001237;670013754;SALINT;;1
SSR2;2014;680001237;670013754;SIMESP;;1
SSR2;2014;680001310;670013754;EXPEQU;;1
SSR2;2014;680001310;670013754;EXPURO;;1
SSR2;2014;680001310;670013754;ISOCIN;;1
SSR2;2014;680001310;670013754;PISCIN;;1
SSR2;2014;680001310;670013754;SALINT;;1
SSR2;2014;680001310;670013754;SIMESP;;1
SSR2;2014;680001328;750005068;ASSMAR;;1
SSR2;2014;680001328;750005068;EXPEQU;1;
SSR2;2014;680001328;750005068;EXPURO;;1
SSR2;2014;680001328;750005068;ISOCIN;1;
SSR2;2014;680001328;750005068;LABMAR;1;
SSR2;2014;680001328;750005068;PISCIN;1;
SSR2;2014;680001328;750005068;SIMESP;1;
SSR2;2014;680004058;670013754;EXPEQU;;1
SSR2;2014;680004058;670013754;EXPURO;;1
SSR2;2014;680004058;670013754;ISOCIN;;1
SSR2;2014;680004058;670013754;PISCIN;;1
SSR2;2014;680004058;670013754;SALINT;;1
SSR2;2014;680004058;670013754;SIMESP;;1
SSR2;2014;680004546;680000486;ASSMAR;1;
SSR2;2014;680004546;680000486;ASSMEM;1;
SSR2;2014;680004546;680000486;EXPEQU;1;
SSR2;2014;680004546;680000486;ISOCIN;1;
SSR2;2014;680004546;680000486;LABMAR;1;
SSR2;2014;680004546;680000486;PISCIN;1;
SSR2;2014;680004546;680000486;SIMESP;1;
SSR2;2014;680004546;680000486;STICON;1;
SSR2;2014;680004553;680000486;ASSMAR;;1
SSR2;2014;680004553;680000486;ASSMEM;;1
SSR2;2014;680004553;680000486;EXPEQU;;1
SSR2;2014;680004553;680000486;ISOCIN;;1
SSR2;2014;680004553;680000486;LABMAR;;1
SSR2;2014;680004553;680000486;PISCIN;;1
SSR2;2014;680004553;680000486;SIMESP;;1
SSR2;2014;680004553;680000486;STICON;;1
SSR2;2014;680004579;680000973;EXPEQU;;1
SSR2;2014;680004579;680000973;LABMAR;;1
SSR2;2014;680004579;680000973;PISCIN;;1
SSR2;2014;680004579;680000973;SIMESP;;1
SSR2;2014;690000021;690780044;EXPURO;1;
SSR2;2014;690000054;690780077;APTAUT;;1
SSR2;2014;690000054;690780077;ASSMAR;;1
SSR2;2014;690000054;690780077;ASSMEM;;1
SSR2;2014;690000054;690780077;EXPEQU;;1
SSR2;2014;690000054;690780077;EXPURO;;1
SSR2;2014;690000054;690780077;IDRACH;;1
SSR2;2014;690000054;690780077;ISOCIN;;1
SSR2;2014;690000054;690780077;LABMAR;;1
SSR2;2014;690000054;690780077;PISCIN;;1
SSR2;2014;690000054;690780077;SALINT;;1
SSR2;2014;690000054;690780077;SIMESP;;1
SSR2;2014;690000054;690780077;STICON;;1
SSR2;2014;690000054;690780077;VEHADP;;1
SSR2;2014;690000088;690780101;ASSMAR;1;
SSR2;2014;690000088;690780101;EXPEQU;1;
SSR2;2014;690000245;690780432;EXPEQU;1;
SSR2;2014;690000245;690780432;EXPURO;1;
SSR2;2014;690000401;920028560;APTAUT;1;
SSR2;2014;690000401;920028560;EXPEQU;1;
SSR2;2014;690000401;920028560;EXPURO;;1
SSR2;2014;690000401;920028560;LABMAR;;1
SSR2;2014;690000401;920028560;PISCIN;1;
SSR2;2014;690000401;920028560;SALINT;1;
SSR2;2014;690000401;920028560;SIMESP;1;
SSR2;2014;690000427;750721334;APTAUT;1;
SSR2;2014;690000427;750721334;ASSMAR;;1
SSR2;2014;690000427;750721334;EXPEQU;;1
SSR2;2014;690000427;750721334;EXPURO;1;
SSR2;2014;690000427;750721334;IDRACH;1;
SSR2;2014;690000427;750721334;ISOCIN;1;
SSR2;2014;690000427;750721334;LABMAR;1;
SSR2;2014;690000427;750721334;PISCIN;1;
SSR2;2014;690000427;750721334;SALINT;1;
SSR2;2014;690000427;750721334;SIMESP;1;
SSR2;2014;690000427;750721334;VEHADP;;1
SSR2;2014;690000583;690782230;APTAUT;;1
SSR2;2014;690000583;690782230;ASSMAR;;1
SSR2;2014;690000583;690782230;ASSMEM;;1
SSR2;2014;690000583;690782230;EXPEQU;;1
SSR2;2014;690000583;690782230;EXPURO;;1
SSR2;2014;690000583;690782230;IDRACH;;1
SSR2;2014;690000583;690782230;ISOCIN;;1
SSR2;2014;690000583;690782230;LABMAR;;1
SSR2;2014;690000583;690782230;PISCIN;;1
SSR2;2014;690000583;690782230;SALINT;;1
SSR2;2014;690000583;690782230;SIMESP;;1
SSR2;2014;690000583;690782230;STICON;;1
SSR2;2014;690000583;690782230;VEHADP;;1
SSR2;2014;690000773;690782925;APTAUT;;1
SSR2;2014;690000773;690782925;ASSMAR;;1
SSR2;2014;690000773;690782925;ASSMEM;;1
SSR2;2014;690000773;690782925;EXPEQU;;1
SSR2;2014;690000773;690782925;EXPURO;;1
SSR2;2014;690000773;690782925;IDRACH;;1
SSR2;2014;690000773;690782925;ISOCIN;;1
SSR2;2014;690000773;690782925;LABMAR;;1
SSR2;2014;690000773;690782925;PISCIN;;1
SSR2;2014;690000773;690782925;SALINT;;1
SSR2;2014;690000773;690782925;SIMESP;;1
SSR2;2014;690000773;690782925;STICON;;1
SSR2;2014;690000773;690782925;VEHADP;;1
SSR2;2014;690001524;690787338;EXPEQU;1;
SSR2;2014;690001524;690787338;EXPURO;1;
SSR2;2014;690001524;690787338;LABMAR;;1
SSR2;2014;690001524;690787338;PISCIN;1;
SSR2;2014;690001524;690787338;SIMESP;1;
SSR2;2014;690010848;690000450;ISOCIN;1;
SSR2;2014;690010848;690000450;PISCIN;1;
SSR2;2014;690012109;690027008;ISOCIN;;1
SSR2;2014;690012109;690027008;LABMAR;;1
SSR2;2014;690025366;690000450;PISCIN;1;
SSR2;2014;690030283;920000395;EXPEQU;1;
SSR2;2014;690030283;920000395;EXPURO;;1
SSR2;2014;690030283;920000395;PISCIN;1;
SSR2;2014;690030283;920000395;SIMESP;1;
SSR2;2014;690030333;690030325;SIMESP;1;
SSR2;2014;690780150;690000104;APTAUT;;1
SSR2;2014;690780150;690000104;ASSMAR;;1
SSR2;2014;690780150;690000104;ASSMEM;;1
SSR2;2014;690780150;690000104;EXPEQU;;1
SSR2;2014;690780150;690000104;EXPURO;;1
SSR2;2014;690780150;690000104;IDRACH;;1
SSR2;2014;690780150;690000104;ISOCIN;;1
SSR2;2014;690780150;690000104;LABMAR;;1
SSR2;2014;690780150;690000104;PISCIN;;1
SSR2;2014;690780150;690000104;SALINT;;1
SSR2;2014;690780150;690000104;SIMESP;;1
SSR2;2014;690780150;690000104;STICON;;1
SSR2;2014;690780150;690000104;VEHADP;;1
SSR2;2014;690780200;690000112;SALINT;1;
SSR2;2014;690780655;690000377;PISCIN;1;
SSR2;2014;690781026;690029723;PISCIN;1;
SSR2;2014;690781026;690029723;VEHADP;1;
SSR2;2014;690783154;690781810;APTAUT;1;
SSR2;2014;690783154;690781810;ASSMEM;1;
SSR2;2014;690783154;690781810;EXPEQU;1;
SSR2;2014;690783154;690781810;EXPURO;1;
SSR2;2014;690783154;690781810;ISOCIN;1;
SSR2;2014;690783154;690781810;SALINT;1;
SSR2;2014;690783154;690781810;SIMESP;1;
SSR2;2014;690784137;690781810;SIMESP;1;
SSR2;2014;690784178;690781810;EXPEQU;1;
SSR2;2014;690784178;690781810;EXPURO;1;
SSR2;2014;690784178;690781810;IDRACH;;1
SSR2;2014;690784178;690781810;LABMAR;1;
SSR2;2014;690784178;690781810;SALINT;1;
SSR2;2014;690784186;690781810;EXPEQU;;1
SSR2;2014;690784186;690781810;EXPURO;;1
SSR2;2014;690784186;690781810;IDRACH;;1
SSR2;2014;690784186;690781810;LABMAR;;1
SSR2;2014;690784186;690781810;SALINT;1;
SSR2;2014;690784194;690781810;EXPEQU;1;
SSR2;2014;690784194;690781810;LABMAR;1;
SSR2;2014;690784194;690781810;SIMESP;1;
SSR2;2014;690784202;690781810;ASSMEM;1;
SSR2;2014;690784202;690781810;EXPURO;1;
SSR2;2014;690784202;690781810;LABMAR;1;
SSR2;2014;690784202;690781810;PISCIN;1;
SSR2;2014;690784202;690781810;SIMESP;1;
SSR2;2014;690784202;690781810;VEHADP;1;
SSR2;2014;690787452;690781810;EXPURO;1;
SSR2;2014;690787452;690781810;SIMESP;1;
SSR2;2014;690787460;690782222;APTAUT;;1
SSR2;2014;690787460;690782222;ASSMAR;;1
SSR2;2014;690787460;690782222;ASSMEM;;1
SSR2;2014;690787460;690782222;EXPEQU;;1
SSR2;2014;690787460;690782222;EXPURO;;1
SSR2;2014;690787460;690782222;IDRACH;;1
SSR2;2014;690787460;690782222;ISOCIN;;1
SSR2;2014;690787460;690782222;LABMAR;;1
SSR2;2014;690787460;690782222;PISCIN;;1
SSR2;2014;690787460;690782222;SALINT;;1
SSR2;2014;690787460;690782222;SIMESP;;1
SSR2;2014;690787460;690782222;STICON;;1
SSR2;2014;690787460;690782222;VEHADP;;1
SSR2;2014;690787478;690781810;SIMESP;1;
SSR2;2014;690803044;690000450;PISCIN;1;
SSR2;2014;700004377;250006335;PISCIN;;1
SSR2;2014;700780042;250006335;APTAUT;1;
SSR2;2014;700780042;250006335;ASSMAR;1;
SSR2;2014;700780042;250006335;ASSMEM;1;
SSR2;2014;700780042;250006335;EXPEQU;1;
SSR2;2014;700780042;250006335;EXPURO;1;
SSR2;2014;700780042;250006335;IDRACH;1;
SSR2;2014;700780042;250006335;ISOCIN;;1
SSR2;2014;700780042;250006335;LABMAR;1;
SSR2;2014;700780042;250006335;PISCIN;1;
SSR2;2014;700780042;250006335;SIMESP;1;
SSR2;2014;700780042;250006335;STICON;1;
SSR2;2014;700780042;250006335;VEHADP;1;
SSR2;2014;700784887;750018699;EXPURO;1;
SSR2;2014;700784887;750018699;PISCIN;1;
SSR2;2014;700784887;750018699;SIMESP;1;
SSR2;2014;710780081;710010695;APTAUT;;1
SSR2;2014;710780081;710010695;ASSMAR;;1
SSR2;2014;710780081;710010695;ASSMEM;;1
SSR2;2014;710780081;710010695;EXPEQU;;1
SSR2;2014;710780081;710010695;EXPURO;;1
SSR2;2014;710780081;710010695;IDRACH;;1
SSR2;2014;710780081;710010695;ISOCIN;;1
SSR2;2014;710780081;710010695;LABMAR;;1
SSR2;2014;710780081;710010695;PISCIN;;1
SSR2;2014;710780081;710010695;SALINT;;1
SSR2;2014;710780081;710010695;SIMESP;;1
SSR2;2014;710780081;710010695;STICON;;1
SSR2;2014;710780081;710010695;VEHADP;;1
SSR2;2014;710781139;750721334;LABMAR;;1
SSR2;2014;710781139;750721334;PISCIN;1;
SSR2;2014;710781139;750721334;SIMESP;1;
SSR2;2014;710781139;750721334;VEHADP;1;
SSR2;2014;710781535;210010294;ISOCIN;1;
SSR2;2014;710781535;210010294;PISCIN;1;
SSR2;2014;710781535;210010294;VEHADP;1;
SSR2;2014;710781824;710000464;APTAUT;;1
SSR2;2014;710781824;710000464;ASSMAR;;1
SSR2;2014;710781824;710000464;ASSMEM;;1
SSR2;2014;710781824;710000464;EXPEQU;;1
SSR2;2014;710781824;710000464;EXPURO;;1
SSR2;2014;710781824;710000464;IDRACH;;1
SSR2;2014;710781824;710000464;ISOCIN;1;
SSR2;2014;710781824;710000464;LABMAR;;1
SSR2;2014;710781824;710000464;PISCIN;1;
SSR2;2014;710781824;710000464;SALINT;;1
SSR2;2014;710781824;710000464;SIMESP;1;
SSR2;2014;710781824;710000464;STICON;;1
SSR2;2014;710781824;710000464;VEHADP;;1
SSR2;2014;710978263;710780958;ASSMAR;;1
SSR2;2014;710978263;710780958;ASSMEM;;1
SSR2;2014;710978263;710780958;PISCIN;1;
SSR2;2014;710978263;710780958;VEHADP;;1
SSR2;2014;710978289;710780263;EXPURO;1;
SSR2;2014;710978289;710780263;PISCIN;1;
SSR2;2014;710978289;710780263;SIMESP;1;
SSR2;2014;710978313;710976705;SIMESP;1;
SSR2;2014;710978347;710781204;APTAUT;1;
SSR2;2014;710978347;710781204;ASSMAR;;1
SSR2;2014;710978347;710781204;ASSMEM;;1
SSR2;2014;710978347;710781204;EXPEQU;1;
SSR2;2014;710978347;710781204;EXPURO;;1
SSR2;2014;710978347;710781204;IDRACH;;1
SSR2;2014;710978347;710781204;ISOCIN;;1
SSR2;2014;710978347;710781204;LABMAR;;1
SSR2;2014;710978347;710781204;PISCIN;;1
SSR2;2014;710978347;710781204;SALINT;;1
SSR2;2014;710978347;710781204;SIMESP;1;
SSR2;2014;710978347;710781204;STICON;;1
SSR2;2014;710978347;710781204;VEHADP;;1
SSR2;2014;720000033;720000025;EXPURO;1;
SSR2;2014;720000124;720000066;APTAUT;;1
SSR2;2014;720000124;720000066;ASSMAR;;1
SSR2;2014;720000124;720000066;ASSMEM;;1
SSR2;2014;720000124;720000066;EXPEQU;;1
SSR2;2014;720000124;720000066;EXPURO;;1
SSR2;2014;720000124;720000066;IDRACH;;1
SSR2;2014;720000124;720000066;ISOCIN;;1
SSR2;2014;720000124;720000066;LABMAR;;1
SSR2;2014;720000124;720000066;PISCIN;;1
SSR2;2014;720000124;720000066;SALINT;;1
SSR2;2014;720000124;720000066;SIMESP;;1
SSR2;2014;720000124;720000066;STICON;;1
SSR2;2014;720000124;720000066;VEHADP;;1
SSR2;2014;720000413;720008390;APTAUT;1;
SSR2;2014;720000413;720008390;EXPURO;;1
SSR2;2014;720000413;720008390;PISCIN;1;
SSR2;2014;720000413;720008390;SIMESP;1;
SSR2;2014;720000413;720008390;VEHADP;;1
SSR2;2014;720000744;720000454;ASSMAR;1;
SSR2;2014;720000744;720000454;ASSMEM;1;
SSR2;2014;720000744;720000454;EXPEQU;1;
SSR2;2014;720000744;720000454;EXPURO;1;
SSR2;2014;720000744;720000454;ISOCIN;1;
SSR2;2014;720000744;720000454;LABMAR;1;
SSR2;2014;720000744;720000454;PISCIN;1;
SSR2;2014;720000744;720000454;SALINT;1;
SSR2;2014;720000744;720000454;SIMESP;1;
SSR2;2014;720000744;720000454;VEHADP;;1
SSR2;2014;720001437;720006022;SIMESP;1;
SSR2;2014;720016138;720008390;EXPEQU;1;
SSR2;2014;720016138;720008390;EXPURO;1;
SSR2;2014;720016138;720008390;PISCIN;1;
SSR2;2014;720016138;720008390;SIMESP;1;
SSR2;2014;720016138;720008390;VEHADP;1;
SSR2;2014;720018639;720000025;EXPURO;;1
SSR2;2014;730000080;730780103;ISOCIN;1;
SSR2;2014;730000080;730780103;LABMAR;;1
SSR2;2014;730000080;730780103;PISCIN;1;
SSR2;2014;730000080;730780103;SIMESP;1;
SSR2;2014;730004298;730010048;SIMESP;1;
SSR2;2014;730780681;750721334;EXPURO;;1
SSR2;2014;730780681;750721334;LABMAR;;1
SSR2;2014;730780681;750721334;PISCIN;1;
SSR2;2014;730780681;750721334;SIMESP;1;
SSR2;2014;730780681;750721334;VEHADP;;1
SSR2;2014;730780988;730002698;APTAUT;;1
SSR2;2014;730780988;730002698;ASSMAR;;1
SSR2;2014;730780988;730002698;ASSMEM;;1
SSR2;2014;730780988;730002698;EXPEQU;;1
SSR2;2014;730780988;730002698;EXPURO;;1
SSR2;2014;730780988;730002698;IDRACH;;1
SSR2;2014;730780988;730002698;ISOCIN;;1
SSR2;2014;730780988;730002698;LABMAR;;1
SSR2;2014;730780988;730002698;PISCIN;1;
SSR2;2014;730780988;730002698;SALINT;;1
SSR2;2014;730780988;730002698;SIMESP;1;
SSR2;2014;730780988;730002698;STICON;;1
SSR2;2014;730780988;730002698;VEHADP;;1
SSR2;2014;730783552;730000015;EXPURO;1;
SSR2;2014;730783552;730000015;SALINT;1;
SSR2;2014;730783644;730780111;EXPEQU;1;
SSR2;2014;730783644;730780111;EXPURO;1;
SSR2;2014;730783644;730780111;ISOCIN;1;
SSR2;2014;740000286;740781190;SIMESP;1;
SSR2;2014;740000294;740781208;EXPEQU;1;
SSR2;2014;740000302;740781133;APTAUT;;1
SSR2;2014;740000302;740781133;ASSMEM;1;
SSR2;2014;740000302;740781133;EXPEQU;;1
SSR2;2014;740000302;740781133;EXPURO;1;
SSR2;2014;740000302;740781133;PISCIN;;1
SSR2;2014;740000302;740781133;SALINT;1;
SSR2;2014;740000302;740781133;SIMESP;;1
SSR2;2014;740004148;310021373;EXPEQU;1;
SSR2;2014;740004148;310021373;ISOCIN;1;
SSR2;2014;740004148;310021373;LABMAR;;1
SSR2;2014;740004148;310021373;PISCIN;1;
SSR2;2014;740004148;310021373;SIMESP;1;
SSR2;2014;740011481;740781133;APTAUT;;1
SSR2;2014;740011481;740781133;EXPEQU;1;
SSR2;2014;740011481;740781133;SIMESP;;1
SSR2;2014;740014519;750050924;ASSMAR;1;
SSR2;2014;740014519;750050924;ASSMEM;1;
SSR2;2014;740014519;750050924;EXPEQU;;1
SSR2;2014;740014519;750050924;EXPURO;;1
SSR2;2014;740014519;750050924;IDRACH;;1
SSR2;2014;740014519;750050924;ISOCIN;;1
SSR2;2014;740014519;750050924;LABMAR;;1
SSR2;2014;740014519;750050924;PISCIN;1;
SSR2;2014;740014519;750050924;SALINT;;1
SSR2;2014;740014519;750050924;SIMESP;1;
SSR2;2014;740780135;750050924;APTAUT;;1
SSR2;2014;740780135;750050924;ASSMAR;1;
SSR2;2014;740780135;750050924;ASSMEM;1;
SSR2;2014;740780135;750050924;EXPEQU;;1
SSR2;2014;740780135;750050924;EXPURO;;1
SSR2;2014;740780135;750050924;IDRACH;1;
SSR2;2014;740780135;750050924;ISOCIN;1;
SSR2;2014;740780135;750050924;LABMAR;;1
SSR2;2014;740780135;750050924;PISCIN;1;
SSR2;2014;740780135;750050924;SALINT;;1
SSR2;2014;740780135;750050924;SIMESP;1;
SSR2;2014;740780135;750050924;STICON;;1
SSR2;2014;740780135;750050924;VEHADP;;1
SSR2;2014;740780143;750005068;EXPEQU;1;
SSR2;2014;740780143;750005068;EXPURO;;1
SSR2;2014;740780143;750005068;ISOCIN;1;
SSR2;2014;740780143;750005068;LABMAR;;1
SSR2;2014;740780143;750005068;PISCIN;1;
SSR2;2014;740780143;750005068;SIMESP;1;
SSR2;2014;740780143;750005068;STICON;1;
SSR2;2014;740780143;750005068;VEHADP;1;
SSR2;2014;750000499;750140014;APTAUT;;1
SSR2;2014;750000499;750140014;ASSMAR;;1
SSR2;2014;750000499;750140014;ASSMEM;;1
SSR2;2014;750000499;750140014;EXPEQU;1;
SSR2;2014;750000499;750140014;EXPURO;;1
SSR2;2014;750000499;750140014;IDRACH;;1
SSR2;2014;750000499;750140014;ISOCIN;;1
SSR2;2014;750000499;750140014;LABMAR;;1
SSR2;2014;750000499;750140014;PISCIN;1;
SSR2;2014;750000499;750140014;SALINT;1;
SSR2;2014;750000499;750140014;SIMESP;1;
SSR2;2014;750000499;750140014;STICON;;1
SSR2;2014;750000499;750140014;VEHADP;1;
SSR2;2014;750000507;750040628;ASSMAR;1;
SSR2;2014;750000507;750040628;ASSMEM;;1
SSR2;2014;750000507;750040628;EXPEQU;1;
SSR2;2014;750000507;750040628;EXPURO;1;
SSR2;2014;750000507;750040628;IDRACH;;1
SSR2;2014;750000507;750040628;ISOCIN;1;
SSR2;2014;750000507;750040628;LABMAR;1;
SSR2;2014;750000507;750040628;PISCIN;1;
SSR2;2014;750000507;750040628;SALINT;;1
SSR2;2014;750000507;750040628;SIMESP;1;
SSR2;2014;750000507;750040628;STICON;;1
SSR2;2014;750000507;750040628;VEHADP;1;
SSR2;2014;750014128;750014078;APTAUT;;1
SSR2;2014;750014128;750014078;ASSMAR;1;
SSR2;2014;750014128;750014078;ASSMEM;;1
SSR2;2014;750014128;750014078;EXPEQU;;1
SSR2;2014;750014128;750014078;EXPURO;;1
SSR2;2014;750014128;750014078;IDRACH;;1
SSR2;2014;750014128;750014078;ISOCIN;;1
SSR2;2014;750014128;750014078;LABMAR;;1
SSR2;2014;750014128;750014078;PISCIN;1;
SSR2;2014;750014128;750014078;SALINT;;1
SSR2;2014;750014128;750014078;SIMESP;;1
SSR2;2014;750014128;750014078;STICON;;1
SSR2;2014;750014128;750014078;VEHADP;;1
SSR2;2014;750032229;750827933;SIMESP;1;
SSR2;2014;750038739;750043994;PISCIN;1;
SSR2;2014;750041543;750712184;APTAUT;;1
SSR2;2014;750041543;750712184;ASSMAR;;1
SSR2;2014;750041543;750712184;ASSMEM;;1
SSR2;2014;750041543;750712184;EXPEQU;;1
SSR2;2014;750041543;750712184;EXPURO;;1
SSR2;2014;750041543;750712184;IDRACH;;1
SSR2;2014;750041543;750712184;ISOCIN;;1
SSR2;2014;750041543;750712184;LABMAR;;1
SSR2;2014;750041543;750712184;PISCIN;;1
SSR2;2014;750041543;750712184;SALINT;;1
SSR2;2014;750041543;750712184;SIMESP;;1
SSR2;2014;750041543;750712184;STICON;;1
SSR2;2014;750041543;750712184;VEHADP;;1
SSR2;2014;750047128;750047110;APTAUT;;1
SSR2;2014;750047128;750047110;ASSMAR;;1
SSR2;2014;750047128;750047110;ASSMEM;;1
SSR2;2014;750047128;750047110;EXPEQU;;1
SSR2;2014;750047128;750047110;EXPURO;;1
SSR2;2014;750047128;750047110;IDRACH;;1
SSR2;2014;750047128;750047110;ISOCIN;;1
SSR2;2014;750047128;750047110;LABMAR;;1
SSR2;2014;750047128;750047110;PISCIN;1;
SSR2;2014;750047128;750047110;SALINT;;1
SSR2;2014;750047128;750047110;SIMESP;;1
SSR2;2014;750047128;750047110;STICON;;1
SSR2;2014;750047128;750047110;VEHADP;;1
SSR2;2014;750100042;750712184;APTAUT;1;
SSR2;2014;750100042;750712184;EXPURO;1;
SSR2;2014;750100042;750712184;LABMAR;1;
SSR2;2014;750100083;750712184;APTAUT;;1
SSR2;2014;750100083;750712184;ASSMAR;1;
SSR2;2014;750100083;750712184;ASSMEM;1;
SSR2;2014;750100083;750712184;EXPEQU;1;
SSR2;2014;750100083;750712184;EXPURO;1;
SSR2;2014;750100083;750712184;IDRACH;;1
SSR2;2014;750100083;750712184;ISOCIN;1;
SSR2;2014;750100083;750712184;LABMAR;1;
SSR2;2014;750100083;750712184;PISCIN;1;
SSR2;2014;750100083;750712184;SALINT;;1
SSR2;2014;750100083;750712184;SIMESP;1;
SSR2;2014;750100083;750712184;STICON;;1
SSR2;2014;750100083;750712184;VEHADP;;1
SSR2;2014;750100109;750712184;PISCIN;1;
SSR2;2014;750100109;750712184;VEHADP;1;
SSR2;2014;750100125;750712184;APTAUT;1;
SSR2;2014;750100125;750712184;EXPEQU;1;
SSR2;2014;750100125;750712184;EXPURO;1;
SSR2;2014;750100125;750712184;ISOCIN;1;
SSR2;2014;750100166;750712184;ASSMAR;1;
SSR2;2014;750100166;750712184;ASSMEM;1;
SSR2;2014;750100166;750712184;EXPEQU;1;
SSR2;2014;750100166;750712184;ISOCIN;1;
SSR2;2014;750100166;750712184;LABMAR;1;
SSR2;2014;750100166;750712184;PISCIN;1;
SSR2;2014;750100216;750712184;SIMESP;1;
SSR2;2014;750100232;750712184;APTAUT;;1
SSR2;2014;750100232;750712184;ASSMAR;;1
SSR2;2014;750100232;750712184;ASSMEM;;1
SSR2;2014;750100232;750712184;EXPEQU;;1
SSR2;2014;750100232;750712184;EXPURO;;1
SSR2;2014;750100232;750712184;IDRACH;;1
SSR2;2014;750100232;750712184;ISOCIN;;1
SSR2;2014;750100232;750712184;LABMAR;;1
SSR2;2014;750100232;750712184;PISCIN;;1
SSR2;2014;750100232;750712184;SALINT;;1
SSR2;2014;750100232;750712184;SIMESP;;1
SSR2;2014;750100232;750712184;STICON;;1
SSR2;2014;750100232;750712184;VEHADP;;1
SSR2;2014;750150252;750720575;PISCIN;1;
SSR2;2014;750300360;750026569;APTAUT;;1
SSR2;2014;750300360;750026569;ASSMAR;;1
SSR2;2014;750300360;750026569;ASSMEM;;1
SSR2;2014;750300360;750026569;EXPEQU;;1
SSR2;2014;750300360;750026569;EXPURO;;1
SSR2;2014;750300360;750026569;ISOCIN;;1
SSR2;2014;750300360;750026569;LABMAR;;1
SSR2;2014;750300360;750026569;PISCIN;1;
SSR2;2014;750300360;750026569;SIMESP;1;
SSR2;2014;750300360;750026569;STICON;;1
SSR2;2014;750300360;750026569;VEHADP;;1
SSR2;2014;750700015;750720609;APTAUT;;1
SSR2;2014;750700015;750720609;ASSMAR;;1
SSR2;2014;750700015;750720609;ASSMEM;;1
SSR2;2014;750700015;750720609;EXPURO;;1
SSR2;2014;750700015;750720609;ISOCIN;1;
SSR2;2014;750700015;750720609;LABMAR;1;
SSR2;2014;750700015;750720609;PISCIN;1;
SSR2;2014;750700015;750720609;SALINT;;1
SSR2;2014;750700015;750720609;SIMESP;1;
SSR2;2014;750700015;750720609;STICON;;1
SSR2;2014;750700015;750720609;VEHADP;;1
SSR2;2014;750801441;750712184;EXPURO;;1
SSR2;2014;750801441;750712184;SIMESP;1;
SSR2;2014;750808578;750813032;ASSMAR;1;
SSR2;2014;750808578;750813032;EXPEQU;1;
SSR2;2014;750808578;750813032;EXPURO;1;
SSR2;2014;750808578;750813032;PISCIN;1;
SSR2;2014;750808578;750813032;VEHADP;1;
SSR2;2014;750825184;950000760;APTAUT;;1
SSR2;2014;750825184;950000760;ASSMAR;;1
SSR2;2014;750825184;950000760;ASSMEM;;1
SSR2;2014;750825184;950000760;EXPEQU;1;
SSR2;2014;750825184;950000760;EXPURO;;1
SSR2;2014;750825184;950000760;IDRACH;;1
SSR2;2014;750825184;950000760;ISOCIN;1;
SSR2;2014;750825184;950000760;PISCIN;1;
SSR2;2014;750825184;950000760;SALINT;;1
SSR2;2014;750825184;950000760;SIMESP;1;
SSR2;2014;750825184;950000760;STICON;;1
SSR2;2014;750825184;950000760;VEHADP;;1
SSR2;2014;760000034;760780049;VEHADP;1;
SSR2;2014;760000356;760780726;EXPURO;1;
SSR2;2014;760000356;760780726;LABMAR;1;
SSR2;2014;760000364;760780734;APTAUT;;1
SSR2;2014;760000364;760780734;ASSMAR;;1
SSR2;2014;760000364;760780734;ASSMEM;;1
SSR2;2014;760000364;760780734;EXPEQU;;1
SSR2;2014;760000364;760780734;EXPURO;;1
SSR2;2014;760000364;760780734;IDRACH;;1
SSR2;2014;760000364;760780734;ISOCIN;;1
SSR2;2014;760000364;760780734;LABMAR;;1
SSR2;2014;760000364;760780734;PISCIN;;1
SSR2;2014;760000364;760780734;SALINT;;1
SSR2;2014;760000364;760780734;SIMESP;;1
SSR2;2014;760000364;760780734;STICON;;1
SSR2;2014;760000364;760780734;VEHADP;;1
SSR2;2014;760000380;760780759;ASSMEM;1;
SSR2;2014;760000463;760024042;APTAUT;;1
SSR2;2014;760000463;760024042;ASSMAR;;1
SSR2;2014;760000463;760024042;ASSMEM;;1
SSR2;2014;760000463;760024042;EXPEQU;;1
SSR2;2014;760000463;760024042;EXPURO;;1
SSR2;2014;760000463;760024042;IDRACH;;1
SSR2;2014;760000463;760024042;ISOCIN;;1
SSR2;2014;760000463;760024042;LABMAR;;1
SSR2;2014;760000463;760024042;PISCIN;;1
SSR2;2014;760000463;760024042;SALINT;1;
SSR2;2014;760000463;760024042;SIMESP;;1
SSR2;2014;760000463;760024042;STICON;;1
SSR2;2014;760000463;760024042;VEHADP;;1
SSR2;2014;760000802;760782425;VEHADP;1;
SSR2;2014;760017079;760017038;APTAUT;;1
SSR2;2014;760017079;760017038;ASSMAR;;1
SSR2;2014;760017079;760017038;ASSMEM;1;
SSR2;2014;760017079;760017038;EXPEQU;1;
SSR2;2014;760017079;760017038;EXPURO;;1
SSR2;2014;760017079;760017038;IDRACH;;1
SSR2;2014;760017079;760017038;ISOCIN;1;
SSR2;2014;760017079;760017038;LABMAR;;1
SSR2;2014;760017079;760017038;PISCIN;1;
SSR2;2014;760017079;760017038;SALINT;;1
SSR2;2014;760017079;760017038;SIMESP;1;
SSR2;2014;760017079;760017038;STICON;;1
SSR2;2014;760017079;760017038;VEHADP;;1
SSR2;2014;760027292;760027300;APTAUT;;1
SSR2;2014;760027292;760027300;ASSMAR;;1
SSR2;2014;760027292;760027300;ASSMEM;;1
SSR2;2014;760027292;760027300;EXPEQU;;1
SSR2;2014;760027292;760027300;EXPURO;;1
SSR2;2014;760027292;760027300;IDRACH;;1
SSR2;2014;760027292;760027300;ISOCIN;;1
SSR2;2014;760027292;760027300;LABMAR;;1
SSR2;2014;760027292;760027300;PISCIN;;1
SSR2;2014;760027292;760027300;SALINT;1;
SSR2;2014;760027292;760027300;SIMESP;;1
SSR2;2014;760027292;760027300;STICON;;1
SSR2;2014;760027292;760027300;VEHADP;;1
SSR2;2014;760780692;760025734;APTAUT;1;
SSR2;2014;760780692;760025734;ASSMAR;;1
SSR2;2014;760780692;760025734;ASSMEM;;1
SSR2;2014;760780692;760025734;EXPEQU;1;
SSR2;2014;760780692;760025734;EXPURO;1;
SSR2;2014;760780692;760025734;IDRACH;;1
SSR2;2014;760780692;760025734;ISOCIN;1;
SSR2;2014;760780692;760025734;LABMAR;;1
SSR2;2014;760780692;760025734;PISCIN;1;
SSR2;2014;760780692;760025734;SALINT;;1
SSR2;2014;760780692;760025734;SIMESP;1;
SSR2;2014;760780692;760025734;STICON;;1
SSR2;2014;760780692;760025734;VEHADP;;1
SSR2;2014;760781054;930019484;PISCIN;;1
SSR2;2014;760783522;760780239;PISCIN;1;
SSR2;2014;760783522;760780239;SIMESP;1;
SSR2;2014;760783530;760780239;SIMESP;1;
SSR2;2014;760920603;760920587;EXPEQU;;1
SSR2;2014;760920603;760920587;ISOCIN;;1
SSR2;2014;760920603;760920587;LABMAR;;1
SSR2;2014;760920603;760920587;PISCIN;;1
SSR2;2014;760920918;760000273;APTAUT;;1
SSR2;2014;760920918;760000273;ASSMAR;;1
SSR2;2014;760920918;760000273;ASSMEM;;1
SSR2;2014;760920918;760000273;EXPEQU;1;
SSR2;2014;760920918;760000273;EXPURO;;1
SSR2;2014;760920918;760000273;IDRACH;;1
SSR2;2014;760920918;760000273;ISOCIN;1;
SSR2;2014;760920918;760000273;LABMAR;;1
SSR2;2014;760920918;760000273;PISCIN;1;
SSR2;2014;760920918;760000273;SALINT;;1
SSR2;2014;760920918;760000273;SIMESP;;1
SSR2;2014;760920918;760000273;STICON;;1
SSR2;2014;760920918;760000273;VEHADP;;1
SSR2;2014;770000131;770110013;EXPURO;;1
SSR2;2014;770000156;770110054;SALINT;;1
SSR2;2014;770000420;770700029;APTAUT;1;
SSR2;2014;770000420;770700029;EXPEQU;1;
SSR2;2014;770000420;770700029;EXPURO;1;
SSR2;2014;770000420;770700029;LABMAR;1;
SSR2;2014;770000420;770700029;PISCIN;1;
SSR2;2014;770016491;770016483;EXPURO;;1
SSR2;2014;770016491;770016483;ISOCIN;1;
SSR2;2014;770016491;770016483;PISCIN;1;
SSR2;2014;770016491;770016483;SIMESP;1;
SSR2;2014;770150027;750720575;APTAUT;;1
SSR2;2014;770150027;750720575;ASSMAR;;1
SSR2;2014;770150027;750720575;ASSMEM;;1
SSR2;2014;770150027;750720575;EXPEQU;1;
SSR2;2014;770150027;750720575;EXPURO;1;
SSR2;2014;770150027;750720575;ISOCIN;;1
SSR2;2014;770150027;750720575;LABMAR;;1
SSR2;2014;770150027;750720575;PISCIN;1;
SSR2;2014;770150027;750720575;SALINT;1;
SSR2;2014;770150027;750720575;SIMESP;1;
SSR2;2014;770150027;750720575;STICON;;1
SSR2;2014;770150027;750720575;VEHADP;1;
SSR2;2014;770150043;750808529;APTAUT;;1
SSR2;2014;770150043;750808529;ASSMAR;;1
SSR2;2014;770150043;750808529;ASSMEM;;1
SSR2;2014;770150043;750808529;EXPEQU;;1
SSR2;2014;770150043;750808529;EXPURO;;1
SSR2;2014;770150043;750808529;IDRACH;;1
SSR2;2014;770150043;750808529;ISOCIN;;1
SSR2;2014;770150043;750808529;LABMAR;;1
SSR2;2014;770150043;750808529;PISCIN;1;
SSR2;2014;770150043;750808529;SALINT;;1
SSR2;2014;770150043;750808529;STICON;;1
SSR2;2014;770150043;750808529;VEHADP;1;
SSR2;2014;770300135;770000289;APTAUT;;1
SSR2;2014;770300135;770000289;ASSMAR;;1
SSR2;2014;770300135;770000289;ASSMEM;;1
SSR2;2014;770300135;770000289;EXPEQU;;1
SSR2;2014;770300135;770000289;EXPURO;;1
SSR2;2014;770300135;770000289;IDRACH;;1
SSR2;2014;770300135;770000289;ISOCIN;;1
SSR2;2014;770300135;770000289;LABMAR;;1
SSR2;2014;770300135;770000289;PISCIN;;1
SSR2;2014;770300135;770000289;SALINT;;1
SSR2;2014;770300135;770000289;SIMESP;;1
SSR2;2014;770300135;770000289;STICON;;1
SSR2;2014;770300135;770000289;VEHADP;;1
SSR2;2014;770300218;440052041;APTAUT;1;
SSR2;2014;770300218;440052041;SIMESP;1;
SSR2;2014;770300259;770000347;ASSMEM;1;
SSR2;2014;770300259;770000347;IDRACH;1;
SSR2;2014;770300259;770000347;ISOCIN;1;
SSR2;2014;770300259;770000347;PISCIN;1;
SSR2;2014;770300259;770000347;SIMESP;1;
SSR2;2014;770630028;750042590;PISCIN;1;
SSR2;2014;770700011;750042590;ASSMAR;1;
SSR2;2014;770700011;750042590;EXPURO;1;
SSR2;2014;770700011;750042590;ISOCIN;1;
SSR2;2014;770700011;750042590;LABMAR;1;
SSR2;2014;770700011;750042590;PISCIN;1;
SSR2;2014;770700011;750042590;SALINT;1;
SSR2;2014;770700011;750042590;SIMESP;1;
SSR2;2014;770700011;750042590;STICON;1;
SSR2;2014;770701225;750721334;APTAUT;;1
SSR2;2014;770701225;750721334;ASSMAR;;1
SSR2;2014;770701225;750721334;ASSMEM;;1
SSR2;2014;770701225;750721334;EXPURO;;1
SSR2;2014;770701225;750721334;IDRACH;;1
SSR2;2014;770701225;750721334;PISCIN;1;
SSR2;2014;770701225;750721334;SALINT;;1
SSR2;2014;770701225;750721334;SIMESP;;1
SSR2;2014;770701225;750721334;STICON;;1
SSR2;2014;770701225;750721334;VEHADP;1;
SSR2;2014;770803989;770000925;PISCIN;1;
SSR2;2014;770814622;770700185;APTAUT;1;
SSR2;2014;770814622;770700185;EXPURO;1;
SSR2;2014;770814622;770700185;LABMAR;1;
SSR2;2014;770814622;770700185;SALINT;1;
SSR2;2014;770814622;770700185;VEHADP;1;
SSR2;2014;780000303;780110037;APTAUT;1;
SSR2;2014;780000303;780110037;ASSMAR;;1
SSR2;2014;780000303;780110037;ASSMEM;1;
SSR2;2014;780000303;780110037;EXPEQU;1;
SSR2;2014;780000303;780110037;EXPURO;;1
SSR2;2014;780000303;780110037;LABMAR;;1
SSR2;2014;780000303;780110037;PISCIN;1;
SSR2;2014;780000303;780110037;SALINT;1;
SSR2;2014;780000303;780110037;SIMESP;1;
SSR2;2014;780000303;780110037;STICON;;1
SSR2;2014;780000303;780110037;VEHADP;1;
SSR2;2014;780000311;780001236;APTAUT;1;
SSR2;2014;780000311;780001236;ASSMAR;1;
SSR2;2014;780000311;780001236;ASSMEM;1;
SSR2;2014;780000311;780001236;EXPEQU;;1
SSR2;2014;780000311;780001236;EXPURO;;1
SSR2;2014;780000311;780001236;IDRACH;1;
SSR2;2014;780000311;780001236;ISOCIN;1;
SSR2;2014;780000311;780001236;LABMAR;;1
SSR2;2014;780000311;780001236;PISCIN;;1
SSR2;2014;780000311;780001236;SALINT;1;
SSR2;2014;780000311;780001236;SIMESP;1;
SSR2;2014;780000311;780001236;STICON;1;
SSR2;2014;780000311;780001236;VEHADP;1;
SSR2;2014;780000337;780001236;APTAUT;;1
SSR2;2014;780000337;780001236;ASSMAR;;1
SSR2;2014;780000337;780001236;ASSMEM;;1
SSR2;2014;780000337;780001236;EXPEQU;;1
SSR2;2014;780000337;780001236;EXPURO;;1
SSR2;2014;780000337;780001236;IDRACH;;1
SSR2;2014;780000337;780001236;ISOCIN;;1
SSR2;2014;780000337;780001236;LABMAR;;1
SSR2;2014;780000337;780001236;PISCIN;;1
SSR2;2014;780000337;780001236;SALINT;;1
SSR2;2014;780000337;780001236;SIMESP;;1
SSR2;2014;780000337;780001236;STICON;;1
SSR2;2014;780000337;780001236;VEHADP;;1
SSR2;2014;780000345;780110078;EXPURO;;1
SSR2;2014;780000345;780110078;PISCIN;;1
SSR2;2014;780000428;780002697;APTAUT;1;
SSR2;2014;780000428;780002697;EXPURO;;1
SSR2;2014;780000428;780002697;ISOCIN;;1
SSR2;2014;780000428;780002697;LABMAR;;1
SSR2;2014;780000428;780002697;PISCIN;1;
SSR2;2014;780000428;780002697;SALINT;;1
SSR2;2014;780000428;780002697;SIMESP;1;
SSR2;2014;780008298;750043994;PISCIN;1;
SSR2;2014;780150017;750005068;APTAUT;;1
SSR2;2014;780150017;750005068;ASSMAR;;1
SSR2;2014;780150017;750005068;ASSMEM;;1
SSR2;2014;780150017;750005068;EXPEQU;;1
SSR2;2014;780150017;750005068;EXPURO;;1
SSR2;2014;780150017;750005068;IDRACH;;1
SSR2;2014;780150017;750005068;ISOCIN;1;
SSR2;2014;780150017;750005068;LABMAR;;1
SSR2;2014;780150017;750005068;PISCIN;1;
SSR2;2014;780150017;750005068;SALINT;;1
SSR2;2014;780150017;750005068;SIMESP;1;
SSR2;2014;780150017;750005068;STICON;;1
SSR2;2014;780150017;750005068;VEHADP;;1
SSR2;2014;780150066;780808614;APTAUT;;1
SSR2;2014;780150066;780808614;ASSMAR;;1
SSR2;2014;780150066;780808614;ASSMEM;;1
SSR2;2014;780150066;780808614;EXPEQU;;1
SSR2;2014;780150066;780808614;EXPURO;;1
SSR2;2014;780150066;780808614;IDRACH;;1
SSR2;2014;780150066;780808614;ISOCIN;;1
SSR2;2014;780150066;780808614;LABMAR;;1
SSR2;2014;780150066;780808614;PISCIN;1;
SSR2;2014;780150066;780808614;SALINT;;1
SSR2;2014;780150066;780808614;SIMESP;;1
SSR2;2014;780150066;780808614;STICON;;1
SSR2;2014;780150066;780808614;VEHADP;;1
SSR2;2014;780300083;750052318;ISOCIN;;1
SSR2;2014;780300083;750052318;PISCIN;1;
SSR2;2014;780300208;780000576;APTAUT;;1
SSR2;2014;780300208;780000576;ASSMAR;;1
SSR2;2014;780300208;780000576;ASSMEM;;1
SSR2;2014;780300208;780000576;EXPURO;;1
SSR2;2014;780300208;780000576;IDRACH;;1
SSR2;2014;780300208;780000576;ISOCIN;;1
SSR2;2014;780300208;780000576;LABMAR;;1
SSR2;2014;780300208;780000576;PISCIN;;1
SSR2;2014;780300208;780000576;SALINT;1;
SSR2;2014;780300208;780000576;SIMESP;;1
SSR2;2014;780300208;780000576;STICON;;1
SSR2;2014;780300208;780000576;VEHADP;;1
SSR2;2014;780420022;750042590;ISOCIN;1;
SSR2;2014;780420022;750042590;PISCIN;1;
SSR2;2014;780420022;750042590;SIMESP;1;
SSR2;2014;780700027;780822193;PISCIN;1;
SSR2;2014;780700050;780826210;PISCIN;1;
SSR2;2014;780825816;780003638;EXPEQU;1;
SSR2;2014;780825816;780003638;EXPURO;1;
SSR2;2014;780825816;780003638;LABMAR;1;
SSR2;2014;780825816;780003638;PISCIN;1;
SSR2;2014;780825816;780003638;VEHADP;1;
SSR2;2014;790000087;790000012;APTAUT;;1
SSR2;2014;790000087;790000012;ASSMAR;1;
SSR2;2014;790000087;790000012;ASSMEM;1;
SSR2;2014;790000087;790000012;EXPEQU;1;
SSR2;2014;790000087;790000012;EXPURO;1;
SSR2;2014;790000087;790000012;IDRACH;;1
SSR2;2014;790000087;790000012;ISOCIN;1;
SSR2;2014;790000087;790000012;LABMAR;;1
SSR2;2014;790000087;790000012;PISCIN;1;
SSR2;2014;790000087;790000012;SALINT;;1
SSR2;2014;790000087;790000012;SIMESP;;1
SSR2;2014;790000087;790000012;STICON;;1
SSR2;2014;790000087;790000012;VEHADP;;1
SSR2;2014;790000103;790006654;APTAUT;1;
SSR2;2014;790000103;790006654;ASSMAR;;1
SSR2;2014;790000103;790006654;ASSMEM;;1
SSR2;2014;790000103;790006654;EXPEQU;;1
SSR2;2014;790000103;790006654;EXPURO;1;
SSR2;2014;790000103;790006654;IDRACH;;1
SSR2;2014;790000103;790006654;ISOCIN;;1
SSR2;2014;790000103;790006654;LABMAR;;1
SSR2;2014;790000103;790006654;PISCIN;;1
SSR2;2014;790000103;790006654;SALINT;;1
SSR2;2014;790000103;790006654;SIMESP;1;
SSR2;2014;790000103;790006654;STICON;;1
SSR2;2014;790000103;790006654;VEHADP;;1
SSR2;2014;790000681;790002497;APTAUT;1;
SSR2;2014;790000681;790002497;ASSMAR;;1
SSR2;2014;790000681;790002497;ASSMEM;;1
SSR2;2014;790000681;790002497;EXPEQU;1;
SSR2;2014;790000681;790002497;EXPURO;1;
SSR2;2014;790000681;790002497;IDRACH;;1
SSR2;2014;790000681;790002497;ISOCIN;1;
SSR2;2014;790000681;790002497;LABMAR;;1
SSR2;2014;790000681;790002497;PISCIN;1;
SSR2;2014;790000681;790002497;SALINT;;1
SSR2;2014;790000681;790002497;SIMESP;;1
SSR2;2014;790000681;790002497;STICON;1;
SSR2;2014;790000681;790002497;VEHADP;1;
SSR2;2014;790003537;790006654;APTAUT;;1
SSR2;2014;790003537;790006654;ASSMAR;;1
SSR2;2014;790003537;790006654;ASSMEM;;1
SSR2;2014;790003537;790006654;EXPEQU;;1
SSR2;2014;790003537;790006654;EXPURO;;1
SSR2;2014;790003537;790006654;IDRACH;;1
SSR2;2014;790003537;790006654;ISOCIN;;1
SSR2;2014;790003537;790006654;LABMAR;;1
SSR2;2014;790003537;790006654;PISCIN;;1
SSR2;2014;790003537;790006654;SALINT;;1
SSR2;2014;790003537;790006654;SIMESP;1;
SSR2;2014;790003537;790006654;STICON;;1
SSR2;2014;790003537;790006654;VEHADP;;1
SSR2;2014;800000150;800002982;PISCIN;1;
SSR2;2014;800000184;800000036;PISCIN;1;
SSR2;2014;800000192;800000044;APTAUT;1;
SSR2;2014;800000192;800000044;ASSMAR;;1
SSR2;2014;800000192;800000044;ASSMEM;1;
SSR2;2014;800000192;800000044;EXPEQU;1;
SSR2;2014;800000192;800000044;EXPURO;1;
SSR2;2014;800000192;800000044;IDRACH;1;
SSR2;2014;800000192;800000044;ISOCIN;;1
SSR2;2014;800000192;800000044;LABMAR;1;
SSR2;2014;800000192;800000044;PISCIN;1;
SSR2;2014;800000192;800000044;SALINT;1;
SSR2;2014;800000192;800000044;STICON;;1
SSR2;2014;800000200;800000051;PISCIN;1;
SSR2;2014;800000200;800000051;STICON;1;
SSR2;2014;800000390;800000085;APTAUT;;1
SSR2;2014;800000390;800000085;ASSMAR;;1
SSR2;2014;800000390;800000085;ASSMEM;1;
SSR2;2014;800000390;800000085;EXPEQU;;1
SSR2;2014;800000390;800000085;EXPURO;;1
SSR2;2014;800000390;800000085;ISOCIN;;1
SSR2;2014;800000390;800000085;LABMAR;;1
SSR2;2014;800000390;800000085;PISCIN;;1
SSR2;2014;800000390;800000085;SALINT;;1
SSR2;2014;800000390;800000085;SIMESP;;1
SSR2;2014;800000390;800000085;STICON;;1
SSR2;2014;800000390;800000085;VEHADP;;1
SSR2;2014;800000507;800000135;APTAUT;;1
SSR2;2014;800000507;800000135;ASSMAR;;1
SSR2;2014;800000507;800000135;ASSMEM;;1
SSR2;2014;800000507;800000135;EXPEQU;;1
SSR2;2014;800000507;800000135;EXPURO;;1
SSR2;2014;800000507;800000135;IDRACH;;1
SSR2;2014;800000507;800000135;ISOCIN;;1
SSR2;2014;800000507;800000135;LABMAR;;1
SSR2;2014;800000507;800000135;PISCIN;;1
SSR2;2014;800000507;800000135;SALINT;;1
SSR2;2014;800000507;800000135;SIMESP;;1
SSR2;2014;800000507;800000135;STICON;;1
SSR2;2014;800000507;800000135;VEHADP;;1
SSR2;2014;800000614;800000044;APTAUT;1;
SSR2;2014;800000614;800000044;ASSMAR;;1
SSR2;2014;800000614;800000044;ASSMEM;1;
SSR2;2014;800000614;800000044;EXPEQU;1;
SSR2;2014;800000614;800000044;EXPURO;1;
SSR2;2014;800000614;800000044;IDRACH;1;
SSR2;2014;800000614;800000044;ISOCIN;;1
SSR2;2014;800000614;800000044;LABMAR;1;
SSR2;2014;800000614;800000044;PISCIN;1;
SSR2;2014;800000614;800000044;SALINT;1;
SSR2;2014;800000614;800000044;STICON;;1
SSR2;2014;800006124;800000044;ASSMAR;;1
SSR2;2014;800006124;800000044;ASSMEM;1;
SSR2;2014;800006124;800000044;EXPEQU;1;
SSR2;2014;800006124;800000044;EXPURO;1;
SSR2;2014;800006124;800000044;ISOCIN;;1
SSR2;2014;800006124;800000044;LABMAR;;1
SSR2;2014;800006124;800000044;PISCIN;1;
SSR2;2014;800006124;800000044;SALINT;1;
SSR2;2014;800006124;800000044;STICON;;1
SSR2;2014;800006124;800000044;VEHADP;;1
SSR2;2014;800006231;800000028;EXPURO;;1
SSR2;2014;800006231;800000028;SALINT;;1
SSR2;2014;800008989;800002941;APTAUT;;1
SSR2;2014;800008989;800002941;ASSMAR;;1
SSR2;2014;800008989;800002941;ASSMEM;;1
SSR2;2014;800008989;800002941;EXPEQU;1;
SSR2;2014;800008989;800002941;EXPURO;;1
SSR2;2014;800008989;800002941;IDRACH;;1
SSR2;2014;800008989;800002941;ISOCIN;1;
SSR2;2014;800008989;800002941;LABMAR;1;
SSR2;2014;800008989;800002941;PISCIN;1;
SSR2;2014;800008989;800002941;SALINT;;1
SSR2;2014;800008989;800002941;SIMESP;;1
SSR2;2014;800008989;800002941;STICON;;1
SSR2;2014;800008989;800002941;VEHADP;;1
SSR2;2014;800012528;800003071;APTAUT;;1
SSR2;2014;800012528;800003071;ASSMAR;;1
SSR2;2014;800012528;800003071;ASSMEM;;1
SSR2;2014;800012528;800003071;EXPEQU;;1
SSR2;2014;800012528;800003071;EXPURO;;1
SSR2;2014;800012528;800003071;IDRACH;;1
SSR2;2014;800012528;800003071;ISOCIN;1;
SSR2;2014;800012528;800003071;LABMAR;;1
SSR2;2014;800012528;800003071;PISCIN;1;
SSR2;2014;800012528;800003071;SALINT;;1
SSR2;2014;800012528;800003071;SIMESP;1;
SSR2;2014;800012528;800003071;STICON;1;
SSR2;2014;800012528;800003071;VEHADP;1;
SSR2;2014;810000232;810099903;EXPEQU;;1
SSR2;2014;810000232;810099903;ISOCIN;1;
SSR2;2014;810000232;810099903;LABMAR;;1
SSR2;2014;810000232;810099903;PISCIN;1;
SSR2;2014;810000232;810099903;SIMESP;1;
SSR2;2014;810000232;810099903;VEHADP;1;
SSR2;2014;810000513;810000349;APTAUT;;1
SSR2;2014;810000513;810000349;ASSMAR;;1
SSR2;2014;810000513;810000349;ASSMEM;;1
SSR2;2014;810000513;810000349;EXPEQU;;1
SSR2;2014;810000513;810000349;EXPURO;;1
SSR2;2014;810000513;810000349;IDRACH;;1
SSR2;2014;810000513;810000349;ISOCIN;;1
SSR2;2014;810000513;810000349;LABMAR;;1
SSR2;2014;810000513;810000349;SALINT;;1
SSR2;2014;810000513;810000349;SIMESP;;1
SSR2;2014;810000513;810000349;STICON;;1
SSR2;2014;810000513;810000349;VEHADP;;1
SSR2;2014;810000547;810000380;ASSMAR;;1
SSR2;2014;810000547;810000380;ASSMEM;;1
SSR2;2014;810000547;810000380;EXPEQU;;1
SSR2;2014;810000547;810000380;EXPURO;;1
SSR2;2014;810000547;810000380;ISOCIN;;1
SSR2;2014;810000547;810000380;LABMAR;;1
SSR2;2014;810000547;810000380;SALINT;;1
SSR2;2014;810000562;810000455;EXPURO;1;
SSR2;2014;810003954;810099903;EXPEQU;1;
SSR2;2014;810003954;810099903;PISCIN;1;
SSR2;2014;810003954;810099903;SIMESP;1;
SSR2;2014;810003954;810099903;VEHADP;1;
SSR2;2014;810004200;920000395;PISCIN;1;
SSR2;2014;810101170;810101162;EXPURO;1;
SSR2;2014;820000032;820000016;EXPEQU;1;
SSR2;2014;820000032;820000016;EXPURO;1;
SSR2;2014;820000032;820000016;ISOCIN;1;
SSR2;2014;820000032;820000016;LABMAR;;1
SSR2;2014;820000032;820000016;PISCIN;1;
SSR2;2014;820000032;820000016;SALINT;1;
SSR2;2014;820000032;820000016;SIMESP;1;
SSR2;2014;820000412;820000560;PISCIN;1;
SSR2;2014;820003218;820008142;APTAUT;;1
SSR2;2014;820003218;820008142;ASSMAR;;1
SSR2;2014;820003218;820008142;ASSMEM;;1
SSR2;2014;820003218;820008142;EXPEQU;1;
SSR2;2014;820003218;820008142;EXPURO;;1
SSR2;2014;820003218;820008142;IDRACH;;1
SSR2;2014;820003218;820008142;ISOCIN;1;
SSR2;2014;820003218;820008142;LABMAR;1;
SSR2;2014;820003218;820008142;PISCIN;1;
SSR2;2014;820003218;820008142;SALINT;;1
SSR2;2014;820003218;820008142;SIMESP;1;
SSR2;2014;820003218;820008142;STICON;1;
SSR2;2014;820003218;820008142;VEHADP;1;
SSR2;2014;830000287;830100525;APTAUT;;1
SSR2;2014;830000287;830100525;ASSMAR;;1
SSR2;2014;830000287;830100525;ASSMEM;;1
SSR2;2014;830000287;830100525;EXPEQU;;1
SSR2;2014;830000287;830100525;EXPURO;;1
SSR2;2014;830000287;830100525;IDRACH;;1
SSR2;2014;830000287;830100525;ISOCIN;;1
SSR2;2014;830000287;830100525;LABMAR;;1
SSR2;2014;830000287;830100525;PISCIN;;1
SSR2;2014;830000287;830100525;SALINT;;1
SSR2;2014;830000287;830100525;SIMESP;;1
SSR2;2014;830000287;830100525;STICON;;1
SSR2;2014;830000287;830100525;VEHADP;;1
SSR2;2014;830000303;830100541;APTAUT;1;
SSR2;2014;830000303;830100541;ASSMAR;1;
SSR2;2014;830000303;830100541;ASSMEM;1;
SSR2;2014;830000303;830100541;EXPEQU;1;
SSR2;2014;830000303;830100541;EXPURO;1;
SSR2;2014;830000303;830100541;ISOCIN;1;
SSR2;2014;830000303;830100541;LABMAR;;1
SSR2;2014;830000303;830100541;PISCIN;1;
SSR2;2014;830000303;830100541;SALINT;1;
SSR2;2014;830000303;830100541;SIMESP;1;
SSR2;2014;830000303;830100541;STICON;1;
SSR2;2014;830016556;830000451;PISCIN;1;
SSR2;2014;830100558;690781810;ASSMEM;1;
SSR2;2014;830100558;690781810;EXPEQU;1;
SSR2;2014;830100558;690781810;EXPURO;1;
SSR2;2014;830100558;690781810;PISCIN;1;
SSR2;2014;830100558;690781810;SALINT;1;
SSR2;2014;830100558;690781810;SIMESP;1;
SSR2;2014;830100608;830100616;EXPEQU;1;
SSR2;2014;830100608;830100616;SIMESP;1;
SSR2;2014;830100624;830000352;APTAUT;;1
SSR2;2014;830100624;830000352;ASSMAR;;1
SSR2;2014;830100624;830000352;ASSMEM;;1
SSR2;2014;830100624;830000352;EXPEQU;;1
SSR2;2014;830100624;830000352;EXPURO;;1
SSR2;2014;830100624;830000352;IDRACH;;1
SSR2;2014;830100624;830000352;ISOCIN;;1
SSR2;2014;830100624;830000352;LABMAR;;1
SSR2;2014;830100624;830000352;PISCIN;1;
SSR2;2014;830100624;830000352;SALINT;;1
SSR2;2014;830100624;830000352;SIMESP;1;
SSR2;2014;830100624;830000352;STICON;;1
SSR2;2014;830100624;830000352;VEHADP;;1
SSR2;2014;830100681;750005068;APTAUT;1;
SSR2;2014;830100681;750005068;EXPEQU;1;
SSR2;2014;830100681;750005068;EXPURO;1;
SSR2;2014;830100681;750005068;ISOCIN;1;
SSR2;2014;830100681;750005068;PISCIN;1;
SSR2;2014;830100764;440052041;PISCIN;1;
SSR2;2014;830100806;750043994;LABMAR;;1
SSR2;2014;830100806;750043994;PISCIN;1;
SSR2;2014;830100814;750043994;EXPURO;;1
SSR2;2014;830100814;750043994;LABMAR;;1
SSR2;2014;830100814;750043994;PISCIN;1;
SSR2;2014;830100822;830000477;PISCIN;1;
SSR2;2014;830100855;830000493;PISCIN;1;
SSR2;2014;830100863;830000501;PISCIN;;1
SSR2;2014;830101010;830000568;ASSMAR;1;
SSR2;2014;830101010;830000568;PISCIN;;1
SSR2;2014;830200507;830013678;APTAUT;;1
SSR2;2014;830200507;830013678;ASSMAR;;1
SSR2;2014;830200507;830013678;ASSMEM;;1
SSR2;2014;830200507;830013678;EXPEQU;;1
SSR2;2014;830200507;830013678;EXPURO;;1
SSR2;2014;830200507;830013678;IDRACH;;1
SSR2;2014;830200507;830013678;ISOCIN;;1
SSR2;2014;830200507;830013678;LABMAR;;1
SSR2;2014;830200507;830013678;PISCIN;;1
SSR2;2014;830200507;830013678;SALINT;;1
SSR2;2014;830200507;830013678;SIMESP;1;
SSR2;2014;830200507;830013678;STICON;;1
SSR2;2014;830200507;830013678;VEHADP;;1
SSR2;2014;830206397;830017893;EXPEQU;1;
SSR2;2014;830206397;830017893;ISOCIN;1;
SSR2;2014;830206397;830017893;PISCIN;1;
SSR2;2014;830206397;830017893;SIMESP;1;
SSR2;2014;840000202;130037815;PISCIN;1;
SSR2;2014;840000376;840000038;PISCIN;1;
SSR2;2014;840000483;840000087;APTAUT;;1
SSR2;2014;840000483;840000087;ASSMAR;1;
SSR2;2014;840000483;840000087;EXPURO;1;
SSR2;2014;840000483;840000087;PISCIN;1;
SSR2;2014;840000483;840000087;SALINT;1;
SSR2;2014;840000483;840000087;VEHADP;1;
SSR2;2014;840000525;840000111;APTAUT;;1
SSR2;2014;840000525;840000111;ASSMAR;;1
SSR2;2014;840000525;840000111;ASSMEM;1;
SSR2;2014;840000525;840000111;EXPEQU;;1
SSR2;2014;840000525;840000111;EXPURO;;1
SSR2;2014;840000525;840000111;IDRACH;;1
SSR2;2014;840000525;840000111;ISOCIN;;1
SSR2;2014;840000525;840000111;LABMAR;;1
SSR2;2014;840000525;840000111;PISCIN;1;
SSR2;2014;840000525;840000111;SALINT;;1
SSR2;2014;840000525;840000111;SIMESP;1;
SSR2;2014;840000525;840000111;STICON;;1
SSR2;2014;840000525;840000111;VEHADP;;1
SSR2;2014;840001861;840006597;PISCIN;1;
SSR2;2014;840001861;840006597;VEHADP;1;
SSR2;2014;840014088;920000395;APTAUT;1;
SSR2;2014;840014088;920000395;EXPURO;;1
SSR2;2014;840014088;920000395;PISCIN;1;
SSR2;2014;840014088;920000395;SALINT;1;
SSR2;2014;840014088;920000395;SIMESP;1;
SSR2;2014;840014849;750043994;SIMESP;1;
SSR2;2014;840017214;840018667;EXPEQU;1;
SSR2;2014;840017214;840018667;PISCIN;1;
SSR2;2014;850000118;850013244;ASSMEM;1;
SSR2;2014;850000118;850013244;EXPEQU;1;
SSR2;2014;850000118;850013244;EXPURO;1;
SSR2;2014;850000118;850013244;LABMAR;1;
SSR2;2014;850000118;850013244;PISCIN;1;
SSR2;2014;850000142;850000019;EXPEQU;;1
SSR2;2014;850000142;850000019;PISCIN;;1
SSR2;2014;850000142;850000019;SIMESP;;1
SSR2;2014;850000142;850000019;STICON;;1
SSR2;2014;850000142;850000019;VEHADP;1;
SSR2;2014;850000209;850000019;EXPEQU;1;
SSR2;2014;850000209;850000019;PISCIN;1;
SSR2;2014;850000209;850000019;SIMESP;1;
SSR2;2014;850000209;850000019;STICON;1;
SSR2;2014;850000225;850000019;APTAUT;;1
SSR2;2014;850000225;850000019;ASSMAR;;1
SSR2;2014;850000225;850000019;ASSMEM;;1
SSR2;2014;850000225;850000019;EXPEQU;;1
SSR2;2014;850000225;850000019;EXPURO;;1
SSR2;2014;850000225;850000019;IDRACH;;1
SSR2;2014;850000225;850000019;ISOCIN;;1
SSR2;2014;850000225;850000019;LABMAR;;1
SSR2;2014;850000225;850000019;PISCIN;;1
SSR2;2014;850000225;850000019;SALINT;;1
SSR2;2014;850000225;850000019;SIMESP;;1
SSR2;2014;850000225;850000019;STICON;;1
SSR2;2014;850000225;850000019;VEHADP;;1
SSR2;2014;850000357;440041895;PISCIN;1;
SSR2;2014;850000357;440041895;SIMESP;1;
SSR2;2014;850000399;750005068;APTAUT;1;
SSR2;2014;850000399;750005068;PISCIN;1;
SSR2;2014;850000399;750005068;SIMESP;1;
SSR2;2014;850000399;750005068;VEHADP;1;
SSR2;2014;850000647;850011453;PISCIN;1;
SSR2;2014;860000025;860013382;SIMESP;1;
SSR2;2014;860000223;860013077;EXPEQU;1;
SSR2;2014;860000223;860013077;EXPURO;1;
SSR2;2014;860000223;860013077;ISOCIN;1;
SSR2;2014;860000223;860013077;LABMAR;1;
SSR2;2014;860000223;860013077;PISCIN;1;
SSR2;2014;860000223;860013077;SALINT;1;
SSR2;2014;860000223;860013077;SIMESP;1;
SSR2;2014;860011014;860013077;EXPEQU;;1
SSR2;2014;860011014;860013077;EXPURO;;1
SSR2;2014;860011014;860013077;ISOCIN;;1
SSR2;2014;860011014;860013077;LABMAR;;1
SSR2;2014;860011014;860013077;PISCIN;;1
SSR2;2014;860011014;860013077;SALINT;;1
SSR2;2014;860011014;860013077;SIMESP;;1
SSR2;2014;860790419;860003110;EXPEQU;1;
SSR2;2014;860790419;860003110;PISCIN;1;
SSR2;2014;860790419;860003110;SIMESP;1;
SSR2;2014;870000064;870000015;APTAUT;;1
SSR2;2014;870000064;870000015;ASSMAR;;1
SSR2;2014;870000064;870000015;ASSMEM;;1
SSR2;2014;870000064;870000015;EXPEQU;;1
SSR2;2014;870000064;870000015;EXPURO;;1
SSR2;2014;870000064;870000015;IDRACH;;1
SSR2;2014;870000064;870000015;ISOCIN;;1
SSR2;2014;870000064;870000015;LABMAR;;1
SSR2;2014;870000064;870000015;PISCIN;;1
SSR2;2014;870000064;870000015;SALINT;;1
SSR2;2014;870000064;870000015;SIMESP;;1
SSR2;2014;870000064;870000015;STICON;;1
SSR2;2014;870000064;870000015;VEHADP;;1
SSR2;2014;870002516;870000023;SALINT;;1
SSR2;2014;870003514;870000015;ASSMAR;1;
SSR2;2014;870003514;870000015;ASSMEM;1;
SSR2;2014;870003514;870000015;EXPEQU;1;
SSR2;2014;870003514;870000015;EXPURO;1;
SSR2;2014;870003514;870000015;IDRACH;;1
SSR2;2014;870003514;870000015;ISOCIN;1;
SSR2;2014;870003514;870000015;LABMAR;;1
SSR2;2014;870003514;870000015;PISCIN;1;
SSR2;2014;870003514;870000015;SALINT;;1
SSR2;2014;870003514;870000015;SIMESP;;1
SSR2;2014;870003514;870000015;STICON;;1
SSR2;2014;870003514;870000015;VEHADP;;1
SSR2;2014;870007358;870016722;SIMESP;1;
SSR2;2014;870016631;870016722;PISCIN;1;
SSR2;2014;870016631;870016722;SIMESP;1;
SSR2;2014;880000021;880007059;EXPURO;;1
SSR2;2014;880000021;880007059;ISOCIN;;1
SSR2;2014;880000054;880007299;EXPURO;;1
SSR2;2014;880000054;880007299;ISOCIN;;1
SSR2;2014;880000054;880007299;LABMAR;;1
SSR2;2014;880000054;880007299;PISCIN;1;
SSR2;2014;880000054;880007299;SALINT;1;
SSR2;2014;880000054;880007299;SIMESP;1;
SSR2;2014;880000054;880007299;STICON;;1
SSR2;2014;880000062;880780093;SIMESP;1;
SSR2;2014;880000070;880007299;PISCIN;;1
SSR2;2014;880000070;880007299;SALINT;1;
SSR2;2014;880000070;880007299;SIMESP;1;
SSR2;2014;880000104;880780259;APTAUT;;1
SSR2;2014;880000104;880780259;ASSMAR;;1
SSR2;2014;880000104;880780259;ASSMEM;;1
SSR2;2014;880000104;880780259;EXPEQU;;1
SSR2;2014;880000104;880780259;EXPURO;;1
SSR2;2014;880000104;880780259;IDRACH;;1
SSR2;2014;880000104;880780259;ISOCIN;;1
SSR2;2014;880000104;880780259;LABMAR;;1
SSR2;2014;880000104;880780259;PISCIN;;1
SSR2;2014;880000104;880780259;SALINT;;1
SSR2;2014;880000104;880780259;SIMESP;;1
SSR2;2014;880000104;880780259;STICON;;1
SSR2;2014;880000104;880780259;VEHADP;;1
SSR2;2014;880000153;880780309;VEHADP;1;
SSR2;2014;880000187;880780333;VEHADP;1;
SSR2;2014;880000211;880780366;APTAUT;;1
SSR2;2014;880000211;880780366;ASSMAR;;1
SSR2;2014;880000211;880780366;ASSMEM;;1
SSR2;2014;880000211;880780366;EXPEQU;;1
SSR2;2014;880000211;880780366;EXPURO;;1
SSR2;2014;880000211;880780366;IDRACH;;1
SSR2;2014;880000211;880780366;ISOCIN;;1
SSR2;2014;880000211;880780366;LABMAR;;1
SSR2;2014;880000211;880780366;PISCIN;;1
SSR2;2014;880000211;880780366;SALINT;;1
SSR2;2014;880000211;880780366;SIMESP;;1
SSR2;2014;880000211;880780366;STICON;;1
SSR2;2014;880000211;880780366;VEHADP;;1
SSR2;2014;880000336;880007059;EXPURO;;1
SSR2;2014;880000336;880007059;ISOCIN;;1
SSR2;2014;880001789;880001409;EXPURO;1;
SSR2;2014;880001789;880001409;ISOCIN;1;
SSR2;2014;880001789;880001409;LABMAR;;1
SSR2;2014;880001789;880001409;PISCIN;1;
SSR2;2014;890000292;890006315;APTAUT;;1
SSR2;2014;890000292;890006315;ASSMAR;;1
SSR2;2014;890000292;890006315;ASSMEM;;1
SSR2;2014;890000292;890006315;EXPEQU;;1
SSR2;2014;890000292;890006315;EXPURO;;1
SSR2;2014;890000292;890006315;IDRACH;;1
SSR2;2014;890000292;890006315;ISOCIN;;1
SSR2;2014;890000292;890006315;LABMAR;;1
SSR2;2014;890000292;890006315;PISCIN;;1
SSR2;2014;890000292;890006315;SALINT;;1
SSR2;2014;890000292;890006315;SIMESP;;1
SSR2;2014;890000292;890006315;STICON;;1
SSR2;2014;890000292;890006315;VEHADP;;1
SSR2;2014;890973258;890970569;APTAUT;1;
SSR2;2014;890973258;890970569;EXPEQU;1;
SSR2;2014;890973258;890970569;EXPURO;;1
SSR2;2014;890973258;890970569;SIMESP;1;
SSR2;2014;890975568;890000433;APTAUT;;1
SSR2;2014;890975568;890000433;ASSMAR;1;
SSR2;2014;890975568;890000433;ASSMEM;1;
SSR2;2014;890975568;890000433;EXPEQU;1;
SSR2;2014;890975568;890000433;EXPURO;;1
SSR2;2014;890975568;890000433;IDRACH;;1
SSR2;2014;890975568;890000433;ISOCIN;;1
SSR2;2014;890975568;890000433;LABMAR;;1
SSR2;2014;890975568;890000433;PISCIN;1;
SSR2;2014;890975568;890000433;SALINT;;1
SSR2;2014;890975568;890000433;SIMESP;1;
SSR2;2014;890975568;890000433;STICON;;1
SSR2;2014;890975568;890000433;VEHADP;;1
SSR2;2014;900003070;900000365;EXPEQU;;1
SSR2;2014;900003070;900000365;ISOCIN;;1
SSR2;2014;900003070;900000365;LABMAR;;1
SSR2;2014;900003070;900000365;SIMESP;1;
SSR2;2014;900003070;900000365;VEHADP;;1
SSR2;2014;910000298;910110055;EXPEQU;1;
SSR2;2014;910000298;910110055;EXPURO;1;
SSR2;2014;910000298;910110055;SIMESP;1;
SSR2;2014;910009919;910009869;APTAUT;;1
SSR2;2014;910009919;910009869;ASSMAR;;1
SSR2;2014;910009919;910009869;ASSMEM;;1
SSR2;2014;910009919;910009869;EXPEQU;1;
SSR2;2014;910009919;910009869;EXPURO;;1
SSR2;2014;910009919;910009869;IDRACH;;1
SSR2;2014;910009919;910009869;ISOCIN;;1
SSR2;2014;910009919;910009869;LABMAR;;1
SSR2;2014;910009919;910009869;PISCIN;1;
SSR2;2014;910009919;910009869;SALINT;;1
SSR2;2014;910009919;910009869;SIMESP;1;
SSR2;2014;910009919;910009869;STICON;;1
SSR2;2014;910009919;910009869;VEHADP;;1
SSR2;2014;910015965;750043994;APTAUT;;1
SSR2;2014;910015965;750043994;ASSMAR;;1
SSR2;2014;910015965;750043994;ASSMEM;;1
SSR2;2014;910015965;750043994;EXPEQU;1;
SSR2;2014;910015965;750043994;EXPURO;;1
SSR2;2014;910015965;750043994;IDRACH;;1
SSR2;2014;910015965;750043994;ISOCIN;;1
SSR2;2014;910015965;750043994;LABMAR;;1
SSR2;2014;910015965;750043994;PISCIN;1;
SSR2;2014;910015965;750043994;SALINT;;1
SSR2;2014;910015965;750043994;SIMESP;;1
SSR2;2014;910015965;750043994;STICON;;1
SSR2;2014;910015965;750043994;VEHADP;;1
SSR2;2014;910018423;910019454;APTAUT;;1
SSR2;2014;910018423;910019454;ASSMAR;;1
SSR2;2014;910018423;910019454;ASSMEM;;1
SSR2;2014;910018423;910019454;EXPEQU;;1
SSR2;2014;910018423;910019454;EXPURO;;1
SSR2;2014;910018423;910019454;IDRACH;;1
SSR2;2014;910018423;910019454;ISOCIN;;1
SSR2;2014;910018423;910019454;LABMAR;;1
SSR2;2014;910018423;910019454;PISCIN;;1
SSR2;2014;910018423;910019454;SALINT;;1
SSR2;2014;910018423;910019454;SIMESP;;1
SSR2;2014;910018423;910019454;STICON;;1
SSR2;2014;910018423;910019454;VEHADP;;1
SSR2;2014;910020254;910002773;APTAUT;1;
SSR2;2014;910020254;910002773;ASSMAR;;1
SSR2;2014;910020254;910002773;ASSMEM;1;
SSR2;2014;910020254;910002773;EXPEQU;1;
SSR2;2014;910020254;910002773;EXPURO;1;
SSR2;2014;910020254;910002773;IDRACH;1;
SSR2;2014;910020254;910002773;ISOCIN;1;
SSR2;2014;910020254;910002773;LABMAR;;1
SSR2;2014;910020254;910002773;PISCIN;;1
SSR2;2014;910020254;910002773;SALINT;;1
SSR2;2014;910020254;910002773;SIMESP;;1
SSR2;2014;910020254;910002773;STICON;1;
SSR2;2014;910020254;910002773;VEHADP;1;
SSR2;2014;910100015;750712184;APTAUT;1;
SSR2;2014;910100015;750712184;EXPURO;1;
SSR2;2014;910100023;750712184;EXPEQU;1;
SSR2;2014;910100023;750712184;EXPURO;1;
SSR2;2014;910100023;750712184;LABMAR;1;
SSR2;2014;910100023;750712184;SIMESP;1;
SSR2;2014;910100023;750712184;VEHADP;1;
SSR2;2014;910150077;750720575;APTAUT;1;
SSR2;2014;910150077;750720575;ASSMAR;;1
SSR2;2014;910150077;750720575;ASSMEM;;1
SSR2;2014;910150077;750720575;EXPEQU;;1
SSR2;2014;910150077;750720575;EXPURO;1;
SSR2;2014;910150077;750720575;IDRACH;;1
SSR2;2014;910150077;750720575;ISOCIN;;1
SSR2;2014;910150077;750720575;LABMAR;;1
SSR2;2014;910150077;750720575;PISCIN;1;
SSR2;2014;910150077;750720575;SALINT;;1
SSR2;2014;910150077;750720575;SIMESP;1;
SSR2;2014;910150077;750720575;STICON;;1
SSR2;2014;910150077;750720575;VEHADP;1;
SSR2;2014;910150085;910009539;PISCIN;1;
SSR2;2014;910300029;910000355;EXPURO;;1
SSR2;2014;910300029;910000355;LABMAR;;1
SSR2;2014;910300029;910000355;SALINT;;1
SSR2;2014;910300029;910000355;SIMESP;1;
SSR2;2014;910300045;910002419;PISCIN;1;
SSR2;2014;910300151;310021308;PISCIN;1;
SSR2;2014;910300219;910003888;PISCIN;1;
SSR2;2014;910300219;910003888;SIMESP;1;
SSR2;2014;910300276;910019702;APTAUT;1;
SSR2;2014;910300276;910019702;ASSMAR;1;
SSR2;2014;910300276;910019702;ASSMEM;;1
SSR2;2014;910300276;910019702;EXPEQU;1;
SSR2;2014;910300276;910019702;IDRACH;;1
SSR2;2014;910300276;910019702;ISOCIN;;1
SSR2;2014;910300276;910019702;LABMAR;;1
SSR2;2014;910300276;910019702;PISCIN;1;
SSR2;2014;910300276;910019702;SALINT;;1
SSR2;2014;910300276;910019702;SIMESP;1;
SSR2;2014;910300276;910019702;STICON;;1
SSR2;2014;910300276;910019702;VEHADP;;1
SSR2;2014;920000569;920026374;PISCIN;1;
SSR2;2014;920000569;920026374;SIMESP;1;
SSR2;2014;920000601;920110053;APTAUT;1;
SSR2;2014;920000601;920110053;EXPEQU;1;
SSR2;2014;920000601;920110053;ISOCIN;1;
SSR2;2014;920000601;920110053;PISCIN;1;
SSR2;2014;920000635;920150026;EXPEQU;1;
SSR2;2014;920000635;920150026;LABMAR;1;
SSR2;2014;920007549;920007499;SIMESP;1;
SSR2;2014;920014099;750043994;APTAUT;;1
SSR2;2014;920014099;750043994;ASSMAR;1;
SSR2;2014;920014099;750043994;ASSMEM;1;
SSR2;2014;920014099;750043994;EXPEQU;1;
SSR2;2014;920014099;750043994;EXPURO;;1
SSR2;2014;920014099;750043994;IDRACH;;1
SSR2;2014;920014099;750043994;ISOCIN;1;
SSR2;2014;920014099;750043994;LABMAR;;1
SSR2;2014;920014099;750043994;PISCIN;1;
SSR2;2014;920014099;750043994;SALINT;;1
SSR2;2014;920014099;750043994;SIMESP;;1
SSR2;2014;920014099;750043994;STICON;;1
SSR2;2014;920014099;750043994;VEHADP;;1
SSR2;2014;920016698;930019484;APTAUT;1;
SSR2;2014;920016698;930019484;ASSMAR;;1
SSR2;2014;920016698;930019484;ASSMEM;;1
SSR2;2014;920016698;930019484;EXPEQU;1;
SSR2;2014;920016698;930019484;EXPURO;1;
SSR2;2014;920016698;930019484;IDRACH;;1
SSR2;2014;920016698;930019484;ISOCIN;1;
SSR2;2014;920016698;930019484;LABMAR;;1
SSR2;2014;920016698;930019484;PISCIN;1;
SSR2;2014;920016698;930019484;SALINT;;1
SSR2;2014;920016698;930019484;SIMESP;1;
SSR2;2014;920016698;930019484;STICON;;1
SSR2;2014;920016698;930019484;VEHADP;1;
SSR2;2014;920024205;920808037;APTAUT;;1
SSR2;2014;920024205;920808037;ASSMAR;;1
SSR2;2014;920024205;920808037;ASSMEM;;1
SSR2;2014;920024205;920808037;EXPEQU;;1
SSR2;2014;920024205;920808037;EXPURO;;1
SSR2;2014;920024205;920808037;ISOCIN;;1
SSR2;2014;920024205;920808037;LABMAR;;1
SSR2;2014;920024205;920808037;SALINT;;1
SSR2;2014;920024205;920808037;SIMESP;1;
SSR2;2014;920100047;750712184;EXPEQU;1;
SSR2;2014;920100062;750712184;EXPEQU;1;
SSR2;2014;920100062;750712184;EXPURO;1;
SSR2;2014;920100062;750712184;ISOCIN;1;
SSR2;2014;920100062;750712184;LABMAR;1;
SSR2;2014;920100062;750712184;SIMESP;1;
SSR2;2014;920120011;750821092;APTAUT;1;
SSR2;2014;920120011;750821092;EXPURO;;1
SSR2;2014;920120011;750821092;ISOCIN;1;
SSR2;2014;920120011;750821092;PISCIN;1;
SSR2;2014;920120011;750821092;SIMESP;1;
SSR2;2014;920300266;920000940;EXPEQU;1;
SSR2;2014;920300381;920005378;APTAUT;;1
SSR2;2014;920300381;920005378;ASSMAR;;1
SSR2;2014;920300381;920005378;ASSMEM;;1
SSR2;2014;920300381;920005378;EXPEQU;;1
SSR2;2014;920300381;920005378;EXPURO;;1
SSR2;2014;920300381;920005378;IDRACH;;1
SSR2;2014;920300381;920005378;ISOCIN;;1
SSR2;2014;920300381;920005378;LABMAR;;1
SSR2;2014;920300381;920005378;PISCIN;;1
SSR2;2014;920300381;920005378;SALINT;;1
SSR2;2014;920300381;920005378;SIMESP;;1
SSR2;2014;920300381;920005378;STICON;;1
SSR2;2014;920300381;920005378;VEHADP;;1
SSR2;2014;920300423;750043994;SIMESP;1;
SSR2;2014;920300464;910014919;ISOCIN;1;
SSR2;2014;920300464;910014919;PISCIN;1;
SSR2;2014;920300480;920000924;APTAUT;;1
SSR2;2014;920300480;920000924;ASSMAR;;1
SSR2;2014;920300480;920000924;ASSMEM;;1
SSR2;2014;920300480;920000924;EXPEQU;;1
SSR2;2014;920300480;920000924;EXPURO;;1
SSR2;2014;920300480;920000924;IDRACH;;1
SSR2;2014;920300480;920000924;ISOCIN;;1
SSR2;2014;920300480;920000924;LABMAR;;1
SSR2;2014;920300480;920000924;PISCIN;;1
SSR2;2014;920300480;920000924;SALINT;;1
SSR2;2014;920300480;920000924;SIMESP;;1
SSR2;2014;920300480;920000924;STICON;;1
SSR2;2014;920300480;920000924;VEHADP;;1
SSR2;2014;920300563;920000932;PISCIN;1;
SSR2;2014;920300985;920810330;SIMESP;1;
SSR2;2014;920420023;750043994;APTAUT;;1
SSR2;2014;920420023;750043994;ASSMAR;1;
SSR2;2014;920420023;750043994;ASSMEM;;1
SSR2;2014;920420023;750043994;EXPEQU;1;
SSR2;2014;920420023;750043994;EXPURO;;1
SSR2;2014;920420023;750043994;IDRACH;;1
SSR2;2014;920420023;750043994;ISOCIN;;1
SSR2;2014;920420023;750043994;LABMAR;;1
SSR2;2014;920420023;750043994;PISCIN;;1
SSR2;2014;920420023;750043994;SALINT;;1
SSR2;2014;920420023;750043994;SIMESP;1;
SSR2;2014;920420023;750043994;STICON;;1
SSR2;2014;920420023;750043994;VEHADP;;1
SSR2;2014;920600012;750042590;PISCIN;1;
SSR2;2014;920700010;770700029;EXPURO;;1
SSR2;2014;920700010;770700029;LABMAR;;1
SSR2;2014;920700010;770700029;PISCIN;1;
SSR2;2014;930000302;930110036;EXPURO;1;
SSR2;2014;930000328;930110051;APTAUT;;1
SSR2;2014;930000328;930110051;ASSMAR;;1
SSR2;2014;930000328;930110051;ASSMEM;;1
SSR2;2014;930000328;930110051;EXPEQU;1;
SSR2;2014;930000328;930110051;EXPURO;1;
SSR2;2014;930000328;930110051;IDRACH;;1
SSR2;2014;930000328;930110051;ISOCIN;1;
SSR2;2014;930000328;930110051;LABMAR;1;
SSR2;2014;930000328;930110051;PISCIN;;1
SSR2;2014;930000328;930110051;SALINT;1;
SSR2;2014;930000328;930110051;SIMESP;;1
SSR2;2014;930000328;930110051;STICON;;1
SSR2;2014;930000328;930110051;VEHADP;;1
SSR2;2014;930000336;930110069;ASSMAR;1;
SSR2;2014;930000336;930110069;ASSMEM;1;
SSR2;2014;930000336;930110069;EXPEQU;1;
SSR2;2014;930000336;930110069;EXPURO;1;
SSR2;2014;930000336;930110069;ISOCIN;1;
SSR2;2014;930000336;930110069;LABMAR;1;
SSR2;2014;930000336;930110069;PISCIN;1;
SSR2;2014;930000336;930110069;SIMESP;1;
SSR2;2014;930006648;750721235;EXPEQU;1;
SSR2;2014;930006648;750721235;ISOCIN;1;
SSR2;2014;930006648;750721235;PISCIN;1;
SSR2;2014;930006648;750721235;SIMESP;1;
SSR2;2014;930006648;750721235;VEHADP;1;
SSR2;2014;930009188;930009139;APTAUT;;1
SSR2;2014;930009188;930009139;ASSMAR;1;
SSR2;2014;930009188;930009139;ASSMEM;;1
SSR2;2014;930009188;930009139;EXPEQU;;1
SSR2;2014;930009188;930009139;EXPURO;;1
SSR2;2014;930009188;930009139;IDRACH;;1
SSR2;2014;930009188;930009139;ISOCIN;;1
SSR2;2014;930009188;930009139;LABMAR;;1
SSR2;2014;930009188;930009139;PISCIN;1;
SSR2;2014;930009188;930009139;SALINT;;1
SSR2;2014;930009188;930009139;STICON;;1
SSR2;2014;930009188;930009139;VEHADP;;1
SSR2;2014;930011788;930017199;APTAUT;;1
SSR2;2014;930011788;930017199;ASSMAR;;1
SSR2;2014;930011788;930017199;ASSMEM;;1
SSR2;2014;930011788;930017199;EXPEQU;;1
SSR2;2014;930011788;930017199;EXPURO;;1
SSR2;2014;930011788;930017199;IDRACH;;1
SSR2;2014;930011788;930017199;ISOCIN;;1
SSR2;2014;930011788;930017199;LABMAR;;1
SSR2;2014;930011788;930017199;PISCIN;;1
SSR2;2014;930011788;930017199;SALINT;;1
SSR2;2014;930011788;930017199;SIMESP;;1
SSR2;2014;930011788;930017199;STICON;;1
SSR2;2014;930011788;930017199;VEHADP;;1
SSR2;2014;930013818;930024427;EXPEQU;1;
SSR2;2014;930013818;930024427;LABMAR;1;
SSR2;2014;930013818;930024427;PISCIN;1;
SSR2;2014;930017512;930019948;APTAUT;1;
SSR2;2014;930017512;930019948;EXPURO;;1
SSR2;2014;930017512;930019948;IDRACH;;1
SSR2;2014;930017512;930019948;ISOCIN;1;
SSR2;2014;930017512;930019948;LABMAR;;1
SSR2;2014;930017512;930019948;PISCIN;1;
SSR2;2014;930017512;930019948;SALINT;;1
SSR2;2014;930017512;930019948;SIMESP;1;
SSR2;2014;930017512;930019948;STICON;;1
SSR2;2014;930019203;750043994;APTAUT;;1
SSR2;2014;930019203;750043994;ASSMAR;;1
SSR2;2014;930019203;750043994;ASSMEM;;1
SSR2;2014;930019203;750043994;EXPEQU;1;
SSR2;2014;930019203;750043994;EXPURO;;1
SSR2;2014;930019203;750043994;IDRACH;;1
SSR2;2014;930019203;750043994;ISOCIN;;1
SSR2;2014;930019203;750043994;LABMAR;;1
SSR2;2014;930019203;750043994;PISCIN;1;
SSR2;2014;930019203;750043994;SALINT;;1
SSR2;2014;930019203;750043994;SIMESP;1;
SSR2;2014;930019203;750043994;STICON;;1
SSR2;2014;930019203;750043994;VEHADP;;1
SSR2;2014;930021001;440052041;APTAUT;;1
SSR2;2014;930021001;440052041;ASSMAR;;1
SSR2;2014;930021001;440052041;ASSMEM;;1
SSR2;2014;930021001;440052041;EXPEQU;;1
SSR2;2014;930021001;440052041;EXPURO;;1
SSR2;2014;930021001;440052041;IDRACH;;1
SSR2;2014;930021001;440052041;ISOCIN;;1
SSR2;2014;930021001;440052041;LABMAR;;1
SSR2;2014;930021001;440052041;PISCIN;1;
SSR2;2014;930021001;440052041;SALINT;;1
SSR2;2014;930021001;440052041;SIMESP;;1
SSR2;2014;930021001;440052041;STICON;;1
SSR2;2014;930021001;440052041;VEHADP;1;
SSR2;2014;930023692;750043994;ASSMEM;1;
SSR2;2014;930023692;750043994;LABMAR;;1
SSR2;2014;930023692;750043994;PISCIN;1;
SSR2;2014;930023692;750043994;SIMESP;1;
SSR2;2014;930100011;750712184;APTAUT;;1
SSR2;2014;930100011;750712184;ASSMEM;;1
SSR2;2014;930100011;750712184;EXPEQU;1;
SSR2;2014;930100011;750712184;EXPURO;;1
SSR2;2014;930100011;750712184;ISOCIN;1;
SSR2;2014;930100011;750712184;PISCIN;;1
SSR2;2014;930100011;750712184;SIMESP;1;
SSR2;2014;930100011;750712184;STICON;;1
SSR2;2014;930100037;750712184;ISOCIN;1;
SSR2;2014;930100037;750712184;SIMESP;1;
SSR2;2014;930100037;750712184;VEHADP;1;
SSR2;2014;930150057;750808529;EXPEQU;1;
SSR2;2014;930150057;750808529;PISCIN;1;
SSR2;2014;930150057;750808529;SIMESP;1;
SSR2;2014;930150057;750808529;VEHADP;1;
SSR2;2014;930300280;310021274;APTAUT;;1
SSR2;2014;930300280;310021274;ASSMAR;;1
SSR2;2014;930300280;310021274;ASSMEM;;1
SSR2;2014;930300280;310021274;EXPEQU;;1
SSR2;2014;930300280;310021274;EXPURO;;1
SSR2;2014;930300280;310021274;IDRACH;;1
SSR2;2014;930300280;310021274;ISOCIN;;1
SSR2;2014;930300280;310021274;LABMAR;;1
SSR2;2014;930300280;310021274;PISCIN;;1
SSR2;2014;930300280;310021274;SALINT;;1
SSR2;2014;930300280;310021274;SIMESP;;1
SSR2;2014;930300280;310021274;STICON;;1
SSR2;2014;930300280;310021274;VEHADP;;1
SSR2;2014;930300553;930000633;PISCIN;1;
SSR2;2014;930300553;930000633;SALINT;1;
SSR2;2014;930500012;750720534;APTAUT;;1
SSR2;2014;930500012;750720534;ASSMAR;;1
SSR2;2014;930500012;750720534;ASSMEM;;1
SSR2;2014;930500012;750720534;EXPEQU;;1
SSR2;2014;930500012;750720534;EXPURO;;1
SSR2;2014;930500012;750720534;IDRACH;;1
SSR2;2014;930500012;750720534;ISOCIN;;1
SSR2;2014;930500012;750720534;LABMAR;;1
SSR2;2014;930500012;750720534;PISCIN;;1
SSR2;2014;930500012;750720534;SALINT;;1
SSR2;2014;930500012;750720534;SIMESP;;1
SSR2;2014;930500012;750720534;STICON;;1
SSR2;2014;930500012;750720534;VEHADP;;1
SSR2;2014;930700018;750040628;EXPEQU;1;
SSR2;2014;930700018;750040628;PISCIN;1;
SSR2;2014;930700018;750040628;SIMESP;1;
SSR2;2014;930700018;750040628;VEHADP;1;
SSR2;2014;930706239;930110051;APTAUT;;1
SSR2;2014;930706239;930110051;ASSMAR;;1
SSR2;2014;930706239;930110051;ASSMEM;;1
SSR2;2014;930706239;930110051;EXPEQU;1;
SSR2;2014;930706239;930110051;EXPURO;1;
SSR2;2014;930706239;930110051;IDRACH;;1
SSR2;2014;930706239;930110051;ISOCIN;1;
SSR2;2014;930706239;930110051;LABMAR;1;
SSR2;2014;930706239;930110051;PISCIN;;1
SSR2;2014;930706239;930110051;SALINT;1;
SSR2;2014;930706239;930110051;SIMESP;;1
SSR2;2014;930706239;930110051;STICON;;1
SSR2;2014;930706239;930110051;VEHADP;;1
SSR2;2014;940000573;940110018;EXPURO;1;
SSR2;2014;940000573;940110018;SIMESP;1;
SSR2;2014;940008139;940021801;EXPEQU;1;
SSR2;2014;940008139;940021801;EXPURO;;1
SSR2;2014;940008139;940021801;ISOCIN;1;
SSR2;2014;940008139;940021801;LABMAR;;1
SSR2;2014;940008139;940021801;PISCIN;1;
SSR2;2014;940008139;940021801;SIMESP;1;
SSR2;2014;940016868;940016819;APTAUT;1;
SSR2;2014;940016868;940016819;ASSMAR;1;
SSR2;2014;940016868;940016819;ASSMEM;1;
SSR2;2014;940016868;940016819;EXPEQU;1;
SSR2;2014;940016868;940016819;EXPURO;;1
SSR2;2014;940016868;940016819;IDRACH;1;
SSR2;2014;940016868;940016819;LABMAR;1;
SSR2;2014;940016868;940016819;PISCIN;1;
SSR2;2014;940016868;940016819;SALINT;;1
SSR2;2014;940016868;940016819;SIMESP;1;
SSR2;2014;940016868;940016819;STICON;1;
SSR2;2014;940016868;940016819;VEHADP;;1
SSR2;2014;940100027;750712184;APTAUT;1;
SSR2;2014;940100027;750712184;ASSMAR;;1
SSR2;2014;940100027;750712184;ASSMEM;;1
SSR2;2014;940100027;750712184;EXPEQU;1;
SSR2;2014;940100027;750712184;EXPURO;1;
SSR2;2014;940100027;750712184;IDRACH;;1
SSR2;2014;940100027;750712184;ISOCIN;1;
SSR2;2014;940100027;750712184;LABMAR;1;
SSR2;2014;940100027;750712184;PISCIN;1;
SSR2;2014;940100027;750712184;SALINT;;1
SSR2;2014;940100027;750712184;SIMESP;1;
SSR2;2014;940100027;750712184;STICON;;1
SSR2;2014;940100027;750712184;VEHADP;;1
SSR2;2014;940100035;750712184;APTAUT;;1
SSR2;2014;940100035;750712184;ASSMAR;;1
SSR2;2014;940100035;750712184;ASSMEM;;1
SSR2;2014;940100035;750712184;EXPEQU;;1
SSR2;2014;940100035;750712184;EXPURO;;1
SSR2;2014;940100035;750712184;IDRACH;;1
SSR2;2014;940100035;750712184;ISOCIN;;1
SSR2;2014;940100035;750712184;LABMAR;;1
SSR2;2014;940100035;750712184;PISCIN;;1
SSR2;2014;940100035;750712184;SALINT;;1
SSR2;2014;940100035;750712184;SIMESP;;1
SSR2;2014;940100035;750712184;STICON;;1
SSR2;2014;940100035;750712184;VEHADP;;1
SSR2;2014;940100043;750712184;EXPEQU;;1
SSR2;2014;940100043;750712184;EXPURO;1;
SSR2;2014;940100043;750712184;LABMAR;1;
SSR2;2014;940100043;750712184;PISCIN;1;
SSR2;2014;940100043;750712184;SALINT;1;
SSR2;2014;940100050;750712184;EXPURO;1;
SSR2;2014;940100050;750712184;SIMESP;1;
SSR2;2014;940100068;750712184;APTAUT;1;
SSR2;2014;940100068;750712184;ASSMEM;1;
SSR2;2014;940100068;750712184;EXPEQU;1;
SSR2;2014;940100068;750712184;EXPURO;1;
SSR2;2014;940100068;750712184;IDRACH;;1
SSR2;2014;940100068;750712184;ISOCIN;;1
SSR2;2014;940100068;750712184;LABMAR;;1
SSR2;2014;940100068;750712184;PISCIN;;1
SSR2;2014;940100068;750712184;SALINT;;1
SSR2;2014;940100068;750712184;SIMESP;1;
SSR2;2014;940100068;750712184;STICON;;1
SSR2;2014;940100068;750712184;VEHADP;;1
SSR2;2014;940300452;940000862;PISCIN;1;
SSR2;2014;940700032;940001027;EXPEQU;1;
SSR2;2014;940700032;940001027;ISOCIN;1;
SSR2;2014;940700032;940001027;LABMAR;1;
SSR2;2014;940700032;940001027;PISCIN;1;
SSR2;2014;940700032;940001027;SIMESP;1;
SSR2;2014;940700040;940809361;ISOCIN;1;
SSR2;2014;940700040;940809361;PISCIN;1;
SSR2;2014;950000307;950110015;APTAUT;1;
SSR2;2014;950000307;950110015;EXPURO;1;
SSR2;2014;950000307;950110015;PISCIN;1;
SSR2;2014;950000315;950001370;APTAUT;;1
SSR2;2014;950000315;950001370;ASSMAR;;1
SSR2;2014;950000315;950001370;ASSMEM;;1
SSR2;2014;950000315;950001370;EXPEQU;;1
SSR2;2014;950000315;950001370;EXPURO;1;
SSR2;2014;950000315;950001370;IDRACH;;1
SSR2;2014;950000315;950001370;ISOCIN;;1
SSR2;2014;950000315;950001370;LABMAR;;1
SSR2;2014;950000315;950001370;PISCIN;;1
SSR2;2014;950000315;950001370;SALINT;;1
SSR2;2014;950000315;950001370;SIMESP;;1
SSR2;2014;950000315;950001370;STICON;;1
SSR2;2014;950000315;950001370;VEHADP;;1
SSR2;2014;950000323;950013870;APTAUT;1;
SSR2;2014;950000323;950013870;EXPEQU;1;
SSR2;2014;950000323;950013870;EXPURO;1;
SSR2;2014;950000323;950013870;ISOCIN;1;
SSR2;2014;950000323;950013870;LABMAR;;1
SSR2;2014;950000323;950013870;PISCIN;1;
SSR2;2014;950000331;950110049;ASSMEM;1;
SSR2;2014;950000331;950110049;EXPURO;1;
SSR2;2014;950000331;950110049;ISOCIN;;1
SSR2;2014;950000331;950110049;LABMAR;;1
SSR2;2014;950000331;950110049;PISCIN;1;
SSR2;2014;950000364;950110080;APTAUT;;1
SSR2;2014;950000364;950110080;ASSMAR;;1
SSR2;2014;950000364;950110080;ASSMEM;;1
SSR2;2014;950000364;950110080;EXPEQU;;1
SSR2;2014;950000364;950110080;EXPURO;;1
SSR2;2014;950000364;950110080;IDRACH;;1
SSR2;2014;950000364;950110080;ISOCIN;;1
SSR2;2014;950000364;950110080;LABMAR;;1
SSR2;2014;950000364;950110080;PISCIN;;1
SSR2;2014;950000364;950110080;SALINT;;1
SSR2;2014;950000364;950110080;SIMESP;1;
SSR2;2014;950000364;950110080;STICON;;1
SSR2;2014;950000364;950110080;VEHADP;;1
SSR2;2014;950000695;950500033;ASSMAR;1;
SSR2;2014;950000695;950500033;SIMESP;1;
SSR2;2014;950016139;950015289;ASSMAR;;1
SSR2;2014;950016139;950015289;EXPEQU;;1
SSR2;2014;950016139;950015289;EXPURO;;1
SSR2;2014;950016139;950015289;ISOCIN;;1
SSR2;2014;950016139;950015289;PISCIN;;1
SSR2;2014;950016139;950015289;SIMESP;;1
SSR2;2014;950016139;950015289;VEHADP;1;
SSR2;2014;950100016;750712184;APTAUT;;1
SSR2;2014;950100016;750712184;ASSMAR;;1
SSR2;2014;950100016;750712184;ASSMEM;;1
SSR2;2014;950100016;750712184;EXPEQU;;1
SSR2;2014;950100016;750712184;EXPURO;;1
SSR2;2014;950100016;750712184;IDRACH;;1
SSR2;2014;950100016;750712184;LABMAR;;1
SSR2;2014;950100016;750712184;PISCIN;;1
SSR2;2014;950100016;750712184;SALINT;;1
SSR2;2014;950100016;750712184;SIMESP;;1
SSR2;2014;950100016;750712184;STICON;;1
SSR2;2014;950100016;750712184;VEHADP;;1
SSR2;2014;950150052;750720575;APTAUT;1;
SSR2;2014;950150052;750720575;EXPURO;;1
SSR2;2014;950150052;750720575;LABMAR;;1
SSR2;2014;950150052;750720575;PISCIN;1;
SSR2;2014;950150052;750720575;SIMESP;1;
SSR2;2014;950150052;750720575;VEHADP;;1
SSR2;2014;950300152;750052227;APTAUT;;1
SSR2;2014;950300152;750052227;ASSMAR;1;
SSR2;2014;950300152;750052227;ASSMEM;;1
SSR2;2014;950300152;750052227;EXPEQU;1;
SSR2;2014;950300152;750052227;EXPURO;;1
SSR2;2014;950300152;750052227;IDRACH;;1
SSR2;2014;950300152;750052227;ISOCIN;;1
SSR2;2014;950300152;750052227;LABMAR;1;
SSR2;2014;950300152;750052227;PISCIN;1;
SSR2;2014;950300152;750052227;SALINT;;1
SSR2;2014;950300152;750052227;SIMESP;;1
SSR2;2014;950300152;750052227;STICON;;1
SSR2;2014;950300152;750052227;VEHADP;;1
SSR2;2014;950300277;950000547;PISCIN;1;
SSR2;2014;950300301;950000562;APTAUT;;1
SSR2;2014;950300301;950000562;ASSMAR;;1
SSR2;2014;950300301;950000562;ASSMEM;;1
SSR2;2014;950300301;950000562;EXPEQU;;1
SSR2;2014;950300301;950000562;EXPURO;;1
SSR2;2014;950300301;950000562;IDRACH;;1
SSR2;2014;950300301;950000562;ISOCIN;;1
SSR2;2014;950300301;950000562;LABMAR;;1
SSR2;2014;950300301;950000562;PISCIN;1;
SSR2;2014;950300301;950000562;SALINT;;1
SSR2;2014;950300301;950000562;SIMESP;;1
SSR2;2014;950300301;950000562;STICON;;1
SSR2;2014;950300301;950000562;VEHADP;;1
SSR2;2014;950300327;750043994;EXPEQU;1;
SSR2;2014;950300327;750043994;ISOCIN;1;
SSR2;2014;950300327;750043994;PISCIN;1;
SSR2;2014;950300376;750043994;APTAUT;;1
SSR2;2014;950300376;750043994;ASSMAR;;1
SSR2;2014;950300376;750043994;ASSMEM;;1
SSR2;2014;950300376;750043994;EXPEQU;;1
SSR2;2014;950300376;750043994;EXPURO;;1
SSR2;2014;950300376;750043994;IDRACH;;1
SSR2;2014;950300376;750043994;ISOCIN;;1
SSR2;2014;950300376;750043994;LABMAR;;1
SSR2;2014;950300376;750043994;PISCIN;;1
SSR2;2014;950300376;750043994;SALINT;;1
SSR2;2014;950300376;750043994;SIMESP;;1
SSR2;2014;950300376;750043994;STICON;;1
SSR2;2014;950300376;750043994;VEHADP;;1
SSR2;2014;950500017;950015289;ASSMAR;1;
SSR2;2014;950500017;950015289;EXPEQU;1;
SSR2;2014;950500017;950015289;EXPURO;1;
SSR2;2014;950500017;950015289;ISOCIN;;1
SSR2;2014;950500017;950015289;PISCIN;1;
SSR2;2014;950500017;950015289;SIMESP;1;
SSR2;2014;950500017;950015289;VEHADP;1;
SSR2;2014;950630012;750721334;SIMESP;1;
SSR2;2014;950700021;950000760;APTAUT;1;
SSR2;2014;950700021;950000760;ASSMAR;;1
SSR2;2014;950700021;950000760;ASSMEM;;1
SSR2;2014;950700021;950000760;EXPEQU;;1
SSR2;2014;950700021;950000760;EXPURO;;1
SSR2;2014;950700021;950000760;IDRACH;;1
SSR2;2014;950700021;950000760;ISOCIN;;1
SSR2;2014;950700021;950000760;LABMAR;1;
SSR2;2014;950700021;950000760;PISCIN;1;
SSR2;2014;950700021;950000760;SALINT;;1
SSR2;2014;950700021;950000760;SIMESP;;1
SSR2;2014;950700021;950000760;STICON;;1
SSR2;2014;950700021;950000760;VEHADP;;1
SSR2;2014;970100111;970100343;PISCIN;1;
SSR2;2014;970100137;970100368;ASSMAR;;1
SSR2;2014;970100137;970100368;ISOCIN;;1
SSR2;2014;970100137;970100368;SALINT;;1
SSR2;2014;970100137;970100368;SIMESP;;1
SSR2;2014;970100137;970100368;VEHADP;;1
SSR2;2014;970100251;970100467;ASSMAR;1;
SSR2;2014;970100251;970100467;ASSMEM;1;
SSR2;2014;970100251;970100467;ISOCIN;1;
SSR2;2014;970100426;970100202;APTAUT;;1
SSR2;2014;970100426;970100202;ASSMAR;;1
SSR2;2014;970100426;970100202;ASSMEM;;1
SSR2;2014;970100426;970100202;EXPEQU;;1
SSR2;2014;970100426;970100202;EXPURO;;1
SSR2;2014;970100426;970100202;IDRACH;;1
SSR2;2014;970100426;970100202;ISOCIN;;1
SSR2;2014;970100426;970100202;LABMAR;;1
SSR2;2014;970100426;970100202;PISCIN;;1
SSR2;2014;970100426;970100202;SALINT;;1
SSR2;2014;970100426;970100202;SIMESP;;1
SSR2;2014;970100426;970100202;STICON;;1
SSR2;2014;970100426;970100202;VEHADP;;1
SSR2;2014;970100442;970100228;ASSMAR;1;
SSR2;2014;970100442;970100228;ASSMEM;;1
SSR2;2014;970100442;970100228;EXPEQU;1;
SSR2;2014;970100442;970100228;SALINT;1;
SSR2;2014;970100442;970100228;STICON;;1
SSR2;2014;970100442;970100228;VEHADP;1;
SSR2;2014;970100483;970100285;APTAUT;1;
SSR2;2014;970100483;970100285;EXPEQU;1;
SSR2;2014;970100483;970100285;EXPURO;1;
SSR2;2014;970100483;970100285;PISCIN;1;
SSR2;2014;970100483;970100285;STICON;1;
SSR2;2014;970102596;970100491;ASSMAR;1;
SSR2;2014;970102596;970100491;ASSMEM;1;
SSR2;2014;970102596;970100491;ISOCIN;1;
SSR2;2014;970102596;970100491;PISCIN;1;
SSR2;2014;970102596;970100491;SIMESP;1;
SSR2;2014;970103099;970100525;ASSMEM;1;
SSR2;2014;970103099;970100525;EXPEQU;1;
SSR2;2014;970103099;970100525;ISOCIN;1;
SSR2;2014;970103099;970100525;PISCIN;1;
SSR2;2014;970104477;970104451;APTAUT;;1
SSR2;2014;970104477;970104451;ASSMAR;;1
SSR2;2014;970104477;970104451;ASSMEM;;1
SSR2;2014;970104477;970104451;EXPEQU;;1
SSR2;2014;970104477;970104451;EXPURO;;1
SSR2;2014;970104477;970104451;IDRACH;;1
SSR2;2014;970104477;970104451;ISOCIN;;1
SSR2;2014;970104477;970104451;LABMAR;;1
SSR2;2014;970104477;970104451;PISCIN;1;
SSR2;2014;970104477;970104451;SALINT;;1
SSR2;2014;970104477;970104451;SIMESP;;1
SSR2;2014;970104477;970104451;STICON;;1
SSR2;2014;970104477;970104451;VEHADP;;1
SSR2;2014;970108957;970108932;APTAUT;;1
SSR2;2014;970108957;970108932;ASSMAR;;1
SSR2;2014;970108957;970108932;ASSMEM;;1
SSR2;2014;970108957;970108932;EXPEQU;;1
SSR2;2014;970108957;970108932;EXPURO;;1
SSR2;2014;970108957;970108932;IDRACH;;1
SSR2;2014;970108957;970108932;ISOCIN;;1
SSR2;2014;970108957;970108932;LABMAR;;1
SSR2;2014;970108957;970108932;PISCIN;1;
SSR2;2014;970108957;970108932;SALINT;;1
SSR2;2014;970108957;970108932;SIMESP;;1
SSR2;2014;970108957;970108932;STICON;;1
SSR2;2014;970108957;970108932;VEHADP;;1
SSR2;2014;970208104;970200168;PISCIN;1;
SSR2;2014;970208104;970200168;SALINT;1;
SSR2;2014;970211165;970211157;EXPURO;1;
SSR2;2014;970211165;970211157;PISCIN;1;
SSR2;2014;970211231;970211207;EXPEQU;1;
SSR2;2014;970211231;970211207;EXPURO;1;
SSR2;2014;970211231;970211207;SIMESP;1;
SSR2;2014;970400024;970408589;ASSMAR;;1
SSR2;2014;970400024;970408589;ASSMEM;;1
SSR2;2014;970400024;970408589;EXPEQU;1;
SSR2;2014;970400024;970408589;EXPURO;1;
SSR2;2014;970400024;970408589;IDRACH;;1
SSR2;2014;970400024;970408589;ISOCIN;;1
SSR2;2014;970400024;970408589;LABMAR;1;
SSR2;2014;970400024;970408589;PISCIN;;1
SSR2;2014;970400024;970408589;SALINT;1;
SSR2;2014;970400024;970408589;SIMESP;1;
SSR2;2014;970400024;970408589;STICON;;1
SSR2;2014;970400024;970408589;VEHADP;;1
SSR2;2014;970404406;970404380;APTAUT;1;
SSR2;2014;970404406;970404380;EXPURO;1;
SSR2;2014;970404406;970404380;LABMAR;1;
SSR2;2014;970404406;970404380;PISCIN;1;
SSR2;2014;970404588;970404539;PISCIN;1;
SSR2;2014;970406245;970406237;SIMESP;1;
SSR2;2014;970463139;970408589;ASSMAR;;1
SSR2;2014;970463139;970408589;EXPEQU;1;
SSR2;2014;970463139;970408589;EXPURO;1;
SSR2;2014;970463139;970408589;ISOCIN;;1
SSR2;2014;970463139;970408589;LABMAR;1;
SSR2;2014;970463139;970408589;PISCIN;1;
SSR2;2014;970463139;970408589;SIMESP;1;
SSR2;2014;970463139;970408589;STICON;;1
SSR2;2014;970466504;970403846;EXPEQU;1;
SSR2;2014;970466504;970403846;EXPURO;;1
SSR2;2014;970466504;970403846;ISOCIN;1;
SSR2;2014;970466504;970403846;PISCIN;1;
SSR2;2014;970466504;970403846;SIMESP;1;
SSR2;2014;970466504;970403846;VEHADP;1;
