BOR;AN;FI;FI_EJ;PERSO;EFFPL;EFFPA;ETP
SSR_P;2014;010000024;010780054;M1010;;1;0.6
SSR_P;2014;010000024;010780054;M1040;1;;0.1
SSR_P;2014;010000024;010780054;M1150;1;;0.1
SSR_P;2014;010000024;010780054;M1180;2;;2.05
SSR_P;2014;010000024;010780054;N241P;1;1;0.74
SSR_P;2014;010000024;010780054;N2460;;1;0.3
SSR_P;2014;010000024;010780054;N2710;;1;0.05
SSR_P;2014;010000024;010780054;N3120;;1;0.21
SSR_P;2014;010000024;010780054;NAUT;1;1;1.8
SSR_P;2014;010000024;010780054;NCINF;1;;1
SSR_P;2014;010000032;010780062;M1010;1;1;1.6
SSR_P;2014;010000032;010780062;N241P;1;;0.5
SSR_P;2014;010000032;010780062;N2460;3;;1.56
SSR_P;2014;010000032;010780062;N2500;12;3;13.85
SSR_P;2014;010000032;010780062;NAUT;4;;4
SSR_P;2014;010000032;010780062;NCINF;8;6;11.6
SSR_P;2014;010000065;010780096;M1040;;1;0.1
SSR_P;2014;010000065;010780096;M1320;4;5;3.65
SSR_P;2014;010000065;010780096;N241P;3;;2.6
SSR_P;2014;010000065;010780096;N2460;;2;1.1
SSR_P;2014;010000065;010780096;N2470;1;;0.3
SSR_P;2014;010000065;010780096;N2500;24;8;34.11
SSR_P;2014;010000065;010780096;N2710;2;1;1.39
SSR_P;2014;010000065;010780096;N3120;;3;0.98
SSR_P;2014;010000065;010780096;NCINF;13;11;20.55
SSR_P;2014;010000081;010780112;M1010;;;0.01
SSR_P;2014;010000081;010780112;M1320;;;0.6
SSR_P;2014;010000081;010780112;N241P;;1;0.5
SSR_P;2014;010000081;010780112;N2450;;1;0.05
SSR_P;2014;010000081;010780112;N2500;1;3;5.01
SSR_P;2014;010000081;010780112;N2710;;2;0.04
SSR_P;2014;010000081;010780112;N3120;;1;0.04
SSR_P;2014;010000081;010780112;NAUT;8;4;10.87
SSR_P;2014;010000081;010780112;NCINF;3;4;5.82
SSR_P;2014;010000099;010780120;M1320;;1;0.1
SSR_P;2014;010000099;010780120;N241P;1;1;0.87
SSR_P;2014;010000099;010780120;N2500;3;10;5.89
SSR_P;2014;010000099;010780120;N2710;1;;0.3
SSR_P;2014;010000099;010780120;NAUT;2;4;2.1
SSR_P;2014;010000099;010780120;NCINF;3;8;4.78
SSR_P;2014;010000107;010780138;M1320;;3;0.92
SSR_P;2014;010000107;010780138;MAUT;;1;0.11
SSR_P;2014;010000107;010780138;N241P;1;;0.46
SSR_P;2014;010000107;010780138;N2450;;1;0.21
SSR_P;2014;010000107;010780138;N2500;12;1;6.92
SSR_P;2014;010000107;010780138;N2710;;1;0.21
SSR_P;2014;010000107;010780138;N310H;;1;0.09
SSR_P;2014;010000107;010780138;N3120;;1;0.24
SSR_P;2014;010000107;010780138;NCINF;6;1;5.62
SSR_P;2014;010000115;010009132;M1320;;1;0.6
SSR_P;2014;010000115;010009132;N241P;;1;0.43
SSR_P;2014;010000115;010009132;N2460;;1;0.08
SSR_P;2014;010000115;010009132;N2500;5;2;5.86
SSR_P;2014;010000115;010009132;N2710;;2;0.33
SSR_P;2014;010000115;010009132;N310H;;1;0.25
SSR_P;2014;010000115;010009132;N3120;;2;0.27
SSR_P;2014;010000115;010009132;NAUT;1;;1.34
SSR_P;2014;010000115;010009132;NCINF;2;3;2.94
SSR_P;2014;010000131;010009132;M1180;1;;1
SSR_P;2014;010000131;010009132;N241P;;2;1.12
SSR_P;2014;010000131;010009132;N2450;;1;0.15
SSR_P;2014;010000131;010009132;N2460;;1;0.2
SSR_P;2014;010000131;010009132;N2500;6;6;8.99
SSR_P;2014;010000131;010009132;N2710;;1;0.33
SSR_P;2014;010000131;010009132;N3120;;1;0.03
SSR_P;2014;010000131;010009132;NAUT;;14;3.56
SSR_P;2014;010000131;010009132;NCINF;3;17;11.35
SSR_P;2014;010000180;010007987;M1010;1;1;1.5
SSR_P;2014;010000180;010007987;M1320;1;1;1.5
SSR_P;2014;010000180;010007987;MAUT;1;0;1
SSR_P;2014;010000180;010007987;N2500;6;1;7.08
SSR_P;2014;010000180;010007987;NCINF;11;4;11.28
SSR_P;2014;010000198;010007987;M1180;2;12;3.61
SSR_P;2014;010000198;010007987;N2500;10;3;11.75
SSR_P;2014;010000198;010007987;NCINF;10;3;11.52
SSR_P;2014;010000214;010007987;M1010;3;1;2.86
SSR_P;2014;010000214;010007987;M1150;1;0;0.9
SSR_P;2014;010000214;010007987;M1180;2;0;1.6
SSR_P;2014;010000214;010007987;M1320;3;1;2.86
SSR_P;2014;010000214;010007987;MAUT;0;0;0.27
SSR_P;2014;010000214;010007987;N2500;61;11;63.04
SSR_P;2014;010000214;010007987;NCINF;36;18;44.23
SSR_P;2014;010002129;750056335;M1010;3;;3
SSR_P;2014;010002129;750056335;M1120;;1;0.06
SSR_P;2014;010002129;750056335;M1180;1;;1
SSR_P;2014;010002129;750056335;M1320;1;;1
SSR_P;2014;010002129;750056335;MAUT;;3;0.2
SSR_P;2014;010002129;750056335;N241P;3;2;4.38
SSR_P;2014;010002129;750056335;N2430;1;;1
SSR_P;2014;010002129;750056335;N2450;;1;0.3
SSR_P;2014;010002129;750056335;N2460;2;1;3
SSR_P;2014;010002129;750056335;N2500;14;7;20.85
SSR_P;2014;010002129;750056335;N3120;;2;1
SSR_P;2014;010002129;750056335;NAUT;12;7;18.58
SSR_P;2014;010002129;750056335;NCINF;13;5;18.11
SSR_P;2014;010005239;010008407;M1010;1;1;1.24
SSR_P;2014;010005239;010008407;M1320;1;1;1.24
SSR_P;2014;010005239;010008407;N2500;8;4;10.98
SSR_P;2014;010005239;010008407;NCINF;7;0;4.8
SSR_P;2014;010009314;010780054;M1010;4;2;3.3
SSR_P;2014;010009314;010780054;N241P;1;1;1.08
SSR_P;2014;010009314;010780054;N2460;1;;0.28
SSR_P;2014;010009314;010780054;N2470;;1;0.37
SSR_P;2014;010009314;010780054;N2500;18;4;20.25
SSR_P;2014;010009314;010780054;N2710;1;;1
SSR_P;2014;010009314;010780054;N3120;;1;0.43
SSR_P;2014;010009314;010780054;NAUT;8;;8.98
SSR_P;2014;010009314;010780054;NCINF;13;5;16.36
SSR_P;2014;010780252;010783009;M1010;1;1;1.14
SSR_P;2014;010780252;010783009;M1120;;2;0.15
SSR_P;2014;010780252;010783009;M1180;1;1;1.2
SSR_P;2014;010780252;010783009;N241P;7;;6.69
SSR_P;2014;010780252;010783009;N2430;;1;0.6
SSR_P;2014;010780252;010783009;N2450;;1;0.5
SSR_P;2014;010780252;010783009;N2460;6;1;6.25
SSR_P;2014;010780252;010783009;N2500;16;6;20.73
SSR_P;2014;010780252;010783009;N2710;;2;1.7
SSR_P;2014;010780252;010783009;N310H;1;;1
SSR_P;2014;010780252;010783009;N3120;;1;0.9
SSR_P;2014;010780252;010783009;NAUT;37;10;42.7
SSR_P;2014;010780252;010783009;NCINF;6;13;15.4
SSR_P;2014;010780278;010783009;M1010;4;;3.75
SSR_P;2014;010780278;010783009;M1120;1;;1
SSR_P;2014;010780278;010783009;M1180;1;;1.52
SSR_P;2014;010780278;010783009;MAUT;;1;0.5
SSR_P;2014;010780278;010783009;N241P;13;1;13
SSR_P;2014;010780278;010783009;N2430;;2;1.05
SSR_P;2014;010780278;010783009;N2450;1;;1
SSR_P;2014;010780278;010783009;N2460;4;2;5
SSR_P;2014;010780278;010783009;N2500;19;16;32.83
SSR_P;2014;010780278;010783009;N2710;;1;0.8
SSR_P;2014;010780278;010783009;N310H;1;;1
SSR_P;2014;010780278;010783009;N3120;;1;0.5
SSR_P;2014;010780278;010783009;NAUT;47;11;66
SSR_P;2014;010780278;010783009;NCINF;24;7;29.91
SSR_P;2014;010780310;010000222;M1010;1;;1
SSR_P;2014;010780310;010000222;M1150;;1;0.2
SSR_P;2014;010780310;010000222;N241P;1;;1
SSR_P;2014;010780310;010000222;N2450;;1;0.17
SSR_P;2014;010780310;010000222;N3120;;1;0.25
SSR_P;2014;010780328;010000222;M1150;1;1;1.8
SSR_P;2014;010780328;010000222;N241P;2;;2
SSR_P;2014;010780328;010000222;N2450;;1;0.2
SSR_P;2014;010780328;010000222;N2500;12;2;13.35
SSR_P;2014;010780328;010000222;N2710;;1;0.34
SSR_P;2014;010780328;010000222;N310H;1;;1
SSR_P;2014;010780328;010000222;N3120;;1;0.4
SSR_P;2014;010780328;010000222;NCINF;12;1;12.8
SSR_P;2014;010780476;750005068;M1010;1;;1
SSR_P;2014;010780476;750005068;M1140;2;;2.38
SSR_P;2014;010780476;750005068;M3020;2;;1.33
SSR_P;2014;010780476;750005068;MAUT;;1;0.61
SSR_P;2014;010780476;750005068;N241P;1;;1
SSR_P;2014;010780476;750005068;N2450;1;1;1.34
SSR_P;2014;010780476;750005068;N2470;;2;1.3
SSR_P;2014;010780476;750005068;N2500;10;6;11.83
SSR_P;2014;010780476;750005068;N2710;;4;3.17
SSR_P;2014;010780476;750005068;N310H;14;10;18.64
SSR_P;2014;010780476;750005068;N3120;2;;1.49
SSR_P;2014;010780476;750005068;NAUT;8;6;13.02
SSR_P;2014;010780476;750005068;NCINF;18;3;17.23
SSR_P;2014;010780492;360000707;M1140;;1;0.5
SSR_P;2014;010780492;360000707;M1180;3;2;4.6
SSR_P;2014;010780492;360000707;M3020;;1;0.2
SSR_P;2014;010780492;360000707;N241P;17;1;17.5
SSR_P;2014;010780492;360000707;N2430;3;;3
SSR_P;2014;010780492;360000707;N2460;4;1;4.75
SSR_P;2014;010780492;360000707;N2470;1;;1
SSR_P;2014;010780492;360000707;N2500;24;3;26.07
SSR_P;2014;010780492;360000707;N2710;;5;2.57
SSR_P;2014;010780492;360000707;N310H;9;6;13.55
SSR_P;2014;010780492;360000707;N3120;;1;0.6
SSR_P;2014;010780492;360000707;NCINF;11;4;14.6
SSR_P;2014;010780708;310021381;M1010;2;1;2.8
SSR_P;2014;010780708;310021381;N2500;6;8;11
SSR_P;2014;010780708;310021381;N2710;1;;0.3
SSR_P;2014;010780708;310021381;N3120;1;;0.2
SSR_P;2014;010780708;310021381;NCINF;4;14;10.5
SSR_P;2014;010780799;750721334;M1010;1;;0.66
SSR_P;2014;010780799;750721334;M1180;2;;2
SSR_P;2014;010780799;750721334;MAUT;;1;0.5
SSR_P;2014;010780799;750721334;N241P;3;;3
SSR_P;2014;010780799;750721334;N2450;;1;0.67
SSR_P;2014;010780799;750721334;N2460;3;;3
SSR_P;2014;010780799;750721334;N2500;14;4;18
SSR_P;2014;010780799;750721334;N2710;;2;0.61
SSR_P;2014;010780799;750721334;N3120;1;;1
SSR_P;2014;010780799;750721334;NAUT;47;2;55.51
SSR_P;2014;010780799;750721334;NCINF;13;5;16.38
SSR_P;2014;020000089;020000022;M1010;1;;0.93
SSR_P;2014;020000089;020000022;M1180;1;;0.9
SSR_P;2014;020000089;020000022;MAUT;1;;0.67
SSR_P;2014;020000089;020000022;N241P;1;;0.35
SSR_P;2014;020000089;020000022;N2460;1;;0.88
SSR_P;2014;020000089;020000022;N2500;21;5;25.1
SSR_P;2014;020000089;020000022;N2710;1;;0.3
SSR_P;2014;020000089;020000022;NAUT;9;6;10.94
SSR_P;2014;020000089;020000022;NCINF;11;4;13.22
SSR_P;2014;020000097;020000048;M1180;2;;2
SSR_P;2014;020000097;020000048;N241P;;1;0.5
SSR_P;2014;020000097;020000048;N2460;1;;1
SSR_P;2014;020000097;020000048;N2500;7;2;8.72
SSR_P;2014;020000097;020000048;N2710;;1;0.86
SSR_P;2014;020000097;020000048;N310H;1;;1
SSR_P;2014;020000097;020000048;N3120;1;;1
SSR_P;2014;020000097;020000048;NAUT;6;1;5.5
SSR_P;2014;020000097;020000048;NCINF;6;;6
SSR_P;2014;020000105;020000055;M1010;2;3;1.22
SSR_P;2014;020000105;020000055;N2450;;1;0.07
SSR_P;2014;020000105;020000055;N2460;1;;0.38
SSR_P;2014;020000105;020000055;N2500;4;1;3.73
SSR_P;2014;020000105;020000055;N3120;1;;0.1
SSR_P;2014;020000105;020000055;NAUT;4;;3.27
SSR_P;2014;020000105;020000055;NCINF;7;1;4
SSR_P;2014;020000162;020000063;M1180;1;0;0.5
SSR_P;2014;020000162;020000063;M1320;3;1;3.2
SSR_P;2014;020000162;020000063;N241P;6;3;8.16
SSR_P;2014;020000162;020000063;N2430;0;0;0.09
SSR_P;2014;020000162;020000063;N2460;1;1;1.8
SSR_P;2014;020000162;020000063;N2470;2;0;2
SSR_P;2014;020000162;020000063;N2500;31;7;36.14
SSR_P;2014;020000162;020000063;N2710;4;0;2.82
SSR_P;2014;020000162;020000063;NAUT;18;3;17.26
SSR_P;2014;020000162;020000063;NCINF;28;6;29.75
SSR_P;2014;020000246;020000071;M1010;2;2;3.02
SSR_P;2014;020000246;020000071;N241P;;2;1.5
SSR_P;2014;020000246;020000071;N2450;1;;1
SSR_P;2014;020000246;020000071;N2500;6;;6
SSR_P;2014;020000246;020000071;N2710;1;;0.5
SSR_P;2014;020000246;020000071;N3120;1;;0.5
SSR_P;2014;020000246;020000071;NCINF;4;1;4.55
SSR_P;2014;020000303;750814030;M1010;2;2;3.9
SSR_P;2014;020000303;750814030;M1040;;2;0.51
SSR_P;2014;020000303;750814030;M1070;1;;1
SSR_P;2014;020000303;750814030;M1150;2;;2
SSR_P;2014;020000303;750814030;M1180;3;1;2.71
SSR_P;2014;020000303;750814030;M1190;;2;1.71
SSR_P;2014;020000303;750814030;M1320;5;;5
SSR_P;2014;020000303;750814030;M3020;;2;0.12
SSR_P;2014;020000303;750814030;MAUT;1;1;1.05
SSR_P;2014;020000303;750814030;N241P;33;1;31.45
SSR_P;2014;020000303;750814030;N2430;3;;2.08
SSR_P;2014;020000303;750814030;N2450;3;1;3.95
SSR_P;2014;020000303;750814030;N2460;9;;8.85
SSR_P;2014;020000303;750814030;N2470;1;;1.01
SSR_P;2014;020000303;750814030;N2500;89;8;93.66
SSR_P;2014;020000303;750814030;N2710;6;;5.08
SSR_P;2014;020000303;750814030;N3120;5;1;5.69
SSR_P;2014;020000303;750814030;NAUT;94;5;96.89
SSR_P;2014;020000303;750814030;NCINF;141;16;147.65
SSR_P;2014;020000519;020000261;M1010;3;1;3.16
SSR_P;2014;020000519;020000261;N2500;20;5;24.34
SSR_P;2014;020000519;020000261;NAUT;8;1;8.5
SSR_P;2014;020000519;020000261;NCINF;20;;20
SSR_P;2014;020000535;020000287;M1010;2;;2
SSR_P;2014;020000535;020000287;N241P;;1;0.5
SSR_P;2014;020000535;020000287;N2450;;1;0.14
SSR_P;2014;020000535;020000287;N2460;;1;0.5
SSR_P;2014;020000535;020000287;N2500;9;3;11.4
SSR_P;2014;020000535;020000287;N2710;;1;0.4
SSR_P;2014;020000535;020000287;N3120;;1;0.46
SSR_P;2014;020000535;020000287;NAUT;7;3;8.7
SSR_P;2014;020000535;020000287;NCINF;8;2;9.33
SSR_P;2014;020000915;020003620;M1010;5;;5
SSR_P;2014;020000915;020003620;M1070;;1;0.6
SSR_P;2014;020000915;020003620;M1180;2;1;2.2
SSR_P;2014;020000915;020003620;M1190;2;;1.08
SSR_P;2014;020000915;020003620;M1320;1;;1
SSR_P;2014;020000915;020003620;MAUT;;1;0.43
SSR_P;2014;020000915;020003620;N241P;12;6;16.6
SSR_P;2014;020000915;020003620;N2430;2;1;2.2
SSR_P;2014;020000915;020003620;N2450;1;2;2.1
SSR_P;2014;020000915;020003620;N2460;9;4;12.6
SSR_P;2014;020000915;020003620;N2500;71;7;76
SSR_P;2014;020000915;020003620;N2710;1;;1
SSR_P;2014;020000915;020003620;N310H;2;2;3.3
SSR_P;2014;020000915;020003620;N3120;1;;1
SSR_P;2014;020000915;020003620;NCINF;38;5;42.1
SSR_P;2014;020001087;020004495;M1150;;1;0.2
SSR_P;2014;020001087;020004495;M1320;;1;0.8
SSR_P;2014;020001087;020004495;N241P;1;;1
SSR_P;2014;020001087;020004495;N2450;;1;0.8
SSR_P;2014;020001087;020004495;N2460;;1;0.6
SSR_P;2014;020001087;020004495;N2500;12;;12
SSR_P;2014;020001087;020004495;N2710;;1;0.3
SSR_P;2014;020001087;020004495;N3120;;1;0.3
SSR_P;2014;020001087;020004495;NAUT;1;;1
SSR_P;2014;020001087;020004495;NCINF;9;;9
SSR_P;2014;020003877;020000253;M1040;1;0;0.5
SSR_P;2014;020003877;020000253;MAUT;4;1;3.14
SSR_P;2014;020003877;020000253;N241P;0;0;0.06
SSR_P;2014;020003877;020000253;N2500;22;1;20.74
SSR_P;2014;020003877;020000253;N2710;0;1;0.18
SSR_P;2014;020003877;020000253;NAUT;9;13;13.19
SSR_P;2014;020003877;020000253;NCINF;17;2;16.69
SSR_P;2014;020010310;750719361;M1180;;1;0.27
SSR_P;2014;020010310;750719361;N241P;;1;0.16
SSR_P;2014;020010310;750719361;N2710;;1;0.38
SSR_P;2014;020010310;750719361;N310H;;6;2.63
SSR_P;2014;020010310;750719361;N3120;;1;0.29
SSR_P;2014;020010310;750719361;NAUT;1;6;2.72
SSR_P;2014;020010310;750719361;NCINF;;7;3.14
SSR_P;2014;030000012;030180020;M1010;1;;1
SSR_P;2014;030000012;030180020;M1180;2;;2
SSR_P;2014;030000012;030180020;MAUT;1;1;0.62
SSR_P;2014;030000012;030180020;N241P;7;0;7.25
SSR_P;2014;030000012;030180020;N2450;1;0;0.1
SSR_P;2014;030000012;030180020;N2460;2;1;2.8
SSR_P;2014;030000012;030180020;N2500;22;2;22.17
SSR_P;2014;030000012;030180020;N2710;1;0;1
SSR_P;2014;030000012;030180020;N3120;1;0;0.8
SSR_P;2014;030000012;030180020;NAUT;2;0;2
SSR_P;2014;030000012;030180020;NCINF;14;3;16.03
SSR_P;2014;030000061;030780092;M1010;1;1;1.8
SSR_P;2014;030000061;030780092;N241P;3;5;5.81
SSR_P;2014;030000061;030780092;N2460;;1;0.5
SSR_P;2014;030000061;030780092;N2500;21;;20.79
SSR_P;2014;030000061;030780092;N2710;;1;0.2
SSR_P;2014;030000061;030780092;NAUT;2;5;4.16
SSR_P;2014;030000061;030780092;NCINF;17;4;20.69
SSR_P;2014;030000079;030780100;M1010;1;;0.12
SSR_P;2014;030000079;030780100;M1320;2;;1.5
SSR_P;2014;030000079;030780100;N241P;2;;1.5
SSR_P;2014;030000079;030780100;N2450;1;1;0.49
SSR_P;2014;030000079;030780100;N2460;1;;0.5
SSR_P;2014;030000079;030780100;N2500;16;1;16.8
SSR_P;2014;030000079;030780100;N2710;1;;0.5
SSR_P;2014;030000079;030780100;N3120;1;;0.5
SSR_P;2014;030000079;030780100;NAUT;7;;6.3
SSR_P;2014;030000079;030780100;NCINF;20;3;11.85
SSR_P;2014;030000087;030780118;M1010;0;1;0.56
SSR_P;2014;030000087;030780118;M1180;0;1;1.11
SSR_P;2014;030000087;030780118;M1320;3;0;2.31
SSR_P;2014;030000087;030780118;N241P;4;6;12.7
SSR_P;2014;030000087;030780118;N2460;1;0;1.16
SSR_P;2014;030000087;030780118;N2500;21;8;31.34
SSR_P;2014;030000087;030780118;NAUT;4;3;9.75
SSR_P;2014;030000087;030780118;NCINF;18;5;26.64
SSR_P;2014;030000095;030780126;M1010;;3;1
SSR_P;2014;030000095;030780126;M1180;;1;0.2
SSR_P;2014;030000095;030780126;N241P;1;0;1
SSR_P;2014;030000095;030780126;N2450;;1;0.5
SSR_P;2014;030000095;030780126;N2460;1;;1
SSR_P;2014;030000095;030780126;N2500;9;1;8.87
SSR_P;2014;030000095;030780126;N2710;;1;0.2
SSR_P;2014;030000095;030780126;N310H;1;;1
SSR_P;2014;030000095;030780126;N3120;;1;0.8
SSR_P;2014;030000095;030780126;NAUT;7;2;8.21
SSR_P;2014;030000095;030780126;NCINF;3;4;6.49
SSR_P;2014;030002208;030002158;M1010;7;;4.13
SSR_P;2014;030002208;030002158;M1180;1;;1
SSR_P;2014;030002208;030002158;M1320;1;;0.09
SSR_P;2014;030002208;030002158;M3020;;1;0.2
SSR_P;2014;030002208;030002158;MAUT;;2;0.15
SSR_P;2014;030002208;030002158;N241P;1;3;3.1
SSR_P;2014;030002208;030002158;N2450;0;2;0.29
SSR_P;2014;030002208;030002158;N2460;1;0;1
SSR_P;2014;030002208;030002158;N2500;40;13;41.88
SSR_P;2014;030002208;030002158;N2710;1;3;2.2
SSR_P;2014;030002208;030002158;N3120;3;1;2.86
SSR_P;2014;030002208;030002158;NAUT;34;6;26.12
SSR_P;2014;030002208;030002158;NCINF;28;16;29.78
SSR_P;2014;030780548;030000194;M1010;;2;0.62
SSR_P;2014;030780548;030000194;M1150;;1;0.1
SSR_P;2014;030780548;030000194;M1180;1;;1
SSR_P;2014;030780548;030000194;M1320;;1;0.5
SSR_P;2014;030780548;030000194;N241P;;6;3
SSR_P;2014;030780548;030000194;N2460;;1;0.75
SSR_P;2014;030780548;030000194;N2500;11;1;11.57
SSR_P;2014;030780548;030000194;N3120;;2;1
SSR_P;2014;030780548;030000194;NAUT;;1;0.5
SSR_P;2014;030780548;030000194;NCINF;9;3;10.4
SSR_P;2014;030781116;030000426;M1010;1;;1
SSR_P;2014;030781116;030000426;N2500;16;;15.7
SSR_P;2014;030781116;030000426;N3120;1;;0.8
SSR_P;2014;030781116;030000426;NAUT;7;;7
SSR_P;2014;030781116;030000426;NCINF;10;1;9.6
SSR_P;2014;040000028;040780124;N241P;;1;0.8
SSR_P;2014;040000028;040780124;N2450;;1;0.2
SSR_P;2014;040000028;040780124;N2500;3;6;8.5
SSR_P;2014;040000028;040780124;N2710;;1;0.2
SSR_P;2014;040000028;040780124;N310H;;1;0.3
SSR_P;2014;040000028;040780124;NAUT;;8;7.4
SSR_P;2014;040000028;040780124;NCINF;2;3;4.3
SSR_P;2014;040000036;040780132;M1010;;1;0.16
SSR_P;2014;040000036;040780132;N2500;2;1;2.6
SSR_P;2014;040000036;040780132;NCINF;2;2;3.3
SSR_P;2014;040000044;040780140;N2710;;1;0.05
SSR_P;2014;040000051;040780173;N2500;5;2;6.28
SSR_P;2014;040000051;040780173;NCINF;5;0;4.49
SSR_P;2014;040000069;040780181;M1010;;4;1.2
SSR_P;2014;040000069;040780181;M1180;1;;1
SSR_P;2014;040000069;040780181;N241P;4;1;4.8
SSR_P;2014;040000069;040780181;N2450;;1;0.25
SSR_P;2014;040000069;040780181;N2460;;2;1.2
SSR_P;2014;040000069;040780181;N2500;11;6;15.2
SSR_P;2014;040000069;040780181;N2710;;1;0.5
SSR_P;2014;040000069;040780181;NAUT;2;4;4.3
SSR_P;2014;040000069;040780181;NCINF;8;3;9.76
SSR_P;2014;040000077;040780199;M1010;;7;0.22
SSR_P;2014;040000077;040780199;N2450;;1;0.05
SSR_P;2014;040000077;040780199;N2460;;1;0.1
SSR_P;2014;040000077;040780199;N2500;;2;1
SSR_P;2014;040000077;040780199;N3120;;1;0.05
SSR_P;2014;040000077;040780199;NCINF;2;1;2.3
SSR_P;2014;040000085;040780207;M1070;;1;0.1
SSR_P;2014;040000085;040780207;N241P;;1;0.2
SSR_P;2014;040000085;040780207;N2450;1;;0.8
SSR_P;2014;040000085;040780207;N2500;1;;1
SSR_P;2014;040000085;040780207;N2710;1;;0.1
SSR_P;2014;040000085;040780207;N310H;1;;0.5
SSR_P;2014;040000085;040780207;NAUT;1;;1
SSR_P;2014;040000085;040780207;NCINF;4;;4
SSR_P;2014;040000119;040780231;M1010;;4;4
SSR_P;2014;040000119;040780231;N241P;1;;0.78
SSR_P;2014;040000119;040780231;N2450;;1;0.21
SSR_P;2014;040000119;040780231;N2500;3;2;4
SSR_P;2014;040000119;040780231;NCINF;3;;3
SSR_P;2014;040000135;050002948;M1010;2;0;0.86
SSR_P;2014;040000135;050002948;M1040;1;0;0.4
SSR_P;2014;040000135;050002948;M1150;0;0;0.17
SSR_P;2014;040000135;050002948;MAUT;0;0;0.03
SSR_P;2014;040000135;050002948;N2500;6;6;9.23
SSR_P;2014;040000135;050002948;NAUT;5;0;3.85
SSR_P;2014;040000135;050002948;NCINF;6;10;10.34
SSR_P;2014;040780389;040000150;M1010;;4;2
SSR_P;2014;040780389;040000150;MAUT;;1;0.03
SSR_P;2014;040780389;040000150;N241P;;5;2.5
SSR_P;2014;040780389;040000150;N2430;;1;0.1
SSR_P;2014;040780389;040000150;N2450;;1;0.5
SSR_P;2014;040780389;040000150;N2500;12;5;15.77
SSR_P;2014;040780389;040000150;N2710;;1;0.5
SSR_P;2014;040780389;040000150;N3120;;1;0.5
SSR_P;2014;040780389;040000150;NAUT;14;3;16.58
SSR_P;2014;040780389;040000150;NCINF;11;5;15.31
SSR_P;2014;040780405;040000168;M1010;1;1;1.5
SSR_P;2014;040780405;040000168;M1180;1;;1
SSR_P;2014;040780405;040000168;N241P;7;;7
SSR_P;2014;040780405;040000168;N2430;;1;0.5
SSR_P;2014;040780405;040000168;N2460;2;;2
SSR_P;2014;040780405;040000168;N2500;13;2;13.4
SSR_P;2014;040780405;040000168;N2710;;1;0.2
SSR_P;2014;040780405;040000168;N310H;1;1;1.5
SSR_P;2014;040780405;040000168;N3120;;1;0.5
SSR_P;2014;040780405;040000168;NCINF;9;1;9.5
SSR_P;2014;040780488;040000200;M1010;1;1;1.89
SSR_P;2014;040780488;040000200;M1180;1;;1
SSR_P;2014;040780488;040000200;MAUT;;1;0.11
SSR_P;2014;040780488;040000200;N241P;10;;10
SSR_P;2014;040780488;040000200;N2430;;1;0.5
SSR_P;2014;040780488;040000200;N2450;;1;0.91
SSR_P;2014;040780488;040000200;N2460;;4;2.79
SSR_P;2014;040780488;040000200;N2710;;1;0.5
SSR_P;2014;040780488;040000200;N310H;1;;1
SSR_P;2014;040780488;040000200;N3120;;1;0.91
SSR_P;2014;040780488;040000200;NAUT;;1;0.8
SSR_P;2014;040780488;040000200;NCINF;9;1;9.58
SSR_P;2014;040780520;920000395;M1320;;2;1
SSR_P;2014;040780520;920000395;N241P;2;;2
SSR_P;2014;040780520;920000395;N2500;5;2;6
SSR_P;2014;040780520;920000395;N3120;;1;0.35
SSR_P;2014;040780520;920000395;NCINF;8;;8
SSR_P;2014;040782021;130037815;M1010;2;;1.74
SSR_P;2014;040782021;130037815;M1180;;;0.32
SSR_P;2014;040782021;130037815;N241P;1;1;1.5
SSR_P;2014;040782021;130037815;N2450;;1;0.55
SSR_P;2014;040782021;130037815;N2500;21;8;24.92
SSR_P;2014;040782021;130037815;N2710;;1;0.75
SSR_P;2014;040782021;130037815;N310H;1;;1
SSR_P;2014;040782021;130037815;N3120;;1;0.75
SSR_P;2014;040782021;130037815;NAUT;12;2;10.7
SSR_P;2014;040782021;130037815;NCINF;8;7;12.67
SSR_P;2014;050000041;130037815;M1010;3;1;3.68
SSR_P;2014;050000041;130037815;M1180;2;2;3.19
SSR_P;2014;050000041;130037815;N241P;13;4;14.75
SSR_P;2014;050000041;130037815;N2430;;2;1.25
SSR_P;2014;050000041;130037815;N2450;1;1;1.75
SSR_P;2014;050000041;130037815;N2460;4;3;5.4
SSR_P;2014;050000041;130037815;N2500;39;23;48.15
SSR_P;2014;050000041;130037815;N2710;1;1;1.54
SSR_P;2014;050000041;130037815;N310H;1;1;1
SSR_P;2014;050000041;130037815;N3120;1;2;2.03
SSR_P;2014;050000041;130037815;NAUT;18;8;19.58
SSR_P;2014;050000041;130037815;NCINF;26;21;37.74
SSR_P;2014;050000058;050000033;M1010;;3;1.55
SSR_P;2014;050000058;050000033;M1040;;1;0.13
SSR_P;2014;050000058;050000033;M1070;;1;0.05
SSR_P;2014;050000058;050000033;M1180;;1;0.13
SSR_P;2014;050000058;050000033;M3020;;1;0.05
SSR_P;2014;050000058;050000033;N241P;1;2;1.51
SSR_P;2014;050000058;050000033;N2460;;1;0.25
SSR_P;2014;050000058;050000033;N2500;3;7;10.1
SSR_P;2014;050000058;050000033;N2710;;1;0.25
SSR_P;2014;050000058;050000033;N3120;;1;0.5
SSR_P;2014;050000058;050000033;NCINF;7;6;13.3
SSR_P;2014;050000066;050000082;M1010;;6;2.18
SSR_P;2014;050000066;050000082;M1040;;1;0.02
SSR_P;2014;050000066;050000082;M1150;;1;0.05
SSR_P;2014;050000066;050000082;MAUT;;1;0.63
SSR_P;2014;050000066;050000082;N241P;1;;1
SSR_P;2014;050000066;050000082;N2450;;1;0.74
SSR_P;2014;050000066;050000082;N2500;5;5;8.8
SSR_P;2014;050000066;050000082;N2710;;1;0.7
SSR_P;2014;050000066;050000082;N3120;;1;0.26
SSR_P;2014;050000066;050000082;NAUT;16;4;19.46
SSR_P;2014;050000066;050000082;NCINF;8;4;10.25
SSR_P;2014;050000132;050007145;M1010;;1;0.1
SSR_P;2014;050000132;050007145;N241P;;1;0.22
SSR_P;2014;050000132;050007145;N2500;2;2;3.18
SSR_P;2014;050000132;050007145;N310H;;1;0.1
SSR_P;2014;050000132;050007145;NAUT;2;1;1.86
SSR_P;2014;050000132;050007145;NCINF;4;2;3.85
SSR_P;2014;050000256;050000124;M1010;1;;0.65
SSR_P;2014;050000256;050000124;M1180;1;;0.35
SSR_P;2014;050000256;050000124;M1320;2;;1
SSR_P;2014;050000256;050000124;N241P;1;1;1.12
SSR_P;2014;050000256;050000124;N2450;;1;0.2
SSR_P;2014;050000256;050000124;N2460;1;;1
SSR_P;2014;050000256;050000124;N2500;6;7;13.05
SSR_P;2014;050000256;050000124;N2710;;1;0.25
SSR_P;2014;050000256;050000124;NAUT;2;1;3.65
SSR_P;2014;050000256;050000124;NCINF;4;8;9.39
SSR_P;2014;050000298;050000496;M1010;;2;0.67
SSR_P;2014;050000298;050000496;M1140;;1;0.18
SSR_P;2014;050000298;050000496;N241P;;1;0.34
SSR_P;2014;050000298;050000496;N2430;;3;0.6
SSR_P;2014;050000298;050000496;N2450;;1;0.1
SSR_P;2014;050000298;050000496;N2470;;2;0.2
SSR_P;2014;050000298;050000496;N2710;;3;0.5
SSR_P;2014;050000298;050000496;N310H;10;;10
SSR_P;2014;050000298;050000496;N3120;;1;0.1
SSR_P;2014;050000298;050000496;NAUT;11;7;15.07
SSR_P;2014;050000298;050000496;NCINF;5;1;5.31
SSR_P;2014;050000306;050000538;M1010;;1;0.13
SSR_P;2014;050000306;050000538;M1140;;1;0.6
SSR_P;2014;050000306;050000538;M1150;;1;0.12
SSR_P;2014;050000306;050000538;N241P;;6;0.3
SSR_P;2014;050000306;050000538;N2450;;1;0.2
SSR_P;2014;050000306;050000538;N2710;;1;0.4
SSR_P;2014;050000306;050000538;N310H;11;2;12.8
SSR_P;2014;050000306;050000538;N3120;;1;0.15
SSR_P;2014;050000306;050000538;NCINF;5;2;6.86
SSR_P;2014;050000330;050007145;M1010;;1;0.1
SSR_P;2014;050000330;050007145;N241P;;1;0.22
SSR_P;2014;050000330;050007145;N2500;2;2;3.18
SSR_P;2014;050000330;050007145;N310H;;1;0.1
SSR_P;2014;050000330;050007145;NAUT;2;1;1.86
SSR_P;2014;050000330;050007145;NCINF;4;2;3.85
SSR_P;2014;050000348;050002948;M1320;1;0;0.8
SSR_P;2014;050000348;050002948;N2450;0;1;0.11
SSR_P;2014;050000348;050002948;N2460;1;0;0.3
SSR_P;2014;050000348;050002948;N2500;4;5;8.11
SSR_P;2014;050000348;050002948;N2710;0;1;0.56
SSR_P;2014;050000348;050002948;N3120;1;0;0.5
SSR_P;2014;050000348;050002948;NAUT;4;0;3.15
SSR_P;2014;050000348;050002948;NCINF;7;4;8.53
SSR_P;2014;050000371;050003508;M1010;;1;0.15
SSR_P;2014;050000371;050003508;M1140;;1;0.05
SSR_P;2014;050000371;050003508;M1150;;1;0.32
SSR_P;2014;050000371;050003508;N241P;;2;0.39
SSR_P;2014;050000371;050003508;N2450;;1;0.12
SSR_P;2014;050000371;050003508;N2710;;1;0.28
SSR_P;2014;050000371;050003508;N310H;5;5;9.25
SSR_P;2014;050000371;050003508;N3120;;1;0.24
SSR_P;2014;050000371;050003508;NCINF;3;4;5
SSR_P;2014;050000488;050000678;M1010;1;2;1.7
SSR_P;2014;050000488;050000678;M1150;3;;3
SSR_P;2014;050000488;050000678;N241P;3;;3
SSR_P;2014;050000488;050000678;N2450;;1;0.9
SSR_P;2014;050000488;050000678;N2500;1;;1
SSR_P;2014;050000488;050000678;N2710;;1;1
SSR_P;2014;050000488;050000678;N310H;;3;1.35
SSR_P;2014;050000488;050000678;N3120;;1;0.9
SSR_P;2014;050000488;050000678;NAUT;3;;3
SSR_P;2014;050000488;050000678;NCINF;9;6;13
SSR_P;2014;050000637;050001163;M1010;;3;1.9
SSR_P;2014;050000637;050001163;M1150;;1;0.17
SSR_P;2014;050000637;050001163;N241P;;4;2.41
SSR_P;2014;050000637;050001163;N2500;5;5;8.18
SSR_P;2014;050000637;050001163;N310H;;1;0.91
SSR_P;2014;050000637;050001163;N3120;;1;0.5
SSR_P;2014;050000637;050001163;NAUT;13;8;16.24
SSR_P;2014;050000637;050001163;NCINF;5;7;9.38
SSR_P;2014;050000991;050000546;M1010;4;2;4.64
SSR_P;2014;050000991;050000546;M1070;1;;1
SSR_P;2014;050000991;050000546;M1320;1;;0.9
SSR_P;2014;050000991;050000546;M3020;;2;0.15
SSR_P;2014;050000991;050000546;MAUT;1;;1
SSR_P;2014;050000991;050000546;N241P;4;2;4.96
SSR_P;2014;050000991;050000546;N2450;5;3;3.52
SSR_P;2014;050000991;050000546;N2460;1;;0.64
SSR_P;2014;050000991;050000546;N2470;1;1;0.44
SSR_P;2014;050000991;050000546;N2500;25;15;33.56
SSR_P;2014;050000991;050000546;N2710;;7;1.91
SSR_P;2014;050000991;050000546;N310H;3;6;4.09
SSR_P;2014;050000991;050000546;N3120;;4;1.3
SSR_P;2014;050000991;050000546;NAUT;1;4;1.86
SSR_P;2014;050000991;050000546;NCINF;21;30;37.54
SSR_P;2014;050001064;050000561;M1010;;5;2.07
SSR_P;2014;050001064;050000561;M1040;;3;0.31
SSR_P;2014;050001064;050000561;M1150;;1;0.17
SSR_P;2014;050001064;050000561;M1180;;;0.3
SSR_P;2014;050001064;050000561;M1320;;1;1.12
SSR_P;2014;050001064;050000561;M3020;;1;0.05
SSR_P;2014;050001064;050000561;N241P;;5;3.33
SSR_P;2014;050001064;050000561;N2450;;1;0.59
SSR_P;2014;050001064;050000561;N2460;;1;0.8
SSR_P;2014;050001064;050000561;N2470;;1;0.65
SSR_P;2014;050001064;050000561;N2500;8;6;13.4
SSR_P;2014;050001064;050000561;N2710;;1;0.12
SSR_P;2014;050001064;050000561;N310H;1;1;1.2
SSR_P;2014;050001064;050000561;N3120;;1;0.75
SSR_P;2014;050001064;050000561;NAUT;;2;1.3
SSR_P;2014;050001064;050000561;NCINF;11;12;21.1
SSR_P;2014;050002351;130037815;M1180;1;1;1.56
SSR_P;2014;050002351;130037815;N241P;3;7;8.29
SSR_P;2014;050002351;130037815;N2460;;2;1.6
SSR_P;2014;050002351;130037815;N2500;7;3;9.59
SSR_P;2014;050002351;130037815;N2710;;1;0.17
SSR_P;2014;050002351;130037815;N3120;;1;0.25
SSR_P;2014;050002351;130037815;NAUT;2;3;3.75
SSR_P;2014;050002351;130037815;NCINF;7;5;9.89
SSR_P;2014;050006436;050002948;M1320;0;0;0.8
SSR_P;2014;050006436;050002948;N2450;0;0;0.11
SSR_P;2014;050006436;050002948;N2460;0;0;0.3
SSR_P;2014;050006436;050002948;N2500;0;0;8.11
SSR_P;2014;050006436;050002948;N2710;0;0;0.56
SSR_P;2014;050006436;050002948;N3120;0;0;0.5
SSR_P;2014;050006436;050002948;NAUT;0;0;3.15
SSR_P;2014;050006436;050002948;NCINF;0;0;8.53
SSR_P;2014;060000163;060780327;M1010;;1;0.1
SSR_P;2014;060000163;060780327;N241P;;1;0.25
SSR_P;2014;060000163;060780327;N2500;1;2;1.96
SSR_P;2014;060000163;060780327;NCINF;1;2;1.79
SSR_P;2014;060000296;060780640;M1010;;2;0.3
SSR_P;2014;060000296;060780640;M1040;2;2;2.1
SSR_P;2014;060000296;060780640;M1150;2;1;2.1
SSR_P;2014;060000296;060780640;MAUT;;1;0.5
SSR_P;2014;060000296;060780640;N241P;3;3;5.43
SSR_P;2014;060000296;060780640;N2450;;1;0.5
SSR_P;2014;060000296;060780640;N2500;6;;6
SSR_P;2014;060000296;060780640;N2710;;2;1
SSR_P;2014;060000296;060780640;N310H;2;;1.25
SSR_P;2014;060000296;060780640;N3120;;1;0.46
SSR_P;2014;060000296;060780640;NAUT;17;2;17.41
SSR_P;2014;060000296;060780640;NCINF;12;1;12.88
SSR_P;2014;060000304;060780657;N2450;;1;0.08
SSR_P;2014;060000304;060780657;N2500;11;2;4.22
SSR_P;2014;060000304;060780657;NCINF;8;;1.87
SSR_P;2014;060000445;060780814;M1010;;3;0.82
SSR_P;2014;060000445;060780814;M1150;1;;1
SSR_P;2014;060000445;060780814;M1180;0;1;0.6
SSR_P;2014;060000445;060780814;M1320;1;;1
SSR_P;2014;060000445;060780814;MAUT;;3;1.23
SSR_P;2014;060000445;060780814;N241P;2;4;3.74
SSR_P;2014;060000445;060780814;N2450;;1;0.65
SSR_P;2014;060000445;060780814;N2500;18;2;13.74
SSR_P;2014;060000445;060780814;N2710;;1;0.2
SSR_P;2014;060000445;060780814;N3120;;1;0.5
SSR_P;2014;060000445;060780814;NAUT;14;;15.72
SSR_P;2014;060000445;060780814;NCINF;13;1;11.87
SSR_P;2014;060000478;060780897;M1010;5;;2.31
SSR_P;2014;060000478;060780897;M1190;1;;0.27
SSR_P;2014;060000478;060780897;N241P;1;;1
SSR_P;2014;060000478;060780897;N2460;;1;0.2
SSR_P;2014;060000478;060780897;N2500;11;1;11.5
SSR_P;2014;060000478;060780897;N2710;;1;0.5
SSR_P;2014;060000478;060780897;N3120;;1;0.8
SSR_P;2014;060000478;060780897;NAUT;6;;6
SSR_P;2014;060000478;060780897;NCINF;10;2;11.6
SSR_P;2014;060000486;060780905;M1010;;5;0.38
SSR_P;2014;060000486;060780905;N2450;;1;0.04
SSR_P;2014;060000486;060780905;N2500;17;;2.59
SSR_P;2014;060000486;060780905;N310H;1;;0.27
SSR_P;2014;060000486;060780905;N3120;;1;0.2
SSR_P;2014;060000486;060780905;NAUT;55;4;5.65
SSR_P;2014;060000486;060780905;NCINF;8;4;2.86
SSR_P;2014;060000510;060780954;M1180;1;;0.1
SSR_P;2014;060000510;060780954;M1320;3;;1.4
SSR_P;2014;060000510;060780954;MAUT;;1;0.1
SSR_P;2014;060000510;060780954;N2460;1;0;1
SSR_P;2014;060000510;060780954;N2500;14;0;14.29
SSR_P;2014;060000510;060780954;N2710;1;0;0.5
SSR_P;2014;060000510;060780954;NAUT;5;0;4.73
SSR_P;2014;060000510;060780954;NCINF;9;0;8.58
SSR_P;2014;060000536;060006889;M1010;;1;0.8
SSR_P;2014;060000536;060006889;MAUT;;1;0.04
SSR_P;2014;060000536;060006889;N241P;;2;0.4
SSR_P;2014;060000536;060006889;N2450;;1;0.39
SSR_P;2014;060000536;060006889;N2460;;1;0.8
SSR_P;2014;060000536;060006889;N2500;;10;6.25
SSR_P;2014;060000536;060006889;N2710;;1;0.09
SSR_P;2014;060000536;060006889;NAUT;2;2;2.18
SSR_P;2014;060000536;060006889;NCINF;;8;4.77
SSR_P;2014;060002102;060791761;M1320;;2;1.8
SSR_P;2014;060002102;060791761;N241P;2;1;2.5
SSR_P;2014;060002102;060791761;N2500;8;2;9.6
SSR_P;2014;060002102;060791761;NAUT;2;2;2.8
SSR_P;2014;060002102;060791761;NCINF;7;1;7.1
SSR_P;2014;060005469;750043994;M1010;;1;0.6
SSR_P;2014;060005469;750043994;M1320;2;1;2.75
SSR_P;2014;060005469;750043994;N241P;3;;3
SSR_P;2014;060005469;750043994;N2430;;1;0.5
SSR_P;2014;060005469;750043994;N2450;;1;0.2
SSR_P;2014;060005469;750043994;N2460;;1;0.5
SSR_P;2014;060005469;750043994;N2500;18;;11.4
SSR_P;2014;060005469;750043994;N2710;;1;0.5
SSR_P;2014;060005469;750043994;N3120;;1;0.5
SSR_P;2014;060005469;750043994;NCINF;15;2;12.48
SSR_P;2014;060010188;060000221;M1010;0;3;1.08
SSR_P;2014;060010188;060000221;N241P;0;4;2
SSR_P;2014;060010188;060000221;N2500;8;2;8.28
SSR_P;2014;060010188;060000221;N3120;0;1;0.34
SSR_P;2014;060010188;060000221;NAUT;7;5;9.48
SSR_P;2014;060010188;060000221;NCINF;8;1;8.76
SSR_P;2014;060015328;060015278;M1010;;1;0.8
SSR_P;2014;060015328;060015278;M1140;;1;0.1
SSR_P;2014;060015328;060015278;N2430;3;;3
SSR_P;2014;060015328;060015278;N2460;;1;0.25
SSR_P;2014;060015328;060015278;N2470;1;1;1.75
SSR_P;2014;060015328;060015278;N2710;2;2;3.25
SSR_P;2014;060015328;060015278;NAUT;4;2;5
SSR_P;2014;060015328;060015278;NCINF;3;;3
SSR_P;2014;060021201;060000155;M1010;;2;1.2
SSR_P;2014;060021201;060000155;M1040;;3;0.1
SSR_P;2014;060021201;060000155;M1120;;1;0.1
SSR_P;2014;060021201;060000155;M1180;1;1;1.5
SSR_P;2014;060021201;060000155;M1320;;1;0.1
SSR_P;2014;060021201;060000155;M3020;;1;0.1
SSR_P;2014;060021201;060000155;MAUT;;12;1.2
SSR_P;2014;060021201;060000155;N241P;6;;6
SSR_P;2014;060021201;060000155;N2450;;1;0.3
SSR_P;2014;060021201;060000155;N2460;3;;3
SSR_P;2014;060021201;060000155;N2500;6;5;7.7
SSR_P;2014;060021201;060000155;N2710;;1;0.5
SSR_P;2014;060021201;060000155;N3120;;1;0.5
SSR_P;2014;060021201;060000155;NAUT;18;4;19.2
SSR_P;2014;060021201;060000155;NCINF;10;3;10.9
SSR_P;2014;060780145;060000049;M1010;3;2;4.65
SSR_P;2014;060780145;060000049;N2450;1;;1.07
SSR_P;2014;060780145;060000049;N2460;;1;0.11
SSR_P;2014;060780145;060000049;N2500;19;11;21.33
SSR_P;2014;060780145;060000049;N2710;;2;1.03
SSR_P;2014;060780145;060000049;N3120;;1;0.67
SSR_P;2014;060780145;060000049;NAUT;;1;0.14
SSR_P;2014;060780145;060000049;NCINF;15;11;17.27
SSR_P;2014;060780186;060006939;M1010;1;1;1.5
SSR_P;2014;060780186;060006939;M3020;;1;0.5
SSR_P;2014;060780186;060006939;N241P;;3;1
SSR_P;2014;060780186;060006939;N2500;10;1;10.75
SSR_P;2014;060780186;060006939;N3120;;1;0.6
SSR_P;2014;060780186;060006939;NAUT;12;4;14.82
SSR_P;2014;060780186;060006939;NCINF;7;4;9.93
SSR_P;2014;060780277;750043994;M1010;3;1;3.11
SSR_P;2014;060780277;750043994;M1040;;1;0.08
SSR_P;2014;060780277;750043994;M1320;2;;2
SSR_P;2014;060780277;750043994;M3020;;1;0.08
SSR_P;2014;060780277;750043994;N241P;5;1;5.5
SSR_P;2014;060780277;750043994;N2430;;1;0.5
SSR_P;2014;060780277;750043994;N2450;;1;0.2
SSR_P;2014;060780277;750043994;N2460;;1;0.74
SSR_P;2014;060780277;750043994;N2500;37;2;24.87
SSR_P;2014;060780277;750043994;N2710;;1;0.6
SSR_P;2014;060780277;750043994;N310H;;1;0.57
SSR_P;2014;060780277;750043994;N3120;;1;0.6
SSR_P;2014;060780277;750043994;NCINF;25;1;16.27
SSR_P;2014;060780343;060000171;M1180;0;2;0.6
SSR_P;2014;060780343;060000171;MAUT;0;2;0.56
SSR_P;2014;060780343;060000171;N241P;4;0;4
SSR_P;2014;060780343;060000171;N2500;5;0;5
SSR_P;2014;060780343;060000171;N2710;0;1;0.2
SSR_P;2014;060780343;060000171;N3120;0;1;0.2
SSR_P;2014;060780343;060000171;NCINF;5;0;5
SSR_P;2014;060780350;920000395;M1010;1;1;1.69
SSR_P;2014;060780350;920000395;N241P;;4;2.5
SSR_P;2014;060780350;920000395;N2430;;1;0.25
SSR_P;2014;060780350;920000395;N2500;4;2;5
SSR_P;2014;060780350;920000395;N3120;;1;0.5
SSR_P;2014;060780350;920000395;NAUT;2;1;2.3
SSR_P;2014;060780350;920000395;NCINF;6;1;6.3
SSR_P;2014;060780392;060000205;M1010;;4;0.8
SSR_P;2014;060780392;060000205;M1320;;1;0.1
SSR_P;2014;060780392;060000205;MAUT;1;;1
SSR_P;2014;060780392;060000205;N241P;1;4;3
SSR_P;2014;060780392;060000205;N2500;18;;16.65
SSR_P;2014;060780392;060000205;NCINF;14;;12.72
SSR_P;2014;060780459;010783009;M1040;;1;0.1
SSR_P;2014;060780459;010783009;M1180;3;;3
SSR_P;2014;060780459;010783009;M1320;;1;0.5
SSR_P;2014;060780459;010783009;MAUT;2;;0.07
SSR_P;2014;060780558;750720575;M1010;;2;1.21
SSR_P;2014;060780558;750720575;M1070;;1;0.64
SSR_P;2014;060780558;750720575;M1150;;1;0.87
SSR_P;2014;060780558;750720575;M1180;1;;1
SSR_P;2014;060780558;750720575;M3020;1;1;1.66
SSR_P;2014;060780558;750720575;N241P;5;1;5.92
SSR_P;2014;060780558;750720575;N2430;;;0.47
SSR_P;2014;060780558;750720575;N2450;2;2;3.69
SSR_P;2014;060780558;750720575;N2460;1;;1.18
SSR_P;2014;060780558;750720575;N2500;15;5;16.5
SSR_P;2014;060780558;750720575;N2710;1;5;3.52
SSR_P;2014;060780558;750720575;N310H;14;;15.19
SSR_P;2014;060780558;750720575;N3120;;2;1.33
SSR_P;2014;060780558;750720575;NAUT;2;2;2.81
SSR_P;2014;060780558;750720575;NCINF;20;6;25.34
SSR_P;2014;060780665;060000312;M1010;;4;0.6
SSR_P;2014;060780665;060000312;M1040;;1;0.05
SSR_P;2014;060780665;060000312;M1120;;1;0.05
SSR_P;2014;060780665;060000312;M1150;;1;0.05
SSR_P;2014;060780665;060000312;N241P;2;;2
SSR_P;2014;060780665;060000312;N2500;3;4;5.2
SSR_P;2014;060780665;060000312;N2710;;2;0.1
SSR_P;2014;060780665;060000312;N3120;;1;0.5
SSR_P;2014;060780665;060000312;NCINF;2;1;2.3
SSR_P;2014;060780749;060000395;M1010;;1;0.64
SSR_P;2014;060780749;060000395;M1040;;1;0.2
SSR_P;2014;060780749;060000395;M1070;;1;0.1
SSR_P;2014;060780749;060000395;M1150;;1;0.1
SSR_P;2014;060780749;060000395;M1320;1;;1
SSR_P;2014;060780749;060000395;M3020;;1;0.2
SSR_P;2014;060780749;060000395;MAUT;;1;0.5
SSR_P;2014;060780749;060000395;N241P;2;;2
SSR_P;2014;060780749;060000395;N2430;;1;0.5
SSR_P;2014;060780749;060000395;N2450;;1;0.3
SSR_P;2014;060780749;060000395;N2500;6;4;8.64
SSR_P;2014;060780749;060000395;N3120;;1;0.4
SSR_P;2014;060780749;060000395;NAUT;9;3;9.7
SSR_P;2014;060780749;060000395;NCINF;6;1;6.51
SSR_P;2014;060781374;060000718;M1010;2;1;2.26
SSR_P;2014;060781374;060000718;M1180;1;1;1.71
SSR_P;2014;060781374;060000718;M1320;1;;1
SSR_P;2014;060781374;060000718;MAUT;;3;0.64
SSR_P;2014;060781374;060000718;N241P;9;6;12.48
SSR_P;2014;060781374;060000718;N2430;;1;0.11
SSR_P;2014;060781374;060000718;N2450;1;3;2.78
SSR_P;2014;060781374;060000718;N2460;1;1;1.5
SSR_P;2014;060781374;060000718;N2500;25;2;26.72
SSR_P;2014;060781374;060000718;N2710;;2;0.9
SSR_P;2014;060781374;060000718;N310H;;1;0.4
SSR_P;2014;060781374;060000718;N3120;1;;1
SSR_P;2014;060781374;060000718;NAUT;45;10;50.54
SSR_P;2014;060781374;060000718;NCINF;19;4;21.12
SSR_P;2014;060785227;060001476;M1010;1;;1
SSR_P;2014;060785227;060001476;M1040;;4;1.29
SSR_P;2014;060785227;060001476;M1070;;4;0.05
SSR_P;2014;060785227;060001476;M1120;;1;0.05
SSR_P;2014;060785227;060001476;M1150;;2;0.05
SSR_P;2014;060785227;060001476;M1190;;1;0.05
SSR_P;2014;060785227;060001476;M1320;1;;1
SSR_P;2014;060785227;060001476;M3020;;1;0.23
SSR_P;2014;060785227;060001476;MAUT;;2;1.26
SSR_P;2014;060785227;060001476;N241P;;7;3.2
SSR_P;2014;060785227;060001476;N2450;;2;1.2
SSR_P;2014;060785227;060001476;N2500;14;7;15.6
SSR_P;2014;060785227;060001476;N2710;;2;0.12
SSR_P;2014;060785227;060001476;N310H;;2;1.2
SSR_P;2014;060785227;060001476;N3120;;1;0.5
SSR_P;2014;060785227;060001476;NAUT;17;7;18
SSR_P;2014;060785227;060001476;NCINF;19;3;17.7
SSR_P;2014;060788957;060785011;M1010;6;0;4.47
SSR_P;2014;060788957;060785011;M1320;1;1;2.62
SSR_P;2014;060788957;060785011;MAUT;0;0;0.33
SSR_P;2014;060788957;060785011;N241P;11;2;9.06
SSR_P;2014;060788957;060785011;N2430;2;2;2.62
SSR_P;2014;060788957;060785011;N2450;3;0;2.42
SSR_P;2014;060788957;060785011;N2460;1;0;1
SSR_P;2014;060788957;060785011;N2500;75;8;77.63
SSR_P;2014;060788957;060785011;N2710;3;1;2.8
SSR_P;2014;060788957;060785011;N310H;4;2;3.56
SSR_P;2014;060788957;060785011;N3120;0;0;0.3
SSR_P;2014;060788957;060785011;NAUT;29;9;32.24
SSR_P;2014;060788957;060785011;NCINF;51;4;52.79
SSR_P;2014;060789195;060785011;M1010;1;1;1.1
SSR_P;2014;060789195;060785011;M1120;0;1;0.1
SSR_P;2014;060789195;060785011;M1180;0;4;1.6
SSR_P;2014;060789195;060785011;M1190;1;1;1.25
SSR_P;2014;060789195;060785011;N241P;12;6;13.88
SSR_P;2014;060789195;060785011;N2450;10;0;8.4
SSR_P;2014;060789195;060785011;N2460;0;0;0.1
SSR_P;2014;060789195;060785011;N2500;22;0;20.7
SSR_P;2014;060789195;060785011;N2710;2;1;1.4
SSR_P;2014;060789195;060785011;N310H;1;0;0.45
SSR_P;2014;060789195;060785011;N3120;0;0;0.05
SSR_P;2014;060789195;060785011;NAUT;5;1;5.1
SSR_P;2014;060789195;060785011;NCINF;18;1;18
SSR_P;2014;060789674;130037815;M1010;2;;2
SSR_P;2014;060789674;130037815;M1180;5;;5
SSR_P;2014;060789674;130037815;N241P;25;8;31.38
SSR_P;2014;060789674;130037815;N2430;1;2;1.83
SSR_P;2014;060789674;130037815;N2450;;1;0.92
SSR_P;2014;060789674;130037815;N2460;5;4;7.71
SSR_P;2014;060789674;130037815;N2500;68;5;72.95
SSR_P;2014;060789674;130037815;N2710;1;2;2
SSR_P;2014;060789674;130037815;N310H;1;;1
SSR_P;2014;060789674;130037815;N3120;3;1;3.5
SSR_P;2014;060789674;130037815;NAUT;32;13;34.93
SSR_P;2014;060789674;130037815;NCINF;44;8;47.72
SSR_P;2014;060790177;060785011;M1010;1;;1
SSR_P;2014;060790177;060785011;M1190;1;;1
SSR_P;2014;060790177;060785011;N241P;2;0;2.34
SSR_P;2014;060790177;060785011;N2450;2;0;1.7
SSR_P;2014;060790177;060785011;N2500;14;1;14.92
SSR_P;2014;060790177;060785011;N310H;1;0;0.84
SSR_P;2014;060790177;060785011;N3120;0;0;0.09
SSR_P;2014;060790177;060785011;NAUT;14;3;12.56
SSR_P;2014;060790177;060785011;NCINF;14;1;14.76
SSR_P;2014;060790862;060001997;M1010;;3;2
SSR_P;2014;060790862;060001997;M3020;;1;0.25
SSR_P;2014;060790862;060001997;N2710;4;;4
SSR_P;2014;060790862;060001997;NCINF;8;1;8.7
SSR_P;2014;060791811;750826638;M1040;;2;1
SSR_P;2014;060791811;750826638;M1180;;1;0.6
SSR_P;2014;060791811;750826638;M1320;2;;2
SSR_P;2014;060791811;750826638;N241P;5;2;5.84
SSR_P;2014;060791811;750826638;N2430;;1;0.22
SSR_P;2014;060791811;750826638;N2450;;2;1
SSR_P;2014;060791811;750826638;N2460;;1;0.25
SSR_P;2014;060791811;750826638;N2500;17;5;19.79
SSR_P;2014;060791811;750826638;N2710;;2;0.59
SSR_P;2014;060791811;750826638;N3120;;2;0.75
SSR_P;2014;060791811;750826638;NCINF;13;5;15.46
SSR_P;2014;060794021;060780988;MAUT;1;;1
SSR_P;2014;060794021;060780988;N241P;;3;0.89
SSR_P;2014;060794021;060780988;N2450;;1;0.25
SSR_P;2014;060794021;060780988;N2500;9;9;9.71
SSR_P;2014;060794021;060780988;N2710;;1;0.47
SSR_P;2014;060794021;060780988;N310H;;1;0.87
SSR_P;2014;060794021;060780988;N3120;;1;0.5
SSR_P;2014;060794021;060780988;NAUT;9;4;7.58
SSR_P;2014;060794021;060780988;NCINF;6;3;6.16
SSR_P;2014;060798881;060798873;M1010;2;;2
SSR_P;2014;060798881;060798873;M1040;;6;0.2
SSR_P;2014;060798881;060798873;M1120;;1;0.1
SSR_P;2014;060798881;060798873;M1180;;2;0.4
SSR_P;2014;060798881;060798873;M1320;;1;0.1
SSR_P;2014;060798881;060798873;M3020;;1;0.1
SSR_P;2014;060798881;060798873;MAUT;;2;1.4
SSR_P;2014;060798881;060798873;N241P;;8;4
SSR_P;2014;060798881;060798873;N2450;;1;0.2
SSR_P;2014;060798881;060798873;N2500;14;2;15
SSR_P;2014;060798881;060798873;N2710;;1;0.25
SSR_P;2014;060798881;060798873;N3120;;1;0.35
SSR_P;2014;060798881;060798873;NAUT;20;10;24.5
SSR_P;2014;060798881;060798873;NCINF;13;6;14.1
SSR_P;2014;060800182;060002912;M1010;1;1;1.67
SSR_P;2014;060800182;060002912;M1040;;1;0.2
SSR_P;2014;060800182;060002912;M1070;;1;0.8
SSR_P;2014;060800182;060002912;M1150;;1;0.2
SSR_P;2014;060800182;060002912;M1320;1;;1
SSR_P;2014;060800182;060002912;MAUT;;4;1.42
SSR_P;2014;060800182;060002912;N241P;;4;2
SSR_P;2014;060800182;060002912;N2430;;1;0.2
SSR_P;2014;060800182;060002912;N2450;5;2;6.05
SSR_P;2014;060800182;060002912;N2500;7;;7.69
SSR_P;2014;060800182;060002912;N2710;;2;1.1
SSR_P;2014;060800182;060002912;N3120;;1;0.28
SSR_P;2014;060800182;060002912;NAUT;;3;1.38
SSR_P;2014;060800182;060002912;NCINF;13;2;15.84
SSR_P;2014;060800687;060000221;M1010;0;2;1
SSR_P;2014;060800687;060000221;N241P;0;2;1
SSR_P;2014;060800687;060000221;N2500;4;0;4
SSR_P;2014;060800687;060000221;N3120;0;1;0.34
SSR_P;2014;060800687;060000221;NAUT;4;3;5.47
SSR_P;2014;060800687;060000221;NCINF;5;2;5.9
SSR_P;2014;070000021;070780101;M1010;;1;0.05
SSR_P;2014;070000021;070780101;MAUT;;1;0.19
SSR_P;2014;070000021;070780101;N241P;2;;0.79
SSR_P;2014;070000021;070780101;N2500;6;2;4.15
SSR_P;2014;070000021;070780101;N3120;1;;0.1
SSR_P;2014;070000021;070780101;NAUT;28;4;6.68
SSR_P;2014;070000021;070780101;NCINF;11;5;5.74
SSR_P;2014;070000039;070780119;M1010;;6;0.7
SSR_P;2014;070000039;070780119;N241P;1;;0.25
SSR_P;2014;070000039;070780119;N2450;;1;0.15
SSR_P;2014;070000039;070780119;N2500;2;;2
SSR_P;2014;070000039;070780119;NCINF;0;2;1.61
SSR_P;2014;070000047;070780127;M1010;;1;0.17
SSR_P;2014;070000047;070780127;N241P;;3;1.25
SSR_P;2014;070000047;070780127;N2460;;1;0.4
SSR_P;2014;070000047;070780127;N2500;12;2;13.79
SSR_P;2014;070000047;070780127;N3120;;1;0.4
SSR_P;2014;070000047;070780127;NAUT;5;2;6.48
SSR_P;2014;070000047;070780127;NCINF;5;3;6.87
SSR_P;2014;070000062;070005558;M1010;;1;
SSR_P;2014;070000062;070005558;N241P;1;;1
SSR_P;2014;070000062;070005558;N2500;3;;3
SSR_P;2014;070000062;070005558;N2710;;1;0.3
SSR_P;2014;070000062;070005558;N3120;;1;0.2
SSR_P;2014;070000062;070005558;NAUT;;1;0.2
SSR_P;2014;070000062;070005558;NCINF;2;2;3.6
SSR_P;2014;070000070;070780150;M1010;;1;0.15
SSR_P;2014;070000070;070780150;M1180;;1;0.05
SSR_P;2014;070000070;070780150;MAUT;;1;0.25
SSR_P;2014;070000070;070780150;N241P;;1;0.65
SSR_P;2014;070000070;070780150;N2460;1;;1
SSR_P;2014;070000070;070780150;N2470;;1;0.39
SSR_P;2014;070000070;070780150;N2500;2;1;2.8
SSR_P;2014;070000070;070780150;N2710;;1;0.23
SSR_P;2014;070000070;070780150;N3120;;1;0.18
SSR_P;2014;070000070;070780150;NAUT;2;;2
SSR_P;2014;070000070;070780150;NCINF;1;2;2.25
SSR_P;2014;070000096;070780184;N241P;1;;1
SSR_P;2014;070000096;070780184;N2450;;1;0.3
SSR_P;2014;070000096;070780184;N2500;8;;7
SSR_P;2014;070000096;070780184;NAUT;5;;4
SSR_P;2014;070000096;070780184;NCINF;10;;5.3
SSR_P;2014;070000146;070004742;M1010;0;1;0.57
SSR_P;2014;070000146;070004742;N2500;13;4;15.5
SSR_P;2014;070000146;070004742;N2710;0;1;0.4
SSR_P;2014;070000146;070004742;N310H;;2;0.75
SSR_P;2014;070000146;070004742;NCINF;12;1;13.14
SSR_P;2014;070000179;070780358;M1040;4;1;0.42
SSR_P;2014;070000179;070780358;M1120;1;0;0.01
SSR_P;2014;070000179;070780358;M1320;2;0;0.81
SSR_P;2014;070000179;070780358;MAUT;11;0;0.43
SSR_P;2014;070000179;070780358;N241P;6;2;5.74
SSR_P;2014;070000179;070780358;N2430;0;1;0.5
SSR_P;2014;070000179;070780358;N2450;1;0;0.3
SSR_P;2014;070000179;070780358;N2460;1;0;0.5
SSR_P;2014;070000179;070780358;N2500;8;8;11.66
SSR_P;2014;070000179;070780358;N2710;1;1;0.65
SSR_P;2014;070000179;070780358;N310H;1;0;0.69
SSR_P;2014;070000179;070780358;N3120;0;1;0.4
SSR_P;2014;070000179;070780358;NAUT;38;29;4.77
SSR_P;2014;070000179;070780358;NCINF;4;13;10.62
SSR_P;2014;070000187;070780366;M1010;;1;0.5
SSR_P;2014;070000187;070780366;M1180;;1;0.1
SSR_P;2014;070000187;070780366;N241P;;1;0.9
SSR_P;2014;070000187;070780366;N2450;;1;0.3
SSR_P;2014;070000187;070780366;N2460;;1;0.61
SSR_P;2014;070000187;070780366;N2470;;1;0.38
SSR_P;2014;070000187;070780366;N2500;2;7;8.21
SSR_P;2014;070000187;070780366;N2710;;1;0.11
SSR_P;2014;070000187;070780366;N3120;;1;0.2
SSR_P;2014;070000187;070780366;NAUT;2;3;3.84
SSR_P;2014;070000187;070780366;NCINF;3;6;5.96
SSR_P;2014;070000195;070780374;M1010;1;;0.71
SSR_P;2014;070000195;070780374;M1320;1;;0.29
SSR_P;2014;070000195;070780374;N241P;1;1;0.92
SSR_P;2014;070000195;070780374;N2460;;1;0.5
SSR_P;2014;070000195;070780374;N2500;10;3;12.97
SSR_P;2014;070000195;070780374;N2710;;1;0.16
SSR_P;2014;070000195;070780374;N310H;1;;0.87
SSR_P;2014;070000195;070780374;N3120;;1;0.6
SSR_P;2014;070000195;070780374;NAUT;3;;3
SSR_P;2014;070000195;070780374;NCINF;7;5;10.69
SSR_P;2014;070000203;070780382;M1010;1;;0.75
SSR_P;2014;070000203;070780382;MAUT;;2;0.18
SSR_P;2014;070000203;070780382;N241P;1;;1.03
SSR_P;2014;070000203;070780382;N2460;;1;0.2
SSR_P;2014;070000203;070780382;N2470;;1;0.3
SSR_P;2014;070000203;070780382;N2500;6;6;10.06
SSR_P;2014;070000203;070780382;N2710;;1;0.1
SSR_P;2014;070000203;070780382;N3120;;1;0.5
SSR_P;2014;070000203;070780382;NAUT;2;3;2.95
SSR_P;2014;070000203;070780382;NCINF;7;1;7.37
SSR_P;2014;070000484;070005566;M1010;2;2;2.96
SSR_P;2014;070000484;070005566;M1070;2;1;3.15
SSR_P;2014;070000484;070005566;M1180;1;0;1
SSR_P;2014;070000484;070005566;M1320;2;2;2.96
SSR_P;2014;070000484;070005566;N241P;5;3;7.47
SSR_P;2014;070000484;070005566;N2430;1;0;1
SSR_P;2014;070000484;070005566;N2450;2;2;2.58
SSR_P;2014;070000484;070005566;N2460;3;1;3.8
SSR_P;2014;070000484;070005566;N2500;32;5;37.58
SSR_P;2014;070000484;070005566;N2710;0;2;1.01
SSR_P;2014;070000484;070005566;N310H;1;0;1
SSR_P;2014;070000484;070005566;NCINF;27;9;32.39
SSR_P;2014;070006168;300016847;M1150;;1;0.6
SSR_P;2014;070006168;300016847;N241P;;1;0.6
SSR_P;2014;070006168;300016847;N2450;;1;0.03
SSR_P;2014;070006168;300016847;N2710;;1;0.03
SSR_P;2014;070006168;300016847;NCINF;;1;0.06
SSR_P;2014;070006804;070005566;M1320;1;;1
SSR_P;2014;070006804;070005566;N241P;1;;0.5
SSR_P;2014;070006804;070005566;N2450;1;1;0.3
SSR_P;2014;070006804;070005566;N2460;1;;0.03
SSR_P;2014;070006804;070005566;N2500;6;3;8.2
SSR_P;2014;070006804;070005566;NCINF;3;;2.7
SSR_P;2014;070780226;300016847;M1010;;1;0.01
SSR_P;2014;070780226;300016847;M1150;1;1;1.4
SSR_P;2014;070780226;300016847;MAUT;1;2;1.55
SSR_P;2014;070780226;300016847;N241P;3;1;3.43
SSR_P;2014;070780226;300016847;N2450;;1;0.2
SSR_P;2014;070780226;300016847;N2500;3;13;12.75
SSR_P;2014;070780226;300016847;N2710;;1;0.2
SSR_P;2014;070780226;300016847;N3120;;1;0.2
SSR_P;2014;070780226;300016847;NCINF;7;5;9.75
SSR_P;2014;070780234;750721300;M1010;;2;1.01
SSR_P;2014;070780234;750721300;N241P;;1;0.63
SSR_P;2014;070780234;750721300;N2500;4;4;7
SSR_P;2014;070780234;750721300;N2710;;1;0.5
SSR_P;2014;070780234;750721300;N3120;;1;0.77
SSR_P;2014;070780234;750721300;NCINF;2;7;6.32
SSR_P;2014;070780242;070000120;M1180;1;1;1.4
SSR_P;2014;070780242;070000120;N2460;;1;0.2
SSR_P;2014;070780242;070000120;N2500;5;6;9.5
SSR_P;2014;070780242;070000120;N310H;2;;2
SSR_P;2014;070780242;070000120;N3120;;1;0.3
SSR_P;2014;070780242;070000120;NAUT;;16;12.1
SSR_P;2014;070780242;070000120;NCINF;6;3;8.5
SSR_P;2014;070780390;070000211;M1010;1;;0.5
SSR_P;2014;070780390;070000211;M1320;;1;0.2
SSR_P;2014;070780390;070000211;N241P;;1;0.5
SSR_P;2014;070780390;070000211;N2450;;1;0.06
SSR_P;2014;070780390;070000211;N2460;;1;0.2
SSR_P;2014;070780390;070000211;N2500;5;2;5.72
SSR_P;2014;070780390;070000211;N2710;;1;0.2
SSR_P;2014;070780390;070000211;N310H;;1;0.49
SSR_P;2014;070780390;070000211;N3120;;1;0.5
SSR_P;2014;070780390;070000211;NCINF;7;4;9.9
SSR_P;2014;070783824;070002878;M1010;1;;0.6
SSR_P;2014;070783824;070002878;N241P;1;;0.6
SSR_P;2014;070783824;070002878;N2500;8;7;8.27
SSR_P;2014;070783824;070002878;N3120;1;;0.08
SSR_P;2014;070783824;070002878;NAUT;2;1;1.39
SSR_P;2014;070783824;070002878;NCINF;4;2;4.6
SSR_P;2014;070784897;750820680;M1010;0;2;0.5
SSR_P;2014;070784897;750820680;N2450;0;1;0.05
SSR_P;2014;070784897;750820680;N2500;0;3;2.26
SSR_P;2014;070784897;750820680;N2710;0;1;0.8
SSR_P;2014;070784897;750820680;N310H;2;6;5.51
SSR_P;2014;070784897;750820680;N3120;0;1;0.1
SSR_P;2014;070784897;750820680;NAUT;0;1;0.5
SSR_P;2014;070784897;750820680;NCINF;2;8;6.9
SSR_P;2014;080000110;080000037;M1320;2;0;2
SSR_P;2014;080000110;080000037;N2500;13;0;13
SSR_P;2014;080000110;080000037;N2710;0;1;0.8
SSR_P;2014;080000110;080000037;N3120;1;0;1
SSR_P;2014;080000110;080000037;NCINF;5;5;9.11
SSR_P;2014;080000136;750055311;M1010;;1;0.55
SSR_P;2014;080000136;750055311;M1330;1;;1
SSR_P;2014;080000136;750055311;N241P;;2;1
SSR_P;2014;080000136;750055311;N2430;;1;0.2
SSR_P;2014;080000136;750055311;N2450;;1;0.1
SSR_P;2014;080000136;750055311;N2500;4;;4
SSR_P;2014;080000136;750055311;N2710;;1;0.2
SSR_P;2014;080000136;750055311;N310H;;1;0.25
SSR_P;2014;080000136;750055311;N3120;;1;0.1
SSR_P;2014;080000136;750055311;NAUT;;2;2.1
SSR_P;2014;080000136;750055311;NCINF;7;;6
SSR_P;2014;080000219;080001969;M1180;;1;0.9
SSR_P;2014;080000219;080001969;N241P;;1;0.01
SSR_P;2014;080000219;080001969;N2460;;1;0.4
SSR_P;2014;080000219;080001969;N2500;11;1;10.28
SSR_P;2014;080000219;080001969;N2710;1;;0.25
SSR_P;2014;080000219;080001969;NAUT;6;;5.24
SSR_P;2014;080000219;080001969;NCINF;9;2;9.08
SSR_P;2014;080000250;540019726;M1180;;5;2.91
SSR_P;2014;080000250;540019726;N241P;16;1;16.18
SSR_P;2014;080000250;540019726;N2430;;2;1.5
SSR_P;2014;080000250;540019726;N2460;5;2;6.48
SSR_P;2014;080000250;540019726;N2500;33;9;36.87
SSR_P;2014;080000250;540019726;N2710;;2;0.72
SSR_P;2014;080000250;540019726;N310H;1;4;2.8
SSR_P;2014;080000250;540019726;N3120;;4;1.7
SSR_P;2014;080000250;540019726;NAUT;3;1;4.26
SSR_P;2014;080000250;540019726;NCINF;18;10;23.94
SSR_P;2014;080000268;540019726;M1010;;2;1.05
SSR_P;2014;080000268;540019726;M1180;;;0.03
SSR_P;2014;080000268;540019726;M1320;;1;0.51
SSR_P;2014;080000268;540019726;N241P;;1;0.55
SSR_P;2014;080000268;540019726;N2430;;1;0.1
SSR_P;2014;080000268;540019726;N2500;6;1;6.19
SSR_P;2014;080000268;540019726;N3120;;3;1.05
SSR_P;2014;080000268;540019726;NCINF;5;2;6.66
SSR_P;2014;080000276;080001969;M1010;;3;0.59
SSR_P;2014;080000276;080001969;N2460;;1;0.4
SSR_P;2014;080000276;080001969;N2500;9;2;10.07
SSR_P;2014;080000276;080001969;N2710;;1;0.25
SSR_P;2014;080000276;080001969;NAUT;5;;4.42
SSR_P;2014;080000276;080001969;NCINF;7;1;7.12
SSR_P;2014;080000284;080000060;M1010;;1;0.3
SSR_P;2014;080000284;080000060;N2500;6;3;6.75
SSR_P;2014;080000284;080000060;NAUT;2;2;1.4
SSR_P;2014;080000284;080000060;NCINF;4;1;4.54
SSR_P;2014;080000300;080000078;M1010;;1;0.2
SSR_P;2014;080000300;080000078;N241P;1;;0.25
SSR_P;2014;080000300;080000078;N2500;5;2;3.75
SSR_P;2014;080000300;080000078;N3120;;1;0.2
SSR_P;2014;080000300;080000078;NAUT;4;;2
SSR_P;2014;080000300;080000078;NCINF;9;;4.25
SSR_P;2014;080002140;540019726;M1010;;;0.08
SSR_P;2014;080002140;540019726;M1180;;1;0.07
SSR_P;2014;080002140;540019726;N241P;1;1;1.93
SSR_P;2014;080002140;540019726;N2460;;5;2.21
SSR_P;2014;080002140;540019726;N2500;1;2;2.12
SSR_P;2014;080002140;540019726;N310H;1;1;1.1
SSR_P;2014;080002140;540019726;NCINF;2;3;2.91
SSR_P;2014;080009350;080000086;M1010;;3;1.05
SSR_P;2014;080009350;080000086;M3020;1;1;0.21
SSR_P;2014;080009350;080000086;N2710;;1;0.4
SSR_P;2014;080009350;080000086;N3120;1;;0.4
SSR_P;2014;080009350;080000086;NAUT;3;;3.1
SSR_P;2014;080009350;080000086;NCINF;7;1;7.05
SSR_P;2014;080010523;750043994;M1010;3;;3
SSR_P;2014;080010523;750043994;N241P;3;;2.5
SSR_P;2014;080010523;750043994;N2460;1;;0.5
SSR_P;2014;080010523;750043994;N2500;28;2;31
SSR_P;2014;080010523;750043994;N3120;1;;1
SSR_P;2014;080010523;750043994;NAUT;34;10;42.5
SSR_P;2014;080010523;750043994;NCINF;20;1;21
SSR_P;2014;090000019;090180019;M1010;1;2;1.6
SSR_P;2014;090000019;090180019;M1180;;1;0.7
SSR_P;2014;090000019;090180019;MAUT;;3;0.8
SSR_P;2014;090000019;090180019;N241P;5;3;7.1
SSR_P;2014;090000019;090180019;N2430;;1;0.75
SSR_P;2014;090000019;090180019;N2450;;1;0.12
SSR_P;2014;090000019;090180019;N2460;;1;0.8
SSR_P;2014;090000019;090180019;N2500;16;;16
SSR_P;2014;090000019;090180019;N2710;;1;0.5
SSR_P;2014;090000019;090180019;N3120;1;;1
SSR_P;2014;090000019;090180019;NCINF;8;5;12.3
SSR_P;2014;090000175;090781774;M1320;1;;0.8
SSR_P;2014;090000175;090781774;N241P;;;0.7
SSR_P;2014;090000175;090781774;N2500;11;3;14.1
SSR_P;2014;090000175;090781774;N3120;;1;0.8
SSR_P;2014;090000175;090781774;NAUT;;1;0.36
SSR_P;2014;090000175;090781774;NCINF;8;3;9.55
SSR_P;2014;090000183;090781816;M1010;;1;0.02
SSR_P;2014;090000183;090781816;M1120;;1;0.13
SSR_P;2014;090000183;090781816;M1180;2;;1.98
SSR_P;2014;090000183;090781816;M1320;3;;1.5
SSR_P;2014;090000183;090781816;M3020;;1;0.04
SSR_P;2014;090000183;090781816;N241P;9;1;6.54
SSR_P;2014;090000183;090781816;N2430;;2;0.91
SSR_P;2014;090000183;090781816;N2450;1;1;0.31
SSR_P;2014;090000183;090781816;N2460;;3;1.87
SSR_P;2014;090000183;090781816;N2470;1;1;1.43
SSR_P;2014;090000183;090781816;N2500;41;7;42.7
SSR_P;2014;090000183;090781816;N2710;2;1;1.25
SSR_P;2014;090000183;090781816;N3120;3;1;1.89
SSR_P;2014;090000183;090781816;NAUT;16;2;16.29
SSR_P;2014;090000183;090781816;NCINF;30;5;30.25
SSR_P;2014;090000217;090782251;M1010;3;;1.35
SSR_P;2014;090000217;090782251;N241P;0;1;0.75
SSR_P;2014;090000217;090782251;N2450;0;1;0.12
SSR_P;2014;090000217;090782251;N2500;5;1;5.5
SSR_P;2014;090000217;090782251;N2710;0;1;0.1
SSR_P;2014;090000217;090782251;N3120;0;1;0.5
SSR_P;2014;090000217;090782251;NAUT;;1;0.3
SSR_P;2014;090000217;090782251;NCINF;9;1;7.9
SSR_P;2014;090001629;090780107;M1010;;2;0.34
SSR_P;2014;090001629;090780107;M1320;;4;1.47
SSR_P;2014;090001629;090780107;N241P;;1;0.87
SSR_P;2014;090001629;090780107;N2450;;1;0.45
SSR_P;2014;090001629;090780107;N2460;;1;0.13
SSR_P;2014;090001629;090780107;N2470;;1;0.47
SSR_P;2014;090001629;090780107;N2500;27;1;20.45
SSR_P;2014;090001629;090780107;N2710;;1;0.25
SSR_P;2014;090001629;090780107;NAUT;;3;1.67
SSR_P;2014;090001629;090780107;NCINF;19;2;15.58
SSR_P;2014;090002841;090781774;M1320;2;;1.5
SSR_P;2014;090002841;090781774;N241P;;;1.06
SSR_P;2014;090002841;090781774;N2450;;;0.51
SSR_P;2014;090002841;090781774;N2500;12;2;16.63
SSR_P;2014;090002841;090781774;N3120;1;;0.8
SSR_P;2014;090002841;090781774;NAUT;2;2;3.8
SSR_P;2014;090002841;090781774;NCINF;8;1;10.22
SSR_P;2014;090780404;090000126;M1010;0;1;0.1
SSR_P;2014;090780404;090000126;M1190;0;1;0.9
SSR_P;2014;090780404;090000126;N241P;;1;0.1
SSR_P;2014;090780404;090000126;N2450;;1;0.46
SSR_P;2014;090780404;090000126;N2710;;1;0.37
SSR_P;2014;090780404;090000126;N310H;;21;4.6
SSR_P;2014;090780404;090000126;NAUT;;14;6.6
SSR_P;2014;090780404;090000126;NCINF;;4;1.2
SSR_P;2014;100000116;100000041;M1010;;1;0.6
SSR_P;2014;100000116;100000041;N241P;1;;1
SSR_P;2014;100000116;100000041;N2500;12;1;12.69
SSR_P;2014;100000116;100000041;N2710;;1;0.62
SSR_P;2014;100000116;100000041;N3120;;1;0.43
SSR_P;2014;100000116;100000041;NAUT;2;1;2.93
SSR_P;2014;100000116;100000041;NCINF;4;6;8.34
SSR_P;2014;100000140;100000058;M1010;;1;0.35
SSR_P;2014;100000140;100000058;N241P;1;;0.71
SSR_P;2014;100000140;100000058;N2500;11;2;12.85
SSR_P;2014;100000140;100000058;N2710;1;;0.84
SSR_P;2014;100000140;100000058;N3120;1;;0.57
SSR_P;2014;100000140;100000058;NAUT;3;;2.29
SSR_P;2014;100000140;100000058;NCINF;8;2;9.63
SSR_P;2014;100000801;100006279;M1010;3;;2.5
SSR_P;2014;100000801;100006279;N241P;1;;1.36
SSR_P;2014;100000801;100006279;N2450;1;1;0.34
SSR_P;2014;100000801;100006279;N2460;1;;0.23
SSR_P;2014;100000801;100006279;N2500;14;3;10.54
SSR_P;2014;100000801;100006279;N2710;;1;0.16
SSR_P;2014;100000801;100006279;NAUT;6;2;7.18
SSR_P;2014;100000801;100006279;NCINF;11;;7.75
SSR_P;2014;100006493;100000017;M1320;5;1;2.9
SSR_P;2014;100006493;100000017;N241P;;2;0.96
SSR_P;2014;100006493;100000017;N2500;19;24;29.74
SSR_P;2014;100006493;100000017;N2710;;2;0.17
SSR_P;2014;100006493;100000017;N310H;;1;0.2
SSR_P;2014;100006493;100000017;NAUT;8;8;11
SSR_P;2014;100006493;100000017;NCINF;18;10;18.06
SSR_P;2014;100007285;140017617;M1040;;1;0.7
SSR_P;2014;100007285;140017617;M1180;2;;2
SSR_P;2014;100007285;140017617;N241P;8;;8
SSR_P;2014;100007285;140017617;N2460;2;;2
SSR_P;2014;100007285;140017617;N2500;5;;5
SSR_P;2014;100007285;140017617;N2710;;1;0.3
SSR_P;2014;100007285;140017617;N310H;6;;6
SSR_P;2014;100007285;140017617;NCINF;11;;11
SSR_P;2014;100009083;750721235;M1010;0;1;0.5
SSR_P;2014;100009083;750721235;M1180;3;0;3
SSR_P;2014;100009083;750721235;N241P;10;2;11.4
SSR_P;2014;100009083;750721235;N2430;0;2;1
SSR_P;2014;100009083;750721235;N2450;0;1;0.5
SSR_P;2014;100009083;750721235;N2460;6;0;6
SSR_P;2014;100009083;750721235;N2500;19;;19
SSR_P;2014;100009083;750721235;N2710;1;1;1.6
SSR_P;2014;100009083;750721235;N310H;3;0;3
SSR_P;2014;100009083;750721235;N3120;1;1;1.5
SSR_P;2014;100009083;750721235;NCINF;13;0;13
SSR_P;2014;110000049;110780087;M1010;;;0.29
SSR_P;2014;110000049;110780087;M1320;1;;1
SSR_P;2014;110000049;110780087;N241P;1;;1
SSR_P;2014;110000049;110780087;N2450;;1;0.32
SSR_P;2014;110000049;110780087;N2460;;1;0.4
SSR_P;2014;110000049;110780087;N2500;6;1;7.74
SSR_P;2014;110000049;110780087;N3120;;1;0.5
SSR_P;2014;110000049;110780087;NAUT;4;4;5.4
SSR_P;2014;110000049;110780087;NCINF;2;3;6.45
SSR_P;2014;110000189;110780707;M1190;1;1;1.5
SSR_P;2014;110000189;110780707;N241P;5;2;6.3
SSR_P;2014;110000189;110780707;N2500;8;5;11.7
SSR_P;2014;110000189;110780707;NAUT;5;2;6.3
SSR_P;2014;110000189;110780707;NCINF;4;4;6.7
SSR_P;2014;110000247;110780772;M1010;1;1;1.1
SSR_P;2014;110000247;110780772;M1180;;1;0.1
SSR_P;2014;110000247;110780772;N241P;1;;1
SSR_P;2014;110000247;110780772;N2500;21;3;21.16
SSR_P;2014;110000247;110780772;N2710;;1;0.5
SSR_P;2014;110000247;110780772;N3120;1;;0.5
SSR_P;2014;110000247;110780772;NAUT;5;1;4.7
SSR_P;2014;110000247;110780772;NCINF;15;3;14.1
SSR_P;2014;110000262;110781010;M1120;;1;0.02
SSR_P;2014;110000262;110781010;M1180;2;1;2
SSR_P;2014;110000262;110781010;N241P;5;1;6.17
SSR_P;2014;110000262;110781010;N2430;;1;0.48
SSR_P;2014;110000262;110781010;N2460;2;3;3.51
SSR_P;2014;110000262;110781010;N2500;12;3;14.07
SSR_P;2014;110000262;110781010;N2710;;1;0.16
SSR_P;2014;110000262;110781010;N3120;;1;0.2
SSR_P;2014;110000262;110781010;NAUT;7;3;9.82
SSR_P;2014;110000262;110781010;NCINF;12;2;11.83
SSR_P;2014;110003118;110007341;M1010;0;2;0.38
SSR_P;2014;110003118;110007341;M1040;0;3;1.01
SSR_P;2014;110003118;110007341;M1070;0;1;0.11
SSR_P;2014;110003118;110007341;M1120;0;4;0.04
SSR_P;2014;110003118;110007341;M1150;0;1;0.3
SSR_P;2014;110003118;110007341;M1180;3;0;3
SSR_P;2014;110003118;110007341;M1190;0;1;0.05
SSR_P;2014;110003118;110007341;MAUT;0;4;0.08
SSR_P;2014;110003118;110007341;N241P;10;0;10
SSR_P;2014;110003118;110007341;N2430;2;0;2
SSR_P;2014;110003118;110007341;N2450;1;0;1
SSR_P;2014;110003118;110007341;N2460;2;1;2.5
SSR_P;2014;110003118;110007341;N2500;8;7;12.93
SSR_P;2014;110003118;110007341;N2710;0;1;0.08
SSR_P;2014;110003118;110007341;N3120;1;0;1
SSR_P;2014;110003118;110007341;NCINF;8;3;10.33
SSR_P;2014;110004942;310021324;M1010;2;;2
SSR_P;2014;110004942;310021324;M1320;1;;1
SSR_P;2014;110004942;310021324;N241P;2;;2
SSR_P;2014;110004942;310021324;N2430;;1;0.5
SSR_P;2014;110004942;310021324;N2460;2;;2
SSR_P;2014;110004942;310021324;N2500;20;;19
SSR_P;2014;110004942;310021324;N2710;;1;0.5
SSR_P;2014;110004942;310021324;N3120;;1;0.8
SSR_P;2014;110004942;310021324;NAUT;13;3;14.43
SSR_P;2014;110004942;310021324;NCINF;11;2;12.5
SSR_P;2014;110005246;110780137;M1320;1;1;1.53
SSR_P;2014;110005246;110780137;MAUT;1;;0.2
SSR_P;2014;110005246;110780137;N241P;2;;1.5
SSR_P;2014;110005246;110780137;N2450;;1;0.2
SSR_P;2014;110005246;110780137;N2460;1;;1
SSR_P;2014;110005246;110780137;N2500;11;5;14.98
SSR_P;2014;110005246;110780137;N2710;;1;0.15
SSR_P;2014;110005246;110780137;N3120;1;;0.5
SSR_P;2014;110005246;110780137;NAUT;5;1;4.2
SSR_P;2014;110005246;110780137;NCINF;9;1;9.01
SSR_P;2014;110780186;110000072;M1010;2;;2
SSR_P;2014;110780186;110000072;N241P;1;1;1.5
SSR_P;2014;110780186;110000072;N2450;;1;0.2
SSR_P;2014;110780186;110000072;N2460;;1;0.5
SSR_P;2014;110780186;110000072;N2500;;9;7.84
SSR_P;2014;110780186;110000072;N2710;;1;0.26
SSR_P;2014;110780186;110000072;N3120;;1;0.5
SSR_P;2014;110780186;110000072;NAUT;;4;2.88
SSR_P;2014;110780186;110000072;NCINF;1;8;7.9
SSR_P;2014;110780194;110000080;M1010;2;2;2.64
SSR_P;2014;110780194;110000080;N241P;3;;2.2
SSR_P;2014;110780194;110000080;N2450;;1;0.8
SSR_P;2014;110780194;110000080;N2460;1;;1
SSR_P;2014;110780194;110000080;N2500;15;2;17.5
SSR_P;2014;110780194;110000080;N2710;;1;0.65
SSR_P;2014;110780194;110000080;N3120;;1;0.8
SSR_P;2014;110780194;110000080;NCINF;10;;10.95
SSR_P;2014;110780202;310021316;M1010;3;;3
SSR_P;2014;110780202;310021316;M1320;1;;1
SSR_P;2014;110780228;110000114;M1180;1;1;1.3
SSR_P;2014;110780228;110000114;N241P;1;4;3.63
SSR_P;2014;110780228;110000114;N2450;;1;0.1
SSR_P;2014;110780228;110000114;N2460;;1;0.54
SSR_P;2014;110780228;110000114;N2500;4;7;7.62
SSR_P;2014;110780228;110000114;N3120;;1;0.1
SSR_P;2014;110780228;110000114;NCINF;8;2;8.31
SSR_P;2014;110780236;110780707;N2460;1;1;1.57
SSR_P;2014;110780236;110780707;N2500;2;1;2.8
SSR_P;2014;110780236;110780707;N3120;;1;0.2
SSR_P;2014;110780236;110780707;NAUT;;1;1
SSR_P;2014;110780236;110780707;NCINF;1;1;1.8
SSR_P;2014;110786746;110786324;M1010;1;;1
SSR_P;2014;110786746;110786324;M1320;;1;0.8
SSR_P;2014;110786746;110786324;N241P;2;;1.39
SSR_P;2014;110786746;110786324;N2460;2;1;2.7
SSR_P;2014;110786746;110786324;N2470;1;;1
SSR_P;2014;110786746;110786324;N2500;21;6;20.11
SSR_P;2014;110786746;110786324;N2710;1;1;1.23
SSR_P;2014;110786746;110786324;N3120;1;;1
SSR_P;2014;110786746;110786324;NAUT;11;5;12.78
SSR_P;2014;110786746;110786324;NCINF;20;2;17.9
SSR_P;2014;120000039;120780044;M1010;4;;1.5
SSR_P;2014;120000039;120780044;M1190;2;;0.2
SSR_P;2014;120000039;120780044;MAUT;;1;0.5
SSR_P;2014;120000039;120780044;N241P;1;1;0.9
SSR_P;2014;120000039;120780044;N2460;;1;0.4
SSR_P;2014;120000039;120780044;N2500;18;3;17.97
SSR_P;2014;120000039;120780044;NAUT;4;1;3.72
SSR_P;2014;120000039;120780044;NCINF;11;3;12.84
SSR_P;2014;120000054;120780069;M1010;1;0;0.4
SSR_P;2014;120000054;120780069;M1180;0;1;0.83
SSR_P;2014;120000054;120780069;MAUT;1;0;1
SSR_P;2014;120000054;120780069;N241P;3;0;3.29
SSR_P;2014;120000054;120780069;N2500;11;2;12.68
SSR_P;2014;120000054;120780069;NAUT;4;2;5.69
SSR_P;2014;120000054;120780069;NCINF;10;3;11.62
SSR_P;2014;120000070;120780085;M1320;1;;1
SSR_P;2014;120000070;120780085;N241P;;1;0.5
SSR_P;2014;120000070;120780085;N2450;;1;0.1
SSR_P;2014;120000070;120780085;N2500;12;3;13.12
SSR_P;2014;120000070;120780085;N2710;;1;0.1
SSR_P;2014;120000070;120780085;N3120;;1;0.2
SSR_P;2014;120000070;120780085;NAUT;3;;3
SSR_P;2014;120000070;120780085;NCINF;8;2;9.54
SSR_P;2014;120000088;120780093;M1010;1;0;0.56
SSR_P;2014;120000088;120780093;N241P;1;0;0.5
SSR_P;2014;120000088;120780093;N2500;6;2;6.08
SSR_P;2014;120000088;120780093;N2710;0;1;0.24
SSR_P;2014;120000088;120780093;N3120;1;0;0.08
SSR_P;2014;120000088;120780093;NAUT;1;2;1.78
SSR_P;2014;120000088;120780093;NCINF;3;2;2.99
SSR_P;2014;120000096;120780101;M1010;1;0;1.07
SSR_P;2014;120000096;120780101;M1180;3;0;2.9
SSR_P;2014;120000096;120780101;N241P;9;1;9.82
SSR_P;2014;120000096;120780101;N2430;1;0;0.62
SSR_P;2014;120000096;120780101;N2460;3;1;4.04
SSR_P;2014;120000096;120780101;N2500;20;3;21.55
SSR_P;2014;120000096;120780101;N2710;0;1;0.64
SSR_P;2014;120000096;120780101;N3120;1;0;1
SSR_P;2014;120000096;120780101;NAUT;9;4;12.52
SSR_P;2014;120000096;120780101;NCINF;13;6;15.59
SSR_P;2014;120000153;120780291;M1320;1;;1
SSR_P;2014;120000153;120780291;N241P;1;;1
SSR_P;2014;120000153;120780291;N2450;;1;0.6
SSR_P;2014;120000153;120780291;N2500;15;3;17.2
SSR_P;2014;120000153;120780291;N2710;;1;0.3
SSR_P;2014;120000153;120780291;NAUT;7;;7
SSR_P;2014;120000153;120780291;NCINF;4;1;4.5
SSR_P;2014;120000237;120780481;M1010;0;1;0.3
SSR_P;2014;120000237;120780481;N241P;0;1;0.6
SSR_P;2014;120000237;120780481;N2500;9;4;10.69
SSR_P;2014;120000237;120780481;N2710;0;1;0.2
SSR_P;2014;120000237;120780481;NAUT;4;4;8.07
SSR_P;2014;120000237;120780481;NCINF;10;3;12.4
SSR_P;2014;120004569;120004528;M1320;3;;1.44
SSR_P;2014;120004569;120004528;N241P;1;2;2
SSR_P;2014;120004569;120004528;N2450;;1;0.09
SSR_P;2014;120004569;120004528;N2500;14;2;14.24
SSR_P;2014;120004569;120004528;NAUT;4;3;5.6
SSR_P;2014;120004569;120004528;NCINF;6;3;6.4
SSR_P;2014;120004668;120004619;M1320;1;1;0.9
SSR_P;2014;120004668;120004619;MAUT;;2;0.02
SSR_P;2014;120004668;120004619;N2500;12;5;14.77
SSR_P;2014;120004668;120004619;N2710;;1;0.03
SSR_P;2014;120004668;120004619;NAUT;3;;2.91
SSR_P;2014;120004668;120004619;NCINF;7;2;8.28
SSR_P;2014;120780135;120000104;M1320;3;;3.96
SSR_P;2014;120780135;120000104;MAUT;1;1;1.33
SSR_P;2014;120780135;120000104;N241P;2;2;3.29
SSR_P;2014;120780135;120000104;N2450;;3;1.88
SSR_P;2014;120780135;120000104;N2460;3;2;4.5
SSR_P;2014;120780135;120000104;N2500;40;5;38.47
SSR_P;2014;120780135;120000104;N2710;1;;1.14
SSR_P;2014;120780135;120000104;N310H;1;;1
SSR_P;2014;120780135;120000104;N3120;1;2;2.22
SSR_P;2014;120780135;120000104;NAUT;27;14;34.71
SSR_P;2014;120780135;120000104;NCINF;25;5;25.13
SSR_P;2014;120780143;120000112;M1010;1;3;1.7
SSR_P;2014;120780143;120000112;M1320;;1;0.18
SSR_P;2014;120780143;120000112;N241P;;4;1.8
SSR_P;2014;120780143;120000112;N2430;;1;0.2
SSR_P;2014;120780143;120000112;N2450;;1;0.8
SSR_P;2014;120780143;120000112;N2460;;2;0.6
SSR_P;2014;120780143;120000112;N2500;2;11;10.46
SSR_P;2014;120780143;120000112;N2710;;1;0.1
SSR_P;2014;120780143;120000112;N3120;;1;0.8
SSR_P;2014;120780143;120000112;NAUT;10;13;19.28
SSR_P;2014;120780143;120000112;NCINF;2;14;11.74
SSR_P;2014;120780325;120004528;M1320;;;0.5
SSR_P;2014;120780325;120004528;MAUT;;;0.42
SSR_P;2014;120780325;120004528;N2500;9;5;12.97
SSR_P;2014;120780325;120004528;NAUT;1;;0.08
SSR_P;2014;120780325;120004528;NCINF;5;3;8.92
SSR_P;2014;130000409;130041916;M1010;1;2;1.52
SSR_P;2014;130000409;130041916;M1180;1;2;1.82
SSR_P;2014;130000409;130041916;M1190;;1;0.5
SSR_P;2014;130000409;130041916;N241P;6;13;11.17
SSR_P;2014;130000409;130041916;N2430;1;1;1.17
SSR_P;2014;130000409;130041916;N2450;;8;0.66
SSR_P;2014;130000409;130041916;N2460;2;2;2.32
SSR_P;2014;130000409;130041916;N2470;1;;1
SSR_P;2014;130000409;130041916;N2500;30;8;34.34
SSR_P;2014;130000409;130041916;N2710;1;2;1.96
SSR_P;2014;130000409;130041916;N3120;;2;1
SSR_P;2014;130000409;130041916;NAUT;12;27;21.22
SSR_P;2014;130000409;130041916;NCINF;14;14;20.56
SSR_P;2014;130000516;130781339;M1010;4;;3.2
SSR_P;2014;130000516;130781339;M1190;1;;1
SSR_P;2014;130000516;130781339;MAUT;2;4;1.1
SSR_P;2014;130000516;130781339;N241P;3;;1.5
SSR_P;2014;130000516;130781339;N2430;1;;0.05
SSR_P;2014;130000516;130781339;N2500;10;3;11.8
SSR_P;2014;130000516;130781339;N310H;4;;1.05
SSR_P;2014;130000516;130781339;N3120;1;1;0.8
SSR_P;2014;130000516;130781339;NAUT;8;4;10.61
SSR_P;2014;130000516;130781339;NCINF;15;1;13.87
SSR_P;2014;130000565;130781446;M1010;1;;0.4
SSR_P;2014;130000565;130781446;M1320;2;;0.29
SSR_P;2014;130000565;130781446;N241P;;1;0.6
SSR_P;2014;130000565;130781446;N2460;;1;0.8
SSR_P;2014;130000565;130781446;N2500;10;11;11.98
SSR_P;2014;130000565;130781446;N2710;;1;0.8
SSR_P;2014;130000565;130781446;NAUT;;10;5.71
SSR_P;2014;130000565;130781446;NCINF;8;6;10.5
SSR_P;2014;130001225;130782634;M1010;1;;1
SSR_P;2014;130001225;130782634;M1320;1;;1
SSR_P;2014;130001225;130782634;N2460;;1;0.25
SSR_P;2014;130001225;130782634;N2500;9;5;5.66
SSR_P;2014;130001225;130782634;N310H;;1;0.5
SSR_P;2014;130001225;130782634;NCINF;9;4;4.89
SSR_P;2014;130001258;130028228;M1010;1;;1
SSR_P;2014;130001258;130028228;N241P;;2;0.95
SSR_P;2014;130001258;130028228;N2500;10;1;10.8
SSR_P;2014;130001258;130028228;NAUT;2;1;2.5
SSR_P;2014;130001258;130028228;NCINF;6;;6
SSR_P;2014;130002694;040000481;M1010;;1;0.35
SSR_P;2014;130002694;040000481;M1040;;7;1.37
SSR_P;2014;130002694;040000481;N241P;;1;0.3
SSR_P;2014;130002694;040000481;N2450;;1;0.3
SSR_P;2014;130002694;040000481;N2500;5;;5
SSR_P;2014;130002694;040000481;NCINF;5;1;4.78
SSR_P;2014;130002827;130789274;M1010;;3;0.85
SSR_P;2014;130002827;130789274;M1180;;1;0.4
SSR_P;2014;130002827;130789274;N241P;2;1;2.38
SSR_P;2014;130002827;130789274;N2460;;1;0.2
SSR_P;2014;130002827;130789274;N2500;33;7;22.55
SSR_P;2014;130002827;130789274;N2710;;1;0.05
SSR_P;2014;130002827;130789274;NAUT;4;2;3.32
SSR_P;2014;130002827;130789274;NCINF;21;6;15.37
SSR_P;2014;130008048;130043169;M1010;;3;2.16
SSR_P;2014;130008048;130043169;M1040;;1;0.13
SSR_P;2014;130008048;130043169;M1120;;1;0.08
SSR_P;2014;130008048;130043169;M1150;;1;0.08
SSR_P;2014;130008048;130043169;M1180;3;;3
SSR_P;2014;130008048;130043169;MAUT;;2;0.29
SSR_P;2014;130008048;130043169;N241P;9;1;8.49
SSR_P;2014;130008048;130043169;N2430;;2;0.85
SSR_P;2014;130008048;130043169;N2460;3;;3.12
SSR_P;2014;130008048;130043169;N2500;24;2;24.16
SSR_P;2014;130008048;130043169;N2710;;2;1.45
SSR_P;2014;130008048;130043169;N3120;1;1;1.5
SSR_P;2014;130008048;130043169;NAUT;3;2;4.57
SSR_P;2014;130008048;130043169;NCINF;13;3;13.96
SSR_P;2014;130008238;130044118;M1040;;2;0.2
SSR_P;2014;130008238;130044118;M1120;;2;0.1
SSR_P;2014;130008238;130044118;M1150;;1;0.1
SSR_P;2014;130008238;130044118;M1190;;1;0.05
SSR_P;2014;130008238;130044118;M1320;3;;3
SSR_P;2014;130008238;130044118;M3020;;1;0.15
SSR_P;2014;130008238;130044118;N241P;2;2;3
SSR_P;2014;130008238;130044118;N2430;;1;0.2
SSR_P;2014;130008238;130044118;N2450;;1;0.52
SSR_P;2014;130008238;130044118;N2460;;1;0.4
SSR_P;2014;130008238;130044118;N2470;;1;0.31
SSR_P;2014;130008238;130044118;N2500;20;1;20.66
SSR_P;2014;130008238;130044118;N2710;;1;0.5
SSR_P;2014;130008238;130044118;N3120;1;;1
SSR_P;2014;130008238;130044118;NAUT;15;5;18.3
SSR_P;2014;130008238;130044118;NCINF;14;1;14.66
SSR_P;2014;130035793;130013139;M1010;2;1;2.5
SSR_P;2014;130035793;130013139;M1180;;2;0.76
SSR_P;2014;130035793;130013139;N241P;4;;4
SSR_P;2014;130035793;130013139;N2450;;1;0.2
SSR_P;2014;130035793;130013139;N2460;1;1;1.5
SSR_P;2014;130035793;130013139;N2500;10;;10
SSR_P;2014;130035793;130013139;N3120;;1;0.5
SSR_P;2014;130035793;130013139;NCINF;8;3;9.9
SSR_P;2014;130042526;310021399;M1010;3;3;4.5
SSR_P;2014;130042526;310021399;M1040;;2;0.41
SSR_P;2014;130042526;310021399;M1120;;1;0.06
SSR_P;2014;130042526;310021399;M1150;2;4;3.4
SSR_P;2014;130042526;310021399;M1330;;1;0.06
SSR_P;2014;130042526;310021399;M3020;;1;0.15
SSR_P;2014;130042526;310021399;MAUT;;6;0.73
SSR_P;2014;130042526;310021399;N241P;8;4;9.8
SSR_P;2014;130042526;310021399;N2430;;5;3.4
SSR_P;2014;130042526;310021399;N2450;;2;1
SSR_P;2014;130042526;310021399;N2500;31;;31
SSR_P;2014;130042526;310021399;N2710;1;1;1.5
SSR_P;2014;130042526;310021399;N3120;1;;1
SSR_P;2014;130042526;310021399;NAUT;6;;6
SSR_P;2014;130042526;310021399;NCINF;32;2;33
SSR_P;2014;130043318;130043300;M1010;1;;0.25
SSR_P;2014;130043318;130043300;M1140;;3;1.75
SSR_P;2014;130043318;130043300;N2450;1;;1
SSR_P;2014;130043318;130043300;N2500;2;;2
SSR_P;2014;130043318;130043300;N2710;1;1;1.5
SSR_P;2014;130043318;130043300;N310H;9;1;9.8
SSR_P;2014;130043318;130043300;N3120;;1;0.5
SSR_P;2014;130043318;130043300;NAUT;1;1;1.5
SSR_P;2014;130043318;130043300;NCINF;8;2;9.4
SSR_P;2014;130043508;250002284;M1140;;1;0.03
SSR_P;2014;130043508;250002284;M1180;1;;1
SSR_P;2014;130043508;250002284;MAUT;;1;0.03
SSR_P;2014;130043508;250002284;N241P;3;;3
SSR_P;2014;130043508;250002284;N2430;;1;0.5
SSR_P;2014;130043508;250002284;N2450;;1;0.1
SSR_P;2014;130043508;250002284;N2460;;1;0.4
SSR_P;2014;130043508;250002284;N2470;;1;0.5
SSR_P;2014;130043508;250002284;N2500;1;;1.8
SSR_P;2014;130043508;250002284;N2710;;1;0.5
SSR_P;2014;130043508;250002284;N310H;;1;0.5
SSR_P;2014;130043508;250002284;N3120;;1;0.1
SSR_P;2014;130043508;250002284;NAUT;1;;1
SSR_P;2014;130043508;250002284;NCINF;2;;2
SSR_P;2014;130043854;130037815;M1010;1;;1
SSR_P;2014;130043854;130037815;M1180;2;1;2.49
SSR_P;2014;130043854;130037815;N241P;11;3;12.82
SSR_P;2014;130043854;130037815;N2430;;2;0.6
SSR_P;2014;130043854;130037815;N2460;4;1;4.72
SSR_P;2014;130043854;130037815;N2500;25;1;23.58
SSR_P;2014;130043854;130037815;N2710;;1;1
SSR_P;2014;130043854;130037815;N3120;;2;0.4
SSR_P;2014;130043854;130037815;NAUT;15;3;14.38
SSR_P;2014;130043854;130037815;NCINF;18;1;18.35
SSR_P;2014;130780083;130000060;M1010;1;;1.26
SSR_P;2014;130780083;130000060;M1040;;1;0.1
SSR_P;2014;130780083;130000060;M1070;;1;0.1
SSR_P;2014;130780083;130000060;M1120;;1;0.1
SSR_P;2014;130780083;130000060;M1320;3;;2.59
SSR_P;2014;130780083;130000060;M3020;;1;0.1
SSR_P;2014;130780083;130000060;N241P;;5;2.5
SSR_P;2014;130780083;130000060;N2430;;1;1.16
SSR_P;2014;130780083;130000060;N2450;1;;1
SSR_P;2014;130780083;130000060;N2460;1;;0.81
SSR_P;2014;130780083;130000060;N2470;1;;0.36
SSR_P;2014;130780083;130000060;N2500;22;8;26.46
SSR_P;2014;130780083;130000060;N2710;;1;0.68
SSR_P;2014;130780083;130000060;N3120;1;;1
SSR_P;2014;130780083;130000060;NAUT;6;13;17.4
SSR_P;2014;130780083;130000060;NCINF;13;7;18.46
SSR_P;2014;130781438;130000557;M1010;3;6;6.13
SSR_P;2014;130781438;130000557;M1120;;1;0.48
SSR_P;2014;130781438;130000557;M1180;4;1;4.5
SSR_P;2014;130781438;130000557;M3020;;1;0.03
SSR_P;2014;130781438;130000557;MAUT;1;;1
SSR_P;2014;130781438;130000557;N241P;20;5;22.35
SSR_P;2014;130781438;130000557;N2430;;2;1.27
SSR_P;2014;130781438;130000557;N2450;;1;0.62
SSR_P;2014;130781438;130000557;N2460;6;;6.59
SSR_P;2014;130781438;130000557;N2500;32;12;37.04
SSR_P;2014;130781438;130000557;N2710;;2;1.08
SSR_P;2014;130781438;130000557;N310H;1;2;2.75
SSR_P;2014;130781438;130000557;NAUT;13;16;23.62
SSR_P;2014;130781438;130000557;NCINF;22;7;25.09
SSR_P;2014;130781479;130000599;M1010;1;;0.5
SSR_P;2014;130781479;130000599;M1180;1;1;1.2
SSR_P;2014;130781479;130000599;N241P;6;2;6
SSR_P;2014;130781479;130000599;N2450;1;;1
SSR_P;2014;130781479;130000599;N2500;7;;7
SSR_P;2014;130781479;130000599;N2710;;1;1
SSR_P;2014;130781479;130000599;N310H;;1;1
SSR_P;2014;130781479;130000599;N3120;;1;1
SSR_P;2014;130781479;130000599;NAUT;;2;2
SSR_P;2014;130781479;130000599;NCINF;11;2;11
SSR_P;2014;130781768;130000763;M1010;1;3;3.39
SSR_P;2014;130781768;130000763;M1040;;1;0.1
SSR_P;2014;130781768;130000763;M1070;;1;0.1
SSR_P;2014;130781768;130000763;M1150;;1;0.1
SSR_P;2014;130781768;130000763;N241P;;2;1
SSR_P;2014;130781768;130000763;N2450;3;1;3.71
SSR_P;2014;130781768;130000763;N2500;4;;4
SSR_P;2014;130781768;130000763;N2710;;1;0.61
SSR_P;2014;130781768;130000763;N310H;1;1;1.11
SSR_P;2014;130781768;130000763;N3120;;1;0.5
SSR_P;2014;130781768;130000763;NCINF;11;3;13.11
SSR_P;2014;130781834;130000805;M1180;2;4;4.05
SSR_P;2014;130781834;130000805;N241P;24;5;26.7
SSR_P;2014;130781834;130000805;N2460;5;0;5
SSR_P;2014;130781834;130000805;N2500;8;2;9
SSR_P;2014;130781834;130000805;NAUT;1;0;1
SSR_P;2014;130781834;130000805;NCINF;7;0;7
SSR_P;2014;130781917;130000847;M1010;3;;3
SSR_P;2014;130781917;130000847;M1040;;2;0.2
SSR_P;2014;130781917;130000847;M1070;;2;0.27
SSR_P;2014;130781917;130000847;M1120;;1;0.1
SSR_P;2014;130781917;130000847;M1150;;1;0.1
SSR_P;2014;130781917;130000847;M1190;;1;0.1
SSR_P;2014;130781917;130000847;M3020;;1;0.1
SSR_P;2014;130781917;130000847;MAUT;;4;1.87
SSR_P;2014;130781917;130000847;N241P;1;4;3
SSR_P;2014;130781917;130000847;N2450;3;2;4.05
SSR_P;2014;130781917;130000847;N2500;7;8;8.09
SSR_P;2014;130781917;130000847;N2710;;1;0.47
SSR_P;2014;130781917;130000847;N310H;;4;0.79
SSR_P;2014;130781917;130000847;N3120;;1;0.6
SSR_P;2014;130781917;130000847;NAUT;;1;0.5
SSR_P;2014;130781917;130000847;NCINF;12;4;14.33
SSR_P;2014;130781925;750043994;M1010;3;3;5.4
SSR_P;2014;130781925;750043994;M1040;1;6;2.95
SSR_P;2014;130781925;750043994;M1150;;1;0.05
SSR_P;2014;130781925;750043994;N241P;3;3;4
SSR_P;2014;130781925;750043994;N2450;;1;0.5
SSR_P;2014;130781925;750043994;N2500;8;4;8.79
SSR_P;2014;130781925;750043994;N2710;;1;0.5
SSR_P;2014;130781925;750043994;N3120;;1;0.5
SSR_P;2014;130781925;750043994;NCINF;14;9;18
SSR_P;2014;130782071;130002454;M1010;;1;0.5
SSR_P;2014;130782071;130002454;M1320;1;;1
SSR_P;2014;130782071;130002454;N241P;;4;2.5
SSR_P;2014;130782071;130002454;N2450;;2;0.4
SSR_P;2014;130782071;130002454;N2500;8;3;9.42
SSR_P;2014;130782071;130002454;N3120;;1;0.42
SSR_P;2014;130782071;130002454;NAUT;2;3;4.4
SSR_P;2014;130782071;130002454;NCINF;10;;10
SSR_P;2014;130782097;130000938;M1010;;2;0.77
SSR_P;2014;130782097;130000938;M1120;;1;0.05
SSR_P;2014;130782097;130000938;M1320;1;2;2.31
SSR_P;2014;130782097;130000938;MAUT;;1;0.53
SSR_P;2014;130782097;130000938;N241P;;6;3.95
SSR_P;2014;130782097;130000938;N2450;1;;0.85
SSR_P;2014;130782097;130000938;N2500;17;3;18.96
SSR_P;2014;130782097;130000938;N2710;;1;0.08
SSR_P;2014;130782097;130000938;N3120;;1;0.19
SSR_P;2014;130782097;130000938;NAUT;;1;0.34
SSR_P;2014;130782097;130000938;NCINF;10;5;13.94
SSR_P;2014;130782303;920000395;M1010;2;0;2
SSR_P;2014;130782303;920000395;M1040;;1;0.1
SSR_P;2014;130782303;920000395;M1150;;1;0.1
SSR_P;2014;130782303;920000395;M1180;1;;1
SSR_P;2014;130782303;920000395;M3020;;1;0.05
SSR_P;2014;130782303;920000395;N241P;3;2;4
SSR_P;2014;130782303;920000395;N2430;;2;0.3
SSR_P;2014;130782303;920000395;N2460;2;2;2
SSR_P;2014;130782303;920000395;N3120;;1;0.5
SSR_P;2014;130782303;920000395;NCINF;9;0;9
SSR_P;2014;130782444;130001100;M1010;2;1;2
SSR_P;2014;130782444;130001100;M1040;;1;0.15
SSR_P;2014;130782444;130001100;M1070;1;;0.83
SSR_P;2014;130782444;130001100;M1120;;1;0.1
SSR_P;2014;130782444;130001100;M1150;;1;0.2
SSR_P;2014;130782444;130001100;M1320;1;;1
SSR_P;2014;130782444;130001100;M3020;;1;0.1
SSR_P;2014;130782444;130001100;MAUT;;3;0.65
SSR_P;2014;130782444;130001100;N241P;;5;2.8
SSR_P;2014;130782444;130001100;N2430;;1;0.3
SSR_P;2014;130782444;130001100;N2450;2;;1.13
SSR_P;2014;130782444;130001100;N2460;;1;0.74
SSR_P;2014;130782444;130001100;N2500;14;2;13.6
SSR_P;2014;130782444;130001100;N2710;;2;1
SSR_P;2014;130782444;130001100;N310H;2;;2
SSR_P;2014;130782444;130001100;N3120;;1;0.37
SSR_P;2014;130782444;130001100;NAUT;39;23;51.63
SSR_P;2014;130782444;130001100;NCINF;17;2;17.06
SSR_P;2014;130782451;130001118;M1010;2;2;3.4
SSR_P;2014;130782451;130001118;M1040;;2;0.2
SSR_P;2014;130782451;130001118;M1070;;1;0.6
SSR_P;2014;130782451;130001118;M1150;;1;0.2
SSR_P;2014;130782451;130001118;M3020;;1;0.1
SSR_P;2014;130782451;130001118;MAUT;;2;0.23
SSR_P;2014;130782451;130001118;N241P;;8;4.11
SSR_P;2014;130782451;130001118;N2430;;1;0.5
SSR_P;2014;130782451;130001118;N2450;1;2;1.76
SSR_P;2014;130782451;130001118;N2460;1;;1
SSR_P;2014;130782451;130001118;N2500;16;5;18.75
SSR_P;2014;130782451;130001118;N2710;;1;0.66
SSR_P;2014;130782451;130001118;N3120;1;;1
SSR_P;2014;130782451;130001118;NAUT;32;17;41.26
SSR_P;2014;130782451;130001118;NCINF;20;;20
SSR_P;2014;130782493;130001134;M1010;;2;0.6
SSR_P;2014;130782493;130001134;M1040;;1;0.1
SSR_P;2014;130782493;130001134;M1070;;1;0.7
SSR_P;2014;130782493;130001134;M3020;;1;0.25
SSR_P;2014;130782493;130001134;N241P;1;;1
SSR_P;2014;130782493;130001134;N2450;;5;4
SSR_P;2014;130782493;130001134;N2500;;2;1.6
SSR_P;2014;130782493;130001134;N2710;1;;1
SSR_P;2014;130782493;130001134;N310H;1;;1
SSR_P;2014;130782493;130001134;N3120;;1;0.2
SSR_P;2014;130782493;130001134;NCINF;8;;8
SSR_P;2014;130783152;130001365;M1010;;6;1.86
SSR_P;2014;130783152;130001365;M1040;;;0.05
SSR_P;2014;130783152;130001365;M1120;;;0.05
SSR_P;2014;130783152;130001365;M1180;;1;0.2
SSR_P;2014;130783152;130001365;MAUT;;1;0.3
SSR_P;2014;130783152;130001365;N241P;;2;1
SSR_P;2014;130783152;130001365;N2430;;1;0.15
SSR_P;2014;130783152;130001365;N2450;;1;0.18
SSR_P;2014;130783152;130001365;N2460;;1;0.01
SSR_P;2014;130783152;130001365;N2470;;1;0.1
SSR_P;2014;130783152;130001365;N2500;16;3;14.5
SSR_P;2014;130783152;130001365;N2710;;4;0.8
SSR_P;2014;130783152;130001365;N3120;;2;0.5
SSR_P;2014;130783152;130001365;NCINF;16;5;14.12
SSR_P;2014;130783665;130043722;M1010;;5;0.2
SSR_P;2014;130783665;130043722;M1040;;1;0.01
SSR_P;2014;130783665;130043722;M1070;;1;0.01
SSR_P;2014;130783665;130043722;M1120;;1;0.01
SSR_P;2014;130783665;130043722;M1140;;1;0.01
SSR_P;2014;130783665;130043722;M1150;;1;0.01
SSR_P;2014;130783665;130043722;M1180;;1;0.02
SSR_P;2014;130783665;130043722;M1190;;1;0.01
SSR_P;2014;130783665;130043722;M1320;;1;0.01
SSR_P;2014;130783665;130043722;M1330;;1;0.05
SSR_P;2014;130783665;130043722;M3020;;1;0.01
SSR_P;2014;130783665;130043722;MAUT;;1;0.01
SSR_P;2014;130783665;130043722;N241P;;2;0.05
SSR_P;2014;130783665;130043722;N2430;;1;0.01
SSR_P;2014;130783665;130043722;N2450;;1;0.05
SSR_P;2014;130783665;130043722;N2500;;5;1.06
SSR_P;2014;130783665;130043722;N2710;;1;0.05
SSR_P;2014;130783665;130043722;N3120;;1;0.2
SSR_P;2014;130783665;130043722;NAUT;;3;0.5
SSR_P;2014;130783665;130043722;NCINF;;11;3.25
SSR_P;2014;130783830;130001514;M1040;0;1;0.1
SSR_P;2014;130783830;130001514;M1120;0;1;0.1
SSR_P;2014;130783830;130001514;M1180;0;1;0.1
SSR_P;2014;130783830;130001514;M1320;0;2;1
SSR_P;2014;130783830;130001514;M3020;0;1;0.1
SSR_P;2014;130783830;130001514;N241P;0;1;0.5
SSR_P;2014;130783830;130001514;N2430;0;1;0.1
SSR_P;2014;130783830;130001514;N2450;0;1;0.3
SSR_P;2014;130783830;130001514;N2500;4;0;4
SSR_P;2014;130783830;130001514;N2710;1;0;1
SSR_P;2014;130783830;130001514;N3120;0;1;0.5
SSR_P;2014;130783830;130001514;NCINF;4;0;4
SSR_P;2014;130783871;130001548;M1010;5;9;7.2
SSR_P;2014;130783871;130001548;M1040;;1;0.23
SSR_P;2014;130783871;130001548;M1180;3;1;2.05
SSR_P;2014;130783871;130001548;M3020;;1;0.03
SSR_P;2014;130783871;130001548;MAUT;;1;0.75
SSR_P;2014;130783871;130001548;N241P;19;3;17.17
SSR_P;2014;130783871;130001548;N2430;;1;0.24
SSR_P;2014;130783871;130001548;N2450;;1;0.91
SSR_P;2014;130783871;130001548;N2460;3;;3
SSR_P;2014;130783871;130001548;N2500;19;9;21.31
SSR_P;2014;130783871;130001548;N2710;;2;0.44
SSR_P;2014;130783871;130001548;N3120;1;;1
SSR_P;2014;130783871;130001548;NAUT;7;3;5.94
SSR_P;2014;130783871;130001548;NCINF;18;9;16.6
SSR_P;2014;130784051;130037823;M1040;1;;1
SSR_P;2014;130784051;130037823;N241P;;4;0.76
SSR_P;2014;130784051;130037823;N2500;4;1;3.62
SSR_P;2014;130784051;130037823;N3120;1;;0.95
SSR_P;2014;130784051;130037823;NCINF;5;1;4.75
SSR_P;2014;130784234;130786049;M1010;2;1;2.2
SSR_P;2014;130784234;130786049;M1180;1;0;1
SSR_P;2014;130784234;130786049;MAUT;1;0;0.1
SSR_P;2014;130784234;130786049;N241P;4;0;4
SSR_P;2014;130784234;130786049;N2430;0;1;0.6
SSR_P;2014;130784234;130786049;N2500;26;3;32.21
SSR_P;2014;130784234;130786049;N2710;1;0;1
SSR_P;2014;130784234;130786049;NAUT;8;0;9.92
SSR_P;2014;130784234;130786049;NCINF;19;2;23.62
SSR_P;2014;130784580;750043994;M1010;3;;3
SSR_P;2014;130784580;750043994;M1320;1;;1
SSR_P;2014;130784580;750043994;MAUT;;1;0.7
SSR_P;2014;130784580;750043994;N241P;;8;4
SSR_P;2014;130784580;750043994;N2450;;1;0.5
SSR_P;2014;130784580;750043994;N2500;13;2;14.5
SSR_P;2014;130784580;750043994;N2710;;1;0.54
SSR_P;2014;130784580;750043994;N3120;;1;0.5
SSR_P;2014;130784580;750043994;NAUT;26;1;26.3
SSR_P;2014;130784580;750043994;NCINF;9;7;12.87
SSR_P;2014;130784598;130001852;M1010;5;6;7.53
SSR_P;2014;130784598;130001852;M1040;;1;0.13
SSR_P;2014;130784598;130001852;M1120;;1;0.03
SSR_P;2014;130784598;130001852;M1150;;1;0.1
SSR_P;2014;130784598;130001852;M1180;3;3;4.95
SSR_P;2014;130784598;130001852;MAUT;;3;1
SSR_P;2014;130784598;130001852;N241P;22;1;21.22
SSR_P;2014;130784598;130001852;N2430;2;5;4.16
SSR_P;2014;130784598;130001852;N2460;7;4;8.96
SSR_P;2014;130784598;130001852;N2470;1;;1
SSR_P;2014;130784598;130001852;N2500;46;28;68.93
SSR_P;2014;130784598;130001852;N2710;;3;2.16
SSR_P;2014;130784598;130001852;N310H;;4;2.69
SSR_P;2014;130784598;130001852;N3120;2;2;3.07
SSR_P;2014;130784598;130001852;NAUT;64;16;80.44
SSR_P;2014;130784598;130001852;NCINF;36;6;39.22
SSR_P;2014;130784812;130001985;M1010;;6;2.23
SSR_P;2014;130784812;130001985;M1120;;1;0.12
SSR_P;2014;130784812;130001985;M3020;;3;0.35
SSR_P;2014;130784812;130001985;MAUT;;2;0.5
SSR_P;2014;130784812;130001985;N241P;;1;0.4
SSR_P;2014;130784812;130001985;N2460;0;0;0.1
SSR_P;2014;130784812;130001985;N2500;2;;2.09
SSR_P;2014;130784812;130001985;N2710;1;2;2.01
SSR_P;2014;130784812;130001985;N310H;;1;0.62
SSR_P;2014;130784812;130001985;N3120;;1;0.68
SSR_P;2014;130784812;130001985;NCINF;9;5;10.66
SSR_P;2014;130784903;130002041;M1010;;4;2.12
SSR_P;2014;130784903;130002041;N241P;;3;1.5
SSR_P;2014;130784903;130002041;N2430;;1;0.1
SSR_P;2014;130784903;130002041;N2450;;1;0.3
SSR_P;2014;130784903;130002041;N2500;4;4;5.9
SSR_P;2014;130784903;130002041;N2710;;1;0.2
SSR_P;2014;130784903;130002041;N3120;;1;0.15
SSR_P;2014;130784903;130002041;NCINF;3;5;5.48
SSR_P;2014;130784911;750052375;M1010;2;;2
SSR_P;2014;130784911;750052375;M1320;1;;1
SSR_P;2014;130784911;750052375;N241P;;4;1.63
SSR_P;2014;130784911;750052375;N2430;;1;0.5
SSR_P;2014;130784911;750052375;N2450;;1;0.26
SSR_P;2014;130784911;750052375;N2460;;1;0.48
SSR_P;2014;130784911;750052375;N2500;13;2;14.76
SSR_P;2014;130784911;750052375;N2710;;1;0.43
SSR_P;2014;130784911;750052375;N3120;;1;0.5
SSR_P;2014;130784911;750052375;NCINF;12;4;12.26
SSR_P;2014;130784952;130014228;M1010;;3;1.56
SSR_P;2014;130784952;130014228;N241P;1;;1
SSR_P;2014;130784952;130014228;N2450;1;;1
SSR_P;2014;130784952;130014228;N2500;7;2;7.24
SSR_P;2014;130784952;130014228;NAUT;22;;16.79
SSR_P;2014;130784952;130014228;NCINF;11;1;9.54
SSR_P;2014;130785389;130002173;M1040;;6;0.5
SSR_P;2014;130785389;130002173;M1180;1;1;1.5
SSR_P;2014;130785389;130002173;M1190;;1;0.1
SSR_P;2014;130785389;130002173;N241P;5;;5
SSR_P;2014;130785389;130002173;N2450;;1;0.33
SSR_P;2014;130785389;130002173;N2460;;;1
SSR_P;2014;130785389;130002173;N2500;4;1;4.8
SSR_P;2014;130785389;130002173;NAUT;1;;1
SSR_P;2014;130785389;130002173;NCINF;7;1;7.8
SSR_P;2014;130785462;130002207;M1010;;3;1.83
SSR_P;2014;130785462;130002207;M1040;;1;0.23
SSR_P;2014;130785462;130002207;M1120;;1;0.12
SSR_P;2014;130785462;130002207;M1320;;1;0.69
SSR_P;2014;130785462;130002207;N241P;;10;4.1
SSR_P;2014;130785462;130002207;N2430;;2;0.26
SSR_P;2014;130785462;130002207;N2450;;1;0.52
SSR_P;2014;130785462;130002207;N2500;19;12;28.92
SSR_P;2014;130785462;130002207;N3120;;1;0.61
SSR_P;2014;130785462;130002207;NCINF;10;9;18.17
SSR_P;2014;130785975;310021340;M1040;;1;0.1
SSR_P;2014;130785975;310021340;M1120;;1;0.1
SSR_P;2014;130785975;310021340;M1150;;1;0.1
SSR_P;2014;130785975;310021340;M1320;2;1;2.43
SSR_P;2014;130785975;310021340;MAUT;;1;0.71
SSR_P;2014;130785975;310021340;N241P;;4;2
SSR_P;2014;130785975;310021340;N2430;;3;0.2
SSR_P;2014;130785975;310021340;N2460;;1;0.8
SSR_P;2014;130785975;310021340;N2500;16;;16
SSR_P;2014;130785975;310021340;N2710;;1;0.67
SSR_P;2014;130785975;310021340;N3120;;1;0.8
SSR_P;2014;130785975;310021340;NAUT;;2;0.33
SSR_P;2014;130785975;310021340;NCINF;17;;17
SSR_P;2014;130785983;130002306;M1010;3;4;4.54
SSR_P;2014;130785983;130002306;M1040;;1;0.2
SSR_P;2014;130785983;130002306;M1070;;1;0.46
SSR_P;2014;130785983;130002306;M1120;;1;0.1
SSR_P;2014;130785983;130002306;M1150;;1;0.1
SSR_P;2014;130785983;130002306;M1180;;1;0.1
SSR_P;2014;130785983;130002306;M3020;;1;0.2
SSR_P;2014;130785983;130002306;MAUT;1;;1
SSR_P;2014;130785983;130002306;N241P;;8;5.16
SSR_P;2014;130785983;130002306;N2430;;1;0.1
SSR_P;2014;130785983;130002306;N2450;2;2;3.23
SSR_P;2014;130785983;130002306;N2500;17;3;22.94
SSR_P;2014;130785983;130002306;N2710;;1;0.23
SSR_P;2014;130785983;130002306;N3120;;1;0.8
SSR_P;2014;130785983;130002306;NAUT;57;15;66.4
SSR_P;2014;130785983;130002306;NCINF;18;7;25.92
SSR_P;2014;130786023;130002330;M1010;1;1;1.8
SSR_P;2014;130786023;130002330;M1180;;2;0.7
SSR_P;2014;130786023;130002330;N241P;2;3;3.5
SSR_P;2014;130786023;130002330;N2460;2;;2
SSR_P;2014;130786023;130002330;N2500;12;1;12.5
SSR_P;2014;130786023;130002330;N2710;;1;0.1
SSR_P;2014;130786023;130002330;N3120;;1;0.5
SSR_P;2014;130786023;130002330;NAUT;1;;1
SSR_P;2014;130786023;130002330;NCINF;12;3;14
SSR_P;2014;130786296;130002421;M1010;1;2;2.08
SSR_P;2014;130786296;130002421;M1040;;1;0.1
SSR_P;2014;130786296;130002421;M1120;;2;0.04
SSR_P;2014;130786296;130002421;M1320;;2;1.35
SSR_P;2014;130786296;130002421;M3020;;2;0.04
SSR_P;2014;130786296;130002421;MAUT;;1;0.2
SSR_P;2014;130786296;130002421;N241P;;5;3.2
SSR_P;2014;130786296;130002421;N2430;;2;0.5
SSR_P;2014;130786296;130002421;N2450;;1;0.5
SSR_P;2014;130786296;130002421;N2470;;1;0.5
SSR_P;2014;130786296;130002421;N2500;16;16;19.9
SSR_P;2014;130786296;130002421;N2710;;1;0.37
SSR_P;2014;130786296;130002421;N3120;;2;0.8
SSR_P;2014;130786296;130002421;NCINF;13;13;14.67
SSR_P;2014;130786742;750821092;M1180;4;0;2.25
SSR_P;2014;130786742;750821092;N241P;10;;7.82
SSR_P;2014;130786742;750821092;N2430;0;1;0.5
SSR_P;2014;130786742;750821092;N2450;0;1;0.1
SSR_P;2014;130786742;750821092;N2460;1;1;1.55
SSR_P;2014;130786742;750821092;N2500;10;0;6.38
SSR_P;2014;130786742;750821092;N3120;1;0;0.33
SSR_P;2014;130786742;750821092;NAUT;8;0;4.84
SSR_P;2014;130786742;750821092;NCINF;12;0;6.09
SSR_P;2014;130786924;130037815;M1010;1;1;1.49
SSR_P;2014;130786924;130037815;M1180;4;1;4.13
SSR_P;2014;130786924;130037815;N241P;17;3;18.74
SSR_P;2014;130786924;130037815;N2430;;2;1.62
SSR_P;2014;130786924;130037815;N2450;;1;0.8
SSR_P;2014;130786924;130037815;N2460;5;3;7.26
SSR_P;2014;130786924;130037815;N2500;48;7;51.56
SSR_P;2014;130786924;130037815;N2710;;3;1.59
SSR_P;2014;130786924;130037815;N310H;2;1;2.5
SSR_P;2014;130786924;130037815;N3120;2;;1.6
SSR_P;2014;130786924;130037815;NAUT;18;7;21.67
SSR_P;2014;130786924;130037815;NCINF;25;4;27.96
SSR_P;2014;130786932;130002660;M1010;;2;1.02
SSR_P;2014;130786932;130002660;M1150;1;;1
SSR_P;2014;130786932;130002660;M1180;1;1;1.64
SSR_P;2014;130786932;130002660;M1190;;1;0.6
SSR_P;2014;130786932;130002660;MAUT;;2;1.2
SSR_P;2014;130786932;130002660;N241P;13;1;13.91
SSR_P;2014;130786932;130002660;N2430;;1;0.5
SSR_P;2014;130786932;130002660;N2460;4;;4
SSR_P;2014;130786932;130002660;N2470;1;;1
SSR_P;2014;130786932;130002660;N2500;18;2;18.05
SSR_P;2014;130786932;130002660;N2710;;1;0.25
SSR_P;2014;130786932;130002660;N310H;2;;2
SSR_P;2014;130786932;130002660;N3120;1;;1
SSR_P;2014;130786932;130002660;NAUT;8;2;9.3
SSR_P;2014;130786932;130002660;NCINF;13;1;13.63
SSR_P;2014;130787369;130002777;M1010;;1;0.2
SSR_P;2014;130787369;130002777;M1180;;4;1.4
SSR_P;2014;130787369;130002777;M1190;;1;0.4
SSR_P;2014;130787369;130002777;MAUT;;1;0.13
SSR_P;2014;130787369;130002777;N241P;7;11;14
SSR_P;2014;130787369;130002777;N2430;;1;0.7
SSR_P;2014;130787369;130002777;N2460;3;;3
SSR_P;2014;130787369;130002777;N2710;;1;0.5
SSR_P;2014;130787369;130002777;N310H;1;;1
SSR_P;2014;130787369;130002777;N3120;;1;0.5
SSR_P;2014;130787369;130002777;NAUT;20;;22.37
SSR_P;2014;130787369;130002777;NCINF;1;;1
SSR_P;2014;130789159;750043994;M1010;1;1;1
SSR_P;2014;130789159;750043994;M1040;1;8;5.66
SSR_P;2014;130789159;750043994;M1150;;1;0.3
SSR_P;2014;130789159;750043994;N2450;;1;0.8
SSR_P;2014;130789159;750043994;N2500;21;3;21
SSR_P;2014;130789159;750043994;NAUT;43;1;39.8
SSR_P;2014;130789159;750043994;NCINF;22;4;18
SSR_P;2014;130789357;130002843;M1010;1;8;4
SSR_P;2014;130789357;130002843;M1040;;1;0.1
SSR_P;2014;130789357;130002843;M1180;7;;7
SSR_P;2014;130789357;130002843;M3020;;1;0.1
SSR_P;2014;130789357;130002843;N241P;24;2;25.8
SSR_P;2014;130789357;130002843;N2430;;1;0.5
SSR_P;2014;130789357;130002843;N2450;1;1;1.2
SSR_P;2014;130789357;130002843;N2460;1;3;3.52
SSR_P;2014;130789357;130002843;N2500;35;5;38.44
SSR_P;2014;130789357;130002843;N2710;;1;0.1
SSR_P;2014;130789357;130002843;N310H;1;;1
SSR_P;2014;130789357;130002843;N3120;;1;0.35
SSR_P;2014;130789357;130002843;NAUT;5;;5
SSR_P;2014;130789357;130002843;NCINF;14;10;19.8
SSR_P;2014;130790157;130789316;M1010;0;2;0.8
SSR_P;2014;130790157;130789316;M1320;0;2;1.4
SSR_P;2014;130790157;130789316;N241P;1;0;0.42
SSR_P;2014;130790157;130789316;N2500;15;5;18.09
SSR_P;2014;130790157;130789316;N2710;0;1;0.8
SSR_P;2014;130790157;130789316;NAUT;6;3;7.9
SSR_P;2014;130790157;130789316;NCINF;11;4;12.96
SSR_P;2014;130809015;130001928;M1010;1;4;3.8
SSR_P;2014;130809015;130001928;M1180;;1;0.6
SSR_P;2014;130809015;130001928;N241P;1;1;1.4
SSR_P;2014;130809015;130001928;N2430;;1;0.5
SSR_P;2014;130809015;130001928;N2460;;2;1
SSR_P;2014;130809015;130001928;N2500;17;1;17.8
SSR_P;2014;130809015;130001928;N3120;;3;1.3
SSR_P;2014;130809015;130001928;NAUT;9;1;9.5
SSR_P;2014;130809015;130001928;NCINF;10;2;10.7
SSR_P;2014;130809981;920000395;M1010;1;1;1.57
SSR_P;2014;130809981;920000395;M1180;1;1;1.54
SSR_P;2014;130809981;920000395;M1320;;1;0.2
SSR_P;2014;130809981;920000395;N241P;0;8;5.21
SSR_P;2014;130809981;920000395;N2450;0;1;0.8
SSR_P;2014;130809981;920000395;N2460;3;0;3
SSR_P;2014;130809981;920000395;N2500;15;1;15.75
SSR_P;2014;130809981;920000395;N2710;0;1;0.32
SSR_P;2014;130809981;920000395;N3120;0;1;0.8
SSR_P;2014;130809981;920000395;NAUT;19;4;21.58
SSR_P;2014;130809981;920000395;NCINF;8;5;11.55
SSR_P;2014;140000027;140000035;M1010;1;0;1
SSR_P;2014;140000027;140000035;M1320;1;0;0.9
SSR_P;2014;140000027;140000035;N241P;6;2;6.25
SSR_P;2014;140000027;140000035;N2430;1;0;0.2
SSR_P;2014;140000027;140000035;N2450;1;0;0.3
SSR_P;2014;140000027;140000035;N2460;2;0;0.73
SSR_P;2014;140000027;140000035;N2500;11;7;17
SSR_P;2014;140000027;140000035;N2710;1;0;0.8
SSR_P;2014;140000027;140000035;N3120;1;0;0.3
SSR_P;2014;140000027;140000035;NAUT;2;1;2.74
SSR_P;2014;140000027;140000035;NCINF;6;4;9.03
SSR_P;2014;140000076;140000084;M1010;;1;0.59
SSR_P;2014;140000076;140000084;M1180;3;2;3.61
SSR_P;2014;140000076;140000084;N241P;7;2;7.39
SSR_P;2014;140000076;140000084;N2430;1;1;1.78
SSR_P;2014;140000076;140000084;N2450;;2;0.74
SSR_P;2014;140000076;140000084;N2460;2;2;3.48
SSR_P;2014;140000076;140000084;N2500;18;11;23.83
SSR_P;2014;140000076;140000084;N2710;2;1;2.13
SSR_P;2014;140000076;140000084;N310H;1;;1
SSR_P;2014;140000076;140000084;N3120;;2;2.1
SSR_P;2014;140000076;140000084;NAUT;8;4;11.1
SSR_P;2014;140000076;140000084;NCINF;11;14;18.54
SSR_P;2014;140000209;140000100;M1180;3;3;3.04
SSR_P;2014;140000209;140000100;MAUT;1;;0.05
SSR_P;2014;140000209;140000100;N241P;2;;2
SSR_P;2014;140000209;140000100;N2430;1;;0.8
SSR_P;2014;140000209;140000100;N2460;2;;1.5
SSR_P;2014;140000209;140000100;N2500;8;3;7.52
SSR_P;2014;140000209;140000100;N2710;;2;0.5
SSR_P;2014;140000209;140000100;NAUT;8;1;6.74
SSR_P;2014;140000209;140000100;NCINF;4;4;6.55
SSR_P;2014;140000233;140000118;M1010;2;;2
SSR_P;2014;140000233;140000118;M1320;;1;0.5
SSR_P;2014;140000233;140000118;N241P;1;5;2.8
SSR_P;2014;140000233;140000118;N2460;;2;1.7
SSR_P;2014;140000233;140000118;N2500;;15;10.35
SSR_P;2014;140000233;140000118;N3120;;1;0.3
SSR_P;2014;140000233;140000118;NAUT;;5;4.28
SSR_P;2014;140000233;140000118;NCINF;;11;6.63
SSR_P;2014;140000241;140026279;M1010;1;;1
SSR_P;2014;140000241;140026279;M1320;1;;0.5
SSR_P;2014;140000241;140026279;MAUT;1;;0.82
SSR_P;2014;140000241;140026279;N241P;1;;0.36
SSR_P;2014;140000241;140026279;N2450;1;;1
SSR_P;2014;140000241;140026279;N2460;1;;0.5
SSR_P;2014;140000241;140026279;N2500;27;;22.44
SSR_P;2014;140000241;140026279;N2710;1;;0.47
SSR_P;2014;140000241;140026279;N310H;1;;0.49
SSR_P;2014;140000241;140026279;N3120;1;;0.3
SSR_P;2014;140000241;140026279;NAUT;7;;5.13
SSR_P;2014;140000241;140026279;NCINF;20;;17.54
SSR_P;2014;140000308;140000134;M1180;2;2;3.4
SSR_P;2014;140000308;140000134;N241P;2;2;3.5
SSR_P;2014;140000308;140000134;N2460;2;;2
SSR_P;2014;140000308;140000134;N2500;29;9;37.15
SSR_P;2014;140000308;140000134;N2710;;1;0.48
SSR_P;2014;140000308;140000134;N3120;1;;1
SSR_P;2014;140000308;140000134;NAUT;14;4;14.08
SSR_P;2014;140000308;140000134;NCINF;15;9;21.22
SSR_P;2014;140000340;140025800;M1010;1;1;1.7
SSR_P;2014;140000340;140025800;M1180;;1;0.45
SSR_P;2014;140000340;140025800;M1320;1;;1
SSR_P;2014;140000340;140025800;N241P;1;2;3.3
SSR_P;2014;140000340;140025800;N2450;;1;0.4
SSR_P;2014;140000340;140025800;N2500;16;11;24.78
SSR_P;2014;140000340;140025800;N3120;;1;1.5
SSR_P;2014;140000340;140025800;NAUT;7;9;12.25
SSR_P;2014;140000340;140025800;NCINF;12;6;17.87
SSR_P;2014;140000373;140000159;M1320;1;;0.99
SSR_P;2014;140000373;140000159;N2500;5;5;9.79
SSR_P;2014;140000373;140000159;N2710;1;1;0.67
SSR_P;2014;140000373;140000159;NAUT;2;;1.54
SSR_P;2014;140000373;140000159;NCINF;6;2;7
SSR_P;2014;140002239;140000415;M1120;0;1;0.5
SSR_P;2014;140002239;140000415;M1180;3;0;3
SSR_P;2014;140002239;140000415;N241P;10;1;10.8
SSR_P;2014;140002239;140000415;N2430;0;1;0.5
SSR_P;2014;140002239;140000415;N2450;0;1;0.1
SSR_P;2014;140002239;140000415;N2460;4;0;4
SSR_P;2014;140002239;140000415;N2500;7;1;7.78
SSR_P;2014;140002239;140000415;N2710;0;1;0.2
SSR_P;2014;140002239;140000415;N310H;3;0;3
SSR_P;2014;140002239;140000415;N3120;0;1;0.8
SSR_P;2014;140002239;140000415;NCINF;9;0;9
SSR_P;2014;140002452;140025800;M1040;;3;1.5
SSR_P;2014;140002452;140025800;N241P;1;;1
SSR_P;2014;140002452;140025800;N2450;;1;0.4
SSR_P;2014;140002452;140025800;N2710;;1;0.2
SSR_P;2014;140002452;140025800;N310H;;2;1
SSR_P;2014;140002452;140025800;NAUT;1;;1
SSR_P;2014;140002452;140025800;NCINF;2;1;2.05
SSR_P;2014;140015975;310021092;M1010;;1;0.8
SSR_P;2014;140015975;310021092;M1320;;3;0.77
SSR_P;2014;140015975;310021092;MAUT;;1;0.4
SSR_P;2014;140015975;310021092;N2500;8;;9.73
SSR_P;2014;140015975;310021092;N2710;;1;0.06
SSR_P;2014;140015975;310021092;N3120;;1;0.5
SSR_P;2014;140015975;310021092;NAUT;2;25;14.67
SSR_P;2014;140015975;310021092;NCINF;6;3;8.87
SSR_P;2014;140017278;610787285;M1010;2;;2
SSR_P;2014;140017278;610787285;M1180;1;1;1.8
SSR_P;2014;140017278;610787285;N241P;14;3;15.1
SSR_P;2014;140017278;610787285;N2430;1;;1
SSR_P;2014;140017278;610787285;N2450;0;1;0.2
SSR_P;2014;140017278;610787285;N2460;8;3;9.84
SSR_P;2014;140017278;610787285;N2500;4;;4
SSR_P;2014;140017278;610787285;N2710;1;;1
SSR_P;2014;140017278;610787285;N310H;1;1;1.08
SSR_P;2014;140017278;610787285;N3120;0;1;0.58
SSR_P;2014;140017278;610787285;NCINF;1;1;2.06
SSR_P;2014;140019175;930019484;M1010;;1;0.32
SSR_P;2014;140019175;930019484;M1180;;1;0.21
SSR_P;2014;140019175;930019484;N241P;2;;1.19
SSR_P;2014;140019175;930019484;N2430;;1;0.4
SSR_P;2014;140019175;930019484;N2460;1;;1.56
SSR_P;2014;140019175;930019484;N2470;1;;1
SSR_P;2014;140019175;930019484;N2500;11;1;12.79
SSR_P;2014;140019175;930019484;N2710;1;1;1.41
SSR_P;2014;140019175;930019484;N310H;3;2;4.75
SSR_P;2014;140019175;930019484;N3120;;1;0.6
SSR_P;2014;140024886;140000092;M1190;;1;0.5
SSR_P;2014;140024886;140000092;M1320;2;;1.8
SSR_P;2014;140024886;140000092;N241P;1;;0.1
SSR_P;2014;140024886;140000092;N2450;1;;0.05
SSR_P;2014;140024886;140000092;N3120;1;;0.05
SSR_P;2014;140024886;140000092;NCINF;1;2;1.3
SSR_P;2014;140025123;310021126;M1010;2;;2.36
SSR_P;2014;140025123;310021126;M1180;1;;1
SSR_P;2014;140025123;310021126;N241P;5;;5.16
SSR_P;2014;140025123;310021126;N2430;;1;0.2
SSR_P;2014;140025123;310021126;N2450;1;;0.65
SSR_P;2014;140025123;310021126;N2460;1;;1
SSR_P;2014;140025123;310021126;N2500;14;8;16.7
SSR_P;2014;140025123;310021126;N2710;;1;0.2
SSR_P;2014;140025123;310021126;N3120;1;;1
SSR_P;2014;140025123;310021126;NAUT;;1;0.5
SSR_P;2014;140025123;310021126;NCINF;12;1;15.33
SSR_P;2014;140025255;310020383;M1010;2;1;2.5
SSR_P;2014;140025255;310020383;M1320;3;1;3.5
SSR_P;2014;140025255;310020383;MAUT;1;1;1.05
SSR_P;2014;140025255;310020383;N2450;1;1;1
SSR_P;2014;140025255;310020383;N2460;1;1;1
SSR_P;2014;140025255;310020383;N2500;21;17;31.94
SSR_P;2014;140025255;310020383;N2710;1;1;1
SSR_P;2014;140025255;310020383;N3120;1;1;1
SSR_P;2014;140025255;310020383;NAUT;30;10;36.57
SSR_P;2014;140025255;310020383;NCINF;18;7;22.98
SSR_P;2014;140025362;140000092;M1190;1;;0.5
SSR_P;2014;140025362;140000092;M1320;1;1;1.2
SSR_P;2014;140025362;140000092;N2500;16;1;15
SSR_P;2014;140025362;140000092;N2710;1;;0.5
SSR_P;2014;140025362;140000092;NAUT;5;2;6.19
SSR_P;2014;140025362;140000092;NCINF;8;2;9.75
SSR_P;2014;140025487;140000092;M1140;4;1;1.47
SSR_P;2014;140025487;140000092;N2450;2;;1.83
SSR_P;2014;140025487;140000092;N2500;;;0.25
SSR_P;2014;140025487;140000092;N2710;;1;0.5
SSR_P;2014;140025487;140000092;NAUT;;;0.5
SSR_P;2014;140025487;140000092;NCINF;5;1;7.36
SSR_P;2014;140026410;140026279;M1040;3;;2.69
SSR_P;2014;140026410;140026279;N241P;3;;3.16
SSR_P;2014;140026410;140026279;N2450;1;;0.27
SSR_P;2014;140026410;140026279;N2500;15;2;14.37
SSR_P;2014;140026410;140026279;N2710;1;;0.55
SSR_P;2014;140026410;140026279;N310H;3;;2.4
SSR_P;2014;140026410;140026279;N3120;1;;0.25
SSR_P;2014;140026410;140026279;NAUT;3;;2.5
SSR_P;2014;140026410;140026279;NCINF;20;2;19.91
SSR_P;2014;140027681;610004939;M1010;;1;0.7
SSR_P;2014;140027681;610004939;M1180;1;1;1.2
SSR_P;2014;140027681;610004939;MAUT;;1;0.3
SSR_P;2014;140027681;610004939;N241P;1;2;2.97
SSR_P;2014;140027681;610004939;N2430;;1;0.5
SSR_P;2014;140027681;610004939;N2460;1;;0.98
SSR_P;2014;140027681;610004939;N2500;3;;3
SSR_P;2014;140027681;610004939;N2710;;2;0.91
SSR_P;2014;140027681;610004939;NCINF;2;1;2.8
SSR_P;2014;150000040;150780096;M1010;;1;0.37
SSR_P;2014;150000040;150780096;M1180;;1;0.6
SSR_P;2014;150000040;150780096;M1320;5;;1.85
SSR_P;2014;150000040;150780096;N2460;1;;1.93
SSR_P;2014;150000040;150780096;N2500;15;12;29.2
SSR_P;2014;150000040;150780096;N2710;1;3;2.07
SSR_P;2014;150000040;150780096;N3120;;2;1.58
SSR_P;2014;150000040;150780096;NAUT;9;6;16.46
SSR_P;2014;150000040;150780096;NCINF;12;10;23.16
SSR_P;2014;150000149;150780393;M1010;1;;1
SSR_P;2014;150000149;150780393;M1180;1;;1
SSR_P;2014;150000149;150780393;N241P;1;1;1.8
SSR_P;2014;150000149;150780393;N2450;;2;0.5
SSR_P;2014;150000149;150780393;N2460;1;1;1.8
SSR_P;2014;150000149;150780393;N2470;;1;0.3
SSR_P;2014;150000149;150780393;N2500;18;3;20.4
SSR_P;2014;150000149;150780393;N2710;;1;0.2
SSR_P;2014;150000149;150780393;N3120;;1;0.8
SSR_P;2014;150000149;150780393;NCINF;7;4;10.1
SSR_P;2014;150000164;150780468;M1180;2;1;1.94
SSR_P;2014;150000164;150780468;N2500;11;2;11.58
SSR_P;2014;150000164;150780468;N3120;;;0.7
SSR_P;2014;150000164;150780468;NAUT;4;2;4.98
SSR_P;2014;150000164;150780468;NCINF;4;2;4.91
SSR_P;2014;150000180;150780500;N241P;;1;0.9
SSR_P;2014;150000180;150780500;N2500;12;2;12.73
SSR_P;2014;150000180;150780500;N2710;;1;0.25
SSR_P;2014;150000180;150780500;NCINF;5;2;4.88
SSR_P;2014;150002608;660006370;M1010;2;;2
SSR_P;2014;150002608;660006370;M1040;;1;0.2
SSR_P;2014;150002608;660006370;M1150;2;3;1.6
SSR_P;2014;150002608;660006370;N241P;3;2;1.5
SSR_P;2014;150002608;660006370;N2450;2;;1.5
SSR_P;2014;150002608;660006370;N2500;2;;2
SSR_P;2014;150002608;660006370;N2710;2;;1.66
SSR_P;2014;150002608;660006370;N3120;;1;0.2
SSR_P;2014;150002608;660006370;NCINF;10;1;10.5
SSR_P;2014;150780120;150000065;M1010;;1;0.75
SSR_P;2014;150780120;150000065;N2500;3;;3
SSR_P;2014;150780120;150000065;N3120;;1;0.6
SSR_P;2014;150780120;150000065;NAUT;;1;0.75
SSR_P;2014;150780120;150000065;NCINF;7;;7
SSR_P;2014;150780708;870015336;M1040;;4;0.5
SSR_P;2014;150780708;870015336;M1180;2;;2
SSR_P;2014;150780708;870015336;MAUT;;1;0.6
SSR_P;2014;150780708;870015336;N241P;1;;1
SSR_P;2014;150780708;870015336;N2450;;1;0.2
SSR_P;2014;150780708;870015336;N2500;12;1;12.8
SSR_P;2014;150780708;870015336;N2710;;1;0.1
SSR_P;2014;150780708;870015336;N310H;2;;2
SSR_P;2014;150780708;870015336;N3120;;1;0.1
SSR_P;2014;150780708;870015336;NAUT;;1;0.2
SSR_P;2014;150780708;870015336;NCINF;8;2;11.26
SSR_P;2014;150780732;150000271;M1180;;1;0.6
SSR_P;2014;150780732;150000271;N2500;3;1;3.8
SSR_P;2014;150780732;150000271;NAUT;4;0;4
SSR_P;2014;150780732;150000271;NCINF;3;1;3.5
SSR_P;2014;160000154;160006037;M1010;3;;2.85
SSR_P;2014;160000154;160006037;M1180;1;;1
SSR_P;2014;160000154;160006037;N2500;29;6;31.05
SSR_P;2014;160000154;160006037;N2710;;2;0.91
SSR_P;2014;160000154;160006037;NAUT;8;8;14.28
SSR_P;2014;160000154;160006037;NCINF;14;5;14.59
SSR_P;2014;160000188;160000121;M1010;2;;2.01
SSR_P;2014;160000188;160000121;N241P;3;;1.95
SSR_P;2014;160000188;160000121;N2450;1;1;1.1
SSR_P;2014;160000188;160000121;N2460;2;;1.2
SSR_P;2014;160000188;160000121;N2470;1;;0.4
SSR_P;2014;160000188;160000121;N2500;20;;20.12
SSR_P;2014;160000188;160000121;N2710;;1;0.67
SSR_P;2014;160000188;160000121;N3120;2;;1.7
SSR_P;2014;160000188;160000121;NAUT;14;1;14.97
SSR_P;2014;160000188;160000121;NCINF;10;3;12.57
SSR_P;2014;160000253;160000451;M1010;1;1;1.97
SSR_P;2014;160000253;160000451;M1180;2;0;1
SSR_P;2014;160000253;160000451;M1320;0;1;0.82
SSR_P;2014;160000253;160000451;MAUT;0;1;0.82
SSR_P;2014;160000253;160000451;N241P;1;1;1.49
SSR_P;2014;160000253;160000451;N2430;1;0;0.08
SSR_P;2014;160000253;160000451;N2460;3;1;2.13
SSR_P;2014;160000253;160000451;N2500;32;8;35.34
SSR_P;2014;160000253;160000451;N2710;1;1;0.72
SSR_P;2014;160000253;160000451;NAUT;13;2;14.37
SSR_P;2014;160000253;160000451;NCINF;27;3;26.02
SSR_P;2014;160000261;160014411;M1180;2;;2
SSR_P;2014;160000261;160014411;N2500;15;10;22.07
SSR_P;2014;160000261;160014411;NAUT;1;2;2.07
SSR_P;2014;160000261;160014411;NCINF;7;7;11.23
SSR_P;2014;160000303;160006037;M1320;1;;1
SSR_P;2014;160000303;160006037;N2500;9;4;12.3
SSR_P;2014;160000303;160006037;N310H;1;1;1.9
SSR_P;2014;160000303;160006037;NAUT;3;1;3.8
SSR_P;2014;160000303;160006037;NCINF;3;6;7.9
SSR_P;2014;160000311;160000485;M1010;1;0;0.77
SSR_P;2014;160000311;160000485;N241P;1;0;0.88
SSR_P;2014;160000311;160000485;N2450;;1;0.09
SSR_P;2014;160000311;160000485;N2500;8;1;7.77
SSR_P;2014;160000311;160000485;N2710;1;0;0.15
SSR_P;2014;160000311;160000485;NAUT;7;0;7.64
SSR_P;2014;160000311;160000485;NCINF;7;1;7.77
SSR_P;2014;160000337;160000493;M1010;2;1;1.5
SSR_P;2014;160000337;160000493;N2500;22;8;19.47
SSR_P;2014;160000337;160000493;N2710;;1;0.01
SSR_P;2014;160000337;160000493;NAUT;11;4;10.7
SSR_P;2014;160000337;160000493;NCINF;14;1;15.03
SSR_P;2014;160000360;160000519;MAUT;;;0.22
SSR_P;2014;160000360;160000519;N241P;1;;0.82
SSR_P;2014;160000360;160000519;N2500;3;;3
SSR_P;2014;160000360;160000519;NAUT;1;;1
SSR_P;2014;160000360;160000519;NCINF;3;;1.73
SSR_P;2014;160009080;160001574;M1010;1;;1
SSR_P;2014;160009080;160001574;M1180;2;1;2.8
SSR_P;2014;160009080;160001574;N241P;11;3;12.43
SSR_P;2014;160009080;160001574;N2430;;2;1.18
SSR_P;2014;160009080;160001574;N2450;1;;1.08
SSR_P;2014;160009080;160001574;N2460;6;;5.07
SSR_P;2014;160009080;160001574;N2500;28;10;39.41
SSR_P;2014;160009080;160001574;N2710;;1;0.4
SSR_P;2014;160009080;160001574;N3120;1;1;1.42
SSR_P;2014;160009080;160001574;NAUT;5;8;10.34
SSR_P;2014;160009080;160001574;NCINF;21;2;22.04
SSR_P;2014;160012209;160012191;M1010;1;;1
SSR_P;2014;160012209;160012191;N2500;5;3;7.4
SSR_P;2014;160012209;160012191;NCINF;4;3;6.4
SSR_P;2014;170000038;170780050;M1320;2;;2
SSR_P;2014;170000038;170780050;N241P;2;;1.93
SSR_P;2014;170000038;170780050;N2460;;1;0.5
SSR_P;2014;170000038;170780050;N2500;22;3;14.48
SSR_P;2014;170000038;170780050;N2710;;1;0.4
SSR_P;2014;170000038;170780050;N310H;1;;1
SSR_P;2014;170000038;170780050;N3120;;1;0.5
SSR_P;2014;170000038;170780050;NAUT;2;2;3.3
SSR_P;2014;170000038;170780050;NCINF;11;5;9.41
SSR_P;2014;170000061;170780118;M1010;1;2;1.65
SSR_P;2014;170000061;170780118;M1320;;1;0.5
SSR_P;2014;170000061;170780118;N241P;2;;2
SSR_P;2014;170000061;170780118;N2500;24;8;30.69
SSR_P;2014;170000061;170780118;N2710;;2;0.23
SSR_P;2014;170000061;170780118;NAUT;5;7;9.99
SSR_P;2014;170000061;170780118;NCINF;14;4;16.94
SSR_P;2014;170000079;170780142;N241P;1;;1
SSR_P;2014;170000079;170780142;N2500;3;6;7.64
SSR_P;2014;170000079;170780142;NAUT;1;;1
SSR_P;2014;170000079;170780142;NCINF;2;;2
SSR_P;2014;170000095;170780167;M1320;0;2;1.2
SSR_P;2014;170000095;170780167;N241P;4;2;4.95
SSR_P;2014;170000095;170780167;N2430;1;0;1
SSR_P;2014;170000095;170780167;N2450;0;2;0.65
SSR_P;2014;170000095;170780167;N2460;1;3;3.5
SSR_P;2014;170000095;170780167;N2500;23;19;32.36
SSR_P;2014;170000095;170780167;N2710;0;1;0.25
SSR_P;2014;170000095;170780167;N310H;0;2;1.12
SSR_P;2014;170000095;170780167;N3120;0;3;0.99
SSR_P;2014;170000095;170780167;NAUT;10;6;11.16
SSR_P;2014;170000095;170780167;NCINF;16;14;22.96
SSR_P;2014;170000111;170023279;M1180;1;1;1.02
SSR_P;2014;170000111;170023279;M1320;1;;0.5
SSR_P;2014;170000111;170023279;N241P;3;;1.79
SSR_P;2014;170000111;170023279;N2500;11;1;10.63
SSR_P;2014;170000111;170023279;NAUT;8;2;4.07
SSR_P;2014;170000111;170023279;NCINF;9;2;7.95
SSR_P;2014;170000129;170780191;M1320;2;2;2.16
SSR_P;2014;170000129;170780191;N2500;34;5;24.23
SSR_P;2014;170000129;170780191;NAUT;6;3;5.06
SSR_P;2014;170000129;170780191;NCINF;19;4;14.03
SSR_P;2014;170000137;170780209;M1180;3;;2.2
SSR_P;2014;170000137;170780209;N241P;1;0;1
SSR_P;2014;170000137;170780209;N2500;9;0;8.5
SSR_P;2014;170000137;170780209;NAUT;3;2;4.71
SSR_P;2014;170000137;170780209;NCINF;8;1;8.46
SSR_P;2014;170000152;170780225;M1010;2;;1.2
SSR_P;2014;170000152;170780225;M1320;3;;2.3
SSR_P;2014;170000152;170780225;N2430;1;1;1.46
SSR_P;2014;170000152;170780225;N2460;;1;0.51
SSR_P;2014;170000152;170780225;N2500;34;7;41.67
SSR_P;2014;170000152;170780225;N3120;1;;0.8
SSR_P;2014;170000152;170780225;NAUT;6;1;6.34
SSR_P;2014;170000152;170780225;NCINF;10;4;15.29
SSR_P;2014;170000178;170780266;M1010;1;1;0.4
SSR_P;2014;170000178;170780266;M1150;;1;0.3
SSR_P;2014;170000178;170780266;M1320;1;;1
SSR_P;2014;170000178;170780266;N241P;;1;1.5
SSR_P;2014;170000178;170780266;N2450;1;;1
SSR_P;2014;170000178;170780266;N2460;1;;1
SSR_P;2014;170000178;170780266;N2470;1;;1.08
SSR_P;2014;170000178;170780266;N2500;25;13;38.47
SSR_P;2014;170000178;170780266;N2710;1;;1
SSR_P;2014;170000178;170780266;N3120;1;;1
SSR_P;2014;170000178;170780266;NAUT;16;4;19.74
SSR_P;2014;170000178;170780266;NCINF;11;6;18.82
SSR_P;2014;170780043;750721334;M1010;;1;0.5
SSR_P;2014;170780043;750721334;M1150;2;;1.76
SSR_P;2014;170780043;750721334;M1180;4;;4
SSR_P;2014;170780043;750721334;N241P;10;4;13.75
SSR_P;2014;170780043;750721334;N2430;;3;1.57
SSR_P;2014;170780043;750721334;N2450;;1;0.1
SSR_P;2014;170780043;750721334;N2460;1;3;3.7
SSR_P;2014;170780043;750721334;N2500;21;11;27.46
SSR_P;2014;170780043;750721334;N2710;;2;1.25
SSR_P;2014;170780043;750721334;N310H;;1;0.5
SSR_P;2014;170780043;750721334;N3120;;1;0.73
SSR_P;2014;170780043;750721334;NAUT;;3;1.48
SSR_P;2014;170780043;750721334;NCINF;25;5;30.4
SSR_P;2014;170780068;170000046;M1010;1;1;1.7
SSR_P;2014;170780068;170000046;N241P;;4;2
SSR_P;2014;170780068;170000046;N2500;7;1;7.8
SSR_P;2014;170780068;170000046;N3120;;1;0.1
SSR_P;2014;170780068;170000046;NAUT;13;1;13.5
SSR_P;2014;170780068;170000046;NCINF;5;3;7.7
SSR_P;2014;170780100;310021357;M1010;1;;1
SSR_P;2014;170780100;310021357;M1320;1;;1
SSR_P;2014;170780100;310021357;MAUT;;1;0.5
SSR_P;2014;170780100;310021357;N241P;;3;1.5
SSR_P;2014;170780100;310021357;N2500;5;5;8.57
SSR_P;2014;170780100;310021357;N2710;;1;0.3
SSR_P;2014;170780100;310021357;N3120;;1;0.2
SSR_P;2014;170780100;310021357;NAUT;;1;0.25
SSR_P;2014;170780100;310021357;NCINF;8;2;9.11
SSR_P;2014;170780621;170000285;M1010;1;;1
SSR_P;2014;170780621;170000285;N2450;1;;0.59
SSR_P;2014;170780621;170000285;N2460;;1;0.21
SSR_P;2014;170780621;170000285;N2500;13;0;3.52
SSR_P;2014;170780621;170000285;N2710;0;1;0.19
SSR_P;2014;170780621;170000285;N3120;0;1;0.23
SSR_P;2014;170780621;170000285;NCINF;13;1;5.72
SSR_P;2014;170780803;170017321;M1140;;2;1.5
SSR_P;2014;170780803;170017321;M1180;;1;0.7
SSR_P;2014;170780803;170017321;M3020;;1;0.15
SSR_P;2014;170780803;170017321;N241P;4;;3.92
SSR_P;2014;170780803;170017321;N2430;1;;1
SSR_P;2014;170780803;170017321;N2450;;1;0.38
SSR_P;2014;170780803;170017321;N2460;1;;1
SSR_P;2014;170780803;170017321;N2470;1;;1
SSR_P;2014;170780803;170017321;N2500;22;5;24.75
SSR_P;2014;170780803;170017321;N2710;;1;0.3
SSR_P;2014;170780803;170017321;N310H;2;1;2.34
SSR_P;2014;170780803;170017321;N3120;;1;0.34
SSR_P;2014;170780803;170017321;NCINF;10;;9.39
SSR_P;2014;170781199;170000400;M1010;;2;1
SSR_P;2014;170781199;170000400;MAUT;;1;0.75
SSR_P;2014;170781199;170000400;N2450;1;;1
SSR_P;2014;170781199;170000400;N2710;3;;3
SSR_P;2014;170781199;170000400;N3120;;2;0.7
SSR_P;2014;170781199;170000400;NAUT;12;4;14
SSR_P;2014;170781199;170000400;NCINF;6;1;6.5
SSR_P;2014;170784110;170023279;M1320;2;2;2.89
SSR_P;2014;170784110;170023279;N241P;7;;5.94
SSR_P;2014;170784110;170023279;N2430;;1;0.61
SSR_P;2014;170784110;170023279;N2450;;1;0.5
SSR_P;2014;170784110;170023279;N2460;;2;1.65
SSR_P;2014;170784110;170023279;N2500;16;11;25.06
SSR_P;2014;170784110;170023279;N2710;2;;1.45
SSR_P;2014;170784110;170023279;N3120;2;;0.8
SSR_P;2014;170784110;170023279;NAUT;20;4;18.18
SSR_P;2014;170784110;170023279;NCINF;20;6;21.48
SSR_P;2014;170792220;170780175;M1010;0;1;0.07
SSR_P;2014;170792220;170780175;M1180;1;1;1.42
SSR_P;2014;170792220;170780175;M1320;0;2;0.95
SSR_P;2014;170792220;170780175;N241P;3;1;3.3
SSR_P;2014;170792220;170780175;N2430;1;1;0.5
SSR_P;2014;170792220;170780175;N2450;1;1;0.56
SSR_P;2014;170792220;170780175;N2460;2;1;2.3
SSR_P;2014;170792220;170780175;N2500;14;9;13.78
SSR_P;2014;170792220;170780175;N2710;2;1;0.85
SSR_P;2014;170792220;170780175;N310H;;1;0.25
SSR_P;2014;170792220;170780175;N3120;1;;0.1
SSR_P;2014;170792220;170780175;NCINF;15;9;11.91
SSR_P;2014;170803431;750043994;M1010;5;1;5.8
SSR_P;2014;170803431;750043994;M1040;1;4;4.1
SSR_P;2014;170803431;750043994;MAUT;;1;0.5
SSR_P;2014;170803431;750043994;N241P;2;6;6.42
SSR_P;2014;170803431;750043994;N2450;;2;1.4
SSR_P;2014;170803431;750043994;N2500;6;7;8.45
SSR_P;2014;170803431;750043994;N2710;;2;1
SSR_P;2014;170803431;750043994;N310H;1;;1
SSR_P;2014;170803431;750043994;N3120;;1;0.5
SSR_P;2014;170803431;750043994;NAUT;22;17;30.77
SSR_P;2014;170803431;750043994;NCINF;11;13;19.71
SSR_P;2014;180000010;180000028;M1040;2;;2
SSR_P;2014;180000010;180000028;M1320;4;;3.8
SSR_P;2014;180000010;180000028;N241P;1;2;2.75
SSR_P;2014;180000010;180000028;N2450;;1;0.75
SSR_P;2014;180000010;180000028;N2460;;1;0.4
SSR_P;2014;180000010;180000028;N2470;;1;0.8
SSR_P;2014;180000010;180000028;N2500;21;9;26.8
SSR_P;2014;180000010;180000028;N2710;;2;0.7
SSR_P;2014;180000010;180000028;N310H;;1;0.1
SSR_P;2014;180000010;180000028;N3120;2;1;2.6
SSR_P;2014;180000010;180000028;NAUT;1;2;2.1
SSR_P;2014;180000010;180000028;NCINF;10;11;19.25
SSR_P;2014;180000283;180000069;M1320;2;;1
SSR_P;2014;180000283;180000069;N241P;;1;0.07
SSR_P;2014;180000283;180000069;N2460;1;;0.34
SSR_P;2014;180000283;180000069;N2500;8;;7.96
SSR_P;2014;180000283;180000069;N2710;1;;0.55
SSR_P;2014;180000283;180000069;NAUT;4;;4.4
SSR_P;2014;180000283;180000069;NCINF;3;2;4.24
SSR_P;2014;180000333;180000093;M1320;;2;1
SSR_P;2014;180000333;180000093;N2460;;1;0.2
SSR_P;2014;180000333;180000093;N2500;8;8;14.02
SSR_P;2014;180000333;180000093;N2710;;1;0.3
SSR_P;2014;180000333;180000093;N310H;4;;4
SSR_P;2014;180000333;180000093;N3120;;1;0.2
SSR_P;2014;180000333;180000093;NAUT;;3;3
SSR_P;2014;180000333;180000093;NCINF;10;3;9.67
SSR_P;2014;180000598;180000887;M1180;;2;0.5
SSR_P;2014;180000598;180000887;MAUT;;1;0.25
SSR_P;2014;180000598;180000887;N2500;9;0;12.22
SSR_P;2014;180000598;180000887;NAUT;1;;1
SSR_P;2014;180000598;180000887;NCINF;7;5;11.26
SSR_P;2014;180003287;180000028;M1320;4;;2.8
SSR_P;2014;180003287;180000028;N241P;0;1;0.8
SSR_P;2014;180003287;180000028;N2450;0;1;0.25
SSR_P;2014;180003287;180000028;N2460;0;1;0.75
SSR_P;2014;180003287;180000028;N2470;1;0;1
SSR_P;2014;180003287;180000028;N2500;24;4;25.8
SSR_P;2014;180003287;180000028;N2710;0;1;0.3
SSR_P;2014;180003287;180000028;N3120;0;2;1
SSR_P;2014;180003287;180000028;NAUT;3;3;4.5
SSR_P;2014;180003287;180000028;NCINF;17;0;17
SSR_P;2014;180003345;180000051;M1010;2;2;1.8
SSR_P;2014;180003345;180000051;M1180;;1;0.55
SSR_P;2014;180003345;180000051;M3020;;1;0.24
SSR_P;2014;180003345;180000051;MAUT;3;;1.86
SSR_P;2014;180003345;180000051;N2470;1;;0.5
SSR_P;2014;180003345;180000051;N2500;46;14;56.22
SSR_P;2014;180003345;180000051;N2710;;3;1.5
SSR_P;2014;180003345;180000051;NAUT;11;2;13.15
SSR_P;2014;180003345;180000051;NCINF;22;9;28.48
SSR_P;2014;180003386;180000069;M1010;1;;0.93
SSR_P;2014;180003386;180000069;M1180;2;;1.88
SSR_P;2014;180003386;180000069;N241P;3;1;3.31
SSR_P;2014;180003386;180000069;N2430;1;;1
SSR_P;2014;180003386;180000069;N2460;1;1;1.32
SSR_P;2014;180003386;180000069;N2500;23;3;20.29
SSR_P;2014;180003386;180000069;N2710;1;;0.4
SSR_P;2014;180003386;180000069;NAUT;14;;15.35
SSR_P;2014;180003386;180000069;NCINF;11;3;11.71
SSR_P;2014;190000018;190000042;M1180;2;1;2.6
SSR_P;2014;190000018;190000042;M1320;5;1;3.78
SSR_P;2014;190000018;190000042;N241P;11;1;11.66
SSR_P;2014;190000018;190000042;N2460;3;;2.82
SSR_P;2014;190000018;190000042;N2470;1;;0.74
SSR_P;2014;190000018;190000042;N2500;40;4;36.57
SSR_P;2014;190000018;190000042;N2710;1;1;1.84
SSR_P;2014;190000018;190000042;N3120;1;2;1.57
SSR_P;2014;190000018;190000042;NAUT;12;3;12.2
SSR_P;2014;190000018;190000042;NCINF;37;3;32.34
SSR_P;2014;190000034;190000067;M1010;;1;0.61
SSR_P;2014;190000034;190000067;N241P;1;1;0.83
SSR_P;2014;190000034;190000067;N2460;1;;0.45
SSR_P;2014;190000034;190000067;N2500;7;1;7.4
SSR_P;2014;190000034;190000067;N2710;;1;0.1
SSR_P;2014;190000034;190000067;N3120;1;;0.25
SSR_P;2014;190000034;190000067;NAUT;1;1;1.5
SSR_P;2014;190000034;190000067;NCINF;4;1;4.5
SSR_P;2014;190000091;190000075;M1320;3;3;3
SSR_P;2014;190000091;190000075;N2500;15;4;19.43
SSR_P;2014;190000091;190000075;NAUT;1;1;1.8
SSR_P;2014;190000091;190000075;NCINF;12;;12
SSR_P;2014;190002493;190000059;M1320;2;1;1.13
SSR_P;2014;190002493;190000059;N2500;14;;12.87
SSR_P;2014;190002493;190000059;NAUT;3;3;4.73
SSR_P;2014;190002493;190000059;NCINF;8;;8.16
SSR_P;2014;190005694;750056335;M1010;;1;0.5
SSR_P;2014;190005694;750056335;M1320;1;3;2.5
SSR_P;2014;190005694;750056335;N2500;16;3;17.67
SSR_P;2014;190005694;750056335;N3120;;1;0.5
SSR_P;2014;190005694;750056335;NCINF;12;1;12.69
SSR_P;2014;190011197;190000059;M1010;1;;0.95
SSR_P;2014;190011197;190000059;M1180;2;;1.81
SSR_P;2014;190011197;190000059;N241P;4;;4.15
SSR_P;2014;190011197;190000059;N2460;1;1;1.38
SSR_P;2014;190011197;190000059;N2470;;1;0.29
SSR_P;2014;190011197;190000059;N2500;11;2;12.55
SSR_P;2014;190011197;190000059;N2710;1;1;1.5
SSR_P;2014;190011197;190000059;N310H;;1;1
SSR_P;2014;190011197;190000059;N3120;;1;0.41
SSR_P;2014;190011197;190000059;NAUT;4;6;10.11
SSR_P;2014;190011197;190000059;NCINF;8;;8.87
SSR_P;2014;210007399;210007308;M1010;1;;1
SSR_P;2014;210007399;210007308;M3020;1;1;1.1
SSR_P;2014;210007399;210007308;N2450;;3;1.61
SSR_P;2014;210007399;210007308;N2470;;1;0.6
SSR_P;2014;210007399;210007308;N2710;1;;1
SSR_P;2014;210007399;210007308;N3120;;1;0.1
SSR_P;2014;210007399;210007308;NAUT;;1;0.46
SSR_P;2014;210007399;210007308;NCINF;5;2;6.31
SSR_P;2014;210010443;210000337;M1010;0;1;0.3
SSR_P;2014;210010443;210000337;M3020;0;2;0.23
SSR_P;2014;210010443;210000337;N2710;0;2;1
SSR_P;2014;210010443;210000337;N310H;3;2;4.3
SSR_P;2014;210010443;210000337;N3120;0;1;0.25
SSR_P;2014;210010443;210000337;NAUT;0;1;0.5
SSR_P;2014;210010443;210000337;NCINF;5;2;6
SSR_P;2014;210780144;750721235;M1010;1;;1
SSR_P;2014;210780144;750721235;M1120;;1;0.1
SSR_P;2014;210780144;750721235;M1180;4;1;4.8
SSR_P;2014;210780144;750721235;M3020;;1;0.1
SSR_P;2014;210780144;750721235;N241P;16;4;18
SSR_P;2014;210780144;750721235;N2430;3;1;3.5
SSR_P;2014;210780144;750721235;N2450;;1;0.57
SSR_P;2014;210780144;750721235;N2460;6;5;9.05
SSR_P;2014;210780144;750721235;N2500;24;;24
SSR_P;2014;210780144;750721235;N2710;1;;1
SSR_P;2014;210780144;750721235;N3120;2;;2
SSR_P;2014;210780144;750721235;NAUT;4;1;4.6
SSR_P;2014;210780144;750721235;NCINF;22;1;22.8
SSR_P;2014;210780276;210003208;M1010;;2;1.2
SSR_P;2014;210780276;210003208;M1070;1;1;1.2
SSR_P;2014;210780276;210003208;M1320;1;1;1.8
SSR_P;2014;210780276;210003208;N241P;;6;3
SSR_P;2014;210780276;210003208;N2450;1;1;1.7
SSR_P;2014;210780276;210003208;N2460;;1;0.6
SSR_P;2014;210780276;210003208;N2500;18;9;23.1
SSR_P;2014;210780276;210003208;N2710;1;1;1.5
SSR_P;2014;210780276;210003208;N3120;;1;0.5
SSR_P;2014;210780276;210003208;NCINF;18;6;20.5
SSR_P;2014;210780292;210000105;M1010;1;2;1.7
SSR_P;2014;210780292;210000105;M1040;1;1;1.6
SSR_P;2014;210780292;210000105;M1150;;1;0.1
SSR_P;2014;210780292;210000105;M1180;2;2;3.15
SSR_P;2014;210780292;210000105;N241P;13;5;15.83
SSR_P;2014;210780292;210000105;N2450;1;;1
SSR_P;2014;210780292;210000105;N2460;2;5;4.16
SSR_P;2014;210780292;210000105;N2500;7;10;15.08
SSR_P;2014;210780292;210000105;N2710;;1;0.56
SSR_P;2014;210780292;210000105;N3120;;1;0.5
SSR_P;2014;210780292;210000105;NAUT;3;1;3.17
SSR_P;2014;210780292;210000105;NCINF;10;10;17.6
SSR_P;2014;210986089;210780581;M1010;2;;1.8
SSR_P;2014;210986089;210780581;MAUT;2;;2.48
SSR_P;2014;210986089;210780581;N241P;7;;5.25
SSR_P;2014;210986089;210780581;N2430;;;0.03
SSR_P;2014;210986089;210780581;N2450;2;;0.5
SSR_P;2014;210986089;210780581;N2460;3;;1.28
SSR_P;2014;210986089;210780581;N2500;30;3;28.04
SSR_P;2014;210986089;210780581;N2710;1;;0.15
SSR_P;2014;210986089;210780581;NAUT;16;1;12.27
SSR_P;2014;210986089;210780581;NCINF;22;3;21.17
SSR_P;2014;210986725;210986717;M1010;;1;0.9
SSR_P;2014;210986725;210986717;N241P;;1;0.8
SSR_P;2014;210986725;210986717;N2500;2;3;4.5
SSR_P;2014;210986725;210986717;N2710;;1;0.1
SSR_P;2014;210986725;210986717;N3120;;1;0.1
SSR_P;2014;210986725;210986717;NCINF;5;4;8
SSR_P;2014;210986741;210986733;M1010;1;1;1.81
SSR_P;2014;210986741;210986733;MAUT;1;1;1.5
SSR_P;2014;210986741;210986733;N241P;1;3;1.2
SSR_P;2014;210986741;210986733;N2450;;1;0.09
SSR_P;2014;210986741;210986733;N2460;;1;0.12
SSR_P;2014;210986741;210986733;N2500;8;1;8.55
SSR_P;2014;210986741;210986733;N3120;;1;0.4
SSR_P;2014;210986741;210986733;NAUT;5;11;11.88
SSR_P;2014;210986741;210986733;NCINF;6;1;6.55
SSR_P;2014;210987046;210987038;M1010;1;1;1.5
SSR_P;2014;210987046;210987038;M1180;;1;0.2
SSR_P;2014;210987046;210987038;M1320;;1;0.8
SSR_P;2014;210987046;210987038;N241P;;5;2.5
SSR_P;2014;210987046;210987038;N2430;;1;0.1
SSR_P;2014;210987046;210987038;N2460;;2;0.5
SSR_P;2014;210987046;210987038;N2500;16;2;17.4
SSR_P;2014;210987046;210987038;N2710;;1;0.08
SSR_P;2014;210987046;210987038;N3120;;1;0.5
SSR_P;2014;210987046;210987038;NCINF;11;0;11
SSR_P;2014;210987558;210780581;M1010;3;;1.77
SSR_P;2014;210987558;210780581;M1040;1;;1.27
SSR_P;2014;210987558;210780581;M1180;5;1;3.08
SSR_P;2014;210987558;210780581;N241P;17;;15.07
SSR_P;2014;210987558;210780581;N2430;1;;1
SSR_P;2014;210987558;210780581;N2450;1;;0.85
SSR_P;2014;210987558;210780581;N2460;6;;4.88
SSR_P;2014;210987558;210780581;N2500;27;8;31.83
SSR_P;2014;210987558;210780581;N2710;1;;1
SSR_P;2014;210987558;210780581;N310H;1;;0.5
SSR_P;2014;210987558;210780581;NAUT;19;4;20.48
SSR_P;2014;210987558;210780581;NCINF;26;7;31.69
SSR_P;2014;210987582;210780631;M1010;;1;0.3
SSR_P;2014;210987582;210780631;MAUT;1;;0.24
SSR_P;2014;210987582;210780631;N2500;7;2;4.28
SSR_P;2014;210987582;210780631;N2710;;1;0.01
SSR_P;2014;210987582;210780631;N3120;;1;0.3
SSR_P;2014;210987582;210780631;NAUT;2;5;2.04
SSR_P;2014;210987582;210780631;NCINF;7;2;5.16
SSR_P;2014;210987640;210780672;M1010;;2;1.4
SSR_P;2014;210987640;210780672;N241P;1;;1
SSR_P;2014;210987640;210780672;N2450;;1;0.3
SSR_P;2014;210987640;210780672;N2500;9;2;10.78
SSR_P;2014;210987640;210780672;N2710;;1;0.2
SSR_P;2014;210987640;210780672;N3120;1;;1
SSR_P;2014;210987640;210780672;NAUT;2;;1.68
SSR_P;2014;210987640;210780672;NCINF;7;6;10.64
SSR_P;2014;210987657;210780714;M1320;;3;1
SSR_P;2014;210987657;210780714;MAUT;;1;0.2
SSR_P;2014;210987657;210780714;N241P;6;1;5.6
SSR_P;2014;210987657;210780714;N2430;;1;0.5
SSR_P;2014;210987657;210780714;N2450;;1;0.2
SSR_P;2014;210987657;210780714;N2460;1;;0.5
SSR_P;2014;210987657;210780714;N2500;14;4;17.14
SSR_P;2014;210987657;210780714;N2710;;1;0.63
SSR_P;2014;210987657;210780714;N3120;;1;0.3
SSR_P;2014;210987657;210780714;NAUT;9;1;9.06
SSR_P;2014;210987657;210780714;NCINF;12;3;12.16
SSR_P;2014;210987665;210010070;M1180;1;1;1.4
SSR_P;2014;210987673;210010070;M1180;3;;3
SSR_P;2014;210987681;210011482;M1010;2;;2
SSR_P;2014;220000012;220000020;M1180;3;1;3.09
SSR_P;2014;220000012;220000020;N241P;15;10;18.24
SSR_P;2014;220000012;220000020;N2430;1;1;1.5
SSR_P;2014;220000012;220000020;N2460;6;1;5
SSR_P;2014;220000012;220000020;N2500;12;;7.81
SSR_P;2014;220000012;220000020;N2710;;2;0.7
SSR_P;2014;220000012;220000020;NAUT;2;2;2.88
SSR_P;2014;220000012;220000020;NCINF;3;;2.27
SSR_P;2014;220000095;220000046;M1320;3;1;3.7
SSR_P;2014;220000095;220000046;N2470;1;0;0.5
SSR_P;2014;220000095;220000046;N2500;31;17;41.1
SSR_P;2014;220000095;220000046;N2710;1;1;1.2
SSR_P;2014;220000095;220000046;NAUT;9;2;10.47
SSR_P;2014;220000095;220000046;NCINF;20;8;23.87
SSR_P;2014;220000194;560014748;M1180;2;1;2.35
SSR_P;2014;220000194;560014748;N241P;;;7.67
SSR_P;2014;220000194;560014748;N2430;;;0.4
SSR_P;2014;220000194;560014748;N2450;;;0.2
SSR_P;2014;220000194;560014748;N2460;;;3.24
SSR_P;2014;220000194;560014748;N2500;;;35.49
SSR_P;2014;220000194;560014748;N2710;;;0.6
SSR_P;2014;220000194;560014748;N3120;;;0.2
SSR_P;2014;220000194;560014748;NAUT;;;3.23
SSR_P;2014;220000194;560014748;NCINF;;;14.59
SSR_P;2014;220000236;220017974;M1180;;1;0.4
SSR_P;2014;220000236;220017974;MAUT;;1;0.1
SSR_P;2014;220000236;220017974;N241P;;1;0.42
SSR_P;2014;220000236;220017974;N2470;;1;0.12
SSR_P;2014;220000236;220017974;N2500;9;3;6.36
SSR_P;2014;220000236;220017974;N2710;;1;0.12
SSR_P;2014;220000236;220017974;N3120;;1;0.18
SSR_P;2014;220000236;220017974;NCINF;12;2;7.8
SSR_P;2014;220000343;220000079;M1180;2;1;2.6
SSR_P;2014;220000343;220000079;M1320;2;;2
SSR_P;2014;220000343;220000079;N241P;4;1;4.02
SSR_P;2014;220000343;220000079;N2430;;2;1.01
SSR_P;2014;220000343;220000079;N2460;3;;3.23
SSR_P;2014;220000343;220000079;N2500;39;20;52.46
SSR_P;2014;220000343;220000079;N2710;;1;0.23
SSR_P;2014;220000343;220000079;NAUT;8;2;10
SSR_P;2014;220000343;220000079;NCINF;23;11;32.2
SSR_P;2014;220000368;220000103;M1010;;1;0.9
SSR_P;2014;220000368;220000103;M1320;2;;0.97
SSR_P;2014;220000368;220000103;N241P;;1;0.76
SSR_P;2014;220000368;220000103;N2450;;;0.25
SSR_P;2014;220000368;220000103;N2460;;;0.6
SSR_P;2014;220000368;220000103;N2500;20;5;18.59
SSR_P;2014;220000368;220000103;N2710;;;0.2
SSR_P;2014;220000368;220000103;N310H;;;0.07
SSR_P;2014;220000368;220000103;N3120;1;;0.63
SSR_P;2014;220000368;220000103;NAUT;6;1;5.21
SSR_P;2014;220000368;220000103;NCINF;12;7;14.14
SSR_P;2014;220000467;750043994;M1010;2;2;2.27
SSR_P;2014;220000467;750043994;M1180;2;;2
SSR_P;2014;220000467;750043994;N241P;2;6;3.57
SSR_P;2014;220000467;750043994;N2430;;2;0.09
SSR_P;2014;220000467;750043994;N2450;;1;0.2
SSR_P;2014;220000467;750043994;N2460;1;;1
SSR_P;2014;220000467;750043994;N2500;13;;13
SSR_P;2014;220000467;750043994;N2710;;1;0.25
SSR_P;2014;220000467;750043994;N3120;1;1;1.2
SSR_P;2014;220000467;750043994;NAUT;2;9;6.9
SSR_P;2014;220000467;750043994;NCINF;13;12;22.01
SSR_P;2014;220000475;220020531;M1010;1;;1.5
SSR_P;2014;220000475;220020531;M1320;3;;2.5
SSR_P;2014;220000475;220020531;N241P;3;3;5.25
SSR_P;2014;220000475;220020531;N2430;;1;0.5
SSR_P;2014;220000475;220020531;N2450;;1;0.7
SSR_P;2014;220000475;220020531;N2460;;3;1.5
SSR_P;2014;220000475;220020531;N2500;21;9;26.4
SSR_P;2014;220000475;220020531;N2710;;2;0.41
SSR_P;2014;220000475;220020531;N3120;;2;1.1
SSR_P;2014;220000475;220020531;NCINF;8;19;21.61
SSR_P;2014;220000483;560014748;M1180;;;2.8
SSR_P;2014;220000483;560014748;N241P;;;1.5
SSR_P;2014;220000483;560014748;N2450;;;0.2
SSR_P;2014;220000483;560014748;N2460;;;0.3
SSR_P;2014;220000483;560014748;N2500;;;21.34
SSR_P;2014;220000483;560014748;N3120;;;0.25
SSR_P;2014;220000483;560014748;NAUT;;;3
SSR_P;2014;220000483;560014748;NCINF;;;14.65
SSR_P;2014;220000541;220000152;M1010;4;;2.4
SSR_P;2014;220000541;220000152;M1040;4;;2.26
SSR_P;2014;220000541;220000152;M1070;1;;0.75
SSR_P;2014;220000541;220000152;M1180;1;;0.05
SSR_P;2014;220000541;220000152;N241P;1;;2.13
SSR_P;2014;220000541;220000152;N2460;1;1;0.06
SSR_P;2014;220000541;220000152;N2500;24;11;28.97
SSR_P;2014;220000541;220000152;N2710;;3;0.81
SSR_P;2014;220000541;220000152;NAUT;15;17;16.21
SSR_P;2014;220000541;220000152;NCINF;29;7;23.76
SSR_P;2014;220000566;220021968;M1180;1;;1
SSR_P;2014;220000566;220021968;N241P;1;1;1.2
SSR_P;2014;220000566;220021968;N2430;;1;0.2
SSR_P;2014;220000566;220021968;N2460;1;;0.5
SSR_P;2014;220000566;220021968;N2500;6;1;7.92
SSR_P;2014;220000566;220021968;N2710;;1;0.2
SSR_P;2014;220000566;220021968;NAUT;2;2;3.93
SSR_P;2014;220000566;220021968;NCINF;5;2;5.33
SSR_P;2014;220000574;220000186;M1010;;6;6
SSR_P;2014;220000574;220000186;N241P;1;;1
SSR_P;2014;220000574;220000186;N2450;;1;0.25
SSR_P;2014;220000574;220000186;N2460;;1;0.25
SSR_P;2014;220000574;220000186;N2500;14;2;9.58
SSR_P;2014;220000574;220000186;N2710;1;;0.2
SSR_P;2014;220000574;220000186;N3120;;1;0.2
SSR_P;2014;220000574;220000186;NAUT;10;2;5.61
SSR_P;2014;220000574;220000186;NCINF;6;4;5.82
SSR_P;2014;220000590;220000202;M1010;;1;0.05
SSR_P;2014;220000590;220000202;M1140;;1;0.14
SSR_P;2014;220000590;220000202;M1180;;2;0.9
SSR_P;2014;220000590;220000202;MAUT;;3;0.06
SSR_P;2014;220000590;220000202;N241P;;1;0.99
SSR_P;2014;220000590;220000202;N2460;1;2;2.15
SSR_P;2014;220000590;220000202;N2470;1;;1
SSR_P;2014;220000590;220000202;N2500;;7;1.77
SSR_P;2014;220000590;220000202;N2710;;1;0.9
SSR_P;2014;220000590;220000202;N310H;;2;0.11
SSR_P;2014;220000590;220000202;N3120;;1;0.1
SSR_P;2014;220000590;220000202;NCINF;1;1;1.9
SSR_P;2014;220001259;220005045;M1010;3;;2.1
SSR_P;2014;220001259;220005045;M1320;3;;2.1
SSR_P;2014;220001259;220005045;N241P;3;;2.17
SSR_P;2014;220001259;220005045;N2450;2;;0.95
SSR_P;2014;220001259;220005045;N2460;3;1;1.11
SSR_P;2014;220001259;220005045;N2500;19;7;20.65
SSR_P;2014;220001259;220005045;N2710;2;1;1.28
SSR_P;2014;220001259;220005045;NCINF;16;5;18.36
SSR_P;2014;220012884;220000103;M1010;1;1;1.1
SSR_P;2014;220012884;220000103;M1140;1;1;0.7
SSR_P;2014;220012884;220000103;M1180;6;;4.87
SSR_P;2014;220012884;220000103;M1190;1;;1
SSR_P;2014;220012884;220000103;MAUT;;1;0.1
SSR_P;2014;220012884;220000103;N241P;17;13;25.7
SSR_P;2014;220012884;220000103;N2430;1;5;3.27
SSR_P;2014;220012884;220000103;N2450;;1;0.72
SSR_P;2014;220012884;220000103;N2460;9;9;13.21
SSR_P;2014;220012884;220000103;N2470;;3;1.81
SSR_P;2014;220012884;220000103;N2500;37;19;49.48
SSR_P;2014;220012884;220000103;N2710;1;;1
SSR_P;2014;220012884;220000103;N310H;5;5;7.57
SSR_P;2014;220012884;220000103;N3120;1;3;1.86
SSR_P;2014;220012884;220000103;NAUT;21;12;25.78
SSR_P;2014;220012884;220000103;NCINF;16;11;24.52
SSR_P;2014;220014708;220017974;M1010;;1;0.2
SSR_P;2014;220014708;220017974;M3020;;1;0.4
SSR_P;2014;220014708;220017974;N2460;;2;1
SSR_P;2014;220014708;220017974;N2470;;1;0.5
SSR_P;2014;220014708;220017974;N2710;;2;1
SSR_P;2014;220014708;220017974;N310H;2;;2
SSR_P;2014;220014708;220017974;N3120;;2;1
SSR_P;2014;220014708;220017974;NAUT;4;3;5.5
SSR_P;2014;220014708;220017974;NCINF;7;;7
SSR_P;2014;220019061;220000020;M1010;1;1;1.04
SSR_P;2014;220019061;220000020;M1320;;1;0.8
SSR_P;2014;220019061;220000020;N241P;1;;1
SSR_P;2014;220019061;220000020;N2450;1;;0.16
SSR_P;2014;220019061;220000020;N2460;1;;0.2
SSR_P;2014;220019061;220000020;N2500;15;5;17.97
SSR_P;2014;220019061;220000020;NAUT;5;4;5.67
SSR_P;2014;220019061;220000020;NCINF;11;1;11.04
SSR_P;2014;230000820;230780041;M1010;1;;0.6
SSR_P;2014;230000820;230780041;M1180;1;;0.92
SSR_P;2014;230000820;230780041;M1320;1;;0.8
SSR_P;2014;230000820;230780041;N241P;;2;1
SSR_P;2014;230000820;230780041;N2470;;1;0.03
SSR_P;2014;230000820;230780041;N2500;16;;15.65
SSR_P;2014;230000820;230780041;N2710;;1;0.1
SSR_P;2014;230000820;230780041;N3120;;1;0.2
SSR_P;2014;230000820;230780041;NAUT;6;2;5.94
SSR_P;2014;230000820;230780041;NCINF;14;1;14.59
SSR_P;2014;230000838;230780058;M1010;1;;0.58
SSR_P;2014;230000838;230780058;N241P;1;2;2.76
SSR_P;2014;230000838;230780058;N2460;1;;1
SSR_P;2014;230000838;230780058;N2470;;1;0.6
SSR_P;2014;230000838;230780058;N2500;17;;15.75
SSR_P;2014;230000838;230780058;N310H;2;1;1.75
SSR_P;2014;230000838;230780058;NAUT;4;;4
SSR_P;2014;230000838;230780058;NCINF;8;;8
SSR_P;2014;230000846;230780066;M1010;2;;1.5
SSR_P;2014;230000846;230780066;N2500;14;;11.83
SSR_P;2014;230000846;230780066;N2710;1;;0.5
SSR_P;2014;230000846;230780066;NAUT;6;;5.63
SSR_P;2014;230000846;230780066;NCINF;10;;8.08
SSR_P;2014;230000952;230780512;M1010;1;1;1.5
SSR_P;2014;230000952;230780512;N241P;1;;1
SSR_P;2014;230000952;230780512;N2500;3;3;5.4
SSR_P;2014;230000952;230780512;NCINF;5;3;7.4
SSR_P;2014;230000960;230780520;M1180;1;1;1.3
SSR_P;2014;230780082;750005068;M1040;3;3;4.85
SSR_P;2014;230780082;750005068;M1150;3;1;2.74
SSR_P;2014;230780082;750005068;M3020;;1;0.2
SSR_P;2014;230780082;750005068;MAUT;2;;0.62
SSR_P;2014;230780082;750005068;N241P;5;1;4.61
SSR_P;2014;230780082;750005068;N2450;2;1;2.18
SSR_P;2014;230780082;750005068;N2460;1;1;0.87
SSR_P;2014;230780082;750005068;N2500;40;8;30.91
SSR_P;2014;230780082;750005068;N2710;1;;0.78
SSR_P;2014;230780082;750005068;N310H;2;2;3.3
SSR_P;2014;230780082;750005068;N3120;2;;1
SSR_P;2014;230780082;750005068;NAUT;26;;8.48
SSR_P;2014;230780082;750005068;NCINF;60;13;42.5
SSR_P;2014;230782617;750000218;M1010;2;;1.98
SSR_P;2014;230782617;750000218;M1180;3;1;2.47
SSR_P;2014;230782617;750000218;N241P;6;2;7.38
SSR_P;2014;230782617;750000218;N2430;1;;1
SSR_P;2014;230782617;750000218;N2450;;1;0.23
SSR_P;2014;230782617;750000218;N2460;4;3;5.24
SSR_P;2014;230782617;750000218;N2470;;;0.75
SSR_P;2014;230782617;750000218;N2500;20;5;19.92
SSR_P;2014;230782617;750000218;N2710;2;1;2.4
SSR_P;2014;230782617;750000218;N3120;2;1;2.17
SSR_P;2014;230782617;750000218;NAUT;1;1;1.85
SSR_P;2014;230782617;750000218;NCINF;17;1;17.66
SSR_P;2014;240000091;240000034;M1010;5;;4.6
SSR_P;2014;240000091;240000034;M1150;;2;0.2
SSR_P;2014;240000091;240000034;M1180;;1;0.13
SSR_P;2014;240000091;240000034;MAUT;;3;0.53
SSR_P;2014;240000091;240000034;N241P;3;1;3.86
SSR_P;2014;240000091;240000034;N2450;;1;0.3
SSR_P;2014;240000091;240000034;N2460;2;;1.5
SSR_P;2014;240000091;240000034;N2500;49;6;54.4
SSR_P;2014;240000091;240000034;N2710;;2;1
SSR_P;2014;240000091;240000034;N3120;1;;1
SSR_P;2014;240000091;240000034;NAUT;2;;1.5
SSR_P;2014;240000091;240000034;NCINF;32;2;34.06
SSR_P;2014;240000174;240000042;M1010;;3;1.21
SSR_P;2014;240000174;240000042;N2450;;1;0.5
SSR_P;2014;240000174;240000042;N2500;7;1;7.52
SSR_P;2014;240000174;240000042;N2710;;1;0.6
SSR_P;2014;240000174;240000042;N3120;;1;0.5
SSR_P;2014;240000174;240000042;NCINF;6;3;5.56
SSR_P;2014;240000208;240000612;M1180;;1;0.5
SSR_P;2014;240000208;240000612;N241P;;3;1.5
SSR_P;2014;240000208;240000612;N2500;4;1;4.6
SSR_P;2014;240000208;240000612;N3120;;1;0.5
SSR_P;2014;240000208;240000612;NCINF;3;;3
SSR_P;2014;240000273;750043994;M1010;;2;1.6
SSR_P;2014;240000273;750043994;M1320;1;;1
SSR_P;2014;240000273;750043994;N2460;;1;0.5
SSR_P;2014;240000273;750043994;N2500;10;;10
SSR_P;2014;240000273;750043994;N3120;;1;0.5
SSR_P;2014;240000273;750043994;NCINF;6;;6
SSR_P;2014;240000307;330056540;M1010;2;2;2.52
SSR_P;2014;240000307;330056540;M1320;1;;1
SSR_P;2014;240000307;330056540;MAUT;;1;0.64
SSR_P;2014;240000307;330056540;N241P;2;1;2.28
SSR_P;2014;240000307;330056540;N2450;;1;0
SSR_P;2014;240000307;330056540;N2460;1;;0.91
SSR_P;2014;240000307;330056540;N2500;19;1;22.29
SSR_P;2014;240000307;330056540;N2710;;1;0.49
SSR_P;2014;240000307;330056540;N3120;1;;1
SSR_P;2014;240000307;330056540;NAUT;4;;3.03
SSR_P;2014;240000307;330056540;NCINF;14;;13.85
SSR_P;2014;240000414;240000067;M1010;1;1;0.72
SSR_P;2014;240000414;240000067;N241P;1;1;1.8
SSR_P;2014;240000414;240000067;N2430;;1;0.3
SSR_P;2014;240000414;240000067;N2450;1;;0.7
SSR_P;2014;240000414;240000067;N2460;1;;0.3
SSR_P;2014;240000414;240000067;N2500;17;3;11.5
SSR_P;2014;240000414;240000067;N2710;;1;0.25
SSR_P;2014;240000414;240000067;N3120;;1;0.33
SSR_P;2014;240000414;240000067;NAUT;3;;1.77
SSR_P;2014;240000414;240000067;NCINF;10;;5.45
SSR_P;2014;240000455;240000075;M1010;1;1;1.2
SSR_P;2014;240000455;240000075;N241P;;2;0.88
SSR_P;2014;240000455;240000075;N2450;1;;0.5
SSR_P;2014;240000455;240000075;N2500;17;2;11.8
SSR_P;2014;240000455;240000075;N3120;1;;0.58
SSR_P;2014;240000455;240000075;NCINF;6;2;7.09
SSR_P;2014;240000463;240000083;M1010;1;;1
SSR_P;2014;240000463;240000083;N2460;;1;0.5
SSR_P;2014;240000463;240000083;N2500;6;1;5.86
SSR_P;2014;240000463;240000083;N2710;;2;1
SSR_P;2014;240000463;240000083;N310H;;2;1
SSR_P;2014;240000463;240000083;NAUT;4;1;4.86
SSR_P;2014;240000463;240000083;NCINF;10;1;10.01
SSR_P;2014;240000471;240000109;M1010;;2;1.2
SSR_P;2014;240000471;240000109;N241P;;1;0.8
SSR_P;2014;240000471;240000109;N2450;1;;0.1
SSR_P;2014;240000471;240000109;N2460;;1;0.5
SSR_P;2014;240000471;240000109;N2500;7;1;7.8
SSR_P;2014;240000471;240000109;NCINF;6;1;6.8
SSR_P;2014;240000489;240000117;M1010;1;1;1.8
SSR_P;2014;240000489;240000117;M1320;;1;0.6
SSR_P;2014;240000489;240000117;N241P;4;0;3.4
SSR_P;2014;240000489;240000117;N2430;1;1;0.6
SSR_P;2014;240000489;240000117;N2460;1;0;1
SSR_P;2014;240000489;240000117;N2500;21;6;25.43
SSR_P;2014;240000489;240000117;N2710;1;0;0.1
SSR_P;2014;240000489;240000117;N3120;1;0;1
SSR_P;2014;240000489;240000117;NAUT;15;0;13.5
SSR_P;2014;240000489;240000117;NCINF;13;1;13.55
SSR_P;2014;240000505;240000133;M1180;;1;0.5
SSR_P;2014;240000505;240000133;MAUT;;1;0.21
SSR_P;2014;240000505;240000133;N241P;;1;0.6
SSR_P;2014;240000505;240000133;N2500;6;1;6.8
SSR_P;2014;240000505;240000133;N3120;;1;0.5
SSR_P;2014;240000505;240000133;NAUT;1;;1
SSR_P;2014;240000505;240000133;NCINF;4;4;5.4
SSR_P;2014;240000513;240000141;M1010;1;;1.55
SSR_P;2014;240000513;240000141;N241P;1;;0.8
SSR_P;2014;240000513;240000141;N2450;;1;0.71
SSR_P;2014;240000513;240000141;N2500;9;;9.51
SSR_P;2014;240000513;240000141;N3120;;1;0.5
SSR_P;2014;240000513;240000141;NCINF;1;1;1.6
SSR_P;2014;240000521;240000158;M1010;;4;1
SSR_P;2014;240000521;240000158;M1320;;1;0.5
SSR_P;2014;240000521;240000158;N241P;1;;1
SSR_P;2014;240000521;240000158;N2460;;1;0.5
SSR_P;2014;240000521;240000158;N2500;9;;9
SSR_P;2014;240000521;240000158;N3120;;1;0.25
SSR_P;2014;240000521;240000158;NAUT;4;;4
SSR_P;2014;240000521;240000158;NCINF;3;2;3.28
SSR_P;2014;240000539;240000166;M1010;3;4;3.3
SSR_P;2014;240000539;240000166;MAUT;1;;0.19
SSR_P;2014;240000539;240000166;N241P;1;2;1.18
SSR_P;2014;240000539;240000166;N2460;1;;0.5
SSR_P;2014;240000539;240000166;N2500;25;1;14.69
SSR_P;2014;240000539;240000166;N2710;;1;0.4
SSR_P;2014;240000539;240000166;N3120;;1;0.55
SSR_P;2014;240000539;240000166;NAUT;52;4;13.61
SSR_P;2014;240000539;240000166;NCINF;9;1;6.13
SSR_P;2014;240000661;240000281;M1010;;2;0.8
SSR_P;2014;240000661;240000281;N241P;;1;0.69
SSR_P;2014;240000661;240000281;N2500;11;;11
SSR_P;2014;240000661;240000281;N2710;;1;0.69
SSR_P;2014;240000661;240000281;N3120;;1;0.5
SSR_P;2014;240000661;240000281;NCINF;9;1;9.5
SSR_P;2014;240000687;240000448;M1010;;1;0.93
SSR_P;2014;240000687;240000448;M1320;;1;0.5
SSR_P;2014;240000687;240000448;N241P;;1;0.9
SSR_P;2014;240000687;240000448;N2450;;1;0.15
SSR_P;2014;240000687;240000448;N2500;9;3;11.38
SSR_P;2014;240000687;240000448;N3120;;1;0.4
SSR_P;2014;240000687;240000448;NAUT;6;2;7.04
SSR_P;2014;240000687;240000448;NCINF;10;;9.29
SSR_P;2014;240002402;240003251;M1010;2;4;4.31
SSR_P;2014;240002402;240003251;M1040;1;3;1.8
SSR_P;2014;240002402;240003251;M1180;1;1;1.8
SSR_P;2014;240002402;240003251;N241P;7;0;7
SSR_P;2014;240002402;240003251;N2430;1;0;1
SSR_P;2014;240002402;240003251;N2450;0;1;0.59
SSR_P;2014;240002402;240003251;N2460;3;1;3.5
SSR_P;2014;240002402;240003251;N2470;1;0;1
SSR_P;2014;240002402;240003251;N2500;26;2;27
SSR_P;2014;240002402;240003251;N2710;1;0;1
SSR_P;2014;240002402;240003251;N310H;1;1;1.64
SSR_P;2014;240002402;240003251;N3120;1;0;1
SSR_P;2014;240002402;240003251;NAUT;19;2;20
SSR_P;2014;240002402;240003251;NCINF;17;1;17.8
SSR_P;2014;240008318;240002428;M1320;;1;0.8
SSR_P;2014;240008318;240002428;MAUT;;1;0.2
SSR_P;2014;240008318;240002428;N2430;;1;0.2
SSR_P;2014;240008318;240002428;N2450;;1;0.2
SSR_P;2014;240008318;240002428;N2460;;1;0.5
SSR_P;2014;240008318;240002428;N2500;4;;4
SSR_P;2014;240008318;240002428;N2710;;1;0.5
SSR_P;2014;240008318;240002428;N3120;;1;0.2
SSR_P;2014;240008318;240002428;NAUT;5;;5
SSR_P;2014;240008318;240002428;NCINF;6;;6
SSR_P;2014;250000270;250000643;M1180;2;2;3.37
SSR_P;2014;250000270;250000643;N2450;;1;0.4
SSR_P;2014;250000270;250000643;N2460;1;;1
SSR_P;2014;250000270;250000643;N2500;10;15;18.84
SSR_P;2014;250000270;250000643;N2710;;3;1.01
SSR_P;2014;250000270;250000643;NAUT;1;1;1.5
SSR_P;2014;250000270;250000643;NCINF;15;11;20.38
SSR_P;2014;250000288;250000643;M1010;1;2;2.33
SSR_P;2014;250000288;250000643;N2500;20;9;22.5
SSR_P;2014;250000288;250000643;NCINF;9;3;9.69
SSR_P;2014;250000544;250002284;M1010;1;1;1.95
SSR_P;2014;250000544;250002284;M1140;;1;0.1
SSR_P;2014;250000544;250002284;M1180;1;;1
SSR_P;2014;250000544;250002284;MAUT;;2;0.7
SSR_P;2014;250000544;250002284;N241P;10;5;11.7
SSR_P;2014;250000544;250002284;N2430;2;1;1.8
SSR_P;2014;250000544;250002284;N2450;0;1;0.4
SSR_P;2014;250000544;250002284;N2460;4;1;4.6
SSR_P;2014;250000544;250002284;N2470;0;1;0.7
SSR_P;2014;250000544;250002284;N2500;16;8;22.85
SSR_P;2014;250000544;250002284;N2710;1;0;1
SSR_P;2014;250000544;250002284;N310H;0;1;0.6
SSR_P;2014;250000544;250002284;N3120;1;0;0.85
SSR_P;2014;250000544;250002284;NAUT;10;16;21.55
SSR_P;2014;250000544;250002284;NCINF;13;9;19.35
SSR_P;2014;250000627;250000221;M1010;;26;
SSR_P;2014;250000627;250000221;N241P;;1;0.5
SSR_P;2014;250000627;250000221;N2500;3;6;6.93
SSR_P;2014;250000627;250000221;NAUT;2;3;4.35
SSR_P;2014;250000627;250000221;NCINF;1;3;4.04
SSR_P;2014;250000635;250000239;M1010;;4;0.54
SSR_P;2014;250000635;250000239;N2500;11;3;14.14
SSR_P;2014;250000635;250000239;N2710;;;0.18
SSR_P;2014;250000635;250000239;NAUT;4;2;5.34
SSR_P;2014;250000635;250000239;NCINF;3;2;5.43
SSR_P;2014;250000726;250000478;M1010;;1;
SSR_P;2014;250000726;250000478;MAUT;;1;0.5
SSR_P;2014;250000726;250000478;N2500;6;11;17.07
SSR_P;2014;250000726;250000478;N2710;;1;0.38
SSR_P;2014;250000726;250000478;N3120;;1;0.56
SSR_P;2014;250000726;250000478;NCINF;2;6;8.18
SSR_P;2014;250000734;250000452;M1320;;1;0.37
SSR_P;2014;250000734;250000452;N241P;;1;0.56
SSR_P;2014;250000734;250000452;N2500;3;2;5.67
SSR_P;2014;250000734;250000452;NAUT;4;12;7.1
SSR_P;2014;250000734;250000452;NCINF;2;8;8.2
SSR_P;2014;250000759;250000569;M1180;6;1;7.83
SSR_P;2014;250000759;250000569;MAUT;1;1;1.18
SSR_P;2014;250000759;250000569;N241P;2;2;3.9
SSR_P;2014;250000759;250000569;N2430;;1;0.5
SSR_P;2014;250000759;250000569;N2450;1;1;1.8
SSR_P;2014;250000759;250000569;N2460;2;;2
SSR_P;2014;250000759;250000569;N2500;63;30;84.9
SSR_P;2014;250000759;250000569;N2710;2;1;2.5
SSR_P;2014;250000759;250000569;N3120;3;1;3.3
SSR_P;2014;250000759;250000569;NCINF;18;20;43.2
SSR_P;2014;250000882;250002839;M1010;;4;2.92
SSR_P;2014;250000882;250002839;M1180;;1;0.93
SSR_P;2014;250000882;250002839;N241P;8;4;11.58
SSR_P;2014;250000882;250002839;N2430;1;1;1.75
SSR_P;2014;250000882;250002839;N2450;;1;0.5
SSR_P;2014;250000882;250002839;N2460;;4;3.2
SSR_P;2014;250000882;250002839;N2500;21;9;27.4
SSR_P;2014;250000882;250002839;N2710;;1;0.3
SSR_P;2014;250000882;250002839;N3120;;1;0.5
SSR_P;2014;250000882;250002839;NAUT;2;;2
SSR_P;2014;250000882;250002839;NCINF;12;9;18.92
SSR_P;2014;250004009;900000365;M1010;2;;0.84
SSR_P;2014;250004009;900000365;M1180;3;;3
SSR_P;2014;250004009;900000365;M1320;5;1;6.2
SSR_P;2014;250004009;900000365;N241P;8;2;7.45
SSR_P;2014;250004009;900000365;N2430;1;0;1
SSR_P;2014;250004009;900000365;N2460;2;2;2.44
SSR_P;2014;250004009;900000365;N2500;43;32;61.97
SSR_P;2014;250004009;900000365;N2710;1;2;2.09
SSR_P;2014;250004009;900000365;N310H;1;;1
SSR_P;2014;250004009;900000365;NAUT;27;7;29.75
SSR_P;2014;250004009;900000365;NCINF;27;17;40.32
SSR_P;2014;250006954;250000015;M1010;;1;0.4
SSR_P;2014;250006954;250000015;M1120;;1;0.03
SSR_P;2014;250006954;250000015;M1180;;2;0.1
SSR_P;2014;250006954;250000015;M1190;;1;0.1
SSR_P;2014;250006954;250000015;N241P;3;0;1.88
SSR_P;2014;250006954;250000015;N2430;0;1;0.22
SSR_P;2014;250006954;250000015;N2450;0;1;0.09
SSR_P;2014;250006954;250000015;N2460;1;0;0.65
SSR_P;2014;250006954;250000015;N2500;9;3;7.09
SSR_P;2014;250006954;250000015;N2710;0;1;0.08
SSR_P;2014;250006954;250000015;N310H;1;0;1.06
SSR_P;2014;250006954;250000015;N3120;0;1;0.62
SSR_P;2014;250006954;250000015;NAUT;2;4;2.9
SSR_P;2014;250006954;250000015;NCINF;7;1;5.8
SSR_P;2014;250016003;250006335;M1040;;3;1.25
SSR_P;2014;250016003;250006335;M1150;;1;0.3
SSR_P;2014;250016003;250006335;M1180;;1;0.05
SSR_P;2014;250016003;250006335;MAUT;;1;0.1
SSR_P;2014;250016003;250006335;N241P;1;2;1.81
SSR_P;2014;250016003;250006335;N2450;1;1;1.12
SSR_P;2014;250016003;250006335;N2710;;1;0.5
SSR_P;2014;250016003;250006335;N310H;;3;3.61
SSR_P;2014;250016003;250006335;N3120;;1;0.2
SSR_P;2014;250016003;250006335;NAUT;;11;3.05
SSR_P;2014;250016003;250006335;NCINF;2;2;2.58
SSR_P;2014;250019478;250000015;M1010;;;0.33
SSR_P;2014;250019478;250000015;N2710;1;;1
SSR_P;2014;250019478;250000015;N310H;;;0.35
SSR_P;2014;250019478;250000015;N3120;;1;0.5
SSR_P;2014;250019478;250000015;NAUT;;1;0.2
SSR_P;2014;250019478;250000015;NCINF;1;1;1.5
SSR_P;2014;260000013;260000021;M1010;2;1;1.29
SSR_P;2014;260000013;260000021;M1320;1;1;1.28
SSR_P;2014;260000013;260000021;MAUT;4;;0.6
SSR_P;2014;260000013;260000021;N241P;10;;8.13
SSR_P;2014;260000013;260000021;N2430;;;0.09
SSR_P;2014;260000013;260000021;N2460;2;1;2.03
SSR_P;2014;260000013;260000021;N2470;;;0.18
SSR_P;2014;260000013;260000021;N2500;20;11;25.01
SSR_P;2014;260000013;260000021;N2710;1;1;2.47
SSR_P;2014;260000013;260000021;N310H;;1;0.46
SSR_P;2014;260000013;260000021;N3120;;2;1.4
SSR_P;2014;260000013;260000021;NAUT;3;7;7.7
SSR_P;2014;260000013;260000021;NCINF;17;9;21.16
SSR_P;2014;260000120;260016910;M1320;2;;0.97
SSR_P;2014;260000120;260016910;N241P;;1;0.9
SSR_P;2014;260000120;260016910;N2430;;1;0.25
SSR_P;2014;260000120;260016910;N2460;;1;0.2
SSR_P;2014;260000120;260016910;N2500;8;7;12.65
SSR_P;2014;260000120;260016910;N2710;;1;0.2
SSR_P;2014;260000120;260016910;N3120;;2;0.9
SSR_P;2014;260000120;260016910;NAUT;1;1;1.53
SSR_P;2014;260000120;260016910;NCINF;4;11;10.83
SSR_P;2014;260000138;260000047;M1010;4;;2.08
SSR_P;2014;260000138;260000047;N2450;;1;0.1
SSR_P;2014;260000138;260000047;N2460;;1;0.83
SSR_P;2014;260000138;260000047;N2500;23;2;20.67
SSR_P;2014;260000138;260000047;N2710;;1;0.34
SSR_P;2014;260000138;260000047;N3120;1;;0.5
SSR_P;2014;260000138;260000047;NAUT;6;1;6.91
SSR_P;2014;260000138;260000047;NCINF;13;3;14.62
SSR_P;2014;260000153;690795331;M1010;;1;1.5
SSR_P;2014;260000153;690795331;M1320;1;1;0.99
SSR_P;2014;260000153;690795331;MAUT;;1;0.89
SSR_P;2014;260000153;690795331;N241P;1;;0.98
SSR_P;2014;260000153;690795331;N2500;7;8;11.99
SSR_P;2014;260000153;690795331;N2710;;1;0.2
SSR_P;2014;260000153;690795331;N310H;;1;0.51
SSR_P;2014;260000153;690795331;N3120;;1;0.74
SSR_P;2014;260000153;690795331;NAUT;16;13;24.99
SSR_P;2014;260000153;690795331;NCINF;8;5;8.48
SSR_P;2014;260000195;260006770;M1010;;1;0.28
SSR_P;2014;260000195;260006770;M1150;;5;2.51
SSR_P;2014;260000195;260006770;MAUT;;1;0.36
SSR_P;2014;260000195;260006770;N241P;4;2;5.42
SSR_P;2014;260000195;260006770;N2450;;1;0.37
SSR_P;2014;260000195;260006770;N2500;4;7;4.4
SSR_P;2014;260000195;260006770;N310H;;1;0.37
SSR_P;2014;260000195;260006770;N3120;;1;0.23
SSR_P;2014;260000195;260006770;NAUT;15;12;18.5
SSR_P;2014;260000195;260006770;NCINF;6;9;6.98
SSR_P;2014;260000203;260016910;M1180;4;;3.54
SSR_P;2014;260000203;260016910;N241P;8;2;9.43
SSR_P;2014;260000203;260016910;N2430;;1;0.5
SSR_P;2014;260000203;260016910;N2460;3;2;6.7
SSR_P;2014;260000203;260016910;N2470;;1;0.5
SSR_P;2014;260000203;260016910;N2500;19;10;27.69
SSR_P;2014;260000203;260016910;N3120;1;2;1.27
SSR_P;2014;260000203;260016910;NAUT;10;5;12.38
SSR_P;2014;260000203;260016910;NCINF;8;12;18.23
SSR_P;2014;260000229;260000070;M1010;;6;
SSR_P;2014;260000229;260000070;MAUT;;1;0.15
SSR_P;2014;260000229;260000070;N2500;4;0;2.58
SSR_P;2014;260000229;260000070;NAUT;1;0;1
SSR_P;2014;260000229;260000070;NCINF;2;3;3.06
SSR_P;2014;260000237;260000088;M1010;0;3;0.78
SSR_P;2014;260000237;260000088;N241P;2;;2
SSR_P;2014;260000237;260000088;N2450;;1;0.07
SSR_P;2014;260000237;260000088;N2460;;1;0.25
SSR_P;2014;260000237;260000088;N2470;;1;0.1
SSR_P;2014;260000237;260000088;N2500;6;1;6.6
SSR_P;2014;260000237;260000088;N2710;;1;0.1
SSR_P;2014;260000237;260000088;N3120;;2;0.23
SSR_P;2014;260000237;260000088;NAUT;1;4;4
SSR_P;2014;260000237;260000088;NCINF;3;3;5.05
SSR_P;2014;260000278;260000096;M1010;;5;0.92
SSR_P;2014;260000278;260000096;MAUT;1;1;0.24
SSR_P;2014;260000278;260000096;N241P;2;;0.75
SSR_P;2014;260000278;260000096;N2450;;1;0.15
SSR_P;2014;260000278;260000096;N2460;;1;0.2
SSR_P;2014;260000278;260000096;N2470;1;;0.13
SSR_P;2014;260000278;260000096;N2500;5;3;5.07
SSR_P;2014;260000278;260000096;N2710;1;;0.12
SSR_P;2014;260000278;260000096;N310H;1;;0.51
SSR_P;2014;260000278;260000096;N3120;;1;0.23
SSR_P;2014;260000278;260000096;NCINF;5;5;5.2
SSR_P;2014;260000286;260000104;M1180;;1;1
SSR_P;2014;260000286;260000104;N241P;1;3;1.88
SSR_P;2014;260000286;260000104;N2450;;1;0.25
SSR_P;2014;260000286;260000104;N2460;;2;0.22
SSR_P;2014;260000286;260000104;N2500;6;11;12.46
SSR_P;2014;260000286;260000104;N3120;;2;0.45
SSR_P;2014;260000286;260000104;NAUT;;2;0.37
SSR_P;2014;260000286;260000104;NCINF;2;3;3.02
SSR_P;2014;260000682;930019484;M1010;1;;1
SSR_P;2014;260000682;930019484;M1180;4;;3.75
SSR_P;2014;260000682;930019484;MAUT;;2;0.7
SSR_P;2014;260000682;930019484;N241P;8;12;14.76
SSR_P;2014;260000682;930019484;N2430;;3;1.71
SSR_P;2014;260000682;930019484;N2450;;1;0.44
SSR_P;2014;260000682;930019484;N2460;8;2;6.28
SSR_P;2014;260000682;930019484;N2470;;1;0.8
SSR_P;2014;260000682;930019484;N2500;17;6;20.51
SSR_P;2014;260000682;930019484;N2710;1;2;2.29
SSR_P;2014;260000682;930019484;N310H;;1;0.6
SSR_P;2014;260000682;930019484;N3120;1;1;1.75
SSR_P;2014;260000682;930019484;NAUT;3;2;4.3
SSR_P;2014;260000682;930019484;NCINF;6;11;14.37
SSR_P;2014;260006267;070000245;M1180;;2;1.2
SSR_P;2014;260006267;070000245;M1320;;2;1
SSR_P;2014;260006267;070000245;MAUT;;1;0.5
SSR_P;2014;260006267;070000245;N241P;;8;6
SSR_P;2014;260006267;070000245;N2430;;2;0.71
SSR_P;2014;260006267;070000245;N2450;1;;1
SSR_P;2014;260006267;070000245;N2460;1;1;1.18
SSR_P;2014;260006267;070000245;N2470;;3;1.59
SSR_P;2014;260006267;070000245;N2500;19;8;23.19
SSR_P;2014;260006267;070000245;N2710;;1;0.3
SSR_P;2014;260006267;070000245;N3120;1;;1.01
SSR_P;2014;260006267;070000245;NAUT;11;3;12.04
SSR_P;2014;260006267;070000245;NCINF;16;5;16.54
SSR_P;2014;260017454;260016761;M1010;;1;0.1
SSR_P;2014;260017454;260016761;M1040;1;3;4.11
SSR_P;2014;260017454;260016761;M1140;1;;1
SSR_P;2014;260017454;260016761;M1150;2;;2.11
SSR_P;2014;260017454;260016761;MAUT;;2;1.14
SSR_P;2014;260017454;260016761;N241P;4;1;4.94
SSR_P;2014;260017454;260016761;N2450;;2;1.3
SSR_P;2014;260017454;260016761;N2500;10;13;19.48
SSR_P;2014;260017454;260016761;N2710;;2;1.16
SSR_P;2014;260017454;260016761;N310H;4;1;2.71
SSR_P;2014;260017454;260016761;N3120;;1;0.49
SSR_P;2014;260017454;260016761;NAUT;39;17;48.31
SSR_P;2014;260017454;260016761;NCINF;16;15;24.22
SSR_P;2014;270000045;270000060;M1320;1;1;1.25
SSR_P;2014;270000045;270000060;N241P;2;;0.73
SSR_P;2014;270000045;270000060;N2450;1;;0.2
SSR_P;2014;270000045;270000060;N2460;1;;0.2
SSR_P;2014;270000045;270000060;N2500;5;4;8.24
SSR_P;2014;270000045;270000060;N2710;1;;0.8
SSR_P;2014;270000045;270000060;N3120;1;;0.5
SSR_P;2014;270000045;270000060;NAUT;2;1;3.16
SSR_P;2014;270000045;270000060;NCINF;3;4;4.69
SSR_P;2014;270000342;270000698;M1010;2;;2
SSR_P;2014;270000342;270000698;M1180;1;;1
SSR_P;2014;270000342;270000698;MAUT;;1;0.5
SSR_P;2014;270000342;270000698;N241P;7;;7
SSR_P;2014;270000342;270000698;N2430;1;;1
SSR_P;2014;270000342;270000698;N2460;2;;2
SSR_P;2014;270000342;270000698;N2500;15;1;15.4
SSR_P;2014;270000342;270000698;N2710;1;;1
SSR_P;2014;270000342;270000698;N310H;2;;2
SSR_P;2014;270000342;270000698;N3120;;1;0.5
SSR_P;2014;270000342;270000698;NAUT;16;2;16.8
SSR_P;2014;270000342;270000698;NCINF;12;1;12.8
SSR_P;2014;270000367;270000086;M1320;;2;1.09
SSR_P;2014;270000367;270000086;N241P;;1;0.27
SSR_P;2014;270000367;270000086;N2470;;1;0.43
SSR_P;2014;270000367;270000086;N2500;15;;14.29
SSR_P;2014;270000367;270000086;NAUT;1;1;1.8
SSR_P;2014;270000367;270000086;NCINF;6;1;7.75
SSR_P;2014;270000391;760024042;M1320;1;1;1.6
SSR_P;2014;270000391;760024042;N241P;5;;4.5
SSR_P;2014;270000391;760024042;N2460;;2;0.95
SSR_P;2014;270000391;760024042;N2470;;1;0.4
SSR_P;2014;270000391;760024042;N2500;21;31;19.99
SSR_P;2014;270000391;760024042;N2710;1;;1
SSR_P;2014;270000391;760024042;NAUT;2;25;6.4
SSR_P;2014;270000391;760024042;NCINF;11;7;14.2
SSR_P;2014;270000417;760025734;M1010;0;1;0.5
SSR_P;2014;270000417;760025734;M1320;2;0;2
SSR_P;2014;270000417;760025734;N241P;2;0;2
SSR_P;2014;270000417;760025734;N2450;0;1;0.2
SSR_P;2014;270000417;760025734;N2460;0;1;0.5
SSR_P;2014;270000417;760025734;N2500;16;3;17.4
SSR_P;2014;270000417;760025734;N2710;0;1;0.2
SSR_P;2014;270000417;760025734;NAUT;6;1;6.5
SSR_P;2014;270000417;760025734;NCINF;12;2;13.6
SSR_P;2014;270000425;270000102;M1010;1;2;0.8
SSR_P;2014;270000425;270000102;M1320;1;;1
SSR_P;2014;270000425;270000102;N241P;1;1;2.91
SSR_P;2014;270000425;270000102;N2460;;1;0.13
SSR_P;2014;270000425;270000102;N2500;11;9;17.24
SSR_P;2014;270000425;270000102;N3120;;1;0.58
SSR_P;2014;270000425;270000102;NAUT;3;5;7.94
SSR_P;2014;270000425;270000102;NCINF;6;9;9.92
SSR_P;2014;270000433;750043994;M1010;3;0;3
SSR_P;2014;270000433;750043994;N241P;0;3;1.5
SSR_P;2014;270000433;750043994;N2450;0;1;0.1
SSR_P;2014;270000433;750043994;N2460;0;1;0.5
SSR_P;2014;270000433;750043994;N2500;9;9;12
SSR_P;2014;270000433;750043994;N2710;0;1;0.5
SSR_P;2014;270000433;750043994;N3120;0;1;0.5
SSR_P;2014;270000433;750043994;NAUT;17;4;19.4
SSR_P;2014;270000433;750043994;NCINF;8;2;8.9
SSR_P;2014;270000441;270000110;M1010;1;;1
SSR_P;2014;270000441;270000110;N241P;0;1;0.13
SSR_P;2014;270000441;270000110;N2500;7;0;7
SSR_P;2014;270000441;270000110;N2710;;1;0.21
SSR_P;2014;270000441;270000110;NAUT;7;0;4.17
SSR_P;2014;270000441;270000110;NCINF;6;2;8.42
SSR_P;2014;270000458;270023724;M1010;2;;1.48
SSR_P;2014;270000458;270023724;N2500;11;3;12.47
SSR_P;2014;270000458;270023724;NAUT;;2;1.58
SSR_P;2014;270000458;270023724;NCINF;5;1;5.81
SSR_P;2014;270000474;270000136;N241P;2;;1.75
SSR_P;2014;270000474;270000136;N2500;9;;4.53
SSR_P;2014;270000474;270000136;NCINF;5;;3.99
SSR_P;2014;270000482;270000144;M1010;1;1;0.9
SSR_P;2014;270000482;270000144;MAUT;;1;0.5
SSR_P;2014;270000482;270000144;N241P;;1;0.7
SSR_P;2014;270000482;270000144;N2450;;1;0.4
SSR_P;2014;270000482;270000144;N2500;6;;6
SSR_P;2014;270000482;270000144;N2710;;1;0.5
SSR_P;2014;270000482;270000144;N3120;;1;0.66
SSR_P;2014;270000482;270000144;NCINF;6;1;6.8
SSR_P;2014;270000516;270000177;M1180;0;1;1
SSR_P;2014;270000870;270000987;M1010;1;1;1.2
SSR_P;2014;270000870;270000987;N2450;;1;0.2
SSR_P;2014;270000870;270000987;N2710;2;;2
SSR_P;2014;270000870;270000987;N310H;;1;0.5
SSR_P;2014;270000870;270000987;N3120;;1;0.2
SSR_P;2014;270000870;270000987;NCINF;7;2;7.7
SSR_P;2014;270000896;930019484;M1010;1;;1
SSR_P;2014;270000896;930019484;M1120;;1;0.8
SSR_P;2014;270000896;930019484;M1180;;2;0.69
SSR_P;2014;270000896;930019484;M1320;;1;0.5
SSR_P;2014;270000896;930019484;N241P;5;;5
SSR_P;2014;270000896;930019484;N2430;;1;0.5
SSR_P;2014;270000896;930019484;N2460;4;1;4.75
SSR_P;2014;270000896;930019484;N2500;23;1;21.21
SSR_P;2014;270000896;930019484;N2710;1;;1
SSR_P;2014;270000896;930019484;N310H;;1;0.5
SSR_P;2014;270000896;930019484;N3120;;1;0.5
SSR_P;2014;270000896;930019484;NAUT;1;1;1.37
SSR_P;2014;270000896;930019484;NCINF;15;;12.76
SSR_P;2014;270000912;750814030;M1040;1;4;1.75
SSR_P;2014;270000912;750814030;M1070;2;;2
SSR_P;2014;270000912;750814030;M1120;2;;2
SSR_P;2014;270000912;750814030;M1150;2;;1.83
SSR_P;2014;270000912;750814030;M1180;3;1;3.28
SSR_P;2014;270000912;750814030;M1320;4;;3.12
SSR_P;2014;270000912;750814030;M3020;;1;0.2
SSR_P;2014;270000912;750814030;MAUT;3;1;3.8
SSR_P;2014;270000912;750814030;N241P;32;3;28.86
SSR_P;2014;270000912;750814030;N2430;2;1;2.3
SSR_P;2014;270000912;750814030;N2450;3;1;3.84
SSR_P;2014;270000912;750814030;N2460;14;2;13.57
SSR_P;2014;270000912;750814030;N2470;1;;1
SSR_P;2014;270000912;750814030;N2500;108;16;116.48
SSR_P;2014;270000912;750814030;N2710;7;1;7.36
SSR_P;2014;270000912;750814030;N3120;4;;4
SSR_P;2014;270000912;750814030;NAUT;2;2;2.92
SSR_P;2014;270000912;750814030;NCINF;150;8;148.65
SSR_P;2014;270003924;760024042;M1320;1;2;2.3
SSR_P;2014;270003924;760024042;N2500;22;20;31.06
SSR_P;2014;270003924;760024042;N2710;1;;1
SSR_P;2014;270003924;760024042;NAUT;1;1;0.75
SSR_P;2014;270003924;760024042;NCINF;11;18;17.69
SSR_P;2014;280000035;750043994;M1010;2;1;2.2
SSR_P;2014;280000035;750043994;M1320;1;;1
SSR_P;2014;280000035;750043994;N2450;1;;0.5
SSR_P;2014;280000035;750043994;N2460;1;;0.6
SSR_P;2014;280000035;750043994;N2500;15;;15
SSR_P;2014;280000035;750043994;N2710;1;;0.5
SSR_P;2014;280000035;750043994;N3120;1;;1
SSR_P;2014;280000035;750043994;NCINF;10;;10
SSR_P;2014;280000043;280000134;M1320;2;1;2.45
SSR_P;2014;280000043;280000134;N241P;0;1;0.8
SSR_P;2014;280000043;280000134;N2460;1;0;0.25
SSR_P;2014;280000043;280000134;N2500;34;4;35.46
SSR_P;2014;280000043;280000134;N2710;;1;0.27
SSR_P;2014;280000043;280000134;N3120;1;1;1
SSR_P;2014;280000043;280000134;NAUT;6;3;6.97
SSR_P;2014;280000043;280000134;NCINF;14;4;16.98
SSR_P;2014;280000084;280000183;M1010;2;;2
SSR_P;2014;280000084;280000183;M1180;3;1;3.8
SSR_P;2014;280000084;280000183;M1320;1;;1
SSR_P;2014;280000084;280000183;N241P;11;5;12.25
SSR_P;2014;280000084;280000183;N2430;1;;1
SSR_P;2014;280000084;280000183;N2460;3;2;4.1
SSR_P;2014;280000084;280000183;N2500;49;5;55.83
SSR_P;2014;280000084;280000183;N2710;2;2;3.4
SSR_P;2014;280000084;280000183;N310H;1;;1
SSR_P;2014;280000084;280000183;N3120;1;;1
SSR_P;2014;280000084;280000183;NAUT;20;2;21.14
SSR_P;2014;280000084;280000183;NCINF;38;5;41.23
SSR_P;2014;280000100;280000225;M1010;;4;0.47
SSR_P;2014;280000100;280000225;M1120;;1;0.08
SSR_P;2014;280000100;280000225;M1180;;1;0.05
SSR_P;2014;280000100;280000225;M1320;;1;0.4
SSR_P;2014;280000100;280000225;N241P;;1;0.5
SSR_P;2014;280000100;280000225;N2450;;1;0.1
SSR_P;2014;280000100;280000225;N2460;;1;0.42
SSR_P;2014;280000100;280000225;N2500;7;;5.7
SSR_P;2014;280000100;280000225;N2710;;1;0.1
SSR_P;2014;280000100;280000225;N3120;;1;0.08
SSR_P;2014;280000100;280000225;NAUT;1;1;1.7
SSR_P;2014;280000100;280000225;NCINF;2;4;4.12
SSR_P;2014;280000266;450018106;M1010;2;;2
SSR_P;2014;280000266;450018106;M1180;2;;2
SSR_P;2014;280000266;450018106;M1320;1;;1
SSR_P;2014;280000266;450018106;N241P;12;0;11
SSR_P;2014;280000266;450018106;N2430;1;;1
SSR_P;2014;280000266;450018106;N2450;0;1;0.4
SSR_P;2014;280000266;450018106;N2460;3;1;3.7
SSR_P;2014;280000266;450018106;N2500;27;8;32
SSR_P;2014;280000266;450018106;N2710;1;;1
SSR_P;2014;280000266;450018106;N3120;1;1;1.2
SSR_P;2014;280000266;450018106;NCINF;24;5;27.5
SSR_P;2014;280000431;310021167;M1010;;3;0.43
SSR_P;2014;280000431;310021167;M1040;3;1;3.34
SSR_P;2014;280000431;310021167;N241P;3;1;3.8
SSR_P;2014;280000431;310021167;N2450;1;;1
SSR_P;2014;280000431;310021167;N2500;11;1;11.79
SSR_P;2014;280000431;310021167;N3120;;1;0.5
SSR_P;2014;280000431;310021167;NAUT;1;;1
SSR_P;2014;280000431;310021167;NCINF;14;1;14.63
SSR_P;2014;280000449;750055634;M1040;;3;1
SSR_P;2014;280000449;750055634;M1070;;;0.05
SSR_P;2014;280000449;750055634;MAUT;;1;0.06
SSR_P;2014;280000449;750055634;N241P;;1;0.5
SSR_P;2014;280000449;750055634;N2450;1;;1.1
SSR_P;2014;280000449;750055634;N2500;4;;5
SSR_P;2014;280000449;750055634;N2710;;1;0.2
SSR_P;2014;280000449;750055634;N310H;1;;1.1
SSR_P;2014;280000449;750055634;N3120;;1;0.3
SSR_P;2014;280000449;750055634;NAUT;;4;2.8
SSR_P;2014;280000449;750055634;NCINF;7;3;8.1
SSR_P;2014;280000662;280500075;M1010;3;;2.82
SSR_P;2014;280000662;280500075;N2450;;1;0.25
SSR_P;2014;280000662;280500075;N2500;24;4;28.71
SSR_P;2014;280000662;280500075;NAUT;8;0;8.21
SSR_P;2014;280000662;280500075;NCINF;10;6;15.49
SSR_P;2014;280502998;280000589;M1010;1;;0.97
SSR_P;2014;280502998;280000589;N241P;1;;0.6
SSR_P;2014;280502998;280000589;N2500;10;2;10.29
SSR_P;2014;280502998;280000589;NAUT;6;2;6.2
SSR_P;2014;280502998;280000589;NCINF;8;1;7.44
SSR_P;2014;280504267;280000134;M1150;1;;0.4
SSR_P;2014;280504267;280000134;N2710;;1;0.21
SSR_P;2014;280504267;280000134;NAUT;;1;0.5
SSR_P;2014;280504267;280000134;NCINF;1;;1
SSR_P;2014;280505223;280001132;M1010;0;2;0.66
SSR_P;2014;280505223;280001132;M1070;0;3;0.92
SSR_P;2014;280505223;280001132;N241P;0;1;0.15
SSR_P;2014;280505223;280001132;N2450;0;3;1.55
SSR_P;2014;280505223;280001132;N2500;0;1;0.05
SSR_P;2014;280505223;280001132;N2710;0;2;0.68
SSR_P;2014;280505223;280001132;N310H;1;2;1.15
SSR_P;2014;280505223;280001132;N3120;0;1;0.2
SSR_P;2014;280505223;280001132;NAUT;13;1;15.78
SSR_P;2014;280505223;280001132;NCINF;4;6;8.8
SSR_P;2014;280505264;280006370;M1010;;1;0.96
SSR_P;2014;280505264;280006370;M1320;1;1;0.72
SSR_P;2014;280505264;280006370;N241P;;3;1.5
SSR_P;2014;280505264;280006370;N2450;;1;0.14
SSR_P;2014;280505264;280006370;N2460;;1;0.2
SSR_P;2014;280505264;280006370;N2710;10;;10
SSR_P;2014;280505264;280006370;N3120;;1;0.34
SSR_P;2014;280505264;280006370;NCINF;8;2;9
SSR_P;2014;280506015;280001264;M1010;3;;3
SSR_P;2014;280506015;280001264;N2710;3;2;4.41
SSR_P;2014;280506015;280001264;NCINF;8;;8.4
SSR_P;2014;290000033;290021542;M1010;7;2;6.02
SSR_P;2014;290000033;290021542;M1180;;1;0.38
SSR_P;2014;290000033;290021542;M1320;2;0;1.1
SSR_P;2014;290000033;290021542;N241P;3;;3.36
SSR_P;2014;290000033;290021542;N2460;3;;1.7
SSR_P;2014;290000033;290021542;N2500;34;11;39.1
SSR_P;2014;290000033;290021542;NAUT;13;1;12.41
SSR_P;2014;290000033;290021542;NCINF;14;20;27.66
SSR_P;2014;290000058;290000017;M1180;2;1;2.5
SSR_P;2014;290000058;290000017;N241P;5;2;6
SSR_P;2014;290000058;290000017;N2430;;1;0.8
SSR_P;2014;290000058;290000017;N2460;1;3;3.1
SSR_P;2014;290000058;290000017;N2500;14;2;14.2
SSR_P;2014;290000058;290000017;N2710;;1;0.5
SSR_P;2014;290000058;290000017;N310H;1;;1
SSR_P;2014;290000058;290000017;N3120;;1;0.3
SSR_P;2014;290000058;290000017;NAUT;5;2;5.4
SSR_P;2014;290000058;290000017;NCINF;8;2;8.2
SSR_P;2014;290000066;290020700;M1010;3;0;1.93
SSR_P;2014;290000066;290020700;M1150;0;1;0.4
SSR_P;2014;290000066;290020700;M1180;2;1;1.5
SSR_P;2014;290000066;290020700;N241P;8;3;10.85
SSR_P;2014;290000066;290020700;N2430;1;2;0.68
SSR_P;2014;290000066;290020700;N2450;1;0;0.1
SSR_P;2014;290000066;290020700;N2460;2;4;5.29
SSR_P;2014;290000066;290020700;N2500;17;11;27.28
SSR_P;2014;290000066;290020700;N2710;;1;0.08
SSR_P;2014;290000066;290020700;N310H;0;1;0.14
SSR_P;2014;290000066;290020700;NAUT;3;3;4.9
SSR_P;2014;290000066;290020700;NCINF;9;10;17.45
SSR_P;2014;290000165;290030592;M1010;2;;2.2
SSR_P;2014;290000165;290030592;N241P;1;2;2.1
SSR_P;2014;290000165;290030592;N2450;;3;0.3
SSR_P;2014;290000165;290030592;N2500;16;1;16.67
SSR_P;2014;290000165;290030592;N3120;;1;0.4
SSR_P;2014;290000165;290030592;NCINF;9;3;11.33
SSR_P;2014;290000173;290000041;M1010;2;;1.1
SSR_P;2014;290000173;290000041;M1320;1;;0.1
SSR_P;2014;290000173;290000041;N2500;7;3;11.53
SSR_P;2014;290000173;290000041;NAUT;2;1;2.61
SSR_P;2014;290000173;290000041;NCINF;6;6;9.67
SSR_P;2014;290000181;290000074;M1010;1;1;0.64
SSR_P;2014;290000181;290000074;M1040;;1;0.2
SSR_P;2014;290000181;290000074;M1320;2;;1.48
SSR_P;2014;290000181;290000074;N241P;2;;1.1
SSR_P;2014;290000181;290000074;N2450;1;;0.3
SSR_P;2014;290000181;290000074;N2460;1;;0.14
SSR_P;2014;290000181;290000074;N2500;18;6;20.04
SSR_P;2014;290000181;290000074;N2710;1;2;0.14
SSR_P;2014;290000181;290000074;N310H;;1;0.1
SSR_P;2014;290000181;290000074;NAUT;9;2;9.69
SSR_P;2014;290000181;290000074;NCINF;19;5;18.15
SSR_P;2014;290000256;290000017;M1010;1;2;2.1
SSR_P;2014;290000256;290000017;M1320;0;1;0.4
SSR_P;2014;290000256;290000017;N241P;3;3;4.4
SSR_P;2014;290000256;290000017;N2460;;1;0.4
SSR_P;2014;290000256;290000017;N2500;8;9;14.9
SSR_P;2014;290000256;290000017;N3120;;1;0.3
SSR_P;2014;290000256;290000017;NAUT;6;4;8.26
SSR_P;2014;290000256;290000017;NCINF;8;3;10
SSR_P;2014;290000272;290000090;MAUT;;1;0.15
SSR_P;2014;290000272;290000090;N241P;;1;0.5
SSR_P;2014;290000272;290000090;N2500;5;4;5.96
SSR_P;2014;290000272;290000090;N2710;1;;0.2
SSR_P;2014;290000272;290000090;N3120;1;;0.25
SSR_P;2014;290000272;290000090;NAUT;3;1;2.81
SSR_P;2014;290000272;290000090;NCINF;7;2;4.07
SSR_P;2014;290000322;290000108;M1010;;24;0
SSR_P;2014;290000322;290000108;N241P;16;;
SSR_P;2014;290000322;290000108;N2450;1;;0
SSR_P;2014;290000322;290000108;N2500;11;8;17.7
SSR_P;2014;290000322;290000108;N2710;1;;0.1
SSR_P;2014;290000322;290000108;N3120;;1;0.43
SSR_P;2014;290000322;290000108;NAUT;2;2;3.47
SSR_P;2014;290000322;290000108;NCINF;5;3;7.45
SSR_P;2014;290000371;750043994;M1010;2;1;2.54
SSR_P;2014;290000371;750043994;M1320;2;1;2.47
SSR_P;2014;290000371;750043994;MAUT;1;;1.14
SSR_P;2014;290000371;750043994;N241P;3;1;3.58
SSR_P;2014;290000371;750043994;N2430;;1;0.5
SSR_P;2014;290000371;750043994;N2450;;1;0.4
SSR_P;2014;290000371;750043994;N2460;1;1;1.48
SSR_P;2014;290000371;750043994;N2470;;1;0.5
SSR_P;2014;290000371;750043994;N2500;33;3;39.42
SSR_P;2014;290000371;750043994;N2710;;1;0.5
SSR_P;2014;290000371;750043994;N3120;;1;0.96
SSR_P;2014;290000371;750043994;NAUT;34;2;39.21
SSR_P;2014;290000371;750043994;NCINF;21;5;26.29
SSR_P;2014;290000389;290000116;M1010;0;11;0
SSR_P;2014;290000389;290000116;N241P;1;1;1.08
SSR_P;2014;290000389;290000116;N2450;0;1;0.24
SSR_P;2014;290000389;290000116;N2460;0;2;0.48
SSR_P;2014;290000389;290000116;N2500;4;1;4.83
SSR_P;2014;290000389;290000116;N2710;0;1;0.3
SSR_P;2014;290000389;290000116;N3120;0;1;0.3
SSR_P;2014;290000389;290000116;NAUT;2;1;2.18
SSR_P;2014;290000389;290000116;NCINF;6;2;6.56
SSR_P;2014;290000413;290009752;M1010;;3;1.43
SSR_P;2014;290000413;290009752;N241P;;2;1.8
SSR_P;2014;290000413;290009752;N2450;;1;0.12
SSR_P;2014;290000413;290009752;N2460;;2;0.75
SSR_P;2014;290000413;290009752;N2500;6;6;10.12
SSR_P;2014;290000413;290009752;N2710;;1;0.14
SSR_P;2014;290000413;290009752;N3120;;1;0.4
SSR_P;2014;290000413;290009752;NAUT;;1;0.05
SSR_P;2014;290000413;290009752;NCINF;1;11;8.74
SSR_P;2014;290000553;290021542;M1010;1;;0.35
SSR_P;2014;290000553;290021542;M1150;2;1;1.99
SSR_P;2014;290000553;290021542;M1320;1;;0.9
SSR_P;2014;290000553;290021542;N241P;4;;4
SSR_P;2014;290000553;290021542;N2460;1;;0.99
SSR_P;2014;290000553;290021542;N2470;1;;0.14
SSR_P;2014;290000553;290021542;N2500;25;8;30.43
SSR_P;2014;290000553;290021542;N3120;1;;0.5
SSR_P;2014;290000553;290021542;NAUT;15;1;13.27
SSR_P;2014;290000553;290021542;NCINF;18;7;22.17
SSR_P;2014;290000686;440042844;M1010;1;;1
SSR_P;2014;290000686;440042844;M1320;;1;0.8
SSR_P;2014;290000686;440042844;N241P;;2;1.31
SSR_P;2014;290000686;440042844;N2450;;1;0.2
SSR_P;2014;290000686;440042844;N2460;;1;0.3
SSR_P;2014;290000686;440042844;N2500;14;3;20.14
SSR_P;2014;290000686;440042844;N2710;;1;0.5
SSR_P;2014;290000686;440042844;N3120;;1;0.49
SSR_P;2014;290000686;440042844;NCINF;9;4;13.74
SSR_P;2014;290000728;750821092;M1180;2;;2.67
SSR_P;2014;290000728;750821092;N241P;3;5;7.14
SSR_P;2014;290000728;750821092;N2460;1;;0.6
SSR_P;2014;290000728;750821092;N2500;;1;0.7
SSR_P;2014;290000728;750821092;NAUT;3;;2.99
SSR_P;2014;290000785;220020739;M1180;;2;1.2
SSR_P;2014;290000785;220020739;M1320;;1;1
SSR_P;2014;290000785;220020739;N2500;11;9;17.51
SSR_P;2014;290000785;220020739;NCINF;11;7;17.04
SSR_P;2014;290000793;290000546;M1140;;1;0.11
SSR_P;2014;290000793;290000546;M1180;;2;0.21
SSR_P;2014;290000793;290000546;N241P;1;3;3.15
SSR_P;2014;290000793;290000546;N2430;;1;0.47
SSR_P;2014;290000793;290000546;N2460;;3;1.18
SSR_P;2014;290000793;290000546;N2500;1;10;7.94
SSR_P;2014;290000793;290000546;N2710;;3;0.79
SSR_P;2014;290000793;290000546;N310H;;1;0.46
SSR_P;2014;290000793;290000546;N3120;;2;0.22
SSR_P;2014;290000793;290000546;NCINF;2;9;8.73
SSR_P;2014;290000819;290001023;M1010;1;;1.66
SSR_P;2014;290000819;290001023;M1180;2;1;2.6
SSR_P;2014;290000819;290001023;M1320;1;;0.39
SSR_P;2014;290000819;290001023;N241P;13;6;12.85
SSR_P;2014;290000819;290001023;N2430;0;0;0.1
SSR_P;2014;290000819;290001023;N2450;0;1;0.2
SSR_P;2014;290000819;290001023;N2460;2;;1.93
SSR_P;2014;290000819;290001023;N2500;20;6;18.54
SSR_P;2014;290000819;290001023;N2710;0;1;0.5
SSR_P;2014;290000819;290001023;N3120;0;1;0.5
SSR_P;2014;290000819;290001023;NAUT;25;8;22.93
SSR_P;2014;290000819;290001023;NCINF;17;11;20.39
SSR_P;2014;290000827;290000546;M1010;;2;1.68
SSR_P;2014;290000827;290000546;M1140;1;4;1.61
SSR_P;2014;290000827;290000546;M1180;;1;0.02
SSR_P;2014;290000827;290000546;MAUT;1;1;1.44
SSR_P;2014;290000827;290000546;N241P;1;3;2.83
SSR_P;2014;290000827;290000546;N2470;;1;0.55
SSR_P;2014;290000827;290000546;N2500;10;16;25.63
SSR_P;2014;290000827;290000546;N2710;;3;1.72
SSR_P;2014;290000827;290000546;N310H;3;3;3.88
SSR_P;2014;290000827;290000546;N3120;;1;0.5
SSR_P;2014;290000827;290000546;NCINF;10;25;35.03
SSR_P;2014;290000934;290000306;M1010;1;;0.95
SSR_P;2014;290000934;290000306;M1180;1;;0.5
SSR_P;2014;290000934;290000306;N241P;5;1;5.03
SSR_P;2014;290000934;290000306;N2460;2;;1.73
SSR_P;2014;290000934;290000306;N2500;7;7;12.14
SSR_P;2014;290000934;290000306;N3120;;2;0.2
SSR_P;2014;290000934;290000306;NAUT;4;1;3.96
SSR_P;2014;290000934;290000306;NCINF;8;4;10.87
SSR_P;2014;290000975;290000546;M1010;4;4;6.14
SSR_P;2014;290000975;290000546;M1140;2;3;3.69
SSR_P;2014;290000975;290000546;M1150;1;;1
SSR_P;2014;290000975;290000546;M1180;5;5;7.05
SSR_P;2014;290000975;290000546;MAUT;;4;1.38
SSR_P;2014;290000975;290000546;N241P;19;33;33.36
SSR_P;2014;290000975;290000546;N2430;3;2;4.42
SSR_P;2014;290000975;290000546;N2450;1;9;7.01
SSR_P;2014;290000975;290000546;N2460;8;13;15.83
SSR_P;2014;290000975;290000546;N2500;9;83;64.76
SSR_P;2014;290000975;290000546;N2710;2;4;4.68
SSR_P;2014;290000975;290000546;N310H;6;23;16.9
SSR_P;2014;290000975;290000546;N3120;1;4;3.46
SSR_P;2014;290000975;290000546;NCINF;34;73;82.09
SSR_P;2014;290000983;290000546;M1040;1;4;3.12
SSR_P;2014;290000983;290000546;N241P;1;2;1.36
SSR_P;2014;290000983;290000546;N2450;;2;1.1
SSR_P;2014;290000983;290000546;N2460;;1;0.1
SSR_P;2014;290000983;290000546;N2500;0;15;11.22
SSR_P;2014;290000983;290000546;N2710;;1;0.4
SSR_P;2014;290000983;290000546;N310H;2;;2
SSR_P;2014;290000983;290000546;N3120;;1;0.2
SSR_P;2014;290000983;290000546;NCINF;3;11;11.78
SSR_P;2014;290001015;290000751;M1010;13;;0.39
SSR_P;2014;290001015;290000751;N241P;2;;0
SSR_P;2014;290001015;290000751;N2450;;1;0.03
SSR_P;2014;290001015;290000751;N2500;12;8;11.76
SSR_P;2014;290001015;290000751;N2710;;1;0.39
SSR_P;2014;290001015;290000751;N3120;1;;0.18
SSR_P;2014;290001015;290000751;NAUT;3;2;3.18
SSR_P;2014;290001015;290000751;NCINF;7;5;6.05
SSR_P;2014;290002344;440042844;M1010;1;2;2.2
SSR_P;2014;290002344;440042844;M1320;;2;1.4
SSR_P;2014;290002344;440042844;MAUT;;2;0.83
SSR_P;2014;290002344;440042844;N241P;1;2;2.18
SSR_P;2014;290002344;440042844;N2450;;2;0.82
SSR_P;2014;290002344;440042844;N2500;24;4;27.71
SSR_P;2014;290002344;440042844;N2710;;1;0.31
SSR_P;2014;290002344;440042844;N3120;;1;0.59
SSR_P;2014;290002344;440042844;NAUT;27;3;33.85
SSR_P;2014;290002344;440042844;NCINF;17;8;21.97
SSR_P;2014;290003953;750043994;M1180;4;;4
SSR_P;2014;290003953;750043994;M1190;;1;0.4
SSR_P;2014;290003953;750043994;M1320;1;1;1.8
SSR_P;2014;290003953;750043994;MAUT;;2;1
SSR_P;2014;290003953;750043994;N241P;21;7;29.27
SSR_P;2014;290003953;750043994;N2430;;1;0.17
SSR_P;2014;290003953;750043994;N2450;;1;0.4
SSR_P;2014;290003953;750043994;N2460;;3;3.28
SSR_P;2014;290003953;750043994;N2500;12;4;18.51
SSR_P;2014;290003953;750043994;N2710;;1;0.4
SSR_P;2014;290003953;750043994;N310H;;1;0.5
SSR_P;2014;290003953;750043994;N3120;;1;0.31
SSR_P;2014;290003953;750043994;NCINF;10;15;22.44
SSR_P;2014;290004365;290000017;M1180;1;1;1.5
SSR_P;2014;290004365;290000017;N241P;2;2;3.2
SSR_P;2014;290004365;290000017;N2430;;1;0.4
SSR_P;2014;290004365;290000017;N2460;;1;0.5
SSR_P;2014;290004365;290000017;N2470;1;1;1.2
SSR_P;2014;290004365;290000017;N2500;31;19;46
SSR_P;2014;290004365;290000017;N2710;;1;0.5
SSR_P;2014;290004365;290000017;N310H;1;;1
SSR_P;2014;290004365;290000017;N3120;;3;1.3
SSR_P;2014;290004365;290000017;NAUT;9;6;14.2
SSR_P;2014;290004365;290000017;NCINF;25;21;40.61
SSR_P;2014;290005826;290020700;M1010;0;3;1.3
SSR_P;2014;290005826;290020700;M1150;0;1;0.1
SSR_P;2014;290005826;290020700;M1180;3;2;2.3
SSR_P;2014;290005826;290020700;MAUT;0;1;0.03
SSR_P;2014;290005826;290020700;N241P;13;12;19.21
SSR_P;2014;290005826;290020700;N2430;1;1;1.5
SSR_P;2014;290005826;290020700;N2460;2;1;2.65
SSR_P;2014;290005826;290020700;N2500;23;14;33.57
SSR_P;2014;290005826;290020700;N2710;0;1;0.6
SSR_P;2014;290005826;290020700;NAUT;2;4;5.36
SSR_P;2014;290005826;290020700;NCINF;16;9;20.87
SSR_P;2014;290034610;290000306;M1180;2;;1.8
SSR_P;2014;290034610;290000306;N2500;25;;22
SSR_P;2014;290034610;290000306;NCINF;13;;12.3
SSR_P;2014;2A0000022;2A0000014;MAUT;1;1;1.54
SSR_P;2014;2A0000022;2A0000014;N241P;1;;1
SSR_P;2014;2A0000022;2A0000014;N2500;21;0;21.03
SSR_P;2014;2A0000022;2A0000014;NAUT;8;;8.86
SSR_P;2014;2A0000022;2A0000014;NCINF;9;9;8.93
SSR_P;2014;2A0000030;2A0000048;M1010;;1;0.35
SSR_P;2014;2A0000030;2A0000048;M1040;;1;0.32
SSR_P;2014;2A0000030;2A0000048;M1180;1;1;1.95
SSR_P;2014;2A0000030;2A0000048;M1320;1;;1
SSR_P;2014;2A0000030;2A0000048;M3020;1;;1
SSR_P;2014;2A0000030;2A0000048;MAUT;1;;1
SSR_P;2014;2A0000030;2A0000048;N241P;17;;17
SSR_P;2014;2A0000030;2A0000048;N2450;3;;1.8
SSR_P;2014;2A0000030;2A0000048;N2460;3;;2.6
SSR_P;2014;2A0000030;2A0000048;N2500;13;;13
SSR_P;2014;2A0000030;2A0000048;NAUT;49;;48
SSR_P;2014;2A0000030;2A0000048;NCINF;18;;18
SSR_P;2014;2A0000261;2A0000279;M1010;1;;1
SSR_P;2014;2A0000261;2A0000279;M1150;;1;0.11
SSR_P;2014;2A0000261;2A0000279;MAUT;;1;0.11
SSR_P;2014;2A0000261;2A0000279;N241P;;4;0.84
SSR_P;2014;2A0000261;2A0000279;N2450;;1;0.18
SSR_P;2014;2A0000261;2A0000279;N2460;;1;0.18
SSR_P;2014;2A0000261;2A0000279;N2500;8;1;8.4
SSR_P;2014;2A0000261;2A0000279;N2710;;1;0.11
SSR_P;2014;2A0000261;2A0000279;N310H;;1;0.11
SSR_P;2014;2A0000261;2A0000279;N3120;;1;0.08
SSR_P;2014;2A0000261;2A0000279;NAUT;20;7;24.2
SSR_P;2014;2A0000261;2A0000279;NCINF;8;1;8.8
SSR_P;2014;2A0000287;2A0000386;M1010;1;2;1.26
SSR_P;2014;2A0000287;2A0000386;N241P;0;1;0.5
SSR_P;2014;2A0000287;2A0000386;N2500;9;0;9.8
SSR_P;2014;2A0000287;2A0000386;N3120;1;0;0.19
SSR_P;2014;2A0000287;2A0000386;NAUT;11;0;9.2
SSR_P;2014;2A0000287;2A0000386;NCINF;18;0;17.03
SSR_P;2014;2A0002051;2A0000303;M1010;;3;1
SSR_P;2014;2A0002051;2A0000303;M1070;;1;0.25
SSR_P;2014;2A0002051;2A0000303;M1120;;1;0.13
SSR_P;2014;2A0002051;2A0000303;M1180;4;;4
SSR_P;2014;2A0002051;2A0000303;M3020;;1;0.25
SSR_P;2014;2A0002051;2A0000303;MAUT;;9;2.29
SSR_P;2014;2A0002051;2A0000303;N241P;19;;19
SSR_P;2014;2A0002051;2A0000303;N2430;1;;1
SSR_P;2014;2A0002051;2A0000303;N2450;2;;2
SSR_P;2014;2A0002051;2A0000303;N2460;3;;3
SSR_P;2014;2A0002051;2A0000303;N2500;22;;22
SSR_P;2014;2A0002051;2A0000303;N2710;;1;0.11
SSR_P;2014;2A0002051;2A0000303;N3120;1;;1
SSR_P;2014;2A0002051;2A0000303;NAUT;;1;0.2
SSR_P;2014;2A0002051;2A0000303;NCINF;14;;14
SSR_P;2014;2A0002614;2A0002606;M1010;;1;0.05
SSR_P;2014;2A0002614;2A0002606;MAUT;1;2;0.55
SSR_P;2014;2A0002614;2A0002606;N241P;1;;0.8
SSR_P;2014;2A0002614;2A0002606;N2500;5;;4.23
SSR_P;2014;2A0002614;2A0002606;NAUT;24;;8.89
SSR_P;2014;2A0002614;2A0002606;NCINF;5;;4.66
SSR_P;2014;2A0022554;2A0000311;M1010;;2;0.5
SSR_P;2014;2A0022554;2A0000311;M1070;;2;0.97
SSR_P;2014;2A0022554;2A0000311;MAUT;;1;0.3
SSR_P;2014;2A0022554;2A0000311;N241P;;1;0.3
SSR_P;2014;2A0022554;2A0000311;N2450;2;;2
SSR_P;2014;2A0022554;2A0000311;N2710;1;1;1.1
SSR_P;2014;2A0022554;2A0000311;N310H;;3;1.6
SSR_P;2014;2A0022554;2A0000311;NAUT;20;4;24.1
SSR_P;2014;2A0022554;2A0000311;NCINF;6;;6
SSR_P;2014;2B0000012;2B0000020;M1010;1;0;1
SSR_P;2014;2B0000012;2B0000020;M1180;3;0;3
SSR_P;2014;2B0000012;2B0000020;N241P;14;1;12.72
SSR_P;2014;2B0000012;2B0000020;N2430;0;1;0.08
SSR_P;2014;2B0000012;2B0000020;N2450;3;1;3.25
SSR_P;2014;2B0000012;2B0000020;N2710;2;0;0.8
SSR_P;2014;2B0000012;2B0000020;N3120;1;0;0.2
SSR_P;2014;2B0000012;2B0000020;NAUT;34;2;31.75
SSR_P;2014;2B0000012;2B0000020;NCINF;14;0;11.74
SSR_P;2014;2B0000038;2B0004246;M1320;1;;1
SSR_P;2014;2B0000038;2B0004246;N241P;3;;3
SSR_P;2014;2B0000038;2B0004246;N2500;17;;17
SSR_P;2014;2B0000038;2B0004246;N2710;;1;0.3
SSR_P;2014;2B0000038;2B0004246;NAUT;4;1;4.9
SSR_P;2014;2B0000038;2B0004246;NCINF;;8;7.3
SSR_P;2014;2B0000400;2B0000137;M1010;1;;1
SSR_P;2014;2B0000400;2B0000137;M1320;;2;1.5
SSR_P;2014;2B0000400;2B0000137;N241P;;6;2
SSR_P;2014;2B0000400;2B0000137;N2500;15;;15
SSR_P;2014;2B0000400;2B0000137;N2710;;1;0.5
SSR_P;2014;2B0000400;2B0000137;N310H;1;;1
SSR_P;2014;2B0000400;2B0000137;N3120;;1;0.6
SSR_P;2014;2B0000400;2B0000137;NAUT;21;;21
SSR_P;2014;2B0000400;2B0000137;NCINF;8;;8
SSR_P;2014;300000023;300780046;M1010;1;0;0.24
SSR_P;2014;300000023;300780046;M1180;2;1;2.6
SSR_P;2014;300000023;300780046;M1320;0;1;0.5
SSR_P;2014;300000023;300780046;N241P;8;5;9.42
SSR_P;2014;300000023;300780046;N2460;1;0;1
SSR_P;2014;300000023;300780046;N2500;22;4;24.01
SSR_P;2014;300000023;300780046;N2710;0;1;0.23
SSR_P;2014;300000023;300780046;N3120;0;1;0.16
SSR_P;2014;300000023;300780046;NAUT;20;3;20.83
SSR_P;2014;300000023;300780046;NCINF;14;3;13.97
SSR_P;2014;300000049;130028228;M1010;;1;0.1
SSR_P;2014;300000049;130028228;N241P;;1;0.45
SSR_P;2014;300000049;130028228;N2500;10;2;11
SSR_P;2014;300000049;130028228;NAUT;5;1;5.5
SSR_P;2014;300000049;130028228;NCINF;5;1;5.9
SSR_P;2014;300000056;300780079;M1010;1;1;1.1
SSR_P;2014;300000056;300780079;N2500;8;4;15
SSR_P;2014;300000056;300780079;NCINF;8;4;10.99
SSR_P;2014;300000064;300780087;M1180;1;2;1.18
SSR_P;2014;300000064;300780087;N241P;3;1;1.3
SSR_P;2014;300000064;300780087;N2460;;2;1
SSR_P;2014;300000064;300780087;N2500;28;19;31.65
SSR_P;2014;300000064;300780087;N2710;1;;0.35
SSR_P;2014;300000064;300780087;N310H;1;1;0.64
SSR_P;2014;300000064;300780087;NAUT;2;3;3.61
SSR_P;2014;300000064;300780087;NCINF;16;4;15.97
SSR_P;2014;300000072;300780095;M1180;;1;0.4
SSR_P;2014;300000072;300780095;N241P;2;;2
SSR_P;2014;300000072;300780095;N2460;1;;1
SSR_P;2014;300000072;300780095;N2500;13;2;14.6
SSR_P;2014;300000072;300780095;N2710;;1;0.1
SSR_P;2014;300000072;300780095;N3120;;1;0.1
SSR_P;2014;300000072;300780095;NAUT;1;6;3.15
SSR_P;2014;300000072;300780095;NCINF;3;2;3.8
SSR_P;2014;300000478;300781010;M1150;1;2;2
SSR_P;2014;300000478;300781010;N2500;11;1;11.8
SSR_P;2014;300000478;300781010;NCINF;8;1;8.8
SSR_P;2014;300002169;780020715;M1010;;2;1
SSR_P;2014;300002169;780020715;M1320;;1;0.75
SSR_P;2014;300002169;780020715;N241P;1;1;1.1
SSR_P;2014;300002169;780020715;N2430;;1;0.1
SSR_P;2014;300002169;780020715;N2450;;1;0.2
SSR_P;2014;300002169;780020715;N2460;;2;0.9
SSR_P;2014;300002169;780020715;N2500;8;9;15.35
SSR_P;2014;300002169;780020715;N2710;;1;0.2
SSR_P;2014;300002169;780020715;N3120;;1;0.2
SSR_P;2014;300002169;780020715;NAUT;3;5;4.46
SSR_P;2014;300002169;780020715;NCINF;9;2;10.75
SSR_P;2014;300002805;300780038;N241P;1;;0.67
SSR_P;2014;300002805;300780038;N2460;1;;1
SSR_P;2014;300002805;300780038;N2470;;;0.15
SSR_P;2014;300002805;300780038;N2500;3;1;2.88
SSR_P;2014;300002805;300780038;N310H;1;;1
SSR_P;2014;300002805;300780038;NCINF;2;1;2.97
SSR_P;2014;300014040;300014024;M1010;;2;0.6
SSR_P;2014;300014040;300014024;M1180;;2;1
SSR_P;2014;300014040;300014024;M1190;;1;0.4
SSR_P;2014;300014040;300014024;MAUT;;2;0.06
SSR_P;2014;300014040;300014024;N241P;5;1;5.5
SSR_P;2014;300014040;300014024;N2450;;1;0.1
SSR_P;2014;300014040;300014024;N2460;1;;1
SSR_P;2014;300014040;300014024;N2500;4;4;6
SSR_P;2014;300014040;300014024;N2710;;1;0.25
SSR_P;2014;300014040;300014024;N3120;;1;0.5
SSR_P;2014;300014040;300014024;NCINF;7;1;7.43
SSR_P;2014;300780111;300016847;M1010;2;0;2
SSR_P;2014;300780111;300016847;N241P;0;3;1.5
SSR_P;2014;300780111;300016847;N2450;;1;0.4
SSR_P;2014;300780111;300016847;N2460;1;;1
SSR_P;2014;300780111;300016847;N2500;3;9;10.3
SSR_P;2014;300780111;300016847;N2710;1;;1
SSR_P;2014;300780111;300016847;N3120;1;;1
SSR_P;2014;300780111;300016847;NAUT;14;3;15.3
SSR_P;2014;300780111;300016847;NCINF;5;6;9.7
SSR_P;2014;300780285;300000726;M1180;2;1;2.8
SSR_P;2014;300780285;300000726;M1320;1;1;1.5
SSR_P;2014;300780285;300000726;N241P;11;1;11.5
SSR_P;2014;300780285;300000726;N2450;2;1;2.5
SSR_P;2014;300780285;300000726;N2500;13;;13
SSR_P;2014;300780285;300000726;N2710;;1;0.2
SSR_P;2014;300780285;300000726;N3120;;1;0.5
SSR_P;2014;300780285;300000726;NAUT;4;;4
SSR_P;2014;300780285;300000726;NCINF;11;;11
SSR_P;2014;300780400;380804542;M1010;;2;0.77
SSR_P;2014;300780400;380804542;M1150;1;;1
SSR_P;2014;300780400;380804542;MAUT;;1;0.5
SSR_P;2014;300780400;380804542;N241P;2;;2
SSR_P;2014;300780400;380804542;N2450;;1;0.46
SSR_P;2014;300780400;380804542;N2500;;5;4.3
SSR_P;2014;300780400;380804542;N2710;;2;1.25
SSR_P;2014;300780400;380804542;N3120;;1;0.31
SSR_P;2014;300780400;380804542;NAUT;9;11;16.32
SSR_P;2014;300780400;380804542;NCINF;4;5;7.57
SSR_P;2014;300780442;300000254;M1010;;1;0.3
SSR_P;2014;300780442;300000254;M1320;1;1;1.7
SSR_P;2014;300780442;300000254;N241P;1;1;1.5
SSR_P;2014;300780442;300000254;N2430;;1;0.1
SSR_P;2014;300780442;300000254;N2450;;1;0.5
SSR_P;2014;300780442;300000254;N2460;;1;0.95
SSR_P;2014;300780442;300000254;N2500;11;1;11.35
SSR_P;2014;300780442;300000254;N3120;;1;0.5
SSR_P;2014;300780442;300000254;NCINF;7;3;9
SSR_P;2014;300780475;340015171;M1180;3;1;3.39
SSR_P;2014;300780475;340015171;N241P;2;1;3.69
SSR_P;2014;300780475;340015171;N2450;;1;0.5
SSR_P;2014;300780475;340015171;N2460;;1;0.4
SSR_P;2014;300780475;340015171;N2500;21;7;25.24
SSR_P;2014;300780475;340015171;N2710;;1;0.4
SSR_P;2014;300780475;340015171;N3120;;1;0.79
SSR_P;2014;300780475;340015171;NAUT;3;;3.63
SSR_P;2014;300780475;340015171;NCINF;16;8;20.53
SSR_P;2014;300780491;340016963;M1010;;3;2.96
SSR_P;2014;300780491;340016963;M1070;;1;0.43
SSR_P;2014;300780491;340016963;N241P;1;1;1.5
SSR_P;2014;300780491;340016963;N2450;2;2;3.84
SSR_P;2014;300780491;340016963;N2460;;1;0.5
SSR_P;2014;300780491;340016963;N2500;6;7;10
SSR_P;2014;300780491;340016963;N2710;;1;0.73
SSR_P;2014;300780491;340016963;N3120;;1;0.5
SSR_P;2014;300780491;340016963;NCINF;4;7;8.63
SSR_P;2014;300781440;300000700;M1010;2;;2
SSR_P;2014;300781440;300000700;M1040;;1;0.08
SSR_P;2014;300781440;300000700;M1150;;1;0.1
SSR_P;2014;300782117;300780038;M1010;2;3;2.77
SSR_P;2014;300782117;300780038;M1040;;1;0.3
SSR_P;2014;300782117;300780038;M1180;10;6;12.82
SSR_P;2014;300782117;300780038;N241P;31;4;33.43
SSR_P;2014;300782117;300780038;N2430;1;2;1.65
SSR_P;2014;300782117;300780038;N2460;7;3;8.69
SSR_P;2014;300782117;300780038;N2470;1;;0.83
SSR_P;2014;300782117;300780038;N2500;82;14;87.94
SSR_P;2014;300782117;300780038;N2710;4;4;4.75
SSR_P;2014;300782117;300780038;N310H;1;1;1.5
SSR_P;2014;300782117;300780038;N3120;;;0.62
SSR_P;2014;300782117;300780038;NAUT;31;9;35.34
SSR_P;2014;300782117;300780038;NCINF;71;6;71.52
SSR_P;2014;300782125;300780038;M1010;1;;1
SSR_P;2014;300782125;300780038;M1320;1;;1
SSR_P;2014;300782125;300780038;N241P;1;;1
SSR_P;2014;300782125;300780038;N2430;1;;0.25
SSR_P;2014;300782125;300780038;N2460;1;;0.67
SSR_P;2014;300782125;300780038;N2470;1;;0.5
SSR_P;2014;300782125;300780038;N2500;20;5;25.74
SSR_P;2014;300782125;300780038;N2710;;1;0.3
SSR_P;2014;300782125;300780038;NAUT;20;2;19.46
SSR_P;2014;300782125;300780038;NCINF;13;5;16.32
SSR_P;2014;300782141;300780038;M1010;5;4;5.17
SSR_P;2014;300782141;300780038;M1070;1;2;1.9
SSR_P;2014;300782141;300780038;M1180;2;1;2.8
SSR_P;2014;300782141;300780038;MAUT;;1;0.5
SSR_P;2014;300782141;300780038;N241P;16;2;16.96
SSR_P;2014;300782141;300780038;N2430;1;1;1.8
SSR_P;2014;300782141;300780038;N2450;3;1;3.55
SSR_P;2014;300782141;300780038;N2460;7;2;7.98
SSR_P;2014;300782141;300780038;N2470;1;;1
SSR_P;2014;300782141;300780038;N2500;59;9;64.33
SSR_P;2014;300782141;300780038;N2710;1;3;3
SSR_P;2014;300782141;300780038;N310H;2;;2
SSR_P;2014;300782141;300780038;N3120;3;;3
SSR_P;2014;300782141;300780038;NAUT;64;4;67.22
SSR_P;2014;300782141;300780038;NCINF;45;11;53.2
SSR_P;2014;300786274;300786266;M1010;;1;0.69
SSR_P;2014;300786274;300786266;M3020;;1;0.19
SSR_P;2014;300786274;300786266;MAUT;;4;0.44
SSR_P;2014;300786274;300786266;N2460;3;1;3.3
SSR_P;2014;300786274;300786266;N2470;4;1;4.62
SSR_P;2014;300786274;300786266;N2500;1;;1
SSR_P;2014;300786274;300786266;N2710;;1;0.5
SSR_P;2014;300786274;300786266;N310H;3;;3
SSR_P;2014;300786274;300786266;N3120;;2;1.6
SSR_P;2014;300786274;300786266;NAUT;5;8;9.9
SSR_P;2014;300786274;300786266;NCINF;4;3;5.55
SSR_P;2014;310000013;310180013;M1010;1;0;1
SSR_P;2014;310000013;310180013;M1320;0;1;0.9
SSR_P;2014;310000013;310180013;N2500;11;0;10.44
SSR_P;2014;310000013;310180013;N2710;0;1;0.3
SSR_P;2014;310000013;310180013;N3120;0;1;0.41
SSR_P;2014;310000013;310180013;NAUT;9;0;7.97
SSR_P;2014;310000013;310180013;NCINF;8;1;9.14
SSR_P;2014;310000310;310780671;M1320;1;;0.92
SSR_P;2014;310000310;310780671;N2500;12;;9.58
SSR_P;2014;310000310;310780671;NAUT;;1;0.6
SSR_P;2014;310000310;310780671;NCINF;10;1;8
SSR_P;2014;310000336;310780713;M1010;;;0.16
SSR_P;2014;310000336;310780713;M1320;1;1;1.55
SSR_P;2014;310000336;310780713;N241P;2;;2
SSR_P;2014;310000336;310780713;N2450;;1;0.86
SSR_P;2014;310000336;310780713;N2500;16;;14.75
SSR_P;2014;310000336;310780713;N2710;1;;0.9
SSR_P;2014;310000336;310780713;NAUT;5;3;6.62
SSR_P;2014;310000336;310780713;NCINF;7;1;8.1
SSR_P;2014;310013628;310786256;M1320;2;2;2.72
SSR_P;2014;310013628;310786256;N241P;2;1;2.04
SSR_P;2014;310013628;310786256;N2460;1;1;0.83
SSR_P;2014;310013628;310786256;N2470;1;0;0.55
SSR_P;2014;310013628;310786256;N2500;35;1;23.34
SSR_P;2014;310013628;310786256;N2710;0;1;0.28
SSR_P;2014;310013628;310786256;N3120;2;0;1.1
SSR_P;2014;310013628;310786256;NAUT;22;1;8.45
SSR_P;2014;310013628;310786256;NCINF;17;5;13.9
SSR_P;2014;310014329;310781562;MAUT;0;2;0.43
SSR_P;2014;310014329;310781562;N2460;;1;0.9
SSR_P;2014;310014329;310781562;N2470;;1;0.5
SSR_P;2014;310014329;310781562;N2500;1;1;1.5
SSR_P;2014;310014329;310781562;N2710;;1;0.5
SSR_P;2014;310014329;310781562;N310H;1;;1
SSR_P;2014;310014329;310781562;N3120;;1;0.5
SSR_P;2014;310014329;310781562;NAUT;1;6;5.02
SSR_P;2014;310014329;310781562;NCINF;3;1;3.8
SSR_P;2014;310020938;920000395;M1010;3;1;4.5
SSR_P;2014;310020938;920000395;M1070;;1;0.2
SSR_P;2014;310020938;920000395;M1320;2;;1
SSR_P;2014;310020938;920000395;N241P;5;;5
SSR_P;2014;310020938;920000395;N2430;;2;0.5
SSR_P;2014;310020938;920000395;N2450;1;;1
SSR_P;2014;310020938;920000395;N2500;22;;22
SSR_P;2014;310020938;920000395;N2710;;1;0.5
SSR_P;2014;310020938;920000395;NAUT;15;1;15.6
SSR_P;2014;310020938;920000395;NCINF;18;4;21
SSR_P;2014;310021571;310021563;M1010;2;;1.8
SSR_P;2014;310021571;310021563;M1070;;1;0.05
SSR_P;2014;310021571;310021563;M1120;1;;0.39
SSR_P;2014;310021571;310021563;M1190;;1;0.07
SSR_P;2014;310021571;310021563;M1320;2;1;2.44
SSR_P;2014;310021571;310021563;MAUT;;1;0.06
SSR_P;2014;310021571;310021563;N241P;3;1;3.8
SSR_P;2014;310021571;310021563;N2430;;1;0.3
SSR_P;2014;310021571;310021563;N2450;1;;0.77
SSR_P;2014;310021571;310021563;N2460;1;;0.76
SSR_P;2014;310021571;310021563;N2500;28;;26.14
SSR_P;2014;310021571;310021563;N2710;;1;0.38
SSR_P;2014;310021571;310021563;N3120;1;;1
SSR_P;2014;310021571;310021563;NAUT;20;;17.73
SSR_P;2014;310021571;310021563;NCINF;26;;24.51
SSR_P;2014;310022298;310781406;M1180;6;;4.42
SSR_P;2014;310022298;310781406;N241P;3;;2.8
SSR_P;2014;310022298;310781406;N2430;;3;0.15
SSR_P;2014;310022298;310781406;N2500;39;;38.72
SSR_P;2014;310022298;310781406;N2710;1;2;0.5
SSR_P;2014;310022298;310781406;NAUT;2;3;0.46
SSR_P;2014;310022298;310781406;NCINF;26;5;31.78
SSR_P;2014;310780150;310788799;M1180;;3;2
SSR_P;2014;310780150;310788799;N241P;9;1;5.96
SSR_P;2014;310780150;310788799;N2460;;2;0.54
SSR_P;2014;310780150;310788799;N2500;2;;2.23
SSR_P;2014;310780150;310788799;N2710;;1;0.34
SSR_P;2014;310780150;310788799;NAUT;5;;5.32
SSR_P;2014;310780150;310788799;NCINF;7;;6.98
SSR_P;2014;310780234;310000591;M1010;;1;0.5
SSR_P;2014;310780234;310000591;M1180;2;2;3.27
SSR_P;2014;310780234;310000591;M1190;;1;0.5
SSR_P;2014;310780234;310000591;N241P;12;2;14.71
SSR_P;2014;310780234;310000591;N2430;0;1;0.8
SSR_P;2014;310780234;310000591;N2450;1;0;1.1
SSR_P;2014;310780234;310000591;N2460;2;1;2.72
SSR_P;2014;310780234;310000591;N2500;18;2;21.12
SSR_P;2014;310780234;310000591;N2710;0;1;0.5
SSR_P;2014;310780234;310000591;N3120;0;1;0.4
SSR_P;2014;310780234;310000591;NAUT;31;9;37.27
SSR_P;2014;310780234;310000591;NCINF;12;2;16.34
SSR_P;2014;310780366;310000153;M1010;3;2;3.5
SSR_P;2014;310780366;310000153;M1150;;1;0.5
SSR_P;2014;310780366;310000153;M1180;;3;1.5
SSR_P;2014;310780366;310000153;M1190;;1;0.5
SSR_P;2014;310780366;310000153;M1320;;1;0.5
SSR_P;2014;310780366;310000153;N241P;11;1;11
SSR_P;2014;310780366;310000153;N2450;1;1;1.7
SSR_P;2014;310780366;310000153;N2460;;2;1.6
SSR_P;2014;310780366;310000153;N2500;21;6;23.87
SSR_P;2014;310780366;310000153;N2710;;1;0.5
SSR_P;2014;310780366;310000153;N3120;;1;0.7
SSR_P;2014;310780366;310000153;NCINF;12;7;16.26
SSR_P;2014;310780374;310000161;M1010;2;5;3.95
SSR_P;2014;310780374;310000161;M1040;;3;0.6
SSR_P;2014;310780374;310000161;M1070;;2;0.8
SSR_P;2014;310780374;310000161;M1150;;2;0.1
SSR_P;2014;310780374;310000161;M1180;;1;0.1
SSR_P;2014;310780374;310000161;M1320;;3;1.5
SSR_P;2014;310780374;310000161;M3020;;2;0.6
SSR_P;2014;310780374;310000161;MAUT;;4;0.1
SSR_P;2014;310780374;310000161;N241P;;6;5
SSR_P;2014;310780374;310000161;N2450;2;5;5.8
SSR_P;2014;310780374;310000161;N2460;;1;0.73
SSR_P;2014;310780374;310000161;N2500;16;12;23.8
SSR_P;2014;310780374;310000161;N2710;;5;2.83
SSR_P;2014;310780374;310000161;N310H;3;3;4.69
SSR_P;2014;310780374;310000161;N3120;1;;1
SSR_P;2014;310780374;310000161;NCINF;21;25;33.95
SSR_P;2014;310780481;340015171;M1010;;2;0.47
SSR_P;2014;310780481;340015171;M1120;;1;0.78
SSR_P;2014;310780481;340015171;N2430;1;;1
SSR_P;2014;310780481;340015171;N2470;1;;1
SSR_P;2014;310780481;340015171;N2500;;7;3.59
SSR_P;2014;310780481;340015171;N2710;;4;1.46
SSR_P;2014;310780481;340015171;N310H;21;6;24.64
SSR_P;2014;310780481;340015171;NAUT;15;10;22.16
SSR_P;2014;310780481;340015171;NCINF;3;6;6.23
SSR_P;2014;310781083;310788716;M1010;;1;0.5
SSR_P;2014;310781083;310788716;N241P;1;;1
SSR_P;2014;310781083;310788716;N2450;;1;0.5
SSR_P;2014;310781083;310788716;N2460;;1;0.5
SSR_P;2014;310781083;310788716;N2500;8;;8
SSR_P;2014;310781083;310788716;N310H;1;;1
SSR_P;2014;310781083;310788716;NAUT;8;;7.27
SSR_P;2014;310781083;310788716;NCINF;2;;2
SSR_P;2014;310781125;310000419;M1010;1;;
SSR_P;2014;310781125;310000419;M1040;;2;
SSR_P;2014;310781125;310000419;M1150;;1;
SSR_P;2014;310781125;310000419;M1190;;1;
SSR_P;2014;310781125;310000419;M1320;1;;
SSR_P;2014;310781125;310000419;M3020;;1;
SSR_P;2014;310781125;310000419;MAUT;;2;0.2
SSR_P;2014;310781125;310000419;N241P;4;;3
SSR_P;2014;310781125;310000419;N2430;;1;0.15
SSR_P;2014;310781125;310000419;N2450;;1;0.15
SSR_P;2014;310781125;310000419;N2460;;1;0.1
SSR_P;2014;310781125;310000419;N2500;8;1;8.63
SSR_P;2014;310781125;310000419;N2710;;1;0.1
SSR_P;2014;310781125;310000419;N3120;;1;0.3
SSR_P;2014;310781125;310000419;NAUT;;1;0.15
SSR_P;2014;310781125;310000419;NCINF;6;2;7.86
SSR_P;2014;310781174;310000450;M1010;1;1;1.73
SSR_P;2014;310781174;310000450;M1320;1;1;1
SSR_P;2014;310781174;310000450;MAUT;;1;1.07
SSR_P;2014;310781174;310000450;N241P;;5;2
SSR_P;2014;310781174;310000450;N2430;;1;0.23
SSR_P;2014;310781174;310000450;N2450;;1;0.76
SSR_P;2014;310781174;310000450;N2460;;1;0.5
SSR_P;2014;310781174;310000450;N2500;12;1;15.85
SSR_P;2014;310781174;310000450;N3120;;1;0.5
SSR_P;2014;310781174;310000450;NAUT;12;6;18.47
SSR_P;2014;310781174;310000450;NCINF;7;5;12
SSR_P;2014;310781422;310781562;M1070;;3;0.57
SSR_P;2014;310781422;310781562;M1120;;1;0.5
SSR_P;2014;310781422;310781562;M1140;;1;0.4
SSR_P;2014;310781422;310781562;M1150;;1;0.1
SSR_P;2014;310781422;310781562;M1180;1;4;2.58
SSR_P;2014;310781422;310781562;M3020;;1;0.32
SSR_P;2014;310781422;310781562;MAUT;;7;1.57
SSR_P;2014;310781422;310781562;N241P;9;14;19.59
SSR_P;2014;310781422;310781562;N2430;1;7;4.89
SSR_P;2014;310781422;310781562;N2450;1;1;1.66
SSR_P;2014;310781422;310781562;N2460;2;5;3.74
SSR_P;2014;310781422;310781562;N2470;;2;1.43
SSR_P;2014;310781422;310781562;N2500;12;5;18.79
SSR_P;2014;310781422;310781562;N2710;2;2;3.01
SSR_P;2014;310781422;310781562;N310H;10;9;15.35
SSR_P;2014;310781422;310781562;N3120;2;0;1.98
SSR_P;2014;310781422;310781562;NAUT;1;3;2.56
SSR_P;2014;310781422;310781562;NCINF;8;3;13.52
SSR_P;2014;310781695;750043994;M1010;2;2;2.95
SSR_P;2014;310781695;750043994;M1320;;8;1.67
SSR_P;2014;310781695;750043994;N241P;;5;1.83
SSR_P;2014;310781695;750043994;N2430;;1;0.2
SSR_P;2014;310781695;750043994;N2450;;1;0.37
SSR_P;2014;310781695;750043994;N2460;1;;0.52
SSR_P;2014;310781695;750043994;N2500;15;27;17.19
SSR_P;2014;310781695;750043994;N2710;;1;0.27
SSR_P;2014;310781695;750043994;N3120;;1;0.48
SSR_P;2014;310781695;750043994;NAUT;52;48;14.27
SSR_P;2014;310781695;750043994;NCINF;17;21;17.93
SSR_P;2014;310781984;310014378;M1010;2;1;2.7
SSR_P;2014;310781984;310014378;M1070;;1;0.05
SSR_P;2014;310781984;310014378;M1120;1;;1
SSR_P;2014;310781984;310014378;M1180;3;1;3.83
SSR_P;2014;310781984;310014378;MAUT;;5;1.13
SSR_P;2014;310781984;310014378;N241P;19;7;20.33
SSR_P;2014;310781984;310014378;N2430;3;1;2.73
SSR_P;2014;310781984;310014378;N2450;1;1;1.11
SSR_P;2014;310781984;310014378;N2460;7;2;7.92
SSR_P;2014;310781984;310014378;N2470;1;1;0.5
SSR_P;2014;310781984;310014378;N2500;32;20;41.18
SSR_P;2014;310781984;310014378;N2710;;2;1.03
SSR_P;2014;310781984;310014378;N310H;2;3;3.2
SSR_P;2014;310781984;310014378;N3120;1;1;1.4
SSR_P;2014;310781984;310014378;NCINF;30;8;30.06
SSR_P;2014;310782339;310781406;M1180;1;6;2.63
SSR_P;2014;310782339;310781406;N241P;9;1;7.95
SSR_P;2014;310782339;310781406;N2430;;1;0.2
SSR_P;2014;310782339;310781406;N2450;4;1;2.1
SSR_P;2014;310782339;310781406;N2460;1;1;1.8
SSR_P;2014;310782339;310781406;N2500;28;6;33.3
SSR_P;2014;310782339;310781406;N2710;1;;0.2
SSR_P;2014;310782339;310781406;N310H;1;;1
SSR_P;2014;310782339;310781406;N3120;1;;0.4
SSR_P;2014;310782339;310781406;NAUT;6;1;5
SSR_P;2014;310782339;310781406;NCINF;23;9;27.79
SSR_P;2014;310782396;920000395;M1010;2;2;3.03
SSR_P;2014;310782396;920000395;M1150;1;;1
SSR_P;2014;310782396;920000395;M1320;;1;0.46
SSR_P;2014;310782396;920000395;N241P;;6;3.88
SSR_P;2014;310782396;920000395;N2430;;1;0.1
SSR_P;2014;310782396;920000395;N2450;1;;1
SSR_P;2014;310782396;920000395;N2460;;1;0.1
SSR_P;2014;310782396;920000395;N2500;15;2;16.4
SSR_P;2014;310782396;920000395;N2710;;1;0.5
SSR_P;2014;310782396;920000395;N3120;;1;0.69
SSR_P;2014;310782396;920000395;NCINF;10;9;16
SSR_P;2014;310783055;310781406;M1040;;1;0.1
SSR_P;2014;310783055;310781406;M1070;;1;0.1
SSR_P;2014;310783055;310781406;M1120;;1;0.1
SSR_P;2014;310783055;310781406;M1140;;1;0.1
SSR_P;2014;310783055;310781406;M1150;;1;0.1
SSR_P;2014;310783055;310781406;M1180;4;;4
SSR_P;2014;310783055;310781406;M1190;;1;0.1
SSR_P;2014;310783055;310781406;M1320;;1;0.1
SSR_P;2014;310783055;310781406;M1330;;1;0.1
SSR_P;2014;310783055;310781406;M3020;;1;0.1
SSR_P;2014;310783055;310781406;MAUT;;1;0.1
SSR_P;2014;310783055;310781406;N241P;10;;9.2
SSR_P;2014;310783055;310781406;N2430;;2;2
SSR_P;2014;310783055;310781406;N2450;;1;0.5
SSR_P;2014;310783055;310781406;N2460;2;;2
SSR_P;2014;310783055;310781406;N2500;19;;19
SSR_P;2014;310783055;310781406;N2710;1;;1
SSR_P;2014;310783055;310781406;N3120;1;;1
SSR_P;2014;310783055;310781406;NAUT;20;2;20.7
SSR_P;2014;310783055;310781406;NCINF;16;;16
SSR_P;2014;310784558;310180013;M1010;1;0;0.85
SSR_P;2014;310784558;310180013;M1040;0;0;0.2
SSR_P;2014;310784558;310180013;M1180;1;0;1
SSR_P;2014;310784558;310180013;M1190;1;0;1
SSR_P;2014;310784558;310180013;MAUT;1;1;0.63
SSR_P;2014;310784558;310180013;N241P;13;2;14.9
SSR_P;2014;310784558;310180013;N2430;1;1;1.33
SSR_P;2014;310784558;310180013;N2450;1;0;0.4
SSR_P;2014;310784558;310180013;N2460;2;1;2.08
SSR_P;2014;310784558;310180013;N2500;24;1;22.86
SSR_P;2014;310784558;310180013;N2710;0;0;0.3
SSR_P;2014;310784558;310180013;N3120;0;1;0.6
SSR_P;2014;310784558;310180013;NAUT;24;1;24.08
SSR_P;2014;310784558;310180013;NCINF;16;0;16.87
SSR_P;2014;310784830;310788880;M1010;0;2;1.23
SSR_P;2014;310784830;310788880;M1180;2;0;2
SSR_P;2014;310784830;310788880;M1190;0;1;0.48
SSR_P;2014;310784830;310788880;M1320;0;1;0.6
SSR_P;2014;310784830;310788880;N241P;19;0;16.73
SSR_P;2014;310784830;310788880;N2450;2;2;0.8
SSR_P;2014;310784830;310788880;N2460;5;0;4.15
SSR_P;2014;310784830;310788880;N2500;15;8;24.17
SSR_P;2014;310784830;310788880;N2710;0;4;1
SSR_P;2014;310784830;310788880;N3120;3;2;1
SSR_P;2014;310784830;310788880;NAUT;9;2;10.29
SSR_P;2014;310784830;310788880;NCINF;17;9;22.1
SSR_P;2014;310786389;310001433;M1010;;1;0.1
SSR_P;2014;310786389;310001433;M1180;;2;0.8
SSR_P;2014;310786389;310001433;M1320;;3;2.43
SSR_P;2014;310786389;310001433;M3020;;2;0.05
SSR_P;2014;310786389;310001433;N241P;3;2;4
SSR_P;2014;310786389;310001433;N2430;;1;0.2
SSR_P;2014;310786389;310001433;N2450;1;;0.85
SSR_P;2014;310786389;310001433;N2460;2;1;2.2
SSR_P;2014;310786389;310001433;N2500;10;8;15.49
SSR_P;2014;310786389;310001433;N2710;;1;0.33
SSR_P;2014;310786389;310001433;N3120;;2;0.96
SSR_P;2014;310786389;310001433;NCINF;19;3;19.54
SSR_P;2014;310786702;750043713;M1180;0;1;0.05
SSR_P;2014;310786702;750043713;M1320;2;3;2.7
SSR_P;2014;310786702;750043713;MAUT;;1;0.4
SSR_P;2014;310786702;750043713;N241P;;6;2
SSR_P;2014;310786702;750043713;N2430;;2;0.3
SSR_P;2014;310786702;750043713;N2450;;1;0.2
SSR_P;2014;310786702;750043713;N2460;;2;1
SSR_P;2014;310786702;750043713;N2500;19;;17.2
SSR_P;2014;310786702;750043713;N2710;1;;0.4
SSR_P;2014;310786702;750043713;N3120;1;;0.5
SSR_P;2014;310786702;750043713;NAUT;;2;0.5
SSR_P;2014;310786702;750043713;NCINF;10;;10
SSR_P;2014;310787304;310781406;N241P;4;2;4.2
SSR_P;2014;310787304;310781406;N2450;2;;1
SSR_P;2014;310787304;310781406;N2460;1;;0.5
SSR_P;2014;310787304;310781406;N3120;1;;0.5
SSR_P;2014;310787304;310781406;NAUT;1;1;0.1
SSR_P;2014;310787965;310788898;M1180;0;2;1.18
SSR_P;2014;310787965;310788898;N241P;3;4;5.35
SSR_P;2014;310787965;310788898;N2430;;1;0.26
SSR_P;2014;310787965;310788898;N2460;;2;1.15
SSR_P;2014;310787965;310788898;N2500;1;1;1.62
SSR_P;2014;310787965;310788898;N2710;;1;0.25
SSR_P;2014;310787965;310788898;N310H;1;;1.06
SSR_P;2014;310787965;310788898;NAUT;1;;1.21
SSR_P;2014;310787965;310788898;NCINF;1;1;0.98
SSR_P;2014;310790472;310790464;M1010;3;1;4.57
SSR_P;2014;310790472;310790464;M1040;3;2;3.54
SSR_P;2014;310790472;310790464;M1070;;1;0.37
SSR_P;2014;310790472;310790464;M1150;2;;2.05
SSR_P;2014;310790472;310790464;M1180;;1;0.02
SSR_P;2014;310790472;310790464;MAUT;;2;1.1
SSR_P;2014;310790472;310790464;N241P;11;1;11.54
SSR_P;2014;310790472;310790464;N2450;2;1;2.24
SSR_P;2014;310790472;310790464;N2500;13;6;17.02
SSR_P;2014;310790472;310790464;N2710;;1;0.8
SSR_P;2014;310790472;310790464;N310H;3;;3.08
SSR_P;2014;310790472;310790464;N3120;;1;0.25
SSR_P;2014;310790472;310790464;NAUT;7;10;14.18
SSR_P;2014;310790472;310790464;NCINF;16;18;28.81
SSR_P;2014;310792635;310002191;M1010;3;;3
SSR_P;2014;310792635;310002191;M1040;5;;0.1
SSR_P;2014;310792635;310002191;M1070;3;;0.1
SSR_P;2014;310792635;310002191;M1120;4;;0.1
SSR_P;2014;310792635;310002191;M1150;4;;0.1
SSR_P;2014;310792635;310002191;M1180;1;;1
SSR_P;2014;310792635;310002191;M1190;2;;0.1
SSR_P;2014;310792635;310002191;M1320;1;;1
SSR_P;2014;310792635;310002191;M3020;3;;0.1
SSR_P;2014;310792635;310002191;MAUT;2;;0.1
SSR_P;2014;310792635;310002191;N241P;5;;5
SSR_P;2014;310792635;310002191;N2450;1;;1
SSR_P;2014;310792635;310002191;N2460;;1;0.8
SSR_P;2014;310792635;310002191;N2710;;1;0.8
SSR_P;2014;310792635;310002191;N3120;1;;0.5
SSR_P;2014;310792635;310002191;NAUT;5;;4
SSR_P;2014;310792874;310788997;M1140;;3;1.02
SSR_P;2014;310792874;310788997;M1180;;1;0.01
SSR_P;2014;310792874;310788997;N241P;;6;1.6
SSR_P;2014;310792874;310788997;N2430;;1;0.5
SSR_P;2014;310792874;310788997;N2450;;1;0.1
SSR_P;2014;310792874;310788997;N2460;;1;0.3
SSR_P;2014;310792874;310788997;N2470;;1;0.5
SSR_P;2014;310792874;310788997;N2500;7;;7
SSR_P;2014;310792874;310788997;N2710;;1;0.5
SSR_P;2014;310792874;310788997;N310H;;1;1
SSR_P;2014;310792874;310788997;N3120;;1;0.5
SSR_P;2014;310792874;310788997;NCINF;;8;6.6
SSR_P;2014;310793617;310000039;M1320;;5;2.66
SSR_P;2014;310793617;310000039;N2450;;1;0.2
SSR_P;2014;310793617;310000039;N2500;14;7;15.87
SSR_P;2014;310793617;310000039;N2710;;1;0.62
SSR_P;2014;310793617;310000039;N3120;1;;1
SSR_P;2014;310793617;310000039;NAUT;7;;9.19
SSR_P;2014;310793617;310000039;NCINF;8;4;11.61
SSR_P;2014;320000086;320780117;M1010;1;;1
SSR_P;2014;320000086;320780117;M1180;1;;1.66
SSR_P;2014;320000086;320780117;M1320;2;;1.1
SSR_P;2014;320000086;320780117;N2500;23;2;22.21
SSR_P;2014;320000086;320780117;N310H;1;;0.07
SSR_P;2014;320000086;320780117;NAUT;5;;3.89
SSR_P;2014;320000086;320780117;NCINF;18;2;16.97
SSR_P;2014;320000102;320780133;M1010;1;1;1.05
SSR_P;2014;320000102;320780133;N241P;;;0.19
SSR_P;2014;320000102;320780133;N2500;7;2;8.55
SSR_P;2014;320000102;320780133;N2710;;2;0.14
SSR_P;2014;320000102;320780133;N3120;;1;0.3
SSR_P;2014;320000102;320780133;NAUT;3;1;5.17
SSR_P;2014;320000102;320780133;NCINF;4;1;4.34
SSR_P;2014;320000110;320004310;M1070;;1;0.06
SSR_P;2014;320000110;320004310;M1320;;1;0.16
SSR_P;2014;320000110;320004310;MAUT;1;1;0.17
SSR_P;2014;320000110;320004310;N241P;1;1;1.12
SSR_P;2014;320000110;320004310;N2450;;1;0.29
SSR_P;2014;320000110;320004310;N2500;6;2;5.61
SSR_P;2014;320000110;320004310;N2710;1;;0.5
SSR_P;2014;320000110;320004310;N3120;1;;0.17
SSR_P;2014;320000110;320004310;NAUT;5;;4.31
SSR_P;2014;320000110;320004310;NCINF;5;;3.74
SSR_P;2014;320000128;320780158;M1010;;1;0.07
SSR_P;2014;320000128;320780158;N241P;1;;1
SSR_P;2014;320000128;320780158;N2450;;1;0.33
SSR_P;2014;320000128;320780158;N2460;;1;0.32
SSR_P;2014;320000128;320780158;N2500;4;2;3.43
SSR_P;2014;320000128;320780158;N2710;;1;0.37
SSR_P;2014;320000128;320780158;NAUT;4;2;4.26
SSR_P;2014;320000128;320780158;NCINF;2;5;2.92
SSR_P;2014;320000144;320780174;MAUT;;3;0.12
SSR_P;2014;320000144;320780174;N241P;;1;0.07
SSR_P;2014;320000144;320780174;N2450;;2;0.83
SSR_P;2014;320000144;320780174;N2460;;1;0.45
SSR_P;2014;320000144;320780174;N2500;10;;7.21
SSR_P;2014;320000144;320780174;N2710;;1;0.45
SSR_P;2014;320000144;320780174;N3120;;1;0.64
SSR_P;2014;320000144;320780174;NAUT;1;4;3
SSR_P;2014;320000144;320780174;NCINF;4;5;5.91
SSR_P;2014;320000151;320780182;M1010;6;;6
SSR_P;2014;320000151;320780182;N241P;1;;0.5
SSR_P;2014;320000151;320780182;N2450;;1;0.3
SSR_P;2014;320000151;320780182;N2460;;1;0.5
SSR_P;2014;320000151;320780182;N2500;5;;5
SSR_P;2014;320000151;320780182;NAUT;1;;0.1
SSR_P;2014;320000151;320780182;NCINF;4;;3.5
SSR_P;2014;320000169;320780190;M1010;;1;0.2
SSR_P;2014;320000169;320780190;MAUT;;1;0.4
SSR_P;2014;320000169;320780190;N241P;;1;0.8
SSR_P;2014;320000169;320780190;N2450;;1;0.4
SSR_P;2014;320000169;320780190;N2460;1;;0.2
SSR_P;2014;320000169;320780190;N2500;11;3;12.54
SSR_P;2014;320000169;320780190;N2710;1;;0.3
SSR_P;2014;320000169;320780190;N3120;;1;0.5
SSR_P;2014;320000169;320780190;NAUT;15;6;7.42
SSR_P;2014;320000169;320780190;NCINF;9;2;8.94
SSR_P;2014;320000177;320780208;MAUT;0;2;0.47
SSR_P;2014;320000177;320780208;N241P;0;1;1
SSR_P;2014;320000177;320780208;N2450;;1;0.1
SSR_P;2014;320000177;320780208;N2470;0;1;0.1
SSR_P;2014;320000177;320780208;N2500;9;2;5.61
SSR_P;2014;320000177;320780208;N2710;0;2;0.17
SSR_P;2014;320000177;320780208;N310H;0;1;0.77
SSR_P;2014;320000177;320780208;N3120;0;1;0.3
SSR_P;2014;320000177;320780208;NAUT;35;8;11.9
SSR_P;2014;320000177;320780208;NCINF;7;1;4.04
SSR_P;2014;320000185;320780216;M1010;;1;0.32
SSR_P;2014;320000185;320780216;M1180;;1;0.1
SSR_P;2014;320000185;320780216;N241P;;2;0.79
SSR_P;2014;320000185;320780216;N2450;;1;0.3
SSR_P;2014;320000185;320780216;N2500;9;1;9.8
SSR_P;2014;320000185;320780216;N3120;;1;0.5
SSR_P;2014;320000185;320780216;NAUT;;2;1.39
SSR_P;2014;320000185;320780216;NCINF;4;3;6.9
SSR_P;2014;320780323;750810590;M1010;;2;0.04
SSR_P;2014;320780323;750810590;M1120;;1;0.14
SSR_P;2014;320780323;750810590;M1140;;1;0.12
SSR_P;2014;320780323;750810590;M1180;;3;1.02
SSR_P;2014;320780323;750810590;MAUT;;1;0.07
SSR_P;2014;320780323;750810590;N241P;4;2;4.98
SSR_P;2014;320780323;750810590;N2430;;1;0.7
SSR_P;2014;320780323;750810590;N2450;;1;0.1
SSR_P;2014;320780323;750810590;N2460;1;2;2.8
SSR_P;2014;320780323;750810590;N2470;;1;0.7
SSR_P;2014;320780323;750810590;N2500;12;13;22.38
SSR_P;2014;320780323;750810590;N2710;;1;0.86
SSR_P;2014;320780323;750810590;N310H;;2;0.83
SSR_P;2014;320780323;750810590;N3120;;1;0.5
SSR_P;2014;320780323;750810590;NAUT;3;21;16.08
SSR_P;2014;320780323;750810590;NCINF;3;5;6.8
SSR_P;2014;320784333;320000565;M1010;2;3;3.52
SSR_P;2014;320784333;320000565;M1120;1;0;1
SSR_P;2014;320784333;320000565;M1150;0;1;0.07
SSR_P;2014;320784333;320000565;M1180;0;4;2.97
SSR_P;2014;320784333;320000565;M1320;0;1;0.06
SSR_P;2014;320784333;320000565;M3020;0;1;0.1
SSR_P;2014;320784333;320000565;MAUT;0;7;1.91
SSR_P;2014;320784333;320000565;N241P;9;2;9.01
SSR_P;2014;320784333;320000565;N2430;1;1;1.5
SSR_P;2014;320784333;320000565;N2450;0;1;0.2
SSR_P;2014;320784333;320000565;N2460;2;3;3.66
SSR_P;2014;320784333;320000565;N2500;41;17;47.04
SSR_P;2014;320784333;320000565;N2710;1;0;1
SSR_P;2014;320784333;320000565;N310H;4;1;3.71
SSR_P;2014;320784333;320000565;N3120;0;1;0.3
SSR_P;2014;320784333;320000565;NAUT;23;21;39.04
SSR_P;2014;320784333;320000565;NCINF;21;7;21.1
SSR_P;2014;330000217;330780347;M1010;0;3;2.55
SSR_P;2014;330000217;330780347;N241P;1;1;1.5
SSR_P;2014;330000217;330780347;N2430;0;1;0.06
SSR_P;2014;330000217;330780347;N2450;0;1;0.5
SSR_P;2014;330000217;330780347;N2460;0;1;0.75
SSR_P;2014;330000217;330780347;N2470;0;1;0.7
SSR_P;2014;330000217;330780347;N2500;11;8;16.55
SSR_P;2014;330000217;330780347;N2710;0;1;0.75
SSR_P;2014;330000217;330780347;N3120;1;0;1
SSR_P;2014;330000217;330780347;NAUT;0;2;0.75
SSR_P;2014;330000217;330780347;NCINF;16;2;15.82
SSR_P;2014;330000340;330780552;M1320;2;;1.5
SSR_P;2014;330000340;330780552;N241P;;1;0.26
SSR_P;2014;330000340;330780552;N2460;1;;0.2
SSR_P;2014;330000340;330780552;N2500;7;6;13.45
SSR_P;2014;330000340;330780552;N3120;1;;0.2
SSR_P;2014;330000340;330780552;NCINF;11;6;13.27
SSR_P;2014;330000555;330781204;M1180;1;1;1.45
SSR_P;2014;330000555;330781204;N241P;6;;5.94
SSR_P;2014;330000555;330781204;N2430;;1;0.32
SSR_P;2014;330000555;330781204;N2460;;1;0.5
SSR_P;2014;330000555;330781204;N2500;7;7;12.33
SSR_P;2014;330000555;330781204;NAUT;;1;0.8
SSR_P;2014;330000555;330781204;NCINF;9;1;9.5
SSR_P;2014;330000571;330781220;M1010;1;;0.54
SSR_P;2014;330000571;330781220;M1320;1;;0.54
SSR_P;2014;330000571;330781220;N241P;;;0.78
SSR_P;2014;330000571;330781220;N2460;;1;0.59
SSR_P;2014;330000571;330781220;N2500;10;;9.4
SSR_P;2014;330000571;330781220;N2710;;1;0.28
SSR_P;2014;330000571;330781220;N3120;1;;0.5
SSR_P;2014;330000571;330781220;NCINF;6;3;7.82
SSR_P;2014;330000597;330027509;M1010;1;0;0.5
SSR_P;2014;330000597;330027509;M1320;2;0;1.4
SSR_P;2014;330000597;330027509;MAUT;2;0;1.4
SSR_P;2014;330000597;330027509;N241P;2;0;1.47
SSR_P;2014;330000597;330027509;N2460;1;0;0.1
SSR_P;2014;330000597;330027509;N2470;0;1;0.23
SSR_P;2014;330000597;330027509;N2500;19;3;21.21
SSR_P;2014;330000597;330027509;NAUT;5;4;6.26
SSR_P;2014;330000597;330027509;NCINF;5;7;10.5
SSR_P;2014;330000605;330781253;M1180;5;;4.04
SSR_P;2014;330000605;330781253;N241P;16;0;14.14
SSR_P;2014;330000605;330781253;N2430;0;1;0.8
SSR_P;2014;330000605;330781253;N2460;4;1;4.38
SSR_P;2014;330000605;330781253;N2470;1;0;1.2
SSR_P;2014;330000605;330781253;N2500;15;2;16.18
SSR_P;2014;330000605;330781253;N2710;0;3;1.1
SSR_P;2014;330000605;330781253;N310H;1;0;1
SSR_P;2014;330000605;330781253;NAUT;17;1;19.63
SSR_P;2014;330000605;330781253;NCINF;11;2;12.12
SSR_P;2014;330000613;330781261;M1180;1;;1
SSR_P;2014;330000613;330781261;M1320;1;1;1.28
SSR_P;2014;330000613;330781261;MAUT;;1;0.52
SSR_P;2014;330000613;330781261;N241P;2;;1.41
SSR_P;2014;330000613;330781261;N2450;;1;0.1
SSR_P;2014;330000613;330781261;N2460;;1;0.5
SSR_P;2014;330000613;330781261;N2500;25;6;29.06
SSR_P;2014;330000613;330781261;N2710;;1;1.01
SSR_P;2014;330000613;330781261;N3120;;1;0.2
SSR_P;2014;330000613;330781261;NAUT;5;3;7.49
SSR_P;2014;330000613;330781261;NCINF;14;4;17.77
SSR_P;2014;330000621;330781279;M1010;;4;4
SSR_P;2014;330000621;330781279;N241P;;1;0.86
SSR_P;2014;330000621;330781279;N2460;;1;0.3
SSR_P;2014;330000621;330781279;N2500;2;1;2.88
SSR_P;2014;330000621;330781279;N3120;;1;0.05
SSR_P;2014;330000621;330781279;NAUT;;2;1.6
SSR_P;2014;330000621;330781279;NCINF;2;2;2.4
SSR_P;2014;330057654;310024732;M1010;;3;1.75
SSR_P;2014;330057654;310024732;N2450;;1;0.23
SSR_P;2014;330057654;310024732;N2500;11;2;12
SSR_P;2014;330057654;310024732;N2710;;1;0.4
SSR_P;2014;330057654;310024732;N3120;;1;0.26
SSR_P;2014;330057654;310024732;NCINF;8;3;9.83
SSR_P;2014;330780081;330000043;M1040;1;;1
SSR_P;2014;330780081;330000043;N241P;;2;1
SSR_P;2014;330780081;330000043;N2430;;1;0.2
SSR_P;2014;330780081;330000043;N2710;;1;0.2
SSR_P;2014;330780081;330000043;NAUT;1;;1
SSR_P;2014;330780081;330000043;NCINF;;2;1
SSR_P;2014;330780206;330000126;M1010;;2;1
SSR_P;2014;330780206;330000126;N2450;;1;0.12
SSR_P;2014;330780206;330000126;N2500;6;;6
SSR_P;2014;330780206;330000126;N2710;;1;0.12
SSR_P;2014;330780206;330000126;N3120;;1;0.12
SSR_P;2014;330780206;330000126;NCINF;3;;3
SSR_P;2014;330780263;330000134;M1010;;1;0.6
SSR_P;2014;330780263;330000134;N241P;;6;1.2
SSR_P;2014;330780263;330000134;N2450;;1;0.25
SSR_P;2014;330780263;330000134;N2500;5;;3.45
SSR_P;2014;330780263;330000134;N2710;;1;0.25
SSR_P;2014;330780263;330000134;N3120;;1;0.25
SSR_P;2014;330780263;330000134;NAUT;;1;0.1
SSR_P;2014;330780263;330000134;NCINF;6;;4.75
SSR_P;2014;330780370;750034589;M1010;;1;0.56
SSR_P;2014;330780370;750034589;M1180;;1;0.09
SSR_P;2014;330780370;750034589;M1320;;1;0.68
SSR_P;2014;330780370;750034589;M3020;;1;0.1
SSR_P;2014;330780370;750034589;N241P;1;1;1.5
SSR_P;2014;330780370;750034589;N2430;;1;0.3
SSR_P;2014;330780370;750034589;N2450;;1;0.2
SSR_P;2014;330780370;750034589;N2460;;1;0.3
SSR_P;2014;330780370;750034589;N2470;;1;0.79
SSR_P;2014;330780370;750034589;N2500;14;1;15
SSR_P;2014;330780370;750034589;N2710;1;;1
SSR_P;2014;330780370;750034589;N3120;1;;1
SSR_P;2014;330780370;750034589;NAUT;;10;11.05
SSR_P;2014;330780370;750034589;NCINF;7;3;9.35
SSR_P;2014;330780479;330000274;M1040;;2;0.46
SSR_P;2014;330780479;330000274;M1150;;1;0.2
SSR_P;2014;330780479;330000274;N2450;;1;0.25
SSR_P;2014;330780479;330000274;N2710;;1;0.65
SSR_P;2014;330780479;330000274;NAUT;1;;1
SSR_P;2014;330780479;330000274;NCINF;1;2;2.4
SSR_P;2014;330780495;330796392;M1180;1;;0.24
SSR_P;2014;330780495;330796392;M1320;;1;0.8
SSR_P;2014;330780495;330796392;N2460;1;;1
SSR_P;2014;330780495;330796392;N2500;8;1;10.04
SSR_P;2014;330780495;330796392;NCINF;6;;7.4
SSR_P;2014;330780503;330000308;M1180;;3;1.03
SSR_P;2014;330780503;330000308;N2500;6;1;6.5
SSR_P;2014;330780503;330000308;NCINF;6;1;6.75
SSR_P;2014;330780529;330796392;M1180;;1;0.65
SSR_P;2014;330780529;330796392;NAUT;1;;1
SSR_P;2014;330780529;330796392;NCINF;12;;7.04
SSR_P;2014;330780560;330781386;M1040;2;;2
SSR_P;2014;330780560;330781386;M1150;3;;3
SSR_P;2014;330780719;310020383;M1010;;3;2
SSR_P;2014;330780719;310020383;N2450;;1;0.43
SSR_P;2014;330780719;310020383;N2500;7;7;13.7
SSR_P;2014;330780719;310020383;N3120;;1;0.4
SSR_P;2014;330780719;310020383;NCINF;7;6;10.4
SSR_P;2014;330780735;310021035;M1010;;2;0.84
SSR_P;2014;330780735;310021035;M1040;;1;0.55
SSR_P;2014;330780735;310021035;N2500;8;1;8.12
SSR_P;2014;330780735;310021035;N2710;;1;0.11
SSR_P;2014;330780735;310021035;NCINF;6;1;5.88
SSR_P;2014;330780743;330056540;M1010;3;1;3.35
SSR_P;2014;330780743;330056540;M1320;2;;2
SSR_P;2014;330780743;330056540;N241P;4;;4
SSR_P;2014;330780743;330056540;N2430;;2;0.5
SSR_P;2014;330780743;330056540;N2450;;1;0.81
SSR_P;2014;330780743;330056540;N2460;;1;0.5
SSR_P;2014;330780743;330056540;N2500;39;4;42.87
SSR_P;2014;330780743;330056540;N2710;;1;1.01
SSR_P;2014;330780743;330056540;N3120;1;1;1.8
SSR_P;2014;330780743;330056540;NCINF;24;7;32.07
SSR_P;2014;330780750;330056540;M1180;3;2;4.51
SSR_P;2014;330780750;330056540;M3020;;1;0.39
SSR_P;2014;330780750;330056540;N241P;4;1;4.19
SSR_P;2014;330780750;330056540;N2450;;1;1.14
SSR_P;2014;330780750;330056540;N2500;40;4;41.52
SSR_P;2014;330780750;330056540;N2710;1;2;1.72
SSR_P;2014;330780750;330056540;N310H;1;1;1.79
SSR_P;2014;330780750;330056540;N3120;;1;0.38
SSR_P;2014;330780750;330056540;NCINF;26;6;32.48
SSR_P;2014;330780768;330780552;M1010;;;0.31
SSR_P;2014;330780768;330780552;M1320;2;;2
SSR_P;2014;330780768;330780552;N241P;1;1;1.73
SSR_P;2014;330780768;330780552;N2500;11;7;16.88
SSR_P;2014;330780768;330780552;N310H;;1;0.49
SSR_P;2014;330780768;330780552;N3120;;;0.1
SSR_P;2014;330780768;330780552;NAUT;7;;4.3
SSR_P;2014;330780768;330780552;NCINF;4;11;12.12
SSR_P;2014;330781121;930019484;M1120;;1;0.8
SSR_P;2014;330781121;930019484;M1180;;1;0.7
SSR_P;2014;330781121;930019484;N241P;7;;6.46
SSR_P;2014;330781121;930019484;N2430;;3;1.62
SSR_P;2014;330781121;930019484;N2460;6;4;9.61
SSR_P;2014;330781121;930019484;N2470;;1;0.5
SSR_P;2014;330781121;930019484;N2500;29;1;25.12
SSR_P;2014;330781121;930019484;N2710;1;1;1.83
SSR_P;2014;330781121;930019484;N310H;2;;2
SSR_P;2014;330781121;930019484;N3120;;2;1.41
SSR_P;2014;330781121;930019484;NAUT;1;1;1.84
SSR_P;2014;330781121;930019484;NCINF;18;2;19.11
SSR_P;2014;330781139;330056540;M1010;;1;1.54
SSR_P;2014;330781139;330056540;M1180;6;1;6.84
SSR_P;2014;330781139;330056540;N241P;26;6;29.29
SSR_P;2014;330781139;330056540;N2430;;3;2.13
SSR_P;2014;330781139;330056540;N2450;;1;0.91
SSR_P;2014;330781139;330056540;N2460;8;4;11.99
SSR_P;2014;330781139;330056540;N2500;44;23;57.49
SSR_P;2014;330781139;330056540;N2710;;4;2.13
SSR_P;2014;330781139;330056540;N310H;3;1;2.31
SSR_P;2014;330781139;330056540;N3120;3;2;4.44
SSR_P;2014;330781139;330056540;NAUT;42;12;44.46
SSR_P;2014;330781139;330056540;NCINF;37;22;52.66
SSR_P;2014;330781154;330055542;M1010;3;1;3.8
SSR_P;2014;330781154;330055542;M1180;3;2;4.2
SSR_P;2014;330781303;750821092;M1180;2;;2
SSR_P;2014;330781303;750821092;N241P;8;;8.67
SSR_P;2014;330781303;750821092;N2460;1;;1
SSR_P;2014;330781303;750821092;N2500;7;;7.06
SSR_P;2014;330781303;750821092;NCINF;8;;8
SSR_P;2014;330781337;330781196;M1010;1;;0.8
SSR_P;2014;330781337;330781196;MAUT;1;;1.06
SSR_P;2014;330781337;330781196;N2430;;1;0.38
SSR_P;2014;330781337;330781196;N2460;1;;0.85
SSR_P;2014;330781337;330781196;N2500;31;2;33.87
SSR_P;2014;330781337;330781196;N2710;1;;1
SSR_P;2014;330781337;330781196;N3120;;1;0.9
SSR_P;2014;330781337;330781196;NAUT;10;;11
SSR_P;2014;330781337;330781196;NCINF;18;6;27.04
SSR_P;2014;330781360;330781196;M1180;5;1;2.2
SSR_P;2014;330781360;330781196;MAUT;1;;0.25
SSR_P;2014;330781360;330781196;N2500;25;1;27.63
SSR_P;2014;330781360;330781196;N2710;2;;2
SSR_P;2014;330781360;330781196;NAUT;2;1;2.31
SSR_P;2014;330781360;330781196;NCINF;20;1;22.23
SSR_P;2014;330781402;330000670;M1040;;3;3
SSR_P;2014;330781402;330000670;M1070;;1;1
SSR_P;2014;330781402;330000670;M1120;;3;3
SSR_P;2014;330781402;330000670;M1140;1;;1
SSR_P;2014;330781402;330000670;M1180;1;1;2
SSR_P;2014;330781402;330000670;M1190;;2;2
SSR_P;2014;330781402;330000670;N241P;4;;4
SSR_P;2014;330781402;330000670;N2450;;1;1
SSR_P;2014;330781402;330000670;N2710;;1;1
SSR_P;2014;330781402;330000670;N3120;;;1
SSR_P;2014;330781626;750043994;M1010;;2;1.15
SSR_P;2014;330781626;750043994;M1320;1;;1
SSR_P;2014;330781626;750043994;N241P;;4;2
SSR_P;2014;330781626;750043994;N2500;8;3;9.34
SSR_P;2014;330781626;750043994;N2710;;1;0.23
SSR_P;2014;330781626;750043994;N3120;;1;0.3
SSR_P;2014;330781626;750043994;NCINF;6;1;6.34
SSR_P;2014;330783648;330781196;M1010;;;0.2
SSR_P;2014;330783648;330781196;N2710;;;0.17
SSR_P;2014;330783648;330781196;NCINF;2;;2
SSR_P;2014;330783721;330781253;M1320;5;;4.58
SSR_P;2014;330783721;330781253;N2460;2;;1.25
SSR_P;2014;330783721;330781253;N2470;2;;1.08
SSR_P;2014;330783721;330781253;N2500;45;2;44.62
SSR_P;2014;330783721;330781253;N2710;1;1;1.67
SSR_P;2014;330783721;330781253;N3120;;1;1
SSR_P;2014;330783721;330781253;NAUT;20;1;19.79
SSR_P;2014;330783721;330781253;NCINF;30;2;30.13
SSR_P;2014;330802778;310020383;M1010;1;6;4.33
SSR_P;2014;330802778;310020383;M1040;3;1;3.55
SSR_P;2014;330802778;310020383;N241P;2;9;7.69
SSR_P;2014;330802778;310020383;N2450;;1;1
SSR_P;2014;330802778;310020383;N2500;13;4;19.93
SSR_P;2014;330802778;310020383;N2710;;1;0.46
SSR_P;2014;330802778;310020383;N3120;;1;0.43
SSR_P;2014;330802778;310020383;NAUT;2;;2
SSR_P;2014;330802778;310020383;NCINF;15;9;19.54
SSR_P;2014;330804501;330781212;M1180;;1;1
SSR_P;2014;330804501;330781212;N241P;1;;1
SSR_P;2014;330804501;330781212;N2710;;1;0.46
SSR_P;2014;330804501;330781212;N3120;1;;0.25
SSR_P;2014;330804501;330781212;NCINF;8;;8.77
SSR_P;2014;340000025;340780048;M1010;2;2;3
SSR_P;2014;340000025;340780048;M1070;0;1;0.13
SSR_P;2014;340000025;340780048;M1140;1;2;1.78
SSR_P;2014;340000025;340780048;M1180;2;1;2.05
SSR_P;2014;340000025;340780048;M3020;0;1;0.9
SSR_P;2014;340000025;340780048;N241P;14;6;17.01
SSR_P;2014;340000025;340780048;N2430;8;14;16.64
SSR_P;2014;340000025;340780048;N2450;1;2;2.78
SSR_P;2014;340000025;340780048;N2460;2;0;2
SSR_P;2014;340000025;340780048;N2470;1;4;3
SSR_P;2014;340000025;340780048;N2500;23;6;26.25
SSR_P;2014;340000025;340780048;N2710;2;8;6.32
SSR_P;2014;340000025;340780048;N310H;15;18;24.79
SSR_P;2014;340000025;340780048;N3120;1;1;1.17
SSR_P;2014;340000025;340780048;NAUT;72;21;75.84
SSR_P;2014;340000025;340780048;NCINF;18;7;22.96
SSR_P;2014;340000181;340780469;M1180;;1;0.2
SSR_P;2014;340000181;340780469;M1320;;1;0.5
SSR_P;2014;340000181;340780469;N241P;1;1;1.5
SSR_P;2014;340000181;340780469;N2500;6;;5.2
SSR_P;2014;340000181;340780469;N2710;1;;0.5
SSR_P;2014;340000181;340780469;N310H;1;;0.25
SSR_P;2014;340000181;340780469;N3120;1;;0.5
SSR_P;2014;340000181;340780469;NCINF;6;2;5.6
SSR_P;2014;340000215;340780519;N241P;;1;0.7
SSR_P;2014;340000215;340780519;N2460;;1;0.4
SSR_P;2014;340000215;340780519;N2500;6;2;8.16
SSR_P;2014;340000215;340780519;NAUT;4;5;3.72
SSR_P;2014;340000215;340780519;NCINF;2;3;4.23
SSR_P;2014;340000223;340011295;M1010;0;1;0.8
SSR_P;2014;340000223;340011295;M1040;1;0;0.03
SSR_P;2014;340000223;340011295;M1120;1;0;0.03
SSR_P;2014;340000223;340011295;M1320;0;1;0.8
SSR_P;2014;340000223;340011295;N2500;21;4;18.01
SSR_P;2014;340000223;340011295;NCINF;10;6;14.63
SSR_P;2014;340000231;340780535;M1010;;14;0.08
SSR_P;2014;340000231;340780535;N241P;1;;0.8
SSR_P;2014;340000231;340780535;N2450;;1;0.38
SSR_P;2014;340000231;340780535;N2460;1;;0.7
SSR_P;2014;340000231;340780535;N2500;16;1;14.65
SSR_P;2014;340000231;340780535;N2710;1;;0.09
SSR_P;2014;340000231;340780535;N3120;1;;0.25
SSR_P;2014;340000231;340780535;NAUT;3;1;1.19
SSR_P;2014;340000231;340780535;NCINF;8;1;6.52
SSR_P;2014;340000249;340780543;M1010;;;0.23
SSR_P;2014;340000249;340780543;N241P;2;;1.5
SSR_P;2014;340000249;340780543;N2460;1;;1
SSR_P;2014;340000249;340780543;N2500;2;3;3.87
SSR_P;2014;340000249;340780543;N2710;1;;0.17
SSR_P;2014;340000249;340780543;NCINF;5;;4.14
SSR_P;2014;340000439;340780881;M1010;;1;1.32
SSR_P;2014;340000439;340780881;M1180;1;3;2.14
SSR_P;2014;340000439;340780881;MAUT;;1;0.5
SSR_P;2014;340000439;340780881;N241P;7;9;10.25
SSR_P;2014;340000439;340780881;N2450;;1;0.4
SSR_P;2014;340000439;340780881;N2460;1;;1
SSR_P;2014;340000439;340780881;N2500;7;3;8.22
SSR_P;2014;340000439;340780881;N2710;;1;0.5
SSR_P;2014;340000439;340780881;N310H;;1;0.4
SSR_P;2014;340000439;340780881;N3120;;1;0.31
SSR_P;2014;340000439;340780881;NCINF;3;8;8.15
SSR_P;2014;340001064;340013028;M1180;3;2;4.8
SSR_P;2014;340001064;340013028;N241P;11;;11
SSR_P;2014;340001064;340013028;N2430;;1;0.5
SSR_P;2014;340001064;340013028;N2450;1;;1
SSR_P;2014;340001064;340013028;N2460;6;1;6.8
SSR_P;2014;340001064;340013028;N2500;39;2;39
SSR_P;2014;340001064;340013028;N2710;;2;1.35
SSR_P;2014;340001064;340013028;N3120;1;1;1.75
SSR_P;2014;340001064;340013028;NCINF;31;5;34.2
SSR_P;2014;340008176;340780469;M1070;;2;2
SSR_P;2014;340008176;340780469;M1180;;1;0.1
SSR_P;2014;340008176;340780469;N241P;1;;0.25
SSR_P;2014;340008176;340780469;N2500;6;;5.05
SSR_P;2014;340008176;340780469;N2710;2;1;2
SSR_P;2014;340008176;340780469;N3120;1;;0.5
SSR_P;2014;340008176;340780469;NCINF;7;;4.61
SSR_P;2014;340008275;340780477;M1010;1;1;1.2
SSR_P;2014;340008275;340780477;M1320;;1;0.8
SSR_P;2014;340008275;340780477;M3020;;1;0.1
SSR_P;2014;340008275;340780477;N241P;;2;1
SSR_P;2014;340008275;340780477;N2430;;2;0.82
SSR_P;2014;340008275;340780477;N2460;;1;0.5
SSR_P;2014;340008275;340780477;N2470;2;;0.99
SSR_P;2014;340008275;340780477;N2500;20;2;20.64
SSR_P;2014;340008275;340780477;N2710;;3;1.5
SSR_P;2014;340008275;340780477;N3120;;1;1
SSR_P;2014;340008275;340780477;NAUT;3;;2.55
SSR_P;2014;340008275;340780477;NCINF;14;;13.6
SSR_P;2014;340009018;340008978;M1010;1;4;3.5
SSR_P;2014;340009018;340008978;M1040;;6;1.1
SSR_P;2014;340009018;340008978;M1150;;4;0.6
SSR_P;2014;340009018;340008978;M1320;0;1;0.2
SSR_P;2014;340009018;340008978;M3020;;1;0.2
SSR_P;2014;340009018;340008978;MAUT;;1;0.3
SSR_P;2014;340009018;340008978;N241P;1;4;3.34
SSR_P;2014;340009018;340008978;N2430;;1;0.2
SSR_P;2014;340009018;340008978;N2450;;1;0.5
SSR_P;2014;340009018;340008978;N2460;1;;1
SSR_P;2014;340009018;340008978;N2500;16;3;17.8
SSR_P;2014;340009018;340008978;N310H;3;;3
SSR_P;2014;340009018;340008978;N3120;1;;1
SSR_P;2014;340009018;340008978;NAUT;6;6;8.44
SSR_P;2014;340009018;340008978;NCINF;13;5;16.8
SSR_P;2014;340017771;340780055;M1010;;1;0.6
SSR_P;2014;340017771;340780055;M1040;;1;0.6
SSR_P;2014;340017771;340780055;M1070;1;;0.05
SSR_P;2014;340017771;340780055;M1180;1;;0.5
SSR_P;2014;340017771;340780055;MAUT;2;;0.7
SSR_P;2014;340017771;340780055;N241P;2;1;2.59
SSR_P;2014;340017771;340780055;N2450;;1;0.4
SSR_P;2014;340017771;340780055;N2460;2;;1.79
SSR_P;2014;340017771;340780055;N2500;13;5;16.28
SSR_P;2014;340017771;340780055;N3120;;;0.35
SSR_P;2014;340017771;340780055;NAUT;8;7;10.17
SSR_P;2014;340017771;340780055;NCINF;14;3;16.73
SSR_P;2014;340019090;340019082;M1010;;1;0.8
SSR_P;2014;340019090;340019082;M1180;3;1;3.7
SSR_P;2014;340780196;340798123;M1180;3;1;3.8
SSR_P;2014;340780196;340798123;N241P;11;2;12.07
SSR_P;2014;340780196;340798123;N2450;;1;0.1
SSR_P;2014;340780196;340798123;N2460;;3;2.2
SSR_P;2014;340780196;340798123;N2500;7;12;16.6
SSR_P;2014;340780196;340798123;N3120;;1;0.1
SSR_P;2014;340780196;340798123;NAUT;1;2;2.8
SSR_P;2014;340780196;340798123;NCINF;6;5;8.73
SSR_P;2014;340780204;340015171;M1010;;1;0.85
SSR_P;2014;340780204;340015171;M1180;;1;0.3
SSR_P;2014;340780204;340015171;N241P;2;4;5.2
SSR_P;2014;340780204;340015171;N2430;1;0;0.2
SSR_P;2014;340780204;340015171;N2460;0;2;1.4
SSR_P;2014;340780204;340015171;N2470;0;1;0.13
SSR_P;2014;340780204;340015171;N2500;10;6;8.52
SSR_P;2014;340780204;340015171;N2710;0;0;0.07
SSR_P;2014;340780204;340015171;N310H;3;1;2.89
SSR_P;2014;340780204;340015171;N3120;0;1;0.25
SSR_P;2014;340780204;340015171;NAUT;16;26;16.86
SSR_P;2014;340780204;340015171;NCINF;6;4;4.87
SSR_P;2014;340780212;340796069;M1010;2;1;2.8
SSR_P;2014;340780212;340796069;M1040;;1;0.15
SSR_P;2014;340780212;340796069;M1180;3;1;3.56
SSR_P;2014;340780212;340796069;M1190;1;;1
SSR_P;2014;340780212;340796069;MAUT;1;;0.98
SSR_P;2014;340780212;340796069;N241P;19;5;24.38
SSR_P;2014;340780212;340796069;N2460;15;1;11.83
SSR_P;2014;340780212;340796069;N2500;34;4;34.47
SSR_P;2014;340780212;340796069;N2710;;1;0.4
SSR_P;2014;340780212;340796069;N3120;;1;0.47
SSR_P;2014;340780212;340796069;NAUT;92;11;89.6
SSR_P;2014;340780212;340796069;NCINF;27;3;25.88
SSR_P;2014;340780220;340796358;M1010;3;1;3.16
SSR_P;2014;340780220;340796358;M1040;;1;0.03
SSR_P;2014;340780220;340796358;M1180;4;;3.7
SSR_P;2014;340780220;340796358;MAUT;2;3;2.57
SSR_P;2014;340780220;340796358;N241P;;32;30.22
SSR_P;2014;340780220;340796358;N2430;1;1;1.86
SSR_P;2014;340780220;340796358;N2450;2;;2
SSR_P;2014;340780220;340796358;N2460;13;3;13.04
SSR_P;2014;340780220;340796358;N2470;1;;1
SSR_P;2014;340780220;340796358;N2500;47;2;43.92
SSR_P;2014;340780220;340796358;N2710;3;;2.13
SSR_P;2014;340780220;340796358;N310H;5;;5
SSR_P;2014;340780220;340796358;N3120;1;1;1.66
SSR_P;2014;340780220;340796358;NAUT;26;6;24.25
SSR_P;2014;340780220;340796358;NCINF;47;7;41.37
SSR_P;2014;340780253;340001387;M1150;;1;0.2
SSR_P;2014;340780253;340001387;M1320;1;1;1.35
SSR_P;2014;340780253;340001387;MAUT;;1;0.3
SSR_P;2014;340780253;340001387;N241P;1;;1
SSR_P;2014;340780253;340001387;N2450;;1;0.8
SSR_P;2014;340780253;340001387;N2460;;1;0.72
SSR_P;2014;340780253;340001387;N2500;7;3;9.76
SSR_P;2014;340780253;340001387;N2710;;1;0.1
SSR_P;2014;340780253;340001387;N3120;;1;0.45
SSR_P;2014;340780253;340001387;NCINF;7;1;7.69
SSR_P;2014;340780436;340011295;M1040;0;1;0.05
SSR_P;2014;340780436;340011295;N2500;16;0;11.61
SSR_P;2014;340780436;340011295;N3120;1;0;0.5
SSR_P;2014;340780436;340011295;NCINF;9;2;7.1
SSR_P;2014;340780444;340009893;M1010;1;0;1
SSR_P;2014;340780444;340009893;N241P;1;1;1.2
SSR_P;2014;340780444;340009893;N2460;0;1;0.35
SSR_P;2014;340780444;340009893;N2500;6;6;9.98
SSR_P;2014;340780444;340009893;N2710;0;1;0.46
SSR_P;2014;340780444;340009893;N3120;0;1;0.77
SSR_P;2014;340780444;340009893;NAUT;1;0;1
SSR_P;2014;340780444;340009893;NCINF;6;4;8.02
SSR_P;2014;340780568;340000256;M1040;1;;1
SSR_P;2014;340780568;340000256;M1150;2;;1.5
SSR_P;2014;340780568;340000256;MAUT;1;;0.5
SSR_P;2014;340780568;340000256;N241P;2;3;2.82
SSR_P;2014;340780568;340000256;N2450;;1;0.56
SSR_P;2014;340780568;340000256;N2500;8;;7.46
SSR_P;2014;340780568;340000256;N2710;2;;1.6
SSR_P;2014;340780568;340000256;N310H;4;1;3.44
SSR_P;2014;340780568;340000256;N3120;;1;0.16
SSR_P;2014;340780568;340000256;NAUT;28;2;31.19
SSR_P;2014;340780568;340000256;NCINF;7;1;7.99
SSR_P;2014;340780816;340008291;M1010;4;;4
SSR_P;2014;340780816;340008291;M1320;1;;1
SSR_P;2014;340780816;340008291;N241P;2;3;3.26
SSR_P;2014;340780816;340008291;N2450;;2;0.74
SSR_P;2014;340780816;340008291;N2460;;2;1.27
SSR_P;2014;340780816;340008291;N2500;19;9;29.67
SSR_P;2014;340780816;340008291;N2710;;2;0.67
SSR_P;2014;340780816;340008291;N3120;;2;1.08
SSR_P;2014;340780816;340008291;NAUT;39;13;48.22
SSR_P;2014;340780816;340008291;NCINF;17;5;23.15
SSR_P;2014;340780824;340000405;M1010;;3;1.53
SSR_P;2014;340780824;340000405;N241P;1;1;1.15
SSR_P;2014;340780824;340000405;N2450;;1;0.8
SSR_P;2014;340780824;340000405;N2460;;1;0.3
SSR_P;2014;340780824;340000405;N2500;10;2;11
SSR_P;2014;340780824;340000405;N2710;;1;0.25
SSR_P;2014;340780824;340000405;N3120;;1;0.5
SSR_P;2014;340780824;340000405;NAUT;3;2;4.84
SSR_P;2014;340780824;340000405;NCINF;8;1;8
SSR_P;2014;340780857;340000421;M1010;1;3;1.94
SSR_P;2014;340780857;340000421;M1180;0;5;3.01
SSR_P;2014;340780857;340000421;N241P;14;0;14
SSR_P;2014;340780857;340000421;N2460;2;0;2
SSR_P;2014;340780857;340000421;N2500;12;1;12.87
SSR_P;2014;340780857;340000421;NAUT;2;0;2
SSR_P;2014;340780857;340000421;NCINF;3;5;5.7
SSR_P;2014;340781608;340015171;M1010;3;1;0.76
SSR_P;2014;340781608;340015171;M1320;1;1;0.84
SSR_P;2014;340781608;340015171;M1330;1;1;1.05
SSR_P;2014;340781608;340015171;N241P;2;1;1.41
SSR_P;2014;340781608;340015171;N2450;1;1;0.83
SSR_P;2014;340781608;340015171;N2460;1;0;0.47
SSR_P;2014;340781608;340015171;N2500;39;15;23.12
SSR_P;2014;340781608;340015171;N2710;;1;0.56
SSR_P;2014;340781608;340015171;N3120;1;;0.62
SSR_P;2014;340781608;340015171;NAUT;1;3;0.92
SSR_P;2014;340781608;340015171;NCINF;30;23;19.6
SSR_P;2014;340782002;340000629;M1040;;1;0.03
SSR_P;2014;340782002;340000629;M1120;;1;0.03
SSR_P;2014;340782002;340000629;M1180;2;;2
SSR_P;2014;340782002;340000629;MAUT;;6;1
SSR_P;2014;340782002;340000629;N241P;9;;8.5
SSR_P;2014;340782002;340000629;N2430;;1;0.5
SSR_P;2014;340782002;340000629;N2460;3;;3
SSR_P;2014;340782002;340000629;N2500;17;;17
SSR_P;2014;340782002;340000629;N2710;;1;0.25
SSR_P;2014;340782002;340000629;N310H;1;;1
SSR_P;2014;340782002;340000629;N3120;;1;0.25
SSR_P;2014;340782002;340000629;NAUT;23;;23
SSR_P;2014;340782002;340000629;NCINF;7;;7
SSR_P;2014;340782481;340780477;M1010;1;;1
SSR_P;2014;340782481;340780477;MAUT;2;;2
SSR_P;2014;340782481;340780477;N241P;;4;1.1
SSR_P;2014;340782481;340780477;N2460;;3;1.25
SSR_P;2014;340782481;340780477;N2470;;1;0.5
SSR_P;2014;340782481;340780477;N2500;18;;17.45
SSR_P;2014;340782481;340780477;NAUT;;;0.07
SSR_P;2014;340782481;340780477;NCINF;14;;13.57
SSR_P;2014;340785161;340780477;M1180;7;5;3.98
SSR_P;2014;340785161;340780477;M1190;1;3;1.02
SSR_P;2014;340785161;340780477;MAUT;;1;0.25
SSR_P;2014;340785161;340780477;N241P;84;6;74.18
SSR_P;2014;340785161;340780477;N2430;1;;0.5
SSR_P;2014;340785161;340780477;N2460;26;3;24.63
SSR_P;2014;340785161;340780477;N2470;1;;0.63
SSR_P;2014;340785161;340780477;N2500;17;;15.63
SSR_P;2014;340785161;340780477;N2710;;1;0.5
SSR_P;2014;340785161;340780477;NAUT;9;1;7.86
SSR_P;2014;340785161;340780477;NCINF;16;;15.2
SSR_P;2014;340789379;340001825;M1120;;1;0.07
SSR_P;2014;340789379;340001825;M3020;;1;0.15
SSR_P;2014;340789379;340001825;MAUT;;2;0.37
SSR_P;2014;340789379;340001825;N241P;;1;0.5
SSR_P;2014;340789379;340001825;N2460;1;1;1.5
SSR_P;2014;340789379;340001825;N2470;;2;1
SSR_P;2014;340789379;340001825;N2710;1;3;2.91
SSR_P;2014;340789379;340001825;N310H;;1;0.57
SSR_P;2014;340789379;340001825;NAUT;2;2;2.45
SSR_P;2014;340789379;340001825;NCINF;1;;1
SSR_P;2014;340789981;340001866;M1010;1;1;1.3
SSR_P;2014;340789981;340001866;M1040;;2;0.87
SSR_P;2014;340789981;340001866;M1180;1;1;1.7
SSR_P;2014;340789981;340001866;N241P;13;2;14
SSR_P;2014;340789981;340001866;N2450;1;;1
SSR_P;2014;340789981;340001866;N2460;1;3;2.25
SSR_P;2014;340789981;340001866;N2500;17;8;20.01
SSR_P;2014;340789981;340001866;N3120;;1;0.15
SSR_P;2014;340789981;340001866;NAUT;4;2;4.2
SSR_P;2014;340789981;340001866;NCINF;14;1;14.9
SSR_P;2014;340796093;340796069;M1010;1;2;1.96
SSR_P;2014;340796093;340796069;M1180;2;;1.16
SSR_P;2014;340796093;340796069;MAUT;1;1;0.83
SSR_P;2014;340796093;340796069;N241P;9;7;13.73
SSR_P;2014;340796093;340796069;N2460;3;3;3.47
SSR_P;2014;340796093;340796069;N2500;14;3;16.38
SSR_P;2014;340796093;340796069;N2710;;1;0.11
SSR_P;2014;340796093;340796069;N3120;;1;0.16
SSR_P;2014;340796093;340796069;NAUT;32;9;28.63
SSR_P;2014;340796093;340796069;NCINF;9;2;9.58
SSR_P;2014;340798552;340798545;M1010;1;0;1
SSR_P;2014;340798552;340798545;M1320;1;1;1.33
SSR_P;2014;340798552;340798545;N241P;1;1;1.57
SSR_P;2014;340798552;340798545;N2430;0;1;0.34
SSR_P;2014;340798552;340798545;N2450;0;1;0.34
SSR_P;2014;340798552;340798545;N2460;0;1;0.66
SSR_P;2014;340798552;340798545;N2500;13;0;13
SSR_P;2014;340798552;340798545;N2710;0;1;0.34
SSR_P;2014;340798552;340798545;N3120;0;1;0.46
SSR_P;2014;340798552;340798545;NAUT;5;0;5
SSR_P;2014;340798552;340798545;NCINF;11;0;11
SSR_P;2014;350000014;350005179;M1010;1;;0.36
SSR_P;2014;350000014;350005179;M1320;3;2;0.76
SSR_P;2014;350000014;350005179;N2450;3;;0.7
SSR_P;2014;350000014;350005179;N2500;23;10;31.17
SSR_P;2014;350000014;350005179;NAUT;5;1;6.62
SSR_P;2014;350000014;350005179;NCINF;10;11;18.24
SSR_P;2014;350000063;220020739;M1010;2;2;2.4
SSR_P;2014;350000063;220020739;N241P;1;1;1.9
SSR_P;2014;350000063;220020739;N2450;;1;0.4
SSR_P;2014;350000063;220020739;N2460;2;;1.5
SSR_P;2014;350000063;220020739;N2500;12;9;16.91
SSR_P;2014;350000063;220020739;N3120;;2;1.25
SSR_P;2014;350000063;220020739;NAUT;3;5;6.85
SSR_P;2014;350000063;220020739;NCINF;6;10;12.49
SSR_P;2014;350000071;750000218;M1040;;2;0.7
SSR_P;2014;350000071;750000218;M1150;;1;0.01
SSR_P;2014;350000071;750000218;M1320;2;;2
SSR_P;2014;350000071;750000218;M3020;;6;0.04
SSR_P;2014;350000071;750000218;N2450;1;1;0.96
SSR_P;2014;350000071;750000218;N2460;;1;0.33
SSR_P;2014;350000071;750000218;N2500;11;4;13
SSR_P;2014;350000071;750000218;N2710;1;;0.73
SSR_P;2014;350000071;750000218;N3120;1;1;0.68
SSR_P;2014;350000071;750000218;NAUT;1;1;1.5
SSR_P;2014;350000071;750000218;NCINF;6;9;12.32
SSR_P;2014;350000147;350000022;M1010;0;2;1.5
SSR_P;2014;350000147;350000022;M1180;2;0;1.5
SSR_P;2014;350000147;350000022;M1320;0;1;0.83
SSR_P;2014;350000147;350000022;N241P;7;1;7.23
SSR_P;2014;350000147;350000022;N2430;;1;0.5
SSR_P;2014;350000147;350000022;N2460;;2;1.3
SSR_P;2014;350000147;350000022;N2500;16;15;26.13
SSR_P;2014;350000147;350000022;N2710;;1;0.19
SSR_P;2014;350000147;350000022;N3120;1;;0.5
SSR_P;2014;350000147;350000022;NCINF;10;11;17.59
SSR_P;2014;350000154;350000030;M1010;2;;1.92
SSR_P;2014;350000154;350000030;N241P;1;;0.4
SSR_P;2014;350000154;350000030;N2450;;1;0.35
SSR_P;2014;350000154;350000030;N2460;;1;0.14
SSR_P;2014;350000154;350000030;N2500;7;3;10.25
SSR_P;2014;350000154;350000030;NAUT;4;1;4.08
SSR_P;2014;350000154;350000030;NCINF;5;7;9.88
SSR_P;2014;350000162;350000048;M1010;3;1;2.19
SSR_P;2014;350000162;350000048;N241P;4;1;2.16
SSR_P;2014;350000162;350000048;N2430;;;0.1
SSR_P;2014;350000162;350000048;N2460;2;;1.61
SSR_P;2014;350000162;350000048;N2500;20;8;23.66
SSR_P;2014;350000162;350000048;N2710;;;0.05
SSR_P;2014;350000162;350000048;N3120;1;;0.46
SSR_P;2014;350000162;350000048;NAUT;18;2;10.35
SSR_P;2014;350000162;350000048;NCINF;7;10;11.89
SSR_P;2014;350000204;350023248;M1010;3;;2.37
SSR_P;2014;350000204;350023248;N241P;1;;0.5
SSR_P;2014;350000204;350023248;N2460;;1;0.53
SSR_P;2014;350000204;350023248;N2500;7;13;12.95
SSR_P;2014;350000204;350023248;N2710;;1;0.33
SSR_P;2014;350000204;350023248;N3120;;1;0.5
SSR_P;2014;350000204;350023248;NAUT;4;3;1.48
SSR_P;2014;350000204;350023248;NCINF;9;5;9.31
SSR_P;2014;350000212;350000089;M1010;;1;0.06
SSR_P;2014;350000212;350000089;N241P;;2;0.11
SSR_P;2014;350000212;350000089;N2450;;3;0.06
SSR_P;2014;350000212;350000089;N2460;;1;0.12
SSR_P;2014;350000212;350000089;N2500;5;12;6.02
SSR_P;2014;350000212;350000089;N2710;;1;0.2
SSR_P;2014;350000212;350000089;NAUT;3;31;6.7
SSR_P;2014;350000212;350000089;NCINF;2;12;4.61
SSR_P;2014;350000360;350048518;M1010;1;;0.3
SSR_P;2014;350000360;350048518;N2450;1;;0.05
SSR_P;2014;350000360;350048518;N2500;9;6;5.94
SSR_P;2014;350000360;350048518;N2710;1;;0.1
SSR_P;2014;350000360;350048518;N3120;1;;0.2
SSR_P;2014;350000360;350048518;NAUT;8;7;3.41
SSR_P;2014;350000360;350048518;NCINF;3;3;2.58
SSR_P;2014;350000410;350002291;M1010;;1;0.11
SSR_P;2014;350000410;350002291;M1180;;1;0.11
SSR_P;2014;350000410;350002291;N241P;;2;1.2
SSR_P;2014;350000410;350002291;N2450;;1;0.16
SSR_P;2014;350000410;350002291;N2500;;13;8.67
SSR_P;2014;350000410;350002291;N3120;;;0.5
SSR_P;2014;350000410;350002291;NAUT;;9;3.69
SSR_P;2014;350000410;350002291;NCINF;;14;8.71
SSR_P;2014;350000428;350002309;N241P;;1;0.67
SSR_P;2014;350000428;350002309;N2450;;1;0.23
SSR_P;2014;350000428;350002309;N2500;4;3;6.54
SSR_P;2014;350000428;350002309;N2710;;1;0.25
SSR_P;2014;350000428;350002309;N3120;;1;0.23
SSR_P;2014;350000428;350002309;NAUT;27;;24.81
SSR_P;2014;350000428;350002309;NCINF;6;4;8.86
SSR_P;2014;350000436;350002317;M1010;;11;0.15
SSR_P;2014;350000436;350002317;M1180;;1;0.1
SSR_P;2014;350000436;350002317;N241P;1;2;2.03
SSR_P;2014;350000436;350002317;N2450;;1;0.3
SSR_P;2014;350000436;350002317;N2460;;1;0.6
SSR_P;2014;350000436;350002317;N2500;;18;15.17
SSR_P;2014;350000436;350002317;N2710;;1;0.1
SSR_P;2014;350000436;350002317;NAUT;;7;6.14
SSR_P;2014;350000436;350002317;NCINF;9;3;9.97
SSR_P;2014;350000444;350048518;M1010;;1;0.66
SSR_P;2014;350000444;350048518;M1180;;1;0.83
SSR_P;2014;350000444;350048518;MAUT;1;;1
SSR_P;2014;350000444;350048518;N241P;5;;3.97
SSR_P;2014;350000444;350048518;N2430;1;;0.71
SSR_P;2014;350000444;350048518;N2450;1;;0.25
SSR_P;2014;350000444;350048518;N2460;2;1;2.15
SSR_P;2014;350000444;350048518;N2500;13;11;17.43
SSR_P;2014;350000444;350048518;N2710;1;;0.49
SSR_P;2014;350000444;350048518;N3120;1;;0.55
SSR_P;2014;350000444;350048518;NAUT;14;3;13.61
SSR_P;2014;350000444;350048518;NCINF;11;13;11.74
SSR_P;2014;350000451;350002333;M1010;1;8;1.02
SSR_P;2014;350000451;350002333;M1180;;1;0.2
SSR_P;2014;350000451;350002333;MAUT;;2;0.34
SSR_P;2014;350000451;350002333;N241P;1;1;1.55
SSR_P;2014;350000451;350002333;N2460;;1;0.6
SSR_P;2014;350000451;350002333;N2500;12;5;15.91
SSR_P;2014;350000451;350002333;N2710;;1;0.35
SSR_P;2014;350000451;350002333;N3120;;1;0.7
SSR_P;2014;350000451;350002333;NAUT;6;6;10.53
SSR_P;2014;350000451;350002333;NCINF;4;6;9.12
SSR_P;2014;350000741;350005179;M1010;;1;0.06
SSR_P;2014;350000741;350005179;M1140;2;;1.72
SSR_P;2014;350000741;350005179;M1180;8;3;5.14
SSR_P;2014;350000741;350005179;MAUT;;1;0.31
SSR_P;2014;350000741;350005179;N241P;12;6;16.49
SSR_P;2014;350000741;350005179;N2430;;4;3
SSR_P;2014;350000741;350005179;N2450;2;;0.3
SSR_P;2014;350000741;350005179;N2460;2;9;8.69
SSR_P;2014;350000741;350005179;N2470;1;1;1.12
SSR_P;2014;350000741;350005179;N2500;29;6;29.82
SSR_P;2014;350000741;350005179;N2710;2;5;3.74
SSR_P;2014;350000741;350005179;NAUT;17;7;22.48
SSR_P;2014;350000741;350005179;NCINF;16;11;21.5
SSR_P;2014;350002192;220020739;M1010;2;2;3.43
SSR_P;2014;350002192;220020739;M1320;1;;0.33
SSR_P;2014;350002192;220020739;N2450;0;2;0.41
SSR_P;2014;350002192;220020739;N2460;0;1;0.27
SSR_P;2014;350002192;220020739;N2500;17;7;25.86
SSR_P;2014;350002192;220020739;N2710;0;1;0.32
SSR_P;2014;350002192;220020739;N310H;0;1;0.21
SSR_P;2014;350002192;220020739;N3120;0;2;1.17
SSR_P;2014;350002192;220020739;NAUT;1;1;1.79
SSR_P;2014;350002192;220020739;NCINF;13;8;19.14
SSR_P;2014;350002200;350029948;M1010;;2;0.9
SSR_P;2014;350002200;350029948;M3020;;3;0.5
SSR_P;2014;350002200;350029948;MAUT;;8;6.18
SSR_P;2014;350002200;350029948;N241P;4;4;4.24
SSR_P;2014;350002200;350029948;N2450;6;2;6.73
SSR_P;2014;350002200;350029948;N2500;39;20;40.09
SSR_P;2014;350002200;350029948;N2710;;4;1.41
SSR_P;2014;350002200;350029948;N3120;;1;0.66
SSR_P;2014;350002200;350029948;NAUT;11;3;10.76
SSR_P;2014;350002200;350029948;NCINF;33;18;44.39
SSR_P;2014;350002234;750720575;M1180;;4;3
SSR_P;2014;350002234;750720575;N241P;4;9;11.43
SSR_P;2014;350002234;750720575;N2430;;1;0.9
SSR_P;2014;350002234;750720575;N2460;3;3;5.56
SSR_P;2014;350002234;750720575;N2500;6;9;12.21
SSR_P;2014;350002234;750720575;N2710;;1;0.91
SSR_P;2014;350002234;750720575;N310H;3;3;4.99
SSR_P;2014;350002234;750720575;N3120;;2;1
SSR_P;2014;350002234;750720575;NCINF;10;7;14.94
SSR_P;2014;350002564;350046199;M1180;4;6;9.3
SSR_P;2014;350002564;350046199;M3020;;1;0.05
SSR_P;2014;350002564;350046199;MAUT;;3;1.37
SSR_P;2014;350002564;350046199;N241P;22;2;23.43
SSR_P;2014;350002564;350046199;N2430;2;2;3.54
SSR_P;2014;350002564;350046199;N2450;1;;1
SSR_P;2014;350002564;350046199;N2460;12;4;13.44
SSR_P;2014;350002564;350046199;N2500;46;7;50.89
SSR_P;2014;350002564;350046199;N2710;2;4;5.4
SSR_P;2014;350002564;350046199;N310H;2;3;3.72
SSR_P;2014;350002564;350046199;N3120;2;2;3.55
SSR_P;2014;350002564;350046199;NCINF;28;5;32.6
SSR_P;2014;350002747;440042844;M1010;;2;1.1
SSR_P;2014;350002747;440042844;N2710;;1;0.5
SSR_P;2014;350002747;440042844;N3120;1;;1
SSR_P;2014;350002747;440042844;NCINF;8;0;8
SSR_P;2014;350002911;220020739;M1010;1;;0.8
SSR_P;2014;350002911;220020739;M1320;1;;0.4
SSR_P;2014;350002911;220020739;N241P;;4;0.8
SSR_P;2014;350002911;220020739;N2500;4;1;4.8
SSR_P;2014;350002911;220020739;N2710;;1;0.2
SSR_P;2014;350002911;220020739;NAUT;;1;1
SSR_P;2014;350002911;220020739;NCINF;5;3;7.4
SSR_P;2014;350002929;440042844;M1010;0;0;1.42
SSR_P;2014;350002929;440042844;MAUT;;;0.75
SSR_P;2014;350002929;440042844;N241P;0;;1.5
SSR_P;2014;350002929;440042844;N2450;;;0.59
SSR_P;2014;350002929;440042844;N2500;;;14.29
SSR_P;2014;350002929;440042844;N3120;;;1.02
SSR_P;2014;350002929;440042844;NAUT;;;14.76
SSR_P;2014;350002929;440042844;NCINF;0;;10.29
SSR_P;2014;350005021;440042844;M1180;;3;2.2
SSR_P;2014;350005021;440042844;M1320;1;8;7.05
SSR_P;2014;350005021;440042844;N241P;10;3;12.65
SSR_P;2014;350005021;440042844;N2430;;2;0.83
SSR_P;2014;350005021;440042844;N2450;;3;1.2
SSR_P;2014;350005021;440042844;N2460;5;1;5.8
SSR_P;2014;350005021;440042844;N2500;50;12;56
SSR_P;2014;350005021;440042844;N2710;;2;0.6
SSR_P;2014;350005021;440042844;NAUT;1;1;1.5
SSR_P;2014;350005021;440042844;NCINF;51;8;40.91
SSR_P;2014;350005278;350023586;M1010;;1;0.12
SSR_P;2014;350005278;350023586;M1070;;1;0.01
SSR_P;2014;350005278;350023586;M1120;;1;0.02
SSR_P;2014;350005278;350023586;M1140;;2;1.35
SSR_P;2014;350005278;350023586;M1180;;1;0.1
SSR_P;2014;350005278;350023586;N241P;1;2;1.75
SSR_P;2014;350005278;350023586;N2430;;1;0.5
SSR_P;2014;350005278;350023586;N2450;;1;0.84
SSR_P;2014;350005278;350023586;N2460;;3;1.12
SSR_P;2014;350005278;350023586;N2470;;1;0.3
SSR_P;2014;350005278;350023586;N2500;4;18;12.42
SSR_P;2014;350005278;350023586;N2710;;2;0.68
SSR_P;2014;350005278;350023586;N310H;1;18;6.92
SSR_P;2014;350005278;350023586;N3120;;1;0.35
SSR_P;2014;350005278;350023586;NCINF;2;9;6.26
SSR_P;2014;350007084;350005179;M1180;2;;0.38
SSR_P;2014;350008579;350039673;M1010;;1;0.14
SSR_P;2014;350008579;350039673;M1180;0;2;1.54
SSR_P;2014;350008579;350039673;MAUT;;1;0.12
SSR_P;2014;350008579;350039673;N241P;;1;0.46
SSR_P;2014;350008579;350039673;N2460;;4;3.73
SSR_P;2014;350008579;350039673;N2500;;3;0.58
SSR_P;2014;350008579;350039673;N310H;1;14;7.98
SSR_P;2014;350008579;350039673;N3120;;1;0.85
SSR_P;2014;350008579;350039673;NAUT;1;20;9.75
SSR_P;2014;350008579;350039673;NCINF;;4;1.57
SSR_P;2014;350016135;350000055;M1010;2;3;1.85
SSR_P;2014;350016135;350000055;N2450;1;;0.34
SSR_P;2014;350016135;350000055;N2460;3;;0.58
SSR_P;2014;350016135;350000055;N2500;21;14;30.37
SSR_P;2014;350016135;350000055;N2710;1;;0.1
SSR_P;2014;350016135;350000055;N3120;1;;0.5
SSR_P;2014;350016135;350000055;NAUT;5;3;5.8
SSR_P;2014;350016135;350000055;NCINF;15;2;12.15
SSR_P;2014;350040499;350040291;M1010;;2;1.16
SSR_P;2014;350040499;350040291;N241P;1;;1
SSR_P;2014;350040499;350040291;N2500;7;6;9.57
SSR_P;2014;350040499;350040291;NCINF;7;2;9.12
SSR_P;2014;350044756;350044749;MAUT;1;1;1.6
SSR_P;2014;350044756;350044749;N2710;;2;1.4
SSR_P;2014;350044756;350044749;NCINF;4;4;6.14
SSR_P;2014;360000038;360000046;M1180;5;;5
SSR_P;2014;360000038;360000046;MAUT;1;;1
SSR_P;2014;360000038;360000046;N241P;15;3;16.88
SSR_P;2014;360000038;360000046;N2430;;1;0.6
SSR_P;2014;360000038;360000046;N2460;3;5;7.1
SSR_P;2014;360000038;360000046;N2470;0;1;0.8
SSR_P;2014;360000038;360000046;N2500;46;6;50.5
SSR_P;2014;360000038;360000046;N2710;3;1;3.8
SSR_P;2014;360000038;360000046;N310H;2;;2
SSR_P;2014;360000038;360000046;N3120;2;1;0.8
SSR_P;2014;360000038;360000046;NAUT;17;4;20.4
SSR_P;2014;360000038;360000046;NCINF;30;5;33.8
SSR_P;2014;360000145;360000061;M1010;1;;1
SSR_P;2014;360000145;360000061;M1190;1;;1
SSR_P;2014;360000145;360000061;N241P;2;;1.56
SSR_P;2014;360000145;360000061;N2460;1;;0.22
SSR_P;2014;360000145;360000061;N2500;14;1;13.6
SSR_P;2014;360000145;360000061;N2710;2;;0.17
SSR_P;2014;360000145;360000061;NAUT;6;;5.44
SSR_P;2014;360000145;360000061;NCINF;4;3;6.68
SSR_P;2014;360000160;360000079;M1180;1;1;1.85
SSR_P;2014;360000160;360000079;N241P;1;1;1.53
SSR_P;2014;360000160;360000079;N2450;;1;0.1
SSR_P;2014;360000160;360000079;N2460;;1;0.2
SSR_P;2014;360000160;360000079;N2500;12;4;15.17
SSR_P;2014;360000160;360000079;N2710;;1;0.1
SSR_P;2014;360000160;360000079;NAUT;1;8;3.19
SSR_P;2014;360000160;360000079;NCINF;8;;8.68
SSR_P;2014;360000178;360000087;M1010;;1;0.15
SSR_P;2014;360000178;360000087;N241P;0;3;0.54
SSR_P;2014;360000178;360000087;N2500;3;1;3.79
SSR_P;2014;360000178;360000087;NCINF;7;0;5.06
SSR_P;2014;360000186;360000095;N2450;;1;0.25
SSR_P;2014;360000186;360000095;N2500;7;2;6.36
SSR_P;2014;360000186;360000095;N2710;;1;0.1
SSR_P;2014;360000186;360000095;N3120;;1;0.1
SSR_P;2014;360000186;360000095;NAUT;10;1;6.43
SSR_P;2014;360000186;360000095;NCINF;6;3;5.5
SSR_P;2014;360000202;360000103;M1180;;1;0.6
SSR_P;2014;360000202;360000103;N241P;0;1;0.9
SSR_P;2014;360000202;360000103;N2460;0;1;0.1
SSR_P;2014;360000202;360000103;N2500;12;2;13.27
SSR_P;2014;360000202;360000103;N310H;1;0;0.3
SSR_P;2014;360000202;360000103;N3120;0;1;0.2
SSR_P;2014;360000202;360000103;NAUT;14;0;13.2
SSR_P;2014;360000202;360000103;NCINF;10;1;10.3
SSR_P;2014;360000251;360000111;M1010;;4;
SSR_P;2014;360000251;360000111;N2500;3;;3.67
SSR_P;2014;360000251;360000111;NCINF;3;3;4.95
SSR_P;2014;360002232;360000541;M1010;1;;1
SSR_P;2014;360002232;360000541;M1040;;1;0.3
SSR_P;2014;360002232;360000541;M1070;1;;1
SSR_P;2014;360002232;360000541;M1180;1;;1
SSR_P;2014;360002232;360000541;M1320;;1;0.3
SSR_P;2014;360002232;360000541;M3020;;1;0.1
SSR_P;2014;360002232;360000541;MAUT;;5;4.1
SSR_P;2014;360002232;360000541;N241P;2;;2
SSR_P;2014;360002232;360000541;N2450;1;1;1.45
SSR_P;2014;360002232;360000541;N2460;;1;0.2
SSR_P;2014;360002232;360000541;N2500;8;2;9.8
SSR_P;2014;360002232;360000541;N2710;;1;0.12
SSR_P;2014;360002232;360000541;N310H;;1;0.48
SSR_P;2014;360002232;360000541;NCINF;12;4;13.55
SSR_P;2014;360003149;360000053;M1180;2;;2.06
SSR_P;2014;360003149;360000053;N241P;2;;2
SSR_P;2014;360003149;360000053;N2460;2;;1.67
SSR_P;2014;360003149;360000053;N2500;19;2;18.38
SSR_P;2014;360003149;360000053;N3120;;2;1.12
SSR_P;2014;360003149;360000053;NAUT;16;2;16.06
SSR_P;2014;360003149;360000053;NCINF;9;6;13.3
SSR_P;2014;370000150;370000333;M1010;;4;3.59
SSR_P;2014;370000184;940805963;M1010;;1;0.2
SSR_P;2014;370000184;940805963;MAUT;1;;1
SSR_P;2014;370000184;940805963;N2450;;1;0.2
SSR_P;2014;370000184;940805963;N2710;;2;1.3
SSR_P;2014;370000184;940805963;N310H;1;1;1.69
SSR_P;2014;370000184;940805963;N3120;1;;1
SSR_P;2014;370000184;940805963;NAUT;2;1;2.2
SSR_P;2014;370000184;940805963;NCINF;6;2;7.1
SSR_P;2014;370000218;450018106;M1010;1;;1
SSR_P;2014;370000218;450018106;M1180;4;;3.16
SSR_P;2014;370000218;450018106;MAUT;;1;0.7
SSR_P;2014;370000218;450018106;N241P;10;6;15.88
SSR_P;2014;370000218;450018106;N2430;2;1;2.35
SSR_P;2014;370000218;450018106;N2460;2;2;3.91
SSR_P;2014;370000218;450018106;N2500;29;5;32.95
SSR_P;2014;370000218;450018106;N2710;;1;0.46
SSR_P;2014;370000218;450018106;N310H;1;;1
SSR_P;2014;370000218;450018106;N3120;;1;0.89
SSR_P;2014;370000218;450018106;NCINF;14;8;21.32
SSR_P;2014;370000341;750804114;M1010;;2;1
SSR_P;2014;370000341;750804114;MAUT;1;;1
SSR_P;2014;370000374;750721334;M1180;4;;4
SSR_P;2014;370000499;370000481;N2470;0;1;0.7
SSR_P;2014;370000499;370000481;N2500;4;5;8
SSR_P;2014;370000499;370000481;N310H;0;1;0.75
SSR_P;2014;370000499;370000481;NAUT;6;1;7.15
SSR_P;2014;370000499;370000481;NCINF;2;2;2.87
SSR_P;2014;370000515;370000481;M1320;2;2;3.5
SSR_P;2014;370000515;370000481;N241P;4;2;4.11
SSR_P;2014;370000515;370000481;N2430;1;0;0.75
SSR_P;2014;370000515;370000481;N2460;0;1;0.46
SSR_P;2014;370000515;370000481;N2500;32;15;43.44
SSR_P;2014;370000515;370000481;N3120;0;3;2.16
SSR_P;2014;370000515;370000481;NAUT;13;5;16.23
SSR_P;2014;370000515;370000481;NCINF;18;9;24.83
SSR_P;2014;370000531;370000606;M1010;2;;1.1
SSR_P;2014;370000531;370000606;M1320;4;;3.8
SSR_P;2014;370000531;370000606;N2500;35;7;39.29
SSR_P;2014;370000531;370000606;N2710;1;1;0.7
SSR_P;2014;370000531;370000606;NCINF;17;4;19.98
SSR_P;2014;370000580;370000564;M1010;2;;1.1
SSR_P;2014;370000580;370000564;M1180;;1;0.3
SSR_P;2014;370000580;370000564;N241P;5;2;6
SSR_P;2014;370000580;370000564;N2450;;1;0.23
SSR_P;2014;370000580;370000564;N2460;2;;1.59
SSR_P;2014;370000580;370000564;N2500;12;;11.92
SSR_P;2014;370000580;370000564;N310H;2;;1.82
SSR_P;2014;370000580;370000564;NCINF;7;3;7.74
SSR_P;2014;370000879;370000564;M1320;1;;1
SSR_P;2014;370000879;370000564;N241P;1;;1
SSR_P;2014;370000879;370000564;N2450;;1;0.21
SSR_P;2014;370000879;370000564;N2500;13;1;11.38
SSR_P;2014;370000879;370000564;N3120;;1;0.5
SSR_P;2014;370000879;370000564;NCINF;11;1;7.95
SSR_P;2014;370000986;370000713;M1010;4;;4
SSR_P;2014;370000986;370000713;M3020;1;;1
SSR_P;2014;370000986;370000713;MAUT;1;1;0.82
SSR_P;2014;370000986;370000713;N241P;1;;0.13
SSR_P;2014;370000986;370000713;N2450;1;;0.7
SSR_P;2014;370000986;370000713;N2710;2;;2
SSR_P;2014;370000986;370000713;N310H;22;;19.16
SSR_P;2014;370000986;370000713;N3120;2;;2.08
SSR_P;2014;370000986;370000713;NAUT;4;;3.4
SSR_P;2014;370000986;370000713;NCINF;29;;28.83
SSR_P;2014;370001109;370002701;M1010;;4;1.77
SSR_P;2014;370001109;370002701;M1180;;1;0.7
SSR_P;2014;370001109;370002701;MAUT;;1;0.57
SSR_P;2014;370001109;370002701;N241P;3;1;3.29
SSR_P;2014;370001109;370002701;N2430;;1;0.01
SSR_P;2014;370001109;370002701;N2450;;1;0.25
SSR_P;2014;370001109;370002701;N2460;1;;1
SSR_P;2014;370001109;370002701;N2500;17;10;24.32
SSR_P;2014;370001109;370002701;N2710;;3;0.89
SSR_P;2014;370001109;370002701;N310H;;1;0.25
SSR_P;2014;370001109;370002701;N3120;;2;1
SSR_P;2014;370001109;370002701;NAUT;21;16;29.92
SSR_P;2014;370001109;370002701;NCINF;8;9;12.79
SSR_P;2014;370004301;370000614;M1320;2;;1.54
SSR_P;2014;370004301;370000614;N241P;2;;1.89
SSR_P;2014;370004301;370000614;N2430;;;0.07
SSR_P;2014;370004301;370000614;N2450;;1;0.28
SSR_P;2014;370004301;370000614;N2460;1;;0.33
SSR_P;2014;370004301;370000614;N2500;15;4;14.19
SSR_P;2014;370004301;370000614;N2710;1;1;0.6
SSR_P;2014;370004301;370000614;N3120;;1;0.11
SSR_P;2014;370004301;370000614;NAUT;9;2;5.25
SSR_P;2014;370004301;370000614;NCINF;11;3;10.18
SSR_P;2014;370007569;370007528;M1010;1;2;2
SSR_P;2014;370007569;370007528;M1040;;3;0.5
SSR_P;2014;370007569;370007528;M1070;;1;0.2
SSR_P;2014;370007569;370007528;M1120;;3;0.1
SSR_P;2014;370007569;370007528;M1150;;4;0.5
SSR_P;2014;370007569;370007528;M1190;;1;0.1
SSR_P;2014;370007569;370007528;M1320;1;;1
SSR_P;2014;370007569;370007528;M1330;;1;0.1
SSR_P;2014;370007569;370007528;N2450;;1;0.5
SSR_P;2014;370007569;370007528;N2500;6;3;5.73
SSR_P;2014;370007569;370007528;N2710;;1;0.5
SSR_P;2014;370007569;370007528;N3120;;1;0.5
SSR_P;2014;370007569;370007528;NAUT;4;2;5.36
SSR_P;2014;370007569;370007528;NCINF;9;;9
SSR_P;2014;370100539;370100935;M1010;;1;0.85
SSR_P;2014;370100539;370100935;M1040;5;4;8.51
SSR_P;2014;370100539;370100935;MAUT;;2;0.56
SSR_P;2014;370100539;370100935;N241P;2;7;6.64
SSR_P;2014;370100539;370100935;N2450;;4;3.09
SSR_P;2014;370100539;370100935;N2460;1;1;1.99
SSR_P;2014;370100539;370100935;N2470;;2;0.95
SSR_P;2014;370100539;370100935;N2500;5;9;10.19
SSR_P;2014;370100539;370100935;N2710;;3;2.28
SSR_P;2014;370100539;370100935;N3120;;1;0.6
SSR_P;2014;370100539;370100935;NAUT;14;25;28.7
SSR_P;2014;370100539;370100935;NCINF;14;20;26.5
SSR_P;2014;380000018;380780023;M1010;1;;0.4
SSR_P;2014;380000018;380780023;M1120;;1;0.02
SSR_P;2014;380000018;380780023;M1180;1;;1
SSR_P;2014;380000018;380780023;M1190;2;1;0.8
SSR_P;2014;380000018;380780023;MAUT;;1;0.67
SSR_P;2014;380000018;380780023;N241P;5;6;9.25
SSR_P;2014;380000018;380780023;N2450;1;;0.2
SSR_P;2014;380000018;380780023;N2460;3;3;5.1
SSR_P;2014;380000018;380780023;N2500;9;6;13.73
SSR_P;2014;380000018;380780023;N3120;1;;0.2
SSR_P;2014;380000018;380780023;NAUT;1;;1
SSR_P;2014;380000018;380780023;NCINF;12;3;13.75
SSR_P;2014;380000026;380780031;M1180;1;;1.2
SSR_P;2014;380000026;380780031;N2460;;1;0.4
SSR_P;2014;380000026;380780031;N2500;7;4;8.77
SSR_P;2014;380000026;380780031;N2710;;;0.23
SSR_P;2014;380000026;380780031;N310H;;;0.04
SSR_P;2014;380000026;380780031;N3120;1;;0.03
SSR_P;2014;380000026;380780031;NAUT;3;6;8.9
SSR_P;2014;380000026;380780031;NCINF;5;5;9.04
SSR_P;2014;380000042;380780056;M1180;1;;1
SSR_P;2014;380000042;380780056;M1320;1;;1
SSR_P;2014;380000042;380780056;N241P;6;;6.25
SSR_P;2014;380000042;380780056;N2430;;2;1
SSR_P;2014;380000042;380780056;N2460;2;0;2
SSR_P;2014;380000042;380780056;N2500;16;8;20.63
SSR_P;2014;380000042;380780056;NAUT;9;7;13.18
SSR_P;2014;380000042;380780056;NCINF;15;5;19.34
SSR_P;2014;380000059;380780072;M1010;1;;0.2
SSR_P;2014;380000059;380780072;M1180;1;;1
SSR_P;2014;380000059;380780072;N2500;9;5;12.55
SSR_P;2014;380000059;380780072;N2710;;1;0.4
SSR_P;2014;380000059;380780072;N3120;;1;0.8
SSR_P;2014;380000059;380780072;NCINF;6;5;9.41
SSR_P;2014;380000067;380780080;M1010;4;1;3.93
SSR_P;2014;380000067;380780080;M1180;3;1;3.8
SSR_P;2014;380000067;380780080;MAUT;1;2;1.7
SSR_P;2014;380000067;380780080;N241P;5;9;11.73
SSR_P;2014;380000067;380780080;N2430;1;3;2.05
SSR_P;2014;380000067;380780080;N2460;4;1;4.97
SSR_P;2014;380000067;380780080;N2470;1;1;1
SSR_P;2014;380000067;380780080;N2500;43;17;52.09
SSR_P;2014;380000067;380780080;N2710;2;3;3.69
SSR_P;2014;380000067;380780080;N310H;1;;1.46
SSR_P;2014;380000067;380780080;N3120;3;1;2.4
SSR_P;2014;380000067;380780080;NAUT;25;4;29.16
SSR_P;2014;380000067;380780080;NCINF;34;12;44.43
SSR_P;2014;380000075;380780098;M1010;2;1;2.8
SSR_P;2014;380000075;380780098;M1180;1;3;1.9
SSR_P;2014;380000075;380780098;N2500;11;3;11.18
SSR_P;2014;380000075;380780098;NAUT;4;2;5.89
SSR_P;2014;380000075;380780098;NCINF;12;3;10.9
SSR_P;2014;380000091;380780171;M1180;3;;2.55
SSR_P;2014;380000091;380780171;N241P;3;2;4.3
SSR_P;2014;380000091;380780171;N2450;1;;0.16
SSR_P;2014;380000091;380780171;N2460;1;1;1.52
SSR_P;2014;380000091;380780171;N2500;21;2;20.88
SSR_P;2014;380000091;380780171;N2710;1;1;0.8
SSR_P;2014;380000091;380780171;NAUT;4;4;6.03
SSR_P;2014;380000091;380780171;NCINF;13;2;14.31
SSR_P;2014;380000109;380780213;M1010;1;4;1.7
SSR_P;2014;380000109;380780213;M1320;1;;1
SSR_P;2014;380000109;380780213;N241P;2;;2.17
SSR_P;2014;380000109;380780213;N2460;;1;0.49
SSR_P;2014;380000109;380780213;N2500;5;5;8.46
SSR_P;2014;380000109;380780213;N2710;;1;0.38
SSR_P;2014;380000109;380780213;N3120;;1;0.55
SSR_P;2014;380000109;380780213;NAUT;6;2;7.27
SSR_P;2014;380000109;380780213;NCINF;5;1;6.06
SSR_P;2014;380000125;380780239;M1010;;2;0.9
SSR_P;2014;380000125;380780239;M1320;1;;1
SSR_P;2014;380000125;380780239;N2450;;1;0.1
SSR_P;2014;380000125;380780239;N2460;;1;0.6
SSR_P;2014;380000125;380780239;N2470;;1;0.85
SSR_P;2014;380000125;380780239;N2500;14;3;9.22
SSR_P;2014;380000125;380780239;N3120;;1;0.15
SSR_P;2014;380000125;380780239;NAUT;8;4;10.13
SSR_P;2014;380000125;380780239;NCINF;8;3;9.2
SSR_P;2014;380000166;380781351;M1010;;2;0.5
SSR_P;2014;380000166;380781351;MAUT;2;1;2.6
SSR_P;2014;380000166;380781351;N2450;;1;0.2
SSR_P;2014;380000166;380781351;N2500;12;4;13.45
SSR_P;2014;380000166;380781351;N2710;1;;1
SSR_P;2014;380000166;380781351;N3120;;1;0.5
SSR_P;2014;380000166;380781351;NAUT;16;5;18.35
SSR_P;2014;380000166;380781351;NCINF;7;2;8.15
SSR_P;2014;380000174;380781435;M1040;;0;0.25
SSR_P;2014;380000174;380781435;M1180;3;0;2.89
SSR_P;2014;380000174;380781435;M1320;1;3;2.51
SSR_P;2014;380000174;380781435;N241P;3;2;3.5
SSR_P;2014;380000174;380781435;N2430;;2;0.5
SSR_P;2014;380000174;380781435;N2460;1;;1
SSR_P;2014;380000174;380781435;N2470;1;1;1.16
SSR_P;2014;380000174;380781435;N2500;23;25;39.68
SSR_P;2014;380000174;380781435;N2710;1;3;1.9
SSR_P;2014;380000174;380781435;N3120;2;;0.72
SSR_P;2014;380000174;380781435;NAUT;19;5;20.62
SSR_P;2014;380000174;380781435;NCINF;23;12;29.54
SSR_P;2014;380000356;380782698;M1180;;5;2.7
SSR_P;2014;380000356;380782698;N241P;;;0.61
SSR_P;2014;380000356;380782698;N2460;;1;0.32
SSR_P;2014;380000356;380782698;N2470;;1;0.27
SSR_P;2014;380000356;380782698;N2500;11;3;13.47
SSR_P;2014;380000356;380782698;N2710;;1;0.6
SSR_P;2014;380000356;380782698;N3120;1;;1
SSR_P;2014;380000356;380782698;NAUT;;36;13.53
SSR_P;2014;380000356;380782698;NCINF;13;5;13.43
SSR_P;2014;380000364;380782771;M1180;2;;1.4
SSR_P;2014;380000364;380782771;N241P;1;1;1
SSR_P;2014;380000364;380782771;N2450;;1;0.05
SSR_P;2014;380000364;380782771;N2460;;1;0.35
SSR_P;2014;380000364;380782771;N2500;8;8;11.36
SSR_P;2014;380000364;380782771;N310H;51;5;12.55
SSR_P;2014;380000364;380782771;N3120;;1;0.5
SSR_P;2014;380000364;380782771;NCINF;10;4;10.74
SSR_P;2014;380005868;010783009;M1010;;1;0.5
SSR_P;2014;380005868;010783009;M1320;2;;2
SSR_P;2014;380005868;010783009;N241P;1;2;1.89
SSR_P;2014;380005868;010783009;N2430;;1;0.47
SSR_P;2014;380005868;010783009;N2450;;1;0.4
SSR_P;2014;380005868;010783009;N2460;1;;1
SSR_P;2014;380005868;010783009;N2470;1;;1
SSR_P;2014;380005868;010783009;N2500;14;11;21.24
SSR_P;2014;380005868;010783009;N2710;;1;0.5
SSR_P;2014;380005868;010783009;N310H;;1;0.5
SSR_P;2014;380005868;010783009;N3120;;1;0.4
SSR_P;2014;380005868;010783009;NAUT;5;27;26.85
SSR_P;2014;380005868;010783009;NCINF;9;15;19.16
SSR_P;2014;380005918;750056335;M1010;4;;4
SSR_P;2014;380005918;750056335;M1120;;1;0.1
SSR_P;2014;380005918;750056335;M1180;;;0.2
SSR_P;2014;380005918;750056335;M1320;1;;1
SSR_P;2014;380005918;750056335;N241P;6;;6
SSR_P;2014;380005918;750056335;N2430;1;;1
SSR_P;2014;380005918;750056335;N2450;1;;1
SSR_P;2014;380005918;750056335;N2460;2;;2
SSR_P;2014;380005918;750056335;N2470;;1;0.8
SSR_P;2014;380005918;750056335;N2500;20;11;26.2
SSR_P;2014;380005918;750056335;N2710;;1;0.75
SSR_P;2014;380005918;750056335;N3120;;2;1.5
SSR_P;2014;380005918;750056335;NAUT;1;;1
SSR_P;2014;380005918;750056335;NCINF;17;10;23.2
SSR_P;2014;380009928;380804542;M1010;1;15;11.14
SSR_P;2014;380009928;380804542;M1120;;1;0.48
SSR_P;2014;380009928;380804542;M1180;3;1;3.85
SSR_P;2014;380009928;380804542;MAUT;;3;2.21
SSR_P;2014;380009928;380804542;N241P;37;14;37.07
SSR_P;2014;380009928;380804542;N2430;0;2;1.24
SSR_P;2014;380009928;380804542;N2450;1;2;2.13
SSR_P;2014;380009928;380804542;N2460;9;5;10.11
SSR_P;2014;380009928;380804542;N2470;1;1;1.73
SSR_P;2014;380009928;380804542;N2500;50;16;53.65
SSR_P;2014;380009928;380804542;N2710;2;3;4.45
SSR_P;2014;380009928;380804542;N310H;;1;0.69
SSR_P;2014;380009928;380804542;N3120;;5;2.65
SSR_P;2014;380009928;380804542;NAUT;2;4;4.05
SSR_P;2014;380009928;380804542;NCINF;62;45;74.14
SSR_P;2014;380012658;380012609;M1010;;1;0.9
SSR_P;2014;380012658;380012609;M1320;1;1;1.8
SSR_P;2014;380012658;380012609;N241P;;3;1.5
SSR_P;2014;380012658;380012609;N2450;;1;0.3
SSR_P;2014;380012658;380012609;N2460;;1;0.3
SSR_P;2014;380012658;380012609;N2500;;26;8.82
SSR_P;2014;380012658;380012609;N2710;;1;0.5
SSR_P;2014;380012658;380012609;N3120;;1;0.5
SSR_P;2014;380012658;380012609;NAUT;;2;0.9
SSR_P;2014;380012658;380012609;NCINF;2;26;10.3
SSR_P;2014;380017095;380017087;M1010;1;;0.8
SSR_P;2014;380017095;380017087;M1180;2;;2.47
SSR_P;2014;380017095;380017087;N241P;11;;10.82
SSR_P;2014;380017095;380017087;N2430;2;;2.3
SSR_P;2014;380017095;380017087;N2450;;1;0.5
SSR_P;2014;380017095;380017087;N2460;3;4;5.65
SSR_P;2014;380017095;380017087;N2470;;1;0.5
SSR_P;2014;380017095;380017087;N2500;13;3;15.03
SSR_P;2014;380017095;380017087;N2710;2;2;3.64
SSR_P;2014;380017095;380017087;N310H;;1;0.8
SSR_P;2014;380017095;380017087;N3120;;2;0.89
SSR_P;2014;380017095;380017087;NAUT;18;20;25.23
SSR_P;2014;380017095;380017087;NCINF;11;7;15.33
SSR_P;2014;380780312;750720575;M1180;2;2;3.74
SSR_P;2014;380780312;750720575;N241P;14;5;17.13
SSR_P;2014;380780312;750720575;N2430;;4;1.95
SSR_P;2014;380780312;750720575;N2450;;3;2.16
SSR_P;2014;380780312;750720575;N2460;5;2;6.8
SSR_P;2014;380780312;750720575;N2500;25;15;30.51
SSR_P;2014;380780312;750720575;N2710;;7;3.46
SSR_P;2014;380780312;750720575;N310H;1;1;1.1
SSR_P;2014;380780312;750720575;N3120;;1;0.79
SSR_P;2014;380780312;750720575;NAUT;12;8;18.09
SSR_P;2014;380780312;750720575;NCINF;22;22;35.26
SSR_P;2014;380780379;380798249;M1010;0;1;0.7
SSR_P;2014;380780379;380798249;M1150;3;2;3.82
SSR_P;2014;380780379;380798249;MAUT;0;1;0.6
SSR_P;2014;380780379;380798249;N241P;1;4;4.02
SSR_P;2014;380780379;380798249;N2450;0;1;0.8
SSR_P;2014;380780379;380798249;N2500;6;6;9.83
SSR_P;2014;380780379;380798249;N2710;0;1;0.33
SSR_P;2014;380780379;380798249;N3120;0;1;0.45
SSR_P;2014;380780379;380798249;NAUT;10;9;16.36
SSR_P;2014;380780379;380798249;NCINF;11;6;15.25
SSR_P;2014;380781138;010783009;M1010;;1;0.6
SSR_P;2014;380781138;010783009;M1320;2;1;2.8
SSR_P;2014;380781138;010783009;MAUT;;2;1.2
SSR_P;2014;380781138;010783009;N241P;3;1;3.17
SSR_P;2014;380781138;010783009;N2450;;1;0.7
SSR_P;2014;380781138;010783009;N2460;1;;1
SSR_P;2014;380781138;010783009;N2470;;1;0.6
SSR_P;2014;380781138;010783009;N2500;7;17;19.41
SSR_P;2014;380781138;010783009;N2710;;1;0.5
SSR_P;2014;380781138;010783009;N310H;;1;0.5
SSR_P;2014;380781138;010783009;N3120;;1;0.6
SSR_P;2014;380781138;010783009;NAUT;11;30;32.52
SSR_P;2014;380781138;010783009;NCINF;14;9;20.6
SSR_P;2014;380781369;010783009;M1010;2;2;2.7
SSR_P;2014;380781369;010783009;MAUT;;1;0.5
SSR_P;2014;380781369;010783009;N241P;2;1;2.5
SSR_P;2014;380781369;010783009;N2460;;1;0.5
SSR_P;2014;380781369;010783009;N2500;8;8;13.4
SSR_P;2014;380781369;010783009;N2710;;1;0.2
SSR_P;2014;380781369;010783009;N3120;;1;0.6
SSR_P;2014;380781369;010783009;NCINF;11;3;12.9
SSR_P;2014;380782722;380780080;M1040;4;3;4.87
SSR_P;2014;380782722;380780080;M1120;;1;0.8
SSR_P;2014;380782722;380780080;M1180;5;7;7.62
SSR_P;2014;380782722;380780080;MAUT;;;0.66
SSR_P;2014;380782722;380780080;N241P;17;8;26.95
SSR_P;2014;380782722;380780080;N2430;2;2;2.82
SSR_P;2014;380782722;380780080;N2460;3;8;9.18
SSR_P;2014;380782722;380780080;N2500;27;21;42.23
SSR_P;2014;380782722;380780080;N2710;4;1;4.07
SSR_P;2014;380782722;380780080;N310H;1;1;1.57
SSR_P;2014;380782722;380780080;N3120;1;1;2.3
SSR_P;2014;380782722;380780080;NAUT;30;5;33.4
SSR_P;2014;380782722;380780080;NCINF;32;30;56.01
SSR_P;2014;380795021;380780098;M1180;2;2;2.22
SSR_P;2014;380795021;380780098;N2500;10;3;10.31
SSR_P;2014;380795021;380780098;NAUT;3;2;4.22
SSR_P;2014;380795021;380780098;NCINF;9;2;10.09
SSR_P;2014;390000040;390780146;M1010;;2;1.5
SSR_P;2014;390000040;390780146;N2500;14;7;18.65
SSR_P;2014;390000040;390780146;N3120;0;1;0.5
SSR_P;2014;390000040;390780146;NAUT;4;7;6.86
SSR_P;2014;390000040;390780146;NCINF;11;3;12.1
SSR_P;2014;390000057;390780153;M1010;;2;1
SSR_P;2014;390000057;390780153;N2460;;1;0.15
SSR_P;2014;390000057;390780153;N2470;;5;3.8
SSR_P;2014;390000057;390780153;N2500;;1;0.2
SSR_P;2014;390000057;390780153;NCINF;;6;3.36
SSR_P;2014;390000065;390780161;M1010;;;0.15
SSR_P;2014;390000065;390780161;M1320;;1;0.8
SSR_P;2014;390000065;390780161;N241P;;;0.25
SSR_P;2014;390000065;390780161;N2460;;1;0.57
SSR_P;2014;390000065;390780161;N2500;10;1;8.7
SSR_P;2014;390000065;390780161;N2710;;;0.04
SSR_P;2014;390000065;390780161;NAUT;1;1;1.78
SSR_P;2014;390000065;390780161;NCINF;7;1;6.69
SSR_P;2014;390000073;390780179;M1010;1;7;3.2
SSR_P;2014;390000073;390780179;M1180;1;2;2.54
SSR_P;2014;390000073;390780179;M3020;;1;0.1
SSR_P;2014;390000073;390780179;N241P;11;3;13.17
SSR_P;2014;390000073;390780179;N2430;;2;1.25
SSR_P;2014;390000073;390780179;N2460;6;3;6.71
SSR_P;2014;390000073;390780179;N2500;24;19;36.7
SSR_P;2014;390000073;390780179;N2710;;4;2.26
SSR_P;2014;390000073;390780179;N3120;;2;0.89
SSR_P;2014;390000073;390780179;NAUT;4;;4
SSR_P;2014;390000073;390780179;NCINF;17;18;27.6
SSR_P;2014;390000081;390780187;M1010;0;3;0.57
SSR_P;2014;390000081;390780187;N241P;0;2;0.81
SSR_P;2014;390000081;390780187;N2450;0;1;0.25
SSR_P;2014;390000081;390780187;N2460;0;1;0.5
SSR_P;2014;390000081;390780187;N2500;3;7;8.08
SSR_P;2014;390000081;390780187;N2710;0;1;0.08
SSR_P;2014;390000081;390780187;NCINF;2;3;3.75
SSR_P;2014;390000131;390780377;MAUT;;;0.41
SSR_P;2014;390000131;390780377;N2450;;1;0.2
SSR_P;2014;390000131;390780377;N2500;6;1;6.45
SSR_P;2014;390000131;390780377;N2710;;1;0.3
SSR_P;2014;390000131;390780377;N3120;;1;0.25
SSR_P;2014;390000131;390780377;NAUT;;1;0.74
SSR_P;2014;390000131;390780377;NCINF;7;1;7.38
SSR_P;2014;390000172;250006335;M1010;3;0;1.75
SSR_P;2014;390000172;250006335;M1040;2;;1
SSR_P;2014;390000172;250006335;M1150;1;1;1.46
SSR_P;2014;390000172;250006335;M1180;1;;0.84
SSR_P;2014;390000172;250006335;MAUT;1;2;0.91
SSR_P;2014;390000172;250006335;N241P;7;0;2.73
SSR_P;2014;390000172;250006335;N2450;0;2;1.6
SSR_P;2014;390000172;250006335;N2460;;1;0.79
SSR_P;2014;390000172;250006335;N2500;21;5;12.44
SSR_P;2014;390000172;250006335;N2710;;1;0.81
SSR_P;2014;390000172;250006335;N310H;6;1;4.12
SSR_P;2014;390000172;250006335;N3120;1;;0.81
SSR_P;2014;390000172;250006335;NAUT;49;25;45.22
SSR_P;2014;390000172;250006335;NCINF;17;11;21.89
SSR_P;2014;390000214;390780591;M1010;1;;1
SSR_P;2014;390000214;390780591;M1140;1;;1
SSR_P;2014;390000214;390780591;N241P;;1;0.38
SSR_P;2014;390000214;390780591;N2450;;1;0.2
SSR_P;2014;390000214;390780591;N2500;12;10;20.71
SSR_P;2014;390000214;390780591;N2710;;1;0.25
SSR_P;2014;390000214;390780591;N3120;;1;0.75
SSR_P;2014;390000214;390780591;NAUT;6;8;9.24
SSR_P;2014;390000214;390780591;NCINF;9;11;14.86
SSR_P;2014;390000222;390780609;M1180;2;1;2.1
SSR_P;2014;390000222;390780609;M1320;3;;2.2
SSR_P;2014;390000222;390780609;N2500;34;2;35.34
SSR_P;2014;390000222;390780609;N2710;;1;0.65
SSR_P;2014;390000222;390780609;NAUT;15;4;15.29
SSR_P;2014;390000222;390780609;NCINF;18;5;21.5
SSR_P;2014;390006161;390781177;M1180;0;;0.83
SSR_P;2014;390006161;390781177;MAUT;;1;0.07
SSR_P;2014;390006161;390781177;N241P;;1;0.48
SSR_P;2014;390006161;390781177;N2450;;1;0.04
SSR_P;2014;390006161;390781177;N2460;;1;0.5
SSR_P;2014;390006161;390781177;N2500;3;6;8.27
SSR_P;2014;390006161;390781177;N2710;;1;0.03
SSR_P;2014;390006161;390781177;NAUT;1;10;7.26
SSR_P;2014;390006161;390781177;NCINF;2;6;8.23
SSR_P;2014;390780369;210010294;M1010;1;;1
SSR_P;2014;390780369;210010294;N2450;2;;2
SSR_P;2014;390780369;210010294;N2500;8;1;8.7
SSR_P;2014;390780369;210010294;N2710;;2;1.06
SSR_P;2014;390780369;210010294;N310H;7;;7
SSR_P;2014;390780369;210010294;N3120;;1;0.25
SSR_P;2014;390780369;210010294;NCINF;3;3;5.4
SSR_P;2014;390781193;390000768;M1010;;1;0.33
SSR_P;2014;390781193;390000768;MAUT;;1;0.3
SSR_P;2014;390781193;390000768;N2500;2;;1.87
SSR_P;2014;390781193;390000768;N310H;9;6;11.32
SSR_P;2014;390781193;390000768;NAUT;18;8;19.13
SSR_P;2014;390781193;390000768;NCINF;5;;2.5
SSR_P;2014;400000147;400780268;M1320;0;2;1.9
SSR_P;2014;400000147;400780268;N241P;1;;1
SSR_P;2014;400000147;400780268;N2450;1;;0.25
SSR_P;2014;400000147;400780268;N2460;;1;0.2
SSR_P;2014;400000147;400780268;N2500;6;;6
SSR_P;2014;400000147;400780268;N2710;1;;0.5
SSR_P;2014;400000147;400780268;N3120;1;;0.25
SSR_P;2014;400000147;400780268;NCINF;5;0;4.5
SSR_P;2014;400000261;400780458;M1320;;3;1.7
SSR_P;2014;400000261;400780458;MAUT;;1;0.4
SSR_P;2014;400000261;400780458;N241P;;2;1.4
SSR_P;2014;400000261;400780458;N2430;;1;0.05
SSR_P;2014;400000261;400780458;N2450;;1;0.4
SSR_P;2014;400000261;400780458;N2460;;1;0.11
SSR_P;2014;400000261;400780458;N2470;;1;0.4
SSR_P;2014;400000261;400780458;N2500;16;2;14.69
SSR_P;2014;400000261;400780458;N2710;;1;0.53
SSR_P;2014;400000261;400780458;N3120;1;;0.55
SSR_P;2014;400000261;400780458;NAUT;;39;12.21
SSR_P;2014;400000261;400780458;NCINF;9;4;10.5
SSR_P;2014;400780102;400000055;M1010;1;0;1
SSR_P;2014;400780102;400000055;M1180;3;1;3.8
SSR_P;2014;400780102;400000055;N241P;11;2;12
SSR_P;2014;400780102;400000055;N2450;1;;1
SSR_P;2014;400780102;400000055;N2460;3;;3
SSR_P;2014;400780102;400000055;N2500;23;6;25.5
SSR_P;2014;400780102;400000055;N2710;;1;0.6
SSR_P;2014;400780102;400000055;N3120;;1;0.69
SSR_P;2014;400780102;400000055;NAUT;1;0;1
SSR_P;2014;400780102;400000055;NCINF;11;2;12
SSR_P;2014;400780250;400011177;M1180;4;1;3.16
SSR_P;2014;400780250;400011177;M1320;3;2;3.75
SSR_P;2014;400780250;400011177;N241P;12;0;11.68
SSR_P;2014;400780250;400011177;N2430;0;1;0.5
SSR_P;2014;400780250;400011177;N2450;1;1;0.66
SSR_P;2014;400780250;400011177;N2460;2;1;1.62
SSR_P;2014;400780250;400011177;N2470;1;0;1
SSR_P;2014;400780250;400011177;N2500;55;10;59.16
SSR_P;2014;400780250;400011177;N2710;1;2;1.2
SSR_P;2014;400780250;400011177;N3120;1;1;1.6
SSR_P;2014;400780250;400011177;NAUT;30;1;29.09
SSR_P;2014;400780250;400011177;NCINF;31;7;37.47
SSR_P;2014;400780375;400013801;M1010;;1;0.11
SSR_P;2014;400780375;400013801;M3020;;2;0.4
SSR_P;2014;400780375;400013801;N241P;;1;0.23
SSR_P;2014;400780375;400013801;N2500;1;;1
SSR_P;2014;400780375;400013801;N2710;1;;0.66
SSR_P;2014;400780375;400013801;N310H;;3;1.05
SSR_P;2014;400780375;400013801;N3120;;1;0.25
SSR_P;2014;400780375;400013801;NCINF;3;6;5.53
SSR_P;2014;400780383;640010328;M1010;2;1;2.5
SSR_P;2014;400780383;640010328;N241P;;1;0.9
SSR_P;2014;400780383;640010328;N2470;;1;0.75
SSR_P;2014;400780383;640010328;N2500;4;7;9.5
SSR_P;2014;400780383;640010328;N3120;1;;1
SSR_P;2014;400780383;640010328;NAUT;11;7;17
SSR_P;2014;400780383;640010328;NCINF;4;7;9.5
SSR_P;2014;400780425;400000246;M1010;1;1;1.2
SSR_P;2014;400780425;400000246;M1320;1;;1
SSR_P;2014;400780425;400000246;N2450;;1;0.5
SSR_P;2014;400780425;400000246;N2500;6;;6
SSR_P;2014;400780425;400000246;N3120;;1;0.4
SSR_P;2014;400780425;400000246;NCINF;9;1;9.5
SSR_P;2014;400780466;400000279;M1180;1;;1
SSR_P;2014;400780466;400000279;M1320;;1;0.56
SSR_P;2014;400780466;400000279;N241P;2;;2
SSR_P;2014;400780466;400000279;N2500;4;6;10.35
SSR_P;2014;400780466;400000279;NCINF;4;2;5.49
SSR_P;2014;400780482;310021068;M1010;4;2;5.91
SSR_P;2014;400780482;310021068;M1140;1;1;1.07
SSR_P;2014;400780482;310021068;M1180;;1;0.08
SSR_P;2014;400780482;310021068;MAUT;;1;0.72
SSR_P;2014;400780482;310021068;N241P;2;;2
SSR_P;2014;400780482;310021068;N2450;1;2;2.5
SSR_P;2014;400780482;310021068;N2470;;1;0.86
SSR_P;2014;400780482;310021068;N2500;18;2;19.09
SSR_P;2014;400780482;310021068;N2710;;3;2.07
SSR_P;2014;400780482;310021068;N310H;27;2;28.51
SSR_P;2014;400780482;310021068;N3120;;1;0.5
SSR_P;2014;400780482;310021068;NAUT;;1;0.29
SSR_P;2014;400780482;310021068;NCINF;12;4;14.47
SSR_P;2014;400782769;400001764;M1320;1;;1
SSR_P;2014;400782769;400001764;N241P;1;0;1
SSR_P;2014;400782769;400001764;N2450;0;1;0.15
SSR_P;2014;400782769;400001764;N2500;7;1;7.65
SSR_P;2014;400782769;400001764;N3120;0;1;0.25
SSR_P;2014;400782769;400001764;NCINF;3;2;4.45
SSR_P;2014;400782777;400780193;M1040;;2;0.45
SSR_P;2014;400782777;400780193;M1180;;4;1.41
SSR_P;2014;400782777;400780193;N241P;4;1;4.52
SSR_P;2014;400782777;400780193;N2450;;3;0.41
SSR_P;2014;400782777;400780193;N2500;20;4;21.2
SSR_P;2014;400782777;400780193;N2710;;2;0.25
SSR_P;2014;400782777;400780193;NAUT;11;3;11.75
SSR_P;2014;400782777;400780193;NCINF;8;1;7.91
SSR_P;2014;400787354;400780193;M1320;;9;5.31
SSR_P;2014;400787354;400780193;N241P;3;4;5.36
SSR_P;2014;400787354;400780193;N2430;;1;0.15
SSR_P;2014;400787354;400780193;N2460;;1;0.5
SSR_P;2014;400787354;400780193;N2470;1;;1
SSR_P;2014;400787354;400780193;N2500;50;3;50.17
SSR_P;2014;400787354;400780193;N2710;1;;1
SSR_P;2014;400787354;400780193;N3120;;2;1.3
SSR_P;2014;400787354;400780193;NAUT;9;9;15.26
SSR_P;2014;400787354;400780193;NCINF;22;11;28.1
SSR_P;2014;400791018;400790994;M1180;4;;4
SSR_P;2014;400791018;400790994;MAUT;;1;0.66
SSR_P;2014;400791018;400790994;N241P;20;2;20.12
SSR_P;2014;400791018;400790994;N2450;1;;1.06
SSR_P;2014;400791018;400790994;N2460;1;1;1.67
SSR_P;2014;400791018;400790994;N2500;6;1;6.97
SSR_P;2014;400791018;400790994;N2710;1;1;1.08
SSR_P;2014;400791018;400790994;N310H;2;;1.97
SSR_P;2014;400791018;400790994;NAUT;5;1;4.93
SSR_P;2014;400791018;400790994;NCINF;7;6;11.75
SSR_P;2014;410000020;410000087;M1010;1;0;0.95
SSR_P;2014;410000020;410000087;M1180;2;2;1.95
SSR_P;2014;410000020;410000087;M1320;3;1;3.55
SSR_P;2014;410000020;410000087;M3020;0;1;0.03
SSR_P;2014;410000020;410000087;N2430;2;0;2
SSR_P;2014;410000020;410000087;N2460;3;0;3
SSR_P;2014;410000020;410000087;N2500;52;15;64.79
SSR_P;2014;410000020;410000087;N2710;0;2;0.31
SSR_P;2014;410000020;410000087;NAUT;8;7;13.93
SSR_P;2014;410000020;410000087;NCINF;34;8;36.78
SSR_P;2014;410000046;410000103;M1320;1;;1
SSR_P;2014;410000046;410000103;N2500;16;1;14.99
SSR_P;2014;410000046;410000103;N2710;;1;0.11
SSR_P;2014;410000046;410000103;NAUT;4;0;4.13
SSR_P;2014;410000046;410000103;NCINF;5;1;6.41
SSR_P;2014;410000053;410000111;M1010;2;;1.5
SSR_P;2014;410000053;410000111;N241P;2;2;3.29
SSR_P;2014;410000053;410000111;N2430;;1;0.1
SSR_P;2014;410000053;410000111;N2450;1;;0.3
SSR_P;2014;410000053;410000111;N2460;1;;0.29
SSR_P;2014;410000053;410000111;N2500;12;2;13.84
SSR_P;2014;410000053;410000111;N2710;1;;0.1
SSR_P;2014;410000053;410000111;N3120;1;;0.15
SSR_P;2014;410000053;410000111;NAUT;6;;5.13
SSR_P;2014;410000053;410000111;NCINF;6;6;11.64
SSR_P;2014;410000178;410000137;M1010;;8;8
SSR_P;2014;410000178;410000137;M1320;;1;1
SSR_P;2014;410000178;410000137;N241P;1;;0.5
SSR_P;2014;410000178;410000137;N2450;1;;0.25
SSR_P;2014;410000178;410000137;N2500;9;;8.5
SSR_P;2014;410000178;410000137;N2710;1;;0.5
SSR_P;2014;410000178;410000137;NAUT;13;;6.81
SSR_P;2014;410000178;410000137;NCINF;6;;5.25
SSR_P;2014;410000210;410000145;M1180;;16;0.33
SSR_P;2014;410000210;410000145;N241P;;1;0.37
SSR_P;2014;410000210;410000145;N2500;5;2;6.6
SSR_P;2014;410000210;410000145;N2710;;1;0.2
SSR_P;2014;410000210;410000145;NAUT;1;;1
SSR_P;2014;410000210;410000145;NCINF;4;3;5.25
SSR_P;2014;410000244;410000152;M1180;2;;2
SSR_P;2014;410000418;440052041;M1010;1;;1
SSR_P;2014;410000418;440052041;M1040;4;;4
SSR_P;2014;410000418;440052041;M1150;3;;3
SSR_P;2014;410000418;440052041;M1320;1;;1
SSR_P;2014;410000418;440052041;N241P;12;2;11
SSR_P;2014;410000418;440052041;N2430;;1;0.5
SSR_P;2014;410000418;440052041;N2450;;3;2
SSR_P;2014;410000418;440052041;N2460;;1;1
SSR_P;2014;410000418;440052041;N2470;;1;1
SSR_P;2014;410000418;440052041;N2500;24;;24
SSR_P;2014;410000418;440052041;N2710;1;;1
SSR_P;2014;410000418;440052041;N3120;2;;2
SSR_P;2014;410000418;440052041;NAUT;15;3;17
SSR_P;2014;410000418;440052041;NCINF;23;11;28.3
SSR_P;2014;410000442;750005068;M1010;2;;2.06
SSR_P;2014;410000442;750005068;M1070;;2;0.07
SSR_P;2014;410000442;750005068;M1180;3;;2.16
SSR_P;2014;410000442;750005068;N241P;8;1;8.5
SSR_P;2014;410000442;750005068;N2430;;1;0.25
SSR_P;2014;410000442;750005068;N2450;1;2;1.8
SSR_P;2014;410000442;750005068;N2460;1;2;2.6
SSR_P;2014;410000442;750005068;N2500;9;10;18.34
SSR_P;2014;410000442;750005068;N2710;;1;0.8
SSR_P;2014;410000442;750005068;N310H;;3;2.65
SSR_P;2014;410000442;750005068;N3120;;1;0.8
SSR_P;2014;410000442;750005068;NAUT;;1;0.09
SSR_P;2014;410000442;750005068;NCINF;12;12;22.82
SSR_P;2014;410004063;410000095;M1010;2;;1.25
SSR_P;2014;410004063;410000095;M1190;1;;0.1
SSR_P;2014;410004063;410000095;M1320;3;;1
SSR_P;2014;410004063;410000095;N241P;4;1;4.55
SSR_P;2014;410004063;410000095;N2430;1;;1
SSR_P;2014;410004063;410000095;N2500;34;8;39.55
SSR_P;2014;410004063;410000095;N2710;1;;1
SSR_P;2014;410004063;410000095;N3120;1;;1
SSR_P;2014;410004063;410000095;NAUT;9;4;12.1
SSR_P;2014;410004063;410000095;NCINF;18;2;19.55
SSR_P;2014;410005284;410000947;M1010;;3;1.84
SSR_P;2014;410005284;410000947;M1070;;2;0.87
SSR_P;2014;410005284;410000947;M1320;;2;1.03
SSR_P;2014;410005284;410000947;N241P;;7;2.28
SSR_P;2014;410005284;410000947;N2450;3;;3.08
SSR_P;2014;410005284;410000947;N2500;12;3;13.26
SSR_P;2014;410005284;410000947;N2710;;2;0.94
SSR_P;2014;410005284;410000947;N310H;2;5;5.8
SSR_P;2014;410005284;410000947;N3120;;1;0.46
SSR_P;2014;410005284;410000947;NAUT;4;1;4.7
SSR_P;2014;410005284;410000947;NCINF;9;6;12.81
SSR_P;2014;410005391;410000905;M1010;;3;0.59
SSR_P;2014;410005391;410000905;M1180;;1;0.75
SSR_P;2014;410005391;410000905;MAUT;;3;0.17
SSR_P;2014;410005391;410000905;N241P;;15;4.21
SSR_P;2014;410005391;410000905;N2430;;3;0.63
SSR_P;2014;410005391;410000905;N2460;;7;4.37
SSR_P;2014;410005391;410000905;N2500;;56;28.05
SSR_P;2014;410005391;410000905;N2710;;1;0.64
SSR_P;2014;410005391;410000905;N310H;;6;2.33
SSR_P;2014;410005391;410000905;N3120;;1;0.75
SSR_P;2014;410005391;410000905;NAUT;;1;0.05
SSR_P;2014;410005391;410000905;NCINF;;23;20.39
SSR_P;2014;420000028;420780041;M1010;;2;0.5
SSR_P;2014;420000028;420780041;MAUT;;4;0.4
SSR_P;2014;420000028;420780041;N241P;;1;0.38
SSR_P;2014;420000028;420780041;N2500;3;6;7.69
SSR_P;2014;420000028;420780041;N2710;;1;0.2
SSR_P;2014;420000028;420780041;N3120;;1;0.25
SSR_P;2014;420000028;420780041;NAUT;;9;4.73
SSR_P;2014;420000028;420780041;NCINF;;9;7.23
SSR_P;2014;420000036;420780058;M1010;;1;0.1
SSR_P;2014;420000036;420780058;N241P;;1;0.42
SSR_P;2014;420000036;420780058;N2450;;1;0.1
SSR_P;2014;420000036;420780058;N2470;;1;0.4
SSR_P;2014;420000036;420780058;N2500;11;5;15
SSR_P;2014;420000036;420780058;N2710;;1;0.35
SSR_P;2014;420000036;420780058;N3120;1;;1
SSR_P;2014;420000036;420780058;NCINF;5;5;8.85
SSR_P;2014;420000192;750034589;M1320;;3;0.91
SSR_P;2014;420000192;750034589;N241P;;2;1.03
SSR_P;2014;420000192;750034589;N2460;;1;0.67
SSR_P;2014;420000192;750034589;N2500;;18;5.47
SSR_P;2014;420000192;750034589;N2710;;2;0.29
SSR_P;2014;420000192;750034589;N3120;;1;0.04
SSR_P;2014;420000192;750034589;NAUT;;32;9.41
SSR_P;2014;420000192;750034589;NCINF;;14;2.86
SSR_P;2014;420000226;420013831;M1010;1;1;2.13
SSR_P;2014;420000226;420013831;M1320;1;1;2.13
SSR_P;2014;420000226;420013831;N241P;1;2;2.28
SSR_P;2014;420000226;420013831;N2460;1;0;0.5
SSR_P;2014;420000226;420013831;N2500;5;11;11.5
SSR_P;2014;420000226;420013831;NCINF;8;4;9.72
SSR_P;2014;420000234;420780652;M1320;3;1;3.6
SSR_P;2014;420000234;420780652;N241P;1;;1
SSR_P;2014;420000234;420780652;N2500;32;2;33
SSR_P;2014;420000234;420780652;N2710;;1;0.5
SSR_P;2014;420000234;420780652;N3120;2;1;2.5
SSR_P;2014;420000234;420780652;NCINF;24;1;24.3
SSR_P;2014;420000242;420780660;M1010;3;;3
SSR_P;2014;420000242;420780660;M1180;1;;0.97
SSR_P;2014;420000242;420780660;MAUT;1;1;1.16
SSR_P;2014;420000242;420780660;N241P;3;2;3.53
SSR_P;2014;420000242;420780660;N2430;;1;0.46
SSR_P;2014;420000242;420780660;N2450;;1;0.5
SSR_P;2014;420000242;420780660;N2460;2;1;2.75
SSR_P;2014;420000242;420780660;N2500;44;33;63.33
SSR_P;2014;420000242;420780660;N2710;1;;0.9
SSR_P;2014;420000242;420780660;N3120;1;1;1.68
SSR_P;2014;420000242;420780660;NCINF;27;27;40.62
SSR_P;2014;420000267;420013831;M1010;2;1;1.33
SSR_P;2014;420000267;420013831;M1320;2;1;1.33
SSR_P;2014;420000267;420013831;N241P;1;4;2.62
SSR_P;2014;420000267;420013831;N2460;0;0;0.13
SSR_P;2014;420000267;420013831;N2500;10;7;14.47
SSR_P;2014;420000267;420013831;N2710;0;1;0.25
SSR_P;2014;420000267;420013831;N3120;2;1;0.64
SSR_P;2014;420000267;420013831;NCINF;12;6;9.57
SSR_P;2014;420000275;420780694;M1010;1;;0.7
SSR_P;2014;420000275;420780694;MAUT;1;;0.3
SSR_P;2014;420000275;420780694;N241P;;1;0.22
SSR_P;2014;420000275;420780694;N2450;;1;0.05
SSR_P;2014;420000275;420780694;N2460;1;;0.5
SSR_P;2014;420000275;420780694;N2500;4;;4
SSR_P;2014;420000275;420780694;N3120;1;;0.6
SSR_P;2014;420000275;420780694;NCINF;4;;3.33
SSR_P;2014;420000283;420780702;N241P;1;;1
SSR_P;2014;420000317;420780736;N241P;2;1;2.3
SSR_P;2014;420000317;420780736;N2500;1;2;1.97
SSR_P;2014;420000317;420780736;NCINF;0;5;2.07
SSR_P;2014;420000440;420784878;M1010;3;2;1.17
SSR_P;2014;420000440;420784878;MAUT;1;;0.05
SSR_P;2014;420000440;420784878;N241P;0;1;0.72
SSR_P;2014;420000440;420784878;N2430;0;2;0.12
SSR_P;2014;420000440;420784878;N2450;0;2;0.25
SSR_P;2014;420000440;420784878;N2460;0;1;0.5
SSR_P;2014;420000440;420784878;N2500;22;3;8.52
SSR_P;2014;420000440;420784878;NAUT;0;2;0.28
SSR_P;2014;420000440;420784878;NCINF;23;6;9.19
SSR_P;2014;420000556;420781791;M1010;;2;0.18
SSR_P;2014;420000556;420781791;MAUT;;1;0.2
SSR_P;2014;420000556;420781791;N241P;1;;0.29
SSR_P;2014;420000556;420781791;N2450;;1;0.1
SSR_P;2014;420000556;420781791;N2470;;1;0.1
SSR_P;2014;420000556;420781791;N2500;4;2;5.35
SSR_P;2014;420000556;420781791;N2710;;1;0.1
SSR_P;2014;420000556;420781791;N3120;;1;0.04
SSR_P;2014;420000556;420781791;NAUT;5;8;5.3
SSR_P;2014;420000556;420781791;NCINF;5;1;4.25
SSR_P;2014;420002677;420787061;M3020;1;0;1
SSR_P;2014;420009599;420002495;M1010;2;;1
SSR_P;2014;420009599;420002495;N241P;;4;0.4
SSR_P;2014;420009599;420002495;N2500;8;2;9.3
SSR_P;2014;420009599;420002495;N3120;;1;0.5
SSR_P;2014;420009599;420002495;NAUT;7;;6
SSR_P;2014;420009599;420002495;NCINF;6;3;6.5
SSR_P;2014;420011512;420011504;M1180;2;;2
SSR_P;2014;420011512;420011504;M1190;1;;1
SSR_P;2014;420011512;420011504;M1320;;1;0.8
SSR_P;2014;420011512;420011504;MAUT;;2;0.7
SSR_P;2014;420011512;420011504;N241P;8;8;12.4
SSR_P;2014;420011512;420011504;N2430;;2;0.6
SSR_P;2014;420011512;420011504;N2450;;1;0.3
SSR_P;2014;420011512;420011504;N2460;2;;2
SSR_P;2014;420011512;420011504;N2500;17;3;18
SSR_P;2014;420011512;420011504;N2710;;1;0.1
SSR_P;2014;420011512;420011504;N3120;1;;1
SSR_P;2014;420011512;420011504;NAUT;13;12;20.95
SSR_P;2014;420011512;420011504;NCINF;17;2;16
SSR_P;2014;420011660;420011652;M1040;;3;1.5
SSR_P;2014;420011660;420011652;M1070;;1;0.06
SSR_P;2014;420011660;420011652;MAUT;;1;0.4
SSR_P;2014;420011660;420011652;N241P;;2;1
SSR_P;2014;420011660;420011652;N2450;;1;0.4
SSR_P;2014;420011660;420011652;N2710;;1;0.7
SSR_P;2014;420011660;420011652;N310H;;1;0.95
SSR_P;2014;420011660;420011652;N3120;;1;0.2
SSR_P;2014;420011660;420011652;NAUT;1;2;2.3
SSR_P;2014;420011660;420011652;NCINF;1;3;3.4
SSR_P;2014;420011728;920028560;M1010;;1;0.04
SSR_P;2014;420011728;920028560;M1180;1;;1.21
SSR_P;2014;420011728;920028560;M3020;;1;0.01
SSR_P;2014;420011728;920028560;N241P;3;;3.15
SSR_P;2014;420011728;920028560;N2430;0;1;0.48
SSR_P;2014;420011728;920028560;N2460;2;;2.14
SSR_P;2014;420011728;920028560;N2470;;1;0.29
SSR_P;2014;420011728;920028560;N2500;1;;1.12
SSR_P;2014;420011728;920028560;N2710;0;1;0.4
SSR_P;2014;420011728;920028560;N3120;;1;0.19
SSR_P;2014;420011728;920028560;NAUT;1;;1.73
SSR_P;2014;420011728;920028560;NCINF;2;;2.37
SSR_P;2014;420014110;420007098;M1010;;1;0.01
SSR_P;2014;420014110;420007098;M1180;;1;0.6
SSR_P;2014;420014110;420007098;MAUT;1;;0.69
SSR_P;2014;420014110;420007098;N241P;0;5;2.63
SSR_P;2014;420014110;420007098;N2430;0;1;0.3
SSR_P;2014;420014110;420007098;N2470;0;1;0.3
SSR_P;2014;420014110;420007098;N2500;8;5;10.21
SSR_P;2014;420014110;420007098;N310H;0;1;0.12
SSR_P;2014;420014110;420007098;N3120;0;1;0.37
SSR_P;2014;420014110;420007098;NAUT;1;0;1.12
SSR_P;2014;420014110;420007098;NCINF;9;11;16.58
SSR_P;2014;420780348;440051910;M1010;;1;0.8
SSR_P;2014;420780348;440051910;M1040;1;3;1.84
SSR_P;2014;420780348;440051910;M1070;;1;0.2
SSR_P;2014;420780348;440051910;M1180;;1;0.23
SSR_P;2014;420780348;440051910;MAUT;;2;0.6
SSR_P;2014;420780348;440051910;N241P;3;2;4
SSR_P;2014;420780348;440051910;N2450;;1;0.3
SSR_P;2014;420780348;440051910;N2500;5;8;9.61
SSR_P;2014;420780348;440051910;N2710;;1;0.2
SSR_P;2014;420780348;440051910;N3120;;1;0.6
SSR_P;2014;420780348;440051910;NAUT;21;3;19.21
SSR_P;2014;420780348;440051910;NCINF;6;8;11.26
SSR_P;2014;420780678;420002495;M1010;1;1;1.8
SSR_P;2014;420780678;420002495;M1180;1;;1
SSR_P;2014;420780678;420002495;M1190;1;;1
SSR_P;2014;420780678;420002495;N241P;7;12;12.5
SSR_P;2014;420780678;420002495;N2430;;1;0.6
SSR_P;2014;420780678;420002495;N2450;;1;0.2
SSR_P;2014;420780678;420002495;N2460;;4;2.5
SSR_P;2014;420780678;420002495;N2470;;1;0.5
SSR_P;2014;420780678;420002495;N2500;13;35;30.25
SSR_P;2014;420780678;420002495;N3120;1;;1
SSR_P;2014;420780678;420002495;NAUT;9;17;17.15
SSR_P;2014;420780678;420002495;NCINF;11;22;20.85
SSR_P;2014;420780744;420000325;N241P;0;2;1
SSR_P;2014;420780744;420000325;N2500;3;2;6.39
SSR_P;2014;420780744;420000325;NCINF;4;5;7.82
SSR_P;2014;420782096;420787061;M1010;;3;2.4
SSR_P;2014;420782096;420787061;M1320;2;1;2.9
SSR_P;2014;420782096;420787061;N241P;2;2;3.2
SSR_P;2014;420782096;420787061;N2430;;1;0.2
SSR_P;2014;420782096;420787061;N2450;;1;0.6
SSR_P;2014;420782096;420787061;N2460;;1;0.6
SSR_P;2014;420782096;420787061;N2470;;1;0.3
SSR_P;2014;420782096;420787061;N2500;15;21;26.13
SSR_P;2014;420782096;420787061;N2710;;1;0.4
SSR_P;2014;420782096;420787061;N310H;;3;2
SSR_P;2014;420782096;420787061;N3120;;1;0.74
SSR_P;2014;420782096;420787061;NCINF;14;16;24.96
SSR_P;2014;420782559;420784878;M1140;1;;0.2
SSR_P;2014;420782559;420784878;M1180;5;2;3.04
SSR_P;2014;420782559;420784878;MAUT;1;;0.32
SSR_P;2014;420782559;420784878;N241P;7;8;10.57
SSR_P;2014;420782559;420784878;N2430;1;3;1.4
SSR_P;2014;420782559;420784878;N2450;1;2;0.75
SSR_P;2014;420782559;420784878;N2460;3;4;4.29
SSR_P;2014;420782559;420784878;N2470;0;1;0.5
SSR_P;2014;420782559;420784878;N2500;19;7;25.99
SSR_P;2014;420782559;420784878;N2710;2;2;1.43
SSR_P;2014;420782559;420784878;N310H;0;1;0.75
SSR_P;2014;420782559;420784878;N3120;2;2;1.43
SSR_P;2014;420782559;420784878;NAUT;7;4;7.03
SSR_P;2014;420782559;420784878;NCINF;18;14;26.86
SSR_P;2014;420782567;420784878;M1010;9;;3.27
SSR_P;2014;420782567;420784878;M1150;;1;0.02
SSR_P;2014;420782567;420784878;MAUT;4;;0.66
SSR_P;2014;420782567;420784878;N241P;4;3;4.89
SSR_P;2014;420782567;420784878;N2430;1;1;0.54
SSR_P;2014;420782567;420784878;N2450;1;3;0.77
SSR_P;2014;420782567;420784878;N2460;3;1;1.71
SSR_P;2014;420782567;420784878;N2500;50;9;29.15
SSR_P;2014;420782567;420784878;N2710;0;3;1.45
SSR_P;2014;420782567;420784878;N3120;5;1;2.65
SSR_P;2014;420782567;420784878;NAUT;18;5;10.95
SSR_P;2014;420782567;420784878;NCINF;41;12;28.24
SSR_P;2014;420782591;420000887;M1010;1;;1
SSR_P;2014;420782591;420000887;M1180;1;;1
SSR_P;2014;420782591;420000887;M1320;1;;1
SSR_P;2014;420782591;420000887;N241P;2;2;2.9
SSR_P;2014;420782591;420000887;N2460;1;;1
SSR_P;2014;420782591;420000887;N2500;7;9;12.1
SSR_P;2014;420782591;420000887;N2710;;1;0.2
SSR_P;2014;420782591;420000887;N3120;;1;0.5
SSR_P;2014;420782591;420000887;NAUT;5;6;9.4
SSR_P;2014;420782591;420000887;NCINF;10;4;12.1
SSR_P;2014;420784845;420780033;M1010;0;0;0.83
SSR_P;2014;420784845;420780033;M1180;3;1;3.48
SSR_P;2014;420784845;420780033;M1320;4;1;1.84
SSR_P;2014;420784845;420780033;N241P;6;;5.41
SSR_P;2014;420784845;420780033;N2430;1;1;0.83
SSR_P;2014;420784845;420780033;N2460;2;0;1.8
SSR_P;2014;420784845;420780033;N2500;35;6;37.18
SSR_P;2014;420784845;420780033;N2710;1;2;1
SSR_P;2014;420784845;420780033;N310H;3;0;1.29
SSR_P;2014;420784845;420780033;N3120;0;2;0.8
SSR_P;2014;420784845;420780033;NAUT;20;5;21.28
SSR_P;2014;420784845;420780033;NCINF;25;10;31.89
SSR_P;2014;420793697;420793689;M1010;1;1;1.5
SSR_P;2014;420793697;420793689;M1180;;1;0.39
SSR_P;2014;420793697;420793689;N2500;3;4;6.45
SSR_P;2014;420793697;420793689;N3120;;1;0.3
SSR_P;2014;420793697;420793689;NCINF;6;2;7
SSR_P;2014;430000117;430000018;M1010;1;3;2.59
SSR_P;2014;430000117;430000018;M1320;0;4;1.2
SSR_P;2014;430000117;430000018;N241P;5;9;10.23
SSR_P;2014;430000117;430000018;N2430;0;2;1.1
SSR_P;2014;430000117;430000018;N2460;0;1;0.7
SSR_P;2014;430000117;430000018;N2470;0;1;0.2
SSR_P;2014;430000117;430000018;N2500;17;16;32.59
SSR_P;2014;430000117;430000018;N2710;0;3;0.6
SSR_P;2014;430000117;430000018;NAUT;1;15;9.06
SSR_P;2014;430000117;430000018;NCINF;11;18;24.81
SSR_P;2014;430000141;430005843;M1010;1;1;1.12
SSR_P;2014;430000141;430005843;MAUT;;1;0.5
SSR_P;2014;430000141;430005843;N241P;;1;0.5
SSR_P;2014;430000141;430005843;N2500;;7;5.28
SSR_P;2014;430000141;430005843;NAUT;5;15;15.54
SSR_P;2014;430000141;430005843;NCINF;4;6;7.76
SSR_P;2014;430000158;430000380;M1010;;2;1.1
SSR_P;2014;430000158;430000380;M1040;;2;0.5
SSR_P;2014;430000158;430000380;N241P;;3;1.5
SSR_P;2014;430000158;430000380;N2450;;1;0.1
SSR_P;2014;430000158;430000380;N2500;3;4;5.73
SSR_P;2014;430000158;430000380;N3120;;1;0.05
SSR_P;2014;430000158;430000380;NCINF;4;5;8.06
SSR_P;2014;430000166;430005843;M1010;;2;1.25
SSR_P;2014;430000166;430005843;N241P;;2;0.8
SSR_P;2014;430000166;430005843;N2500;3;4;6.5
SSR_P;2014;430000166;430005843;NCINF;3;10;10.78
SSR_P;2014;430000182;430007708;M1010;;4;1.35
SSR_P;2014;430000182;430007708;N241P;;2;1.5
SSR_P;2014;430000182;430007708;N2450;;1;0.5
SSR_P;2014;430000182;430007708;N2500;2;11;10.24
SSR_P;2014;430000182;430007708;N2710;;1;0.25
SSR_P;2014;430000182;430007708;N310H;;1;0.25
SSR_P;2014;430000182;430007708;NAUT;2;22;16.59
SSR_P;2014;430000182;430007708;NCINF;2;10;7.22
SSR_P;2014;430000190;430000034;N241P;1;;1.7
SSR_P;2014;430000190;430000034;N2500;7;6;10.67
SSR_P;2014;430000190;430000034;N2710;;;0.25
SSR_P;2014;430000190;430000034;N310H;;2;0.65
SSR_P;2014;430000190;430000034;NAUT;4;4;6.92
SSR_P;2014;430000190;430000034;NCINF;1;4;4.28
SSR_P;2014;430000216;750811820;M1010;2;3;2.68
SSR_P;2014;430000216;750811820;M1320;;;0.25
SSR_P;2014;430000216;750811820;MAUT;;2;0.93
SSR_P;2014;430000216;750811820;N241P;;1;0.5
SSR_P;2014;430000216;750811820;N2450;;1;0.15
SSR_P;2014;430000216;750811820;N2500;13;1;13.29
SSR_P;2014;430000216;750811820;N2710;;1;0.07
SSR_P;2014;430000216;750811820;N310H;;1;0.5
SSR_P;2014;430000216;750811820;N3120;;1;0.38
SSR_P;2014;430000216;750811820;NAUT;;1;0.8
SSR_P;2014;430000216;750811820;NCINF;13;;11.47
SSR_P;2014;430000299;430000059;M1010;;8;0
SSR_P;2014;430000299;430000059;N241P;;5;0
SSR_P;2014;430000299;430000059;N2450;;1;0.05
SSR_P;2014;430000299;430000059;N2500;;8;1.65
SSR_P;2014;430000299;430000059;N2710;;1;0.04
SSR_P;2014;430000299;430000059;NAUT;;27;3.13
SSR_P;2014;430000299;430000059;NCINF;;9;1.77
SSR_P;2014;430000307;430000067;M1010;;10;0.15
SSR_P;2014;430000307;430000067;N241P;;1;0.04
SSR_P;2014;430000307;430000067;N2500;;7;3.92
SSR_P;2014;430000307;430000067;N2710;;1;0.07
SSR_P;2014;430000307;430000067;NCINF;;4;2.16
SSR_P;2014;430000356;430000091;N2500;0;0;1
SSR_P;2014;430000356;430000091;NCINF;1;2;2.6
SSR_P;2014;430007450;690030069;M1010;1;;1
SSR_P;2014;430007450;690030069;M3020;;1;0.25
SSR_P;2014;430007450;690030069;N241P;;1;0.2
SSR_P;2014;430007450;690030069;N2450;;1;0.2
SSR_P;2014;430007450;690030069;N2500;2;1;2.5
SSR_P;2014;430007450;690030069;N2710;;4;2.8
SSR_P;2014;430007450;690030069;N310H;1;1;1.4
SSR_P;2014;430007450;690030069;N3120;;3;2
SSR_P;2014;430007450;690030069;NAUT;1;;1
SSR_P;2014;430007450;690030069;NCINF;10;2;11
SSR_P;2014;440000016;440000057;M1040;;1;0.2
SSR_P;2014;440000016;440000057;M1180;;1;0.8
SSR_P;2014;440000016;440000057;M1320;;1;0.6
SSR_P;2014;440000016;440000057;N241P;1;3;2.08
SSR_P;2014;440000016;440000057;N2430;;1;0.5
SSR_P;2014;440000016;440000057;N2450;;1;0.2
SSR_P;2014;440000016;440000057;N2460;;2;1
SSR_P;2014;440000016;440000057;N2500;7;9;14
SSR_P;2014;440000016;440000057;N2710;;1;0.1
SSR_P;2014;440000016;440000057;N3120;;1;0.4
SSR_P;2014;440000016;440000057;NAUT;;2;0.9
SSR_P;2014;440000016;440000057;NCINF;5;6;10.4
SSR_P;2014;440000024;440000065;M1180;3;1;3.8
SSR_P;2014;440000024;440000065;MAUT;;1;0.8
SSR_P;2014;440000024;440000065;N241P;7;5;9.1
SSR_P;2014;440000024;440000065;N2430;2;4;3.73
SSR_P;2014;440000024;440000065;N2450;1;;1
SSR_P;2014;440000024;440000065;N2460;3;5;6.05
SSR_P;2014;440000024;440000065;N2500;28;14;36.88
SSR_P;2014;440000024;440000065;N2710;;3;1.12
SSR_P;2014;440000024;440000065;N3120;;1;0.91
SSR_P;2014;440000024;440000065;NAUT;28;16;38.51
SSR_P;2014;440000024;440000065;NCINF;14;8;19.8
SSR_P;2014;440000255;440042844;M1040;2;1;2.79
SSR_P;2014;440000255;440042844;M1150;;1;0.23
SSR_P;2014;440000255;440042844;M1180;1;;1
SSR_P;2014;440000255;440042844;MAUT;1;4;1.85
SSR_P;2014;440000255;440042844;N241P;8;4;10.88
SSR_P;2014;440000255;440042844;N2450;;2;0.9
SSR_P;2014;440000255;440042844;N2460;1;2;2.88
SSR_P;2014;440000255;440042844;N2500;8;26;19.83
SSR_P;2014;440000255;440042844;N2710;;1;0.78
SSR_P;2014;440000255;440042844;N3120;;1;0.5
SSR_P;2014;440000255;440042844;NAUT;;5;1.63
SSR_P;2014;440000255;440042844;NCINF;7;23;23.69
SSR_P;2014;440000396;440000297;M1010;1;;0.62
SSR_P;2014;440000396;440000297;M1320;1;;0.07
SSR_P;2014;440000396;440000297;N241P;1;1;1.54
SSR_P;2014;440000396;440000297;N2460;1;;0.4
SSR_P;2014;440000396;440000297;N2500;8;4;11.87
SSR_P;2014;440000396;440000297;NAUT;;3;2.18
SSR_P;2014;440000396;440000297;NCINF;5;3;8.73
SSR_P;2014;440000412;440000941;M1010;;2;0.43
SSR_P;2014;440000412;440000941;M1040;;1;0.1
SSR_P;2014;440000412;440000941;M1070;;1;0.1
SSR_P;2014;440000412;440000941;M1120;;1;0.1
SSR_P;2014;440000412;440000941;M1150;;1;0.1
SSR_P;2014;440000412;440000941;M1190;;1;0.1
SSR_P;2014;440000412;440000941;M1320;;2;1.2
SSR_P;2014;440000412;440000941;N241P;;3;2
SSR_P;2014;440000412;440000941;N2430;;1;0.2
SSR_P;2014;440000412;440000941;N2450;;1;0.5
SSR_P;2014;440000412;440000941;N2460;;1;0.3
SSR_P;2014;440000412;440000941;N2500;16;2;17
SSR_P;2014;440000412;440000941;N2710;;1;0.5
SSR_P;2014;440000412;440000941;N3120;;1;0.5
SSR_P;2014;440000412;440000941;NAUT;;1;0.25
SSR_P;2014;440000412;440000941;NCINF;10;1;10.5
SSR_P;2014;440000453;440000289;M1010;5;0;3.2
SSR_P;2014;440000453;440000289;N241P;1;1;1.5
SSR_P;2014;440000453;440000289;N2450;0;1;0.2
SSR_P;2014;440000453;440000289;N2460;0;1;0.5
SSR_P;2014;440000453;440000289;N2470;0;1;0.5
SSR_P;2014;440000453;440000289;N2500;19;18;33.74
SSR_P;2014;440000453;440000289;N3120;0;3;0.9
SSR_P;2014;440000453;440000289;NAUT;4;1;4.5
SSR_P;2014;440000453;440000289;NCINF;18;5;20.9
SSR_P;2014;440000503;440000313;M1010;2;1;2.6
SSR_P;2014;440000503;440000313;M1040;1;;0.5
SSR_P;2014;440000503;440000313;M1180;;1;0.6
SSR_P;2014;440000503;440000313;M1320;1;;1
SSR_P;2014;440000503;440000313;N241P;3;2;4.34
SSR_P;2014;440000503;440000313;N2460;2;1;2.42
SSR_P;2014;440000503;440000313;N2500;16;14;26.82
SSR_P;2014;440000503;440000313;N310H;1;;1.09
SSR_P;2014;440000503;440000313;NAUT;10;10;14.53
SSR_P;2014;440000503;440000313;NCINF;15;10;20.44
SSR_P;2014;440000552;440042141;M1180;;4;2.81
SSR_P;2014;440000552;440042141;N241P;;3;2.83
SSR_P;2014;440000552;440042141;N2500;14;15;27.69
SSR_P;2014;440000552;440042141;N3120;;2;0.8
SSR_P;2014;440000552;440042141;NAUT;3;7;10.34
SSR_P;2014;440000552;440042141;NCINF;7;3;11.25
SSR_P;2014;440000560;850009010;M1010;;5;3.45
SSR_P;2014;440000560;850009010;M1040;1;2;1.48
SSR_P;2014;440000560;850009010;N241P;5;1;5.65
SSR_P;2014;440000560;850009010;N2450;1;1;0.73
SSR_P;2014;440000560;850009010;N2460;2;;1.25
SSR_P;2014;440000560;850009010;N2500;24;31;49.49
SSR_P;2014;440000560;850009010;N2710;;1;0.1
SSR_P;2014;440000560;850009010;N310H;;1;0.48
SSR_P;2014;440000560;850009010;N3120;1;1;1.6
SSR_P;2014;440000560;850009010;NAUT;13;15;24.26
SSR_P;2014;440000560;850009010;NCINF;25;15;36.45
SSR_P;2014;440000644;440000347;M1010;;4;1.4
SSR_P;2014;440000644;440000347;M1320;;1;0.4
SSR_P;2014;440000644;440000347;MAUT;;1;0.17
SSR_P;2014;440000644;440000347;N241P;;2;1.26
SSR_P;2014;440000644;440000347;N2430;;1;0.1
SSR_P;2014;440000644;440000347;N2450;;1;0.2
SSR_P;2014;440000644;440000347;N2460;;1;0.5
SSR_P;2014;440000644;440000347;N2500;13;9;20.6
SSR_P;2014;440000644;440000347;N2710;;2;0.64
SSR_P;2014;440000644;440000347;N3120;;1;0.8
SSR_P;2014;440000644;440000347;NAUT;9;9;14.27
SSR_P;2014;440000644;440000347;NCINF;6;6;9.8
SSR_P;2014;440000677;440000313;M1010;;0;0.29
SSR_P;2014;440000677;440000313;M1320;;1;0.58
SSR_P;2014;440000677;440000313;N241P;;;0.18
SSR_P;2014;440000677;440000313;N2450;;1;0.2
SSR_P;2014;440000677;440000313;N2460;;1;0.25
SSR_P;2014;440000677;440000313;N2500;10;7;13.05
SSR_P;2014;440000677;440000313;N2710;;1;0.2
SSR_P;2014;440000677;440000313;NAUT;3;;5.24
SSR_P;2014;440000677;440000313;NCINF;4;6;8.55
SSR_P;2014;440000693;440041895;M1010;;2;1.3
SSR_P;2014;440000693;440041895;N241P;1;;1
SSR_P;2014;440000693;440041895;N2500;11;8;15.12
SSR_P;2014;440000693;440041895;N3120;;1;0.5
SSR_P;2014;440000693;440041895;NAUT;9;7;14.55
SSR_P;2014;440000693;440041895;NCINF;9;4;10.64
SSR_P;2014;440000701;440001220;M1010;1;2;2.38
SSR_P;2014;440000701;440001220;M1320;;1;0.5
SSR_P;2014;440000701;440001220;MAUT;;1;0.55
SSR_P;2014;440000701;440001220;N2500;20;0;22
SSR_P;2014;440000701;440001220;N3120;;1;0.55
SSR_P;2014;440000701;440001220;NAUT;4;10;11.6
SSR_P;2014;440000701;440001220;NCINF;15;0;16.3
SSR_P;2014;440000719;440018729;M1010;1;3;2.4
SSR_P;2014;440000719;440018729;N2460;1;3;3
SSR_P;2014;440000719;440018729;N2470;;2;1.3
SSR_P;2014;440000719;440018729;N2500;1;2;2.45
SSR_P;2014;440000719;440018729;N2710;;5;3.2
SSR_P;2014;440000719;440018729;N310H;1;0;1
SSR_P;2014;440000719;440018729;N3120;1;1;1.5
SSR_P;2014;440000719;440018729;NAUT;4;1;4.9
SSR_P;2014;440000719;440018729;NCINF;2;11;9.75
SSR_P;2014;440000883;440042141;M1010;;3;1.6
SSR_P;2014;440000883;440042141;N241P;;3;1.13
SSR_P;2014;440000883;440042141;N2450;;1;0.5
SSR_P;2014;440000883;440042141;N2460;;1;0.5
SSR_P;2014;440000883;440042141;N2500;7;13;17.02
SSR_P;2014;440000883;440042141;N2710;;2;0.23
SSR_P;2014;440000883;440042141;N3120;;1;0.5
SSR_P;2014;440000883;440042141;NAUT;3;3;6.67
SSR_P;2014;440000883;440042141;NCINF;;12;10.06
SSR_P;2014;440001188;440018661;M1180;4;9;8.51
SSR_P;2014;440001188;440018661;MAUT;;4;1.19
SSR_P;2014;440001188;440018661;N241P;10;14;19.15
SSR_P;2014;440001188;440018661;N2430;6;;3.81
SSR_P;2014;440001188;440018661;N2450;1;;0.96
SSR_P;2014;440001188;440018661;N2460;6;6;10.62
SSR_P;2014;440001188;440018661;N2500;45;22;60.3
SSR_P;2014;440001188;440018661;N2710;1;5;4.12
SSR_P;2014;440001188;440018661;N310H;5;1;4.59
SSR_P;2014;440001188;440018661;N3120;1;1;1.69
SSR_P;2014;440001188;440018661;NAUT;49;39;73.56
SSR_P;2014;440001188;440018661;NCINF;23;18;35.49
SSR_P;2014;440001253;440028538;M1010;1;;0.9
SSR_P;2014;440001253;440028538;M1320;;1;0.6
SSR_P;2014;440001253;440028538;N241P;1;2;1.75
SSR_P;2014;440001253;440028538;N2460;1;;0.5
SSR_P;2014;440001253;440028538;N2500;12;9;16.76
SSR_P;2014;440001253;440028538;N2710;1;;0.25
SSR_P;2014;440001253;440028538;N3120;;1;0.45
SSR_P;2014;440001253;440028538;NAUT;4;2;4.33
SSR_P;2014;440001253;440028538;NCINF;7;4;9.37
SSR_P;2014;440001261;440028538;M1010;2;;0.8
SSR_P;2014;440001261;440028538;N241P;2;;1.8
SSR_P;2014;440001261;440028538;N2460;1;;0.5
SSR_P;2014;440001261;440028538;N2500;10;5;15.5
SSR_P;2014;440001261;440028538;N2710;1;;0.25
SSR_P;2014;440001261;440028538;NAUT;3;1;3.73
SSR_P;2014;440001261;440028538;NCINF;7;2;9.59
SSR_P;2014;440001279;440041531;M1010;1;;1
SSR_P;2014;440001279;440041531;N241P;;;0.26
SSR_P;2014;440001279;440041531;N2460;1;;0.5
SSR_P;2014;440001279;440041531;N2500;11;1;10.47
SSR_P;2014;440001279;440041531;NAUT;2;;2.4
SSR_P;2014;440001279;440041531;NCINF;6;;6.54
SSR_P;2014;440001287;440041531;M1010;;2;0.9
SSR_P;2014;440001287;440041531;N241P;2;;2.12
SSR_P;2014;440001287;440041531;N2460;;;0.5
SSR_P;2014;440001287;440041531;N2500;9;1;10.32
SSR_P;2014;440001287;440041531;NAUT;1;;1.16
SSR_P;2014;440001287;440041531;NCINF;6;4;8.5
SSR_P;2014;440001295;440000859;M1010;;9;1.13
SSR_P;2014;440001295;440000859;M1180;;1;0.2
SSR_P;2014;440001295;440000859;N241P;2;;1.26
SSR_P;2014;440001295;440000859;N2430;;1;0.11
SSR_P;2014;440001295;440000859;N2460;;1;0.76
SSR_P;2014;440001295;440000859;N2500;10;1;7.6
SSR_P;2014;440001295;440000859;N2710;;1;0.47
SSR_P;2014;440001295;440000859;N310H;;;0.43
SSR_P;2014;440001295;440000859;N3120;;1;0.6
SSR_P;2014;440001295;440000859;NAUT;2;;2.09
SSR_P;2014;440001295;440000859;NCINF;5;1;5.71
SSR_P;2014;440001964;440003267;M1010;;2;1.05
SSR_P;2014;440001964;440003267;MAUT;;2;0.58
SSR_P;2014;440001964;440003267;N241P;2;1;1.9
SSR_P;2014;440001964;440003267;N2450;;1;0.2
SSR_P;2014;440001964;440003267;N2460;;1;0.7
SSR_P;2014;440001964;440003267;N2500;12;11;18.19
SSR_P;2014;440001964;440003267;N2710;;1;0.5
SSR_P;2014;440001964;440003267;N3120;;1;0.4
SSR_P;2014;440001964;440003267;NAUT;17;12;11.81
SSR_P;2014;440001964;440003267;NCINF;13;8;12.98
SSR_P;2014;440002459;440001501;M1320;1;3;3.3
SSR_P;2014;440002459;440001501;M3020;;1;0.1
SSR_P;2014;440002459;440001501;MAUT;;2;0.6
SSR_P;2014;440002459;440001501;N241P;2;1;3
SSR_P;2014;440002459;440001501;N2450;;1;0.33
SSR_P;2014;440002459;440001501;N2460;;1;0.8
SSR_P;2014;440002459;440001501;N2500;17;12;24.29
SSR_P;2014;440002459;440001501;N2710;;1;0.35
SSR_P;2014;440002459;440001501;N310H;1;;1
SSR_P;2014;440002459;440001501;N3120;1;;1
SSR_P;2014;440002459;440001501;NAUT;16;19;32.9
SSR_P;2014;440002459;440001501;NCINF;8;12;17.11
SSR_P;2014;440003291;440000289;M1010;;1;0.47
SSR_P;2014;440003291;440000289;M1040;;1;0.1
SSR_P;2014;440003291;440000289;M1150;1;;0.4
SSR_P;2014;440003291;440000289;M1180;11;2;10.38
SSR_P;2014;440003291;440000289;MAUT;2;2;0.51
SSR_P;2014;440003291;440000289;N241P;28;10;32.31
SSR_P;2014;440003291;440000289;N2430;3;3;2.93
SSR_P;2014;440003291;440000289;N2450;0;1;0.24
SSR_P;2014;440003291;440000289;N2460;11;5;12.64
SSR_P;2014;440003291;440000289;N2500;124;50;158.88
SSR_P;2014;440003291;440000289;N2710;1;5;2.57
SSR_P;2014;440003291;440000289;N310H;4;0;4
SSR_P;2014;440003291;440000289;N3120;3;1;3.3
SSR_P;2014;440003291;440000289;NAUT;16;5;16.98
SSR_P;2014;440003291;440000289;NCINF;76;15;82.08
SSR_P;2014;440024669;440042844;M1010;3;1;3.09
SSR_P;2014;440024669;440042844;N241P;1;3;3.62
SSR_P;2014;440024669;440042844;N2450;0;4;2.62
SSR_P;2014;440024669;440042844;N2460;0;1;0.2
SSR_P;2014;440024669;440042844;N2500;33;5;34.55
SSR_P;2014;440024669;440042844;N2710;0;1;0.45
SSR_P;2014;440024669;440042844;N3120;0;2;0.96
SSR_P;2014;440024669;440042844;NAUT;3;1;2.75
SSR_P;2014;440024669;440042844;NCINF;7;21;22.61
SSR_P;2014;440043123;440043115;M1140;1;3;3.15
SSR_P;2014;440043123;440043115;M1180;;1;1.43
SSR_P;2014;440043123;440043115;N241P;5;6;9.86
SSR_P;2014;440043123;440043115;N2430;1;1;1.49
SSR_P;2014;440043123;440043115;N2450;0;2;0.75
SSR_P;2014;440043123;440043115;N2460;1;3;3.02
SSR_P;2014;440043123;440043115;N2470;1;1;1.7
SSR_P;2014;440043123;440043115;N2500;18;10;28.94
SSR_P;2014;440043123;440043115;N2710;3;0;1.53
SSR_P;2014;440043123;440043115;N310H;5;4;7.14
SSR_P;2014;440043123;440043115;N3120;1;1;1.57
SSR_P;2014;440043123;440043115;NAUT;26;13;33.49
SSR_P;2014;440043123;440043115;NCINF;17;6;24.2
SSR_P;2014;440044451;750721334;M1010;0;4;2.8
SSR_P;2014;440044451;750721334;MAUT;0;1;0.3
SSR_P;2014;440044451;750721334;N241P;0;4;3.2
SSR_P;2014;440044451;750721334;N2430;0;1;0.2
SSR_P;2014;440044451;750721334;N2460;0;1;0.4
SSR_P;2014;440044451;750721334;N2500;10;31;30.41
SSR_P;2014;440044451;750721334;N3120;0;1;0.7
SSR_P;2014;440044451;750721334;NAUT;0;1;1
SSR_P;2014;440044451;750721334;NCINF;7;17;18.11
SSR_P;2014;440046944;750721334;M1010;;2;1.2
SSR_P;2014;440046944;750721334;N241P;1;;1
SSR_P;2014;440046944;750721334;N2460;0;1;0.2
SSR_P;2014;440046944;750721334;N2500;4;14;11.55
SSR_P;2014;440046944;750721334;N3120;;1;0.25
SSR_P;2014;440046944;750721334;NAUT;;1;0.25
SSR_P;2014;440046944;750721334;NCINF;2;10;5.43
SSR_P;2014;440048239;440041895;M1010;;2;1.2
SSR_P;2014;440048239;440041895;N2500;13;12;20.89
SSR_P;2014;440048239;440041895;NAUT;4;1;4.29
SSR_P;2014;440048239;440041895;NCINF;6;5;8.92
SSR_P;2014;440048676;750721334;M1180;2;0;2
SSR_P;2014;440048676;750721334;N241P;3;3;5
SSR_P;2014;440048676;750721334;N2430;0;1;0.3
SSR_P;2014;440048676;750721334;N2450;0;1;0.1
SSR_P;2014;440048676;750721334;N2460;0;2;1.1
SSR_P;2014;440048676;750721334;N2500;5;8;8.46
SSR_P;2014;440048676;750721334;N3120;0;1;0.25
SSR_P;2014;440048676;750721334;NAUT;0;1;0.25
SSR_P;2014;440048676;750721334;NCINF;2;10;5.33
SSR_P;2014;440050433;440041895;M1010;1;4;4.04
SSR_P;2014;440050433;440041895;N241P;0;5;3.08
SSR_P;2014;440050433;440041895;N2500;25;10;28.29
SSR_P;2014;440050433;440041895;N3120;1;;0.7
SSR_P;2014;440050433;440041895;NAUT;15;5;19.06
SSR_P;2014;440050433;440041895;NCINF;19;13;22.58
SSR_P;2014;440050458;440000289;M1010;2;;0.87
SSR_P;2014;440050458;440000289;N2460;0;1;0.5
SSR_P;2014;440050458;440000289;N2500;6;1;6.67
SSR_P;2014;440050458;440000289;N2710;0;1;0.51
SSR_P;2014;440050458;440000289;N3120;0;1;0.25
SSR_P;2014;440050458;440000289;NAUT;0;2;0.85
SSR_P;2014;440050458;440000289;NCINF;2;2;3.33
SSR_P;2014;440050466;440000289;M1010;1;;0.45
SSR_P;2014;440050466;440000289;N2500;11;7;13.07
SSR_P;2014;440050466;440000289;N3120;0;1;0.3
SSR_P;2014;440050466;440000289;NAUT;0;2;1.05
SSR_P;2014;440050466;440000289;NCINF;9;3;9.78
SSR_P;2014;450000047;450000096;M1010;;1;0.8
SSR_P;2014;450000047;450000096;M1320;1;;0.5
SSR_P;2014;450000047;450000096;N241P;1;;1
SSR_P;2014;450000047;450000096;N2500;10;1;10.14
SSR_P;2014;450000047;450000096;N2710;;1;0.2
SSR_P;2014;450000047;450000096;NAUT;6;2;8
SSR_P;2014;450000047;450000096;NCINF;7;6;8.3
SSR_P;2014;450000062;450000104;M1320;3;;2.8
SSR_P;2014;450000062;450000104;N241P;;2;1.7
SSR_P;2014;450000062;450000104;N2450;;1;1
SSR_P;2014;450000062;450000104;N2460;;1;0.1
SSR_P;2014;450000062;450000104;N2500;20;2;21.45
SSR_P;2014;450000062;450000104;N310H;;1;0.16
SSR_P;2014;450000062;450000104;NAUT;10;3;10.86
SSR_P;2014;450000062;450000104;NCINF;8;2;9.46
SSR_P;2014;450000070;450000112;M1320;3;;2.2
SSR_P;2014;450000070;450000112;N2430;0;1;0.1
SSR_P;2014;450000070;450000112;N2450;;1;0.2
SSR_P;2014;450000070;450000112;N2500;13;5;15.5
SSR_P;2014;450000070;450000112;N2710;;1;0.06
SSR_P;2014;450000070;450000112;N3120;1;;0.86
SSR_P;2014;450000070;450000112;NAUT;4;1;3.42
SSR_P;2014;450000070;450000112;NCINF;7;4;9.23
SSR_P;2014;450000120;450000138;M1010;;1;0.32
SSR_P;2014;450000120;450000138;MAUT;;1;0.02
SSR_P;2014;450000120;450000138;N241P;;2;0.44
SSR_P;2014;450000120;450000138;N2460;;1;0.6
SSR_P;2014;450000120;450000138;N2500;13;;6.06
SSR_P;2014;450000120;450000138;N2710;;2;0.15
SSR_P;2014;450000120;450000138;NAUT;5;2;2.62
SSR_P;2014;450000120;450000138;NCINF;8;;3.84
SSR_P;2014;450000187;450000146;M1320;0;2;0.5
SSR_P;2014;450000187;450000146;N241P;;3;1.47
SSR_P;2014;450000187;450000146;N2450;;1;0.1
SSR_P;2014;450000187;450000146;N2500;;10;6
SSR_P;2014;450000187;450000146;N2710;;1;0.2
SSR_P;2014;450000187;450000146;NAUT;;26;2.84
SSR_P;2014;450000187;450000146;NCINF;;8;5
SSR_P;2014;450000211;450000153;M1010;;1;0.5
SSR_P;2014;450000211;450000153;M1320;1;;1
SSR_P;2014;450000211;450000153;N2450;;1;0.6
SSR_P;2014;450000211;450000153;N2500;7;1;7.7
SSR_P;2014;450000211;450000153;N2710;;1;0.2
SSR_P;2014;450000211;450000153;N3120;;1;0.3
SSR_P;2014;450000211;450000153;NAUT;3;1;3.53
SSR_P;2014;450000211;450000153;NCINF;8;;7.1
SSR_P;2014;450000260;450000161;M1010;;2;0.8
SSR_P;2014;450000260;450000161;N241P;;2;0.5
SSR_P;2014;450000260;450000161;N2460;;1;0.5
SSR_P;2014;450000260;450000161;N2500;;6;5.8
SSR_P;2014;450000260;450000161;NCINF;1;;1
SSR_P;2014;450000286;750052417;M1010;4;1;4.23
SSR_P;2014;450000286;750052417;M1180;1;;1
SSR_P;2014;450000286;750052417;N241P;9;;9
SSR_P;2014;450000286;750052417;N2430;;1;0.5
SSR_P;2014;450000286;750052417;N2450;;2;0.66
SSR_P;2014;450000286;750052417;N2460;1;;1
SSR_P;2014;450000286;750052417;N2500;22;1;22.47
SSR_P;2014;450000286;750052417;N2710;;1;0.4
SSR_P;2014;450000286;750052417;N3120;;1;0.5
SSR_P;2014;450000286;750052417;NAUT;1;;1
SSR_P;2014;450000286;750052417;NCINF;14;4;16.57
SSR_P;2014;450000294;450000591;M1040;7;2;8
SSR_P;2014;450000294;450000591;M1070;1;;1
SSR_P;2014;450000294;450000591;N241P;4;;3.5
SSR_P;2014;450000294;450000591;N2450;;2;0.91
SSR_P;2014;450000294;450000591;N2500;3;1;2.9
SSR_P;2014;450000294;450000591;N2710;;1;0.35
SSR_P;2014;450000294;450000591;N3120;;1;0.21
SSR_P;2014;450000294;450000591;NCINF;11;1;8.47
SSR_P;2014;450000336;450000179;M1320;1;;0.56
SSR_P;2014;450000336;450000179;N241P;2;;0.75
SSR_P;2014;450000336;450000179;N2450;1;;0.25
SSR_P;2014;450000336;450000179;N2460;2;;0.3
SSR_P;2014;450000336;450000179;N2470;1;;0.5
SSR_P;2014;450000336;450000179;N2500;10;;9.25
SSR_P;2014;450000336;450000179;N2710;1;;0.3
SSR_P;2014;450000336;450000179;N310H;1;;1
SSR_P;2014;450000336;450000179;N3120;1;;0.23
SSR_P;2014;450000336;450000179;NCINF;6;;5.8
SSR_P;2014;450000526;930019484;M1180;4;2;5
SSR_P;2014;450000526;930019484;N241P;14;1;12.47
SSR_P;2014;450000526;930019484;N2430;1;1;0.93
SSR_P;2014;450000526;930019484;N2450;0;1;0.72
SSR_P;2014;450000526;930019484;N2460;6;0;6.5
SSR_P;2014;450000526;930019484;N2470;1;2;2
SSR_P;2014;450000526;930019484;N2500;43;1;42.74
SSR_P;2014;450000526;930019484;N2710;3;0;3
SSR_P;2014;450000526;930019484;N310H;1;0;1
SSR_P;2014;450000526;930019484;N3120;2;0;2
SSR_P;2014;450000526;930019484;NAUT;2;0;1.42
SSR_P;2014;450000526;930019484;NCINF;27;1;29.96
SSR_P;2014;450002456;450018106;M1180;3;0;3.3
SSR_P;2014;450002456;450018106;MAUT;1;;0.71
SSR_P;2014;450002613;450000088;M1150;2;;0.1
SSR_P;2014;450002613;450000088;M1180;5;2;6
SSR_P;2014;450002613;450000088;N241P;6;1;5.36
SSR_P;2014;450002613;450000088;N2430;2;;1.24
SSR_P;2014;450002613;450000088;N2450;3;;1.3
SSR_P;2014;450002613;450000088;N2460;2;;2
SSR_P;2014;450002613;450000088;N2470;;1;0.5
SSR_P;2014;450002613;450000088;N2500;40;10;46.92
SSR_P;2014;450002613;450000088;N2710;;3;1.2
SSR_P;2014;450002613;450000088;N3120;2;1;1.5
SSR_P;2014;450002613;450000088;NAUT;8;6;13.28
SSR_P;2014;450002613;450000088;NCINF;24;8;28.43
SSR_P;2014;450012968;450001474;M1010;;2;1
SSR_P;2014;450012968;450001474;N241P;4;;4
SSR_P;2014;450012968;450001474;N2450;;1;0.2
SSR_P;2014;450012968;450001474;N2500;4;;4
SSR_P;2014;450012968;450001474;NCINF;3;;3
SSR_P;2014;450013081;450001490;M1010;1;3;2.3
SSR_P;2014;450013081;450001490;N241P;;5;3
SSR_P;2014;450013081;450001490;N2500;7;5;12.03
SSR_P;2014;450013081;450001490;N3120;;1;0.21
SSR_P;2014;450013081;450001490;NCINF;8;4;11.41
SSR_P;2014;450014956;450000849;M1010;;5;1.87
SSR_P;2014;450014956;450000849;MAUT;;1;0.5
SSR_P;2014;450014956;450000849;N241P;;4;1.93
SSR_P;2014;450014956;450000849;N2430;;1;0.1
SSR_P;2014;450014956;450000849;N2450;;1;0.45
SSR_P;2014;450014956;450000849;N2460;;1;0.31
SSR_P;2014;450014956;450000849;N2500;11;4;14.56
SSR_P;2014;450014956;450000849;N2710;;1;0.8
SSR_P;2014;450014956;450000849;N3120;1;;1
SSR_P;2014;450014956;450000849;NAUT;14;14;21.1
SSR_P;2014;450014956;450000849;NCINF;9;7;13.39
SSR_P;2014;450015144;450015136;M1010;;3;0.76
SSR_P;2014;450015144;450015136;MAUT;;1;0.5
SSR_P;2014;450015144;450015136;N2450;;1;0.34
SSR_P;2014;450015144;450015136;N2500;9;1;9.4
SSR_P;2014;450015144;450015136;N2710;;1;0.08
SSR_P;2014;450015144;450015136;N310H;1;;1
SSR_P;2014;450015144;450015136;N3120;;1;0.2
SSR_P;2014;450015144;450015136;NAUT;11;8;16.64
SSR_P;2014;450015144;450015136;NCINF;7;1;7.4
SSR_P;2014;460000052;460780091;M1010;1;;1.08
SSR_P;2014;460000052;460780091;N241P;1;;1.07
SSR_P;2014;460000052;460780091;N2500;12;2;12.74
SSR_P;2014;460000052;460780091;N3120;1;;0.25
SSR_P;2014;460000052;460780091;NAUT;4;1;4.85
SSR_P;2014;460000052;460780091;NCINF;7;2;8.43
SSR_P;2014;460000060;460780117;M1040;3;;3
SSR_P;2014;460000060;460780117;M1150;1;;1
SSR_P;2014;460000060;460780117;M1180;2;1;2.8
SSR_P;2014;460000060;460780117;M1190;1;;1
SSR_P;2014;460000060;460780117;M1320;;1;0.7
SSR_P;2014;460000060;460780117;N241P;18;;17.5
SSR_P;2014;460000060;460780117;N2430;2;;2
SSR_P;2014;460000060;460780117;N2450;1;1;1
SSR_P;2014;460000060;460780117;N2460;8;1;8.1
SSR_P;2014;460000060;460780117;N2500;30;7;35.85
SSR_P;2014;460000060;460780117;N2710;1;;1
SSR_P;2014;460000060;460780117;N3120;;2;1
SSR_P;2014;460000060;460780117;NAUT;6;;6
SSR_P;2014;460000060;460780117;NCINF;33;11;40
SSR_P;2014;460000102;460780208;M1010;;1;0.91
SSR_P;2014;460000102;460780208;M1320;;1;0.45
SSR_P;2014;460000102;460780208;MAUT;;6;0.25
SSR_P;2014;460000102;460780208;N241P;;3;2.24
SSR_P;2014;460000102;460780208;N2450;;1;0.34
SSR_P;2014;460000102;460780208;N2500;6;20;19.68
SSR_P;2014;460000102;460780208;N2710;;1;1.05
SSR_P;2014;460000102;460780208;N3120;;1;0.6
SSR_P;2014;460000102;460780208;NAUT;4;34;13.5
SSR_P;2014;460000102;460780208;NCINF;11;16;20.55
SSR_P;2014;460000110;460780216;M1190;1;1;1.33
SSR_P;2014;460000110;460780216;N241P;2;1;2.6
SSR_P;2014;460000110;460780216;N2460;0;0;0.5
SSR_P;2014;460000110;460780216;N2500;4;0;4
SSR_P;2014;460000110;460780216;NAUT;3;0;3
SSR_P;2014;460000110;460780216;NCINF;1;1;2.1
SSR_P;2014;460006083;460785090;M1010;1;2;1.37
SSR_P;2014;460006083;460785090;N2450;;;0.77
SSR_P;2014;460006083;460785090;N2500;11;3;12.71
SSR_P;2014;460006083;460785090;N3120;;1;0.4
SSR_P;2014;460006083;460785090;NAUT;13;3;14.59
SSR_P;2014;460006083;460785090;NCINF;12;2;12.09
SSR_P;2014;460006109;460780083;M1150;;1;0.2
SSR_P;2014;460006109;460780083;M1320;1;1;1.5
SSR_P;2014;460006109;460780083;MAUT;4;;1.4
SSR_P;2014;460006109;460780083;N241P;;7;1.5
SSR_P;2014;460006109;460780083;N2450;;1;0.2
SSR_P;2014;460006109;460780083;N2500;7;5;9.8
SSR_P;2014;460006109;460780083;N2710;;1;0.4
SSR_P;2014;460006109;460780083;N3120;1;;1
SSR_P;2014;460006109;460780083;NCINF;8;1;8.5
SSR_P;2014;460780042;460000029;M1010;;2;0.87
SSR_P;2014;460780042;460000029;M1320;;1;0.4
SSR_P;2014;460780042;460000029;N2500;8;6;11.76
SSR_P;2014;460780042;460000029;N3120;;1;0.8
SSR_P;2014;460780042;460000029;NAUT;11;3;13.03
SSR_P;2014;460780042;460000029;NCINF;10;1;10.74
SSR_P;2014;460780133;460000086;M1010;;1;0.17
SSR_P;2014;460780133;460000086;M1320;;1;0.4
SSR_P;2014;460780133;460000086;N241P;;4;1.45
SSR_P;2014;460780133;460000086;N2500;7;7;12.5
SSR_P;2014;460780133;460000086;N2710;;1;0.16
SSR_P;2014;460780133;460000086;N310H;;1;0.2
SSR_P;2014;460780133;460000086;N3120;;1;0.2
SSR_P;2014;460780133;460000086;NAUT;;1;0.2
SSR_P;2014;460780133;460000086;NCINF;8;1;5.14
SSR_P;2014;460785900;460002207;M1010;;4;1.1
SSR_P;2014;460785900;460002207;M3020;;3;1
SSR_P;2014;460785900;460002207;MAUT;;4;0.2
SSR_P;2014;460785900;460002207;N2500;4;2;5.29
SSR_P;2014;460785900;460002207;N2710;;2;1.13
SSR_P;2014;460785900;460002207;N310H;;1;0.1
SSR_P;2014;460785900;460002207;N3120;;1;0.2
SSR_P;2014;460785900;460002207;NAUT;;7;6.5
SSR_P;2014;460785900;460002207;NCINF;4;5;6.39
SSR_P;2014;470000027;470014069;MAUT;;1;0.8
SSR_P;2014;470000027;470014069;N2500;9;1;10.96
SSR_P;2014;470000027;470014069;N2710;;1;0.1
SSR_P;2014;470000027;470014069;N3120;;1;0.1
SSR_P;2014;470000027;470014069;NCINF;7;2;6.94
SSR_P;2014;470000175;750826604;M1010;1;1;1.5
SSR_P;2014;470000175;750826604;N241P;2;0;2
SSR_P;2014;470000175;750826604;N2450;0;1;0.23
SSR_P;2014;470000175;750826604;N2460;1;0;1
SSR_P;2014;470000175;750826604;N2500;5;5;7.04
SSR_P;2014;470000175;750826604;N2710;0;1;0.17
SSR_P;2014;470000175;750826604;N310H;0;0;0.57
SSR_P;2014;470000175;750826604;N3120;0;1;0.8
SSR_P;2014;470000175;750826604;NAUT;14;6;17.35
SSR_P;2014;470000175;750826604;NCINF;6;4;8.27
SSR_P;2014;470000308;930019484;M1010;;1;0.4
SSR_P;2014;470000308;930019484;M1180;1;1;1.75
SSR_P;2014;470000308;930019484;N241P;6;2;7
SSR_P;2014;470000308;930019484;N2430;;1;0.5
SSR_P;2014;470000308;930019484;N2460;3;;3
SSR_P;2014;470000308;930019484;N2500;9;3;11.26
SSR_P;2014;470000308;930019484;N2710;;1;0.5
SSR_P;2014;470000308;930019484;N3120;;1;0.5
SSR_P;2014;470000308;930019484;NAUT;2;2;2
SSR_P;2014;470000308;930019484;NCINF;6;1;6.87
SSR_P;2014;470000423;470000316;M1040;1;0;0.5
SSR_P;2014;470000423;470000316;M1180;1;0;0.1
SSR_P;2014;470000423;470000316;M1190;2;0;0.45
SSR_P;2014;470000423;470000316;N241P;1;1;1.7
SSR_P;2014;470000423;470000316;N2450;1;0;0.5
SSR_P;2014;470000423;470000316;N2500;8;3;3.55
SSR_P;2014;470000423;470000316;NAUT;1;0;0.3
SSR_P;2014;470000423;470000316;NCINF;10;1;3.3
SSR_P;2014;470000431;470000324;M1180;1;2;1.98
SSR_P;2014;470000431;470000324;N241P;4;1;4.54
SSR_P;2014;470000431;470000324;N2450;1;;0.26
SSR_P;2014;470000431;470000324;N2500;20;3;21.74
SSR_P;2014;470000431;470000324;N3120;1;;0.25
SSR_P;2014;470000431;470000324;NAUT;6;2;7.07
SSR_P;2014;470000431;470000324;NCINF;10;4;13.07
SSR_P;2014;470000522;470000340;M1010;1;;1
SSR_P;2014;470000522;470000340;N241P;;2;0.8
SSR_P;2014;470000522;470000340;N2460;1;;0.8
SSR_P;2014;470000522;470000340;N2500;8;1;8.8
SSR_P;2014;470000522;470000340;NAUT;2;;2
SSR_P;2014;470000522;470000340;NCINF;4;;4
SSR_P;2014;470000530;470000357;M1010;1;;0.8
SSR_P;2014;470000530;470000357;N241P;1;;1
SSR_P;2014;470000530;470000357;N2500;7;;6.4
SSR_P;2014;470000530;470000357;N2710;;1;0.5
SSR_P;2014;470000530;470000357;N3120;;1;0.5
SSR_P;2014;470000530;470000357;NCINF;6;;5.8
SSR_P;2014;470000548;470000365;M1010;1;1;1
SSR_P;2014;470000548;470000365;N2450;;1;0.2
SSR_P;2014;470000548;470000365;N2500;10;;11.06
SSR_P;2014;470000548;470000365;NAUT;6;;5.46
SSR_P;2014;470000548;470000365;NCINF;7;2;7.66
SSR_P;2014;470000555;470001660;M1010;0;0;0.46
SSR_P;2014;470000555;470001660;M1320;2;0;1.83
SSR_P;2014;470000555;470001660;M3020;0;1;0.2
SSR_P;2014;470000555;470001660;MAUT;2;0;1.83
SSR_P;2014;470000555;470001660;N241P;3;0;1.24
SSR_P;2014;470000555;470001660;N2500;16;0;15.95
SSR_P;2014;470000555;470001660;N2710;1;0;0.96
SSR_P;2014;470000555;470001660;N3120;0;0;0.05
SSR_P;2014;470000555;470001660;NAUT;11;2;12.24
SSR_P;2014;470000555;470001660;NCINF;14;1;13.91
SSR_P;2014;470000563;470000381;M1010;3;;0.48
SSR_P;2014;470000563;470000381;N2500;5;2;1.48
SSR_P;2014;470000563;470000381;N2710;1;1;0.24
SSR_P;2014;470000563;470000381;N310H;1;;0.13
SSR_P;2014;470000563;470000381;N3120;1;;0.25
SSR_P;2014;470000563;470000381;NAUT;4;;0.87
SSR_P;2014;470000563;470000381;NCINF;10;;2.25
SSR_P;2014;470000571;470000407;M1010;1;2;2.08
SSR_P;2014;470000571;470000407;N241P;;1;0.7
SSR_P;2014;470000571;470000407;N2470;;;0.4
SSR_P;2014;470000571;470000407;N2500;6;;8.17
SSR_P;2014;470000571;470000407;N2710;;;0.21
SSR_P;2014;470000571;470000407;N3120;1;;1
SSR_P;2014;470000571;470000407;NAUT;;;2.75
SSR_P;2014;470000571;470000407;NCINF;7;2;4.94
SSR_P;2014;470005406;470000316;M1180;2;0;1.9
SSR_P;2014;470005406;470000316;M1320;1;0;1
SSR_P;2014;470005406;470000316;N241P;3;1;3.3
SSR_P;2014;470005406;470000316;N2460;0;0;0.33
SSR_P;2014;470005406;470000316;N2500;24;3;25.73
SSR_P;2014;470005406;470000316;N2710;1;0;0.25
SSR_P;2014;470005406;470000316;N3120;1;0;0.4
SSR_P;2014;470005406;470000316;NAUT;4;1;4.81
SSR_P;2014;470005406;470000316;NCINF;12;0;11.22
SSR_P;2014;470010364;470010356;M1010;1;2;2.3
SSR_P;2014;470010364;470010356;N241P;1;;1
SSR_P;2014;470010364;470010356;N2500;8;3;9.74
SSR_P;2014;470010364;470010356;N3120;;1;0.5
SSR_P;2014;470010364;470010356;NAUT;3;;3
SSR_P;2014;470010364;470010356;NCINF;7;2;7.93
SSR_P;2014;480000017;480780097;M1320;1;;1
SSR_P;2014;480000017;480780097;N241P;;1;0.25
SSR_P;2014;480000017;480780097;N2460;;1;0.6
SSR_P;2014;480000017;480780097;N2500;11;;11.76
SSR_P;2014;480000017;480780097;N2710;1;1;0.83
SSR_P;2014;480000017;480780097;N3120;;2;0.67
SSR_P;2014;480000017;480780097;NAUT;4;;3.89
SSR_P;2014;480000017;480780097;NCINF;10;3;10.87
SSR_P;2014;480000033;480780121;N241P;;;0.3
SSR_P;2014;480000033;480780121;N2500;3;1;3.8
SSR_P;2014;480000033;480780121;NAUT;4;1;4.45
SSR_P;2014;480000033;480780121;NCINF;1;1;1.6
SSR_P;2014;480000041;480780139;M1010;;2;0.06
SSR_P;2014;480000041;480780139;M1180;;1;0.03
SSR_P;2014;480000041;480780139;M1320;;1;0.4
SSR_P;2014;480000041;480780139;N241P;;3;0.97
SSR_P;2014;480000041;480780139;N2430;;1;0.05
SSR_P;2014;480000041;480780139;N2450;;1;0.07
SSR_P;2014;480000041;480780139;N2460;;1;0.64
SSR_P;2014;480000041;480780139;N2500;;14;8.99
SSR_P;2014;480000041;480780139;N2710;;1;0.1
SSR_P;2014;480000041;480780139;N3120;;1;0.35
SSR_P;2014;480000041;480780139;NAUT;;8;3.27
SSR_P;2014;480000041;480780139;NCINF;;10;4.4
SSR_P;2014;480000066;480780154;M1010;;8;0.83
SSR_P;2014;480000066;480780154;MAUT;;1;0.25
SSR_P;2014;480000066;480780154;N241P;1;;1
SSR_P;2014;480000066;480780154;N2450;;1;0.13
SSR_P;2014;480000066;480780154;N2460;1;;1
SSR_P;2014;480000066;480780154;N2500;7;4;11
SSR_P;2014;480000066;480780154;NAUT;5;8;7.55
SSR_P;2014;480000066;480780154;NCINF;4;3;5.3
SSR_P;2014;480000793;480782101;M1010;;2;0.51
SSR_P;2014;480000793;480782101;M1040;;2;0.12
SSR_P;2014;480000793;480782101;M1140;;1;0.08
SSR_P;2014;480000793;480782101;M1150;;2;0.33
SSR_P;2014;480000793;480782101;N241P;;2;1
SSR_P;2014;480000793;480782101;N2450;;1;0.21
SSR_P;2014;480000793;480782101;N2500;4;4;4.74
SSR_P;2014;480000793;480782101;N2710;;1;0.15
SSR_P;2014;480000793;480782101;N3120;;1;0.31
SSR_P;2014;480000793;480782101;NAUT;4;32;12
SSR_P;2014;480000793;480782101;NCINF;3;11;7.53
SSR_P;2014;480000835;480000827;M1010;;1;0.58
SSR_P;2014;480000835;480000827;M3020;;1;0.37
SSR_P;2014;480000835;480000827;N2500;1;1;1.8
SSR_P;2014;480000835;480000827;N2710;;2;1.4
SSR_P;2014;480000835;480000827;N310H;3;12;9.76
SSR_P;2014;480000835;480000827;N3120;;1;0.8
SSR_P;2014;480000835;480000827;NAUT;7;5;9.75
SSR_P;2014;480000835;480000827;NCINF;4;2;5.4
SSR_P;2014;480780212;480782168;M1010;;1;0.5
SSR_P;2014;480780212;480782168;M3020;;1;0.2
SSR_P;2014;480780212;480782168;MAUT;;1;0.14
SSR_P;2014;480780212;480782168;N2450;;1;0.08
SSR_P;2014;480780212;480782168;N2500;3;1;3.8
SSR_P;2014;480780212;480782168;N2710;1;1;1.7
SSR_P;2014;480780212;480782168;N310H;5;1;5.8
SSR_P;2014;480780212;480782168;N3120;;1;0.8
SSR_P;2014;480780212;480782168;NAUT;9;8;13.99
SSR_P;2014;480780212;480782168;NCINF;5;2;6.9
SSR_P;2014;480780287;480001635;M1180;1;;1
SSR_P;2014;480780287;480001635;N241P;;1;0.29
SSR_P;2014;480780287;480001635;N2500;6;;6
SSR_P;2014;480780287;480001635;N310H;;1;0.55
SSR_P;2014;480780287;480001635;NAUT;6;;6.63
SSR_P;2014;480780287;480001635;NCINF;6;1;6.5
SSR_P;2014;480780543;480782101;M1010;;2;0.15
SSR_P;2014;480780543;480782101;M1140;;2;0.78
SSR_P;2014;480780543;480782101;N241P;;1;0.08
SSR_P;2014;480780543;480782101;N2450;1;1;1.08
SSR_P;2014;480780543;480782101;N2710;;1;0.52
SSR_P;2014;480780543;480782101;N310H;20;4;21.48
SSR_P;2014;480780543;480782101;N3120;;1;0.2
SSR_P;2014;480780543;480782101;NAUT;2;31;16.47
SSR_P;2014;480780543;480782101;NCINF;5;2;5.58
SSR_P;2014;480783034;480782101;M1010;;1;0.22
SSR_P;2014;480783034;480782101;M1120;;1;0.05
SSR_P;2014;480783034;480782101;M1180;2;1;2.13
SSR_P;2014;480783034;480782101;N241P;7;1;7.57
SSR_P;2014;480783034;480782101;N2430;;2;1
SSR_P;2014;480783034;480782101;N2450;;1;0.2
SSR_P;2014;480783034;480782101;N2460;3;;3
SSR_P;2014;480783034;480782101;N2500;11;6;15.15
SSR_P;2014;480783034;480782101;N2710;;1;0.1
SSR_P;2014;480783034;480782101;N310H;2;;1.3
SSR_P;2014;480783034;480782101;N3120;;1;0.15
SSR_P;2014;480783034;480782101;NAUT;5;40;16.23
SSR_P;2014;480783034;480782101;NCINF;8;2;9
SSR_P;2014;490000239;490015765;M1010;;1;0.9
SSR_P;2014;490000239;490015765;N241P;0;2;1.4
SSR_P;2014;490000239;490015765;N2460;1;;1
SSR_P;2014;490000239;490015765;N2500;12;2;11.69
SSR_P;2014;490000239;490015765;NAUT;;3;2.42
SSR_P;2014;490000239;490015765;NCINF;5;2;7.94
SSR_P;2014;490000254;490015765;M1010;2;;1.7
SSR_P;2014;490000254;490015765;N241P;2;;1.06
SSR_P;2014;490000254;490015765;N2500;8;1;8.33
SSR_P;2014;490000254;490015765;N310H;2;;2.91
SSR_P;2014;490000254;490015765;NCINF;6;2;7.6
SSR_P;2014;490000262;490000171;N241P;;3;0.43
SSR_P;2014;490000262;490000171;N2710;;2;0.54
SSR_P;2014;490000262;490000171;N3120;;1;0.5
SSR_P;2014;490000262;490000171;NCINF;;3;1.2
SSR_P;2014;490000296;490000387;M1010;;6;
SSR_P;2014;490000296;490000387;M1320;;1;
SSR_P;2014;490000296;490000387;N2460;;1;0.48
SSR_P;2014;490000296;490000387;N2500;4;5;8.54
SSR_P;2014;490000296;490000387;N2710;;2;0.13
SSR_P;2014;490000296;490000387;N3120;;1;0.5
SSR_P;2014;490000296;490000387;NAUT;2;2;2.8
SSR_P;2014;490000296;490000387;NCINF;5;2;6.3
SSR_P;2014;490000320;490000395;M1010;;1;0.16
SSR_P;2014;490000320;490000395;MAUT;1;1;0.62
SSR_P;2014;490000320;490000395;N241P;3;;0.97
SSR_P;2014;490000320;490000395;N2450;;1;0.08
SSR_P;2014;490000320;490000395;N2460;1;;0.41
SSR_P;2014;490000320;490000395;N2500;20;7;17.55
SSR_P;2014;490000320;490000395;N2710;1;;0.81
SSR_P;2014;490000320;490000395;N3120;;1;0.51
SSR_P;2014;490000320;490000395;NAUT;42;7;15.29
SSR_P;2014;490000320;490000395;NCINF;12;1;10.48
SSR_P;2014;490000338;490000403;M1010;;1;0.15
SSR_P;2014;490000338;490000403;N241P;1;;1.1
SSR_P;2014;490000338;490000403;N2450;;1;0.12
SSR_P;2014;490000338;490000403;N2460;;1;0.08
SSR_P;2014;490000338;490000403;N2500;7;2;9.47
SSR_P;2014;490000338;490000403;N2710;;1;0.4
SSR_P;2014;490000338;490000403;N3120;;1;0.02
SSR_P;2014;490000338;490000403;NCINF;5;2;6.91
SSR_P;2014;490000353;490000411;M1010;1;2;1.13
SSR_P;2014;490000353;490000411;N241P;;1;1.84
SSR_P;2014;490000353;490000411;N2450;;1;0.21
SSR_P;2014;490000353;490000411;N2500;25;8;26.37
SSR_P;2014;490000353;490000411;N2710;;1;0.2
SSR_P;2014;490000353;490000411;N310H;;1;0.43
SSR_P;2014;490000353;490000411;N3120;;1;0.27
SSR_P;2014;490000353;490000411;NAUT;13;2;8.27
SSR_P;2014;490000353;490000411;NCINF;13;2;13.23
SSR_P;2014;490000494;490000429;M1010;;6;1
SSR_P;2014;490000494;490000429;N241P;1;;1
SSR_P;2014;490000494;490000429;N2450;;1;0.3
SSR_P;2014;490000494;490000429;N2460;1;;0.4
SSR_P;2014;490000494;490000429;N2500;8;2;7.9
SSR_P;2014;490000494;490000429;N2710;;1;0.2
SSR_P;2014;490000494;490000429;N3120;;1;0.4
SSR_P;2014;490000494;490000429;NAUT;1;1;0.9
SSR_P;2014;490000494;490000429;NCINF;5;4;6.1
SSR_P;2014;490000569;440000313;M1010;0;0;0.05
SSR_P;2014;490000569;440000313;M1180;0;0;0.59
SSR_P;2014;490000569;440000313;M1320;;1;0.24
SSR_P;2014;490000569;440000313;N2500;7;7;11.92
SSR_P;2014;490000569;440000313;N2710;;1;0.25
SSR_P;2014;490000569;440000313;NAUT;4;;3.98
SSR_P;2014;490000569;440000313;NCINF;6;5;9.6
SSR_P;2014;490000601;490015856;M1010;;2;0.74
SSR_P;2014;490000601;490015856;N241P;1;1;1.43
SSR_P;2014;490000601;490015856;N2450;;1;0.2
SSR_P;2014;490000601;490015856;N2460;;1;0.25
SSR_P;2014;490000601;490015856;N2500;10;8;16
SSR_P;2014;490000601;490015856;N2710;;1;0.4
SSR_P;2014;490000601;490015856;N3120;;1;0.8
SSR_P;2014;490000601;490015856;NAUT;1;1;1.75
SSR_P;2014;490000601;490015856;NCINF;4;10;10.25
SSR_P;2014;490000635;490000676;M1010;;3;1.56
SSR_P;2014;490000635;490000676;M1180;1;1;1.8
SSR_P;2014;490000635;490000676;M1320;1;;0.8
SSR_P;2014;490000635;490000676;N241P;4;7;9.4
SSR_P;2014;490000635;490000676;N2430;;4;1.73
SSR_P;2014;490000635;490000676;N2450;;1;0.23
SSR_P;2014;490000635;490000676;N2460;3;3;5.15
SSR_P;2014;490000635;490000676;N2500;25;21;40.68
SSR_P;2014;490000635;490000676;N2710;;2;0.45
SSR_P;2014;490000635;490000676;N310H;;6;4.26
SSR_P;2014;490000635;490000676;N3120;;2;1.04
SSR_P;2014;490000635;490000676;NAUT;4;6;8.45
SSR_P;2014;490000635;490000676;NCINF;18;9;23.91
SSR_P;2014;490000643;440042844;M1010;1;3;2.99
SSR_P;2014;490000643;440042844;N241P;2;1;2.5
SSR_P;2014;490000643;440042844;N2450;;1;0.2
SSR_P;2014;490000643;440042844;N2500;16;9;20.99
SSR_P;2014;490000643;440042844;N2710;1;1;1.3
SSR_P;2014;490000643;440042844;N3120;;1;1.35
SSR_P;2014;490000643;440042844;NCINF;17;5;18.26
SSR_P;2014;490000650;490007689;M1320;1;;0.5
SSR_P;2014;490000650;490007689;N241P;1;1;1.1
SSR_P;2014;490000650;490007689;N2460;;1;0.2
SSR_P;2014;490000650;490007689;N2500;8;8;10.84
SSR_P;2014;490000650;490007689;N2710;;1;0.13
SSR_P;2014;490000650;490007689;NCINF;10;1;7.03
SSR_P;2014;490000700;490000692;M1180;;2;0.5
SSR_P;2014;490000700;490000692;N241P;;2;0.5
SSR_P;2014;490000700;490000692;N2450;;1;0.05
SSR_P;2014;490000700;490000692;N2460;;1;0.2
SSR_P;2014;490000700;490000692;N2500;;13;7.6
SSR_P;2014;490000700;490000692;N3120;;1;0.3
SSR_P;2014;490000700;490000692;NCINF;;8;4.39
SSR_P;2014;490000817;490000759;M1180;0;2;1.2
SSR_P;2014;490000817;490000759;N241P;1;;1
SSR_P;2014;490000817;490000759;N2460;;1;0.2
SSR_P;2014;490000817;490000759;N2500;5;6;9.3
SSR_P;2014;490000817;490000759;N2710;;1;0.2
SSR_P;2014;490000817;490000759;N3120;;1;0.2
SSR_P;2014;490000817;490000759;NAUT;1;;1
SSR_P;2014;490000817;490000759;NCINF;3;4;6.05
SSR_P;2014;490001765;490528452;M1010;1;3;2.08
SSR_P;2014;490001765;490528452;N241P;2;2;3.17
SSR_P;2014;490001765;490528452;N2430;;;0.2
SSR_P;2014;490001765;490528452;N2450;;1;0.5
SSR_P;2014;490001765;490528452;N2500;10;8;19.32
SSR_P;2014;490001765;490528452;N2710;;2;0.64
SSR_P;2014;490001765;490528452;N3120;;2;0.96
SSR_P;2014;490001765;490528452;NAUT;2;4;5.76
SSR_P;2014;490001765;490528452;NCINF;6;11;13.96
SSR_P;2014;490001831;490007689;M1320;;1;0.4
SSR_P;2014;490001831;490007689;N241P;;2;1.1
SSR_P;2014;490001831;490007689;N2460;;1;0.2
SSR_P;2014;490001831;490007689;N2500;9;2;9.25
SSR_P;2014;490001831;490007689;N2710;;1;0.13
SSR_P;2014;490001831;490007689;NCINF;9;4;7
SSR_P;2014;490004256;490001716;M1010;;3;0.69
SSR_P;2014;490004256;490001716;N241P;;2;0.88
SSR_P;2014;490004256;490001716;N2460;;1;0.1
SSR_P;2014;490004256;490001716;N2500;;13;9.46
SSR_P;2014;490004256;490001716;N2710;;1;0.3
SSR_P;2014;490004256;490001716;N3120;;1;0.4
SSR_P;2014;490004256;490001716;NCINF;;10;4.97
SSR_P;2014;490007549;490535168;MAUT;;7;1.3
SSR_P;2014;490007549;490535168;N2430;;4;1.28
SSR_P;2014;490007549;490535168;N2460;;1;0.8
SSR_P;2014;490007549;490535168;N2470;;2;0.84
SSR_P;2014;490007549;490535168;N2710;;3;1.55
SSR_P;2014;490007549;490535168;N310H;;2;0.7
SSR_P;2014;490007549;490535168;N3120;;2;1.2
SSR_P;2014;490007549;490535168;NAUT;1;12;3.16
SSR_P;2014;490007549;490535168;NCINF;;0;0.01
SSR_P;2014;490009248;490535168;M1010;1;2;2.13
SSR_P;2014;490009248;490535168;M1320;;1;0.05
SSR_P;2014;490009248;490535168;N241P;1;2;2.8
SSR_P;2014;490009248;490535168;N2450;;1;0.3
SSR_P;2014;490009248;490535168;N2460;;2;1
SSR_P;2014;490009248;490535168;N2470;;1;0.5
SSR_P;2014;490009248;490535168;N2500;11;16;27.26
SSR_P;2014;490009248;490535168;N2710;;2;0.9
SSR_P;2014;490009248;490535168;NCINF;7;15;20.97
SSR_P;2014;490018769;440042844;M1010;;2;0.8
SSR_P;2014;490018769;440042844;N2500;;1;0.68
SSR_P;2014;490018769;440042844;N2710;;1;0.68
SSR_P;2014;490018769;440042844;N3120;;1;0.2
SSR_P;2014;490018769;440042844;NCINF;;3;1.39
SSR_P;2014;490018785;440042844;M1010;;1;0.17
SSR_P;2014;490018785;440042844;N3120;;1;0.12
SSR_P;2014;490018785;440042844;NAUT;;1;0.46
SSR_P;2014;490018785;440042844;NCINF;;4;0.56
SSR_P;2014;490529005;490000031;M1010;2;2;3.07
SSR_P;2014;490529005;490000031;N241P;2;1;2.1
SSR_P;2014;490529005;490000031;N2460;1;1;1.18
SSR_P;2014;490529005;490000031;N2500;75;36;100.19
SSR_P;2014;490529005;490000031;N2710;0;3;0.95
SSR_P;2014;490529005;490000031;N310H;0;1;0.5
SSR_P;2014;490529005;490000031;N3120;2;1;1.8
SSR_P;2014;490529005;490000031;NAUT;28;10;35.24
SSR_P;2014;490529005;490000031;NCINF;38;18;51.75
SSR_P;2014;490531910;490535093;M1040;;1;0.5
SSR_P;2014;490531910;490535093;M1120;1;;1
SSR_P;2014;490531910;490535093;M1140;1;2;1.6
SSR_P;2014;490531910;490535093;M1180;5;5;7.87
SSR_P;2014;490531910;490535093;M1320;;3;0.58
SSR_P;2014;490531910;490535093;MAUT;;3;0.23
SSR_P;2014;490531910;490535093;N241P;19;6;24.3
SSR_P;2014;490531910;490535093;N2430;0;5;3.5
SSR_P;2014;490531910;490535093;N2450;1;2;2.6
SSR_P;2014;490531910;490535093;N2460;9;8;16.3
SSR_P;2014;490531910;490535093;N2470;1;2;2.75
SSR_P;2014;490531910;490535093;N2500;45;52;77.2
SSR_P;2014;490531910;490535093;N2710;1;9;4.6
SSR_P;2014;490531910;490535093;N310H;10;8;14.5
SSR_P;2014;490531910;490535093;N3120;1;3;2.9
SSR_P;2014;490531910;490535093;NCINF;37;30;63.05
SSR_P;2014;490532173;530000025;M1010;;2;1.2
SSR_P;2014;490532173;530000025;N241P;;2;0.76
SSR_P;2014;490532173;530000025;N2460;;1;0.3
SSR_P;2014;490532173;530000025;N2500;;9;6.66
SSR_P;2014;490532173;530000025;N2710;;1;0.3
SSR_P;2014;490532173;530000025;NAUT;;5;3.01
SSR_P;2014;490532173;530000025;NCINF;;9;7.88
SSR_P;2014;490534922;490000890;M1010;1;3;3.44
SSR_P;2014;490534922;490000890;N2460;0;1;0.5
SSR_P;2014;490534922;490000890;N2500;26;;23.09
SSR_P;2014;490534922;490000890;N2710;;;0.2
SSR_P;2014;490534922;490000890;N3120;;;0.1
SSR_P;2014;490534922;490000890;NAUT;38;;41.97
SSR_P;2014;490534922;490000890;NCINF;18;0;15.38
SSR_P;2014;490543675;490009529;M1010;;1;0.29
SSR_P;2014;490543675;490009529;M1070;;1;0.11
SSR_P;2014;490543675;490009529;M1320;;2;0.8
SSR_P;2014;490543675;490009529;N2450;;1;0.8
SSR_P;2014;490543675;490009529;N2500;12;4;14.2
SSR_P;2014;490543675;490009529;N2710;;2;0.94
SSR_P;2014;490543675;490009529;N3120;;1;0.46
SSR_P;2014;490543675;490009529;NAUT;;1;1
SSR_P;2014;490543675;490009529;NCINF;9;2;9
SSR_P;2014;500000021;500000054;M1010;;1;0.76
SSR_P;2014;500000021;500000054;M1320;1;;1.24
SSR_P;2014;500000021;500000054;N2500;5;9;14.01
SSR_P;2014;500000021;500000054;NAUT;2;1;2.81
SSR_P;2014;500000021;500000054;NCINF;4;8;9.44
SSR_P;2014;500000146;500000500;M1010;1;1;1.43
SSR_P;2014;500000146;500000500;N241P;;3;0.21
SSR_P;2014;500000146;500000500;N2450;1;;1
SSR_P;2014;500000146;500000500;N2500;8;4;8.93
SSR_P;2014;500000146;500000500;N2710;;1;0.3
SSR_P;2014;500000146;500000500;N3120;;1;0.8
SSR_P;2014;500000146;500000500;NCINF;7;3;7.88
SSR_P;2014;500000195;500000039;M1010;3;;1.35
SSR_P;2014;500000195;500000039;N241P;;3;0.88
SSR_P;2014;500000195;500000039;N2450;1;;0.49
SSR_P;2014;500000195;500000039;N2500;11;2;9.74
SSR_P;2014;500000195;500000039;N3120;1;;1
SSR_P;2014;500000195;500000039;NCINF;10;;9.4
SSR_P;2014;500000203;500000542;M1010;;2;1
SSR_P;2014;500000203;500000542;N241P;;3;0.6
SSR_P;2014;500000203;500000542;N2450;;1;0.2
SSR_P;2014;500000203;500000542;N2500;4;1;4.8
SSR_P;2014;500000203;500000542;N2710;;1;0.2
SSR_P;2014;500000203;500000542;N3120;;1;0.2
SSR_P;2014;500000203;500000542;NCINF;2;2;2.55
SSR_P;2014;500000229;500000567;M1010;2;;2
SSR_P;2014;500000229;500000567;M1180;9;1;9.8
SSR_P;2014;500000229;500000567;M1190;;1;0.9
SSR_P;2014;500000229;500000567;M1320;1;;1
SSR_P;2014;500000229;500000567;M3020;;1;0.1
SSR_P;2014;500000229;500000567;MAUT;;3;1
SSR_P;2014;500000229;500000567;N241P;37;14;47.05
SSR_P;2014;500000229;500000567;N2430;3;;3
SSR_P;2014;500000229;500000567;N2450;;2;1.2
SSR_P;2014;500000229;500000567;N2460;8;6;12.2
SSR_P;2014;500000229;500000567;N2470;1;;1
SSR_P;2014;500000229;500000567;N2500;48;12;57.31
SSR_P;2014;500000229;500000567;N2710;2;2;3.1
SSR_P;2014;500000229;500000567;N310H;1;2;2.6
SSR_P;2014;500000229;500000567;N3120;2;1;2.5
SSR_P;2014;500000229;500000567;NAUT;160;45;184.49
SSR_P;2014;500000229;500000567;NCINF;39;9;44.65
SSR_P;2014;500000260;500000054;M1010;1;;0.7
SSR_P;2014;500000260;500000054;M1320;2;;0.98
SSR_P;2014;500000260;500000054;N241P;1;0;0.5
SSR_P;2014;500000260;500000054;N2500;12;2;11.22
SSR_P;2014;500000260;500000054;NAUT;3;1;3.22
SSR_P;2014;500000260;500000054;NCINF;7;2;9.34
SSR_P;2014;500000278;500010384;M1010;;1;0.3
SSR_P;2014;500000278;500010384;M3020;;3;0.62
SSR_P;2014;500000278;500010384;N2500;3;;3
SSR_P;2014;500000278;500010384;N2710;;1;0.8
SSR_P;2014;500000278;500010384;N310H;2;1;2.16
SSR_P;2014;500000278;500010384;N3120;;1;0.4
SSR_P;2014;500000278;500010384;NCINF;5;1;5.6
SSR_P;2014;500000302;500000062;M1180;0;7;0.1
SSR_P;2014;500000419;310021084;M1010;3;0;3
SSR_P;2014;500000419;310021084;M1180;1;0;1
SSR_P;2014;500000419;310021084;N241P;13;6;16.4
SSR_P;2014;500000419;310021084;N2430;0;2;0.5
SSR_P;2014;500000419;310021084;N2450;1;0;1
SSR_P;2014;500000419;310021084;N2460;3;5;6
SSR_P;2014;500000419;310021084;N2500;20;8;25.4
SSR_P;2014;500000419;310021084;N2710;0;2;1
SSR_P;2014;500000419;310021084;N3120;1;2;1
SSR_P;2014;500000419;310021084;NAUT;31;2;32.5
SSR_P;2014;500000419;310021084;NCINF;17;6;21.2
SSR_P;2014;500000427;500000096;M1010;1;0;0.59
SSR_P;2014;500000427;500000096;M1320;1;0;0.59
SSR_P;2014;500000427;500000096;N2500;13;6;17.68
SSR_P;2014;500000427;500000096;NCINF;7;4;9.06
SSR_P;2014;500000435;500000104;N241P;1;;0.46
SSR_P;2014;500000435;500000104;N2500;7;;7.03
SSR_P;2014;500000435;500000104;N310H;;1;0.4
SSR_P;2014;500000435;500000104;NCINF;3;1;2.73
SSR_P;2014;500000450;500000112;M1320;;1;0.3
SSR_P;2014;500000450;500000112;N2460;;1;0.44
SSR_P;2014;500000450;500000112;N2470;;1;0.11
SSR_P;2014;500000450;500000112;N2500;9;5;12.56
SSR_P;2014;500000450;500000112;NAUT;4;2;5.17
SSR_P;2014;500000450;500000112;NCINF;9;2;9.76
SSR_P;2014;500000468;500000013;M1320;8;0;7.96
SSR_P;2014;500000468;500000013;N2430;;1;0.5
SSR_P;2014;500000468;500000013;N2450;;1;0.2
SSR_P;2014;500000468;500000013;N2460;;1;0.72
SSR_P;2014;500000468;500000013;N2500;43;15;57.97
SSR_P;2014;500000468;500000013;N2710;;1;1.18
SSR_P;2014;500000468;500000013;NAUT;6;3;7.3
SSR_P;2014;500000468;500000013;NCINF;28;11;39.42
SSR_P;2014;500000476;500000138;M1010;;2;0.39
SSR_P;2014;500000476;500000138;N241P;;1;0.8
SSR_P;2014;500000476;500000138;N2450;1;;0.47
SSR_P;2014;500000476;500000138;N2460;;1;0.46
SSR_P;2014;500000476;500000138;N2500;6;;6
SSR_P;2014;500000476;500000138;N3120;1;1;0.65
SSR_P;2014;500000476;500000138;NCINF;5;6;5.95
SSR_P;2014;500000575;500000245;M1010;2;;0.92
SSR_P;2014;500000575;500000245;N241P;2;;1.5
SSR_P;2014;500000575;500000245;N2460;2;;0.58
SSR_P;2014;500000575;500000245;N2500;7;6;11.4
SSR_P;2014;500000575;500000245;N2710;1;;0.28
SSR_P;2014;500000575;500000245;N3120;1;;0.48
SSR_P;2014;500000575;500000245;NAUT;5;3;6.03
SSR_P;2014;500000575;500000245;NCINF;7;5;9.29
SSR_P;2014;500000591;500000393;M1010;1;;1
SSR_P;2014;500000591;500000393;M1320;2;;2
SSR_P;2014;500000591;500000393;N2460;0;2;1.03
SSR_P;2014;500000591;500000393;N2500;20;8;26.79
SSR_P;2014;500000591;500000393;N3120;0;1;0.22
SSR_P;2014;500000591;500000393;NAUT;5;1;5.65
SSR_P;2014;500000591;500000393;NCINF;13;3;13.28
SSR_P;2014;500002357;500002233;MAUT;;1;0.1
SSR_P;2014;500002357;500002233;N241P;;6;0.5
SSR_P;2014;500002357;500002233;N2500;1;;1
SSR_P;2014;500002357;500002233;N3120;;1;0.01
SSR_P;2014;500002357;500002233;NAUT;2;1;2.25
SSR_P;2014;500002357;500002233;NCINF;1;5;4.9
SSR_P;2014;500012687;310021118;M1010;1;4;3.39
SSR_P;2014;500012687;310021118;M1180;;1;0.2
SSR_P;2014;500012687;310021118;N241P;4;1;4.58
SSR_P;2014;500012687;310021118;N2450;1;1;1.5
SSR_P;2014;500012687;310021118;N2460;1;;1
SSR_P;2014;500012687;310021118;N2500;11;1;11.75
SSR_P;2014;500012687;310021118;N3120;;1;0.7
SSR_P;2014;500012687;310021118;NAUT;1;1;1
SSR_P;2014;500012687;310021118;NCINF;15;4;14.34
SSR_P;2014;500012968;750826307;M1010;;;0.18
SSR_P;2014;500012968;750826307;M1070;;;0.03
SSR_P;2014;500012968;750826307;M1140;;;0.15
SSR_P;2014;500012968;750826307;N310H;;;2.76
SSR_P;2014;500012968;750826307;NAUT;;;1.44
SSR_P;2014;500012968;750826307;NCINF;;;0.69
SSR_P;2014;500021423;500000567;M1010;1;1;1.8
SSR_P;2014;500021423;500000567;M1180;2;;2
SSR_P;2014;500021423;500000567;MAUT;;;0.45
SSR_P;2014;500021423;500000567;N241P;9;;9
SSR_P;2014;500021423;500000567;N2430;1;1;1.6
SSR_P;2014;500021423;500000567;N2450;;2;0.4
SSR_P;2014;500021423;500000567;N2460;5;2;6.6
SSR_P;2014;500021423;500000567;N2500;24;13;28.81
SSR_P;2014;500021423;500000567;N2710;;2;1.4
SSR_P;2014;500021423;500000567;N310H;1;1;1.8
SSR_P;2014;500021423;500000567;N3120;1;1;1.5
SSR_P;2014;500021423;500000567;NAUT;28;3;35.3
SSR_P;2014;500021423;500000567;NCINF;17;4;20.2
SSR_P;2014;510000169;510000037;M1010;1;3;1.44
SSR_P;2014;510000169;510000037;M1180;1;0;1.18
SSR_P;2014;510000169;510000037;MAUT;1;;0.3
SSR_P;2014;510000169;510000037;N241P;0;1;0.17
SSR_P;2014;510000169;510000037;N2500;21;7;23.01
SSR_P;2014;510000169;510000037;NAUT;11;4;11.08
SSR_P;2014;510000169;510000037;NCINF;13;4;15.4
SSR_P;2014;510000177;100006279;M1320;1;;1
SSR_P;2014;510000177;100006279;N241P;1;;0.62
SSR_P;2014;510000177;100006279;N2450;1;;0.3
SSR_P;2014;510000177;100006279;N2460;1;;0.23
SSR_P;2014;510000177;100006279;N2500;9;2;9.4
SSR_P;2014;510000177;100006279;NAUT;4;3;6.25
SSR_P;2014;510000177;100006279;NCINF;8;;6.74
SSR_P;2014;510000201;750034589;M1010;1;;1
SSR_P;2014;510000201;750034589;M1320;;1;0.5
SSR_P;2014;510000201;750034589;N241P;1;0;1
SSR_P;2014;510000201;750034589;N2450;0;1;0.3
SSR_P;2014;510000201;750034589;N2500;5;23;6.97
SSR_P;2014;510000201;750034589;N2710;0;1;0.4
SSR_P;2014;510000201;750034589;N3120;0;1;0.25
SSR_P;2014;510000201;750034589;NAUT;8;39;13.88
SSR_P;2014;510000201;750034589;NCINF;4;21;8.6
SSR_P;2014;510000219;510000052;M1010;1;;0.27
SSR_P;2014;510000219;510000052;M3020;;;0.01
SSR_P;2014;510000219;510000052;N2460;2;;0.87
SSR_P;2014;510000219;510000052;N2710;;;0.42
SSR_P;2014;510000219;510000052;N310H;1;1;0.49
SSR_P;2014;510000219;510000052;N3120;;;0.18
SSR_P;2014;510000219;510000052;NAUT;4;;2.1
SSR_P;2014;510000219;510000052;NCINF;11;1;6.52
SSR_P;2014;510000227;510000565;M1010;0;3;0.75
SSR_P;2014;510000227;510000565;N2450;;1;0.2
SSR_P;2014;510000227;510000565;N2500;3;7;5.34
SSR_P;2014;510000227;510000565;N2710;;1;0.2
SSR_P;2014;510000227;510000565;N3120;;1;0.17
SSR_P;2014;510000227;510000565;NAUT;3;1;3.25
SSR_P;2014;510000227;510000565;NCINF;3;6;5.64
SSR_P;2014;510000250;510000078;M1010;1;0;1
SSR_P;2014;510000250;510000078;M1040;0;1;0.2
SSR_P;2014;510000250;510000078;N241P;0;1;0.16
SSR_P;2014;510000250;510000078;N2450;0;1;0.1
SSR_P;2014;510000250;510000078;N2460;0;1;0.2
SSR_P;2014;510000250;510000078;N2500;10;2;8.82
SSR_P;2014;510000250;510000078;N2710;0;1;0.06
SSR_P;2014;510000250;510000078;N310H;0;1;0.63
SSR_P;2014;510000250;510000078;N3120;0;1;0.03
SSR_P;2014;510000250;510000078;NCINF;10;0;8.37
SSR_P;2014;510000292;750720534;M1010;0;1;0.75
SSR_P;2014;510000292;750720534;M1320;2;0;2
SSR_P;2014;510000292;750720534;MAUT;;2;0.7
SSR_P;2014;510000292;750720534;N241P;1;3;2.5
SSR_P;2014;510000292;750720534;N2450;;1;0.1
SSR_P;2014;510000292;750720534;N2460;1;;1
SSR_P;2014;510000292;750720534;N2500;17;1;17.6
SSR_P;2014;510000292;750720534;N2710;;1;0.4
SSR_P;2014;510000292;750720534;N3120;;1;0.5
SSR_P;2014;510000292;750720534;NAUT;26;4;28.7
SSR_P;2014;510000292;750720534;NCINF;10;3;11.5
SSR_P;2014;510000359;510000086;M1010;;1;0.7
SSR_P;2014;510000359;510000086;M1320;;1;0.5
SSR_P;2014;510000359;510000086;N241P;;2;1
SSR_P;2014;510000359;510000086;N2450;1;;1
SSR_P;2014;510000359;510000086;N2460;;1;0.5
SSR_P;2014;510000359;510000086;N2500;11;9;17.41
SSR_P;2014;510000359;510000086;N2710;;2;0.55
SSR_P;2014;510000359;510000086;N310H;;1;0.1
SSR_P;2014;510000359;510000086;N3120;1;;1
SSR_P;2014;510000359;510000086;NAUT;3;1;3.86
SSR_P;2014;510000359;510000086;NCINF;3;10;9.44
SSR_P;2014;510000466;510000102;M1010;;1;0.5
SSR_P;2014;510000466;510000102;N2500;10;2;5.39
SSR_P;2014;510000466;510000102;NAUT;2;;1.27
SSR_P;2014;510000466;510000102;NCINF;12;1;5.62
SSR_P;2014;510002447;510000029;M1010;14;0;11.9
SSR_P;2014;510002447;510000029;M1180;11;1;7.17
SSR_P;2014;510002447;510000029;N241P;9;11;16.25
SSR_P;2014;510002447;510000029;N2460;0;2;1.7
SSR_P;2014;510002447;510000029;N2710;0;1;0.06
SSR_P;2014;510002447;510000029;N310H;0;2;0.51
SSR_P;2014;510002447;510000029;NAUT;5;2;5.55
SSR_P;2014;510002447;510000029;NCINF;1;0;1
SSR_P;2014;510002454;510000029;M1010;14;0;11.9
SSR_P;2014;510002454;510000029;M1180;11;1;7.17
SSR_P;2014;510002454;510000029;N241P;9;5;12
SSR_P;2014;510002454;510000029;N2430;0;4;1.9
SSR_P;2014;510002454;510000029;N2460;6;1;6.86
SSR_P;2014;510002454;510000029;N2470;1;0;1
SSR_P;2014;510002454;510000029;N2500;64;24;85.76
SSR_P;2014;510002454;510000029;N2710;4;0;4
SSR_P;2014;510002454;510000029;N310H;1;2;2.36
SSR_P;2014;510002454;510000029;NAUT;42;9;45.11
SSR_P;2014;510002454;510000029;NCINF;71;19;84.42
SSR_P;2014;510012040;510000557;M1010;;4;2.11
SSR_P;2014;510012040;510000557;M1040;2;;2
SSR_P;2014;510012040;510000557;M1180;2;;2
SSR_P;2014;510012040;510000557;M1320;1;1;1.5
SSR_P;2014;510012040;510000557;N241P;9;5;11.07
SSR_P;2014;510012040;510000557;N2430;;2;0.4
SSR_P;2014;510012040;510000557;N2450;1;;1
SSR_P;2014;510012040;510000557;N2460;1;1;1.85
SSR_P;2014;510012040;510000557;N2500;25;;18.27
SSR_P;2014;510012040;510000557;N2710;1;1;1.6
SSR_P;2014;510012040;510000557;N3120;2;;1.15
SSR_P;2014;510012040;510000557;NAUT;4;;4.02
SSR_P;2014;510012040;510000557;NCINF;24;2;21.95
SSR_P;2014;510024359;750043994;M1010;3;;1.25
SSR_P;2014;510024359;750043994;N241P;2;;0.83
SSR_P;2014;510024359;750043994;N2450;;1;0.21
SSR_P;2014;510024359;750043994;N2500;16;;6.66
SSR_P;2014;510024359;750043994;N3120;1;;0.42
SSR_P;2014;510024359;750043994;NCINF;11;;4.58
SSR_P;2014;510024466;510000128;M1010;1;;1
SSR_P;2014;510024466;510000128;MAUT;;1;0.5
SSR_P;2014;510024466;510000128;N241P;1;;1
SSR_P;2014;510024466;510000128;N2450;;1;0.28
SSR_P;2014;510024466;510000128;N2460;;1;0.38
SSR_P;2014;510024466;510000128;N2500;6;3;7.26
SSR_P;2014;510024466;510000128;N3120;1;;0.29
SSR_P;2014;510024466;510000128;NAUT;13;1;6.85
SSR_P;2014;510024466;510000128;NCINF;8;3;8.25
SSR_P;2014;520000019;520780024;M1010;1;4;2.43
SSR_P;2014;520000019;520780024;M1180;1;;1
SSR_P;2014;520000019;520780024;N241P;4;1;4.79
SSR_P;2014;520000019;520780024;N2450;;1;0.1
SSR_P;2014;520000019;520780024;N2460;5;;4.93
SSR_P;2014;520000019;520780024;N2470;1;;1
SSR_P;2014;520000019;520780024;N2500;15;6;20.33
SSR_P;2014;520000019;520780024;N2710;;1;0.5
SSR_P;2014;520000019;520780024;N3120;1;;1
SSR_P;2014;520000019;520780024;NAUT;2;1;2.8
SSR_P;2014;520000019;520780024;NCINF;9;5;11.3
SSR_P;2014;520000027;520780032;M1010;1;1;1.1
SSR_P;2014;520000027;520780032;M1180;1;1;1.32
SSR_P;2014;520000027;520780032;M1320;2;1;1.36
SSR_P;2014;520000027;520780032;N241P;6;3;8.39
SSR_P;2014;520000027;520780032;N2430;0;1;0.35
SSR_P;2014;520000027;520780032;N2450;2;1;2.79
SSR_P;2014;520000027;520780032;N2460;3;0;2.62
SSR_P;2014;520000027;520780032;N2500;24;2;25.11
SSR_P;2014;520000027;520780032;N2710;0;1;0.5
SSR_P;2014;520000027;520780032;N310H;1;0;0.98
SSR_P;2014;520000027;520780032;NAUT;2;1;2.69
SSR_P;2014;520000027;520780032;NCINF;15;4;17.2
SSR_P;2014;520000035;520780040;M1010;0;0;0.72
SSR_P;2014;520000035;520780040;N241P;;1;0.3
SSR_P;2014;520000035;520780040;N2460;;1;0.14
SSR_P;2014;520000035;520780040;N2500;9;;7.62
SSR_P;2014;520000035;520780040;NAUT;1;2;2.7
SSR_P;2014;520000035;520780040;NCINF;4;5;6.73
SSR_P;2014;520000043;520780057;M1180;1;2;1.3
SSR_P;2014;520000043;520780057;N2500;8;4;11.2
SSR_P;2014;520000043;520780057;NCINF;4;6;8.3
SSR_P;2014;520000050;520780065;M1320;1;1;0.7
SSR_P;2014;520000050;520780065;N241P;1;;1
SSR_P;2014;520000050;520780065;N2460;;1;0.33
SSR_P;2014;520000050;520780065;N2500;10;1;6.63
SSR_P;2014;520000050;520780065;N2710;;1;0.33
SSR_P;2014;520000050;520780065;N3120;;1;0.35
SSR_P;2014;520000050;520780065;NAUT;1;1;0.31
SSR_P;2014;520000050;520780065;NCINF;9;1;4.56
SSR_P;2014;520000076;520780081;M1010;3;1;2.3
SSR_P;2014;520000076;520780081;M1180;1;2;1.15
SSR_P;2014;520000076;520780081;M1320;1;;0.25
SSR_P;2014;520000076;520780081;N241P;3;2;3.9
SSR_P;2014;520000076;520780081;N2450;0;1;0.5
SSR_P;2014;520000076;520780081;N2460;2;0;2
SSR_P;2014;520000076;520780081;N2500;16;1;17.11
SSR_P;2014;520000076;520780081;N2710;2;0;1
SSR_P;2014;520000076;520780081;N310H;3;0;2.13
SSR_P;2014;520000076;520780081;N3120;1;0;1.02
SSR_P;2014;520000076;520780081;NAUT;5;6;8.91
SSR_P;2014;520000076;520780081;NCINF;17;2;18.18
SSR_P;2014;520000084;520780099;M1180;;1;0.23
SSR_P;2014;520000084;520780099;N241P;1;1;1.44
SSR_P;2014;520000084;520780099;N2460;1;;0.8
SSR_P;2014;520000084;520780099;N2500;9;;7.76
SSR_P;2014;520000084;520780099;N2710;;1;0.24
SSR_P;2014;520000084;520780099;NAUT;2;5;4.1
SSR_P;2014;520000084;520780099;NCINF;5;3;6.39
SSR_P;2014;520780156;520000092;M1010;;1;0.25
SSR_P;2014;520780156;520000092;M1180;;1;0.25
SSR_P;2014;520780156;520000092;N2500;4;;4
SSR_P;2014;520780156;520000092;N3120;;1;0.1
SSR_P;2014;520780156;520000092;NCINF;4;2;5
SSR_P;2014;530000017;530000025;M1180;1;1;1.74
SSR_P;2014;530000017;530000025;N241P;;2;1.3
SSR_P;2014;530000017;530000025;N2460;;2;1
SSR_P;2014;530000017;530000025;NCINF;4;7;9.56
SSR_P;2014;530000132;530007202;M1010;;1;0.1
SSR_P;2014;530000132;530007202;N241P;;2;0.44
SSR_P;2014;530000132;530007202;N2450;;1;0.18
SSR_P;2014;530000132;530007202;N2460;;;0.14
SSR_P;2014;530000132;530007202;N2470;;1;0.31
SSR_P;2014;530000132;530007202;N2500;12;6;7.94
SSR_P;2014;530000132;530007202;N2710;;1;0.18
SSR_P;2014;530000132;530007202;N3120;;1;0.13
SSR_P;2014;530000132;530007202;NAUT;3;5;3.46
SSR_P;2014;530000132;530007202;NCINF;9;6;6.06
SSR_P;2014;530000140;530000058;N241P;1;1;1.8
SSR_P;2014;530000140;530000058;N2450;1;0;1
SSR_P;2014;530000140;530000058;N2460;2;0;2
SSR_P;2014;530000140;530000058;N2500;20;5;24.31
SSR_P;2014;530000140;530000058;NAUT;5;1;5.67
SSR_P;2014;530000140;530000058;NCINF;16;8;20.41
SSR_P;2014;530000165;530000066;M1010;;3;1.7
SSR_P;2014;530000165;530000066;N241P;;1;0.64
SSR_P;2014;530000165;530000066;N2450;;1;0.4
SSR_P;2014;530000165;530000066;N2460;;2;1.08
SSR_P;2014;530000165;530000066;N2500;10;3;11.66
SSR_P;2014;530000165;530000066;N2710;;1;0.28
SSR_P;2014;530000165;530000066;N3120;;1;0.5
SSR_P;2014;530000165;530000066;NAUT;4;9;9.07
SSR_P;2014;530000165;530000066;NCINF;6;3;7.54
SSR_P;2014;530000173;530000074;M1320;1;1;1.9
SSR_P;2014;530000173;530000074;N241P;1;7;0.26
SSR_P;2014;530000173;530000074;N2460;0;3;0.38
SSR_P;2014;530000173;530000074;N2500;6;3;8.51
SSR_P;2014;530000173;530000074;N2710;2;2;0.41
SSR_P;2014;530000173;530000074;N310H;0;1;0.45
SSR_P;2014;530000173;530000074;N3120;0;0;0.05
SSR_P;2014;530000173;530000074;NAUT;43;17;12.02
SSR_P;2014;530000173;530000074;NCINF;10;6;11.01
SSR_P;2014;530000181;530007202;M1010;;1;0.1
SSR_P;2014;530000181;530007202;N241P;;;0.13
SSR_P;2014;530000181;530007202;N2450;;;0.13
SSR_P;2014;530000181;530007202;N2460;;;0.14
SSR_P;2014;530000181;530007202;N2470;;1;0.13
SSR_P;2014;530000181;530007202;N2500;11;5;7.4
SSR_P;2014;530000181;530007202;N2710;;1;0.08
SSR_P;2014;530000181;530007202;N3120;;;0.08
SSR_P;2014;530000181;530007202;NAUT;4;2;2.84
SSR_P;2014;530000181;530007202;NCINF;3;5;3.62
SSR_P;2014;530000264;530000371;M1180;4;0;4
SSR_P;2014;530000264;530000371;M1320;4;2;4.6
SSR_P;2014;530000264;530000371;M3020;0;1;0.2
SSR_P;2014;530000264;530000371;N2500;57;14;66.42
SSR_P;2014;530000264;530000371;N2710;1;2;1.66
SSR_P;2014;530000264;530000371;NAUT;10;3;12.43
SSR_P;2014;530000264;530000371;NCINF;35;16;45.74
SSR_P;2014;530000611;530002591;M1010;;3;0.9
SSR_P;2014;530000611;530002591;N241P;;1;0.5
SSR_P;2014;530000611;530002591;N2450;;1;0.25
SSR_P;2014;530000611;530002591;N2460;1;;1
SSR_P;2014;530000611;530002591;N2500;9;5;13.05
SSR_P;2014;530000611;530002591;NAUT;32;6;40
SSR_P;2014;530000611;530002591;NCINF;7;5;10.7
SSR_P;2014;530031509;530000868;M1010;1;;1
SSR_P;2014;530031509;530000868;N2710;;3;1.27
SSR_P;2014;530031509;530000868;N310H;2;3;3.36
SSR_P;2014;530031509;530000868;N3120;1;;1
SSR_P;2014;530031509;530000868;NAUT;3;8;6.94
SSR_P;2014;530031509;530000868;NCINF;5;4;6.19
SSR_P;2014;530031962;530000975;M1010;;1;0.7
SSR_P;2014;530031962;530000975;N2500;7;;7
SSR_P;2014;530031962;530000975;N2710;;1;0.2
SSR_P;2014;530031962;530000975;N3120;;1;0.2
SSR_P;2014;530031962;530000975;NCINF;7;1;7.5
SSR_P;2014;540000148;540019007;MAUT;1;2;2.01
SSR_P;2014;540000148;540019007;N241P;;;0.11
SSR_P;2014;540000148;540019007;N2450;1;;0.54
SSR_P;2014;540000148;540019007;N2500;14;2;18.43
SSR_P;2014;540000148;540019007;N2710;1;;0.2
SSR_P;2014;540000148;540019007;N3120;1;;0.28
SSR_P;2014;540000148;540019007;NAUT;4;1;3.63
SSR_P;2014;540000148;540019007;NCINF;10;;10.84
SSR_P;2014;540000270;540003399;M1010;;3;1.7
SSR_P;2014;540000270;540003399;MAUT;;1;0.12
SSR_P;2014;540000270;540003399;N241P;;1;0.75
SSR_P;2014;540000270;540003399;N2450;;1;0.3
SSR_P;2014;540000270;540003399;N2500;14;1;12.93
SSR_P;2014;540000270;540003399;N3120;;1;0.56
SSR_P;2014;540000270;540003399;NAUT;8;;8.02
SSR_P;2014;540000270;540003399;NCINF;12;1;11.62
SSR_P;2014;540000288;540018710;M1010;;4;2
SSR_P;2014;540000288;540018710;MAUT;;1;0.05
SSR_P;2014;540000288;540018710;N241P;;4;2
SSR_P;2014;540000288;540018710;N2450;;1;0.5
SSR_P;2014;540000288;540018710;N2460;;1;0.5
SSR_P;2014;540000288;540018710;N2500;12;1;12.7
SSR_P;2014;540000288;540018710;N2710;;1;0.4
SSR_P;2014;540000288;540018710;N3120;1;;1
SSR_P;2014;540000288;540018710;NCINF;14;1;14.71
SSR_P;2014;540000296;540000106;M1320;2;2;2.5
SSR_P;2014;540000296;540000106;N2500;23;5;27.35
SSR_P;2014;540000296;540000106;N310H;1;;0.9
SSR_P;2014;540000296;540000106;N3120;1;;0.1
SSR_P;2014;540000296;540000106;NAUT;9;2;10.02
SSR_P;2014;540000296;540000106;NCINF;15;4;17.67
SSR_P;2014;540000312;540000114;M1010;1;0;1
SSR_P;2014;540000312;540000114;M1120;1;0;1
SSR_P;2014;540000312;540000114;M1320;2;0;1.5
SSR_P;2014;540000312;540000114;N2450;1;0;0.26
SSR_P;2014;540000312;540000114;N2500;30;1;28.72
SSR_P;2014;540000312;540000114;N2710;1;1;1.46
SSR_P;2014;540000312;540000114;N3120;1;0;1
SSR_P;2014;540000312;540000114;NAUT;10;3;12.62
SSR_P;2014;540000312;540000114;NCINF;14;0;13.53
SSR_P;2014;540000395;540000122;M1180;;5;1.73
SSR_P;2014;540000395;540000122;N2500;25;1;25.25
SSR_P;2014;540000395;540000122;N2710;;1;0.46
SSR_P;2014;540000395;540000122;N310H;;1;0.31
SSR_P;2014;540000395;540000122;N3120;;1;0.35
SSR_P;2014;540000395;540000122;NCINF;11;1;11.55
SSR_P;2014;540000460;540000916;M1010;;2;1
SSR_P;2014;540000460;540000916;M1320;;1;0.18
SSR_P;2014;540000460;540000916;N2500;6;5;6.4
SSR_P;2014;540000460;540000916;N3120;;1;0.43
SSR_P;2014;540000460;540000916;NCINF;4;7;6.43
SSR_P;2014;540000478;540003449;M1040;3;;3
SSR_P;2014;540000478;540003449;N241P;1;;1
SSR_P;2014;540000478;540003449;N2450;1;2;2.2
SSR_P;2014;540000478;540003449;N2710;;2;1
SSR_P;2014;540000478;540003449;N3120;;1;0.34
SSR_P;2014;540000478;540003449;NAUT;1;;1
SSR_P;2014;540000478;540003449;NCINF;2;;2
SSR_P;2014;540000585;540006707;M1010;1;2;2.7
SSR_P;2014;540000585;540006707;M1120;;1;0.05
SSR_P;2014;540000585;540006707;M1140;;1;0.05
SSR_P;2014;540000585;540006707;M1320;;1;0.9
SSR_P;2014;540000585;540006707;MAUT;;5;0.22
SSR_P;2014;540000585;540006707;N241P;1;;1
SSR_P;2014;540000585;540006707;N2450;;1;0.1
SSR_P;2014;540000585;540006707;N2460;1;;1
SSR_P;2014;540000585;540006707;N2500;17;1;17.5
SSR_P;2014;540000585;540006707;N2710;;2;0.4
SSR_P;2014;540000585;540006707;N310H;;1;0.2
SSR_P;2014;540000585;540006707;N3120;1;;1
SSR_P;2014;540000585;540006707;NAUT;21;4;22.7
SSR_P;2014;540000585;540006707;NCINF;19;4;19
SSR_P;2014;540000668;540006707;M1010;2;1;2.1
SSR_P;2014;540000668;540006707;M1120;;1;0.2
SSR_P;2014;540000668;540006707;M1180;2;;2
SSR_P;2014;540000668;540006707;M1320;1;;1
SSR_P;2014;540000668;540006707;MAUT;;2;0.96
SSR_P;2014;540000668;540006707;N241P;10;2;11.37
SSR_P;2014;540000668;540006707;N2430;1;1;1.5
SSR_P;2014;540000668;540006707;N2450;;1;0.4
SSR_P;2014;540000668;540006707;N2460;7;1;7.31
SSR_P;2014;540000668;540006707;N2470;1;;1
SSR_P;2014;540000668;540006707;N2500;30;10;40.12
SSR_P;2014;540000668;540006707;N2710;1;;1
SSR_P;2014;540000668;540006707;N310H;2;1;2.3
SSR_P;2014;540000668;540006707;N3120;1;;1
SSR_P;2014;540000668;540006707;NAUT;35;13;45.05
SSR_P;2014;540000668;540006707;NCINF;23;6;26.77
SSR_P;2014;540000726;750721334;M1010;;3;0.44
SSR_P;2014;540000726;750721334;M1140;;1;0.03
SSR_P;2014;540000726;750721334;M1180;;1;0.02
SSR_P;2014;540000726;750721334;N241P;;2;0.64
SSR_P;2014;540000726;750721334;N2460;;1;0.32
SSR_P;2014;540000726;750721334;N2500;;17;15.81
SSR_P;2014;540000726;750721334;N2710;;1;0.16
SSR_P;2014;540000726;750721334;N310H;;1;0.82
SSR_P;2014;540000726;750721334;N3120;;1;0.5
SSR_P;2014;540000726;750721334;NAUT;;1;0.1
SSR_P;2014;540000726;750721334;NCINF;;14;3.88
SSR_P;2014;540000858;540000437;M1010;;2;1.1
SSR_P;2014;540000858;540000437;M1180;;1;0.03
SSR_P;2014;540000858;540000437;MAUT;;1;0.58
SSR_P;2014;540000858;540000437;N241P;1;1;1.29
SSR_P;2014;540000858;540000437;N2450;;1;0.5
SSR_P;2014;540000858;540000437;N2500;3;3;4.83
SSR_P;2014;540000858;540000437;N3120;;1;0.51
SSR_P;2014;540000858;540000437;NAUT;15;7;16.65
SSR_P;2014;540000858;540000437;NCINF;4;7;8.05
SSR_P;2014;540000973;540006707;M1010;;2;0.03
SSR_P;2014;540000973;540006707;M1120;;1;0.5
SSR_P;2014;540000973;540006707;M1140;;2;0.69
SSR_P;2014;540000973;540006707;MAUT;;2;0.02
SSR_P;2014;540000973;540006707;N241P;;1;0.01
SSR_P;2014;540000973;540006707;N2430;;1;0.5
SSR_P;2014;540000973;540006707;N2470;;1;0.5
SSR_P;2014;540000973;540006707;N2500;;6;1.64
SSR_P;2014;540000973;540006707;N2710;;1;0.5
SSR_P;2014;540000973;540006707;N3120;;9;8.44
SSR_P;2014;540000973;540006707;NCINF;;11;7.62
SSR_P;2014;540001070;540000767;M1320;;4;1.19
SSR_P;2014;540001070;540000767;N241P;2;3;3.82
SSR_P;2014;540001070;540000767;N2460;;1;1.2
SSR_P;2014;540001070;540000767;N2500;12;17;18.78
SSR_P;2014;540001070;540000767;N2710;;2;0.9
SSR_P;2014;540001070;540000767;NAUT;4;12;8.22
SSR_P;2014;540001070;540000767;NCINF;6;18;11.46
SSR_P;2014;540001096;570010181;M1180;1;1;1.03
SSR_P;2014;540001096;570010181;N2500;11;2;11.61
SSR_P;2014;540001096;570010181;NAUT;2;3;3.28
SSR_P;2014;540001096;570010181;NCINF;13;1;8.97
SSR_P;2014;540001104;540000882;M1010;;2;0.45
SSR_P;2014;540001104;540000882;M1320;;2;0.25
SSR_P;2014;540001104;540000882;N241P;;1;0.4
SSR_P;2014;540001104;540000882;N2450;;1;0.2
SSR_P;2014;540001104;540000882;N2500;;19;8.54
SSR_P;2014;540001104;540000882;N2710;;2;0.47
SSR_P;2014;540001104;540000882;N3120;;1;0.51
SSR_P;2014;540001104;540000882;NAUT;;9;5.45
SSR_P;2014;540001104;540000882;NCINF;;17;7.79
SSR_P;2014;540002698;540023264;M1040;2;0;0.7
SSR_P;2014;540002698;540023264;N2500;5;7;5.93
SSR_P;2014;540002698;540023264;NAUT;5;1;4.22
SSR_P;2014;540002698;540023264;NCINF;11;0;6.06
SSR_P;2014;540003043;540023264;M1010;4;0;1.91
SSR_P;2014;540003043;540023264;N2430;0;1;0.26
SSR_P;2014;540003043;540023264;N2470;1;0;0.49
SSR_P;2014;540003043;540023264;N2500;28;7;20.03
SSR_P;2014;540003043;540023264;N2710;1;0;1
SSR_P;2014;540003043;540023264;N3120;2;0;1.04
SSR_P;2014;540003043;540023264;NAUT;12;8;11.44
SSR_P;2014;540003043;540023264;NCINF;25;6;21.45
SSR_P;2014;540005196;540008398;M1010;;3;1.5
SSR_P;2014;540005196;540008398;M1180;0;1;0.75
SSR_P;2014;540005196;540008398;MAUT;;1;0.07
SSR_P;2014;540005196;540008398;N241P;2;;2
SSR_P;2014;540005196;540008398;N2460;1;;1
SSR_P;2014;540005196;540008398;N2500;11;2;12
SSR_P;2014;540005196;540008398;N2710;;1;0.4
SSR_P;2014;540005196;540008398;N3120;1;;1
SSR_P;2014;540005196;540008398;NCINF;8;4;11.15
SSR_P;2014;540009412;540019726;M1180;4;1;3.75
SSR_P;2014;540009412;540019726;M3020;;1;0.2
SSR_P;2014;540009412;540019726;N241P;10;1;9.77
SSR_P;2014;540009412;540019726;N2430;2;1;2.17
SSR_P;2014;540009412;540019726;N2460;10;1;9.47
SSR_P;2014;540009412;540019726;N2470;;1;0.5
SSR_P;2014;540009412;540019726;N2500;27;5;28.47
SSR_P;2014;540009412;540019726;N2710;1;;1
SSR_P;2014;540009412;540019726;N310H;2;;1.96
SSR_P;2014;540009412;540019726;N3120;1;;1
SSR_P;2014;540009412;540019726;NAUT;6;2;6.8
SSR_P;2014;540009412;540019726;NCINF;18;4;20.43
SSR_P;2014;540009701;540019726;M1040;2;;2
SSR_P;2014;540009701;540019726;M1180;12;2;13
SSR_P;2014;540009701;540019726;M3020;;1;0.15
SSR_P;2014;540009701;540019726;MAUT;1;1;1.25
SSR_P;2014;540009701;540019726;N241P;29;88;43.46
SSR_P;2014;540009701;540019726;N2430;;2;0.13
SSR_P;2014;540009701;540019726;N2460;18;17;20.16
SSR_P;2014;540009701;540019726;N2470;;1;0.09
SSR_P;2014;540009701;540019726;N310H;12;3;12.89
SSR_P;2014;540009701;540019726;N3120;;1;0.79
SSR_P;2014;540009701;540019726;NAUT;8;1;7.55
SSR_P;2014;540009701;540019726;NCINF;19;2;20.29
SSR_P;2014;540013737;540019726;M1180;7;3;8.48
SSR_P;2014;540013737;540019726;MAUT;;2;0.32
SSR_P;2014;540013737;540019726;N241P;10;18;16.79
SSR_P;2014;540013737;540019726;N2430;4;4;6.39
SSR_P;2014;540013737;540019726;N2460;8;8;11.43
SSR_P;2014;540013737;540019726;N2470;1;1;1.2
SSR_P;2014;540013737;540019726;N2500;25;1;25.49
SSR_P;2014;540013737;540019726;N2710;1;2;2.45
SSR_P;2014;540013737;540019726;N310H;4;2;5
SSR_P;2014;540013737;540019726;NAUT;2;;2
SSR_P;2014;540013737;540019726;NCINF;14;3;16.46
SSR_P;2014;540020146;540006707;M1180;1;2;2.3
SSR_P;2014;540020146;540006707;M1190;1;1;1.2
SSR_P;2014;540020146;540006707;MAUT;;1;0.58
SSR_P;2014;540020146;540006707;N241P;11;2;12.15
SSR_P;2014;540020146;540006707;N2450;;1;0.21
SSR_P;2014;540020146;540006707;N2460;5;1;5.43
SSR_P;2014;540020146;540006707;N2500;22;1;22.46
SSR_P;2014;540020146;540006707;N2710;;1;0.7
SSR_P;2014;540020146;540006707;N3120;1;;1
SSR_P;2014;540020146;540006707;NAUT;12;15;28.06
SSR_P;2014;540020146;540006707;NCINF;12;3;14
SSR_P;2014;550000012;550006795;M1180;2;;1.99
SSR_P;2014;550000012;550006795;N241P;10;2;9.55
SSR_P;2014;550000012;550006795;N2450;;2;0.37
SSR_P;2014;550000012;550006795;N2460;6;;4
SSR_P;2014;550000012;550006795;N2500;10;2;10.5
SSR_P;2014;550000012;550006795;N2710;1;;0.1
SSR_P;2014;550000012;550006795;N310H;1;;1
SSR_P;2014;550000012;550006795;NAUT;3;1;4.09
SSR_P;2014;550000012;550006795;NCINF;10;3;10.21
SSR_P;2014;550000038;550000046;M1010;;1;0.5
SSR_P;2014;550000038;550000046;N241P;;1;0.25
SSR_P;2014;550000038;550000046;N2460;;1;0.15
SSR_P;2014;550000038;550000046;N2500;10;;9.44
SSR_P;2014;550000038;550000046;N2710;;1;0.26
SSR_P;2014;550000038;550000046;N3120;;1;0.5
SSR_P;2014;550000038;550000046;NAUT;2;1;3.15
SSR_P;2014;550000038;550000046;NCINF;3;2;3.68
SSR_P;2014;550000202;550006795;M1010;;2;0.8
SSR_P;2014;550000202;550006795;N241P;1;1;0.85
SSR_P;2014;550000202;550006795;N2500;20;9;15.29
SSR_P;2014;550000202;550006795;N2710;;;0.47
SSR_P;2014;550000202;550006795;N3120;1;;0.12
SSR_P;2014;550000202;550006795;NAUT;2;1;2.5
SSR_P;2014;550000202;550006795;NCINF;12;3;11.42
SSR_P;2014;550000434;550003354;M1070;;2;0.21
SSR_P;2014;550000434;550003354;M1180;2;2;2.97
SSR_P;2014;550000434;550003354;M1320;2;;2.09
SSR_P;2014;550000434;550003354;N241P;9;4;10.72
SSR_P;2014;550000434;550003354;N2430;2;;1.92
SSR_P;2014;550000434;550003354;N2460;4;2;4.97
SSR_P;2014;550000434;550003354;N2470;;3;1.94
SSR_P;2014;550000434;550003354;N2500;26;1;26.88
SSR_P;2014;550000434;550003354;N2710;2;;2
SSR_P;2014;550000434;550003354;N3120;;2;0.58
SSR_P;2014;550000434;550003354;NAUT;11;1;10.57
SSR_P;2014;550000434;550003354;NCINF;22;1;21.21
SSR_P;2014;550003362;550006795;M1010;;1;0.1
SSR_P;2014;550003362;550006795;M1320;1;;1.83
SSR_P;2014;550003362;550006795;N2500;33;1;31.38
SSR_P;2014;550003362;550006795;N2710;2;1;0.85
SSR_P;2014;550003362;550006795;N3120;1;;0.1
SSR_P;2014;550003362;550006795;NAUT;1;;1
SSR_P;2014;550003362;550006795;NCINF;15;;13.22
SSR_P;2014;560000127;560023210;M1180;3;1;2.9
SSR_P;2014;560000127;560023210;M1320;3;2;2.17
SSR_P;2014;560000127;560023210;N241P;13;6;14.3
SSR_P;2014;560000127;560023210;N2430;2;0;1.25
SSR_P;2014;560000127;560023210;N2460;4;4;5.6
SSR_P;2014;560000127;560023210;N2470;1;1;0.58
SSR_P;2014;560000127;560023210;N2500;68;21;71.09
SSR_P;2014;560000127;560023210;N2710;3;1;1.38
SSR_P;2014;560000127;560023210;N3120;1;3;0.9
SSR_P;2014;560000127;560023210;NAUT;15;8;16.24
SSR_P;2014;560000127;560023210;NCINF;35;27;46.8
SSR_P;2014;560000184;560006017;M1180;;2;1
SSR_P;2014;560000184;560006017;MAUT;2;4;2.2
SSR_P;2014;560000184;560006017;N241P;1;4;4.35
SSR_P;2014;560000184;560006017;N2430;;1;0.65
SSR_P;2014;560000184;560006017;N2450;;3;1.05
SSR_P;2014;560000184;560006017;N2460;1;3;2.5
SSR_P;2014;560000184;560006017;N2500;13;26;28.33
SSR_P;2014;560000184;560006017;N2710;;2;0.2
SSR_P;2014;560000184;560006017;N3120;;2;0.75
SSR_P;2014;560000184;560006017;NAUT;5;7;8.87
SSR_P;2014;560000184;560006017;NCINF;14;32;33.22
SSR_P;2014;560000200;560023210;M1180;1;1;1.5
SSR_P;2014;560000200;560023210;M1320;1;1;0.9
SSR_P;2014;560000200;560023210;N241P;5;2;6.3
SSR_P;2014;560000200;560023210;N2430;1;0;0.1
SSR_P;2014;560000200;560023210;N2460;1;2;1.8
SSR_P;2014;560000200;560023210;N2470;1;0;1.13
SSR_P;2014;560000200;560023210;N2500;34;8;43.02
SSR_P;2014;560000200;560023210;N2710;1;1;0.34
SSR_P;2014;560000200;560023210;N3120;1;2;0.85
SSR_P;2014;560000200;560023210;NAUT;7;2;8.52
SSR_P;2014;560000200;560023210;NCINF;17;10;25.62
SSR_P;2014;560000275;560005746;M1010;2;1;2.4
SSR_P;2014;560000275;560005746;M1180;;1;0.25
SSR_P;2014;560000275;560005746;M1320;2;3;3.6
SSR_P;2014;560000275;560005746;M3020;;1;0.1
SSR_P;2014;560000275;560005746;N2500;33;18;40.73
SSR_P;2014;560000275;560005746;N2710;;1;0.02
SSR_P;2014;560000275;560005746;NAUT;3;1;3.56
SSR_P;2014;560000275;560005746;NCINF;31;12;35.09
SSR_P;2014;560000283;560000077;M1010;;1;0.5
SSR_P;2014;560000283;560000077;N241P;1;;1
SSR_P;2014;560000283;560000077;N2500;13;5;15.09
SSR_P;2014;560000283;560000077;N2710;;1;0.69
SSR_P;2014;560000283;560000077;NAUT;3;1;2.4
SSR_P;2014;560000283;560000077;NCINF;8;1;9.22
SSR_P;2014;560000291;560000085;M1320;1;;0.03
SSR_P;2014;560000291;560000085;N241P;1;;0.21
SSR_P;2014;560000291;560000085;N2460;1;;0.03
SSR_P;2014;560000291;560000085;N2500;2;1;2.4
SSR_P;2014;560000291;560000085;N2710;1;;0.03
SSR_P;2014;560000291;560000085;NAUT;4;2;1.06
SSR_P;2014;560000291;560000085;NCINF;1;2;2.42
SSR_P;2014;560000366;560000259;M1010;;4;1.25
SSR_P;2014;560000366;560000259;M1040;;1;0.05
SSR_P;2014;560000366;560000259;M1180;;1;0.05
SSR_P;2014;560000366;560000259;M3020;;1;0.05
SSR_P;2014;560000366;560000259;N241P;1;;1
SSR_P;2014;560000366;560000259;N2450;1;;0.4
SSR_P;2014;560000366;560000259;N2460;1;;0.6
SSR_P;2014;560000366;560000259;N2500;12;2;10.19
SSR_P;2014;560000366;560000259;N2710;;1;0.2
SSR_P;2014;560000366;560000259;N3120;;1;0.6
SSR_P;2014;560000366;560000259;NAUT;7;5;6.51
SSR_P;2014;560000366;560000259;NCINF;6;3;5.7
SSR_P;2014;560000390;560006074;M3020;;1;0.1
SSR_P;2014;560000390;560006074;MAUT;;1;0.6
SSR_P;2014;560000390;560006074;N2460;1;;1
SSR_P;2014;560000390;560006074;N2710;1;1;1.9
SSR_P;2014;560000390;560006074;N310H;3;;3
SSR_P;2014;560000390;560006074;N3120;1;;1
SSR_P;2014;560000390;560006074;NAUT;3;;3
SSR_P;2014;560000390;560006074;NCINF;5;2;6.6
SSR_P;2014;560000408;560002065;M1180;;2;0.34
SSR_P;2014;560000408;560002065;N241P;1;1;1.6
SSR_P;2014;560000408;560002065;N2450;;1;0.5
SSR_P;2014;560000408;560002065;N2460;1;;0.2
SSR_P;2014;560000408;560002065;N2500;11;2;10.3
SSR_P;2014;560000408;560002065;N3120;;1;0.3
SSR_P;2014;560000408;560002065;NAUT;2;;2.54
SSR_P;2014;560000408;560002065;NCINF;3;3;5.2
SSR_P;2014;560000424;560006074;M1010;;2;1.1
SSR_P;2014;560000424;560006074;M1180;;1;0.1
SSR_P;2014;560000424;560006074;MAUT;;;0.2
SSR_P;2014;560000424;560006074;N241P;1;1;1.3
SSR_P;2014;560000424;560006074;N2460;;1;0.1
SSR_P;2014;560000424;560006074;N2500;9;7;13.9
SSR_P;2014;560000424;560006074;N2710;;1;0.1
SSR_P;2014;560000424;560006074;N3120;;1;0.11
SSR_P;2014;560000424;560006074;NAUT;3;7;9.48
SSR_P;2014;560000424;560006074;NCINF;5;6;9.54
SSR_P;2014;560000465;560002198;M1010;;3;0.39
SSR_P;2014;560000465;560002198;M1320;;2;0.46
SSR_P;2014;560000465;560002198;N241P;;2;0.18
SSR_P;2014;560000465;560002198;N2450;;1;0.19
SSR_P;2014;560000465;560002198;N2460;1;;0.31
SSR_P;2014;560000465;560002198;N2500;11;5;9.51
SSR_P;2014;560000465;560002198;N2710;;1;0.2
SSR_P;2014;560000465;560002198;N3120;;1;0.5
SSR_P;2014;560000465;560002198;NAUT;30;8;5.64
SSR_P;2014;560000465;560002198;NCINF;12;4;6.21
SSR_P;2014;560000473;560002206;M1320;;3;0.17
SSR_P;2014;560000473;560002206;N241P;;1;0.8
SSR_P;2014;560000473;560002206;N2500;7;1;7.01
SSR_P;2014;560000473;560002206;N2710;;1;0.1
SSR_P;2014;560000473;560002206;N3120;;1;0.2
SSR_P;2014;560000473;560002206;NAUT;2;1;2.65
SSR_P;2014;560000473;560002206;NCINF;9;1;8.64
SSR_P;2014;560000499;560002222;M1010;3;;0.93
SSR_P;2014;560000499;560002222;MAUT;;1;0.31
SSR_P;2014;560000499;560002222;N2500;11;7;13.75
SSR_P;2014;560000499;560002222;NAUT;1;;1.58
SSR_P;2014;560000499;560002222;NCINF;8;3;9.23
SSR_P;2014;560002024;560006074;M1010;;2;0.94
SSR_P;2014;560002024;560006074;M1040;1;2;1.22
SSR_P;2014;560002024;560006074;M1120;;1;0.06
SSR_P;2014;560002024;560006074;M1150;;1;0.09
SSR_P;2014;560002024;560006074;M1180;6;12;13.93
SSR_P;2014;560002024;560006074;M1190;;1;0.02
SSR_P;2014;560002024;560006074;N241P;31;30;57.69
SSR_P;2014;560002024;560006074;N2430;4;2;5.42
SSR_P;2014;560002024;560006074;N2450;1;2;1.99
SSR_P;2014;560002024;560006074;N2460;8;26;28.09
SSR_P;2014;560002024;560006074;N2470;;3;1.26
SSR_P;2014;560002024;560006074;N2500;63;74;141.29
SSR_P;2014;560002024;560006074;N2710;6;9;11.83
SSR_P;2014;560002024;560006074;N310H;16;20;33.71
SSR_P;2014;560002024;560006074;N3120;2;7;7.05
SSR_P;2014;560002024;560006074;NCINF;56;51;81.67
SSR_P;2014;560002974;830013678;M1010;;2;1.6
SSR_P;2014;560002974;830013678;M1320;1;1;1.7
SSR_P;2014;560002974;830013678;MAUT;;1;0.6
SSR_P;2014;560002974;830013678;N241P;3;3;3.4
SSR_P;2014;560002974;830013678;N2430;;1;0.33
SSR_P;2014;560002974;830013678;N2450;;1;0.8
SSR_P;2014;560002974;830013678;N2460;;1;0.4
SSR_P;2014;560002974;830013678;N2500;24;13;31.26
SSR_P;2014;560002974;830013678;N2710;;1;0.7
SSR_P;2014;560002974;830013678;N310H;;1;0.2
SSR_P;2014;560002974;830013678;NAUT;5;41;33.22
SSR_P;2014;560002974;830013678;NCINF;12;16;19.95
SSR_P;2014;560003006;560000770;M3020;;1;0.1
SSR_P;2014;560003006;560000770;MAUT;;1;0.5
SSR_P;2014;560003006;560000770;N2500;;3;1.5
SSR_P;2014;560003006;560000770;N2710;;2;1.1
SSR_P;2014;560003006;560000770;N310H;2;2;3.34
SSR_P;2014;560003006;560000770;N3120;;1;0.6
SSR_P;2014;560003006;560000770;NCINF;;8;5.75
SSR_P;2014;560003055;440042844;M1180;3;2;3.47
SSR_P;2014;560003055;440042844;MAUT;;2;0.59
SSR_P;2014;560003055;440042844;N241P;2;6;2.32
SSR_P;2014;560003055;440042844;N2450;1;1;1.24
SSR_P;2014;560003055;440042844;N2470;21;10;27.92
SSR_P;2014;560003055;440042844;N2500;;2;0.29
SSR_P;2014;560003055;440042844;N3120;;1;0.6
SSR_P;2014;560003055;440042844;NAUT;28;9;34.35
SSR_P;2014;560003055;440042844;NCINF;16;5;20.26
SSR_P;2014;560003980;560005746;M1180;;1;0.2
SSR_P;2014;560003980;560005746;M1320;2;;1.5
SSR_P;2014;560003980;560005746;M3020;;1;0.05
SSR_P;2014;560003980;560005746;MAUT;;1;0.05
SSR_P;2014;560003980;560005746;N241P;;1;0.23
SSR_P;2014;560003980;560005746;N2710;9;6;14.3
SSR_P;2014;560003980;560005746;NAUT;4;1;4.44
SSR_P;2014;560003980;560005746;NCINF;7;5;10.3
SSR_P;2014;560014219;560014748;M1010;1;;1.41
SSR_P;2014;560014219;560014748;M1320;;1;1
SSR_P;2014;560015422;560002214;M1320;3;;2.15
SSR_P;2014;560015422;560002214;N241P;1;1;1.81
SSR_P;2014;560015422;560002214;N2450;;1;0.75
SSR_P;2014;560015422;560002214;N2460;;1;0.43
SSR_P;2014;560015422;560002214;N2500;16;4;18.15
SSR_P;2014;560015422;560002214;N2710;;1;0.33
SSR_P;2014;560015422;560002214;NCINF;11;3;9.8
SSR_P;2014;570000026;570024794;M1180;1;;1
SSR_P;2014;570000026;570024794;N241P;;1;0.5
SSR_P;2014;570000026;570024794;N2500;8;;8
SSR_P;2014;570000026;570024794;N2710;;1;0.5
SSR_P;2014;570000026;570024794;NCINF;4;;4
SSR_P;2014;570000091;750050759;M1010;2;;2
SSR_P;2014;570000091;750050759;M1180;3;;3
SSR_P;2014;570000091;750050759;N241P;11;;10
SSR_P;2014;570000091;750050759;N2430;;1;0.46
SSR_P;2014;570000091;750050759;N2450;;1;0.5
SSR_P;2014;570000091;750050759;N2460;4;;4
SSR_P;2014;570000091;750050759;N2500;39;8;43.86
SSR_P;2014;570000091;750050759;N2710;;2;0.6
SSR_P;2014;570000091;750050759;N3120;;1;0.5
SSR_P;2014;570000091;750050759;NAUT;9;;9
SSR_P;2014;570000091;750050759;NCINF;28;9;33.3
SSR_P;2014;570000109;570000034;M1180;1;;1
SSR_P;2014;570000109;570000034;M1320;3;;3
SSR_P;2014;570000109;570000034;N241P;2;;1.8
SSR_P;2014;570000109;570000034;N2450;;1;0.5
SSR_P;2014;570000109;570000034;N2500;18;4;21.49
SSR_P;2014;570000109;570000034;N2710;;2;1.5
SSR_P;2014;570000109;570000034;N3120;;1;0.45
SSR_P;2014;570000109;570000034;NCINF;8;6;12.43
SSR_P;2014;570000166;570010173;M1320;1;;1
SSR_P;2014;570000166;570010173;MAUT;;1;0.35
SSR_P;2014;570000166;570010173;N241P;;1;0.58
SSR_P;2014;570000166;570010173;N2450;;1;0.25
SSR_P;2014;570000166;570010173;N2460;;1;0.75
SSR_P;2014;570000166;570010173;N2500;9;12;13.48
SSR_P;2014;570000166;570010173;N2710;;;0.22
SSR_P;2014;570000166;570010173;N3120;;;0.24
SSR_P;2014;570000166;570010173;NCINF;8;5;11.89
SSR_P;2014;570000281;570005165;M1010;3;2;2.4
SSR_P;2014;570000281;570005165;M1040;2;2;2.4
SSR_P;2014;570000281;570005165;N241P;3;;2.08
SSR_P;2014;570000281;570005165;N2460;;;0.35
SSR_P;2014;570000281;570005165;N2500;10;1;10.46
SSR_P;2014;570000281;570005165;N3120;;2;0.65
SSR_P;2014;570000281;570005165;NAUT;;;0.17
SSR_P;2014;570000281;570005165;NCINF;9;1;9.75
SSR_P;2014;570000349;570005165;M1120;2;;2
SSR_P;2014;570000349;570005165;M1180;2;0;2
SSR_P;2014;570000349;570005165;M1320;9;0;9
SSR_P;2014;570000349;570005165;N241P;9;3;10.06
SSR_P;2014;570000349;570005165;N2460;;1;0.81
SSR_P;2014;570000349;570005165;N2500;46;13;52.79
SSR_P;2014;570000349;570005165;N2710;1;;0.71
SSR_P;2014;570000349;570005165;N3120;1;2;1.9
SSR_P;2014;570000349;570005165;NAUT;2;;1.72
SSR_P;2014;570000349;570005165;NCINF;29;14;38.66
SSR_P;2014;570000356;570000919;M1010;;3;1.5
SSR_P;2014;570000356;570000919;N241P;;7;3.5
SSR_P;2014;570000356;570000919;N2450;;1;0.01
SSR_P;2014;570000356;570000919;N2500;7;;5
SSR_P;2014;570000356;570000919;N3120;;1;0.22
SSR_P;2014;570000356;570000919;NAUT;2;;2
SSR_P;2014;570000356;570000919;NCINF;6;;6
SSR_P;2014;570000380;570000034;M1040;3;;0.65
SSR_P;2014;570000380;570000034;M1180;3;1;4.83
SSR_P;2014;570000380;570000034;MAUT;;1;0.6
SSR_P;2014;570000380;570000034;N241P;8;1;8.02
SSR_P;2014;570000380;570000034;N2430;;1;0.91
SSR_P;2014;570000380;570000034;N2450;;2;1.36
SSR_P;2014;570000380;570000034;N2460;4;2;3.76
SSR_P;2014;570000380;570000034;N2500;33;1;33.86
SSR_P;2014;570000380;570000034;N2710;;1;0.5
SSR_P;2014;570000380;570000034;N3120;;1;0.5
SSR_P;2014;570000380;570000034;NCINF;17;8;23.77
SSR_P;2014;570000448;750050759;M1320;1;2;2.6
SSR_P;2014;570000448;750050759;MAUT;;1;0.38
SSR_P;2014;570000448;750050759;N241P;1;1;1.81
SSR_P;2014;570000448;750050759;N2460;;2;1.06
SSR_P;2014;570000448;750050759;N2500;22;1;21.5
SSR_P;2014;570000448;750050759;N2710;;1;0.6
SSR_P;2014;570000448;750050759;N3120;;1;0.6
SSR_P;2014;570000448;750050759;NAUT;;1;0.7
SSR_P;2014;570000448;750050759;NCINF;12;6;16.5
SSR_P;2014;570000455;570010173;M1010;;1;0.5
SSR_P;2014;570000455;570010173;M1320;;1;0.22
SSR_P;2014;570000455;570010173;N241P;;1;0.23
SSR_P;2014;570000455;570010173;N2450;;1;0.25
SSR_P;2014;570000455;570010173;N2460;;1;0.14
SSR_P;2014;570000455;570010173;N2500;3;1;3.8
SSR_P;2014;570000455;570010173;N2710;;1;0.1
SSR_P;2014;570000455;570010173;NAUT;2;2;2.98
SSR_P;2014;570000455;570010173;NCINF;3;2;3.7
SSR_P;2014;570000489;750050759;M1320;1;;1
SSR_P;2014;570000489;750050759;N241P;1;;1
SSR_P;2014;570000489;750050759;N2500;9;;9.5
SSR_P;2014;570000489;750050759;NCINF;4;2;5.3
SSR_P;2014;570000547;540019726;M1180;2;1;2.25
SSR_P;2014;570000547;540019726;MAUT;;1;0.5
SSR_P;2014;570000547;540019726;N241P;1;;1
SSR_P;2014;570000547;540019726;N2500;20;0;20
SSR_P;2014;570000547;540019726;N2710;;1;0.5
SSR_P;2014;570000547;540019726;N3120;;1;0.5
SSR_P;2014;570000547;540019726;NAUT;19;11;18.96
SSR_P;2014;570000547;540019726;NCINF;15;3;15.72
SSR_P;2014;570000562;570011353;M1320;2;1;2.09
SSR_P;2014;570000562;570011353;N241P;1;2;1.05
SSR_P;2014;570000562;570011353;N2430;;1;0.35
SSR_P;2014;570000562;570011353;N2460;;2;1.23
SSR_P;2014;570000562;570011353;N2470;;1;0.1
SSR_P;2014;570000562;570011353;N2500;14;2;15.75
SSR_P;2014;570000562;570011353;N2710;;2;1.46
SSR_P;2014;570000562;570011353;N3120;;1;0.6
SSR_P;2014;570000562;570011353;NAUT;;25;17.7
SSR_P;2014;570000562;570011353;NCINF;10;2;11.73
SSR_P;2014;570000596;750821092;M1180;3;;2.33
SSR_P;2014;570000596;750821092;N241P;5;2;7.18
SSR_P;2014;570000596;750821092;N2430;;1;0.8
SSR_P;2014;570000596;750821092;N2460;1;;1
SSR_P;2014;570000596;750821092;N2470;;1;0.7
SSR_P;2014;570000596;750821092;N2500;8;;8
SSR_P;2014;570000596;750821092;NAUT;2;;2
SSR_P;2014;570000596;750821092;NCINF;11;;11
SSR_P;2014;570000661;570000158;M1010;1;;1
SSR_P;2014;570000661;570000158;N241P;2;;2
SSR_P;2014;570000661;570000158;N2500;9;7;14.11
SSR_P;2014;570000661;570000158;NAUT;7;4;9.09
SSR_P;2014;570000661;570000158;NCINF;11;2;11.65
SSR_P;2014;570000687;570025254;M1010;2;1;2.9
SSR_P;2014;570000687;570025254;M1040;0;2;1.2
SSR_P;2014;570000687;570025254;MAUT;;1;0.6
SSR_P;2014;570000687;570025254;N241P;1;3;2.39
SSR_P;2014;570000687;570025254;N2460;5;1;4.23
SSR_P;2014;570000687;570025254;N2500;20;3;14.9
SSR_P;2014;570000687;570025254;N2710;1;;1
SSR_P;2014;570000687;570025254;N310H;;1;0.08
SSR_P;2014;570000687;570025254;N3120;1;;1
SSR_P;2014;570000687;570025254;NAUT;10;11;11.91
SSR_P;2014;570000687;570025254;NCINF;18;18;23.02
SSR_P;2014;570000794;930019484;M1180;3;1;3.74
SSR_P;2014;570000794;930019484;MAUT;;2;0.6
SSR_P;2014;570000794;930019484;N241P;10;2;10.93
SSR_P;2014;570000794;930019484;N2450;;1;0.46
SSR_P;2014;570000794;930019484;N2460;5;0;5
SSR_P;2014;570000794;930019484;N2500;5;5;8.78
SSR_P;2014;570000794;930019484;N2710;;1;0.76
SSR_P;2014;570000794;930019484;N3120;2;;1.48
SSR_P;2014;570000794;930019484;NAUT;21;13;31.06
SSR_P;2014;570000794;930019484;NCINF;8;3;10.12
SSR_P;2014;570000828;570011452;M1010;;2;1
SSR_P;2014;570000828;570011452;M3020;;1;0.15
SSR_P;2014;570000828;570011452;N2460;1;;1
SSR_P;2014;570000828;570011452;N2500;1;;1
SSR_P;2014;570000828;570011452;N2710;1;2;1.93
SSR_P;2014;570000828;570011452;N310H;1;1;1.8
SSR_P;2014;570000828;570011452;N3120;1;;1
SSR_P;2014;570000828;570011452;NCINF;5;4;8.36
SSR_P;2014;570000950;570000398;M1320;;1;0.4
SSR_P;2014;570000950;570000398;MAUT;;2;0.22
SSR_P;2014;570000950;570000398;N241P;;1;0.5
SSR_P;2014;570000950;570000398;N2500;3;;3
SSR_P;2014;570000950;570000398;N2710;;1;0.1
SSR_P;2014;570000950;570000398;N3120;;1;0.15
SSR_P;2014;570000950;570000398;NAUT;;6;5.42
SSR_P;2014;570000950;570000398;NCINF;2;1;2.3
SSR_P;2014;570000968;570000430;M1180;1;1;1.26
SSR_P;2014;570000968;570000430;N241P;1;1;1.36
SSR_P;2014;570000968;570000430;N2460;1;1;1.5
SSR_P;2014;570000968;570000430;N2500;8;7;16.09
SSR_P;2014;570000968;570000430;N2710;;1;0.5
SSR_P;2014;570000968;570000430;NAUT;7;4;10.64
SSR_P;2014;570000968;570000430;NCINF;11;7;16.22
SSR_P;2014;570000992;570000497;M1180;;1;0.5
SSR_P;2014;570000992;570000497;N2500;;7;5.4
SSR_P;2014;570000992;570000497;N2710;;1;0.25
SSR_P;2014;570000992;570000497;N310H;1;;1
SSR_P;2014;570000992;570000497;NCINF;;8;6.2
SSR_P;2014;570001057;570023630;M1040;;1;0.8
SSR_P;2014;570001057;570023630;M1180;4;;4
SSR_P;2014;570001057;570023630;N2500;17;2;16.33
SSR_P;2014;570001057;570023630;NAUT;3;1;3.75
SSR_P;2014;570001057;570023630;NCINF;15;7;19.34
SSR_P;2014;570001099;570023630;M1320;;2;0.77
SSR_P;2014;570001099;570023630;N2460;1;;1
SSR_P;2014;570001099;570023630;N2500;8;3;9.72
SSR_P;2014;570001099;570023630;NAUT;;1;0.8
SSR_P;2014;570001099;570023630;NCINF;10;3;9.16
SSR_P;2014;570003079;570010181;M1320;1;2;2
SSR_P;2014;570003079;570010181;M3020;;1;0.05
SSR_P;2014;570003079;570010181;MAUT;;1;0.1
SSR_P;2014;570003079;570010181;N241P;1;1;1.5
SSR_P;2014;570003079;570010181;N2430;;1;0.15
SSR_P;2014;570003079;570010181;N2450;;1;0.15
SSR_P;2014;570003079;570010181;N2460;;;0.2
SSR_P;2014;570003079;570010181;N2500;16;2;17
SSR_P;2014;570003079;570010181;N2710;;2;0.6
SSR_P;2014;570003079;570010181;NAUT;11;7;15.25
SSR_P;2014;570003079;570010181;NCINF;11;7;13.8
SSR_P;2014;570003103;540019726;M1180;4;;4
SSR_P;2014;570003103;540019726;MAUT;;1;0.5
SSR_P;2014;570003103;540019726;N241P;13;2;11.86
SSR_P;2014;570003103;540019726;N2430;1;;0.32
SSR_P;2014;570003103;540019726;N2450;;1;0.86
SSR_P;2014;570003103;540019726;N2460;1;4;4.59
SSR_P;2014;570003103;540019726;N2470;1;;1
SSR_P;2014;570003103;540019726;N2500;31;7;33.4
SSR_P;2014;570003103;540019726;N2710;;1;0.5
SSR_P;2014;570003103;540019726;N3120;1;;1
SSR_P;2014;570003103;540019726;NCINF;13;5;16.24
SSR_P;2014;570005215;570005165;M1040;1;1;1.1
SSR_P;2014;570005215;570005165;M1180;1;;1
SSR_P;2014;570005215;570005165;M1320;3;;3
SSR_P;2014;570005215;570005165;N241P;12;5;14.92
SSR_P;2014;570005215;570005165;N2500;15;19;28.32
SSR_P;2014;570005215;570005165;N3120;;1;0.95
SSR_P;2014;570005215;570005165;NAUT;7;5;10.49
SSR_P;2014;570005215;570005165;NCINF;10;17;19.67
SSR_P;2014;570009670;570000307;M1180;;1;0.8
SSR_P;2014;570009670;570000307;M1320;;2;1.3
SSR_P;2014;570009670;570000307;N241P;;5;2.75
SSR_P;2014;570009670;570000307;N2430;;1;0.1
SSR_P;2014;570009670;570000307;N2450;;1;0.5
SSR_P;2014;570009670;570000307;N2460;;1;0.5
SSR_P;2014;570009670;570000307;N2500;17;6;21.5
SSR_P;2014;570009670;570000307;N2710;;1;0.4
SSR_P;2014;570009670;570000307;N3120;;1;0.5
SSR_P;2014;570009670;570000307;NCINF;7;5;11.2
SSR_P;2014;570012369;570011387;M1010;;1;0.9
SSR_P;2014;570012369;570011387;MAUT;;1;0.14
SSR_P;2014;570012369;570011387;N2500;5;3;6.6
SSR_P;2014;570012369;570011387;N2710;;1;0.5
SSR_P;2014;570012369;570011387;N3120;;1;0.25
SSR_P;2014;570012369;570011387;NCINF;4;8;9.35
SSR_P;2014;570012633;540019726;M1010;1;;2.62
SSR_P;2014;570012633;540019726;M1070;;1;0.69
SSR_P;2014;570012633;540019726;N2450;3;1;3.5
SSR_P;2014;570012633;540019726;N2500;4;8;7.1
SSR_P;2014;570012633;540019726;N2710;;1;0.5
SSR_P;2014;570012633;540019726;N310H;3;;3
SSR_P;2014;570012633;540019726;NCINF;4;7;7.43
SSR_P;2014;570026682;570005165;M1180;2;1;2.5
SSR_P;2014;570026682;570005165;N241P;2;;2
SSR_P;2014;570026682;570005165;N2500;;13;5.76
SSR_P;2014;570026682;570005165;N3120;;1;0.15
SSR_P;2014;570026682;570005165;NAUT;;1;0.22
SSR_P;2014;570026682;570005165;NCINF;1;18;9.44
SSR_P;2014;580004836;580780039;M1320;1;;0.8
SSR_P;2014;580004836;580780039;N241P;;15;1.2
SSR_P;2014;580004836;580780039;N2430;;1;0.1
SSR_P;2014;580004836;580780039;N2460;;1;0.2
SSR_P;2014;580004836;580780039;N2500;22;3;24.15
SSR_P;2014;580004836;580780039;N2710;;2;0.75
SSR_P;2014;580004836;580780039;NAUT;1;2;2.4
SSR_P;2014;580004836;580780039;NCINF;20;3;22.4
SSR_P;2014;580780138;580000024;N2500;2;;2
SSR_P;2014;580780138;580000024;NCINF;4;;4
SSR_P;2014;580780187;580000057;M1010;;3;0.5
SSR_P;2014;580780187;580000057;N241P;;2;0.6
SSR_P;2014;580780187;580000057;N2500;9;;8.3
SSR_P;2014;580780187;580000057;NAUT;11;;9.05
SSR_P;2014;580780187;580000057;NCINF;7;;5.8
SSR_P;2014;580780203;580000073;M1010;2;;1.79
SSR_P;2014;580780203;580000073;M1040;;1;0.06
SSR_P;2014;580780203;580000073;M1070;;1;0.03
SSR_P;2014;580780203;580000073;N241P;1;;1
SSR_P;2014;580780203;580000073;N2450;1;;1
SSR_P;2014;580780203;580000073;N2500;1;2;2.5
SSR_P;2014;580780203;580000073;N310H;1;;0.9
SSR_P;2014;580780203;580000073;N3120;1;;0.9
SSR_P;2014;580780203;580000073;NAUT;14;1;14.5
SSR_P;2014;580780203;580000073;NCINF;9;2;8.12
SSR_P;2014;580971349;580002129;M1010;;3;1.5
SSR_P;2014;580971349;580002129;M1040;;1;0.21
SSR_P;2014;580971349;580002129;M1070;;1;0.03
SSR_P;2014;580971349;580002129;M1320;;1;0.35
SSR_P;2014;580971349;580002129;N241P;;4;2
SSR_P;2014;580971349;580002129;N2450;;1;0.53
SSR_P;2014;580971349;580002129;N2460;;1;0.12
SSR_P;2014;580971349;580002129;N2500;;17;15.71
SSR_P;2014;580971349;580002129;N2710;;1;0.23
SSR_P;2014;580971349;580002129;N3120;;1;0.27
SSR_P;2014;580971349;580002129;NCINF;14;;13.02
SSR_P;2014;580972008;580000628;M1010;1;;1
SSR_P;2014;580972008;580000628;M1180;4;;4
SSR_P;2014;580972008;580000628;N241P;14;2;14.84
SSR_P;2014;580972008;580000628;N2430;1;0;1
SSR_P;2014;580972008;580000628;N2450;0;1;0.5
SSR_P;2014;580972008;580000628;N2460;3;4;6.14
SSR_P;2014;580972008;580000628;N2500;31;2;33.14
SSR_P;2014;580972008;580000628;N2710;1;0;1
SSR_P;2014;580972008;580000628;N3120;1;1;1.5
SSR_P;2014;580972008;580000628;NAUT;34;6;39.6
SSR_P;2014;580972008;580000628;NCINF;19;0;18.6
SSR_P;2014;580972610;580780054;M1180;;1;0.4
SSR_P;2014;580972610;580780054;N241P;;1;0.15
SSR_P;2014;580972610;580780054;N2500;3;1;3.8
SSR_P;2014;580972610;580780054;NAUT;1;;1
SSR_P;2014;580972610;580780054;NCINF;4;1;4.5
SSR_P;2014;580972628;580780039;M1320;;1;0.5
SSR_P;2014;580972628;580780039;N241P;;1;0.62
SSR_P;2014;580972628;580780039;N2450;;1;0.3
SSR_P;2014;580972628;580780039;N2500;12;1;6.24
SSR_P;2014;580972628;580780039;NAUT;3;2;1.23
SSR_P;2014;580972628;580780039;NCINF;9;1;6.03
SSR_P;2014;580972644;580781136;N241P;1;1;1.8
SSR_P;2014;580972644;580781136;N2430;;1;0.1
SSR_P;2014;580972644;580781136;N2500;21;;21
SSR_P;2014;580972644;580781136;NAUT;8;;7.5
SSR_P;2014;580972644;580781136;NCINF;9;2;10.7
SSR_P;2014;580972651;580780047;M1320;1;;0.26
SSR_P;2014;580972651;580780047;N241P;1;;0.05
SSR_P;2014;580972651;580780047;N2450;1;;0.2
SSR_P;2014;580972651;580780047;N2500;5;1;5.2
SSR_P;2014;580972651;580780047;N2710;1;;0.1
SSR_P;2014;580972651;580780047;N3120;1;;0.2
SSR_P;2014;580972651;580780047;NAUT;4;;3.6
SSR_P;2014;580972651;580780047;NCINF;4;;4.06
SSR_P;2014;580972677;580780088;M1320;1;;1
SSR_P;2014;580972677;580780088;N2500;11;2;12.36
SSR_P;2014;580972677;580780088;N2710;1;;1
SSR_P;2014;580972677;580780088;NAUT;10;;10
SSR_P;2014;580972677;580780088;NCINF;5;3;7.32
SSR_P;2014;580972685;580780096;M1010;;1;0.37
SSR_P;2014;580972685;580780096;N241P;1;;0.3
SSR_P;2014;580972685;580780096;N2450;1;;0.56
SSR_P;2014;580972685;580780096;N2500;12;2;10.55
SSR_P;2014;580972685;580780096;N2710;1;;0.2
SSR_P;2014;580972685;580780096;N3120;1;;0.18
SSR_P;2014;580972685;580780096;NCINF;8;;7.96
SSR_P;2014;580972693;580780039;M1010;1;;1
SSR_P;2014;580972693;580780039;M1040;;1;0.35
SSR_P;2014;580972693;580780039;M1150;1;;0.15
SSR_P;2014;580972693;580780039;M1180;1;;1
SSR_P;2014;580972693;580780039;N241P;;15;3.1
SSR_P;2014;580972693;580780039;N2430;;1;0.3
SSR_P;2014;580972693;580780039;N2450;;1;0.4
SSR_P;2014;580972693;580780039;N2460;;1;0.8
SSR_P;2014;580972693;580780039;N2500;3;2;4.04
SSR_P;2014;580972693;580780039;NCINF;4;3;5.55
SSR_P;2014;590000014;590780052;M1040;;1;0.2
SSR_P;2014;590000014;590780052;M1150;;1;0.2
SSR_P;2014;590000014;590780052;M1320;2;1;2
SSR_P;2014;590000014;590780052;MAUT;1;;0.16
SSR_P;2014;590000014;590780052;N241P;1;;0.55
SSR_P;2014;590000014;590780052;N2500;18;3;21.45
SSR_P;2014;590000014;590780052;N2710;1;;0.1
SSR_P;2014;590000014;590780052;N3120;1;;0.25
SSR_P;2014;590000014;590780052;NAUT;8;2;5
SSR_P;2014;590000014;590780052;NCINF;17;3;18.3
SSR_P;2014;590000097;590780185;M1180;;;2
SSR_P;2014;590000097;590780185;N2500;29;7;35.45
SSR_P;2014;590000097;590780185;NAUT;13;1;13.1
SSR_P;2014;590000097;590780185;NCINF;22;4;25.08
SSR_P;2014;590000113;590053120;M1010;1;3;3.2
SSR_P;2014;590000113;590053120;M1150;1;1;1.71
SSR_P;2014;590000113;590053120;M1180;1;0;1
SSR_P;2014;590000113;590053120;M1320;0;1;0.8
SSR_P;2014;590000113;590053120;N241P;6;0;5.9
SSR_P;2014;590000113;590053120;N2450;0;1;0.2
SSR_P;2014;590000113;590053120;N2460;1;1;1.61
SSR_P;2014;590000113;590053120;N2470;1;0;0.66
SSR_P;2014;590000113;590053120;N2500;34;5;37.27
SSR_P;2014;590000113;590053120;N2710;1;0;1
SSR_P;2014;590000113;590053120;N3120;1;0;1
SSR_P;2014;590000113;590053120;NAUT;1;1;1.8
SSR_P;2014;590000113;590053120;NCINF;18;8;22.1
SSR_P;2014;590000121;590780227;M1010;;2;1.6
SSR_P;2014;590000121;590780227;M1040;1;;0.5
SSR_P;2014;590000121;590780227;M1180;;;0.05
SSR_P;2014;590000121;590780227;M1320;2;1;2.8
SSR_P;2014;590000121;590780227;N241P;4;;4.01
SSR_P;2014;590000121;590780227;N2430;;;0.62
SSR_P;2014;590000121;590780227;N2460;1;;1
SSR_P;2014;590000121;590780227;N2500;28;6;35.68
SSR_P;2014;590000121;590780227;N310H;;1;0.16
SSR_P;2014;590000121;590780227;NAUT;2;;1.92
SSR_P;2014;590000121;590780227;NCINF;18;6;25.36
SSR_P;2014;590000337;590781415;M1040;;2;0.54
SSR_P;2014;590000337;590781415;N241P;;2;1.3
SSR_P;2014;590000337;590781415;N2450;;1;0.5
SSR_P;2014;590000337;590781415;N2710;;1;0.07
SSR_P;2014;590000337;590781415;NAUT;;1;0.75
SSR_P;2014;590000337;590781415;NCINF;;2;1
SSR_P;2014;590000428;590781605;M1320;1;;1
SSR_P;2014;590000428;590781605;N2500;9;3;10.03
SSR_P;2014;590000428;590781605;N2710;;1;0.8
SSR_P;2014;590000428;590781605;NAUT;1;;0.92
SSR_P;2014;590000428;590781605;NCINF;8;;7.59
SSR_P;2014;590000436;590781621;M1320;1;2;1.45
SSR_P;2014;590000436;590781621;N241P;;;0.11
SSR_P;2014;590000436;590781621;N2450;1;;0.2
SSR_P;2014;590000436;590781621;N2460;2;;1.63
SSR_P;2014;590000436;590781621;N2500;11;1;10.86
SSR_P;2014;590000436;590781621;N2710;;1;0.95
SSR_P;2014;590000436;590781621;N3120;1;;0.6
SSR_P;2014;590000436;590781621;NCINF;8;2;9.54
SSR_P;2014;590000444;590781639;M1010;;1;0.5
SSR_P;2014;590000444;590781639;M1320;1;;1
SSR_P;2014;590000444;590781639;N241P;1;;1
SSR_P;2014;590000444;590781639;N2460;;;0.83
SSR_P;2014;590000444;590781639;N2470;13;2;15.3
SSR_P;2014;590000444;590781639;N2500;1;;1
SSR_P;2014;590000444;590781639;N3120;;1;0.4
SSR_P;2014;590000444;590781639;NAUT;5;;4.42
SSR_P;2014;590000444;590781639;NCINF;7;1;6.9
SSR_P;2014;590000451;590781647;M1010;1;;0.25
SSR_P;2014;590000451;590781647;M1320;1;1;1.6
SSR_P;2014;590000451;590781647;N241P;1;1;1.5
SSR_P;2014;590000451;590781647;N2450;1;1;1.5
SSR_P;2014;590000451;590781647;N2460;1;1;1.7
SSR_P;2014;590000451;590781647;N2500;20;20;20
SSR_P;2014;590000451;590781647;N2710;1;1;1.5
SSR_P;2014;590000451;590781647;N310H;;1;0.5
SSR_P;2014;590000451;590781647;N3120;1;;1
SSR_P;2014;590000451;590781647;NAUT;14;4;16.5
SSR_P;2014;590000451;590781647;NCINF;15;;15
SSR_P;2014;590000469;590781662;N241P;4;1;3.3
SSR_P;2014;590000469;590781662;N2500;9;1;9.61
SSR_P;2014;590000469;590781662;N2710;0;1;0.48
SSR_P;2014;590000469;590781662;NCINF;8;0;6.62
SSR_P;2014;590000477;590781670;M1010;;3;1.7
SSR_P;2014;590000477;590781670;M1040;;1;0.3
SSR_P;2014;590000477;590781670;M1150;;3;1.7
SSR_P;2014;590000477;590781670;M1180;1;1;1.6
SSR_P;2014;590000477;590781670;M1320;3;2;4.7
SSR_P;2014;590000477;590781670;M3020;;1;0.15
SSR_P;2014;590000477;590781670;MAUT;;5;1.7
SSR_P;2014;590000477;590781670;N241P;5;7;10.1
SSR_P;2014;590000477;590781670;N2430;1;;1
SSR_P;2014;590000477;590781670;N2450;;1;0.6
SSR_P;2014;590000477;590781670;N2460;1;2;2.7
SSR_P;2014;590000477;590781670;N2470;;1;0.1
SSR_P;2014;590000477;590781670;N2500;42;9;49
SSR_P;2014;590000477;590781670;N2710;;4;3.3
SSR_P;2014;590000477;590781670;N3120;1;3;3.3
SSR_P;2014;590000477;590781670;NAUT;29;10;36.85
SSR_P;2014;590000477;590781670;NCINF;28;19;42.8
SSR_P;2014;590000527;590781795;M1010;3;3;3.28
SSR_P;2014;590000527;590781795;M1040;;1;0.3
SSR_P;2014;590000527;590781795;M1320;3;1;1.72
SSR_P;2014;590000527;590781795;MAUT;;1;0.1
SSR_P;2014;590000527;590781795;N241P;2;;1.07
SSR_P;2014;590000527;590781795;N2450;1;1;1.1
SSR_P;2014;590000527;590781795;N2460;1;1;0.85
SSR_P;2014;590000527;590781795;N2500;21;3;21.75
SSR_P;2014;590000527;590781795;N2710;4;3;2.62
SSR_P;2014;590000527;590781795;N3120;1;1;1.11
SSR_P;2014;590000527;590781795;NAUT;11;2;9.42
SSR_P;2014;590000527;590781795;NCINF;26;6;27.63
SSR_P;2014;590000543;590781811;M1010;4;5;4.84
SSR_P;2014;590000543;590781811;M1070;1;;1
SSR_P;2014;590000543;590781811;M1120;;1;0.1
SSR_P;2014;590000543;590781811;M1180;4;;3.84
SSR_P;2014;590000543;590781811;M1190;;1;0.56
SSR_P;2014;590000543;590781811;M1320;2;;2
SSR_P;2014;590000543;590781811;M3020;;1;0.06
SSR_P;2014;590000543;590781811;N241P;12;7;18.13
SSR_P;2014;590000543;590781811;N2430;1;1;1.5
SSR_P;2014;590000543;590781811;N2450;3;1;3.68
SSR_P;2014;590000543;590781811;N2460;5;3;6.62
SSR_P;2014;590000543;590781811;N2470;1;;0.5
SSR_P;2014;590000543;590781811;N2500;100;18;111.72
SSR_P;2014;590000543;590781811;N2710;2;2;4.23
SSR_P;2014;590000543;590781811;N310H;1;2;3.5
SSR_P;2014;590000543;590781811;N3120;1;2;2.19
SSR_P;2014;590000543;590781811;NAUT;19;6;29.73
SSR_P;2014;590000543;590781811;NCINF;44;14;59.12
SSR_P;2014;590000592;590782165;M1320;2;0;1.6
SSR_P;2014;590000592;590782165;N2470;0;1;0.8
SSR_P;2014;590000592;590782165;N2500;27;7;32.6
SSR_P;2014;590000592;590782165;N2710;0;2;1
SSR_P;2014;590000592;590782165;NAUT;4;5;7.3
SSR_P;2014;590000592;590782165;NCINF;19;4;22.2
SSR_P;2014;590000600;590782207;M1010;3;3;4.26
SSR_P;2014;590000600;590782207;M1070;1;;1
SSR_P;2014;590000600;590782207;M1180;1;;1
SSR_P;2014;590000600;590782207;M1320;0;1;0.6
SSR_P;2014;590000600;590782207;N241P;5;2;6.11
SSR_P;2014;590000600;590782207;N2430;1;;1
SSR_P;2014;590000600;590782207;N2450;2;2;3.6
SSR_P;2014;590000600;590782207;N2460;3;1;3.98
SSR_P;2014;590000600;590782207;N2470;;1;0.85
SSR_P;2014;590000600;590782207;N2500;48;9;44.94
SSR_P;2014;590000600;590782207;N2710;4;;4
SSR_P;2014;590000600;590782207;N310H;;1;1.46
SSR_P;2014;590000600;590782207;N3120;2;;1.5
SSR_P;2014;590000600;590782207;NAUT;22;1;18.57
SSR_P;2014;590000600;590782207;NCINF;23;9;28.26
SSR_P;2014;590000618;590782215;M1010;2;1;1.76
SSR_P;2014;590000618;590782215;M1040;;2;0.7
SSR_P;2014;590000618;590782215;M1180;1;1;1.03
SSR_P;2014;590000618;590782215;M1320;2;;2
SSR_P;2014;590000618;590782215;MAUT;1;;1
SSR_P;2014;590000618;590782215;N241P;16;10;22.66
SSR_P;2014;590000618;590782215;N2430;1;;1
SSR_P;2014;590000618;590782215;N2460;1;;1.07
SSR_P;2014;590000618;590782215;N2500;42;9;48.8
SSR_P;2014;590000618;590782215;N2710;;1;0.26
SSR_P;2014;590000618;590782215;N3120;2;1;1.11
SSR_P;2014;590000618;590782215;NAUT;4;2;7.04
SSR_P;2014;590000618;590782215;NCINF;28;8;32.02
SSR_P;2014;590000691;590782439;M1040;1;;0.2
SSR_P;2014;590000691;590782439;M1120;1;;0.1
SSR_P;2014;590000691;590782439;M1150;1;;0.2
SSR_P;2014;590000691;590782439;M1180;2;;2
SSR_P;2014;590000691;590782439;N241P;5;2;5.96
SSR_P;2014;590000691;590782439;N2430;;1;0.5
SSR_P;2014;590000691;590782439;N2450;1;;0.4
SSR_P;2014;590000691;590782439;N2460;2;1;2.78
SSR_P;2014;590000691;590782439;N2500;8;1;8.8
SSR_P;2014;590000691;590782439;N2710;1;1;1.5
SSR_P;2014;590000691;590782439;N310H;1;;1
SSR_P;2014;590000691;590782439;N3120;1;;1
SSR_P;2014;590000691;590782439;NAUT;5;1;5.8
SSR_P;2014;590000691;590782439;NCINF;11;1;7.98
SSR_P;2014;590000766;590782645;M1010;1;;0.83
SSR_P;2014;590000766;590782645;M1320;1;;0.92
SSR_P;2014;590000766;590782645;N241P;1;;0.25
SSR_P;2014;590000766;590782645;N2450;;1;0.1
SSR_P;2014;590000766;590782645;N2460;;1;0.4
SSR_P;2014;590000766;590782645;N2500;12;2;15.17
SSR_P;2014;590000766;590782645;N2710;1;;0.1
SSR_P;2014;590000766;590782645;N3120;1;1;0.7
SSR_P;2014;590000766;590782645;NAUT;;1;0.91
SSR_P;2014;590000766;590782645;NCINF;6;2;9.22
SSR_P;2014;590000774;590782652;M1010;1;;1
SSR_P;2014;590000774;590782652;N2500;10;;10.1
SSR_P;2014;590000774;590782652;N2710;1;;0.07
SSR_P;2014;590000774;590782652;NAUT;3;;2.6
SSR_P;2014;590000774;590782652;NCINF;9;;8.41
SSR_P;2014;590001004;590783239;M1320;2;;1.24
SSR_P;2014;590001004;590783239;N241P;1;;1
SSR_P;2014;590001004;590783239;N2460;1;;0.48
SSR_P;2014;590001004;590783239;N2500;15;;14.7
SSR_P;2014;590001004;590783239;N3120;2;;0.8
SSR_P;2014;590001004;590783239;NAUT;3;1;2.24
SSR_P;2014;590001004;590783239;NCINF;12;2;12.96
SSR_P;2014;590001442;590784245;M1010;10;5;12.8
SSR_P;2014;590001442;590784245;M1140;;1;0.6
SSR_P;2014;590001442;590784245;M1180;4;2;6.32
SSR_P;2014;590001442;590784245;M1320;1;;1
SSR_P;2014;590001442;590784245;MAUT;;;0.35
SSR_P;2014;590001442;590784245;N241P;24;1;21.27
SSR_P;2014;590001442;590784245;N2430;1;2;1.6
SSR_P;2014;590001442;590784245;N2450;;3;2.4
SSR_P;2014;590001442;590784245;N2460;11;3;12.89
SSR_P;2014;590001442;590784245;N2470;1;;0.49
SSR_P;2014;590001442;590784245;N2500;91;36;113.82
SSR_P;2014;590001442;590784245;N2710;4;6;7.02
SSR_P;2014;590001442;590784245;N310H;8;2;8.05
SSR_P;2014;590001442;590784245;N3120;3;;3
SSR_P;2014;590001442;590784245;NAUT;1;2;2.46
SSR_P;2014;590001442;590784245;NCINF;68;29;89.74
SSR_P;2014;590001582;590785663;M1010;6;0;3.75
SSR_P;2014;590001582;590785663;N241P;3;0;2.71
SSR_P;2014;590001582;590785663;N2450;1;0;1
SSR_P;2014;590001582;590785663;N2460;1;0;1
SSR_P;2014;590001582;590785663;N2500;29;2;29.92
SSR_P;2014;590001582;590785663;N2710;0;2;1.45
SSR_P;2014;590001582;590785663;NAUT;9;2;11.28
SSR_P;2014;590001582;590785663;NCINF;21;2;21.05
SSR_P;2014;590001749;590788956;M1010;1;;1
SSR_P;2014;590001749;590788956;M1320;1;;1
SSR_P;2014;590001749;590788956;MAUT;1;;1
SSR_P;2014;590001749;590788956;N241P;2;;2
SSR_P;2014;590001749;590788956;N2460;1;;1
SSR_P;2014;590001749;590788956;N2470;;1;0.8
SSR_P;2014;590001749;590788956;N2500;24;4;26.31
SSR_P;2014;590001749;590788956;N2710;1;;1
SSR_P;2014;590001749;590788956;N310H;1;2;1.7
SSR_P;2014;590001749;590788956;N3120;;2;1
SSR_P;2014;590001749;590788956;NAUT;5;4;8.44
SSR_P;2014;590001749;590788956;NCINF;17;4;19.2
SSR_P;2014;590008041;590008033;M1010;;2;1
SSR_P;2014;590008041;590008033;N2500;7;1;7.2
SSR_P;2014;590008041;590008033;N2710;1;;1
SSR_P;2014;590008041;590008033;N3120;;1;0.5
SSR_P;2014;590008041;590008033;NCINF;5;1;5.3
SSR_P;2014;590033429;590782421;M1180;2;;1.8
SSR_P;2014;590033429;590782421;N241P;1;2;2.3
SSR_P;2014;590033429;590782421;N2430;1;1;1.67
SSR_P;2014;590033429;590782421;N2460;1;1;1.8
SSR_P;2014;590033429;590782421;N2470;0;1;0.15
SSR_P;2014;590033429;590782421;N2500;16;7;21.38
SSR_P;2014;590033429;590782421;N2710;1;1;1.42
SSR_P;2014;590033429;590782421;NAUT;4;2;4.92
SSR_P;2014;590033429;590782421;NCINF;8;6;12.76
SSR_P;2014;590034732;590000675;M1180;2;1;2.96
SSR_P;2014;590034732;590000675;N241P;21;2;20.58
SSR_P;2014;590034732;590000675;N2460;2;;2
SSR_P;2014;590034732;590000675;N2500;9;2;9.85
SSR_P;2014;590034732;590000675;N2710;;1;0.11
SSR_P;2014;590034732;590000675;N3120;;1;0.2
SSR_P;2014;590034732;590000675;NAUT;5;1;5.83
SSR_P;2014;590034732;590000675;NCINF;11;;10.06
SSR_P;2014;590040267;590782678;M1320;;1;0.3
SSR_P;2014;590040267;590782678;M3020;;1;0.5
SSR_P;2014;590040267;590782678;N2430;;1;0.1
SSR_P;2014;590040267;590782678;N2460;;1;0.5
SSR_P;2014;590040267;590782678;N2500;14;6;17.66
SSR_P;2014;590040267;590782678;N2710;;1;0.5
SSR_P;2014;590040267;590782678;N3120;;3;1.41
SSR_P;2014;590040267;590782678;NCINF;12;4;15.09
SSR_P;2014;590049565;780020715;M1010;2;1;2.7
SSR_P;2014;590049565;780020715;M1180;;1;0.5
SSR_P;2014;590049565;780020715;N241P;2;1;1.73
SSR_P;2014;590049565;780020715;N2430;;1;0.25
SSR_P;2014;590049565;780020715;N2460;1;1;1
SSR_P;2014;590049565;780020715;N2470;1;;1
SSR_P;2014;590049565;780020715;N2500;21;10;27.63
SSR_P;2014;590049565;780020715;N2710;;3;1.17
SSR_P;2014;590049565;780020715;N310H;;2;0.51
SSR_P;2014;590049565;780020715;N3120;1;1;1.17
SSR_P;2014;590049565;780020715;NCINF;16;3;16.55
SSR_P;2014;590780128;590000063;M1120;;1;0.8
SSR_P;2014;590780128;590000063;M1180;1;1;1.4
SSR_P;2014;590780128;590000063;M3020;;1;0.2
SSR_P;2014;590780128;590000063;MAUT;;2;0.3
SSR_P;2014;590780128;590000063;N241P;4;5;8.56
SSR_P;2014;590780128;590000063;N2430;;2;1.22
SSR_P;2014;590780128;590000063;N2450;1;;0.9
SSR_P;2014;590780128;590000063;N2460;3;3;4.57
SSR_P;2014;590780128;590000063;N2470;1;;1
SSR_P;2014;590780128;590000063;N2500;20;7;22.8
SSR_P;2014;590780128;590000063;N2710;;1;0.22
SSR_P;2014;590780128;590000063;N310H;;;0.36
SSR_P;2014;590780128;590000063;N3120;1;;0.67
SSR_P;2014;590780128;590000063;NAUT;2;1;2.51
SSR_P;2014;590780128;590000063;NCINF;10;;10.64
SSR_P;2014;590780284;590051801;M1010;2;0;2
SSR_P;2014;590780284;590051801;N2500;6;10;9.44
SSR_P;2014;590780284;590051801;NCINF;7;8;9.52
SSR_P;2014;590780383;590000204;M1180;8;;8
SSR_P;2014;590780383;590000204;NAUT;1;;1
SSR_P;2014;590780383;590000204;NCINF;1;;1
SSR_P;2014;590781951;590053955;M1010;;1;0.1
SSR_P;2014;590781951;590053955;M1040;;5;
SSR_P;2014;590781951;590053955;M1320;1;;1
SSR_P;2014;590781951;590053955;N241P;;10;
SSR_P;2014;590781951;590053955;N2450;;1;0.5
SSR_P;2014;590781951;590053955;N2500;13;;12
SSR_P;2014;590781951;590053955;N2710;;1;0.8
SSR_P;2014;590781951;590053955;N3120;;1;0.8
SSR_P;2014;590781951;590053955;NCINF;7;;6
SSR_P;2014;590782181;590039863;M1180;1;;1
SSR_P;2014;590782181;590039863;MAUT;;1;0.05
SSR_P;2014;590782181;590039863;N241P;15;5;17.93
SSR_P;2014;590782181;590039863;N2430;1;1;1.56
SSR_P;2014;590782181;590039863;N2460;7;1;7.81
SSR_P;2014;590782181;590039863;N2470;1;;1
SSR_P;2014;590782181;590039863;N2500;5;;4.48
SSR_P;2014;590782181;590039863;N2710;1;;1
SSR_P;2014;590782181;590039863;N3120;;1;0.46
SSR_P;2014;590782181;590039863;NAUT;3;1;3.48
SSR_P;2014;590782181;590039863;NCINF;2;;2
SSR_P;2014;590782280;590004552;M1010;;1;0.11
SSR_P;2014;590782280;590004552;M1040;;2;0.3
SSR_P;2014;590782280;590004552;M1180;;1;0.1
SSR_P;2014;590782280;590004552;M1320;;3;1.5
SSR_P;2014;590782280;590004552;MAUT;;6;1.08
SSR_P;2014;590782280;590004552;N241P;;4;3
SSR_P;2014;590782280;590004552;N2430;;1;0.1
SSR_P;2014;590782280;590004552;N2450;;1;0.29
SSR_P;2014;590782280;590004552;N2460;;1;0.2
SSR_P;2014;590782280;590004552;N2470;;1;0.2
SSR_P;2014;590782280;590004552;N2500;11;3;14.13
SSR_P;2014;590782280;590004552;N2710;;1;0.2
SSR_P;2014;590782280;590004552;N3120;;1;0.5
SSR_P;2014;590782280;590004552;NAUT;;2;0.4
SSR_P;2014;590782280;590004552;NCINF;11;4;13.2
SSR_P;2014;590782298;590000675;M1010;;1;0.5
SSR_P;2014;590782298;590000675;M1040;;1;0.5
SSR_P;2014;590782298;590000675;N241P;;2;1
SSR_P;2014;590782298;590000675;N2500;8;;8
SSR_P;2014;590782298;590000675;N2710;;1;0.6
SSR_P;2014;590782298;590000675;N3120;;1;0.8
SSR_P;2014;590782298;590000675;NCINF;8;;8
SSR_P;2014;590782496;590000139;M1010;1;;
SSR_P;2014;590782496;590000139;M1040;;1;
SSR_P;2014;590782496;590000139;M1120;;1;
SSR_P;2014;590782496;590000139;M1320;1;;1
SSR_P;2014;590782496;590000139;M3020;;1;
SSR_P;2014;590782496;590000139;MAUT;;1;
SSR_P;2014;590782496;590000139;N241P;;4;
SSR_P;2014;590782496;590000139;N2430;;1;
SSR_P;2014;590782496;590000139;N2450;;1;0.4
SSR_P;2014;590782496;590000139;N2460;;1;0.5
SSR_P;2014;590782496;590000139;N2500;15;;15
SSR_P;2014;590782496;590000139;N2710;;1;0.5
SSR_P;2014;590782496;590000139;N3120;;1;0.25
SSR_P;2014;590782496;590000139;NCINF;13;;13
SSR_P;2014;590782546;590000733;M1010;2;2;3.3
SSR_P;2014;590782546;590000733;M1040;;5;1.3
SSR_P;2014;590782546;590000733;M1070;;4;2.4
SSR_P;2014;590782546;590000733;M1120;;1;0.1
SSR_P;2014;590782546;590000733;M1150;;1;0.2
SSR_P;2014;590782546;590000733;M1180;2;;2
SSR_P;2014;590782546;590000733;M1190;;1;0.2
SSR_P;2014;590782546;590000733;M1320;1;;1
SSR_P;2014;590782546;590000733;M3020;;1;0.2
SSR_P;2014;590782546;590000733;MAUT;;9;1.8
SSR_P;2014;590782546;590000733;N241P;15;5;20
SSR_P;2014;590782546;590000733;N2450;2;1;2.5
SSR_P;2014;590782546;590000733;N2460;2;;2
SSR_P;2014;590782546;590000733;N2500;36;13;41.79
SSR_P;2014;590782546;590000733;N2710;3;0;3
SSR_P;2014;590782546;590000733;N3120;1;0;1
SSR_P;2014;590782546;590000733;NCINF;45;15;45.58
SSR_P;2014;590782611;750719239;M1140;0;8;1.98
SSR_P;2014;590782611;750719239;M1180;2;6;3.43
SSR_P;2014;590782611;750719239;M3020;0;1;0.15
SSR_P;2014;590782611;750719239;MAUT;0;9;1.43
SSR_P;2014;590782611;750719239;N241P;13;7;16.25
SSR_P;2014;590782611;750719239;N2430;2;3;2.82
SSR_P;2014;590782611;750719239;N2450;0;1;0.84
SSR_P;2014;590782611;750719239;N2460;5;4;6.81
SSR_P;2014;590782611;750719239;N2470;0;1;0.5
SSR_P;2014;590782611;750719239;N2500;27;0;26.27
SSR_P;2014;590782611;750719239;N2710;2;2;2.69
SSR_P;2014;590782611;750719239;N310H;12;3;14.21
SSR_P;2014;590782611;750719239;N3120;1;0;1.03
SSR_P;2014;590782611;750719239;NAUT;53;6;41.15
SSR_P;2014;590782611;750719239;NCINF;14;4;14.96
SSR_P;2014;590782694;750034589;M1010;;1;0.8
SSR_P;2014;590782694;750034589;N241P;;1;1
SSR_P;2014;590782694;750034589;N2500;4;4;6.2
SSR_P;2014;590782694;750034589;N2710;;1;0.2
SSR_P;2014;590782694;750034589;N3120;;1;0.2
SSR_P;2014;590782694;750034589;NAUT;2;16;6.06
SSR_P;2014;590782694;750034589;NCINF;3;9;6.59
SSR_P;2014;590783171;590000980;M1010;;2;1
SSR_P;2014;590783171;590000980;M1320;1;;1
SSR_P;2014;590783171;590000980;MAUT;;1;0.8
SSR_P;2014;590783171;590000980;N241P;1;2;2.1
SSR_P;2014;590783171;590000980;N2460;1;;1
SSR_P;2014;590783171;590000980;N2500;14;10;19.93
SSR_P;2014;590783171;590000980;N2710;;1;0.6
SSR_P;2014;590783171;590000980;N3120;;1;0.8
SSR_P;2014;590783171;590000980;NAUT;9;3;10.35
SSR_P;2014;590783171;590000980;NCINF;13;2;14.7
SSR_P;2014;590783189;590004552;M1040;;2;0.3
SSR_P;2014;590783189;590004552;M1180;;1;0.1
SSR_P;2014;590783189;590004552;M1320;;4;3.45
SSR_P;2014;590783189;590004552;MAUT;;5;1.27
SSR_P;2014;590783189;590004552;N241P;;5;3.1
SSR_P;2014;590783189;590004552;N2430;;1;0.1
SSR_P;2014;590783189;590004552;N2450;;1;0.29
SSR_P;2014;590783189;590004552;N2460;;1;0.4
SSR_P;2014;590783189;590004552;N2470;;1;0.8
SSR_P;2014;590783189;590004552;N2500;21;;21.45
SSR_P;2014;590783189;590004552;N2710;1;;1
SSR_P;2014;590783189;590004552;N3120;;1;0.6
SSR_P;2014;590783189;590004552;NAUT;;2;0.4
SSR_P;2014;590783189;590004552;NCINF;19;;20.51
SSR_P;2014;590784898;590780193;M1010;1;;1.02
SSR_P;2014;590784898;590780193;M1180;9;1;4.97
SSR_P;2014;590784898;590780193;N241P;16;6;18.36
SSR_P;2014;590784898;590780193;N2430;1;1;2.2
SSR_P;2014;590784898;590780193;N2450;0;0;0.5
SSR_P;2014;590784898;590780193;N2460;5;3;6.5
SSR_P;2014;590784898;590780193;N2500;65;20;78.79
SSR_P;2014;590784898;590780193;N2710;1;2;2.51
SSR_P;2014;590784898;590780193;N310H;1;2;1.66
SSR_P;2014;590784898;590780193;NAUT;5;9;11.68
SSR_P;2014;590784898;590780193;NCINF;46;14;54.3
SSR_P;2014;590785374;620001834;M1010;;1;0.25
SSR_P;2014;590785374;620001834;M1150;;1;0.25
SSR_P;2014;590785374;620001834;N241P;;4;0.55
SSR_P;2014;590785374;620001834;N2500;9;;9
SSR_P;2014;590785374;620001834;N2710;;1;0.2
SSR_P;2014;590785374;620001834;N3120;;1;0.5
SSR_P;2014;590785374;620001834;NCINF;7;2;6.85
SSR_P;2014;590785424;930019484;M1010;;2;0.61
SSR_P;2014;590785424;930019484;M1140;;1;0.61
SSR_P;2014;590785424;930019484;M1180;;3;1.27
SSR_P;2014;590785424;930019484;MAUT;;1;0.71
SSR_P;2014;590785424;930019484;N241P;2;7;5.5
SSR_P;2014;590785424;930019484;N2430;1;2;2
SSR_P;2014;590785424;930019484;N2450;;1;0.5
SSR_P;2014;590785424;930019484;N2460;1;6;4.25
SSR_P;2014;590785424;930019484;N2470;;2;0.55
SSR_P;2014;590785424;930019484;N2500;2;6;4.25
SSR_P;2014;590785424;930019484;N2710;1;2;1.6
SSR_P;2014;590785424;930019484;N310H;10;13;18.02
SSR_P;2014;590785424;930019484;N3120;;2;0.75
SSR_P;2014;590785424;930019484;NAUT;3;39;17.7
SSR_P;2014;590785424;930019484;NCINF;5;3;6.5
SSR_P;2014;590786984;620020859;M1010;1;;1
SSR_P;2014;590786984;620020859;M1320;1;;1
SSR_P;2014;590786984;620020859;MAUT;;2;0.64
SSR_P;2014;590786984;620020859;N241P;2;2;2.29
SSR_P;2014;590786984;620020859;N2450;;1;0.11
SSR_P;2014;590786984;620020859;N2500;15;2;16
SSR_P;2014;590786984;620020859;N2710;;1;0.2
SSR_P;2014;590786984;620020859;N3120;;1;0.6
SSR_P;2014;590786984;620020859;NCINF;11;3;11.95
SSR_P;2014;590788865;590782421;M1010;2;;1.8
SSR_P;2014;590788865;590782421;N2500;20;7;26.7
SSR_P;2014;590788865;590782421;NAUT;4;8;7.11
SSR_P;2014;590788865;590782421;NCINF;5;16;13.73
SSR_P;2014;590790473;620020859;M1320;4;;2.05
SSR_P;2014;590790473;620020859;N241P;2;;2
SSR_P;2014;590790473;620020859;N2450;1;;0.25
SSR_P;2014;590790473;620020859;N2460;1;;0.45
SSR_P;2014;590790473;620020859;N2500;23;5;24.85
SSR_P;2014;590790473;620020859;N2710;;1;0.25
SSR_P;2014;590790473;620020859;N3120;;2;0.5
SSR_P;2014;590790473;620020859;NAUT;2;10;7
SSR_P;2014;590790473;620020859;NCINF;14;1;13.25
SSR_P;2014;590791091;590780193;M1010;1;;1.15
SSR_P;2014;590791091;590780193;M3020;1;;1
SSR_P;2014;590791091;590780193;MAUT;1;;2.12
SSR_P;2014;590791091;590780193;N2460;0;1;0.43
SSR_P;2014;590791091;590780193;N2470;2;0;1.04
SSR_P;2014;590791091;590780193;N2500;60;17;76.88
SSR_P;2014;590791091;590780193;N2710;0;3;1.7
SSR_P;2014;590791091;590780193;N310H;0;0;0.4
SSR_P;2014;590791091;590780193;NAUT;13;4;16.82
SSR_P;2014;590791091;590780193;NCINF;36;20;53.03
SSR_P;2014;590791109;590002234;M1010;;3;1.8
SSR_P;2014;590791109;590002234;N2450;;1;0.25
SSR_P;2014;590791109;590002234;N2710;;2;1.7
SSR_P;2014;590791109;590002234;N3120;;1;0.2
SSR_P;2014;590791109;590002234;NAUT;5;8;11.39
SSR_P;2014;590791109;590002234;NCINF;6;3;7.62
SSR_P;2014;590791323;590782637;M1010;1;;1
SSR_P;2014;590791323;590782637;M1180;;1;0.6
SSR_P;2014;590791323;590782637;M1320;;1;0.5
SSR_P;2014;590791323;590782637;MAUT;;1;0.1
SSR_P;2014;590791323;590782637;N241P;2;1;2.22
SSR_P;2014;590791323;590782637;N2500;12;7;17.9
SSR_P;2014;590791323;590782637;NAUT;7;1;7.62
SSR_P;2014;590791323;590782637;NCINF;4;8;11.02
SSR_P;2014;590791729;590781902;M1010;2;;1
SSR_P;2014;590791729;590781902;M1180;1;;0.14
SSR_P;2014;590791729;590781902;M1320;3;;3
SSR_P;2014;590791729;590781902;N241P;6;4;4.05
SSR_P;2014;590791729;590781902;N2430;;1;0.2
SSR_P;2014;590791729;590781902;N2450;1;;0.5
SSR_P;2014;590791729;590781902;N2460;2;1;1.2
SSR_P;2014;590791729;590781902;N2500;22;6;27.29
SSR_P;2014;590791729;590781902;NAUT;20;5;23.61
SSR_P;2014;590791729;590781902;NCINF;19;4;19.59
SSR_P;2014;590797346;620020859;M1010;1;1;1.5
SSR_P;2014;590797346;620020859;M1320;;1;0.5
SSR_P;2014;590797346;620020859;MAUT;;2;0.61
SSR_P;2014;590797346;620020859;N241P;1;2;1.64
SSR_P;2014;590797346;620020859;N2450;;1;0.07
SSR_P;2014;590797346;620020859;N2500;9;4;11.3
SSR_P;2014;590797346;620020859;N3120;;1;0.4
SSR_P;2014;590797346;620020859;NCINF;5;3;7
SSR_P;2014;590797353;590051801;M1010;2;;0.72
SSR_P;2014;590797353;590051801;M1330;1;;1
SSR_P;2014;590797353;590051801;N2500;7;7;9.57
SSR_P;2014;590797353;590051801;NCINF;7;5;9.72
SSR_P;2014;590797387;590805628;M1010;1;;1
SSR_P;2014;590797387;590805628;M1180;5;3;6.8
SSR_P;2014;590797387;590805628;M3020;;1;0.06
SSR_P;2014;590797387;590805628;MAUT;;1;0.03
SSR_P;2014;590797387;590805628;N241P;27;5;25.6
SSR_P;2014;590797387;590805628;N2430;6;2;6
SSR_P;2014;590797387;590805628;N2450;1;;0.9
SSR_P;2014;590797387;590805628;N2460;13;4;12.1
SSR_P;2014;590797387;590805628;N2500;72;7;63.1
SSR_P;2014;590797387;590805628;N2710;1;1;1.15
SSR_P;2014;590797387;590805628;N3120;2;1;2.4
SSR_P;2014;590797387;590805628;NAUT;4;8;8.4
SSR_P;2014;590797387;590805628;NCINF;34;7;33.4
SSR_P;2014;590801106;590782421;M1320;2;;2
SSR_P;2014;590801106;590782421;N2500;17;6;22.04
SSR_P;2014;590801106;590782421;N2710;0;1;0.5
SSR_P;2014;590801106;590782421;N3120;0;1;0.32
SSR_P;2014;590801106;590782421;NAUT;4;1;4.5
SSR_P;2014;590801106;590782421;NCINF;11;4;13.51
SSR_P;2014;590806360;590003596;M1010;2;8;4.85
SSR_P;2014;590806360;590003596;M1040;1;7;3.94
SSR_P;2014;590806360;590003596;M1070;;1;0.05
SSR_P;2014;590806360;590003596;M1140;;5;1.42
SSR_P;2014;590806360;590003596;M1320;;1;0.41
SSR_P;2014;590806360;590003596;M3020;;1;0.15
SSR_P;2014;590806360;590003596;N241P;2;9;7.14
SSR_P;2014;590806360;590003596;N2430;;1;0.26
SSR_P;2014;590806360;590003596;N2450;3;1;3.78
SSR_P;2014;590806360;590003596;N2460;2;;1.81
SSR_P;2014;590806360;590003596;N2500;27;7;27.55
SSR_P;2014;590806360;590003596;N2710;5;4;4.45
SSR_P;2014;590806360;590003596;N310H;;1;0.04
SSR_P;2014;590806360;590003596;N3120;1;1;1.19
SSR_P;2014;590806360;590003596;NAUT;13;3;13.4
SSR_P;2014;590806360;590003596;NCINF;43;10;43.99
SSR_P;2014;590809703;590004552;M1010;;1;0.61
SSR_P;2014;590809703;590004552;M1040;;2;0.6
SSR_P;2014;590809703;590004552;M1120;;1;0.37
SSR_P;2014;590809703;590004552;M1150;;1;0.1
SSR_P;2014;590809703;590004552;M1180;;4;2.22
SSR_P;2014;590809703;590004552;M1190;;1;0.05
SSR_P;2014;590809703;590004552;M1320;;4;2.65
SSR_P;2014;590809703;590004552;MAUT;;9;2.17
SSR_P;2014;590809703;590004552;N241P;3;11;8.78
SSR_P;2014;590809703;590004552;N2430;;3;0.6
SSR_P;2014;590809703;590004552;N2450;;1;0.42
SSR_P;2014;590809703;590004552;N2460;3;2;3.89
SSR_P;2014;590809703;590004552;N2470;1;;1
SSR_P;2014;590809703;590004552;N2500;26;2;28.69
SSR_P;2014;590809703;590004552;N2710;3;;3.42
SSR_P;2014;590809703;590004552;N3120;1;;1.65
SSR_P;2014;590809703;590004552;NAUT;7;2;8.09
SSR_P;2014;590809703;590004552;NCINF;31;;30.94
SSR_P;2014;590810784;590004685;M1010;;1;0.6
SSR_P;2014;590810784;590004685;M1040;;3;0.5
SSR_P;2014;590810784;590004685;M1070;;1;0.1
SSR_P;2014;590810784;590004685;M1120;;1;0.1
SSR_P;2014;590810784;590004685;M1150;;2;0.15
SSR_P;2014;590810784;590004685;M1180;3;1;3.5
SSR_P;2014;590810784;590004685;M1320;1;;1
SSR_P;2014;590810784;590004685;M1330;;1;0.05
SSR_P;2014;590810784;590004685;MAUT;;3;0.6
SSR_P;2014;590810784;590004685;N241P;10;3;11.8
SSR_P;2014;590810784;590004685;N2430;;2;1
SSR_P;2014;590810784;590004685;N2450;;1;0.43
SSR_P;2014;590810784;590004685;N2460;5;1;5.5
SSR_P;2014;590810784;590004685;N2500;19;8;25.24
SSR_P;2014;590810784;590004685;N2710;1;1;1.83
SSR_P;2014;590810784;590004685;N310H;;1;0.5
SSR_P;2014;590810784;590004685;N3120;;2;1.43
SSR_P;2014;590810784;590004685;NAUT;7;3;8.71
SSR_P;2014;590810784;590004685;NCINF;16;3;18.4
SSR_P;2014;590813507;590000485;M1180;;1;0.8
SSR_P;2014;590813507;590000485;N241P;3;1;3.5
SSR_P;2014;590813507;590000485;N2460;1;;1
SSR_P;2014;590813507;590000485;N2500;5;;5
SSR_P;2014;590813507;590000485;N2710;;1;0.5
SSR_P;2014;590813507;590000485;N310H;1;;1
SSR_P;2014;590813507;590000485;N3120;;1;0.5
SSR_P;2014;590813507;590000485;NAUT;5;1;5.5
SSR_P;2014;590813507;590000485;NCINF;5;2;6.66
SSR_P;2014;590815056;590005492;MAUT;1;;1
SSR_P;2014;590815056;590005492;N2450;;1;0.2
SSR_P;2014;590815056;590005492;N2500;5;3;6
SSR_P;2014;590815056;590005492;N3120;;1;0.4
SSR_P;2014;590815056;590005492;NCINF;6;1;6.5
SSR_P;2014;590817441;620003814;M1010;1;1;1.5
SSR_P;2014;590817441;620003814;M1180;1;1;1.5
SSR_P;2014;590817441;620003814;M3020;;1;0.1
SSR_P;2014;590817441;620003814;N241P;10;;10
SSR_P;2014;590817441;620003814;N2460;2;;2
SSR_P;2014;590817441;620003814;N2500;15;7;20.29
SSR_P;2014;590817441;620003814;N2710;;1;0.1
SSR_P;2014;590817441;620003814;N310H;;1;0.8
SSR_P;2014;590817441;620003814;N3120;;1;0.57
SSR_P;2014;590817441;620003814;NAUT;;1;1
SSR_P;2014;590817441;620003814;NCINF;13;4;15.82
SSR_P;2014;590817839;590053955;M1040;;1;
SSR_P;2014;590817839;590053955;M1070;;1;0.4
SSR_P;2014;590817839;590053955;M1150;;2;
SSR_P;2014;590817839;590053955;M1320;1;;1
SSR_P;2014;590817839;590053955;N241P;;4;
SSR_P;2014;590817839;590053955;N2450;;1;0.25
SSR_P;2014;590817839;590053955;N2500;5;1;5.8
SSR_P;2014;590817839;590053955;N2710;;1;0.3
SSR_P;2014;590817839;590053955;N3120;;1;0.25
SSR_P;2014;590817839;590053955;NCINF;8;;8
SSR_P;2014;600000020;600100085;M1180;0;3;1.51
SSR_P;2014;600000020;600100085;N2500;12;0;11.14
SSR_P;2014;600000020;600100085;N3120;0;1;0.5
SSR_P;2014;600000020;600100085;NAUT;2;0;1.43
SSR_P;2014;600000020;600100085;NCINF;9;1;10.12
SSR_P;2014;600000046;600100127;M1010;3;;2.58
SSR_P;2014;600000046;600100127;N241P;1;;0.46
SSR_P;2014;600000046;600100127;N2500;15;;14.39
SSR_P;2014;600000046;600100127;N2710;1;;0.46
SSR_P;2014;600000046;600100127;NAUT;8;;6.47
SSR_P;2014;600000046;600100127;NCINF;6;1;7.95
SSR_P;2014;600000053;600101984;M1180;2;1;2.43
SSR_P;2014;600000053;600101984;N241P;0;1;0.8
SSR_P;2014;600000053;600101984;N2430;0;1;0.46
SSR_P;2014;600000053;600101984;N2460;1;0;0.62
SSR_P;2014;600000053;600101984;N2500;15;1;14.76
SSR_P;2014;600000053;600101984;N2710;1;0;1
SSR_P;2014;600000053;600101984;NAUT;5;1;6.08
SSR_P;2014;600000053;600101984;NCINF;6;3;7.63
SSR_P;2014;600000152;600100572;M1010;1;0;0.5
SSR_P;2014;600000152;600100572;N2500;3;0;2.5
SSR_P;2014;600000152;600100572;NAUT;6;0;5.25
SSR_P;2014;600000152;600100572;NCINF;3;0;3
SSR_P;2014;600000186;600100648;M1320;1;1;1.4
SSR_P;2014;600000186;600100648;N241P;;1;0.5
SSR_P;2014;600000186;600100648;N2500;7;2;8.4
SSR_P;2014;600000186;600100648;N3120;;1;0.2
SSR_P;2014;600000186;600100648;NAUT;2;1;2.5
SSR_P;2014;600000186;600100648;NCINF;7;;7
SSR_P;2014;600000194;600100713;M1180;;2;0.3
SSR_P;2014;600000194;600100713;N241P;7;3;8.05
SSR_P;2014;600000194;600100713;N2460;;1;1.68
SSR_P;2014;600000194;600100713;N2500;14;4;17.93
SSR_P;2014;600000194;600100713;N310H;;;0.59
SSR_P;2014;600000194;600100713;NAUT;6;1;9.62
SSR_P;2014;600000194;600100713;NCINF;10;1;10.19
SSR_P;2014;600000285;600100721;M1010;1;1;1.13
SSR_P;2014;600000285;600100721;N2500;14;6;16.41
SSR_P;2014;600000285;600100721;N2710;1;0;0.2
SSR_P;2014;600000285;600100721;NAUT;0;2;1.27
SSR_P;2014;600000285;600100721;NCINF;9;1;10.82
SSR_P;2014;600010094;600100580;M1180;1;1;1.55
SSR_P;2014;600010094;600100580;N241P;;1;0.6
SSR_P;2014;600010094;600100580;N2460;1;;1
SSR_P;2014;600010094;600100580;N2500;9;1;9.5
SSR_P;2014;600010094;600100580;N3120;1;;1
SSR_P;2014;600010094;600100580;NAUT;5;;5
SSR_P;2014;600010094;600100580;NCINF;7;1;7.5
SSR_P;2014;600100101;750712184;M1010;1;;1
SSR_P;2014;600100101;750712184;M1120;1;;0.2
SSR_P;2014;600100101;750712184;M1320;1;;1
SSR_P;2014;600100101;750712184;MAUT;;6;1.4
SSR_P;2014;600100101;750712184;N2450;;1;0.91
SSR_P;2014;600100101;750712184;N2460;;1;0.5
SSR_P;2014;600100101;750712184;N2470;;1;0.5
SSR_P;2014;600100101;750712184;N2500;25;10;31
SSR_P;2014;600100101;750712184;N2710;1;;1
SSR_P;2014;600100101;750712184;N3120;1;;1
SSR_P;2014;600100101;750712184;NCINF;11;5;14.72
SSR_P;2014;600100184;600010276;M1010;4;1;3.5
SSR_P;2014;600100184;600010276;N241P;;3;2
SSR_P;2014;600100184;600010276;N2450;;1;0.3
SSR_P;2014;600100184;600010276;N2500;12;;9.61
SSR_P;2014;600100184;600010276;N2710;;1;0.34
SSR_P;2014;600100184;600010276;N3120;;1;0.5
SSR_P;2014;600100184;600010276;NCINF;14;;10.3
SSR_P;2014;600100275;600000111;M1010;4;;2.76
SSR_P;2014;600100275;600000111;M1320;1;;1
SSR_P;2014;600100275;600000111;M3020;;1;0.97
SSR_P;2014;600100275;600000111;N241P;1;1;1.79
SSR_P;2014;600100275;600000111;N2450;1;;1
SSR_P;2014;600100275;600000111;N2460;1;;1
SSR_P;2014;600100275;600000111;N2470;1;;0.99
SSR_P;2014;600100275;600000111;N2500;33;;34.27
SSR_P;2014;600100275;600000111;N2710;1;;0.8
SSR_P;2014;600100275;600000111;N3120;1;;1
SSR_P;2014;600100275;600000111;NAUT;71;;72.54
SSR_P;2014;600100275;600000111;NCINF;23;3;25.04
SSR_P;2014;600100283;750710428;M1010;1;5;2.9
SSR_P;2014;600100283;750710428;M1180;1;;1
SSR_P;2014;600100283;750710428;N241P;10;5;14.7
SSR_P;2014;600100283;750710428;N2430;;1;0.2
SSR_P;2014;600100283;750710428;N2450;;1;0.6
SSR_P;2014;600100283;750710428;N2460;2;;2
SSR_P;2014;600100283;750710428;N2500;14;6;19.56
SSR_P;2014;600100283;750710428;N2710;;1;0.79
SSR_P;2014;600100283;750710428;N310H;1;;1
SSR_P;2014;600100283;750710428;N3120;;1;0.64
SSR_P;2014;600100283;750710428;NCINF;11;9;19.19
SSR_P;2014;600100291;750052144;M1010;;1;0.2
SSR_P;2014;600100291;750052144;M1320;1;;1
SSR_P;2014;600100291;750052144;N2500;13;;6.66
SSR_P;2014;600100291;750052144;N2710;;1;0.23
SSR_P;2014;600100291;750052144;N3120;;1;0.5
SSR_P;2014;600100291;750052144;NAUT;10;1;5.93
SSR_P;2014;600100291;750052144;NCINF;9;;4.2
SSR_P;2014;600100309;750721334;M1180;3;6;4.9
SSR_P;2014;600100309;750721334;N241P;9;1;8.97
SSR_P;2014;600100309;750721334;N2430;2;1;2.76
SSR_P;2014;600100309;750721334;N2460;5;0;4.25
SSR_P;2014;600100309;750721334;N2470;3;0;3
SSR_P;2014;600100309;750721334;N2500;23;2;13.6
SSR_P;2014;600100309;750721334;N2710;1;0;0.98
SSR_P;2014;600100309;750721334;N310H;23;8;20.54
SSR_P;2014;600100309;750721334;N3120;1;0;1
SSR_P;2014;600100309;750721334;NAUT;36;15;42.7
SSR_P;2014;600100309;750721334;NCINF;12;1;8.23
SSR_P;2014;600100671;750034589;M1010;2;5;2.74
SSR_P;2014;600100671;750034589;M1180;2;1;2.8
SSR_P;2014;600100671;750034589;MAUT;;2;0.65
SSR_P;2014;600100671;750034589;N241P;21;4;14.7
SSR_P;2014;600100671;750034589;N2430;;1;0.2
SSR_P;2014;600100671;750034589;N2450;;1;0.25
SSR_P;2014;600100671;750034589;N2460;6;3;7.74
SSR_P;2014;600100671;750034589;N2500;39;4;34.48
SSR_P;2014;600100671;750034589;N2710;1;3;1.07
SSR_P;2014;600100671;750034589;N310H;;5;2.42
SSR_P;2014;600100671;750034589;N3120;;4;1.91
SSR_P;2014;600100671;750034589;NAUT;10;5;13.93
SSR_P;2014;600100671;750034589;NCINF;21;4;20.46
SSR_P;2014;600100754;600000228;M1320;1;1;1.9
SSR_P;2014;600100754;600000228;N2500;8;50;15.59
SSR_P;2014;600100754;600000228;NAUT;;15;3.42
SSR_P;2014;600100754;600000228;NCINF;5;59;14.07
SSR_P;2014;600100770;600000244;N2500;;1;0.8
SSR_P;2014;600100770;600000244;NAUT;;3;1.6
SSR_P;2014;600100770;600000244;NCINF;1;1;1.41
SSR_P;2014;600100796;750720609;M1010;2;0;2
SSR_P;2014;600100796;750720609;M1180;2;1;2.13
SSR_P;2014;600100796;750720609;MAUT;;4;0.37
SSR_P;2014;600100796;750720609;N241P;10;0;8.3
SSR_P;2014;600100796;750720609;N2430;1;;1
SSR_P;2014;600100796;750720609;N2450;;1;0.5
SSR_P;2014;600100796;750720609;N2460;3;;2.41
SSR_P;2014;600100796;750720609;N2500;23;1;23.5
SSR_P;2014;600100796;750720609;N2710;1;1;1.05
SSR_P;2014;600100796;750720609;N310H;1;;1
SSR_P;2014;600100796;750720609;N3120;;1;0.92
SSR_P;2014;600100796;750720609;NAUT;1;;1
SSR_P;2014;600100796;750720609;NCINF;16;1;16.8
SSR_P;2014;600100861;440052041;M1010;;4;2.52
SSR_P;2014;600100861;440052041;M1180;3;0;2.2
SSR_P;2014;600100861;440052041;M1320;2;;1.37
SSR_P;2014;600100861;440052041;N241P;7;1;6.63
SSR_P;2014;600100861;440052041;N2430;1;2;1.49
SSR_P;2014;600100861;440052041;N2450;1;;0.88
SSR_P;2014;600100861;440052041;N2460;5;;3.4
SSR_P;2014;600100861;440052041;N2470;2;;1.82
SSR_P;2014;600100861;440052041;N2500;17;6;23
SSR_P;2014;600100861;440052041;N2710;0;2;0.83
SSR_P;2014;600100861;440052041;N310H;1;1;1.84
SSR_P;2014;600100861;440052041;N3120;1;1;1.5
SSR_P;2014;600100861;440052041;NAUT;38;9;47.08
SSR_P;2014;600100861;440052041;NCINF;22;4;26.64
SSR_P;2014;600101679;590039863;M1010;;1;0.9
SSR_P;2014;600101679;590039863;M1070;;1;0.34
SSR_P;2014;600101679;590039863;M1180;3;;3.35
SSR_P;2014;600101679;590039863;MAUT;;2;0.71
SSR_P;2014;600101679;590039863;N241P;13;2;16
SSR_P;2014;600101679;590039863;N2430;1;;1
SSR_P;2014;600101679;590039863;N2450;1;1;1.75
SSR_P;2014;600101679;590039863;N2460;9;2;10.68
SSR_P;2014;600101679;590039863;N2500;35;3;32.9
SSR_P;2014;600101679;590039863;N2710;2;2;2
SSR_P;2014;600101679;590039863;N310H;1;;1
SSR_P;2014;600101679;590039863;N3120;1;2;1.98
SSR_P;2014;600101679;590039863;NAUT;7;;7
SSR_P;2014;600101679;590039863;NCINF;18;5;20.62
SSR_P;2014;600101687;600010037;M1010;1;;0.46
SSR_P;2014;600101687;600010037;M1320;;5;1.35
SSR_P;2014;600101687;600010037;MAUT;;1;0.5
SSR_P;2014;600101687;600010037;N241P;;1;0.8
SSR_P;2014;600101687;600010037;N2450;;1;0.19
SSR_P;2014;600101687;600010037;N2460;;1;0.25
SSR_P;2014;600101687;600010037;N2500;9;;9
SSR_P;2014;600101687;600010037;N3120;;1;0.5
SSR_P;2014;600101687;600010037;NAUT;11;1;11.5
SSR_P;2014;600101687;600010037;NCINF;6;1;6.8
SSR_P;2014;600101943;750720609;M1010;;1;0.75
SSR_P;2014;600101943;750720609;M1040;2;2;3.31
SSR_P;2014;600101943;750720609;MAUT;;1;0.7
SSR_P;2014;600101943;750720609;N241P;1;3;2.67
SSR_P;2014;600101943;750720609;N2450;1;1;1.5
SSR_P;2014;600101943;750720609;N2500;7;2;8.59
SSR_P;2014;600101943;750720609;N2710;;2;1
SSR_P;2014;600101943;750720609;N3120;;1;0.4
SSR_P;2014;600101943;750720609;NAUT;3;;2.86
SSR_P;2014;600101943;750720609;NCINF;6;9;12.48
SSR_P;2014;600111124;600106611;M1320;;3;1.01
SSR_P;2014;600111124;600106611;MAUT;;1;0.6
SSR_P;2014;600111124;600106611;N241P;;2;0.69
SSR_P;2014;600111124;600106611;N2460;;1;0.16
SSR_P;2014;600111124;600106611;N2500;3;5;5.06
SSR_P;2014;600111124;600106611;N3120;;1;0.5
SSR_P;2014;600111124;600106611;NAUT;3;25;7.56
SSR_P;2014;600111124;600106611;NCINF;2;4;3.96
SSR_P;2014;600113476;600100721;M1010;4;0;3.1
SSR_P;2014;600113476;600100721;M1180;1;0;0.76
SSR_P;2014;600113476;600100721;N241P;1;0;1
SSR_P;2014;600113476;600100721;N2430;0;1;0.11
SSR_P;2014;600113476;600100721;N2500;38;10;34.29
SSR_P;2014;600113476;600100721;N2710;1;0;0.5
SSR_P;2014;600113476;600100721;NAUT;4;1;2.6
SSR_P;2014;600113476;600100721;NCINF;40;14;26.41
SSR_P;2014;610000044;610780074;M1010;1;0;0.88
SSR_P;2014;610000044;610780074;M1320;1;0;0.88
SSR_P;2014;610000044;610780074;N241P;0;0;0.95
SSR_P;2014;610000044;610780074;N2500;7;6;11.76
SSR_P;2014;610000044;610780074;NCINF;10;3;11.14
SSR_P;2014;610000051;610780082;M1010;1;;1
SSR_P;2014;610000051;610780082;N241P;1;;1
SSR_P;2014;610000051;610780082;N2500;;26;10.89
SSR_P;2014;610000051;610780082;NAUT;1;8;5.49
SSR_P;2014;610000051;610780082;NCINF;3;15;5.69
SSR_P;2014;610000069;610780090;M1010;1;2;2
SSR_P;2014;610000069;610780090;N241P;;1;0.5
SSR_P;2014;610000069;610780090;N2450;;1;0.2
SSR_P;2014;610000069;610780090;N2500;15;2;16.27
SSR_P;2014;610000069;610780090;N2710;;1;0.25
SSR_P;2014;610000069;610780090;N3120;;1;0.2
SSR_P;2014;610000069;610780090;NAUT;2;2;3.6
SSR_P;2014;610000069;610780090;NCINF;10;1;10.8
SSR_P;2014;610000077;610780124;M1010;6;;3.49
SSR_P;2014;610000077;610780124;N241P;0;3;1.54
SSR_P;2014;610000077;610780124;N2460;1;;1
SSR_P;2014;610000077;610780124;N2500;18;2;18.6
SSR_P;2014;610000077;610780124;N2710;1;2;1.93
SSR_P;2014;610000077;610780124;NAUT;8;;7.99
SSR_P;2014;610000077;610780124;NCINF;16;3;18.75
SSR_P;2014;610000085;610780132;M1010;5;0;5
SSR_P;2014;610000085;610780132;N241P;1;1;0.68
SSR_P;2014;610000085;610780132;N2500;10;0;9.85
SSR_P;2014;610000085;610780132;N2710;1;0;0.5
SSR_P;2014;610000085;610780132;N3120;0;1;0.21
SSR_P;2014;610000085;610780132;NCINF;10;1;7.64
SSR_P;2014;610000093;610780140;MAUT;1;;0.5
SSR_P;2014;610000093;610780140;N241P;;1;0.5
SSR_P;2014;610000093;610780140;N2500;4;;3.82
SSR_P;2014;610000093;610780140;NAUT;1;1;1.29
SSR_P;2014;610000093;610780140;NCINF;1;;1
SSR_P;2014;610000101;610780157;M1010;;5;0.1
SSR_P;2014;610000101;610780157;M1180;;1;0.2
SSR_P;2014;610000101;610780157;N2500;12;2;13.6
SSR_P;2014;610000101;610780157;N2710;1;;1
SSR_P;2014;610000101;610780157;N310H;1;;1
SSR_P;2014;610000101;610780157;NAUT;7;9;13.8
SSR_P;2014;610000101;610780157;NCINF;7;2;8.3
SSR_P;2014;610006371;610000135;M1010;;1;0.2
SSR_P;2014;610006371;610000135;MAUT;;1;0.2
SSR_P;2014;610006371;610000135;N241P;;4;0.6
SSR_P;2014;610006371;610000135;N2500;4;2;3.99
SSR_P;2014;610006371;610000135;NAUT;2;1;2.26
SSR_P;2014;610006371;610000135;NCINF;6;2;6.53
SSR_P;2014;610006421;610006413;M1010;1;;1
SSR_P;2014;610006421;610006413;M1150;1;;1
SSR_P;2014;610006421;610006413;N241P;;3;1.5
SSR_P;2014;610006421;610006413;N2450;;1;0.2
SSR_P;2014;610006421;610006413;N2500;7;1;7.3
SSR_P;2014;610006421;610006413;N2710;;1;0.4
SSR_P;2014;610006421;610006413;N3120;;1;0.5
SSR_P;2014;610006421;610006413;NAUT;3;1;3.7
SSR_P;2014;610006421;610006413;NCINF;5;3;5.5
SSR_P;2014;610780108;610790594;M1010;;1;0.6
SSR_P;2014;610780108;610790594;N2500;14;4;13.11
SSR_P;2014;610780108;610790594;N2710;1;;0.1
SSR_P;2014;610780108;610790594;N310H;;;0.03
SSR_P;2014;610780108;610790594;N3120;1;;0.27
SSR_P;2014;610780108;610790594;NAUT;5;1;4.76
SSR_P;2014;610780108;610790594;NCINF;6;;6.32
SSR_P;2014;610780116;610790594;M1010;;2;1.2
SSR_P;2014;610780116;610790594;M1180;0;2;0.2
SSR_P;2014;610780116;610790594;N241P;1;;0.41
SSR_P;2014;610780116;610790594;N2460;1;;0.6
SSR_P;2014;610780116;610790594;N2500;22;4;25.09
SSR_P;2014;610780116;610790594;N310H;;;0.15
SSR_P;2014;610780116;610790594;N3120;2;;1.35
SSR_P;2014;610780116;610790594;NAUT;10;3;13.01
SSR_P;2014;610780116;610790594;NCINF;17;4;19.53
SSR_P;2014;610780207;610787061;M1010;;1;0.5
SSR_P;2014;610780207;610787061;N2450;;1;0.02
SSR_P;2014;610780207;610787061;N2460;1;1;1.12
SSR_P;2014;610780207;610787061;N2500;1;;1
SSR_P;2014;610780207;610787061;N2710;;1;0.95
SSR_P;2014;610780207;610787061;N310H;1;2;2
SSR_P;2014;610780207;610787061;N3120;;2;0.86
SSR_P;2014;610780207;610787061;NAUT;7;8;10.72
SSR_P;2014;610780207;610787061;NCINF;4;1;3.81
SSR_P;2014;610780371;760025734;M1010;1;1;1.75
SSR_P;2014;610780371;760025734;M1320;1;1;1.8
SSR_P;2014;610780371;760025734;N241P;3;1;3.5
SSR_P;2014;610780371;760025734;N2450;;1;0.5
SSR_P;2014;610780371;760025734;N2460;;1;0.5
SSR_P;2014;610780371;760025734;N2500;31;5;34.65
SSR_P;2014;610780371;760025734;N2710;;1;0.2
SSR_P;2014;610780371;760025734;N3120;;1;0.8
SSR_P;2014;610780371;760025734;NCINF;22;2;22.62
SSR_P;2014;610780389;610004939;M1010;1;;0.43
SSR_P;2014;610780389;610004939;M1140;2;;1.5
SSR_P;2014;610780389;610004939;M1180;1;1;1.71
SSR_P;2014;610780389;610004939;M3020;;1;0.1
SSR_P;2014;610780389;610004939;MAUT;;1;0.62
SSR_P;2014;610780389;610004939;N241P;3;1;5.76
SSR_P;2014;610780389;610004939;N2430;;1;1.04
SSR_P;2014;610780389;610004939;N2450;1;;0.99
SSR_P;2014;610780389;610004939;N2460;2;1;2.6
SSR_P;2014;610780389;610004939;N2500;16;4;22.94
SSR_P;2014;610780389;610004939;N2710;2;;2
SSR_P;2014;610780389;610004939;N310H;3;2;4.04
SSR_P;2014;610780389;610004939;N3120;;1;0.8
SSR_P;2014;610780389;610004939;NAUT;;1;0.5
SSR_P;2014;610780389;610004939;NCINF;7;5;11.03
SSR_P;2014;610784423;610787285;M1040;;1;0.65
SSR_P;2014;610784423;610787285;M1180;4;;3.43
SSR_P;2014;610784423;610787285;M1190;1;;0.75
SSR_P;2014;610784423;610787285;M3020;;1;0.11
SSR_P;2014;610784423;610787285;N241P;16;2;16.57
SSR_P;2014;610784423;610787285;N2430;;1;0.5
SSR_P;2014;610784423;610787285;N2450;1;;1
SSR_P;2014;610784423;610787285;N2460;5;1;6.07
SSR_P;2014;610784423;610787285;N2500;24;5;30.9
SSR_P;2014;610784423;610787285;N2710;;3;1.56
SSR_P;2014;610784423;610787285;N310H;1;;1.03
SSR_P;2014;610784423;610787285;N3120;1;;1
SSR_P;2014;610784423;610787285;NCINF;14;4;18.6
SSR_P;2014;620000026;620003814;M1010;6;;6
SSR_P;2014;620000026;620003814;M1040;;4;0.65
SSR_P;2014;620000026;620003814;M1070;1;;1
SSR_P;2014;620000026;620003814;M1140;;1;0.3
SSR_P;2014;620000026;620003814;M1150;1;;1
SSR_P;2014;620000026;620003814;M1180;5;1;5.4
SSR_P;2014;620000026;620003814;M1190;5;;5
SSR_P;2014;620000026;620003814;MAUT;;2;0.7
SSR_P;2014;620000026;620003814;N241P;33;4;35.35
SSR_P;2014;620000026;620003814;N2430;2;;2
SSR_P;2014;620000026;620003814;N2450;3;;2.8
SSR_P;2014;620000026;620003814;N2460;11;2;12
SSR_P;2014;620000026;620003814;N2470;2;1;2.5
SSR_P;2014;620000026;620003814;N2500;110;22;124.47
SSR_P;2014;620000026;620003814;N2710;8;4;10.17
SSR_P;2014;620000026;620003814;N310H;5;;5
SSR_P;2014;620000026;620003814;N3120;3;1;3.8
SSR_P;2014;620000026;620003814;NCINF;90;20;100.3
SSR_P;2014;620000034;620100057;M1040;;2;0.3
SSR_P;2014;620000034;620100057;M1150;;1;0.1
SSR_P;2014;620000034;620100057;M1180;;1;0.6
SSR_P;2014;620000034;620100057;M1320;2;1;2.5
SSR_P;2014;620000034;620100057;N2460;;1;0.5
SSR_P;2014;620000034;620100057;N2500;16;6;19.29
SSR_P;2014;620000034;620100057;N2710;;1;0.39
SSR_P;2014;620000034;620100057;NAUT;1;1;2.64
SSR_P;2014;620000034;620100057;NCINF;12;3;13.55
SSR_P;2014;620000059;620100073;M1010;;1;0.6
SSR_P;2014;620000059;620100073;M1320;1;;1
SSR_P;2014;620000059;620100073;N241P;1;;1
SSR_P;2014;620000059;620100073;N2450;1;;1
SSR_P;2014;620000059;620100073;N2500;29;5;26.3
SSR_P;2014;620000059;620100073;N2710;;1;0.3
SSR_P;2014;620000059;620100073;N310H;;3;1.58
SSR_P;2014;620000059;620100073;N3120;;1;0.33
SSR_P;2014;620000059;620100073;NAUT;16;;8.89
SSR_P;2014;620000059;620100073;NCINF;26;4;22.05
SSR_P;2014;620000067;620100081;M1010;1;;1
SSR_P;2014;620000067;620100081;M1120;;;0.1
SSR_P;2014;620000067;620100081;M1320;1;1;1
SSR_P;2014;620000067;620100081;M3020;;1;0.1
SSR_P;2014;620000067;620100081;MAUT;;6;0.25
SSR_P;2014;620000067;620100081;N241P;2;;2
SSR_P;2014;620000067;620100081;N2430;;;0.1
SSR_P;2014;620000067;620100081;N2450;;1;0.1
SSR_P;2014;620000067;620100081;N2460;;1;0.2
SSR_P;2014;620000067;620100081;N2500;13;5;15.14
SSR_P;2014;620000067;620100081;N2710;;2;0.2
SSR_P;2014;620000067;620100081;N310H;;1;0.1
SSR_P;2014;620000067;620100081;NAUT;11;2;10.89
SSR_P;2014;620000067;620100081;NCINF;11;2;12.39
SSR_P;2014;620000117;620100461;M1010;;1;0.27
SSR_P;2014;620000117;620100461;N2500;18;3;18.32
SSR_P;2014;620000117;620100461;NAUT;3;7;5.77
SSR_P;2014;620000117;620100461;NCINF;3;4;4.49
SSR_P;2014;620000224;620100651;M1010;1;2;1.18
SSR_P;2014;620000224;620100651;M1040;1;;0.5
SSR_P;2014;620000224;620100651;M1070;1;;0.25
SSR_P;2014;620000224;620100651;M1150;;1;0.3
SSR_P;2014;620000224;620100651;M1320;1;1;1.5
SSR_P;2014;620000224;620100651;N241P;1;1;1.3
SSR_P;2014;620000224;620100651;N2460;1;1;1.5
SSR_P;2014;620000224;620100651;N2500;14;6;17.75
SSR_P;2014;620000224;620100651;N3120;;1;0.65
SSR_P;2014;620000224;620100651;NAUT;5;9;11.02
SSR_P;2014;620000224;620100651;NCINF;10;6;14.1
SSR_P;2014;620000232;620100669;M1320;2;;2
SSR_P;2014;620000232;620100669;N241P;;2;1
SSR_P;2014;620000232;620100669;N2460;;1;0.2
SSR_P;2014;620000232;620100669;N2500;19;5;21.89
SSR_P;2014;620000232;620100669;N2710;;2;1.13
SSR_P;2014;620000232;620100669;N3120;1;1;1
SSR_P;2014;620000232;620100669;NCINF;12;5;15.36
SSR_P;2014;620000240;620100677;M1320;2;;1.74
SSR_P;2014;620000240;620100677;N241P;;;0.67
SSR_P;2014;620000240;620100677;N2460;1;;0.5
SSR_P;2014;620000240;620100677;N2500;12;1;12.71
SSR_P;2014;620000240;620100677;N2710;1;;1
SSR_P;2014;620000240;620100677;N310H;;;0.47
SSR_P;2014;620000240;620100677;N3120;;1;0.8
SSR_P;2014;620000240;620100677;NAUT;5;1;5.87
SSR_P;2014;620000240;620100677;NCINF;10;1;10.29
SSR_P;2014;620000257;620100685;M1010;2;0;1.42
SSR_P;2014;620000257;620100685;M1180;0;1;0.84
SSR_P;2014;620000257;620100685;M1320;3;0;2.78
SSR_P;2014;620000257;620100685;N241P;9;6;14.63
SSR_P;2014;620000257;620100685;N2460;0;2;1.4
SSR_P;2014;620000257;620100685;N2500;1;0;31.54
SSR_P;2014;620000257;620100685;N2710;0;0;0.82
SSR_P;2014;620000257;620100685;N3120;2;0;0.9
SSR_P;2014;620000257;620100685;NAUT;0;1;14.52
SSR_P;2014;620000257;620100685;NCINF;0;0;19.31
SSR_P;2014;620000323;620101337;M1010;3;;2.6
SSR_P;2014;620000323;620101337;M1320;2;;2
SSR_P;2014;620000323;620101337;N241P;11;6;8.87
SSR_P;2014;620000323;620101337;N2430;0;1;0.9
SSR_P;2014;620000323;620101337;N2460;4;0;4.42
SSR_P;2014;620000323;620101337;N2500;36;5;36.71
SSR_P;2014;620000323;620101337;N2710;1;0;1
SSR_P;2014;620000323;620101337;N310H;1;2;1.4
SSR_P;2014;620000323;620101337;NAUT;2;;0.42
SSR_P;2014;620000323;620101337;NCINF;29;7;30.78
SSR_P;2014;620000349;620101360;M1010;1;2;4.45
SSR_P;2014;620000349;620101360;M1180;2;1;2.27
SSR_P;2014;620000349;620101360;M1320;2;;1.75
SSR_P;2014;620000349;620101360;N241P;4;2;5.5
SSR_P;2014;620000349;620101360;N2430;;1;0.5
SSR_P;2014;620000349;620101360;N2450;;1;0.5
SSR_P;2014;620000349;620101360;N2460;2;2;3.55
SSR_P;2014;620000349;620101360;N2500;35;12;43.24
SSR_P;2014;620000349;620101360;N2710;;2;1.3
SSR_P;2014;620000349;620101360;N310H;1;;1
SSR_P;2014;620000349;620101360;NAUT;14;5;18.73
SSR_P;2014;620000349;620101360;NCINF;25;7;29.64
SSR_P;2014;620000596;750820680;M1010;;1;0.2
SSR_P;2014;620000596;750820680;M1180;;1;0.5
SSR_P;2014;620000596;750820680;M3020;;1;0.15
SSR_P;2014;620000596;750820680;N2450;;1;0.2
SSR_P;2014;620000596;750820680;N2460;1;;1
SSR_P;2014;620000596;750820680;N2500;2;1;2.57
SSR_P;2014;620000596;750820680;N2710;1;1;1.5
SSR_P;2014;620000596;750820680;N310H;2;4;3.75
SSR_P;2014;620000596;750820680;N3120;;1;0.9
SSR_P;2014;620000596;750820680;NAUT;5;1;5.5
SSR_P;2014;620000596;750820680;NCINF;7;3;8.1
SSR_P;2014;620003202;620103432;M1320;0;1;0.9
SSR_P;2014;620003202;620103432;N2500;16;3;19.38
SSR_P;2014;620003202;620103432;N310H;0;1;0.19
SSR_P;2014;620003202;620103432;N3120;1;0;0.95
SSR_P;2014;620003202;620103432;NAUT;1;0;1
SSR_P;2014;620003202;620103432;NCINF;9;3;12.73
SSR_P;2014;620003350;620001834;M1320;1;5;4.6
SSR_P;2014;620003350;620001834;MAUT;;1;0.05
SSR_P;2014;620003350;620001834;N241P;1;0;1
SSR_P;2014;620003350;620001834;N2460;1;1;1.8
SSR_P;2014;620003350;620001834;N2500;44;6;47.09
SSR_P;2014;620003350;620001834;N2710;0;1;0.8
SSR_P;2014;620003350;620001834;N310H;1;1;1.4
SSR_P;2014;620003350;620001834;NAUT;14;4;16.4
SSR_P;2014;620003350;620001834;NCINF;27;9;31.95
SSR_P;2014;620003822;620003814;M1010;3;2;4
SSR_P;2014;620003822;620003814;M1120;;1;0.1
SSR_P;2014;620003822;620003814;M1150;;4;0.7
SSR_P;2014;620003822;620003814;M1180;1;2;2.4
SSR_P;2014;620003822;620003814;M3020;;1;0.1
SSR_P;2014;620003822;620003814;N241P;14;2;15.8
SSR_P;2014;620003822;620003814;N2430;1;2;2.2
SSR_P;2014;620003822;620003814;N2450;1;;1
SSR_P;2014;620003822;620003814;N2460;8;2;9.8
SSR_P;2014;620003822;620003814;N2500;45;6;48
SSR_P;2014;620003822;620003814;N2710;;1;0.75
SSR_P;2014;620003822;620003814;N310H;1;2;2
SSR_P;2014;620003822;620003814;N3120;2;;2
SSR_P;2014;620003822;620003814;NAUT;1;3;3.2
SSR_P;2014;620003822;620003814;NCINF;42;6;45
SSR_P;2014;620012948;620000265;M1010;4;1;3.57
SSR_P;2014;620012948;620000265;M1320;1;;1
SSR_P;2014;620012948;620000265;M3020;;1;0.07
SSR_P;2014;620012948;620000265;N2460;;1;0.62
SSR_P;2014;620012948;620000265;N2500;19;2;13.5
SSR_P;2014;620012948;620000265;N2710;1;;1
SSR_P;2014;620012948;620000265;N3120;2;;2
SSR_P;2014;620012948;620000265;NCINF;22;;16.31
SSR_P;2014;620025346;620001834;M1320;0;2;1.4
SSR_P;2014;620025346;620001834;N2460;2;;2
SSR_P;2014;620025346;620001834;N2500;11;8;16.7
SSR_P;2014;620025346;620001834;N2710;;1;0.45
SSR_P;2014;620025346;620001834;NAUT;2;;2
SSR_P;2014;620025346;620001834;NCINF;8;2;9.4
SSR_P;2014;620026401;620024158;M1010;;2;0.9
SSR_P;2014;620026401;620024158;M1180;2;;2
SSR_P;2014;620026401;620024158;MAUT;;1;0.3
SSR_P;2014;620026401;620024158;N241P;9;1;9.8
SSR_P;2014;620026401;620024158;N2430;1;;0.8
SSR_P;2014;620026401;620024158;N2460;3;1;3.8
SSR_P;2014;620026401;620024158;N2500;18;;18
SSR_P;2014;620026401;620024158;N2710;;2;0.5
SSR_P;2014;620026401;620024158;N310H;1;;0.35
SSR_P;2014;620026401;620024158;N3120;1;;1
SSR_P;2014;620026401;620024158;NAUT;8;4;9.5
SSR_P;2014;620026401;620024158;NCINF;16;;16
SSR_P;2014;620027664;620003814;M1010;8;;8
SSR_P;2014;620027664;620003814;M1070;;1;0.8
SSR_P;2014;620027664;620003814;M1180;9;;9
SSR_P;2014;620027664;620003814;M1190;;1;0.8
SSR_P;2014;620027664;620003814;MAUT;;1;0.1
SSR_P;2014;620027664;620003814;N241P;45;9;48
SSR_P;2014;620027664;620003814;N2430;2;1;2.3
SSR_P;2014;620027664;620003814;N2450;2;1;2.91
SSR_P;2014;620027664;620003814;N2460;18;2;19.4
SSR_P;2014;620027664;620003814;N2470;1;;1
SSR_P;2014;620027664;620003814;N2500;125;40;141.9
SSR_P;2014;620027664;620003814;N2710;3;1;3.6
SSR_P;2014;620027664;620003814;N310H;15;1;15.49
SSR_P;2014;620027664;620003814;N3120;3;2;3.5
SSR_P;2014;620027664;620003814;NCINF;80;25;89.75
SSR_P;2014;620100016;750712184;M1070;1;;1
SSR_P;2014;620100016;750712184;M1120;;1;0.6
SSR_P;2014;620100016;750712184;M1180;3;1;3.5
SSR_P;2014;620100016;750712184;MAUT;2;1;2.1
SSR_P;2014;620100016;750712184;N241P;16;1;16.52
SSR_P;2014;620100016;750712184;N2430;2;;2
SSR_P;2014;620100016;750712184;N2450;3;1;4.8
SSR_P;2014;620100016;750712184;N2460;6;1;7.13
SSR_P;2014;620100016;750712184;N2470;;1;1.04
SSR_P;2014;620100016;750712184;N2500;121;6;126.94
SSR_P;2014;620100016;750712184;N2710;4;;4
SSR_P;2014;620100016;750712184;N3120;1;1;1.96
SSR_P;2014;620100016;750712184;NAUT;40;1;38.64
SSR_P;2014;620100016;750712184;NCINF;63;5;64.46
SSR_P;2014;620100099;620014779;M1010;;3;0.79
SSR_P;2014;620100099;620014779;M1320;;1;0.5
SSR_P;2014;620100099;620014779;N241P;;7;4
SSR_P;2014;620100099;620014779;N2500;5;2;6.75
SSR_P;2014;620100099;620014779;N2710;;1;0.3
SSR_P;2014;620100099;620014779;N3120;;1;0.5
SSR_P;2014;620100099;620014779;NCINF;9;1;9.9
SSR_P;2014;620100487;620000125;M1010;;1;0.5
SSR_P;2014;620100487;620000125;M1040;0;2;0.2
SSR_P;2014;620100487;620000125;M1070;;1;0.1
SSR_P;2014;620100487;620000125;M1320;2;0;2
SSR_P;2014;620100487;620000125;MAUT;;4;0.8
SSR_P;2014;620100487;620000125;N241P;1;2;2
SSR_P;2014;620100487;620000125;N2450;;1;0.5
SSR_P;2014;620100487;620000125;N2500;13;6;14.65
SSR_P;2014;620100487;620000125;N2710;;1;0.5
SSR_P;2014;620100487;620000125;N310H;1;;1
SSR_P;2014;620100487;620000125;N3120;;1;0.5
SSR_P;2014;620100487;620000125;NAUT;3;4;4.2
SSR_P;2014;620100487;620000125;NCINF;11;2;12.6
SSR_P;2014;620100495;620000133;M1010;;4;2.6
SSR_P;2014;620100495;620000133;MAUT;2;2;2.8
SSR_P;2014;620100495;620000133;N241P;;5;2.5
SSR_P;2014;620100495;620000133;N2450;;1;0.5
SSR_P;2014;620100495;620000133;N2500;13;10;18.29
SSR_P;2014;620100495;620000133;N2710;;1;0.5
SSR_P;2014;620100495;620000133;N3120;;1;0.4
SSR_P;2014;620100495;620000133;NCINF;16;2;17.54
SSR_P;2014;620100842;620001834;M1010;3;4;5.83
SSR_P;2014;620100842;620001834;M1040;1;4;3.29
SSR_P;2014;620100842;620001834;M1180;4;2;5.74
SSR_P;2014;620100842;620001834;M3020;;1;0.08
SSR_P;2014;620100842;620001834;MAUT;2;4;1.23
SSR_P;2014;620100842;620001834;N241P;26;;25.62
SSR_P;2014;620100842;620001834;N2430;;1;0.49
SSR_P;2014;620100842;620001834;N2450;2;;1.91
SSR_P;2014;620100842;620001834;N2460;6;;6.41
SSR_P;2014;620100842;620001834;N2500;31;12;29.17
SSR_P;2014;620100842;620001834;N2710;1;3;1.96
SSR_P;2014;620100842;620001834;N310H;2;;2.02
SSR_P;2014;620100842;620001834;N3120;1;1;1.5
SSR_P;2014;620100842;620001834;NAUT;41;36;55.07
SSR_P;2014;620100842;620001834;NCINF;35;3;34.61
SSR_P;2014;620101311;620027763;M1010;1;;1
SSR_P;2014;620101311;620027763;N2460;;1;0.51
SSR_P;2014;620101311;620027763;N2500;8;;7.57
SSR_P;2014;620101311;620027763;N2710;;1;0.2
SSR_P;2014;620101311;620027763;N3120;;1;0.4
SSR_P;2014;620101311;620027763;NAUT;2;;2.44
SSR_P;2014;620101311;620027763;NCINF;7;2;6.39
SSR_P;2014;620102053;620103440;M1010;;1;0.4
SSR_P;2014;620102053;620103440;MAUT;2;1;2.7
SSR_P;2014;620102053;620103440;N241P;5;;4.5
SSR_P;2014;620102053;620103440;N2430;;1;0.51
SSR_P;2014;620102053;620103440;N2460;2;;2
SSR_P;2014;620102053;620103440;N2470;;2;0.64
SSR_P;2014;620102053;620103440;N2500;49;8;53.94
SSR_P;2014;620102053;620103440;N2710;;1;0.75
SSR_P;2014;620102053;620103440;N310H;;1;0.4
SSR_P;2014;620102053;620103440;NAUT;9;4;11.52
SSR_P;2014;620102053;620103440;NCINF;25;5;26.36
SSR_P;2014;620102954;620020859;M1010;;4;2
SSR_P;2014;620102954;620020859;M1320;;1;0.34
SSR_P;2014;620102954;620020859;N241P;2;;2
SSR_P;2014;620102954;620020859;N2450;;1;0.11
SSR_P;2014;620102954;620020859;N2460;;1;0.25
SSR_P;2014;620102954;620020859;N2470;;1;0.5
SSR_P;2014;620102954;620020859;N2500;19;;19
SSR_P;2014;620102954;620020859;N2710;;1;0.25
SSR_P;2014;620102954;620020859;N3120;1;;1
SSR_P;2014;620102954;620020859;NAUT;16;15;22.93
SSR_P;2014;620102954;620020859;NCINF;15;2;15.34
SSR_P;2014;620105940;620000950;M1180;1;;1
SSR_P;2014;620105940;620000950;N2450;;1;0.6
SSR_P;2014;620105940;620000950;N2500;6;1;6.68
SSR_P;2014;620105940;620000950;N2710;1;;0.95
SSR_P;2014;620105940;620000950;NAUT;;2;0.54
SSR_P;2014;620105940;620000950;NCINF;7;3;9.74
SSR_P;2014;620105973;590039863;M1010;2;2;2.36
SSR_P;2014;620105973;590039863;M1120;;1;0.16
SSR_P;2014;620105973;590039863;M1180;1;1;0.88
SSR_P;2014;620105973;590039863;M3020;;2;0.03
SSR_P;2014;620105973;590039863;MAUT;1;1;1.05
SSR_P;2014;620105973;590039863;N241P;;6;4.68
SSR_P;2014;620105973;590039863;N2430;;2;0.78
SSR_P;2014;620105973;590039863;N2450;1;;0.78
SSR_P;2014;620105973;590039863;N2460;3;1;1.95
SSR_P;2014;620105973;590039863;N2470;3;1;3.12
SSR_P;2014;620105973;590039863;N2500;66;11;68.52
SSR_P;2014;620105973;590039863;N310H;3;;2.56
SSR_P;2014;620105973;590039863;N3120;1;;0.78
SSR_P;2014;620105973;590039863;NCINF;34;1;34.66
SSR_P;2014;620106203;620020859;M1010;;4;2
SSR_P;2014;620106203;620020859;MAUT;;1;0.14
SSR_P;2014;620106203;620020859;N241P;2;;2
SSR_P;2014;620106203;620020859;N2450;;1;0.06
SSR_P;2014;620106203;620020859;N2460;;1;0.25
SSR_P;2014;620106203;620020859;N2500;11;16;22.45
SSR_P;2014;620106203;620020859;N2710;;1;0.25
SSR_P;2014;620106203;620020859;N3120;;1;0.5
SSR_P;2014;620106203;620020859;NAUT;3;4;6.55
SSR_P;2014;620106203;620020859;NCINF;9;10;15.68
SSR_P;2014;620112656;620100057;M1010;;1;0.3
SSR_P;2014;620112656;620100057;M3020;;1;0.2
SSR_P;2014;620112656;620100057;N2500;1;;1
SSR_P;2014;620112656;620100057;N2710;;1;0.49
SSR_P;2014;620112656;620100057;NAUT;;5;3.7
SSR_P;2014;620112656;620100057;NCINF;3;6;4.5
SSR_P;2014;620117606;620020859;M1010;;1;0.5
SSR_P;2014;620117606;620020859;M1180;;1;0.1
SSR_P;2014;620117606;620020859;M1320;;2;0.9
SSR_P;2014;620117606;620020859;MAUT;;1;0.13
SSR_P;2014;620117606;620020859;N241P;1;1;1.6
SSR_P;2014;620117606;620020859;N2450;;1;0.22
SSR_P;2014;620117606;620020859;N2500;;16;15.4
SSR_P;2014;620117606;620020859;N2710;;1;0.5
SSR_P;2014;620117606;620020859;N3120;;1;0.5
SSR_P;2014;620117606;620020859;NAUT;;21;11.33
SSR_P;2014;620117606;620020859;NCINF;;11;8.7
SSR_P;2014;620118513;620002915;M1040;;3;1.09
SSR_P;2014;620118513;620002915;M1070;1;1;0.82
SSR_P;2014;620118513;620002915;N241P;;2;1.1
SSR_P;2014;620118513;620002915;N2450;1;;1
SSR_P;2014;620118513;620002915;N2460;;1;0.34
SSR_P;2014;620118513;620002915;N2710;;1;0.61
SSR_P;2014;620118513;620002915;N3120;;1;0.38
SSR_P;2014;620118513;620002915;NAUT;4;3;4.7
SSR_P;2014;620118513;620002915;NCINF;6;4;5.25
SSR_P;2014;630000016;630180032;M1010;2;;1.3
SSR_P;2014;630000016;630180032;M1040;;1;0.2
SSR_P;2014;630000016;630180032;M1180;;1;0.05
SSR_P;2014;630000016;630180032;M3020;;1;0.05
SSR_P;2014;630000016;630180032;MAUT;;4;1
SSR_P;2014;630000016;630180032;N241P;0;1;0.3
SSR_P;2014;630000016;630180032;N2500;9;2;10.1
SSR_P;2014;630000016;630180032;N2710;0;2;0.3
SSR_P;2014;630000016;630180032;N3120;;1;0.5
SSR_P;2014;630000016;630180032;NAUT;3;5;4.42
SSR_P;2014;630000016;630180032;NCINF;4;6;6.4
SSR_P;2014;630000131;630003168;M1010;;4;1.14
SSR_P;2014;630000131;630003168;M1040;3;1;3.97
SSR_P;2014;630000131;630003168;M1150;1;;1
SSR_P;2014;630000131;630003168;M3020;;1;0.03
SSR_P;2014;630000131;630003168;MAUT;;2;0.11
SSR_P;2014;630000131;630003168;N241P;6;2;6.84
SSR_P;2014;630000131;630003168;N2450;1;;1
SSR_P;2014;630000131;630003168;N2500;10;10;15.74
SSR_P;2014;630000131;630003168;N2710;;1;0.27
SSR_P;2014;630000131;630003168;N310H;2;1;2.62
SSR_P;2014;630000131;630003168;N3120;1;1;1.04
SSR_P;2014;630000131;630003168;NCINF;22;5;24.25
SSR_P;2014;630000149;630780302;M1010;4;;4.21
SSR_P;2014;630000149;630780302;M1180;2;;2
SSR_P;2014;630000149;630780302;N241P;11;6;14.75
SSR_P;2014;630000149;630780302;N2430;1;;1
SSR_P;2014;630000149;630780302;N2450;1;;1
SSR_P;2014;630000149;630780302;N2460;2;3;4.09
SSR_P;2014;630000149;630780302;N2500;53;8;56.65
SSR_P;2014;630000149;630780302;N2710;2;2;3.05
SSR_P;2014;630000149;630780302;N310H;5;;4.86
SSR_P;2014;630000149;630780302;N3120;2;2;3.1
SSR_P;2014;630000149;630780302;NAUT;80;5;75.76
SSR_P;2014;630000149;630780302;NCINF;35;11;44.2
SSR_P;2014;630000412;630780997;M1010;1;2;1.8
SSR_P;2014;630000412;630780997;N241P;;1;0.8
SSR_P;2014;630000412;630780997;N2500;13;10;21.31
SSR_P;2014;630000412;630780997;NAUT;7;3;9.36
SSR_P;2014;630000412;630780997;NCINF;7;8;11.7
SSR_P;2014;630000446;630781029;M1180;0;1;0.8
SSR_P;2014;630000446;630781029;N241P;1;;0.5
SSR_P;2014;630000446;630781029;N2500;6;3;7.4
SSR_P;2014;630000446;630781029;N3120;1;;0.16
SSR_P;2014;630000446;630781029;NAUT;2;;2
SSR_P;2014;630000446;630781029;NCINF;4;;4.29
SSR_P;2014;630000487;630781136;M1180;2;1;2.5
SSR_P;2014;630000487;630781136;MAUT;;2;0.76
SSR_P;2014;630000487;630781136;N241P;8;2;8.92
SSR_P;2014;630000487;630781136;N2430;;2;0.25
SSR_P;2014;630000487;630781136;N2460;2;1;2.36
SSR_P;2014;630000487;630781136;N2500;9;4;12.56
SSR_P;2014;630000487;630781136;N2710;;1;0.41
SSR_P;2014;630000487;630781136;N310H;;1;0.52
SSR_P;2014;630000487;630781136;N3120;;2;0.51
SSR_P;2014;630000487;630781136;NAUT;25;11;28.96
SSR_P;2014;630000487;630781136;NCINF;11;;9.68
SSR_P;2014;630000560;630781367;M1320;1;;0.4
SSR_P;2014;630000560;630781367;MAUT;;1;0.5
SSR_P;2014;630000560;630781367;N241P;;1;0.75
SSR_P;2014;630000560;630781367;N2450;;1;0.8
SSR_P;2014;630000560;630781367;N2500;4;4;6.95
SSR_P;2014;630000560;630781367;N3120;1;;1
SSR_P;2014;630000560;630781367;NCINF;5;3;6.75
SSR_P;2014;630010510;750043994;M1010;2;;2
SSR_P;2014;630010510;750043994;M1180;1;;1
SSR_P;2014;630010510;750043994;M1320;2;;2.59
SSR_P;2014;630010510;750043994;N241P;3;3;4.08
SSR_P;2014;630010510;750043994;N2500;16;3;17.28
SSR_P;2014;630010510;750043994;N2710;;1;0.5
SSR_P;2014;630010510;750043994;N3120;1;;1
SSR_P;2014;630010510;750043994;NAUT;14;2;15.73
SSR_P;2014;630010510;750043994;NCINF;18;1;19.52
SSR_P;2014;630011211;690795331;MAUT;;2;0.08
SSR_P;2014;630011211;690795331;N2460;;1;0.8
SSR_P;2014;630011211;690795331;N2470;;1;0.5
SSR_P;2014;630011211;690795331;N2710;;1;0.6
SSR_P;2014;630011211;690795331;N3120;;1;0.7
SSR_P;2014;630011211;690795331;NAUT;;7;2.49
SSR_P;2014;630011823;870015336;M1010;;1;0.11
SSR_P;2014;630011823;870015336;M1140;;;0.35
SSR_P;2014;630011823;870015336;MAUT;1;;1
SSR_P;2014;630011823;870015336;N2710;1;1;1.25
SSR_P;2014;630011823;870015336;N310H;2;;1.17
SSR_P;2014;630011823;870015336;N3120;;1;0.41
SSR_P;2014;630011823;870015336;NCINF;2;;1.83
SSR_P;2014;630780179;630011534;M1010;3;2;4.3
SSR_P;2014;630780179;630011534;MAUT;;1;0.9
SSR_P;2014;630780179;630011534;N241P;;2;1.17
SSR_P;2014;630780179;630011534;N2500;14;10;21.29
SSR_P;2014;630780179;630011534;N3120;;1;0.83
SSR_P;2014;630780179;630011534;NAUT;32;12;37.5
SSR_P;2014;630780179;630011534;NCINF;15;6;17.07
SSR_P;2014;630780310;630000156;M1010;2;;1.22
SSR_P;2014;630780310;630000156;M1320;1;;0.63
SSR_P;2014;630780310;630000156;N2450;;1;0.05
SSR_P;2014;630780310;630000156;N2460;;1;0.1
SSR_P;2014;630780310;630000156;N2500;64;;10.03
SSR_P;2014;630780310;630000156;N2710;;1;0.5
SSR_P;2014;630780310;630000156;NAUT;;2;0.35
SSR_P;2014;630780310;630000156;NCINF;47;;8.54
SSR_P;2014;630780526;630009991;M1010;;2;1.43
SSR_P;2014;630780526;630009991;M1320;;2;1.43
SSR_P;2014;630780526;630009991;M1330;;1;0.25
SSR_P;2014;630780526;630009991;MAUT;;1;0.5
SSR_P;2014;630780526;630009991;N241P;;3;0.77
SSR_P;2014;630780526;630009991;N2500;9;8;13.78
SSR_P;2014;630780526;630009991;N2710;;4;0.5
SSR_P;2014;630780526;630009991;N3120;;1;0.5
SSR_P;2014;630780526;630009991;NAUT;18;5;21.59
SSR_P;2014;630780526;630009991;NCINF;10;10;15.78
SSR_P;2014;630780559;870015336;M1010;;1;0.62
SSR_P;2014;630780559;870015336;N2450;;2;0.98
SSR_P;2014;630780559;870015336;N2500;3;;3
SSR_P;2014;630780559;870015336;N2710;;1;0.61
SSR_P;2014;630780559;870015336;N310H;5;1;5.74
SSR_P;2014;630780559;870015336;NCINF;4;;3.3
SSR_P;2014;630781433;630000362;M1010;2;;2
SSR_P;2014;630781433;630000362;N2500;2;;2
SSR_P;2014;630781433;630000362;N310H;15;;15
SSR_P;2014;630781433;630000362;NAUT;12;;12
SSR_P;2014;630781433;630000362;NCINF;3;;3
SSR_P;2014;630781755;630011518;M1010;1;;1
SSR_P;2014;630781755;630011518;M1140;3;1;3.07
SSR_P;2014;630781755;630011518;M1180;1;;1
SSR_P;2014;630781755;630011518;M3020;;2;0.13
SSR_P;2014;630781755;630011518;MAUT;;2;0.45
SSR_P;2014;630781755;630011518;N241P;2;4;5.16
SSR_P;2014;630781755;630011518;N2430;;2;0.49
SSR_P;2014;630781755;630011518;N2450;1;;1
SSR_P;2014;630781755;630011518;N2460;;3;1.89
SSR_P;2014;630781755;630011518;N2470;;3;0.91
SSR_P;2014;630781755;630011518;N2500;92;18;102.22
SSR_P;2014;630781755;630011518;N2710;;2;0.8
SSR_P;2014;630781755;630011518;N310H;6;2;7.55
SSR_P;2014;630781755;630011518;N3120;;1;0.5
SSR_P;2014;630781755;630011518;NAUT;15;26;30.34
SSR_P;2014;630781755;630011518;NCINF;34;12;38.8
SSR_P;2014;630783348;750050916;M1010;;2;0.35
SSR_P;2014;630783348;750050916;M1180;2;;2
SSR_P;2014;630783348;750050916;M1190;1;;1
SSR_P;2014;630783348;750050916;MAUT;;1;0.5
SSR_P;2014;630783348;750050916;N241P;5;2;7.4
SSR_P;2014;630783348;750050916;N2430;;1;0.5
SSR_P;2014;630783348;750050916;N2450;;1;0.2
SSR_P;2014;630783348;750050916;N2460;4;1;4.5
SSR_P;2014;630783348;750050916;N2500;20;7;25
SSR_P;2014;630783348;750050916;N2710;;1;0.85
SSR_P;2014;630783348;750050916;N310H;3;1;3.25
SSR_P;2014;630783348;750050916;N3120;;1;0.85
SSR_P;2014;630783348;750050916;NAUT;13;24;28.2
SSR_P;2014;630783348;750050916;NCINF;16;6;20.6
SSR_P;2014;630783538;630780989;M1040;0;1;0.57
SSR_P;2014;630783538;630780989;M1180;0;0;0.3
SSR_P;2014;630783538;630780989;MAUT;3;0;2.9
SSR_P;2014;630783538;630780989;N241P;7;3;6.55
SSR_P;2014;630783538;630780989;N2430;;1;0.32
SSR_P;2014;630783538;630780989;N2460;4;2;6.25
SSR_P;2014;630783538;630780989;N2470;;;0.3
SSR_P;2014;630783538;630780989;N2500;23;7;27.01
SSR_P;2014;630783538;630780989;N2710;3;1;2.3
SSR_P;2014;630783538;630780989;N310H;1;;0.09
SSR_P;2014;630783538;630780989;N3120;0;1;0.5
SSR_P;2014;630783538;630780989;NAUT;15;2;15.99
SSR_P;2014;630783538;630780989;NCINF;23;8;28.18
SSR_P;2014;630785756;630001188;M1010;;1;0.89
SSR_P;2014;630785756;630001188;M1180;1;;1.1
SSR_P;2014;630785756;630001188;M1320;1;2;2.65
SSR_P;2014;630785756;630001188;N241P;13;3;12.49
SSR_P;2014;630785756;630001188;N2430;;1;0.5
SSR_P;2014;630785756;630001188;N2450;;1;0.5
SSR_P;2014;630785756;630001188;N2460;2;5;3.99
SSR_P;2014;630785756;630001188;N2500;35;6;33.65
SSR_P;2014;630785756;630001188;N2710;;1;0.6
SSR_P;2014;630785756;630001188;N310H;;1;0.23
SSR_P;2014;630785756;630001188;N3120;1;;1
SSR_P;2014;630785756;630001188;NAUT;38;15;49.38
SSR_P;2014;630785756;630001188;NCINF;13;4;14.27
SSR_P;2014;640000402;640780813;M1010;0;2;0.77
SSR_P;2014;640000402;640780813;M1180;1;1;0.88
SSR_P;2014;640000402;640780813;M1320;1;0;1
SSR_P;2014;640000402;640780813;N241P;0;4;2.67
SSR_P;2014;640000402;640780813;N2450;0;1;0.15
SSR_P;2014;640000402;640780813;N2460;0;1;0.78
SSR_P;2014;640000402;640780813;N2500;18;10;22.88
SSR_P;2014;640000402;640780813;N2710;;1;0.31
SSR_P;2014;640000402;640780813;N3120;;1;0.5
SSR_P;2014;640000402;640780813;NAUT;0;3;1.55
SSR_P;2014;640000402;640780813;NCINF;8;7;13.21
SSR_P;2014;640000410;640780821;M1320;2;;1.48
SSR_P;2014;640000410;640780821;N241P;1;6;1.84
SSR_P;2014;640000410;640780821;N2500;9;4;12.78
SSR_P;2014;640000410;640780821;NAUT;1;2;2.68
SSR_P;2014;640000410;640780821;NCINF;8;2;8.6
SSR_P;2014;640000428;640780839;M1010;0;8;0.5
SSR_P;2014;640000428;640780839;N241P;1;2;2
SSR_P;2014;640000428;640780839;N2460;0;1;0.4
SSR_P;2014;640000428;640780839;N2470;0;1;0.35
SSR_P;2014;640000428;640780839;N2500;8;0;8
SSR_P;2014;640000428;640780839;N3120;;1;0.4
SSR_P;2014;640000428;640780839;NCINF;3;2;3.7
SSR_P;2014;640000600;640781290;M1010;1;1;1.1
SSR_P;2014;640000600;640781290;M1180;2;;1.44
SSR_P;2014;640000600;640781290;M1320;6;;2.14
SSR_P;2014;640000600;640781290;N241P;7;4;9.33
SSR_P;2014;640000600;640781290;N2430;1;;1
SSR_P;2014;640000600;640781290;N2450;;1;0.52
SSR_P;2014;640000600;640781290;N2460;4;1;3.05
SSR_P;2014;640000600;640781290;N2470;1;;0.7
SSR_P;2014;640000600;640781290;N2500;58;16;78.51
SSR_P;2014;640000600;640781290;N2710;1;1;1.52
SSR_P;2014;640000600;640781290;N3120;1;1;1.72
SSR_P;2014;640000600;640781290;NAUT;19;5;19.32
SSR_P;2014;640000600;640781290;NCINF;42;10;56.53
SSR_P;2014;640005591;750043994;M1010;2;2;2.33
SSR_P;2014;640005591;750043994;M1320;;1;0.23
SSR_P;2014;640005591;750043994;N2500;12;;12
SSR_P;2014;640005591;750043994;N3120;1;;0.4
SSR_P;2014;640005591;750043994;NAUT;2;;2
SSR_P;2014;640005591;750043994;NCINF;9;2;9.9
SSR_P;2014;640010518;640010468;M1010;3;;3
SSR_P;2014;640010518;640010468;M1040;;2;0.31
SSR_P;2014;640010518;640010468;M1120;;1;0.2
SSR_P;2014;640010518;640010468;M1180;;1;0.06
SSR_P;2014;640010518;640010468;M1320;1;;1
SSR_P;2014;640010518;640010468;M3020;;1;0.2
SSR_P;2014;640010518;640010468;MAUT;;1;0.6
SSR_P;2014;640010518;640010468;N241P;3;;3
SSR_P;2014;640010518;640010468;N2450;1;1;1.3
SSR_P;2014;640010518;640010468;N2460;1;;1
SSR_P;2014;640010518;640010468;N2500;21;;21
SSR_P;2014;640010518;640010468;N2710;;1;0.68
SSR_P;2014;640010518;640010468;N3120;;1;0.5
SSR_P;2014;640010518;640010468;NAUT;2;1;2.26
SSR_P;2014;640010518;640010468;NCINF;18;3;19.12
SSR_P;2014;640017224;640011839;M1320;1;;2
SSR_P;2014;640017224;640011839;MAUT;;3;2
SSR_P;2014;640017224;640011839;N241P;2;;2
SSR_P;2014;640017224;640011839;N2450;1;;0.5
SSR_P;2014;640017224;640011839;N2500;4;;4
SSR_P;2014;640017224;640011839;N2710;1;;0.2
SSR_P;2014;640017224;640011839;NAUT;7;;7
SSR_P;2014;640017224;640011839;NCINF;7;;7
SSR_P;2014;640780185;640000089;M1180;4;;4
SSR_P;2014;640780185;640000089;MAUT;;2;1.16
SSR_P;2014;640780185;640000089;N241P;15;;13.84
SSR_P;2014;640780185;640000089;N2430;;2;0.98
SSR_P;2014;640780185;640000089;N2450;1;;1
SSR_P;2014;640780185;640000089;N2460;2;3;3.1
SSR_P;2014;640780185;640000089;N2500;23;5;23.62
SSR_P;2014;640780185;640000089;N2710;1;;1
SSR_P;2014;640780185;640000089;N3120;;1;0.7
SSR_P;2014;640780185;640000089;NAUT;;5;0.46
SSR_P;2014;640780185;640000089;NCINF;12;5;16.19
SSR_P;2014;640780227;330056540;M1010;;4;1.16
SSR_P;2014;640780227;330056540;M1320;;3;1.64
SSR_P;2014;640780227;330056540;MAUT;;2;0.75
SSR_P;2014;640780227;330056540;N241P;;3;1.2
SSR_P;2014;640780227;330056540;N2450;;1;0.56
SSR_P;2014;640780227;330056540;N2460;;1;0.34
SSR_P;2014;640780227;330056540;N2500;15;5;15.93
SSR_P;2014;640780227;330056540;N2710;;1;0.45
SSR_P;2014;640780227;330056540;N3120;2;;0.89
SSR_P;2014;640780227;330056540;NAUT;13;8;15.36
SSR_P;2014;640780227;330056540;NCINF;15;6;13.75
SSR_P;2014;640780490;640000212;M1040;1;2;2
SSR_P;2014;640780490;640000212;MAUT;;1;0.03
SSR_P;2014;640780490;640000212;N241P;;2;0.5
SSR_P;2014;640780490;640000212;N2450;;1;0.3
SSR_P;2014;640780490;640000212;N2710;;1;0.3
SSR_P;2014;640780490;640000212;NCINF;1;;1
SSR_P;2014;640780557;640000238;M1010;1;1;1.57
SSR_P;2014;640780557;640000238;M1040;2;3;2.38
SSR_P;2014;640780557;640000238;M1150;2;2;2.14
SSR_P;2014;640780557;640000238;N241P;7;3;9.16
SSR_P;2014;640780557;640000238;N2450;1;2;1.47
SSR_P;2014;640780557;640000238;N2500;5;4;6.78
SSR_P;2014;640780557;640000238;N2710;;1;0.47
SSR_P;2014;640780557;640000238;N310H;;2;1.06
SSR_P;2014;640780557;640000238;N3120;;1;0.69
SSR_P;2014;640780557;640000238;NAUT;1;1;1.47
SSR_P;2014;640780557;640000238;NCINF;25;2;21.59
SSR_P;2014;640780581;640000253;M1150;2;1;2.34
SSR_P;2014;640780581;640000253;M1320;1;;1
SSR_P;2014;640780581;640000253;MAUT;;2;0.87
SSR_P;2014;640780581;640000253;N241P;3;3;3.79
SSR_P;2014;640780581;640000253;N2450;;2;0.4
SSR_P;2014;640780581;640000253;N2500;5;10;11.25
SSR_P;2014;640780581;640000253;N2710;;1;0.49
SSR_P;2014;640780581;640000253;N3120;;1;0.5
SSR_P;2014;640780581;640000253;NAUT;27;1;27.61
SSR_P;2014;640780581;640000253;NCINF;8;6;11.05
SSR_P;2014;640780607;640000261;M1010;;;2.35
SSR_P;2014;640780607;640000261;NCINF;9;;11
SSR_P;2014;640780623;640000287;M1010;3;;1.74
SSR_P;2014;640780623;640000287;M1150;1;2;1.41
SSR_P;2014;640780623;640000287;MAUT;;1;0.73
SSR_P;2014;640780623;640000287;N241P;4;1;4.18
SSR_P;2014;640780623;640000287;N2450;;1;0.38
SSR_P;2014;640780623;640000287;N2470;;1;0.13
SSR_P;2014;640780623;640000287;N2500;15;7;13.16
SSR_P;2014;640780623;640000287;N2710;;1;0.37
SSR_P;2014;640780623;640000287;N3120;;1;0.5
SSR_P;2014;640780623;640000287;NAUT;2;2;2.3
SSR_P;2014;640780623;640000287;NCINF;20;2;14.66
SSR_P;2014;640780631;640000295;M1010;2;;1.87
SSR_P;2014;640780631;640000295;M1040;3;2;3.15
SSR_P;2014;640780631;640000295;M1150;3;;3
SSR_P;2014;640780631;640000295;MAUT;;1;0.76
SSR_P;2014;640780631;640000295;N241P;8;3;9.95
SSR_P;2014;640780631;640000295;N2450;;2;1.08
SSR_P;2014;640780631;640000295;N2500;16;7;20.59
SSR_P;2014;640780631;640000295;N2710;;1;0.87
SSR_P;2014;640780631;640000295;N3120;;1;0.91
SSR_P;2014;640780631;640000295;NAUT;14;19;27.1
SSR_P;2014;640780631;640000295;NCINF;21;12;31.23
SSR_P;2014;640780649;640000303;M1010;1;4;3.46
SSR_P;2014;640780649;640000303;M1150;;1;0.5
SSR_P;2014;640780649;640000303;M1180;;1;0.11
SSR_P;2014;640780649;640000303;M1320;;1;0.05
SSR_P;2014;640780649;640000303;N241P;3;;3
SSR_P;2014;640780649;640000303;N2430;;1;0.05
SSR_P;2014;640780649;640000303;N2450;;1;0.32
SSR_P;2014;640780649;640000303;N2500;13;4;15.33
SSR_P;2014;640780649;640000303;N2710;;1;0.4
SSR_P;2014;640780649;640000303;N3120;;1;0.57
SSR_P;2014;640780649;640000303;NCINF;9;4;11.45
SSR_P;2014;640780672;640000337;M1010;1;;0.84
SSR_P;2014;640780672;640000337;M1180;3;2;4.27
SSR_P;2014;640780672;640000337;M3020;;1;0.01
SSR_P;2014;640780672;640000337;MAUT;1;1;1.1
SSR_P;2014;640780672;640000337;N241P;17;3;16.7
SSR_P;2014;640780672;640000337;N2430;;2;0.99
SSR_P;2014;640780672;640000337;N2460;7;;4.83
SSR_P;2014;640780672;640000337;N2500;18;3;19.79
SSR_P;2014;640780672;640000337;N2710;;;0.96
SSR_P;2014;640780672;640000337;N3120;1;;1.05
SSR_P;2014;640780672;640000337;NAUT;2;1;2.56
SSR_P;2014;640780672;640000337;NCINF;28;2;23.89
SSR_P;2014;640780714;750720427;M1010;1;1;1.26
SSR_P;2014;640780714;750720427;M1320;;1;0.8
SSR_P;2014;640780714;750720427;N241P;;2;1.17
SSR_P;2014;640780714;750720427;N2450;;1;0.12
SSR_P;2014;640780714;750720427;N2460;;1;0.4
SSR_P;2014;640780714;750720427;N2500;6;3;8.94
SSR_P;2014;640780714;750720427;N2710;;1;0.33
SSR_P;2014;640780714;750720427;N3120;;1;0.3
SSR_P;2014;640780714;750720427;NAUT;5;15;16.53
SSR_P;2014;640780714;750720427;NCINF;9;5;12.54
SSR_P;2014;640780755;640780417;M1010;0;0;0.07
SSR_P;2014;640780755;640780417;M1180;2;4;1.79
SSR_P;2014;640780755;640780417;M1320;2;0;1.95
SSR_P;2014;640780755;640780417;M3020;1;0;0.1
SSR_P;2014;640780755;640780417;N241P;4;4;6.23
SSR_P;2014;640780755;640780417;N2430;4;0;3.8
SSR_P;2014;640780755;640780417;N2460;3;2;3.61
SSR_P;2014;640780755;640780417;N2500;33;4;35.52
SSR_P;2014;640780755;640780417;N2710;2;1;2.14
SSR_P;2014;640780755;640780417;NAUT;8;2;8.48
SSR_P;2014;640780755;640780417;NCINF;21;4;24.25
SSR_P;2014;640780904;750721334;M1140;;3;1.27
SSR_P;2014;640780904;750721334;M1180;;1;0.07
SSR_P;2014;640780904;750721334;M3020;;1;0.07
SSR_P;2014;640780904;750721334;MAUT;;1;0.03
SSR_P;2014;640780904;750721334;N241P;;6;2.87
SSR_P;2014;640780904;750721334;N2430;;1;0.43
SSR_P;2014;640780904;750721334;N2450;;1;0.05
SSR_P;2014;640780904;750721334;N2460;;1;0.3
SSR_P;2014;640780904;750721334;N2470;;1;0.41
SSR_P;2014;640780904;750721334;N2500;7;4;9.52
SSR_P;2014;640780904;750721334;N2710;;2;0.56
SSR_P;2014;640780904;750721334;N310H;1;4;3.5
SSR_P;2014;640780904;750721334;N3120;;1;0.3
SSR_P;2014;640780904;750721334;NAUT;1;3;3.56
SSR_P;2014;640780904;750721334;NCINF;;11;6.44
SSR_P;2014;640781225;640000568;M1040;;5;5
SSR_P;2014;640781225;640000568;M1150;;3;3
SSR_P;2014;640781225;640000568;N2450;1;;0.6
SSR_P;2014;640781225;640000568;N2500;4;;4
SSR_P;2014;640781225;640000568;N3120;;1;0.5
SSR_P;2014;640781225;640000568;NCINF;4;7;8.37
SSR_P;2014;640781340;640000642;M1010;;3;1.23
SSR_P;2014;640781340;640000642;N241P;;2;1.17
SSR_P;2014;640781340;640000642;N2500;;8;6.95
SSR_P;2014;640781340;640000642;NCINF;4;3;6.14
SSR_P;2014;640787149;640001681;M1010;1;;1
SSR_P;2014;640787149;640001681;M1180;3;1;3.11
SSR_P;2014;640787149;640001681;M3020;;1;0.13
SSR_P;2014;640787149;640001681;MAUT;;1;0.62
SSR_P;2014;640787149;640001681;N241P;12;1;12.31
SSR_P;2014;640787149;640001681;N2430;;1;0.49
SSR_P;2014;640787149;640001681;N2450;;1;0.07
SSR_P;2014;640787149;640001681;N2460;2;;2.12
SSR_P;2014;640787149;640001681;N2500;8;5;11.58
SSR_P;2014;640787149;640001681;N2710;;1;0.56
SSR_P;2014;640787149;640001681;N3120;;1;0.5
SSR_P;2014;640787149;640001681;NAUT;27;13;36.84
SSR_P;2014;640787149;640001681;NCINF;7;2;8.84
SSR_P;2014;640787156;640001699;M1040;;1;
SSR_P;2014;640787156;640001699;M1120;;1;
SSR_P;2014;640787156;640001699;M1150;;1;
SSR_P;2014;640787156;640001699;M1180;;1;0.1
SSR_P;2014;640787156;640001699;M1320;;1;0.5
SSR_P;2014;640787156;640001699;M3020;;1;0.1
SSR_P;2014;640787156;640001699;N241P;1;;1
SSR_P;2014;640787156;640001699;N2450;;1;0.03
SSR_P;2014;640787156;640001699;N2460;;1;0.2
SSR_P;2014;640787156;640001699;N2500;3;3;5.35
SSR_P;2014;640787156;640001699;N3120;;1;0.2
SSR_P;2014;640787156;640001699;NCINF;5;4;6.92
SSR_P;2014;640789426;640003497;M1010;;3;1.58
SSR_P;2014;640789426;640003497;M1320;;2;1.2
SSR_P;2014;640789426;640003497;N2450;1;;1
SSR_P;2014;640789426;640003497;N2500;12;2;13.8
SSR_P;2014;640789426;640003497;N2710;;1;0.51
SSR_P;2014;640789426;640003497;N3120;;1;0.57
SSR_P;2014;640789426;640003497;NCINF;12;2;13.75
SSR_P;2014;640789624;640016614;M1010;;1;0.4
SSR_P;2014;640789624;640016614;N241P;;1;1
SSR_P;2014;640789624;640016614;N2470;;1;0.25
SSR_P;2014;640789624;640016614;N2500;;32;9.1
SSR_P;2014;640789624;640016614;NAUT;;34;3.82
SSR_P;2014;640789624;640016614;NCINF;;12;5.15
SSR_P;2014;640790150;750712184;M1010;5;;5
SSR_P;2014;640790150;750712184;M1120;;1;0.1
SSR_P;2014;640790150;750712184;M1180;2;;2
SSR_P;2014;640790150;750712184;M3020;1;2;1.5
SSR_P;2014;640790150;750712184;MAUT;;3;3.7
SSR_P;2014;640790150;750712184;N241P;9;;8.82
SSR_P;2014;640790150;750712184;N2450;2;;1.91
SSR_P;2014;640790150;750712184;N2460;2;;2
SSR_P;2014;640790150;750712184;N2470;5;;4.86
SSR_P;2014;640790150;750712184;N2500;311;;301.78
SSR_P;2014;640790150;750712184;N2710;4;;4
SSR_P;2014;640790150;750712184;N310H;5;;5
SSR_P;2014;640790150;750712184;N3120;15;;13.42
SSR_P;2014;640790150;750712184;NAUT;7;;6.13
SSR_P;2014;640790150;750712184;NCINF;96;;91.26
SSR_P;2014;640792305;640000626;M1010;;1;0.21
SSR_P;2014;640792305;640000626;N2470;;1;0.18
SSR_P;2014;640792305;640000626;N2500;1;1;1.75
SSR_P;2014;640792305;640000626;NCINF;1;5;4.25
SSR_P;2014;650000045;650780158;M1010;1;1;1
SSR_P;2014;650000045;650780158;M1320;1;1;1.2
SSR_P;2014;650000045;650780158;MAUT;1;0;0.7
SSR_P;2014;650000045;650780158;N241P;4;0;2.7
SSR_P;2014;650000045;650780158;N2450;2;0;0.5
SSR_P;2014;650000045;650780158;N2460;1;0;1
SSR_P;2014;650000045;650780158;N2500;22;1;23
SSR_P;2014;650000045;650780158;NAUT;3;0;2.7
SSR_P;2014;650000045;650780158;NCINF;14;1;14.54
SSR_P;2014;650000052;650780166;M1010;3;;1.52
SSR_P;2014;650000052;650780166;M1180;8;1;7.4
SSR_P;2014;650000052;650780166;N241P;21;7;28.41
SSR_P;2014;650000052;650780166;N2430;1;1;1.8
SSR_P;2014;650000052;650780166;N2450;1;;0.08
SSR_P;2014;650000052;650780166;N2460;7;2;8.2
SSR_P;2014;650000052;650780166;N2500;90;22;106.16
SSR_P;2014;650000052;650780166;N2710;3;1;3.45
SSR_P;2014;650000052;650780166;N310H;1;1;1.8
SSR_P;2014;650000052;650780166;N3120;;2;1.46
SSR_P;2014;650000052;650780166;NAUT;45;12;54.78
SSR_P;2014;650000052;650780166;NCINF;54;26;72
SSR_P;2014;650000078;650780190;M1010;2;;2
SSR_P;2014;650000078;650780190;M1150;1;;1
SSR_P;2014;650000078;650780190;N241P;4;;4.41
SSR_P;2014;650000078;650780190;N2450;1;;1
SSR_P;2014;650000078;650780190;N2500;28;;27.72
SSR_P;2014;650000078;650780190;N2710;1;;1
SSR_P;2014;650000078;650780190;N3120;1;;0.8
SSR_P;2014;650000078;650780190;NCINF;26;;23.34
SSR_P;2014;650002579;650000243;M1010;1;;1
SSR_P;2014;650002579;650000243;N2500;3;4;4.95
SSR_P;2014;650002579;650000243;NAUT;1;2;1.99
SSR_P;2014;650002579;650000243;NCINF;6;2;7.65
SSR_P;2014;650780141;650783160;M1320;4;;3.4
SSR_P;2014;650780141;650783160;N241P;1;0;0.2
SSR_P;2014;650780141;650783160;N2460;1;0;0.5
SSR_P;2014;650780141;650783160;N2500;16;1;17.24
SSR_P;2014;650780141;650783160;NAUT;5;1;5.34
SSR_P;2014;650780141;650783160;NCINF;11;0;10.36
SSR_P;2014;650780182;650783160;M1320;5;;4
SSR_P;2014;650780182;650783160;N241P;3;0;2.2
SSR_P;2014;650780182;650783160;N2460;1;0;1
SSR_P;2014;650780182;650783160;N2500;21;3;24.37
SSR_P;2014;650780182;650783160;N2710;1;0;0.5
SSR_P;2014;650780182;650783160;NAUT;8;2;9.28
SSR_P;2014;650780182;650783160;NCINF;12;1;12.78
SSR_P;2014;650780323;650000128;M1010;1;2;0.6
SSR_P;2014;650780323;650000128;M1070;;1;0.3
SSR_P;2014;650780323;650000128;M3020;;1;0.05
SSR_P;2014;650780323;650000128;N241P;;1;0.3
SSR_P;2014;650780323;650000128;N2450;1;1;1.6
SSR_P;2014;650780323;650000128;N2500;;1;0.5
SSR_P;2014;650780323;650000128;N2710;;2;1.05
SSR_P;2014;650780323;650000128;N310H;8;7;12.77
SSR_P;2014;650780323;650000128;N3120;;1;0.3
SSR_P;2014;650780323;650000128;NCINF;2;5;5.8
SSR_P;2014;650780398;750005068;M1320;4;;3.96
SSR_P;2014;650780398;750005068;N241P;2;6;5.17
SSR_P;2014;650780398;750005068;N2430;;1;0.5
SSR_P;2014;650780398;750005068;N2450;1;1;1.61
SSR_P;2014;650780398;750005068;N2460;2;;2
SSR_P;2014;650780398;750005068;N2500;25;3;23.78
SSR_P;2014;650780398;750005068;N2710;;1;0.4
SSR_P;2014;650780398;750005068;N310H;2;1;2.25
SSR_P;2014;650780398;750005068;N3120;1;1;1.5
SSR_P;2014;650780398;750005068;NCINF;17;8;20
SSR_P;2014;660000084;660780180;M1180;;1;0.5
SSR_P;2014;660000084;660780180;M1320;2;;1.8
SSR_P;2014;660000084;660780180;N2500;19;1;18.29
SSR_P;2014;660000084;660780180;NAUT;5;;5.17
SSR_P;2014;660000084;660780180;NCINF;10;2;11.17
SSR_P;2014;660000167;660780271;M1010;;2;1.01
SSR_P;2014;660000167;660780271;M1320;;1;0.47
SSR_P;2014;660000167;660780271;MAUT;;1;0.2
SSR_P;2014;660000167;660780271;N241P;1;;1
SSR_P;2014;660000167;660780271;N2450;;1;0.5
SSR_P;2014;660000167;660780271;N2460;;1;0.5
SSR_P;2014;660000167;660780271;N2500;11;;11
SSR_P;2014;660000167;660780271;NAUT;3;1;3.88
SSR_P;2014;660000167;660780271;NCINF;6;;5.8
SSR_P;2014;660000605;660786799;M1180;6;1;6.92
SSR_P;2014;660000605;660786799;M3020;;1;0.16
SSR_P;2014;660000605;660786799;MAUT;;2;0.46
SSR_P;2014;660000605;660786799;N241P;22;2;26.33
SSR_P;2014;660000605;660786799;N2430;2;;2
SSR_P;2014;660000605;660786799;N2460;10;;9.09
SSR_P;2014;660000605;660786799;N2500;71;2;73.72
SSR_P;2014;660000605;660786799;N2710;2;2;2.9
SSR_P;2014;660000605;660786799;N310H;4;;3.28
SSR_P;2014;660000605;660786799;N3120;2;;2.36
SSR_P;2014;660000605;660786799;NAUT;52;6;59
SSR_P;2014;660000605;660786799;NCINF;55;1;55.83
SSR_P;2014;660005166;660786542;M1010;;2;1.19
SSR_P;2014;660005166;660786542;M1040;;1;0.11
SSR_P;2014;660005166;660786542;M1320;1;1;1.13
SSR_P;2014;660005166;660786542;N241P;;2;1.5
SSR_P;2014;660005166;660786542;N2450;;1;0.23
SSR_P;2014;660005166;660786542;N2460;1;;1
SSR_P;2014;660005166;660786542;N2500;10;3;12.33
SSR_P;2014;660005166;660786542;N2710;;1;0.2
SSR_P;2014;660005166;660786542;N310H;;1;0.85
SSR_P;2014;660005166;660786542;N3120;;1;0.77
SSR_P;2014;660005166;660786542;NCINF;8;3;10.36
SSR_P;2014;660006990;340019363;M1010;;1;0.34
SSR_P;2014;660006990;340019363;M1040;;1;0.05
SSR_P;2014;660006990;340019363;M1150;1;;1
SSR_P;2014;660006990;340019363;M1180;;1;0.2
SSR_P;2014;660006990;340019363;M1320;;1;0.8
SSR_P;2014;660006990;340019363;N241P;4;3;5.51
SSR_P;2014;660006990;340019363;N2430;;1;0.22
SSR_P;2014;660006990;340019363;N2450;;2;0.66
SSR_P;2014;660006990;340019363;N2460;;2;1.25
SSR_P;2014;660006990;340019363;N2500;18;2;19.3
SSR_P;2014;660006990;340019363;N2710;;1;0.69
SSR_P;2014;660006990;340019363;N3120;;1;0.79
SSR_P;2014;660006990;340019363;NAUT;14;26;32.78
SSR_P;2014;660006990;340019363;NCINF;14;2;15.23
SSR_P;2014;660780099;660000043;M1010;;1;0.6
SSR_P;2014;660780099;660000043;M1150;;1;0.11
SSR_P;2014;660780099;660000043;M1320;;2;1
SSR_P;2014;660780099;660000043;N241P;;2;1.23
SSR_P;2014;660780099;660000043;N2450;;1;0.17
SSR_P;2014;660780099;660000043;N2460;;1;0.47
SSR_P;2014;660780099;660000043;N2500;11;;10.93
SSR_P;2014;660780099;660000043;N2710;;1;0.4
SSR_P;2014;660780099;660000043;N3120;;1;0.57
SSR_P;2014;660780099;660000043;NCINF;7;1;7.61
SSR_P;2014;660780149;660006867;M1010;;1;0.25
SSR_P;2014;660780149;660006867;M1150;1;;1
SSR_P;2014;660780149;660006867;N241P;1;;1
SSR_P;2014;660780149;660006867;N2430;;1;0.45
SSR_P;2014;660780149;660006867;N2450;;1;0.23
SSR_P;2014;660780149;660006867;N2470;;1;0.5
SSR_P;2014;660780149;660006867;N2500;2;;2
SSR_P;2014;660780149;660006867;N2710;;1;0.76
SSR_P;2014;660780149;660006867;N310H;6;;6
SSR_P;2014;660780149;660006867;N3120;;1;0.16
SSR_P;2014;660780149;660006867;NCINF;5;;5
SSR_P;2014;660780156;340015171;M1010;4;;3.66
SSR_P;2014;660780156;340015171;MAUT;;2;0.95
SSR_P;2014;660780172;660786799;M1040;;5;2
SSR_P;2014;660780172;660786799;M1180;1;1;1.38
SSR_P;2014;660780172;660786799;MAUT;;;0.35
SSR_P;2014;660780172;660786799;N241P;4;1;4.45
SSR_P;2014;660780172;660786799;N2430;;;0.11
SSR_P;2014;660780172;660786799;N2450;1;;0.91
SSR_P;2014;660780172;660786799;N2460;1;;1
SSR_P;2014;660780172;660786799;N2470;;;0.11
SSR_P;2014;660780172;660786799;N2500;12;3;18.37
SSR_P;2014;660780172;660786799;N2710;1;1;0.98
SSR_P;2014;660780172;660786799;N310H;1;;1
SSR_P;2014;660780172;660786799;N3120;;1;0.6
SSR_P;2014;660780172;660786799;NAUT;38;4;24.17
SSR_P;2014;660780172;660786799;NCINF;13;2;14.15
SSR_P;2014;660780321;590799730;M1010;1;1;1.5
SSR_P;2014;660780321;590799730;M1140;;1;0.5
SSR_P;2014;660780321;590799730;M1180;;1;0.03
SSR_P;2014;660780321;590799730;N241P;;2;1.2
SSR_P;2014;660780321;590799730;N2430;;1;0.7
SSR_P;2014;660780321;590799730;N2450;2;1;2.5
SSR_P;2014;660780321;590799730;N2460;;1;0.1
SSR_P;2014;660780321;590799730;N2470;;2;0.78
SSR_P;2014;660780321;590799730;N2710;;3;1.94
SSR_P;2014;660780321;590799730;N310H;32;4;34
SSR_P;2014;660780321;590799730;N3120;;1;0.49
SSR_P;2014;660780321;590799730;NAUT;18;35;36.91
SSR_P;2014;660780321;590799730;NCINF;11;1;11.03
SSR_P;2014;660780347;660000183;M1150;1;5;3.7
SSR_P;2014;660780347;660000183;MAUT;;2;1.1
SSR_P;2014;660780347;660000183;N241P;7;1;7.54
SSR_P;2014;660780347;660000183;N2450;1;2;2.24
SSR_P;2014;660780347;660000183;N2710;1;2;2.57
SSR_P;2014;660780347;660000183;N3120;;1;0.22
SSR_P;2014;660780347;660000183;NAUT;7;4;9.4
SSR_P;2014;660780347;660000183;NCINF;15;4;15.96
SSR_P;2014;660780370;660786799;M1010;1;3;1.75
SSR_P;2014;660780370;660786799;N241P;1;;0.8
SSR_P;2014;660780370;660786799;N2500;9;;10.06
SSR_P;2014;660780370;660786799;N310H;;;0.49
SSR_P;2014;660780370;660786799;N3120;;1;0.4
SSR_P;2014;660780370;660786799;NAUT;25;6;19.6
SSR_P;2014;660780370;660786799;NCINF;5;6;8.78
SSR_P;2014;660780537;660006867;M1010;;1;0.25
SSR_P;2014;660780537;660006867;M1150;1;;1
SSR_P;2014;660780537;660006867;N241P;1;;1
SSR_P;2014;660780537;660006867;N2430;;1;0.45
SSR_P;2014;660780537;660006867;N2450;;1;0.23
SSR_P;2014;660780537;660006867;N2470;1;;1
SSR_P;2014;660780537;660006867;N2710;;1;0.8
SSR_P;2014;660780537;660006867;N310H;8;;8
SSR_P;2014;660780537;660006867;N3120;;1;0.16
SSR_P;2014;660780537;660006867;NAUT;11;2;12.36
SSR_P;2014;660780537;660006867;NCINF;5;;5
SSR_P;2014;660780610;660000274;M1010;;2;0.3
SSR_P;2014;660780610;660000274;M1140;1;;1
SSR_P;2014;660780610;660000274;M1150;;1;0.1
SSR_P;2014;660780610;660000274;N241P;;2;1
SSR_P;2014;660780610;660000274;N2430;;1;0.3
SSR_P;2014;660780610;660000274;N2450;;1;0.5
SSR_P;2014;660780610;660000274;N2500;2;;2
SSR_P;2014;660780610;660000274;N2710;;1;0.5
SSR_P;2014;660780610;660000274;N310H;4;2;6
SSR_P;2014;660780610;660000274;N3120;;1;0.25
SSR_P;2014;660780610;660000274;NCINF;5;2;6.3
SSR_P;2014;660780636;660000290;M1040;;1;0.05
SSR_P;2014;660780636;660000290;M1180;3;1;3.77
SSR_P;2014;660780636;660000290;M1320;1;;1
SSR_P;2014;660780636;660000290;N241P;16;;16
SSR_P;2014;660780636;660000290;N2430;;1;0.5
SSR_P;2014;660780636;660000290;N2450;;1;0.5
SSR_P;2014;660780636;660000290;N2460;2;;2
SSR_P;2014;660780636;660000290;N2500;38;4;40
SSR_P;2014;660780636;660000290;N2710;;1;0.5
SSR_P;2014;660780636;660000290;N310H;1;;1
SSR_P;2014;660780636;660000290;N3120;;1;0.5
SSR_P;2014;660780636;660000290;NAUT;9;;9
SSR_P;2014;660780636;660000290;NCINF;17;;17
SSR_P;2014;660780743;660000373;M1010;4;;4
SSR_P;2014;660780743;660000373;M1320;1;;1
SSR_P;2014;660780743;660000373;N241P;5;;5
SSR_P;2014;660780743;660000373;N2450;1;;0.69
SSR_P;2014;660780743;660000373;N2460;1;;1
SSR_P;2014;660780743;660000373;N2500;30;1;30.69
SSR_P;2014;660780743;660000373;N2710;1;;0.5
SSR_P;2014;660780743;660000373;N3120;1;;1
SSR_P;2014;660780743;660000373;NAUT;1;;1
SSR_P;2014;660780743;660000373;NCINF;20;1;20.69
SSR_P;2014;660780800;750055089;M1150;1;1;2.75
SSR_P;2014;660780800;750055089;M1320;;1;0.21
SSR_P;2014;660780800;750055089;N241P;3;1;4.96
SSR_P;2014;660780800;750055089;N2450;;1;0.7
SSR_P;2014;660780800;750055089;N2500;3;2;3.78
SSR_P;2014;660780800;750055089;N2710;1;1;1.5
SSR_P;2014;660780800;750055089;N3120;;1;0.56
SSR_P;2014;660780800;750055089;NAUT;21;6;26.11
SSR_P;2014;660780800;750055089;NCINF;12;2;12.59
SSR_P;2014;660780842;660000431;M1010;1;;1
SSR_P;2014;660780842;660000431;M1150;;1;0.35
SSR_P;2014;660780842;660000431;MAUT;;1;0.8
SSR_P;2014;660780842;660000431;N241P;;1;0.11
SSR_P;2014;660780842;660000431;N2450;;1;0.22
SSR_P;2014;660780842;660000431;N2500;2;2;3
SSR_P;2014;660780842;660000431;N2710;2;;2
SSR_P;2014;660780842;660000431;N310H;1;1;1.8
SSR_P;2014;660780842;660000431;N3120;1;;1
SSR_P;2014;660780842;660000431;NAUT;5;1;5.8
SSR_P;2014;660780842;660000431;NCINF;10;2;11.3
SSR_P;2014;660781097;660000506;M1010;;1;0.4
SSR_P;2014;660781097;660000506;M1150;;1;0.09
SSR_P;2014;660781097;660000506;M1320;;2;1
SSR_P;2014;660781097;660000506;N241P;1;;1
SSR_P;2014;660781097;660000506;N2450;;1;0.17
SSR_P;2014;660781097;660000506;N2460;;1;0.39
SSR_P;2014;660781097;660000506;N2500;7;;7.02
SSR_P;2014;660781097;660000506;N2710;;1;0.36
SSR_P;2014;660781097;660000506;N3120;;1;0.45
SSR_P;2014;660781097;660000506;NCINF;6;1;6.07
SSR_P;2014;660781287;660000621;M1010;1;;1
SSR_P;2014;660781287;660000621;M1180;3;;3
SSR_P;2014;660781287;660000621;MAUT;;1;0.5
SSR_P;2014;660781287;660000621;N241P;14;;14
SSR_P;2014;660781287;660000621;N2430;;1;0.5
SSR_P;2014;660781287;660000621;N2450;;1;0.4
SSR_P;2014;660781287;660000621;N2460;2;1;2.8
SSR_P;2014;660781287;660000621;N2500;20;5;24
SSR_P;2014;660781287;660000621;N2710;;2;1
SSR_P;2014;660781287;660000621;N3120;;1;0.7
SSR_P;2014;660781287;660000621;NAUT;39;2;40
SSR_P;2014;660781287;660000621;NCINF;16;;16
SSR_P;2014;660790163;660790155;M1010;2;1;2.32
SSR_P;2014;660790163;660790155;M1040;2;2;2.7
SSR_P;2014;660790163;660790155;M1150;1;;1
SSR_P;2014;660790163;660790155;M1180;5;;5
SSR_P;2014;660790163;660790155;N241P;26;1;26.5
SSR_P;2014;660790163;660790155;N2430;;1;0.5
SSR_P;2014;660790163;660790155;N2450;;2;1.5
SSR_P;2014;660790163;660790155;N2460;;4;4
SSR_P;2014;660790163;660790155;N2500;36;4;38.21
SSR_P;2014;660790163;660790155;N2710;;1;0.5
SSR_P;2014;660790163;660790155;N3120;;2;1.35
SSR_P;2014;660790163;660790155;NAUT;2;;2
SSR_P;2014;660790163;660790155;NCINF;20;7;27.06
SSR_P;2014;660790387;660790379;M1040;0;5;5
SSR_P;2014;660790387;660790379;M1150;0;12;12
SSR_P;2014;660790387;660790379;N241P;;1;0.5
SSR_P;2014;660790387;660790379;N2450;;1;0.15
SSR_P;2014;660790387;660790379;N2710;;1;0.15
SSR_P;2014;660790387;660790379;N310H;;1;0.5
SSR_P;2014;660790387;660790379;N3120;;1;0.1
SSR_P;2014;660790387;660790379;NAUT;1;;1
SSR_P;2014;660790387;660790379;NCINF;;3;2.1
SSR_P;2014;670000041;670780071;M1320;2;;2
SSR_P;2014;670000041;670780071;N241P;;3;1.5
SSR_P;2014;670000041;670780071;N2460;;1;0.83
SSR_P;2014;670000041;670780071;N2500;7;3;8.5
SSR_P;2014;670000041;670780071;N2710;;2;1.32
SSR_P;2014;670000041;670780071;NCINF;7;2;7.8
SSR_P;2014;670000157;670780337;M1320;;2;0.77
SSR_P;2014;670000157;670780337;N241P;;1;0.5
SSR_P;2014;670000157;670780337;N2460;1;;0.64
SSR_P;2014;670000157;670780337;N2500;6;3;8.83
SSR_P;2014;670000157;670780337;N2710;;1;0.2
SSR_P;2014;670000157;670780337;N3120;;1;0.2
SSR_P;2014;670000157;670780337;NAUT;3;2;4.78
SSR_P;2014;670000157;670780337;NCINF;8;7;14.02
SSR_P;2014;670000165;670780345;M1320;1;;0.09
SSR_P;2014;670000165;670780345;N2500;5;5;8.16
SSR_P;2014;670000165;670780345;NAUT;3;2;4.57
SSR_P;2014;670000165;670780345;NCINF;4;4;7.21
SSR_P;2014;670000173;670780352;M1180;;3;0.18
SSR_P;2014;670000173;670780352;N2500;2;1;2.16
SSR_P;2014;670000173;670780352;NCINF;2;1;2.6
SSR_P;2014;670000215;680000643;M1040;;1;0.1
SSR_P;2014;670000215;680000643;M1150;;1;0.1
SSR_P;2014;670000215;680000643;M1320;2;;2
SSR_P;2014;670000215;680000643;M3020;;1;0.1
SSR_P;2014;670000215;680000643;MAUT;1;;1
SSR_P;2014;670000215;680000643;N241P;6;1;6.5
SSR_P;2014;670000215;680000643;N2450;1;;1
SSR_P;2014;670000215;680000643;N2460;;1;0.5
SSR_P;2014;670000215;680000643;N2500;17;7;20.5
SSR_P;2014;670000215;680000643;N2710;1;;1
SSR_P;2014;670000215;680000643;N3120;1;;1
SSR_P;2014;670000215;680000643;NCINF;19;6;22
SSR_P;2014;670000249;680000643;M1330;1;;0.33
SSR_P;2014;670000249;680000643;M3020;;2;1.67
SSR_P;2014;670000249;680000643;N2500;2;1;3.24
SSR_P;2014;670000249;680000643;N2710;;3;1.8
SSR_P;2014;670000249;680000643;N310H;3;1;4.23
SSR_P;2014;670000249;680000643;N3120;;1;0.5
SSR_P;2014;670000249;680000643;NAUT;3;;3
SSR_P;2014;670000249;680000643;NCINF;5;3;6.96
SSR_P;2014;670000272;670780543;M1010;;3;1.62
SSR_P;2014;670000272;670780543;M1040;;2;1.3
SSR_P;2014;670000272;670780543;N241P;2;;2
SSR_P;2014;670000272;670780543;N2450;;2;1.36
SSR_P;2014;670000272;670780543;N2460;;1;0.39
SSR_P;2014;670000272;670780543;N2500;8;8;13.41
SSR_P;2014;670000272;670780543;N2710;1;2;1.01
SSR_P;2014;670000272;670780543;N3120;1;;0.3
SSR_P;2014;670000272;670780543;NAUT;1;5;3.8
SSR_P;2014;670000272;670780543;NCINF;11;9;16.04
SSR_P;2014;670000306;670780584;M1180;;1;0.8
SSR_P;2014;670000306;670780584;M1320;;5;2.59
SSR_P;2014;670000306;670780584;N241P;;4;2.44
SSR_P;2014;670000306;670780584;N2450;;1;0.37
SSR_P;2014;670000306;670780584;N2460;;3;2.09
SSR_P;2014;670000306;670780584;N2500;15;6;20.75
SSR_P;2014;670000306;670780584;N2710;;2;0.5
SSR_P;2014;670000306;670780584;N3120;1;1;1.16
SSR_P;2014;670000306;670780584;NAUT;5;10;11.74
SSR_P;2014;670000306;670780584;NCINF;8;4;9.83
SSR_P;2014;670000348;670780642;M1320;3;;3
SSR_P;2014;670000348;670780642;N2500;12;7;17
SSR_P;2014;670000348;670780642;N2710;;2;1.1
SSR_P;2014;670000348;670780642;N3120;1;;1
SSR_P;2014;670000348;670780642;NAUT;10;2;11.3
SSR_P;2014;670000348;670780642;NCINF;5;6;9.9
SSR_P;2014;670000371;670780675;M1010;;3;1.5
SSR_P;2014;670000371;670780675;N2500;10;;10
SSR_P;2014;670000371;670780675;NCINF;1;3;3.4
SSR_P;2014;670000413;670780717;M1320;;3;1.26
SSR_P;2014;670000413;670780717;N241P;1;;1.11
SSR_P;2014;670000413;670780717;N2450;;1;0.1
SSR_P;2014;670000413;670780717;N2460;;1;0.6
SSR_P;2014;670000413;670780717;N2500;7;7;12.97
SSR_P;2014;670000413;670780717;N2710;;1;0.2
SSR_P;2014;670000413;670780717;N3120;;1;0.5
SSR_P;2014;670000413;670780717;NAUT;9;20;16.09
SSR_P;2014;670000413;670780717;NCINF;4;8;8.75
SSR_P;2014;670002278;750043994;M1010;2;;2
SSR_P;2014;670002278;750043994;M1320;2;;2
SSR_P;2014;670002278;750043994;N241P;3;;3
SSR_P;2014;670002278;750043994;N2460;1;;1
SSR_P;2014;670002278;750043994;N2500;28;;28
SSR_P;2014;670002278;750043994;N2710;1;;0.5
SSR_P;2014;670002278;750043994;N3120;1;;0.7
SSR_P;2014;670002278;750043994;NAUT;12;;11.28
SSR_P;2014;670002278;750043994;NCINF;16;;15
SSR_P;2014;670014042;670013754;M1010;;;0.25
SSR_P;2014;670014042;670013754;M1320;2;;0.66
SSR_P;2014;670014042;670013754;M3020;;1;0.05
SSR_P;2014;670014042;670013754;MAUT;;2;0.03
SSR_P;2014;670014042;670013754;N241P;1;;1
SSR_P;2014;670014042;670013754;N2460;1;1;0.41
SSR_P;2014;670014042;670013754;N2500;2;;1.2
SSR_P;2014;670014042;670013754;N2710;1;;0.2
SSR_P;2014;670014042;670013754;N3120;1;;0.4
SSR_P;2014;670014042;670013754;NCINF;1;2;1.17
SSR_P;2014;670014992;670780139;M1040;;1;0.1
SSR_P;2014;670014992;670780139;M1180;;1;0.02
SSR_P;2014;670014992;670780139;M1320;1;2;1.9
SSR_P;2014;670014992;670780139;MAUT;;1;0.5
SSR_P;2014;670014992;670780139;N241P;1;1;1.5
SSR_P;2014;670014992;670780139;N2450;;1;0.5
SSR_P;2014;670014992;670780139;N2500;20;;20
SSR_P;2014;670014992;670780139;N2710;1;1;1.25
SSR_P;2014;670014992;670780139;N3120;;1;0.5
SSR_P;2014;670014992;670780139;NAUT;7;6;10.2
SSR_P;2014;670014992;670780139;NCINF;17;2;17.75
SSR_P;2014;670016153;670013754;M1320;;2;1.33
SSR_P;2014;670016153;670013754;MAUT;;2;0.1
SSR_P;2014;670016153;670013754;N241P;1;;1
SSR_P;2014;670016153;670013754;N2460;1;1;0.61
SSR_P;2014;670016153;670013754;N2500;8;;7.27
SSR_P;2014;670016153;670013754;N2710;1;;0.2
SSR_P;2014;670016153;670013754;N3120;2;;0.22
SSR_P;2014;670016153;670013754;NCINF;4;3;4.79
SSR_P;2014;670016237;670016211;N2500;12;6;18.8
SSR_P;2014;670016237;670016211;N3120;;1;0.8
SSR_P;2014;670016237;670016211;NAUT;7;2;8.1
SSR_P;2014;670016237;670016211;NCINF;13;3;15.6
SSR_P;2014;670780121;670013754;M1010;1;;0.28
SSR_P;2014;670780121;670013754;M1180;8;1;8.58
SSR_P;2014;670780121;670013754;M1190;2;;2
SSR_P;2014;670780121;670013754;MAUT;1;2;1.68
SSR_P;2014;670780121;670013754;N241P;28;1;29.58
SSR_P;2014;670780121;670013754;N2430;1;1;1.5
SSR_P;2014;670780121;670013754;N2450;3;;3
SSR_P;2014;670780121;670013754;N2460;11;3;12.78
SSR_P;2014;670780121;670013754;N2500;44;11;47.79
SSR_P;2014;670780121;670013754;N2710;2;6;3.96
SSR_P;2014;670780121;670013754;N310H;8;1;8.69
SSR_P;2014;670780121;670013754;N3120;1;1;1.8
SSR_P;2014;670780121;670013754;NAUT;1;;1
SSR_P;2014;670780121;670013754;NCINF;39;9;43.34
SSR_P;2014;670780170;670000116;M1040;2;0;1.5
SSR_P;2014;670780170;670000116;N2450;1;;1
SSR_P;2014;670780170;670000116;N2710;;2;0.5
SSR_P;2014;670780170;670000116;N310H;1;1;1.5
SSR_P;2014;670780170;670000116;NAUT;1;2;2
SSR_P;2014;670780170;670000116;NCINF;;3;2.89
SSR_P;2014;670780501;670792415;M1010;1;;1
SSR_P;2014;670780501;670792415;M3020;;2;0.48
SSR_P;2014;670780501;670792415;N241P;;1;0.5
SSR_P;2014;670780501;670792415;N2500;2;2;3
SSR_P;2014;670780501;670792415;N2710;2;;2
SSR_P;2014;670780501;670792415;N310H;7;1;7.5
SSR_P;2014;670780501;670792415;N3120;2;;2
SSR_P;2014;670780501;670792415;NAUT;14;7;18.08
SSR_P;2014;670780501;670792415;NCINF;8;;8
SSR_P;2014;670780550;670013754;M1010;2;;1.04
SSR_P;2014;670780550;670013754;M1070;;1;0.5
SSR_P;2014;670780550;670013754;M1180;4;;4.56
SSR_P;2014;670780550;670013754;MAUT;;2;0.65
SSR_P;2014;670780550;670013754;N241P;17;3;18.27
SSR_P;2014;670780550;670013754;N2430;1;1;1.12
SSR_P;2014;670780550;670013754;N2450;2;1;1.84
SSR_P;2014;670780550;670013754;N2460;7;5;9.15
SSR_P;2014;670780550;670013754;N2500;32;5;34.12
SSR_P;2014;670780550;670013754;N2710;1;2;2.14
SSR_P;2014;670780550;670013754;N3120;1;;0.6
SSR_P;2014;670780550;670013754;NAUT;3;4;4
SSR_P;2014;670780550;670013754;NCINF;24;14;33.38
SSR_P;2014;670780592;670013754;M1010;;;0.31
SSR_P;2014;670780592;670013754;MAUT;2;2;2.38
SSR_P;2014;670780592;670013754;N241P;2;2;3.75
SSR_P;2014;670780592;670013754;N2450;;;0.67
SSR_P;2014;670780592;670013754;N2460;;1;0.14
SSR_P;2014;670780592;670013754;N2500;18;2;20.07
SSR_P;2014;670780592;670013754;N2710;;;0.16
SSR_P;2014;670780592;670013754;N3120;;;0.4
SSR_P;2014;670780592;670013754;NAUT;;;0.6
SSR_P;2014;670780592;670013754;NCINF;13;5;19.16
SSR_P;2014;670780600;750050759;M1010;1;;1
SSR_P;2014;670780600;750050759;M1320;2;;2
SSR_P;2014;670780600;750050759;MAUT;;1;0.92
SSR_P;2014;670780600;750050759;N241P;3;;2.45
SSR_P;2014;670780600;750050759;N2460;;1;0.5
SSR_P;2014;670780600;750050759;N2500;18;3;19.5
SSR_P;2014;670780600;750050759;N3120;;1;0.5
SSR_P;2014;670780600;750050759;NAUT;13;12;19.33
SSR_P;2014;670780600;750050759;NCINF;11;3;13.56
SSR_P;2014;670780873;670013754;M1010;1;1;1.88
SSR_P;2014;670780873;670013754;M1150;;1;0.9
SSR_P;2014;670780873;670013754;M1180;1;;0.2
SSR_P;2014;670780873;670013754;MAUT;;2;0.62
SSR_P;2014;670780873;670013754;N241P;3;;1.81
SSR_P;2014;670780873;670013754;N2450;1;1;1.55
SSR_P;2014;670780873;670013754;N2460;;1;0.13
SSR_P;2014;670780873;670013754;N2500;14;3;15.96
SSR_P;2014;670780873;670013754;N2710;;1;0.2
SSR_P;2014;670780873;670013754;N310H;2;1;1.62
SSR_P;2014;670780873;670013754;N3120;1;;0.5
SSR_P;2014;670780873;670013754;NCINF;31;5;35.21
SSR_P;2014;670780915;670013754;M1010;;;0.53
SSR_P;2014;670780915;670013754;M1040;1;;1.93
SSR_P;2014;670780915;670013754;M1180;1;;0.8
SSR_P;2014;670780915;670013754;N241P;5;2;4.67
SSR_P;2014;670780915;670013754;N2450;1;;1
SSR_P;2014;670780915;670013754;N2460;;1;0.02
SSR_P;2014;670780915;670013754;N2500;8;;8
SSR_P;2014;670780915;670013754;N2710;;1;0.4
SSR_P;2014;670780915;670013754;N310H;3;;2.4
SSR_P;2014;670780915;670013754;N3120;1;;0.5
SSR_P;2014;670780915;670013754;NCINF;22;8;28.1
SSR_P;2014;670781129;670013754;M1010;1;;1
SSR_P;2014;670781129;670013754;M1180;3;1;3.8
SSR_P;2014;670781129;670013754;MAUT;;2;0.61
SSR_P;2014;670781129;670013754;N241P;10;;10.03
SSR_P;2014;670781129;670013754;N2430;2;1;2.16
SSR_P;2014;670781129;670013754;N2450;1;2;2.37
SSR_P;2014;670781129;670013754;N2460;7;1;6.9
SSR_P;2014;670781129;670013754;N2500;34;4;35.4
SSR_P;2014;670781129;670013754;N2710;3;4;4.77
SSR_P;2014;670781129;670013754;N310H;2;1;2.01
SSR_P;2014;670781129;670013754;N3120;1;1;1.92
SSR_P;2014;670781129;670013754;NAUT;;1;0.55
SSR_P;2014;670781129;670013754;NCINF;29;5;31.97
SSR_P;2014;670783133;670780055;M1010;5;0;3.9
SSR_P;2014;670783133;670780055;M1320;2;0;1.3
SSR_P;2014;670783133;670780055;N241P;4;0;3.42
SSR_P;2014;670783133;670780055;N2500;36;7;41.38
SSR_P;2014;670783133;670780055;N2710;1;2;1.79
SSR_P;2014;670783133;670780055;NAUT;27;1;25.6
SSR_P;2014;670783133;670780055;NCINF;26;8;33.54
SSR_P;2014;670792027;670792340;M1320;1;2;1.8
SSR_P;2014;670792027;670792340;M3020;;1;0.1
SSR_P;2014;670792027;670792340;N241P;;3;0.86
SSR_P;2014;670792027;670792340;N2460;1;;1
SSR_P;2014;670792027;670792340;N2500;1;;1
SSR_P;2014;670792027;670792340;N2710;;2;0.6
SSR_P;2014;670792027;670792340;N3120;;2;1
SSR_P;2014;670792027;670792340;NCINF;;3;1.85
SSR_P;2014;670797539;670014604;M1010;2;;2
SSR_P;2014;670797539;670014604;MAUT;;1;0.05
SSR_P;2014;670797539;670014604;N241P;2;2;2.83
SSR_P;2014;670797539;670014604;N2500;9;7;13.63
SSR_P;2014;670797539;670014604;N2710;;1;0.37
SSR_P;2014;670797539;670014604;N310H;;1;0.45
SSR_P;2014;670797539;670014604;NAUT;1;;1
SSR_P;2014;670797539;670014604;NCINF;12;8;19.45
SSR_P;2014;670798420;670792340;M1320;;3;1.8
SSR_P;2014;670798420;670792340;M3020;;1;0.1
SSR_P;2014;670798420;670792340;N241P;;1;0.26
SSR_P;2014;670798420;670792340;N2460;;1;0.57
SSR_P;2014;670798420;670792340;N2500;2;1;2.5
SSR_P;2014;670798420;670792340;N2710;;2;0.8
SSR_P;2014;670798420;670792340;N3120;;1;0.8
SSR_P;2014;670798420;670792340;NCINF;;3;1.85
SSR_P;2014;680000031;680000171;M1010;1;;1
SSR_P;2014;680000031;680000171;N241P;1;;1.08
SSR_P;2014;680000031;680000171;N2450;1;;1
SSR_P;2014;680000031;680000171;N2460;1;;1
SSR_P;2014;680000031;680000171;N2500;14;3;15.75
SSR_P;2014;680000031;680000171;N2710;;1;0.11
SSR_P;2014;680000031;680000171;N3120;;1;0.5
SSR_P;2014;680000031;680000171;NAUT;8;4;10.02
SSR_P;2014;680000031;680000171;NCINF;7;1;7.23
SSR_P;2014;680000072;670013754;M1180;1;;0.96
SSR_P;2014;680000072;670013754;M1320;2;;2
SSR_P;2014;680000072;670013754;MAUT;;4;0.36
SSR_P;2014;680000072;670013754;N241P;1;2;1.84
SSR_P;2014;680000072;670013754;N2450;0;1;0.13
SSR_P;2014;680000072;670013754;N2460;0;1;0.04
SSR_P;2014;680000072;670013754;N2500;11;6;15
SSR_P;2014;680000072;670013754;N3120;1;0;0.51
SSR_P;2014;680000072;670013754;NAUT;22;16;29.46
SSR_P;2014;680000072;670013754;NCINF;9;4;11.63
SSR_P;2014;680000122;680000346;M1320;1;;1
SSR_P;2014;680000122;680000346;N241P;1;;0.5
SSR_P;2014;680000122;680000346;N2500;11;2;12.31
SSR_P;2014;680000122;680000346;NAUT;2;5;5.31
SSR_P;2014;680000122;680000346;NCINF;9;3;11.16
SSR_P;2014;680000130;680000353;M1010;2;;2
SSR_P;2014;680000130;680000353;M1040;;3;0.5
SSR_P;2014;680000130;680000353;M1120;1;;0.99
SSR_P;2014;680000130;680000353;M1180;3;2;3.57
SSR_P;2014;680000130;680000353;MAUT;;4;1.11
SSR_P;2014;680000130;680000353;N241P;9;11;15.44
SSR_P;2014;680000130;680000353;N2430;0;;0.65
SSR_P;2014;680000130;680000353;N2450;1;;0.3
SSR_P;2014;680000130;680000353;N2460;7;12;13.23
SSR_P;2014;680000130;680000353;N2470;;3;1.57
SSR_P;2014;680000130;680000353;N2500;25;8;27.05
SSR_P;2014;680000130;680000353;N2710;1;4;3.61
SSR_P;2014;680000130;680000353;N310H;3;2;4.09
SSR_P;2014;680000130;680000353;N3120;1;4;2.97
SSR_P;2014;680000130;680000353;NCINF;25;21;38.97
SSR_P;2014;680000189;680000643;M1010;1;;1.7
SSR_P;2014;680000189;680000643;M1330;2;;1.25
SSR_P;2014;680000189;680000643;N241P;4;3;5.74
SSR_P;2014;680000189;680000643;N2450;1;;1
SSR_P;2014;680000189;680000643;N2500;8;12;18.74
SSR_P;2014;680000189;680000643;N3120;;1;0.5
SSR_P;2014;680000189;680000643;NCINF;9;15;18.52
SSR_P;2014;680000221;670781293;M1010;;1;0.65
SSR_P;2014;680000221;670781293;M1320;;1;0.23
SSR_P;2014;680000221;670781293;N241P;;2;0.9
SSR_P;2014;680000221;670781293;N2450;;1;0.1
SSR_P;2014;680000221;670781293;N2460;;1;0.75
SSR_P;2014;680000221;670781293;N2500;5;7;8.95
SSR_P;2014;680000221;670781293;N2710;;1;0.1
SSR_P;2014;680000221;670781293;NCINF;4;6;7.12
SSR_P;2014;680000247;670013754;M1040;3;0;3
SSR_P;2014;680000247;670013754;M1070;0;2;1.06
SSR_P;2014;680000247;670013754;M1150;1;3;2.13
SSR_P;2014;680000247;670013754;MAUT;0;2;0.68
SSR_P;2014;680000247;670013754;N241P;3;4;5.31
SSR_P;2014;680000247;670013754;N2450;1;3;3.08
SSR_P;2014;680000247;670013754;N2460;0;1;0.09
SSR_P;2014;680000247;670013754;N2500;15;2;15.62
SSR_P;2014;680000247;670013754;N2710;0;2;1.19
SSR_P;2014;680000247;670013754;N310H;1;2;2.6
SSR_P;2014;680000247;670013754;N3120;0;1;0.25
SSR_P;2014;680000247;670013754;NAUT;14;1;14.96
SSR_P;2014;680000247;670013754;NCINF;22;18;33.93
SSR_P;2014;680000296;670013754;M1320;2;;1.16
SSR_P;2014;680000296;670013754;MAUT;;2;0.11
SSR_P;2014;680000296;670013754;N241P;1;;0.62
SSR_P;2014;680000296;670013754;N2460;;2;0.68
SSR_P;2014;680000296;670013754;N2500;5;5;6.65
SSR_P;2014;680000296;670013754;N3120;;1;0.24
SSR_P;2014;680000296;670013754;NCINF;4;7;7.98
SSR_P;2014;680000312;680015963;M1320;;2;1
SSR_P;2014;680000312;680015963;MAUT;;1;0.3
SSR_P;2014;680000312;680015963;N241P;;1;0.5
SSR_P;2014;680000312;680015963;N2460;;1;0.5
SSR_P;2014;680000312;680015963;N2500;10;12;15.99
SSR_P;2014;680000312;680015963;N3120;;1;0.26
SSR_P;2014;680000312;680015963;NAUT;4;10;8.43
SSR_P;2014;680000312;680015963;NCINF;7;7;10.88
SSR_P;2014;680000544;680000395;M1320;1;2;2
SSR_P;2014;680000544;680000395;N2460;0;1;0.46
SSR_P;2014;680000544;680000395;N2500;6;7;11.72
SSR_P;2014;680000544;680000395;N2710;1;1;0.92
SSR_P;2014;680000544;680000395;NAUT;1;3;3.89
SSR_P;2014;680000544;680000395;NCINF;3;7;7.76
SSR_P;2014;680000577;680000411;M1010;1;;1
SSR_P;2014;680000577;680000411;M1320;1;;1
SSR_P;2014;680000577;680000411;M3020;;1;0.5
SSR_P;2014;680000577;680000411;N241P;2;;0.9
SSR_P;2014;680000577;680000411;N2460;2;;0.4
SSR_P;2014;680000577;680000411;N2500;32;5;30.51
SSR_P;2014;680000577;680000411;N2710;1;1;0.71
SSR_P;2014;680000577;680000411;N310H;2;2;1.54
SSR_P;2014;680000577;680000411;N3120;2;;1.1
SSR_P;2014;680000577;680000411;NAUT;9;1;7.9
SSR_P;2014;680000577;680000411;NCINF;19;1;15.29
SSR_P;2014;680000601;680000437;M1010;0;0;0.25
SSR_P;2014;680000601;680000437;N2500;10;3;1.66
SSR_P;2014;680000601;680000437;NAUT;1;;0.14
SSR_P;2014;680000601;680000437;NCINF;9;3;1.47
SSR_P;2014;680000684;680000973;M1180;3;;3
SSR_P;2014;680000684;680000973;N241P;5;7;8.3
SSR_P;2014;680000684;680000973;N2430;;2;1.4
SSR_P;2014;680000684;680000973;N2460;;5;3.82
SSR_P;2014;680000684;680000973;N2500;5;3;5.7
SSR_P;2014;680000684;680000973;N310H;1;;1
SSR_P;2014;680000684;680000973;NAUT;9;1;9.78
SSR_P;2014;680000684;680000973;NCINF;3;4;6.7
SSR_P;2014;680000692;680000981;N241P;0;2;0.35
SSR_P;2014;680000692;680000981;N2450;0;1;0.2
SSR_P;2014;680000692;680000981;N2460;0;1;0.5
SSR_P;2014;680000692;680000981;N2500;11;4;12.07
SSR_P;2014;680000692;680000981;N2710;0;1;0.1
SSR_P;2014;680000692;680000981;N310H;1;0;1
SSR_P;2014;680000692;680000981;N3120;0;1;0.75
SSR_P;2014;680000692;680000981;NCINF;3;7;7.26
SSR_P;2014;680000700;680001005;M1320;1;;1
SSR_P;2014;680000700;680001005;N2460;1;;1
SSR_P;2014;680000700;680001005;N2500;9;3;11.05
SSR_P;2014;680000700;680001005;NAUT;2;1;2.5
SSR_P;2014;680000700;680001005;NCINF;5;1;5.86
SSR_P;2014;680000726;680012648;M1320;0;3;1.3
SSR_P;2014;680000726;680012648;MAUT;0;2;0.4
SSR_P;2014;680000726;680012648;N241P;;2;0.5
SSR_P;2014;680000726;680012648;N2450;0;1;0.25
SSR_P;2014;680000726;680012648;N2500;8;1;8.1
SSR_P;2014;680000726;680012648;N3120;0;1;0.5
SSR_P;2014;680000726;680012648;NCINF;6;5;8.75
SSR_P;2014;680000742;680001054;N241P;0;1;0.43
SSR_P;2014;680000742;680001054;N2460;1;1;1.22
SSR_P;2014;680000742;680001054;N2500;5;1;6.03
SSR_P;2014;680000742;680001054;N2710;1;0;0.5
SSR_P;2014;680000742;680001054;N3120;0;1;0.63
SSR_P;2014;680000742;680001054;NAUT;5;0;3.71
SSR_P;2014;680000742;680001054;NCINF;6;4;9.47
SSR_P;2014;680000767;680001088;M1320;1;;1
SSR_P;2014;680000767;680001088;N241P;;1;0.91
SSR_P;2014;680000767;680001088;N2450;;1;0.2
SSR_P;2014;680000767;680001088;N2460;;1;0.5
SSR_P;2014;680000767;680001088;N2470;;1;0.2
SSR_P;2014;680000767;680001088;N2500;9;1;9.86
SSR_P;2014;680000767;680001088;N2710;;1;0.5
SSR_P;2014;680000767;680001088;N3120;;2;0.5
SSR_P;2014;680000767;680001088;NAUT;3;2;4.56
SSR_P;2014;680000767;680001088;NCINF;5;2;6.36
SSR_P;2014;680000833;680001138;M1180;2;;1.99
SSR_P;2014;680000833;680001138;MAUT;;2;0.35
SSR_P;2014;680000833;680001138;N241P;;1;0.9
SSR_P;2014;680000833;680001138;N2450;1;;0.15
SSR_P;2014;680000833;680001138;N2460;;1;0.92
SSR_P;2014;680000833;680001138;N2500;7;2;9.29
SSR_P;2014;680000833;680001138;N2710;1;1;1.32
SSR_P;2014;680000833;680001138;N3120;;1;0.5
SSR_P;2014;680000833;680001138;NAUT;35;6;16.09
SSR_P;2014;680000833;680001138;NCINF;10;1;10.5
SSR_P;2014;680001237;670013754;M1070;1;;1.1
SSR_P;2014;680001237;670013754;M1180;1;;0.8
SSR_P;2014;680001237;670013754;M1320;2;1;1.69
SSR_P;2014;680001237;670013754;MAUT;;2;0.44
SSR_P;2014;680001237;670013754;N241P;4;1;4.52
SSR_P;2014;680001237;670013754;N2450;2;5;4.42
SSR_P;2014;680001237;670013754;N2460;;3;1.52
SSR_P;2014;680001237;670013754;N2500;28;7;32.76
SSR_P;2014;680001237;670013754;N2710;;2;0.89
SSR_P;2014;680001237;670013754;N310H;2;1;2.9
SSR_P;2014;680001237;670013754;N3120;1;;0.4
SSR_P;2014;680001237;670013754;NAUT;1;;1.42
SSR_P;2014;680001237;670013754;NCINF;21;6;24.12
SSR_P;2014;680001252;680001112;M1150;;1;0.1
SSR_P;2014;680001252;680001112;M1180;3;;3
SSR_P;2014;680001252;680001112;N241P;2;2;2.95
SSR_P;2014;680001252;680001112;N2450;;1;0.14
SSR_P;2014;680001252;680001112;N2460;1;1;1.5
SSR_P;2014;680001252;680001112;N2500;10;4;13.7
SSR_P;2014;680001252;680001112;N2710;;1;0.5
SSR_P;2014;680001252;680001112;N3120;1;;1
SSR_P;2014;680001252;680001112;NAUT;21;7;24.08
SSR_P;2014;680001252;680001112;NCINF;6;7;11.58
SSR_P;2014;680001310;670013754;M1010;;1;2.27
SSR_P;2014;680001310;670013754;M1070;1;;1
SSR_P;2014;680001310;670013754;M1180;1;2;0.05
SSR_P;2014;680001310;670013754;MAUT;;2;0.29
SSR_P;2014;680001310;670013754;N241P;1;2;1.51
SSR_P;2014;680001310;670013754;N2450;;1;0.69
SSR_P;2014;680001310;670013754;N2460;;1;0.06
SSR_P;2014;680001310;670013754;N2500;13;3;15.59
SSR_P;2014;680001310;670013754;N3120;1;;0.49
SSR_P;2014;680001310;670013754;NAUT;;1;0.2
SSR_P;2014;680001310;670013754;NCINF;17;3;18.04
SSR_P;2014;680001328;750005068;M1010;5;4;7.26
SSR_P;2014;680001328;750005068;M1070;;1;0.04
SSR_P;2014;680001328;750005068;M1180;3;0;3
SSR_P;2014;680001328;750005068;M3020;;1;0.11
SSR_P;2014;680001328;750005068;N241P;15;1;15.6
SSR_P;2014;680001328;750005068;N2430;;2;0.86
SSR_P;2014;680001328;750005068;N2450;2;3;4.21
SSR_P;2014;680001328;750005068;N2460;5;;4.83
SSR_P;2014;680001328;750005068;N2500;50;17;55.68
SSR_P;2014;680001328;750005068;N2710;;3;1.49
SSR_P;2014;680001328;750005068;N310H;4;;2.12
SSR_P;2014;680001328;750005068;N3120;4;;3.13
SSR_P;2014;680001328;750005068;NAUT;1;1;1.5
SSR_P;2014;680001328;750005068;NCINF;52;17;54.72
SSR_P;2014;680001617;680016011;M1010;4;;2.25
SSR_P;2014;680001617;680016011;N241P;3;;2
SSR_P;2014;680001617;680016011;N2450;1;;0.4
SSR_P;2014;680001617;680016011;N2460;1;;0.4
SSR_P;2014;680001617;680016011;N2500;10;7;11.62
SSR_P;2014;680001617;680016011;N2710;2;1;0.8
SSR_P;2014;680001617;680016011;N3120;1;;0.5
SSR_P;2014;680001617;680016011;NAUT;4;5;3.65
SSR_P;2014;680001617;680016011;NCINF;10;12;13.59
SSR_P;2014;680004058;670013754;M1180;2;;1.2
SSR_P;2014;680004058;670013754;MAUT;;2;0.13
SSR_P;2014;680004058;670013754;N241P;5;5;8.13
SSR_P;2014;680004058;670013754;N2430;;1;0.51
SSR_P;2014;680004058;670013754;N2460;1;4;3.21
SSR_P;2014;680004058;670013754;N2500;1;;1
SSR_P;2014;680004058;670013754;N2710;;1;0.16
SSR_P;2014;680004058;670013754;NCINF;2;;1.1
SSR_P;2014;680004546;680000486;M1010;1;0;0.4
SSR_P;2014;680004546;680000486;M1180;8;0;3.75
SSR_P;2014;680004546;680000486;N241P;4;;0.84
SSR_P;2014;680004546;680000486;N2430;1;1;0.3
SSR_P;2014;680004546;680000486;N2460;1;;0.3
SSR_P;2014;680004546;680000486;N2500;30;10;34.55
SSR_P;2014;680004546;680000486;N2710;;1;0.55
SSR_P;2014;680004546;680000486;N310H;;2;0.57
SSR_P;2014;680004546;680000486;N3120;;;0.09
SSR_P;2014;680004546;680000486;NAUT;2;3;1.88
SSR_P;2014;680004546;680000486;NCINF;26;5;27.88
SSR_P;2014;680004553;680000486;M1010;4;1;3.9
SSR_P;2014;680004553;680000486;N241P;4;1;2.51
SSR_P;2014;680004553;680000486;N2430;1;;0.5
SSR_P;2014;680004553;680000486;N2460;1;;0.7
SSR_P;2014;680004553;680000486;N2470;1;1;0.13
SSR_P;2014;680004553;680000486;N2500;27;8;32.25
SSR_P;2014;680004553;680000486;N2710;2;1;0.95
SSR_P;2014;680004553;680000486;N3120;1;;0.21
SSR_P;2014;680004553;680000486;NAUT;4;;2.65
SSR_P;2014;680004553;680000486;NCINF;18;7;22.43
SSR_P;2014;680004579;680000973;M1320;6;1;2.11
SSR_P;2014;680004579;680000973;N241P;;1;0.75
SSR_P;2014;680004579;680000973;N2460;2;2;1.96
SSR_P;2014;680004579;680000973;N2500;27;13;35.08
SSR_P;2014;680004579;680000973;N2710;;3;0.97
SSR_P;2014;680004579;680000973;N3120;;2;0.95
SSR_P;2014;680004579;680000973;NAUT;19;6;23.22
SSR_P;2014;680004579;680000973;NCINF;9;10;14.19
SSR_P;2014;680020096;680000486;M1010;0;2;1.2
SSR_P;2014;680020096;680000486;N241P;2;;0.35
SSR_P;2014;680020096;680000486;N2500;7;2;8.25
SSR_P;2014;680020096;680000486;NAUT;1;;1
SSR_P;2014;680020096;680000486;NCINF;9;;8.36
SSR_P;2014;690000013;690780036;M1180;;1;1.27
SSR_P;2014;690000013;690780036;M1320;2;;1.28
SSR_P;2014;690000013;690780036;N241P;3;3;3.82
SSR_P;2014;690000013;690780036;N2460;1;;0.97
SSR_P;2014;690000013;690780036;N2500;24;6;19.59
SSR_P;2014;690000013;690780036;N310H;;1;0.14
SSR_P;2014;690000013;690780036;NAUT;8;;10.9
SSR_P;2014;690000013;690780036;NCINF;19;7;21.16
SSR_P;2014;690000021;690780044;M1040;;1;0.6
SSR_P;2014;690000021;690780044;MAUT;;1;0.7
SSR_P;2014;690000021;690780044;N241P;;2;0.8
SSR_P;2014;690000021;690780044;N2500;6;11;7
SSR_P;2014;690000021;690780044;N2710;;1;0.25
SSR_P;2014;690000021;690780044;N3120;1;;0.8
SSR_P;2014;690000021;690780044;NAUT;;10;2.77
SSR_P;2014;690000021;690780044;NCINF;4;10;5.82
SSR_P;2014;690000039;690780051;M1180;;8;2
SSR_P;2014;690000047;690780069;M1010;3;1;0.84
SSR_P;2014;690000047;690780069;MAUT;;5;0.36
SSR_P;2014;690000047;690780069;N241P;2;1;0.95
SSR_P;2014;690000047;690780069;N2450;;1;0.08
SSR_P;2014;690000047;690780069;N2460;;1;0.26
SSR_P;2014;690000047;690780069;N2470;;1;0.24
SSR_P;2014;690000047;690780069;N2500;21;5;13.57
SSR_P;2014;690000047;690780069;N2710;;2;0.3
SSR_P;2014;690000047;690780069;N3120;;2;0.45
SSR_P;2014;690000047;690780069;NAUT;43;3;11.85
SSR_P;2014;690000047;690780069;NCINF;14;1;7.06
SSR_P;2014;690000054;690780077;M1010;;1;0.75
SSR_P;2014;690000054;690780077;M1320;;1;0.75
SSR_P;2014;690000054;690780077;N2450;;1;0.5
SSR_P;2014;690000054;690780077;N2460;;1;0.7
SSR_P;2014;690000054;690780077;N2500;10;;10
SSR_P;2014;690000054;690780077;N2710;;1;0.3
SSR_P;2014;690000054;690780077;NAUT;4;;4
SSR_P;2014;690000054;690780077;NCINF;8;;8
SSR_P;2014;690000062;690780085;M1180;1;3;2.09
SSR_P;2014;690000088;690780101;M1010;1;;0.97
SSR_P;2014;690000088;690780101;N241P;3;3;4.51
SSR_P;2014;690000088;690780101;N2450;2;1;2.86
SSR_P;2014;690000088;690780101;N2470;;1;0.43
SSR_P;2014;690000088;690780101;N2500;15;1;11.44
SSR_P;2014;690000088;690780101;N2710;;1;0.03
SSR_P;2014;690000088;690780101;N310H;2;1;1.87
SSR_P;2014;690000088;690780101;N3120;1;1;1.18
SSR_P;2014;690000088;690780101;NAUT;7;2;6.66
SSR_P;2014;690000088;690780101;NCINF;18;1;11.89
SSR_P;2014;690000245;690780432;M1320;14;1;6.04
SSR_P;2014;690000245;690780432;N241P;3;6;7.19
SSR_P;2014;690000245;690780432;N2430;;2;1.3
SSR_P;2014;690000245;690780432;N2460;0;3;2.09
SSR_P;2014;690000245;690780432;N2470;0;2;1.83
SSR_P;2014;690000245;690780432;N2500;59;8;23.44
SSR_P;2014;690000245;690780432;N2710;2;1;0.72
SSR_P;2014;690000245;690780432;N3120;3;;2.27
SSR_P;2014;690000245;690780432;NAUT;54;4;30.85
SSR_P;2014;690000245;690780432;NCINF;20;4;13.51
SSR_P;2014;690000401;920028560;M1010;2;4;5.03
SSR_P;2014;690000401;920028560;M1040;0;1;0.02
SSR_P;2014;690000401;920028560;M1120;0;1;0.01
SSR_P;2014;690000401;920028560;M1180;3;1;3.67
SSR_P;2014;690000401;920028560;M1190;0;1;0.55
SSR_P;2014;690000401;920028560;M3020;0;2;0.18
SSR_P;2014;690000401;920028560;MAUT;1;5;2.71
SSR_P;2014;690000401;920028560;N241P;17;11;20.7
SSR_P;2014;690000401;920028560;N2430;1;2;1.76
SSR_P;2014;690000401;920028560;N2450;0;1;0.4
SSR_P;2014;690000401;920028560;N2460;9;3;9.74
SSR_P;2014;690000401;920028560;N2470;0;3;1.54
SSR_P;2014;690000401;920028560;N2500;46;38;62.92
SSR_P;2014;690000401;920028560;N2710;0;5;2.61
SSR_P;2014;690000401;920028560;N310H;2;0;1.86
SSR_P;2014;690000401;920028560;N3120;1;3;2.4
SSR_P;2014;690000401;920028560;NAUT;51;53;79.3
SSR_P;2014;690000401;920028560;NCINF;44;38;62.74
SSR_P;2014;690000419;690780820;M1010;;2;1.6
SSR_P;2014;690000419;690780820;N241P;;2;0.72
SSR_P;2014;690000419;690780820;N2500;7;;7
SSR_P;2014;690000419;690780820;N2710;;1;0.32
SSR_P;2014;690000419;690780820;N310H;1;;1
SSR_P;2014;690000419;690780820;NAUT;7;5;9.91
SSR_P;2014;690000419;690780820;NCINF;8;1;8.78
SSR_P;2014;690000427;750721334;M1010;2;3;3.41
SSR_P;2014;690000427;750721334;M1120;;1;0.1
SSR_P;2014;690000427;750721334;M1140;;1;0.6
SSR_P;2014;690000427;750721334;M1180;5;2;6.43
SSR_P;2014;690000427;750721334;M1190;1;;1
SSR_P;2014;690000427;750721334;M3020;;1;0.34
SSR_P;2014;690000427;750721334;N241P;29;6;33.43
SSR_P;2014;690000427;750721334;N2450;1;3;3.07
SSR_P;2014;690000427;750721334;N2460;7;6;9.02
SSR_P;2014;690000427;750721334;N2470;;2;0.99
SSR_P;2014;690000427;750721334;N2500;42;9;56.37
SSR_P;2014;690000427;750721334;N2710;1;3;2.76
SSR_P;2014;690000427;750721334;N3120;3;;3.39
SSR_P;2014;690000427;750721334;NCINF;27;13;36.48
SSR_P;2014;690000583;690782230;M1010;2;;2
SSR_P;2014;690000583;690782230;M1320;;1;0.8
SSR_P;2014;690000583;690782230;N241P;1;;0.6
SSR_P;2014;690000583;690782230;N2460;1;;0.5
SSR_P;2014;690000583;690782230;N2500;13;9;20.9
SSR_P;2014;690000583;690782230;N2710;;1;0.5
SSR_P;2014;690000583;690782230;N3120;1;;1
SSR_P;2014;690000583;690782230;NAUT;3;5;6.77
SSR_P;2014;690000583;690782230;NCINF;6;5;10.96
SSR_P;2014;690000591;690782248;M1010;2;;1
SSR_P;2014;690000591;690782248;M1180;1;;1
SSR_P;2014;690000591;690782248;N241P;1;0;1
SSR_P;2014;690000591;690782248;N2460;1;0;1
SSR_P;2014;690000591;690782248;N2500;9;4;11.55
SSR_P;2014;690000591;690782248;N2710;1;1;0.25
SSR_P;2014;690000591;690782248;N3120;1;0;0.19
SSR_P;2014;690000591;690782248;NAUT;1;7;3.68
SSR_P;2014;690000591;690782248;NCINF;1;2;2.72
SSR_P;2014;690000609;690010749;M1010;;2;1
SSR_P;2014;690000609;690010749;MAUT;;3;0.13
SSR_P;2014;690000609;690010749;N241P;1;;0.75
SSR_P;2014;690000609;690010749;N2450;;1;0.07
SSR_P;2014;690000609;690010749;N2460;;1;0.25
SSR_P;2014;690000609;690010749;N2500;8;3;9.87
SSR_P;2014;690000609;690010749;N2710;1;;0.12
SSR_P;2014;690000609;690010749;N3120;;1;0.13
SSR_P;2014;690000609;690010749;NAUT;16;2;8.06
SSR_P;2014;690000609;690010749;NCINF;10;1;5.36
SSR_P;2014;690000625;690782271;M1010;2;;2
SSR_P;2014;690000625;690782271;N241P;1;;0.89
SSR_P;2014;690000625;690782271;N2430;;1;0.2
SSR_P;2014;690000625;690782271;N2450;1;;0.1
SSR_P;2014;690000625;690782271;N2460;1;;0.05
SSR_P;2014;690000625;690782271;N2470;1;;0.05
SSR_P;2014;690000625;690782271;N2500;9;3;11.31
SSR_P;2014;690000625;690782271;N2710;1;;0.2
SSR_P;2014;690000625;690782271;N3120;1;;0.9
SSR_P;2014;690000625;690782271;NAUT;3;;0.53
SSR_P;2014;690000625;690782271;NCINF;11;3;11.42
SSR_P;2014;690000633;690010749;M1010;1;2;1
SSR_P;2014;690000633;690010749;MAUT;1;;0.21
SSR_P;2014;690000633;690010749;N241P;1;;0.31
SSR_P;2014;690000633;690010749;N2450;;1;0.07
SSR_P;2014;690000633;690010749;N2460;;1;0.2
SSR_P;2014;690000633;690010749;N2500;11;2;6.53
SSR_P;2014;690000633;690010749;N2710;1;;0.1
SSR_P;2014;690000633;690010749;N3120;;1;0.12
SSR_P;2014;690000633;690010749;NAUT;17;1;7.91
SSR_P;2014;690000633;690010749;NCINF;10;3;6.04
SSR_P;2014;690000641;690782297;M1180;0;2;0.99
SSR_P;2014;690000641;690782297;N241P;1;1;1.04
SSR_P;2014;690000641;690782297;N2500;4;7;9.51
SSR_P;2014;690000641;690782297;NCINF;4;4;7.71
SSR_P;2014;690000773;690782925;M1010;11;2;6.8
SSR_P;2014;690000773;690782925;M1320;7;3;6.49
SSR_P;2014;690000773;690782925;N241P;5;5;7.43
SSR_P;2014;690000773;690782925;N2430;;2;0.28
SSR_P;2014;690000773;690782925;N2450;1;;0.45
SSR_P;2014;690000773;690782925;N2460;;3;1.09
SSR_P;2014;690000773;690782925;N2470;;2;0.26
SSR_P;2014;690000773;690782925;N2500;55;20;68.1
SSR_P;2014;690000773;690782925;N2710;;5;1.82
SSR_P;2014;690000773;690782925;N3120;2;1;2.3
SSR_P;2014;690000773;690782925;NAUT;32;19;44.46
SSR_P;2014;690000773;690782925;NCINF;56;13;39.51
SSR_P;2014;690001524;690787338;M1010;2;;2
SSR_P;2014;690001524;690787338;M1040;;1;0.06
SSR_P;2014;690001524;690787338;M1120;;1;0.09
SSR_P;2014;690001524;690787338;M1180;1;;1.5
SSR_P;2014;690001524;690787338;N241P;8;1;8.65
SSR_P;2014;690001524;690787338;N2430;;2;0.69
SSR_P;2014;690001524;690787338;N2460;4;1;4.83
SSR_P;2014;690001524;690787338;N2500;25;37;49.2
SSR_P;2014;690001524;690787338;N2710;1;;0.94
SSR_P;2014;690001524;690787338;N310H;;2;0.59
SSR_P;2014;690001524;690787338;N3120;;2;1.04
SSR_P;2014;690001524;690787338;NAUT;1;14;9.26
SSR_P;2014;690001524;690787338;NCINF;19;12;27.38
SSR_P;2014;690006721;010783009;M1010;;3;1.05
SSR_P;2014;690006721;010783009;MAUT;;1;0.5
SSR_P;2014;690006721;010783009;N2500;6;;6
SSR_P;2014;690006721;010783009;N2710;;1;0.5
SSR_P;2014;690006721;010783009;N310H;;1;0.55
SSR_P;2014;690006721;010783009;N3120;;1;0.5
SSR_P;2014;690006721;010783009;NAUT;5;4;7.6
SSR_P;2014;690006721;010783009;NCINF;6;2;7
SSR_P;2014;690010848;690000450;M1010;;3;2.59
SSR_P;2014;690010848;690000450;M1180;1;;1
SSR_P;2014;690010848;690000450;M1190;;;0.88
SSR_P;2014;690010848;690000450;N241P;10;2;10.65
SSR_P;2014;690010848;690000450;N2430;1;1;1.29
SSR_P;2014;690010848;690000450;N2450;;2;1.35
SSR_P;2014;690010848;690000450;N2460;4;1;3.79
SSR_P;2014;690010848;690000450;N2500;23;5;22.36
SSR_P;2014;690010848;690000450;N2710;1;;1
SSR_P;2014;690010848;690000450;N3120;2;;1.04
SSR_P;2014;690010848;690000450;NCINF;15;5;17.25
SSR_P;2014;690012109;690027008;M1010;;5;1.1
SSR_P;2014;690012109;690027008;M1040;1;4;2.26
SSR_P;2014;690012109;690027008;M1180;1;2;1.8
SSR_P;2014;690012109;690027008;MAUT;;2;0.4
SSR_P;2014;690012109;690027008;N241P;9;6;11.54
SSR_P;2014;690012109;690027008;N2460;2;1;1.41
SSR_P;2014;690012109;690027008;N2500;12;;8.69
SSR_P;2014;690012109;690027008;N2710;;1;0.86
SSR_P;2014;690012109;690027008;N3120;;1;0.4
SSR_P;2014;690012109;690027008;NAUT;22;11;19.73
SSR_P;2014;690012109;690027008;NCINF;9;3;9.97
SSR_P;2014;690025366;690000450;M1010;1;1;1.92
SSR_P;2014;690025366;690000450;M1180;;1;0.82
SSR_P;2014;690025366;690000450;N241P;8;4;10.05
SSR_P;2014;690025366;690000450;N2460;;;0.05
SSR_P;2014;690025366;690000450;N2500;6;2;5.98
SSR_P;2014;690025366;690000450;N2710;;1;0.1
SSR_P;2014;690025366;690000450;N310H;;1;1.03
SSR_P;2014;690025366;690000450;NCINF;6;4;8.6
SSR_P;2014;690030119;750043994;M1010;2;;2.42
SSR_P;2014;690030119;750043994;M1320;3;;2.09
SSR_P;2014;690030119;750043994;N241P;4;;3.38
SSR_P;2014;690030119;750043994;N2430;;1;0.2
SSR_P;2014;690030119;750043994;N2450;;1;0.2
SSR_P;2014;690030119;750043994;N2460;1;;1.01
SSR_P;2014;690030119;750043994;N2500;24;;19.03
SSR_P;2014;690030119;750043994;N2710;;2;0.51
SSR_P;2014;690030119;750043994;N3120;;1;0.45
SSR_P;2014;690030119;750043994;NCINF;16;;16.17
SSR_P;2014;690030283;920000395;M1010;3;2;3.71
SSR_P;2014;690030283;920000395;M1120;;1;0.09
SSR_P;2014;690030283;920000395;M1180;1;;0.88
SSR_P;2014;690030283;920000395;MAUT;;1;0.38
SSR_P;2014;690030283;920000395;N241P;10;;8.23
SSR_P;2014;690030283;920000395;N2430;1;1;1.25
SSR_P;2014;690030283;920000395;N2450;;2;1.31
SSR_P;2014;690030283;920000395;N2460;4;;3.35
SSR_P;2014;690030283;920000395;N2470;;3;1.19
SSR_P;2014;690030283;920000395;N2500;36;1;30.15
SSR_P;2014;690030283;920000395;N2710;;4;1.66
SSR_P;2014;690030283;920000395;N310H;;2;1.13
SSR_P;2014;690030283;920000395;N3120;;2;0.93
SSR_P;2014;690030283;920000395;NAUT;24;8;23.76
SSR_P;2014;690030283;920000395;NCINF;32;1;27.01
SSR_P;2014;690030333;690030325;MAUT;;1;0.47
SSR_P;2014;690030333;690030325;N2460;1;3;2.97
SSR_P;2014;690030333;690030325;N2470;;1;0.82
SSR_P;2014;690030333;690030325;N2710;;3;1.67
SSR_P;2014;690030333;690030325;N3120;;1;0.8
SSR_P;2014;690030333;690030325;NAUT;;5;3.89
SSR_P;2014;690034558;690006598;M1320;2;;2
SSR_P;2014;690034558;690006598;N310H;1;;0.33
SSR_P;2014;690034558;690006598;N3120;1;;0.6
SSR_P;2014;690034558;690006598;NCINF;1;;1
SSR_P;2014;690780093;750821092;M1180;2;;2
SSR_P;2014;690780093;750821092;N241P;7;;7.3
SSR_P;2014;690780093;750821092;N2460;1;;1
SSR_P;2014;690780093;750821092;N2500;5;;6.3
SSR_P;2014;690780093;750821092;NAUT;1;;1
SSR_P;2014;690780093;750821092;NCINF;7;;7
SSR_P;2014;690780150;690000104;M1190;;1;0.6
SSR_P;2014;690780150;690000104;M1320;;1;0.4
SSR_P;2014;690780150;690000104;N241P;;1;0.5
SSR_P;2014;690780150;690000104;N2460;;1;0.8
SSR_P;2014;690780150;690000104;N2500;5;3;6.86
SSR_P;2014;690780150;690000104;N2710;;1;0.5
SSR_P;2014;690780150;690000104;NCINF;1;8;6.18
SSR_P;2014;690780200;690000112;M1040;;1;0.05
SSR_P;2014;690780200;690000112;M1180;1;;1
SSR_P;2014;690780200;690000112;M1320;;1;0.8
SSR_P;2014;690780200;690000112;MAUT;;1;0.05
SSR_P;2014;690780200;690000112;N241P;;6;3
SSR_P;2014;690780200;690000112;N2450;;1;0.5
SSR_P;2014;690780200;690000112;N2460;;1;0.8
SSR_P;2014;690780200;690000112;N2500;8;;8
SSR_P;2014;690780200;690000112;N2710;;1;0.05
SSR_P;2014;690780200;690000112;N3120;;1;0.7
SSR_P;2014;690780200;690000112;NAUT;1;;1
SSR_P;2014;690780200;690000112;NCINF;6;2;7
SSR_P;2014;690780481;750056335;M1010;3;;3
SSR_P;2014;690780481;750056335;M1040;;1;0.2
SSR_P;2014;690780481;750056335;M1190;;1;0.1
SSR_P;2014;690780481;750056335;M1320;1;1;1.64
SSR_P;2014;690780481;750056335;N2460;;1;0.8
SSR_P;2014;690780481;750056335;N2500;28;1;28.5
SSR_P;2014;690780481;750056335;N2710;;1;0.3
SSR_P;2014;690780481;750056335;N3120;;1;0.8
SSR_P;2014;690780481;750056335;NCINF;13;7;19
SSR_P;2014;690780655;690000377;M1180;1;1;1.5
SSR_P;2014;690780655;690000377;M1320;2;;2
SSR_P;2014;690780655;690000377;N241P;9;;9
SSR_P;2014;690780655;690000377;N2460;1;;1
SSR_P;2014;690780655;690000377;N2500;15;1;16
SSR_P;2014;690780655;690000377;N2710;;1;0.5
SSR_P;2014;690780655;690000377;N310H;1;;1
SSR_P;2014;690780655;690000377;N3120;1;;1
SSR_P;2014;690780655;690000377;NCINF;10;3;13
SSR_P;2014;690781026;690029723;M1010;5;1;5.8
SSR_P;2014;690781026;690029723;M1040;0;5;2.6
SSR_P;2014;690781026;690029723;M1070;;1;0.3
SSR_P;2014;690781026;690029723;M1150;3;2;3.5
SSR_P;2014;690781026;690029723;M1180;1;3;3.2
SSR_P;2014;690781026;690029723;M3020;;1;0.3
SSR_P;2014;690781026;690029723;MAUT;;4;0.7
SSR_P;2014;690781026;690029723;N241P;33;2;33.9
SSR_P;2014;690781026;690029723;N2430;3;5;5.2
SSR_P;2014;690781026;690029723;N2450;2;1;2.9
SSR_P;2014;690781026;690029723;N2460;5;4;7.3
SSR_P;2014;690781026;690029723;N2470;0;1;0.5
SSR_P;2014;690781026;690029723;N2500;91;14;97.7
SSR_P;2014;690781026;690029723;N2710;0;4;1.7
SSR_P;2014;690781026;690029723;N310H;3;1;3.8
SSR_P;2014;690781026;690029723;N3120;1;2;2.4
SSR_P;2014;690781026;690029723;NCINF;83;18;95.8
SSR_P;2014;690781737;750721334;M1010;1;;1
SSR_P;2014;690781737;750721334;M1040;;1;0.1
SSR_P;2014;690781737;750721334;M1320;1;;1
SSR_P;2014;690781737;750721334;N241P;;1;0.5
SSR_P;2014;690781737;750721334;N2460;;1;0.3
SSR_P;2014;690781737;750721334;N2500;8;4;9.54
SSR_P;2014;690781737;750721334;N310H;;1;0.1
SSR_P;2014;690781737;750721334;N3120;1;;1
SSR_P;2014;690781737;750721334;NAUT;3;2;3.4
SSR_P;2014;690781737;750721334;NCINF;7;8;10.91
SSR_P;2014;690782420;690793633;M1150;2;2;2.83
SSR_P;2014;690782420;690793633;M1180;;1;0.5
SSR_P;2014;690782420;690793633;MAUT;;1;0.43
SSR_P;2014;690782420;690793633;N241P;;5;2.97
SSR_P;2014;690782420;690793633;N2450;;1;0.44
SSR_P;2014;690782420;690793633;N2470;;1;0.37
SSR_P;2014;690782420;690793633;N2500;;17;10.12
SSR_P;2014;690782420;690793633;N3120;;1;0.5
SSR_P;2014;690782420;690793633;NAUT;;28;13.63
SSR_P;2014;690782420;690793633;NCINF;;23;13.27
SSR_P;2014;690783154;690781810;M1010;1;;1
SSR_P;2014;690783154;690781810;M1320;1;;0.7
SSR_P;2014;690783154;690781810;MAUT;;;1.7
SSR_P;2014;690783154;690781810;N2450;;;0.25
SSR_P;2014;690783154;690781810;N2500;;;9.27
SSR_P;2014;690783154;690781810;N2710;;;0.14
SSR_P;2014;690783154;690781810;NAUT;;;2.78
SSR_P;2014;690783154;690781810;NCINF;;;10.84
SSR_P;2014;690784061;690006598;M1070;;1;0.37
SSR_P;2014;690784061;690006598;M1320;5;;5
SSR_P;2014;690784061;690006598;N2460;1;;1
SSR_P;2014;690784061;690006598;N2470;;1;0.5
SSR_P;2014;690784061;690006598;N2500;22;;22
SSR_P;2014;690784061;690006598;N2710;1;1;1.2
SSR_P;2014;690784061;690006598;N310H;1;;0.66
SSR_P;2014;690784061;690006598;N3120;1;;1
SSR_P;2014;690784061;690006598;NCINF;25;;25
SSR_P;2014;690784137;690781810;M1010;2;;1.99
SSR_P;2014;690784137;690781810;M1320;;;0.4
SSR_P;2014;690784137;690781810;MAUT;;;2.39
SSR_P;2014;690784137;690781810;N241P;;;0.26
SSR_P;2014;690784137;690781810;N2450;;;0.9
SSR_P;2014;690784137;690781810;N2500;34;4;37.09
SSR_P;2014;690784137;690781810;N2710;1;;0.5
SSR_P;2014;690784137;690781810;N310H;1;;1
SSR_P;2014;690784137;690781810;NAUT;3;1;4.3
SSR_P;2014;690784137;690781810;NCINF;21;2;23.15
SSR_P;2014;690784178;690781810;M1010;1;1;1.16
SSR_P;2014;690784178;690781810;M1180;1;1;1
SSR_P;2014;690784178;690781810;N241P;4;;3.5
SSR_P;2014;690784178;690781810;N2430;;2;1
SSR_P;2014;690784178;690781810;N2450;;1;0.2
SSR_P;2014;690784178;690781810;N2460;;2;1.2
SSR_P;2014;690784178;690781810;N2500;15;1;15.8
SSR_P;2014;690784178;690781810;N2710;;1;0.8
SSR_P;2014;690784178;690781810;N3120;;1;0.2
SSR_P;2014;690784178;690781810;NAUT;;1;0.3
SSR_P;2014;690784178;690781810;NCINF;16;1;16.8
SSR_P;2014;690784186;690781810;M1010;1;2;1.54
SSR_P;2014;690784186;690781810;M1040;1;1;1.19
SSR_P;2014;690784186;690781810;MAUT;;;0.35
SSR_P;2014;690784186;690781810;NAUT;;1;1.56
SSR_P;2014;690784194;690781810;M1010;;;0.4
SSR_P;2014;690784194;690781810;M1180;;;0.4
SSR_P;2014;690784194;690781810;M1320;;;1.59
SSR_P;2014;690784194;690781810;MAUT;;;1.59
SSR_P;2014;690784194;690781810;N241P;2;3;5.21
SSR_P;2014;690784194;690781810;N2430;1;2;2.12
SSR_P;2014;690784194;690781810;N2460;0;1;1.05
SSR_P;2014;690784194;690781810;N2470;2;2;1.76
SSR_P;2014;690784194;690781810;N2500;54;9;60.9
SSR_P;2014;690784194;690781810;N2710;1;0;1.19
SSR_P;2014;690784194;690781810;N3120;3;1;2.27
SSR_P;2014;690784194;690781810;NAUT;8;3;9.45
SSR_P;2014;690784194;690781810;NCINF;37;4;31.17
SSR_P;2014;690784202;690781810;M1010;2;6;5.44
SSR_P;2014;690784202;690781810;M1180;2;6;5.24
SSR_P;2014;690784202;690781810;MAUT;;;0.2
SSR_P;2014;690784202;690781810;N2500;85;5;103.14
SSR_P;2014;690784202;690781810;NAUT;7;6;10.76
SSR_P;2014;690784202;690781810;NCINF;61;18;85.02
SSR_P;2014;690784244;750721334;M1320;1;4;3.03
SSR_P;2014;690784244;750721334;MAUT;;1;0.05
SSR_P;2014;690784244;750721334;N241P;2;1;2.9
SSR_P;2014;690784244;750721334;N2460;;1;0.5
SSR_P;2014;690784244;750721334;N2500;12;12;17.56
SSR_P;2014;690784244;750721334;N2710;;1;0.58
SSR_P;2014;690784244;750721334;N310H;;2;0.75
SSR_P;2014;690784244;750721334;N3120;;1;0.68
SSR_P;2014;690784244;750721334;NCINF;8;10;10.94
SSR_P;2014;690787429;690781810;M1010;1;;1.15
SSR_P;2014;690787429;690781810;M1320;;1;0.64
SSR_P;2014;690787429;690781810;MAUT;;;1.79
SSR_P;2014;690787429;690781810;N241P;1;3;2.79
SSR_P;2014;690787429;690781810;N2430;;;0.5
SSR_P;2014;690787429;690781810;N2450;;;0.37
SSR_P;2014;690787429;690781810;N2460;1;2;1.97
SSR_P;2014;690787429;690781810;N2470;;1;0.99
SSR_P;2014;690787429;690781810;N2500;18;4;25.12
SSR_P;2014;690787429;690781810;N2710;;1;0.24
SSR_P;2014;690787429;690781810;NAUT;5;2;7.69
SSR_P;2014;690787429;690781810;NCINF;10;2;13.23
SSR_P;2014;690787452;690781810;M1320;1;;2
SSR_P;2014;690787452;690781810;MAUT;1;;2
SSR_P;2014;690787452;690781810;N241P;2;3;5.2
SSR_P;2014;690787452;690781810;N2430;0;3;0.75
SSR_P;2014;690787452;690781810;N2460;2;2;3.04
SSR_P;2014;690787452;690781810;N2470;3;0;0.74
SSR_P;2014;690787452;690781810;N2500;21;12;35.76
SSR_P;2014;690787452;690781810;N2710;1;0;0.25
SSR_P;2014;690787452;690781810;N3120;2;0;1.48
SSR_P;2014;690787452;690781810;NAUT;4;2;7.18
SSR_P;2014;690787452;690781810;NCINF;20;6;23.28
SSR_P;2014;690787460;690782222;M1320;3;2;2.91
SSR_P;2014;690787460;690782222;MAUT;1;;0.05
SSR_P;2014;690787460;690782222;N2430;;2;0.18
SSR_P;2014;690787460;690782222;N2450;;2;0.41
SSR_P;2014;690787460;690782222;N2460;2;;1.18
SSR_P;2014;690787460;690782222;N2470;1;;0.5
SSR_P;2014;690787460;690782222;N2500;22;10;26.39
SSR_P;2014;690787460;690782222;N2710;;1;0.54
SSR_P;2014;690787460;690782222;NAUT;13;6;11.81
SSR_P;2014;690787460;690782222;NCINF;18;11;19.49
SSR_P;2014;690787478;690781810;M1010;2;1;2.8
SSR_P;2014;690787478;690781810;M1320;2;1;1.5
SSR_P;2014;690787478;690781810;MAUT;;;4.3
SSR_P;2014;690787478;690781810;N241P;1;4;4
SSR_P;2014;690787478;690781810;N2430;0;1;0.24
SSR_P;2014;690787478;690781810;N2460;0;1;0.78
SSR_P;2014;690787478;690781810;N2500;37;6;41.15
SSR_P;2014;690787478;690781810;N2710;1;1;1.75
SSR_P;2014;690787478;690781810;N3120;1;2;2.4
SSR_P;2014;690787478;690781810;NAUT;4;1;4.8
SSR_P;2014;690787478;690781810;NCINF;29;6;32.8
SSR_P;2014;690790472;690029723;M1010;;1;0.3
SSR_P;2014;690790472;690029723;M1140;;6;1.75
SSR_P;2014;690790472;690029723;M1150;;1;0.06
SSR_P;2014;690790472;690029723;M1180;;1;0.05
SSR_P;2014;690790472;690029723;M3020;;1;0.1
SSR_P;2014;690790472;690029723;MAUT;;1;0.2
SSR_P;2014;690790472;690029723;N241P;;6;3.42
SSR_P;2014;690790472;690029723;N2430;;1;0.5
SSR_P;2014;690790472;690029723;N2450;1;;1
SSR_P;2014;690790472;690029723;N2460;;1;0.2
SSR_P;2014;690790472;690029723;N2500;30;1;31.45
SSR_P;2014;690790472;690029723;N2710;1;;1
SSR_P;2014;690790472;690029723;N310H;5;;5
SSR_P;2014;690790472;690029723;N3120;;1;0.5
SSR_P;2014;690790472;690029723;NCINF;12;4;15.41
SSR_P;2014;690790480;690006598;M1010;;1;0.4
SSR_P;2014;690790480;690006598;M1140;;1;0.5
SSR_P;2014;690790480;690006598;MAUT;;1;0.6
SSR_P;2014;690790480;690006598;N241P;2;1;2.4
SSR_P;2014;690790480;690006598;N2470;;1;0.5
SSR_P;2014;690790480;690006598;N2500;37;10;40.75
SSR_P;2014;690790480;690006598;N2710;;1;0.5
SSR_P;2014;690790480;690006598;N310H;;1;0.8
SSR_P;2014;690790480;690006598;N3120;;1;0.5
SSR_P;2014;690790480;690006598;NAUT;9;10;14.15
SSR_P;2014;690790480;690006598;NCINF;9;3;10.5
SSR_P;2014;690791082;690001904;M1010;;3;2
SSR_P;2014;690791082;690001904;M3020;;1;0.2
SSR_P;2014;690791082;690001904;MAUT;1;3;2.6
SSR_P;2014;690791082;690001904;N2450;;1;0.2
SSR_P;2014;690791082;690001904;N2500;1;;1
SSR_P;2014;690791082;690001904;N2710;1;4;2.8
SSR_P;2014;690791082;690001904;N3120;1;;1
SSR_P;2014;690791082;690001904;NCINF;9;8;15.2
SSR_P;2014;690803044;690000450;M1010;;4;3.39
SSR_P;2014;690803044;690000450;M1040;;5;3.88
SSR_P;2014;690803044;690000450;M1180;2;;1.64
SSR_P;2014;690803044;690000450;N241P;22;5;21.2
SSR_P;2014;690803044;690000450;N2430;;1;0.79
SSR_P;2014;690803044;690000450;N2450;1;;1.05
SSR_P;2014;690803044;690000450;N2460;6;;5.07
SSR_P;2014;690803044;690000450;N2500;24;6;24.58
SSR_P;2014;690803044;690000450;N2710;1;;0.99
SSR_P;2014;690803044;690000450;N310H;1;6;2.92
SSR_P;2014;690803044;690000450;N3120;1;;1
SSR_P;2014;690803044;690000450;NCINF;16;12;25.85
SSR_P;2014;700000011;700780026;M1010;1;1;1
SSR_P;2014;700000011;700780026;N241P;2;;2
SSR_P;2014;700000011;700780026;N2450;;2;0.4
SSR_P;2014;700000011;700780026;N2460;1;;1
SSR_P;2014;700000011;700780026;N2500;7;3;9.4
SSR_P;2014;700000011;700780026;N3120;1;;0.6
SSR_P;2014;700000011;700780026;NAUT;1;2;1.9
SSR_P;2014;700000011;700780026;NCINF;3;3;5.45
SSR_P;2014;700000045;250006335;M1010;2;;2.01
SSR_P;2014;700000045;250006335;M1320;;1;0.8
SSR_P;2014;700000045;250006335;MAUT;;2;1.29
SSR_P;2014;700000045;250006335;N241P;3;;3
SSR_P;2014;700000045;250006335;N2460;2;;1.14
SSR_P;2014;700000045;250006335;N2500;17;5;20.18
SSR_P;2014;700000045;250006335;N2710;;1;0.54
SSR_P;2014;700000045;250006335;N310H;;1;0.5
SSR_P;2014;700000045;250006335;N3120;;1;0.8
SSR_P;2014;700000045;250006335;NAUT;1;;1
SSR_P;2014;700000045;250006335;NCINF;13;;14
SSR_P;2014;700004377;250006335;M1040;1;3;0.89
SSR_P;2014;700004377;250006335;MAUT;;1;0.15
SSR_P;2014;700004377;250006335;N241P;1;;0.98
SSR_P;2014;700004377;250006335;N2450;1;;0.97
SSR_P;2014;700004377;250006335;N2710;;1;0.3
SSR_P;2014;700004377;250006335;N310H;2;2;2.02
SSR_P;2014;700004377;250006335;NAUT;;10;1.66
SSR_P;2014;700004377;250006335;NCINF;;3;1.61
SSR_P;2014;700780042;250006335;M1010;2;;2
SSR_P;2014;700780042;250006335;M1180;3;1;3.7
SSR_P;2014;700780042;250006335;M1190;1;;1
SSR_P;2014;700780042;250006335;N241P;19;1;15.01
SSR_P;2014;700780042;250006335;N2430;0;3;1.55
SSR_P;2014;700780042;250006335;N2450;0;1;0.7
SSR_P;2014;700780042;250006335;N2460;9;3;10.28
SSR_P;2014;700780042;250006335;N2500;34;18;38.51
SSR_P;2014;700780042;250006335;N2710;0;3;1.55
SSR_P;2014;700780042;250006335;N310H;1;0;1
SSR_P;2014;700780042;250006335;N3120;2;2;3.25
SSR_P;2014;700780042;250006335;NAUT;27;10;30.84
SSR_P;2014;700780042;250006335;NCINF;29;12;34.29
SSR_P;2014;700780059;700004591;M1010;1;1;1.57
SSR_P;2014;700780059;700004591;N2500;6;5;9.45
SSR_P;2014;700780059;700004591;NAUT;2;;2.5
SSR_P;2014;700780059;700004591;NCINF;9;1;9.72
SSR_P;2014;700780208;700004591;M1010;1;1;1.5
SSR_P;2014;700780208;700004591;N2500;14;4;18.05
SSR_P;2014;700780208;700004591;NAUT;7;;5.69
SSR_P;2014;700780208;700004591;NCINF;9;3;14.54
SSR_P;2014;700784887;750018699;M1010;1;;1
SSR_P;2014;700784887;750018699;M1180;4;1;4.13
SSR_P;2014;700784887;750018699;N241P;9;4;12.27
SSR_P;2014;700784887;750018699;N2430;;1;0.68
SSR_P;2014;700784887;750018699;N2460;4;1;4.8
SSR_P;2014;700784887;750018699;N2500;12;11;19.17
SSR_P;2014;700784887;750018699;N2710;;2;1
SSR_P;2014;700784887;750018699;N310H;1;1;1.8
SSR_P;2014;700784887;750018699;N3120;;2;1
SSR_P;2014;700784887;750018699;NAUT;1;;1
SSR_P;2014;700784887;750018699;NCINF;5;10;13.2
SSR_P;2014;710002288;750721334;M1040;;2;0.5
SSR_P;2014;710002288;750721334;M1150;;5;0.5
SSR_P;2014;710002288;750721334;N241P;2;;2
SSR_P;2014;710002288;750721334;N2450;;1;0.28
SSR_P;2014;710002288;750721334;N2710;;1;0.3
SSR_P;2014;710002288;750721334;NAUT;;1;0.79
SSR_P;2014;710002288;750721334;NCINF;;3;1.42
SSR_P;2014;710002569;710000092;M1010;2;2;3.5
SSR_P;2014;710002569;710000092;N241P;2;;2
SSR_P;2014;710002569;710000092;N2450;1;2;2.6
SSR_P;2014;710002569;710000092;N2500;16;1;16.8
SSR_P;2014;710002569;710000092;N310H;2;;2
SSR_P;2014;710002569;710000092;N3120;;2;1
SSR_P;2014;710002569;710000092;NCINF;15;6;17.83
SSR_P;2014;710006859;710000118;M1010;1;;1
SSR_P;2014;710006859;710000118;N2500;;6;2.4
SSR_P;2014;710006859;710000118;N3120;;1;0.2
SSR_P;2014;710006859;710000118;NCINF;;11;5.3
SSR_P;2014;710010067;710780644;M1180;3;1;3.08
SSR_P;2014;710010067;710780644;M1320;3;1;3.08
SSR_P;2014;710010067;710780644;N2460;1;;0.2
SSR_P;2014;710010067;710780644;N2500;16;3;11.71
SSR_P;2014;710010067;710780644;NAUT;11;;6.16
SSR_P;2014;710010067;710780644;NCINF;10;7;9.12
SSR_P;2014;710780081;710010695;M1010;1;2;1.5
SSR_P;2014;710780081;710010695;N241P;;2;1
SSR_P;2014;710780081;710010695;N2500;6;1;6.9
SSR_P;2014;710780081;710010695;N3120;;1;0.5
SSR_P;2014;710780081;710010695;NCINF;4;5;7.2
SSR_P;2014;710781139;750721334;M1010;2;;1.83
SSR_P;2014;710781139;750721334;M1040;;2;1.2
SSR_P;2014;710781139;750721334;M1150;;2;0.15
SSR_P;2014;710781139;750721334;M1180;3;;3.19
SSR_P;2014;710781139;750721334;MAUT;1;1;1.25
SSR_P;2014;710781139;750721334;N241P;12;;11.04
SSR_P;2014;710781139;750721334;N2430;1;3;1.95
SSR_P;2014;710781139;750721334;N2450;0;2;1.21
SSR_P;2014;710781139;750721334;N2460;8;1;7.79
SSR_P;2014;710781139;750721334;N2500;30;2;36.77
SSR_P;2014;710781139;750721334;N2710;;1;0.73
SSR_P;2014;710781139;750721334;N310H;1;;1
SSR_P;2014;710781139;750721334;N3120;1;1;1.55
SSR_P;2014;710781139;750721334;NAUT;68;9;68.3
SSR_P;2014;710781139;750721334;NCINF;26;2;27.32
SSR_P;2014;710781535;210010294;M1010;4;;4
SSR_P;2014;710781535;210010294;M1120;1;;1
SSR_P;2014;710781535;210010294;N241P;14;2;16
SSR_P;2014;710781535;210010294;N2430;1;;1
SSR_P;2014;710781535;210010294;N2460;7;;7
SSR_P;2014;710781535;210010294;N2500;27;;27
SSR_P;2014;710781535;210010294;N2710;1;1;1.42
SSR_P;2014;710781535;210010294;N310H;1;1;1.84
SSR_P;2014;710781535;210010294;N3120;1;;1
SSR_P;2014;710781535;210010294;NAUT;5;11;13.36
SSR_P;2014;710781535;210010294;NCINF;18;1;18.29
SSR_P;2014;710781824;710000464;M1010;1;2;0.89
SSR_P;2014;710781824;710000464;M1180;;3;1.8
SSR_P;2014;710781824;710000464;M1320;;1;0.5
SSR_P;2014;710781824;710000464;N241P;5;;5
SSR_P;2014;710781824;710000464;N2460;2;;2
SSR_P;2014;710781824;710000464;N2500;18;1;17.64
SSR_P;2014;710781824;710000464;N2710;;1;0.2
SSR_P;2014;710781824;710000464;N310H;4;;4
SSR_P;2014;710781824;710000464;N3120;;2;1.09
SSR_P;2014;710781824;710000464;NAUT;7;5;10.81
SSR_P;2014;710781824;710000464;NCINF;17;1;16.52
SSR_P;2014;710977075;710000092;M1010;;2;1
SSR_P;2014;710977075;710000092;N3120;;1;0.5
SSR_P;2014;710977307;710977299;M1010;1;1;1.5
SSR_P;2014;710977307;710977299;N241P;;4;1.12
SSR_P;2014;710977307;710977299;N2500;6;6;10.55
SSR_P;2014;710977307;710977299;N3120;;1;0.5
SSR_P;2014;710977307;710977299;NAUT;;1;0.2
SSR_P;2014;710977307;710977299;NCINF;5;4;7
SSR_P;2014;710978131;710781089;M1010;;1;0.6
SSR_P;2014;710978131;710781089;MAUT;;1;0.6
SSR_P;2014;710978131;710781089;N241P;;1;0.4
SSR_P;2014;710978131;710781089;N2460;;1;0.4
SSR_P;2014;710978131;710781089;N2500;10;4;13
SSR_P;2014;710978131;710781089;N2710;;1;0.2
SSR_P;2014;710978131;710781089;N3120;;1;0.5
SSR_P;2014;710978131;710781089;NAUT;4;;4
SSR_P;2014;710978131;710781089;NCINF;5;5;8.65
SSR_P;2014;710978156;710780214;N241P;1;;0.67
SSR_P;2014;710978156;710780214;N2450;1;;0.1
SSR_P;2014;710978156;710780214;N3120;1;;0.5
SSR_P;2014;710978156;710780214;NAUT;13;;12.2
SSR_P;2014;710978156;710780214;NCINF;6;;5.9
SSR_P;2014;710978164;710780438;M1010;;1;1
SSR_P;2014;710978164;710780438;N241P;;1;0.86
SSR_P;2014;710978164;710780438;N2450;;1;0.4
SSR_P;2014;710978180;710781360;M1010;;9;0.69
SSR_P;2014;710978180;710781360;M1320;;1;0.3
SSR_P;2014;710978180;710781360;N241P;;3;1.1
SSR_P;2014;710978180;710781360;N2500;6;4;8.93
SSR_P;2014;710978180;710781360;N3120;;1;0.16
SSR_P;2014;710978180;710781360;NAUT;3;2;4.8
SSR_P;2014;710978180;710781360;NCINF;2;4;3.64
SSR_P;2014;710978198;710781386;M1010;;1;0.5
SSR_P;2014;710978198;710781386;N241P;;1;0.3
SSR_P;2014;710978198;710781386;N2450;;1;0.05
SSR_P;2014;710978198;710781386;N2500;5;1;5.8
SSR_P;2014;710978198;710781386;N2710;;1;0.15
SSR_P;2014;710978198;710781386;N3120;;1;0.3
SSR_P;2014;710978198;710781386;NAUT;1;1;1.5
SSR_P;2014;710978198;710781386;NCINF;6;3;8.4
SSR_P;2014;710978206;710780156;M1010;1;1;1.2
SSR_P;2014;710978206;710780156;N241P;1;;0.96
SSR_P;2014;710978206;710780156;N2450;;1;0.5
SSR_P;2014;710978206;710780156;N2460;;1;0.2
SSR_P;2014;710978206;710780156;N2500;16;3;16.16
SSR_P;2014;710978206;710780156;N2710;;1;0.3
SSR_P;2014;710978206;710780156;N310H;;1;0.5
SSR_P;2014;710978206;710780156;N3120;;1;0.5
SSR_P;2014;710978206;710780156;NAUT;14;3;12.22
SSR_P;2014;710978206;710780156;NCINF;12;3;13.92
SSR_P;2014;710978214;710781345;M1180;1;;1
SSR_P;2014;710978214;710781345;N241P;;1;0.7
SSR_P;2014;710978214;710781345;N2500;8;;8
SSR_P;2014;710978214;710781345;NCINF;6;;5.46
SSR_P;2014;710978248;710781451;M1320;1;;0.5
SSR_P;2014;710978248;710781451;N241P;;3;1.2
SSR_P;2014;710978248;710781451;N2500;10;1;10.71
SSR_P;2014;710978248;710781451;NAUT;4;2;3.34
SSR_P;2014;710978248;710781451;NCINF;7;3;8.62
SSR_P;2014;710978255;710781568;M1010;1;;1.05
SSR_P;2014;710978255;710781568;N2500;13;2;12.73
SSR_P;2014;710978255;710781568;N3120;;1;0.25
SSR_P;2014;710978255;710781568;NAUT;3;1;5.13
SSR_P;2014;710978255;710781568;NCINF;5;4;7.31
SSR_P;2014;710978263;710780958;M1010;1;;1
SSR_P;2014;710978263;710780958;M1320;;2;1
SSR_P;2014;710978263;710780958;N2460;1;;0.4
SSR_P;2014;710978263;710780958;N2500;16;7;20.08
SSR_P;2014;710978263;710780958;NAUT;5;1;5.26
SSR_P;2014;710978263;710780958;NCINF;10;3;13.7
SSR_P;2014;710978271;710781014;M1010;;2;0.5
SSR_P;2014;710978271;710781014;M1040;;1;0.1
SSR_P;2014;710978271;710781014;M1150;;1;0.1
SSR_P;2014;710978271;710781014;MAUT;1;3;2.32
SSR_P;2014;710978271;710781014;N241P;1;1;1
SSR_P;2014;710978271;710781014;N2450;;1;0.5
SSR_P;2014;710978271;710781014;N2500;17;8;21.71
SSR_P;2014;710978271;710781014;N310H;1;;0.5
SSR_P;2014;710978271;710781014;N3120;;1;0.5
SSR_P;2014;710978271;710781014;NCINF;7;11;14.23
SSR_P;2014;710978289;710780263;M1010;1;;0.08
SSR_P;2014;710978289;710780263;M1040;1;;0.52
SSR_P;2014;710978289;710780263;M1180;2;1;2.59
SSR_P;2014;710978289;710780263;M1320;2;1;0.99
SSR_P;2014;710978289;710780263;N241P;5;5;6.78
SSR_P;2014;710978289;710780263;N2430;;1;0.3
SSR_P;2014;710978289;710780263;N2450;1;1;0.65
SSR_P;2014;710978289;710780263;N2460;3;1;2.43
SSR_P;2014;710978289;710780263;N2470;;1;0.12
SSR_P;2014;710978289;710780263;N2500;23;16;33.7
SSR_P;2014;710978289;710780263;N2710;1;1;1.2
SSR_P;2014;710978289;710780263;N3120;;1;0.2
SSR_P;2014;710978289;710780263;NCINF;14;11;20.5
SSR_P;2014;710978313;710976705;M1010;2;;1.95
SSR_P;2014;710978313;710976705;N241P;2;;1.2
SSR_P;2014;710978313;710976705;N2460;1;;0.47
SSR_P;2014;710978313;710976705;N2500;14;1;15.05
SSR_P;2014;710978313;710976705;NAUT;7;1;7.87
SSR_P;2014;710978313;710976705;NCINF;10;3;12.65
SSR_P;2014;710978347;710781204;M1010;2;1;2.6
SSR_P;2014;710978347;710781204;N241P;1;;1
SSR_P;2014;710978347;710781204;N2460;1;;1
SSR_P;2014;710978347;710781204;N2500;12;1;9.53
SSR_P;2014;710978347;710781204;N2710;2;;1.04
SSR_P;2014;710978347;710781204;NAUT;2;;2
SSR_P;2014;710978347;710781204;NCINF;5;2;5.65
SSR_P;2014;720000033;720000025;M1010;0;4;1.48
SSR_P;2014;720000033;720000025;M1320;0;1;0.5
SSR_P;2014;720000033;720000025;N241P;0;7;4.09
SSR_P;2014;720000033;720000025;N2430;0;1;0.04
SSR_P;2014;720000033;720000025;N2460;0;7;2.23
SSR_P;2014;720000033;720000025;N2470;0;1;0.35
SSR_P;2014;720000033;720000025;N2500;20;36;33.07
SSR_P;2014;720000033;720000025;N2710;0;3;0.72
SSR_P;2014;720000033;720000025;N310H;0;3;1.43
SSR_P;2014;720000033;720000025;N3120;0;4;1.11
SSR_P;2014;720000033;720000025;NAUT;2;11;1.25
SSR_P;2014;720000033;720000025;NCINF;13;23;22.22
SSR_P;2014;720000124;720000066;M1010;1;1;1.5
SSR_P;2014;720000124;720000066;N241P;1;1;0.8
SSR_P;2014;720000124;720000066;N2450;;2;0.43
SSR_P;2014;720000124;720000066;N2460;;1;0.3
SSR_P;2014;720000124;720000066;N2500;8;6;11.04
SSR_P;2014;720000124;720000066;N2710;;1;0.05
SSR_P;2014;720000124;720000066;NCINF;7;6;8.73
SSR_P;2014;720000314;720000090;M1180;;2;1.96
SSR_P;2014;720000389;720012749;M1010;4;2;4.9
SSR_P;2014;720000389;720012749;M1150;;1;0.1
SSR_P;2014;720000389;720012749;M1320;;2;1
SSR_P;2014;720000389;720012749;N241P;1;2;0.95
SSR_P;2014;720000389;720012749;N2430;;1;0.46
SSR_P;2014;720000389;720012749;N2450;;2;0.93
SSR_P;2014;720000389;720012749;N2460;;1;0.28
SSR_P;2014;720000389;720012749;N2500;60;6;56.17
SSR_P;2014;720000389;720012749;N2710;;3;1.21
SSR_P;2014;720000389;720012749;N3120;;2;0.82
SSR_P;2014;720000389;720012749;NCINF;36;7;39.46
SSR_P;2014;720000413;720008390;M1010;1;3;3.06
SSR_P;2014;720000413;720008390;M1180;2;1;2.1
SSR_P;2014;720000413;720008390;MAUT;;3;0.6
SSR_P;2014;720000413;720008390;N241P;12;1;11.18
SSR_P;2014;720000413;720008390;N2430;1;1;1.66
SSR_P;2014;720000413;720008390;N2450;1;1;1.33
SSR_P;2014;720000413;720008390;N2460;4;1;4.7
SSR_P;2014;720000413;720008390;N2500;42;22;51.39
SSR_P;2014;720000413;720008390;N2710;1;2;2.13
SSR_P;2014;720000413;720008390;N310H;3;0;2.32
SSR_P;2014;720000413;720008390;N3120;1;3;2.69
SSR_P;2014;720000413;720008390;NCINF;31;17;41.98
SSR_P;2014;720000470;610780082;M1010;1;;1
SSR_P;2014;720000470;610780082;N2500;12;1;11.82
SSR_P;2014;720000470;610780082;NAUT;3;3;5.22
SSR_P;2014;720000470;610780082;NCINF;2;4;4.73
SSR_P;2014;720000520;720000140;M1320;1;1;1.5
SSR_P;2014;720000520;720000140;N241P;;1;0.03
SSR_P;2014;720000520;720000140;N2500;4;6;8.14
SSR_P;2014;720000520;720000140;N2710;;2;0.51
SSR_P;2014;720000520;720000140;NCINF;5;;5.53
SSR_P;2014;720000744;720000454;M1010;;1;0.46
SSR_P;2014;720000744;720000454;M1040;;1;0.09
SSR_P;2014;720000744;720000454;M1180;6;7;9.1
SSR_P;2014;720000744;720000454;M3020;;1;0.2
SSR_P;2014;720000744;720000454;MAUT;;3;0.98
SSR_P;2014;720000744;720000454;N241P;28;5;31.68
SSR_P;2014;720000744;720000454;N2430;1;5;3.64
SSR_P;2014;720000744;720000454;N2450;1;;1.04
SSR_P;2014;720000744;720000454;N2460;11;6;14.64
SSR_P;2014;720000744;720000454;N2470;;2;1.2
SSR_P;2014;720000744;720000454;N2500;58;29;73.38
SSR_P;2014;720000744;720000454;N2710;2;8;6.08
SSR_P;2014;720000744;720000454;N310H;6;7;11.02
SSR_P;2014;720000744;720000454;N3120;1;5;3.95
SSR_P;2014;720000744;720000454;NAUT;8;3;9.63
SSR_P;2014;720000744;720000454;NCINF;38;25;60.13
SSR_P;2014;720000819;720002062;M1010;1;;1
SSR_P;2014;720000819;720002062;N241P;0;3;0.4
SSR_P;2014;720000819;720002062;N2450;0;1;0.11
SSR_P;2014;720000819;720002062;N2500;4;3;4.82
SSR_P;2014;720000819;720002062;N2710;0;1;0.15
SSR_P;2014;720000819;720002062;N3120;0;1;0.33
SSR_P;2014;720000819;720002062;NAUT;0;1;0.25
SSR_P;2014;720000819;720002062;NCINF;3;3;3.62
SSR_P;2014;720001437;720006022;M1010;1;;0.88
SSR_P;2014;720001437;720006022;M1320;;1;0.16
SSR_P;2014;720001437;720006022;N241P;;1;0.15
SSR_P;2014;720001437;720006022;N2500;;20;8.93
SSR_P;2014;720001437;720006022;N2710;;1;0.2
SSR_P;2014;720001437;720006022;N3120;;1;0.26
SSR_P;2014;720001437;720006022;NAUT;;5;2.76
SSR_P;2014;720001437;720006022;NCINF;;15;6.07
SSR_P;2014;720001569;720007244;M1320;1;;1
SSR_P;2014;720001569;720007244;MAUT;;1;0.15
SSR_P;2014;720001569;720007244;N241P;;1;0.14
SSR_P;2014;720001569;720007244;N2500;8;1;7.59
SSR_P;2014;720001569;720007244;N2710;1;;1
SSR_P;2014;720001569;720007244;N3120;;2;1.02
SSR_P;2014;720001569;720007244;NAUT;23;14;30.61
SSR_P;2014;720001569;720007244;NCINF;5;5;5.87
SSR_P;2014;720012509;310020383;M1010;;4;2.6
SSR_P;2014;720012509;310020383;N241P;;5;1
SSR_P;2014;720012509;310020383;N2450;;1;0.1
SSR_P;2014;720012509;310020383;N2460;;1;0.2
SSR_P;2014;720012509;310020383;N2500;20;1;19.8
SSR_P;2014;720012509;310020383;N2710;;1;0.2
SSR_P;2014;720012509;310020383;N3120;;1;0.5
SSR_P;2014;720012509;310020383;NCINF;15;1;15.8
SSR_P;2014;720016138;720008390;M1040;;4;0.28
SSR_P;2014;720016138;720008390;M1150;;1;0.06
SSR_P;2014;720016138;720008390;M1180;1;2;2.1
SSR_P;2014;720016138;720008390;MAUT;;2;0.5
SSR_P;2014;720016138;720008390;N241P;4;2;6.11
SSR_P;2014;720016138;720008390;N2460;4;1;4.96
SSR_P;2014;720016138;720008390;N2500;2;;2.1
SSR_P;2014;720016138;720008390;N2710;;2;1.07
SSR_P;2014;720016138;720008390;N310H;2;;1.71
SSR_P;2014;720016138;720008390;NCINF;;3;2.01
SSR_P;2014;720016179;720016724;M1010;;1;1.75
SSR_P;2014;720016179;720016724;M1320;;1;0.34
SSR_P;2014;720016179;720016724;N241P;2;;1.41
SSR_P;2014;720016179;720016724;N2500;20;8;21.49
SSR_P;2014;720016179;720016724;N2710;1;;0.5
SSR_P;2014;720016179;720016724;NAUT;8;11;11.88
SSR_P;2014;720016179;720016724;NCINF;12;11;18.38
SSR_P;2014;720016823;720012749;M1010;2;;1.91
SSR_P;2014;720016823;720012749;M1140;;1;0.7
SSR_P;2014;720016823;720012749;M1150;1;0;1
SSR_P;2014;720016823;720012749;M1320;;1;0.7
SSR_P;2014;720016823;720012749;N241P;2;;2
SSR_P;2014;720016823;720012749;N2450;;3;1.2
SSR_P;2014;720016823;720012749;N2500;13;9;19.64
SSR_P;2014;720016823;720012749;N2710;;1;0.5
SSR_P;2014;720016823;720012749;N3120;1;1;1.4
SSR_P;2014;720016823;720012749;NCINF;4;9;11.32
SSR_P;2014;720018639;720000025;M1010;;0;0.62
SSR_P;2014;720018639;720000025;N2500;;;9.98
SSR_P;2014;720018639;720000025;N2710;;;0.08
SSR_P;2014;720018639;720000025;N3120;;;0.39
SSR_P;2014;720018639;720000025;NAUT;;;0.87
SSR_P;2014;720018639;720000025;NCINF;;;7.13
SSR_P;2014;730000049;730002839;M1320;2;;1.4
SSR_P;2014;730000049;730002839;N241P;1;1;1.07
SSR_P;2014;730000049;730002839;N2450;;1;0.49
SSR_P;2014;730000049;730002839;N2460;1;;1
SSR_P;2014;730000049;730002839;N2500;7;0;18.81
SSR_P;2014;730000049;730002839;N2710;0;1;0.3
SSR_P;2014;730000049;730002839;N310H;;1;0.48
SSR_P;2014;730000049;730002839;N3120;;1;0.71
SSR_P;2014;730000049;730002839;NAUT;5;3;8.74
SSR_P;2014;730000049;730002839;NCINF;7;3;15.03
SSR_P;2014;730000080;730780103;M1180;1;;1
SSR_P;2014;730000080;730780103;M1190;1;;1
SSR_P;2014;730000080;730780103;N241P;7;1;5.7
SSR_P;2014;730000080;730780103;N2460;1;1;1
SSR_P;2014;730000080;730780103;N2470;;1;0.5
SSR_P;2014;730000080;730780103;N2500;5;7;9
SSR_P;2014;730000080;730780103;NAUT;5;5;7.25
SSR_P;2014;730000080;730780103;NCINF;6;2;7.61
SSR_P;2014;730000098;730780111;M1010;1;0;1
SSR_P;2014;730000098;730780111;M1320;4;0;2
SSR_P;2014;730000098;730780111;N241P;3;0;1.14
SSR_P;2014;730000098;730780111;N2460;1;1;0.5
SSR_P;2014;730000098;730780111;N2470;0;0;0.03
SSR_P;2014;730000098;730780111;N2500;7;13;16.17
SSR_P;2014;730000098;730780111;N2710;0;1;0.5
SSR_P;2014;730000098;730780111;NAUT;5;4;7.55
SSR_P;2014;730000098;730780111;NCINF;10;2;12.12
SSR_P;2014;730000270;730780558;M1320;;2;0.36
SSR_P;2014;730000270;730780558;MAUT;;2;0.34
SSR_P;2014;730000270;730780558;N241P;;3;1.04
SSR_P;2014;730000270;730780558;N2500;25;3;27.42
SSR_P;2014;730000270;730780558;N2710;;1;0.1
SSR_P;2014;730000270;730780558;N3120;;1;0.3
SSR_P;2014;730000270;730780558;NAUT;3;3;4.67
SSR_P;2014;730000270;730780558;NCINF;10;3;11.66
SSR_P;2014;730000288;730780566;M1320;;1;0.4
SSR_P;2014;730000288;730780566;N241P;1;;0.4
SSR_P;2014;730000288;730780566;N2450;1;;0.5
SSR_P;2014;730000288;730780566;N2470;1;;0.08
SSR_P;2014;730000288;730780566;N2500;7;1;8.33
SSR_P;2014;730000288;730780566;NAUT;20;4;9.39
SSR_P;2014;730000288;730780566;NCINF;5;4;5.82
SSR_P;2014;730004298;730010048;M1010;;1;0.71
SSR_P;2014;730004298;730010048;M1180;;1;0.8
SSR_P;2014;730004298;730010048;N241P;3;;3
SSR_P;2014;730004298;730010048;N2450;;1;0.1
SSR_P;2014;730004298;730010048;N2460;1;;1
SSR_P;2014;730004298;730010048;N2500;6;;6
SSR_P;2014;730004298;730010048;N2710;;1;0.25
SSR_P;2014;730004298;730010048;N3120;;1;0.25
SSR_P;2014;730004298;730010048;NCINF;7;;7
SSR_P;2014;730780475;690029723;M1010;1;20;3.02
SSR_P;2014;730780475;690029723;M1180;;1;0.2
SSR_P;2014;730780475;690029723;MAUT;;1;0.13
SSR_P;2014;730780475;690029723;N241P;2;11;3.44
SSR_P;2014;730780475;690029723;N2430;;1;0.01
SSR_P;2014;730780475;690029723;N2450;;3;0.62
SSR_P;2014;730780475;690029723;N2500;8;18;13.89
SSR_P;2014;730780475;690029723;N2710;;1;0.5
SSR_P;2014;730780475;690029723;N310H;;1;0.5
SSR_P;2014;730780475;690029723;N3120;;3;0.97
SSR_P;2014;730780475;690029723;NAUT;1;;1
SSR_P;2014;730780475;690029723;NCINF;11;48;22.16
SSR_P;2014;730780574;730000296;M1010;0;1;0.1
SSR_P;2014;730780574;730000296;M1140;0;1;0.5
SSR_P;2014;730780574;730000296;N2450;;1;0.75
SSR_P;2014;730780574;730000296;N2710;;1;0.5
SSR_P;2014;730780574;730000296;N310H;5;;5
SSR_P;2014;730780574;730000296;N3120;;1;0.2
SSR_P;2014;730780574;730000296;NAUT;2;;2
SSR_P;2014;730780574;730000296;NCINF;5;;5
SSR_P;2014;730780681;750721334;M1180;2;;2
SSR_P;2014;730780681;750721334;M1320;;1;0.4
SSR_P;2014;730780681;750721334;M3020;;1;0.02
SSR_P;2014;730780681;750721334;MAUT;;2;0.2
SSR_P;2014;730780681;750721334;N241P;5;1;5.5
SSR_P;2014;730780681;750721334;N2430;;1;0.75
SSR_P;2014;730780681;750721334;N2460;2;2;3
SSR_P;2014;730780681;750721334;N2500;3;9;8.8
SSR_P;2014;730780681;750721334;N310H;1;;1
SSR_P;2014;730780681;750721334;N3120;;1;0.55
SSR_P;2014;730780681;750721334;NAUT;;1;0.5
SSR_P;2014;730780681;750721334;NCINF;2;13;10.6
SSR_P;2014;730780988;730002698;M1040;;4;0.4
SSR_P;2014;730780988;730002698;M1180;2;2;3.6
SSR_P;2014;730780988;730002698;N241P;15;2;16.46
SSR_P;2014;730780988;730002698;N2430;;2;1.36
SSR_P;2014;730780988;730002698;N2450;;1;0.1
SSR_P;2014;730780988;730002698;N2460;4;;4
SSR_P;2014;730780988;730002698;N2500;12;5;16.74
SSR_P;2014;730780988;730002698;N2710;;1;0.2
SSR_P;2014;730780988;730002698;N3120;;1;0.86
SSR_P;2014;730780988;730002698;NAUT;21;8;25.53
SSR_P;2014;730780988;730002698;NCINF;11;0;11
SSR_P;2014;730783552;730000015;N241P;1;;1
SSR_P;2014;730783552;730000015;N2500;22;11;28.8
SSR_P;2014;730783552;730000015;N2710;;3;1.18
SSR_P;2014;730783552;730000015;NAUT;6;4;7.72
SSR_P;2014;730783552;730000015;NCINF;28;7;30.28
SSR_P;2014;730783644;730780111;M1010;0;0;0.67
SSR_P;2014;730783644;730780111;M1180;1;2;2.01
SSR_P;2014;730783644;730780111;N241P;4;0;4.44
SSR_P;2014;730783644;730780111;N2430;1;3;1.97
SSR_P;2014;730783644;730780111;N2460;4;1;3.5
SSR_P;2014;730783644;730780111;N2500;6;4;9
SSR_P;2014;730783644;730780111;N2710;2;0;0.7
SSR_P;2014;730783644;730780111;N3120;1;0;0.3
SSR_P;2014;730783644;730780111;NAUT;4;4;7.54
SSR_P;2014;730783644;730780111;NCINF;8;4;9.77
SSR_P;2014;740000062;740780168;M1010;1;;1
SSR_P;2014;740000062;740780168;M1180;3;;3
SSR_P;2014;740000062;740780168;N241P;3;3;5.2
SSR_P;2014;740000062;740780168;N2430;;1;0.2
SSR_P;2014;740000062;740780168;N2460;1;1;1.8
SSR_P;2014;740000062;740780168;N2500;15;7;18.68
SSR_P;2014;740000062;740780168;N2710;;1;0.5
SSR_P;2014;740000062;740780168;N3120;;1;0.7
SSR_P;2014;740000062;740780168;NAUT;12;8;17.52
SSR_P;2014;740000062;740780168;NCINF;14;4;15.13
SSR_P;2014;740000278;740781182;M1010;2;1;1.19
SSR_P;2014;740000278;740781182;N241P;2;;1.7
SSR_P;2014;740000278;740781182;N2500;12;;11.6
SSR_P;2014;740000278;740781182;N2710;;1;0.04
SSR_P;2014;740000278;740781182;NAUT;2;;0.85
SSR_P;2014;740000278;740781182;NCINF;6;;4.83
SSR_P;2014;740000286;740781190;M1010;;1;0.4
SSR_P;2014;740000286;740781190;M1320;2;;0.9
SSR_P;2014;740000286;740781190;N241P;;3;1.33
SSR_P;2014;740000286;740781190;N2450;;1;0.1
SSR_P;2014;740000286;740781190;N2460;;1;0.29
SSR_P;2014;740000286;740781190;N2500;8;6;13.35
SSR_P;2014;740000286;740781190;N2710;;1;0.1
SSR_P;2014;740000286;740781190;NAUT;6;5;7.43
SSR_P;2014;740000286;740781190;NCINF;5;5;7.85
SSR_P;2014;740000294;740781208;M1040;1;3;2.4
SSR_P;2014;740000294;740781208;M1180;1;2;2.43
SSR_P;2014;740000294;740781208;N241P;1;4;4.2
SSR_P;2014;740000294;740781208;N2430;0;1;0.6
SSR_P;2014;740000294;740781208;N2460;0;1;0.6
SSR_P;2014;740000294;740781208;N2500;23;12;33.4
SSR_P;2014;740000294;740781208;N2710;1;0;1
SSR_P;2014;740000294;740781208;NCINF;9;16;19.57
SSR_P;2014;740000302;740781133;M1010;0;2;0.82
SSR_P;2014;740000302;740781133;M1040;0;1;0.83
SSR_P;2014;740000302;740781133;M1150;1;0;0.38
SSR_P;2014;740000302;740781133;N2500;5;1;6.07
SSR_P;2014;740000302;740781133;N2710;0;1;0.2
SSR_P;2014;740000302;740781133;N310H;1;0;0.77
SSR_P;2014;740000302;740781133;NAUT;2;0;2.02
SSR_P;2014;740000302;740781133;NCINF;17;3;13.54
SSR_P;2014;740004148;310021373;M1010;1;;0.76
SSR_P;2014;740004148;310021373;M1120;;2;0.05
SSR_P;2014;740004148;310021373;M1180;2;1;2.36
SSR_P;2014;740004148;310021373;M3020;;1;0.05
SSR_P;2014;740004148;310021373;N241P;9;9;12.02
SSR_P;2014;740004148;310021373;N2430;1;2;1.9
SSR_P;2014;740004148;310021373;N2450;;1;0.5
SSR_P;2014;740004148;310021373;N2460;4;4;6.13
SSR_P;2014;740004148;310021373;N2500;16;9;20.47
SSR_P;2014;740004148;310021373;N2710;1;3;2.79
SSR_P;2014;740004148;310021373;N310H;;3;1.99
SSR_P;2014;740004148;310021373;N3120;;2;1
SSR_P;2014;740004148;310021373;NAUT;12;15;18.54
SSR_P;2014;740004148;310021373;NCINF;11;10;19.03
SSR_P;2014;740011481;740781133;M1010;1;0;0.17
SSR_P;2014;740011481;740781133;M1320;0;1;0.65
SSR_P;2014;740011481;740781133;N241P;1;2;2.04
SSR_P;2014;740011481;740781133;N2460;2;0;1.07
SSR_P;2014;740011481;740781133;N2500;16;4;15.03
SSR_P;2014;740011481;740781133;N2710;2;0;0.62
SSR_P;2014;740011481;740781133;N3120;0;3;0.89
SSR_P;2014;740011481;740781133;NAUT;13;4;16.26
SSR_P;2014;740011481;740781133;NCINF;10;4;13.58
SSR_P;2014;740014519;750050924;M1010;1;;0.83
SSR_P;2014;740014519;750050924;M1150;1;;0.88
SSR_P;2014;740014519;750050924;M1180;3;1;1.63
SSR_P;2014;740014519;750050924;N241P;7;;4.29
SSR_P;2014;740014519;750050924;N2430;1;;0.75
SSR_P;2014;740014519;750050924;N2450;;1;0.19
SSR_P;2014;740014519;750050924;N2460;3;1;3.48
SSR_P;2014;740014519;750050924;N2500;15;;10.38
SSR_P;2014;740014519;750050924;N2710;;1;0.5
SSR_P;2014;740014519;750050924;N3120;1;;0.66
SSR_P;2014;740014519;750050924;NAUT;7;3;3.63
SSR_P;2014;740014519;750050924;NCINF;13;3;10.35
SSR_P;2014;740014683;740780168;M1010;1;;1
SSR_P;2014;740014683;740780168;N241P;1;;1.23
SSR_P;2014;740014683;740780168;N2500;10;;9.13
SSR_P;2014;740014683;740780168;N2710;;1;0.2
SSR_P;2014;740014683;740780168;N3120;;1;0.5
SSR_P;2014;740014683;740780168;NAUT;5;2;6.6
SSR_P;2014;740014683;740780168;NCINF;10;;8.9
SSR_P;2014;740780135;750050924;M1010;1;3;3.2
SSR_P;2014;740780135;750050924;M1150;1;;1
SSR_P;2014;740780135;750050924;M1180;2;1;2.5
SSR_P;2014;740780135;750050924;N241P;22;5;20.42
SSR_P;2014;740780135;750050924;N2430;3;1;2.43
SSR_P;2014;740780135;750050924;N2450;1;;1
SSR_P;2014;740780135;750050924;N2460;8;1;6.23
SSR_P;2014;740780135;750050924;N2500;25;10;22.62
SSR_P;2014;740780135;750050924;N2710;1;1;0.7
SSR_P;2014;740780135;750050924;N310H;1;;0.75
SSR_P;2014;740780135;750050924;N3120;1;;1
SSR_P;2014;740780135;750050924;NAUT;5;2;5.18
SSR_P;2014;740780135;750050924;NCINF;39;3;33.42
SSR_P;2014;740780143;750005068;M1010;7;;3.72
SSR_P;2014;740780143;750005068;M1070;;1;0.06
SSR_P;2014;740780143;750005068;M1180;2;1;1.95
SSR_P;2014;740780143;750005068;MAUT;;1;0.88
SSR_P;2014;740780143;750005068;N241P;8;3;9.63
SSR_P;2014;740780143;750005068;N2430;;1;0.53
SSR_P;2014;740780143;750005068;N2450;1;2;1.71
SSR_P;2014;740780143;750005068;N2460;2;3;3.52
SSR_P;2014;740780143;750005068;N2500;35;4;32.71
SSR_P;2014;740780143;750005068;N2710;1;2;1.86
SSR_P;2014;740780143;750005068;N310H;1;;1.2
SSR_P;2014;740780143;750005068;N3120;2;;1.48
SSR_P;2014;740780143;750005068;NCINF;30;7;30.16
SSR_P;2014;740780176;310021373;M1010;3;2;3.89
SSR_P;2014;740780176;310021373;M3020;;1;0.1
SSR_P;2014;740780176;310021373;N241P;3;;3
SSR_P;2014;740780176;310021373;N2450;1;;1
SSR_P;2014;740780176;310021373;N2500;27;;27.47
SSR_P;2014;740780176;310021373;N2710;1;2;2.29
SSR_P;2014;740780176;310021373;N3120;1;1;1.09
SSR_P;2014;740780176;310021373;NAUT;;1;0.49
SSR_P;2014;740780176;310021373;NCINF;16;;17.22
SSR_P;2014;740780952;740000179;M1010;1;4;3.6
SSR_P;2014;740780952;740000179;M3020;0;1;0.8
SSR_P;2014;740780952;740000179;N241P;1;4;3.83
SSR_P;2014;740780952;740000179;N2430;0;1;0.01
SSR_P;2014;740780952;740000179;N2450;0;1;0.17
SSR_P;2014;740780952;740000179;N2500;15;4;18.25
SSR_P;2014;740780952;740000179;N2710;0;1;0.4
SSR_P;2014;740780952;740000179;N3120;0;1;0.4
SSR_P;2014;740780952;740000179;NAUT;7;11;15.25
SSR_P;2014;740780952;740000179;NCINF;10;11;17.25
SSR_P;2014;740780986;740000195;M1180;0;5;3.19
SSR_P;2014;740780986;740000195;M1320;1;3;3.2
SSR_P;2014;740780986;740000195;MAUT;1;2;1.17
SSR_P;2014;740780986;740000195;N241P;2;9;5.5
SSR_P;2014;740780986;740000195;N2430;;1;0.05
SSR_P;2014;740780986;740000195;N2450;;1;0.69
SSR_P;2014;740780986;740000195;N2460;;1;0.2
SSR_P;2014;740780986;740000195;N2500;23;30;46.64
SSR_P;2014;740780986;740000195;N2710;;1;0.4
SSR_P;2014;740780986;740000195;N3120;;1;0.69
SSR_P;2014;740780986;740000195;NAUT;36;20;77.02
SSR_P;2014;740780986;740000195;NCINF;26;21;42.26
SSR_P;2014;740781166;740001839;M1010;1;1;2.08
SSR_P;2014;740781166;740001839;MAUT;;;0.05
SSR_P;2014;740781166;740001839;N241P;1;1;1.91
SSR_P;2014;740781166;740001839;N2500;15;7;20.48
SSR_P;2014;740781166;740001839;N2710;;;0.86
SSR_P;2014;740781166;740001839;N3120;1;;0.75
SSR_P;2014;740781166;740001839;NAUT;7;5;9.03
SSR_P;2014;740781166;740001839;NCINF;11;3;13.12
SSR_P;2014;750000499;750140014;M1180;3;;2.5
SSR_P;2014;750000499;750140014;N241P;2;1;4.16
SSR_P;2014;750000499;750140014;N2430;0;2;2.1
SSR_P;2014;750000499;750140014;N2460;2;0;2
SSR_P;2014;750000499;750140014;N2500;9;0;9.65
SSR_P;2014;750000499;750140014;N2710;0;1;0.25
SSR_P;2014;750000499;750140014;N310H;1;0;0.46
SSR_P;2014;750000499;750140014;N3120;0;0;0.04
SSR_P;2014;750000499;750140014;NAUT;5;0;4.32
SSR_P;2014;750000499;750140014;NCINF;10;0;8.33
SSR_P;2014;750000507;750040628;M1180;5;;5.4
SSR_P;2014;750003378;310021191;M1010;2;1;3.17
SSR_P;2014;750003378;310021191;M1180;;1;0.5
SSR_P;2014;750003378;310021191;M1320;1;;1
SSR_P;2014;750003378;310021191;N241P;4;;4
SSR_P;2014;750003378;310021191;N2460;;1;0.5
SSR_P;2014;750003378;310021191;N2470;;1;0.5
SSR_P;2014;750003378;310021191;N2500;38;4;40.6
SSR_P;2014;750003378;310021191;N2710;;2;1
SSR_P;2014;750003378;310021191;N3120;1;;1
SSR_P;2014;750003378;310021191;NAUT;19;3;20.7
SSR_P;2014;750003378;310021191;NCINF;18;4;20.63
SSR_P;2014;750014128;750014078;M1010;4;1;3.5
SSR_P;2014;750014128;750014078;M1040;;1;0.3
SSR_P;2014;750014128;750014078;M1120;1;;1
SSR_P;2014;750014128;750014078;M1180;1;;1
SSR_P;2014;750014128;750014078;M1320;1;;1
SSR_P;2014;750014128;750014078;MAUT;;9;3.54
SSR_P;2014;750014128;750014078;N241P;11;;11
SSR_P;2014;750014128;750014078;N2430;1;1;1.5
SSR_P;2014;750014128;750014078;N2450;1;;1
SSR_P;2014;750014128;750014078;N2460;3;;3
SSR_P;2014;750014128;750014078;N2470;1;;1
SSR_P;2014;750014128;750014078;N2500;35;1;35.69
SSR_P;2014;750014128;750014078;N2710;1;1;1.8
SSR_P;2014;750014128;750014078;N3120;1;;1
SSR_P;2014;750014128;750014078;NCINF;20;2;21.69
SSR_P;2014;750014169;750043994;M1010;12;;4.2
SSR_P;2014;750014169;750043994;M1320;2;;2
SSR_P;2014;750014169;750043994;MAUT;2;;1.5
SSR_P;2014;750014169;750043994;N241P;4;;3.8
SSR_P;2014;750014169;750043994;N2450;1;;0.4
SSR_P;2014;750014169;750043994;N2460;1;;1
SSR_P;2014;750014169;750043994;N2500;33;;33
SSR_P;2014;750014169;750043994;N2710;1;;1
SSR_P;2014;750014169;750043994;N3120;1;;1
SSR_P;2014;750014169;750043994;NAUT;1;;1
SSR_P;2014;750014169;750043994;NCINF;20;;19
SSR_P;2014;750032229;750827933;M1010;;2;1.15
SSR_P;2014;750032229;750827933;M1140;;1;0.2
SSR_P;2014;750032229;750827933;M3020;;2;1.35
SSR_P;2014;750032229;750827933;MAUT;;3;0.8
SSR_P;2014;750032229;750827933;N2470;;1;0.6
SSR_P;2014;750032229;750827933;N2500;10;;10
SSR_P;2014;750032229;750827933;N2710;;3;2
SSR_P;2014;750032229;750827933;N310H;4;;4
SSR_P;2014;750032229;750827933;N3120;;2;1.3
SSR_P;2014;750032229;750827933;NAUT;7;;4
SSR_P;2014;750032229;750827933;NCINF;7;8;11
SSR_P;2014;750038739;750043994;M1010;1;;1
SSR_P;2014;750038739;750043994;M1180;2;;2
SSR_P;2014;750038739;750043994;M1320;2;;2
SSR_P;2014;750038739;750043994;N241P;12;;12
SSR_P;2014;750038739;750043994;N2430;;1;0.5
SSR_P;2014;750038739;750043994;N2450;;1;0.5
SSR_P;2014;750038739;750043994;N2460;2;;2
SSR_P;2014;750038739;750043994;N2500;22;2;23.06
SSR_P;2014;750038739;750043994;N2710;1;;1
SSR_P;2014;750038739;750043994;N3120;1;;1
SSR_P;2014;750038739;750043994;NAUT;13;;13
SSR_P;2014;750038739;750043994;NCINF;15;3;17.03
SSR_P;2014;750041543;750712184;M1120;0;1;0.4
SSR_P;2014;750041543;750712184;M1180;0;1;0.1
SSR_P;2014;750041543;750712184;M1320;0;6;5.7
SSR_P;2014;750041543;750712184;M3020;0;1;0.4
SSR_P;2014;750041543;750712184;N241P;0;6;3.9
SSR_P;2014;750041543;750712184;N2430;0;2;1.3
SSR_P;2014;750041543;750712184;N2450;0;2;0.8
SSR_P;2014;750041543;750712184;N2460;0;5;1.9
SSR_P;2014;750041543;750712184;N2470;0;3;2
SSR_P;2014;750041543;750712184;N2500;48;4;50
SSR_P;2014;750041543;750712184;N2710;0;5;3
SSR_P;2014;750041543;750712184;N3120;0;4;2.6
SSR_P;2014;750041543;750712184;NAUT;6;5;9.6
SSR_P;2014;750041543;750712184;NCINF;30;8;33.25
SSR_P;2014;750042830;750710428;M1320;2;2;3
SSR_P;2014;750042830;750710428;MAUT;;2;0.2
SSR_P;2014;750042830;750710428;N241P;3;;3.5
SSR_P;2014;750042830;750710428;N2450;;1;0.52
SSR_P;2014;750042830;750710428;N2460;1;;0.7
SSR_P;2014;750042830;750710428;N2470;1;;0.5
SSR_P;2014;750042830;750710428;N2500;25;3;28.7
SSR_P;2014;750042830;750710428;N2710;;2;0.9
SSR_P;2014;750042830;750710428;N3120;1;;1
SSR_P;2014;750042830;750710428;NAUT;10;2;12.05
SSR_P;2014;750042830;750710428;NCINF;15;;15.75
SSR_P;2014;750047128;750047110;M1010;1;;1
SSR_P;2014;750047128;750047110;M1180;2;;2
SSR_P;2014;750047128;750047110;M1320;2;;2
SSR_P;2014;750047128;750047110;N241P;10;;10
SSR_P;2014;750047128;750047110;N2430;2;;1.3
SSR_P;2014;750047128;750047110;N2450;1;;0.4
SSR_P;2014;750047128;750047110;N2460;3;;3
SSR_P;2014;750047128;750047110;N2500;29;;29
SSR_P;2014;750047128;750047110;N2710;1;;1
SSR_P;2014;750047128;750047110;N3120;1;;1
SSR_P;2014;750047128;750047110;NCINF;21;;21
SSR_P;2014;750049561;750049553;M1010;2;1;2.6
SSR_P;2014;750049561;750049553;M3020;;1;0.01
SSR_P;2014;750049561;750049553;N2470;0;2;1.58
SSR_P;2014;750049561;750049553;N2500;4;1;4.43
SSR_P;2014;750049561;750049553;N2710;1;2;2
SSR_P;2014;750049561;750049553;N310H;2;0;2
SSR_P;2014;750049561;750049553;N3120;1;;1
SSR_P;2014;750049561;750049553;NAUT;4;1;4.4
SSR_P;2014;750049561;750049553;NCINF;8;1;8.43
SSR_P;2014;750100042;750712184;M1180;3;3;4.2
SSR_P;2014;750100042;750712184;M1190;1;1;0.5
SSR_P;2014;750100042;750712184;M1320;3;;3.7
SSR_P;2014;750100042;750712184;N241P;11;1;11.4
SSR_P;2014;750100042;750712184;N2430;5;;5
SSR_P;2014;750100042;750712184;N2450;;2;0.5
SSR_P;2014;750100042;750712184;N2460;5;1;5.2
SSR_P;2014;750100042;750712184;N2500;26;3;28.6
SSR_P;2014;750100042;750712184;N2710;2;1;2.5
SSR_P;2014;750100042;750712184;N3120;4;;3.1
SSR_P;2014;750100042;750712184;NAUT;3;;3
SSR_P;2014;750100042;750712184;NCINF;50;1;52.3
SSR_P;2014;750100083;750712184;M1040;0;1;0.5
SSR_P;2014;750100083;750712184;M1180;8;6;7.4
SSR_P;2014;750100083;750712184;MAUT;0;1;0.1
SSR_P;2014;750100083;750712184;N241P;25;2;21.93
SSR_P;2014;750100083;750712184;N2430;2;4;4.6
SSR_P;2014;750100083;750712184;N2450;2;0;2
SSR_P;2014;750100083;750712184;N2460;16;2;13.49
SSR_P;2014;750100083;750712184;N2470;4;0;4
SSR_P;2014;750100083;750712184;N2500;122;12;123.95
SSR_P;2014;750100083;750712184;N2710;4;3;5.07
SSR_P;2014;750100083;750712184;N310H;2;0;2
SSR_P;2014;750100083;750712184;N3120;3;0;3
SSR_P;2014;750100083;750712184;NAUT;13;1;13.36
SSR_P;2014;750100083;750712184;NCINF;85;10;86.34
SSR_P;2014;750100109;750712184;M1120;0;1;0.6
SSR_P;2014;750100109;750712184;M1180;0;1;0.6
SSR_P;2014;750100109;750712184;MAUT;3;0;3
SSR_P;2014;750100109;750712184;N241P;2;1;1.92
SSR_P;2014;750100109;750712184;N2430;0;1;0.24
SSR_P;2014;750100109;750712184;N2450;1;0;0.98
SSR_P;2014;750100109;750712184;N2460;2;0;0.92
SSR_P;2014;750100109;750712184;N2470;3;1;1.86
SSR_P;2014;750100109;750712184;N2500;71;11;81.64
SSR_P;2014;750100109;750712184;N2710;1;0;1
SSR_P;2014;750100109;750712184;N310H;2;1;1.86
SSR_P;2014;750100109;750712184;N3120;3;0;3
SSR_P;2014;750100109;750712184;NAUT;21;10;31.27
SSR_P;2014;750100109;750712184;NCINF;22;6;22.27
SSR_P;2014;750100125;750712184;M1120;1;3;2
SSR_P;2014;750100125;750712184;M1150;2;4;3.43
SSR_P;2014;750100125;750712184;M1180;1;1;1.5
SSR_P;2014;750100125;750712184;N241P;5;;5
SSR_P;2014;750100125;750712184;N2430;1;1;1.5
SSR_P;2014;750100125;750712184;N2450;;1;0.4
SSR_P;2014;750100125;750712184;N2460;4;;4
SSR_P;2014;750100125;750712184;N2500;40;4;43.4
SSR_P;2014;750100125;750712184;N2710;1;2;2.1
SSR_P;2014;750100125;750712184;N3120;1;;1
SSR_P;2014;750100125;750712184;NCINF;25;;25
SSR_P;2014;750100166;750712184;M1180;1;;1
SSR_P;2014;750100166;750712184;N241P;6;;6
SSR_P;2014;750100166;750712184;N2460;2;;2
SSR_P;2014;750100166;750712184;N2500;1;;1
SSR_P;2014;750100166;750712184;NAUT;2;;2
SSR_P;2014;750100216;750712184;M1320;7;5;9.14
SSR_P;2014;750100216;750712184;N241P;5;4;10
SSR_P;2014;750100216;750712184;N2430;1;3;4
SSR_P;2014;750100216;750712184;N2450;2;1;3
SSR_P;2014;750100216;750712184;N2460;6;2;7.5
SSR_P;2014;750100216;750712184;N2470;3;0;3
SSR_P;2014;750100216;750712184;N2500;78;7;78.52
SSR_P;2014;750100216;750712184;NAUT;9;1;9.25
SSR_P;2014;750100216;750712184;NCINF;40;5;41.5
SSR_P;2014;750100232;750712184;M1180;0;3;1.4
SSR_P;2014;750100232;750712184;M1320;2;0;2
SSR_P;2014;750100232;750712184;MAUT;1;2;1.6
SSR_P;2014;750100232;750712184;N241P;4;2;4.8
SSR_P;2014;750100232;750712184;N2430;0;2;1
SSR_P;2014;750100232;750712184;N2450;0;1;0.5
SSR_P;2014;750100232;750712184;N2460;3;0;3
SSR_P;2014;750100232;750712184;N2500;19;1;19.9
SSR_P;2014;750100232;750712184;N2710;0;2;1
SSR_P;2014;750100232;750712184;N3120;1;2;2
SSR_P;2014;750100232;750712184;NAUT;0;2;1.4
SSR_P;2014;750100232;750712184;NCINF;21;3;21
SSR_P;2014;750100299;750712184;M1320;7;3;8
SSR_P;2014;750100299;750712184;N2500;62;15;69.58
SSR_P;2014;750100299;750712184;N2710;;;2.23
SSR_P;2014;750100299;750712184;NAUT;8;0;10.65
SSR_P;2014;750100299;750712184;NCINF;36;7;43.18
SSR_P;2014;750150088;750000515;M1010;1;;1.37
SSR_P;2014;750150088;750000515;M1180;2;;1.89
SSR_P;2014;750150088;750000515;MAUT;;4;0.75
SSR_P;2014;750150088;750000515;N241P;6;3;7.72
SSR_P;2014;750150088;750000515;N2460;1;1;1.46
SSR_P;2014;750150088;750000515;N2500;14;2;15.31
SSR_P;2014;750150088;750000515;N3120;;1;0.6
SSR_P;2014;750150088;750000515;NAUT;14;9;18.71
SSR_P;2014;750150088;750000515;NCINF;11;5;12.62
SSR_P;2014;750150146;750720609;M1320;;4;1.45
SSR_P;2014;750150146;750720609;N241P;1;;1
SSR_P;2014;750150146;750720609;N2500;9;;7.5
SSR_P;2014;750150146;750720609;N2710;;1;0.33
SSR_P;2014;750150146;750720609;N3120;;2;0.44
SSR_P;2014;750150146;750720609;NAUT;8;0;7.89
SSR_P;2014;750150146;750720609;NCINF;8;1;6.5
SSR_P;2014;750150252;750720575;M1010;1;8;5.3
SSR_P;2014;750150252;750720575;M1070;;1;0.3
SSR_P;2014;750150252;750720575;M1140;;2;1.6
SSR_P;2014;750150252;750720575;M1150;2;2;0.86
SSR_P;2014;750150252;750720575;M1180;2;3;2.9
SSR_P;2014;750150252;750720575;M3020;1;;0.9
SSR_P;2014;750150252;750720575;MAUT;2;1;1.66
SSR_P;2014;750150252;750720575;N241P;15;1;13.34
SSR_P;2014;750150252;750720575;N2430;;2;1.1
SSR_P;2014;750150252;750720575;N2450;2;;2.38
SSR_P;2014;750150252;750720575;N2460;3;;3
SSR_P;2014;750150252;750720575;N2710;1;5;2.88
SSR_P;2014;750150252;750720575;N310H;3;;3
SSR_P;2014;750150252;750720575;N3120;3;1;2.57
SSR_P;2014;750150286;750015968;M1010;14;3;5.62
SSR_P;2014;750150286;750015968;M1320;1;;1
SSR_P;2014;750150286;750015968;M1330;;2;0.6
SSR_P;2014;750150286;750015968;M3020;;1;0.09
SSR_P;2014;750150286;750015968;N241P;10;;6.21
SSR_P;2014;750150286;750015968;N2450;1;2;1.28
SSR_P;2014;750150286;750015968;N2460;;1;0.12
SSR_P;2014;750150286;750015968;N2470;;1;0.5
SSR_P;2014;750150286;750015968;N2500;32;21;33.53
SSR_P;2014;750150286;750015968;N2710;;3;1.7
SSR_P;2014;750150286;750015968;N3120;1;2;2.26
SSR_P;2014;750150286;750015968;NAUT;2;1;2.5
SSR_P;2014;750150286;750015968;NCINF;6;24;40.47
SSR_P;2014;750150310;750806853;MAUT;1;;1
SSR_P;2014;750150310;750806853;N241P;;1;0.37
SSR_P;2014;750150310;750806853;N2450;1;;0.12
SSR_P;2014;750150310;750806853;N2500;6;1;6.3
SSR_P;2014;750150310;750806853;N2710;;1;0.2
SSR_P;2014;750150310;750806853;N3120;1;;0.2
SSR_P;2014;750150310;750806853;NAUT;1;1;1.85
SSR_P;2014;750150310;750806853;NCINF;5;1;5.13
SSR_P;2014;750150377;750721334;M1190;1;;1
SSR_P;2014;750150377;750721334;M1320;2;3;3.22
SSR_P;2014;750150377;750721334;N241P;2;;1.56
SSR_P;2014;750150377;750721334;N2450;1;;0.32
SSR_P;2014;750150377;750721334;N2460;1;;0.33
SSR_P;2014;750150377;750721334;N2500;18;4;19.46
SSR_P;2014;750150377;750721334;N2710;1;;0.39
SSR_P;2014;750150377;750721334;N310H;1;;1
SSR_P;2014;750150377;750721334;N3120;1;;0.6
SSR_P;2014;750150377;750721334;NAUT;2;;1.24
SSR_P;2014;750150377;750721334;NCINF;10;2;11.09
SSR_P;2014;750300360;750026569;M1010;2;;2
SSR_P;2014;750300360;750026569;M1180;2;;2
SSR_P;2014;750300360;750026569;MAUT;0;1;0.75
SSR_P;2014;750300360;750026569;N241P;6;;6
SSR_P;2014;750300360;750026569;N2450;;1;0.5
SSR_P;2014;750300360;750026569;N2460;1;;1
SSR_P;2014;750300360;750026569;N2500;13;;13
SSR_P;2014;750300360;750026569;N2710;1;;1
SSR_P;2014;750300360;750026569;N3120;;1;0.35
SSR_P;2014;750300360;750026569;NAUT;3;;3
SSR_P;2014;750300360;750026569;NCINF;14;3;16
SSR_P;2014;750300766;750056145;M1040;;4;2.37
SSR_P;2014;750300766;750056145;M1070;0;1;0.11
SSR_P;2014;750300766;750056145;N241P;2;0;2
SSR_P;2014;750300766;750056145;N2450;0;1;0.5
SSR_P;2014;750300766;750056145;N2500;4;0;4
SSR_P;2014;750300766;750056145;N2710;0;1;0.5
SSR_P;2014;750300766;750056145;NCINF;4;1;5.86
SSR_P;2014;750700015;750720609;M1040;;4;2.06
SSR_P;2014;750700015;750720609;M1070;;1;0.2
SSR_P;2014;750700015;750720609;M1180;1;3;3.36
SSR_P;2014;750700015;750720609;MAUT;;2;0.3
SSR_P;2014;750700015;750720609;N241P;20;1;20.5
SSR_P;2014;750700015;750720609;N2430;;2;1
SSR_P;2014;750700015;750720609;N2450;;1;0.5
SSR_P;2014;750700015;750720609;N2460;3;;3
SSR_P;2014;750700015;750720609;N2500;1;;1
SSR_P;2014;750700015;750720609;N2710;;3;1.13
SSR_P;2014;750700015;750720609;N3120;;1;0.3
SSR_P;2014;750700015;750720609;NCINF;2;1;2.8
SSR_P;2014;750801441;750712184;M1010;;8;0.45
SSR_P;2014;750801441;750712184;M1040;;1;0.1
SSR_P;2014;750801441;750712184;M1120;;1;0.6
SSR_P;2014;750801441;750712184;M1180;;1;0.2
SSR_P;2014;750801441;750712184;M1320;1;17;8.1
SSR_P;2014;750801441;750712184;M3020;;1;0.1
SSR_P;2014;750801441;750712184;N241P;5;;6.31
SSR_P;2014;750801441;750712184;N2430;2;;1.66
SSR_P;2014;750801441;750712184;N2450;;8;2.07
SSR_P;2014;750801441;750712184;N2460;4;;2.95
SSR_P;2014;750801441;750712184;N2470;1;1;1.95
SSR_P;2014;750801441;750712184;N2500;59;29;70.38
SSR_P;2014;750801441;750712184;N2710;1;4;3.53
SSR_P;2014;750801441;750712184;N3120;5;;2.8
SSR_P;2014;750801441;750712184;NAUT;18;;17.67
SSR_P;2014;750801441;750712184;NCINF;48;18;49.82
SSR_P;2014;750808578;750813032;M1010;;3;0.55
SSR_P;2014;750808578;750813032;M1120;;1;0.25
SSR_P;2014;750808578;750813032;M1180;2;2;3.6
SSR_P;2014;750808578;750813032;M1320;;1;0.75
SSR_P;2014;750808578;750813032;M3020;;1;0.5
SSR_P;2014;750808578;750813032;N241P;12;1;12.8
SSR_P;2014;750808578;750813032;N2430;2;1;2.8
SSR_P;2014;750808578;750813032;N2460;4;4;7.3
SSR_P;2014;750808578;750813032;N2470;;2;1
SSR_P;2014;750808578;750813032;N2500;26;3;28.4
SSR_P;2014;750808578;750813032;N2710;1;1;1.5
SSR_P;2014;750808578;750813032;N3120;1;1;1.5
SSR_P;2014;750808578;750813032;NAUT;10;6;14.7
SSR_P;2014;750808578;750813032;NCINF;24;5;27.55
SSR_P;2014;750825184;950000760;M1180;5;1;5.55
SSR_P;2014;750825184;950000760;N241P;14;4;16
SSR_P;2014;750825184;950000760;N2430;;2;1
SSR_P;2014;750825184;950000760;N2460;5;;5
SSR_P;2014;750825184;950000760;N2500;1;;1
SSR_P;2014;750825184;950000760;N2710;;1;0.6
SSR_P;2014;750825184;950000760;N310H;1;;1
SSR_P;2014;750825184;950000760;N3120;;1;0.5
SSR_P;2014;750825184;950000760;NAUT;17;4;18.88
SSR_P;2014;750825184;950000760;NCINF;1;;1
SSR_P;2014;760000018;760780023;M1010;2;;1.35
SSR_P;2014;760000018;760780023;M1040;;1;0.4
SSR_P;2014;760000018;760780023;M1320;1;;1
SSR_P;2014;760000018;760780023;MAUT;1;;1
SSR_P;2014;760000018;760780023;N241P;1;3;4.59
SSR_P;2014;760000018;760780023;N2450;0;1;0.05
SSR_P;2014;760000018;760780023;N2460;2;0;1.87
SSR_P;2014;760000018;760780023;N2500;42;13;47.03
SSR_P;2014;760000018;760780023;N310H;1;0;0.27
SSR_P;2014;760000018;760780023;N3120;2;0;1
SSR_P;2014;760000018;760780023;NAUT;12;4;9.59
SSR_P;2014;760000018;760780023;NCINF;20;11;25.41
SSR_P;2014;760000026;760780031;N241P;1;;1
SSR_P;2014;760000026;760780031;N2450;;1;0.02
SSR_P;2014;760000026;760780031;N2500;6;4;9.44
SSR_P;2014;760000026;760780031;N3120;;1;0.5
SSR_P;2014;760000026;760780031;NAUT;18;5;4.95
SSR_P;2014;760000026;760780031;NCINF;3;6;7.27
SSR_P;2014;760000034;760780049;M1320;1;;1
SSR_P;2014;760000034;760780049;N241P;;1;0.6
SSR_P;2014;760000034;760780049;N2460;;1;0.86
SSR_P;2014;760000034;760780049;N2710;;1;0.1
SSR_P;2014;760000034;760780049;N3120;;1;0.5
SSR_P;2014;760000034;760780049;NCINF;8;;8
SSR_P;2014;760000042;760780056;M1320;1;1;0.7
SSR_P;2014;760000042;760780056;N241P;1;;1
SSR_P;2014;760000042;760780056;N2500;5;7;10.6
SSR_P;2014;760000042;760780056;NAUT;3;2;4.6
SSR_P;2014;760000042;760780056;NCINF;9;;9
SSR_P;2014;760000059;760780064;M1010;1;;0.25
SSR_P;2014;760000059;760780064;M1320;1;;1
SSR_P;2014;760000059;760780064;N241P;3;;2
SSR_P;2014;760000059;760780064;N2460;1;;0.25
SSR_P;2014;760000059;760780064;N2500;7;;7
SSR_P;2014;760000059;760780064;N2710;1;;0.44
SSR_P;2014;760000059;760780064;N3120;1;;0.5
SSR_P;2014;760000059;760780064;NAUT;3;;2
SSR_P;2014;760000059;760780064;NCINF;4;;3
SSR_P;2014;760000133;760780213;M1010;1;2;1.6
SSR_P;2014;760000133;760780213;M1320;;1;0.95
SSR_P;2014;760000133;760780213;N241P;1;1;1.5
SSR_P;2014;760000133;760780213;N2450;;1;0.15
SSR_P;2014;760000133;760780213;N2460;;1;0.8
SSR_P;2014;760000133;760780213;N2500;20;6;25.75
SSR_P;2014;760000133;760780213;N2710;;1;0.75
SSR_P;2014;760000133;760780213;N310H;1;1;1.25
SSR_P;2014;760000133;760780213;NAUT;1;1;1.3
SSR_P;2014;760000133;760780213;NCINF;9;5;12.7
SSR_P;2014;760000141;760780239;M1010;1;;1.05
SSR_P;2014;760000141;760780239;M1320;3;;1.7
SSR_P;2014;760000141;760780239;N241P;1;1;1.11
SSR_P;2014;760000141;760780239;N2430;1;;0.4
SSR_P;2014;760000141;760780239;N2450;1;;0.4
SSR_P;2014;760000141;760780239;N2460;;1;0.8
SSR_P;2014;760000141;760780239;N2500;15;13;23.82
SSR_P;2014;760000141;760780239;NAUT;8;3;9.18
SSR_P;2014;760000141;760780239;NCINF;16;6;17.83
SSR_P;2014;760000174;760780254;MAUT;1;3;1.13
SSR_P;2014;760000174;760780254;N241P;1;;0.13
SSR_P;2014;760000174;760780254;N2450;;1;0.17
SSR_P;2014;760000174;760780254;N2500;4;2;4.57
SSR_P;2014;760000174;760780254;N2710;1;1;0.6
SSR_P;2014;760000174;760780254;N3120;1;;0.4
SSR_P;2014;760000174;760780254;NAUT;15;2;2.63
SSR_P;2014;760000174;760780254;NCINF;13;12;7.34
SSR_P;2014;760000182;760780262;M1140;;1;0.3
SSR_P;2014;760000182;760780262;NCINF;;1;0.8
SSR_P;2014;760000356;760780726;M1180;4;1;2.82
SSR_P;2014;760000356;760780726;M1320;4;;3.1
SSR_P;2014;760000356;760780726;N241P;2;3;3.8
SSR_P;2014;760000356;760780726;N2430;0;1;0.42
SSR_P;2014;760000356;760780726;N2450;0;1;0.2
SSR_P;2014;760000356;760780726;N2460;1;1;1.34
SSR_P;2014;760000356;760780726;N2500;38;9;40.36
SSR_P;2014;760000356;760780726;N2710;1;0;0.81
SSR_P;2014;760000356;760780726;N310H;2;1;1.54
SSR_P;2014;760000356;760780726;N3120;0;0;0.83
SSR_P;2014;760000356;760780726;NAUT;17;8;15.26
SSR_P;2014;760000356;760780726;NCINF;24;17;30.92
SSR_P;2014;760000364;760780734;M1010;1;0;1
SSR_P;2014;760000364;760780734;M1320;2;0;1.7
SSR_P;2014;760000364;760780734;N2500;32;6;36.61
SSR_P;2014;760000364;760780734;N2710;1;0;0.9
SSR_P;2014;760000364;760780734;N3120;1;0;1
SSR_P;2014;760000364;760780734;NAUT;3;8;8.86
SSR_P;2014;760000364;760780734;NCINF;19;4;20.61
SSR_P;2014;760000380;760780759;M1010;;8;0.25
SSR_P;2014;760000380;760780759;MAUT;;1;0.3
SSR_P;2014;760000380;760780759;N241P;;2;0.65
SSR_P;2014;760000380;760780759;N2450;;1;0.1
SSR_P;2014;760000380;760780759;N2460;1;;1
SSR_P;2014;760000380;760780759;N2470;1;;0.5
SSR_P;2014;760000380;760780759;N2500;8;6;12
SSR_P;2014;760000380;760780759;N2710;;1;0.1
SSR_P;2014;760000380;760780759;N3120;;1;0.2
SSR_P;2014;760000380;760780759;NAUT;;1;0.35
SSR_P;2014;760000380;760780759;NCINF;8;1;7.25
SSR_P;2014;760000398;760780742;M1010;1;;1
SSR_P;2014;760000398;760780742;M1320;;;0.75
SSR_P;2014;760000398;760780742;N241P;;1;0.7
SSR_P;2014;760000398;760780742;N2450;;1;0.1
SSR_P;2014;760000398;760780742;N2500;13;5;16
SSR_P;2014;760000398;760780742;N3120;1;;0.8
SSR_P;2014;760000398;760780742;NAUT;6;5;9.5
SSR_P;2014;760000398;760780742;NCINF;9;5;10.8
SSR_P;2014;760000463;760024042;M1320;0;2;1
SSR_P;2014;760000463;760024042;N2450;;1;0.02
SSR_P;2014;760000463;760024042;NCINF;;1;0.06
SSR_P;2014;760000620;760782227;M1320;2;;1.5
SSR_P;2014;760000620;760782227;MAUT;1;2;1.41
SSR_P;2014;760000620;760782227;N241P;5;;2.27
SSR_P;2014;760000620;760782227;N2450;;1;0.29
SSR_P;2014;760000620;760782227;N2460;1;1;0.32
SSR_P;2014;760000620;760782227;N2500;26;5;29.08
SSR_P;2014;760000620;760782227;N2710;1;;0.4
SSR_P;2014;760000620;760782227;N3120;1;;0.4
SSR_P;2014;760000620;760782227;NAUT;6;8;10.38
SSR_P;2014;760000620;760782227;NCINF;14;1;12.85
SSR_P;2014;760000802;760782425;M1320;;3;1.86
SSR_P;2014;760000802;760782425;N241P;;2;0.77
SSR_P;2014;760000802;760782425;N2450;;1;0.4
SSR_P;2014;760000802;760782425;N2460;;1;0.33
SSR_P;2014;760000802;760782425;N2470;;1;0.13
SSR_P;2014;760000802;760782425;N2500;12;11;16.2
SSR_P;2014;760000802;760782425;N2710;;1;0.5
SSR_P;2014;760000802;760782425;N3120;;1;0.86
SSR_P;2014;760000802;760782425;NAUT;;51;11.8
SSR_P;2014;760000802;760782425;NCINF;6;7;8
SSR_P;2014;760017079;760017038;M1180;3;0;3
SSR_P;2014;760017079;760017038;N241P;7;;7
SSR_P;2014;760017079;760017038;N2430;;1;0.33
SSR_P;2014;760017079;760017038;N2450;;1;0.5
SSR_P;2014;760017079;760017038;N2460;3;;3
SSR_P;2014;760017079;760017038;N2500;9;9;12.34
SSR_P;2014;760017079;760017038;N2710;;1;0.5
SSR_P;2014;760017079;760017038;N3120;;1;0.3
SSR_P;2014;760017079;760017038;NAUT;3;;3
SSR_P;2014;760017079;760017038;NCINF;8;7;12.23
SSR_P;2014;760021329;760000448;M1040;1;;1
SSR_P;2014;760021329;760000448;N241P;1;;1
SSR_P;2014;760021329;760000448;N2450;;1;0.2
SSR_P;2014;760021329;760000448;N2710;;1;0.2
SSR_P;2014;760021329;760000448;N310H;;3;0.71
SSR_P;2014;760021329;760000448;N3120;;1;0.2
SSR_P;2014;760021329;760000448;NCINF;;5;1.99
SSR_P;2014;760027292;760027300;M1010;;2;1
SSR_P;2014;760027292;760027300;N2430;;4;1
SSR_P;2014;760027292;760027300;N2450;;1;0.26
SSR_P;2014;760027292;760027300;N2500;7;;7
SSR_P;2014;760027292;760027300;N2710;;1;0.25
SSR_P;2014;760027292;760027300;N3120;;1;1
SSR_P;2014;760027292;760027300;NAUT;3;6;6.1
SSR_P;2014;760027292;760027300;NCINF;7;1;7.2
SSR_P;2014;760029017;750056293;M1010;3;;1.25
SSR_P;2014;760029017;750056293;MAUT;;1;0.21
SSR_P;2014;760029017;750056293;N2460;;1;0.21
SSR_P;2014;760029017;750056293;N2500;11;;4.59
SSR_P;2014;760029017;750056293;N2710;;1;0.21
SSR_P;2014;760029017;750056293;N3120;;1;0.21
SSR_P;2014;760029017;750056293;NCINF;13;;5.42
SSR_P;2014;760780130;760000091;NCINF;5;3;6.2
SSR_P;2014;760780619;760000307;M1040;2;;2
SSR_P;2014;760780619;760000307;N241P;;2;1
SSR_P;2014;760780619;760000307;N2450;;1;0.8
SSR_P;2014;760780619;760000307;N2500;4;0;4
SSR_P;2014;760780619;760000307;N2710;;1;0.4
SSR_P;2014;760780619;760000307;N310H;;2;1.59
SSR_P;2014;760780619;760000307;N3120;;1;0.4
SSR_P;2014;760780619;760000307;NAUT;2;;2
SSR_P;2014;760780619;760000307;NCINF;7;0;7
SSR_P;2014;760780676;750808529;M1040;;3;1.53
SSR_P;2014;760780676;750808529;N241P;;2;1.11
SSR_P;2014;760780676;750808529;N2460;;1;0.35
SSR_P;2014;760780676;750808529;N2500;;28;8.7
SSR_P;2014;760780676;750808529;N3120;;1;0.8
SSR_P;2014;760780676;750808529;NAUT;;34;11.01
SSR_P;2014;760780676;750808529;NCINF;;15;7.04
SSR_P;2014;760780692;760025734;M1180;6;1;7.59
SSR_P;2014;760780692;760025734;N241P;21;20;25.68
SSR_P;2014;760780692;760025734;N2430;1;2;1.87
SSR_P;2014;760780692;760025734;N2450;;1;0.5
SSR_P;2014;760780692;760025734;N2460;11;1;11.43
SSR_P;2014;760780692;760025734;N2500;54;9;67.01
SSR_P;2014;760780692;760025734;N2710;2;1;2.5
SSR_P;2014;760780692;760025734;N310H;3;1;3.77
SSR_P;2014;760780692;760025734;N3120;1;3;2.8
SSR_P;2014;760780692;760025734;NCINF;29;11;37.06
SSR_P;2014;760780981;760027342;M1010;;4;2
SSR_P;2014;760780981;760027342;M1070;1;1;1.32
SSR_P;2014;760780981;760027342;N2450;1;3;2.21
SSR_P;2014;760780981;760027342;N2500;9;30;12.26
SSR_P;2014;760780981;760027342;N2710;1;;0.99
SSR_P;2014;760780981;760027342;N310H;1;3;1.08
SSR_P;2014;760780981;760027342;N3120;;1;0.5
SSR_P;2014;760780981;760027342;NAUT;8;21;15.85
SSR_P;2014;760780981;760027342;NCINF;8;11;11.18
SSR_P;2014;760781054;930019484;M1010;;1;0.79
SSR_P;2014;760781054;930019484;M1140;1;;1
SSR_P;2014;760781054;930019484;N241P;2;;1.45
SSR_P;2014;760781054;930019484;N2430;;1;0.6
SSR_P;2014;760781054;930019484;N2460;2;;1.92
SSR_P;2014;760781054;930019484;N2500;10;1;7.89
SSR_P;2014;760781054;930019484;N2710;1;;1
SSR_P;2014;760781054;930019484;N310H;5;;5.5
SSR_P;2014;760781054;930019484;N3120;;1;0.5
SSR_P;2014;760781054;930019484;NAUT;1;1;1.5
SSR_P;2014;760781054;930019484;NCINF;9;1;8.76
SSR_P;2014;760783035;750721334;M1330;;1;0.04
SSR_P;2014;760783035;750721334;MAUT;;6;1.61
SSR_P;2014;760783035;750721334;N241P;;1;0.26
SSR_P;2014;760783035;750721334;N2450;;2;1.53
SSR_P;2014;760783035;750721334;N2460;;1;0.6
SSR_P;2014;760783035;750721334;N2500;17;5;17.3
SSR_P;2014;760783035;750721334;N2710;;5;1.63
SSR_P;2014;760783035;750721334;N310H;;3;1.49
SSR_P;2014;760783035;750721334;N3120;;2;0.68
SSR_P;2014;760783035;750721334;NAUT;9;;6.73
SSR_P;2014;760783035;750721334;NCINF;24;6;20.56
SSR_P;2014;760783159;760000851;M1010;2;7;5.09
SSR_P;2014;760783159;760000851;M3020;;2;0.21
SSR_P;2014;760783159;760000851;MAUT;;5;0.59
SSR_P;2014;760783159;760000851;N241P;;1;0.5
SSR_P;2014;760783159;760000851;N2450;;1;0.25
SSR_P;2014;760783159;760000851;N2500;3;;3
SSR_P;2014;760783159;760000851;N2710;4;1;4.7
SSR_P;2014;760783159;760000851;N3120;;1;0.12
SSR_P;2014;760783159;760000851;NAUT;12;4;12.3
SSR_P;2014;760783159;760000851;NCINF;9;1;9.5
SSR_P;2014;760783522;760780239;M1010;3;2;4.5
SSR_P;2014;760783522;760780239;M1120;2;;1.67
SSR_P;2014;760783522;760780239;M1150;1;;0.2
SSR_P;2014;760783522;760780239;M1180;;;0.08
SSR_P;2014;760783522;760780239;M1320;2;1;1.91
SSR_P;2014;760783522;760780239;MAUT;;;0.03
SSR_P;2014;760783522;760780239;N241P;4;6;7.38
SSR_P;2014;760783522;760780239;N2430;1;;0.5
SSR_P;2014;760783522;760780239;N2450;2;1;1
SSR_P;2014;760783522;760780239;N2460;3;1;3.5
SSR_P;2014;760783522;760780239;N2500;78;32;94.18
SSR_P;2014;760783522;760780239;N2710;;2;0.44
SSR_P;2014;760783522;760780239;N310H;1;1;0.56
SSR_P;2014;760783522;760780239;N3120;;;0.04
SSR_P;2014;760783522;760780239;NAUT;35;10;36.46
SSR_P;2014;760783522;760780239;NCINF;46;32;61.19
SSR_P;2014;760783530;760780239;M1010;2;;2.05
SSR_P;2014;760783530;760780239;M1120;;1;0.05
SSR_P;2014;760783530;760780239;M1320;1;;0.4
SSR_P;2014;760783530;760780239;N241P;1;;1
SSR_P;2014;760783530;760780239;N2430;1;;0.3
SSR_P;2014;760783530;760780239;N2450;;1;0.5
SSR_P;2014;760783530;760780239;N2460;3;;1.02
SSR_P;2014;760783530;760780239;N2470;1;;0.5
SSR_P;2014;760783530;760780239;N2500;18;2;18.3
SSR_P;2014;760783530;760780239;N2710;1;2;1.76
SSR_P;2014;760783530;760780239;N310H;3;1;2.49
SSR_P;2014;760783530;760780239;N3120;;;0.19
SSR_P;2014;760783530;760780239;NAUT;7;2;7.46
SSR_P;2014;760783530;760780239;NCINF;10;5;13
SSR_P;2014;760805770;760780726;M1040;2;;1.98
SSR_P;2014;760805770;760780726;M1150;1;;0.2
SSR_P;2014;760805770;760780726;N241P;2;3;3.8
SSR_P;2014;760805770;760780726;N2430;0;1;0.42
SSR_P;2014;760805770;760780726;N2450;0;1;0.2
SSR_P;2014;760805770;760780726;N2460;1;1;1.34
SSR_P;2014;760805770;760780726;N2500;38;9;40.36
SSR_P;2014;760805770;760780726;N2710;1;0;0.81
SSR_P;2014;760805770;760780726;N310H;2;1;1.54
SSR_P;2014;760805770;760780726;N3120;0;0;0.83
SSR_P;2014;760805770;760780726;NAUT;17;8;15.26
SSR_P;2014;760805770;760780726;NCINF;24;17;30.92
SSR_P;2014;760920603;760920587;M1010;1;4;2.87
SSR_P;2014;760920603;760920587;MAUT;;2;0.75
SSR_P;2014;760920603;760920587;N241P;2;4;4.07
SSR_P;2014;760920603;760920587;N2450;;2;0.48
SSR_P;2014;760920603;760920587;N2500;11;8;16.77
SSR_P;2014;760920603;760920587;N2710;;1;0.5
SSR_P;2014;760920603;760920587;N3120;;1;0.5
SSR_P;2014;760920603;760920587;NAUT;11;17;19.15
SSR_P;2014;760920603;760920587;NCINF;8;5;12.2
SSR_P;2014;760920918;760000273;M1010;3;;3
SSR_P;2014;760920918;760000273;M1180;1;1;1.4
SSR_P;2014;760920918;760000273;N241P;10;;10
SSR_P;2014;760920918;760000273;N2450;;1;0.5
SSR_P;2014;760920918;760000273;N2460;1;;1
SSR_P;2014;760920918;760000273;N2500;30;;30
SSR_P;2014;760920918;760000273;N2710;;1;0.5
SSR_P;2014;760920918;760000273;N3120;;1;0.5
SSR_P;2014;760920918;760000273;NAUT;3;;3
SSR_P;2014;760920918;760000273;NCINF;33;1;32
SSR_P;2014;770000131;770110013;M1010;3;;2.55
SSR_P;2014;770000131;770110013;M1320;1;;1
SSR_P;2014;770000131;770110013;N2500;34;3;31.2
SSR_P;2014;770000131;770110013;N2710;2;1;0.53
SSR_P;2014;770000131;770110013;NAUT;2;1;1.94
SSR_P;2014;770000131;770110013;NCINF;23;7;22.78
SSR_P;2014;770000149;770110021;M1010;2;;1
SSR_P;2014;770000149;770110021;M1150;1;;0.05
SSR_P;2014;770000149;770110021;M1190;1;;0.05
SSR_P;2014;770000149;770110021;MAUT;2;;0.1
SSR_P;2014;770000149;770110021;N2500;9;;10.65
SSR_P;2014;770000149;770110021;NAUT;4;;4.21
SSR_P;2014;770000149;770110021;NCINF;9;1;9.63
SSR_P;2014;770000156;770110054;M1320;2;;2
SSR_P;2014;770000156;770110054;N2430;1;;0.18
SSR_P;2014;770000156;770110054;N2460;;1;0.96
SSR_P;2014;770000156;770110054;N2500;14;;13.92
SSR_P;2014;770000156;770110054;N2710;1;;0.5
SSR_P;2014;770000156;770110054;NAUT;4;1;5.27
SSR_P;2014;770000156;770110054;NCINF;13;3;12.48
SSR_P;2014;770000164;770110062;M1180;2;2;2.18
SSR_P;2014;770000164;770110062;N2460;;1;0.8
SSR_P;2014;770000164;770110062;N2500;16;;10.13
SSR_P;2014;770000164;770110062;N2710;1;;0.8
SSR_P;2014;770000164;770110062;N3120;1;;0.25
SSR_P;2014;770000164;770110062;NAUT;3;;1
SSR_P;2014;770000164;770110062;NCINF;15;2;10.72
SSR_P;2014;770000172;770110070;M1010;1;;1
SSR_P;2014;770000172;770110070;M1180;1;;0.9
SSR_P;2014;770000172;770110070;M1320;2;;1.5
SSR_P;2014;770000172;770110070;N241P;;;1
SSR_P;2014;770000172;770110070;N2460;1;;0.97
SSR_P;2014;770000172;770110070;N2500;22;1;20.55
SSR_P;2014;770000172;770110070;N2710;1;1;0.45
SSR_P;2014;770000172;770110070;N3120;;;1
SSR_P;2014;770000172;770110070;NAUT;1;1;1.69
SSR_P;2014;770000172;770110070;NCINF;10;1;11.21
SSR_P;2014;770000180;770130011;M1010;1;1;1.6
SSR_P;2014;770000180;770130011;N241P;;2;1.3
SSR_P;2014;770000180;770130011;N2450;;1;0.06
SSR_P;2014;770000180;770130011;N2500;13;2;12.1
SSR_P;2014;770000180;770130011;N3120;;1;0.25
SSR_P;2014;770000180;770130011;NCINF;8;2;7.75
SSR_P;2014;770000214;770130052;M1010;1;;1
SSR_P;2014;770000214;770130052;M1120;;1;0.6
SSR_P;2014;770000214;770130052;M1180;1;;1
SSR_P;2014;770000214;770130052;M1320;2;;2
SSR_P;2014;770000214;770130052;N241P;4;;3.67
SSR_P;2014;770000214;770130052;N2500;21;9;27.35
SSR_P;2014;770000214;770130052;N2710;;1;0.5
SSR_P;2014;770000214;770130052;NAUT;7;1;8.13
SSR_P;2014;770000214;770130052;NCINF;15;5;19.22
SSR_P;2014;770000420;770700029;M1010;;2;0.7
SSR_P;2014;770000420;770700029;M1180;1;3;2.38
SSR_P;2014;770000420;770700029;MAUT;;9;1.35
SSR_P;2014;770000420;770700029;N241P;4;4;6.7
SSR_P;2014;770000420;770700029;N2430;;1;0.7
SSR_P;2014;770000420;770700029;N2460;;2;0.95
SSR_P;2014;770000420;770700029;N2470;1;;1
SSR_P;2014;770000420;770700029;N2500;6;6;10.26
SSR_P;2014;770000420;770700029;N2710;;1;0.38
SSR_P;2014;770000420;770700029;N310H;;2;0.19
SSR_P;2014;770000420;770700029;N3120;;1;0.3
SSR_P;2014;770000420;770700029;NCINF;14;5;17.87
SSR_P;2014;770016467;750043994;M1010;1;;1
SSR_P;2014;770016467;750043994;M1320;4;;4
SSR_P;2014;770016467;750043994;N241P;3;;3
SSR_P;2014;770016467;750043994;N2450;;3;0.2
SSR_P;2014;770016467;750043994;N2460;2;;1.8
SSR_P;2014;770016467;750043994;N2500;33;1;33.66
SSR_P;2014;770016467;750043994;N2710;1;;1
SSR_P;2014;770016467;750043994;N3120;1;;1
SSR_P;2014;770016467;750043994;NAUT;29;;29
SSR_P;2014;770016467;750043994;NCINF;17;1;17.66
SSR_P;2014;770016491;770016483;M1010;2;;2
SSR_P;2014;770016491;770016483;M1180;3;1;3.5
SSR_P;2014;770016491;770016483;MAUT;;1;0.75
SSR_P;2014;770016491;770016483;N241P;10;;10
SSR_P;2014;770016491;770016483;N2430;;3;1.9
SSR_P;2014;770016491;770016483;N2450;;1;0.8
SSR_P;2014;770016491;770016483;N2460;5;;5
SSR_P;2014;770016491;770016483;N2500;15;1;15.8
SSR_P;2014;770016491;770016483;N2710;2;2;3.3
SSR_P;2014;770016491;770016483;N310H;4;;4
SSR_P;2014;770016491;770016483;N3120;1;;1
SSR_P;2014;770016491;770016483;NAUT;9;3;10.5
SSR_P;2014;770016491;770016483;NCINF;14;;14
SSR_P;2014;770019032;770170017;M3020;1;0;0.58
SSR_P;2014;770019032;770170017;N2500;3;;3.57
SSR_P;2014;770019032;770170017;N2710;;2;1
SSR_P;2014;770019032;770170017;N310H;1;;1
SSR_P;2014;770019032;770170017;N3120;1;;1
SSR_P;2014;770019032;770170017;NAUT;1;;1
SSR_P;2014;770019032;770170017;NCINF;10;;9.33
SSR_P;2014;770150019;770019792;M1010;9;;7.55
SSR_P;2014;770150019;770019792;M1070;1;1;2.25
SSR_P;2014;770150019;770019792;M1150;1;;1
SSR_P;2014;770150019;770019792;MAUT;1;2;1.08
SSR_P;2014;770150019;770019792;N241P;7;;4.4
SSR_P;2014;770150019;770019792;N2430;;3;0.7
SSR_P;2014;770150019;770019792;N2450;9;9;11.05
SSR_P;2014;770150019;770019792;N2500;72;10;55.71
SSR_P;2014;770150019;770019792;N2710;2;2;2.06
SSR_P;2014;770150019;770019792;N3120;6;;3.44
SSR_P;2014;770150019;770019792;NAUT;21;4;19.99
SSR_P;2014;770150019;770019792;NCINF;111;13;86.03
SSR_P;2014;770150027;750720575;M1010;1;;1
SSR_P;2014;770150027;750720575;M1040;;1;0.02
SSR_P;2014;770150027;750720575;M1140;0;1;1.82
SSR_P;2014;770150027;750720575;M1180;4;;3
SSR_P;2014;770150027;750720575;M3020;;2;0.6
SSR_P;2014;770150027;750720575;N241P;10;2;10.64
SSR_P;2014;770150027;750720575;N2430;1;1;1.5
SSR_P;2014;770150027;750720575;N2450;3;;2.38
SSR_P;2014;770150027;750720575;N2460;6;1;5.12
SSR_P;2014;770150027;750720575;N2470;1;1;1.37
SSR_P;2014;770150027;750720575;N2500;35;1;35.86
SSR_P;2014;770150027;750720575;N2710;4;1;4.29
SSR_P;2014;770150027;750720575;N310H;19;;18.96
SSR_P;2014;770150027;750720575;N3120;2;1;2.28
SSR_P;2014;770150027;750720575;NCINF;39;2;37.01
SSR_P;2014;770150043;750808529;M1180;3;1;3.9
SSR_P;2014;770150043;750808529;MAUT;;1;0.6
SSR_P;2014;770150043;750808529;N241P;10;2;11
SSR_P;2014;770150043;750808529;N2430;;1;0.5
SSR_P;2014;770150043;750808529;N2460;;2;1
SSR_P;2014;770150043;750808529;N2500;20;4;24
SSR_P;2014;770150043;750808529;N3120;1;;1
SSR_P;2014;770150043;750808529;NAUT;14;34;26.9
SSR_P;2014;770150043;750808529;NCINF;8;4;11.6
SSR_P;2014;770300135;770000289;M1040;1;;1
SSR_P;2014;770300135;770000289;N241P;1;2;2
SSR_P;2014;770300135;770000289;N2450;;1;0.25
SSR_P;2014;770300135;770000289;N2710;;1;0.45
SSR_P;2014;770300135;770000289;N3120;;1;0.5
SSR_P;2014;770300135;770000289;NAUT;;1;0.11
SSR_P;2014;770300135;770000289;NCINF;1;1;1.5
SSR_P;2014;770300218;440052041;M1320;5;;5
SSR_P;2014;770300218;440052041;N241P;6;1;6
SSR_P;2014;770300218;440052041;N2450;;1;0.5
SSR_P;2014;770300218;440052041;N2460;;1;0.8
SSR_P;2014;770300218;440052041;N2470;;2;1
SSR_P;2014;770300218;440052041;N2500;16;;16
SSR_P;2014;770300218;440052041;N2710;;2;0.6
SSR_P;2014;770300218;440052041;N3120;1;;1
SSR_P;2014;770300218;440052041;NCINF;14;;14
SSR_P;2014;770300259;770000347;M1010;;7;1.94
SSR_P;2014;770300259;770000347;M1040;;1;0.49
SSR_P;2014;770300259;770000347;M1180;6;2;7.36
SSR_P;2014;770300259;770000347;N241P;23;1;18.62
SSR_P;2014;770300259;770000347;N2430;;5;2.67
SSR_P;2014;770300259;770000347;N2450;;1;0.5
SSR_P;2014;770300259;770000347;N2460;9;;8.08
SSR_P;2014;770300259;770000347;N2500;28;4;28.86
SSR_P;2014;770300259;770000347;N2710;4;;3.16
SSR_P;2014;770300259;770000347;N310H;1;1;1
SSR_P;2014;770300259;770000347;N3120;1;2;2.1
SSR_P;2014;770300259;770000347;NCINF;20;7;22.32
SSR_P;2014;770420024;750042590;M1010;3;1;3.88
SSR_P;2014;770420024;750042590;M1320;1;1;0.97
SSR_P;2014;770420024;750042590;MAUT;1;;1
SSR_P;2014;770420024;750042590;N241P;5;3;6.48
SSR_P;2014;770420024;750042590;N2450;2;1;1.59
SSR_P;2014;770420024;750042590;N2460;0;2;1.22
SSR_P;2014;770420024;750042590;N2500;33;5;35.12
SSR_P;2014;770420024;750042590;N2710;1;1;1.66
SSR_P;2014;770420024;750042590;N310H;2;0;1.42
SSR_P;2014;770420024;750042590;N3120;2;0;2
SSR_P;2014;770420024;750042590;NCINF;30;6;32.47
SSR_P;2014;770630028;750042590;M1010;1;1;1.51
SSR_P;2014;770630028;750042590;M1180;1;;1
SSR_P;2014;770630028;750042590;M3020;;1;0.18
SSR_P;2014;770630028;750042590;MAUT;;2;0.53
SSR_P;2014;770630028;750042590;N241P;5;1;5.59
SSR_P;2014;770630028;750042590;N2430;;1;0.5
SSR_P;2014;770630028;750042590;N2450;0;1;0.19
SSR_P;2014;770630028;750042590;N2460;1;1;1.59
SSR_P;2014;770630028;750042590;N2500;14;7;17.68
SSR_P;2014;770630028;750042590;N2710;0;2;1.11
SSR_P;2014;770630028;750042590;N310H;3;4;4.44
SSR_P;2014;770630028;750042590;N3120;0;1;0.88
SSR_P;2014;770630028;750042590;NCINF;11;5;13.17
SSR_P;2014;770700011;750042590;M1010;1;;1
SSR_P;2014;770700011;750042590;M1120;;1;0.12
SSR_P;2014;770700011;750042590;M1180;7;1;6.61
SSR_P;2014;770700011;750042590;M1320;4;;3.75
SSR_P;2014;770700011;750042590;M3020;;2;0.17
SSR_P;2014;770700011;750042590;MAUT;3;10;2.78
SSR_P;2014;770700011;750042590;N241P;26;6;31.7
SSR_P;2014;770700011;750042590;N2430;1;5;4.09
SSR_P;2014;770700011;750042590;N2450;2;0;2.12
SSR_P;2014;770700011;750042590;N2460;15;2;15.56
SSR_P;2014;770700011;750042590;N2470;2;;1.41
SSR_P;2014;770700011;750042590;N2500;80;44;100.48
SSR_P;2014;770700011;750042590;N2710;5;2;5.43
SSR_P;2014;770700011;750042590;N310H;13;;13.71
SSR_P;2014;770700011;750042590;N3120;5;;5
SSR_P;2014;770700011;750042590;NAUT;26;5;28.24
SSR_P;2014;770700011;750042590;NCINF;64;19;73.47
SSR_P;2014;770701225;750721334;M1010;;3;1.5
SSR_P;2014;770701225;750721334;M1180;;1;0.23
SSR_P;2014;770701225;750721334;N241P;4;;4
SSR_P;2014;770701225;750721334;N2430;;1;0.5
SSR_P;2014;770701225;750721334;N2460;2;;2
SSR_P;2014;770701225;750721334;N2470;1;;1
SSR_P;2014;770701225;750721334;N2500;24;1;24.5
SSR_P;2014;770701225;750721334;N2710;;1;0.46
SSR_P;2014;770701225;750721334;N310H;3;;3
SSR_P;2014;770701225;750721334;N3120;1;;1
SSR_P;2014;770701225;750721334;NAUT;22;5;24.75
SSR_P;2014;770701225;750721334;NCINF;9;;9
SSR_P;2014;770803989;770000925;M1040;;11;6.63
SSR_P;2014;770803989;770000925;N241P;1;3;3.08
SSR_P;2014;770803989;770000925;N2450;;2;1
SSR_P;2014;770803989;770000925;N2500;5;1;5.46
SSR_P;2014;770803989;770000925;N2710;;1;0.66
SSR_P;2014;770803989;770000925;N310H;1;;1
SSR_P;2014;770803989;770000925;N3120;;1;0.34
SSR_P;2014;770803989;770000925;NCINF;16;1;16.27
SSR_P;2014;770814622;770700185;M1010;3;;3
SSR_P;2014;770814622;770700185;M1180;3;;3
SSR_P;2014;770814622;770700185;M1320;2;2;2.65
SSR_P;2014;770814622;770700185;N2460;0;3;1.26
SSR_P;2014;770814622;770700185;N2500;37;4;40.95
SSR_P;2014;770814622;770700185;N2710;1;3;2.37
SSR_P;2014;770814622;770700185;N310H;0;0;0.08
SSR_P;2014;770814622;770700185;NAUT;13;11;19.18
SSR_P;2014;770814622;770700185;NCINF;26;9;33.59
SSR_P;2014;780000287;780110011;M1010;4;0;3.92
SSR_P;2014;780000287;780110011;N241P;1;2;2.6
SSR_P;2014;780000287;780110011;N2450;1;;0.2
SSR_P;2014;780000287;780110011;N2500;37;3;39.19
SSR_P;2014;780000287;780110011;N2710;;1;0.5
SSR_P;2014;780000287;780110011;N3120;;1;0.81
SSR_P;2014;780000287;780110011;NAUT;1;1;1.06
SSR_P;2014;780000287;780110011;NCINF;22;7;26.22
SSR_P;2014;780000303;780110037;M1010;2;;2
SSR_P;2014;780000303;780110037;M1180;3;4;6
SSR_P;2014;780000303;780110037;M1320;1;;1
SSR_P;2014;780000303;780110037;N241P;;12;8.52
SSR_P;2014;780000303;780110037;N2430;1;1;1.5
SSR_P;2014;780000303;780110037;N2450;;4;2.24
SSR_P;2014;780000303;780110037;N2460;1;5;4.07
SSR_P;2014;780000303;780110037;N2470;;3;1.42
SSR_P;2014;780000303;780110037;N2500;30;42;53.55
SSR_P;2014;780000303;780110037;N2710;;9;2.04
SSR_P;2014;780000303;780110037;N310H;;1;0.15
SSR_P;2014;780000303;780110037;N3120;;1;0.75
SSR_P;2014;780000303;780110037;NAUT;;2;1.5
SSR_P;2014;780000303;780110037;NCINF;8;33;26.07
SSR_P;2014;780000311;780001236;M1180;5;5;6.52
SSR_P;2014;780000311;780001236;M1320;;;0.2
SSR_P;2014;780000311;780001236;N241P;7;6;12.59
SSR_P;2014;780000311;780001236;N2460;2;1;1.4
SSR_P;2014;780000311;780001236;N2500;22;3;25.82
SSR_P;2014;780000311;780001236;N2710;1;;0.4
SSR_P;2014;780000311;780001236;NAUT;10;2;14.81
SSR_P;2014;780000311;780001236;NCINF;10;1;14.61
SSR_P;2014;780000337;780001236;M1180;3;1;3.7
SSR_P;2014;780000337;780001236;M1320;1;;0.45
SSR_P;2014;780000337;780001236;N241P;3;2;4.99
SSR_P;2014;780000337;780001236;N2430;;1;0.22
SSR_P;2014;780000337;780001236;N2460;;1;0.4
SSR_P;2014;780000337;780001236;N2470;;;0.1
SSR_P;2014;780000337;780001236;N2500;9;1;11.66
SSR_P;2014;780000337;780001236;N2710;;1;0.15
SSR_P;2014;780000337;780001236;NAUT;5;3;5.68
SSR_P;2014;780000337;780001236;NCINF;8;1;8.93
SSR_P;2014;780000345;780110078;M1320;4;1;3.33
SSR_P;2014;780000345;780110078;N241P;0;0;0.1
SSR_P;2014;780000345;780110078;N2430;0;2;0.2
SSR_P;2014;780000345;780110078;N2500;25;4;24.26
SSR_P;2014;780000345;780110078;N2710;1;2;2.4
SSR_P;2014;780000345;780110078;N310H;0;2;1.03
SSR_P;2014;780000345;780110078;NAUT;11;5;14.55
SSR_P;2014;780000345;780110078;NCINF;18;10;20.9
SSR_P;2014;780000352;780110094;M1010;7;7;10.27
SSR_P;2014;780000352;780110094;M1040;;1;0.2
SSR_P;2014;780000352;780110094;M1120;;1;0.03
SSR_P;2014;780000352;780110094;M1140;;1;0.6
SSR_P;2014;780000352;780110094;M1150;;1;0.6
SSR_P;2014;780000352;780110094;M1180;5;;4.26
SSR_P;2014;780000352;780110094;M3020;;3;0.75
SSR_P;2014;780000352;780110094;MAUT;4;3;4.35
SSR_P;2014;780000352;780110094;N241P;22;10;28.64
SSR_P;2014;780000352;780110094;N2430;2;1;2.22
SSR_P;2014;780000352;780110094;N2450;3;;2.86
SSR_P;2014;780000352;780110094;N2460;5;;4.19
SSR_P;2014;780000352;780110094;N2500;73;6;76.7
SSR_P;2014;780000352;780110094;N2710;3;7;5.59
SSR_P;2014;780000352;780110094;N310H;;;0.46
SSR_P;2014;780000352;780110094;N3120;5;1;5.42
SSR_P;2014;780000352;780110094;NAUT;56;13;62.06
SSR_P;2014;780000352;780110094;NCINF;47;12;54.64
SSR_P;2014;780000378;780130027;M1180;1;2;1.12
SSR_P;2014;780000378;780130027;N241P;0;3;3.85
SSR_P;2014;780000378;780130027;N2500;15;2;12.94
SSR_P;2014;780000378;780130027;N2710;0;1;0.25
SSR_P;2014;780000378;780130027;NAUT;4;0;2.55
SSR_P;2014;780000378;780130027;NCINF;8;0;6.95
SSR_P;2014;780000386;780021788;M1180;1;1;1.5
SSR_P;2014;780000386;780021788;N2450;1;;0.1
SSR_P;2014;780000386;780021788;N2460;1;;0.1
SSR_P;2014;780000386;780021788;N2500;7;1;7.5
SSR_P;2014;780000386;780021788;N3120;1;;1
SSR_P;2014;780000386;780021788;NAUT;7;;7
SSR_P;2014;780000386;780021788;NCINF;9;1;7.62
SSR_P;2014;780000428;780002697;M1010;1;1;1.05
SSR_P;2014;780000428;780002697;M1180;3;;2.33
SSR_P;2014;780000428;780002697;M1190;1;;1
SSR_P;2014;780000428;780002697;M1320;3;3;4.74
SSR_P;2014;780000428;780002697;MAUT;;;0.8
SSR_P;2014;780000428;780002697;N241P;9;;10.36
SSR_P;2014;780000428;780002697;N2430;;2;1.05
SSR_P;2014;780000428;780002697;N2460;1;1;1.8
SSR_P;2014;780000428;780002697;N2470;3;1;3.78
SSR_P;2014;780000428;780002697;N2500;52;5;56.46
SSR_P;2014;780000428;780002697;N2710;4;1;4.71
SSR_P;2014;780000428;780002697;N310H;1;;1
SSR_P;2014;780000428;780002697;N3120;2;;2
SSR_P;2014;780000428;780002697;NAUT;5;1;10.98
SSR_P;2014;780000428;780002697;NCINF;39;7;40.6
SSR_P;2014;780001467;780018347;M1010;2;;2
SSR_P;2014;780001467;780018347;N241P;3;;3
SSR_P;2014;780001467;780018347;N2450;;1;0.6
SSR_P;2014;780001467;780018347;N2500;10;;10
SSR_P;2014;780001467;780018347;N310H;;1;0.5
SSR_P;2014;780001467;780018347;N3120;;1;0.5
SSR_P;2014;780001467;780018347;NCINF;7;;7
SSR_P;2014;780001657;780530010;M1140;7;;7.24
SSR_P;2014;780001657;780530010;M1180;2;;2
SSR_P;2014;780001657;780530010;MAUT;1;7;2.13
SSR_P;2014;780001657;780530010;N241P;3;5;6.35
SSR_P;2014;780001657;780530010;N2430;0;1;0.5
SSR_P;2014;780001657;780530010;N2450;3;0;3
SSR_P;2014;780001657;780530010;N2460;0;3;2.66
SSR_P;2014;780001657;780530010;N2470;1;1;1.57
SSR_P;2014;780001657;780530010;N2500;79;16;89.21
SSR_P;2014;780001657;780530010;N2710;1;3;3.11
SSR_P;2014;780001657;780530010;N310H;24;3;29.1
SSR_P;2014;780001657;780530010;N3120;1;1;1.91
SSR_P;2014;780001657;780530010;NCINF;32;21;61.82
SSR_P;2014;780008298;750043994;M1320;2;;2
SSR_P;2014;780008298;750043994;N241P;;4;0.1
SSR_P;2014;780008298;750043994;N2470;;1;0.3
SSR_P;2014;780008298;750043994;N2500;10;;10
SSR_P;2014;780008298;750043994;N2710;;1;0.3
SSR_P;2014;780008298;750043994;N310H;;1;0.4
SSR_P;2014;780008298;750043994;N3120;;1;0.3
SSR_P;2014;780008298;750043994;NCINF;5;;5
SSR_P;2014;780018727;780018719;M1010;;1;0.5
SSR_P;2014;780018727;780018719;M1330;;1;0.5
SSR_P;2014;780018727;780018719;N241P;;2;1
SSR_P;2014;780018727;780018719;N2500;6;;6
SSR_P;2014;780018727;780018719;N3120;;1;0.5
SSR_P;2014;780018727;780018719;NCINF;5;1;5.26
SSR_P;2014;780140018;750005068;M1320;5;1;2.65
SSR_P;2014;780140018;750005068;M3020;3;1;1
SSR_P;2014;780140018;750005068;N241P;;10;1.55
SSR_P;2014;780140018;750005068;N2450;;2;1.2
SSR_P;2014;780140018;750005068;N2460;;9;0.8
SSR_P;2014;780140018;750005068;N2470;;5;0.9
SSR_P;2014;780140018;750005068;N2500;16;10;18.6
SSR_P;2014;780140018;750005068;N2710;;2;0.75
SSR_P;2014;780140018;750005068;N310H;3;5;3.9
SSR_P;2014;780140018;750005068;N3120;;2;0.85
SSR_P;2014;780140018;750005068;NAUT;11;20;15.48
SSR_P;2014;780140018;750005068;NCINF;10;24;18.41
SSR_P;2014;780140075;750804114;M1010;1;2;1.88
SSR_P;2014;780140075;750804114;M3020;1;1;1.03
SSR_P;2014;780140075;750804114;N2450;;1;0.22
SSR_P;2014;780140075;750804114;N2460;2;;2.49
SSR_P;2014;780140075;750804114;N2500;1;;1.01
SSR_P;2014;780140075;750804114;N310H;2;1;2.11
SSR_P;2014;780140075;750804114;N3120;1;;0.94
SSR_P;2014;780140075;750804114;NAUT;;1;0.3
SSR_P;2014;780140075;750804114;NCINF;6;1;7.84
SSR_P;2014;780150017;750005068;M1010;1;6;1.93
SSR_P;2014;780150017;750005068;M1040;3;1;3.29
SSR_P;2014;780150017;750005068;M1180;2;;2
SSR_P;2014;780150017;750005068;M1320;;1;0.5
SSR_P;2014;780150033;780020715;M1010;;1;0.19
SSR_P;2014;780150033;780020715;M1320;1;;0.06
SSR_P;2014;780150033;780020715;MAUT;1;;0.1
SSR_P;2014;780150033;780020715;N241P;;1;0.39
SSR_P;2014;780150033;780020715;N2500;8;6;9.86
SSR_P;2014;780150033;780020715;N2710;;1;0.16
SSR_P;2014;780150033;780020715;N3120;;1;0.16
SSR_P;2014;780150033;780020715;NAUT;18;2;4.08
SSR_P;2014;780150033;780020715;NCINF;14;1;5.42
SSR_P;2014;780150066;780808614;M1180;6;;5.04
SSR_P;2014;780150066;780808614;M1320;4;4;4.45
SSR_P;2014;780150066;780808614;N241P;25;9;21.74
SSR_P;2014;780150066;780808614;N2430;2;;1.54
SSR_P;2014;780150066;780808614;N2460;4;;3.08
SSR_P;2014;780150066;780808614;N2500;80;5;51.5
SSR_P;2014;780150066;780808614;NAUT;35;2;17.74
SSR_P;2014;780150066;780808614;NCINF;67;3;43.45
SSR_P;2014;780300075;780000485;M1040;12;;12
SSR_P;2014;780300075;780000485;M1070;;2;0.4
SSR_P;2014;780300075;780000485;M1150;;2;1
SSR_P;2014;780300075;780000485;MAUT;;1;0.1
SSR_P;2014;780300075;780000485;N241P;4;;4
SSR_P;2014;780300075;780000485;N2450;1;1;1.6
SSR_P;2014;780300075;780000485;N2500;6;8;7.2
SSR_P;2014;780300075;780000485;N2710;1;;1
SSR_P;2014;780300075;780000485;N310H;;1;0.8
SSR_P;2014;780300075;780000485;N3120;;1;0.6
SSR_P;2014;780300075;780000485;NCINF;8;21;14.5
SSR_P;2014;780300083;750052318;M1010;1;9;5.93
SSR_P;2014;780300083;750052318;M1040;2;4;3.63
SSR_P;2014;780300083;750052318;M1070;;1;0.2
SSR_P;2014;780300083;750052318;M1150;1;;1
SSR_P;2014;780300083;750052318;M1180;2;;2
SSR_P;2014;780300083;750052318;M1320;1;1;1.8
SSR_P;2014;780300083;750052318;N241P;14;;14
SSR_P;2014;780300083;750052318;N2450;0;2;1.6
SSR_P;2014;780300083;750052318;N2460;4;1;4.8
SSR_P;2014;780300083;750052318;N2500;21;7;27.29
SSR_P;2014;780300083;750052318;N2710;0;1;0.8
SSR_P;2014;780300083;750052318;N310H;3;0;3
SSR_P;2014;780300083;750052318;N3120;1;1;1.6
SSR_P;2014;780300083;750052318;NAUT;46;8;53
SSR_P;2014;780300083;750052318;NCINF;21;6;26.89
SSR_P;2014;780300109;750056335;M1010;;2;1.29
SSR_P;2014;780300109;750056335;M1320;;2;1.6
SSR_P;2014;780300109;750056335;MAUT;;1;0.64
SSR_P;2014;780300109;750056335;N241P;2;2;3.21
SSR_P;2014;780300109;750056335;N2430;;1;0.5
SSR_P;2014;780300109;750056335;N2450;;1;0.23
SSR_P;2014;780300109;750056335;N2460;1;;1
SSR_P;2014;780300109;750056335;N2500;20;1;20.85
SSR_P;2014;780300109;750056335;N2710;;1;0.5
SSR_P;2014;780300109;750056335;N3120;;1;0.8
SSR_P;2014;780300109;750056335;NAUT;14;4;16.8
SSR_P;2014;780300109;750056335;NCINF;10;6;13.21
SSR_P;2014;780300166;310021258;M1010;1;1;1.8
SSR_P;2014;780300166;310021258;M1320;1;;1
SSR_P;2014;780300208;780000576;M1010;;1;0.77
SSR_P;2014;780300208;780000576;M1320;;1;0.5
SSR_P;2014;780300208;780000576;N241P;2;;2
SSR_P;2014;780300208;780000576;N2450;;1;0.4
SSR_P;2014;780300208;780000576;N2500;11;3;12.2
SSR_P;2014;780300208;780000576;N2710;;1;0.14
SSR_P;2014;780300208;780000576;N3120;;1;0.5
SSR_P;2014;780300208;780000576;NAUT;;;0.15
SSR_P;2014;780300208;780000576;NCINF;6;2;7.62
SSR_P;2014;780300224;310021225;M1010;1;;1
SSR_P;2014;780300224;310021225;M1320;2;;2
SSR_P;2014;780300224;310021225;N241P;2;2;3
SSR_P;2014;780300224;310021225;N2460;;1;0.8
SSR_P;2014;780300224;310021225;N2500;18;1;18.63
SSR_P;2014;780300224;310021225;N2710;1;;1
SSR_P;2014;780300224;310021225;N310H;;1;0.4
SSR_P;2014;780300224;310021225;N3120;;1;0.9
SSR_P;2014;780300224;310021225;NCINF;13;1;13.33
SSR_P;2014;780300448;310021209;M1010;;3;1.54
SSR_P;2014;780300448;310021209;M1320;1;1;1.8
SSR_P;2014;780300448;310021209;N241P;2;1;2.75
SSR_P;2014;780300448;310021209;N2430;;1;0.1
SSR_P;2014;780300448;310021209;N2450;1;1;1.28
SSR_P;2014;780300448;310021209;N2460;1;;0.99
SSR_P;2014;780300448;310021209;N2500;14;18;19.88
SSR_P;2014;780300448;310021209;N2710;;2;1.08
SSR_P;2014;780300448;310021209;N3120;1;;0.86
SSR_P;2014;780300448;310021209;NCINF;10;6;12.65
SSR_P;2014;780420022;750042590;M1010;2;1;2.73
SSR_P;2014;780420022;750042590;M1180;2;1;1.78
SSR_P;2014;780420022;750042590;MAUT;;2;0.92
SSR_P;2014;780420022;750042590;N241P;7;3;8.38
SSR_P;2014;780420022;750042590;N2430;;1;0.58
SSR_P;2014;780420022;750042590;N2450;0;1;0.9
SSR_P;2014;780420022;750042590;N2460;3;0;3
SSR_P;2014;780420022;750042590;N2500;23;4;25.42
SSR_P;2014;780420022;750042590;N2710;0;1;1.35
SSR_P;2014;780420022;750042590;N310H;2;0;2
SSR_P;2014;780420022;750042590;N3120;2;1;2.28
SSR_P;2014;780420022;750042590;NCINF;20;2;20.02
SSR_P;2014;780420048;780021069;M1010;2;2;2.2
SSR_P;2014;780420048;780021069;N241P;;3;1.4
SSR_P;2014;780420048;780021069;N2460;;1;0.8
SSR_P;2014;780420048;780021069;N2500;10;1;10.33
SSR_P;2014;780420048;780021069;N2710;;1;0.25
SSR_P;2014;780420048;780021069;N3120;;1;0.5
SSR_P;2014;780420048;780021069;NCINF;5;5;7.37
SSR_P;2014;780630026;750803900;M1010;;1;0.5
SSR_P;2014;780630026;750803900;M1040;;1;0.15
SSR_P;2014;780630026;750803900;M1140;1;3;1.57
SSR_P;2014;780630026;750803900;N2430;;1;0.7
SSR_P;2014;780630026;750803900;N2450;;1;0.28
SSR_P;2014;780630026;750803900;N2470;;2;1.4
SSR_P;2014;780630026;750803900;N2500;11;13;16.8
SSR_P;2014;780630026;750803900;N2710;;1;0.8
SSR_P;2014;780630026;750803900;N310H;7;5;9.78
SSR_P;2014;780630026;750803900;N3120;;1;0.9
SSR_P;2014;780630026;750803900;NCINF;16;10;21.81
SSR_P;2014;780700027;780822193;M1010;1;1;1.68
SSR_P;2014;780700027;780822193;M1120;;1;0.2
SSR_P;2014;780700027;780822193;M1180;2;;2
SSR_P;2014;780700027;780822193;M1320;2;;2
SSR_P;2014;780700027;780822193;M3020;;1;0.28
SSR_P;2014;780700027;780822193;N241P;10;4;15.43
SSR_P;2014;780700027;780822193;N2430;;3;1.9
SSR_P;2014;780700027;780822193;N2450;1;;1
SSR_P;2014;780700027;780822193;N2460;4;2;5.4
SSR_P;2014;780700027;780822193;N2500;21;8;26.3
SSR_P;2014;780700027;780822193;N2710;;1;0.54
SSR_P;2014;780700027;780822193;N310H;1;;1
SSR_P;2014;780700027;780822193;NAUT;9;2;10.68
SSR_P;2014;780700027;780822193;NCINF;15;6;19.55
SSR_P;2014;780700050;780826210;M1180;1;;1
SSR_P;2014;780700050;780826210;M1320;1;;1
SSR_P;2014;780700050;780826210;N241P;7;2;9
SSR_P;2014;780700050;780826210;N2460;1;1;2
SSR_P;2014;780700050;780826210;N2500;13;1;14
SSR_P;2014;780700050;780826210;N310H;1;1;2
SSR_P;2014;780700050;780826210;N3120;;1;1
SSR_P;2014;780700050;780826210;NCINF;6;2;8
SSR_P;2014;780825816;780003638;M1120;;1;0.08
SSR_P;2014;780825816;780003638;M1180;2;1;2.8
SSR_P;2014;780825816;780003638;N241P;1;10;10.72
SSR_P;2014;780825816;780003638;N2430;2;0;2
SSR_P;2014;780825816;780003638;N2450;;1;0.33
SSR_P;2014;780825816;780003638;N2460;4;;4
SSR_P;2014;780825816;780003638;N2470;;1;0.6
SSR_P;2014;780825816;780003638;N2500;12;3;13.1
SSR_P;2014;780825816;780003638;N2710;1;;1
SSR_P;2014;780825816;780003638;N310H;;1;0.3
SSR_P;2014;780825816;780003638;N3120;;1;0.64
SSR_P;2014;780825816;780003638;NCINF;10;1;10.5
SSR_P;2014;790000087;790000012;M1040;;1;0.08
SSR_P;2014;790000087;790000012;M1120;;1;0.42
SSR_P;2014;790000087;790000012;M1180;2;;2
SSR_P;2014;790000087;790000012;M1190;1;2;1.85
SSR_P;2014;790000087;790000012;M1320;4;1;4.26
SSR_P;2014;790000087;790000012;N241P;5;1;6.15
SSR_P;2014;790000087;790000012;N2430;;1;0.81
SSR_P;2014;790000087;790000012;N2450;;1;0.47
SSR_P;2014;790000087;790000012;N2460;1;;1
SSR_P;2014;790000087;790000012;N2500;38;15;46.81
SSR_P;2014;790000087;790000012;N2710;;2;0.88
SSR_P;2014;790000087;790000012;N3120;1;2;2.1
SSR_P;2014;790000087;790000012;NAUT;14;1;14.88
SSR_P;2014;790000087;790000012;NCINF;29;11;37.29
SSR_P;2014;790000103;790006654;M1010;3;0;3.01
SSR_P;2014;790000103;790006654;N2460;2;1;1.29
SSR_P;2014;790000103;790006654;N2470;;;0.92
SSR_P;2014;790000103;790006654;N2500;26;23;46.75
SSR_P;2014;790000103;790006654;N2710;1;2;0.37
SSR_P;2014;790000103;790006654;N310H;1;0;0.5
SSR_P;2014;790000103;790006654;NAUT;9;9;14.39
SSR_P;2014;790000103;790006654;NCINF;14;14;27.46
SSR_P;2014;790000111;790000046;M1010;2;1;2.1
SSR_P;2014;790000111;790000046;N2460;;1;0.8
SSR_P;2014;790000111;790000046;N2500;19;4;21.1
SSR_P;2014;790000111;790000046;NCINF;11;1;12.1
SSR_P;2014;790000137;790000061;M1010;1;1;0.8
SSR_P;2014;790000137;790000061;N2500;11;2;12.47
SSR_P;2014;790000137;790000061;NCINF;4;2;5.25
SSR_P;2014;790000145;790000079;M1320;;1;0.6
SSR_P;2014;790000145;790000079;MAUT;;1;0.35
SSR_P;2014;790000145;790000079;N241P;1;;0.6
SSR_P;2014;790000145;790000079;N2450;;1;0.4
SSR_P;2014;790000145;790000079;N2460;1;1;1
SSR_P;2014;790000145;790000079;N2500;13;15;24.52
SSR_P;2014;790000145;790000079;N2710;;1;0.75
SSR_P;2014;790000145;790000079;NCINF;5;10;12.33
SSR_P;2014;790000186;790000178;M1010;;3;1.97
SSR_P;2014;790000186;790000178;M1320;;;0.92
SSR_P;2014;790000186;790000178;MAUT;;1;0.85
SSR_P;2014;790000186;790000178;N241P;;;0.9
SSR_P;2014;790000186;790000178;N2450;;1;0.07
SSR_P;2014;790000186;790000178;N2500;10;;10.19
SSR_P;2014;790000186;790000178;N2710;;1;0.23
SSR_P;2014;790000186;790000178;N3120;;1;0.4
SSR_P;2014;790000186;790000178;NAUT;24;7;26.86
SSR_P;2014;790000186;790000178;NCINF;6;3;9.29
SSR_P;2014;790000269;870015336;M1010;;1;0.1
SSR_P;2014;790000269;870015336;M1140;;1;0.8
SSR_P;2014;790000269;870015336;N2450;1;;1
SSR_P;2014;790000269;870015336;N2470;;1;0.4
SSR_P;2014;790000269;870015336;N2710;;1;0.77
SSR_P;2014;790000269;870015336;N310H;11;;8.66
SSR_P;2014;790000269;870015336;NAUT;30;1;17.97
SSR_P;2014;790000269;870015336;NCINF;7;;3.85
SSR_P;2014;790000681;790002497;M1180;7;;7
SSR_P;2014;790000681;790002497;N241P;24;2;25
SSR_P;2014;790000681;790002497;N2430;;1;0.5
SSR_P;2014;790000681;790002497;N2450;1;;1
SSR_P;2014;790000681;790002497;N2460;6;1;6.5
SSR_P;2014;790000681;790002497;N2500;31;9;37.75
SSR_P;2014;790000681;790002497;N2710;2;1;2.75
SSR_P;2014;790000681;790002497;N310H;3;;3
SSR_P;2014;790000681;790002497;N3120;1;2;2.25
SSR_P;2014;790000681;790002497;NCINF;15;6;18.75
SSR_P;2014;790003537;790006654;M1010;3;;0.45
SSR_P;2014;790003537;790006654;N2710;1;;0.25
SSR_P;2014;790003537;790006654;N310H;5;;5
SSR_P;2014;790003537;790006654;NAUT;7;1;6.96
SSR_P;2014;790003537;790006654;NCINF;7;3;9.61
SSR_P;2014;790008064;790002497;M1010;1;3;2.75
SSR_P;2014;790008064;790002497;M1070;0;3;0.5
SSR_P;2014;790008064;790002497;MAUT;;3;0.76
SSR_P;2014;790008064;790002497;N241P;1;1;1.8
SSR_P;2014;790008064;790002497;N2450;1;1;1.25
SSR_P;2014;790008064;790002497;N2460;;1;0.5
SSR_P;2014;790008064;790002497;N2500;13;9;19.25
SSR_P;2014;790008064;790002497;N2710;;1;0.2
SSR_P;2014;790008064;790002497;N310H;4;3;4.81
SSR_P;2014;790008064;790002497;N3120;;1;0.5
SSR_P;2014;790008064;790002497;NAUT;28;20;40.1
SSR_P;2014;790008064;790002497;NCINF;12;9;19.97
SSR_P;2014;800000150;800002982;M1180;;1;0.2
SSR_P;2014;800000150;800002982;N241P;2;0;2
SSR_P;2014;800000184;800000036;M1010;2;;0.66
SSR_P;2014;800000184;800000036;M1040;;1;0.16
SSR_P;2014;800000184;800000036;MAUT;;1;0.05
SSR_P;2014;800000184;800000036;N2450;;1;0.15
SSR_P;2014;800000184;800000036;N2460;;1;0.51
SSR_P;2014;800000184;800000036;N2500;11;1;10.92
SSR_P;2014;800000184;800000036;N2710;;1;0.2
SSR_P;2014;800000184;800000036;N3120;;1;0.12
SSR_P;2014;800000184;800000036;NAUT;3;2;4.54
SSR_P;2014;800000184;800000036;NCINF;7;2;8.07
SSR_P;2014;800000192;800000044;M1010;2;1;1.51
SSR_P;2014;800000192;800000044;M1180;7;1;4.41
SSR_P;2014;800000192;800000044;M1320;1;1;0.64
SSR_P;2014;800000200;800000051;M1010;1;1;1.33
SSR_P;2014;800000200;800000051;M1040;2;4;5.9
SSR_P;2014;800000200;800000051;M1070;;3;0.36
SSR_P;2014;800000200;800000051;M1180;;2;0.6
SSR_P;2014;800000200;800000051;M1320;1;2;2
SSR_P;2014;800000200;800000051;N241P;2;1;2.4
SSR_P;2014;800000200;800000051;N2450;1;3;2.95
SSR_P;2014;800000200;800000051;N2460;3;2;3.36
SSR_P;2014;800000200;800000051;N2470;2;1;2.8
SSR_P;2014;800000200;800000051;N2500;26;3;20.12
SSR_P;2014;800000200;800000051;N2710;3;1;3.5
SSR_P;2014;800000200;800000051;N3120;;4;1.13
SSR_P;2014;800000200;800000051;NAUT;13;1;9.98
SSR_P;2014;800000200;800000051;NCINF;45;10;31.3
SSR_P;2014;800000226;800000069;M1010;3;1;3.24
SSR_P;2014;800000226;800000069;N2450;1;1;1.3
SSR_P;2014;800000226;800000069;N2500;9;7;14.82
SSR_P;2014;800000226;800000069;N2710;1;;0.2
SSR_P;2014;800000226;800000069;NAUT;5;4;6.12
SSR_P;2014;800000226;800000069;NCINF;7;5;10.2
SSR_P;2014;800000275;800000077;M1010;2;;1.41
SSR_P;2014;800000275;800000077;N241P;1;;1
SSR_P;2014;800000275;800000077;N2450;2;;1.2
SSR_P;2014;800000275;800000077;N2460;2;;1.8
SSR_P;2014;800000275;800000077;N2500;17;;15.7
SSR_P;2014;800000275;800000077;N2710;1;;0.4
SSR_P;2014;800000275;800000077;N3120;2;;1.5
SSR_P;2014;800000275;800000077;NAUT;15;;12.46
SSR_P;2014;800000275;800000077;NCINF;17;;14.8
SSR_P;2014;800000390;800000085;M1010;3;1;3.53
SSR_P;2014;800000390;800000085;N241P;1;1;1.48
SSR_P;2014;800000390;800000085;N2450;1;;0.45
SSR_P;2014;800000390;800000085;N2460;1;;0.33
SSR_P;2014;800000390;800000085;N2500;16;4;18.75
SSR_P;2014;800000390;800000085;N3120;1;;1
SSR_P;2014;800000390;800000085;NAUT;4;1;5.04
SSR_P;2014;800000390;800000085;NCINF;8;3;9.73
SSR_P;2014;800000440;800000085;M1010;2;;1.67
SSR_P;2014;800000440;800000085;N2450;1;;0.3
SSR_P;2014;800000440;800000085;N2460;1;;0.8
SSR_P;2014;800000440;800000085;N2500;14;1;13.74
SSR_P;2014;800000440;800000085;N2710;1;1;1.19
SSR_P;2014;800000440;800000085;NAUT;9;1;10.01
SSR_P;2014;800000440;800000085;NCINF;10;4;13.33
SSR_P;2014;800000507;800000135;M1010;1;1;1.15
SSR_P;2014;800000507;800000135;N2500;21;3;22.5
SSR_P;2014;800000507;800000135;NAUT;10;3;11.5
SSR_P;2014;800000507;800000135;NCINF;8;1;8.8
SSR_P;2014;800000614;800000044;M1010;;1;0.5
SSR_P;2014;800000614;800000044;M1320;;2;0.64
SSR_P;2014;800000614;800000044;N241P;0;3;1.81
SSR_P;2014;800000614;800000044;N2460;0;2;1.69
SSR_P;2014;800000614;800000044;N2470;1;1;1.86
SSR_P;2014;800000614;800000044;N2500;15;1;15.72
SSR_P;2014;800000614;800000044;NAUT;4;3;6.7
SSR_P;2014;800000614;800000044;NCINF;9;1;8.19
SSR_P;2014;800004152;800000093;M1010;1;;1
SSR_P;2014;800004152;800000093;N2500;5;3;7.4
SSR_P;2014;800004152;800000093;NAUT;;1;0.8
SSR_P;2014;800004152;800000093;NCINF;2;2;3.3
SSR_P;2014;800006124;800000044;M1010;1;1;1.51
SSR_P;2014;800006124;800000044;M1180;7;1;4.41
SSR_P;2014;800006124;800000044;M1320;1;1;0.64
SSR_P;2014;800006124;800000044;N2460;1;;1
SSR_P;2014;800006124;800000044;N2500;16;6;25.26
SSR_P;2014;800006124;800000044;N2710;1;1;1.1
SSR_P;2014;800006124;800000044;NAUT;11;1;16.19
SSR_P;2014;800006124;800000044;NCINF;15;4;21.27
SSR_P;2014;800006231;800000028;M1320;1;1;1.76
SSR_P;2014;800006231;800000028;N2500;17;3;21.32
SSR_P;2014;800006231;800000028;NAUT;4;1;3.6
SSR_P;2014;800006231;800000028;NCINF;10;2;11.29
SSR_P;2014;800008989;800002941;M1010;0;2;0.56
SSR_P;2014;800008989;800002941;M1180;0;2;0.63
SSR_P;2014;800008989;800002941;MAUT;0;2;0.17
SSR_P;2014;800008989;800002941;N241P;2;1;2.9
SSR_P;2014;800008989;800002941;N2450;0;1;0.11
SSR_P;2014;800008989;800002941;N2460;0;1;0.8
SSR_P;2014;800008989;800002941;N2500;11;4;13.73
SSR_P;2014;800008989;800002941;N2710;0;1;0.05
SSR_P;2014;800008989;800002941;N310H;0;1;0.8
SSR_P;2014;800008989;800002941;N3120;0;1;0.4
SSR_P;2014;800008989;800002941;NAUT;0;2;0.48
SSR_P;2014;800008989;800002941;NCINF;5;3;6.4
SSR_P;2014;800012528;800003071;M1010;;3;0.66
SSR_P;2014;800012528;800003071;M1120;;1;0.04
SSR_P;2014;800012528;800003071;M1180;2;;2
SSR_P;2014;800012528;800003071;MAUT;;2;0.16
SSR_P;2014;800012528;800003071;N241P;10;;10
SSR_P;2014;800012528;800003071;N2430;;1;0.4
SSR_P;2014;800012528;800003071;N2450;;1;0.3
SSR_P;2014;800012528;800003071;N2460;;2;2
SSR_P;2014;800012528;800003071;N2470;;2;1.5
SSR_P;2014;800012528;800003071;N2500;12;1;12.83
SSR_P;2014;800012528;800003071;N2710;;2;1
SSR_P;2014;800012528;800003071;N310H;2;;2
SSR_P;2014;800012528;800003071;N3120;;1;0.5
SSR_P;2014;800012528;800003071;NCINF;7;4;10
SSR_P;2014;800016727;800003071;M1320;1;2;1.15
SSR_P;2014;800016727;800003071;N241P;1;;1
SSR_P;2014;800016727;800003071;N2500;6;2;6.2
SSR_P;2014;800016727;800003071;N2710;;1;0.22
SSR_P;2014;800016727;800003071;N3120;;1;0.28
SSR_P;2014;800016727;800003071;NCINF;8;;8
SSR_P;2014;800016735;800000044;M1010;;1;0.5
SSR_P;2014;810000158;810100099;M1010;1;2;1.3
SSR_P;2014;810000158;810100099;N241P;1;;1
SSR_P;2014;810000158;810100099;N2450;;1;0.08
SSR_P;2014;810000158;810100099;N2460;;1;0.3
SSR_P;2014;810000158;810100099;N2500;5;3;7
SSR_P;2014;810000158;810100099;N2710;;1;0.02
SSR_P;2014;810000158;810100099;N3120;;1;0.06
SSR_P;2014;810000158;810100099;NCINF;4;4;6.8
SSR_P;2014;810000232;810099903;M1010;;1;0.2
SSR_P;2014;810000232;810099903;M1180;3;;3
SSR_P;2014;810000232;810099903;MAUT;;1;0.5
SSR_P;2014;810000232;810099903;N241P;8;7;14.54
SSR_P;2014;810000232;810099903;N2430;1;2;1.5
SSR_P;2014;810000232;810099903;N2460;2;4;5.16
SSR_P;2014;810000232;810099903;N2500;3;29;29.37
SSR_P;2014;810000232;810099903;N2710;;2;0.59
SSR_P;2014;810000232;810099903;N310H;;1;0.71
SSR_P;2014;810000232;810099903;N3120;;1;0.94
SSR_P;2014;810000232;810099903;NCINF;2;13;14.78
SSR_P;2014;810000448;810099945;M1010;;1;0.1
SSR_P;2014;810000448;810099945;M1180;;1;0.03
SSR_P;2014;810000448;810099945;M1320;;3;1.18
SSR_P;2014;810000448;810099945;N241P;;3;1.74
SSR_P;2014;810000448;810099945;N2460;;1;0.3
SSR_P;2014;810000448;810099945;N2500;4;23;15.49
SSR_P;2014;810000448;810099945;N2710;;1;0.07
SSR_P;2014;810000448;810099945;N3120;;1;0.5
SSR_P;2014;810000448;810099945;NAUT;;14;6.58
SSR_P;2014;810000448;810099945;NCINF;1;23;12.16
SSR_P;2014;810000505;810000331;MAUT;1;;1
SSR_P;2014;810000505;810000331;N241P;1;;0.67
SSR_P;2014;810000505;810000331;N2500;8;1;9.81
SSR_P;2014;810000505;810000331;NAUT;3;;3.74
SSR_P;2014;810000505;810000331;NCINF;9;;7.32
SSR_P;2014;810000513;810000349;M1010;;1;0.6
SSR_P;2014;810000513;810000349;M1190;1;;1
SSR_P;2014;810000513;810000349;N241P;6;;4.92
SSR_P;2014;810000513;810000349;N2450;;3;0.48
SSR_P;2014;810000513;810000349;N2460;1;;0.49
SSR_P;2014;810000513;810000349;N2500;10;4;13.03
SSR_P;2014;810000513;810000349;N2710;1;;0.3
SSR_P;2014;810000513;810000349;NAUT;4;1;5.45
SSR_P;2014;810000513;810000349;NCINF;3;5;7.5
SSR_P;2014;810000539;810000398;M1010;;;0.75
SSR_P;2014;810000539;810000398;M1320;1;1;0.3
SSR_P;2014;810000539;810000398;N241P;;;0.56
SSR_P;2014;810000539;810000398;N2450;;1;0.2
SSR_P;2014;810000539;810000398;N2460;;1;0.2
SSR_P;2014;810000539;810000398;N2500;14;1;7.8
SSR_P;2014;810000539;810000398;N2710;;1;0.2
SSR_P;2014;810000539;810000398;N3120;;1;0.53
SSR_P;2014;810000539;810000398;NAUT;1;3;2.8
SSR_P;2014;810000539;810000398;NCINF;11;;5.53
SSR_P;2014;810000547;810000380;M1040;;2;0.7
SSR_P;2014;810000547;810000380;M1180;1;;0.05
SSR_P;2014;810000547;810000380;M1320;1;1;1.8
SSR_P;2014;810000547;810000380;N241P;6;5;1.63
SSR_P;2014;810000547;810000380;N2450;;1;0.08
SSR_P;2014;810000547;810000380;N2470;1;;0.22
SSR_P;2014;810000547;810000380;N2500;22;5;23.38
SSR_P;2014;810000547;810000380;N3120;;2;0.4
SSR_P;2014;810000547;810000380;NAUT;5;1;6.38
SSR_P;2014;810000547;810000380;NCINF;11;10;15.65
SSR_P;2014;810000562;810000455;M1010;;1;0.65
SSR_P;2014;810000562;810000455;M1180;3;1;2.26
SSR_P;2014;810000562;810000455;M1320;1;;0.35
SSR_P;2014;810000562;810000455;N241P;6;2;7.92
SSR_P;2014;810000562;810000455;N2430;;1;0.34
SSR_P;2014;810000562;810000455;N2460;1;1;1.86
SSR_P;2014;810000562;810000455;N2500;24;5;27.21
SSR_P;2014;810000562;810000455;N2710;;1;0.25
SSR_P;2014;810000562;810000455;N3120;1;;0.81
SSR_P;2014;810000562;810000455;NAUT;7;1;7.83
SSR_P;2014;810000562;810000455;NCINF;15;5;18
SSR_P;2014;810003954;810099903;M1010;;1;0.7
SSR_P;2014;810003954;810099903;M1180;1;;0.7
SSR_P;2014;810003954;810099903;M1320;1;1;1.13
SSR_P;2014;810003954;810099903;MAUT;;1;0.5
SSR_P;2014;810003954;810099903;N241P;3;2;3.82
SSR_P;2014;810003954;810099903;N2460;1;2;2.49
SSR_P;2014;810003954;810099903;N2500;8;17;22.67
SSR_P;2014;810003954;810099903;N2710;;1;0.29
SSR_P;2014;810003954;810099903;N310H;;1;0.57
SSR_P;2014;810003954;810099903;N3120;;2;1.44
SSR_P;2014;810003954;810099903;NCINF;7;9;14.59
SSR_P;2014;810004200;920000395;M1010;1;1;1.8
SSR_P;2014;810004200;920000395;M1070;;4;0.8
SSR_P;2014;810004200;920000395;M1320;1;2;2.55
SSR_P;2014;810004200;920000395;N241P;;5;1.8
SSR_P;2014;810004200;920000395;N2450;2;;2
SSR_P;2014;810004200;920000395;N2500;12;2;13.25
SSR_P;2014;810004200;920000395;N2710;;1;0.43
SSR_P;2014;810004200;920000395;N310H;1;;1
SSR_P;2014;810004200;920000395;N3120;;1;0.5
SSR_P;2014;810004200;920000395;NAUT;23;1;23.5
SSR_P;2014;810004200;920000395;NCINF;11;5;14.6
SSR_P;2014;810099838;810000380;M1010;1;2;1.11
SSR_P;2014;810099838;810000380;M1180;1;;0.95
SSR_P;2014;810099838;810000380;N241P;6;5;3.41
SSR_P;2014;810099838;810000380;N2460;1;;1
SSR_P;2014;810099838;810000380;N2470;;;0.01
SSR_P;2014;810099838;810000380;N2500;19;5;22.58
SSR_P;2014;810099838;810000380;N3120;;1;0.34
SSR_P;2014;810099838;810000380;NAUT;4;3;4.69
SSR_P;2014;810099838;810000380;NCINF;11;2;11.66
SSR_P;2014;810101170;810101162;N2450;;2;0.32
SSR_P;2014;810101170;810101162;N2460;;1;0.21
SSR_P;2014;810101170;810101162;N2500;9;2;12.1
SSR_P;2014;810101170;810101162;N310H;1;;0.98
SSR_P;2014;810101170;810101162;N3120;;1;0.6
SSR_P;2014;810101170;810101162;NCINF;8;1;7.46
SSR_P;2014;820000032;820000016;M1010;;1;0.17
SSR_P;2014;820000032;820000016;M1180;3;;2.7
SSR_P;2014;820000032;820000016;M1320;1;;0.15
SSR_P;2014;820000032;820000016;N241P;6;4;5.92
SSR_P;2014;820000032;820000016;N2430;;3;0.49
SSR_P;2014;820000032;820000016;N2460;1;2;2.29
SSR_P;2014;820000032;820000016;N2500;39;3;34.31
SSR_P;2014;820000032;820000016;N2710;1;;0.5
SSR_P;2014;820000032;820000016;N310H;1;;1
SSR_P;2014;820000032;820000016;N3120;1;1;1.13
SSR_P;2014;820000032;820000016;NAUT;9;2;7.62
SSR_P;2014;820000032;820000016;NCINF;17;10;19.73
SSR_P;2014;820000198;820004950;M1010;;3;1.38
SSR_P;2014;820000198;820004950;M1180;1;;0.5
SSR_P;2014;820000198;820004950;N241P;1;1;1.83
SSR_P;2014;820000198;820004950;N2460;;1;0.46
SSR_P;2014;820000198;820004950;N2500;14;5;17.98
SSR_P;2014;820000198;820004950;N2710;1;;1
SSR_P;2014;820000198;820004950;N3120;;2;0.68
SSR_P;2014;820000198;820004950;NAUT;3;2;4.6
SSR_P;2014;820000198;820004950;NCINF;9;7;12.29
SSR_P;2014;820000412;820000560;M1010;0;1;0.1
SSR_P;2014;820000412;820000560;M3020;1;2;1.63
SSR_P;2014;820000412;820000560;N2450;0;1;0.23
SSR_P;2014;820000412;820000560;N2460;1;0;1
SSR_P;2014;820000412;820000560;N2710;0;1;0.77
SSR_P;2014;820000412;820000560;N310H;1;1;1.2
SSR_P;2014;820000412;820000560;N3120;0;1;0.23
SSR_P;2014;820000412;820000560;NCINF;6;2;6.93
SSR_P;2014;820000420;820000206;M1010;;4;0.8
SSR_P;2014;820000420;820000206;MAUT;;1;0.5
SSR_P;2014;820000420;820000206;N2500;16;2;17.71
SSR_P;2014;820000420;820000206;N3120;;1;0.23
SSR_P;2014;820000420;820000206;NAUT;12;5;14.3
SSR_P;2014;820000420;820000206;NCINF;5;7;10.84
SSR_P;2014;820000461;820000248;M1010;15;;0.75
SSR_P;2014;820000883;820004950;M1010;0;0;0.08
SSR_P;2014;820000883;820004950;N2500;0;0;0.64
SSR_P;2014;820000883;820004950;N3120;0;0;0.02
SSR_P;2014;820000883;820004950;NCINF;0;0;0.65
SSR_P;2014;820002350;820000578;M1040;3;4;5.6
SSR_P;2014;820002350;820000578;MAUT;;1;0.46
SSR_P;2014;820002350;820000578;N241P;2;1;2.57
SSR_P;2014;820002350;820000578;N2450;1;1;1.85
SSR_P;2014;820002350;820000578;N2500;4;3;6.56
SSR_P;2014;820002350;820000578;N2710;;2;0.98
SSR_P;2014;820002350;820000578;N3120;;1;0.23
SSR_P;2014;820002350;820000578;NAUT;2;2;3.02
SSR_P;2014;820002350;820000578;NCINF;15;2;16.15
SSR_P;2014;820003218;820008142;M1010;1;2;1.7
SSR_P;2014;820003218;820008142;M1040;;2;0.1
SSR_P;2014;820003218;820008142;M1070;;2;0.1
SSR_P;2014;820003218;820008142;M1120;;3;0.1
SSR_P;2014;820003218;820008142;M1150;;1;0.1
SSR_P;2014;820003218;820008142;M1180;0;1;0.13
SSR_P;2014;820003218;820008142;M1320;2;0;2
SSR_P;2014;820003218;820008142;M3020;;1;0.05
SSR_P;2014;820003218;820008142;MAUT;;2;0.84
SSR_P;2014;820003218;820008142;N241P;8;0;8
SSR_P;2014;820003218;820008142;N2430;0;2;1.5
SSR_P;2014;820003218;820008142;N2450;0;1;0.75
SSR_P;2014;820003218;820008142;N2460;1;0;1
SSR_P;2014;820003218;820008142;N2500;26;1;27.8
SSR_P;2014;820003218;820008142;N2710;1;0;1
SSR_P;2014;820003218;820008142;N3120;0;1;0.74
SSR_P;2014;820003218;820008142;NAUT;11;5;14.42
SSR_P;2014;820003218;820008142;NCINF;16;4;20.8
SSR_P;2014;830000287;830100525;M1040;3;;0.5
SSR_P;2014;830000287;830100525;N2450;;1;0.2
SSR_P;2014;830000287;830100525;N2500;;1;0.05
SSR_P;2014;830000287;830100525;N2710;;1;0.1
SSR_P;2014;830000287;830100525;NAUT;1;1;1.1
SSR_P;2014;830000287;830100525;NCINF;2;;2
SSR_P;2014;830000303;830100541;M1010;4;1;4.46
SSR_P;2014;830000303;830100541;M1040;3;1;3.87
SSR_P;2014;830000303;830100541;M1120;;1;0.07
SSR_P;2014;830000303;830100541;M1180;5;3;5.61
SSR_P;2014;830000303;830100541;M3020;;1;0.07
SSR_P;2014;830000303;830100541;MAUT;4;11;4.51
SSR_P;2014;830000303;830100541;N241P;25;5;25.61
SSR_P;2014;830000303;830100541;N2430;2;;2
SSR_P;2014;830000303;830100541;N2450;1;3;2.9
SSR_P;2014;830000303;830100541;N2460;11;;9.1
SSR_P;2014;830000303;830100541;N2500;61;4;57.83
SSR_P;2014;830000303;830100541;N2710;1;;0.93
SSR_P;2014;830000303;830100541;N3120;1;1;1.79
SSR_P;2014;830000303;830100541;NAUT;144;15;143.63
SSR_P;2014;830000303;830100541;NCINF;69;9;67.29
SSR_P;2014;830016556;830000451;M1010;;3;0.9
SSR_P;2014;830016556;830000451;M1040;;1;0.1
SSR_P;2014;830016556;830000451;M1150;;1;0.1
SSR_P;2014;830016556;830000451;M1190;;1;0.6
SSR_P;2014;830016556;830000451;N241P;2;2;3
SSR_P;2014;830016556;830000451;N2450;;1;0.15
SSR_P;2014;830016556;830000451;N2500;14;9;16.4
SSR_P;2014;830016556;830000451;N2710;;1;0.1
SSR_P;2014;830016556;830000451;N3120;;1;0.15
SSR_P;2014;830016556;830000451;NAUT;9;17;19.9
SSR_P;2014;830016556;830000451;NCINF;8;9;10.2
SSR_P;2014;830017372;750721235;M1010;;1;0.3
SSR_P;2014;830017372;750721235;M1320;2;2;2.51
SSR_P;2014;830017372;750721235;MAUT;;2;0.53
SSR_P;2014;830017372;750721235;N241P;;3;1.91
SSR_P;2014;830017372;750721235;N2450;;1;0.3
SSR_P;2014;830017372;750721235;N2500;19;2;20.78
SSR_P;2014;830017372;750721235;N2710;;2;0.64
SSR_P;2014;830017372;750721235;N310H;;3;0.23
SSR_P;2014;830017372;750721235;N3120;;1;0.21
SSR_P;2014;830017372;750721235;NAUT;9;45;23.88
SSR_P;2014;830017372;750721235;NCINF;13;3;15.2
SSR_P;2014;830100012;750712184;M1010;2;10;6.79
SSR_P;2014;830100012;750712184;M1120;0;1;0.3
SSR_P;2014;830100012;750712184;M1140;1;1;1.03
SSR_P;2014;830100012;750712184;M1180;2;2;2.6
SSR_P;2014;830100012;750712184;M3020;0;1;0.45
SSR_P;2014;830100012;750712184;MAUT;1;1;1.3
SSR_P;2014;830100012;750712184;N241P;14;1;14.07
SSR_P;2014;830100012;750712184;N2430;1;0;1
SSR_P;2014;830100012;750712184;N2450;1;3;2.94
SSR_P;2014;830100012;750712184;N2460;2;1;2.83
SSR_P;2014;830100012;750712184;N2470;4;1;4.7
SSR_P;2014;830100012;750712184;N2500;209;66;258.35
SSR_P;2014;830100012;750712184;N2710;0;3;1.98
SSR_P;2014;830100012;750712184;N310H;10;4;12.7
SSR_P;2014;830100012;750712184;N3120;2;0;1.25
SSR_P;2014;830100012;750712184;NCINF;99;35;126.08
SSR_P;2014;830100087;750043994;M1040;5;;6.36
SSR_P;2014;830100087;750043994;N241P;;3;2.5
SSR_P;2014;830100087;750043994;N2450;;1;0.8
SSR_P;2014;830100087;750043994;N2500;2;;1.62
SSR_P;2014;830100087;750043994;N2710;;1;0.51
SSR_P;2014;830100087;750043994;NCINF;10;7;18.09
SSR_P;2014;830100558;690781810;M1010;7;6;7.43
SSR_P;2014;830100558;690781810;M1040;1;3;1.85
SSR_P;2014;830100558;690781810;M1140;;;0.48
SSR_P;2014;830100558;690781810;M1150;1;;0.75
SSR_P;2014;830100558;690781810;M1180;4;;3.05
SSR_P;2014;830100558;690781810;M1190;;1;1
SSR_P;2014;830100558;690781810;M1320;1;;0.5
SSR_P;2014;830100558;690781810;M3020;;1;0.05
SSR_P;2014;830100558;690781810;MAUT;;2;1.55
SSR_P;2014;830100558;690781810;N241P;2;;2.4
SSR_P;2014;830100558;690781810;N2450;;;0.18
SSR_P;2014;830100558;690781810;N2460;;;0.92
SSR_P;2014;830100558;690781810;N2500;48;13;54.46
SSR_P;2014;830100558;690781810;N2710;2;;2.3
SSR_P;2014;830100558;690781810;N310H;2;1;2.76
SSR_P;2014;830100558;690781810;NAUT;11;4;12.89
SSR_P;2014;830100558;690781810;NCINF;70;14;67.72
SSR_P;2014;830100608;830100616;M1010;2;;2
SSR_P;2014;830100608;830100616;M1180;1;;1
SSR_P;2014;830100608;830100616;N2430;;1;0.26
SSR_P;2014;830100608;830100616;N2500;16;4;19.35
SSR_P;2014;830100608;830100616;N2710;;1;0.86
SSR_P;2014;830100608;830100616;NAUT;6;1;6.37
SSR_P;2014;830100608;830100616;NCINF;12;4;15.81
SSR_P;2014;830100624;830000352;M1180;4;;4
SSR_P;2014;830100624;830000352;M1320;1;1;1.13
SSR_P;2014;830100624;830000352;MAUT;2;;2
SSR_P;2014;830100624;830000352;N241P;14;6;16.66
SSR_P;2014;830100624;830000352;N2430;1;1;1.5
SSR_P;2014;830100624;830000352;N2450;;1;0.7
SSR_P;2014;830100624;830000352;N2460;3;1;3.96
SSR_P;2014;830100624;830000352;N2470;1;;1
SSR_P;2014;830100624;830000352;N2500;30;18;35.39
SSR_P;2014;830100624;830000352;N2710;;1;0.51
SSR_P;2014;830100624;830000352;N310H;3;;3
SSR_P;2014;830100624;830000352;N3120;1;;1
SSR_P;2014;830100624;830000352;NAUT;3;;3
SSR_P;2014;830100624;830000352;NCINF;14;43;27.85
SSR_P;2014;830100632;250002284;M1180;5;;5
SSR_P;2014;830100681;750005068;M1010;1;;1
SSR_P;2014;830100681;750005068;M1180;7;3;9.4
SSR_P;2014;830100681;750005068;MAUT;1;;1
SSR_P;2014;830100681;750005068;N241P;15;4;18.1
SSR_P;2014;830100681;750005068;N2430;1;;1
SSR_P;2014;830100681;750005068;N2450;;2;1.6
SSR_P;2014;830100681;750005068;N2460;4;3;5.8
SSR_P;2014;830100681;750005068;N2500;42;1;42.5
SSR_P;2014;830100681;750005068;N2710;1;3;3
SSR_P;2014;830100681;750005068;N3120;2;1;2.5
SSR_P;2014;830100681;750005068;NAUT;3;;3
SSR_P;2014;830100681;750005068;NCINF;39;4;41.6
SSR_P;2014;830100756;750043994;M1010;;1;0.21
SSR_P;2014;830100756;750043994;M3020;;1;0.14
SSR_P;2014;830100756;750043994;N241P;;1;0.26
SSR_P;2014;830100756;750043994;N2450;;1;0.1
SSR_P;2014;830100756;750043994;N2460;;1;0.3
SSR_P;2014;830100756;750043994;N2470;;1;0.31
SSR_P;2014;830100756;750043994;N2500;2;;1
SSR_P;2014;830100756;750043994;N2710;;1;0.18
SSR_P;2014;830100756;750043994;N310H;;1;0.08
SSR_P;2014;830100756;750043994;NCINF;2;1;2.14
SSR_P;2014;830100764;440052041;M1010;2;;2
SSR_P;2014;830100764;440052041;M1320;3;;3
SSR_P;2014;830100764;440052041;MAUT;;1;0.84
SSR_P;2014;830100764;440052041;N241P;;7;3.5
SSR_P;2014;830100764;440052041;N2450;1;;1
SSR_P;2014;830100764;440052041;N2460;1;;1
SSR_P;2014;830100764;440052041;N2470;1;;1
SSR_P;2014;830100764;440052041;N2500;18;6;22.57
SSR_P;2014;830100764;440052041;N2710;1;;1
SSR_P;2014;830100764;440052041;N310H;2;;2
SSR_P;2014;830100764;440052041;N3120;;1;0.8
SSR_P;2014;830100764;440052041;NCINF;14;7;18.39
SSR_P;2014;830100806;750043994;M1010;;1;0.37
SSR_P;2014;830100806;750043994;M1040;;6;0.1
SSR_P;2014;830100806;750043994;M1180;1;1;1.8
SSR_P;2014;830100806;750043994;M1320;2;;2
SSR_P;2014;830100806;750043994;N241P;7;3;5.93
SSR_P;2014;830100806;750043994;N2430;;2;0.4
SSR_P;2014;830100806;750043994;N2450;;1;0.34
SSR_P;2014;830100806;750043994;N2460;1;1;1.6
SSR_P;2014;830100806;750043994;N2500;15;16;18.66
SSR_P;2014;830100806;750043994;N2710;;1;0.5
SSR_P;2014;830100806;750043994;N310H;1;1;1.1
SSR_P;2014;830100806;750043994;N3120;;1;0.4
SSR_P;2014;830100806;750043994;NAUT;7;3;9.16
SSR_P;2014;830100806;750043994;NCINF;14;17;16.08
SSR_P;2014;830100814;750043994;M1010;2;2;2.28
SSR_P;2014;830100814;750043994;M1180;;2;1.3
SSR_P;2014;830100814;750043994;M1320;1;;1
SSR_P;2014;830100814;750043994;N241P;4;1;4.45
SSR_P;2014;830100814;750043994;N2450;;1;0.42
SSR_P;2014;830100814;750043994;N2460;1;;0.94
SSR_P;2014;830100814;750043994;N2500;12;2;15.07
SSR_P;2014;830100814;750043994;N2710;;1;0.55
SSR_P;2014;830100814;750043994;N3120;;1;0.49
SSR_P;2014;830100814;750043994;NAUT;23;5;26.91
SSR_P;2014;830100814;750043994;NCINF;10;4;13.87
SSR_P;2014;830100822;830000477;M1010;1;3;3.01
SSR_P;2014;830100822;830000477;M1140;;1;0.3
SSR_P;2014;830100822;830000477;N2450;2;4;4.41
SSR_P;2014;830100822;830000477;N2470;1;1;1.83
SSR_P;2014;830100822;830000477;N2710;1;3;2.3
SSR_P;2014;830100822;830000477;N310H;17;4;19.93
SSR_P;2014;830100822;830000477;NCINF;4;3;6.27
SSR_P;2014;830100855;830000493;M1010;;2;1.4
SSR_P;2014;830100855;830000493;M1320;2;3;4.26
SSR_P;2014;830100855;830000493;N241P;5;;5
SSR_P;2014;830100855;830000493;N2430;;1;0.42
SSR_P;2014;830100855;830000493;N2450;;2;1.28
SSR_P;2014;830100855;830000493;N2460;;1;0.5
SSR_P;2014;830100855;830000493;N2500;29;11;48.05
SSR_P;2014;830100855;830000493;N2710;;2;0.33
SSR_P;2014;830100855;830000493;N310H;;1;1
SSR_P;2014;830100855;830000493;N3120;;1;0.95
SSR_P;2014;830100855;830000493;NCINF;18;8;24.68
SSR_P;2014;830100863;830000501;M1010;;2;0.6
SSR_P;2014;830100863;830000501;M1070;;2;0.7
SSR_P;2014;830100863;830000501;M3020;;1;0.2
SSR_P;2014;830100863;830000501;N2450;2;1;2.77
SSR_P;2014;830100863;830000501;N2710;;2;0.9
SSR_P;2014;830100863;830000501;N3120;;1;0.04
SSR_P;2014;830100863;830000501;NAUT;;3;1.19
SSR_P;2014;830100863;830000501;NCINF;3;6;6.27
SSR_P;2014;830100871;830000519;M1010;;2;1
SSR_P;2014;830100871;830000519;N241P;1;;1
SSR_P;2014;830100871;830000519;N2500;;3;2.68
SSR_P;2014;830100871;830000519;N3120;;1;0.28
SSR_P;2014;830100871;830000519;NAUT;3;6;6.84
SSR_P;2014;830100871;830000519;NCINF;1;6;4.93
SSR_P;2014;830100889;830000527;M1010;;2;0.16
SSR_P;2014;830100889;830000527;M1070;;1;0.06
SSR_P;2014;830100889;830000527;M1140;;1;0.2
SSR_P;2014;830100889;830000527;M3020;;1;0.06
SSR_P;2014;830100889;830000527;N241P;;1;0.03
SSR_P;2014;830100889;830000527;N2430;;1;0.1
SSR_P;2014;830100889;830000527;N2450;1;1;1.28
SSR_P;2014;830100889;830000527;N2710;;1;0.4
SSR_P;2014;830100889;830000527;N310H;3;3;5.11
SSR_P;2014;830100889;830000527;N3120;;1;0.03
SSR_P;2014;830100889;830000527;NAUT;;1;0.43
SSR_P;2014;830100889;830000527;NCINF;4;3;5.87
SSR_P;2014;830101010;830000568;M1120;;1;0.01
SSR_P;2014;830101010;830000568;M1140;;2;1.4
SSR_P;2014;830101010;830000568;M1180;;1;0.02
SSR_P;2014;830101010;830000568;N241P;;6;1.2
SSR_P;2014;830101010;830000568;N2430;;1;0.11
SSR_P;2014;830101010;830000568;N2450;;1;0.02
SSR_P;2014;830101010;830000568;N2470;;1;0.5
SSR_P;2014;830101010;830000568;N2500;8;40;21.78
SSR_P;2014;830101010;830000568;N2710;;2;0.7
SSR_P;2014;830101010;830000568;N310H;;2;1.18
SSR_P;2014;830101010;830000568;NCINF;1;15;6.06
SSR_P;2014;830101408;830000659;M1010;;1;0.8
SSR_P;2014;830101408;830000659;M1180;;2;0.2
SSR_P;2014;830101408;830000659;M1320;;2;1.72
SSR_P;2014;830101408;830000659;M3020;;1;0.05
SSR_P;2014;830101408;830000659;N241P;;3;1.65
SSR_P;2014;830101408;830000659;N2430;;1;0.05
SSR_P;2014;830101408;830000659;N2450;;1;0.9
SSR_P;2014;830101408;830000659;N2500;10;3;12.22
SSR_P;2014;830101408;830000659;N3120;;1;0.3
SSR_P;2014;830101408;830000659;NAUT;19;;19
SSR_P;2014;830101408;830000659;NCINF;4;7;9.5
SSR_P;2014;830200507;830013678;M1040;;1;0.09
SSR_P;2014;830200507;830013678;M1180;;1;0.03
SSR_P;2014;830200507;830013678;M1320;1;2;2.27
SSR_P;2014;830200507;830013678;MAUT;;1;0.23
SSR_P;2014;830200507;830013678;N241P;3;;3
SSR_P;2014;830200507;830013678;N2450;1;;0.9
SSR_P;2014;830200507;830013678;N2460;1;;0.8
SSR_P;2014;830200507;830013678;N2500;22;2;23.6
SSR_P;2014;830200507;830013678;N2710;;1;0.8
SSR_P;2014;830200507;830013678;N3120;;1;0.5
SSR_P;2014;830200507;830013678;NCINF;10;3;11.1
SSR_P;2014;830202743;830100616;M1010;3;;2.52
SSR_P;2014;830202743;830100616;M1190;1;;0.62
SSR_P;2014;830202743;830100616;N2430;;1;0.26
SSR_P;2014;830202743;830100616;N2500;24;10;33.02
SSR_P;2014;830202743;830100616;N2710;;1;0.32
SSR_P;2014;830202743;830100616;NAUT;8;2;10.18
SSR_P;2014;830202743;830100616;NCINF;18;4;21.68
SSR_P;2014;830206298;830100517;M1010;;1;0.6
SSR_P;2014;830206298;830100517;N241P;1;;1.04
SSR_P;2014;830206298;830100517;N2450;;;0.11
SSR_P;2014;830206298;830100517;N2500;11;;7.87
SSR_P;2014;830206298;830100517;N2710;;;0.03
SSR_P;2014;830206298;830100517;N3120;;;0.8
SSR_P;2014;830206298;830100517;NAUT;2;;2.01
SSR_P;2014;830206298;830100517;NCINF;6;;5.36
SSR_P;2014;830206397;830017893;M1180;1;2;2
SSR_P;2014;830206397;830017893;N241P;17;4;15.5
SSR_P;2014;830206397;830017893;N2460;3;;2.9
SSR_P;2014;830206397;830017893;N2500;1;;1
SSR_P;2014;830206397;830017893;N2710;;1;0.4
SSR_P;2014;830206397;830017893;N310H;1;1;1.5
SSR_P;2014;830206397;830017893;N3120;;1;0.2
SSR_P;2014;830206397;830017893;NAUT;8;;4.9
SSR_P;2014;830206397;830017893;NCINF;1;1;1.5
SSR_P;2014;830206983;830008819;M1010;1;0;0.88
SSR_P;2014;830206983;830008819;N241P;0;1;0.9
SSR_P;2014;830206983;830008819;N2450;1;0;0.5
SSR_P;2014;830206983;830008819;N2500;11;1;12.28
SSR_P;2014;830206983;830008819;N2710;0;1;0.14
SSR_P;2014;830206983;830008819;N3120;1;0;0.45
SSR_P;2014;830206983;830008819;NAUT;4;2;4.55
SSR_P;2014;830206983;830008819;NCINF;9;3;6.75
SSR_P;2014;830213880;830100566;M1320;2;;1.9
SSR_P;2014;830213880;830100566;N241P;1;1;1.7
SSR_P;2014;830213880;830100566;N2450;;1;0.5
SSR_P;2014;830213880;830100566;N2500;12;;11.5
SSR_P;2014;830213880;830100566;N2710;;1;0.5
SSR_P;2014;830213880;830100566;N3120;;1;0.7
SSR_P;2014;830213880;830100566;NCINF;11;;10.45
SSR_P;2014;840000202;130037815;M1180;;3;1.8
SSR_P;2014;840000202;130037815;N241P;;3;1.57
SSR_P;2014;840000202;130037815;N2450;;1;0.48
SSR_P;2014;840000202;130037815;N2470;;1;0.25
SSR_P;2014;840000202;130037815;N2500;19;3;17.73
SSR_P;2014;840000202;130037815;N2710;;1;0.49
SSR_P;2014;840000202;130037815;N310H;1;;1
SSR_P;2014;840000202;130037815;N3120;;1;0.49
SSR_P;2014;840000202;130037815;NAUT;7;3;8.99
SSR_P;2014;840000202;130037815;NCINF;12;;11.38
SSR_P;2014;840000343;840000012;M1320;;2;0.95
SSR_P;2014;840000343;840000012;N241P;;1;0.5
SSR_P;2014;840000343;840000012;N2450;;1;0.3
SSR_P;2014;840000343;840000012;N2460;1;;1
SSR_P;2014;840000343;840000012;N2500;11;7;16
SSR_P;2014;840000343;840000012;N2710;;1;0.5
SSR_P;2014;840000343;840000012;N3120;;1;0.2
SSR_P;2014;840000343;840000012;NAUT;;4;4
SSR_P;2014;840000343;840000012;NCINF;6;4;7.98
SSR_P;2014;840000376;840000038;M1010;;1;0.1
SSR_P;2014;840000376;840000038;N241P;;2;0.9
SSR_P;2014;840000376;840000038;N2500;4;7;8.04
SSR_P;2014;840000376;840000038;N2710;;1;0.1
SSR_P;2014;840000376;840000038;N3120;;1;0.2
SSR_P;2014;840000376;840000038;NCINF;3;8;6.07
SSR_P;2014;840000418;840004659;M1320;1;;0.5
SSR_P;2014;840000418;840004659;N241P;;1;0.2
SSR_P;2014;840000418;840004659;N2460;;1;0.2
SSR_P;2014;840000418;840004659;N2500;5;1;5.8
SSR_P;2014;840000418;840004659;N3120;;1;0.5
SSR_P;2014;840000418;840004659;NCINF;4;2;4.8
SSR_P;2014;840000426;840000061;M1010;;2;0.4
SSR_P;2014;840000426;840000061;MAUT;;2;0.1
SSR_P;2014;840000426;840000061;N241P;;2;0.3
SSR_P;2014;840000426;840000061;N2450;;1;0.15
SSR_P;2014;840000426;840000061;N2500;5;1;5.55
SSR_P;2014;840000426;840000061;N3120;;1;0.2
SSR_P;2014;840000426;840000061;NAUT;1;1;1.5
SSR_P;2014;840000426;840000061;NCINF;2;5;5.45
SSR_P;2014;840000434;840000079;M1010;;3;0.88
SSR_P;2014;840000434;840000079;M1320;;1;0.1
SSR_P;2014;840000434;840000079;N241P;1;1;1.34
SSR_P;2014;840000434;840000079;N2450;1;1;0.18
SSR_P;2014;840000434;840000079;N2500;5;4;10.3
SSR_P;2014;840000434;840000079;N2710;;2;0.2
SSR_P;2014;840000434;840000079;N3120;;1;0.6
SSR_P;2014;840000434;840000079;NCINF;4;3;4.48
SSR_P;2014;840000483;840000087;M1010;1;;1
SSR_P;2014;840000483;840000087;M1320;1;;0.2
SSR_P;2014;840000483;840000087;N2500;13;2;14.2
SSR_P;2014;840000483;840000087;N2710;;1;0.6
SSR_P;2014;840000483;840000087;NAUT;7;3;8.45
SSR_P;2014;840000483;840000087;NCINF;8;4;9.45
SSR_P;2014;840000491;130041916;M1010;;1;0.5
SSR_P;2014;840000491;130041916;M1180;;1;0.32
SSR_P;2014;840000491;130041916;M1190;;1;0.5
SSR_P;2014;840000491;130041916;N241P;;2;0.94
SSR_P;2014;840000491;130041916;N2450;;2;0.62
SSR_P;2014;840000491;130041916;N2460;;1;0.32
SSR_P;2014;840000491;130041916;N2500;12;8;18.43
SSR_P;2014;840000491;130041916;N2710;;1;0.29
SSR_P;2014;840000491;130041916;NAUT;10;8;14.62
SSR_P;2014;840000491;130041916;NCINF;5;8;8.31
SSR_P;2014;840000517;840000103;M1010;;1;0.5
SSR_P;2014;840000517;840000103;MAUT;;1;0.15
SSR_P;2014;840000517;840000103;N2500;3;1;3.47
SSR_P;2014;840000517;840000103;NAUT;1;1;1.27
SSR_P;2014;840000517;840000103;NCINF;1;4;4.3
SSR_P;2014;840000525;840000111;M1010;1;;1
SSR_P;2014;840000525;840000111;M1180;1;1;1.55
SSR_P;2014;840000525;840000111;N241P;2;;2.47
SSR_P;2014;840000525;840000111;N2460;3;2;4.6
SSR_P;2014;840000525;840000111;N2500;12;5;17.68
SSR_P;2014;840000525;840000111;N2710;;1;0.1
SSR_P;2014;840000525;840000111;N3120;;1;0.38
SSR_P;2014;840000525;840000111;NAUT;2;3;5.22
SSR_P;2014;840000525;840000111;NCINF;5;2;6.4
SSR_P;2014;840000533;840000129;M1010;2;;0.8
SSR_P;2014;840000533;840000129;N241P;2;;1.15
SSR_P;2014;840000533;840000129;N2450;;1;0.21
SSR_P;2014;840000533;840000129;N2460;1;;0.25
SSR_P;2014;840000533;840000129;N2500;9;5;12.4
SSR_P;2014;840000533;840000129;N310H;1;;0.5
SSR_P;2014;840000533;840000129;NAUT;2;4;4.55
SSR_P;2014;840000533;840000129;NCINF;6;6;9.43
SSR_P;2014;840000558;840004659;M1150;2;1;2.1
SSR_P;2014;840000558;840004659;M1320;1;;1
SSR_P;2014;840000558;840004659;N241P;3;;3
SSR_P;2014;840000558;840004659;N2450;;1;0.5
SSR_P;2014;840000558;840004659;N2460;;1;0.75
SSR_P;2014;840000558;840004659;N2500;27;4;29.9
SSR_P;2014;840000558;840004659;N2710;;1;0.5
SSR_P;2014;840000558;840004659;NAUT;7;3;9.05
SSR_P;2014;840000558;840004659;NCINF;19;3;21.4
SSR_P;2014;840001861;840006597;M1010;4;0;3.8
SSR_P;2014;840001861;840006597;M1180;0;2;1.4
SSR_P;2014;840001861;840006597;M1320;3;1;3.65
SSR_P;2014;840001861;840006597;N241P;13;4;10.44
SSR_P;2014;840001861;840006597;N2430;;1;0.17
SSR_P;2014;840001861;840006597;N2450;;1;0.15
SSR_P;2014;840001861;840006597;N2460;5;;4.31
SSR_P;2014;840001861;840006597;N2500;58;14;55.89
SSR_P;2014;840001861;840006597;N2710;;2;0.4
SSR_P;2014;840001861;840006597;N310H;;1;0.31
SSR_P;2014;840001861;840006597;N3120;3;;2.27
SSR_P;2014;840001861;840006597;NAUT;19;3;15.36
SSR_P;2014;840001861;840006597;NCINF;40;10;37.97
SSR_P;2014;840014088;920000395;M1010;2;2;3.7
SSR_P;2014;840014088;920000395;M1180;;2;1.8
SSR_P;2014;840014088;920000395;N241P;6;6;10
SSR_P;2014;840014088;920000395;N2430;;2;1.3
SSR_P;2014;840014088;920000395;N2450;;1;0.55
SSR_P;2014;840014088;920000395;N2460;2;4;4.8
SSR_P;2014;840014088;920000395;N2500;26;4;27.69
SSR_P;2014;840014088;920000395;N2710;;2;1.6
SSR_P;2014;840014088;920000395;N3120;;2;1.4
SSR_P;2014;840014088;920000395;NAUT;1;;1
SSR_P;2014;840014088;920000395;NCINF;22;7;25.92
SSR_P;2014;840014849;750043994;M1010;2;;2
SSR_P;2014;840014849;750043994;M1040;2;3;5
SSR_P;2014;840014849;750043994;M1320;1;;1
SSR_P;2014;840014849;750043994;N241P;1;4;5
SSR_P;2014;840014849;750043994;N2450;1;;1
SSR_P;2014;840014849;750043994;N2500;14;2;14.5
SSR_P;2014;840014849;750043994;N310H;;1;0.5
SSR_P;2014;840014849;750043994;NAUT;1;;1
SSR_P;2014;840014849;750043994;NCINF;13;7;15.83
SSR_P;2014;840017214;840018667;M1010;1;1;1.2
SSR_P;2014;840017214;840018667;M1180;1;1;1.5
SSR_P;2014;840017214;840018667;N241P;7;;7
SSR_P;2014;840017214;840018667;N2460;2;;2
SSR_P;2014;840017214;840018667;N2500;8;;8
SSR_P;2014;840017214;840018667;N310H;1;;1
SSR_P;2014;840017214;840018667;N3120;;1;0.5
SSR_P;2014;840017214;840018667;NCINF;7;2;7.83
SSR_P;2014;850000118;850013244;M1010;1;1;0.6
SSR_P;2014;850000118;850013244;M1070;;1;0.2
SSR_P;2014;850000118;850013244;N241P;;4;4
SSR_P;2014;850000118;850013244;N2500;6;2;7.68
SSR_P;2014;850000118;850013244;N2710;;1;0.12
SSR_P;2014;850000118;850013244;N3120;;1;0.3
SSR_P;2014;850000118;850013244;NCINF;5;1;5.62
SSR_P;2014;850000142;850000019;M1010;;2;0.7
SSR_P;2014;850000142;850000019;M1040;;1;0.4
SSR_P;2014;850000142;850000019;M1150;;1;0.36
SSR_P;2014;850000142;850000019;M1180;1;1;1.02
SSR_P;2014;850000142;850000019;M1320;;7;2.29
SSR_P;2014;850000142;850000019;N241P;13;4;15.15
SSR_P;2014;850000142;850000019;N2430;;1;0.28
SSR_P;2014;850000142;850000019;N2450;;;0.08
SSR_P;2014;850000142;850000019;N2460;;2;1.1
SSR_P;2014;850000142;850000019;N2470;;1;0.46
SSR_P;2014;850000142;850000019;N2500;37;16;49.51
SSR_P;2014;850000142;850000019;N2710;;8;0.88
SSR_P;2014;850000142;850000019;NAUT;6;4;7.69
SSR_P;2014;850000142;850000019;NCINF;19;21;31.6
SSR_P;2014;850000183;850000035;M1320;2;;2
SSR_P;2014;850000183;850000035;N241P;;1;0.41
SSR_P;2014;850000183;850000035;N2500;16;5;19.24
SSR_P;2014;850000183;850000035;NAUT;6;;6
SSR_P;2014;850000183;850000035;NCINF;11;2;9.61
SSR_P;2014;850000191;850000043;M1180;;6;0.6
SSR_P;2014;850000191;850000043;N2500;1;1;2.22
SSR_P;2014;850000191;850000043;NAUT;4;;1.85
SSR_P;2014;850000191;850000043;NCINF;3;2;3.54
SSR_P;2014;850000209;850000019;M1010;1;3;3.01
SSR_P;2014;850000209;850000019;M1180;;1;0.48
SSR_P;2014;850000209;850000019;M1320;;1;0.9
SSR_P;2014;850000209;850000019;N241P;4;5;6.29
SSR_P;2014;850000209;850000019;N2460;1;2;2.3
SSR_P;2014;850000209;850000019;N2500;40;18;50.42
SSR_P;2014;850000209;850000019;N2710;;1;0.2
SSR_P;2014;850000209;850000019;N3120;;1;0.43
SSR_P;2014;850000209;850000019;NAUT;3;10;8.99
SSR_P;2014;850000209;850000019;NCINF;19;13;28.02
SSR_P;2014;850000225;850000019;M1180;;2;0.9
SSR_P;2014;850000225;850000019;N2500;8;19;20.8
SSR_P;2014;850000225;850000019;N2710;;2;0.08
SSR_P;2014;850000225;850000019;NAUT;4;6;5.84
SSR_P;2014;850000225;850000019;NCINF;7;7;11.78
SSR_P;2014;850000233;850009010;M1010;1;1;0.9
SSR_P;2014;850000233;850009010;N241P;1;;0.58
SSR_P;2014;850000233;850009010;N2500;8;7;11.75
SSR_P;2014;850000233;850009010;N2710;;2;0.52
SSR_P;2014;850000233;850009010;NAUT;2;1;2.83
SSR_P;2014;850000233;850009010;NCINF;6;1;5.35
SSR_P;2014;850000241;850000084;M1320;2;0;1.7
SSR_P;2014;850000241;850000084;N2500;9;5;13.69
SSR_P;2014;850000241;850000084;N2710;0;;0.01
SSR_P;2014;850000241;850000084;N3120;2;;1.21
SSR_P;2014;850000241;850000084;NAUT;1;;0.9
SSR_P;2014;850000241;850000084;NCINF;8;6;13.1
SSR_P;2014;850000357;440041895;M1010;;3;2.4
SSR_P;2014;850000357;440041895;M1180;;2;1.6
SSR_P;2014;850000357;440041895;MAUT;;1;0.5
SSR_P;2014;850000357;440041895;N241P;5;5;8.3
SSR_P;2014;850000357;440041895;N2430;0;1;0.5
SSR_P;2014;850000357;440041895;N2450;0;1;0.7
SSR_P;2014;850000357;440041895;N2460;2;3;4.5
SSR_P;2014;850000357;440041895;N2500;14;10;21.9
SSR_P;2014;850000357;440041895;N2710;0;2;0.7
SSR_P;2014;850000357;440041895;N3120;0;1;0.8
SSR_P;2014;850000357;440041895;NAUT;23;15;34.02
SSR_P;2014;850000357;440041895;NCINF;9;8;15.06
SSR_P;2014;850000399;750005068;M1180;1;;1
SSR_P;2014;850000399;750005068;M1320;1;1;1.2
SSR_P;2014;850000399;750005068;MAUT;1;1;1.5
SSR_P;2014;850000399;750005068;N241P;2;7;6.05
SSR_P;2014;850000399;750005068;N2430;0;1;0.23
SSR_P;2014;850000399;750005068;N2450;1;0;1
SSR_P;2014;850000399;750005068;N2460;0;4;2.6
SSR_P;2014;850000399;750005068;N2500;7;34;31.5
SSR_P;2014;850000399;750005068;N2710;0;1;0.7
SSR_P;2014;850000399;750005068;N3120;0;1;0.5
SSR_P;2014;850000399;750005068;NAUT;21;33;41.25
SSR_P;2014;850000399;750005068;NCINF;5;23;23.45
SSR_P;2014;850000647;850011453;MAUT;1;1;1.6
SSR_P;2014;850000647;850011453;N241P;2;;2
SSR_P;2014;850000647;850011453;N2430;;1;0.34
SSR_P;2014;850000647;850011453;N2450;;1;0.5
SSR_P;2014;850000647;850011453;N2460;;1;0.5
SSR_P;2014;850000647;850011453;N2470;;1;0.66
SSR_P;2014;850000647;850011453;N2500;6;28;16
SSR_P;2014;850000647;850011453;N2710;;1;0.65
SSR_P;2014;850000647;850011453;N3120;;1;0.2
SSR_P;2014;850000647;850011453;NAUT;;14;9.27
SSR_P;2014;850000647;850011453;NCINF;4;28;15.5
SSR_P;2014;850002130;850007048;M1010;;2;0.95
SSR_P;2014;850002130;850007048;N2500;;2;0.98
SSR_P;2014;850002130;850007048;N2710;;3;1.25
SSR_P;2014;850002130;850007048;N310H;;3;0.84
SSR_P;2014;850002130;850007048;N3120;;1;0.29
SSR_P;2014;850002130;850007048;NAUT;;2;1.8
SSR_P;2014;850002130;850007048;NCINF;1;6;4.12
SSR_P;2014;850002395;850013244;M1010;1;;1
SSR_P;2014;850002395;850013244;N241P;;4;0.5
SSR_P;2014;850002395;850013244;N2500;7;;7
SSR_P;2014;850002395;850013244;N3120;;1;0.25
SSR_P;2014;850002395;850013244;NAUT;;2;1.21
SSR_P;2014;850002395;850013244;NCINF;7;;6.5
SSR_P;2014;850002403;750721334;M1010;1;1;1.4
SSR_P;2014;850002403;750721334;M1180;2;;2
SSR_P;2014;850002403;750721334;N241P;11;3;12.61
SSR_P;2014;850002403;750721334;N2430;;2;1
SSR_P;2014;850002403;750721334;N2450;;2;1
SSR_P;2014;850002403;750721334;N2460;2;5;5
SSR_P;2014;850002403;750721334;N2500;23;7;28.4
SSR_P;2014;850002403;750721334;N2710;;1;0.8
SSR_P;2014;850002403;750721334;N310H;;1;0.8
SSR_P;2014;850002403;750721334;N3120;1;;1
SSR_P;2014;850002403;750721334;NCINF;13;9;20.4
SSR_P;2014;850005224;850007048;M1010;;2;1.24
SSR_P;2014;850005224;850007048;N2500;7;1;4.72
SSR_P;2014;850005224;850007048;N2710;;3;1.25
SSR_P;2014;850005224;850007048;N310H;3;;1.66
SSR_P;2014;850005224;850007048;N3120;;1;0.21
SSR_P;2014;850005224;850007048;NAUT;2;;2
SSR_P;2014;850005224;850007048;NCINF;2;8;7.1
SSR_P;2014;850022013;850000100;M1010;;1;0.5
SSR_P;2014;850022013;850000100;N2450;;1;0.2
SSR_P;2014;850022013;850000100;N2500;4;3;6.5
SSR_P;2014;850022013;850000100;NCINF;;3;2.5
SSR_P;2014;860000025;860013382;M1320;3;;2.5
SSR_P;2014;860000025;860013382;N241P;2;1;1
SSR_P;2014;860000025;860013382;N2430;;1;0.18
SSR_P;2014;860000025;860013382;N2450;2;;2
SSR_P;2014;860000025;860013382;N2460;1;;0.4
SSR_P;2014;860000025;860013382;N2470;1;;0.5
SSR_P;2014;860000025;860013382;N2500;24;9;27.51
SSR_P;2014;860000025;860013382;N2710;;3;1.32
SSR_P;2014;860000025;860013382;NAUT;4;1;3.81
SSR_P;2014;860000025;860013382;NCINF;21;8;21.34
SSR_P;2014;860000033;860013382;M1010;1;;1
SSR_P;2014;860000033;860013382;N241P;1;;1
SSR_P;2014;860000033;860013382;N2500;5;7;9.75
SSR_P;2014;860000033;860013382;NAUT;5;1;4.42
SSR_P;2014;860000033;860013382;NCINF;5;3;7.02
SSR_P;2014;860000058;860780097;M1320;1;;0.75
SSR_P;2014;860000058;860780097;N2460;;1;0.43
SSR_P;2014;860000058;860780097;N2500;13;4;15.57
SSR_P;2014;860000058;860780097;N2710;1;;0.3
SSR_P;2014;860000058;860780097;N3120;1;;0.5
SSR_P;2014;860000058;860780097;NAUT;5;3;6.15
SSR_P;2014;860000058;860780097;NCINF;7;3;9.15
SSR_P;2014;860000223;860013077;M1180;4;;3.33
SSR_P;2014;860000223;860013077;M1320;10;1;9
SSR_P;2014;860000223;860013077;N241P;12;1;8.7
SSR_P;2014;860000223;860013077;N2430;;1;0.3
SSR_P;2014;860000223;860013077;N2450;;2;0.6
SSR_P;2014;860000223;860013077;N2460;6;3;5.4
SSR_P;2014;860000223;860013077;N2500;100;26;64.35
SSR_P;2014;860000223;860013077;N2710;;1;1
SSR_P;2014;860000223;860013077;N3120;1;;1
SSR_P;2014;860000223;860013077;NCINF;55;21;40.4
SSR_P;2014;860009208;860009158;M1010;;7;2.2
SSR_P;2014;860009208;860009158;M1040;1;4;1.6
SSR_P;2014;860009208;860009158;M1070;;1;0.2
SSR_P;2014;860009208;860009158;M1150;;1;0.1
SSR_P;2014;860009208;860009158;MAUT;1;;1
SSR_P;2014;860009208;860009158;N241P;1;2;1.3
SSR_P;2014;860009208;860009158;N2450;1;;1
SSR_P;2014;860009208;860009158;N2500;1;4;3.8
SSR_P;2014;860009208;860009158;N2710;;1;0.35
SSR_P;2014;860009208;860009158;N310H;4;1;4.5
SSR_P;2014;860009208;860009158;N3120;;1;0.1
SSR_P;2014;860009208;860009158;NCINF;4;9;10
SSR_P;2014;860011014;860013077;M1320;2;;2
SSR_P;2014;860011014;860013077;N241P;;3;1.2
SSR_P;2014;860011014;860013077;N2450;;1;0.2
SSR_P;2014;860011014;860013077;N2460;1;;0.6
SSR_P;2014;860011014;860013077;N2500;13;11;15.94
SSR_P;2014;860011014;860013077;N2710;;1;0.4
SSR_P;2014;860011014;860013077;N3120;;1;0.2
SSR_P;2014;860011014;860013077;NCINF;20;8;5.7
SSR_P;2014;860011410;860012913;MAUT;;2;0.4
SSR_P;2014;860011410;860012913;N2430;;2;0.2
SSR_P;2014;860011410;860012913;N2460;;3;1.53
SSR_P;2014;860011410;860012913;N2710;;2;1.3
SSR_P;2014;860011410;860012913;N3120;;1;0.8
SSR_P;2014;860011410;860012913;NAUT;;7;1.98
SSR_P;2014;860780436;870015336;M1010;;1;0.66
SSR_P;2014;860780436;870015336;M1320;2;;2
SSR_P;2014;860780436;870015336;N241P;3;;2.49
SSR_P;2014;860780436;870015336;N2450;1;1;1.55
SSR_P;2014;860780436;870015336;N2500;20;1;17.91
SSR_P;2014;860780436;870015336;N3120;1;;1
SSR_P;2014;860780436;870015336;NAUT;1;;0.45
SSR_P;2014;860780436;870015336;NCINF;14;;13.98
SSR_P;2014;860790419;860003110;M1010;;4;1.43
SSR_P;2014;860790419;860003110;M1180;1;2;1.63
SSR_P;2014;860790419;860003110;N241P;7;1;7.9
SSR_P;2014;860790419;860003110;N2430;;1;0.4
SSR_P;2014;860790419;860003110;N2460;1;1;1.65
SSR_P;2014;860790419;860003110;N2500;18;6;20.34
SSR_P;2014;860790419;860003110;N2710;;1;0.23
SSR_P;2014;860790419;860003110;N3120;;1;0.71
SSR_P;2014;860790419;860003110;NAUT;11;6;14.32
SSR_P;2014;860790419;860003110;NCINF;9;7;13.35
SSR_P;2014;860791268;310021365;M1010;1;3;2.18
SSR_P;2014;860791268;310021365;M1320;;1;0.82
SSR_P;2014;860791268;310021365;N2500;15;3;16.51
SSR_P;2014;860791268;310021365;N2710;;1;0.2
SSR_P;2014;860791268;310021365;N3120;;1;0.3
SSR_P;2014;860791268;310021365;NAUT;5;4;1.89
SSR_P;2014;860791268;310021365;NCINF;11;3;11.85
SSR_P;2014;860793405;860793397;M1010;2;;2
SSR_P;2014;860793405;860793397;M3020;1;;1
SSR_P;2014;860793405;860793397;N2500;3;1;3.8
SSR_P;2014;860793405;860793397;N2710;1;;1
SSR_P;2014;860793405;860793397;N310H;10;;10
SSR_P;2014;860793405;860793397;N3120;1;;1
SSR_P;2014;860793405;860793397;NCINF;10;1;10.84
SSR_P;2014;870000064;870000015;M1150;1;;0.1
SSR_P;2014;870000064;870000015;MAUT;1;;0.02
SSR_P;2014;870000064;870000015;N2450;1;0;0.3
SSR_P;2014;870000064;870000015;N310H;1;0;0.8
SSR_P;2014;870000064;870000015;NAUT;1;0;0.5
SSR_P;2014;870000064;870000015;NCINF;2;1;1.84
SSR_P;2014;870000171;870015336;M1180;1;5;3.08
SSR_P;2014;870000171;870015336;MAUT;;1;0.75
SSR_P;2014;870000171;870015336;N241P;;4;2.38
SSR_P;2014;870000171;870015336;N2450;;2;0.67
SSR_P;2014;870000171;870015336;N2500;28;4;27.91
SSR_P;2014;870000171;870015336;N2710;;1;0.2
SSR_P;2014;870000171;870015336;N310H;;1;0.6
SSR_P;2014;870000171;870015336;N3120;1;1;1.25
SSR_P;2014;870000171;870015336;NAUT;14;4;15.63
SSR_P;2014;870000171;870015336;NCINF;15;9;21.28
SSR_P;2014;870000270;870000031;M1010;1;2;1.2
SSR_P;2014;870000270;870000031;M1320;1;;1
SSR_P;2014;870000270;870000031;N241P;2;1;1.33
SSR_P;2014;870000270;870000031;N2500;14;2;16.39
SSR_P;2014;870000270;870000031;NAUT;4;;0.83
SSR_P;2014;870000270;870000031;NCINF;9;2;8.4
SSR_P;2014;870000403;870014503;M1180;1;;0.84
SSR_P;2014;870000403;870014503;N2500;5;4;3.38
SSR_P;2014;870000403;870014503;NAUT;3;;4.26
SSR_P;2014;870000403;870014503;NCINF;4;2;5.67
SSR_P;2014;870000551;870014503;M1180;2;;1.4
SSR_P;2014;870000551;870014503;N241P;;1;0.77
SSR_P;2014;870000551;870014503;N2500;8;4;9.94
SSR_P;2014;870000551;870014503;NAUT;;1;1
SSR_P;2014;870000551;870014503;NCINF;5;1;5.7
SSR_P;2014;870000601;870014248;M1010;1;2;1.34
SSR_P;2014;870000601;870014248;M1120;;1;0.1
SSR_P;2014;870000601;870014248;M1320;;1;0.5
SSR_P;2014;870000601;870014248;N241P;;2;0.5
SSR_P;2014;870000601;870014248;N2450;;1;0.1
SSR_P;2014;870000601;870014248;N2460;2;;1.5
SSR_P;2014;870000601;870014248;N2500;13;2;14.33
SSR_P;2014;870000601;870014248;N2710;1;1;0.29
SSR_P;2014;870000601;870014248;N3120;1;;0.7
SSR_P;2014;870000601;870014248;NAUT;;1;0.7
SSR_P;2014;870000601;870014248;NCINF;15;;10.62
SSR_P;2014;870001567;870014503;M1180;;2;1
SSR_P;2014;870001567;870014503;N241P;;1;0.46
SSR_P;2014;870001567;870014503;N2500;7;3;8.45
SSR_P;2014;870001567;870014503;NAUT;1;;1
SSR_P;2014;870001567;870014503;NCINF;4;2;6.27
SSR_P;2014;870002516;870000023;M1010;1;;1
SSR_P;2014;870002516;870000023;M1320;2;;2
SSR_P;2014;870002516;870000023;N241P;2;;2
SSR_P;2014;870002516;870000023;N2460;;2;0.22
SSR_P;2014;870002516;870000023;N2500;22;5;26.02
SSR_P;2014;870002516;870000023;N310H;;2;0.1
SSR_P;2014;870002516;870000023;NAUT;10;3;12.28
SSR_P;2014;870002516;870000023;NCINF;9;8;14.36
SSR_P;2014;870003514;870000015;M1010;1;1;0.37
SSR_P;2014;870003514;870000015;M1120;2;0;2
SSR_P;2014;870003514;870000015;M1180;4;2;3.99
SSR_P;2014;870003514;870000015;N241P;21;7;20.11
SSR_P;2014;870003514;870000015;N2430;0;3;1.34
SSR_P;2014;870003514;870000015;N2450;0;3;1.89
SSR_P;2014;870003514;870000015;N2460;10;3;8.02
SSR_P;2014;870003514;870000015;N2470;1;0;0.26
SSR_P;2014;870003514;870000015;N2500;112;31;132.48
SSR_P;2014;870003514;870000015;N2710;3;2;2.69
SSR_P;2014;870003514;870000015;N310H;1;;1
SSR_P;2014;870003514;870000015;NAUT;31;4;34.79
SSR_P;2014;870003514;870000015;NCINF;107;29;108.67
SSR_P;2014;870006137;870002466;M1010;2;;1.95
SSR_P;2014;870006137;870002466;M1120;1;;0.4
SSR_P;2014;870006137;870002466;M1150;;1;0.1
SSR_P;2014;870006137;870002466;M1180;2;;1.8
SSR_P;2014;870006137;870002466;M3020;3;;1.85
SSR_P;2014;870006137;870002466;N241P;1;2;2.5
SSR_P;2014;870006137;870002466;N2430;;1;0.95
SSR_P;2014;870006137;870002466;N2460;1;7;4.19
SSR_P;2014;870006137;870002466;N2500;36;2;37.36
SSR_P;2014;870006137;870002466;N2710;2;5;3.21
SSR_P;2014;870006137;870002466;N310H;2;;2
SSR_P;2014;870006137;870002466;N3120;1;1;1.35
SSR_P;2014;870006137;870002466;NAUT;11;1;11.66
SSR_P;2014;870006137;870002466;NCINF;33;1;32.12
SSR_P;2014;870007358;870016722;M1180;2;;2
SSR_P;2014;870007358;870016722;MAUT;;1;0.1
SSR_P;2014;870007358;870016722;N241P;8;;8
SSR_P;2014;870007358;870016722;N2430;1;1;1.3
SSR_P;2014;870007358;870016722;N2450;;1;0.23
SSR_P;2014;870007358;870016722;N2460;4;;4
SSR_P;2014;870007358;870016722;N2470;;1;0.8
SSR_P;2014;870007358;870016722;N2500;1;;1
SSR_P;2014;870007358;870016722;N2710;;1;0.8
SSR_P;2014;870007358;870016722;N310H;;1;0.15
SSR_P;2014;870007358;870016722;N3120;;1;0.5
SSR_P;2014;870007358;870016722;NAUT;6;2;8
SSR_P;2014;870016631;870016722;M1010;;3;1.9
SSR_P;2014;870016631;870016722;M1040;;1;0.1
SSR_P;2014;870016631;870016722;M1070;;3;1.4
SSR_P;2014;870016631;870016722;M3020;;1;0.1
SSR_P;2014;870016631;870016722;MAUT;;1;0.05
SSR_P;2014;870016631;870016722;N241P;;2;0.67
SSR_P;2014;870016631;870016722;N2450;3;;3
SSR_P;2014;870016631;870016722;N2470;1;1;1.6
SSR_P;2014;870016631;870016722;N2500;11;;11
SSR_P;2014;870016631;870016722;N2710;3;;3
SSR_P;2014;870016631;870016722;N310H;3;;3
SSR_P;2014;870016631;870016722;NAUT;17;2;18.3
SSR_P;2014;870016631;870016722;NCINF;10;;10
SSR_P;2014;880000021;880007059;M1040;;1;0.1
SSR_P;2014;880000021;880007059;M1180;1;;1
SSR_P;2014;880000021;880007059;NCINF;3;1;3.75
SSR_P;2014;880000039;880780069;M1010;1;;1
SSR_P;2014;880000039;880780069;N2460;;1;0.45
SSR_P;2014;880000039;880780069;N2500;18;2;19.86
SSR_P;2014;880000039;880780069;NAUT;4;4;7.08
SSR_P;2014;880000039;880780069;NCINF;8;10;16.87
SSR_P;2014;880000047;880780077;M1010;2;;1.1
SSR_P;2014;880000047;880780077;M1180;;1;0.2
SSR_P;2014;880000047;880780077;M1320;;1;0.1
SSR_P;2014;880000047;880780077;N241P;1;;0.7
SSR_P;2014;880000047;880780077;N2430;1;;0.21
SSR_P;2014;880000047;880780077;N2460;1;;0.83
SSR_P;2014;880000047;880780077;N2500;9;3;12.49
SSR_P;2014;880000047;880780077;N2710;1;;0.5
SSR_P;2014;880000047;880780077;NAUT;;1;0.75
SSR_P;2014;880000047;880780077;NCINF;12;1;12.08
SSR_P;2014;880000054;880007299;M1010;1;;0.7
SSR_P;2014;880000054;880007299;M1180;;1;0.69
SSR_P;2014;880000054;880007299;N241P;6;1;5.3
SSR_P;2014;880000054;880007299;N2450;;1;0.2
SSR_P;2014;880000054;880007299;N2460;0;4;2.69
SSR_P;2014;880000054;880007299;N2500;14;2;11.2
SSR_P;2014;880000054;880007299;N310H;1;;1
SSR_P;2014;880000054;880007299;N3120;;1;0.4
SSR_P;2014;880000054;880007299;NAUT;6;2;6.13
SSR_P;2014;880000054;880007299;NCINF;10;0;9.1
SSR_P;2014;880000062;880780093;M1010;3;0;2.17
SSR_P;2014;880000062;880780093;N2500;13;2;10.52
SSR_P;2014;880000062;880780093;NAUT;6;1;3.81
SSR_P;2014;880000062;880780093;NCINF;10;2;8.82
SSR_P;2014;880000070;880007299;M1010;1;3;2.35
SSR_P;2014;880000070;880007299;M1320;;1;0.7
SSR_P;2014;880000070;880007299;N241P;;6;4.37
SSR_P;2014;880000070;880007299;N2450;;5;2.25
SSR_P;2014;880000070;880007299;N2460;1;3;3.32
SSR_P;2014;880000070;880007299;N2500;23;10;29.25
SSR_P;2014;880000070;880007299;N2710;1;;0.1
SSR_P;2014;880000070;880007299;N310H;1;;0.88
SSR_P;2014;880000070;880007299;N3120;1;;0.8
SSR_P;2014;880000070;880007299;NAUT;17;9;22.05
SSR_P;2014;880000070;880007299;NCINF;18;15;25.91
SSR_P;2014;880000104;880780259;M1010;;9;1.1
SSR_P;2014;880000104;880780259;MAUT;;1;0.25
SSR_P;2014;880000104;880780259;N241P;;2;1.3
SSR_P;2014;880000104;880780259;N2450;;1;0.02
SSR_P;2014;880000104;880780259;N2460;;1;0.8
SSR_P;2014;880000104;880780259;N2500;7;1;7.71
SSR_P;2014;880000104;880780259;N3120;;1;0.03
SSR_P;2014;880000104;880780259;NAUT;2;4;4.9
SSR_P;2014;880000104;880780259;NCINF;2;3;4.05
SSR_P;2014;880000112;880780267;M1010;;7;1.1
SSR_P;2014;880000112;880780267;M1180;0;1;0.1
SSR_P;2014;880000112;880780267;MAUT;;1;0.5
SSR_P;2014;880000112;880780267;N241P;2;1;2.46
SSR_P;2014;880000112;880780267;N2460;;1;0.75
SSR_P;2014;880000112;880780267;N2500;18;4;20.1
SSR_P;2014;880000112;880780267;N2710;;1;0.2
SSR_P;2014;880000112;880780267;NAUT;8;6;11.43
SSR_P;2014;880000112;880780267;NCINF;6;9;12.7
SSR_P;2014;880000138;880006325;M1180;1;1;1.6
SSR_P;2014;880000138;880006325;N241P;;2;0.25
SSR_P;2014;880000138;880006325;N2450;;1;0.25
SSR_P;2014;880000138;880006325;N2460;;1;0.4
SSR_P;2014;880000138;880006325;N2500;6;5;7.29
SSR_P;2014;880000138;880006325;N2710;;1;0.82
SSR_P;2014;880000138;880006325;N3120;1;;0.25
SSR_P;2014;880000138;880006325;NCINF;10;3;11.17
SSR_P;2014;880000146;880780291;M1010;;;0.48
SSR_P;2014;880000146;880780291;N2460;;;0.01
SSR_P;2014;880000146;880780291;N2500;11;;10.83
SSR_P;2014;880000146;880780291;N2710;;;0.1
SSR_P;2014;880000146;880780291;NAUT;4;;3.62
SSR_P;2014;880000146;880780291;NCINF;5;2;7.75
SSR_P;2014;880000153;880780309;M1010;;2;0.1
SSR_P;2014;880000153;880780309;N241P;;2;0.3
SSR_P;2014;880000153;880780309;N2500;4;;4.49
SSR_P;2014;880000153;880780309;N2710;;1;0.16
SSR_P;2014;880000153;880780309;NCINF;3;1;2.88
SSR_P;2014;880000187;880780333;M1010;;1;0.4
SSR_P;2014;880000187;880780333;N241P;2;;1
SSR_P;2014;880000187;880780333;N2500;4;2;3.9
SSR_P;2014;880000187;880780333;N3120;1;;0.5
SSR_P;2014;880000187;880780333;NAUT;3;;2.11
SSR_P;2014;880000187;880780333;NCINF;4;6;4.4
SSR_P;2014;880000195;880780341;M1010;;11;0.35
SSR_P;2014;880000195;880780341;N241P;;2;0.75
SSR_P;2014;880000195;880780341;N2500;2;2;3.59
SSR_P;2014;880000195;880780341;NAUT;2;1;2.25
SSR_P;2014;880000195;880780341;NCINF;2;3;3.9
SSR_P;2014;880000203;880780358;M1010;;1;0.05
SSR_P;2014;880000203;880780358;MAUT;;1;0.56
SSR_P;2014;880000203;880780358;N241P;;1;0.7
SSR_P;2014;880000203;880780358;N2460;;1;0.25
SSR_P;2014;880000203;880780358;N2500;4;3;6.41
SSR_P;2014;880000203;880780358;NAUT;5;1;5.2
SSR_P;2014;880000203;880780358;NCINF;4;;3.71
SSR_P;2014;880000211;880780366;N2500;5;1;5.8
SSR_P;2014;880000211;880780366;NAUT;2;;2
SSR_P;2014;880000211;880780366;NCINF;3;2;4
SSR_P;2014;880000336;880007059;M1010;2;2;3.1
SSR_P;2014;880000336;880007059;M1180;1;;1
SSR_P;2014;880000336;880007059;M1320;2;;1
SSR_P;2014;880000336;880007059;N2500;68;16;75.29
SSR_P;2014;880000336;880007059;N310H;;2;1.06
SSR_P;2014;880000336;880007059;N3120;1;1;1.29
SSR_P;2014;880000336;880007059;NAUT;58;10;62.75
SSR_P;2014;880000336;880007059;NCINF;31;9;36.78
SSR_P;2014;880001789;880001409;M1180;5;;5
SSR_P;2014;880001789;880001409;N241P;18;1;18.8
SSR_P;2014;880001789;880001409;N2430;;1;0.57
SSR_P;2014;880001789;880001409;N2460;8;1;8.7
SSR_P;2014;880001789;880001409;N2500;15;2;14.31
SSR_P;2014;880001789;880001409;N3120;;1;0.5
SSR_P;2014;880001789;880001409;NAUT;2;;2
SSR_P;2014;880001789;880001409;NCINF;8;2;7.62
SSR_P;2014;880780424;540000890;M1010;;1;0.2
SSR_P;2014;880780424;540000890;M3020;;1;0.2
SSR_P;2014;880780424;540000890;N2500;1;2;2.3
SSR_P;2014;880780424;540000890;N310H;1;;1
SSR_P;2014;880780424;540000890;N3120;;1;0.4
SSR_P;2014;880780424;540000890;NCINF;5;1;5.5
SSR_P;2014;880780465;540019726;M1180;;1;0.67
SSR_P;2014;880780465;540019726;N2450;;1;0.7
SSR_P;2014;880780465;540019726;N2710;;1;0.5
SSR_P;2014;880780465;540019726;NCINF;5;2;7.4
SSR_P;2014;880780507;880000237;M1010;;2;0.92
SSR_P;2014;880780507;880000237;MAUT;;1;0.04
SSR_P;2014;880780507;880000237;N241P;;4;1.8
SSR_P;2014;880780507;880000237;N2450;;1;0.21
SSR_P;2014;880780507;880000237;N2500;8;3;9.51
SSR_P;2014;880780507;880000237;N2710;;1;0.73
SSR_P;2014;880780507;880000237;N310H;;1;0.3
SSR_P;2014;880780507;880000237;NAUT;18;2;18.03
SSR_P;2014;880780507;880000237;NCINF;13;3;14.98
SSR_P;2014;890000250;750721334;M1010;;1;0.8
SSR_P;2014;890000250;750721334;M1320;;1;0.34
SSR_P;2014;890000250;750721334;MAUT;;1;0.06
SSR_P;2014;890000250;750721334;NCINF;7;1;7.89
SSR_P;2014;890000292;890006315;M1010;1;3;1.98
SSR_P;2014;890000292;890006315;MAUT;;1;0.7
SSR_P;2014;890000292;890006315;N2500;10;0;8
SSR_P;2014;890000292;890006315;N3120;;1;0.5
SSR_P;2014;890000292;890006315;NAUT;14;5;16.65
SSR_P;2014;890000292;890006315;NCINF;8;1;8.65
SSR_P;2014;890000300;890000193;M1010;;1;0.31
SSR_P;2014;890000300;890000193;M3020;;1;0.31
SSR_P;2014;890000300;890000193;N2500;4;;4
SSR_P;2014;890000300;890000193;N2710;;3;1.29
SSR_P;2014;890000300;890000193;N310H;2;;2
SSR_P;2014;890000300;890000193;N3120;;1;0.5
SSR_P;2014;890000300;890000193;NAUT;2;;2
SSR_P;2014;890000300;890000193;NCINF;5;1;5.86
SSR_P;2014;890002389;890000730;M1320;;2;0.53
SSR_P;2014;890002389;890000730;N2500;3;1;3.6
SSR_P;2014;890002389;890000730;N2710;;1;0.2
SSR_P;2014;890002389;890000730;NAUT;3;1;3.73
SSR_P;2014;890002389;890000730;NCINF;5;1;5.3
SSR_P;2014;890973258;890970569;M1010;1;1;1.8
SSR_P;2014;890973258;890970569;N2460;1;;1
SSR_P;2014;890973258;890970569;N2500;25;;22.88
SSR_P;2014;890973258;890970569;N2710;3;;2.19
SSR_P;2014;890973258;890970569;N3120;1;;1
SSR_P;2014;890973258;890970569;NAUT;7;1;8.51
SSR_P;2014;890973258;890970569;NCINF;15;1;12.97
SSR_P;2014;890975501;890000466;M1010;0;1;0.5
SSR_P;2014;890975501;890000466;N241P;1;0;0.71
SSR_P;2014;890975501;890000466;N2500;7;1;8.81
SSR_P;2014;890975501;890000466;N3120;0;1;0.18
SSR_P;2014;890975501;890000466;NAUT;1;2;2.77
SSR_P;2014;890975501;890000466;NCINF;6;2;6.98
SSR_P;2014;890975527;890000037;M1010;1;;1
SSR_P;2014;890975527;890000037;M1320;2;;2
SSR_P;2014;890975527;890000037;N2500;27;6;31.79
SSR_P;2014;890975527;890000037;N2710;1;;1
SSR_P;2014;890975527;890000037;NAUT;9;1;9.86
SSR_P;2014;890975527;890000037;NCINF;29;1;29.86
SSR_P;2014;890975535;890000409;M1320;2;;2.19
SSR_P;2014;890975535;890000409;N241P;2;;1.38
SSR_P;2014;890975535;890000409;N2500;26;;23.54
SSR_P;2014;890975535;890000409;N2710;1;;0.42
SSR_P;2014;890975535;890000409;NCINF;19;;15.28
SSR_P;2014;890975543;890000417;M1010;3;;0.8
SSR_P;2014;890975543;890000417;M1040;;2;0.45
SSR_P;2014;890975543;890000417;M1320;1;1;1.5
SSR_P;2014;890975543;890000417;MAUT;1;;0.6
SSR_P;2014;890975543;890000417;N241P;2;;0.69
SSR_P;2014;890975543;890000417;N2430;;;0.04
SSR_P;2014;890975543;890000417;N2460;1;;0.27
SSR_P;2014;890975543;890000417;N2470;;1;0.69
SSR_P;2014;890975543;890000417;N310H;3;;3
SSR_P;2014;890975543;890000417;NAUT;18;21;20.13
SSR_P;2014;890975543;890000417;NCINF;14;5;15.49
SSR_P;2014;890975568;890000433;M1180;2;1;2.19
SSR_P;2014;890975568;890000433;MAUT;1;1;1.22
SSR_P;2014;890975568;890000433;N241P;5;;6.99
SSR_P;2014;890975568;890000433;N2430;;1;0.95
SSR_P;2014;890975568;890000433;N2460;1;1;2.59
SSR_P;2014;890975568;890000433;N2500;25;5;28.27
SSR_P;2014;890975568;890000433;N2710;;2;1.29
SSR_P;2014;890975568;890000433;N310H;1;;1
SSR_P;2014;890975568;890000433;N3120;;;0.5
SSR_P;2014;890975568;890000433;NAUT;4;;3.41
SSR_P;2014;890975568;890000433;NCINF;17;4;21.69
SSR_P;2014;900000035;900003880;M1180;1;;1
SSR_P;2014;900000035;900003880;N2500;14;2;15.41
SSR_P;2014;900000035;900003880;N2710;;1;0.29
SSR_P;2014;900000035;900003880;N3120;;1;0.8
SSR_P;2014;900000035;900003880;NAUT;1;;1
SSR_P;2014;900000035;900003880;NCINF;7;;7
SSR_P;2014;900003070;900000365;N2450;;;0.67
SSR_P;2014;900003070;900000365;N2500;28;11;32.14
SSR_P;2014;900003070;900000365;N2710;;2;1.11
SSR_P;2014;900003070;900000365;NAUT;13;3;15.2
SSR_P;2014;900003070;900000365;NCINF;23;27;30.16
SSR_P;2014;910000272;910110014;M1010;2;1;2.4
SSR_P;2014;910000272;910110014;M1320;1;1;1.7
SSR_P;2014;910000272;910110014;N241P;;1;0.82
SSR_P;2014;910000272;910110014;N2460;;;0.8
SSR_P;2014;910000272;910110014;N2470;1;1;1.2
SSR_P;2014;910000272;910110014;N2500;21;6;25.35
SSR_P;2014;910000272;910110014;N2710;1;2;1.87
SSR_P;2014;910000272;910110014;N3120;;1;0.77
SSR_P;2014;910000272;910110014;NAUT;5;1;5.57
SSR_P;2014;910000272;910110014;NCINF;11;7;13.31
SSR_P;2014;910000280;910019447;M1010;1;;1
SSR_P;2014;910000280;910019447;M1320;1;;0.1
SSR_P;2014;910000280;910019447;N2500;20;10;19.54
SSR_P;2014;910000280;910019447;N2710;3;;0.38
SSR_P;2014;910000280;910019447;N3120;1;;0.2
SSR_P;2014;910000280;910019447;NCINF;16;8;13.16
SSR_P;2014;910000298;910110055;M1010;3;1;3.67
SSR_P;2014;910000298;910110055;M1180;;1;0.7
SSR_P;2014;910000298;910110055;N241P;4;;5.33
SSR_P;2014;910000298;910110055;N2430;1;1;1.5
SSR_P;2014;910000298;910110055;N2450;1;;0.76
SSR_P;2014;910000298;910110055;N2460;1;1;1.67
SSR_P;2014;910000298;910110055;N2500;22;1;23.55
SSR_P;2014;910000298;910110055;NAUT;8;;6.08
SSR_P;2014;910000298;910110055;NCINF;15;6;19.14
SSR_P;2014;910000306;910110063;M1320;2;1;2.2
SSR_P;2014;910000306;910110063;N241P;1;1;1.54
SSR_P;2014;910000306;910110063;N2450;;1;0.5
SSR_P;2014;910000306;910110063;N2500;12;2;13.74
SSR_P;2014;910000306;910110063;N3120;;2;0.72
SSR_P;2014;910000306;910110063;NAUT;3;;3
SSR_P;2014;910000306;910110063;NCINF;6;4;9.07
SSR_P;2014;910001973;910019447;M1120;;1;0.1
SSR_P;2014;910001973;910019447;M1320;6;1;2.6
SSR_P;2014;910001973;910019447;N2500;13;11;11.49
SSR_P;2014;910001973;910019447;NAUT;7;2;5.06
SSR_P;2014;910001973;910019447;NCINF;7;1;7.3
SSR_P;2014;910009919;910009869;M1010;4;;4
SSR_P;2014;910009919;910009869;M1040;;3;0.1
SSR_P;2014;910009919;910009869;M1120;;1;0.1
SSR_P;2014;910009919;910009869;M1180;2;;2.87
SSR_P;2014;910009919;910009869;M1190;;1;0.1
SSR_P;2014;910009919;910009869;M3020;;1;0.1
SSR_P;2014;910009919;910009869;MAUT;;3;0.2
SSR_P;2014;910009919;910009869;N241P;12;0;12
SSR_P;2014;910009919;910009869;N2430;3;;3
SSR_P;2014;910009919;910009869;N2460;6;;6.22
SSR_P;2014;910009919;910009869;N2500;21;13;27.02
SSR_P;2014;910009919;910009869;N2710;2;2;3.37
SSR_P;2014;910009919;910009869;N310H;3;1;4.24
SSR_P;2014;910009919;910009869;N3120;1;1;1.5
SSR_P;2014;910009919;910009869;NAUT;11;3;12.44
SSR_P;2014;910009919;910009869;NCINF;16;12;20.33
SSR_P;2014;910015965;750043994;M1010;1;2;2.8
SSR_P;2014;910015965;750043994;M1040;;1;0.4
SSR_P;2014;910015965;750043994;M1180;;2;1.6
SSR_P;2014;910015965;750043994;M1320;2;;2
SSR_P;2014;910015965;750043994;M1330;1;;1
SSR_P;2014;910015965;750043994;N241P;6;3;6.9
SSR_P;2014;910015965;750043994;N2450;;1;1
SSR_P;2014;910015965;750043994;N2460;3;;3
SSR_P;2014;910015965;750043994;N2500;32;;30.4
SSR_P;2014;910015965;750043994;N2710;1;;1
SSR_P;2014;910015965;750043994;N310H;4;;4
SSR_P;2014;910015965;750043994;N3120;1;;1
SSR_P;2014;910015965;750043994;NCINF;23;;21.6
SSR_P;2014;910018423;910019454;M1010;;1;0.12
SSR_P;2014;910018423;910019454;M1320;1;1;1.5
SSR_P;2014;910018423;910019454;N241P;3;;3
SSR_P;2014;910018423;910019454;N2500;8;5;12.42
SSR_P;2014;910018423;910019454;N2710;;1;0.7
SSR_P;2014;910018423;910019454;N3120;1;;1
SSR_P;2014;910018423;910019454;NAUT;4;1;4.84
SSR_P;2014;910018423;910019454;NCINF;8;1;8.08
SSR_P;2014;910019298;940110042;M1010;1;1;1.5
SSR_P;2014;910019298;940110042;M1320;;1;0.8
SSR_P;2014;910019298;940110042;N241P;1;;1
SSR_P;2014;910019298;940110042;N2450;;1;0.5
SSR_P;2014;910019298;940110042;N2460;1;;1
SSR_P;2014;910019298;940110042;N2500;12;;12
SSR_P;2014;910019298;940110042;N3120;;1;0.5
SSR_P;2014;910019298;940110042;NAUT;6;;6
SSR_P;2014;910019298;940110042;NCINF;10;;10
SSR_P;2014;910020254;910002773;M1040;3;2;4
SSR_P;2014;910020254;910002773;M1180;1;1;1.6
SSR_P;2014;910020254;910002773;M1190;;1;0.7
SSR_P;2014;910020254;910002773;M1320;2;;2
SSR_P;2014;910020254;910002773;N241P;7;11;14.7
SSR_P;2014;910020254;910002773;N2430;;5;2.6
SSR_P;2014;910020254;910002773;N2450;;1;0.2
SSR_P;2014;910020254;910002773;N2460;1;1;1.4
SSR_P;2014;910020254;910002773;N2500;25;10;30.3
SSR_P;2014;910020254;910002773;NAUT;4;4;6.04
SSR_P;2014;910020254;910002773;NCINF;17;15;24.41
SSR_P;2014;910100015;750712184;M1010;2;;2
SSR_P;2014;910100015;750712184;M1180;1;;1
SSR_P;2014;910100015;750712184;M1320;6;2;7.5
SSR_P;2014;910100015;750712184;N241P;;1;0.5
SSR_P;2014;910100015;750712184;N2430;1;;1
SSR_P;2014;910100015;750712184;N2460;3;2;4.6
SSR_P;2014;910100015;750712184;N2470;4;2;5.6
SSR_P;2014;910100015;750712184;N2500;109;18;124.2
SSR_P;2014;910100015;750712184;N2710;1;4;3.19
SSR_P;2014;910100015;750712184;NAUT;36;3;38.7
SSR_P;2014;910100015;750712184;NCINF;42;8;48.9
SSR_P;2014;910100023;750712184;M1010;4;2;5.2
SSR_P;2014;910100023;750712184;M1040;;1;0.2
SSR_P;2014;910100023;750712184;M1180;1;1;1.6
SSR_P;2014;910100023;750712184;M1320;10;9;14.8
SSR_P;2014;910100023;750712184;M3020;2;;2
SSR_P;2014;910100023;750712184;N241P;9;3;11.27
SSR_P;2014;910100023;750712184;N2430;1;;1
SSR_P;2014;910100023;750712184;N2450;;2;1.6
SSR_P;2014;910100023;750712184;N2460;4;2;5.72
SSR_P;2014;910100023;750712184;N2470;;2;1.72
SSR_P;2014;910100023;750712184;N2500;163;8;169.76
SSR_P;2014;910100023;750712184;N2710;4;4;6.6
SSR_P;2014;910100023;750712184;NAUT;7;2;8.72
SSR_P;2014;910100023;750712184;NCINF;62;13;73.01
SSR_P;2014;910150010;910014919;M1010;;5;2.85
SSR_P;2014;910150010;910014919;M1040;1;;1
SSR_P;2014;910150010;910014919;M1070;;2;0.71
SSR_P;2014;910150010;910014919;MAUT;;2;0.78
SSR_P;2014;910150010;910014919;N241P;;1;0.35
SSR_P;2014;910150010;910014919;N2450;;2;1.6
SSR_P;2014;910150010;910014919;N2500;8;;8.53
SSR_P;2014;910150010;910014919;N2710;;3;1.73
SSR_P;2014;910150010;910014919;N310H;;2;1.11
SSR_P;2014;910150010;910014919;N3120;;1;0.33
SSR_P;2014;910150010;910014919;NAUT;2;;2.08
SSR_P;2014;910150010;910014919;NCINF;10;2;10.65
SSR_P;2014;910150028;750811184;M1010;1;5;5.17
SSR_P;2014;910150028;750811184;M1040;;5;3.13
SSR_P;2014;910150028;750811184;M1150;2;3;3.72
SSR_P;2014;910150028;750811184;M1320;;2;1.61
SSR_P;2014;910150028;750811184;M1330;2;;2
SSR_P;2014;910150028;750811184;M3020;;2;1.33
SSR_P;2014;910150028;750811184;MAUT;2;2;3.58
SSR_P;2014;910150028;750811184;N241P;10;4;12.17
SSR_P;2014;910150028;750811184;N2450;3;;3
SSR_P;2014;910150028;750811184;N2460;1;;1
SSR_P;2014;910150028;750811184;N2500;81;7;86.08
SSR_P;2014;910150028;750811184;N2710;1;2;2.04
SSR_P;2014;910150028;750811184;N310H;1;1;1.52
SSR_P;2014;910150028;750811184;N3120;2;2;3.55
SSR_P;2014;910150028;750811184;NCINF;79;17;92.5
SSR_P;2014;910150069;910000033;M1180;1;0;1
SSR_P;2014;910150069;910000033;M1320;6;7;8.27
SSR_P;2014;910150069;910000033;M3020;1;1;0.32
SSR_P;2014;910150069;910000033;MAUT;;;0.57
SSR_P;2014;910150069;910000033;N241P;3;1;3.35
SSR_P;2014;910150069;910000033;N2450;2;1;2.71
SSR_P;2014;910150069;910000033;N2460;2;1;2.3
SSR_P;2014;910150069;910000033;N2470;1;0;0.7
SSR_P;2014;910150069;910000033;N2500;33;1;40.58
SSR_P;2014;910150069;910000033;N2710;0;2;1.2
SSR_P;2014;910150069;910000033;N310H;2;0;1.44
SSR_P;2014;910150069;910000033;N3120;2;1;2.6
SSR_P;2014;910150069;910000033;NAUT;58;8;62.23
SSR_P;2014;910150069;910000033;NCINF;21;1;22.32
SSR_P;2014;910150077;750720575;M1010;2;1;2.1
SSR_P;2014;910150077;750720575;M1070;1;;1
SSR_P;2014;910150077;750720575;M1180;1;;1
SSR_P;2014;910150077;750720575;N241P;5;2;6.1
SSR_P;2014;910150077;750720575;N2430;;2;1
SSR_P;2014;910150077;750720575;N2450;;3;2.6
SSR_P;2014;910150077;750720575;N2460;2;;2
SSR_P;2014;910150077;750720575;N2470;;1;0.5
SSR_P;2014;910150077;750720575;N2500;10;6;14.5
SSR_P;2014;910150077;750720575;N2710;;2;1.3
SSR_P;2014;910150077;750720575;N310H;5;1;5.5
SSR_P;2014;910150077;750720575;N3120;1;;1
SSR_P;2014;910150077;750720575;NAUT;2;;2
SSR_P;2014;910150077;750720575;NCINF;12;5;16.3
SSR_P;2014;910150085;910009539;M1010;2;;1.5
SSR_P;2014;910150085;910009539;M1180;2;;2
SSR_P;2014;910150085;910009539;N241P;3;;3
SSR_P;2014;910150085;910009539;N2500;28;1;25.75
SSR_P;2014;910150085;910009539;N2710;1;;1
SSR_P;2014;910150085;910009539;N3120;3;2;2.5
SSR_P;2014;910150085;910009539;NCINF;26;;25
SSR_P;2014;910300029;910000355;M1010;1;;0.5
SSR_P;2014;910300029;910000355;M1320;;3;1.1
SSR_P;2014;910300029;910000355;N241P;1;2;2.2
SSR_P;2014;910300029;910000355;N2450;1;;1
SSR_P;2014;910300029;910000355;N2470;;1;0.71
SSR_P;2014;910300029;910000355;N2500;10;44;15.37
SSR_P;2014;910300029;910000355;N3120;;2;0.81
SSR_P;2014;910300029;910000355;NAUT;4;3;4.5
SSR_P;2014;910300029;910000355;NCINF;7;3;8
SSR_P;2014;910300045;910002419;M1010;2;;2
SSR_P;2014;910300045;910002419;M1320;2;;2
SSR_P;2014;910300045;910002419;N241P;3;1;3.6
SSR_P;2014;910300045;910002419;N2430;;1;0.5
SSR_P;2014;910300045;910002419;N2460;;1;0.5
SSR_P;2014;910300045;910002419;N2500;27;;27
SSR_P;2014;910300045;910002419;N2710;1;;1
SSR_P;2014;910300045;910002419;N3120;;1;0.5
SSR_P;2014;910300045;910002419;NAUT;1;;1
SSR_P;2014;910300045;910002419;NCINF;19;;19
SSR_P;2014;910300060;750043994;M1040;;2;0.2
SSR_P;2014;910300060;750043994;M1120;;1;0.1
SSR_P;2014;910300060;750043994;M1320;2;;2
SSR_P;2014;910300060;750043994;MAUT;;1;0.1
SSR_P;2014;910300060;750043994;N241P;2;;2
SSR_P;2014;910300060;750043994;N2460;;1;0.5
SSR_P;2014;910300060;750043994;N2500;8;4;9.53
SSR_P;2014;910300060;750043994;N2710;;1;0.5
SSR_P;2014;910300060;750043994;N3120;1;;1
SSR_P;2014;910300060;750043994;NCINF;6;1;6.83
SSR_P;2014;910300151;310021308;M1010;1;1;1.75
SSR_P;2014;910300151;310021308;M1120;;1;0.06
SSR_P;2014;910300151;310021308;M1180;2;0;2
SSR_P;2014;910300151;310021308;M1190;;1;0.8
SSR_P;2014;910300151;310021308;M1320;;1;0.8
SSR_P;2014;910300151;310021308;N241P;12;6;14.9
SSR_P;2014;910300151;310021308;N2430;5;;5
SSR_P;2014;910300151;310021308;N2460;6;;6
SSR_P;2014;910300151;310021308;N2500;24;;24.33
SSR_P;2014;910300151;310021308;N2710;1;1;1.5
SSR_P;2014;910300151;310021308;N3120;1;1;1.5
SSR_P;2014;910300151;310021308;NCINF;20;;18.16
SSR_P;2014;910300219;910003888;M1040;1;1;1.6
SSR_P;2014;910300219;910003888;N241P;2;;2
SSR_P;2014;910300219;910003888;N2450;1;;1
SSR_P;2014;910300219;910003888;N2710;;1;0.5
SSR_P;2014;910300219;910003888;NAUT;1;1;1.3
SSR_P;2014;910300219;910003888;NCINF;2;;2
SSR_P;2014;910300235;310021282;M1010;2;1;2.5
SSR_P;2014;910300235;310021282;M1320;1;;1
SSR_P;2014;910300235;310021282;N241P;2;1;2.63
SSR_P;2014;910300235;310021282;N2450;;1;0.2
SSR_P;2014;910300235;310021282;N2460;1;;1
SSR_P;2014;910300235;310021282;N2470;;1;0.8
SSR_P;2014;910300235;310021282;N2500;19;1;19.34
SSR_P;2014;910300235;310021282;N2710;1;;1
SSR_P;2014;910300235;310021282;N3120;1;;1
SSR_P;2014;910300235;310021282;NCINF;13;3;13.8
SSR_P;2014;910300276;910019702;M1010;2;3;4.5
SSR_P;2014;910300276;910019702;M1040;;2;1.5
SSR_P;2014;910300276;910019702;M1180;2;1;2.8
SSR_P;2014;910300276;910019702;M1320;1;1;1.6
SSR_P;2014;910300276;910019702;MAUT;;6;5.29
SSR_P;2014;910300276;910019702;N241P;21;1;21.5
SSR_P;2014;910300276;910019702;N2430;2;2;2.8
SSR_P;2014;910300276;910019702;N2450;1;;1
SSR_P;2014;910300276;910019702;N2460;6;;6
SSR_P;2014;910300276;910019702;N2470;2;;2
SSR_P;2014;910300276;910019702;N2500;42;7;47.31
SSR_P;2014;910300276;910019702;N2710;1;3;2.5
SSR_P;2014;910300276;910019702;N3120;1;1;1.5
SSR_P;2014;910300276;910019702;NCINF;34;7;37.65
SSR_P;2014;910300326;910000553;M1010;1;;1
SSR_P;2014;910300326;910000553;M1320;1;;1
SSR_P;2014;910300326;910000553;N241P;1;;1
SSR_P;2014;910300326;910000553;N2450;;1;0.5
SSR_P;2014;910300326;910000553;N2500;9;;9
SSR_P;2014;910300326;910000553;N2710;;2;1
SSR_P;2014;910300326;910000553;N3120;;1;0.5
SSR_P;2014;910300326;910000553;NCINF;6;1;6.3
SSR_P;2014;910500040;910009539;N241P;3;;3
SSR_P;2014;910500040;910009539;N2500;28;1;25.75
SSR_P;2014;910500040;910009539;N2710;1;;1
SSR_P;2014;910500040;910009539;N3120;3;2;2.5
SSR_P;2014;910500040;910009539;NAUT;36;;26.82
SSR_P;2014;910500040;910009539;NCINF;26;;25
SSR_P;2014;910811322;830013678;M1320;;3;1.71
SSR_P;2014;910811322;830013678;MAUT;1;1;1.74
SSR_P;2014;910811322;830013678;N241P;3;2;4.7
SSR_P;2014;910811322;830013678;N2430;;1;0.11
SSR_P;2014;910811322;830013678;N2450;;1;0.89
SSR_P;2014;910811322;830013678;N2460;;1;0.64
SSR_P;2014;910811322;830013678;N2470;1;;0.23
SSR_P;2014;910811322;830013678;N2500;16;6;23.4
SSR_P;2014;910811322;830013678;N2710;;2;0.38
SSR_P;2014;910811322;830013678;N310H;;1;0.67
SSR_P;2014;910811322;830013678;N3120;;1;0.88
SSR_P;2014;910811322;830013678;NAUT;40;14;40.34
SSR_P;2014;910811322;830013678;NCINF;10;5;12.67
SSR_P;2014;920000569;920026374;M1010;2;0;0.95
SSR_P;2014;920000569;920026374;M1040;0;1;0.06
SSR_P;2014;920000569;920026374;M1190;1;3;1.88
SSR_P;2014;920000569;920026374;M1320;3;1;3.05
SSR_P;2014;920000569;920026374;N241P;8;3;13.18
SSR_P;2014;920000569;920026374;N2430;;1;0.15
SSR_P;2014;920000569;920026374;N2450;;1;0.04
SSR_P;2014;920000569;920026374;N2460;;1;0.91
SSR_P;2014;920000569;920026374;N2500;26;4;28.1
SSR_P;2014;920000569;920026374;N2710;1;1;1.07
SSR_P;2014;920000569;920026374;N310H;2;;1.33
SSR_P;2014;920000569;920026374;NAUT;15;1;17.2
SSR_P;2014;920000569;920026374;NCINF;21;2;21.41
SSR_P;2014;920000577;920110020;M1010;4;;3.8
SSR_P;2014;920000577;920110020;N241P;4;;2.78
SSR_P;2014;920000577;920110020;N2500;29;;17.39
SSR_P;2014;920000577;920110020;N310H;1;;0.11
SSR_P;2014;920000577;920110020;NAUT;5;;3.34
SSR_P;2014;920000577;920110020;NCINF;23;;11.72
SSR_P;2014;920000601;920110053;M1010;2;1;1.7
SSR_P;2014;920000601;920110053;M1040;4;2;4.16
SSR_P;2014;920000601;920110053;M1120;1;;1
SSR_P;2014;920000601;920110053;M1180;2;;2.57
SSR_P;2014;920000601;920110053;M1320;1;2;2.4
SSR_P;2014;920000601;920110053;N241P;14;1;13.35
SSR_P;2014;920000601;920110053;N2430;1;1;1
SSR_P;2014;920000601;920110053;N2450;1;1;1
SSR_P;2014;920000601;920110053;N2460;3;1;3.4
SSR_P;2014;920000601;920110053;N2500;37;3;36.49
SSR_P;2014;920000601;920110053;N2710;2;2;3
SSR_P;2014;920000601;920110053;N310H;;1;0.32
SSR_P;2014;920000601;920110053;N3120;2;;2
SSR_P;2014;920000601;920110053;NAUT;6;2;6.9
SSR_P;2014;920000601;920110053;NCINF;34;2;32.4
SSR_P;2014;920000627;920009909;M1320;3;;3.17
SSR_P;2014;920000627;920009909;N241P;1;;1
SSR_P;2014;920000627;920009909;N2460;;1;0.5
SSR_P;2014;920000627;920009909;N2470;;1;0.49
SSR_P;2014;920000627;920009909;N2500;29;;30.02
SSR_P;2014;920000627;920009909;N2710;;1;0.3
SSR_P;2014;920000627;920009909;N3120;1;;1
SSR_P;2014;920000627;920009909;NAUT;12;;10.57
SSR_P;2014;920000627;920009909;NCINF;16;;14.91
SSR_P;2014;920000635;920150026;M1010;4;2;4.86
SSR_P;2014;920000635;920150026;N241P;6;2;6.5
SSR_P;2014;920000635;920150026;N2450;1;;0.6
SSR_P;2014;920000635;920150026;N2500;21;19;24.86
SSR_P;2014;920000635;920150026;N3120;1;;0.6
SSR_P;2014;920000635;920150026;NAUT;10;15;14.38
SSR_P;2014;920000635;920150026;NCINF;18;30;25.3
SSR_P;2014;920001369;920710654;M1010;2;2;3.4
SSR_P;2014;920001369;920710654;M1320;1;;1
SSR_P;2014;920001369;920710654;MAUT;;3;1.42
SSR_P;2014;920001369;920710654;N241P;2;1;1.43
SSR_P;2014;920001369;920710654;N2430;;1;0.49
SSR_P;2014;920001369;920710654;N2450;;1;0.48
SSR_P;2014;920001369;920710654;N2460;1;;0.65
SSR_P;2014;920001369;920710654;N2470;;1;0.71
SSR_P;2014;920001369;920710654;N2500;49;2;58.02
SSR_P;2014;920001369;920710654;N2710;1;2;2.84
SSR_P;2014;920001369;920710654;N3120;1;;1
SSR_P;2014;920001369;920710654;NAUT;13;;15.75
SSR_P;2014;920001369;920710654;NCINF;12;4;15.14
SSR_P;2014;920004058;750056129;M1010;2;2;2.4
SSR_P;2014;920004058;750056129;M3020;;1;0.9
SSR_P;2014;920004058;750056129;N2450;;1;0.2
SSR_P;2014;920004058;750056129;N2470;1;;1
SSR_P;2014;920004058;750056129;N310H;4;;4
SSR_P;2014;920004058;750056129;N3120;1;;1
SSR_P;2014;920005238;750043994;M1010;2;2;3.5
SSR_P;2014;920005238;750043994;M1150;1;;1
SSR_P;2014;920005238;750043994;M1320;2;;2
SSR_P;2014;920005238;750043994;MAUT;1;;1
SSR_P;2014;920005238;750043994;N241P;6;1;6.5
SSR_P;2014;920005238;750043994;N2450;;1;0.8
SSR_P;2014;920005238;750043994;N2460;1;;1
SSR_P;2014;920005238;750043994;N2500;32;4;33.74
SSR_P;2014;920005238;750043994;N2710;1;;1
SSR_P;2014;920005238;750043994;N310H;1;;1
SSR_P;2014;920005238;750043994;N3120;1;;1
SSR_P;2014;920005238;750043994;NCINF;26;1;26.34
SSR_P;2014;920007549;920007499;M1010;1;;1
SSR_P;2014;920007549;920007499;M1320;1;;1
SSR_P;2014;920007549;920007499;N241P;1;;0.9
SSR_P;2014;920007549;920007499;N2430;;;0.07
SSR_P;2014;920007549;920007499;N2450;1;;1
SSR_P;2014;920007549;920007499;N2460;;1;0.5
SSR_P;2014;920007549;920007499;N2470;1;;1
SSR_P;2014;920007549;920007499;N2500;14;;13.97
SSR_P;2014;920007549;920007499;N2710;1;;1
SSR_P;2014;920007549;920007499;N310H;4;1;4.5
SSR_P;2014;920007549;920007499;N3120;1;;1
SSR_P;2014;920007549;920007499;NCINF;13;;12.22
SSR_P;2014;920014099;750043994;M1180;3;;3
SSR_P;2014;920016698;930019484;M1010;1;1;1.5
SSR_P;2014;920016698;930019484;M1180;3;1;3.6
SSR_P;2014;920016698;930019484;N241P;15;0;15
SSR_P;2014;920016698;930019484;N2430;2;0;2
SSR_P;2014;920016698;930019484;N2460;6;1;7.6
SSR_P;2014;920016698;930019484;N2500;15;0;15
SSR_P;2014;920016698;930019484;N2710;3;0;3
SSR_P;2014;920016698;930019484;N3120;2;0;2
SSR_P;2014;920016698;930019484;NAUT;2;1;2.8
SSR_P;2014;920016698;930019484;NCINF;13;4;15
SSR_P;2014;920024205;920808037;M1320;4;;2.4
SSR_P;2014;920024205;920808037;MAUT;;3;0.32
SSR_P;2014;920024205;920808037;N241P;1;;1.75
SSR_P;2014;920024205;920808037;N2430;;1;0.23
SSR_P;2014;920024205;920808037;N2450;1;;0.1
SSR_P;2014;920024205;920808037;N2460;;2;0.33
SSR_P;2014;920024205;920808037;N2470;1;1;0.5
SSR_P;2014;920024205;920808037;N2500;15;;15.05
SSR_P;2014;920024205;920808037;N2710;;3;0.83
SSR_P;2014;920024205;920808037;NAUT;;1;0.13
SSR_P;2014;920024205;920808037;NCINF;10;1;10.21
SSR_P;2014;920100047;750712184;M1180;;1;0.1
SSR_P;2014;920100047;750712184;M1320;3;;2.9
SSR_P;2014;920100047;750712184;N241P;1;1;1.6
SSR_P;2014;920100047;750712184;N2430;;1;0.5
SSR_P;2014;920100047;750712184;N2500;11;2;12.15
SSR_P;2014;920100047;750712184;N2710;;1;0.6
SSR_P;2014;920100047;750712184;N310H;2;;2
SSR_P;2014;920100047;750712184;N3120;1;;1
SSR_P;2014;920100047;750712184;NAUT;;1;0.8
SSR_P;2014;920100047;750712184;NCINF;14;2;14.12
SSR_P;2014;920100054;750712184;M1010;;2;1
SSR_P;2014;920100054;750712184;M1120;1;4;1.4
SSR_P;2014;920100054;750712184;M1140;;6;1.9
SSR_P;2014;920100054;750712184;M1180;8;8;6.58
SSR_P;2014;920100054;750712184;M3020;;1;0.2
SSR_P;2014;920100054;750712184;MAUT;;2;0.3
SSR_P;2014;920100054;750712184;N241P;38;7;35.55
SSR_P;2014;920100054;750712184;N2430;9;4;14.96
SSR_P;2014;920100054;750712184;N2460;12;7;16.42
SSR_P;2014;920100054;750712184;N2500;79;5;84.89
SSR_P;2014;920100054;750712184;N2710;4;3;6.6
SSR_P;2014;920100054;750712184;N310H;2;;2
SSR_P;2014;920100054;750712184;NAUT;17;1;18.44
SSR_P;2014;920100054;750712184;NCINF;58;9;62.55
SSR_P;2014;920100062;750712184;M1040;3;6;5.5
SSR_P;2014;920100062;750712184;M1070;;1;0.2
SSR_P;2014;920100062;750712184;M1180;3;;3
SSR_P;2014;920100062;750712184;M1190;1;;1
SSR_P;2014;920100062;750712184;M1320;5;4;5.93
SSR_P;2014;920100062;750712184;M3020;1;;1
SSR_P;2014;920100062;750712184;MAUT;2;5;3.4
SSR_P;2014;920100062;750712184;N241P;29;2;30.3
SSR_P;2014;920100062;750712184;N2450;2;3;3.5
SSR_P;2014;920100062;750712184;N2460;2;1;2.5
SSR_P;2014;920100062;750712184;N2470;3;;3
SSR_P;2014;920100062;750712184;N2500;151;8;155.43
SSR_P;2014;920100062;750712184;N2710;1;;1
SSR_P;2014;920100062;750712184;N310H;1;;1
SSR_P;2014;920100062;750712184;N3120;1;;1
SSR_P;2014;920100062;750712184;NAUT;10;2;8.63
SSR_P;2014;920100062;750712184;NCINF;116;9;123.14
SSR_P;2014;920120011;750821092;M1180;6;;5.5
SSR_P;2014;920120011;750821092;M3020;;1;0.1
SSR_P;2014;920120011;750821092;N241P;10;;10
SSR_P;2014;920120011;750821092;N2430;1;;1
SSR_P;2014;920120011;750821092;N2450;;1;0.2
SSR_P;2014;920120011;750821092;N2460;2;1;2.8
SSR_P;2014;920120011;750821092;N2470;1;;1
SSR_P;2014;920120011;750821092;N2500;14;1;14.8
SSR_P;2014;920120011;750821092;N2710;;2;0.4
SSR_P;2014;920120011;750821092;N3120;;1;0.4
SSR_P;2014;920120011;750821092;NAUT;2;3;2.45
SSR_P;2014;920120011;750821092;NCINF;15;;15
SSR_P;2014;920150018;750720492;M1010;;5;1.47
SSR_P;2014;920150018;750720492;M1040;;1;0.14
SSR_P;2014;920150018;750720492;M3020;;1;0.2
SSR_P;2014;920150018;750720492;MAUT;6;3;7.55
SSR_P;2014;920150018;750720492;N241P;3;1;3.98
SSR_P;2014;920150018;750720492;N2500;22;16;26.72
SSR_P;2014;920150018;750720492;N2710;2;1;1.91
SSR_P;2014;920150018;750720492;N3120;2;;1.83
SSR_P;2014;920150018;750720492;NAUT;38;15;44.32
SSR_P;2014;920150018;750720492;NCINF;30;16;37.38
SSR_P;2014;920150075;780020715;M1320;6;1;5.69
SSR_P;2014;920150075;780020715;N241P;4;2;6.92
SSR_P;2014;920150075;780020715;N2430;;2;1.03
SSR_P;2014;920150075;780020715;N2450;;1;0.56
SSR_P;2014;920150075;780020715;N2460;3;;2.05
SSR_P;2014;920150075;780020715;N2470;;1;0.43
SSR_P;2014;920150075;780020715;N2500;42;;49.8
SSR_P;2014;920150075;780020715;N2710;1;1;1.5
SSR_P;2014;920150075;780020715;N3120;;1;0.8
SSR_P;2014;920150075;780020715;NAUT;37;5;44.07
SSR_P;2014;920150075;780020715;NCINF;22;2;24.61
SSR_P;2014;920300258;920000809;M1010;1;1;1.92
SSR_P;2014;920300258;920000809;M1040;1;12;8.09
SSR_P;2014;920300258;920000809;MAUT;;1;0.1
SSR_P;2014;920300258;920000809;N241P;5;;4.55
SSR_P;2014;920300258;920000809;N2450;1;;1.2
SSR_P;2014;920300258;920000809;N2500;14;5;15.86
SSR_P;2014;920300258;920000809;N2710;1;;1
SSR_P;2014;920300258;920000809;N310H;2;;2
SSR_P;2014;920300258;920000809;N3120;;1;0.67
SSR_P;2014;920300258;920000809;NCINF;18;1;18.36
SSR_P;2014;920300266;920000940;M1010;1;2;2
SSR_P;2014;920300266;920000940;M1320;;1;0.6
SSR_P;2014;920300266;920000940;MAUT;1;;1
SSR_P;2014;920300266;920000940;N241P;3;;2.7
SSR_P;2014;920300266;920000940;N2450;1;;0.54
SSR_P;2014;920300266;920000940;N2500;16;4;19.41
SSR_P;2014;920300266;920000940;N2710;;3;1
SSR_P;2014;920300266;920000940;N3120;1;1;1.32
SSR_P;2014;920300266;920000940;NCINF;13;9;16.04
SSR_P;2014;920300381;920005378;M1010;;1;0.8
SSR_P;2014;920300381;920005378;M1320;3;;3
SSR_P;2014;920300381;920005378;MAUT;;1;0.25
SSR_P;2014;920300381;920005378;N241P;2;1;2.5
SSR_P;2014;920300381;920005378;N2430;;1;0.8
SSR_P;2014;920300381;920005378;N2450;;1;0.5
SSR_P;2014;920300381;920005378;N2460;1;;1
SSR_P;2014;920300381;920005378;N2470;;1;0.5
SSR_P;2014;920300381;920005378;N2500;17;1;17.68
SSR_P;2014;920300381;920005378;N2710;;1;0.5
SSR_P;2014;920300381;920005378;N310H;1;;1
SSR_P;2014;920300381;920005378;N3120;1;;1
SSR_P;2014;920300381;920005378;NCINF;6;7;9.56
SSR_P;2014;920300423;750043994;M1010;2;;2
SSR_P;2014;920300423;750043994;M1040;;1;0.11
SSR_P;2014;920300423;750043994;M1320;2;;2
SSR_P;2014;920300423;750043994;N241P;3;;3
SSR_P;2014;920300423;750043994;N2450;;1;0.2
SSR_P;2014;920300423;750043994;N2460;1;;1
SSR_P;2014;920300423;750043994;N2500;18;;18
SSR_P;2014;920300423;750043994;N2710;;1;0.6
SSR_P;2014;920300423;750043994;N310H;2;;2
SSR_P;2014;920300423;750043994;N3120;;1;0.6
SSR_P;2014;920300423;750043994;NCINF;13;1;13.8
SSR_P;2014;920300464;910014919;M1010;2;3;4.7
SSR_P;2014;920300464;910014919;M1180;;1;0.8
SSR_P;2014;920300464;910014919;M1320;1;;1
SSR_P;2014;920300464;910014919;N241P;16;2;17.4
SSR_P;2014;920300464;910014919;N2430;2;;2
SSR_P;2014;920300464;910014919;N2460;3;;3
SSR_P;2014;920300464;910014919;N2710;2;;0.5
SSR_P;2014;920300464;910014919;N310H;1;;1
SSR_P;2014;920300464;910014919;N3120;1;;1
SSR_P;2014;920300464;910014919;NAUT;60;1;60.4
SSR_P;2014;920300464;910014919;NCINF;18;;18
SSR_P;2014;920300480;920000924;M1010;1;;0.88
SSR_P;2014;920300480;920000924;M1320;2;;2
SSR_P;2014;920300480;920000924;N241P;1;3;3
SSR_P;2014;920300480;920000924;N2500;11;8;13.5
SSR_P;2014;920300480;920000924;N3120;1;;1
SSR_P;2014;920300480;920000924;NCINF;10;3;11
SSR_P;2014;920300563;920000932;M1010;;2;1.43
SSR_P;2014;920300563;920000932;M1180;1;1;1.75
SSR_P;2014;920300563;920000932;N241P;7;1;6.5
SSR_P;2014;920300563;920000932;N2460;1;1;1.84
SSR_P;2014;920300563;920000932;N2500;10;2;10
SSR_P;2014;920300563;920000932;NCINF;12;;11
SSR_P;2014;920300845;780020715;M1180;;3;1.22
SSR_P;2014;920300845;780020715;MAUT;;1;0.18
SSR_P;2014;920300845;780020715;N241P;;;0.29
SSR_P;2014;920300845;780020715;N2500;7;1;11.98
SSR_P;2014;920300845;780020715;N2710;;2;0.51
SSR_P;2014;920300845;780020715;N3120;;1;0.23
SSR_P;2014;920300845;780020715;NAUT;1;32;10.51
SSR_P;2014;920300845;780020715;NCINF;5;;8.48
SSR_P;2014;920300886;750043994;M1010;1;1;1.6
SSR_P;2014;920300886;750043994;M1320;1;2;2.4
SSR_P;2014;920300886;750043994;MAUT;;1;0.5
SSR_P;2014;920300886;750043994;N241P;2;;2
SSR_P;2014;920300886;750043994;N2450;;1;0.2
SSR_P;2014;920300886;750043994;N2460;1;;1
SSR_P;2014;920300886;750043994;N2500;18;1;18.6
SSR_P;2014;920300886;750043994;N2710;;1;0.5
SSR_P;2014;920300886;750043994;N310H;2;;2
SSR_P;2014;920300886;750043994;N3120;;1;0.8
SSR_P;2014;920300886;750043994;NAUT;;1;0.8
SSR_P;2014;920300886;750043994;NCINF;12;1;12.6
SSR_P;2014;920300985;920810330;M1010;;3;2.11
SSR_P;2014;920300985;920810330;M1040;;1;0.26
SSR_P;2014;920300985;920810330;M1070;;;0.1
SSR_P;2014;920300985;920810330;M1180;1;1;1.74
SSR_P;2014;920300985;920810330;M1320;;1;0.6
SSR_P;2014;920300985;920810330;N241P;3;7;6.72
SSR_P;2014;920300985;920810330;N2430;1;1;1.48
SSR_P;2014;920300985;920810330;N2460;2;;1.91
SSR_P;2014;920300985;920810330;N2470;1;2;1.69
SSR_P;2014;920300985;920810330;N2500;22;17;32.55
SSR_P;2014;920300985;920810330;N2710;2;3;2.8
SSR_P;2014;920300985;920810330;N3120;1;2;1.66
SSR_P;2014;920300985;920810330;NAUT;12;5;14.48
SSR_P;2014;920300985;920810330;NCINF;14;18;24.34
SSR_P;2014;920420023;750043994;M1010;1;1;1.39
SSR_P;2014;920420023;750043994;M1320;1;1;1.39
SSR_P;2014;920420023;750043994;N241P;1;2;2
SSR_P;2014;920420023;750043994;N2450;;1;0.2
SSR_P;2014;920420023;750043994;N2460;;1;0.5
SSR_P;2014;920420023;750043994;N2500;12;3;13.69
SSR_P;2014;920420023;750043994;N2710;;1;0.4
SSR_P;2014;920420023;750043994;N310H;1;;1
SSR_P;2014;920420023;750043994;N3120;1;;1
SSR_P;2014;920420023;750043994;NCINF;7;5;9.86
SSR_P;2014;920600012;750042590;M1010;;1;1.12
SSR_P;2014;920600012;750042590;M1180;1;1;0.28
SSR_P;2014;920600012;750042590;N241P;2;2;3.27
SSR_P;2014;920600012;750042590;N2460;1;0;1
SSR_P;2014;920600012;750042590;N2470;1;0;0.99
SSR_P;2014;920600012;750042590;N2500;24;8;25.33
SSR_P;2014;920600012;750042590;N310H;3;1;3.5
SSR_P;2014;920600012;750042590;N3120;;1;0.36
SSR_P;2014;920600012;750042590;NCINF;10;2;10.78
SSR_P;2014;920600061;920001146;M1010;;1;0.23
SSR_P;2014;920600061;920001146;M1140;;3;0.93
SSR_P;2014;920600061;920001146;M3020;;1;0.04
SSR_P;2014;920600061;920001146;MAUT;;1;0.03
SSR_P;2014;920600061;920001146;N241P;;4;1.76
SSR_P;2014;920600061;920001146;N2470;;3;2.76
SSR_P;2014;920600061;920001146;N2500;31;2;33.92
SSR_P;2014;920600061;920001146;N2710;;4;1.92
SSR_P;2014;920600061;920001146;N310H;2;;2.07
SSR_P;2014;920600061;920001146;NCINF;12;2;12.86
SSR_P;2014;920700010;770700029;M1010;0;2;0.91
SSR_P;2014;920700010;770700029;M1140;0;4;1.4
SSR_P;2014;920700010;770700029;M1180;0;2;0.47
SSR_P;2014;920700010;770700029;M3020;0;1;0.05
SSR_P;2014;920700010;770700029;N241P;5;1;6.2
SSR_P;2014;920700010;770700029;N2430;0;3;0.87
SSR_P;2014;920700010;770700029;N2460;0;1;0.9
SSR_P;2014;920700010;770700029;N2470;2;2;3.32
SSR_P;2014;920700010;770700029;N2500;0;3;2.62
SSR_P;2014;920700010;770700029;N2710;0;2;1
SSR_P;2014;920700010;770700029;N310H;3;3;4.24
SSR_P;2014;920700010;770700029;N3120;1;1;1
SSR_P;2014;920700010;770700029;NAUT;21;4;24.98
SSR_P;2014;920700010;770700029;NCINF;5;4;9.05
SSR_P;2014;920711512;920013448;M1010;5;2;6.52
SSR_P;2014;920711512;920013448;M1320;2;2;2.79
SSR_P;2014;920711512;920013448;N241P;4;1;4.38
SSR_P;2014;920711512;920013448;N2450;1;;1.08
SSR_P;2014;920711512;920013448;N2460;1;;0.17
SSR_P;2014;920711512;920013448;N2470;2;;1.59
SSR_P;2014;920711512;920013448;N2500;45;;44.39
SSR_P;2014;920711512;920013448;N2710;2;1;1.59
SSR_P;2014;920711512;920013448;N310H;2;;2
SSR_P;2014;920711512;920013448;N3120;1;1;1.5
SSR_P;2014;920711512;920013448;NAUT;36;3;30.98
SSR_P;2014;920711512;920013448;NCINF;25;1;23
SSR_P;2014;920803798;920002037;M1010;5;7;6.94
SSR_P;2014;920803798;920002037;N241P;2;0;2
SSR_P;2014;920803798;920002037;N2450;1;;1
SSR_P;2014;920803798;920002037;N2500;18;2;17.69
SSR_P;2014;920803798;920002037;N2710;;0;0.76
SSR_P;2014;920803798;920002037;N3120;1;;1
SSR_P;2014;920803798;920002037;NCINF;13;3;13.13
SSR_P;2014;930000294;930021480;M1010;3;;3
SSR_P;2014;930000294;930021480;M1320;3;;2.2
SSR_P;2014;930000294;930021480;N241P;4;;3.1
SSR_P;2014;930000294;930021480;N2450;2;;0.69
SSR_P;2014;930000294;930021480;N2460;1;;1
SSR_P;2014;930000294;930021480;N2500;42;1;34.56
SSR_P;2014;930000294;930021480;N2710;;2;0.95
SSR_P;2014;930000294;930021480;N3120;1;1;1.97
SSR_P;2014;930000294;930021480;NAUT;21;;19.81
SSR_P;2014;930000294;930021480;NCINF;23;1;18.97
SSR_P;2014;930000302;930110036;M1320;1;;2.03
SSR_P;2014;930000302;930110036;N241P;;;0.89
SSR_P;2014;930000302;930110036;N2500;6;5;11.08
SSR_P;2014;930000302;930110036;NAUT;8;7;15.16
SSR_P;2014;930000302;930110036;NCINF;6;3;8.45
SSR_P;2014;930000328;930110051;M1180;1;1;1.6
SSR_P;2014;930000328;930110051;N241P;6;1;6.5
SSR_P;2014;930000328;930110051;N2500;12;3;12.65
SSR_P;2014;930000328;930110051;NAUT;2;;1.63
SSR_P;2014;930000328;930110051;NCINF;5;7;7.7
SSR_P;2014;930000336;930110069;M1180;6;2;5.91
SSR_P;2014;930000336;930110069;N241P;11;;11
SSR_P;2014;930000336;930110069;N2430;2;2;1.5
SSR_P;2014;930000336;930110069;N2460;5;1;5.8
SSR_P;2014;930000336;930110069;N2500;25;;25
SSR_P;2014;930000336;930110069;N2710;1;;1
SSR_P;2014;930000336;930110069;N3120;;2;1.5
SSR_P;2014;930000336;930110069;NAUT;9;1;9.1
SSR_P;2014;930000336;930110069;NCINF;19;2;20.3
SSR_P;2014;930006648;750721235;M1120;1;;1
SSR_P;2014;930006648;750721235;M1180;7;;8.43
SSR_P;2014;930006648;750721235;M1190;1;;1
SSR_P;2014;930006648;750721235;N241P;20;2;22.94
SSR_P;2014;930006648;750721235;N2430;3;2;4.91
SSR_P;2014;930006648;750721235;N2460;14;;14.73
SSR_P;2014;930006648;750721235;N2500;49;;49.6
SSR_P;2014;930006648;750721235;N2710;2;;1.8
SSR_P;2014;930006648;750721235;N310H;4;;3.46
SSR_P;2014;930006648;750721235;N3120;3;;2.93
SSR_P;2014;930006648;750721235;NAUT;39;;31.14
SSR_P;2014;930006648;750721235;NCINF;29;2;24.71
SSR_P;2014;930009188;930009139;MAUT;;9;3.54
SSR_P;2014;930011788;930017199;M1320;1;4;3.5
SSR_P;2014;930011788;930017199;MAUT;1;;1
SSR_P;2014;930011788;930017199;N241P;4;;3.37
SSR_P;2014;930011788;930017199;N2460;1;;0.71
SSR_P;2014;930011788;930017199;N2500;30;5;26.78
SSR_P;2014;930011788;930017199;N2710;1;;1
SSR_P;2014;930011788;930017199;N3120;1;;1
SSR_P;2014;930011788;930017199;NAUT;2;;1.25
SSR_P;2014;930011788;930017199;NCINF;16;1;17.76
SSR_P;2014;930013818;930024427;M1180;1;;1
SSR_P;2014;930013818;930024427;M1190;1;;1
SSR_P;2014;930013818;930024427;M1320;2;;2
SSR_P;2014;930013818;930024427;MAUT;0;1;0.3
SSR_P;2014;930013818;930024427;N241P;10;;10
SSR_P;2014;930013818;930024427;N2450;1;;1
SSR_P;2014;930013818;930024427;N2460;2;;2
SSR_P;2014;930013818;930024427;N2470;1;;1
SSR_P;2014;930013818;930024427;N2500;16;2;18.12
SSR_P;2014;930013818;930024427;N2710;;1;0.5
SSR_P;2014;930013818;930024427;N3120;1;;1
SSR_P;2014;930013818;930024427;NAUT;12;4;14.25
SSR_P;2014;930013818;930024427;NCINF;12;1;12.66
SSR_P;2014;930017512;930019948;M1010;3;;3
SSR_P;2014;930017512;930019948;M1040;1;;1
SSR_P;2014;930017512;930019948;M1180;4;;4
SSR_P;2014;930017512;930019948;M1320;;1;1
SSR_P;2014;930017512;930019948;MAUT;2;;2
SSR_P;2014;930017512;930019948;N241P;16;;10
SSR_P;2014;930017512;930019948;N2430;3;;3
SSR_P;2014;930017512;930019948;N2460;8;;8
SSR_P;2014;930017512;930019948;N2500;47;;47
SSR_P;2014;930017512;930019948;N2710;4;;4
SSR_P;2014;930017512;930019948;N310H;2;1;3
SSR_P;2014;930017512;930019948;N3120;2;;2
SSR_P;2014;930017512;930019948;NAUT;16;4;19
SSR_P;2014;930017512;930019948;NCINF;37;4;41.39
SSR_P;2014;930019203;750043994;M1010;4;;4
SSR_P;2014;930019203;750043994;M1040;;1;0.14
SSR_P;2014;930019203;750043994;M1180;;2;1.84
SSR_P;2014;930019203;750043994;M1320;3;;3
SSR_P;2014;930019203;750043994;N241P;12;;12
SSR_P;2014;930019203;750043994;N2430;;1;1
SSR_P;2014;930019203;750043994;N2450;1;;1
SSR_P;2014;930019203;750043994;N2460;4;;4
SSR_P;2014;930019203;750043994;N2500;31;4;33.5
SSR_P;2014;930019203;750043994;N2710;1;;1
SSR_P;2014;930019203;750043994;N310H;2;;2
SSR_P;2014;930019203;750043994;N3120;1;;1
SSR_P;2014;930019203;750043994;NAUT;3;;3
SSR_P;2014;930019203;750043994;NCINF;22;4;25.7
SSR_P;2014;930020987;750048522;M1010;;1;0.8
SSR_P;2014;930020987;750048522;M3020;;1;0.6
SSR_P;2014;930020987;750048522;MAUT;1;1;1.6
SSR_P;2014;930020987;750048522;N2470;;2;1
SSR_P;2014;930020987;750048522;N2710;1;3;3.1
SSR_P;2014;930020987;750048522;N310H;;1;0.6
SSR_P;2014;930020987;750048522;N3120;1;;1
SSR_P;2014;930020987;750048522;NCINF;10;4;13.1
SSR_P;2014;930021001;440052041;M1010;3;0;3
SSR_P;2014;930021001;440052041;M1180;0;1;0.8
SSR_P;2014;930021001;440052041;M1320;2;0;2
SSR_P;2014;930021001;440052041;N241P;7;;7
SSR_P;2014;930021001;440052041;N2430;2;;2
SSR_P;2014;930021001;440052041;N2450;1;;1
SSR_P;2014;930021001;440052041;N2460;3;;3
SSR_P;2014;930021001;440052041;N2470;3;;3
SSR_P;2014;930021001;440052041;N2500;34;;34
SSR_P;2014;930021001;440052041;N2710;1;;1
SSR_P;2014;930021001;440052041;N3120;2;;2
SSR_P;2014;930021001;440052041;NAUT;2;;2
SSR_P;2014;930021001;440052041;NCINF;21;;21
SSR_P;2014;930023692;750043994;M1180;2;;2
SSR_P;2014;930023692;750043994;M1320;1;;1
SSR_P;2014;930023692;750043994;N241P;8;;7
SSR_P;2014;930023692;750043994;N2430;1;1;1.5
SSR_P;2014;930023692;750043994;N2450;;1;0.5
SSR_P;2014;930023692;750043994;N2460;3;;2.66
SSR_P;2014;930023692;750043994;N2500;13;3;17.25
SSR_P;2014;930023692;750043994;N2710;1;;1
SSR_P;2014;930023692;750043994;N310H;2;;2
SSR_P;2014;930023692;750043994;N3120;1;;1
SSR_P;2014;930023692;750043994;NAUT;10;4;11.95
SSR_P;2014;930023692;750043994;NCINF;7;4;9.91
SSR_P;2014;930100011;750712184;M1120;1;;1
SSR_P;2014;930100011;750712184;M1320;16;1;16
SSR_P;2014;930100011;750712184;M3020;1;;1
SSR_P;2014;930100011;750712184;N241P;6;;6
SSR_P;2014;930100011;750712184;N2450;1;1;1.7
SSR_P;2014;930100011;750712184;N2460;1;;1
SSR_P;2014;930100011;750712184;N2470;3;1;3.5
SSR_P;2014;930100011;750712184;N2500;112;;112
SSR_P;2014;930100011;750712184;N2710;4;;4
SSR_P;2014;930100011;750712184;N3120;4;1;4
SSR_P;2014;930100011;750712184;NAUT;49;4;53
SSR_P;2014;930100011;750712184;NCINF;52;;52
SSR_P;2014;930100037;750712184;M1120;1;1;1.8
SSR_P;2014;930100037;750712184;M1180;;1;0.2
SSR_P;2014;930100037;750712184;N241P;2;;2
SSR_P;2014;930100037;750712184;N2430;2;;1.5
SSR_P;2014;930100037;750712184;N2450;;1;0.2
SSR_P;2014;930100037;750712184;N2460;;1;0.8
SSR_P;2014;930100037;750712184;N2500;7;3;9.7
SSR_P;2014;930100037;750712184;N3120;;1;0.5
SSR_P;2014;930100037;750712184;NAUT;1;;1
SSR_P;2014;930100037;750712184;NCINF;6;;6
SSR_P;2014;930150057;750808529;M1180;3;;3.42
SSR_P;2014;930150057;750808529;N241P;4;;4.3
SSR_P;2014;930150057;750808529;N2430;;;0.2
SSR_P;2014;930150057;750808529;N2460;;;0.5
SSR_P;2014;930150057;750808529;N2500;;;14.22
SSR_P;2014;930150057;750808529;N2710;;;0.35
SSR_P;2014;930150057;750808529;N3120;1;;1
SSR_P;2014;930150057;750808529;NAUT;;;17.64
SSR_P;2014;930150057;750808529;NCINF;;;10.26
SSR_P;2014;930300124;750054272;M1010;1;;1
SSR_P;2014;930300124;750054272;N2450;;1;0.91
SSR_P;2014;930300124;750054272;N2500;10;;8.87
SSR_P;2014;930300124;750054272;N310H;1;;0.16
SSR_P;2014;930300124;750054272;N3120;1;;1.01
SSR_P;2014;930300124;750054272;NAUT;24;;23.37
SSR_P;2014;930300124;750054272;NCINF;9;;7.82
SSR_P;2014;930300140;930000450;M1010;3;1;3.6
SSR_P;2014;930300140;930000450;N241P;3;;2.78
SSR_P;2014;930300140;930000450;N2500;19;;22.35
SSR_P;2014;930300140;930000450;N2710;;1;0.25
SSR_P;2014;930300140;930000450;N3120;;1;0.74
SSR_P;2014;930300140;930000450;NAUT;13;4;19.08
SSR_P;2014;930300140;930000450;NCINF;11;;12.49
SSR_P;2014;930300280;310021274;M1010;1;;1
SSR_P;2014;930300280;310021274;M1320;2;;2
SSR_P;2014;930300280;310021274;N241P;4;1;3.6
SSR_P;2014;930300280;310021274;N2450;0;1;0.2
SSR_P;2014;930300280;310021274;N2470;0;1;0.4
SSR_P;2014;930300280;310021274;N2500;20;3;21.5
SSR_P;2014;930300280;310021274;N2710;;1;0.8
SSR_P;2014;930300280;310021274;N310H;;1;0.5
SSR_P;2014;930300280;310021274;N3120;1;;1
SSR_P;2014;930300280;310021274;NCINF;9;5;11.32
SSR_P;2014;930300546;930008008;M1010;1;1;1.33
SSR_P;2014;930300546;930008008;M1040;2;10;5.07
SSR_P;2014;930300546;930008008;MAUT;;1;0.62
SSR_P;2014;930300546;930008008;N241P;3;3;5.37
SSR_P;2014;930300546;930008008;N2450;;2;1
SSR_P;2014;930300546;930008008;N2500;13;1;13.17
SSR_P;2014;930300546;930008008;N2710;;3;0.9
SSR_P;2014;930300546;930008008;NAUT;9;2;9.25
SSR_P;2014;930300546;930008008;NCINF;13;9;13.74
SSR_P;2014;930300553;930000633;M1010;3;;3
SSR_P;2014;930300553;930000633;M1040;;3;0.2
SSR_P;2014;930300553;930000633;M1070;;1;0.1
SSR_P;2014;930300553;930000633;M1120;;2;0.2
SSR_P;2014;930300553;930000633;M1150;;2;0.2
SSR_P;2014;930300553;930000633;M1190;;1;0.1
SSR_P;2014;930300553;930000633;M1320;2;;2
SSR_P;2014;930300553;930000633;N241P;5;;5
SSR_P;2014;930300553;930000633;N2450;1;;1
SSR_P;2014;930300553;930000633;N2460;;2;1.13
SSR_P;2014;930300553;930000633;N2500;34;;34
SSR_P;2014;930300553;930000633;N2710;1;;1
SSR_P;2014;930300553;930000633;N3120;1;;1
SSR_P;2014;930300553;930000633;NAUT;2;;2
SSR_P;2014;930300553;930000633;NCINF;19;;19
SSR_P;2014;930300678;310021290;M1010;1;;1
SSR_P;2014;930300678;310021290;M1180;;1;0.2
SSR_P;2014;930300678;310021290;M1320;3;;3
SSR_P;2014;930300678;310021290;N241P;4;;4
SSR_P;2014;930300678;310021290;N2430;;1;0.2
SSR_P;2014;930300678;310021290;N2460;;1;0.5
SSR_P;2014;930300678;310021290;N2470;1;;1
SSR_P;2014;930300678;310021290;N2500;32;2;33.2
SSR_P;2014;930300678;310021290;N2710;1;1;1.2
SSR_P;2014;930300678;310021290;N3120;1;;1
SSR_P;2014;930300678;310021290;NCINF;17;2;18.6
SSR_P;2014;930300686;930008099;M1010;1;;1
SSR_P;2014;930300686;930008099;M1320;2;;2
SSR_P;2014;930300686;930008099;N241P;1;3;3
SSR_P;2014;930300686;930008099;N2500;19;2;19.26
SSR_P;2014;930300686;930008099;N2710;1;1;1
SSR_P;2014;930300686;930008099;N3120;1;1;1
SSR_P;2014;930300686;930008099;NCINF;13;2;14.2
SSR_P;2014;930500012;750720534;M1320;4;1;3.46
SSR_P;2014;930500012;750720534;MAUT;1;;0.81
SSR_P;2014;930500012;750720534;N241P;2;;2
SSR_P;2014;930500012;750720534;N2450;1;;1
SSR_P;2014;930500012;750720534;N2460;1;;1
SSR_P;2014;930500012;750720534;N2500;26;;25.66
SSR_P;2014;930500012;750720534;N2710;;2;1.1
SSR_P;2014;930500012;750720534;N3120;1;1;1.8
SSR_P;2014;930500012;750720534;NAUT;40;2;40.22
SSR_P;2014;930500012;750720534;NCINF;18;1;18.98
SSR_P;2014;930600010;750042590;M1010;1;;1.18
SSR_P;2014;930600010;750042590;M1140;1;;1.8
SSR_P;2014;930600010;750042590;N241P;1;1;1.8
SSR_P;2014;930600010;750042590;N2470;1;1;1.49
SSR_P;2014;930600010;750042590;N2500;25;7;26.56
SSR_P;2014;930600010;750042590;N2710;0;1;0.75
SSR_P;2014;930600010;750042590;N310H;1;0;1
SSR_P;2014;930600010;750042590;N3120;0;1;0.65
SSR_P;2014;930600010;750042590;NCINF;12;8;16.7
SSR_P;2014;930700018;750040628;M1180;3;;2.1
SSR_P;2014;930700018;750040628;NCINF;1;;1
SSR_P;2014;930706239;930110051;M1010;1;1;1.6
SSR_P;2014;930706239;930110051;M1180;5;1;5.6
SSR_P;2014;930706239;930110051;N241P;21;2;17.7
SSR_P;2014;930706239;930110051;N2430;3;;3
SSR_P;2014;930706239;930110051;N2460;5;2;4.72
SSR_P;2014;930706239;930110051;N2470;;1;0.51
SSR_P;2014;930706239;930110051;N2500;47;2;49.29
SSR_P;2014;930706239;930110051;N2710;2;4;2.68
SSR_P;2014;930706239;930110051;NAUT;15;2;15.8
SSR_P;2014;930706239;930110051;NCINF;27;;25.5
SSR_P;2014;940000573;940110018;M1010;3;1;4
SSR_P;2014;940000573;940110018;N2460;;0;0.08
SSR_P;2014;940000573;940110018;N2500;30;2;28.69
SSR_P;2014;940000573;940110018;N2710;;1;0.5
SSR_P;2014;940000573;940110018;N3120;;1;1
SSR_P;2014;940000573;940110018;NAUT;2;6;3.46
SSR_P;2014;940000573;940110018;NCINF;15;2;15.78
SSR_P;2014;940000615;940140023;M1010;2;;1.75
SSR_P;2014;940000615;940140023;M1320;2;1;2.1
SSR_P;2014;940000615;940140023;N241P;2;1;2
SSR_P;2014;940000615;940140023;N2450;1;;0.1
SSR_P;2014;940000615;940140023;N2460;2;;0.9
SSR_P;2014;940000615;940140023;N2500;20;5;22.1
SSR_P;2014;940000615;940140023;N2710;;2;0.85
SSR_P;2014;940000615;940140023;N3120;1;1;1.56
SSR_P;2014;940000615;940140023;NAUT;11;6;15.32
SSR_P;2014;940000615;940140023;NCINF;19;1;19.27
SSR_P;2014;940000656;940150022;M1010;2;;2
SSR_P;2014;940000656;940150022;MAUT;1;2;2.7
SSR_P;2014;940000656;940150022;N241P;1;1;1.8
SSR_P;2014;940000656;940150022;N2450;;1;0.8
SSR_P;2014;940000656;940150022;N2500;16;;16
SSR_P;2014;940000656;940150022;N2710;1;;1
SSR_P;2014;940000656;940150022;N3120;1;;1
SSR_P;2014;940000656;940150022;NCINF;17;3;20.8
SSR_P;2014;940008139;940021801;M1010;1;2;2.5
SSR_P;2014;940008139;940021801;M1180;1;3;2.4
SSR_P;2014;940008139;940021801;M1320;1;1;1.4
SSR_P;2014;940008139;940021801;MAUT;;1;0.75
SSR_P;2014;940008139;940021801;N241P;12;;12
SSR_P;2014;940008139;940021801;N2430;2;;2
SSR_P;2014;940008139;940021801;N2450;1;;1
SSR_P;2014;940008139;940021801;N2460;6;;6
SSR_P;2014;940008139;940021801;N2470;1;1;1.5
SSR_P;2014;940008139;940021801;N2500;21;;21
SSR_P;2014;940008139;940021801;N2710;4;1;4.6
SSR_P;2014;940008139;940021801;N310H;3;1;3.6
SSR_P;2014;940008139;940021801;N3120;1;;1
SSR_P;2014;940008139;940021801;NAUT;9;7;12.25
SSR_P;2014;940008139;940021801;NCINF;19;2;20.43
SSR_P;2014;940016868;940016819;M1010;4;0;3.67
SSR_P;2014;940016868;940016819;M1040;0;1;0.3
SSR_P;2014;940016868;940016819;M1070;0;1;0.2
SSR_P;2014;940016868;940016819;M1120;0;1;0.2
SSR_P;2014;940016868;940016819;M1140;1;6;3.36
SSR_P;2014;940016868;940016819;M1180;12;7;13.99
SSR_P;2014;940016868;940016819;M1190;4;3;5.05
SSR_P;2014;940016868;940016819;M1320;1;0;1
SSR_P;2014;940016868;940016819;MAUT;0;8;1.98
SSR_P;2014;940016868;940016819;N241P;43;19;58.84
SSR_P;2014;940016868;940016819;N2430;13;3;13.87
SSR_P;2014;940016868;940016819;N2450;2;2;3.26
SSR_P;2014;940016868;940016819;N2460;18;10;24.49
SSR_P;2014;940016868;940016819;N2470;4;5;6.73
SSR_P;2014;940016868;940016819;N2500;170;13;179.16
SSR_P;2014;940016868;940016819;N2710;8;10;14.64
SSR_P;2014;940016868;940016819;N310H;14;4;17.26
SSR_P;2014;940016868;940016819;N3120;5;5;9.15
SSR_P;2014;940016868;940016819;NAUT;90;16;108.14
SSR_P;2014;940016868;940016819;NCINF;98;12;105.83
SSR_P;2014;940100027;750712184;M1010;1;;1
SSR_P;2014;940100027;750712184;M1040;3;3;3.9
SSR_P;2014;940100027;750712184;M1120;1;2;2.8
SSR_P;2014;940100027;750712184;M1150;;1;0.6
SSR_P;2014;940100027;750712184;M1180;7;2;7.8
SSR_P;2014;940100027;750712184;M1320;;2;1
SSR_P;2014;940100027;750712184;MAUT;3;1;3.6
SSR_P;2014;940100027;750712184;N241P;19;5;23.2
SSR_P;2014;940100027;750712184;N2430;2;1;2.29
SSR_P;2014;940100027;750712184;N2450;;2;0.9
SSR_P;2014;940100027;750712184;N2460;4;1;4.72
SSR_P;2014;940100027;750712184;N2470;;1;0.08
SSR_P;2014;940100027;750712184;N2500;128;7;132.4
SSR_P;2014;940100027;750712184;N2710;;1;0.6
SSR_P;2014;940100027;750712184;N310H;2;1;2.17
SSR_P;2014;940100027;750712184;N3120;3;;3
SSR_P;2014;940100027;750712184;NAUT;14;4;16.12
SSR_P;2014;940100027;750712184;NCINF;88;11;93.58
SSR_P;2014;940100035;750712184;M1150;1;;1
SSR_P;2014;940100035;750712184;M1180;;1;0.3
SSR_P;2014;940100035;750712184;M1320;8;2;9.3
SSR_P;2014;940100035;750712184;M1330;1;;1
SSR_P;2014;940100035;750712184;N241P;8;2;8.65
SSR_P;2014;940100035;750712184;N2430;;2;1
SSR_P;2014;940100035;750712184;N2450;;2;1
SSR_P;2014;940100035;750712184;N2460;;3;1.45
SSR_P;2014;940100035;750712184;N2470;;3;1.45
SSR_P;2014;940100035;750712184;N2500;95;7;98.24
SSR_P;2014;940100035;750712184;N2710;;3;1.81
SSR_P;2014;940100035;750712184;N3120;3;1;3.8
SSR_P;2014;940100035;750712184;NAUT;12;2;13.5
SSR_P;2014;940100035;750712184;NCINF;63;7;58.99
SSR_P;2014;940100043;750712184;M1010;2;1;2.7
SSR_P;2014;940100043;750712184;M1120;2;;1
SSR_P;2014;940100043;750712184;M1140;1;1;1.8
SSR_P;2014;940100043;750712184;M3020;;1;0.2
SSR_P;2014;940100043;750712184;MAUT;1;;0.3
SSR_P;2014;940100043;750712184;N241P;4;;3
SSR_P;2014;940100043;750712184;N2430;5;3;6.5
SSR_P;2014;940100043;750712184;N2450;;;0.5
SSR_P;2014;940100043;750712184;N2460;1;1;1.8
SSR_P;2014;940100043;750712184;N2470;;2;1
SSR_P;2014;940100043;750712184;N2500;28;3;30.4
SSR_P;2014;940100043;750712184;N2710;1;;1
SSR_P;2014;940100043;750712184;N310H;1;;1
SSR_P;2014;940100043;750712184;N3120;4;3;5.7
SSR_P;2014;940100043;750712184;NAUT;;2;0.7
SSR_P;2014;940100043;750712184;NCINF;18;2;19.74
SSR_P;2014;940100050;750712184;M1010;9;8;13.55
SSR_P;2014;940100050;750712184;M1040;;4;1
SSR_P;2014;940100050;750712184;M1070;;1;0.1
SSR_P;2014;940100050;750712184;M1120;1;;1
SSR_P;2014;940100050;750712184;M1190;;1;0.6
SSR_P;2014;940100050;750712184;M1320;4;10;8.45
SSR_P;2014;940100050;750712184;M3020;1;;1
SSR_P;2014;940100050;750712184;N241P;6;7;8.5
SSR_P;2014;940100050;750712184;N2430;;1;0.5
SSR_P;2014;940100050;750712184;N2450;2;1;2.6
SSR_P;2014;940100050;750712184;N2460;3;1;3.6
SSR_P;2014;940100050;750712184;N2470;2;;2
SSR_P;2014;940100050;750712184;N2500;207;19;220.6
SSR_P;2014;940100050;750712184;N2710;8;1;6.4
SSR_P;2014;940100050;750712184;N3120;9;1;7.6
SSR_P;2014;940100050;750712184;NCINF;83;17;95.6
SSR_P;2014;940100068;750712184;M1010;1;1;0.66
SSR_P;2014;940100068;750712184;M1190;1;1;1.6
SSR_P;2014;940100068;750712184;M1320;13;9;9
SSR_P;2014;940100068;750712184;MAUT;1;;0.7
SSR_P;2014;940100068;750712184;N241P;1;;1
SSR_P;2014;940100068;750712184;N2450;1;;1
SSR_P;2014;940100068;750712184;N2460;;;1
SSR_P;2014;940100068;750712184;N2500;85;10;80.5
SSR_P;2014;940100068;750712184;N2710;;2;1.16
SSR_P;2014;940100068;750712184;N3120;;1;0.5
SSR_P;2014;940100068;750712184;NAUT;4;4;7.5
SSR_P;2014;940100068;750712184;NCINF;64;13;75.5
SSR_P;2014;940300080;940000722;M1010;1;;1
SSR_P;2014;940300080;940000722;M1320;3;;3
SSR_P;2014;940300080;940000722;N241P;3;2;4.4
SSR_P;2014;940300080;940000722;N2450;1;;1
SSR_P;2014;940300080;940000722;N2460;1;;1
SSR_P;2014;940300080;940000722;N2470;1;1;1.5
SSR_P;2014;940300080;940000722;N2500;14;8;17.6
SSR_P;2014;940300080;940000722;N2710;1;;1
SSR_P;2014;940300080;940000722;N310H;1;;1
SSR_P;2014;940300080;940000722;N3120;;1;0.5
SSR_P;2014;940300080;940000722;NAUT;12;5;11.74
SSR_P;2014;940300080;940000722;NCINF;11;4;13.75
SSR_P;2014;940300163;750043994;M1010;1;1;1.4
SSR_P;2014;940300163;750043994;M1040;;1;0.1
SSR_P;2014;940300163;750043994;M1320;1;2;2.82
SSR_P;2014;940300163;750043994;N241P;4;;5.3
SSR_P;2014;940300163;750043994;N2430;;3;0.3
SSR_P;2014;940300163;750043994;N2450;;1;0.6
SSR_P;2014;940300163;750043994;N2460;;1;1
SSR_P;2014;940300163;750043994;N2470;1;;1
SSR_P;2014;940300163;750043994;N2500;29;6;34.48
SSR_P;2014;940300163;750043994;N2710;1;;1
SSR_P;2014;940300163;750043994;N310H;1;;1
SSR_P;2014;940300163;750043994;N3120;1;;1
SSR_P;2014;940300163;750043994;NAUT;4;;4
SSR_P;2014;940300163;750043994;NCINF;21;6;26.22
SSR_P;2014;940300445;940000854;M1320;2;;1.2
SSR_P;2014;940300445;940000854;MAUT;2;;1.02
SSR_P;2014;940300445;940000854;N2500;4;2;4.52
SSR_P;2014;940300445;940000854;NAUT;;;0.01
SSR_P;2014;940300445;940000854;NCINF;4;3;5.93
SSR_P;2014;940300452;940000862;M1010;1;;1
SSR_P;2014;940300452;940000862;N241P;6;;4
SSR_P;2014;940300452;940000862;N2450;2;;2
SSR_P;2014;940300452;940000862;N2710;1;;0.6
SSR_P;2014;940300452;940000862;N310H;1;;1
SSR_P;2014;940300502;940000904;M1010;2;;2
SSR_P;2014;940300502;940000904;M1320;1;;1
SSR_P;2014;940300502;940000904;N241P;2;1;2.5
SSR_P;2014;940300502;940000904;N2500;11;;11
SSR_P;2014;940300502;940000904;N2710;;1;0.5
SSR_P;2014;940300502;940000904;N3120;;1;0.4
SSR_P;2014;940300502;940000904;NAUT;19;2;19.4
SSR_P;2014;940300502;940000904;NCINF;13;;13
SSR_P;2014;940300577;310021266;M1010;;4;2.45
SSR_P;2014;940300577;310021266;M1320;1;;1
SSR_P;2014;940700032;940001027;M1010;3;1;3.7
SSR_P;2014;940700032;940001027;M1040;;1;0.23
SSR_P;2014;940700032;940001027;M1180;3;;4.1
SSR_P;2014;940700032;940001027;M3020;;1;0.22
SSR_P;2014;940700032;940001027;MAUT;1;2;1.55
SSR_P;2014;940700032;940001027;N241P;21;3;22.57
SSR_P;2014;940700032;940001027;N2460;2;1;2.82
SSR_P;2014;940700032;940001027;N2500;32;5;39.27
SSR_P;2014;940700032;940001027;N2710;;1;0.5
SSR_P;2014;940700032;940001027;N3120;;2;1.29
SSR_P;2014;940700032;940001027;NAUT;109;20;125.04
SSR_P;2014;940700032;940001027;NCINF;28;10;36.71
SSR_P;2014;940700040;940809361;M1010;1;1;1.6
SSR_P;2014;940700040;940809361;M1180;3;0;3
SSR_P;2014;940700040;940809361;N241P;13;5;16
SSR_P;2014;940700040;940809361;N2460;2;0;2
SSR_P;2014;940700040;940809361;N2500;26;22;35.3
SSR_P;2014;940700040;940809361;N2710;0;2;0.93
SSR_P;2014;940700040;940809361;N310H;15;3;16.4
SSR_P;2014;940700040;940809361;N3120;2;0;2
SSR_P;2014;940700040;940809361;NCINF;12;3;12.4
SSR_P;2014;940806490;750810798;M1010;3;;3
SSR_P;2014;940806490;750810798;M1070;;1;0.6
SSR_P;2014;940806490;750810798;M1180;1;1;1.6
SSR_P;2014;940806490;750810798;N241P;4;;4
SSR_P;2014;940806490;750810798;N2430;;1;0.4
SSR_P;2014;940806490;750810798;N2450;1;;1
SSR_P;2014;940806490;750810798;N2460;2;;2
SSR_P;2014;940806490;750810798;N2710;;2;1
SSR_P;2014;940806490;750810798;N3120;1;1;1.5
SSR_P;2014;940806490;750810798;NCINF;15;16;22.8
SSR_P;2014;940813090;750043994;M1010;2;;2
SSR_P;2014;940813090;750043994;M1320;1;;1
SSR_P;2014;940813090;750043994;M3020;1;;1
SSR_P;2014;940813090;750043994;MAUT;;1;0.8
SSR_P;2014;940813090;750043994;N241P;2;;2
SSR_P;2014;940813090;750043994;N2500;13;7;14.49
SSR_P;2014;940813090;750043994;N2710;1;;1
SSR_P;2014;940813090;750043994;N310H;2;;2
SSR_P;2014;940813090;750043994;N3120;1;1;1
SSR_P;2014;940813090;750043994;NCINF;14;7;16.75
SSR_P;2014;950000307;950110015;M1010;2;0;3.16
SSR_P;2014;950000307;950110015;M1180;2;1;1.76
SSR_P;2014;950000307;950110015;M1320;1;0;0.5
SSR_P;2014;950000307;950110015;MAUT;2;0;1.5
SSR_P;2014;950000307;950110015;N2460;1;0;0.86
SSR_P;2014;950000307;950110015;N2500;33;0;31.8
SSR_P;2014;950000307;950110015;N2710;2;0;0.5
SSR_P;2014;950000307;950110015;NAUT;12;1;12.19
SSR_P;2014;950000307;950110015;NCINF;23;2;24.06
SSR_P;2014;950000315;950001370;M1010;0;5;1.4
SSR_P;2014;950000315;950001370;M1120;;1;0.1
SSR_P;2014;950000315;950001370;M1190;0;1;0.6
SSR_P;2014;950000315;950001370;M1320;;1;0.23
SSR_P;2014;950000315;950001370;N2430;;1;0.5
SSR_P;2014;950000315;950001370;N2500;14;4;18.3
SSR_P;2014;950000315;950001370;N2710;;2;0.35
SSR_P;2014;950000315;950001370;NAUT;3;2;3.88
SSR_P;2014;950000315;950001370;NCINF;11;3;12.08
SSR_P;2014;950000323;950013870;M1010;1;;0.22
SSR_P;2014;950000323;950013870;M1180;2;1;2.48
SSR_P;2014;950000323;950013870;N241P;11;15;19.7
SSR_P;2014;950000323;950013870;N2430;1;5;3.08
SSR_P;2014;950000323;950013870;N2450;;1;0.12
SSR_P;2014;950000323;950013870;N2460;5;2;5.22
SSR_P;2014;950000323;950013870;N2500;26;7;17.84
SSR_P;2014;950000323;950013870;N2710;;1;0.38
SSR_P;2014;950000323;950013870;N310H;;4;1.14
SSR_P;2014;950000323;950013870;N3120;;1;0.49
SSR_P;2014;950000323;950013870;NAUT;7;12;9.82
SSR_P;2014;950000323;950013870;NCINF;22;5;14.43
SSR_P;2014;950000331;950110049;M1180;5;3;2.91
SSR_P;2014;950000331;950110049;M1320;3;0;2.2
SSR_P;2014;950000331;950110049;N2500;15;;14.93
SSR_P;2014;950000331;950110049;N3120;1;;0.24
SSR_P;2014;950000331;950110049;NAUT;3;1;2.6
SSR_P;2014;950000331;950110049;NCINF;10;1;10.46
SSR_P;2014;950000356;950013870;M1010;3;;3
SSR_P;2014;950000356;950013870;M1320;1;1;2.82
SSR_P;2014;950000356;950013870;N2450;;1;0.66
SSR_P;2014;950000356;950013870;N2500;19;3;24.87
SSR_P;2014;950000356;950013870;N310H;1;;0.9
SSR_P;2014;950000356;950013870;N3120;;1;0.14
SSR_P;2014;950000356;950013870;NAUT;3;2;4.77
SSR_P;2014;950000356;950013870;NCINF;17;3;19.2
SSR_P;2014;950000364;950110080;M1010;1;1;1.43
SSR_P;2014;950000364;950110080;M1180;1;0;0.9
SSR_P;2014;950000364;950110080;N2460;1;0;1.33
SSR_P;2014;950000364;950110080;N2500;16;0;15.79
SSR_P;2014;950000364;950110080;N2710;1;1;0.54
SSR_P;2014;950000364;950110080;NAUT;11;1;10.36
SSR_P;2014;950000364;950110080;NCINF;9;3;11.52
SSR_P;2014;950000406;950150037;M1320;;2;1
SSR_P;2014;950000406;950150037;N241P;1;;0.67
SSR_P;2014;950000406;950150037;N2460;;1;0.1
SSR_P;2014;950000406;950150037;N2500;9;;8.88
SSR_P;2014;950000406;950150037;N2710;;1;0.25
SSR_P;2014;950000406;950150037;N310H;1;;0.5
SSR_P;2014;950000406;950150037;N3120;;2;0.45
SSR_P;2014;950000406;950150037;NAUT;16;;15.45
SSR_P;2014;950000406;950150037;NCINF;9;;8.33
SSR_P;2014;950000703;950500041;M1040;4;;4.42
SSR_P;2014;950000703;950500041;M1150;1;4;4.52
SSR_P;2014;950000703;950500041;N241P;3;3;4.94
SSR_P;2014;950000703;950500041;N2450;2;;2
SSR_P;2014;950000703;950500041;N2470;1;;1
SSR_P;2014;950000703;950500041;N2500;28;6;32.57
SSR_P;2014;950000703;950500041;N2710;;1;0.7
SSR_P;2014;950000703;950500041;N310H;3;;3.25
SSR_P;2014;950000703;950500041;N3120;1;;1
SSR_P;2014;950000703;950500041;NAUT;59;11;66.83
SSR_P;2014;950000703;950500041;NCINF;25;10;33.88
SSR_P;2014;950016139;950015289;M1010;;1;0.5
SSR_P;2014;950016139;950015289;M1320;1;;1
SSR_P;2014;950016139;950015289;N241P;;2;0.79
SSR_P;2014;950016139;950015289;N2460;;1;0.5
SSR_P;2014;950016139;950015289;N2500;9;1;10.68
SSR_P;2014;950016139;950015289;N2710;;1;0.57
SSR_P;2014;950016139;950015289;N3120;;1;0.4
SSR_P;2014;950016139;950015289;NAUT;5;2;5.5
SSR_P;2014;950016139;950015289;NCINF;8;;7.45
SSR_P;2014;950100016;750712184;M1010;1;0;1
SSR_P;2014;950100016;750712184;M1320;11;2;11.67
SSR_P;2014;950100016;750712184;N241P;4;3;6.1
SSR_P;2014;950100016;750712184;N2450;2;0;1.6
SSR_P;2014;950100016;750712184;N2460;0;2;1.6
SSR_P;2014;950100016;750712184;N2470;1;2;2.6
SSR_P;2014;950100016;750712184;N2500;92;10;91.1
SSR_P;2014;950100016;750712184;N2710;1;2;1.65
SSR_P;2014;950100016;750712184;N3120;4;0;3.5
SSR_P;2014;950100016;750712184;NAUT;2;3;2.9
SSR_P;2014;950100016;750712184;NCINF;39;14;50.7
SSR_P;2014;950150011;940016249;M1040;;1;0.2
SSR_P;2014;950150011;940016249;M1070;1;2;2.2
SSR_P;2014;950150011;940016249;M1320;2;;2
SSR_P;2014;950150011;940016249;MAUT;;1;0.8
SSR_P;2014;950150011;940016249;N241P;1;3;2.4
SSR_P;2014;950150011;940016249;N2450;4;;4
SSR_P;2014;950150011;940016249;N2500;35;2;36
SSR_P;2014;950150011;940016249;N2710;1;2;2
SSR_P;2014;950150011;940016249;N310H;1;;1
SSR_P;2014;950150011;940016249;N3120;;1;0.8
SSR_P;2014;950150011;940016249;NCINF;20;13;26.7
SSR_P;2014;950150052;750720575;M1180;4;;4.8
SSR_P;2014;950150052;750720575;M3020;1;;0.5
SSR_P;2014;950150052;750720575;MAUT;1;1;1
SSR_P;2014;950150052;750720575;N241P;14;2;14.85
SSR_P;2014;950150052;750720575;N2430;2;1;2.38
SSR_P;2014;950150052;750720575;N2450;;1;0.5
SSR_P;2014;950150052;750720575;N2460;7;2;5.66
SSR_P;2014;950150052;750720575;N2500;17;16;19.79
SSR_P;2014;950150052;750720575;N2710;1;3;2.7
SSR_P;2014;950150052;750720575;N310H;2;0;2.18
SSR_P;2014;950150052;750720575;N3120;1;1;2.27
SSR_P;2014;950150052;750720575;NAUT;;;32.92
SSR_P;2014;950150052;750720575;NCINF;23;16;25.54
SSR_P;2014;950300087;750052359;M1010;1;1;1.5
SSR_P;2014;950300087;750052359;M1320;1;;1
SSR_P;2014;950300087;750052359;N241P;1;;1
SSR_P;2014;950300087;750052359;N2500;10;2;11
SSR_P;2014;950300087;750052359;N2710;;1;0.5
SSR_P;2014;950300087;750052359;N310H;1;;1
SSR_P;2014;950300087;750052359;N3120;;1;0.5
SSR_P;2014;950300087;750052359;NCINF;5;3;6.83
SSR_P;2014;950300103;310021183;M1320;3;;3
SSR_P;2014;950300103;310021183;N241P;3;;3
SSR_P;2014;950300103;310021183;N2450;;1;0.2
SSR_P;2014;950300103;310021183;N2470;1;;1
SSR_P;2014;950300103;310021183;N2500;16;2;18
SSR_P;2014;950300103;310021183;N2710;1;;1
SSR_P;2014;950300103;310021183;N3120;1;;1
SSR_P;2014;950300103;310021183;NCINF;13;;12.96
SSR_P;2014;950300152;750052227;M1010;3;;3
SSR_P;2014;950300152;750052227;M1180;2;1;2.69
SSR_P;2014;950300152;750052227;M1320;2;;2
SSR_P;2014;950300152;750052227;N241P;8;2;9
SSR_P;2014;950300152;750052227;N2430;;1;0.4
SSR_P;2014;950300152;750052227;N2450;;1;0.2
SSR_P;2014;950300152;750052227;N2460;3;;3
SSR_P;2014;950300152;750052227;N2500;28;2;29.1
SSR_P;2014;950300152;750052227;N2710;1;;1
SSR_P;2014;950300152;750052227;N310H;1;;1
SSR_P;2014;950300152;750052227;N3120;1;;1
SSR_P;2014;950300152;750052227;NAUT;2;;2
SSR_P;2014;950300152;750052227;NCINF;20;2;21
SSR_P;2014;950300194;950000513;M1010;2;;1.86
SSR_P;2014;950300194;950000513;M1040;;1;0.4
SSR_P;2014;950300194;950000513;M1150;;1;0.4
SSR_P;2014;950300194;950000513;M1320;5;;3.27
SSR_P;2014;950300194;950000513;N241P;3;;1.93
SSR_P;2014;950300194;950000513;N2430;;1;0.3
SSR_P;2014;950300194;950000513;N2450;;1;0.55
SSR_P;2014;950300194;950000513;N2460;1;;0.46
SSR_P;2014;950300194;950000513;N2470;1;;1
SSR_P;2014;950300194;950000513;N2500;26;;29.6
SSR_P;2014;950300194;950000513;N2710;1;;1
SSR_P;2014;950300194;950000513;N310H;1;;1
SSR_P;2014;950300194;950000513;N3120;1;;1
SSR_P;2014;950300194;950000513;NAUT;2;;1
SSR_P;2014;950300194;950000513;NCINF;18;;17.63
SSR_P;2014;950300277;950000547;M1320;;3;1.56
SSR_P;2014;950300277;950000547;MAUT;;5;0.48
SSR_P;2014;950300277;950000547;N241P;;6;1
SSR_P;2014;950300277;950000547;N2450;;1;0.5
SSR_P;2014;950300277;950000547;N2500;7;4;9
SSR_P;2014;950300277;950000547;N2710;;2;1
SSR_P;2014;950300277;950000547;N3120;;1;0.5
SSR_P;2014;950300277;950000547;NAUT;;1;0.5
SSR_P;2014;950300277;950000547;NCINF;8;7;10.36
SSR_P;2014;950300301;950000562;M1010;2;3;2.9
SSR_P;2014;950300301;950000562;M1040;2;;0.27
SSR_P;2014;950300301;950000562;M1070;1;;0.4
SSR_P;2014;950300301;950000562;M1120;1;;0.1
SSR_P;2014;950300301;950000562;M1180;1;;1
SSR_P;2014;950300301;950000562;M3020;1;;0.1
SSR_P;2014;950300301;950000562;MAUT;1;3;1.94
SSR_P;2014;950300301;950000562;N241P;7;;6.4
SSR_P;2014;950300301;950000562;N2450;1;1;1.5
SSR_P;2014;950300301;950000562;N2460;1;;1
SSR_P;2014;950300301;950000562;N2500;17;46;28.6
SSR_P;2014;950300301;950000562;N2710;;3;1.3
SSR_P;2014;950300301;950000562;N310H;;1;0.5
SSR_P;2014;950300301;950000562;N3120;1;;1
SSR_P;2014;950300301;950000562;NAUT;1;;1
SSR_P;2014;950300301;950000562;NCINF;13;35;27.5
SSR_P;2014;950300327;750043994;M1010;1;4;1.68
SSR_P;2014;950300327;750043994;M1040;;1;0.23
SSR_P;2014;950300327;750043994;M1120;1;;1
SSR_P;2014;950300327;750043994;M1180;3;;3
SSR_P;2014;950300327;750043994;N241P;13;;13
SSR_P;2014;950300327;750043994;N2430;2;2;3
SSR_P;2014;950300327;750043994;N2450;;1;0.8
SSR_P;2014;950300327;750043994;N2460;4;1;4.5
SSR_P;2014;950300327;750043994;N2500;21;14;26
SSR_P;2014;950300327;750043994;N2710;1;;1
SSR_P;2014;950300327;750043994;N310H;1;;1
SSR_P;2014;950300327;750043994;N3120;1;;1
SSR_P;2014;950300327;750043994;NAUT;31;5;33.5
SSR_P;2014;950300327;750043994;NCINF;15;3;17.5
SSR_P;2014;950300376;750043994;M1010;;3;2.6
SSR_P;2014;950300376;750043994;M1320;1;;1
SSR_P;2014;950300376;750043994;N241P;3;;3
SSR_P;2014;950300376;750043994;N2450;;2;0.4
SSR_P;2014;950300376;750043994;N2460;1;;1
SSR_P;2014;950300376;750043994;N2500;15;2;16
SSR_P;2014;950300376;750043994;N2710;;1;0.4
SSR_P;2014;950300376;750043994;N3120;1;;1
SSR_P;2014;950300376;750043994;NAUT;1;;1
SSR_P;2014;950300376;750043994;NCINF;9;;9
SSR_P;2014;950310029;950008938;M3020;;1;0.75
SSR_P;2014;950310029;950008938;N2710;;2;0.6
SSR_P;2014;950310029;950008938;N310H;;1;0.2
SSR_P;2014;950310029;950008938;N3120;;1;0.3
SSR_P;2014;950310029;950008938;NCINF;1;1;1.1
SSR_P;2014;950420042;750043994;M1010;1;1;1.8
SSR_P;2014;950420042;750043994;M1320;2;1;2.6
SSR_P;2014;950420042;750043994;N241P;3;;2.5
SSR_P;2014;950420042;750043994;N2430;;1;0.15
SSR_P;2014;950420042;750043994;N2450;;1;0.2
SSR_P;2014;950420042;750043994;N2460;;1;0.5
SSR_P;2014;950420042;750043994;N2500;18;4;22
SSR_P;2014;950420042;750043994;N2710;;1;0.6
SSR_P;2014;950420042;750043994;N3120;1;;1
SSR_P;2014;950420042;750043994;NAUT;2;;2
SSR_P;2014;950420042;750043994;NCINF;11;3;14.12
SSR_P;2014;950500017;950015289;M1070;;5;2.05
SSR_P;2014;950500017;950015289;M1150;2;;2
SSR_P;2014;950500017;950015289;M1180;5;1;6.87
SSR_P;2014;950500017;950015289;N241P;15;2;16.47
SSR_P;2014;950500017;950015289;N2430;0;3;1.82
SSR_P;2014;950500017;950015289;N2450;3;2;3.89
SSR_P;2014;950500017;950015289;N2460;6;1;5.45
SSR_P;2014;950500017;950015289;N2500;51;11;60.06
SSR_P;2014;950500017;950015289;N2710;1;1;2.25
SSR_P;2014;950500017;950015289;N3120;3;1;3.5
SSR_P;2014;950500017;950015289;NAUT;25;4;27.58
SSR_P;2014;950500017;950015289;NCINF;37;8;44.49
SSR_P;2014;950630012;750721334;M1140;12;10;14.22
SSR_P;2014;950700021;950000760;M1180;7;0;7
SSR_P;2014;950700021;950000760;N241P;18;1;18.6
SSR_P;2014;950700021;950000760;N2430;0;1;1
SSR_P;2014;950700021;950000760;N2450;1;0;1
SSR_P;2014;950700021;950000760;N2460;5;1;5.5
SSR_P;2014;950700021;950000760;N2500;14;1;15
SSR_P;2014;950700021;950000760;N2710;0;1;0.25
SSR_P;2014;950700021;950000760;N310H;0;2;1.25
SSR_P;2014;950700021;950000760;N3120;1;0;1
SSR_P;2014;950700021;950000760;NAUT;33;6;38.83
SSR_P;2014;950700021;950000760;NCINF;14;7;20.95
SSR_P;2014;970100020;970100152;MAUT;1;;1.01
SSR_P;2014;970100020;970100152;N241P;;;0.54
SSR_P;2014;970100020;970100152;N2450;1;;1
SSR_P;2014;970100020;970100152;N2460;1;;1
SSR_P;2014;970100020;970100152;N2500;14;;14.32
SSR_P;2014;970100020;970100152;NAUT;6;1;5.61
SSR_P;2014;970100020;970100152;NCINF;13;1;12.53
SSR_P;2014;970100111;970100343;M1010;;5;3.5
SSR_P;2014;970100111;970100343;M1040;;1;0.2
SSR_P;2014;970100111;970100343;M1070;;1;0.8
SSR_P;2014;970100111;970100343;M1320;;1;0.2
SSR_P;2014;970100111;970100343;M3020;;2;1.2
SSR_P;2014;970100111;970100343;MAUT;;6;4.5
SSR_P;2014;970100111;970100343;N241P;;4;2
SSR_P;2014;970100111;970100343;N2450;;1;0.8
SSR_P;2014;970100111;970100343;N2500;13;;10.6
SSR_P;2014;970100111;970100343;N2710;1;;1
SSR_P;2014;970100111;970100343;N310H;;1;0.06
SSR_P;2014;970100111;970100343;N3120;1;;0.13
SSR_P;2014;970100111;970100343;NCINF;14;;13.04
SSR_P;2014;970100129;970100350;M1010;1;;1
SSR_P;2014;970100129;970100350;MAUT;;1;0.63
SSR_P;2014;970100129;970100350;N2450;1;;1
SSR_P;2014;970100129;970100350;N2500;14;;14
SSR_P;2014;970100129;970100350;N2710;;1;0.28
SSR_P;2014;970100129;970100350;NAUT;13;9;19.43
SSR_P;2014;970100129;970100350;NCINF;6;4;8.95
SSR_P;2014;970100137;970100368;M1010;;2;1
SSR_P;2014;970100137;970100368;M1040;;2;1
SSR_P;2014;970100137;970100368;M3020;;1;0.2
SSR_P;2014;970100137;970100368;N2450;1;;1
SSR_P;2014;970100137;970100368;N2500;4;;4
SSR_P;2014;970100137;970100368;N3120;;1;0.5
SSR_P;2014;970100137;970100368;NCINF;4;1;3.5
SSR_P;2014;970100251;970100467;M1010;1;;1
SSR_P;2014;970100251;970100467;N241P;;2;1
SSR_P;2014;970100251;970100467;N2430;;1;0.2
SSR_P;2014;970100251;970100467;N2450;;1;0.2
SSR_P;2014;970100251;970100467;N2460;1;;1
SSR_P;2014;970100251;970100467;N2500;13;2;16.42
SSR_P;2014;970100251;970100467;N2710;;1;0.2
SSR_P;2014;970100251;970100467;N3120;1;;1
SSR_P;2014;970100251;970100467;NAUT;1;;1
SSR_P;2014;970100251;970100467;NCINF;13;2;17.1
SSR_P;2014;970100384;970100160;M1180;;1;0.5
SSR_P;2014;970100392;970100178;M1040;5;0;1
SSR_P;2014;970100392;970100178;N241P;2;0;2
SSR_P;2014;970100392;970100178;N2450;1;0;1
SSR_P;2014;970100392;970100178;N2710;1;0;0.4
SSR_P;2014;970100392;970100178;N3120;1;0;0.2
SSR_P;2014;970100392;970100178;NAUT;2;0;1.5
SSR_P;2014;970100392;970100178;NCINF;3;0;2.4
SSR_P;2014;970100418;970100194;M1010;4;1;4.31
SSR_P;2014;970100418;970100194;M1320;1;0;1
SSR_P;2014;970100418;970100194;N241P;1;0;0.82
SSR_P;2014;970100418;970100194;N2460;1;0;0.73
SSR_P;2014;970100418;970100194;N2500;14;1;14.35
SSR_P;2014;970100418;970100194;N2710;2;0;2.22
SSR_P;2014;970100418;970100194;NCINF;18;1;18.25
SSR_P;2014;970100426;970100202;M1010;1;;1
SSR_P;2014;970100426;970100202;N241P;1;;1
SSR_P;2014;970100426;970100202;N2450;1;;1
SSR_P;2014;970100426;970100202;N2500;8;;7.84
SSR_P;2014;970100426;970100202;N2710;1;;0.41
SSR_P;2014;970100426;970100202;N3120;1;;1
SSR_P;2014;970100426;970100202;NAUT;3;;3
SSR_P;2014;970100426;970100202;NCINF;5;;3.01
SSR_P;2014;970100442;970100228;M1010;2;0;2
SSR_P;2014;970100442;970100228;M1070;0;1;0.5
SSR_P;2014;970100442;970100228;M1150;0;0;0.8
SSR_P;2014;970100442;970100228;M1180;1;0;1
SSR_P;2014;970100442;970100228;M1320;1;0;1
SSR_P;2014;970100442;970100228;MAUT;0;0;0.1
SSR_P;2014;970100442;970100228;N241P;4;2;5
SSR_P;2014;970100442;970100228;N2430;1;1;1.5
SSR_P;2014;970100442;970100228;N2460;3;1;3.82
SSR_P;2014;970100442;970100228;N2500;17;0;17
SSR_P;2014;970100442;970100228;N2710;1;0;0.5
SSR_P;2014;970100442;970100228;N3120;1;1;1
SSR_P;2014;970100442;970100228;NAUT;3;1;3
SSR_P;2014;970100442;970100228;NCINF;23;1;22.56
SSR_P;2014;970100459;970100244;MAUT;2;;1.02
SSR_P;2014;970100459;970100244;N241P;1;1;0.63
SSR_P;2014;970100459;970100244;N2430;1;;1
SSR_P;2014;970100459;970100244;N2450;;1;0.5
SSR_P;2014;970100459;970100244;N2460;1;;0.5
SSR_P;2014;970100459;970100244;N2500;26;;17.65
SSR_P;2014;970100459;970100244;N2710;1;;0.25
SSR_P;2014;970100459;970100244;N310H;1;;1
SSR_P;2014;970100459;970100244;N3120;1;;0.25
SSR_P;2014;970100459;970100244;NAUT;7;;5.11
SSR_P;2014;970100459;970100244;NCINF;21;;13.05
SSR_P;2014;970100483;970100285;M1010;1;1;2.07
SSR_P;2014;970100483;970100285;M1180;3;;3
SSR_P;2014;970100483;970100285;M1320;1;1;2.07
SSR_P;2014;970100483;970100285;N2450;1;;0.97
SSR_P;2014;970100483;970100285;N2500;44;;44.33
SSR_P;2014;970100483;970100285;N2710;3;;2.58
SSR_P;2014;970100483;970100285;N310H;2;;0.58
SSR_P;2014;970100483;970100285;N3120;2;;2
SSR_P;2014;970100483;970100285;NAUT;;1;0.48
SSR_P;2014;970100483;970100285;NCINF;47;1;49.12
SSR_P;2014;970102596;970100491;M1010;1;1;1
SSR_P;2014;970102596;970100491;M1180;2;;2
SSR_P;2014;970102596;970100491;N241P;15;;15
SSR_P;2014;970102596;970100491;N2430;1;2;2
SSR_P;2014;970102596;970100491;N2450;1;1;1.5
SSR_P;2014;970102596;970100491;N2460;1;2;2.6
SSR_P;2014;970102596;970100491;N2470;2;1;2.5
SSR_P;2014;970102596;970100491;N2500;18;2;19.6
SSR_P;2014;970102596;970100491;N2710;;2;1.6
SSR_P;2014;970102596;970100491;N310H;2;;2
SSR_P;2014;970102596;970100491;N3120;1;;1
SSR_P;2014;970102596;970100491;NAUT;11;1;11.5
SSR_P;2014;970102596;970100491;NCINF;16;2;17.2
SSR_P;2014;970103016;970100517;M1180;;1;0.3
SSR_P;2014;970103016;970100517;M1320;1;;0.5
SSR_P;2014;970103016;970100517;N241P;;2;1
SSR_P;2014;970103016;970100517;N2430;;2;0.2
SSR_P;2014;970103016;970100517;N2450;;1;0.2
SSR_P;2014;970103016;970100517;N2460;;1;0.5
SSR_P;2014;970103016;970100517;N2470;;1;0.5
SSR_P;2014;970103016;970100517;N2500;6;;4
SSR_P;2014;970103016;970100517;N2710;;1;0.5
SSR_P;2014;970103016;970100517;N3120;;1;0.3
SSR_P;2014;970103016;970100517;NCINF;6;;4.5
SSR_P;2014;970103099;970100525;M1010;1;1;1.36
SSR_P;2014;970103099;970100525;M1180;1;;1
SSR_P;2014;970103099;970100525;M1190;1;;1
SSR_P;2014;970103099;970100525;N241P;6;4;8.81
SSR_P;2014;970103099;970100525;N2430;;1;0.3
SSR_P;2014;970103099;970100525;N2450;;1;0.3
SSR_P;2014;970103099;970100525;N2460;2;1;2.9
SSR_P;2014;970103099;970100525;N2500;21;19;27.6
SSR_P;2014;970103099;970100525;N2710;;1;0.49
SSR_P;2014;970103099;970100525;N310H;1;1;1.9
SSR_P;2014;970103099;970100525;N3120;;1;0.49
SSR_P;2014;970103099;970100525;NAUT;11;8;14.4
SSR_P;2014;970103099;970100525;NCINF;17;11;23.8
SSR_P;2014;970104477;970104451;M1010;2;1;0.93
SSR_P;2014;970104477;970104451;M1180;2;;2
SSR_P;2014;970104477;970104451;MAUT;;1;0.08
SSR_P;2014;970104477;970104451;N241P;5;1;5.17
SSR_P;2014;970104477;970104451;N2450;;1;0.2
SSR_P;2014;970104477;970104451;N2460;3;;3
SSR_P;2014;970104477;970104451;N2500;7;;7
SSR_P;2014;970104477;970104451;N2710;;2;0.4
SSR_P;2014;970104477;970104451;N310H;;;1
SSR_P;2014;970104477;970104451;N3120;;1;0.23
SSR_P;2014;970104477;970104451;NAUT;2;;2
SSR_P;2014;970104477;970104451;NCINF;5;4;6.5
SSR_P;2014;970108957;970108932;M1010;1;2;1.7
SSR_P;2014;970108957;970108932;M1320;1;1;1.5
SSR_P;2014;970108957;970108932;N241P;;1;0.5
SSR_P;2014;970108957;970108932;N2450;;1;0.4
SSR_P;2014;970108957;970108932;N2460;2;;2
SSR_P;2014;970108957;970108932;N2500;13;;13
SSR_P;2014;970108957;970108932;N2710;;2;0.6
SSR_P;2014;970108957;970108932;NAUT;2;;2
SSR_P;2014;970108957;970108932;NCINF;8;1;8.5
SSR_P;2014;970200028;970208906;M1010;2;;2.29
SSR_P;2014;970200028;970208906;M1180;2;;1.49
SSR_P;2014;970200028;970208906;MAUT;2;1;1.68
SSR_P;2014;970200028;970208906;N241P;9;;5.54
SSR_P;2014;970200028;970208906;N2430;1;;1
SSR_P;2014;970200028;970208906;N2460;2;;1.91
SSR_P;2014;970200028;970208906;N2500;32;;28.05
SSR_P;2014;970200028;970208906;N2710;1;;1
SSR_P;2014;970200028;970208906;N310H;2;;2
SSR_P;2014;970200028;970208906;N3120;1;;1
SSR_P;2014;970200028;970208906;NAUT;13;;10.07
SSR_P;2014;970200028;970208906;NCINF;28;;23.57
SSR_P;2014;970200036;970202156;M1010;2;1;2.44
SSR_P;2014;970200044;970202164;M1010;;3;1.5
SSR_P;2014;970200044;970202164;M1320;;1;0.5
SSR_P;2014;970200044;970202164;N241P;;1;0.25
SSR_P;2014;970200044;970202164;N2450;;1;0.25
SSR_P;2014;970200044;970202164;N2500;;25;12.25
SSR_P;2014;970200044;970202164;N2710;;1;0.25
SSR_P;2014;970200044;970202164;N3120;;1;0.5
SSR_P;2014;970200044;970202164;NAUT;;13;6.5
SSR_P;2014;970200044;970202164;NCINF;;14;6.55
SSR_P;2014;970200051;970202172;M1010;;1;0.5
SSR_P;2014;970200051;970202172;M1320;;1;0.5
SSR_P;2014;970200051;970202172;N241P;;2;1
SSR_P;2014;970200051;970202172;N2450;;1;0.5
SSR_P;2014;970200051;970202172;N2500;20;;20
SSR_P;2014;970200051;970202172;N3120;1;;1
SSR_P;2014;970200051;970202172;NAUT;40;;39.33
SSR_P;2014;970200051;970202172;NCINF;16;;16
SSR_P;2014;970200077;970202198;M1010;1;2;0.64
SSR_P;2014;970200077;970202198;M1180;0;1;0.8
SSR_P;2014;970200077;970202198;N241P;1;1;1.25
SSR_P;2014;970200077;970202198;N2450;;1;0.2
SSR_P;2014;970200077;970202198;N2500;12;4;13.93
SSR_P;2014;970200077;970202198;N3120;1;;1
SSR_P;2014;970200077;970202198;NAUT;28;10;31.98
SSR_P;2014;970200077;970202198;NCINF;8;9;11.73
SSR_P;2014;970200101;970202222;M1010;;1;0.4
SSR_P;2014;970200101;970202222;N241P;2;;2
SSR_P;2014;970202321;970210423;M1040;2;4;6
SSR_P;2014;970202321;970210423;N241P;;3;0.61
SSR_P;2014;970202321;970210423;N2450;;1;0.74
SSR_P;2014;970202321;970210423;N2500;7;;7
SSR_P;2014;970202321;970210423;N310H;;1;0.29
SSR_P;2014;970202321;970210423;NAUT;1;;1
SSR_P;2014;970202321;970210423;NCINF;7;;7
SSR_P;2014;970203303;750000218;M1010;3;1;3.5
SSR_P;2014;970203303;750000218;MAUT;1;;1
SSR_P;2014;970203303;750000218;N241P;1;;1
SSR_P;2014;970203303;750000218;N2450;1;1;0.8
SSR_P;2014;970203303;750000218;N2500;9;;9
SSR_P;2014;970203303;750000218;N2710;2;;2
SSR_P;2014;970203303;750000218;NAUT;36;5;40.07
SSR_P;2014;970203303;750000218;NCINF;7;3;8.8
SSR_P;2014;970208104;970200168;M1010;;2;1.44
SSR_P;2014;970208104;970200168;M1040;3;;3
SSR_P;2014;970208104;970200168;M1150;;1;0.5
SSR_P;2014;970208104;970200168;M1180;1;;1
SSR_P;2014;970208104;970200168;M3020;;1;0.5
SSR_P;2014;970208104;970200168;N241P;2;6;5
SSR_P;2014;970208104;970200168;N2500;7;2;8.96
SSR_P;2014;970208104;970200168;N310H;1;;1
SSR_P;2014;970208104;970200168;N3120;;1;0.67
SSR_P;2014;970208104;970200168;NAUT;1;;0.95
SSR_P;2014;970208104;970200168;NCINF;8;1;9.57
SSR_P;2014;970211165;970211157;M1010;2;;2
SSR_P;2014;970211165;970211157;M1040;;1;0.08
SSR_P;2014;970211165;970211157;M1120;;1;0.15
SSR_P;2014;970211165;970211157;M1140;;1;0.48
SSR_P;2014;970211165;970211157;M1180;4;3;5.28
SSR_P;2014;970211165;970211157;M3020;;1;0.1
SSR_P;2014;970211165;970211157;MAUT;2;8;3.52
SSR_P;2014;970211173;970211157;M1010;;2;0.9
SSR_P;2014;970211173;970211157;M1180;1;;1
SSR_P;2014;970211215;970211207;M1010;3;;1.29
SSR_P;2014;970211215;970211207;M1180;3;;2.38
SSR_P;2014;970211215;970211207;N241P;6;1;5.6
SSR_P;2014;970211215;970211207;N2430;;2;1.15
SSR_P;2014;970211215;970211207;N2460;4;;4
SSR_P;2014;970211215;970211207;N2500;12;;13.95
SSR_P;2014;970211215;970211207;N2710;2;;1.99
SSR_P;2014;970211215;970211207;N310H;1;;1
SSR_P;2014;970211215;970211207;N3120;1;;1
SSR_P;2014;970211215;970211207;NAUT;6;;5.95
SSR_P;2014;970211215;970211207;NCINF;12;;13.99
SSR_P;2014;970211231;970211207;M1010;3;;1.29
SSR_P;2014;970211231;970211207;M1180;3;;2.38
SSR_P;2014;970211231;970211207;N241P;6;1;5.6
SSR_P;2014;970211231;970211207;N2430;;2;1.15
SSR_P;2014;970211231;970211207;N2460;4;;4
SSR_P;2014;970211231;970211207;N2500;12;;13.95
SSR_P;2014;970211231;970211207;N2710;2;;1.99
SSR_P;2014;970211231;970211207;N310H;1;;1
SSR_P;2014;970211231;970211207;N3120;1;;1
SSR_P;2014;970211231;970211207;NAUT;6;;5.95
SSR_P;2014;970211231;970211207;NCINF;12;;13.99
SSR_P;2014;970300083;970302121;M1010;1;0;0.67
SSR_P;2014;970300083;970302121;N2450;0;0;0.78
SSR_P;2014;970300083;970302121;N2500;8;0;7.22
SSR_P;2014;970300083;970302121;NCINF;8;0;7.31
SSR_P;2014;970302071;970304739;M1010;1;;1
SSR_P;2014;970302071;970304739;M1040;;1;1
SSR_P;2014;970302071;970304739;M1070;;1;1
SSR_P;2014;970302071;970304739;M1120;;1;1
SSR_P;2014;970302071;970304739;M1180;2;;2
SSR_P;2014;970302071;970304739;M1320;1;;1
SSR_P;2014;970302071;970304739;N241P;9;;9
SSR_P;2014;970302071;970304739;N2430;1;;1
SSR_P;2014;970302071;970304739;N2450;1;;1
SSR_P;2014;970302071;970304739;N2460;2;;2
SSR_P;2014;970302071;970304739;N2470;1;;1
SSR_P;2014;970302071;970304739;N2500;18;;18
SSR_P;2014;970302071;970304739;N2710;1;;1
SSR_P;2014;970302071;970304739;N3120;1;;1
SSR_P;2014;970302071;970304739;NAUT;10;2;11
SSR_P;2014;970302071;970304739;NCINF;10;4;12
SSR_P;2014;970400024;970408589;M1010;3;2;3.7
SSR_P;2014;970400024;970408589;M1180;3;;3
SSR_P;2014;970400024;970408589;N241P;3;1;3.25
SSR_P;2014;970400024;970408589;N2430;1;;1
SSR_P;2014;970400024;970408589;N2460;2;1;2.8
SSR_P;2014;970400024;970408589;N2500;18;;18
SSR_P;2014;970400024;970408589;N2710;;1;0.5
SSR_P;2014;970400024;970408589;N3120;;2;1.4
SSR_P;2014;970400024;970408589;NAUT;3;1;3.5
SSR_P;2014;970400024;970408589;NCINF;17;;17
SSR_P;2014;970400057;970408589;M1040;;1;0.4
SSR_P;2014;970400057;970408589;N241P;;6;0.7
SSR_P;2014;970400057;970408589;N2450;;2;0.5
SSR_P;2014;970400057;970408589;N2500;1;;1
SSR_P;2014;970400057;970408589;NCINF;1;;0.5
SSR_P;2014;970400156;970403606;MAUT;1;;0.54
SSR_P;2014;970400156;970403606;N241P;1;1;0.58
SSR_P;2014;970400156;970403606;N2500;18;;15.86
SSR_P;2014;970400156;970403606;N3120;;1;0.23
SSR_P;2014;970400156;970403606;NAUT;4;;3.63
SSR_P;2014;970400156;970403606;NCINF;8;;7.65
SSR_P;2014;970404109;970404059;M1010;1;;1
SSR_P;2014;970404109;970404059;N2500;3;;3
SSR_P;2014;970404109;970404059;N2710;2;;2
SSR_P;2014;970404109;970404059;N3120;1;;0.5
SSR_P;2014;970404109;970404059;NCINF;7;;6.5
SSR_P;2014;970404406;970404380;M1010;3;;2.35
SSR_P;2014;970404406;970404380;M1040;3;1;3.29
SSR_P;2014;970404406;970404380;M1180;4;;4.06
SSR_P;2014;970404406;970404380;N241P;25;;22.41
SSR_P;2014;970404406;970404380;N2430;3;;1.88
SSR_P;2014;970404406;970404380;N2450;3;2;4.09
SSR_P;2014;970404406;970404380;N2460;10;4;11.68
SSR_P;2014;970404406;970404380;N2500;19;2;16.8
SSR_P;2014;970404406;970404380;N2710;5;;4.2
SSR_P;2014;970404406;970404380;N3120;2;2;2.77
SSR_P;2014;970404406;970404380;NAUT;37;5;33.8
SSR_P;2014;970404406;970404380;NCINF;20;;17.02
SSR_P;2014;970404588;970404539;M1180;4;;4
SSR_P;2014;970404679;970404638;N2460;1;;1
SSR_P;2014;970404679;970404638;N2470;1;;1
SSR_P;2014;970404679;970404638;N2710;;1;0.5
SSR_P;2014;970404679;970404638;N310H;1;;1
SSR_P;2014;970404679;970404638;N3120;;1;0.5
SSR_P;2014;970404679;970404638;NAUT;5;1;5.5
SSR_P;2014;970404679;970404638;NCINF;;1;0.8
SSR_P;2014;970404844;970404836;M1010;2;;2
SSR_P;2014;970404844;970404836;N2460;;2;0.9
SSR_P;2014;970404844;970404836;N2500;10;3;12.3
SSR_P;2014;970404844;970404836;NCINF;7;1;7.7
SSR_P;2014;970405650;970463592;M1010;;3;0.2
SSR_P;2014;970405650;970463592;M1070;;1;0.4
SSR_P;2014;970405650;970463592;MAUT;1;;0.1
SSR_P;2014;970405650;970463592;N2450;3;;2.74
SSR_P;2014;970405650;970463592;N2500;1;;0.6
SSR_P;2014;970405650;970463592;N2710;;1;0.25
SSR_P;2014;970405650;970463592;N310H;1;;0.11
SSR_P;2014;970405650;970463592;NAUT;15;3;8.6
SSR_P;2014;970405650;970463592;NCINF;4;;2.9
SSR_P;2014;970406203;970406195;M1010;2;;2
SSR_P;2014;970406203;970406195;N241P;1;;1
SSR_P;2014;970406203;970406195;N2470;;1;0.8
SSR_P;2014;970406203;970406195;N3120;1;;1
SSR_P;2014;970406203;970406195;NCINF;11;1;11.8
SSR_P;2014;970406245;970406237;M1010;2;;2
SSR_P;2014;970423000;970430906;M1010;2;2;2.96
SSR_P;2014;970423000;970430906;M1140;4;1;4.06
SSR_P;2014;970423000;970430906;M1180;1;;1.75
SSR_P;2014;970423000;970430906;N241P;11;3;11.99
SSR_P;2014;970423000;970430906;N2430;2;1;2.33
SSR_P;2014;970423000;970430906;N2450;1;;0.85
SSR_P;2014;970423000;970430906;N2460;6;;5.84
SSR_P;2014;970423000;970430906;N2470;2;2;3.28
SSR_P;2014;970423000;970430906;N2500;36;1;34.93
SSR_P;2014;970423000;970430906;N2710;4;1;3.75
SSR_P;2014;970423000;970430906;N310H;4;1;5.36
SSR_P;2014;970423000;970430906;N3120;2;;2.57
SSR_P;2014;970423000;970430906;NCINF;38;3;36.19
SSR_P;2014;970463113;970400370;M1010;1;;1
SSR_P;2014;970463113;970400370;M1320;2;;2
SSR_P;2014;970463113;970400370;N3120;1;;1
SSR_P;2014;970463113;970400370;NCINF;12;;12
SSR_P;2014;970463139;970408589;M1180;4;;4
SSR_P;2014;970463139;970408589;N241P;9;1;9.86
SSR_P;2014;970463139;970408589;N2430;2;1;2.4
SSR_P;2014;970463139;970408589;N2460;7;1;7.69
SSR_P;2014;970463139;970408589;N2500;39;2;40.01
SSR_P;2014;970463139;970408589;N2710;1;1;1.32
SSR_P;2014;970463139;970408589;N310H;1;0;1
SSR_P;2014;970463139;970408589;N3120;1;0;1
SSR_P;2014;970463139;970408589;NAUT;7;1;7.34
SSR_P;2014;970463139;970408589;NCINF;21;3;23.42
SSR_P;2014;970466504;970403846;M1010;;1;0.8
SSR_P;2014;970466504;970403846;M1040;1;;1
SSR_P;2014;970466504;970403846;M1180;3;1;3.6
SSR_P;2014;970466504;970403846;M1320;1;;1
SSR_P;2014;970466504;970403846;N241P;12;;12
SSR_P;2014;970466504;970403846;N2430;1;1;1.5
SSR_P;2014;970466504;970403846;N2450;1;1;1.62
SSR_P;2014;970466504;970403846;N2460;3;4;5.26
SSR_P;2014;970466504;970403846;N2500;11;;11
SSR_P;2014;970466504;970403846;N2710;2;1;2.8
SSR_P;2014;970466504;970403846;N3120;1;1;1.31
SSR_P;2014;970466504;970403846;NCINF;11;;11
