BOR;AN;FI;FI_EJ;PERSO;EFFPL;EFFPA;ETP;MOD;COMSMUR
URGENCES_P;2014;010000024;010780054;M9999;22;3;13.43;1;1
URGENCES_P;2014;010000024;010780054;N1220;4;;4;;0
URGENCES_P;2014;010000024;010780054;N2120;1;;1;;0
URGENCES_P;2014;010000024;010780054;N2500;16;2;16.3;;
URGENCES_P;2014;010000024;010780054;N9999;44;10;47.9;;
URGENCES_P;2014;010000024;010780054;NINF;20;8;23.35;1;1
URGENCES_P;2014;010000032;010780062;M9999;4;2;2.86;1;1
URGENCES_P;2014;010000032;010780062;N1220;2;;2;1;1
URGENCES_P;2014;010000032;010780062;N2120;1;;0.48;1;1
URGENCES_P;2014;010000032;010780062;N2500;8;;4.07;;
URGENCES_P;2014;010000032;010780062;N9999;31;2;17.06;;
URGENCES_P;2014;010000032;010780062;NINF;20;2;10.51;1;1
URGENCES_P;2014;010005239;010008407;M9999;10;0;11.5;;
URGENCES_P;2014;010005239;010008407;N1220;2;0;1.81;;
URGENCES_P;2014;010005239;010008407;N2120;1;0;0.5;;
URGENCES_P;2014;010005239;010008407;N2500;11;0;11.26;;
URGENCES_P;2014;010005239;010008407;N9999;32;2;32.81;;
URGENCES_P;2014;010005239;010008407;NINF;18;2;18.79;;
URGENCES_P;2014;010780195;010000156;M9999;6;0;6;;
URGENCES_P;2014;010780195;010000156;N1220;3;;3.29;;
URGENCES_P;2014;010780195;010000156;N2120;1;;0.98;;
URGENCES_P;2014;010780195;010000156;N2500;2;1;2.68;;
URGENCES_P;2014;010780195;010000156;NINF;8;2;9.23;;
URGENCES_P;2014;010780203;010006450;M9999;5;2;7;;1
URGENCES_P;2014;010780203;010006450;N1220;2;;2;;1
URGENCES_P;2014;010780203;010006450;N2120;1;;1;;1
URGENCES_P;2014;010780203;010006450;N2500;1;11;5.53;;
URGENCES_P;2014;010780203;010006450;N2620;5;4;6.91;;1
URGENCES_P;2014;010780203;010006450;N3120;;1;0.58;;
URGENCES_P;2014;010780203;010006450;N9999;17;38;26.22;;
URGENCES_P;2014;010780203;010006450;NINF;7;24;11.84;;1
URGENCES_P;2014;020000162;020000063;M1140;0;7;1;;0
URGENCES_P;2014;020000162;020000063;M3020;0;5;1;;
URGENCES_P;2014;020000162;020000063;M9999;9;5;11.65;1;1
URGENCES_P;2014;020000162;020000063;N1220;3;3;4.74;3;1
URGENCES_P;2014;020000162;020000063;N2120;3;0;1.95;3;1
URGENCES_P;2014;020000162;020000063;N2500;42;1;40.3;;
URGENCES_P;2014;020000162;020000063;N9999;99;16;102.1;;
URGENCES_P;2014;020000162;020000063;NINF;37;8;39.84;3;1
URGENCES_P;2014;020000394;020000253;M1140;0;0;0.67;;0
URGENCES_P;2014;020000394;020000253;M9999;13;3;13.89;1;1
URGENCES_P;2014;020000394;020000253;N1220;2;0;1.52;1;1
URGENCES_P;2014;020000394;020000253;N2120;0;0;0.67;1;1
URGENCES_P;2014;020000394;020000253;N2500;10;1;10.16;;
URGENCES_P;2014;020000394;020000253;N2620;0;0;0;1;1
URGENCES_P;2014;020000394;020000253;N3120;1;1;0.9;;
URGENCES_P;2014;020000394;020000253;N9999;75;11;72.49;;
URGENCES_P;2014;020000394;020000253;NINF;43;6;38.07;1;1
URGENCES_P;2014;020000519;020000261;M9999;8;2;10.75;2;1
URGENCES_P;2014;020000519;020000261;N1220;2;3;4.4;;0
URGENCES_P;2014;020000519;020000261;N2120;1;;1;2;1
URGENCES_P;2014;020000519;020000261;N2500;9;5;13.17;;
URGENCES_P;2014;020000519;020000261;N2620;1;;1;;0
URGENCES_P;2014;020000519;020000261;NINF;22;6;27.53;;0
URGENCES_P;2014;020000535;020000287;M9999;6;3;8.2;3;1
URGENCES_P;2014;020000535;020000287;N1220;2;;1.71;3;1
URGENCES_P;2014;020000535;020000287;N2120;;2;1.3;3;1
URGENCES_P;2014;020000535;020000287;N2500;11;;11.56;;
URGENCES_P;2014;020000535;020000287;N9999;32;5;35.31;;
URGENCES_P;2014;020000535;020000287;NINF;13;2;13.83;3;1
URGENCES_P;2014;020001061;020004404;M9999;8;;6.7;3;1
URGENCES_P;2014;020001061;020004404;N1220;1;;1;3;1
URGENCES_P;2014;020001061;020004404;N2120;1;;0.6;3;1
URGENCES_P;2014;020001061;020004404;N2500;7;;6.28;;
URGENCES_P;2014;020001061;020004404;N2620;5;;4.92;;0
URGENCES_P;2014;020001061;020004404;N3120;1;;0.5;;
URGENCES_P;2014;020001061;020004404;NINF;12;3;14.83;;0
URGENCES_P;2014;020001087;020004495;M9999;4;8;8.5;3;1
URGENCES_P;2014;020001087;020004495;N1220;2;;2;2;1
URGENCES_P;2014;020001087;020004495;N2120;1;;1;3;1
URGENCES_P;2014;020001087;020004495;N2500;3;;3;;
URGENCES_P;2014;020001087;020004495;N9999;22;;22;;
URGENCES_P;2014;020010047;020001632;M9999;5;;5;;
URGENCES_P;2014;020010047;020001632;N1220;2;2;2.5;;
URGENCES_P;2014;020010047;020001632;N2500;2;;2;;
URGENCES_P;2014;020010047;020001632;N9999;10;2;11;;
URGENCES_P;2014;020010047;020001632;NINF;6;;6;;
URGENCES_P;2014;030000061;030780092;M1140;;;;1;1
URGENCES_P;2014;030000061;030780092;M9999;9;4;8.4;1;1
URGENCES_P;2014;030000061;030780092;N1220;2;;2;2;1
URGENCES_P;2014;030000061;030780092;N2120;1;1;1.3;1;1
URGENCES_P;2014;030000061;030780092;N2500;15;4;14.78;;
URGENCES_P;2014;030000061;030780092;N9999;38;13;44.37;;
URGENCES_P;2014;030000061;030780092;NINF;20;8;26.29;1;1
URGENCES_P;2014;030000079;030780100;M9999;6;;4.53;3;1
URGENCES_P;2014;030000079;030780100;N1220;1;;1;3;1
URGENCES_P;2014;030000079;030780100;N2120;1;;0.1;;
URGENCES_P;2014;030000079;030780100;N2500;14;1;10.51;;
URGENCES_P;2014;030000079;030780100;N3120;;;0.2;;
URGENCES_P;2014;030000079;030780100;NINF;26;1;13.47;3;1
URGENCES_P;2014;030000087;030780118;M9999;10;10;17.85;1;1
URGENCES_P;2014;030000087;030780118;N1220;4;0;4;2;1
URGENCES_P;2014;030000087;030780118;N2120;0;2;1.24;2;1
URGENCES_P;2014;030000087;030780118;N2500;19;9;20.6;;
URGENCES_P;2014;030000087;030780118;N2620;0;3;0.6;2;1
URGENCES_P;2014;030000087;030780118;N9999;39;43;58.71;;
URGENCES_P;2014;030000087;030780118;NINF;9;29;25.45;2;1
URGENCES_P;2014;030781116;030000426;M9999;3;;3;;
URGENCES_P;2014;030781116;030000426;N1220;1;;1;;
URGENCES_P;2014;030781116;030000426;N2120;1;;0.2;;
URGENCES_P;2014;030781116;030000426;N2500;5;;4.8;;
URGENCES_P;2014;030781116;030000426;NINF;5;;4.8;;
URGENCES_P;2014;040000093;040780215;M9999;6;9;12.87;3;1
URGENCES_P;2014;040000093;040780215;N1220;2;;1.16;;
URGENCES_P;2014;040000093;040780215;N2120;2;;2;;
URGENCES_P;2014;040000093;040780215;N2500;7;5;9.16;;
URGENCES_P;2014;040000093;040780215;N9999;36;17;39.75;;
URGENCES_P;2014;040000093;040780215;NINF;19;8;20.63;;
URGENCES_P;2014;040000135;050002948;M9999;7;2;4.51;;
URGENCES_P;2014;040000135;050002948;N1220;3;0;0.6;;
URGENCES_P;2014;040000135;050002948;N2120;2;0;0.91;;
URGENCES_P;2014;040000135;050002948;N2500;6;2;6.17;;
URGENCES_P;2014;040000135;050002948;N9999;23;9;20.58;;
URGENCES_P;2014;040000135;050002948;NINF;10;7;11;;
URGENCES_P;2014;040000911;040788879;M9999;12;4;4.88;2;1
URGENCES_P;2014;040000911;040788879;N1220;1;1;1.35;2;1
URGENCES_P;2014;040000911;040788879;N2120;1;;0.5;2;1
URGENCES_P;2014;040000911;040788879;N2500;7;1;7.86;;
URGENCES_P;2014;040000911;040788879;NINF;13;6;16.03;2;1
URGENCES_P;2014;050000231;050000116;M9999;11;1;8.55;;
URGENCES_P;2014;050000231;050000116;N1220;3;1;3.93;;
URGENCES_P;2014;050000231;050000116;N2120;1;0;0.5;;
URGENCES_P;2014;050000231;050000116;N2500;6;1;7.09;;
URGENCES_P;2014;050000231;050000116;N9999;27;7;25.54;;
URGENCES_P;2014;050000231;050000116;NINF;13;4;10.02;;
URGENCES_P;2014;050000256;050000124;M9999;4;1;4.37;;
URGENCES_P;2014;050000256;050000124;N1220;1;;0.2;;
URGENCES_P;2014;050000256;050000124;N2120;1;;0.25;;
URGENCES_P;2014;050000256;050000124;N2500;3;1;4.19;;
URGENCES_P;2014;050000256;050000124;N9999;5;10;11.4;;
URGENCES_P;2014;050000256;050000124;NINF;1;8;6.76;;
URGENCES_P;2014;050000348;050002948;M9999;13;6;10.68;;
URGENCES_P;2014;050000348;050002948;N1220;3;0;3.03;;
URGENCES_P;2014;050000348;050002948;N2120;2;0;1.1;;
URGENCES_P;2014;050000348;050002948;N2500;9;4;10.72;;
URGENCES_P;2014;050000348;050002948;N9999;28;18;34.61;;
URGENCES_P;2014;050000348;050002948;NINF;12;13;17;;
URGENCES_P;2014;060000478;060780897;M1140;3;1;0.52;;
URGENCES_P;2014;060000478;060780897;M3020;7;;1.2;;
URGENCES_P;2014;060000478;060780897;M9999;21;8;13.35;;
URGENCES_P;2014;060000478;060780897;N1220;2;;2;;
URGENCES_P;2014;060000478;060780897;N2120;4;;4;;
URGENCES_P;2014;060000478;060780897;N2500;15;1;15.5;;
URGENCES_P;2014;060000478;060780897;N3120;;1;0.9;;
URGENCES_P;2014;060000478;060780897;N9999;53;3;54.2;;
URGENCES_P;2014;060000478;060780897;NINF;32;1;31.8;;
URGENCES_P;2014;060000510;060780954;M1140;5;;0.5;;0
URGENCES_P;2014;060000510;060780954;M3020;9;;5.5;;
URGENCES_P;2014;060000510;060780954;M9999;26;8;15.38;3;1
URGENCES_P;2014;060000510;060780954;N1220;2;0;1.88;;0
URGENCES_P;2014;060000510;060780954;N2120;2;0;1.29;3;1
URGENCES_P;2014;060000510;060780954;N2500;20;0;19.65;;
URGENCES_P;2014;060000510;060780954;N3120;1;0;1;;
URGENCES_P;2014;060000510;060780954;N9999;57;2;56.92;;
URGENCES_P;2014;060000510;060780954;NINF;26;2;26.84;;0
URGENCES_P;2014;060000544;060780988;M1140;;1;0.4;;0
URGENCES_P;2014;060000544;060780988;M9999;12;2;13.66;1;1
URGENCES_P;2014;060000544;060780988;N1220;4;;5.14;3;1
URGENCES_P;2014;060000544;060780988;N2120;;4;1.18;3;1
URGENCES_P;2014;060000544;060780988;N2500;24;2;27.23;;
URGENCES_P;2014;060000544;060780988;N2620;5;;5;;0
URGENCES_P;2014;060000544;060780988;N3120;;1;0.25;;
URGENCES_P;2014;060000544;060780988;N9999;71;11;80.43;;
URGENCES_P;2014;060000544;060780988;NINF;29;4;32.28;3;1
URGENCES_P;2014;060001450;060785011;M3020;2;1;3.77;;
URGENCES_P;2014;060001450;060785011;M9999;5;34;19.73;1;1
URGENCES_P;2014;060001450;060785011;N1220;12;1;10;;
URGENCES_P;2014;060001450;060785011;N2120;6;0;5.86;;
URGENCES_P;2014;060001450;060785011;N2500;46;4;46.28;;
URGENCES_P;2014;060001450;060785011;N3120;0;0;0.01;;
URGENCES_P;2014;060001450;060785011;N9999;179;9;167.91;;
URGENCES_P;2014;060001450;060785011;NINF;62;0;53.95;;
URGENCES_P;2014;060002102;060791761;M9999;5;3;6.4;2;1
URGENCES_P;2014;060002102;060791761;N1220;1;1;1.6;;0
URGENCES_P;2014;060002102;060791761;N2500;6;;6;;
URGENCES_P;2014;060002102;060791761;N2620;2;;2;;0
URGENCES_P;2014;060002102;060791761;N9999;18;1;18.6;;
URGENCES_P;2014;060002102;060791761;NINF;9;;9;;0
URGENCES_P;2014;060780491;060790797;M9999;2;2;3;;0
URGENCES_P;2014;060780491;060790797;N1220;2;1;2.33;;0
URGENCES_P;2014;060780491;060790797;N2120;;1;0.12;;0
URGENCES_P;2014;060780491;060790797;N2500;3;2;3.73;;
URGENCES_P;2014;060780491;060790797;N3120;;1;0.1;;
URGENCES_P;2014;060780491;060790797;N9999;11;6;13.22;;
URGENCES_P;2014;060780491;060790797;NINF;6;1;6.94;;0
URGENCES_P;2014;060780517;060000239;M9999;8;;8;;
URGENCES_P;2014;060780517;060000239;N1220;4;;4;;
URGENCES_P;2014;060780517;060000239;N2120;1;;1;;
URGENCES_P;2014;060780517;060000239;N2500;1;1;1.5;;
URGENCES_P;2014;060780517;060000239;N2620;;1;0.5;;
URGENCES_P;2014;060780517;060000239;NINF;9;;9;;
URGENCES_P;2014;060780715;060000361;M9999;;12;8;;
URGENCES_P;2014;060780715;060000361;N1220;4;1;4.4;;
URGENCES_P;2014;060780715;060000361;N2120;;1;0.3;;
URGENCES_P;2014;060780715;060000361;N2500;4;2;4.5;;
URGENCES_P;2014;060780715;060000361;N2620;2;2;2.2;;
URGENCES_P;2014;060780715;060000361;N3120;;1;0.1;;
URGENCES_P;2014;060780715;060000361;NINF;8;2;8.9;;
URGENCES_P;2014;060780723;060004959;M9999;;1;0.21;;
URGENCES_P;2014;060780723;060004959;N1220;4;;4;;
URGENCES_P;2014;060780723;060004959;N2500;1;;1;;
URGENCES_P;2014;060780723;060004959;N2620;1;1;1.5;;
URGENCES_P;2014;060780723;060004959;NINF;5;1;5.47;;
URGENCES_P;2014;060780947;060800174;M1140;8;3;8.98;;
URGENCES_P;2014;060780947;060800174;M3020;1;1;0.29;;
URGENCES_P;2014;060780947;060800174;M9999;10;5;9.84;;
URGENCES_P;2014;060780947;060800174;N1220;3;;3;;
URGENCES_P;2014;060780947;060800174;N2120;1;2;1.6;;
URGENCES_P;2014;060780947;060800174;N2500;37;3;29.1;;
URGENCES_P;2014;060780947;060800174;N9999;73;14;69.42;;
URGENCES_P;2014;060780947;060800174;NINF;32;8;35.2;;
URGENCES_P;2014;070000013;070002878;M9999;;2;0.69;1;1
URGENCES_P;2014;070000013;070002878;N1220;;1;0.5;;
URGENCES_P;2014;070000013;070002878;N2120;;1;0.3;2;1
URGENCES_P;2014;070000013;070002878;N2500;3;3;3.12;;
URGENCES_P;2014;070000013;070002878;N2620;;2;0.5;;
URGENCES_P;2014;070000013;070002878;N9999;9;10;13.74;;
URGENCES_P;2014;070000013;070002878;NINF;5;3;6.61;;
URGENCES_P;2014;070000179;070780358;M9999;9;1;9.44;3;1
URGENCES_P;2014;070000179;070780358;N1220;1;1;1.24;;0
URGENCES_P;2014;070000179;070780358;N2120;0;0;0.25;3;1
URGENCES_P;2014;070000179;070780358;N2500;11;7;16.31;;
URGENCES_P;2014;070000179;070780358;N9999;20;25;39.29;;
URGENCES_P;2014;070000179;070780358;NINF;6;13;16.93;3;1
URGENCES_P;2014;070000609;070005566;M9999;9;5;10.96;;
URGENCES_P;2014;070000609;070005566;N1220;2;1;2.8;;
URGENCES_P;2014;070000609;070005566;N2500;7;1;7.86;;
URGENCES_P;2014;070000609;070005566;N9999;30;6;35.56;;
URGENCES_P;2014;070000609;070005566;NINF;16;4;19.54;;
URGENCES_P;2014;070780424;070000245;M9999;1;5;3.5;;
URGENCES_P;2014;070780424;070000245;N2120;1;;1;;
URGENCES_P;2014;070780424;070000245;N2500;9;2;8.96;;
URGENCES_P;2014;070780424;070000245;N9999;20;3;20.04;;
URGENCES_P;2014;070780424;070000245;NINF;10;1;10.03;;
URGENCES_P;2014;080000110;080000037;M9999;4;0;4;1;1
URGENCES_P;2014;080000110;080000037;N1220;3;;3;1;0
URGENCES_P;2014;080000110;080000037;N2120;1;;0.8;1;1
URGENCES_P;2014;080000110;080000037;N2500;6;2;7.3;;
URGENCES_P;2014;080000110;080000037;N2620;5;;5;1;1
URGENCES_P;2014;080000110;080000037;N3120;1;;1;;
URGENCES_P;2014;080000110;080000037;N9999;29;7;35.1;;
URGENCES_P;2014;080000110;080000037;NINF;14;5;18;1;1
URGENCES_P;2014;080000219;080001969;M9999;5;;2.48;1;1
URGENCES_P;2014;080000219;080001969;N1220;1;;0.5;3;
URGENCES_P;2014;080000219;080001969;N2500;9;;3;;
URGENCES_P;2014;080000219;080001969;N9999;26;6;11;;
URGENCES_P;2014;080000219;080001969;NINF;16;3;6.5;3;1
URGENCES_P;2014;080000276;080001969;M9999;;6;0.82;;
URGENCES_P;2014;080000276;080001969;N1220;;1;0.31;;
URGENCES_P;2014;080000276;080001969;N9999;11;1;6;;
URGENCES_P;2014;080000276;080001969;NINF;11;1;7.85;;
URGENCES_P;2014;080000425;080000615;M1140;5;1;1.24;;0
URGENCES_P;2014;080000425;080000615;M9999;22;3;11.13;1;1
URGENCES_P;2014;080000425;080000615;N1220;1;;1;;0
URGENCES_P;2014;080000425;080000615;N2120;1;;1;;0
URGENCES_P;2014;080000425;080000615;N2500;15;7;18.53;;
URGENCES_P;2014;080000425;080000615;N3120;1;;1;;
URGENCES_P;2014;080000425;080000615;N9999;58;31;77.47;;
URGENCES_P;2014;080000425;080000615;NINF;33;21;46.73;;0
URGENCES_P;2014;090000175;090781774;M1140;6;2;1;1;1
URGENCES_P;2014;090000175;090781774;M9999;29;8;10.92;1;1
URGENCES_P;2014;090000175;090781774;N1220;5;2;4.93;2;1
URGENCES_P;2014;090000175;090781774;N2120;1;;0.72;2;1
URGENCES_P;2014;090000175;090781774;N2500;23;5;26.76;;
URGENCES_P;2014;090000175;090781774;N2620;;;;2;1
URGENCES_P;2014;090000175;090781774;N9999;51;19;56.03;;
URGENCES_P;2014;090000175;090781774;NINF;21;11;22.65;2;1
URGENCES_P;2014;090000183;090781816;M9999;6;4;3.41;;1
URGENCES_P;2014;090000183;090781816;N1220;2;;0.96;;0
URGENCES_P;2014;090000183;090781816;N2120;1;;0.4;2;1
URGENCES_P;2014;090000183;090781816;N2500;3;;3.3;;
URGENCES_P;2014;090000183;090781816;N9999;15;1;14.9;;
URGENCES_P;2014;090000183;090781816;NINF;9;1;9.63;;0
URGENCES_P;2014;090001629;090780107;M9999;;22;5.51;;0
URGENCES_P;2014;090001629;090780107;N2500;2;;2;;
URGENCES_P;2014;090001629;090780107;N9999;7;2;8.2;;
URGENCES_P;2014;090001629;090780107;NINF;5;2;6.2;;0
URGENCES_P;2014;100000090;100000017;M9999;;13;8.15;3;1
URGENCES_P;2014;100000090;100000017;N1220;3;;3;;0
URGENCES_P;2014;100000090;100000017;N2120;1;;1;;0
URGENCES_P;2014;100000090;100000017;N2500;18;;19.13;;
URGENCES_P;2014;100000090;100000017;N2620;11;;11.33;;0
URGENCES_P;2014;100000090;100000017;N3120;;2;0.88;;
URGENCES_P;2014;100000090;100000017;N9999;69;3;69.13;;
URGENCES_P;2014;100000090;100000017;NINF;36;1;33.79;;0
URGENCES_P;2014;100000199;100006279;M9999;5;3;5.8;;1
URGENCES_P;2014;100000199;100006279;N1220;1;1;0.56;2;1
URGENCES_P;2014;100000199;100006279;N2120;1;;0.3;2;1
URGENCES_P;2014;100000199;100006279;N2500;4;;2.41;;
URGENCES_P;2014;100000199;100006279;NINF;20;;8.35;2;1
URGENCES_P;2014;110000023;110780061;M9999;;31;6.36;1;1
URGENCES_P;2014;110000023;110780061;N1220;;6;1.93;2;1
URGENCES_P;2014;110000023;110780061;N2120;1;;1.1;;0
URGENCES_P;2014;110000023;110780061;N2500;16;1;17.94;;
URGENCES_P;2014;110000023;110780061;N2620;8;2;8.9;;0
URGENCES_P;2014;110000023;110780061;N3120;;2;1;;
URGENCES_P;2014;110000023;110780061;N9999;51;19;62.28;;
URGENCES_P;2014;110000023;110780061;NINF;26;7;30.56;;0
URGENCES_P;2014;110000049;110780087;M9999;4;2;4.3;;
URGENCES_P;2014;110000049;110780087;N1220;1;1;1.04;;
URGENCES_P;2014;110000049;110780087;N2500;7;;6.17;;
URGENCES_P;2014;110000049;110780087;N2620;;;0.03;;
URGENCES_P;2014;110000049;110780087;N9999;15;1;14;;
URGENCES_P;2014;110000049;110780087;NINF;7;1;6.76;;
URGENCES_P;2014;110000056;110780137;M9999;15;8;7.24;2;1
URGENCES_P;2014;110000056;110780137;N1220;5;1;4.57;;
URGENCES_P;2014;110000056;110780137;N2120;1;;1;;
URGENCES_P;2014;110000056;110780137;N2500;13;3;15.64;;
URGENCES_P;2014;110000056;110780137;NINF;26;5;16.93;2;1
URGENCES_P;2014;110780228;110000114;M9999;4;1;4.8;;
URGENCES_P;2014;110780228;110000114;N1220;2;2;3.3;;
URGENCES_P;2014;110780228;110000114;N2120;;1;0.5;;
URGENCES_P;2014;110780228;110000114;N2500;2;;2;;
URGENCES_P;2014;110780228;110000114;N3120;;1;0.1;;
URGENCES_P;2014;110780228;110000114;NINF;8;2;8.8;;
URGENCES_P;2014;110780483;110000155;N1220;2;7;2.91;;
URGENCES_P;2014;110780483;110000155;N2500;5;2;4.74;;
URGENCES_P;2014;110780483;110000155;N9999;18;13;17.62;;
URGENCES_P;2014;110780483;110000155;NINF;11;4;9.97;;
URGENCES_P;2014;120000039;120780044;M9999;6;5;6.65;;
URGENCES_P;2014;120000039;120780044;N1220;3;4;5.6;;
URGENCES_P;2014;120000039;120780044;N2120;1;1;1.9;;
URGENCES_P;2014;120000039;120780044;N2500;16;2;19.49;;
URGENCES_P;2014;120000039;120780044;N3120;;;0.36;;
URGENCES_P;2014;120000039;120780044;N9999;57;23;58.31;;
URGENCES_P;2014;120000039;120780044;NINF;13;17;20.72;;
URGENCES_P;2014;120000054;120780069;M9999;9;1;6.52;;
URGENCES_P;2014;120000054;120780069;N1220;1;0;1.5;2;1
URGENCES_P;2014;120000054;120780069;N2120;1;0;0.67;2;1
URGENCES_P;2014;120000054;120780069;N2500;3;0;3.09;;
URGENCES_P;2014;120000054;120780069;N9999;17;3;16.76;;
URGENCES_P;2014;120000054;120780069;NINF;9;3;11.5;2;1
URGENCES_P;2014;120000070;120780085;M9999;3;3;5.41;2;1
URGENCES_P;2014;120000070;120780085;N1220;;2;1;2;1
URGENCES_P;2014;120000070;120780085;N2120;;1;0.5;2;1
URGENCES_P;2014;120000070;120780085;N2500;4;;4;;
URGENCES_P;2014;120000070;120780085;N3120;;1;0.1;;
URGENCES_P;2014;120000070;120780085;N9999;16;9;19.68;;
URGENCES_P;2014;120000070;120780085;NINF;12;5;14.08;2;1
URGENCES_P;2014;120004569;120004528;M9999;4;3;4.6;2;1
URGENCES_P;2014;120004569;120004528;N1220;1;;0.7;1;1
URGENCES_P;2014;120004569;120004528;N2120;1;;0.5;2;1
URGENCES_P;2014;120004569;120004528;N2500;6;;5.8;;
URGENCES_P;2014;120004569;120004528;N3120;1;;0.58;;
URGENCES_P;2014;120004569;120004528;N9999;22;3;16;;
URGENCES_P;2014;120004569;120004528;NINF;13;2;7.6;1;1
URGENCES_P;2014;120004668;120004619;M9999;7;2;3.48;1;1
URGENCES_P;2014;120004668;120004619;N1220;1;;0.3;;0
URGENCES_P;2014;120004668;120004619;N2120;1;;0.38;1;1
URGENCES_P;2014;120004668;120004619;N2500;5;;4.72;;
URGENCES_P;2014;120004668;120004619;NINF;5;4;5.84;1;1
URGENCES_P;2014;130000409;130041916;M1140;;10;1.32;;0
URGENCES_P;2014;130000409;130041916;M9999;1;32;14.87;1;1
URGENCES_P;2014;130000409;130041916;N1220;1;15;5.97;;0
URGENCES_P;2014;130000409;130041916;N2120;2;2;2.26;;0
URGENCES_P;2014;130000409;130041916;N2500;41;19;42.95;;
URGENCES_P;2014;130000409;130041916;N2620;;2;2.05;;0
URGENCES_P;2014;130000409;130041916;N3120;;1;0.5;;
URGENCES_P;2014;130000409;130041916;N9999;82;79;111.26;;
URGENCES_P;2014;130000409;130041916;NINF;29;28;43.62;1;1
URGENCES_P;2014;130000565;130781446;M1140;3;3;1.06;;1
URGENCES_P;2014;130000565;130781446;M9999;11;3;9.26;1;1
URGENCES_P;2014;130000565;130781446;N1220;2;2;2.6;2;1
URGENCES_P;2014;130000565;130781446;N2120;;1;0.9;2;1
URGENCES_P;2014;130000565;130781446;N2500;11;4;13.46;;
URGENCES_P;2014;130000565;130781446;N9999;32;20;43.74;;
URGENCES_P;2014;130000565;130781446;NINF;14;10;20.4;1;1
URGENCES_P;2014;130001225;130782634;M9999;7;4;7.01;3;1
URGENCES_P;2014;130001225;130782634;N1220;2;;2.39;;
URGENCES_P;2014;130001225;130782634;N2120;1;;0.5;;
URGENCES_P;2014;130001225;130782634;N2500;10;4;12.17;;
URGENCES_P;2014;130001225;130782634;N9999;34;11;41.15;;
URGENCES_P;2014;130001225;130782634;NINF;20;6;21.09;3;1
URGENCES_P;2014;130002215;130785512;M9999;6;;6;;
URGENCES_P;2014;130002215;130785512;N1220;4;1;4.5;;
URGENCES_P;2014;130002215;130785512;N2120;1;;1;;
URGENCES_P;2014;130002215;130785512;N2500;4;;4;;
URGENCES_P;2014;130002215;130785512;N2620;8;;8;;
URGENCES_P;2014;130002215;130785512;N9999;31;3;33.7;;
URGENCES_P;2014;130002215;130785512;NINF;14;4;17.2;;
URGENCES_P;2014;130002827;130789274;M9999;9;4;10.72;;1
URGENCES_P;2014;130002827;130789274;N1220;1;1;1.09;;1
URGENCES_P;2014;130002827;130789274;N2120;1;;1;;1
URGENCES_P;2014;130002827;130789274;N2500;15;3;15.47;;
URGENCES_P;2014;130002827;130789274;N2620;;;;;1
URGENCES_P;2014;130002827;130789274;N9999;49;11;53.89;;
URGENCES_P;2014;130002827;130789274;NINF;24;7;28.33;;1
URGENCES_P;2014;130002835;130789316;M9999;10;1;10.83;1;1
URGENCES_P;2014;130002835;130789316;N1220;6;11;10.07;1;1
URGENCES_P;2014;130002835;130789316;N2120;0;1;0.75;2;1
URGENCES_P;2014;130002835;130789316;N2500;11;7;13.15;;
URGENCES_P;2014;130002835;130789316;N3120;1;0;1;;
URGENCES_P;2014;130002835;130789316;N9999;36;31;50.03;;
URGENCES_P;2014;130002835;130789316;NINF;18;12;25.06;1;1
URGENCES_P;2014;130043664;130002157;N1220;2;;2;;
URGENCES_P;2014;130043664;130002157;N2120;2;;2;;
URGENCES_P;2014;130043664;130002157;N2500;11;2;9.34;;
URGENCES_P;2014;130043664;130002157;NINF;24;3;19.7;;
URGENCES_P;2014;130780521;130786049;M1140;4;1;3.41;;
URGENCES_P;2014;130780521;130786049;M9999;21;6;21.45;;
URGENCES_P;2014;130780521;130786049;N1220;2;2;3.2;;0
URGENCES_P;2014;130780521;130786049;N2120;2;;2.88;;0
URGENCES_P;2014;130780521;130786049;N2500;56;3;59.85;;
URGENCES_P;2014;130780521;130786049;N9999;168;22;180.15;;
URGENCES_P;2014;130780521;130786049;NINF;76;14;84.15;;0
URGENCES_P;2014;130781479;130000599;M9999;3;3;3;;0
URGENCES_P;2014;130781479;130000599;N1220;2;;2;;0
URGENCES_P;2014;130781479;130000599;N2120;;1;0.3;;0
URGENCES_P;2014;130781479;130000599;N2620;1;;1;;0
URGENCES_P;2014;130781479;130000599;N9999;9;1;9.3;;
URGENCES_P;2014;130781479;130000599;NINF;6;;6;;
URGENCES_P;2014;130782071;130002454;M9999;2;3;4.74;;
URGENCES_P;2014;130782071;130002454;N1220;2;;2;;
URGENCES_P;2014;130782071;130002454;N2120;1;;1;;
URGENCES_P;2014;130782071;130002454;N2500;4;;4;;
URGENCES_P;2014;130782071;130002454;N9999;15;2;16;;
URGENCES_P;2014;130782071;130002454;NINF;6;2;7;;
URGENCES_P;2014;130782147;130000979;M9999;8;;8;;
URGENCES_P;2014;130782147;130000979;N1220;2;4;5;;
URGENCES_P;2014;130782147;130000979;N2120;1;;0.5;;
URGENCES_P;2014;130782147;130000979;NINF;12;;12;;
URGENCES_P;2014;130783236;130786049;M9999;14;3;11.67;;
URGENCES_P;2014;130783236;130786049;N1220;0;0;2.28;;
URGENCES_P;2014;130783236;130786049;N2120;0;0;3.8;;
URGENCES_P;2014;130783236;130786049;N2500;0;0;32.64;;
URGENCES_P;2014;130783236;130786049;N2620;0;0;0.95;;
URGENCES_P;2014;130783236;130786049;N9999;0;0;130.98;;
URGENCES_P;2014;130783236;130786049;NINF;0;0;62.82;;
URGENCES_P;2014;130783293;130786049;M9999;12;6;12.59;;
URGENCES_P;2014;130783293;130786049;N1220;7;1;4.31;;
URGENCES_P;2014;130783293;130786049;N2120;5;0;0.65;;
URGENCES_P;2014;130783293;130786049;N2500;62;8;23.53;;
URGENCES_P;2014;130783293;130786049;N2620;1;0;0.13;;
URGENCES_P;2014;130783293;130786049;N9999;175;13;75.5;;
URGENCES_P;2014;130783293;130786049;NINF;85;4;36.99;;
URGENCES_P;2014;130784713;130038847;M9999;;5;2.5;;
URGENCES_P;2014;130784713;130038847;N1220;3;;3;;
URGENCES_P;2014;130784713;130038847;N2120;1;;1;;
URGENCES_P;2014;130784713;130038847;N2500;2;2;5.22;;
URGENCES_P;2014;130784713;130038847;N2620;1;;1;;
URGENCES_P;2014;130784713;130038847;N3120;;1;0.4;;
URGENCES_P;2014;130784713;130038847;NINF;7;4;7.3;;
URGENCES_P;2014;130785652;130014228;M1140;2;21;8.63;;
URGENCES_P;2014;130785652;130014228;M9999;10;33;19.44;;
URGENCES_P;2014;130785652;130014228;N1220;3;4;5.03;;
URGENCES_P;2014;130785652;130014228;N2120;1;;1;;
URGENCES_P;2014;130785652;130014228;N2500;2;;2.65;;
URGENCES_P;2014;130785652;130014228;N2620;4;;2.63;;
URGENCES_P;2014;130785652;130014228;N9999;46;8;43.11;;
URGENCES_P;2014;130785652;130014228;NINF;36;4;31.8;;
URGENCES_P;2014;130786361;130002447;N2500;5;1;5.01;;
URGENCES_P;2014;130786361;130002447;NINF;7;4;8.29;;0
URGENCES_P;2014;130786742;750821092;M9999;7;6;4.76;1;1
URGENCES_P;2014;130786742;750821092;N1220;5;0;3.13;;0
URGENCES_P;2014;130786742;750821092;N2120;1;0;1;;0
URGENCES_P;2014;130786742;750821092;N2500;8;0;7.72;;
URGENCES_P;2014;130786742;750821092;N2620;7;0;6.99;;0
URGENCES_P;2014;130786742;750821092;N3120;1;0;0.33;;
URGENCES_P;2014;130786742;750821092;N9999;39;1;38.43;;
URGENCES_P;2014;130786742;750821092;NINF;16;1;16.84;;0
URGENCES_P;2014;130804297;130786049;M1140;2;1;2.74;;
URGENCES_P;2014;130804297;130786049;M9999;2;2;2.92;;
URGENCES_P;2014;130804297;130786049;N1220;2;0;2.42;;
URGENCES_P;2014;130804297;130786049;N2120;2;0;1.3;;
URGENCES_P;2014;130804297;130786049;N2500;7;1;7.12;;
URGENCES_P;2014;130804297;130786049;N2620;1;0;1.17;;
URGENCES_P;2014;130804297;130786049;N9999;49;23;63.64;;
URGENCES_P;2014;130804297;130786049;NINF;16;19;30.49;;
URGENCES_P;2014;140000027;140000035;M1140;5;1;1.6;;
URGENCES_P;2014;140000027;140000035;M9999;13;3;8.77;1;1
URGENCES_P;2014;140000027;140000035;N1220;2;0;1.72;3;1
URGENCES_P;2014;140000027;140000035;N2120;1;0;0.79;3;1
URGENCES_P;2014;140000027;140000035;N2500;15;2;13.63;;
URGENCES_P;2014;140000027;140000035;N3120;1;0;0.25;;
URGENCES_P;2014;140000027;140000035;N9999;41;14;49.3;;
URGENCES_P;2014;140000027;140000035;NINF;21;12;23.38;2;1
URGENCES_P;2014;140000076;140000084;M9999;2;4;4.12;;
URGENCES_P;2014;140000076;140000084;N2120;1;;0.18;;
URGENCES_P;2014;140000076;140000084;N2500;7;;7.7;;
URGENCES_P;2014;140000076;140000084;N9999;12;3;14.28;;
URGENCES_P;2014;140000076;140000084;NINF;4;3;6.4;;
URGENCES_P;2014;140000209;140000100;M1140;2;4;3.09;;0
URGENCES_P;2014;140000209;140000100;M3020;1;;1;;
URGENCES_P;2014;140000209;140000100;M9999;21;4;20.34;;0
URGENCES_P;2014;140000209;140000100;N1220;9;1;7.59;;0
URGENCES_P;2014;140000209;140000100;N2120;7;;4.69;;0
URGENCES_P;2014;140000209;140000100;N2500;30;19;43.7;;
URGENCES_P;2014;140000209;140000100;N2620;19;;18.13;;0
URGENCES_P;2014;140000209;140000100;N9999;129;49;154.67;;
URGENCES_P;2014;140000209;140000100;NINF;56;24;69.7;;0
URGENCES_P;2014;140000233;140000118;M1140;;;;2;
URGENCES_P;2014;140000233;140000118;M9999;1;;1.19;2;1
URGENCES_P;2014;140000233;140000118;N1220;;1;0.7;2;1
URGENCES_P;2014;140000233;140000118;N2120;;2;0.94;2;1
URGENCES_P;2014;140000233;140000118;N2500;3;3;5.4;;
URGENCES_P;2014;140000233;140000118;N2620;;;0.18;2;1
URGENCES_P;2014;140000233;140000118;N9999;6;12;12.99;;
URGENCES_P;2014;140000233;140000118;NINF;3;6;5.75;2;1
URGENCES_P;2014;140000373;140000159;M9999;6;1;5.75;2;1
URGENCES_P;2014;140000373;140000159;N1220;2;;1;2;1
URGENCES_P;2014;140000373;140000159;N2120;1;1;1.25;2;1
URGENCES_P;2014;140000373;140000159;N2500;9;;8.82;;
URGENCES_P;2014;140000373;140000159;N2620;6;1;6.5;2;1
URGENCES_P;2014;140000373;140000159;N9999;39;2;38.15;;
URGENCES_P;2014;140000373;140000159;NINF;17;;16.15;2;1
URGENCES_P;2014;140002452;140025800;M9999;5;3;6.33;;
URGENCES_P;2014;140002452;140025800;N1220;1;1;1.2;;
URGENCES_P;2014;140002452;140025800;N2120;1;;1;;
URGENCES_P;2014;140002452;140025800;N2500;1;;1;;
URGENCES_P;2014;140002452;140025800;N9999;12;1;12.5;;
URGENCES_P;2014;140002452;140025800;NINF;10;1;10.5;;
URGENCES_P;2014;140016759;140003146;M9999;;10;4.8;;0
URGENCES_P;2014;140016759;140003146;N1220;4;0;4;;0
URGENCES_P;2014;140016759;140003146;N2120;0;1;0.8;;0
URGENCES_P;2014;140016759;140003146;N2500;4;2;4.68;;
URGENCES_P;2014;140016759;140003146;N3120;0;1;0.2;;
URGENCES_P;2014;140016759;140003146;N9999;12;12;18.86;;
URGENCES_P;2014;140016759;140003146;NINF;4;6;8.53;;0
URGENCES_P;2014;140017237;140003278;M9999;8;;8;;
URGENCES_P;2014;140017237;140003278;N1220;2;2;3.89;;
URGENCES_P;2014;140017237;140003278;N2120;1;;0.5;;
URGENCES_P;2014;140017237;140003278;N2500;4;;4;;
URGENCES_P;2014;140017237;140003278;N3120;;1;0.5;;
URGENCES_P;2014;140017237;140003278;N9999;15;3;16.89;;
URGENCES_P;2014;140017237;140003278;NINF;8;;8;;
URGENCES_P;2014;140024886;140000092;M9999;7;6;10.2;2;1
URGENCES_P;2014;140024886;140000092;N1220;2;;1.9;3;1
URGENCES_P;2014;140024886;140000092;N2120;1;;0.9;2;1
URGENCES_P;2014;140024886;140000092;N2500;9;2;10.61;;
URGENCES_P;2014;140024886;140000092;N2620;;;;1;1
URGENCES_P;2014;140024886;140000092;NINF;13;2;15.1;1;1
URGENCES_P;2014;140026410;140026279;M9999;5;2;6.25;2;1
URGENCES_P;2014;140026410;140026279;N1220;5;;4.2;;0
URGENCES_P;2014;140026410;140026279;N2120;1;;0.85;2;1
URGENCES_P;2014;140026410;140026279;N2500;6;;3.72;;
URGENCES_P;2014;140026410;140026279;N2620;;;;2;1
URGENCES_P;2014;140026410;140026279;N3120;1;;0.34;;
URGENCES_P;2014;140026410;140026279;NINF;16;1;13.98;2;1
URGENCES_P;2014;150000032;150780088;M9999;3;1;1.8;3;1
URGENCES_P;2014;150000032;150780088;N1220;1;2;1.73;;0
URGENCES_P;2014;150000032;150780088;N2500;4;1;4.79;;
URGENCES_P;2014;150000032;150780088;NINF;13;;6.63;3;1
URGENCES_P;2014;150000040;150780096;M9999;22;;7.88;3;1
URGENCES_P;2014;150000040;150780096;N1220;2;2;3.06;1;1
URGENCES_P;2014;150000040;150780096;N2120;;1;0.5;1;1
URGENCES_P;2014;150000040;150780096;N2500;13;3;15.25;;
URGENCES_P;2014;150000040;150780096;N3120;;1;0.5;;
URGENCES_P;2014;150000040;150780096;N9999;29;22;44.55;;
URGENCES_P;2014;150000040;150780096;NINF;13;12;22.19;1;1
URGENCES_P;2014;150000164;150780468;M9999;7;;6.44;;1
URGENCES_P;2014;150000164;150780468;N1220;1;;1;;1
URGENCES_P;2014;150000164;150780468;N2120;1;;0.44;;1
URGENCES_P;2014;150000164;150780468;N2500;6;;3;;
URGENCES_P;2014;150000164;150780468;NINF;12;2;13.57;;1
URGENCES_P;2014;160000253;160000451;M1140;7;;1;;
URGENCES_P;2014;160000253;160000451;M9999;32;2;19.53;1;1
URGENCES_P;2014;160000253;160000451;N1220;6;;5.15;;0
URGENCES_P;2014;160000253;160000451;N2120;4;;2.63;;0
URGENCES_P;2014;160000253;160000451;N2500;20;4;22.66;;
URGENCES_P;2014;160000253;160000451;N9999;83;14;86.66;;
URGENCES_P;2014;160000253;160000451;NINF;41;9;43.09;3;1
URGENCES_P;2014;160000303;160006037;M9999;9;;8.56;2;1
URGENCES_P;2014;160000303;160006037;N1220;;1;0.8;2;1
URGENCES_P;2014;160000303;160006037;N2120;1;;0.3;2;1
URGENCES_P;2014;160000303;160006037;N9999;10;3;11.2;;
URGENCES_P;2014;160000303;160006037;NINF;9;2;10.1;2;1
URGENCES_P;2014;160000311;160000485;M9999;7;;2.61;2;1
URGENCES_P;2014;160000311;160000485;N1220;3;;2.5;2;1
URGENCES_P;2014;160000311;160000485;N2500;3;;3;;
URGENCES_P;2014;160000311;160000485;NINF;7;;6.25;2;1
URGENCES_P;2014;160000337;160000493;M9999;12;;1.68;1;1
URGENCES_P;2014;160000337;160000493;N1220;3;;0.5;2;1
URGENCES_P;2014;160000337;160000493;N2120;2;;0.3;2;1
URGENCES_P;2014;160000337;160000493;N2500;10;;1.96;;
URGENCES_P;2014;160000337;160000493;N9999;16;7;6.21;;
URGENCES_P;2014;160000337;160000493;NINF;10;4;2.92;1;1
URGENCES_P;2014;160015368;160014411;M9999;5;22;6.85;1;1
URGENCES_P;2014;160015368;160014411;N1220;1;;1;;0
URGENCES_P;2014;160015368;160014411;N2120;;1;0.57;2;1
URGENCES_P;2014;160015368;160014411;N2500;9;4;9.58;;
URGENCES_P;2014;160015368;160014411;N9999;27;1;20.37;;
URGENCES_P;2014;160015368;160014411;NINF;8;6;9.22;;0
URGENCES_P;2014;170000038;170780050;M9999;4;;3.8;3;1
URGENCES_P;2014;170000038;170780050;N1220;;;;2;1
URGENCES_P;2014;170000038;170780050;N2120;1;;0.36;2;1
URGENCES_P;2014;170000038;170780050;N2500;6;1;7;;
URGENCES_P;2014;170000038;170780050;N2620;5;;5;;
URGENCES_P;2014;170000038;170780050;N9999;18;2;19.03;;
URGENCES_P;2014;170000038;170780050;NINF;6;1;6.24;2;1
URGENCES_P;2014;170000087;170023279;M9999;12;6;15.49;3;1
URGENCES_P;2014;170000087;170023279;N1220;2;1;2.48;;0
URGENCES_P;2014;170000087;170023279;N2120;2;2;2.52;;0
URGENCES_P;2014;170000087;170023279;N2500;33;7;35.17;;
URGENCES_P;2014;170000087;170023279;N2620;3;;3;;0
URGENCES_P;2014;170000087;170023279;N9999;66;22;78.37;;
URGENCES_P;2014;170000087;170023279;NINF;26;12;35.2;;0
URGENCES_P;2014;170000095;170780167;M9999;1;9;4.57;2;1
URGENCES_P;2014;170000095;170780167;N1220;1;1;1.42;2;1
URGENCES_P;2014;170000095;170780167;N2120;0;1;0.4;2;1
URGENCES_P;2014;170000095;170780167;N2500;3;3;5.4;;
URGENCES_P;2014;170000095;170780167;N2620;5;1;5.86;2;1
URGENCES_P;2014;170000095;170780167;N3120;0;1;0.06;;
URGENCES_P;2014;170000095;170780167;N9999;15;8;19.64;;
URGENCES_P;2014;170000095;170780167;NINF;6;1;6.5;2;1
URGENCES_P;2014;170000103;170780175;M1140;7;2;1;;0
URGENCES_P;2014;170000103;170780175;M9999;18;6;10.74;2;1
URGENCES_P;2014;170000103;170780175;N1220;5;1;1.18;2;1
URGENCES_P;2014;170000103;170780175;N2120;6;;1.25;2;1
URGENCES_P;2014;170000103;170780175;N2500;34;22;21;;
URGENCES_P;2014;170000103;170780175;N9999;95;58;55.41;;
URGENCES_P;2014;170000103;170780175;NINF;50;35;31.98;2;0
URGENCES_P;2014;170000152;170780225;M1140;1;;0.65;2;1
URGENCES_P;2014;170000152;170780225;M9999;9;1;9.06;2;1
URGENCES_P;2014;170000152;170780225;N1220;2;;2.13;;0
URGENCES_P;2014;170000152;170780225;N2120;2;;1.5;2;1
URGENCES_P;2014;170000152;170780225;N2500;25;;18.55;;
URGENCES_P;2014;170000152;170780225;N9999;55;5;53.95;;
URGENCES_P;2014;170000152;170780225;NINF;21;5;27.52;2;1
URGENCES_P;2014;170022065;170022057;M9999;5;5;8.35;;
URGENCES_P;2014;170022065;170022057;N1220;3;0;2.46;;
URGENCES_P;2014;170022065;170022057;N2120;1;;1;;
URGENCES_P;2014;170022065;170022057;N2500;15;1;14.97;;
URGENCES_P;2014;170022065;170022057;N9999;40;8;47.87;;
URGENCES_P;2014;170022065;170022057;NINF;14;6;21.2;;
URGENCES_P;2014;170022818;170022057;M9999;1;4;2.7;;
URGENCES_P;2014;170022818;170022057;N1220;3;;1;;
URGENCES_P;2014;170022818;170022057;N2120;1;;0.3;;
URGENCES_P;2014;170022818;170022057;N2500;0;4;0.4;;
URGENCES_P;2014;170022818;170022057;NINF;2;1;2.78;;
URGENCES_P;2014;170022826;170022057;M9999;2;;2;;
URGENCES_P;2014;170022826;170022057;N1220;2;;2;;
URGENCES_P;2014;170022826;170022057;N2120;1;;1;;
URGENCES_P;2014;170022826;170022057;N2500;3;;3;;
URGENCES_P;2014;170022826;170022057;N2620;1;;0.5;;
URGENCES_P;2014;170022826;170022057;N9999;14;;12.5;;
URGENCES_P;2014;170022826;170022057;NINF;7;;6;;
URGENCES_P;2014;180000010;180000028;M9999;11;2;12.32;3;1
URGENCES_P;2014;180000010;180000028;N1220;1;2;2.8;;0
URGENCES_P;2014;180000010;180000028;N2120;;1;0.9;;0
URGENCES_P;2014;180000010;180000028;N2500;10;2;11.25;;
URGENCES_P;2014;180000010;180000028;N9999;49;13;58.25;;
URGENCES_P;2014;180000010;180000028;NINF;37;9;43.3;;0
URGENCES_P;2014;180000200;180000051;M9999;8;2;9.32;;1
URGENCES_P;2014;180000200;180000051;N1220;2;;2.18;;1
URGENCES_P;2014;180000200;180000051;N2120;1;;0.8;;1
URGENCES_P;2014;180000200;180000051;N2500;9;1;9.89;;
URGENCES_P;2014;180000200;180000051;N9999;34;5;39.27;;
URGENCES_P;2014;180000200;180000051;NINF;15;4;19.67;;1
URGENCES_P;2014;180000283;180000069;M1140;2;;0.29;;0
URGENCES_P;2014;180000283;180000069;M9999;8;2;3.28;1;1
URGENCES_P;2014;180000283;180000069;N1220;1;;0.95;2;1
URGENCES_P;2014;180000283;180000069;N2500;7;3;7.75;;
URGENCES_P;2014;180000283;180000069;N2620;3;;3.05;;0
URGENCES_P;2014;180000283;180000069;N9999;21;6;23.43;;
URGENCES_P;2014;180000283;180000069;NINF;10;3;11.67;2;1
URGENCES_P;2014;190000018;190000042;M9999;12;4;6.26;2;1
URGENCES_P;2014;190000018;190000042;N1220;5;;5;;0
URGENCES_P;2014;190000018;190000042;N2120;1;;0.8;2;1
URGENCES_P;2014;190000018;190000042;N2500;18;;18;;
URGENCES_P;2014;190000018;190000042;N2620;2;;1.5;;0
URGENCES_P;2014;190000018;190000042;N3120;1;;0.26;;
URGENCES_P;2014;190000018;190000042;N9999;53;1;53.82;;
URGENCES_P;2014;190000018;190000042;NINF;28;1;28.29;2;1
URGENCES_P;2014;190000026;190000059;M9999;12;;5;3;1
URGENCES_P;2014;190000026;190000059;N1220;;2;1.4;3;1
URGENCES_P;2014;190000026;190000059;N2120;1;;1;;0
URGENCES_P;2014;190000026;190000059;N2500;11;2;13.89;;
URGENCES_P;2014;190000026;190000059;N9999;36;5;40.57;;
URGENCES_P;2014;190000026;190000059;NINF;17;3;18.55;;0
URGENCES_P;2014;190000091;190000075;M9999;4;;4;3;1
URGENCES_P;2014;190000091;190000075;N1220;1;1;1.8;3;1
URGENCES_P;2014;190000091;190000075;N2120;1;;1;3;1
URGENCES_P;2014;190000091;190000075;N2500;11;;11;;
URGENCES_P;2014;190000091;190000075;NINF;12;0;12;3;1
URGENCES_P;2014;210780136;210000030;M9999;6;;6;;
URGENCES_P;2014;210780136;210000030;N1220;;3;2.31;;
URGENCES_P;2014;210780136;210000030;N2120;;1;0.33;;
URGENCES_P;2014;210780136;210000030;N2500;2;1;2.33;;
URGENCES_P;2014;210780136;210000030;N3120;;1;0.39;;
URGENCES_P;2014;210780136;210000030;NINF;8;2;9;;
URGENCES_P;2014;210987558;210780581;M1140;;2;1;;0
URGENCES_P;2014;210987558;210780581;M9999;14;5;17.37;2;1
URGENCES_P;2014;210987558;210780581;N1220;6;;4.08;;0
URGENCES_P;2014;210987558;210780581;N2120;3;;3;;0
URGENCES_P;2014;210987558;210780581;N2500;23;2;23.14;;
URGENCES_P;2014;210987558;210780581;N3120;2;;1.2;;
URGENCES_P;2014;210987558;210780581;N9999;126;13;111.43;;
URGENCES_P;2014;210987558;210780581;NINF;68;9;65.45;;0
URGENCES_P;2014;210987657;210780714;M9999;8;2;7.6;3;1
URGENCES_P;2014;210987657;210780714;N1220;2;1;2.8;3;1
URGENCES_P;2014;210987657;210780714;N2120;1;;1;3;1
URGENCES_P;2014;210987657;210780714;N2500;5;1;6;;
URGENCES_P;2014;210987657;210780714;NINF;21;5;23.77;3;1
URGENCES_P;2014;210987665;210010070;M9999;4;1;4.6;2;1
URGENCES_P;2014;210987673;210010070;M9999;3;1;3.2;2;1
URGENCES_P;2014;210987699;210780706;M9999;6;2;8.13;3;1
URGENCES_P;2014;210987699;210780706;N1220;5;0;4.26;;0
URGENCES_P;2014;210987699;210780706;N2120;1;0;0.88;3;1
URGENCES_P;2014;210987699;210780706;N2500;4;1;4.81;;
URGENCES_P;2014;210987699;210780706;NINF;15;5;17.45;3;1
URGENCES_P;2014;220000012;220000020;M1140;4;1;4.81;;0
URGENCES_P;2014;220000012;220000020;M9999;15;7;19.52;;0
URGENCES_P;2014;220000012;220000020;N1220;3;1;2.02;;0
URGENCES_P;2014;220000012;220000020;N2120;3;;2.57;2;1
URGENCES_P;2014;220000012;220000020;N2500;29;15;41.77;;
URGENCES_P;2014;220000012;220000020;N9999;61;48;100.08;;
URGENCES_P;2014;220000012;220000020;NINF;29;32;49.24;;0
URGENCES_P;2014;220000095;220000046;M9999;8;4;10.73;3;1
URGENCES_P;2014;220000095;220000046;N1220;3;0;2.11;;
URGENCES_P;2014;220000095;220000046;N2120;1;0;0.82;;
URGENCES_P;2014;220000095;220000046;N2500;27;0;28.76;;
URGENCES_P;2014;220000095;220000046;N9999;55;7;61.26;;
URGENCES_P;2014;220000095;220000046;NINF;22;6;26.39;;
URGENCES_P;2014;220000343;220000079;M9999;4;3;7;2;1
URGENCES_P;2014;220000343;220000079;N1220;2;1;2.4;;1
URGENCES_P;2014;220000343;220000079;N2120;1;;1;2;1
URGENCES_P;2014;220000343;220000079;N2500;12;3;14.6;;
URGENCES_P;2014;220000343;220000079;N3120;1;;0.1;;
URGENCES_P;2014;220000343;220000079;NINF;10;10;16.1;2;1
URGENCES_P;2014;220000368;220000103;M9999;7;2;5;;
URGENCES_P;2014;220000368;220000103;N1220;5;1;5.62;;
URGENCES_P;2014;220000368;220000103;N2120;2;;0.72;;
URGENCES_P;2014;220000368;220000103;N2500;14;3;11.31;;
URGENCES_P;2014;220000368;220000103;N9999;37;12;35.52;;
URGENCES_P;2014;220000368;220000103;NINF;16;8;17.86;;
URGENCES_P;2014;220000541;220000152;M9999;7;;4.29;2;1
URGENCES_P;2014;220000541;220000152;N1220;4;3;5.54;2;1
URGENCES_P;2014;220000541;220000152;N2120;2;;0.51;2;1
URGENCES_P;2014;220000541;220000152;N2500;6;2;7.46;;
URGENCES_P;2014;220000541;220000152;N9999;23;7;22.28;;
URGENCES_P;2014;220000541;220000152;NINF;11;2;8.77;2;1
URGENCES_P;2014;230000820;230780041;M9999;14;2;3.05;1;1
URGENCES_P;2014;230000820;230780041;N1220;3;;3;;
URGENCES_P;2014;230000820;230780041;N2120;;2;0.73;;
URGENCES_P;2014;230000820;230780041;N2500;11;;11.08;;
URGENCES_P;2014;230000820;230780041;N9999;29;3;29.62;;
URGENCES_P;2014;230000820;230780041;NINF;15;1;14.81;;
URGENCES_P;2014;230004657;230780058;M9999;2;5;4.7;;
URGENCES_P;2014;230004657;230780058;N2120;;1;0.25;;
URGENCES_P;2014;230004657;230780058;N2500;3;;3;;
URGENCES_P;2014;230004657;230780058;N9999;9;1;9.25;;
URGENCES_P;2014;230004657;230780058;NINF;6;;6;;
URGENCES_P;2014;240000190;240000596;M9999;5;;4.2;;
URGENCES_P;2014;240000190;240000596;N1220;2;;2;;
URGENCES_P;2014;240000190;240000596;N2120;1;;1;;
URGENCES_P;2014;240000190;240000596;N2500;3;;2.8;;
URGENCES_P;2014;240000190;240000596;N3120;1;;0.8;;
URGENCES_P;2014;240000190;240000596;N9999;12;;11.6;;
URGENCES_P;2014;240000190;240000596;NINF;5;;5;;
URGENCES_P;2014;240000372;240000059;M9999;4;2;6.53;1;1
URGENCES_P;2014;240000372;240000059;N1220;2;;2;2;1
URGENCES_P;2014;240000372;240000059;N2120;1;;0.42;2;1
URGENCES_P;2014;240000372;240000059;N2500;8;;8.96;;
URGENCES_P;2014;240000372;240000059;N3120;1;;0.27;;
URGENCES_P;2014;240000372;240000059;N9999;35;2;35.59;;
URGENCES_P;2014;240000372;240000059;NINF;16;2;18.68;2;1
URGENCES_P;2014;240000489;240000117;M9999;10;3;11.58;1;1
URGENCES_P;2014;240000489;240000117;N1220;3;0;2.8;;0
URGENCES_P;2014;240000489;240000117;N2120;1;0;1;;0
URGENCES_P;2014;240000489;240000117;N2500;21;0;21;;
URGENCES_P;2014;240000489;240000117;N9999;67;0;65.12;;
URGENCES_P;2014;240000489;240000117;NINF;36;0;35.19;;0
URGENCES_P;2014;240000687;240000448;M9999;;5;3.65;2;1
URGENCES_P;2014;240000687;240000448;N1220;1;1;1.54;2;1
URGENCES_P;2014;240000687;240000448;N2120;;1;0.63;2;1
URGENCES_P;2014;240000687;240000448;N2500;;12;6.22;;
URGENCES_P;2014;240000687;240000448;N3120;1;;1;;
URGENCES_P;2014;240000687;240000448;N9999;2;36;23.44;;
URGENCES_P;2014;240000687;240000448;NINF;;22;13.8;2;1
URGENCES_P;2014;250000114;900000365;M1140;;;;3;
URGENCES_P;2014;250000114;900000365;M9999;7;2;7.94;;1
URGENCES_P;2014;250000114;900000365;N1220;5;10;10.7;3;
URGENCES_P;2014;250000114;900000365;N2120;2;0;2;;
URGENCES_P;2014;250000114;900000365;N2500;4;2;5.38;;
URGENCES_P;2014;250000114;900000365;N2620;;;;3;
URGENCES_P;2014;250000114;900000365;N9999;38;34;54.61;;
URGENCES_P;2014;250000114;900000365;NINF;18;17;28.99;3;
URGENCES_P;2014;250000700;250000452;M9999;;11;7.19;3;1
URGENCES_P;2014;250000700;250000452;N1220;;7;4.6;;
URGENCES_P;2014;250000700;250000452;N2120;;2;1;;
URGENCES_P;2014;250000700;250000452;N2500;;10;8.25;;
URGENCES_P;2014;250000700;250000452;NINF;;26;14.12;;
URGENCES_P;2014;250006954;250000015;M1140;0;24;5;;
URGENCES_P;2014;250006954;250000015;M3020;;6;2.35;;
URGENCES_P;2014;250006954;250000015;M9999;0;119;29;3;1
URGENCES_P;2014;250006954;250000015;N1220;5;7;8.8;;0
URGENCES_P;2014;250006954;250000015;N2120;4;;4;;0
URGENCES_P;2014;250006954;250000015;N2500;23;12;30.47;;
URGENCES_P;2014;250006954;250000015;N9999;79;79;127.92;;
URGENCES_P;2014;250006954;250000015;NINF;35;52;68.71;3;1
URGENCES_P;2014;260000013;260000021;M9999;20;6;17.27;1;1
URGENCES_P;2014;260000013;260000021;N1220;;3;2.4;;0
URGENCES_P;2014;260000013;260000021;N2120;1;1;1.27;2;1
URGENCES_P;2014;260000013;260000021;N2500;17;8;21.55;;
URGENCES_P;2014;260000013;260000021;N3120;2;;0.26;;
URGENCES_P;2014;260000013;260000021;N9999;57;35;66.52;;
URGENCES_P;2014;260000013;260000021;NINF;33;22;35.84;1;1
URGENCES_P;2014;260000120;260016910;M9999;14;7;6.65;1;1
URGENCES_P;2014;260000120;260016910;N1220;6;1;7.06;;0
URGENCES_P;2014;260000120;260016910;N2120;1;;1;2;1
URGENCES_P;2014;260000120;260016910;N2500;5;1;5.78;;
URGENCES_P;2014;260000120;260016910;N3120;;1;0.4;;
URGENCES_P;2014;260000120;260016910;N9999;38;12;48.17;;
URGENCES_P;2014;260000120;260016910;NINF;18;8;25.67;2;1
URGENCES_P;2014;260000138;260000047;M9999;;20;10.26;1;1
URGENCES_P;2014;260000138;260000047;N1220;2;;2;;0
URGENCES_P;2014;260000138;260000047;N2120;2;;2;2;1
URGENCES_P;2014;260000138;260000047;N2500;18;2;18.29;;
URGENCES_P;2014;260000138;260000047;N2620;5;;5;;0
URGENCES_P;2014;260000138;260000047;N9999;47;8;49.41;;
URGENCES_P;2014;260000138;260000047;NINF;21;6;22.12;1;1
URGENCES_P;2014;260000146;260000054;M9999;3;2;4.43;;0
URGENCES_P;2014;260000146;260000054;N2120;1;;0.4;;
URGENCES_P;2014;260000146;260000054;N2500;4;2;4.96;;
URGENCES_P;2014;260000146;260000054;NINF;3;6;6.92;;1
URGENCES_P;2014;260000203;260016910;M9999;12;5;4.28;1;1
URGENCES_P;2014;260000203;260016910;N1220;;3;1.88;;0
URGENCES_P;2014;260000203;260016910;N2120;1;;1;2;1
URGENCES_P;2014;260000203;260016910;N2500;5;2;6.4;;
URGENCES_P;2014;260000203;260016910;N3120;;1;0.1;;
URGENCES_P;2014;260000203;260016910;N9999;17;8;21.99;;
URGENCES_P;2014;260000203;260016910;NINF;9;1;9.74;;0
URGENCES_P;2014;260000286;260000104;M9999;3;2;4.68;;
URGENCES_P;2014;260000286;260000104;N1220;1;;0.5;;
URGENCES_P;2014;260000286;260000104;N2120;1;;0.4;;
URGENCES_P;2014;260000286;260000104;N2500;1;3;3.57;;
URGENCES_P;2014;260000286;260000104;NINF;5;3;6.91;;
URGENCES_P;2014;270000045;270000060;M9999;4;2;3.32;2;
URGENCES_P;2014;270000045;270000060;N1220;1;;1;;0
URGENCES_P;2014;270000045;270000060;N2120;1;;1;2;1
URGENCES_P;2014;270000045;270000060;N2500;9;;8.59;;
URGENCES_P;2014;270000045;270000060;NINF;3;2;5.37;2;1
URGENCES_P;2014;270000326;270000680;M9999;5;2;5.5;;
URGENCES_P;2014;270000326;270000680;N1220;3;1;2.3;;
URGENCES_P;2014;270000326;270000680;N2120;1;;0.1;;
URGENCES_P;2014;270000326;270000680;N2500;1;;1;;
URGENCES_P;2014;270000326;270000680;NINF;8;2;9;;
URGENCES_P;2014;270000359;270023724;M1140;7;3;3.55;;
URGENCES_P;2014;270000359;270023724;M9999;12;;10.53;;0
URGENCES_P;2014;270000359;270023724;N1220;2;1;2.43;;
URGENCES_P;2014;270000359;270023724;N2120;;1;0.6;;
URGENCES_P;2014;270000359;270023724;N2500;21;2;21.93;;
URGENCES_P;2014;270000359;270023724;N9999;56;27;71.03;;
URGENCES_P;2014;270000359;270023724;NINF;24;21;36.49;;
URGENCES_P;2014;270000367;270000086;M9999;;14;4.89;;
URGENCES_P;2014;270000367;270000086;N1220;;4;1.61;2;1
URGENCES_P;2014;270000367;270000086;N2120;;1;0.4;2;1
URGENCES_P;2014;270000367;270000086;N2500;;10;5.78;;
URGENCES_P;2014;270000367;270000086;N9999;;30;14.78;;
URGENCES_P;2014;270000367;270000086;NINF;;14;6.96;2;1
URGENCES_P;2014;270000391;760024042;M9999;6;1;4.5;3;1
URGENCES_P;2014;270000391;760024042;N2500;7;2;6.97;;
URGENCES_P;2014;270000391;760024042;N9999;18;3;15.51;;
URGENCES_P;2014;270000391;760024042;NINF;11;1;8.54;;
URGENCES_P;2014;270000425;270000102;M9999;1;;1;;
URGENCES_P;2014;270000441;270000110;M1140;;;;2;
URGENCES_P;2014;270000441;270000110;M9999;3;6;4.27;2;1
URGENCES_P;2014;270000441;270000110;N1220;1;;1;2;1
URGENCES_P;2014;270000441;270000110;N2120;1;0;1;2;1
URGENCES_P;2014;270000441;270000110;N2500;9;;9;;
URGENCES_P;2014;270000441;270000110;NINF;12;;12.13;2;1
URGENCES_P;2014;270000458;270023724;M9999;4;9;8.71;3;1
URGENCES_P;2014;270000458;270023724;N1220;3;;3.67;;
URGENCES_P;2014;270000458;270023724;N2120;;1;0.8;;
URGENCES_P;2014;270000458;270023724;N2500;18;1;19.14;;
URGENCES_P;2014;270000458;270023724;N9999;40;10;48.08;;
URGENCES_P;2014;270000458;270023724;NINF;16;8;21.47;;
URGENCES_P;2014;280000084;280000183;M1140;2;;1.28;;0
URGENCES_P;2014;280000084;280000183;M9999;10;8;13.44;1;1
URGENCES_P;2014;280000084;280000183;N1220;3;;3.13;;0
URGENCES_P;2014;280000084;280000183;N2120;;1;0.26;;0
URGENCES_P;2014;280000084;280000183;N2500;22;1;21.89;;
URGENCES_P;2014;280000084;280000183;N9999;78;12;81.18;;
URGENCES_P;2014;280000084;280000183;NINF;38;9;41.54;;0
URGENCES_P;2014;280000662;280500075;M9999;12;1;15.87;3;1
URGENCES_P;2014;280000662;280500075;N1220;1;2;2.6;3;1
URGENCES_P;2014;280000662;280500075;N2120;;;0.58;3;1
URGENCES_P;2014;280000662;280500075;N2500;9;1;9.01;;
URGENCES_P;2014;280000662;280500075;N9999;28;5;31.02;;
URGENCES_P;2014;280000662;280500075;NINF;16;2;16.82;3;1
URGENCES_P;2014;280502998;280000589;M9999;9;1;8.41;1;1
URGENCES_P;2014;280502998;280000589;N1220;1;1;1.89;2;1
URGENCES_P;2014;280502998;280000589;N2120;1;;1;2;1
URGENCES_P;2014;280502998;280000589;N2500;12;3;10.38;;
URGENCES_P;2014;280502998;280000589;N9999;25;9;26.33;;
URGENCES_P;2014;280502998;280000589;NINF;11;5;13.06;1;1
URGENCES_P;2014;280504267;280000134;M1140;8;1;3.5;;
URGENCES_P;2014;280504267;280000134;M3020;1;3;2.9;;
URGENCES_P;2014;280504267;280000134;M9999;34;9;24.6;3;1
URGENCES_P;2014;280504267;280000134;N1220;5;1;5.3;;1
URGENCES_P;2014;280504267;280000134;N2120;6;;3.12;;1
URGENCES_P;2014;280504267;280000134;N2500;30;4;29.76;;
URGENCES_P;2014;280504267;280000134;N2620;16;2;15.18;;1
URGENCES_P;2014;280504267;280000134;N3120;;1;0.54;;
URGENCES_P;2014;280504267;280000134;NINF;52;17;54.86;;1
URGENCES_P;2014;280505777;280001199;M9999;;5;5;;
URGENCES_P;2014;280505777;280001199;N1220;2;1;2.15;;
URGENCES_P;2014;280505777;280001199;N2120;;1;0.25;;
URGENCES_P;2014;280505777;280001199;N2500;4;3;6.67;;
URGENCES_P;2014;280505777;280001199;N2620;1;;1;;
URGENCES_P;2014;280505777;280001199;N3120;;1;0.15;;
URGENCES_P;2014;280505777;280001199;NINF;6;2;7.85;;
URGENCES_P;2014;290000025;290020700;M1140;7;5;4.38;;0
URGENCES_P;2014;290000025;290020700;M3020;5;0;1.42;;
URGENCES_P;2014;290000025;290020700;M9999;30;21;19.87;1;1
URGENCES_P;2014;290000025;290020700;N1220;24;7;5.62;;0
URGENCES_P;2014;290000025;290020700;N2120;3;0;1.65;;0
URGENCES_P;2014;290000025;290020700;N2500;20;14;23.3;;
URGENCES_P;2014;290000025;290020700;N9999;101;57;81.97;;
URGENCES_P;2014;290000025;290020700;NINF;50;34;49.62;;0
URGENCES_P;2014;290000033;290021542;M9999;11;5;7.13;1;1
URGENCES_P;2014;290000033;290021542;N1220;6;0;5.16;;
URGENCES_P;2014;290000033;290021542;N2120;2;0;2;;
URGENCES_P;2014;290000033;290021542;N2500;14;5;17.47;;
URGENCES_P;2014;290000033;290021542;N9999;54;9;54.44;;
URGENCES_P;2014;290000033;290021542;NINF;28;4;26.33;;
URGENCES_P;2014;290000058;290000017;M1140;;3;1.9;;0
URGENCES_P;2014;290000058;290000017;M9999;1;5;3.6;;0
URGENCES_P;2014;290000058;290000017;N1220;2;2;3.55;;
URGENCES_P;2014;290000058;290000017;N2120;1;;1;;
URGENCES_P;2014;290000058;290000017;N2500;7;4;10.2;;
URGENCES_P;2014;290000058;290000017;N3120;;2;0.5;;
URGENCES_P;2014;290000058;290000017;N9999;24;17;36.25;;
URGENCES_P;2014;290000058;290000017;NINF;11;9;18;;
URGENCES_P;2014;290000066;290020700;M9999;18;16;1.82;1;1
URGENCES_P;2014;290000066;290020700;N2500;2;1;2.89;;
URGENCES_P;2014;290000066;290020700;N9999;6;3;9.4;;
URGENCES_P;2014;290000066;290020700;NINF;4;2;6.51;;0
URGENCES_P;2014;290000173;290000041;M9999;5;1;4.96;;
URGENCES_P;2014;290000173;290000041;N1220;2;;1.49;;
URGENCES_P;2014;290000173;290000041;N2120;1;;1;;
URGENCES_P;2014;290000173;290000041;N2500;6;2;8;;
URGENCES_P;2014;290000173;290000041;N9999;15;7;22.73;;
URGENCES_P;2014;290000173;290000041;NINF;5;5;11.53;;
URGENCES_P;2014;290000181;290000074;M9999;5;;5.13;;0
URGENCES_P;2014;290000181;290000074;N1220;3;1;3.11;;0
URGENCES_P;2014;290000181;290000074;N2120;1;;1.03;;0
URGENCES_P;2014;290000181;290000074;N2500;5;4;7.37;;
URGENCES_P;2014;290000181;290000074;N3120;1;;1;;
URGENCES_P;2014;290000181;290000074;N9999;22;6;26.83;;
URGENCES_P;2014;290000181;290000074;NINF;11;1;12.63;;0
URGENCES_P;2014;290000256;290000017;M1140;;;;2;1
URGENCES_P;2014;290000256;290000017;M9999;21;;5.77;2;1
URGENCES_P;2014;290000256;290000017;N1220;2;1;2.46;;
URGENCES_P;2014;290000256;290000017;N2120;;1;0.8;;
URGENCES_P;2014;290000256;290000017;N2500;10;;10;;
URGENCES_P;2014;290000256;290000017;N9999;24;3;26.06;;
URGENCES_P;2014;290000256;290000017;NINF;12;1;12.8;;
URGENCES_P;2014;290000728;750821092;M9999;5;3;4.77;;
URGENCES_P;2014;290000728;750821092;N1220;1;;1.45;;
URGENCES_P;2014;290000728;750821092;N2120;1;;1;;
URGENCES_P;2014;290000728;750821092;N2500;15;3;15.8;;
URGENCES_P;2014;290000728;750821092;N9999;44;5;45.21;;
URGENCES_P;2014;290000728;750821092;NINF;24;2;23.99;;
URGENCES_P;2014;290000785;220020739;M1140;;;;1;1
URGENCES_P;2014;290000785;220020739;M9999;9;;8.5;1;1
URGENCES_P;2014;290000785;220020739;N1220;2;2;2.55;2;1
URGENCES_P;2014;290000785;220020739;N2120;1;;1;2;1
URGENCES_P;2014;290000785;220020739;N2500;10;0;10.18;;
URGENCES_P;2014;290000785;220020739;N2620;;;;1;1
URGENCES_P;2014;290000785;220020739;N9999;24;7;28.4;;
URGENCES_P;2014;290000785;220020739;NINF;11;5;14.67;1;1
URGENCES_P;2014;290000934;290000306;M9999;12;3;6.64;2;1
URGENCES_P;2014;290000934;290000306;N1220;2;1;2.34;2;1
URGENCES_P;2014;290000934;290000306;N2120;1;;1;2;1
URGENCES_P;2014;290000934;290000306;N2500;8;3;9.97;;
URGENCES_P;2014;290000934;290000306;N3120;;1;0.1;;
URGENCES_P;2014;290000934;290000306;N9999;22;12;28.39;;
URGENCES_P;2014;290000934;290000306;NINF;11;7;14.98;3;1
URGENCES_P;2014;290004324;290000017;M9999;32;5;17.3;;0
URGENCES_P;2014;290004324;290000017;N1220;6;9;9.3;;0
URGENCES_P;2014;290004324;290000017;N2120;3;2;3.9;;0
URGENCES_P;2014;290004324;290000017;N2500;24;15;35.75;;
URGENCES_P;2014;290004324;290000017;N3120;;3;0.6;;
URGENCES_P;2014;290004324;290000017;N9999;86;43;112.8;;
URGENCES_P;2014;290004324;290000017;NINF;43;13;52.75;;0
URGENCES_P;2014;290019777;290022508;M9999;6;;6;;
URGENCES_P;2014;290019777;290022508;N1220;2;2;2.33;;
URGENCES_P;2014;290019777;290022508;N2120;1;;1;;
URGENCES_P;2014;290019777;290022508;N2500;;7;5.04;;
URGENCES_P;2014;290019777;290022508;N2620;;2;0.6;;
URGENCES_P;2014;290019777;290022508;NINF;;19;14.48;;
URGENCES_P;2014;2A0000022;2A0000014;M9999;11;3;14.28;;
URGENCES_P;2014;2A0000022;2A0000014;N1220;3;;2.75;;
URGENCES_P;2014;2A0000022;2A0000014;N2120;1;0;1;;
URGENCES_P;2014;2A0000022;2A0000014;N2500;22;0;18.99;;
URGENCES_P;2014;2A0000022;2A0000014;N9999;84;1;78.64;;
URGENCES_P;2014;2A0000022;2A0000014;NINF;35;1;33.36;;
URGENCES_P;2014;2A0000154;2A0000204;M9999;6;1;1.5;;
URGENCES_P;2014;2B0000012;2B0000020;M9999;36;17;45.26;3;1
URGENCES_P;2014;2B0000012;2B0000020;N1220;6;2;6.14;;0
URGENCES_P;2014;2B0000012;2B0000020;N2120;2;0;2.54;;0
URGENCES_P;2014;2B0000012;2B0000020;N2500;18;0;16.96;;
URGENCES_P;2014;2B0000012;2B0000020;N3120;1;0;0.5;;
URGENCES_P;2014;2B0000012;2B0000020;N9999;91;6;89.37;;
URGENCES_P;2014;2B0000012;2B0000020;NINF;48;4;48.27;3;1
URGENCES_P;2014;2B0005359;2B0005342;M9999;4;2;4.9;;
URGENCES_P;2014;2B0005359;2B0005342;N1220;2;;1.7;;
URGENCES_P;2014;2B0005359;2B0005342;N2500;6;1;6.5;;
URGENCES_P;2014;2B0005359;2B0005342;N9999;20;4;20.77;;
URGENCES_P;2014;2B0005359;2B0005342;NINF;8;2;8.93;;
URGENCES_P;2014;300000023;300780046;M9999;10;4;11.61;3;1
URGENCES_P;2014;300000023;300780046;N1220;1;0;1.26;;
URGENCES_P;2014;300000023;300780046;N2120;;1;0.66;;
URGENCES_P;2014;300000023;300780046;N2500;26;2;20.47;;
URGENCES_P;2014;300000023;300780046;NINF;36;7;25.8;;
URGENCES_P;2014;300000031;300780053;M9999;5;7;4.03;;0
URGENCES_P;2014;300000031;300780053;N1220;2;1;2.17;2;1
URGENCES_P;2014;300000031;300780053;N2120;1;0;0.6;2;1
URGENCES_P;2014;300000031;300780053;N2500;13;4;15.63;;
URGENCES_P;2014;300000031;300780053;NINF;21;12;17.97;2;1
URGENCES_P;2014;300780137;920028396;M9999;6;5;5.33;;
URGENCES_P;2014;300780137;920028396;N1220;3;;2.38;;
URGENCES_P;2014;300780137;920028396;N2120;1;;0.5;;
URGENCES_P;2014;300780137;920028396;N2500;2;;2;;
URGENCES_P;2014;300780137;920028396;NINF;5;;5.38;;
URGENCES_P;2014;300782117;300780038;M1140;;1;0.5;;0
URGENCES_P;2014;300782117;300780038;M9999;1;;1;3;1
URGENCES_P;2014;300782117;300780038;N2120;7;;5.63;;
URGENCES_P;2014;300782117;300780038;N2500;43;2;45.11;;
URGENCES_P;2014;300782117;300780038;N9999;111;9;116.23;;
URGENCES_P;2014;300782117;300780038;NINF;50;5;52.68;;
URGENCES_P;2014;300788502;300788486;M9999;2;8;6.51;;
URGENCES_P;2014;300788502;300788486;N1220;4;0;3.98;;
URGENCES_P;2014;300788502;300788486;N2120;1;0;0.6;;
URGENCES_P;2014;300788502;300788486;N2500;4;1;4.4;;
URGENCES_P;2014;300788502;300788486;NINF;5;5;8;;
URGENCES_P;2014;310000310;310780671;M9999;10;3;10.88;1;1
URGENCES_P;2014;310000310;310780671;N1220;2;;2;2;
URGENCES_P;2014;310000310;310780671;N2120;1;;1;2;
URGENCES_P;2014;310000310;310780671;N2500;12;1;12.86;;
URGENCES_P;2014;310000310;310780671;N2620;;;;1;
URGENCES_P;2014;310000310;310780671;NINF;16;4;19.43;1;
URGENCES_P;2014;310016977;310781406;M1140;4;;5.5;;0
URGENCES_P;2014;310016977;310781406;M9999;10;2;9.45;;0
URGENCES_P;2014;310016977;310781406;N2120;2;;2;;0
URGENCES_P;2014;310016977;310781406;N2500;30;;29.54;;
URGENCES_P;2014;310016977;310781406;N2620;;;8.05;;
URGENCES_P;2014;310016977;310781406;N9999;67;9;71.28;;
URGENCES_P;2014;310016977;310781406;NINF;34;7;38.48;;0
URGENCES_P;2014;310780101;310000039;N1220;2;;2;;
URGENCES_P;2014;310780101;310000039;N2120;1;;1;;
URGENCES_P;2014;310780101;310000039;N2500;4;1;4.1;;
URGENCES_P;2014;310780101;310000039;N9999;11;1;10.54;;
URGENCES_P;2014;310780101;310000039;NINF;5;1;5.44;;
URGENCES_P;2014;310780283;310000112;M3020;1;;1;;
URGENCES_P;2014;310780283;310000112;M9999;5;;5;;
URGENCES_P;2014;310780283;310000112;N1220;8;;5;;
URGENCES_P;2014;310780283;310000112;N2120;1;;1;;
URGENCES_P;2014;310780283;310000112;N2500;15;;8.92;;
URGENCES_P;2014;310780283;310000112;N2620;2;;2;;
URGENCES_P;2014;310780283;310000112;NINF;23;;16;;
URGENCES_P;2014;310780382;310000179;M9999;4;;4;;
URGENCES_P;2014;310780382;310000179;N1220;2;;2;;
URGENCES_P;2014;310780382;310000179;N2120;;1;0.5;;
URGENCES_P;2014;310780382;310000179;N2500;2;;2;;
URGENCES_P;2014;310780382;310000179;N9999;6;4;4.82;;
URGENCES_P;2014;310780382;310000179;NINF;2;3;4.32;;
URGENCES_P;2014;310781000;310788880;M9999;3;;3;;0
URGENCES_P;2014;310781000;310788880;N2120;1;;1;;
URGENCES_P;2014;310781000;310788880;N2500;3;0;4.04;;
URGENCES_P;2014;310781000;310788880;N2620;1;2;1.44;;
URGENCES_P;2014;310781000;310788880;NINF;15;2;15.14;;
URGENCES_P;2014;310781067;310788898;M9999;2;6;6.67;;
URGENCES_P;2014;310781067;310788898;N1220;5;;4.31;;
URGENCES_P;2014;310781067;310788898;N2120;1;;0.35;;
URGENCES_P;2014;310781067;310788898;N2500;16;6;7.32;;
URGENCES_P;2014;310781067;310788898;NINF;17;5;12.07;;
URGENCES_P;2014;310781505;310000492;M9999;6;;;;
URGENCES_P;2014;310781505;310000492;N1220;3;;3;;
URGENCES_P;2014;310781505;310000492;N2120;;1;0.33;;
URGENCES_P;2014;310781505;310000492;N2500;4;;4;;
URGENCES_P;2014;310781505;310000492;NINF;9;1;9.42;;
URGENCES_P;2014;310783048;310781406;M9999;43;9;27.04;3;1
URGENCES_P;2014;310783048;310781406;N1220;8;;6.6;;0
URGENCES_P;2014;310783048;310781406;N2120;3;;3;;0
URGENCES_P;2014;310783048;310781406;N2500;56;5;49.5;;
URGENCES_P;2014;310783048;310781406;N2620;11;1;10.5;;
URGENCES_P;2014;310783048;310781406;N3120;1;2;2.6;;
URGENCES_P;2014;310783048;310781406;NINF;80;8;70;1;1
URGENCES_P;2014;310783055;310781406;M9999;15;3;16.2;;
URGENCES_P;2014;310783055;310781406;N1220;3;2;4;;
URGENCES_P;2014;310783055;310781406;N2120;2;;2;;
URGENCES_P;2014;310783055;310781406;N2500;41;5;43;;
URGENCES_P;2014;310783055;310781406;N2620;0;0;6.2;;
URGENCES_P;2014;310783055;310781406;N3120;1;;1;;
URGENCES_P;2014;310783055;310781406;N9999;119;15;126.23;;
URGENCES_P;2014;310783055;310781406;NINF;57;6;59.9;;
URGENCES_P;2014;320000086;320780117;M9999;14;7;6.12;1;1
URGENCES_P;2014;320000086;320780117;N1220;2;1;3.2;;
URGENCES_P;2014;320000086;320780117;N2120;1;;0.33;3;1
URGENCES_P;2014;320000086;320780117;N2500;18;3;15;;
URGENCES_P;2014;320000086;320780117;N3120;0;0;0.05;;
URGENCES_P;2014;320000086;320780117;NINF;21;3;18;1;1
URGENCES_P;2014;320000102;320780133;M9999;2;1;2.5;;
URGENCES_P;2014;320000102;320780133;N2120;;1;0.5;2;1
URGENCES_P;2014;320000102;320780133;N3120;;1;0.2;;
URGENCES_P;2014;320000102;320780133;NINF;6;;6;2;1
URGENCES_P;2014;330000555;330781204;M9999;11;;9.5;1;1
URGENCES_P;2014;330000555;330781204;N1220;2;;1.4;;
URGENCES_P;2014;330000555;330781204;N2120;1;;0.5;;1
URGENCES_P;2014;330000555;330781204;N2500;7;4;9.57;;
URGENCES_P;2014;330000555;330781204;N2620;14;;6.1;1;1
URGENCES_P;2014;330000555;330781204;NINF;24;6;21.89;1;1
URGENCES_P;2014;330000571;330781220;M9999;6;2;3.59;3;1
URGENCES_P;2014;330000571;330781220;N1220;4;2;5.07;;
URGENCES_P;2014;330000571;330781220;N2500;9;1;4;;
URGENCES_P;2014;330000571;330781220;N3120;1;;0.3;;
URGENCES_P;2014;330000571;330781220;N9999;36;7;28.4;;
URGENCES_P;2014;330000571;330781220;NINF;17;4;15.48;3;1
URGENCES_P;2014;330000589;330027509;M9999;9;6;10.27;3;1
URGENCES_P;2014;330000589;330027509;N1220;3;1;4.64;3;1
URGENCES_P;2014;330000589;330027509;N2120;0;0;0.32;3;1
URGENCES_P;2014;330000589;330027509;N2500;13;2;12.07;;
URGENCES_P;2014;330000589;330027509;N3120;0;0;0.08;;
URGENCES_P;2014;330000589;330027509;N9999;43;9;45.4;;
URGENCES_P;2014;330000589;330027509;NINF;19;5;19.93;3;1
URGENCES_P;2014;330000597;330027509;M9999;0;1;2.2;;
URGENCES_P;2014;330000597;330027509;N2500;3;0;3;;
URGENCES_P;2014;330000597;330027509;N9999;5;1;5.1;;
URGENCES_P;2014;330000597;330027509;NINF;2;1;2.8;;
URGENCES_P;2014;330000605;330781253;M1140;7;2;1.89;1;0
URGENCES_P;2014;330000605;330781253;M9999;23;7;11.17;3;1
URGENCES_P;2014;330000605;330781253;N1220;4;0;3.9;;
URGENCES_P;2014;330000605;330781253;N2120;3;;2.95;;
URGENCES_P;2014;330000605;330781253;N2500;22;2;22.77;;
URGENCES_P;2014;330000605;330781253;N2620;11;;10.32;;
URGENCES_P;2014;330000605;330781253;N9999;84;6;82.68;;
URGENCES_P;2014;330000605;330781253;NINF;33;4;36.23;;
URGENCES_P;2014;330780263;330000134;M9999;6;2;7;;0
URGENCES_P;2014;330780263;330000134;N1220;6;1;6.13;;0
URGENCES_P;2014;330780263;330000134;N2120;;1;0.64;;0
URGENCES_P;2014;330780263;330000134;N2500;7;2;7.25;;
URGENCES_P;2014;330780263;330000134;N2620;1;;1;;0
URGENCES_P;2014;330780263;330000134;N3120;1;;1;;
URGENCES_P;2014;330780263;330000134;N9999;25;7;27.35;;
URGENCES_P;2014;330780263;330000134;NINF;10;3;11.33;;0
URGENCES_P;2014;330780479;330000274;N1220;4;1;4.33;;
URGENCES_P;2014;330780479;330000274;N2120;1;;1;;
URGENCES_P;2014;330780479;330000274;N2500;10;;10;;
URGENCES_P;2014;330780479;330000274;N3120;;1;0.5;;
URGENCES_P;2014;330780479;330000274;N9999;28;3;29.63;;
URGENCES_P;2014;330780479;330000274;NINF;13;1;13.8;;
URGENCES_P;2014;330780495;330796392;M9999;4;6;8.85;2;1
URGENCES_P;2014;330780495;330796392;N1220;5;1;4.95;2;1
URGENCES_P;2014;330780495;330796392;N2120;1;;1;2;1
URGENCES_P;2014;330780495;330796392;N2500;2;;2.48;;
URGENCES_P;2014;330780495;330796392;N2620;3;;3.11;2;1
URGENCES_P;2014;330780495;330796392;N3120;1;;1;;
URGENCES_P;2014;330780495;330796392;NINF;8;2;12.86;2;1
URGENCES_P;2014;330780529;330796392;M9999;3;2;6.59;;
URGENCES_P;2014;330780529;330796392;N1220;2;1;2.94;;
URGENCES_P;2014;330780529;330796392;N2120;;1;0.29;;
URGENCES_P;2014;330780529;330796392;N2500;1;;1;;
URGENCES_P;2014;330780529;330796392;NINF;10;3;12.43;;
URGENCES_P;2014;330780537;330000324;M3020;31;2;30.51;;
URGENCES_P;2014;330780537;330000324;M9999;5;5;8.05;3;1
URGENCES_P;2014;330780537;330000324;N1220;5;0;4;3;1
URGENCES_P;2014;330780537;330000324;N2120;0;1;0.8;2;1
URGENCES_P;2014;330780537;330000324;N2500;2;0;1.73;;
URGENCES_P;2014;330780537;330000324;N2620;9;0;8.3;3;1
URGENCES_P;2014;330780537;330000324;NINF;15;1;15.68;3;1
URGENCES_P;2014;330781303;750821092;M9999;7;5;6.04;;0
URGENCES_P;2014;330781303;750821092;N1220;4;0;3.65;;0
URGENCES_P;2014;330781303;750821092;N2120;1;0;1;;0
URGENCES_P;2014;330781303;750821092;N2500;11;0;10.97;;
URGENCES_P;2014;330781303;750821092;N2620;2;0;1.77;;0
URGENCES_P;2014;330781303;750821092;NINF;19;2;18.8;;0
URGENCES_P;2014;330781352;330781196;M9999;5;3;6.5;1;1
URGENCES_P;2014;330781352;330781196;N1220;;;2;;0
URGENCES_P;2014;330781352;330781196;N2120;;;2;;0
URGENCES_P;2014;330781352;330781196;N2500;;;18.93;;
URGENCES_P;2014;330781352;330781196;N2620;;;2;;
URGENCES_P;2014;330781352;330781196;N9999;;;53.24;;
URGENCES_P;2014;330781352;330781196;NINF;;;28.31;;0
URGENCES_P;2014;330781360;330781196;M1140;3;1;3;;0
URGENCES_P;2014;330781360;330781196;M9999;24;;21;1;1
URGENCES_P;2014;330781360;330781196;N1220;6;;6;;1
URGENCES_P;2014;330781360;330781196;N2120;4;;4;;1
URGENCES_P;2014;330781360;330781196;N2500;65;9;66.12;;
URGENCES_P;2014;330781360;330781196;N2620;11;;11;;1
URGENCES_P;2014;330781360;330781196;N3120;1;;1;;
URGENCES_P;2014;330781360;330781196;N9999;170;50;195.46;;
URGENCES_P;2014;330781360;330781196;NINF;81;41;105.34;;1
URGENCES_P;2014;340000033;340780055;M1140;7;;2.4;;0
URGENCES_P;2014;340000033;340780055;M3020;2;;1.1;;
URGENCES_P;2014;340000033;340780055;M9999;23;7;12.9;3;1
URGENCES_P;2014;340000033;340780055;N1220;2;2;2.61;;
URGENCES_P;2014;340000033;340780055;N2120;3;;1.55;3;1
URGENCES_P;2014;340000033;340780055;N2500;32;3;18.6;;
URGENCES_P;2014;340000033;340780055;N3120;1;;0.46;;
URGENCES_P;2014;340000033;340780055;N9999;63;5;61;;
URGENCES_P;2014;340000033;340780055;NINF;32;3;32.3;3;1
URGENCES_P;2014;340000223;340011295;M9999;12;3;10.86;;1
URGENCES_P;2014;340000223;340011295;N1220;2;1;2.87;;
URGENCES_P;2014;340000223;340011295;N2120;2;0;1.34;;1
URGENCES_P;2014;340000223;340011295;N2500;13;1;13.36;;
URGENCES_P;2014;340000223;340011295;N3120;1;0;0.2;;
URGENCES_P;2014;340000223;340011295;N9999;45;9;50.6;;
URGENCES_P;2014;340000223;340011295;NINF;23;4;27.3;;1
URGENCES_P;2014;340015502;340000512;M9999;12;;12;;
URGENCES_P;2014;340015502;340000512;N1220;6;;6;;
URGENCES_P;2014;340015502;340000512;N2120;1;;1;;
URGENCES_P;2014;340015502;340000512;N2500;2;;2;;
URGENCES_P;2014;340015502;340000512;NINF;12;;12;;
URGENCES_P;2014;340015965;340000074;M9999;6;;6;;0
URGENCES_P;2014;340015965;340000074;N1220;;5;3;;0
URGENCES_P;2014;340015965;340000074;N2120;1;;1;;0
URGENCES_P;2014;340015965;340000074;NINF;10;1;10.41;;0
URGENCES_P;2014;340780147;340000108;M9999;4;;4;;
URGENCES_P;2014;340780147;340000108;N1220;2;;2;;
URGENCES_P;2014;340780147;340000108;N2120;1;;0.5;;
URGENCES_P;2014;340780147;340000108;N2620;2;;1;;
URGENCES_P;2014;340780147;340000108;NINF;6;;6;;
URGENCES_P;2014;340780154;340000116;M9999;;5;4;;
URGENCES_P;2014;340780154;340000116;N1220;3;1;3.5;;
URGENCES_P;2014;340780154;340000116;N2120;;2;0.5;;
URGENCES_P;2014;340780154;340000116;N2500;2;1;2.5;;
URGENCES_P;2014;340780154;340000116;N2620;1;;1;;
URGENCES_P;2014;340780154;340000116;N3120;;1;0.1;;
URGENCES_P;2014;340780154;340000116;NINF;6;;6;;
URGENCES_P;2014;340780634;340000272;M9999;4;2;4.8;;
URGENCES_P;2014;340780634;340000272;N1220;;4;2.6;;
URGENCES_P;2014;340780634;340000272;N2120;0;1;0.5;;
URGENCES_P;2014;340780634;340000272;N3120;;1;0.1;;
URGENCES_P;2014;340780634;340000272;N9999;6;9;10.4;;
URGENCES_P;2014;340780634;340000272;NINF;6;3;7.2;;
URGENCES_P;2014;340780642;340785856;M9999;;7;5;;0
URGENCES_P;2014;340780642;340785856;N1220;1;;1;;
URGENCES_P;2014;340780642;340785856;N2120;;1;0.5;;
URGENCES_P;2014;340780642;340785856;N2500;1;1;1.5;;
URGENCES_P;2014;340780642;340785856;NINF;6;;6;;
URGENCES_P;2014;340780667;340000280;M9999;5;2;6;;0
URGENCES_P;2014;340780667;340000280;N1220;3;1;3.31;;0
URGENCES_P;2014;340780667;340000280;N2120;1;1;1.1;;0
URGENCES_P;2014;340780667;340000280;N2500;5;0;5;;
URGENCES_P;2014;340780667;340000280;N2620;1;0;1;;0
URGENCES_P;2014;340780667;340000280;N3120;;1;0.1;;
URGENCES_P;2014;340780667;340000280;N9999;17;3;17.51;;
URGENCES_P;2014;340780667;340000280;NINF;7;0;7;;0
URGENCES_P;2014;340780683;340000306;M9999;;13;7;;
URGENCES_P;2014;340780683;340000306;N1220;3;2;4;;
URGENCES_P;2014;340780683;340000306;N2120;1;;1;;
URGENCES_P;2014;340780683;340000306;N2500;2;1;2.33;;
URGENCES_P;2014;340780683;340000306;N3120;;1;0.5;;
URGENCES_P;2014;340780683;340000306;NINF;2;4;4.74;;
URGENCES_P;2014;340780717;340008150;M1140;3;;2.57;;
URGENCES_P;2014;340780717;340008150;M9999;5;2;5.57;;0
URGENCES_P;2014;340780717;340008150;N1220;2;1;1.5;;
URGENCES_P;2014;340780717;340008150;N2120;;2;1;;1
URGENCES_P;2014;340780717;340008150;N2500;5;;5;;
URGENCES_P;2014;340780717;340008150;N2620;1;1;1.96;;
URGENCES_P;2014;340780717;340008150;NINF;6;3;8.34;;1
URGENCES_P;2014;340780725;340016864;N1220;2;;2;;
URGENCES_P;2014;340780725;340016864;N2120;1;;1;;
URGENCES_P;2014;340780725;340016864;N2500;2;1;2.8;;
URGENCES_P;2014;340780725;340016864;NINF;6;2;7;;
URGENCES_P;2014;340785161;340780477;M1140;6;10;8.3;;0
URGENCES_P;2014;340785161;340780477;M3020;0;11;3.09;;
URGENCES_P;2014;340785161;340780477;M9999;6;50;33.1;1;1
URGENCES_P;2014;340785161;340780477;N1220;24;0;24;;0
URGENCES_P;2014;340785161;340780477;N2120;5;1;5.4;;0
URGENCES_P;2014;340785161;340780477;N2500;63;3;65.1;;
URGENCES_P;2014;340785161;340780477;N3120;2;0;2;;
URGENCES_P;2014;340785161;340780477;N9999;175;11;182.35;;
URGENCES_P;2014;340785161;340780477;NINF;78;6;82.8;;0
URGENCES_P;2014;350000121;350000303;M9999;7;;7;;
URGENCES_P;2014;350000121;350000303;N2120;1;;1;;
URGENCES_P;2014;350000121;350000303;N2500;2;3;4.1;;
URGENCES_P;2014;350000121;350000303;NINF;13;6;17.85;;
URGENCES_P;2014;350000147;350000022;M9999;16;3;14.19;3;1
URGENCES_P;2014;350000147;350000022;N1220;2;;1;;0
URGENCES_P;2014;350000147;350000022;N2120;2;;1.29;;0
URGENCES_P;2014;350000147;350000022;N2500;20;8;26.41;;
URGENCES_P;2014;350000147;350000022;N3120;2;;1.08;;
URGENCES_P;2014;350000147;350000022;N9999;44;26;60.59;;
URGENCES_P;2014;350000147;350000022;NINF;17;18;29.81;3;1
URGENCES_P;2014;350000154;350000030;M9999;6;1;5.85;2;1
URGENCES_P;2014;350000154;350000030;N1220;4;2;5.1;2;1
URGENCES_P;2014;350000154;350000030;N2120;1;;1;;
URGENCES_P;2014;350000154;350000030;N2500;11;3;13.98;;
URGENCES_P;2014;350000154;350000030;N3120;;1;0.52;;
URGENCES_P;2014;350000154;350000030;N9999;31;21;42.53;;
URGENCES_P;2014;350000154;350000030;NINF;13;15;19.67;;
URGENCES_P;2014;350000162;350000048;M9999;11;;8.29;2;1
URGENCES_P;2014;350000162;350000048;N1220;4;3;4.66;2;1
URGENCES_P;2014;350000162;350000048;N2120;1;;0.97;;0
URGENCES_P;2014;350000162;350000048;N2500;14;2;12.29;;
URGENCES_P;2014;350000162;350000048;N2620;7;;1.07;2;0
URGENCES_P;2014;350000162;350000048;N3120;2;;0.3;;
URGENCES_P;2014;350000162;350000048;N9999;39;12;33.98;;
URGENCES_P;2014;350000162;350000048;NINF;15;7;15.72;2;1
URGENCES_P;2014;350000188;350000055;M9999;5;3;7.94;2;1
URGENCES_P;2014;350000188;350000055;N1220;2;4;3.56;;0
URGENCES_P;2014;350000188;350000055;N2120;1;;0.73;;0
URGENCES_P;2014;350000188;350000055;N2500;15;4;13.57;;
URGENCES_P;2014;350000188;350000055;N2620;3;;2.7;2;1
URGENCES_P;2014;350000188;350000055;N9999;33;11;34.1;;
URGENCES_P;2014;350000188;350000055;NINF;12;3;13.54;;0
URGENCES_P;2014;350000741;350005179;M9999;23;2;17.01;;0
URGENCES_P;2014;350000741;350005179;N1220;1;2;2.6;;0
URGENCES_P;2014;350000741;350005179;N2120;3;;3;;0
URGENCES_P;2014;350000741;350005179;N2500;45;7;48.99;;
URGENCES_P;2014;350000741;350005179;N9999;105;25;118.33;;
URGENCES_P;2014;350000741;350005179;NINF;47;13;54.45;;0
URGENCES_P;2014;350005146;350000733;M9999;5;;5;;
URGENCES_P;2014;350005146;350000733;N1220;3;1;4.04;;
URGENCES_P;2014;350005146;350000733;N2120;1;;0.5;;
URGENCES_P;2014;350005146;350000733;N2500;3;5;4.71;;
URGENCES_P;2014;350005146;350000733;N2620;3;3;4.71;;
URGENCES_P;2014;350005146;350000733;N3120;;1;0.5;;
URGENCES_P;2014;350005146;350000733;NINF;9;3;13.5;;
URGENCES_P;2014;350007084;350005179;M1140;5;1;5.51;;
URGENCES_P;2014;350007084;350005179;M9999;7;1;7.35;;
URGENCES_P;2014;350007084;350005179;N1220;4;2;6.95;;
URGENCES_P;2014;350007084;350005179;N2120;3;;2.3;;
URGENCES_P;2014;350007084;350005179;N2500;13;8;16.02;;
URGENCES_P;2014;350007084;350005179;N9999;48;33;67.34;;
URGENCES_P;2014;350007084;350005179;NINF;14;6;16.38;;
URGENCES_P;2014;360000038;360000046;M9999;4;1;4.6;;
URGENCES_P;2014;360000038;360000046;N2120;;1;0.4;;
URGENCES_P;2014;360000038;360000046;N2500;6;;6;;
URGENCES_P;2014;360000038;360000046;N3120;;1;0.1;;
URGENCES_P;2014;360000038;360000046;NINF;3;5;6.67;;
URGENCES_P;2014;360000137;360000053;M9999;12;1;11.51;;
URGENCES_P;2014;360000137;360000053;N1220;11;4;13.3;;
URGENCES_P;2014;360000137;360000053;N2120;2;;2;;
URGENCES_P;2014;360000137;360000053;N2500;18;;18;;
URGENCES_P;2014;360000137;360000053;N2620;2;;2;;
URGENCES_P;2014;360000137;360000053;N3120;1;1;1.8;;
URGENCES_P;2014;360000137;360000053;NINF;51;4;53.3;;
URGENCES_P;2014;360000160;360000079;M9999;2;11;5.3;3;1
URGENCES_P;2014;360000160;360000079;N1220;;2;1.27;;0
URGENCES_P;2014;360000160;360000079;N2120;;1;0.5;;0
URGENCES_P;2014;360000160;360000079;N2500;4;11;8.28;;
URGENCES_P;2014;360000160;360000079;NINF;5;10;10.15;3;1
URGENCES_P;2014;370000093;370000192;M9999;6;;6;;0
URGENCES_P;2014;370000093;370000192;N1220;4;;4;;0
URGENCES_P;2014;370000093;370000192;N2500;3;;3.06;;
URGENCES_P;2014;370000093;370000192;N3120;;1;0.5;;
URGENCES_P;2014;370000093;370000192;N9999;18;1;17.87;;
URGENCES_P;2014;370000093;370000192;NINF;15;1;14.81;;0
URGENCES_P;2014;370000499;370000481;M1140;3;1;0.8;;0
URGENCES_P;2014;370000499;370000481;M9999;7;1;8.8;;0
URGENCES_P;2014;370000499;370000481;N1220;1;2;2.28;;
URGENCES_P;2014;370000499;370000481;N2120;1;0;1;;
URGENCES_P;2014;370000499;370000481;N2500;11;3;13.22;;
URGENCES_P;2014;370000499;370000481;N3120;1;0;1;;
URGENCES_P;2014;370000499;370000481;NINF;10;19;24.7;;
URGENCES_P;2014;370000531;370000606;M9999;9;2;4.86;2;1
URGENCES_P;2014;370000531;370000606;N1220;2;;1.86;1;1
URGENCES_P;2014;370000531;370000606;N2120;;;0.4;2;1
URGENCES_P;2014;370000531;370000606;N2500;11;;10.58;;
URGENCES_P;2014;370000531;370000606;N9999;28;2;25.75;;
URGENCES_P;2014;370000531;370000606;NINF;14;2;11.9;2;1
URGENCES_P;2014;370000879;370000564;M9999;3;;2.4;2;1
URGENCES_P;2014;370000879;370000564;N1220;3;;1.76;2;1
URGENCES_P;2014;370000879;370000564;N2120;2;;0.9;2;1
URGENCES_P;2014;370000879;370000564;N2500;5;2;6.8;;
URGENCES_P;2014;370000879;370000564;N9999;20;8;23.12;;
URGENCES_P;2014;370000879;370000564;NINF;10;6;13.66;2;1
URGENCES_P;2014;370000903;370000614;M9999;5;;4.81;;0
URGENCES_P;2014;370000903;370000614;N1220;2;;1.5;;
URGENCES_P;2014;370000903;370000614;N2120;2;;0.55;;
URGENCES_P;2014;370000903;370000614;N2500;4;;5.16;;
URGENCES_P;2014;370000903;370000614;NINF;5;4;7.42;;
URGENCES_P;2014;370004467;370000481;M1140;;;;3;
URGENCES_P;2014;370004467;370000481;M3020;3;;2.7;;
URGENCES_P;2014;370004467;370000481;M9999;13;2;14.2;2;1
URGENCES_P;2014;370004467;370000481;N1220;2;0;1.83;;
URGENCES_P;2014;370004467;370000481;N2120;2;0;1.9;;0
URGENCES_P;2014;370004467;370000481;N2500;38;10;46.34;;
URGENCES_P;2014;370004467;370000481;N3120;2;0;2;;
URGENCES_P;2014;370004467;370000481;N9999;99;37;124.08;;
URGENCES_P;2014;370004467;370000481;NINF;45;25;61.67;;
URGENCES_P;2014;370007569;370007528;M9999;6;;6;;
URGENCES_P;2014;370007569;370007528;N1220;3;;2.8;;
URGENCES_P;2014;370007569;370007528;N2120;1;;1;;
URGENCES_P;2014;370007569;370007528;N2500;2;;2;;
URGENCES_P;2014;370007569;370007528;NINF;10;4;11.6;;
URGENCES_P;2014;380000026;380780031;M9999;3;2;4.5;;
URGENCES_P;2014;380000026;380780031;N2120;;;0.2;;
URGENCES_P;2014;380000026;380780031;N9999;5;;5.1;;
URGENCES_P;2014;380000026;380780031;NINF;2;;2.29;;
URGENCES_P;2014;380000034;380780049;M9999;20;4;11.81;2;1
URGENCES_P;2014;380000034;380780049;N1220;;1;0.8;2;1
URGENCES_P;2014;380000034;380780049;N2120;1;;1;2;1
URGENCES_P;2014;380000034;380780049;N2500;6;8;10.67;;
URGENCES_P;2014;380000034;380780049;N9999;53;20;50.58;;
URGENCES_P;2014;380000034;380780049;NINF;34;11;30.33;2;1
URGENCES_P;2014;380000042;380780056;M9999;7;2;5.68;;
URGENCES_P;2014;380000042;380780056;N1220;1;3;3.05;;
URGENCES_P;2014;380000042;380780056;NINF;11;2;11.79;;
URGENCES_P;2014;380000067;380780080;M1140;1;3;3.26;1;1
URGENCES_P;2014;380000067;380780080;M9999;23;14;29.42;1;1
URGENCES_P;2014;380000067;380780080;N1220;6;1;6.8;;
URGENCES_P;2014;380000067;380780080;N2120;5;;4.38;;
URGENCES_P;2014;380000067;380780080;N2500;44;13;52.03;;
URGENCES_P;2014;380000067;380780080;N2620;12;0;12;;
URGENCES_P;2014;380000067;380780080;N3120;2;;1.21;;
URGENCES_P;2014;380000067;380780080;N9999;174;33;193.38;;
URGENCES_P;2014;380000067;380780080;NINF;62;12;68.45;;
URGENCES_P;2014;380000174;380781435;M1140;5;;1;;0
URGENCES_P;2014;380000174;380781435;M3020;3;1;0.48;;
URGENCES_P;2014;380000174;380781435;M9999;21;3;9.21;2;1
URGENCES_P;2014;380000174;380781435;N1220;4;3;3.6;2;1
URGENCES_P;2014;380000174;380781435;N2120;2;;1.1;2;1
URGENCES_P;2014;380000174;380781435;N2500;20;6;23.85;;
URGENCES_P;2014;380000174;380781435;N2620;2;2;0.56;;0
URGENCES_P;2014;380000174;380781435;N3120;1;0;0.4;;
URGENCES_P;2014;380000174;380781435;N9999;56;11;57.37;;
URGENCES_P;2014;380000174;380781435;NINF;27;8;27.85;2;1
URGENCES_P;2014;380000406;380784751;M1140;;;;;1
URGENCES_P;2014;380000406;380784751;M3020;;2;1;;
URGENCES_P;2014;380000406;380784751;M9999;9;5;10.98;;1
URGENCES_P;2014;380000406;380784751;N1220;2;3;5.14;;1
URGENCES_P;2014;380000406;380784751;N2120;1;;0.75;;1
URGENCES_P;2014;380000406;380784751;N2500;5;3;6.97;;
URGENCES_P;2014;380000406;380784751;N2620;;;;;1
URGENCES_P;2014;380000406;380784751;N3120;;;0.11;;
URGENCES_P;2014;380000406;380784751;N9999;34;21;45.3;;
URGENCES_P;2014;380000406;380784751;NINF;14;13;22.61;;1
URGENCES_P;2014;380012658;380012609;M9999;1;18;14.4;;
URGENCES_P;2014;380012658;380012609;N1220;2;4;4.4;;
URGENCES_P;2014;380012658;380012609;N2120;1;;1;;
URGENCES_P;2014;380012658;380012609;N2500;3;4;5.1;;
URGENCES_P;2014;380012658;380012609;N2620;2;3;5.4;;
URGENCES_P;2014;380012658;380012609;N3120;;1;0.5;;
URGENCES_P;2014;380012658;380012609;NINF;14;14;22.22;;
URGENCES_P;2014;380781450;380798140;M9999;4;;4.88;;
URGENCES_P;2014;380781450;380798140;N1220;3;;2;;
URGENCES_P;2014;380781450;380798140;N2120;1;;0.2;;
URGENCES_P;2014;380781450;380798140;NINF;9;;6.5;;
URGENCES_P;2014;380782722;380780080;M9999;2;;2.03;;0
URGENCES_P;2014;380782722;380780080;N2120;1;;0.8;;
URGENCES_P;2014;380782722;380780080;N2500;1;;1;;
URGENCES_P;2014;380782722;380780080;N2620;7;0;7;;
URGENCES_P;2014;380782722;380780080;N9999;18;5;20.97;;
URGENCES_P;2014;380782722;380780080;NINF;5;5;8;;
URGENCES_P;2014;380785956;380795211;N1220;3;;3;;
URGENCES_P;2014;380785956;380795211;N2120;1;;1;;
URGENCES_P;2014;380785956;380795211;N2500;3;;3;;
URGENCES_P;2014;380785956;380795211;NINF;12;;12;;
URGENCES_P;2014;390000040;390780146;M9999;;16;5.32;2;1
URGENCES_P;2014;390000040;390780146;N1220;;3;2.15;2;1
URGENCES_P;2014;390000040;390780146;N2120;;1;0.9;2;1
URGENCES_P;2014;390000040;390780146;N2500;11;4;14;;
URGENCES_P;2014;390000040;390780146;NINF;;40;22.71;2;1
URGENCES_P;2014;390000065;390780161;M9999;;9;4.31;1;1
URGENCES_P;2014;390000065;390780161;N1220;;3;0.89;3;1
URGENCES_P;2014;390000065;390780161;N2500;;7;3.01;;
URGENCES_P;2014;390000065;390780161;NINF;;17;5.67;3;1
URGENCES_P;2014;390000214;390780591;M9999;;;4.27;;
URGENCES_P;2014;390000214;390780591;N1220;;1;0.62;;0
URGENCES_P;2014;390000214;390780591;N2120;;1;0.19;2;1
URGENCES_P;2014;390000214;390780591;N2500;;1;0.71;;
URGENCES_P;2014;390000214;390780591;N9999;1;16;10;;
URGENCES_P;2014;390000214;390780591;NINF;1;13;6.79;1;1
URGENCES_P;2014;390000222;390780609;M9999;9;2;4.99;2;1
URGENCES_P;2014;390000222;390780609;N1220;2;;1.17;2;1
URGENCES_P;2014;390000222;390780609;N2120;1;;0.6;2;1
URGENCES_P;2014;390000222;390780609;N2500;4;;4;;
URGENCES_P;2014;390000222;390780609;N9999;40;6;44.01;;
URGENCES_P;2014;390000222;390780609;NINF;21;4;16.01;2;1
URGENCES_P;2014;400000105;400780193;M1140;;6;0.81;;0
URGENCES_P;2014;400000105;400780193;M9999;;24;13.69;1;1
URGENCES_P;2014;400000105;400780193;N1220;3;1;3;2;1
URGENCES_P;2014;400000105;400780193;N2120;1;;1;;0
URGENCES_P;2014;400000105;400780193;N2500;16;6;19.91;;
URGENCES_P;2014;400000105;400780193;N3120;;1;0.6;;
URGENCES_P;2014;400000105;400780193;N9999;36;12;44.84;;
URGENCES_P;2014;400000105;400780193;NINF;16;9;24.93;;0
URGENCES_P;2014;400000139;400011177;M9999;11;5;9.32;2;1
URGENCES_P;2014;400000139;400011177;N1220;2;1;2.61;;0
URGENCES_P;2014;400000139;400011177;N2120;1;0;1;;0
URGENCES_P;2014;400000139;400011177;N2500;17;3;19.29;;
URGENCES_P;2014;400000139;400011177;N2620;11;0;10.74;;0
URGENCES_P;2014;400000139;400011177;NINF;22;6;23.89;;0
URGENCES_P;2014;400782769;400001764;M9999;5;0;5;;0
URGENCES_P;2014;400782769;400001764;N1220;5;;1;;0
URGENCES_P;2014;400782769;400001764;N2120;1;0;0.25;;0
URGENCES_P;2014;400782769;400001764;N2500;6;0;6;;
URGENCES_P;2014;400782769;400001764;N2620;3;;3;;0
URGENCES_P;2014;400782769;400001764;NINF;6;0;6;;0
URGENCES_P;2014;410000020;410000087;M9999;6;7;9.78;;0
URGENCES_P;2014;410000020;410000087;N1220;4;4;6.72;;0
URGENCES_P;2014;410000020;410000087;N2120;1;0;0.83;;0
URGENCES_P;2014;410000020;410000087;N2500;15;10;24.94;;
URGENCES_P;2014;410000020;410000087;N9999;56;27;64.49;;
URGENCES_P;2014;410000020;410000087;NINF;30;13;32;;0
URGENCES_P;2014;410000038;410000095;M9999;9;0;6.55;1;1
URGENCES_P;2014;410000038;410000095;N1220;;1;0.65;;
URGENCES_P;2014;410000038;410000095;N2120;;3;0.88;;
URGENCES_P;2014;410000038;410000095;N2500;4;4;6.25;;
URGENCES_P;2014;410000038;410000095;N2620;;1;0.25;;
URGENCES_P;2014;410000038;410000095;N9999;15;16;22.53;;
URGENCES_P;2014;410000038;410000095;NINF;11;7;14.5;;
URGENCES_P;2014;410000046;410000103;M3020;1;;1;;
URGENCES_P;2014;410000046;410000103;M9999;5;1;4.51;3;1
URGENCES_P;2014;410000046;410000103;N1220;1;1;1.5;;0
URGENCES_P;2014;410000046;410000103;N2120;1;;1;;0
URGENCES_P;2014;410000046;410000103;N2500;12;1;12.08;;
URGENCES_P;2014;410000046;410000103;N2620;13;1;11.39;3;1
URGENCES_P;2014;410000046;410000103;N9999;42;5;42.77;;
URGENCES_P;2014;410000046;410000103;NINF;15;2;16.8;3;1
URGENCES_P;2014;420000010;420780033;M1140;7;1;1.72;;0
URGENCES_P;2014;420000010;420780033;M3020;4;0;0.47;;
URGENCES_P;2014;420000010;420780033;M9999;33;9;13.79;2;1
URGENCES_P;2014;420000010;420780033;N1220;6;0;3.55;;0
URGENCES_P;2014;420000010;420780033;N2120;1;0;1;;0
URGENCES_P;2014;420000010;420780033;N2500;9;0;9.02;;
URGENCES_P;2014;420000010;420780033;N3120;2;0;0.84;;
URGENCES_P;2014;420000010;420780033;N9999;44;12;56.22;;
URGENCES_P;2014;420000010;420780033;NINF;32;10;37.33;;1
URGENCES_P;2014;420000226;420013831;M3020;1;0;0.1;;
URGENCES_P;2014;420000226;420013831;M9999;10;3;11.68;;
URGENCES_P;2014;420000226;420013831;N1220;3;2;5.19;;
URGENCES_P;2014;420000226;420013831;N2120;2;0;1.3;;
URGENCES_P;2014;420000226;420013831;N2500;9;4;11.64;;
URGENCES_P;2014;420000226;420013831;N3120;3;0;1.18;;
URGENCES_P;2014;420000226;420013831;N9999;42;17;50.14;;
URGENCES_P;2014;420000226;420013831;NINF;22;11;28.47;;
URGENCES_P;2014;420000234;420780652;M9999;10;;8.3;;
URGENCES_P;2014;420000234;420780652;N1220;2;;2;;
URGENCES_P;2014;420000234;420780652;N2120;1;;1;;
URGENCES_P;2014;420000234;420780652;N2500;7;;7;;
URGENCES_P;2014;420000234;420780652;N3120;1;;1;;
URGENCES_P;2014;420000234;420780652;N9999;28;5;31;;
URGENCES_P;2014;420000234;420780652;NINF;17;5;20;;
URGENCES_P;2014;420000267;420013831;M9999;6;3;8.36;;
URGENCES_P;2014;420000267;420013831;N1220;1;1;1.71;;
URGENCES_P;2014;420000267;420013831;N2120;2;0;1.13;;
URGENCES_P;2014;420000267;420013831;N2500;5;5;9.08;;
URGENCES_P;2014;420000267;420013831;N9999;24;16;34.81;;
URGENCES_P;2014;420000267;420013831;NINF;16;8;21.09;;
URGENCES_P;2014;420010050;420787061;M9999;0;6;2.21;;0
URGENCES_P;2014;420010050;420787061;N1220;1;0;0.86;;0
URGENCES_P;2014;420010050;420787061;N2120;1;0;0.67;;0
URGENCES_P;2014;420010050;420787061;N9999;7;2;5.67;;
URGENCES_P;2014;420010050;420787061;NINF;5;2;4.14;;0
URGENCES_P;2014;420011413;420011405;M9999;5;;5;;0
URGENCES_P;2014;420011413;420011405;N2120;;1;0.5;;0
URGENCES_P;2014;420011413;420011405;N2500;1;;1;;
URGENCES_P;2014;420011413;420011405;N9999;9;5;11.6;;
URGENCES_P;2014;420011413;420011405;NINF;8;4;10.1;;
URGENCES_P;2014;420780504;420000135;N2120;1;;1;;
URGENCES_P;2014;420780504;420000135;N9999;6;;6;;
URGENCES_P;2014;420780504;420000135;NINF;5;;5;;
URGENCES_P;2014;420780637;420002495;M9999;6;;6;;
URGENCES_P;2014;420780637;420002495;N1220;6;;6;;
URGENCES_P;2014;420780637;420002495;N2120;1;;1;;
URGENCES_P;2014;420780637;420002495;N3120;1;;1;;
URGENCES_P;2014;420780637;420002495;N9999;9;29;27.7;;
URGENCES_P;2014;420780637;420002495;NINF;1;29;19.7;;
URGENCES_P;2014;420782310;420000853;M9999;4;;4;;
URGENCES_P;2014;420782310;420000853;N1220;3;;2.28;;
URGENCES_P;2014;420782310;420000853;N2120;1;;1;;
URGENCES_P;2014;420782310;420000853;N3120;1;;0.2;;
URGENCES_P;2014;420782310;420000853;N9999;17;;13.88;;
URGENCES_P;2014;420782310;420000853;NINF;12;;10.4;;
URGENCES_P;2014;420785354;420784878;M1140;6;2;4.69;;0
URGENCES_P;2014;420785354;420784878;M9999;41;7;25.59;;0
URGENCES_P;2014;420785354;420784878;N1220;5;0;3.05;;0
URGENCES_P;2014;420785354;420784878;N2120;2;0;2;;0
URGENCES_P;2014;420785354;420784878;N2500;13;1;12.86;;
URGENCES_P;2014;420785354;420784878;N3120;1;0;0.5;;
URGENCES_P;2014;420785354;420784878;N9999;101;33;110.45;;
URGENCES_P;2014;420785354;420784878;NINF;61;28;68.59;;0
URGENCES_P;2014;430000117;430000018;M1140;0;0;0;;1
URGENCES_P;2014;430000117;430000018;M9999;0;17;9.08;1;1
URGENCES_P;2014;430000117;430000018;N1220;2;3;2.38;2;0
URGENCES_P;2014;430000117;430000018;N2120;0;1;0.76;2;1
URGENCES_P;2014;430000117;430000018;N2500;7;3;9.63;;
URGENCES_P;2014;430000117;430000018;N2620;7;0;6.48;;0
URGENCES_P;2014;430000117;430000018;N9999;16;53;49.14;;
URGENCES_P;2014;430000117;430000018;NINF;0;38;24.24;1;1
URGENCES_P;2014;430000190;430000034;M9999;4;1;4.9;1;1
URGENCES_P;2014;430000190;430000034;N1220;2;0;2;2;1
URGENCES_P;2014;430000190;430000034;N2120;1;0;1;2;1
URGENCES_P;2014;430000190;430000034;N2500;8;3;9.75;;
URGENCES_P;2014;430000190;430000034;N3120;0;1;0.4;;
URGENCES_P;2014;430000190;430000034;N9999;15;7;19.13;;
URGENCES_P;2014;430000190;430000034;NINF;4;3;5.98;3;
URGENCES_P;2014;440000016;440000057;M1140;9;;2.1;;0
URGENCES_P;2014;440000016;440000057;M3020;1;2;2.1;;
URGENCES_P;2014;440000016;440000057;M9999;27;6;23.2;2;1
URGENCES_P;2014;440000016;440000057;N1220;9;3;10.6;2;1
URGENCES_P;2014;440000016;440000057;N2120;1;2;2;2;1
URGENCES_P;2014;440000016;440000057;N2500;32;2;33.55;;
URGENCES_P;2014;440000016;440000057;N2620;1;2;2.25;;0
URGENCES_P;2014;440000016;440000057;N3120;;2;0.5;;
URGENCES_P;2014;440000016;440000057;N9999;88;25;104;;
URGENCES_P;2014;440000016;440000057;NINF;45;14;55.1;2;1
URGENCES_P;2014;440000271;440000289;M1140;10;;6.9;;0
URGENCES_P;2014;440000271;440000289;M3020;5;;5;;
URGENCES_P;2014;440000271;440000289;M9999;86;;38.79;;1
URGENCES_P;2014;440000271;440000289;N1220;4;1;4.98;;0
URGENCES_P;2014;440000271;440000289;N2120;6;0;6;;0
URGENCES_P;2014;440000271;440000289;N2500;50;18;62.08;;
URGENCES_P;2014;440000271;440000289;N3120;0;12;6.7;;
URGENCES_P;2014;440000271;440000289;NINF;48;37;78.3;;0
URGENCES_P;2014;440000396;440000297;M9999;4;4;5.53;;
URGENCES_P;2014;440000396;440000297;N1220;1;;1;;
URGENCES_P;2014;440000396;440000297;N2120;1;;0.84;;
URGENCES_P;2014;440000396;440000297;N2500;6;2;7.93;;
URGENCES_P;2014;440000396;440000297;N2620;3;;3;;
URGENCES_P;2014;440000396;440000297;N9999;22;5;25.76;;
URGENCES_P;2014;440000396;440000297;NINF;11;3;13.99;;
URGENCES_P;2014;440000503;440000313;M9999;;11;5;2;1
URGENCES_P;2014;440000503;440000313;N1220;4;1;5.1;2;1
URGENCES_P;2014;440000503;440000313;N2120;;1;0.9;2;1
URGENCES_P;2014;440000503;440000313;N2500;5;2;6.26;;
URGENCES_P;2014;440000503;440000313;N9999;14;10;23.88;;
URGENCES_P;2014;440000503;440000313;NINF;5;7;11.62;3;1
URGENCES_P;2014;440041580;440041572;M9999;4;8;7.4;;
URGENCES_P;2014;440041580;440041572;N1220;0;1;0.57;;
URGENCES_P;2014;440041580;440041572;N2120;2;0;2;;
URGENCES_P;2014;440041580;440041572;N2500;13;0;12.55;;
URGENCES_P;2014;440041580;440041572;N2620;1;0;1;;
URGENCES_P;2014;440041580;440041572;N3120;0;1;0.1;;
URGENCES_P;2014;440041580;440041572;NINF;23;1;20.43;;
URGENCES_P;2014;450000021;450000088;M1140;2;1;2.13;;0
URGENCES_P;2014;450000021;450000088;M9999;15;3;7.73;;0
URGENCES_P;2014;450000021;450000088;N1220;2;;0.2;;0
URGENCES_P;2014;450000021;450000088;N2500;13;4;24.3;;
URGENCES_P;2014;450000021;450000088;N3120;1;2;0.91;;
URGENCES_P;2014;450000021;450000088;N9999;102;32;60.57;;
URGENCES_P;2014;450000021;450000088;NINF;12;8;23.68;;0
URGENCES_P;2014;450000047;450000096;M9999;7;2;8.1;3;1
URGENCES_P;2014;450000047;450000096;N1220;1;1;1.9;;0
URGENCES_P;2014;450000047;450000096;N2120;1;;0.33;;1
URGENCES_P;2014;450000047;450000096;N2500;5;1;6.9;;
URGENCES_P;2014;450000047;450000096;N2620;7;;7;;0
URGENCES_P;2014;450000047;450000096;NINF;15;3;16.2;;1
URGENCES_P;2014;450000062;450000104;M1140;;8;3.29;2;0
URGENCES_P;2014;450000062;450000104;M9999;;28;14.07;3;1
URGENCES_P;2014;450000062;450000104;N1220;5;2;5.62;2;1
URGENCES_P;2014;450000062;450000104;N2120;2;;1.91;2;1
URGENCES_P;2014;450000062;450000104;N2500;10;9;12.58;;
URGENCES_P;2014;450000062;450000104;N3120;;1;0.5;;
URGENCES_P;2014;450000062;450000104;N9999;47;22;51.04;;
URGENCES_P;2014;450000062;450000104;NINF;28;7;27.55;1;1
URGENCES_P;2014;450000070;450000112;M9999;10;1;6.74;2;1
URGENCES_P;2014;450000070;450000112;N1220;1;;0.77;2;1
URGENCES_P;2014;450000070;450000112;N2120;1;;0.5;2;1
URGENCES_P;2014;450000070;450000112;N2500;6;1;6.94;;
URGENCES_P;2014;450000070;450000112;N3120;1;;0.02;;
URGENCES_P;2014;450000070;450000112;NINF;11;2;11.3;2;1
URGENCES_P;2014;450000294;450000591;M9999;5;;5;;0
URGENCES_P;2014;450000294;450000591;N1220;5;1;4.8;;0
URGENCES_P;2014;450000294;450000591;N2120;1;;0.86;;0
URGENCES_P;2014;450000294;450000591;N2500;3;0;2.51;;
URGENCES_P;2014;450000294;450000591;N3120;0;2;0.5;;
URGENCES_P;2014;450000294;450000591;NINF;23;1;22.95;;0
URGENCES_P;2014;450002613;450000088;M9999;18;3;11.58;;0
URGENCES_P;2014;450002613;450000088;N1220;6;;4.3;;0
URGENCES_P;2014;450002613;450000088;N2120;2;;2.08;;0
URGENCES_P;2014;450002613;450000088;N2500;33;3;33.37;;
URGENCES_P;2014;450002613;450000088;N3120;1;;1.17;;
URGENCES_P;2014;450002613;450000088;N9999;100;11;95.58;;
URGENCES_P;2014;450002613;450000088;NINF;53;8;49.54;;0
URGENCES_P;2014;460000045;460780083;M9999;4;0;3.05;3;1
URGENCES_P;2014;460000045;460780083;N1220;0;0;0;3;1
URGENCES_P;2014;460000045;460780083;N2500;5;2;6.1;;
URGENCES_P;2014;460000045;460780083;N3120;0;0;0.04;;
URGENCES_P;2014;460000045;460780083;N9999;18;5;20.63;;
URGENCES_P;2014;460000045;460780083;NINF;7;2;6.73;3;1
URGENCES_P;2014;460000052;460780091;M9999;3;;2.03;2;1
URGENCES_P;2014;460000052;460780091;N1220;1;;1;;
URGENCES_P;2014;460000052;460780091;N2120;1;;1;;0
URGENCES_P;2014;460000052;460780091;N2500;9;;8.77;;
URGENCES_P;2014;460000052;460780091;N2620;3;;2.1;2;1
URGENCES_P;2014;460000052;460780091;NINF;10;2;11.9;2;1
URGENCES_P;2014;460000102;460780208;M9999;;8;2.21;;
URGENCES_P;2014;460000102;460780208;N1220;;1;0.34;;
URGENCES_P;2014;460000102;460780208;N2120;;1;0.4;;
URGENCES_P;2014;460000102;460780208;N2500;;9;7.43;;
URGENCES_P;2014;460000102;460780208;N9999;14;7;16.64;;
URGENCES_P;2014;460000102;460780208;NINF;;10;8.47;;
URGENCES_P;2014;460000110;460780216;M9999;7;2;7.25;2;1
URGENCES_P;2014;460000110;460780216;N1220;0;1;0.87;;0
URGENCES_P;2014;460000110;460780216;N2120;1;0;1;2;1
URGENCES_P;2014;460000110;460780216;N2500;16;0;10.38;;
URGENCES_P;2014;460000110;460780216;N2620;0;0;0;2;1
URGENCES_P;2014;460000110;460780216;N3120;1;0;0.5;;
URGENCES_P;2014;460000110;460780216;N9999;48;5;32.85;;
URGENCES_P;2014;460000110;460780216;NINF;27;4;19.5;2;1
URGENCES_P;2014;470000027;470014069;M9999;4;5;7;;
URGENCES_P;2014;470000027;470014069;N1220;4;;4;;
URGENCES_P;2014;470000027;470014069;N2120;1;;1;;
URGENCES_P;2014;470000027;470014069;N2500;5;;4.3;;
URGENCES_P;2014;470000027;470014069;NINF;11;2;13.76;;
URGENCES_P;2014;470000423;470000316;M9999;6;;5.9;3;1
URGENCES_P;2014;470000423;470000316;N1220;2;1;2.44;;0
URGENCES_P;2014;470000423;470000316;N2120;2;0;1.1;;1
URGENCES_P;2014;470000423;470000316;N2500;10;1;9.81;;
URGENCES_P;2014;470000423;470000316;N2620;6;;5.6;;0
URGENCES_P;2014;470000423;470000316;N9999;44;6;41.83;;
URGENCES_P;2014;470000423;470000316;NINF;22;2;21.73;;0
URGENCES_P;2014;470000431;470000324;M9999;6;;6.94;3;1
URGENCES_P;2014;470000431;470000324;N1220;2;1;1.87;3;1
URGENCES_P;2014;470000431;470000324;N2120;2;;1.08;3;1
URGENCES_P;2014;470000431;470000324;N2500;10;1;9.87;;
URGENCES_P;2014;470000431;470000324;N2620;4;;4;3;1
URGENCES_P;2014;470000431;470000324;N9999;39;3;37.38;;
URGENCES_P;2014;470000431;470000324;NINF;20;1;20.01;3;1
URGENCES_P;2014;470000480;470001660;M9999;8;0;6.42;2;1
URGENCES_P;2014;470000480;470001660;N1220;1;1;0.94;2;1
URGENCES_P;2014;470000480;470001660;N2120;0;0;0;2;1
URGENCES_P;2014;470000480;470001660;N2500;4;0;4.34;;
URGENCES_P;2014;470000480;470001660;N9999;27;6;23.45;;
URGENCES_P;2014;470000480;470001660;NINF;14;2;10.77;2;1
URGENCES_P;2014;480000017;480780097;M9999;;16;14.03;;1
URGENCES_P;2014;480000017;480780097;N1220;2;;2.09;;0
URGENCES_P;2014;480000017;480780097;N2120;;1;0.25;;1
URGENCES_P;2014;480000017;480780097;N2500;3;;3;;
URGENCES_P;2014;480000017;480780097;N9999;;7;1;;
URGENCES_P;2014;480000017;480780097;NINF;;22;21.5;;1
URGENCES_P;2014;490000049;490000031;M1140;1;2;2.3;1;1
URGENCES_P;2014;490000049;490000031;M9999;8;25;20.43;1;1
URGENCES_P;2014;490000049;490000031;N1220;11;7;16.33;;
URGENCES_P;2014;490000049;490000031;N2120;4;0;3.08;;
URGENCES_P;2014;490000049;490000031;N2500;47;13;53.85;;
URGENCES_P;2014;490000049;490000031;N3120;0;3;0.69;;
URGENCES_P;2014;490000049;490000031;N9999;113;47;145.64;;
URGENCES_P;2014;490000049;490000031;NINF;41;24;61.99;;
URGENCES_P;2014;490000635;490000676;M9999;11;6;13.87;1;1
URGENCES_P;2014;490000635;490000676;N1220;7;1;8.01;2;1
URGENCES_P;2014;490000635;490000676;N2120;1;;1.36;2;1
URGENCES_P;2014;490000635;490000676;N2500;10;9;17.57;;
URGENCES_P;2014;490000635;490000676;N3120;1;;1;;
URGENCES_P;2014;490000635;490000676;N9999;41;32;70.09;;
URGENCES_P;2014;490000635;490000676;NINF;22;22;38.57;1;1
URGENCES_P;2014;490001765;490528452;M9999;3;12;6.86;;
URGENCES_P;2014;490001765;490528452;N1220;1;1;1.4;;
URGENCES_P;2014;490001765;490528452;N2120;1;1;1.15;;
URGENCES_P;2014;490001765;490528452;N2500;3;6;7.03;;
URGENCES_P;2014;490001765;490528452;N9999;27;13;33.9;;
URGENCES_P;2014;490001765;490528452;NINF;16;3;17.53;;
URGENCES_P;2014;490014909;490008109;M9999;7;;7;;
URGENCES_P;2014;490014909;490008109;N1220;3;;3;;
URGENCES_P;2014;490014909;490008109;N2120;;1;0.5;;
URGENCES_P;2014;490014909;490008109;N2500;6;3;6.45;;
URGENCES_P;2014;490014909;490008109;N2620;1;;1;;
URGENCES_P;2014;490014909;490008109;N9999;23;4;22.46;;
URGENCES_P;2014;490014909;490008109;NINF;14;;14;;
URGENCES_P;2014;500000021;500000054;M9999;8;1;4.17;1;1
URGENCES_P;2014;500000021;500000054;N1220;2;1;2.57;1;1
URGENCES_P;2014;500000021;500000054;N2120;1;0;1;1;1
URGENCES_P;2014;500000021;500000054;N2500;13;3;15.04;;
URGENCES_P;2014;500000021;500000054;N9999;31;7;36.42;;
URGENCES_P;2014;500000021;500000054;NINF;15;3;17.57;1;1
URGENCES_P;2014;500000187;500000013;M1140;1;;0.4;;0
URGENCES_P;2014;500000187;500000013;M9999;10;21;10.6;3;1
URGENCES_P;2014;500000187;500000013;N1220;9;3;11.15;3;1
URGENCES_P;2014;500000187;500000013;N2120;2;;1.48;2;1
URGENCES_P;2014;500000187;500000013;N2500;29;6;32.1;;
URGENCES_P;2014;500000187;500000013;N2620;5;;4.76;;0
URGENCES_P;2014;500000187;500000013;N3120;1;;0.5;;
URGENCES_P;2014;500000187;500000013;N9999;80;19;91.98;;
URGENCES_P;2014;500000187;500000013;NINF;32;9;39.16;1;1
URGENCES_P;2014;500000260;500000054;M9999;13;;5.1;1;1
URGENCES_P;2014;500000260;500000054;N1220;3;1;1.92;1;1
URGENCES_P;2014;500000260;500000054;N2120;1;;0.91;1;1
URGENCES_P;2014;500000260;500000054;N2500;12;1;11.96;;
URGENCES_P;2014;500000260;500000054;N2620;;;;1;1
URGENCES_P;2014;500000260;500000054;N9999;31;4;28.53;;
URGENCES_P;2014;500000260;500000054;NINF;15;2;13.74;1;1
URGENCES_P;2014;500000427;500000096;M1140;0;0;0;2;
URGENCES_P;2014;500000427;500000096;M9999;2;4;2.05;2;1
URGENCES_P;2014;500000427;500000096;N1220;1;0;0.5;2;1
URGENCES_P;2014;500000427;500000096;N2120;0;0;0;2;1
URGENCES_P;2014;500000427;500000096;N2500;4;0;3.09;;
URGENCES_P;2014;500000427;500000096;N9999;10;1;9.98;;
URGENCES_P;2014;500000427;500000096;NINF;6;1;6.39;2;1
URGENCES_P;2014;500000450;500000112;M9999;22;1;8.88;3;1
URGENCES_P;2014;500000450;500000112;N1220;3;2;3.51;;0
URGENCES_P;2014;500000450;500000112;N2120;2;;1.22;;0
URGENCES_P;2014;500000450;500000112;N2500;22;8;16.72;;
URGENCES_P;2014;500000450;500000112;N9999;55;27;50.22;;
URGENCES_P;2014;500000450;500000112;NINF;28;17;28.4;;0
URGENCES_P;2014;500000468;500000013;M9999;9;18;4.37;;1
URGENCES_P;2014;500000468;500000013;N1220;;3;2.35;3;1
URGENCES_P;2014;500000468;500000013;N2120;2;;0.87;2;1
URGENCES_P;2014;500000468;500000013;N2500;6;1;6.17;;
URGENCES_P;2014;500000468;500000013;N3120;;1;0.05;;
URGENCES_P;2014;500000468;500000013;N9999;17;6;18.57;;
URGENCES_P;2014;500000468;500000013;NINF;9;1;9.13;1;1
URGENCES_P;2014;500000591;500000393;M9999;1;;1;;0
URGENCES_P;2014;500000591;500000393;N1220;1;1;1.54;;0
URGENCES_P;2014;500000591;500000393;N2120;1;0;1;;0
URGENCES_P;2014;500000591;500000393;N2500;10;2;11.71;;
URGENCES_P;2014;500000591;500000393;N9999;27;4;29.46;;
URGENCES_P;2014;500000591;500000393;NINF;15;1;15.12;;0
URGENCES_P;2014;510000169;510000037;M9999;16;2;7.43;1;1
URGENCES_P;2014;510000169;510000037;N1220;2;0;1.5;;0
URGENCES_P;2014;510000169;510000037;N2120;1;0;0.45;2;1
URGENCES_P;2014;510000169;510000037;N2500;4;2;3.8;;
URGENCES_P;2014;510000169;510000037;N3120;1;0;0.54;;
URGENCES_P;2014;510000169;510000037;N9999;29;5;27.22;;
URGENCES_P;2014;510000169;510000037;NINF;15;3;16.93;;0
URGENCES_P;2014;510000185;510000532;M9999;4;2;;;
URGENCES_P;2014;510000185;510000532;N1220;4;;3.84;;
URGENCES_P;2014;510000185;510000532;N2500;2;;2.15;;
URGENCES_P;2014;510000185;510000532;NINF;8;2;9.16;;
URGENCES_P;2014;510000193;510000557;M9999;3;2;;;
URGENCES_P;2014;510000193;510000557;N2500;6;;5.85;;
URGENCES_P;2014;510000193;510000557;NINF;6;;5.51;;
URGENCES_P;2014;510000235;510000060;M9999;11;;5.9;2;1
URGENCES_P;2014;510000235;510000060;N1220;2;0;1.19;;0
URGENCES_P;2014;510000235;510000060;N2120;2;0;0.9;2;1
URGENCES_P;2014;510000235;510000060;N2500;3;0;3;;
URGENCES_P;2014;510000235;510000060;N9999;32;6;30.16;;
URGENCES_P;2014;510000235;510000060;NINF;17;6;17.9;2;1
URGENCES_P;2014;510000250;510000078;M9999;3;4;3;3;1
URGENCES_P;2014;510000250;510000078;N1220;1;1;1.75;;0
URGENCES_P;2014;510000250;510000078;N2120;1;0;1;;0
URGENCES_P;2014;510000250;510000078;N2500;6;0;6;;
URGENCES_P;2014;510000250;510000078;N3120;0;1;0.05;;
URGENCES_P;2014;510000250;510000078;N9999;17;3;18.6;;
URGENCES_P;2014;510000250;510000078;NINF;9;1;9.8;;0
URGENCES_P;2014;510002470;510000029;M1140;4;1;1;;
URGENCES_P;2014;510002470;510000029;M9999;4;1;1;;0
URGENCES_P;2014;510002470;510000029;N1220;2;2;2.7;;0
URGENCES_P;2014;510002470;510000029;N2120;1;0;1;;0
URGENCES_P;2014;510002470;510000029;N2500;0;1;0.8;;
URGENCES_P;2014;510002470;510000029;N9999;26;18;38.8;;
URGENCES_P;2014;510002470;510000029;NINF;14;13;24.3;;0
URGENCES_P;2014;510004302;510000029;M9999;13;1;3.75;;0
URGENCES_P;2014;510004302;510000029;N1220;6;5;9.3;;0
URGENCES_P;2014;510004302;510000029;N2120;2;1;2.3;;0
URGENCES_P;2014;510004302;510000029;N2500;14;4;16.7;;
URGENCES_P;2014;510004302;510000029;N2620;2;0;2;;0
URGENCES_P;2014;510004302;510000029;N9999;75;25;92.9;;
URGENCES_P;2014;510004302;510000029;NINF;27;10;34.7;;0
URGENCES_P;2014;520000027;520780032;M9999;9;2;10.8;3;1
URGENCES_P;2014;520000027;520780032;N1220;0;1;1.29;;1
URGENCES_P;2014;520000027;520780032;N2120;0;1;0.5;;0
URGENCES_P;2014;520000027;520780032;N2500;5;1;5.71;;
URGENCES_P;2014;520000027;520780032;N2620;2;0;3.16;;1
URGENCES_P;2014;520000027;520780032;N9999;26;12;33.91;;
URGENCES_P;2014;520000027;520780032;NINF;19;9;23.25;;1
URGENCES_P;2014;520000043;520780057;M9999;7;;7;;1
URGENCES_P;2014;520000043;520780057;N1220;;2;1.2;;
URGENCES_P;2014;520000043;520780057;N2120;;1;0.4;;
URGENCES_P;2014;520000043;520780057;N2500;2;3;4.4;;
URGENCES_P;2014;520000043;520780057;N9999;13;8;18.2;;
URGENCES_P;2014;520000043;520780057;NINF;11;2;12.2;;
URGENCES_P;2014;520000068;520780073;M9999;11;3;8.56;3;1
URGENCES_P;2014;520000068;520780073;N1220;1;1;1.8;3;1
URGENCES_P;2014;520000068;520780073;N2120;1;;0.96;3;1
URGENCES_P;2014;520000068;520780073;N2500;11;2;12.35;;
URGENCES_P;2014;520000068;520780073;N2620;;1;0.8;;0
URGENCES_P;2014;520000068;520780073;N9999;32;5;36.65;;
URGENCES_P;2014;520000068;520780073;NINF;19;2;21.08;1;1
URGENCES_P;2014;530000017;530000025;M9999;2;3;3.24;;
URGENCES_P;2014;530000017;530000025;N1220;;2;1.18;;
URGENCES_P;2014;530000017;530000025;N2120;;1;0.9;;
URGENCES_P;2014;530000017;530000025;N2500;5;5;9.42;;
URGENCES_P;2014;530000017;530000025;NINF;8;6;11.26;;
URGENCES_P;2014;530000173;530000074;M9999;8;3;9.08;2;1
URGENCES_P;2014;530000173;530000074;N1220;;5;1.9;;0
URGENCES_P;2014;530000173;530000074;N2120;2;0;0.9;;0
URGENCES_P;2014;530000173;530000074;N2500;10;6;12.34;;
URGENCES_P;2014;530000173;530000074;N9999;39;20;40.93;;
URGENCES_P;2014;530000173;530000074;NINF;23;7;21.29;;0
URGENCES_P;2014;530000264;530000371;M1140;5;;1;;
URGENCES_P;2014;530000264;530000371;M9999;11;2;9.58;;
URGENCES_P;2014;530000264;530000371;N1220;3;0;3;;
URGENCES_P;2014;530000264;530000371;N2120;1;0;0.77;;
URGENCES_P;2014;530000264;530000371;N2500;19;3;21.83;;
URGENCES_P;2014;530000264;530000371;NINF;24;3;26.89;;
URGENCES_P;2014;540000023;540000049;M9999;5;0;5.05;2;1
URGENCES_P;2014;540000023;540000049;N1220;1;0;0.52;2;1
URGENCES_P;2014;540000023;540000049;N2120;1;0;0.6;2;1
URGENCES_P;2014;540000023;540000049;N2500;1;0;1.06;;
URGENCES_P;2014;540000023;540000049;N9999;13;2;12.6;;
URGENCES_P;2014;540000023;540000049;NINF;10;2;10.42;2;1
URGENCES_P;2014;540000155;540000080;M9999;;11;3.88;3;1
URGENCES_P;2014;540000155;540000080;N1220;3;1;3.3;3;1
URGENCES_P;2014;540000155;540000080;N2120;;1;0.4;2;1
URGENCES_P;2014;540000155;540000080;N2500;6;;5.84;;
URGENCES_P;2014;540000155;540000080;N3120;;1;0.1;;
URGENCES_P;2014;540000155;540000080;N9999;15;9;19.02;;
URGENCES_P;2014;540000155;540000080;NINF;6;6;9.38;1;0
URGENCES_P;2014;540000296;540000106;M9999;;20;0.57;3;1
URGENCES_P;2014;540000296;540000106;N2120;1;;0.4;3;1
URGENCES_P;2014;540000296;540000106;N9999;10;3;7.24;;
URGENCES_P;2014;540000296;540000106;NINF;9;3;6.84;3;1
URGENCES_P;2014;540000486;540000932;M9999;;4;2;;0
URGENCES_P;2014;540000486;540000932;N1220;3;;3;;0
URGENCES_P;2014;540000486;540000932;N2500;4;2;4.7;;
URGENCES_P;2014;540000486;540000932;N9999;20;6;22.84;;
URGENCES_P;2014;540000486;540000932;NINF;13;4;15.14;;0
URGENCES_P;2014;540001070;540000767;M9999;;8;3.92;3;1
URGENCES_P;2014;540001070;540000767;N1220;;1;0.98;;0
URGENCES_P;2014;540001070;540000767;N2120;;3;0.95;2;1
URGENCES_P;2014;540001070;540000767;N2500;;15;6.11;;
URGENCES_P;2014;540001070;540000767;N2620;7;;7;;0
URGENCES_P;2014;540001070;540000767;NINF;;23;12.98;2;1
URGENCES_P;2014;540001096;570010181;M9999;;8;5.81;3;1
URGENCES_P;2014;540001096;570010181;N2120;;1;0.78;3;1
URGENCES_P;2014;540001096;570010181;N2500;;10;7.47;;
URGENCES_P;2014;540001096;570010181;NINF;;22;16.89;3;1
URGENCES_P;2014;540001138;540023264;M9999;29;1;13.59;1;1
URGENCES_P;2014;540001138;540023264;N1220;2;2;3.41;1;1
URGENCES_P;2014;540001138;540023264;N2120;3;0;1.46;1;1
URGENCES_P;2014;540001138;540023264;N2500;27;1;23.45;;
URGENCES_P;2014;540001138;540023264;N3120;3;1;1.67;;
URGENCES_P;2014;540001138;540023264;N9999;91;20;85.06;;
URGENCES_P;2014;540001138;540023264;NINF;42;15;43.03;1;1
URGENCES_P;2014;540002698;540023264;M9999;17;12;5.73;;0
URGENCES_P;2014;540002698;540023264;N1220;3;0;0.86;;0
URGENCES_P;2014;540002698;540023264;N2120;1;0;0.88;;0
URGENCES_P;2014;540002698;540023264;N2500;5;0;4.99;;
URGENCES_P;2014;540002698;540023264;N2620;1;0;0.98;;0
URGENCES_P;2014;540002698;540023264;N9999;33;8;34.48;;
URGENCES_P;2014;540002698;540023264;NINF;19;6;21.6;;0
URGENCES_P;2014;550000012;550006795;M3020;1;;0.5;;
URGENCES_P;2014;550000012;550006795;M9999;16;1;7.29;2;1
URGENCES_P;2014;550000012;550006795;N1220;1;;1;2;1
URGENCES_P;2014;550000012;550006795;N2120;1;;1;2;1
URGENCES_P;2014;550000012;550006795;N2500;9;;9;;
URGENCES_P;2014;550000012;550006795;N2620;2;;2;;0
URGENCES_P;2014;550000012;550006795;N3120;1;;1;;
URGENCES_P;2014;550000012;550006795;N9999;40;;40;;
URGENCES_P;2014;550000012;550006795;NINF;26;;26;;1
URGENCES_P;2014;550000434;550003354;M3020;1;;0.2;;
URGENCES_P;2014;550000434;550003354;M9999;4;6;6.51;1;1
URGENCES_P;2014;550000434;550003354;N1220;;2;1.7;2;1
URGENCES_P;2014;550000434;550003354;N2120;;1;0.5;2;1
URGENCES_P;2014;550000434;550003354;N2500;;1;0.35;;
URGENCES_P;2014;550000434;550003354;N3120;;1;0.06;;
URGENCES_P;2014;550000434;550003354;N9999;2;27;19.38;;
URGENCES_P;2014;550000434;550003354;NINF;2;22;16.77;1;1
URGENCES_P;2014;560000127;560023210;M1140;5;;1;;
URGENCES_P;2014;560000127;560023210;M9999;18;4;15.5;;1
URGENCES_P;2014;560000127;560023210;N1220;14;2;15.57;;
URGENCES_P;2014;560000127;560023210;N2120;3;0;3.04;;
URGENCES_P;2014;560000127;560023210;N2500;52;8;41.6;;
URGENCES_P;2014;560000127;560023210;N3120;0;2;1;;
URGENCES_P;2014;560000127;560023210;N9999;148;31;112.68;;
URGENCES_P;2014;560000127;560023210;NINF;74;21;47.63;;
URGENCES_P;2014;560000135;560005746;M1140;7;3;2.05;;0
URGENCES_P;2014;560000135;560005746;M3020;1;;1;;
URGENCES_P;2014;560000135;560005746;M9999;22;9;19.8;2;1
URGENCES_P;2014;560000135;560005746;N1220;5;2;7.04;;1
URGENCES_P;2014;560000135;560005746;N2120;3;;2.69;;1
URGENCES_P;2014;560000135;560005746;N2500;33;2;32.67;;
URGENCES_P;2014;560000135;560005746;NINF;63;13;58.88;;1
URGENCES_P;2014;560000143;560014748;M9999;8;7;14.54;;1
URGENCES_P;2014;560000143;560014748;N1220;4;3;5.6;2;
URGENCES_P;2014;560000143;560014748;N2120;0;2;1.25;2;
URGENCES_P;2014;560000143;560014748;N2500;23;2;15.5;;
URGENCES_P;2014;560000143;560014748;N9999;53;8;43.35;;
URGENCES_P;2014;560000143;560014748;NINF;26;1;21;2;
URGENCES_P;2014;560000192;560000044;M9999;5;9;8.98;3;1
URGENCES_P;2014;560000192;560000044;N1220;2;2;2.76;3;1
URGENCES_P;2014;560000192;560000044;N2120;1;;1;3;1
URGENCES_P;2014;560000192;560000044;N2500;9;2;10.06;;
URGENCES_P;2014;560000192;560000044;N9999;29;15;34.88;;
URGENCES_P;2014;560000192;560000044;NINF;17;10;20.91;3;1
URGENCES_P;2014;560000200;560023210;M9999;;;0.32;;1
URGENCES_P;2014;560000200;560023210;N2500;1;0;0.03;;
URGENCES_P;2014;560000200;560023210;N9999;52;6;2.72;;
URGENCES_P;2014;560000200;560023210;NINF;51;6;2.69;;
URGENCES_P;2014;570000059;570025254;M9999;12;4;4.71;2;1
URGENCES_P;2014;570000059;570025254;N1220;4;0;4;;0
URGENCES_P;2014;570000059;570025254;N2120;1;;1;;0
URGENCES_P;2014;570000059;570025254;N2500;4;1;4.91;;
URGENCES_P;2014;570000059;570025254;N3120;1;1;1.15;;
URGENCES_P;2014;570000059;570025254;N9999;39;14;43.86;;
URGENCES_P;2014;570000059;570025254;NINF;25;5;24.93;;0
URGENCES_P;2014;570000117;570015099;M9999;9;2;9.37;2;1
URGENCES_P;2014;570000117;570015099;N1220;2;2;2.8;2;1
URGENCES_P;2014;570000117;570015099;N2120;1;;0.92;2;1
URGENCES_P;2014;570000117;570015099;N2500;6;;4.5;;
URGENCES_P;2014;570000117;570015099;N3120;;2;0.04;;
URGENCES_P;2014;570000117;570015099;N9999;31;6;25.96;;
URGENCES_P;2014;570000117;570015099;NINF;22;2;17.7;2;1
URGENCES_P;2014;570000216;570010173;M3020;;2;0.29;;
URGENCES_P;2014;570000216;570010173;M9999;9;4;9.88;;0
URGENCES_P;2014;570000216;570010173;N1220;3;;4.27;;0
URGENCES_P;2014;570000216;570010173;N2120;1;;1;;0
URGENCES_P;2014;570000216;570010173;N2500;5;1;6.86;;
URGENCES_P;2014;570000216;570010173;N2620;1;;1.15;;0
URGENCES_P;2014;570000216;570010173;N3120;;1;0.19;;
URGENCES_P;2014;570000216;570010173;N9999;33;11;45.45;;
URGENCES_P;2014;570000216;570010173;NINF;23;9;31.98;;0
URGENCES_P;2014;570000349;570005165;M1140;;7;2.35;;0
URGENCES_P;2014;570000349;570005165;M9999;;29;11.15;1;1
URGENCES_P;2014;570000349;570005165;N1220;;2;1.5;2;1
URGENCES_P;2014;570000349;570005165;N2120;2;;2;;0
URGENCES_P;2014;570000349;570005165;N2500;24;4;27;;
URGENCES_P;2014;570000349;570005165;N3120;;1;0.6;;
URGENCES_P;2014;570000349;570005165;N9999;71;11;78.7;;
URGENCES_P;2014;570000349;570005165;NINF;45;4;47.6;;0
URGENCES_P;2014;570000596;750821092;M9999;4;8;6.07;;
URGENCES_P;2014;570000596;750821092;N1220;2;;2;;
URGENCES_P;2014;570000596;750821092;N2120;1;;1;;
URGENCES_P;2014;570000596;750821092;N2500;8;;8;;
URGENCES_P;2014;570000596;750821092;N2620;1;;1;;
URGENCES_P;2014;570000596;750821092;N9999;30;;30;;
URGENCES_P;2014;570000596;750821092;NINF;19;;19;;
URGENCES_P;2014;570000646;570001115;M9999;4;;4;;
URGENCES_P;2014;570000646;570001115;N1220;3;;3;;
URGENCES_P;2014;570000646;570001115;N2120;1;;1;;
URGENCES_P;2014;570000646;570001115;N2500;1;;1;;
URGENCES_P;2014;570000646;570001115;N9999;18;;15.57;;
URGENCES_P;2014;570000646;570001115;NINF;13;;10.57;;
URGENCES_P;2014;570000901;570000158;M9999;10;1;4;;1
URGENCES_P;2014;570000901;570000158;N1220;4;;4.1;;1
URGENCES_P;2014;570000901;570000158;N2120;;;0.03;;1
URGENCES_P;2014;570000901;570000158;N2500;5;;5.23;;
URGENCES_P;2014;570000901;570000158;N9999;28;8;32.63;;
URGENCES_P;2014;570000901;570000158;NINF;24;8;28.37;;1
URGENCES_P;2014;570026682;570005165;M1140;;10;3.95;;0
URGENCES_P;2014;570026682;570005165;M9999;1;35;10.05;1;1
URGENCES_P;2014;570026682;570005165;N1220;1;2;2;2;1
URGENCES_P;2014;570026682;570005165;N2120;2;1;2.5;2;1
URGENCES_P;2014;570026682;570005165;N2500;26;;26;;
URGENCES_P;2014;570026682;570005165;N3120;1;;1;;
URGENCES_P;2014;570026682;570005165;N9999;61;41;85.7;;
URGENCES_P;2014;570026682;570005165;NINF;31;38;54.2;1;1
URGENCES_P;2014;580972669;580780070;M9999;2;2;2.59;3;1
URGENCES_P;2014;580972669;580780070;N1220;;1;0.8;;1
URGENCES_P;2014;580972669;580780070;N2120;1;;1;3;1
URGENCES_P;2014;580972669;580780070;N2500;7;;7;;
URGENCES_P;2014;580972669;580780070;N2620;;1;0.5;;
URGENCES_P;2014;580972669;580780070;NINF;5;1;5.86;3;1
URGENCES_P;2014;580972677;580780088;M9999;1;1;1.6;;1
URGENCES_P;2014;580972677;580780088;N1220;4;2;5.7;;1
URGENCES_P;2014;580972677;580780088;N2120;1;;1;;1
URGENCES_P;2014;580972677;580780088;N2500;3;1;3.8;;
URGENCES_P;2014;580972677;580780088;N2620;6;;6;;1
URGENCES_P;2014;580972677;580780088;NINF;15;1;15.8;;1
URGENCES_P;2014;580972685;580780096;M9999;5;4;4.14;2;1
URGENCES_P;2014;580972685;580780096;N1220;2;;1.1;2;1
URGENCES_P;2014;580972685;580780096;N2120;1;;0.35;2;1
URGENCES_P;2014;580972685;580780096;N2500;3;;2.11;;
URGENCES_P;2014;580972685;580780096;N2620;1;;0.5;2;1
URGENCES_P;2014;580972685;580780096;N3120;1;;0.5;;
URGENCES_P;2014;580972685;580780096;N9999;20;2;15.81;;
URGENCES_P;2014;580972685;580780096;NINF;11;2;11.7;2;1
URGENCES_P;2014;580972693;580780039;M1140;7;1;1.95;;0
URGENCES_P;2014;580972693;580780039;M3020;2;1;0.6;;
URGENCES_P;2014;580972693;580780039;M9999;22;3;17.02;3;1
URGENCES_P;2014;580972693;580780039;N1220;6;1;6.83;2;1
URGENCES_P;2014;580972693;580780039;N2120;3;;3;2;1
URGENCES_P;2014;580972693;580780039;N2500;21;1;20.02;;
URGENCES_P;2014;580972693;580780039;N9999;62;4;62.51;;
URGENCES_P;2014;580972693;580780039;NINF;30;1;32.66;1;1
URGENCES_P;2014;590000121;590780227;M1140;1;;1;;
URGENCES_P;2014;590000121;590780227;M9999;5;2;7.37;;
URGENCES_P;2014;590000121;590780227;N1220;2;1;2.86;;
URGENCES_P;2014;590000121;590780227;N2120;;1;0.79;;
URGENCES_P;2014;590000121;590780227;N2500;13;2;15.51;;
URGENCES_P;2014;590000121;590780227;N2620;7;;6.1;;
URGENCES_P;2014;590000121;590780227;NINF;19;6;26.06;;
URGENCES_P;2014;590000337;590781415;M1140;;8;1;;0
URGENCES_P;2014;590000337;590781415;M9999;;23;20.9;3;1
URGENCES_P;2014;590000337;590781415;N1220;;4;2.5;2;1
URGENCES_P;2014;590000337;590781415;N2120;1;2;2.05;3;1
URGENCES_P;2014;590000337;590781415;N2500;20;14;27.4;;
URGENCES_P;2014;590000337;590781415;N2620;;;;1;1
URGENCES_P;2014;590000337;590781415;N9999;21;87;75.05;;
URGENCES_P;2014;590000337;590781415;NINF;0;67;43.1;3;1
URGENCES_P;2014;590000428;590781605;M9999;8;;7.97;1;1
URGENCES_P;2014;590000428;590781605;N1220;2;0;2;;0
URGENCES_P;2014;590000428;590781605;N2120;2;0;1.21;;0
URGENCES_P;2014;590000428;590781605;N2500;17;4;19.33;;
URGENCES_P;2014;590000428;590781605;N9999;38;6;38.94;;
URGENCES_P;2014;590000428;590781605;NINF;27;2;26.6;;0
URGENCES_P;2014;590000436;590781621;M9999;6;2;6.7;;0
URGENCES_P;2014;590000436;590781621;N1220;1;;0.45;;0
URGENCES_P;2014;590000436;590781621;N2500;7;1;8.2;;
URGENCES_P;2014;590000436;590781621;NINF;7;3;9.79;;0
URGENCES_P;2014;590000469;590781662;M9999;8;3;9.5;3;1
URGENCES_P;2014;590000469;590781662;N1220;1;0;0.5;;
URGENCES_P;2014;590000469;590781662;N2120;1;0;1;;
URGENCES_P;2014;590000469;590781662;N2500;9;0;8.59;;
URGENCES_P;2014;590000469;590781662;N9999;34;3;35.31;;
URGENCES_P;2014;590000469;590781662;NINF;17;3;18.85;;
URGENCES_P;2014;590000535;590781803;M1140;6;;0.67;;0
URGENCES_P;2014;590000535;590781803;M9999;22;;12.43;3;1
URGENCES_P;2014;590000535;590781803;N1220;2;;1.5;;0
URGENCES_P;2014;590000535;590781803;N2120;;;;2;1
URGENCES_P;2014;590000535;590781803;N2500;23;2;22.05;;
URGENCES_P;2014;590000535;590781803;N9999;55;3;55.34;;
URGENCES_P;2014;590000535;590781803;NINF;24;1;26.17;;0
URGENCES_P;2014;590000592;590782165;M9999;8;6;11.4;;
URGENCES_P;2014;590000592;590782165;N1220;2;0;2;;
URGENCES_P;2014;590000592;590782165;N2120;1;0;1;;
URGENCES_P;2014;590000592;590782165;N2500;8;4;11.2;;
URGENCES_P;2014;590000592;590782165;NINF;22;4;24.6;;
URGENCES_P;2014;590000618;590782215;M1140;2;2;1.41;;0
URGENCES_P;2014;590000618;590782215;M9999;27;1;16.5;1;1
URGENCES_P;2014;590000618;590782215;N1220;4;;2.5;;
URGENCES_P;2014;590000618;590782215;N2120;1;;1.11;;
URGENCES_P;2014;590000618;590782215;N2500;21;13;33.54;;
URGENCES_P;2014;590000618;590782215;N3120;;1;0.86;;
URGENCES_P;2014;590000618;590782215;N9999;122;29;134.21;;
URGENCES_P;2014;590000618;590782215;NINF;66;11;64.82;;
URGENCES_P;2014;590000758;590782637;M9999;5;1;5.3;2;1
URGENCES_P;2014;590000758;590782637;N1220;1;1;1.8;2;1
URGENCES_P;2014;590000758;590782637;N2120;1;;1;2;1
URGENCES_P;2014;590000758;590782637;N2500;16;2;16;;
URGENCES_P;2014;590000758;590782637;N9999;39;7;43.46;;
URGENCES_P;2014;590000758;590782637;NINF;21;4;24.06;;0
URGENCES_P;2014;590000774;590782652;M9999;5;;4.5;;
URGENCES_P;2014;590000774;590782652;N1220;1;;1;;
URGENCES_P;2014;590000774;590782652;N2120;2;;0.67;;
URGENCES_P;2014;590000774;590782652;N2500;7;;6.15;;
URGENCES_P;2014;590000774;590782652;NINF;10;;9.15;;
URGENCES_P;2014;590001004;590783239;M1140;1;2;2.2;;
URGENCES_P;2014;590001004;590783239;M9999;16;3;7.93;3;1
URGENCES_P;2014;590001004;590783239;N1220;4;;1.35;;
URGENCES_P;2014;590001004;590783239;N2120;1;2;2.04;;1
URGENCES_P;2014;590001004;590783239;N2500;36;3;36.47;;
URGENCES_P;2014;590001004;590783239;N3120;1;1;0.7;;
URGENCES_P;2014;590001004;590783239;NINF;45;6;51.86;;0
URGENCES_P;2014;590001749;590788956;M9999;1;5;5;;
URGENCES_P;2014;590001749;590788956;N1220;;3;1.89;;
URGENCES_P;2014;590001749;590788956;N2500;5;2;6.01;;
URGENCES_P;2014;590001749;590788956;N3120;;1;0.05;;
URGENCES_P;2014;590001749;590788956;N9999;14;7;17.13;;
URGENCES_P;2014;590001749;590788956;NINF;9;;9;;
URGENCES_P;2014;590008041;590008033;M9999;4;;4;;
URGENCES_P;2014;590008041;590008033;N2120;1;;1;;
URGENCES_P;2014;590008041;590008033;N2500;2;1;2.11;;
URGENCES_P;2014;590008041;590008033;NINF;15;3;16.83;;
URGENCES_P;2014;590780284;590051801;M9999;6;;6.44;;
URGENCES_P;2014;590780284;590051801;N2120;1;;1;;
URGENCES_P;2014;590780284;590051801;N2500;6;12;8.23;;
URGENCES_P;2014;590780284;590051801;NINF;10;3;13.97;;
URGENCES_P;2014;590796975;590780193;M1140;5;;4.69;;
URGENCES_P;2014;590796975;590780193;M3020;1;;1;;
URGENCES_P;2014;590796975;590780193;M9999;19;;23.54;;
URGENCES_P;2014;590796975;590780193;N1220;4;1;3.84;;
URGENCES_P;2014;590796975;590780193;N2120;4;1;5.52;;
URGENCES_P;2014;590796975;590780193;N2500;59;7;63.95;;
URGENCES_P;2014;590796975;590780193;N9999;149;31;167.41;;
URGENCES_P;2014;590796975;590780193;NINF;69;13;74.84;;
URGENCES_P;2014;590797353;590051801;M1140;4;;3.98;;
URGENCES_P;2014;590797353;590051801;M9999;14;1;13.39;;
URGENCES_P;2014;590797353;590051801;N2120;2;;2;;
URGENCES_P;2014;590797353;590051801;N2500;9;7;12.48;;
URGENCES_P;2014;590797353;590051801;NINF;27;19;36.02;;
URGENCES_P;2014;590801106;590782421;M1140;5;2;2.1;;
URGENCES_P;2014;590801106;590782421;M9999;26;31;21.91;;
URGENCES_P;2014;590801106;590782421;N2120;2;3;3.67;2;1
URGENCES_P;2014;590801106;590782421;N2500;28;5;31.24;;
URGENCES_P;2014;590801106;590782421;NINF;37;18;48.43;1;1
URGENCES_P;2014;590804696;590781902;M9999;15;2;9.83;1;1
URGENCES_P;2014;590804696;590781902;N1220;2;;1.58;;0
URGENCES_P;2014;590804696;590781902;N2120;3;;1.58;2;1
URGENCES_P;2014;590804696;590781902;N2500;25;2;25.97;;
URGENCES_P;2014;590804696;590781902;N2620;7;1;6.9;;0
URGENCES_P;2014;590804696;590781902;N3120;;2;1;;
URGENCES_P;2014;590804696;590781902;N9999;83;17;88.74;;
URGENCES_P;2014;590804696;590781902;NINF;31;11;39.51;;0
URGENCES_P;2014;590816310;590000048;M9999;2;2;3;;
URGENCES_P;2014;590816310;590000048;N1220;;4;2;;
URGENCES_P;2014;590816310;590000048;N2120;0;1;0.5;;
URGENCES_P;2014;590816310;590000048;N2500;2;;2;;
URGENCES_P;2014;590816310;590000048;N9999;10;3;12;;
URGENCES_P;2014;590816310;590000048;NINF;7;2;0.89;;
URGENCES_P;2014;600000053;600101984;M1140;2;2;0.75;;0
URGENCES_P;2014;600000053;600101984;M9999;9;4;8.45;;0
URGENCES_P;2014;600000053;600101984;N1220;3;0;2;2;1
URGENCES_P;2014;600000053;600101984;N2120;1;0;0.6;2;1
URGENCES_P;2014;600000053;600101984;N2500;11;5;14.16;;
URGENCES_P;2014;600000053;600101984;N3120;0;1;0.3;;
URGENCES_P;2014;600000053;600101984;N9999;40;11;44.99;;
URGENCES_P;2014;600000053;600101984;NINF;20;5;23.19;1;1
URGENCES_P;2014;600000186;600100648;M9999;4;8;8.1;2;1
URGENCES_P;2014;600000186;600100648;N1220;1;0;1;2;1
URGENCES_P;2014;600000186;600100648;N2120;1;;1;2;1
URGENCES_P;2014;600000186;600100648;N2500;7;0;6.5;;
URGENCES_P;2014;600000186;600100648;N9999;25;2;24.2;;
URGENCES_P;2014;600000186;600100648;NINF;16;2;16.7;2;1
URGENCES_P;2014;600000194;600100713;M1140;10;3;10.8;;0
URGENCES_P;2014;600000194;600100713;M9999;10;3;10.8;;0
URGENCES_P;2014;600000194;600100713;N1220;10;3;12.15;;0
URGENCES_P;2014;600000194;600100713;N2120;1;;2.25;;0
URGENCES_P;2014;600000194;600100713;N2500;10;3;13.58;;
URGENCES_P;2014;600000194;600100713;N2620;2;;2;;0
URGENCES_P;2014;600000194;600100713;NINF;43;12;49.26;;0
URGENCES_P;2014;600000285;600100721;M1140;0;0;0;1;1
URGENCES_P;2014;600000285;600100721;M9999;5;1;2.89;1;1
URGENCES_P;2014;600000285;600100721;N1220;0;1;0.7;2;1
URGENCES_P;2014;600000285;600100721;N2120;1;0;0.7;2;1
URGENCES_P;2014;600000285;600100721;N2500;16;2;14.63;;
URGENCES_P;2014;600000285;600100721;N9999;34;5;29.44;;
URGENCES_P;2014;600000285;600100721;NINF;15;1;10.75;1;1
URGENCES_P;2014;600000467;600101984;M1140;8;2;2.32;;0
URGENCES_P;2014;600000467;600101984;M9999;19;8;15.62;;0
URGENCES_P;2014;600000467;600101984;N1220;4;3;6.61;2;1
URGENCES_P;2014;600000467;600101984;N2120;1;0;1.15;2;1
URGENCES_P;2014;600000467;600101984;N2500;28;5;31.98;;
URGENCES_P;2014;600000467;600101984;N2620;14;0;13.85;;0
URGENCES_P;2014;600000467;600101984;N9999;89;16;98.67;;
URGENCES_P;2014;600000467;600101984;NINF;41;8;44.98;1;1
URGENCES_P;2014;600100754;600000228;M9999;5;;5;;
URGENCES_P;2014;600100754;600000228;N1220;3;0;3.2;;
URGENCES_P;2014;600100754;600000228;N2120;1;;1.09;;
URGENCES_P;2014;600100754;600000228;N2500;3;13;5.46;;
URGENCES_P;2014;600100754;600000228;N9999;13;49;21.33;;
URGENCES_P;2014;600100754;600000228;NINF;6;35;11.03;;
URGENCES_P;2014;600113476;600100721;M9999;16;5;10.62;1;1
URGENCES_P;2014;600113476;600100721;N1220;3;0;2.06;;0
URGENCES_P;2014;600113476;600100721;N2120;2;0;1.02;2;1
URGENCES_P;2014;600113476;600100721;N2500;22;1;23.35;;
URGENCES_P;2014;600113476;600100721;N9999;69;11;64.11;;
URGENCES_P;2014;600113476;600100721;NINF;33;10;28.5;1;1
URGENCES_P;2014;610000044;610780074;M9999;6;4;4.46;;
URGENCES_P;2014;610000044;610780074;N1220;2;0;1.93;;
URGENCES_P;2014;610000044;610780074;N2120;1;0;0.66;;
URGENCES_P;2014;610000044;610780074;N2500;7;0;7;;
URGENCES_P;2014;610000044;610780074;N2620;8;0;4;;
URGENCES_P;2014;610000044;610780074;N9999;24;1;16.66;;
URGENCES_P;2014;610000044;610780074;NINF;14;1;7.29;;1
URGENCES_P;2014;610000051;610780082;M9999;7;6;12.71;1;1
URGENCES_P;2014;610000051;610780082;N1220;3;;3.2;;0
URGENCES_P;2014;610000051;610780082;N2120;1;1;1.9;;0
URGENCES_P;2014;610000051;610780082;N2500;17;4;21.98;;
URGENCES_P;2014;610000051;610780082;N9999;60;9;62.74;;
URGENCES_P;2014;610000051;610780082;NINF;34;4;32.7;;0
URGENCES_P;2014;610000069;610780090;M9999;2;8;5.18;1;1
URGENCES_P;2014;610000069;610780090;N1220;1;2;2.4;2;1
URGENCES_P;2014;610000069;610780090;N2120;;1;0.8;2;1
URGENCES_P;2014;610000069;610780090;N2500;8;1;8.8;;
URGENCES_P;2014;610000069;610780090;N9999;33;11;39.08;;
URGENCES_P;2014;610000069;610780090;NINF;17;7;20.08;2;1
URGENCES_P;2014;610000077;610780124;M9999;4;;2.6;3;1
URGENCES_P;2014;610000077;610780124;N1220;3;;1.01;3;1
URGENCES_P;2014;610000077;610780124;N2120;1;;0.75;3;1
URGENCES_P;2014;610000077;610780124;N2500;7;2;7.6;;
URGENCES_P;2014;610000077;610780124;N9999;22;6;22.25;;
URGENCES_P;2014;610000077;610780124;NINF;8;4;9.95;3;1
URGENCES_P;2014;610000119;610780165;M9999;9;1;5.17;3;1
URGENCES_P;2014;610000119;610780165;N1220;2;2;3.3;3;1
URGENCES_P;2014;610000119;610780165;N2120;1;0;1;3;1
URGENCES_P;2014;610000119;610780165;N2500;17;1;13.21;;
URGENCES_P;2014;610000119;610780165;N3120;2;0;1;;
URGENCES_P;2014;610000119;610780165;N9999;43;5;41.08;;
URGENCES_P;2014;610000119;610780165;NINF;18;2;23.77;3;1
URGENCES_P;2014;610780116;610790594;M9999;3;2;2.49;3;1
URGENCES_P;2014;610780116;610790594;N1220;1;;0.2;2;0
URGENCES_P;2014;610780116;610790594;N2120;1;;1;2;1
URGENCES_P;2014;610780116;610790594;N2500;13;;10.08;;
URGENCES_P;2014;610780116;610790594;N9999;27;2;20.09;;
URGENCES_P;2014;610780116;610790594;NINF;12;2;9.1;2;1
URGENCES_P;2014;620000034;620100057;M1140;;6;1;;0
URGENCES_P;2014;620000034;620100057;M9999;;29;7.79;1;1
URGENCES_P;2014;620000034;620100057;N1220;3;1;3.5;;0
URGENCES_P;2014;620000034;620100057;N2120;1;1;1.1;;0
URGENCES_P;2014;620000034;620100057;N2500;23;3;23.36;;
URGENCES_P;2014;620000034;620100057;N2620;1;0;1;;0
URGENCES_P;2014;620000034;620100057;N3120;0;1;0.3;;
URGENCES_P;2014;620000034;620100057;NINF;24;13;35.57;;1
URGENCES_P;2014;620000224;620100651;M9999;10;4;7.12;3;1
URGENCES_P;2014;620000224;620100651;N1220;1;1;1.5;2;1
URGENCES_P;2014;620000224;620100651;N2120;3;;3;2;1
URGENCES_P;2014;620000224;620100651;N2500;27;20;18.2;;
URGENCES_P;2014;620000224;620100651;N2620;22;23;13.03;;0
URGENCES_P;2014;620000224;620100651;N3120;1;;1;;
URGENCES_P;2014;620000224;620100651;NINF;28;35;42.14;;0
URGENCES_P;2014;620000257;620100685;M9999;16;4;11.36;1;1
URGENCES_P;2014;620000257;620100685;N1220;4;;2.17;2;1
URGENCES_P;2014;620000257;620100685;N2120;2;;2.79;2;1
URGENCES_P;2014;620000257;620100685;N2500;49;;46.81;;
URGENCES_P;2014;620000257;620100685;N2620;;2;1.8;2;1
URGENCES_P;2014;620000257;620100685;N3120;3;;2.5;;
URGENCES_P;2014;620000257;620100685;N9999;126;9;125.78;;
URGENCES_P;2014;620000257;620100685;NINF;52;8;53.59;1;0
URGENCES_P;2014;620000323;620101337;M1140;7;0;6.5;;
URGENCES_P;2014;620000323;620101337;M3020;4;2;5.1;;
URGENCES_P;2014;620000323;620101337;M9999;24;2;24.1;;1
URGENCES_P;2014;620000349;620101360;M9999;9;1;5.73;2;1
URGENCES_P;2014;620000349;620101360;N1220;1;;0.5;;
URGENCES_P;2014;620000349;620101360;N2120;2;;2.4;;
URGENCES_P;2014;620000349;620101360;N2500;14;2;15.27;;
URGENCES_P;2014;620000349;620101360;N2620;2;;2;;
URGENCES_P;2014;620000349;620101360;N9999;44;5;48.65;;
URGENCES_P;2014;620000349;620101360;NINF;25;2;28.48;;
URGENCES_P;2014;620000653;620103440;M1140;4;6;3.32;;0
URGENCES_P;2014;620000653;620103440;M9999;14;10;15.82;3;1
URGENCES_P;2014;620000653;620103440;N1220;3;;3;;1
URGENCES_P;2014;620000653;620103440;N2120;3;;2.56;;1
URGENCES_P;2014;620000653;620103440;N2500;20;1;19;;
URGENCES_P;2014;620000653;620103440;N2620;;;;;1
URGENCES_P;2014;620000653;620103440;NINF;27;11;31.71;;1
URGENCES_P;2014;620003202;620103432;M9999;8;;7.22;;
URGENCES_P;2014;620003202;620103432;N1220;5;2;6.6;;
URGENCES_P;2014;620003202;620103432;N2120;1;;1.17;;
URGENCES_P;2014;620003202;620103432;N2500;11;4;15.39;;
URGENCES_P;2014;620003202;620103432;N2620;1;0;1;;
URGENCES_P;2014;620003202;620103432;N3120;0;1;0.1;;
URGENCES_P;2014;620003202;620103432;N9999;38;11;47.56;;
URGENCES_P;2014;620003202;620103432;NINF;20;4;23.3;;
URGENCES_P;2014;620003350;620001834;M9999;5;11;9.3;;
URGENCES_P;2014;620003350;620001834;N1220;4;;4;;
URGENCES_P;2014;620003350;620001834;N2120;1;0;1;;
URGENCES_P;2014;620003350;620001834;N2500;10;2;11.55;;
URGENCES_P;2014;620003350;620001834;N2620;3;0;3;;
URGENCES_P;2014;620003350;620001834;N3120;;1;0.5;;
URGENCES_P;2014;620003350;620001834;N9999;32;5;35.65;;
URGENCES_P;2014;620003350;620001834;NINF;16;3;18.1;;
URGENCES_P;2014;620003376;620001834;M9999;7;11;14.12;;0
URGENCES_P;2014;620003376;620001834;N1220;2;;2;;0
URGENCES_P;2014;620003376;620001834;N2120;1;;1;;0
URGENCES_P;2014;620003376;620001834;N2500;16;9;22.7;;
URGENCES_P;2014;620003376;620001834;N2620;0;5;2.9;;0
URGENCES_P;2014;620003376;620001834;NINF;24;4;26.6;;0
URGENCES_P;2014;620025346;620001834;M9999;2;19;9.99;;0
URGENCES_P;2014;620025346;620001834;N1220;1;;1;;0
URGENCES_P;2014;620025346;620001834;N2120;1;;1;;0
URGENCES_P;2014;620025346;620001834;N2500;22;4;20.5;;
URGENCES_P;2014;620025346;620001834;N2620;6;;5.5;;0
URGENCES_P;2014;620025346;620001834;N9999;55;16;40.05;;
URGENCES_P;2014;620025346;620001834;NINF;25;12;32.08;;0
URGENCES_P;2014;620100735;620000265;N1220;3;;3;;
URGENCES_P;2014;620100735;620000265;N2500;7;;4.69;;
URGENCES_P;2014;620100735;620000265;NINF;9;;7.96;;
URGENCES_P;2014;630000404;630780989;M3020;1;0;0.92;;
URGENCES_P;2014;630000404;630780989;M9999;17;3;19.3;;0
URGENCES_P;2014;630000404;630780989;N1220;3;3;4.54;;0
URGENCES_P;2014;630000404;630780989;N2120;3;0;3;;0
URGENCES_P;2014;630000404;630780989;N2500;27;8;33.79;;
URGENCES_P;2014;630000404;630780989;NINF;49;8;53.04;;0
URGENCES_P;2014;630000412;630780997;M9999;0;3;0.85;;1
URGENCES_P;2014;630000412;630780997;N2620;1;1;1.8;;
URGENCES_P;2014;630000412;630780997;N9999;7;8;12.1;;
URGENCES_P;2014;630000412;630780997;NINF;6;7;10.3;;
URGENCES_P;2014;630000420;630781003;M9999;7;;7;3;1
URGENCES_P;2014;630000420;630781003;N1220;1;;1;;1
URGENCES_P;2014;630000420;630781003;N2120;1;;1;;1
URGENCES_P;2014;630000420;630781003;NINF;11;;11;;1
URGENCES_P;2014;630000438;630781011;M9999;10;;10;1;1
URGENCES_P;2014;630000446;630781029;M9999;7;2;4.38;2;1
URGENCES_P;2014;630000446;630781029;N1220;1;;1;2;1
URGENCES_P;2014;630000446;630781029;N2120;1;;0.5;;1
URGENCES_P;2014;630000446;630781029;N2500;3;3;4.49;;
URGENCES_P;2014;630000446;630781029;NINF;6;4;7.95;;1
URGENCES_P;2014;630781268;630780989;M1140;8;0;6.24;;0
URGENCES_P;2014;630781268;630780989;M9999;8;0;6.24;;0
URGENCES_P;2014;630781268;630780989;N1220;1;2;1.51;;0
URGENCES_P;2014;630781268;630780989;N2120;1;0;1;;0
URGENCES_P;2014;630781268;630780989;N2500;15;4;12.97;;
URGENCES_P;2014;630781268;630780989;N9999;41;10;37.54;;
URGENCES_P;2014;630781268;630780989;NINF;24;4;22.06;;0
URGENCES_P;2014;640000162;640780417;M1140;3;2;1.07;;
URGENCES_P;2014;640000162;640780417;M9999;40;4;18.84;;
URGENCES_P;2014;640000162;640780417;N1220;2;1;2.8;;
URGENCES_P;2014;640000162;640780417;N2120;3;0;2.34;;
URGENCES_P;2014;640000162;640780417;N2500;23;2;24.35;;
URGENCES_P;2014;640000162;640780417;N9999;88;13;100.6;;
URGENCES_P;2014;640000162;640780417;NINF;40;5;45.28;;
URGENCES_P;2014;640000402;640780813;M9999;0;10;4.62;2;1
URGENCES_P;2014;640000402;640780813;N1220;;5;0.7;2;1
URGENCES_P;2014;640000402;640780813;N2120;;1;0.5;2;1
URGENCES_P;2014;640000402;640780813;N2500;4;2;5.3;;
URGENCES_P;2014;640000402;640780813;N2620;;;;2;1
URGENCES_P;2014;640000402;640780813;NINF;5;6;10.2;2;1
URGENCES_P;2014;640000410;640780821;M9999;3;1;3.8;3;1
URGENCES_P;2014;640000410;640780821;N1220;1;;1;3;1
URGENCES_P;2014;640000410;640780821;N2120;1;;0.5;3;1
URGENCES_P;2014;640000410;640780821;N2500;4;2;5.7;;
URGENCES_P;2014;640000410;640780821;N9999;9;5;12.39;;
URGENCES_P;2014;640000410;640780821;NINF;9;3;9.71;3;1
URGENCES_P;2014;640000600;640781290;M1140;11;2;4.46;;0
URGENCES_P;2014;640000600;640781290;M9999;31;4;20.99;1;1
URGENCES_P;2014;640000600;640781290;N1220;4;1;5.25;;
URGENCES_P;2014;640000600;640781290;N2120;1;;1.47;;
URGENCES_P;2014;640000600;640781290;N2500;16;4;20.23;;
URGENCES_P;2014;640000600;640781290;N2620;2;13;5.8;;
URGENCES_P;2014;640000600;640781290;N3120;;1;0.9;;
URGENCES_P;2014;640000600;640781290;NINF;46;18;55.25;;
URGENCES_P;2014;640017646;640017638;M9999;3;4;4.99;;0
URGENCES_P;2014;640017646;640017638;N2120;1;;0.2;;0
URGENCES_P;2014;640017646;640017638;N2500;1;;2.33;;
URGENCES_P;2014;640017646;640017638;N9999;10;;9.3;;
URGENCES_P;2014;640017646;640017638;NINF;7;;6.69;;0
URGENCES_P;2014;640780433;640012209;M9999;4;2;5.5;;
URGENCES_P;2014;640780433;640012209;N9999;6;;6;;
URGENCES_P;2014;640780433;640012209;NINF;6;;6;;
URGENCES_P;2014;640780490;640000212;M9999;5;1;5.84;;0
URGENCES_P;2014;640780490;640000212;N1220;2;;1.87;;0
URGENCES_P;2014;640780490;640000212;N2120;;1;0.5;;0
URGENCES_P;2014;640780490;640000212;N2500;4;2;5.86;;
URGENCES_P;2014;640780490;640000212;NINF;7;;6.95;;0
URGENCES_P;2014;640780748;640000360;M9999;4;4;8.21;;
URGENCES_P;2014;640780748;640000360;N1220;1;2;2.5;;
URGENCES_P;2014;640780748;640000360;N2500;2;1;2.54;;
URGENCES_P;2014;640780748;640000360;N9999;14;4;15.82;;
URGENCES_P;2014;640780748;640000360;NINF;11;1;10.78;;
URGENCES_P;2014;640780938;640000451;M9999;1;23;5.5;;
URGENCES_P;2014;640780938;640000451;N1220;;1;0.9;;
URGENCES_P;2014;640780938;640000451;N2120;;1;0.25;;
URGENCES_P;2014;640780938;640000451;N2500;;3;2.4;;
URGENCES_P;2014;640780938;640000451;N3120;;1;0.1;;
URGENCES_P;2014;640780938;640000451;NINF;4;2;5.5;;
URGENCES_P;2014;650000045;650780158;M9999;11;3;11.04;3;
URGENCES_P;2014;650000045;650780158;N1220;3;0;2;2;
URGENCES_P;2014;650000045;650780158;N2120;1;0;0.59;2;1
URGENCES_P;2014;650000045;650780158;N2500;6;5;9.02;;
URGENCES_P;2014;650000045;650780158;N9999;32;6;33.56;;
URGENCES_P;2014;650000045;650780158;NINF;18;1;18.62;3;1
URGENCES_P;2014;650000052;650780166;M9999;;15;4.11;;
URGENCES_P;2014;650000052;650780166;N1220;1;1;1.43;;
URGENCES_P;2014;650000052;650780166;N2120;;1;0.2;;
URGENCES_P;2014;650000052;650780166;N2500;2;0;2;;
URGENCES_P;2014;650000052;650780166;N9999;13;4;12.83;;
URGENCES_P;2014;650000052;650780166;NINF;10;2;9.21;;
URGENCES_P;2014;650000417;650783160;M9999;22;20;35.5;;1
URGENCES_P;2014;650000417;650783160;N1220;8;0;8;;0
URGENCES_P;2014;650000417;650783160;N2120;2;0;2;;0
URGENCES_P;2014;650000417;650783160;N2500;20;7;24.24;;
URGENCES_P;2014;650000417;650783160;N9999;58;16;67.87;;
URGENCES_P;2014;650000417;650783160;NINF;26;4;28.13;;0
URGENCES_P;2014;650780679;650000243;M9999;3;4;4.91;;0
URGENCES_P;2014;650780679;650000243;N1220;4;1;4.8;;0
URGENCES_P;2014;650780679;650000243;N2500;2;;2;;
URGENCES_P;2014;650780679;650000243;NINF;5;1;4.85;;0
URGENCES_P;2014;650784218;650780174;M9999;4;8;2.15;2;1
URGENCES_P;2014;650784218;650780174;N1220;6;;2.03;2;1
URGENCES_P;2014;650784218;650780174;N2120;1;;0.12;2;1
URGENCES_P;2014;650784218;650780174;N2500;6;1;3.39;;
URGENCES_P;2014;650784218;650780174;N3120;;1;0.1;;
URGENCES_P;2014;650784218;650780174;N9999;21;3;9.04;;
URGENCES_P;2014;650784218;650780174;NINF;8;1;3.25;2;1
URGENCES_P;2014;660000084;660780180;M1140;4;6;7.2;3;1
URGENCES_P;2014;660000084;660780180;M9999;39;15;19.36;3;1
URGENCES_P;2014;660000084;660780180;N1220;32;17;24;;0
URGENCES_P;2014;660000084;660780180;N2120;4;;4;;0
URGENCES_P;2014;660000084;660780180;N2500;29;4;32.26;;
URGENCES_P;2014;660000084;660780180;N2620;52;;51.67;;0
URGENCES_P;2014;660000084;660780180;N9999;104;17;114.97;;
URGENCES_P;2014;660000084;660780180;NINF;69;13;76.71;;0
URGENCES_P;2014;660780628;660000282;M9999;4;1;5;;
URGENCES_P;2014;660780628;660000282;N1220;2;1;2.5;;
URGENCES_P;2014;660780628;660000282;N2120;0;1;0.2;;
URGENCES_P;2014;660780628;660000282;N2500;2;1;2.5;;
URGENCES_P;2014;660780628;660000282;N2620;0;1;0.2;;
URGENCES_P;2014;660780628;660000282;N3120;0;1;0.1;;
URGENCES_P;2014;660780628;660000282;NINF;4;2;5;;
URGENCES_P;2014;660780776;660000399;M9999;3;2;5;;
URGENCES_P;2014;660780776;660000399;N2120;1;;1;;
URGENCES_P;2014;660780776;660000399;N2500;4;;2;;
URGENCES_P;2014;660780776;660000399;NINF;4;2;4;;
URGENCES_P;2014;660780784;660000407;M9999;8;2;9;;
URGENCES_P;2014;660780784;660000407;N1220;5;;5;;
URGENCES_P;2014;660780784;660000407;N2120;1;;1;;
URGENCES_P;2014;660780784;660000407;N2500;1;;1;;
URGENCES_P;2014;660780784;660000407;N2620;1;;1;;
URGENCES_P;2014;660780784;660000407;N3120;1;;1;;
URGENCES_P;2014;660780784;660000407;NINF;11;1;11.7;;
URGENCES_P;2014;660790387;660790379;M9999;8;;8;;
URGENCES_P;2014;660790387;660790379;N1220;4;1;4.8;;
URGENCES_P;2014;660790387;660790379;N2120;1;;1;;
URGENCES_P;2014;660790387;660790379;N2500;4;;4;;
URGENCES_P;2014;660790387;660790379;NINF;13;6;16;;
URGENCES_P;2014;670000025;670780055;N1220;2;2;3.04;;
URGENCES_P;2014;670000025;670780055;N2120;2;0;2.03;;
URGENCES_P;2014;670000025;670780055;N2500;22;5;26.01;;
URGENCES_P;2014;670000025;670780055;N9999;99;12;107.5;;
URGENCES_P;2014;670000025;670780055;NINF;62;5;65.23;;
URGENCES_P;2014;670000157;670780337;M1140;1;;1;;0
URGENCES_P;2014;670000157;670780337;M9999;6;1;6.8;1;1
URGENCES_P;2014;670000157;670780337;N1220;8;3;9.96;1;0
URGENCES_P;2014;670000157;670780337;N2120;1;1;1.41;1;1
URGENCES_P;2014;670000157;670780337;N2500;15;2;15.74;;
URGENCES_P;2014;670000157;670780337;NINF;41;9;42.32;1;1
URGENCES_P;2014;670000165;670780345;M1140;1;;1.3;;0
URGENCES_P;2014;670000165;670780345;M9999;6;;6.3;;0
URGENCES_P;2014;670000165;670780345;N1220;2;;2.5;;0
URGENCES_P;2014;670000165;670780345;N2120;1;;1.3;;0
URGENCES_P;2014;670000165;670780345;N2500;5;1;5.3;;
URGENCES_P;2014;670000165;670780345;NINF;23;12;28.23;;0
URGENCES_P;2014;670000272;670780543;M9999;4;2;4.97;;0
URGENCES_P;2014;670000272;670780543;N1220;2;;1.5;2;1
URGENCES_P;2014;670000272;670780543;N2120;1;;0.3;2;1
URGENCES_P;2014;670000272;670780543;N3120;1;;0.1;;
URGENCES_P;2014;670000272;670780543;NINF;8;1;9.25;;0
URGENCES_P;2014;670000397;670780691;M9999;7;4;8.66;;0
URGENCES_P;2014;670000397;670780691;N1220;4;0;3.8;;0
URGENCES_P;2014;670000397;670780691;N2120;1;0;1;;0
URGENCES_P;2014;670000397;670780691;N2500;6;0;6.73;;
URGENCES_P;2014;670000397;670780691;N9999;32;7;37.46;;
URGENCES_P;2014;670000397;670780691;NINF;21;7;25.93;;0
URGENCES_P;2014;670016237;670016211;N1220;3;1;3.8;;
URGENCES_P;2014;670016237;670016211;N2120;;1;0.5;;
URGENCES_P;2014;670016237;670016211;NINF;13;1;14.5;;
URGENCES_P;2014;670780212;670014604;M9999;4;;4;;
URGENCES_P;2014;670780212;670014604;N1220;;3;3.23;;
URGENCES_P;2014;670780212;670014604;N2120;1;;1;;
URGENCES_P;2014;670780212;670014604;N2500;1;;1;;
URGENCES_P;2014;670780212;670014604;NINF;10;3;12.18;;
URGENCES_P;2014;670783273;670780055;M1140;6;5;5.6;;0
URGENCES_P;2014;670783273;670780055;M9999;6;5;5.6;;0
URGENCES_P;2014;670783273;670780055;N1220;2;2;3.32;;
URGENCES_P;2014;670783273;670780055;N2120;2;0;1.5;;
URGENCES_P;2014;670783273;670780055;N2500;27;6;25.88;;
URGENCES_P;2014;670783273;670780055;N9999;131;37;154.67;;
URGENCES_P;2014;670783273;670780055;NINF;58;11;63.94;;
URGENCES_P;2014;680000320;680000643;M9999;4;2;5.63;;0
URGENCES_P;2014;680000320;680000643;N1220;3;3;4.8;;
URGENCES_P;2014;680000320;680000643;N2120;1;;1;;0
URGENCES_P;2014;680000320;680000643;NINF;10;6;14.85;;0
URGENCES_P;2014;680000544;680000395;M9999;4;6;7.15;;
URGENCES_P;2014;680000544;680000395;N1220;1;2;2.72;;
URGENCES_P;2014;680000544;680000395;N2120;1;0;1;;
URGENCES_P;2014;680000544;680000395;N2500;5;1;5.46;;
URGENCES_P;2014;680000544;680000395;N9999;14;7;18.44;;
URGENCES_P;2014;680000544;680000395;NINF;6;5;9.57;;
URGENCES_P;2014;680000601;680000437;M9999;10;1;6.64;;
URGENCES_P;2014;680000601;680000437;N2500;5;1;5.84;;
URGENCES_P;2014;680000601;680000437;N9999;16;1;18.49;;
URGENCES_P;2014;680000601;680000437;NINF;11;;11.75;;
URGENCES_P;2014;680000627;680000486;M1140;2;0;1.7;;
URGENCES_P;2014;680000627;680000486;M9999;2;0;1.7;;
URGENCES_P;2014;680000627;680000486;N1220;6;;5.76;;0
URGENCES_P;2014;680000627;680000486;N2120;1;;0.26;;0
URGENCES_P;2014;680000627;680000486;N2500;2;2;2.63;;
URGENCES_P;2014;680000627;680000486;N9999;22;6;20.95;;
URGENCES_P;2014;680000627;680000486;NINF;8;4;10.66;;0
URGENCES_P;2014;680000684;680000973;M3020;1;;1;;
URGENCES_P;2014;680000684;680000973;M9999;15;5;17.7;1;1
URGENCES_P;2014;680000684;680000973;N1220;6;4;8.9;;
URGENCES_P;2014;680000684;680000973;N2120;1;1;1.17;;
URGENCES_P;2014;680000684;680000973;N2500;3;3;5.63;;
URGENCES_P;2014;680000684;680000973;N9999;54;35;82.27;;
URGENCES_P;2014;680000684;680000973;NINF;31;27;53.65;;
URGENCES_P;2014;680000700;680001005;M9999;3;2;3.65;;
URGENCES_P;2014;680000700;680001005;N1220;1;2;2.25;;
URGENCES_P;2014;680000700;680001005;N9999;6;12;14.3;;
URGENCES_P;2014;680000700;680001005;NINF;5;10;12.05;;
URGENCES_P;2014;680001245;680000973;M1140;12;;1.94;;0
URGENCES_P;2014;680001245;680000973;M9999;12;;1.94;;
URGENCES_P;2014;680001245;680000973;N1220;2;;2;;
URGENCES_P;2014;680001245;680000973;N2120;;1;0.5;;
URGENCES_P;2014;680001245;680000973;N2500;4;1;4.8;;
URGENCES_P;2014;680001245;680000973;N9999;13;7;17.5;;
URGENCES_P;2014;680001245;680000973;NINF;7;5;10.2;;
URGENCES_P;2014;680004546;680000486;M9999;23;6;9.45;1;1
URGENCES_P;2014;680004546;680000486;N1220;4;1;3.69;;0
URGENCES_P;2014;680004546;680000486;N2120;3;;2.35;;1
URGENCES_P;2014;680004546;680000486;N2500;10;5;13.28;;
URGENCES_P;2014;680004546;680000486;N3120;1;;0.25;;
URGENCES_P;2014;680004546;680000486;N9999;76;18;80.25;;
URGENCES_P;2014;680004546;680000486;NINF;45;9;44.57;;1
URGENCES_P;2014;680020096;680000486;M9999;6;0;4.4;;
URGENCES_P;2014;680020096;680000486;N2500;3;;2.9;;
URGENCES_P;2014;680020096;680000486;N9999;10;1;10.57;;
URGENCES_P;2014;680020096;680000486;NINF;7;1;7.67;;
URGENCES_P;2014;690000013;690780036;M9999;3;10;8.13;;0
URGENCES_P;2014;690000013;690780036;N1220;;1;0.86;;0
URGENCES_P;2014;690000013;690780036;N2120;1;;1;;0
URGENCES_P;2014;690000013;690780036;N2500;4;;5.08;;
URGENCES_P;2014;690000013;690780036;NINF;9;4;9.62;;0
URGENCES_P;2014;690000575;690782222;M9999;24;4;20.13;1;1
URGENCES_P;2014;690000575;690782222;N1220;2;1;2.64;;
URGENCES_P;2014;690000575;690782222;N2120;2;;1.83;;0
URGENCES_P;2014;690000575;690782222;N2500;13;9;19.6;;
URGENCES_P;2014;690000575;690782222;NINF;34;32;51.14;1;1
URGENCES_P;2014;690000625;690782271;M9999;11;0;12.13;1;1
URGENCES_P;2014;690000625;690782271;N1220;3;;3;;
URGENCES_P;2014;690000625;690782271;N2120;1;;0.5;;
URGENCES_P;2014;690000625;690782271;N2500;3;1;3.11;;
URGENCES_P;2014;690000625;690782271;N9999;19;4;17.87;;
URGENCES_P;2014;690000625;690782271;NINF;12;3;11.26;2;1
URGENCES_P;2014;690007539;690781810;M1140;8;8;9.7;;
URGENCES_P;2014;690007539;690781810;M3020;;;0.1;;
URGENCES_P;2014;690007539;690781810;M9999;2;;2;;
URGENCES_P;2014;690007539;690781810;N1220;;1;0.75;;
URGENCES_P;2014;690007539;690781810;N2120;1;;1;;
URGENCES_P;2014;690007539;690781810;N2500;42;;35.46;;
URGENCES_P;2014;690007539;690781810;N9999;109;20;110.24;;
URGENCES_P;2014;690007539;690781810;NINF;35;12;42.17;;
URGENCES_P;2014;690023411;690000252;M9999;5;;5;;
URGENCES_P;2014;690023411;690000252;N1220;2;;2;;
URGENCES_P;2014;690023411;690000252;N2120;1;;1;;
URGENCES_P;2014;690023411;690000252;N2500;2;1;2.64;;
URGENCES_P;2014;690023411;690000252;N2620;1;;1;;
URGENCES_P;2014;690023411;690000252;NINF;8;2;10.47;;
URGENCES_P;2014;690780093;750821092;M9999;6;;5.59;;
URGENCES_P;2014;690780093;750821092;N1220;1;;1;;
URGENCES_P;2014;690780093;750821092;N2120;1;;1;;
URGENCES_P;2014;690780093;750821092;N2500;6;;5.2;;
URGENCES_P;2014;690780093;750821092;N2620;6;;5.71;;
URGENCES_P;2014;690780093;750821092;N9999;29;;26.27;;
URGENCES_P;2014;690780093;750821092;NINF;13;;11.36;;
URGENCES_P;2014;690780382;690006598;M9999;4;3;5;;
URGENCES_P;2014;690780382;690006598;N1220;5;0;5;;
URGENCES_P;2014;690780382;690006598;N2120;;1;0.6;;
URGENCES_P;2014;690780382;690006598;N2500;0;3;1.25;;
URGENCES_P;2014;690780382;690006598;N3120;0;1;0.2;;
URGENCES_P;2014;690780382;690006598;NINF;7;1;7.4;;
URGENCES_P;2014;690780390;690000229;M9999;5;;5;;
URGENCES_P;2014;690780390;690000229;N1220;2;;2;;
URGENCES_P;2014;690780390;690000229;N2500;3;;2.72;;
URGENCES_P;2014;690780390;690000229;N9999;13;2;13.71;;
URGENCES_P;2014;690780390;690000229;NINF;10;2;10.99;;
URGENCES_P;2014;690780416;690031190;M9999;1;13;7.85;;
URGENCES_P;2014;690780416;690031190;N1220;5;2;6.56;;
URGENCES_P;2014;690780416;690031190;N2120;1;;1;;
URGENCES_P;2014;690780416;690031190;N2500;2;4;4.92;;
URGENCES_P;2014;690780416;690031190;NINF;12;7;13.99;;
URGENCES_P;2014;690780648;690036900;M9999;6;;6;;
URGENCES_P;2014;690780648;690036900;N1220;3;2;3.4;;
URGENCES_P;2014;690780648;690036900;N2120;1;;1;;
URGENCES_P;2014;690780648;690036900;N2500;2;;2;;
URGENCES_P;2014;690780648;690036900;NINF;11;1;11.8;;
URGENCES_P;2014;690780655;690000377;M9999;2;4;5;;0
URGENCES_P;2014;690780655;690000377;N1220;3;;2.8;;0
URGENCES_P;2014;690780655;690000377;N2120;1;;1;;0
URGENCES_P;2014;690780655;690000377;NINF;12;4;13.6;;0
URGENCES_P;2014;690782834;690000724;M9999;3;2;4.5;;
URGENCES_P;2014;690782834;690000724;N1220;2;1;2.6;;
URGENCES_P;2014;690782834;690000724;N2120;1;;1;;
URGENCES_P;2014;690782834;690000724;N2500;1;;1;;
URGENCES_P;2014;690782834;690000724;NINF;16;;16;;
URGENCES_P;2014;690783154;690781810;M9999;11;1;9.68;;
URGENCES_P;2014;690783154;690781810;N1220;2;;2.23;;0
URGENCES_P;2014;690783154;690781810;N2120;2;;1.87;;0
URGENCES_P;2014;690783154;690781810;N2500;55;1;55.85;;
URGENCES_P;2014;690783154;690781810;N9999;138;9;140.97;;
URGENCES_P;2014;690783154;690781810;NINF;64;;65.16;;0
URGENCES_P;2014;690784137;690781810;M3020;1;;0.96;;
URGENCES_P;2014;690784137;690781810;M9999;7;;7.42;;0
URGENCES_P;2014;690784137;690781810;N1220;2;;1.5;;0
URGENCES_P;2014;690784137;690781810;N2120;1;;0.9;;0
URGENCES_P;2014;690784137;690781810;N2500;30;;26.16;;
URGENCES_P;2014;690784137;690781810;N9999;77;10;73.12;;
URGENCES_P;2014;690784137;690781810;NINF;34;9;35.74;;0
URGENCES_P;2014;690784152;690781810;M9999;3;10;10.83;;0
URGENCES_P;2014;690784152;690781810;N1220;1;;0.6;;0
URGENCES_P;2014;690784152;690781810;N2120;2;;1.88;;0
URGENCES_P;2014;690784152;690781810;N2500;8;1;9.05;;
URGENCES_P;2014;690784152;690781810;N9999;36;7;41.75;;
URGENCES_P;2014;690784152;690781810;NINF;22;6;25.72;;0
URGENCES_P;2014;690805361;690805353;M3020;2;;2;;
URGENCES_P;2014;690805361;690805353;M9999;12;14;15.51;;
URGENCES_P;2014;690805361;690805353;N1220;2;1;2.09;;
URGENCES_P;2014;690805361;690805353;N2120;2;;1.41;;
URGENCES_P;2014;690805361;690805353;N2500;17;;15.12;;
URGENCES_P;2014;690805361;690805353;N2620;8;0;7.31;;
URGENCES_P;2014;690805361;690805353;N3120;2;;1;;
URGENCES_P;2014;690805361;690805353;N9999;76;5;69.85;;
URGENCES_P;2014;690805361;690805353;NINF;44;2;42.92;;
URGENCES_P;2014;690807367;690003447;M9999;3;;3;;
URGENCES_P;2014;690807367;690003447;N1220;1;2;2.59;;
URGENCES_P;2014;690807367;690003447;NINF;8;1;7.5;;
URGENCES_P;2014;700000011;700780026;M9999;4;1;3.39;3;1
URGENCES_P;2014;700000011;700780026;N1220;1;;1;3;1
URGENCES_P;2014;700000011;700780026;N2500;4;;4;;
URGENCES_P;2014;700000011;700780026;N9999;9;2;10.85;;
URGENCES_P;2014;700000011;700780026;NINF;4;2;5.85;3;1
URGENCES_P;2014;700000029;700004591;M9999;;13;11.5;3;1
URGENCES_P;2014;700000029;700004591;N1220;;3;2.5;;1
URGENCES_P;2014;700000029;700004591;N2120;;1;0.45;3;1
URGENCES_P;2014;700000029;700004591;N2500;10;;10;;
URGENCES_P;2014;700000029;700004591;N9999;;47;36.21;;
URGENCES_P;2014;700000029;700004591;NINF;;32;23.26;3;1
URGENCES_P;2014;710010067;710780644;M9999;3;2;4.38;;1
URGENCES_P;2014;710010067;710780644;N1220;1;2;2.8;;1
URGENCES_P;2014;710010067;710780644;N2120;1;;1;;1
URGENCES_P;2014;710010067;710780644;N2500;4;2;5.77;;
URGENCES_P;2014;710010067;710780644;N9999;20;9;27.42;;
URGENCES_P;2014;710010067;710780644;NINF;12;5;17.43;;1
URGENCES_P;2014;710010786;710781451;M9999;3;1;3.79;;1
URGENCES_P;2014;710010786;710781451;N1220;4;0;1.54;;1
URGENCES_P;2014;710010786;710781451;N2120;1;0;0.48;;1
URGENCES_P;2014;710010786;710781451;N2500;1;0;1;;
URGENCES_P;2014;710010786;710781451;N2620;5;1;4.05;;1
URGENCES_P;2014;710010786;710781451;N9999;23;7;14.85;;
URGENCES_P;2014;710010786;710781451;NINF;12;6;7.78;;1
URGENCES_P;2014;710978263;710780958;M9999;9;4;9.45;;1
URGENCES_P;2014;710978263;710780958;N1220;2;;1.8;;
URGENCES_P;2014;710978263;710780958;N2120;1;;0.5;;
URGENCES_P;2014;710978263;710780958;N2500;10;2;10.75;;
URGENCES_P;2014;710978263;710780958;NINF;39;10;46.07;;
URGENCES_P;2014;710978289;710780263;M9999;16;3;12.58;;1
URGENCES_P;2014;710978289;710780263;N1220;9;2;10.04;;1
URGENCES_P;2014;710978289;710780263;N2120;2;;1.6;;1
URGENCES_P;2014;710978289;710780263;N2500;9;3;9.23;;
URGENCES_P;2014;710978289;710780263;N9999;63;17;66.28;;
URGENCES_P;2014;710978289;710780263;NINF;33;12;34.88;;1
URGENCES_P;2014;710978313;710976705;M9999;7;2;4.38;1;1
URGENCES_P;2014;710978313;710976705;N2120;1;;0.6;1;
URGENCES_P;2014;710978313;710976705;N2620;;;;1;
URGENCES_P;2014;710978313;710976705;N3120;3;;2.8;;
URGENCES_P;2014;710978313;710976705;N9999;21;2;15.45;;
URGENCES_P;2014;710978313;710976705;NINF;17;2;12;1;
URGENCES_P;2014;710978347;710781204;M9999;3;2;4.48;3;1
URGENCES_P;2014;710978347;710781204;N1220;4;2;5.64;3;1
URGENCES_P;2014;710978347;710781204;N2120;1;;1;3;1
URGENCES_P;2014;710978347;710781204;N2500;2;;2;;
URGENCES_P;2014;710978347;710781204;N2620;;;;;1
URGENCES_P;2014;710978347;710781204;NINF;15;7;17.48;3;1
URGENCES_P;2014;720000033;720000025;M1140;;9;2.9;;
URGENCES_P;2014;720000033;720000025;M9999;0;34;19.26;;0
URGENCES_P;2014;720000033;720000025;N1220;1;4;3.24;;0
URGENCES_P;2014;720000033;720000025;N2120;0;3;1.3;;0
URGENCES_P;2014;720000033;720000025;N2500;1;98;39.31;;
URGENCES_P;2014;720000033;720000025;N9999;24;278;150.96;;
URGENCES_P;2014;720000033;720000025;NINF;11;146;81.31;;0
URGENCES_P;2014;720000124;720000066;N1220;2;;2;;
URGENCES_P;2014;720000124;720000066;N2500;3;;2.25;;
URGENCES_P;2014;720000124;720000066;N9999;13;;11.71;;
URGENCES_P;2014;720000124;720000066;NINF;8;;7.46;;
URGENCES_P;2014;720000470;610780082;M9999;5;;1.94;3;1
URGENCES_P;2014;720000470;610780082;N1220;1;1;1.43;;0
URGENCES_P;2014;720000470;610780082;N2120;;1;0.85;2;1
URGENCES_P;2014;720000470;610780082;N2500;;12;7.39;;
URGENCES_P;2014;720000470;610780082;NINF;6;3;7.85;;0
URGENCES_P;2014;720000520;720000140;M9999;3;36;4.25;;
URGENCES_P;2014;720000520;720000140;N1220;1;;0.06;;0
URGENCES_P;2014;720000520;720000140;N2120;1;;0.33;;0
URGENCES_P;2014;720000520;720000140;N2500;6;;6.09;;
URGENCES_P;2014;720000520;720000140;N9999;15;2;14.79;;
URGENCES_P;2014;720000520;720000140;NINF;6;2;7.31;;0
URGENCES_P;2014;720001437;720006022;M9999;5;2;6.13;;
URGENCES_P;2014;720001437;720006022;N1220;;2;1.33;;
URGENCES_P;2014;720001437;720006022;N2120;1;;1;;
URGENCES_P;2014;720001437;720006022;N2500;;15;6.05;;
URGENCES_P;2014;720001437;720006022;N2620;2;;0.15;;
URGENCES_P;2014;720001437;720006022;N3120;;1;0.16;;
URGENCES_P;2014;720001437;720006022;N9999;11;27;19.23;;
URGENCES_P;2014;720001437;720006022;NINF;8;9;10.57;;
URGENCES_P;2014;720016179;720016724;M9999;2;4;4.73;;0
URGENCES_P;2014;720016179;720016724;N1220;1;;0.11;;0
URGENCES_P;2014;720016179;720016724;N2120;;;0.83;;0
URGENCES_P;2014;720016179;720016724;N2500;11;3;13.53;;
URGENCES_P;2014;720016179;720016724;N3120;;1;0.62;;
URGENCES_P;2014;720016179;720016724;N9999;26;13;34.84;;
URGENCES_P;2014;720016179;720016724;NINF;14;9;19.62;;0
URGENCES_P;2014;720017748;720000561;M9999;6;;6;;
URGENCES_P;2014;720017748;720000561;N1220;6;;5.2;;
URGENCES_P;2014;720017748;720000561;N2120;1;;0.33;;
URGENCES_P;2014;720017748;720000561;N2500;6;;5.93;;
URGENCES_P;2014;720017748;720000561;NINF;14;3;15.4;;
URGENCES_P;2014;730000031;730000015;M9999;14;10;17.05;3;1
URGENCES_P;2014;730000031;730000015;N1220;8;3;10.36;;
URGENCES_P;2014;730000031;730000015;N2120;2;0;2;;
URGENCES_P;2014;730000031;730000015;N2500;25;3;27.73;;
URGENCES_P;2014;730000031;730000015;N9999;102;24;114.15;;
URGENCES_P;2014;730000031;730000015;NINF;47;11;50.38;;
URGENCES_P;2014;730000049;730002839;M9999;8;;4;1;1
URGENCES_P;2014;730000049;730002839;N1220;1;;1;2;1
URGENCES_P;2014;730000049;730002839;N2120;0;1;0.24;2;1
URGENCES_P;2014;730000049;730002839;N2500;5;1;3.64;;
URGENCES_P;2014;730000049;730002839;N9999;19;8;15;;
URGENCES_P;2014;730000049;730002839;NINF;1;13;8.62;1;1
URGENCES_P;2014;730000080;730780103;M9999;3;3;4.8;;
URGENCES_P;2014;730000080;730780103;N1220;3;0;2.9;;0
URGENCES_P;2014;730000080;730780103;N2120;0;1;0.75;;0
URGENCES_P;2014;730000080;730780103;N2500;6;0;6.3;;
URGENCES_P;2014;730000080;730780103;N2620;3;0;1;;0
URGENCES_P;2014;730000080;730780103;N9999;23;6;26.7;;
URGENCES_P;2014;730000080;730780103;NINF;10;4;13.99;;1
URGENCES_P;2014;730000098;730780111;M9999;2;2;2.65;;0
URGENCES_P;2014;730000098;730780111;N1220;3;1;1.5;;0
URGENCES_P;2014;730000098;730780111;N2120;1;0;0.5;;0
URGENCES_P;2014;730000098;730780111;N2500;10;2;9.14;;
URGENCES_P;2014;730000098;730780111;N2620;3;0;3.09;;0
URGENCES_P;2014;730000098;730780111;N9999;26;10;24.51;;
URGENCES_P;2014;730000098;730780111;NINF;8;6;10.08;;0
URGENCES_P;2014;730000247;730780525;M9999;8;2;9.23;1;1
URGENCES_P;2014;730000247;730780525;N1220;1;;1;1;0
URGENCES_P;2014;730000247;730780525;N2120;;1;0.25;;0
URGENCES_P;2014;730000247;730780525;N2500;6;;6;;
URGENCES_P;2014;730000247;730780525;NINF;12;1;8.47;1;1
URGENCES_P;2014;730000262;730002839;M9999;12;3;6.8;1;1
URGENCES_P;2014;730000262;730002839;N1220;;;;2;1
URGENCES_P;2014;730000262;730002839;N2120;0;1;0.36;2;1
URGENCES_P;2014;730000262;730002839;N2500;4;2;5.93;;
URGENCES_P;2014;730000262;730002839;N9999;10;20;22.15;;
URGENCES_P;2014;730000262;730002839;NINF;2;14;9.86;1;1
URGENCES_P;2014;730004298;730010048;M9999;4;1;4.4;;
URGENCES_P;2014;730004298;730010048;N1220;3;;3;;
URGENCES_P;2014;730004298;730010048;N2120;1;;0.3;;
URGENCES_P;2014;730004298;730010048;N2500;6;;4.2;;
URGENCES_P;2014;730004298;730010048;N2620;2;;2;;
URGENCES_P;2014;730004298;730010048;N9999;17;;16.3;;
URGENCES_P;2014;730004298;730010048;NINF;12;;12;;
URGENCES_P;2014;740000237;740781133;M1140;10;2;1.63;;0
URGENCES_P;2014;740000237;740781133;M9999;33;15;18.89;3;1
URGENCES_P;2014;740000237;740781133;N1220;16;1;13.88;;0
URGENCES_P;2014;740000237;740781133;N2120;2;0;1.67;;0
URGENCES_P;2014;740000237;740781133;N2500;26;7;26.05;;
URGENCES_P;2014;740000237;740781133;N2620;15;0;11.22;;0
URGENCES_P;2014;740000237;740781133;N3120;1;0;1;;
URGENCES_P;2014;740000237;740781133;N9999;117;18;120.53;;
URGENCES_P;2014;740000237;740781133;NINF;57;14;55.32;;0
URGENCES_P;2014;740000294;740781208;M9999;2;;1.8;;
URGENCES_P;2014;740000294;740781208;NINF;;3;1.72;;
URGENCES_P;2014;740000302;740781133;M1140;0;0;0;2;1
URGENCES_P;2014;740000302;740781133;M9999;9;3;6.17;2;1
URGENCES_P;2014;740000302;740781133;N1220;3;2;4.32;2;1
URGENCES_P;2014;740000302;740781133;N2120;1;0;0.55;2;1
URGENCES_P;2014;740000302;740781133;N2500;6;5;8.77;;
URGENCES_P;2014;740000302;740781133;N2620;7;0;3.73;2;1
URGENCES_P;2014;740000302;740781133;N9999;42;10;38.96;;
URGENCES_P;2014;740000302;740781133;NINF;25;3;21.42;2;1
URGENCES_P;2014;740000328;740790381;M9999;6;6;11.8;2;1
URGENCES_P;2014;740000328;740790381;N1220;2;1;2.8;2;1
URGENCES_P;2014;740000328;740790381;N2120;2;2;2;2;1
URGENCES_P;2014;740000328;740790381;N2500;19;1;19.8;;
URGENCES_P;2014;740000328;740790381;N2620;6;0;6;;0
URGENCES_P;2014;740000328;740790381;N3120;1;1;1.8;;
URGENCES_P;2014;740000328;740790381;NINF;34;4;36.2;1;1
URGENCES_P;2014;740014345;740000617;M9999;6;;6;;
URGENCES_P;2014;740014345;740000617;N1220;2;1;0.74;;
URGENCES_P;2014;740014345;740000617;N2120;1;;1;;
URGENCES_P;2014;740014345;740000617;N2500;5;;3.72;;
URGENCES_P;2014;740014345;740000617;N9999;18;5;14.55;;
URGENCES_P;2014;740014345;740000617;NINF;11;4;10.09;;
URGENCES_P;2014;740780424;740000120;M9999;;11;7;;
URGENCES_P;2014;740780424;740000120;N1220;1;1;1.5;;
URGENCES_P;2014;740780424;740000120;N2120;1;;1;;
URGENCES_P;2014;740780424;740000120;N2500;4;1;4.8;;
URGENCES_P;2014;740780424;740000120;NINF;7;;7.5;;
URGENCES_P;2014;740781141;740790258;M1140;;4;1;;0
URGENCES_P;2014;740781141;740790258;M9999;15;11;18.77;3;1
URGENCES_P;2014;740781141;740790258;N1220;2;0;1.5;1;1
URGENCES_P;2014;740781141;740790258;N2120;3;0;2.12;3;1
URGENCES_P;2014;740781141;740790258;N2500;16;5;20.06;;
URGENCES_P;2014;740781141;740790258;N2620;;;;3;1
URGENCES_P;2014;740781141;740790258;N3120;0;2;0.11;;
URGENCES_P;2014;740781141;740790258;N9999;62;16;68.7;;
URGENCES_P;2014;740781141;740790258;NINF;28;7;34.93;;0
URGENCES_P;2014;740781224;740001839;M9999;16;9;16.86;;1
URGENCES_P;2014;740781224;740001839;N1220;1;;0.4;;1
URGENCES_P;2014;740781224;740001839;N2120;1;;1;;1
URGENCES_P;2014;740781224;740001839;N2500;5;6;9.71;;
URGENCES_P;2014;740781224;740001839;N9999;42;20;57.03;;
URGENCES_P;2014;740781224;740001839;NINF;29;8;34.6;;1
URGENCES_P;2014;750000523;750150120;M9999;8;10;11.71;;
URGENCES_P;2014;750000523;750150120;N1220;2;;2.03;;
URGENCES_P;2014;750000523;750150120;N2120;4;4;4.51;;
URGENCES_P;2014;750000523;750150120;N2500;14;4;16.75;;
URGENCES_P;2014;750000523;750150120;N9999;76;20;81.9;;
URGENCES_P;2014;750000523;750150120;NINF;42;7;41.44;;
URGENCES_P;2014;750000549;750150229;M9999;18;8;5.24;;
URGENCES_P;2014;750000549;750150229;N1220;1;;1;;
URGENCES_P;2014;750000549;750150229;N2120;1;;1;;
URGENCES_P;2014;750000549;750150229;N2500;2;;1.25;;
URGENCES_P;2014;750000549;750150229;N2620;2;;2;;
URGENCES_P;2014;750000549;750150229;N9999;13;1;13.48;;
URGENCES_P;2014;750000549;750150229;NINF;7;1;8.24;;
URGENCES_P;2014;750100018;750712184;M9999;4;2;5.9;;1
URGENCES_P;2014;750100018;750712184;N1220;3;;3;;0
URGENCES_P;2014;750100018;750712184;N2120;2;;2;;0
URGENCES_P;2014;750100018;750712184;N2500;15;;15;;
URGENCES_P;2014;750100018;750712184;N9999;42;3;44.63;;
URGENCES_P;2014;750100018;750712184;NINF;22;3;24.63;;0
URGENCES_P;2014;750100042;750712184;M3020;1;;1;;
URGENCES_P;2014;750100042;750712184;M9999;23;;18.2;;0
URGENCES_P;2014;750100042;750712184;N1220;3;1;3.86;;0
URGENCES_P;2014;750100042;750712184;N2120;4;1;4.5;;0
URGENCES_P;2014;750100042;750712184;N2500;44;2;42.25;;
URGENCES_P;2014;750100042;750712184;N2620;9;;9;;0
URGENCES_P;2014;750100042;750712184;N3120;2;;2;;
URGENCES_P;2014;750100042;750712184;NINF;82;5;69.34;;0
URGENCES_P;2014;750100075;750712184;M3020;1;;1;;
URGENCES_P;2014;750100075;750712184;M9999;10;2;11.1;;0
URGENCES_P;2014;750100075;750712184;N1220;1;;1;;0
URGENCES_P;2014;750100075;750712184;N2120;2;;2;;0
URGENCES_P;2014;750100075;750712184;N2500;19;;19;;
URGENCES_P;2014;750100075;750712184;N2620;4;;4;;0
URGENCES_P;2014;750100075;750712184;N3120;;1;0.5;;
URGENCES_P;2014;750100075;750712184;N9999;51;;51.5;;
URGENCES_P;2014;750100075;750712184;NINF;25;;25;;0
URGENCES_P;2014;750100091;750712184;M9999;15;7;21.2;;
URGENCES_P;2014;750100091;750712184;N1220;3;3;3;;
URGENCES_P;2014;750100091;750712184;N2120;7;7;7;;
URGENCES_P;2014;750100091;750712184;N2500;49;5;54.58;;
URGENCES_P;2014;750100091;750712184;N3120;2;2;2;;
URGENCES_P;2014;750100091;750712184;N9999;120;149;128.18;;
URGENCES_P;2014;750100091;750712184;NINF;59;4;61.6;;
URGENCES_P;2014;750100109;750712184;M1140;10;11;14.52;;
URGENCES_P;2014;750100109;750712184;M9999;10;11;14.52;;
URGENCES_P;2014;750100109;750712184;N1220;1;1;1.9;;
URGENCES_P;2014;750100109;750712184;N2120;2;0;2;;
URGENCES_P;2014;750100109;750712184;N2500;14;3;15.7;;
URGENCES_P;2014;750100109;750712184;N3120;1;0;1;;
URGENCES_P;2014;750100109;750712184;N9999;48;10;55.4;;
URGENCES_P;2014;750100109;750712184;NINF;30;6;34.8;;
URGENCES_P;2014;750100125;750712184;M9999;31;4;25.41;;
URGENCES_P;2014;750100125;750712184;N1220;2;;2;;
URGENCES_P;2014;750100125;750712184;N2120;6;;6;;
URGENCES_P;2014;750100125;750712184;N2500;43;;43;;
URGENCES_P;2014;750100125;750712184;N3120;2;;2;;
URGENCES_P;2014;750100125;750712184;NINF;51;;51;;
URGENCES_P;2014;750100166;750712184;M9999;14;;14;;
URGENCES_P;2014;750100166;750712184;N1220;3;;3;;
URGENCES_P;2014;750100166;750712184;N2120;4;;4;;
URGENCES_P;2014;750100166;750712184;N2500;37;2;38.48;;
URGENCES_P;2014;750100166;750712184;N2620;2;;2;;
URGENCES_P;2014;750100166;750712184;N9999;97;3;99.44;;
URGENCES_P;2014;750100166;750712184;NINF;51;1;51.96;;
URGENCES_P;2014;750100208;750712184;M1140;7;8;12.2;;0
URGENCES_P;2014;750100208;750712184;M9999;12;10;17.8;;0
URGENCES_P;2014;750100208;750712184;N1220;2;0;2;;0
URGENCES_P;2014;750100208;750712184;N2120;2;1;2.5;;0
URGENCES_P;2014;750100208;750712184;N2500;26;0;26;;
URGENCES_P;2014;750100208;750712184;N2620;2;0;2;;0
URGENCES_P;2014;750100208;750712184;N3120;1;0;0.4;;
URGENCES_P;2014;750100208;750712184;NINF;53;0;53;;0
URGENCES_P;2014;750100232;750712184;M9999;14;14;20.7;;
URGENCES_P;2014;750100232;750712184;N1220;3;0;3;;
URGENCES_P;2014;750100232;750712184;N2120;7;0;7;;
URGENCES_P;2014;750100232;750712184;N2500;37;0;37;;
URGENCES_P;2014;750100232;750712184;N2620;5;0;5;;
URGENCES_P;2014;750100232;750712184;N3120;1;1;1.5;;
URGENCES_P;2014;750100232;750712184;N9999;130;3;132;;
URGENCES_P;2014;750100232;750712184;NINF;67;2;69.34;;
URGENCES_P;2014;750100273;750712184;M9999;10;6;15.9;;
URGENCES_P;2014;750100273;750712184;N1220;2;0;2;;
URGENCES_P;2014;750100273;750712184;N2120;5;;5;;
URGENCES_P;2014;750100273;750712184;N2500;40;1;40.9;;
URGENCES_P;2014;750100273;750712184;N2620;4;0;4;;
URGENCES_P;2014;750100273;750712184;N3120;0;1;0.5;;
URGENCES_P;2014;750100273;750712184;N9999;92;3;96.5;;
URGENCES_P;2014;750100273;750712184;NINF;41;1;41.1;;
URGENCES_P;2014;750150237;750006728;M9999;6;7;7.21;;
URGENCES_P;2014;750150237;750006728;N1220;1;;0.5;;
URGENCES_P;2014;750150237;750006728;N2120;1;;0.25;;
URGENCES_P;2014;750150237;750006728;N2500;5;;5.86;;
URGENCES_P;2014;750150237;750006728;N9999;17;3;19.64;;
URGENCES_P;2014;750150237;750006728;NINF;10;3;13.01;;
URGENCES_P;2014;750803447;750712184;M9999;11;17;13.48;;
URGENCES_P;2014;750803447;750712184;N1220;4;;4;;
URGENCES_P;2014;750803447;750712184;N2120;6;;5.55;;
URGENCES_P;2014;750803447;750712184;N2500;32;2;30.77;;
URGENCES_P;2014;750803447;750712184;N2620;4;;3.85;;
URGENCES_P;2014;750803447;750712184;N9999;97;5;95.6;;
URGENCES_P;2014;750803447;750712184;NINF;51;3;51.43;;
URGENCES_P;2014;750803454;750712184;M1140;7;8;9.5;;0
URGENCES_P;2014;750803454;750712184;M9999;16;13;18.8;;0
URGENCES_P;2014;750803454;750712184;N1220;1;1;2;;0
URGENCES_P;2014;750803454;750712184;N2120;3;;3;;0
URGENCES_P;2014;750803454;750712184;N2500;33;3;35.3;;
URGENCES_P;2014;750803454;750712184;N3120;1;;1;;
URGENCES_P;2014;750803454;750712184;N9999;93;9;99.4;;
URGENCES_P;2014;750803454;750712184;NINF;48;4;51.2;;0
URGENCES_P;2014;760000018;760780023;M9999;14;2;16;3;1
URGENCES_P;2014;760000018;760780023;N1220;1;1;1.8;;
URGENCES_P;2014;760000018;760780023;N2120;2;0;2;;
URGENCES_P;2014;760000018;760780023;N2500;18;1;15.9;;
URGENCES_P;2014;760000018;760780023;N3120;1;0;0.2;;
URGENCES_P;2014;760000018;760780023;N9999;50;14;55.02;;
URGENCES_P;2014;760000018;760780023;NINF;25;12;31.97;;
URGENCES_P;2014;760000042;760780056;M9999;1;18;2.49;;
URGENCES_P;2014;760000042;760780056;N2120;1;;0.3;;
URGENCES_P;2014;760000042;760780056;N2500;5;;5;;
URGENCES_P;2014;760000042;760780056;NINF;4;3;6.2;;
URGENCES_P;2014;760000141;760780239;M9999;22;6;1;;
URGENCES_P;2014;760000141;760780239;N1220;1;;1;;
URGENCES_P;2014;760000141;760780239;N2120;;;0.74;;
URGENCES_P;2014;760000141;760780239;N2500;5;2;5.92;;
URGENCES_P;2014;760000141;760780239;N2620;9;;7.01;;
URGENCES_P;2014;760000141;760780239;NINF;14;6;18.14;;
URGENCES_P;2014;760000158;760780239;M1140;8;4;8;;
URGENCES_P;2014;760000158;760780239;M9999;34;10;34.81;;
URGENCES_P;2014;760000158;760780239;N1220;1;;1;;
URGENCES_P;2014;760000158;760780239;N2120;3;1;3.92;;
URGENCES_P;2014;760000158;760780239;N2500;52;16;59.45;;
URGENCES_P;2014;760000158;760780239;N2620;22;;18.75;;
URGENCES_P;2014;760000158;760780239;N9999;178;58;208;;
URGENCES_P;2014;760000158;760780239;NINF;78;39;103.9;;
URGENCES_P;2014;760000364;760780734;M9999;6;6;8.88;2;1
URGENCES_P;2014;760000364;760780734;N1220;1;0;0.96;2;1
URGENCES_P;2014;760000364;760780734;N2120;2;0;1.2;2;1
URGENCES_P;2014;760000364;760780734;N2500;3;5;6.49;;
URGENCES_P;2014;760000364;760780734;N9999;28;13;37.44;;
URGENCES_P;2014;760000364;760780734;NINF;15;8;22.29;2;1
URGENCES_P;2014;760000372;760780742;M9999;4;2;5;1;1
URGENCES_P;2014;760000372;760780742;N1220;;2;1;2;1
URGENCES_P;2014;760000372;760780742;N2120;1;;0.5;2;1
URGENCES_P;2014;760000372;760780742;NINF;8;7;13.15;;0
URGENCES_P;2014;760000463;760024042;M1140;7;;5.32;;0
URGENCES_P;2014;760000463;760024042;M9999;14;3;8.4;3;1
URGENCES_P;2014;760000463;760024042;N1220;;2;1.4;3;1
URGENCES_P;2014;760000463;760024042;N2120;;1;0.9;2;1
URGENCES_P;2014;760000463;760024042;N2500;13;7;13.27;;
URGENCES_P;2014;760000463;760024042;N2620;9;5;8.25;;0
URGENCES_P;2014;760000463;760024042;N9999;45;31;55.05;;
URGENCES_P;2014;760000463;760024042;NINF;23;11;29.98;3;1
URGENCES_P;2014;760021329;760000448;M9999;6;;6;;
URGENCES_P;2014;760021329;760000448;N1220;1;4;4.13;;
URGENCES_P;2014;760021329;760000448;N2120;1;;1;;
URGENCES_P;2014;760021329;760000448;N2500;2;3;3.47;;
URGENCES_P;2014;760021329;760000448;NINF;10;9;15.93;;
URGENCES_P;2014;760780510;760000257;M9999;4;;4;;
URGENCES_P;2014;760780510;760000257;N1220;2;2;2.24;;
URGENCES_P;2014;760780510;760000257;N2120;1;;1;;0
URGENCES_P;2014;760780510;760000257;N2500;2;0;2;;
URGENCES_P;2014;760780510;760000257;N9999;11;5;12.71;;
URGENCES_P;2014;760780510;760000257;NINF;6;3;7.47;;
URGENCES_P;2014;760780791;760000414;M9999;5;;5;;
URGENCES_P;2014;760780791;760000414;N1220;6;;6;;
URGENCES_P;2014;760780791;760000414;N2120;;1;0.5;;
URGENCES_P;2014;760780791;760000414;N2500;2;;2;;
URGENCES_P;2014;760780791;760000414;NINF;9;2;10;;
URGENCES_P;2014;760805770;760780726;M1140;6;1;5.7;;0
URGENCES_P;2014;760805770;760780726;M9999;16;1;12.26;;
URGENCES_P;2014;760805770;760780726;N1220;3;0;2.25;;0
URGENCES_P;2014;760805770;760780726;N2120;4;0;3.67;;0
URGENCES_P;2014;760805770;760780726;N2500;28;20;37.66;;
URGENCES_P;2014;760805770;760780726;N9999;83;71;119.04;;
URGENCES_P;2014;760805770;760780726;NINF;43;38;64.39;;0
URGENCES_P;2014;760921809;760000273;M9999;5;5;5;;0
URGENCES_P;2014;760921809;760000273;N1220;4;2;6.73;;0
URGENCES_P;2014;760921809;760000273;N2120;;1;0.2;;0
URGENCES_P;2014;760921809;760000273;N2500;1;;2.06;;
URGENCES_P;2014;760921809;760000273;N3120;;1;0.1;;
URGENCES_P;2014;760921809;760000273;NINF;13;;11.19;;0
URGENCES_P;2014;770000131;770110013;M1140;1;;1;;
URGENCES_P;2014;770000131;770110013;M3020;1;;1;;
URGENCES_P;2014;770000131;770110013;M9999;10;5;6.32;3;1
URGENCES_P;2014;770000131;770110013;N1220;2;;2.27;;
URGENCES_P;2014;770000131;770110013;N2120;1;;1.42;;
URGENCES_P;2014;770000131;770110013;N2500;8;1;7.62;;
URGENCES_P;2014;770000131;770110013;N9999;35;3;36.15;;
URGENCES_P;2014;770000131;770110013;NINF;20;2;21.23;;
URGENCES_P;2014;770000149;770110021;M1140;8;4;1.2;;0
URGENCES_P;2014;770000149;770110021;M9999;15;12;7.4;1;1
URGENCES_P;2014;770000149;770110021;N1220;6;3;4.45;;0
URGENCES_P;2014;770000149;770110021;N2120;2;;0.85;2;1
URGENCES_P;2014;770000149;770110021;N2500;19;5;10.65;;
URGENCES_P;2014;770000149;770110021;N2620;5;0;2.5;2;1
URGENCES_P;2014;770000149;770110021;N9999;76;27;43.73;;
URGENCES_P;2014;770000149;770110021;NINF;44;19;25.28;1;1
URGENCES_P;2014;770000156;770110054;N1220;7;1;7.65;;0
URGENCES_P;2014;770000156;770110054;N2120;3;;2.22;;0
URGENCES_P;2014;770000156;770110054;N2500;26;1;26.16;;
URGENCES_P;2014;770000156;770110054;N9999;83;2;78.03;;
URGENCES_P;2014;770000156;770110054;NINF;36;1;31.22;1;1
URGENCES_P;2014;770000164;770110062;M1140;2;;0.97;;
URGENCES_P;2014;770000164;770110062;M9999;13;;7.83;;
URGENCES_P;2014;770000164;770110062;N1220;2;;2;;
URGENCES_P;2014;770000164;770110062;N2120;1;;0.1;;
URGENCES_P;2014;770000164;770110062;N2500;10;;9.97;;
URGENCES_P;2014;770000164;770110062;N3120;1;;0.25;;
URGENCES_P;2014;770000164;770110062;NINF;20;;14.62;;
URGENCES_P;2014;770000172;770110070;M9999;4;1;4.53;;
URGENCES_P;2014;770000172;770110070;N1220;1;;0.6;;
URGENCES_P;2014;770000172;770110070;N2120;;;0.7;;
URGENCES_P;2014;770000172;770110070;N2500;;;0.25;;
URGENCES_P;2014;770000172;770110070;N9999;12;2;12.15;;
URGENCES_P;2014;770000172;770110070;NINF;8;2;8.2;;
URGENCES_P;2014;770000214;770130052;M9999;4;3;4.4;2;1
URGENCES_P;2014;770000214;770130052;N1220;2;;1.97;2;1
URGENCES_P;2014;770000214;770130052;N2120;;1;0.5;2;1
URGENCES_P;2014;770000214;770130052;N2500;9;3;10.1;;
URGENCES_P;2014;770000214;770130052;N2620;5;;5;;0
URGENCES_P;2014;770000214;770130052;N9999;31;9;35.63;;
URGENCES_P;2014;770000214;770130052;NINF;13;5;15.98;2;1
URGENCES_P;2014;770000446;770700185;M1140;3;7;1.82;;
URGENCES_P;2014;770000446;770700185;M3020;3;3;1.46;;
URGENCES_P;2014;770000446;770700185;M9999;49;27;21.26;;1
URGENCES_P;2014;770000446;770700185;N1220;1;1;1.4;;
URGENCES_P;2014;770000446;770700185;N2120;;1;0.96;;
URGENCES_P;2014;770000446;770700185;N2500;7;3;9.4;;
URGENCES_P;2014;770000446;770700185;NINF;25;15;35.43;;
URGENCES_P;2014;770019032;770170017;M1140;1;1;1.4;;
URGENCES_P;2014;770019032;770170017;M3020;5;1;2.59;;
URGENCES_P;2014;770019032;770170017;M9999;32;14;28.86;3;
URGENCES_P;2014;770019032;770170017;N1220;3;;3;3;
URGENCES_P;2014;770019032;770170017;N2120;3;;2.67;3;
URGENCES_P;2014;770019032;770170017;N2500;26;;24.79;;
URGENCES_P;2014;770019032;770170017;N3120;1;;1;;
URGENCES_P;2014;770019032;770170017;NINF;71;2;70.53;3;
URGENCES_P;2014;770300135;770000289;M9999;4;6;7;;
URGENCES_P;2014;770300135;770000289;N1220;4;4;5.63;;
URGENCES_P;2014;770300135;770000289;N2120;1;;1;;
URGENCES_P;2014;770300135;770000289;N2500;2;;2;;
URGENCES_P;2014;770300135;770000289;NINF;3;5;6.79;;
URGENCES_P;2014;770790707;770000719;M9999;;9;6.51;;
URGENCES_P;2014;770790707;770000719;N1220;3;;3.12;;
URGENCES_P;2014;770790707;770000719;N9999;13;2;12.36;;
URGENCES_P;2014;770790707;770000719;NINF;10;2;9.24;;
URGENCES_P;2014;780000287;780110011;M1140;8;1;2.47;;
URGENCES_P;2014;780000287;780110011;M9999;19;7;16.67;2;1
URGENCES_P;2014;780000287;780110011;N1220;2;1;2.33;;
URGENCES_P;2014;780000287;780110011;N2120;5;;2.5;;
URGENCES_P;2014;780000287;780110011;N2500;29;0;25.12;;
URGENCES_P;2014;780000287;780110011;N2620;2;;2;;
URGENCES_P;2014;780000287;780110011;N3120;2;1;0.23;;
URGENCES_P;2014;780000287;780110011;NINF;37;12;40.32;;
URGENCES_P;2014;780000295;780002697;M9999;7;7;8.11;;
URGENCES_P;2014;780000295;780002697;N1220;1;;1;;
URGENCES_P;2014;780000295;780002697;N2120;1;;0.5;;
URGENCES_P;2014;780000295;780002697;N2500;6;;5.87;;
URGENCES_P;2014;780000295;780002697;N2620;2;;2;;
URGENCES_P;2014;780000295;780002697;N3120;1;;0.15;;
URGENCES_P;2014;780000295;780002697;NINF;18;3;20.03;;
URGENCES_P;2014;780000311;780001236;M1140;4;3;5.54;;0
URGENCES_P;2014;780000311;780001236;M9999;18;8;19.25;1;1
URGENCES_P;2014;780000311;780001236;N1220;1;;1.6;;
URGENCES_P;2014;780000311;780001236;N2120;2;;1.84;;
URGENCES_P;2014;780000311;780001236;N2500;26;5;30.86;;
URGENCES_P;2014;780000311;780001236;NINF;50;8;56.37;;
URGENCES_P;2014;780000329;780110052;M1140;7;1;1;1;1
URGENCES_P;2014;780000329;780110052;M3020;4;;3.08;;
URGENCES_P;2014;780000329;780110052;M9999;7;12;14.15;1;1
URGENCES_P;2014;780000329;780110052;N1220;3;;1.94;;0
URGENCES_P;2014;780000329;780110052;N2120;1;;1;;1
URGENCES_P;2014;780000329;780110052;N2500;12;1;12.85;;
URGENCES_P;2014;780000329;780110052;N2620;9;;9;;0
URGENCES_P;2014;780000329;780110052;N9999;58;5;57.63;;
URGENCES_P;2014;780000329;780110052;NINF;38;6;35.84;1;1
URGENCES_P;2014;780300323;780003679;M9999;2;2;3;;
URGENCES_P;2014;780300323;780003679;N1220;2;;2;;
URGENCES_P;2014;780300323;780003679;N2120;;1;0.5;;
URGENCES_P;2014;780300323;780003679;N2500;1;1;1.7;;
URGENCES_P;2014;780300323;780003679;N2620;1;;1;;
URGENCES_P;2014;780300323;780003679;N3120;;1;0.8;;
URGENCES_P;2014;780300323;780003679;NINF;5;6;10.5;;
URGENCES_P;2014;780300406;780018032;M9999;4;;;;
URGENCES_P;2014;780300406;780018032;N1220;1;;1;;
URGENCES_P;2014;780300406;780018032;N2120;1;;0.3;;
URGENCES_P;2014;780300406;780018032;N2500;4;;4;;
URGENCES_P;2014;780300406;780018032;NINF;5;;4.3;;
URGENCES_P;2014;780300414;780000675;M9999;6;;5.4;;
URGENCES_P;2014;780300414;780000675;N1220;2;;2;;
URGENCES_P;2014;780300414;780000675;N2120;1;;1;;
URGENCES_P;2014;780300414;780000675;N2500;4;;4;;
URGENCES_P;2014;780300414;780000675;NINF;8;;8;;
URGENCES_P;2014;780300422;780002259;M9999;9;;9;;
URGENCES_P;2014;780300422;780002259;N1220;6;2;7.7;;
URGENCES_P;2014;780300422;780002259;N2120;1;;1;;
URGENCES_P;2014;780300422;780002259;N2500;2;;2.4;;
URGENCES_P;2014;780300422;780002259;N2620;1;;1;;
URGENCES_P;2014;780300422;780002259;NINF;18;2;19.25;;
URGENCES_P;2014;780300455;780000717;M9999;4;;4;;
URGENCES_P;2014;780300455;780000717;N1220;3;;3;;
URGENCES_P;2014;780300455;780000717;N2500;3;;2.5;;
URGENCES_P;2014;780300455;780000717;NINF;5;;5;;
URGENCES_P;2014;780800256;780110078;M1140;4;;3.5;;0
URGENCES_P;2014;780800256;780110078;M9999;31;4;22.78;1;1
URGENCES_P;2014;780800256;780110078;N1220;4;1;3.58;;0
URGENCES_P;2014;780800256;780110078;N2120;2;1;2.17;;0
URGENCES_P;2014;780800256;780110078;N2500;41;3;43.9;;
URGENCES_P;2014;780800256;780110078;N2620;14;1;15.04;;0
URGENCES_P;2014;780800256;780110078;N9999;124;15;132.45;;
URGENCES_P;2014;780800256;780110078;NINF;60;9;64.18;;0
URGENCES_P;2014;790000087;790000012;M1140;;8;8.33;;0
URGENCES_P;2014;790000087;790000012;M9999;;8;0.83;;0
URGENCES_P;2014;790000087;790000012;N1220;11;2;11.66;;0
URGENCES_P;2014;790000087;790000012;N2120;1;3;1.8;1;1
URGENCES_P;2014;790000087;790000012;N2500;27;11;36.87;;
URGENCES_P;2014;790000087;790000012;N3120;1;;1;;
URGENCES_P;2014;790000087;790000012;N9999;82;35;105.55;;
URGENCES_P;2014;790000087;790000012;NINF;37;15;48.25;;0
URGENCES_P;2014;790000095;790006654;M9999;9;1;5.12;3;1
URGENCES_P;2014;790000095;790006654;N1220;1;1;1.07;3;1
URGENCES_P;2014;790000095;790006654;N2120;1;0;0.4;3;1
URGENCES_P;2014;790000095;790006654;N2500;7;6;10.95;;
URGENCES_P;2014;790000095;790006654;N9999;18;15;26.9;;
URGENCES_P;2014;790000095;790006654;NINF;7;8;13.24;;0
URGENCES_P;2014;790000103;790006654;M9999;12;0;6.73;3;1
URGENCES_P;2014;790000103;790006654;N1220;1;1;0.76;3;1
URGENCES_P;2014;790000103;790006654;N2120;2;0;0.4;3;1
URGENCES_P;2014;790000103;790006654;N2500;6;0;5.52;;
URGENCES_P;2014;790000103;790006654;N9999;21;3;18.01;;
URGENCES_P;2014;790000103;790006654;NINF;10;0;7.95;3;1
URGENCES_P;2014;790003537;790006654;M9999;10;0;6.06;3;1
URGENCES_P;2014;790003537;790006654;N1220;2;;1.15;3;1
URGENCES_P;2014;790003537;790006654;N2120;2;0;0.6;3;1
URGENCES_P;2014;790003537;790006654;N2500;7;1;7.91;;
URGENCES_P;2014;790003537;790006654;N9999;22;2;20.26;;
URGENCES_P;2014;790003537;790006654;NINF;9;1;9.89;;0
URGENCES_P;2014;790009948;790001242;M9999;4;;4;;0
URGENCES_P;2014;790009948;790001242;N1220;2;;2;;0
URGENCES_P;2014;790009948;790001242;N2500;4;;4;;
URGENCES_P;2014;790009948;790001242;NINF;10;;10;;0
URGENCES_P;2014;800000143;800000028;M9999;11;1;8.02;3;1
URGENCES_P;2014;800000143;800000028;N1220;5;3;6.22;3;1
URGENCES_P;2014;800000143;800000028;N2120;1;0;0.75;2;1
URGENCES_P;2014;800000143;800000028;N2500;17;4;19.45;;
URGENCES_P;2014;800000143;800000028;N2620;0;0;0;3;1
URGENCES_P;2014;800000143;800000028;N9999;58;12;49.33;;
URGENCES_P;2014;800000143;800000028;NINF;23;5;19.71;3;1
URGENCES_P;2014;800000192;800000044;M1140;;;0.2;;0
URGENCES_P;2014;800000192;800000044;M9999;;;6.74;1;1
URGENCES_P;2014;800000192;800000044;N1220;;;5.18;;0
URGENCES_P;2014;800000192;800000044;N2120;;;2.84;;0
URGENCES_P;2014;800000192;800000044;N2500;;;22.9;;
URGENCES_P;2014;800000192;800000044;N2620;;;3.07;;0
URGENCES_P;2014;800000192;800000044;N9999;;;96.1;;
URGENCES_P;2014;800000192;800000044;NINF;;;37.63;;0
URGENCES_P;2014;800000226;800000069;M9999;1;1;1.5;2;1
URGENCES_P;2014;800000226;800000069;N1220;3;1;3.5;;0
URGENCES_P;2014;800000226;800000069;N2120;1;0;0.8;2;1
URGENCES_P;2014;800000226;800000069;N2500;6;1;6.79;;
URGENCES_P;2014;800000226;800000069;N9999;19;3;20.97;;
URGENCES_P;2014;800000226;800000069;NINF;9;1;8.38;2;1
URGENCES_P;2014;800000390;800000085;N2120;1;;0.5;;1
URGENCES_P;2014;800000390;800000085;N9999;12;1;11.5;;
URGENCES_P;2014;800000390;800000085;NINF;6;;5.5;;0
URGENCES_P;2014;800000432;800000093;M9999;5;2;6.1;2;1
URGENCES_P;2014;800000432;800000093;N1220;2;;1.5;2;1
URGENCES_P;2014;800000432;800000093;N2120;1;;0.5;2;1
URGENCES_P;2014;800000432;800000093;N2500;3;;2.5;;
URGENCES_P;2014;800000432;800000093;NINF;5;5;7.74;3;1
URGENCES_P;2014;800006124;800000044;M1140;1;1;0.96;;1
URGENCES_P;2014;800006124;800000044;M9999;26;8;15.07;1;1
URGENCES_P;2014;800006124;800000044;N1220;6;3;1.66;;0
URGENCES_P;2014;800006124;800000044;N2120;5;0;2.03;;0
URGENCES_P;2014;800006124;800000044;N2500;50;10;19.74;;
URGENCES_P;2014;800006124;800000044;N2620;3;;1.45;;0
URGENCES_P;2014;800006124;800000044;N9999;169;29;71.93;;
URGENCES_P;2014;800006124;800000044;NINF;68;15;30.46;;0
URGENCES_P;2014;800015729;800015679;N1220;4;2;5;;
URGENCES_P;2014;800015729;800015679;N2120;0;1;0.25;;
URGENCES_P;2014;800015729;800015679;N2500;9;0;9;;
URGENCES_P;2014;800015729;800015679;N2620;5;0;5;;
URGENCES_P;2014;800015729;800015679;NINF;11;2;12.18;;
URGENCES_P;2014;810000224;810000471;M9999;4;;3.8;;0
URGENCES_P;2014;810000224;810000471;N1220;1;1;1.8;;
URGENCES_P;2014;810000224;810000471;N2120;;1;0.5;;0
URGENCES_P;2014;810000224;810000471;N2500;5;1;5.9;;
URGENCES_P;2014;810000224;810000471;NINF;8;3;9.7;;0
URGENCES_P;2014;810000505;810000331;M9999;13;1;8.78;1;1
URGENCES_P;2014;810000505;810000331;N1220;1;1;1.26;;0
URGENCES_P;2014;810000505;810000331;N2120;2;;0.53;2;1
URGENCES_P;2014;810000505;810000331;N2500;19;2;17.69;;
URGENCES_P;2014;810000505;810000331;N3120;1;;1;;
URGENCES_P;2014;810000505;810000331;N9999;45;7;46.66;;
URGENCES_P;2014;810000505;810000331;NINF;20;4;24.19;;0
URGENCES_P;2014;810000521;810000380;M9999;14;10;6.68;1;1
URGENCES_P;2014;810000521;810000380;N1220;6;3;5.54;1;1
URGENCES_P;2014;810000521;810000380;N2120;4;;1.23;1;1
URGENCES_P;2014;810000521;810000380;N2500;21;2;22.55;;
URGENCES_P;2014;810000521;810000380;N9999;69;15;67.96;;
URGENCES_P;2014;810000521;810000380;NINF;38;9;37.84;1;1
URGENCES_P;2014;810000562;810000455;M9999;10;;10;3;1
URGENCES_P;2014;810000562;810000455;N1220;3;;2.63;;0
URGENCES_P;2014;810000562;810000455;N2120;1;;0.5;2;1
URGENCES_P;2014;810000562;810000455;N2500;8;;7.57;;
URGENCES_P;2014;810000562;810000455;N3120;1;;0.05;;
URGENCES_P;2014;810000562;810000455;NINF;14;5;14.75;3;1
URGENCES_P;2014;810101444;810000992;M9999;5;35;12;;
URGENCES_P;2014;810101444;810000992;N1220;2;;2;;
URGENCES_P;2014;810101444;810000992;N2500;6;;6;;
URGENCES_P;2014;810101444;810000992;N2620;1;;1;;
URGENCES_P;2014;810101444;810000992;N9999;16;;16.79;;
URGENCES_P;2014;810101444;810000992;NINF;7;1;7.79;;
URGENCES_P;2014;820000032;820000016;M3020;3;;2.09;;
URGENCES_P;2014;820000032;820000016;M9999;24;4;10.46;3;1
URGENCES_P;2014;820000032;820000016;N1220;3;1;3.1;2;1
URGENCES_P;2014;820000032;820000016;N2120;3;;1.72;;0
URGENCES_P;2014;820000032;820000016;N2500;22;1;20.53;;
URGENCES_P;2014;820000032;820000016;N3120;2;;0.5;;
URGENCES_P;2014;820000032;820000016;N9999;66;4;59.81;;
URGENCES_P;2014;820000032;820000016;NINF;32;2;30.86;1;1
URGENCES_P;2014;820000057;820000131;M9999;3;5;3;;
URGENCES_P;2014;820000057;820000131;N1220;4;1;4.36;;
URGENCES_P;2014;820000057;820000131;N2500;4;1;4.46;;
URGENCES_P;2014;820000057;820000131;N2620;1;;1;;
URGENCES_P;2014;820000057;820000131;NINF;9;2;8.97;;
URGENCES_P;2014;820000883;820004950;M9999;6;1;5.7;3;1
URGENCES_P;2014;820000883;820004950;N1220;1;;1;;0
URGENCES_P;2014;820000883;820004950;N2500;3;6;5.97;;
URGENCES_P;2014;820000883;820004950;N9999;6;36;24.38;;
URGENCES_P;2014;820000883;820004950;NINF;2;26;15.77;1;1
URGENCES_P;2014;830000279;830100517;M9999;12;3;8.43;2;1
URGENCES_P;2014;830000279;830100517;N1220;2;;1.54;2;1
URGENCES_P;2014;830000279;830100517;N2120;1;;0.7;2;1
URGENCES_P;2014;830000279;830100517;N2500;15;;14.97;;
URGENCES_P;2014;830000279;830100517;N9999;40;;42.23;;
URGENCES_P;2014;830000279;830100517;NINF;22;;25.02;2;1
URGENCES_P;2014;830000287;830100525;M9999;15;1;9.4;2;1
URGENCES_P;2014;830000287;830100525;N1220;4;;4;;0
URGENCES_P;2014;830000287;830100525;N2120;1;1;1.32;2;1
URGENCES_P;2014;830000287;830100525;N2500;16;;16.89;;
URGENCES_P;2014;830000287;830100525;N3120;1;;0.5;;
URGENCES_P;2014;830000287;830100525;N9999;52;2;52.81;;
URGENCES_P;2014;830000287;830100525;NINF;26;1;25.84;;0
URGENCES_P;2014;830000295;830100533;M9999;12;8;10.03;1;1
URGENCES_P;2014;830000295;830100533;N1220;;2;1;;0
URGENCES_P;2014;830000295;830100533;N2120;;1;0.45;;0
URGENCES_P;2014;830000295;830100533;N2500;4;4;5.3;;
URGENCES_P;2014;830000295;830100533;N2620;2;2;2.17;;0
URGENCES_P;2014;830000295;830100533;N9999;29;22;41.66;;
URGENCES_P;2014;830000295;830100533;NINF;15;4;15.4;;1
URGENCES_P;2014;830000311;830100566;M1140;3;1;1.42;;0
URGENCES_P;2014;830000311;830100566;M9999;21;5;10.95;3;1
URGENCES_P;2014;830000311;830100566;N1220;4;;4.49;;0
URGENCES_P;2014;830000311;830100566;N2120;1;;2.09;2;1
URGENCES_P;2014;830000311;830100566;N2500;15;;13.88;;
URGENCES_P;2014;830000311;830100566;N2620;3;;1.5;;0
URGENCES_P;2014;830000311;830100566;NINF;28;2;29.06;1;1
URGENCES_P;2014;830000337;830100590;M9999;6;2;6.37;3;1
URGENCES_P;2014;830000337;830100590;N1220;3;0;2.9;2;1
URGENCES_P;2014;830000337;830100590;N2120;1;0;0.8;2;1
URGENCES_P;2014;830000337;830100590;N2500;7;3;9.4;;
URGENCES_P;2014;830000337;830100590;N2620;2;0;2;;0
URGENCES_P;2014;830000337;830100590;N9999;38;5;41.4;;
URGENCES_P;2014;830000337;830100590;NINF;25;2;26.3;;0
URGENCES_P;2014;830000345;830100616;M1140;7;;0.7;;
URGENCES_P;2014;830000345;830100616;M3020;3;;0.84;;
URGENCES_P;2014;830000345;830100616;M9999;29;2;16.35;;1
URGENCES_P;2014;830000345;830100616;N1220;0;2;1.81;;0
URGENCES_P;2014;830000345;830100616;N2120;1;0;2.46;;0
URGENCES_P;2014;830000345;830100616;N2500;17;4;20.17;;
URGENCES_P;2014;830000345;830100616;N9999;63;10;72.75;;
URGENCES_P;2014;830000345;830100616;NINF;45;6;48.31;;0
URGENCES_P;2014;830100574;750821092;M9999;7;3;5.36;;
URGENCES_P;2014;830100574;750821092;N1220;3;;3;;
URGENCES_P;2014;830100574;750821092;N2120;1;;1;;
URGENCES_P;2014;830100574;750821092;N2500;7;;6.6;;
URGENCES_P;2014;830100574;750821092;N9999;37;1;32;;
URGENCES_P;2014;830100574;750821092;NINF;29;;24.32;;
URGENCES_P;2014;830100608;830100616;M9999;3;2;3.4;;
URGENCES_P;2014;830100608;830100616;N1220;0;2;2.32;;0
URGENCES_P;2014;830100608;830100616;N2120;0;1;1.07;;0
URGENCES_P;2014;830100608;830100616;N2500;0;6;5.3;;
URGENCES_P;2014;830100608;830100616;N2620;0;2;2;;0
URGENCES_P;2014;830100608;830100616;N9999;11;24;29.43;;
URGENCES_P;2014;830100608;830100616;NINF;11;13;21.06;;0
URGENCES_P;2014;830200523;830210084;M9999;3;4;4.81;;
URGENCES_P;2014;830200523;830210084;N1220;3;;3;;
URGENCES_P;2014;830200523;830210084;N2120;;1;0.25;;
URGENCES_P;2014;830200523;830210084;NINF;5;2;6;;
URGENCES_P;2014;840000343;840000012;M1140;;;;3;
URGENCES_P;2014;840000343;840000012;M9999;5;1;5.65;3;1
URGENCES_P;2014;840000343;840000012;N1220;;1;0.8;3;1
URGENCES_P;2014;840000343;840000012;N2120;;1;0.5;3;1
URGENCES_P;2014;840000343;840000012;N2500;5;3;7.2;;
URGENCES_P;2014;840000343;840000012;N3120;;1;0.5;;
URGENCES_P;2014;840000343;840000012;N9999;12;10;18.6;;
URGENCES_P;2014;840000343;840000012;NINF;7;4;9.6;3;1
URGENCES_P;2014;840000392;840000046;M9999;;11;5.43;2;1
URGENCES_P;2014;840000392;840000046;N1220;2;4;3.55;2;1
URGENCES_P;2014;840000392;840000046;N2120;2;;1.75;2;1
URGENCES_P;2014;840000392;840000046;N2500;7;;9.54;;
URGENCES_P;2014;840000392;840000046;N2620;2;;1.87;2;1
URGENCES_P;2014;840000392;840000046;N9999;38;5;38.81;;
URGENCES_P;2014;840000392;840000046;NINF;15;;18.55;2;1
URGENCES_P;2014;840000418;840004659;M9999;6;10;10.17;;
URGENCES_P;2014;840000418;840004659;N1220;1;;1;;
URGENCES_P;2014;840000418;840004659;N2120;1;;1;;
URGENCES_P;2014;840000418;840004659;N2500;7;;7;;
URGENCES_P;2014;840000418;840004659;N2620;6;;6;;
URGENCES_P;2014;840000418;840004659;N9999;28;1;28.8;;
URGENCES_P;2014;840000418;840004659;NINF;13;1;13.8;;
URGENCES_P;2014;840000483;840000087;M9999;15;6;10.11;3;1
URGENCES_P;2014;840000483;840000087;N1220;2;1;2.4;;0
URGENCES_P;2014;840000483;840000087;N2120;1;1;1.12;3;1
URGENCES_P;2014;840000483;840000087;N2500;11;;11;;
URGENCES_P;2014;840000483;840000087;N9999;41;5;43.52;;
URGENCES_P;2014;840000483;840000087;NINF;22;2;23.6;1;1
URGENCES_P;2014;840000491;130041916;M9999;3;5;5.38;1;1
URGENCES_P;2014;840000491;130041916;N1220;2;1;2.1;;0
URGENCES_P;2014;840000491;130041916;N2120;;1;0.76;2;1
URGENCES_P;2014;840000491;130041916;N2500;6;8;7.53;;
URGENCES_P;2014;840000491;130041916;N9999;14;24;24.05;;
URGENCES_P;2014;840000491;130041916;NINF;2;13;8.68;2;1
URGENCES_P;2014;840000525;840000111;N1220;1;;1.07;;
URGENCES_P;2014;840000525;840000111;N2120;;1;0.25;;
URGENCES_P;2014;840000525;840000111;N2500;3;;3.08;;
URGENCES_P;2014;840000525;840000111;N9999;15;1;14.07;;
URGENCES_P;2014;840000525;840000111;NINF;11;;9.67;3;1
URGENCES_P;2014;840000533;840000129;M9999;5;1;5.37;;
URGENCES_P;2014;840000533;840000129;N2120;;1;0.49;;
URGENCES_P;2014;840000533;840000129;N2500;7;1;6.97;;
URGENCES_P;2014;840000533;840000129;N2620;1;;0.5;;
URGENCES_P;2014;840000533;840000129;N9999;20;5;21.13;;
URGENCES_P;2014;840000533;840000129;NINF;12;3;13.17;;
URGENCES_P;2014;840001861;840006597;M1140;4;3;4;;0
URGENCES_P;2014;840001861;840006597;M9999;28;8;20.2;;1
URGENCES_P;2014;840001861;840006597;N1220;2;3;4.2;;
URGENCES_P;2014;840001861;840006597;N2120;3;;2.95;;
URGENCES_P;2014;840001861;840006597;N2500;51;6;35.25;;
URGENCES_P;2014;840001861;840006597;N3120;2;;0.15;;
URGENCES_P;2014;840001861;840006597;N9999;166;54;130.64;;
URGENCES_P;2014;840001861;840006597;NINF;45;19;55.99;;
URGENCES_P;2014;850000118;850013244;M9999;4;1;4;;0
URGENCES_P;2014;850000118;850013244;N1220;2;;2;;0
URGENCES_P;2014;850000118;850013244;N2120;1;;0.5;;0
URGENCES_P;2014;850000118;850013244;N2500;2;3;4.86;;
URGENCES_P;2014;850000118;850013244;N3120;1;;0.35;;
URGENCES_P;2014;850000118;850013244;NINF;5;5;8.59;;0
URGENCES_P;2014;850000142;850000019;M1140;;10;1.63;;1
URGENCES_P;2014;850000142;850000019;M9999;1;39;16.43;;1
URGENCES_P;2014;850000142;850000019;N1220;1;4;4.96;;
URGENCES_P;2014;850000142;850000019;N2120;2;1;2.25;;0
URGENCES_P;2014;850000142;850000019;N2500;23;39;31.52;;
URGENCES_P;2014;850000142;850000019;N9999;50;114;82.78;;
URGENCES_P;2014;850000142;850000019;NINF;18;48;38.6;;
URGENCES_P;2014;850000175;850009010;M9999;1;10;6.59;3;1
URGENCES_P;2014;850000175;850009010;N1220;7;1;5.69;;0
URGENCES_P;2014;850000175;850009010;N2120;1;;0.93;3;1
URGENCES_P;2014;850000175;850009010;N2500;11;5;14.46;;
URGENCES_P;2014;850000175;850009010;N9999;38;14;44.19;;
URGENCES_P;2014;850000175;850009010;NINF;19;6;21.42;;0
URGENCES_P;2014;850000209;850000019;M9999;;20;4.5;;1
URGENCES_P;2014;850000209;850000019;N1220;;5;2.94;;1
URGENCES_P;2014;850000209;850000019;N2120;;1;0.7;;1
URGENCES_P;2014;850000209;850000019;N2500;4;5;7.13;;
URGENCES_P;2014;850000209;850000019;N9999;10;15;23.3;;
URGENCES_P;2014;850000209;850000019;NINF;6;7;11.58;;0
URGENCES_P;2014;850000225;850000019;M9999;;18;2.63;;1
URGENCES_P;2014;850000225;850000019;N1220;;6;2.76;;0
URGENCES_P;2014;850000225;850000019;N2120;;;0.13;;0
URGENCES_P;2014;850000225;850000019;N2500;3;6;6.51;;
URGENCES_P;2014;850000225;850000019;N9999;11;15;19.07;;
URGENCES_P;2014;850000225;850000019;NINF;7;3;9.46;;0
URGENCES_P;2014;850000241;850000084;M1140;1;0;0.5;2;1
URGENCES_P;2014;850000241;850000084;M9999;5;1;5.29;2;1
URGENCES_P;2014;850000241;850000084;N1220;3;0;3;2;1
URGENCES_P;2014;850000241;850000084;N2120;0;0;0.71;2;1
URGENCES_P;2014;850000241;850000084;N2500;7;4;11.22;;
URGENCES_P;2014;850000241;850000084;N2620;4;1;4.83;2;1
URGENCES_P;2014;850000241;850000084;N9999;41;13;52.24;;
URGENCES_P;2014;850000241;850000084;NINF;13;8;18.48;2;1
URGENCES_P;2014;850009630;850000035;M9999;10;2;5.02;1;1
URGENCES_P;2014;850009630;850000035;N1220;1;1;1.6;2;1
URGENCES_P;2014;850009630;850000035;N2120;1;;1;;0
URGENCES_P;2014;850009630;850000035;N2500;7;2;5.66;;
URGENCES_P;2014;850009630;850000035;N9999;12;12;13.08;;
URGENCES_P;2014;850009630;850000035;NINF;3;9;4.82;2;1
URGENCES_P;2014;860000025;860013382;M9999;13;1;4.42;3;1
URGENCES_P;2014;860000025;860013382;N1220;3;;1.4;3;1
URGENCES_P;2014;860000025;860013382;N2120;3;;1.4;3;1
URGENCES_P;2014;860000025;860013382;N2500;7;3;8.4;;
URGENCES_P;2014;860000025;860013382;N2620;16;1;8.76;3;1
URGENCES_P;2014;860000025;860013382;N9999;47;11;44.59;;
URGENCES_P;2014;860000025;860013382;NINF;18;7;24.63;3;1
URGENCES_P;2014;860000033;860013382;M9999;3;2;2.51;2;1
URGENCES_P;2014;860000033;860013382;N2500;6;;6;;
URGENCES_P;2014;860000033;860013382;N9999;14;2;6.15;;
URGENCES_P;2014;860000033;860013382;NINF;7;1;1.75;2;1
URGENCES_P;2014;860000058;860780097;M9999;5;;2.5;2;1
URGENCES_P;2014;860000058;860780097;N1220;;1;0.25;;
URGENCES_P;2014;860000058;860780097;N2120;1;;0.25;2;1
URGENCES_P;2014;860000058;860780097;N2500;3;;1.25;;
URGENCES_P;2014;860000058;860780097;N2620;1;;0.5;;
URGENCES_P;2014;860000058;860780097;NINF;6;2;4;2;1
URGENCES_P;2014;860000223;860013077;M1140;11;;5.7;1;1
URGENCES_P;2014;860000223;860013077;M9999;32;1;17.55;1;1
URGENCES_P;2014;860000223;860013077;N1220;10;3;12.11;;0
URGENCES_P;2014;860000223;860013077;N2120;3;;3.02;2;1
URGENCES_P;2014;860000223;860013077;N2500;30;12;36.4;;
URGENCES_P;2014;860000223;860013077;N3120;2;1;1;;
URGENCES_P;2014;860000223;860013077;N9999;101;29;114.66;;
URGENCES_P;2014;860000223;860013077;NINF;56;13;62.13;2;1
URGENCES_P;2014;860010321;860010313;M9999;3;;3;;
URGENCES_P;2014;860010321;860010313;N1220;1;;1;;
URGENCES_P;2014;860010321;860010313;N2120;;1;0.5;;
URGENCES_P;2014;860010321;860010313;N2500;2;1;2.91;;
URGENCES_P;2014;860010321;860010313;N2620;2;;2;;
URGENCES_P;2014;860010321;860010313;N9999;14;7;18.62;;
URGENCES_P;2014;860010321;860010313;NINF;9;5;12.21;;
URGENCES_P;2014;870000064;870000015;M9999;25;0;10.03;2;1
URGENCES_P;2014;870000064;870000015;N1220;4;;3.8;;0
URGENCES_P;2014;870000064;870000015;N2120;4;;3.03;1;0
URGENCES_P;2014;870000064;870000015;N2500;32;8;37.6;;
URGENCES_P;2014;870000064;870000015;N9999;113;14;98.26;;
URGENCES_P;2014;870000064;870000015;NINF;55;5;44.76;1;1
URGENCES_P;2014;870000098;870000023;M9999;4;0;4;;1
URGENCES_P;2014;870000098;870000023;N1220;;2;0.92;;
URGENCES_P;2014;870000098;870000023;N2120;1;;1;;
URGENCES_P;2014;870000098;870000023;N2500;9;1;10.33;;
URGENCES_P;2014;870000098;870000023;N2620;2;;2;;
URGENCES_P;2014;870000098;870000023;N9999;25;5;25.78;;
URGENCES_P;2014;870000098;870000023;NINF;13;2;11.53;;
URGENCES_P;2014;870000270;870000031;M9999;5;;5;3;1
URGENCES_P;2014;870000270;870000031;N2120;1;;0.25;;
URGENCES_P;2014;870000270;870000031;N2500;4;;4;;
URGENCES_P;2014;870000270;870000031;NINF;7;2;6.93;;
URGENCES_P;2014;870000288;870017415;M9999;6;;6;;0
URGENCES_P;2014;870000288;870017415;N1220;6;;6;;0
URGENCES_P;2014;870000288;870017415;N2120;1;;1;;0
URGENCES_P;2014;870000288;870017415;N2500;3;1;2.71;;
URGENCES_P;2014;870000288;870017415;N2620;1;;1;;0
URGENCES_P;2014;870000288;870017415;NINF;17;2;18.66;;0
URGENCES_P;2014;870014859;870000015;M1140;4;1;3.27;;0
URGENCES_P;2014;870014859;870000015;M9999;7;1;4.28;;0
URGENCES_P;2014;870014859;870000015;N1220;2;;1.4;;
URGENCES_P;2014;870014859;870000015;N2500;4;1;4.07;;
URGENCES_P;2014;870014859;870000015;N2620;4;;0.33;;
URGENCES_P;2014;870014859;870000015;N9999;33;9;35.65;;
URGENCES_P;2014;870014859;870000015;NINF;12;7;16.77;;
URGENCES_P;2014;880000021;880007059;M9999;12;7;15.95;3;1
URGENCES_P;2014;880000021;880007059;N1220;6;1;6.09;;0
URGENCES_P;2014;880000021;880007059;N2120;;1;0.84;2;1
URGENCES_P;2014;880000021;880007059;N2500;13;1;13.65;;
URGENCES_P;2014;880000021;880007059;N9999;46;9;55.56;;
URGENCES_P;2014;880000021;880007059;NINF;27;6;29.79;2;1
URGENCES_P;2014;880000047;880780077;M9999;5;4;5.2;3;1
URGENCES_P;2014;880000047;880780077;N1220;4;;3.25;3;1
URGENCES_P;2014;880000047;880780077;N2120;1;;0.8;3;1
URGENCES_P;2014;880000047;880780077;N2500;6;;6;;
URGENCES_P;2014;880000047;880780077;NINF;21;;21;3;1
URGENCES_P;2014;880000054;880007299;M9999;9;1;4.33;3;1
URGENCES_P;2014;880000054;880007299;N1220;;2;1.48;3;1
URGENCES_P;2014;880000054;880007299;N2120;;1;0.3;3;1
URGENCES_P;2014;880000054;880007299;N2500;;9;4.49;;
URGENCES_P;2014;880000054;880007299;N9999;;39;19.51;;
URGENCES_P;2014;880000054;880007299;NINF;;27;13.24;3;1
URGENCES_P;2014;880000062;880780093;M9999;9;9;11.53;2;1
URGENCES_P;2014;880000062;880780093;N1220;9;1;4.82;2;1
URGENCES_P;2014;880000062;880780093;N2120;0;1;0.13;3;1
URGENCES_P;2014;880000062;880780093;N2500;0;11;3.26;;
URGENCES_P;2014;880000062;880780093;N9999;9;45;31.75;;
URGENCES_P;2014;880000062;880780093;NINF;0;32;23.54;1;1
URGENCES_P;2014;880000070;880007299;M9999;2;2;1.4;3;1
URGENCES_P;2014;880000070;880007299;N2120;;1;0.4;3;1
URGENCES_P;2014;880000070;880007299;N2500;;4;1.4;;
URGENCES_P;2014;880000070;880007299;N2620;;2;0.7;3;1
URGENCES_P;2014;880000070;880007299;N9999;;17;11.43;;
URGENCES_P;2014;880000070;880007299;NINF;;10;7.53;3;1
URGENCES_P;2014;890002389;890000730;M9999;3;;3;;
URGENCES_P;2014;890002389;890000730;N1220;2;;2;;
URGENCES_P;2014;890002389;890000730;N2120;;1;0.5;;
URGENCES_P;2014;890002389;890000730;N9999;7;1;7.5;;
URGENCES_P;2014;890002389;890000730;NINF;5;;5;;
URGENCES_P;2014;890975527;890000037;M1140;1;;1;;0
URGENCES_P;2014;890975527;890000037;M3020;1;;0.1;;
URGENCES_P;2014;890975527;890000037;M9999;18;11;21.75;;1
URGENCES_P;2014;890975527;890000037;N1220;2;;2;;
URGENCES_P;2014;890975527;890000037;N2120;2;;2;;
URGENCES_P;2014;890975527;890000037;N2500;7;1;7.86;;
URGENCES_P;2014;890975527;890000037;N2620;8;;8;;
URGENCES_P;2014;890975527;890000037;NINF;37;12;47.12;;
URGENCES_P;2014;890975535;890000409;M9999;5;3;3.47;3;1
URGENCES_P;2014;890975535;890000409;N1220;4;1;1.91;;
URGENCES_P;2014;890975535;890000409;N2120;1;;0.7;;
URGENCES_P;2014;890975535;890000409;N2500;7;;4.59;;
URGENCES_P;2014;890975535;890000409;N2620;3;1;0.95;;
URGENCES_P;2014;890975535;890000409;N9999;29;4;17.44;;
URGENCES_P;2014;890975535;890000409;NINF;14;2;9.29;;
URGENCES_P;2014;890975543;890000417;M9999;11;3;5.38;3;1
URGENCES_P;2014;890975543;890000417;N1220;3;;3.14;3;1
URGENCES_P;2014;890975543;890000417;N2620;7;;4.58;3;1
URGENCES_P;2014;890975543;890000417;NINF;21;3;12.13;3;1
URGENCES_P;2014;890975550;890970569;M1140;5;;1.2;;0
URGENCES_P;2014;890975550;890970569;M9999;16;11;14.95;3;1
URGENCES_P;2014;890975550;890970569;N1220;5;0;5;2;1
URGENCES_P;2014;890975550;890970569;N2120;1;0;0.94;2;1
URGENCES_P;2014;890975550;890970569;N2500;7;0;7.82;;
URGENCES_P;2014;890975550;890970569;N2620;13;0;13.05;1;0
URGENCES_P;2014;890975550;890970569;N9999;131;6;65.78;;
URGENCES_P;2014;890975550;890970569;NINF;18;6;19.86;1;1
URGENCES_P;2014;890975568;890000433;M9999;3;3;3.74;;0
URGENCES_P;2014;890975568;890000433;N1220;;;0.1;;0
URGENCES_P;2014;890975568;890000433;N2120;;;0.5;;0
URGENCES_P;2014;890975568;890000433;N2500;3;;3.25;;
URGENCES_P;2014;890975568;890000433;N9999;12;4;15.45;;
URGENCES_P;2014;890975568;890000433;NINF;8;4;10.61;;0
URGENCES_P;2014;900000167;900000365;M9999;6;3;8.02;1;1
URGENCES_P;2014;900000167;900000365;N1220;8;5;11.21;;
URGENCES_P;2014;900000167;900000365;N2120;2;0;2;;
URGENCES_P;2014;900000167;900000365;N2500;3;4;5.43;;
URGENCES_P;2014;900000167;900000365;N9999;38;26;54.23;;
URGENCES_P;2014;900000167;900000365;NINF;18;18;29.28;;
URGENCES_P;2014;910000272;910110014;M1140;;6;2.19;;
URGENCES_P;2014;910000272;910110014;M9999;6;7;11.89;;0
URGENCES_P;2014;910000272;910110014;N1220;1;;0.92;;0
URGENCES_P;2014;910000272;910110014;N2120;1;;1;;0
URGENCES_P;2014;910000272;910110014;N2500;8;2;9.01;;
URGENCES_P;2014;910000272;910110014;N2620;3;;3.27;;0
URGENCES_P;2014;910000272;910110014;N9999;25;11;31.71;;
URGENCES_P;2014;910000272;910110014;NINF;12;9;17.51;3;1
URGENCES_P;2014;910000280;910019447;M1140;2;;0.6;;
URGENCES_P;2014;910000280;910019447;M9999;8;2;5.35;;
URGENCES_P;2014;910000280;910019447;N1220;1;1;1.3;;
URGENCES_P;2014;910000280;910019447;N2120;1;;1;;
URGENCES_P;2014;910000280;910019447;N2500;3;3;3.5;;
URGENCES_P;2014;910000280;910019447;N2620;;4;0.5;;
URGENCES_P;2014;910000280;910019447;N9999;21;18;22.12;;
URGENCES_P;2014;910000280;910019447;NINF;16;8;15.57;;
URGENCES_P;2014;910000298;910110055;M1140;3;1;3.73;;
URGENCES_P;2014;910000298;910110055;M9999;5;11;11.73;;
URGENCES_P;2014;910000298;910110055;N1220;2;;2;;
URGENCES_P;2014;910000298;910110055;N2120;1;;1;;
URGENCES_P;2014;910000298;910110055;N2500;14;;14.08;;
URGENCES_P;2014;910000298;910110055;N2620;8;;7.83;;
URGENCES_P;2014;910000298;910110055;NINF;37;7;41.88;;
URGENCES_P;2014;910000306;910110063;M1140;1;2;1.92;;
URGENCES_P;2014;910000306;910110063;M9999;5;9;10.14;;0
URGENCES_P;2014;910000306;910110063;N1220;2;1;3.36;;0
URGENCES_P;2014;910000306;910110063;N2120;;1;0.75;;0
URGENCES_P;2014;910000306;910110063;N2500;8;;8.84;;
URGENCES_P;2014;910000306;910110063;N3120;1;;1;;
URGENCES_P;2014;910000306;910110063;N9999;47;13;59.68;;
URGENCES_P;2014;910000306;910110063;NINF;34;10;37.42;;
URGENCES_P;2014;910001973;910019447;M9999;12;3;7.62;3;1
URGENCES_P;2014;910001973;910019447;N1220;2;1;2.5;;
URGENCES_P;2014;910001973;910019447;N2120;1;;1;;1
URGENCES_P;2014;910001973;910019447;N2500;13;2;8.72;;
URGENCES_P;2014;910001973;910019447;N3120;1;;0.5;;
URGENCES_P;2014;910001973;910019447;N9999;39;4;28.05;;
URGENCES_P;2014;910001973;910019447;NINF;23;1;15.43;;1
URGENCES_P;2014;910018423;910019454;M9999;2;11;7.1;;0
URGENCES_P;2014;910018423;910019454;N1220;1;;0.91;;1
URGENCES_P;2014;910018423;910019454;N2120;1;;1;;1
URGENCES_P;2014;910018423;910019454;N2500;7;;7.92;;
URGENCES_P;2014;910018423;910019454;N2620;2;;2;;
URGENCES_P;2014;910018423;910019454;NINF;13;6;16.13;;
URGENCES_P;2014;910020254;910002773;M1140;4;1;4.08;;
URGENCES_P;2014;910020254;910002773;M9999;4;1;4.08;;
URGENCES_P;2014;910020254;910002773;N1220;;1;0.9;;
URGENCES_P;2014;910020254;910002773;N2120;;2;0.3;;
URGENCES_P;2014;910020254;910002773;N2500;2;3;3.7;;
URGENCES_P;2014;910020254;910002773;N9999;21;25;34.3;;
URGENCES_P;2014;910020254;910002773;NINF;17;13;25.3;;
URGENCES_P;2014;910300144;910000447;M9999;2;2;3;;
URGENCES_P;2014;910300144;910000447;N2500;3;1;3.21;;
URGENCES_P;2014;910300144;910000447;N2620;1;;1;;
URGENCES_P;2014;910300144;910000447;NINF;6;;5.81;;
URGENCES_P;2014;910300219;910003888;M9999;7;;7;;
URGENCES_P;2014;910300219;910003888;N1220;10;1;10.16;;
URGENCES_P;2014;910300219;910003888;N2500;2;;2;;
URGENCES_P;2014;910300219;910003888;NINF;12;;12;;
URGENCES_P;2014;910300300;910000538;M9999;1;;1;;
URGENCES_P;2014;910300300;910000538;N2500;2;;2;;
URGENCES_P;2014;910300300;910000538;NINF;3;;3;;
URGENCES_P;2014;910803543;910017615;N1220;3;2;3.6;;
URGENCES_P;2014;910803543;910017615;N2120;1;0;1;;
URGENCES_P;2014;910803543;910017615;N2500;4;0;4;;
URGENCES_P;2014;910803543;910017615;N2620;2;0;2;;
URGENCES_P;2014;910803543;910017615;NINF;13;0;13;;
URGENCES_P;2014;920000577;920110020;M9999;19;;10.14;;
URGENCES_P;2014;920000577;920110020;N1220;2;;2;;
URGENCES_P;2014;920000577;920110020;N2120;1;;1;;
URGENCES_P;2014;920000577;920110020;N2500;20;;16.3;;
URGENCES_P;2014;920000577;920110020;N2620;3;;3;;
URGENCES_P;2014;920000577;920110020;N9999;49;;39.83;;
URGENCES_P;2014;920000577;920110020;NINF;19;;15.87;;
URGENCES_P;2014;920000585;920026374;M1140;1;1;0.45;;0
URGENCES_P;2014;920000585;920026374;M9999;7;7;8.93;;0
URGENCES_P;2014;920000585;920026374;N1220;;3;2;;0
URGENCES_P;2014;920000585;920026374;N2120;;1;0.4;;0
URGENCES_P;2014;920000585;920026374;N2500;14;1;14.4;;
URGENCES_P;2014;920000585;920026374;N2620;3;;3;;0
URGENCES_P;2014;920000585;920026374;N9999;47;6;45.8;;
URGENCES_P;2014;920000585;920026374;NINF;23;2;24.53;;0
URGENCES_P;2014;920000619;920009909;M9999;2;4;7.2;;
URGENCES_P;2014;920000619;920009909;N1220;3;;0.72;;
URGENCES_P;2014;920000619;920009909;N2120;1;;0.5;;
URGENCES_P;2014;920000619;920009909;N2500;9;1;8.84;;
URGENCES_P;2014;920000619;920009909;N2620;1;;1;;
URGENCES_P;2014;920000619;920009909;N3120;1;;0.1;;
URGENCES_P;2014;920000619;920009909;NINF;13;;11.82;;
URGENCES_P;2014;920000627;920009909;M9999;;6;4.37;;
URGENCES_P;2014;920000627;920009909;N2120;1;;0.5;;0
URGENCES_P;2014;920000627;920009909;N2500;6;;6.6;;
URGENCES_P;2014;920000627;920009909;N2620;4;;3.72;;0
URGENCES_P;2014;920000627;920009909;NINF;7;;6.83;;0
URGENCES_P;2014;920000643;920150034;M1140;2;2;2.2;;0
URGENCES_P;2014;920000643;920150034;M9999;7;8;8.34;;0
URGENCES_P;2014;920000643;920150034;N1220;1;;1.08;;0
URGENCES_P;2014;920000643;920150034;N2120;2;;2;;0
URGENCES_P;2014;920000643;920150034;N2500;8;1;8.33;;
URGENCES_P;2014;920000643;920150034;N2620;3;;4.22;;0
URGENCES_P;2014;920000643;920150034;NINF;22;1;15.82;;0
URGENCES_P;2014;920000650;920150059;M9999;11;12;15.87;;
URGENCES_P;2014;920000650;920150059;N1220;3;;3;;
URGENCES_P;2014;920000650;920150059;N2120;2;;2;;
URGENCES_P;2014;920000650;920150059;N2500;5;1;5.55;;
URGENCES_P;2014;920000650;920150059;NINF;24;2;25.49;;
URGENCES_P;2014;920100013;750712184;M1140;2;3;4.4;;0
URGENCES_P;2014;920100013;750712184;M3020;0;19;2;;
URGENCES_P;2014;920100013;750712184;M9999;11;28;17.8;;0
URGENCES_P;2014;920100013;750712184;N1220;3;1;3.32;;0
URGENCES_P;2014;920100013;750712184;N2120;4;;4.08;;0
URGENCES_P;2014;920100013;750712184;N2500;34;5;39.56;;
URGENCES_P;2014;920100013;750712184;N3120;1;1;1.5;;
URGENCES_P;2014;920100013;750712184;N9999;84;9;93.42;;
URGENCES_P;2014;920100013;750712184;NINF;43;3;46.3;;0
URGENCES_P;2014;920100021;750712184;M1140;2;1;2.5;;0
URGENCES_P;2014;920100021;750712184;M3020;0;12;1.6;;
URGENCES_P;2014;920100021;750712184;M9999;8;19;16.6;;0
URGENCES_P;2014;920100021;750712184;N1220;3;0;3;;0
URGENCES_P;2014;920100021;750712184;N2120;4;;4;;0
URGENCES_P;2014;920100021;750712184;N2500;39;2;32.55;;
URGENCES_P;2014;920100021;750712184;N9999;27;4;30.2;;
URGENCES_P;2014;920100021;750712184;NINF;39;5;40.54;;0
URGENCES_P;2014;920100039;750712184;M9999;4;16;11.4;1;1
URGENCES_P;2014;920100039;750712184;N1220;2;0;2;;0
URGENCES_P;2014;920100039;750712184;N2120;3;1;3.5;;0
URGENCES_P;2014;920100039;750712184;N2500;18;0;18;;
URGENCES_P;2014;920100039;750712184;N3120;1;0;1;;
URGENCES_P;2014;920100039;750712184;NINF;30;1;30.5;;0
URGENCES_P;2014;920100047;750712184;M1140;7;9;8.92;;
URGENCES_P;2014;920100047;750712184;N1220;1;;1;;
URGENCES_P;2014;920100047;750712184;N2120;1;1;1.75;;
URGENCES_P;2014;920100047;750712184;N2500;13;2;15.5;;
URGENCES_P;2014;920100047;750712184;N3120;;1;0.5;;
URGENCES_P;2014;920100047;750712184;NINF;18;7;24.5;;
URGENCES_P;2014;920120011;750821092;M9999;5;11;7.2;;
URGENCES_P;2014;920120011;750821092;N1220;2;;2;;
URGENCES_P;2014;920120011;750821092;N2120;1;;1;;
URGENCES_P;2014;920120011;750821092;N2500;5;;5;;
URGENCES_P;2014;920120011;750821092;N2620;13;;13;;
URGENCES_P;2014;920120011;750821092;NINF;12;;12;;
URGENCES_P;2014;920300043;920001526;M9999;;13;13;;
URGENCES_P;2014;920300043;920001526;N1220;6;1;6.89;;
URGENCES_P;2014;920300043;920001526;N2120;1;;1;;
URGENCES_P;2014;920300043;920001526;N2500;6;5;8.73;;
URGENCES_P;2014;920300043;920001526;N2620;1;;1;;
URGENCES_P;2014;920300043;920001526;N3120;;1;0.3;;
URGENCES_P;2014;920300043;920001526;NINF;20;9;24.89;;
URGENCES_P;2014;920300597;920000940;M9999;4;;4.8;;
URGENCES_P;2014;920300597;920000940;N1220;1;4;3;;
URGENCES_P;2014;920300597;920000940;NINF;4;3;4.82;;
URGENCES_P;2014;930000286;930021480;M1140;3;0;3;;0
URGENCES_P;2014;930000286;930021480;M9999;16;4;17.2;;0
URGENCES_P;2014;930000286;930021480;N1220;2;;2;;0
URGENCES_P;2014;930000286;930021480;N2120;2;;0.58;;0
URGENCES_P;2014;930000286;930021480;N2500;29;;19.06;;
URGENCES_P;2014;930000286;930021480;N3120;1;;0.67;;
URGENCES_P;2014;930000286;930021480;N9999;87;1;58.39;;
URGENCES_P;2014;930000286;930021480;NINF;53;1;36.08;;0
URGENCES_P;2014;930000302;930110036;M1140;2;1;2.8;;0
URGENCES_P;2014;930000302;930110036;M9999;9;10;13.93;;0
URGENCES_P;2014;930000302;930110036;N1220;2;;2;;0
URGENCES_P;2014;930000302;930110036;N2120;2;0;2;;0
URGENCES_P;2014;930000302;930110036;N2500;13;5;18.1;;
URGENCES_P;2014;930000302;930110036;N9999;55;19;72.18;;
URGENCES_P;2014;930000302;930110036;NINF;30;13;40.67;;0
URGENCES_P;2014;930000328;930110051;M1140;3;6;5.1;;0
URGENCES_P;2014;930000328;930110051;M9999;15;20;21.3;;
URGENCES_P;2014;930000328;930110051;N1220;4;;4;;
URGENCES_P;2014;930000328;930110051;N2120;4;;3.25;;
URGENCES_P;2014;930000328;930110051;N2500;26;;23.62;;
URGENCES_P;2014;930000328;930110051;N2620;10;;7.97;;
URGENCES_P;2014;930000328;930110051;N9999;91;7;89.89;;
URGENCES_P;2014;930000328;930110051;NINF;44;3;42.77;;
URGENCES_P;2014;930000336;930110069;M1140;6;;6;;0
URGENCES_P;2014;930000336;930110069;M3020;3;;3;;
URGENCES_P;2014;930000336;930110069;M9999;24;2;25;3;1
URGENCES_P;2014;930000336;930110069;N1220;3;0;3;;1
URGENCES_P;2014;930000336;930110069;N2120;5;;5;;1
URGENCES_P;2014;930000336;930110069;N2500;23;3;25.1;;
URGENCES_P;2014;930000336;930110069;N2620;13;0;13;;0
URGENCES_P;2014;930000336;930110069;N3120;;1;0.5;;
URGENCES_P;2014;930000336;930110069;NINF;38;4;40.8;;0
URGENCES_P;2014;930100037;750712184;M9999;14;3;16.5;1;1
URGENCES_P;2014;930100037;750712184;N1220;1;;1;;0
URGENCES_P;2014;930100037;750712184;N2120;2;1;2.5;;0
URGENCES_P;2014;930100037;750712184;N2500;33;2;32.8;;
URGENCES_P;2014;930100037;750712184;N2620;3;;3;;0
URGENCES_P;2014;930100037;750712184;NINF;38;3;40.67;;0
URGENCES_P;2014;930100045;750712184;M1140;3;3;5.1;;0
URGENCES_P;2014;930100045;750712184;M9999;3;3;4;;0
URGENCES_P;2014;930100045;750712184;N1220;1;0;1;;0
URGENCES_P;2014;930100045;750712184;N2120;1;0;1;;0
URGENCES_P;2014;930100045;750712184;N2500;10;1;10.8;;
URGENCES_P;2014;930100045;750712184;N9999;38;6;43.3;;
URGENCES_P;2014;930100045;750712184;NINF;26;5;30.5;;0
URGENCES_P;2014;930300025;930000393;M9999;6;2;7;;0
URGENCES_P;2014;930300025;930000393;N1220;4;;4;;
URGENCES_P;2014;930300025;930000393;N2120;1;;1;;
URGENCES_P;2014;930300025;930000393;N2500;2;;2;;
URGENCES_P;2014;930300025;930000393;N2620;1;;1;;
URGENCES_P;2014;930300025;930000393;NINF;10;;10;;
URGENCES_P;2014;930300066;930000401;M9999;6;;6;;
URGENCES_P;2014;930300066;930000401;N1220;2;2;2.84;;
URGENCES_P;2014;930300066;930000401;N2120;1;;1;;
URGENCES_P;2014;930300066;930000401;N2500;2;2;2.28;;
URGENCES_P;2014;930300066;930000401;N2620;;1;0.4;;
URGENCES_P;2014;930300066;930000401;NINF;4;14;8.63;;
URGENCES_P;2014;930300082;930000419;M9999;2;8;5;;0
URGENCES_P;2014;930300082;930000419;N1220;2;;2;;0
URGENCES_P;2014;930300082;930000419;N2120;1;;1;;0
URGENCES_P;2014;930300082;930000419;N2500;2;;2;;
URGENCES_P;2014;930300082;930000419;N2620;1;;0.5;;0
URGENCES_P;2014;930300082;930000419;N3120;0;1;0.5;;
URGENCES_P;2014;930300082;930000419;NINF;5;;5;;0
URGENCES_P;2014;930300116;930000427;M9999;;4;4;;0
URGENCES_P;2014;930300553;930000633;M9999;3;1;3.3;;
URGENCES_P;2014;930300553;930000633;N1220;1;1;2;;
URGENCES_P;2014;930300553;930000633;N2120;1;1;1;;
URGENCES_P;2014;930300553;930000633;N2500;5;;5;;
URGENCES_P;2014;930300553;930000633;N2620;2;;2;;
URGENCES_P;2014;930300553;930000633;N9999;17;;17;;
URGENCES_P;2014;930300553;930000633;NINF;8;;8;;
URGENCES_P;2014;930300595;930000658;M9999;3;;3;;
URGENCES_P;2014;930300595;930000658;N1220;2;3;4;;
URGENCES_P;2014;930300595;930000658;N2120;1;;0.4;;
URGENCES_P;2014;930300595;930000658;N2500;2;2;2;;
URGENCES_P;2014;930300595;930000658;N2620;1;1;1.2;;
URGENCES_P;2014;930300595;930000658;NINF;7;1;7.51;;
URGENCES_P;2014;940000573;940110018;M9999;14;10;17.62;;0
URGENCES_P;2014;940000573;940110018;N1220;3;;3.05;;
URGENCES_P;2014;940000573;940110018;N2120;1;3;2.96;;
URGENCES_P;2014;940000573;940110018;N2500;37;;36.22;;
URGENCES_P;2014;940000573;940110018;N2620;1;;1;;
URGENCES_P;2014;940000573;940110018;N9999;125;5;128.77;;
URGENCES_P;2014;940000573;940110018;NINF;63;3;68.67;;
URGENCES_P;2014;940000599;940110042;M9999;14;8;18.8;3;1
URGENCES_P;2014;940000599;940110042;N1220;2;;2;;0
URGENCES_P;2014;940000599;940110042;N2120;3;;3;;0
URGENCES_P;2014;940000599;940110042;N2500;17;;17;;
URGENCES_P;2014;940000599;940110042;N2620;9;1;10;;0
URGENCES_P;2014;940000599;940110042;N3120;1;;1;;
URGENCES_P;2014;940000599;940110042;NINF;34;;34;;0
URGENCES_P;2014;940000649;940150014;M3020;;1;0.7;;
URGENCES_P;2014;940000649;940150014;M9999;39;;24.3;;
URGENCES_P;2014;940000649;940150014;N1220;2;;2;;
URGENCES_P;2014;940000649;940150014;N2120;1;;1;;
URGENCES_P;2014;940000649;940150014;N2500;8;;6.7;;
URGENCES_P;2014;940000649;940150014;N2620;5;1;5.88;;
URGENCES_P;2014;940000649;940150014;N3120;1;;1;;
URGENCES_P;2014;940000649;940150014;N9999;62;1;58.27;;
URGENCES_P;2014;940000649;940150014;NINF;45;;41.63;;
URGENCES_P;2014;940100027;750712184;M9999;14;2;15.6;;0
URGENCES_P;2014;940100027;750712184;N1220;2;;2;;0
URGENCES_P;2014;940100027;750712184;N2120;3;1;3.8;;0
URGENCES_P;2014;940100027;750712184;N2500;33;3;35.4;;
URGENCES_P;2014;940100027;750712184;N2620;7;;7;;0
URGENCES_P;2014;940100027;750712184;NINF;41;5;45;;0
URGENCES_P;2014;940100043;750712184;M1140;5;6;7.1;;0
URGENCES_P;2014;940100043;750712184;M9999;17;16;23.6;;0
URGENCES_P;2014;940100043;750712184;N1220;3;0;3;;
URGENCES_P;2014;940100043;750712184;N2120;6;1;6.7;;0
URGENCES_P;2014;940100043;750712184;N2500;56;8;57.19;;
URGENCES_P;2014;940100043;750712184;N3120;1;1;1.5;;
URGENCES_P;2014;940100043;750712184;N9999;36;12;44.9;;
URGENCES_P;2014;940100043;750712184;NINF;66;10;72.15;;0
URGENCES_P;2014;940120017;750821092;M9999;5;;5;;0
URGENCES_P;2014;940120017;750821092;N1220;3;;3;;0
URGENCES_P;2014;940120017;750821092;N2120;1;;1;;0
URGENCES_P;2014;940120017;750821092;N2500;12;;12;;
URGENCES_P;2014;940120017;750821092;NINF;20;;20;;0
URGENCES_P;2014;940300031;940000706;M9999;;7;5;;
URGENCES_P;2014;940300031;940000706;N1220;2;;2;;
URGENCES_P;2014;940300031;940000706;N2120;1;;1;;
URGENCES_P;2014;940300031;940000706;N2500;4;;4;;
URGENCES_P;2014;940300031;940000706;N9999;14;;13.91;;
URGENCES_P;2014;940300031;940000706;NINF;7;;6.91;;
URGENCES_P;2014;940300270;940000771;M9999;3;;3;;
URGENCES_P;2014;940300270;940000771;N1220;1;;1;;
URGENCES_P;2014;940300270;940000771;N2120;;1;0.5;;
URGENCES_P;2014;940300270;940000771;N2500;4;;4;;
URGENCES_P;2014;940300270;940000771;N2620;1;;1;;
URGENCES_P;2014;940300270;940000771;N3120;1;;1;;
URGENCES_P;2014;940300270;940000771;NINF;9;;9;;
URGENCES_P;2014;940300445;940000854;N1220;2;;2;;
URGENCES_P;2014;940300445;940000854;N9999;9;2;9.11;;
URGENCES_P;2014;940300445;940000854;NINF;7;2;7.11;;
URGENCES_P;2014;940300569;940000912;M9999;3;3;5;;0
URGENCES_P;2014;940300569;940000912;N1220;4;;4;;0
URGENCES_P;2014;940300569;940000912;NINF;15;;15;;0
URGENCES_P;2014;950000307;950110015;M1140;2;1;0.7;;0
URGENCES_P;2014;950000307;950110015;M3020;4;0;1.65;;
URGENCES_P;2014;950000307;950110015;M9999;18;3;16.82;;0
URGENCES_P;2014;950000307;950110015;N1220;11;0;10.47;;0
URGENCES_P;2014;950000307;950110015;N2120;4;0;2.89;;0
URGENCES_P;2014;950000307;950110015;N2500;32;4;32.95;;
URGENCES_P;2014;950000307;950110015;N2620;24;3;25.97;;0
URGENCES_P;2014;950000307;950110015;N9999;123;17;127.99;;
URGENCES_P;2014;950000307;950110015;NINF;52;10;55.7;;0
URGENCES_P;2014;950000315;950001370;M9999;6;7;9.97;1;0
URGENCES_P;2014;950000315;950001370;N1220;;1;1.43;;0
URGENCES_P;2014;950000315;950001370;N2500;10;1;9.56;;
URGENCES_P;2014;950000315;950001370;N2620;6;;5.12;;0
URGENCES_P;2014;950000315;950001370;N9999;33;16;40;;
URGENCES_P;2014;950000315;950001370;NINF;17;14;23.24;1;1
URGENCES_P;2014;950000323;950013870;M1140;2;1;2.84;;0
URGENCES_P;2014;950000323;950013870;M3020;;4;1.2;;
URGENCES_P;2014;950000323;950013870;M9999;9;23;22.71;;0
URGENCES_P;2014;950000323;950013870;N1220;3;1;3.27;;0
URGENCES_P;2014;950000323;950013870;N2120;1;2;1.47;;0
URGENCES_P;2014;950000323;950013870;N2500;31;5;32.78;;
URGENCES_P;2014;950000323;950013870;N3120;;1;0.84;;
URGENCES_P;2014;950000323;950013870;N9999;96;25;105.47;;
URGENCES_P;2014;950000323;950013870;NINF;58;13;63.17;;0
URGENCES_P;2014;950000331;950110049;M1140;3;0;2.7;;0
URGENCES_P;2014;950000331;950110049;M3020;1;0;1;;
URGENCES_P;2014;950000331;950110049;M9999;19;12;21.24;;0
URGENCES_P;2014;950000331;950110049;N1220;1;;0.63;;
URGENCES_P;2014;950000331;950110049;N2120;1;;0.5;;
URGENCES_P;2014;950000331;950110049;N2500;10;2;11.36;;
URGENCES_P;2014;950000331;950110049;N2620;6;;6;;
URGENCES_P;2014;950000331;950110049;N9999;50;4;33.51;;
URGENCES_P;2014;950000331;950110049;NINF;17;1;16.46;;
URGENCES_P;2014;950000349;950015289;M9999;3;6;5.62;;
URGENCES_P;2014;950000349;950015289;N1220;0;2;1.07;;
URGENCES_P;2014;950000349;950015289;N2120;0;1;0.5;;
URGENCES_P;2014;950000349;950015289;N2500;5;2;7.01;;
URGENCES_P;2014;950000349;950015289;N2620;2;0;2.01;;
URGENCES_P;2014;950000349;950015289;NINF;3;4;6.47;;
URGENCES_P;2014;950000364;950110080;N1220;14;0;12.8;;
URGENCES_P;2014;950000364;950110080;N2120;3;0;2.69;;
URGENCES_P;2014;950000364;950110080;N2500;26;2;27.76;;
URGENCES_P;2014;950000364;950110080;N2620;21;0;21.5;;
URGENCES_P;2014;950000364;950110080;N9999;135;25;149.03;;
URGENCES_P;2014;950000364;950110080;NINF;56;20;69.27;;
URGENCES_P;2014;950300244;950000539;M9999;3;1;3.8;;
URGENCES_P;2014;950300244;950000539;N2120;1;;0.5;;
URGENCES_P;2014;950300244;950000539;N2500;2;1;2.9;;
URGENCES_P;2014;950300244;950000539;NINF;11;1;11.8;;
URGENCES_P;2014;950300277;950000547;M9999;7;4;7;;
URGENCES_P;2014;950300277;950000547;N1220;2;3;3.8;;
URGENCES_P;2014;950300277;950000547;N2120;;1;0.5;;
URGENCES_P;2014;950300277;950000547;N2500;4;3;5.52;;
URGENCES_P;2014;950300277;950000547;N2620;;2;0.5;;
URGENCES_P;2014;950300277;950000547;N3120;;1;0.5;;
URGENCES_P;2014;950300277;950000547;NINF;9;2;8.8;;
URGENCES_P;2014;950807982;950001636;M9999;3;;3;;0
URGENCES_P;2014;950807982;950001636;N1220;3;;3;;0
URGENCES_P;2014;950807982;950001636;N2120;;1;0.2;;0
URGENCES_P;2014;950807982;950001636;N2500;2;;2.66;;
URGENCES_P;2014;950807982;950001636;N2620;2;;2.04;;0
URGENCES_P;2014;950807982;950001636;N3120;;1;0.5;;
URGENCES_P;2014;950807982;950001636;NINF;8;2;7.07;;0
URGENCES_P;2014;970100392;970100178;M9999;0;14;7.5;3;1
URGENCES_P;2014;970100392;970100178;N1220;0;2;1.5;3;1
URGENCES_P;2014;970100392;970100178;N2120;0;1;0.25;3;1
URGENCES_P;2014;970100392;970100178;N2500;0;10;7.5;;
URGENCES_P;2014;970100392;970100178;N9999;0;35;24.25;;
URGENCES_P;2014;970100392;970100178;NINF;0;22;15;3;1
URGENCES_P;2014;970100400;970100186;M9999;8;;8;;1
URGENCES_P;2014;970100400;970100186;N2120;1;;1;;1
URGENCES_P;2014;970100400;970100186;N2500;6;;6;;
URGENCES_P;2014;970100400;970100186;N2620;2;;2;;0
URGENCES_P;2014;970100400;970100186;NINF;12;;12;;1
URGENCES_P;2014;970100426;970100202;M9999;;1;0.5;;
URGENCES_P;2014;970100426;970100202;N1220;1;;1;;
URGENCES_P;2014;970100426;970100202;N2120;1;;1;;
URGENCES_P;2014;970100426;970100202;N2500;6;;6.2;;
URGENCES_P;2014;970100426;970100202;N2620;4;;4;;
URGENCES_P;2014;970100426;970100202;N3120;1;;0.2;;
URGENCES_P;2014;970100426;970100202;NINF;6;;6.2;;
URGENCES_P;2014;970100442;970100228;M1140;2;0;2;;0
URGENCES_P;2014;970100442;970100228;M9999;27;1;18.5;1;1
URGENCES_P;2014;970100442;970100228;N1220;4;0;4;;0
URGENCES_P;2014;970100442;970100228;N2120;3;0;3;;0
URGENCES_P;2014;970100442;970100228;N2500;33;0;33;;
URGENCES_P;2014;970100442;970100228;N2620;22;0;22;;0
URGENCES_P;2014;970100442;970100228;N3120;0;4;2;;
URGENCES_P;2014;970100442;970100228;N9999;131;5;133.8;;
URGENCES_P;2014;970100442;970100228;NINF;62;1;62.8;;0
URGENCES_P;2014;970107249;970100731;M9999;4;;4;;
URGENCES_P;2014;970107249;970100731;N2500;5;;5;;
URGENCES_P;2014;970107249;970100731;NINF;8;;8;;
URGENCES_P;2014;970211215;970211207;M9999;8;1;7.8;;
URGENCES_P;2014;970211215;970211207;N1220;6;0;6;;
URGENCES_P;2014;970211215;970211207;N2120;8;0;8;;
URGENCES_P;2014;970211215;970211207;N2500;34;0;34;;
URGENCES_P;2014;970211215;970211207;N2620;15;0;15;;
URGENCES_P;2014;970211215;970211207;N3120;1;0;1;;
URGENCES_P;2014;970211215;970211207;N9999;116;0;116;;
URGENCES_P;2014;970211215;970211207;NINF;52;0;52;;
URGENCES_P;2014;970211223;970211207;M9999;11;;8.3;;
URGENCES_P;2014;970211223;970211207;N1220;1;;1;;
URGENCES_P;2014;970211223;970211207;N2120;1;;1;;
URGENCES_P;2014;970211223;970211207;N2500;21;;21;;
URGENCES_P;2014;970211223;970211207;NINF;23;;22.85;;
URGENCES_P;2014;970211256;970211207;N1220;2;;2;;
URGENCES_P;2014;970211256;970211207;N2120;1;;1;;
URGENCES_P;2014;970211256;970211207;N2500;17;;17;;
URGENCES_P;2014;970211256;970211207;NINF;21;;21;;
URGENCES_P;2014;970300026;970302022;M1140;;1;0.57;;
URGENCES_P;2014;970300026;970302022;M9999;25;4;24.58;;
URGENCES_P;2014;970300026;970302022;N1220;2;1;2.42;;
URGENCES_P;2014;970300026;970302022;N2120;0;1;0.18;;
URGENCES_P;2014;970300026;970302022;N2500;30;2;31.93;;
URGENCES_P;2014;970300026;970302022;N9999;82;5;85.02;;
URGENCES_P;2014;970300026;970302022;NINF;47;2;47.49;2;1
URGENCES_P;2014;970300083;970302121;M9999;9;1;4.76;3;1
URGENCES_P;2014;970300083;970302121;N1220;1;0;1.32;2;1
URGENCES_P;2014;970300083;970302121;N2120;1;0;1;2;1
URGENCES_P;2014;970300083;970302121;N2500;11;1;10.89;;
URGENCES_P;2014;970300083;970302121;N9999;38;1;37.53;;
URGENCES_P;2014;970300083;970302121;NINF;20;0;20.4;3;1
URGENCES_P;2014;970300265;750721334;M9999;6;8;11.1;;
URGENCES_P;2014;970300265;750721334;N1220;7;;6.7;;
URGENCES_P;2014;970300265;750721334;N2120;1;;1;;
URGENCES_P;2014;970300265;750721334;N2500;7;;6.65;;
URGENCES_P;2014;970300265;750721334;N2620;9;1;9.67;;
URGENCES_P;2014;970300265;750721334;NINF;17;;16.61;;
URGENCES_P;2014;970400024;970408589;M1140;7;;2.5;;0
URGENCES_P;2014;970400024;970408589;M9999;19;;14.5;3;1
URGENCES_P;2014;970400024;970408589;N1220;14;2;15.3;;0
URGENCES_P;2014;970400024;970408589;N2120;1;1;1.67;;0
URGENCES_P;2014;970400024;970408589;N2500;23;1;23.5;;
URGENCES_P;2014;970400024;970408589;N3120;1;1;1.5;;
URGENCES_P;2014;970400024;970408589;NINF;44;;44;;0
URGENCES_P;2014;970400057;970408589;M1140;5;;5;;
URGENCES_P;2014;970400057;970408589;M9999;23;;23;3;1
URGENCES_P;2014;970400057;970408589;N1220;1;2;2;;0
URGENCES_P;2014;970400057;970408589;N2120;2;1;2.5;;0
URGENCES_P;2014;970400057;970408589;N2500;45;;45;;
URGENCES_P;2014;970400057;970408589;N3120;1;;1;;
URGENCES_P;2014;970400057;970408589;NINF;59;;59;;0
URGENCES_P;2014;970400065;970421038;M1140;8;1;1.17;;
URGENCES_P;2014;970400065;970421038;M9999;17;3;16.79;;
URGENCES_P;2014;970400065;970421038;N1220;2;0;2;;
URGENCES_P;2014;970400065;970421038;N2120;1;0;1.46;;
URGENCES_P;2014;970400065;970421038;N2500;17;0;16.44;;
URGENCES_P;2014;970400065;970421038;N3120;0;0;0.02;;
URGENCES_P;2014;970400065;970421038;N9999;78;2;73.34;;
URGENCES_P;2014;970400065;970421038;NINF;44;0;39.97;;
URGENCES_P;2014;970400073;970403606;M9999;7;4;9.45;;
URGENCES_P;2014;970400073;970403606;N1220;2;;1.75;;
URGENCES_P;2014;970400073;970403606;N2120;2;;0.75;;
URGENCES_P;2014;970400073;970403606;N2500;7;1;8.53;;
URGENCES_P;2014;970400073;970403606;NINF;18;1;18;;
URGENCES_P;2014;980500011;980500003;M9999;26;4;25;1;1
URGENCES_P;2014;980500011;980500003;N1220;2;;2;;
URGENCES_P;2014;980500011;980500003;N2120;1;;1;;
URGENCES_P;2014;980500011;980500003;N2500;12;;12;;
URGENCES_P;2014;980500011;980500003;N2620;3;;3;;
URGENCES_P;2014;980500011;980500003;N9999;42;;41;;
URGENCES_P;2014;980500011;980500003;NINF;24;;23;;
