BOR;AN;FI;FI_EJ;PERSO;EFFPL;EFFPA;ETP;COMEHPAD
USLD_P;2014;010000065;010780096;MEDCH;;1;0.5;0
USLD_P;2014;010000065;010780096;N2210;3;3;6.55;0
USLD_P;2014;010000065;010780096;N2410;1;;0.5;0
USLD_P;2014;010000065;010780096;N2470;;1;0.1;0
USLD_P;2014;010000065;010780096;N2510;11;2;10.86;0
USLD_P;2014;010000065;010780096;N3120;;1;0.1;1
USLD_P;2014;010000065;010780096;NAUT;0;1;0.53;0
USLD_P;2014;010000081;010780112;MEDCH;;2;0.82;1
USLD_P;2014;010000081;010780112;N2210;4;3;5.65;1
USLD_P;2014;010000081;010780112;N2410;;1;0.13;1
USLD_P;2014;010000081;010780112;N2460;;1;0.2;0
USLD_P;2014;010000081;010780112;N2510;4;;3.09;1
USLD_P;2014;010000081;010780112;N3120;;1;0.12;1
USLD_P;2014;010000081;010780112;NAUT;6;20;15.33;1
USLD_P;2014;010000115;010009132;N2210;4;4;4.84;1
USLD_P;2014;010000115;010009132;N2410;;;1;0
USLD_P;2014;010000115;010009132;N2460;;1;0.15;1
USLD_P;2014;010000115;010009132;N2510;11;2;12.19;1
USLD_P;2014;010000115;010009132;N3120;;3;0.28;1
USLD_P;2014;010000115;010009132;NAUT;8;2;8.75;0
USLD_P;2014;010009314;010780054;MEDCH;3;;2.4;0
USLD_P;2014;010009314;010780054;N2210;14;1;14.8;
USLD_P;2014;010009314;010780054;N2460;1;;0.3;
USLD_P;2014;010009314;010780054;N2470;;1;0.39;
USLD_P;2014;010009314;010780054;N2510;22;5;24.99;
USLD_P;2014;010009314;010780054;NAUT;12;2;12.8;
USLD_P;2014;010009702;010780054;MEDCH;1;;0.2;1
USLD_P;2014;010009702;010780054;N2210;5;1;5.2;
USLD_P;2014;010009702;010780054;N2510;7;4;10.43;
USLD_P;2014;010009702;010780054;NAUT;4;1;4.4;
USLD_P;2014;010786259;010008407;MEDCH;2;0;0.52;
USLD_P;2014;010786259;010008407;N2210;3;1;2.65;
USLD_P;2014;010786259;010008407;N2410;0;1;0.65;
USLD_P;2014;010786259;010008407;N2510;5;4;7.87;
USLD_P;2014;010786259;010008407;NAUT;8;0;5.51;
USLD_P;2014;010789717;010008407;MEDCH;2;0;0.92;
USLD_P;2014;010789717;010008407;N2210;4;0;3.58;
USLD_P;2014;010789717;010008407;N2410;0;0;0.09;
USLD_P;2014;010789717;010008407;N2510;4;0;4.44;
USLD_P;2014;010789717;010008407;NAUT;2;0;1.15;
USLD_P;2014;020000089;020000022;MEDCH;;1;0.5;0
USLD_P;2014;020000089;020000022;N2210;6;;6.32;0
USLD_P;2014;020000089;020000022;N2510;11;4;14.79;0
USLD_P;2014;020000089;020000022;N3120;;;0.03;1
USLD_P;2014;020000089;020000022;NAUT;13;4;11.79;0
USLD_P;2014;020000162;020000063;M1320;0;2;0.7;1
USLD_P;2014;020000162;020000063;MEDCH;0;2;0.7;1
USLD_P;2014;020000162;020000063;N2210;10;1;9.37;0
USLD_P;2014;020000162;020000063;N2460;0;1;0.37;0
USLD_P;2014;020000162;020000063;N2470;1;0;0.51;0
USLD_P;2014;020000162;020000063;N2510;32;3;32.55;0
USLD_P;2014;020000162;020000063;NAUT;19;8;19.6;0
USLD_P;2014;020000535;020000287;MEDCH;;2;0.99;1
USLD_P;2014;020000535;020000287;N2210;6;3;7.74;1
USLD_P;2014;020000535;020000287;N2410;;1;0.2;1
USLD_P;2014;020000535;020000287;N2460;;1;0.2;1
USLD_P;2014;020000535;020000287;N2510;16;4;18.7;1
USLD_P;2014;020000535;020000287;NAUT;5;9;8.55;1
USLD_P;2014;020004677;020000261;M1320;;2;0.64;1
USLD_P;2014;020004677;020000261;MEDCH;;2;0.64;1
USLD_P;2014;020004677;020000261;N2210;11;4;12.05;0
USLD_P;2014;020004677;020000261;N2410;2;1;2.75;1
USLD_P;2014;020004677;020000261;N2510;19;8;18.38;0
USLD_P;2014;020004677;020000261;NAUT;1;;1;1
USLD_P;2014;020005476;020000253;M1320;1;1;0.57;0
USLD_P;2014;020005476;020000253;MEDCH;2;2;1.2;0
USLD_P;2014;020005476;020000253;N2210;14;2;14.78;0
USLD_P;2014;020005476;020000253;N2410;0;1;0.24;0
USLD_P;2014;020005476;020000253;N2510;16;0;13.79;0
USLD_P;2014;020005476;020000253;N3120;0;1;0.2;0
USLD_P;2014;020005476;020000253;NAUT;15;9;11.14;0
USLD_P;2014;020009684;020002085;MEDCH;1;2;1.1;1
USLD_P;2014;020009684;020002085;N2210;4;;3.9;0
USLD_P;2014;020009684;020002085;N2460;1;;0.33;1
USLD_P;2014;020009684;020002085;N2510;13;;13.57;0
USLD_P;2014;020009684;020002085;NAUT;5;;5;0
USLD_P;2014;030000061;030780092;MEDCH;1;;1;0
USLD_P;2014;030000061;030780092;N2210;13;4;16.6;0
USLD_P;2014;030000061;030780092;N2410;;1;0.2;1
USLD_P;2014;030000061;030780092;N2510;52;4;57.2;0
USLD_P;2014;030000061;030780092;N3120;;1;0.2;1
USLD_P;2014;030000061;030780092;NAUT;1;4;3.2;1
USLD_P;2014;030000079;030780100;M1320;1;;1;
USLD_P;2014;030000079;030780100;MEDCH;1;;1;
USLD_P;2014;030000079;030780100;N2210;13;1;11.24;
USLD_P;2014;030000079;030780100;N2410;;1;0.12;
USLD_P;2014;030000079;030780100;N2510;26;1;25.64;
USLD_P;2014;030000079;030780100;NAUT;19;3;16.46;
USLD_P;2014;030000087;030780118;M1320;2;1;2.1;
USLD_P;2014;030000087;030780118;MEDCH;2;1;2.1;
USLD_P;2014;030000087;030780118;N2210;21;6;24.72;
USLD_P;2014;030000087;030780118;N2410;0;3;0.25;
USLD_P;2014;030000087;030780118;N2460;0;1;0.37;
USLD_P;2014;030000087;030780118;N2510;32;5;35.09;
USLD_P;2014;030000087;030780118;NAUT;18;13;32.92;
USLD_P;2014;030000160;030780282;MEDCH;2;;1.4;0
USLD_P;2014;030000160;030780282;N2210;7;;7.91;0
USLD_P;2014;030000160;030780282;N2410;0;;0.24;0
USLD_P;2014;030000160;030780282;N2510;11;;14.78;0
USLD_P;2014;030000160;030780282;N3120;1;;0.25;0
USLD_P;2014;030000160;030780282;NAUT;23;;20.91;0
USLD_P;2014;040000093;040780215;MEDCH;;3;0.7;1
USLD_P;2014;040000093;040780215;N2210;7;3;4.64;1
USLD_P;2014;040000093;040780215;N2410;2;;1.74;1
USLD_P;2014;040000093;040780215;N2510;7;6;11.9;1
USLD_P;2014;040000093;040780215;N3120;;1;0.7;1
USLD_P;2014;040000093;040780215;NAUT;15;8;11.4;1
USLD_P;2014;040780405;040000168;M1320;;1;0.2;
USLD_P;2014;040780405;040000168;MEDCH;;2;0.9;
USLD_P;2014;040780405;040000168;N2210;6;1;6.5;
USLD_P;2014;040780405;040000168;N2410;;2;0.4;
USLD_P;2014;040780405;040000168;N2460;;1;0.5;
USLD_P;2014;040780405;040000168;N2510;12;;12;
USLD_P;2014;040780405;040000168;NAUT;10;2;10.6;
USLD_P;2014;050000132;050007145;MEDCH;;1;0.8;1
USLD_P;2014;050000132;050007145;N2210;2;7;7.64;1
USLD_P;2014;050000132;050007145;N2410;;2;0.23;1
USLD_P;2014;050000132;050007145;N2510;9;3;10.68;1
USLD_P;2014;050000132;050007145;NAUT;13;2;6.4;1
USLD_P;2014;050000231;050000116;M1320;0;1;0.67;
USLD_P;2014;050000231;050000116;MEDCH;0;1;0.71;
USLD_P;2014;050000231;050000116;N2210;7;3;8.15;
USLD_P;2014;050000231;050000116;N2410;0;1;0.8;
USLD_P;2014;050000231;050000116;N2460;0;0;0.24;
USLD_P;2014;050000231;050000116;N2510;10;1;12.55;
USLD_P;2014;050000231;050000116;NAUT;17;1;10.55;
USLD_P;2014;050000256;050000124;M1320;3;;3;1
USLD_P;2014;050000256;050000124;MEDCH;4;1;1.5;1
USLD_P;2014;050000256;050000124;N2210;1;8;6.63;
USLD_P;2014;050000256;050000124;N2410;1;1;0.5;
USLD_P;2014;050000256;050000124;N2510;10;8;16.03;
USLD_P;2014;050000256;050000124;NAUT;;9;7.12;
USLD_P;2014;050000348;050002948;M1320;1;0;0.48;
USLD_P;2014;050000348;050002948;MEDCH;1;0;0.48;
USLD_P;2014;050000348;050002948;N2210;9;3;12.85;
USLD_P;2014;050000348;050002948;N2460;2;0;0.43;
USLD_P;2014;050000348;050002948;N2510;18;3;19.85;
USLD_P;2014;050000348;050002948;NAUT;9;8;11.73;
USLD_P;2014;050006436;050002948;M1320;0;0;0.48;
USLD_P;2014;050006436;050002948;MEDCH;0;0;0.48;
USLD_P;2014;050006436;050002948;N2210;0;0;11.78;
USLD_P;2014;050006436;050002948;N2410;0;0;0.37;
USLD_P;2014;050006436;050002948;N2460;0;0;0.43;
USLD_P;2014;050006436;050002948;N2510;0;0;19.85;
USLD_P;2014;050006436;050002948;NAUT;0;0;11.57;
USLD_P;2014;060000510;060780954;MEDCH;2;;0.5;0
USLD_P;2014;060000510;060780954;N2210;5;;4.81;1
USLD_P;2014;060000510;060780954;N2510;7;;7.63;1
USLD_P;2014;060000510;060780954;N3120;;;0.05;1
USLD_P;2014;060000510;060780954;NAUT;5;;4.84;1
USLD_P;2014;060000551;060781010;MEDCH;;4;0.7;
USLD_P;2014;060000551;060781010;N2210;5;2;6.3;
USLD_P;2014;060000551;060781010;N2410;1;2;1.3;
USLD_P;2014;060000551;060781010;N2510;15;2;15.6;
USLD_P;2014;060019213;060005188;MEDCH;;2;0.6;1
USLD_P;2014;060019213;060005188;N2210;4;1;4.4;0
USLD_P;2014;060019213;060005188;N2410;1;;0.5;0
USLD_P;2014;060019213;060005188;N2470;1;;0.5;1
USLD_P;2014;060019213;060005188;N2510;10;;10;0
USLD_P;2014;060019213;060005188;NAUT;;7;4.39;1
USLD_P;2014;060788957;060785011;M1320;1;0;0.1;
USLD_P;2014;060788957;060785011;MEDCH;1;0;0.1;
USLD_P;2014;060788957;060785011;N2210;10;1;9.43;
USLD_P;2014;060788957;060785011;N2410;1;0;0.4;
USLD_P;2014;060788957;060785011;N2510;19;0;16.72;
USLD_P;2014;060788957;060785011;N3120;0;0;0.02;
USLD_P;2014;060788957;060785011;NAUT;13;2;9.57;
USLD_P;2014;060790177;060785011;MEDCH;0;1;0.2;0
USLD_P;2014;060790177;060785011;N2210;4;1;3.72;0
USLD_P;2014;060790177;060785011;N2510;8;1;7.29;0
USLD_P;2014;060790177;060785011;NAUT;9;0;8.75;0
USLD_P;2014;060790631;060791761;MEDCH;;2;0.2;0
USLD_P;2014;060790631;060791761;N2210;8;1;8.03;0
USLD_P;2014;060790631;060791761;N2410;1;1;1.8;0
USLD_P;2014;060790631;060791761;N2510;8;1;8.25;0
USLD_P;2014;060790631;060791761;N3120;;1;0.6;0
USLD_P;2014;060790631;060791761;NAUT;10;3;11.67;0
USLD_P;2014;060790680;060780897;MEDCH;;1;0.5;
USLD_P;2014;060790680;060780897;N2210;3;6;5.75;
USLD_P;2014;060790680;060780897;N2410;1;;1;
USLD_P;2014;060790680;060780897;N2510;7;12;11.89;
USLD_P;2014;060790680;060780897;NAUT;6;5;7.61;
USLD_P;2014;060791811;750826638;N2210;9;6;10.21;
USLD_P;2014;060791811;750826638;N2410;1;;0.5;
USLD_P;2014;060791811;750826638;N2460;1;;1;
USLD_P;2014;060791811;750826638;N2470;1;;0.12;
USLD_P;2014;060791811;750826638;N2510;22;15;29.19;
USLD_P;2014;060791811;750826638;NAUT;3;2;1.66;
USLD_P;2014;060794021;060780988;MEDCH;;1;0.5;1
USLD_P;2014;060794021;060780988;N2210;4;9;8.58;1
USLD_P;2014;060794021;060780988;N2410;;3;0.5;1
USLD_P;2014;060794021;060780988;N2510;14;16;18.2;1
USLD_P;2014;060794021;060780988;N3120;;1;0.41;1
USLD_P;2014;060794021;060780988;NAUT;4;20;11.27;1
USLD_P;2014;070000047;070780127;MEDCH;;1;0.34;0
USLD_P;2014;070000047;070780127;N2210;15;2;16.88;
USLD_P;2014;070000047;070780127;N2410;;1;0.25;
USLD_P;2014;070000047;070780127;N2460;;1;0.2;
USLD_P;2014;070000047;070780127;N2510;30;6;34.73;
USLD_P;2014;070000047;070780127;N3120;;1;0.15;
USLD_P;2014;070000047;070780127;NAUT;25;4;27.58;
USLD_P;2014;070784517;070002878;MEDCH;;2;0.9;
USLD_P;2014;070784517;070002878;N2210;6;4;8.28;
USLD_P;2014;070784517;070002878;N2410;1;1;1.4;
USLD_P;2014;070784517;070002878;N2510;27;8;32.01;
USLD_P;2014;070784517;070002878;NAUT;34;10;15.31;
USLD_P;2014;080000110;080000037;M1320;1;0;0.5;1
USLD_P;2014;080000110;080000037;MEDCH;1;0;0.5;1
USLD_P;2014;080000110;080000037;N2210;7;0;10.6;0
USLD_P;2014;080000110;080000037;N2410;0;1;0.1;1
USLD_P;2014;080000110;080000037;N2460;0;1;0.1;1
USLD_P;2014;080000110;080000037;N2470;0;1;0.1;1
USLD_P;2014;080000110;080000037;N2510;12;0;16;0
USLD_P;2014;080000110;080000037;NAUT;4;0;4;0
USLD_P;2014;080000219;080001969;MEDCH;;1;0.05;0
USLD_P;2014;080000219;080001969;N2210;9;;0.5;0
USLD_P;2014;080000219;080001969;N2510;11;1;1.69;0
USLD_P;2014;080000219;080001969;NAUT;5;;0.2;0
USLD_P;2014;080000276;080001969;MEDCH;1;;0.2;
USLD_P;2014;080000276;080001969;N2210;6;2;5.05;
USLD_P;2014;080000276;080001969;N2510;9;;5.07;
USLD_P;2014;080000276;080001969;NAUT;5;;3.22;
USLD_P;2014;080005960;080000615;M1320;2;;1.3;0
USLD_P;2014;080005960;080000615;MEDCH;2;;1.46;0
USLD_P;2014;080005960;080000615;N2210;7;8;12.43;0
USLD_P;2014;080005960;080000615;N2410;;;0.35;0
USLD_P;2014;080005960;080000615;N2510;30;15;37.27;0
USLD_P;2014;080005960;080000615;NAUT;17;18;25.66;0
USLD_P;2014;100000116;100000041;MEDCH;;1;0.6;0
USLD_P;2014;100000116;100000041;N2210;6;4;6.69;0
USLD_P;2014;100000116;100000041;N2410;1;;1;0
USLD_P;2014;100000116;100000041;N2510;12;1;11.86;0
USLD_P;2014;100000116;100000041;NAUT;3;5;9.94;0
USLD_P;2014;100000140;100000058;MEDCH;;2;0.6;0
USLD_P;2014;100000140;100000058;N2210;7;;6.7;0
USLD_P;2014;100000140;100000058;N2510;8;2;11.22;0
USLD_P;2014;100000140;100000058;NAUT;6;2;4.49;0
USLD_P;2014;100000801;100006279;M1320;1;;0.5;0
USLD_P;2014;100000801;100006279;MEDCH;1;;0.5;0
USLD_P;2014;100000801;100006279;N2210;4;;3.96;0
USLD_P;2014;100000801;100006279;N2510;6;;9.53;0
USLD_P;2014;100000801;100006279;NAUT;19;;14.95;
USLD_P;2014;100006493;100000017;M1320;5;1;1.1;0
USLD_P;2014;100006493;100000017;MEDCH;5;1;1.1;0
USLD_P;2014;100006493;100000017;N2210;3;18;15.65;0
USLD_P;2014;100006493;100000017;N2410;;2;0.64;0
USLD_P;2014;100006493;100000017;N2460;1;;1;0
USLD_P;2014;100006493;100000017;N2510;;63;37.22;0
USLD_P;2014;100006493;100000017;NAUT;1;23;10.75;1
USLD_P;2014;110000049;110780087;M1320;2;;1.2;
USLD_P;2014;110000049;110780087;MEDCH;;4;1.7;
USLD_P;2014;110000049;110780087;N2210;9;4;7.5;
USLD_P;2014;110000049;110780087;N2410;;1;0.6;
USLD_P;2014;110000049;110780087;N2460;;1;0.24;
USLD_P;2014;110000049;110780087;N2510;7;5;10.32;
USLD_P;2014;110000049;110780087;NAUT;5;8;6.17;
USLD_P;2014;110000247;110780772;M1320;;1;0.22;1
USLD_P;2014;110000247;110780772;MEDCH;;1;0.22;1
USLD_P;2014;110000247;110780772;N2210;6;2;6.35;1
USLD_P;2014;110000247;110780772;N2410;1;;0.25;1
USLD_P;2014;110000247;110780772;N2460;;1;0.4;1
USLD_P;2014;110000247;110780772;N2510;11;2;12.41;1
USLD_P;2014;110000247;110780772;N3120;1;;0.08;1
USLD_P;2014;110000247;110780772;NAUT;9;2;7.77;1
USLD_P;2014;110006137;110780061;M1320;;2;0.16;1
USLD_P;2014;110006137;110780061;MEDCH;;2;0.3;1
USLD_P;2014;110006137;110780061;N2210;3;1;4.21;0
USLD_P;2014;110006137;110780061;N2410;;1;0.2;1
USLD_P;2014;110006137;110780061;N2460;;2;0.9;1
USLD_P;2014;110006137;110780061;N2510;14;;13.34;0
USLD_P;2014;110006137;110780061;NAUT;1;20;6.74;1
USLD_P;2014;110781283;110780137;M1320;1;;0.81;1
USLD_P;2014;110781283;110780137;MEDCH;1;1;1.52;1
USLD_P;2014;110781283;110780137;N2210;23;2;18.47;1
USLD_P;2014;110781283;110780137;N2410;;1;0.4;1
USLD_P;2014;110781283;110780137;N2510;73;8;37.62;1
USLD_P;2014;110781283;110780137;N3120;2;;0.39;1
USLD_P;2014;110781283;110780137;NAUT;32;3;16.29;1
USLD_P;2014;110786746;110786324;MEDCH;;1;0.5;
USLD_P;2014;110786746;110786324;N2210;3;3;6.75;
USLD_P;2014;110786746;110786324;N2510;15;;17.8;
USLD_P;2014;120000070;120780085;MEDCH;;1;0.45;
USLD_P;2014;120000070;120780085;N2210;6;;6;
USLD_P;2014;120000070;120780085;N2510;9;1;9.8;
USLD_P;2014;120000070;120780085;N3120;;1;0.1;
USLD_P;2014;120000070;120780085;NAUT;3;1;3.8;
USLD_P;2014;120000088;120780093;MEDCH;1;0;0.56;
USLD_P;2014;120000088;120780093;N2210;5;0;4.13;
USLD_P;2014;120000088;120780093;N2410;1;0;0.5;
USLD_P;2014;120000088;120780093;N2510;11;2;11.89;
USLD_P;2014;120000088;120780093;NAUT;13;6;12.02;
USLD_P;2014;120000096;120780101;MEDCH;0;0;0.18;0
USLD_P;2014;120000096;120780101;N2210;7;1;6.43;0
USLD_P;2014;120000096;120780101;N2410;0;0;0.18;1
USLD_P;2014;120000096;120780101;N2460;0;0;0;1
USLD_P;2014;120000096;120780101;N2510;11;3;13.83;0
USLD_P;2014;120000096;120780101;N3120;0;0;0;1
USLD_P;2014;120000096;120780101;NAUT;9;3;9.9;0
USLD_P;2014;120000153;120780291;M1320;;1;0.5;0
USLD_P;2014;120000153;120780291;MEDCH;1;1;1.5;0
USLD_P;2014;120000153;120780291;N2210;9;;9;0
USLD_P;2014;120000153;120780291;N2460;1;;1;0
USLD_P;2014;120000153;120780291;N2510;9;1;9.8;0
USLD_P;2014;120000153;120780291;NAUT;8;2;8.6;0
USLD_P;2014;120004668;120004619;M1320;1;;0.1;1
USLD_P;2014;120004668;120004619;MEDCH;3;;0.81;1
USLD_P;2014;120004668;120004619;N2210;7;3;7.83;1
USLD_P;2014;120004668;120004619;N2410;3;;0.21;1
USLD_P;2014;120004668;120004619;N2460;1;;0.3;1
USLD_P;2014;120004668;120004619;N2510;14;5;15.69;0
USLD_P;2014;120004668;120004619;N3120;;1;0.1;1
USLD_P;2014;120004668;120004619;NAUT;13;5;15.7;1
USLD_P;2014;120782263;120780069;MEDCH;2;0;1.25;1
USLD_P;2014;120782263;120780069;N2210;13;8;18.68;0
USLD_P;2014;120782263;120780069;N2510;31;0;31.16;0
USLD_P;2014;120782263;120780069;NAUT;14;4;17.22;0
USLD_P;2014;120783097;120004528;MEDCH;1;;0.7;
USLD_P;2014;120783097;120004528;N2210;9;;9.24;
USLD_P;2014;120783097;120004528;N2410;1;;0.7;
USLD_P;2014;120783097;120004528;N2510;15;2;17.17;
USLD_P;2014;120786959;120780044;M1320;2;;0.6;0
USLD_P;2014;120786959;120780044;MEDCH;2;;0.6;0
USLD_P;2014;120786959;120780044;N2210;7;1;8.22;0
USLD_P;2014;120786959;120780044;N2410;;1;0.5;0
USLD_P;2014;120786959;120780044;N2460;;1;0.43;0
USLD_P;2014;120786959;120780044;N2510;6;2;7.18;0
USLD_P;2014;120786959;120780044;NAUT;14;6;13.24;0
USLD_P;2014;130000516;130781339;M1320;1;;1;0
USLD_P;2014;130000516;130781339;MEDCH;3;;1.6;0
USLD_P;2014;130000516;130781339;N2210;11;3;13.1;0
USLD_P;2014;130000516;130781339;N2410;1;;0.5;0
USLD_P;2014;130000516;130781339;N2510;16;6;16.7;0
USLD_P;2014;130000516;130781339;N3120;1;;0.35;1
USLD_P;2014;130000516;130781339;NAUT;10;7;13.63;1
USLD_P;2014;130000565;130781446;M1320;2;;0.5;1
USLD_P;2014;130000565;130781446;MEDCH;3;;1;1
USLD_P;2014;130000565;130781446;N2210;2;3;5.47;1
USLD_P;2014;130000565;130781446;N2410;;1;0.7;1
USLD_P;2014;130000565;130781446;N2460;;;;1
USLD_P;2014;130000565;130781446;N2470;;;;1
USLD_P;2014;130000565;130781446;N2510;11;7;17.99;1
USLD_P;2014;130000565;130781446;N3120;;1;0.25;1
USLD_P;2014;130000565;130781446;NAUT;1;10;5.17;1
USLD_P;2014;130001225;130782634;MEDCH;2;;1.04;
USLD_P;2014;130001225;130782634;N2210;4;8;4.51;
USLD_P;2014;130001225;130782634;N2410;1;;0.52;
USLD_P;2014;130001225;130782634;N2460;;1;0.42;
USLD_P;2014;130001225;130782634;N2510;15;3;15.99;
USLD_P;2014;130001225;130782634;NAUT;7;3;6.98;
USLD_P;2014;130001258;130028228;MEDCH;1;;1;
USLD_P;2014;130001258;130028228;N2210;9;1;9.6;
USLD_P;2014;130001258;130028228;NAUT;6;3;6.75;
USLD_P;2014;130037674;130789316;M1320;;1;0.3;1
USLD_P;2014;130037674;130789316;MEDCH;;1;0.3;1
USLD_P;2014;130037674;130789316;N2210;6;2;6.28;1
USLD_P;2014;130037674;130789316;N2510;6;12;13.04;1
USLD_P;2014;130037674;130789316;NAUT;2;7;6.33;1
USLD_P;2014;130043664;130002157;MEDCH;;1;0.5;0
USLD_P;2014;130043664;130002157;N2210;6;;6;0
USLD_P;2014;130043664;130002157;N2410;;1;1;0
USLD_P;2014;130043664;130002157;N2510;13;;13;0
USLD_P;2014;130043664;130002157;NAUT;7;;7;0
USLD_P;2014;130782097;130000938;M1320;;1;0.32;0
USLD_P;2014;130782097;130000938;MEDCH;;1;0.32;0
USLD_P;2014;130782097;130000938;N2210;1;3;2;0
USLD_P;2014;130782097;130000938;N2410;;1;0.28;0
USLD_P;2014;130782097;130000938;N2510;6;1;6.3;0
USLD_P;2014;130782097;130000938;N3120;;1;0.04;0
USLD_P;2014;130782097;130000938;NAUT;;4;3.7;0
USLD_P;2014;130783830;130001514;M1320;0;2;0.4;0
USLD_P;2014;130783830;130001514;MEDCH;0;2;0.4;0
USLD_P;2014;130783830;130001514;N2210;3;2;4.5;0
USLD_P;2014;130783830;130001514;N2410;1;1;1.1;0
USLD_P;2014;130783830;130001514;N2510;6;6;9.25;0
USLD_P;2014;130783830;130001514;N3120;0;1;0.2;0
USLD_P;2014;130783830;130001514;NAUT;4;11;8.63;0
USLD_P;2014;130798358;130041916;MEDCH;;2;1.2;1
USLD_P;2014;130798358;130041916;N2210;9;3;10.47;1
USLD_P;2014;130798358;130041916;N2410;;2;0.77;0
USLD_P;2014;130798358;130041916;N2460;;2;0.67;0
USLD_P;2014;130798358;130041916;N2510;25;5;27.74;0
USLD_P;2014;130798358;130041916;N3120;;1;0.26;1
USLD_P;2014;130798358;130041916;NAUT;10;20;18.23;1
USLD_P;2014;130809015;130001928;MEDCH;1;5;4.4;1
USLD_P;2014;130809015;130001928;N2210;21;2;22.6;1
USLD_P;2014;130809015;130001928;N2460;;1;0.5;0
USLD_P;2014;130809015;130001928;N2510;47;;47;1
USLD_P;2014;130809015;130001928;NAUT;14;1;14.5;1
USLD_P;2014;140000027;140000035;MEDCH;1;0;0.6;1
USLD_P;2014;140000027;140000035;N2210;6;3;8.41;
USLD_P;2014;140000027;140000035;N2510;18;2;18.9;
USLD_P;2014;140000027;140000035;NAUT;13;5;10.4;
USLD_P;2014;140000241;140026279;M1320;1;;0.1;0
USLD_P;2014;140000241;140026279;MEDCH;1;;0.1;0
USLD_P;2014;140000241;140026279;N2210;6;;4.46;0
USLD_P;2014;140000241;140026279;N2410;1;;0.1;0
USLD_P;2014;140000241;140026279;N2510;19;;15.02;0
USLD_P;2014;140000241;140026279;N3120;1;;0.49;0
USLD_P;2014;140000241;140026279;NAUT;13;;8.84;0
USLD_P;2014;140000373;140000159;M1320;1;1;0.82;1
USLD_P;2014;140000373;140000159;N2210;8;2;8.96;1
USLD_P;2014;140000373;140000159;N2510;10;;10.04;0
USLD_P;2014;140000373;140000159;N3120;;1;0.06;1
USLD_P;2014;140000373;140000159;NAUT;8;1;7.43;1
USLD_P;2014;140012196;140000100;M1320;2;1;1.47;1
USLD_P;2014;140012196;140000100;MEDCH;2;1;1.47;1
USLD_P;2014;140012196;140000100;N2210;14;6;17.52;1
USLD_P;2014;140012196;140000100;N2410;2;1;0.58;1
USLD_P;2014;140012196;140000100;N2460;1;;0.5;1
USLD_P;2014;140012196;140000100;N2470;;;;1
USLD_P;2014;140012196;140000100;N2510;43;8;46.52;1
USLD_P;2014;140012196;140000100;N3120;;;;1
USLD_P;2014;140012196;140000100;NAUT;22;6;20.74;1
USLD_P;2014;140013830;140000118;M1320;1;;1;0
USLD_P;2014;140013830;140000118;MEDCH;1;;1;0
USLD_P;2014;140013830;140000118;N2210;5;19;12.35;1
USLD_P;2014;140013830;140000118;N2460;;2;0.3;1
USLD_P;2014;140013830;140000118;N2470;;1;0.1;1
USLD_P;2014;140013830;140000118;N2510;21;24;30.11;1
USLD_P;2014;140013830;140000118;N3120;;1;0.19;1
USLD_P;2014;140013830;140000118;NAUT;12;19;19.81;1
USLD_P;2014;140017401;140000092;M1320;;1;0.53;0
USLD_P;2014;140017401;140000092;MEDCH;;2;0.93;0
USLD_P;2014;140017401;140000092;N2210;7;2;7.26;1
USLD_P;2014;140017401;140000092;N2410;;;0.02;1
USLD_P;2014;140017401;140000092;N2460;;;;1
USLD_P;2014;140017401;140000092;N2470;;;;1
USLD_P;2014;140017401;140000092;N2510;25;3;20.09;1
USLD_P;2014;140017401;140000092;N3120;;;0.05;1
USLD_P;2014;140017401;140000092;NAUT;8;5;12.07;1
USLD_P;2014;150000032;150780088;M1320;2;;0.5;1
USLD_P;2014;150000032;150780088;MEDCH;2;;0.5;1
USLD_P;2014;150000032;150780088;N2210;2;7;6.38;1
USLD_P;2014;150000032;150780088;N2410;;1;0.1;
USLD_P;2014;150000032;150780088;N2460;;1;0.24;
USLD_P;2014;150000032;150780088;N2510;14;5;17.82;0
USLD_P;2014;150000032;150780088;N3120;;1;0.16;1
USLD_P;2014;150000032;150780088;NAUT;6;3;5.52;1
USLD_P;2014;150000040;150780096;M1320;5;;0.51;1
USLD_P;2014;150000040;150780096;MEDCH;5;1;0.56;1
USLD_P;2014;150000040;150780096;N2210;7;9;12.94;0
USLD_P;2014;150000040;150780096;N2460;;1;0.5;1
USLD_P;2014;150000040;150780096;N2510;22;4;23.66;1
USLD_P;2014;150000040;150780096;N3120;;1;0.05;1
USLD_P;2014;150000040;150780096;NAUT;10;7;12.16;1
USLD_P;2014;150000164;150780468;MEDCH;1;;0.25;1
USLD_P;2014;150000164;150780468;N2210;9;;9.37;1
USLD_P;2014;150000164;150780468;N2460;1;;0.6;1
USLD_P;2014;150000164;150780468;N2510;8;2;9.46;1
USLD_P;2014;150000164;150780468;N3120;;1;0.09;1
USLD_P;2014;150000164;150780468;NAUT;7;;8;1
USLD_P;2014;150000180;150780500;MEDCH;;1;0.3;
USLD_P;2014;150000180;150780500;N2210;2;7;5.87;1
USLD_P;2014;150000180;150780500;N2460;;1;0.25;1
USLD_P;2014;150000180;150780500;N2470;;1;0.45;1
USLD_P;2014;150000180;150780500;N2510;5;8;8.26;
USLD_P;2014;150000180;150780500;NAUT;4;5;4.94;
USLD_P;2014;150002921;150780468;MEDCH;1;1;0.47;1
USLD_P;2014;150002921;150780468;N2210;6;;6.45;0
USLD_P;2014;150002921;150780468;N2410;;;0.05;1
USLD_P;2014;150002921;150780468;N2460;1;;0.1;1
USLD_P;2014;150002921;150780468;N2510;2;;2.12;0
USLD_P;2014;150002921;150780468;NAUT;5;1;1.05;1
USLD_P;2014;160000188;160000121;M1320;1;;0.39;0
USLD_P;2014;160000188;160000121;MEDCH;1;;0.87;0
USLD_P;2014;160000188;160000121;N2210;12;;9.68;1
USLD_P;2014;160000188;160000121;N2410;1;;0.5;1
USLD_P;2014;160000188;160000121;N2460;1;;0.5;0
USLD_P;2014;160000188;160000121;N2510;16;7;21.1;1
USLD_P;2014;160000188;160000121;N3120;;2;0.25;1
USLD_P;2014;160000188;160000121;NAUT;24;2;14.97;1
USLD_P;2014;160000253;160000451;M1320;3;;0.4;0
USLD_P;2014;160000253;160000451;MEDCH;3;;0.4;0
USLD_P;2014;160000253;160000451;N2210;7;1;7.65;
USLD_P;2014;160000253;160000451;N2510;12;1;11.93;
USLD_P;2014;160000253;160000451;NAUT;24;4;7.97;0
USLD_P;2014;160000303;160006037;M1320;1;;1;0
USLD_P;2014;160000303;160006037;MEDCH;1;;1;0
USLD_P;2014;160000303;160006037;N2210;14;5;16.8;0
USLD_P;2014;160000303;160006037;N2470;1;1;1.5;0
USLD_P;2014;160000303;160006037;N2510;24;13;34.1;0
USLD_P;2014;160000303;160006037;NAUT;17;5;17.8;0
USLD_P;2014;160000360;160000519;MEDCH;1;2;1.67;0
USLD_P;2014;160000360;160000519;N2210;12;3;15.71;0
USLD_P;2014;160000360;160000519;N2410;1;;0.6;0
USLD_P;2014;160000360;160000519;N2460;;1;0.21;0
USLD_P;2014;160000360;160000519;N2510;27;1;27.93;0
USLD_P;2014;160000360;160000519;N3120;1;;0.2;1
USLD_P;2014;160000360;160000519;NAUT;24;3;19.89;0
USLD_P;2014;160006391;160000485;M1320;;;0.44;0
USLD_P;2014;160006391;160000485;MEDCH;1;1;1.31;0
USLD_P;2014;160006391;160000485;N2210;6;2;6.81;1
USLD_P;2014;160006391;160000485;N2410;1;;0.1;1
USLD_P;2014;160006391;160000485;N2460;0;1;0.1;1
USLD_P;2014;160006391;160000485;N2510;10;1;10.19;1
USLD_P;2014;160006391;160000485;N3120;1;;0.1;1
USLD_P;2014;160006391;160000485;NAUT;11;3;9.34;1
USLD_P;2014;160006409;160014411;MEDCH;1;2;1.6;0
USLD_P;2014;160006409;160014411;N2210;3;7;7.82;1
USLD_P;2014;160006409;160014411;N2410;;1;0.5;1
USLD_P;2014;160006409;160014411;N2460;;2;1.04;1
USLD_P;2014;160006409;160014411;N2470;;1;0.25;1
USLD_P;2014;160006409;160014411;N2510;9;5;12.77;1
USLD_P;2014;160006409;160014411;NAUT;5;16;14.53;1
USLD_P;2014;170000152;170780225;M1320;2;0;0.9;1
USLD_P;2014;170000152;170780225;MEDCH;2;1;1;1
USLD_P;2014;170000152;170780225;N2210;10;0;9.93;1
USLD_P;2014;170000152;170780225;N2510;23;6;27.9;1
USLD_P;2014;170000152;170780225;NAUT;8;3;12.03;1
USLD_P;2014;170791321;170023279;M1320;3;1;1.36;1
USLD_P;2014;170791321;170023279;MEDCH;3;1;1.36;1
USLD_P;2014;170791321;170023279;N2210;17;1;16.01;0
USLD_P;2014;170791321;170023279;N2470;;1;0.51;1
USLD_P;2014;170791321;170023279;N2510;36;20;49.52;1
USLD_P;2014;170791321;170023279;N3120;1;;0.15;1
USLD_P;2014;170791321;170023279;NAUT;24;10;20.98;1
USLD_P;2014;170792220;170780175;M1320;0;1;0.2;1
USLD_P;2014;170792220;170780175;MEDCH;0;1;0.2;1
USLD_P;2014;170792220;170780175;N2210;17;5;6.66;1
USLD_P;2014;170792220;170780175;N2510;20;13;12.54;1
USLD_P;2014;170792220;170780175;N3120;1;;0.05;1
USLD_P;2014;170792220;170780175;NAUT;19;12;16.56;1
USLD_P;2014;170802789;170780191;M1320;1;;0.45;0
USLD_P;2014;170802789;170780191;MEDCH;1;;0.45;0
USLD_P;2014;170802789;170780191;N2210;6;2;8.21;1
USLD_P;2014;170802789;170780191;N2410;1;;1;1
USLD_P;2014;170802789;170780191;N2510;24;5;28.05;1
USLD_P;2014;170802789;170780191;NAUT;11;4;17.19;1
USLD_P;2014;180000176;180001158;MEDCH;;2;1.78;1
USLD_P;2014;180000176;180001158;N2210;7;2;8.12;1
USLD_P;2014;180000176;180001158;N2410;1;;0.55;1
USLD_P;2014;180000176;180001158;N2460;1;;0.6;1
USLD_P;2014;180000176;180001158;N2510;18;1;17.43;0
USLD_P;2014;180000176;180001158;N3120;;;0.01;1
USLD_P;2014;180000176;180001158;NAUT;13;4;11.6;1
USLD_P;2014;180000200;180000051;MEDCH;1;1;1.02;1
USLD_P;2014;180000200;180000051;N2210;4;2;3.9;1
USLD_P;2014;180000200;180000051;N2470;1;;0.5;1
USLD_P;2014;180000200;180000051;N2510;19;5;19.47;1
USLD_P;2014;180000200;180000051;NAUT;15;2;15.47;1
USLD_P;2014;180000333;180000093;M1320;;2;0.6;1
USLD_P;2014;180000333;180000093;MEDCH;;2;0.6;1
USLD_P;2014;180000333;180000093;N2210;2;;2;0
USLD_P;2014;180000333;180000093;N2460;;1;0.15;1
USLD_P;2014;180000333;180000093;N2510;12;3;14.3;0
USLD_P;2014;180000333;180000093;NAUT;10;7;11.52;1
USLD_P;2014;180003287;180000028;MEDCH;2;;0.4;0
USLD_P;2014;180003287;180000028;N2210;10;2;12.05;0
USLD_P;2014;180003287;180000028;N2460;;1;0.25;1
USLD_P;2014;180003287;180000028;N2470;0;2;1.5;1
USLD_P;2014;180003287;180000028;N2510;27;3;29.1;0
USLD_P;2014;180003287;180000028;N3120;;1;0.6;1
USLD_P;2014;180003287;180000028;NAUT;7;10;10.8;1
USLD_P;2014;180003386;180000069;M1320;1;;0.5;
USLD_P;2014;180003386;180000069;MEDCH;1;;0.5;
USLD_P;2014;180003386;180000069;N2210;3;2;3.31;1
USLD_P;2014;180003386;180000069;N2410;;;0.09;1
USLD_P;2014;180003386;180000069;N2460;1;;0.51;1
USLD_P;2014;180003386;180000069;N2470;;;;1
USLD_P;2014;180003386;180000069;N2510;15;1;13.83;1
USLD_P;2014;180003386;180000069;N3120;;;;1
USLD_P;2014;180003386;180000069;NAUT;13;;10.62;1
USLD_P;2014;180007825;180001158;MEDCH;;1;0.55;1
USLD_P;2014;180007825;180001158;N2210;10;1;10.49;0
USLD_P;2014;180007825;180001158;N2510;23;2;25.57;0
USLD_P;2014;180007825;180001158;N3120;;;0.01;1
USLD_P;2014;180007825;180001158;NAUT;18;3;17.36;1
USLD_P;2014;190000018;190000042;M1320;;;;1
USLD_P;2014;190000018;190000042;MEDCH;1;;0.55;1
USLD_P;2014;190000018;190000042;N2210;5;1;5.34;0
USLD_P;2014;190000018;190000042;N2410;1;;0.1;1
USLD_P;2014;190000018;190000042;N2460;;;;1
USLD_P;2014;190000018;190000042;N2470;1;;0.32;1
USLD_P;2014;190000018;190000042;N2510;20;1;20.43;0
USLD_P;2014;190000018;190000042;NAUT;11;1;10.81;1
USLD_P;2014;190000034;190000067;M1320;;1;0.54;0
USLD_P;2014;190000034;190000067;MEDCH;;1;0.54;0
USLD_P;2014;190000034;190000067;N2210;5;2;6.81;0
USLD_P;2014;190000034;190000067;N2410;1;;0.4;0
USLD_P;2014;190000034;190000067;N2460;1;;0.45;0
USLD_P;2014;190000034;190000067;N2510;12;2;12.37;0
USLD_P;2014;190000034;190000067;N3120;1;;0.1;1
USLD_P;2014;190000034;190000067;NAUT;4;3;6.86;0
USLD_P;2014;190000091;190000075;M1320;0;2;0.83;1
USLD_P;2014;190000091;190000075;MEDCH;0;3;1.04;1
USLD_P;2014;190000091;190000075;N2210;9;1;9.5;0
USLD_P;2014;190000091;190000075;N2460;;1;0.3;1
USLD_P;2014;190000091;190000075;N2510;21;1;22.5;0
USLD_P;2014;190000091;190000075;NAUT;;4;0.36;1
USLD_P;2014;190002493;190000059;M1320;1;;0.64;
USLD_P;2014;190002493;190000059;MEDCH;1;;0.64;
USLD_P;2014;190002493;190000059;N2210;10;3;11.98;
USLD_P;2014;190002493;190000059;N2410;1;;1;
USLD_P;2014;190002493;190000059;N2510;18;10;26;
USLD_P;2014;190002493;190000059;N3120;;1;0.3;
USLD_P;2014;190002493;190000059;NAUT;19;10;22.03;
USLD_P;2014;190005140;190002485;M1320;;1;0.26;1
USLD_P;2014;190005140;190002485;MEDCH;;3;0.76;1
USLD_P;2014;190005140;190002485;N2210;5;0;4.8;1
USLD_P;2014;190005140;190002485;N2410;;1;0.17;1
USLD_P;2014;190005140;190002485;N2470;;1;0.02;1
USLD_P;2014;190005140;190002485;N2510;21;1;10.58;1
USLD_P;2014;190005140;190002485;NAUT;11;1;9.96;1
USLD_P;2014;190005165;190002519;MEDCH;;4;0.59;1
USLD_P;2014;190005165;190002519;N2210;8;1;8.86;0
USLD_P;2014;190005165;190002519;N2410;;1;0.19;1
USLD_P;2014;190005165;190002519;N2460;;2;0.38;1
USLD_P;2014;190005165;190002519;N2470;;;;1
USLD_P;2014;190005165;190002519;N2510;20;4;23.28;0
USLD_P;2014;190005165;190002519;N3120;;1;0.19;1
USLD_P;2014;190005165;190002519;NAUT;;77;23.96;1
USLD_P;2014;210983466;210011482;MEDCH;1;;0.5;1
USLD_P;2014;210983565;210011482;MEDCH;1;;0.5;1
USLD_P;2014;210986329;750043713;M1320;;1;0.61;1
USLD_P;2014;210986329;750043713;MEDCH;;2;0.68;1
USLD_P;2014;210986329;750043713;N2210;5;1;4.25;1
USLD_P;2014;210986329;750043713;N2460;;1;0.34;1
USLD_P;2014;210986329;750043713;N2510;13;1;9.49;1
USLD_P;2014;210986329;750043713;NAUT;21;3;13.92;1
USLD_P;2014;210987574;210780623;MEDCH;0;1;0.3;
USLD_P;2014;210987574;210780623;N2210;4;1;4.8;
USLD_P;2014;210987574;210780623;N2460;;1;0.5;
USLD_P;2014;210987616;210780656;MEDCH;1;6;7;
USLD_P;2014;210987616;210780656;N2210;4;;4;
USLD_P;2014;210987616;210780656;N2510;17;4;21;
USLD_P;2014;210987616;210780656;NAUT;28;7;35;
USLD_P;2014;210987939;210780607;M1320;;2;1.03;1
USLD_P;2014;210987939;210780607;MEDCH;;2;1.03;1
USLD_P;2014;210987939;210780607;N2210;11;1;11.07;0
USLD_P;2014;210987939;210780607;N2410;2;;0.3;0
USLD_P;2014;210987939;210780607;N2510;22;1;16.81;1
USLD_P;2014;210987939;210780607;NAUT;17;3;12.05;1
USLD_P;2014;220000095;220000046;M1320;2;;1.5;1
USLD_P;2014;220000095;220000046;MEDCH;2;;1.5;1
USLD_P;2014;220000095;220000046;N2210;12;2;9.88;
USLD_P;2014;220000095;220000046;N2510;28;6;23.84;
USLD_P;2014;220000095;220000046;NAUT;16;11;19.01;
USLD_P;2014;220000343;220000079;M1320;1;;0.5;1
USLD_P;2014;220000343;220000079;MEDCH;1;;0.5;1
USLD_P;2014;220000343;220000079;N2210;5;3;5.7;1
USLD_P;2014;220000343;220000079;N2460;1;;0.2;1
USLD_P;2014;220000343;220000079;N2510;8;6;11;1
USLD_P;2014;220000343;220000079;N3120;1;;0.1;1
USLD_P;2014;220000343;220000079;NAUT;4;1;4.8;1
USLD_P;2014;220000368;220000103;MEDCH;0;1;0.51;1
USLD_P;2014;220000368;220000103;N2210;8;3;6.9;1
USLD_P;2014;220000368;220000103;N2410;;;0.33;1
USLD_P;2014;220000368;220000103;N2460;1;;0.7;1
USLD_P;2014;220000368;220000103;N2510;22;;14.85;1
USLD_P;2014;220000368;220000103;NAUT;10;2;5.78;1
USLD_P;2014;220000566;220021968;MEDCH;1;;1;0
USLD_P;2014;220000566;220021968;N2210;4;2;5.52;0
USLD_P;2014;220000566;220021968;N2410;1;;0.5;0
USLD_P;2014;220000566;220021968;N2510;10;2;10.06;0
USLD_P;2014;220000566;220021968;NAUT;6;1;5.85;0
USLD_P;2014;220001259;220005045;MEDCH;2;;1.39;
USLD_P;2014;220001259;220005045;N2210;8;9;9.46;
USLD_P;2014;220001259;220005045;N2410;1;;0.6;
USLD_P;2014;220001259;220005045;N2460;2;1;0.43;
USLD_P;2014;220001259;220005045;N2470;;1;0.5;
USLD_P;2014;220001259;220005045;N2510;26;16;25.76;
USLD_P;2014;220001259;220005045;NAUT;8;8;7.47;
USLD_P;2014;220006423;220000152;MEDCH;1;;0.21;0
USLD_P;2014;220006423;220000152;N2210;5;3;6.48;0
USLD_P;2014;220006423;220000152;N2410;1;;0.59;0
USLD_P;2014;220006423;220000152;N2460;1;1;0.13;0
USLD_P;2014;220006423;220000152;N2510;12;13;17.95;0
USLD_P;2014;220006423;220000152;NAUT;9;2;6.42;0
USLD_P;2014;220014138;220017974;MEDCH;;2;0.4;
USLD_P;2014;220014138;220017974;N2210;9;3;10.29;
USLD_P;2014;220014138;220017974;N2510;5;2;5.83;
USLD_P;2014;220014138;220017974;NAUT;2;9;5.13;
USLD_P;2014;230000259;230780041;MEDCH;1;;0.9;0
USLD_P;2014;230000259;230780041;N2210;10;1;10.67;
USLD_P;2014;230000259;230780041;N2410;;1;0.4;
USLD_P;2014;230000259;230780041;N2460;;;0.01;
USLD_P;2014;230000259;230780041;N2510;23;2;23.84;
USLD_P;2014;230000259;230780041;N3120;;1;0.24;
USLD_P;2014;230000259;230780041;NAUT;8;17;13.68;
USLD_P;2014;230000838;230780058;MEDCH;;1;1;
USLD_P;2014;230000838;230780058;N2210;5;1;5.86;
USLD_P;2014;230000838;230780058;N2510;14;;14;
USLD_P;2014;230000838;230780058;NAUT;8;3;9.81;
USLD_P;2014;230000846;230780066;MEDCH;;1;0.4;
USLD_P;2014;230000846;230780066;N2210;6;2;6.15;
USLD_P;2014;230000846;230780066;N2510;11;;10.5;
USLD_P;2014;230000846;230780066;NAUT;9;;5.96;
USLD_P;2014;230000952;230780512;M1320;7;;7;0
USLD_P;2014;230000952;230780512;MEDCH;1;;0.5;0
USLD_P;2014;230000952;230780512;N2210;6;2;7.6;0
USLD_P;2014;230000960;230780520;MEDCH;1;;1;0
USLD_P;2014;240000372;240000059;MEDCH;2;1;1.09;0
USLD_P;2014;240000372;240000059;N2210;10;1;9.23;0
USLD_P;2014;240000372;240000059;N2510;19;1;20.3;0
USLD_P;2014;240000372;240000059;N3120;1;;0.1;0
USLD_P;2014;240000471;240000109;MEDCH;;8;1.7;0
USLD_P;2014;240000471;240000109;N2210;2;1;3;0
USLD_P;2014;240000471;240000109;N2460;;1;0.5;0
USLD_P;2014;240000471;240000109;N2510;10;1;10.86;0
USLD_P;2014;240000489;240000117;M1320;1;;1;0
USLD_P;2014;240000489;240000117;MEDCH;1;;1;0
USLD_P;2014;240000489;240000117;N2210;13;1;13.25;
USLD_P;2014;240000489;240000117;N2410;1;0;1;
USLD_P;2014;240000489;240000117;N2510;28;0;19.73;
USLD_P;2014;240000489;240000117;NAUT;1;0;1;
USLD_P;2014;240000539;240000166;M1320;;;;1
USLD_P;2014;240000539;240000166;MEDCH;1;3;0.4;1
USLD_P;2014;240000539;240000166;N2210;11;;6.53;1
USLD_P;2014;240000539;240000166;N2410;1;2;0.35;1
USLD_P;2014;240000539;240000166;N2460;;;;1
USLD_P;2014;240000539;240000166;N2470;;;;1
USLD_P;2014;240000539;240000166;N2510;21;6;21.22;1
USLD_P;2014;240000539;240000166;N3120;;1;0.09;1
USLD_P;2014;240000539;240000166;NAUT;54;2;23.01;1
USLD_P;2014;240000687;240000448;M1320;;1;0.4;1
USLD_P;2014;240000687;240000448;MEDCH;;1;0.4;1
USLD_P;2014;240000687;240000448;N2210;;7;6.22;1
USLD_P;2014;240000687;240000448;N2410;;1;0.1;1
USLD_P;2014;240000687;240000448;N2510;11;4;14.56;1
USLD_P;2014;240000687;240000448;N3120;;1;0.1;1
USLD_P;2014;240000687;240000448;NAUT;6;6;10.2;1
USLD_P;2014;250000627;250000221;M1320;;1;;1
USLD_P;2014;250000627;250000221;MEDCH;;4;;1
USLD_P;2014;250000627;250000221;N2210;3;4;6.21;1
USLD_P;2014;250000627;250000221;N2410;;2;1;1
USLD_P;2014;250000627;250000221;N2510;9;6;13.2;1
USLD_P;2014;250000627;250000221;NAUT;9;1;10.54;1
USLD_P;2014;250000635;250000239;MEDCH;;1;0.09;
USLD_P;2014;250000635;250000239;N2210;4;3;5.19;
USLD_P;2014;250000635;250000239;N2410;;;0.24;
USLD_P;2014;250000635;250000239;N2470;;;0.3;
USLD_P;2014;250000635;250000239;N2510;8;3;8.03;
USLD_P;2014;250000635;250000239;NAUT;6;5;9.32;
USLD_P;2014;250000882;250002839;M1320;1;;0.4;1
USLD_P;2014;250000882;250002839;MEDCH;1;1;0.65;1
USLD_P;2014;250000882;250002839;N2210;4;7;8.78;
USLD_P;2014;250000882;250002839;N2410;;1;0.5;1
USLD_P;2014;250000882;250002839;N2460;;1;0.08;1
USLD_P;2014;250000882;250002839;N2510;6;5;10.21;1
USLD_P;2014;250000882;250002839;NAUT;7;6;9.3;1
USLD_P;2014;250001237;250007598;M1320;1;1;0.45;1
USLD_P;2014;250001237;250007598;MEDCH;1;5;1.16;1
USLD_P;2014;250001237;250007598;N2210;19;3;16.36;1
USLD_P;2014;250001237;250007598;N2410;2;1;0.68;1
USLD_P;2014;250001237;250007598;N2460;1;;0.24;1
USLD_P;2014;250001237;250007598;N2470;;1;0.12;1
USLD_P;2014;250001237;250007598;N2510;28;4;21.11;1
USLD_P;2014;250001237;250007598;NAUT;83;34;25.13;1
USLD_P;2014;250001252;250007788;MEDCH;4;2;5.4;1
USLD_P;2014;250004009;900000365;MEDCH;;1;0.65;1
USLD_P;2014;250004009;900000365;N2210;7;1;7.75;1
USLD_P;2014;250004009;900000365;N2410;1;0;1;
USLD_P;2014;250004009;900000365;N2460;;1;0.5;1
USLD_P;2014;250004009;900000365;N2510;10;3;12.5;1
USLD_P;2014;250004009;900000365;NAUT;7;3;9.45;
USLD_P;2014;250007234;250000452;M1320;1;;1;1
USLD_P;2014;250007234;250000452;MEDCH;1;;1;1
USLD_P;2014;250007234;250000452;N2210;3;3;5.76;1
USLD_P;2014;250007234;250000452;N2410;;1;0.5;1
USLD_P;2014;250007234;250000452;N2460;;;;1
USLD_P;2014;250007234;250000452;N2470;;;;1
USLD_P;2014;250007234;250000452;N2510;6;9;13.44;1
USLD_P;2014;250007234;250000452;N3120;;;;1
USLD_P;2014;250007234;250000452;NAUT;3;10;9.07;1
USLD_P;2014;260000013;260000021;M1320;2;1;1.86;
USLD_P;2014;260000013;260000021;MEDCH;2;1;1.86;
USLD_P;2014;260000013;260000021;N2210;10;11;17.71;
USLD_P;2014;260000013;260000021;N2460;;;0.67;
USLD_P;2014;260000013;260000021;N2470;1;;0.68;
USLD_P;2014;260000013;260000021;N2510;21;24;36.84;
USLD_P;2014;260000013;260000021;N3120;;1;0.2;
USLD_P;2014;260000013;260000021;NAUT;3;8;8.46;
USLD_P;2014;260000138;260000047;M1320;3;2;1.5;1
USLD_P;2014;260000138;260000047;MEDCH;3;3;1.72;1
USLD_P;2014;260000138;260000047;N2210;9;1;9.48;1
USLD_P;2014;260000138;260000047;N2410;;1;0.5;1
USLD_P;2014;260000138;260000047;N2460;;1;0.54;1
USLD_P;2014;260000138;260000047;N2470;;;;1
USLD_P;2014;260000138;260000047;N2510;23;2;18.83;1
USLD_P;2014;260000138;260000047;N3120;;;;1
USLD_P;2014;260000138;260000047;NAUT;15;4;11.33;1
USLD_P;2014;260000195;260006770;M1320;;1;0.75;0
USLD_P;2014;260000195;260006770;MEDCH;;1;0.75;0
USLD_P;2014;260000195;260006770;N2210;6;5;13.63;0
USLD_P;2014;260000195;260006770;N2410;;2;1.22;0
USLD_P;2014;260000195;260006770;N2510;2;20;16.02;0
USLD_P;2014;260000195;260006770;NAUT;5;21;23.48;0
USLD_P;2014;260000823;260003264;MEDCH;1;;0.5;0
USLD_P;2014;260000823;260003264;N2210;7;1;7.64;0
USLD_P;2014;260000823;260003264;N2470;1;;0.81;0
USLD_P;2014;260000823;260003264;N2510;13;1;13.05;0
USLD_P;2014;260000823;260003264;NAUT;4;2;6.63;0
USLD_P;2014;270000367;270000086;M1320;;3;0.57;
USLD_P;2014;270000367;270000086;MEDCH;;3;0.57;
USLD_P;2014;270000367;270000086;N2210;8;3;9.76;
USLD_P;2014;270000367;270000086;N2510;21;10;29.55;
USLD_P;2014;270000367;270000086;NAUT;4;10;8.69;
USLD_P;2014;270000425;270000102;M1320;;1;0.5;0
USLD_P;2014;270000425;270000102;N2510;;21;12.4;0
USLD_P;2014;270000425;270000102;NAUT;;3;0.84;0
USLD_P;2014;270000441;270000110;M1320;1;;1;1
USLD_P;2014;270000441;270000110;MEDCH;1;;1;1
USLD_P;2014;270000441;270000110;N2210;9;;8.4;0
USLD_P;2014;270000441;270000110;N2410;1;;0.25;1
USLD_P;2014;270000441;270000110;N2510;13;;12.72;
USLD_P;2014;270000441;270000110;NAUT;14;;13.75;0
USLD_P;2014;270000516;270000177;MEDCH;;4;1.17;
USLD_P;2014;270000516;270000177;N2210;5;2;6.97;
USLD_P;2014;270000516;270000177;N2510;11;;11;
USLD_P;2014;270000516;270000177;NAUT;5;;5;
USLD_P;2014;270026107;270023724;N2210;4;;3.58;
USLD_P;2014;270026107;270023724;N2410;;1;0.15;
USLD_P;2014;270026107;270023724;N2460;;1;0.46;
USLD_P;2014;270026107;270023724;N2470;;1;0.5;
USLD_P;2014;270026107;270023724;N2510;11;;11.12;
USLD_P;2014;270026107;270023724;N3120;;1;0.2;
USLD_P;2014;270026107;270023724;NAUT;1;7;2.39;
USLD_P;2014;280000050;280000142;MEDCH;1;;0.5;
USLD_P;2014;280000050;280000142;N2210;6;;7.02;
USLD_P;2014;280000050;280000142;N2470;1;;1;
USLD_P;2014;280000050;280000142;N2510;24;1;23.97;
USLD_P;2014;280000050;280000142;NAUT;12;2;13.54;
USLD_P;2014;280000084;280000183;M1320;1;;0.8;1
USLD_P;2014;280000084;280000183;MEDCH;3;1;1.99;1
USLD_P;2014;280000084;280000183;N2210;12;7;13.66;0
USLD_P;2014;280000084;280000183;N2410;;1;0.42;1
USLD_P;2014;280000084;280000183;N2470;1;;0.2;1
USLD_P;2014;280000084;280000183;N2510;34;3;35.33;0
USLD_P;2014;280000084;280000183;NAUT;31;6;29.36;0
USLD_P;2014;280000100;280000225;M1320;;1;0.21;
USLD_P;2014;280000100;280000225;MEDCH;;4;0.71;
USLD_P;2014;280000100;280000225;N2210;5;1;7.94;
USLD_P;2014;280000100;280000225;N2410;;1;0.12;
USLD_P;2014;280000100;280000225;N2460;;1;0.12;
USLD_P;2014;280000100;280000225;N2510;11;6;16.44;
USLD_P;2014;280000100;280000225;N3120;;1;0.01;
USLD_P;2014;280000100;280000225;NAUT;4;2;7.75;
USLD_P;2014;280000662;280500075;MEDCH;1;;0.4;1
USLD_P;2014;280000662;280500075;N2210;4;5;7.54;1
USLD_P;2014;280000662;280500075;N2410;1;;0.6;1
USLD_P;2014;280000662;280500075;N2460;1;;1;1
USLD_P;2014;280000662;280500075;N2510;15;3;16.52;
USLD_P;2014;280000662;280500075;NAUT;10;2;6.15;1
USLD_P;2014;290000066;290020700;MEDCH;2;0;0.23;1
USLD_P;2014;290000066;290020700;N2210;20;7;9.76;1
USLD_P;2014;290000066;290020700;N2410;;;;1
USLD_P;2014;290000066;290020700;N2460;;;;1
USLD_P;2014;290000066;290020700;N2470;;;;1
USLD_P;2014;290000066;290020700;N2510;42;10;16.4;1
USLD_P;2014;290000066;290020700;N3120;1;;0.1;1
USLD_P;2014;290000066;290020700;NAUT;26;8;6.88;1
USLD_P;2014;290000553;290021542;MEDCH;2;1;1.05;0
USLD_P;2014;290000553;290021542;N2210;11;9;15.88;0
USLD_P;2014;290000553;290021542;N2410;1;;0.25;0
USLD_P;2014;290000553;290021542;N2470;0;;0.16;0
USLD_P;2014;290000553;290021542;N2510;37;6;42.06;0
USLD_P;2014;290000553;290021542;NAUT;23;2;13.7;0
USLD_P;2014;290000785;220020739;MEDCH;;1;0.45;
USLD_P;2014;290000785;220020739;N2210;9;2;7.98;
USLD_P;2014;290000785;220020739;N2510;20;7;20.41;
USLD_P;2014;290000785;220020739;NAUT;1;1;1.16;
USLD_P;2014;290008291;290021542;MEDCH;1;;0.09;0
USLD_P;2014;290008291;290021542;N2210;2;1;1.34;0
USLD_P;2014;290008291;290021542;N2410;1;0;0.15;0
USLD_P;2014;290008291;290021542;N2510;11;0;6.04;0
USLD_P;2014;290008291;290021542;NAUT;5;0;1.5;0
USLD_P;2014;290008853;290000074;M1320;2;;0.55;
USLD_P;2014;290008853;290000074;MEDCH;3;;0.7;
USLD_P;2014;290008853;290000074;N2210;7;2;6.79;
USLD_P;2014;290008853;290000074;N2410;1;;0.33;
USLD_P;2014;290008853;290000074;N2460;2;;0.15;
USLD_P;2014;290008853;290000074;N2510;10;4;10.15;
USLD_P;2014;290008853;290000074;NAUT;25;3;13.7;
USLD_P;2014;290014687;290000306;MEDCH;3;;0.68;1
USLD_P;2014;290014687;290000306;N2210;9;2;8.06;1
USLD_P;2014;290014687;290000306;N2410;1;;0.25;1
USLD_P;2014;290014687;290000306;N2460;;;;1
USLD_P;2014;290014687;290000306;N2510;6;9;13.06;0
USLD_P;2014;290014687;290000306;N3120;;;;1
USLD_P;2014;290014687;290000306;NAUT;2;2;4.85;1
USLD_P;2014;290017946;290000017;M1320;3;0;2;
USLD_P;2014;290017946;290000017;MEDCH;3;1;2.4;
USLD_P;2014;290017946;290000017;N2210;26;24;35.85;0
USLD_P;2014;290017946;290000017;N2460;;1;0.8;0
USLD_P;2014;290017946;290000017;N2470;;1;0.8;0
USLD_P;2014;290017946;290000017;N2510;38;50;54;0
USLD_P;2014;290017946;290000017;N3120;;1;0.3;0
USLD_P;2014;290017946;290000017;NAUT;21;32;27.5;0
USLD_P;2014;290020841;290000298;M1320;;;;1
USLD_P;2014;290020841;290000298;MEDCH;1;1;0.63;1
USLD_P;2014;290020841;290000298;N2210;8;2;7.3;1
USLD_P;2014;290020841;290000298;N2410;0;1;0.68;1
USLD_P;2014;290020841;290000298;N2460;0;0;0;1
USLD_P;2014;290020841;290000298;N2470;0;0;0;1
USLD_P;2014;290020841;290000298;N2510;21;2;14.92;1
USLD_P;2014;290020841;290000298;N3120;0;0;0;1
USLD_P;2014;290020841;290000298;NAUT;;;;1
USLD_P;2014;290024462;290000298;M1320;;;;1
USLD_P;2014;290024462;290000298;MEDCH;2;1;0.51;1
USLD_P;2014;290024462;290000298;N2210;10;3;8.4;1
USLD_P;2014;290024462;290000298;N2410;1;0;0.66;1
USLD_P;2014;290024462;290000298;N2460;0;0;0;1
USLD_P;2014;290024462;290000298;N2470;1;0;1;1
USLD_P;2014;290024462;290000298;N2510;16;8;15.39;1
USLD_P;2014;290025113;290020700;M1320;0;0;0;1
USLD_P;2014;290025113;290020700;MEDCH;1;0;0.08;1
USLD_P;2014;290025113;290020700;N2210;12;2;4.5;1
USLD_P;2014;290025113;290020700;N2410;;1;0.24;1
USLD_P;2014;290025113;290020700;N2460;;;;1
USLD_P;2014;290025113;290020700;N2470;;;;1
USLD_P;2014;290025113;290020700;N2510;14;8;8.19;1
USLD_P;2014;290025113;290020700;N3120;;;;1
USLD_P;2014;290025113;290020700;NAUT;17;4;3.74;1
USLD_P;2014;290025147;290020700;M1320;0;0;0;1
USLD_P;2014;290025147;290020700;MEDCH;1;0;0.14;1
USLD_P;2014;290025147;290020700;N2210;12;7;4.64;1
USLD_P;2014;290025147;290020700;N2410;;1;0.26;1
USLD_P;2014;290025147;290020700;N2460;;1;0.24;1
USLD_P;2014;290025147;290020700;N2470;;;;1
USLD_P;2014;290025147;290020700;N2510;34;13;8.56;1
USLD_P;2014;290025147;290020700;N3120;;;;1
USLD_P;2014;290025147;290020700;NAUT;24;5;4.44;1
USLD_P;2014;2A0000022;2A0000014;MEDCH;1;;1;
USLD_P;2014;2A0000022;2A0000014;N2210;9;0;9.09;
USLD_P;2014;2A0000022;2A0000014;N2510;32;3;30.28;
USLD_P;2014;2A0000022;2A0000014;NAUT;53;4;12.55;
USLD_P;2014;2A0002614;2A0002606;MEDCH;2;;0.65;
USLD_P;2014;2A0002614;2A0002606;N2210;5;;4.67;
USLD_P;2014;2A0002614;2A0002606;N2510;8;;8.41;
USLD_P;2014;2A0002614;2A0002606;N3120;1;;1;
USLD_P;2014;2A0002614;2A0002606;NAUT;9;;7.01;
USLD_P;2014;2A0023271;2A0000014;MEDCH;1;;1;0
USLD_P;2014;2A0023271;2A0000014;N2210;9;0;9.09;0
USLD_P;2014;2A0023271;2A0000014;N2510;32;3;30.28;0
USLD_P;2014;2A0023271;2A0000014;NAUT;53;4;12.55;0
USLD_P;2014;2B0004089;2B0000020;M1320;0;0;0;1
USLD_P;2014;2B0004089;2B0000020;MEDCH;2;1;1.58;1
USLD_P;2014;2B0004089;2B0000020;N2210;12;0;4.46;1
USLD_P;2014;2B0004089;2B0000020;N2410;1;0;0.4;1
USLD_P;2014;2B0004089;2B0000020;N2460;1;0;1;1
USLD_P;2014;2B0004089;2B0000020;N2470;0;0;0;1
USLD_P;2014;2B0004089;2B0000020;N2510;32;0;14.97;1
USLD_P;2014;2B0004089;2B0000020;N3120;1;0;0.1;1
USLD_P;2014;2B0004089;2B0000020;NAUT;20;2;9.33;1
USLD_P;2014;2B0005359;2B0005342;M1320;5;;5;
USLD_P;2014;2B0005359;2B0005342;MEDCH;1;1;0.77;
USLD_P;2014;2B0005359;2B0005342;N2210;10;;9.33;
USLD_P;2014;2B0005359;2B0005342;N2410;;1;0.4;
USLD_P;2014;2B0005359;2B0005342;NAUT;8;1;4.04;
USLD_P;2014;300000031;300780053;MEDCH;0;1;0.5;0
USLD_P;2014;300000031;300780053;N2210;6;3;6.36;
USLD_P;2014;300000031;300780053;N2410;0;1;0.75;
USLD_P;2014;300000031;300780053;N2510;21;4;14.84;
USLD_P;2014;300000031;300780053;NAUT;12;3;10.35;
USLD_P;2014;300000064;300780087;M1320;1;;0.3;
USLD_P;2014;300000064;300780087;MEDCH;1;;0.3;
USLD_P;2014;300000064;300780087;N2210;8;2;5.26;
USLD_P;2014;300000064;300780087;N2410;2;;1.6;
USLD_P;2014;300000064;300780087;N2510;11;4;8.22;
USLD_P;2014;300000064;300780087;N3120;;1;0.4;
USLD_P;2014;300000064;300780087;NAUT;6;;3.62;
USLD_P;2014;300000072;300780095;N2210;5;2;6;
USLD_P;2014;300000072;300780095;N2460;;1;0.5;
USLD_P;2014;300000072;300780095;N2510;13;3;14.5;
USLD_P;2014;300000072;300780095;NAUT;5;3;6.2;
USLD_P;2014;300012481;300780046;MEDCH;1;0;1;1
USLD_P;2014;300012481;300780046;N2210;10;3;6.39;0
USLD_P;2014;300012481;300780046;N2510;3;0;2.28;0
USLD_P;2014;300012481;300780046;NAUT;10;2;11.98;0
USLD_P;2014;300012499;300780046;MEDCH;1;2;0.86;1
USLD_P;2014;300012499;300780046;N2210;9;3;10.37;0
USLD_P;2014;300012499;300780046;N2510;14;4;16.35;0
USLD_P;2014;300012499;300780046;NAUT;16;1;16.88;0
USLD_P;2014;300782125;300780038;MEDCH;2;2;3.5;
USLD_P;2014;300782125;300780038;N2210;32;3;35.43;
USLD_P;2014;300782125;300780038;N2410;1;;1;
USLD_P;2014;300782125;300780038;N2460;3;;1.38;
USLD_P;2014;300782125;300780038;N2510;93;9;95.84;
USLD_P;2014;300782125;300780038;N3120;;2;1;
USLD_P;2014;300782125;300780038;NAUT;39;1;36.63;
USLD_P;2014;310000310;310780671;M1320;3;;1.97;0
USLD_P;2014;310000310;310780671;MEDCH;3;1;2.6;
USLD_P;2014;310000310;310780671;N2210;11;1;11.86;0
USLD_P;2014;310000310;310780671;N2460;;1;0.77;0
USLD_P;2014;310000310;310780671;N2510;32;3;29.61;0
USLD_P;2014;310000310;310780671;NAUT;19;8;21.05;0
USLD_P;2014;310000336;310780713;M1320;1;;1;0
USLD_P;2014;310000336;310780713;N2210;13;5;15.93;0
USLD_P;2014;310000336;310780713;N2410;1;;1;0
USLD_P;2014;310000336;310780713;N2460;;1;0.5;0
USLD_P;2014;310000336;310780713;N2470;;1;0.27;0
USLD_P;2014;310000336;310780713;N2510;25;8;30.65;0
USLD_P;2014;310000336;310780713;NAUT;14;3;14.39;0
USLD_P;2014;310013628;310786256;M1320;1;0;0.6;
USLD_P;2014;310013628;310786256;MEDCH;1;0;0.6;
USLD_P;2014;310013628;310786256;N2210;13;1;8.92;
USLD_P;2014;310013628;310786256;N2410;2;1;0.48;
USLD_P;2014;310013628;310786256;N2460;1;1;0.6;
USLD_P;2014;310013628;310786256;N2470;1;0;0.4;
USLD_P;2014;310013628;310786256;N2510;30;3;26.01;
USLD_P;2014;310013628;310786256;N3120;2;0;0.2;
USLD_P;2014;310013628;310786256;NAUT;27;1;16.11;
USLD_P;2014;310021571;310021563;M1320;;1;0.8;0
USLD_P;2014;310021571;310021563;MEDCH;;1;0.8;0
USLD_P;2014;310021571;310021563;N2210;8;;7.38;0
USLD_P;2014;310021571;310021563;N2410;1;;1;0
USLD_P;2014;310021571;310021563;N2460;1;;0.22;1
USLD_P;2014;310021571;310021563;N2510;17;;15.82;0
USLD_P;2014;310021571;310021563;NAUT;11;1;10.66;1
USLD_P;2014;310022298;310781406;MEDCH;3;0;1.67;0
USLD_P;2014;310022298;310781406;N2210;22;9;29;0
USLD_P;2014;310022298;310781406;N2410;3;;3;0
USLD_P;2014;310022298;310781406;N2460;2;;1.11;0
USLD_P;2014;310022298;310781406;N2510;64;8;71;0
USLD_P;2014;310022298;310781406;NAUT;;15;11.2;0
USLD_P;2014;310786702;750043713;M1320;1;1;1;0
USLD_P;2014;310786702;750043713;MEDCH;1;2;1.3;0
USLD_P;2014;310786702;750043713;N2210;11;;10.5;0
USLD_P;2014;310786702;750043713;N2410;;1;0.3;0
USLD_P;2014;310786702;750043713;N2460;1;;0.9;0
USLD_P;2014;310786702;750043713;N2510;30;;28.8;0
USLD_P;2014;310786702;750043713;NAUT;1;1;0.7;0
USLD_P;2014;310794094;310780754;MEDCH;;2;1.3;
USLD_P;2014;310794094;310780754;N2210;8;1;9.56;
USLD_P;2014;310794094;310780754;N2470;1;;0.5;
USLD_P;2014;310794094;310780754;N2510;20;2;22.83;
USLD_P;2014;310794094;310780754;N3120;;;0.31;
USLD_P;2014;310794094;310780754;NAUT;12;2;12.57;
USLD_P;2014;320000086;320780117;MEDCH;1;;0.87;0
USLD_P;2014;320000086;320780117;N2210;9;;9.61;
USLD_P;2014;320000086;320780117;N2460;;;0.96;
USLD_P;2014;320000086;320780117;N2510;29;;29.54;
USLD_P;2014;320000086;320780117;NAUT;21;;17.55;
USLD_P;2014;320000102;320780133;MEDCH;;1;0.8;1
USLD_P;2014;320000102;320780133;N2210;6;1;6.88;0
USLD_P;2014;320000102;320780133;N2410;;1;0.6;1
USLD_P;2014;320000102;320780133;N2510;14;3;14.91;0
USLD_P;2014;320000102;320780133;N3120;;1;0.06;1
USLD_P;2014;320000102;320780133;NAUT;13;7;13.72;0
USLD_P;2014;320000128;320780158;MEDCH;;1;0.3;1
USLD_P;2014;320000128;320780158;N2210;6;2;5.25;
USLD_P;2014;320000128;320780158;N2410;;1;0.46;
USLD_P;2014;320000128;320780158;N2460;;1;0.44;
USLD_P;2014;320000128;320780158;N2470;;1;0.86;
USLD_P;2014;320000128;320780158;N2510;7;12;9.64;
USLD_P;2014;320000128;320780158;NAUT;5;11;9.1;
USLD_P;2014;320000144;320780174;MEDCH;;1;0.3;1
USLD_P;2014;320000144;320780174;N2210;5;4;7.72;1
USLD_P;2014;320000144;320780174;N2410;1;1;1.16;0
USLD_P;2014;320000144;320780174;N2460;1;;0.45;1
USLD_P;2014;320000144;320780174;N2510;9;3;12.76;1
USLD_P;2014;320000144;320780174;NAUT;9;1;9.43;1
USLD_P;2014;320000177;320780208;MEDCH;0;1;0.25;
USLD_P;2014;320000177;320780208;N2210;6;0;5.75;1
USLD_P;2014;320000177;320780208;N2410;1;0;0.4;
USLD_P;2014;320000177;320780208;N2470;0;1;0.1;
USLD_P;2014;320000177;320780208;N2510;8;1;26.17;
USLD_P;2014;320000177;320780208;NAUT;37;7;19.19;1
USLD_P;2014;330000571;330781220;MEDCH;2;;0.92;1
USLD_P;2014;330000571;330781220;N2210;10;;8.54;0
USLD_P;2014;330000571;330781220;N2410;;2;1.09;
USLD_P;2014;330000571;330781220;N2510;17;2;15.02;0
USLD_P;2014;330000571;330781220;NAUT;15;;11.27;0
USLD_P;2014;330000613;330781261;MEDCH;1;;0.99;0
USLD_P;2014;330000613;330781261;N2210;9;2;9.6;0
USLD_P;2014;330000613;330781261;N2410;;;0.01;1
USLD_P;2014;330000613;330781261;N2460;;1;0.3;1
USLD_P;2014;330000613;330781261;N2470;;1;0.2;0
USLD_P;2014;330000613;330781261;N2510;21;7;25.04;0
USLD_P;2014;330000613;330781261;N3120;;1;0.18;
USLD_P;2014;330000613;330781261;NAUT;15;4;14.61;0
USLD_P;2014;330005182;330792862;M1320;0;2;1.03;
USLD_P;2014;330005182;330792862;MEDCH;0;3;1.53;
USLD_P;2014;330005182;330792862;N2210;6;6;9.16;
USLD_P;2014;330005182;330792862;N2410;0;1;0.54;
USLD_P;2014;330005182;330792862;N2510;16;6;19.84;
USLD_P;2014;330005182;330792862;N3120;0;1;0.15;
USLD_P;2014;330005182;330792862;NAUT;5;20;9.39;
USLD_P;2014;330781337;330781196;MEDCH;4;;3.5;0
USLD_P;2014;330781337;330781196;N2210;42;12;38.03;0
USLD_P;2014;330781337;330781196;N2470;0;1;0.5;0
USLD_P;2014;330781337;330781196;N2510;69;12;48.17;0
USLD_P;2014;330781337;330781196;NAUT;24;8;19.03;0
USLD_P;2014;330791641;330056540;M1320;0;2;1.12;0
USLD_P;2014;330791641;330056540;MEDCH;0;2;1.25;0
USLD_P;2014;330791641;330056540;N2210;6;3;7.96;0
USLD_P;2014;330791641;330056540;N2410;0;2;1;0
USLD_P;2014;330791641;330056540;N2510;25;2;25.27;0
USLD_P;2014;330791641;330056540;N3120;0;1;0.55;0
USLD_P;2014;330791641;330056540;NAUT;17;6;22.76;0
USLD_P;2014;340000033;340780055;MEDCH;3;0;2.2;1
USLD_P;2014;340000033;340780055;N2210;25;10;31.12;0
USLD_P;2014;340000033;340780055;N2460;1;1;0.99;0
USLD_P;2014;340000033;340780055;N2510;59;9;63.6;0
USLD_P;2014;340000033;340780055;NAUT;41;9;40.93;0
USLD_P;2014;340000215;340780519;MEDCH;;2;0.57;
USLD_P;2014;340000215;340780519;N2210;3;2;5.26;1
USLD_P;2014;340000215;340780519;N2510;6;1;8.62;0
USLD_P;2014;340000215;340780519;NAUT;6;8;7.31;0
USLD_P;2014;340000231;340780535;MEDCH;;2;0.53;1
USLD_P;2014;340000231;340780535;N2210;6;2;7.88;0
USLD_P;2014;340000231;340780535;N2410;;1;0.8;1
USLD_P;2014;340000231;340780535;N2460;;1;0.4;1
USLD_P;2014;340000231;340780535;N2510;26;2;27.32;0
USLD_P;2014;340000231;340780535;NAUT;1;;0.35;1
USLD_P;2014;340008275;340780477;M1320;;2;1;
USLD_P;2014;340008275;340780477;MEDCH;;2;1.3;
USLD_P;2014;340008275;340780477;N2210;19;;17.51;
USLD_P;2014;340008275;340780477;N2410;1;2;1.6;
USLD_P;2014;340008275;340780477;N2460;1;3;1.12;
USLD_P;2014;340008275;340780477;N2510;32;;31.33;
USLD_P;2014;340008275;340780477;N3120;1;;0.5;
USLD_P;2014;340008275;340780477;NAUT;2;1;3.47;
USLD_P;2014;340780436;340011295;MEDCH;1;1;1;
USLD_P;2014;340780436;340011295;N2210;7;1;6.48;
USLD_P;2014;340780436;340011295;N2410;0;0;0.5;
USLD_P;2014;340780436;340011295;N2510;17;1;15.87;
USLD_P;2014;340780436;340011295;NAUT;6;2;6.85;
USLD_P;2014;340780444;340009893;MEDCH;0;1;0.3;1
USLD_P;2014;340780444;340009893;N2210;5;3;6.13;
USLD_P;2014;340780444;340009893;N2410;0;1;0.22;
USLD_P;2014;340780444;340009893;N2460;0;1;0.2;
USLD_P;2014;340780444;340009893;N2510;5;10;11;
USLD_P;2014;340780444;340009893;NAUT;6;8;11.19;
USLD_P;2014;340782481;340780477;M1320;;1;0.5;0
USLD_P;2014;340782481;340780477;MEDCH;;3;1.6;0
USLD_P;2014;340782481;340780477;N2210;19;;18.3;0
USLD_P;2014;340782481;340780477;N2510;40;;38.67;0
USLD_P;2014;340782481;340780477;NAUT;3;3;4.35;0
USLD_P;2014;340789379;340001825;M1320;;1;0.42;0
USLD_P;2014;340789379;340001825;MEDCH;;5;1.99;0
USLD_P;2014;340789379;340001825;N2210;8;2;9.05;0
USLD_P;2014;340789379;340001825;N2410;;1;0.5;0
USLD_P;2014;340789379;340001825;N2460;1;1;1.5;0
USLD_P;2014;340789379;340001825;N2470;;1;0.5;0
USLD_P;2014;340789379;340001825;N2510;25;1;25.64;0
USLD_P;2014;340789379;340001825;NAUT;;5;2.18;0
USLD_P;2014;340796051;340011295;MEDCH;1;0;1;
USLD_P;2014;340796051;340011295;N2210;6;3;10.23;
USLD_P;2014;340796051;340011295;N2510;14;3;18.43;
USLD_P;2014;340796051;340011295;NAUT;14;2;13.91;
USLD_P;2014;350000154;350000030;MEDCH;2;;1.5;1
USLD_P;2014;350000154;350000030;N2210;2;5;7.07;1
USLD_P;2014;350000154;350000030;N2410;;1;0.27;1
USLD_P;2014;350000154;350000030;N2460;;1;0.21;1
USLD_P;2014;350000154;350000030;N2510;16;3;18.55;1
USLD_P;2014;350000154;350000030;N3120;;;0.3;
USLD_P;2014;350000154;350000030;NAUT;9;2;10.49;1
USLD_P;2014;350000436;350002317;MEDCH;;1;0.44;0
USLD_P;2014;350000436;350002317;N2210;4;3;6.34;0
USLD_P;2014;350000436;350002317;N2510;11;2;12;0
USLD_P;2014;350000436;350002317;NAUT;4;1;4.2;0
USLD_P;2014;350005021;440042844;M1320;;1;0.8;
USLD_P;2014;350005021;440042844;MEDCH;;1;0.8;
USLD_P;2014;350005021;440042844;N2210;3;6;7;
USLD_P;2014;350005021;440042844;N2410;;4;2;
USLD_P;2014;350005021;440042844;N2460;;1;0.5;
USLD_P;2014;350005021;440042844;N2510;24;4;26.8;
USLD_P;2014;350006771;350005179;M1320;1;2;0.79;0
USLD_P;2014;350006771;350005179;MEDCH;1;2;0.79;0
USLD_P;2014;350006771;350005179;N2210;17;9;22.33;0
USLD_P;2014;350006771;350005179;N2410;;2;1.3;0
USLD_P;2014;350006771;350005179;N2510;49;14;57.54;0
USLD_P;2014;350006771;350005179;NAUT;20;4;21.16;0
USLD_P;2014;350013629;350000022;M1320;;3;1.4;1
USLD_P;2014;350013629;350000022;MEDCH;;3;1.4;1
USLD_P;2014;350013629;350000022;N2210;15;2;16.3;0
USLD_P;2014;350013629;350000022;N2510;30;4;32.5;0
USLD_P;2014;350013629;350000022;NAUT;14;;16.03;0
USLD_P;2014;350016135;350000055;M1320;1;;0.9;0
USLD_P;2014;350016135;350000055;MEDCH;1;;0.9;0
USLD_P;2014;350016135;350000055;N2210;6;4;8.09;0
USLD_P;2014;350016135;350000055;N2410;1;1;0.46;1
USLD_P;2014;350016135;350000055;N2510;17;10;25.54;0
USLD_P;2014;350016135;350000055;NAUT;9;2;7.09;0
USLD_P;2014;350032280;350000246;M1320;2;2;1.3;0
USLD_P;2014;350032280;350000246;MEDCH;2;2;1.3;0
USLD_P;2014;350032280;350000246;N2210;12;16;15.26;0
USLD_P;2014;350032280;350000246;N2510;34;40;38.06;0
USLD_P;2014;350032280;350000246;N3120;;1;0.32;0
USLD_P;2014;350032280;350000246;NAUT;17;19;19.49;0
USLD_P;2014;360000160;360000079;MEDCH;;3;0.58;1
USLD_P;2014;360000160;360000079;N2210;5;1;5.25;1
USLD_P;2014;360000160;360000079;N2460;;1;0.6;0
USLD_P;2014;360000160;360000079;N2510;8;14;13.68;1
USLD_P;2014;360000160;360000079;NAUT;6;41;8.46;1
USLD_P;2014;360000202;360000103;MEDCH;0;1;0.45;0
USLD_P;2014;360000202;360000103;N2210;4;3;4.75;0
USLD_P;2014;360000202;360000103;N2510;11;0;10.7;0
USLD_P;2014;360000202;360000103;NAUT;10;3;9.81;1
USLD_P;2014;360004618;360000046;M1320;;1;0.51;1
USLD_P;2014;360004618;360000046;MEDCH;0;2;0.66;1
USLD_P;2014;360004618;360000046;N2210;9;5;7.35;0
USLD_P;2014;360004618;360000046;N2410;;1;0.25;0
USLD_P;2014;360004618;360000046;N2460;;1;0.25;0
USLD_P;2014;360004618;360000046;N2510;12;8;10.66;0
USLD_P;2014;360004618;360000046;NAUT;7;11;5.8;0
USLD_P;2014;360006688;360000392;M1320;1;0;0.5;1
USLD_P;2014;360006688;360000392;MEDCH;4;1;1.92;1
USLD_P;2014;360006688;360000392;N2210;15;1;15.8;1
USLD_P;2014;360006688;360000392;N2410;;1;0.45;1
USLD_P;2014;360006688;360000392;N2470;2;;1;1
USLD_P;2014;360006688;360000392;N2510;28;2;29.52;1
USLD_P;2014;360006688;360000392;NAUT;94;6;29.76;
USLD_P;2014;370000531;370000606;M1320;1;1;1.04;1
USLD_P;2014;370000531;370000606;MEDCH;1;1;1.04;1
USLD_P;2014;370000531;370000606;N2210;24;1;24.23;0
USLD_P;2014;370000531;370000606;N2410;1;0;0.04;0
USLD_P;2014;370000531;370000606;N2460;0;1;0.45;0
USLD_P;2014;370000531;370000606;N2510;25;3;27.13;0
USLD_P;2014;370000531;370000606;NAUT;46;2;49.87;0
USLD_P;2014;370102659;370013054;MEDCH;;2;0.74;
USLD_P;2014;370102659;370013054;N2210;10;4;12.25;
USLD_P;2014;370102659;370013054;N2460;;1;0.69;
USLD_P;2014;370102659;370013054;N2510;17;1;17.5;
USLD_P;2014;370102659;370013054;NAUT;12;14;20.47;
USLD_P;2014;380000026;380780031;MEDCH;1;;0.81;
USLD_P;2014;380000026;380780031;N2210;7;2;9.02;
USLD_P;2014;380000026;380780031;N2410;;;0.2;
USLD_P;2014;380000026;380780031;N2460;;;0.35;
USLD_P;2014;380000026;380780031;N2510;7;1;9.47;
USLD_P;2014;380000026;380780031;N3120;;;0.02;
USLD_P;2014;380000026;380780031;NAUT;6;5;9.31;
USLD_P;2014;380000075;380780098;MEDCH;1;;1.06;1
USLD_P;2014;380000075;380780098;N2210;14;3;13.27;1
USLD_P;2014;380000075;380780098;N2510;19;4;17.4;0
USLD_P;2014;380000075;380780098;NAUT;8;4;11.49;1
USLD_P;2014;380000109;380780213;M1320;1;;1;1
USLD_P;2014;380000109;380780213;MEDCH;1;3;1.88;1
USLD_P;2014;380000109;380780213;N2210;11;5;12.53;
USLD_P;2014;380000109;380780213;N2410;1;;0.83;
USLD_P;2014;380000109;380780213;N2510;25;7;29.62;
USLD_P;2014;380000109;380780213;N3120;;1;0.5;
USLD_P;2014;380000109;380780213;NAUT;17;11;25.76;
USLD_P;2014;380000356;380782698;M1320;;1;0.2;1
USLD_P;2014;380000356;380782698;MEDCH;;4;1.31;1
USLD_P;2014;380000356;380782698;N2210;8;8;17.19;0
USLD_P;2014;380000356;380782698;N2410;;;0.56;0
USLD_P;2014;380000356;380782698;N2460;;1;0.4;0
USLD_P;2014;380000356;380782698;N2510;18;11;27.4;0
USLD_P;2014;380000356;380782698;NAUT;17;38;36.43;1
USLD_P;2014;380006288;380780080;MEDCH;2;1;2;0
USLD_P;2014;380006288;380780080;N2210;20;7;24.64;
USLD_P;2014;380006288;380780080;N2510;44;19;58.18;
USLD_P;2014;380006288;380780080;NAUT;22;10;30.24;
USLD_P;2014;380785840;380780049;M1320;2;2;1.06;1
USLD_P;2014;380785840;380780049;MEDCH;2;2;1.06;1
USLD_P;2014;380785840;380780049;N2210;3;4;6.1;
USLD_P;2014;380785840;380780049;N2460;;1;0.56;
USLD_P;2014;380785840;380780049;N2510;2;;2.58;
USLD_P;2014;380785840;380780049;NAUT;1;1;2.47;
USLD_P;2014;380798520;380780049;M1320;2;2;1.96;1
USLD_P;2014;380798520;380780049;MEDCH;1;1;1.68;1
USLD_P;2014;380798520;380780049;N2210;9;9;15.15;
USLD_P;2014;380798520;380780049;N2410;;;0.32;
USLD_P;2014;380798520;380780049;N2460;1;;0.23;
USLD_P;2014;380798520;380780049;N2510;16;6;21.51;
USLD_P;2014;380798520;380780049;NAUT;17;18;33.42;
USLD_P;2014;380802512;380793265;M1320;1;1;0.85;1
USLD_P;2014;380802512;380793265;MEDCH;1;1;0.85;1
USLD_P;2014;380802512;380793265;N2210;8;2;8.69;1
USLD_P;2014;380802512;380793265;N2410;0;5;1.26;1
USLD_P;2014;380802512;380793265;N2460;0;0;0;1
USLD_P;2014;380802512;380793265;N2470;0;0;0;1
USLD_P;2014;380802512;380793265;N2510;8;8;14.71;1
USLD_P;2014;380802512;380793265;N3120;0;0;0;1
USLD_P;2014;380802512;380793265;NAUT;13;16;13.68;1
USLD_P;2014;380802702;380780080;MEDCH;;1;0.7;0
USLD_P;2014;380802702;380780080;N2210;6;0;7.39;
USLD_P;2014;380802702;380780080;N2410;0;1;0.42;
USLD_P;2014;380802702;380780080;N2460;1;0;0.25;
USLD_P;2014;380802702;380780080;N2510;15;2;15.39;
USLD_P;2014;380802702;380780080;N3120;0;0;0.15;
USLD_P;2014;380802702;380780080;NAUT;5;1;5.79;
USLD_P;2014;380802728;380784751;MEDCH;1;1;0.23;1
USLD_P;2014;380802728;380784751;N2210;10;6;8.6;1
USLD_P;2014;380802728;380784751;N2460;1;;0.2;1
USLD_P;2014;380802728;380784751;N2470;1;;0.08;1
USLD_P;2014;380802728;380784751;N2510;34;15;10.84;1
USLD_P;2014;380802728;380784751;NAUT;19;7;5.75;1
USLD_P;2014;390000040;390780146;M1320;1;;0.5;1
USLD_P;2014;390000040;390780146;MEDCH;0;3;0.64;1
USLD_P;2014;390000040;390780146;N2210;6;12;9.34;1
USLD_P;2014;390000040;390780146;N2410;;1;0.5;1
USLD_P;2014;390000040;390780146;N2460;;1;0.16;1
USLD_P;2014;390000040;390780146;N2470;;;;1
USLD_P;2014;390000040;390780146;N2510;17;11;20.71;1
USLD_P;2014;390000040;390780146;N3120;;1;0.1;1
USLD_P;2014;390000040;390780146;NAUT;11;12;16.06;1
USLD_P;2014;390000065;390780161;MEDCH;;2;1;1
USLD_P;2014;390000065;390780161;N2210;5;2;6.79;1
USLD_P;2014;390000065;390780161;N2410;;1;0.3;1
USLD_P;2014;390000065;390780161;N2460;;1;1;1
USLD_P;2014;390000065;390780161;N2510;15;4;14.25;1
USLD_P;2014;390000065;390780161;NAUT;4;11;7.31;1
USLD_P;2014;390000214;390780591;MEDCH;1;;1;0
USLD_P;2014;390000214;390780591;N2210;6;3;9.02;0
USLD_P;2014;390000214;390780591;N2410;;2;0.4;0
USLD_P;2014;390000214;390780591;N2510;5;6;9.83;0
USLD_P;2014;390000214;390780591;N3120;;1;0.13;0
USLD_P;2014;390000214;390780591;NAUT;5;8;8.31;0
USLD_P;2014;390784833;390780609;M1320;1;;0.6;1
USLD_P;2014;390784833;390780609;MEDCH;1;;0.6;1
USLD_P;2014;390784833;390780609;N2210;3;2;5.86;0
USLD_P;2014;390784833;390780609;N2410;;;0.53;0
USLD_P;2014;390784833;390780609;N2460;;;0.44;0
USLD_P;2014;390784833;390780609;N2510;13;2;14.53;0
USLD_P;2014;390784833;390780609;NAUT;3;2;5.55;0
USLD_P;2014;400000147;400780268;M1320;2;0;1;1
USLD_P;2014;400000147;400780268;MEDCH;2;;1;1
USLD_P;2014;400000147;400780268;N2210;5;1;5.5;0
USLD_P;2014;400000147;400780268;N2460;0;1;0.35;1
USLD_P;2014;400000147;400780268;N2470;1;0;0.5;1
USLD_P;2014;400000147;400780268;N2510;13;1;13.8;0
USLD_P;2014;400000147;400780268;N3120;1;;0.25;1
USLD_P;2014;400000261;400780458;M1320;1;2;2.55;0
USLD_P;2014;400000261;400780458;MEDCH;1;3;2.9;0
USLD_P;2014;400000261;400780458;N2210;14;9;21.5;0
USLD_P;2014;400000261;400780458;N2410;;1;1.35;0
USLD_P;2014;400000261;400780458;N2460;;2;0.59;0
USLD_P;2014;400000261;400780458;N2470;;1;0.4;0
USLD_P;2014;400000261;400780458;N2510;49;18;68.73;0
USLD_P;2014;400000261;400780458;N3120;1;;0.5;0
USLD_P;2014;400000261;400780458;NAUT;44;14;41.49;0
USLD_P;2014;400006607;400790663;MEDCH;;2;1.2;0
USLD_P;2014;400006607;400790663;N2210;7;2;8.6;0
USLD_P;2014;400006607;400790663;N2460;1;;1;0
USLD_P;2014;400006607;400790663;N2510;4;2;5.6;0
USLD_P;2014;400006607;400790663;NAUT;9;1;9.5;0
USLD_P;2014;400780250;400011177;MEDCH;2;;1.47;
USLD_P;2014;400780250;400011177;N2210;17;1;16.97;0
USLD_P;2014;400780250;400011177;N2510;35;4;37.12;0
USLD_P;2014;400780250;400011177;NAUT;18;1;19.18;0
USLD_P;2014;400781043;400780193;M1320;;6;0.97;0
USLD_P;2014;400781043;400780193;MEDCH;;6;0.97;0
USLD_P;2014;400781043;400780193;N2210;14;4;17.84;1
USLD_P;2014;400781043;400780193;N2410;1;4;1.43;1
USLD_P;2014;400781043;400780193;N2510;72;6;72.3;1
USLD_P;2014;400781043;400780193;NAUT;21;11;27.97;1
USLD_P;2014;410000020;410000087;M1320;2;0;2;0
USLD_P;2014;410000020;410000087;MEDCH;2;2;3.03;0
USLD_P;2014;410000020;410000087;N2210;19;6;23.73;0
USLD_P;2014;410000020;410000087;N2410;0;1;0.23;0
USLD_P;2014;410000020;410000087;N2460;1;0;1;0
USLD_P;2014;410000020;410000087;N2510;31;7;39.45;0
USLD_P;2014;410000020;410000087;NAUT;24;0;24.25;0
USLD_P;2014;410000046;410000103;M1320;2;;1.5;0
USLD_P;2014;410000046;410000103;MEDCH;2;;1.5;1
USLD_P;2014;410000046;410000103;N2210;12;4;13.76;1
USLD_P;2014;410000046;410000103;N2510;23;;24.04;1
USLD_P;2014;410000046;410000103;N3120;;1;0.2;1
USLD_P;2014;410000046;410000103;NAUT;9;12;12.98;1
USLD_P;2014;420000234;420780652;M1320;2;1;2.5;1
USLD_P;2014;420000234;420780652;MEDCH;2;1;2.5;1
USLD_P;2014;420000234;420780652;N2210;13;17;21.61;1
USLD_P;2014;420000234;420780652;N2410;;1;0.5;1
USLD_P;2014;420000234;420780652;N2460;;;;1
USLD_P;2014;420000234;420780652;N2470;;;;1
USLD_P;2014;420000234;420780652;N2510;50;42;68.57;1
USLD_P;2014;420000234;420780652;N3120;2;;2;1
USLD_P;2014;420000234;420780652;NAUT;11;19;19.95;1
USLD_P;2014;420000275;420780694;MEDCH;2;;1;1
USLD_P;2014;420000275;420780694;N2210;4;;3.33;1
USLD_P;2014;420000275;420780694;N2410;;1;0.22;1
USLD_P;2014;420000275;420780694;N2460;1;;0.5;1
USLD_P;2014;420000275;420780694;N2510;4;;4;1
USLD_P;2014;420000275;420780694;N3120;;1;0.6;1
USLD_P;2014;420780546;420000168;M1320;0;3;1.2;1
USLD_P;2014;420780546;420000168;MEDCH;0;3;1.2;1
USLD_P;2014;420780546;420000168;N2210;7;0;5.53;1
USLD_P;2014;420780546;420000168;N2410;0;1;0.43;1
USLD_P;2014;420780546;420000168;N2460;0;1;0.3;1
USLD_P;2014;420780546;420000168;N2510;10;0;10;1
USLD_P;2014;420780546;420000168;NAUT;9;6;5.08;1
USLD_P;2014;420782559;420784878;MEDCH;2;2;0.95;
USLD_P;2014;420782567;420784878;MEDCH;6;;1.25;
USLD_P;2014;420782567;420784878;N2210;23;4;24.41;0
USLD_P;2014;420782567;420784878;N2460;0;1;0.5;0
USLD_P;2014;420782567;420784878;N2510;37;6;39.09;0
USLD_P;2014;420782567;420784878;N3120;2;1;0.65;0
USLD_P;2014;420782567;420784878;NAUT;20;14;19.56;0
USLD_P;2014;420784845;420780033;M1320;2;1;1.5;1
USLD_P;2014;420784845;420780033;MEDCH;3;1;1.63;1
USLD_P;2014;420784845;420780033;N2210;21;8;25.76;0
USLD_P;2014;420784845;420780033;N2410;1;0;0.35;0
USLD_P;2014;420784845;420780033;N2460;1;0;0.2;0
USLD_P;2014;420784845;420780033;N2510;62;9;67.57;0
USLD_P;2014;420784845;420780033;NAUT;26;7;28.13;0
USLD_P;2014;420789067;420780710;M1320;2;;0.6;1
USLD_P;2014;420789067;420780710;MEDCH;2;3;0.81;1
USLD_P;2014;420789067;420780710;N2210;9;5;9.81;1
USLD_P;2014;420789067;420780710;N2410;;3;0.1;1
USLD_P;2014;420789067;420780710;N2460;;1;0.08;1
USLD_P;2014;420789067;420780710;N2470;;1;0.1;1
USLD_P;2014;420789067;420780710;N2510;30;5;25.82;1
USLD_P;2014;420789067;420780710;N3120;;1;0.01;1
USLD_P;2014;420789067;420780710;NAUT;9;6;8.64;1
USLD_P;2014;430000117;430000018;M1320;0;2;0.7;1
USLD_P;2014;430000117;430000018;MEDCH;0;2;0.7;1
USLD_P;2014;430000117;430000018;N2210;0;13;8.35;1
USLD_P;2014;430000117;430000018;N2410;0;0;0;1
USLD_P;2014;430000117;430000018;N2460;0;1;0.33;1
USLD_P;2014;430000117;430000018;N2470;0;1;0.5;1
USLD_P;2014;430000117;430000018;N2510;0;42;29.9;1
USLD_P;2014;430000117;430000018;N3120;1;0;1;1
USLD_P;2014;430000117;430000018;NAUT;1;23;12.04;1
USLD_P;2014;430000190;430000034;N2210;3;6;5.82;
USLD_P;2014;430000190;430000034;N2410;1;;1;
USLD_P;2014;430000190;430000034;N2510;7;4;11.85;
USLD_P;2014;430000190;430000034;NAUT;8;2;12.25;
USLD_P;2014;430000307;430000067;MEDCH;;1;0.55;0
USLD_P;2014;430000307;430000067;N2210;4;3;6.4;0
USLD_P;2014;430000307;430000067;N2410;1;;1;0
USLD_P;2014;430000307;430000067;N2510;10;2;10.93;0
USLD_P;2014;430000307;430000067;NAUT;5;6;11.28;0
USLD_P;2014;430000356;430000091;MEDCH;;1;0.02;
USLD_P;2014;430000356;430000091;N2210;2;3;4.5;
USLD_P;2014;430000356;430000091;N2510;7;7;12.49;
USLD_P;2014;430000356;430000091;NAUT;5;4;8.37;
USLD_P;2014;430007419;630786754;MEDCH;;1;0.3;1
USLD_P;2014;430007419;630786754;N2210;6;2;8.39;0
USLD_P;2014;430007419;630786754;N2510;14;4;17.7;0
USLD_P;2014;440000016;440000057;MEDCH;1;;0.5;
USLD_P;2014;440000016;440000057;N2210;8;3;10.77;
USLD_P;2014;440000016;440000057;N2410;1;;0.37;
USLD_P;2014;440000016;440000057;N2460;;3;1.5;
USLD_P;2014;440000016;440000057;N2470;;1;0.5;
USLD_P;2014;440000016;440000057;N2510;30;11;37.8;
USLD_P;2014;440000016;440000057;N3120;;1;0.2;
USLD_P;2014;440000016;440000057;NAUT;13;6;16.01;
USLD_P;2014;440000180;440000263;M1320;1;0;0.45;1
USLD_P;2014;440000180;440000263;MEDCH;1;0;0.45;1
USLD_P;2014;440000180;440000263;N2210;8;1;4.15;1
USLD_P;2014;440000180;440000263;N2410;0;1;0.1;1
USLD_P;2014;440000180;440000263;N2460;0;1;0.15;0
USLD_P;2014;440000180;440000263;N2510;28;10;13.1;1
USLD_P;2014;440000180;440000263;NAUT;11;6;5.64;1
USLD_P;2014;440000503;440000313;M1320;1;;0.3;1
USLD_P;2014;440000503;440000313;MEDCH;1;;0.3;1
USLD_P;2014;440000503;440000313;N2210;5;;5.28;
USLD_P;2014;440000503;440000313;N2510;10;6;14.14;
USLD_P;2014;440000503;440000313;NAUT;6;1;7.5;
USLD_P;2014;440000552;440042141;MEDCH;;3;0.4;
USLD_P;2014;440000552;440042141;N2210;5;5;8.24;
USLD_P;2014;440000552;440042141;N2410;;1;0.25;
USLD_P;2014;440000552;440042141;N2510;4;4;8.31;
USLD_P;2014;440000552;440042141;N3120;;1;0.33;
USLD_P;2014;440000552;440042141;NAUT;3;5;8.54;
USLD_P;2014;440000644;440000347;M1320;;1;0.6;0
USLD_P;2014;440000644;440000347;MEDCH;;1;0.6;0
USLD_P;2014;440000644;440000347;N2210;2;3;4.95;0
USLD_P;2014;440000644;440000347;N2410;;1;0.32;1
USLD_P;2014;440000644;440000347;N2460;;1;0.5;0
USLD_P;2014;440000644;440000347;N2510;6;8;11.4;0
USLD_P;2014;440000644;440000347;NAUT;10;7;8.71;1
USLD_P;2014;440000883;440042141;MEDCH;;1;0.3;0
USLD_P;2014;440000883;440042141;N2210;2;8;8.88;1
USLD_P;2014;440000883;440042141;N2410;;2;0.44;1
USLD_P;2014;440000883;440042141;N2510;6;8;12.82;1
USLD_P;2014;440000883;440042141;N3120;;1;0.35;1
USLD_P;2014;440000883;440042141;NAUT;;6;5.2;1
USLD_P;2014;440001253;440028538;M1320;1;;0.3;
USLD_P;2014;440001253;440028538;MEDCH;2;;0.55;
USLD_P;2014;440001253;440028538;N2210;4;5;8.37;
USLD_P;2014;440001253;440028538;N2410;;1;0.5;
USLD_P;2014;440001253;440028538;N2470;1;1;0.9;
USLD_P;2014;440001253;440028538;N2510;14;2;15.5;
USLD_P;2014;440001253;440028538;N3120;;1;0.02;
USLD_P;2014;440001253;440028538;NAUT;7;5;10.17;
USLD_P;2014;440001295;440000859;MEDCH;;2;0.4;0
USLD_P;2014;440001295;440000859;N2210;5;3;6.95;0
USLD_P;2014;440001295;440000859;N2410;;1;0.7;1
USLD_P;2014;440001295;440000859;N2460;;1;0.47;1
USLD_P;2014;440001295;440000859;N2510;17;3;17.42;0
USLD_P;2014;440001295;440000859;NAUT;7;5;11.1;1
USLD_P;2014;440001964;440003267;MEDCH;;2;0.67;0
USLD_P;2014;440001964;440003267;N2210;11;6;6.13;1
USLD_P;2014;440001964;440003267;N2470;1;1;0.45;1
USLD_P;2014;440001964;440003267;N2510;8;8;14.16;0
USLD_P;2014;440001964;440003267;NAUT;1;3;0.5;1
USLD_P;2014;440002939;440001758;M1320;;;0.4;1
USLD_P;2014;440002939;440001758;MEDCH;;2;0.65;1
USLD_P;2014;440002939;440001758;N2210;;7;4.97;1
USLD_P;2014;440002939;440001758;N2410;;2;0.42;1
USLD_P;2014;440002939;440001758;N2510;;24;14.71;1
USLD_P;2014;440002939;440001758;NAUT;;24;10.47;1
USLD_P;2014;440021202;850009010;MEDCH;1;1;0.35;1
USLD_P;2014;440021202;850009010;N2210;4;4;3.67;1
USLD_P;2014;440021202;850009010;N2410;;2;0.34;1
USLD_P;2014;440021202;850009010;N2510;10;7;12.69;1
USLD_P;2014;440021202;850009010;NAUT;9;5;8.27;1
USLD_P;2014;440021285;440000297;M1320;1;;0.02;
USLD_P;2014;440021285;440000297;MEDCH;2;;0.06;
USLD_P;2014;440021285;440000297;N2210;4;3;6.97;
USLD_P;2014;440021285;440000297;N2410;;1;0.2;
USLD_P;2014;440021285;440000297;N2460;;1;0.06;
USLD_P;2014;440021285;440000297;N2510;12;7;17.59;
USLD_P;2014;440021285;440000297;NAUT;;6;2.64;
USLD_P;2014;440032399;440041531;M1320;;;;1
USLD_P;2014;440032399;440041531;MEDCH;1;;0.3;1
USLD_P;2014;440032399;440041531;N2210;4;3;5.98;1
USLD_P;2014;440032399;440041531;N2410;;;0.85;1
USLD_P;2014;440032399;440041531;N2510;8;8;12.39;1
USLD_P;2014;440032399;440041531;NAUT;4;;4.3;1
USLD_P;2014;440050458;440000289;N2210;3;1;3.91;
USLD_P;2014;440050458;440000289;N2510;10;4;12.31;
USLD_P;2014;440050458;440000289;NAUT;1;0;1;
USLD_P;2014;440050466;440000289;MEDCH;2;;1;0
USLD_P;2014;440050466;440000289;N2210;32;4;25.41;0
USLD_P;2014;440050466;440000289;N2410;1;3;2.3;0
USLD_P;2014;440050466;440000289;N2510;81;23;73.81;0
USLD_P;2014;440050466;440000289;N3120;0;0;0.9;0
USLD_P;2014;440050466;440000289;NAUT;17;9;14.91;0
USLD_P;2014;450000062;450000104;M1320;;2;0.51;1
USLD_P;2014;450000062;450000104;MEDCH;;2;0.51;1
USLD_P;2014;450000062;450000104;N2210;5;3;6.03;0
USLD_P;2014;450000062;450000104;N2460;;1;0.6;0
USLD_P;2014;450000062;450000104;N2470;;;;1
USLD_P;2014;450000062;450000104;N2510;21;1;17.62;
USLD_P;2014;450000062;450000104;N3120;;1;0.12;
USLD_P;2014;450000062;450000104;NAUT;13;10;21.67;0
USLD_P;2014;450000070;450000112;MEDCH;4;;1.79;1
USLD_P;2014;450000070;450000112;N2210;5;1;5.13;1
USLD_P;2014;450000070;450000112;N2410;1;;1;1
USLD_P;2014;450000070;450000112;N2510;20;2;20.89;1
USLD_P;2014;450000070;450000112;NAUT;7;3;7.83;1
USLD_P;2014;450000336;450000179;M1320;;;;1
USLD_P;2014;450000336;450000179;MEDCH;1;;1;
USLD_P;2014;450000336;450000179;N2210;6;;6;1
USLD_P;2014;450000336;450000179;N2410;1;;0.5;1
USLD_P;2014;450000336;450000179;N2460;1;;0.5;1
USLD_P;2014;450000336;450000179;N2470;1;;0.5;1
USLD_P;2014;450000336;450000179;N2510;14;;14;1
USLD_P;2014;450000336;450000179;N3120;1;;0.16;1
USLD_P;2014;450010442;450000088;MEDCH;5;2;2.83;1
USLD_P;2014;450010442;450000088;N2210;37;7;34.4;1
USLD_P;2014;450010442;450000088;N2410;0;1;0.35;1
USLD_P;2014;450010442;450000088;N2460;1;0;0.49;1
USLD_P;2014;450010442;450000088;N2470;2;0;1;1
USLD_P;2014;450010442;450000088;N2510;84;14;58.3;1
USLD_P;2014;450010442;450000088;N3120;0;0;0;1
USLD_P;2014;450010442;450000088;NAUT;96;26;53.58;1
USLD_P;2014;450010475;450000088;MEDCH;0;0;0.23;1
USLD_P;2014;450010475;450000088;N2210;0;0;2.06;
USLD_P;2014;450010475;450000088;N2510;0;0;2.75;
USLD_P;2014;450010475;450000088;NAUT;0;0;3.12;
USLD_P;2014;450019799;450000104;M1320;;3;0.6;1
USLD_P;2014;450019799;450000104;MEDCH;;3;0.6;1
USLD_P;2014;450019799;450000104;N2210;5;3;6.41;1
USLD_P;2014;450019799;450000104;N2460;1;;0.4;0
USLD_P;2014;450019799;450000104;N2510;12;;11.7;1
USLD_P;2014;450019799;450000104;N3120;;1;0.12;1
USLD_P;2014;450019799;450000104;NAUT;10;12;11.86;1
USLD_P;2014;460000052;460780091;MEDCH;1;1;0.99;0
USLD_P;2014;460000052;460780091;N2210;3;2;4.84;0
USLD_P;2014;460000052;460780091;N2410;1;;0.93;0
USLD_P;2014;460000052;460780091;N2510;24;3;25.89;0
USLD_P;2014;460000052;460780091;N3120;1;;0.25;0
USLD_P;2014;460000052;460780091;NAUT;7;1;8.7;0
USLD_P;2014;460785595;460780216;MEDCH;1;0;1;0
USLD_P;2014;460785595;460780216;N2210;8;5;11.63;0
USLD_P;2014;460785595;460780216;N2410;1;0;0.2;0
USLD_P;2014;460785595;460780216;N2460;0;0;0.13;0
USLD_P;2014;460785595;460780216;N2510;25;4;28.08;0
USLD_P;2014;460785595;460780216;NAUT;10;2;11.29;0
USLD_P;2014;470000571;470000407;MEDCH;;1;0.42;
USLD_P;2014;470000571;470000407;N2210;11;2;12.93;
USLD_P;2014;470000571;470000407;N2410;1;;1;
USLD_P;2014;470000571;470000407;N2460;;1;0.2;
USLD_P;2014;470000571;470000407;N2470;;1;0.4;
USLD_P;2014;470000571;470000407;N2510;22;5;28.88;
USLD_P;2014;470000571;470000407;NAUT;15;2;18.12;
USLD_P;2014;470008780;470000316;M1320;0;1;0.47;1
USLD_P;2014;470008780;470000316;MEDCH;0;1;0.47;1
USLD_P;2014;470008780;470000316;N2210;5;1;5.49;0
USLD_P;2014;470008780;470000316;N2470;1;0;1;
USLD_P;2014;470008780;470000316;N2510;11;2;11.8;0
USLD_P;2014;470008780;470000316;N3120;0;1;0.05;1
USLD_P;2014;470008780;470000316;NAUT;20;4;13.94;1
USLD_P;2014;470012931;470001660;M1320;1;;0.45;1
USLD_P;2014;470012931;470001660;MEDCH;1;;0.45;1
USLD_P;2014;470012931;470001660;N2210;6;;6;0
USLD_P;2014;470012931;470001660;N2470;;1;0.86;0
USLD_P;2014;470012931;470001660;N2510;8;2;9.93;0
USLD_P;2014;470012931;470001660;N3120;1;;0.04;0
USLD_P;2014;470012931;470001660;NAUT;8;2;7.17;0
USLD_P;2014;480000017;480780097;M1320;;;;1
USLD_P;2014;480000017;480780097;N2210;5;5;6.79;1
USLD_P;2014;480000017;480780097;N2410;;1;0.25;1
USLD_P;2014;480000017;480780097;N2460;;;;1
USLD_P;2014;480000017;480780097;N2470;;;;1
USLD_P;2014;480000017;480780097;N2510;12;1;13.36;1
USLD_P;2014;480000017;480780097;N3120;;;;1
USLD_P;2014;480000017;480780097;NAUT;3;9;5.72;1
USLD_P;2014;480000041;480780139;MEDCH;;1;0.4;
USLD_P;2014;480000041;480780139;N2210;;11;5.34;1
USLD_P;2014;480000041;480780139;N2410;;1;0.13;0
USLD_P;2014;480000041;480780139;N2460;;1;0.16;0
USLD_P;2014;480000041;480780139;N2510;4;10;7.6;0
USLD_P;2014;480000041;480780139;NAUT;3;5;6.43;1
USLD_P;2014;480000074;480780162;M1320;6;0;6;0
USLD_P;2014;480000074;480780162;MEDCH;0;1;0.1;0
USLD_P;2014;480000074;480780162;N2210;13;2;14.6;0
USLD_P;2014;480000074;480780162;NAUT;15;3;16.57;
USLD_P;2014;490000353;490000411;M1320;1;;0.3;1
USLD_P;2014;490000353;490000411;MEDCH;1;;0.3;1
USLD_P;2014;490000353;490000411;N2210;12;;7.14;1
USLD_P;2014;490000353;490000411;N2460;;1;0.21;1
USLD_P;2014;490000353;490000411;N2510;17;2;14.5;0
USLD_P;2014;490000353;490000411;NAUT;14;3;9.48;0
USLD_P;2014;490000569;440000313;MEDCH;;1;0.25;0
USLD_P;2014;490000569;440000313;N2210;9;1;9.2;0
USLD_P;2014;490000569;440000313;N2410;;;0.35;0
USLD_P;2014;490000569;440000313;N2460;;1;0.15;0
USLD_P;2014;490000569;440000313;N2510;12;9;18.9;0
USLD_P;2014;490000569;440000313;NAUT;2;3;4.89;0
USLD_P;2014;490001831;490007689;M1320;;2;0.4;0
USLD_P;2014;490001831;490007689;MEDCH;;2;0.4;0
USLD_P;2014;490001831;490007689;N2210;8;4;4.95;0
USLD_P;2014;490001831;490007689;N2470;;1;0.25;0
USLD_P;2014;490001831;490007689;N2510;8;2;10.87;0
USLD_P;2014;490001831;490007689;NAUT;;2;0.2;0
USLD_P;2014;490008604;490001070;M1320;;1;0.8;1
USLD_P;2014;490008604;490001070;MEDCH;;1;0.8;1
USLD_P;2014;490008604;490001070;N2210;9;2;9.25;0
USLD_P;2014;490008604;490001070;N2410;1;1;1.48;0
USLD_P;2014;490008604;490001070;N2460;1;;1;0
USLD_P;2014;490008604;490001070;N2510;22;4;25.89;0
USLD_P;2014;490008604;490001070;NAUT;49;24;65.94;0
USLD_P;2014;490531910;490535093;M1320;;2;0.96;0
USLD_P;2014;490531910;490535093;MEDCH;;2;0.96;0
USLD_P;2014;490531910;490535093;N2210;5;13;11.1;0
USLD_P;2014;490531910;490535093;N2460;;1;0.25;0
USLD_P;2014;490531910;490535093;N2470;;1;0.4;0
USLD_P;2014;490531910;490535093;N2510;16;14;26.6;0
USLD_P;2014;490531910;490535093;NAUT;;4;1.1;0
USLD_P;2014;490536224;490000031;MEDCH;1;;1;
USLD_P;2014;490536224;490000031;N2210;9;2;10.58;
USLD_P;2014;490536224;490000031;N2410;0;1;0.7;
USLD_P;2014;490536224;490000031;N2510;14;11;20.3;
USLD_P;2014;490536224;490000031;NAUT;7;1;5.55;
USLD_P;2014;500000021;500000054;M1320;1;1;0.9;1
USLD_P;2014;500000021;500000054;MEDCH;1;1;0.9;
USLD_P;2014;500000021;500000054;N2210;12;4;12.96;1
USLD_P;2014;500000021;500000054;N2410;1;;1;1
USLD_P;2014;500000021;500000054;N2510;24;7;28.65;
USLD_P;2014;500000021;500000054;NAUT;10;;9.57;
USLD_P;2014;500000260;500000054;M1320;;;0.66;1
USLD_P;2014;500000260;500000054;MEDCH;1;;1;1
USLD_P;2014;500000260;500000054;N2210;13;1;12.21;1
USLD_P;2014;500000260;500000054;N2410;2;0;0.92;1
USLD_P;2014;500000260;500000054;N2510;26;6;28.82;1
USLD_P;2014;500000260;500000054;NAUT;13;2;17.78;1
USLD_P;2014;500000450;500000112;M1320;;2;1.2;1
USLD_P;2014;500000450;500000112;MEDCH;;2;1.2;1
USLD_P;2014;500000450;500000112;N2210;7;4;8.54;1
USLD_P;2014;500000450;500000112;N2460;;1;0.28;1
USLD_P;2014;500000450;500000112;N2470;;1;0.29;1
USLD_P;2014;500000450;500000112;N2510;12;3;14.32;1
USLD_P;2014;500000450;500000112;N3120;;1;0.14;1
USLD_P;2014;500000450;500000112;NAUT;7;6;7.51;1
USLD_P;2014;500000591;500000393;MEDCH;1;;1;1
USLD_P;2014;500000591;500000393;N2210;12;;11.57;
USLD_P;2014;500000591;500000393;N2460;0;1;0.4;
USLD_P;2014;500000591;500000393;N2510;24;3;21.02;
USLD_P;2014;500000591;500000393;N3120;0;1;0.22;
USLD_P;2014;500000591;500000393;NAUT;22;8;20.48;
USLD_P;2014;510000169;510000037;M1320;;1;0.5;0
USLD_P;2014;510000169;510000037;MEDCH;0;1;0.5;0
USLD_P;2014;510000169;510000037;N2210;5;3;6.49;0
USLD_P;2014;510000169;510000037;N2510;15;2;16.78;0
USLD_P;2014;510000169;510000037;NAUT;10;2;6.11;0
USLD_P;2014;510000235;510000060;M1320;0;1;0.3;1
USLD_P;2014;510000235;510000060;MEDCH;1;2;0.43;1
USLD_P;2014;510000235;510000060;N2210;5;3;7.56;0
USLD_P;2014;510000235;510000060;N2510;13;3;14.08;0
USLD_P;2014;510000235;510000060;NAUT;12;2;5.6;1
USLD_P;2014;510000466;510000102;M1320;;1;0.4;
USLD_P;2014;510000466;510000102;MEDCH;;1;0.4;0
USLD_P;2014;510000466;510000102;N2210;4;2;6;0
USLD_P;2014;510000466;510000102;N2460;1;;0.25;0
USLD_P;2014;510000466;510000102;N2510;14;1;15.07;0
USLD_P;2014;510000466;510000102;NAUT;8;;7.04;0
USLD_P;2014;510011679;510000029;M1320;0;0;0;1
USLD_P;2014;510011679;510000029;MEDCH;6;1;4.35;1
USLD_P;2014;510011679;510000029;N2210;27;3;28.69;1
USLD_P;2014;510011679;510000029;N2410;0;0;0;1
USLD_P;2014;510011679;510000029;N2460;0;0;0;1
USLD_P;2014;510011679;510000029;N2470;0;0;0;1
USLD_P;2014;510011679;510000029;N2510;85;15;94.72;1
USLD_P;2014;510011679;510000029;N3120;0;0;0;1
USLD_P;2014;510011679;510000029;NAUT;22;1;22.8;1
USLD_P;2014;510024466;510000128;M1320;5;2;6.34;1
USLD_P;2014;510024466;510000128;MEDCH;;1;0.2;1
USLD_P;2014;510024466;510000128;N2210;8;3;10.37;0
USLD_P;2014;510024466;510000128;N2460;;1;0.22;1
USLD_P;2014;510024466;510000128;NAUT;3;3;3.14;0
USLD_P;2014;520000019;520780024;MEDCH;;1;0.51;0
USLD_P;2014;520000019;520780024;N2210;6;1;7.1;0
USLD_P;2014;520000019;520780024;N2460;;1;0.4;1
USLD_P;2014;520000019;520780024;N2510;8;8;12.08;0
USLD_P;2014;520000019;520780024;NAUT;4;3;4.92;1
USLD_P;2014;520000076;520780081;M1320;1;;0.6;
USLD_P;2014;520000076;520780081;MEDCH;1;;0.6;1
USLD_P;2014;520000076;520780081;N2210;9;4;8.3;1
USLD_P;2014;520000076;520780081;N2460;1;0;0.36;1
USLD_P;2014;520000076;520780081;N2510;20;3;17.26;1
USLD_P;2014;520000076;520780081;NAUT;13;3;9.49;1
USLD_P;2014;520782939;520780032;M1320;1;;0.4;1
USLD_P;2014;520782939;520780032;MEDCH;2;2;0.9;1
USLD_P;2014;520782939;520780032;N2210;7;0;8.08;0
USLD_P;2014;520782939;520780032;N2410;0;2;0.44;0
USLD_P;2014;520782939;520780032;N2510;13;8;16.13;0
USLD_P;2014;520782939;520780032;NAUT;6;13;13;
USLD_P;2014;530000132;530007202;MEDCH;;1;0.06;1
USLD_P;2014;530000132;530007202;N2210;1;8;4.68;1
USLD_P;2014;530000132;530007202;N2410;;;0.11;1
USLD_P;2014;530000132;530007202;N2460;;;0.19;1
USLD_P;2014;530000132;530007202;N2510;14;7;15.21;1
USLD_P;2014;530000132;530007202;NAUT;3;4;8.54;1
USLD_P;2014;530000264;530000371;MEDCH;1;0;0.47;1
USLD_P;2014;530000264;530000371;N2210;8;1;8.74;0
USLD_P;2014;530000264;530000371;N2410;2;0;0.34;1
USLD_P;2014;530000264;530000371;N2460;4;;0.14;1
USLD_P;2014;530000264;530000371;N2510;22;4;25.64;0
USLD_P;2014;530000264;530000371;N3120;0;1;0.37;1
USLD_P;2014;530000264;530000371;NAUT;21;5;16.47;0
USLD_P;2014;530031384;530000074;M1320;;1;0.59;0
USLD_P;2014;530031384;530000074;MEDCH;;1;0.59;0
USLD_P;2014;530031384;530000074;N2210;6;7;8.99;1
USLD_P;2014;530031384;530000074;N2460;0;1;0.16;1
USLD_P;2014;530031384;530000074;N2470;0;0;0.09;1
USLD_P;2014;530031384;530000074;N2510;13;11;21.4;1
USLD_P;2014;530031384;530000074;NAUT;12;8;14.6;1
USLD_P;2014;530032788;530000025;MEDCH;1;4;2.16;
USLD_P;2014;530032788;530000025;N2210;;;11.04;1
USLD_P;2014;530032788;530000025;N2410;;;0.64;1
USLD_P;2014;530032788;530000025;N2460;;;0.66;1
USLD_P;2014;530032788;530000025;N2470;;;;1
USLD_P;2014;530032788;530000025;N2510;;;21.28;1
USLD_P;2014;530032788;530000025;N3120;;;;1
USLD_P;2014;530032788;530000025;NAUT;;;;1
USLD_P;2014;540000072;540014081;M1320;;1;0.3;0
USLD_P;2014;540000072;540014081;MEDCH;;3;1.37;0
USLD_P;2014;540000072;540014081;N2210;1;9;6;0
USLD_P;2014;540000072;540014081;N2410;;1;0.05;0
USLD_P;2014;540000072;540014081;N2460;1;;1;0
USLD_P;2014;540000072;540014081;N2510;14;8;19.35;0
USLD_P;2014;540000072;540014081;N3120;;2;0.65;0
USLD_P;2014;540000072;540014081;NAUT;6;15;13.65;0
USLD_P;2014;540000155;540000080;M1320;;1;0.5;0
USLD_P;2014;540000155;540000080;MEDCH;;2;0.65;0
USLD_P;2014;540000155;540000080;N2210;5;2;5.9;0
USLD_P;2014;540000155;540000080;N2410;;1;0.5;0
USLD_P;2014;540000155;540000080;N2510;10;7;14.45;0
USLD_P;2014;540000155;540000080;NAUT;5;5;7.53;0
USLD_P;2014;540000312;540000114;MEDCH;1;0;0.5;0
USLD_P;2014;540000312;540000114;N2210;7;1;7.57;
USLD_P;2014;540000312;540000114;N2510;13;1;16.18;
USLD_P;2014;540000312;540000114;NAUT;8;55;6.96;
USLD_P;2014;540000395;540000122;M1320;;2;1.2;0
USLD_P;2014;540000395;540000122;MEDCH;;4;1.47;0
USLD_P;2014;540000395;540000122;N2210;7;1;7.57;0
USLD_P;2014;540000395;540000122;N2460;1;;1;0
USLD_P;2014;540000395;540000122;N2510;26;;26;0
USLD_P;2014;540000668;540006707;MEDCH;;3;1.3;0
USLD_P;2014;540000668;540006707;N2210;8;1;8.7;0
USLD_P;2014;540000668;540006707;N2410;;1;0.3;0
USLD_P;2014;540000668;540006707;N2460;;1;0.2;0
USLD_P;2014;540000668;540006707;N2510;22;3;24;0
USLD_P;2014;540000668;540006707;NAUT;8;8;12.77;0
USLD_P;2014;540006459;540023264;MEDCH;1;1;1.35;0
USLD_P;2014;540006459;540023264;N2210;3;1;3.97;0
USLD_P;2014;540006459;540023264;N2510;30;3;19.71;0
USLD_P;2014;540006459;540023264;NAUT;10;3;8.07;0
USLD_P;2014;540006665;540019007;MEDCH;0;1;0.47;1
USLD_P;2014;540006665;540019007;N2210;7;2;8.08;1
USLD_P;2014;540006665;540019007;N2410;0;1;0.38;0
USLD_P;2014;540006665;540019007;N2460;1;0;1;0
USLD_P;2014;540006665;540019007;N2510;9;0;12.23;1
USLD_P;2014;540006665;540019007;N3120;0;1;0.18;1
USLD_P;2014;540006665;540019007;NAUT;5;2;5.83;1
USLD_P;2014;540008364;540000049;M1320;3;0;1;1
USLD_P;2014;540008364;540000049;MEDCH;4;0;1.2;1
USLD_P;2014;540008364;540000049;N2210;12;4;15.21;0
USLD_P;2014;540008364;540000049;N2410;1;0;0.2;0
USLD_P;2014;540008364;540000049;N2510;6;5;10.03;0
USLD_P;2014;540008364;540000049;NAUT;3;6;6.32;0
USLD_P;2014;540009859;570010181;M1320;;1;0.12;1
USLD_P;2014;540009859;570010181;MEDCH;;3;0.34;1
USLD_P;2014;540009859;570010181;N2210;;10;4.79;1
USLD_P;2014;540009859;570010181;N2410;;;;1
USLD_P;2014;540009859;570010181;N2460;;;;1
USLD_P;2014;540009859;570010181;N2470;;;;1
USLD_P;2014;540009859;570010181;N2510;;15;8.41;1
USLD_P;2014;540009859;570010181;N3120;;;;1
USLD_P;2014;540009859;570010181;NAUT;;34;10.34;1
USLD_P;2014;540013232;540023264;MEDCH;1;0;0.62;0
USLD_P;2014;540013232;540023264;N2210;15;2;11.18;0
USLD_P;2014;540013232;540023264;N2470;1;0;0.49;0
USLD_P;2014;540013232;540023264;N2510;38;16;39.32;0
USLD_P;2014;540013232;540023264;NAUT;18;10;16.35;0
USLD_P;2014;550000038;550000046;MEDCH;;1;0.6;0
USLD_P;2014;550000038;550000046;N2210;7;;6.23;0
USLD_P;2014;550000038;550000046;N2410;;1;0.25;0
USLD_P;2014;550000038;550000046;N2460;;1;0.2;0
USLD_P;2014;550000038;550000046;N2510;9;2;10.32;0
USLD_P;2014;550000251;550000095;MEDCH;2;3;0.52;0
USLD_P;2014;550000251;550000095;N2210;9;;8.6;0
USLD_P;2014;550000251;550000095;N2410;;1;0.07;0
USLD_P;2014;550000251;550000095;N2460;;3;0.3;0
USLD_P;2014;550000251;550000095;N2510;14;;13.1;0
USLD_P;2014;550000251;550000095;N3120;;1;0.1;0
USLD_P;2014;550000251;550000095;NAUT;;7;9.35;0
USLD_P;2014;550000434;550003354;M1320;1;;1;1
USLD_P;2014;550000434;550003354;MEDCH;1;;1;1
USLD_P;2014;550000434;550003354;N2210;8;;7.7;1
USLD_P;2014;550000434;550003354;N2410;;;;1
USLD_P;2014;550000434;550003354;N2460;;1;0.25;1
USLD_P;2014;550000434;550003354;N2470;;;;1
USLD_P;2014;550000434;550003354;N2510;10;2;9.57;1
USLD_P;2014;550000434;550003354;N3120;;1;0.15;1
USLD_P;2014;550000434;550003354;NAUT;5;10;9.45;1
USLD_P;2014;550003370;550006795;M1320;1;;0.4;1
USLD_P;2014;550003370;550006795;MEDCH;1;;0.4;1
USLD_P;2014;550003370;550006795;N2210;9;;8.51;0
USLD_P;2014;550003370;550006795;N2460;2;;0.3;
USLD_P;2014;550003370;550006795;N2510;27;3;28.77;0
USLD_P;2014;550003370;550006795;N3120;1;;0.1;
USLD_P;2014;550003370;550006795;NAUT;9;5;2.8;
USLD_P;2014;560000127;560023210;M1320;1;1;0.64;
USLD_P;2014;560000127;560023210;MEDCH;1;1;0.64;
USLD_P;2014;560000127;560023210;N2210;16;6;10.87;1
USLD_P;2014;560000127;560023210;N2410;1;1;0.38;1
USLD_P;2014;560000127;560023210;N2460;1;1;1.03;1
USLD_P;2014;560000127;560023210;N2470;1;1;0.28;1
USLD_P;2014;560000127;560023210;N2510;28;10;29;1
USLD_P;2014;560000127;560023210;N3120;0;1;0.1;1
USLD_P;2014;560000127;560023210;NAUT;29;4;11.35;1
USLD_P;2014;560000192;560000044;M1320;;1;0.5;0
USLD_P;2014;560000192;560000044;MEDCH;1;1;0.6;0
USLD_P;2014;560000192;560000044;N2210;9;2;2.13;0
USLD_P;2014;560000192;560000044;N2410;;1;0.16;1
USLD_P;2014;560000192;560000044;N2460;;1;0.17;1
USLD_P;2014;560000192;560000044;N2510;15;5;17.04;0
USLD_P;2014;560000192;560000044;NAUT;10;2;5.34;1
USLD_P;2014;560000200;560023210;M1320;3;;0.56;1
USLD_P;2014;560000200;560023210;MEDCH;3;;0.56;1
USLD_P;2014;560000200;560023210;N2210;8;3;5.24;1
USLD_P;2014;560000200;560023210;N2410;0;0;0;1
USLD_P;2014;560000200;560023210;N2460;0;1;0.05;1
USLD_P;2014;560000200;560023210;N2470;0;0;0;1
USLD_P;2014;560000200;560023210;N2510;19;4;13.54;1
USLD_P;2014;560000200;560023210;N3120;1;0;0.1;1
USLD_P;2014;560000200;560023210;NAUT;15;2;4.09;1
USLD_P;2014;560000275;560005746;M1320;1;;0.45;1
USLD_P;2014;560000275;560005746;MEDCH;1;1;0.73;1
USLD_P;2014;560000275;560005746;N2210;8;5;7.39;
USLD_P;2014;560000275;560005746;N2460;1;;0.12;
USLD_P;2014;560000275;560005746;N2510;29;4;10.37;
USLD_P;2014;560000275;560005746;NAUT;20;8;6.94;
USLD_P;2014;560000291;560000085;M1320;1;;0.25;1
USLD_P;2014;560000291;560000085;MEDCH;1;;0.25;1
USLD_P;2014;560000291;560000085;N2210;3;1;3.29;1
USLD_P;2014;560000291;560000085;N2410;;1;0.15;1
USLD_P;2014;560000291;560000085;N2460;1;;0.1;1
USLD_P;2014;560000291;560000085;N2510;7;;7.03;0
USLD_P;2014;560000291;560000085;NAUT;6;;3.8;1
USLD_P;2014;560000408;560002065;M1320;;1;0.2;
USLD_P;2014;560000408;560002065;MEDCH;;1;0.2;
USLD_P;2014;560000408;560002065;N2210;4;3;5.05;
USLD_P;2014;560000408;560002065;N2410;1;;0.1;
USLD_P;2014;560000408;560002065;N2460;1;;0.3;
USLD_P;2014;560000408;560002065;N2510;9;5;10.9;
USLD_P;2014;560000408;560002065;NAUT;11;3;8.6;
USLD_P;2014;560003980;560005746;M1320;2;2;0.97;1
USLD_P;2014;560003980;560005746;MEDCH;2;4;1.3;1
USLD_P;2014;560003980;560005746;N2210;25;4;16.41;
USLD_P;2014;560003980;560005746;N2410;1;;0.57;
USLD_P;2014;560003980;560005746;N2460;1;;0.31;
USLD_P;2014;560003980;560005746;N2510;66;16;21.95;
USLD_P;2014;560003980;560005746;NAUT;54;10;14.98;
USLD_P;2014;560010092;560002032;N2210;12;2;10.68;1
USLD_P;2014;560010092;560002032;N2470;1;;0.85;1
USLD_P;2014;560010092;560002032;N2510;24;4;24.22;1
USLD_P;2014;560010092;560002032;NAUT;21;4;16.11;1
USLD_P;2014;560012122;560002677;M1320;1;;1;0
USLD_P;2014;560012122;560002677;MEDCH;2;;1.2;0
USLD_P;2014;560012122;560002677;N2210;6;4;9.45;0
USLD_P;2014;560012122;560002677;N2410;;1;0.3;0
USLD_P;2014;560012122;560002677;N2460;1;;1;1
USLD_P;2014;560012122;560002677;N2470;1;;1;1
USLD_P;2014;560012122;560002677;N2510;19;2;18.75;0
USLD_P;2014;560012122;560002677;NAUT;8;2;9.7;0
USLD_P;2014;560014219;560014748;MEDCH;;;0.14;
USLD_P;2014;560014219;560014748;N2210;;;8.35;
USLD_P;2014;560014219;560014748;N2510;;;7.07;
USLD_P;2014;560014219;560014748;NAUT;;;1;
USLD_P;2014;560015422;560002214;N2210;12;2;6.88;
USLD_P;2014;560015422;560002214;N2470;;1;0.49;
USLD_P;2014;560015422;560002214;N2510;21;4;14.27;
USLD_P;2014;570000125;570015099;M1320;1;;0.75;0
USLD_P;2014;570000125;570015099;MEDCH;1;;0.75;0
USLD_P;2014;570000125;570015099;N2210;8;;8;0
USLD_P;2014;570000125;570015099;N2410;;3;0.06;0
USLD_P;2014;570000125;570015099;N2510;23;1;23.72;0
USLD_P;2014;570000125;570015099;NAUT;1;;0.5;0
USLD_P;2014;570000166;570010173;MEDCH;;2;0.65;0
USLD_P;2014;570000166;570010173;N2210;;7;4.5;0
USLD_P;2014;570000166;570010173;N2510;12;8;14.6;0
USLD_P;2014;570000166;570010173;NAUT;5;3;4.66;0
USLD_P;2014;570000216;570010173;MEDCH;;1;0.38;0
USLD_P;2014;570000216;570010173;N2210;;;2.92;0
USLD_P;2014;570000216;570010173;N2410;;;0.2;0
USLD_P;2014;570000216;570010173;N2510;;;5.83;0
USLD_P;2014;570000216;570010173;NAUT;;;3.69;0
USLD_P;2014;570000349;570005165;M1320;2;0;1.94;1
USLD_P;2014;570000349;570005165;MEDCH;2;0;1.94;1
USLD_P;2014;570000349;570005165;N2210;1;2;1.65;
USLD_P;2014;570000349;570005165;N2510;13;3;14.13;
USLD_P;2014;570000349;570005165;NAUT;4;2;5;
USLD_P;2014;570000448;750050759;MEDCH;;2;0.62;
USLD_P;2014;570000448;750050759;N2210;2;2;3.3;
USLD_P;2014;570000448;750050759;N2410;;1;0.09;
USLD_P;2014;570000448;750050759;N2460;;1;0.54;
USLD_P;2014;570000448;750050759;N2510;8;3;10.1;
USLD_P;2014;570000448;750050759;NAUT;;2;0.5;
USLD_P;2014;570000455;570010173;M1320;;1;0.28;1
USLD_P;2014;570000455;570010173;MEDCH;;3;0.74;1
USLD_P;2014;570000455;570010173;N2210;3;3;4.51;1
USLD_P;2014;570000455;570010173;N2410;;1;0.32;1
USLD_P;2014;570000455;570010173;N2460;;1;0.21;1
USLD_P;2014;570000455;570010173;N2470;;;;1
USLD_P;2014;570000455;570010173;N2510;7;6;9.89;1
USLD_P;2014;570000455;570010173;N3120;;;;1
USLD_P;2014;570000455;570010173;NAUT;9;2;9.95;1
USLD_P;2014;570000489;750050759;MEDCH;1;1;1.4;0
USLD_P;2014;570000489;750050759;N2210;9;;9;0
USLD_P;2014;570000489;750050759;N2410;;1;0.4;0
USLD_P;2014;570000489;750050759;N2460;;1;0.4;0
USLD_P;2014;570000489;750050759;N2510;21;;21;0
USLD_P;2014;570000489;750050759;NAUT;3;1;3.4;0
USLD_P;2014;570000562;570011353;M1320;;1;0.4;1
USLD_P;2014;570000562;570011353;MEDCH;;1;0.59;1
USLD_P;2014;570000562;570011353;N2210;;8;6.28;1
USLD_P;2014;570000562;570011353;N2410;;2;0.66;1
USLD_P;2014;570000562;570011353;N2460;;2;0.31;1
USLD_P;2014;570000562;570011353;N2510;;15;13.24;1
USLD_P;2014;570000562;570011353;N3120;;1;0.31;1
USLD_P;2014;570000562;570011353;NAUT;;15;10.65;1
USLD_P;2014;570000661;570000158;MEDCH;;1;0.9;
USLD_P;2014;570000661;570000158;N2210;6;4;8.56;0
USLD_P;2014;570000661;570000158;N2510;8;2;9.53;0
USLD_P;2014;570000661;570000158;NAUT;5;;4.75;0
USLD_P;2014;570000893;570000141;N2210;9;;8.09;0
USLD_P;2014;570000893;570000141;N2410;;;0.16;1
USLD_P;2014;570000893;570000141;N2460;;;0.15;1
USLD_P;2014;570000893;570000141;N2510;11;;10.07;0
USLD_P;2014;570000893;570000141;NAUT;7;1;8.1;1
USLD_P;2014;570000968;570000430;MEDCH;;1;0.2;0
USLD_P;2014;570000968;570000430;N2210;8;;7.5;0
USLD_P;2014;570000968;570000430;N2460;;1;0.5;0
USLD_P;2014;570000968;570000430;N2510;11;4;13.56;0
USLD_P;2014;570000968;570000430;NAUT;2;8;7.39;0
USLD_P;2014;570003079;570010181;M1320;1;1;1.5;
USLD_P;2014;570003079;570010181;MEDCH;1;2;2;
USLD_P;2014;570003079;570010181;N2210;13;2;13.85;
USLD_P;2014;570003079;570010181;N2410;;2;1;
USLD_P;2014;570003079;570010181;N2460;;1;0.75;
USLD_P;2014;570003079;570010181;N2510;21;3;22.65;
USLD_P;2014;570003079;570010181;NAUT;10;22;21.15;
USLD_P;2014;570005215;570005165;M1320;1;;0.5;1
USLD_P;2014;570005215;570005165;MEDCH;1;;0.5;1
USLD_P;2014;570005215;570005165;N2210;4;2;5.24;
USLD_P;2014;570005215;570005165;N2410;;1;0.2;
USLD_P;2014;570005215;570005165;N2460;;1;0.4;
USLD_P;2014;570005215;570005165;N2510;15;;16.37;
USLD_P;2014;570005215;570005165;N3120;;1;0.05;
USLD_P;2014;570005215;570005165;NAUT;7;7;9.33;
USLD_P;2014;570012369;570011387;MEDCH;;2;0.75;
USLD_P;2014;570012369;570011387;N2210;3;2;4.4;
USLD_P;2014;570012369;570011387;N2510;9;6;11.47;
USLD_P;2014;570012369;570011387;NAUT;;64;14.74;
USLD_P;2014;570020578;570023630;M1320;;1;0.5;0
USLD_P;2014;570020578;570023630;MEDCH;;1;0.5;0
USLD_P;2014;570020578;570023630;N2210;6;2;7.4;0
USLD_P;2014;570020578;570023630;N2460;;1;0.5;0
USLD_P;2014;570020578;570023630;N2510;9;1;9.75;0
USLD_P;2014;570020578;570023630;NAUT;4;4;6;0
USLD_P;2014;580971646;580780039;M1320;2;;1.45;0
USLD_P;2014;580971646;580780039;MEDCH;2;;1.45;0
USLD_P;2014;580971646;580780039;N2210;13;10;19.03;
USLD_P;2014;580971646;580780039;N2510;44;8;44.9;
USLD_P;2014;580971646;580780039;N3120;;1;0.3;
USLD_P;2014;580971646;580780039;NAUT;21;7;5.55;
USLD_P;2014;580972628;580780039;M1320;1;;0.17;1
USLD_P;2014;580972628;580780039;MEDCH;1;;0.17;1
USLD_P;2014;580972628;580780039;N2210;1;1;1.3;1
USLD_P;2014;580972628;580780039;N2460;;1;0.2;1
USLD_P;2014;580972628;580780039;N2470;;1;0.5;0
USLD_P;2014;580972628;580780039;N2510;8;2;7.39;
USLD_P;2014;580972644;580781136;N2210;9;1;9;
USLD_P;2014;580972644;580781136;N2410;;1;0.5;
USLD_P;2014;580972644;580781136;N2510;11;1;11.7;
USLD_P;2014;580972644;580781136;NAUT;20;;11.6;
USLD_P;2014;580972651;580780047;M1320;1;;0.36;
USLD_P;2014;580972651;580780047;MEDCH;2;;0.61;
USLD_P;2014;580972651;580780047;N2210;2;;1.86;
USLD_P;2014;580972651;580780047;N2410;1;;0.05;
USLD_P;2014;580972651;580780047;N2510;12;1;12.86;
USLD_P;2014;580972651;580780047;N3120;1;;0.01;
USLD_P;2014;580972651;580780047;NAUT;11;;11;
USLD_P;2014;580972677;580780088;MEDCH;1;1;1.09;1
USLD_P;2014;580972677;580780088;N2210;7;1;7.86;0
USLD_P;2014;580972677;580780088;N2410;1;;1;1
USLD_P;2014;580972677;580780088;N2510;20;;20;0
USLD_P;2014;580972677;580780088;N3120;2;;2;1
USLD_P;2014;580972677;580780088;NAUT;32;1;33;1
USLD_P;2014;580972701;580970978;MEDCH;;2;0.2;1
USLD_P;2014;580972701;580970978;N2210;4;;4;1
USLD_P;2014;580972701;580970978;N2510;15;;15;1
USLD_P;2014;580972719;580780757;MEDCH;;1;0.5;
USLD_P;2014;580972719;580780757;N2210;5;1;5.16;
USLD_P;2014;580972719;580780757;N2510;12;3;13.7;
USLD_P;2014;580972719;580780757;NAUT;6;3;8.22;
USLD_P;2014;590000014;590780052;M1320;1;1;0.5;1
USLD_P;2014;590000014;590780052;MEDCH;2;2;0.68;1
USLD_P;2014;590000014;590780052;N2210;5;1;4.87;1
USLD_P;2014;590000014;590780052;N2410;1;2;0.62;1
USLD_P;2014;590000014;590780052;N2470;;;;1
USLD_P;2014;590000014;590780052;N2510;15;2;16.05;1
USLD_P;2014;590000014;590780052;N3120;1;;0.23;1
USLD_P;2014;590000014;590780052;NAUT;21;1;10.6;1
USLD_P;2014;590000121;590780227;MEDCH;2;1;1.6;1
USLD_P;2014;590000121;590780227;N2210;8;4;11.99;
USLD_P;2014;590000121;590780227;N2410;1;;1;
USLD_P;2014;590000121;590780227;N2510;19;2;22.73;
USLD_P;2014;590000121;590780227;N3120;;;0.25;
USLD_P;2014;590000121;590780227;NAUT;14;;10.36;
USLD_P;2014;590000337;590781415;MEDCH;1;1;1.5;0
USLD_P;2014;590000337;590781415;N2210;43;3;43.71;
USLD_P;2014;590000337;590781415;N2510;1;1;1.46;1
USLD_P;2014;590000337;590781415;N3120;;;;1
USLD_P;2014;590000337;590781415;NAUT;18;17;19.14;1
USLD_P;2014;590000428;590781605;MEDCH;;1;0.6;
USLD_P;2014;590000428;590781605;N2210;10;4;12.39;0
USLD_P;2014;590000428;590781605;N2410;;;0.15;0
USLD_P;2014;590000428;590781605;N2510;17;3;19.06;0
USLD_P;2014;590000428;590781605;N3120;;1;0.2;0
USLD_P;2014;590000428;590781605;NAUT;12;7;13.51;0
USLD_P;2014;590000451;590781647;M1320;1;;1;0
USLD_P;2014;590000451;590781647;MEDCH;1;;1;0
USLD_P;2014;590000451;590781647;N2210;8;;8;0
USLD_P;2014;590000451;590781647;N2410;;1;0.8;0
USLD_P;2014;590000451;590781647;N2510;16;;16;0
USLD_P;2014;590000451;590781647;NAUT;11;2;12.3;0
USLD_P;2014;590000469;590781662;MEDCH;0;1;0.75;1
USLD_P;2014;590000469;590781662;N2210;5;;4.81;0
USLD_P;2014;590000469;590781662;N2410;1;1;0.49;0
USLD_P;2014;590000469;590781662;N2510;12;0;10.69;0
USLD_P;2014;590000469;590781662;NAUT;9;1;9.36;0
USLD_P;2014;590000477;590781670;M1320;;1;0.1;
USLD_P;2014;590000477;590781670;MEDCH;;2;1.4;1
USLD_P;2014;590000477;590781670;N2210;5;3;6.9;0
USLD_P;2014;590000477;590781670;N2410;;1;0.5;0
USLD_P;2014;590000477;590781670;N2460;;1;0.1;0
USLD_P;2014;590000477;590781670;N2470;;1;0.4;0
USLD_P;2014;590000477;590781670;N2510;11;9;18.2;0
USLD_P;2014;590000477;590781670;NAUT;7;1;7.8;0
USLD_P;2014;590000527;590781795;M1320;;1;0.43;0
USLD_P;2014;590000527;590781795;MEDCH;;1;0.42;0
USLD_P;2014;590000527;590781795;N2210;6;2;5.41;0
USLD_P;2014;590000527;590781795;N2410;;1;0.33;0
USLD_P;2014;590000527;590781795;N2510;10;2;12.21;0
USLD_P;2014;590000527;590781795;NAUT;10;3;12.1;0
USLD_P;2014;590000592;590782165;M1320;3;0;1.96;0
USLD_P;2014;590000592;590782165;MEDCH;3;0;1.96;0
USLD_P;2014;590000592;590782165;N2210;10;0;10;0
USLD_P;2014;590000592;590782165;N2510;27;14;37.3;0
USLD_P;2014;590000592;590782165;NAUT;9;2;10;0
USLD_P;2014;590001004;590783239;MEDCH;1;;1.04;0
USLD_P;2014;590001004;590783239;N2210;6;;5.99;0
USLD_P;2014;590001004;590783239;N2510;25;4;27.39;0
USLD_P;2014;590001004;590783239;NAUT;15;2;15.09;0
USLD_P;2014;590001582;590785663;MEDCH;2;0;1;
USLD_P;2014;590001582;590785663;N2210;8;1;8.92;
USLD_P;2014;590001582;590785663;N2510;22;6;27.33;
USLD_P;2014;590001582;590785663;N3120;1;0;0.3;
USLD_P;2014;590001582;590785663;NAUT;11;2;12.03;
USLD_P;2014;590044632;590782421;M1320;1;0;1;
USLD_P;2014;590044632;590782421;MEDCH;1;0;1;
USLD_P;2014;590044632;590782421;N2210;5;7;7.25;0
USLD_P;2014;590044632;590782421;N2510;;42;19.71;0
USLD_P;2014;590044632;590782421;NAUT;2;15;8.7;0
USLD_P;2014;590788865;590782421;MEDCH;1;;1;
USLD_P;2014;590788865;590782421;N2210;7;2;8.33;0
USLD_P;2014;590788865;590782421;N2510;;48;25.49;0
USLD_P;2014;590788865;590782421;NAUT;3;11;7.44;0
USLD_P;2014;590791091;590780193;MEDCH;1;;1.38;0
USLD_P;2014;590791091;590780193;N2210;14;8;20.1;0
USLD_P;2014;590791091;590780193;N2410;1;0;1.06;1
USLD_P;2014;590791091;590780193;N2460;0;0;0.1;1
USLD_P;2014;590791091;590780193;N2470;0;0;0.2;1
USLD_P;2014;590791091;590780193;N2510;46;13;58.63;0
USLD_P;2014;590791091;590780193;N3120;;;;1
USLD_P;2014;590791091;590780193;NAUT;18;10;22.2;1
USLD_P;2014;590791323;590782637;M1320;;2;1;1
USLD_P;2014;590791323;590782637;MEDCH;;2;1;1
USLD_P;2014;590791323;590782637;N2210;7;6;12.06;0
USLD_P;2014;590791323;590782637;N2410;;1;0.3;0
USLD_P;2014;590791323;590782637;N2510;22;5;26;
USLD_P;2014;590791323;590782637;N3120;;1;0.4;1
USLD_P;2014;590791323;590782637;NAUT;11;5;15.45;0
USLD_P;2014;590804696;590781902;M1320;;1;0.9;1
USLD_P;2014;590804696;590781902;MEDCH;1;1;1.9;1
USLD_P;2014;590804696;590781902;N2210;5;4;8.24;0
USLD_P;2014;590804696;590781902;N2410;1;;0.5;1
USLD_P;2014;590804696;590781902;N2460;1;;0.02;1
USLD_P;2014;590804696;590781902;N2470;;1;0.11;0
USLD_P;2014;590804696;590781902;N2510;20;6;21.11;0
USLD_P;2014;590804696;590781902;N3120;;1;0.5;0
USLD_P;2014;590804696;590781902;NAUT;23;15;26.26;1
USLD_P;2014;590812186;590782421;M1320;1;1;1.6;
USLD_P;2014;590812186;590782421;MEDCH;1;1;1.6;
USLD_P;2014;590812186;590782421;N2210;4;1;4.99;1
USLD_P;2014;590812186;590782421;N2510;1;38;21.06;1
USLD_P;2014;590812186;590782421;NAUT;0;9;4.07;0
USLD_P;2014;590812749;590782215;M1320;;1;0.2;1
USLD_P;2014;590812749;590782215;MEDCH;;2;0.25;1
USLD_P;2014;590812749;590782215;N2210;16;2;15.98;1
USLD_P;2014;590812749;590782215;N2470;2;;1.67;0
USLD_P;2014;590812749;590782215;N2510;30;8;39.56;1
USLD_P;2014;590812749;590782215;NAUT;27;3;23.32;1
USLD_P;2014;600000020;600100085;MEDCH;1;0;0.15;1
USLD_P;2014;600000020;600100085;N2210;4;1;4.84;0
USLD_P;2014;600000020;600100085;N2510;13;1;12.22;0
USLD_P;2014;600000020;600100085;NAUT;11;1;6.28;0
USLD_P;2014;600000046;600100127;MEDCH;2;;1.1;0
USLD_P;2014;600000046;600100127;N2210;3;;2.66;0
USLD_P;2014;600000046;600100127;N2410;1;;0.29;0
USLD_P;2014;600000046;600100127;N2510;13;;14.7;0
USLD_P;2014;600000046;600100127;NAUT;5;;4.63;0
USLD_P;2014;600000053;600101984;M1320;3;1;2.2;0
USLD_P;2014;600000053;600101984;MEDCH;3;1;2.2;0
USLD_P;2014;600000053;600101984;N2210;10;5;14.13;0
USLD_P;2014;600000053;600101984;N2470;0;1;0.5;0
USLD_P;2014;600000053;600101984;N2510;22;8;26.7;0
USLD_P;2014;600000053;600101984;NAUT;23;0;22.43;0
USLD_P;2014;600000152;600100572;M1320;0;1;0.4;0
USLD_P;2014;600000152;600100572;MEDCH;1;2;2;0
USLD_P;2014;600000152;600100572;N2210;5;2;6.8;0
USLD_P;2014;600000152;600100572;N2410;0;2;1;0
USLD_P;2014;600000152;600100572;N2470;1;0;1;0
USLD_P;2014;600000152;600100572;N2510;34;1;33.18;0
USLD_P;2014;600000152;600100572;NAUT;22;2;23.39;0
USLD_P;2014;600000186;600100648;M1320;2;0;2;0
USLD_P;2014;600000186;600100648;MEDCH;2;1;2.2;0
USLD_P;2014;600000186;600100648;N2210;12;1;11.8;0
USLD_P;2014;600000186;600100648;N2510;30;4;33.2;0
USLD_P;2014;600000186;600100648;NAUT;20;3;21.8;1
USLD_P;2014;600000285;600100721;M1320;0;0;0;1
USLD_P;2014;600000285;600100721;MEDCH;4;1;2.4;1
USLD_P;2014;600000285;600100721;N2210;8;3;8.54;1
USLD_P;2014;600000285;600100721;N2510;7;1;8.19;1
USLD_P;2014;600000285;600100721;NAUT;3;0;1.81;1
USLD_P;2014;600001184;600108948;MEDCH;;5;0.25;1
USLD_P;2014;600001184;600108948;N2210;8;1;7.27;1
USLD_P;2014;600001184;600108948;N2410;;2;0.13;1
USLD_P;2014;600001184;600108948;N2510;12;2;9.58;1
USLD_P;2014;600100101;750712184;M1320;1;1;1.5;0
USLD_P;2014;600100101;750712184;MEDCH;1;2;1.97;0
USLD_P;2014;600100101;750712184;N2210;15;3;16.8;0
USLD_P;2014;600100101;750712184;N2410;1;;1;0
USLD_P;2014;600100101;750712184;N2460;1;;1;0
USLD_P;2014;600100101;750712184;N2510;51;11;55.71;0
USLD_P;2014;600100101;750712184;NAUT;12;2;12.35;0
USLD_P;2014;600105381;600106611;M1320;;3;1.1;0
USLD_P;2014;600105381;600106611;MEDCH;;3;1.1;0
USLD_P;2014;600105381;600106611;N2210;5;3;6.37;0
USLD_P;2014;600105381;600106611;N2410;;1;0.42;0
USLD_P;2014;600105381;600106611;N2510;15;1;11.54;0
USLD_P;2014;600105381;600106611;NAUT;8;23;14.69;0
USLD_P;2014;600107494;600100713;M1320;1;3;3.6;1
USLD_P;2014;600107494;600100713;MEDCH;1;3;3.6;1
USLD_P;2014;600107494;600100713;N2210;19;1;21.13;1
USLD_P;2014;600107494;600100713;N2510;43;1;40.8;1
USLD_P;2014;600107494;600100713;NAUT;30;2;24.92;1
USLD_P;2014;600107668;600100721;M1320;1;0;1;1
USLD_P;2014;600107668;600100721;MEDCH;5;1;3.08;1
USLD_P;2014;600107668;600100721;N2210;14;1;12.02;1
USLD_P;2014;600107668;600100721;N2410;1;0;1;1
USLD_P;2014;600107668;600100721;N2460;1;0;0.31;1
USLD_P;2014;600107668;600100721;N2470;0;0;0;1
USLD_P;2014;600107668;600100721;N2510;29;0;23.05;1
USLD_P;2014;600107668;600100721;N3120;0;0;0;1
USLD_P;2014;600107668;600100721;NAUT;36;4;38.58;1
USLD_P;2014;610000044;610780074;MEDCH;1;0;0.5;1
USLD_P;2014;610000044;610780074;N2210;9;1;5.95;1
USLD_P;2014;610000044;610780074;N2410;1;0;0.25;
USLD_P;2014;610000044;610780074;N2510;7;2;9.2;0
USLD_P;2014;610000044;610780074;NAUT;13;2;11.36;1
USLD_P;2014;610784050;610780082;M1320;1;;1;1
USLD_P;2014;610784050;610780082;MEDCH;2;;2;1
USLD_P;2014;610784050;610780082;N2210;;28;18.72;1
USLD_P;2014;610784050;610780082;N2460;;1;0.39;1
USLD_P;2014;610784050;610780082;N2510;;60;37.96;1
USLD_P;2014;610784050;610780082;N3120;;1;0.26;1
USLD_P;2014;610784050;610780082;NAUT;;61;36.32;1
USLD_P;2014;620000067;620100081;MEDCH;1;;0.5;1
USLD_P;2014;620000067;620100081;N2210;3;2;4.49;1
USLD_P;2014;620000067;620100081;N2410;;1;0.43;1
USLD_P;2014;620000067;620100081;N2460;1;0;0.39;1
USLD_P;2014;620000067;620100081;N2470;1;;0.25;1
USLD_P;2014;620000067;620100081;N2510;14;3;15.39;1
USLD_P;2014;620000067;620100081;NAUT;3;6;7.36;1
USLD_P;2014;620000224;620100651;M1320;;1;0.8;1
USLD_P;2014;620000224;620100651;MEDCH;;2;1;1
USLD_P;2014;620000224;620100651;N2210;11;1;11.5;0
USLD_P;2014;620000224;620100651;N2410;;;0.4;0
USLD_P;2014;620000224;620100651;N2460;;2;1.2;1
USLD_P;2014;620000224;620100651;N2510;20;4;22;0
USLD_P;2014;620000224;620100651;NAUT;16;6;20;1
USLD_P;2014;620000240;620100677;M1320;1;;0.9;
USLD_P;2014;620000240;620100677;MEDCH;1;;0.9;
USLD_P;2014;620000240;620100677;N2210;12;4;14.26;
USLD_P;2014;620000240;620100677;N2460;;;0.5;
USLD_P;2014;620000240;620100677;N2510;25;6;29.35;
USLD_P;2014;620000240;620100677;NAUT;13;2;15.15;
USLD_P;2014;620000257;620100685;M1320;1;0;0.7;1
USLD_P;2014;620000257;620100685;MEDCH;1;0;0.7;1
USLD_P;2014;620000257;620100685;N2210;9;0;8.32;0
USLD_P;2014;620000257;620100685;N2460;0;1;0.06;0
USLD_P;2014;620000257;620100685;N2470;0;1;0.4;0
USLD_P;2014;620000257;620100685;N2510;26;0;23.83;0
USLD_P;2014;620000257;620100685;N3120;0;1;0.13;0
USLD_P;2014;620000257;620100685;NAUT;9;5;9.03;0
USLD_P;2014;620000299;620101295;MEDCH;;1;0.6;1
USLD_P;2014;620000299;620101295;N2210;8;;7.99;1
USLD_P;2014;620000299;620101295;N2510;8;8;13.03;1
USLD_P;2014;620000299;620101295;NAUT;10;2;9.89;1
USLD_P;2014;620000323;620101337;MEDCH;1;1;1.8;
USLD_P;2014;620000323;620101337;N2210;5;;5.43;
USLD_P;2014;620000323;620101337;N2510;11;3;13.34;
USLD_P;2014;620000323;620101337;NAUT;12;1;10.46;1
USLD_P;2014;620000349;620101360;MEDCH;1;;1;
USLD_P;2014;620000349;620101360;N2210;5;3;7.71;0
USLD_P;2014;620000349;620101360;N2460;;1;0.25;1
USLD_P;2014;620000349;620101360;N2510;20;2;20.87;0
USLD_P;2014;620000349;620101360;NAUT;14;2;13.98;0
USLD_P;2014;620000653;620103440;M1320;;1;0.6;1
USLD_P;2014;620000653;620103440;MEDCH;;5;0.88;1
USLD_P;2014;620000653;620103440;N2210;10;6;16.17;1
USLD_P;2014;620000653;620103440;N2410;1;;0.5;1
USLD_P;2014;620000653;620103440;N2470;1;;0.51;1
USLD_P;2014;620000653;620103440;N2510;40;13;47.81;1
USLD_P;2014;620000653;620103440;NAUT;21;15;27.57;1
USLD_P;2014;620003350;620001834;M1320;1;1;0.54;1
USLD_P;2014;620003350;620001834;N2210;7;4;6;1
USLD_P;2014;620003350;620001834;N2460;1;;0.98;0
USLD_P;2014;620003350;620001834;N2510;14;2;12.94;1
USLD_P;2014;620003350;620001834;N3120;1;;0.4;1
USLD_P;2014;620003350;620001834;NAUT;14;6;12.32;
USLD_P;2014;620106625;620020859;M1320;;1;0.8;1
USLD_P;2014;620106625;620020859;MEDCH;;2;0.95;1
USLD_P;2014;620106625;620020859;N2210;3;1;3.51;1
USLD_P;2014;620106625;620020859;N2410;;1;0.6;1
USLD_P;2014;620106625;620020859;N2510;15;1;15;0
USLD_P;2014;620106625;620020859;NAUT;;1;0.5;1
USLD_P;2014;620108357;620103432;M1320;0;1;0.48;0
USLD_P;2014;620108357;620103432;MEDCH;0;1;0.48;0
USLD_P;2014;620108357;620103432;N2210;2;7;7.24;0
USLD_P;2014;620108357;620103432;N2510;12;1;12.5;
USLD_P;2014;620111195;620100057;M1320;0;3;1.5;
USLD_P;2014;620111195;620100057;MEDCH;0;3;1.5;
USLD_P;2014;620111195;620100057;N2210;0;24;13.14;
USLD_P;2014;620111195;620100057;N2410;1;0;1;
USLD_P;2014;620111195;620100057;N2460;0;1;0.15;
USLD_P;2014;620111195;620100057;N2510;0;90;55.8;
USLD_P;2014;620111195;620100057;N3120;0;0;0.09;
USLD_P;2014;620111195;620100057;NAUT;0;57;25.96;
USLD_P;2014;620115402;620100461;MEDCH;;2;0.27;0
USLD_P;2014;620115402;620100461;N2210;3;4;4.49;0
USLD_P;2014;620115402;620100461;N2510;18;3;18.32;0
USLD_P;2014;620115402;620100461;NAUT;3;5;5.77;0
USLD_P;2014;630000016;630180032;MEDCH;0;1;0.2;0
USLD_P;2014;630000016;630180032;N2210;;6;2.8;0
USLD_P;2014;630000016;630180032;N2410;1;0;1;0
USLD_P;2014;630000016;630180032;N2510;6;2;7.3;0
USLD_P;2014;630000016;630180032;NAUT;4;11;7.72;0
USLD_P;2014;630000412;630780997;MEDCH;0;1;0.6;1
USLD_P;2014;630000412;630780997;N2210;4;6;9.01;1
USLD_P;2014;630000412;630780997;N2410;;2;0.29;1
USLD_P;2014;630000412;630780997;N2510;15;3;17.21;1
USLD_P;2014;630000412;630780997;NAUT;12;3;11.3;1
USLD_P;2014;630000420;630781003;MEDCH;4;;3.1;
USLD_P;2014;630000420;630781003;N2210;20;;17.82;
USLD_P;2014;630000420;630781003;N2410;1;;0.5;
USLD_P;2014;630000420;630781003;N2510;50;;45.75;
USLD_P;2014;630000420;630781003;NAUT;30;;28.07;
USLD_P;2014;630000446;630781029;MEDCH;1;;0.5;
USLD_P;2014;630000446;630781029;N2210;8;;6.2;
USLD_P;2014;630000446;630781029;N2410;1;;0.75;
USLD_P;2014;630000446;630781029;N2470;1;;0.25;
USLD_P;2014;630000446;630781029;N2510;10;3;12.15;
USLD_P;2014;630000446;630781029;NAUT;9;1;9.1;
USLD_P;2014;630000560;630781367;M1320;2;0;1.2;1
USLD_P;2014;630000560;630781367;MEDCH;2;;1.2;1
USLD_P;2014;630000560;630781367;N2210;8;5;11.45;0
USLD_P;2014;630000560;630781367;N2410;;1;0.9;0
USLD_P;2014;630000560;630781367;N2460;0;1;0.8;0
USLD_P;2014;630000560;630781367;N2470;1;;0.5;1
USLD_P;2014;630000560;630781367;N2510;17;9;23.69;0
USLD_P;2014;630000560;630781367;NAUT;10;4;12.23;0
USLD_P;2014;630781821;750043994;MEDCH;;2;0.5;0
USLD_P;2014;630781821;750043994;N2210;3;3;4.25;0
USLD_P;2014;630781821;750043994;N2470;;1;0.1;0
USLD_P;2014;630781821;750043994;N2510;11;3;12.51;0
USLD_P;2014;630781821;750043994;N3120;;1;0.08;0
USLD_P;2014;630781821;750043994;NAUT;2;24;8.6;0
USLD_P;2014;630787034;630780989;MEDCH;0;2;2.09;1
USLD_P;2014;630787034;630780989;N2210;26;10;33.19;1
USLD_P;2014;630787034;630780989;N2510;65;13;71.95;1
USLD_P;2014;630787034;630780989;NAUT;32;4;28.58;1
USLD_P;2014;630790384;630786754;MEDCH;1;1;0.75;
USLD_P;2014;630790384;630786754;N2210;11;2;13.79;
USLD_P;2014;630790384;630786754;N2410;;1;0.5;
USLD_P;2014;630790384;630786754;N2510;30;;32.2;
USLD_P;2014;630790384;630786754;NAUT;18;2;19.86;
USLD_P;2014;640000162;640780417;M1320;0;1;0.6;
USLD_P;2014;640000162;640780417;MEDCH;0;1;0.6;
USLD_P;2014;640000162;640780417;N2210;14;1;15.84;
USLD_P;2014;640000162;640780417;N2510;54;4;54.84;
USLD_P;2014;640000162;640780417;NAUT;9;3;10.81;
USLD_P;2014;640000402;640780813;M1320;;1;0.1;0
USLD_P;2014;640000402;640780813;MEDCH;;2;0.7;1
USLD_P;2014;640000402;640780813;N2210;10;5;12.86;1
USLD_P;2014;640000402;640780813;N2410;;;;1
USLD_P;2014;640000402;640780813;N2470;1;;1.6;0
USLD_P;2014;640000402;640780813;N2510;22;4;24.9;1
USLD_P;2014;640000402;640780813;N3120;;1;0.1;1
USLD_P;2014;640000402;640780813;NAUT;10;8;13.36;1
USLD_P;2014;640000410;640780821;M1320;1;1;1.5;
USLD_P;2014;640000410;640780821;MEDCH;1;1;1.5;0
USLD_P;2014;640000410;640780821;N2210;12;4;14.63;0
USLD_P;2014;640000410;640780821;N2410;2;;2;
USLD_P;2014;640000410;640780821;N2470;1;;1;0
USLD_P;2014;640000410;640780821;N2510;21;4;25.91;0
USLD_P;2014;640000410;640780821;NAUT;13;3;15.03;0
USLD_P;2014;640000600;640781290;MEDCH;1;;1;0
USLD_P;2014;640000600;640781290;N2210;16;2;18.51;0
USLD_P;2014;640000600;640781290;N2410;2;;1.35;0
USLD_P;2014;640000600;640781290;N2470;;1;0.3;0
USLD_P;2014;640000600;640781290;N2510;33;5;39.74;0
USLD_P;2014;640000600;640781290;N3120;;1;0.28;0
USLD_P;2014;640000600;640781290;NAUT;10;2;12.37;0
USLD_P;2014;640003836;640791976;M1320;;2;0.3;0
USLD_P;2014;640003836;640791976;MEDCH;;4;0.35;0
USLD_P;2014;640003836;640791976;N2210;;8;3.61;1
USLD_P;2014;640003836;640791976;N2410;;2;0.1;1
USLD_P;2014;640003836;640791976;N2470;;1;0.29;1
USLD_P;2014;640003836;640791976;N2510;;10;5.65;1
USLD_P;2014;640003836;640791976;NAUT;;63;8.35;1
USLD_P;2014;640780755;640780417;M1320;3;0;2.5;
USLD_P;2014;640780755;640780417;MEDCH;3;0;2.5;
USLD_P;2014;640780755;640780417;N2210;13;1;12.4;
USLD_P;2014;640780755;640780417;N2510;43;1;39.31;
USLD_P;2014;640780755;640780417;NAUT;11;1;9.44;
USLD_P;2014;640786281;640791976;M1320;;2;0.9;0
USLD_P;2014;640786281;640791976;MEDCH;;5;1.25;0
USLD_P;2014;640786281;640791976;N2210;;12;10.42;1
USLD_P;2014;640786281;640791976;N2410;;1;0.4;1
USLD_P;2014;640786281;640791976;N2470;;1;1;1
USLD_P;2014;640786281;640791976;N2510;;30;26.2;1
USLD_P;2014;640786281;640791976;NAUT;;53;21.38;1
USLD_P;2014;650000045;650780158;M1320;3;0;1.3;1
USLD_P;2014;650000045;650780158;MEDCH;3;0;1.3;1
USLD_P;2014;650000045;650780158;N2210;13;1;10.69;1
USLD_P;2014;650000045;650780158;N2410;0;0;0;1
USLD_P;2014;650000045;650780158;N2460;0;0;0;1
USLD_P;2014;650000045;650780158;N2470;1;0;0.2;1
USLD_P;2014;650000045;650780158;N2510;26;4;16.23;1
USLD_P;2014;650000045;650780158;N3120;0;1;0.2;1
USLD_P;2014;650000045;650780158;NAUT;8;0;3.25;1
USLD_P;2014;650000060;650780174;M1320;3;;1;0
USLD_P;2014;650000060;650780174;MEDCH;3;;1;0
USLD_P;2014;650000060;650780174;N2210;11;2;12.41;0
USLD_P;2014;650000060;650780174;N2460;1;;0.2;0
USLD_P;2014;650000060;650780174;N2510;33;;31.25;0
USLD_P;2014;650000060;650780174;N3120;;1;0.6;0
USLD_P;2014;650000060;650780174;NAUT;6;11;12.45;0
USLD_P;2014;650780141;650783160;MEDCH;2;1;1.2;1
USLD_P;2014;650780141;650783160;N2210;11;2;11.71;0
USLD_P;2014;650780141;650783160;N2410;1;0;0.5;0
USLD_P;2014;650780141;650783160;N2510;17;6;21.04;0
USLD_P;2014;650780141;650783160;NAUT;19;7;11.19;1
USLD_P;2014;650780182;650783160;MEDCH;3;;2;1
USLD_P;2014;650780182;650783160;N2210;23;10;28.94;0
USLD_P;2014;650780182;650783160;N2460;1;0;0.8;1
USLD_P;2014;650780182;650783160;N2470;1;0;0.24;1
USLD_P;2014;650780182;650783160;N2510;31;3;34.62;0
USLD_P;2014;650780182;650783160;NAUT;41;2;26.05;1
USLD_P;2014;650786668;650780166;M1320;1;;0.5;1
USLD_P;2014;650786668;650780166;MEDCH;1;;0.5;1
USLD_P;2014;650786668;650780166;N2210;10;2;9.38;0
USLD_P;2014;650786668;650780166;N2410;1;;0.04;
USLD_P;2014;650786668;650780166;N2460;1;;0.2;
USLD_P;2014;650786668;650780166;N2470;1;;0.25;
USLD_P;2014;650786668;650780166;N2510;19;4;21.51;0
USLD_P;2014;650786668;650780166;NAUT;16;6;13.72;
USLD_P;2014;660000084;660780180;M1320;3;;1.5;
USLD_P;2014;660000084;660780180;MEDCH;3;;1.5;
USLD_P;2014;660000084;660780180;N2210;7;;8;0
USLD_P;2014;660000084;660780180;N2410;;;0.17;
USLD_P;2014;660000084;660780180;N2510;14;1;16.04;0
USLD_P;2014;660000084;660780180;NAUT;;;0.15;
USLD_P;2014;660000167;660780271;MEDCH;;2;0.7;
USLD_P;2014;660000167;660780271;N2210;6;3;8;
USLD_P;2014;660000167;660780271;N2460;;1;0.25;
USLD_P;2014;660000167;660780271;N2470;;1;0.4;
USLD_P;2014;660000167;660780271;N2510;20;6;24.96;
USLD_P;2014;660000167;660780271;NAUT;20;5;22.88;
USLD_P;2014;660007261;340019363;M1320;;1;0.2;0
USLD_P;2014;660007261;340019363;MEDCH;;1;0.2;0
USLD_P;2014;660007261;340019363;N2210;2;2;2.8;0
USLD_P;2014;660007261;340019363;N2410;;1;0.1;0
USLD_P;2014;660007261;340019363;N2460;;1;0.1;0
USLD_P;2014;660007261;340019363;N2510;3;5;4.84;0
USLD_P;2014;660007261;340019363;NAUT;3;11;4.85;0
USLD_P;2014;660781444;660780180;M1320;2;;1.3;
USLD_P;2014;660781444;660780180;MEDCH;3;;2.2;
USLD_P;2014;660781444;660780180;N2210;24;;25.75;
USLD_P;2014;660781444;660780180;N2510;64;4;63.04;
USLD_P;2014;660781444;660780180;NAUT;32;7;34.82;
USLD_P;2014;670000041;670780071;MEDCH;1;;0.5;
USLD_P;2014;670000041;670780071;N2210;4;2;5.12;0
USLD_P;2014;670000041;670780071;N2410;;3;1.5;0
USLD_P;2014;670000041;670780071;N2460;;1;0.49;0
USLD_P;2014;670000041;670780071;N2510;10;2;11.24;0
USLD_P;2014;670000041;670780071;N3120;;1;0.8;0
USLD_P;2014;670000041;670780071;NAUT;1;5;3.22;1
USLD_P;2014;670000058;670013366;M1320;1;1;1.5;0
USLD_P;2014;670000058;670013366;MEDCH;1;1;1.5;0
USLD_P;2014;670000058;670013366;N2210;10;2;11.7;0
USLD_P;2014;670000058;670013366;N2410;;1;0.5;0
USLD_P;2014;670000058;670013366;N2510;35;2;36.38;0
USLD_P;2014;670000058;670013366;NAUT;23;4;23.92;0
USLD_P;2014;670000157;670780337;M1320;;1;0.5;1
USLD_P;2014;670000157;670780337;MEDCH;;1;0.5;1
USLD_P;2014;670000157;670780337;N2210;6;3;9.1;0
USLD_P;2014;670000157;670780337;N2410;;1;0.5;0
USLD_P;2014;670000157;670780337;N2510;8;4;10.52;0
USLD_P;2014;670000157;670780337;NAUT;4;6;8.06;0
USLD_P;2014;670000165;670780345;M1320;1;;0.7;0
USLD_P;2014;670000165;670780345;MEDCH;1;;0.7;0
USLD_P;2014;670000165;670780345;N2210;6;5;9.07;0
USLD_P;2014;670000165;670780345;N2510;5;3;7.75;0
USLD_P;2014;670000165;670780345;NAUT;6;4;7.08;0
USLD_P;2014;670000215;680000643;MEDCH;1;;1;1
USLD_P;2014;670000215;680000643;N2210;8;2;9;0
USLD_P;2014;670000215;680000643;N2410;1;;1;0
USLD_P;2014;670000215;680000643;N2460;;1;0.1;1
USLD_P;2014;670000215;680000643;N2510;11;6;14;0
USLD_P;2014;670000215;680000643;N3120;;1;0.1;1
USLD_P;2014;670000306;670780584;M1320;1;3;3.32;0
USLD_P;2014;670000306;670780584;MEDCH;1;3;3.32;0
USLD_P;2014;670000306;670780584;N2210;24;1;24.08;0
USLD_P;2014;670000306;670780584;N2410;0;2;1.55;0
USLD_P;2014;670000306;670780584;N2460;0;1;0.23;0
USLD_P;2014;670000306;670780584;N2470;0;2;0.3;0
USLD_P;2014;670000306;670780584;N2510;31;5;32.99;0
USLD_P;2014;670000306;670780584;NAUT;11;13;18.39;0
USLD_P;2014;670000348;670780642;M1320;4;3;6.1;0
USLD_P;2014;670000348;670780642;N2210;13;5;16.7;0
USLD_P;2014;670000348;670780642;NAUT;7;1;7.8;0
USLD_P;2014;670000397;670780691;MEDCH;2;1;1.02;0
USLD_P;2014;670000397;670780691;N2210;5;9;11.71;0
USLD_P;2014;670000397;670780691;N2410;0;1;0.25;0
USLD_P;2014;670000397;670780691;N2460;0;0;0.23;0
USLD_P;2014;670000397;670780691;N2510;14;3;12.97;0
USLD_P;2014;670000397;670780691;NAUT;5;5;7.11;0
USLD_P;2014;670000603;670781152;M1320;0;2;1;1
USLD_P;2014;670000603;670781152;MEDCH;1;2;1.27;1
USLD_P;2014;670000603;670781152;N2210;8;0;7.98;0
USLD_P;2014;670000603;670781152;N2460;0;1;0.2;1
USLD_P;2014;670000603;670781152;N2510;14;2;15.87;1
USLD_P;2014;670000603;670781152;NAUT;6;8;11.26;1
USLD_P;2014;670002278;750043994;M1320;1;;1;0
USLD_P;2014;670002278;750043994;N2210;7;;7;0
USLD_P;2014;670002278;750043994;N2410;1;;1;0
USLD_P;2014;670002278;750043994;N2460;1;;1;0
USLD_P;2014;670002278;750043994;N2510;12;;12;0
USLD_P;2014;670002278;750043994;NAUT;10;1;10.6;0
USLD_P;2014;670014992;670780139;M1320;;3;0.75;1
USLD_P;2014;670014992;670780139;MEDCH;;4;0.95;1
USLD_P;2014;670014992;670780139;N2210;5;2;6.25;0
USLD_P;2014;670014992;670780139;N2410;;1;0.5;0
USLD_P;2014;670014992;670780139;N2510;14;;14;0
USLD_P;2014;670014992;670780139;NAUT;8;17;12.01;1
USLD_P;2014;670799550;670780055;M1320;2;0;0.76;1
USLD_P;2014;670799550;670780055;MEDCH;2;0;0.76;1
USLD_P;2014;670799550;670780055;N2210;19;6;23.1;
USLD_P;2014;670799550;670780055;N2410;1;0;1;
USLD_P;2014;670799550;670780055;N2470;0;1;0.5;
USLD_P;2014;670799550;670780055;N2510;52;15;62.93;
USLD_P;2014;670799550;670780055;NAUT;25;10;35.41;
USLD_P;2014;680000122;680000346;M1320;1;;1;1
USLD_P;2014;680000122;680000346;MEDCH;1;;1;1
USLD_P;2014;680000122;680000346;N2210;2;2;3.28;
USLD_P;2014;680000122;680000346;N2410;1;;0.3;
USLD_P;2014;680000122;680000346;N2460;1;;0.3;
USLD_P;2014;680000122;680000346;N2510;18;1;17.56;
USLD_P;2014;680000122;680000346;NAUT;7;2;6.31;
USLD_P;2014;680000312;680015963;M1320;;2;0.59;
USLD_P;2014;680000312;680015963;N2210;2;4;4.3;
USLD_P;2014;680000312;680015963;N2410;;1;0.29;
USLD_P;2014;680000312;680015963;N2460;;1;0.29;
USLD_P;2014;680000312;680015963;N2510;8;3;9.32;
USLD_P;2014;680000312;680015963;NAUT;2;9;6.24;
USLD_P;2014;680000544;680000395;M1320;0;2;0.84;0
USLD_P;2014;680000544;680000395;MEDCH;0;2;0.84;0
USLD_P;2014;680000544;680000395;N2210;4;12;5.76;0
USLD_P;2014;680000544;680000395;N2460;0;2;1;0
USLD_P;2014;680000544;680000395;N2510;0;20;9.27;0
USLD_P;2014;680000544;680000395;NAUT;0;3;1.56;0
USLD_P;2014;680000627;680000486;M1320;1;0;0.3;1
USLD_P;2014;680000627;680000486;MEDCH;2;0;0.4;1
USLD_P;2014;680000627;680000486;N2210;30;7;32.02;0
USLD_P;2014;680000627;680000486;N2410;4;0;2.37;0
USLD_P;2014;680000627;680000486;N2460;1;1;1.6;0
USLD_P;2014;680000627;680000486;N2470;1;0;0.13;0
USLD_P;2014;680000627;680000486;N2510;44;13;51.39;1
USLD_P;2014;680000627;680000486;N3120;1;0;0.21;1
USLD_P;2014;680000627;680000486;NAUT;33;9;36.87;1
USLD_P;2014;680000767;680001088;MEDCH;1;;1;0
USLD_P;2014;680000767;680001088;N2210;7;4;10.02;0
USLD_P;2014;680000767;680001088;N2460;;2;1;1
USLD_P;2014;680000767;680001088;N2470;;1;0.1;1
USLD_P;2014;680000767;680001088;N2510;18;3;20.03;0
USLD_P;2014;680000767;680001088;NAUT;7;2;8.36;0
USLD_P;2014;680000833;680001138;MEDCH;;2;0.62;1
USLD_P;2014;680000833;680001138;N2210;9;1;9.18;0
USLD_P;2014;680000833;680001138;N2410;1;;0.99;0
USLD_P;2014;680000833;680001138;N2460;1;;0.5;1
USLD_P;2014;680000833;680001138;N2510;16;1;17.74;0
USLD_P;2014;680000833;680001138;NAUT;42;9;20.52;1
USLD_P;2014;680000882;680016011;MEDCH;4;1;2.7;
USLD_P;2014;680000882;680016011;N2210;6;13;10.92;
USLD_P;2014;680000882;680016011;N2410;2;;1.5;
USLD_P;2014;680000882;680016011;N2460;1;;0.5;
USLD_P;2014;680000882;680016011;N2510;13;1;12.74;
USLD_P;2014;680000882;680016011;NAUT;16;4;14.5;
USLD_P;2014;680003324;680014495;MEDCH;7;4;2.94;1
USLD_P;2014;680003324;680014495;N2210;18;6;22.8;1
USLD_P;2014;680003324;680014495;N2410;3;1;1.35;1
USLD_P;2014;680003324;680014495;N2460;2;1;1;1
USLD_P;2014;680003324;680014495;N2470;1;;0.93;1
USLD_P;2014;680003324;680014495;N2510;34;8;46.35;1
USLD_P;2014;680003324;680014495;N3120;1;;0.13;1
USLD_P;2014;680003324;680014495;NAUT;129;23;42.46;1
USLD_P;2014;680004553;680000486;MEDCH;1;0;0.5;1
USLD_P;2014;680004553;680000486;N2210;23;5;23.8;0
USLD_P;2014;680004553;680000486;N2410;4;;2.37;0
USLD_P;2014;680004553;680000486;N2460;1;1;1.6;0
USLD_P;2014;680004553;680000486;N2510;34;8;39.28;0
USLD_P;2014;680004553;680000486;N3120;1;;0.21;1
USLD_P;2014;680004553;680000486;NAUT;25;3;25.33;1
USLD_P;2014;690000245;690780432;M1320;2;;1.85;0
USLD_P;2014;690000245;690780432;MEDCH;2;;1.85;0
USLD_P;2014;690000245;690780432;N2210;9;3;10.7;0
USLD_P;2014;690000245;690780432;N2410;;2;1.15;0
USLD_P;2014;690000245;690780432;N2460;;1;0.9;0
USLD_P;2014;690000245;690780432;N2470;;1;0.67;0
USLD_P;2014;690000245;690780432;N2510;41;10;48.3;0
USLD_P;2014;690000245;690780432;N3120;22;4;24.56;0
USLD_P;2014;690000609;690010749;M1320;;;0.5;1
USLD_P;2014;690000609;690010749;MEDCH;;1;0.5;0
USLD_P;2014;690000609;690010749;N2210;9;1;7.72;1
USLD_P;2014;690000609;690010749;N2460;1;;0.25;
USLD_P;2014;690000609;690010749;N2510;17;4;15.38;1
USLD_P;2014;690000609;690010749;NAUT;15;1;8.35;1
USLD_P;2014;690000773;690782925;M1320;1;;0.3;1
USLD_P;2014;690000773;690782925;MEDCH;3;;1.5;1
USLD_P;2014;690000773;690782925;N2210;21;3;13.21;1
USLD_P;2014;690000773;690782925;N2410;;2;0.8;1
USLD_P;2014;690000773;690782925;N2460;;1;0.15;1
USLD_P;2014;690000773;690782925;N2470;;2;0.21;1
USLD_P;2014;690000773;690782925;N2510;30;10;30.33;1
USLD_P;2014;690000773;690782925;N3120;;1;0.24;1
USLD_P;2014;690000773;690782925;NAUT;27;16;21.63;1
USLD_P;2014;690780150;690000104;M1320;0;1;0.6;0
USLD_P;2014;690780150;690000104;N2210;2;6;6.48;1
USLD_P;2014;690780150;690000104;N2410;;1;0.25;1
USLD_P;2014;690780150;690000104;N2460;;2;1.2;1
USLD_P;2014;690780150;690000104;N2510;5;4;7.74;1
USLD_P;2014;690780150;690000104;N3120;;;;1
USLD_P;2014;690782420;690793633;M1320;;1;0.5;0
USLD_P;2014;690782420;690793633;MEDCH;;3;0.73;0
USLD_P;2014;690782420;690793633;N2210;;23;6.27;0
USLD_P;2014;690782420;690793633;N2410;;1;0.5;0
USLD_P;2014;690782420;690793633;N2470;;1;0.13;0
USLD_P;2014;690782420;690793633;N2510;;17;9.6;0
USLD_P;2014;690782420;690793633;N3120;;1;0.25;0
USLD_P;2014;690782420;690793633;NAUT;;29;8.42;0
USLD_P;2014;690784194;690781810;MEDCH;1;;1;0
USLD_P;2014;690784194;690781810;N2210;8;3;9.67;0
USLD_P;2014;690784194;690781810;N2460;;;0.13;0
USLD_P;2014;690784194;690781810;N2470;;;0.65;0
USLD_P;2014;690784194;690781810;N2510;32;3;36.38;0
USLD_P;2014;690784194;690781810;N3120;;;0.08;0
USLD_P;2014;690784194;690781810;NAUT;9;;9.8;0
USLD_P;2014;690787429;690781810;N2210;13;2;15.8;0
USLD_P;2014;690787429;690781810;N2510;32;11;42.64;0
USLD_P;2014;690787429;690781810;NAUT;9;4;8.75;0
USLD_P;2014;690787452;690781810;N2210;17;8;21.77;0
USLD_P;2014;690787452;690781810;N2460;;;0.5;0
USLD_P;2014;690787452;690781810;N2470;;;0.44;0
USLD_P;2014;690787452;690781810;N2510;59;13;68.16;0
USLD_P;2014;690787452;690781810;N3120;;;0.3;
USLD_P;2014;690787452;690781810;NAUT;14;3;18.02;0
USLD_P;2014;690787478;690781810;MEDCH;1;;0.7;1
USLD_P;2014;690787478;690781810;N2210;26;10;30.88;0
USLD_P;2014;690787478;690781810;N2410;;;1;0
USLD_P;2014;690787478;690781810;N2460;;;0.19;0
USLD_P;2014;690787478;690781810;N2510;87;12;89.96;0
USLD_P;2014;690787478;690781810;N3120;;;0.39;
USLD_P;2014;690787478;690781810;NAUT;3;1;3.8;1
USLD_P;2014;690791132;690001912;M1320;;3;0.84;1
USLD_P;2014;690791132;690001912;MEDCH;1;3;1.44;1
USLD_P;2014;690791132;690001912;N2210;9;;8.4;1
USLD_P;2014;690791132;690001912;N2410;0;2;0.6;1
USLD_P;2014;690791132;690001912;N2460;0;1;0.3;1
USLD_P;2014;690791132;690001912;N2470;0;1;0.3;1
USLD_P;2014;690791132;690001912;N2510;16;;15.6;1
USLD_P;2014;690791132;690001912;NAUT;12;11;17.23;1
USLD_P;2014;690801709;690802715;M1320;0;3;1.45;1
USLD_P;2014;690801709;690802715;MEDCH;0;3;1.45;1
USLD_P;2014;690801709;690802715;N2210;7;3;9.6;0
USLD_P;2014;690801709;690802715;N2410;0;4;0.84;1
USLD_P;2014;690801709;690802715;N2460;0;1;0.33;1
USLD_P;2014;690801709;690802715;N2470;0;1;0.5;1
USLD_P;2014;690801709;690802715;N2510;17;1;17.7;0
USLD_P;2014;690802251;690782222;M1320;;2;0.64;1
USLD_P;2014;690802251;690782222;MEDCH;;2;0.64;1
USLD_P;2014;690802251;690782222;N2210;9;3;6.99;1
USLD_P;2014;690802251;690782222;N2460;;1;0.08;1
USLD_P;2014;690802251;690782222;N2510;24;5;18.09;1
USLD_P;2014;690802251;690782222;NAUT;9;3;5.15;1
USLD_P;2014;690802913;690005038;M1320;1;;1;0
USLD_P;2014;690802913;690005038;MEDCH;1;2;1.33;1
USLD_P;2014;690802913;690005038;N2210;11;3;12.91;1
USLD_P;2014;690802913;690005038;N2410;;2;0.74;1
USLD_P;2014;690802913;690005038;N2460;;1;0.44;1
USLD_P;2014;690802913;690005038;N2470;;1;0.52;1
USLD_P;2014;690802913;690005038;N2510;25;6;29.47;1
USLD_P;2014;690802913;690005038;N3120;;1;0.03;1
USLD_P;2014;690802913;690005038;NAUT;1;29;18;1
USLD_P;2014;690803093;690780564;M1320;;1;0.5;
USLD_P;2014;690803093;690780564;MEDCH;;1;0.5;
USLD_P;2014;690803093;690780564;N2210;5;4;7;
USLD_P;2014;690803093;690780564;N2410;;1;0.35;
USLD_P;2014;690803093;690780564;N2470;;1;0.5;
USLD_P;2014;690803093;690780564;N2510;7;2;8.3;
USLD_P;2014;690803093;690780564;NAUT;9;2;10;
USLD_P;2014;700784341;700004096;MEDCH;;1;0.25;1
USLD_P;2014;700784341;700004096;N2210;7;1;8;
USLD_P;2014;700784341;700004096;N2510;15;;13.55;
USLD_P;2014;710972282;710781451;M1320;1;;1;0
USLD_P;2014;710972282;710781451;MEDCH;1;2;1.29;0
USLD_P;2014;710972282;710781451;N2210;15;2;15.54;0
USLD_P;2014;710972282;710781451;N2410;;1;0.2;0
USLD_P;2014;710972282;710781451;N2510;20;11;27.36;0
USLD_P;2014;710972282;710781451;NAUT;9;9;11.67;0
USLD_P;2014;710972365;710780644;MEDCH;;3;1.49;0
USLD_P;2014;710972365;710780644;N2210;12;1;11.62;0
USLD_P;2014;710972365;710780644;N2460;2;;1.3;0
USLD_P;2014;710972365;710780644;N2510;26;9;26.53;0
USLD_P;2014;710972365;710780644;N3120;;1;0.15;0
USLD_P;2014;710972365;710780644;NAUT;67;5;16.71;0
USLD_P;2014;710972423;710780263;MEDCH;;2;1.3;0
USLD_P;2014;710972423;710780263;N2210;16;10;17.07;
USLD_P;2014;710972423;710780263;N2510;47;14;45.98;
USLD_P;2014;710972423;710780263;NAUT;22;5;17.28;
USLD_P;2014;720000033;720000025;MEDCH;0;2;0.6;1
USLD_P;2014;720000033;720000025;N2210;5;13;15.3;
USLD_P;2014;720000033;720000025;N2410;0;4;0.95;
USLD_P;2014;720000033;720000025;N2460;0;6;0.53;
USLD_P;2014;720000033;720000025;N2510;21;16;34.47;
USLD_P;2014;720000033;720000025;NAUT;11;7;11.49;
USLD_P;2014;720000124;720000066;MEDCH;2;;0.39;
USLD_P;2014;720000124;720000066;N2210;;12;3.61;
USLD_P;2014;720000124;720000066;N2410;;1;0.31;
USLD_P;2014;720000124;720000066;N2460;;1;0.15;
USLD_P;2014;720000124;720000066;N2510;;32;10.23;
USLD_P;2014;720000124;720000066;NAUT;;18;6.43;
USLD_P;2014;720000314;720000090;MEDCH;1;;0.98;0
USLD_P;2014;720000314;720000090;N2210;1;;1.76;0
USLD_P;2014;720000314;720000090;N2510;8;;7.18;0
USLD_P;2014;720000314;720000090;N3120;;1;0.42;0
USLD_P;2014;720000314;720000090;NAUT;15;5;10.08;0
USLD_P;2014;720000470;610780082;MEDCH;1;;0.71;1
USLD_P;2014;720000470;610780082;N2210;;7;4.81;1
USLD_P;2014;720000470;610780082;N2510;;17;13.01;1
USLD_P;2014;720000470;610780082;NAUT;;16;13.14;1
USLD_P;2014;720000520;720000140;M1320;1;;1;1
USLD_P;2014;720000520;720000140;MEDCH;1;;1;1
USLD_P;2014;720000520;720000140;N2210;6;4;8.16;1
USLD_P;2014;720000520;720000140;N2510;18;2;18.89;1
USLD_P;2014;720000520;720000140;NAUT;15;1;16.67;1
USLD_P;2014;720000801;720002054;MEDCH;0;2;1.05;0
USLD_P;2014;720000801;720002054;N2210;5;6;6.79;1
USLD_P;2014;720000801;720002054;N2510;0;28;10.31;1
USLD_P;2014;720000801;720002054;NAUT;0;35;14.56;1
USLD_P;2014;720005909;720000025;MEDCH;;3;0.87;
USLD_P;2014;720005909;720000025;N2210;22;6;22.65;
USLD_P;2014;720005909;720000025;N2510;49;28;67.68;
USLD_P;2014;720005909;720000025;N3120;1;;0.11;
USLD_P;2014;720005909;720000025;NAUT;20;12;24.03;
USLD_P;2014;730000049;730002839;M1320;2;1;0.37;1
USLD_P;2014;730000049;730002839;MEDCH;2;2;0.59;1
USLD_P;2014;730000049;730002839;N2210;5;;5.06;0
USLD_P;2014;730000049;730002839;N2410;1;;0.24;1
USLD_P;2014;730000049;730002839;N2510;15;;12.45;0
USLD_P;2014;730000049;730002839;N3120;;;0.08;1
USLD_P;2014;730000049;730002839;NAUT;18;5;10.71;1
USLD_P;2014;730000080;730780103;MEDCH;1;;0.8;1
USLD_P;2014;730000080;730780103;N2210;10;;5.9;0
USLD_P;2014;730000080;730780103;N2410;1;;1;0
USLD_P;2014;730000080;730780103;N2460;1;;0.25;1
USLD_P;2014;730000080;730780103;N2510;15;;12.77;0
USLD_P;2014;730000080;730780103;NAUT;7;3;7.42;1
USLD_P;2014;730000098;730780111;M1320;2;0;0.7;1
USLD_P;2014;730000098;730780111;MEDCH;2;0;0.7;1
USLD_P;2014;730000098;730780111;N2210;6;1;6.27;0
USLD_P;2014;730000098;730780111;N2410;1;0;0.5;0
USLD_P;2014;730000098;730780111;N2460;0;1;0.09;1
USLD_P;2014;730000098;730780111;N2470;0;1;0.15;1
USLD_P;2014;730000098;730780111;N2510;10;3;13.35;1
USLD_P;2014;730000098;730780111;NAUT;8;2;8.73;0
USLD_P;2014;730783552;730000015;MEDCH;;3;0.55;0
USLD_P;2014;730783552;730000015;N2210;7;20;15.07;1
USLD_P;2014;730783552;730000015;N2510;20;9;25.26;0
USLD_P;2014;730785276;730002839;M1320;1;1;0.5;1
USLD_P;2014;730785276;730002839;MEDCH;1;1;0.5;1
USLD_P;2014;730785276;730002839;N2210;5;3;6.42;0
USLD_P;2014;730785276;730002839;N2410;0;1;0.01;1
USLD_P;2014;730785276;730002839;N2470;;;0.38;1
USLD_P;2014;730785276;730002839;N2510;13;5;15.84;0
USLD_P;2014;730785276;730002839;N3120;;1;0.18;1
USLD_P;2014;730785276;730002839;NAUT;4;19;8.35;1
USLD_P;2014;740000286;740781190;M1320;1;;0.5;1
USLD_P;2014;740000286;740781190;N2210;7;;6.46;1
USLD_P;2014;740000286;740781190;N2410;;3;0.77;1
USLD_P;2014;740000286;740781190;N2460;;1;0.15;1
USLD_P;2014;740000286;740781190;N2510;4;3;5.72;1
USLD_P;2014;740000286;740781190;NAUT;10;7;12.39;1
USLD_P;2014;740000302;740781133;N2210;6;1;6;0
USLD_P;2014;740000302;740781133;N2510;11;2;9.84;0
USLD_P;2014;740000302;740781133;NAUT;8;3;10.05;0
USLD_P;2014;740000401;740781893;MEDCH;1;;1;
USLD_P;2014;740001847;740780168;M1320;;1;0.5;1
USLD_P;2014;740001847;740780168;MEDCH;;1;0.5;1
USLD_P;2014;740001847;740780168;N2210;8;2;8.8;1
USLD_P;2014;740001847;740780168;N2410;1;;1;1
USLD_P;2014;740001847;740780168;N2460;;1;0.2;1
USLD_P;2014;740001847;740780168;N2510;22;1;20.88;1
USLD_P;2014;740001847;740780168;N3120;;1;0.5;1
USLD_P;2014;740001847;740780168;NAUT;15;4;17.27;1
USLD_P;2014;740011481;740781133;MEDCH;2;0;1.3;0
USLD_P;2014;740011481;740781133;N2210;15;2;15.42;0
USLD_P;2014;740011481;740781133;N2410;1;0;0.28;0
USLD_P;2014;740011481;740781133;N2510;24;3;19.05;0
USLD_P;2014;740011481;740781133;N3120;1;2;0.52;0
USLD_P;2014;740011481;740781133;NAUT;36;8;37.87;0
USLD_P;2014;740788070;740790381;M1320;1;;0.3;1
USLD_P;2014;740788070;740790381;MEDCH;1;;0.3;
USLD_P;2014;740788070;740790381;N2210;7;;7.19;0
USLD_P;2014;740788070;740790381;N2410;;;0.14;1
USLD_P;2014;740788070;740790381;N2510;8;;8.44;0
USLD_P;2014;740788070;740790381;N3120;1;;0.04;1
USLD_P;2014;740788070;740790381;NAUT;6;;1.76;
USLD_P;2014;740789532;740781208;MEDCH;0;2;0.71;
USLD_P;2014;740789532;740781208;N2210;3;6;6.79;
USLD_P;2014;740789532;740781208;N2410;0;0;0.19;
USLD_P;2014;740789532;740781208;N2510;6;6;10.23;
USLD_P;2014;740789532;740781208;N3120;0;1;0.1;
USLD_P;2014;740789532;740781208;NAUT;13;20;27.05;
USLD_P;2014;750041543;750712184;M1320;2;0;2;0
USLD_P;2014;750041543;750712184;MEDCH;2;0;2;0
USLD_P;2014;750041543;750712184;N2210;11;1;11.9;0
USLD_P;2014;750041543;750712184;N2410;0;4;0.6;0
USLD_P;2014;750041543;750712184;N2460;0;3;0.35;0
USLD_P;2014;750041543;750712184;N2470;0;3;1.3;0
USLD_P;2014;750041543;750712184;N2510;31;2;31.9;0
USLD_P;2014;750041543;750712184;N3120;5;0;0.11;0
USLD_P;2014;750041543;750712184;NAUT;9;0;9;0
USLD_P;2014;750100042;750712184;M1320;2;;1.2;
USLD_P;2014;750100042;750712184;MEDCH;2;;1.2;
USLD_P;2014;750100042;750712184;N2210;12;2;13.6;
USLD_P;2014;750100042;750712184;N2410;0;1;0.5;
USLD_P;2014;750100042;750712184;N2460;1;;1;
USLD_P;2014;750100042;750712184;N2470;1;;1;
USLD_P;2014;750100042;750712184;N2510;46;1;40.82;
USLD_P;2014;750100042;750712184;N3120;0;1;0.5;
USLD_P;2014;750100042;750712184;NAUT;8;3;8.79;
USLD_P;2014;750100083;750712184;N2210;8;0;8;
USLD_P;2014;750100083;750712184;N2410;1;0;0.32;
USLD_P;2014;750100083;750712184;N2510;16;1;17.61;
USLD_P;2014;750100083;750712184;NAUT;3;3;1.5;
USLD_P;2014;750100125;750712184;MEDCH;;1;0.7;0
USLD_P;2014;750100125;750712184;N2210;9;1;9.7;0
USLD_P;2014;750100125;750712184;N2460;;1;0.5;0
USLD_P;2014;750100125;750712184;N2510;19;2;20.5;0
USLD_P;2014;750100125;750712184;N3120;1;;1;0
USLD_P;2014;750100125;750712184;NAUT;3;1;3.2;0
USLD_P;2014;750100216;750712184;M1320;1;3;3.69;
USLD_P;2014;750100216;750712184;MEDCH;1;3;3.69;
USLD_P;2014;750100216;750712184;N2210;38;3;36.44;
USLD_P;2014;750100216;750712184;N2410;;;2.6;
USLD_P;2014;750100216;750712184;N2460;;;1;
USLD_P;2014;750100216;750712184;N2470;;;1;
USLD_P;2014;750100216;750712184;N2510;91;10;94.94;
USLD_P;2014;750100216;750712184;NAUT;1;;1;
USLD_P;2014;750100299;750712184;M1320;5;5;8;0
USLD_P;2014;750100299;750712184;N2210;48;3;50;
USLD_P;2014;750100299;750712184;N2460;1;;1;
USLD_P;2014;750100299;750712184;N2470;;1;0.5;
USLD_P;2014;750100299;750712184;N2510;164;19;185.2;
USLD_P;2014;750100299;750712184;NAUT;15;3;15.25;
USLD_P;2014;750150377;750721334;M1320;1;;1.71;0
USLD_P;2014;750150377;750721334;MEDCH;1;2;1.71;0
USLD_P;2014;750150377;750721334;N2210;8;2;8.39;0
USLD_P;2014;750150377;750721334;N2410;1;;0.16;0
USLD_P;2014;750150377;750721334;N2460;1;;0.11;0
USLD_P;2014;750150377;750721334;N2510;30;3;30.56;0
USLD_P;2014;750150377;750721334;N3120;1;;0.1;0
USLD_P;2014;750150377;750721334;NAUT;3;;2.22;0
USLD_P;2014;750801441;750712184;M1320;2;11;5.2;0
USLD_P;2014;750801441;750712184;MEDCH;3;13;7.13;0
USLD_P;2014;750801441;750712184;N2210;79;14;65.24;0
USLD_P;2014;750801441;750712184;N2410;1;;1;0
USLD_P;2014;750801441;750712184;N2460;;1;1.89;0
USLD_P;2014;750801441;750712184;N2470;;1;0.3;0
USLD_P;2014;750801441;750712184;N2510;230;24;213.81;0
USLD_P;2014;750801441;750712184;N3120;5;2;1.8;0
USLD_P;2014;750801441;750712184;NAUT;44;14;57.77;0
USLD_P;2014;760000141;760780239;M1320;2;;1.5;1
USLD_P;2014;760000141;760780239;MEDCH;2;;1.5;
USLD_P;2014;760000141;760780239;N2210;10;10;13.54;
USLD_P;2014;760000141;760780239;N2410;1;;1;
USLD_P;2014;760000141;760780239;N2460;1;1;0.5;
USLD_P;2014;760000141;760780239;N2470;1;;0.5;
USLD_P;2014;760000141;760780239;N2510;50;9;58.66;
USLD_P;2014;760000141;760780239;N3120;;;0.08;
USLD_P;2014;760000141;760780239;NAUT;24;2;20.36;
USLD_P;2014;760000356;760780726;M1320;3;1;1.9;
USLD_P;2014;760000356;760780726;MEDCH;3;1;1.9;
USLD_P;2014;760000356;760780726;N2210;24;5;25.77;0
USLD_P;2014;760000356;760780726;N2410;1;0;1;0
USLD_P;2014;760000356;760780726;N2470;0;1;0.38;0
USLD_P;2014;760000356;760780726;N2510;57;10;54.8;0
USLD_P;2014;760000356;760780726;N3120;0;0;0.08;1
USLD_P;2014;760000356;760780726;NAUT;44;16;45.79;1
USLD_P;2014;760000380;760780759;MEDCH;;8;0.6;1
USLD_P;2014;760000380;760780759;N2210;3;2;4;1
USLD_P;2014;760000380;760780759;N2410;;2;1.35;1
USLD_P;2014;760000380;760780759;N2460;;;0.2;1
USLD_P;2014;760000380;760780759;N2470;1;;0.3;1
USLD_P;2014;760000380;760780759;N2510;10;2;11.5;1
USLD_P;2014;760000380;760780759;N3120;;;;1
USLD_P;2014;760000380;760780759;NAUT;1;;0.65;1
USLD_P;2014;760023671;760780239;M1320;1;;1;
USLD_P;2014;760023671;760780239;MEDCH;1;;1;
USLD_P;2014;760023671;760780239;N2210;12;4;14.75;
USLD_P;2014;760023671;760780239;N2410;1;;0.25;
USLD_P;2014;760023671;760780239;N2460;1;;0.25;
USLD_P;2014;760023671;760780239;N2470;1;;0.07;
USLD_P;2014;760023671;760780239;N2510;41;4;40.54;
USLD_P;2014;760023671;760780239;N3120;;;0.03;
USLD_P;2014;760023671;760780239;NAUT;14;3;11.5;
USLD_P;2014;760033803;760780213;MEDCH;;1;0.6;1
USLD_P;2014;760033803;760780213;N2210;8;1;8.3;0
USLD_P;2014;760033803;760780213;N2460;;1;0.3;1
USLD_P;2014;760033803;760780213;N2510;19;2;20.1;1
USLD_P;2014;760033803;760780213;NAUT;;3;0.85;1
USLD_P;2014;760783530;760780239;M1320;1;;1.18;
USLD_P;2014;760783530;760780239;MEDCH;1;;1.42;
USLD_P;2014;760783530;760780239;N2210;18;1;16.6;
USLD_P;2014;760783530;760780239;N2410;1;;0.91;
USLD_P;2014;760783530;760780239;N2460;3;;1.52;
USLD_P;2014;760783530;760780239;N2470;2;;1.5;
USLD_P;2014;760783530;760780239;N2510;53;9;57.82;
USLD_P;2014;760783530;760780239;N3120;;;0.04;
USLD_P;2014;760783530;760780239;NAUT;28;2;24.93;
USLD_P;2014;760800938;760780023;MEDCH;2;;2;
USLD_P;2014;760800938;760780023;N2210;14;8;18.12;
USLD_P;2014;760800938;760780023;N2410;1;0;1;
USLD_P;2014;760800938;760780023;N2460;1;0;1;
USLD_P;2014;760800938;760780023;N2510;58;12;59;
USLD_P;2014;760800938;760780023;N3120;1;0;0.3;
USLD_P;2014;760800938;760780023;NAUT;57;16;49.32;
USLD_P;2014;760806950;760780734;MEDCH;1;1;0.79;0
USLD_P;2014;760806950;760780734;N2210;7;0;7.04;0
USLD_P;2014;760806950;760780734;N2410;0;0;0;1
USLD_P;2014;760806950;760780734;N2460;0;0;0;1
USLD_P;2014;760806950;760780734;N2470;0;0;0;1
USLD_P;2014;760806950;760780734;N2510;19;0;18.99;0
USLD_P;2014;760806950;760780734;N3120;0;0;0;1
USLD_P;2014;760806950;760780734;NAUT;25;12;11.96;0
USLD_P;2014;770000156;770110054;M1320;2;;2;
USLD_P;2014;770000156;770110054;MEDCH;2;;2;1
USLD_P;2014;770000156;770110054;N2210;6;1;6.53;0
USLD_P;2014;770000156;770110054;N2460;;1;0.8;0
USLD_P;2014;770000156;770110054;N2510;20;5;26;0
USLD_P;2014;770000156;770110054;NAUT;6;1;4.83;1
USLD_P;2014;770000164;770110062;M1320;1;1;1.38;
USLD_P;2014;770000164;770110062;MEDCH;2;2;1.48;
USLD_P;2014;770000164;770110062;N2210;14;1;13.73;
USLD_P;2014;770000164;770110062;N2510;41;5;41.93;
USLD_P;2014;770000164;770110062;N3120;;1;0.32;
USLD_P;2014;770000164;770110062;NAUT;25;1;19.75;
USLD_P;2014;770000214;770130052;N2210;4;2;4.62;0
USLD_P;2014;770000214;770130052;N2410;;1;0.5;0
USLD_P;2014;770000214;770130052;N2510;15;3;17.18;0
USLD_P;2014;770000214;770130052;N3120;;1;0.3;1
USLD_P;2014;770000214;770130052;NAUT;9;2;9.79;1
USLD_P;2014;770813814;770130037;M1320;1;;1;0
USLD_P;2014;770813814;770130037;MEDCH;1;;1;0
USLD_P;2014;770813814;770130037;N2210;14;3;15.6;0
USLD_P;2014;770813814;770130037;N2410;1;1;1;0
USLD_P;2014;770813814;770130037;N2510;38;14;42.2;0
USLD_P;2014;770813814;770130037;NAUT;31;8;24.9;0
USLD_P;2014;770814622;770700185;M1320;;2;1.05;1
USLD_P;2014;770814622;770700185;MEDCH;;2;1.05;1
USLD_P;2014;770814622;770700185;N2210;5;3;7.9;
USLD_P;2014;770814622;770700185;N2510;21;7;25.15;
USLD_P;2014;770814622;770700185;NAUT;8;3;9.35;
USLD_P;2014;780000287;780110011;M1320;;1;0.25;
USLD_P;2014;780000287;780110011;MEDCH;1;2;0.88;
USLD_P;2014;780000287;780110011;N2210;9;5;11.77;
USLD_P;2014;780000287;780110011;N2410;;1;0.38;
USLD_P;2014;780000287;780110011;N2510;13;3;17.04;
USLD_P;2014;780000287;780110011;NAUT;15;1;11.57;
USLD_P;2014;780000303;780110037;M1320;1;1;1.5;1
USLD_P;2014;780000303;780110037;MEDCH;1;1;1.5;1
USLD_P;2014;780000303;780110037;N2210;7;1;7.87;0
USLD_P;2014;780000303;780110037;N2410;;2;0.68;0
USLD_P;2014;780000303;780110037;N2460;;;0.52;0
USLD_P;2014;780000303;780110037;N2510;35;1;36.99;0
USLD_P;2014;780000303;780110037;N3120;;1;0.25;1
USLD_P;2014;780000303;780110037;NAUT;;1;0.5;1
USLD_P;2014;780000311;780001236;M1320;3;;2.25;
USLD_P;2014;780000311;780001236;MEDCH;3;;2.35;
USLD_P;2014;780000311;780001236;N2210;15;2;15.45;
USLD_P;2014;780000311;780001236;N2460;;;0.4;
USLD_P;2014;780000311;780001236;N2470;;1;0.4;
USLD_P;2014;780000311;780001236;N2510;29;3;34.3;
USLD_P;2014;780000311;780001236;NAUT;30;3;32.42;
USLD_P;2014;780000337;780001236;M1320;1;;0.75;
USLD_P;2014;780000337;780001236;MEDCH;1;;0.75;1
USLD_P;2014;780000337;780001236;N2210;7;1;8.92;
USLD_P;2014;780000337;780001236;N2510;10;4;13.43;
USLD_P;2014;780000337;780001236;NAUT;10;2;13.5;
USLD_P;2014;780000352;780110094;MEDCH;2;1;1.69;0
USLD_P;2014;780000352;780110094;N2210;11;1;11.45;0
USLD_P;2014;780000352;780110094;N2410;1;;1;0
USLD_P;2014;780000352;780110094;N2460;;1;0.9;0
USLD_P;2014;780000352;780110094;N2510;23;2;25.2;0
USLD_P;2014;780000352;780110094;NAUT;13;7;15.18;0
USLD_P;2014;780000360;780130019;M1320;1;2;0.97;1
USLD_P;2014;780000360;780130019;MEDCH;1;2;0.97;1
USLD_P;2014;780000360;780130019;N2210;3;4;4.78;0
USLD_P;2014;780000360;780130019;N2410;;1;0.98;0
USLD_P;2014;780000360;780130019;N2470;;1;0.12;1
USLD_P;2014;780000360;780130019;N2510;8;4;10.23;0
USLD_P;2014;780000360;780130019;N3120;;1;0.11;1
USLD_P;2014;780000360;780130019;NAUT;12;6;13.9;0
USLD_P;2014;780000378;780130027;MEDCH;1;1;0.43;1
USLD_P;2014;780000378;780130027;N2210;5;2;6.94;0
USLD_P;2014;780000378;780130027;N2410;;1;0.5;0
USLD_P;2014;780000378;780130027;N2460;1;;0.12;1
USLD_P;2014;780000378;780130027;N2510;5;1;6.94;0
USLD_P;2014;780000378;780130027;NAUT;36;9;10.56;1
USLD_P;2014;780150033;780020715;M1320;1;;0.12;
USLD_P;2014;780150033;780020715;MEDCH;1;3;1.66;0
USLD_P;2014;780150033;780020715;N2210;14;1;9.31;
USLD_P;2014;780150033;780020715;N2410;;;0.48;
USLD_P;2014;780150033;780020715;N2470;;;0.09;0
USLD_P;2014;780150033;780020715;N2510;18;3;19.31;
USLD_P;2014;780150033;780020715;N3120;;1;0.31;
USLD_P;2014;780150033;780020715;NAUT;19;2;8.82;
USLD_P;2014;780822748;780002697;M1320;;1;0.3;
USLD_P;2014;780822748;780002697;MEDCH;;2;0.9;
USLD_P;2014;780822748;780002697;N2210;6;1;6.81;
USLD_P;2014;780822748;780002697;N2410;1;;0.5;
USLD_P;2014;780822748;780002697;N2510;10;1;10.09;
USLD_P;2014;780822748;780002697;N3120;;1;0.24;
USLD_P;2014;780822748;780002697;NAUT;13;2;15.21;
USLD_P;2014;790000087;790000012;M1320;;2;1.2;0
USLD_P;2014;790000087;790000012;MEDCH;;2;1.2;0
USLD_P;2014;790000087;790000012;N2210;15;5;16.02;0
USLD_P;2014;790000087;790000012;N2410;;;0.13;0
USLD_P;2014;790000087;790000012;N2460;;1;0.47;0
USLD_P;2014;790000087;790000012;N2510;35;;35.7;0
USLD_P;2014;790000087;790000012;N3120;;1;0.39;0
USLD_P;2014;790000087;790000012;NAUT;14;7;18.44;0
USLD_P;2014;790000111;790000046;MEDCH;1;1;0.9;0
USLD_P;2014;790000111;790000046;N2210;5;1;6.5;0
USLD_P;2014;790000111;790000046;N2410;;1;0.84;0
USLD_P;2014;790000111;790000046;N2460;;1;0.8;0
USLD_P;2014;790000111;790000046;N2510;12;4;14.95;0
USLD_P;2014;790000111;790000046;NAUT;7;1;8.46;0
USLD_P;2014;790000145;790000079;M1320;;1;0.52;1
USLD_P;2014;790000145;790000079;MEDCH;;1;0.52;1
USLD_P;2014;790000145;790000079;N2210;9;2;9.05;0
USLD_P;2014;790000145;790000079;N2410;1;;0.15;0
USLD_P;2014;790000145;790000079;N2460;1;;0.5;0
USLD_P;2014;790000145;790000079;N2510;9;6;12.8;0
USLD_P;2014;790003537;790006654;MEDCH;1;;0.15;1
USLD_P;2014;790003537;790006654;N2210;5;0;5.88;1
USLD_P;2014;790003537;790006654;N2410;1;0;0.13;1
USLD_P;2014;790003537;790006654;N2460;1;0;0.45;1
USLD_P;2014;790003537;790006654;N2510;9;6;11.72;1
USLD_P;2014;790003537;790006654;NAUT;13;2;9.56;1
USLD_P;2014;790007884;790006654;M1320;1;0;0.4;1
USLD_P;2014;790007884;790006654;MEDCH;1;0;0.4;1
USLD_P;2014;790007884;790006654;N2210;4;4;6.16;1
USLD_P;2014;790007884;790006654;N2460;1;0;0.33;1
USLD_P;2014;790007884;790006654;N2510;8;4;11.27;1
USLD_P;2014;790007884;790006654;NAUT;14;3;11.22;1
USLD_P;2014;790009369;790006654;M1320;1;0;0.5;1
USLD_P;2014;790009369;790006654;MEDCH;1;0;0.5;1
USLD_P;2014;790009369;790006654;N2210;6;3;7.02;1
USLD_P;2014;790009369;790006654;N2410;1;0;0.1;1
USLD_P;2014;790009369;790006654;N2460;1;0;0.45;1
USLD_P;2014;790009369;790006654;N2510;10;4;12.74;1
USLD_P;2014;790009369;790006654;NAUT;12;5;9.68;1
USLD_P;2014;800000200;800000051;MEDCH;1;;0.42;1
USLD_P;2014;800000200;800000051;N2210;11;;6.6;
USLD_P;2014;800000200;800000051;N2410;;1;0.46;
USLD_P;2014;800000200;800000051;N2510;21;2;14.3;
USLD_P;2014;800000200;800000051;NAUT;57;2;15.07;1
USLD_P;2014;800000226;800000069;MEDCH;1;;1.17;1
USLD_P;2014;800000226;800000069;N2210;5;6;10.5;1
USLD_P;2014;800000226;800000069;N2510;24;10;29.03;1
USLD_P;2014;800000226;800000069;NAUT;22;6;22.04;1
USLD_P;2014;800000275;800000077;MEDCH;3;0;1.61;0
USLD_P;2014;800000275;800000077;N2210;8;;7.36;0
USLD_P;2014;800000275;800000077;N2510;42;;39.9;0
USLD_P;2014;800000275;800000077;NAUT;35;;31.24;0
USLD_P;2014;800000390;800000085;MEDCH;1;1;0.43;1
USLD_P;2014;800000390;800000085;N2210;8;;7.14;0
USLD_P;2014;800000390;800000085;N2410;;1;0.75;0
USLD_P;2014;800000390;800000085;N2510;9;4;14.73;0
USLD_P;2014;800000390;800000085;NAUT;17;7;13.41;0
USLD_P;2014;800000507;800000135;MEDCH;;2;1.1;0
USLD_P;2014;800000507;800000135;N2210;12;1;12.5;0
USLD_P;2014;800000507;800000135;N2510;22;4;25.2;0
USLD_P;2014;800000507;800000135;NAUT;31;3;30.87;0
USLD_P;2014;800000614;800000044;M1320;1;;0.9;0
USLD_P;2014;800000614;800000044;MEDCH;2;;1.65;1
USLD_P;2014;800000614;800000044;N2210;30;12;38.46;0
USLD_P;2014;800000614;800000044;N2410;;;;1
USLD_P;2014;800000614;800000044;N2460;;;;1
USLD_P;2014;800000614;800000044;N2470;;;;1
USLD_P;2014;800000614;800000044;N2510;74;25;94.47;0
USLD_P;2014;800000614;800000044;N3120;;;;1
USLD_P;2014;800000614;800000044;NAUT;20;8;24.69;0
USLD_P;2014;800004152;800000093;M1320;;1;0.6;
USLD_P;2014;800004152;800000093;MEDCH;;1;0.6;
USLD_P;2014;800009417;800000085;MEDCH;2;;1.25;1
USLD_P;2014;800009417;800000085;N2210;5;3;6.81;0
USLD_P;2014;800009417;800000085;N2510;13;3;16.16;0
USLD_P;2014;800009417;800000085;NAUT;35;10;15.33;0
USLD_P;2014;810000505;810000331;MEDCH;1;1;1.1;0
USLD_P;2014;810000505;810000331;N2210;13;4;14.45;0
USLD_P;2014;810000505;810000331;N2410;1;;0.3;0
USLD_P;2014;810000505;810000331;N2460;1;;0.44;0
USLD_P;2014;810000505;810000331;N2470;1;;0.5;0
USLD_P;2014;810000505;810000331;N2510;29;5;31.12;0
USLD_P;2014;810000505;810000331;NAUT;23;10;26.1;0
USLD_P;2014;810000513;810000349;MEDCH;1;;0.5;
USLD_P;2014;810000513;810000349;N2210;9;1;7.4;
USLD_P;2014;810000513;810000349;N2410;1;;0.3;
USLD_P;2014;810000513;810000349;N2460;1;;0.09;
USLD_P;2014;810000513;810000349;N2510;18;2;14.19;
USLD_P;2014;810000513;810000349;N3120;1;;0.4;
USLD_P;2014;810000513;810000349;NAUT;6;;3.83;
USLD_P;2014;810000562;810000455;M1320;1;;0.5;0
USLD_P;2014;810000562;810000455;MEDCH;2;1;1.05;0
USLD_P;2014;810000562;810000455;N2210;10;2;11.88;0
USLD_P;2014;810000562;810000455;N2460;1;;0.5;0
USLD_P;2014;810000562;810000455;N2510;30;1;30.08;0
USLD_P;2014;810000562;810000455;N3120;;1;0.5;
USLD_P;2014;810000562;810000455;NAUT;17;;16.23;0
USLD_P;2014;810099838;810000380;M1320;1;;0.7;1
USLD_P;2014;810099838;810000380;MEDCH;1;;0.7;1
USLD_P;2014;810099838;810000380;N2210;6;4;9.21;0
USLD_P;2014;810099838;810000380;N2410;;;0.32;0
USLD_P;2014;810099838;810000380;N2510;12;4;10.81;0
USLD_P;2014;810099838;810000380;NAUT;1;;0.87;0
USLD_P;2014;810100370;810000380;M1320;1;;0.9;0
USLD_P;2014;810100370;810000380;MEDCH;1;;0.9;0
USLD_P;2014;810100370;810000380;N2210;8;3;10.99;0
USLD_P;2014;810100370;810000380;N2410;;;0.13;0
USLD_P;2014;810100370;810000380;N2470;;1;0.8;0
USLD_P;2014;810100370;810000380;N2510;28;1;19.12;0
USLD_P;2014;810100370;810000380;NAUT;1;;0.64;0
USLD_P;2014;820000032;820000016;M1320;2;;0.95;1
USLD_P;2014;820000032;820000016;MEDCH;3;;1.25;1
USLD_P;2014;820000032;820000016;N2210;11;1;7.64;0
USLD_P;2014;820000032;820000016;N2410;;1;0.15;1
USLD_P;2014;820000032;820000016;N2460;;1;0.06;1
USLD_P;2014;820000032;820000016;N2510;22;;17.05;0
USLD_P;2014;820000032;820000016;NAUT;9;;6.5;1
USLD_P;2014;820000438;820000214;N2210;5;4;8.08;
USLD_P;2014;820000438;820000214;N2410;;1;0.43;
USLD_P;2014;820000438;820000214;N2510;13;8;18.17;
USLD_P;2014;820000438;820000214;NAUT;5;6;7.12;
USLD_P;2014;830000279;830100517;MEDCH;1;;0.52;1
USLD_P;2014;830000279;830100517;N2210;6;2;7.64;1
USLD_P;2014;830000279;830100517;N2410;;1;0.33;1
USLD_P;2014;830000279;830100517;N2510;17;7;15.99;1
USLD_P;2014;830000279;830100517;NAUT;9;2;6.88;1
USLD_P;2014;830000337;830100590;MEDCH;2;;1.4;
USLD_P;2014;830000337;830100590;N2210;4;5;8.87;
USLD_P;2014;830000337;830100590;N2410;1;0;1;
USLD_P;2014;830000337;830100590;N2510;9;6;14.97;
USLD_P;2014;830000337;830100590;N3120;0;1;0.2;
USLD_P;2014;830000337;830100590;NAUT;0;1;0.8;
USLD_P;2014;830013629;130002041;MEDCH;;2;0.58;0
USLD_P;2014;830013629;130002041;N2210;1;5;4.34;0
USLD_P;2014;830013629;130002041;N2510;8;2;9.53;
USLD_P;2014;830013629;130002041;NAUT;;2;1;0
USLD_P;2014;830017372;750721235;M1320;;4;2.44;1
USLD_P;2014;830017372;750721235;MEDCH;;5;3.02;1
USLD_P;2014;830017372;750721235;N2210;21;5;25.51;0
USLD_P;2014;830017372;750721235;N2410;;3;1.06;0
USLD_P;2014;830017372;750721235;N2510;43;3;44.94;0
USLD_P;2014;830017372;750721235;N3120;;1;0.32;1
USLD_P;2014;830017372;750721235;NAUT;9;43;26.88;1
USLD_P;2014;830100608;830100616;MEDCH;2;;0.88;1
USLD_P;2014;830100608;830100616;N2210;;;;1
USLD_P;2014;830100608;830100616;N2460;;1;0.5;0
USLD_P;2014;830100608;830100616;N2470;;1;0.5;0
USLD_P;2014;830100608;830100616;N2510;1;2;2.04;1
USLD_P;2014;830100608;830100616;NAUT;;1;0.68;1
USLD_P;2014;830100764;440052041;MEDCH;4;4;5.12;
USLD_P;2014;830100764;440052041;N2210;4;6;7.7;1
USLD_P;2014;830100764;440052041;N2410;1;;0.5;1
USLD_P;2014;830100764;440052041;N2460;1;;1;1
USLD_P;2014;830100764;440052041;N2470;1;;0.5;1
USLD_P;2014;830100764;440052041;N2510;21;;21;
USLD_P;2014;830202743;830100616;M1320;1;;0.28;
USLD_P;2014;830202743;830100616;MEDCH;2;;0.2;
USLD_P;2014;830202743;830100616;N2210;7;6;10.77;1
USLD_P;2014;830202743;830100616;N2410;;;;1
USLD_P;2014;830202743;830100616;N2510;9;21;25.02;1
USLD_P;2014;830202743;830100616;N3120;;;0.2;1
USLD_P;2014;830202743;830100616;NAUT;3;10;9.5;1
USLD_P;2014;830212734;830008819;M1320;1;1;0.7;0
USLD_P;2014;830212734;830008819;MEDCH;1;1;0.7;0
USLD_P;2014;830212734;830008819;N2210;4;3;3.6;0
USLD_P;2014;830212734;830008819;N2410;1;1;1.6;0
USLD_P;2014;830212734;830008819;N2510;12;3;14.5;0
USLD_P;2014;830212734;830008819;N3120;0;1;0.25;0
USLD_P;2014;830212734;830008819;NAUT;4;8;7.13;0
USLD_P;2014;830212783;830002432;M1320;;3;0.54;
USLD_P;2014;830212783;830002432;MEDCH;;15;0.59;
USLD_P;2014;830212783;830002432;N2210;3;2;4.83;
USLD_P;2014;830212783;830002432;N2410;;1;0.17;
USLD_P;2014;830212783;830002432;N2460;;1;0.11;
USLD_P;2014;830212783;830002432;N2510;6;6;9.5;
USLD_P;2014;830212783;830002432;NAUT;2;7;3.7;
USLD_P;2014;830213880;830100566;M1320;1;;0.5;1
USLD_P;2014;830213880;830100566;MEDCH;1;;0.5;1
USLD_P;2014;830213880;830100566;N2210;7;;7;0
USLD_P;2014;830213880;830100566;N2410;1;;0.3;0
USLD_P;2014;830213880;830100566;N2510;13;;13.17;0
USLD_P;2014;830213880;830100566;NAUT;7;;3.48;1
USLD_P;2014;830213989;830100525;MEDCH;;1;0.6;1
USLD_P;2014;830213989;830100525;N2210;3;9;6.6;
USLD_P;2014;830213989;830100525;N2410;;2;0.51;
USLD_P;2014;830213989;830100525;N2510;10;16;16.07;
USLD_P;2014;830213989;830100525;N3120;;3;0.02;
USLD_P;2014;830213989;830100525;NAUT;4;13;9.37;
USLD_P;2014;840000392;840000046;M1320;;1;0.26;0
USLD_P;2014;840000392;840000046;MEDCH;;1;0.26;0
USLD_P;2014;840000392;840000046;N2210;3;5;5.57;0
USLD_P;2014;840000392;840000046;N2410;;1;0.5;0
USLD_P;2014;840000392;840000046;N2510;10;10;12.97;0
USLD_P;2014;840000392;840000046;N3120;;1;0.34;0
USLD_P;2014;840000392;840000046;NAUT;6;6;8.26;0
USLD_P;2014;840000418;840004659;M1320;;1;0.6;0
USLD_P;2014;840000418;840004659;MEDCH;;1;0.6;0
USLD_P;2014;840000418;840004659;N2210;8;2;7.25;1
USLD_P;2014;840000418;840004659;N2410;;1;0.5;0
USLD_P;2014;840000418;840004659;N2470;1;;1;0
USLD_P;2014;840000418;840004659;N2510;7;1;7.75;1
USLD_P;2014;840000418;840004659;NAUT;3;;3;0
USLD_P;2014;840000483;840000087;M1320;1;;0.6;0
USLD_P;2014;840000483;840000087;MEDCH;1;;0.6;0
USLD_P;2014;840000483;840000087;N2210;7;0;5.1;0
USLD_P;2014;840000483;840000087;N2410;1;;0.5;1
USLD_P;2014;840000483;840000087;N2510;11;;10.3;0
USLD_P;2014;840000483;840000087;N3120;;1;0.23;1
USLD_P;2014;840000483;840000087;NAUT;14;2;10.88;1
USLD_P;2014;840000491;130041916;N2210;5;9;8.58;0
USLD_P;2014;840000491;130041916;N2410;;2;0.55;0
USLD_P;2014;840000491;130041916;N2460;;1;0.45;0
USLD_P;2014;840000491;130041916;N2510;23;6;23.13;0
USLD_P;2014;840000491;130041916;NAUT;15;8;16.08;0
USLD_P;2014;840001861;840006597;M1320;2;0;0.75;
USLD_P;2014;840001861;840006597;MEDCH;2;0;0.75;
USLD_P;2014;840001861;840006597;N2210;11;8;14.62;
USLD_P;2014;840001861;840006597;N2510;30;7;30.06;
USLD_P;2014;840001861;840006597;N3120;1;;0.23;
USLD_P;2014;840001861;840006597;NAUT;20;4;17.83;
USLD_P;2014;840007579;840000012;M1320;;4;2.02;0
USLD_P;2014;840007579;840000012;MEDCH;1;3;3.3;0
USLD_P;2014;840007579;840000012;N2210;4;3;6.53;0
USLD_P;2014;840007579;840000012;N2410;;1;0.5;0
USLD_P;2014;840007579;840000012;N2460;;1;0.41;0
USLD_P;2014;840007579;840000012;N2510;16;4;17.49;0
USLD_P;2014;840007579;840000012;N3120;;1;0.3;0
USLD_P;2014;840007579;840000012;NAUT;4;5;9.54;0
USLD_P;2014;850000142;850000019;M1320;;3;0.5;
USLD_P;2014;850000142;850000019;MEDCH;;3;0.5;
USLD_P;2014;850000142;850000019;N2210;11;5;13.95;
USLD_P;2014;850000142;850000019;N2410;;1;0.6;
USLD_P;2014;850000142;850000019;N2510;28;26;40.97;
USLD_P;2014;850000142;850000019;NAUT;9;11;18.78;
USLD_P;2014;850000209;850000019;MEDCH;;1;0.43;0
USLD_P;2014;850000209;850000019;N2210;;5;3.97;
USLD_P;2014;850000209;850000019;N2410;;1;0.25;
USLD_P;2014;850000209;850000019;N2510;12;6;14.53;
USLD_P;2014;850000209;850000019;NAUT;4;3;6.26;
USLD_P;2014;850000233;850009010;MEDCH;1;;0.32;1
USLD_P;2014;850000233;850009010;N2210;2;1;2.42;1
USLD_P;2014;850000233;850009010;N2410;1;;0.42;1
USLD_P;2014;850000233;850009010;N2510;9;3;11.04;1
USLD_P;2014;850000233;850009010;NAUT;10;6;12.25;1
USLD_P;2014;850000647;850011453;MEDCH;1;;1;0
USLD_P;2014;850000647;850011453;N2210;6;3;7.87;1
USLD_P;2014;850000647;850011453;N2410;;;;1
USLD_P;2014;850000647;850011453;N2460;;1;0.6;1
USLD_P;2014;850000647;850011453;N2470;;1;0.65;1
USLD_P;2014;850000647;850011453;N2510;15;6;18.35;1
USLD_P;2014;850000647;850011453;N3120;;1;0.2;0
USLD_P;2014;850000647;850011453;NAUT;;22;9.45;1
USLD_P;2014;850001116;850020280;M1320;;1;0.4;0
USLD_P;2014;850001116;850020280;MEDCH;1;1;0.64;1
USLD_P;2014;850001116;850020280;N2210;5;4;8.25;0
USLD_P;2014;850001116;850020280;N2410;1;1;0.84;1
USLD_P;2014;850001116;850020280;N2460;;1;0.07;1
USLD_P;2014;850001116;850020280;N2510;6;4;8.85;0
USLD_P;2014;850001116;850020280;NAUT;36;26;19.2;1
USLD_P;2014;850003377;850009010;MEDCH;;2;0.51;1
USLD_P;2014;850003377;850009010;N2210;5;4;7.4;1
USLD_P;2014;850003377;850009010;N2510;12;8;15.62;1
USLD_P;2014;850003377;850009010;NAUT;10;7;10.06;1
USLD_P;2014;850021049;850000084;N2210;8;3;8.84;1
USLD_P;2014;850021049;850000084;N2510;22;10;31.33;0
USLD_P;2014;850021049;850000084;N3120;;1;0.1;1
USLD_P;2014;850021049;850000084;NAUT;27;11;22.6;1
USLD_P;2014;850021866;850000092;MEDCH;;2;0.45;
USLD_P;2014;850021866;850000092;N2210;4;1;6.51;1
USLD_P;2014;850021866;850000092;N2510;5;7;11.62;1
USLD_P;2014;850021866;850000092;N3120;0;1;1.01;1
USLD_P;2014;850021866;850000092;NAUT;3;2;4.07;1
USLD_P;2014;850022013;850000100;MEDCH;;2;0.15;0
USLD_P;2014;850022013;850000100;N2210;2;3;3.6;0
USLD_P;2014;850022013;850000100;N2510;5;3;6.25;0
USLD_P;2014;860000033;860013382;MEDCH;1;;0.5;1
USLD_P;2014;860000033;860013382;N2210;5;1;4.28;1
USLD_P;2014;860000033;860013382;N2410;;1;0.06;1
USLD_P;2014;860000033;860013382;N2510;15;1;10.33;1
USLD_P;2014;860000033;860013382;N3120;;1;0.28;1
USLD_P;2014;860000033;860013382;NAUT;12;4;9.93;1
USLD_P;2014;860000058;860780097;M1320;1;;0.5;0
USLD_P;2014;860000058;860780097;MEDCH;1;;0.5;0
USLD_P;2014;860000058;860780097;N2210;7;2;7.5;0
USLD_P;2014;860000058;860780097;N2460;;1;0.2;0
USLD_P;2014;860000058;860780097;N2510;17;3;18.9;0
USLD_P;2014;860000058;860780097;N3120;1;;0.1;0
USLD_P;2014;860000058;860780097;NAUT;7;1;8.23;0
USLD_P;2014;860000223;860013077;M1320;2;2;2.91;0
USLD_P;2014;860000223;860013077;MEDCH;2;2;2.91;0
USLD_P;2014;860000223;860013077;N2210;17;10;17.24;0
USLD_P;2014;860000223;860013077;N2410;;3;0.3;0
USLD_P;2014;860000223;860013077;N2460;1;;0.3;0
USLD_P;2014;860000223;860013077;N2510;62;13;54.3;0
USLD_P;2014;860000223;860013077;N3120;1;;0.2;0
USLD_P;2014;860000223;860013077;NAUT;18;4;18.09;0
USLD_P;2014;860011014;860013077;M1320;2;1;2.3;1
USLD_P;2014;860011014;860013077;MEDCH;2;1;2.3;1
USLD_P;2014;860011014;860013077;N2210;18;6;7.8;1
USLD_P;2014;860011014;860013077;N2410;;3;0.2;0
USLD_P;2014;860011014;860013077;N2460;1;;0.3;0
USLD_P;2014;860011014;860013077;N2510;15;5;11.86;1
USLD_P;2014;860011014;860013077;N3120;;1;0.05;0
USLD_P;2014;860011014;860013077;NAUT;7;;5.32;1
USLD_P;2014;860785682;860013382;M1320;2;;1.7;1
USLD_P;2014;860785682;860013382;MEDCH;2;;1.7;1
USLD_P;2014;860785682;860013382;N2210;8;1;6.95;1
USLD_P;2014;860785682;860013382;N2410;;;;1
USLD_P;2014;860785682;860013382;N2460;;;;1
USLD_P;2014;860785682;860013382;N2470;1;;0.25;1
USLD_P;2014;860785682;860013382;N2510;24;1;17.08;1
USLD_P;2014;860785682;860013382;N3120;;1;0.23;1
USLD_P;2014;860785682;860013382;NAUT;37;17;18.95;1
USLD_P;2014;870000270;870000031;M1320;1;;0.5;0
USLD_P;2014;870000270;870000031;MEDCH;1;1;1;1
USLD_P;2014;870000270;870000031;N2210;10;1;10.24;0
USLD_P;2014;870000270;870000031;N2410;;1;0.56;0
USLD_P;2014;870000270;870000031;N2510;15;3;17.13;0
USLD_P;2014;870000270;870000031;NAUT;8;;7.38;0
USLD_P;2014;870000551;870014503;MEDCH;;2;0.8;
USLD_P;2014;870000551;870014503;N2210;2;2;4.08;
USLD_P;2014;870000551;870014503;N2510;12;2;9.13;
USLD_P;2014;870000551;870014503;NAUT;3;4;1.44;
USLD_P;2014;870000601;870014248;M1320;;2;0.5;
USLD_P;2014;870000601;870014248;MEDCH;;2;0.5;
USLD_P;2014;870000601;870014248;N2210;3;2;3.63;
USLD_P;2014;870000601;870014248;N2410;;2;0.2;
USLD_P;2014;870000601;870014248;N2460;;1;0.4;
USLD_P;2014;870000601;870014248;N2510;8;3;9.5;
USLD_P;2014;870000601;870014248;N3120;;1;0.2;
USLD_P;2014;870000601;870014248;NAUT;1;;1;
USLD_P;2014;870001567;870014503;MEDCH;;3;0.8;
USLD_P;2014;870001567;870014503;N2210;4;4;5.63;
USLD_P;2014;870001567;870014503;N2510;19;4;17.93;
USLD_P;2014;870001567;870014503;NAUT;;1;0.81;
USLD_P;2014;870003514;870000015;M1320;1;0;0.5;0
USLD_P;2014;870003514;870000015;MEDCH;2;0;0.9;0
USLD_P;2014;870003514;870000015;N2210;11;15;18.33;0
USLD_P;2014;870003514;870000015;N2410;1;0;1;0
USLD_P;2014;870003514;870000015;N2460;1;0;1;0
USLD_P;2014;870003514;870000015;N2470;0;1;0.23;0
USLD_P;2014;870003514;870000015;N2510;28;31;46.67;0
USLD_P;2014;870003514;870000015;NAUT;21;36;32.1;0
USLD_P;2014;870005931;870000023;M1320;1;1;1.15;1
USLD_P;2014;870005931;870000023;MEDCH;1;2;1.33;1
USLD_P;2014;870005931;870000023;N2210;8;12;11.48;
USLD_P;2014;870005931;870000023;N2460;;2;0.48;
USLD_P;2014;870005931;870000023;N2510;18;15;28.6;
USLD_P;2014;870005931;870000023;NAUT;6;8;11.64;
USLD_P;2014;870008042;870000015;M1320;1;0;1;0
USLD_P;2014;870008042;870000015;MEDCH;2;0;2;0
USLD_P;2014;870008042;870000015;N2210;34;11;40.73;0
USLD_P;2014;870008042;870000015;N2410;1;1;0.71;1
USLD_P;2014;870008042;870000015;N2460;1;0;0.7;1
USLD_P;2014;870008042;870000015;N2470;2;1;0.53;1
USLD_P;2014;870008042;870000015;N2510;64;15;71.87;0
USLD_P;2014;870008042;870000015;NAUT;52;3;46.5;0
USLD_P;2014;880000039;880780069;MEDCH;;;0.56;
USLD_P;2014;880000039;880780069;N2210;5;2;6.35;1
USLD_P;2014;880000039;880780069;N2460;;1;0.45;
USLD_P;2014;880000039;880780069;N2510;8;3;9.65;
USLD_P;2014;880000039;880780069;NAUT;2;4;4.96;1
USLD_P;2014;880000070;880007299;MEDCH;;1;0.36;1
USLD_P;2014;880000070;880007299;N2210;5;3;7.07;0
USLD_P;2014;880000070;880007299;N2510;10;4;12.43;0
USLD_P;2014;880000070;880007299;NAUT;6;;6.46;0
USLD_P;2014;880000104;880780259;MEDCH;;9;1.8;0
USLD_P;2014;880000104;880780259;N2210;4;4;7.03;0
USLD_P;2014;880000104;880780259;N2410;1;;1;0
USLD_P;2014;880000104;880780259;N2460;1;;0.33;0
USLD_P;2014;880000104;880780259;N2510;10;1;10.01;0
USLD_P;2014;880000104;880780259;N3120;;1;0.04;1
USLD_P;2014;880000104;880780259;NAUT;6;2;7.63;0
USLD_P;2014;880000336;880007059;MEDCH;1;;0.5;0
USLD_P;2014;880000336;880007059;N2210;3;2;4.13;0
USLD_P;2014;880000336;880007059;N2510;7;7;11.87;0
USLD_P;2014;880000336;880007059;NAUT;1;1;1.8;0
USLD_P;2014;880786637;880780093;MEDCH;2;0;1.39;0
USLD_P;2014;880786637;880780093;N2210;7;2;8.36;0
USLD_P;2014;880786637;880780093;N2510;10;1;9.65;0
USLD_P;2014;880786637;880780093;NAUT;2;6;5.35;0
USLD_P;2014;880786645;880780077;M1320;;1;0.3;0
USLD_P;2014;880786645;880780077;MEDCH;;1;0.3;0
USLD_P;2014;880786645;880780077;N2210;6;1;6.49;1
USLD_P;2014;880786645;880780077;N2510;12;1;12.99;0
USLD_P;2014;880786645;880780077;NAUT;6;1;6.43;0
USLD_P;2014;890971583;890000417;M1320;2;;1.14;1
USLD_P;2014;890971583;890000417;MEDCH;2;2;1.53;1
USLD_P;2014;890971583;890000417;N2210;14;3;16.01;0
USLD_P;2014;890971583;890000417;N2410;2;;0.34;1
USLD_P;2014;890971583;890000417;N2460;1;;0.49;1
USLD_P;2014;890971583;890000417;N2470;1;;0.5;1
USLD_P;2014;890971583;890000417;N2510;27;1;27.1;0
USLD_P;2014;890971583;890000417;NAUT;13;1;9.91;0
USLD_P;2014;890975527;890000037;MEDCH;1;;1;0
USLD_P;2014;890975527;890000037;N2210;6;;6;0
USLD_P;2014;890975527;890000037;N2510;10;1;10.5;0
USLD_P;2014;890975527;890000037;NAUT;3;2;4.03;0
USLD_P;2014;900000647;900004698;M1320;3;;1.61;1
USLD_P;2014;900000647;900004698;N2210;17;6;20.04;1
USLD_P;2014;900000647;900004698;N2510;62;14;75.46;1
USLD_P;2014;900000647;900004698;NAUT;1;;0.85;1
USLD_P;2014;910000272;910110014;MEDCH;1;;1;0
USLD_P;2014;910000272;910110014;N2210;6;3;8.53;0
USLD_P;2014;910000272;910110014;N2410;;1;0.4;0
USLD_P;2014;910000272;910110014;N2470;;2;0.35;1
USLD_P;2014;910000272;910110014;N2510;16;2;20.14;0
USLD_P;2014;910000272;910110014;N3120;;1;0.11;0
USLD_P;2014;910000272;910110014;NAUT;14;8;15.58;0
USLD_P;2014;910000280;910019447;M1320;2;;0.7;1
USLD_P;2014;910000280;910019447;MEDCH;2;;0.7;1
USLD_P;2014;910000280;910019447;N2210;5;6;6.55;0
USLD_P;2014;910000280;910019447;N2410;1;;0.5;1
USLD_P;2014;910000280;910019447;N2510;10;6;12.44;0
USLD_P;2014;910000280;910019447;NAUT;14;6;7.26;
USLD_P;2014;910000306;910110063;MEDCH;;1;0.6;
USLD_P;2014;910000306;910110063;N2210;2;3;3.77;
USLD_P;2014;910000306;910110063;N2410;;1;0.21;
USLD_P;2014;910000306;910110063;N2510;17;3;18.05;
USLD_P;2014;910000306;910110063;N3120;;1;0.2;
USLD_P;2014;910000306;910110063;NAUT;3;6;5.49;
USLD_P;2014;910001973;910019447;M1320;3;;1;1
USLD_P;2014;910001973;910019447;MEDCH;3;;1;1
USLD_P;2014;910001973;910019447;N2210;7;;6.17;
USLD_P;2014;910001973;910019447;N2510;23;8;14.53;
USLD_P;2014;910001973;910019447;NAUT;25;;12.48;
USLD_P;2014;910100015;750712184;M1320;2;1;2.5;0
USLD_P;2014;910100015;750712184;MEDCH;3;2;4;0
USLD_P;2014;910100015;750712184;N2210;23;5;27.5;0
USLD_P;2014;910100015;750712184;N2510;88;18;102.5;0
USLD_P;2014;910100015;750712184;N3120;;1;0.5;0
USLD_P;2014;910100015;750712184;NAUT;29;1;29.5;0
USLD_P;2014;910100023;750712184;M1320;3;2;4.3;0
USLD_P;2014;910100023;750712184;MEDCH;5;1;5.3;0
USLD_P;2014;910100023;750712184;N2210;27;2;28.6;0
USLD_P;2014;910100023;750712184;N2410;;1;0.8;0
USLD_P;2014;910100023;750712184;N2460;;1;0.86;0
USLD_P;2014;910100023;750712184;N2470;;1;0.5;0
USLD_P;2014;910100023;750712184;N2510;102;13;109.6;0
USLD_P;2014;910100023;750712184;N3120;1;;1;0
USLD_P;2014;910100023;750712184;NAUT;53;3;55.4;0
USLD_P;2014;910150069;910000033;M1320;1;1;1.2;0
USLD_P;2014;910150069;910000033;MEDCH;1;1;1.47;0
USLD_P;2014;910150069;910000033;N2210;11;1;11.7;0
USLD_P;2014;910150069;910000033;N2410;1;0;1.15;1
USLD_P;2014;910150069;910000033;N2510;26;2;27.5;0
USLD_P;2014;910150069;910000033;N3120;0;0;0.05;0
USLD_P;2014;910150069;910000033;NAUT;13;22;22.13;1
USLD_P;2014;920000593;920026374;M1320;1;0;1;0
USLD_P;2014;920000593;920026374;MEDCH;1;0;1;0
USLD_P;2014;920000593;920026374;N2210;14;3;17.87;0
USLD_P;2014;920000593;920026374;N2410;;2;0.25;0
USLD_P;2014;920000593;920026374;N2470;1;;0.29;0
USLD_P;2014;920000593;920026374;N2510;46;13;48.33;0
USLD_P;2014;920000593;920026374;NAUT;23;6;28.15;0
USLD_P;2014;920000619;920009909;MEDCH;2;2;2.5;
USLD_P;2014;920000619;920009909;N2210;20;3;18.68;0
USLD_P;2014;920000619;920009909;N2410;;2;1;0
USLD_P;2014;920000619;920009909;N2510;28;4;28.57;0
USLD_P;2014;920000619;920009909;NAUT;38;8;39.39;0
USLD_P;2014;920001369;920710654;MEDCH;1;3;1.85;1
USLD_P;2014;920001369;920710654;N2210;9;2;9.68;0
USLD_P;2014;920001369;920710654;N2410;;2;1.14;1
USLD_P;2014;920001369;920710654;N2460;1;;1;0
USLD_P;2014;920001369;920710654;N2470;;3;1.44;1
USLD_P;2014;920001369;920710654;N2510;32;;34.14;0
USLD_P;2014;920001369;920710654;N3120;;2;0.87;1
USLD_P;2014;920001369;920710654;NAUT;13;5;13.95;1
USLD_P;2014;920024205;920808037;M1320;3;1;1.96;
USLD_P;2014;920024205;920808037;MEDCH;3;1;1.96;
USLD_P;2014;920024205;920808037;N2210;14;;13.04;
USLD_P;2014;920024205;920808037;N2510;46;;40.91;
USLD_P;2014;920024205;920808037;NAUT;20;2;20.33;
USLD_P;2014;920100047;750712184;MEDCH;1;1;1.6;0
USLD_P;2014;920100047;750712184;N2210;10;;10;
USLD_P;2014;920100047;750712184;N2470;1;;0.16;
USLD_P;2014;920100047;750712184;N2510;32;9;39.12;
USLD_P;2014;920100047;750712184;N3120;1;;1;
USLD_P;2014;920100047;750712184;NAUT;1;;0.8;
USLD_P;2014;920100062;750712184;M1320;2;4;4.1;0
USLD_P;2014;920100062;750712184;MEDCH;2;4;4.1;0
USLD_P;2014;920100062;750712184;N2210;27;1;24.81;0
USLD_P;2014;920100062;750712184;N2510;68;1;67.84;
USLD_P;2014;920100062;750712184;NAUT;4;;4;0
USLD_P;2014;930000294;930021480;M1320;2;;1.8;
USLD_P;2014;930000294;930021480;MEDCH;2;;1.8;
USLD_P;2014;930000294;930021480;N2210;7;;6.5;
USLD_P;2014;930000294;930021480;N2510;15;;15;
USLD_P;2014;930000294;930021480;NAUT;21;1;19.14;
USLD_P;2014;930100011;750712184;MEDCH;3;;3;0
USLD_P;2014;930100011;750712184;N2210;25;4;28;0
USLD_P;2014;930100011;750712184;N2410;1;9;1.5;0
USLD_P;2014;930100011;750712184;N2460;1;1;1;0
USLD_P;2014;930100011;750712184;N2470;;2;1;0
USLD_P;2014;930100011;750712184;N2510;88;14;101.86;0
USLD_P;2014;930100011;750712184;N3120;1;;1;0
USLD_P;2014;930100011;750712184;NAUT;42;12;49;0
USLD_P;2014;930150057;750808529;MEDCH;;;0.68;
USLD_P;2014;930150057;750808529;N2210;;;3.42;
USLD_P;2014;930150057;750808529;N2510;;;9.59;
USLD_P;2014;930150057;750808529;NAUT;;;11.76;
USLD_P;2014;930706239;930110051;MEDCH;1;1;1.6;
USLD_P;2014;930706239;930110051;N2210;20;;18.45;
USLD_P;2014;930706239;930110051;N2410;2;1;1.6;
USLD_P;2014;930706239;930110051;N2460;2;;1;
USLD_P;2014;930706239;930110051;N2470;2;;0.96;
USLD_P;2014;930706239;930110051;N2510;38;4;42.76;
USLD_P;2014;930706239;930110051;NAUT;29;2;26.03;
USLD_P;2014;930815501;750034308;MEDCH;4;;4;0
USLD_P;2014;930815501;750034308;N2210;19;1;21.95;0
USLD_P;2014;930815501;750034308;N2410;1;;1;0
USLD_P;2014;930815501;750034308;N2510;45;1;44.57;0
USLD_P;2014;930815501;750034308;NAUT;30;2;26.95;0
USLD_P;2014;940000615;940140023;MEDCH;;2;1;0
USLD_P;2014;940000615;940140023;N2210;14;1;14.44;0
USLD_P;2014;940000615;940140023;N2410;;1;0.25;0
USLD_P;2014;940000615;940140023;N2510;13;5;13.38;0
USLD_P;2014;940000615;940140023;N3120;;1;0.5;0
USLD_P;2014;940000615;940140023;NAUT;10;7;12.18;0
USLD_P;2014;940100027;750712184;MEDCH;;3;0.9;0
USLD_P;2014;940100027;750712184;N2210;12;2;12.83;0
USLD_P;2014;940100027;750712184;N2410;1;1;1.4;0
USLD_P;2014;940100027;750712184;N2460;;1;0.8;0
USLD_P;2014;940100027;750712184;N2470;1;;1;0
USLD_P;2014;940100027;750712184;N2510;27;2;27.33;0
USLD_P;2014;940100027;750712184;N3120;1;;1;0
USLD_P;2014;940100027;750712184;NAUT;5;2;5.08;0
USLD_P;2014;940100035;750712184;M1320;2;2;3.1;0
USLD_P;2014;940100035;750712184;MEDCH;2;2;3.1;0
USLD_P;2014;940100035;750712184;N2210;28;5;30.6;0
USLD_P;2014;940100035;750712184;N2410;;2;0.5;0
USLD_P;2014;940100035;750712184;N2460;1;1;1.3;0
USLD_P;2014;940100035;750712184;N2470;;2;0.65;0
USLD_P;2014;940100035;750712184;N2510;88;4;90.54;0
USLD_P;2014;940100035;750712184;N3120;;2;0.5;0
USLD_P;2014;940100035;750712184;NAUT;14;5;14.29;0
USLD_P;2014;940100050;750712184;M1320;;1;0.6;
USLD_P;2014;940100050;750712184;MEDCH;3;6;5.9;
USLD_P;2014;940100050;750712184;N2210;52;22;65.74;1
USLD_P;2014;940100050;750712184;N2410;5;4;1.8;1
USLD_P;2014;940100050;750712184;N2460;3;1;0.1;1
USLD_P;2014;940100050;750712184;N2470;;;;1
USLD_P;2014;940100050;750712184;N2510;170;37;194.41;1
USLD_P;2014;940100050;750712184;N3120;1;1;1.8;1
USLD_P;2014;940100050;750712184;NAUT;;;;1
USLD_P;2014;940100068;750712184;M1320;1;4;4.5;
USLD_P;2014;940100068;750712184;MEDCH;1;4;4.5;
USLD_P;2014;940100068;750712184;N2210;34;1;34.8;
USLD_P;2014;940100068;750712184;N2410;;2;0.56;
USLD_P;2014;940100068;750712184;N2470;;1;0.25;
USLD_P;2014;940100068;750712184;N2510;97;11;107.64;
USLD_P;2014;940100068;750712184;N3120;;1;0.4;
USLD_P;2014;940100068;750712184;NAUT;9;7;11.63;
USLD_P;2014;940812506;940110042;M1320;;1;0.6;
USLD_P;2014;940812506;940110042;MEDCH;;1;0.6;
USLD_P;2014;940812506;940110042;N2210;7;4;8.99;
USLD_P;2014;940812506;940110042;N2510;15;6;18.17;
USLD_P;2014;940812506;940110042;NAUT;3;1;3.5;
USLD_P;2014;950000307;950110015;M1320;2;0;1.35;0
USLD_P;2014;950000307;950110015;MEDCH;2;0;1.35;0
USLD_P;2014;950000307;950110015;N2210;18;1;18.99;0
USLD_P;2014;950000307;950110015;N2460;0;1;0.9;0
USLD_P;2014;950000307;950110015;N2510;32;6;37.33;0
USLD_P;2014;950000307;950110015;NAUT;28;3;26.63;0
USLD_P;2014;950000331;950110049;M1320;2;3;2.11;1
USLD_P;2014;950000331;950110049;MEDCH;2;3;2.11;1
USLD_P;2014;950000331;950110049;N2210;13;1;11.44;
USLD_P;2014;950000331;950110049;N2410;3;;1.26;
USLD_P;2014;950000331;950110049;N2470;1;;0.3;
USLD_P;2014;950000331;950110049;N2510;42;3;44.15;
USLD_P;2014;950000331;950110049;N3120;;1;0.24;
USLD_P;2014;950000331;950110049;NAUT;38;5;37;
USLD_P;2014;950000406;950150037;M1320;1;;1;0
USLD_P;2014;950000406;950150037;MEDCH;1;;1;0
USLD_P;2014;950000406;950150037;N2210;4;;4;
USLD_P;2014;950000406;950150037;N2410;1;;1;
USLD_P;2014;950000406;950150037;N2510;12;;12;
USLD_P;2014;950000406;950150037;N3120;;1;0.1;
USLD_P;2014;950000406;950150037;NAUT;15;;14.5;
USLD_P;2014;950000695;950500033;NAUT;;;;1
USLD_P;2014;950016139;950015289;M1320;;1;0.25;0
USLD_P;2014;950016139;950015289;MEDCH;0;2;1;0
USLD_P;2014;950016139;950015289;N2210;12;;11.31;0
USLD_P;2014;950016139;950015289;N2410;;2;0.42;0
USLD_P;2014;950016139;950015289;N2460;;1;0.77;0
USLD_P;2014;950016139;950015289;N2470;;1;0.5;0
USLD_P;2014;950016139;950015289;N2510;19;1;17.41;0
USLD_P;2014;950016139;950015289;N3120;;1;0.3;0
USLD_P;2014;950016139;950015289;NAUT;19;1;20.72;0
USLD_P;2014;950100016;750712184;M1320;1;0;1;1
USLD_P;2014;950100016;750712184;MEDCH;2;0;2;0
USLD_P;2014;950100016;750712184;N2210;25;2;26.4;0
USLD_P;2014;950100016;750712184;N2410;0;1;0.5;0
USLD_P;2014;950100016;750712184;N2460;0;1;0.2;0
USLD_P;2014;950100016;750712184;N2470;0;1;0.5;0
USLD_P;2014;950100016;750712184;N2510;54;5;56.9;0
USLD_P;2014;950100016;750712184;N3120;1;0;1;1
USLD_P;2014;950100016;750712184;NAUT;1;0;1;1
USLD_P;2014;970100418;970100194;M1320;1;0;1;
USLD_P;2014;970100418;970100194;MEDCH;1;0;1;
USLD_P;2014;970100418;970100194;N2210;6;0;6;
USLD_P;2014;970100418;970100194;N2410;0;1;0.2;
USLD_P;2014;970100418;970100194;N2460;;1;0.2;
USLD_P;2014;970100418;970100194;N2510;13;0;11;
USLD_P;2014;970100418;970100194;N3120;2;0;1.5;
USLD_P;2014;970100418;970100194;NAUT;15;0;13.9;
USLD_P;2014;970100459;970100244;N2210;5;;2.71;0
USLD_P;2014;970100459;970100244;N2510;6;;3.96;0
USLD_P;2014;970100459;970100244;N3120;1;;0.5;0
USLD_P;2014;970100459;970100244;NAUT;3;1;3.5;0
USLD_P;2014;970112033;970100210;M1320;1;;1;
USLD_P;2014;970112033;970100210;MEDCH;4;;3.43;
USLD_P;2014;970112033;970100210;N2210;20;;19.49;
USLD_P;2014;970112033;970100210;N2410;2;;2;
USLD_P;2014;970112033;970100210;N2460;1;;0.5;
USLD_P;2014;970112033;970100210;N2510;73;;72.38;
USLD_P;2014;970112033;970100210;N3120;1;;1;
USLD_P;2014;970112033;970100210;NAUT;79;;78;
USLD_P;2014;970211215;970211207;M1320;3;;0.7;
USLD_P;2014;970211215;970211207;MEDCH;3;;0.7;
USLD_P;2014;970211215;970211207;N2210;25;;24.55;
USLD_P;2014;970211215;970211207;N2410;1;;0.62;
USLD_P;2014;970211215;970211207;N2460;1;;0.25;
USLD_P;2014;970211215;970211207;N2470;1;;0.25;
USLD_P;2014;970211215;970211207;N2510;32;;31.5;
USLD_P;2014;970211215;970211207;N3120;1;;0.3;
USLD_P;2014;970211215;970211207;NAUT;13;;12.46;
USLD_P;2014;970211223;970211207;MEDCH;1;;0.5;
USLD_P;2014;970211223;970211207;N2210;7;;6.8;
USLD_P;2014;970211223;970211207;N2510;17;;13;
USLD_P;2014;970211223;970211207;NAUT;3;;2.28;
USLD_P;2014;970300026;970302022;M1320;;1;0.03;1
USLD_P;2014;970300026;970302022;MEDCH;;2;0.03;1
USLD_P;2014;970300026;970302022;N2210;;21;7.23;1
USLD_P;2014;970300026;970302022;N2510;;43;17.37;1
USLD_P;2014;970300026;970302022;NAUT;;21;11.04;1
USLD_P;2014;970400156;970403606;MEDCH;2;;1.5;
USLD_P;2014;970400156;970403606;N2210;10;1;8.3;
USLD_P;2014;970400156;970403606;N2410;1;;0.41;
USLD_P;2014;970400156;970403606;N2460;1;;0.29;
USLD_P;2014;970400156;970403606;N2510;26;;20.42;
USLD_P;2014;970400156;970403606;N3120;3;;0.48;
USLD_P;2014;970400156;970403606;NAUT;3;;1.97;
USLD_P;2014;970463139;970408589;M1320;1;1;1.12;0
USLD_P;2014;970463139;970408589;MEDCH;1;1;1.12;0
USLD_P;2014;970463139;970408589;N2210;11;1;11.33;0
USLD_P;2014;970463139;970408589;N2410;1;0;1;0
USLD_P;2014;970463139;970408589;N2460;2;0;2;0
USLD_P;2014;970463139;970408589;N2510;25;0;25;0
USLD_P;2014;970463139;970408589;N3120;1;0;1;0
USLD_P;2014;970463139;970408589;NAUT;2;;2;0
