BOR;AN;FI;FI_EJ;PERSO;EFFPLS;EFFPAS;ETPS;NBLIB
HAD_P;2014;010000024;010780054;M9999;4;;1.68;
HAD_P;2014;010000024;010780054;MAUT;3;;1.28;
HAD_P;2014;010000024;010780054;Mcoor;1;;0.4;
HAD_P;2014;010000024;010780054;N2120;1;;0.8;
HAD_P;2014;010000024;010780054;N2210;4;5;7.37;
HAD_P;2014;010000024;010780054;N2710;1;;0.3;
HAD_P;2014;010000024;010780054;N3120;;1;0.45;
HAD_P;2014;010000024;010780054;N9999;9;6;11.13;
HAD_P;2014;010000024;010780054;NAUT;3;;2.21;
HAD_P;2014;010005379;690006598;M3050;;1;0.5;
HAD_P;2014;010005379;690006598;M9999;;3;1.75;
HAD_P;2014;010005379;690006598;Mcoor;;2;1.25;
HAD_P;2014;010005379;690006598;N2120;1;;1;
HAD_P;2014;010005379;690006598;N2710;;2;0.79;
HAD_P;2014;010005379;690006598;N3120;1;;1;
HAD_P;2014;010005379;690006598;N9999;6;2;6.79;
HAD_P;2014;010005379;690006598;Ncoor;4;;4;
HAD_P;2014;020000089;020000022;M9999;;1;0.35;
HAD_P;2014;020000089;020000022;Mcoor;;1;0.35;
HAD_P;2014;020000089;020000022;N2120;1;;0.25;
HAD_P;2014;020000089;020000022;N2210;2;;1.75;
HAD_P;2014;020000089;020000022;N2510;11;;11.52;
HAD_P;2014;020000089;020000022;N9999;14;;13.52;
HAD_P;2014;020000105;020000055;M9999;;1;0.25;
HAD_P;2014;020000105;020000055;Mcoor;;1;0.25;
HAD_P;2014;020000105;020000055;N2510;7;4;9.42;
HAD_P;2014;020000105;020000055;N3120;1;0;0.3;
HAD_P;2014;020000105;020000055;N9999;9;7;12.02;
HAD_P;2014;020000105;020000055;NAUT;0;2;0.87;
HAD_P;2014;020000105;020000055;Ncoor;1;1;1.43;
HAD_P;2014;020004297;020005179;M9999;;2;0.4;
HAD_P;2014;020004297;020005179;Mcoor;;2;0.4;
HAD_P;2014;020004297;020005179;N2210;6;1;6.8;
HAD_P;2014;020004297;020005179;N2510;9;1;9.5;
HAD_P;2014;020004297;020005179;N2710;;1;0.5;
HAD_P;2014;020004297;020005179;N3120;;1;0.5;
HAD_P;2014;020004297;020005179;N9999;18;7;21.96;
HAD_P;2014;020004297;020005179;NAUT;1;3;2.66;
HAD_P;2014;020004297;020005179;Ncoor;2;0;2;
HAD_P;2014;020010898;750721334;M3050;0;0;0;23
HAD_P;2014;020010898;750721334;M9999;0;1;0.3;23
HAD_P;2014;020010898;750721334;Mcoor;0;1;0.3;
HAD_P;2014;020010898;750721334;N2120;0;1;0.7;
HAD_P;2014;020010898;750721334;N2510;1;2;2;
HAD_P;2014;020010898;750721334;N2710;0;1;0.75;0
HAD_P;2014;020010898;750721334;N9999;1;10;5.81;0
HAD_P;2014;020010898;750721334;NAUT;0;5;1.46;0
HAD_P;2014;020010898;750721334;Ncoor;0;1;0.9;
HAD_P;2014;020011698;020006318;M9999;;2;0.4;
HAD_P;2014;020011698;020006318;Mcoor;;2;0.4;
HAD_P;2014;020011698;020006318;N2120;1;;0.54;
HAD_P;2014;020011698;020006318;N2210;5;;4.83;
HAD_P;2014;020011698;020006318;N2510;3;2;4.68;
HAD_P;2014;020011698;020006318;N9999;11;10;12.81;
HAD_P;2014;020011698;020006318;NAUT;1;8;2.18;
HAD_P;2014;020011698;020006318;Ncoor;1;;0.58;
HAD_P;2014;020014767;590805065;M3050;;;;41
HAD_P;2014;020014767;590805065;M9999;;;;41
HAD_P;2014;020014767;590805065;N2120;1;;1;
HAD_P;2014;020014767;590805065;N2210;;;;133
HAD_P;2014;020014767;590805065;N2410;;;;52
HAD_P;2014;020014767;590805065;N2510;11;3;12.5;
HAD_P;2014;020014767;590805065;N2710;;1;0.5;
HAD_P;2014;020014767;590805065;N9999;16;5;18.9;196
HAD_P;2014;020014767;590805065;NAUT;2;1;2.9;11
HAD_P;2014;020014767;590805065;Ncoor;2;;2;
HAD_P;2014;030000061;030780092;M9999;1;;0.1;
HAD_P;2014;030000061;030780092;Mcoor;1;;0.1;
HAD_P;2014;030000061;030780092;N2120;1;;1;
HAD_P;2014;030000061;030780092;N2210;6;2;7.56;
HAD_P;2014;030000061;030780092;N2510;2;;2;
HAD_P;2014;030000061;030780092;N9999;9;3;11.1;
HAD_P;2014;030000061;030780092;NAUT;;1;0.54;
HAD_P;2014;030000079;030780100;M3050;1;;0.2;
HAD_P;2014;030000079;030780100;M9999;2;;1.2;
HAD_P;2014;030000079;030780100;Mcoor;1;;1;
HAD_P;2014;030000079;030780100;N2120;1;;0.5;
HAD_P;2014;030000079;030780100;N2210;8;1;8.8;
HAD_P;2014;030000079;030780100;N9999;11;1;11.3;
HAD_P;2014;030000079;030780100;NAUT;2;;2;
HAD_P;2014;030000087;030780118;M9999;1;1;1.3;
HAD_P;2014;030000087;030780118;Mcoor;1;1;1.3;
HAD_P;2014;030000087;030780118;N2120;1;0;1;
HAD_P;2014;030000087;030780118;N2210;4;1;4.8;
HAD_P;2014;030000087;030780118;N2510;3;0;3;
HAD_P;2014;030000087;030780118;N9999;8;4;11.21;0
HAD_P;2014;030000087;030780118;NAUT;0;3;2.41;0
HAD_P;2014;050007368;050007343;M3050;;;;3
HAD_P;2014;050007368;050007343;M9999;1;1;1.6;101
HAD_P;2014;050007368;050007343;MAUT;;;;98
HAD_P;2014;050007368;050007343;Mcoor;1;1;1.6;
HAD_P;2014;050007368;050007343;N2120;1;;1;
HAD_P;2014;050007368;050007343;N2210;;;;256
HAD_P;2014;050007368;050007343;N2410;;;;75
HAD_P;2014;050007368;050007343;N2510;3;;3;
HAD_P;2014;050007368;050007343;N2710;;1;0.25;
HAD_P;2014;050007368;050007343;N3120;;2;0.5;
HAD_P;2014;050007368;050007343;N9999;9;7;12.15;331
HAD_P;2014;050007368;050007343;NAUT;2;1;2.8;
HAD_P;2014;050007368;050007343;Ncoor;3;3;4.6;
HAD_P;2014;060000478;060780897;N2120;1;;0.12;
HAD_P;2014;060000478;060780897;N2210;6;1;6.8;
HAD_P;2014;060000478;060780897;N2510;6;;6;
HAD_P;2014;060000478;060780897;N9999;14;1;13.92;
HAD_P;2014;060000478;060780897;NAUT;1;;1;
HAD_P;2014;060000544;060780988;M9999;;1;0.53;
HAD_P;2014;060000544;060780988;Mcoor;;1;0.53;
HAD_P;2014;060000544;060780988;N2120;1;1;0.89;
HAD_P;2014;060000544;060780988;N2210;5;4;7.98;
HAD_P;2014;060000544;060780988;N2510;7;1;7.73;
HAD_P;2014;060000544;060780988;N2710;;1;0.69;
HAD_P;2014;060000544;060780988;N9999;13;8;18.05;
HAD_P;2014;060000544;060780988;NAUT;;1;0.76;
HAD_P;2014;060006558;060798865;M3050;;1;0.06;
HAD_P;2014;060006558;060798865;M9999;;2;0.56;
HAD_P;2014;060006558;060798865;Mcoor;;1;0.5;
HAD_P;2014;060006558;060798865;N2120;1;;1;
HAD_P;2014;060006558;060798865;N2210;10;;10;
HAD_P;2014;060006558;060798865;N2510;8;1;0.18;
HAD_P;2014;060006558;060798865;N2710;;1;0.5;
HAD_P;2014;060006558;060798865;N3120;;1;0.3;
HAD_P;2014;060006558;060798865;N9999;19;4;12.83;
HAD_P;2014;060006558;060798865;Ncoor;;1;0.85;
HAD_P;2014;060785243;060001484;M9999;2;1;2.34;
HAD_P;2014;060785243;060001484;Mcoor;2;1;2.34;
HAD_P;2014;060785243;060001484;N2210;36;13;45.81;59
HAD_P;2014;060785243;060001484;N2410;3;;3;183
HAD_P;2014;060785243;060001484;N2510;28;12;37;
HAD_P;2014;060785243;060001484;N2710;1;1;1.23;
HAD_P;2014;060785243;060001484;N3120;1;1;1.97;
HAD_P;2014;060785243;060001484;N9999;96;35;123.57;268
HAD_P;2014;060785243;060001484;NAUT;21;7;27.99;26
HAD_P;2014;060785243;060001484;Ncoor;6;1;6.57;
HAD_P;2014;070000609;070005566;M9999;2;0;2;
HAD_P;2014;070000609;070005566;MAUT;1;0;1;
HAD_P;2014;070000609;070005566;Mcoor;1;0;1;
HAD_P;2014;070000609;070005566;N2120;0;0;1;
HAD_P;2014;070000609;070005566;N2210;5;1;5.41;
HAD_P;2014;070000609;070005566;N2460;1;0;0.25;
HAD_P;2014;070000609;070005566;N2510;2;0;2;
HAD_P;2014;070000609;070005566;N2710;0;1;0.49;
HAD_P;2014;070000609;070005566;N3120;1;0;1;
HAD_P;2014;070000609;070005566;N9999;15;3;16.06;
HAD_P;2014;070000609;070005566;NAUT;1;0;0.5;
HAD_P;2014;070000609;070005566;Ncoor;5;1;5.41;
HAD_P;2014;080008279;080001969;M9999;;1;0.2;
HAD_P;2014;080008279;080001969;Mcoor;;1;0.2;
HAD_P;2014;080008279;080001969;N2210;10;;9.28;
HAD_P;2014;080008279;080001969;N2510;17;7;5.8;
HAD_P;2014;080008279;080001969;N9999;28;8;16.58;
HAD_P;2014;080008279;080001969;NAUT;1;;0.8;
HAD_P;2014;080008279;080001969;Ncoor;;1;0.7;
HAD_P;2014;080010267;080010242;M3050;;1;0.5;
HAD_P;2014;080010267;080010242;M9999;1;2;1.5;
HAD_P;2014;080010267;080010242;Mcoor;1;1;1;
HAD_P;2014;080010267;080010242;N2210;9;2;8.4;
HAD_P;2014;080010267;080010242;N2510;2;1;2.6;
HAD_P;2014;080010267;080010242;N2710;;1;0.5;
HAD_P;2014;080010267;080010242;N3120;;1;0.8;
HAD_P;2014;080010267;080010242;N9999;13;6;15.8;
HAD_P;2014;080010267;080010242;NAUT;1;1;2.5;
HAD_P;2014;080010267;080010242;Ncoor;1;;1;
HAD_P;2014;090000175;090781774;M3050;4;;0.15;
HAD_P;2014;090000175;090781774;M9999;6;1;1.45;
HAD_P;2014;090000175;090781774;MAUT;1;1;0.5;
HAD_P;2014;090000175;090781774;Mcoor;1;;0.8;
HAD_P;2014;090000175;090781774;N2120;1;;1;
HAD_P;2014;090000175;090781774;N2210;5;1;6.1;
HAD_P;2014;090000175;090781774;N2510;6;1;6.81;
HAD_P;2014;090000175;090781774;N2710;;1;0.49;
HAD_P;2014;090000175;090781774;N3120;1;;0.8;
HAD_P;2014;090000175;090781774;N9999;38;19;23.36;
HAD_P;2014;090000175;090781774;NAUT;23;16;6.16;
HAD_P;2014;090000175;090781774;Ncoor;2;;2;
HAD_P;2014;090002478;090002429;M9999;;2;0.6;
HAD_P;2014;090002478;090002429;Mcoor;;2;0.6;
HAD_P;2014;090002478;090002429;N2120;1;;1;
HAD_P;2014;090002478;090002429;N2210;;;;60
HAD_P;2014;090002478;090002429;N3120;1;;1;
HAD_P;2014;090002478;090002429;N9999;6;3;8.17;60
HAD_P;2014;090002478;090002429;NAUT;3;2;4.27;
HAD_P;2014;090002478;090002429;Ncoor;1;1;1.9;
HAD_P;2014;100007699;100006279;M9999;;2;0.7;
HAD_P;2014;100007699;100006279;MAUT;;1;0.1;
HAD_P;2014;100007699;100006279;Mcoor;;1;0.6;
HAD_P;2014;100007699;100006279;N2120;1;;0.2;
HAD_P;2014;100007699;100006279;N2210;58;;6.5;
HAD_P;2014;100007699;100006279;N2510;5;3;6.64;
HAD_P;2014;100007699;100006279;N9999;67;4;15.74;
HAD_P;2014;100007699;100006279;NAUT;2;1;1.15;
HAD_P;2014;100007699;100006279;Ncoor;1;;1.25;
HAD_P;2014;100008903;100007335;M3050;;1;0.5;
HAD_P;2014;100008903;100007335;M9999;;3;1.6;
HAD_P;2014;100008903;100007335;Mcoor;;2;1.1;
HAD_P;2014;100008903;100007335;N2120;1;;1;
HAD_P;2014;100008903;100007335;N2210;10;3;12.3;
HAD_P;2014;100008903;100007335;N2510;5;4;8;
HAD_P;2014;100008903;100007335;N3120;;1;0.5;
HAD_P;2014;100008903;100007335;N9999;17;10;24.2;
HAD_P;2014;100008903;100007335;Ncoor;1;2;2.4;
HAD_P;2014;110000247;110780772;M9999;;1;0.2;19
HAD_P;2014;110000247;110780772;MAUT;;;;19
HAD_P;2014;110000247;110780772;Mcoor;;1;0.2;
HAD_P;2014;110000247;110780772;N2120;1;;0.55;
HAD_P;2014;110000247;110780772;N2210;5;1;5.8;
HAD_P;2014;110000247;110780772;N2410;;;;2
HAD_P;2014;110000247;110780772;N9999;6;1;6.35;3
HAD_P;2014;110000247;110780772;NAUT;;;;1
HAD_P;2014;110005048;110000114;M3050;;1;0.1;
HAD_P;2014;110005048;110000114;M9999;;4;0.83;
HAD_P;2014;110005048;110000114;MAUT;;1;0.1;
HAD_P;2014;110005048;110000114;Mcoor;;2;0.63;
HAD_P;2014;110005048;110000114;N2210;4;;4;
HAD_P;2014;110005048;110000114;N2510;4;;4;
HAD_P;2014;110005048;110000114;N3120;;1;0.1;
HAD_P;2014;110005048;110000114;N9999;10;3;10.3;
HAD_P;2014;110005048;110000114;NAUT;1;2;1.2;
HAD_P;2014;110005048;110000114;Ncoor;1;;1;
HAD_P;2014;110005394;750047367;M3050;;1;0.06;
HAD_P;2014;110005394;750047367;M9999;;2;0.61;
HAD_P;2014;110005394;750047367;Mcoor;;1;0.55;
HAD_P;2014;110005394;750047367;N2210;;;0.33;
HAD_P;2014;110005394;750047367;N2510;2;3;4.2;
HAD_P;2014;110005394;750047367;N2710;;1;0.2;
HAD_P;2014;110005394;750047367;N3120;;1;0.5;
HAD_P;2014;110005394;750047367;N9999;8;5;11.23;
HAD_P;2014;110005394;750047367;NAUT;3;;3;
HAD_P;2014;110005394;750047367;Ncoor;3;;3;
HAD_P;2014;120783618;120784616;M9999;1;;0.53;
HAD_P;2014;120783618;120784616;Mcoor;1;;0.53;
HAD_P;2014;120783618;120784616;N2210;12;;11.74;
HAD_P;2014;120783618;120784616;N2510;13;;10.99;
HAD_P;2014;120783618;120784616;N2710;1;;1;
HAD_P;2014;120783618;120784616;N3120;1;;1;
HAD_P;2014;120783618;120784616;N9999;32;;27.85;
HAD_P;2014;120783618;120784616;Ncoor;5;;3.12;
HAD_P;2014;130000409;130041916;M9999;;1;0.05;
HAD_P;2014;130000409;130041916;MAUT;;1;0.05;
HAD_P;2014;130000409;130041916;N2120;;1;0.4;
HAD_P;2014;130000409;130041916;N2210;2;1;1.77;
HAD_P;2014;130000409;130041916;N2510;1;;0.43;
HAD_P;2014;130000409;130041916;N2710;;1;0.5;
HAD_P;2014;130000409;130041916;N3120;;1;0.5;
HAD_P;2014;130000409;130041916;N9999;3;5;5.09;
HAD_P;2014;130000409;130041916;NAUT;;1;1.49;
HAD_P;2014;130000565;130781446;M3050;1;;0.1;
HAD_P;2014;130000565;130781446;M9999;2;;0.4;
HAD_P;2014;130000565;130781446;Mcoor;1;;0.3;
HAD_P;2014;130000565;130781446;N2210;1;4;4.05;
HAD_P;2014;130000565;130781446;N2510;1;;1;
HAD_P;2014;130000565;130781446;N9999;5;5;7.85;
HAD_P;2014;130000565;130781446;NAUT;2;1;1.8;
HAD_P;2014;130000565;130781446;Ncoor;1;;1;
HAD_P;2014;130001647;130784127;M9999;2;;2;
HAD_P;2014;130001647;130784127;Mcoor;2;;2;
HAD_P;2014;130001647;130784127;N2210;6;;5.92;
HAD_P;2014;130001647;130784127;N9999;9;1;9.42;
HAD_P;2014;130001647;130784127;NAUT;2;1;2.5;
HAD_P;2014;130001647;130784127;Ncoor;1;;1;
HAD_P;2014;130002215;130785512;M9999;;1;0.4;
HAD_P;2014;130002215;130785512;Mcoor;;1;0.4;
HAD_P;2014;130002215;130785512;N2120;;1;0.45;
HAD_P;2014;130002215;130785512;N2210;5;;5;
HAD_P;2014;130002215;130785512;N2510;4;1;4.8;
HAD_P;2014;130002215;130785512;N9999;9;3;10.65;
HAD_P;2014;130002215;130785512;NAUT;;1;0.4;
HAD_P;2014;130021488;130021439;M3050;;1;0.5;
HAD_P;2014;130021488;130021439;M9999;;2;1.3;
HAD_P;2014;130021488;130021439;Mcoor;;1;0.8;
HAD_P;2014;130021488;130021439;N2210;;;;131
HAD_P;2014;130021488;130021439;N2410;;;;40
HAD_P;2014;130021488;130021439;N2510;2;;2;
HAD_P;2014;130021488;130021439;N2710;;1;0.11;
HAD_P;2014;130021488;130021439;N3120;;1;0.5;
HAD_P;2014;130021488;130021439;N9999;3;3;4.11;176
HAD_P;2014;130021488;130021439;NAUT;;;;5
HAD_P;2014;130021488;130021439;Ncoor;1;1;1.5;
HAD_P;2014;130021819;130021769;M3050;;;;11
HAD_P;2014;130021819;130021769;M9999;0;3;1;50
HAD_P;2014;130021819;130021769;MAUT;;;;39
HAD_P;2014;130021819;130021769;Mcoor;0;3;1;
HAD_P;2014;130021819;130021769;N2210;;;;82
HAD_P;2014;130021819;130021769;N2410;;;;33
HAD_P;2014;130021819;130021769;N2710;;;;4
HAD_P;2014;130021819;130021769;N9999;;;;120
HAD_P;2014;130021819;130021769;NAUT;;;;1
HAD_P;2014;130022619;130810161;M9999;;1;0.5;
HAD_P;2014;130022619;130810161;Mcoor;;1;0.5;
HAD_P;2014;130022619;130810161;N2120;1;;1;
HAD_P;2014;130022619;130810161;N2210;4;1;3.62;
HAD_P;2014;130022619;130810161;N2510;4;;4.26;
HAD_P;2014;130022619;130810161;N2710;;1;0.23;
HAD_P;2014;130022619;130810161;N3120;;1;0.35;
HAD_P;2014;130022619;130810161;N9999;10;5;11.42;
HAD_P;2014;130022619;130810161;NAUT;1;2;1.96;
HAD_P;2014;130024458;130804396;M9999;;1;0.69;
HAD_P;2014;130024458;130804396;Mcoor;;1;0.69;
HAD_P;2014;130024458;130804396;N2120;3;;3;
HAD_P;2014;130024458;130804396;N2210;7;5;7.93;19
HAD_P;2014;130024458;130804396;N2410;;;;33
HAD_P;2014;130024458;130804396;N2510;16;2;12.26;
HAD_P;2014;130024458;130804396;N2710;;1;0.6;
HAD_P;2014;130024458;130804396;N3120;1;;1;
HAD_P;2014;130024458;130804396;N9999;27;8;24.79;52
HAD_P;2014;130782071;130002454;M3050;;1;0.2;
HAD_P;2014;130782071;130002454;M9999;;2;0.7;
HAD_P;2014;130782071;130002454;Mcoor;;1;0.5;
HAD_P;2014;130782071;130002454;N2120;1;;1;
HAD_P;2014;130782071;130002454;N2210;;;;90
HAD_P;2014;130782071;130002454;N2410;;;;35
HAD_P;2014;130782071;130002454;N2710;;;;1
HAD_P;2014;130782071;130002454;N3120;;1;0.14;
HAD_P;2014;130782071;130002454;N9999;2;3;3.46;129
HAD_P;2014;130782071;130002454;NAUT;1;2;2.32;3
HAD_P;2014;130783236;130786049;M9999;1;1;1.5;
HAD_P;2014;130783236;130786049;MAUT;1;1;1.5;
HAD_P;2014;130783236;130786049;N2120;1;;1;
HAD_P;2014;130783236;130786049;N2210;12;3;13.31;
HAD_P;2014;130783236;130786049;N2510;5;;5.22;
HAD_P;2014;130783236;130786049;N9999;25;3;26.53;
HAD_P;2014;130783236;130786049;NAUT;7;;7;
HAD_P;2014;130785652;130014228;M9999;;2;0.96;
HAD_P;2014;130785652;130014228;Mcoor;;2;0.96;
HAD_P;2014;130785652;130014228;N2120;1;;1;
HAD_P;2014;130785652;130014228;N2210;3;;3;172
HAD_P;2014;130785652;130014228;N2410;;;;55
HAD_P;2014;130785652;130014228;N9999;7;;6.34;227
HAD_P;2014;130785652;130014228;NAUT;3;;2.34;
HAD_P;2014;130802143;130804396;M9999;;1;0.73;
HAD_P;2014;130802143;130804396;Mcoor;;1;0.73;
HAD_P;2014;130802143;130804396;N2120;4;;3;
HAD_P;2014;130802143;130804396;N2210;13;6;11.7;52
HAD_P;2014;130802143;130804396;N2410;;;;66
HAD_P;2014;130802143;130804396;N2510;14;2;10.68;
HAD_P;2014;130802143;130804396;N2710;1;;1;
HAD_P;2014;130802143;130804396;N3120;;1;0.79;
HAD_P;2014;130802143;130804396;N9999;32;9;27.17;118
HAD_P;2014;130809015;130001928;M9999;;1;0.5;
HAD_P;2014;130809015;130001928;Mcoor;;1;0.5;
HAD_P;2014;130809015;130001928;N2120;;1;0.1;
HAD_P;2014;130809015;130001928;N2210;3;;3;15
HAD_P;2014;130809015;130001928;N2410;;;;15
HAD_P;2014;130809015;130001928;N2460;;;;1
HAD_P;2014;130809015;130001928;N2710;;;;2
HAD_P;2014;130809015;130001928;N3120;;1;0.5;
HAD_P;2014;130809015;130001928;N9999;4;3;5.1;33
HAD_P;2014;130809015;130001928;NAUT;;1;0.5;
HAD_P;2014;130809015;130001928;Ncoor;1;;1;
HAD_P;2014;140000027;140000035;M9999;1;0;0.7;
HAD_P;2014;140000027;140000035;Mcoor;1;0;0.7;
HAD_P;2014;140000027;140000035;N2120;1;0;1;
HAD_P;2014;140000027;140000035;N2210;17;2;19.24;
HAD_P;2014;140000027;140000035;N2410;1;0;0.4;
HAD_P;2014;140000027;140000035;N2510;10;6;14.72;
HAD_P;2014;140000027;140000035;N3120;1;0;0.5;
HAD_P;2014;140000027;140000035;N9999;32;12;40.55;
HAD_P;2014;140000027;140000035;NAUT;1;3;2.89;
HAD_P;2014;140000027;140000035;Ncoor;1;1;1.8;
HAD_P;2014;140000076;140000084;M9999;;1;0.5;
HAD_P;2014;140000076;140000084;Mcoor;;1;0.5;
HAD_P;2014;140000076;140000084;N2120;1;;0.4;
HAD_P;2014;140000076;140000084;N2210;4;3;6.07;
HAD_P;2014;140000076;140000084;N2410;;1;0.5;
HAD_P;2014;140000076;140000084;N2510;5;2;5.52;
HAD_P;2014;140000076;140000084;N2710;1;;0.25;
HAD_P;2014;140000076;140000084;N3120;;1;0.2;
HAD_P;2014;140000076;140000084;N9999;12;8;13.8;
HAD_P;2014;140000076;140000084;NAUT;1;1;0.86;
HAD_P;2014;140000209;140000100;M9999;2;;0.35;
HAD_P;2014;140000209;140000100;Mcoor;2;;0.35;
HAD_P;2014;140000209;140000100;N2210;2;1;2.7;
HAD_P;2014;140000209;140000100;N9999;2;1;2.7;
HAD_P;2014;140000233;140000118;M9999;;3;0.5;
HAD_P;2014;140000233;140000118;Mcoor;;3;0.5;
HAD_P;2014;140000233;140000118;N2120;;1;0.05;
HAD_P;2014;140000233;140000118;N2210;5;3;6.12;
HAD_P;2014;140000233;140000118;N2460;;1;0.05;
HAD_P;2014;140000233;140000118;N2510;2;1;3.69;
HAD_P;2014;140000233;140000118;N2710;;1;0.1;
HAD_P;2014;140000233;140000118;N3120;;1;0.1;
HAD_P;2014;140000233;140000118;N9999;8;9;11.91;
HAD_P;2014;140000233;140000118;NAUT;;1;0.8;
HAD_P;2014;140000233;140000118;Ncoor;1;;1;
HAD_P;2014;140000258;140000415;M3050;;1;0.3;
HAD_P;2014;140000258;140000415;M9999;;3;1.6;
HAD_P;2014;140000258;140000415;Mcoor;;2;1.3;
HAD_P;2014;140000373;140000159;M9999;1;1;0.69;
HAD_P;2014;140000373;140000159;Mcoor;1;1;0.69;
HAD_P;2014;140000373;140000159;N2120;1;;0.2;
HAD_P;2014;140000373;140000159;N2210;8;2;7.89;
HAD_P;2014;140000373;140000159;N2510;6;1;7.61;
HAD_P;2014;140000373;140000159;N2710;1;;0.3;
HAD_P;2014;140000373;140000159;N9999;18;3;16.9;
HAD_P;2014;140000373;140000159;NAUT;1;;0.4;
HAD_P;2014;140000373;140000159;Ncoor;1;;0.5;
HAD_P;2014;140002619;750721334;M9999;;2;0.48;
HAD_P;2014;140002619;750721334;Mcoor;;2;0.48;
HAD_P;2014;140002619;750721334;N2120;2;;2;
HAD_P;2014;140002619;750721334;N2210;4;1;4.9;
HAD_P;2014;140002619;750721334;N2510;6;8;12.39;
HAD_P;2014;140002619;750721334;N2710;;1;0.2;
HAD_P;2014;140002619;750721334;N3120;;1;0.6;
HAD_P;2014;140002619;750721334;N9999;17;11;25.09;
HAD_P;2014;140002619;750721334;Ncoor;5;;5;
HAD_P;2014;140016155;140027426;M3050;;1;0.1;31
HAD_P;2014;140016155;140027426;M9999;;4;0.98;31
HAD_P;2014;140016155;140027426;Mcoor;;3;0.88;
HAD_P;2014;140016155;140027426;N2120;;1;0.7;
HAD_P;2014;140016155;140027426;N2210;;;;89
HAD_P;2014;140016155;140027426;N2410;;;;26
HAD_P;2014;140016155;140027426;N2510;3;13;13.45;
HAD_P;2014;140016155;140027426;N2710;;2;0.96;
HAD_P;2014;140016155;140027426;N3120;1;;0.9;
HAD_P;2014;140016155;140027426;N9999;7;18;19.98;117
HAD_P;2014;140016155;140027426;NAUT;;1;0.3;2
HAD_P;2014;140016155;140027426;Ncoor;3;1;3.67;
HAD_P;2014;150000040;150780096;M9999;1;;0.3;
HAD_P;2014;150000040;150780096;Mcoor;1;;0.3;
HAD_P;2014;150000040;150780096;N2120;;2;0.55;
HAD_P;2014;150000040;150780096;N2210;5;;5;
HAD_P;2014;150000040;150780096;N2510;2;;2.08;
HAD_P;2014;150000040;150780096;N9999;7;3;7.73;
HAD_P;2014;150000040;150780096;NAUT;;1;0.1;
HAD_P;2014;160002036;160009908;M9999;1;1;1.5;
HAD_P;2014;160002036;160009908;Mcoor;1;1;1.5;
HAD_P;2014;160002036;160009908;N2120;1;;1;
HAD_P;2014;160002036;160009908;N2510;13;15;25.5;
HAD_P;2014;160002036;160009908;N2710;1;;1;
HAD_P;2014;160002036;160009908;N3120;1;;1;
HAD_P;2014;160002036;160009908;N9999;27;23;46;
HAD_P;2014;160002036;160009908;NAUT;3;6;7.8;
HAD_P;2014;160002036;160009908;Ncoor;8;2;9.7;
HAD_P;2014;170000087;170023279;M9999;3;;1.7;
HAD_P;2014;170000087;170023279;MAUT;2;;1.3;
HAD_P;2014;170000087;170023279;Mcoor;1;;0.4;
HAD_P;2014;170000087;170023279;N2120;1;;1.05;
HAD_P;2014;170000087;170023279;N2410;;1;0.03;
HAD_P;2014;170000087;170023279;N2510;6;;4.68;
HAD_P;2014;170000087;170023279;N2710;1;;1;
HAD_P;2014;170000087;170023279;N3120;1;;0.5;
HAD_P;2014;170000087;170023279;N9999;21;6;21.34;
HAD_P;2014;170000087;170023279;NAUT;5;;3.85;
HAD_P;2014;170000087;170023279;Ncoor;7;5;10.23;
HAD_P;2014;170000103;170780175;M9999;0;2;0.49;0
HAD_P;2014;170000103;170780175;MAUT;0;2;0.49;0
HAD_P;2014;170000103;170780175;N2120;1;;0.8;
HAD_P;2014;170000103;170780175;N2210;5;5;7.98;
HAD_P;2014;170000103;170780175;N2510;1;;0.1;
HAD_P;2014;170000103;170780175;N3120;1;;0.3;
HAD_P;2014;170000103;170780175;N9999;9;5;9.23;
HAD_P;2014;170000103;170780175;NAUT;1;;0.05;
HAD_P;2014;170021661;170020432;M9999;;0;0.41;
HAD_P;2014;170021661;170020432;Mcoor;;0;0.41;
HAD_P;2014;170021661;170020432;N2120;;;0.56;
HAD_P;2014;170021661;170020432;N2510;;;1.18;
HAD_P;2014;170021661;170020432;N2710;;;0.15;
HAD_P;2014;170021661;170020432;N3120;;;0.3;
HAD_P;2014;170021661;170020432;N9999;;;5.13;
HAD_P;2014;170021661;170020432;NAUT;;;0.87;
HAD_P;2014;170021661;170020432;Ncoor;;;2.07;
HAD_P;2014;180000010;180000028;M9999;;1;0.5;
HAD_P;2014;180000010;180000028;Mcoor;;1;0.5;
HAD_P;2014;180000010;180000028;N2120;1;;1;
HAD_P;2014;180000010;180000028;N2210;9;3;11.5;
HAD_P;2014;180000010;180000028;N2510;8;2;9.5;
HAD_P;2014;180000010;180000028;N3120;;1;0.3;
HAD_P;2014;180000010;180000028;N9999;18;7;23.05;
HAD_P;2014;180000010;180000028;NAUT;;1;0.75;
HAD_P;2014;180008278;750047367;M3050;;1;0.06;
HAD_P;2014;180008278;750047367;M9999;;2;0.56;
HAD_P;2014;180008278;750047367;Mcoor;;1;0.5;
HAD_P;2014;180008278;750047367;N2210;1;;0.25;
HAD_P;2014;180008278;750047367;N2510;5;1;5.25;
HAD_P;2014;180008278;750047367;N2710;;1;0.3;
HAD_P;2014;180008278;750047367;N3120;;1;0.5;
HAD_P;2014;180008278;750047367;N9999;12;3;12.3;
HAD_P;2014;180008278;750047367;NAUT;3;;3;
HAD_P;2014;180008278;750047367;Ncoor;3;;3;
HAD_P;2014;190000026;190000059;M9999;1;;0.1;
HAD_P;2014;190000026;190000059;Mcoor;1;;0.1;
HAD_P;2014;190000026;190000059;N2120;;1;0.5;
HAD_P;2014;190000026;190000059;N2210;9;;9.05;
HAD_P;2014;190000026;190000059;N9999;9;3;10.75;
HAD_P;2014;190000026;190000059;NAUT;;2;1.2;
HAD_P;2014;190010629;190010579;M9999;;1;0.8;
HAD_P;2014;190010629;190010579;Mcoor;;1;0.8;
HAD_P;2014;190010629;190010579;N2120;;2;1.5;
HAD_P;2014;190010629;190010579;N3120;;1;0.8;
HAD_P;2014;190010629;190010579;N9999;2;5;5.8;
HAD_P;2014;190010629;190010579;Ncoor;2;2;3.5;
HAD_P;2014;210003059;210987400;M3050;;1;0.3;
HAD_P;2014;210003059;210987400;M9999;;3;1.44;
HAD_P;2014;210003059;210987400;Mcoor;;2;1.14;
HAD_P;2014;210003059;210987400;N2120;1;;1;
HAD_P;2014;210003059;210987400;N2210;23;2;24;
HAD_P;2014;210003059;210987400;N2410;;1;0.25;
HAD_P;2014;210003059;210987400;N2510;14;3;15.48;
HAD_P;2014;210003059;210987400;N2710;;1;0.19;
HAD_P;2014;210003059;210987400;N3120;1;;1;
HAD_P;2014;210003059;210987400;N9999;45;12;50.4;
HAD_P;2014;210003059;210987400;NAUT;4;4;5.98;
HAD_P;2014;210003059;210987400;Ncoor;2;1;2.5;
HAD_P;2014;210780789;210003208;M3050;;1;0.1;79
HAD_P;2014;210780789;210003208;M9999;;3;1.1;79
HAD_P;2014;210780789;210003208;Mcoor;;2;1;
HAD_P;2014;210780789;210003208;N2210;1;;1;101
HAD_P;2014;210780789;210003208;N2410;;;;59
HAD_P;2014;210780789;210003208;N2510;8;;8;
HAD_P;2014;210780789;210003208;N9999;10;1;10.8;160
HAD_P;2014;210780789;210003208;NAUT;;1;0.8;
HAD_P;2014;210780789;210003208;Ncoor;1;;1;
HAD_P;2014;210987657;210780714;M9999;;1;0.1;
HAD_P;2014;210987657;210780714;Mcoor;;1;0.1;
HAD_P;2014;210987657;210780714;N2120;1;;1;
HAD_P;2014;210987657;210780714;N2210;5;;5;
HAD_P;2014;210987657;210780714;N9999;6;1;6.5;
HAD_P;2014;210987657;210780714;NAUT;;1;0.5;
HAD_P;2014;210987731;210780417;M9999;;1;0.2;
HAD_P;2014;210987731;210780417;Mcoor;;1;0.2;
HAD_P;2014;210987731;210780417;N2120;1;;1;
HAD_P;2014;210987731;210780417;N2210;5;;5;
HAD_P;2014;210987731;210780417;N2510;1;2;1.75;
HAD_P;2014;210987731;210780417;N9999;7;3;8.5;
HAD_P;2014;210987731;210780417;NAUT;;1;0.75;
HAD_P;2014;220000368;220000103;M9999;1;;0.5;
HAD_P;2014;220000368;220000103;Mcoor;1;;0.5;
HAD_P;2014;220000368;220000103;N2120;2;;0.46;
HAD_P;2014;220000368;220000103;N2210;1;1;2.34;
HAD_P;2014;220000368;220000103;N2510;8;3;10.29;
HAD_P;2014;220000368;220000103;N2710;;;0.15;
HAD_P;2014;220000368;220000103;N3120;1;1;0.68;
HAD_P;2014;220000368;220000103;N9999;14;5;15.04;
HAD_P;2014;220000368;220000103;NAUT;2;;1.12;
HAD_P;2014;220000541;220000152;M9999;1;;0.25;29
HAD_P;2014;220000541;220000152;MAUT;;;;29
HAD_P;2014;220000541;220000152;Mcoor;1;;0.25;
HAD_P;2014;220000541;220000152;N2120;2;;0.28;
HAD_P;2014;220000541;220000152;N2210;1;;1;47
HAD_P;2014;220000541;220000152;N2410;;;;13
HAD_P;2014;220000541;220000152;N2510;3;1;3.56;
HAD_P;2014;220000541;220000152;N9999;9;2;7.24;60
HAD_P;2014;220000541;220000152;NAUT;2;1;1.4;
HAD_P;2014;220000541;220000152;Ncoor;1;;1;
HAD_P;2014;220019616;220019608;M3050;;1;0.1;
HAD_P;2014;220019616;220019608;M9999;1;1;1.1;
HAD_P;2014;220019616;220019608;Mcoor;1;;1;
HAD_P;2014;220019616;220019608;N2510;6;2;7.25;
HAD_P;2014;220019616;220019608;N2710;;1;0.3;
HAD_P;2014;220019616;220019608;N3120;;1;0.5;
HAD_P;2014;220019616;220019608;N9999;8;4;10.05;
HAD_P;2014;220019616;220019608;Ncoor;2;;2;
HAD_P;2014;220020341;350000626;M3050;;1;0.1;
HAD_P;2014;220020341;350000626;M9999;;2;0.7;
HAD_P;2014;220020341;350000626;Mcoor;;1;0.6;
HAD_P;2014;220020341;350000626;N2510;4;;4;
HAD_P;2014;220020341;350000626;N2710;;1;0.2;
HAD_P;2014;220020341;350000626;N3120;;1;0.3;
HAD_P;2014;220020341;350000626;N9999;5;2;5.5;
HAD_P;2014;220020341;350000626;Ncoor;1;;1;
HAD_P;2014;230782617;750000218;M3050;;;;14
HAD_P;2014;230782617;750000218;M9999;;1;0.6;139
HAD_P;2014;230782617;750000218;MAUT;;;;125
HAD_P;2014;230782617;750000218;Mcoor;;1;0.6;
HAD_P;2014;230782617;750000218;N2210;2;;2;220
HAD_P;2014;230782617;750000218;N2410;;;;68
HAD_P;2014;230782617;750000218;N2510;9;3;10.28;
HAD_P;2014;230782617;750000218;N2710;;1;0.43;
HAD_P;2014;230782617;750000218;N3120;;1;0.5;
HAD_P;2014;230782617;750000218;N9999;12;5;14.21;289
HAD_P;2014;230782617;750000218;NAUT;;;;1
HAD_P;2014;230782617;750000218;Ncoor;1;;1;
HAD_P;2014;240000489;240000117;M9999;;2;0.58;
HAD_P;2014;240000489;240000117;Mcoor;;2;0.58;
HAD_P;2014;240000489;240000117;N2120;1;0;1;
HAD_P;2014;240000489;240000117;N2210;8;5;11.92;0
HAD_P;2014;240000489;240000117;N2510;8;0;8;
HAD_P;2014;240000489;240000117;N3120;1;0;1;
HAD_P;2014;240000489;240000117;N9999;19;5;22.92;0
HAD_P;2014;240000489;240000117;NAUT;1;0;1;
HAD_P;2014;240000687;240000448;M9999;1;;0.5;25
HAD_P;2014;240000687;240000448;MAUT;;;;25
HAD_P;2014;240000687;240000448;Mcoor;1;;0.5;
HAD_P;2014;240000687;240000448;N2120;1;;1;
HAD_P;2014;240000687;240000448;N2210;5;3;6.83;38
HAD_P;2014;240000687;240000448;N2410;;;;8
HAD_P;2014;240000687;240000448;N2510;2;;2;
HAD_P;2014;240000687;240000448;N2710;;;;2
HAD_P;2014;240000687;240000448;N3120;;1;0.5;
HAD_P;2014;240000687;240000448;N9999;9;6;11.88;48
HAD_P;2014;240000687;240000448;NAUT;1;2;1.55;
HAD_P;2014;240011668;240000612;M9999;1;1;1.68;
HAD_P;2014;240011668;240000612;MAUT;1;;1.18;
HAD_P;2014;240011668;240000612;Mcoor;;1;0.5;
HAD_P;2014;240011668;240000612;N2120;1;;1;
HAD_P;2014;240011668;240000612;N2210;4;3;6.65;
HAD_P;2014;240011668;240000612;N2510;2;1;2.74;
HAD_P;2014;240011668;240000612;N2710;;1;0.5;
HAD_P;2014;240011668;240000612;N3120;;1;0.5;
HAD_P;2014;240011668;240000612;N9999;8;6;11.89;
HAD_P;2014;240011668;240000612;Ncoor;1;;0.5;
HAD_P;2014;250012069;250017803;M9999;;1;0.3;
HAD_P;2014;250012069;250017803;Mcoor;;1;0.3;
HAD_P;2014;250012069;250017803;N2210;3;4;5.14;54
HAD_P;2014;250012069;250017803;N2410;;;;23
HAD_P;2014;250012069;250017803;N2510;;4;2.91;
HAD_P;2014;250012069;250017803;N2710;;1;0.28;
HAD_P;2014;250012069;250017803;N3120;;1;0.47;
HAD_P;2014;250012069;250017803;N9999;3;11;9.59;77
HAD_P;2014;250012069;250017803;Ncoor;;1;0.79;
HAD_P;2014;250012838;250017803;M9999;;1;0.3;34
HAD_P;2014;250012838;250017803;MAUT;;;;34
HAD_P;2014;250012838;250017803;Mcoor;;1;0.3;
HAD_P;2014;250012838;250017803;N2210;;;;6
HAD_P;2014;250012838;250017803;N2710;;1;0.31;
HAD_P;2014;250012838;250017803;N9999;1;9;4.22;17
HAD_P;2014;250012838;250017803;NAUT;1;8;3.91;11
HAD_P;2014;250016037;250017803;M9999;;2;1;
HAD_P;2014;250016037;250017803;Mcoor;;2;1;
HAD_P;2014;250016037;250017803;N2210;4;6;6.94;154
HAD_P;2014;250016037;250017803;N2410;;;;24
HAD_P;2014;250016037;250017803;N2510;5;2;5.22;
HAD_P;2014;250016037;250017803;N2710;;1;0.46;
HAD_P;2014;250016037;250017803;N3120;;2;0.39;
HAD_P;2014;250016037;250017803;N9999;10;12;14.21;181
HAD_P;2014;250016037;250017803;NAUT;;;;3
HAD_P;2014;250016037;250017803;Ncoor;1;1;1.2;
HAD_P;2014;250016045;250017803;M9999;1;;1;
HAD_P;2014;250016045;250017803;Mcoor;1;;1;
HAD_P;2014;250016045;250017803;N2210;5;8;7.7;118
HAD_P;2014;250016045;250017803;N2410;;;;55
HAD_P;2014;250016045;250017803;N2460;;;;2
HAD_P;2014;250016045;250017803;N2510;7;5;6.97;
HAD_P;2014;250016045;250017803;N2710;;1;0.5;
HAD_P;2014;250016045;250017803;N3120;;1;0.47;
HAD_P;2014;250016045;250017803;N9999;13;16;17.01;194
HAD_P;2014;250016045;250017803;NAUT;;;;19
HAD_P;2014;250016045;250017803;Ncoor;1;1;1.37;
HAD_P;2014;260000138;260000047;M9999;1;;1;
HAD_P;2014;260000138;260000047;Mcoor;1;;1;
HAD_P;2014;260000138;260000047;N2120;;1;0.8;
HAD_P;2014;260000138;260000047;N2210;2;5;4.88;
HAD_P;2014;260000138;260000047;N2710;;1;0.42;
HAD_P;2014;260000138;260000047;N3120;1;;1;
HAD_P;2014;260000138;260000047;N9999;6;7;9.88;
HAD_P;2014;260000138;260000047;NAUT;3;;2.78;
HAD_P;2014;260000146;260000054;M9999;5;;3.88;
HAD_P;2014;260000146;260000054;Mcoor;5;;3.88;
HAD_P;2014;260000146;260000054;N2120;1;1;0.73;
HAD_P;2014;260000146;260000054;N2210;19;16;19.31;
HAD_P;2014;260000146;260000054;N2510;3;7;4.18;
HAD_P;2014;260000146;260000054;N2710;;1;0.5;
HAD_P;2014;260000146;260000054;N3120;1;2;2.29;
HAD_P;2014;260000146;260000054;N9999;24;27;27.01;
HAD_P;2014;270000441;270000110;M9999;;1;0.2;
HAD_P;2014;270000441;270000110;Mcoor;;1;0.2;
HAD_P;2014;270000441;270000110;N2210;4;1;4.42;
HAD_P;2014;270000441;270000110;N2510;6;;6.02;
HAD_P;2014;270000441;270000110;N9999;11;1;11.44;
HAD_P;2014;270000441;270000110;Ncoor;1;;1;
HAD_P;2014;270016058;270016009;M3050;;1;0.06;
HAD_P;2014;270016058;270016009;M9999;;2;0.86;
HAD_P;2014;270016058;270016009;Mcoor;;1;0.8;
HAD_P;2014;270016058;270016009;N2210;2;;2.08;
HAD_P;2014;270016058;270016009;N2510;7;2;8.25;
HAD_P;2014;270016058;270016009;N3120;;1;0.33;
HAD_P;2014;270016058;270016009;N9999;16;3;17.66;
HAD_P;2014;270016058;270016009;NAUT;3;;3;
HAD_P;2014;270016058;270016009;Ncoor;4;;4;
HAD_P;2014;270019649;270019508;M9999;0;2;1;
HAD_P;2014;270019649;270019508;Mcoor;0;2;1;
HAD_P;2014;270019649;270019508;N2120;;2;0.8;
HAD_P;2014;270019649;270019508;N2210;;9;10.2;
HAD_P;2014;270019649;270019508;N2510;;10;9.4;
HAD_P;2014;270019649;270019508;N2710;;2;0.5;
HAD_P;2014;270019649;270019508;N3120;;2;0.4;
HAD_P;2014;270019649;270019508;N9999;;31;25.6;
HAD_P;2014;270019649;270019508;NAUT;;4;2.3;
HAD_P;2014;270019649;270019508;Ncoor;;2;2;
HAD_P;2014;280001678;450011150;M9999;;2;0.47;
HAD_P;2014;280001678;450011150;Mcoor;;2;0.47;
HAD_P;2014;280001678;450011150;N2120;1;;0.43;
HAD_P;2014;280001678;450011150;N2210;7;;4.49;49
HAD_P;2014;280001678;450011150;N2410;;;;23
HAD_P;2014;280001678;450011150;N2510;6;;3.85;
HAD_P;2014;280001678;450011150;N2710;;2;0.44;
HAD_P;2014;280001678;450011150;N3120;1;;0.4;
HAD_P;2014;280001678;450011150;N9999;25;12;15.68;79
HAD_P;2014;280001678;450011150;NAUT;3;8;2.63;7
HAD_P;2014;280001678;450011150;Ncoor;7;2;3.44;
HAD_P;2014;280003898;450011150;M9999;;2;0.17;
HAD_P;2014;280003898;450011150;Mcoor;;2;0.17;
HAD_P;2014;280003898;450011150;N2120;1;;0.15;
HAD_P;2014;280003898;450011150;N2210;7;;1.57;15
HAD_P;2014;280003898;450011150;N2410;;;;1
HAD_P;2014;280003898;450011150;N2510;7;;1.57;
HAD_P;2014;280003898;450011150;N2710;;2;0.07;
HAD_P;2014;280003898;450011150;N3120;1;;0.06;
HAD_P;2014;280003898;450011150;N9999;26;13;4.85;19
HAD_P;2014;280003898;450011150;NAUT;3;9;0.23;3
HAD_P;2014;280003898;450011150;Ncoor;7;2;1.2;
HAD_P;2014;280003948;450011150;M9999;;2;0.1;
HAD_P;2014;280003948;450011150;Mcoor;;2;0.1;
HAD_P;2014;280003948;450011150;N2120;1;;0.09;
HAD_P;2014;280003948;450011150;N2210;7;;0.94;8
HAD_P;2014;280003948;450011150;N2410;;;;1
HAD_P;2014;280003948;450011150;N2510;7;;0.94;
HAD_P;2014;280003948;450011150;N2710;;2;0.1;
HAD_P;2014;280003948;450011150;N3120;1;;0.09;
HAD_P;2014;280003948;450011150;N9999;26;12;3.03;11
HAD_P;2014;280003948;450011150;NAUT;3;8;0.15;2
HAD_P;2014;280003948;450011150;Ncoor;7;2;0.72;
HAD_P;2014;290000025;290020700;M3050;6;0;0.3;0
HAD_P;2014;290000025;290020700;M9999;7;0;0.8;0
HAD_P;2014;290000025;290020700;Mcoor;1;0;0.5;
HAD_P;2014;290000025;290020700;N2120;1;;1;
HAD_P;2014;290000025;290020700;N2210;;;;112
HAD_P;2014;290000025;290020700;N2510;8;3;10.6;
HAD_P;2014;290000025;290020700;N9999;13;3;15.47;112
HAD_P;2014;290000025;290020700;NAUT;2;;1.87;
HAD_P;2014;290000025;290020700;Ncoor;2;;2;
HAD_P;2014;290000140;290000447;M9999;1;1;1.2;
HAD_P;2014;290000140;290000447;Mcoor;1;1;1.2;
HAD_P;2014;290000140;290000447;N2120;1;;1;
HAD_P;2014;290000140;290000447;N2210;9;;9;
HAD_P;2014;290000140;290000447;N2510;10;;10;
HAD_P;2014;290000140;290000447;N2710;1;;0.5;
HAD_P;2014;290000140;290000447;N3120;1;;0.5;
HAD_P;2014;290000140;290000447;N9999;26;;25;
HAD_P;2014;290000140;290000447;Ncoor;4;;4;
HAD_P;2014;290032838;290032820;M3050;;1;0.1;
HAD_P;2014;290032838;290032820;M9999;;2;0.9;
HAD_P;2014;290032838;290032820;Mcoor;;1;0.8;
HAD_P;2014;290032838;290032820;N2510;3;1;3.8;
HAD_P;2014;290032838;290032820;N2710;;1;0.3;
HAD_P;2014;290032838;290032820;N3120;;1;0.2;
HAD_P;2014;290032838;290032820;N9999;5;4;6.9;
HAD_P;2014;290032838;290032820;NAUT;;1;0.6;
HAD_P;2014;290032838;290032820;Ncoor;2;;2;
HAD_P;2014;290033679;350000626;M9999;;1;0.5;
HAD_P;2014;290033679;350000626;Mcoor;;1;0.5;
HAD_P;2014;290033679;350000626;N2510;2;;2;
HAD_P;2014;290033679;350000626;N2710;;1;0.1;
HAD_P;2014;290033679;350000626;N3120;;1;0.2;
HAD_P;2014;290033679;350000626;N9999;3;2;3.3;
HAD_P;2014;290033679;350000626;Ncoor;1;;1;
HAD_P;2014;2A0001988;2A0001848;M3050;0;0;0;10
HAD_P;2014;2A0001988;2A0001848;M9999;0;1;0.07;10
HAD_P;2014;2A0001988;2A0001848;MAUT;0;1;0.07;0
HAD_P;2014;2A0001988;2A0001848;N2210;10;0;9;2
HAD_P;2014;2A0001988;2A0001848;N2410;0;0;0;4
HAD_P;2014;2A0001988;2A0001848;N2510;2;0;2;
HAD_P;2014;2A0001988;2A0001848;N2710;0;1;0.33;0
HAD_P;2014;2A0001988;2A0001848;N9999;15;1;14.33;6
HAD_P;2014;2A0001988;2A0001848;NAUT;2;0;2;0
HAD_P;2014;2A0001988;2A0001848;Ncoor;1;0;1;
HAD_P;2014;2A0002614;2A0002606;M9999;1;1;0.87;
HAD_P;2014;2A0002614;2A0002606;Mcoor;1;1;0.87;
HAD_P;2014;2A0002614;2A0002606;N9999;3;;2;
HAD_P;2014;2A0002614;2A0002606;NAUT;1;;1;
HAD_P;2014;2A0002614;2A0002606;Ncoor;2;;1;
HAD_P;2014;2B0000038;2B0004246;M9999;;1;0.1;
HAD_P;2014;2B0000038;2B0004246;Mcoor;;1;0.1;
HAD_P;2014;2B0000038;2B0004246;N9999;1;;1;
HAD_P;2014;2B0000038;2B0004246;Ncoor;1;;1;
HAD_P;2014;2B0001739;2B0001689;M3050;1;;1;
HAD_P;2014;2B0001739;2B0001689;M9999;1;;1;
HAD_P;2014;2B0001739;2B0001689;N2120;4;;4.05;
HAD_P;2014;2B0001739;2B0001689;N2210;11;;13.34;
HAD_P;2014;2B0001739;2B0001689;N2510;5;1;5.7;
HAD_P;2014;2B0001739;2B0001689;N9999;21;2;24.59;
HAD_P;2014;2B0001739;2B0001689;NAUT;1;1;1.5;
HAD_P;2014;2B0003289;2B0003198;M3050;1;;1;
HAD_P;2014;2B0003289;2B0003198;M9999;2;;2;
HAD_P;2014;2B0003289;2B0003198;Mcoor;1;;1;
HAD_P;2014;2B0003289;2B0003198;N2120;1;;1;
HAD_P;2014;2B0003289;2B0003198;N2510;1;;1;
HAD_P;2014;2B0003289;2B0003198;N2710;1;;1;
HAD_P;2014;2B0003289;2B0003198;N3120;0;1;0.5;
HAD_P;2014;2B0003289;2B0003198;N9999;8;2;9.3;
HAD_P;2014;2B0003289;2B0003198;NAUT;2;1;2.8;
HAD_P;2014;2B0003289;2B0003198;Ncoor;3;;3;
HAD_P;2014;300000031;300780053;M9999;;1;1.15;
HAD_P;2014;300000031;300780053;Mcoor;;1;1.15;
HAD_P;2014;300000031;300780053;N2120;1;0;0.5;
HAD_P;2014;300000031;300780053;N2210;2;4;4;
HAD_P;2014;300000031;300780053;N2510;1;2;2.88;
HAD_P;2014;300000031;300780053;N2710;0;1;0.2;
HAD_P;2014;300000031;300780053;N3120;0;1;0.1;
HAD_P;2014;300000031;300780053;N9999;5;11;10.56;
HAD_P;2014;300000031;300780053;NAUT;1;2;2.38;
HAD_P;2014;300000031;300780053;Ncoor;0;1;0.5;
HAD_P;2014;300000056;300780079;N2120;1;;0.15;
HAD_P;2014;300000056;300780079;N2210;1;1;1.8;
HAD_P;2014;300000056;300780079;N2510;2;;1.5;
HAD_P;2014;300000056;300780079;N9999;4;1;3.45;
HAD_P;2014;300000064;300780087;M9999;1;;0.5;
HAD_P;2014;300000064;300780087;Mcoor;1;;0.5;
HAD_P;2014;300000064;300780087;N2120;;1;0.08;
HAD_P;2014;300000064;300780087;N2210;4;1;3.72;
HAD_P;2014;300000064;300780087;N2510;1;1;1.83;
HAD_P;2014;300000064;300780087;N9999;5;3;5.63;
HAD_P;2014;300012309;340784933;M3050;1;;1;
HAD_P;2014;300012309;340784933;M9999;1;1;1.8;
HAD_P;2014;300012309;340784933;Mcoor;;1;0.8;
HAD_P;2014;300012309;340784933;N2120;1;;1;
HAD_P;2014;300012309;340784933;N2710;;1;0.6;
HAD_P;2014;300012309;340784933;N9999;9;1;9.6;
HAD_P;2014;300012309;340784933;NAUT;2;;2;
HAD_P;2014;300012309;340784933;Ncoor;6;;6;
HAD_P;2014;300013745;340784933;M3050;;1;1;
HAD_P;2014;300013745;340784933;M9999;;2;1.5;
HAD_P;2014;300013745;340784933;Mcoor;;1;0.5;
HAD_P;2014;300013745;340784933;N2120;1;;1;
HAD_P;2014;300013745;340784933;N2710;;1;0.4;
HAD_P;2014;300013745;340784933;N3120;;1;0.5;
HAD_P;2014;300013745;340784933;N9999;1;6;5.1;
HAD_P;2014;300013745;340784933;Ncoor;;4;3.2;
HAD_P;2014;300013778;300013760;M9999;1;0;1;0
HAD_P;2014;300013778;300013760;Mcoor;1;0;1;
HAD_P;2014;300013778;300013760;N2120;1;0;1;
HAD_P;2014;300013778;300013760;N2210;2;1;2.8;
HAD_P;2014;300013778;300013760;N2710;0;1;0.25;
HAD_P;2014;300013778;300013760;N3120;0;1;0.6;
HAD_P;2014;300013778;300013760;N9999;6;3;7.45;
HAD_P;2014;300013778;300013760;NAUT;1;0;1;
HAD_P;2014;300013778;300013760;Ncoor;2;0;1.8;
HAD_P;2014;300013786;300780038;M9999;2;2;2.9;
HAD_P;2014;300013786;300780038;MAUT;2;1;2.3;
HAD_P;2014;300013786;300780038;Mcoor;;1;0.6;
HAD_P;2014;300013786;300780038;N2120;1;;1;
HAD_P;2014;300013786;300780038;N2210;3;1;4.47;
HAD_P;2014;300013786;300780038;N2510;2;;2.08;
HAD_P;2014;300013786;300780038;N3120;;1;0.5;
HAD_P;2014;300013786;300780038;N9999;7;2;8.8;
HAD_P;2014;300013786;300780038;NAUT;1;;0.75;
HAD_P;2014;300782117;300780038;M9999;2;3;2.9;
HAD_P;2014;300782117;300780038;MAUT;2;2;2.3;
HAD_P;2014;300782117;300780038;Mcoor;;1;0.6;
HAD_P;2014;300782117;300780038;N2120;1;;1;
HAD_P;2014;300782117;300780038;N2210;5;;4.25;
HAD_P;2014;300782117;300780038;N2510;2;;2;
HAD_P;2014;300782117;300780038;N2710;1;;0.5;
HAD_P;2014;300782117;300780038;N9999;14;;11.87;
HAD_P;2014;300782117;300780038;NAUT;5;;4.12;
HAD_P;2014;310000310;310780671;M9999;1;2;0.76;
HAD_P;2014;310000310;310780671;MAUT;1;;0.16;
HAD_P;2014;310000310;310780671;Mcoor;;2;0.6;
HAD_P;2014;310000310;310780671;N2120;1;;0.5;
HAD_P;2014;310000310;310780671;N2510;6;;6;
HAD_P;2014;310000310;310780671;N3120;;2;0.77;
HAD_P;2014;310000310;310780671;N9999;11;2;11.17;
HAD_P;2014;310000310;310780671;NAUT;1;;0.9;
HAD_P;2014;310000310;310780671;Ncoor;3;;3;
HAD_P;2014;310005459;310021886;M3050;0;1;0.1;
HAD_P;2014;310005459;310021886;M9999;0;5;1.64;234
HAD_P;2014;310005459;310021886;MAUT;0;;;234
HAD_P;2014;310005459;310021886;Mcoor;0;4;1.54;
HAD_P;2014;310005459;310021886;N2120;2;1;2.74;
HAD_P;2014;310005459;310021886;N2210;25;6;14.41;507
HAD_P;2014;310005459;310021886;N2410;0;;;191
HAD_P;2014;310005459;310021886;N2510;8;7;6.41;
HAD_P;2014;310005459;310021886;N2710;0;1;0.8;1
HAD_P;2014;310005459;310021886;N3120;1;4;1.81;
HAD_P;2014;310005459;310021886;N9999;44;27;35.71;726
HAD_P;2014;310005459;310021886;NAUT;8;8;9.54;27
HAD_P;2014;310016977;310781406;M9999;1;;0.1;
HAD_P;2014;310016977;310781406;Mcoor;1;;0.1;
HAD_P;2014;310016977;310781406;N2120;1;;1;
HAD_P;2014;310016977;310781406;N2210;4;;5.4;
HAD_P;2014;310016977;310781406;N2510;3;;2.99;
HAD_P;2014;310016977;310781406;N9999;8;;9.39;
HAD_P;2014;310780259;310000096;M3050;;1;0.25;
HAD_P;2014;310780259;310000096;M9999;2;2;2.9;
HAD_P;2014;310780259;310000096;Mcoor;2;1;2.65;
HAD_P;2014;310780259;310000096;N2120;1;1;1.2;
HAD_P;2014;310780259;310000096;N2210;17;;16.84;
HAD_P;2014;310780259;310000096;N2510;8;;7.58;
HAD_P;2014;310780259;310000096;N2710;;1;0.5;
HAD_P;2014;310780259;310000096;N3120;1;;1;
HAD_P;2014;310780259;310000096;N9999;39;4;40.36;
HAD_P;2014;310780259;310000096;NAUT;8;2;9.24;
HAD_P;2014;310780259;310000096;Ncoor;4;;4;
HAD_P;2014;320004328;750721334;M9999;;1;0.5;
HAD_P;2014;320004328;750721334;Mcoor;;1;0.5;
HAD_P;2014;320004328;750721334;N2210;3;1;3.8;100
HAD_P;2014;320004328;750721334;N2410;;;;21
HAD_P;2014;320004328;750721334;N2510;1;;1;
HAD_P;2014;320004328;750721334;N9999;7;1;7.8;121
HAD_P;2014;320004328;750721334;NAUT;2;;2;
HAD_P;2014;320004328;750721334;Ncoor;1;;1;
HAD_P;2014;330000332;330780545;M3050;;;;43
HAD_P;2014;330000332;330780545;M9999;;3;1.18;189
HAD_P;2014;330000332;330780545;MAUT;;;;146
HAD_P;2014;330000332;330780545;Mcoor;;3;1.18;
HAD_P;2014;330000332;330780545;N2120;1;;0.67;
HAD_P;2014;330000332;330780545;N2210;16;;16.6;120
HAD_P;2014;330000332;330780545;N2410;;;;62
HAD_P;2014;330000332;330780545;N2510;9;2;11.05;
HAD_P;2014;330000332;330780545;N2710;;1;0.3;1
HAD_P;2014;330000332;330780545;N3120;1;;0.2;
HAD_P;2014;330000332;330780545;N9999;31;4;33;188
HAD_P;2014;330000332;330780545;NAUT;1;1;1.18;5
HAD_P;2014;330000332;330780545;Ncoor;3;;3;
HAD_P;2014;330000340;330780552;M3050;1;;0.75;
HAD_P;2014;330000340;330780552;M9999;3;4;5.55;
HAD_P;2014;330000340;330780552;MAUT;;3;1;
HAD_P;2014;330000340;330780552;Mcoor;2;1;3.8;
HAD_P;2014;330000340;330780552;N2120;1;;1;
HAD_P;2014;330000340;330780552;N2210;51;30;81.5;453
HAD_P;2014;330000340;330780552;N2460;1;;0.04;
HAD_P;2014;330000340;330780552;N2510;9;3;12.88;
HAD_P;2014;330000340;330780552;N2710;3;;1.6;
HAD_P;2014;330000340;330780552;N3120;2;2;3.8;
HAD_P;2014;330000340;330780552;N9999;71;35;104.82;453
HAD_P;2014;330000340;330780552;Ncoor;4;;4;
HAD_P;2014;330000589;330027509;M9999;1;1;0.61;
HAD_P;2014;330000589;330027509;Mcoor;1;1;0.61;
HAD_P;2014;330000589;330027509;N2210;13;2;14.14;
HAD_P;2014;330000589;330027509;N2710;0;1;0.58;
HAD_P;2014;330000589;330027509;N3120;1;0;0.5;
HAD_P;2014;330000589;330027509;N9999;17;6;20.29;
HAD_P;2014;330000589;330027509;NAUT;2;3;4.07;
HAD_P;2014;330000589;330027509;Ncoor;1;0;1;
HAD_P;2014;330025958;330025859;M3050;;;;110
HAD_P;2014;330025958;330025859;M9999;;1;1.06;301
HAD_P;2014;330025958;330025859;MAUT;;;;191
HAD_P;2014;330025958;330025859;Mcoor;;1;1.06;
HAD_P;2014;330025958;330025859;N2120;2;;1.85;
HAD_P;2014;330025958;330025859;N2210;18;3;17.76;12
HAD_P;2014;330025958;330025859;N2410;;;;43
HAD_P;2014;330025958;330025859;N2510;1;5;4.73;
HAD_P;2014;330025958;330025859;N2710;;1;0.69;
HAD_P;2014;330025958;330025859;N3120;1;;1;
HAD_P;2014;330025958;330025859;N9999;30;12;36.09;71
HAD_P;2014;330025958;330025859;NAUT;6;2;7.26;16
HAD_P;2014;330025958;330025859;Ncoor;2;1;2.8;
HAD_P;2014;340016476;340016468;M3050;;1;0.09;
HAD_P;2014;340016476;340016468;M9999;;4;1.51;
HAD_P;2014;340016476;340016468;MAUT;;1;0.18;
HAD_P;2014;340016476;340016468;Mcoor;;2;1.24;
HAD_P;2014;340016476;340016468;N2120;1;;1;
HAD_P;2014;340016476;340016468;N2210;;;;400
HAD_P;2014;340016476;340016468;N2410;;;;50
HAD_P;2014;340016476;340016468;N2460;;;;5
HAD_P;2014;340016476;340016468;N2710;;2;0.52;
HAD_P;2014;340016476;340016468;N3120;;1;0.34;
HAD_P;2014;340016476;340016468;N9999;6;6;7.4;455
HAD_P;2014;340016476;340016468;NAUT;2;3;2.54;
HAD_P;2014;340016476;340016468;Ncoor;3;;3;
HAD_P;2014;340017847;340018175;M3050;0;0;0;154
HAD_P;2014;340017847;340018175;M9999;0;2;1;154
HAD_P;2014;340017847;340018175;Mcoor;0;2;1;
HAD_P;2014;340017847;340018175;N2120;1;0;1;
HAD_P;2014;340017847;340018175;N2210;0;0;0;360
HAD_P;2014;340017847;340018175;N2410;;;;55
HAD_P;2014;340017847;340018175;N2710;;;;1
HAD_P;2014;340017847;340018175;N9999;4;1;4.75;416
HAD_P;2014;340017847;340018175;Ncoor;3;1;3.75;
HAD_P;2014;340019173;340019165;M9999;1;;1;
HAD_P;2014;340019173;340019165;Mcoor;1;;1;
HAD_P;2014;340019173;340019165;N2120;1;;1;
HAD_P;2014;340019173;340019165;N2210;;;;71
HAD_P;2014;340019173;340019165;N2410;;;;16
HAD_P;2014;340019173;340019165;N9999;2;1;2.5;91
HAD_P;2014;340019173;340019165;NAUT;1;1;1.5;4
HAD_P;2014;340021211;340780055;M9999;1;;0.3;
HAD_P;2014;340021211;340780055;Mcoor;1;;0.3;
HAD_P;2014;340021211;340780055;N2120;1;;1;
HAD_P;2014;340021211;340780055;N2210;7;;7;
HAD_P;2014;340021211;340780055;N2410;;1;0.5;
HAD_P;2014;340021211;340780055;N2460;;1;0.6;
HAD_P;2014;340021211;340780055;N2510;;1;0.8;
HAD_P;2014;340021211;340780055;N2710;;1;0.5;
HAD_P;2014;340021211;340780055;N9999;8;4;10.4;
HAD_P;2014;340780154;340000116;M3050;;1;0.5;
HAD_P;2014;340780154;340000116;M9999;;2;1;
HAD_P;2014;340780154;340000116;Mcoor;;1;0.5;
HAD_P;2014;340780154;340000116;N2210;15;;16.5;77
HAD_P;2014;340780154;340000116;N2410;;;;28
HAD_P;2014;340780154;340000116;N2460;;;;1
HAD_P;2014;340780154;340000116;N2510;2;;2;
HAD_P;2014;340780154;340000116;N2710;;;;1
HAD_P;2014;340780154;340000116;N3120;;1;0.8;
HAD_P;2014;340780154;340000116;N9999;20;2;23.25;107
HAD_P;2014;340780154;340000116;NAUT;2;1;2.2;
HAD_P;2014;340780154;340000116;Ncoor;1;;1.75;
HAD_P;2014;340782036;340780477;M9999;1;1;1.83;
HAD_P;2014;340782036;340780477;Mcoor;1;1;1.83;
HAD_P;2014;340782036;340780477;N2120;1;;1;
HAD_P;2014;340782036;340780477;N2210;11;;10;
HAD_P;2014;340782036;340780477;N2510;3;;3;
HAD_P;2014;340782036;340780477;N9999;20;1;19.1;
HAD_P;2014;340782036;340780477;NAUT;5;1;5.1;
HAD_P;2014;350042628;350042578;M3050;;1;0.5;
HAD_P;2014;350042628;350042578;M9999;3;4;5.6;
HAD_P;2014;350042628;350042578;MAUT;;2;1.6;
HAD_P;2014;350042628;350042578;Mcoor;3;1;3.5;
HAD_P;2014;350042628;350042578;N2120;5;;5;
HAD_P;2014;350042628;350042578;N2210;29;6;33.8;
HAD_P;2014;350042628;350042578;N2510;11;1;11.8;
HAD_P;2014;350042628;350042578;N2710;;2;1.4;
HAD_P;2014;350042628;350042578;N3120;1;2;2;
HAD_P;2014;350042628;350042578;N9999;51;11;59;
HAD_P;2014;350042628;350042578;Ncoor;5;;5;
HAD_P;2014;350044772;350000626;M3050;;1;0.2;
HAD_P;2014;350044772;350000626;M9999;1;1;1.2;
HAD_P;2014;350044772;350000626;Mcoor;1;;1;
HAD_P;2014;350044772;350000626;N2210;4;1;4.9;
HAD_P;2014;350044772;350000626;N2510;6;3;8.1;
HAD_P;2014;350044772;350000626;N2710;;1;0.5;
HAD_P;2014;350044772;350000626;N3120;;1;0.5;
HAD_P;2014;350044772;350000626;N9999;13;6;17;
HAD_P;2014;350044772;350000626;NAUT;1;;1;
HAD_P;2014;350044772;350000626;Ncoor;2;;2;
HAD_P;2014;360000137;360000053;M9999;;;0.5;
HAD_P;2014;360000137;360000053;Mcoor;;;0.5;
HAD_P;2014;360000137;360000053;N2210;7;1;7.8;
HAD_P;2014;360000137;360000053;N2510;3;;3;
HAD_P;2014;360000137;360000053;N3120;1;;0.5;
HAD_P;2014;360000137;360000053;N9999;11;1;11.57;
HAD_P;2014;360000137;360000053;NAUT;;;0.27;
HAD_P;2014;370009938;370001299;M3050;1;0;0.2;
HAD_P;2014;370009938;370001299;M9999;3;1;2.45;
HAD_P;2014;370009938;370001299;Mcoor;2;1;2.25;
HAD_P;2014;370009938;370001299;N2120;1;0;1;
HAD_P;2014;370009938;370001299;N2210;22;1;21.75;
HAD_P;2014;370009938;370001299;N2510;14;3;11.9;
HAD_P;2014;370009938;370001299;N2710;1;1;0.5;
HAD_P;2014;370009938;370001299;N3120;1;1;0.5;
HAD_P;2014;370009938;370001299;N9999;45;7;41.15;
HAD_P;2014;370009938;370001299;NAUT;3;1;2.5;
HAD_P;2014;370009938;370001299;Ncoor;3;0;3;
HAD_P;2014;370103673;370001638;M3050;;1;0.77;
HAD_P;2014;370103673;370001638;M9999;;5;2.02;
HAD_P;2014;370103673;370001638;Mcoor;;4;1.25;
HAD_P;2014;370103673;370001638;N2120;2;;2;
HAD_P;2014;370103673;370001638;N2210;21;6;23.74;
HAD_P;2014;370103673;370001638;N2410;1;;1;
HAD_P;2014;370103673;370001638;N2510;16;8;18.09;
HAD_P;2014;370103673;370001638;N2710;1;;0.68;
HAD_P;2014;370103673;370001638;N3120;2;;0.99;
HAD_P;2014;370103673;370001638;N9999;72;24;57.83;
HAD_P;2014;370103673;370001638;NAUT;27;10;9.33;
HAD_P;2014;370103673;370001638;Ncoor;2;;2;
HAD_P;2014;380000067;380780080;M3050;;;0.01;
HAD_P;2014;380000067;380780080;M9999;1;;1.38;
HAD_P;2014;380000067;380780080;MAUT;1;;1.37;
HAD_P;2014;380000067;380780080;N2120;2;;1.67;
HAD_P;2014;380000067;380780080;N2210;7;9;13.87;
HAD_P;2014;380000067;380780080;N2410;1;;1;
HAD_P;2014;380000067;380780080;N2510;8;1;8.89;
HAD_P;2014;380000067;380780080;N3120;;2;1.97;
HAD_P;2014;380000067;380780080;N9999;26;18;39.05;
HAD_P;2014;380000067;380780080;NAUT;8;6;11.65;
HAD_P;2014;380000174;380781435;M9999;2;0;1.1;39
HAD_P;2014;380000174;380781435;MAUT;1;;0.1;39
HAD_P;2014;380000174;380781435;Mcoor;1;0;1;
HAD_P;2014;380000174;380781435;N2120;1;;1;
HAD_P;2014;380000174;380781435;N2210;4;4;6.15;199
HAD_P;2014;380000174;380781435;N2410;;;;33
HAD_P;2014;380000174;380781435;N2710;;1;0.49;0
HAD_P;2014;380000174;380781435;N3120;1;;0.5;
HAD_P;2014;380000174;380781435;N9999;13;10;12.42;258
HAD_P;2014;380000174;380781435;NAUT;7;5;4.28;26
HAD_P;2014;390004349;390004299;M3050;;2;0.56;
HAD_P;2014;390004349;390004299;M9999;;4;1.81;
HAD_P;2014;390004349;390004299;Mcoor;;2;1.25;
HAD_P;2014;390004349;390004299;N2120;2;;2;
HAD_P;2014;390004349;390004299;N2210;6;;6;
HAD_P;2014;390004349;390004299;N2710;;1;0.6;
HAD_P;2014;390004349;390004299;N3120;;1;0.5;
HAD_P;2014;390004349;390004299;N9999;12;7;18.1;
HAD_P;2014;390004349;390004299;NAUT;;5;5;
HAD_P;2014;390004349;390004299;Ncoor;4;;4;
HAD_P;2014;400008199;400008108;M3050;;1;0.7;
HAD_P;2014;400008199;400008108;M9999;;4;1.7;
HAD_P;2014;400008199;400008108;Mcoor;;3;1;
HAD_P;2014;400008199;400008108;N2120;2;;2;
HAD_P;2014;400008199;400008108;N2210;14;7;19.3;
HAD_P;2014;400008199;400008108;N2460;;1;0.5;
HAD_P;2014;400008199;400008108;N2510;4;1;4.8;
HAD_P;2014;400008199;400008108;N2710;;2;0.31;
HAD_P;2014;400008199;400008108;N3120;;1;0.5;
HAD_P;2014;400008199;400008108;N9999;20;14;28.81;
HAD_P;2014;400008199;400008108;Ncoor;;2;1.4;
HAD_P;2014;400780888;400000535;M3050;1;;0.6;90
HAD_P;2014;400780888;400000535;M9999;2;4;3.34;90
HAD_P;2014;400780888;400000535;Mcoor;1;4;2.74;
HAD_P;2014;400780888;400000535;N2120;2;;2.12;
HAD_P;2014;400780888;400000535;N2210;6;105;67.29;12
HAD_P;2014;400780888;400000535;N2510;;152;46.32;
HAD_P;2014;400780888;400000535;N2710;1;;1;
HAD_P;2014;400780888;400000535;N3120;1;3;2.59;
HAD_P;2014;400780888;400000535;N9999;25;260;131.1;69
HAD_P;2014;400780888;400000535;NAUT;;;;57
HAD_P;2014;400780888;400000535;Ncoor;15;;11.78;
HAD_P;2014;410005003;370001299;M3050;;1;0.4;
HAD_P;2014;410005003;370001299;M9999;;6;3.6;
HAD_P;2014;410005003;370001299;Mcoor;;5;3.2;
HAD_P;2014;410005003;370001299;N2210;32;;32;
HAD_P;2014;410005003;370001299;N2410;1;;1;
HAD_P;2014;410005003;370001299;N2510;22;;22;
HAD_P;2014;410005003;370001299;N3120;;1;1;
HAD_P;2014;410005003;370001299;N9999;62;1;63;
HAD_P;2014;410005003;370001299;NAUT;3;;3;
HAD_P;2014;410005003;370001299;Ncoor;4;;4;
HAD_P;2014;420000010;420780033;M9999;2;0;0.9;
HAD_P;2014;420000010;420780033;Mcoor;2;0;0.9;
HAD_P;2014;420000010;420780033;N2120;1;0;1;
HAD_P;2014;420000010;420780033;N2210;10;1;10.37;
HAD_P;2014;420000010;420780033;N2510;3;0;2.5;
HAD_P;2014;420000010;420780033;N3120;0;1;0.25;
HAD_P;2014;420000010;420780033;N9999;16;4;16.31;
HAD_P;2014;420000010;420780033;NAUT;2;2;2.19;
HAD_P;2014;420002479;420002438;M3050;1;1;1.14;17
HAD_P;2014;420002479;420002438;M9999;3;11;5.51;46
HAD_P;2014;420002479;420002438;MAUT;;3;1.97;29
HAD_P;2014;420002479;420002438;Mcoor;2;7;2.4;
HAD_P;2014;420002479;420002438;N2120;2;;2;
HAD_P;2014;420002479;420002438;N2210;8;1;7.5;571
HAD_P;2014;420002479;420002438;N2410;;;;175
HAD_P;2014;420002479;420002438;N2710;;2;0.96;
HAD_P;2014;420002479;420002438;N3120;1;1;1.8;
HAD_P;2014;420002479;420002438;N9999;18;4;19.26;746
HAD_P;2014;420002479;420002438;Ncoor;7;;7;
HAD_P;2014;420010258;420010209;M3050;;;;151
HAD_P;2014;420010258;420010209;M9999;3;4;2.58;249
HAD_P;2014;420010258;420010209;MAUT;;;;98
HAD_P;2014;420010258;420010209;Mcoor;3;4;2.58;
HAD_P;2014;420010258;420010209;N2120;1;2;1.44;
HAD_P;2014;420010258;420010209;N2210;9;;5.08;400
HAD_P;2014;420010258;420010209;N2410;;4;1.8;146
HAD_P;2014;420010258;420010209;N2710;;2;0.6;
HAD_P;2014;420010258;420010209;N3120;2;;1.44;
HAD_P;2014;420010258;420010209;N9999;14;8;11.86;576
HAD_P;2014;420010258;420010209;NAUT;;;;30
HAD_P;2014;420010258;420010209;Ncoor;2;;1.5;
HAD_P;2014;420010308;420010209;M3050;;;;17
HAD_P;2014;420010308;420010209;M9999;3;4;0.65;31
HAD_P;2014;420010308;420010209;MAUT;;;;14
HAD_P;2014;420010308;420010209;Mcoor;3;4;0.65;
HAD_P;2014;420010308;420010209;N2120;1;2;0.66;
HAD_P;2014;420010308;420010209;N2210;9;;1.69;83
HAD_P;2014;420010308;420010209;N2410;;4;0.8;27
HAD_P;2014;420010308;420010209;N2510;5;;0.2;
HAD_P;2014;420010308;420010209;N2710;;2;0.34;
HAD_P;2014;420010308;420010209;N3120;2;;0.56;
HAD_P;2014;420010308;420010209;N9999;19;8;4.5;114
HAD_P;2014;420010308;420010209;NAUT;;;;4
HAD_P;2014;420010308;420010209;Ncoor;2;;0.25;
HAD_P;2014;420013005;690007182;M3050;;;;62
HAD_P;2014;420013005;690007182;M9999;;1;0.2;128
HAD_P;2014;420013005;690007182;MAUT;;;;66
HAD_P;2014;420013005;690007182;Mcoor;;1;0.2;
HAD_P;2014;420013005;690007182;N2120;1;;1;
HAD_P;2014;420013005;690007182;N2210;1;3;3.1;43
HAD_P;2014;420013005;690007182;N2410;;;;34
HAD_P;2014;420013005;690007182;N2470;;;;3
HAD_P;2014;420013005;690007182;N2710;1;;0.3;0
HAD_P;2014;420013005;690007182;N3120;1;;0.5;
HAD_P;2014;420013005;690007182;N9999;5;3;5.9;90
HAD_P;2014;420013005;690007182;NAUT;1;;1;10
HAD_P;2014;430000117;430000018;M9999;1;0;1;
HAD_P;2014;430000117;430000018;Mcoor;1;0;1;
HAD_P;2014;430000117;430000018;N2120;0;1;0.5;
HAD_P;2014;430000117;430000018;N2210;1;3;3.81;
HAD_P;2014;430000117;430000018;N3120;0;1;0.25;
HAD_P;2014;430000117;430000018;N9999;4;5;7.32;
HAD_P;2014;430000117;430000018;NAUT;3;0;2.76;
HAD_P;2014;440000271;440000289;M9999;2;;0.8;
HAD_P;2014;440000271;440000289;MAUT;1;;0.4;
HAD_P;2014;440000271;440000289;Mcoor;1;;0.4;
HAD_P;2014;440000271;440000289;N2120;0;1;0.4;
HAD_P;2014;440000271;440000289;N2210;1;5;4.05;
HAD_P;2014;440000271;440000289;N9999;1;6;4.45;
HAD_P;2014;440012128;440003960;M3050;;1;0.34;
HAD_P;2014;440012128;440003960;M9999;1;5;2.83;
HAD_P;2014;440012128;440003960;Mcoor;1;4;2.49;
HAD_P;2014;440012128;440003960;N2120;1;2;2.6;
HAD_P;2014;440012128;440003960;N2210;22;6;28.16;
HAD_P;2014;440012128;440003960;N2410;1;5;3.91;
HAD_P;2014;440012128;440003960;N2510;25;5;26.88;
HAD_P;2014;440012128;440003960;N2710;;1;0.5;
HAD_P;2014;440012128;440003960;N3120;2;2;2.92;
HAD_P;2014;440012128;440003960;N9999;83;32;103.56;
HAD_P;2014;440012128;440003960;NAUT;17;10;22.95;
HAD_P;2014;440012128;440003960;Ncoor;15;1;15.64;
HAD_P;2014;440017440;440000057;M9999;1;1;1.3;
HAD_P;2014;440017440;440000057;Mcoor;1;1;1.3;
HAD_P;2014;440017440;440000057;N2120;;1;0.5;
HAD_P;2014;440017440;440000057;N2210;3;1;4.25;
HAD_P;2014;440017440;440000057;N2510;4;8;9.5;
HAD_P;2014;440017440;440000057;N2710;;1;0.5;
HAD_P;2014;440017440;440000057;N3120;;2;0.8;
HAD_P;2014;440017440;440000057;N9999;11;15;20.12;
HAD_P;2014;440017440;440000057;NAUT;1;1;1.07;
HAD_P;2014;440017440;440000057;Ncoor;3;1;3.5;
HAD_P;2014;450005798;370001299;M3050;0;1;0.2;
HAD_P;2014;450005798;370001299;M9999;0;4;1.95;
HAD_P;2014;450005798;370001299;Mcoor;0;3;1.75;
HAD_P;2014;450005798;370001299;N2120;1;0;1;
HAD_P;2014;450005798;370001299;N2210;12;0;12;
HAD_P;2014;450005798;370001299;N2510;9;2;10;
HAD_P;2014;450005798;370001299;N2710;0;1;0.4;
HAD_P;2014;450005798;370001299;N3120;0;1;0.8;
HAD_P;2014;450005798;370001299;N9999;26;4;28.2;
HAD_P;2014;450005798;370001299;NAUT;2;0;2;
HAD_P;2014;450005798;370001299;Ncoor;2;0;2;
HAD_P;2014;450013719;450011150;M9999;;2;0.09;
HAD_P;2014;450013719;450011150;Mcoor;;2;0.09;
HAD_P;2014;450013719;450011150;N2120;1;;0.08;
HAD_P;2014;450013719;450011150;N2210;5;;1.21;20
HAD_P;2014;450013719;450011150;N2410;;;;8
HAD_P;2014;450013719;450011150;N2510;4;;0.97;
HAD_P;2014;450013719;450011150;N2710;;2;0.06;
HAD_P;2014;450013719;450011150;N3120;1;;0.05;
HAD_P;2014;450013719;450011150;N9999;21;12;3.09;28
HAD_P;2014;450013719;450011150;NAUT;3;8;0.08;
HAD_P;2014;450013719;450011150;Ncoor;7;2;0.64;
HAD_P;2014;450014048;450011150;M9999;;2;0.13;
HAD_P;2014;450014048;450011150;Mcoor;;2;0.13;
HAD_P;2014;450014048;450011150;N2120;1;;0.1;
HAD_P;2014;450014048;450011150;N2210;5;;1.52;22
HAD_P;2014;450014048;450011150;N2410;;;;10
HAD_P;2014;450014048;450011150;N2510;4;;1.21;
HAD_P;2014;450014048;450011150;N2710;;2;0.09;
HAD_P;2014;450014048;450011150;N3120;1;;0.08;
HAD_P;2014;450014048;450011150;N9999;22;12;4.25;33
HAD_P;2014;450014048;450011150;NAUT;3;8;0.45;1
HAD_P;2014;450014048;450011150;Ncoor;8;2;0.8;
HAD_P;2014;450018528;450011150;M9999;;2;0.17;
HAD_P;2014;450018528;450011150;Mcoor;;2;0.17;
HAD_P;2014;450018528;450011150;N2120;1;;0.15;
HAD_P;2014;450018528;450011150;N2210;5;;2.27;43
HAD_P;2014;450018528;450011150;N2410;;;;17
HAD_P;2014;450018528;450011150;N2510;4;;1.82;
HAD_P;2014;450018528;450011150;N2710;;2;0.35;
HAD_P;2014;450018528;450011150;N3120;1;;0.32;
HAD_P;2014;450018528;450011150;N9999;21;12;10.08;62
HAD_P;2014;450018528;450011150;NAUT;3;8;3.97;2
HAD_P;2014;450018528;450011150;Ncoor;7;2;1.2;
HAD_P;2014;450018536;370001299;M3050;;1;0.2;
HAD_P;2014;450018536;370001299;M9999;2;4;3.4;
HAD_P;2014;450018536;370001299;Mcoor;2;3;3.2;
HAD_P;2014;450018536;370001299;N2120;1;0;1;
HAD_P;2014;450018536;370001299;N2210;30;3;30;
HAD_P;2014;450018536;370001299;N2510;17;2;17;
HAD_P;2014;450018536;370001299;N2710;1;1;0.8;
HAD_P;2014;450018536;370001299;N3120;1;1;0.8;
HAD_P;2014;450018536;370001299;N9999;57;7;56.6;
HAD_P;2014;450018536;370001299;NAUT;3;0;3;
HAD_P;2014;450018536;370001299;Ncoor;4;0;4;
HAD_P;2014;460000102;460780208;M3050;;2;0.21;
HAD_P;2014;460000102;460780208;M9999;;5;0.63;
HAD_P;2014;460000102;460780208;MAUT;;2;0.02;
HAD_P;2014;460000102;460780208;Mcoor;;1;0.4;
HAD_P;2014;460000102;460780208;N2210;2;3;2.33;
HAD_P;2014;460000102;460780208;N2510;5;3;7.01;
HAD_P;2014;460000102;460780208;N9999;8;24;13.54;
HAD_P;2014;460000102;460780208;NAUT;;18;3.2;
HAD_P;2014;460000102;460780208;Ncoor;1;;1;
HAD_P;2014;460000110;460780216;M3050;0;0;0;10
HAD_P;2014;460000110;460780216;M9999;0;1;0.6;25
HAD_P;2014;460000110;460780216;MAUT;0;0;0;15
HAD_P;2014;460000110;460780216;Mcoor;0;1;0.6;
HAD_P;2014;460000110;460780216;N2120;1;0;0.59;
HAD_P;2014;460000110;460780216;N2210;5;0;5.84;26
HAD_P;2014;460000110;460780216;N2410;0;0;0;20
HAD_P;2014;460000110;460780216;N2510;2;0;2.08;
HAD_P;2014;460000110;460780216;N9999;9;0;9.51;51
HAD_P;2014;460000110;460780216;NAUT;1;0;1;5
HAD_P;2014;460006075;460006067;M3050;;1;0.24;18
HAD_P;2014;460006075;460006067;M9999;;2;0.74;43
HAD_P;2014;460006075;460006067;MAUT;;;;25
HAD_P;2014;460006075;460006067;Mcoor;;1;0.5;
HAD_P;2014;460006075;460006067;N2210;4;;4;
HAD_P;2014;460006075;460006067;N2410;;;;18
HAD_P;2014;460006075;460006067;N2510;4;;5;
HAD_P;2014;460006075;460006067;N2710;;1;0.1;1
HAD_P;2014;460006075;460006067;N3120;;1;0.4;
HAD_P;2014;460006075;460006067;N9999;9;22;15.5;19
HAD_P;2014;460006075;460006067;NAUT;;20;5;
HAD_P;2014;460006075;460006067;Ncoor;1;;1;
HAD_P;2014;460006091;460785090;M9999;;2;0.53;
HAD_P;2014;460006091;460785090;MAUT;;2;0.53;
HAD_P;2014;460006091;460785090;N2120;;1;0.15;
HAD_P;2014;460006091;460785090;N2210;1;2;3.2;
HAD_P;2014;460006091;460785090;N2510;9;;10.92;
HAD_P;2014;460006091;460785090;N9999;12;4;16.17;
HAD_P;2014;460006091;460785090;NAUT;2;1;1.9;
HAD_P;2014;470009358;470009309;M3050;1;1;1.6;
HAD_P;2014;470009358;470009309;M9999;3;6;5.71;
HAD_P;2014;470009358;470009309;MAUT;;1;0.33;
HAD_P;2014;470009358;470009309;Mcoor;2;4;3.78;
HAD_P;2014;470009358;470009309;N2120;1;;0.92;
HAD_P;2014;470009358;470009309;N2210;25;2;24.84;84
HAD_P;2014;470009358;470009309;N2410;;;;66
HAD_P;2014;470009358;470009309;N2510;20;;20.57;
HAD_P;2014;470009358;470009309;N2710;;;0.17;4
HAD_P;2014;470009358;470009309;N3120;1;1;1.37;
HAD_P;2014;470009358;470009309;N9999;60;4;61.86;159
HAD_P;2014;470009358;470009309;NAUT;10;1;10.99;5
HAD_P;2014;470009358;470009309;Ncoor;3;;3;
HAD_P;2014;480001825;750047367;M3050;;1;0.06;
HAD_P;2014;480001825;750047367;M9999;;2;0.16;
HAD_P;2014;480001825;750047367;Mcoor;;1;0.1;
HAD_P;2014;480001825;750047367;N2510;;1;0.08;
HAD_P;2014;480001825;750047367;N9999;4;1;4;
HAD_P;2014;480001825;750047367;NAUT;2;;1.92;
HAD_P;2014;480001825;750047367;Ncoor;2;;2;
HAD_P;2014;490000312;490012176;M3050;;2;1.54;
HAD_P;2014;490000312;490012176;M9999;;5;2.54;
HAD_P;2014;490000312;490012176;Mcoor;;3;1;
HAD_P;2014;490000312;490012176;N2120;1;;1;
HAD_P;2014;490000312;490012176;N2210;10;9;18.09;
HAD_P;2014;490000312;490012176;N2510;15;4;18.43;
HAD_P;2014;490000312;490012176;N2710;;1;0.52;
HAD_P;2014;490000312;490012176;N3120;1;;1;
HAD_P;2014;490000312;490012176;N9999;31;14;43.04;
HAD_P;2014;490000312;490012176;Ncoor;4;;4;
HAD_P;2014;490016334;490016326;M9999;0;5;1.18;
HAD_P;2014;490016334;490016326;MAUT;0;1;0.05;
HAD_P;2014;490016334;490016326;Mcoor;0;4;1.13;
HAD_P;2014;490016334;490016326;N2120;1;0;1;
HAD_P;2014;490016334;490016326;N2510;0;4;2.58;
HAD_P;2014;490016334;490016326;N2710;0;1;0.04;
HAD_P;2014;490016334;490016326;N3120;1;0;1;
HAD_P;2014;490016334;490016326;N9999;3;9;8.77;
HAD_P;2014;490016334;490016326;Ncoor;1;4;4.15;
HAD_P;2014;490016870;440048643;M3050;;;;18
HAD_P;2014;490016870;440048643;M9999;;2;0.6;102
HAD_P;2014;490016870;440048643;MAUT;;;;84
HAD_P;2014;490016870;440048643;Mcoor;;2;0.6;
HAD_P;2014;490016870;440048643;N2210;11;;11;101
HAD_P;2014;490016870;440048643;N2410;;1;0.4;24
HAD_P;2014;490016870;440048643;N2510;9;;9;
HAD_P;2014;490016870;440048643;N2710;;1;0.4;
HAD_P;2014;490016870;440048643;N3120;;1;0.5;
HAD_P;2014;490016870;440048643;N9999;26;5;28.2;125
HAD_P;2014;490016870;440048643;NAUT;3;2;3.9;
HAD_P;2014;490016870;440048643;Ncoor;3;;3;
HAD_P;2014;500000187;500000013;M9999;1;0;0.55;
HAD_P;2014;500000187;500000013;Mcoor;1;0;0.55;
HAD_P;2014;500000187;500000013;N2120;1;;1;
HAD_P;2014;500000187;500000013;N2510;12;3;12.46;
HAD_P;2014;500000187;500000013;N9999;27;7;30.65;
HAD_P;2014;500000187;500000013;NAUT;;2;1.94;
HAD_P;2014;500000187;500000013;Ncoor;14;2;15.25;
HAD_P;2014;500000260;500000054;M9999;;1;0.5;
HAD_P;2014;500000260;500000054;Mcoor;;1;0.5;
HAD_P;2014;500000260;500000054;N2120;1;;1.75;
HAD_P;2014;500000260;500000054;N2210;8;1;9.26;
HAD_P;2014;500000260;500000054;N2510;6;;6.34;
HAD_P;2014;500000260;500000054;N9999;16;1;17.88;
HAD_P;2014;500000260;500000054;NAUT;1;;0.53;
HAD_P;2014;500000450;500000112;M3050;5;1;5.6;
HAD_P;2014;500000450;500000112;M9999;6;3;8.09;
HAD_P;2014;500000450;500000112;MAUT;;2;1.49;
HAD_P;2014;500000450;500000112;Mcoor;1;;1;
HAD_P;2014;500000450;500000112;N2120;2;0;2;
HAD_P;2014;500000450;500000112;N2210;16;9;21.37;
HAD_P;2014;500000450;500000112;N2510;9;9;16.63;
HAD_P;2014;500000450;500000112;N3120;;1;0.4;
HAD_P;2014;500000450;500000112;N9999;32;19;45.4;
HAD_P;2014;500000450;500000112;NAUT;4;;4;
HAD_P;2014;500000450;500000112;Ncoor;1;0;1;
HAD_P;2014;500021274;140000159;M9999;1;;0.11;
HAD_P;2014;500021274;140000159;Mcoor;1;;0.11;
HAD_P;2014;500021274;140000159;N2120;;;0.08;
HAD_P;2014;500021274;140000159;N2210;5;;4.15;
HAD_P;2014;500021274;140000159;N2510;3;;3.06;
HAD_P;2014;500021274;140000159;N9999;10;;8.09;
HAD_P;2014;500021274;140000159;NAUT;1;;0.3;
HAD_P;2014;500021274;140000159;Ncoor;1;;0.5;
HAD_P;2014;500021282;140000159;M9999;;1;0.28;
HAD_P;2014;500021282;140000159;Mcoor;;1;0.28;
HAD_P;2014;500021282;140000159;N2120;1;;0.1;
HAD_P;2014;500021282;140000159;N2210;5;2;5.4;
HAD_P;2014;500021282;140000159;N2510;3;1;4.6;
HAD_P;2014;500021282;140000159;N9999;11;3;10.9;
HAD_P;2014;500021282;140000159;NAUT;1;;0.3;
HAD_P;2014;500021282;140000159;Ncoor;1;;0.5;
HAD_P;2014;510002298;750721334;M3050;;;;73
HAD_P;2014;510002298;750721334;M9999;;2;0.6;73
HAD_P;2014;510002298;750721334;Mcoor;;2;0.6;
HAD_P;2014;510002298;750721334;N2120;2;;1.4;
HAD_P;2014;510002298;750721334;N2210;7;1;7.96;48
HAD_P;2014;510002298;750721334;N2410;;;;61
HAD_P;2014;510002298;750721334;N2510;7;5;11.3;
HAD_P;2014;510002298;750721334;N2710;1;;0.8;
HAD_P;2014;510002298;750721334;N3120;;1;0.75;
HAD_P;2014;510002298;750721334;N9999;18;7;23.21;116
HAD_P;2014;510002298;750721334;NAUT;;;;7
HAD_P;2014;510002298;750721334;Ncoor;1;;1;
HAD_P;2014;510017098;510000060;M9999;3;0;0.6;0
HAD_P;2014;510017098;510000060;MAUT;3;0;0.6;0
HAD_P;2014;510017098;510000060;N2120;1;0;0.2;
HAD_P;2014;510017098;510000060;N2210;10;1;10.13;0
HAD_P;2014;510017098;510000060;N2510;6;2;6.67;
HAD_P;2014;510017098;510000060;N2710;1;0;0.55;0
HAD_P;2014;510017098;510000060;N3120;1;0;0.3;
HAD_P;2014;510017098;510000060;N9999;22;3;18.49;0
HAD_P;2014;510017098;510000060;NAUT;3;0;0.64;0
HAD_P;2014;510019979;510019938;M9999;;1;0.6;
HAD_P;2014;510019979;510019938;Mcoor;;1;0.6;
HAD_P;2014;510019979;510019938;N2120;1;;1;
HAD_P;2014;510019979;510019938;N2210;9;3;11.4;
HAD_P;2014;510019979;510019938;N2510;8;;8;
HAD_P;2014;510019979;510019938;N3120;;1;0.5;
HAD_P;2014;510019979;510019938;N9999;18;4;20.9;
HAD_P;2014;510020548;750047367;M3050;;1;0.06;
HAD_P;2014;510020548;750047367;M9999;;2;0.41;
HAD_P;2014;510020548;750047367;Mcoor;;1;0.35;
HAD_P;2014;510020548;750047367;N2510;2;3;4.25;
HAD_P;2014;510020548;750047367;N2710;0;1;0.16;
HAD_P;2014;510020548;750047367;N3120;0;1;0.5;
HAD_P;2014;510020548;750047367;N9999;8;5;10.91;
HAD_P;2014;510020548;750047367;NAUT;3;;3;
HAD_P;2014;510020548;750047367;Ncoor;3;;3;
HAD_P;2014;520003823;750047367;M3050;;1;0.06;
HAD_P;2014;520003823;750047367;M9999;;2;0.08;
HAD_P;2014;520003823;750047367;Mcoor;;1;0.02;
HAD_P;2014;520003823;750047367;N2470;;1;0.2;
HAD_P;2014;520003823;750047367;N2510;2;3;4.3;
HAD_P;2014;520003823;750047367;N3120;;1;0.37;
HAD_P;2014;520003823;750047367;N9999;7;5;10.12;
HAD_P;2014;520003823;750047367;NAUT;3;;2.58;
HAD_P;2014;520003823;750047367;Ncoor;2;;2.67;
HAD_P;2014;530000264;530000371;M9999;1;0;1;
HAD_P;2014;530000264;530000371;Mcoor;1;0;1;
HAD_P;2014;530000264;530000371;N2120;1;0;0.17;
HAD_P;2014;530000264;530000371;N2210;5;0;6;
HAD_P;2014;530000264;530000371;N2460;0;1;0.18;
HAD_P;2014;530000264;530000371;N2510;5;1;6.03;
HAD_P;2014;530000264;530000371;N9999;13;2;13.69;
HAD_P;2014;530000264;530000371;NAUT;2;0;1.31;
HAD_P;2014;540001096;570010181;M9999;0;1;0.54;
HAD_P;2014;540001096;570010181;Mcoor;0;1;0.54;
HAD_P;2014;540001096;570010181;N2210;6;1;6.39;
HAD_P;2014;540001096;570010181;N2710;;1;0.03;
HAD_P;2014;540001096;570010181;N9999;6;2;6.42;
HAD_P;2014;540001104;540000882;M9999;;4;1.95;
HAD_P;2014;540001104;540000882;MAUT;;3;1.4;
HAD_P;2014;540001104;540000882;Mcoor;;1;0.55;
HAD_P;2014;540001104;540000882;N2210;;5;4.81;
HAD_P;2014;540001104;540000882;N2710;;1;0.24;
HAD_P;2014;540001104;540000882;N3120;;1;0.13;
HAD_P;2014;540001104;540000882;N9999;;13;6.42;
HAD_P;2014;540001104;540000882;NAUT;;5;0.91;
HAD_P;2014;540001104;540000882;Ncoor;;1;0.33;
HAD_P;2014;540010568;540010519;M9999;;2;1.5;
HAD_P;2014;540010568;540010519;Mcoor;;2;1.5;
HAD_P;2014;540010568;540010519;N2120;1;;1;
HAD_P;2014;540010568;540010519;N2210;4;1;4.8;
HAD_P;2014;540010568;540010519;N2510;2;3;4.4;
HAD_P;2014;540010568;540010519;N2710;;1;0.5;
HAD_P;2014;540010568;540010519;N3120;;1;0.5;
HAD_P;2014;540010568;540010519;N9999;11;6;15.2;
HAD_P;2014;540010568;540010519;Ncoor;4;;4;
HAD_P;2014;540020146;540006707;M3050;;1;0.1;
HAD_P;2014;540020146;540006707;M9999;;3;1.69;
HAD_P;2014;540020146;540006707;Mcoor;;2;1.59;
HAD_P;2014;540020146;540006707;N2410;1;2;2.03;
HAD_P;2014;540020146;540006707;N2460;3;2;4.54;
HAD_P;2014;540020146;540006707;N2510;7;2;8.41;
HAD_P;2014;540020146;540006707;N3120;;1;0.88;
HAD_P;2014;540020146;540006707;N9999;13;18;22.37;
HAD_P;2014;540020146;540006707;NAUT;;9;3.3;
HAD_P;2014;540020146;540006707;Ncoor;2;2;3.21;
HAD_P;2014;550000012;550006795;M9999;1;1;0.9;
HAD_P;2014;550000012;550006795;MAUT;;1;0.4;
HAD_P;2014;550000012;550006795;Mcoor;1;;0.5;
HAD_P;2014;550000012;550006795;N2120;1;;0.2;
HAD_P;2014;550000012;550006795;N2210;6;4;7.12;
HAD_P;2014;550000012;550006795;N3120;;1;0.09;
HAD_P;2014;550000012;550006795;N9999;7;6;9.17;
HAD_P;2014;550000012;550006795;NAUT;;1;1.76;
HAD_P;2014;550000434;550003354;M9999;;1;0.5;
HAD_P;2014;550000434;550003354;MAUT;;1;0.5;
HAD_P;2014;550000434;550003354;N2210;10;1;8.52;
HAD_P;2014;550000434;550003354;N3120;;1;0.09;
HAD_P;2014;550000434;550003354;N9999;10;3;9.61;
HAD_P;2014;550000434;550003354;NAUT;;1;1;
HAD_P;2014;560000192;560000044;M9999;;1;0.6;
HAD_P;2014;560000192;560000044;Mcoor;;1;0.6;
HAD_P;2014;560000192;560000044;N2120;1;;1;
HAD_P;2014;560000192;560000044;N2210;3;;3;
HAD_P;2014;560000192;560000044;N2510;3;1;4.39;
HAD_P;2014;560000192;560000044;N2710;;1;0.26;
HAD_P;2014;560000192;560000044;N3120;2;;0.31;
HAD_P;2014;560000192;560000044;N9999;10;2;10.07;
HAD_P;2014;560000192;560000044;NAUT;1;;1.11;
HAD_P;2014;560008799;560013989;M3050;;1;0.3;
HAD_P;2014;560008799;560013989;M9999;1;3;2.9;
HAD_P;2014;560008799;560013989;Mcoor;1;2;2.6;
HAD_P;2014;560008799;560013989;N2120;1;;1;
HAD_P;2014;560008799;560013989;N2210;26;9;33.59;
HAD_P;2014;560008799;560013989;N2510;13;6;13.25;
HAD_P;2014;560008799;560013989;N2710;;1;0.4;
HAD_P;2014;560008799;560013989;N3120;;1;0.21;
HAD_P;2014;560008799;560013989;N9999;48;19;58.25;
HAD_P;2014;560008799;560013989;NAUT;2;2;3.8;
HAD_P;2014;560008799;560013989;Ncoor;6;;6;
HAD_P;2014;560018509;560018459;M3050;;2;0.7;154
HAD_P;2014;560018509;560018459;M9999;3;3;4.1;478
HAD_P;2014;560018509;560018459;MAUT;;;;324
HAD_P;2014;560018509;560018459;Mcoor;3;1;3.4;
HAD_P;2014;560018509;560018459;N2120;1;1;1.86;
HAD_P;2014;560018509;560018459;N2210;;1;0.86;782
HAD_P;2014;560018509;560018459;N2410;;;;311
HAD_P;2014;560018509;560018459;N2460;;;;4
HAD_P;2014;560018509;560018459;N2710;1;1;1.5;8
HAD_P;2014;560018509;560018459;N3120;2;1;2.8;
HAD_P;2014;560018509;560018459;N9999;24;17;37.96;1105
HAD_P;2014;560018509;560018459;NAUT;10;3;12.46;
HAD_P;2014;560018509;560018459;Ncoor;10;10;18.48;
HAD_P;2014;560022188;350000626;M3050;;1;0.1;
HAD_P;2014;560022188;350000626;M9999;;2;0.9;
HAD_P;2014;560022188;350000626;Mcoor;;1;0.8;
HAD_P;2014;560022188;350000626;N2510;5;1;5.4;
HAD_P;2014;560022188;350000626;N2710;;1;0.3;
HAD_P;2014;560022188;350000626;N3120;;1;0.5;
HAD_P;2014;560022188;350000626;N9999;7;4;9;
HAD_P;2014;560022188;350000626;NAUT;;1;0.8;
HAD_P;2014;560022188;350000626;Ncoor;2;;2;
HAD_P;2014;570000091;750050759;M3050;;1;0.2;36
HAD_P;2014;570000091;750050759;M9999;1;2;1.7;36
HAD_P;2014;570000091;750050759;Mcoor;1;1;1.5;
HAD_P;2014;570000091;750050759;N2120;1;;1;
HAD_P;2014;570000091;750050759;N2210;9;1;9.8;92
HAD_P;2014;570000091;750050759;N2410;;;;8
HAD_P;2014;570000091;750050759;N2510;3;;3;
HAD_P;2014;570000091;750050759;N2710;1;;1;
HAD_P;2014;570000091;750050759;N3120;1;;0.2;
HAD_P;2014;570000091;750050759;N9999;16;1;16;100
HAD_P;2014;570000091;750050759;NAUT;1;;1;
HAD_P;2014;570000117;570015099;M9999;;1;0.2;
HAD_P;2014;570000117;570015099;Mcoor;;1;0.2;
HAD_P;2014;570000117;570015099;N2210;;4;3.3;
HAD_P;2014;570000117;570015099;N3120;;1;0.2;
HAD_P;2014;570000117;570015099;N9999;;6;4.4;
HAD_P;2014;570000117;570015099;Ncoor;;1;0.9;
HAD_P;2014;570000281;570005165;M9999;2;;2;
HAD_P;2014;570000281;570005165;Mcoor;2;;2;
HAD_P;2014;570000281;570005165;N2120;1;;1;
HAD_P;2014;570000281;570005165;N2210;6;5;10.28;
HAD_P;2014;570000281;570005165;N2460;;1;0.5;
HAD_P;2014;570000281;570005165;N2510;4;3;6.04;
HAD_P;2014;570000281;570005165;N3120;;1;0.6;
HAD_P;2014;570000281;570005165;N9999;12;16;23.96;
HAD_P;2014;570000281;570005165;NAUT;1;6;5.54;
HAD_P;2014;570000901;570000158;M3050;;1;0.1;
HAD_P;2014;570000901;570000158;M9999;;2;0.6;
HAD_P;2014;570000901;570000158;Mcoor;;1;0.5;
HAD_P;2014;570000901;570000158;N2210;4;3;5.76;
HAD_P;2014;570000901;570000158;N9999;4;3;6.08;
HAD_P;2014;570000901;570000158;NAUT;;;0.32;
HAD_P;2014;570000968;570000430;M9999;;1;0.21;
HAD_P;2014;570000968;570000430;Mcoor;;1;0.21;
HAD_P;2014;570000968;570000430;N2120;;1;0.86;
HAD_P;2014;570000968;570000430;N2210;4;3;7.79;
HAD_P;2014;570000968;570000430;N2710;;1;0.5;
HAD_P;2014;570000968;570000430;N9999;4;5;9.15;
HAD_P;2014;570001099;570023630;M9999;;2;1;
HAD_P;2014;570001099;570023630;Mcoor;;2;1;
HAD_P;2014;570001099;570023630;N2210;21;2;19.57;
HAD_P;2014;570001099;570023630;N9999;24;2;22.57;
HAD_P;2014;570001099;570023630;NAUT;1;;1;
HAD_P;2014;570001099;570023630;Ncoor;2;;2;
HAD_P;2014;580001899;750721334;M9999;;1;1;
HAD_P;2014;580001899;750721334;Mcoor;;1;1;
HAD_P;2014;580001899;750721334;N2120;1;;1;
HAD_P;2014;580001899;750721334;N2210;;;;56
HAD_P;2014;580001899;750721334;N2410;;;;22
HAD_P;2014;580001899;750721334;N2510;3;;3;
HAD_P;2014;580001899;750721334;N2710;;1;1;
HAD_P;2014;580001899;750721334;N9999;6;3;9;78
HAD_P;2014;580001899;750721334;NAUT;1;2;3;
HAD_P;2014;580001899;750721334;Ncoor;1;;1;
HAD_P;2014;580972669;580780070;M9999;;2;0.6;
HAD_P;2014;580972669;580780070;Mcoor;;2;0.6;
HAD_P;2014;580972669;580780070;N2120;1;;1;
HAD_P;2014;580972669;580780070;N9999;1;;1;
HAD_P;2014;590025128;620001834;M3050;;1;0.4;
HAD_P;2014;590025128;620001834;M9999;;3;1;
HAD_P;2014;590025128;620001834;MAUT;;1;0.1;
HAD_P;2014;590025128;620001834;Mcoor;;1;0.5;
HAD_P;2014;590025128;620001834;N2120;;1;0.7;
HAD_P;2014;590025128;620001834;N2210;11;;11;
HAD_P;2014;590025128;620001834;N2510;6;;6;
HAD_P;2014;590025128;620001834;N2710;;1;0.6;
HAD_P;2014;590025128;620001834;N3120;;1;0.8;
HAD_P;2014;590025128;620001834;N9999;20;4;22.9;
HAD_P;2014;590025128;620001834;NAUT;2;;2;
HAD_P;2014;590025128;620001834;Ncoor;1;1;1.8;
HAD_P;2014;590025458;590782652;M9999;1;;0.57;
HAD_P;2014;590025458;590782652;Mcoor;1;;0.57;
HAD_P;2014;590025458;590782652;N2120;1;;1.15;
HAD_P;2014;590025458;590782652;N2210;15;;13.02;
HAD_P;2014;590025458;590782652;N2510;8;;7.62;
HAD_P;2014;590025458;590782652;N2710;0;;0.19;
HAD_P;2014;590025458;590782652;N3120;1;;0.5;
HAD_P;2014;590025458;590782652;N9999;26;;23.48;
HAD_P;2014;590025458;590782652;Ncoor;1;;1;
HAD_P;2014;590032108;590024469;M3050;0;1;0.33;
HAD_P;2014;590032108;590024469;M9999;1;2;1.43;
HAD_P;2014;590032108;590024469;MAUT;0;1;0.1;
HAD_P;2014;590032108;590024469;Mcoor;1;0;1;
HAD_P;2014;590032108;590024469;N2120;1;0;1;
HAD_P;2014;590032108;590024469;N2210;19;2;21.6;
HAD_P;2014;590032108;590024469;N2510;17;1;18.8;
HAD_P;2014;590032108;590024469;N2710;;1;0.5;
HAD_P;2014;590032108;590024469;N3120;1;0;1;
HAD_P;2014;590032108;590024469;N9999;44;18;54.73;
HAD_P;2014;590032108;590024469;NAUT;3;14;8.83;
HAD_P;2014;590032108;590024469;Ncoor;3;0;3;
HAD_P;2014;590032199;590024469;M3050;0;1;0.33;
HAD_P;2014;590032199;590024469;M9999;1;2;1.43;
HAD_P;2014;590032199;590024469;MAUT;0;1;0.1;
HAD_P;2014;590032199;590024469;Mcoor;1;0;1;
HAD_P;2014;590032199;590024469;N2120;1;0;1;
HAD_P;2014;590032199;590024469;N2210;16;2;17.4;
HAD_P;2014;590032199;590024469;N2510;14;1;14.8;
HAD_P;2014;590032199;590024469;N2710;0;1;0.5;
HAD_P;2014;590032199;590024469;N3120;1;;1;
HAD_P;2014;590032199;590024469;N9999;38;18;46.53;
HAD_P;2014;590032199;590024469;NAUT;3;14;8.83;
HAD_P;2014;590032199;590024469;Ncoor;3;;3;
HAD_P;2014;590035838;590000485;M3050;;1;0.35;
HAD_P;2014;590035838;590000485;M9999;;2;0.69;
HAD_P;2014;590035838;590000485;Mcoor;;1;0.34;
HAD_P;2014;590035838;590000485;N2210;12;1;12.5;
HAD_P;2014;590035838;590000485;N2510;15;1;15.5;
HAD_P;2014;590035838;590000485;N2710;;1;0.42;
HAD_P;2014;590035838;590000485;N3120;1;2;2.6;
HAD_P;2014;590035838;590000485;N9999;29;5;32.02;
HAD_P;2014;590035838;590000485;Ncoor;1;;1;
HAD_P;2014;590043469;590024469;M3050;;1;0.33;
HAD_P;2014;590043469;590024469;M9999;;4;1.18;
HAD_P;2014;590043469;590024469;MAUT;;1;0.1;
HAD_P;2014;590043469;590024469;Mcoor;;2;0.75;
HAD_P;2014;590043469;590024469;N2120;1;;1;
HAD_P;2014;590043469;590024469;N2210;28;1;28.8;
HAD_P;2014;590043469;590024469;N2510;14;2;15.1;
HAD_P;2014;590043469;590024469;N2710;;1;0.5;
HAD_P;2014;590043469;590024469;N3120;1;;1;
HAD_P;2014;590043469;590024469;N9999;50;18;58.23;
HAD_P;2014;590043469;590024469;NAUT;3;14;8.83;
HAD_P;2014;590043469;590024469;Ncoor;3;;3;
HAD_P;2014;590045407;590780193;M9999;2;;1.29;
HAD_P;2014;590045407;590780193;MAUT;2;;1.29;
HAD_P;2014;590045407;590780193;N2120;1;0;1.2;
HAD_P;2014;590045407;590780193;N2210;14;5;17.84;
HAD_P;2014;590045407;590780193;N2460;1;0;0.5;
HAD_P;2014;590045407;590780193;N2510;6;3;8.37;
HAD_P;2014;590045407;590780193;N2710;1;0;0.5;
HAD_P;2014;590045407;590780193;N3120;1;1;1.3;
HAD_P;2014;590045407;590780193;N9999;36;11;43.87;
HAD_P;2014;590045407;590780193;NAUT;12;2;14.16;
HAD_P;2014;590046124;590799995;M9999;;1;0.5;
HAD_P;2014;590046124;590799995;Mcoor;;1;0.5;
HAD_P;2014;590046124;590799995;N2120;1;;1;
HAD_P;2014;590046124;590799995;N2210;9;;9;
HAD_P;2014;590046124;590799995;N2510;6;;6;
HAD_P;2014;590046124;590799995;N2710;;1;0.5;
HAD_P;2014;590046124;590799995;N3120;1;;1;
HAD_P;2014;590046124;590799995;N9999;17;1;17.5;
HAD_P;2014;590048476;590046785;M9999;;1;0.97;
HAD_P;2014;590048476;590046785;Mcoor;;1;0.97;
HAD_P;2014;590048476;590046785;N2120;2;;1.4;
HAD_P;2014;590048476;590046785;N2210;16;8;19.95;
HAD_P;2014;590048476;590046785;N2460;;;0.13;
HAD_P;2014;590048476;590046785;N2510;2;9;5;
HAD_P;2014;590048476;590046785;N9999;22;17;28.58;
HAD_P;2014;590048476;590046785;NAUT;2;;2.1;
HAD_P;2014;590812509;590799995;M3050;;1;0.5;
HAD_P;2014;590812509;590799995;M9999;2;2;3;
HAD_P;2014;590812509;590799995;Mcoor;2;1;2.5;
HAD_P;2014;590812509;590799995;N2120;5;;5;
HAD_P;2014;590812509;590799995;N2210;34;2;35.6;
HAD_P;2014;590812509;590799995;N2510;17;3;18.5;
HAD_P;2014;590812509;590799995;N2710;1;1;1.8;
HAD_P;2014;590812509;590799995;N3120;2;;2;
HAD_P;2014;590812509;590799995;N9999;66;7;70.4;
HAD_P;2014;590812509;590799995;NAUT;;1;0.5;
HAD_P;2014;590812509;590799995;Ncoor;7;;7;
HAD_P;2014;600000194;600100713;M3050;;1;0.4;
HAD_P;2014;600000194;600100713;M9999;;2;0.8;
HAD_P;2014;600000194;600100713;Mcoor;;1;0.4;
HAD_P;2014;600000194;600100713;N2210;9;3;9.83;
HAD_P;2014;600000194;600100713;N2510;9;5;6.51;
HAD_P;2014;600000194;600100713;N2710;0;0;0.5;
HAD_P;2014;600000194;600100713;N9999;19;9;18.57;
HAD_P;2014;600000194;600100713;NAUT;1;1;1.73;
HAD_P;2014;600003008;600113278;M3050;0;1;0.4;
HAD_P;2014;600003008;600113278;M9999;1;3;2.3;
HAD_P;2014;600003008;600113278;Mcoor;1;2;1.9;
HAD_P;2014;600003008;600113278;N2120;;1;0.8;
HAD_P;2014;600003008;600113278;N2210;6;;6;250
HAD_P;2014;600003008;600113278;N2410;;;;20
HAD_P;2014;600003008;600113278;N2460;;;;1
HAD_P;2014;600003008;600113278;N2510;24;24;43.2;
HAD_P;2014;600003008;600113278;N2710;;3;1.8;
HAD_P;2014;600003008;600113278;N3120;1;;1;
HAD_P;2014;600003008;600113278;N9999;59;33;83.6;271
HAD_P;2014;600003008;600113278;NAUT;18;;18;
HAD_P;2014;600003008;600113278;Ncoor;10;5;12.8;
HAD_P;2014;600010102;600100721;M9999;1;;0.8;
HAD_P;2014;600010102;600100721;MAUT;1;;0.8;
HAD_P;2014;600010102;600100721;N2120;1;;1;
HAD_P;2014;600010102;600100721;N2210;11;2;11.9;
HAD_P;2014;600010102;600100721;N2510;9;3;11.74;
HAD_P;2014;600010102;600100721;N2710;1;;0.5;
HAD_P;2014;600010102;600100721;N9999;28;6;30.64;
HAD_P;2014;600010102;600100721;NAUT;6;1;5.5;
HAD_P;2014;610000119;610780165;M9999;0;1;0.4;
HAD_P;2014;610000119;610780165;Mcoor;0;1;0.4;
HAD_P;2014;610000119;610780165;N2210;0;1;0.65;
HAD_P;2014;610000119;610780165;N2510;1;2;3.96;
HAD_P;2014;610000119;610780165;N9999;2;3;5.61;
HAD_P;2014;610000119;610780165;Ncoor;1;0;1;
HAD_P;2014;610004269;610787038;M3050;;;;29
HAD_P;2014;610004269;610787038;M9999;;1;1;82
HAD_P;2014;610004269;610787038;MAUT;;;;53
HAD_P;2014;610004269;610787038;Mcoor;;1;1;
HAD_P;2014;610004269;610787038;N2210;14;;4;36
HAD_P;2014;610004269;610787038;N2510;;8;6;
HAD_P;2014;610004269;610787038;N9999;15;8;11;36
HAD_P;2014;610004269;610787038;Ncoor;1;;1;
HAD_P;2014;610005837;610005811;M3050;;;;34
HAD_P;2014;610005837;610005811;M9999;;1;0.33;64
HAD_P;2014;610005837;610005811;MAUT;;;;30
HAD_P;2014;610005837;610005811;Mcoor;;1;0.33;
HAD_P;2014;610005837;610005811;N2120;;1;0.67;
HAD_P;2014;610005837;610005811;N2210;;;;75
HAD_P;2014;610005837;610005811;N2410;;;;20
HAD_P;2014;610005837;610005811;N2510;1;7;6.3;
HAD_P;2014;610005837;610005811;N3120;;1;0.33;
HAD_P;2014;610005837;610005811;N9999;2;12;9.71;95
HAD_P;2014;610005837;610005811;NAUT;1;2;1.41;
HAD_P;2014;610005837;610005811;Ncoor;;1;1;
HAD_P;2014;610006256;610006769;M9999;;2;0.46;
HAD_P;2014;610006256;610006769;Mcoor;;2;0.46;
HAD_P;2014;610006256;610006769;N2120;1;;1;
HAD_P;2014;610006256;610006769;N2210;;;;38
HAD_P;2014;610006256;610006769;N2410;;;;5
HAD_P;2014;610006256;610006769;N2510;6;2;7.6;
HAD_P;2014;610006256;610006769;N2710;;1;0.12;
HAD_P;2014;610006256;610006769;N3120;;1;0.43;
HAD_P;2014;610006256;610006769;N9999;8;4;10.15;43
HAD_P;2014;610006256;610006769;Ncoor;1;;1;
HAD_P;2014;610007155;610005811;M3050;;;;15
HAD_P;2014;610007155;610005811;M9999;;1;0.17;43
HAD_P;2014;610007155;610005811;MAUT;;;;28
HAD_P;2014;610007155;610005811;Mcoor;;1;0.17;
HAD_P;2014;610007155;610005811;N2120;;1;0.33;
HAD_P;2014;610007155;610005811;N2210;;;;22
HAD_P;2014;610007155;610005811;N2410;;;;4
HAD_P;2014;610007155;610005811;N2510;2;2;2.68;
HAD_P;2014;610007155;610005811;N3120;;1;0.17;
HAD_P;2014;610007155;610005811;N9999;2;6;3.98;26
HAD_P;2014;610007155;610005811;NAUT;;1;0.3;
HAD_P;2014;610007155;610005811;Ncoor;;1;0.5;
HAD_P;2014;620003889;620003848;M3050;;1;0.3;
HAD_P;2014;620003889;620003848;M9999;;3;1;
HAD_P;2014;620003889;620003848;MAUT;;1;0.2;
HAD_P;2014;620003889;620003848;Mcoor;;1;0.5;
HAD_P;2014;620003889;620003848;N2120;1;1;1.8;
HAD_P;2014;620003889;620003848;N2210;15;0;15;
HAD_P;2014;620003889;620003848;N2510;5;2;6.5;
HAD_P;2014;620003889;620003848;N2710;;1;0.4;
HAD_P;2014;620003889;620003848;N3120;;2;1.2;
HAD_P;2014;620003889;620003848;N9999;26;12;33.96;
HAD_P;2014;620003889;620003848;NAUT;4;4;7.06;
HAD_P;2014;620003889;620003848;Ncoor;1;2;2;
HAD_P;2014;620010348;620018473;M3050;0;1;0.5;99
HAD_P;2014;620010348;620018473;M9999;1;2;2;99
HAD_P;2014;620010348;620018473;Mcoor;1;1;1.5;
HAD_P;2014;620010348;620018473;N2120;3;0;3;
HAD_P;2014;620010348;620018473;N2210;25;2;26.6;
HAD_P;2014;620010348;620018473;N2510;19;4;21.13;
HAD_P;2014;620010348;620018473;N2710;;1;0.5;
HAD_P;2014;620010348;620018473;N3120;1;1;1.8;
HAD_P;2014;620010348;620018473;N9999;57;9;62.53;
HAD_P;2014;620010348;620018473;NAUT;5;1;5.5;
HAD_P;2014;620010348;620018473;Ncoor;4;0;4;
HAD_P;2014;620010389;590799995;M3050;;1;0.5;
HAD_P;2014;620010389;590799995;M9999;;3;1.25;
HAD_P;2014;620010389;590799995;Mcoor;;2;0.75;
HAD_P;2014;620010389;590799995;N2120;2;1;2.5;
HAD_P;2014;620010389;590799995;N2210;15;;15;
HAD_P;2014;620010389;590799995;N2510;12;;12;
HAD_P;2014;620010389;590799995;N2710;;1;0.6;
HAD_P;2014;620010389;590799995;N3120;1;;1;
HAD_P;2014;620010389;590799995;N9999;36;3;37.6;
HAD_P;2014;620010389;590799995;NAUT;2;1;2.5;
HAD_P;2014;620010389;590799995;Ncoor;4;;4;
HAD_P;2014;620013649;620013599;M3050;0;1;0.5;
HAD_P;2014;620013649;620013599;M9999;0;5;2.64;
HAD_P;2014;620013649;620013599;Mcoor;0;4;2.14;
HAD_P;2014;620013649;620013599;N2120;3;0;3;
HAD_P;2014;620013649;620013599;N2210;40;3;24.04;
HAD_P;2014;620013649;620013599;N2510;26;6;27.11;
HAD_P;2014;620013649;620013599;N2710;1;1;1.28;
HAD_P;2014;620013649;620013599;N3120;2;1;2.2;
HAD_P;2014;620013649;620013599;N9999;93;20;80.35;
HAD_P;2014;620013649;620013599;NAUT;17;9;18.72;
HAD_P;2014;620013649;620013599;Ncoor;4;0;4;
HAD_P;2014;620105981;620000968;M3050;0;1;0.2;0
HAD_P;2014;620105981;620000968;M9999;0;3;1;0
HAD_P;2014;620105981;620000968;Mcoor;0;2;0.8;
HAD_P;2014;620105981;620000968;N2210;25;0;25;229
HAD_P;2014;620105981;620000968;N2410;0;0;0;125
HAD_P;2014;620105981;620000968;N2510;21;2;22.45;
HAD_P;2014;620105981;620000968;N2710;1;0;1;0
HAD_P;2014;620105981;620000968;N3120;2;0;2;
HAD_P;2014;620105981;620000968;N9999;58;2;59.45;354
HAD_P;2014;620105981;620000968;Ncoor;9;0;9;
HAD_P;2014;630008118;630011153;M3050;;1;0.9;0
HAD_P;2014;630008118;630011153;M9999;1;2;2.4;151
HAD_P;2014;630008118;630011153;MAUT;;;;151
HAD_P;2014;630008118;630011153;Mcoor;1;1;1.5;
HAD_P;2014;630008118;630011153;N2120;1;;1;
HAD_P;2014;630008118;630011153;N2210;;;;283
HAD_P;2014;630008118;630011153;N2410;;;;184
HAD_P;2014;630008118;630011153;N2710;;1;0.5;
HAD_P;2014;630008118;630011153;N3120;;1;0.7;
HAD_P;2014;630008118;630011153;N9999;7;2;10.18;644
HAD_P;2014;630008118;630011153;NAUT;;;;177
HAD_P;2014;630008118;630011153;Ncoor;6;;7.98;
HAD_P;2014;630010296;630001188;M9999;1;2;2.3;
HAD_P;2014;630010296;630001188;Mcoor;1;2;2.3;
HAD_P;2014;630010296;630001188;N2120;1;;1;
HAD_P;2014;630010296;630001188;N2210;8;;8;
HAD_P;2014;630010296;630001188;N2510;3;1;3.8;
HAD_P;2014;630010296;630001188;N2710;;1;0.5;
HAD_P;2014;630010296;630001188;N3120;;2;1;
HAD_P;2014;630010296;630001188;N9999;18;5;20.8;
HAD_P;2014;630010296;630001188;NAUT;;1;0.5;
HAD_P;2014;630010296;630001188;Ncoor;6;;6;
HAD_P;2014;630010528;630000990;M9999;;1;0.9;
HAD_P;2014;630010528;630000990;Mcoor;;1;0.9;
HAD_P;2014;630010528;630000990;N2120;;1;1;
HAD_P;2014;630010528;630000990;N2510;2;1;3.09;
HAD_P;2014;630010528;630000990;N3120;;1;0.4;
HAD_P;2014;630010528;630000990;N9999;7;4;9.2;
HAD_P;2014;630010528;630000990;NAUT;2;1;2.54;
HAD_P;2014;630010528;630000990;Ncoor;3;;2.17;
HAD_P;2014;640000162;640780417;N9999;6;4;6.47;
HAD_P;2014;640000162;640780417;NAUT;6;4;6.47;
HAD_P;2014;640000402;640780813;M9999;;2;0.8;8
HAD_P;2014;640000402;640780813;MAUT;;1;0.6;8
HAD_P;2014;640000402;640780813;Mcoor;;1;0.2;
HAD_P;2014;640000402;640780813;N2120;1;;1;
HAD_P;2014;640000402;640780813;N2210;12;1;12.05;12
HAD_P;2014;640000402;640780813;N2410;;;;2
HAD_P;2014;640000402;640780813;N2510;6;;6;
HAD_P;2014;640000402;640780813;N3120;;1;0.5;
HAD_P;2014;640000402;640780813;N9999;20;2;20.55;14
HAD_P;2014;640000402;640780813;NAUT;1;;1;
HAD_P;2014;640000600;640781290;M9999;1;;1;
HAD_P;2014;640000600;640781290;Mcoor;1;;1;
HAD_P;2014;640000600;640781290;N2120;1;;1;
HAD_P;2014;640000600;640781290;N2210;8;4;11;
HAD_P;2014;640000600;640781290;N3120;1;;0.03;
HAD_P;2014;640000600;640781290;N9999;11;4;13.03;
HAD_P;2014;640000600;640781290;NAUT;1;;1;
HAD_P;2014;640013298;640011508;M3050;;;;19
HAD_P;2014;640013298;640011508;M9999;;2;0.7;22
HAD_P;2014;640013298;640011508;MAUT;;;;3
HAD_P;2014;640013298;640011508;Mcoor;;2;0.7;
HAD_P;2014;640013298;640011508;N2120;1;1;1.1;
HAD_P;2014;640013298;640011508;N2210;2;10;7.75;50
HAD_P;2014;640013298;640011508;N2410;;;;41
HAD_P;2014;640013298;640011508;N2510;;6;4.72;
HAD_P;2014;640013298;640011508;N2710;;1;0.33;1
HAD_P;2014;640013298;640011508;N3120;;1;0.8;
HAD_P;2014;640013298;640011508;N9999;6;21;16.8;93
HAD_P;2014;640013298;640011508;NAUT;;1;0.1;1
HAD_P;2014;640013298;640011508;Ncoor;3;1;2;
HAD_P;2014;640789699;640003570;M3050;0;1;0.17;139
HAD_P;2014;640789699;640003570;M9999;0;6;2.38;139
HAD_P;2014;640789699;640003570;Mcoor;0;5;2.21;
HAD_P;2014;640789699;640003570;N2120;;6;3;
HAD_P;2014;640789699;640003570;N2210;;60;35.65;137
HAD_P;2014;640789699;640003570;N2410;;2;1.15;227
HAD_P;2014;640789699;640003570;N2460;;1;0.29;
HAD_P;2014;640789699;640003570;N2510;;112;20.66;
HAD_P;2014;640789699;640003570;N2710;;3;1.04;
HAD_P;2014;640789699;640003570;N3120;;2;1.2;
HAD_P;2014;640789699;640003570;N9999;;193;68.73;384
HAD_P;2014;640789699;640003570;NAUT;;1;0.24;20
HAD_P;2014;640789699;640003570;Ncoor;;6;5.5;
HAD_P;2014;650001779;650001738;M9999;;3;0.8;
HAD_P;2014;650001779;650001738;Mcoor;;3;0.8;
HAD_P;2014;650001779;650001738;N2120;1;;1;
HAD_P;2014;650001779;650001738;N2210;11;1;11.8;
HAD_P;2014;650001779;650001738;N2510;7;1;7.8;
HAD_P;2014;650001779;650001738;N3120;;2;1.2;
HAD_P;2014;650001779;650001738;N9999;19;4;21.8;
HAD_P;2014;660000084;660780180;M9999;3;;1.3;
HAD_P;2014;660000084;660780180;Mcoor;3;;1.3;
HAD_P;2014;660000084;660780180;N2120;1;;1;
HAD_P;2014;660000084;660780180;N2210;9;;9.07;
HAD_P;2014;660000084;660780180;N2510;9;;10;
HAD_P;2014;660000084;660780180;N2710;1;;0.5;
HAD_P;2014;660000084;660780180;N9999;21;;21.57;
HAD_P;2014;660000084;660780180;NAUT;1;;1;
HAD_P;2014;660006172;660790379;M3050;1;1;1.8;
HAD_P;2014;660006172;660790379;M9999;1;2;2.4;
HAD_P;2014;660006172;660790379;Mcoor;;1;0.6;
HAD_P;2014;660006172;660790379;N2120;;1;0.8;
HAD_P;2014;660006172;660790379;N2210;3;1;3.7;
HAD_P;2014;660006172;660790379;N2510;2;;2;
HAD_P;2014;660006172;660790379;N9999;7;2;8.5;
HAD_P;2014;660006172;660790379;NAUT;1;;1;
HAD_P;2014;660006172;660790379;Ncoor;1;;1;
HAD_P;2014;670005479;670000652;M3050;1;2;1.56;
HAD_P;2014;670005479;670000652;M9999;2;3;3.33;
HAD_P;2014;670005479;670000652;Mcoor;1;1;1.77;
HAD_P;2014;670005479;670000652;N2120;3;;3.25;
HAD_P;2014;670005479;670000652;N2210;16;;15.01;592
HAD_P;2014;670005479;670000652;N2410;;;;527
HAD_P;2014;670005479;670000652;N2510;5;;5.25;
HAD_P;2014;670005479;670000652;N2710;;1;0.02;1
HAD_P;2014;670005479;670000652;N3120;1;1;1.83;
HAD_P;2014;670005479;670000652;N9999;26;2;26.21;1158
HAD_P;2014;670005479;670000652;NAUT;;;;38
HAD_P;2014;670005479;670000652;Ncoor;1;;0.85;
HAD_P;2014;670008838;670000785;M3050;0;1;0.8;
HAD_P;2014;670008838;670000785;M9999;1;1;1.8;
HAD_P;2014;670008838;670000785;Mcoor;1;0;1;
HAD_P;2014;670008838;670000785;N2120;1;0;1;
HAD_P;2014;670008838;670000785;N2210;4;1;4.59;140
HAD_P;2014;670008838;670000785;N2410;;;;90
HAD_P;2014;670008838;670000785;N9999;6;5;9.99;231
HAD_P;2014;670008838;670000785;NAUT;1;1;1.8;1
HAD_P;2014;670008838;670000785;Ncoor;0;3;2.6;
HAD_P;2014;670780113;670780055;M9999;2;;0.3;
HAD_P;2014;670780113;670780055;MAUT;1;;0.1;
HAD_P;2014;670780113;670780055;Mcoor;1;;0.2;
HAD_P;2014;670780113;670780055;N9999;4;3;6.14;
HAD_P;2014;670780113;670780055;NAUT;4;3;6.14;
HAD_P;2014;670798636;670014604;M9999;1;;0.67;
HAD_P;2014;670798636;670014604;Mcoor;1;;0.67;
HAD_P;2014;670798636;670014604;N2120;1;;1;
HAD_P;2014;670798636;670014604;N2210;5;1;7.12;
HAD_P;2014;670798636;670014604;N9999;8;1;9.83;
HAD_P;2014;670798636;670014604;NAUT;2;;1.71;
HAD_P;2014;680007648;680007598;M3050;;;;123
HAD_P;2014;680007648;680007598;M9999;;2;1.3;613
HAD_P;2014;680007648;680007598;MAUT;;;;490
HAD_P;2014;680007648;680007598;Mcoor;;2;1.3;
HAD_P;2014;680007648;680007598;N2120;1;;1;
HAD_P;2014;680007648;680007598;N2210;5;1;5.67;441
HAD_P;2014;680007648;680007598;N2410;;;;293
HAD_P;2014;680007648;680007598;N2460;;;;9
HAD_P;2014;680007648;680007598;N2510;2;1;3.09;
HAD_P;2014;680007648;680007598;N2710;;;;3
HAD_P;2014;680007648;680007598;N3120;;1;0.4;
HAD_P;2014;680007648;680007598;N9999;10;4;12.96;746
HAD_P;2014;680007648;680007598;Ncoor;2;1;2.8;
HAD_P;2014;680017829;680017811;M9999;;4;1.4;
HAD_P;2014;680017829;680017811;MAUT;;2;0.3;
HAD_P;2014;680017829;680017811;Mcoor;;2;1.1;
HAD_P;2014;680017829;680017811;N2120;2;;2;
HAD_P;2014;680017829;680017811;N2210;10;3;9.53;
HAD_P;2014;680017829;680017811;N2460;;1;0.3;
HAD_P;2014;680017829;680017811;N2510;10;1;9.33;
HAD_P;2014;680017829;680017811;N2710;;1;0.66;
HAD_P;2014;680017829;680017811;N3120;;1;0.62;
HAD_P;2014;680017829;680017811;N9999;32;8;30.34;
HAD_P;2014;680017829;680017811;NAUT;10;1;7.9;
HAD_P;2014;690000880;690783220;M3050;0;0;0;700
HAD_P;2014;690000880;690783220;M9999;6;2;7.05;1036
HAD_P;2014;690000880;690783220;MAUT;0;0;0;336
HAD_P;2014;690000880;690783220;Mcoor;6;2;7.05;
HAD_P;2014;690000880;690783220;N2120;2;1;2.71;
HAD_P;2014;690000880;690783220;N2210;0;0;0;2176
HAD_P;2014;690000880;690783220;N2410;0;0;0;289
HAD_P;2014;690000880;690783220;N2710;0;0;0;22
HAD_P;2014;690000880;690783220;N3120;5;0;4;
HAD_P;2014;690000880;690783220;N9999;25;7;27.47;2661
HAD_P;2014;690000880;690783220;NAUT;6;3;7.34;174
HAD_P;2014;690000880;690783220;Ncoor;12;3;13.42;
HAD_P;2014;690019799;690007182;M3050;;;;103
HAD_P;2014;690019799;690007182;M9999;;4;1.87;205
HAD_P;2014;690019799;690007182;MAUT;;1;0.47;102
HAD_P;2014;690019799;690007182;Mcoor;;3;1.4;
HAD_P;2014;690019799;690007182;N2120;1;;1;
HAD_P;2014;690019799;690007182;N2210;9;;9;30
HAD_P;2014;690019799;690007182;N2410;0;;;77
HAD_P;2014;690019799;690007182;N2470;0;;;5
HAD_P;2014;690019799;690007182;N2710;0;2;2;
HAD_P;2014;690019799;690007182;N3120;1;;1;
HAD_P;2014;690019799;690007182;N9999;14;2;16;128
HAD_P;2014;690019799;690007182;NAUT;1;;1;16
HAD_P;2014;690019799;690007182;Ncoor;2;;2;
HAD_P;2014;690788930;690001623;M3050;2;1;2.57;
HAD_P;2014;690788930;690001623;M9999;8;4;9.72;
HAD_P;2014;690788930;690001623;MAUT;;1;0.7;
HAD_P;2014;690788930;690001623;Mcoor;6;2;6.45;
HAD_P;2014;690788930;690001623;N2120;7;;7;
HAD_P;2014;690788930;690001623;N2210;;6;4.1;
HAD_P;2014;690788930;690001623;N2710;4;2;3.5;
HAD_P;2014;690788930;690001623;N3120;3;2;4.2;
HAD_P;2014;690788930;690001623;N9999;69;20;82.6;
HAD_P;2014;690788930;690001623;NAUT;39;10;48.8;
HAD_P;2014;690788930;690001623;Ncoor;16;;15;
HAD_P;2014;700000698;250017803;M9999;;1;0.5;
HAD_P;2014;700000698;250017803;Mcoor;;1;0.5;
HAD_P;2014;710010067;710780644;M9999;;1;0.75;
HAD_P;2014;710010067;710780644;Mcoor;;1;0.75;
HAD_P;2014;710010067;710780644;N2210;7;4;7.21;
HAD_P;2014;710010067;710780644;N2510;5;3;4.86;
HAD_P;2014;710010067;710780644;N9999;13;8;13.57;
HAD_P;2014;710010067;710780644;NAUT;;1;0.5;
HAD_P;2014;710010067;710780644;Ncoor;1;;1;
HAD_P;2014;710780917;710000274;M9999;;1;0.3;
HAD_P;2014;710780917;710000274;Mcoor;;1;0.3;
HAD_P;2014;710780917;710000274;N9999;1;;1;
HAD_P;2014;710780917;710000274;NAUT;1;;1;
HAD_P;2014;710978263;710780958;M3050;;1;0.5;
HAD_P;2014;710978263;710780958;M9999;;2;0.8;
HAD_P;2014;710978263;710780958;Mcoor;;1;0.3;
HAD_P;2014;710978263;710780958;N2120;1;;1;
HAD_P;2014;710978263;710780958;N2210;4;;5.02;
HAD_P;2014;710978263;710780958;N2510;2;4;4.17;
HAD_P;2014;710978263;710780958;N9999;7;5;10.69;
HAD_P;2014;710978263;710780958;NAUT;;1;0.5;
HAD_P;2014;710978289;710780263;M9999;1;1;0.95;
HAD_P;2014;710978289;710780263;MAUT;1;1;0.95;
HAD_P;2014;710978289;710780263;N2120;1;;1;
HAD_P;2014;710978289;710780263;N2210;8;5;11.72;
HAD_P;2014;710978289;710780263;N2710;;1;0.1;
HAD_P;2014;710978289;710780263;N3120;;1;0.5;
HAD_P;2014;710978289;710780263;N9999;9;8;13.72;
HAD_P;2014;710978289;710780263;NAUT;;1;0.4;
HAD_P;2014;710978347;710781204;M3050;;1;0.25;
HAD_P;2014;710978347;710781204;M9999;;5;3.95;
HAD_P;2014;710978347;710781204;MAUT;;3;3;
HAD_P;2014;710978347;710781204;Mcoor;;1;0.7;
HAD_P;2014;710978347;710781204;N2120;1;;1;
HAD_P;2014;710978347;710781204;N2210;1;4;3.63;135
HAD_P;2014;710978347;710781204;N2410;1;;1;97
HAD_P;2014;710978347;710781204;N2510;15;3;17.6;
HAD_P;2014;710978347;710781204;N9999;21;11;28.08;232
HAD_P;2014;710978347;710781204;NAUT;1;4;2.85;
HAD_P;2014;710978347;710781204;Ncoor;2;;2;
HAD_P;2014;720000124;720000066;N2210;5;2;7.73;
HAD_P;2014;720000124;720000066;N2460;;1;0.1;
HAD_P;2014;720000124;720000066;N2510;6;1;7;
HAD_P;2014;720000124;720000066;N2710;;1;0.07;
HAD_P;2014;720000124;720000066;N9999;12;6;16.72;
HAD_P;2014;720000124;720000066;NAUT;1;1;1.82;
HAD_P;2014;720016856;720008390;M3050;0;1;0.1;50
HAD_P;2014;720016856;720008390;M9999;0;4;1.27;50
HAD_P;2014;720016856;720008390;Mcoor;0;3;1.17;
HAD_P;2014;720016856;720008390;N2120;1;0;1.12;
HAD_P;2014;720016856;720008390;N2210;12;23;25.16;70
HAD_P;2014;720016856;720008390;N2410;0;0;0;30
HAD_P;2014;720016856;720008390;N2510;7;13;13.64;
HAD_P;2014;720016856;720008390;N2710;;4;1.02;
HAD_P;2014;720016856;720008390;N3120;;3;1.39;
HAD_P;2014;720016856;720008390;N9999;20;47;44.88;100
HAD_P;2014;720016856;720008390;Ncoor;0;4;2.55;
HAD_P;2014;730000031;730000015;M9999;2;;1.6;
HAD_P;2014;730000031;730000015;Mcoor;2;;1.6;
HAD_P;2014;730000031;730000015;N2120;1;;1;
HAD_P;2014;730000031;730000015;N2210;8;3;10.25;
HAD_P;2014;730000031;730000015;N2510;6;1;6.75;
HAD_P;2014;730000031;730000015;N2710;;1;0.75;
HAD_P;2014;730000031;730000015;N9999;16;7;21;
HAD_P;2014;730000031;730000015;NAUT;1;2;2.25;
HAD_P;2014;730000049;730002839;M9999;;2;0.55;24
HAD_P;2014;730000049;730002839;MAUT;;;;24
HAD_P;2014;730000049;730002839;Mcoor;;2;0.55;
HAD_P;2014;730000049;730002839;N2120;1;;0.92;
HAD_P;2014;730000049;730002839;N2210;3;1;2.53;96
HAD_P;2014;730000049;730002839;N2410;;;;17
HAD_P;2014;730000049;730002839;N9999;4;3;4.23;114
HAD_P;2014;730000049;730002839;NAUT;;2;0.78;1
HAD_P;2014;730000080;730780103;M9999;;1;0.6;
HAD_P;2014;730000080;730780103;Mcoor;;1;0.6;
HAD_P;2014;730000080;730780103;N2120;1;;0.84;
HAD_P;2014;730000080;730780103;N2210;4;1;4.76;
HAD_P;2014;730000080;730780103;N2510;2;;2;
HAD_P;2014;730000080;730780103;N2710;1;;0.5;
HAD_P;2014;730000080;730780103;N3120;1;;0.5;
HAD_P;2014;730000080;730780103;N9999;11;5;10.39;
HAD_P;2014;730000080;730780103;NAUT;1;4;1.63;
HAD_P;2014;730000080;730780103;Ncoor;1;;0.16;
HAD_P;2014;740000237;740781133;M9999;1;2;1.36;72
HAD_P;2014;740000237;740781133;MAUT;0;2;0.66;72
HAD_P;2014;740000237;740781133;Mcoor;1;0;0.7;
HAD_P;2014;740000237;740781133;N2120;1;0;0.94;
HAD_P;2014;740000237;740781133;N2210;7;3;9.59;153
HAD_P;2014;740000237;740781133;N2410;0;0;0;64
HAD_P;2014;740000237;740781133;N2510;5;0;5.21;
HAD_P;2014;740000237;740781133;N2710;;2;0.54;
HAD_P;2014;740000237;740781133;N3120;1;0;1;
HAD_P;2014;740000237;740781133;N9999;16;7;20.06;223
HAD_P;2014;740000237;740781133;NAUT;2;2;2.78;6
HAD_P;2014;740000302;740781133;M9999;0;1;0.5;11
HAD_P;2014;740000302;740781133;MAUT;0;0;0;11
HAD_P;2014;740000302;740781133;Mcoor;0;1;0.5;
HAD_P;2014;740000302;740781133;N2120;0;1;0.7;
HAD_P;2014;740000302;740781133;N2210;3;3;4.58;27
HAD_P;2014;740000302;740781133;N2410;0;0;0;9
HAD_P;2014;740000302;740781133;N2510;3;1;3.04;
HAD_P;2014;740000302;740781133;N3120;0;1;0.5;
HAD_P;2014;740000302;740781133;N9999;7;7;10;36
HAD_P;2014;740000302;740781133;NAUT;1;1;1.18;
HAD_P;2014;740000328;740790381;M9999;2;0;1.16;
HAD_P;2014;740000328;740790381;Mcoor;2;0;1.16;
HAD_P;2014;740000328;740790381;N2120;1;;1;
HAD_P;2014;740000328;740790381;N2210;;;;158
HAD_P;2014;740000328;740790381;N2410;;;;86
HAD_P;2014;740000328;740790381;N2510;;2;1.2;
HAD_P;2014;740000328;740790381;N2710;;1;0.32;0
HAD_P;2014;740000328;740790381;N3120;;1;1.06;
HAD_P;2014;740000328;740790381;N9999;2;10;10.25;246
HAD_P;2014;740000328;740790381;NAUT;;2;1.62;2
HAD_P;2014;740000328;740790381;Ncoor;1;4;5.05;
HAD_P;2014;740010475;740000203;M3050;0;1;0.8;0
HAD_P;2014;740010475;740000203;M9999;0;4;1.8;131
HAD_P;2014;740010475;740000203;MAUT;0;1;0.1;131
HAD_P;2014;740010475;740000203;Mcoor;0;2;0.9;
HAD_P;2014;740010475;740000203;N2120;1;0;1;
HAD_P;2014;740010475;740000203;N2210;7;6;12.7;109
HAD_P;2014;740010475;740000203;N2410;0;1;0.6;136
HAD_P;2014;740010475;740000203;N2460;0;0;0;1
HAD_P;2014;740010475;740000203;N2510;9;3;11;
HAD_P;2014;740010475;740000203;N2710;0;1;0.5;0
HAD_P;2014;740010475;740000203;N3120;1;0;1;
HAD_P;2014;740010475;740000203;N9999;20;11;28.8;250
HAD_P;2014;740010475;740000203;NAUT;0;0;0;4
HAD_P;2014;740010475;740000203;Ncoor;2;0;2;
HAD_P;2014;740781141;740790258;M9999;;3;1.04;0
HAD_P;2014;740781141;740790258;MAUT;;2;0.24;0
HAD_P;2014;740781141;740790258;Mcoor;;1;0.8;
HAD_P;2014;740781141;740790258;N2120;1;;0.27;
HAD_P;2014;740781141;740790258;N2210;6;2;8.23;
HAD_P;2014;740781141;740790258;N2510;2;1;2.81;
HAD_P;2014;740781141;740790258;N2710;0;1;0.23;
HAD_P;2014;740781141;740790258;N9999;11;4;13.54;
HAD_P;2014;740781141;740790258;NAUT;2;0;2;
HAD_P;2014;740781224;740001839;M9999;2;0;1;
HAD_P;2014;740781224;740001839;Mcoor;2;0;1;
HAD_P;2014;740781224;740001839;N2120;1;0;0.75;
HAD_P;2014;740781224;740001839;N2210;5;2;5.75;
HAD_P;2014;740781224;740001839;N2510;4;1;4.93;
HAD_P;2014;740781224;740001839;N2710;1;0;0.6;
HAD_P;2014;740781224;740001839;N3120;1;;0.52;
HAD_P;2014;740781224;740001839;N9999;13;3;13.61;
HAD_P;2014;740781224;740001839;NAUT;1;;1.06;
HAD_P;2014;750042459;750712341;M3050;;1;0.5;
HAD_P;2014;750042459;750712341;M9999;1;8;5.5;
HAD_P;2014;750042459;750712341;MAUT;;1;0.8;
HAD_P;2014;750042459;750712341;Mcoor;1;6;4.2;
HAD_P;2014;750042459;750712341;N2120;13;2;14.2;
HAD_P;2014;750042459;750712341;N2210;86;5;88.4;287
HAD_P;2014;750042459;750712341;N2410;;;;164
HAD_P;2014;750042459;750712341;N2470;;;;3
HAD_P;2014;750042459;750712341;N2510;24;2;25.3;
HAD_P;2014;750042459;750712341;N2710;2;1;2.8;
HAD_P;2014;750042459;750712341;N3120;3;2;4.2;
HAD_P;2014;750042459;750712341;N9999;137;17;148.2;454
HAD_P;2014;750042459;750712341;Ncoor;9;5;13.3;
HAD_P;2014;750806226;750712184;M3050;6;1;6.8;
HAD_P;2014;750806226;750712184;M9999;12;8;15.8;
HAD_P;2014;750806226;750712184;MAUT;3;1;3.3;
HAD_P;2014;750806226;750712184;Mcoor;3;6;5.7;
HAD_P;2014;750806226;750712184;N2120;18;;18;
HAD_P;2014;750806226;750712184;N2210;187;34;214.25;
HAD_P;2014;750806226;750712184;N2410;2;1;2.86;
HAD_P;2014;750806226;750712184;N2460;5;0;5;
HAD_P;2014;750806226;750712184;N2510;118;11;125.18;
HAD_P;2014;750806226;750712184;N2710;4;0;4;
HAD_P;2014;750806226;750712184;N3120;13;4;16.49;
HAD_P;2014;750806226;750712184;N9999;578;81;645.06;
HAD_P;2014;750806226;750712184;NAUT;201;26;224.34;
HAD_P;2014;750806226;750712184;Ncoor;30;5;34.94;
HAD_P;2014;760000463;760024042;M9999;;2;1;
HAD_P;2014;760000463;760024042;MAUT;;2;1;
HAD_P;2014;760000463;760024042;N2210;13;13;15.9;
HAD_P;2014;760000463;760024042;N2510;13;31;13.26;
HAD_P;2014;760000463;760024042;N2710;;1;0.5;
HAD_P;2014;760000463;760024042;N3120;1;2;1.18;
HAD_P;2014;760000463;760024042;N9999;28;48;32.29;
HAD_P;2014;760000463;760024042;NAUT;1;1;1.45;
HAD_P;2014;760016659;760027359;M3050;;1;0.25;
HAD_P;2014;760016659;760027359;M9999;;2;0.75;
HAD_P;2014;760016659;760027359;Mcoor;;1;0.5;
HAD_P;2014;760016659;760027359;N2120;1;;1;
HAD_P;2014;760016659;760027359;N2210;7;2;8;
HAD_P;2014;760016659;760027359;N2510;4;;4;
HAD_P;2014;760016659;760027359;N2710;;1;0.25;
HAD_P;2014;760016659;760027359;N3120;;1;0.5;
HAD_P;2014;760016659;760027359;N9999;13;4;14.75;
HAD_P;2014;760016659;760027359;Ncoor;1;;1;
HAD_P;2014;760020529;760000257;M3050;1;;0.3;
HAD_P;2014;760020529;760000257;M9999;1;1;0.8;
HAD_P;2014;760020529;760000257;Mcoor;;1;0.5;
HAD_P;2014;760020529;760000257;N2120;1;;1;
HAD_P;2014;760020529;760000257;N2210;13;4;14.21;49
HAD_P;2014;760020529;760000257;N2410;;;;37
HAD_P;2014;760020529;760000257;N2510;13;2;10.78;
HAD_P;2014;760020529;760000257;N2710;1;;0.5;1
HAD_P;2014;760020529;760000257;N9999;30;6;27.29;94
HAD_P;2014;760020529;760000257;NAUT;2;;0.8;7
HAD_P;2014;760021329;760000448;M9999;;1;0.4;
HAD_P;2014;760021329;760000448;Mcoor;;1;0.4;
HAD_P;2014;760021329;760000448;N2120;1;1;1.9;
HAD_P;2014;760021329;760000448;N2210;8;2;8.71;15
HAD_P;2014;760021329;760000448;N2410;;;;45
HAD_P;2014;760021329;760000448;N2510;1;;1.02;
HAD_P;2014;760021329;760000448;N9999;10;3;11.63;60
HAD_P;2014;760027938;760027359;M3050;;1;0.25;
HAD_P;2014;760027938;760027359;M9999;;2;0.75;
HAD_P;2014;760027938;760027359;Mcoor;;1;0.5;
HAD_P;2014;760027938;760027359;N2120;1;;1;
HAD_P;2014;760027938;760027359;N2210;2;1;2.8;
HAD_P;2014;760027938;760027359;N2510;3;;3;
HAD_P;2014;760027938;760027359;N2710;;1;0.25;
HAD_P;2014;760027938;760027359;N3120;;1;0.5;
HAD_P;2014;760027938;760027359;N9999;6;3;7.55;
HAD_P;2014;760783035;750721334;M9999;;2;1.12;
HAD_P;2014;760783035;750721334;Mcoor;;2;1.12;
HAD_P;2014;760783035;750721334;N2210;11;1;12.23;
HAD_P;2014;760783035;750721334;N2510;9;;9.76;
HAD_P;2014;760783035;750721334;N3120;1;;0.62;
HAD_P;2014;760783035;750721334;N9999;23;1;24.42;
HAD_P;2014;760783035;750721334;NAUT;1;;0.9;
HAD_P;2014;760783035;750721334;Ncoor;1;;0.91;
HAD_P;2014;760805770;760780726;M9999;1;;0.1;
HAD_P;2014;760805770;760780726;Mcoor;1;;0.1;
HAD_P;2014;760805770;760780726;N9999;1;4;2.03;
HAD_P;2014;760805770;760780726;NAUT;1;4;2.03;
HAD_P;2014;770000164;770110062;M9999;;1;0.7;
HAD_P;2014;770000164;770110062;Mcoor;;1;0.7;
HAD_P;2014;770000164;770110062;N2210;9;;7.67;
HAD_P;2014;770000164;770110062;N2510;3;;3.08;
HAD_P;2014;770000164;770110062;N2710;1;;0.2;
HAD_P;2014;770000164;770110062;N3120;;1;0.8;
HAD_P;2014;770000164;770110062;N9999;16;1;14.15;
HAD_P;2014;770000164;770110062;NAUT;3;;2.4;
HAD_P;2014;770000446;770700185;N2210;0;0;0.27;
HAD_P;2014;770000446;770700185;N9999;3;2;3.92;
HAD_P;2014;770000446;770700185;NAUT;3;2;3.65;
HAD_P;2014;770016475;770014207;M9999;;1;0.2;
HAD_P;2014;770016475;770014207;Mcoor;;1;0.2;
HAD_P;2014;770016475;770014207;N2120;1;;1;
HAD_P;2014;770016475;770014207;N2210;3;4;6.2;
HAD_P;2014;770016475;770014207;N2510;5;1;5.5;
HAD_P;2014;770016475;770014207;N9999;10;5;13.7;
HAD_P;2014;770016475;770014207;NAUT;1;;1;
HAD_P;2014;770700011;750042590;M9999;1;;0.5;
HAD_P;2014;770700011;750042590;Mcoor;1;;0.5;
HAD_P;2014;770700011;750042590;N2210;3;1;3.82;
HAD_P;2014;770700011;750042590;N2410;2;1;2.05;
HAD_P;2014;770700011;750042590;N2460;2;2;3.31;
HAD_P;2014;770700011;750042590;N2470;1;;0.45;
HAD_P;2014;770700011;750042590;N2510;7;;6.94;
HAD_P;2014;770700011;750042590;N3120;1;;0.5;
HAD_P;2014;770700011;750042590;N9999;20;4;19.57;
HAD_P;2014;770700011;750042590;NAUT;4;;2.5;
HAD_P;2014;780000311;780001236;N9999;;;0.31;
HAD_P;2014;780000311;780001236;NAUT;;;0.31;
HAD_P;2014;780004529;310021233;M3050;;1;0.36;
HAD_P;2014;780004529;310021233;M9999;;3;1.46;
HAD_P;2014;780004529;310021233;Mcoor;;2;1.1;
HAD_P;2014;780004529;310021233;N2210;12;;14.35;
HAD_P;2014;780004529;310021233;N2510;8;;9.32;
HAD_P;2014;780004529;310021233;N2710;;2;1.08;
HAD_P;2014;780004529;310021233;N3120;;2;0.99;
HAD_P;2014;780004529;310021233;N9999;26;5;31.69;
HAD_P;2014;780004529;310021233;NAUT;4;1;3.98;
HAD_P;2014;780004529;310021233;Ncoor;2;;1.97;
HAD_P;2014;790000087;790000012;M9999;;1;0.69;66
HAD_P;2014;790000087;790000012;MAUT;;;;66
HAD_P;2014;790000087;790000012;Mcoor;;1;0.69;
HAD_P;2014;790000087;790000012;N2120;1;;1;
HAD_P;2014;790000087;790000012;N2210;2;2;3.47;127
HAD_P;2014;790000087;790000012;N2410;;;;42
HAD_P;2014;790000087;790000012;N2510;;17;9.99;
HAD_P;2014;790000087;790000012;N2710;;1;0.2;
HAD_P;2014;790000087;790000012;N3120;;1;0.2;
HAD_P;2014;790000087;790000012;N9999;3;23;16.17;169
HAD_P;2014;790000087;790000012;NAUT;;2;1.31;
HAD_P;2014;790000111;790000046;M9999;;1;0.2;
HAD_P;2014;790000111;790000046;Mcoor;;1;0.2;
HAD_P;2014;790000111;790000046;N2120;;1;0.5;
HAD_P;2014;790000111;790000046;N2510;4;;4.05;
HAD_P;2014;790000111;790000046;N9999;5;2;5.19;
HAD_P;2014;790000111;790000046;NAUT;1;;0.01;
HAD_P;2014;790000111;790000046;Ncoor;;1;0.63;
HAD_P;2014;790000137;790000061;M9999;;1;0.3;
HAD_P;2014;790000137;790000061;Mcoor;;1;0.3;
HAD_P;2014;790000137;790000061;N2510;4;;3.59;
HAD_P;2014;790000137;790000061;N9999;5;;4.09;
HAD_P;2014;790000137;790000061;Ncoor;1;;0.5;
HAD_P;2014;790017289;790017271;M3050;;;;65
HAD_P;2014;790017289;790017271;M9999;;1;0.5;65
HAD_P;2014;790017289;790017271;Mcoor;;1;0.5;
HAD_P;2014;790017289;790017271;N2120;1;;1;
HAD_P;2014;790017289;790017271;N2210;;;;148
HAD_P;2014;790017289;790017271;N2410;;;;72
HAD_P;2014;790017289;790017271;N2710;;1;0.25;
HAD_P;2014;790017289;790017271;N3120;;1;0.5;
HAD_P;2014;790017289;790017271;N9999;5;3;6.46;220
HAD_P;2014;790017289;790017271;NAUT;1;1;1.71;0
HAD_P;2014;790017289;790017271;Ncoor;3;;3;
HAD_P;2014;800000226;800000069;M9999;;1;0.4;
HAD_P;2014;800000226;800000069;MAUT;;1;0.4;
HAD_P;2014;800000226;800000069;N2210;8;1;6.77;
HAD_P;2014;800000226;800000069;N2510;16;1;15.33;
HAD_P;2014;800000226;800000069;N2710;1;;0.3;
HAD_P;2014;800000226;800000069;N9999;26;3;24.22;
HAD_P;2014;800000226;800000069;NAUT;1;1;1.82;
HAD_P;2014;800000523;800000853;M9999;;3;1.32;
HAD_P;2014;800000523;800000853;Mcoor;;3;1.32;
HAD_P;2014;800000523;800000853;N2120;1;;1;
HAD_P;2014;800000523;800000853;N2210;6;19;11.13;
HAD_P;2014;800000523;800000853;N2510;8;26;13.21;
HAD_P;2014;800000523;800000853;N2710;;1;0.71;
HAD_P;2014;800000523;800000853;N3120;1;;0.96;
HAD_P;2014;800000523;800000853;N9999;22;62;39.56;
HAD_P;2014;800000523;800000853;NAUT;4;15;9.8;
HAD_P;2014;800000523;800000853;Ncoor;2;1;2.75;
HAD_P;2014;800015448;800000093;M9999;;1;0.6;
HAD_P;2014;800015448;800000093;Mcoor;;1;0.6;
HAD_P;2014;800015448;800000093;N2120;;1;0.33;
HAD_P;2014;800015448;800000093;N2210;8;;8;
HAD_P;2014;800015448;800000093;N2510;7;;7;
HAD_P;2014;800015448;800000093;N3120;;1;0.7;
HAD_P;2014;800015448;800000093;N9999;16;4;17.66;
HAD_P;2014;800015448;800000093;NAUT;;2;0.63;
HAD_P;2014;800015448;800000093;Ncoor;1;;1;
HAD_P;2014;800015489;800000036;N2210;3;1;3.8;
HAD_P;2014;800015489;800000036;N2510;4;;4;
HAD_P;2014;800015489;800000036;N9999;8;1;8.8;
HAD_P;2014;800015489;800000036;Ncoor;1;;1;
HAD_P;2014;800015539;800000028;M3050;1;0;0.2;
HAD_P;2014;800015539;800000028;M9999;1;1;0.7;
HAD_P;2014;800015539;800000028;Mcoor;0;1;0.5;
HAD_P;2014;800015539;800000028;N2120;1;0;1;
HAD_P;2014;800015539;800000028;N2210;9;6;13.95;
HAD_P;2014;800015539;800000028;N2510;7;3;10.17;
HAD_P;2014;800015539;800000028;N3120;1;0;0.95;
HAD_P;2014;800015539;800000028;N9999;19;9;27.07;
HAD_P;2014;800015539;800000028;NAUT;1;0;1;
HAD_P;2014;800015588;800000077;M9999;1;;0.1;
HAD_P;2014;800015588;800000077;Mcoor;1;;0.1;
HAD_P;2014;800015588;800000077;N2120;1;;0.45;
HAD_P;2014;800015588;800000077;N2210;5;;4.8;
HAD_P;2014;800015588;800000077;N2510;9;;7.8;
HAD_P;2014;800015588;800000077;N9999;15;;13.05;
HAD_P;2014;800016768;800003071;M3050;;1;0.05;37
HAD_P;2014;800016768;800003071;M9999;;3;0.25;37
HAD_P;2014;800016768;800003071;Mcoor;;2;0.2;
HAD_P;2014;800016768;800003071;N2120;1;;0.5;
HAD_P;2014;800016768;800003071;N2210;7;;3.5;74
HAD_P;2014;800016768;800003071;N2410;;;;43
HAD_P;2014;800016768;800003071;N2510;6;;3;
HAD_P;2014;800016768;800003071;N9999;14;;7;117
HAD_P;2014;800016776;800000085;M3050;;1;0.05;37
HAD_P;2014;800016776;800000085;M9999;;3;0.3;37
HAD_P;2014;800016776;800000085;Mcoor;;2;0.25;
HAD_P;2014;800016776;800000085;N2120;;;0.5;
HAD_P;2014;800016776;800000085;N2210;7;;3.5;74
HAD_P;2014;800016776;800000085;N2410;;;;43
HAD_P;2014;800016776;800000085;N2510;6;;3;
HAD_P;2014;800016776;800000085;N2710;;1;0.25;
HAD_P;2014;800016776;800000085;N3120;;1;0.25;
HAD_P;2014;800016776;800000085;N9999;13;4;8.2;117
HAD_P;2014;800016776;800000085;NAUT;;1;0.2;
HAD_P;2014;800016776;800000085;Ncoor;;1;0.5;
HAD_P;2014;810000505;810000331;M9999;1;;0.35;
HAD_P;2014;810000505;810000331;Mcoor;1;;0.35;
HAD_P;2014;810000505;810000331;N2120;2;;0.9;
HAD_P;2014;810000505;810000331;N2210;13;2;11.19;
HAD_P;2014;810000505;810000331;N2510;4;6;5.31;
HAD_P;2014;810000505;810000331;N3120;1;;0.5;
HAD_P;2014;810000505;810000331;N9999;22;10;20.88;
HAD_P;2014;810000505;810000331;NAUT;2;2;2.98;
HAD_P;2014;810000521;810000380;M9999;2;;0.35;
HAD_P;2014;810000521;810000380;MAUT;1;;0.25;
HAD_P;2014;810000521;810000380;Mcoor;1;;0.1;
HAD_P;2014;810000521;810000380;N9999;5;2;2.75;
HAD_P;2014;810000521;810000380;NAUT;5;2;2.75;
HAD_P;2014;810007989;750047367;M3050;;1;0.06;
HAD_P;2014;810007989;750047367;M9999;;2;0.35;
HAD_P;2014;810007989;750047367;Mcoor;;1;0.29;
HAD_P;2014;810007989;750047367;N2210;1;;0.42;
HAD_P;2014;810007989;750047367;N2510;1;5;4.8;
HAD_P;2014;810007989;750047367;N2710;;1;0.3;
HAD_P;2014;810007989;750047367;N3120;;1;0.5;
HAD_P;2014;810007989;750047367;N9999;7;8;11.88;
HAD_P;2014;810007989;750047367;NAUT;2;1;2.86;
HAD_P;2014;810007989;750047367;Ncoor;3;;3;
HAD_P;2014;820000032;820000016;M9999;2;;2;
HAD_P;2014;820000032;820000016;Mcoor;2;;2;
HAD_P;2014;820000032;820000016;N2120;2;;0.59;
HAD_P;2014;820000032;820000016;N2210;6;1;6.53;80
HAD_P;2014;820000032;820000016;N2410;;;;23
HAD_P;2014;820000032;820000016;N2510;4;;4.06;
HAD_P;2014;820000032;820000016;N2710;1;;0.5;
HAD_P;2014;820000032;820000016;N3120;1;;0.45;
HAD_P;2014;820000032;820000016;N9999;15;2;13.63;117
HAD_P;2014;820000032;820000016;NAUT;1;1;1.5;14
HAD_P;2014;820000883;820004950;M9999;1;;1;
HAD_P;2014;820000883;820004950;MAUT;1;;1;
HAD_P;2014;820000883;820004950;N2120;1;;1;
HAD_P;2014;820000883;820004950;N2210;3;2;4.55;
HAD_P;2014;820000883;820004950;N2510;3;1;4.54;
HAD_P;2014;820000883;820004950;N2710;;1;0.6;
HAD_P;2014;820000883;820004950;N3120;;1;0.5;
HAD_P;2014;820000883;820004950;N9999;9;5;13.19;
HAD_P;2014;820000883;820004950;NAUT;2;;2;
HAD_P;2014;830012498;830014049;M9999;;1;0.4;
HAD_P;2014;830012498;830014049;Mcoor;;1;0.4;
HAD_P;2014;830012498;830014049;N2120;1;;1;
HAD_P;2014;830012498;830014049;N2210;5;;5;158
HAD_P;2014;830012498;830014049;N2410;;;;77
HAD_P;2014;830012498;830014049;N2510;4;;4;
HAD_P;2014;830012498;830014049;N2710;;;;1
HAD_P;2014;830012498;830014049;N3120;;1;0.3;
HAD_P;2014;830012498;830014049;N9999;12;1;12.3;236
HAD_P;2014;830012498;830014049;Ncoor;2;;2;
HAD_P;2014;830019600;830000063;M9999;;1;0.5;
HAD_P;2014;830019600;830000063;Mcoor;;1;0.5;
HAD_P;2014;830019600;830000063;N2120;2;;1.5;
HAD_P;2014;830019600;830000063;N2210;5;;5;
HAD_P;2014;830019600;830000063;N2510;8;;8;
HAD_P;2014;830019600;830000063;N2710;;1;0.51;
HAD_P;2014;830019600;830000063;N3120;;1;0.86;
HAD_P;2014;830019600;830000063;N9999;15;2;15.87;
HAD_P;2014;830100392;830000154;M9999;;1;0.5;
HAD_P;2014;830100392;830000154;Mcoor;;1;0.5;
HAD_P;2014;830100392;830000154;N2120;1;;1;
HAD_P;2014;830100392;830000154;N2510;7;2;8.4;
HAD_P;2014;830100392;830000154;N2710;;1;0.5;
HAD_P;2014;830100392;830000154;N3120;1;;1;
HAD_P;2014;830100392;830000154;N9999;11;3;12.9;
HAD_P;2014;830100392;830000154;Ncoor;2;;2;
HAD_P;2014;830207114;830001855;M3050;;1;0.6;
HAD_P;2014;830207114;830001855;M9999;;5;2.8;
HAD_P;2014;830207114;830001855;Mcoor;;4;2.2;
HAD_P;2014;830207114;830001855;N2120;1;;1;
HAD_P;2014;830207114;830001855;N2210;17;1;17.5;473
HAD_P;2014;830207114;830001855;N2410;;;;196
HAD_P;2014;830207114;830001855;N2510;25;4;28.7;
HAD_P;2014;830207114;830001855;N2710;;1;0.75;4
HAD_P;2014;830207114;830001855;N3120;;2;1.6;
HAD_P;2014;830207114;830001855;N9999;48;8;54.55;675
HAD_P;2014;830207114;830001855;NAUT;;;;2
HAD_P;2014;830207114;830001855;Ncoor;5;;5;
HAD_P;2014;840011340;840003164;M3050;;1;0.2;
HAD_P;2014;840011340;840003164;M9999;;4;2.2;
HAD_P;2014;840011340;840003164;Mcoor;;3;2;
HAD_P;2014;840011340;840003164;N2120;2;;1;
HAD_P;2014;840011340;840003164;N9999;2;;1;
HAD_P;2014;850006008;850005968;M9999;1;3;3.53;
HAD_P;2014;850006008;850005968;Mcoor;1;3;3.53;
HAD_P;2014;850006008;850005968;N2120;1;;1;
HAD_P;2014;850006008;850005968;N2710;1;1;0.83;
HAD_P;2014;850006008;850005968;N3120;1;;1.07;
HAD_P;2014;850006008;850005968;N9999;9;11;15.17;
HAD_P;2014;850006008;850005968;NAUT;;1;0.78;
HAD_P;2014;850006008;850005968;Ncoor;6;9;11.49;
HAD_P;2014;860000025;860013382;M9999;1;;0.5;72
HAD_P;2014;860000025;860013382;MAUT;;;;72
HAD_P;2014;860000025;860013382;Mcoor;1;;0.5;
HAD_P;2014;860000025;860013382;N2120;1;;0.5;
HAD_P;2014;860000025;860013382;N2210;4;4;8.36;27
HAD_P;2014;860000025;860013382;N2410;;;;22
HAD_P;2014;860000025;860013382;N2510;6;3;8.59;
HAD_P;2014;860000025;860013382;N2710;;1;0.5;
HAD_P;2014;860000025;860013382;N3120;;1;0.38;
HAD_P;2014;860000025;860013382;N9999;15;9;21.33;49
HAD_P;2014;860000025;860013382;NAUT;2;;1.5;
HAD_P;2014;860000025;860013382;Ncoor;2;;1.5;
HAD_P;2014;860000223;860013077;M3050;1;;0.5;
HAD_P;2014;860000223;860013077;M9999;2;;1.5;
HAD_P;2014;860000223;860013077;Mcoor;1;;1;
HAD_P;2014;860000223;860013077;N2120;1;;1;
HAD_P;2014;860000223;860013077;N2210;14;7;18.61;
HAD_P;2014;860000223;860013077;N3120;1;1;0.8;
HAD_P;2014;860000223;860013077;N9999;16;10;22.01;
HAD_P;2014;860000223;860013077;NAUT;;2;1.6;
HAD_P;2014;860008929;860008879;M3050;;1;0.07;
HAD_P;2014;860008929;860008879;M9999;;4;0.81;
HAD_P;2014;860008929;860008879;Mcoor;;3;0.74;
HAD_P;2014;860008929;860008879;N2120;;1;0.25;
HAD_P;2014;860008929;860008879;N2210;;;;179
HAD_P;2014;860008929;860008879;N2410;;;;75
HAD_P;2014;860008929;860008879;N2460;;1;0.03;
HAD_P;2014;860008929;860008879;N2510;3;5;6.3;
HAD_P;2014;860008929;860008879;N2710;;1;0.36;
HAD_P;2014;860008929;860008879;N3120;;1;0.9;
HAD_P;2014;860008929;860008879;N9999;4;14;11.12;254
HAD_P;2014;860008929;860008879;NAUT;;4;1.68;
HAD_P;2014;860008929;860008879;Ncoor;1;1;1.6;
HAD_P;2014;870003514;870000015;M3050;0;0;0;63
HAD_P;2014;870003514;870000015;M9999;2;3;1.95;166
HAD_P;2014;870003514;870000015;MAUT;2;2;1.45;103
HAD_P;2014;870003514;870000015;Mcoor;0;1;0.5;
HAD_P;2014;870003514;870000015;N2120;1;1;1.17;
HAD_P;2014;870003514;870000015;N2210;4;7;8.24;105
HAD_P;2014;870003514;870000015;N2410;0;1;0.57;6
HAD_P;2014;870003514;870000015;N2510;4;6;6.07;
HAD_P;2014;870003514;870000015;N9999;13;19;21.96;111
HAD_P;2014;870003514;870000015;NAUT;2;4;3.91;0
HAD_P;2014;870003514;870000015;Ncoor;2;0;2;
HAD_P;2014;870004231;870004074;M9999;0;3;1.1;
HAD_P;2014;870004231;870004074;MAUT;;1;0.3;
HAD_P;2014;870004231;870004074;Mcoor;0;2;0.8;
HAD_P;2014;870004231;870004074;N2120;;1;0.6;
HAD_P;2014;870004231;870004074;N2510;12;3;13.9;
HAD_P;2014;870004231;870004074;N3120;1;1;1.6;
HAD_P;2014;870004231;870004074;N9999;17;11;22.2;
HAD_P;2014;870004231;870004074;Ncoor;4;6;6.1;
HAD_P;2014;880000039;880780069;M3050;;1;0.25;
HAD_P;2014;880000039;880780069;M9999;1;1;1.45;
HAD_P;2014;880000039;880780069;Mcoor;1;;1.2;
HAD_P;2014;880000039;880780069;N2120;1;;0.8;
HAD_P;2014;880000039;880780069;N2710;;1;0.1;
HAD_P;2014;880000039;880780069;N3120;1;;0.1;
HAD_P;2014;880000039;880780069;N9999;7;7;9.23;
HAD_P;2014;880000039;880780069;NAUT;2;4;2.55;
HAD_P;2014;880000039;880780069;Ncoor;3;2;5.68;
HAD_P;2014;880006606;750047367;M3050;;1;0.06;
HAD_P;2014;880006606;750047367;M9999;;2;0.48;
HAD_P;2014;880006606;750047367;Mcoor;;1;0.42;
HAD_P;2014;880006606;750047367;N2210;1;;0.75;
HAD_P;2014;880006606;750047367;N2510;4;1;4.1;
HAD_P;2014;880006606;750047367;N2710;;1;0.3;
HAD_P;2014;880006606;750047367;N3120;;1;0.5;
HAD_P;2014;880006606;750047367;N9999;9;4;10.6;
HAD_P;2014;880006606;750047367;NAUT;2;1;2.7;
HAD_P;2014;880006606;750047367;Ncoor;2;;2.25;
HAD_P;2014;880006721;750047367;M3050;;1;0.06;
HAD_P;2014;880006721;750047367;M9999;;2;0.16;
HAD_P;2014;880006721;750047367;Mcoor;;1;0.1;
HAD_P;2014;880006721;750047367;N2510;;2;1.2;
HAD_P;2014;880006721;750047367;N3120;;1;0.91;
HAD_P;2014;880006721;750047367;N9999;2;5;4.19;
HAD_P;2014;880006721;750047367;NAUT;;2;1;
HAD_P;2014;880006721;750047367;Ncoor;2;;1.08;
HAD_P;2014;890975527;890000037;M9999;1;;0.1;
HAD_P;2014;890975527;890000037;Mcoor;1;;0.1;
HAD_P;2014;890975527;890000037;N2210;4;;4;
HAD_P;2014;890975527;890000037;N2510;3;;3;
HAD_P;2014;890975527;890000037;N9999;8;;8;
HAD_P;2014;890975527;890000037;NAUT;1;;1;
HAD_P;2014;890975543;890000417;M9999;1;;0.55;55
HAD_P;2014;890975543;890000417;MAUT;;;;55
HAD_P;2014;890975543;890000417;Mcoor;1;;0.55;
HAD_P;2014;890975543;890000417;N2210;4;2;4.44;63
HAD_P;2014;890975543;890000417;N2410;;;;13
HAD_P;2014;890975543;890000417;N2510;3;1;3.13;
HAD_P;2014;890975543;890000417;N9999;8;3;8.17;76
HAD_P;2014;890975543;890000417;NAUT;1;;0.6;
HAD_P;2014;890975550;890970569;M9999;;2;1;48
HAD_P;2014;890975550;890970569;MAUT;;1;0.4;48
HAD_P;2014;890975550;890970569;Mcoor;;1;0.6;
HAD_P;2014;890975550;890970569;N2210;5;;4.54;53
HAD_P;2014;890975550;890970569;N2410;;;;12
HAD_P;2014;890975550;890970569;N2510;4;;3.94;
HAD_P;2014;890975550;890970569;N9999;10;;9.48;65
HAD_P;2014;890975550;890970569;NAUT;1;;1;
HAD_P;2014;890975568;890000433;M9999;;1;0.1;
HAD_P;2014;890975568;890000433;Mcoor;;1;0.1;
HAD_P;2014;890975568;890000433;N2120;0;0;0.2;
HAD_P;2014;890975568;890000433;N2210;6;1;5.87;
HAD_P;2014;890975568;890000433;N2510;3;;2.61;
HAD_P;2014;890975568;890000433;N9999;9;1;9.08;
HAD_P;2014;890975568;890000433;NAUT;;;0.4;
HAD_P;2014;910110071;910110063;N2120;1;;1.66;
HAD_P;2014;910110071;910110063;N2210;;1;0.86;
HAD_P;2014;910110071;910110063;N9999;1;3;3.52;
HAD_P;2014;910110071;910110063;NAUT;;2;1;
HAD_P;2014;920000585;920026374;N9999;2;;2;
HAD_P;2014;920000585;920026374;NAUT;2;;2;
HAD_P;2014;920000619;920009909;N9999;2;;1.77;
HAD_P;2014;920000619;920009909;NAUT;2;;1.77;
HAD_P;2014;920300043;920001526;M9999;;1;0.07;
HAD_P;2014;920300043;920001526;Mcoor;;1;0.07;
HAD_P;2014;920300043;920001526;N2120;1;;0.1;
HAD_P;2014;920300043;920001526;N2210;;2;1.7;
HAD_P;2014;920300043;920001526;N9999;1;2;1.8;
HAD_P;2014;920813623;920029097;M3050;5;3;4.73;
HAD_P;2014;920813623;920029097;M9999;16;12;20.02;
HAD_P;2014;920813623;920029097;Mcoor;11;9;15.29;
HAD_P;2014;920813623;920029097;N2120;76;1;74.58;
HAD_P;2014;920813623;920029097;N2210;273;51;294.98;
HAD_P;2014;920813623;920029097;N2410;7;1;6.64;
HAD_P;2014;920813623;920029097;N2460;1;0;1;
HAD_P;2014;920813623;920029097;N2510;179;51;195.68;
HAD_P;2014;920813623;920029097;N2710;7;3;6.72;
HAD_P;2014;920813623;920029097;N3120;15;3;15.41;
HAD_P;2014;920813623;920029097;N9999;750;132;789.86;
HAD_P;2014;920813623;920029097;NAUT;192;22;194.85;
HAD_P;2014;930000286;930021480;M9999;1;;0.5;
HAD_P;2014;930000286;930021480;Mcoor;1;;0.5;
HAD_P;2014;930000286;930021480;N2120;1;;0.33;
HAD_P;2014;930000286;930021480;N2210;8;;7.66;
HAD_P;2014;930000286;930021480;N2510;5;;4.73;
HAD_P;2014;930000286;930021480;N9999;16;;14.72;
HAD_P;2014;930000286;930021480;NAUT;2;;2;
HAD_P;2014;930706239;930110051;M9999;;1;0.6;
HAD_P;2014;930706239;930110051;Mcoor;;1;0.6;
HAD_P;2014;930706239;930110051;N2210;2;;2;
HAD_P;2014;930706239;930110051;N2410;3;;3;
HAD_P;2014;930706239;930110051;N2460;3;1;3.5;
HAD_P;2014;930706239;930110051;N2710;;1;0.5;
HAD_P;2014;930706239;930110051;N3120;;1;0.5;
HAD_P;2014;930706239;930110051;N9999;11;3;12.2;
HAD_P;2014;930706239;930110051;NAUT;2;;1.7;
HAD_P;2014;930706239;930110051;Ncoor;1;;1;
HAD_P;2014;950000323;950013870;M9999;;2;0.98;
HAD_P;2014;950000323;950013870;MAUT;;2;0.98;
HAD_P;2014;950000323;950013870;N2210;;1;0.91;
HAD_P;2014;950000323;950013870;N2710;1;;1;
HAD_P;2014;950000323;950013870;N9999;2;2;3.2;
HAD_P;2014;950000323;950013870;NAUT;1;1;1.29;
HAD_P;2014;950000356;950013870;N9999;;;1.62;
HAD_P;2014;950000356;950013870;NAUT;;;1.62;
HAD_P;2014;970100020;970100152;M9999;2;1;2.08;
HAD_P;2014;970100020;970100152;MAUT;1;;0.58;
HAD_P;2014;970100020;970100152;Mcoor;1;1;1.5;
HAD_P;2014;970100020;970100152;N2120;1;;1;
HAD_P;2014;970100020;970100152;N2210;15;;14.63;
HAD_P;2014;970100020;970100152;N2460;;1;0.2;
HAD_P;2014;970100020;970100152;N2510;15;1;14.23;
HAD_P;2014;970100020;970100152;N3120;;2;1.5;
HAD_P;2014;970100020;970100152;N9999;39;6;38.73;
HAD_P;2014;970100020;970100152;NAUT;8;2;7.17;
HAD_P;2014;970100418;970100194;M3050;0;1;0.2;
HAD_P;2014;970100418;970100194;M9999;1;1;1.2;
HAD_P;2014;970100418;970100194;Mcoor;1;0;1;
HAD_P;2014;970100418;970100194;N2120;1;0;0.5;
HAD_P;2014;970100418;970100194;N2210;18;0;18;
HAD_P;2014;970100418;970100194;N2510;18;0;18;
HAD_P;2014;970100418;970100194;N3120;1;0;0.5;
HAD_P;2014;970100418;970100194;N9999;39;0;38;
HAD_P;2014;970100418;970100194;Ncoor;1;0;1;
HAD_P;2014;970100442;970100228;M9999;2;0;2;
HAD_P;2014;970100442;970100228;MAUT;1;0;1;
HAD_P;2014;970100442;970100228;Mcoor;1;0;1;
HAD_P;2014;970100442;970100228;N2120;1;0;1;
HAD_P;2014;970100442;970100228;N2210;16;0;16;
HAD_P;2014;970100442;970100228;N2410;0;0;0;5
HAD_P;2014;970100442;970100228;N2510;17;0;17;
HAD_P;2014;970100442;970100228;N2710;1;0;1;
HAD_P;2014;970100442;970100228;N3120;1;0;1;
HAD_P;2014;970100442;970100228;N9999;38;0;38;5
HAD_P;2014;970100442;970100228;NAUT;1;0;1;
HAD_P;2014;970100442;970100228;Ncoor;1;0;1;
HAD_P;2014;970100459;970100244;M9999;;1;0.48;
HAD_P;2014;970100459;970100244;Mcoor;;1;0.48;
HAD_P;2014;970100459;970100244;N2120;1;;1;
HAD_P;2014;970100459;970100244;N2210;4;;2.99;0
HAD_P;2014;970100459;970100244;N2510;5;;3.92;
HAD_P;2014;970100459;970100244;N3120;1;;0.5;
HAD_P;2014;970100459;970100244;N9999;11;;8.41;0
HAD_P;2014;970102596;970100491;M3050;;1;0.2;
HAD_P;2014;970102596;970100491;M9999;1;1;1.2;
HAD_P;2014;970102596;970100491;Mcoor;1;;1;
HAD_P;2014;970102596;970100491;N2120;2;1;2.5;
HAD_P;2014;970102596;970100491;N2210;22;;22;2
HAD_P;2014;970102596;970100491;N2410;3;;3;18
HAD_P;2014;970102596;970100491;N2510;20;;20;
HAD_P;2014;970102596;970100491;N3120;;1;0.4;
HAD_P;2014;970102596;970100491;N9999;48;4;50.9;23
HAD_P;2014;970102596;970100491;NAUT;;2;2;3
HAD_P;2014;970102596;970100491;Ncoor;1;;1;
HAD_P;2014;970103099;970100525;M3050;;1;0.19;
HAD_P;2014;970103099;970100525;M9999;;1;0.19;
HAD_P;2014;970103099;970100525;N2120;1;;1;
HAD_P;2014;970103099;970100525;N2210;1;5;3.3;74
HAD_P;2014;970103099;970100525;N2410;;;;38
HAD_P;2014;970103099;970100525;N2510;12;1;11.7;
HAD_P;2014;970103099;970100525;N2710;;;;1
HAD_P;2014;970103099;970100525;N3120;1;;1;
HAD_P;2014;970103099;970100525;N9999;20;7;21.5;113
HAD_P;2014;970103099;970100525;NAUT;3;1;2.5;
HAD_P;2014;970103099;970100525;Ncoor;2;;2;
HAD_P;2014;970111217;970111209;M3050;;1;1;1
HAD_P;2014;970111217;970111209;M9999;;2;2;1
HAD_P;2014;970111217;970111209;Mcoor;;1;1;
HAD_P;2014;970111217;970111209;N2120;1;;1;
HAD_P;2014;970111217;970111209;N2210;3;1;2.6;1
HAD_P;2014;970111217;970111209;N2410;;;;3
HAD_P;2014;970111217;970111209;N2470;;;;1
HAD_P;2014;970111217;970111209;N2510;4;1;3.6;
HAD_P;2014;970111217;970111209;N2710;;;;1
HAD_P;2014;970111217;970111209;N3120;;1;0.5;
HAD_P;2014;970111217;970111209;N9999;8;3;7.7;6
HAD_P;2014;970111365;970111969;M3050;;;;1
HAD_P;2014;970111365;970111969;M9999;;3;1.1;1
HAD_P;2014;970111365;970111969;Mcoor;;3;1.1;
HAD_P;2014;970111365;970111969;N2120;2;;1.5;
HAD_P;2014;970111365;970111969;N2210;29;;11.45;
HAD_P;2014;970111365;970111969;N2460;;1;0.37;
HAD_P;2014;970111365;970111969;N2470;;1;0.13;
HAD_P;2014;970111365;970111969;N2510;15;;11.75;
HAD_P;2014;970111365;970111969;N2710;1;1;1.8;
HAD_P;2014;970111365;970111969;N3120;1;;1;
HAD_P;2014;970111365;970111969;N9999;50;3;28.75;
HAD_P;2014;970111365;970111969;Ncoor;2;;0.75;
HAD_P;2014;970111563;970100491;M3050;;;;14
HAD_P;2014;970111563;970100491;M9999;;1;0.5;14
HAD_P;2014;970111563;970100491;Mcoor;;1;0.5;
HAD_P;2014;970111563;970100491;N2120;1;1;1.1;
HAD_P;2014;970111563;970100491;N2210;10;;10;
HAD_P;2014;970111563;970100491;N2410;;;;11
HAD_P;2014;970111563;970100491;N2510;8;;8;
HAD_P;2014;970111563;970100491;N3120;;1;0.25;
HAD_P;2014;970111563;970100491;N9999;19;5;21.39;14
HAD_P;2014;970111563;970100491;NAUT;;3;2.04;3
HAD_P;2014;970112033;970100210;M3050;1;;0.2;
HAD_P;2014;970112033;970100210;M9999;2;;1.2;
HAD_P;2014;970112033;970100210;Mcoor;1;;1;
HAD_P;2014;970112033;970100210;N2120;1;;1;
HAD_P;2014;970112033;970100210;N2210;6;;6;
HAD_P;2014;970112033;970100210;N2510;8;;8;
HAD_P;2014;970112033;970100210;N2710;1;;0.5;
HAD_P;2014;970112033;970100210;N3120;1;;1;
HAD_P;2014;970112033;970100210;N9999;21;;20;
HAD_P;2014;970112033;970100210;NAUT;3;;3;
HAD_P;2014;970112033;970100210;Ncoor;1;;0.5;
HAD_P;2014;970209441;970209433;M3050;2;;1.64;
HAD_P;2014;970209441;970209433;M9999;5;1;3.36;
HAD_P;2014;970209441;970209433;MAUT;1;;0.38;
HAD_P;2014;970209441;970209433;Mcoor;2;1;1.34;
HAD_P;2014;970209441;970209433;N2120;2;;0.35;
HAD_P;2014;970209441;970209433;N2210;19;;9.51;88
HAD_P;2014;970209441;970209433;N2410;;;;64
HAD_P;2014;970209441;970209433;N2510;20;5;18.37;
HAD_P;2014;970209441;970209433;N2710;2;;1.16;1
HAD_P;2014;970209441;970209433;N3120;1;;1;
HAD_P;2014;970209441;970209433;N9999;65;16;52.53;190
HAD_P;2014;970209441;970209433;NAUT;20;4;17.91;37
HAD_P;2014;970209441;970209433;Ncoor;1;7;4.23;
HAD_P;2014;970303608;970303590;M3050;;;;1
HAD_P;2014;970303608;970303590;M9999;2;2;2.25;1
HAD_P;2014;970303608;970303590;MAUT;2;;1.8;
HAD_P;2014;970303608;970303590;Mcoor;;2;0.45;
HAD_P;2014;970303608;970303590;N2120;1;;1;
HAD_P;2014;970303608;970303590;N2210;4;;3.2;9
HAD_P;2014;970303608;970303590;N2410;;;;3
HAD_P;2014;970303608;970303590;N2510;8;;5.8;
HAD_P;2014;970303608;970303590;N2710;1;;0.4;
HAD_P;2014;970303608;970303590;N3120;1;;1.2;
HAD_P;2014;970303608;970303590;N9999;15;;11.6;16
HAD_P;2014;970303608;970303590;NAUT;;;;4
HAD_P;2014;970303640;970303590;M3050;1;;1.3;2
HAD_P;2014;970303640;970303590;M9999;3;;3.3;2
HAD_P;2014;970303640;970303590;Mcoor;2;;2;
HAD_P;2014;970303640;970303590;N2120;6;;6;
HAD_P;2014;970303640;970303590;N2210;51;1;17.63;32
HAD_P;2014;970303640;970303590;N2410;5;;2.04;10
HAD_P;2014;970303640;970303590;N2460;1;;1;
HAD_P;2014;970303640;970303590;N2510;37;2;12.3;
HAD_P;2014;970303640;970303590;N2710;2;;1.5;
HAD_P;2014;970303640;970303590;N3120;1;;1;
HAD_P;2014;970303640;970303590;N9999;115;3;53.34;48
HAD_P;2014;970303640;970303590;NAUT;11;;10.57;6
HAD_P;2014;970303640;970303590;Ncoor;1;;1.3;
HAD_P;2014;970303657;970303590;M3050;;;;2
HAD_P;2014;970303657;970303590;M9999;2;1;2.8;2
HAD_P;2014;970303657;970303590;MAUT;1;1;1.8;
HAD_P;2014;970303657;970303590;Mcoor;1;;1;
HAD_P;2014;970303657;970303590;N2120;2;;1.1;
HAD_P;2014;970303657;970303590;N2210;19;1;7.3;10
HAD_P;2014;970303657;970303590;N2410;;;;3
HAD_P;2014;970303657;970303590;N2460;2;;1;
HAD_P;2014;970303657;970303590;N2510;13;;5.5;
HAD_P;2014;970303657;970303590;N2710;2;;1;
HAD_P;2014;970303657;970303590;N3120;1;;1;
HAD_P;2014;970303657;970303590;N9999;41;1;17.7;13
HAD_P;2014;970303657;970303590;NAUT;1;;0.3;
HAD_P;2014;970303657;970303590;Ncoor;1;;0.5;
HAD_P;2014;970304614;970304739;M3050;1;;1;
HAD_P;2014;970304614;970304739;M9999;2;;1.5;
HAD_P;2014;970304614;970304739;Mcoor;1;;0.5;
HAD_P;2014;970304614;970304739;N2120;1;;0.5;
HAD_P;2014;970304614;970304739;N2210;3;;3;
HAD_P;2014;970304614;970304739;N2410;1;;1;
HAD_P;2014;970304614;970304739;N2510;2;1;3;
HAD_P;2014;970304614;970304739;N2710;1;;0.5;
HAD_P;2014;970304614;970304739;N3120;1;;0.5;
HAD_P;2014;970304614;970304739;N9999;9;2;9;
HAD_P;2014;970304614;970304739;Ncoor;;1;0.5;
HAD_P;2014;970403119;970463600;M3050;;2;1.2;
HAD_P;2014;970403119;970463600;M9999;1;4;3.4;
HAD_P;2014;970403119;970463600;Mcoor;1;2;2.2;
HAD_P;2014;970403119;970463600;N2120;1;;0.8;
HAD_P;2014;970403119;970463600;N2210;;;;223
HAD_P;2014;970403119;970463600;N2410;;1;0.6;197
HAD_P;2014;970403119;970463600;N2710;;1;0.5;
HAD_P;2014;970403119;970463600;N3120;1;;1;
HAD_P;2014;970403119;970463600;N9999;9;2;9.9;420
HAD_P;2014;970403119;970463600;NAUT;2;;2;
HAD_P;2014;970403119;970463600;Ncoor;5;;5;
HAD_P;2014;970404711;970400396;M3050;;;0.56;
HAD_P;2014;970404711;970400396;M9999;;1;1.3;
HAD_P;2014;970404711;970400396;Mcoor;;1;0.74;
HAD_P;2014;970404711;970400396;N2120;1;;0.7;
HAD_P;2014;970404711;970400396;N2210;1;8;7.46;
HAD_P;2014;970404711;970400396;N2510;;6;4.78;
HAD_P;2014;970404711;970400396;N2710;1;;0.5;
HAD_P;2014;970404711;970400396;N3120;1;;0.5;
HAD_P;2014;970404711;970400396;N9999;7;14;18.69;
HAD_P;2014;970404711;970400396;NAUT;1;;3.17;
HAD_P;2014;970404711;970400396;Ncoor;2;;1.58;
HAD_P;2014;970404851;970463600;M3050;;2;1.2;
HAD_P;2014;970404851;970463600;M9999;1;2;2.2;
HAD_P;2014;970404851;970463600;Mcoor;1;;1;
HAD_P;2014;970404851;970463600;N2120;1;;1;
HAD_P;2014;970404851;970463600;N2210;;;;117
HAD_P;2014;970404851;970463600;N2410;;1;0.5;100
HAD_P;2014;970404851;970463600;N2710;;1;0.8;
HAD_P;2014;970404851;970463600;N3120;;2;2;
HAD_P;2014;970404851;970463600;N9999;5;6;10.3;217
HAD_P;2014;970404851;970463600;NAUT;;2;2;
HAD_P;2014;970404851;970463600;Ncoor;4;;4;
HAD_P;2014;970405395;970400396;M3050;;;0.56;
HAD_P;2014;970405395;970400396;M9999;;1;1.47;
HAD_P;2014;970405395;970400396;Mcoor;;1;0.91;
HAD_P;2014;970405395;970400396;N2120;1;;1.23;
HAD_P;2014;970405395;970400396;N2210;1;8;7.97;
HAD_P;2014;970405395;970400396;N2510;;6;4.84;
HAD_P;2014;970405395;970400396;N2710;1;;0.5;
HAD_P;2014;970405395;970400396;N3120;;1;0.88;
HAD_P;2014;970405395;970400396;N9999;6;16;21.28;
HAD_P;2014;970405395;970400396;NAUT;1;;3.25;
HAD_P;2014;970405395;970400396;Ncoor;2;1;2.61;
HAD_P;2014;970406625;970463600;M3050;;2;1.2;
HAD_P;2014;970406625;970463600;M9999;1;2;2.2;
HAD_P;2014;970406625;970463600;Mcoor;1;;1;
HAD_P;2014;970406625;970463600;N2120;1;;1;
HAD_P;2014;970406625;970463600;N2210;;;;152
HAD_P;2014;970406625;970463600;N2410;1;;0.5;127
HAD_P;2014;970406625;970463600;N2710;;1;0.5;
HAD_P;2014;970406625;970463600;N3120;1;;1;
HAD_P;2014;970406625;970463600;N9999;7;2;7.5;279
HAD_P;2014;970406625;970463600;NAUT;1;1;1.5;
HAD_P;2014;970406625;970463600;Ncoor;3;;3;
HAD_P;2014;970407318;970400396;M3050;;3;0.56;
HAD_P;2014;970407318;970400396;M9999;1;4;1.52;
HAD_P;2014;970407318;970400396;Mcoor;1;1;0.96;
HAD_P;2014;970407318;970400396;N2120;1;1;1.23;
HAD_P;2014;970407318;970400396;N2210;3;7;7.76;
HAD_P;2014;970407318;970400396;N2510;;5;4.97;
HAD_P;2014;970407318;970400396;N2710;;;0.5;
HAD_P;2014;970407318;970400396;N3120;1;;0.75;
HAD_P;2014;970407318;970400396;N9999;17;13;20.34;
HAD_P;2014;970407318;970400396;NAUT;10;;3.17;
HAD_P;2014;970407318;970400396;Ncoor;2;;1.96;
HAD_P;2014;970407656;970400396;M3050;;;0.56;
HAD_P;2014;970407656;970400396;M9999;;;1.3;
HAD_P;2014;970407656;970400396;Mcoor;;;0.74;
HAD_P;2014;970407656;970400396;N2120;1;;1.23;
HAD_P;2014;970407656;970400396;N2210;1;6;6.96;
HAD_P;2014;970407656;970400396;N2510;;5;4.82;
HAD_P;2014;970407656;970400396;N2710;;;0.5;
HAD_P;2014;970407656;970400396;N3120;;;0.5;
HAD_P;2014;970407656;970400396;N9999;4;12;19.03;
HAD_P;2014;970407656;970400396;NAUT;1;;3.14;
HAD_P;2014;970407656;970400396;Ncoor;1;1;1.88;
